     0     0   1.2999E+13   1.4245E-01   3.5454E-03   1.4225E-01   0.0000E+00   0.0000E+00
     0     0   2.0855E+13   1.1431E-01   4.9131E-03   1.2315E-01   0.0000E+00   0.0000E+00
     0     0   2.3147E+13   1.3016E-01   5.2941E-03   1.2848E-01   0.0000E+00   0.0000E+00
     0     0   1.7452E+13   2.7946E-01   4.0587E-03   2.2235E-01   0.0000E+00   0.0000E+00
     0     0   1.9095E+13   2.9470E-01   7.0914E-03   5.1164E-01   0.0000E+00   0.0000E+00
     0     0   1.7548E+13   1.5918E-01   3.6902E-03   1.5169E-01   0.0000E+00   0.0000E+00
     0     0   1.3675E+13   1.3903E-01   3.5662E-03   1.6670E-01   0.0000E+00   0.0000E+00
     0     0   2.0400E+13   1.0794E-01   5.4137E-03   1.2768E-01   0.0000E+00   0.0000E+00
     0     0   2.3776E+13   9.9465E-02   5.4981E-03   1.1284E-01   0.0000E+00   0.0000E+00
     0     0   2.0444E+13   1.2017E-01   4.7397E-03   1.3566E-01   0.0000E+00   0.0000E+00
     0     0   1.5310E+13   2.3193E-01   3.4403E-03   2.7167E-01   0.0000E+00   0.0000E+00
     0     0   1.6379E+13   1.6132E-01   3.8633E-03   1.7094E-01   0.0000E+00   0.0000E+00
     0     0   2.2853E+13   1.7041E-01   5.1917E-03   1.8224E-01   0.0000E+00   0.0000E+00
     0     0   2.0806E+13   1.6892E-01   4.9735E-03   1.7259E-01   0.0000E+00   0.0000E+00
     0     0   2.0587E+13   1.2689E-01   4.7834E-03   1.1442E-01   0.0000E+00   0.0000E+00
     0     0   2.0818E+13   1.9032E-01   5.1567E-03   1.8786E-01   0.0000E+00   0.0000E+00
     0     0   2.7412E+13   2.9356E-01   6.3146E-03   2.6669E-01   0.0000E+00   0.0000E+00
     0     0   1.7987E+13   1.5174E-01   3.7284E-03   1.2318E-01   0.0000E+00   0.0000E+00
     0     0   1.8658E+13   1.4090E-01   3.9196E-03   1.3814E-01   0.0000E+00   0.0000E+00
     0     0   1.4252E+13   1.3790E-01   3.8982E-03   1.4306E-01   0.0000E+00   0.0000E+00
     0     0   1.9535E+13   1.2099E-01   5.4700E-03   1.5008E-01   0.0000E+00   0.0000E+00
     0     0   1.6569E+13   1.9067E-01   4.6256E-03   2.0504E-01   0.0000E+00   0.0000E+00
     0     0   1.9740E+13   1.6919E-01   3.9122E-03   1.4925E-01   0.0000E+00   0.0000E+00
     0     0   2.2598E+13   1.5563E-01   4.4832E-03   1.3193E-01   0.0000E+00   0.0000E+00
     0     0   2.2910E+13   1.2054E-01   5.0915E-03   1.2318E-01   0.0000E+00   0.0000E+00
     0     0   1.9738E+13   1.3372E-01   5.0823E-03   1.3464E-01   0.0000E+00   0.0000E+00
     0     0   2.3693E+13   1.1607E-01   5.9682E-03   1.3705E-01   0.0000E+00   0.0000E+00
     0     0   2.0732E+13   1.2066E-01   5.5507E-03   1.4934E-01   0.0000E+00   0.0000E+00
     0     0   1.9413E+13   1.8165E-01   4.4617E-03   1.6303E-01   0.0000E+00   0.0000E+00
     0     0   1.3821E+13   1.4190E-01   3.6549E-03   1.5887E-01   0.0000E+00   0.0000E+00
     0     0   1.2088E+13   1.7568E-01   3.3878E-03   2.1896E-01   0.0000E+00   0.0000E+00
     0     0   1.1560E+13   1.4107E-01   2.8567E-03   1.4789E-01   0.0000E+00   0.0000E+00
     0     0   1.3488E+13   1.8484E-01   3.3874E-03   1.7345E-01   0.0000E+00   0.0000E+00
     0     0   1.5141E+13   1.4810E-01   4.4918E-03   2.0188E-01   0.0000E+00   0.0000E+00
     0     0   1.4132E+13   1.6776E-01   3.4380E-03   1.8875E-01   0.0000E+00   0.0000E+00
     0     0   1.3643E+13   1.3479E-01   3.4389E-03   1.4433E-01   0.0000E+00   0.0000E+00
     0     0   1.0791E+13   1.7530E-01   2.4873E-03   1.9277E-01   0.0000E+00   0.0000E+00
     0     0   1.2046E+13   2.8964E-01   2.5999E-03   1.8644E-01   0.0000E+00   0.0000E+00
     0     0   1.0838E+13   1.4595E-01   3.1958E-03   1.8752E-01   0.0000E+00   0.0000E+00
     0     0   1.3488E+13   1.5995E-01   3.6022E-03   1.8449E-01   0.0000E+00   0.0000E+00
     0     0   1.4287E+13   2.6418E-01   2.9778E-03   2.2701E-01   0.0000E+00   0.0000E+00
     0     0   1.6551E+13   2.1294E-01   3.3044E-03   1.8164E-01   0.0000E+00   0.0000E+00
     0     0   1.3867E+13   1.8190E-01   3.6801E-03   2.0459E-01   0.0000E+00   0.0000E+00
     0     0   1.4966E+13   2.2832E-01   3.3446E-03   2.1311E-01   0.0000E+00   0.0000E+00
     0     0   3.6564E+13   1.2890E-01   8.6750E-03   1.5369E-01   0.0000E+00   0.0000E+00
     0     0   2.5519E+13   1.5423E-01   5.0959E-03   1.4111E-01   0.0000E+00   0.0000E+00
     0     0   3.3693E+13   1.3913E-01   7.3552E-03   1.4836E-01   0.0000E+00   0.0000E+00
     0     0   2.8218E+13   1.1340E-01   6.1315E-03   1.5161E-01   0.0000E+00   0.0000E+00
     0     0   3.8099E+13   1.1361E-01   8.1711E-03   1.2071E-01   0.0000E+00   0.0000E+00
     0     0   2.5285E+13   1.2720E-01   5.9483E-03   1.3977E-01   0.0000E+00   0.0000E+00
     0     0   3.1446E+13   1.2884E-01   6.1568E-03   1.5237E-01   0.0000E+00   0.0000E+00
     0     0   1.4342E+13   2.1004E-01   3.6027E-03   2.8581E-01   0.0000E+00   0.0000E+00
     0     0   1.4312E+13   1.8523E-01   3.4084E-03   1.8825E-01   0.0000E+00   0.0000E+00
     0     0   1.1361E+13   1.7357E-01   2.6565E-03   2.0500E-01   0.0000E+00   0.0000E+00
     0     0   1.0715E+13   2.2804E-01   2.2742E-03   2.7571E-01   0.0000E+00   0.0000E+00
     0     0   2.1571E+13   1.5076E-01   5.3449E-03   1.7267E-01   0.0000E+00   0.0000E+00
     0     0   2.3734E+13   1.4503E-01   6.8035E-03   2.0237E-01   0.0000E+00   0.0000E+00
     0     0   1.6965E+13   1.9173E-01   2.9749E-03   1.5822E-01   0.0000E+00   0.0000E+00
     0     0   1.4424E+13   1.7332E-01   3.2265E-03   1.9514E-01   0.0000E+00   0.0000E+00
     0     0   1.4423E+13   1.7069E-01   3.7153E-03   1.9300E-01   0.0000E+00   0.0000E+00
     0     0   1.3270E+13   1.8561E-01   2.9305E-03   1.6269E-01   0.0000E+00   0.0000E+00
     0     0   8.5187E+12   1.8040E-01   2.3063E-03   1.8767E-01   0.0000E+00   0.0000E+00
     0     0   6.6383E+12   1.4727E-01   1.9290E-03   1.7148E-01   0.0000E+00   0.0000E+00
     0     0   1.2487E+13   1.5513E-01   2.9841E-03   1.4354E-01   0.0000E+00   0.0000E+00
     0     0   1.2194E+13   1.9501E-01   3.4320E-03   1.9576E-01   0.0000E+00   0.0000E+00
     0     0   1.1015E+13   2.0714E-01   2.7517E-03   1.9817E-01   0.0000E+00   0.0000E+00
     0     0   9.9102E+12   2.4486E-01   2.3929E-03   2.3736E-01   0.0000E+00   0.0000E+00
     0     0   1.2150E+13   1.6785E-01   3.2013E-03   1.7485E-01   0.0000E+00   0.0000E+00
     0     0   1.0359E+13   1.3679E-01   2.4448E-03   1.4582E-01   0.0000E+00   0.0000E+00
     0     0   1.5584E+13   2.0646E-01   2.9026E-03   1.7620E-01   0.0000E+00   0.0000E+00
     0     0   1.3693E+13   1.5670E-01   4.0726E-03   2.0994E-01   0.0000E+00   0.0000E+00
     0     0   1.1004E+13   1.7914E-01   2.0559E-03   1.5517E-01   0.0000E+00   0.0000E+00
     0     0   9.3151E+12   1.4550E-01   3.0821E-03   1.8792E-01   0.0000E+00   0.0000E+00
     0     0   1.7987E+13   1.6683E-01   5.0397E-03   1.8577E-01   0.0000E+00   0.0000E+00
     0     0   1.2758E+13   1.7154E-01   3.0378E-03   1.6770E-01   0.0000E+00   0.0000E+00
     0     0   1.9637E+13   1.7472E-01   4.6029E-03   1.8054E-01   0.0000E+00   0.0000E+00
     0     0   1.6891E+13   2.3858E-01   4.0725E-03   2.4347E-01   0.0000E+00   0.0000E+00
     0     0   8.2747E+12   1.7771E-01   2.2330E-03   1.7117E-01   0.0000E+00   0.0000E+00
     0     0   2.2482E+13   1.5153E-01   5.1885E-03   1.5137E-01   0.0000E+00   0.0000E+00
     0     0   3.1471E+13   1.6150E-01   6.3380E-03   1.7125E-01   0.0000E+00   0.0000E+00
     0     0   2.5996E+13   1.4330E-01   5.3032E-03   1.4522E-01   0.0000E+00   0.0000E+00
     0     0   1.8988E+13   3.0429E-01   3.6332E-03   2.0002E-01   0.0000E+00   0.0000E+00
     0     0   2.8913E+13   1.4765E-01   6.2231E-03   1.5281E-01   0.0000E+00   0.0000E+00
     0     0   3.1494E+13   1.3793E-01   6.8551E-03   1.6376E-01   0.0000E+00   0.0000E+00
     0     0   4.0434E+13   2.2235E-01   7.3435E-03   1.6084E-01   0.0000E+00   0.0000E+00
     0     0   3.0940E+13   1.1615E-01   6.1453E-03   1.2489E-01   0.0000E+00   0.0000E+00
     0     0   2.2645E+13   1.5241E-01   5.6087E-03   1.7754E-01   0.0000E+00   0.0000E+00
     0     0   3.3223E+13   1.0879E-01   7.4451E-03   1.3632E-01   0.0000E+00   0.0000E+00
     0     0   2.6633E+13   1.2832E-01   5.4120E-03   1.3238E-01   0.0000E+00   0.0000E+00
     0     0   1.0973E+13   1.9691E-01   2.8372E-03   1.8226E-01   0.0000E+00   0.0000E+00
     0     0   7.7204E+12   1.4934E-01   2.1795E-03   1.5348E-01   0.0000E+00   0.0000E+00
     0     0   1.2789E+13   1.2676E-01   3.3923E-03   1.3245E-01   0.0000E+00   0.0000E+00
     0     0   1.0936E+13   1.5490E-01   2.4590E-03   1.3318E-01   0.0000E+00   0.0000E+00
     0     0   1.1194E+13   1.1802E-01   3.0677E-03   1.2719E-01   0.0000E+00   0.0000E+00
     0     0   1.1439E+13   1.4787E-01   2.8789E-03   1.5945E-01   0.0000E+00   0.0000E+00
     0     0   9.9079E+12   1.8353E-01   2.4614E-03   1.8710E-01   0.0000E+00   0.0000E+00
     0     0   1.1702E+13   1.6791E-01   2.9504E-03   1.8547E-01   0.0000E+00   0.0000E+00
     0     0   1.0568E+13   1.3180E-01   2.9237E-03   1.3396E-01   0.0000E+00   0.0000E+00
     0     0   8.4746E+12   1.5146E-01   1.9058E-03   1.5067E-01   0.0000E+00   0.0000E+00
     0     0   4.2673E+12   1.7094E-01   1.0819E-03   1.7900E-01   0.0000E+00   0.0000E+00
     0     0   4.1512E+12   2.3254E-01   1.1456E-03   2.2548E-01   0.0000E+00   0.0000E+00
     0     0   7.7615E+12   1.8581E-01   1.9137E-03   1.9899E-01   0.0000E+00   0.0000E+00
     0     0   4.5090E+12   1.5282E-01   1.1330E-03   1.5487E-01   0.0000E+00   0.0000E+00
     0     0   4.6567E+12   2.0243E-01   1.3789E-03   2.2615E-01   0.0000E+00   0.0000E+00
     0     0   7.7026E+12   2.3775E-01   1.8959E-03   2.5809E-01   0.0000E+00   0.0000E+00
     0     0   1.4039E+13   2.6405E-01   3.0488E-03   2.9943E-01   0.0000E+00   0.0000E+00
     0     0   1.1808E+13   1.8853E-01   2.5922E-03   1.7795E-01   0.0000E+00   0.0000E+00
     0     0   1.1346E+13   1.1412E-01   2.8667E-03   1.2412E-01   0.0000E+00   0.0000E+00
     0     0   4.1886E+13   1.1344E-01   8.1856E-03   1.0806E-01   0.0000E+00   0.0000E+00
     0     0   4.4182E+13   9.0541E-02   9.2447E-03   1.0246E-01   0.0000E+00   0.0000E+00
     0     0   3.8830E+13   8.8424E-02   8.2463E-03   1.0495E-01   0.0000E+00   0.0000E+00
     0     0   3.1340E+13   1.0382E-01   7.0046E-03   1.1600E-01   0.0000E+00   0.0000E+00
     0     0   2.9820E+13   1.1527E-01   5.5450E-03   1.2004E-01   0.0000E+00   0.0000E+00
     0     0   9.9039E+12   1.7489E-01   2.1638E-03   1.7088E-01   0.0000E+00   0.0000E+00
     0     0   9.5256E+12   1.6741E-01   2.1921E-03   1.6226E-01   0.0000E+00   0.0000E+00
     0     0   8.9020E+12   1.7081E-01   2.0850E-03   1.6056E-01   0.0000E+00   0.0000E+00
     0     0   1.2202E+13   1.5953E-01   2.5769E-03   1.5668E-01   0.0000E+00   0.0000E+00
     0     0   2.4038E+13   1.3717E-01   4.9129E-03   1.3544E-01   0.0000E+00   0.0000E+00
     0     0   1.7249E+13   1.4782E-01   3.7938E-03   1.5064E-01   0.0000E+00   0.0000E+00
     0     0   2.2861E+13   1.1992E-01   4.5446E-03   1.3799E-01   0.0000E+00   0.0000E+00
     0     0   2.1023E+13   1.5628E-01   4.5420E-03   1.6450E-01   0.0000E+00   0.0000E+00
     0     0   7.1340E+12   1.8172E-01   1.8732E-03   2.1771E-01   0.0000E+00   0.0000E+00
     0     0   4.8293E+12   1.6914E-01   1.3888E-03   2.0740E-01   0.0000E+00   0.0000E+00
     0     0   5.9345E+12   1.7583E-01   1.3654E-03   1.9676E-01   0.0000E+00   0.0000E+00
     0     0   9.4253E+12   1.9982E-01   2.2402E-03   2.2499E-01   0.0000E+00   0.0000E+00
     0     0   6.3304E+12   1.9267E-01   2.0257E-03   2.1370E-01   0.0000E+00   0.0000E+00
     0     0   5.4031E+12   2.3518E-01   1.4586E-03   2.1864E-01   0.0000E+00   0.0000E+00
     0     0   2.7788E+12   1.8149E-01   9.0316E-04   2.1475E-01   0.0000E+00   0.0000E+00
     0     0   5.8085E+12   1.6400E-01   1.6749E-03   2.0124E-01   0.0000E+00   0.0000E+00
     0     0   3.9483E+12   1.6879E-01   1.2955E-03   2.2738E-01   0.0000E+00   0.0000E+00
     0     0   3.3106E+12   2.4170E-01   1.2236E-03   2.9306E-01   0.0000E+00   0.0000E+00
     0     0   4.0803E+12   1.9997E-01   1.0234E-03   1.7607E-01   0.0000E+00   0.0000E+00
     0     0   9.0051E+12   1.4162E-01   2.0502E-03   1.3797E-01   0.0000E+00   0.0000E+00
     0     0   8.1349E+12   1.5206E-01   2.1264E-03   1.4870E-01   0.0000E+00   0.0000E+00
     0     0   1.3767E+13   1.5799E-01   4.6356E-03   2.3018E-01   0.0000E+00   0.0000E+00
     0     0   9.7675E+12   1.6406E-01   2.5463E-03   1.6250E-01   0.0000E+00   0.0000E+00
     0     0   1.0324E+13   2.1137E-01   2.3656E-03   1.8233E-01   0.0000E+00   0.0000E+00
     0     0   9.4407E+12   1.5230E-01   2.4639E-03   1.6842E-01   0.0000E+00   0.0000E+00
     0     0   5.6153E+12   1.7985E-01   1.4868E-03   1.7381E-01   0.0000E+00   0.0000E+00
     0     0   1.2334E+13   1.5250E-01   3.8055E-03   1.7781E-01   0.0000E+00   0.0000E+00
     0     0   1.1146E+13   1.6970E-01   2.8148E-03   2.0327E-01   0.0000E+00   0.0000E+00
     0     0   1.0725E+13   2.1758E-01   3.1620E-03   2.4575E-01   0.0000E+00   0.0000E+00
     0     0   8.8655E+12   1.7532E-01   2.5119E-03   2.1476E-01   0.0000E+00   0.0000E+00
     0     0   1.6856E+13   1.3252E-01   3.7579E-03   1.5427E-01   0.0000E+00   0.0000E+00
     0     0   1.3001E+13   1.5305E-01   3.1578E-03   1.6513E-01   0.0000E+00   0.0000E+00
     0     0   2.8079E+13   1.0709E-01   5.8892E-03   1.0760E-01   0.0000E+00   0.0000E+00
     0     0   1.5202E+13   1.4958E-01   3.5573E-03   1.5436E-01   0.0000E+00   0.0000E+00
     0     0   3.9608E+13   1.2724E-01   7.6056E-03   1.3216E-01   0.0000E+00   0.0000E+00
     0     0   3.9375E+13   9.9647E-02   8.2402E-03   1.2321E-01   0.0000E+00   0.0000E+00
     0     0   4.5142E+13   9.6377E-02   8.1355E-03   1.0433E-01   0.0000E+00   0.0000E+00
     0     0   3.8604E+13   1.0202E-01   8.1490E-03   1.1201E-01   0.0000E+00   0.0000E+00
     0     0   4.1147E+13   9.1593E-02   8.1422E-03   1.3816E-01   0.0000E+00   0.0000E+00
     0     0   3.5246E+13   1.3737E-01   5.8569E-03   1.2877E-01   0.0000E+00   0.0000E+00
     0     0   1.0273E+13   1.9190E-01   2.8493E-03   2.1057E-01   0.0000E+00   0.0000E+00
     0     0   5.4165E+12   1.7127E-01   1.8007E-03   1.9089E-01   0.0000E+00   0.0000E+00
     0     0   8.1728E+12   2.0842E-01   2.4381E-03   2.2743E-01   0.0000E+00   0.0000E+00
     0     0   7.2148E+12   2.8610E-01   1.6573E-03   2.4308E-01   0.0000E+00   0.0000E+00
     0     0   5.5693E+12   1.9525E-01   1.3692E-03   1.9599E-01   0.0000E+00   0.0000E+00
     0     0   6.4128E+12   1.6027E-01   1.6104E-03   1.7384E-01   0.0000E+00   0.0000E+00
     0     0   4.1354E+12   2.3490E-01   1.1593E-03   2.9272E-01   0.0000E+00   0.0000E+00
     0     0   5.7968E+12   1.8920E-01   1.6833E-03   2.2234E-01   0.0000E+00   0.0000E+00
     0     0   1.0040E+13   1.2062E-01   2.6362E-03   1.2617E-01   0.0000E+00   0.0000E+00
     0     0   8.0045E+12   1.4634E-01   2.0263E-03   1.2925E-01   0.0000E+00   0.0000E+00
     0     0   7.9663E+12   1.3966E-01   1.9997E-03   1.3979E-01   0.0000E+00   0.0000E+00
     0     0   2.9983E+12   2.5706E-01   9.6308E-04   3.0321E-01   0.0000E+00   0.0000E+00
     0     0   4.5337E+12   3.5845E-01   9.6555E-04   2.9146E-01   0.0000E+00   0.0000E+00
     0     0   3.2717E+12   2.2256E-01   1.0927E-03   2.1720E-01   0.0000E+00   0.0000E+00
     0     0   3.2623E+12   2.0624E-01   8.8519E-04   2.1172E-01   0.0000E+00   0.0000E+00
     0     0   5.6360E+12   2.1495E-01   1.7852E-03   2.3322E-01   0.0000E+00   0.0000E+00
     0     0   5.0178E+12   2.4327E-01   1.3806E-03   2.7848E-01   0.0000E+00   0.0000E+00
     0     0   3.5541E+12   2.0247E-01   9.0408E-04   2.3213E-01   0.0000E+00   0.0000E+00
     0     0   4.5128E+12   2.0095E-01   1.2690E-03   2.1414E-01   0.0000E+00   0.0000E+00
     0     0   9.5262E+12   1.3518E-01   2.7296E-03   1.3918E-01   0.0000E+00   0.0000E+00
     0     0   1.1051E+13   1.2775E-01   3.0499E-03   1.3409E-01   0.0000E+00   0.0000E+00
     0     0   8.3899E+12   1.1012E-01   2.4604E-03   1.2838E-01   0.0000E+00   0.0000E+00
     0     0   5.0099E+13   8.2600E-02   1.0012E-02   9.2968E-02   0.0000E+00   0.0000E+00
     0     0   4.4407E+13   8.5538E-02   8.1155E-03   9.7520E-02   0.0000E+00   0.0000E+00
     0     0   6.3803E+13   8.3105E-02   1.0630E-02   8.9920E-02   0.0000E+00   0.0000E+00
     0     0   4.6974E+13   8.9243E-02   8.1849E-03   1.1423E-01   0.0000E+00   0.0000E+00
     0     0   8.1177E+12   1.8173E-01   2.2870E-03   2.1024E-01   0.0000E+00   0.0000E+00
     0     0   1.1235E+13   1.5529E-01   2.7147E-03   1.8561E-01   0.0000E+00   0.0000E+00
     0     0   6.2325E+12   1.9661E-01   1.8505E-03   2.1266E-01   0.0000E+00   0.0000E+00
     0     0   6.7188E+12   1.7099E-01   1.8889E-03   1.9369E-01   0.0000E+00   0.0000E+00
     0     0   3.0346E+13   1.2699E-01   5.6887E-03   1.3235E-01   0.0000E+00   0.0000E+00
     0     0   3.8481E+13   1.2297E-01   7.8882E-03   1.9214E-01   0.0000E+00   0.0000E+00
     0     0   1.5504E+13   1.5667E-01   3.3808E-03   1.7756E-01   0.0000E+00   0.0000E+00
     0     0   1.9062E+13   1.4537E-01   3.9550E-03   1.6776E-01   0.0000E+00   0.0000E+00
     0     0   5.0768E+12   2.0887E-01   1.5257E-03   2.1954E-01   0.0000E+00   0.0000E+00
     0     0   3.4480E+12   2.8400E-01   9.8095E-04   2.8560E-01   0.0000E+00   0.0000E+00
     0     0   2.1300E+12   2.6931E-01   7.3007E-04   3.9381E-01   0.0000E+00   0.0000E+00
     0     0   1.7462E+12   3.0674E-01   6.0009E-04   3.3499E-01   0.0000E+00   0.0000E+00
     0     0   1.7197E+12   2.5678E-01   7.3038E-04   3.5247E-01   0.0000E+00   0.0000E+00
     0     0   2.8252E+12   2.4376E-01   1.1662E-03   3.2161E-01   0.0000E+00   0.0000E+00
     0     0   2.9392E+12   2.5779E-01   9.1468E-04   2.8849E-01   0.0000E+00   0.0000E+00
     0     0   2.1726E+12   2.7174E-01   5.3797E-04   3.2251E-01   0.0000E+00   0.0000E+00
     0     0   2.5016E+12   2.5573E-01   8.9553E-04   3.1919E-01   0.0000E+00   0.0000E+00
     0     0   3.7631E+12   2.2452E-01   1.1069E-03   2.3883E-01   0.0000E+00   0.0000E+00
     0     0   3.4628E+12   2.1424E-01   9.6483E-04   2.0788E-01   0.0000E+00   0.0000E+00
     0     0   3.6784E+12   2.2504E-01   1.2410E-03   2.4666E-01   0.0000E+00   0.0000E+00
     0     0   5.5641E+12   1.6821E-01   1.6353E-03   1.9955E-01   0.0000E+00   0.0000E+00
     0     0   6.1135E+12   1.4123E-01   1.6786E-03   1.4267E-01   0.0000E+00   0.0000E+00
     0     0   8.3294E+12   1.2913E-01   2.3539E-03   1.4990E-01   0.0000E+00   0.0000E+00
     0     0   7.7650E+12   1.4413E-01   1.9429E-03   1.5667E-01   0.0000E+00   0.0000E+00
     0     0   7.3169E+12   1.5577E-01   1.8620E-03   1.4923E-01   0.0000E+00   0.0000E+00
     0     0   6.0144E+12   3.5049E-01   1.0592E-03   2.6234E-01   0.0000E+00   0.0000E+00
     0     0   2.9765E+12   2.0581E-01   1.0294E-03   2.7368E-01   0.0000E+00   0.0000E+00
     0     0   3.7299E+12   2.1701E-01   8.4492E-04   1.8234E-01   0.0000E+00   0.0000E+00
     0     0   7.2102E+12   1.8984E-01   1.6592E-03   1.7834E-01   0.0000E+00   0.0000E+00
     0     0   1.0290E+13   1.7612E-01   2.4266E-03   1.8899E-01   0.0000E+00   0.0000E+00
     0     0   2.2234E+13   1.2236E-01   5.0811E-03   1.4643E-01   0.0000E+00   0.0000E+00
     0     0   1.6546E+13   1.4993E-01   3.8311E-03   1.5943E-01   0.0000E+00   0.0000E+00
     0     0   5.0382E+13   8.8949E-02   7.7825E-03   8.6163E-02   0.0000E+00   0.0000E+00
     0     0   1.1705E+13   2.1760E-01   3.2467E-03   1.5817E-01   0.0000E+00   0.0000E+00
     0     0   3.6170E+13   1.1149E-01   7.0478E-03   1.1162E-01   0.0000E+00   0.0000E+00
     0     0   5.7008E+13   8.4019E-02   1.0740E-02   1.0913E-01   0.0000E+00   0.0000E+00
     0     0   5.0461E+13   9.1493E-02   9.2983E-03   1.1639E-01   0.0000E+00   0.0000E+00
     0     0   5.2875E+13   9.3091E-02   9.2497E-03   1.0608E-01   0.0000E+00   0.0000E+00
     0     0   2.5770E+12   2.2561E-01   9.8351E-04   2.6126E-01   0.0000E+00   0.0000E+00
     0     0   3.5978E+12   3.4433E-01   1.1097E-03   3.9776E-01   0.0000E+00   0.0000E+00
     0     0   3.4744E+12   2.2396E-01   8.3370E-04   2.2207E-01   0.0000E+00   0.0000E+00
     0     0   3.8739E+12   1.6099E-01   1.0858E-03   2.2758E-01   0.0000E+00   0.0000E+00
     0     0   3.5438E+12   2.3169E-01   1.1186E-03   2.9143E-01   0.0000E+00   0.0000E+00
     0     0   3.4968E+12   2.4861E-01   1.1004E-03   3.0415E-01   0.0000E+00   0.0000E+00
     0     0   8.0189E+12   1.1911E-01   2.6517E-03   1.4875E-01   0.0000E+00   0.0000E+00
     0     0   8.4596E+12   1.5495E-01   2.2599E-03   1.5251E-01   0.0000E+00   0.0000E+00
     0     0   6.8407E+12   1.3274E-01   1.8566E-03   1.6404E-01   0.0000E+00   0.0000E+00
     0     0   1.5851E+12   2.5702E-01   4.4230E-04   3.0765E-01   0.0000E+00   0.0000E+00
     0     0   1.3639E+12   2.7814E-01   3.6489E-04   3.1863E-01   0.0000E+00   0.0000E+00
     0     0   1.1356E+12   2.0294E-01   3.3431E-04   2.6162E-01   0.0000E+00   0.0000E+00
     0     0   1.4232E+12   3.0533E-01   3.4340E-04   3.3841E-01   0.0000E+00   0.0000E+00
     0     0   2.1664E+12   2.4792E-01   5.2353E-04   2.8924E-01   0.0000E+00   0.0000E+00
     0     0   3.6952E+12   2.4916E-01   1.1063E-03   3.6230E-01   0.0000E+00   0.0000E+00
     0     0   3.2728E+12   3.5727E-01   6.3063E-04   2.5002E-01   0.0000E+00   0.0000E+00
     0     0   2.6843E+12   2.8681E-01   6.5558E-04   2.7174E-01   0.0000E+00   0.0000E+00
     0     0   9.7301E+12   1.5068E-01   2.3455E-03   1.3979E-01   0.0000E+00   0.0000E+00
     0     0   1.0043E+13   1.3865E-01   2.7427E-03   1.6229E-01   0.0000E+00   0.0000E+00
     0     0   1.0015E+13   1.5769E-01   3.1467E-03   1.6543E-01   0.0000E+00   0.0000E+00
     0     0   6.7232E+13   7.3376E-02   1.1747E-02   8.2309E-02   0.0000E+00   0.0000E+00
     0     0   5.6930E+13   8.2886E-02   9.7615E-03   1.0012E-01   0.0000E+00   0.0000E+00
     0     0   7.0284E+13   6.9900E-02   1.0514E-02   7.1182E-02   0.0000E+00   0.0000E+00
     0     0   5.3830E+13   8.4352E-02   9.3190E-03   1.1396E-01   0.0000E+00   0.0000E+00
     0     0   5.3428E+12   2.2123E-01   1.3924E-03   2.6368E-01   0.0000E+00   0.0000E+00
     0     0   6.2169E+12   2.5230E-01   1.9344E-03   2.9244E-01   0.0000E+00   0.0000E+00
     0     0   3.0043E+12   2.4228E-01   8.3403E-04   2.8013E-01   0.0000E+00   0.0000E+00
     0     0   4.7209E+12   2.4127E-01   1.3506E-03   2.8515E-01   0.0000E+00   0.0000E+00
     0     0   2.4241E+13   1.1715E-01   4.0642E-03   1.3171E-01   0.0000E+00   0.0000E+00
     0     0   1.0680E+13   2.0770E-01   2.5674E-03   2.3320E-01   0.0000E+00   0.0000E+00
     0     0   1.1625E+13   1.4433E-01   2.6028E-03   1.8082E-01   0.0000E+00   0.0000E+00
     0     0   3.3720E+13   1.2135E-01   5.7231E-03   1.2522E-01   0.0000E+00   0.0000E+00
     0     0   9.7829E+11   3.3187E-01   3.2016E-04   3.1125E-01   0.0000E+00   0.0000E+00
     0     0   1.2140E+12   5.1316E-01   3.7136E-04   6.2982E-01   0.0000E+00   0.0000E+00
     0     0   2.2462E+12   5.5725E-01   7.3592E-04   5.7343E-01   0.0000E+00   0.0000E+00
     0     0   1.1525E+12   3.5579E-01   3.4250E-04   3.1543E-01   0.0000E+00   0.0000E+00
     0     0   2.5703E+12   5.3673E-01   9.2359E-04   5.2062E-01   0.0000E+00   0.0000E+00
     0     0   1.1818E+12   3.5639E-01   3.4781E-04   4.1254E-01   0.0000E+00   0.0000E+00
     0     0   2.2782E+12   2.7908E-01   6.4812E-04   2.4384E-01   0.0000E+00   0.0000E+00
     0     0   2.3560E+12   2.1552E-01   6.4094E-04   2.2291E-01   0.0000E+00   0.0000E+00
     0     0   3.4452E+12   1.9479E-01   1.0714E-03   2.2435E-01   0.0000E+00   0.0000E+00
     0     0   1.3873E+12   2.5812E-01   4.8553E-04   2.6093E-01   0.0000E+00   0.0000E+00
     0     0   6.6751E+12   1.5640E-01   1.7520E-03   1.6719E-01   0.0000E+00   0.0000E+00
     0     0   7.7707E+12   1.2161E-01   1.9197E-03   1.2380E-01   0.0000E+00   0.0000E+00
     0     0   5.6309E+12   1.7382E-01   1.6701E-03   1.8459E-01   0.0000E+00   0.0000E+00
     0     0   2.0471E+12   4.6274E-01   4.8900E-04   4.1445E-01   0.0000E+00   0.0000E+00
     0     0   3.4605E+12   2.4417E-01   9.1310E-04   2.6190E-01   0.0000E+00   0.0000E+00
     0     0   3.2388E+12   3.0274E-01   7.4551E-04   3.6503E-01   0.0000E+00   0.0000E+00
     0     0   3.2086E+12   2.1939E-01   7.9678E-04   2.2552E-01   0.0000E+00   0.0000E+00
     0     0   6.4849E+12   2.5348E-01   1.5760E-03   2.8136E-01   0.0000E+00   0.0000E+00
     0     0   9.3751E+12   2.1787E-01   1.9330E-03   2.0473E-01   0.0000E+00   0.0000E+00
     0     0   1.9701E+13   1.4255E-01   4.2076E-03   1.5279E-01   0.0000E+00   0.0000E+00
     0     0   1.4932E+13   1.8663E-01   3.1463E-03   1.6924E-01   0.0000E+00   0.0000E+00
     0     0   4.5482E+13   8.0568E-02   7.5222E-03   9.7126E-02   0.0000E+00   0.0000E+00
     0     0   5.3961E+12   1.5834E-01   1.4001E-03   1.7735E-01   0.0000E+00   0.0000E+00
     0     0   1.1292E+13   2.2720E-01   2.7151E-03   1.4527E-01   0.0000E+00   0.0000E+00
     0     0   2.7814E+13   1.1126E-01   6.0570E-03   1.2738E-01   0.0000E+00   0.0000E+00
     0     0   6.1998E+13   7.3081E-02   1.0548E-02   8.6441E-02   0.0000E+00   0.0000E+00
     0     0   5.9496E+13   9.6498E-02   9.4612E-03   1.0237E-01   0.0000E+00   0.0000E+00
     0     0   6.1206E+13   1.0799E-01   1.0908E-02   9.2323E-02   0.0000E+00   0.0000E+00
     0     0   2.0910E+12   2.0741E-01   5.5673E-04   2.1906E-01   0.0000E+00   0.0000E+00
     0     0   2.9804E+12   1.8001E-01   6.8690E-04   1.7940E-01   0.0000E+00   0.0000E+00
     0     0   1.2762E+12   2.5607E-01   3.9302E-04   3.6442E-01   0.0000E+00   0.0000E+00
     0     0   2.6082E+12   2.6440E-01   8.4387E-04   2.9880E-01   0.0000E+00   0.0000E+00
     0     0   8.3674E+12   1.5122E-01   2.4506E-03   1.2691E-01   0.0000E+00   0.0000E+00
     0     0   7.6772E+12   1.4178E-01   2.0774E-03   1.5054E-01   0.0000E+00   0.0000E+00
     0     0   4.9643E+12   1.5582E-01   1.3412E-03   1.6548E-01   0.0000E+00   0.0000E+00
     0     0   1.0335E+12   2.7061E-01   3.0756E-04   3.3603E-01   0.0000E+00   0.0000E+00
     0     0   9.9266E+11   3.4951E-01   2.9976E-04   4.0251E-01   0.0000E+00   0.0000E+00
     0     0   9.6502E+11   2.7956E-01   2.2703E-04   3.0154E-01   0.0000E+00   0.0000E+00
     0     0   2.2783E+12   4.5752E-01   2.9648E-04   3.4054E-01   0.0000E+00   0.0000E+00
     0     0   2.2962E+12   4.0306E-01   3.1243E-04   3.1813E-01   0.0000E+00   0.0000E+00
     0     0   2.5283E+12   4.0785E-01   3.8775E-04   3.0492E-01   0.0000E+00   0.0000E+00
     0     0   1.1638E+12   2.7471E-01   2.9196E-04   3.1359E-01   0.0000E+00   0.0000E+00
     0     0   1.3943E+12   2.6683E-01   4.2260E-04   4.3098E-01   0.0000E+00   0.0000E+00
     0     0   7.3300E+12   1.1626E-01   1.9232E-03   1.2656E-01   0.0000E+00   0.0000E+00
     0     0   9.5757E+12   1.4246E-01   2.3623E-03   1.4433E-01   0.0000E+00   0.0000E+00
     0     0   7.8763E+12   1.1487E-01   2.5140E-03   1.3466E-01   0.0000E+00   0.0000E+00
     0     0   8.8464E+13   6.8137E-02   1.2514E-02   6.7443E-02   0.0000E+00   0.0000E+00
     0     0   7.2754E+13   7.9438E-02   1.0872E-02   8.8582E-02   0.0000E+00   0.0000E+00
     0     0   8.8360E+13   6.1839E-02   1.2662E-02   7.9118E-02   0.0000E+00   0.0000E+00
     0     0   6.1126E+13   7.3501E-02   8.6288E-03   8.0268E-02   0.0000E+00   0.0000E+00
     0     0   3.6555E+12   2.9153E-01   7.7255E-04   2.3199E-01   0.0000E+00   0.0000E+00
     0     0   3.4570E+12   2.3277E-01   7.9724E-04   2.2533E-01   0.0000E+00   0.0000E+00
     0     0   2.2901E+12   2.8980E-01   7.3060E-04   4.2133E-01   0.0000E+00   0.0000E+00
     0     0   1.9377E+12   2.3432E-01   4.5499E-04   2.2025E-01   0.0000E+00   0.0000E+00
     0     0   1.7269E+13   1.6723E-01   2.6791E-03   1.7442E-01   0.0000E+00   0.0000E+00
     0     0   3.1237E+13   1.1285E-01   5.3975E-03   1.4156E-01   0.0000E+00   0.0000E+00
     0     0   4.6472E+12   1.9340E-01   1.0897E-03   2.1278E-01   0.0000E+00   0.0000E+00
     0     0   9.9981E+12   1.8371E-01   1.7762E-03   1.6263E-01   0.0000E+00   0.0000E+00
     0     0   6.9050E+11   3.2035E-01   2.2386E-04   3.6524E-01   0.0000E+00   0.0000E+00
     0     0   4.1813E+11   3.9163E-01   1.4649E-04   4.3201E-01   0.0000E+00   0.0000E+00
     0     0   4.9903E+11   2.1390E-01   1.2317E-04   2.3401E-01   0.0000E+00   0.0000E+00
     0     0   5.6218E+11   2.3085E-01   1.9699E-04   3.0072E-01   0.0000E+00   0.0000E+00
     0     0   6.2333E+11   2.7510E-01   1.1599E-04   2.2215E-01   0.0000E+00   0.0000E+00
     0     0   9.3523E+11   4.5442E-01   2.9708E-04   5.5092E-01   0.0000E+00   0.0000E+00
     0     0   1.0138E+12   2.6749E-01   3.0163E-04   2.5895E-01   0.0000E+00   0.0000E+00
     0     0   1.8222E+12   2.7953E-01   4.7657E-04   2.7421E-01   0.0000E+00   0.0000E+00
     0     0   2.7930E+12   3.2066E-01   7.5740E-04   3.4877E-01   0.0000E+00   0.0000E+00
     0     0   6.8965E+11   2.2872E-01   2.3644E-04   2.3488E-01   0.0000E+00   0.0000E+00
     0     0   4.7525E+12   1.3191E-01   1.1823E-03   1.4096E-01   0.0000E+00   0.0000E+00
     0     0   5.7145E+12   1.1144E-01   1.4863E-03   1.1682E-01   0.0000E+00   0.0000E+00
     0     0   4.0238E+12   2.3294E-01   1.0544E-03   2.4517E-01   0.0000E+00   0.0000E+00
     0     0   1.1786E+12   2.8262E-01   2.9102E-04   2.6112E-01   0.0000E+00   0.0000E+00
     0     0   1.3239E+12   2.2292E-01   4.1638E-04   2.5174E-01   0.0000E+00   0.0000E+00
     0     0   8.4845E+11   2.5256E-01   2.0140E-04   2.3217E-01   0.0000E+00   0.0000E+00
     0     0   2.2850E+12   1.9933E-01   6.4483E-04   2.2139E-01   0.0000E+00   0.0000E+00
     0     0   3.3710E+12   2.1782E-01   7.1283E-04   2.3300E-01   0.0000E+00   0.0000E+00
     0     0   4.4531E+12   1.9657E-01   9.9819E-04   2.0753E-01   0.0000E+00   0.0000E+00
     0     0   1.6837E+13   1.4041E-01   2.7786E-03   1.3325E-01   0.0000E+00   0.0000E+00
     0     0   8.6599E+12   1.7806E-01   1.6177E-03   1.7657E-01   0.0000E+00   0.0000E+00
     0     0   4.6315E+12   1.2896E-01   1.3265E-03   1.6293E-01   0.0000E+00   0.0000E+00
     0     0   4.5783E+13   7.7347E-02   7.5860E-03   9.3869E-02   0.0000E+00   0.0000E+00
     0     0   8.0616E+12   1.6639E-01   2.1709E-03   1.3234E-01   0.0000E+00   0.0000E+00
     0     0   2.2703E+13   1.6871E-01   3.6480E-03   1.2464E-01   0.0000E+00   0.0000E+00
     0     0   8.4023E+13   6.3375E-02   1.3038E-02   7.4741E-02   0.0000E+00   0.0000E+00
     0     0   6.7008E+13   8.1247E-02   9.6325E-03   9.2565E-02   0.0000E+00   0.0000E+00
     0     0   7.0823E+13   6.6649E-02   1.0858E-02   7.2439E-02   0.0000E+00   0.0000E+00
     0     0   1.3248E+12   3.4793E-01   3.8255E-04   3.8424E-01   0.0000E+00   0.0000E+00
     0     0   1.6399E+12   2.3347E-01   4.7389E-04   2.3641E-01   0.0000E+00   0.0000E+00
     0     0   8.9077E+11   2.4711E-01   2.5904E-04   3.0605E-01   0.0000E+00   0.0000E+00
     0     0   1.0639E+12   4.0703E-01   4.4143E-04   5.2591E-01   0.0000E+00   0.0000E+00
     0     0   4.7700E+12   1.4676E-01   1.3988E-03   1.6936E-01   0.0000E+00   0.0000E+00
     0     0   6.1662E+12   1.3809E-01   1.5696E-03   1.2429E-01   0.0000E+00   0.0000E+00
     0     0   1.9798E+12   2.7990E-01   4.2785E-04   2.0909E-01   0.0000E+00   0.0000E+00
     0     0   3.0437E+12   1.5835E-01   7.2312E-04   1.5921E-01   0.0000E+00   0.0000E+00
     0     0   1.0837E+12   2.7148E-01   3.2816E-04   3.4239E-01   0.0000E+00   0.0000E+00
     0     0   6.7798E+11   3.0090E-01   2.4989E-04   3.9932E-01   0.0000E+00   0.0000E+00
     0     0   8.3473E+11   3.1277E-01   2.6597E-04   3.8188E-01   0.0000E+00   0.0000E+00
     0     0   1.0058E+12   4.0397E-01   1.9421E-04   3.6136E-01   0.0000E+00   0.0000E+00
     0     0   1.0169E+12   5.1017E-01   1.4497E-04   3.7617E-01   0.0000E+00   0.0000E+00
     0     0   1.4570E+12   5.0585E-01   1.9470E-04   3.6164E-01   0.0000E+00   0.0000E+00
     0     0   5.9961E+11   2.8616E-01   1.6292E-04   4.0595E-01   0.0000E+00   0.0000E+00
     0     0   7.0693E+11   2.4924E-01   2.2446E-04   3.2179E-01   0.0000E+00   0.0000E+00
     0     0   7.4613E+12   1.2314E-01   2.1325E-03   1.2114E-01   0.0000E+00   0.0000E+00
     0     0   7.2911E+12   1.1593E-01   2.1609E-03   1.2933E-01   0.0000E+00   0.0000E+00
     0     0   1.0404E+14   5.9260E-02   1.3733E-02   6.2668E-02   0.0000E+00   0.0000E+00
     0     0   1.1000E+14   5.6792E-02   1.3737E-02   6.5174E-02   0.0000E+00   0.0000E+00
     0     0   8.9089E+13   6.9458E-02   1.1818E-02   8.1729E-02   0.0000E+00   0.0000E+00
     0     0   5.2994E+12   3.0383E-01   8.8492E-04   1.8541E-01   0.0000E+00   0.0000E+00
     0     0   2.1507E+12   2.1200E-01   4.9149E-04   2.2115E-01   0.0000E+00   0.0000E+00
     0     0   2.0479E+12   2.5880E-01   3.5780E-04   2.0118E-01   0.0000E+00   0.0000E+00
     0     0   8.9152E+11   2.2820E-01   2.1795E-04   2.6877E-01   0.0000E+00   0.0000E+00
     0     0   2.5714E+13   1.4400E-01   4.0907E-03   1.5080E-01   0.0000E+00   0.0000E+00
     0     0   6.5463E+13   7.1709E-02   8.7937E-03   9.3146E-02   0.0000E+00   0.0000E+00
     0     0   1.1392E+13   1.3765E-01   2.2197E-03   1.7286E-01   0.0000E+00   0.0000E+00
     0     0   5.5006E+12   1.8747E-01   1.0913E-03   1.9939E-01   0.0000E+00   0.0000E+00
     0     0   7.1905E+12   1.4078E-01   1.6263E-03   1.1980E-01   0.0000E+00   0.0000E+00
     0     0   7.7900E+11   4.7118E-01   2.1521E-04   5.7756E-01   0.0000E+00   0.0000E+00
     0     0   1.4196E+11   4.0148E-01   4.7372E-05   4.2190E-01   0.0000E+00   0.0000E+00
     0     0   3.1381E+11   4.0487E-01   5.7503E-05   3.3299E-01   0.0000E+00   0.0000E+00
     0     0   5.6670E+11   5.2291E-01   1.8600E-04   5.9236E-01   0.0000E+00   0.0000E+00
     0     0   4.8713E+11   3.3410E-01   8.9976E-05   2.8499E-01   0.0000E+00   0.0000E+00
     0     0   7.4792E+11   3.0131E-01   1.4848E-04   3.0842E-01   0.0000E+00   0.0000E+00
     0     0   2.5447E+11   3.7207E-01   7.0363E-05   4.0152E-01   0.0000E+00   0.0000E+00
     0     0   6.0594E+11   2.4947E-01   1.6631E-04   2.9444E-01   0.0000E+00   0.0000E+00
     0     0   1.3425E+12   2.1613E-01   4.2580E-04   4.5378E-01   0.0000E+00   0.0000E+00
     0     0   1.2565E+12   3.5576E-01   3.3649E-04   3.1755E-01   0.0000E+00   0.0000E+00
     0     0   3.4776E+11   3.3992E-01   5.9182E-05   2.9847E-01   0.0000E+00   0.0000E+00
     0     0   2.4041E+12   2.3975E-01   7.1945E-04   3.4769E-01   0.0000E+00   0.0000E+00
     0     0   3.5657E+12   1.5876E-01   1.0755E-03   1.9333E-01   0.0000E+00   0.0000E+00
     0     0   7.1270E+11   2.5589E-01   1.7898E-04   2.6156E-01   0.0000E+00   0.0000E+00
     0     0   1.6481E+12   2.1649E-01   4.5216E-04   2.3289E-01   0.0000E+00   0.0000E+00
     0     0   2.4960E+12   2.0621E-01   7.0800E-04   2.5391E-01   0.0000E+00   0.0000E+00
     0     0   7.1405E+12   2.8262E-01   1.2701E-03   2.4927E-01   0.0000E+00   0.0000E+00
     0     0   3.5705E+12   3.1994E-01   6.4804E-04   2.4602E-01   0.0000E+00   0.0000E+00
     0     0   3.6987E+12   1.2470E-01   9.4308E-04   1.2974E-01   0.0000E+00   0.0000E+00
     0     0   2.2355E+13   2.1213E-01   2.9423E-03   1.3995E-01   0.0000E+00   0.0000E+00
     0     0   2.4727E+13   1.2414E-01   3.4099E-03   1.2558E-01   0.0000E+00   0.0000E+00
     0     0   6.1014E+12   1.0962E-01   1.8379E-03   1.3588E-01   0.0000E+00   0.0000E+00
     0     0   5.1174E+12   1.1534E-01   1.4245E-03   1.2753E-01   0.0000E+00   0.0000E+00
     0     0   1.1715E+14   5.8590E-02   1.5012E-02   6.9757E-02   0.0000E+00   0.0000E+00
     0     0   8.0252E+13   7.6633E-02   1.0187E-02   1.0092E-01   0.0000E+00   0.0000E+00
     0     0   1.0990E+14   6.7041E-02   1.5739E-02   1.1594E-01   0.0000E+00   0.0000E+00
     0     0   5.2611E+13   7.4240E-02   7.2240E-03   8.8808E-02   0.0000E+00   0.0000E+00
     0     0   1.2074E+12   2.6173E-01   2.2910E-04   2.2209E-01   0.0000E+00   0.0000E+00
     0     0   1.2312E+12   3.4549E-01   3.0858E-04   3.9243E-01   0.0000E+00   0.0000E+00
     0     0   1.1142E+12   2.0535E-01   2.7889E-04   2.0144E-01   0.0000E+00   0.0000E+00
     0     0   3.3881E+11   4.2940E-01   1.4247E-04   6.0694E-01   0.0000E+00   0.0000E+00
     0     0   7.9882E+11   2.9328E-01   3.2391E-04   3.7448E-01   0.0000E+00   0.0000E+00
     0     0   4.0222E+12   1.5608E-01   9.5885E-04   1.6225E-01   0.0000E+00   0.0000E+00
     0     0   5.1507E+12   1.0637E-01   1.6255E-03   1.5049E-01   0.0000E+00   0.0000E+00
     0     0   1.4770E+12   2.2253E-01   4.7658E-04   2.5423E-01   0.0000E+00   0.0000E+00
     0     0   2.5278E+12   1.9819E-01   7.5639E-04   2.9023E-01   0.0000E+00   0.0000E+00
     0     0   8.7162E+11   3.2770E-01   2.5493E-04   3.5418E-01   0.0000E+00   0.0000E+00
     0     0   2.5011E+11   3.4303E-01   6.2961E-05   5.2571E-01   0.0000E+00   0.0000E+00
     0     0   6.2094E+11   4.0834E-01   1.5371E-04   3.7096E-01   0.0000E+00   0.0000E+00
     0     0   8.2464E+11   3.2578E-01   1.7674E-04   3.6974E-01   0.0000E+00   0.0000E+00
     0     0   4.2453E+11   3.9688E-01   1.0888E-04   3.9414E-01   0.0000E+00   0.0000E+00
     0     0   1.0439E+12   4.7058E-01   2.3342E-04   5.1290E-01   0.0000E+00   0.0000E+00
     0     0   8.4343E+11   5.1614E-01   1.3833E-04   5.7489E-01   0.0000E+00   0.0000E+00
     0     0   8.3827E+11   3.9959E-01   2.6337E-04   3.5935E-01   0.0000E+00   0.0000E+00
     0     0   7.1803E+12   1.1162E-01   2.0481E-03   1.1781E-01   0.0000E+00   0.0000E+00
     0     0   6.7972E+12   1.1417E-01   2.0331E-03   1.3175E-01   0.0000E+00   0.0000E+00
     0     0   6.0580E+12   1.2227E-01   1.6890E-03   1.2846E-01   0.0000E+00   0.0000E+00
     0     0   1.5203E+14   6.9741E-02   1.6322E-02   6.3766E-02   0.0000E+00   0.0000E+00
     0     0   1.5769E+14   5.5939E-02   1.7021E-02   6.5916E-02   0.0000E+00   0.0000E+00
     0     0   1.0803E+14   6.6977E-02   1.3215E-02   8.7157E-02   0.0000E+00   0.0000E+00
     0     0   2.9457E+12   2.5416E-01   4.8400E-04   1.9512E-01   0.0000E+00   0.0000E+00
     0     0   1.4722E+12   2.1820E-01   3.1110E-04   2.0941E-01   0.0000E+00   0.0000E+00
     0     0   1.0118E+12   2.9883E-01   2.1319E-04   2.1451E-01   0.0000E+00   0.0000E+00
     0     0   7.8830E+11   3.3384E-01   1.5457E-04   3.3929E-01   0.0000E+00   0.0000E+00
     0     0   1.8084E+13   1.5685E-01   2.7471E-03   1.5530E-01   0.0000E+00   0.0000E+00
     0     0   6.5164E+13   7.3097E-02   7.7787E-03   8.1174E-02   0.0000E+00   0.0000E+00
     0     0   1.0028E+13   1.7467E-01   1.6915E-03   1.7328E-01   0.0000E+00   0.0000E+00
     0     0   5.8305E+12   2.2567E-01   1.0745E-03   1.9197E-01   0.0000E+00   0.0000E+00
     0     0   1.7413E+11   4.1606E-01   5.2766E-05   4.7056E-01   0.0000E+00   0.0000E+00
     0     0   1.7840E+11   4.3814E-01   4.6095E-05   4.9045E-01   0.0000E+00   0.0000E+00
     0     0   2.6960E+11   5.0361E-01   4.6289E-05   3.9406E-01   0.0000E+00   0.0000E+00
     0     0   6.0043E+10   3.7894E-01   2.2882E-05   3.9858E-01   0.0000E+00   0.0000E+00
     0     0   3.7981E+11   3.0313E-01   7.6829E-05   2.2809E-01   0.0000E+00   0.0000E+00
     0     0   1.2891E+11   4.2789E-01   3.2896E-05   3.5709E-01   0.0000E+00   0.0000E+00
     0     0   6.3658E+11   7.5218E-01   2.3990E-04   7.8673E-01   0.0000E+00   0.0000E+00
     0     0   2.5445E+11   3.6413E-01   5.4007E-05   3.5153E-01   0.0000E+00   0.0000E+00
     0     0   1.1154E+11   3.9671E-01   2.9586E-05   3.3517E-01   0.0000E+00   0.0000E+00
     0     0   8.9091E+11   3.6632E-01   2.2853E-04   3.6800E-01   0.0000E+00   0.0000E+00
     0     0   5.7659E+11   3.8275E-01   1.1547E-04   3.6479E-01   0.0000E+00   0.0000E+00
     0     0   9.0641E+11   1.8900E-01   1.8979E-04   2.0634E-01   0.0000E+00   0.0000E+00
     0     0   2.1944E+12   4.0968E-01   6.0787E-04   4.8546E-01   0.0000E+00   0.0000E+00
     0     0   2.7154E+12   1.6876E-01   8.1400E-04   1.9093E-01   0.0000E+00   0.0000E+00
     0     0   1.4333E+12   2.8700E-01   3.1067E-04   2.6133E-01   0.0000E+00   0.0000E+00
     0     0   2.1859E+12   2.8091E-01   5.3294E-04   2.3170E-01   0.0000E+00   0.0000E+00
     0     0   3.6872E+12   2.2318E-01   8.8453E-04   2.3913E-01   0.0000E+00   0.0000E+00
     0     0   2.3155E+12   2.9981E-01   6.1110E-04   2.9081E-01   0.0000E+00   0.0000E+00
     0     0   3.9634E+12   1.7545E-01   1.5039E-03   3.4086E-01   0.0000E+00   0.0000E+00
     0     0   1.1268E+13   1.7395E-01   2.0017E-03   1.5300E-01   0.0000E+00   0.0000E+00
     0     0   2.4177E+13   1.6054E-01   3.5365E-03   1.6058E-01   0.0000E+00   0.0000E+00
     0     0   6.2911E+12   1.1424E-01   1.9287E-03   1.3019E-01   0.0000E+00   0.0000E+00
     0     0   5.0927E+12   1.3617E-01   1.5062E-03   1.9962E-01   0.0000E+00   0.0000E+00
     0     0   1.6309E+14   5.6193E-02   1.7950E-02   7.8157E-02   0.0000E+00   0.0000E+00
     0     0   9.3911E+13   7.4194E-02   1.1285E-02   9.5820E-02   0.0000E+00   0.0000E+00
     0     0   1.4857E+14   5.5457E-02   1.6724E-02   6.3707E-02   0.0000E+00   0.0000E+00
     0     0   6.6438E+13   8.1220E-02   8.5934E-03   9.9801E-02   0.0000E+00   0.0000E+00
     0     0   6.5005E+11   3.1215E-01   1.4070E-04   2.9397E-01   0.0000E+00   0.0000E+00
     0     0   5.6601E+11   3.9294E-01   1.8971E-04   3.9059E-01   0.0000E+00   0.0000E+00
     0     0   7.7808E+11   3.5955E-01   2.5805E-04   3.5896E-01   0.0000E+00   0.0000E+00
     0     0   8.9816E+11   4.0059E-01   1.7497E-04   3.8565E-01   0.0000E+00   0.0000E+00
     0     0   3.4328E+11   5.1848E-01   5.1360E-05   4.5995E-01   0.0000E+00   0.0000E+00
     0     0   1.6311E+12   1.9694E-01   4.6267E-04   2.0039E-01   0.0000E+00   0.0000E+00
     0     0   1.8418E+12   3.6100E-01   6.1278E-04   4.0246E-01   0.0000E+00   0.0000E+00
     0     0   8.7153E+11   3.3408E-01   3.0691E-04   3.7988E-01   0.0000E+00   0.0000E+00
     0     0   2.4701E+11   4.6557E-01   3.2365E-05   4.3620E-01   0.0000E+00   0.0000E+00
     0     0   5.9590E+11   4.6683E-01   8.1732E-05   4.2194E-01   0.0000E+00   0.0000E+00
     0     0   4.4998E+11   4.7774E-01   8.3672E-05   5.0825E-01   0.0000E+00   0.0000E+00
     0     0   3.9619E+11   3.9628E-01   1.9836E-04   5.9291E-01   0.0000E+00   0.0000E+00
     0     0   3.3030E+11   2.9169E-01   5.2640E-05   2.6965E-01   0.0000E+00   0.0000E+00
     0     0   4.2159E+11   3.0870E-01   6.8128E-05   3.1520E-01   0.0000E+00   0.0000E+00
     0     0   5.6012E+11   5.4518E-01   1.1532E-04   3.5155E-01   0.0000E+00   0.0000E+00
     0     0   4.2335E+11   4.0815E-01   1.5828E-04   5.3250E-01   0.0000E+00   0.0000E+00
     0     0   2.7896E+12   1.6274E-01   8.0289E-04   1.8212E-01   0.0000E+00   0.0000E+00
     0     0   6.7525E+12   1.2539E-01   1.7369E-03   1.1068E-01   0.0000E+00   0.0000E+00
     0     0   5.4347E+12   1.2339E-01   1.4017E-03   1.1390E-01   0.0000E+00   0.0000E+00
     0     0   6.5024E+12   1.1286E-01   2.0064E-03   1.3417E-01   0.0000E+00   0.0000E+00
     0     0   4.5451E+12   1.0825E-01   1.3183E-03   1.3606E-01   0.0000E+00   0.0000E+00
     0     0   2.1109E+14   5.7213E-02   2.1087E-02   7.0603E-02   0.0000E+00   0.0000E+00
     0     0   2.2651E+14   4.6234E-02   2.1013E-02   6.4678E-02   0.0000E+00   0.0000E+00
     0     0   1.3356E+14   6.6526E-02   1.2621E-02   7.2239E-02   0.0000E+00   0.0000E+00
     0     0   7.9372E+11   3.1296E-01   1.2006E-04   2.3469E-01   0.0000E+00   0.0000E+00
     0     0   1.8355E+12   3.5677E-01   3.4407E-04   3.4736E-01   0.0000E+00   0.0000E+00
     0     0   1.9801E+12   1.6796E-01   4.6001E-04   2.1797E-01   0.0000E+00   0.0000E+00
     0     0   1.9414E+13   1.5741E-01   2.7654E-03   1.6443E-01   0.0000E+00   0.0000E+00
     0     0   6.8568E+13   7.5979E-02   8.0919E-03   9.6016E-02   0.0000E+00   0.0000E+00
     0     0   9.8245E+12   2.0249E-01   1.8722E-03   2.6979E-01   0.0000E+00   0.0000E+00
     0     0   3.1680E+12   1.9107E-01   6.6700E-04   2.2084E-01   0.0000E+00   0.0000E+00
     0     0   2.3292E+11   4.1822E-01   5.4551E-05   5.2314E-01   0.0000E+00   0.0000E+00
     0     0   2.0475E+11   3.8962E-01   6.5771E-05   4.9996E-01   0.0000E+00   0.0000E+00
     0     0   3.6905E+11   3.0730E-01   1.3031E-04   4.5488E-01   0.0000E+00   0.0000E+00
     0     0   1.8997E+11   4.4128E-01   6.8518E-05   7.1569E-01   0.0000E+00   0.0000E+00
     0     0   1.0072E+11   5.7210E-01   3.9711E-05   7.3695E-01   0.0000E+00   0.0000E+00
     0     0   2.7826E+11   8.2468E-01   1.0542E-04   8.5236E-01   0.0000E+00   0.0000E+00
     0     0   2.1242E+11   3.6594E-01   4.1559E-05   3.4809E-01   0.0000E+00   0.0000E+00
     0     0   1.5508E+11   7.5623E-01   2.2735E-05   4.9624E-01   0.0000E+00   0.0000E+00
     0     0   2.9577E+11   3.3024E-01   5.1455E-05   2.5534E-01   0.0000E+00   0.0000E+00
     0     0   2.9034E+11   6.1464E-01   3.6183E-05   4.7410E-01   0.0000E+00   0.0000E+00
     0     0   2.0607E+11   5.6652E-01   6.5092E-05   6.5991E-01   0.0000E+00   0.0000E+00
     0     0   8.7196E+10   3.7738E-01   2.1489E-05   3.4296E-01   0.0000E+00   0.0000E+00
     0     0   2.6273E+11   6.7608E-01   8.9628E-05   7.6155E-01   0.0000E+00   0.0000E+00
     0     0   6.8273E+11   3.3190E-01   1.7853E-04   3.4357E-01   0.0000E+00   0.0000E+00
     0     0   3.1509E+11   5.8855E-01   8.8534E-05   5.7579E-01   0.0000E+00   0.0000E+00
     0     0   7.6162E+11   2.8561E-01   1.4719E-04   3.0994E-01   0.0000E+00   0.0000E+00
     0     0   1.0351E+12   1.9933E-01   2.4688E-04   2.4940E-01   0.0000E+00   0.0000E+00
     0     0   2.0007E+12   1.7918E-01   5.8860E-04   2.0117E-01   0.0000E+00   0.0000E+00
     0     0   2.0714E+12   4.8169E-01   2.8550E-04   3.4463E-01   0.0000E+00   0.0000E+00
     0     0   1.2845E+12   2.8876E-01   2.8272E-04   2.8611E-01   0.0000E+00   0.0000E+00
     0     0   2.2338E+12   1.7814E-01   4.9372E-04   1.6117E-01   0.0000E+00   0.0000E+00
     0     0   1.6293E+12   1.7320E-01   3.5128E-04   1.8556E-01   0.0000E+00   0.0000E+00
     0     0   2.9191E+12   1.4708E-01   8.8758E-04   1.7738E-01   0.0000E+00   0.0000E+00
     0     0   6.6460E+12   1.7947E-01   1.1678E-03   1.3467E-01   0.0000E+00   0.0000E+00
     0     0   1.3334E+13   1.2638E-01   2.3947E-03   1.3098E-01   0.0000E+00   0.0000E+00
     0     0   5.5506E+12   1.0869E-01   1.7523E-03   1.3417E-01   0.0000E+00   0.0000E+00
     0     0   4.0521E+12   1.2176E-01   1.0262E-03   1.2670E-01   0.0000E+00   0.0000E+00
     0     0   2.1383E+14   4.4453E-02   1.9311E-02   5.4200E-02   0.0000E+00   0.0000E+00
     0     0   1.2374E+14   6.7630E-02   1.2141E-02   7.4446E-02   0.0000E+00   0.0000E+00
     0     0   2.0277E+14   5.1789E-02   2.0523E-02   6.2786E-02   0.0000E+00   0.0000E+00
     0     0   7.0994E+13   7.8211E-02   8.1665E-03   9.2992E-02   0.0000E+00   0.0000E+00
     0     0   4.9275E+11   2.8062E-01   9.5721E-05   2.5407E-01   0.0000E+00   0.0000E+00
     0     0   3.6157E+11   5.4105E-01   1.2584E-04   6.0957E-01   0.0000E+00   0.0000E+00
     0     0   1.1351E+11   5.9162E-01   2.3228E-05   5.8306E-01   0.0000E+00   0.0000E+00
     0     0   1.3488E+11   6.6317E-01   1.9805E-05   4.4989E-01   0.0000E+00   0.0000E+00
     0     0   1.4065E+11   4.5377E-01   1.8942E-05   4.6639E-01   0.0000E+00   0.0000E+00
     0     0   5.8135E+11   3.8622E-01   1.9351E-04   3.9966E-01   0.0000E+00   0.0000E+00
     0     0   6.1019E+11   3.9781E-01   1.5569E-04   3.6422E-01   0.0000E+00   0.0000E+00
     0     0   3.0046E+11   5.0153E-01   1.0378E-04   5.1926E-01   0.0000E+00   0.0000E+00
     0     0   2.7218E+11   5.5979E-01   8.9185E-05   5.7118E-01   0.0000E+00   0.0000E+00
     0     0   1.2183E+12   1.6630E-01   3.5283E-04   2.1726E-01   0.0000E+00   0.0000E+00
     0     0   7.6583E+11   2.4918E-01   2.3367E-04   2.6817E-01   0.0000E+00   0.0000E+00
     0     0   3.9378E+11   2.3738E-01   9.9588E-05   2.9503E-01   0.0000E+00   0.0000E+00
     0     0   1.9382E+11   5.0357E-01   3.3123E-05   4.9833E-01   0.0000E+00   0.0000E+00
     0     0   1.3472E+11   4.5683E-01   3.0450E-05   3.7293E-01   0.0000E+00   0.0000E+00
     0     0   2.3252E+11   5.2263E-01   3.7811E-05   4.2774E-01   0.0000E+00   0.0000E+00
     0     0   4.8502E+11   6.5712E-01   2.6264E-05   4.4540E-01   0.0000E+00   0.0000E+00
     0     0   4.5425E+11   4.7657E-01   9.4445E-05   4.4693E-01   0.0000E+00   0.0000E+00
     0     0   2.9749E+11   2.7656E-01   4.5606E-05   2.4596E-01   0.0000E+00   0.0000E+00
     0     0   2.7372E+11   3.9617E-01   8.5393E-05   6.6200E-01   0.0000E+00   0.0000E+00
     0     0   4.9981E+11   3.0537E-01   1.3443E-04   3.7077E-01   0.0000E+00   0.0000E+00
     0     0   2.8735E+12   2.1614E-01   8.5081E-04   2.6453E-01   0.0000E+00   0.0000E+00
     0     0   6.2053E+12   1.1100E-01   1.6622E-03   1.1663E-01   0.0000E+00   0.0000E+00
     0     0   5.2781E+12   1.2470E-01   1.3528E-03   1.2793E-01   0.0000E+00   0.0000E+00
     0     0   5.6269E+12   1.1798E-01   1.6292E-03   1.4060E-01   0.0000E+00   0.0000E+00
     0     0   4.6492E+12   1.2454E-01   1.2493E-03   1.4132E-01   0.0000E+00   0.0000E+00
     0     0   2.8044E+14   4.3345E-02   2.2104E-02   5.0713E-02   0.0000E+00   0.0000E+00
     0     0   3.1514E+14   4.3337E-02   2.2231E-02   5.2767E-02   0.0000E+00   0.0000E+00
     0     0   1.4958E+14   6.7496E-02   1.2782E-02   7.9989E-02   0.0000E+00   0.0000E+00
     0     0   4.1484E+11   2.2935E-01   6.4281E-05   2.2008E-01   0.0000E+00   0.0000E+00
     0     0   9.3325E+11   3.1578E-01   1.5384E-04   2.7570E-01   0.0000E+00   0.0000E+00
     0     0   2.1250E+12   2.9732E-01   5.4070E-04   3.4913E-01   0.0000E+00   0.0000E+00
     0     0   1.2448E+13   1.6044E-01   2.1165E-03   1.8989E-01   0.0000E+00   0.0000E+00
     0     0   7.1926E+13   8.1880E-02   7.4636E-03   1.0704E-01   0.0000E+00   0.0000E+00
     0     0   3.7366E+12   1.6379E-01   6.6443E-04   1.4015E-01   0.0000E+00   0.0000E+00
     0     0   2.7809E+12   2.3744E-01   6.4123E-04   3.6311E-01   0.0000E+00   0.0000E+00
     0     0   7.6011E+10   4.5111E-01   1.6688E-05   4.4625E-01   0.0000E+00   0.0000E+00
     0     0   1.7645E+11   5.7165E-01   3.5152E-05   5.7876E-01   0.0000E+00   0.0000E+00
     0     0   9.7576E+10   3.3270E-01   1.0616E-05   3.9282E-01   0.0000E+00   0.0000E+00
     0     0   9.8237E+10   4.3993E-01   1.5688E-05   4.6894E-01   0.0000E+00   0.0000E+00
     0     0   1.9967E+11   6.9582E-01   2.0485E-05   4.4035E-01   0.0000E+00   0.0000E+00
     0     0   3.3685E+10   4.2221E-01   3.5206E-06   3.5404E-01   0.0000E+00   0.0000E+00
     0     0   2.5263E+11   8.8815E-01   7.1689E-05   8.9750E-01   0.0000E+00   0.0000E+00
     0     0   2.2110E+11   6.5371E-01   5.2944E-05   6.6847E-01   0.0000E+00   0.0000E+00
     0     0   1.3335E+11   7.5964E-01   3.0350E-05   7.5703E-01   0.0000E+00   0.0000E+00
     0     0   1.4759E+11   3.7987E-01   4.3326E-05   4.5901E-01   0.0000E+00   0.0000E+00
     0     0   1.9396E+11   3.0061E-01   7.2467E-05   4.9390E-01   0.0000E+00   0.0000E+00
     0     0   6.0938E+11   3.2836E-01   1.1756E-04   3.2109E-01   0.0000E+00   0.0000E+00
     0     0   1.4703E+12   2.9781E-01   3.6231E-04   3.4795E-01   0.0000E+00   0.0000E+00
     0     0   1.7720E+12   1.8215E-01   4.5898E-04   2.1624E-01   0.0000E+00   0.0000E+00
     0     0   8.3974E+11   5.0030E-01   9.7927E-05   3.2110E-01   0.0000E+00   0.0000E+00
     0     0   8.5790E+11   2.6746E-01   2.1443E-04   3.1341E-01   0.0000E+00   0.0000E+00
     0     0   2.6889E+12   1.9620E-01   4.8604E-04   1.7548E-01   0.0000E+00   0.0000E+00
     0     0   1.6545E+12   1.9638E-01   3.0700E-04   1.9478E-01   0.0000E+00   0.0000E+00
     0     0   2.4725E+12   1.5666E-01   8.1135E-04   1.9355E-01   0.0000E+00   0.0000E+00
     0     0   4.2736E+12   1.2829E-01   7.3056E-04   1.4193E-01   0.0000E+00   0.0000E+00
     0     0   8.1043E+12   1.2425E-01   1.6736E-03   1.6505E-01   0.0000E+00   0.0000E+00
     0     0   4.7326E+12   1.1446E-01   1.4085E-03   1.5055E-01   0.0000E+00   0.0000E+00
     0     0   3.3836E+12   1.1452E-01   8.2451E-04   1.1876E-01   0.0000E+00   0.0000E+00
     0     0   2.9890E+14   4.1063E-02   2.2193E-02   4.8965E-02   0.0000E+00   0.0000E+00
     0     0   1.5525E+14   6.2506E-02   1.3413E-02   7.0919E-02   0.0000E+00   0.0000E+00
     0     0   2.8518E+14   4.5679E-02   2.2951E-02   5.2272E-02   0.0000E+00   0.0000E+00
     0     0   6.6667E+13   7.4202E-02   7.0114E-03   9.3906E-02   0.0000E+00   0.0000E+00
     0     0   5.9603E+11   5.3053E-01   6.9039E-05   3.1214E-01   0.0000E+00   0.0000E+00
     0     0   3.5940E+11   3.6265E-01   7.2565E-05   3.9467E-01   0.0000E+00   0.0000E+00
     0     0   2.5844E+11   3.7225E-01   6.4931E-05   3.8505E-01   0.0000E+00   0.0000E+00
     0     0   2.4920E+11   4.7926E-01   6.5320E-05   5.4154E-01   0.0000E+00   0.0000E+00
     0     0   2.3291E+11   4.8848E-01   6.1081E-05   5.8542E-01   0.0000E+00   0.0000E+00
     0     0   1.0236E+12   1.8079E-01   2.9790E-04   2.2573E-01   0.0000E+00   0.0000E+00
     0     0   4.7516E+11   2.2961E-01   1.2058E-04   2.5818E-01   0.0000E+00   0.0000E+00
     0     0   2.5423E+11   2.9222E-01   7.2408E-05   3.7821E-01   0.0000E+00   0.0000E+00
     0     0   1.8264E+11   4.4444E-01   3.6070E-05   6.0689E-01   0.0000E+00   0.0000E+00
     0     0   3.8352E+11   6.6532E-01   6.8226E-05   6.0396E-01   0.0000E+00   0.0000E+00
     0     0   1.2835E+11   5.1172E-01   2.4838E-05   5.7979E-01   0.0000E+00   0.0000E+00
     0     0   7.0824E+10   5.4559E-01   1.4656E-05   6.4204E-01   0.0000E+00   0.0000E+00
     0     0   7.5977E+11   4.6769E-01   1.2687E-04   4.4109E-01   0.0000E+00   0.0000E+00
     0     0   3.4913E+11   5.0899E-01   6.5855E-05   4.4561E-01   0.0000E+00   0.0000E+00
     0     0   1.5971E+10   4.3966E-01   2.7477E-06   4.7359E-01   0.0000E+00   0.0000E+00
     0     0   6.0540E+11   7.1471E-01   1.0274E-04   7.7114E-01   0.0000E+00   0.0000E+00
     0     0   2.1841E+12   2.1521E-01   6.0098E-04   2.6774E-01   0.0000E+00   0.0000E+00
     0     0   5.3881E+12   9.9417E-02   1.3574E-03   1.1379E-01   0.0000E+00   0.0000E+00
     0     0   6.0442E+12   1.7854E-01   1.6103E-03   2.2622E-01   0.0000E+00   0.0000E+00
     0     0   6.1297E+12   1.3008E-01   1.5184E-03   1.4494E-01   0.0000E+00   0.0000E+00
     0     0   4.0994E+12   1.2565E-01   1.0473E-03   1.4588E-01   0.0000E+00   0.0000E+00
     0     0   3.8874E+14   3.7700E-02   2.5426E-02   4.8457E-02   0.0000E+00   0.0000E+00
     0     0   4.5730E+14   4.1007E-02   2.5389E-02   4.5113E-02   0.0000E+00   0.0000E+00
     0     0   1.8983E+14   6.7608E-02   1.4966E-02   9.5521E-02   0.0000E+00   0.0000E+00
     0     0   2.2774E+11   2.7773E-01   3.3922E-05   2.9316E-01   0.0000E+00   0.0000E+00
     0     0   3.7544E+11   2.0794E-01   6.4191E-05   3.0759E-01   0.0000E+00   0.0000E+00
     0     0   1.1818E+12   3.7422E-01   2.5172E-04   3.8600E-01   0.0000E+00   0.0000E+00
     0     0   8.2302E+12   2.1130E-01   1.4462E-03   2.7909E-01   0.0000E+00   0.0000E+00
     0     0   7.1145E+13   8.6501E-02   6.7736E-03   1.3916E-01   0.0000E+00   0.0000E+00
     0     0   3.9587E+12   1.9969E-01   6.8030E-04   2.7308E-01   0.0000E+00   0.0000E+00
     0     0   2.3206E+12   2.5753E-01   4.4533E-04   2.8109E-01   0.0000E+00   0.0000E+00
     0     0   3.1677E+10   8.4475E-01   7.3848E-06   8.9308E-01   0.0000E+00   0.0000E+00
     0     0   2.3443E+10   7.5799E-01   7.9835E-06   6.3472E-01   0.0000E+00   0.0000E+00
     0     0   4.7442E+10   3.8115E-01   5.4962E-06   3.6638E-01   0.0000E+00   0.0000E+00
     0     0   6.4302E+10   6.6766E-01   1.4688E-05   5.6013E-01   0.0000E+00   0.0000E+00
     0     0   4.9563E+10   9.2782E-01   9.8028E-06   9.5600E-01   0.0000E+00   0.0000E+00
     0     0   8.6324E+10   2.9580E-01   9.1458E-06   3.5478E-01   0.0000E+00   0.0000E+00
     0     0   2.5848E+10   5.5245E-01   4.4112E-06   5.6644E-01   0.0000E+00   0.0000E+00
     0     0   2.0396E+11   7.7822E-01   3.2442E-05   6.9011E-01   0.0000E+00   0.0000E+00
     0     0   1.8656E+11   8.4725E-01   3.6739E-05   8.7686E-01   0.0000E+00   0.0000E+00
     0     0   1.2301E+11   5.1194E-01   3.7414E-05   5.8766E-01   0.0000E+00   0.0000E+00
     0     0   1.7571E+11   3.0025E-01   6.3622E-05   4.9561E-01   0.0000E+00   0.0000E+00
     0     0   1.1995E+12   1.8226E-01   3.0684E-04   2.4054E-01   0.0000E+00   0.0000E+00
     0     0   9.4794E+11   3.7989E-01   2.0240E-04   4.3676E-01   0.0000E+00   0.0000E+00
     0     0   9.5411E+10   5.4087E-01   2.0521E-05   4.6422E-01   0.0000E+00   0.0000E+00
     0     0   3.7803E+11   3.9849E-01   9.3860E-05   4.0098E-01   0.0000E+00   0.0000E+00
     0     0   8.4151E+11   4.4154E-01   1.3748E-04   3.6950E-01   0.0000E+00   0.0000E+00
     0     0   2.1624E+11   2.0003E-01   4.4191E-05   2.2548E-01   0.0000E+00   0.0000E+00
     0     0   1.3306E+12   1.5759E-01   2.2497E-04   1.6758E-01   0.0000E+00   0.0000E+00
     0     0   2.1202E+12   1.5871E-01   3.7151E-04   1.7152E-01   0.0000E+00   0.0000E+00
     0     0   3.4890E+12   1.3210E-01   6.3014E-04   1.4658E-01   0.0000E+00   0.0000E+00
     0     0   6.4743E+13   8.3198E-02   5.7897E-03   9.5956E-02   0.0000E+00   0.0000E+00
     0     0   8.5179E+12   1.4646E-01   1.6944E-03   1.8767E-01   0.0000E+00   0.0000E+00
     0     0   3.2293E+12   1.4099E-01   7.5048E-04   1.2254E-01   0.0000E+00   0.0000E+00
     0     0   2.2728E+12   1.5772E-01   6.5426E-04   2.0575E-01   0.0000E+00   0.0000E+00
     0     0   4.7076E+12   1.1287E-01   1.3036E-03   1.5102E-01   0.0000E+00   0.0000E+00
     0     0   4.2943E+14   3.5596E-02   2.6420E-02   5.3953E-02   0.0000E+00   0.0000E+00
     0     0   3.7721E+14   3.8228E-02   2.5613E-02   5.0131E-02   0.0000E+00   0.0000E+00
     0     0   1.7516E+14   6.2309E-02   1.3049E-02   7.4389E-02   0.0000E+00   0.0000E+00
     0     0   3.4023E+11   4.5980E-01   7.9042E-05   3.9674E-01   0.0000E+00   0.0000E+00
     0     0   2.8170E+11   5.5701E-01   6.1559E-05   4.3182E-01   0.0000E+00   0.0000E+00
     0     0   1.2682E+11   4.0504E-01   2.8111E-05   5.2533E-01   0.0000E+00   0.0000E+00
     0     0   1.3733E+11   3.9819E-01   3.2267E-05   5.0195E-01   0.0000E+00   0.0000E+00
     0     0   9.7491E+11   2.2313E-01   3.1121E-04   3.2535E-01   0.0000E+00   0.0000E+00
     0     0   3.1150E+11   2.3986E-01   6.9625E-05   2.8107E-01   0.0000E+00   0.0000E+00
     0     0   1.0201E+11   2.5442E-01   1.7017E-05   3.5313E-01   0.0000E+00   0.0000E+00
     0     0   2.5722E+10   8.7380E-01   2.0492E-06   7.0812E-01   0.0000E+00   0.0000E+00
     0     0   5.4436E+10   5.6903E-01   4.1027E-06   5.1316E-01   0.0000E+00   0.0000E+00
     0     0   1.4133E+11   5.3914E-01   3.0740E-05   6.4953E-01   0.0000E+00   0.0000E+00
     0     0   1.2398E+11   5.3267E-01   2.6765E-05   6.5283E-01   0.0000E+00   0.0000E+00
     0     0   3.3367E+11   4.3286E-01   4.7160E-05   4.8351E-01   0.0000E+00   0.0000E+00
     0     0   1.6523E+10   4.8340E-01   2.5559E-06   6.9732E-01   0.0000E+00   0.0000E+00
     0     0   6.9177E+09   5.3020E-01   9.4846E-07   7.0008E-01   0.0000E+00   0.0000E+00
     0     0   6.4815E+11   4.4783E-01   6.6497E-05   3.9763E-01   0.0000E+00   0.0000E+00
     0     0   1.4543E+12   2.1048E-01   4.1467E-04   2.9094E-01   0.0000E+00   0.0000E+00
     0     0   5.8217E+12   1.0358E-01   1.4386E-03   1.1300E-01   0.0000E+00   0.0000E+00
     0     0   5.0977E+12   1.5187E-01   1.1289E-03   1.3958E-01   0.0000E+00   0.0000E+00
     0     0   5.8181E+12   1.0805E-01   1.2654E-03   1.2008E-01   0.0000E+00   0.0000E+00
     0     0   3.6645E+12   1.1969E-01   9.8723E-04   1.6010E-01   0.0000E+00   0.0000E+00
     0     0   5.7218E+14   3.4961E-02   2.9052E-02   4.2890E-02   0.0000E+00   0.0000E+00
     0     0   6.4279E+14   3.3608E-02   2.8376E-02   4.1090E-02   0.0000E+00   0.0000E+00
     0     0   2.1190E+14   6.6570E-02   1.1324E-02   7.0340E-02   0.0000E+00   0.0000E+00
     0     0   2.2228E+11   2.5792E-01   2.3915E-05   2.5704E-01   0.0000E+00   0.0000E+00
     0     0   2.1870E+11   2.2971E-01   4.3697E-05   4.0311E-01   0.0000E+00   0.0000E+00
     0     0   9.2701E+11   3.0774E-01   1.3787E-04   2.3988E-01   0.0000E+00   0.0000E+00
     0     0   7.7806E+12   1.9717E-01   1.3273E-03   1.7923E-01   0.0000E+00   0.0000E+00
     0     0   6.2300E+13   8.8991E-02   4.5460E-03   1.0327E-01   0.0000E+00   0.0000E+00
     0     0   5.3807E+12   2.2272E-01   7.4056E-04   3.2807E-01   0.0000E+00   0.0000E+00
     0     0   1.2607E+12   2.0734E-01   2.0041E-04   2.2825E-01   0.0000E+00   0.0000E+00
     0     0   6.2778E+10   9.5921E-01   4.0685E-06   8.3365E-01   0.0000E+00   0.0000E+00
     0     0   5.4122E+10   9.2283E-01   3.8300E-06   7.9317E-01   0.0000E+00   0.0000E+00
     0     0   1.8578E+10   4.8639E-01   2.7573E-06   4.8424E-01   0.0000E+00   0.0000E+00
     0     0   6.8679E+10   6.9132E-01   6.0283E-06   5.0926E-01   0.0000E+00   0.0000E+00
     0     0   8.7379E+09   6.2129E-01   2.7134E-06   6.0799E-01   0.0000E+00   0.0000E+00
     0     0   5.5388E+10   3.1585E-01   5.9420E-06   3.2120E-01   0.0000E+00   0.0000E+00
     0     0   1.2733E+11   6.7117E-01   1.1721E-05   5.7441E-01   0.0000E+00   0.0000E+00
     0     0   1.0895E+11   6.9739E-01   3.0873E-05   6.2711E-01   0.0000E+00   0.0000E+00
     0     0   1.2565E+11   7.3156E-01   2.9477E-05   6.6218E-01   0.0000E+00   0.0000E+00
     0     0   8.6980E+10   6.5876E-01   2.7443E-05   5.2823E-01   0.0000E+00   0.0000E+00
     0     0   9.7610E+10   5.2413E-01   4.1753E-05   6.1756E-01   0.0000E+00   0.0000E+00
     0     0   1.2034E+12   1.7468E-01   2.5288E-04   2.0954E-01   0.0000E+00   0.0000E+00
     0     0   2.5278E+11   2.4457E-01   6.2783E-05   3.2909E-01   0.0000E+00   0.0000E+00
     0     0   1.2185E+11   4.1387E-01   1.3640E-05   5.0354E-01   0.0000E+00   0.0000E+00
     0     0   2.0109E+11   2.6716E-01   4.3601E-05   3.4062E-01   0.0000E+00   0.0000E+00
     0     0   3.2286E+11   2.2474E-01   7.1471E-05   4.2279E-01   0.0000E+00   0.0000E+00
     0     0   1.7761E+11   2.4723E-01   3.0959E-05   2.3711E-01   0.0000E+00   0.0000E+00
     0     0   1.5172E+12   2.3578E-01   2.1165E-04   1.9306E-01   0.0000E+00   0.0000E+00
     0     0   1.8427E+12   2.0853E-01   3.1725E-04   2.0195E-01   0.0000E+00   0.0000E+00
     0     0   3.5331E+12   1.4032E-01   4.9253E-04   1.4745E-01   0.0000E+00   0.0000E+00
     0     0   6.5137E+13   8.7173E-02   4.9261E-03   9.8068E-02   0.0000E+00   0.0000E+00
     0     0   8.1257E+12   1.4461E-01   1.3809E-03   1.8431E-01   0.0000E+00   0.0000E+00
     0     0   2.8032E+12   1.1403E-01   7.1999E-04   1.4851E-01   0.0000E+00   0.0000E+00
     0     0   1.6602E+12   1.6827E-01   4.3468E-04   2.3456E-01   0.0000E+00   0.0000E+00
     0     0   4.4321E+12   1.2877E-01   1.0883E-03   1.5834E-01   0.0000E+00   0.0000E+00
     0     0   6.4837E+14   3.1429E-02   3.0681E-02   4.2095E-02   0.0000E+00   0.0000E+00
     0     0   5.7704E+14   3.6970E-02   3.1678E-02   5.4216E-02   0.0000E+00   0.0000E+00
     0     0   2.3100E+14   6.5042E-02   1.4526E-02   8.2935E-02   0.0000E+00   0.0000E+00
     0     0   2.6218E+11   5.5364E-01   1.1214E-04   7.3324E-01   0.0000E+00   0.0000E+00
     0     0   1.5842E+11   4.2423E-01   5.0767E-05   5.3595E-01   0.0000E+00   0.0000E+00
     0     0   1.2074E+11   5.9681E-01   4.1672E-05   6.0442E-01   0.0000E+00   0.0000E+00
     0     0   1.7852E+11   4.9954E-01   7.4534E-05   6.5238E-01   0.0000E+00   0.0000E+00
     0     0   4.5176E+11   4.8634E-01   1.6238E-04   7.5015E-01   0.0000E+00   0.0000E+00
     0     0   9.6211E+11   1.9779E-01   2.6097E-04   2.6089E-01   0.0000E+00   0.0000E+00
     0     0   1.6861E+11   4.3848E-01   5.4287E-05   7.4195E-01   0.0000E+00   0.0000E+00
     0     0   1.5447E+10   5.5927E-01   5.2374E-06   7.6984E-01   0.0000E+00   0.0000E+00
     0     0   7.9794E+10   7.6254E-01   2.5521E-05   7.1340E-01   0.0000E+00   0.0000E+00
     0     0   1.7936E+10   5.8976E-01   2.6242E-06   5.4971E-01   0.0000E+00   0.0000E+00
     0     0   9.3383E+10   5.7197E-01   2.0192E-05   5.9820E-01   0.0000E+00   0.0000E+00
     0     0   6.0561E+10   3.2995E-01   1.9743E-05   5.4279E-01   0.0000E+00   0.0000E+00
     0     0   4.6959E+11   4.8591E-01   4.4615E-05   4.6496E-01   0.0000E+00   0.0000E+00
     0     0   5.9835E+10   6.5613E-01   1.6589E-05   6.9071E-01   0.0000E+00   0.0000E+00
     0     0   8.3461E+09   5.8543E-01   1.7465E-06   7.3050E-01   0.0000E+00   0.0000E+00
     0     0   5.3493E+11   4.9880E-01   1.8365E-05   3.8268E-01   0.0000E+00   0.0000E+00
     0     0   6.6186E+12   1.1066E-01   1.3835E-03   1.2241E-01   0.0000E+00   0.0000E+00
     0     0   5.2568E+12   1.7607E-01   8.6081E-04   1.4137E-01   0.0000E+00   0.0000E+00
     0     0   6.8474E+12   1.2768E-01   1.2731E-03   1.2217E-01   0.0000E+00   0.0000E+00
     0     0   9.1564E+14   2.9389E-02   3.3354E-02   3.7577E-02   0.0000E+00   0.0000E+00
     0     0   1.1703E+15   2.5711E-02   3.2964E-02   3.3477E-02   0.0000E+00   0.0000E+00
     0     0   2.5634E+14   6.2263E-02   1.1314E-02   6.3947E-02   0.0000E+00   0.0000E+00
     0     0   3.5665E+12   1.2047E-01   7.2302E-04   1.4611E-01   0.0000E+00   0.0000E+00
     0     0   8.6585E+11   2.2841E-01   9.1728E-05   2.3657E-01   0.0000E+00   0.0000E+00
     0     0   1.9999E+11   2.2713E-01   3.6682E-05   4.4833E-01   0.0000E+00   0.0000E+00
     0     0   1.1451E+12   1.8393E-01   2.6421E-04   2.2790E-01   0.0000E+00   0.0000E+00
     0     0   7.8174E+12   1.8175E-01   1.1682E-03   1.9467E-01   0.0000E+00   0.0000E+00
     0     0   5.5006E+13   9.7995E-02   3.2059E-03   8.5797E-02   0.0000E+00   0.0000E+00
     0     0   4.6415E+12   2.2845E-01   4.0390E-04   1.9001E-01   0.0000E+00   0.0000E+00
     0     0   1.2761E+12   2.2649E-01   1.6948E-04   2.4368E-01   0.0000E+00   0.0000E+00
     0     0   3.0608E+09   7.4168E-01   2.0443E-06   7.7766E-01   0.0000E+00   0.0000E+00
     0     0   1.1299E+09   1.0000E+00   5.9879E-07   1.0000E+00   0.0000E+00   0.0000E+00
     0     0   9.0038E+10   8.3698E-01   7.4960E-06   6.3703E-01   0.0000E+00   0.0000E+00
     0     0   0.0000E+00   0.0000E+00   0.0000E+00   0.0000E+00   0.0000E+00   0.0000E+00
     0     0   1.0505E+10   7.0310E-01   3.5178E-06   6.7853E-01   0.0000E+00   0.0000E+00
     0     0   9.3200E+10   6.6768E-01   5.8976E-06   5.9062E-01   0.0000E+00   0.0000E+00
     0     0   3.7041E+09   5.6386E-01   1.8727E-06   6.2425E-01   0.0000E+00   0.0000E+00
     0     0   1.4810E+11   7.4368E-01   4.1570E-05   6.4452E-01   0.0000E+00   0.0000E+00
     0     0   5.3558E+10   7.0946E-01   2.2177E-05   7.6193E-01   0.0000E+00   0.0000E+00
     0     0   2.7002E+10   5.7463E-01   1.9564E-05   8.3155E-01   0.0000E+00   0.0000E+00
     0     0   1.1187E+11   4.8496E-01   3.4053E-05   5.8745E-01   0.0000E+00   0.0000E+00
     0     0   1.0910E+12   1.8527E-01   2.2252E-04   2.6719E-01   0.0000E+00   0.0000E+00
     0     0   1.8368E+11   2.5647E-01   4.2343E-05   3.5914E-01   0.0000E+00   0.0000E+00
     0     0   8.1787E+10   3.1100E-01   7.6927E-06   3.3940E-01   0.0000E+00   0.0000E+00
     0     0   1.2399E+11   3.5945E-01   2.2191E-05   4.1573E-01   0.0000E+00   0.0000E+00
     0     0   6.8142E+11   5.7365E-01   1.7180E-04   7.1568E-01   0.0000E+00   0.0000E+00
     0     0   2.2300E+11   3.2311E-01   3.9717E-05   5.6337E-01   0.0000E+00   0.0000E+00
     0     0   1.4838E+12   1.8951E-01   1.7500E-04   1.9851E-01   0.0000E+00   0.0000E+00
     0     0   2.1134E+12   1.8412E-01   2.7600E-04   1.9029E-01   0.0000E+00   0.0000E+00
     0     0   5.8546E+12   1.9016E-01   4.0477E-04   1.4287E-01   0.0000E+00   0.0000E+00
     0     0   6.0624E+13   9.8288E-02   3.7455E-03   1.1190E-01   0.0000E+00   0.0000E+00
     0     0   9.1148E+12   1.6636E-01   1.1557E-03   1.8934E-01   0.0000E+00   0.0000E+00
     0     0   3.1911E+12   1.2016E-01   6.8640E-04   1.6069E-01   0.0000E+00   0.0000E+00
     0     0   1.7480E+12   1.8262E-01   3.6507E-04   2.6462E-01   0.0000E+00   0.0000E+00
     0     0   4.1791E+12   1.4215E-01   9.4465E-04   1.6692E-01   0.0000E+00   0.0000E+00
     0     0   1.2008E+15   2.6158E-02   3.5829E-02   3.6403E-02   0.0000E+00   0.0000E+00
     0     0   9.2650E+14   2.8523E-02   3.5048E-02   3.6734E-02   0.0000E+00   0.0000E+00
     0     0   3.0027E+14   6.6317E-02   1.2394E-02   7.2240E-02   0.0000E+00   0.0000E+00
     0     0   1.0477E+11   3.2367E-01   1.9506E-05   4.1712E-01   0.0000E+00   0.0000E+00
     0     0   7.1658E+10   4.2403E-01   1.6780E-05   5.0260E-01   0.0000E+00   0.0000E+00
     0     0   5.4535E+10   5.6013E-01   1.3556E-05   6.5435E-01   0.0000E+00   0.0000E+00
     0     0   1.2151E+11   5.7190E-01   2.2602E-05   4.8436E-01   0.0000E+00   0.0000E+00
     0     0   1.8123E+11   2.4135E-01   2.5206E-05   2.9401E-01   0.0000E+00   0.0000E+00
     0     0   1.1182E+12   1.8668E-01   2.2537E-04   2.4446E-01   0.0000E+00   0.0000E+00
     0     0   1.6288E+11   2.7793E-01   1.9672E-05   3.5934E-01   0.0000E+00   0.0000E+00
     0     0   4.6736E+10   6.7620E-01   7.5832E-06   5.9627E-01   0.0000E+00   0.0000E+00
     0     0   3.2012E+10   5.0552E-01   6.6843E-06   5.7359E-01   0.0000E+00   0.0000E+00
     0     0   1.0507E+11   8.0989E-01   7.5229E-06   6.1131E-01   0.0000E+00   0.0000E+00
     0     0   4.7504E+10   5.1785E-01   3.9970E-06   4.8713E-01   0.0000E+00   0.0000E+00
     0     0   6.7575E+10   4.3767E-01   7.5405E-06   5.1848E-01   0.0000E+00   0.0000E+00
     0     0   3.3714E+11   5.3893E-01   2.1420E-05   4.7355E-01   0.0000E+00   0.0000E+00
     0     0   1.9628E+11   8.2598E-01   3.4663E-05   8.7490E-01   0.0000E+00   0.0000E+00
     0     0   1.4958E+11   3.1500E-01   3.7637E-05   5.3666E-01   0.0000E+00   0.0000E+00
     0     0   9.7701E+11   4.7065E-01   2.1762E-05   3.3180E-01   0.0000E+00   0.0000E+00
     0     0   7.7879E+12   1.2246E-01   1.3840E-03   1.1866E-01   0.0000E+00   0.0000E+00
     0     0   4.6992E+12   1.2656E-01   6.8982E-04   1.1863E-01   0.0000E+00   0.0000E+00
     0     0   8.8554E+12   1.2762E-01   1.1665E-03   1.2008E-01   0.0000E+00   0.0000E+00
     0     0   2.0434E+15   2.3318E-02   4.2970E-02   3.9629E-02   0.0000E+00   0.0000E+00
     0     0   2.9918E+15   2.0327E-02   4.1046E-02   3.3920E-02   0.0000E+00   0.0000E+00
     0     0   3.4144E+14   7.0042E-02   9.3651E-03   7.7133E-02   0.0000E+00   0.0000E+00
     0     0   4.0164E+12   1.4148E-01   6.4392E-04   1.5480E-01   0.0000E+00   0.0000E+00
     0     0   1.3943E+12   2.1009E-01   8.9147E-05   2.2041E-01   0.0000E+00   0.0000E+00
     0     0   5.4326E+11   3.4228E-01   1.6119E-05   3.2836E-01   0.0000E+00   0.0000E+00
     0     0   1.2004E+12   1.8887E-01   1.9590E-04   2.1336E-01   0.0000E+00   0.0000E+00
     0     0   7.6512E+12   1.5253E-01   8.2802E-04   2.0915E-01   0.0000E+00   0.0000E+00
     0     0   5.2673E+13   9.6424E-02   2.3516E-03   8.7344E-02   0.0000E+00   0.0000E+00
     0     0   5.4960E+12   2.4446E-01   3.1704E-04   2.0750E-01   0.0000E+00   0.0000E+00
     0     0   1.7777E+12   2.2738E-01   1.4795E-04   2.6546E-01   0.0000E+00   0.0000E+00
     0     0   2.8083E+10   7.0734E-01   1.0727E-05   9.9447E-01   0.0000E+00   0.0000E+00
     0     0   3.7575E+10   6.3021E-01   5.1948E-07   6.8087E-01   0.0000E+00   0.0000E+00
     0     0   4.0034E+09   5.9647E-01   2.2495E-06   6.8016E-01   0.0000E+00   0.0000E+00
     0     0   2.5603E+10   7.4711E-01   7.9154E-07   8.7458E-01   0.0000E+00   0.0000E+00
     0     0   7.3609E+10   8.1503E-01   1.1868E-05   9.7896E-01   0.0000E+00   0.0000E+00
     0     0   6.0923E+10   3.8134E-01   3.1575E-06   4.1492E-01   0.0000E+00   0.0000E+00
     0     0   7.5698E+09   6.9567E-01   1.6968E-07   6.2603E-01   0.0000E+00   0.0000E+00
     0     0   1.5003E+11   9.2864E-01   3.0124E-05   7.1797E-01   0.0000E+00   0.0000E+00
     0     0   5.7413E+10   8.0288E-01   1.1632E-05   9.5880E-01   0.0000E+00   0.0000E+00
     0     0   2.1889E+10   5.1477E-01   1.2082E-05   8.8399E-01   0.0000E+00   0.0000E+00
     0     0   3.0024E+10   4.4506E-01   1.5204E-05   5.8970E-01   0.0000E+00   0.0000E+00
     0     0   1.0429E+12   1.8291E-01   1.5799E-04   2.6096E-01   0.0000E+00   0.0000E+00
     0     0   1.6827E+11   2.4764E-01   2.8003E-05   3.1839E-01   0.0000E+00   0.0000E+00
     0     0   2.0099E+11   6.2892E-01   1.2137E-05   5.6970E-01   0.0000E+00   0.0000E+00
     0     0   1.4499E+11   3.6184E-01   1.6214E-05   2.9099E-01   0.0000E+00   0.0000E+00
     0     0   4.9425E+11   3.9938E-01   9.0121E-05   7.6246E-01   0.0000E+00   0.0000E+00
     0     0   2.2997E+11   2.9199E-01   1.0355E-05   3.1731E-01   0.0000E+00   0.0000E+00
     0     0   1.5272E+12   3.1602E-01   1.8890E-04   3.9798E-01   0.0000E+00   0.0000E+00
     0     0   2.8100E+12   2.4328E-01   2.3319E-04   2.2344E-01   0.0000E+00   0.0000E+00
     0     0   7.7523E+12   1.3403E-01   3.3587E-04   1.5593E-01   0.0000E+00   0.0000E+00
     0     0   4.9736E+13   9.6264E-02   2.8539E-03   1.3414E-01   0.0000E+00   0.0000E+00
     0     0   9.6439E+12   1.3543E-01   8.2228E-04   1.9401E-01   0.0000E+00   0.0000E+00
     0     0   4.5338E+12   1.3821E-01   6.9096E-04   1.7428E-01   0.0000E+00   0.0000E+00
     0     0   1.6429E+12   2.1006E-01   3.0009E-04   2.9992E-01   0.0000E+00   0.0000E+00
     0     0   5.1866E+12   1.6495E-01   8.4528E-04   1.7680E-01   0.0000E+00   0.0000E+00
     0     0   3.0651E+15   2.0474E-02   4.4917E-02   3.3891E-02   0.0000E+00   0.0000E+00
     0     0   2.0234E+15   2.3408E-02   4.2142E-02   3.4118E-02   0.0000E+00   0.0000E+00
     0     0   3.7424E+14   6.5813E-02   1.0447E-02   6.8465E-02   0.0000E+00   0.0000E+00
     0     0   6.4230E+10   3.9052E-01   1.2201E-05   4.8911E-01   0.0000E+00   0.0000E+00
     0     0   1.8399E+11   5.7094E-01   1.5004E-05   4.8535E-01   0.0000E+00   0.0000E+00
     0     0   9.9947E+10   5.4542E-01   6.1342E-06   7.1264E-01   0.0000E+00   0.0000E+00
     0     0   3.9459E+10   4.9884E-01   5.8348E-06   5.9341E-01   0.0000E+00   0.0000E+00
     0     0   3.3747E+11   2.3398E-01   3.0882E-05   3.4650E-01   0.0000E+00   0.0000E+00
     0     0   1.3633E+12   1.9159E-01   2.3056E-04   2.7736E-01   0.0000E+00   0.0000E+00
     0     0   2.2642E+11   2.6581E-01   2.0961E-05   4.3168E-01   0.0000E+00   0.0000E+00
     0     0   7.0746E+11   8.8418E-01   9.6883E-06   4.3555E-01   0.0000E+00   0.0000E+00
     0     0   1.7899E+11   4.9463E-01   1.6407E-05   5.1907E-01   0.0000E+00   0.0000E+00
     0     0   1.8768E+11   4.6089E-01   3.3035E-06   5.8459E-01   0.0000E+00   0.0000E+00
     0     0   8.2255E+10   4.1712E-01   4.2397E-06   7.0050E-01   0.0000E+00   0.0000E+00
     0     0   3.2071E+11   4.4067E-01   3.3862E-06   5.8913E-01   0.0000E+00   0.0000E+00
     0     0   1.9164E+11   3.8871E-01   7.4321E-06   3.7859E-01   0.0000E+00   0.0000E+00
     0     0   3.4964E+11   5.3447E-01   8.9971E-06   7.3297E-01   0.0000E+00   0.0000E+00
     0     0   1.0841E+11   3.6201E-01   1.9591E-05   7.8509E-01   0.0000E+00   0.0000E+00
     0     0   1.3211E+12   3.1510E-01   2.6449E-05   3.9579E-01   0.0000E+00   0.0000E+00
     0     0   1.1294E+13   1.2313E-01   1.2848E-03   1.1317E-01   0.0000E+00   0.0000E+00
     0     0   6.6450E+12   1.3167E-01   6.4030E-04   1.2021E-01   0.0000E+00   0.0000E+00
     0     0   1.1815E+13   1.1736E-01   1.1105E-03   1.2371E-01   0.0000E+00   0.0000E+00
     0     0   7.4317E+15   1.9434E-02   4.9353E-02   2.7631E-02   0.0000E+00   0.0000E+00
     0     0   1.3732E+16   1.6354E-02   5.0321E-02   2.6460E-02   0.0000E+00   0.0000E+00
     0     0   4.9207E+14   7.8465E-02   7.0616E-03   7.7244E-02   0.0000E+00   0.0000E+00
     0     0   5.8106E+12   1.7168E-01   6.0255E-04   1.6158E-01   0.0000E+00   0.0000E+00
     0     0   3.8978E+12   2.9507E-01   6.4444E-05   2.3803E-01   0.0000E+00   0.0000E+00
     0     0   1.7618E+12   3.2730E-01   2.2011E-05   4.1016E-01   0.0000E+00   0.0000E+00
     0     0   1.6661E+12   2.3237E-01   1.7694E-04   2.2123E-01   0.0000E+00   0.0000E+00
     0     0   9.8380E+12   1.5576E-01   5.8891E-04   2.1808E-01   0.0000E+00   0.0000E+00
     0     0   3.8018E+13   8.2598E-02   1.8298E-03   8.0536E-02   0.0000E+00   0.0000E+00
     0     0   8.9888E+12   2.1526E-01   2.7663E-04   2.0583E-01   0.0000E+00   0.0000E+00
     0     0   4.4512E+12   3.6750E-01   1.2764E-04   2.4161E-01   0.0000E+00   0.0000E+00
     0     0   4.8568E+10   5.6005E-01   1.2407E-05   6.5385E-01   0.0000E+00   0.0000E+00
     0     0   1.1313E+11   5.5032E-01   1.0620E-05   9.1236E-01   0.0000E+00   0.0000E+00
     0     0   3.4067E+10   6.3828E-01   1.4415E-05   6.9074E-01   0.0000E+00   0.0000E+00
     0     0   7.8194E+10   8.0181E-01   5.6743E-07   6.7580E-01   0.0000E+00   0.0000E+00
     0     0   1.3036E+10   7.3013E-01   2.9619E-07   6.2558E-01   0.0000E+00   0.0000E+00
     0     0   9.7005E+10   5.5349E-01   2.2922E-06   5.1201E-01   0.0000E+00   0.0000E+00
     0     0   1.6629E+10   8.1594E-01   2.1051E-07   9.2325E-01   0.0000E+00   0.0000E+00
     0     0   2.4474E+11   6.7176E-01   1.8531E-05   6.5108E-01   0.0000E+00   0.0000E+00
     0     0   4.4070E+10   5.5381E-01   1.6010E-05   6.7341E-01   0.0000E+00   0.0000E+00
     0     0   2.4045E+11   5.2673E-01   1.3369E-05   8.6883E-01   0.0000E+00   0.0000E+00
     0     0   2.4832E+10   5.0953E-01   8.2983E-06   6.8800E-01   0.0000E+00   0.0000E+00
     0     0   2.7826E+12   3.1226E-01   1.6916E-04   2.8441E-01   0.0000E+00   0.0000E+00
     0     0   2.3875E+11   2.8742E-01   2.7103E-05   3.4891E-01   0.0000E+00   0.0000E+00
     0     0   1.6179E+11   5.6701E-01   3.3251E-06   3.4256E-01   0.0000E+00   0.0000E+00
     0     0   2.0117E+11   3.6517E-01   2.6043E-05   4.5096E-01   0.0000E+00   0.0000E+00
     0     0   5.6776E+11   2.7452E-01   1.4979E-05   2.6145E-01   0.0000E+00   0.0000E+00
     0     0   5.9358E+11   2.8792E-01   1.5120E-05   4.1729E-01   0.0000E+00   0.0000E+00
     0     0   3.3523E+12   1.9505E-01   1.4705E-04   3.9137E-01   0.0000E+00   0.0000E+00
     0     0   3.1301E+12   1.9522E-01   1.4539E-04   2.1603E-01   0.0000E+00   0.0000E+00
     0     0   1.2971E+13   1.4592E-01   3.3190E-04   1.8483E-01   0.0000E+00   0.0000E+00
     0     0   5.0096E+13   1.1055E-01   2.2352E-03   9.6918E-02   0.0000E+00   0.0000E+00
     0     0   1.6636E+13   1.3225E-01   7.5825E-04   2.3809E-01   0.0000E+00   0.0000E+00
     0     0   5.7975E+12   1.4667E-01   6.4803E-04   2.1086E-01   0.0000E+00   0.0000E+00
     0     0   3.4263E+12   2.2670E-01   3.1088E-04   2.9367E-01   0.0000E+00   0.0000E+00
     0     0   7.1417E+12   1.4943E-01   7.7267E-04   1.6038E-01   0.0000E+00   0.0000E+00
     0     0   1.4034E+16   1.6005E-02   5.3713E-02   2.8082E-02   0.0000E+00   0.0000E+00
     0     0   7.3268E+15   1.9502E-02   5.2755E-02   3.4603E-02   0.0000E+00   0.0000E+00
     0     0   4.9966E+14   7.7293E-02   7.3652E-03   6.8381E-02   0.0000E+00   0.0000E+00
     0     0   6.1750E+11   6.3098E-01   9.0958E-06   6.7003E-01   0.0000E+00   0.0000E+00
     0     0   2.3994E+11   5.8601E-01   1.3716E-05   5.6874E-01   0.0000E+00   0.0000E+00
     0     0   9.6563E+10   6.8641E-01   3.4532E-07   6.7835E-01   0.0000E+00   0.0000E+00
     0     0   1.4468E+12   3.9784E-01   2.0154E-04   8.1129E-01   0.0000E+00   0.0000E+00
     0     0   2.5830E+11   4.4319E-01   1.1867E-05   5.3584E-01   0.0000E+00   0.0000E+00
     0     0   2.9417E+11   2.7282E-01   2.1270E-05   3.1756E-01   0.0000E+00   0.0000E+00
     0     0   4.9130E+12   9.6694E-01   8.8942E-06   5.9077E-01   0.0000E+00   0.0000E+00
     0     0   7.5699E+11   5.0812E-01   1.7735E-05   5.4836E-01   0.0000E+00   0.0000E+00
     0     0   4.7714E+11   5.9238E-01   4.3905E-06   5.6814E-01   0.0000E+00   0.0000E+00
     0     0   3.5696E+11   6.6723E-01   2.6305E-06   3.6662E-01   0.0000E+00   0.0000E+00
     0     0   3.7141E+11   4.9090E-01   5.3076E-06   4.6255E-01   0.0000E+00   0.0000E+00
     0     0   8.9003E+11   4.0051E-01   3.1303E-06   4.3594E-01   0.0000E+00   0.0000E+00
     0     0   4.7941E+11   5.3746E-01   2.1535E-06   5.6974E-01   0.0000E+00   0.0000E+00
     0     0   2.3832E+12   2.6964E-01   2.2776E-04   2.2999E-01   0.0000E+00   0.0000E+00
     0     0   7.7067E+12   2.2100E-01   5.5345E-04   1.5789E-01   0.0000E+00   0.0000E+00
     0     0   1.0952E+13   1.4580E-01   6.3167E-04   1.3351E-01   0.0000E+00   0.0000E+00
     0     0   6.4923E+13   8.5486E-02   1.7976E-03   9.2518E-02   0.0000E+00   0.0000E+00
     0     0   1.2385E+14   9.9115E-02   3.5312E-03   8.1579E-02   0.0000E+00   0.0000E+00
     0     0   1.2270E+12   2.8959E-01   2.3885E-05   4.1974E-01   0.0000E+00   0.0000E+00
     0     0   5.8101E+11   4.4787E-01   1.3470E-05   6.6905E-01   0.0000E+00   0.0000E+00
     0     0   3.4587E+12   3.1367E-01   2.3588E-05   2.7139E-01   0.0000E+00   0.0000E+00
     0     0   2.4333E+13   1.5639E-01   2.8276E-04   1.6016E-01   0.0000E+00   0.0000E+00
     0     0   1.5017E+13   4.4704E-01   1.0706E-04   2.4578E-01   0.0000E+00   0.0000E+00
     0     0   9.4113E+12   2.2264E-01   7.4146E-05   2.2463E-01   0.0000E+00   0.0000E+00
     0     0   2.1929E+13   1.2909E-01   5.7343E-04   1.8347E-01   0.0000E+00   0.0000E+00
     0     0   4.1109E+12   1.9152E-01   3.7032E-04   2.8063E-01   0.0000E+00   0.0000E+00
     0     0   9.4225E+10   6.0084E-01   2.5149E-05   7.3251E-01   0.0000E+00   0.0000E+00
     0     0   2.2360E+10   7.2372E-01   6.5623E-06   9.8507E-01   0.0000E+00   0.0000E+00
     0     0   2.1531E+11   8.8148E-01   1.5209E-05   6.9033E-01   0.0000E+00   0.0000E+00
     0     0   3.4496E+11   5.2591E-01   1.1385E-06   7.3685E-01   0.0000E+00   0.0000E+00
     0     0   3.1633E+11   7.2557E-01   1.9305E-06   6.6837E-01   0.0000E+00   0.0000E+00
     0     0   7.5755E+11   7.1136E-01   4.6980E-06   6.1807E-01   0.0000E+00   0.0000E+00
     0     0   2.4831E+11   6.5790E-01   4.9493E-06   8.6985E-01   0.0000E+00   0.0000E+00
     0     0   2.9122E+10   9.2722E-01   7.0200E-06   9.9979E-01   0.0000E+00   0.0000E+00
     0     0   1.8638E+11   7.8937E-01   6.1002E-06   8.0807E-01   0.0000E+00   0.0000E+00
     0     0   1.0477E+12   7.9361E-01   7.5146E-06   6.9633E-01   0.0000E+00   0.0000E+00
     0     0   2.1837E+11   4.0702E-01   2.9591E-05   5.8389E-01   0.0000E+00   0.0000E+00
     0     0   3.4255E+11   6.0305E-01   8.9037E-06   6.7586E-01   0.0000E+00   0.0000E+00
     0     0   6.0542E+11   3.2209E-01   1.1523E-04   4.9796E-01   0.0000E+00   0.0000E+00
     0     0   1.3171E+12   2.9294E-01   1.8411E-05   2.8568E-01   0.0000E+00   0.0000E+00
     0     0   1.3441E+12   2.8237E-01   1.2158E-05   3.6743E-01   0.0000E+00   0.0000E+00
     0     0   4.8160E+11   4.7768E-01   2.3436E-06   4.1761E-01   0.0000E+00   0.0000E+00
     0     0   1.0352E+13   1.9586E-01   1.4500E-04   2.0790E-01   0.0000E+00   0.0000E+00
     0     0   3.3742E+12   2.9630E-01   1.6341E-04   3.3780E-01   0.0000E+00   0.0000E+00
     0     0   2.6379E+13   1.3811E-01   3.5272E-04   1.6679E-01   0.0000E+00   0.0000E+00
     0     0   8.0591E+12   2.0526E-01   1.1907E-04   2.9128E-01   0.0000E+00   0.0000E+00
     0     0   3.1347E+13   1.4376E-01   8.2867E-04   2.0288E-01   0.0000E+00   0.0000E+00
     0     0   1.0336E+13   1.5278E-01   7.3761E-04   1.7275E-01   0.0000E+00   0.0000E+00
     0     0   6.8805E+12   2.3846E-01   2.7521E-04   3.3400E-01   0.0000E+00   0.0000E+00
     0     0   1.7011E+14   1.0509E-01   4.0895E-03   7.3439E-02   0.0000E+00   0.0000E+00
     0     0   7.4449E+13   9.3557E-02   1.9526E-03   7.9191E-02   0.0000E+00   0.0000E+00
     0     0   7.1489E+12   1.5903E-01   5.1811E-04   2.0376E-01   0.0000E+00   0.0000E+00
     0     0   6.4443E+11   6.3429E-01   1.0050E-05   7.4082E-01   0.0000E+00   0.0000E+00
     0     0   2.4844E+11   6.0741E-01   1.3515E-05   6.7497E-01   0.0000E+00   0.0000E+00
     0     0   3.7001E+11   5.7678E-01   4.6323E-06   8.6589E-01   0.0000E+00   0.0000E+00
     0     0   1.8590E+12   2.8500E-01   1.1422E-04   3.5244E-01   0.0000E+00   0.0000E+00
     0     0   2.8175E+11   4.6806E-01   6.7202E-06   4.4496E-01   0.0000E+00   0.0000E+00
     0     0   1.1097E+12   4.7732E-01   1.8502E-04   8.3691E-01   0.0000E+00   0.0000E+00
     0     0   6.7405E+11   7.1598E-01   9.2528E-06   6.7062E-01   0.0000E+00   0.0000E+00
     0     0   1.1151E+12   7.2515E-01   1.7677E-05   5.6292E-01   0.0000E+00   0.0000E+00
     0     0   2.4387E+12   8.5190E-01   4.7236E-06   5.0685E-01   0.0000E+00   0.0000E+00
     0     0   6.1640E+11   7.2527E-01   2.3033E-06   3.6294E-01   0.0000E+00   0.0000E+00
     0     0   3.6290E+11   4.0730E-01   4.2947E-06   5.1574E-01   0.0000E+00   0.0000E+00
     0     0   8.0751E+11   3.6155E-01   4.1722E-06   4.1501E-01   0.0000E+00   0.0000E+00
     0     0   5.0147E+11   4.3435E-01   3.0076E-06   4.9741E-01   0.0000E+00   0.0000E+00
     0     0   3.8472E+12   2.3462E-01   2.1259E-04   2.3242E-01   0.0000E+00   0.0000E+00
     0     0   1.0114E+13   2.1012E-01   5.1868E-04   1.7185E-01   0.0000E+00   0.0000E+00
     0     0   1.5813E+13   1.3515E-01   6.2485E-04   1.3594E-01   0.0000E+00   0.0000E+00
     0     0   1.2666E+14   9.0895E-02   1.7329E-03   1.0298E-01   0.0000E+00   0.0000E+00
     0     0   1.2433E+14   8.9334E-02   2.2565E-03   7.9091E-02   0.0000E+00   0.0000E+00
     0     0   3.1207E+12   4.9357E-01   1.6669E-05   4.6720E-01   0.0000E+00   0.0000E+00
     0     0   1.6621E+12   3.4762E-01   1.9359E-05   7.2496E-01   0.0000E+00   0.0000E+00
     0     0   3.4448E+12   2.5780E-01   1.8869E-05   2.9456E-01   0.0000E+00   0.0000E+00
     0     0   6.6307E+13   1.6859E-01   3.4854E-04   1.5723E-01   0.0000E+00   0.0000E+00
     0     0   2.2336E+13   2.7612E-01   1.0711E-04   2.4093E-01   0.0000E+00   0.0000E+00
     0     0   1.1499E+13   1.8105E-01   7.7709E-05   2.3460E-01   0.0000E+00   0.0000E+00
     0     0   8.8221E+13   2.0287E-01   6.7462E-04   1.4798E-01   0.0000E+00   0.0000E+00
     0     0   7.9366E+12   2.1469E-01   4.0169E-04   2.9812E-01   0.0000E+00   0.0000E+00
     0     0   6.7108E+11   7.7460E-01   2.7853E-05   7.1131E-01   0.0000E+00   0.0000E+00
     0     0   5.8731E+10   5.9377E-01   5.4668E-06   9.6261E-01   0.0000E+00   0.0000E+00
     0     0   3.6658E+11   6.7438E-01   1.0532E-05   6.0021E-01   0.0000E+00   0.0000E+00
     0     0   8.0134E+11   5.5170E-01   2.4411E-06   7.8232E-01   0.0000E+00   0.0000E+00
     0     0   7.3034E+11   6.0902E-01   3.2329E-06   7.2697E-01   0.0000E+00   0.0000E+00
     0     0   8.5490E+11   5.1759E-01   2.8500E-06   3.7652E-01   0.0000E+00   0.0000E+00
     0     0   1.7257E+11   7.2355E-01   4.8421E-06   9.5042E-01   0.0000E+00   0.0000E+00
     0     0   8.8079E+10   7.9083E-01   1.9455E-07   8.6688E-01   0.0000E+00   0.0000E+00
     0     0   1.6367E+11   9.9900E-01   1.0032E-07   9.8775E-01   0.0000E+00   0.0000E+00
     0     0   1.2371E+12   7.9105E-01   5.8414E-06   5.1526E-01   0.0000E+00   0.0000E+00
     0     0   3.2669E+11   3.7951E-01   3.7382E-05   5.0370E-01   0.0000E+00   0.0000E+00
     0     0   5.4078E+11   7.1553E-01   1.1599E-05   6.4505E-01   0.0000E+00   0.0000E+00
     0     0   9.3213E+11   3.9582E-01   8.1991E-05   6.2071E-01   0.0000E+00   0.0000E+00
     0     0   4.9856E+12   5.0573E-01   1.9616E-05   3.4687E-01   0.0000E+00   0.0000E+00
     0     0   2.8574E+12   4.9638E-01   1.2576E-05   3.1792E-01   0.0000E+00   0.0000E+00
     0     0   1.8975E+12   5.7162E-01   8.4695E-06   6.5444E-01   0.0000E+00   0.0000E+00
     0     0   1.7373E+13   1.7810E-01   1.4448E-04   2.0972E-01   0.0000E+00   0.0000E+00
     0     0   4.6711E+12   2.6175E-01   1.4390E-04   3.3197E-01   0.0000E+00   0.0000E+00
     0     0   5.3827E+13   1.3005E-01   4.1353E-04   1.8208E-01   0.0000E+00   0.0000E+00
     0     0   1.2811E+13   3.5375E-01   1.0844E-04   2.6738E-01   0.0000E+00   0.0000E+00
     0     0   6.8886E+13   1.3942E-01   8.3596E-04   1.7249E-01   0.0000E+00   0.0000E+00
     0     0   1.5285E+13   1.4435E-01   7.5928E-04   1.7443E-01   0.0000E+00   0.0000E+00
     0     0   8.9995E+12   2.3748E-01   3.1376E-04   3.2999E-01   0.0000E+00   0.0000E+00
     0     0   1.4880E+14   9.4157E-02   2.5407E-03   7.8712E-02   0.0000E+00   0.0000E+00
     0     0   1.3181E+14   8.8241E-02   1.7805E-03   8.3106E-02   0.0000E+00   0.0000E+00
     0     0   9.7925E+12   1.6213E-01   4.3093E-04   1.4755E-01   0.0000E+00   0.0000E+00
     0     0   7.4527E+11   5.2176E-01   6.1613E-05   9.4913E-01   0.0000E+00   0.0000E+00
     0     0   9.7652E+11   7.5566E-01   2.4270E-04   9.5157E-01   0.0000E+00   0.0000E+00
     0     0   9.1466E+11   5.6817E-01   8.4092E-05   8.3006E-01   0.0000E+00   0.0000E+00
     0     0   3.5328E+12   3.0822E-01   1.2909E-04   3.6733E-01   0.0000E+00   0.0000E+00
     0     0   3.8718E+11   4.1866E-01   2.5891E-05   7.7636E-01   0.0000E+00   0.0000E+00
     0     0   9.3700E+11   3.9145E-01   3.5409E-05   3.4632E-01   0.0000E+00   0.0000E+00
     0     0   8.2693E+11   8.3367E-01   8.4887E-06   7.8051E-01   0.0000E+00   0.0000E+00
     0     0   2.7343E+11   6.3289E-01   8.2258E-06   7.0863E-01   0.0000E+00   0.0000E+00
     0     0   2.5278E+12   8.1991E-01   5.1222E-06   4.5106E-01   0.0000E+00   0.0000E+00
     0     0   2.7153E+11   5.0713E-01   1.9918E-06   3.8478E-01   0.0000E+00   0.0000E+00
     0     0   1.9531E+11   4.8837E-01   3.6023E-06   5.6847E-01   0.0000E+00   0.0000E+00
     0     0   1.2565E+12   3.6242E-01   4.9973E-06   4.1069E-01   0.0000E+00   0.0000E+00
     0     0   4.8843E+11   5.7941E-01   2.9932E-06   5.4528E-01   0.0000E+00   0.0000E+00
     0     0   9.2592E+12   2.7834E-01   2.4499E-04   2.7961E-01   0.0000E+00   0.0000E+00
     0     0   1.4876E+13   1.7728E-01   5.3570E-04   1.7090E-01   0.0000E+00   0.0000E+00
     0     0   2.5543E+13   1.3254E-01   6.3069E-04   1.3307E-01   0.0000E+00   0.0000E+00
     0     0   1.9461E+14   1.4877E-01   1.4709E-03   9.2775E-02   0.0000E+00   0.0000E+00
     0     0   2.4337E+14   1.4620E-01   1.6758E-03   8.0039E-02   0.0000E+00   0.0000E+00
     0     0   3.5118E+12   4.0085E-01   1.6726E-05   4.6306E-01   0.0000E+00   0.0000E+00
     0     0   1.4630E+12   3.3519E-01   1.8405E-05   6.9173E-01   0.0000E+00   0.0000E+00
     0     0   7.0037E+12   3.6298E-01   2.4433E-05   3.7006E-01   0.0000E+00   0.0000E+00
     0     0   1.1452E+14   2.5100E-01   4.4878E-04   1.5627E-01   0.0000E+00   0.0000E+00
     0     0   2.8973E+13   2.1757E-01   1.0651E-04   2.1069E-01   0.0000E+00   0.0000E+00
     0     0   2.0070E+13   2.4807E-01   8.2667E-05   2.3256E-01   0.0000E+00   0.0000E+00
     0     0   1.3748E+14   1.4889E-01   8.1397E-04   1.4594E-01   0.0000E+00   0.0000E+00
     0     0   1.8582E+13   2.9748E-01   4.7924E-04   2.8034E-01   0.0000E+00   0.0000E+00
     0     0   1.3858E+11   7.3134E-01   1.0715E-05   7.2418E-01   0.0000E+00   0.0000E+00
     0     0   5.6441E+11   5.8896E-01   1.5651E-05   5.8585E-01   0.0000E+00   0.0000E+00
     0     0   1.8464E+11   8.3260E-01   3.4553E-06   6.4174E-01   0.0000E+00   0.0000E+00
     0     0   6.8545E+11   5.6959E-01   2.3422E-06   7.9697E-01   0.0000E+00   0.0000E+00
     0     0   4.5695E+11   4.9193E-01   1.2736E-06   5.6975E-01   0.0000E+00   0.0000E+00
     0     0   7.4849E+11   4.7947E-01   2.9181E-06   3.7503E-01   0.0000E+00   0.0000E+00
     0     0   6.9022E+11   6.1482E-01   5.5295E-06   8.6992E-01   0.0000E+00   0.0000E+00
     0     0   1.3037E+11   8.2042E-01   4.7899E-06   9.6062E-01   0.0000E+00   0.0000E+00
     0     0   1.2490E+11   9.6715E-01   1.8914E-06   9.7928E-01   0.0000E+00   0.0000E+00
     0     0   1.3103E+12   7.8509E-01   6.1722E-06   4.3341E-01   0.0000E+00   0.0000E+00
     0     0   5.8152E+11   3.3263E-01   7.0163E-05   5.7542E-01   0.0000E+00   0.0000E+00
     0     0   9.2150E+11   6.6359E-01   1.3364E-05   5.5272E-01   0.0000E+00   0.0000E+00
     0     0   1.7285E+12   4.8053E-01   5.7898E-05   4.7875E-01   0.0000E+00   0.0000E+00
     0     0   5.5234E+12   2.6692E-01   2.8891E-05   3.7893E-01   0.0000E+00   0.0000E+00
     0     0   3.5783E+12   3.0141E-01   1.4275E-05   2.9049E-01   0.0000E+00   0.0000E+00
     0     0   1.5529E+12   4.4120E-01   2.8320E-06   3.0738E-01   0.0000E+00   0.0000E+00
     0     0   2.9747E+13   3.0117E-01   1.3873E-04   2.2176E-01   0.0000E+00   0.0000E+00
     0     0   7.8748E+12   2.2733E-01   1.8132E-04   3.1596E-01   0.0000E+00   0.0000E+00
     0     0   8.8349E+13   1.3966E-01   5.0441E-04   1.8601E-01   0.0000E+00   0.0000E+00
     0     0   1.7319E+13   1.9868E-01   1.0306E-04   2.2630E-01   0.0000E+00   0.0000E+00
     0     0   1.2053E+14   1.4335E-01   8.8219E-04   1.4408E-01   0.0000E+00   0.0000E+00
     0     0   2.3991E+13   1.3918E-01   7.9718E-04   1.6881E-01   0.0000E+00   0.0000E+00
     0     0   1.3355E+13   2.2990E-01   2.9880E-04   3.2878E-01   0.0000E+00   0.0000E+00
     0     0   2.0202E+14   9.6505E-02   1.9410E-03   8.2383E-02   0.0000E+00   0.0000E+00
     0     0   1.7998E+14   1.0200E-01   1.6097E-03   9.2503E-02   0.0000E+00   0.0000E+00
     0     0   1.5867E+13   1.5410E-01   4.9010E-04   1.5212E-01   0.0000E+00   0.0000E+00
     0     0   9.2622E+11   5.1852E-01   5.7347E-05   9.1143E-01   0.0000E+00   0.0000E+00
     0     0   3.9400E+11   5.9446E-01   9.9272E-06   6.0180E-01   0.0000E+00   0.0000E+00
     0     0   7.2640E+11   4.6906E-01   6.1828E-05   8.2606E-01   0.0000E+00   0.0000E+00
     0     0   5.3524E+12   5.0194E-01   1.5279E-04   3.9857E-01   0.0000E+00   0.0000E+00
     0     0   4.0895E+11   4.3085E-01   1.9192E-05   7.7597E-01   0.0000E+00   0.0000E+00
     0     0   1.5469E+12   3.9127E-01   3.7028E-05   3.7151E-01   0.0000E+00   0.0000E+00
     0     0   6.3888E+12   6.2217E-01   1.4034E-05   6.7071E-01   0.0000E+00   0.0000E+00
     0     0   1.4070E+13   8.9978E-01   3.3376E-05   8.0257E-01   0.0000E+00   0.0000E+00
     0     0   7.5442E+12   7.5385E-01   6.8780E-06   4.5621E-01   0.0000E+00   0.0000E+00
     0     0   2.2636E+11   4.7859E-01   1.8720E-06   4.7690E-01   0.0000E+00   0.0000E+00
     0     0   1.8098E+11   6.4246E-01   3.4269E-06   5.6469E-01   0.0000E+00   0.0000E+00
     0     0   3.1197E+12   8.4588E-01   5.5060E-06   4.8459E-01   0.0000E+00   0.0000E+00
     0     0   1.1227E+12   5.5627E-01   4.4957E-06   4.8453E-01   0.0000E+00   0.0000E+00
     0     0   1.0381E+13   2.3575E-01   4.2654E-04   5.2505E-01   0.0000E+00   0.0000E+00
     0     0   2.9452E+13   1.7231E-01   5.2062E-04   1.7983E-01   0.0000E+00   0.0000E+00
     0     0   3.6260E+13   1.3993E-01   5.9879E-04   1.3587E-01   0.0000E+00   0.0000E+00
     0     0   1.6285E+14   1.5468E-01   1.2439E-03   8.3298E-02   0.0000E+00   0.0000E+00
     0     0   2.0158E+14   1.5536E-01   1.3341E-03   8.5386E-02   0.0000E+00   0.0000E+00
     0     0   9.2812E+12   6.1037E-01   1.9692E-05   4.0594E-01   0.0000E+00   0.0000E+00
     0     0   6.1277E+12   7.2650E-01   1.9154E-05   6.1635E-01   0.0000E+00   0.0000E+00
     0     0   1.0430E+13   4.4322E-01   3.5088E-05   3.4081E-01   0.0000E+00   0.0000E+00
     0     0   8.2357E+13   1.8239E-01   4.2571E-04   1.4154E-01   0.0000E+00   0.0000E+00
     0     0   4.8540E+13   2.6027E-01   1.5052E-04   2.0243E-01   0.0000E+00   0.0000E+00
     0     0   2.6869E+13   2.0464E-01   8.8678E-05   2.3319E-01   0.0000E+00   0.0000E+00
     0     0   1.1912E+14   1.7400E-01   8.1945E-04   1.4482E-01   0.0000E+00   0.0000E+00
     0     0   2.2325E+13   2.5397E-01   3.7346E-04   2.4644E-01   0.0000E+00   0.0000E+00
     0     0   4.4693E+11   7.1466E-01   2.5449E-06   8.0807E-01   0.0000E+00   0.0000E+00
     0     0   1.7462E+12   5.7404E-01   1.9639E-05   6.1480E-01   0.0000E+00   0.0000E+00
     0     0   1.9050E+11   7.8752E-01   3.0873E-06   7.3303E-01   0.0000E+00   0.0000E+00
     0     0   1.4401E+12   8.6998E-01   2.2058E-06   7.8630E-01   0.0000E+00   0.0000E+00
     0     0   8.7553E+11   7.4493E-01   1.9190E-06   8.0376E-01   0.0000E+00   0.0000E+00
     0     0   3.4280E+12   5.9338E-01   5.8379E-06   4.3799E-01   0.0000E+00   0.0000E+00
     0     0   1.0511E+12   5.5044E-01   7.5645E-06   6.9068E-01   0.0000E+00   0.0000E+00
     0     0   9.0225E+10   8.1117E-01   1.4714E-06   8.9523E-01   0.0000E+00   0.0000E+00
     0     0   9.8713E+10   9.1881E-01   3.9557E-06   9.8734E-01   0.0000E+00   0.0000E+00
     0     0   1.3676E+12   7.1227E-01   1.1712E-05   5.0419E-01   0.0000E+00   0.0000E+00
     0     0   1.1214E+12   4.3209E-01   1.0084E-04   5.9871E-01   0.0000E+00   0.0000E+00
     0     0   1.1621E+12   6.7209E-01   1.1887E-05   5.5022E-01   0.0000E+00   0.0000E+00
     0     0   2.5625E+12   4.4222E-01   7.9764E-05   5.6729E-01   0.0000E+00   0.0000E+00
     0     0   5.6150E+12   3.5931E-01   4.1505E-05   3.8838E-01   0.0000E+00   0.0000E+00
     0     0   3.0323E+12   3.3247E-01   1.2621E-05   2.7894E-01   0.0000E+00   0.0000E+00
     0     0   1.0474E+12   5.2698E-01   2.2261E-06   2.9099E-01   0.0000E+00   0.0000E+00
     0     0   3.3701E+13   2.0851E-01   1.3646E-04   2.2229E-01   0.0000E+00   0.0000E+00
     0     0   1.2577E+13   2.4808E-01   1.9039E-04   3.2418E-01   0.0000E+00   0.0000E+00
     0     0   9.5206E+13   1.5018E-01   5.6763E-04   1.8343E-01   0.0000E+00   0.0000E+00
     0     0   1.7307E+13   2.3472E-01   9.3957E-05   2.1756E-01   0.0000E+00   0.0000E+00
     0     0   1.3128E+14   1.5642E-01   8.5386E-04   1.2974E-01   0.0000E+00   0.0000E+00
     0     0   3.6833E+13   1.4454E-01   7.6313E-04   1.6827E-01   0.0000E+00   0.0000E+00
     0     0   3.9057E+13   5.9097E-01   3.6283E-04   3.7312E-01   0.0000E+00   0.0000E+00
     0     0   2.4499E+14   1.3293E-01   1.5759E-03   8.5922E-02   0.0000E+00   0.0000E+00
     0     0   1.7369E+14   1.1038E-01   1.5047E-03   9.6810E-02   0.0000E+00   0.0000E+00
     0     0   2.7979E+13   1.9187E-01   5.3187E-04   1.5344E-01   0.0000E+00   0.0000E+00
     0     0   6.0312E+11   6.5229E-01   7.8658E-06   7.7715E-01   0.0000E+00   0.0000E+00
     0     0   6.9591E+11   4.9270E-01   1.1508E-05   7.4598E-01   0.0000E+00   0.0000E+00
     0     0   9.4014E+11   5.7754E-01   4.0254E-05   8.6640E-01   0.0000E+00   0.0000E+00
     0     0   7.5898E+12   5.8606E-01   7.8423E-05   5.3079E-01   0.0000E+00   0.0000E+00
     0     0   2.0192E+11   4.9521E-01   7.1689E-06   4.0171E-01   0.0000E+00   0.0000E+00
     0     0   4.8563E+11   4.7054E-01   2.4519E-05   7.0031E-01   0.0000E+00   0.0000E+00
     0     0   7.7092E+12   3.9246E-01   1.2696E-04   3.5059E-01   0.0000E+00   0.0000E+00
     0     0   4.6080E+12   6.8970E-01   4.9957E-06   4.7224E-01   0.0000E+00   0.0000E+00
     0     0   2.0887E+12   7.7913E-01   2.0566E-05   6.9997E-01   0.0000E+00   0.0000E+00
     0     0   2.0233E+12   6.8422E-01   3.6853E-06   5.1318E-01   0.0000E+00   0.0000E+00
     0     0   5.7635E+11   4.5809E-01   4.4395E-06   5.4885E-01   0.0000E+00   0.0000E+00
     0     0   2.5036E+11   5.8641E-01   1.3903E-06   5.0290E-01   0.0000E+00   0.0000E+00
     0     0   3.4046E+11   8.5009E-01   3.3167E-06   5.5735E-01   0.0000E+00   0.0000E+00
     0     0   1.1663E+12   3.7593E-01   1.7039E-05   6.3571E-01   0.0000E+00   0.0000E+00
     0     0   2.7699E+13   3.3230E-01   3.6865E-04   2.2444E-01   0.0000E+00   0.0000E+00
     0     0   3.3382E+13   1.6791E-01   5.7378E-04   1.8218E-01   0.0000E+00   0.0000E+00
     0     0   3.7443E+13   1.6234E-01   6.7372E-04   1.4517E-01   0.0000E+00   0.0000E+00
     0     0   1.5361E+14   1.4169E-01   1.1348E-03   9.0273E-02   0.0000E+00   0.0000E+00
     0     0   9.5600E+12   3.6217E-01   2.6524E-05   3.1905E-01   0.0000E+00   0.0000E+00
     0     0   2.0826E+13   2.2203E-01   9.6761E-05   2.3086E-01   0.0000E+00   0.0000E+00
     0     0   2.9721E+12   2.9013E-01   1.6851E-05   4.5795E-01   0.0000E+00   0.0000E+00
     0     0   1.0166E+14   1.9200E-01   7.9615E-04   1.3083E-01   0.0000E+00   0.0000E+00
     0     0   1.3918E+14   1.6688E-01   1.0851E-03   8.6666E-02   0.0000E+00   0.0000E+00
     0     0   4.0562E+13   2.3954E-01   1.5829E-04   2.1821E-01   0.0000E+00   0.0000E+00
     0     0   7.3459E+13   2.3009E-01   4.5956E-04   1.4432E-01   0.0000E+00   0.0000E+00
     0     0   1.5515E+13   2.8270E-01   2.4947E-04   2.9581E-01   0.0000E+00   0.0000E+00
     0     0   9.9654E+11   5.9663E-01   1.6659E-05   6.1799E-01   0.0000E+00   0.0000E+00
     0     0   1.8244E+12   6.7539E-01   8.9472E-06   6.1323E-01   0.0000E+00   0.0000E+00
     0     0   3.0545E+11   7.0651E-01   3.1792E-06   7.5432E-01   0.0000E+00   0.0000E+00
     0     0   1.3802E+12   6.9594E-01   1.0022E-06   6.1098E-01   0.0000E+00   0.0000E+00
     0     0   6.5431E+11   4.5573E-01   2.9096E-06   4.2134E-01   0.0000E+00   0.0000E+00
     0     0   8.9452E+11   6.5024E-01   8.2883E-07   5.4631E-01   0.0000E+00   0.0000E+00
     0     0   9.8612E+10   7.4341E-01   7.8845E-07   8.3111E-01   0.0000E+00   0.0000E+00
     0     0   5.1452E+11   8.4010E-01   2.5870E-06   7.4067E-01   0.0000E+00   0.0000E+00
     0     0   1.3116E+11   9.2579E-01   1.4957E-06   9.5140E-01   0.0000E+00   0.0000E+00
     0     0   1.6961E+12   6.7446E-01   1.7517E-04   7.2393E-01   0.0000E+00   0.0000E+00
     0     0   1.4650E+12   3.6495E-01   5.5203E-05   3.8399E-01   0.0000E+00   0.0000E+00
     0     0   1.2484E+12   7.0536E-01   9.9732E-06   5.3522E-01   0.0000E+00   0.0000E+00
     0     0   5.1196E+12   6.7320E-01   6.9892E-05   5.5701E-01   0.0000E+00   0.0000E+00
     0     0   1.8342E+12   4.9664E-01   3.6688E-06   3.4024E-01   0.0000E+00   0.0000E+00
     0     0   2.8325E+12   2.4899E-01   4.1778E-05   3.7977E-01   0.0000E+00   0.0000E+00
     0     0   2.3754E+12   3.9533E-01   1.3300E-05   2.9883E-01   0.0000E+00   0.0000E+00
     0     0   1.3715E+13   2.1306E-01   1.2103E-04   2.8673E-01   0.0000E+00   0.0000E+00
     0     0   7.9741E+13   1.5705E-01   6.3313E-04   1.8088E-01   0.0000E+00   0.0000E+00
     0     0   2.6664E+13   1.9861E-01   1.5532E-04   2.1854E-01   0.0000E+00   0.0000E+00
     0     0   1.4191E+14   1.0913E-01   1.2907E-03   1.0517E-01   0.0000E+00   0.0000E+00
     0     0   1.4203E+14   1.8166E-01   8.9675E-04   1.2270E-01   0.0000E+00   0.0000E+00
     0     0   1.5366E+13   2.4310E-01   3.0810E-04   2.6518E-01   0.0000E+00   0.0000E+00
     0     0   2.4364E+13   4.6317E-01   2.8991E-04   4.3893E-01   0.0000E+00   0.0000E+00
     0     0   4.8727E+13   1.6952E-01   7.4861E-04   1.6248E-01   0.0000E+00   0.0000E+00
     0     0   3.3261E+13   1.7240E-01   5.8617E-04   1.6708E-01   0.0000E+00   0.0000E+00
     0     0   2.0466E+14   1.3945E-01   1.3552E-03   9.4762E-02   0.0000E+00   0.0000E+00
     0     0   4.5685E+13   1.3004E-01   1.1549E-03   1.2650E-01   0.0000E+00   0.0000E+00
     0     0   6.8788E+13   1.4943E-01   1.2046E-03   1.2818E-01   0.0000E+00   0.0000E+00
     0     0   8.4345E+13   1.8384E-01   1.2122E-03   1.5438E-01   0.0000E+00   0.0000E+00
     0     0   3.7684E+13   1.3169E-01   1.2184E-03   1.4376E-01   0.0000E+00   0.0000E+00
     0     0   2.9631E+13   1.2300E-01   1.1261E-03   1.2472E-01   0.0000E+00   0.0000E+00
     0     0   1.5102E+13   1.3676E-01   1.1923E-03   1.1573E-01   0.0000E+00   0.0000E+00
     0     0   1.9801E+13   1.3494E-01   1.1719E-03   1.1830E-01   0.0000E+00   0.0000E+00
     0     0   2.1429E+13   1.2185E-01   1.0884E-03   1.3357E-01   0.0000E+00   0.0000E+00
     0     0   1.6025E+13   1.3039E-01   1.0490E-03   1.3020E-01   0.0000E+00   0.0000E+00
     0     0   2.6623E+13   1.2303E-01   1.1587E-03   1.3787E-01   0.0000E+00   0.0000E+00
     0     0   0.0000E+00   0.0000E+00   0.0000E+00   0.0000E+00   0.0000E+00   0.0000E+00
     0     0   0.0000E+00   0.0000E+00   0.0000E+00   0.0000E+00   0.0000E+00   0.0000E+00
     0     0   0.0000E+00   0.0000E+00   0.0000E+00   0.0000E+00   0.0000E+00   0.0000E+00
     0     0   0.0000E+00   0.0000E+00   0.0000E+00   0.0000E+00   0.0000E+00   0.0000E+00
     0     0   0.0000E+00   0.0000E+00   0.0000E+00   0.0000E+00   0.0000E+00   0.0000E+00
     0     0   0.0000E+00   0.0000E+00   0.0000E+00   0.0000E+00   0.0000E+00   0.0000E+00
     0     0   0.0000E+00   0.0000E+00   0.0000E+00   0.0000E+00   0.0000E+00   0.0000E+00
     0     0   0.0000E+00   0.0000E+00   0.0000E+00   0.0000E+00   0.0000E+00   0.0000E+00
     0     0   0.0000E+00   0.0000E+00   0.0000E+00   0.0000E+00   0.0000E+00   0.0000E+00
     0     0   0.0000E+00   0.0000E+00   0.0000E+00   0.0000E+00   0.0000E+00   0.0000E+00
     0     0   0.0000E+00   0.0000E+00   0.0000E+00   0.0000E+00   0.0000E+00   0.0000E+00
     0     0   0.0000E+00   0.0000E+00   0.0000E+00   0.0000E+00   0.0000E+00   0.0000E+00
     0     0   0.0000E+00   0.0000E+00   0.0000E+00   0.0000E+00   0.0000E+00   0.0000E+00
     0     0   0.0000E+00   0.0000E+00   0.0000E+00   0.0000E+00   0.0000E+00   0.0000E+00
     0     0   0.0000E+00   0.0000E+00   0.0000E+00   0.0000E+00   0.0000E+00   0.0000E+00
     0     0   0.0000E+00   0.0000E+00   0.0000E+00   0.0000E+00   0.0000E+00   0.0000E+00
     0     0   0.0000E+00   0.0000E+00   0.0000E+00   0.0000E+00   0.0000E+00   0.0000E+00
     0     0   0.0000E+00   0.0000E+00   0.0000E+00   0.0000E+00   0.0000E+00   0.0000E+00
     0     0   0.0000E+00   0.0000E+00   0.0000E+00   0.0000E+00   0.0000E+00   0.0000E+00
     0     0   0.0000E+00   0.0000E+00   0.0000E+00   0.0000E+00   0.0000E+00   0.0000E+00
     0     0   0.0000E+00   0.0000E+00   0.0000E+00   0.0000E+00   0.0000E+00   0.0000E+00
     0     0   0.0000E+00   0.0000E+00   0.0000E+00   0.0000E+00   0.0000E+00   0.0000E+00
     0     0   0.0000E+00   0.0000E+00   0.0000E+00   0.0000E+00   0.0000E+00   0.0000E+00
     0     0   0.0000E+00   0.0000E+00   0.0000E+00   0.0000E+00   0.0000E+00   0.0000E+00
     0     0   0.0000E+00   0.0000E+00   0.0000E+00   0.0000E+00   0.0000E+00   0.0000E+00
     0     0   0.0000E+00   0.0000E+00   0.0000E+00   0.0000E+00   0.0000E+00   0.0000E+00
     0     0   0.0000E+00   0.0000E+00   0.0000E+00   0.0000E+00   0.0000E+00   0.0000E+00
     0     0   0.0000E+00   0.0000E+00   0.0000E+00   0.0000E+00   0.0000E+00   0.0000E+00
     0     0   0.0000E+00   0.0000E+00   0.0000E+00   0.0000E+00   0.0000E+00   0.0000E+00
     0     0   0.0000E+00   0.0000E+00   0.0000E+00   0.0000E+00   0.0000E+00   0.0000E+00
     0     0   0.0000E+00   0.0000E+00   0.0000E+00   0.0000E+00   0.0000E+00   0.0000E+00
     0     0   0.0000E+00   0.0000E+00   0.0000E+00   0.0000E+00   0.0000E+00   0.0000E+00
     0     0   0.0000E+00   0.0000E+00   0.0000E+00   0.0000E+00   0.0000E+00   0.0000E+00
     0     0   0.0000E+00   0.0000E+00   0.0000E+00   0.0000E+00   0.0000E+00   0.0000E+00
     0     0   0.0000E+00   0.0000E+00   0.0000E+00   0.0000E+00   0.0000E+00   0.0000E+00
     0     0   0.0000E+00   0.0000E+00   0.0000E+00   0.0000E+00   0.0000E+00   0.0000E+00
     0     0   0.0000E+00   0.0000E+00   0.0000E+00   0.0000E+00   0.0000E+00   0.0000E+00
     0     0   0.0000E+00   0.0000E+00   0.0000E+00   0.0000E+00   0.0000E+00   0.0000E+00
     0     0   0.0000E+00   0.0000E+00   0.0000E+00   0.0000E+00   0.0000E+00   0.0000E+00
     0     0   0.0000E+00   0.0000E+00   0.0000E+00   0.0000E+00   0.0000E+00   0.0000E+00
     0     0   0.0000E+00   0.0000E+00   0.0000E+00   0.0000E+00   0.0000E+00   0.0000E+00
     0     0   0.0000E+00   0.0000E+00   0.0000E+00   0.0000E+00   0.0000E+00   0.0000E+00
     0     0   0.0000E+00   0.0000E+00   0.0000E+00   0.0000E+00   0.0000E+00   0.0000E+00
     0     0   0.0000E+00   0.0000E+00   0.0000E+00   0.0000E+00   0.0000E+00   0.0000E+00
     0     0   0.0000E+00   0.0000E+00   0.0000E+00   0.0000E+00   0.0000E+00   0.0000E+00
     0     0   0.0000E+00   0.0000E+00   0.0000E+00   0.0000E+00   0.0000E+00   0.0000E+00
     0     0   0.0000E+00   0.0000E+00   0.0000E+00   0.0000E+00   0.0000E+00   0.0000E+00
     0     0   0.0000E+00   0.0000E+00   0.0000E+00   0.0000E+00   0.0000E+00   0.0000E+00
     0     0   0.0000E+00   0.0000E+00   0.0000E+00   0.0000E+00   0.0000E+00   0.0000E+00
     0     0   0.0000E+00   0.0000E+00   0.0000E+00   0.0000E+00   0.0000E+00   0.0000E+00
     0     0   0.0000E+00   0.0000E+00   0.0000E+00   0.0000E+00   0.0000E+00   0.0000E+00
     0     0   0.0000E+00   0.0000E+00   0.0000E+00   0.0000E+00   0.0000E+00   0.0000E+00
     0     0   0.0000E+00   0.0000E+00   0.0000E+00   0.0000E+00   0.0000E+00   0.0000E+00
     0     0   0.0000E+00   0.0000E+00   0.0000E+00   0.0000E+00   0.0000E+00   0.0000E+00
     0     0   0.0000E+00   0.0000E+00   0.0000E+00   0.0000E+00   0.0000E+00   0.0000E+00
     0     0   0.0000E+00   0.0000E+00   0.0000E+00   0.0000E+00   0.0000E+00   0.0000E+00
     0     0   0.0000E+00   0.0000E+00   0.0000E+00   0.0000E+00   0.0000E+00   0.0000E+00
     0     0   0.0000E+00   0.0000E+00   0.0000E+00   0.0000E+00   0.0000E+00   0.0000E+00
     0     0   0.0000E+00   0.0000E+00   0.0000E+00   0.0000E+00   0.0000E+00   0.0000E+00
     0     0   0.0000E+00   0.0000E+00   0.0000E+00   0.0000E+00   0.0000E+00   0.0000E+00
     0     0   0.0000E+00   0.0000E+00   0.0000E+00   0.0000E+00   0.0000E+00   0.0000E+00
     0     0   0.0000E+00   0.0000E+00   0.0000E+00   0.0000E+00   0.0000E+00   0.0000E+00
     0     0   0.0000E+00   0.0000E+00   0.0000E+00   0.0000E+00   0.0000E+00   0.0000E+00
     0     0   0.0000E+00   0.0000E+00   0.0000E+00   0.0000E+00   0.0000E+00   0.0000E+00
     0     0   0.0000E+00   0.0000E+00   0.0000E+00   0.0000E+00   0.0000E+00   0.0000E+00
     0     0   0.0000E+00   0.0000E+00   0.0000E+00   0.0000E+00   0.0000E+00   0.0000E+00
     0     0   0.0000E+00   0.0000E+00   0.0000E+00   0.0000E+00   0.0000E+00   0.0000E+00
     0     0   0.0000E+00   0.0000E+00   0.0000E+00   0.0000E+00   0.0000E+00   0.0000E+00
     0     0   0.0000E+00   0.0000E+00   0.0000E+00   0.0000E+00   0.0000E+00   0.0000E+00
     0     0   0.0000E+00   0.0000E+00   0.0000E+00   0.0000E+00   0.0000E+00   0.0000E+00
     0     0   0.0000E+00   0.0000E+00   0.0000E+00   0.0000E+00   0.0000E+00   0.0000E+00
     0     0   0.0000E+00   0.0000E+00   0.0000E+00   0.0000E+00   0.0000E+00   0.0000E+00
     0     0   0.0000E+00   0.0000E+00   0.0000E+00   0.0000E+00   0.0000E+00   0.0000E+00
     0     0   0.0000E+00   0.0000E+00   0.0000E+00   0.0000E+00   0.0000E+00   0.0000E+00
     0     0   0.0000E+00   0.0000E+00   0.0000E+00   0.0000E+00   0.0000E+00   0.0000E+00
     0     0   0.0000E+00   0.0000E+00   0.0000E+00   0.0000E+00   0.0000E+00   0.0000E+00
     0     0   0.0000E+00   0.0000E+00   0.0000E+00   0.0000E+00   0.0000E+00   0.0000E+00
     0     0   0.0000E+00   0.0000E+00   0.0000E+00   0.0000E+00   0.0000E+00   0.0000E+00
     0     0   0.0000E+00   0.0000E+00   0.0000E+00   0.0000E+00   0.0000E+00   0.0000E+00
     0     0   0.0000E+00   0.0000E+00   0.0000E+00   0.0000E+00   0.0000E+00   0.0000E+00
     0     0   0.0000E+00   0.0000E+00   0.0000E+00   0.0000E+00   0.0000E+00   0.0000E+00
     0     0   0.0000E+00   0.0000E+00   0.0000E+00   0.0000E+00   0.0000E+00   0.0000E+00
     0     0   0.0000E+00   0.0000E+00   0.0000E+00   0.0000E+00   0.0000E+00   0.0000E+00
     0     0   0.0000E+00   0.0000E+00   0.0000E+00   0.0000E+00   0.0000E+00   0.0000E+00
     0     0   0.0000E+00   0.0000E+00   0.0000E+00   0.0000E+00   0.0000E+00   0.0000E+00
     0     0   0.0000E+00   0.0000E+00   0.0000E+00   0.0000E+00   0.0000E+00   0.0000E+00
     0     0   0.0000E+00   0.0000E+00   0.0000E+00   0.0000E+00   0.0000E+00   0.0000E+00
     0     0   0.0000E+00   0.0000E+00   0.0000E+00   0.0000E+00   0.0000E+00   0.0000E+00
     0     0   0.0000E+00   0.0000E+00   0.0000E+00   0.0000E+00   0.0000E+00   0.0000E+00
     0     0   0.0000E+00   0.0000E+00   0.0000E+00   0.0000E+00   0.0000E+00   0.0000E+00
     0     0   0.0000E+00   0.0000E+00   0.0000E+00   0.0000E+00   0.0000E+00   0.0000E+00
     0     0   0.0000E+00   0.0000E+00   0.0000E+00   0.0000E+00   0.0000E+00   0.0000E+00
     0     0   0.0000E+00   0.0000E+00   0.0000E+00   0.0000E+00   0.0000E+00   0.0000E+00
     0     0   0.0000E+00   0.0000E+00   0.0000E+00   0.0000E+00   0.0000E+00   0.0000E+00
     0     0   0.0000E+00   0.0000E+00   0.0000E+00   0.0000E+00   0.0000E+00   0.0000E+00
     0     0   0.0000E+00   0.0000E+00   0.0000E+00   0.0000E+00   0.0000E+00   0.0000E+00
     0     0   0.0000E+00   0.0000E+00   0.0000E+00   0.0000E+00   0.0000E+00   0.0000E+00
     0     0   0.0000E+00   0.0000E+00   0.0000E+00   0.0000E+00   0.0000E+00   0.0000E+00
     0     0   0.0000E+00   0.0000E+00   0.0000E+00   0.0000E+00   0.0000E+00   0.0000E+00
     0     0   0.0000E+00   0.0000E+00   0.0000E+00   0.0000E+00   0.0000E+00   0.0000E+00
     0     0   0.0000E+00   0.0000E+00   0.0000E+00   0.0000E+00   0.0000E+00   0.0000E+00
     0     0   0.0000E+00   0.0000E+00   0.0000E+00   0.0000E+00   0.0000E+00   0.0000E+00
     0     0   0.0000E+00   0.0000E+00   0.0000E+00   0.0000E+00   0.0000E+00   0.0000E+00
     0     0   0.0000E+00   0.0000E+00   0.0000E+00   0.0000E+00   0.0000E+00   0.0000E+00
     0     0   0.0000E+00   0.0000E+00   0.0000E+00   0.0000E+00   0.0000E+00   0.0000E+00
     0     0   0.0000E+00   0.0000E+00   0.0000E+00   0.0000E+00   0.0000E+00   0.0000E+00
     0     0   0.0000E+00   0.0000E+00   0.0000E+00   0.0000E+00   0.0000E+00   0.0000E+00
     0     0   0.0000E+00   0.0000E+00   0.0000E+00   0.0000E+00   0.0000E+00   0.0000E+00
     0     0   0.0000E+00   0.0000E+00   0.0000E+00   0.0000E+00   0.0000E+00   0.0000E+00
     0     0   0.0000E+00   0.0000E+00   0.0000E+00   0.0000E+00   0.0000E+00   0.0000E+00
     0     0   0.0000E+00   0.0000E+00   0.0000E+00   0.0000E+00   0.0000E+00   0.0000E+00
     0     0   0.0000E+00   0.0000E+00   0.0000E+00   0.0000E+00   0.0000E+00   0.0000E+00
     0     0   0.0000E+00   0.0000E+00   0.0000E+00   0.0000E+00   0.0000E+00   0.0000E+00
     0     0   0.0000E+00   0.0000E+00   0.0000E+00   0.0000E+00   0.0000E+00   0.0000E+00
     0     0   0.0000E+00   0.0000E+00   0.0000E+00   0.0000E+00   0.0000E+00   0.0000E+00
     0     0   0.0000E+00   0.0000E+00   0.0000E+00   0.0000E+00   0.0000E+00   0.0000E+00
     0     0   0.0000E+00   0.0000E+00   0.0000E+00   0.0000E+00   0.0000E+00   0.0000E+00
     0     0   0.0000E+00   0.0000E+00   0.0000E+00   0.0000E+00   0.0000E+00   0.0000E+00
     0     0   0.0000E+00   0.0000E+00   0.0000E+00   0.0000E+00   0.0000E+00   0.0000E+00
     0     0   0.0000E+00   0.0000E+00   0.0000E+00   0.0000E+00   0.0000E+00   0.0000E+00
     0     0   0.0000E+00   0.0000E+00   0.0000E+00   0.0000E+00   0.0000E+00   0.0000E+00
     0     0   0.0000E+00   0.0000E+00   0.0000E+00   0.0000E+00   0.0000E+00   0.0000E+00
     0     0   0.0000E+00   0.0000E+00   0.0000E+00   0.0000E+00   0.0000E+00   0.0000E+00
     0     0   0.0000E+00   0.0000E+00   0.0000E+00   0.0000E+00   0.0000E+00   0.0000E+00
     0     0   0.0000E+00   0.0000E+00   0.0000E+00   0.0000E+00   0.0000E+00   0.0000E+00
     0     0   0.0000E+00   0.0000E+00   0.0000E+00   0.0000E+00   0.0000E+00   0.0000E+00
     0     0   0.0000E+00   0.0000E+00   0.0000E+00   0.0000E+00   0.0000E+00   0.0000E+00
     0     0   0.0000E+00   0.0000E+00   0.0000E+00   0.0000E+00   0.0000E+00   0.0000E+00
     0     0   0.0000E+00   0.0000E+00   0.0000E+00   0.0000E+00   0.0000E+00   0.0000E+00
     0     0   0.0000E+00   0.0000E+00   0.0000E+00   0.0000E+00   0.0000E+00   0.0000E+00
     0     0   0.0000E+00   0.0000E+00   0.0000E+00   0.0000E+00   0.0000E+00   0.0000E+00
     0     0   0.0000E+00   0.0000E+00   0.0000E+00   0.0000E+00   0.0000E+00   0.0000E+00
     0     0   0.0000E+00   0.0000E+00   0.0000E+00   0.0000E+00   0.0000E+00   0.0000E+00
     0     0   0.0000E+00   0.0000E+00   0.0000E+00   0.0000E+00   0.0000E+00   0.0000E+00
     0     0   0.0000E+00   0.0000E+00   0.0000E+00   0.0000E+00   0.0000E+00   0.0000E+00
     0     0   0.0000E+00   0.0000E+00   0.0000E+00   0.0000E+00   0.0000E+00   0.0000E+00
     0     0   0.0000E+00   0.0000E+00   0.0000E+00   0.0000E+00   0.0000E+00   0.0000E+00
     0     0   0.0000E+00   0.0000E+00   0.0000E+00   0.0000E+00   0.0000E+00   0.0000E+00
     0     0   0.0000E+00   0.0000E+00   0.0000E+00   0.0000E+00   0.0000E+00   0.0000E+00
     0     0   0.0000E+00   0.0000E+00   0.0000E+00   0.0000E+00   0.0000E+00   0.0000E+00
     0     0   0.0000E+00   0.0000E+00   0.0000E+00   0.0000E+00   0.0000E+00   0.0000E+00
     0     0   0.0000E+00   0.0000E+00   0.0000E+00   0.0000E+00   0.0000E+00   0.0000E+00
     0     0   0.0000E+00   0.0000E+00   0.0000E+00   0.0000E+00   0.0000E+00   0.0000E+00
     0     0   0.0000E+00   0.0000E+00   0.0000E+00   0.0000E+00   0.0000E+00   0.0000E+00
     0     0   0.0000E+00   0.0000E+00   0.0000E+00   0.0000E+00   0.0000E+00   0.0000E+00
     0     0   0.0000E+00   0.0000E+00   0.0000E+00   0.0000E+00   0.0000E+00   0.0000E+00
     0     0   0.0000E+00   0.0000E+00   0.0000E+00   0.0000E+00   0.0000E+00   0.0000E+00
     0     0   0.0000E+00   0.0000E+00   0.0000E+00   0.0000E+00   0.0000E+00   0.0000E+00
     0     0   0.0000E+00   0.0000E+00   0.0000E+00   0.0000E+00   0.0000E+00   0.0000E+00
     0     0   0.0000E+00   0.0000E+00   0.0000E+00   0.0000E+00   0.0000E+00   0.0000E+00
     0     0   0.0000E+00   0.0000E+00   0.0000E+00   0.0000E+00   0.0000E+00   0.0000E+00
     0     0   0.0000E+00   0.0000E+00   0.0000E+00   0.0000E+00   0.0000E+00   0.0000E+00
     0     0   0.0000E+00   0.0000E+00   0.0000E+00   0.0000E+00   0.0000E+00   0.0000E+00
     0     0   0.0000E+00   0.0000E+00   0.0000E+00   0.0000E+00   0.0000E+00   0.0000E+00
     0     0   0.0000E+00   0.0000E+00   0.0000E+00   0.0000E+00   0.0000E+00   0.0000E+00
     0     0   0.0000E+00   0.0000E+00   0.0000E+00   0.0000E+00   0.0000E+00   0.0000E+00
     0     0   0.0000E+00   0.0000E+00   0.0000E+00   0.0000E+00   0.0000E+00   0.0000E+00
     0     0   0.0000E+00   0.0000E+00   0.0000E+00   0.0000E+00   0.0000E+00   0.0000E+00
     0     0   0.0000E+00   0.0000E+00   0.0000E+00   0.0000E+00   0.0000E+00   0.0000E+00
     0     0   0.0000E+00   0.0000E+00   0.0000E+00   0.0000E+00   0.0000E+00   0.0000E+00
     0     0   0.0000E+00   0.0000E+00   0.0000E+00   0.0000E+00   0.0000E+00   0.0000E+00
     0     0   0.0000E+00   0.0000E+00   0.0000E+00   0.0000E+00   0.0000E+00   0.0000E+00
     0     0   0.0000E+00   0.0000E+00   0.0000E+00   0.0000E+00   0.0000E+00   0.0000E+00
     0     0   0.0000E+00   0.0000E+00   0.0000E+00   0.0000E+00   0.0000E+00   0.0000E+00
     0     0   0.0000E+00   0.0000E+00   0.0000E+00   0.0000E+00   0.0000E+00   0.0000E+00
     0     0   0.0000E+00   0.0000E+00   0.0000E+00   0.0000E+00   0.0000E+00   0.0000E+00
     0     0   0.0000E+00   0.0000E+00   0.0000E+00   0.0000E+00   0.0000E+00   0.0000E+00
     0     0   0.0000E+00   0.0000E+00   0.0000E+00   0.0000E+00   0.0000E+00   0.0000E+00
     0     0   0.0000E+00   0.0000E+00   0.0000E+00   0.0000E+00   0.0000E+00   0.0000E+00
     0     0   0.0000E+00   0.0000E+00   0.0000E+00   0.0000E+00   0.0000E+00   0.0000E+00
     0     0   0.0000E+00   0.0000E+00   0.0000E+00   0.0000E+00   0.0000E+00   0.0000E+00
     0     0   0.0000E+00   0.0000E+00   0.0000E+00   0.0000E+00   0.0000E+00   0.0000E+00
     0     0   0.0000E+00   0.0000E+00   0.0000E+00   0.0000E+00   0.0000E+00   0.0000E+00
     0     0   0.0000E+00   0.0000E+00   0.0000E+00   0.0000E+00   0.0000E+00   0.0000E+00
     0     0   0.0000E+00   0.0000E+00   0.0000E+00   0.0000E+00   0.0000E+00   0.0000E+00
     0     0   0.0000E+00   0.0000E+00   0.0000E+00   0.0000E+00   0.0000E+00   0.0000E+00
     0     0   0.0000E+00   0.0000E+00   0.0000E+00   0.0000E+00   0.0000E+00   0.0000E+00
     0     0   0.0000E+00   0.0000E+00   0.0000E+00   0.0000E+00   0.0000E+00   0.0000E+00
     0     0   0.0000E+00   0.0000E+00   0.0000E+00   0.0000E+00   0.0000E+00   0.0000E+00
     0     0   0.0000E+00   0.0000E+00   0.0000E+00   0.0000E+00   0.0000E+00   0.0000E+00
     0     0   0.0000E+00   0.0000E+00   0.0000E+00   0.0000E+00   0.0000E+00   0.0000E+00
     0     0   0.0000E+00   0.0000E+00   0.0000E+00   0.0000E+00   0.0000E+00   0.0000E+00
     0     0   0.0000E+00   0.0000E+00   0.0000E+00   0.0000E+00   0.0000E+00   0.0000E+00
     0     0   0.0000E+00   0.0000E+00   0.0000E+00   0.0000E+00   0.0000E+00   0.0000E+00
     0     0   0.0000E+00   0.0000E+00   0.0000E+00   0.0000E+00   0.0000E+00   0.0000E+00
     0     0   0.0000E+00   0.0000E+00   0.0000E+00   0.0000E+00   0.0000E+00   0.0000E+00
     0     0   0.0000E+00   0.0000E+00   0.0000E+00   0.0000E+00   0.0000E+00   0.0000E+00
     0     0   0.0000E+00   0.0000E+00   0.0000E+00   0.0000E+00   0.0000E+00   0.0000E+00
     0     0   0.0000E+00   0.0000E+00   0.0000E+00   0.0000E+00   0.0000E+00   0.0000E+00
     0     0   0.0000E+00   0.0000E+00   0.0000E+00   0.0000E+00   0.0000E+00   0.0000E+00
     0     0   0.0000E+00   0.0000E+00   0.0000E+00   0.0000E+00   0.0000E+00   0.0000E+00
     0     0   0.0000E+00   0.0000E+00   0.0000E+00   0.0000E+00   0.0000E+00   0.0000E+00
     0     0   0.0000E+00   0.0000E+00   0.0000E+00   0.0000E+00   0.0000E+00   0.0000E+00
     0     0   0.0000E+00   0.0000E+00   0.0000E+00   0.0000E+00   0.0000E+00   0.0000E+00
     0     0   0.0000E+00   0.0000E+00   0.0000E+00   0.0000E+00   0.0000E+00   0.0000E+00
     0     0   0.0000E+00   0.0000E+00   0.0000E+00   0.0000E+00   0.0000E+00   0.0000E+00
     0     0   0.0000E+00   0.0000E+00   0.0000E+00   0.0000E+00   0.0000E+00   0.0000E+00
     0     0   0.0000E+00   0.0000E+00   0.0000E+00   0.0000E+00   0.0000E+00   0.0000E+00
     0     0   0.0000E+00   0.0000E+00   0.0000E+00   0.0000E+00   0.0000E+00   0.0000E+00
     0     0   0.0000E+00   0.0000E+00   0.0000E+00   0.0000E+00   0.0000E+00   0.0000E+00
     0     0   0.0000E+00   0.0000E+00   0.0000E+00   0.0000E+00   0.0000E+00   0.0000E+00
     0     0   0.0000E+00   0.0000E+00   0.0000E+00   0.0000E+00   0.0000E+00   0.0000E+00
     0     0   0.0000E+00   0.0000E+00   0.0000E+00   0.0000E+00   0.0000E+00   0.0000E+00
     0     0   0.0000E+00   0.0000E+00   0.0000E+00   0.0000E+00   0.0000E+00   0.0000E+00
     0     0   0.0000E+00   0.0000E+00   0.0000E+00   0.0000E+00   0.0000E+00   0.0000E+00
     0     0   0.0000E+00   0.0000E+00   0.0000E+00   0.0000E+00   0.0000E+00   0.0000E+00
     0     0   0.0000E+00   0.0000E+00   0.0000E+00   0.0000E+00   0.0000E+00   0.0000E+00
     0     0   0.0000E+00   0.0000E+00   0.0000E+00   0.0000E+00   0.0000E+00   0.0000E+00
     0     0   0.0000E+00   0.0000E+00   0.0000E+00   0.0000E+00   0.0000E+00   0.0000E+00
     0     0   0.0000E+00   0.0000E+00   0.0000E+00   0.0000E+00   0.0000E+00   0.0000E+00
     0     0   0.0000E+00   0.0000E+00   0.0000E+00   0.0000E+00   0.0000E+00   0.0000E+00
     0     0   0.0000E+00   0.0000E+00   0.0000E+00   0.0000E+00   0.0000E+00   0.0000E+00
     0     0   0.0000E+00   0.0000E+00   0.0000E+00   0.0000E+00   0.0000E+00   0.0000E+00
     0     0   0.0000E+00   0.0000E+00   0.0000E+00   0.0000E+00   0.0000E+00   0.0000E+00
     0     0   0.0000E+00   0.0000E+00   0.0000E+00   0.0000E+00   0.0000E+00   0.0000E+00
     0     0   0.0000E+00   0.0000E+00   0.0000E+00   0.0000E+00   0.0000E+00   0.0000E+00
     0     0   0.0000E+00   0.0000E+00   0.0000E+00   0.0000E+00   0.0000E+00   0.0000E+00
     0     0   0.0000E+00   0.0000E+00   0.0000E+00   0.0000E+00   0.0000E+00   0.0000E+00
     0     0   0.0000E+00   0.0000E+00   0.0000E+00   0.0000E+00   0.0000E+00   0.0000E+00
     0     0   0.0000E+00   0.0000E+00   0.0000E+00   0.0000E+00   0.0000E+00   0.0000E+00
     0     0   0.0000E+00   0.0000E+00   0.0000E+00   0.0000E+00   0.0000E+00   0.0000E+00
     0     0   0.0000E+00   0.0000E+00   0.0000E+00   0.0000E+00   0.0000E+00   0.0000E+00
     0     0   0.0000E+00   0.0000E+00   0.0000E+00   0.0000E+00   0.0000E+00   0.0000E+00
     0     0   0.0000E+00   0.0000E+00   0.0000E+00   0.0000E+00   0.0000E+00   0.0000E+00
     0     0   0.0000E+00   0.0000E+00   0.0000E+00   0.0000E+00   0.0000E+00   0.0000E+00
     0     0   0.0000E+00   0.0000E+00   0.0000E+00   0.0000E+00   0.0000E+00   0.0000E+00
     0     0   0.0000E+00   0.0000E+00   0.0000E+00   0.0000E+00   0.0000E+00   0.0000E+00
     0     0   0.0000E+00   0.0000E+00   0.0000E+00   0.0000E+00   0.0000E+00   0.0000E+00
     0     0   0.0000E+00   0.0000E+00   0.0000E+00   0.0000E+00   0.0000E+00   0.0000E+00
     0     0   0.0000E+00   0.0000E+00   0.0000E+00   0.0000E+00   0.0000E+00   0.0000E+00
     0     0   0.0000E+00   0.0000E+00   0.0000E+00   0.0000E+00   0.0000E+00   0.0000E+00
     0     0   0.0000E+00   0.0000E+00   0.0000E+00   0.0000E+00   0.0000E+00   0.0000E+00
     0     0   0.0000E+00   0.0000E+00   0.0000E+00   0.0000E+00   0.0000E+00   0.0000E+00
     0     0   0.0000E+00   0.0000E+00   0.0000E+00   0.0000E+00   0.0000E+00   0.0000E+00
     0     0   0.0000E+00   0.0000E+00   0.0000E+00   0.0000E+00   0.0000E+00   0.0000E+00
     0     0   0.0000E+00   0.0000E+00   0.0000E+00   0.0000E+00   0.0000E+00   0.0000E+00
     0     0   0.0000E+00   0.0000E+00   0.0000E+00   0.0000E+00   0.0000E+00   0.0000E+00
     0     0   0.0000E+00   0.0000E+00   0.0000E+00   0.0000E+00   0.0000E+00   0.0000E+00
     0     0   0.0000E+00   0.0000E+00   0.0000E+00   0.0000E+00   0.0000E+00   0.0000E+00
     0     0   0.0000E+00   0.0000E+00   0.0000E+00   0.0000E+00   0.0000E+00   0.0000E+00
     0     0   0.0000E+00   0.0000E+00   0.0000E+00   0.0000E+00   0.0000E+00   0.0000E+00
     0     0   0.0000E+00   0.0000E+00   0.0000E+00   0.0000E+00   0.0000E+00   0.0000E+00
     0     0   0.0000E+00   0.0000E+00   0.0000E+00   0.0000E+00   0.0000E+00   0.0000E+00
     0     0   0.0000E+00   0.0000E+00   0.0000E+00   0.0000E+00   0.0000E+00   0.0000E+00
     0     0   0.0000E+00   0.0000E+00   0.0000E+00   0.0000E+00   0.0000E+00   0.0000E+00
     0     0   0.0000E+00   0.0000E+00   0.0000E+00   0.0000E+00   0.0000E+00   0.0000E+00
     0     0   0.0000E+00   0.0000E+00   0.0000E+00   0.0000E+00   0.0000E+00   0.0000E+00
     0     0   0.0000E+00   0.0000E+00   0.0000E+00   0.0000E+00   0.0000E+00   0.0000E+00
     0     0   0.0000E+00   0.0000E+00   0.0000E+00   0.0000E+00   0.0000E+00   0.0000E+00
     0     0   0.0000E+00   0.0000E+00   0.0000E+00   0.0000E+00   0.0000E+00   0.0000E+00
     0     0   0.0000E+00   0.0000E+00   0.0000E+00   0.0000E+00   0.0000E+00   0.0000E+00
     0     0   0.0000E+00   0.0000E+00   0.0000E+00   0.0000E+00   0.0000E+00   0.0000E+00
     0     0   0.0000E+00   0.0000E+00   0.0000E+00   0.0000E+00   0.0000E+00   0.0000E+00
     0     0   0.0000E+00   0.0000E+00   0.0000E+00   0.0000E+00   0.0000E+00   0.0000E+00
     0     0   0.0000E+00   0.0000E+00   0.0000E+00   0.0000E+00   0.0000E+00   0.0000E+00
     0     0   0.0000E+00   0.0000E+00   0.0000E+00   0.0000E+00   0.0000E+00   0.0000E+00
     0     0   0.0000E+00   0.0000E+00   0.0000E+00   0.0000E+00   0.0000E+00   0.0000E+00
     0     0   0.0000E+00   0.0000E+00   0.0000E+00   0.0000E+00   0.0000E+00   0.0000E+00
     0     0   0.0000E+00   0.0000E+00   0.0000E+00   0.0000E+00   0.0000E+00   0.0000E+00
     0     0   0.0000E+00   0.0000E+00   0.0000E+00   0.0000E+00   0.0000E+00   0.0000E+00
     0     0   0.0000E+00   0.0000E+00   0.0000E+00   0.0000E+00   0.0000E+00   0.0000E+00
     0     0   0.0000E+00   0.0000E+00   0.0000E+00   0.0000E+00   0.0000E+00   0.0000E+00
     0     0   0.0000E+00   0.0000E+00   0.0000E+00   0.0000E+00   0.0000E+00   0.0000E+00
     0     0   0.0000E+00   0.0000E+00   0.0000E+00   0.0000E+00   0.0000E+00   0.0000E+00
     0     0   0.0000E+00   0.0000E+00   0.0000E+00   0.0000E+00   0.0000E+00   0.0000E+00
     0     0   0.0000E+00   0.0000E+00   0.0000E+00   0.0000E+00   0.0000E+00   0.0000E+00
     0     0   0.0000E+00   0.0000E+00   0.0000E+00   0.0000E+00   0.0000E+00   0.0000E+00
     0     0   0.0000E+00   0.0000E+00   0.0000E+00   0.0000E+00   0.0000E+00   0.0000E+00
     0     0   0.0000E+00   0.0000E+00   0.0000E+00   0.0000E+00   0.0000E+00   0.0000E+00
     0     0   0.0000E+00   0.0000E+00   0.0000E+00   0.0000E+00   0.0000E+00   0.0000E+00
     0     0   0.0000E+00   0.0000E+00   0.0000E+00   0.0000E+00   0.0000E+00   0.0000E+00
     0     0   0.0000E+00   0.0000E+00   0.0000E+00   0.0000E+00   0.0000E+00   0.0000E+00
     0     0   0.0000E+00   0.0000E+00   0.0000E+00   0.0000E+00   0.0000E+00   0.0000E+00
     0     0   0.0000E+00   0.0000E+00   0.0000E+00   0.0000E+00   0.0000E+00   0.0000E+00
     0     0   0.0000E+00   0.0000E+00   0.0000E+00   0.0000E+00   0.0000E+00   0.0000E+00
     0     0   0.0000E+00   0.0000E+00   0.0000E+00   0.0000E+00   0.0000E+00   0.0000E+00
     0     0   0.0000E+00   0.0000E+00   0.0000E+00   0.0000E+00   0.0000E+00   0.0000E+00
     0     0   0.0000E+00   0.0000E+00   0.0000E+00   0.0000E+00   0.0000E+00   0.0000E+00
     0     0   0.0000E+00   0.0000E+00   0.0000E+00   0.0000E+00   0.0000E+00   0.0000E+00
     0     0   0.0000E+00   0.0000E+00   0.0000E+00   0.0000E+00   0.0000E+00   0.0000E+00
     0     0   0.0000E+00   0.0000E+00   0.0000E+00   0.0000E+00   0.0000E+00   0.0000E+00
     0     0   0.0000E+00   0.0000E+00   0.0000E+00   0.0000E+00   0.0000E+00   0.0000E+00
     0     0   0.0000E+00   0.0000E+00   0.0000E+00   0.0000E+00   0.0000E+00   0.0000E+00
     0     0   0.0000E+00   0.0000E+00   0.0000E+00   0.0000E+00   0.0000E+00   0.0000E+00
     0     0   0.0000E+00   0.0000E+00   0.0000E+00   0.0000E+00   0.0000E+00   0.0000E+00
     0     0   0.0000E+00   0.0000E+00   0.0000E+00   0.0000E+00   0.0000E+00   0.0000E+00
     0     0   0.0000E+00   0.0000E+00   0.0000E+00   0.0000E+00   0.0000E+00   0.0000E+00
     0     0   0.0000E+00   0.0000E+00   0.0000E+00   0.0000E+00   0.0000E+00   0.0000E+00
     0     0   0.0000E+00   0.0000E+00   0.0000E+00   0.0000E+00   0.0000E+00   0.0000E+00
     0     0   0.0000E+00   0.0000E+00   0.0000E+00   0.0000E+00   0.0000E+00   0.0000E+00
     0     0   0.0000E+00   0.0000E+00   0.0000E+00   0.0000E+00   0.0000E+00   0.0000E+00
     0     0   0.0000E+00   0.0000E+00   0.0000E+00   0.0000E+00   0.0000E+00   0.0000E+00
     0     0   0.0000E+00   0.0000E+00   0.0000E+00   0.0000E+00   0.0000E+00   0.0000E+00
     0     0   0.0000E+00   0.0000E+00   0.0000E+00   0.0000E+00   0.0000E+00   0.0000E+00
     0     0   0.0000E+00   0.0000E+00   0.0000E+00   0.0000E+00   0.0000E+00   0.0000E+00
     0     0   0.0000E+00   0.0000E+00   0.0000E+00   0.0000E+00   0.0000E+00   0.0000E+00
     0     0   0.0000E+00   0.0000E+00   0.0000E+00   0.0000E+00   0.0000E+00   0.0000E+00
     0     0   0.0000E+00   0.0000E+00   0.0000E+00   0.0000E+00   0.0000E+00   0.0000E+00
     0     0   0.0000E+00   0.0000E+00   0.0000E+00   0.0000E+00   0.0000E+00   0.0000E+00
     0     0   0.0000E+00   0.0000E+00   0.0000E+00   0.0000E+00   0.0000E+00   0.0000E+00
     0     0   0.0000E+00   0.0000E+00   0.0000E+00   0.0000E+00   0.0000E+00   0.0000E+00
     0     0   0.0000E+00   0.0000E+00   0.0000E+00   0.0000E+00   0.0000E+00   0.0000E+00
     0     0   0.0000E+00   0.0000E+00   0.0000E+00   0.0000E+00   0.0000E+00   0.0000E+00
     0     0   0.0000E+00   0.0000E+00   0.0000E+00   0.0000E+00   0.0000E+00   0.0000E+00
     0     0   0.0000E+00   0.0000E+00   0.0000E+00   0.0000E+00   0.0000E+00   0.0000E+00
     0     0   0.0000E+00   0.0000E+00   0.0000E+00   0.0000E+00   0.0000E+00   0.0000E+00
     0     0   0.0000E+00   0.0000E+00   0.0000E+00   0.0000E+00   0.0000E+00   0.0000E+00
     0     0   0.0000E+00   0.0000E+00   0.0000E+00   0.0000E+00   0.0000E+00   0.0000E+00
     0     0   0.0000E+00   0.0000E+00   0.0000E+00   0.0000E+00   0.0000E+00   0.0000E+00
     0     0   0.0000E+00   0.0000E+00   0.0000E+00   0.0000E+00   0.0000E+00   0.0000E+00
     0     0   0.0000E+00   0.0000E+00   0.0000E+00   0.0000E+00   0.0000E+00   0.0000E+00
     0     0   0.0000E+00   0.0000E+00   0.0000E+00   0.0000E+00   0.0000E+00   0.0000E+00
     0     0   0.0000E+00   0.0000E+00   0.0000E+00   0.0000E+00   0.0000E+00   0.0000E+00
     0     0   0.0000E+00   0.0000E+00   0.0000E+00   0.0000E+00   0.0000E+00   0.0000E+00
     0     0   0.0000E+00   0.0000E+00   0.0000E+00   0.0000E+00   0.0000E+00   0.0000E+00
     0     0   0.0000E+00   0.0000E+00   0.0000E+00   0.0000E+00   0.0000E+00   0.0000E+00
     0     0   0.0000E+00   0.0000E+00   0.0000E+00   0.0000E+00   0.0000E+00   0.0000E+00
     0     0   0.0000E+00   0.0000E+00   0.0000E+00   0.0000E+00   0.0000E+00   0.0000E+00
     0     0   0.0000E+00   0.0000E+00   0.0000E+00   0.0000E+00   0.0000E+00   0.0000E+00
     0     0   0.0000E+00   0.0000E+00   0.0000E+00   0.0000E+00   0.0000E+00   0.0000E+00
     0     0   0.0000E+00   0.0000E+00   0.0000E+00   0.0000E+00   0.0000E+00   0.0000E+00
     0     0   0.0000E+00   0.0000E+00   0.0000E+00   0.0000E+00   0.0000E+00   0.0000E+00
     0     0   0.0000E+00   0.0000E+00   0.0000E+00   0.0000E+00   0.0000E+00   0.0000E+00
     0     0   0.0000E+00   0.0000E+00   0.0000E+00   0.0000E+00   0.0000E+00   0.0000E+00
     0     0   0.0000E+00   0.0000E+00   0.0000E+00   0.0000E+00   0.0000E+00   0.0000E+00
     0     0   0.0000E+00   0.0000E+00   0.0000E+00   0.0000E+00   0.0000E+00   0.0000E+00
     0     0   0.0000E+00   0.0000E+00   0.0000E+00   0.0000E+00   0.0000E+00   0.0000E+00
     0     0   0.0000E+00   0.0000E+00   0.0000E+00   0.0000E+00   0.0000E+00   0.0000E+00
     0     0   0.0000E+00   0.0000E+00   0.0000E+00   0.0000E+00   0.0000E+00   0.0000E+00
     0     0   0.0000E+00   0.0000E+00   0.0000E+00   0.0000E+00   0.0000E+00   0.0000E+00
     0     0   0.0000E+00   0.0000E+00   0.0000E+00   0.0000E+00   0.0000E+00   0.0000E+00
     0     0   0.0000E+00   0.0000E+00   0.0000E+00   0.0000E+00   0.0000E+00   0.0000E+00
     0     0   0.0000E+00   0.0000E+00   0.0000E+00   0.0000E+00   0.0000E+00   0.0000E+00
     0     0   0.0000E+00   0.0000E+00   0.0000E+00   0.0000E+00   0.0000E+00   0.0000E+00
     0     0   0.0000E+00   0.0000E+00   0.0000E+00   0.0000E+00   0.0000E+00   0.0000E+00
     0     0   0.0000E+00   0.0000E+00   0.0000E+00   0.0000E+00   0.0000E+00   0.0000E+00
     0     0   0.0000E+00   0.0000E+00   0.0000E+00   0.0000E+00   0.0000E+00   0.0000E+00
     0     0   0.0000E+00   0.0000E+00   0.0000E+00   0.0000E+00   0.0000E+00   0.0000E+00
     0     0   0.0000E+00   0.0000E+00   0.0000E+00   0.0000E+00   0.0000E+00   0.0000E+00
     0     0   0.0000E+00   0.0000E+00   0.0000E+00   0.0000E+00   0.0000E+00   0.0000E+00
     0     0   0.0000E+00   0.0000E+00   0.0000E+00   0.0000E+00   0.0000E+00   0.0000E+00
     0     0   0.0000E+00   0.0000E+00   0.0000E+00   0.0000E+00   0.0000E+00   0.0000E+00
     0     0   0.0000E+00   0.0000E+00   0.0000E+00   0.0000E+00   0.0000E+00   0.0000E+00
     0     0   0.0000E+00   0.0000E+00   0.0000E+00   0.0000E+00   0.0000E+00   0.0000E+00
     0     0   0.0000E+00   0.0000E+00   0.0000E+00   0.0000E+00   0.0000E+00   0.0000E+00
     0     0   0.0000E+00   0.0000E+00   0.0000E+00   0.0000E+00   0.0000E+00   0.0000E+00
     0     0   0.0000E+00   0.0000E+00   0.0000E+00   0.0000E+00   0.0000E+00   0.0000E+00
     0     0   0.0000E+00   0.0000E+00   0.0000E+00   0.0000E+00   0.0000E+00   0.0000E+00
     0     0   0.0000E+00   0.0000E+00   0.0000E+00   0.0000E+00   0.0000E+00   0.0000E+00
     0     0   0.0000E+00   0.0000E+00   0.0000E+00   0.0000E+00   0.0000E+00   0.0000E+00
     0     0   0.0000E+00   0.0000E+00   0.0000E+00   0.0000E+00   0.0000E+00   0.0000E+00
     0     0   0.0000E+00   0.0000E+00   0.0000E+00   0.0000E+00   0.0000E+00   0.0000E+00
     0     0   0.0000E+00   0.0000E+00   0.0000E+00   0.0000E+00   0.0000E+00   0.0000E+00
     0     0   0.0000E+00   0.0000E+00   0.0000E+00   0.0000E+00   0.0000E+00   0.0000E+00
     0     0   0.0000E+00   0.0000E+00   0.0000E+00   0.0000E+00   0.0000E+00   0.0000E+00
     0     0   0.0000E+00   0.0000E+00   0.0000E+00   0.0000E+00   0.0000E+00   0.0000E+00
     0     0   0.0000E+00   0.0000E+00   0.0000E+00   0.0000E+00   0.0000E+00   0.0000E+00
     0     0   0.0000E+00   0.0000E+00   0.0000E+00   0.0000E+00   0.0000E+00   0.0000E+00
     0     0   0.0000E+00   0.0000E+00   0.0000E+00   0.0000E+00   0.0000E+00   0.0000E+00
     0     0   0.0000E+00   0.0000E+00   0.0000E+00   0.0000E+00   0.0000E+00   0.0000E+00
     0     0   0.0000E+00   0.0000E+00   0.0000E+00   0.0000E+00   0.0000E+00   0.0000E+00
     0     0   0.0000E+00   0.0000E+00   0.0000E+00   0.0000E+00   0.0000E+00   0.0000E+00
     0     0   0.0000E+00   0.0000E+00   0.0000E+00   0.0000E+00   0.0000E+00   0.0000E+00
     0     0   0.0000E+00   0.0000E+00   0.0000E+00   0.0000E+00   0.0000E+00   0.0000E+00
     0     0   0.0000E+00   0.0000E+00   0.0000E+00   0.0000E+00   0.0000E+00   0.0000E+00
     0     0   0.0000E+00   0.0000E+00   0.0000E+00   0.0000E+00   0.0000E+00   0.0000E+00
     0     0   0.0000E+00   0.0000E+00   0.0000E+00   0.0000E+00   0.0000E+00   0.0000E+00
     0     0   0.0000E+00   0.0000E+00   0.0000E+00   0.0000E+00   0.0000E+00   0.0000E+00
     0     0   0.0000E+00   0.0000E+00   0.0000E+00   0.0000E+00   0.0000E+00   0.0000E+00
     0     0   0.0000E+00   0.0000E+00   0.0000E+00   0.0000E+00   0.0000E+00   0.0000E+00
     0     0   0.0000E+00   0.0000E+00   0.0000E+00   0.0000E+00   0.0000E+00   0.0000E+00
     0     0   0.0000E+00   0.0000E+00   0.0000E+00   0.0000E+00   0.0000E+00   0.0000E+00
     0     0   0.0000E+00   0.0000E+00   0.0000E+00   0.0000E+00   0.0000E+00   0.0000E+00
     0     0   0.0000E+00   0.0000E+00   0.0000E+00   0.0000E+00   0.0000E+00   0.0000E+00
     0     0   0.0000E+00   0.0000E+00   0.0000E+00   0.0000E+00   0.0000E+00   0.0000E+00
     0     0   0.0000E+00   0.0000E+00   0.0000E+00   0.0000E+00   0.0000E+00   0.0000E+00
     0     0   0.0000E+00   0.0000E+00   0.0000E+00   0.0000E+00   0.0000E+00   0.0000E+00
     0     0   0.0000E+00   0.0000E+00   0.0000E+00   0.0000E+00   0.0000E+00   0.0000E+00
     0     0   0.0000E+00   0.0000E+00   0.0000E+00   0.0000E+00   0.0000E+00   0.0000E+00
     0     0   0.0000E+00   0.0000E+00   0.0000E+00   0.0000E+00   0.0000E+00   0.0000E+00
     0     0   0.0000E+00   0.0000E+00   0.0000E+00   0.0000E+00   0.0000E+00   0.0000E+00
     0     0   0.0000E+00   0.0000E+00   0.0000E+00   0.0000E+00   0.0000E+00   0.0000E+00
     0     0   0.0000E+00   0.0000E+00   0.0000E+00   0.0000E+00   0.0000E+00   0.0000E+00
     0     0   0.0000E+00   0.0000E+00   0.0000E+00   0.0000E+00   0.0000E+00   0.0000E+00
     0     0   0.0000E+00   0.0000E+00   0.0000E+00   0.0000E+00   0.0000E+00   0.0000E+00
     0     0   0.0000E+00   0.0000E+00   0.0000E+00   0.0000E+00   0.0000E+00   0.0000E+00
     0     0   0.0000E+00   0.0000E+00   0.0000E+00   0.0000E+00   0.0000E+00   0.0000E+00
     0     0   0.0000E+00   0.0000E+00   0.0000E+00   0.0000E+00   0.0000E+00   0.0000E+00
     0     0   0.0000E+00   0.0000E+00   0.0000E+00   0.0000E+00   0.0000E+00   0.0000E+00
     0     0   0.0000E+00   0.0000E+00   0.0000E+00   0.0000E+00   0.0000E+00   0.0000E+00
     0     0   0.0000E+00   0.0000E+00   0.0000E+00   0.0000E+00   0.0000E+00   0.0000E+00
     0     0   0.0000E+00   0.0000E+00   0.0000E+00   0.0000E+00   0.0000E+00   0.0000E+00
     0     0   0.0000E+00   0.0000E+00   0.0000E+00   0.0000E+00   0.0000E+00   0.0000E+00
     0     0   0.0000E+00   0.0000E+00   0.0000E+00   0.0000E+00   0.0000E+00   0.0000E+00
     0     0   0.0000E+00   0.0000E+00   0.0000E+00   0.0000E+00   0.0000E+00   0.0000E+00
     0     0   0.0000E+00   0.0000E+00   0.0000E+00   0.0000E+00   0.0000E+00   0.0000E+00
     0     0   0.0000E+00   0.0000E+00   0.0000E+00   0.0000E+00   0.0000E+00   0.0000E+00
     0     0   0.0000E+00   0.0000E+00   0.0000E+00   0.0000E+00   0.0000E+00   0.0000E+00
     0     0   0.0000E+00   0.0000E+00   0.0000E+00   0.0000E+00   0.0000E+00   0.0000E+00
     0     0   0.0000E+00   0.0000E+00   0.0000E+00   0.0000E+00   0.0000E+00   0.0000E+00
     0     0   0.0000E+00   0.0000E+00   0.0000E+00   0.0000E+00   0.0000E+00   0.0000E+00
     0     0   0.0000E+00   0.0000E+00   0.0000E+00   0.0000E+00   0.0000E+00   0.0000E+00
     0     0   0.0000E+00   0.0000E+00   0.0000E+00   0.0000E+00   0.0000E+00   0.0000E+00
     0     0   0.0000E+00   0.0000E+00   0.0000E+00   0.0000E+00   0.0000E+00   0.0000E+00
     0     0   0.0000E+00   0.0000E+00   0.0000E+00   0.0000E+00   0.0000E+00   0.0000E+00
     0     0   0.0000E+00   0.0000E+00   0.0000E+00   0.0000E+00   0.0000E+00   0.0000E+00
     0     0   0.0000E+00   0.0000E+00   0.0000E+00   0.0000E+00   0.0000E+00   0.0000E+00
     0     0   0.0000E+00   0.0000E+00   0.0000E+00   0.0000E+00   0.0000E+00   0.0000E+00
     0     0   0.0000E+00   0.0000E+00   0.0000E+00   0.0000E+00   0.0000E+00   0.0000E+00
     0     0   0.0000E+00   0.0000E+00   0.0000E+00   0.0000E+00   0.0000E+00   0.0000E+00
     0     0   0.0000E+00   0.0000E+00   0.0000E+00   0.0000E+00   0.0000E+00   0.0000E+00
     0     0   0.0000E+00   0.0000E+00   0.0000E+00   0.0000E+00   0.0000E+00   0.0000E+00
     0     0   0.0000E+00   0.0000E+00   0.0000E+00   0.0000E+00   0.0000E+00   0.0000E+00
     0     0   0.0000E+00   0.0000E+00   0.0000E+00   0.0000E+00   0.0000E+00   0.0000E+00
     0     0   0.0000E+00   0.0000E+00   0.0000E+00   0.0000E+00   0.0000E+00   0.0000E+00
     0     0   0.0000E+00   0.0000E+00   0.0000E+00   0.0000E+00   0.0000E+00   0.0000E+00
     0     0   0.0000E+00   0.0000E+00   0.0000E+00   0.0000E+00   0.0000E+00   0.0000E+00
     0     0   0.0000E+00   0.0000E+00   0.0000E+00   0.0000E+00   0.0000E+00   0.0000E+00
     0     0   0.0000E+00   0.0000E+00   0.0000E+00   0.0000E+00   0.0000E+00   0.0000E+00
     0     0   0.0000E+00   0.0000E+00   0.0000E+00   0.0000E+00   0.0000E+00   0.0000E+00
     0     0   0.0000E+00   0.0000E+00   0.0000E+00   0.0000E+00   0.0000E+00   0.0000E+00
     0     0   0.0000E+00   0.0000E+00   0.0000E+00   0.0000E+00   0.0000E+00   0.0000E+00
     0     0   0.0000E+00   0.0000E+00   0.0000E+00   0.0000E+00   0.0000E+00   0.0000E+00
     0     0   0.0000E+00   0.0000E+00   0.0000E+00   0.0000E+00   0.0000E+00   0.0000E+00
     0     0   0.0000E+00   0.0000E+00   0.0000E+00   0.0000E+00   0.0000E+00   0.0000E+00
     0     0   0.0000E+00   0.0000E+00   0.0000E+00   0.0000E+00   0.0000E+00   0.0000E+00
     0     0   0.0000E+00   0.0000E+00   0.0000E+00   0.0000E+00   0.0000E+00   0.0000E+00
     0     0   0.0000E+00   0.0000E+00   0.0000E+00   0.0000E+00   0.0000E+00   0.0000E+00
     0     0   0.0000E+00   0.0000E+00   0.0000E+00   0.0000E+00   0.0000E+00   0.0000E+00
     0     0   0.0000E+00   0.0000E+00   0.0000E+00   0.0000E+00   0.0000E+00   0.0000E+00
     0     0   0.0000E+00   0.0000E+00   0.0000E+00   0.0000E+00   0.0000E+00   0.0000E+00
     0     0   0.0000E+00   0.0000E+00   0.0000E+00   0.0000E+00   0.0000E+00   0.0000E+00
     0     0   0.0000E+00   0.0000E+00   0.0000E+00   0.0000E+00   0.0000E+00   0.0000E+00
     0     0   0.0000E+00   0.0000E+00   0.0000E+00   0.0000E+00   0.0000E+00   0.0000E+00
     0     0   0.0000E+00   0.0000E+00   0.0000E+00   0.0000E+00   0.0000E+00   0.0000E+00
     0     0   0.0000E+00   0.0000E+00   0.0000E+00   0.0000E+00   0.0000E+00   0.0000E+00
     0     0   0.0000E+00   0.0000E+00   0.0000E+00   0.0000E+00   0.0000E+00   0.0000E+00
     0     0   0.0000E+00   0.0000E+00   0.0000E+00   0.0000E+00   0.0000E+00   0.0000E+00
     0     0   0.0000E+00   0.0000E+00   0.0000E+00   0.0000E+00   0.0000E+00   0.0000E+00
     0     0   0.0000E+00   0.0000E+00   0.0000E+00   0.0000E+00   0.0000E+00   0.0000E+00
     0     0   0.0000E+00   0.0000E+00   0.0000E+00   0.0000E+00   0.0000E+00   0.0000E+00
     0     0   0.0000E+00   0.0000E+00   0.0000E+00   0.0000E+00   0.0000E+00   0.0000E+00
     0     0   0.0000E+00   0.0000E+00   0.0000E+00   0.0000E+00   0.0000E+00   0.0000E+00
     0     0   0.0000E+00   0.0000E+00   0.0000E+00   0.0000E+00   0.0000E+00   0.0000E+00
     0     0   0.0000E+00   0.0000E+00   0.0000E+00   0.0000E+00   0.0000E+00   0.0000E+00
     0     0   0.0000E+00   0.0000E+00   0.0000E+00   0.0000E+00   0.0000E+00   0.0000E+00
     0     0   0.0000E+00   0.0000E+00   0.0000E+00   0.0000E+00   0.0000E+00   0.0000E+00
     0     0   0.0000E+00   0.0000E+00   0.0000E+00   0.0000E+00   0.0000E+00   0.0000E+00
     0     0   0.0000E+00   0.0000E+00   0.0000E+00   0.0000E+00   0.0000E+00   0.0000E+00
     0     0   0.0000E+00   0.0000E+00   0.0000E+00   0.0000E+00   0.0000E+00   0.0000E+00
     0     0   0.0000E+00   0.0000E+00   0.0000E+00   0.0000E+00   0.0000E+00   0.0000E+00
     0     0   0.0000E+00   0.0000E+00   0.0000E+00   0.0000E+00   0.0000E+00   0.0000E+00
     0     0   0.0000E+00   0.0000E+00   0.0000E+00   0.0000E+00   0.0000E+00   0.0000E+00
     0     0   0.0000E+00   0.0000E+00   0.0000E+00   0.0000E+00   0.0000E+00   0.0000E+00
     0     0   0.0000E+00   0.0000E+00   0.0000E+00   0.0000E+00   0.0000E+00   0.0000E+00
     0     0   0.0000E+00   0.0000E+00   0.0000E+00   0.0000E+00   0.0000E+00   0.0000E+00
     0     0   0.0000E+00   0.0000E+00   0.0000E+00   0.0000E+00   0.0000E+00   0.0000E+00
     0     0   0.0000E+00   0.0000E+00   0.0000E+00   0.0000E+00   0.0000E+00   0.0000E+00
     0     0   0.0000E+00   0.0000E+00   0.0000E+00   0.0000E+00   0.0000E+00   0.0000E+00
     0     0   0.0000E+00   0.0000E+00   0.0000E+00   0.0000E+00   0.0000E+00   0.0000E+00
     0     0   0.0000E+00   0.0000E+00   0.0000E+00   0.0000E+00   0.0000E+00   0.0000E+00
     0     0   0.0000E+00   0.0000E+00   0.0000E+00   0.0000E+00   0.0000E+00   0.0000E+00
     0     0   0.0000E+00   0.0000E+00   0.0000E+00   0.0000E+00   0.0000E+00   0.0000E+00
     0     0   0.0000E+00   0.0000E+00   0.0000E+00   0.0000E+00   0.0000E+00   0.0000E+00
     0     0   0.0000E+00   0.0000E+00   0.0000E+00   0.0000E+00   0.0000E+00   0.0000E+00
     0     0   0.0000E+00   0.0000E+00   0.0000E+00   0.0000E+00   0.0000E+00   0.0000E+00
     0     0   0.0000E+00   0.0000E+00   0.0000E+00   0.0000E+00   0.0000E+00   0.0000E+00
     0     0   0.0000E+00   0.0000E+00   0.0000E+00   0.0000E+00   0.0000E+00   0.0000E+00
     0     0   0.0000E+00   0.0000E+00   0.0000E+00   0.0000E+00   0.0000E+00   0.0000E+00
     0     0   0.0000E+00   0.0000E+00   0.0000E+00   0.0000E+00   0.0000E+00   0.0000E+00
     0     0   0.0000E+00   0.0000E+00   0.0000E+00   0.0000E+00   0.0000E+00   0.0000E+00
     0     0   0.0000E+00   0.0000E+00   0.0000E+00   0.0000E+00   0.0000E+00   0.0000E+00
     0     0   0.0000E+00   0.0000E+00   0.0000E+00   0.0000E+00   0.0000E+00   0.0000E+00
     0     0   0.0000E+00   0.0000E+00   0.0000E+00   0.0000E+00   0.0000E+00   0.0000E+00
     0     0   0.0000E+00   0.0000E+00   0.0000E+00   0.0000E+00   0.0000E+00   0.0000E+00
     0     0   0.0000E+00   0.0000E+00   0.0000E+00   0.0000E+00   0.0000E+00   0.0000E+00
     0     0   0.0000E+00   0.0000E+00   0.0000E+00   0.0000E+00   0.0000E+00   0.0000E+00
     0     0   0.0000E+00   0.0000E+00   0.0000E+00   0.0000E+00   0.0000E+00   0.0000E+00
     0     0   0.0000E+00   0.0000E+00   0.0000E+00   0.0000E+00   0.0000E+00   0.0000E+00
     0     0   0.0000E+00   0.0000E+00   0.0000E+00   0.0000E+00   0.0000E+00   0.0000E+00
     0     0   0.0000E+00   0.0000E+00   0.0000E+00   0.0000E+00   0.0000E+00   0.0000E+00
     0     0   0.0000E+00   0.0000E+00   0.0000E+00   0.0000E+00   0.0000E+00   0.0000E+00
     0     0   0.0000E+00   0.0000E+00   0.0000E+00   0.0000E+00   0.0000E+00   0.0000E+00
     0     0   0.0000E+00   0.0000E+00   0.0000E+00   0.0000E+00   0.0000E+00   0.0000E+00
     0     0   0.0000E+00   0.0000E+00   0.0000E+00   0.0000E+00   0.0000E+00   0.0000E+00
     0     0   0.0000E+00   0.0000E+00   0.0000E+00   0.0000E+00   0.0000E+00   0.0000E+00
     0     0   0.0000E+00   0.0000E+00   0.0000E+00   0.0000E+00   0.0000E+00   0.0000E+00
     0     0   0.0000E+00   0.0000E+00   0.0000E+00   0.0000E+00   0.0000E+00   0.0000E+00
     0     0   0.0000E+00   0.0000E+00   0.0000E+00   0.0000E+00   0.0000E+00   0.0000E+00
     0     0   0.0000E+00   0.0000E+00   0.0000E+00   0.0000E+00   0.0000E+00   0.0000E+00
     0     0   0.0000E+00   0.0000E+00   0.0000E+00   0.0000E+00   0.0000E+00   0.0000E+00
     0     0   0.0000E+00   0.0000E+00   0.0000E+00   0.0000E+00   0.0000E+00   0.0000E+00
     0     0   0.0000E+00   0.0000E+00   0.0000E+00   0.0000E+00   0.0000E+00   0.0000E+00
     0     0   0.0000E+00   0.0000E+00   0.0000E+00   0.0000E+00   0.0000E+00   0.0000E+00
     0     0   0.0000E+00   0.0000E+00   0.0000E+00   0.0000E+00   0.0000E+00   0.0000E+00
     0     0   0.0000E+00   0.0000E+00   0.0000E+00   0.0000E+00   0.0000E+00   0.0000E+00
     0     0   0.0000E+00   0.0000E+00   0.0000E+00   0.0000E+00   0.0000E+00   0.0000E+00
     0     0   0.0000E+00   0.0000E+00   0.0000E+00   0.0000E+00   0.0000E+00   0.0000E+00
     0     0   0.0000E+00   0.0000E+00   0.0000E+00   0.0000E+00   0.0000E+00   0.0000E+00
     0     0   0.0000E+00   0.0000E+00   0.0000E+00   0.0000E+00   0.0000E+00   0.0000E+00
     0     0   0.0000E+00   0.0000E+00   0.0000E+00   0.0000E+00   0.0000E+00   0.0000E+00
     0     0   0.0000E+00   0.0000E+00   0.0000E+00   0.0000E+00   0.0000E+00   0.0000E+00
     0     0   0.0000E+00   0.0000E+00   0.0000E+00   0.0000E+00   0.0000E+00   0.0000E+00
     0     0   0.0000E+00   0.0000E+00   0.0000E+00   0.0000E+00   0.0000E+00   0.0000E+00
     0     0   0.0000E+00   0.0000E+00   0.0000E+00   0.0000E+00   0.0000E+00   0.0000E+00
     0     0   0.0000E+00   0.0000E+00   0.0000E+00   0.0000E+00   0.0000E+00   0.0000E+00
     0     0   0.0000E+00   0.0000E+00   0.0000E+00   0.0000E+00   0.0000E+00   0.0000E+00
     0     0   0.0000E+00   0.0000E+00   0.0000E+00   0.0000E+00   0.0000E+00   0.0000E+00
     0     0   0.0000E+00   0.0000E+00   0.0000E+00   0.0000E+00   0.0000E+00   0.0000E+00
     0     0   0.0000E+00   0.0000E+00   0.0000E+00   0.0000E+00   0.0000E+00   0.0000E+00
     0     0   0.0000E+00   0.0000E+00   0.0000E+00   0.0000E+00   0.0000E+00   0.0000E+00
     0     0   0.0000E+00   0.0000E+00   0.0000E+00   0.0000E+00   0.0000E+00   0.0000E+00
     0     0   0.0000E+00   0.0000E+00   0.0000E+00   0.0000E+00   0.0000E+00   0.0000E+00
     0     0   0.0000E+00   0.0000E+00   0.0000E+00   0.0000E+00   0.0000E+00   0.0000E+00
     0     0   0.0000E+00   0.0000E+00   0.0000E+00   0.0000E+00   0.0000E+00   0.0000E+00
     0     0   0.0000E+00   0.0000E+00   0.0000E+00   0.0000E+00   0.0000E+00   0.0000E+00
     0     0   0.0000E+00   0.0000E+00   0.0000E+00   0.0000E+00   0.0000E+00   0.0000E+00
     0     0   0.0000E+00   0.0000E+00   0.0000E+00   0.0000E+00   0.0000E+00   0.0000E+00
     0     0   0.0000E+00   0.0000E+00   0.0000E+00   0.0000E+00   0.0000E+00   0.0000E+00
     0     0   0.0000E+00   0.0000E+00   0.0000E+00   0.0000E+00   0.0000E+00   0.0000E+00
     0     0   0.0000E+00   0.0000E+00   0.0000E+00   0.0000E+00   0.0000E+00   0.0000E+00
     0     0   0.0000E+00   0.0000E+00   0.0000E+00   0.0000E+00   0.0000E+00   0.0000E+00
     0     0   0.0000E+00   0.0000E+00   0.0000E+00   0.0000E+00   0.0000E+00   0.0000E+00
     0     0   0.0000E+00   0.0000E+00   0.0000E+00   0.0000E+00   0.0000E+00   0.0000E+00
     0     0   0.0000E+00   0.0000E+00   0.0000E+00   0.0000E+00   0.0000E+00   0.0000E+00
     0     0   0.0000E+00   0.0000E+00   0.0000E+00   0.0000E+00   0.0000E+00   0.0000E+00
     0     0   0.0000E+00   0.0000E+00   0.0000E+00   0.0000E+00   0.0000E+00   0.0000E+00
     0     0   0.0000E+00   0.0000E+00   0.0000E+00   0.0000E+00   0.0000E+00   0.0000E+00
     0     0   0.0000E+00   0.0000E+00   0.0000E+00   0.0000E+00   0.0000E+00   0.0000E+00
     0     0   0.0000E+00   0.0000E+00   0.0000E+00   0.0000E+00   0.0000E+00   0.0000E+00
     0     0   0.0000E+00   0.0000E+00   0.0000E+00   0.0000E+00   0.0000E+00   0.0000E+00
     0     0   0.0000E+00   0.0000E+00   0.0000E+00   0.0000E+00   0.0000E+00   0.0000E+00
     0     0   0.0000E+00   0.0000E+00   0.0000E+00   0.0000E+00   0.0000E+00   0.0000E+00
     0     0   0.0000E+00   0.0000E+00   0.0000E+00   0.0000E+00   0.0000E+00   0.0000E+00
     0     0   0.0000E+00   0.0000E+00   0.0000E+00   0.0000E+00   0.0000E+00   0.0000E+00
     0     0   0.0000E+00   0.0000E+00   0.0000E+00   0.0000E+00   0.0000E+00   0.0000E+00
     0     0   0.0000E+00   0.0000E+00   0.0000E+00   0.0000E+00   0.0000E+00   0.0000E+00
     0     0   0.0000E+00   0.0000E+00   0.0000E+00   0.0000E+00   0.0000E+00   0.0000E+00
     0     0   0.0000E+00   0.0000E+00   0.0000E+00   0.0000E+00   0.0000E+00   0.0000E+00
     0     0   0.0000E+00   0.0000E+00   0.0000E+00   0.0000E+00   0.0000E+00   0.0000E+00
     0     0   0.0000E+00   0.0000E+00   0.0000E+00   0.0000E+00   0.0000E+00   0.0000E+00
     0     0   0.0000E+00   0.0000E+00   0.0000E+00   0.0000E+00   0.0000E+00   0.0000E+00
     0     0   0.0000E+00   0.0000E+00   0.0000E+00   0.0000E+00   0.0000E+00   0.0000E+00
     0     0   0.0000E+00   0.0000E+00   0.0000E+00   0.0000E+00   0.0000E+00   0.0000E+00
     0     0   0.0000E+00   0.0000E+00   0.0000E+00   0.0000E+00   0.0000E+00   0.0000E+00
     0     0   0.0000E+00   0.0000E+00   0.0000E+00   0.0000E+00   0.0000E+00   0.0000E+00
     0     0   0.0000E+00   0.0000E+00   0.0000E+00   0.0000E+00   0.0000E+00   0.0000E+00
     0     0   0.0000E+00   0.0000E+00   0.0000E+00   0.0000E+00   0.0000E+00   0.0000E+00
     0     0   0.0000E+00   0.0000E+00   0.0000E+00   0.0000E+00   0.0000E+00   0.0000E+00
     0     0   0.0000E+00   0.0000E+00   0.0000E+00   0.0000E+00   0.0000E+00   0.0000E+00
     0     0   0.0000E+00   0.0000E+00   0.0000E+00   0.0000E+00   0.0000E+00   0.0000E+00
     0     0   0.0000E+00   0.0000E+00   0.0000E+00   0.0000E+00   0.0000E+00   0.0000E+00
     0     0   0.0000E+00   0.0000E+00   0.0000E+00   0.0000E+00   0.0000E+00   0.0000E+00
     0     0   0.0000E+00   0.0000E+00   0.0000E+00   0.0000E+00   0.0000E+00   0.0000E+00
     0     0   0.0000E+00   0.0000E+00   0.0000E+00   0.0000E+00   0.0000E+00   0.0000E+00
     0     0   0.0000E+00   0.0000E+00   0.0000E+00   0.0000E+00   0.0000E+00   0.0000E+00
     0     0   0.0000E+00   0.0000E+00   0.0000E+00   0.0000E+00   0.0000E+00   0.0000E+00
     0     0   0.0000E+00   0.0000E+00   0.0000E+00   0.0000E+00   0.0000E+00   0.0000E+00
     0     0   0.0000E+00   0.0000E+00   0.0000E+00   0.0000E+00   0.0000E+00   0.0000E+00
     0     0   0.0000E+00   0.0000E+00   0.0000E+00   0.0000E+00   0.0000E+00   0.0000E+00
     0     0   0.0000E+00   0.0000E+00   0.0000E+00   0.0000E+00   0.0000E+00   0.0000E+00
     0     0   0.0000E+00   0.0000E+00   0.0000E+00   0.0000E+00   0.0000E+00   0.0000E+00
     0     0   0.0000E+00   0.0000E+00   0.0000E+00   0.0000E+00   0.0000E+00   0.0000E+00
     0     0   0.0000E+00   0.0000E+00   0.0000E+00   0.0000E+00   0.0000E+00   0.0000E+00
     0     0   0.0000E+00   0.0000E+00   0.0000E+00   0.0000E+00   0.0000E+00   0.0000E+00
     0     0   0.0000E+00   0.0000E+00   0.0000E+00   0.0000E+00   0.0000E+00   0.0000E+00
     0     0   0.0000E+00   0.0000E+00   0.0000E+00   0.0000E+00   0.0000E+00   0.0000E+00
     0     0   0.0000E+00   0.0000E+00   0.0000E+00   0.0000E+00   0.0000E+00   0.0000E+00
     0     0   0.0000E+00   0.0000E+00   0.0000E+00   0.0000E+00   0.0000E+00   0.0000E+00
     0     0   0.0000E+00   0.0000E+00   0.0000E+00   0.0000E+00   0.0000E+00   0.0000E+00
     0     0   0.0000E+00   0.0000E+00   0.0000E+00   0.0000E+00   0.0000E+00   0.0000E+00
     0     0   0.0000E+00   0.0000E+00   0.0000E+00   0.0000E+00   0.0000E+00   0.0000E+00
     0     0   0.0000E+00   0.0000E+00   0.0000E+00   0.0000E+00   0.0000E+00   0.0000E+00
     0     0   0.0000E+00   0.0000E+00   0.0000E+00   0.0000E+00   0.0000E+00   0.0000E+00
     0     0   0.0000E+00   0.0000E+00   0.0000E+00   0.0000E+00   0.0000E+00   0.0000E+00
     0     0   0.0000E+00   0.0000E+00   0.0000E+00   0.0000E+00   0.0000E+00   0.0000E+00
     0     0   0.0000E+00   0.0000E+00   0.0000E+00   0.0000E+00   0.0000E+00   0.0000E+00
     0     0   0.0000E+00   0.0000E+00   0.0000E+00   0.0000E+00   0.0000E+00   0.0000E+00
     0     0   0.0000E+00   0.0000E+00   0.0000E+00   0.0000E+00   0.0000E+00   0.0000E+00
     0     0   0.0000E+00   0.0000E+00   0.0000E+00   0.0000E+00   0.0000E+00   0.0000E+00
     0     0   0.0000E+00   0.0000E+00   0.0000E+00   0.0000E+00   0.0000E+00   0.0000E+00
     0     0   0.0000E+00   0.0000E+00   0.0000E+00   0.0000E+00   0.0000E+00   0.0000E+00
     0     0   0.0000E+00   0.0000E+00   0.0000E+00   0.0000E+00   0.0000E+00   0.0000E+00
     0     0   0.0000E+00   0.0000E+00   0.0000E+00   0.0000E+00   0.0000E+00   0.0000E+00
     0     0   0.0000E+00   0.0000E+00   0.0000E+00   0.0000E+00   0.0000E+00   0.0000E+00
     0     0   0.0000E+00   0.0000E+00   0.0000E+00   0.0000E+00   0.0000E+00   0.0000E+00
     0     0   0.0000E+00   0.0000E+00   0.0000E+00   0.0000E+00   0.0000E+00   0.0000E+00
     0     0   0.0000E+00   0.0000E+00   0.0000E+00   0.0000E+00   0.0000E+00   0.0000E+00
     0     0   0.0000E+00   0.0000E+00   0.0000E+00   0.0000E+00   0.0000E+00   0.0000E+00
     0     0   0.0000E+00   0.0000E+00   0.0000E+00   0.0000E+00   0.0000E+00   0.0000E+00
     0     0   0.0000E+00   0.0000E+00   0.0000E+00   0.0000E+00   0.0000E+00   0.0000E+00
     0     0   0.0000E+00   0.0000E+00   0.0000E+00   0.0000E+00   0.0000E+00   0.0000E+00
     0     0   0.0000E+00   0.0000E+00   0.0000E+00   0.0000E+00   0.0000E+00   0.0000E+00
     0     0   0.0000E+00   0.0000E+00   0.0000E+00   0.0000E+00   0.0000E+00   0.0000E+00
     0     0   0.0000E+00   0.0000E+00   0.0000E+00   0.0000E+00   0.0000E+00   0.0000E+00
     0     0   0.0000E+00   0.0000E+00   0.0000E+00   0.0000E+00   0.0000E+00   0.0000E+00
     0     0   0.0000E+00   0.0000E+00   0.0000E+00   0.0000E+00   0.0000E+00   0.0000E+00
     0     0   0.0000E+00   0.0000E+00   0.0000E+00   0.0000E+00   0.0000E+00   0.0000E+00
     0     0   0.0000E+00   0.0000E+00   0.0000E+00   0.0000E+00   0.0000E+00   0.0000E+00
     0     0   0.0000E+00   0.0000E+00   0.0000E+00   0.0000E+00   0.0000E+00   0.0000E+00
     0     0   0.0000E+00   0.0000E+00   0.0000E+00   0.0000E+00   0.0000E+00   0.0000E+00
     0     0   0.0000E+00   0.0000E+00   0.0000E+00   0.0000E+00   0.0000E+00   0.0000E+00
     0     0   0.0000E+00   0.0000E+00   0.0000E+00   0.0000E+00   0.0000E+00   0.0000E+00
     0     0   0.0000E+00   0.0000E+00   0.0000E+00   0.0000E+00   0.0000E+00   0.0000E+00
     0     0   0.0000E+00   0.0000E+00   0.0000E+00   0.0000E+00   0.0000E+00   0.0000E+00
     0     0   0.0000E+00   0.0000E+00   0.0000E+00   0.0000E+00   0.0000E+00   0.0000E+00
     0     0   0.0000E+00   0.0000E+00   0.0000E+00   0.0000E+00   0.0000E+00   0.0000E+00
     0     0   0.0000E+00   0.0000E+00   0.0000E+00   0.0000E+00   0.0000E+00   0.0000E+00
     0     0   0.0000E+00   0.0000E+00   0.0000E+00   0.0000E+00   0.0000E+00   0.0000E+00
     0     0   0.0000E+00   0.0000E+00   0.0000E+00   0.0000E+00   0.0000E+00   0.0000E+00
     0     0   0.0000E+00   0.0000E+00   0.0000E+00   0.0000E+00   0.0000E+00   0.0000E+00
     0     0   0.0000E+00   0.0000E+00   0.0000E+00   0.0000E+00   0.0000E+00   0.0000E+00
     0     0   0.0000E+00   0.0000E+00   0.0000E+00   0.0000E+00   0.0000E+00   0.0000E+00
     0     0   0.0000E+00   0.0000E+00   0.0000E+00   0.0000E+00   0.0000E+00   0.0000E+00
     0     0   0.0000E+00   0.0000E+00   0.0000E+00   0.0000E+00   0.0000E+00   0.0000E+00
     0     0   0.0000E+00   0.0000E+00   0.0000E+00   0.0000E+00   0.0000E+00   0.0000E+00
     0     0   0.0000E+00   0.0000E+00   0.0000E+00   0.0000E+00   0.0000E+00   0.0000E+00
     0     0   0.0000E+00   0.0000E+00   0.0000E+00   0.0000E+00   0.0000E+00   0.0000E+00
     0     0   0.0000E+00   0.0000E+00   0.0000E+00   0.0000E+00   0.0000E+00   0.0000E+00
     0     0   0.0000E+00   0.0000E+00   0.0000E+00   0.0000E+00   0.0000E+00   0.0000E+00
     0     0   0.0000E+00   0.0000E+00   0.0000E+00   0.0000E+00   0.0000E+00   0.0000E+00
     0     0   0.0000E+00   0.0000E+00   0.0000E+00   0.0000E+00   0.0000E+00   0.0000E+00
     0     0   0.0000E+00   0.0000E+00   0.0000E+00   0.0000E+00   0.0000E+00   0.0000E+00
     0     0   0.0000E+00   0.0000E+00   0.0000E+00   0.0000E+00   0.0000E+00   0.0000E+00
     0     0   0.0000E+00   0.0000E+00   0.0000E+00   0.0000E+00   0.0000E+00   0.0000E+00
     0     0   0.0000E+00   0.0000E+00   0.0000E+00   0.0000E+00   0.0000E+00   0.0000E+00
     0     0   0.0000E+00   0.0000E+00   0.0000E+00   0.0000E+00   0.0000E+00   0.0000E+00
     0     0   0.0000E+00   0.0000E+00   0.0000E+00   0.0000E+00   0.0000E+00   0.0000E+00
     0     0   0.0000E+00   0.0000E+00   0.0000E+00   0.0000E+00   0.0000E+00   0.0000E+00
     0     0   0.0000E+00   0.0000E+00   0.0000E+00   0.0000E+00   0.0000E+00   0.0000E+00
     0     0   0.0000E+00   0.0000E+00   0.0000E+00   0.0000E+00   0.0000E+00   0.0000E+00
     0     0   0.0000E+00   0.0000E+00   0.0000E+00   0.0000E+00   0.0000E+00   0.0000E+00
     0     0   0.0000E+00   0.0000E+00   0.0000E+00   0.0000E+00   0.0000E+00   0.0000E+00
     0     0   0.0000E+00   0.0000E+00   0.0000E+00   0.0000E+00   0.0000E+00   0.0000E+00
     0     0   0.0000E+00   0.0000E+00   0.0000E+00   0.0000E+00   0.0000E+00   0.0000E+00
     0     0   0.0000E+00   0.0000E+00   0.0000E+00   0.0000E+00   0.0000E+00   0.0000E+00
     0     0   0.0000E+00   0.0000E+00   0.0000E+00   0.0000E+00   0.0000E+00   0.0000E+00
     0     0   0.0000E+00   0.0000E+00   0.0000E+00   0.0000E+00   0.0000E+00   0.0000E+00
     0     0   0.0000E+00   0.0000E+00   0.0000E+00   0.0000E+00   0.0000E+00   0.0000E+00
     0     0   0.0000E+00   0.0000E+00   0.0000E+00   0.0000E+00   0.0000E+00   0.0000E+00
     0     0   0.0000E+00   0.0000E+00   0.0000E+00   0.0000E+00   0.0000E+00   0.0000E+00
     0     0   0.0000E+00   0.0000E+00   0.0000E+00   0.0000E+00   0.0000E+00   0.0000E+00
     0     0   0.0000E+00   0.0000E+00   0.0000E+00   0.0000E+00   0.0000E+00   0.0000E+00
     0     0   0.0000E+00   0.0000E+00   0.0000E+00   0.0000E+00   0.0000E+00   0.0000E+00
     0     0   0.0000E+00   0.0000E+00   0.0000E+00   0.0000E+00   0.0000E+00   0.0000E+00
     0     0   0.0000E+00   0.0000E+00   0.0000E+00   0.0000E+00   0.0000E+00   0.0000E+00
     0     0   0.0000E+00   0.0000E+00   0.0000E+00   0.0000E+00   0.0000E+00   0.0000E+00
     0     0   0.0000E+00   0.0000E+00   0.0000E+00   0.0000E+00   0.0000E+00   0.0000E+00
     0     0   0.0000E+00   0.0000E+00   0.0000E+00   0.0000E+00   0.0000E+00   0.0000E+00
     0     0   0.0000E+00   0.0000E+00   0.0000E+00   0.0000E+00   0.0000E+00   0.0000E+00
     0     0   0.0000E+00   0.0000E+00   0.0000E+00   0.0000E+00   0.0000E+00   0.0000E+00
     0     0   0.0000E+00   0.0000E+00   0.0000E+00   0.0000E+00   0.0000E+00   0.0000E+00
     0     0   0.0000E+00   0.0000E+00   0.0000E+00   0.0000E+00   0.0000E+00   0.0000E+00
     0     0   0.0000E+00   0.0000E+00   0.0000E+00   0.0000E+00   0.0000E+00   0.0000E+00
     0     0   0.0000E+00   0.0000E+00   0.0000E+00   0.0000E+00   0.0000E+00   0.0000E+00
     0     0   0.0000E+00   0.0000E+00   0.0000E+00   0.0000E+00   0.0000E+00   0.0000E+00
     0     0   0.0000E+00   0.0000E+00   0.0000E+00   0.0000E+00   0.0000E+00   0.0000E+00
     0     0   0.0000E+00   0.0000E+00   0.0000E+00   0.0000E+00   0.0000E+00   0.0000E+00
     0     0   0.0000E+00   0.0000E+00   0.0000E+00   0.0000E+00   0.0000E+00   0.0000E+00
     0     0   0.0000E+00   0.0000E+00   0.0000E+00   0.0000E+00   0.0000E+00   0.0000E+00
     0     0   0.0000E+00   0.0000E+00   0.0000E+00   0.0000E+00   0.0000E+00   0.0000E+00
     0     0   0.0000E+00   0.0000E+00   0.0000E+00   0.0000E+00   0.0000E+00   0.0000E+00
     0     0   0.0000E+00   0.0000E+00   0.0000E+00   0.0000E+00   0.0000E+00   0.0000E+00
     0     0   0.0000E+00   0.0000E+00   0.0000E+00   0.0000E+00   0.0000E+00   0.0000E+00
     0     0   0.0000E+00   0.0000E+00   0.0000E+00   0.0000E+00   0.0000E+00   0.0000E+00
     0     0   0.0000E+00   0.0000E+00   0.0000E+00   0.0000E+00   0.0000E+00   0.0000E+00
     0     0   0.0000E+00   0.0000E+00   0.0000E+00   0.0000E+00   0.0000E+00   0.0000E+00
     0     0   0.0000E+00   0.0000E+00   0.0000E+00   0.0000E+00   0.0000E+00   0.0000E+00
     0     0   0.0000E+00   0.0000E+00   0.0000E+00   0.0000E+00   0.0000E+00   0.0000E+00
     0     0   0.0000E+00   0.0000E+00   0.0000E+00   0.0000E+00   0.0000E+00   0.0000E+00
     0     0   0.0000E+00   0.0000E+00   0.0000E+00   0.0000E+00   0.0000E+00   0.0000E+00
     0     0   0.0000E+00   0.0000E+00   0.0000E+00   0.0000E+00   0.0000E+00   0.0000E+00
     0     0   0.0000E+00   0.0000E+00   0.0000E+00   0.0000E+00   0.0000E+00   0.0000E+00
     0     0   0.0000E+00   0.0000E+00   0.0000E+00   0.0000E+00   0.0000E+00   0.0000E+00
     0     0   0.0000E+00   0.0000E+00   0.0000E+00   0.0000E+00   0.0000E+00   0.0000E+00
     0     0   0.0000E+00   0.0000E+00   0.0000E+00   0.0000E+00   0.0000E+00   0.0000E+00
     0     0   0.0000E+00   0.0000E+00   0.0000E+00   0.0000E+00   0.0000E+00   0.0000E+00
     0     0   0.0000E+00   0.0000E+00   0.0000E+00   0.0000E+00   0.0000E+00   0.0000E+00
     0     0   0.0000E+00   0.0000E+00   0.0000E+00   0.0000E+00   0.0000E+00   0.0000E+00
     0     0   0.0000E+00   0.0000E+00   0.0000E+00   0.0000E+00   0.0000E+00   0.0000E+00
     0     0   0.0000E+00   0.0000E+00   0.0000E+00   0.0000E+00   0.0000E+00   0.0000E+00
     0     0   0.0000E+00   0.0000E+00   0.0000E+00   0.0000E+00   0.0000E+00   0.0000E+00
     0     0   0.0000E+00   0.0000E+00   0.0000E+00   0.0000E+00   0.0000E+00   0.0000E+00
     0     0   0.0000E+00   0.0000E+00   0.0000E+00   0.0000E+00   0.0000E+00   0.0000E+00
     0     0   0.0000E+00   0.0000E+00   0.0000E+00   0.0000E+00   0.0000E+00   0.0000E+00
     0     0   0.0000E+00   0.0000E+00   0.0000E+00   0.0000E+00   0.0000E+00   0.0000E+00
     0     0   0.0000E+00   0.0000E+00   0.0000E+00   0.0000E+00   0.0000E+00   0.0000E+00
     0     0   0.0000E+00   0.0000E+00   0.0000E+00   0.0000E+00   0.0000E+00   0.0000E+00
     0     0   0.0000E+00   0.0000E+00   0.0000E+00   0.0000E+00   0.0000E+00   0.0000E+00
     0     0   0.0000E+00   0.0000E+00   0.0000E+00   0.0000E+00   0.0000E+00   0.0000E+00
     0     0   0.0000E+00   0.0000E+00   0.0000E+00   0.0000E+00   0.0000E+00   0.0000E+00
     0     0   0.0000E+00   0.0000E+00   0.0000E+00   0.0000E+00   0.0000E+00   0.0000E+00
     0     0   0.0000E+00   0.0000E+00   0.0000E+00   0.0000E+00   0.0000E+00   0.0000E+00
     0     0   0.0000E+00   0.0000E+00   0.0000E+00   0.0000E+00   0.0000E+00   0.0000E+00
     0     0   0.0000E+00   0.0000E+00   0.0000E+00   0.0000E+00   0.0000E+00   0.0000E+00
     0     0   0.0000E+00   0.0000E+00   0.0000E+00   0.0000E+00   0.0000E+00   0.0000E+00
     0     0   0.0000E+00   0.0000E+00   0.0000E+00   0.0000E+00   0.0000E+00   0.0000E+00
     0     0   0.0000E+00   0.0000E+00   0.0000E+00   0.0000E+00   0.0000E+00   0.0000E+00
     0     0   0.0000E+00   0.0000E+00   0.0000E+00   0.0000E+00   0.0000E+00   0.0000E+00
     0     0   0.0000E+00   0.0000E+00   0.0000E+00   0.0000E+00   0.0000E+00   0.0000E+00
     0     0   0.0000E+00   0.0000E+00   0.0000E+00   0.0000E+00   0.0000E+00   0.0000E+00
     0     0   0.0000E+00   0.0000E+00   0.0000E+00   0.0000E+00   0.0000E+00   0.0000E+00
     0     0   0.0000E+00   0.0000E+00   0.0000E+00   0.0000E+00   0.0000E+00   0.0000E+00
     0     0   0.0000E+00   0.0000E+00   0.0000E+00   0.0000E+00   0.0000E+00   0.0000E+00
     0     0   0.0000E+00   0.0000E+00   0.0000E+00   0.0000E+00   0.0000E+00   0.0000E+00
     0     0   0.0000E+00   0.0000E+00   0.0000E+00   0.0000E+00   0.0000E+00   0.0000E+00
     0     0   0.0000E+00   0.0000E+00   0.0000E+00   0.0000E+00   0.0000E+00   0.0000E+00
     0     0   0.0000E+00   0.0000E+00   0.0000E+00   0.0000E+00   0.0000E+00   0.0000E+00
     0     0   0.0000E+00   0.0000E+00   0.0000E+00   0.0000E+00   0.0000E+00   0.0000E+00
     0     0   0.0000E+00   0.0000E+00   0.0000E+00   0.0000E+00   0.0000E+00   0.0000E+00
     0     0   0.0000E+00   0.0000E+00   0.0000E+00   0.0000E+00   0.0000E+00   0.0000E+00
     0     0   3.2736E+12   8.8669E-01   1.3715E-06   9.2182E-01   0.0000E+00   0.0000E+00
     0     0   0.0000E+00   0.0000E+00   0.0000E+00   0.0000E+00   0.0000E+00   0.0000E+00
     0     0   0.0000E+00   0.0000E+00   0.0000E+00   0.0000E+00   0.0000E+00   0.0000E+00
     0     0   0.0000E+00   0.0000E+00   0.0000E+00   0.0000E+00   0.0000E+00   0.0000E+00
     0     0   0.0000E+00   0.0000E+00   0.0000E+00   0.0000E+00   0.0000E+00   0.0000E+00
     0     0   0.0000E+00   0.0000E+00   0.0000E+00   0.0000E+00   0.0000E+00   0.0000E+00
     0     0   0.0000E+00   0.0000E+00   0.0000E+00   0.0000E+00   0.0000E+00   0.0000E+00
     0     0   0.0000E+00   0.0000E+00   0.0000E+00   0.0000E+00   0.0000E+00   0.0000E+00
     0     0   0.0000E+00   0.0000E+00   0.0000E+00   0.0000E+00   0.0000E+00   0.0000E+00
     0     0   0.0000E+00   0.0000E+00   0.0000E+00   0.0000E+00   0.0000E+00   0.0000E+00
     0     0   0.0000E+00   0.0000E+00   0.0000E+00   0.0000E+00   0.0000E+00   0.0000E+00
     0     0   0.0000E+00   0.0000E+00   0.0000E+00   0.0000E+00   0.0000E+00   0.0000E+00
     0     0   0.0000E+00   0.0000E+00   0.0000E+00   0.0000E+00   0.0000E+00   0.0000E+00
     0     0   0.0000E+00   0.0000E+00   0.0000E+00   0.0000E+00   0.0000E+00   0.0000E+00
     0     0   0.0000E+00   0.0000E+00   0.0000E+00   0.0000E+00   0.0000E+00   0.0000E+00
     0     0   0.0000E+00   0.0000E+00   0.0000E+00   0.0000E+00   0.0000E+00   0.0000E+00
     0     0   0.0000E+00   0.0000E+00   0.0000E+00   0.0000E+00   0.0000E+00   0.0000E+00
     0     0   0.0000E+00   0.0000E+00   0.0000E+00   0.0000E+00   0.0000E+00   0.0000E+00
     0     0   0.0000E+00   0.0000E+00   0.0000E+00   0.0000E+00   0.0000E+00   0.0000E+00
     0     0   0.0000E+00   0.0000E+00   0.0000E+00   0.0000E+00   0.0000E+00   0.0000E+00
     0     0   0.0000E+00   0.0000E+00   0.0000E+00   0.0000E+00   0.0000E+00   0.0000E+00
     0     0   0.0000E+00   0.0000E+00   0.0000E+00   0.0000E+00   0.0000E+00   0.0000E+00
     0     0   0.0000E+00   0.0000E+00   0.0000E+00   0.0000E+00   0.0000E+00   0.0000E+00
     0     0   0.0000E+00   0.0000E+00   0.0000E+00   0.0000E+00   0.0000E+00   0.0000E+00
     0     0   0.0000E+00   0.0000E+00   0.0000E+00   0.0000E+00   0.0000E+00   0.0000E+00
     0     0   0.0000E+00   0.0000E+00   0.0000E+00   0.0000E+00   0.0000E+00   0.0000E+00
     0     0   0.0000E+00   0.0000E+00   0.0000E+00   0.0000E+00   0.0000E+00   0.0000E+00
     0     0   0.0000E+00   0.0000E+00   0.0000E+00   0.0000E+00   0.0000E+00   0.0000E+00
     0     0   0.0000E+00   0.0000E+00   0.0000E+00   0.0000E+00   0.0000E+00   0.0000E+00
     0     0   4.9583E+11   1.0000E+00   4.6242E-07   1.0000E+00   0.0000E+00   0.0000E+00
     0     0   0.0000E+00   0.0000E+00   0.0000E+00   0.0000E+00   0.0000E+00   0.0000E+00
     0     0   0.0000E+00   0.0000E+00   0.0000E+00   0.0000E+00   0.0000E+00   0.0000E+00
     0     0   0.0000E+00   0.0000E+00   0.0000E+00   0.0000E+00   0.0000E+00   0.0000E+00
     0     0   0.0000E+00   0.0000E+00   0.0000E+00   0.0000E+00   0.0000E+00   0.0000E+00
     0     0   0.0000E+00   0.0000E+00   0.0000E+00   0.0000E+00   0.0000E+00   0.0000E+00
     0     0   4.3571E+11   9.3007E-01   3.3965E-08   9.6362E-01   0.0000E+00   0.0000E+00
     0     0   0.0000E+00   0.0000E+00   0.0000E+00   0.0000E+00   0.0000E+00   0.0000E+00
     0     0   0.0000E+00   0.0000E+00   0.0000E+00   0.0000E+00   0.0000E+00   0.0000E+00
     0     0   0.0000E+00   0.0000E+00   0.0000E+00   0.0000E+00   0.0000E+00   0.0000E+00
     0     0   0.0000E+00   0.0000E+00   0.0000E+00   0.0000E+00   0.0000E+00   0.0000E+00
     0     0   0.0000E+00   0.0000E+00   0.0000E+00   0.0000E+00   0.0000E+00   0.0000E+00
     0     0   0.0000E+00   0.0000E+00   0.0000E+00   0.0000E+00   0.0000E+00   0.0000E+00
     0     0   0.0000E+00   0.0000E+00   0.0000E+00   0.0000E+00   0.0000E+00   0.0000E+00
     0     0   0.0000E+00   0.0000E+00   0.0000E+00   0.0000E+00   0.0000E+00   0.0000E+00
     0     0   0.0000E+00   0.0000E+00   0.0000E+00   0.0000E+00   0.0000E+00   0.0000E+00
     0     0   0.0000E+00   0.0000E+00   0.0000E+00   0.0000E+00   0.0000E+00   0.0000E+00
     0     0   0.0000E+00   0.0000E+00   0.0000E+00   0.0000E+00   0.0000E+00   0.0000E+00
     0     0   0.0000E+00   0.0000E+00   0.0000E+00   0.0000E+00   0.0000E+00   0.0000E+00
     0     0   0.0000E+00   0.0000E+00   0.0000E+00   0.0000E+00   0.0000E+00   0.0000E+00
     0     0   0.0000E+00   0.0000E+00   0.0000E+00   0.0000E+00   0.0000E+00   0.0000E+00
     0     0   0.0000E+00   0.0000E+00   0.0000E+00   0.0000E+00   0.0000E+00   0.0000E+00
     0     0   0.0000E+00   0.0000E+00   0.0000E+00   0.0000E+00   0.0000E+00   0.0000E+00
     0     0   0.0000E+00   0.0000E+00   0.0000E+00   0.0000E+00   0.0000E+00   0.0000E+00
     0     0   0.0000E+00   0.0000E+00   0.0000E+00   0.0000E+00   0.0000E+00   0.0000E+00
     0     0   0.0000E+00   0.0000E+00   0.0000E+00   0.0000E+00   0.0000E+00   0.0000E+00
     0     0   0.0000E+00   0.0000E+00   0.0000E+00   0.0000E+00   0.0000E+00   0.0000E+00
     0     0   0.0000E+00   0.0000E+00   0.0000E+00   0.0000E+00   0.0000E+00   0.0000E+00
     0     0   6.6011E+12   6.0962E-01   1.8915E-06   6.6429E-01   0.0000E+00   0.0000E+00
     0     0   1.6023E+13   4.7424E-01   3.4644E-06   7.1968E-01   0.0000E+00   0.0000E+00
     0     0   0.0000E+00   0.0000E+00   0.0000E+00   0.0000E+00   0.0000E+00   0.0000E+00
     0     0   0.0000E+00   0.0000E+00   0.0000E+00   0.0000E+00   0.0000E+00   0.0000E+00
     0     0   0.0000E+00   0.0000E+00   0.0000E+00   0.0000E+00   0.0000E+00   0.0000E+00
     0     0   0.0000E+00   0.0000E+00   0.0000E+00   0.0000E+00   0.0000E+00   0.0000E+00
     0     0   0.0000E+00   0.0000E+00   0.0000E+00   0.0000E+00   0.0000E+00   0.0000E+00
     0     0   0.0000E+00   0.0000E+00   0.0000E+00   0.0000E+00   0.0000E+00   0.0000E+00
     0     0   0.0000E+00   0.0000E+00   0.0000E+00   0.0000E+00   0.0000E+00   0.0000E+00
     0     0   0.0000E+00   0.0000E+00   0.0000E+00   0.0000E+00   0.0000E+00   0.0000E+00
     0     0   0.0000E+00   0.0000E+00   0.0000E+00   0.0000E+00   0.0000E+00   0.0000E+00
     0     0   0.0000E+00   0.0000E+00   0.0000E+00   0.0000E+00   0.0000E+00   0.0000E+00
     0     0   0.0000E+00   0.0000E+00   0.0000E+00   0.0000E+00   0.0000E+00   0.0000E+00
     0     0   0.0000E+00   0.0000E+00   0.0000E+00   0.0000E+00   0.0000E+00   0.0000E+00
     0     0   0.0000E+00   0.0000E+00   0.0000E+00   0.0000E+00   0.0000E+00   0.0000E+00
     0     0   0.0000E+00   0.0000E+00   0.0000E+00   0.0000E+00   0.0000E+00   0.0000E+00
     0     0   0.0000E+00   0.0000E+00   0.0000E+00   0.0000E+00   0.0000E+00   0.0000E+00
     0     0   0.0000E+00   0.0000E+00   0.0000E+00   0.0000E+00   0.0000E+00   0.0000E+00
     0     0   0.0000E+00   0.0000E+00   0.0000E+00   0.0000E+00   0.0000E+00   0.0000E+00
     0     0   0.0000E+00   0.0000E+00   0.0000E+00   0.0000E+00   0.0000E+00   0.0000E+00
     0     0   0.0000E+00   0.0000E+00   0.0000E+00   0.0000E+00   0.0000E+00   0.0000E+00
     0     0   0.0000E+00   0.0000E+00   0.0000E+00   0.0000E+00   0.0000E+00   0.0000E+00
     0     0   0.0000E+00   0.0000E+00   0.0000E+00   0.0000E+00   0.0000E+00   0.0000E+00
     0     0   0.0000E+00   0.0000E+00   0.0000E+00   0.0000E+00   0.0000E+00   0.0000E+00
     0     0   0.0000E+00   0.0000E+00   0.0000E+00   0.0000E+00   0.0000E+00   0.0000E+00
     0     0   0.0000E+00   0.0000E+00   0.0000E+00   0.0000E+00   0.0000E+00   0.0000E+00
     0     0   0.0000E+00   0.0000E+00   0.0000E+00   0.0000E+00   0.0000E+00   0.0000E+00
     0     0   0.0000E+00   0.0000E+00   0.0000E+00   0.0000E+00   0.0000E+00   0.0000E+00
     0     0   0.0000E+00   0.0000E+00   0.0000E+00   0.0000E+00   0.0000E+00   0.0000E+00
     0     0   0.0000E+00   0.0000E+00   0.0000E+00   0.0000E+00   0.0000E+00   0.0000E+00
     0     0   7.8631E+11   1.0000E+00   7.3332E-07   1.0000E+00   0.0000E+00   0.0000E+00
     0     0   0.0000E+00   0.0000E+00   0.0000E+00   0.0000E+00   0.0000E+00   0.0000E+00
     0     0   8.5884E+11   1.0000E+00   8.0097E-07   1.0000E+00   0.0000E+00   0.0000E+00
     0     0   0.0000E+00   0.0000E+00   0.0000E+00   0.0000E+00   0.0000E+00   0.0000E+00
     0     0   0.0000E+00   0.0000E+00   0.0000E+00   0.0000E+00   0.0000E+00   0.0000E+00
     0     0   0.0000E+00   0.0000E+00   0.0000E+00   0.0000E+00   0.0000E+00   0.0000E+00
     0     0   1.3796E+13   5.9994E-01   6.5054E-06   6.5030E-01   0.0000E+00   0.0000E+00
     0     0   5.6682E+12   8.8481E-01   2.0742E-06   8.4932E-01   0.0000E+00   0.0000E+00
     0     0   0.0000E+00   0.0000E+00   0.0000E+00   0.0000E+00   0.0000E+00   0.0000E+00
     0     0   0.0000E+00   0.0000E+00   0.0000E+00   0.0000E+00   0.0000E+00   0.0000E+00
     0     0   0.0000E+00   0.0000E+00   0.0000E+00   0.0000E+00   0.0000E+00   0.0000E+00
     0     0   0.0000E+00   0.0000E+00   0.0000E+00   0.0000E+00   0.0000E+00   0.0000E+00
     0     0   0.0000E+00   0.0000E+00   0.0000E+00   0.0000E+00   0.0000E+00   0.0000E+00
     0     0   0.0000E+00   0.0000E+00   0.0000E+00   0.0000E+00   0.0000E+00   0.0000E+00
     0     0   0.0000E+00   0.0000E+00   0.0000E+00   0.0000E+00   0.0000E+00   0.0000E+00
     0     0   0.0000E+00   0.0000E+00   0.0000E+00   0.0000E+00   0.0000E+00   0.0000E+00
     0     0   0.0000E+00   0.0000E+00   0.0000E+00   0.0000E+00   0.0000E+00   0.0000E+00
     0     0   0.0000E+00   0.0000E+00   0.0000E+00   0.0000E+00   0.0000E+00   0.0000E+00
     0     0   0.0000E+00   0.0000E+00   0.0000E+00   0.0000E+00   0.0000E+00   0.0000E+00
     0     0   0.0000E+00   0.0000E+00   0.0000E+00   0.0000E+00   0.0000E+00   0.0000E+00
     0     0   0.0000E+00   0.0000E+00   0.0000E+00   0.0000E+00   0.0000E+00   0.0000E+00
     0     0   0.0000E+00   0.0000E+00   0.0000E+00   0.0000E+00   0.0000E+00   0.0000E+00
     0     0   0.0000E+00   0.0000E+00   0.0000E+00   0.0000E+00   0.0000E+00   0.0000E+00
     0     0   0.0000E+00   0.0000E+00   0.0000E+00   0.0000E+00   0.0000E+00   0.0000E+00
     0     0   2.5132E+10   1.0000E+00   2.0613E-09   1.0000E+00   0.0000E+00   0.0000E+00
     0     0   2.3909E+09   1.0000E+00   5.2717E-10   1.0000E+00   0.0000E+00   0.0000E+00
     0     0   0.0000E+00   0.0000E+00   0.0000E+00   0.0000E+00   0.0000E+00   0.0000E+00
     0     0   5.3263E+10   7.1269E-01   8.4676E-09   8.1115E-01   0.0000E+00   0.0000E+00
     0     0   2.6633E+15   5.8693E-02   2.2549E-05   1.1191E-01   0.0000E+00   0.0000E+00
     0     0   3.6047E+16   1.6488E-02   2.0303E-04   4.3857E-02   0.0000E+00   0.0000E+00
     0     0   1.3830E+14   2.9039E-01   7.0388E-07   3.1249E-01   0.0000E+00   0.0000E+00
     0     0   1.9429E+11   1.0000E+00   2.9500E-08   1.0000E+00   0.0000E+00   0.0000E+00
     0     0   6.5264E+09   1.0000E+00   7.0360E-10   1.0000E+00   0.0000E+00   0.0000E+00
     0     0   0.0000E+00   0.0000E+00   0.0000E+00   0.0000E+00   0.0000E+00   0.0000E+00
     0     0   0.0000E+00   0.0000E+00   0.0000E+00   0.0000E+00   0.0000E+00   0.0000E+00
     0     0   0.0000E+00   0.0000E+00   0.0000E+00   0.0000E+00   0.0000E+00   0.0000E+00
     0     0   0.0000E+00   0.0000E+00   0.0000E+00   0.0000E+00   0.0000E+00   0.0000E+00
     0     0   2.2672E+10   1.0000E+00   4.7508E-09   1.0000E+00   0.0000E+00   0.0000E+00
     0     0   0.0000E+00   0.0000E+00   0.0000E+00   0.0000E+00   0.0000E+00   0.0000E+00
     0     0   0.0000E+00   0.0000E+00   0.0000E+00   0.0000E+00   0.0000E+00   0.0000E+00
     0     0   0.0000E+00   0.0000E+00   0.0000E+00   0.0000E+00   0.0000E+00   0.0000E+00
     0     0   0.0000E+00   0.0000E+00   0.0000E+00   0.0000E+00   0.0000E+00   0.0000E+00
     0     0   0.0000E+00   0.0000E+00   0.0000E+00   0.0000E+00   0.0000E+00   0.0000E+00
     0     0   0.0000E+00   0.0000E+00   0.0000E+00   0.0000E+00   0.0000E+00   0.0000E+00
     0     0   0.0000E+00   0.0000E+00   0.0000E+00   0.0000E+00   0.0000E+00   0.0000E+00
     0     0   0.0000E+00   0.0000E+00   0.0000E+00   0.0000E+00   0.0000E+00   0.0000E+00
     0     0   0.0000E+00   0.0000E+00   0.0000E+00   0.0000E+00   0.0000E+00   0.0000E+00
     0     0   0.0000E+00   0.0000E+00   0.0000E+00   0.0000E+00   0.0000E+00   0.0000E+00
     0     0   0.0000E+00   0.0000E+00   0.0000E+00   0.0000E+00   0.0000E+00   0.0000E+00
     0     0   0.0000E+00   0.0000E+00   0.0000E+00   0.0000E+00   0.0000E+00   0.0000E+00
     0     0   0.0000E+00   0.0000E+00   0.0000E+00   0.0000E+00   0.0000E+00   0.0000E+00
     0     0   0.0000E+00   0.0000E+00   0.0000E+00   0.0000E+00   0.0000E+00   0.0000E+00
     0     0   0.0000E+00   0.0000E+00   0.0000E+00   0.0000E+00   0.0000E+00   0.0000E+00
     0     0   0.0000E+00   0.0000E+00   0.0000E+00   0.0000E+00   0.0000E+00   0.0000E+00
     0     0   0.0000E+00   0.0000E+00   0.0000E+00   0.0000E+00   0.0000E+00   0.0000E+00
     0     0   0.0000E+00   0.0000E+00   0.0000E+00   0.0000E+00   0.0000E+00   0.0000E+00
     0     0   2.2490E+11   5.4057E-01   1.6251E-08   5.4906E-01   0.0000E+00   0.0000E+00
     0     0   1.0658E+10   1.0000E+00   7.2634E-10   1.0000E+00   0.0000E+00   0.0000E+00
     0     0   1.3767E+12   6.5903E-01   8.7554E-07   7.4561E-01   0.0000E+00   0.0000E+00
     0     0   1.5738E+10   7.4850E-01   3.1576E-10   9.4354E-01   0.0000E+00   0.0000E+00
     0     0   9.7184E+11   9.0274E-01   8.5121E-07   9.5727E-01   0.0000E+00   0.0000E+00
     0     0   0.0000E+00   0.0000E+00   0.0000E+00   0.0000E+00   0.0000E+00   0.0000E+00
     0     0   0.0000E+00   0.0000E+00   0.0000E+00   0.0000E+00   0.0000E+00   0.0000E+00
     0     0   0.0000E+00   0.0000E+00   0.0000E+00   0.0000E+00   0.0000E+00   0.0000E+00
     0     0   3.5771E+16   1.6467E-02   2.0545E-04   4.7400E-02   0.0000E+00   0.0000E+00
     0     0   2.7612E+15   6.1433E-02   3.4015E-05   2.9026E-01   0.0000E+00   0.0000E+00
     0     0   1.3013E+14   2.5378E-01   1.6625E-06   6.6898E-01   0.0000E+00   0.0000E+00
     0     0   0.0000E+00   0.0000E+00   0.0000E+00   0.0000E+00   0.0000E+00   0.0000E+00
     0     0   0.0000E+00   0.0000E+00   0.0000E+00   0.0000E+00   0.0000E+00   0.0000E+00
     0     0   0.0000E+00   0.0000E+00   0.0000E+00   0.0000E+00   0.0000E+00   0.0000E+00
     0     0   0.0000E+00   0.0000E+00   0.0000E+00   0.0000E+00   0.0000E+00   0.0000E+00
     0     0   0.0000E+00   0.0000E+00   0.0000E+00   0.0000E+00   0.0000E+00   0.0000E+00
     0     0   0.0000E+00   0.0000E+00   0.0000E+00   0.0000E+00   0.0000E+00   0.0000E+00
     0     0   0.0000E+00   0.0000E+00   0.0000E+00   0.0000E+00   0.0000E+00   0.0000E+00
     0     0   0.0000E+00   0.0000E+00   0.0000E+00   0.0000E+00   0.0000E+00   0.0000E+00
     0     0   8.6643E+10   1.0000E+00   1.0105E-08   1.0000E+00   0.0000E+00   0.0000E+00
     0     0   0.0000E+00   0.0000E+00   0.0000E+00   0.0000E+00   0.0000E+00   0.0000E+00
     0     0   0.0000E+00   0.0000E+00   0.0000E+00   0.0000E+00   0.0000E+00   0.0000E+00
     0     0   0.0000E+00   0.0000E+00   0.0000E+00   0.0000E+00   0.0000E+00   0.0000E+00
     0     0   0.0000E+00   0.0000E+00   0.0000E+00   0.0000E+00   0.0000E+00   0.0000E+00
     0     0   0.0000E+00   0.0000E+00   0.0000E+00   0.0000E+00   0.0000E+00   0.0000E+00
     0     0   2.1607E+11   1.0000E+00   3.2806E-08   1.0000E+00   0.0000E+00   0.0000E+00
     0     0   3.9620E+11   1.0000E+00   6.0156E-08   1.0000E+00   0.0000E+00   0.0000E+00
     0     0   5.9094E+11   3.9850E-01   4.5282E-08   5.3888E-01   0.0000E+00   0.0000E+00
     0     0   2.0179E+13   2.7633E-01   1.0397E-07   2.5119E-01   0.0000E+00   0.0000E+00
     0     0   1.3285E+11   1.0000E+00   1.0896E-08   1.0000E+00   0.0000E+00   0.0000E+00
     0     0   0.0000E+00   0.0000E+00   0.0000E+00   0.0000E+00   0.0000E+00   0.0000E+00
     0     0   1.6499E+11   1.0000E+00   1.3532E-08   1.0000E+00   0.0000E+00   0.0000E+00
     0     0   1.7619E+12   4.0742E-01   1.3154E-07   5.2334E-01   0.0000E+00   0.0000E+00
     0     0   6.2825E+11   6.3259E-01   3.7170E-08   7.7733E-01   0.0000E+00   0.0000E+00
     0     0   2.0060E+11   4.9868E-01   1.0318E-08   7.1038E-01   0.0000E+00   0.0000E+00
     0     0   5.4698E+11   9.3263E-01   6.6498E-08   9.0026E-01   0.0000E+00   0.0000E+00
     0     0   2.0950E+11   1.0000E+00   5.9019E-08   1.0000E+00   0.0000E+00   0.0000E+00
     0     0   0.0000E+00   0.0000E+00   0.0000E+00   0.0000E+00   0.0000E+00   0.0000E+00
     0     0   0.0000E+00   0.0000E+00   0.0000E+00   0.0000E+00   0.0000E+00   0.0000E+00
     0     0   0.0000E+00   0.0000E+00   0.0000E+00   0.0000E+00   0.0000E+00   0.0000E+00
     0     0   0.0000E+00   0.0000E+00   0.0000E+00   0.0000E+00   0.0000E+00   0.0000E+00
     0     0   0.0000E+00   0.0000E+00   0.0000E+00   0.0000E+00   0.0000E+00   0.0000E+00
     0     0   0.0000E+00   0.0000E+00   0.0000E+00   0.0000E+00   0.0000E+00   0.0000E+00
     0     0   0.0000E+00   0.0000E+00   0.0000E+00   0.0000E+00   0.0000E+00   0.0000E+00
     0     0   0.0000E+00   0.0000E+00   0.0000E+00   0.0000E+00   0.0000E+00   0.0000E+00
     0     0   0.0000E+00   0.0000E+00   0.0000E+00   0.0000E+00   0.0000E+00   0.0000E+00
     0     0   0.0000E+00   0.0000E+00   0.0000E+00   0.0000E+00   0.0000E+00   0.0000E+00
     0     0   0.0000E+00   0.0000E+00   0.0000E+00   0.0000E+00   0.0000E+00   0.0000E+00
     0     0   0.0000E+00   0.0000E+00   0.0000E+00   0.0000E+00   0.0000E+00   0.0000E+00
     0     0   0.0000E+00   0.0000E+00   0.0000E+00   0.0000E+00   0.0000E+00   0.0000E+00
     0     0   3.2081E+10   1.0000E+00   7.0770E-09   1.0000E+00   0.0000E+00   0.0000E+00
     0     0   4.8195E+10   8.7612E-01   1.6255E-09   8.8618E-01   0.0000E+00   0.0000E+00
     0     0   0.0000E+00   0.0000E+00   0.0000E+00   0.0000E+00   0.0000E+00   0.0000E+00
     0     0   1.4207E+12   5.9216E-01   1.0056E-07   7.7681E-01   0.0000E+00   0.0000E+00
     0     0   0.0000E+00   0.0000E+00   0.0000E+00   0.0000E+00   0.0000E+00   0.0000E+00
     0     0   4.1472E+12   4.4199E-01   1.0362E-06   6.2948E-01   0.0000E+00   0.0000E+00
     0     0   2.6695E+12   5.4866E-01   5.6847E-08   3.8200E-01   0.0000E+00   0.0000E+00
     0     0   3.3219E+12   6.0737E-01   1.5183E-06   6.7010E-01   0.0000E+00   0.0000E+00
     0     0   0.0000E+00   0.0000E+00   0.0000E+00   0.0000E+00   0.0000E+00   0.0000E+00
     0     0   0.0000E+00   0.0000E+00   0.0000E+00   0.0000E+00   0.0000E+00   0.0000E+00
     0     0   2.1965E+13   3.2359E-01   1.4962E-07   3.2772E-01   0.0000E+00   0.0000E+00
     0     0   7.7534E+11   3.3168E-01   1.0534E-07   5.3676E-01   0.0000E+00   0.0000E+00
     0     0   0.0000E+00   0.0000E+00   0.0000E+00   0.0000E+00   0.0000E+00   0.0000E+00
     0     0   4.4455E+11   1.0000E+00   2.4011E-08   1.0000E+00   0.0000E+00   0.0000E+00
     0     0   0.0000E+00   0.0000E+00   0.0000E+00   0.0000E+00   0.0000E+00   0.0000E+00
     0     0   6.5417E+10   1.0000E+00   3.5333E-09   1.0000E+00   0.0000E+00   0.0000E+00
     0     0   0.0000E+00   0.0000E+00   0.0000E+00   0.0000E+00   0.0000E+00   0.0000E+00
     0     0   0.0000E+00   0.0000E+00   0.0000E+00   0.0000E+00   0.0000E+00   0.0000E+00
     0     0   0.0000E+00   0.0000E+00   0.0000E+00   0.0000E+00   0.0000E+00   0.0000E+00
     0     0   0.0000E+00   0.0000E+00   0.0000E+00   0.0000E+00   0.0000E+00   0.0000E+00
     0     0   0.0000E+00   0.0000E+00   0.0000E+00   0.0000E+00   0.0000E+00   0.0000E+00
     0     0   3.7320E+11   7.6693E-01   1.4077E-08   9.0254E-01   0.0000E+00   0.0000E+00
     0     0   0.0000E+00   0.0000E+00   0.0000E+00   0.0000E+00   0.0000E+00   0.0000E+00
     0     0   6.7158E+10   1.0000E+00   4.4879E-09   1.0000E+00   0.0000E+00   0.0000E+00
     0     0   1.1964E+12   8.4238E-01   1.9763E-08   9.5683E-01   0.0000E+00   0.0000E+00
     0     0   1.0650E+11   7.7873E-01   5.3523E-09   7.2881E-01   0.0000E+00   0.0000E+00
     0     0   8.8484E+11   7.0862E-01   1.2338E-07   9.4502E-01   0.0000E+00   0.0000E+00
     0     0   5.0827E+11   5.7235E-01   7.3968E-08   6.6867E-01   0.0000E+00   0.0000E+00
     0     0   1.0417E+12   5.9605E-01   1.4497E-07   6.2546E-01   0.0000E+00   0.0000E+00
     0     0   8.1384E+13   1.8311E-01   8.4367E-07   1.6793E-01   0.0000E+00   0.0000E+00
     0     0   3.0398E+13   1.8613E-01   5.2921E-07   3.4075E-01   0.0000E+00   0.0000E+00
     0     0   1.0873E+12   4.4170E-01   2.0572E-08   5.7620E-01   0.0000E+00   0.0000E+00
     0     0   5.5276E+11   1.0000E+00   1.0799E-08   1.0000E+00   0.0000E+00   0.0000E+00
     0     0   1.7517E+12   5.0929E-01   3.7708E-08   6.2034E-01   0.0000E+00   0.0000E+00
     0     0   3.2626E+13   1.9708E-01   6.5856E-07   2.8745E-01   0.0000E+00   0.0000E+00
     0     0   9.5946E+12   5.1497E-01   1.0835E-07   4.5305E-01   0.0000E+00   0.0000E+00
     0     0   1.5206E+13   4.2089E-01   7.5335E-07   8.5308E-01   0.0000E+00   0.0000E+00
     0     0   1.2616E+13   2.4093E-01   4.0345E-07   3.2084E-01   0.0000E+00   0.0000E+00
     0     0   9.3193E+11   5.2472E-01   7.8878E-08   8.7073E-01   0.0000E+00   0.0000E+00
     0     0   0.0000E+00   0.0000E+00   0.0000E+00   0.0000E+00   0.0000E+00   0.0000E+00
     0     0   2.4465E+11   1.0000E+00   1.1833E-09   1.0000E+00   0.0000E+00   0.0000E+00
     0     0   0.0000E+00   0.0000E+00   0.0000E+00   0.0000E+00   0.0000E+00   0.0000E+00
     0     0   0.0000E+00   0.0000E+00   0.0000E+00   0.0000E+00   0.0000E+00   0.0000E+00
     0     0   0.0000E+00   0.0000E+00   0.0000E+00   0.0000E+00   0.0000E+00   0.0000E+00
     0     0   7.5440E+10   8.5393E-01   2.4916E-09   9.7996E-01   0.0000E+00   0.0000E+00
     0     0   2.9004E+11   1.0000E+00   3.6466E-08   1.0000E+00   0.0000E+00   0.0000E+00
     0     0   0.0000E+00   0.0000E+00   0.0000E+00   0.0000E+00   0.0000E+00   0.0000E+00
     0     0   0.0000E+00   0.0000E+00   0.0000E+00   0.0000E+00   0.0000E+00   0.0000E+00
     0     0   0.0000E+00   0.0000E+00   0.0000E+00   0.0000E+00   0.0000E+00   0.0000E+00
     0     0   0.0000E+00   0.0000E+00   0.0000E+00   0.0000E+00   0.0000E+00   0.0000E+00
     0     0   0.0000E+00   0.0000E+00   0.0000E+00   0.0000E+00   0.0000E+00   0.0000E+00
     0     0   0.0000E+00   0.0000E+00   0.0000E+00   0.0000E+00   0.0000E+00   0.0000E+00
     0     0   4.3747E+11   6.1592E-01   1.3491E-08   7.1960E-01   0.0000E+00   0.0000E+00
     0     0   1.2395E+12   4.9903E-01   2.1351E-08   6.0824E-01   0.0000E+00   0.0000E+00
     0     0   5.0471E+10   9.5941E-01   1.8756E-09   9.9539E-01   0.0000E+00   0.0000E+00
     0     0   1.0295E+13   3.9191E-01   3.3298E-07   3.5373E-01   0.0000E+00   0.0000E+00
     0     0   1.0501E+10   7.2103E-01   2.9099E-10   7.2261E-01   0.0000E+00   0.0000E+00
     0     0   4.0943E+13   2.3404E-01   1.5743E-06   4.6507E-01   0.0000E+00   0.0000E+00
     0     0   1.2585E+13   2.7599E-01   2.3132E-07   2.9347E-01   0.0000E+00   0.0000E+00
     0     0   3.4100E+13   3.4341E-01   2.2408E-06   4.4323E-01   0.0000E+00   0.0000E+00
     0     0   1.7821E+12   9.7255E-01   7.3813E-09   9.7255E-01   0.0000E+00   0.0000E+00
     0     0   1.1281E+11   6.5881E-01   1.7713E-09   7.7023E-01   0.0000E+00   0.0000E+00
     0     0   5.8456E+13   2.6102E-01   7.1155E-07   2.8342E-01   0.0000E+00   0.0000E+00
     0     0   8.2576E+13   1.8930E-01   2.0795E-06   3.4124E-01   0.0000E+00   0.0000E+00
     0     0   1.2736E+11   1.0000E+00   5.2753E-10   1.0000E+00   0.0000E+00   0.0000E+00
     0     0   8.6908E+11   7.0722E-01   2.4821E-08   9.2893E-01   0.0000E+00   0.0000E+00
     0     0   0.0000E+00   0.0000E+00   0.0000E+00   0.0000E+00   0.0000E+00   0.0000E+00
     0     0   1.4138E+11   8.2592E-01   6.2389E-09   9.8157E-01   0.0000E+00   0.0000E+00
     0     0   6.9258E+11   6.3655E-01   2.8686E-09   6.3655E-01   0.0000E+00   0.0000E+00
     0     0   0.0000E+00   0.0000E+00   0.0000E+00   0.0000E+00   0.0000E+00   0.0000E+00
     0     0   0.0000E+00   0.0000E+00   0.0000E+00   0.0000E+00   0.0000E+00   0.0000E+00
     0     0   1.5694E+12   9.8169E-01   6.5004E-09   9.8169E-01   0.0000E+00   0.0000E+00
     0     0   8.1632E+11   8.9458E-01   3.3812E-09   8.9458E-01   0.0000E+00   0.0000E+00
     0     0   1.1790E+12   8.0486E-01   2.0416E-08   6.8587E-01   0.0000E+00   0.0000E+00
     0     0   1.4403E+11   1.0000E+00   9.6248E-09   1.0000E+00   0.0000E+00   0.0000E+00
     0     0   7.2641E+11   6.1111E-01   1.0737E-08   7.8474E-01   0.0000E+00   0.0000E+00
     0     0   8.3292E+12   7.0295E-01   1.0146E-07   8.3483E-01   0.0000E+00   0.0000E+00
     0     0   1.0929E+12   6.8211E-01   9.0443E-09   6.1997E-01   0.0000E+00   0.0000E+00
     0     0   3.8194E+12   4.5951E-01   1.7096E-07   7.8232E-01   0.0000E+00   0.0000E+00
     0     0   4.4990E+12   6.0623E-01   1.5510E-07   4.8458E-01   0.0000E+00   0.0000E+00
     0     0   4.0318E+12   3.0898E-01   1.8717E-07   5.4347E-01   0.0000E+00   0.0000E+00
     0     0   6.3126E+14   1.2232E-01   4.6382E-06   1.3442E-01   0.0000E+00   0.0000E+00
     0     0   4.4234E+14   1.3308E-01   3.6681E-06   1.6295E-01   0.0000E+00   0.0000E+00
     0     0   7.2756E+12   3.2057E-01   5.2601E-08   3.5466E-01   0.0000E+00   0.0000E+00
     0     0   3.8561E+12   5.8783E-01   2.6478E-08   5.8817E-01   0.0000E+00   0.0000E+00
     0     0   9.0078E+12   3.9107E-01   9.5485E-08   4.3065E-01   0.0000E+00   0.0000E+00
     0     0   2.8352E+14   1.4339E-01   1.9300E-06   1.5451E-01   0.0000E+00   0.0000E+00
     0     0   7.6660E+13   2.4795E-01   2.2331E-06   7.7179E-01   0.0000E+00   0.0000E+00
     0     0   7.3533E+13   2.5478E-01   3.2680E-06   8.5155E-01   0.0000E+00   0.0000E+00
     0     0   2.9098E+14   2.0311E-01   2.6692E-06   2.9368E-01   0.0000E+00   0.0000E+00
     0     0   7.6920E+12   6.0948E-01   1.6707E-07   6.4815E-01   0.0000E+00   0.0000E+00
     0     0   0.0000E+00   0.0000E+00   0.0000E+00   0.0000E+00   0.0000E+00   0.0000E+00
     0     0   1.2491E+12   1.0000E+00   1.9235E-08   1.0000E+00   0.0000E+00   0.0000E+00
     0     0   0.0000E+00   0.0000E+00   0.0000E+00   0.0000E+00   0.0000E+00   0.0000E+00
     0     0   1.2072E+12   1.0000E+00   5.0002E-09   1.0000E+00   0.0000E+00   0.0000E+00
     0     0   0.0000E+00   0.0000E+00   0.0000E+00   0.0000E+00   0.0000E+00   0.0000E+00
     0     0   4.0160E+11   7.8498E-01   3.8850E-09   7.5722E-01   0.0000E+00   0.0000E+00
     0     0   7.2237E+11   1.0000E+00   2.9920E-09   1.0000E+00   0.0000E+00   0.0000E+00
     0     0   0.0000E+00   0.0000E+00   0.0000E+00   0.0000E+00   0.0000E+00   0.0000E+00
     0     0   0.0000E+00   0.0000E+00   0.0000E+00   0.0000E+00   0.0000E+00   0.0000E+00
     0     0   1.8351E+11   1.0000E+00   7.6010E-10   1.0000E+00   0.0000E+00   0.0000E+00
     0     0   9.6800E+10   1.0000E+00   8.1338E-10   1.0000E+00   0.0000E+00   0.0000E+00
     0     0   9.8586E+11   1.0000E+00   4.1328E-09   1.0000E+00   0.0000E+00   0.0000E+00
     0     0   7.1508E+11   1.0000E+00   2.9618E-09   1.0000E+00   0.0000E+00   0.0000E+00
     0     0   5.0037E+12   3.5595E-01   5.5326E-08   4.5557E-01   0.0000E+00   0.0000E+00
     0     0   1.0068E+13   4.8050E-01   1.1346E-07   6.6982E-01   0.0000E+00   0.0000E+00
     0     0   3.3810E+11   5.4761E-01   5.3550E-09   6.6059E-01   0.0000E+00   0.0000E+00
     0     0   6.6542E+13   1.9647E-01   6.7046E-07   1.9707E-01   0.0000E+00   0.0000E+00
     0     0   8.6261E+11   4.8074E-01   6.4368E-09   4.2752E-01   0.0000E+00   0.0000E+00
     0     0   3.6647E+14   1.5081E-01   3.7269E-06   2.1214E-01   0.0000E+00   0.0000E+00
     0     0   5.0288E+13   1.7225E-01   4.8468E-07   2.0898E-01   0.0000E+00   0.0000E+00
     0     0   3.1012E+14   1.8797E-01   5.2265E-06   3.2481E-01   0.0000E+00   0.0000E+00
     0     0   7.3335E+12   5.8220E-01   4.0318E-08   5.1134E-01   0.0000E+00   0.0000E+00
     0     0   3.1644E+12   3.8502E-01   1.8304E-08   3.5811E-01   0.0000E+00   0.0000E+00
     0     0   5.0729E+14   1.4841E-01   5.4722E-06   2.4362E-01   0.0000E+00   0.0000E+00
     0     0   6.2635E+14   9.8359E-02   6.3393E-06   1.8496E-01   0.0000E+00   0.0000E+00
     0     0   2.3741E+12   5.6418E-01   9.8334E-09   5.6418E-01   0.0000E+00   0.0000E+00
     0     0   2.6870E+12   6.9914E-01   2.5135E-08   8.5806E-01   0.0000E+00   0.0000E+00
     0     0   0.0000E+00   0.0000E+00   0.0000E+00   0.0000E+00   0.0000E+00   0.0000E+00
     0     0   3.9185E+11   5.8986E-01   7.8143E-09   8.6429E-01   0.0000E+00   0.0000E+00
     0     0   1.3061E+13   4.4735E-01   5.4813E-08   4.4186E-01   0.0000E+00   0.0000E+00
     0     0   8.9646E+10   7.8022E-01   3.7131E-10   7.8022E-01   0.0000E+00   0.0000E+00
     0     0   5.2682E+11   3.8659E-01   2.6478E-09   3.6733E-01   0.0000E+00   0.0000E+00
     0     0   1.5185E+13   7.0005E-01   6.2895E-08   7.0005E-01   0.0000E+00   0.0000E+00
     0     0   6.8104E+12   6.9727E-01   2.8208E-08   6.9727E-01   0.0000E+00   0.0000E+00
     0     0   7.2855E+12   8.1992E-01   4.8322E-08   6.6781E-01   0.0000E+00   0.0000E+00
     0     0   1.0138E+12   5.4583E-01   1.8038E-08   8.6099E-01   0.0000E+00   0.0000E+00
     0     0   2.0379E+12   5.5513E-01   8.4409E-09   5.5513E-01   0.0000E+00   0.0000E+00
     0     0   8.6439E+12   6.8056E-01   1.0043E-07   8.3109E-01   0.0000E+00   0.0000E+00
     0     0   7.8180E+11   7.7250E-01   9.2458E-09   6.7432E-01   0.0000E+00   0.0000E+00
     0     0   2.4497E+13   4.5366E-01   2.8892E-07   5.4918E-01   0.0000E+00   0.0000E+00
     0     0   1.4565E+13   2.5286E-01   1.8141E-07   3.9474E-01   0.0000E+00   0.0000E+00
     0     0   5.3709E+13   1.8452E-01   4.2622E-07   2.8856E-01   0.0000E+00   0.0000E+00
     0     0   1.3551E+15   9.2656E-02   8.9164E-06   1.0866E-01   0.0000E+00   0.0000E+00
     0     0   1.4621E+15   1.0993E-01   1.0211E-05   1.6117E-01   0.0000E+00   0.0000E+00
     0     0   1.6265E+13   2.8381E-01   3.3671E-07   7.2760E-01   0.0000E+00   0.0000E+00
     0     0   1.5740E+13   5.6719E-01   1.1350E-07   6.0621E-01   0.0000E+00   0.0000E+00
     0     0   1.7914E+13   2.4429E-01   1.4592E-06   9.0828E-01   0.0000E+00   0.0000E+00
     0     0   7.4885E+14   1.8715E-01   4.2435E-06   1.7345E-01   0.0000E+00   0.0000E+00
     0     0   1.9922E+14   2.2025E-01   1.7218E-06   2.8330E-01   0.0000E+00   0.0000E+00
     0     0   1.3577E+14   2.2579E-01   1.5918E-06   5.7400E-01   0.0000E+00   0.0000E+00
     0     0   8.0432E+14   1.3550E-01   4.8185E-06   1.2130E-01   0.0000E+00   0.0000E+00
     0     0   6.1276E+13   3.1020E-01   3.6708E-07   2.9305E-01   0.0000E+00   0.0000E+00
     0     0   0.0000E+00   0.0000E+00   0.0000E+00   0.0000E+00   0.0000E+00   0.0000E+00
     0     0   8.8113E+12   8.3999E-01   5.4287E-08   7.1084E-01   0.0000E+00   0.0000E+00
     0     0   0.0000E+00   0.0000E+00   0.0000E+00   0.0000E+00   0.0000E+00   0.0000E+00
     0     0   1.3720E+12   9.8908E-01   5.6827E-09   9.8908E-01   0.0000E+00   0.0000E+00
     0     0   1.0934E+12   6.7905E-01   4.5289E-09   6.7905E-01   0.0000E+00   0.0000E+00
     0     0   1.1539E+12   6.1824E-01   4.7793E-09   6.1824E-01   0.0000E+00   0.0000E+00
     0     0   4.2256E+11   1.0000E+00   6.5069E-09   1.0000E+00   0.0000E+00   0.0000E+00
     0     0   0.0000E+00   0.0000E+00   0.0000E+00   0.0000E+00   0.0000E+00   0.0000E+00
     0     0   0.0000E+00   0.0000E+00   0.0000E+00   0.0000E+00   0.0000E+00   0.0000E+00
     0     0   8.4591E+11   1.0000E+00   3.5059E-09   1.0000E+00   0.0000E+00   0.0000E+00
     0     0   2.4093E+11   6.0720E-01   1.6566E-09   6.0714E-01   0.0000E+00   0.0000E+00
     0     0   1.5663E+12   1.0000E+00   7.1042E-09   1.0000E+00   0.0000E+00   0.0000E+00
     0     0   4.2540E+12   4.3763E-01   1.8178E-08   4.2845E-01   0.0000E+00   0.0000E+00
     0     0   2.0659E+13   3.4130E-01   1.8261E-07   4.4650E-01   0.0000E+00   0.0000E+00
     0     0   1.4538E+13   3.8411E-01   7.7501E-08   4.3448E-01   0.0000E+00   0.0000E+00
     0     0   2.1198E+12   3.8987E-01   1.4748E-08   4.5022E-01   0.0000E+00   0.0000E+00
     0     0   1.5508E+14   1.5524E-01   9.2585E-07   1.8460E-01   0.0000E+00   0.0000E+00
     0     0   1.2185E+13   2.9648E-01   5.4442E-08   2.7969E-01   0.0000E+00   0.0000E+00
     0     0   7.0003E+14   1.3489E-01   4.7297E-06   1.5997E-01   0.0000E+00   0.0000E+00
     0     0   1.0215E+14   1.5389E-01   6.2671E-07   2.0314E-01   0.0000E+00   0.0000E+00
     0     0   1.1069E+15   1.5864E-01   7.9640E-06   2.1711E-01   0.0000E+00   0.0000E+00
     0     0   8.1333E+13   3.1660E-01   4.8538E-07   3.6065E-01   0.0000E+00   0.0000E+00
     0     0   4.6949E+13   3.3670E-01   2.1169E-07   3.2046E-01   0.0000E+00   0.0000E+00
     0     0   1.8102E+15   1.1352E-01   1.4535E-05   2.6596E-01   0.0000E+00   0.0000E+00
     0     0   1.3692E+15   9.1954E-02   1.0537E-05   1.8277E-01   0.0000E+00   0.0000E+00
     0     0   3.0151E+13   3.1103E-01   1.3002E-07   3.0040E-01   0.0000E+00   0.0000E+00
     0     0   1.3312E+13   6.9253E-01   5.5137E-08   6.9253E-01   0.0000E+00   0.0000E+00
     0     0   7.7804E+12   6.2868E-01   3.2226E-08   6.2868E-01   0.0000E+00   0.0000E+00
     0     0   1.9992E+13   7.5179E-01   8.3002E-08   7.5030E-01   0.0000E+00   0.0000E+00
     0     0   1.0020E+13   4.3298E-01   4.2334E-08   4.2650E-01   0.0000E+00   0.0000E+00
     0     0   3.1205E+12   6.9924E-01   1.2931E-08   6.9895E-01   0.0000E+00   0.0000E+00
     0     0   1.1379E+12   9.0675E-01   5.0825E-09   8.4817E-01   0.0000E+00   0.0000E+00
     0     0   3.4181E+13   2.8184E-01   1.4823E-07   2.7560E-01   0.0000E+00   0.0000E+00
     0     0   3.8077E+13   6.4081E-01   1.7599E-07   6.4514E-01   0.0000E+00   0.0000E+00
     0     0   1.8279E+13   6.7588E-01   7.5710E-08   6.7588E-01   0.0000E+00   0.0000E+00
     0     0   1.3207E+13   6.3365E-01   7.5749E-08   5.4950E-01   0.0000E+00   0.0000E+00
     0     0   9.9964E+12   4.6871E-01   1.1427E-07   7.7917E-01   0.0000E+00   0.0000E+00
     0     0   1.4114E+12   5.5961E-01   5.8459E-09   5.5961E-01   0.0000E+00   0.0000E+00
     0     0   6.5179E+12   5.0061E-01   2.7195E-08   4.9721E-01   0.0000E+00   0.0000E+00
     0     0   1.9637E+13   3.6051E-01   1.0506E-07   4.4821E-01   0.0000E+00   0.0000E+00
     0     0   1.9747E+14   2.5926E-01   8.8988E-07   2.4636E-01   0.0000E+00   0.0000E+00
     0     0   1.5747E+14   2.0670E-01   1.1853E-06   3.8592E-01   0.0000E+00   0.0000E+00
     0     0   2.9287E+14   1.4726E-01   1.4399E-06   1.4863E-01   0.0000E+00   0.0000E+00
     0     0   2.1179E+15   1.1188E-01   1.1540E-05   1.1892E-01   0.0000E+00   0.0000E+00
     0     0   1.0347E+14   6.0151E-01   2.0356E-06   8.9482E-01   0.0000E+00   0.0000E+00
     0     0   1.7571E+14   2.1045E-01   1.1917E-06   2.4069E-01   0.0000E+00   0.0000E+00
     0     0   1.4173E+14   8.4795E-01   1.1444E-06   9.0149E-01   0.0000E+00   0.0000E+00
     0     0   1.1703E+15   1.4093E-01   7.5809E-06   2.6127E-01   0.0000E+00   0.0000E+00
     0     0   1.8536E+15   1.1396E-01   1.0241E-05   1.2054E-01   0.0000E+00   0.0000E+00
     0     0   2.5296E+14   2.0013E-01   1.6455E-06   2.3379E-01   0.0000E+00   0.0000E+00
     0     0   9.1043E+14   1.6052E-01   5.4650E-06   2.0807E-01   0.0000E+00   0.0000E+00
     0     0   9.1497E+13   2.9539E-01   4.7034E-07   2.9578E-01   0.0000E+00   0.0000E+00
     0     0   2.3695E+13   4.8802E-01   9.8142E-08   4.8802E-01   0.0000E+00   0.0000E+00
     0     0   7.0415E+12   5.9996E-01   3.8332E-08   5.7850E-01   0.0000E+00   0.0000E+00
     0     0   5.3175E+11   1.0000E+00   2.2025E-09   1.0000E+00   0.0000E+00   0.0000E+00
     0     0   2.5650E+12   7.0809E-01   1.0624E-08   7.0809E-01   0.0000E+00   0.0000E+00
     0     0   2.7048E+13   9.4771E-01   1.1203E-07   9.4771E-01   0.0000E+00   0.0000E+00
     0     0   1.7348E+12   7.4526E-01   7.1857E-09   7.4526E-01   0.0000E+00   0.0000E+00
     0     0   4.8382E+11   7.0708E-01   2.0040E-09   7.0708E-01   0.0000E+00   0.0000E+00
     0     0   0.0000E+00   0.0000E+00   0.0000E+00   0.0000E+00   0.0000E+00   0.0000E+00
     0     0   2.8416E+11   9.7904E-01   1.1770E-09   9.7904E-01   0.0000E+00   0.0000E+00
     0     0   2.6184E+12   6.9653E-01   1.0846E-08   6.9653E-01   0.0000E+00   0.0000E+00
     0     0   6.7862E+12   4.4165E-01   4.7702E-08   5.2166E-01   0.0000E+00   0.0000E+00
     0     0   1.4743E+12   7.1789E-01   4.9716E-09   7.7362E-01   0.0000E+00   0.0000E+00
     0     0   2.8029E+13   5.8250E-01   1.5105E-07   6.7593E-01   0.0000E+00   0.0000E+00
     0     0   5.3980E+12   5.7824E-01   2.2358E-08   5.7824E-01   0.0000E+00   0.0000E+00
     0     0   3.0910E+13   2.6593E-01   1.3121E-07   2.6250E-01   0.0000E+00   0.0000E+00
     0     0   3.3135E+13   4.0421E-01   1.4550E-07   4.0053E-01   0.0000E+00   0.0000E+00
     0     0   1.4279E+14   1.7898E-01   8.6061E-07   2.6682E-01   0.0000E+00   0.0000E+00
     0     0   8.7385E+14   1.4909E-01   5.7317E-06   1.8781E-01   0.0000E+00   0.0000E+00
     0     0   2.1958E+14   1.4083E-01   1.1731E-06   2.0215E-01   0.0000E+00   0.0000E+00
     0     0   1.7973E+15   8.9207E-02   1.0363E-05   1.3397E-01   0.0000E+00   0.0000E+00
     0     0   1.5398E+15   1.5067E-01   1.0588E-05   1.8671E-01   0.0000E+00   0.0000E+00
     0     0   1.4933E+14   2.6136E-01   8.3266E-07   2.7191E-01   0.0000E+00   0.0000E+00
     0     0   7.3130E+13   2.9128E-01   3.9652E-07   2.8823E-01   0.0000E+00   0.0000E+00
     0     0   2.8859E+14   1.6643E-01   1.3549E-06   1.8195E-01   0.0000E+00   0.0000E+00
     0     0   1.8454E+14   2.0650E-01   8.1749E-07   2.0071E-01   0.0000E+00   0.0000E+00
     0     0   2.4598E+15   1.0411E-01   1.2235E-05   1.0600E-01   0.0000E+00   0.0000E+00
     0     0   2.8246E+13   2.5638E-01   1.4236E-07   2.3681E-01   0.0000E+00   0.0000E+00
     0     0   1.5050E+14   1.8135E-01   7.5552E-07   1.9521E-01   0.0000E+00   0.0000E+00
     0     0   4.3096E+14   1.4333E-01   2.0470E-06   1.5205E-01   0.0000E+00   0.0000E+00
     0     0   9.8524E+12   3.3962E-01   9.1248E-08   3.5442E-01   0.0000E+00   0.0000E+00
     0     0   1.2124E+12   6.7837E-01   2.0920E-08   4.8583E-01   0.0000E+00   0.0000E+00
     0     0   1.1356E+11   8.1836E-01   1.2385E-08   7.1565E-01   0.0000E+00   0.0000E+00
     0     0   1.1595E+11   8.1719E-01   1.2672E-08   7.1513E-01   0.0000E+00   0.0000E+00
     0     0   2.0150E+11   8.4036E-01   2.0527E-08   7.3422E-01   0.0000E+00   0.0000E+00
     0     0   1.8649E+11   8.5076E-01   1.9204E-08   7.3649E-01   0.0000E+00   0.0000E+00
     0     0   7.2169E+11   6.6771E-01   3.2192E-08   5.7799E-01   0.0000E+00   0.0000E+00
     0     0   0.0000E+00   0.0000E+00   0.0000E+00   0.0000E+00   0.0000E+00   0.0000E+00
     0     0   0.0000E+00   0.0000E+00   0.0000E+00   0.0000E+00   0.0000E+00   0.0000E+00
     0     0   0.0000E+00   0.0000E+00   0.0000E+00   0.0000E+00   0.0000E+00   0.0000E+00
     0     0   0.0000E+00   0.0000E+00   0.0000E+00   0.0000E+00   0.0000E+00   0.0000E+00
     0     0   0.0000E+00   0.0000E+00   0.0000E+00   0.0000E+00   0.0000E+00   0.0000E+00
     0     0   0.0000E+00   0.0000E+00   0.0000E+00   0.0000E+00   0.0000E+00   0.0000E+00
     0     0   0.0000E+00   0.0000E+00   0.0000E+00   0.0000E+00   0.0000E+00   0.0000E+00
     0     0   0.0000E+00   0.0000E+00   0.0000E+00   0.0000E+00   0.0000E+00   0.0000E+00
     0     0   0.0000E+00   0.0000E+00   0.0000E+00   0.0000E+00   0.0000E+00   0.0000E+00
     0     0   0.0000E+00   0.0000E+00   0.0000E+00   0.0000E+00   0.0000E+00   0.0000E+00
     0     0   0.0000E+00   0.0000E+00   0.0000E+00   0.0000E+00   0.0000E+00   0.0000E+00
     0     0   0.0000E+00   0.0000E+00   0.0000E+00   0.0000E+00   0.0000E+00   0.0000E+00
     0     0   0.0000E+00   0.0000E+00   0.0000E+00   0.0000E+00   0.0000E+00   0.0000E+00
     0     0   0.0000E+00   0.0000E+00   0.0000E+00   0.0000E+00   0.0000E+00   0.0000E+00
     0     0   0.0000E+00   0.0000E+00   0.0000E+00   0.0000E+00   0.0000E+00   0.0000E+00
     0     0   0.0000E+00   0.0000E+00   0.0000E+00   0.0000E+00   0.0000E+00   0.0000E+00
     0     0   0.0000E+00   0.0000E+00   0.0000E+00   0.0000E+00   0.0000E+00   0.0000E+00
     0     0   0.0000E+00   0.0000E+00   0.0000E+00   0.0000E+00   0.0000E+00   0.0000E+00
     0     0   0.0000E+00   0.0000E+00   0.0000E+00   0.0000E+00   0.0000E+00   0.0000E+00
     0     0   0.0000E+00   0.0000E+00   0.0000E+00   0.0000E+00   0.0000E+00   0.0000E+00
     0     0   0.0000E+00   0.0000E+00   0.0000E+00   0.0000E+00   0.0000E+00   0.0000E+00
     0     0   0.0000E+00   0.0000E+00   0.0000E+00   0.0000E+00   0.0000E+00   0.0000E+00
     0     0   0.0000E+00   0.0000E+00   0.0000E+00   0.0000E+00   0.0000E+00   0.0000E+00
     0     0   0.0000E+00   0.0000E+00   0.0000E+00   0.0000E+00   0.0000E+00   0.0000E+00
     0     0   0.0000E+00   0.0000E+00   0.0000E+00   0.0000E+00   0.0000E+00   0.0000E+00
     0     0   0.0000E+00   0.0000E+00   0.0000E+00   0.0000E+00   0.0000E+00   0.0000E+00
     0     0   0.0000E+00   0.0000E+00   0.0000E+00   0.0000E+00   0.0000E+00   0.0000E+00
     0     0   0.0000E+00   0.0000E+00   0.0000E+00   0.0000E+00   0.0000E+00   0.0000E+00
     0     0   0.0000E+00   0.0000E+00   0.0000E+00   0.0000E+00   0.0000E+00   0.0000E+00
     0     0   0.0000E+00   0.0000E+00   0.0000E+00   0.0000E+00   0.0000E+00   0.0000E+00
     0     0   0.0000E+00   0.0000E+00   0.0000E+00   0.0000E+00   0.0000E+00   0.0000E+00
     0     0   0.0000E+00   0.0000E+00   0.0000E+00   0.0000E+00   0.0000E+00   0.0000E+00
     0     0   0.0000E+00   0.0000E+00   0.0000E+00   0.0000E+00   0.0000E+00   0.0000E+00
     0     0   0.0000E+00   0.0000E+00   0.0000E+00   0.0000E+00   0.0000E+00   0.0000E+00
     0     0   0.0000E+00   0.0000E+00   0.0000E+00   0.0000E+00   0.0000E+00   0.0000E+00
     0     0   0.0000E+00   0.0000E+00   0.0000E+00   0.0000E+00   0.0000E+00   0.0000E+00
     0     0   0.0000E+00   0.0000E+00   0.0000E+00   0.0000E+00   0.0000E+00   0.0000E+00
     0     0   0.0000E+00   0.0000E+00   0.0000E+00   0.0000E+00   0.0000E+00   0.0000E+00
     0     0   0.0000E+00   0.0000E+00   0.0000E+00   0.0000E+00   0.0000E+00   0.0000E+00
     0     0   0.0000E+00   0.0000E+00   0.0000E+00   0.0000E+00   0.0000E+00   0.0000E+00
     0     0   0.0000E+00   0.0000E+00   0.0000E+00   0.0000E+00   0.0000E+00   0.0000E+00
     0     0   0.0000E+00   0.0000E+00   0.0000E+00   0.0000E+00   0.0000E+00   0.0000E+00
     0     0   0.0000E+00   0.0000E+00   0.0000E+00   0.0000E+00   0.0000E+00   0.0000E+00
     0     0   0.0000E+00   0.0000E+00   0.0000E+00   0.0000E+00   0.0000E+00   0.0000E+00
     0     0   0.0000E+00   0.0000E+00   0.0000E+00   0.0000E+00   0.0000E+00   0.0000E+00
     0     0   0.0000E+00   0.0000E+00   0.0000E+00   0.0000E+00   0.0000E+00   0.0000E+00
     0     0   0.0000E+00   0.0000E+00   0.0000E+00   0.0000E+00   0.0000E+00   0.0000E+00
     0     0   0.0000E+00   0.0000E+00   0.0000E+00   0.0000E+00   0.0000E+00   0.0000E+00
     0     0   0.0000E+00   0.0000E+00   0.0000E+00   0.0000E+00   0.0000E+00   0.0000E+00
     0     0   0.0000E+00   0.0000E+00   0.0000E+00   0.0000E+00   0.0000E+00   0.0000E+00
     0     0   0.0000E+00   0.0000E+00   0.0000E+00   0.0000E+00   0.0000E+00   0.0000E+00
     0     0   0.0000E+00   0.0000E+00   0.0000E+00   0.0000E+00   0.0000E+00   0.0000E+00
     0     0   0.0000E+00   0.0000E+00   0.0000E+00   0.0000E+00   0.0000E+00   0.0000E+00
     0     0   0.0000E+00   0.0000E+00   0.0000E+00   0.0000E+00   0.0000E+00   0.0000E+00
     0     0   0.0000E+00   0.0000E+00   0.0000E+00   0.0000E+00   0.0000E+00   0.0000E+00
     0     0   0.0000E+00   0.0000E+00   0.0000E+00   0.0000E+00   0.0000E+00   0.0000E+00
     0     0   0.0000E+00   0.0000E+00   0.0000E+00   0.0000E+00   0.0000E+00   0.0000E+00
     0     0   0.0000E+00   0.0000E+00   0.0000E+00   0.0000E+00   0.0000E+00   0.0000E+00
     0     0   0.0000E+00   0.0000E+00   0.0000E+00   0.0000E+00   0.0000E+00   0.0000E+00
     0     0   0.0000E+00   0.0000E+00   0.0000E+00   0.0000E+00   0.0000E+00   0.0000E+00
     0     0   0.0000E+00   0.0000E+00   0.0000E+00   0.0000E+00   0.0000E+00   0.0000E+00
     0     0   0.0000E+00   0.0000E+00   0.0000E+00   0.0000E+00   0.0000E+00   0.0000E+00
     0     0   0.0000E+00   0.0000E+00   0.0000E+00   0.0000E+00   0.0000E+00   0.0000E+00
     0     0   0.0000E+00   0.0000E+00   0.0000E+00   0.0000E+00   0.0000E+00   0.0000E+00
     0     0   0.0000E+00   0.0000E+00   0.0000E+00   0.0000E+00   0.0000E+00   0.0000E+00
     0     0   0.0000E+00   0.0000E+00   0.0000E+00   0.0000E+00   0.0000E+00   0.0000E+00
     0     0   0.0000E+00   0.0000E+00   0.0000E+00   0.0000E+00   0.0000E+00   0.0000E+00
     0     0   0.0000E+00   0.0000E+00   0.0000E+00   0.0000E+00   0.0000E+00   0.0000E+00
     0     0   0.0000E+00   0.0000E+00   0.0000E+00   0.0000E+00   0.0000E+00   0.0000E+00
     0     0   0.0000E+00   0.0000E+00   0.0000E+00   0.0000E+00   0.0000E+00   0.0000E+00
     0     0   0.0000E+00   0.0000E+00   0.0000E+00   0.0000E+00   0.0000E+00   0.0000E+00
     0     0   0.0000E+00   0.0000E+00   0.0000E+00   0.0000E+00   0.0000E+00   0.0000E+00
     0     0   0.0000E+00   0.0000E+00   0.0000E+00   0.0000E+00   0.0000E+00   0.0000E+00
     0     0   0.0000E+00   0.0000E+00   0.0000E+00   0.0000E+00   0.0000E+00   0.0000E+00
     0     0   0.0000E+00   0.0000E+00   0.0000E+00   0.0000E+00   0.0000E+00   0.0000E+00
     0     0   0.0000E+00   0.0000E+00   0.0000E+00   0.0000E+00   0.0000E+00   0.0000E+00
     0     0   0.0000E+00   0.0000E+00   0.0000E+00   0.0000E+00   0.0000E+00   0.0000E+00
     0     0   0.0000E+00   0.0000E+00   0.0000E+00   0.0000E+00   0.0000E+00   0.0000E+00
     0     0   0.0000E+00   0.0000E+00   0.0000E+00   0.0000E+00   0.0000E+00   0.0000E+00
     0     0   0.0000E+00   0.0000E+00   0.0000E+00   0.0000E+00   0.0000E+00   0.0000E+00
     0     0   0.0000E+00   0.0000E+00   0.0000E+00   0.0000E+00   0.0000E+00   0.0000E+00
     0     0   0.0000E+00   0.0000E+00   0.0000E+00   0.0000E+00   0.0000E+00   0.0000E+00
     0     0   0.0000E+00   0.0000E+00   0.0000E+00   0.0000E+00   0.0000E+00   0.0000E+00
     0     0   0.0000E+00   0.0000E+00   0.0000E+00   0.0000E+00   0.0000E+00   0.0000E+00
     0     0   0.0000E+00   0.0000E+00   0.0000E+00   0.0000E+00   0.0000E+00   0.0000E+00
     0     0   0.0000E+00   0.0000E+00   0.0000E+00   0.0000E+00   0.0000E+00   0.0000E+00
     0     0   0.0000E+00   0.0000E+00   0.0000E+00   0.0000E+00   0.0000E+00   0.0000E+00
     0     0   0.0000E+00   0.0000E+00   0.0000E+00   0.0000E+00   0.0000E+00   0.0000E+00
     0     0   0.0000E+00   0.0000E+00   0.0000E+00   0.0000E+00   0.0000E+00   0.0000E+00
     0     0   0.0000E+00   0.0000E+00   0.0000E+00   0.0000E+00   0.0000E+00   0.0000E+00
     0     0   0.0000E+00   0.0000E+00   0.0000E+00   0.0000E+00   0.0000E+00   0.0000E+00
     0     0   0.0000E+00   0.0000E+00   0.0000E+00   0.0000E+00   0.0000E+00   0.0000E+00
     0     0   0.0000E+00   0.0000E+00   0.0000E+00   0.0000E+00   0.0000E+00   0.0000E+00
     0     0   0.0000E+00   0.0000E+00   0.0000E+00   0.0000E+00   0.0000E+00   0.0000E+00
     0     0   0.0000E+00   0.0000E+00   0.0000E+00   0.0000E+00   0.0000E+00   0.0000E+00
     0     0   0.0000E+00   0.0000E+00   0.0000E+00   0.0000E+00   0.0000E+00   0.0000E+00
     0     0   0.0000E+00   0.0000E+00   0.0000E+00   0.0000E+00   0.0000E+00   0.0000E+00
     0     0   0.0000E+00   0.0000E+00   0.0000E+00   0.0000E+00   0.0000E+00   0.0000E+00
     0     0   0.0000E+00   0.0000E+00   0.0000E+00   0.0000E+00   0.0000E+00   0.0000E+00
     0     0   0.0000E+00   0.0000E+00   0.0000E+00   0.0000E+00   0.0000E+00   0.0000E+00
     0     0   0.0000E+00   0.0000E+00   0.0000E+00   0.0000E+00   0.0000E+00   0.0000E+00
     0     0   0.0000E+00   0.0000E+00   0.0000E+00   0.0000E+00   0.0000E+00   0.0000E+00
     0     0   0.0000E+00   0.0000E+00   0.0000E+00   0.0000E+00   0.0000E+00   0.0000E+00
     0     0   0.0000E+00   0.0000E+00   0.0000E+00   0.0000E+00   0.0000E+00   0.0000E+00
     0     0   0.0000E+00   0.0000E+00   0.0000E+00   0.0000E+00   0.0000E+00   0.0000E+00
     0     0   0.0000E+00   0.0000E+00   0.0000E+00   0.0000E+00   0.0000E+00   0.0000E+00
     0     0   0.0000E+00   0.0000E+00   0.0000E+00   0.0000E+00   0.0000E+00   0.0000E+00
     0     0   0.0000E+00   0.0000E+00   0.0000E+00   0.0000E+00   0.0000E+00   0.0000E+00
     0     0   0.0000E+00   0.0000E+00   0.0000E+00   0.0000E+00   0.0000E+00   0.0000E+00
     0     0   0.0000E+00   0.0000E+00   0.0000E+00   0.0000E+00   0.0000E+00   0.0000E+00
     0     0   0.0000E+00   0.0000E+00   0.0000E+00   0.0000E+00   0.0000E+00   0.0000E+00
     0     0   0.0000E+00   0.0000E+00   0.0000E+00   0.0000E+00   0.0000E+00   0.0000E+00
     0     0   0.0000E+00   0.0000E+00   0.0000E+00   0.0000E+00   0.0000E+00   0.0000E+00
     0     0   0.0000E+00   0.0000E+00   0.0000E+00   0.0000E+00   0.0000E+00   0.0000E+00
     0     0   0.0000E+00   0.0000E+00   0.0000E+00   0.0000E+00   0.0000E+00   0.0000E+00
     0     0   0.0000E+00   0.0000E+00   0.0000E+00   0.0000E+00   0.0000E+00   0.0000E+00
     0     0   0.0000E+00   0.0000E+00   0.0000E+00   0.0000E+00   0.0000E+00   0.0000E+00
     0     0   0.0000E+00   0.0000E+00   0.0000E+00   0.0000E+00   0.0000E+00   0.0000E+00
     0     0   0.0000E+00   0.0000E+00   0.0000E+00   0.0000E+00   0.0000E+00   0.0000E+00
     0     0   0.0000E+00   0.0000E+00   0.0000E+00   0.0000E+00   0.0000E+00   0.0000E+00
     0     0   0.0000E+00   0.0000E+00   0.0000E+00   0.0000E+00   0.0000E+00   0.0000E+00
     0     0   0.0000E+00   0.0000E+00   0.0000E+00   0.0000E+00   0.0000E+00   0.0000E+00
     0     0   0.0000E+00   0.0000E+00   0.0000E+00   0.0000E+00   0.0000E+00   0.0000E+00
     0     0   0.0000E+00   0.0000E+00   0.0000E+00   0.0000E+00   0.0000E+00   0.0000E+00
     0     0   0.0000E+00   0.0000E+00   0.0000E+00   0.0000E+00   0.0000E+00   0.0000E+00
     0     0   0.0000E+00   0.0000E+00   0.0000E+00   0.0000E+00   0.0000E+00   0.0000E+00
     0     0   0.0000E+00   0.0000E+00   0.0000E+00   0.0000E+00   0.0000E+00   0.0000E+00
     0     0   0.0000E+00   0.0000E+00   0.0000E+00   0.0000E+00   0.0000E+00   0.0000E+00
     0     0   0.0000E+00   0.0000E+00   0.0000E+00   0.0000E+00   0.0000E+00   0.0000E+00
     0     0   0.0000E+00   0.0000E+00   0.0000E+00   0.0000E+00   0.0000E+00   0.0000E+00
     0     0   0.0000E+00   0.0000E+00   0.0000E+00   0.0000E+00   0.0000E+00   0.0000E+00
     0     0   0.0000E+00   0.0000E+00   0.0000E+00   0.0000E+00   0.0000E+00   0.0000E+00
     0     0   0.0000E+00   0.0000E+00   0.0000E+00   0.0000E+00   0.0000E+00   0.0000E+00
     0     0   0.0000E+00   0.0000E+00   0.0000E+00   0.0000E+00   0.0000E+00   0.0000E+00
     0     0   0.0000E+00   0.0000E+00   0.0000E+00   0.0000E+00   0.0000E+00   0.0000E+00
     0     0   0.0000E+00   0.0000E+00   0.0000E+00   0.0000E+00   0.0000E+00   0.0000E+00
     0     0   0.0000E+00   0.0000E+00   0.0000E+00   0.0000E+00   0.0000E+00   0.0000E+00
     0     0   0.0000E+00   0.0000E+00   0.0000E+00   0.0000E+00   0.0000E+00   0.0000E+00
     0     0   0.0000E+00   0.0000E+00   0.0000E+00   0.0000E+00   0.0000E+00   0.0000E+00
     0     0   0.0000E+00   0.0000E+00   0.0000E+00   0.0000E+00   0.0000E+00   0.0000E+00
     0     0   0.0000E+00   0.0000E+00   0.0000E+00   0.0000E+00   0.0000E+00   0.0000E+00
     0     0   0.0000E+00   0.0000E+00   0.0000E+00   0.0000E+00   0.0000E+00   0.0000E+00
     0     0   0.0000E+00   0.0000E+00   0.0000E+00   0.0000E+00   0.0000E+00   0.0000E+00
     0     0   0.0000E+00   0.0000E+00   0.0000E+00   0.0000E+00   0.0000E+00   0.0000E+00
     0     0   0.0000E+00   0.0000E+00   0.0000E+00   0.0000E+00   0.0000E+00   0.0000E+00
     0     0   0.0000E+00   0.0000E+00   0.0000E+00   0.0000E+00   0.0000E+00   0.0000E+00
     0     0   0.0000E+00   0.0000E+00   0.0000E+00   0.0000E+00   0.0000E+00   0.0000E+00
     0     0   0.0000E+00   0.0000E+00   0.0000E+00   0.0000E+00   0.0000E+00   0.0000E+00
     0     0   0.0000E+00   0.0000E+00   0.0000E+00   0.0000E+00   0.0000E+00   0.0000E+00
     0     0   0.0000E+00   0.0000E+00   0.0000E+00   0.0000E+00   0.0000E+00   0.0000E+00
     0     0   0.0000E+00   0.0000E+00   0.0000E+00   0.0000E+00   0.0000E+00   0.0000E+00
     0     0   0.0000E+00   0.0000E+00   0.0000E+00   0.0000E+00   0.0000E+00   0.0000E+00
     0     0   0.0000E+00   0.0000E+00   0.0000E+00   0.0000E+00   0.0000E+00   0.0000E+00
     0     0   0.0000E+00   0.0000E+00   0.0000E+00   0.0000E+00   0.0000E+00   0.0000E+00
     0     0   0.0000E+00   0.0000E+00   0.0000E+00   0.0000E+00   0.0000E+00   0.0000E+00
     0     0   0.0000E+00   0.0000E+00   0.0000E+00   0.0000E+00   0.0000E+00   0.0000E+00
     0     0   0.0000E+00   0.0000E+00   0.0000E+00   0.0000E+00   0.0000E+00   0.0000E+00
     0     0   0.0000E+00   0.0000E+00   0.0000E+00   0.0000E+00   0.0000E+00   0.0000E+00
     0     0   0.0000E+00   0.0000E+00   0.0000E+00   0.0000E+00   0.0000E+00   0.0000E+00
     0     0   0.0000E+00   0.0000E+00   0.0000E+00   0.0000E+00   0.0000E+00   0.0000E+00
     0     0   0.0000E+00   0.0000E+00   0.0000E+00   0.0000E+00   0.0000E+00   0.0000E+00
     0     0   0.0000E+00   0.0000E+00   0.0000E+00   0.0000E+00   0.0000E+00   0.0000E+00
     0     0   0.0000E+00   0.0000E+00   0.0000E+00   0.0000E+00   0.0000E+00   0.0000E+00
     0     0   0.0000E+00   0.0000E+00   0.0000E+00   0.0000E+00   0.0000E+00   0.0000E+00
     0     0   0.0000E+00   0.0000E+00   0.0000E+00   0.0000E+00   0.0000E+00   0.0000E+00
     0     0   0.0000E+00   0.0000E+00   0.0000E+00   0.0000E+00   0.0000E+00   0.0000E+00
     0     0   0.0000E+00   0.0000E+00   0.0000E+00   0.0000E+00   0.0000E+00   0.0000E+00
     0     0   0.0000E+00   0.0000E+00   0.0000E+00   0.0000E+00   0.0000E+00   0.0000E+00
     0     0   0.0000E+00   0.0000E+00   0.0000E+00   0.0000E+00   0.0000E+00   0.0000E+00
     0     0   0.0000E+00   0.0000E+00   0.0000E+00   0.0000E+00   0.0000E+00   0.0000E+00
     0     0   0.0000E+00   0.0000E+00   0.0000E+00   0.0000E+00   0.0000E+00   0.0000E+00
     0     0   0.0000E+00   0.0000E+00   0.0000E+00   0.0000E+00   0.0000E+00   0.0000E+00
     0     0   0.0000E+00   0.0000E+00   0.0000E+00   0.0000E+00   0.0000E+00   0.0000E+00
     0     0   0.0000E+00   0.0000E+00   0.0000E+00   0.0000E+00   0.0000E+00   0.0000E+00
     0     0   0.0000E+00   0.0000E+00   0.0000E+00   0.0000E+00   0.0000E+00   0.0000E+00
     0     0   0.0000E+00   0.0000E+00   0.0000E+00   0.0000E+00   0.0000E+00   0.0000E+00
     0     0   0.0000E+00   0.0000E+00   0.0000E+00   0.0000E+00   0.0000E+00   0.0000E+00
     0     0   0.0000E+00   0.0000E+00   0.0000E+00   0.0000E+00   0.0000E+00   0.0000E+00
     0     0   0.0000E+00   0.0000E+00   0.0000E+00   0.0000E+00   0.0000E+00   0.0000E+00
     0     0   0.0000E+00   0.0000E+00   0.0000E+00   0.0000E+00   0.0000E+00   0.0000E+00
     0     0   0.0000E+00   0.0000E+00   0.0000E+00   0.0000E+00   0.0000E+00   0.0000E+00
     0     0   0.0000E+00   0.0000E+00   0.0000E+00   0.0000E+00   0.0000E+00   0.0000E+00
     0     0   0.0000E+00   0.0000E+00   0.0000E+00   0.0000E+00   0.0000E+00   0.0000E+00
     0     0   0.0000E+00   0.0000E+00   0.0000E+00   0.0000E+00   0.0000E+00   0.0000E+00
     0     0   0.0000E+00   0.0000E+00   0.0000E+00   0.0000E+00   0.0000E+00   0.0000E+00
     0     0   0.0000E+00   0.0000E+00   0.0000E+00   0.0000E+00   0.0000E+00   0.0000E+00
     0     0   0.0000E+00   0.0000E+00   0.0000E+00   0.0000E+00   0.0000E+00   0.0000E+00
     0     0   0.0000E+00   0.0000E+00   0.0000E+00   0.0000E+00   0.0000E+00   0.0000E+00
     0     0   0.0000E+00   0.0000E+00   0.0000E+00   0.0000E+00   0.0000E+00   0.0000E+00
     0     0   0.0000E+00   0.0000E+00   0.0000E+00   0.0000E+00   0.0000E+00   0.0000E+00
     0     0   0.0000E+00   0.0000E+00   0.0000E+00   0.0000E+00   0.0000E+00   0.0000E+00
     0     0   0.0000E+00   0.0000E+00   0.0000E+00   0.0000E+00   0.0000E+00   0.0000E+00
     0     0   0.0000E+00   0.0000E+00   0.0000E+00   0.0000E+00   0.0000E+00   0.0000E+00
     0     0   0.0000E+00   0.0000E+00   0.0000E+00   0.0000E+00   0.0000E+00   0.0000E+00
     0     0   0.0000E+00   0.0000E+00   0.0000E+00   0.0000E+00   0.0000E+00   0.0000E+00
     0     0   0.0000E+00   0.0000E+00   0.0000E+00   0.0000E+00   0.0000E+00   0.0000E+00
     0     0   0.0000E+00   0.0000E+00   0.0000E+00   0.0000E+00   0.0000E+00   0.0000E+00
     0     0   0.0000E+00   0.0000E+00   0.0000E+00   0.0000E+00   0.0000E+00   0.0000E+00
     0     0   0.0000E+00   0.0000E+00   0.0000E+00   0.0000E+00   0.0000E+00   0.0000E+00
     0     0   0.0000E+00   0.0000E+00   0.0000E+00   0.0000E+00   0.0000E+00   0.0000E+00
     0     0   0.0000E+00   0.0000E+00   0.0000E+00   0.0000E+00   0.0000E+00   0.0000E+00
     0     0   0.0000E+00   0.0000E+00   0.0000E+00   0.0000E+00   0.0000E+00   0.0000E+00
     0     0   0.0000E+00   0.0000E+00   0.0000E+00   0.0000E+00   0.0000E+00   0.0000E+00
     0     0   0.0000E+00   0.0000E+00   0.0000E+00   0.0000E+00   0.0000E+00   0.0000E+00
     0     0   0.0000E+00   0.0000E+00   0.0000E+00   0.0000E+00   0.0000E+00   0.0000E+00
     0     0   0.0000E+00   0.0000E+00   0.0000E+00   0.0000E+00   0.0000E+00   0.0000E+00
     0     0   0.0000E+00   0.0000E+00   0.0000E+00   0.0000E+00   0.0000E+00   0.0000E+00
     0     0   0.0000E+00   0.0000E+00   0.0000E+00   0.0000E+00   0.0000E+00   0.0000E+00
     0     0   0.0000E+00   0.0000E+00   0.0000E+00   0.0000E+00   0.0000E+00   0.0000E+00
     0     0   0.0000E+00   0.0000E+00   0.0000E+00   0.0000E+00   0.0000E+00   0.0000E+00
     0     0   0.0000E+00   0.0000E+00   0.0000E+00   0.0000E+00   0.0000E+00   0.0000E+00
     0     0   0.0000E+00   0.0000E+00   0.0000E+00   0.0000E+00   0.0000E+00   0.0000E+00
     0     0   0.0000E+00   0.0000E+00   0.0000E+00   0.0000E+00   0.0000E+00   0.0000E+00
     0     0   0.0000E+00   0.0000E+00   0.0000E+00   0.0000E+00   0.0000E+00   0.0000E+00
     0     0   0.0000E+00   0.0000E+00   0.0000E+00   0.0000E+00   0.0000E+00   0.0000E+00
     0     0   0.0000E+00   0.0000E+00   0.0000E+00   0.0000E+00   0.0000E+00   0.0000E+00
     0     0   0.0000E+00   0.0000E+00   0.0000E+00   0.0000E+00   0.0000E+00   0.0000E+00
     0     0   0.0000E+00   0.0000E+00   0.0000E+00   0.0000E+00   0.0000E+00   0.0000E+00
     0     0   0.0000E+00   0.0000E+00   0.0000E+00   0.0000E+00   0.0000E+00   0.0000E+00
     0     0   0.0000E+00   0.0000E+00   0.0000E+00   0.0000E+00   0.0000E+00   0.0000E+00
     0     0   0.0000E+00   0.0000E+00   0.0000E+00   0.0000E+00   0.0000E+00   0.0000E+00
     0     0   0.0000E+00   0.0000E+00   0.0000E+00   0.0000E+00   0.0000E+00   0.0000E+00
     0     0   0.0000E+00   0.0000E+00   0.0000E+00   0.0000E+00   0.0000E+00   0.0000E+00
     0     0   0.0000E+00   0.0000E+00   0.0000E+00   0.0000E+00   0.0000E+00   0.0000E+00
     0     0   0.0000E+00   0.0000E+00   0.0000E+00   0.0000E+00   0.0000E+00   0.0000E+00
     0     0   0.0000E+00   0.0000E+00   0.0000E+00   0.0000E+00   0.0000E+00   0.0000E+00
     0     0   0.0000E+00   0.0000E+00   0.0000E+00   0.0000E+00   0.0000E+00   0.0000E+00
     0     0   0.0000E+00   0.0000E+00   0.0000E+00   0.0000E+00   0.0000E+00   0.0000E+00
     0     0   0.0000E+00   0.0000E+00   0.0000E+00   0.0000E+00   0.0000E+00   0.0000E+00
     0     0   0.0000E+00   0.0000E+00   0.0000E+00   0.0000E+00   0.0000E+00   0.0000E+00
     0     0   0.0000E+00   0.0000E+00   0.0000E+00   0.0000E+00   0.0000E+00   0.0000E+00
     0     0   0.0000E+00   0.0000E+00   0.0000E+00   0.0000E+00   0.0000E+00   0.0000E+00
     0     0   0.0000E+00   0.0000E+00   0.0000E+00   0.0000E+00   0.0000E+00   0.0000E+00
     0     0   0.0000E+00   0.0000E+00   0.0000E+00   0.0000E+00   0.0000E+00   0.0000E+00
     0     0   0.0000E+00   0.0000E+00   0.0000E+00   0.0000E+00   0.0000E+00   0.0000E+00
     0     0   0.0000E+00   0.0000E+00   0.0000E+00   0.0000E+00   0.0000E+00   0.0000E+00
     0     0   0.0000E+00   0.0000E+00   0.0000E+00   0.0000E+00   0.0000E+00   0.0000E+00
     0     0   0.0000E+00   0.0000E+00   0.0000E+00   0.0000E+00   0.0000E+00   0.0000E+00
     0     0   0.0000E+00   0.0000E+00   0.0000E+00   0.0000E+00   0.0000E+00   0.0000E+00
     0     0   0.0000E+00   0.0000E+00   0.0000E+00   0.0000E+00   0.0000E+00   0.0000E+00
     0     0   0.0000E+00   0.0000E+00   0.0000E+00   0.0000E+00   0.0000E+00   0.0000E+00
     0     0   0.0000E+00   0.0000E+00   0.0000E+00   0.0000E+00   0.0000E+00   0.0000E+00
     0     0   0.0000E+00   0.0000E+00   0.0000E+00   0.0000E+00   0.0000E+00   0.0000E+00
     0     0   0.0000E+00   0.0000E+00   0.0000E+00   0.0000E+00   0.0000E+00   0.0000E+00
     0     0   0.0000E+00   0.0000E+00   0.0000E+00   0.0000E+00   0.0000E+00   0.0000E+00
     0     0   0.0000E+00   0.0000E+00   0.0000E+00   0.0000E+00   0.0000E+00   0.0000E+00
     0     0   0.0000E+00   0.0000E+00   0.0000E+00   0.0000E+00   0.0000E+00   0.0000E+00
     0     0   0.0000E+00   0.0000E+00   0.0000E+00   0.0000E+00   0.0000E+00   0.0000E+00
     0     0   0.0000E+00   0.0000E+00   0.0000E+00   0.0000E+00   0.0000E+00   0.0000E+00
     0     0   0.0000E+00   0.0000E+00   0.0000E+00   0.0000E+00   0.0000E+00   0.0000E+00
     0     0   0.0000E+00   0.0000E+00   0.0000E+00   0.0000E+00   0.0000E+00   0.0000E+00
     0     0   0.0000E+00   0.0000E+00   0.0000E+00   0.0000E+00   0.0000E+00   0.0000E+00
     0     0   0.0000E+00   0.0000E+00   0.0000E+00   0.0000E+00   0.0000E+00   0.0000E+00
     0     0   0.0000E+00   0.0000E+00   0.0000E+00   0.0000E+00   0.0000E+00   0.0000E+00
     0     0   0.0000E+00   0.0000E+00   0.0000E+00   0.0000E+00   0.0000E+00   0.0000E+00
     0     0   0.0000E+00   0.0000E+00   0.0000E+00   0.0000E+00   0.0000E+00   0.0000E+00
     0     0   0.0000E+00   0.0000E+00   0.0000E+00   0.0000E+00   0.0000E+00   0.0000E+00
     0     0   0.0000E+00   0.0000E+00   0.0000E+00   0.0000E+00   0.0000E+00   0.0000E+00
     0     0   0.0000E+00   0.0000E+00   0.0000E+00   0.0000E+00   0.0000E+00   0.0000E+00
     0     0   0.0000E+00   0.0000E+00   0.0000E+00   0.0000E+00   0.0000E+00   0.0000E+00
     0     0   0.0000E+00   0.0000E+00   0.0000E+00   0.0000E+00   0.0000E+00   0.0000E+00
     0     0   0.0000E+00   0.0000E+00   0.0000E+00   0.0000E+00   0.0000E+00   0.0000E+00
     0     0   0.0000E+00   0.0000E+00   0.0000E+00   0.0000E+00   0.0000E+00   0.0000E+00
     0     0   0.0000E+00   0.0000E+00   0.0000E+00   0.0000E+00   0.0000E+00   0.0000E+00
     0     0   0.0000E+00   0.0000E+00   0.0000E+00   0.0000E+00   0.0000E+00   0.0000E+00
     0     0   0.0000E+00   0.0000E+00   0.0000E+00   0.0000E+00   0.0000E+00   0.0000E+00
     0     0   0.0000E+00   0.0000E+00   0.0000E+00   0.0000E+00   0.0000E+00   0.0000E+00
     0     0   0.0000E+00   0.0000E+00   0.0000E+00   0.0000E+00   0.0000E+00   0.0000E+00
     0     0   0.0000E+00   0.0000E+00   0.0000E+00   0.0000E+00   0.0000E+00   0.0000E+00
     0     0   0.0000E+00   0.0000E+00   0.0000E+00   0.0000E+00   0.0000E+00   0.0000E+00
     0     0   0.0000E+00   0.0000E+00   0.0000E+00   0.0000E+00   0.0000E+00   0.0000E+00
     0     0   0.0000E+00   0.0000E+00   0.0000E+00   0.0000E+00   0.0000E+00   0.0000E+00
     0     0   0.0000E+00   0.0000E+00   0.0000E+00   0.0000E+00   0.0000E+00   0.0000E+00
     0     0   0.0000E+00   0.0000E+00   0.0000E+00   0.0000E+00   0.0000E+00   0.0000E+00
     0     0   0.0000E+00   0.0000E+00   0.0000E+00   0.0000E+00   0.0000E+00   0.0000E+00
     0     0   0.0000E+00   0.0000E+00   0.0000E+00   0.0000E+00   0.0000E+00   0.0000E+00
     0     0   0.0000E+00   0.0000E+00   0.0000E+00   0.0000E+00   0.0000E+00   0.0000E+00
     0     0   0.0000E+00   0.0000E+00   0.0000E+00   0.0000E+00   0.0000E+00   0.0000E+00
     0     0   0.0000E+00   0.0000E+00   0.0000E+00   0.0000E+00   0.0000E+00   0.0000E+00
     0     0   0.0000E+00   0.0000E+00   0.0000E+00   0.0000E+00   0.0000E+00   0.0000E+00
     0     0   0.0000E+00   0.0000E+00   0.0000E+00   0.0000E+00   0.0000E+00   0.0000E+00
     0     0   0.0000E+00   0.0000E+00   0.0000E+00   0.0000E+00   0.0000E+00   0.0000E+00
     0     0   0.0000E+00   0.0000E+00   0.0000E+00   0.0000E+00   0.0000E+00   0.0000E+00
     0     0   0.0000E+00   0.0000E+00   0.0000E+00   0.0000E+00   0.0000E+00   0.0000E+00
     0     0   0.0000E+00   0.0000E+00   0.0000E+00   0.0000E+00   0.0000E+00   0.0000E+00
     0     0   0.0000E+00   0.0000E+00   0.0000E+00   0.0000E+00   0.0000E+00   0.0000E+00
     0     0   0.0000E+00   0.0000E+00   0.0000E+00   0.0000E+00   0.0000E+00   0.0000E+00
     0     0   0.0000E+00   0.0000E+00   0.0000E+00   0.0000E+00   0.0000E+00   0.0000E+00
     0     0   0.0000E+00   0.0000E+00   0.0000E+00   0.0000E+00   0.0000E+00   0.0000E+00
     0     0   0.0000E+00   0.0000E+00   0.0000E+00   0.0000E+00   0.0000E+00   0.0000E+00
     0     0   0.0000E+00   0.0000E+00   0.0000E+00   0.0000E+00   0.0000E+00   0.0000E+00
     0     0   0.0000E+00   0.0000E+00   0.0000E+00   0.0000E+00   0.0000E+00   0.0000E+00
     0     0   0.0000E+00   0.0000E+00   0.0000E+00   0.0000E+00   0.0000E+00   0.0000E+00
     0     0   0.0000E+00   0.0000E+00   0.0000E+00   0.0000E+00   0.0000E+00   0.0000E+00
     0     0   0.0000E+00   0.0000E+00   0.0000E+00   0.0000E+00   0.0000E+00   0.0000E+00
     0     0   0.0000E+00   0.0000E+00   0.0000E+00   0.0000E+00   0.0000E+00   0.0000E+00
     0     0   0.0000E+00   0.0000E+00   0.0000E+00   0.0000E+00   0.0000E+00   0.0000E+00
     0     0   0.0000E+00   0.0000E+00   0.0000E+00   0.0000E+00   0.0000E+00   0.0000E+00
     0     0   0.0000E+00   0.0000E+00   0.0000E+00   0.0000E+00   0.0000E+00   0.0000E+00
     0     0   0.0000E+00   0.0000E+00   0.0000E+00   0.0000E+00   0.0000E+00   0.0000E+00
     0     0   0.0000E+00   0.0000E+00   0.0000E+00   0.0000E+00   0.0000E+00   0.0000E+00
     0     0   0.0000E+00   0.0000E+00   0.0000E+00   0.0000E+00   0.0000E+00   0.0000E+00
     0     0   0.0000E+00   0.0000E+00   0.0000E+00   0.0000E+00   0.0000E+00   0.0000E+00
     0     0   0.0000E+00   0.0000E+00   0.0000E+00   0.0000E+00   0.0000E+00   0.0000E+00
     0     0   0.0000E+00   0.0000E+00   0.0000E+00   0.0000E+00   0.0000E+00   0.0000E+00
     0     0   0.0000E+00   0.0000E+00   0.0000E+00   0.0000E+00   0.0000E+00   0.0000E+00
     0     0   0.0000E+00   0.0000E+00   0.0000E+00   0.0000E+00   0.0000E+00   0.0000E+00
     0     0   0.0000E+00   0.0000E+00   0.0000E+00   0.0000E+00   0.0000E+00   0.0000E+00
     0     0   0.0000E+00   0.0000E+00   0.0000E+00   0.0000E+00   0.0000E+00   0.0000E+00
     0     0   0.0000E+00   0.0000E+00   0.0000E+00   0.0000E+00   0.0000E+00   0.0000E+00
     0     0   0.0000E+00   0.0000E+00   0.0000E+00   0.0000E+00   0.0000E+00   0.0000E+00
     0     0   0.0000E+00   0.0000E+00   0.0000E+00   0.0000E+00   0.0000E+00   0.0000E+00
     0     0   0.0000E+00   0.0000E+00   0.0000E+00   0.0000E+00   0.0000E+00   0.0000E+00
     0     0   0.0000E+00   0.0000E+00   0.0000E+00   0.0000E+00   0.0000E+00   0.0000E+00
     0     0   0.0000E+00   0.0000E+00   0.0000E+00   0.0000E+00   0.0000E+00   0.0000E+00
     0     0   0.0000E+00   0.0000E+00   0.0000E+00   0.0000E+00   0.0000E+00   0.0000E+00
     0     0   0.0000E+00   0.0000E+00   0.0000E+00   0.0000E+00   0.0000E+00   0.0000E+00
     0     0   0.0000E+00   0.0000E+00   0.0000E+00   0.0000E+00   0.0000E+00   0.0000E+00
     0     0   0.0000E+00   0.0000E+00   0.0000E+00   0.0000E+00   0.0000E+00   0.0000E+00
     0     0   0.0000E+00   0.0000E+00   0.0000E+00   0.0000E+00   0.0000E+00   0.0000E+00
     0     0   0.0000E+00   0.0000E+00   0.0000E+00   0.0000E+00   0.0000E+00   0.0000E+00
     0     0   0.0000E+00   0.0000E+00   0.0000E+00   0.0000E+00   0.0000E+00   0.0000E+00
     0     0   0.0000E+00   0.0000E+00   0.0000E+00   0.0000E+00   0.0000E+00   0.0000E+00
     0     0   0.0000E+00   0.0000E+00   0.0000E+00   0.0000E+00   0.0000E+00   0.0000E+00
     0     0   0.0000E+00   0.0000E+00   0.0000E+00   0.0000E+00   0.0000E+00   0.0000E+00
     0     0   0.0000E+00   0.0000E+00   0.0000E+00   0.0000E+00   0.0000E+00   0.0000E+00
     0     0   0.0000E+00   0.0000E+00   0.0000E+00   0.0000E+00   0.0000E+00   0.0000E+00
     0     0   0.0000E+00   0.0000E+00   0.0000E+00   0.0000E+00   0.0000E+00   0.0000E+00
     0     0   0.0000E+00   0.0000E+00   0.0000E+00   0.0000E+00   0.0000E+00   0.0000E+00
     0     0   0.0000E+00   0.0000E+00   0.0000E+00   0.0000E+00   0.0000E+00   0.0000E+00
     0     0   0.0000E+00   0.0000E+00   0.0000E+00   0.0000E+00   0.0000E+00   0.0000E+00
     0     0   0.0000E+00   0.0000E+00   0.0000E+00   0.0000E+00   0.0000E+00   0.0000E+00
     0     0   0.0000E+00   0.0000E+00   0.0000E+00   0.0000E+00   0.0000E+00   0.0000E+00
     0     0   0.0000E+00   0.0000E+00   0.0000E+00   0.0000E+00   0.0000E+00   0.0000E+00
     0     0   0.0000E+00   0.0000E+00   0.0000E+00   0.0000E+00   0.0000E+00   0.0000E+00
     0     0   0.0000E+00   0.0000E+00   0.0000E+00   0.0000E+00   0.0000E+00   0.0000E+00
     0     0   0.0000E+00   0.0000E+00   0.0000E+00   0.0000E+00   0.0000E+00   0.0000E+00
     0     0   0.0000E+00   0.0000E+00   0.0000E+00   0.0000E+00   0.0000E+00   0.0000E+00
     0     0   0.0000E+00   0.0000E+00   0.0000E+00   0.0000E+00   0.0000E+00   0.0000E+00
     0     0   0.0000E+00   0.0000E+00   0.0000E+00   0.0000E+00   0.0000E+00   0.0000E+00
     0     0   0.0000E+00   0.0000E+00   0.0000E+00   0.0000E+00   0.0000E+00   0.0000E+00
     0     0   0.0000E+00   0.0000E+00   0.0000E+00   0.0000E+00   0.0000E+00   0.0000E+00
     0     0   0.0000E+00   0.0000E+00   0.0000E+00   0.0000E+00   0.0000E+00   0.0000E+00
     0     0   0.0000E+00   0.0000E+00   0.0000E+00   0.0000E+00   0.0000E+00   0.0000E+00
     0     0   0.0000E+00   0.0000E+00   0.0000E+00   0.0000E+00   0.0000E+00   0.0000E+00
     0     0   0.0000E+00   0.0000E+00   0.0000E+00   0.0000E+00   0.0000E+00   0.0000E+00
     0     0   0.0000E+00   0.0000E+00   0.0000E+00   0.0000E+00   0.0000E+00   0.0000E+00
     0     0   0.0000E+00   0.0000E+00   0.0000E+00   0.0000E+00   0.0000E+00   0.0000E+00
     0     0   0.0000E+00   0.0000E+00   0.0000E+00   0.0000E+00   0.0000E+00   0.0000E+00
     0     0   0.0000E+00   0.0000E+00   0.0000E+00   0.0000E+00   0.0000E+00   0.0000E+00
     0     0   0.0000E+00   0.0000E+00   0.0000E+00   0.0000E+00   0.0000E+00   0.0000E+00
     0     0   0.0000E+00   0.0000E+00   0.0000E+00   0.0000E+00   0.0000E+00   0.0000E+00
     0     0   0.0000E+00   0.0000E+00   0.0000E+00   0.0000E+00   0.0000E+00   0.0000E+00
     0     0   0.0000E+00   0.0000E+00   0.0000E+00   0.0000E+00   0.0000E+00   0.0000E+00
     0     0   0.0000E+00   0.0000E+00   0.0000E+00   0.0000E+00   0.0000E+00   0.0000E+00
     0     0   0.0000E+00   0.0000E+00   0.0000E+00   0.0000E+00   0.0000E+00   0.0000E+00
     0     0   0.0000E+00   0.0000E+00   0.0000E+00   0.0000E+00   0.0000E+00   0.0000E+00
     0     0   0.0000E+00   0.0000E+00   0.0000E+00   0.0000E+00   0.0000E+00   0.0000E+00
     0     0   0.0000E+00   0.0000E+00   0.0000E+00   0.0000E+00   0.0000E+00   0.0000E+00
     0     0   0.0000E+00   0.0000E+00   0.0000E+00   0.0000E+00   0.0000E+00   0.0000E+00
     0     0   0.0000E+00   0.0000E+00   0.0000E+00   0.0000E+00   0.0000E+00   0.0000E+00
     0     0   0.0000E+00   0.0000E+00   0.0000E+00   0.0000E+00   0.0000E+00   0.0000E+00
     0     0   0.0000E+00   0.0000E+00   0.0000E+00   0.0000E+00   0.0000E+00   0.0000E+00
     0     0   0.0000E+00   0.0000E+00   0.0000E+00   0.0000E+00   0.0000E+00   0.0000E+00
     0     0   0.0000E+00   0.0000E+00   0.0000E+00   0.0000E+00   0.0000E+00   0.0000E+00
     0     0   0.0000E+00   0.0000E+00   0.0000E+00   0.0000E+00   0.0000E+00   0.0000E+00
     0     0   0.0000E+00   0.0000E+00   0.0000E+00   0.0000E+00   0.0000E+00   0.0000E+00
     0     0   0.0000E+00   0.0000E+00   0.0000E+00   0.0000E+00   0.0000E+00   0.0000E+00
     0     0   0.0000E+00   0.0000E+00   0.0000E+00   0.0000E+00   0.0000E+00   0.0000E+00
     0     0   0.0000E+00   0.0000E+00   0.0000E+00   0.0000E+00   0.0000E+00   0.0000E+00
     0     0   0.0000E+00   0.0000E+00   0.0000E+00   0.0000E+00   0.0000E+00   0.0000E+00
     0     0   0.0000E+00   0.0000E+00   0.0000E+00   0.0000E+00   0.0000E+00   0.0000E+00
     0     0   0.0000E+00   0.0000E+00   0.0000E+00   0.0000E+00   0.0000E+00   0.0000E+00
     0     0   0.0000E+00   0.0000E+00   0.0000E+00   0.0000E+00   0.0000E+00   0.0000E+00
     0     0   0.0000E+00   0.0000E+00   0.0000E+00   0.0000E+00   0.0000E+00   0.0000E+00
     0     0   0.0000E+00   0.0000E+00   0.0000E+00   0.0000E+00   0.0000E+00   0.0000E+00
     0     0   0.0000E+00   0.0000E+00   0.0000E+00   0.0000E+00   0.0000E+00   0.0000E+00
     0     0   0.0000E+00   0.0000E+00   0.0000E+00   0.0000E+00   0.0000E+00   0.0000E+00
     0     0   0.0000E+00   0.0000E+00   0.0000E+00   0.0000E+00   0.0000E+00   0.0000E+00
     0     0   0.0000E+00   0.0000E+00   0.0000E+00   0.0000E+00   0.0000E+00   0.0000E+00
     0     0   0.0000E+00   0.0000E+00   0.0000E+00   0.0000E+00   0.0000E+00   0.0000E+00
     0     0   0.0000E+00   0.0000E+00   0.0000E+00   0.0000E+00   0.0000E+00   0.0000E+00
     0     0   0.0000E+00   0.0000E+00   0.0000E+00   0.0000E+00   0.0000E+00   0.0000E+00
     0     0   0.0000E+00   0.0000E+00   0.0000E+00   0.0000E+00   0.0000E+00   0.0000E+00
     0     0   0.0000E+00   0.0000E+00   0.0000E+00   0.0000E+00   0.0000E+00   0.0000E+00
     0     0   0.0000E+00   0.0000E+00   0.0000E+00   0.0000E+00   0.0000E+00   0.0000E+00
     0     0   0.0000E+00   0.0000E+00   0.0000E+00   0.0000E+00   0.0000E+00   0.0000E+00
     0     0   0.0000E+00   0.0000E+00   0.0000E+00   0.0000E+00   0.0000E+00   0.0000E+00
     0     0   0.0000E+00   0.0000E+00   0.0000E+00   0.0000E+00   0.0000E+00   0.0000E+00
     0     0   0.0000E+00   0.0000E+00   0.0000E+00   0.0000E+00   0.0000E+00   0.0000E+00
     0     0   0.0000E+00   0.0000E+00   0.0000E+00   0.0000E+00   0.0000E+00   0.0000E+00
     0     0   0.0000E+00   0.0000E+00   0.0000E+00   0.0000E+00   0.0000E+00   0.0000E+00
     0     0   0.0000E+00   0.0000E+00   0.0000E+00   0.0000E+00   0.0000E+00   0.0000E+00
     0     0   0.0000E+00   0.0000E+00   0.0000E+00   0.0000E+00   0.0000E+00   0.0000E+00
     0     0   0.0000E+00   0.0000E+00   0.0000E+00   0.0000E+00   0.0000E+00   0.0000E+00
     0     0   0.0000E+00   0.0000E+00   0.0000E+00   0.0000E+00   0.0000E+00   0.0000E+00
     0     0   0.0000E+00   0.0000E+00   0.0000E+00   0.0000E+00   0.0000E+00   0.0000E+00
     0     0   0.0000E+00   0.0000E+00   0.0000E+00   0.0000E+00   0.0000E+00   0.0000E+00
     0     0   0.0000E+00   0.0000E+00   0.0000E+00   0.0000E+00   0.0000E+00   0.0000E+00
     0     0   0.0000E+00   0.0000E+00   0.0000E+00   0.0000E+00   0.0000E+00   0.0000E+00
     0     0   0.0000E+00   0.0000E+00   0.0000E+00   0.0000E+00   0.0000E+00   0.0000E+00
     0     0   0.0000E+00   0.0000E+00   0.0000E+00   0.0000E+00   0.0000E+00   0.0000E+00
     0     0   0.0000E+00   0.0000E+00   0.0000E+00   0.0000E+00   0.0000E+00   0.0000E+00
     0     0   0.0000E+00   0.0000E+00   0.0000E+00   0.0000E+00   0.0000E+00   0.0000E+00
     0     0   0.0000E+00   0.0000E+00   0.0000E+00   0.0000E+00   0.0000E+00   0.0000E+00
     0     0   0.0000E+00   0.0000E+00   0.0000E+00   0.0000E+00   0.0000E+00   0.0000E+00
     0     0   0.0000E+00   0.0000E+00   0.0000E+00   0.0000E+00   0.0000E+00   0.0000E+00
     0     0   0.0000E+00   0.0000E+00   0.0000E+00   0.0000E+00   0.0000E+00   0.0000E+00
     0     0   0.0000E+00   0.0000E+00   0.0000E+00   0.0000E+00   0.0000E+00   0.0000E+00
     0     0   0.0000E+00   0.0000E+00   0.0000E+00   0.0000E+00   0.0000E+00   0.0000E+00
     0     0   0.0000E+00   0.0000E+00   0.0000E+00   0.0000E+00   0.0000E+00   0.0000E+00
     0     0   0.0000E+00   0.0000E+00   0.0000E+00   0.0000E+00   0.0000E+00   0.0000E+00
     0     0   0.0000E+00   0.0000E+00   0.0000E+00   0.0000E+00   0.0000E+00   0.0000E+00
     0     0   0.0000E+00   0.0000E+00   0.0000E+00   0.0000E+00   0.0000E+00   0.0000E+00
     0     0   0.0000E+00   0.0000E+00   0.0000E+00   0.0000E+00   0.0000E+00   0.0000E+00
     0     0   0.0000E+00   0.0000E+00   0.0000E+00   0.0000E+00   0.0000E+00   0.0000E+00
     0     0   0.0000E+00   0.0000E+00   0.0000E+00   0.0000E+00   0.0000E+00   0.0000E+00
     0     0   0.0000E+00   0.0000E+00   0.0000E+00   0.0000E+00   0.0000E+00   0.0000E+00
     0     0   0.0000E+00   0.0000E+00   0.0000E+00   0.0000E+00   0.0000E+00   0.0000E+00
     0     0   0.0000E+00   0.0000E+00   0.0000E+00   0.0000E+00   0.0000E+00   0.0000E+00
     0     0   0.0000E+00   0.0000E+00   0.0000E+00   0.0000E+00   0.0000E+00   0.0000E+00
     0     0   0.0000E+00   0.0000E+00   0.0000E+00   0.0000E+00   0.0000E+00   0.0000E+00
     0     0   0.0000E+00   0.0000E+00   0.0000E+00   0.0000E+00   0.0000E+00   0.0000E+00
     0     0   0.0000E+00   0.0000E+00   0.0000E+00   0.0000E+00   0.0000E+00   0.0000E+00
     0     0   0.0000E+00   0.0000E+00   0.0000E+00   0.0000E+00   0.0000E+00   0.0000E+00
     0     0   0.0000E+00   0.0000E+00   0.0000E+00   0.0000E+00   0.0000E+00   0.0000E+00
     0     0   0.0000E+00   0.0000E+00   0.0000E+00   0.0000E+00   0.0000E+00   0.0000E+00
     0     0   0.0000E+00   0.0000E+00   0.0000E+00   0.0000E+00   0.0000E+00   0.0000E+00
     0     0   0.0000E+00   0.0000E+00   0.0000E+00   0.0000E+00   0.0000E+00   0.0000E+00
     0     0   0.0000E+00   0.0000E+00   0.0000E+00   0.0000E+00   0.0000E+00   0.0000E+00
     0     0   0.0000E+00   0.0000E+00   0.0000E+00   0.0000E+00   0.0000E+00   0.0000E+00
     0     0   0.0000E+00   0.0000E+00   0.0000E+00   0.0000E+00   0.0000E+00   0.0000E+00
     0     0   0.0000E+00   0.0000E+00   0.0000E+00   0.0000E+00   0.0000E+00   0.0000E+00
     0     0   0.0000E+00   0.0000E+00   0.0000E+00   0.0000E+00   0.0000E+00   0.0000E+00
     0     0   0.0000E+00   0.0000E+00   0.0000E+00   0.0000E+00   0.0000E+00   0.0000E+00
     0     0   0.0000E+00   0.0000E+00   0.0000E+00   0.0000E+00   0.0000E+00   0.0000E+00
     0     0   0.0000E+00   0.0000E+00   0.0000E+00   0.0000E+00   0.0000E+00   0.0000E+00
     0     0   0.0000E+00   0.0000E+00   0.0000E+00   0.0000E+00   0.0000E+00   0.0000E+00
     0     0   0.0000E+00   0.0000E+00   0.0000E+00   0.0000E+00   0.0000E+00   0.0000E+00
     0     0   0.0000E+00   0.0000E+00   0.0000E+00   0.0000E+00   0.0000E+00   0.0000E+00
     0     0   0.0000E+00   0.0000E+00   0.0000E+00   0.0000E+00   0.0000E+00   0.0000E+00
     0     0   0.0000E+00   0.0000E+00   0.0000E+00   0.0000E+00   0.0000E+00   0.0000E+00
     0     0   0.0000E+00   0.0000E+00   0.0000E+00   0.0000E+00   0.0000E+00   0.0000E+00
     0     0   0.0000E+00   0.0000E+00   0.0000E+00   0.0000E+00   0.0000E+00   0.0000E+00
     0     0   0.0000E+00   0.0000E+00   0.0000E+00   0.0000E+00   0.0000E+00   0.0000E+00
     0     0   0.0000E+00   0.0000E+00   0.0000E+00   0.0000E+00   0.0000E+00   0.0000E+00
     0     0   0.0000E+00   0.0000E+00   0.0000E+00   0.0000E+00   0.0000E+00   0.0000E+00
     0     0   0.0000E+00   0.0000E+00   0.0000E+00   0.0000E+00   0.0000E+00   0.0000E+00
     0     0   0.0000E+00   0.0000E+00   0.0000E+00   0.0000E+00   0.0000E+00   0.0000E+00
     0     0   0.0000E+00   0.0000E+00   0.0000E+00   0.0000E+00   0.0000E+00   0.0000E+00
     0     0   0.0000E+00   0.0000E+00   0.0000E+00   0.0000E+00   0.0000E+00   0.0000E+00
     0     0   0.0000E+00   0.0000E+00   0.0000E+00   0.0000E+00   0.0000E+00   0.0000E+00
     0     0   0.0000E+00   0.0000E+00   0.0000E+00   0.0000E+00   0.0000E+00   0.0000E+00
     0     0   0.0000E+00   0.0000E+00   0.0000E+00   0.0000E+00   0.0000E+00   0.0000E+00
     0     0   0.0000E+00   0.0000E+00   0.0000E+00   0.0000E+00   0.0000E+00   0.0000E+00
     0     0   0.0000E+00   0.0000E+00   0.0000E+00   0.0000E+00   0.0000E+00   0.0000E+00
     0     0   0.0000E+00   0.0000E+00   0.0000E+00   0.0000E+00   0.0000E+00   0.0000E+00
     0     0   0.0000E+00   0.0000E+00   0.0000E+00   0.0000E+00   0.0000E+00   0.0000E+00
     0     0   0.0000E+00   0.0000E+00   0.0000E+00   0.0000E+00   0.0000E+00   0.0000E+00
     0     0   0.0000E+00   0.0000E+00   0.0000E+00   0.0000E+00   0.0000E+00   0.0000E+00
     0     0   0.0000E+00   0.0000E+00   0.0000E+00   0.0000E+00   0.0000E+00   0.0000E+00
     0     0   0.0000E+00   0.0000E+00   0.0000E+00   0.0000E+00   0.0000E+00   0.0000E+00
     0     0   0.0000E+00   0.0000E+00   0.0000E+00   0.0000E+00   0.0000E+00   0.0000E+00
     0     0   0.0000E+00   0.0000E+00   0.0000E+00   0.0000E+00   0.0000E+00   0.0000E+00
     0     0   0.0000E+00   0.0000E+00   0.0000E+00   0.0000E+00   0.0000E+00   0.0000E+00
     0     0   0.0000E+00   0.0000E+00   0.0000E+00   0.0000E+00   0.0000E+00   0.0000E+00
     0     0   0.0000E+00   0.0000E+00   0.0000E+00   0.0000E+00   0.0000E+00   0.0000E+00
     0     0   0.0000E+00   0.0000E+00   0.0000E+00   0.0000E+00   0.0000E+00   0.0000E+00
     0     0   0.0000E+00   0.0000E+00   0.0000E+00   0.0000E+00   0.0000E+00   0.0000E+00
     0     0   0.0000E+00   0.0000E+00   0.0000E+00   0.0000E+00   0.0000E+00   0.0000E+00
     0     0   0.0000E+00   0.0000E+00   0.0000E+00   0.0000E+00   0.0000E+00   0.0000E+00
     0     0   0.0000E+00   0.0000E+00   0.0000E+00   0.0000E+00   0.0000E+00   0.0000E+00
     0     0   0.0000E+00   0.0000E+00   0.0000E+00   0.0000E+00   0.0000E+00   0.0000E+00
     0     0   0.0000E+00   0.0000E+00   0.0000E+00   0.0000E+00   0.0000E+00   0.0000E+00
     0     0   0.0000E+00   0.0000E+00   0.0000E+00   0.0000E+00   0.0000E+00   0.0000E+00
     0     0   0.0000E+00   0.0000E+00   0.0000E+00   0.0000E+00   0.0000E+00   0.0000E+00
     0     0   0.0000E+00   0.0000E+00   0.0000E+00   0.0000E+00   0.0000E+00   0.0000E+00
     0     0   0.0000E+00   0.0000E+00   0.0000E+00   0.0000E+00   0.0000E+00   0.0000E+00
     0     0   0.0000E+00   0.0000E+00   0.0000E+00   0.0000E+00   0.0000E+00   0.0000E+00
     0     0   0.0000E+00   0.0000E+00   0.0000E+00   0.0000E+00   0.0000E+00   0.0000E+00
     0     0   0.0000E+00   0.0000E+00   0.0000E+00   0.0000E+00   0.0000E+00   0.0000E+00
     0     0   0.0000E+00   0.0000E+00   0.0000E+00   0.0000E+00   0.0000E+00   0.0000E+00
     0     0   0.0000E+00   0.0000E+00   0.0000E+00   0.0000E+00   0.0000E+00   0.0000E+00
     0     0   0.0000E+00   0.0000E+00   0.0000E+00   0.0000E+00   0.0000E+00   0.0000E+00
     0     0   0.0000E+00   0.0000E+00   0.0000E+00   0.0000E+00   0.0000E+00   0.0000E+00
     0     0   0.0000E+00   0.0000E+00   0.0000E+00   0.0000E+00   0.0000E+00   0.0000E+00
     0     0   0.0000E+00   0.0000E+00   0.0000E+00   0.0000E+00   0.0000E+00   0.0000E+00
     0     0   0.0000E+00   0.0000E+00   0.0000E+00   0.0000E+00   0.0000E+00   0.0000E+00
     0     0   0.0000E+00   0.0000E+00   0.0000E+00   0.0000E+00   0.0000E+00   0.0000E+00
     0     0   0.0000E+00   0.0000E+00   0.0000E+00   0.0000E+00   0.0000E+00   0.0000E+00
     0     0   0.0000E+00   0.0000E+00   0.0000E+00   0.0000E+00   0.0000E+00   0.0000E+00
     0     0   0.0000E+00   0.0000E+00   0.0000E+00   0.0000E+00   0.0000E+00   0.0000E+00
     0     0   0.0000E+00   0.0000E+00   0.0000E+00   0.0000E+00   0.0000E+00   0.0000E+00
     0     0   0.0000E+00   0.0000E+00   0.0000E+00   0.0000E+00   0.0000E+00   0.0000E+00
     0     0   0.0000E+00   0.0000E+00   0.0000E+00   0.0000E+00   0.0000E+00   0.0000E+00
     0     0   0.0000E+00   0.0000E+00   0.0000E+00   0.0000E+00   0.0000E+00   0.0000E+00
     0     0   0.0000E+00   0.0000E+00   0.0000E+00   0.0000E+00   0.0000E+00   0.0000E+00
     0     0   0.0000E+00   0.0000E+00   0.0000E+00   0.0000E+00   0.0000E+00   0.0000E+00
     0     0   0.0000E+00   0.0000E+00   0.0000E+00   0.0000E+00   0.0000E+00   0.0000E+00
     0     0   0.0000E+00   0.0000E+00   0.0000E+00   0.0000E+00   0.0000E+00   0.0000E+00
     0     0   0.0000E+00   0.0000E+00   0.0000E+00   0.0000E+00   0.0000E+00   0.0000E+00
     0     0   0.0000E+00   0.0000E+00   0.0000E+00   0.0000E+00   0.0000E+00   0.0000E+00
     0     0   0.0000E+00   0.0000E+00   0.0000E+00   0.0000E+00   0.0000E+00   0.0000E+00
     0     0   0.0000E+00   0.0000E+00   0.0000E+00   0.0000E+00   0.0000E+00   0.0000E+00
     0     0   0.0000E+00   0.0000E+00   0.0000E+00   0.0000E+00   0.0000E+00   0.0000E+00
     0     0   0.0000E+00   0.0000E+00   0.0000E+00   0.0000E+00   0.0000E+00   0.0000E+00
     0     0   0.0000E+00   0.0000E+00   0.0000E+00   0.0000E+00   0.0000E+00   0.0000E+00
     0     0   0.0000E+00   0.0000E+00   0.0000E+00   0.0000E+00   0.0000E+00   0.0000E+00
     0     0   0.0000E+00   0.0000E+00   0.0000E+00   0.0000E+00   0.0000E+00   0.0000E+00
     0     0   0.0000E+00   0.0000E+00   0.0000E+00   0.0000E+00   0.0000E+00   0.0000E+00
     0     0   0.0000E+00   0.0000E+00   0.0000E+00   0.0000E+00   0.0000E+00   0.0000E+00
     0     0   0.0000E+00   0.0000E+00   0.0000E+00   0.0000E+00   0.0000E+00   0.0000E+00
     0     0   0.0000E+00   0.0000E+00   0.0000E+00   0.0000E+00   0.0000E+00   0.0000E+00
     0     0   0.0000E+00   0.0000E+00   0.0000E+00   0.0000E+00   0.0000E+00   0.0000E+00
     0     0   0.0000E+00   0.0000E+00   0.0000E+00   0.0000E+00   0.0000E+00   0.0000E+00
     0     0   0.0000E+00   0.0000E+00   0.0000E+00   0.0000E+00   0.0000E+00   0.0000E+00
     0     0   0.0000E+00   0.0000E+00   0.0000E+00   0.0000E+00   0.0000E+00   0.0000E+00
     0     0   0.0000E+00   0.0000E+00   0.0000E+00   0.0000E+00   0.0000E+00   0.0000E+00
     0     0   0.0000E+00   0.0000E+00   0.0000E+00   0.0000E+00   0.0000E+00   0.0000E+00
     0     0   0.0000E+00   0.0000E+00   0.0000E+00   0.0000E+00   0.0000E+00   0.0000E+00
     0     0   0.0000E+00   0.0000E+00   0.0000E+00   0.0000E+00   0.0000E+00   0.0000E+00
     0     0   0.0000E+00   0.0000E+00   0.0000E+00   0.0000E+00   0.0000E+00   0.0000E+00
     0     0   0.0000E+00   0.0000E+00   0.0000E+00   0.0000E+00   0.0000E+00   0.0000E+00
     0     0   0.0000E+00   0.0000E+00   0.0000E+00   0.0000E+00   0.0000E+00   0.0000E+00
     0     0   0.0000E+00   0.0000E+00   0.0000E+00   0.0000E+00   0.0000E+00   0.0000E+00
     0     0   0.0000E+00   0.0000E+00   0.0000E+00   0.0000E+00   0.0000E+00   0.0000E+00
     0     0   0.0000E+00   0.0000E+00   0.0000E+00   0.0000E+00   0.0000E+00   0.0000E+00
     0     0   0.0000E+00   0.0000E+00   0.0000E+00   0.0000E+00   0.0000E+00   0.0000E+00
     0     0   0.0000E+00   0.0000E+00   0.0000E+00   0.0000E+00   0.0000E+00   0.0000E+00
     0     0   0.0000E+00   0.0000E+00   0.0000E+00   0.0000E+00   0.0000E+00   0.0000E+00
     0     0   0.0000E+00   0.0000E+00   0.0000E+00   0.0000E+00   0.0000E+00   0.0000E+00
     0     0   0.0000E+00   0.0000E+00   0.0000E+00   0.0000E+00   0.0000E+00   0.0000E+00
     0     0   0.0000E+00   0.0000E+00   0.0000E+00   0.0000E+00   0.0000E+00   0.0000E+00
     0     0   0.0000E+00   0.0000E+00   0.0000E+00   0.0000E+00   0.0000E+00   0.0000E+00
     0     0   0.0000E+00   0.0000E+00   0.0000E+00   0.0000E+00   0.0000E+00   0.0000E+00
     0     0   0.0000E+00   0.0000E+00   0.0000E+00   0.0000E+00   0.0000E+00   0.0000E+00
     0     0   0.0000E+00   0.0000E+00   0.0000E+00   0.0000E+00   0.0000E+00   0.0000E+00
     0     0   0.0000E+00   0.0000E+00   0.0000E+00   0.0000E+00   0.0000E+00   0.0000E+00
     0     0   0.0000E+00   0.0000E+00   0.0000E+00   0.0000E+00   0.0000E+00   0.0000E+00
     0     0   0.0000E+00   0.0000E+00   0.0000E+00   0.0000E+00   0.0000E+00   0.0000E+00
     0     0   0.0000E+00   0.0000E+00   0.0000E+00   0.0000E+00   0.0000E+00   0.0000E+00
     0     0   0.0000E+00   0.0000E+00   0.0000E+00   0.0000E+00   0.0000E+00   0.0000E+00
     0     0   0.0000E+00   0.0000E+00   0.0000E+00   0.0000E+00   0.0000E+00   0.0000E+00
     0     0   0.0000E+00   0.0000E+00   0.0000E+00   0.0000E+00   0.0000E+00   0.0000E+00
     0     0   0.0000E+00   0.0000E+00   0.0000E+00   0.0000E+00   0.0000E+00   0.0000E+00
     0     0   0.0000E+00   0.0000E+00   0.0000E+00   0.0000E+00   0.0000E+00   0.0000E+00
     0     0   0.0000E+00   0.0000E+00   0.0000E+00   0.0000E+00   0.0000E+00   0.0000E+00
     0     0   0.0000E+00   0.0000E+00   0.0000E+00   0.0000E+00   0.0000E+00   0.0000E+00
     0     0   0.0000E+00   0.0000E+00   0.0000E+00   0.0000E+00   0.0000E+00   0.0000E+00
     0     0   0.0000E+00   0.0000E+00   0.0000E+00   0.0000E+00   0.0000E+00   0.0000E+00
     0     0   0.0000E+00   0.0000E+00   0.0000E+00   0.0000E+00   0.0000E+00   0.0000E+00
     0     0   0.0000E+00   0.0000E+00   0.0000E+00   0.0000E+00   0.0000E+00   0.0000E+00
     0     0   0.0000E+00   0.0000E+00   0.0000E+00   0.0000E+00   0.0000E+00   0.0000E+00
     0     0   0.0000E+00   0.0000E+00   0.0000E+00   0.0000E+00   0.0000E+00   0.0000E+00
     0     0   0.0000E+00   0.0000E+00   0.0000E+00   0.0000E+00   0.0000E+00   0.0000E+00
     0     0   0.0000E+00   0.0000E+00   0.0000E+00   0.0000E+00   0.0000E+00   0.0000E+00
     0     0   0.0000E+00   0.0000E+00   0.0000E+00   0.0000E+00   0.0000E+00   0.0000E+00
     0     0   0.0000E+00   0.0000E+00   0.0000E+00   0.0000E+00   0.0000E+00   0.0000E+00
     0     0   0.0000E+00   0.0000E+00   0.0000E+00   0.0000E+00   0.0000E+00   0.0000E+00
     0     0   0.0000E+00   0.0000E+00   0.0000E+00   0.0000E+00   0.0000E+00   0.0000E+00
     0     0   0.0000E+00   0.0000E+00   0.0000E+00   0.0000E+00   0.0000E+00   0.0000E+00
     0     0   0.0000E+00   0.0000E+00   0.0000E+00   0.0000E+00   0.0000E+00   0.0000E+00
     0     0   0.0000E+00   0.0000E+00   0.0000E+00   0.0000E+00   0.0000E+00   0.0000E+00
     0     0   0.0000E+00   0.0000E+00   0.0000E+00   0.0000E+00   0.0000E+00   0.0000E+00
     0     0   0.0000E+00   0.0000E+00   0.0000E+00   0.0000E+00   0.0000E+00   0.0000E+00
     0     0   0.0000E+00   0.0000E+00   0.0000E+00   0.0000E+00   0.0000E+00   0.0000E+00
     0     0   0.0000E+00   0.0000E+00   0.0000E+00   0.0000E+00   0.0000E+00   0.0000E+00
     0     0   0.0000E+00   0.0000E+00   0.0000E+00   0.0000E+00   0.0000E+00   0.0000E+00
     0     0   0.0000E+00   0.0000E+00   0.0000E+00   0.0000E+00   0.0000E+00   0.0000E+00
     0     0   0.0000E+00   0.0000E+00   0.0000E+00   0.0000E+00   0.0000E+00   0.0000E+00
     0     0   0.0000E+00   0.0000E+00   0.0000E+00   0.0000E+00   0.0000E+00   0.0000E+00
     0     0   0.0000E+00   0.0000E+00   0.0000E+00   0.0000E+00   0.0000E+00   0.0000E+00
     0     0   0.0000E+00   0.0000E+00   0.0000E+00   0.0000E+00   0.0000E+00   0.0000E+00
     0     0   0.0000E+00   0.0000E+00   0.0000E+00   0.0000E+00   0.0000E+00   0.0000E+00
     0     0   0.0000E+00   0.0000E+00   0.0000E+00   0.0000E+00   0.0000E+00   0.0000E+00
     0     0   0.0000E+00   0.0000E+00   0.0000E+00   0.0000E+00   0.0000E+00   0.0000E+00
     0     0   0.0000E+00   0.0000E+00   0.0000E+00   0.0000E+00   0.0000E+00   0.0000E+00
     0     0   0.0000E+00   0.0000E+00   0.0000E+00   0.0000E+00   0.0000E+00   0.0000E+00
     0     0   0.0000E+00   0.0000E+00   0.0000E+00   0.0000E+00   0.0000E+00   0.0000E+00
     0     0   0.0000E+00   0.0000E+00   0.0000E+00   0.0000E+00   0.0000E+00   0.0000E+00
     0     0   0.0000E+00   0.0000E+00   0.0000E+00   0.0000E+00   0.0000E+00   0.0000E+00
     0     0   0.0000E+00   0.0000E+00   0.0000E+00   0.0000E+00   0.0000E+00   0.0000E+00
     0     0   0.0000E+00   0.0000E+00   0.0000E+00   0.0000E+00   0.0000E+00   0.0000E+00
     0     0   0.0000E+00   0.0000E+00   0.0000E+00   0.0000E+00   0.0000E+00   0.0000E+00
     0     0   0.0000E+00   0.0000E+00   0.0000E+00   0.0000E+00   0.0000E+00   0.0000E+00
     0     0   0.0000E+00   0.0000E+00   0.0000E+00   0.0000E+00   0.0000E+00   0.0000E+00
     0     0   0.0000E+00   0.0000E+00   0.0000E+00   0.0000E+00   0.0000E+00   0.0000E+00
     0     0   0.0000E+00   0.0000E+00   0.0000E+00   0.0000E+00   0.0000E+00   0.0000E+00
     0     0   0.0000E+00   0.0000E+00   0.0000E+00   0.0000E+00   0.0000E+00   0.0000E+00
     0     0   0.0000E+00   0.0000E+00   0.0000E+00   0.0000E+00   0.0000E+00   0.0000E+00
     0     0   0.0000E+00   0.0000E+00   0.0000E+00   0.0000E+00   0.0000E+00   0.0000E+00
     0     0   0.0000E+00   0.0000E+00   0.0000E+00   0.0000E+00   0.0000E+00   0.0000E+00
     0     0   0.0000E+00   0.0000E+00   0.0000E+00   0.0000E+00   0.0000E+00   0.0000E+00
     0     0   0.0000E+00   0.0000E+00   0.0000E+00   0.0000E+00   0.0000E+00   0.0000E+00
     0     0   0.0000E+00   0.0000E+00   0.0000E+00   0.0000E+00   0.0000E+00   0.0000E+00
     0     0   0.0000E+00   0.0000E+00   0.0000E+00   0.0000E+00   0.0000E+00   0.0000E+00
     0     0   0.0000E+00   0.0000E+00   0.0000E+00   0.0000E+00   0.0000E+00   0.0000E+00
     0     0   0.0000E+00   0.0000E+00   0.0000E+00   0.0000E+00   0.0000E+00   0.0000E+00
     0     0   0.0000E+00   0.0000E+00   0.0000E+00   0.0000E+00   0.0000E+00   0.0000E+00
     0     0   0.0000E+00   0.0000E+00   0.0000E+00   0.0000E+00   0.0000E+00   0.0000E+00
     0     0   0.0000E+00   0.0000E+00   0.0000E+00   0.0000E+00   0.0000E+00   0.0000E+00
     0     0   0.0000E+00   0.0000E+00   0.0000E+00   0.0000E+00   0.0000E+00   0.0000E+00
     0     0   0.0000E+00   0.0000E+00   0.0000E+00   0.0000E+00   0.0000E+00   0.0000E+00
     0     0   0.0000E+00   0.0000E+00   0.0000E+00   0.0000E+00   0.0000E+00   0.0000E+00
     0     0   0.0000E+00   0.0000E+00   0.0000E+00   0.0000E+00   0.0000E+00   0.0000E+00
     0     0   0.0000E+00   0.0000E+00   0.0000E+00   0.0000E+00   0.0000E+00   0.0000E+00
     0     0   0.0000E+00   0.0000E+00   0.0000E+00   0.0000E+00   0.0000E+00   0.0000E+00
     0     0   0.0000E+00   0.0000E+00   0.0000E+00   0.0000E+00   0.0000E+00   0.0000E+00
     0     0   0.0000E+00   0.0000E+00   0.0000E+00   0.0000E+00   0.0000E+00   0.0000E+00
     0     0   0.0000E+00   0.0000E+00   0.0000E+00   0.0000E+00   0.0000E+00   0.0000E+00
     0     0   0.0000E+00   0.0000E+00   0.0000E+00   0.0000E+00   0.0000E+00   0.0000E+00
     0     0   0.0000E+00   0.0000E+00   0.0000E+00   0.0000E+00   0.0000E+00   0.0000E+00
     0     0   0.0000E+00   0.0000E+00   0.0000E+00   0.0000E+00   0.0000E+00   0.0000E+00
     0     0   0.0000E+00   0.0000E+00   0.0000E+00   0.0000E+00   0.0000E+00   0.0000E+00
     0     0   0.0000E+00   0.0000E+00   0.0000E+00   0.0000E+00   0.0000E+00   0.0000E+00
     0     0   0.0000E+00   0.0000E+00   0.0000E+00   0.0000E+00   0.0000E+00   0.0000E+00
     0     0   0.0000E+00   0.0000E+00   0.0000E+00   0.0000E+00   0.0000E+00   0.0000E+00
     0     0   0.0000E+00   0.0000E+00   0.0000E+00   0.0000E+00   0.0000E+00   0.0000E+00
     0     0   0.0000E+00   0.0000E+00   0.0000E+00   0.0000E+00   0.0000E+00   0.0000E+00
     0     0   0.0000E+00   0.0000E+00   0.0000E+00   0.0000E+00   0.0000E+00   0.0000E+00
     0     0   0.0000E+00   0.0000E+00   0.0000E+00   0.0000E+00   0.0000E+00   0.0000E+00
     0     0   0.0000E+00   0.0000E+00   0.0000E+00   0.0000E+00   0.0000E+00   0.0000E+00
     0     0   0.0000E+00   0.0000E+00   0.0000E+00   0.0000E+00   0.0000E+00   0.0000E+00
     0     0   0.0000E+00   0.0000E+00   0.0000E+00   0.0000E+00   0.0000E+00   0.0000E+00
     0     0   0.0000E+00   0.0000E+00   0.0000E+00   0.0000E+00   0.0000E+00   0.0000E+00
     0     0   0.0000E+00   0.0000E+00   0.0000E+00   0.0000E+00   0.0000E+00   0.0000E+00
     0     0   0.0000E+00   0.0000E+00   0.0000E+00   0.0000E+00   0.0000E+00   0.0000E+00
     0     0   0.0000E+00   0.0000E+00   0.0000E+00   0.0000E+00   0.0000E+00   0.0000E+00
     0     0   0.0000E+00   0.0000E+00   0.0000E+00   0.0000E+00   0.0000E+00   0.0000E+00
     0     0   0.0000E+00   0.0000E+00   0.0000E+00   0.0000E+00   0.0000E+00   0.0000E+00
     0     0   0.0000E+00   0.0000E+00   0.0000E+00   0.0000E+00   0.0000E+00   0.0000E+00
     0     0   0.0000E+00   0.0000E+00   0.0000E+00   0.0000E+00   0.0000E+00   0.0000E+00
     0     0   0.0000E+00   0.0000E+00   0.0000E+00   0.0000E+00   0.0000E+00   0.0000E+00
     0     0   0.0000E+00   0.0000E+00   0.0000E+00   0.0000E+00   0.0000E+00   0.0000E+00
     0     0   0.0000E+00   0.0000E+00   0.0000E+00   0.0000E+00   0.0000E+00   0.0000E+00
     0     0   0.0000E+00   0.0000E+00   0.0000E+00   0.0000E+00   0.0000E+00   0.0000E+00
     0     0   0.0000E+00   0.0000E+00   0.0000E+00   0.0000E+00   0.0000E+00   0.0000E+00
     0     0   0.0000E+00   0.0000E+00   0.0000E+00   0.0000E+00   0.0000E+00   0.0000E+00
     0     0   0.0000E+00   0.0000E+00   0.0000E+00   0.0000E+00   0.0000E+00   0.0000E+00
     0     0   0.0000E+00   0.0000E+00   0.0000E+00   0.0000E+00   0.0000E+00   0.0000E+00
     0     0   0.0000E+00   0.0000E+00   0.0000E+00   0.0000E+00   0.0000E+00   0.0000E+00
     0     0   0.0000E+00   0.0000E+00   0.0000E+00   0.0000E+00   0.0000E+00   0.0000E+00
     0     0   0.0000E+00   0.0000E+00   0.0000E+00   0.0000E+00   0.0000E+00   0.0000E+00
     0     0   0.0000E+00   0.0000E+00   0.0000E+00   0.0000E+00   0.0000E+00   0.0000E+00
     0     0   0.0000E+00   0.0000E+00   0.0000E+00   0.0000E+00   0.0000E+00   0.0000E+00
     0     0   0.0000E+00   0.0000E+00   0.0000E+00   0.0000E+00   0.0000E+00   0.0000E+00
     0     0   0.0000E+00   0.0000E+00   0.0000E+00   0.0000E+00   0.0000E+00   0.0000E+00
     0     0   0.0000E+00   0.0000E+00   0.0000E+00   0.0000E+00   0.0000E+00   0.0000E+00
     0     0   0.0000E+00   0.0000E+00   0.0000E+00   0.0000E+00   0.0000E+00   0.0000E+00
     0     0   0.0000E+00   0.0000E+00   0.0000E+00   0.0000E+00   0.0000E+00   0.0000E+00
     0     0   0.0000E+00   0.0000E+00   0.0000E+00   0.0000E+00   0.0000E+00   0.0000E+00
     0     0   0.0000E+00   0.0000E+00   0.0000E+00   0.0000E+00   0.0000E+00   0.0000E+00
     0     0   0.0000E+00   0.0000E+00   0.0000E+00   0.0000E+00   0.0000E+00   0.0000E+00
     0     0   0.0000E+00   0.0000E+00   0.0000E+00   0.0000E+00   0.0000E+00   0.0000E+00
     0     0   0.0000E+00   0.0000E+00   0.0000E+00   0.0000E+00   0.0000E+00   0.0000E+00
     0     0   0.0000E+00   0.0000E+00   0.0000E+00   0.0000E+00   0.0000E+00   0.0000E+00
     0     0   0.0000E+00   0.0000E+00   0.0000E+00   0.0000E+00   0.0000E+00   0.0000E+00
     0     0   0.0000E+00   0.0000E+00   0.0000E+00   0.0000E+00   0.0000E+00   0.0000E+00
     0     0   0.0000E+00   0.0000E+00   0.0000E+00   0.0000E+00   0.0000E+00   0.0000E+00
     0     0   0.0000E+00   0.0000E+00   0.0000E+00   0.0000E+00   0.0000E+00   0.0000E+00
     0     0   0.0000E+00   0.0000E+00   0.0000E+00   0.0000E+00   0.0000E+00   0.0000E+00
     0     0   0.0000E+00   0.0000E+00   0.0000E+00   0.0000E+00   0.0000E+00   0.0000E+00
     0     0   0.0000E+00   0.0000E+00   0.0000E+00   0.0000E+00   0.0000E+00   0.0000E+00
     0     0   0.0000E+00   0.0000E+00   0.0000E+00   0.0000E+00   0.0000E+00   0.0000E+00
     0     0   0.0000E+00   0.0000E+00   0.0000E+00   0.0000E+00   0.0000E+00   0.0000E+00
     0     0   0.0000E+00   0.0000E+00   0.0000E+00   0.0000E+00   0.0000E+00   0.0000E+00
     0     0   0.0000E+00   0.0000E+00   0.0000E+00   0.0000E+00   0.0000E+00   0.0000E+00
     0     0   0.0000E+00   0.0000E+00   0.0000E+00   0.0000E+00   0.0000E+00   0.0000E+00
     0     0   0.0000E+00   0.0000E+00   0.0000E+00   0.0000E+00   0.0000E+00   0.0000E+00
     0     0   0.0000E+00   0.0000E+00   0.0000E+00   0.0000E+00   0.0000E+00   0.0000E+00
     0     0   0.0000E+00   0.0000E+00   0.0000E+00   0.0000E+00   0.0000E+00   0.0000E+00
     0     0   0.0000E+00   0.0000E+00   0.0000E+00   0.0000E+00   0.0000E+00   0.0000E+00
     0     0   0.0000E+00   0.0000E+00   0.0000E+00   0.0000E+00   0.0000E+00   0.0000E+00
     0     0   0.0000E+00   0.0000E+00   0.0000E+00   0.0000E+00   0.0000E+00   0.0000E+00
     0     0   0.0000E+00   0.0000E+00   0.0000E+00   0.0000E+00   0.0000E+00   0.0000E+00
     0     0   0.0000E+00   0.0000E+00   0.0000E+00   0.0000E+00   0.0000E+00   0.0000E+00
     0     0   0.0000E+00   0.0000E+00   0.0000E+00   0.0000E+00   0.0000E+00   0.0000E+00
     0     0   0.0000E+00   0.0000E+00   0.0000E+00   0.0000E+00   0.0000E+00   0.0000E+00
     0     0   0.0000E+00   0.0000E+00   0.0000E+00   0.0000E+00   0.0000E+00   0.0000E+00
     0     0   0.0000E+00   0.0000E+00   0.0000E+00   0.0000E+00   0.0000E+00   0.0000E+00
     0     0   0.0000E+00   0.0000E+00   0.0000E+00   0.0000E+00   0.0000E+00   0.0000E+00
     0     0   0.0000E+00   0.0000E+00   0.0000E+00   0.0000E+00   0.0000E+00   0.0000E+00
     0     0   0.0000E+00   0.0000E+00   0.0000E+00   0.0000E+00   0.0000E+00   0.0000E+00
     0     0   0.0000E+00   0.0000E+00   0.0000E+00   0.0000E+00   0.0000E+00   0.0000E+00
     0     0   0.0000E+00   0.0000E+00   0.0000E+00   0.0000E+00   0.0000E+00   0.0000E+00
     0     0   0.0000E+00   0.0000E+00   0.0000E+00   0.0000E+00   0.0000E+00   0.0000E+00
     0     0   0.0000E+00   0.0000E+00   0.0000E+00   0.0000E+00   0.0000E+00   0.0000E+00
     0     0   0.0000E+00   0.0000E+00   0.0000E+00   0.0000E+00   0.0000E+00   0.0000E+00
     0     0   0.0000E+00   0.0000E+00   0.0000E+00   0.0000E+00   0.0000E+00   0.0000E+00
     0     0   0.0000E+00   0.0000E+00   0.0000E+00   0.0000E+00   0.0000E+00   0.0000E+00
     0     0   0.0000E+00   0.0000E+00   0.0000E+00   0.0000E+00   0.0000E+00   0.0000E+00
     0     0   0.0000E+00   0.0000E+00   0.0000E+00   0.0000E+00   0.0000E+00   0.0000E+00
     0     0   0.0000E+00   0.0000E+00   0.0000E+00   0.0000E+00   0.0000E+00   0.0000E+00
     0     0   0.0000E+00   0.0000E+00   0.0000E+00   0.0000E+00   0.0000E+00   0.0000E+00
     0     0   0.0000E+00   0.0000E+00   0.0000E+00   0.0000E+00   0.0000E+00   0.0000E+00
     0     0   0.0000E+00   0.0000E+00   0.0000E+00   0.0000E+00   0.0000E+00   0.0000E+00
     0     0   0.0000E+00   0.0000E+00   0.0000E+00   0.0000E+00   0.0000E+00   0.0000E+00
     0     0   0.0000E+00   0.0000E+00   0.0000E+00   0.0000E+00   0.0000E+00   0.0000E+00
     0     0   0.0000E+00   0.0000E+00   0.0000E+00   0.0000E+00   0.0000E+00   0.0000E+00
     0     0   0.0000E+00   0.0000E+00   0.0000E+00   0.0000E+00   0.0000E+00   0.0000E+00
     0     0   0.0000E+00   0.0000E+00   0.0000E+00   0.0000E+00   0.0000E+00   0.0000E+00
     0     0   0.0000E+00   0.0000E+00   0.0000E+00   0.0000E+00   0.0000E+00   0.0000E+00
     0     0   0.0000E+00   0.0000E+00   0.0000E+00   0.0000E+00   0.0000E+00   0.0000E+00
     0     0   0.0000E+00   0.0000E+00   0.0000E+00   0.0000E+00   0.0000E+00   0.0000E+00
     0     0   0.0000E+00   0.0000E+00   0.0000E+00   0.0000E+00   0.0000E+00   0.0000E+00
     0     0   0.0000E+00   0.0000E+00   0.0000E+00   0.0000E+00   0.0000E+00   0.0000E+00
     0     0   0.0000E+00   0.0000E+00   0.0000E+00   0.0000E+00   0.0000E+00   0.0000E+00
     0     0   0.0000E+00   0.0000E+00   0.0000E+00   0.0000E+00   0.0000E+00   0.0000E+00
     0     0   0.0000E+00   0.0000E+00   0.0000E+00   0.0000E+00   0.0000E+00   0.0000E+00
     0     0   0.0000E+00   0.0000E+00   0.0000E+00   0.0000E+00   0.0000E+00   0.0000E+00
     0     0   0.0000E+00   0.0000E+00   0.0000E+00   0.0000E+00   0.0000E+00   0.0000E+00
     0     0   2.3835E+12   7.1928E-01   8.2741E-07   7.0891E-01   0.0000E+00   0.0000E+00
     0     0   0.0000E+00   0.0000E+00   0.0000E+00   0.0000E+00   0.0000E+00   0.0000E+00
     0     0   0.0000E+00   0.0000E+00   0.0000E+00   0.0000E+00   0.0000E+00   0.0000E+00
     0     0   0.0000E+00   0.0000E+00   0.0000E+00   0.0000E+00   0.0000E+00   0.0000E+00
     0     0   0.0000E+00   0.0000E+00   0.0000E+00   0.0000E+00   0.0000E+00   0.0000E+00
     0     0   0.0000E+00   0.0000E+00   0.0000E+00   0.0000E+00   0.0000E+00   0.0000E+00
     0     0   0.0000E+00   0.0000E+00   0.0000E+00   0.0000E+00   0.0000E+00   0.0000E+00
     0     0   0.0000E+00   0.0000E+00   0.0000E+00   0.0000E+00   0.0000E+00   0.0000E+00
     0     0   0.0000E+00   0.0000E+00   0.0000E+00   0.0000E+00   0.0000E+00   0.0000E+00
     0     0   0.0000E+00   0.0000E+00   0.0000E+00   0.0000E+00   0.0000E+00   0.0000E+00
     0     0   0.0000E+00   0.0000E+00   0.0000E+00   0.0000E+00   0.0000E+00   0.0000E+00
     0     0   0.0000E+00   0.0000E+00   0.0000E+00   0.0000E+00   0.0000E+00   0.0000E+00
     0     0   0.0000E+00   0.0000E+00   0.0000E+00   0.0000E+00   0.0000E+00   0.0000E+00
     0     0   0.0000E+00   0.0000E+00   0.0000E+00   0.0000E+00   0.0000E+00   0.0000E+00
     0     0   0.0000E+00   0.0000E+00   0.0000E+00   0.0000E+00   0.0000E+00   0.0000E+00
     0     0   0.0000E+00   0.0000E+00   0.0000E+00   0.0000E+00   0.0000E+00   0.0000E+00
     0     0   0.0000E+00   0.0000E+00   0.0000E+00   0.0000E+00   0.0000E+00   0.0000E+00
     0     0   0.0000E+00   0.0000E+00   0.0000E+00   0.0000E+00   0.0000E+00   0.0000E+00
     0     0   0.0000E+00   0.0000E+00   0.0000E+00   0.0000E+00   0.0000E+00   0.0000E+00
     0     0   0.0000E+00   0.0000E+00   0.0000E+00   0.0000E+00   0.0000E+00   0.0000E+00
     0     0   0.0000E+00   0.0000E+00   0.0000E+00   0.0000E+00   0.0000E+00   0.0000E+00
     0     0   0.0000E+00   0.0000E+00   0.0000E+00   0.0000E+00   0.0000E+00   0.0000E+00
     0     0   0.0000E+00   0.0000E+00   0.0000E+00   0.0000E+00   0.0000E+00   0.0000E+00
     0     0   0.0000E+00   0.0000E+00   0.0000E+00   0.0000E+00   0.0000E+00   0.0000E+00
     0     0   0.0000E+00   0.0000E+00   0.0000E+00   0.0000E+00   0.0000E+00   0.0000E+00
     0     0   0.0000E+00   0.0000E+00   0.0000E+00   0.0000E+00   0.0000E+00   0.0000E+00
     0     0   0.0000E+00   0.0000E+00   0.0000E+00   0.0000E+00   0.0000E+00   0.0000E+00
     0     0   0.0000E+00   0.0000E+00   0.0000E+00   0.0000E+00   0.0000E+00   0.0000E+00
     0     0   0.0000E+00   0.0000E+00   0.0000E+00   0.0000E+00   0.0000E+00   0.0000E+00
     0     0   3.9639E+11   1.0000E+00   3.6963E-07   1.0000E+00   0.0000E+00   0.0000E+00
     0     0   0.0000E+00   0.0000E+00   0.0000E+00   0.0000E+00   0.0000E+00   0.0000E+00
     0     0   0.0000E+00   0.0000E+00   0.0000E+00   0.0000E+00   0.0000E+00   0.0000E+00
     0     0   0.0000E+00   0.0000E+00   0.0000E+00   0.0000E+00   0.0000E+00   0.0000E+00
     0     0   0.0000E+00   0.0000E+00   0.0000E+00   0.0000E+00   0.0000E+00   0.0000E+00
     0     0   0.0000E+00   0.0000E+00   0.0000E+00   0.0000E+00   0.0000E+00   0.0000E+00
     0     0   0.0000E+00   0.0000E+00   0.0000E+00   0.0000E+00   0.0000E+00   0.0000E+00
     0     0   0.0000E+00   0.0000E+00   0.0000E+00   0.0000E+00   0.0000E+00   0.0000E+00
     0     0   0.0000E+00   0.0000E+00   0.0000E+00   0.0000E+00   0.0000E+00   0.0000E+00
     0     0   0.0000E+00   0.0000E+00   0.0000E+00   0.0000E+00   0.0000E+00   0.0000E+00
     0     0   0.0000E+00   0.0000E+00   0.0000E+00   0.0000E+00   0.0000E+00   0.0000E+00
     0     0   0.0000E+00   0.0000E+00   0.0000E+00   0.0000E+00   0.0000E+00   0.0000E+00
     0     0   0.0000E+00   0.0000E+00   0.0000E+00   0.0000E+00   0.0000E+00   0.0000E+00
     0     0   0.0000E+00   0.0000E+00   0.0000E+00   0.0000E+00   0.0000E+00   0.0000E+00
     0     0   0.0000E+00   0.0000E+00   0.0000E+00   0.0000E+00   0.0000E+00   0.0000E+00
     0     0   0.0000E+00   0.0000E+00   0.0000E+00   0.0000E+00   0.0000E+00   0.0000E+00
     0     0   0.0000E+00   0.0000E+00   0.0000E+00   0.0000E+00   0.0000E+00   0.0000E+00
     0     0   0.0000E+00   0.0000E+00   0.0000E+00   0.0000E+00   0.0000E+00   0.0000E+00
     0     0   0.0000E+00   0.0000E+00   0.0000E+00   0.0000E+00   0.0000E+00   0.0000E+00
     0     0   0.0000E+00   0.0000E+00   0.0000E+00   0.0000E+00   0.0000E+00   0.0000E+00
     0     0   0.0000E+00   0.0000E+00   0.0000E+00   0.0000E+00   0.0000E+00   0.0000E+00
     0     0   0.0000E+00   0.0000E+00   0.0000E+00   0.0000E+00   0.0000E+00   0.0000E+00
     0     0   0.0000E+00   0.0000E+00   0.0000E+00   0.0000E+00   0.0000E+00   0.0000E+00
     0     0   0.0000E+00   0.0000E+00   0.0000E+00   0.0000E+00   0.0000E+00   0.0000E+00
     0     0   0.0000E+00   0.0000E+00   0.0000E+00   0.0000E+00   0.0000E+00   0.0000E+00
     0     0   0.0000E+00   0.0000E+00   0.0000E+00   0.0000E+00   0.0000E+00   0.0000E+00
     0     0   0.0000E+00   0.0000E+00   0.0000E+00   0.0000E+00   0.0000E+00   0.0000E+00
     0     0   0.0000E+00   0.0000E+00   0.0000E+00   0.0000E+00   0.0000E+00   0.0000E+00
     0     0   1.6987E+12   8.5368E-01   1.0502E-07   6.3110E-01   0.0000E+00   0.0000E+00
     0     0   1.2429E+13   9.8005E-01   5.6568E-07   9.6588E-01   0.0000E+00   0.0000E+00
     0     0   0.0000E+00   0.0000E+00   0.0000E+00   0.0000E+00   0.0000E+00   0.0000E+00
     0     0   0.0000E+00   0.0000E+00   0.0000E+00   0.0000E+00   0.0000E+00   0.0000E+00
     0     0   0.0000E+00   0.0000E+00   0.0000E+00   0.0000E+00   0.0000E+00   0.0000E+00
     0     0   0.0000E+00   0.0000E+00   0.0000E+00   0.0000E+00   0.0000E+00   0.0000E+00
     0     0   0.0000E+00   0.0000E+00   0.0000E+00   0.0000E+00   0.0000E+00   0.0000E+00
     0     0   0.0000E+00   0.0000E+00   0.0000E+00   0.0000E+00   0.0000E+00   0.0000E+00
     0     0   0.0000E+00   0.0000E+00   0.0000E+00   0.0000E+00   0.0000E+00   0.0000E+00
     0     0   0.0000E+00   0.0000E+00   0.0000E+00   0.0000E+00   0.0000E+00   0.0000E+00
     0     0   0.0000E+00   0.0000E+00   0.0000E+00   0.0000E+00   0.0000E+00   0.0000E+00
     0     0   0.0000E+00   0.0000E+00   0.0000E+00   0.0000E+00   0.0000E+00   0.0000E+00
     0     0   0.0000E+00   0.0000E+00   0.0000E+00   0.0000E+00   0.0000E+00   0.0000E+00
     0     0   0.0000E+00   0.0000E+00   0.0000E+00   0.0000E+00   0.0000E+00   0.0000E+00
     0     0   0.0000E+00   0.0000E+00   0.0000E+00   0.0000E+00   0.0000E+00   0.0000E+00
     0     0   0.0000E+00   0.0000E+00   0.0000E+00   0.0000E+00   0.0000E+00   0.0000E+00
     0     0   0.0000E+00   0.0000E+00   0.0000E+00   0.0000E+00   0.0000E+00   0.0000E+00
     0     0   0.0000E+00   0.0000E+00   0.0000E+00   0.0000E+00   0.0000E+00   0.0000E+00
     0     0   0.0000E+00   0.0000E+00   0.0000E+00   0.0000E+00   0.0000E+00   0.0000E+00
     0     0   0.0000E+00   0.0000E+00   0.0000E+00   0.0000E+00   0.0000E+00   0.0000E+00
     0     0   0.0000E+00   0.0000E+00   0.0000E+00   0.0000E+00   0.0000E+00   0.0000E+00
     0     0   0.0000E+00   0.0000E+00   0.0000E+00   0.0000E+00   0.0000E+00   0.0000E+00
     0     0   0.0000E+00   0.0000E+00   0.0000E+00   0.0000E+00   0.0000E+00   0.0000E+00
     0     0   0.0000E+00   0.0000E+00   0.0000E+00   0.0000E+00   0.0000E+00   0.0000E+00
     0     0   0.0000E+00   0.0000E+00   0.0000E+00   0.0000E+00   0.0000E+00   0.0000E+00
     0     0   0.0000E+00   0.0000E+00   0.0000E+00   0.0000E+00   0.0000E+00   0.0000E+00
     0     0   0.0000E+00   0.0000E+00   0.0000E+00   0.0000E+00   0.0000E+00   0.0000E+00
     0     0   0.0000E+00   0.0000E+00   0.0000E+00   0.0000E+00   0.0000E+00   0.0000E+00
     0     0   0.0000E+00   0.0000E+00   0.0000E+00   0.0000E+00   0.0000E+00   0.0000E+00
     0     0   0.0000E+00   0.0000E+00   0.0000E+00   0.0000E+00   0.0000E+00   0.0000E+00
     0     0   0.0000E+00   0.0000E+00   0.0000E+00   0.0000E+00   0.0000E+00   0.0000E+00
     0     0   0.0000E+00   0.0000E+00   0.0000E+00   0.0000E+00   0.0000E+00   0.0000E+00
     0     0   0.0000E+00   0.0000E+00   0.0000E+00   0.0000E+00   0.0000E+00   0.0000E+00
     0     0   0.0000E+00   0.0000E+00   0.0000E+00   0.0000E+00   0.0000E+00   0.0000E+00
     0     0   0.0000E+00   0.0000E+00   0.0000E+00   0.0000E+00   0.0000E+00   0.0000E+00
     0     0   0.0000E+00   0.0000E+00   0.0000E+00   0.0000E+00   0.0000E+00   0.0000E+00
     0     0   5.0324E+12   6.0467E-01   2.6346E-06   9.0347E-01   0.0000E+00   0.0000E+00
     0     0   3.4903E+12   7.0210E-01   7.9705E-06   9.8660E-01   0.0000E+00   0.0000E+00
     0     0   0.0000E+00   0.0000E+00   0.0000E+00   0.0000E+00   0.0000E+00   0.0000E+00
     0     0   0.0000E+00   0.0000E+00   0.0000E+00   0.0000E+00   0.0000E+00   0.0000E+00
     0     0   0.0000E+00   0.0000E+00   0.0000E+00   0.0000E+00   0.0000E+00   0.0000E+00
     0     0   0.0000E+00   0.0000E+00   0.0000E+00   0.0000E+00   0.0000E+00   0.0000E+00
     0     0   0.0000E+00   0.0000E+00   0.0000E+00   0.0000E+00   0.0000E+00   0.0000E+00
     0     0   0.0000E+00   0.0000E+00   0.0000E+00   0.0000E+00   0.0000E+00   0.0000E+00
     0     0   0.0000E+00   0.0000E+00   0.0000E+00   0.0000E+00   0.0000E+00   0.0000E+00
     0     0   0.0000E+00   0.0000E+00   0.0000E+00   0.0000E+00   0.0000E+00   0.0000E+00
     0     0   0.0000E+00   0.0000E+00   0.0000E+00   0.0000E+00   0.0000E+00   0.0000E+00
     0     0   0.0000E+00   0.0000E+00   0.0000E+00   0.0000E+00   0.0000E+00   0.0000E+00
     0     0   0.0000E+00   0.0000E+00   0.0000E+00   0.0000E+00   0.0000E+00   0.0000E+00
     0     0   0.0000E+00   0.0000E+00   0.0000E+00   0.0000E+00   0.0000E+00   0.0000E+00
     0     0   0.0000E+00   0.0000E+00   0.0000E+00   0.0000E+00   0.0000E+00   0.0000E+00
     0     0   0.0000E+00   0.0000E+00   0.0000E+00   0.0000E+00   0.0000E+00   0.0000E+00
     0     0   0.0000E+00   0.0000E+00   0.0000E+00   0.0000E+00   0.0000E+00   0.0000E+00
     0     0   0.0000E+00   0.0000E+00   0.0000E+00   0.0000E+00   0.0000E+00   0.0000E+00
     0     0   5.5787E+09   1.0000E+00   4.5748E-10   1.0000E+00   0.0000E+00   0.0000E+00
     0     0   1.7594E+10   1.0000E+00   3.8787E-09   1.0000E+00   0.0000E+00   0.0000E+00
     0     0   0.0000E+00   0.0000E+00   0.0000E+00   0.0000E+00   0.0000E+00   0.0000E+00
     0     0   1.4795E+10   1.0000E+00   1.1786E-09   1.0000E+00   0.0000E+00   0.0000E+00
     0     0   1.2429E+15   6.2214E-02   1.3420E-05   2.2134E-01   0.0000E+00   0.0000E+00
     0     0   1.5909E+16   1.8388E-02   8.9333E-05   4.6984E-02   0.0000E+00   0.0000E+00
     0     0   4.6954E+13   3.2214E-01   3.7628E-07   5.3323E-01   0.0000E+00   0.0000E+00
     0     0   5.5587E+10   1.0000E+00   8.4388E-09   1.0000E+00   0.0000E+00   0.0000E+00
     0     0   2.1147E+10   1.0000E+00   2.2795E-09   1.0000E+00   0.0000E+00   0.0000E+00
     0     0   0.0000E+00   0.0000E+00   0.0000E+00   0.0000E+00   0.0000E+00   0.0000E+00
     0     0   0.0000E+00   0.0000E+00   0.0000E+00   0.0000E+00   0.0000E+00   0.0000E+00
     0     0   0.0000E+00   0.0000E+00   0.0000E+00   0.0000E+00   0.0000E+00   0.0000E+00
     0     0   0.0000E+00   0.0000E+00   0.0000E+00   0.0000E+00   0.0000E+00   0.0000E+00
     0     0   2.1392E+10   1.0000E+00   4.1766E-09   1.0000E+00   0.0000E+00   0.0000E+00
     0     0   0.0000E+00   0.0000E+00   0.0000E+00   0.0000E+00   0.0000E+00   0.0000E+00
     0     0   0.0000E+00   0.0000E+00   0.0000E+00   0.0000E+00   0.0000E+00   0.0000E+00
     0     0   0.0000E+00   0.0000E+00   0.0000E+00   0.0000E+00   0.0000E+00   0.0000E+00
     0     0   0.0000E+00   0.0000E+00   0.0000E+00   0.0000E+00   0.0000E+00   0.0000E+00
     0     0   0.0000E+00   0.0000E+00   0.0000E+00   0.0000E+00   0.0000E+00   0.0000E+00
     0     0   0.0000E+00   0.0000E+00   0.0000E+00   0.0000E+00   0.0000E+00   0.0000E+00
     0     0   0.0000E+00   0.0000E+00   0.0000E+00   0.0000E+00   0.0000E+00   0.0000E+00
     0     0   0.0000E+00   0.0000E+00   0.0000E+00   0.0000E+00   0.0000E+00   0.0000E+00
     0     0   0.0000E+00   0.0000E+00   0.0000E+00   0.0000E+00   0.0000E+00   0.0000E+00
     0     0   0.0000E+00   0.0000E+00   0.0000E+00   0.0000E+00   0.0000E+00   0.0000E+00
     0     0   0.0000E+00   0.0000E+00   0.0000E+00   0.0000E+00   0.0000E+00   0.0000E+00
     0     0   0.0000E+00   0.0000E+00   0.0000E+00   0.0000E+00   0.0000E+00   0.0000E+00
     0     0   0.0000E+00   0.0000E+00   0.0000E+00   0.0000E+00   0.0000E+00   0.0000E+00
     0     0   0.0000E+00   0.0000E+00   0.0000E+00   0.0000E+00   0.0000E+00   0.0000E+00
     0     0   0.0000E+00   0.0000E+00   0.0000E+00   0.0000E+00   0.0000E+00   0.0000E+00
     0     0   0.0000E+00   0.0000E+00   0.0000E+00   0.0000E+00   0.0000E+00   0.0000E+00
     0     0   0.0000E+00   0.0000E+00   0.0000E+00   0.0000E+00   0.0000E+00   0.0000E+00
     0     0   0.0000E+00   0.0000E+00   0.0000E+00   0.0000E+00   0.0000E+00   0.0000E+00
     0     0   3.4978E+11   7.6169E-01   3.2422E-08   8.7899E-01   0.0000E+00   0.0000E+00
     0     0   4.3701E+08   1.0000E+00   2.9778E-11   1.0000E+00   0.0000E+00   0.0000E+00
     0     0   0.0000E+00   0.0000E+00   0.0000E+00   0.0000E+00   0.0000E+00   0.0000E+00
     0     0   0.0000E+00   0.0000E+00   0.0000E+00   0.0000E+00   0.0000E+00   0.0000E+00
     0     0   5.5193E+11   7.4217E-01   1.8900E-07   7.9542E-01   0.0000E+00   0.0000E+00
     0     0   0.0000E+00   0.0000E+00   0.0000E+00   0.0000E+00   0.0000E+00   0.0000E+00
     0     0   0.0000E+00   0.0000E+00   0.0000E+00   0.0000E+00   0.0000E+00   0.0000E+00
     0     0   0.0000E+00   0.0000E+00   0.0000E+00   0.0000E+00   0.0000E+00   0.0000E+00
     0     0   1.5767E+16   1.8259E-02   8.2961E-05   3.8406E-02   0.0000E+00   0.0000E+00
     0     0   1.1430E+15   6.5680E-02   1.1988E-05   2.5322E-01   0.0000E+00   0.0000E+00
     0     0   4.8680E+13   3.0050E-01   2.1311E-07   2.8855E-01   0.0000E+00   0.0000E+00
     0     0   0.0000E+00   0.0000E+00   0.0000E+00   0.0000E+00   0.0000E+00   0.0000E+00
     0     0   0.0000E+00   0.0000E+00   0.0000E+00   0.0000E+00   0.0000E+00   0.0000E+00
     0     0   0.0000E+00   0.0000E+00   0.0000E+00   0.0000E+00   0.0000E+00   0.0000E+00
     0     0   0.0000E+00   0.0000E+00   0.0000E+00   0.0000E+00   0.0000E+00   0.0000E+00
     0     0   0.0000E+00   0.0000E+00   0.0000E+00   0.0000E+00   0.0000E+00   0.0000E+00
     0     0   0.0000E+00   0.0000E+00   0.0000E+00   0.0000E+00   0.0000E+00   0.0000E+00
     0     0   0.0000E+00   0.0000E+00   0.0000E+00   0.0000E+00   0.0000E+00   0.0000E+00
     0     0   0.0000E+00   0.0000E+00   0.0000E+00   0.0000E+00   0.0000E+00   0.0000E+00
     0     0   0.0000E+00   0.0000E+00   0.0000E+00   0.0000E+00   0.0000E+00   0.0000E+00
     0     0   0.0000E+00   0.0000E+00   0.0000E+00   0.0000E+00   0.0000E+00   0.0000E+00
     0     0   0.0000E+00   0.0000E+00   0.0000E+00   0.0000E+00   0.0000E+00   0.0000E+00
     0     0   0.0000E+00   0.0000E+00   0.0000E+00   0.0000E+00   0.0000E+00   0.0000E+00
     0     0   0.0000E+00   0.0000E+00   0.0000E+00   0.0000E+00   0.0000E+00   0.0000E+00
     0     0   0.0000E+00   0.0000E+00   0.0000E+00   0.0000E+00   0.0000E+00   0.0000E+00
     0     0   0.0000E+00   0.0000E+00   0.0000E+00   0.0000E+00   0.0000E+00   0.0000E+00
     0     0   0.0000E+00   0.0000E+00   0.0000E+00   0.0000E+00   0.0000E+00   0.0000E+00
     0     0   3.9575E+11   5.4492E-01   4.2301E-08   7.5997E-01   0.0000E+00   0.0000E+00
     0     0   4.9641E+12   2.9054E-01   3.1222E-08   3.4553E-01   0.0000E+00   0.0000E+00
     0     0   0.0000E+00   0.0000E+00   0.0000E+00   0.0000E+00   0.0000E+00   0.0000E+00
     0     0   0.0000E+00   0.0000E+00   0.0000E+00   0.0000E+00   0.0000E+00   0.0000E+00
     0     0   0.0000E+00   0.0000E+00   0.0000E+00   0.0000E+00   0.0000E+00   0.0000E+00
     0     0   6.2829E+11   4.6867E-01   5.9979E-08   5.8102E-01   0.0000E+00   0.0000E+00
     0     0   1.2303E+11   7.2687E-01   2.6688E-09   9.2100E-01   0.0000E+00   0.0000E+00
     0     0   2.0063E+11   8.8818E-01   2.3535E-09   6.4480E-01   0.0000E+00   0.0000E+00
     0     0   9.1262E+10   7.1524E-01   1.2231E-08   7.6954E-01   0.0000E+00   0.0000E+00
     0     0   2.2987E+11   1.0000E+00   6.4746E-08   1.0000E+00   0.0000E+00   0.0000E+00
     0     0   0.0000E+00   0.0000E+00   0.0000E+00   0.0000E+00   0.0000E+00   0.0000E+00
     0     0   0.0000E+00   0.0000E+00   0.0000E+00   0.0000E+00   0.0000E+00   0.0000E+00
     0     0   0.0000E+00   0.0000E+00   0.0000E+00   0.0000E+00   0.0000E+00   0.0000E+00
     0     0   0.0000E+00   0.0000E+00   0.0000E+00   0.0000E+00   0.0000E+00   0.0000E+00
     0     0   0.0000E+00   0.0000E+00   0.0000E+00   0.0000E+00   0.0000E+00   0.0000E+00
     0     0   0.0000E+00   0.0000E+00   0.0000E+00   0.0000E+00   0.0000E+00   0.0000E+00
     0     0   0.0000E+00   0.0000E+00   0.0000E+00   0.0000E+00   0.0000E+00   0.0000E+00
     0     0   0.0000E+00   0.0000E+00   0.0000E+00   0.0000E+00   0.0000E+00   0.0000E+00
     0     0   0.0000E+00   0.0000E+00   0.0000E+00   0.0000E+00   0.0000E+00   0.0000E+00
     0     0   0.0000E+00   0.0000E+00   0.0000E+00   0.0000E+00   0.0000E+00   0.0000E+00
     0     0   0.0000E+00   0.0000E+00   0.0000E+00   0.0000E+00   0.0000E+00   0.0000E+00
     0     0   0.0000E+00   0.0000E+00   0.0000E+00   0.0000E+00   0.0000E+00   0.0000E+00
     0     0   0.0000E+00   0.0000E+00   0.0000E+00   0.0000E+00   0.0000E+00   0.0000E+00
     0     0   0.0000E+00   0.0000E+00   0.0000E+00   0.0000E+00   0.0000E+00   0.0000E+00
     0     0   2.6723E+10   1.0000E+00   1.2728E-10   1.0000E+00   0.0000E+00   0.0000E+00
     0     0   0.0000E+00   0.0000E+00   0.0000E+00   0.0000E+00   0.0000E+00   0.0000E+00
     0     0   2.1935E+11   7.5171E-01   6.7790E-09   5.3636E-01   0.0000E+00   0.0000E+00
     0     0   0.0000E+00   0.0000E+00   0.0000E+00   0.0000E+00   0.0000E+00   0.0000E+00
     0     0   1.3699E+12   7.0628E-01   1.1728E-07   7.1084E-01   0.0000E+00   0.0000E+00
     0     0   6.5170E+11   4.8577E-01   1.0714E-08   4.9927E-01   0.0000E+00   0.0000E+00
     0     0   1.1567E+11   4.8156E-01   1.5128E-08   7.1778E-01   0.0000E+00   0.0000E+00
     0     0   0.0000E+00   0.0000E+00   0.0000E+00   0.0000E+00   0.0000E+00   0.0000E+00
     0     0   0.0000E+00   0.0000E+00   0.0000E+00   0.0000E+00   0.0000E+00   0.0000E+00
     0     0   1.0620E+13   4.5134E-01   7.5908E-08   4.2269E-01   0.0000E+00   0.0000E+00
     0     0   3.0205E+11   4.5169E-01   4.5879E-08   8.0279E-01   0.0000E+00   0.0000E+00
     0     0   0.0000E+00   0.0000E+00   0.0000E+00   0.0000E+00   0.0000E+00   0.0000E+00
     0     0   0.0000E+00   0.0000E+00   0.0000E+00   0.0000E+00   0.0000E+00   0.0000E+00
     0     0   0.0000E+00   0.0000E+00   0.0000E+00   0.0000E+00   0.0000E+00   0.0000E+00
     0     0   1.7488E+11   1.0000E+00   9.4442E-09   1.0000E+00   0.0000E+00   0.0000E+00
     0     0   0.0000E+00   0.0000E+00   0.0000E+00   0.0000E+00   0.0000E+00   0.0000E+00
     0     0   0.0000E+00   0.0000E+00   0.0000E+00   0.0000E+00   0.0000E+00   0.0000E+00
     0     0   0.0000E+00   0.0000E+00   0.0000E+00   0.0000E+00   0.0000E+00   0.0000E+00
     0     0   0.0000E+00   0.0000E+00   0.0000E+00   0.0000E+00   0.0000E+00   0.0000E+00
     0     0   0.0000E+00   0.0000E+00   0.0000E+00   0.0000E+00   0.0000E+00   0.0000E+00
     0     0   0.0000E+00   0.0000E+00   0.0000E+00   0.0000E+00   0.0000E+00   0.0000E+00
     0     0   0.0000E+00   0.0000E+00   0.0000E+00   0.0000E+00   0.0000E+00   0.0000E+00
     0     0   1.0639E+11   1.0000E+00   7.1087E-09   1.0000E+00   0.0000E+00   0.0000E+00
     0     0   2.5352E+11   1.0000E+00   1.0499E-09   1.0000E+00   0.0000E+00   0.0000E+00
     0     0   1.2393E+11   1.0000E+00   3.1968E-09   1.0000E+00   0.0000E+00   0.0000E+00
     0     0   4.8907E+10   1.0000E+00   7.2487E-10   1.0000E+00   0.0000E+00   0.0000E+00
     0     0   3.5059E+11   7.7135E-01   5.4038E-08   9.4026E-01   0.0000E+00   0.0000E+00
     0     0   1.6436E+12   8.7924E-01   2.4380E-08   7.1920E-01   0.0000E+00   0.0000E+00
     0     0   2.2681E+13   2.7063E-01   4.0330E-07   3.6605E-01   0.0000E+00   0.0000E+00
     0     0   1.1704E+13   2.0392E-01   1.2708E-07   2.7408E-01   0.0000E+00   0.0000E+00
     0     0   8.5288E+10   7.3667E-01   3.5321E-10   7.3667E-01   0.0000E+00   0.0000E+00
     0     0   2.0111E+11   1.0000E+00   3.9283E-09   1.0000E+00   0.0000E+00   0.0000E+00
     0     0   1.0868E+11   8.8772E-01   4.4616E-10   8.9433E-01   0.0000E+00   0.0000E+00
     0     0   7.4400E+12   3.8130E-01   5.9040E-08   2.6922E-01   0.0000E+00   0.0000E+00
     0     0   1.3553E+12   8.1849E-01   5.9449E-09   7.7567E-01   0.0000E+00   0.0000E+00
     0     0   2.1238E+12   4.2283E-01   3.3242E-08   4.7220E-01   0.0000E+00   0.0000E+00
     0     0   3.9252E+12   4.4521E-01   1.2121E-07   5.5349E-01   0.0000E+00   0.0000E+00
     0     0   5.3200E+11   7.1839E-01   7.9631E-09   9.1410E-01   0.0000E+00   0.0000E+00
     0     0   0.0000E+00   0.0000E+00   0.0000E+00   0.0000E+00   0.0000E+00   0.0000E+00
     0     0   0.0000E+00   0.0000E+00   0.0000E+00   0.0000E+00   0.0000E+00   0.0000E+00
     0     0   0.0000E+00   0.0000E+00   0.0000E+00   0.0000E+00   0.0000E+00   0.0000E+00
     0     0   0.0000E+00   0.0000E+00   0.0000E+00   0.0000E+00   0.0000E+00   0.0000E+00
     0     0   0.0000E+00   0.0000E+00   0.0000E+00   0.0000E+00   0.0000E+00   0.0000E+00
     0     0   0.0000E+00   0.0000E+00   0.0000E+00   0.0000E+00   0.0000E+00   0.0000E+00
     0     0   1.9638E+10   1.0000E+00   2.4687E-09   1.0000E+00   0.0000E+00   0.0000E+00
     0     0   0.0000E+00   0.0000E+00   0.0000E+00   0.0000E+00   0.0000E+00   0.0000E+00
     0     0   0.0000E+00   0.0000E+00   0.0000E+00   0.0000E+00   0.0000E+00   0.0000E+00
     0     0   0.0000E+00   0.0000E+00   0.0000E+00   0.0000E+00   0.0000E+00   0.0000E+00
     0     0   0.0000E+00   0.0000E+00   0.0000E+00   0.0000E+00   0.0000E+00   0.0000E+00
     0     0   0.0000E+00   0.0000E+00   0.0000E+00   0.0000E+00   0.0000E+00   0.0000E+00
     0     0   0.0000E+00   0.0000E+00   0.0000E+00   0.0000E+00   0.0000E+00   0.0000E+00
     0     0   7.0368E+09   1.0000E+00   3.4202E-11   1.0000E+00   0.0000E+00   0.0000E+00
     0     0   3.2541E+10   1.0000E+00   1.3476E-10   1.0000E+00   0.0000E+00   0.0000E+00
     0     0   1.8037E+10   1.0000E+00   7.4697E-11   1.0000E+00   0.0000E+00   0.0000E+00
     0     0   2.0405E+12   5.7156E-01   1.4984E-07   6.3899E-01   0.0000E+00   0.0000E+00
     0     0   6.4324E+10   7.7998E-01   1.7878E-09   7.8271E-01   0.0000E+00   0.0000E+00
     0     0   1.1612E+13   4.7765E-01   2.5307E-07   6.1806E-01   0.0000E+00   0.0000E+00
     0     0   1.7584E+12   5.8457E-01   5.8792E-08   5.7639E-01   0.0000E+00   0.0000E+00
     0     0   1.9748E+12   5.2282E-01   1.5501E-08   3.8682E-01   0.0000E+00   0.0000E+00
     0     0   1.0422E+12   1.0000E+00   4.3164E-09   1.0000E+00   0.0000E+00   0.0000E+00
     0     0   3.3662E+10   1.0000E+00   1.3941E-10   1.0000E+00   0.0000E+00   0.0000E+00
     0     0   1.8974E+13   2.1279E-01   1.8114E-07   3.4749E-01   0.0000E+00   0.0000E+00
     0     0   2.5117E+13   2.8261E-01   8.8414E-07   6.3735E-01   0.0000E+00   0.0000E+00
     0     0   1.5234E+11   1.0000E+00   6.3092E-10   1.0000E+00   0.0000E+00   0.0000E+00
     0     0   0.0000E+00   0.0000E+00   0.0000E+00   0.0000E+00   0.0000E+00   0.0000E+00
     0     0   0.0000E+00   0.0000E+00   0.0000E+00   0.0000E+00   0.0000E+00   0.0000E+00
     0     0   3.7966E+10   1.0000E+00   1.5723E-10   1.0000E+00   0.0000E+00   0.0000E+00
     0     0   3.2319E+10   1.0000E+00   1.3385E-10   1.0000E+00   0.0000E+00   0.0000E+00
     0     0   0.0000E+00   0.0000E+00   0.0000E+00   0.0000E+00   0.0000E+00   0.0000E+00
     0     0   0.0000E+00   0.0000E+00   0.0000E+00   0.0000E+00   0.0000E+00   0.0000E+00
     0     0   0.0000E+00   0.0000E+00   0.0000E+00   0.0000E+00   0.0000E+00   0.0000E+00
     0     0   0.0000E+00   0.0000E+00   0.0000E+00   0.0000E+00   0.0000E+00   0.0000E+00
     0     0   3.3520E+11   1.0000E+00   3.3836E-09   1.0000E+00   0.0000E+00   0.0000E+00
     0     0   0.0000E+00   0.0000E+00   0.0000E+00   0.0000E+00   0.0000E+00   0.0000E+00
     0     0   7.2610E+10   1.0000E+00   3.0071E-10   1.0000E+00   0.0000E+00   0.0000E+00
     0     0   3.9321E+11   9.0166E-01   9.3673E-09   9.8202E-01   0.0000E+00   0.0000E+00
     0     0   1.9580E+11   1.0000E+00   8.1088E-10   1.0000E+00   0.0000E+00   0.0000E+00
     0     0   2.2971E+11   1.0000E+00   6.3344E-09   1.0000E+00   0.0000E+00   0.0000E+00
     0     0   8.0220E+11   6.7050E-01   3.3222E-09   6.7050E-01   0.0000E+00   0.0000E+00
     0     0   8.5725E+11   5.1221E-01   3.8421E-09   4.7946E-01   0.0000E+00   0.0000E+00
     0     0   4.3376E+13   1.8658E-01   4.8582E-07   4.1288E-01   0.0000E+00   0.0000E+00
     0     0   3.9668E+13   1.9765E-01   3.1047E-07   2.6783E-01   0.0000E+00   0.0000E+00
     0     0   1.4263E+11   7.9489E-01   5.9070E-10   7.9489E-01   0.0000E+00   0.0000E+00
     0     0   2.7320E+11   6.7035E-01   4.4513E-09   8.6342E-01   0.0000E+00   0.0000E+00
     0     0   7.6505E+11   4.7675E-01   4.6131E-09   4.8782E-01   0.0000E+00   0.0000E+00
     0     0   2.3587E+13   3.0625E-01   4.7170E-07   7.4472E-01   0.0000E+00   0.0000E+00
     0     0   3.7480E+12   5.6200E-01   2.3705E-08   6.2678E-01   0.0000E+00   0.0000E+00
     0     0   1.7190E+12   4.2855E-01   7.5150E-09   4.1012E-01   0.0000E+00   0.0000E+00
     0     0   3.5796E+13   2.7403E-01   2.9338E-07   3.1106E-01   0.0000E+00   0.0000E+00
     0     0   2.5004E+12   6.8896E-01   1.0476E-08   6.8116E-01   0.0000E+00   0.0000E+00
     0     0   0.0000E+00   0.0000E+00   0.0000E+00   0.0000E+00   0.0000E+00   0.0000E+00
     0     0   1.0689E+12   1.0000E+00   1.6457E-08   1.0000E+00   0.0000E+00   0.0000E+00
     0     0   0.0000E+00   0.0000E+00   0.0000E+00   0.0000E+00   0.0000E+00   0.0000E+00
     0     0   0.0000E+00   0.0000E+00   0.0000E+00   0.0000E+00   0.0000E+00   0.0000E+00
     0     0   0.0000E+00   0.0000E+00   0.0000E+00   0.0000E+00   0.0000E+00   0.0000E+00
     0     0   8.4678E+10   1.0000E+00   3.5069E-10   1.0000E+00   0.0000E+00   0.0000E+00
     0     0   0.0000E+00   0.0000E+00   0.0000E+00   0.0000E+00   0.0000E+00   0.0000E+00
     0     0   0.0000E+00   0.0000E+00   0.0000E+00   0.0000E+00   0.0000E+00   0.0000E+00
     0     0   0.0000E+00   0.0000E+00   0.0000E+00   0.0000E+00   0.0000E+00   0.0000E+00
     0     0   5.2285E+10   1.0000E+00   2.1653E-10   1.0000E+00   0.0000E+00   0.0000E+00
     0     0   6.3584E+10   1.0000E+00   5.3420E-10   1.0000E+00   0.0000E+00   0.0000E+00
     0     0   1.6597E+11   1.0000E+00   6.8737E-10   1.0000E+00   0.0000E+00   0.0000E+00
     0     0   2.4763E+10   1.0000E+00   1.0255E-10   1.0000E+00   0.0000E+00   0.0000E+00
     0     0   9.7246E+11   7.1180E-01   4.0449E-09   7.0868E-01   0.0000E+00   0.0000E+00
     0     0   7.9738E+11   1.0000E+00   4.3381E-09   1.0000E+00   0.0000E+00   0.0000E+00
     0     0   7.6845E+11   8.6812E-01   3.1825E-09   8.6812E-01   0.0000E+00   0.0000E+00
     0     0   7.1150E+12   3.8731E-01   4.6946E-08   4.6345E-01   0.0000E+00   0.0000E+00
     0     0   2.8632E+11   5.7965E-01   4.4645E-09   7.4629E-01   0.0000E+00   0.0000E+00
     0     0   2.6308E+13   2.3984E-01   2.4154E-07   3.0059E-01   0.0000E+00   0.0000E+00
     0     0   6.1886E+12   3.3244E-01   1.2872E-07   6.9502E-01   0.0000E+00   0.0000E+00
     0     0   2.4444E+13   2.7559E-01   3.3891E-07   5.3042E-01   0.0000E+00   0.0000E+00
     0     0   1.9482E+12   4.2563E-01   8.0683E-09   4.2563E-01   0.0000E+00   0.0000E+00
     0     0   3.5840E+11   4.2100E-01   1.4843E-09   4.2100E-01   0.0000E+00   0.0000E+00
     0     0   3.6324E+13   2.5094E-01   2.4126E-07   2.1679E-01   0.0000E+00   0.0000E+00
     0     0   4.2117E+13   1.6833E-01   2.7228E-07   2.0510E-01   0.0000E+00   0.0000E+00
     0     0   7.8189E+11   5.3236E-01   3.2381E-09   5.3236E-01   0.0000E+00   0.0000E+00
     0     0   6.7923E+11   1.0000E+00   2.8130E-09   1.0000E+00   0.0000E+00   0.0000E+00
     0     0   0.0000E+00   0.0000E+00   0.0000E+00   0.0000E+00   0.0000E+00   0.0000E+00
     0     0   1.0805E+11   1.0000E+00   4.4748E-10   1.0000E+00   0.0000E+00   0.0000E+00
     0     0   9.8979E+12   9.4788E-01   4.0991E-08   9.4788E-01   0.0000E+00   0.0000E+00
     0     0   9.6547E+10   9.3261E-01   3.9984E-10   9.3261E-01   0.0000E+00   0.0000E+00
     0     0   2.8990E+11   6.1268E-01   2.4229E-09   6.9545E-01   0.0000E+00   0.0000E+00
     0     0   1.1300E+12   1.0000E+00   4.6797E-09   1.0000E+00   0.0000E+00   0.0000E+00
     0     0   5.5672E+11   1.0000E+00   2.3056E-09   1.0000E+00   0.0000E+00   0.0000E+00
     0     0   0.0000E+00   0.0000E+00   0.0000E+00   0.0000E+00   0.0000E+00   0.0000E+00
     0     0   0.0000E+00   0.0000E+00   0.0000E+00   0.0000E+00   0.0000E+00   0.0000E+00
     0     0   0.0000E+00   0.0000E+00   0.0000E+00   0.0000E+00   0.0000E+00   0.0000E+00
     0     0   1.4635E+12   1.0000E+00   6.0611E-09   1.0000E+00   0.0000E+00   0.0000E+00
     0     0   0.0000E+00   0.0000E+00   0.0000E+00   0.0000E+00   0.0000E+00   0.0000E+00
     0     0   4.3321E+12   3.6963E-01   1.7962E-08   3.6925E-01   0.0000E+00   0.0000E+00
     0     0   8.6416E+12   5.6839E-01   3.5873E-08   5.6702E-01   0.0000E+00   0.0000E+00
     0     0   2.1693E+13   3.1602E-01   9.0459E-08   3.1392E-01   0.0000E+00   0.0000E+00
     0     0   2.5890E+13   4.4430E-01   1.6936E-07   4.6852E-01   0.0000E+00   0.0000E+00
     0     0   2.4037E+13   3.6904E-01   1.0115E-07   3.3781E-01   0.0000E+00   0.0000E+00
     0     0   1.4532E+12   7.4100E-01   4.3127E-09   7.0277E-01   0.0000E+00   0.0000E+00
     0     0   3.3318E+11   5.1436E-01   1.3211E-09   5.4487E-01   0.0000E+00   0.0000E+00
     0     0   6.8255E+11   4.0818E-01   1.5813E-08   7.9257E-01   0.0000E+00   0.0000E+00
     0     0   8.1192E+12   4.2308E-01   4.5130E-08   4.7401E-01   0.0000E+00   0.0000E+00
     0     0   4.4093E+12   6.4468E-01   1.6936E-08   6.7534E-01   0.0000E+00   0.0000E+00
     0     0   2.4214E+12   4.9796E-01   1.0302E-08   4.8903E-01   0.0000E+00   0.0000E+00
     0     0   9.6273E+12   3.9174E-01   3.9868E-08   3.9177E-01   0.0000E+00   0.0000E+00
     0     0   2.0069E+13   4.4096E-01   8.3195E-08   4.4054E-01   0.0000E+00   0.0000E+00
     0     0   0.0000E+00   0.0000E+00   0.0000E+00   0.0000E+00   0.0000E+00   0.0000E+00
     0     0   2.9144E+11   1.0000E+00   1.2070E-09   1.0000E+00   0.0000E+00   0.0000E+00
     0     0   0.0000E+00   0.0000E+00   0.0000E+00   0.0000E+00   0.0000E+00   0.0000E+00
     0     0   0.0000E+00   0.0000E+00   0.0000E+00   0.0000E+00   0.0000E+00   0.0000E+00
     0     0   8.0134E+10   9.7452E-01   3.3187E-10   9.7452E-01   0.0000E+00   0.0000E+00
     0     0   0.0000E+00   0.0000E+00   0.0000E+00   0.0000E+00   0.0000E+00   0.0000E+00
     0     0   0.0000E+00   0.0000E+00   0.0000E+00   0.0000E+00   0.0000E+00   0.0000E+00
     0     0   0.0000E+00   0.0000E+00   0.0000E+00   0.0000E+00   0.0000E+00   0.0000E+00
     0     0   0.0000E+00   0.0000E+00   0.0000E+00   0.0000E+00   0.0000E+00   0.0000E+00
     0     0   0.0000E+00   0.0000E+00   0.0000E+00   0.0000E+00   0.0000E+00   0.0000E+00
     0     0   5.9528E+10   1.0000E+00   3.1713E-10   1.0000E+00   0.0000E+00   0.0000E+00
     0     0   0.0000E+00   0.0000E+00   0.0000E+00   0.0000E+00   0.0000E+00   0.0000E+00
     0     0   2.7800E+11   6.4621E-01   1.1513E-09   6.4621E-01   0.0000E+00   0.0000E+00
     0     0   2.1507E+12   6.4775E-01   2.2175E-08   5.8602E-01   0.0000E+00   0.0000E+00
     0     0   1.7090E+11   1.0000E+00   7.0777E-10   1.0000E+00   0.0000E+00   0.0000E+00
     0     0   2.3490E+11   6.9839E-01   9.7283E-10   6.9839E-01   0.0000E+00   0.0000E+00
     0     0   1.8335E+12   5.4159E-01   8.6256E-09   5.3888E-01   0.0000E+00   0.0000E+00
     0     0   9.2085E+12   5.7956E-01   4.1046E-08   5.4633E-01   0.0000E+00   0.0000E+00
     0     0   4.0451E+12   3.4836E-01   1.7128E-08   3.4179E-01   0.0000E+00   0.0000E+00
     0     0   4.0969E+12   4.2027E-01   1.7020E-08   4.1898E-01   0.0000E+00   0.0000E+00
     0     0   3.2884E+13   6.0897E-01   3.0102E-07   6.0854E-01   0.0000E+00   0.0000E+00
     0     0   2.7686E+13   3.9873E-01   1.7260E-07   3.9003E-01   0.0000E+00   0.0000E+00
     0     0   2.8529E+13   5.2140E-01   1.1822E-07   5.2110E-01   0.0000E+00   0.0000E+00
     0     0   2.6505E+13   3.1121E-01   1.3159E-07   2.8151E-01   0.0000E+00   0.0000E+00
     0     0   1.7103E+13   4.7896E-01   9.1488E-08   4.4569E-01   0.0000E+00   0.0000E+00
     0     0   4.3502E+12   3.6025E-01   2.2082E-08   3.4689E-01   0.0000E+00   0.0000E+00
     0     0   0.0000E+00   0.0000E+00   0.0000E+00   0.0000E+00   0.0000E+00   0.0000E+00
     0     0   1.6842E+12   9.2743E-01   6.9748E-09   9.2743E-01   0.0000E+00   0.0000E+00
     0     0   0.0000E+00   0.0000E+00   0.0000E+00   0.0000E+00   0.0000E+00   0.0000E+00
     0     0   1.0015E+12   7.5605E-01   4.1352E-09   7.5830E-01   0.0000E+00   0.0000E+00
     0     0   7.8528E+10   9.5140E-01   3.2522E-10   9.5140E-01   0.0000E+00   0.0000E+00
     0     0   4.8357E+10   8.1232E-01   2.2152E-10   7.6564E-01   0.0000E+00   0.0000E+00
     0     0   1.0958E+13   5.7879E-01   5.3322E-08   5.1641E-01   0.0000E+00   0.0000E+00
     0     0   0.0000E+00   0.0000E+00   0.0000E+00   0.0000E+00   0.0000E+00   0.0000E+00
     0     0   1.2278E+11   1.0000E+00   5.0847E-10   1.0000E+00   0.0000E+00   0.0000E+00
     0     0   0.0000E+00   0.0000E+00   0.0000E+00   0.0000E+00   0.0000E+00   0.0000E+00
     0     0   9.1200E+09   1.0000E+00   3.7770E-11   1.0000E+00   0.0000E+00   0.0000E+00
     0     0   4.9580E+11   1.0000E+00   2.0533E-09   1.0000E+00   0.0000E+00   0.0000E+00
     0     0   1.6857E+11   1.0000E+00   6.9813E-10   1.0000E+00   0.0000E+00   0.0000E+00
     0     0   4.9276E+11   1.0000E+00   2.0407E-09   1.0000E+00   0.0000E+00   0.0000E+00
     0     0   1.9499E+13   3.6054E-01   8.0703E-08   3.6071E-01   0.0000E+00   0.0000E+00
     0     0   3.7429E+13   2.9984E-01   1.9907E-07   3.2001E-01   0.0000E+00   0.0000E+00
     0     0   1.0124E+14   2.9942E-01   4.4640E-07   2.8784E-01   0.0000E+00   0.0000E+00
     0     0   7.4391E+11   8.8418E-01   3.0808E-09   8.8418E-01   0.0000E+00   0.0000E+00
     0     0   1.3174E+12   9.1207E-01   5.4560E-09   9.1207E-01   0.0000E+00   0.0000E+00
     0     0   0.0000E+00   0.0000E+00   0.0000E+00   0.0000E+00   0.0000E+00   0.0000E+00
     0     0   0.0000E+00   0.0000E+00   0.0000E+00   0.0000E+00   0.0000E+00   0.0000E+00
     0     0   0.0000E+00   0.0000E+00   0.0000E+00   0.0000E+00   0.0000E+00   0.0000E+00
     0     0   0.0000E+00   0.0000E+00   0.0000E+00   0.0000E+00   0.0000E+00   0.0000E+00
     0     0   1.2350E+12   7.1579E-01   5.1145E-09   7.1579E-01   0.0000E+00   0.0000E+00
     0     0   4.0961E+11   1.0000E+00   1.6964E-09   1.0000E+00   0.0000E+00   0.0000E+00
     0     0   3.2368E+13   5.3804E-01   1.3405E-07   5.3804E-01   0.0000E+00   0.0000E+00
     0     0   0.0000E+00   0.0000E+00   0.0000E+00   0.0000E+00   0.0000E+00   0.0000E+00
     0     0   2.8817E+12   7.9379E-01   1.1934E-08   7.9379E-01   0.0000E+00   0.0000E+00
     0     0   0.0000E+00   0.0000E+00   0.0000E+00   0.0000E+00   0.0000E+00   0.0000E+00
     0     0   4.2771E+11   9.9076E-01   1.7713E-09   9.9076E-01   0.0000E+00   0.0000E+00
     0     0   0.0000E+00   0.0000E+00   0.0000E+00   0.0000E+00   0.0000E+00   0.0000E+00
     0     0   0.0000E+00   0.0000E+00   0.0000E+00   0.0000E+00   0.0000E+00   0.0000E+00
     0     0   0.0000E+00   0.0000E+00   0.0000E+00   0.0000E+00   0.0000E+00   0.0000E+00
     0     0   0.0000E+00   0.0000E+00   0.0000E+00   0.0000E+00   0.0000E+00   0.0000E+00
     0     0   1.8562E+11   9.7857E-01   7.6874E-10   9.7857E-01   0.0000E+00   0.0000E+00
     0     0   1.5235E+12   8.8867E-01   6.3095E-09   8.8867E-01   0.0000E+00   0.0000E+00
     0     0   5.8343E+12   8.4167E-01   2.5713E-08   7.9495E-01   0.0000E+00   0.0000E+00
     0     0   1.2309E+11   1.0000E+00   9.1321E-11   1.0000E+00   0.0000E+00   0.0000E+00
     0     0   1.7452E+12   5.5930E-01   7.2276E-09   5.5930E-01   0.0000E+00   0.0000E+00
     0     0   1.3035E+11   8.5516E-01   5.3983E-10   8.5516E-01   0.0000E+00   0.0000E+00
     0     0   1.1076E+12   6.0139E-01   4.5869E-09   6.0139E-01   0.0000E+00   0.0000E+00
     0     0   0.0000E+00   0.0000E+00   0.0000E+00   0.0000E+00   0.0000E+00   0.0000E+00
     0     0   0.0000E+00   0.0000E+00   0.0000E+00   0.0000E+00   0.0000E+00   0.0000E+00
     0     0   0.0000E+00   0.0000E+00   0.0000E+00   0.0000E+00   0.0000E+00   0.0000E+00
     0     0   0.0000E+00   0.0000E+00   0.0000E+00   0.0000E+00   0.0000E+00   0.0000E+00
     0     0   0.0000E+00   0.0000E+00   0.0000E+00   0.0000E+00   0.0000E+00   0.0000E+00
     0     0   2.9051E+11   9.4534E-01   1.2031E-09   9.4534E-01   0.0000E+00   0.0000E+00
     0     0   1.0146E+13   5.9448E-01   5.7822E-08   5.3241E-01   0.0000E+00   0.0000E+00
     0     0   3.2924E+13   4.4345E-01   1.9134E-07   4.5768E-01   0.0000E+00   0.0000E+00
     0     0   7.3916E+13   1.9053E-01   3.3512E-07   1.8703E-01   0.0000E+00   0.0000E+00
     0     0   2.0395E+13   2.8363E-01   9.2778E-08   2.7337E-01   0.0000E+00   0.0000E+00
     0     0   1.1422E+11   1.0000E+00   4.7302E-10   1.0000E+00   0.0000E+00   0.0000E+00
     0     0   6.1426E+12   4.2876E-01   3.0130E-08   3.8820E-01   0.0000E+00   0.0000E+00
     0     0   8.0974E+13   2.8707E-01   5.9932E-07   4.5248E-01   0.0000E+00   0.0000E+00
     0     0   1.3995E+14   1.7852E-01   7.2699E-07   1.9195E-01   0.0000E+00   0.0000E+00
     0     0   3.8542E+12   4.0081E-01   2.3473E-08   4.1911E-01   0.0000E+00   0.0000E+00
     0     0   5.5693E+11   8.4157E-01   2.3065E-09   8.4157E-01   0.0000E+00   0.0000E+00
     0     0   0.0000E+00   0.0000E+00   0.0000E+00   0.0000E+00   0.0000E+00   0.0000E+00
     0     0   0.0000E+00   0.0000E+00   0.0000E+00   0.0000E+00   0.0000E+00   0.0000E+00
     0     0   9.0780E+10   1.0000E+00   2.7886E-09   1.0000E+00   0.0000E+00   0.0000E+00
     0     0   0.0000E+00   0.0000E+00   0.0000E+00   0.0000E+00   0.0000E+00   0.0000E+00
     0     0   1.5920E+11   1.0000E+00   3.4061E-09   1.0000E+00   0.0000E+00   0.0000E+00
