  64    32    961228
   1     1     1
 D       
 D2      
 D2+     
  0.00000000E+00  0.00000000E+00  0.42429335E+14  0.38281867E+15  0.00000000E+00
  0.00000000E+00  0.00000000E+00  0.00000000E+00  0.00000000E+00  0.00000000E+00
  0.29617855E+14  0.00000000E+00  0.40808296E+14  0.00000000E+00  0.00000000E+00
  0.00000000E+00  0.00000000E+00  0.77284232E+13  0.00000000E+00  0.13881578E+14
  0.28264410E+15  0.00000000E+00  0.00000000E+00  0.00000000E+00  0.00000000E+00
  0.00000000E+00  0.00000000E+00  0.13221791E+16  0.35828086E+16  0.00000000E+00
  0.15097678E+16  0.49377640E+15  0.13731082E+16  0.28176516E+16  0.98265804E+16
  0.13153232E+17  0.42928378E+17  0.11507969E+18  0.31004124E+18  0.10026026E+19
  0.33118729E+19  0.10200545E+20  0.24791150E+20  0.36903595E+20  0.41356984E+20
  0.45122743E+20  0.48255543E+20  0.49100076E+20  0.51589393E+20  0.52767168E+20
  0.54722147E+20  0.52349188E+20  0.52162620E+20  0.48342584E+20  0.44866474E+20
  0.41196230E+20  0.39291665E+20  0.36019367E+20  0.32488759E+20  0.27652223E+20
  0.23910126E+20  0.21029394E+20  0.17604755E+20  0.14943536E+20
  0.00000000E+00  0.00000000E+00  0.37654175E+14  0.69716311E+14  0.00000000E+00
  0.62980639E+14  0.00000000E+00  0.00000000E+00  0.00000000E+00  0.00000000E+00
  0.29617855E+14  0.34064393E+14  0.46207132E+14  0.00000000E+00  0.00000000E+00
  0.00000000E+00  0.00000000E+00  0.54358258E+14  0.00000000E+00  0.23344011E+14
  0.15650805E+15  0.21338486E+15  0.00000000E+00  0.00000000E+00  0.00000000E+00
  0.69306996E+14  0.00000000E+00  0.50110535E+15  0.31857334E+16  0.00000000E+00
  0.00000000E+00  0.72296443E+15  0.96558390E+15  0.29051407E+16  0.40452347E+16
  0.14675135E+17  0.52674519E+17  0.12387263E+18  0.29121971E+18  0.90767980E+18
  0.30066031E+19  0.93701823E+19  0.26166812E+20  0.46307646E+20  0.59752142E+20
  0.71756715E+20  0.79560977E+20  0.83165941E+20  0.88302757E+20  0.89324124E+20
  0.90596203E+20  0.91238942E+20  0.89058184E+20  0.83182372E+20  0.77067527E+20
  0.71909924E+20  0.68029431E+20  0.60687474E+20  0.54492244E+20  0.47642597E+20
  0.41075660E+20  0.34793795E+20  0.27004141E+20  0.22102109E+20
  0.00000000E+00  0.00000000E+00  0.00000000E+00  0.69716311E+14  0.00000000E+00
  0.10446823E+15  0.00000000E+00  0.00000000E+00  0.00000000E+00  0.00000000E+00
  0.29617855E+14  0.27727211E+15  0.40808296E+14  0.00000000E+00  0.00000000E+00
  0.00000000E+00  0.00000000E+00  0.54358258E+14  0.00000000E+00  0.22130354E+14
  0.00000000E+00  0.23823965E+15  0.00000000E+00  0.00000000E+00  0.00000000E+00
  0.10168525E+16  0.00000000E+00  0.40657276E+15  0.29688991E+15  0.13258664E+15
  0.00000000E+00  0.77401507E+15  0.22079129E+16  0.23577899E+16  0.24983838E+16
  0.11843824E+17  0.52347232E+17  0.10401148E+18  0.31847759E+18  0.84825242E+18
  0.27694374E+19  0.87068995E+19  0.26040634E+20  0.51530326E+20  0.72753066E+20
  0.89907520E+20  0.10571644E+21  0.11280281E+21  0.11985209E+21  0.12231564E+21
  0.12376946E+21  0.12164771E+21  0.11872775E+21  0.11146876E+21  0.10434397E+21
  0.98999120E+20  0.90769833E+20  0.81173110E+20  0.70398978E+20  0.59958761E+20
  0.51282904E+20  0.43285839E+20  0.33512973E+20  0.27993801E+20
  0.00000000E+00  0.00000000E+00  0.00000000E+00  0.69716311E+14  0.00000000E+00
  0.10446823E+15  0.00000000E+00  0.00000000E+00  0.00000000E+00  0.00000000E+00
  0.29617855E+14  0.24470022E+15  0.40808296E+14  0.00000000E+00  0.00000000E+00
  0.00000000E+00  0.00000000E+00  0.54358258E+14  0.00000000E+00  0.22130354E+14
  0.00000000E+00  0.00000000E+00  0.00000000E+00  0.00000000E+00  0.00000000E+00
  0.11247001E+16  0.00000000E+00  0.40657276E+15  0.29688991E+15  0.32299309E+15
  0.21396447E+15  0.36648195E+15  0.11999500E+16  0.15915400E+16  0.35655090E+16
  0.16950152E+17  0.42567044E+17  0.11792886E+18  0.30873376E+18  0.72437482E+18
  0.25540163E+19  0.83540312E+19  0.25346081E+20  0.52684050E+20  0.81372379E+20
  0.10526856E+21  0.12545083E+21  0.13978447E+21  0.14640831E+21  0.15035113E+21
  0.15291659E+21  0.14807175E+21  0.14436912E+21  0.13921468E+21  0.12893024E+21
  0.11900560E+21  0.10976961E+21  0.99175628E+20  0.86645041E+20  0.73211544E+20
  0.60544786E+20  0.51285731E+20  0.40936433E+20  0.32906919E+20
  0.70085698E+14  0.00000000E+00  0.00000000E+00  0.69716311E+14  0.00000000E+00
  0.10446823E+15  0.00000000E+00  0.00000000E+00  0.00000000E+00  0.00000000E+00
  0.29617855E+14  0.47049545E+14  0.40808296E+14  0.00000000E+00  0.00000000E+00
  0.00000000E+00  0.00000000E+00  0.54358258E+14  0.00000000E+00  0.22130354E+14
  0.00000000E+00  0.00000000E+00  0.00000000E+00  0.00000000E+00  0.00000000E+00
  0.78774973E+15  0.00000000E+00  0.29728370E+15  0.29688991E+15  0.32299309E+15
  0.31911698E+14  0.94510796E+15  0.10655073E+16  0.15570291E+16  0.41210397E+16
  0.90965484E+16  0.34286520E+17  0.10316874E+18  0.29718239E+18  0.76418570E+18
  0.24429758E+19  0.77844194E+19  0.24527186E+20  0.54576113E+20  0.88357803E+20
  0.11865326E+21  0.14396349E+21  0.16188558E+21  0.16687649E+21  0.17284558E+21
  0.17508133E+21  0.17271499E+21  0.16519313E+21  0.16035323E+21  0.14749759E+21
  0.13643170E+21  0.12649861E+21  0.11251783E+21  0.99407632E+20  0.82733057E+20
  0.68418277E+20  0.58282907E+20  0.46186607E+20  0.36073032E+20
  0.51144479E+14  0.00000000E+00  0.00000000E+00  0.69716311E+14  0.00000000E+00
  0.10446823E+15  0.00000000E+00  0.00000000E+00  0.00000000E+00  0.00000000E+00
  0.29617855E+14  0.47049545E+14  0.40808296E+14  0.00000000E+00  0.00000000E+00
  0.00000000E+00  0.38326260E+14  0.54358258E+14  0.00000000E+00  0.22130354E+14
  0.00000000E+00  0.00000000E+00  0.00000000E+00  0.00000000E+00  0.00000000E+00
  0.56142574E+14  0.00000000E+00  0.37868455E+15  0.29688991E+15  0.32087326E+15
  0.12258781E+15  0.26188170E+15  0.61085274E+15  0.22182545E+16  0.47549687E+16
  0.12212663E+17  0.34573601E+17  0.86770232E+17  0.26632443E+18  0.75873584E+18
  0.22978196E+19  0.71955643E+19  0.22841989E+20  0.55265833E+20  0.91583713E+20
  0.12687074E+21  0.15795730E+21  0.17832020E+21  0.18618116E+21  0.19644223E+21
  0.19906606E+21  0.19017508E+21  0.18939196E+21  0.17832990E+21  0.16397164E+21
  0.15327916E+21  0.13957739E+21  0.12459603E+21  0.10922908E+21  0.93929246E+20
  0.77348388E+20  0.61432291E+20  0.50156194E+20  0.39177543E+20
  0.00000000E+00  0.00000000E+00  0.00000000E+00  0.69716311E+14  0.00000000E+00
  0.10446823E+15  0.00000000E+00  0.00000000E+00  0.00000000E+00  0.00000000E+00
  0.29617855E+14  0.42591915E+14  0.45265926E+14  0.00000000E+00  0.00000000E+00
  0.00000000E+00  0.65416122E+14  0.54358258E+14  0.00000000E+00  0.22130354E+14
  0.00000000E+00  0.00000000E+00  0.00000000E+00  0.00000000E+00  0.00000000E+00
  0.25903605E+15  0.00000000E+00  0.28998123E+15  0.29688991E+15  0.19738304E+15
  0.25782859E+15  0.18380295E+15  0.54383376E+15  0.14590129E+16  0.59676862E+16
  0.10019462E+17  0.30843211E+17  0.11136007E+18  0.26157027E+18  0.77833313E+18
  0.21414560E+19  0.65690591E+19  0.21482121E+20  0.53585481E+20  0.94612950E+20
  0.13329541E+21  0.17263371E+21  0.19530186E+21  0.20471625E+21  0.21034937E+21
  0.21306775E+21  0.20666540E+21  0.20351644E+21  0.19300739E+21  0.18092012E+21
  0.16682448E+21  0.14868086E+21  0.13251542E+21  0.11592874E+21  0.10203828E+21
  0.82775890E+20  0.65917402E+20  0.51983065E+20  0.40467593E+20
  0.00000000E+00  0.00000000E+00  0.00000000E+00  0.69716311E+14  0.00000000E+00
  0.10446823E+15  0.00000000E+00  0.00000000E+00  0.00000000E+00  0.00000000E+00
  0.29617855E+14  0.25248823E+14  0.87857841E+14  0.00000000E+00  0.00000000E+00
  0.00000000E+00  0.65416122E+14  0.54358258E+14  0.00000000E+00  0.16995437E+14
  0.00000000E+00  0.00000000E+00  0.00000000E+00  0.99796523E+14  0.65608334E+14
  0.18718393E+15  0.00000000E+00  0.20839085E+15  0.22359113E+15  0.19738304E+15
  0.25782859E+15  0.13196431E+15  0.40880914E+15  0.14691984E+16  0.35715155E+16
  0.97384810E+16  0.40869226E+17  0.10562557E+18  0.25078113E+18  0.73516202E+18
  0.20060673E+19  0.59934639E+19  0.19787304E+20  0.52760436E+20  0.95614771E+20
  0.14124961E+21  0.18010134E+21  0.20292873E+21  0.21988000E+21  0.22578290E+21
  0.22659970E+21  0.22342300E+21  0.21838250E+21  0.20638756E+21  0.19130017E+21
  0.17545028E+21  0.15726850E+21  0.14037817E+21  0.12126053E+21  0.10569241E+21
  0.86396662E+20  0.67274861E+20  0.54233216E+20  0.40876841E+20
  0.00000000E+00  0.00000000E+00  0.00000000E+00  0.69716311E+14  0.00000000E+00
  0.10446823E+15  0.00000000E+00  0.00000000E+00  0.00000000E+00  0.00000000E+00
  0.29617855E+14  0.62644810E+14  0.87857841E+14  0.00000000E+00  0.18898285E+14
  0.00000000E+00  0.86825627E+14  0.54358258E+14  0.00000000E+00  0.00000000E+00
  0.00000000E+00  0.00000000E+00  0.00000000E+00  0.10374467E+15  0.16344535E+15
  0.00000000E+00  0.00000000E+00  0.20839085E+15  0.00000000E+00  0.63934181E+14
  0.25782859E+15  0.51294197E+15  0.96606071E+15  0.19921256E+16  0.59508037E+16
  0.12321101E+17  0.43237181E+17  0.10076667E+18  0.23317822E+18  0.65175400E+18
  0.18267663E+19  0.57870398E+19  0.18347189E+20  0.51475601E+20  0.96755469E+20
  0.14501782E+21  0.18473046E+21  0.21388538E+21  0.23320766E+21  0.23787275E+21
  0.24169735E+21  0.23705989E+21  0.23292441E+21  0.21493906E+21  0.20375002E+21
  0.18503570E+21  0.16523227E+21  0.14827940E+21  0.12680591E+21  0.10939379E+21
  0.89859267E+20  0.70526341E+20  0.55820524E+20  0.43158675E+20
  0.00000000E+00  0.00000000E+00  0.00000000E+00  0.69716311E+14  0.00000000E+00
  0.10446823E+15  0.50921250E+14  0.00000000E+00  0.00000000E+00  0.00000000E+00
  0.29617855E+14  0.62644810E+14  0.87857841E+14  0.00000000E+00  0.31196268E+14
  0.00000000E+00  0.14328300E+15  0.54358258E+14  0.00000000E+00  0.00000000E+00
  0.00000000E+00  0.00000000E+00  0.00000000E+00  0.10374467E+15  0.00000000E+00
  0.00000000E+00  0.00000000E+00  0.20839085E+15  0.00000000E+00  0.00000000E+00
  0.38617403E+15  0.36258120E+15  0.22113763E+16  0.31107841E+16  0.99514074E+16
  0.19964534E+17  0.45709335E+17  0.11268209E+18  0.22156149E+18  0.61126782E+18
  0.16887670E+19  0.51943107E+19  0.17390612E+20  0.50947127E+20  0.98900934E+20
  0.14854110E+21  0.19205436E+21  0.22467215E+21  0.23991156E+21  0.25023417E+21
  0.25326448E+21  0.24781718E+21  0.24118734E+21  0.22732231E+21  0.21357941E+21
  0.19383665E+21  0.17302357E+21  0.15684311E+21  0.13380549E+21  0.11531757E+21
  0.95165866E+20  0.74812757E+20  0.59033331E+20  0.44891997E+20
  0.00000000E+00  0.00000000E+00  0.00000000E+00  0.69716311E+14  0.00000000E+00
  0.14760189E+15  0.84308501E+14  0.00000000E+00  0.00000000E+00  0.00000000E+00
  0.29617855E+14  0.62644810E+14  0.87857841E+14  0.00000000E+00  0.31196268E+14
  0.00000000E+00  0.14328300E+15  0.54358258E+14  0.00000000E+00  0.00000000E+00
  0.00000000E+00  0.00000000E+00  0.57498148E+15  0.10374467E+15  0.00000000E+00
  0.00000000E+00  0.00000000E+00  0.20839085E+15  0.00000000E+00  0.10094425E+15
  0.49936571E+15  0.24909277E+15  0.25426087E+16  0.35298879E+16  0.96332452E+16
  0.24062625E+17  0.51189401E+17  0.10037779E+18  0.20379043E+18  0.65850201E+18
  0.17550285E+19  0.50000371E+19  0.16700531E+20  0.50438563E+20  0.10004173E+21
  0.15103160E+21  0.19654375E+21  0.23059132E+21  0.24666862E+21  0.26113417E+21
  0.26280509E+21  0.25245375E+21  0.25020479E+21  0.23795177E+21  0.21910008E+21
  0.20238461E+21  0.17988593E+21  0.16207467E+21  0.14105324E+21  0.11771797E+21
  0.96770531E+20  0.78350320E+20  0.59655922E+20  0.47345162E+20
  0.00000000E+00  0.00000000E+00  0.00000000E+00  0.69716311E+14  0.00000000E+00
  0.18785554E+15  0.84308501E+14  0.00000000E+00  0.00000000E+00  0.00000000E+00
  0.29617855E+14  0.62644810E+14  0.47120405E+14  0.40737436E+14  0.31196268E+14
  0.00000000E+00  0.15523790E+15  0.11338550E+15  0.00000000E+00  0.00000000E+00
  0.00000000E+00  0.00000000E+00  0.11244152E+16  0.10374467E+15  0.00000000E+00
  0.00000000E+00  0.75622428E+15  0.20839085E+15  0.00000000E+00  0.23970812E+14
  0.19854642E+15  0.00000000E+00  0.48681519E+16  0.43387643E+16  0.76253606E+16
  0.20593493E+17  0.43220980E+17  0.10548133E+18  0.25269178E+18  0.63399743E+18
  0.16246371E+19  0.48948908E+19  0.16150375E+20  0.50809874E+20  0.10189589E+21
  0.15411753E+21  0.20027797E+21  0.23083335E+21  0.25180317E+21  0.26604290E+21
  0.26714831E+21  0.25646359E+21  0.25401453E+21  0.23626074E+21  0.22347443E+21
  0.20183891E+21  0.18439987E+21  0.16378901E+21  0.14045703E+21  0.11954435E+21
  0.96269700E+20  0.79743267E+20  0.60564556E+20  0.47304265E+20
  0.00000000E+00  0.00000000E+00  0.00000000E+00  0.69716311E+14  0.00000000E+00
  0.17875621E+15  0.93407828E+14  0.00000000E+00  0.00000000E+00  0.00000000E+00
  0.29617855E+14  0.62644810E+14  0.27268643E+15  0.39087079E+14  0.31196268E+14
  0.00000000E+00  0.27282849E+15  0.00000000E+00  0.00000000E+00  0.00000000E+00
  0.00000000E+00  0.00000000E+00  0.62754586E+15  0.10374467E+15  0.00000000E+00
  0.00000000E+00  0.12442529E+16  0.20839085E+15  0.00000000E+00  0.00000000E+00
  0.21003642E+15  0.00000000E+00  0.39951842E+16  0.55029493E+16  0.71517048E+16
  0.14593648E+17  0.48044983E+17  0.11428260E+18  0.26782448E+18  0.69361180E+18
  0.16280839E+19  0.50053856E+19  0.16256698E+20  0.50080331E+20  0.10328953E+21
  0.15555563E+21  0.20711833E+21  0.24168391E+21  0.26064888E+21  0.27175525E+21
  0.27423782E+21  0.26586256E+21  0.25571668E+21  0.24159318E+21  0.22266769E+21
  0.21026447E+21  0.18919064E+21  0.16414955E+21  0.14374051E+21  0.12123951E+21
  0.98984261E+20  0.79675952E+20  0.62844545E+20  0.48647795E+20
  0.00000000E+00  0.00000000E+00  0.00000000E+00  0.69716311E+14  0.00000000E+00
  0.50715723E+14  0.22144832E+15  0.00000000E+00  0.00000000E+00  0.00000000E+00
  0.29617855E+14  0.62644810E+14  0.13928777E+15  0.00000000E+00  0.31196268E+14
  0.00000000E+00  0.27282849E+15  0.00000000E+00  0.00000000E+00  0.00000000E+00
  0.00000000E+00  0.00000000E+00  0.46641841E+15  0.10374467E+15  0.00000000E+00
  0.00000000E+00  0.64764018E+15  0.31830085E+14  0.00000000E+00  0.00000000E+00
  0.48019519E+15  0.14713020E+15  0.32283228E+16  0.52230432E+16  0.12106483E+17
  0.15693857E+17  0.56772350E+17  0.12101489E+18  0.28997532E+18  0.67282616E+18
  0.16264394E+19  0.50500452E+19  0.16481648E+20  0.49694958E+20  0.10264473E+21
  0.15773954E+21  0.20942447E+21  0.24703198E+21  0.26691529E+21  0.27962482E+21
  0.27739382E+21  0.27257598E+21  0.26004490E+21  0.24675205E+21  0.23272284E+21
  0.21620511E+21  0.19600221E+21  0.17221990E+21  0.14729995E+21  0.12512908E+21
  0.10141404E+21  0.81363539E+20  0.62833762E+20  0.48624452E+20
  0.00000000E+00  0.00000000E+00  0.00000000E+00  0.69716311E+14  0.00000000E+00
  0.28643530E+14  0.48851354E+15  0.00000000E+00  0.00000000E+00  0.00000000E+00
  0.29617855E+14  0.62644810E+14  0.13928777E+15  0.00000000E+00  0.31196268E+14
  0.00000000E+00  0.27282849E+15  0.00000000E+00  0.00000000E+00  0.00000000E+00
  0.00000000E+00  0.00000000E+00  0.00000000E+00  0.10374467E+15  0.00000000E+00
  0.00000000E+00  0.12735674E+16  0.17046177E+15  0.12390722E+14  0.00000000E+00
  0.62454679E+14  0.65302886E+15  0.29923773E+16  0.34844276E+16  0.17922790E+17
  0.23062808E+17  0.67590988E+17  0.11964800E+18  0.31084322E+18  0.77867955E+18
  0.18150955E+19  0.51581020E+19  0.17143757E+20  0.51380347E+20  0.10366063E+21
  0.16047548E+21  0.20959857E+21  0.25250147E+21  0.27333641E+21  0.28352185E+21
  0.28428180E+21  0.27866580E+21  0.26570705E+21  0.25115122E+21  0.23527075E+21
  0.21694852E+21  0.19416143E+21  0.17120906E+21  0.15016351E+21  0.12642260E+21
  0.10703029E+21  0.85042534E+20  0.67120543E+20  0.51618945E+20
  0.00000000E+00  0.00000000E+00  0.00000000E+00  0.69716311E+14  0.00000000E+00
  0.00000000E+00  0.57267663E+15  0.00000000E+00  0.00000000E+00  0.00000000E+00
  0.29617855E+14  0.62644810E+14  0.13928777E+15  0.00000000E+00  0.31196268E+14
  0.00000000E+00  0.27282849E+15  0.00000000E+00  0.00000000E+00  0.00000000E+00
  0.00000000E+00  0.00000000E+00  0.00000000E+00  0.10374467E+15  0.00000000E+00
  0.00000000E+00  0.87203765E+15  0.61020907E+15  0.39630514E+15  0.00000000E+00
  0.00000000E+00  0.76554845E+15  0.27836254E+16  0.33099338E+16  0.16777295E+17
  0.31911070E+17  0.61730574E+17  0.11921450E+18  0.32688710E+18  0.80858194E+18
  0.19530937E+19  0.57264429E+19  0.19054603E+20  0.54097524E+20  0.10730632E+21
  0.16394894E+21  0.21683870E+21  0.25473559E+21  0.27501759E+21  0.29120823E+21
  0.29129348E+21  0.28170917E+21  0.27161216E+21  0.25558642E+21  0.23657154E+21
  0.22033261E+21  0.19643664E+21  0.17295111E+21  0.15455941E+21  0.13359761E+21
  0.10895222E+21  0.85820464E+20  0.67603411E+20  0.53334959E+20
  0.00000000E+00  0.00000000E+00  0.00000000E+00  0.51513815E+14  0.00000000E+00
  0.36696493E+14  0.53432043E+15  0.00000000E+00  0.00000000E+00  0.00000000E+00
  0.42475447E+14  0.13754797E+13  0.26231371E+15  0.00000000E+00  0.40506080E+14
  0.00000000E+00  0.14464101E+15  0.00000000E+00  0.00000000E+00  0.00000000E+00
  0.00000000E+00  0.00000000E+00  0.00000000E+00  0.10374467E+15  0.00000000E+00
  0.00000000E+00  0.29795713E+15  0.25023793E+15  0.47979658E+15  0.00000000E+00
  0.55852464E+15  0.16470872E+16  0.21748267E+16  0.44295948E+16  0.16348227E+17
  0.38344511E+17  0.68266342E+17  0.16587494E+18  0.38052925E+18  0.82594151E+18
  0.21922990E+19  0.63035810E+19  0.20879460E+20  0.58884432E+20  0.11216224E+21
  0.17148338E+21  0.22286508E+21  0.26095943E+21  0.28008458E+21  0.29055180E+21
  0.29610191E+21  0.28748970E+21  0.27831493E+21  0.26034536E+21  0.24096492E+21
  0.22102435E+21  0.19809099E+21  0.18047932E+21  0.15730028E+21  0.13120874E+21
  0.10970204E+21  0.86985420E+20  0.65895750E+20  0.50820434E+20
  0.00000000E+00  0.00000000E+00  0.00000000E+00  0.00000000E+00  0.00000000E+00
  0.16940789E+15  0.23850033E+15  0.00000000E+00  0.00000000E+00  0.00000000E+00
  0.13691072E+15  0.00000000E+00  0.22156205E+15  0.00000000E+00  0.17932046E+15
  0.48167946E+13  0.65416122E+14  0.00000000E+00  0.00000000E+00  0.00000000E+00
  0.00000000E+00  0.00000000E+00  0.16964817E+13  0.10374467E+15  0.00000000E+00
  0.00000000E+00  0.18374609E+15  0.16728449E+15  0.38993717E+15  0.10958636E+15
  0.69657466E+15  0.26797260E+16  0.18215709E+16  0.81862925E+16  0.17567478E+17
  0.45806528E+17  0.85010201E+17  0.17387397E+18  0.41042404E+18  0.10081068E+19
  0.26134483E+19  0.77247065E+19  0.24475374E+20  0.63227919E+20  0.11655360E+21
  0.17622239E+21  0.22591653E+21  0.26546324E+21  0.28419420E+21  0.29298987E+21
  0.29359552E+21  0.28697013E+21  0.27191248E+21  0.25911823E+21  0.24269991E+21
  0.21940545E+21  0.19849928E+21  0.17745909E+21  0.15649601E+21  0.13163363E+21
  0.11063673E+21  0.87161779E+20  0.65867030E+20  0.52116360E+20
  0.29060042E+14  0.00000000E+00  0.00000000E+00  0.00000000E+00  0.00000000E+00
  0.17201789E+15  0.82602645E+14  0.00000000E+00  0.00000000E+00  0.00000000E+00
  0.13691072E+15  0.00000000E+00  0.57774645E+15  0.00000000E+00  0.15763378E+15
  0.36639736E+14  0.65416122E+14  0.00000000E+00  0.71174480E+14  0.00000000E+00
  0.00000000E+00  0.00000000E+00  0.61516808E+14  0.10374467E+15  0.00000000E+00
  0.00000000E+00  0.18374609E+15  0.43332280E+15  0.11346986E+15  0.48813166E+15
  0.75416247E+15  0.25624244E+16  0.37692104E+16  0.97006899E+16  0.19719579E+17
  0.47232752E+17  0.93648006E+17  0.20789385E+18  0.51487097E+18  0.12520606E+19
  0.32468072E+19  0.96886348E+19  0.30670661E+20  0.71027616E+20  0.12526535E+21
  0.18027662E+21  0.22753122E+21  0.26370835E+21  0.28408776E+21  0.29137410E+21
  0.29240301E+21  0.28576967E+21  0.27700650E+21  0.25777355E+21  0.24258882E+21
  0.22079760E+21  0.19897128E+21  0.17496692E+21  0.15233471E+21  0.13015598E+21
  0.10708543E+21  0.84106358E+20  0.65260416E+20  0.52584236E+20
  0.53062867E+14  0.00000000E+00  0.00000000E+00  0.00000000E+00  0.00000000E+00
  0.20390481E+15  0.50715723E+14  0.00000000E+00  0.00000000E+00  0.00000000E+00
  0.13691072E+15  0.00000000E+00  0.37655251E+15  0.00000000E+00  0.18092964E+14
  0.36639736E+14  0.65416122E+14  0.00000000E+00  0.82163066E+14  0.00000000E+00
  0.00000000E+00  0.00000000E+00  0.00000000E+00  0.24541372E+15  0.00000000E+00
  0.00000000E+00  0.18374609E+15  0.24596096E+15  0.27280922E+15  0.43736682E+15
  0.85173844E+15  0.29950247E+16  0.57389050E+16  0.81933456E+16  0.22685824E+17
  0.59154296E+17  0.12360588E+18  0.31505595E+18  0.69420343E+18  0.16725446E+19
  0.44886939E+19  0.13241172E+20  0.38170879E+20  0.80653162E+20  0.13266562E+21
  0.18537912E+21  0.22862451E+21  0.26305417E+21  0.28122972E+21  0.28956086E+21
  0.29134928E+21  0.28201834E+21  0.27339221E+21  0.25731011E+21  0.23655598E+21
  0.21808139E+21  0.19369473E+21  0.17469705E+21  0.15025980E+21  0.12601585E+21
  0.10296088E+21  0.83723403E+20  0.65336387E+20  0.50169103E+20
  0.53062867E+14  0.00000000E+00  0.00000000E+00  0.00000000E+00  0.00000000E+00
  0.20390481E+15  0.50715723E+14  0.00000000E+00  0.00000000E+00  0.00000000E+00
  0.13691072E+15  0.00000000E+00  0.31339770E+15  0.00000000E+00  0.00000000E+00
  0.36639736E+14  0.27380676E+14  0.33732810E+14  0.82163066E+14  0.00000000E+00
  0.00000000E+00  0.00000000E+00  0.00000000E+00  0.17213817E+15  0.00000000E+00
  0.00000000E+00  0.18374609E+15  0.00000000E+00  0.35281153E+15  0.45181541E+15
  0.80940547E+15  0.54647164E+16  0.85262812E+16  0.90411324E+16  0.30305828E+17
  0.77237587E+17  0.15241844E+18  0.37319722E+18  0.83832452E+18  0.22174420E+19
  0.61281087E+19  0.18356463E+20  0.46974436E+20  0.91362884E+20  0.14335142E+21
  0.19157232E+21  0.22924407E+21  0.25552838E+21  0.27617795E+21  0.28696377E+21
  0.28943158E+21  0.28238704E+21  0.26886742E+21  0.25032541E+21  0.23356109E+21
  0.21001610E+21  0.19026543E+21  0.16703791E+21  0.14873696E+21  0.12227054E+21
  0.10057059E+21  0.81531424E+20  0.64039176E+20  0.48275418E+20
  0.53062867E+14  0.00000000E+00  0.00000000E+00  0.00000000E+00  0.00000000E+00
  0.20390481E+15  0.50715723E+14  0.00000000E+00  0.00000000E+00  0.00000000E+00
  0.15501281E+15  0.00000000E+00  0.13858843E+15  0.00000000E+00  0.00000000E+00
  0.38459345E+14  0.00000000E+00  0.56615104E+14  0.75501451E+15  0.00000000E+00
  0.00000000E+00  0.00000000E+00  0.00000000E+00  0.17213817E+15  0.00000000E+00
  0.00000000E+00  0.18374609E+15  0.00000000E+00  0.30497106E+15  0.18276350E+16
  0.17139549E+16  0.18330536E+16  0.81197888E+16  0.13397861E+17  0.38145383E+17
  0.95691413E+17  0.23083276E+18  0.49477702E+18  0.11788376E+19  0.31012776E+19
  0.88370116E+19  0.25387717E+20  0.58399254E+20  0.10371982E+21  0.15238536E+21
  0.19537061E+21  0.22951157E+21  0.25542603E+21  0.27392403E+21  0.28101947E+21
  0.28227337E+21  0.27316447E+21  0.25813404E+21  0.24444749E+21  0.22376010E+21
  0.20785960E+21  0.18824367E+21  0.16164530E+21  0.14342757E+21  0.11989414E+21
  0.98091253E+20  0.78687270E+20  0.61869911E+20  0.48033572E+20
  0.53062867E+14  0.00000000E+00  0.00000000E+00  0.00000000E+00  0.00000000E+00
  0.20390481E+15  0.50715723E+14  0.00000000E+00  0.00000000E+00  0.00000000E+00
  0.24482370E+15  0.00000000E+00  0.33765733E+15  0.00000000E+00  0.00000000E+00
  0.75682172E+14  0.00000000E+00  0.56615104E+14  0.74922887E+15  0.86503652E+14
  0.00000000E+00  0.00000000E+00  0.00000000E+00  0.17213817E+15  0.00000000E+00
  0.00000000E+00  0.18374609E+15  0.00000000E+00  0.30497106E+15  0.74283183E+15
  0.20932452E+16  0.34635099E+16  0.79055199E+16  0.24379834E+17  0.69741301E+17
  0.11577873E+18  0.27600196E+18  0.65260415E+18  0.16817428E+19  0.46471701E+19
  0.13378586E+20  0.35753963E+20  0.70629366E+20  0.11528637E+21  0.15858739E+21
  0.19919833E+21  0.22937313E+21  0.25674664E+21  0.26712484E+21  0.27010052E+21
  0.26791945E+21  0.25972645E+21  0.24673578E+21  0.23326619E+21  0.21226327E+21
  0.19342773E+21  0.17258135E+21  0.15549769E+21  0.13470209E+21  0.11646588E+21
  0.94078826E+20  0.73981778E+20  0.57414878E+20  0.46238510E+20
  0.53062867E+14  0.00000000E+00  0.00000000E+00  0.00000000E+00  0.00000000E+00
  0.77304226E+14  0.50715723E+14  0.00000000E+00  0.00000000E+00  0.00000000E+00
  0.14962647E+15  0.00000000E+00  0.14586235E+15  0.00000000E+00  0.00000000E+00
  0.36639736E+14  0.00000000E+00  0.10605503E+15  0.82163066E+14  0.29423281E+14
  0.00000000E+00  0.00000000E+00  0.00000000E+00  0.14257615E+15  0.00000000E+00
  0.00000000E+00  0.18374609E+15  0.11950310E+15  0.33856330E+15  0.42463336E+15
  0.48377651E+15  0.37933214E+16  0.96347402E+16  0.29711074E+17  0.71661395E+17
  0.13756665E+18  0.35490882E+18  0.91948517E+18  0.23245121E+19  0.67134328E+19
  0.19461303E+20  0.46033151E+20  0.83557398E+20  0.12431839E+21  0.16641159E+21
  0.20199882E+21  0.22866974E+21  0.24696108E+21  0.25685268E+21  0.25825621E+21
  0.25150909E+21  0.24283100E+21  0.23074916E+21  0.21688596E+21  0.19879547E+21
  0.18076730E+21  0.16106457E+21  0.14133754E+21  0.12235469E+21  0.10431812E+21
  0.86538064E+20  0.68837310E+20  0.53556246E+20  0.42615761E+20
  0.14938912E+15  0.00000000E+00  0.00000000E+00  0.00000000E+00  0.00000000E+00
  0.00000000E+00  0.50715723E+14  0.00000000E+00  0.76128792E+14  0.47127622E+14
  0.13691072E+15  0.00000000E+00  0.14763708E+15  0.00000000E+00  0.19966917E+14
  0.24052868E+14  0.00000000E+00  0.21523210E+15  0.82163066E+14  0.00000000E+00
  0.00000000E+00  0.00000000E+00  0.00000000E+00  0.00000000E+00  0.00000000E+00
  0.11736036E+15  0.55217179E+14  0.45242161E+15  0.79815294E+15  0.72287422E+15
  0.14413281E+16  0.36380813E+16  0.14453481E+17  0.30944130E+17  0.78826236E+17
  0.18678336E+18  0.48759364E+18  0.13248115E+19  0.34423597E+19  0.10043057E+20
  0.27431318E+20  0.57651361E+20  0.94986228E+20  0.13350871E+21  0.16860531E+21
  0.20271443E+21  0.22386410E+21  0.23693167E+21  0.24153836E+21  0.24105891E+21
  0.23411159E+21  0.22542794E+21  0.21314675E+21  0.20005488E+21  0.18281820E+21
  0.16548438E+21  0.14757089E+21  0.13165922E+21  0.11424669E+21  0.95121320E+20
  0.76649799E+20  0.62001197E+20  0.49593163E+20  0.39912497E+20
  0.27795015E+15  0.00000000E+00  0.00000000E+00  0.00000000E+00  0.00000000E+00
  0.00000000E+00  0.50715723E+14  0.40098538E+13  0.10157004E+15  0.00000000E+00
  0.15768925E+15  0.00000000E+00  0.17605375E+15  0.00000000E+00  0.00000000E+00
  0.00000000E+00  0.00000000E+00  0.22138767E+15  0.10978046E+15  0.00000000E+00
  0.00000000E+00  0.00000000E+00  0.00000000E+00  0.00000000E+00  0.00000000E+00
  0.16474063E+15  0.00000000E+00  0.95195527E+15  0.61368987E+15  0.20929353E+16
  0.30755031E+16  0.74451789E+16  0.19515610E+17  0.40079892E+17  0.11389411E+18
  0.25319123E+18  0.64521953E+18  0.18905942E+19  0.52663555E+19  0.14877951E+20
  0.37039098E+20  0.68765227E+20  0.10535285E+21  0.13844614E+21  0.16977472E+21
  0.19415403E+21  0.21388166E+21  0.22178100E+21  0.22381434E+21  0.22314931E+21
  0.21531800E+21  0.20727842E+21  0.19591667E+21  0.18134837E+21  0.16795233E+21
  0.15337474E+21  0.13614945E+21  0.12148538E+21  0.10403131E+21  0.88234208E+20
  0.71464447E+20  0.58408581E+20  0.46880207E+20  0.38975125E+20
  0.97225392E+14  0.28777686E+15  0.71048216E+14  0.00000000E+00  0.00000000E+00
  0.00000000E+00  0.50715723E+14  0.28219674E+14  0.39958392E+14  0.00000000E+00
  0.00000000E+00  0.36536697E+15  0.92301989E+14  0.00000000E+00  0.00000000E+00
  0.62421237E+14  0.32889084E+15  0.15960015E+15  0.00000000E+00  0.19157629E+15
  0.00000000E+00  0.00000000E+00  0.00000000E+00  0.12289936E+15  0.00000000E+00
  0.00000000E+00  0.00000000E+00  0.12237865E+16  0.60158193E+15  0.13012019E+16
  0.51713782E+16  0.98035837E+16  0.15861144E+17  0.46638288E+17  0.13842854E+18
  0.34373283E+18  0.91567938E+18  0.25912999E+19  0.73952352E+19  0.20819172E+20
  0.45903899E+20  0.78559766E+20  0.11313067E+21  0.14277850E+21  0.16905590E+21
  0.18657592E+21  0.19705757E+21  0.20510996E+21  0.20937173E+21  0.20465887E+21
  0.19666759E+21  0.18762210E+21  0.17468298E+21  0.16124925E+21  0.14750283E+21
  0.13301301E+21  0.12059750E+21  0.10567235E+21  0.92283207E+20  0.79018143E+20
  0.65301482E+20  0.54187230E+20  0.43207318E+20  0.34726615E+20
  0.00000000E+00  0.36241610E+14  0.14663502E+15  0.00000000E+00  0.00000000E+00
  0.00000000E+00  0.50715723E+14  0.22382243E+15  0.24914178E+14  0.00000000E+00
  0.68649280E+14  0.33901469E+15  0.82274274E+14  0.00000000E+00  0.11037279E+14
  0.70126481E+14  0.20736530E+15  0.15960015E+15  0.00000000E+00  0.21836464E+15
  0.00000000E+00  0.00000000E+00  0.00000000E+00  0.61737542E+14  0.32218343E+15
  0.97420378E+14  0.19672970E+14  0.44870863E+15  0.11384544E+16  0.14862485E+15
  0.52793049E+16  0.87196621E+16  0.28167451E+17  0.58089592E+17  0.18165743E+18
  0.42641381E+18  0.12510723E+19  0.34668421E+19  0.10397013E+20  0.27482426E+20
  0.54036804E+20  0.84784284E+20  0.11426854E+21  0.13965398E+21  0.16017192E+21
  0.17256044E+21  0.17856007E+21  0.18432436E+21  0.18678852E+21  0.18144685E+21
  0.17381234E+21  0.16382396E+21  0.15326743E+21  0.14439602E+21  0.13130708E+21
  0.11880858E+21  0.10582952E+21  0.93535390E+20  0.80476792E+20  0.67405742E+20
  0.56295509E+20  0.46503020E+20  0.38239575E+20  0.32473828E+20
  0.50503158E+14  0.91017799E+13  0.16213245E+15  0.00000000E+00  0.00000000E+00
  0.00000000E+00  0.16976115E+15  0.63275030E+15  0.20122798E+15  0.81770302E+14
  0.00000000E+00  0.50512420E+13  0.82274274E+14  0.00000000E+00  0.56581424E+14
  0.10760125E+15  0.11438515E+15  0.21285091E+15  0.10150199E+15  0.17743562E+15
  0.00000000E+00  0.00000000E+00  0.00000000E+00  0.25590396E+15  0.53011357E+15
  0.41917061E+14  0.33796321E+15  0.22979468E+14  0.11217223E+16  0.11604528E+16
  0.56638103E+16  0.18513208E+17  0.32899752E+17  0.74551010E+17  0.20909853E+18
  0.55353088E+18  0.15405159E+19  0.46004363E+19  0.14001960E+20  0.34077525E+20
  0.59674157E+20  0.86101760E+20  0.11052741E+21  0.13133400E+21  0.14546215E+21
  0.15392560E+21  0.16156982E+21  0.16342572E+21  0.16070528E+21  0.15505530E+21
  0.14936628E+21  0.14062853E+21  0.13165987E+21  0.12370591E+21  0.11248340E+21
  0.98944679E+20  0.88454536E+20  0.78202811E+20  0.69286491E+20  0.58955324E+20
  0.49828413E+20  0.40647069E+20  0.33790795E+20  0.28083171E+20
  0.77257971E+14  0.00000000E+00  0.22346611E+15  0.00000000E+00  0.22654176E+15
  0.00000000E+00  0.53523561E+15  0.20748043E+15  0.29776444E+15  0.00000000E+00
  0.00000000E+00  0.00000000E+00  0.65912232E+14  0.00000000E+00  0.75171068E+14
  0.84006390E+14  0.11801097E+15  0.32284135E+15  0.12382888E+15  0.48146934E+15
  0.00000000E+00  0.00000000E+00  0.00000000E+00  0.15777212E+15  0.67483993E+15
  0.00000000E+00  0.10814314E+16  0.78474379E+15  0.65571082E+15  0.18192080E+16
  0.74197812E+16  0.17979276E+17  0.38662132E+17  0.85050734E+17  0.22759329E+18
  0.66340129E+18  0.19394354E+19  0.58086592E+19  0.17247673E+20  0.37646473E+20
  0.61243030E+20  0.80861167E+20  0.98512639E+20  0.11337075E+21  0.12312268E+21
  0.13159795E+21  0.13521701E+21  0.13384552E+21  0.13271767E+21  0.12656118E+21
  0.11840466E+21  0.11355344E+21  0.10688592E+21  0.97453862E+20  0.89515944E+20
  0.81931432E+20  0.73020762E+20  0.63911619E+20  0.55050223E+20  0.46712473E+20
  0.39727154E+20  0.32839024E+20  0.27825709E+20  0.23563394E+20
  0.90720447E+14  0.21078511E+14  0.24507790E+15  0.00000000E+00  0.18451773E+15
  0.13078261E+14  0.00000000E+00  0.11132209E+15  0.32422167E+14  0.00000000E+00
  0.00000000E+00  0.00000000E+00  0.00000000E+00  0.00000000E+00  0.13554736E+15
  0.10705447E+15  0.35758642E+15  0.32401607E+15  0.12610459E+15  0.25130581E+15
  0.76468926E+14  0.00000000E+00  0.00000000E+00  0.12352567E+15  0.14649888E+15
  0.00000000E+00  0.29109849E+16  0.71435789E+15  0.42473179E+15  0.28407559E+16
  0.54453447E+16  0.21016609E+17  0.50553124E+17  0.10599791E+18  0.26107387E+18
  0.74632634E+18  0.22479258E+19  0.70158884E+19  0.19317193E+20  0.38391974E+20
  0.54722284E+20  0.68217844E+20  0.78882411E+20  0.85535784E+20  0.91908519E+20
  0.98516805E+20  0.97985398E+20  0.97600714E+20  0.93903427E+20  0.91376625E+20
  0.88070804E+20  0.83389998E+20  0.78723853E+20  0.71401957E+20  0.64805876E+20
  0.60892339E+20  0.53077483E+20  0.46043131E+20  0.40133543E+20  0.34374739E+20
  0.29042254E+20  0.24574523E+20  0.20870130E+20  0.17690436E+20
  0.13774602E+15  0.19303297E+15  0.27042990E+15  0.00000000E+00  0.00000000E+00
  0.31996448E+15  0.00000000E+00  0.11132209E+15  0.00000000E+00  0.00000000E+00
  0.00000000E+00  0.00000000E+00  0.00000000E+00  0.00000000E+00  0.29513523E+15
  0.94847697E+14  0.30449089E+15  0.21415405E+15  0.24463853E+15  0.14716629E+14
  0.37883807E+15  0.00000000E+00  0.00000000E+00  0.26015251E+14  0.00000000E+00
  0.45290964E+15  0.53945399E+15  0.00000000E+00  0.31849335E+16  0.52045586E+16
  0.48706834E+16  0.17763194E+17  0.51638546E+17  0.13090822E+18  0.30927522E+18
  0.87014395E+18  0.25344250E+19  0.76798705E+19  0.19774171E+20  0.31698203E+20
  0.36954377E+20  0.39792680E+20  0.43409423E+20  0.45631405E+20  0.47564476E+20
  0.49208153E+20  0.50388919E+20  0.49556999E+20  0.48497759E+20  0.48044361E+20
  0.46213170E+20  0.43690912E+20  0.40597179E+20  0.37624735E+20  0.33972534E+20
  0.30900225E+20  0.27938230E+20  0.25017101E+20  0.22339788E+20  0.19759186E+20
  0.16720989E+20  0.14502860E+20  0.12485600E+20  0.11383201E+20
  0.00000000E+00  0.00000000E+00  0.53869500E-16  0.15986654E-17  0.00000000E+00
  0.00000000E+00  0.00000000E+00  0.00000000E+00  0.00000000E+00  0.00000000E+00
  0.25480721E-16  0.00000000E+00  0.24149403E-16  0.00000000E+00  0.00000000E+00
  0.00000000E+00  0.00000000E+00  0.55438929E-17  0.00000000E+00  0.42905620E-16
  0.64373043E-17  0.00000000E+00  0.00000000E+00  0.00000000E+00  0.00000000E+00
  0.00000000E+00  0.00000000E+00  0.30869971E-17  0.15586947E-17  0.00000000E+00
  0.45828236E-19  0.25229255E-17  0.37129326E-17  0.20687357E-17  0.26506322E-17
  0.28969441E-17  0.20655743E-17  0.17986809E-17  0.15382546E-17  0.13722923E-17
  0.10857836E-17  0.85332335E-18  0.63908652E-18  0.46800081E-18  0.36974822E-18
  0.30830108E-18  0.28267696E-18  0.26651633E-18  0.25813624E-18  0.25067646E-18
  0.24541785E-18  0.24014600E-18  0.24022727E-18  0.23866946E-18  0.23520184E-18
  0.23433650E-18  0.23277486E-18  0.22895573E-18  0.22588033E-18  0.22159796E-18
  0.23011173E-18  0.23350073E-18  0.25563706E-18  0.29413933E-18
  0.00000000E+00  0.00000000E+00  0.53869500E-16  0.55383632E-17  0.00000000E+00
  0.73324173E-17  0.00000000E+00  0.00000000E+00  0.00000000E+00  0.00000000E+00
  0.25480721E-16  0.38984170E-16  0.26028609E-16  0.00000000E+00  0.00000000E+00
  0.00000000E+00  0.00000000E+00  0.55438929E-17  0.00000000E+00  0.41487729E-16
  0.48300685E-17  0.69527805E-17  0.00000000E+00  0.00000000E+00  0.00000000E+00
  0.11687266E-17  0.00000000E+00  0.52419809E-17  0.11395973E-17  0.00000000E+00
  0.00000000E+00  0.33961520E-17  0.37046201E-17  0.23242051E-17  0.23362448E-17
  0.31276620E-17  0.22727021E-17  0.21567334E-17  0.18101283E-17  0.15006911E-17
  0.11845313E-17  0.91998409E-18  0.66060626E-18  0.47680894E-18  0.36293244E-18
  0.30496206E-18  0.27943784E-18  0.26252508E-18  0.25600632E-18  0.24841228E-18
  0.24543974E-18  0.23883704E-18  0.23718643E-18  0.23548326E-18  0.23150097E-18
  0.22809170E-18  0.23062842E-18  0.22853701E-18  0.22550069E-18  0.22074029E-18
  0.22432020E-18  0.22726638E-18  0.24793068E-18  0.27951140E-18
  0.00000000E+00  0.00000000E+00  0.00000000E+00  0.55383632E-17  0.00000000E+00
  0.73324173E-17  0.00000000E+00  0.00000000E+00  0.00000000E+00  0.00000000E+00
  0.25480721E-16  0.39810026E-16  0.24149403E-16  0.00000000E+00  0.00000000E+00
  0.00000000E+00  0.00000000E+00  0.55438929E-17  0.00000000E+00  0.42905620E-16
  0.00000000E+00  0.69527805E-17  0.00000000E+00  0.00000000E+00  0.00000000E+00
  0.11687266E-17  0.00000000E+00  0.60265932E-17  0.32311874E-17  0.25811857E-17
  0.00000000E+00  0.16740079E-17  0.28934010E-17  0.26588491E-17  0.22918131E-17
  0.29784001E-17  0.25465169E-17  0.23670650E-17  0.18413860E-17  0.15906467E-17
  0.12317830E-17  0.96670975E-18  0.67824030E-18  0.48625632E-18  0.36888492E-18
  0.30842394E-18  0.28010282E-18  0.26358784E-18  0.25399041E-18  0.24803795E-18
  0.24448229E-18  0.24014616E-18  0.23827352E-18  0.23352054E-18  0.23156875E-18
  0.23169588E-18  0.22876039E-18  0.22989657E-18  0.22607329E-18  0.22714640E-18
  0.22745258E-18  0.22662667E-18  0.24558245E-18  0.26696543E-18
  0.00000000E+00  0.00000000E+00  0.00000000E+00  0.55383632E-17  0.00000000E+00
  0.73324173E-17  0.00000000E+00  0.00000000E+00  0.00000000E+00  0.00000000E+00
  0.25480721E-16  0.39653493E-16  0.24149403E-16  0.00000000E+00  0.00000000E+00
  0.00000000E+00  0.00000000E+00  0.55438929E-17  0.00000000E+00  0.42905620E-16
  0.00000000E+00  0.00000000E+00  0.00000000E+00  0.00000000E+00  0.00000000E+00
  0.26329878E-17  0.00000000E+00  0.60265932E-17  0.32311874E-17  0.25305033E-17
  0.43432749E-17  0.23812451E-17  0.30658286E-17  0.42350738E-17  0.23901710E-17
  0.28769373E-17  0.29807279E-17  0.24855476E-17  0.18421802E-17  0.17495060E-17
  0.13477529E-17  0.10055319E-17  0.71237302E-18  0.50347167E-18  0.37680962E-18
  0.31211653E-18  0.28146266E-18  0.26480756E-18  0.25409383E-18  0.24779452E-18
  0.24383736E-18  0.24189354E-18  0.23655158E-18  0.23426341E-18  0.23335968E-18
  0.22988688E-18  0.22848791E-18  0.22445560E-18  0.22426457E-18  0.22632361E-18
  0.22399955E-18  0.22923410E-18  0.23924277E-18  0.25989141E-18
  0.12569214E-16  0.00000000E+00  0.00000000E+00  0.55383632E-17  0.00000000E+00
  0.73324173E-17  0.00000000E+00  0.00000000E+00  0.00000000E+00  0.00000000E+00
  0.25480721E-16  0.34055766E-16  0.24149403E-16  0.00000000E+00  0.00000000E+00
  0.00000000E+00  0.00000000E+00  0.55438929E-17  0.00000000E+00  0.42905620E-16
  0.00000000E+00  0.00000000E+00  0.00000000E+00  0.00000000E+00  0.00000000E+00
  0.11687266E-17  0.00000000E+00  0.43068511E-17  0.32311874E-17  0.25305033E-17
  0.17773103E-17  0.35988789E-17  0.44679427E-17  0.46493017E-17  0.28287356E-17
  0.30403052E-17  0.25437465E-17  0.27660041E-17  0.20265582E-17  0.18144562E-17
  0.14240221E-17  0.10309671E-17  0.73255151E-18  0.51816956E-18  0.38776680E-18
  0.31970534E-18  0.28421660E-18  0.26715063E-18  0.25607033E-18  0.24928923E-18
  0.24520825E-18  0.24119028E-18  0.23779274E-18  0.23492744E-18  0.23349075E-18
  0.23016025E-18  0.22714753E-18  0.22607461E-18  0.22657480E-18  0.22443575E-18
  0.22523698E-18  0.22474439E-18  0.23716930E-18  0.25170143E-18
  0.12569214E-16  0.00000000E+00  0.00000000E+00  0.55383632E-17  0.00000000E+00
  0.73324173E-17  0.00000000E+00  0.00000000E+00  0.00000000E+00  0.00000000E+00
  0.25480721E-16  0.34055766E-16  0.24149403E-16  0.00000000E+00  0.00000000E+00
  0.00000000E+00  0.14601530E-16  0.55438929E-17  0.00000000E+00  0.42905620E-16
  0.00000000E+00  0.00000000E+00  0.00000000E+00  0.00000000E+00  0.00000000E+00
  0.12891810E-16  0.00000000E+00  0.44271688E-17  0.32311874E-17  0.25271416E-17
  0.18012107E-17  0.26775394E-17  0.45848646E-17  0.45710909E-17  0.27513054E-17
  0.24227956E-17  0.24306175E-17  0.27120338E-17  0.22321291E-17  0.18908259E-17
  0.14469752E-17  0.10827083E-17  0.76565975E-18  0.52944456E-18  0.39347213E-18
  0.32536665E-18  0.29057543E-18  0.26905808E-18  0.25689490E-18  0.24943358E-18
  0.24508907E-18  0.24083630E-18  0.23866646E-18  0.23640883E-18  0.23387151E-18
  0.23058960E-18  0.22877548E-18  0.22770558E-18  0.22669380E-18  0.22321437E-18
  0.22444557E-18  0.22703064E-18  0.23477698E-18  0.25250336E-18
  0.00000000E+00  0.00000000E+00  0.00000000E+00  0.55383632E-17  0.00000000E+00
  0.73324173E-17  0.00000000E+00  0.00000000E+00  0.00000000E+00  0.00000000E+00
  0.25480721E-16  0.34055766E-16  0.25124947E-16  0.00000000E+00  0.00000000E+00
  0.00000000E+00  0.14601530E-16  0.55438929E-17  0.00000000E+00  0.42905620E-16
  0.00000000E+00  0.00000000E+00  0.00000000E+00  0.00000000E+00  0.00000000E+00
  0.12891810E-16  0.00000000E+00  0.46122934E-17  0.32311874E-17  0.22066827E-17
  0.24506630E-17  0.28630369E-17  0.42497319E-17  0.50474931E-17  0.32167026E-17
  0.25205538E-17  0.26006019E-17  0.26886366E-17  0.21882177E-17  0.18991971E-17
  0.14890536E-17  0.11430697E-17  0.79419475E-18  0.55800306E-18  0.40660739E-18
  0.33080422E-18  0.29107040E-18  0.27051823E-18  0.25856464E-18  0.25039097E-18
  0.24675156E-18  0.24376938E-18  0.23837911E-18  0.23700485E-18  0.23177773E-18
  0.23264185E-18  0.23177193E-18  0.22966922E-18  0.22644402E-18  0.22529901E-18
  0.22501504E-18  0.22688131E-18  0.23420114E-18  0.25335615E-18
  0.00000000E+00  0.00000000E+00  0.00000000E+00  0.55383632E-17  0.00000000E+00
  0.73324173E-17  0.00000000E+00  0.00000000E+00  0.00000000E+00  0.00000000E+00
  0.25480721E-16  0.27444639E-16  0.29454449E-16  0.00000000E+00  0.00000000E+00
  0.00000000E+00  0.14601530E-16  0.55438929E-17  0.00000000E+00  0.42905620E-16
  0.00000000E+00  0.00000000E+00  0.00000000E+00  0.84983818E-17  0.12891810E-16
  0.12891810E-16  0.00000000E+00  0.49217232E-17  0.32311874E-17  0.22066827E-17
  0.24506630E-17  0.31074403E-17  0.23328344E-17  0.43769646E-17  0.41899782E-17
  0.34260252E-17  0.25578091E-17  0.27983714E-17  0.21245762E-17  0.18365828E-17
  0.15525899E-17  0.12114426E-17  0.83251396E-18  0.57718563E-18  0.41735848E-18
  0.33783687E-18  0.29565380E-18  0.27484547E-18  0.26099317E-18  0.25324550E-18
  0.24844017E-18  0.24419382E-18  0.23976903E-18  0.23589220E-18  0.23427030E-18
  0.23271798E-18  0.22983515E-18  0.22907021E-18  0.22842080E-18  0.22789250E-18
  0.22349302E-18  0.22996078E-18  0.23730267E-18  0.26120652E-18
  0.00000000E+00  0.00000000E+00  0.00000000E+00  0.55383632E-17  0.00000000E+00
  0.73324173E-17  0.00000000E+00  0.00000000E+00  0.00000000E+00  0.00000000E+00
  0.25480721E-16  0.27444639E-16  0.29454449E-16  0.00000000E+00  0.16990179E-16
  0.00000000E+00  0.12933294E-16  0.55438929E-17  0.00000000E+00  0.00000000E+00
  0.00000000E+00  0.00000000E+00  0.00000000E+00  0.84983818E-17  0.12891810E-16
  0.00000000E+00  0.00000000E+00  0.49217232E-17  0.00000000E+00  0.22066827E-17
  0.24506630E-17  0.81273767E-18  0.15677138E-17  0.35903313E-17  0.32789920E-17
  0.30742567E-17  0.31068851E-17  0.27675952E-17  0.22718909E-17  0.19807717E-17
  0.15881492E-17  0.12339975E-17  0.87366937E-18  0.60304731E-18  0.43023918E-18
  0.34438959E-18  0.29754464E-18  0.27393493E-18  0.26183181E-18  0.25348380E-18
  0.24837821E-18  0.24390973E-18  0.23877818E-18  0.23644160E-18  0.23313755E-18
  0.23144261E-18  0.23048570E-18  0.22814785E-18  0.22854527E-18  0.22383088E-18
  0.22725046E-18  0.23281349E-18  0.23627370E-18  0.25586889E-18
  0.00000000E+00  0.00000000E+00  0.00000000E+00  0.55383632E-17  0.00000000E+00
  0.73324173E-17  0.19912694E-16  0.00000000E+00  0.00000000E+00  0.00000000E+00
  0.25480721E-16  0.27444639E-16  0.29454449E-16  0.00000000E+00  0.16990179E-16
  0.00000000E+00  0.10924841E-16  0.55438929E-17  0.00000000E+00  0.00000000E+00
  0.00000000E+00  0.00000000E+00  0.00000000E+00  0.84983818E-17  0.00000000E+00
  0.00000000E+00  0.00000000E+00  0.49217232E-17  0.00000000E+00  0.00000000E+00
  0.39594811E-17  0.99013115E-18  0.19940248E-17  0.27093439E-17  0.29919466E-17
  0.35411145E-17  0.32090585E-17  0.28150632E-17  0.24973104E-17  0.20003993E-17
  0.16067811E-17  0.12849001E-17  0.91655941E-18  0.61457886E-18  0.43833334E-18
  0.35049380E-18  0.30077091E-18  0.27678236E-18  0.26237237E-18  0.25458675E-18
  0.24894439E-18  0.24507772E-18  0.24035748E-18  0.23814366E-18  0.23432821E-18
  0.23226613E-18  0.23094600E-18  0.22801684E-18  0.22762691E-18  0.22211642E-18
  0.22621504E-18  0.22967073E-18  0.23285155E-18  0.25701265E-18
  0.00000000E+00  0.00000000E+00  0.00000000E+00  0.55383632E-17  0.00000000E+00
  0.12148564E-16  0.19912694E-16  0.00000000E+00  0.00000000E+00  0.00000000E+00
  0.25480721E-16  0.27444639E-16  0.29454449E-16  0.00000000E+00  0.16990179E-16
  0.00000000E+00  0.10924841E-16  0.55438929E-17  0.00000000E+00  0.00000000E+00
  0.00000000E+00  0.00000000E+00  0.52107955E-17  0.84983818E-17  0.00000000E+00
  0.00000000E+00  0.00000000E+00  0.49217232E-17  0.00000000E+00  0.87558816E-18
  0.48704066E-17  0.90326636E-18  0.29354322E-17  0.29915500E-17  0.30098849E-17
  0.31943662E-17  0.31455029E-17  0.26753657E-17  0.24716355E-17  0.20321786E-17
  0.16011836E-17  0.12693910E-17  0.92568705E-18  0.63169341E-18  0.44303844E-18
  0.35185844E-18  0.30507931E-18  0.27809566E-18  0.26378171E-18  0.25416133E-18
  0.24819569E-18  0.24633887E-18  0.24207787E-18  0.23736952E-18  0.23609243E-18
  0.23081839E-18  0.23162904E-18  0.22855128E-18  0.23066656E-18  0.22460214E-18
  0.22359906E-18  0.22540784E-18  0.23349134E-18  0.25070403E-18
  0.00000000E+00  0.00000000E+00  0.00000000E+00  0.55383632E-17  0.00000000E+00
  0.14648040E-16  0.19912694E-16  0.00000000E+00  0.00000000E+00  0.00000000E+00
  0.25480721E-16  0.27444639E-16  0.34040869E-16  0.24149403E-16  0.16990179E-16
  0.00000000E+00  0.13041025E-16  0.85377734E-17  0.00000000E+00  0.00000000E+00
  0.00000000E+00  0.00000000E+00  0.59024973E-17  0.84983818E-17  0.00000000E+00
  0.00000000E+00  0.43404012E-17  0.49217232E-17  0.00000000E+00  0.87558816E-18
  0.42529569E-17  0.00000000E+00  0.28398953E-17  0.27472190E-17  0.35320612E-17
  0.23902883E-17  0.30889395E-17  0.26545424E-17  0.24424723E-17  0.20342185E-17
  0.16805993E-17  0.13184244E-17  0.94218400E-18  0.63603414E-18  0.44789893E-18
  0.35348814E-18  0.30640641E-18  0.28023722E-18  0.26488322E-18  0.25502708E-18
  0.25018734E-18  0.24406806E-18  0.24333289E-18  0.23745907E-18  0.23450289E-18
  0.23332158E-18  0.23295310E-18  0.22827698E-18  0.22698855E-18  0.22707725E-18
  0.22532946E-18  0.22610282E-18  0.23191779E-18  0.25436248E-18
  0.00000000E+00  0.00000000E+00  0.00000000E+00  0.55383632E-17  0.00000000E+00
  0.14486475E-16  0.19709027E-16  0.00000000E+00  0.00000000E+00  0.00000000E+00
  0.25480721E-16  0.27444639E-16  0.20192300E-16  0.20551236E-16  0.16990179E-16
  0.00000000E+00  0.12702441E-16  0.00000000E+00  0.00000000E+00  0.00000000E+00
  0.00000000E+00  0.00000000E+00  0.57899603E-17  0.84983818E-17  0.00000000E+00
  0.00000000E+00  0.28972500E-17  0.49217232E-17  0.00000000E+00  0.00000000E+00
  0.38843535E-17  0.00000000E+00  0.31716179E-17  0.30539684E-17  0.28187553E-17
  0.25839902E-17  0.29654926E-17  0.26037354E-17  0.24454557E-17  0.19260932E-17
  0.17437711E-17  0.13205592E-17  0.95631945E-18  0.64649808E-18  0.45231201E-18
  0.35837163E-18  0.30699328E-18  0.27939500E-18  0.26457495E-18  0.25605101E-18
  0.24862257E-18  0.24421710E-18  0.24141468E-18  0.23902094E-18  0.23536502E-18
  0.23406967E-18  0.22955039E-18  0.22888068E-18  0.22687421E-18  0.22366863E-18
  0.22839138E-18  0.22809703E-18  0.22909986E-18  0.25337685E-18
  0.00000000E+00  0.00000000E+00  0.00000000E+00  0.55383632E-17  0.00000000E+00
  0.60654279E-17  0.18617944E-16  0.00000000E+00  0.00000000E+00  0.00000000E+00
  0.25480721E-16  0.27444639E-16  0.14192186E-16  0.00000000E+00  0.16990179E-16
  0.00000000E+00  0.12702441E-16  0.00000000E+00  0.00000000E+00  0.00000000E+00
  0.00000000E+00  0.00000000E+00  0.57899603E-17  0.84983818E-17  0.00000000E+00
  0.00000000E+00  0.49863463E-17  0.49217232E-17  0.00000000E+00  0.00000000E+00
  0.40551001E-17  0.31004635E-17  0.36361546E-17  0.30021848E-17  0.32308261E-17
  0.29416077E-17  0.27612850E-17  0.27030099E-17  0.24321938E-17  0.20591024E-17
  0.17283522E-17  0.13190072E-17  0.95301157E-18  0.64322667E-18  0.45726003E-18
  0.35601888E-18  0.30520853E-18  0.27982966E-18  0.26448433E-18  0.25564920E-18
  0.24997192E-18  0.24439284E-18  0.23958197E-18  0.23838168E-18  0.23540576E-18
  0.23433369E-18  0.23040405E-18  0.22737044E-18  0.22768886E-18  0.22620142E-18
  0.22803397E-18  0.22940879E-18  0.22969254E-18  0.25002851E-18
  0.00000000E+00  0.00000000E+00  0.00000000E+00  0.55383632E-17  0.00000000E+00
  0.60654279E-17  0.11654291E-16  0.00000000E+00  0.00000000E+00  0.00000000E+00
  0.25480721E-16  0.27444639E-16  0.14192186E-16  0.00000000E+00  0.16990179E-16
  0.00000000E+00  0.12702441E-16  0.00000000E+00  0.00000000E+00  0.00000000E+00
  0.00000000E+00  0.00000000E+00  0.00000000E+00  0.84983818E-17  0.00000000E+00
  0.00000000E+00  0.23666104E-17  0.56577255E-17  0.52381291E-17  0.00000000E+00
  0.22354837E-17  0.36146568E-17  0.36166010E-17  0.30682079E-17  0.25677279E-17
  0.27199132E-17  0.25302518E-17  0.25573655E-17  0.23358514E-17  0.19839191E-17
  0.16914282E-17  0.12911111E-17  0.93679995E-18  0.64109101E-18  0.45703800E-18
  0.35640092E-18  0.30818796E-18  0.28015154E-18  0.26394668E-18  0.25739216E-18
  0.25214294E-18  0.24545787E-18  0.24161298E-18  0.23844126E-18  0.23662056E-18
  0.23473847E-18  0.23331215E-18  0.22894563E-18  0.22606144E-18  0.22666755E-18
  0.22472347E-18  0.22609734E-18  0.23081889E-18  0.25320541E-18
  0.00000000E+00  0.00000000E+00  0.00000000E+00  0.55383632E-17  0.00000000E+00
  0.00000000E+00  0.10813340E-16  0.00000000E+00  0.00000000E+00  0.00000000E+00
  0.25480721E-16  0.27444639E-16  0.14192186E-16  0.00000000E+00  0.16990179E-16
  0.00000000E+00  0.12702441E-16  0.00000000E+00  0.00000000E+00  0.00000000E+00
  0.00000000E+00  0.00000000E+00  0.00000000E+00  0.84983818E-17  0.00000000E+00
  0.00000000E+00  0.85121644E-18  0.56577255E-17  0.52381291E-17  0.00000000E+00
  0.00000000E+00  0.37115458E-17  0.35008645E-17  0.31103627E-17  0.28700308E-17
  0.24201935E-17  0.29240427E-17  0.27653243E-17  0.21696450E-17  0.20399266E-17
  0.16636271E-17  0.12862917E-17  0.91309130E-18  0.63060927E-18  0.44762372E-18
  0.35539705E-18  0.30623966E-18  0.28143122E-18  0.26643333E-18  0.25623692E-18
  0.25080576E-18  0.24528669E-18  0.24068838E-18  0.23831178E-18  0.23729011E-18
  0.23537274E-18  0.23286156E-18  0.23023199E-18  0.22637358E-18  0.22564781E-18
  0.22308605E-18  0.22536672E-18  0.23295768E-18  0.24723357E-18
  0.00000000E+00  0.00000000E+00  0.00000000E+00  0.55383632E-17  0.00000000E+00
  0.72919766E-17  0.11034015E-16  0.00000000E+00  0.00000000E+00  0.00000000E+00
  0.16340701E-16  0.27444639E-16  0.10581309E-16  0.00000000E+00  0.12913073E-16
  0.00000000E+00  0.13233264E-16  0.00000000E+00  0.00000000E+00  0.00000000E+00
  0.00000000E+00  0.00000000E+00  0.00000000E+00  0.84983818E-17  0.00000000E+00
  0.00000000E+00  0.57980608E-17  0.56577255E-17  0.80232583E-17  0.00000000E+00
  0.27112709E-17  0.36364301E-17  0.31736757E-17  0.34003350E-17  0.32376517E-17
  0.25698310E-17  0.29860358E-17  0.27055517E-17  0.21766095E-17  0.20314397E-17
  0.16195844E-17  0.12554749E-17  0.87902286E-18  0.60347896E-18  0.43884763E-18
  0.34954518E-18  0.30505991E-18  0.28081892E-18  0.26600091E-18  0.25496372E-18
  0.24909064E-18  0.24516739E-18  0.24010071E-18  0.23760165E-18  0.23719096E-18
  0.23530796E-18  0.23265914E-18  0.23123695E-18  0.22757730E-18  0.22638094E-18
  0.22250567E-18  0.22649011E-18  0.23430406E-18  0.25187791E-18
  0.00000000E+00  0.00000000E+00  0.00000000E+00  0.00000000E+00  0.00000000E+00
  0.72919766E-17  0.83083884E-17  0.00000000E+00  0.00000000E+00  0.00000000E+00
  0.18183193E-17  0.00000000E+00  0.95681095E-17  0.00000000E+00  0.23371506E-17
  0.97828181E-17  0.14601530E-16  0.00000000E+00  0.00000000E+00  0.00000000E+00
  0.00000000E+00  0.00000000E+00  0.69777914E-17  0.84983818E-17  0.00000000E+00
  0.00000000E+00  0.10468747E-16  0.87851501E-18  0.87058976E-17  0.67110346E-17
  0.23882918E-17  0.35016246E-17  0.31851680E-17  0.37393123E-17  0.32969826E-17
  0.27386141E-17  0.26885274E-17  0.26595761E-17  0.21799996E-17  0.18940530E-17
  0.15205698E-17  0.11663497E-17  0.83750679E-18  0.57737712E-18  0.42672443E-18
  0.34389668E-18  0.30153396E-18  0.27868954E-18  0.26523443E-18  0.25505451E-18
  0.24859314E-18  0.24494005E-18  0.24267006E-18  0.23928494E-18  0.23577441E-18
  0.23497119E-18  0.23287535E-18  0.23107766E-18  0.22610172E-18  0.22349049E-18
  0.22576702E-18  0.23057140E-18  0.23703312E-18  0.25171473E-18
  0.43152157E-17  0.00000000E+00  0.00000000E+00  0.00000000E+00  0.00000000E+00
  0.74446763E-17  0.10423895E-16  0.00000000E+00  0.00000000E+00  0.00000000E+00
  0.18183193E-17  0.00000000E+00  0.44629589E-17  0.00000000E+00  0.29814329E-17
  0.97828181E-17  0.14601530E-16  0.00000000E+00  0.86503777E-17  0.00000000E+00
  0.00000000E+00  0.00000000E+00  0.69777914E-17  0.84983818E-17  0.00000000E+00
  0.00000000E+00  0.10468747E-16  0.87851501E-18  0.13566346E-16  0.64519618E-17
  0.25945774E-17  0.35735503E-17  0.31587052E-17  0.38627669E-17  0.33816311E-17
  0.30551944E-17  0.26082090E-17  0.26392464E-17  0.21140440E-17  0.17643802E-17
  0.14778431E-17  0.10993680E-17  0.76557345E-18  0.53893069E-18  0.40396491E-18
  0.33537754E-18  0.29574559E-18  0.27638485E-18  0.26207322E-18  0.25480726E-18
  0.24853949E-18  0.24447521E-18  0.23952898E-18  0.23847393E-18  0.23508906E-18
  0.23356711E-18  0.23165868E-18  0.23167332E-18  0.22747013E-18  0.22371695E-18
  0.22627357E-18  0.22820764E-18  0.23677049E-18  0.24963919E-18
  0.43152157E-17  0.00000000E+00  0.00000000E+00  0.00000000E+00  0.00000000E+00
  0.89946196E-17  0.60654279E-17  0.00000000E+00  0.00000000E+00  0.00000000E+00
  0.18183193E-17  0.00000000E+00  0.36675495E-17  0.00000000E+00  0.96391210E-17
  0.97828181E-17  0.14601530E-16  0.00000000E+00  0.86503777E-17  0.00000000E+00
  0.00000000E+00  0.00000000E+00  0.00000000E+00  0.78995523E-17  0.00000000E+00
  0.00000000E+00  0.10468747E-16  0.18333399E-17  0.93627976E-17  0.65694081E-17
  0.48101971E-17  0.48396540E-17  0.31662468E-17  0.34217728E-17  0.31826341E-17
  0.28957378E-17  0.27278600E-17  0.21511542E-17  0.20967307E-17  0.16478536E-17
  0.13214795E-17  0.97567967E-18  0.69852992E-18  0.49654892E-18  0.38225103E-18
  0.32432716E-18  0.28863798E-18  0.27145138E-18  0.26080932E-18  0.25404995E-18
  0.24911072E-18  0.24409683E-18  0.23969846E-18  0.23880194E-18  0.23661838E-18
  0.23327511E-18  0.23404003E-18  0.22902715E-18  0.22690309E-18  0.22553108E-18
  0.22635988E-18  0.22670623E-18  0.23386811E-18  0.24703377E-18
  0.43152157E-17  0.00000000E+00  0.00000000E+00  0.00000000E+00  0.00000000E+00
  0.89946196E-17  0.60654279E-17  0.00000000E+00  0.00000000E+00  0.00000000E+00
  0.18183193E-17  0.00000000E+00  0.15466615E-17  0.00000000E+00  0.00000000E+00
  0.97828181E-17  0.14601530E-16  0.55882350E-17  0.86503777E-17  0.00000000E+00
  0.00000000E+00  0.00000000E+00  0.00000000E+00  0.75672576E-17  0.00000000E+00
  0.00000000E+00  0.10468747E-16  0.00000000E+00  0.10562746E-16  0.61805992E-17
  0.51429401E-17  0.36267132E-17  0.37455744E-17  0.40916701E-17  0.30429869E-17
  0.30399547E-17  0.26426527E-17  0.20788301E-17  0.19623920E-17  0.15627404E-17
  0.11925878E-17  0.86693695E-18  0.62589913E-18  0.45571346E-18  0.36203060E-18
  0.31195715E-18  0.28431937E-18  0.26911316E-18  0.25827511E-18  0.25261158E-18
  0.24602378E-18  0.24167100E-18  0.23879790E-18  0.23852197E-18  0.23394844E-18
  0.23406468E-18  0.23138464E-18  0.22956769E-18  0.22518386E-18  0.22453215E-18
  0.22585606E-18  0.22606753E-18  0.23301798E-18  0.25232071E-18
  0.43152157E-17  0.00000000E+00  0.00000000E+00  0.00000000E+00  0.00000000E+00
  0.89946196E-17  0.60654279E-17  0.00000000E+00  0.00000000E+00  0.00000000E+00
  0.19607579E-17  0.00000000E+00  0.16333346E-17  0.00000000E+00  0.00000000E+00
  0.95802614E-17  0.00000000E+00  0.36164770E-17  0.26433102E-17  0.00000000E+00
  0.00000000E+00  0.00000000E+00  0.00000000E+00  0.75672576E-17  0.00000000E+00
  0.00000000E+00  0.10468747E-16  0.00000000E+00  0.11702016E-16  0.18654613E-17
  0.41489056E-17  0.40333076E-17  0.26036353E-17  0.35729990E-17  0.29638778E-17
  0.25876393E-17  0.23576753E-17  0.21047950E-17  0.17867773E-17  0.14319296E-17
  0.10877480E-17  0.76619224E-18  0.55080677E-18  0.41633870E-18  0.34012623E-18
  0.29976100E-18  0.27868988E-18  0.26457112E-18  0.25612015E-18  0.25013007E-18
  0.24497897E-18  0.24097890E-18  0.23912684E-18  0.23516669E-18  0.23402293E-18
  0.23158844E-18  0.22923122E-18  0.22855271E-18  0.22482690E-18  0.22468355E-18
  0.22253226E-18  0.22540330E-18  0.23362884E-18  0.24660394E-18
  0.43152157E-17  0.00000000E+00  0.00000000E+00  0.00000000E+00  0.00000000E+00
  0.89946196E-17  0.60654279E-17  0.00000000E+00  0.00000000E+00  0.00000000E+00
  0.23559535E-17  0.00000000E+00  0.62584175E-17  0.00000000E+00  0.00000000E+00
  0.75742343E-17  0.00000000E+00  0.36164770E-17  0.26489746E-17  0.19097766E-17
  0.00000000E+00  0.00000000E+00  0.00000000E+00  0.75672576E-17  0.00000000E+00
  0.00000000E+00  0.10468747E-16  0.00000000E+00  0.11702016E-16  0.27500319E-17
  0.39076027E-17  0.32753462E-17  0.28482175E-17  0.33254913E-17  0.26654479E-17
  0.24784362E-17  0.20534634E-17  0.19094587E-17  0.15900207E-17  0.12407080E-17
  0.94333646E-18  0.67055273E-18  0.48783053E-18  0.38018890E-18  0.32218378E-18
  0.28866794E-18  0.27208597E-18  0.25845631E-18  0.25212799E-18  0.24612002E-18
  0.24275538E-18  0.24000659E-18  0.23652855E-18  0.23415335E-18  0.23220810E-18
  0.23058767E-18  0.22901578E-18  0.22719871E-18  0.22467479E-18  0.22296771E-18
  0.22144791E-18  0.22351790E-18  0.23426973E-18  0.24685960E-18
  0.43152157E-17  0.00000000E+00  0.00000000E+00  0.00000000E+00  0.00000000E+00
  0.89946196E-17  0.60654279E-17  0.00000000E+00  0.00000000E+00  0.00000000E+00
  0.19219766E-17  0.00000000E+00  0.44118750E-17  0.00000000E+00  0.00000000E+00
  0.97828181E-17  0.00000000E+00  0.27057420E-17  0.86503777E-17  0.19097766E-17
  0.00000000E+00  0.00000000E+00  0.00000000E+00  0.75672576E-17  0.00000000E+00
  0.00000000E+00  0.10468747E-16  0.17780901E-17  0.78443336E-17  0.24765652E-17
  0.47860330E-17  0.39422835E-17  0.27418796E-17  0.27430599E-17  0.26279627E-17
  0.23730176E-17  0.20771101E-17  0.17486503E-17  0.14632838E-17  0.11166050E-17
  0.80952147E-18  0.58692295E-18  0.43546603E-18  0.35187269E-18  0.30492483E-18
  0.27959612E-18  0.26440115E-18  0.25540173E-18  0.24930925E-18  0.24419224E-18
  0.23970920E-18  0.23716147E-18  0.23569364E-18  0.23295359E-18  0.23102397E-18
  0.22934764E-18  0.22733341E-18  0.22632593E-18  0.22458702E-18  0.22306095E-18
  0.22195832E-18  0.22514489E-18  0.23193728E-18  0.24652058E-18
  0.21643031E-17  0.00000000E+00  0.00000000E+00  0.00000000E+00  0.00000000E+00
  0.00000000E+00  0.60654279E-17  0.00000000E+00  0.10213629E-16  0.64815198E-17
  0.18183193E-17  0.00000000E+00  0.45881219E-17  0.00000000E+00  0.81427555E-18
  0.97828181E-17  0.00000000E+00  0.21105721E-17  0.86503777E-17  0.00000000E+00
  0.00000000E+00  0.00000000E+00  0.00000000E+00  0.00000000E+00  0.00000000E+00
  0.10468747E-16  0.10468747E-16  0.17780901E-17  0.70733527E-17  0.38658932E-17
  0.40199829E-17  0.40854292E-17  0.26075615E-17  0.27638830E-17  0.24492145E-17
  0.22054600E-17  0.20183177E-17  0.16358410E-17  0.13524062E-17  0.98682481E-18
  0.70273906E-18  0.51377787E-18  0.39250507E-18  0.32714312E-18  0.29157489E-18
  0.27047966E-18  0.25878335E-18  0.25087951E-18  0.24553299E-18  0.24286224E-18
  0.23979056E-18  0.23624015E-18  0.23373484E-18  0.23113294E-18  0.22969624E-18
  0.22742551E-18  0.22545281E-18  0.22458246E-18  0.22240232E-18  0.22090232E-18
  0.22179660E-18  0.22564258E-18  0.23486961E-18  0.25051473E-18
  0.16162644E-17  0.00000000E+00  0.00000000E+00  0.00000000E+00  0.00000000E+00
  0.00000000E+00  0.60654279E-17  0.18280436E-16  0.98951622E-17  0.00000000E+00
  0.19020576E-17  0.00000000E+00  0.92461987E-17  0.00000000E+00  0.00000000E+00
  0.00000000E+00  0.00000000E+00  0.19141287E-17  0.61972975E-17  0.00000000E+00
  0.00000000E+00  0.00000000E+00  0.00000000E+00  0.00000000E+00  0.00000000E+00
  0.10468747E-16  0.00000000E+00  0.38787756E-17  0.74400265E-17  0.42461543E-17
  0.28694947E-17  0.36111674E-17  0.30377657E-17  0.26186341E-17  0.22303379E-17
  0.21822575E-17  0.18097623E-17  0.14846493E-17  0.11900137E-17  0.86851392E-18
  0.61408040E-18  0.45061066E-18  0.35671187E-18  0.30700065E-18  0.28039897E-18
  0.26421036E-18  0.25279571E-18  0.24670807E-18  0.24381226E-18  0.23851682E-18
  0.23669321E-18  0.23314194E-18  0.23091141E-18  0.23066485E-18  0.22826838E-18
  0.22723396E-18  0.22508199E-18  0.22075941E-18  0.22026885E-18  0.22024431E-18
  0.22179425E-18  0.22310670E-18  0.23063818E-18  0.24386929E-18
  0.16162644E-17  0.77858106E-17  0.33707529E-17  0.00000000E+00  0.00000000E+00
  0.00000000E+00  0.60654279E-17  0.18280436E-16  0.14362757E-16  0.00000000E+00
  0.00000000E+00  0.14379943E-17  0.36228479E-17  0.00000000E+00  0.00000000E+00
  0.26632239E-17  0.24236710E-17  0.22695894E-17  0.00000000E+00  0.49880039E-17
  0.00000000E+00  0.00000000E+00  0.00000000E+00  0.20808141E-17  0.00000000E+00
  0.00000000E+00  0.00000000E+00  0.42634089E-17  0.51510357E-17  0.38779623E-17
  0.37400159E-17  0.33020466E-17  0.27695357E-17  0.25134325E-17  0.23457282E-17
  0.20540751E-17  0.17252398E-17  0.13762470E-17  0.10565126E-17  0.75222415E-18
  0.53699479E-18  0.40397119E-18  0.32924802E-18  0.29091160E-18  0.27022846E-18
  0.25725646E-18  0.25021407E-18  0.24487447E-18  0.24017661E-18  0.23588572E-18
  0.23569256E-18  0.23228353E-18  0.22996038E-18  0.22815710E-18  0.22594394E-18
  0.22224046E-18  0.22248413E-18  0.22224510E-18  0.22069417E-18  0.22220645E-18
  0.22112828E-18  0.22155823E-18  0.23024686E-18  0.24418843E-18
  0.00000000E+00  0.96495470E-17  0.38176305E-17  0.00000000E+00  0.00000000E+00
  0.00000000E+00  0.60654279E-17  0.79773623E-17  0.23220066E-16  0.00000000E+00
  0.55671345E-17  0.43365083E-17  0.17396924E-17  0.00000000E+00  0.43666962E-17
  0.26632239E-17  0.26793581E-17  0.22695894E-17  0.00000000E+00  0.49880039E-17
  0.00000000E+00  0.00000000E+00  0.00000000E+00  0.21839482E-17  0.86566625E-17
  0.18179141E-17  0.64486301E-17  0.58763428E-17  0.43702038E-17  0.67038205E-17
  0.31778163E-17  0.35069449E-17  0.25629349E-17  0.25732391E-17  0.21519581E-17
  0.19823266E-17  0.15775500E-17  0.12576435E-17  0.93659200E-18  0.66634045E-18
  0.47464593E-18  0.36916187E-18  0.30984693E-18  0.27867652E-18  0.26195485E-18
  0.25216316E-18  0.24554608E-18  0.24139633E-18  0.23661319E-18  0.23352446E-18
  0.23084944E-18  0.22896762E-18  0.22858926E-18  0.22616319E-18  0.22384536E-18
  0.22193920E-18  0.22107291E-18  0.22093047E-18  0.21964326E-18  0.22029050E-18
  0.22046387E-18  0.22348455E-18  0.23557994E-18  0.24761783E-18
  0.42963332E-17  0.96495470E-17  0.37882627E-17  0.00000000E+00  0.00000000E+00
  0.00000000E+00  0.21315683E-17  0.33694051E-17  0.80756674E-17  0.33080078E-17
  0.00000000E+00  0.28197093E-17  0.17396924E-17  0.00000000E+00  0.43666962E-17
  0.24857155E-17  0.29723521E-17  0.24876514E-17  0.50537720E-17  0.56646183E-17
  0.00000000E+00  0.00000000E+00  0.00000000E+00  0.10149281E-16  0.19433726E-17
  0.16739026E-17  0.63269025E-17  0.63871538E-17  0.36258176E-17  0.25876150E-17
  0.30152981E-17  0.25006239E-17  0.23661212E-17  0.25261303E-17  0.21165470E-17
  0.17811137E-17  0.14430647E-17  0.11462596E-17  0.83976924E-18  0.58725363E-18
  0.42947523E-18  0.34041422E-18  0.29297432E-18  0.27050367E-18  0.25581317E-18
  0.24782250E-18  0.24239215E-18  0.23882750E-18  0.23438541E-18  0.23133280E-18
  0.22781620E-18  0.22779680E-18  0.22618318E-18  0.22303817E-18  0.22157114E-18
  0.22119918E-18  0.21882958E-18  0.21551392E-18  0.21405049E-18  0.21684517E-18
  0.21836468E-18  0.22119861E-18  0.23317323E-18  0.24928917E-18
  0.42963332E-17  0.00000000E+00  0.39992084E-17  0.00000000E+00  0.47213281E-17
  0.00000000E+00  0.21322961E-17  0.84362435E-17  0.81107552E-17  0.00000000E+00
  0.00000000E+00  0.00000000E+00  0.17396924E-17  0.00000000E+00  0.58418749E-17
  0.26444482E-17  0.34304828E-17  0.29602374E-17  0.50537720E-17  0.40687478E-17
  0.00000000E+00  0.00000000E+00  0.00000000E+00  0.93258238E-17  0.16739026E-17
  0.00000000E+00  0.27194286E-17  0.88789036E-18  0.48430264E-17  0.24328416E-17
  0.30923413E-17  0.22059829E-17  0.22846112E-17  0.22132423E-17  0.21391821E-17
  0.16763324E-17  0.13568593E-17  0.10474691E-17  0.75426035E-18  0.53234578E-18
  0.39574821E-18  0.32105966E-18  0.28367041E-18  0.26384066E-18  0.25410505E-18
  0.24384510E-18  0.23920594E-18  0.23672860E-18  0.23214408E-18  0.23059264E-18
  0.22810813E-18  0.22539604E-18  0.22377934E-18  0.22204480E-18  0.22024085E-18
  0.21896798E-18  0.21771321E-18  0.21736808E-18  0.21741006E-18  0.21990082E-18
  0.22174224E-18  0.22699283E-18  0.23706226E-18  0.25070055E-18
  0.40414323E-17  0.36642523E-17  0.62890542E-17  0.00000000E+00  0.69184924E-17
  0.69169594E-17  0.00000000E+00  0.11683673E-16  0.63372726E-17  0.00000000E+00
  0.00000000E+00  0.00000000E+00  0.00000000E+00  0.00000000E+00  0.72235606E-17
  0.29729707E-17  0.31445715E-17  0.36179177E-17  0.50482396E-17  0.41586089E-17
  0.27545819E-17  0.00000000E+00  0.00000000E+00  0.66995658E-17  0.16739026E-17
  0.00000000E+00  0.39531382E-17  0.42136872E-17  0.78133689E-17  0.31914221E-17
  0.38794335E-17  0.20180181E-17  0.22713080E-17  0.22215074E-17  0.18699901E-17
  0.16188270E-17  0.12816126E-17  0.96278548E-18  0.69406857E-18  0.49869248E-18
  0.37387931E-18  0.31013008E-18  0.27594747E-18  0.25939839E-18  0.25039300E-18
  0.24185822E-18  0.23820381E-18  0.23372564E-18  0.23207333E-18  0.22860355E-18
  0.22744495E-18  0.22560420E-18  0.22240998E-18  0.22112975E-18  0.22137796E-18
  0.21794950E-18  0.21825506E-18  0.21746028E-18  0.21847239E-18  0.21644814E-18
  0.22075427E-18  0.22574272E-18  0.23435904E-18  0.25053613E-18
  0.32007856E-17  0.29668870E-17  0.77850501E-17  0.00000000E+00  0.00000000E+00
  0.67804585E-17  0.00000000E+00  0.11683673E-16  0.00000000E+00  0.00000000E+00
  0.00000000E+00  0.00000000E+00  0.00000000E+00  0.00000000E+00  0.69889299E-17
  0.44894566E-17  0.29763487E-17  0.35239036E-17  0.49023813E-17  0.85005933E-18
  0.21834398E-17  0.00000000E+00  0.00000000E+00  0.80865640E-17  0.00000000E+00
  0.28693349E-17  0.37383122E-17  0.00000000E+00  0.28321493E-17  0.28766137E-17
  0.30577031E-17  0.23760472E-17  0.21838424E-17  0.20298294E-17  0.16700139E-17
  0.14258267E-17  0.11594066E-17  0.89313011E-18  0.64636142E-18  0.47326965E-18
  0.36605513E-18  0.30658021E-18  0.27435156E-18  0.25835756E-18  0.24814639E-18
  0.24220057E-18  0.23782160E-18  0.23296869E-18  0.23332238E-18  0.22969318E-18
  0.22813513E-18  0.22432538E-18  0.22226000E-18  0.22270439E-18  0.22060770E-18
  0.22240655E-18  0.21794263E-18  0.21804172E-18  0.21894272E-18  0.21986428E-18
  0.22952080E-18  0.23402435E-18  0.25124847E-18  0.26520807E-18
  0.00000000E+00  0.00000000E+00  0.00000000E+00  0.00000000E+00  0.00000000E+00
  0.00000000E+00  0.00000000E+00  0.00000000E+00  0.00000000E+00  0.00000000E+00
  0.00000000E+00  0.00000000E+00  0.00000000E+00  0.00000000E+00  0.00000000E+00
  0.00000000E+00  0.00000000E+00  0.00000000E+00  0.00000000E+00  0.00000000E+00
  0.00000000E+00  0.00000000E+00  0.00000000E+00  0.00000000E+00  0.00000000E+00
  0.00000000E+00  0.00000000E+00  0.18473487E+16  0.71072132E+14  0.00000000E+00
  0.00000000E+00  0.00000000E+00  0.37105249E+15  0.12948313E+15  0.23548416E+16
  0.34751191E+16  0.17215346E+17  0.36152829E+17  0.14872889E+18  0.29620776E+18
  0.13828568E+19  0.67661776E+19  0.37875402E+20  0.96721412E+20  0.14339662E+21
  0.17442326E+21  0.19846049E+21  0.20977998E+21  0.22159246E+21  0.23084764E+21
  0.23679305E+21  0.24430722E+21  0.24742874E+21  0.24714391E+21  0.24611209E+21
  0.23789320E+21  0.23485676E+21  0.23295272E+21  0.22600386E+21  0.21900969E+21
  0.20729071E+21  0.19365804E+21  0.18011010E+21  0.16561595E+21
  0.00000000E+00  0.00000000E+00  0.00000000E+00  0.00000000E+00  0.00000000E+00
  0.00000000E+00  0.00000000E+00  0.00000000E+00  0.00000000E+00  0.00000000E+00
  0.00000000E+00  0.00000000E+00  0.00000000E+00  0.00000000E+00  0.00000000E+00
  0.00000000E+00  0.00000000E+00  0.00000000E+00  0.00000000E+00  0.00000000E+00
  0.00000000E+00  0.00000000E+00  0.00000000E+00  0.00000000E+00  0.00000000E+00
  0.00000000E+00  0.00000000E+00  0.10866650E+15  0.00000000E+00  0.00000000E+00
  0.00000000E+00  0.00000000E+00  0.00000000E+00  0.00000000E+00  0.00000000E+00
  0.00000000E+00  0.00000000E+00  0.40961756E+16  0.20784671E+16  0.11588114E+17
  0.15558050E+18  0.20921417E+19  0.18896724E+20  0.69386467E+20  0.12099032E+21
  0.15869012E+21  0.18237951E+21  0.19978306E+21  0.21052536E+21  0.22140279E+21
  0.22257918E+21  0.23041663E+21  0.23282177E+21  0.23289682E+21  0.23345109E+21
  0.22568585E+21  0.21747727E+21  0.21182465E+21  0.20844563E+21  0.20629711E+21
  0.20267859E+21  0.19241239E+21  0.18185820E+21  0.17448352E+21
  0.00000000E+00  0.00000000E+00  0.00000000E+00  0.00000000E+00  0.00000000E+00
  0.00000000E+00  0.00000000E+00  0.00000000E+00  0.00000000E+00  0.00000000E+00
  0.00000000E+00  0.00000000E+00  0.00000000E+00  0.00000000E+00  0.00000000E+00
  0.00000000E+00  0.00000000E+00  0.00000000E+00  0.00000000E+00  0.00000000E+00
  0.00000000E+00  0.00000000E+00  0.00000000E+00  0.00000000E+00  0.00000000E+00
  0.00000000E+00  0.00000000E+00  0.00000000E+00  0.00000000E+00  0.00000000E+00
  0.00000000E+00  0.00000000E+00  0.00000000E+00  0.00000000E+00  0.00000000E+00
  0.00000000E+00  0.00000000E+00  0.00000000E+00  0.00000000E+00  0.76477437E+15
  0.72700416E+17  0.13180098E+19  0.14327748E+20  0.58767916E+20  0.10703527E+21
  0.14662623E+21  0.17441826E+21  0.18776676E+21  0.20144920E+21  0.21109347E+21
  0.21708763E+21  0.21793656E+21  0.22241203E+21  0.22559595E+21  0.22168450E+21
  0.21546424E+21  0.20961855E+21  0.20795658E+21  0.20174188E+21  0.20148544E+21
  0.19330851E+21  0.18768698E+21  0.18308102E+21  0.18104572E+21
  0.00000000E+00  0.00000000E+00  0.00000000E+00  0.00000000E+00  0.00000000E+00
  0.00000000E+00  0.00000000E+00  0.00000000E+00  0.00000000E+00  0.00000000E+00
  0.00000000E+00  0.00000000E+00  0.00000000E+00  0.00000000E+00  0.00000000E+00
  0.00000000E+00  0.00000000E+00  0.00000000E+00  0.00000000E+00  0.00000000E+00
  0.00000000E+00  0.00000000E+00  0.00000000E+00  0.00000000E+00  0.00000000E+00
  0.00000000E+00  0.00000000E+00  0.00000000E+00  0.00000000E+00  0.00000000E+00
  0.00000000E+00  0.00000000E+00  0.00000000E+00  0.00000000E+00  0.00000000E+00
  0.00000000E+00  0.00000000E+00  0.00000000E+00  0.00000000E+00  0.00000000E+00
  0.40546929E+17  0.10180759E+19  0.11639530E+20  0.51578399E+20  0.10088512E+21
  0.13760628E+21  0.16349021E+21  0.17959636E+21  0.20039100E+21  0.20393610E+21
  0.20604609E+21  0.20535866E+21  0.21271687E+21  0.21127870E+21  0.21022152E+21
  0.21226569E+21  0.20533922E+21  0.19733915E+21  0.19716989E+21  0.19691476E+21
  0.19441460E+21  0.19009668E+21  0.18828050E+21  0.18981427E+21
  0.00000000E+00  0.00000000E+00  0.00000000E+00  0.00000000E+00  0.00000000E+00
  0.00000000E+00  0.00000000E+00  0.00000000E+00  0.00000000E+00  0.00000000E+00
  0.00000000E+00  0.00000000E+00  0.00000000E+00  0.00000000E+00  0.00000000E+00
  0.00000000E+00  0.00000000E+00  0.00000000E+00  0.00000000E+00  0.00000000E+00
  0.00000000E+00  0.00000000E+00  0.00000000E+00  0.00000000E+00  0.00000000E+00
  0.00000000E+00  0.00000000E+00  0.00000000E+00  0.00000000E+00  0.00000000E+00
  0.00000000E+00  0.00000000E+00  0.00000000E+00  0.00000000E+00  0.00000000E+00
  0.00000000E+00  0.00000000E+00  0.00000000E+00  0.00000000E+00  0.35808473E+16
  0.59405688E+17  0.74581815E+18  0.91025997E+19  0.44920476E+20  0.93239475E+20
  0.12841543E+21  0.15689097E+21  0.17783895E+21  0.18967683E+21  0.19455315E+21
  0.19950740E+21  0.20112636E+21  0.20360979E+21  0.20424231E+21  0.20345206E+21
  0.20197731E+21  0.19965246E+21  0.20169606E+21  0.19787981E+21  0.19284552E+21
  0.19578499E+21  0.19240981E+21  0.19010038E+21  0.18840479E+21
  0.00000000E+00  0.00000000E+00  0.00000000E+00  0.00000000E+00  0.00000000E+00
  0.00000000E+00  0.00000000E+00  0.00000000E+00  0.00000000E+00  0.00000000E+00
  0.00000000E+00  0.00000000E+00  0.00000000E+00  0.00000000E+00  0.00000000E+00
  0.00000000E+00  0.00000000E+00  0.00000000E+00  0.00000000E+00  0.00000000E+00
  0.00000000E+00  0.00000000E+00  0.00000000E+00  0.00000000E+00  0.00000000E+00
  0.00000000E+00  0.00000000E+00  0.00000000E+00  0.00000000E+00  0.00000000E+00
  0.00000000E+00  0.00000000E+00  0.00000000E+00  0.00000000E+00  0.00000000E+00
  0.00000000E+00  0.00000000E+00  0.00000000E+00  0.00000000E+00  0.00000000E+00
  0.39904698E+17  0.55823137E+18  0.75199930E+19  0.40279881E+20  0.86268335E+20
  0.12453850E+21  0.15224839E+21  0.16900734E+21  0.17755248E+21  0.18928606E+21
  0.19762194E+21  0.19629597E+21  0.19636319E+21  0.19606607E+21  0.20010352E+21
  0.19631774E+21  0.19402254E+21  0.19347545E+21  0.19663202E+21  0.18941756E+21
  0.19943691E+21  0.19338322E+21  0.19063065E+21  0.19380568E+21
  0.00000000E+00  0.00000000E+00  0.00000000E+00  0.00000000E+00  0.00000000E+00
  0.00000000E+00  0.00000000E+00  0.00000000E+00  0.00000000E+00  0.00000000E+00
  0.00000000E+00  0.00000000E+00  0.00000000E+00  0.00000000E+00  0.00000000E+00
  0.00000000E+00  0.00000000E+00  0.00000000E+00  0.00000000E+00  0.00000000E+00
  0.00000000E+00  0.00000000E+00  0.00000000E+00  0.00000000E+00  0.00000000E+00
  0.00000000E+00  0.00000000E+00  0.00000000E+00  0.00000000E+00  0.00000000E+00
  0.00000000E+00  0.00000000E+00  0.00000000E+00  0.00000000E+00  0.00000000E+00
  0.00000000E+00  0.00000000E+00  0.00000000E+00  0.00000000E+00  0.00000000E+00
  0.18154594E+17  0.37308894E+18  0.55707156E+19  0.34580658E+20  0.79896211E+20
  0.12173952E+21  0.14693558E+21  0.16145442E+21  0.17135606E+21  0.18465328E+21
  0.18891978E+21  0.19549371E+21  0.19318036E+21  0.19580192E+21  0.19672482E+21
  0.19506516E+21  0.19071080E+21  0.18712375E+21  0.19643289E+21  0.19021352E+21
  0.19453957E+21  0.19188024E+21  0.18908365E+21  0.19065269E+21
  0.00000000E+00  0.00000000E+00  0.00000000E+00  0.00000000E+00  0.00000000E+00
  0.00000000E+00  0.00000000E+00  0.00000000E+00  0.00000000E+00  0.00000000E+00
  0.00000000E+00  0.00000000E+00  0.00000000E+00  0.00000000E+00  0.00000000E+00
  0.00000000E+00  0.00000000E+00  0.00000000E+00  0.00000000E+00  0.00000000E+00
  0.00000000E+00  0.00000000E+00  0.00000000E+00  0.00000000E+00  0.00000000E+00
  0.00000000E+00  0.00000000E+00  0.00000000E+00  0.00000000E+00  0.00000000E+00
  0.00000000E+00  0.00000000E+00  0.00000000E+00  0.00000000E+00  0.00000000E+00
  0.00000000E+00  0.00000000E+00  0.00000000E+00  0.00000000E+00  0.11889376E+16
  0.76631142E+16  0.27017171E+18  0.43199572E+19  0.28753428E+20  0.76620797E+20
  0.11751112E+21  0.14100095E+21  0.15490255E+21  0.17062881E+21  0.17651841E+21
  0.18095720E+21  0.18773032E+21  0.19131816E+21  0.19674760E+21  0.18957934E+21
  0.19459842E+21  0.18818440E+21  0.18986663E+21  0.19163744E+21  0.18725460E+21
  0.19962645E+21  0.19272100E+21  0.18802438E+21  0.18519512E+21
  0.00000000E+00  0.00000000E+00  0.00000000E+00  0.00000000E+00  0.00000000E+00
  0.00000000E+00  0.00000000E+00  0.00000000E+00  0.00000000E+00  0.00000000E+00
  0.00000000E+00  0.00000000E+00  0.00000000E+00  0.00000000E+00  0.00000000E+00
  0.00000000E+00  0.00000000E+00  0.00000000E+00  0.00000000E+00  0.00000000E+00
  0.00000000E+00  0.00000000E+00  0.00000000E+00  0.00000000E+00  0.00000000E+00
  0.00000000E+00  0.00000000E+00  0.00000000E+00  0.00000000E+00  0.00000000E+00
  0.00000000E+00  0.00000000E+00  0.00000000E+00  0.00000000E+00  0.00000000E+00
  0.00000000E+00  0.00000000E+00  0.00000000E+00  0.00000000E+00  0.78925060E+14
  0.59375740E+16  0.18019684E+18  0.34871118E+19  0.25694023E+20  0.73011073E+20
  0.11237501E+21  0.13657742E+21  0.15357416E+21  0.16568323E+21  0.17145409E+21
  0.17940310E+21  0.18355411E+21  0.18679690E+21  0.19009924E+21  0.19014787E+21
  0.18594439E+21  0.18874559E+21  0.18596158E+21  0.18968756E+21  0.18430743E+21
  0.18715641E+21  0.19136144E+21  0.19074344E+21  0.18939955E+21
  0.00000000E+00  0.00000000E+00  0.00000000E+00  0.00000000E+00  0.00000000E+00
  0.00000000E+00  0.00000000E+00  0.00000000E+00  0.00000000E+00  0.00000000E+00
  0.00000000E+00  0.00000000E+00  0.00000000E+00  0.00000000E+00  0.00000000E+00
  0.00000000E+00  0.00000000E+00  0.00000000E+00  0.00000000E+00  0.00000000E+00
  0.00000000E+00  0.00000000E+00  0.00000000E+00  0.00000000E+00  0.00000000E+00
  0.00000000E+00  0.00000000E+00  0.00000000E+00  0.00000000E+00  0.00000000E+00
  0.00000000E+00  0.00000000E+00  0.00000000E+00  0.00000000E+00  0.00000000E+00
  0.00000000E+00  0.00000000E+00  0.00000000E+00  0.00000000E+00  0.00000000E+00
  0.20694001E+16  0.16969969E+18  0.31003914E+19  0.23164664E+20  0.69963603E+20
  0.10715972E+21  0.13348540E+21  0.15088096E+21  0.16016902E+21  0.16601046E+21
  0.17648188E+21  0.17986440E+21  0.18047732E+21  0.18659890E+21  0.18830684E+21
  0.18332083E+21  0.18494788E+21  0.18826873E+21  0.18162771E+21  0.18623833E+21
  0.18243393E+21  0.18906082E+21  0.18601641E+21  0.18982966E+21
  0.00000000E+00  0.00000000E+00  0.00000000E+00  0.00000000E+00  0.00000000E+00
  0.00000000E+00  0.00000000E+00  0.00000000E+00  0.00000000E+00  0.00000000E+00
  0.00000000E+00  0.00000000E+00  0.00000000E+00  0.00000000E+00  0.00000000E+00
  0.00000000E+00  0.00000000E+00  0.00000000E+00  0.00000000E+00  0.00000000E+00
  0.00000000E+00  0.00000000E+00  0.00000000E+00  0.00000000E+00  0.00000000E+00
  0.00000000E+00  0.00000000E+00  0.00000000E+00  0.00000000E+00  0.00000000E+00
  0.00000000E+00  0.00000000E+00  0.00000000E+00  0.00000000E+00  0.00000000E+00
  0.00000000E+00  0.00000000E+00  0.00000000E+00  0.00000000E+00  0.00000000E+00
  0.24784059E+16  0.95950407E+17  0.27481104E+19  0.21979582E+20  0.66749061E+20
  0.10406020E+21  0.13271854E+21  0.14586675E+21  0.15672906E+21  0.16721365E+21
  0.17081887E+21  0.17724218E+21  0.17851031E+21  0.18501736E+21  0.18579579E+21
  0.18169001E+21  0.18465474E+21  0.18674762E+21  0.18745533E+21  0.18951015E+21
  0.17988309E+21  0.18072290E+21  0.19229273E+21  0.18514759E+21
  0.00000000E+00  0.00000000E+00  0.00000000E+00  0.00000000E+00  0.00000000E+00
  0.00000000E+00  0.00000000E+00  0.00000000E+00  0.00000000E+00  0.00000000E+00
  0.00000000E+00  0.00000000E+00  0.00000000E+00  0.00000000E+00  0.00000000E+00
  0.00000000E+00  0.00000000E+00  0.00000000E+00  0.00000000E+00  0.00000000E+00
  0.00000000E+00  0.00000000E+00  0.00000000E+00  0.00000000E+00  0.00000000E+00
  0.00000000E+00  0.00000000E+00  0.00000000E+00  0.00000000E+00  0.00000000E+00
  0.00000000E+00  0.00000000E+00  0.00000000E+00  0.00000000E+00  0.00000000E+00
  0.00000000E+00  0.00000000E+00  0.00000000E+00  0.00000000E+00  0.00000000E+00
  0.26753895E+16  0.92134074E+17  0.23180225E+19  0.19925880E+20  0.64357968E+20
  0.10444585E+21  0.13120068E+21  0.14201503E+21  0.15379564E+21  0.16541208E+21
  0.16939453E+21  0.17543890E+21  0.17599430E+21  0.18259744E+21  0.18222893E+21
  0.18346904E+21  0.18273494E+21  0.18598796E+21  0.18619628E+21  0.18700730E+21
  0.18456188E+21  0.17850086E+21  0.18368087E+21  0.19020098E+21
  0.00000000E+00  0.00000000E+00  0.00000000E+00  0.00000000E+00  0.00000000E+00
  0.00000000E+00  0.00000000E+00  0.00000000E+00  0.00000000E+00  0.00000000E+00
  0.00000000E+00  0.00000000E+00  0.00000000E+00  0.00000000E+00  0.00000000E+00
  0.00000000E+00  0.00000000E+00  0.00000000E+00  0.00000000E+00  0.00000000E+00
  0.00000000E+00  0.00000000E+00  0.00000000E+00  0.00000000E+00  0.00000000E+00
  0.00000000E+00  0.00000000E+00  0.00000000E+00  0.00000000E+00  0.00000000E+00
  0.00000000E+00  0.00000000E+00  0.00000000E+00  0.00000000E+00  0.00000000E+00
  0.00000000E+00  0.00000000E+00  0.00000000E+00  0.00000000E+00  0.00000000E+00
  0.11054725E+17  0.12783413E+18  0.21311274E+19  0.18981359E+20  0.62815288E+20
  0.10351452E+21  0.12915057E+21  0.14162700E+21  0.15214190E+21  0.16240159E+21
  0.16932252E+21  0.17440812E+21  0.17763272E+21  0.17951455E+21  0.18051693E+21
  0.18434335E+21  0.18775404E+21  0.18368370E+21  0.18926991E+21  0.18479456E+21
  0.18557911E+21  0.18073623E+21  0.17644541E+21  0.18252568E+21
  0.00000000E+00  0.00000000E+00  0.00000000E+00  0.00000000E+00  0.00000000E+00
  0.00000000E+00  0.00000000E+00  0.00000000E+00  0.00000000E+00  0.00000000E+00
  0.00000000E+00  0.00000000E+00  0.00000000E+00  0.00000000E+00  0.00000000E+00
  0.00000000E+00  0.00000000E+00  0.00000000E+00  0.00000000E+00  0.00000000E+00
  0.00000000E+00  0.00000000E+00  0.00000000E+00  0.00000000E+00  0.00000000E+00
  0.00000000E+00  0.00000000E+00  0.00000000E+00  0.00000000E+00  0.00000000E+00
  0.00000000E+00  0.00000000E+00  0.00000000E+00  0.00000000E+00  0.00000000E+00
  0.00000000E+00  0.00000000E+00  0.00000000E+00  0.00000000E+00  0.14228151E+16
  0.32913373E+16  0.91750520E+17  0.20521196E+19  0.18377628E+20  0.61591250E+20
  0.10145338E+21  0.12633953E+21  0.13634429E+21  0.15021745E+21  0.16095046E+21
  0.16658503E+21  0.17103938E+21  0.17702651E+21  0.17960019E+21  0.17479794E+21
  0.17708557E+21  0.18189575E+21  0.17899463E+21  0.18782242E+21  0.18382425E+21
  0.18506582E+21  0.18059281E+21  0.17910801E+21  0.18002290E+21
  0.00000000E+00  0.00000000E+00  0.00000000E+00  0.00000000E+00  0.00000000E+00
  0.00000000E+00  0.00000000E+00  0.00000000E+00  0.00000000E+00  0.00000000E+00
  0.00000000E+00  0.00000000E+00  0.00000000E+00  0.00000000E+00  0.00000000E+00
  0.00000000E+00  0.00000000E+00  0.00000000E+00  0.00000000E+00  0.00000000E+00
  0.00000000E+00  0.00000000E+00  0.00000000E+00  0.00000000E+00  0.00000000E+00
  0.00000000E+00  0.00000000E+00  0.00000000E+00  0.00000000E+00  0.00000000E+00
  0.00000000E+00  0.00000000E+00  0.00000000E+00  0.00000000E+00  0.00000000E+00
  0.00000000E+00  0.00000000E+00  0.00000000E+00  0.00000000E+00  0.98983117E+15
  0.00000000E+00  0.11081654E+18  0.21839853E+19  0.19402667E+20  0.60801857E+20
  0.99579605E+20  0.12293645E+21  0.13753146E+21  0.14934425E+21  0.15915337E+21
  0.16153425E+21  0.16732231E+21  0.17688384E+21  0.18018180E+21  0.17413518E+21
  0.17598803E+21  0.17857070E+21  0.17962086E+21  0.18154749E+21  0.18471602E+21
  0.18437024E+21  0.17910258E+21  0.18118193E+21  0.18479301E+21
  0.00000000E+00  0.00000000E+00  0.00000000E+00  0.00000000E+00  0.00000000E+00
  0.00000000E+00  0.00000000E+00  0.00000000E+00  0.00000000E+00  0.00000000E+00
  0.00000000E+00  0.00000000E+00  0.00000000E+00  0.00000000E+00  0.00000000E+00
  0.00000000E+00  0.00000000E+00  0.00000000E+00  0.00000000E+00  0.00000000E+00
  0.00000000E+00  0.00000000E+00  0.00000000E+00  0.00000000E+00  0.00000000E+00
  0.00000000E+00  0.00000000E+00  0.00000000E+00  0.00000000E+00  0.00000000E+00
  0.00000000E+00  0.00000000E+00  0.00000000E+00  0.00000000E+00  0.00000000E+00
  0.00000000E+00  0.00000000E+00  0.00000000E+00  0.00000000E+00  0.15297580E+15
  0.86790412E+16  0.16072975E+18  0.28678611E+19  0.20290055E+20  0.61980877E+20
  0.98737915E+20  0.12296975E+21  0.13736553E+21  0.14778642E+21  0.15630975E+21
  0.15980540E+21  0.16428135E+21  0.17283133E+21  0.17477634E+21  0.17560792E+21
  0.17434555E+21  0.17689014E+21  0.18023875E+21  0.18271390E+21  0.17966389E+21
  0.18559824E+21  0.17882083E+21  0.18431354E+21  0.19159921E+21
  0.00000000E+00  0.00000000E+00  0.00000000E+00  0.00000000E+00  0.00000000E+00
  0.00000000E+00  0.00000000E+00  0.00000000E+00  0.00000000E+00  0.00000000E+00
  0.00000000E+00  0.00000000E+00  0.00000000E+00  0.00000000E+00  0.00000000E+00
  0.00000000E+00  0.00000000E+00  0.00000000E+00  0.00000000E+00  0.00000000E+00
  0.00000000E+00  0.00000000E+00  0.00000000E+00  0.00000000E+00  0.00000000E+00
  0.00000000E+00  0.00000000E+00  0.00000000E+00  0.00000000E+00  0.00000000E+00
  0.00000000E+00  0.00000000E+00  0.00000000E+00  0.00000000E+00  0.00000000E+00
  0.00000000E+00  0.00000000E+00  0.00000000E+00  0.00000000E+00  0.62189043E+15
  0.14421036E+17  0.22812355E+18  0.36713414E+19  0.23797456E+20  0.64830492E+20
  0.96590074E+20  0.11877780E+21  0.13575880E+21  0.14544517E+21  0.15329916E+21
  0.15848770E+21  0.16226541E+21  0.16756363E+21  0.17064071E+21  0.17436449E+21
  0.16758163E+21  0.17596656E+21  0.17884254E+21  0.17598705E+21  0.17732969E+21
  0.18401621E+21  0.17926065E+21  0.18482204E+21  0.18493948E+21
  0.00000000E+00  0.00000000E+00  0.00000000E+00  0.00000000E+00  0.00000000E+00
  0.00000000E+00  0.00000000E+00  0.00000000E+00  0.00000000E+00  0.00000000E+00
  0.00000000E+00  0.00000000E+00  0.00000000E+00  0.00000000E+00  0.00000000E+00
  0.00000000E+00  0.00000000E+00  0.00000000E+00  0.00000000E+00  0.00000000E+00
  0.00000000E+00  0.00000000E+00  0.00000000E+00  0.00000000E+00  0.00000000E+00
  0.00000000E+00  0.00000000E+00  0.00000000E+00  0.00000000E+00  0.00000000E+00
  0.00000000E+00  0.00000000E+00  0.00000000E+00  0.00000000E+00  0.00000000E+00
  0.00000000E+00  0.00000000E+00  0.00000000E+00  0.00000000E+00  0.55940466E+15
  0.20432267E+17  0.41807694E+18  0.52079552E+19  0.27863570E+20  0.68314740E+20
  0.98233887E+20  0.11855267E+21  0.13613900E+21  0.14394700E+21  0.15137433E+21
  0.15491524E+21  0.15902246E+21  0.16447615E+21  0.16858782E+21  0.16866318E+21
  0.17200627E+21  0.17352261E+21  0.17358582E+21  0.17271646E+21  0.17664040E+21
  0.17341446E+21  0.17892889E+21  0.18143716E+21  0.18816642E+21
  0.00000000E+00  0.00000000E+00  0.00000000E+00  0.00000000E+00  0.00000000E+00
  0.00000000E+00  0.00000000E+00  0.00000000E+00  0.00000000E+00  0.00000000E+00
  0.00000000E+00  0.00000000E+00  0.00000000E+00  0.00000000E+00  0.00000000E+00
  0.00000000E+00  0.00000000E+00  0.00000000E+00  0.00000000E+00  0.00000000E+00
  0.00000000E+00  0.00000000E+00  0.00000000E+00  0.00000000E+00  0.00000000E+00
  0.00000000E+00  0.00000000E+00  0.00000000E+00  0.00000000E+00  0.00000000E+00
  0.00000000E+00  0.00000000E+00  0.00000000E+00  0.00000000E+00  0.00000000E+00
  0.00000000E+00  0.00000000E+00  0.00000000E+00  0.00000000E+00  0.63700663E+14
  0.44827636E+17  0.73772823E+18  0.81179349E+19  0.35155676E+20  0.73531661E+20
  0.99126678E+20  0.11954275E+21  0.13093302E+21  0.14310906E+21  0.15025194E+21
  0.15403523E+21  0.15671608E+21  0.16101765E+21  0.16536739E+21  0.16888086E+21
  0.17273842E+21  0.17170691E+21  0.16632385E+21  0.16980789E+21  0.17454461E+21
  0.17576362E+21  0.17820569E+21  0.18542346E+21  0.18047887E+21
  0.00000000E+00  0.00000000E+00  0.00000000E+00  0.00000000E+00  0.00000000E+00
  0.00000000E+00  0.00000000E+00  0.00000000E+00  0.00000000E+00  0.00000000E+00
  0.00000000E+00  0.00000000E+00  0.00000000E+00  0.00000000E+00  0.00000000E+00
  0.00000000E+00  0.00000000E+00  0.00000000E+00  0.00000000E+00  0.00000000E+00
  0.00000000E+00  0.00000000E+00  0.00000000E+00  0.00000000E+00  0.00000000E+00
  0.00000000E+00  0.00000000E+00  0.00000000E+00  0.00000000E+00  0.00000000E+00
  0.00000000E+00  0.00000000E+00  0.00000000E+00  0.00000000E+00  0.00000000E+00
  0.00000000E+00  0.00000000E+00  0.00000000E+00  0.00000000E+00  0.64910310E+16
  0.69891419E+17  0.16776575E+19  0.12713529E+20  0.43898280E+20  0.76641195E+20
  0.10193739E+21  0.12052520E+21  0.12993799E+21  0.14220522E+21  0.14610576E+21
  0.15039102E+21  0.15518747E+21  0.16109786E+21  0.16019469E+21  0.16616326E+21
  0.16537456E+21  0.16913015E+21  0.16551767E+21  0.16779411E+21  0.16570040E+21
  0.17220907E+21  0.17926045E+21  0.17873945E+21  0.17607333E+21
  0.00000000E+00  0.00000000E+00  0.00000000E+00  0.00000000E+00  0.00000000E+00
  0.00000000E+00  0.00000000E+00  0.00000000E+00  0.00000000E+00  0.00000000E+00
  0.00000000E+00  0.00000000E+00  0.00000000E+00  0.00000000E+00  0.00000000E+00
  0.00000000E+00  0.00000000E+00  0.00000000E+00  0.00000000E+00  0.00000000E+00
  0.00000000E+00  0.00000000E+00  0.00000000E+00  0.00000000E+00  0.00000000E+00
  0.00000000E+00  0.00000000E+00  0.00000000E+00  0.00000000E+00  0.00000000E+00
  0.00000000E+00  0.00000000E+00  0.00000000E+00  0.00000000E+00  0.00000000E+00
  0.00000000E+00  0.00000000E+00  0.00000000E+00  0.88440964E+15  0.10256369E+17
  0.28994156E+18  0.33349752E+19  0.19804032E+20  0.53798984E+20  0.83690780E+20
  0.10363950E+21  0.12029688E+21  0.12897725E+21  0.14056747E+21  0.14530903E+21
  0.14822377E+21  0.15150894E+21  0.15709024E+21  0.16193325E+21  0.16106575E+21
  0.16435726E+21  0.16336579E+21  0.16862216E+21  0.16670911E+21  0.16514807E+21
  0.16981228E+21  0.17433611E+21  0.17101411E+21  0.17010849E+21
  0.00000000E+00  0.00000000E+00  0.00000000E+00  0.00000000E+00  0.00000000E+00
  0.00000000E+00  0.00000000E+00  0.00000000E+00  0.00000000E+00  0.00000000E+00
  0.00000000E+00  0.00000000E+00  0.00000000E+00  0.00000000E+00  0.00000000E+00
  0.00000000E+00  0.00000000E+00  0.00000000E+00  0.00000000E+00  0.00000000E+00
  0.00000000E+00  0.00000000E+00  0.00000000E+00  0.00000000E+00  0.00000000E+00
  0.00000000E+00  0.00000000E+00  0.00000000E+00  0.00000000E+00  0.00000000E+00
  0.00000000E+00  0.00000000E+00  0.00000000E+00  0.00000000E+00  0.00000000E+00
  0.00000000E+00  0.00000000E+00  0.00000000E+00  0.18725573E+16  0.57711037E+17
  0.75792911E+18  0.67930964E+19  0.29389657E+20  0.61520538E+20  0.89379991E+20
  0.10720871E+21  0.12124390E+21  0.13062966E+21  0.13663501E+21  0.14112331E+21
  0.14766815E+21  0.15312067E+21  0.15246776E+21  0.15774033E+21  0.16174289E+21
  0.16108406E+21  0.15920494E+21  0.16310506E+21  0.16515873E+21  0.17187891E+21
  0.16834372E+21  0.16639182E+21  0.16878043E+21  0.17371943E+21
  0.00000000E+00  0.00000000E+00  0.00000000E+00  0.00000000E+00  0.00000000E+00
  0.00000000E+00  0.00000000E+00  0.00000000E+00  0.00000000E+00  0.00000000E+00
  0.00000000E+00  0.00000000E+00  0.00000000E+00  0.00000000E+00  0.00000000E+00
  0.00000000E+00  0.00000000E+00  0.00000000E+00  0.00000000E+00  0.00000000E+00
  0.00000000E+00  0.00000000E+00  0.00000000E+00  0.00000000E+00  0.00000000E+00
  0.00000000E+00  0.00000000E+00  0.00000000E+00  0.00000000E+00  0.00000000E+00
  0.00000000E+00  0.00000000E+00  0.00000000E+00  0.00000000E+00  0.00000000E+00
  0.00000000E+00  0.00000000E+00  0.00000000E+00  0.18062007E+17  0.15717693E+18
  0.17131964E+19  0.12802054E+20  0.41257438E+20  0.71584636E+20  0.94825105E+20
  0.11093901E+21  0.12050784E+21  0.13195305E+21  0.13579455E+21  0.14083403E+21
  0.14655313E+21  0.15045215E+21  0.15137189E+21  0.15420512E+21  0.15745688E+21
  0.15920690E+21  0.15661250E+21  0.16313197E+21  0.16403027E+21  0.16614122E+21
  0.16524954E+21  0.16310838E+21  0.16970263E+21  0.16633554E+21
  0.00000000E+00  0.00000000E+00  0.00000000E+00  0.00000000E+00  0.00000000E+00
  0.00000000E+00  0.00000000E+00  0.00000000E+00  0.00000000E+00  0.00000000E+00
  0.00000000E+00  0.00000000E+00  0.00000000E+00  0.00000000E+00  0.00000000E+00
  0.00000000E+00  0.00000000E+00  0.00000000E+00  0.00000000E+00  0.00000000E+00
  0.00000000E+00  0.00000000E+00  0.00000000E+00  0.00000000E+00  0.00000000E+00
  0.00000000E+00  0.00000000E+00  0.00000000E+00  0.00000000E+00  0.00000000E+00
  0.00000000E+00  0.00000000E+00  0.00000000E+00  0.00000000E+00  0.00000000E+00
  0.00000000E+00  0.00000000E+00  0.65496075E+15  0.27316397E+17  0.51484350E+18
  0.45176090E+19  0.22705299E+20  0.53070867E+20  0.78650676E+20  0.10021260E+21
  0.11355256E+21  0.12157842E+21  0.12920276E+21  0.13606564E+21  0.13892088E+21
  0.14479139E+21  0.14644466E+21  0.14892680E+21  0.15190336E+21  0.15544135E+21
  0.15333046E+21  0.15683195E+21  0.15806559E+21  0.16165380E+21  0.16246742E+21
  0.16581015E+21  0.16087704E+21  0.16232589E+21  0.16216534E+21
  0.00000000E+00  0.00000000E+00  0.00000000E+00  0.00000000E+00  0.00000000E+00
  0.00000000E+00  0.00000000E+00  0.00000000E+00  0.00000000E+00  0.00000000E+00
  0.00000000E+00  0.00000000E+00  0.00000000E+00  0.00000000E+00  0.00000000E+00
  0.00000000E+00  0.00000000E+00  0.00000000E+00  0.00000000E+00  0.00000000E+00
  0.00000000E+00  0.00000000E+00  0.00000000E+00  0.00000000E+00  0.00000000E+00
  0.00000000E+00  0.00000000E+00  0.00000000E+00  0.00000000E+00  0.00000000E+00
  0.00000000E+00  0.00000000E+00  0.00000000E+00  0.00000000E+00  0.00000000E+00
  0.00000000E+00  0.00000000E+00  0.15239687E+16  0.83428945E+17  0.11919717E+19
  0.98802877E+19  0.34536386E+20  0.63870194E+20  0.86231003E+20  0.10285180E+21
  0.11587300E+21  0.12187947E+21  0.12863478E+21  0.13501402E+21  0.13983371E+21
  0.14279255E+21  0.14630588E+21  0.14975810E+21  0.14936636E+21  0.14965082E+21
  0.15196808E+21  0.15331405E+21  0.15368267E+21  0.15838575E+21  0.15703574E+21
  0.15847883E+21  0.15715683E+21  0.15826792E+21  0.15476539E+21
  0.00000000E+00  0.00000000E+00  0.00000000E+00  0.00000000E+00  0.00000000E+00
  0.00000000E+00  0.00000000E+00  0.00000000E+00  0.00000000E+00  0.00000000E+00
  0.00000000E+00  0.00000000E+00  0.00000000E+00  0.00000000E+00  0.00000000E+00
  0.00000000E+00  0.00000000E+00  0.00000000E+00  0.00000000E+00  0.00000000E+00
  0.00000000E+00  0.00000000E+00  0.00000000E+00  0.00000000E+00  0.00000000E+00
  0.00000000E+00  0.00000000E+00  0.00000000E+00  0.00000000E+00  0.00000000E+00
  0.00000000E+00  0.00000000E+00  0.00000000E+00  0.00000000E+00  0.00000000E+00
  0.00000000E+00  0.11394765E+16  0.10809275E+17  0.22623843E+18  0.31205747E+19
  0.17793487E+20  0.47286677E+20  0.73654155E+20  0.93071335E+20  0.10692796E+21
  0.11827135E+21  0.12599466E+21  0.13034077E+21  0.13725255E+21  0.13913028E+21
  0.14318271E+21  0.14514469E+21  0.14721449E+21  0.14890102E+21  0.14987123E+21
  0.15371613E+21  0.14970351E+21  0.15059919E+21  0.15436971E+21  0.15394812E+21
  0.15735653E+21  0.15110182E+21  0.15302061E+21  0.15700024E+21
  0.00000000E+00  0.00000000E+00  0.00000000E+00  0.00000000E+00  0.00000000E+00
  0.00000000E+00  0.00000000E+00  0.00000000E+00  0.00000000E+00  0.00000000E+00
  0.00000000E+00  0.00000000E+00  0.00000000E+00  0.00000000E+00  0.00000000E+00
  0.00000000E+00  0.00000000E+00  0.00000000E+00  0.00000000E+00  0.00000000E+00
  0.00000000E+00  0.00000000E+00  0.00000000E+00  0.00000000E+00  0.00000000E+00
  0.00000000E+00  0.00000000E+00  0.00000000E+00  0.00000000E+00  0.00000000E+00
  0.00000000E+00  0.00000000E+00  0.00000000E+00  0.00000000E+00  0.00000000E+00
  0.00000000E+00  0.65197010E+16  0.54709067E+17  0.68476368E+18  0.66002283E+19
  0.29309423E+20  0.60377904E+20  0.81630308E+20  0.10024926E+21  0.11020259E+21
  0.12088189E+21  0.12944141E+21  0.13169627E+21  0.13720065E+21  0.13998336E+21
  0.14323066E+21  0.14206302E+21  0.14384959E+21  0.14745274E+21  0.14744381E+21
  0.15095639E+21  0.14944316E+21  0.14997300E+21  0.14826070E+21  0.14828075E+21
  0.15012424E+21  0.15449640E+21  0.15076033E+21  0.14982633E+21
  0.00000000E+00  0.00000000E+00  0.00000000E+00  0.00000000E+00  0.00000000E+00
  0.00000000E+00  0.00000000E+00  0.00000000E+00  0.00000000E+00  0.00000000E+00
  0.00000000E+00  0.00000000E+00  0.00000000E+00  0.00000000E+00  0.00000000E+00
  0.00000000E+00  0.00000000E+00  0.00000000E+00  0.00000000E+00  0.00000000E+00
  0.00000000E+00  0.00000000E+00  0.00000000E+00  0.00000000E+00  0.00000000E+00
  0.00000000E+00  0.00000000E+00  0.00000000E+00  0.00000000E+00  0.00000000E+00
  0.00000000E+00  0.00000000E+00  0.00000000E+00  0.00000000E+00  0.00000000E+00
  0.18321197E+15  0.39703291E+16  0.94761008E+17  0.15649509E+19  0.12546783E+20
  0.41254154E+20  0.70752666E+20  0.91767717E+20  0.10453656E+21  0.11647697E+21
  0.12442975E+21  0.13206257E+21  0.13626675E+21  0.13995912E+21  0.14302168E+21
  0.14406393E+21  0.14309163E+21  0.14458316E+21  0.14629698E+21  0.14608347E+21
  0.14821772E+21  0.14588714E+21  0.14754172E+21  0.14486458E+21  0.14510169E+21
  0.14797058E+21  0.15051248E+21  0.14885442E+21  0.14826514E+21
  0.00000000E+00  0.00000000E+00  0.00000000E+00  0.00000000E+00  0.00000000E+00
  0.00000000E+00  0.00000000E+00  0.00000000E+00  0.00000000E+00  0.00000000E+00
  0.00000000E+00  0.00000000E+00  0.00000000E+00  0.00000000E+00  0.00000000E+00
  0.00000000E+00  0.00000000E+00  0.00000000E+00  0.00000000E+00  0.00000000E+00
  0.00000000E+00  0.00000000E+00  0.00000000E+00  0.00000000E+00  0.00000000E+00
  0.00000000E+00  0.00000000E+00  0.00000000E+00  0.00000000E+00  0.00000000E+00
  0.00000000E+00  0.00000000E+00  0.00000000E+00  0.00000000E+00  0.00000000E+00
  0.00000000E+00  0.19944322E+17  0.24546555E+18  0.33679743E+19  0.20449205E+20
  0.51099004E+20  0.79707704E+20  0.10260318E+21  0.11074219E+21  0.12255590E+21
  0.13007685E+21  0.13435104E+21  0.14083953E+21  0.14334991E+21  0.14443991E+21
  0.14734641E+21  0.14666529E+21  0.14796903E+21  0.15001018E+21  0.14700333E+21
  0.14803770E+21  0.14826059E+21  0.14691526E+21  0.14612967E+21  0.14398922E+21
  0.14485200E+21  0.14346902E+21  0.14540189E+21  0.14508759E+21
  0.00000000E+00  0.00000000E+00  0.00000000E+00  0.00000000E+00  0.00000000E+00
  0.00000000E+00  0.00000000E+00  0.00000000E+00  0.00000000E+00  0.00000000E+00
  0.00000000E+00  0.00000000E+00  0.00000000E+00  0.00000000E+00  0.00000000E+00
  0.00000000E+00  0.00000000E+00  0.00000000E+00  0.00000000E+00  0.00000000E+00
  0.00000000E+00  0.00000000E+00  0.00000000E+00  0.00000000E+00  0.00000000E+00
  0.00000000E+00  0.00000000E+00  0.00000000E+00  0.00000000E+00  0.00000000E+00
  0.00000000E+00  0.00000000E+00  0.00000000E+00  0.00000000E+00  0.00000000E+00
  0.36214772E+16  0.33607462E+17  0.48726087E+18  0.58572129E+19  0.28994188E+20
  0.63704289E+20  0.88691491E+20  0.11003791E+21  0.12210015E+21  0.12916313E+21
  0.13765978E+21  0.14049347E+21  0.14624416E+21  0.14918968E+21  0.15293978E+21
  0.15193399E+21  0.15257529E+21  0.15435672E+21  0.14840184E+21  0.15071617E+21
  0.14944395E+21  0.14711277E+21  0.14928763E+21  0.14516781E+21  0.14584951E+21
  0.14490160E+21  0.14700626E+21  0.14454081E+21  0.14115466E+21
  0.00000000E+00  0.00000000E+00  0.00000000E+00  0.00000000E+00  0.00000000E+00
  0.00000000E+00  0.00000000E+00  0.00000000E+00  0.00000000E+00  0.00000000E+00
  0.00000000E+00  0.00000000E+00  0.00000000E+00  0.00000000E+00  0.00000000E+00
  0.00000000E+00  0.00000000E+00  0.00000000E+00  0.00000000E+00  0.00000000E+00
  0.00000000E+00  0.00000000E+00  0.00000000E+00  0.00000000E+00  0.00000000E+00
  0.00000000E+00  0.00000000E+00  0.00000000E+00  0.00000000E+00  0.00000000E+00
  0.00000000E+00  0.00000000E+00  0.00000000E+00  0.00000000E+00  0.17753130E+15
  0.31219175E+16  0.68423809E+17  0.97257882E+18  0.94023078E+19  0.39415143E+20
  0.76309864E+20  0.10124362E+21  0.11835478E+21  0.13149570E+21  0.14103390E+21
  0.14778063E+21  0.15315805E+21  0.15579452E+21  0.16004356E+21  0.16194885E+21
  0.16230720E+21  0.15962179E+21  0.15875303E+21  0.15591625E+21  0.15463036E+21
  0.15546615E+21  0.15416133E+21  0.15077036E+21  0.14772951E+21  0.14597763E+21
  0.14516000E+21  0.14172009E+21  0.14016711E+21  0.13654288E+21
  0.00000000E+00  0.00000000E+00  0.37293437E+15  0.00000000E+00  0.00000000E+00
  0.00000000E+00  0.00000000E+00  0.00000000E+00  0.00000000E+00  0.00000000E+00
  0.00000000E+00  0.00000000E+00  0.00000000E+00  0.00000000E+00  0.00000000E+00
  0.00000000E+00  0.00000000E+00  0.00000000E+00  0.00000000E+00  0.00000000E+00
  0.00000000E+00  0.00000000E+00  0.00000000E+00  0.00000000E+00  0.00000000E+00
  0.00000000E+00  0.00000000E+00  0.00000000E+00  0.18455691E+15  0.61831684E+15
  0.46031055E+15  0.22498440E+16  0.48774961E+16  0.16148223E+17  0.39401263E+17
  0.14846383E+18  0.57109237E+18  0.34534886E+19  0.20851906E+20  0.62069665E+20
  0.97299134E+20  0.12087040E+21  0.13618463E+21  0.14546714E+21  0.15519270E+21
  0.16190903E+21  0.16833217E+21  0.17294265E+21  0.17589931E+21  0.17567391E+21
  0.17695363E+21  0.17677550E+21  0.17276226E+21  0.17442039E+21  0.16771743E+21
  0.16340501E+21  0.16190815E+21  0.15835592E+21  0.15440866E+21  0.14893067E+21
  0.14221680E+21  0.14030835E+21  0.13272695E+21  0.12903746E+21
  0.00000000E+00  0.00000000E+00  0.00000000E+00  0.00000000E+00  0.00000000E+00
  0.00000000E+00  0.00000000E+00  0.00000000E+00  0.00000000E+00  0.00000000E+00
  0.00000000E+00  0.00000000E+00  0.00000000E+00  0.00000000E+00  0.00000000E+00
  0.00000000E+00  0.00000000E+00  0.00000000E+00  0.00000000E+00  0.00000000E+00
  0.00000000E+00  0.00000000E+00  0.00000000E+00  0.00000000E+00  0.00000000E+00
  0.00000000E+00  0.00000000E+00  0.11909581E-19  0.64927626E-20  0.00000000E+00
  0.00000000E+00  0.00000000E+00  0.13109022E-19  0.99892528E-20  0.36222016E-20
  0.60872253E-20  0.63786739E-20  0.90782292E-20  0.64202233E-20  0.77524025E-20
  0.10640895E-19  0.13534902E-19  0.12182164E-19  0.10669358E-19  0.97832127E-20
  0.93966913E-20  0.92866042E-20  0.92404870E-20  0.90805483E-20  0.90383097E-20
  0.90654886E-20  0.90408355E-20  0.90283224E-20  0.90130528E-20  0.92766242E-20
  0.94449986E-20  0.96081202E-20  0.96346944E-20  0.98747631E-20  0.99625174E-20
  0.10088632E-19  0.10703427E-19  0.11308416E-19  0.12295272E-19
  0.00000000E+00  0.00000000E+00  0.00000000E+00  0.00000000E+00  0.00000000E+00
  0.00000000E+00  0.00000000E+00  0.00000000E+00  0.00000000E+00  0.00000000E+00
  0.00000000E+00  0.00000000E+00  0.00000000E+00  0.00000000E+00  0.00000000E+00
  0.00000000E+00  0.00000000E+00  0.00000000E+00  0.00000000E+00  0.00000000E+00
  0.00000000E+00  0.00000000E+00  0.00000000E+00  0.00000000E+00  0.00000000E+00
  0.00000000E+00  0.00000000E+00  0.10877701E-19  0.00000000E+00  0.00000000E+00
  0.00000000E+00  0.00000000E+00  0.00000000E+00  0.00000000E+00  0.00000000E+00
  0.00000000E+00  0.00000000E+00  0.10226974E-19  0.14839614E-19  0.23287401E-19
  0.29693022E-19  0.26558527E-19  0.17654785E-19  0.12764672E-19  0.10888000E-19
  0.99017364E-20  0.96858373E-20  0.95765297E-20  0.95030011E-20  0.94000753E-20
  0.94523312E-20  0.96450546E-20  0.95912284E-20  0.96889728E-20  0.96863668E-20
  0.10062695E-19  0.10224492E-19  0.11017965E-19  0.11029046E-19  0.11148320E-19
  0.11522236E-19  0.12237814E-19  0.13084679E-19  0.14001935E-19
  0.00000000E+00  0.00000000E+00  0.00000000E+00  0.00000000E+00  0.00000000E+00
  0.00000000E+00  0.00000000E+00  0.00000000E+00  0.00000000E+00  0.00000000E+00
  0.00000000E+00  0.00000000E+00  0.00000000E+00  0.00000000E+00  0.00000000E+00
  0.00000000E+00  0.00000000E+00  0.00000000E+00  0.00000000E+00  0.00000000E+00
  0.00000000E+00  0.00000000E+00  0.00000000E+00  0.00000000E+00  0.00000000E+00
  0.00000000E+00  0.00000000E+00  0.00000000E+00  0.00000000E+00  0.00000000E+00
  0.00000000E+00  0.00000000E+00  0.00000000E+00  0.00000000E+00  0.00000000E+00
  0.00000000E+00  0.00000000E+00  0.00000000E+00  0.00000000E+00  0.76814737E-19
  0.53848247E-19  0.33393064E-19  0.20412509E-19  0.13826567E-19  0.11675979E-19
  0.10480932E-19  0.99904585E-20  0.10073325E-19  0.97995978E-20  0.98010878E-20
  0.99152657E-20  0.99617177E-20  0.10132558E-19  0.10166999E-19  0.10334849E-19
  0.10717980E-19  0.11045067E-19  0.11381315E-19  0.11803473E-19  0.11825459E-19
  0.12415400E-19  0.13210296E-19  0.13856016E-19  0.14178023E-19
  0.00000000E+00  0.00000000E+00  0.00000000E+00  0.00000000E+00  0.00000000E+00
  0.00000000E+00  0.00000000E+00  0.00000000E+00  0.00000000E+00  0.00000000E+00
  0.00000000E+00  0.00000000E+00  0.00000000E+00  0.00000000E+00  0.00000000E+00
  0.00000000E+00  0.00000000E+00  0.00000000E+00  0.00000000E+00  0.00000000E+00
  0.00000000E+00  0.00000000E+00  0.00000000E+00  0.00000000E+00  0.00000000E+00
  0.00000000E+00  0.00000000E+00  0.00000000E+00  0.00000000E+00  0.00000000E+00
  0.00000000E+00  0.00000000E+00  0.00000000E+00  0.00000000E+00  0.00000000E+00
  0.00000000E+00  0.00000000E+00  0.00000000E+00  0.00000000E+00  0.00000000E+00
  0.60186659E-19  0.38645543E-19  0.22814104E-19  0.15025759E-19  0.12452127E-19
  0.11130806E-19  0.10550541E-19  0.10690096E-19  0.10169909E-19  0.10089310E-19
  0.10213760E-19  0.10388773E-19  0.10635102E-19  0.10845800E-19  0.10998764E-19
  0.11130143E-19  0.11615446E-19  0.11901374E-19  0.12219457E-19  0.12476340E-19
  0.13260824E-19  0.13816153E-19  0.14152960E-19  0.14403403E-19
  0.00000000E+00  0.00000000E+00  0.00000000E+00  0.00000000E+00  0.00000000E+00
  0.00000000E+00  0.00000000E+00  0.00000000E+00  0.00000000E+00  0.00000000E+00
  0.00000000E+00  0.00000000E+00  0.00000000E+00  0.00000000E+00  0.00000000E+00
  0.00000000E+00  0.00000000E+00  0.00000000E+00  0.00000000E+00  0.00000000E+00
  0.00000000E+00  0.00000000E+00  0.00000000E+00  0.00000000E+00  0.00000000E+00
  0.00000000E+00  0.00000000E+00  0.00000000E+00  0.00000000E+00  0.00000000E+00
  0.00000000E+00  0.00000000E+00  0.00000000E+00  0.00000000E+00  0.00000000E+00
  0.00000000E+00  0.00000000E+00  0.00000000E+00  0.00000000E+00  0.97801332E-19
  0.69234480E-19  0.43347601E-19  0.26014629E-19  0.16341549E-19  0.12717055E-19
  0.11594876E-19  0.10817608E-19  0.10834573E-19  0.10781679E-19  0.10572036E-19
  0.10484322E-19  0.10793634E-19  0.11020224E-19  0.11442061E-19  0.11417369E-19
  0.11848690E-19  0.12084171E-19  0.12308902E-19  0.12956946E-19  0.13487067E-19
  0.13521811E-19  0.14040552E-19  0.14684523E-19  0.15152488E-19
  0.00000000E+00  0.00000000E+00  0.00000000E+00  0.00000000E+00  0.00000000E+00
  0.00000000E+00  0.00000000E+00  0.00000000E+00  0.00000000E+00  0.00000000E+00
  0.00000000E+00  0.00000000E+00  0.00000000E+00  0.00000000E+00  0.00000000E+00
  0.00000000E+00  0.00000000E+00  0.00000000E+00  0.00000000E+00  0.00000000E+00
  0.00000000E+00  0.00000000E+00  0.00000000E+00  0.00000000E+00  0.00000000E+00
  0.00000000E+00  0.00000000E+00  0.00000000E+00  0.00000000E+00  0.00000000E+00
  0.00000000E+00  0.00000000E+00  0.00000000E+00  0.00000000E+00  0.00000000E+00
  0.00000000E+00  0.00000000E+00  0.00000000E+00  0.00000000E+00  0.00000000E+00
  0.45180793E-19  0.41695067E-19  0.26884223E-19  0.17615598E-19  0.13655685E-19
  0.11690749E-19  0.10997254E-19  0.10811232E-19  0.11191485E-19  0.11058930E-19
  0.10948644E-19  0.11205010E-19  0.11466723E-19  0.11801279E-19  0.11891200E-19
  0.12260973E-19  0.12610220E-19  0.13305698E-19  0.13391331E-19  0.13952240E-19
  0.14042671E-19  0.14487371E-19  0.14881261E-19  0.15142935E-19
  0.00000000E+00  0.00000000E+00  0.00000000E+00  0.00000000E+00  0.00000000E+00
  0.00000000E+00  0.00000000E+00  0.00000000E+00  0.00000000E+00  0.00000000E+00
  0.00000000E+00  0.00000000E+00  0.00000000E+00  0.00000000E+00  0.00000000E+00
  0.00000000E+00  0.00000000E+00  0.00000000E+00  0.00000000E+00  0.00000000E+00
  0.00000000E+00  0.00000000E+00  0.00000000E+00  0.00000000E+00  0.00000000E+00
  0.00000000E+00  0.00000000E+00  0.00000000E+00  0.00000000E+00  0.00000000E+00
  0.00000000E+00  0.00000000E+00  0.00000000E+00  0.00000000E+00  0.00000000E+00
  0.00000000E+00  0.00000000E+00  0.00000000E+00  0.00000000E+00  0.00000000E+00
  0.63383222E-19  0.43250546E-19  0.25346793E-19  0.18064785E-19  0.14013591E-19
  0.12072062E-19  0.11421552E-19  0.11220860E-19  0.11341030E-19  0.11205353E-19
  0.11440624E-19  0.11456340E-19  0.11704849E-19  0.11938170E-19  0.12097171E-19
  0.12822510E-19  0.13147690E-19  0.13380767E-19  0.13517611E-19  0.14283497E-19
  0.14455301E-19  0.14728865E-19  0.15046675E-19  0.15303091E-19
  0.00000000E+00  0.00000000E+00  0.00000000E+00  0.00000000E+00  0.00000000E+00
  0.00000000E+00  0.00000000E+00  0.00000000E+00  0.00000000E+00  0.00000000E+00
  0.00000000E+00  0.00000000E+00  0.00000000E+00  0.00000000E+00  0.00000000E+00
  0.00000000E+00  0.00000000E+00  0.00000000E+00  0.00000000E+00  0.00000000E+00
  0.00000000E+00  0.00000000E+00  0.00000000E+00  0.00000000E+00  0.00000000E+00
  0.00000000E+00  0.00000000E+00  0.00000000E+00  0.00000000E+00  0.00000000E+00
  0.00000000E+00  0.00000000E+00  0.00000000E+00  0.00000000E+00  0.00000000E+00
  0.00000000E+00  0.00000000E+00  0.00000000E+00  0.00000000E+00  0.35822407E-19
  0.47737714E-19  0.47544942E-19  0.30594710E-19  0.18962757E-19  0.14492273E-19
  0.12459568E-19  0.11836872E-19  0.11403500E-19  0.11205039E-19  0.11439975E-19
  0.11629665E-19  0.11788397E-19  0.11990726E-19  0.11912843E-19  0.12401715E-19
  0.12858656E-19  0.13517224E-19  0.13749097E-19  0.13888009E-19  0.14580406E-19
  0.14353621E-19  0.14777721E-19  0.15185188E-19  0.15480200E-19
  0.00000000E+00  0.00000000E+00  0.00000000E+00  0.00000000E+00  0.00000000E+00
  0.00000000E+00  0.00000000E+00  0.00000000E+00  0.00000000E+00  0.00000000E+00
  0.00000000E+00  0.00000000E+00  0.00000000E+00  0.00000000E+00  0.00000000E+00
  0.00000000E+00  0.00000000E+00  0.00000000E+00  0.00000000E+00  0.00000000E+00
  0.00000000E+00  0.00000000E+00  0.00000000E+00  0.00000000E+00  0.00000000E+00
  0.00000000E+00  0.00000000E+00  0.00000000E+00  0.00000000E+00  0.00000000E+00
  0.00000000E+00  0.00000000E+00  0.00000000E+00  0.00000000E+00  0.00000000E+00
  0.00000000E+00  0.00000000E+00  0.00000000E+00  0.00000000E+00  0.85957415E-19
  0.75491573E-19  0.43098089E-19  0.32602783E-19  0.20575197E-19  0.14866004E-19
  0.12935319E-19  0.12117582E-19  0.11906411E-19  0.11655875E-19  0.11822487E-19
  0.11829093E-19  0.12086674E-19  0.12173175E-19  0.12323160E-19  0.12734616E-19
  0.13380783E-19  0.13477446E-19  0.13932778E-19  0.14345872E-19  0.14840984E-19
  0.14938343E-19  0.14986807E-19  0.15386155E-19  0.15648560E-19
  0.00000000E+00  0.00000000E+00  0.00000000E+00  0.00000000E+00  0.00000000E+00
  0.00000000E+00  0.00000000E+00  0.00000000E+00  0.00000000E+00  0.00000000E+00
  0.00000000E+00  0.00000000E+00  0.00000000E+00  0.00000000E+00  0.00000000E+00
  0.00000000E+00  0.00000000E+00  0.00000000E+00  0.00000000E+00  0.00000000E+00
  0.00000000E+00  0.00000000E+00  0.00000000E+00  0.00000000E+00  0.00000000E+00
  0.00000000E+00  0.00000000E+00  0.00000000E+00  0.00000000E+00  0.00000000E+00
  0.00000000E+00  0.00000000E+00  0.00000000E+00  0.00000000E+00  0.00000000E+00
  0.00000000E+00  0.00000000E+00  0.00000000E+00  0.00000000E+00  0.00000000E+00
  0.75323159E-19  0.51808462E-19  0.34302610E-19  0.21374402E-19  0.15096924E-19
  0.13251569E-19  0.12220721E-19  0.12035815E-19  0.11943685E-19  0.12008774E-19
  0.12016462E-19  0.12104226E-19  0.12803037E-19  0.12698548E-19  0.12939788E-19
  0.13556054E-19  0.13807539E-19  0.14017592E-19  0.14526141E-19  0.14849736E-19
  0.15167864E-19  0.15660160E-19  0.15882148E-19  0.15887148E-19
  0.00000000E+00  0.00000000E+00  0.00000000E+00  0.00000000E+00  0.00000000E+00
  0.00000000E+00  0.00000000E+00  0.00000000E+00  0.00000000E+00  0.00000000E+00
  0.00000000E+00  0.00000000E+00  0.00000000E+00  0.00000000E+00  0.00000000E+00
  0.00000000E+00  0.00000000E+00  0.00000000E+00  0.00000000E+00  0.00000000E+00
  0.00000000E+00  0.00000000E+00  0.00000000E+00  0.00000000E+00  0.00000000E+00
  0.00000000E+00  0.00000000E+00  0.00000000E+00  0.00000000E+00  0.00000000E+00
  0.00000000E+00  0.00000000E+00  0.00000000E+00  0.00000000E+00  0.00000000E+00
  0.00000000E+00  0.00000000E+00  0.00000000E+00  0.00000000E+00  0.00000000E+00
  0.55325922E-19  0.55783922E-19  0.35571313E-19  0.22582932E-19  0.15685315E-19
  0.13295043E-19  0.12551570E-19  0.12208566E-19  0.12281617E-19  0.11908585E-19
  0.11862551E-19  0.12261214E-19  0.12858765E-19  0.12953480E-19  0.12977775E-19
  0.13666480E-19  0.13903041E-19  0.14683827E-19  0.14349605E-19  0.14767839E-19
  0.15346662E-19  0.15590576E-19  0.15341621E-19  0.15858425E-19
  0.00000000E+00  0.00000000E+00  0.00000000E+00  0.00000000E+00  0.00000000E+00
  0.00000000E+00  0.00000000E+00  0.00000000E+00  0.00000000E+00  0.00000000E+00
  0.00000000E+00  0.00000000E+00  0.00000000E+00  0.00000000E+00  0.00000000E+00
  0.00000000E+00  0.00000000E+00  0.00000000E+00  0.00000000E+00  0.00000000E+00
  0.00000000E+00  0.00000000E+00  0.00000000E+00  0.00000000E+00  0.00000000E+00
  0.00000000E+00  0.00000000E+00  0.00000000E+00  0.00000000E+00  0.00000000E+00
  0.00000000E+00  0.00000000E+00  0.00000000E+00  0.00000000E+00  0.00000000E+00
  0.00000000E+00  0.00000000E+00  0.00000000E+00  0.00000000E+00  0.00000000E+00
  0.56665267E-19  0.50146842E-19  0.37297246E-19  0.23165525E-19  0.16186734E-19
  0.13797094E-19  0.12667399E-19  0.12522434E-19  0.12310287E-19  0.12305189E-19
  0.12249169E-19  0.12455014E-19  0.12758796E-19  0.13207103E-19  0.13336071E-19
  0.13755374E-19  0.13991409E-19  0.14560453E-19  0.14551303E-19  0.15084620E-19
  0.15280208E-19  0.15709411E-19  0.15849255E-19  0.15426035E-19
  0.00000000E+00  0.00000000E+00  0.00000000E+00  0.00000000E+00  0.00000000E+00
  0.00000000E+00  0.00000000E+00  0.00000000E+00  0.00000000E+00  0.00000000E+00
  0.00000000E+00  0.00000000E+00  0.00000000E+00  0.00000000E+00  0.00000000E+00
  0.00000000E+00  0.00000000E+00  0.00000000E+00  0.00000000E+00  0.00000000E+00
  0.00000000E+00  0.00000000E+00  0.00000000E+00  0.00000000E+00  0.00000000E+00
  0.00000000E+00  0.00000000E+00  0.00000000E+00  0.00000000E+00  0.00000000E+00
  0.00000000E+00  0.00000000E+00  0.00000000E+00  0.00000000E+00  0.00000000E+00
  0.00000000E+00  0.00000000E+00  0.00000000E+00  0.00000000E+00  0.00000000E+00
  0.11309847E-18  0.53530541E-19  0.37678473E-19  0.23317614E-19  0.16231111E-19
  0.13741394E-19  0.12931011E-19  0.12677364E-19  0.12227709E-19  0.12370001E-19
  0.12680364E-19  0.12872274E-19  0.13206001E-19  0.13314199E-19  0.13808254E-19
  0.14040526E-19  0.14435193E-19  0.14478173E-19  0.14607078E-19  0.14831324E-19
  0.15352566E-19  0.15615805E-19  0.16058571E-19  0.16223271E-19
  0.00000000E+00  0.00000000E+00  0.00000000E+00  0.00000000E+00  0.00000000E+00
  0.00000000E+00  0.00000000E+00  0.00000000E+00  0.00000000E+00  0.00000000E+00
  0.00000000E+00  0.00000000E+00  0.00000000E+00  0.00000000E+00  0.00000000E+00
  0.00000000E+00  0.00000000E+00  0.00000000E+00  0.00000000E+00  0.00000000E+00
  0.00000000E+00  0.00000000E+00  0.00000000E+00  0.00000000E+00  0.00000000E+00
  0.00000000E+00  0.00000000E+00  0.00000000E+00  0.00000000E+00  0.00000000E+00
  0.00000000E+00  0.00000000E+00  0.00000000E+00  0.00000000E+00  0.00000000E+00
  0.00000000E+00  0.00000000E+00  0.00000000E+00  0.00000000E+00  0.15990096E-18
  0.16072339E-18  0.49032704E-19  0.38838494E-19  0.24467443E-19  0.16669483E-19
  0.13859617E-19  0.13007695E-19  0.12811717E-19  0.12476527E-19  0.12531653E-19
  0.12928663E-19  0.12949333E-19  0.13023282E-19  0.13270047E-19  0.14130889E-19
  0.14235469E-19  0.14510319E-19  0.15034398E-19  0.14625530E-19  0.15332783E-19
  0.15348262E-19  0.16013469E-19  0.15971382E-19  0.15808760E-19
  0.00000000E+00  0.00000000E+00  0.00000000E+00  0.00000000E+00  0.00000000E+00
  0.00000000E+00  0.00000000E+00  0.00000000E+00  0.00000000E+00  0.00000000E+00
  0.00000000E+00  0.00000000E+00  0.00000000E+00  0.00000000E+00  0.00000000E+00
  0.00000000E+00  0.00000000E+00  0.00000000E+00  0.00000000E+00  0.00000000E+00
  0.00000000E+00  0.00000000E+00  0.00000000E+00  0.00000000E+00  0.00000000E+00
  0.00000000E+00  0.00000000E+00  0.00000000E+00  0.00000000E+00  0.00000000E+00
  0.00000000E+00  0.00000000E+00  0.00000000E+00  0.00000000E+00  0.00000000E+00
  0.00000000E+00  0.00000000E+00  0.00000000E+00  0.00000000E+00  0.14528134E-18
  0.00000000E+00  0.57183753E-19  0.38960634E-19  0.24735332E-19  0.17130177E-19
  0.14174794E-19  0.13410116E-19  0.13026139E-19  0.12814711E-19  0.12818838E-19
  0.13352359E-19  0.13192193E-19  0.13562405E-19  0.13707550E-19  0.14120300E-19
  0.14561344E-19  0.14516506E-19  0.14940240E-19  0.15132038E-19  0.15219015E-19
  0.15432387E-19  0.15917378E-19  0.15864490E-19  0.15602172E-19
  0.00000000E+00  0.00000000E+00  0.00000000E+00  0.00000000E+00  0.00000000E+00
  0.00000000E+00  0.00000000E+00  0.00000000E+00  0.00000000E+00  0.00000000E+00
  0.00000000E+00  0.00000000E+00  0.00000000E+00  0.00000000E+00  0.00000000E+00
  0.00000000E+00  0.00000000E+00  0.00000000E+00  0.00000000E+00  0.00000000E+00
  0.00000000E+00  0.00000000E+00  0.00000000E+00  0.00000000E+00  0.00000000E+00
  0.00000000E+00  0.00000000E+00  0.00000000E+00  0.00000000E+00  0.00000000E+00
  0.00000000E+00  0.00000000E+00  0.00000000E+00  0.00000000E+00  0.00000000E+00
  0.00000000E+00  0.00000000E+00  0.00000000E+00  0.00000000E+00  0.14528134E-18
  0.10892450E-18  0.59980447E-19  0.35804105E-19  0.23712845E-19  0.16838172E-19
  0.14380127E-19  0.13436048E-19  0.13112642E-19  0.13095625E-19  0.12907039E-19
  0.13407841E-19  0.13714051E-19  0.13720393E-19  0.13832301E-19  0.14325935E-19
  0.14385940E-19  0.14819171E-19  0.14939956E-19  0.15253901E-19  0.15509207E-19
  0.15445939E-19  0.15908167E-19  0.15855582E-19  0.15803859E-19
  0.00000000E+00  0.00000000E+00  0.00000000E+00  0.00000000E+00  0.00000000E+00
  0.00000000E+00  0.00000000E+00  0.00000000E+00  0.00000000E+00  0.00000000E+00
  0.00000000E+00  0.00000000E+00  0.00000000E+00  0.00000000E+00  0.00000000E+00
  0.00000000E+00  0.00000000E+00  0.00000000E+00  0.00000000E+00  0.00000000E+00
  0.00000000E+00  0.00000000E+00  0.00000000E+00  0.00000000E+00  0.00000000E+00
  0.00000000E+00  0.00000000E+00  0.00000000E+00  0.00000000E+00  0.00000000E+00
  0.00000000E+00  0.00000000E+00  0.00000000E+00  0.00000000E+00  0.00000000E+00
  0.00000000E+00  0.00000000E+00  0.00000000E+00  0.00000000E+00  0.94553695E-19
  0.10168808E-18  0.51650489E-19  0.35831890E-19  0.23523945E-19  0.16693317E-19
  0.14175144E-19  0.13410486E-19  0.13001393E-19  0.13407879E-19  0.13188211E-19
  0.13365217E-19  0.14001901E-19  0.13670511E-19  0.13981287E-19  0.14034356E-19
  0.14844141E-19  0.14614475E-19  0.15021965E-19  0.15374908E-19  0.15690834E-19
  0.15624464E-19  0.16089877E-19  0.16044926E-19  0.16120701E-19
  0.00000000E+00  0.00000000E+00  0.00000000E+00  0.00000000E+00  0.00000000E+00
  0.00000000E+00  0.00000000E+00  0.00000000E+00  0.00000000E+00  0.00000000E+00
  0.00000000E+00  0.00000000E+00  0.00000000E+00  0.00000000E+00  0.00000000E+00
  0.00000000E+00  0.00000000E+00  0.00000000E+00  0.00000000E+00  0.00000000E+00
  0.00000000E+00  0.00000000E+00  0.00000000E+00  0.00000000E+00  0.00000000E+00
  0.00000000E+00  0.00000000E+00  0.00000000E+00  0.00000000E+00  0.00000000E+00
  0.00000000E+00  0.00000000E+00  0.00000000E+00  0.00000000E+00  0.00000000E+00
  0.00000000E+00  0.00000000E+00  0.00000000E+00  0.00000000E+00  0.97867755E-19
  0.72028131E-19  0.48459929E-19  0.33383108E-19  0.22164906E-19  0.16404386E-19
  0.14448615E-19  0.13567916E-19  0.13318431E-19  0.13513331E-19  0.13359892E-19
  0.13649603E-19  0.13726625E-19  0.13878841E-19  0.13978772E-19  0.14459575E-19
  0.14751004E-19  0.15008037E-19  0.15218079E-19  0.15822778E-19  0.15650521E-19
  0.15875149E-19  0.15999873E-19  0.16211872E-19  0.16086240E-19
  0.00000000E+00  0.00000000E+00  0.00000000E+00  0.00000000E+00  0.00000000E+00
  0.00000000E+00  0.00000000E+00  0.00000000E+00  0.00000000E+00  0.00000000E+00
  0.00000000E+00  0.00000000E+00  0.00000000E+00  0.00000000E+00  0.00000000E+00
  0.00000000E+00  0.00000000E+00  0.00000000E+00  0.00000000E+00  0.00000000E+00
  0.00000000E+00  0.00000000E+00  0.00000000E+00  0.00000000E+00  0.00000000E+00
  0.00000000E+00  0.00000000E+00  0.00000000E+00  0.00000000E+00  0.00000000E+00
  0.00000000E+00  0.00000000E+00  0.00000000E+00  0.00000000E+00  0.00000000E+00
  0.00000000E+00  0.00000000E+00  0.00000000E+00  0.00000000E+00  0.72161061E-19
  0.61468034E-19  0.41570296E-19  0.29991856E-19  0.20430227E-19  0.16129439E-19
  0.14729714E-19  0.13708378E-19  0.13363088E-19  0.13152977E-19  0.13620387E-19
  0.13800906E-19  0.13943470E-19  0.14161112E-19  0.14261426E-19  0.14459119E-19
  0.14688895E-19  0.15084665E-19  0.15809555E-19  0.15615746E-19  0.15795622E-19
  0.15924949E-19  0.15991631E-19  0.15948472E-19  0.16680495E-19
  0.00000000E+00  0.00000000E+00  0.00000000E+00  0.00000000E+00  0.00000000E+00
  0.00000000E+00  0.00000000E+00  0.00000000E+00  0.00000000E+00  0.00000000E+00
  0.00000000E+00  0.00000000E+00  0.00000000E+00  0.00000000E+00  0.00000000E+00
  0.00000000E+00  0.00000000E+00  0.00000000E+00  0.00000000E+00  0.00000000E+00
  0.00000000E+00  0.00000000E+00  0.00000000E+00  0.00000000E+00  0.00000000E+00
  0.00000000E+00  0.00000000E+00  0.00000000E+00  0.00000000E+00  0.00000000E+00
  0.00000000E+00  0.00000000E+00  0.00000000E+00  0.00000000E+00  0.00000000E+00
  0.00000000E+00  0.00000000E+00  0.00000000E+00  0.00000000E+00  0.32027889E-19
  0.48331884E-19  0.37645376E-19  0.26122339E-19  0.18842313E-19  0.15856867E-19
  0.14592029E-19  0.13785965E-19  0.13648979E-19  0.13325878E-19  0.13497777E-19
  0.13732167E-19  0.14059338E-19  0.14142948E-19  0.14538384E-19  0.14670595E-19
  0.14746856E-19  0.14880888E-19  0.15383641E-19  0.15737352E-19  0.16122800E-19
  0.15786425E-19  0.15897229E-19  0.16098845E-19  0.16330125E-19
  0.00000000E+00  0.00000000E+00  0.00000000E+00  0.00000000E+00  0.00000000E+00
  0.00000000E+00  0.00000000E+00  0.00000000E+00  0.00000000E+00  0.00000000E+00
  0.00000000E+00  0.00000000E+00  0.00000000E+00  0.00000000E+00  0.00000000E+00
  0.00000000E+00  0.00000000E+00  0.00000000E+00  0.00000000E+00  0.00000000E+00
  0.00000000E+00  0.00000000E+00  0.00000000E+00  0.00000000E+00  0.00000000E+00
  0.00000000E+00  0.00000000E+00  0.00000000E+00  0.00000000E+00  0.00000000E+00
  0.00000000E+00  0.00000000E+00  0.00000000E+00  0.00000000E+00  0.00000000E+00
  0.00000000E+00  0.00000000E+00  0.00000000E+00  0.66854062E-19  0.54102269E-19
  0.40170326E-19  0.32089429E-19  0.23849780E-19  0.17587726E-19  0.15375942E-19
  0.14517636E-19  0.13623247E-19  0.13656544E-19  0.13581771E-19  0.13766906E-19
  0.13824485E-19  0.14209776E-19  0.14405957E-19  0.14584461E-19  0.14569503E-19
  0.14815693E-19  0.15283613E-19  0.15159112E-19  0.15468132E-19  0.15622890E-19
  0.15697115E-19  0.15612568E-19  0.15871334E-19  0.16201872E-19
  0.00000000E+00  0.00000000E+00  0.00000000E+00  0.00000000E+00  0.00000000E+00
  0.00000000E+00  0.00000000E+00  0.00000000E+00  0.00000000E+00  0.00000000E+00
  0.00000000E+00  0.00000000E+00  0.00000000E+00  0.00000000E+00  0.00000000E+00
  0.00000000E+00  0.00000000E+00  0.00000000E+00  0.00000000E+00  0.00000000E+00
  0.00000000E+00  0.00000000E+00  0.00000000E+00  0.00000000E+00  0.00000000E+00
  0.00000000E+00  0.00000000E+00  0.00000000E+00  0.00000000E+00  0.00000000E+00
  0.00000000E+00  0.00000000E+00  0.00000000E+00  0.00000000E+00  0.00000000E+00
  0.00000000E+00  0.00000000E+00  0.00000000E+00  0.69416276E-19  0.60405424E-19
  0.44039696E-19  0.28636530E-19  0.20778099E-19  0.16560355E-19  0.14599598E-19
  0.13730804E-19  0.13754977E-19  0.13885220E-19  0.13436982E-19  0.13794533E-19
  0.14091547E-19  0.13909229E-19  0.14577144E-19  0.14496211E-19  0.14421778E-19
  0.14893939E-19  0.15134621E-19  0.15266038E-19  0.15214203E-19  0.15423305E-19
  0.15747123E-19  0.15822821E-19  0.15878299E-19  0.15834446E-19
  0.00000000E+00  0.00000000E+00  0.00000000E+00  0.00000000E+00  0.00000000E+00
  0.00000000E+00  0.00000000E+00  0.00000000E+00  0.00000000E+00  0.00000000E+00
  0.00000000E+00  0.00000000E+00  0.00000000E+00  0.00000000E+00  0.00000000E+00
  0.00000000E+00  0.00000000E+00  0.00000000E+00  0.00000000E+00  0.00000000E+00
  0.00000000E+00  0.00000000E+00  0.00000000E+00  0.00000000E+00  0.00000000E+00
  0.00000000E+00  0.00000000E+00  0.00000000E+00  0.00000000E+00  0.00000000E+00
  0.00000000E+00  0.00000000E+00  0.00000000E+00  0.00000000E+00  0.00000000E+00
  0.00000000E+00  0.00000000E+00  0.00000000E+00  0.78779260E-19  0.46711358E-19
  0.35876043E-19  0.24652042E-19  0.18167147E-19  0.15669329E-19  0.14193408E-19
  0.13833785E-19  0.13577209E-19  0.13469294E-19  0.13948196E-19  0.14148305E-19
  0.13939716E-19  0.14084366E-19  0.14486970E-19  0.14620690E-19  0.14686898E-19
  0.14886599E-19  0.15326976E-19  0.15221019E-19  0.15562050E-19  0.15469072E-19
  0.15592503E-19  0.16045084E-19  0.15765721E-19  0.16014882E-19
  0.00000000E+00  0.00000000E+00  0.00000000E+00  0.00000000E+00  0.00000000E+00
  0.00000000E+00  0.00000000E+00  0.00000000E+00  0.00000000E+00  0.00000000E+00
  0.00000000E+00  0.00000000E+00  0.00000000E+00  0.00000000E+00  0.00000000E+00
  0.00000000E+00  0.00000000E+00  0.00000000E+00  0.00000000E+00  0.00000000E+00
  0.00000000E+00  0.00000000E+00  0.00000000E+00  0.00000000E+00  0.00000000E+00
  0.00000000E+00  0.00000000E+00  0.00000000E+00  0.00000000E+00  0.00000000E+00
  0.00000000E+00  0.00000000E+00  0.00000000E+00  0.00000000E+00  0.00000000E+00
  0.00000000E+00  0.00000000E+00  0.91079104E-19  0.66436615E-19  0.44005128E-19
  0.29631818E-19  0.21335515E-19  0.16960953E-19  0.14947079E-19  0.14025837E-19
  0.13546884E-19  0.13756752E-19  0.13341227E-19  0.13651304E-19  0.13857044E-19
  0.13851390E-19  0.14269991E-19  0.14104060E-19  0.14423949E-19  0.14591527E-19
  0.14844902E-19  0.15016451E-19  0.15210191E-19  0.15293158E-19  0.15308204E-19
  0.15607233E-19  0.15826502E-19  0.15796813E-19  0.15715380E-19
  0.00000000E+00  0.00000000E+00  0.00000000E+00  0.00000000E+00  0.00000000E+00
  0.00000000E+00  0.00000000E+00  0.00000000E+00  0.00000000E+00  0.00000000E+00
  0.00000000E+00  0.00000000E+00  0.00000000E+00  0.00000000E+00  0.00000000E+00
  0.00000000E+00  0.00000000E+00  0.00000000E+00  0.00000000E+00  0.00000000E+00
  0.00000000E+00  0.00000000E+00  0.00000000E+00  0.00000000E+00  0.00000000E+00
  0.00000000E+00  0.00000000E+00  0.00000000E+00  0.00000000E+00  0.00000000E+00
  0.00000000E+00  0.00000000E+00  0.00000000E+00  0.00000000E+00  0.00000000E+00
  0.00000000E+00  0.00000000E+00  0.37679837E-19  0.52340902E-19  0.35396153E-19
  0.24535618E-19  0.18638911E-19  0.15913774E-19  0.14520107E-19  0.13747717E-19
  0.13228176E-19  0.13352053E-19  0.13409199E-19  0.13427425E-19  0.13652439E-19
  0.14036413E-19  0.14056119E-19  0.14203856E-19  0.14392014E-19  0.14627587E-19
  0.14650385E-19  0.14699971E-19  0.15305391E-19  0.14920425E-19  0.15167055E-19
  0.15366825E-19  0.15419897E-19  0.15462089E-19  0.15623385E-19
  0.00000000E+00  0.00000000E+00  0.00000000E+00  0.00000000E+00  0.00000000E+00
  0.00000000E+00  0.00000000E+00  0.00000000E+00  0.00000000E+00  0.00000000E+00
  0.00000000E+00  0.00000000E+00  0.00000000E+00  0.00000000E+00  0.00000000E+00
  0.00000000E+00  0.00000000E+00  0.00000000E+00  0.00000000E+00  0.00000000E+00
  0.00000000E+00  0.00000000E+00  0.00000000E+00  0.00000000E+00  0.00000000E+00
  0.00000000E+00  0.00000000E+00  0.00000000E+00  0.00000000E+00  0.00000000E+00
  0.00000000E+00  0.00000000E+00  0.00000000E+00  0.00000000E+00  0.00000000E+00
  0.00000000E+00  0.74358323E-19  0.55242988E-19  0.41239612E-19  0.30709897E-19
  0.21428104E-19  0.16674134E-19  0.14632924E-19  0.13601138E-19  0.13222114E-19
  0.13007236E-19  0.12934771E-19  0.13163326E-19  0.13044870E-19  0.13405184E-19
  0.13605176E-19  0.13976373E-19  0.14128340E-19  0.14432385E-19  0.14481709E-19
  0.14370601E-19  0.15080248E-19  0.14884160E-19  0.14774429E-19  0.14997193E-19
  0.15120539E-19  0.15605165E-19  0.15665176E-19  0.15331380E-19
  0.00000000E+00  0.00000000E+00  0.00000000E+00  0.00000000E+00  0.00000000E+00
  0.00000000E+00  0.00000000E+00  0.00000000E+00  0.00000000E+00  0.00000000E+00
  0.00000000E+00  0.00000000E+00  0.00000000E+00  0.00000000E+00  0.00000000E+00
  0.00000000E+00  0.00000000E+00  0.00000000E+00  0.00000000E+00  0.00000000E+00
  0.00000000E+00  0.00000000E+00  0.00000000E+00  0.00000000E+00  0.00000000E+00
  0.00000000E+00  0.00000000E+00  0.00000000E+00  0.00000000E+00  0.00000000E+00
  0.00000000E+00  0.00000000E+00  0.00000000E+00  0.00000000E+00  0.00000000E+00
  0.00000000E+00  0.69288183E-19  0.64784489E-19  0.40048780E-19  0.25867819E-19
  0.18643018E-19  0.15170476E-19  0.13759937E-19  0.12912992E-19  0.12780632E-19
  0.12581375E-19  0.12515395E-19  0.12755391E-19  0.12845710E-19  0.13087542E-19
  0.13157756E-19  0.13432551E-19  0.13720048E-19  0.13770163E-19  0.14080117E-19
  0.14214298E-19  0.14434692E-19  0.14427224E-19  0.14754002E-19  0.15091402E-19
  0.15010852E-19  0.14821018E-19  0.15191975E-19  0.15063776E-19
  0.00000000E+00  0.00000000E+00  0.00000000E+00  0.00000000E+00  0.00000000E+00
  0.00000000E+00  0.00000000E+00  0.00000000E+00  0.00000000E+00  0.00000000E+00
  0.00000000E+00  0.00000000E+00  0.00000000E+00  0.00000000E+00  0.00000000E+00
  0.00000000E+00  0.00000000E+00  0.00000000E+00  0.00000000E+00  0.00000000E+00
  0.00000000E+00  0.00000000E+00  0.00000000E+00  0.00000000E+00  0.00000000E+00
  0.00000000E+00  0.00000000E+00  0.00000000E+00  0.00000000E+00  0.00000000E+00
  0.00000000E+00  0.00000000E+00  0.00000000E+00  0.00000000E+00  0.00000000E+00
  0.74495003E-19  0.85719554E-19  0.48818108E-19  0.33667061E-19  0.22870544E-19
  0.16632662E-19  0.13807377E-19  0.12674773E-19  0.12406314E-19  0.12155140E-19
  0.12200881E-19  0.12088940E-19  0.12278803E-19  0.12503538E-19  0.12593664E-19
  0.12765603E-19  0.13082531E-19  0.13297344E-19  0.13236713E-19  0.13502336E-19
  0.13468751E-19  0.13898717E-19  0.13965420E-19  0.14317842E-19  0.14399003E-19
  0.14594102E-19  0.14646133E-19  0.14869244E-19  0.15240913E-19
  0.00000000E+00  0.00000000E+00  0.00000000E+00  0.00000000E+00  0.00000000E+00
  0.00000000E+00  0.00000000E+00  0.00000000E+00  0.00000000E+00  0.00000000E+00
  0.00000000E+00  0.00000000E+00  0.00000000E+00  0.00000000E+00  0.00000000E+00
  0.00000000E+00  0.00000000E+00  0.00000000E+00  0.00000000E+00  0.00000000E+00
  0.00000000E+00  0.00000000E+00  0.00000000E+00  0.00000000E+00  0.00000000E+00
  0.00000000E+00  0.00000000E+00  0.00000000E+00  0.00000000E+00  0.00000000E+00
  0.00000000E+00  0.00000000E+00  0.00000000E+00  0.00000000E+00  0.00000000E+00
  0.00000000E+00  0.64622972E-19  0.45612438E-19  0.28627099E-19  0.19323082E-19
  0.14669757E-19  0.12840306E-19  0.11934618E-19  0.11847629E-19  0.11730640E-19
  0.11681094E-19  0.11869965E-19  0.11755345E-19  0.12025432E-19  0.12165634E-19
  0.12369890E-19  0.12574996E-19  0.12592011E-19  0.12738370E-19  0.12971602E-19
  0.13225940E-19  0.13451356E-19  0.13654699E-19  0.13826953E-19  0.14320505E-19
  0.14286284E-19  0.14552754E-19  0.14737693E-19  0.14705733E-19
  0.00000000E+00  0.00000000E+00  0.00000000E+00  0.00000000E+00  0.00000000E+00
  0.00000000E+00  0.00000000E+00  0.00000000E+00  0.00000000E+00  0.00000000E+00
  0.00000000E+00  0.00000000E+00  0.00000000E+00  0.00000000E+00  0.00000000E+00
  0.00000000E+00  0.00000000E+00  0.00000000E+00  0.00000000E+00  0.00000000E+00
  0.00000000E+00  0.00000000E+00  0.00000000E+00  0.00000000E+00  0.00000000E+00
  0.00000000E+00  0.00000000E+00  0.00000000E+00  0.00000000E+00  0.00000000E+00
  0.00000000E+00  0.00000000E+00  0.00000000E+00  0.00000000E+00  0.00000000E+00
  0.44412722E-19  0.55523009E-19  0.42927726E-19  0.25434535E-19  0.16621118E-19
  0.13222990E-19  0.11921282E-19  0.11081655E-19  0.10975893E-19  0.11004052E-19
  0.10920698E-19  0.11132448E-19  0.11186996E-19  0.11110099E-19  0.11176778E-19
  0.11468274E-19  0.11610862E-19  0.12018068E-19  0.12528181E-19  0.12405906E-19
  0.12645938E-19  0.12911890E-19  0.13003671E-19  0.13414515E-19  0.13562125E-19
  0.13633228E-19  0.13729742E-19  0.14154014E-19  0.14523473E-19
  0.00000000E+00  0.00000000E+00  0.00000000E+00  0.00000000E+00  0.00000000E+00
  0.00000000E+00  0.00000000E+00  0.00000000E+00  0.00000000E+00  0.00000000E+00
  0.00000000E+00  0.00000000E+00  0.00000000E+00  0.00000000E+00  0.00000000E+00
  0.00000000E+00  0.00000000E+00  0.00000000E+00  0.00000000E+00  0.00000000E+00
  0.00000000E+00  0.00000000E+00  0.00000000E+00  0.00000000E+00  0.00000000E+00
  0.00000000E+00  0.00000000E+00  0.00000000E+00  0.00000000E+00  0.00000000E+00
  0.00000000E+00  0.00000000E+00  0.00000000E+00  0.00000000E+00  0.57964051E-19
  0.58147580E-19  0.48161660E-19  0.35512752E-19  0.22037006E-19  0.14804542E-19
  0.11961485E-19  0.10871379E-19  0.10516080E-19  0.10389096E-19  0.10205491E-19
  0.10210820E-19  0.10141566E-19  0.10131547E-19  0.10157213E-19  0.10333517E-19
  0.10556451E-19  0.10843956E-19  0.10881675E-19  0.11056729E-19  0.11269610E-19
  0.11358918E-19  0.11655509E-19  0.11988926E-19  0.12304705E-19  0.12461142E-19
  0.12758770E-19  0.13128217E-19  0.13135673E-19  0.13610295E-19
  0.00000000E+00  0.00000000E+00  0.25591331E-20  0.00000000E+00  0.00000000E+00
  0.00000000E+00  0.00000000E+00  0.00000000E+00  0.00000000E+00  0.00000000E+00
  0.00000000E+00  0.00000000E+00  0.00000000E+00  0.00000000E+00  0.00000000E+00
  0.00000000E+00  0.00000000E+00  0.00000000E+00  0.00000000E+00  0.00000000E+00
  0.00000000E+00  0.00000000E+00  0.00000000E+00  0.00000000E+00  0.00000000E+00
  0.00000000E+00  0.00000000E+00  0.00000000E+00  0.70259446E-20  0.11122567E-19
  0.10817988E-19  0.78702495E-20  0.71916859E-20  0.68787528E-20  0.82388378E-20
  0.96655467E-20  0.13879706E-19  0.16832566E-19  0.14378880E-19  0.11581001E-19
  0.10329239E-19  0.98372092E-20  0.96313787E-20  0.95276913E-20  0.94448568E-20
  0.92426043E-20  0.92528201E-20  0.93074610E-20  0.93694620E-20  0.94899150E-20
  0.93984831E-20  0.93749983E-20  0.96295837E-20  0.96175976E-20  0.98228163E-20
  0.10045421E-19  0.10149092E-19  0.10205226E-19  0.10391914E-19  0.10577830E-19
  0.11080171E-19  0.11314381E-19  0.12001979E-19  0.12596828E-19
  0.00000000E+00  0.00000000E+00  0.00000000E+00  0.00000000E+00  0.00000000E+00
  0.00000000E+00  0.00000000E+00  0.00000000E+00  0.00000000E+00  0.00000000E+00
  0.00000000E+00  0.00000000E+00  0.00000000E+00  0.00000000E+00  0.00000000E+00
  0.00000000E+00  0.00000000E+00  0.00000000E+00  0.00000000E+00  0.00000000E+00
  0.00000000E+00  0.00000000E+00  0.00000000E+00  0.00000000E+00  0.00000000E+00
  0.00000000E+00  0.00000000E+00  0.20742505E+15  0.22032495E+15  0.00000000E+00
  0.00000000E+00  0.00000000E+00  0.76036153E+14  0.28830395E+15  0.00000000E+00
  0.57303164E+15  0.12198017E+16  0.15258248E+16  0.69531774E+16  0.76761528E+16
  0.24567606E+17  0.46622277E+17  0.30826634E+17  0.36388234E+16  0.99503721E+15
  0.00000000E+00  0.00000000E+00  0.00000000E+00  0.00000000E+00  0.00000000E+00
  0.00000000E+00  0.00000000E+00  0.00000000E+00  0.00000000E+00  0.00000000E+00
  0.00000000E+00  0.00000000E+00  0.00000000E+00  0.00000000E+00  0.00000000E+00
  0.00000000E+00  0.00000000E+00  0.00000000E+00  0.00000000E+00
  0.00000000E+00  0.00000000E+00  0.00000000E+00  0.00000000E+00  0.00000000E+00
  0.00000000E+00  0.00000000E+00  0.00000000E+00  0.00000000E+00  0.00000000E+00
  0.00000000E+00  0.00000000E+00  0.00000000E+00  0.00000000E+00  0.00000000E+00
  0.00000000E+00  0.00000000E+00  0.00000000E+00  0.00000000E+00  0.00000000E+00
  0.00000000E+00  0.00000000E+00  0.00000000E+00  0.00000000E+00  0.00000000E+00
  0.00000000E+00  0.00000000E+00  0.10896974E+15  0.00000000E+00  0.00000000E+00
  0.00000000E+00  0.00000000E+00  0.00000000E+00  0.00000000E+00  0.00000000E+00
  0.00000000E+00  0.00000000E+00  0.44145478E+15  0.69452786E+15  0.23494255E+15
  0.43030187E+16  0.14977622E+17  0.19874613E+17  0.46907855E+16  0.21202038E+15
  0.00000000E+00  0.48127515E+14  0.00000000E+00  0.00000000E+00  0.00000000E+00
  0.00000000E+00  0.00000000E+00  0.00000000E+00  0.00000000E+00  0.00000000E+00
  0.00000000E+00  0.00000000E+00  0.00000000E+00  0.00000000E+00  0.00000000E+00
  0.00000000E+00  0.00000000E+00  0.00000000E+00  0.00000000E+00
  0.00000000E+00  0.00000000E+00  0.00000000E+00  0.00000000E+00  0.00000000E+00
  0.00000000E+00  0.00000000E+00  0.00000000E+00  0.00000000E+00  0.00000000E+00
  0.00000000E+00  0.00000000E+00  0.00000000E+00  0.00000000E+00  0.00000000E+00
  0.00000000E+00  0.00000000E+00  0.00000000E+00  0.00000000E+00  0.00000000E+00
  0.00000000E+00  0.00000000E+00  0.00000000E+00  0.00000000E+00  0.00000000E+00
  0.00000000E+00  0.00000000E+00  0.00000000E+00  0.00000000E+00  0.00000000E+00
  0.00000000E+00  0.00000000E+00  0.00000000E+00  0.00000000E+00  0.00000000E+00
  0.00000000E+00  0.00000000E+00  0.00000000E+00  0.00000000E+00  0.98512156E+14
  0.21223449E+16  0.12269210E+17  0.18119874E+17  0.53034518E+16  0.56828767E+15
  0.17309913E+15  0.00000000E+00  0.00000000E+00  0.00000000E+00  0.00000000E+00
  0.00000000E+00  0.00000000E+00  0.00000000E+00  0.00000000E+00  0.00000000E+00
  0.00000000E+00  0.00000000E+00  0.00000000E+00  0.00000000E+00  0.00000000E+00
  0.00000000E+00  0.00000000E+00  0.00000000E+00  0.00000000E+00
  0.00000000E+00  0.00000000E+00  0.00000000E+00  0.00000000E+00  0.00000000E+00
  0.00000000E+00  0.00000000E+00  0.00000000E+00  0.00000000E+00  0.00000000E+00
  0.00000000E+00  0.00000000E+00  0.00000000E+00  0.00000000E+00  0.00000000E+00
  0.00000000E+00  0.00000000E+00  0.00000000E+00  0.00000000E+00  0.00000000E+00
  0.00000000E+00  0.00000000E+00  0.00000000E+00  0.00000000E+00  0.00000000E+00
  0.00000000E+00  0.00000000E+00  0.00000000E+00  0.00000000E+00  0.00000000E+00
  0.00000000E+00  0.00000000E+00  0.00000000E+00  0.00000000E+00  0.00000000E+00
  0.00000000E+00  0.00000000E+00  0.00000000E+00  0.00000000E+00  0.00000000E+00
  0.10254476E+16  0.75645757E+16  0.16754649E+17  0.39996043E+16  0.99996927E+14
  0.17969101E+15  0.00000000E+00  0.00000000E+00  0.00000000E+00  0.00000000E+00
  0.00000000E+00  0.00000000E+00  0.00000000E+00  0.00000000E+00  0.00000000E+00
  0.00000000E+00  0.00000000E+00  0.00000000E+00  0.00000000E+00  0.00000000E+00
  0.00000000E+00  0.00000000E+00  0.00000000E+00  0.00000000E+00
  0.00000000E+00  0.00000000E+00  0.00000000E+00  0.00000000E+00  0.00000000E+00
  0.00000000E+00  0.00000000E+00  0.00000000E+00  0.00000000E+00  0.00000000E+00
  0.00000000E+00  0.00000000E+00  0.00000000E+00  0.00000000E+00  0.00000000E+00
  0.00000000E+00  0.00000000E+00  0.00000000E+00  0.00000000E+00  0.00000000E+00
  0.00000000E+00  0.00000000E+00  0.00000000E+00  0.00000000E+00  0.00000000E+00
  0.00000000E+00  0.00000000E+00  0.00000000E+00  0.00000000E+00  0.00000000E+00
  0.00000000E+00  0.00000000E+00  0.00000000E+00  0.00000000E+00  0.00000000E+00
  0.00000000E+00  0.00000000E+00  0.00000000E+00  0.00000000E+00  0.00000000E+00
  0.15048677E+16  0.88970723E+16  0.16055105E+17  0.48486857E+16  0.39570421E+15
  0.51495190E+14  0.00000000E+00  0.00000000E+00  0.00000000E+00  0.00000000E+00
  0.00000000E+00  0.00000000E+00  0.00000000E+00  0.00000000E+00  0.00000000E+00
  0.00000000E+00  0.00000000E+00  0.00000000E+00  0.00000000E+00  0.00000000E+00
  0.00000000E+00  0.00000000E+00  0.00000000E+00  0.00000000E+00
  0.00000000E+00  0.00000000E+00  0.00000000E+00  0.00000000E+00  0.00000000E+00
  0.00000000E+00  0.00000000E+00  0.00000000E+00  0.00000000E+00  0.00000000E+00
  0.00000000E+00  0.00000000E+00  0.00000000E+00  0.00000000E+00  0.00000000E+00
  0.00000000E+00  0.00000000E+00  0.00000000E+00  0.00000000E+00  0.00000000E+00
  0.00000000E+00  0.00000000E+00  0.00000000E+00  0.00000000E+00  0.00000000E+00
  0.00000000E+00  0.00000000E+00  0.00000000E+00  0.00000000E+00  0.00000000E+00
  0.00000000E+00  0.00000000E+00  0.00000000E+00  0.00000000E+00  0.00000000E+00
  0.00000000E+00  0.00000000E+00  0.00000000E+00  0.00000000E+00  0.00000000E+00
  0.18565455E+16  0.47471726E+16  0.17380642E+17  0.59632726E+16  0.74653089E+15
  0.00000000E+00  0.00000000E+00  0.00000000E+00  0.00000000E+00  0.00000000E+00
  0.00000000E+00  0.00000000E+00  0.00000000E+00  0.00000000E+00  0.00000000E+00
  0.00000000E+00  0.00000000E+00  0.00000000E+00  0.00000000E+00  0.00000000E+00
  0.00000000E+00  0.27012467E+15  0.00000000E+00  0.00000000E+00
  0.00000000E+00  0.00000000E+00  0.00000000E+00  0.00000000E+00  0.00000000E+00
  0.00000000E+00  0.00000000E+00  0.00000000E+00  0.00000000E+00  0.00000000E+00
  0.00000000E+00  0.00000000E+00  0.00000000E+00  0.00000000E+00  0.00000000E+00
  0.00000000E+00  0.00000000E+00  0.00000000E+00  0.00000000E+00  0.00000000E+00
  0.00000000E+00  0.00000000E+00  0.00000000E+00  0.00000000E+00  0.00000000E+00
  0.00000000E+00  0.00000000E+00  0.00000000E+00  0.00000000E+00  0.00000000E+00
  0.00000000E+00  0.00000000E+00  0.00000000E+00  0.00000000E+00  0.00000000E+00
  0.00000000E+00  0.00000000E+00  0.00000000E+00  0.00000000E+00  0.00000000E+00
  0.22304920E+15  0.55274064E+16  0.16373905E+17  0.67302283E+16  0.19065770E+16
  0.39742304E+15  0.26351749E+15  0.00000000E+00  0.00000000E+00  0.00000000E+00
  0.00000000E+00  0.00000000E+00  0.00000000E+00  0.00000000E+00  0.00000000E+00
  0.00000000E+00  0.00000000E+00  0.00000000E+00  0.00000000E+00  0.00000000E+00
  0.00000000E+00  0.00000000E+00  0.00000000E+00  0.00000000E+00
  0.00000000E+00  0.00000000E+00  0.00000000E+00  0.00000000E+00  0.00000000E+00
  0.00000000E+00  0.00000000E+00  0.00000000E+00  0.00000000E+00  0.00000000E+00
  0.00000000E+00  0.00000000E+00  0.00000000E+00  0.00000000E+00  0.00000000E+00
  0.00000000E+00  0.00000000E+00  0.00000000E+00  0.00000000E+00  0.00000000E+00
  0.00000000E+00  0.00000000E+00  0.00000000E+00  0.00000000E+00  0.00000000E+00
  0.00000000E+00  0.00000000E+00  0.00000000E+00  0.00000000E+00  0.00000000E+00
  0.00000000E+00  0.00000000E+00  0.00000000E+00  0.00000000E+00  0.00000000E+00
  0.00000000E+00  0.00000000E+00  0.00000000E+00  0.00000000E+00  0.12336578E+15
  0.00000000E+00  0.59634766E+16  0.14886835E+17  0.76684408E+16  0.74372949E+15
  0.26208905E+15  0.00000000E+00  0.45760167E+15  0.00000000E+00  0.00000000E+00
  0.00000000E+00  0.00000000E+00  0.00000000E+00  0.00000000E+00  0.00000000E+00
  0.00000000E+00  0.00000000E+00  0.00000000E+00  0.00000000E+00  0.00000000E+00
  0.00000000E+00  0.00000000E+00  0.00000000E+00  0.00000000E+00
  0.00000000E+00  0.00000000E+00  0.00000000E+00  0.00000000E+00  0.00000000E+00
  0.00000000E+00  0.00000000E+00  0.00000000E+00  0.00000000E+00  0.00000000E+00
  0.00000000E+00  0.00000000E+00  0.00000000E+00  0.00000000E+00  0.00000000E+00
  0.00000000E+00  0.00000000E+00  0.00000000E+00  0.00000000E+00  0.00000000E+00
  0.00000000E+00  0.00000000E+00  0.00000000E+00  0.00000000E+00  0.00000000E+00
  0.00000000E+00  0.00000000E+00  0.00000000E+00  0.00000000E+00  0.00000000E+00
  0.00000000E+00  0.00000000E+00  0.00000000E+00  0.00000000E+00  0.00000000E+00
  0.00000000E+00  0.00000000E+00  0.00000000E+00  0.00000000E+00  0.12897706E+15
  0.00000000E+00  0.31568455E+16  0.13814865E+17  0.98694131E+16  0.17213584E+16
  0.00000000E+00  0.00000000E+00  0.00000000E+00  0.00000000E+00  0.00000000E+00
  0.00000000E+00  0.00000000E+00  0.00000000E+00  0.00000000E+00  0.00000000E+00
  0.00000000E+00  0.00000000E+00  0.00000000E+00  0.00000000E+00  0.00000000E+00
  0.00000000E+00  0.00000000E+00  0.00000000E+00  0.00000000E+00
  0.00000000E+00  0.00000000E+00  0.00000000E+00  0.00000000E+00  0.00000000E+00
  0.00000000E+00  0.00000000E+00  0.00000000E+00  0.00000000E+00  0.00000000E+00
  0.00000000E+00  0.00000000E+00  0.00000000E+00  0.00000000E+00  0.00000000E+00
  0.00000000E+00  0.00000000E+00  0.00000000E+00  0.00000000E+00  0.00000000E+00
  0.00000000E+00  0.00000000E+00  0.00000000E+00  0.00000000E+00  0.00000000E+00
  0.00000000E+00  0.00000000E+00  0.00000000E+00  0.00000000E+00  0.00000000E+00
  0.00000000E+00  0.00000000E+00  0.00000000E+00  0.00000000E+00  0.00000000E+00
  0.00000000E+00  0.00000000E+00  0.00000000E+00  0.00000000E+00  0.00000000E+00
  0.12821789E+15  0.49196062E+16  0.14211393E+17  0.10189672E+17  0.21106340E+16
  0.50051789E+15  0.00000000E+00  0.00000000E+00  0.00000000E+00  0.00000000E+00
  0.00000000E+00  0.00000000E+00  0.00000000E+00  0.00000000E+00  0.00000000E+00
  0.00000000E+00  0.00000000E+00  0.00000000E+00  0.00000000E+00  0.00000000E+00
  0.00000000E+00  0.00000000E+00  0.00000000E+00  0.00000000E+00
  0.00000000E+00  0.00000000E+00  0.00000000E+00  0.00000000E+00  0.00000000E+00
  0.00000000E+00  0.00000000E+00  0.00000000E+00  0.00000000E+00  0.00000000E+00
  0.00000000E+00  0.00000000E+00  0.00000000E+00  0.00000000E+00  0.00000000E+00
  0.00000000E+00  0.00000000E+00  0.00000000E+00  0.00000000E+00  0.00000000E+00
  0.00000000E+00  0.00000000E+00  0.00000000E+00  0.00000000E+00  0.00000000E+00
  0.00000000E+00  0.00000000E+00  0.00000000E+00  0.00000000E+00  0.00000000E+00
  0.00000000E+00  0.00000000E+00  0.00000000E+00  0.00000000E+00  0.00000000E+00
  0.00000000E+00  0.00000000E+00  0.00000000E+00  0.00000000E+00  0.00000000E+00
  0.16941606E+15  0.37834844E+16  0.17489535E+17  0.97830680E+16  0.22107337E+16
  0.00000000E+00  0.38222236E+15  0.00000000E+00  0.00000000E+00  0.00000000E+00
  0.00000000E+00  0.00000000E+00  0.00000000E+00  0.00000000E+00  0.00000000E+00
  0.00000000E+00  0.00000000E+00  0.00000000E+00  0.00000000E+00  0.00000000E+00
  0.00000000E+00  0.00000000E+00  0.00000000E+00  0.00000000E+00
  0.00000000E+00  0.00000000E+00  0.00000000E+00  0.00000000E+00  0.00000000E+00
  0.00000000E+00  0.00000000E+00  0.00000000E+00  0.00000000E+00  0.00000000E+00
  0.00000000E+00  0.00000000E+00  0.00000000E+00  0.00000000E+00  0.00000000E+00
  0.00000000E+00  0.00000000E+00  0.00000000E+00  0.00000000E+00  0.00000000E+00
  0.00000000E+00  0.00000000E+00  0.00000000E+00  0.00000000E+00  0.00000000E+00
  0.00000000E+00  0.00000000E+00  0.00000000E+00  0.00000000E+00  0.00000000E+00
  0.00000000E+00  0.00000000E+00  0.00000000E+00  0.00000000E+00  0.00000000E+00
  0.00000000E+00  0.00000000E+00  0.00000000E+00  0.00000000E+00  0.00000000E+00
  0.00000000E+00  0.77114400E+15  0.13689402E+17  0.95355202E+16  0.19266494E+16
  0.54964293E+15  0.00000000E+00  0.00000000E+00  0.00000000E+00  0.00000000E+00
  0.00000000E+00  0.00000000E+00  0.00000000E+00  0.00000000E+00  0.00000000E+00
  0.00000000E+00  0.00000000E+00  0.00000000E+00  0.00000000E+00  0.00000000E+00
  0.00000000E+00  0.00000000E+00  0.00000000E+00  0.00000000E+00
  0.00000000E+00  0.00000000E+00  0.00000000E+00  0.00000000E+00  0.00000000E+00
  0.00000000E+00  0.00000000E+00  0.00000000E+00  0.00000000E+00  0.00000000E+00
  0.00000000E+00  0.00000000E+00  0.00000000E+00  0.00000000E+00  0.00000000E+00
  0.00000000E+00  0.00000000E+00  0.00000000E+00  0.00000000E+00  0.00000000E+00
  0.00000000E+00  0.00000000E+00  0.00000000E+00  0.00000000E+00  0.00000000E+00
  0.00000000E+00  0.00000000E+00  0.00000000E+00  0.00000000E+00  0.00000000E+00
  0.00000000E+00  0.00000000E+00  0.00000000E+00  0.00000000E+00  0.00000000E+00
  0.00000000E+00  0.00000000E+00  0.00000000E+00  0.00000000E+00  0.00000000E+00
  0.50599703E+15  0.36276470E+16  0.14785245E+17  0.91140637E+16  0.24027379E+16
  0.36706300E+15  0.00000000E+00  0.00000000E+00  0.00000000E+00  0.00000000E+00
  0.00000000E+00  0.00000000E+00  0.00000000E+00  0.00000000E+00  0.00000000E+00
  0.00000000E+00  0.00000000E+00  0.00000000E+00  0.00000000E+00  0.00000000E+00
  0.00000000E+00  0.00000000E+00  0.00000000E+00  0.00000000E+00
  0.00000000E+00  0.00000000E+00  0.00000000E+00  0.00000000E+00  0.00000000E+00
  0.00000000E+00  0.00000000E+00  0.00000000E+00  0.00000000E+00  0.00000000E+00
  0.00000000E+00  0.00000000E+00  0.00000000E+00  0.00000000E+00  0.00000000E+00
  0.00000000E+00  0.00000000E+00  0.00000000E+00  0.00000000E+00  0.00000000E+00
  0.00000000E+00  0.00000000E+00  0.00000000E+00  0.00000000E+00  0.00000000E+00
  0.00000000E+00  0.00000000E+00  0.00000000E+00  0.00000000E+00  0.00000000E+00
  0.00000000E+00  0.00000000E+00  0.00000000E+00  0.00000000E+00  0.00000000E+00
  0.00000000E+00  0.00000000E+00  0.00000000E+00  0.00000000E+00  0.61768413E+15
  0.00000000E+00  0.29477687E+16  0.12403770E+17  0.11284501E+17  0.19820213E+16
  0.48814055E+15  0.00000000E+00  0.00000000E+00  0.00000000E+00  0.00000000E+00
  0.00000000E+00  0.00000000E+00  0.00000000E+00  0.00000000E+00  0.00000000E+00
  0.00000000E+00  0.00000000E+00  0.00000000E+00  0.00000000E+00  0.00000000E+00
  0.00000000E+00  0.00000000E+00  0.00000000E+00  0.00000000E+00
  0.00000000E+00  0.00000000E+00  0.00000000E+00  0.00000000E+00  0.00000000E+00
  0.00000000E+00  0.00000000E+00  0.00000000E+00  0.00000000E+00  0.00000000E+00
  0.00000000E+00  0.00000000E+00  0.00000000E+00  0.00000000E+00  0.00000000E+00
  0.00000000E+00  0.00000000E+00  0.00000000E+00  0.00000000E+00  0.00000000E+00
  0.00000000E+00  0.00000000E+00  0.00000000E+00  0.00000000E+00  0.00000000E+00
  0.00000000E+00  0.00000000E+00  0.00000000E+00  0.00000000E+00  0.00000000E+00
  0.00000000E+00  0.00000000E+00  0.00000000E+00  0.00000000E+00  0.00000000E+00
  0.00000000E+00  0.00000000E+00  0.00000000E+00  0.00000000E+00  0.00000000E+00
  0.00000000E+00  0.14523220E+16  0.15024424E+17  0.11876649E+17  0.17785008E+16
  0.63927375E+15  0.20318054E+15  0.00000000E+00  0.00000000E+00  0.00000000E+00
  0.00000000E+00  0.00000000E+00  0.00000000E+00  0.00000000E+00  0.00000000E+00
  0.00000000E+00  0.00000000E+00  0.00000000E+00  0.00000000E+00  0.00000000E+00
  0.00000000E+00  0.00000000E+00  0.00000000E+00  0.00000000E+00
  0.00000000E+00  0.00000000E+00  0.00000000E+00  0.00000000E+00  0.00000000E+00
  0.00000000E+00  0.00000000E+00  0.00000000E+00  0.00000000E+00  0.00000000E+00
  0.00000000E+00  0.00000000E+00  0.00000000E+00  0.00000000E+00  0.00000000E+00
  0.00000000E+00  0.00000000E+00  0.00000000E+00  0.00000000E+00  0.00000000E+00
  0.00000000E+00  0.00000000E+00  0.00000000E+00  0.00000000E+00  0.00000000E+00
  0.00000000E+00  0.00000000E+00  0.00000000E+00  0.00000000E+00  0.00000000E+00
  0.00000000E+00  0.00000000E+00  0.00000000E+00  0.00000000E+00  0.00000000E+00
  0.00000000E+00  0.00000000E+00  0.00000000E+00  0.00000000E+00  0.00000000E+00
  0.39627718E+15  0.29955755E+16  0.14589132E+17  0.11519471E+17  0.88320502E+15
  0.49318140E+14  0.00000000E+00  0.00000000E+00  0.00000000E+00  0.00000000E+00
  0.00000000E+00  0.00000000E+00  0.00000000E+00  0.00000000E+00  0.00000000E+00
  0.00000000E+00  0.00000000E+00  0.00000000E+00  0.00000000E+00  0.00000000E+00
  0.00000000E+00  0.00000000E+00  0.00000000E+00  0.00000000E+00
  0.00000000E+00  0.00000000E+00  0.00000000E+00  0.00000000E+00  0.00000000E+00
  0.00000000E+00  0.00000000E+00  0.00000000E+00  0.00000000E+00  0.00000000E+00
  0.00000000E+00  0.00000000E+00  0.00000000E+00  0.00000000E+00  0.00000000E+00
  0.00000000E+00  0.00000000E+00  0.00000000E+00  0.00000000E+00  0.00000000E+00
  0.00000000E+00  0.00000000E+00  0.00000000E+00  0.00000000E+00  0.00000000E+00
  0.00000000E+00  0.00000000E+00  0.00000000E+00  0.00000000E+00  0.00000000E+00
  0.00000000E+00  0.00000000E+00  0.00000000E+00  0.00000000E+00  0.00000000E+00
  0.00000000E+00  0.00000000E+00  0.00000000E+00  0.00000000E+00  0.10014203E+15
  0.93756307E+14  0.67840357E+16  0.15846005E+17  0.74414219E+16  0.11941100E+16
  0.41764266E+15  0.00000000E+00  0.00000000E+00  0.00000000E+00  0.00000000E+00
  0.00000000E+00  0.00000000E+00  0.00000000E+00  0.00000000E+00  0.00000000E+00
  0.00000000E+00  0.00000000E+00  0.00000000E+00  0.00000000E+00  0.00000000E+00
  0.00000000E+00  0.00000000E+00  0.00000000E+00  0.00000000E+00
  0.00000000E+00  0.00000000E+00  0.00000000E+00  0.00000000E+00  0.00000000E+00
  0.00000000E+00  0.00000000E+00  0.00000000E+00  0.00000000E+00  0.00000000E+00
  0.00000000E+00  0.00000000E+00  0.00000000E+00  0.00000000E+00  0.00000000E+00
  0.00000000E+00  0.00000000E+00  0.00000000E+00  0.00000000E+00  0.00000000E+00
  0.00000000E+00  0.00000000E+00  0.00000000E+00  0.00000000E+00  0.00000000E+00
  0.00000000E+00  0.00000000E+00  0.00000000E+00  0.00000000E+00  0.00000000E+00
  0.00000000E+00  0.00000000E+00  0.00000000E+00  0.00000000E+00  0.00000000E+00
  0.00000000E+00  0.00000000E+00  0.00000000E+00  0.00000000E+00  0.00000000E+00
  0.72360259E+15  0.69243767E+16  0.19158193E+17  0.54189061E+16  0.72368560E+15
  0.12530892E+15  0.15796553E+15  0.00000000E+00  0.00000000E+00  0.00000000E+00
  0.64269985E+14  0.00000000E+00  0.00000000E+00  0.00000000E+00  0.00000000E+00
  0.00000000E+00  0.00000000E+00  0.00000000E+00  0.00000000E+00  0.00000000E+00
  0.00000000E+00  0.00000000E+00  0.00000000E+00  0.00000000E+00
  0.00000000E+00  0.00000000E+00  0.00000000E+00  0.00000000E+00  0.00000000E+00
  0.00000000E+00  0.00000000E+00  0.00000000E+00  0.00000000E+00  0.00000000E+00
  0.00000000E+00  0.00000000E+00  0.00000000E+00  0.00000000E+00  0.00000000E+00
  0.00000000E+00  0.00000000E+00  0.00000000E+00  0.00000000E+00  0.00000000E+00
  0.00000000E+00  0.00000000E+00  0.00000000E+00  0.00000000E+00  0.00000000E+00
  0.00000000E+00  0.00000000E+00  0.00000000E+00  0.00000000E+00  0.00000000E+00
  0.00000000E+00  0.00000000E+00  0.00000000E+00  0.00000000E+00  0.00000000E+00
  0.00000000E+00  0.00000000E+00  0.00000000E+00  0.00000000E+00  0.81685665E+14
  0.12129351E+16  0.11680701E+17  0.16423807E+17  0.48496119E+16  0.37180390E+15
  0.77530129E+14  0.40695250E+14  0.00000000E+00  0.00000000E+00  0.00000000E+00
  0.00000000E+00  0.00000000E+00  0.00000000E+00  0.00000000E+00  0.00000000E+00
  0.00000000E+00  0.00000000E+00  0.00000000E+00  0.00000000E+00  0.00000000E+00
  0.00000000E+00  0.00000000E+00  0.00000000E+00  0.00000000E+00
  0.00000000E+00  0.00000000E+00  0.00000000E+00  0.00000000E+00  0.00000000E+00
  0.00000000E+00  0.00000000E+00  0.00000000E+00  0.00000000E+00  0.00000000E+00
  0.00000000E+00  0.00000000E+00  0.00000000E+00  0.00000000E+00  0.00000000E+00
  0.00000000E+00  0.00000000E+00  0.00000000E+00  0.00000000E+00  0.00000000E+00
  0.00000000E+00  0.00000000E+00  0.00000000E+00  0.00000000E+00  0.00000000E+00
  0.00000000E+00  0.00000000E+00  0.00000000E+00  0.00000000E+00  0.00000000E+00
  0.00000000E+00  0.00000000E+00  0.00000000E+00  0.00000000E+00  0.00000000E+00
  0.00000000E+00  0.00000000E+00  0.00000000E+00  0.00000000E+00  0.26489486E+15
  0.25644061E+16  0.12683975E+17  0.11610378E+17  0.20448122E+16  0.45897473E+15
  0.00000000E+00  0.13779950E+15  0.00000000E+00  0.00000000E+00  0.00000000E+00
  0.00000000E+00  0.00000000E+00  0.00000000E+00  0.00000000E+00  0.00000000E+00
  0.00000000E+00  0.00000000E+00  0.00000000E+00  0.00000000E+00  0.00000000E+00
  0.00000000E+00  0.00000000E+00  0.00000000E+00  0.00000000E+00
  0.00000000E+00  0.00000000E+00  0.00000000E+00  0.00000000E+00  0.00000000E+00
  0.00000000E+00  0.00000000E+00  0.00000000E+00  0.00000000E+00  0.00000000E+00
  0.00000000E+00  0.00000000E+00  0.00000000E+00  0.00000000E+00  0.00000000E+00
  0.00000000E+00  0.00000000E+00  0.00000000E+00  0.00000000E+00  0.00000000E+00
  0.00000000E+00  0.00000000E+00  0.00000000E+00  0.00000000E+00  0.00000000E+00
  0.00000000E+00  0.00000000E+00  0.00000000E+00  0.00000000E+00  0.00000000E+00
  0.00000000E+00  0.00000000E+00  0.00000000E+00  0.00000000E+00  0.00000000E+00
  0.00000000E+00  0.00000000E+00  0.00000000E+00  0.00000000E+00  0.79927767E+15
  0.47789570E+16  0.15536986E+17  0.91370674E+16  0.18825352E+16  0.37237289E+15
  0.12263115E+15  0.00000000E+00  0.28185094E+15  0.00000000E+00  0.00000000E+00
  0.00000000E+00  0.00000000E+00  0.00000000E+00  0.00000000E+00  0.00000000E+00
  0.00000000E+00  0.00000000E+00  0.00000000E+00  0.00000000E+00  0.00000000E+00
  0.00000000E+00  0.00000000E+00  0.00000000E+00  0.00000000E+00
  0.00000000E+00  0.00000000E+00  0.00000000E+00  0.00000000E+00  0.00000000E+00
  0.00000000E+00  0.00000000E+00  0.00000000E+00  0.00000000E+00  0.00000000E+00
  0.00000000E+00  0.00000000E+00  0.00000000E+00  0.00000000E+00  0.00000000E+00
  0.00000000E+00  0.00000000E+00  0.00000000E+00  0.00000000E+00  0.00000000E+00
  0.00000000E+00  0.00000000E+00  0.00000000E+00  0.00000000E+00  0.00000000E+00
  0.00000000E+00  0.00000000E+00  0.00000000E+00  0.00000000E+00  0.00000000E+00
  0.00000000E+00  0.00000000E+00  0.00000000E+00  0.00000000E+00  0.00000000E+00
  0.00000000E+00  0.00000000E+00  0.00000000E+00  0.00000000E+00  0.18095263E+16
  0.89104911E+16  0.14494783E+17  0.40935131E+16  0.98923317E+15  0.14257105E+15
  0.11558846E+15  0.00000000E+00  0.00000000E+00  0.00000000E+00  0.16321436E+15
  0.00000000E+00  0.00000000E+00  0.00000000E+00  0.00000000E+00  0.00000000E+00
  0.00000000E+00  0.00000000E+00  0.00000000E+00  0.00000000E+00  0.00000000E+00
  0.00000000E+00  0.00000000E+00  0.00000000E+00  0.00000000E+00
  0.00000000E+00  0.00000000E+00  0.00000000E+00  0.00000000E+00  0.00000000E+00
  0.00000000E+00  0.00000000E+00  0.00000000E+00  0.00000000E+00  0.00000000E+00
  0.00000000E+00  0.00000000E+00  0.00000000E+00  0.00000000E+00  0.00000000E+00
  0.00000000E+00  0.00000000E+00  0.00000000E+00  0.00000000E+00  0.00000000E+00
  0.00000000E+00  0.00000000E+00  0.00000000E+00  0.00000000E+00  0.00000000E+00
  0.00000000E+00  0.00000000E+00  0.00000000E+00  0.00000000E+00  0.00000000E+00
  0.00000000E+00  0.00000000E+00  0.00000000E+00  0.00000000E+00  0.00000000E+00
  0.00000000E+00  0.00000000E+00  0.00000000E+00  0.46282761E+15  0.30168630E+16
  0.98467398E+16  0.10801744E+17  0.27999747E+16  0.86937679E+15  0.28921834E+14
  0.00000000E+00  0.00000000E+00  0.00000000E+00  0.00000000E+00  0.00000000E+00
  0.00000000E+00  0.00000000E+00  0.00000000E+00  0.00000000E+00  0.00000000E+00
  0.00000000E+00  0.00000000E+00  0.00000000E+00  0.00000000E+00  0.00000000E+00
  0.00000000E+00  0.00000000E+00  0.00000000E+00  0.00000000E+00
  0.00000000E+00  0.00000000E+00  0.00000000E+00  0.00000000E+00  0.00000000E+00
  0.00000000E+00  0.00000000E+00  0.00000000E+00  0.00000000E+00  0.00000000E+00
  0.00000000E+00  0.00000000E+00  0.00000000E+00  0.00000000E+00  0.00000000E+00
  0.00000000E+00  0.00000000E+00  0.00000000E+00  0.00000000E+00  0.00000000E+00
  0.00000000E+00  0.00000000E+00  0.00000000E+00  0.00000000E+00  0.00000000E+00
  0.00000000E+00  0.00000000E+00  0.00000000E+00  0.00000000E+00  0.00000000E+00
  0.00000000E+00  0.00000000E+00  0.00000000E+00  0.00000000E+00  0.00000000E+00
  0.00000000E+00  0.00000000E+00  0.00000000E+00  0.48732083E+15  0.63176114E+16
  0.13459464E+17  0.73371287E+16  0.11982451E+16  0.31406792E+15  0.81581911E+14
  0.00000000E+00  0.00000000E+00  0.00000000E+00  0.00000000E+00  0.00000000E+00
  0.00000000E+00  0.00000000E+00  0.00000000E+00  0.00000000E+00  0.00000000E+00
  0.00000000E+00  0.00000000E+00  0.00000000E+00  0.00000000E+00  0.00000000E+00
  0.00000000E+00  0.00000000E+00  0.00000000E+00  0.00000000E+00
  0.00000000E+00  0.00000000E+00  0.00000000E+00  0.00000000E+00  0.00000000E+00
  0.00000000E+00  0.00000000E+00  0.00000000E+00  0.00000000E+00  0.00000000E+00
  0.00000000E+00  0.00000000E+00  0.00000000E+00  0.00000000E+00  0.00000000E+00
  0.00000000E+00  0.00000000E+00  0.00000000E+00  0.00000000E+00  0.00000000E+00
  0.00000000E+00  0.00000000E+00  0.00000000E+00  0.00000000E+00  0.00000000E+00
  0.00000000E+00  0.00000000E+00  0.00000000E+00  0.00000000E+00  0.00000000E+00
  0.00000000E+00  0.00000000E+00  0.00000000E+00  0.00000000E+00  0.00000000E+00
  0.00000000E+00  0.00000000E+00  0.48298914E+14  0.18836614E+16  0.75741351E+16
  0.12683045E+17  0.25839588E+16  0.32687357E+15  0.13848719E+15  0.00000000E+00
  0.00000000E+00  0.00000000E+00  0.00000000E+00  0.00000000E+00  0.00000000E+00
  0.00000000E+00  0.00000000E+00  0.00000000E+00  0.00000000E+00  0.00000000E+00
  0.00000000E+00  0.00000000E+00  0.00000000E+00  0.00000000E+00  0.00000000E+00
  0.00000000E+00  0.00000000E+00  0.00000000E+00  0.00000000E+00
  0.00000000E+00  0.00000000E+00  0.00000000E+00  0.00000000E+00  0.00000000E+00
  0.00000000E+00  0.00000000E+00  0.00000000E+00  0.00000000E+00  0.00000000E+00
  0.00000000E+00  0.00000000E+00  0.00000000E+00  0.00000000E+00  0.00000000E+00
  0.00000000E+00  0.00000000E+00  0.00000000E+00  0.00000000E+00  0.00000000E+00
  0.00000000E+00  0.00000000E+00  0.00000000E+00  0.00000000E+00  0.00000000E+00
  0.00000000E+00  0.00000000E+00  0.00000000E+00  0.00000000E+00  0.00000000E+00
  0.00000000E+00  0.00000000E+00  0.00000000E+00  0.00000000E+00  0.00000000E+00
  0.00000000E+00  0.16505101E+15  0.51381709E+15  0.46280242E+16  0.11485425E+17
  0.81874998E+16  0.12248658E+16  0.26853064E+15  0.10652581E+15  0.00000000E+00
  0.00000000E+00  0.00000000E+00  0.00000000E+00  0.00000000E+00  0.00000000E+00
  0.00000000E+00  0.00000000E+00  0.00000000E+00  0.00000000E+00  0.00000000E+00
  0.00000000E+00  0.00000000E+00  0.00000000E+00  0.00000000E+00  0.00000000E+00
  0.00000000E+00  0.00000000E+00  0.00000000E+00  0.00000000E+00
  0.00000000E+00  0.00000000E+00  0.00000000E+00  0.00000000E+00  0.00000000E+00
  0.00000000E+00  0.00000000E+00  0.00000000E+00  0.00000000E+00  0.00000000E+00
  0.00000000E+00  0.00000000E+00  0.00000000E+00  0.00000000E+00  0.00000000E+00
  0.00000000E+00  0.00000000E+00  0.00000000E+00  0.00000000E+00  0.00000000E+00
  0.00000000E+00  0.00000000E+00  0.00000000E+00  0.00000000E+00  0.00000000E+00
  0.00000000E+00  0.00000000E+00  0.00000000E+00  0.00000000E+00  0.00000000E+00
  0.00000000E+00  0.00000000E+00  0.00000000E+00  0.00000000E+00  0.00000000E+00
  0.00000000E+00  0.00000000E+00  0.83289433E+15  0.71012521E+16  0.12968316E+17
  0.46347580E+16  0.73649297E+15  0.15968183E+15  0.21722606E+14  0.00000000E+00
  0.00000000E+00  0.00000000E+00  0.00000000E+00  0.00000000E+00  0.00000000E+00
  0.00000000E+00  0.00000000E+00  0.00000000E+00  0.00000000E+00  0.00000000E+00
  0.00000000E+00  0.00000000E+00  0.00000000E+00  0.00000000E+00  0.00000000E+00
  0.00000000E+00  0.00000000E+00  0.00000000E+00  0.00000000E+00
  0.00000000E+00  0.00000000E+00  0.00000000E+00  0.00000000E+00  0.00000000E+00
  0.00000000E+00  0.00000000E+00  0.00000000E+00  0.00000000E+00  0.00000000E+00
  0.00000000E+00  0.00000000E+00  0.00000000E+00  0.00000000E+00  0.00000000E+00
  0.00000000E+00  0.00000000E+00  0.00000000E+00  0.00000000E+00  0.00000000E+00
  0.00000000E+00  0.00000000E+00  0.00000000E+00  0.00000000E+00  0.00000000E+00
  0.00000000E+00  0.00000000E+00  0.00000000E+00  0.00000000E+00  0.00000000E+00
  0.00000000E+00  0.00000000E+00  0.00000000E+00  0.00000000E+00  0.00000000E+00
  0.00000000E+00  0.37658515E+14  0.11165295E+16  0.10219330E+17  0.98192448E+16
  0.18483659E+16  0.39614064E+15  0.00000000E+00  0.00000000E+00  0.22146691E+14
  0.87746315E+14  0.00000000E+00  0.00000000E+00  0.00000000E+00  0.00000000E+00
  0.00000000E+00  0.00000000E+00  0.00000000E+00  0.00000000E+00  0.00000000E+00
  0.00000000E+00  0.00000000E+00  0.00000000E+00  0.00000000E+00  0.00000000E+00
  0.00000000E+00  0.00000000E+00  0.00000000E+00  0.00000000E+00
  0.00000000E+00  0.00000000E+00  0.00000000E+00  0.00000000E+00  0.00000000E+00
  0.00000000E+00  0.00000000E+00  0.00000000E+00  0.00000000E+00  0.00000000E+00
  0.00000000E+00  0.00000000E+00  0.00000000E+00  0.00000000E+00  0.00000000E+00
  0.00000000E+00  0.00000000E+00  0.00000000E+00  0.00000000E+00  0.00000000E+00
  0.00000000E+00  0.00000000E+00  0.00000000E+00  0.00000000E+00  0.00000000E+00
  0.00000000E+00  0.00000000E+00  0.00000000E+00  0.00000000E+00  0.00000000E+00
  0.00000000E+00  0.00000000E+00  0.00000000E+00  0.00000000E+00  0.00000000E+00
  0.00000000E+00  0.52664331E+15  0.29297061E+16  0.12899943E+17  0.62560506E+16
  0.11565191E+16  0.18192772E+15  0.65900970E+14  0.00000000E+00  0.00000000E+00
  0.00000000E+00  0.00000000E+00  0.00000000E+00  0.00000000E+00  0.00000000E+00
  0.00000000E+00  0.00000000E+00  0.00000000E+00  0.00000000E+00  0.00000000E+00
  0.00000000E+00  0.00000000E+00  0.00000000E+00  0.00000000E+00  0.00000000E+00
  0.00000000E+00  0.00000000E+00  0.00000000E+00  0.00000000E+00
  0.00000000E+00  0.00000000E+00  0.00000000E+00  0.00000000E+00  0.00000000E+00
  0.00000000E+00  0.00000000E+00  0.00000000E+00  0.00000000E+00  0.00000000E+00
  0.00000000E+00  0.00000000E+00  0.00000000E+00  0.00000000E+00  0.00000000E+00
  0.00000000E+00  0.00000000E+00  0.00000000E+00  0.00000000E+00  0.00000000E+00
  0.00000000E+00  0.00000000E+00  0.00000000E+00  0.00000000E+00  0.00000000E+00
  0.00000000E+00  0.00000000E+00  0.00000000E+00  0.00000000E+00  0.00000000E+00
  0.00000000E+00  0.00000000E+00  0.00000000E+00  0.00000000E+00  0.00000000E+00
  0.00000000E+00  0.37674885E+15  0.54939597E+16  0.12856923E+17  0.37038747E+16
  0.41724883E+15  0.00000000E+00  0.61622234E+14  0.00000000E+00  0.00000000E+00
  0.00000000E+00  0.00000000E+00  0.00000000E+00  0.00000000E+00  0.00000000E+00
  0.00000000E+00  0.00000000E+00  0.00000000E+00  0.00000000E+00  0.00000000E+00
  0.00000000E+00  0.00000000E+00  0.00000000E+00  0.00000000E+00  0.00000000E+00
  0.00000000E+00  0.00000000E+00  0.00000000E+00  0.00000000E+00
  0.00000000E+00  0.00000000E+00  0.00000000E+00  0.00000000E+00  0.00000000E+00
  0.00000000E+00  0.00000000E+00  0.00000000E+00  0.00000000E+00  0.00000000E+00
  0.00000000E+00  0.00000000E+00  0.00000000E+00  0.00000000E+00  0.00000000E+00
  0.00000000E+00  0.00000000E+00  0.00000000E+00  0.00000000E+00  0.00000000E+00
  0.00000000E+00  0.00000000E+00  0.00000000E+00  0.00000000E+00  0.00000000E+00
  0.00000000E+00  0.00000000E+00  0.00000000E+00  0.00000000E+00  0.00000000E+00
  0.00000000E+00  0.00000000E+00  0.00000000E+00  0.00000000E+00  0.00000000E+00
  0.15184200E+15  0.13663252E+16  0.62838822E+16  0.10836075E+17  0.29835305E+16
  0.46246108E+15  0.69954184E+14  0.00000000E+00  0.00000000E+00  0.00000000E+00
  0.00000000E+00  0.00000000E+00  0.00000000E+00  0.00000000E+00  0.00000000E+00
  0.00000000E+00  0.00000000E+00  0.00000000E+00  0.00000000E+00  0.00000000E+00
  0.00000000E+00  0.00000000E+00  0.00000000E+00  0.00000000E+00  0.00000000E+00
  0.00000000E+00  0.00000000E+00  0.00000000E+00  0.00000000E+00
  0.00000000E+00  0.00000000E+00  0.40386773E+14  0.00000000E+00  0.00000000E+00
  0.00000000E+00  0.00000000E+00  0.00000000E+00  0.00000000E+00  0.00000000E+00
  0.00000000E+00  0.00000000E+00  0.00000000E+00  0.00000000E+00  0.00000000E+00
  0.00000000E+00  0.00000000E+00  0.00000000E+00  0.00000000E+00  0.00000000E+00
  0.00000000E+00  0.00000000E+00  0.00000000E+00  0.00000000E+00  0.00000000E+00
  0.00000000E+00  0.00000000E+00  0.00000000E+00  0.00000000E+00  0.00000000E+00
  0.13693751E+15  0.94831131E+14  0.46705827E+15  0.56997110E+15  0.16162842E+16
  0.26211206E+16  0.80142416E+16  0.22926307E+17  0.18427245E+17  0.39682853E+16
  0.40858843E+15  0.64382978E+14  0.00000000E+00  0.00000000E+00  0.00000000E+00
  0.00000000E+00  0.00000000E+00  0.00000000E+00  0.00000000E+00  0.00000000E+00
  0.00000000E+00  0.00000000E+00  0.00000000E+00  0.00000000E+00  0.00000000E+00
  0.00000000E+00  0.00000000E+00  0.00000000E+00  0.00000000E+00  0.00000000E+00
  0.00000000E+00  0.00000000E+00  0.00000000E+00  0.00000000E+00
  0.00000000E+00  0.00000000E+00  0.00000000E+00  0.00000000E+00  0.00000000E+00
  0.00000000E+00  0.00000000E+00  0.00000000E+00  0.00000000E+00  0.00000000E+00
  0.00000000E+00  0.00000000E+00  0.00000000E+00  0.00000000E+00  0.00000000E+00
  0.00000000E+00  0.00000000E+00  0.00000000E+00  0.00000000E+00  0.00000000E+00
  0.00000000E+00  0.00000000E+00  0.00000000E+00  0.00000000E+00  0.00000000E+00
  0.00000000E+00  0.00000000E+00  0.15121937E-19  0.64927626E-20  0.00000000E+00
  0.00000000E+00  0.00000000E+00  0.13109022E-19  0.99892528E-20  0.00000000E+00
  0.74573958E-20  0.63322228E-20  0.83577197E-20  0.69973710E-20  0.10222281E-19
  0.87416996E-20  0.14387772E-19  0.13678691E-19  0.21644302E-19  0.74923755E-20
  0.00000000E+00  0.00000000E+00  0.00000000E+00  0.00000000E+00  0.00000000E+00
  0.00000000E+00  0.00000000E+00  0.00000000E+00  0.00000000E+00  0.00000000E+00
  0.00000000E+00  0.00000000E+00  0.00000000E+00  0.00000000E+00  0.00000000E+00
  0.00000000E+00  0.00000000E+00  0.00000000E+00  0.00000000E+00
  0.00000000E+00  0.00000000E+00  0.00000000E+00  0.00000000E+00  0.00000000E+00
  0.00000000E+00  0.00000000E+00  0.00000000E+00  0.00000000E+00  0.00000000E+00
  0.00000000E+00  0.00000000E+00  0.00000000E+00  0.00000000E+00  0.00000000E+00
  0.00000000E+00  0.00000000E+00  0.00000000E+00  0.00000000E+00  0.00000000E+00
  0.00000000E+00  0.00000000E+00  0.00000000E+00  0.00000000E+00  0.00000000E+00
  0.00000000E+00  0.00000000E+00  0.10877701E-19  0.00000000E+00  0.00000000E+00
  0.00000000E+00  0.00000000E+00  0.00000000E+00  0.00000000E+00  0.00000000E+00
  0.00000000E+00  0.00000000E+00  0.12787199E-19  0.13979221E-19  0.33301524E-19
  0.36737131E-19  0.25023177E-19  0.18971422E-19  0.13919323E-19  0.23281990E-20
  0.00000000E+00  0.54499103E-20  0.00000000E+00  0.00000000E+00  0.00000000E+00
  0.00000000E+00  0.00000000E+00  0.00000000E+00  0.00000000E+00  0.00000000E+00
  0.00000000E+00  0.00000000E+00  0.00000000E+00  0.00000000E+00  0.00000000E+00
  0.00000000E+00  0.00000000E+00  0.00000000E+00  0.00000000E+00
  0.00000000E+00  0.00000000E+00  0.00000000E+00  0.00000000E+00  0.00000000E+00
  0.00000000E+00  0.00000000E+00  0.00000000E+00  0.00000000E+00  0.00000000E+00
  0.00000000E+00  0.00000000E+00  0.00000000E+00  0.00000000E+00  0.00000000E+00
  0.00000000E+00  0.00000000E+00  0.00000000E+00  0.00000000E+00  0.00000000E+00
  0.00000000E+00  0.00000000E+00  0.00000000E+00  0.00000000E+00  0.00000000E+00
  0.00000000E+00  0.00000000E+00  0.00000000E+00  0.00000000E+00  0.00000000E+00
  0.00000000E+00  0.00000000E+00  0.00000000E+00  0.00000000E+00  0.00000000E+00
  0.00000000E+00  0.00000000E+00  0.00000000E+00  0.00000000E+00  0.85975431E-19
  0.47048011E-19  0.34895397E-19  0.16084124E-19  0.13654176E-19  0.58090162E-20
  0.61474885E-20  0.00000000E+00  0.00000000E+00  0.00000000E+00  0.00000000E+00
  0.00000000E+00  0.00000000E+00  0.00000000E+00  0.00000000E+00  0.00000000E+00
  0.00000000E+00  0.00000000E+00  0.00000000E+00  0.00000000E+00  0.00000000E+00
  0.00000000E+00  0.00000000E+00  0.00000000E+00  0.00000000E+00
  0.00000000E+00  0.00000000E+00  0.00000000E+00  0.00000000E+00  0.00000000E+00
  0.00000000E+00  0.00000000E+00  0.00000000E+00  0.00000000E+00  0.00000000E+00
  0.00000000E+00  0.00000000E+00  0.00000000E+00  0.00000000E+00  0.00000000E+00
  0.00000000E+00  0.00000000E+00  0.00000000E+00  0.00000000E+00  0.00000000E+00
  0.00000000E+00  0.00000000E+00  0.00000000E+00  0.00000000E+00  0.00000000E+00
  0.00000000E+00  0.00000000E+00  0.00000000E+00  0.00000000E+00  0.00000000E+00
  0.00000000E+00  0.00000000E+00  0.00000000E+00  0.00000000E+00  0.00000000E+00
  0.00000000E+00  0.00000000E+00  0.00000000E+00  0.00000000E+00  0.00000000E+00
  0.49658007E-19  0.42600177E-19  0.19180602E-19  0.18388683E-19  0.37120733E-19
  0.68633431E-21  0.00000000E+00  0.00000000E+00  0.00000000E+00  0.00000000E+00
  0.00000000E+00  0.00000000E+00  0.00000000E+00  0.00000000E+00  0.00000000E+00
  0.00000000E+00  0.00000000E+00  0.00000000E+00  0.00000000E+00  0.00000000E+00
  0.00000000E+00  0.00000000E+00  0.00000000E+00  0.00000000E+00
  0.00000000E+00  0.00000000E+00  0.00000000E+00  0.00000000E+00  0.00000000E+00
  0.00000000E+00  0.00000000E+00  0.00000000E+00  0.00000000E+00  0.00000000E+00
  0.00000000E+00  0.00000000E+00  0.00000000E+00  0.00000000E+00  0.00000000E+00
  0.00000000E+00  0.00000000E+00  0.00000000E+00  0.00000000E+00  0.00000000E+00
  0.00000000E+00  0.00000000E+00  0.00000000E+00  0.00000000E+00  0.00000000E+00
  0.00000000E+00  0.00000000E+00  0.00000000E+00  0.00000000E+00  0.00000000E+00
  0.00000000E+00  0.00000000E+00  0.00000000E+00  0.00000000E+00  0.00000000E+00
  0.00000000E+00  0.00000000E+00  0.00000000E+00  0.00000000E+00  0.00000000E+00
  0.62126308E-19  0.48850406E-19  0.24210439E-19  0.15430102E-19  0.81044769E-20
  0.67643018E-21  0.00000000E+00  0.00000000E+00  0.00000000E+00  0.00000000E+00
  0.00000000E+00  0.00000000E+00  0.00000000E+00  0.00000000E+00  0.00000000E+00
  0.00000000E+00  0.00000000E+00  0.00000000E+00  0.00000000E+00  0.00000000E+00
  0.00000000E+00  0.00000000E+00  0.00000000E+00  0.00000000E+00
  0.00000000E+00  0.00000000E+00  0.00000000E+00  0.00000000E+00  0.00000000E+00
  0.00000000E+00  0.00000000E+00  0.00000000E+00  0.00000000E+00  0.00000000E+00
  0.00000000E+00  0.00000000E+00  0.00000000E+00  0.00000000E+00  0.00000000E+00
  0.00000000E+00  0.00000000E+00  0.00000000E+00  0.00000000E+00  0.00000000E+00
  0.00000000E+00  0.00000000E+00  0.00000000E+00  0.00000000E+00  0.00000000E+00
  0.00000000E+00  0.00000000E+00  0.00000000E+00  0.00000000E+00  0.00000000E+00
  0.00000000E+00  0.00000000E+00  0.00000000E+00  0.00000000E+00  0.00000000E+00
  0.00000000E+00  0.00000000E+00  0.00000000E+00  0.00000000E+00  0.00000000E+00
  0.50830079E-19  0.29439051E-19  0.25040718E-19  0.14424919E-19  0.16534040E-19
  0.00000000E+00  0.00000000E+00  0.00000000E+00  0.00000000E+00  0.00000000E+00
  0.00000000E+00  0.00000000E+00  0.00000000E+00  0.00000000E+00  0.00000000E+00
  0.00000000E+00  0.00000000E+00  0.00000000E+00  0.00000000E+00  0.00000000E+00
  0.00000000E+00  0.61039563E-19  0.00000000E+00  0.00000000E+00
  0.00000000E+00  0.00000000E+00  0.00000000E+00  0.00000000E+00  0.00000000E+00
  0.00000000E+00  0.00000000E+00  0.00000000E+00  0.00000000E+00  0.00000000E+00
  0.00000000E+00  0.00000000E+00  0.00000000E+00  0.00000000E+00  0.00000000E+00
  0.00000000E+00  0.00000000E+00  0.00000000E+00  0.00000000E+00  0.00000000E+00
  0.00000000E+00  0.00000000E+00  0.00000000E+00  0.00000000E+00  0.00000000E+00
  0.00000000E+00  0.00000000E+00  0.00000000E+00  0.00000000E+00  0.00000000E+00
  0.00000000E+00  0.00000000E+00  0.00000000E+00  0.00000000E+00  0.00000000E+00
  0.00000000E+00  0.00000000E+00  0.00000000E+00  0.00000000E+00  0.00000000E+00
  0.39453913E-19  0.51326855E-19  0.25865481E-19  0.17654128E-19  0.12069589E-19
  0.96467420E-20  0.27880738E-19  0.00000000E+00  0.00000000E+00  0.00000000E+00
  0.00000000E+00  0.00000000E+00  0.00000000E+00  0.00000000E+00  0.00000000E+00
  0.00000000E+00  0.00000000E+00  0.00000000E+00  0.00000000E+00  0.00000000E+00
  0.00000000E+00  0.00000000E+00  0.00000000E+00  0.00000000E+00
  0.00000000E+00  0.00000000E+00  0.00000000E+00  0.00000000E+00  0.00000000E+00
  0.00000000E+00  0.00000000E+00  0.00000000E+00  0.00000000E+00  0.00000000E+00
  0.00000000E+00  0.00000000E+00  0.00000000E+00  0.00000000E+00  0.00000000E+00
  0.00000000E+00  0.00000000E+00  0.00000000E+00  0.00000000E+00  0.00000000E+00
  0.00000000E+00  0.00000000E+00  0.00000000E+00  0.00000000E+00  0.00000000E+00
  0.00000000E+00  0.00000000E+00  0.00000000E+00  0.00000000E+00  0.00000000E+00
  0.00000000E+00  0.00000000E+00  0.00000000E+00  0.00000000E+00  0.00000000E+00
  0.00000000E+00  0.00000000E+00  0.00000000E+00  0.00000000E+00  0.35822407E-19
  0.00000000E+00  0.38287002E-19  0.32177479E-19  0.21392014E-19  0.59213499E-20
  0.48056485E-20  0.00000000E+00  0.45477687E-19  0.00000000E+00  0.00000000E+00
  0.00000000E+00  0.00000000E+00  0.00000000E+00  0.00000000E+00  0.00000000E+00
  0.00000000E+00  0.00000000E+00  0.00000000E+00  0.00000000E+00  0.00000000E+00
  0.00000000E+00  0.00000000E+00  0.00000000E+00  0.00000000E+00
  0.00000000E+00  0.00000000E+00  0.00000000E+00  0.00000000E+00  0.00000000E+00
  0.00000000E+00  0.00000000E+00  0.00000000E+00  0.00000000E+00  0.00000000E+00
  0.00000000E+00  0.00000000E+00  0.00000000E+00  0.00000000E+00  0.00000000E+00
  0.00000000E+00  0.00000000E+00  0.00000000E+00  0.00000000E+00  0.00000000E+00
  0.00000000E+00  0.00000000E+00  0.00000000E+00  0.00000000E+00  0.00000000E+00
  0.00000000E+00  0.00000000E+00  0.00000000E+00  0.00000000E+00  0.00000000E+00
  0.00000000E+00  0.00000000E+00  0.00000000E+00  0.00000000E+00  0.00000000E+00
  0.00000000E+00  0.00000000E+00  0.00000000E+00  0.00000000E+00  0.85957415E-19
  0.00000000E+00  0.35543120E-19  0.38488183E-19  0.23463419E-19  0.10617847E-19
  0.00000000E+00  0.00000000E+00  0.00000000E+00  0.00000000E+00  0.00000000E+00
  0.00000000E+00  0.00000000E+00  0.00000000E+00  0.00000000E+00  0.00000000E+00
  0.00000000E+00  0.00000000E+00  0.00000000E+00  0.00000000E+00  0.00000000E+00
  0.00000000E+00  0.00000000E+00  0.00000000E+00  0.00000000E+00
  0.00000000E+00  0.00000000E+00  0.00000000E+00  0.00000000E+00  0.00000000E+00
  0.00000000E+00  0.00000000E+00  0.00000000E+00  0.00000000E+00  0.00000000E+00
  0.00000000E+00  0.00000000E+00  0.00000000E+00  0.00000000E+00  0.00000000E+00
  0.00000000E+00  0.00000000E+00  0.00000000E+00  0.00000000E+00  0.00000000E+00
  0.00000000E+00  0.00000000E+00  0.00000000E+00  0.00000000E+00  0.00000000E+00
  0.00000000E+00  0.00000000E+00  0.00000000E+00  0.00000000E+00  0.00000000E+00
  0.00000000E+00  0.00000000E+00  0.00000000E+00  0.00000000E+00  0.00000000E+00
  0.00000000E+00  0.00000000E+00  0.00000000E+00  0.00000000E+00  0.00000000E+00
  0.78870787E-19  0.55610571E-19  0.34628336E-19  0.22095685E-19  0.79596436E-20
  0.39926952E-19  0.00000000E+00  0.00000000E+00  0.00000000E+00  0.00000000E+00
  0.00000000E+00  0.00000000E+00  0.00000000E+00  0.00000000E+00  0.00000000E+00
  0.00000000E+00  0.00000000E+00  0.00000000E+00  0.00000000E+00  0.00000000E+00
  0.00000000E+00  0.00000000E+00  0.00000000E+00  0.00000000E+00
  0.00000000E+00  0.00000000E+00  0.00000000E+00  0.00000000E+00  0.00000000E+00
  0.00000000E+00  0.00000000E+00  0.00000000E+00  0.00000000E+00  0.00000000E+00
  0.00000000E+00  0.00000000E+00  0.00000000E+00  0.00000000E+00  0.00000000E+00
  0.00000000E+00  0.00000000E+00  0.00000000E+00  0.00000000E+00  0.00000000E+00
  0.00000000E+00  0.00000000E+00  0.00000000E+00  0.00000000E+00  0.00000000E+00
  0.00000000E+00  0.00000000E+00  0.00000000E+00  0.00000000E+00  0.00000000E+00
  0.00000000E+00  0.00000000E+00  0.00000000E+00  0.00000000E+00  0.00000000E+00
  0.00000000E+00  0.00000000E+00  0.00000000E+00  0.00000000E+00  0.00000000E+00
  0.51099642E-19  0.50938611E-19  0.37581851E-19  0.20835085E-19  0.14488172E-19
  0.00000000E+00  0.50404513E-19  0.00000000E+00  0.00000000E+00  0.00000000E+00
  0.00000000E+00  0.00000000E+00  0.00000000E+00  0.00000000E+00  0.00000000E+00
  0.00000000E+00  0.00000000E+00  0.00000000E+00  0.00000000E+00  0.00000000E+00
  0.00000000E+00  0.00000000E+00  0.00000000E+00  0.00000000E+00
  0.00000000E+00  0.00000000E+00  0.00000000E+00  0.00000000E+00  0.00000000E+00
  0.00000000E+00  0.00000000E+00  0.00000000E+00  0.00000000E+00  0.00000000E+00
  0.00000000E+00  0.00000000E+00  0.00000000E+00  0.00000000E+00  0.00000000E+00
  0.00000000E+00  0.00000000E+00  0.00000000E+00  0.00000000E+00  0.00000000E+00
  0.00000000E+00  0.00000000E+00  0.00000000E+00  0.00000000E+00  0.00000000E+00
  0.00000000E+00  0.00000000E+00  0.00000000E+00  0.00000000E+00  0.00000000E+00
  0.00000000E+00  0.00000000E+00  0.00000000E+00  0.00000000E+00  0.00000000E+00
  0.00000000E+00  0.00000000E+00  0.00000000E+00  0.00000000E+00  0.00000000E+00
  0.00000000E+00  0.49898448E-19  0.35011593E-19  0.20888592E-19  0.20076368E-19
  0.11172451E-19  0.00000000E+00  0.00000000E+00  0.00000000E+00  0.00000000E+00
  0.00000000E+00  0.00000000E+00  0.00000000E+00  0.00000000E+00  0.00000000E+00
  0.00000000E+00  0.00000000E+00  0.00000000E+00  0.00000000E+00  0.00000000E+00
  0.00000000E+00  0.00000000E+00  0.00000000E+00  0.00000000E+00
  0.00000000E+00  0.00000000E+00  0.00000000E+00  0.00000000E+00  0.00000000E+00
  0.00000000E+00  0.00000000E+00  0.00000000E+00  0.00000000E+00  0.00000000E+00
  0.00000000E+00  0.00000000E+00  0.00000000E+00  0.00000000E+00  0.00000000E+00
  0.00000000E+00  0.00000000E+00  0.00000000E+00  0.00000000E+00  0.00000000E+00
  0.00000000E+00  0.00000000E+00  0.00000000E+00  0.00000000E+00  0.00000000E+00
  0.00000000E+00  0.00000000E+00  0.00000000E+00  0.00000000E+00  0.00000000E+00
  0.00000000E+00  0.00000000E+00  0.00000000E+00  0.00000000E+00  0.00000000E+00
  0.00000000E+00  0.00000000E+00  0.00000000E+00  0.00000000E+00  0.00000000E+00
  0.49159143E-19  0.50036548E-19  0.41597044E-19  0.28298125E-19  0.97507732E-20
  0.23751379E-19  0.00000000E+00  0.00000000E+00  0.00000000E+00  0.00000000E+00
  0.00000000E+00  0.00000000E+00  0.00000000E+00  0.00000000E+00  0.00000000E+00
  0.00000000E+00  0.00000000E+00  0.00000000E+00  0.00000000E+00  0.00000000E+00
  0.00000000E+00  0.00000000E+00  0.00000000E+00  0.00000000E+00
  0.00000000E+00  0.00000000E+00  0.00000000E+00  0.00000000E+00  0.00000000E+00
  0.00000000E+00  0.00000000E+00  0.00000000E+00  0.00000000E+00  0.00000000E+00
  0.00000000E+00  0.00000000E+00  0.00000000E+00  0.00000000E+00  0.00000000E+00
  0.00000000E+00  0.00000000E+00  0.00000000E+00  0.00000000E+00  0.00000000E+00
  0.00000000E+00  0.00000000E+00  0.00000000E+00  0.00000000E+00  0.00000000E+00
  0.00000000E+00  0.00000000E+00  0.00000000E+00  0.00000000E+00  0.00000000E+00
  0.00000000E+00  0.00000000E+00  0.00000000E+00  0.00000000E+00  0.00000000E+00
  0.00000000E+00  0.00000000E+00  0.00000000E+00  0.00000000E+00  0.15737618E-18
  0.00000000E+00  0.50181357E-19  0.37560266E-19  0.21667237E-19  0.17369560E-19
  0.12923572E-19  0.00000000E+00  0.00000000E+00  0.00000000E+00  0.00000000E+00
  0.00000000E+00  0.00000000E+00  0.00000000E+00  0.00000000E+00  0.00000000E+00
  0.00000000E+00  0.00000000E+00  0.00000000E+00  0.00000000E+00  0.00000000E+00
  0.00000000E+00  0.00000000E+00  0.00000000E+00  0.00000000E+00
  0.00000000E+00  0.00000000E+00  0.00000000E+00  0.00000000E+00  0.00000000E+00
  0.00000000E+00  0.00000000E+00  0.00000000E+00  0.00000000E+00  0.00000000E+00
  0.00000000E+00  0.00000000E+00  0.00000000E+00  0.00000000E+00  0.00000000E+00
  0.00000000E+00  0.00000000E+00  0.00000000E+00  0.00000000E+00  0.00000000E+00
  0.00000000E+00  0.00000000E+00  0.00000000E+00  0.00000000E+00  0.00000000E+00
  0.00000000E+00  0.00000000E+00  0.00000000E+00  0.00000000E+00  0.00000000E+00
  0.00000000E+00  0.00000000E+00  0.00000000E+00  0.00000000E+00  0.00000000E+00
  0.00000000E+00  0.00000000E+00  0.00000000E+00  0.00000000E+00  0.00000000E+00
  0.00000000E+00  0.71282584E-19  0.39666185E-19  0.27961109E-19  0.14290039E-19
  0.25061623E-19  0.22476431E-20  0.00000000E+00  0.00000000E+00  0.00000000E+00
  0.00000000E+00  0.00000000E+00  0.00000000E+00  0.00000000E+00  0.00000000E+00
  0.00000000E+00  0.00000000E+00  0.00000000E+00  0.00000000E+00  0.00000000E+00
  0.00000000E+00  0.00000000E+00  0.00000000E+00  0.00000000E+00
  0.00000000E+00  0.00000000E+00  0.00000000E+00  0.00000000E+00  0.00000000E+00
  0.00000000E+00  0.00000000E+00  0.00000000E+00  0.00000000E+00  0.00000000E+00
  0.00000000E+00  0.00000000E+00  0.00000000E+00  0.00000000E+00  0.00000000E+00
  0.00000000E+00  0.00000000E+00  0.00000000E+00  0.00000000E+00  0.00000000E+00
  0.00000000E+00  0.00000000E+00  0.00000000E+00  0.00000000E+00  0.00000000E+00
  0.00000000E+00  0.00000000E+00  0.00000000E+00  0.00000000E+00  0.00000000E+00
  0.00000000E+00  0.00000000E+00  0.00000000E+00  0.00000000E+00  0.00000000E+00
  0.00000000E+00  0.00000000E+00  0.00000000E+00  0.00000000E+00  0.00000000E+00
  0.11498545E-18  0.47592123E-19  0.39193106E-19  0.21489450E-19  0.18865314E-19
  0.20072041E-20  0.00000000E+00  0.00000000E+00  0.00000000E+00  0.00000000E+00
  0.00000000E+00  0.00000000E+00  0.00000000E+00  0.00000000E+00  0.00000000E+00
  0.00000000E+00  0.00000000E+00  0.00000000E+00  0.00000000E+00  0.00000000E+00
  0.00000000E+00  0.00000000E+00  0.00000000E+00  0.00000000E+00
  0.00000000E+00  0.00000000E+00  0.00000000E+00  0.00000000E+00  0.00000000E+00
  0.00000000E+00  0.00000000E+00  0.00000000E+00  0.00000000E+00  0.00000000E+00
  0.00000000E+00  0.00000000E+00  0.00000000E+00  0.00000000E+00  0.00000000E+00
  0.00000000E+00  0.00000000E+00  0.00000000E+00  0.00000000E+00  0.00000000E+00
  0.00000000E+00  0.00000000E+00  0.00000000E+00  0.00000000E+00  0.00000000E+00
  0.00000000E+00  0.00000000E+00  0.00000000E+00  0.00000000E+00  0.00000000E+00
  0.00000000E+00  0.00000000E+00  0.00000000E+00  0.00000000E+00  0.00000000E+00
  0.00000000E+00  0.00000000E+00  0.00000000E+00  0.00000000E+00  0.94553695E-19
  0.91952803E-19  0.50935595E-19  0.35843331E-19  0.21140922E-19  0.20750346E-19
  0.17833393E-19  0.00000000E+00  0.00000000E+00  0.00000000E+00  0.00000000E+00
  0.00000000E+00  0.00000000E+00  0.00000000E+00  0.00000000E+00  0.00000000E+00
  0.00000000E+00  0.00000000E+00  0.00000000E+00  0.00000000E+00  0.00000000E+00
  0.00000000E+00  0.00000000E+00  0.00000000E+00  0.00000000E+00
  0.00000000E+00  0.00000000E+00  0.00000000E+00  0.00000000E+00  0.00000000E+00
  0.00000000E+00  0.00000000E+00  0.00000000E+00  0.00000000E+00  0.00000000E+00
  0.00000000E+00  0.00000000E+00  0.00000000E+00  0.00000000E+00  0.00000000E+00
  0.00000000E+00  0.00000000E+00  0.00000000E+00  0.00000000E+00  0.00000000E+00
  0.00000000E+00  0.00000000E+00  0.00000000E+00  0.00000000E+00  0.00000000E+00
  0.00000000E+00  0.00000000E+00  0.00000000E+00  0.00000000E+00  0.00000000E+00
  0.00000000E+00  0.00000000E+00  0.00000000E+00  0.00000000E+00  0.00000000E+00
  0.00000000E+00  0.00000000E+00  0.00000000E+00  0.00000000E+00  0.00000000E+00
  0.52637054E-19  0.50949575E-19  0.31666287E-19  0.25304299E-19  0.20326793E-19
  0.20530706E-19  0.12750870E-19  0.00000000E+00  0.00000000E+00  0.00000000E+00
  0.78473938E-20  0.00000000E+00  0.00000000E+00  0.00000000E+00  0.00000000E+00
  0.00000000E+00  0.00000000E+00  0.00000000E+00  0.00000000E+00  0.00000000E+00
  0.00000000E+00  0.00000000E+00  0.00000000E+00  0.00000000E+00
  0.00000000E+00  0.00000000E+00  0.00000000E+00  0.00000000E+00  0.00000000E+00
  0.00000000E+00  0.00000000E+00  0.00000000E+00  0.00000000E+00  0.00000000E+00
  0.00000000E+00  0.00000000E+00  0.00000000E+00  0.00000000E+00  0.00000000E+00
  0.00000000E+00  0.00000000E+00  0.00000000E+00  0.00000000E+00  0.00000000E+00
  0.00000000E+00  0.00000000E+00  0.00000000E+00  0.00000000E+00  0.00000000E+00
  0.00000000E+00  0.00000000E+00  0.00000000E+00  0.00000000E+00  0.00000000E+00
  0.00000000E+00  0.00000000E+00  0.00000000E+00  0.00000000E+00  0.00000000E+00
  0.00000000E+00  0.00000000E+00  0.00000000E+00  0.00000000E+00  0.72161061E-19
  0.58124693E-19  0.40546997E-19  0.31648464E-19  0.21295432E-19  0.61916528E-20
  0.25590638E-19  0.34997864E-20  0.00000000E+00  0.00000000E+00  0.00000000E+00
  0.00000000E+00  0.00000000E+00  0.00000000E+00  0.00000000E+00  0.00000000E+00
  0.00000000E+00  0.00000000E+00  0.00000000E+00  0.00000000E+00  0.00000000E+00
  0.00000000E+00  0.00000000E+00  0.00000000E+00  0.00000000E+00
  0.00000000E+00  0.00000000E+00  0.00000000E+00  0.00000000E+00  0.00000000E+00
  0.00000000E+00  0.00000000E+00  0.00000000E+00  0.00000000E+00  0.00000000E+00
  0.00000000E+00  0.00000000E+00  0.00000000E+00  0.00000000E+00  0.00000000E+00
  0.00000000E+00  0.00000000E+00  0.00000000E+00  0.00000000E+00  0.00000000E+00
  0.00000000E+00  0.00000000E+00  0.00000000E+00  0.00000000E+00  0.00000000E+00
  0.00000000E+00  0.00000000E+00  0.00000000E+00  0.00000000E+00  0.00000000E+00
  0.00000000E+00  0.00000000E+00  0.00000000E+00  0.00000000E+00  0.00000000E+00
  0.00000000E+00  0.00000000E+00  0.00000000E+00  0.00000000E+00  0.40622189E-19
  0.51488145E-19  0.38224013E-19  0.27977018E-19  0.24425338E-19  0.16021882E-19
  0.00000000E+00  0.41131024E-20  0.00000000E+00  0.00000000E+00  0.00000000E+00
  0.00000000E+00  0.00000000E+00  0.00000000E+00  0.00000000E+00  0.00000000E+00
  0.00000000E+00  0.00000000E+00  0.00000000E+00  0.00000000E+00  0.00000000E+00
  0.00000000E+00  0.00000000E+00  0.00000000E+00  0.00000000E+00
  0.00000000E+00  0.00000000E+00  0.00000000E+00  0.00000000E+00  0.00000000E+00
  0.00000000E+00  0.00000000E+00  0.00000000E+00  0.00000000E+00  0.00000000E+00
  0.00000000E+00  0.00000000E+00  0.00000000E+00  0.00000000E+00  0.00000000E+00
  0.00000000E+00  0.00000000E+00  0.00000000E+00  0.00000000E+00  0.00000000E+00
  0.00000000E+00  0.00000000E+00  0.00000000E+00  0.00000000E+00  0.00000000E+00
  0.00000000E+00  0.00000000E+00  0.00000000E+00  0.00000000E+00  0.00000000E+00
  0.00000000E+00  0.00000000E+00  0.00000000E+00  0.00000000E+00  0.00000000E+00
  0.00000000E+00  0.00000000E+00  0.00000000E+00  0.00000000E+00  0.59576599E-19
  0.42634399E-19  0.34124558E-19  0.24445792E-19  0.16512036E-19  0.10675785E-19
  0.41661399E-20  0.00000000E+00  0.71886300E-20  0.00000000E+00  0.00000000E+00
  0.00000000E+00  0.00000000E+00  0.00000000E+00  0.00000000E+00  0.00000000E+00
  0.00000000E+00  0.00000000E+00  0.00000000E+00  0.00000000E+00  0.00000000E+00
  0.00000000E+00  0.00000000E+00  0.00000000E+00  0.00000000E+00
  0.00000000E+00  0.00000000E+00  0.00000000E+00  0.00000000E+00  0.00000000E+00
  0.00000000E+00  0.00000000E+00  0.00000000E+00  0.00000000E+00  0.00000000E+00
  0.00000000E+00  0.00000000E+00  0.00000000E+00  0.00000000E+00  0.00000000E+00
  0.00000000E+00  0.00000000E+00  0.00000000E+00  0.00000000E+00  0.00000000E+00
  0.00000000E+00  0.00000000E+00  0.00000000E+00  0.00000000E+00  0.00000000E+00
  0.00000000E+00  0.00000000E+00  0.00000000E+00  0.00000000E+00  0.00000000E+00
  0.00000000E+00  0.00000000E+00  0.00000000E+00  0.00000000E+00  0.00000000E+00
  0.00000000E+00  0.00000000E+00  0.00000000E+00  0.00000000E+00  0.72578848E-19
  0.42905934E-19  0.30060603E-19  0.20243980E-19  0.18062226E-19  0.94525932E-20
  0.75341884E-20  0.00000000E+00  0.00000000E+00  0.00000000E+00  0.43047570E-19
  0.00000000E+00  0.00000000E+00  0.00000000E+00  0.00000000E+00  0.00000000E+00
  0.00000000E+00  0.00000000E+00  0.00000000E+00  0.00000000E+00  0.00000000E+00
  0.00000000E+00  0.00000000E+00  0.00000000E+00  0.00000000E+00
  0.00000000E+00  0.00000000E+00  0.00000000E+00  0.00000000E+00  0.00000000E+00
  0.00000000E+00  0.00000000E+00  0.00000000E+00  0.00000000E+00  0.00000000E+00
  0.00000000E+00  0.00000000E+00  0.00000000E+00  0.00000000E+00  0.00000000E+00
  0.00000000E+00  0.00000000E+00  0.00000000E+00  0.00000000E+00  0.00000000E+00
  0.00000000E+00  0.00000000E+00  0.00000000E+00  0.00000000E+00  0.00000000E+00
  0.00000000E+00  0.00000000E+00  0.00000000E+00  0.00000000E+00  0.00000000E+00
  0.00000000E+00  0.00000000E+00  0.00000000E+00  0.00000000E+00  0.00000000E+00
  0.00000000E+00  0.00000000E+00  0.00000000E+00  0.11767555E-18  0.44927619E-19
  0.36549256E-19  0.23476668E-19  0.12871354E-19  0.21414268E-19  0.56354822E-20
  0.00000000E+00  0.00000000E+00  0.00000000E+00  0.00000000E+00  0.00000000E+00
  0.00000000E+00  0.00000000E+00  0.00000000E+00  0.00000000E+00  0.00000000E+00
  0.00000000E+00  0.00000000E+00  0.00000000E+00  0.00000000E+00  0.00000000E+00
  0.00000000E+00  0.00000000E+00  0.00000000E+00  0.00000000E+00
  0.00000000E+00  0.00000000E+00  0.00000000E+00  0.00000000E+00  0.00000000E+00
  0.00000000E+00  0.00000000E+00  0.00000000E+00  0.00000000E+00  0.00000000E+00
  0.00000000E+00  0.00000000E+00  0.00000000E+00  0.00000000E+00  0.00000000E+00
  0.00000000E+00  0.00000000E+00  0.00000000E+00  0.00000000E+00  0.00000000E+00
  0.00000000E+00  0.00000000E+00  0.00000000E+00  0.00000000E+00  0.00000000E+00
  0.00000000E+00  0.00000000E+00  0.00000000E+00  0.00000000E+00  0.00000000E+00
  0.00000000E+00  0.00000000E+00  0.00000000E+00  0.00000000E+00  0.00000000E+00
  0.00000000E+00  0.00000000E+00  0.00000000E+00  0.40704784E-19  0.41988317E-19
  0.28505575E-19  0.23480573E-19  0.16081572E-19  0.20459880E-19  0.14583463E-19
  0.00000000E+00  0.00000000E+00  0.00000000E+00  0.00000000E+00  0.00000000E+00
  0.00000000E+00  0.00000000E+00  0.00000000E+00  0.00000000E+00  0.00000000E+00
  0.00000000E+00  0.00000000E+00  0.00000000E+00  0.00000000E+00  0.00000000E+00
  0.00000000E+00  0.00000000E+00  0.00000000E+00  0.00000000E+00
  0.00000000E+00  0.00000000E+00  0.00000000E+00  0.00000000E+00  0.00000000E+00
  0.00000000E+00  0.00000000E+00  0.00000000E+00  0.00000000E+00  0.00000000E+00
  0.00000000E+00  0.00000000E+00  0.00000000E+00  0.00000000E+00  0.00000000E+00
  0.00000000E+00  0.00000000E+00  0.00000000E+00  0.00000000E+00  0.00000000E+00
  0.00000000E+00  0.00000000E+00  0.00000000E+00  0.00000000E+00  0.00000000E+00
  0.00000000E+00  0.00000000E+00  0.00000000E+00  0.00000000E+00  0.00000000E+00
  0.00000000E+00  0.00000000E+00  0.00000000E+00  0.00000000E+00  0.00000000E+00
  0.00000000E+00  0.00000000E+00  0.59120474E-19  0.71152394E-19  0.32586613E-19
  0.24006544E-19  0.19659881E-19  0.27998631E-19  0.16758421E-19  0.00000000E+00
  0.00000000E+00  0.00000000E+00  0.00000000E+00  0.00000000E+00  0.00000000E+00
  0.00000000E+00  0.00000000E+00  0.00000000E+00  0.00000000E+00  0.00000000E+00
  0.00000000E+00  0.00000000E+00  0.00000000E+00  0.00000000E+00  0.00000000E+00
  0.00000000E+00  0.00000000E+00  0.00000000E+00  0.00000000E+00
  0.00000000E+00  0.00000000E+00  0.00000000E+00  0.00000000E+00  0.00000000E+00
  0.00000000E+00  0.00000000E+00  0.00000000E+00  0.00000000E+00  0.00000000E+00
  0.00000000E+00  0.00000000E+00  0.00000000E+00  0.00000000E+00  0.00000000E+00
  0.00000000E+00  0.00000000E+00  0.00000000E+00  0.00000000E+00  0.00000000E+00
  0.00000000E+00  0.00000000E+00  0.00000000E+00  0.00000000E+00  0.00000000E+00
  0.00000000E+00  0.00000000E+00  0.00000000E+00  0.00000000E+00  0.00000000E+00
  0.00000000E+00  0.00000000E+00  0.00000000E+00  0.00000000E+00  0.00000000E+00
  0.00000000E+00  0.74358323E-19  0.63535487E-19  0.39707464E-19  0.27917519E-19
  0.21332283E-19  0.15116868E-19  0.36439159E-19  0.63223463E-20  0.00000000E+00
  0.00000000E+00  0.00000000E+00  0.00000000E+00  0.00000000E+00  0.00000000E+00
  0.00000000E+00  0.00000000E+00  0.00000000E+00  0.00000000E+00  0.00000000E+00
  0.00000000E+00  0.00000000E+00  0.00000000E+00  0.00000000E+00  0.00000000E+00
  0.00000000E+00  0.00000000E+00  0.00000000E+00  0.00000000E+00
  0.00000000E+00  0.00000000E+00  0.00000000E+00  0.00000000E+00  0.00000000E+00
  0.00000000E+00  0.00000000E+00  0.00000000E+00  0.00000000E+00  0.00000000E+00
  0.00000000E+00  0.00000000E+00  0.00000000E+00  0.00000000E+00  0.00000000E+00
  0.00000000E+00  0.00000000E+00  0.00000000E+00  0.00000000E+00  0.00000000E+00
  0.00000000E+00  0.00000000E+00  0.00000000E+00  0.00000000E+00  0.00000000E+00
  0.00000000E+00  0.00000000E+00  0.00000000E+00  0.00000000E+00  0.00000000E+00
  0.00000000E+00  0.00000000E+00  0.00000000E+00  0.00000000E+00  0.00000000E+00
  0.00000000E+00  0.00000000E+00  0.62954156E-19  0.39419414E-19  0.25440436E-19
  0.18419109E-19  0.22368061E-19  0.85602340E-20  0.63375412E-20  0.00000000E+00
  0.00000000E+00  0.00000000E+00  0.00000000E+00  0.00000000E+00  0.00000000E+00
  0.00000000E+00  0.00000000E+00  0.00000000E+00  0.00000000E+00  0.00000000E+00
  0.00000000E+00  0.00000000E+00  0.00000000E+00  0.00000000E+00  0.00000000E+00
  0.00000000E+00  0.00000000E+00  0.00000000E+00  0.00000000E+00
  0.00000000E+00  0.00000000E+00  0.00000000E+00  0.00000000E+00  0.00000000E+00
  0.00000000E+00  0.00000000E+00  0.00000000E+00  0.00000000E+00  0.00000000E+00
  0.00000000E+00  0.00000000E+00  0.00000000E+00  0.00000000E+00  0.00000000E+00
  0.00000000E+00  0.00000000E+00  0.00000000E+00  0.00000000E+00  0.00000000E+00
  0.00000000E+00  0.00000000E+00  0.00000000E+00  0.00000000E+00  0.00000000E+00
  0.00000000E+00  0.00000000E+00  0.00000000E+00  0.00000000E+00  0.00000000E+00
  0.00000000E+00  0.00000000E+00  0.00000000E+00  0.00000000E+00  0.00000000E+00
  0.00000000E+00  0.70119101E-19  0.42034657E-19  0.34429238E-19  0.23058987E-19
  0.20344756E-19  0.86928255E-20  0.00000000E+00  0.00000000E+00  0.38636226E-19
  0.30636710E-20  0.00000000E+00  0.00000000E+00  0.00000000E+00  0.00000000E+00
  0.00000000E+00  0.00000000E+00  0.00000000E+00  0.00000000E+00  0.00000000E+00
  0.00000000E+00  0.00000000E+00  0.00000000E+00  0.00000000E+00  0.00000000E+00
  0.00000000E+00  0.00000000E+00  0.00000000E+00  0.00000000E+00
  0.00000000E+00  0.00000000E+00  0.00000000E+00  0.00000000E+00  0.00000000E+00
  0.00000000E+00  0.00000000E+00  0.00000000E+00  0.00000000E+00  0.00000000E+00
  0.00000000E+00  0.00000000E+00  0.00000000E+00  0.00000000E+00  0.00000000E+00
  0.00000000E+00  0.00000000E+00  0.00000000E+00  0.00000000E+00  0.00000000E+00
  0.00000000E+00  0.00000000E+00  0.00000000E+00  0.00000000E+00  0.00000000E+00
  0.00000000E+00  0.00000000E+00  0.00000000E+00  0.00000000E+00  0.00000000E+00
  0.00000000E+00  0.00000000E+00  0.00000000E+00  0.00000000E+00  0.00000000E+00
  0.00000000E+00  0.67034463E-19  0.41770913E-19  0.26673566E-19  0.19263041E-19
  0.13566717E-19  0.96180362E-20  0.49957703E-20  0.00000000E+00  0.00000000E+00
  0.00000000E+00  0.00000000E+00  0.00000000E+00  0.00000000E+00  0.00000000E+00
  0.00000000E+00  0.00000000E+00  0.00000000E+00  0.00000000E+00  0.00000000E+00
  0.00000000E+00  0.00000000E+00  0.00000000E+00  0.00000000E+00  0.00000000E+00
  0.00000000E+00  0.00000000E+00  0.00000000E+00  0.00000000E+00
  0.00000000E+00  0.00000000E+00  0.00000000E+00  0.00000000E+00  0.00000000E+00
  0.00000000E+00  0.00000000E+00  0.00000000E+00  0.00000000E+00  0.00000000E+00
  0.00000000E+00  0.00000000E+00  0.00000000E+00  0.00000000E+00  0.00000000E+00
  0.00000000E+00  0.00000000E+00  0.00000000E+00  0.00000000E+00  0.00000000E+00
  0.00000000E+00  0.00000000E+00  0.00000000E+00  0.00000000E+00  0.00000000E+00
  0.00000000E+00  0.00000000E+00  0.00000000E+00  0.00000000E+00  0.00000000E+00
  0.00000000E+00  0.00000000E+00  0.00000000E+00  0.00000000E+00  0.00000000E+00
  0.00000000E+00  0.74798073E-19  0.37779885E-19  0.25213558E-19  0.17911942E-19
  0.67782979E-20  0.00000000E+00  0.28604121E-19  0.00000000E+00  0.00000000E+00
  0.00000000E+00  0.00000000E+00  0.00000000E+00  0.00000000E+00  0.00000000E+00
  0.00000000E+00  0.00000000E+00  0.00000000E+00  0.00000000E+00  0.00000000E+00
  0.00000000E+00  0.00000000E+00  0.00000000E+00  0.00000000E+00  0.00000000E+00
  0.00000000E+00  0.00000000E+00  0.00000000E+00  0.00000000E+00
  0.00000000E+00  0.00000000E+00  0.00000000E+00  0.00000000E+00  0.00000000E+00
  0.00000000E+00  0.00000000E+00  0.00000000E+00  0.00000000E+00  0.00000000E+00
  0.00000000E+00  0.00000000E+00  0.00000000E+00  0.00000000E+00  0.00000000E+00
  0.00000000E+00  0.00000000E+00  0.00000000E+00  0.00000000E+00  0.00000000E+00
  0.00000000E+00  0.00000000E+00  0.00000000E+00  0.00000000E+00  0.00000000E+00
  0.00000000E+00  0.00000000E+00  0.00000000E+00  0.00000000E+00  0.00000000E+00
  0.00000000E+00  0.00000000E+00  0.00000000E+00  0.00000000E+00  0.00000000E+00
  0.43169044E-19  0.51817017E-19  0.35607249E-19  0.21517377E-19  0.12805718E-19
  0.11280021E-19  0.26282639E-20  0.00000000E+00  0.00000000E+00  0.00000000E+00
  0.00000000E+00  0.00000000E+00  0.00000000E+00  0.00000000E+00  0.00000000E+00
  0.00000000E+00  0.00000000E+00  0.00000000E+00  0.00000000E+00  0.00000000E+00
  0.00000000E+00  0.00000000E+00  0.00000000E+00  0.00000000E+00  0.00000000E+00
  0.00000000E+00  0.00000000E+00  0.00000000E+00  0.00000000E+00
  0.00000000E+00  0.00000000E+00  0.25591331E-20  0.00000000E+00  0.00000000E+00
  0.00000000E+00  0.00000000E+00  0.00000000E+00  0.00000000E+00  0.00000000E+00
  0.00000000E+00  0.00000000E+00  0.00000000E+00  0.00000000E+00  0.00000000E+00
  0.00000000E+00  0.00000000E+00  0.00000000E+00  0.00000000E+00  0.00000000E+00
  0.00000000E+00  0.00000000E+00  0.00000000E+00  0.00000000E+00  0.00000000E+00
  0.00000000E+00  0.00000000E+00  0.00000000E+00  0.00000000E+00  0.00000000E+00
  0.97748500E-20  0.32618608E-20  0.77362088E-20  0.63655719E-20  0.77184210E-20
  0.83929745E-20  0.11052283E-19  0.18989360E-19  0.14642026E-19  0.98342896E-20
  0.84466961E-20  0.22178813E-19  0.00000000E+00  0.00000000E+00  0.00000000E+00
  0.00000000E+00  0.00000000E+00  0.00000000E+00  0.00000000E+00  0.00000000E+00
  0.00000000E+00  0.00000000E+00  0.00000000E+00  0.00000000E+00  0.00000000E+00
  0.00000000E+00  0.00000000E+00  0.00000000E+00  0.00000000E+00  0.00000000E+00
  0.00000000E+00  0.00000000E+00  0.00000000E+00  0.00000000E+00
  0.00000000E+00  0.00000000E+00 -0.26075647E+19 -0.26075647E+19  0.00000000E+00
  0.00000000E+00  0.00000000E+00  0.00000000E+00  0.00000000E+00  0.00000000E+00
 -0.26075647E+19  0.00000000E+00 -0.26075647E+19  0.00000000E+00  0.00000000E+00
  0.00000000E+00  0.00000000E+00 -0.37073232E+18  0.00000000E+00  0.16356318E+19
  0.30556494E+19  0.00000000E+00  0.00000000E+00  0.00000000E+00  0.00000000E+00
  0.00000000E+00  0.00000000E+00 -0.12868546E+19 -0.72358833E+19  0.00000000E+00
 -0.38557685E+19 -0.23952336E+19  0.46682312E+18 -0.77931413E+19 -0.89366674E+19
 -0.65368652E+20 -0.12609845E+21 -0.19444951E+21 -0.40519799E+21 -0.70345910E+21
 -0.27175287E+22 -0.10387306E+23 -0.36206158E+23 -0.70953015E+23 -0.82315387E+23
 -0.89345256E+23 -0.92834794E+23 -0.98428363E+23 -0.10159261E+24 -0.10431173E+24
 -0.10343836E+24 -0.10160301E+24 -0.95937303E+23 -0.90825026E+23 -0.86884990E+23
 -0.82677663E+23 -0.75457074E+23 -0.68517993E+23 -0.60891733E+23 -0.49957539E+23
 -0.46389544E+23 -0.40090433E+23 -0.31833401E+23 -0.31060488E+23
  0.00000000E+00  0.00000000E+00 -0.23140994E+19 -0.26075647E+19  0.00000000E+00
 -0.39899409E+04  0.00000000E+00  0.00000000E+00  0.00000000E+00  0.00000000E+00
 -0.26075647E+19  0.10498531E+18 -0.25393100E+19  0.00000000E+00  0.00000000E+00
  0.00000000E+00  0.00000000E+00 -0.26075647E+19  0.00000000E+00  0.26111061E+19
 -0.86380263E+18  0.34244834E+19  0.00000000E+00  0.00000000E+00  0.00000000E+00
 -0.47446926E+18  0.00000000E+00  0.38502372E+19  0.26113970E+19  0.00000000E+00
  0.00000000E+00 -0.94434852E+19  0.79445242E+19  0.27283628E+19  0.29672617E+20
 -0.10107181E+21 -0.15800707E+21 -0.27148975E+21 -0.16429445E+21 -0.19479479E+21
 -0.45010048E+20 -0.21606015E+22 -0.15097682E+23 -0.43629955E+23 -0.64248674E+23
 -0.74157164E+23 -0.79004653E+23 -0.85459891E+23 -0.91874318E+23 -0.91070687E+23
 -0.91706107E+23 -0.87916989E+23 -0.88231530E+23 -0.80988384E+23 -0.77327078E+23
 -0.73385591E+23 -0.59689669E+23 -0.58023402E+23 -0.47093072E+23 -0.40952077E+23
 -0.36978942E+23 -0.32174174E+23 -0.28619310E+23 -0.26803204E+23
  0.00000000E+00  0.00000000E+00  0.00000000E+00 -0.26075647E+19  0.00000000E+00
 -0.83890120E+04  0.00000000E+00  0.00000000E+00  0.00000000E+00  0.00000000E+00
 -0.26075647E+19  0.26075647E+19 -0.26075647E+19  0.00000000E+00  0.00000000E+00
  0.00000000E+00  0.00000000E+00 -0.26075647E+19  0.00000000E+00  0.26075647E+19
  0.00000000E+00  0.38233629E+19  0.00000000E+00  0.00000000E+00  0.00000000E+00
 -0.69612777E+19  0.00000000E+00  0.41746862E+19  0.45719371E+19 -0.13460782E+19
  0.00000000E+00  0.28043651E+18 -0.10632561E+19 -0.65441039E+19  0.23066462E+20
 -0.27262817E+20 -0.18228536E+21 -0.40392333E+21 -0.10071953E+20  0.31404376E+21
  0.28403252E+21  0.53416792E+21 -0.59026965E+22 -0.33065919E+23 -0.48663150E+23
 -0.63925923E+23 -0.71121945E+23 -0.72977308E+23 -0.80847305E+23 -0.80532442E+23
 -0.80218137E+23 -0.77439576E+23 -0.82462464E+23 -0.72347373E+23 -0.73084856E+23
 -0.58186928E+23 -0.54266134E+23 -0.53522485E+23 -0.35870556E+23 -0.38141192E+23
 -0.27478920E+23 -0.25368985E+23 -0.24008780E+23 -0.25220973E+23
  0.00000000E+00  0.00000000E+00  0.00000000E+00 -0.26075647E+19  0.00000000E+00
  0.91583355E+04  0.00000000E+00  0.00000000E+00  0.00000000E+00  0.00000000E+00
 -0.26075647E+19  0.26075647E+19 -0.26075647E+19  0.00000000E+00  0.00000000E+00
  0.00000000E+00  0.00000000E+00 -0.26075647E+19  0.00000000E+00  0.26075647E+19
  0.00000000E+00  0.00000000E+00  0.00000000E+00  0.00000000E+00  0.00000000E+00
 -0.58836999E+19  0.00000000E+00  0.41746862E+19  0.45719371E+19 -0.28052743E+19
 -0.81945062E+18 -0.22712488E+19 -0.10388816E+20 -0.27760042E+19  0.38813619E+20
 -0.39017995E+20 -0.19542745E+21 -0.43093175E+21 -0.32055678E+19  0.55122734E+21
  0.91397957E+21  0.41989481E+22 -0.16200110E+22 -0.24295443E+23 -0.41400560E+23
 -0.51627293E+23 -0.61807506E+23 -0.70779532E+23 -0.66278938E+23 -0.74097956E+23
 -0.72084715E+23 -0.70609933E+23 -0.67345397E+23 -0.67363754E+23 -0.65496894E+23
 -0.51212794E+23 -0.50753407E+23 -0.36474283E+23 -0.39024872E+23 -0.37789053E+23
 -0.24258938E+23 -0.25053827E+23 -0.24125209E+23 -0.17739937E+23
  0.79826510E+18  0.00000000E+00  0.00000000E+00 -0.26075647E+19  0.00000000E+00
 -0.11410828E+05  0.00000000E+00  0.00000000E+00  0.00000000E+00  0.00000000E+00
 -0.26075647E+19  0.26075647E+19 -0.26075647E+19  0.00000000E+00  0.00000000E+00
  0.00000000E+00  0.00000000E+00 -0.26075647E+19  0.00000000E+00  0.26075647E+19
  0.00000000E+00  0.00000000E+00  0.00000000E+00  0.00000000E+00  0.00000000E+00
 -0.53928615E+19  0.00000000E+00  0.91958970E+19  0.45719371E+19 -0.28052743E+19
  0.81518557E+18 -0.60978711E+19 -0.14823327E+20 -0.15918995E+19  0.23017041E+20
 -0.45175254E+20 -0.18086471E+21 -0.28920190E+21 -0.21948618E+20  0.61084048E+21
  0.25109528E+22  0.53094306E+22  0.35032305E+22 -0.14984673E+23 -0.36050099E+23
 -0.40868239E+23 -0.61737708E+23 -0.61031109E+23 -0.59235224E+23 -0.60429223E+23
 -0.68045561E+23 -0.61561002E+23 -0.62762812E+23 -0.62647006E+23 -0.55151821E+23
 -0.45616341E+23 -0.50154465E+23 -0.40182457E+23 -0.32422545E+23 -0.31079312E+23
 -0.26599882E+23 -0.15214570E+23 -0.23684849E+23 -0.80980760E+22
  0.58252759E+18  0.00000000E+00  0.00000000E+00 -0.26075647E+19  0.00000000E+00
  0.12745612E+05  0.00000000E+00  0.00000000E+00  0.00000000E+00  0.00000000E+00
 -0.26075647E+19  0.26075647E+19 -0.26075647E+19  0.00000000E+00  0.00000000E+00
  0.00000000E+00 -0.15277304E+19 -0.26075647E+19  0.00000000E+00  0.26075647E+19
  0.00000000E+00  0.00000000E+00  0.00000000E+00  0.00000000E+00  0.00000000E+00
 -0.15087632E+19  0.00000000E+00  0.12524059E+20  0.45719371E+19 -0.27579316E+19
  0.30203590E+19 -0.67292539E+19 -0.13396505E+20  0.73540606E+19  0.13645457E+20
 -0.60721553E+20 -0.15032542E+21 -0.15402925E+21  0.87151392E+19  0.61867360E+21
  0.36065418E+22  0.64120714E+22  0.82823954E+22 -0.98099962E+22 -0.26968630E+23
 -0.39926349E+23 -0.53745816E+23 -0.54941369E+23 -0.55397323E+23 -0.48421345E+23
 -0.63629601E+23 -0.55624622E+23 -0.62061460E+23 -0.48158400E+23 -0.46047437E+23
 -0.42678204E+23 -0.35597658E+23 -0.45407855E+23 -0.27888656E+23 -0.31435543E+23
 -0.23846470E+23 -0.12885361E+23 -0.13207194E+23 -0.11689696E+23
  0.00000000E+00  0.00000000E+00  0.00000000E+00 -0.26075647E+19  0.00000000E+00
  0.90640981E+04  0.00000000E+00  0.00000000E+00  0.00000000E+00  0.00000000E+00
 -0.26075647E+19  0.23605153E+19 -0.23605153E+19  0.00000000E+00  0.00000000E+00
  0.00000000E+00 -0.26075647E+19 -0.26075647E+19  0.00000000E+00  0.26075647E+19
  0.00000000E+00  0.00000000E+00  0.00000000E+00  0.00000000E+00  0.00000000E+00
 -0.69612777E+19  0.00000000E+00  0.10349530E+20  0.45719371E+19  0.42397183E+03
  0.92862865E+04 -0.47071545E+19 -0.13512711E+20  0.10579819E+19  0.11323985E+20
 -0.51877633E+20 -0.15507717E+21 -0.12295405E+21  0.10703731E+21  0.68460717E+21
  0.33339086E+22  0.60764776E+22  0.98703152E+22 -0.68575956E+22 -0.20281627E+23
 -0.34194279E+23 -0.51099400E+23 -0.42818539E+23 -0.53278883E+23 -0.43453338E+23
 -0.49452629E+23 -0.54301172E+23 -0.56887576E+23 -0.44211713E+23 -0.51952858E+23
 -0.31924750E+23 -0.30316098E+23 -0.36738418E+23 -0.31429227E+23 -0.19655135E+23
 -0.12038977E+23 -0.21965760E+23 -0.16155969E+23 -0.16899090E+23
  0.00000000E+00  0.00000000E+00  0.00000000E+00 -0.26075647E+19  0.00000000E+00
 -0.41429655E+04  0.00000000E+00  0.00000000E+00  0.00000000E+00  0.00000000E+00
 -0.26075647E+19 -0.10509720E+19  0.41429655E+04  0.00000000E+00  0.00000000E+00
  0.00000000E+00 -0.26075647E+19 -0.26075647E+19  0.00000000E+00  0.20025302E+19
  0.00000000E+00  0.00000000E+00  0.00000000E+00  0.55830994E+19 -0.17631439E+19
 -0.50303396E+19  0.00000000E+00  0.83493725E+19  0.34431772E+19  0.17828366E+04
  0.14643601E+04 -0.33646269E+19 -0.11676485E+20 -0.20177451E+19 -0.20360036E+20
 -0.53025404E+20 -0.17150730E+21 -0.15515660E+21 -0.19718476E+21  0.58880103E+21
  0.23957957E+22  0.60698178E+22  0.97992396E+22 -0.55016582E+22 -0.13950677E+23
 -0.28470754E+23 -0.40173167E+23 -0.44854457E+23 -0.44680096E+23 -0.35504327E+23
 -0.59506190E+23 -0.43673964E+23 -0.45627237E+23 -0.41741126E+23 -0.42431768E+23
 -0.38461325E+23 -0.26836680E+23 -0.18683885E+23 -0.23954453E+23 -0.13732349E+23
 -0.14781975E+23 -0.23388299E+23 -0.12163496E+23 -0.19471197E+23
  0.00000000E+00  0.00000000E+00  0.00000000E+00 -0.26075647E+19  0.00000000E+00
 -0.15243842E+05  0.00000000E+00  0.00000000E+00  0.00000000E+00  0.00000000E+00
 -0.26075647E+19 -0.26075647E+19  0.00000000E+00  0.00000000E+00  0.15796281E+19
  0.00000000E+00 -0.33245148E+19 -0.26075647E+19  0.00000000E+00  0.00000000E+00
  0.00000000E+00  0.00000000E+00  0.00000000E+00  0.58039777E+19 -0.43923944E+19
  0.00000000E+00  0.00000000E+00  0.83493725E+19  0.00000000E+00 -0.11714038E+03
 -0.30788814E+04 -0.42116289E+19 -0.16490188E+20 -0.14412559E+20 -0.15766706E+20
 -0.72803439E+20 -0.13516091E+21 -0.30142877E+21 -0.32732605E+21  0.46610148E+20
  0.14114281E+22  0.62754121E+22  0.70492057E+22 -0.36465579E+22 -0.13286707E+23
 -0.24569962E+23 -0.34996576E+23 -0.41212969E+23 -0.36250456E+23 -0.36444098E+23
 -0.49926352E+23 -0.42308685E+23 -0.31306209E+23 -0.48413421E+23 -0.29101291E+23
 -0.36245091E+23 -0.19836442E+23 -0.21158829E+23 -0.14238899E+23 -0.14523240E+23
 -0.18434120E+23 -0.10753432E+23 -0.91016995E+22 -0.18836996E+23
  0.00000000E+00  0.00000000E+00  0.00000000E+00 -0.26075647E+19  0.00000000E+00
 -0.32050803E+04 -0.13736058E+04  0.00000000E+00  0.00000000E+00  0.00000000E+00
 -0.26075647E+19 -0.26075647E+19  0.45786862E+03  0.00000000E+00  0.26075647E+19
  0.00000000E+00 -0.52151294E+19 -0.26075647E+19  0.00000000E+00  0.00000000E+00
  0.00000000E+00  0.00000000E+00  0.00000000E+00  0.58039777E+19  0.00000000E+00
  0.00000000E+00  0.00000000E+00  0.83493725E+19  0.00000000E+00  0.00000000E+00
  0.53523524E+19 -0.67292539E+19 -0.35037936E+20 -0.29928731E+20 -0.24007646E+19
 -0.12843365E+21 -0.96008726E+20 -0.45472948E+21 -0.47015338E+21 -0.18344050E+21
  0.63957563E+21  0.44905046E+22  0.49680311E+22 -0.30346856E+22 -0.11848515E+23
 -0.21189854E+23 -0.30759152E+23 -0.34756026E+23 -0.32833964E+23 -0.32831349E+23
 -0.36539550E+23 -0.47308078E+23 -0.29912638E+23 -0.32483660E+23 -0.29040107E+23
 -0.33115916E+23 -0.16456125E+23 -0.11574474E+23 -0.16601413E+23 -0.17294880E+23
 -0.19304956E+23 -0.71077030E+22 -0.61261175E+22 -0.76033687E+22
  0.00000000E+00  0.00000000E+00  0.00000000E+00 -0.26075647E+19  0.00000000E+00
  0.50105851E+04 -0.30367183E+04  0.00000000E+00  0.00000000E+00  0.00000000E+00
 -0.26075647E+19 -0.26075647E+19  0.15183591E+04  0.00000000E+00  0.26075647E+19
  0.00000000E+00 -0.52151294E+19 -0.26075647E+19  0.00000000E+00  0.00000000E+00
  0.00000000E+00  0.00000000E+00  0.25393836E+19  0.58039777E+19  0.00000000E+00
  0.00000000E+00  0.00000000E+00  0.83493725E+19  0.00000000E+00 -0.22273568E+19
  0.10419262E+20 -0.43468993E+19 -0.19560062E+20 -0.53406543E+20  0.14700524E+20
 -0.14346841E+21 -0.10574168E+21 -0.52980885E+21 -0.81224864E+21 -0.48334767E+21
 -0.31618749E+21  0.28024522E+22  0.41384051E+22 -0.69626593E+22 -0.90170050E+22
 -0.20542451E+23 -0.26365481E+23 -0.27068482E+23 -0.26716439E+23 -0.25527205E+23
 -0.37989482E+23 -0.46064363E+23 -0.30489553E+23 -0.19600371E+23 -0.25701730E+23
 -0.29507123E+23 -0.20677188E+23 -0.19637595E+22 -0.17833972E+23 -0.13446973E+23
 -0.13415938E+23 -0.13074175E+23 -0.72645228E+22 -0.54528370E+22
  0.00000000E+00  0.00000000E+00  0.00000000E+00 -0.26075647E+19  0.00000000E+00
 -0.33273976E+04  0.44365302E+04  0.00000000E+00  0.00000000E+00  0.00000000E+00
 -0.26075647E+19 -0.26075647E+19  0.26030369E+19 -0.26030369E+19  0.26075647E+19
  0.00000000E+00 -0.38243816E+19 -0.35534711E+19  0.00000000E+00  0.00000000E+00
  0.00000000E+00  0.00000000E+00  0.11271000E+04  0.58039777E+19  0.00000000E+00
  0.00000000E+00 -0.48641613E+04  0.83493725E+19  0.00000000E+00 -0.52892117E+18
 -0.52900461E+18  0.00000000E+00 -0.36602868E+20 -0.53460935E+20 -0.42953840E+20
 -0.92450073E+20 -0.25055395E+21 -0.53043970E+21 -0.98037806E+21 -0.79367157E+21
 -0.11187434E+22  0.13611567E+21  0.30715535E+22 -0.86723483E+22 -0.90374898E+22
 -0.20471695E+23 -0.19646216E+23 -0.23724716E+23 -0.25742211E+23 -0.26242327E+23
 -0.31754373E+23 -0.34290293E+23 -0.30157090E+23 -0.18880954E+23 -0.27903568E+23
 -0.96528598E+22 -0.25819087E+23 -0.52711295E+22 -0.85925827E+22 -0.61453786E+22
 -0.95173242E+22 -0.10829175E+23 -0.11100207E+23 -0.92668560E+22
  0.00000000E+00  0.00000000E+00  0.00000000E+00 -0.26075647E+19  0.00000000E+00
 -0.17301381E+18  0.17301381E+18  0.00000000E+00  0.00000000E+00  0.00000000E+00
 -0.26075647E+19 -0.26075647E+19  0.28440587E+18 -0.28440587E+18  0.26075647E+19
  0.00000000E+00 -0.52151294E+19  0.00000000E+00  0.00000000E+00  0.00000000E+00
  0.00000000E+00  0.00000000E+00  0.00000000E+00  0.58039777E+19  0.00000000E+00
  0.00000000E+00 -0.45689534E+19  0.83493725E+19  0.00000000E+00  0.00000000E+00
 -0.30722066E+19  0.00000000E+00 -0.35516482E+20 -0.72465063E+20 -0.81547662E+20
 -0.94488582E+20 -0.26459455E+21 -0.62361049E+21 -0.11815776E+22 -0.12447571E+22
 -0.24689903E+22 -0.18194324E+22 -0.21091222E+22 -0.77670628E+22 -0.12894067E+23
 -0.18638114E+23 -0.11428809E+23 -0.21927266E+23 -0.24949665E+23 -0.22616716E+23
 -0.26968568E+23 -0.28965224E+23 -0.22798354E+23 -0.13171915E+23 -0.18265190E+23
 -0.70540066E+22 -0.21616960E+23 -0.13357887E+23 -0.81138124E+22 -0.96159357E+22
 -0.84223769E+22 -0.19870997E+22 -0.82253326E+22 -0.10009450E+23
  0.00000000E+00  0.00000000E+00  0.00000000E+00 -0.26075647E+19  0.00000000E+00
 -0.26075647E+19  0.26075647E+19  0.00000000E+00  0.00000000E+00  0.00000000E+00
 -0.26075647E+19 -0.26075647E+19 -0.27742256E+04  0.00000000E+00  0.26075647E+19
  0.00000000E+00 -0.52151294E+19  0.00000000E+00  0.00000000E+00  0.00000000E+00
  0.00000000E+00  0.00000000E+00 -0.93972228E+03  0.58039777E+19  0.00000000E+00
  0.00000000E+00 -0.68328750E+19  0.12753018E+19  0.00000000E+00  0.00000000E+00
 -0.99418846E+19 -0.33706793E+19 -0.25732320E+20 -0.62514518E+20 -0.10656520E+21
 -0.16876839E+21 -0.30774578E+21 -0.76536447E+21 -0.14793258E+22 -0.14682307E+22
 -0.38700575E+22 -0.37383623E+22 -0.86408173E+22 -0.12535127E+23 -0.13602884E+23
 -0.16451470E+23 -0.98325098E+22 -0.21846699E+23 -0.15985275E+23 -0.18407711E+23
 -0.17253760E+23 -0.24346158E+23 -0.17781895E+23 -0.45337563E+22 -0.15602864E+23
 -0.18248315E+23 -0.12014026E+23 -0.69823433E+22 -0.92974987E+22 -0.10585460E+23
 -0.27035070E+22  0.15967910E+22 -0.34491214E+22 -0.11916474E+23
  0.00000000E+00  0.00000000E+00  0.00000000E+00 -0.26075647E+19  0.00000000E+00
 -0.14727160E+19  0.14727160E+19  0.00000000E+00  0.00000000E+00  0.00000000E+00
 -0.26075647E+19 -0.26075647E+19  0.75994410E+04  0.00000000E+00  0.26075647E+19
  0.00000000E+00 -0.52151294E+19  0.00000000E+00  0.00000000E+00  0.00000000E+00
  0.00000000E+00  0.00000000E+00  0.00000000E+00  0.58039777E+19  0.00000000E+00
  0.00000000E+00  0.21296914E+19 -0.23323953E+19  0.18506075E+03  0.00000000E+00
 -0.13460041E+19 -0.18414218E+20 -0.24564268E+20 -0.33510655E+20 -0.14188995E+21
 -0.18080759E+21 -0.48544986E+21 -0.94027631E+21 -0.17317599E+22 -0.21227011E+22
 -0.51706780E+22 -0.79459069E+22 -0.13775551E+23 -0.16033564E+23 -0.12299409E+23
 -0.10346075E+23 -0.17859766E+23 -0.11018879E+23 -0.10880686E+23 -0.11124914E+23
 -0.84945078E+22 -0.23119922E+23 -0.73907239E+22 -0.16022673E+23 -0.28835142E+22
 -0.22988943E+23 -0.10371930E+22 -0.95915403E+22 -0.14420757E+22 -0.50225927E+21
 -0.19140625E+22 -0.24026442E+22 -0.11099700E+22 -0.87412159E+22
  0.00000000E+00  0.00000000E+00  0.00000000E+00 -0.26075647E+19  0.00000000E+00
  0.00000000E+00 -0.19275163E+04  0.00000000E+00  0.00000000E+00  0.00000000E+00
 -0.26075647E+19 -0.26075647E+19  0.34695293E+04  0.00000000E+00  0.26075647E+19
  0.00000000E+00 -0.52151294E+19  0.00000000E+00  0.00000000E+00  0.00000000E+00
  0.00000000E+00  0.00000000E+00  0.00000000E+00  0.58039777E+19  0.00000000E+00
  0.00000000E+00  0.76237448E+19 -0.83493725E+19 -0.13518335E+04  0.00000000E+00
  0.00000000E+00 -0.22104847E+20 -0.24109180E+20 -0.59740322E+19 -0.14502076E+21
 -0.31124623E+21 -0.61282943E+21 -0.10834544E+22 -0.19204490E+22 -0.29117185E+22
 -0.70422097E+22 -0.12356631E+23 -0.20931786E+23 -0.18250657E+23 -0.12502570E+23
 -0.93492477E+22 -0.83839700E+22 -0.12344356E+23 -0.46921299E+22 -0.11384684E+23
 -0.44395951E+22 -0.80941206E+22 -0.10273957E+23 -0.78800075E+22  0.30488874E+22
 -0.89322576E+22 -0.10691497E+23 -0.73102725E+22  0.11259443E+23 -0.29137800E+22
 -0.53472029E+22 -0.74855677E+22 -0.68011201E+22  0.13647382E+22
  0.00000000E+00  0.00000000E+00  0.00000000E+00 -0.19267457E+19  0.00000000E+00
 -0.56484075E+18  0.56484075E+18  0.00000000E+00  0.00000000E+00  0.00000000E+00
 -0.26075647E+19 -0.57253780E+17 -0.13260947E+19  0.00000000E+00  0.26075647E+19
  0.00000000E+00 -0.36035710E+19  0.00000000E+00  0.00000000E+00  0.00000000E+00
  0.00000000E+00  0.00000000E+00  0.00000000E+00  0.58039777E+19  0.00000000E+00
  0.00000000E+00  0.76237448E+19 -0.34239571E+19 -0.20984115E+05  0.00000000E+00
  0.24439073E+19 -0.19023962E+20 -0.32288601E+20 -0.30806625E+20 -0.20359112E+21
 -0.37550112E+21 -0.63812637E+21 -0.13674844E+22 -0.24699669E+22 -0.41455453E+22
 -0.91682454E+22 -0.16519309E+23 -0.27687037E+23 -0.23543111E+23 -0.12403684E+23
 -0.48832022E+22 -0.82866355E+22 -0.56418361E+22 -0.56409695E+22 -0.16895504E+22
 -0.11483539E+22  0.29156017E+22 -0.92158663E+22 -0.47863791E+22  0.12410303E+23
 -0.28544763E+22 -0.31376513E+22  0.28606236E+22 -0.60331932E+22  0.93971959E+21
 -0.54545963E+22 -0.33821533E+22 -0.10436006E+22  0.10072162E+22
  0.00000000E+00  0.00000000E+00  0.00000000E+00  0.00000000E+00  0.00000000E+00
 -0.26075647E+19  0.24812559E+19  0.00000000E+00  0.00000000E+00  0.00000000E+00
 -0.26075647E+19  0.00000000E+00 -0.26075647E+19  0.00000000E+00  0.26075647E+19
 -0.34280005E+18 -0.26075647E+19  0.00000000E+00  0.00000000E+00  0.00000000E+00
  0.00000000E+00  0.00000000E+00  0.91490656E+17  0.58039777E+19  0.00000000E+00
  0.00000000E+00  0.76237448E+19  0.32232796E+19  0.24299734E+19 -0.26612620E+19
 -0.10451039E+20 -0.21075858E+20 -0.30420590E+20 -0.72606947E+20 -0.18966833E+21
 -0.35299554E+21 -0.97202652E+21 -0.16700079E+22 -0.31828603E+22 -0.60158764E+22
 -0.11938123E+23 -0.22404007E+23 -0.34562676E+23 -0.26367539E+23 -0.10370985E+23
 -0.36447620E+22 -0.54143109E+22 -0.73098902E+22  0.73375515E+22  0.87023738E+22
  0.11367443E+22  0.34069508E+22  0.56666897E+22 -0.78302275E+22  0.25447972E+23
  0.57170963E+22 -0.68965765E+21  0.35263763E+22 -0.75918252E+22 -0.16755591E+22
 -0.51804071E+22  0.16804168E+22  0.10656253E+23  0.76220492E+22
  0.14280408E+19  0.00000000E+00  0.00000000E+00  0.00000000E+00  0.00000000E+00
 -0.24102790E+19 -0.19728571E+18  0.00000000E+00  0.00000000E+00  0.00000000E+00
 -0.26075647E+19  0.00000000E+00 -0.16435879E+19  0.00000000E+00  0.26075647E+19
 -0.26075647E+19 -0.26075647E+19  0.00000000E+00 -0.22588259E+19  0.00000000E+00
  0.00000000E+00  0.00000000E+00  0.33175796E+19  0.58039777E+19  0.00000000E+00
  0.00000000E+00  0.76237448E+19  0.83493725E+19  0.91438741E+19 -0.93550497E+19
 -0.13596534E+20 -0.12611807E+20 -0.47839895E+20 -0.90225352E+20 -0.22969947E+21
 -0.46552750E+21 -0.11092377E+22 -0.22537226E+22 -0.40771676E+22 -0.77490111E+22
 -0.15533873E+23 -0.27785858E+23 -0.41417229E+23 -0.28354841E+23 -0.11978083E+23
  0.32471307E+22 -0.10964050E+22 -0.43853879E+22  0.12898175E+23  0.69060526E+22
  0.63057498E+22  0.92147640E+22  0.72139901E+22  0.43105886E+22  0.24965559E+23
  0.19109635E+23  0.46025498E+22 -0.14213457E+21 -0.10581486E+23  0.20034508E+22
  0.26844869E+22  0.37588334E+22  0.35319632E+22  0.63753955E+22
  0.26075647E+19  0.00000000E+00  0.00000000E+00  0.00000000E+00  0.00000000E+00
 -0.32157613E+04 -0.26075647E+19  0.00000000E+00  0.00000000E+00  0.00000000E+00
 -0.26075647E+19  0.00000000E+00  0.12059105E+05  0.00000000E+00  0.67332201E+18
 -0.26075647E+19 -0.26075647E+19  0.00000000E+00 -0.26075647E+19  0.00000000E+00
  0.00000000E+00  0.00000000E+00  0.00000000E+00  0.10221366E+20  0.00000000E+00
  0.00000000E+00  0.76237448E+19  0.54274426E+19  0.16199581E+20 -0.10014202E+20
 -0.38951714E+18 -0.47547461E+19 -0.65369055E+20 -0.98903235E+20 -0.30403588E+21
 -0.53960103E+21 -0.12746002E+22 -0.30635639E+22 -0.52303402E+22 -0.99956437E+22
 -0.19891926E+23 -0.34625707E+23 -0.44477071E+23 -0.26428970E+23 -0.13404886E+23
  0.22815562E+22  0.89887314E+22  0.82163318E+21  0.12256550E+23  0.10212222E+23
  0.11335854E+23  0.20366310E+23  0.97828602E+22  0.20406174E+23  0.17440683E+23
  0.19887153E+23  0.45236797E+22  0.14954584E+23  0.25873532E+22  0.14526378E+21
  0.13151463E+23  0.20178759E+22  0.25818983E+22  0.61502549E+22
  0.26075647E+19  0.00000000E+00  0.00000000E+00  0.00000000E+00  0.00000000E+00
  0.00000000E+00 -0.26075647E+19  0.00000000E+00  0.00000000E+00  0.00000000E+00
 -0.26075647E+19  0.00000000E+00  0.14681549E+04  0.00000000E+00  0.00000000E+00
 -0.26075647E+19 -0.10914264E+19 -0.15161383E+19 -0.26075647E+19  0.00000000E+00
  0.00000000E+00  0.00000000E+00  0.00000000E+00  0.58039777E+19  0.00000000E+00
  0.00000000E+00  0.76237448E+19  0.00000000E+00  0.20285758E+20 -0.64632947E+19
  0.12243377E+19 -0.19082182E+20 -0.14239345E+21 -0.12479569E+21 -0.29520927E+21
 -0.71127348E+21 -0.16366198E+22 -0.35275137E+22 -0.63046447E+22 -0.13242812E+23
 -0.26502982E+23 -0.41112314E+23 -0.41061113E+23 -0.21944555E+23 -0.10525214E+23
  0.29369196E+22  0.11084754E+23  0.63474679E+22  0.14623642E+23  0.12016279E+23
  0.19904674E+23  0.16006372E+23  0.24933599E+23  0.19922954E+23  0.24723405E+23
  0.24357212E+23  0.16006527E+23  0.82399470E+22  0.13841163E+23  0.15633170E+23
  0.98585930E+22  0.29003262E+22  0.10202844E+23  0.61698547E+22
  0.26075647E+19  0.00000000E+00  0.00000000E+00  0.00000000E+00  0.00000000E+00
  0.44685798E+03 -0.26075647E+19  0.00000000E+00  0.00000000E+00  0.00000000E+00
 -0.30449761E+19  0.00000000E+00 -0.19722210E+19  0.00000000E+00  0.00000000E+00
 -0.25368794E+19  0.00000000E+00 -0.26075647E+19 -0.49358221E+19  0.00000000E+00
  0.00000000E+00  0.00000000E+00  0.00000000E+00  0.58039777E+19  0.00000000E+00
  0.00000000E+00  0.76237448E+19  0.00000000E+00  0.18287748E+20  0.12522129E+20
 -0.60923331E+19 -0.65864090E+19 -0.16469692E+21 -0.18252589E+21 -0.38153406E+21
 -0.84115135E+21 -0.18557908E+22 -0.42196757E+22 -0.88047053E+22 -0.17223335E+23
 -0.31936976E+23 -0.44707141E+23 -0.37608957E+23 -0.13703741E+23 -0.61885718E+22
  0.60956507E+22  0.99585122E+22  0.10734491E+23  0.16005728E+23  0.23050484E+23
  0.24797422E+23  0.29278881E+23  0.22913177E+23  0.20617956E+23  0.33140274E+23
  0.20702283E+23  0.27983278E+23  0.77948441E+22  0.12347108E+23  0.16683426E+23
  0.10946982E+23  0.13637519E+23  0.21521802E+22  0.88215218E+22
  0.26075647E+19  0.00000000E+00  0.00000000E+00  0.00000000E+00  0.00000000E+00
  0.00000000E+00 -0.26075647E+19  0.00000000E+00  0.00000000E+00  0.00000000E+00
 -0.52151294E+19  0.00000000E+00 -0.50904628E+19  0.00000000E+00  0.00000000E+00
 -0.10909062E+19  0.00000000E+00 -0.26075647E+19 -0.49158021E+19 -0.29932724E+18
  0.00000000E+00  0.00000000E+00  0.00000000E+00  0.58039777E+19  0.00000000E+00
  0.00000000E+00  0.76237448E+19  0.00000000E+00  0.18287748E+20 -0.14502354E+19
 -0.11270316E+20 -0.25590782E+20 -0.12746802E+21 -0.29204782E+21 -0.61379076E+21
 -0.94198753E+21 -0.20612568E+22 -0.54357807E+22 -0.11430376E+23 -0.20931769E+23
 -0.37637598E+23 -0.43369710E+23 -0.31662995E+23 -0.10511883E+23 -0.41957121E+22
  0.86711247E+22  0.14871016E+23  0.14683429E+23  0.23387887E+23  0.26384705E+23
  0.27739769E+23  0.27992009E+23  0.30015504E+23  0.26464675E+23  0.28240888E+23
  0.24705539E+23  0.30440710E+23  0.16543790E+23  0.58905991E+22  0.23922580E+23
  0.15935984E+23  0.59945771E+22  0.11134327E+23  0.82642940E+22
  0.26075647E+19  0.00000000E+00  0.00000000E+00  0.00000000E+00  0.00000000E+00
  0.11177062E+04 -0.26075647E+19  0.00000000E+00  0.00000000E+00  0.00000000E+00
 -0.29148227E+19  0.00000000E+00 -0.52151294E+19  0.00000000E+00  0.00000000E+00
 -0.26075647E+19  0.00000000E+00 -0.11534757E+19 -0.26075647E+19 -0.10181292E+18
  0.00000000E+00  0.00000000E+00  0.00000000E+00  0.48072358E+19  0.00000000E+00
  0.00000000E+00  0.76237448E+19 -0.22054116E+19  0.18287748E+20 -0.10190269E+20
  0.39419316E+19 -0.41759419E+20 -0.12495363E+21 -0.27860741E+21 -0.73184422E+21
 -0.10649195E+22 -0.24464694E+22 -0.68347572E+22 -0.14217298E+23 -0.25465285E+23
 -0.40257841E+23 -0.35502301E+23 -0.21375469E+23 -0.86247061E+22  0.23352752E+22
  0.70133425E+22  0.15696047E+23  0.19479553E+23  0.29987289E+23  0.33287883E+23
  0.31550463E+23  0.24928633E+23  0.34316743E+23  0.32244579E+23  0.27916361E+23
  0.26950464E+23  0.24003970E+23  0.30013899E+23  0.22086868E+23  0.13096130E+23
  0.16581164E+23  0.96013216E+22  0.15018671E+23  0.80325357E+22
  0.14906631E+19  0.00000000E+00  0.00000000E+00  0.00000000E+00  0.00000000E+00
  0.00000000E+00 -0.26075647E+19  0.00000000E+00  0.00000000E+00 -0.50714001E+18
 -0.26075647E+19  0.00000000E+00 -0.51456917E+19  0.00000000E+00 -0.39889695E+16
 -0.17117866E+19  0.00000000E+00  0.26075647E+19 -0.26075647E+19  0.00000000E+00
  0.00000000E+00  0.00000000E+00  0.00000000E+00  0.00000000E+00  0.00000000E+00
  0.48693577E+19  0.22909967E+19 -0.83493725E+19  0.14277110E+20 -0.10989439E+20
 -0.20711115E+19 -0.30413537E+20 -0.86042102E+20 -0.37840567E+21 -0.86756850E+21
 -0.12176198E+22 -0.30075466E+22 -0.83015472E+22 -0.16420737E+23 -0.29646998E+23
 -0.36942663E+23 -0.27265327E+23 -0.15343395E+23 -0.18695537E+22  0.72615082E+22
  0.12323108E+23  0.19197187E+23  0.24261536E+23  0.31982167E+23  0.33779104E+23
  0.32902705E+23  0.30377516E+23  0.42142003E+23  0.29453637E+23  0.31817098E+23
  0.31338372E+23  0.28755903E+23  0.19235483E+23  0.21490138E+23  0.20083762E+23
  0.10988501E+23  0.10826159E+23  0.12370711E+23  0.95921442E+22
 -0.31063066E+03  0.00000000E+00  0.00000000E+00  0.00000000E+00  0.00000000E+00
  0.00000000E+00 -0.26075647E+19  0.37051998E+18 -0.37051998E+18  0.00000000E+00
 -0.15055773E+19  0.00000000E+00 -0.11126726E+19  0.00000000E+00  0.00000000E+00
  0.00000000E+00  0.00000000E+00  0.26075647E+19 -0.11894377E+19  0.00000000E+00
  0.00000000E+00  0.00000000E+00  0.00000000E+00  0.00000000E+00  0.00000000E+00
  0.68351959E+19  0.00000000E+00 -0.12514270E+20  0.16455246E+20 -0.26603429E+20
 -0.44345233E+19 -0.32082211E+20 -0.74661446E+20 -0.47856893E+21 -0.10694483E+22
 -0.14234692E+22 -0.29164342E+22 -0.99632750E+22 -0.18620312E+23 -0.30854088E+23
 -0.31875456E+23 -0.20180082E+23 -0.69102484E+22  0.49454027E+22  0.11869692E+23
  0.20603052E+23  0.20839345E+23  0.26034655E+23  0.38276220E+23  0.27837767E+23
  0.36028232E+23  0.36377815E+23  0.42677908E+23  0.33196952E+23  0.29800035E+23
  0.27728145E+23  0.30049886E+23  0.31683683E+23  0.21267953E+23  0.15330347E+23
  0.92817725E+22  0.15114967E+23  0.13122548E+23  0.86541133E+22
  0.28363788E+03  0.96742995E+17 -0.24772138E+19  0.00000000E+00  0.00000000E+00
  0.00000000E+00 -0.26075647E+19  0.26075647E+19 -0.26075647E+19  0.00000000E+00
  0.00000000E+00 -0.19591557E+19 -0.22152234E+19  0.00000000E+00  0.00000000E+00
 -0.23210549E+19  0.20659545E+19  0.26075647E+19  0.00000000E+00 -0.17018273E+04
  0.00000000E+00  0.00000000E+00  0.00000000E+00 -0.12276901E+19  0.00000000E+00
  0.00000000E+00  0.00000000E+00 -0.83224704E+18  0.14805945E+20 -0.15801967E+20
 -0.30026555E+20 -0.43312304E+20 -0.89843847E+20 -0.44107055E+21 -0.91613223E+21
 -0.16283682E+22 -0.37587793E+22 -0.10866690E+23 -0.20288496E+23 -0.29962810E+23
 -0.22391575E+23 -0.90507394E+22 -0.28489585E+21  0.10608080E+23  0.17896069E+23
  0.24493833E+23  0.32588328E+23  0.25741084E+23  0.31874396E+23  0.33959731E+23
  0.41332178E+23  0.40249221E+23  0.36628373E+23  0.38795338E+23  0.24066943E+23
  0.26712552E+23  0.23503535E+23  0.27139854E+23  0.20567206E+23  0.21977354E+23
  0.18194576E+23  0.12602225E+23  0.11878086E+23  0.12021076E+23
  0.00000000E+00  0.75309002E+18 -0.52151294E+19  0.00000000E+00  0.00000000E+00
  0.00000000E+00 -0.26075647E+19  0.59881653E+18 -0.26075647E+19  0.00000000E+00
 -0.18649408E+18 -0.21502097E+19 -0.26075647E+19  0.00000000E+00 -0.50865493E+18
 -0.26075647E+19  0.11953820E+19  0.26075647E+19  0.00000000E+00 -0.51797973E+03
  0.00000000E+00  0.00000000E+00  0.00000000E+00 -0.18657647E+19 -0.60282746E+19
 -0.62524106E+18  0.70238269E+18  0.14959502E+20 -0.62894603E+19 -0.29304570E+19
 -0.35012046E+20 -0.72061195E+20 -0.11779265E+21 -0.33558193E+21 -0.87867372E+21
 -0.14410504E+22 -0.45728954E+22 -0.10367555E+23 -0.20805063E+23 -0.20811714E+23
 -0.10341429E+23 -0.84747426E+21  0.85387212E+22  0.14792048E+23  0.25213963E+23
  0.28513277E+23  0.30850963E+23  0.36861513E+23  0.34253819E+23  0.36729844E+23
  0.41558164E+23  0.41733789E+23  0.39386468E+23  0.34358669E+23  0.33151485E+23
  0.21857976E+23  0.23548143E+23  0.26495891E+23  0.18327144E+23  0.17015802E+23
  0.11752204E+23  0.11477208E+23  0.10638456E+23  0.91741573E+22
  0.17045523E+19  0.18913231E+18 -0.46933527E+19  0.00000000E+00  0.00000000E+00
  0.00000000E+00 -0.20910218E+19 -0.65350341E+18 -0.17569070E+19 -0.10846126E+19
  0.00000000E+00 -0.54612056E+17 -0.26075647E+19  0.00000000E+00 -0.26075647E+19
 -0.16623964E+19 -0.13404860E+19  0.46031688E+19  0.21374093E+19 -0.17319227E+19
  0.00000000E+00  0.00000000E+00  0.00000000E+00 -0.54747297E+19 -0.51950004E+19
 -0.39481935E+18  0.13878041E+20  0.10436690E+19 -0.13015439E+20  0.31555403E+19
 -0.20764672E+20 -0.65539182E+20 -0.14441654E+21 -0.33544653E+21 -0.68350795E+21
 -0.15326098E+22 -0.42340048E+22 -0.93034715E+22 -0.17287821E+23 -0.11965973E+23
 -0.11497846E+22  0.97804533E+22  0.17118598E+23  0.24042967E+23  0.33508550E+23
  0.31188124E+23  0.39204543E+23  0.38772403E+23  0.37187201E+23  0.40036504E+23
  0.43588319E+23  0.38776207E+23  0.36042920E+23  0.37697730E+23  0.33142562E+23
  0.21724070E+23  0.20890691E+23  0.26231395E+23  0.23752698E+23  0.13402395E+23
  0.11990498E+23  0.15895387E+23  0.80077822E+22  0.10812163E+23
  0.26075647E+19  0.00000000E+00 -0.26075647E+19  0.00000000E+00  0.18807918E+19
  0.00000000E+00 -0.11137238E+19 -0.10675110E+19 -0.25912030E+04  0.00000000E+00
  0.00000000E+00  0.00000000E+00 -0.20889933E+19  0.00000000E+00 -0.18378078E+19
 -0.23680063E+19 -0.94578450E+18  0.25232653E+19  0.26075647E+19  0.48600377E+18
  0.00000000E+00  0.00000000E+00  0.00000000E+00 -0.58039777E+19 -0.63563584E+19
  0.00000000E+00  0.15930632E+20  0.74849867E+18 -0.59767223E+19  0.13551623E+19
  0.94198640E+19 -0.59237880E+20 -0.15943021E+21 -0.20594131E+21 -0.30490715E+21
 -0.10858132E+22 -0.35037480E+22 -0.63014942E+22 -0.10287970E+23 -0.29686929E+22
  0.11519438E+23  0.21160730E+23  0.21163436E+23  0.34753651E+23  0.40685076E+23
  0.40069206E+23  0.46848199E+23  0.40051991E+23  0.44944377E+23  0.41287986E+23
  0.43446465E+23  0.45407511E+23  0.40133425E+23  0.34934423E+23  0.30981485E+23
  0.26931075E+23  0.25136196E+23  0.26113587E+23  0.20361221E+23  0.19274666E+23
  0.18261971E+23  0.15605541E+23  0.12197193E+23  0.14948238E+23
  0.21724783E+19  0.57046683E+17 -0.12614740E+19  0.00000000E+00  0.24357990E+19
  0.16996940E+18  0.00000000E+00  0.39433708E+03  0.13801798E+04  0.00000000E+00
  0.00000000E+00  0.00000000E+00  0.00000000E+00  0.00000000E+00 -0.46518656E+18
 -0.21423781E+19  0.19734657E+19 -0.16299364E+19  0.25584456E+19  0.10472298E+19
  0.16360795E+19  0.00000000E+00  0.00000000E+00 -0.60556309E+19 -0.13798819E+19
  0.00000000E+00  0.19411648E+20  0.90680327E+18 -0.34262812E+19 -0.11621746E+20
 -0.75338370E+19 -0.60694379E+20 -0.96020106E+20 -0.83294305E+20 -0.13135674E+21
 -0.46676003E+21 -0.18428530E+22 -0.33550853E+22  0.84206976E+21  0.10730560E+23
  0.25166014E+23  0.32579287E+23  0.37604788E+23  0.41410386E+23  0.48279289E+23
  0.51191966E+23  0.50686048E+23  0.49846946E+23  0.52684521E+23  0.50974779E+23
  0.50810415E+23  0.44669941E+23  0.40799770E+23  0.42139268E+23  0.42127838E+23
  0.32350142E+23  0.26604026E+23  0.25096914E+23  0.21546820E+23  0.16403322E+23
  0.13607556E+23  0.14193127E+23  0.12875973E+23  0.15747505E+23
 -0.36007014E+03 -0.10577060E+04  0.27735933E+19  0.00000000E+00  0.00000000E+00
 -0.65304621E+18  0.00000000E+00  0.10802104E+04  0.00000000E+00  0.00000000E+00
  0.00000000E+00  0.00000000E+00  0.00000000E+00  0.00000000E+00  0.17367624E+19
 -0.34530819E+19  0.13935146E+19  0.36007014E+03 -0.18003507E+04  0.24952200E+18
  0.23047633E+19  0.00000000E+00  0.00000000E+00 -0.15597015E+19  0.00000000E+00
  0.45383818E+19  0.85072315E+19  0.00000000E+00 -0.14469467E+20  0.76964516E+18
  0.49961527E+20 -0.44830045E+20  0.52063770E+20 -0.85015540E+19  0.22466151E+21
  0.33160084E+21  0.90287555E+21  0.41603267E+22  0.18748134E+23  0.39271466E+23
  0.49354145E+23  0.51107828E+23  0.55107699E+23  0.57422714E+23  0.61317235E+23
  0.62581441E+23  0.62804950E+23  0.60548873E+23  0.60273896E+23  0.64189757E+23
  0.58623386E+23  0.53341810E+23  0.52467799E+23  0.48178868E+23  0.44851580E+23
  0.38415310E+23  0.35848081E+23  0.33669245E+23  0.28111398E+23  0.23284654E+23
  0.23728230E+23  0.19465758E+23  0.19333233E+23  0.18235558E+23
  0.00000000E+00  0.00000000E+00  0.00000000E+00  0.00000000E+00  0.00000000E+00
  0.00000000E+00  0.00000000E+00  0.00000000E+00  0.00000000E+00  0.00000000E+00
  0.00000000E+00  0.00000000E+00  0.00000000E+00  0.00000000E+00  0.00000000E+00
  0.00000000E+00  0.00000000E+00  0.00000000E+00  0.00000000E+00  0.00000000E+00
  0.00000000E+00  0.00000000E+00  0.00000000E+00  0.00000000E+00  0.00000000E+00
  0.00000000E+00  0.00000000E+00  0.28684628E+19  0.86721797E+17  0.00000000E+00
  0.00000000E+00  0.00000000E+00  0.31394899E+18  0.10828903E+18  0.22350784E+19
  0.29873916E+19  0.17850517E+20  0.42292576E+20  0.13363976E+21  0.26390259E+21
  0.11388278E+22  0.37228570E+22  0.16268426E+23  0.34480099E+23  0.42321471E+23
  0.48119208E+23  0.49165458E+23  0.50420743E+23  0.52368651E+23  0.56302999E+23
  0.53659956E+23  0.50033712E+23  0.48864655E+23  0.47088303E+23  0.47258305E+23
  0.40155108E+23  0.37214444E+23  0.33999958E+23  0.31548986E+23  0.28684554E+23
  0.25347246E+23  0.18465608E+23  0.13997246E+23  0.18374314E+23
  0.00000000E+00  0.00000000E+00  0.00000000E+00  0.00000000E+00  0.00000000E+00
  0.00000000E+00  0.00000000E+00  0.00000000E+00  0.00000000E+00  0.00000000E+00
  0.00000000E+00  0.00000000E+00  0.00000000E+00  0.00000000E+00  0.00000000E+00
  0.00000000E+00  0.00000000E+00  0.00000000E+00  0.00000000E+00  0.00000000E+00
  0.00000000E+00  0.00000000E+00  0.00000000E+00  0.00000000E+00  0.00000000E+00
  0.00000000E+00  0.00000000E+00  0.16222452E+18  0.00000000E+00  0.00000000E+00
  0.00000000E+00  0.00000000E+00  0.00000000E+00  0.00000000E+00  0.00000000E+00
  0.00000000E+00  0.00000000E+00  0.62882906E+19  0.32171126E+19  0.14897525E+20
  0.40712576E+20  0.68259574E+20  0.36934308E+22  0.20287528E+23  0.33716050E+23
  0.43275133E+23  0.45295481E+23  0.47955577E+23  0.49648192E+23  0.54155578E+23
  0.52072652E+23  0.47876185E+23  0.44923080E+23  0.40445283E+23  0.44728881E+23
  0.36106689E+23  0.32831637E+23  0.25328040E+23  0.28941509E+23  0.28169297E+23
  0.22532477E+23  0.17924871E+23  0.17363654E+23  0.19273437E+23
  0.00000000E+00  0.00000000E+00  0.00000000E+00  0.00000000E+00  0.00000000E+00
  0.00000000E+00  0.00000000E+00  0.00000000E+00  0.00000000E+00  0.00000000E+00
  0.00000000E+00  0.00000000E+00  0.00000000E+00  0.00000000E+00  0.00000000E+00
  0.00000000E+00  0.00000000E+00  0.00000000E+00  0.00000000E+00  0.00000000E+00
  0.00000000E+00  0.00000000E+00  0.00000000E+00  0.00000000E+00  0.00000000E+00
  0.00000000E+00  0.00000000E+00  0.00000000E+00  0.00000000E+00  0.00000000E+00
  0.00000000E+00  0.00000000E+00  0.00000000E+00  0.00000000E+00  0.00000000E+00
  0.00000000E+00  0.00000000E+00  0.00000000E+00  0.00000000E+00  0.42220490E+17
 -0.45828209E+20 -0.23930925E+21  0.67804594E+21  0.13853036E+23  0.28518324E+23
  0.37302503E+23  0.41963530E+23  0.43617195E+23  0.47303723E+23  0.51448819E+23
  0.49030940E+23  0.45470177E+23  0.40142145E+23  0.39539364E+23  0.39676928E+23
  0.29676624E+23  0.30306868E+23  0.26813355E+23  0.25818361E+23  0.26857628E+23
  0.21964509E+23  0.16973187E+23  0.18177497E+23  0.24502918E+23
  0.00000000E+00  0.00000000E+00  0.00000000E+00  0.00000000E+00  0.00000000E+00
  0.00000000E+00  0.00000000E+00  0.00000000E+00  0.00000000E+00  0.00000000E+00
  0.00000000E+00  0.00000000E+00  0.00000000E+00  0.00000000E+00  0.00000000E+00
  0.00000000E+00  0.00000000E+00  0.00000000E+00  0.00000000E+00  0.00000000E+00
  0.00000000E+00  0.00000000E+00  0.00000000E+00  0.00000000E+00  0.00000000E+00
  0.00000000E+00  0.00000000E+00  0.00000000E+00  0.00000000E+00  0.00000000E+00
  0.00000000E+00  0.00000000E+00  0.00000000E+00  0.00000000E+00  0.00000000E+00
  0.00000000E+00  0.00000000E+00  0.00000000E+00  0.00000000E+00  0.00000000E+00
 -0.19472725E+20 -0.25682622E+21 -0.70416167E+20  0.99466112E+22  0.25043413E+23
  0.32395151E+23  0.38107951E+23  0.40573282E+23  0.44562837E+23  0.48354583E+23
  0.45328200E+23  0.39197109E+23  0.37405983E+23  0.38699886E+23  0.33656111E+23
  0.28377300E+23  0.27127732E+23  0.24677488E+23  0.27615272E+23  0.23394938E+23
  0.24862299E+23  0.21280122E+23  0.23240326E+23  0.23306000E+23
  0.00000000E+00  0.00000000E+00  0.00000000E+00  0.00000000E+00  0.00000000E+00
  0.00000000E+00  0.00000000E+00  0.00000000E+00  0.00000000E+00  0.00000000E+00
  0.00000000E+00  0.00000000E+00  0.00000000E+00  0.00000000E+00  0.00000000E+00
  0.00000000E+00  0.00000000E+00  0.00000000E+00  0.00000000E+00  0.00000000E+00
  0.00000000E+00  0.00000000E+00  0.00000000E+00  0.00000000E+00  0.00000000E+00
  0.00000000E+00  0.00000000E+00  0.00000000E+00  0.00000000E+00  0.00000000E+00
  0.00000000E+00  0.00000000E+00  0.00000000E+00  0.00000000E+00  0.00000000E+00
  0.00000000E+00  0.00000000E+00  0.00000000E+00  0.00000000E+00  0.21257261E+19
 -0.95186816E+19 -0.24609167E+21 -0.59128936E+21  0.77544956E+22  0.22320447E+23
  0.28336807E+23  0.35133255E+23  0.38406835E+23  0.40626745E+23  0.41392765E+23
  0.42009818E+23  0.39371218E+23  0.36267815E+23  0.34194921E+23  0.29092344E+23
  0.24351888E+23  0.25245739E+23  0.24874623E+23  0.24600491E+23  0.25207456E+23
  0.26148310E+23  0.26790661E+23  0.23642037E+23  0.22970865E+23
  0.00000000E+00  0.00000000E+00  0.00000000E+00  0.00000000E+00  0.00000000E+00
  0.00000000E+00  0.00000000E+00  0.00000000E+00  0.00000000E+00  0.00000000E+00
  0.00000000E+00  0.00000000E+00  0.00000000E+00  0.00000000E+00  0.00000000E+00
  0.00000000E+00  0.00000000E+00  0.00000000E+00  0.00000000E+00  0.00000000E+00
  0.00000000E+00  0.00000000E+00  0.00000000E+00  0.00000000E+00  0.00000000E+00
  0.00000000E+00  0.00000000E+00  0.00000000E+00  0.00000000E+00  0.00000000E+00
  0.00000000E+00  0.00000000E+00  0.00000000E+00  0.00000000E+00  0.00000000E+00
  0.00000000E+00  0.00000000E+00  0.00000000E+00  0.00000000E+00  0.00000000E+00
 -0.22195185E+19 -0.94800885E+20 -0.20636633E+21  0.53350683E+22  0.18505440E+23
  0.26033443E+23  0.32748286E+23  0.36888461E+23  0.35222575E+23  0.35659621E+23
  0.40346960E+23  0.35950528E+23  0.33771967E+23  0.32158942E+23  0.26788310E+23
  0.25890532E+23  0.25194736E+23  0.21759931E+23  0.24467820E+23  0.22081931E+23
  0.27977463E+23  0.25417015E+23  0.26028179E+23  0.24187105E+23
  0.00000000E+00  0.00000000E+00  0.00000000E+00  0.00000000E+00  0.00000000E+00
  0.00000000E+00  0.00000000E+00  0.00000000E+00  0.00000000E+00  0.00000000E+00
  0.00000000E+00  0.00000000E+00  0.00000000E+00  0.00000000E+00  0.00000000E+00
  0.00000000E+00  0.00000000E+00  0.00000000E+00  0.00000000E+00  0.00000000E+00
  0.00000000E+00  0.00000000E+00  0.00000000E+00  0.00000000E+00  0.00000000E+00
  0.00000000E+00  0.00000000E+00  0.00000000E+00  0.00000000E+00  0.00000000E+00
  0.00000000E+00  0.00000000E+00  0.00000000E+00  0.00000000E+00  0.00000000E+00
  0.00000000E+00  0.00000000E+00  0.00000000E+00  0.00000000E+00  0.00000000E+00
 -0.25107602E+19 -0.55358768E+20 -0.24323780E+21  0.41390262E+22  0.15190622E+23
  0.24256524E+23  0.28096171E+23  0.35358188E+23  0.33217975E+23  0.34189946E+23
  0.35748658E+23  0.31808088E+23  0.31862278E+23  0.29954201E+23  0.24145915E+23
  0.29913414E+23  0.24994353E+23  0.21886514E+23  0.22957077E+23  0.22850842E+23
  0.25250360E+23  0.24043123E+23  0.27636375E+23  0.27635850E+23
  0.00000000E+00  0.00000000E+00  0.00000000E+00  0.00000000E+00  0.00000000E+00
  0.00000000E+00  0.00000000E+00  0.00000000E+00  0.00000000E+00  0.00000000E+00
  0.00000000E+00  0.00000000E+00  0.00000000E+00  0.00000000E+00  0.00000000E+00
  0.00000000E+00  0.00000000E+00  0.00000000E+00  0.00000000E+00  0.00000000E+00
  0.00000000E+00  0.00000000E+00  0.00000000E+00  0.00000000E+00  0.00000000E+00
  0.00000000E+00  0.00000000E+00  0.00000000E+00  0.00000000E+00  0.00000000E+00
  0.00000000E+00  0.00000000E+00  0.00000000E+00  0.00000000E+00  0.00000000E+00
  0.00000000E+00  0.00000000E+00  0.00000000E+00  0.00000000E+00 -0.83313808E+18
 -0.15060863E+19 -0.10121387E+21 -0.62963898E+21  0.26276302E+22  0.13765718E+23
  0.22032370E+23  0.24313219E+23  0.31140864E+23  0.31439023E+23  0.33599913E+23
  0.30879685E+23  0.30238923E+23  0.31617039E+23  0.27915762E+23  0.24609451E+23
  0.28108498E+23  0.24738494E+23  0.24330599E+23  0.20322192E+23  0.20632519E+23
  0.23770551E+23  0.25619818E+23  0.21706074E+23  0.30959978E+23
  0.00000000E+00  0.00000000E+00  0.00000000E+00  0.00000000E+00  0.00000000E+00
  0.00000000E+00  0.00000000E+00  0.00000000E+00  0.00000000E+00  0.00000000E+00
  0.00000000E+00  0.00000000E+00  0.00000000E+00  0.00000000E+00  0.00000000E+00
  0.00000000E+00  0.00000000E+00  0.00000000E+00  0.00000000E+00  0.00000000E+00
  0.00000000E+00  0.00000000E+00  0.00000000E+00  0.00000000E+00  0.00000000E+00
  0.00000000E+00  0.00000000E+00  0.00000000E+00  0.00000000E+00  0.00000000E+00
  0.00000000E+00  0.00000000E+00  0.00000000E+00  0.00000000E+00  0.00000000E+00
  0.00000000E+00  0.00000000E+00  0.00000000E+00  0.00000000E+00 -0.12280926E+17
 -0.94676711E+18 -0.33054362E+20 -0.53090766E+21  0.23946411E+22  0.12867097E+23
  0.18134645E+23  0.21939423E+23  0.28191177E+23  0.29175097E+23  0.30926897E+23
  0.29660875E+23  0.25724539E+23  0.31389698E+23  0.26192734E+23  0.26275521E+23
  0.27195793E+23  0.24793358E+23  0.25188448E+23  0.24038575E+23  0.20154946E+23
  0.19872639E+23  0.19884400E+23  0.23640033E+23  0.26221840E+23
  0.00000000E+00  0.00000000E+00  0.00000000E+00  0.00000000E+00  0.00000000E+00
  0.00000000E+00  0.00000000E+00  0.00000000E+00  0.00000000E+00  0.00000000E+00
  0.00000000E+00  0.00000000E+00  0.00000000E+00  0.00000000E+00  0.00000000E+00
  0.00000000E+00  0.00000000E+00  0.00000000E+00  0.00000000E+00  0.00000000E+00
  0.00000000E+00  0.00000000E+00  0.00000000E+00  0.00000000E+00  0.00000000E+00
  0.00000000E+00  0.00000000E+00  0.00000000E+00  0.00000000E+00  0.00000000E+00
  0.00000000E+00  0.00000000E+00  0.00000000E+00  0.00000000E+00  0.00000000E+00
  0.00000000E+00  0.00000000E+00  0.00000000E+00  0.00000000E+00  0.00000000E+00
 -0.17833024E+19 -0.58885842E+19 -0.50950537E+21  0.34111443E+21  0.11015944E+23
  0.15473669E+23  0.20159190E+23  0.26212351E+23  0.27004502E+23  0.25614224E+23
  0.29507428E+23  0.25840686E+23  0.27072533E+23  0.27133022E+23  0.26007309E+23
  0.26873804E+23  0.26252739E+23  0.22165106E+23  0.22604662E+23  0.21240291E+23
  0.24540951E+23  0.18409659E+23  0.23540119E+23  0.21920207E+23
  0.00000000E+00  0.00000000E+00  0.00000000E+00  0.00000000E+00  0.00000000E+00
  0.00000000E+00  0.00000000E+00  0.00000000E+00  0.00000000E+00  0.00000000E+00
  0.00000000E+00  0.00000000E+00  0.00000000E+00  0.00000000E+00  0.00000000E+00
  0.00000000E+00  0.00000000E+00  0.00000000E+00  0.00000000E+00  0.00000000E+00
  0.00000000E+00  0.00000000E+00  0.00000000E+00  0.00000000E+00  0.00000000E+00
  0.00000000E+00  0.00000000E+00  0.00000000E+00  0.00000000E+00  0.00000000E+00
  0.00000000E+00  0.00000000E+00  0.00000000E+00  0.00000000E+00  0.00000000E+00
  0.00000000E+00  0.00000000E+00  0.00000000E+00  0.00000000E+00  0.00000000E+00
 -0.59145521E+19 -0.36173382E+20 -0.69389954E+21 -0.50317713E+20  0.88773630E+22
  0.12424250E+23  0.18778715E+23  0.24009956E+23  0.24072146E+23  0.22426681E+23
  0.28616537E+23  0.24887795E+23  0.27254150E+23  0.26828375E+23  0.25860102E+23
  0.25323019E+23  0.27208933E+23  0.22821392E+23  0.22626779E+23  0.19315767E+23
  0.24734887E+23  0.17090021E+23  0.24333155E+23  0.22607465E+23
  0.00000000E+00  0.00000000E+00  0.00000000E+00  0.00000000E+00  0.00000000E+00
  0.00000000E+00  0.00000000E+00  0.00000000E+00  0.00000000E+00  0.00000000E+00
  0.00000000E+00  0.00000000E+00  0.00000000E+00  0.00000000E+00  0.00000000E+00
  0.00000000E+00  0.00000000E+00  0.00000000E+00  0.00000000E+00  0.00000000E+00
  0.00000000E+00  0.00000000E+00  0.00000000E+00  0.00000000E+00  0.00000000E+00
  0.00000000E+00  0.00000000E+00  0.00000000E+00  0.00000000E+00  0.00000000E+00
  0.00000000E+00  0.00000000E+00  0.00000000E+00  0.00000000E+00  0.00000000E+00
  0.00000000E+00  0.00000000E+00  0.00000000E+00  0.00000000E+00  0.00000000E+00
 -0.45591389E+19 -0.12982676E+19 -0.85138483E+21 -0.67837696E+21  0.62771294E+22
  0.11023769E+23  0.18071659E+23  0.20836920E+23  0.24046094E+23  0.19659893E+23
  0.25679503E+23  0.25225771E+23  0.28201457E+23  0.23329154E+23  0.26466806E+23
  0.25404546E+23  0.25426912E+23  0.27048145E+23  0.20703130E+23  0.23188014E+23
  0.17570087E+23  0.18367016E+23  0.26162595E+23  0.21224576E+23
  0.00000000E+00  0.00000000E+00  0.00000000E+00  0.00000000E+00  0.00000000E+00
  0.00000000E+00  0.00000000E+00  0.00000000E+00  0.00000000E+00  0.00000000E+00
  0.00000000E+00  0.00000000E+00  0.00000000E+00  0.00000000E+00  0.00000000E+00
  0.00000000E+00  0.00000000E+00  0.00000000E+00  0.00000000E+00  0.00000000E+00
  0.00000000E+00  0.00000000E+00  0.00000000E+00  0.00000000E+00  0.00000000E+00
  0.00000000E+00  0.00000000E+00  0.00000000E+00  0.00000000E+00  0.00000000E+00
  0.00000000E+00  0.00000000E+00  0.00000000E+00  0.00000000E+00  0.00000000E+00
  0.00000000E+00  0.00000000E+00  0.00000000E+00  0.00000000E+00  0.00000000E+00
  0.74652000E+19 -0.29865738E+20 -0.93943163E+21 -0.19168136E+22  0.49413699E+22
  0.10543960E+23  0.15624041E+23  0.18159816E+23  0.22994202E+23  0.18564056E+23
  0.23022318E+23  0.25041783E+23  0.26239023E+23  0.24450464E+23  0.25581219E+23
  0.25980250E+23  0.25269101E+23  0.25928206E+23  0.18890088E+23  0.21008547E+23
  0.20050176E+23  0.17158385E+23  0.22652585E+23  0.24270544E+23
  0.00000000E+00  0.00000000E+00  0.00000000E+00  0.00000000E+00  0.00000000E+00
  0.00000000E+00  0.00000000E+00  0.00000000E+00  0.00000000E+00  0.00000000E+00
  0.00000000E+00  0.00000000E+00  0.00000000E+00  0.00000000E+00  0.00000000E+00
  0.00000000E+00  0.00000000E+00  0.00000000E+00  0.00000000E+00  0.00000000E+00
  0.00000000E+00  0.00000000E+00  0.00000000E+00  0.00000000E+00  0.00000000E+00
  0.00000000E+00  0.00000000E+00  0.00000000E+00  0.00000000E+00  0.00000000E+00
  0.00000000E+00  0.00000000E+00  0.00000000E+00  0.00000000E+00  0.00000000E+00
  0.00000000E+00  0.00000000E+00  0.00000000E+00  0.00000000E+00  0.66781543E+18
  0.22829544E+19 -0.95164038E+20 -0.81605719E+21 -0.26843026E+22  0.28677759E+22
  0.99251384E+22  0.12442816E+23  0.16142183E+23  0.20935519E+23  0.19016437E+23
  0.20952542E+23  0.25294086E+23  0.23652915E+23  0.25358817E+23  0.24903180E+23
  0.24577299E+23  0.26097788E+23  0.20379320E+23  0.22552404E+23  0.17945184E+23
  0.18996483E+23  0.18238580E+23  0.20552879E+23  0.25792770E+23
  0.00000000E+00  0.00000000E+00  0.00000000E+00  0.00000000E+00  0.00000000E+00
  0.00000000E+00  0.00000000E+00  0.00000000E+00  0.00000000E+00  0.00000000E+00
  0.00000000E+00  0.00000000E+00  0.00000000E+00  0.00000000E+00  0.00000000E+00
  0.00000000E+00  0.00000000E+00  0.00000000E+00  0.00000000E+00  0.00000000E+00
  0.00000000E+00  0.00000000E+00  0.00000000E+00  0.00000000E+00  0.00000000E+00
  0.00000000E+00  0.00000000E+00  0.00000000E+00  0.00000000E+00  0.00000000E+00
  0.00000000E+00  0.00000000E+00  0.00000000E+00  0.00000000E+00  0.00000000E+00
  0.00000000E+00  0.00000000E+00  0.00000000E+00  0.00000000E+00 -0.34813682E+19
  0.00000000E+00 -0.85431666E+20 -0.88798119E+21 -0.31228611E+22 -0.10462861E+22
  0.87879522E+22  0.92696702E+22  0.14673339E+23  0.20113959E+23  0.19237619E+23
  0.17654849E+23  0.23773259E+23  0.23472208E+23  0.24389215E+23  0.24616397E+23
  0.22064648E+23  0.25993639E+23  0.19206005E+23  0.17966198E+23  0.24681470E+23
  0.18844152E+23  0.21113092E+23  0.18425244E+23  0.18402067E+23
  0.00000000E+00  0.00000000E+00  0.00000000E+00  0.00000000E+00  0.00000000E+00
  0.00000000E+00  0.00000000E+00  0.00000000E+00  0.00000000E+00  0.00000000E+00
  0.00000000E+00  0.00000000E+00  0.00000000E+00  0.00000000E+00  0.00000000E+00
  0.00000000E+00  0.00000000E+00  0.00000000E+00  0.00000000E+00  0.00000000E+00
  0.00000000E+00  0.00000000E+00  0.00000000E+00  0.00000000E+00  0.00000000E+00
  0.00000000E+00  0.00000000E+00  0.00000000E+00  0.00000000E+00  0.00000000E+00
  0.00000000E+00  0.00000000E+00  0.00000000E+00  0.00000000E+00  0.00000000E+00
  0.00000000E+00  0.00000000E+00  0.00000000E+00  0.00000000E+00 -0.53803629E+18
 -0.13737811E+20 -0.11961931E+21 -0.12535208E+22 -0.46019577E+22 -0.38168094E+22
  0.60297201E+22  0.84040439E+22  0.13212304E+23  0.16774964E+23  0.18695993E+23
  0.16267610E+23  0.21719903E+23  0.25715433E+23  0.23920205E+23  0.22514019E+23
  0.21277079E+23  0.22755904E+23  0.17547494E+23  0.17627411E+23  0.24611615E+23
  0.19330389E+23  0.19373904E+23  0.22457001E+23  0.17050321E+23
  0.00000000E+00  0.00000000E+00  0.00000000E+00  0.00000000E+00  0.00000000E+00
  0.00000000E+00  0.00000000E+00  0.00000000E+00  0.00000000E+00  0.00000000E+00
  0.00000000E+00  0.00000000E+00  0.00000000E+00  0.00000000E+00  0.00000000E+00
  0.00000000E+00  0.00000000E+00  0.00000000E+00  0.00000000E+00  0.00000000E+00
  0.00000000E+00  0.00000000E+00  0.00000000E+00  0.00000000E+00  0.00000000E+00
  0.00000000E+00  0.00000000E+00  0.00000000E+00  0.00000000E+00  0.00000000E+00
  0.00000000E+00  0.00000000E+00  0.00000000E+00  0.00000000E+00  0.00000000E+00
  0.00000000E+00  0.00000000E+00  0.00000000E+00  0.00000000E+00 -0.19701251E+19
 -0.12056328E+20 -0.19578368E+21 -0.21126642E+22 -0.63007229E+22 -0.61527865E+22
  0.28502047E+22  0.67813051E+22  0.12905748E+23  0.14665267E+23  0.16020846E+23
  0.17711338E+23  0.19299999E+23  0.24743633E+23  0.23547838E+23  0.20536817E+23
  0.18776491E+23  0.21188584E+23  0.18777365E+23  0.21016088E+23  0.19734477E+23
  0.22563936E+23  0.17735815E+23  0.22660317E+23  0.15420957E+23
  0.00000000E+00  0.00000000E+00  0.00000000E+00  0.00000000E+00  0.00000000E+00
  0.00000000E+00  0.00000000E+00  0.00000000E+00  0.00000000E+00  0.00000000E+00
  0.00000000E+00  0.00000000E+00  0.00000000E+00  0.00000000E+00  0.00000000E+00
  0.00000000E+00  0.00000000E+00  0.00000000E+00  0.00000000E+00  0.00000000E+00
  0.00000000E+00  0.00000000E+00  0.00000000E+00  0.00000000E+00  0.00000000E+00
  0.00000000E+00  0.00000000E+00  0.00000000E+00  0.00000000E+00  0.00000000E+00
  0.00000000E+00  0.00000000E+00  0.00000000E+00  0.00000000E+00  0.00000000E+00
  0.00000000E+00  0.00000000E+00  0.00000000E+00  0.00000000E+00 -0.11333761E+19
 -0.19300670E+20 -0.30196074E+21 -0.27004119E+22 -0.86295653E+22 -0.76386685E+22
 -0.17268278E+22  0.70381321E+22  0.12235188E+23  0.12725329E+23  0.12220388E+23
  0.18510236E+23  0.17934913E+23  0.22141816E+23  0.23099557E+23  0.21468940E+23
  0.17168690E+23  0.18876613E+23  0.20199237E+23  0.17855483E+23  0.21639080E+23
  0.20805428E+23  0.18321191E+23  0.19420135E+23  0.13505250E+23
  0.00000000E+00  0.00000000E+00  0.00000000E+00  0.00000000E+00  0.00000000E+00
  0.00000000E+00  0.00000000E+00  0.00000000E+00  0.00000000E+00  0.00000000E+00
  0.00000000E+00  0.00000000E+00  0.00000000E+00  0.00000000E+00  0.00000000E+00
  0.00000000E+00  0.00000000E+00  0.00000000E+00  0.00000000E+00  0.00000000E+00
  0.00000000E+00  0.00000000E+00  0.00000000E+00  0.00000000E+00  0.00000000E+00
  0.00000000E+00  0.00000000E+00  0.00000000E+00  0.00000000E+00  0.00000000E+00
  0.00000000E+00  0.00000000E+00  0.00000000E+00  0.00000000E+00  0.00000000E+00
  0.00000000E+00  0.00000000E+00  0.00000000E+00  0.00000000E+00 -0.14536821E+18
 -0.59296317E+20 -0.61536399E+21 -0.40532868E+22 -0.10644755E+23 -0.10705042E+23
 -0.24311489E+22  0.45805384E+22  0.10990786E+23  0.11185831E+23  0.12676957E+23
  0.14532951E+23  0.17461530E+23  0.19230134E+23  0.21296489E+23  0.21512057E+23
  0.18797783E+23  0.15986468E+23  0.18175144E+23  0.19569255E+23  0.21963171E+23
  0.16505871E+23  0.21785747E+23  0.19116244E+23  0.16610234E+23
  0.00000000E+00  0.00000000E+00  0.00000000E+00  0.00000000E+00  0.00000000E+00
  0.00000000E+00  0.00000000E+00  0.00000000E+00  0.00000000E+00  0.00000000E+00
  0.00000000E+00  0.00000000E+00  0.00000000E+00  0.00000000E+00  0.00000000E+00
  0.00000000E+00  0.00000000E+00  0.00000000E+00  0.00000000E+00  0.00000000E+00
  0.00000000E+00  0.00000000E+00  0.00000000E+00  0.00000000E+00  0.00000000E+00
  0.00000000E+00  0.00000000E+00  0.00000000E+00  0.00000000E+00  0.00000000E+00
  0.00000000E+00  0.00000000E+00  0.00000000E+00  0.00000000E+00  0.00000000E+00
  0.00000000E+00  0.00000000E+00  0.00000000E+00  0.00000000E+00 -0.77351938E+19
 -0.80998507E+20 -0.12535422E+22 -0.64954602E+22 -0.13327406E+23 -0.11028394E+23
 -0.58084033E+22  0.43354927E+22  0.70974090E+22  0.11127624E+23  0.12954415E+23
  0.11939547E+23  0.13834172E+23  0.18997317E+23  0.20239039E+23  0.18170756E+23
  0.18520525E+23  0.17981845E+23  0.18460881E+23  0.21531133E+23  0.16311837E+23
  0.17725079E+23  0.16849051E+23  0.21567081E+23  0.11943679E+23
  0.00000000E+00  0.00000000E+00  0.00000000E+00  0.00000000E+00  0.00000000E+00
  0.00000000E+00  0.00000000E+00  0.00000000E+00  0.00000000E+00  0.00000000E+00
  0.00000000E+00  0.00000000E+00  0.00000000E+00  0.00000000E+00  0.00000000E+00
  0.00000000E+00  0.00000000E+00  0.00000000E+00  0.00000000E+00  0.00000000E+00
  0.00000000E+00  0.00000000E+00  0.00000000E+00  0.00000000E+00  0.00000000E+00
  0.00000000E+00  0.00000000E+00  0.00000000E+00  0.00000000E+00  0.00000000E+00
  0.00000000E+00  0.00000000E+00  0.00000000E+00  0.00000000E+00  0.00000000E+00
  0.00000000E+00  0.00000000E+00  0.00000000E+00 -0.66124952E+18 -0.13260392E+20
 -0.29204267E+21 -0.22199756E+22 -0.91830348E+22 -0.15867987E+23 -0.12734154E+23
 -0.63355156E+22  0.86583319E+21  0.60815867E+22  0.10134157E+23  0.93926107E+22
  0.13240658E+23  0.13872780E+23  0.14571094E+23  0.17161610E+23  0.18283600E+23
  0.17049524E+23  0.16654449E+23  0.20419670E+23  0.14597600E+23  0.16308375E+23
  0.15235397E+23  0.15072549E+23  0.17202597E+23  0.12233168E+23
  0.00000000E+00  0.00000000E+00  0.00000000E+00  0.00000000E+00  0.00000000E+00
  0.00000000E+00  0.00000000E+00  0.00000000E+00  0.00000000E+00  0.00000000E+00
  0.00000000E+00  0.00000000E+00  0.00000000E+00  0.00000000E+00  0.00000000E+00
  0.00000000E+00  0.00000000E+00  0.00000000E+00  0.00000000E+00  0.00000000E+00
  0.00000000E+00  0.00000000E+00  0.00000000E+00  0.00000000E+00  0.00000000E+00
  0.00000000E+00  0.00000000E+00  0.00000000E+00  0.00000000E+00  0.00000000E+00
  0.00000000E+00  0.00000000E+00  0.00000000E+00  0.00000000E+00  0.00000000E+00
  0.00000000E+00  0.00000000E+00  0.00000000E+00 -0.36013414E+19 -0.74671402E+20
 -0.54194746E+21 -0.34541082E+22 -0.12738055E+23 -0.17267056E+23 -0.14459817E+23
 -0.65956790E+22  0.33524034E+21  0.37889847E+22  0.65060521E+22  0.99807128E+22
  0.11071616E+23  0.13128073E+23  0.12465217E+23  0.17282491E+23  0.14968737E+23
  0.13504424E+23  0.14074135E+23  0.19030961E+23  0.17617549E+23  0.16411052E+23
  0.10122815E+23  0.11812082E+23  0.13803554E+23  0.12573328E+23
  0.00000000E+00  0.00000000E+00  0.00000000E+00  0.00000000E+00  0.00000000E+00
  0.00000000E+00  0.00000000E+00  0.00000000E+00  0.00000000E+00  0.00000000E+00
  0.00000000E+00  0.00000000E+00  0.00000000E+00  0.00000000E+00  0.00000000E+00
  0.00000000E+00  0.00000000E+00  0.00000000E+00  0.00000000E+00  0.00000000E+00
  0.00000000E+00  0.00000000E+00  0.00000000E+00  0.00000000E+00  0.00000000E+00
  0.00000000E+00  0.00000000E+00  0.00000000E+00  0.00000000E+00  0.00000000E+00
  0.00000000E+00  0.00000000E+00  0.00000000E+00  0.00000000E+00  0.00000000E+00
  0.00000000E+00  0.00000000E+00  0.00000000E+00 -0.26812161E+20 -0.11871370E+21
 -0.10252832E+22 -0.63945318E+22 -0.15457114E+23 -0.17659904E+23 -0.14840247E+23
 -0.74912815E+22  0.20541486E+21  0.14938324E+22  0.48777696E+22  0.78047836E+22
  0.10544796E+23  0.10211596E+23  0.12891780E+23  0.14025586E+23  0.12370457E+23
  0.13784498E+23  0.13526863E+23  0.12908872E+23  0.14428007E+23  0.16026416E+23
  0.15600611E+23  0.14282421E+23  0.91603923E+22  0.72059353E+22
  0.00000000E+00  0.00000000E+00  0.00000000E+00  0.00000000E+00  0.00000000E+00
  0.00000000E+00  0.00000000E+00  0.00000000E+00  0.00000000E+00  0.00000000E+00
  0.00000000E+00  0.00000000E+00  0.00000000E+00  0.00000000E+00  0.00000000E+00
  0.00000000E+00  0.00000000E+00  0.00000000E+00  0.00000000E+00  0.00000000E+00
  0.00000000E+00  0.00000000E+00  0.00000000E+00  0.00000000E+00  0.00000000E+00
  0.00000000E+00  0.00000000E+00  0.00000000E+00  0.00000000E+00  0.00000000E+00
  0.00000000E+00  0.00000000E+00  0.00000000E+00  0.00000000E+00  0.00000000E+00
  0.00000000E+00  0.00000000E+00 -0.10629272E+19 -0.17743170E+20 -0.39316363E+21
 -0.22707132E+22 -0.96964377E+22 -0.17344051E+23 -0.18561856E+23 -0.13168945E+23
 -0.94040352E+22 -0.16335348E+22 -0.70788095E+21  0.43634088E+22  0.51480351E+22
  0.78060041E+22  0.77593591E+22  0.13800604E+23  0.11636763E+23  0.10284353E+23
  0.12076456E+23  0.10610084E+23  0.12953098E+23  0.17511529E+23  0.10516613E+23
  0.13333485E+23  0.77598236E+22  0.72817235E+22  0.59403582E+21
  0.00000000E+00  0.00000000E+00  0.00000000E+00  0.00000000E+00  0.00000000E+00
  0.00000000E+00  0.00000000E+00  0.00000000E+00  0.00000000E+00  0.00000000E+00
  0.00000000E+00  0.00000000E+00  0.00000000E+00  0.00000000E+00  0.00000000E+00
  0.00000000E+00  0.00000000E+00  0.00000000E+00  0.00000000E+00  0.00000000E+00
  0.00000000E+00  0.00000000E+00  0.00000000E+00  0.00000000E+00  0.00000000E+00
  0.00000000E+00  0.00000000E+00  0.00000000E+00  0.00000000E+00  0.00000000E+00
  0.00000000E+00  0.00000000E+00  0.00000000E+00  0.00000000E+00  0.00000000E+00
  0.00000000E+00  0.00000000E+00 -0.13030281E+19 -0.53795966E+20 -0.63757667E+21
 -0.44128242E+22 -0.13521198E+23 -0.18691902E+23 -0.17050719E+23 -0.14709099E+23
 -0.85032968E+22 -0.58697871E+22 -0.10588640E+22  0.27074008E+22  0.20837286E+22
  0.87292265E+22  0.42354736E+22  0.86593537E+22  0.88039597E+22  0.12049782E+23
  0.10221527E+23  0.10055580E+23  0.10668529E+23  0.11654711E+23  0.89820109E+22
  0.89217074E+22  0.11228395E+22  0.14256045E+22  0.11643880E+22
  0.00000000E+00  0.00000000E+00  0.00000000E+00  0.00000000E+00  0.00000000E+00
  0.00000000E+00  0.00000000E+00  0.00000000E+00  0.00000000E+00  0.00000000E+00
  0.00000000E+00  0.00000000E+00  0.00000000E+00  0.00000000E+00  0.00000000E+00
  0.00000000E+00  0.00000000E+00  0.00000000E+00  0.00000000E+00  0.00000000E+00
  0.00000000E+00  0.00000000E+00  0.00000000E+00  0.00000000E+00  0.00000000E+00
  0.00000000E+00  0.00000000E+00  0.00000000E+00  0.00000000E+00  0.00000000E+00
  0.00000000E+00  0.00000000E+00  0.00000000E+00  0.00000000E+00  0.00000000E+00
  0.00000000E+00 -0.17784074E+19 -0.10577377E+20 -0.98150264E+20 -0.11783336E+22
 -0.68077811E+22 -0.15554205E+23 -0.18274081E+23 -0.17925893E+23 -0.13505207E+23
 -0.11551255E+23 -0.72043070E+22 -0.35181375E+22 -0.14938744E+22  0.41061642E+22
  0.46176464E+22  0.23951808E+22  0.64373160E+22  0.78176595E+22  0.67362983E+22
  0.57393683E+22  0.90596874E+22  0.64319130E+22  0.26291422E+22  0.48779496E+22
  0.59437131E+22  0.76652292E+21  0.12248872E+22  0.63554618E+21
  0.00000000E+00  0.00000000E+00  0.00000000E+00  0.00000000E+00  0.00000000E+00
  0.00000000E+00  0.00000000E+00  0.00000000E+00  0.00000000E+00  0.00000000E+00
  0.00000000E+00  0.00000000E+00  0.00000000E+00  0.00000000E+00  0.00000000E+00
  0.00000000E+00  0.00000000E+00  0.00000000E+00  0.00000000E+00  0.00000000E+00
  0.00000000E+00  0.00000000E+00  0.00000000E+00  0.00000000E+00  0.00000000E+00
  0.00000000E+00  0.00000000E+00  0.00000000E+00  0.00000000E+00  0.00000000E+00
  0.00000000E+00  0.00000000E+00  0.00000000E+00  0.00000000E+00  0.00000000E+00
  0.00000000E+00 -0.15672100E+19 -0.16557582E+20 -0.15425494E+21 -0.19304928E+22
 -0.89897409E+22 -0.16885499E+23 -0.18732391E+23 -0.18097801E+23 -0.15000297E+23
 -0.11767654E+23 -0.11185080E+23 -0.62395042E+22 -0.33132799E+22 -0.14688556E+22
  0.20098299E+22  0.40620091E+22  0.32591288E+22  0.58877866E+22  0.27725592E+22
  0.35188266E+22  0.19301961E+22  0.12081039E+22  0.35035362E+21  0.63895819E+21
 -0.12081164E+22  0.27399519E+22 -0.49608864E+22 -0.58763647E+22
  0.00000000E+00  0.00000000E+00  0.00000000E+00  0.00000000E+00  0.00000000E+00
  0.00000000E+00  0.00000000E+00  0.00000000E+00  0.00000000E+00  0.00000000E+00
  0.00000000E+00  0.00000000E+00  0.00000000E+00  0.00000000E+00  0.00000000E+00
  0.00000000E+00  0.00000000E+00  0.00000000E+00  0.00000000E+00  0.00000000E+00
  0.00000000E+00  0.00000000E+00  0.00000000E+00  0.00000000E+00  0.00000000E+00
  0.00000000E+00  0.00000000E+00  0.00000000E+00  0.00000000E+00  0.00000000E+00
  0.00000000E+00  0.00000000E+00  0.00000000E+00  0.00000000E+00  0.00000000E+00
 -0.16551429E+18 -0.24005816E+17  0.62489219E+18 -0.27801218E+21 -0.28765179E+22
 -0.10293489E+23 -0.18466792E+23 -0.21275822E+23 -0.17530612E+23 -0.16974488E+23
 -0.14162942E+23 -0.12286926E+23 -0.10611120E+23 -0.79115025E+22 -0.57077375E+22
 -0.15324445E+22 -0.95626452E+21 -0.23246037E+22 -0.75197798E+21  0.19619532E+22
  0.87225191E+21 -0.13913228E+22 -0.22944932E+22  0.24852238E+21  0.22852332E+22
 -0.34688577E+22 -0.50783565E+22 -0.22674100E+22 -0.76958869E+22
  0.00000000E+00  0.00000000E+00  0.00000000E+00  0.00000000E+00  0.00000000E+00
  0.00000000E+00  0.00000000E+00  0.00000000E+00  0.00000000E+00  0.00000000E+00
  0.00000000E+00  0.00000000E+00  0.00000000E+00  0.00000000E+00  0.00000000E+00
  0.00000000E+00  0.00000000E+00  0.00000000E+00  0.00000000E+00  0.00000000E+00
  0.00000000E+00  0.00000000E+00  0.00000000E+00  0.00000000E+00  0.00000000E+00
  0.00000000E+00  0.00000000E+00  0.00000000E+00  0.00000000E+00  0.00000000E+00
  0.00000000E+00  0.00000000E+00  0.00000000E+00  0.00000000E+00  0.00000000E+00
  0.00000000E+00  0.14975102E+19  0.41853346E+20  0.34261563E+19 -0.35914086E+22
 -0.12132004E+23 -0.19206340E+23 -0.23623946E+23 -0.19719261E+23 -0.18053492E+23
 -0.17337175E+23 -0.16016768E+23 -0.16465529E+23 -0.11425038E+23 -0.95652336E+22
 -0.87611980E+22 -0.70789036E+22 -0.68702165E+22 -0.27980030E+22 -0.25967746E+22
 -0.49599277E+22 -0.18962145E+22 -0.50584263E+21 -0.26412911E+22 -0.77903275E+21
 -0.41542388E+22 -0.64010441E+22 -0.10142217E+23 -0.99691381E+22
  0.00000000E+00  0.00000000E+00  0.00000000E+00  0.00000000E+00  0.00000000E+00
  0.00000000E+00  0.00000000E+00  0.00000000E+00  0.00000000E+00  0.00000000E+00
  0.00000000E+00  0.00000000E+00  0.00000000E+00  0.00000000E+00  0.00000000E+00
  0.00000000E+00  0.00000000E+00  0.00000000E+00  0.00000000E+00  0.00000000E+00
  0.00000000E+00  0.00000000E+00  0.00000000E+00  0.00000000E+00  0.00000000E+00
  0.00000000E+00  0.00000000E+00  0.00000000E+00  0.00000000E+00  0.00000000E+00
  0.00000000E+00  0.00000000E+00  0.00000000E+00  0.00000000E+00  0.00000000E+00
  0.68655424E+18  0.80915794E+19  0.13488898E+21  0.37515816E+21 -0.43212102E+22
 -0.14559701E+23 -0.19218021E+23 -0.24663024E+23 -0.22816244E+23 -0.21546614E+23
 -0.22329470E+23 -0.21917516E+23 -0.20435735E+23 -0.18513072E+23 -0.15459987E+23
 -0.14976213E+23 -0.11268553E+23 -0.93494418E+22 -0.72312884E+22 -0.10457748E+23
 -0.77480528E+22 -0.60945665E+22 -0.55233177E+22 -0.67950355E+22 -0.43406686E+22
 -0.69556907E+22 -0.84557711E+22 -0.10963565E+23 -0.15724504E+23
  0.00000000E+00  0.00000000E+00  0.00000000E+00  0.00000000E+00  0.00000000E+00
  0.00000000E+00  0.00000000E+00  0.00000000E+00  0.00000000E+00  0.00000000E+00
  0.00000000E+00  0.00000000E+00  0.00000000E+00  0.00000000E+00  0.00000000E+00
  0.00000000E+00  0.00000000E+00  0.00000000E+00  0.00000000E+00  0.00000000E+00
  0.00000000E+00  0.00000000E+00  0.00000000E+00  0.00000000E+00  0.00000000E+00
  0.00000000E+00  0.00000000E+00  0.00000000E+00  0.00000000E+00  0.00000000E+00
  0.00000000E+00  0.00000000E+00  0.00000000E+00  0.00000000E+00  0.52054323E+16
 -0.32942625E+17  0.35998073E+20  0.32773414E+21  0.20485477E+21 -0.70696486E+22
 -0.18560311E+23 -0.24394683E+23 -0.25401109E+23 -0.27369872E+23 -0.27677252E+23
 -0.27496684E+23 -0.28191446E+23 -0.26140874E+23 -0.24108410E+23 -0.20249549E+23
 -0.20726789E+23 -0.18983081E+23 -0.16581907E+23 -0.16198557E+23 -0.14280601E+23
 -0.12474438E+23 -0.78417271E+22 -0.87372099E+22 -0.68609648E+22 -0.10037145E+23
 -0.69805554E+22 -0.86399427E+22 -0.11581194E+23 -0.13370421E+23
  0.00000000E+00  0.00000000E+00 -0.24256716E+18  0.00000000E+00  0.00000000E+00
  0.00000000E+00  0.00000000E+00  0.00000000E+00  0.00000000E+00  0.00000000E+00
  0.00000000E+00  0.00000000E+00  0.00000000E+00  0.00000000E+00  0.00000000E+00
  0.00000000E+00  0.00000000E+00  0.00000000E+00  0.00000000E+00  0.00000000E+00
  0.00000000E+00  0.00000000E+00  0.00000000E+00  0.00000000E+00  0.00000000E+00
  0.00000000E+00  0.00000000E+00  0.00000000E+00 -0.96553338E+17 -0.67603407E+18
 -0.48296558E+18 -0.32626732E+19 -0.53808625E+19 -0.14450335E+20 -0.37870085E+20
 -0.11838500E+21 -0.40665132E+21 -0.14615856E+22 -0.69318848E+22 -0.19539102E+23
 -0.27687642E+23 -0.29305664E+23 -0.30352779E+23 -0.31227270E+23 -0.31711807E+23
 -0.33009542E+23 -0.34797814E+23 -0.32773835E+23 -0.31431287E+23 -0.29125144E+23
 -0.27076979E+23 -0.28131359E+23 -0.25674816E+23 -0.22774532E+23 -0.21917947E+23
 -0.18147904E+23 -0.14829817E+23 -0.13786020E+23 -0.12800598E+23 -0.11408159E+23
 -0.11399464E+23 -0.87818845E+22 -0.91840659E+22 -0.95644978E+22
  0.00000000E+00  0.00000000E+00  0.50455866E+19  0.45947624E+19  0.00000000E+00
  0.00000000E+00  0.00000000E+00  0.00000000E+00  0.00000000E+00  0.00000000E+00
 -0.25721140E+19  0.00000000E+00 -0.39820632E+19  0.00000000E+00  0.00000000E+00
  0.00000000E+00  0.00000000E+00 -0.22889743E+18  0.00000000E+00  0.12793897E+18
  0.14958997E+20  0.00000000E+00  0.00000000E+00  0.00000000E+00  0.00000000E+00
  0.00000000E+00  0.00000000E+00  0.13556739E+20 -0.77089951E+18  0.00000000E+00
 -0.19019695E+19  0.10013232E+19  0.44405511E+20 -0.25025039E+20 -0.19315980E+21
 -0.27392306E+21 -0.46147775E+21 -0.60884625E+21 -0.22926351E+22 -0.74081338E+22
 -0.21060836E+23 -0.40926337E+23 -0.38995307E+23 -0.29080429E+22  0.10297463E+23
  0.69745223E+22  0.82053546E+21 -0.86960707E+21  0.21058532E+22  0.31625971E+22
  0.33496368E+22  0.74321123E+22  0.64015310E+22  0.11149279E+23  0.13247530E+23
  0.14442587E+23  0.16093775E+23  0.13106027E+23  0.15704840E+23  0.15679150E+23
  0.14929104E+23  0.15110440E+23  0.14032000E+23  0.12849841E+23
  0.00000000E+00  0.00000000E+00  0.44777370E+19  0.22532204E+19  0.00000000E+00
 -0.13451038E+19  0.00000000E+00  0.00000000E+00  0.00000000E+00  0.00000000E+00
 -0.25721140E+19  0.24197588E+19 -0.44728013E+19  0.00000000E+00  0.00000000E+00
  0.00000000E+00  0.00000000E+00 -0.16099617E+19  0.00000000E+00  0.30047090E+18
  0.54364342E+19  0.12538270E+20  0.00000000E+00  0.00000000E+00  0.00000000E+00
  0.11985152E+19  0.00000000E+00  0.48445255E+19  0.31885542E+20  0.00000000E+00
  0.00000000E+00 -0.12618591E+20  0.18010399E+20 -0.91553638E+19 -0.68530480E+20
 -0.35871050E+21 -0.84099196E+21 -0.13729797E+22 -0.33377555E+22 -0.81582358E+22
 -0.21379955E+23 -0.47525240E+23 -0.52765182E+23 -0.20407030E+23  0.13237291E+21
  0.28731410E+22  0.56593541E+22  0.43960702E+22  0.64715431E+22  0.10117500E+23
  0.10244647E+23  0.11504910E+23  0.15477063E+23  0.20173529E+23  0.24044864E+23
  0.26463827E+23  0.27977628E+23  0.30932148E+23  0.31945455E+23  0.34786611E+23
  0.38108020E+23  0.37415379E+23  0.38784452E+23  0.38043466E+23
  0.00000000E+00  0.00000000E+00  0.00000000E+00  0.22532204E+19  0.00000000E+00
 -0.22311716E+19  0.00000000E+00  0.00000000E+00  0.00000000E+00  0.00000000E+00
 -0.25721140E+19 -0.99959108E+19 -0.39820632E+19  0.00000000E+00  0.00000000E+00
  0.00000000E+00  0.00000000E+00 -0.16099617E+19  0.00000000E+00  0.20396347E+18
  0.00000000E+00  0.13998712E+20  0.00000000E+00  0.00000000E+00  0.00000000E+00
  0.17584273E+20  0.00000000E+00  0.37624322E+19  0.17095399E+19 -0.12379696E+19
  0.00000000E+00  0.10624200E+20 -0.10171261E+20 -0.53598863E+19 -0.68317411E+19
 -0.21907143E+21 -0.63104336E+21 -0.15757118E+22 -0.33875984E+22 -0.84246152E+22
 -0.21879869E+23 -0.49952348E+23 -0.67283373E+23 -0.35684912E+23 -0.58431239E+22
 -0.18113701E+22  0.13190838E+22  0.90287956E+22  0.63483666E+22  0.10416118E+23
  0.13668812E+23  0.17538115E+23  0.20035078E+23  0.20787703E+23  0.30288406E+23
  0.33355448E+23  0.33746582E+23  0.40546138E+23  0.41576061E+23  0.46133332E+23
  0.50438322E+23  0.54962528E+23  0.56776557E+23  0.56773550E+23
  0.00000000E+00  0.00000000E+00  0.00000000E+00  0.22532204E+19  0.00000000E+00
 -0.22311716E+19  0.00000000E+00  0.00000000E+00  0.00000000E+00  0.00000000E+00
 -0.25721140E+19 -0.77452619E+19 -0.39820632E+19  0.00000000E+00  0.00000000E+00
  0.00000000E+00  0.00000000E+00 -0.16099617E+19  0.00000000E+00  0.20396347E+18
  0.00000000E+00  0.00000000E+00  0.00000000E+00  0.00000000E+00  0.00000000E+00
  0.27964014E+20  0.00000000E+00  0.37624322E+19  0.17095399E+19 -0.36206732E+19
 -0.92865687E+19 -0.45366942E+19 -0.23195270E+20  0.11298207E+20 -0.19597469E+20
 -0.11568145E+21 -0.60677529E+21 -0.16578981E+22 -0.36677397E+22 -0.83734610E+22
 -0.20835925E+23 -0.46576931E+23 -0.69461191E+23 -0.46391650E+23 -0.18391291E+23
 -0.11252377E+23 -0.78996896E+22  0.47939226E+22  0.16011647E+23  0.14245969E+23
  0.19538555E+23  0.21858885E+23  0.23248189E+23  0.33602510E+23  0.37495512E+23
  0.41422020E+23  0.49157333E+23  0.47292016E+23  0.52584936E+23  0.57908808E+23
  0.63433022E+23  0.69510731E+23  0.70957755E+23  0.71337648E+23
  0.51718248E+19  0.00000000E+00  0.00000000E+00  0.22532204E+19  0.00000000E+00
 -0.22311716E+19  0.00000000E+00  0.00000000E+00  0.00000000E+00  0.00000000E+00
 -0.25721140E+19  0.59119837E+19 -0.39820632E+19  0.00000000E+00  0.00000000E+00
  0.00000000E+00  0.00000000E+00 -0.16099617E+19  0.00000000E+00  0.20396347E+18
  0.00000000E+00  0.00000000E+00  0.00000000E+00  0.00000000E+00  0.00000000E+00
  0.13622435E+20  0.00000000E+00 -0.76503335E+18  0.17095399E+19 -0.36206732E+19
 -0.59644098E+18 -0.28830360E+20 -0.42598566E+20  0.11425595E+20 -0.36656071E+20
 -0.68114009E+20 -0.47594997E+21 -0.15944275E+22 -0.39515451E+22 -0.86403011E+22
 -0.22702728E+23 -0.49690445E+23 -0.77787496E+23 -0.56126084E+23 -0.24074808E+23
 -0.13375022E+23 -0.13996082E+22  0.22474709E+22  0.12740904E+23  0.12384122E+23
  0.17434074E+23  0.31936725E+23  0.36906956E+23  0.35189469E+23  0.38431582E+23
  0.37417763E+23  0.48444155E+23  0.60321639E+23  0.67405440E+23  0.72440479E+23
  0.73507713E+23  0.74480047E+23  0.75917458E+23  0.75057486E+23
  0.37740979E+19  0.00000000E+00  0.00000000E+00  0.22532204E+19  0.00000000E+00
 -0.22311716E+19  0.00000000E+00  0.00000000E+00  0.00000000E+00  0.00000000E+00
 -0.25721140E+19  0.59119837E+19 -0.39820632E+19  0.00000000E+00  0.00000000E+00
  0.00000000E+00 -0.18185339E+19 -0.16099617E+19  0.00000000E+00  0.20396347E+18
  0.00000000E+00  0.00000000E+00  0.00000000E+00  0.00000000E+00  0.00000000E+00
  0.45666384E+19  0.00000000E+00  0.72595354E+18  0.17095399E+19 -0.35434119E+19
 -0.23324324E+19 -0.87263918E+18 -0.22326431E+20 -0.21835309E+20 -0.61051094E+20
 -0.30522480E+21 -0.31645999E+21 -0.12907226E+22 -0.38343850E+22 -0.86071380E+22
 -0.20971371E+23 -0.47512634E+23 -0.76013954E+23 -0.63131787E+23 -0.31265874E+23
 -0.10431649E+23 -0.56824614E+22  0.30378139E+22  0.10222700E+23  0.21399770E+23
  0.23336987E+23  0.22153925E+23  0.40140029E+23  0.48918543E+23  0.58707559E+23
  0.67117244E+23  0.60466534E+23  0.66874327E+23  0.74017923E+23  0.82285597E+23
  0.90565725E+23  0.93454089E+23  0.92795325E+23  0.92293147E+23
  0.00000000E+00  0.00000000E+00  0.00000000E+00  0.22532204E+19  0.00000000E+00
 -0.22311716E+19  0.00000000E+00  0.00000000E+00  0.00000000E+00  0.00000000E+00
 -0.25721140E+19  0.53518627E+19 -0.34219422E+19  0.00000000E+00  0.00000000E+00
  0.00000000E+00 -0.31039146E+19 -0.16099617E+19  0.00000000E+00  0.20396347E+18
  0.00000000E+00  0.00000000E+00  0.00000000E+00  0.00000000E+00  0.00000000E+00
  0.21069999E+20  0.00000000E+00  0.23597315E+19  0.17095399E+19  0.95741735E+18
 -0.72615322E+19  0.35600184E+18 -0.17563854E+20 -0.19411390E+20 -0.79069088E+20
 -0.56927363E+20 -0.48835396E+21 -0.16203301E+22 -0.35118512E+22 -0.90392571E+22
 -0.19766243E+23 -0.44986134E+23 -0.75565792E+23 -0.64237053E+23 -0.35738097E+23
 -0.19523042E+23 -0.69701305E+22 -0.11927757E+22  0.52918505E+22  0.16622749E+23
  0.31908888E+23  0.40123418E+23  0.44323930E+23  0.51480192E+23  0.52858239E+23
  0.64876270E+23  0.76143005E+23  0.74257226E+23  0.75761952E+23  0.80559948E+23
  0.77751722E+23  0.85072595E+23  0.95362890E+23  0.99719818E+23
  0.00000000E+00  0.00000000E+00  0.00000000E+00  0.22532204E+19  0.00000000E+00
 -0.22311716E+19  0.00000000E+00  0.00000000E+00  0.00000000E+00  0.00000000E+00
 -0.25721140E+19 -0.23643735E+19  0.19299205E+19  0.00000000E+00  0.00000000E+00
  0.00000000E+00 -0.31039146E+19 -0.16099617E+19  0.00000000E+00  0.15663772E+18
  0.00000000E+00  0.00000000E+00  0.00000000E+00 -0.40286394E+19  0.53365836E+19
  0.15225545E+20  0.00000000E+00  0.38625002E+19  0.12874737E+19  0.95741735E+18
 -0.72615322E+19  0.11717305E+19 -0.64552616E+19 -0.45024365E+20 -0.40154940E+20
 -0.22573191E+21 -0.44225670E+21 -0.13556694E+22 -0.35984724E+22 -0.86350972E+22
 -0.18127667E+23 -0.41672737E+23 -0.72334166E+23 -0.73811460E+23 -0.32285170E+23
 -0.15236474E+23 -0.12715927E+23  0.46471526E+21  0.11743101E+23  0.17285701E+23
  0.29322110E+23  0.51196001E+23  0.44655350E+23  0.53818092E+23  0.56590611E+23
  0.67273023E+23  0.80679619E+23  0.79597827E+23  0.84729877E+23  0.86449020E+23
  0.91068682E+23  0.93677857E+23  0.93941124E+23  0.93318540E+23
  0.00000000E+00  0.00000000E+00  0.00000000E+00  0.22532204E+19  0.00000000E+00
 -0.22311716E+19  0.00000000E+00  0.00000000E+00  0.00000000E+00  0.00000000E+00
 -0.25721140E+19 -0.58662429E+19  0.19299205E+19  0.00000000E+00 -0.10717743E+19
  0.00000000E+00 -0.43776631E+19 -0.16099617E+19  0.00000000E+00  0.00000000E+00
  0.00000000E+00  0.00000000E+00  0.00000000E+00 -0.41880202E+19  0.13294649E+20
  0.00000000E+00  0.00000000E+00  0.38625002E+19  0.00000000E+00  0.31011629E+18
 -0.72615322E+19  0.76074273E+18 -0.67464180E+19 -0.38708938E+20 -0.58915449E+20
 -0.76531554E+20 -0.38500847E+21 -0.12944496E+22 -0.36061937E+22 -0.76839678E+22
 -0.17808921E+23 -0.40606064E+23 -0.74621141E+23 -0.81872009E+23 -0.42202304E+23
 -0.15561920E+23 -0.23090626E+22  0.24904884E+22  0.10206086E+23  0.26001612E+23
  0.32450384E+23  0.32943442E+23  0.50820606E+23  0.55565568E+23  0.64439085E+23
  0.73660411E+23  0.68411060E+23  0.79837113E+23  0.87515391E+23  0.89259637E+23
  0.10106321E+24  0.11205602E+24  0.10916692E+24  0.10787294E+24
  0.00000000E+00  0.00000000E+00  0.00000000E+00  0.22532204E+19  0.00000000E+00
 -0.22311716E+19 -0.44136945E+19  0.00000000E+00  0.00000000E+00  0.00000000E+00
 -0.25721140E+19 -0.58662429E+19  0.19299205E+19  0.00000000E+00 -0.17692271E+19
  0.00000000E+00 -0.77365687E+19 -0.16099617E+19  0.00000000E+00  0.00000000E+00
  0.00000000E+00  0.00000000E+00  0.00000000E+00 -0.41880202E+19  0.00000000E+00
  0.00000000E+00  0.00000000E+00  0.38625002E+19  0.00000000E+00  0.00000000E+00
 -0.11066703E+20 -0.49042552E+19 -0.23731457E+20 -0.38100828E+20 -0.14627935E+21
 -0.23164384E+21 -0.84925777E+21 -0.16733078E+22 -0.29466896E+22 -0.69325677E+22
 -0.15061403E+23 -0.35969389E+23 -0.75486993E+23 -0.77536478E+23 -0.42539388E+23
 -0.98879047E+22 -0.78907191E+22  0.69847561E+22  0.18698486E+23  0.17272811E+23
  0.25091484E+23  0.47571960E+23  0.59163429E+23  0.60566104E+23  0.62857660E+23
  0.65362411E+23  0.86312480E+23  0.88560449E+23  0.86198423E+23  0.10071625E+24
  0.11110454E+24  0.11209960E+24  0.11761149E+24  0.11640959E+24
  0.00000000E+00  0.00000000E+00  0.00000000E+00  0.22532204E+19  0.00000000E+00
  0.54804137E+19 -0.73075969E+19  0.00000000E+00  0.00000000E+00  0.00000000E+00
 -0.25721140E+19 -0.58662429E+19  0.19299205E+19  0.00000000E+00 -0.17692271E+19
  0.00000000E+00 -0.77365687E+19 -0.16099617E+19  0.00000000E+00  0.00000000E+00
  0.00000000E+00  0.00000000E+00  0.14165307E+20 -0.41880202E+19  0.00000000E+00
  0.00000000E+00  0.00000000E+00  0.38625002E+19  0.00000000E+00  0.39222407E+18
 -0.14657588E+20 -0.33541535E+19 -0.20381732E+20 -0.95271389E+20 -0.71529054E+20
 -0.10577471E+21 -0.90542033E+21 -0.13016989E+22 -0.25790408E+22 -0.71089562E+22
 -0.15381465E+23 -0.33786341E+23 -0.77077141E+23 -0.87707304E+23 -0.45992612E+23
 -0.12661571E+23  0.59321960E+22  0.22423579E+21  0.65394411E+22  0.21854393E+23
  0.39227889E+23  0.44325151E+23  0.60190653E+23  0.65575592E+23  0.73210804E+23
  0.85389297E+23  0.78208548E+23  0.98607169E+23  0.10390820E+24  0.10287529E+24
  0.10110790E+24  0.10381254E+24  0.11032249E+24  0.11125370E+24
  0.00000000E+00  0.00000000E+00  0.00000000E+00  0.22532204E+19  0.00000000E+00
  0.12677101E+20 -0.73075969E+19  0.00000000E+00  0.00000000E+00  0.00000000E+00
 -0.25721140E+19 -0.58662429E+19  0.59050693E+19 -0.39751488E+19 -0.17692271E+19
  0.00000000E+00 -0.32915571E+18 -0.13353079E+19  0.00000000E+00  0.00000000E+00
  0.00000000E+00  0.00000000E+00  0.19153539E+20 -0.41880202E+19  0.00000000E+00
  0.00000000E+00  0.38487638E+19  0.38625002E+19  0.00000000E+00  0.93139823E+17
 -0.68217625E+19  0.00000000E+00 -0.72486958E+20 -0.95356514E+20 -0.47505272E+20
 -0.32359608E+21 -0.75492959E+21 -0.14922669E+22 -0.32758454E+22 -0.71571564E+22
 -0.14369933E+23 -0.37790960E+23 -0.72950996E+23 -0.85880522E+23 -0.47854903E+23
 -0.15791991E+23 -0.83085457E+22 -0.14082446E+22  0.15876284E+23  0.35755370E+23
  0.52387190E+23  0.46142559E+23  0.47662355E+23  0.63885992E+23  0.65008523E+23
  0.66752712E+23  0.68573182E+23  0.80557928E+23  0.96992368E+23  0.10240912E+24
  0.10215291E+24  0.10468166E+24  0.11120596E+24  0.11507441E+24
  0.00000000E+00  0.00000000E+00  0.00000000E+00  0.22532204E+19  0.00000000E+00
  0.11760508E+20 -0.63910047E+19  0.00000000E+00  0.00000000E+00  0.00000000E+00
 -0.25721140E+19 -0.58662429E+19  0.24927963E+20  0.36297072E+19 -0.17692271E+19
  0.00000000E+00  0.42202108E+19  0.00000000E+00  0.00000000E+00  0.00000000E+00
  0.00000000E+00  0.00000000E+00 -0.12463499E+20 -0.41880202E+19  0.00000000E+00
  0.00000000E+00 -0.25894263E+20  0.38625002E+19  0.00000000E+00  0.00000000E+00
 -0.42659685E+19  0.00000000E+00 -0.58130920E+20 -0.13156795E+21 -0.87105089E+20
 -0.24255602E+21 -0.65800881E+21 -0.15308875E+22 -0.32377348E+22 -0.71433855E+22
 -0.15072476E+23 -0.36352599E+23 -0.71964102E+23 -0.85008434E+23 -0.51547668E+23
 -0.23410748E+23 -0.26655701E+22  0.39735615E+22  0.20311886E+23  0.38766860E+23
  0.32944250E+23  0.43979783E+23  0.57905279E+23  0.53813177E+23  0.68468087E+23
  0.68145590E+23  0.85207041E+23  0.86368571E+23  0.10198063E+24  0.10762223E+24
  0.11767489E+24  0.12029294E+24  0.11661263E+24  0.11581071E+24
  0.00000000E+00  0.00000000E+00  0.00000000E+00  0.22532204E+19  0.00000000E+00
 -0.11372498E+19  0.65067535E+19  0.00000000E+00  0.00000000E+00  0.00000000E+00
 -0.25721140E+19 -0.58662429E+19  0.87152666E+19  0.00000000E+00 -0.17692271E+19
  0.00000000E+00  0.42202108E+19  0.00000000E+00  0.00000000E+00  0.00000000E+00
  0.00000000E+00  0.00000000E+00 -0.92633957E+19 -0.41880202E+19  0.00000000E+00
  0.00000000E+00 -0.32279299E+20  0.58996691E+18  0.00000000E+00  0.00000000E+00
 -0.99378500E+19 -0.53354220E+19 -0.36024131E+20 -0.99086119E+20 -0.16371078E+21
 -0.26854036E+21 -0.48091383E+21 -0.79961779E+21 -0.31142398E+22 -0.69306135E+22
 -0.14399057E+23 -0.35204724E+23 -0.75355249E+23 -0.81941649E+23 -0.54612478E+23
 -0.22782998E+23 -0.65407520E+22  0.12759529E+23  0.28426011E+23  0.26018120E+23
  0.36259555E+23  0.44660167E+23  0.47863420E+23  0.62900606E+23  0.68333527E+23
  0.81558032E+23  0.90985001E+23  0.10084589E+24  0.98528302E+23  0.10362791E+24
  0.10600522E+24  0.11246258E+24  0.11522708E+24  0.11652067E+24
  0.00000000E+00  0.00000000E+00  0.00000000E+00  0.22532204E+19  0.00000000E+00
 -0.64230275E+18  0.12196143E+20  0.00000000E+00  0.00000000E+00  0.00000000E+00
 -0.25721140E+19 -0.58662429E+19  0.87152666E+19  0.00000000E+00 -0.17692271E+19
  0.00000000E+00  0.42202108E+19  0.00000000E+00  0.00000000E+00  0.00000000E+00
  0.00000000E+00  0.00000000E+00  0.00000000E+00 -0.41880202E+19  0.00000000E+00
  0.00000000E+00 -0.37055566E+20 -0.94023333E+19  0.55895916E+17  0.00000000E+00
 -0.16229793E+19 -0.20550599E+20 -0.36238970E+20 -0.29529718E+20 -0.36780616E+21
 -0.36016063E+21 -0.80601687E+21 -0.10441273E+22 -0.31024742E+22 -0.78002590E+22
 -0.15989533E+23 -0.34958140E+23 -0.70531547E+23 -0.81346847E+23 -0.50196518E+23
 -0.16434183E+23 -0.84008955E+22  0.32357443E+22  0.23684378E+23  0.36654552E+23
  0.38029471E+23  0.49399466E+23  0.52516835E+23  0.63902822E+23  0.76793084E+23
  0.87603884E+23  0.87620054E+23  0.98929252E+23  0.10545545E+24  0.10572181E+24
  0.11656716E+24  0.12327510E+24  0.13019023E+24  0.12865551E+24
  0.00000000E+00  0.00000000E+00  0.00000000E+00  0.22532204E+19  0.00000000E+00
  0.00000000E+00  0.12955316E+20  0.00000000E+00  0.00000000E+00  0.00000000E+00
 -0.25721140E+19 -0.58662429E+19  0.87152666E+19  0.00000000E+00 -0.17692271E+19
  0.00000000E+00  0.42202108E+19  0.00000000E+00  0.00000000E+00  0.00000000E+00
  0.00000000E+00  0.00000000E+00  0.00000000E+00 -0.41880202E+19  0.00000000E+00
  0.00000000E+00 -0.14907982E+20 -0.33657923E+20  0.17877762E+19  0.00000000E+00
  0.00000000E+00 -0.21438075E+20 -0.40211328E+20 -0.66076332E+19 -0.26963349E+21
 -0.45053286E+21 -0.82802702E+21 -0.14064162E+22 -0.31484176E+22 -0.83779704E+22
 -0.17082876E+23 -0.38726546E+23 -0.75170969E+23 -0.84638728E+23 -0.43351539E+23
 -0.28834686E+23 -0.14308415E+23  0.78713167E+22  0.10656172E+23  0.23523473E+23
  0.54114452E+23  0.48902226E+23  0.63754969E+23  0.68537545E+23  0.75567840E+23
  0.76769892E+23  0.92720387E+23  0.93091245E+23  0.99974110E+23  0.11040162E+24
  0.11353777E+24  0.12058750E+24  0.12852737E+24  0.13109050E+24
  0.00000000E+00  0.00000000E+00  0.00000000E+00  0.16649185E+19  0.00000000E+00
  0.37560355E+18  0.12386587E+20  0.00000000E+00  0.00000000E+00  0.00000000E+00
 -0.18703500E+19 -0.12880393E+18  0.87929381E+19  0.00000000E+00 -0.17387911E+19
  0.00000000E+00 -0.30633289E+18  0.00000000E+00  0.00000000E+00  0.00000000E+00
  0.00000000E+00  0.00000000E+00  0.00000000E+00 -0.41880202E+19  0.00000000E+00
  0.00000000E+00 -0.53025745E+19 -0.13802628E+20 -0.19994245E+20  0.00000000E+00
 -0.76047951E+19 -0.53037895E+20 -0.13132133E+20 -0.85494530E+20 -0.25695682E+21
 -0.57256632E+21 -0.93651675E+21 -0.16417894E+22 -0.38650928E+22 -0.80895154E+22
 -0.17681600E+23 -0.42356758E+23 -0.71596676E+23 -0.77948281E+23 -0.49807724E+23
 -0.21507901E+23 -0.42756600E+22  0.12635204E+23  0.20126648E+23  0.35763906E+23
  0.34091889E+23  0.45621104E+23  0.60919672E+23  0.76540969E+23  0.77605792E+23
  0.79427795E+23  0.84070441E+23  0.98877409E+23  0.10330166E+24  0.11806371E+24
  0.12590405E+24  0.13156111E+24  0.12630172E+24  0.12480444E+24
  0.00000000E+00  0.00000000E+00  0.00000000E+00  0.00000000E+00  0.00000000E+00
  0.17339588E+19  0.13965708E+19  0.00000000E+00  0.00000000E+00  0.00000000E+00
  0.32839022E+19  0.00000000E+00  0.88491893E+19  0.00000000E+00 -0.12849738E+19
 -0.86792208E+17 -0.31039146E+19  0.00000000E+00  0.00000000E+00  0.00000000E+00
  0.00000000E+00  0.00000000E+00 -0.45003872E+17 -0.41880202E+19  0.00000000E+00
  0.00000000E+00 -0.33916167E+19  0.20454362E+19 -0.16792101E+20 -0.64221012E+19
 -0.14463696E+20 -0.71201698E+20 -0.25446713E+20 -0.11599895E+21 -0.21036877E+21
 -0.74578791E+21 -0.92085489E+21 -0.18920803E+22 -0.37114974E+22 -0.96584487E+22
 -0.20377049E+23 -0.43605219E+23 -0.74315407E+23 -0.76722487E+23 -0.39397042E+23
 -0.21996907E+23 -0.11392514E+23  0.94720318E+22  0.18356380E+23  0.31969057E+23
  0.42406805E+23  0.68543474E+23  0.63409475E+23  0.76347562E+23  0.86075237E+23
  0.92193722E+23  0.92854553E+23  0.97171015E+23  0.11034543E+24  0.11239576E+24
  0.12542087E+24  0.13072976E+24  0.13172412E+24  0.13099552E+24
  0.23090491E+18  0.00000000E+00  0.00000000E+00  0.00000000E+00  0.00000000E+00
  0.15564816E+19 -0.33055236E+19  0.00000000E+00  0.00000000E+00  0.00000000E+00
  0.32839022E+19  0.00000000E+00  0.14047715E+20  0.00000000E+00 -0.58526468E+18
 -0.66019913E+18 -0.31039146E+19  0.00000000E+00 -0.13727037E+19  0.00000000E+00
  0.00000000E+00  0.00000000E+00 -0.16319035E+19 -0.41880202E+19  0.00000000E+00
  0.00000000E+00 -0.33916167E+19  0.52983641E+19 -0.59025817E+18 -0.24166060E+20
 -0.17076057E+20 -0.63657029E+20 -0.98969198E+20 -0.12580915E+21 -0.26013377E+21
 -0.80110939E+21 -0.11762016E+22 -0.26052604E+22 -0.38866464E+22 -0.11081180E+23
 -0.23379541E+23 -0.50053892E+23 -0.80893091E+23 -0.67479125E+23 -0.40146333E+23
 -0.17249639E+23 -0.75845255E+22  0.23128840E+22  0.24967362E+23  0.30584528E+23
  0.55212712E+23  0.53902909E+23  0.72845561E+23  0.69907526E+23  0.73196376E+23
  0.90582403E+23  0.97410340E+23  0.10108566E+24  0.11016591E+24  0.12336898E+24
  0.11852140E+24  0.12120946E+24  0.13165461E+24  0.13473330E+24
  0.42162624E+18  0.00000000E+00  0.00000000E+00  0.00000000E+00  0.00000000E+00
 -0.61179224E+18 -0.11372498E+19  0.00000000E+00  0.00000000E+00  0.00000000E+00
  0.32839022E+19  0.00000000E+00  0.91476244E+19  0.00000000E+00  0.57840616E+18
 -0.66019913E+18 -0.31039146E+19  0.00000000E+00 -0.15846346E+19  0.00000000E+00
  0.00000000E+00  0.00000000E+00  0.00000000E+00 -0.47976636E+19  0.00000000E+00
  0.00000000E+00 -0.33916167E+19  0.38550577E+19  0.12318145E+19 -0.25021736E+20
 -0.17587360E+20 -0.65906386E+20 -0.10326825E+21 -0.56264343E+20 -0.16855519E+21
 -0.69358871E+21 -0.16431159E+22 -0.32602448E+22 -0.71564022E+22 -0.13772591E+23
 -0.29966977E+23 -0.58859234E+23 -0.80090869E+23 -0.61179440E+23 -0.34958495E+23
 -0.17134315E+23  0.21834450E+22  0.10478728E+22  0.20863079E+23  0.44287328E+23
  0.54215183E+23  0.63433399E+23  0.68943183E+23  0.79108850E+23  0.82573163E+23
  0.91588619E+23  0.98540373E+23  0.11276309E+24  0.10921636E+24  0.10594595E+24
  0.11716303E+24  0.12528683E+24  0.12541774E+24  0.12419966E+24
  0.42162624E+18  0.00000000E+00  0.00000000E+00  0.00000000E+00  0.00000000E+00
 -0.61179224E+18 -0.11372498E+19  0.00000000E+00  0.00000000E+00  0.00000000E+00
  0.32839022E+19  0.00000000E+00  0.51960141E+19  0.00000000E+00  0.00000000E+00
 -0.66019913E+18 -0.12991794E+19 -0.26164415E+18 -0.15846346E+19  0.00000000E+00
  0.00000000E+00  0.00000000E+00  0.00000000E+00 -0.13765108E+19  0.00000000E+00
  0.00000000E+00 -0.33916167E+19  0.00000000E+00  0.77700235E+19 -0.23594580E+20
 -0.17579472E+20 -0.10569518E+21 -0.20880109E+21 -0.17535979E+21 -0.20698053E+21
 -0.90151461E+21 -0.18248015E+22 -0.41438466E+22 -0.79410906E+22 -0.16387431E+23
 -0.37134073E+23 -0.65037948E+23 -0.70967720E+23 -0.50274573E+23 -0.34489902E+23
 -0.19640928E+23 -0.62607734E+22  0.98336328E+22  0.20410655E+23  0.30720329E+23
  0.40852509E+23  0.56973897E+23  0.62682145E+23  0.70543393E+23  0.91514317E+23
  0.90208633E+23  0.97308178E+23  0.97859861E+23  0.11213915E+24  0.11900402E+24
  0.11837610E+24  0.11872792E+24  0.12123365E+24  0.12251187E+24
  0.42162624E+18  0.00000000E+00  0.00000000E+00  0.00000000E+00  0.00000000E+00
 -0.61179224E+18 -0.11372498E+19  0.00000000E+00  0.00000000E+00  0.00000000E+00
  0.30001285E+19  0.00000000E+00  0.13673217E+19  0.00000000E+00  0.00000000E+00
 -0.71565615E+18  0.00000000E+00  0.52469858E+17 -0.15871917E+20  0.00000000E+00
  0.00000000E+00  0.00000000E+00  0.00000000E+00 -0.13765108E+19  0.00000000E+00
  0.00000000E+00 -0.33916167E+19  0.00000000E+00  0.84686271E+19 -0.74664288E+18
 -0.54882247E+20 -0.43798650E+20 -0.17144302E+21 -0.23035834E+21 -0.34761213E+21
 -0.81486268E+21 -0.27725120E+22 -0.55563741E+22 -0.10197399E+23 -0.21311197E+23
 -0.44121591E+23 -0.72431468E+23 -0.68751630E+23 -0.47480547E+23 -0.31018716E+23
 -0.15045888E+23 -0.20828658E+22  0.94116990E+22  0.24852333E+23  0.41547684E+23
  0.43604926E+23  0.51232712E+23  0.57902046E+23  0.68102867E+23  0.75378333E+23
  0.82329170E+23  0.91582070E+23  0.97340305E+23  0.10286370E+24  0.11163753E+24
  0.11713535E+24  0.12122703E+24  0.12476823E+24  0.12624416E+24
  0.42162624E+18  0.00000000E+00  0.00000000E+00  0.00000000E+00  0.00000000E+00
 -0.61179224E+18 -0.11372498E+19  0.00000000E+00  0.00000000E+00  0.00000000E+00
  0.15922269E+19  0.00000000E+00 -0.64194641E+19  0.00000000E+00  0.00000000E+00
 -0.18501126E+19  0.00000000E+00  0.52469858E+17 -0.15749065E+20 -0.18368127E+19
  0.00000000E+00  0.00000000E+00  0.00000000E+00 -0.13765108E+19  0.00000000E+00
  0.00000000E+00 -0.33916167E+19  0.00000000E+00  0.84686271E+19 -0.14576558E+20
 -0.65794929E+20 -0.84602677E+20 -0.17214682E+21 -0.52988952E+21 -0.85670097E+21
 -0.14684082E+22 -0.29963536E+22 -0.67547893E+22 -0.13922481E+23 -0.27280167E+23
 -0.57017079E+23 -0.71945203E+23 -0.58820725E+23 -0.35907720E+23 -0.25746466E+23
 -0.15556200E+23  0.20550863E+22  0.13856877E+23  0.21933081E+23  0.27338660E+23
  0.40846720E+23  0.54759920E+23  0.69169284E+23  0.77646909E+23  0.76361630E+23
  0.91716412E+23  0.10051018E+24  0.10521073E+24  0.10722583E+24  0.11160698E+24
  0.11784147E+24  0.12168588E+24  0.12098564E+24  0.12163922E+24
  0.42162624E+18  0.00000000E+00  0.00000000E+00  0.00000000E+00  0.00000000E+00
 -0.23194218E+18 -0.11372498E+19  0.00000000E+00  0.00000000E+00  0.00000000E+00
  0.30845665E+19  0.00000000E+00 -0.28534213E+19  0.00000000E+00  0.00000000E+00
 -0.66019913E+18  0.00000000E+00  0.46971912E+17 -0.15846346E+19 -0.62477196E+18
  0.00000000E+00  0.00000000E+00  0.00000000E+00 -0.11401167E+19  0.00000000E+00
  0.00000000E+00 -0.33916167E+19 -0.30545614E+19 -0.62919098E+19 -0.76928522E+19
 -0.72302057E+19 -0.10068405E+21 -0.21646057E+21 -0.54153631E+21 -0.11635131E+22
 -0.21059184E+22 -0.40190713E+22 -0.89864164E+22 -0.16646437E+23 -0.35587657E+23
 -0.61202516E+23 -0.61992170E+23 -0.42625396E+23 -0.29695104E+23 -0.18015775E+23
 -0.82561455E+22  0.17378541E+22  0.15951804E+23  0.20649649E+23  0.33151319E+23
  0.39813498E+23  0.49781706E+23  0.58142106E+23  0.66059390E+23  0.78847496E+23
  0.82625564E+23  0.86577519E+23  0.91312800E+23  0.93947519E+23  0.10065641E+24
  0.10514812E+24  0.10899755E+24  0.11243828E+24  0.11249472E+24
 -0.11467242E+19  0.00000000E+00  0.00000000E+00  0.00000000E+00  0.00000000E+00
  0.00000000E+00 -0.11372498E+19  0.00000000E+00 -0.40191298E+19  0.91872929E+17
  0.32839022E+19  0.00000000E+00 -0.30128971E+19  0.00000000E+00  0.43892310E+18
 -0.43340057E+18  0.00000000E+00  0.27266204E+17 -0.15846346E+19  0.00000000E+00
  0.00000000E+00  0.00000000E+00  0.00000000E+00  0.00000000E+00  0.00000000E+00
 -0.21662576E+19 -0.10192081E+19 -0.11564132E+20 -0.57368093E+19 -0.61677806E+19
 -0.32151472E+20 -0.67124976E+20 -0.26861149E+21 -0.53323074E+21 -0.99138478E+21
 -0.22930985E+22 -0.55483301E+22 -0.11614935E+23 -0.23961606E+23 -0.49794612E+23
 -0.63500665E+23 -0.51344041E+23 -0.29542876E+23 -0.26796340E+23 -0.14400024E+23
 -0.63933713E+22  0.36976777E+21  0.10102715E+23  0.23851178E+23  0.36196165E+23
  0.49528282E+23  0.54777271E+23  0.58673613E+23  0.63363102E+23  0.65911012E+23
  0.73556877E+23  0.80267456E+23  0.88000455E+23  0.97640689E+23  0.97880751E+23
  0.10195357E+24  0.10751607E+24  0.10818539E+24  0.10922800E+24
 -0.32399098E+19  0.00000000E+00  0.00000000E+00  0.00000000E+00  0.00000000E+00
  0.00000000E+00 -0.11372498E+19 -0.16761819E+18 -0.54063480E+19  0.00000000E+00
  0.11733704E+19  0.00000000E+00 -0.71295333E+19  0.00000000E+00  0.00000000E+00
  0.00000000E+00  0.00000000E+00  0.15767148E+19 -0.15086378E+19  0.00000000E+00
  0.00000000E+00  0.00000000E+00  0.00000000E+00  0.00000000E+00  0.00000000E+00
 -0.30408107E+19  0.00000000E+00 -0.25040691E+20 -0.17286409E+20 -0.86877942E+20
 -0.61501026E+20 -0.15666793E+21 -0.34703702E+21 -0.70254702E+21 -0.14924896E+22
 -0.30997451E+22 -0.68754718E+22 -0.15365690E+23 -0.32629569E+23 -0.56947594E+23
 -0.63013177E+23 -0.44218184E+23 -0.28877146E+23 -0.17065160E+23 -0.15082876E+23
 -0.94806535E+22 -0.23949545E+22  0.87973947E+22  0.18863125E+23  0.25745026E+23
  0.36559741E+23  0.40644251E+23  0.52128037E+23  0.61389323E+23  0.70239797E+23
  0.79719162E+23  0.82992427E+23  0.86289747E+23  0.90039591E+23  0.96612605E+23
  0.10056464E+24  0.98549932E+23  0.10009002E+24  0.10150400E+24
 -0.11333022E+19 -0.16047010E+20 -0.79386087E+18  0.00000000E+00  0.00000000E+00
  0.00000000E+00 -0.11372498E+19 -0.11796267E+19 -0.20918847E+19  0.00000000E+00
  0.00000000E+00  0.28805704E+19 -0.76715769E+18  0.00000000E+00  0.00000000E+00
 -0.68779429E+18 -0.35770868E+19  0.52857675E+19  0.00000000E+00 -0.67340508E+19
  0.00000000E+00  0.00000000E+00  0.00000000E+00 -0.14293910E+19  0.00000000E+00
  0.00000000E+00  0.00000000E+00 -0.39857374E+20 -0.12389825E+20 -0.43850235E+20
 -0.12365221E+21 -0.16527126E+21 -0.20103275E+21 -0.59633646E+21 -0.19118925E+22
 -0.42635223E+22 -0.89163540E+22 -0.20149227E+23 -0.39436810E+23 -0.60674715E+23
 -0.52933593E+23 -0.30607328E+23 -0.21180203E+23 -0.16738464E+23 -0.79691661E+22
  0.20306616E+22  0.97788698E+22  0.13876947E+23  0.25518518E+23  0.34718998E+23
  0.38490943E+23  0.47625874E+23  0.53167068E+23  0.57526078E+23  0.60494264E+23
  0.64698925E+23  0.72392811E+23  0.77977560E+23  0.82310618E+23  0.84896260E+23
  0.87363140E+23  0.92965277E+23  0.94480583E+23  0.94161624E+23
  0.00000000E+00 -0.63887870E+18 -0.24422102E+19  0.00000000E+00  0.00000000E+00
  0.00000000E+00 -0.11372498E+19  0.63133520E+17 -0.11657636E+19  0.00000000E+00
  0.35406279E+19  0.51234552E+19  0.13392264E+18  0.00000000E+00 -0.18642849E+18
 -0.77269525E+18 -0.31248251E+19  0.52857675E+19  0.00000000E+00 -0.76756813E+19
  0.00000000E+00  0.00000000E+00  0.00000000E+00  0.56848774E+17  0.12290936E+20
 -0.31502546E+19 -0.53658037E+18 -0.13905446E+20 -0.31379870E+20 -0.70275541E+19
 -0.10993203E+21 -0.22121322E+21 -0.42231509E+21 -0.10019124E+22 -0.23015583E+22
 -0.53538666E+22 -0.12075589E+23 -0.25833687E+23 -0.49018800E+23 -0.58178515E+23
 -0.41843579E+23 -0.20598789E+23 -0.15480490E+23 -0.95412961E+22 -0.49438667E+22
 -0.12234809E+22  0.92301297E+22  0.18358173E+23  0.20749760E+23  0.24336089E+23
  0.34238146E+23  0.40249603E+23  0.46204938E+23  0.53141011E+23  0.58457840E+23
  0.64513089E+23  0.69619314E+23  0.75026099E+23  0.77105611E+23  0.79369977E+23
  0.83915197E+23  0.84741862E+23  0.86973124E+23  0.88590114E+23
  0.17652216E+19 -0.16044909E+18 -0.22674730E+19  0.00000000E+00  0.00000000E+00
  0.00000000E+00 -0.17829700E+19 -0.71553956E+18  0.72914986E+18 -0.12608052E+19
  0.00000000E+00 -0.15067447E+18  0.13392264E+18  0.00000000E+00 -0.95570555E+18
 -0.15936997E+19 -0.17710420E+19  0.64561892E+19 -0.45247874E+19 -0.44125781E+19
  0.00000000E+00  0.00000000E+00  0.00000000E+00  0.13699306E+20  0.12385934E+20
  0.93785217E+18 -0.19648951E+19 -0.84639343E+18 -0.22846576E+20 -0.12717565E+20
 -0.11452033E+21 -0.37035435E+21 -0.54052276E+21 -0.13912911E+22 -0.29267761E+22
 -0.63575325E+22 -0.14590630E+23 -0.31864118E+23 -0.56088090E+23 -0.55419456E+23
 -0.28283259E+23 -0.17491900E+23 -0.11491785E+23 -0.83058791E+22 -0.56374517E+22
  0.34685120E+22  0.67201291E+22  0.10274385E+23  0.19914336E+23  0.27898484E+23
  0.33812650E+23  0.39412815E+23  0.45835972E+23  0.48477731E+23  0.53530956E+23
  0.58569170E+23  0.60245262E+23  0.62488341E+23  0.67455737E+23  0.71307499E+23
  0.71896832E+23  0.73208776E+23  0.74298624E+23  0.72897842E+23
  0.27003745E+19  0.00000000E+00 -0.49267960E+18  0.00000000E+00  0.82198668E+19
  0.00000000E+00 -0.33485907E+18 -0.97731768E+18  0.13481593E+18  0.00000000E+00
  0.00000000E+00  0.00000000E+00  0.10728919E+18  0.00000000E+00 -0.13033489E+19
 -0.11033470E+19 -0.12800288E+19  0.36002809E+19 -0.55200826E+19 -0.48670657E+19
  0.00000000E+00  0.00000000E+00  0.00000000E+00  0.29893351E+19  0.15098866E+20
  0.00000000E+00  0.13159519E+20  0.15645507E+20 -0.70466510E+19 -0.41489337E+20
 -0.11580595E+21 -0.17352135E+21 -0.45213132E+21 -0.99453220E+21 -0.30908336E+22
 -0.75096274E+22 -0.16949516E+23 -0.35338670E+23 -0.54219100E+23 -0.42965510E+23
 -0.19719774E+23 -0.96971728E+22 -0.84650528E+22 -0.83957889E+21  0.39738512E+22
  0.79624400E+22  0.92916146E+22  0.17582918E+23  0.19649170E+23  0.24004236E+23
  0.26770457E+23  0.29850150E+23  0.36438119E+23  0.44153562E+23  0.47228138E+23
  0.46548938E+23  0.49316237E+23  0.51866370E+23  0.55506027E+23  0.58448424E+23
  0.60125197E+23  0.61694260E+23  0.61699453E+23  0.61753993E+23
  0.24109547E+19  0.20072000E+18  0.71122792E+19  0.00000000E+00  0.91004827E+19
  0.64344048E+18  0.00000000E+00 -0.24420554E+19  0.76470158E+18  0.00000000E+00
  0.00000000E+00  0.00000000E+00  0.00000000E+00  0.00000000E+00 -0.21281987E+19
 -0.73635261E+18 -0.34716471E+19 -0.37765593E+19 -0.56259458E+19 -0.34358181E+19
  0.15437204E+19  0.00000000E+00  0.00000000E+00 -0.26068347E+19  0.32777654E+19
  0.00000000E+00 -0.85904032E+19 -0.13447327E+06  0.58917461E+19 -0.16063407E+20
 -0.92261310E+20 -0.25654551E+21 -0.60588606E+21 -0.14395128E+22 -0.33740198E+22
 -0.78539872E+22 -0.18373259E+23 -0.37546244E+23 -0.48448898E+23 -0.27015628E+23
 -0.73435674E+22 -0.23038132E+22 -0.10663355E+22 -0.34953529E+22  0.23111282E+22
  0.35503219E+22  0.90508033E+22  0.11644317E+23  0.17333667E+23  0.18590384E+23
  0.20527193E+23  0.26013125E+23  0.26497018E+23  0.26384933E+23  0.27311488E+23
  0.31621388E+23  0.35216322E+23  0.37992848E+23  0.39261418E+23  0.39885837E+23
  0.41604975E+23  0.42622670E+23  0.42969219E+23  0.43648547E+23
 -0.87069702E+18  0.13993202E+19  0.12032586E+20  0.00000000E+00  0.00000000E+00
  0.10782915E+20  0.00000000E+00 -0.24420554E+19  0.00000000E+00  0.00000000E+00
  0.00000000E+00  0.00000000E+00  0.00000000E+00  0.00000000E+00 -0.85138678E+19
 -0.44612239E+18 -0.29369529E+19 -0.12046544E+19 -0.11140001E+20 -0.16993069E+18
 -0.46710515E+18  0.00000000E+00  0.00000000E+00 -0.86117418E+18  0.00000000E+00
 -0.73637835E+19 -0.94815334E+19  0.00000000E+00 -0.26441427E+20 -0.75196444E+20
 -0.15183761E+21 -0.28679031E+21 -0.72799044E+21 -0.15351697E+22 -0.30338941E+22
 -0.73984901E+22 -0.17478127E+23 -0.34219623E+23 -0.34512546E+23 -0.54349577E+22
  0.68671808E+22  0.53765638E+22  0.33657675E+22  0.27065380E+22  0.25590516E+22
  0.39993468E+22  0.46394031E+22  0.52951402E+22  0.47417036E+22  0.68341743E+22
  0.10568116E+23  0.10957615E+23  0.12405851E+23  0.14498211E+23  0.17175281E+23
  0.17849504E+23  0.18330122E+23  0.19043395E+23  0.19720888E+23  0.20305013E+23
  0.20411453E+23  0.19665068E+23  0.19327867E+23  0.18311698E+23
  0.00000000E+00  0.00000000E+00  0.00000000E+00  0.00000000E+00  0.00000000E+00
  0.00000000E+00  0.00000000E+00  0.00000000E+00  0.00000000E+00  0.00000000E+00
  0.00000000E+00  0.00000000E+00  0.00000000E+00  0.00000000E+00  0.00000000E+00
  0.00000000E+00  0.00000000E+00  0.00000000E+00  0.00000000E+00  0.00000000E+00
  0.00000000E+00  0.00000000E+00  0.00000000E+00  0.00000000E+00  0.00000000E+00
  0.00000000E+00  0.00000000E+00 -0.37986705E+16  0.13808331E+17  0.00000000E+00
  0.00000000E+00  0.00000000E+00  0.40907490E+18 -0.90582139E+17  0.52274110E+18
 -0.26343753E+19 -0.19862670E+19  0.45645380E+18  0.18077226E+20 -0.61610656E+20
 -0.44683758E+21 -0.40616957E+22 -0.23071285E+23 -0.47284703E+23 -0.56896969E+23
 -0.57942371E+23 -0.61195213E+23 -0.59033614E+23 -0.58350906E+23 -0.59297647E+23
 -0.59747445E+23 -0.56060213E+23 -0.54177899E+23 -0.49865925E+23 -0.51342505E+23
 -0.47973627E+23 -0.45413332E+23 -0.39283185E+23 -0.37509412E+23 -0.36230991E+23
 -0.35435704E+23 -0.33516802E+23 -0.32028511E+23 -0.31854743E+23
  0.00000000E+00  0.00000000E+00  0.00000000E+00  0.00000000E+00  0.00000000E+00
  0.00000000E+00  0.00000000E+00  0.00000000E+00  0.00000000E+00  0.00000000E+00
  0.00000000E+00  0.00000000E+00  0.00000000E+00  0.00000000E+00  0.00000000E+00
  0.00000000E+00  0.00000000E+00  0.00000000E+00  0.00000000E+00  0.00000000E+00
  0.00000000E+00  0.00000000E+00  0.00000000E+00  0.00000000E+00  0.00000000E+00
  0.00000000E+00  0.00000000E+00  0.42446101E+17  0.00000000E+00  0.00000000E+00
  0.00000000E+00  0.00000000E+00  0.00000000E+00  0.00000000E+00  0.00000000E+00
  0.00000000E+00  0.00000000E+00  0.19736307E+19  0.24378143E+19 -0.13909028E+20
 -0.29286805E+21 -0.38202163E+22 -0.23171714E+23 -0.55906286E+23 -0.72314574E+23
 -0.72307983E+23 -0.69762457E+23 -0.68922883E+23 -0.66680848E+23 -0.63429721E+23
 -0.62100893E+23 -0.63280583E+23 -0.59285889E+23 -0.56257161E+23 -0.51987584E+23
 -0.50774206E+23 -0.46683752E+23 -0.45800165E+23 -0.43705229E+23 -0.43311719E+23
 -0.43394630E+23 -0.42505918E+23 -0.43696327E+23 -0.44971786E+23
  0.00000000E+00  0.00000000E+00  0.00000000E+00  0.00000000E+00  0.00000000E+00
  0.00000000E+00  0.00000000E+00  0.00000000E+00  0.00000000E+00  0.00000000E+00
  0.00000000E+00  0.00000000E+00  0.00000000E+00  0.00000000E+00  0.00000000E+00
  0.00000000E+00  0.00000000E+00  0.00000000E+00  0.00000000E+00  0.00000000E+00
  0.00000000E+00  0.00000000E+00  0.00000000E+00  0.00000000E+00  0.00000000E+00
  0.00000000E+00  0.00000000E+00  0.00000000E+00  0.00000000E+00  0.00000000E+00
  0.00000000E+00  0.00000000E+00  0.00000000E+00  0.00000000E+00  0.00000000E+00
  0.00000000E+00  0.00000000E+00  0.00000000E+00  0.00000000E+00 -0.36195402E+19
 -0.24961527E+21 -0.31586650E+22 -0.21707531E+23 -0.57271635E+23 -0.75625680E+23
 -0.81715531E+23 -0.78291175E+23 -0.74799657E+23 -0.70269539E+23 -0.72188402E+23
 -0.70446464E+23 -0.64021540E+23 -0.59677851E+23 -0.59471242E+23 -0.56870053E+23
 -0.52501551E+23 -0.50884414E+23 -0.51697977E+23 -0.50980186E+23 -0.50228136E+23
 -0.48289504E+23 -0.51570991E+23 -0.50703177E+23 -0.51234976E+23
  0.00000000E+00  0.00000000E+00  0.00000000E+00  0.00000000E+00  0.00000000E+00
  0.00000000E+00  0.00000000E+00  0.00000000E+00  0.00000000E+00  0.00000000E+00
  0.00000000E+00  0.00000000E+00  0.00000000E+00  0.00000000E+00  0.00000000E+00
  0.00000000E+00  0.00000000E+00  0.00000000E+00  0.00000000E+00  0.00000000E+00
  0.00000000E+00  0.00000000E+00  0.00000000E+00  0.00000000E+00  0.00000000E+00
  0.00000000E+00  0.00000000E+00  0.00000000E+00  0.00000000E+00  0.00000000E+00
  0.00000000E+00  0.00000000E+00  0.00000000E+00  0.00000000E+00  0.00000000E+00
  0.00000000E+00  0.00000000E+00  0.00000000E+00  0.00000000E+00  0.00000000E+00
 -0.14476002E+21 -0.26329925E+22 -0.19934551E+23 -0.56503392E+23 -0.81255511E+23
 -0.88209018E+23 -0.85286846E+23 -0.83506984E+23 -0.82241635E+23 -0.74980255E+23
 -0.70326403E+23 -0.67378093E+23 -0.65871484E+23 -0.63449831E+23 -0.60419327E+23
 -0.57582131E+23 -0.56068644E+23 -0.53318592E+23 -0.54144843E+23 -0.54256288E+23
 -0.57086402E+23 -0.56928225E+23 -0.60377516E+23 -0.62263825E+23
  0.00000000E+00  0.00000000E+00  0.00000000E+00  0.00000000E+00  0.00000000E+00
  0.00000000E+00  0.00000000E+00  0.00000000E+00  0.00000000E+00  0.00000000E+00
  0.00000000E+00  0.00000000E+00  0.00000000E+00  0.00000000E+00  0.00000000E+00
  0.00000000E+00  0.00000000E+00  0.00000000E+00  0.00000000E+00  0.00000000E+00
  0.00000000E+00  0.00000000E+00  0.00000000E+00  0.00000000E+00  0.00000000E+00
  0.00000000E+00  0.00000000E+00  0.00000000E+00  0.00000000E+00  0.00000000E+00
  0.00000000E+00  0.00000000E+00  0.00000000E+00  0.00000000E+00  0.00000000E+00
  0.00000000E+00  0.00000000E+00  0.00000000E+00  0.00000000E+00 -0.19259178E+20
 -0.24081315E+21 -0.21517665E+22 -0.17556900E+23 -0.55140005E+23 -0.80736919E+23
 -0.89237940E+23 -0.88358719E+23 -0.91521998E+23 -0.87470916E+23 -0.78018645E+23
 -0.72414727E+23 -0.73593612E+23 -0.72143811E+23 -0.70986616E+23 -0.64856652E+23
 -0.65914705E+23 -0.65449878E+23 -0.63924874E+23 -0.63716585E+23 -0.62962575E+23
 -0.62056852E+23 -0.63377212E+23 -0.66078618E+23 -0.65039916E+23
  0.00000000E+00  0.00000000E+00  0.00000000E+00  0.00000000E+00  0.00000000E+00
  0.00000000E+00  0.00000000E+00  0.00000000E+00  0.00000000E+00  0.00000000E+00
  0.00000000E+00  0.00000000E+00  0.00000000E+00  0.00000000E+00  0.00000000E+00
  0.00000000E+00  0.00000000E+00  0.00000000E+00  0.00000000E+00  0.00000000E+00
  0.00000000E+00  0.00000000E+00  0.00000000E+00  0.00000000E+00  0.00000000E+00
  0.00000000E+00  0.00000000E+00  0.00000000E+00  0.00000000E+00  0.00000000E+00
  0.00000000E+00  0.00000000E+00  0.00000000E+00  0.00000000E+00  0.00000000E+00
  0.00000000E+00  0.00000000E+00  0.00000000E+00  0.00000000E+00  0.00000000E+00
 -0.13338800E+21 -0.15790314E+22 -0.14985250E+23 -0.53320418E+23 -0.81672678E+23
 -0.89285765E+23 -0.91581942E+23 -0.89950946E+23 -0.87591054E+23 -0.84364574E+23
 -0.80108793E+23 -0.76457463E+23 -0.72590648E+23 -0.70706419E+23 -0.71967545E+23
 -0.69353731E+23 -0.71779334E+23 -0.74433694E+23 -0.72380965E+23 -0.71858059E+23
 -0.72562517E+23 -0.72712216E+23 -0.71302514E+23 -0.72174259E+23
  0.00000000E+00  0.00000000E+00  0.00000000E+00  0.00000000E+00  0.00000000E+00
  0.00000000E+00  0.00000000E+00  0.00000000E+00  0.00000000E+00  0.00000000E+00
  0.00000000E+00  0.00000000E+00  0.00000000E+00  0.00000000E+00  0.00000000E+00
  0.00000000E+00  0.00000000E+00  0.00000000E+00  0.00000000E+00  0.00000000E+00
  0.00000000E+00  0.00000000E+00  0.00000000E+00  0.00000000E+00  0.00000000E+00
  0.00000000E+00  0.00000000E+00  0.00000000E+00  0.00000000E+00  0.00000000E+00
  0.00000000E+00  0.00000000E+00  0.00000000E+00  0.00000000E+00  0.00000000E+00
  0.00000000E+00  0.00000000E+00  0.00000000E+00  0.00000000E+00  0.00000000E+00
 -0.70358362E+20 -0.11064767E+22 -0.11023166E+23 -0.47929946E+23 -0.78934342E+23
 -0.94045815E+23 -0.94492785E+23 -0.88737400E+23 -0.87703851E+23 -0.89142061E+23
 -0.82813635E+23 -0.80353440E+23 -0.77896521E+23 -0.76135284E+23 -0.75304843E+23
 -0.76349398E+23 -0.77987879E+23 -0.75505090E+23 -0.77667922E+23 -0.77033388E+23
 -0.76193751E+23 -0.76994429E+23 -0.76056209E+23 -0.77267763E+23
  0.00000000E+00  0.00000000E+00  0.00000000E+00  0.00000000E+00  0.00000000E+00
  0.00000000E+00  0.00000000E+00  0.00000000E+00  0.00000000E+00  0.00000000E+00
  0.00000000E+00  0.00000000E+00  0.00000000E+00  0.00000000E+00  0.00000000E+00
  0.00000000E+00  0.00000000E+00  0.00000000E+00  0.00000000E+00  0.00000000E+00
  0.00000000E+00  0.00000000E+00  0.00000000E+00  0.00000000E+00  0.00000000E+00
  0.00000000E+00  0.00000000E+00  0.00000000E+00  0.00000000E+00  0.00000000E+00
  0.00000000E+00  0.00000000E+00  0.00000000E+00  0.00000000E+00  0.00000000E+00
  0.00000000E+00  0.00000000E+00  0.00000000E+00  0.00000000E+00 -0.36767361E+19
 -0.26980228E+20 -0.81653292E+21 -0.97449001E+22 -0.41938523E+23 -0.79101000E+23
 -0.94546576E+23 -0.95382396E+23 -0.89741569E+23 -0.89479497E+23 -0.85959637E+23
 -0.84598783E+23 -0.78984458E+23 -0.80129852E+23 -0.80318669E+23 -0.79864167E+23
 -0.79930470E+23 -0.79710246E+23 -0.82744108E+23 -0.81618882E+23 -0.82402457E+23
 -0.80319138E+23 -0.77780192E+23 -0.76965058E+23 -0.76497119E+23
  0.00000000E+00  0.00000000E+00  0.00000000E+00  0.00000000E+00  0.00000000E+00
  0.00000000E+00  0.00000000E+00  0.00000000E+00  0.00000000E+00  0.00000000E+00
  0.00000000E+00  0.00000000E+00  0.00000000E+00  0.00000000E+00  0.00000000E+00
  0.00000000E+00  0.00000000E+00  0.00000000E+00  0.00000000E+00  0.00000000E+00
  0.00000000E+00  0.00000000E+00  0.00000000E+00  0.00000000E+00  0.00000000E+00
  0.00000000E+00  0.00000000E+00  0.00000000E+00  0.00000000E+00  0.00000000E+00
  0.00000000E+00  0.00000000E+00  0.00000000E+00  0.00000000E+00  0.00000000E+00
  0.00000000E+00  0.00000000E+00  0.00000000E+00  0.00000000E+00 -0.34715693E+18
 -0.24714888E+20 -0.53969883E+21 -0.81301942E+22 -0.39839050E+23 -0.78696565E+23
 -0.93618393E+23 -0.94326581E+23 -0.94886071E+23 -0.92919545E+23 -0.87932430E+23
 -0.85459338E+23 -0.85365037E+23 -0.80427134E+23 -0.80544145E+23 -0.81504480E+23
 -0.83734300E+23 -0.81987772E+23 -0.82119309E+23 -0.84200424E+23 -0.84913568E+23
 -0.85275939E+23 -0.84093502E+23 -0.84247524E+23 -0.81548958E+23
  0.00000000E+00  0.00000000E+00  0.00000000E+00  0.00000000E+00  0.00000000E+00
  0.00000000E+00  0.00000000E+00  0.00000000E+00  0.00000000E+00  0.00000000E+00
  0.00000000E+00  0.00000000E+00  0.00000000E+00  0.00000000E+00  0.00000000E+00
  0.00000000E+00  0.00000000E+00  0.00000000E+00  0.00000000E+00  0.00000000E+00
  0.00000000E+00  0.00000000E+00  0.00000000E+00  0.00000000E+00  0.00000000E+00
  0.00000000E+00  0.00000000E+00  0.00000000E+00  0.00000000E+00  0.00000000E+00
  0.00000000E+00  0.00000000E+00  0.00000000E+00  0.00000000E+00  0.00000000E+00
  0.00000000E+00  0.00000000E+00  0.00000000E+00  0.00000000E+00  0.00000000E+00
 -0.85698135E+19 -0.57245286E+21 -0.74574943E+22 -0.37445324E+23 -0.76944060E+23
 -0.92077618E+23 -0.94693070E+23 -0.95988588E+23 -0.93947439E+23 -0.86903958E+23
 -0.86291252E+23 -0.83741436E+23 -0.84667769E+23 -0.82615342E+23 -0.83710874E+23
 -0.83644562E+23 -0.84814847E+23 -0.85135703E+23 -0.83654703E+23 -0.82125249E+23
 -0.84870967E+23 -0.87620863E+23 -0.84561143E+23 -0.85409439E+23
  0.00000000E+00  0.00000000E+00  0.00000000E+00  0.00000000E+00  0.00000000E+00
  0.00000000E+00  0.00000000E+00  0.00000000E+00  0.00000000E+00  0.00000000E+00
  0.00000000E+00  0.00000000E+00  0.00000000E+00  0.00000000E+00  0.00000000E+00
  0.00000000E+00  0.00000000E+00  0.00000000E+00  0.00000000E+00  0.00000000E+00
  0.00000000E+00  0.00000000E+00  0.00000000E+00  0.00000000E+00  0.00000000E+00
  0.00000000E+00  0.00000000E+00  0.00000000E+00  0.00000000E+00  0.00000000E+00
  0.00000000E+00  0.00000000E+00  0.00000000E+00  0.00000000E+00  0.00000000E+00
  0.00000000E+00  0.00000000E+00  0.00000000E+00  0.00000000E+00  0.00000000E+00
 -0.74685468E+19 -0.33753792E+21 -0.69459835E+22 -0.36591029E+23 -0.75180484E+23
 -0.89945338E+23 -0.97114055E+23 -0.95642498E+23 -0.94504305E+23 -0.90761872E+23
 -0.82398340E+23 -0.84734287E+23 -0.86424298E+23 -0.84144159E+23 -0.84939285E+23
 -0.83536024E+23 -0.83844315E+23 -0.88726999E+23 -0.86539119E+23 -0.91121387E+23
 -0.86803121E+23 -0.81787861E+23 -0.86685081E+23 -0.87932355E+23
  0.00000000E+00  0.00000000E+00  0.00000000E+00  0.00000000E+00  0.00000000E+00
  0.00000000E+00  0.00000000E+00  0.00000000E+00  0.00000000E+00  0.00000000E+00
  0.00000000E+00  0.00000000E+00  0.00000000E+00  0.00000000E+00  0.00000000E+00
  0.00000000E+00  0.00000000E+00  0.00000000E+00  0.00000000E+00  0.00000000E+00
  0.00000000E+00  0.00000000E+00  0.00000000E+00  0.00000000E+00  0.00000000E+00
  0.00000000E+00  0.00000000E+00  0.00000000E+00  0.00000000E+00  0.00000000E+00
  0.00000000E+00  0.00000000E+00  0.00000000E+00  0.00000000E+00  0.00000000E+00
  0.00000000E+00  0.00000000E+00  0.00000000E+00  0.00000000E+00  0.00000000E+00
 -0.81156276E+19 -0.30385778E+21 -0.58281711E+22 -0.34267484E+23 -0.74845893E+23
 -0.93714169E+23 -0.98631295E+23 -0.97060234E+23 -0.93307725E+23 -0.93966240E+23
 -0.87674331E+23 -0.85816630E+23 -0.85766584E+23 -0.87768800E+23 -0.87187242E+23
 -0.85687999E+23 -0.86013296E+23 -0.87989018E+23 -0.88739167E+23 -0.87288726E+23
 -0.88560051E+23 -0.88683674E+23 -0.87634670E+23 -0.85184827E+23
  0.00000000E+00  0.00000000E+00  0.00000000E+00  0.00000000E+00  0.00000000E+00
  0.00000000E+00  0.00000000E+00  0.00000000E+00  0.00000000E+00  0.00000000E+00
  0.00000000E+00  0.00000000E+00  0.00000000E+00  0.00000000E+00  0.00000000E+00
  0.00000000E+00  0.00000000E+00  0.00000000E+00  0.00000000E+00  0.00000000E+00
  0.00000000E+00  0.00000000E+00  0.00000000E+00  0.00000000E+00  0.00000000E+00
  0.00000000E+00  0.00000000E+00  0.00000000E+00  0.00000000E+00  0.00000000E+00
  0.00000000E+00  0.00000000E+00  0.00000000E+00  0.00000000E+00  0.00000000E+00
  0.00000000E+00  0.00000000E+00  0.00000000E+00  0.00000000E+00  0.00000000E+00
 -0.59109717E+20 -0.42299981E+21 -0.54171947E+22 -0.32580957E+23 -0.73204276E+23
 -0.93659350E+23 -0.98741190E+23 -0.98609629E+23 -0.92195264E+23 -0.94226795E+23
 -0.93279509E+23 -0.92448965E+23 -0.92341231E+23 -0.90849112E+23 -0.91496353E+23
 -0.94587178E+23 -0.94182187E+23 -0.88309572E+23 -0.91986024E+23 -0.88417966E+23
 -0.88533629E+23 -0.87687043E+23 -0.86925062E+23 -0.88956309E+23
  0.00000000E+00  0.00000000E+00  0.00000000E+00  0.00000000E+00  0.00000000E+00
  0.00000000E+00  0.00000000E+00  0.00000000E+00  0.00000000E+00  0.00000000E+00
  0.00000000E+00  0.00000000E+00  0.00000000E+00  0.00000000E+00  0.00000000E+00
  0.00000000E+00  0.00000000E+00  0.00000000E+00  0.00000000E+00  0.00000000E+00
  0.00000000E+00  0.00000000E+00  0.00000000E+00  0.00000000E+00  0.00000000E+00
  0.00000000E+00  0.00000000E+00  0.00000000E+00  0.00000000E+00  0.00000000E+00
  0.00000000E+00  0.00000000E+00  0.00000000E+00  0.00000000E+00  0.00000000E+00
  0.00000000E+00  0.00000000E+00  0.00000000E+00  0.00000000E+00 -0.96928223E+19
 -0.22653180E+20 -0.28864627E+21 -0.53998298E+22 -0.32335031E+23 -0.73092490E+23
 -0.92152638E+23 -0.96900211E+23 -0.93444540E+23 -0.95319524E+23 -0.95371646E+23
 -0.95994804E+23 -0.93427624E+23 -0.89321618E+23 -0.91409037E+23 -0.91967430E+23
 -0.89063016E+23 -0.91021222E+23 -0.91536020E+23 -0.86440820E+23 -0.89985426E+23
 -0.90076130E+23 -0.92396342E+23 -0.90254907E+23 -0.88659995E+23
  0.00000000E+00  0.00000000E+00  0.00000000E+00  0.00000000E+00  0.00000000E+00
  0.00000000E+00  0.00000000E+00  0.00000000E+00  0.00000000E+00  0.00000000E+00
  0.00000000E+00  0.00000000E+00  0.00000000E+00  0.00000000E+00  0.00000000E+00
  0.00000000E+00  0.00000000E+00  0.00000000E+00  0.00000000E+00  0.00000000E+00
  0.00000000E+00  0.00000000E+00  0.00000000E+00  0.00000000E+00  0.00000000E+00
  0.00000000E+00  0.00000000E+00  0.00000000E+00  0.00000000E+00  0.00000000E+00
  0.00000000E+00  0.00000000E+00  0.00000000E+00  0.00000000E+00  0.00000000E+00
  0.00000000E+00  0.00000000E+00  0.00000000E+00  0.00000000E+00 -0.55072317E+19
  0.00000000E+00 -0.37173604E+21 -0.58469309E+22 -0.34653039E+23 -0.73642569E+23
 -0.90890488E+23 -0.95857814E+23 -0.97203966E+23 -0.96384703E+23 -0.95269682E+23
 -0.96385358E+23 -0.92608884E+23 -0.95779348E+23 -0.97017584E+23 -0.94049746E+23
 -0.94809867E+23 -0.90546941E+23 -0.90341871E+23 -0.89198051E+23 -0.90238575E+23
 -0.91273843E+23 -0.90590960E+23 -0.94672016E+23 -0.92964896E+23
  0.00000000E+00  0.00000000E+00  0.00000000E+00  0.00000000E+00  0.00000000E+00
  0.00000000E+00  0.00000000E+00  0.00000000E+00  0.00000000E+00  0.00000000E+00
  0.00000000E+00  0.00000000E+00  0.00000000E+00  0.00000000E+00  0.00000000E+00
  0.00000000E+00  0.00000000E+00  0.00000000E+00  0.00000000E+00  0.00000000E+00
  0.00000000E+00  0.00000000E+00  0.00000000E+00  0.00000000E+00  0.00000000E+00
  0.00000000E+00  0.00000000E+00  0.00000000E+00  0.00000000E+00  0.00000000E+00
  0.00000000E+00  0.00000000E+00  0.00000000E+00  0.00000000E+00  0.00000000E+00
  0.00000000E+00  0.00000000E+00  0.00000000E+00  0.00000000E+00 -0.85112818E+18
 -0.42476032E+20 -0.57310116E+21 -0.72428792E+22 -0.35267053E+23 -0.73434883E+23
 -0.92276147E+23 -0.98236713E+23 -0.97822734E+23 -0.98405758E+23 -0.95413837E+23
 -0.94526997E+23 -0.95444223E+23 -0.96021824E+23 -0.95296777E+23 -0.97348422E+23
 -0.95120264E+23 -0.96033077E+23 -0.93041614E+23 -0.95040667E+23 -0.92666857E+23
 -0.93592519E+23 -0.94031271E+23 -0.93182350E+23 -0.95033570E+23
  0.00000000E+00  0.00000000E+00  0.00000000E+00  0.00000000E+00  0.00000000E+00
  0.00000000E+00  0.00000000E+00  0.00000000E+00  0.00000000E+00  0.00000000E+00
  0.00000000E+00  0.00000000E+00  0.00000000E+00  0.00000000E+00  0.00000000E+00
  0.00000000E+00  0.00000000E+00  0.00000000E+00  0.00000000E+00  0.00000000E+00
  0.00000000E+00  0.00000000E+00  0.00000000E+00  0.00000000E+00  0.00000000E+00
  0.00000000E+00  0.00000000E+00  0.00000000E+00  0.00000000E+00  0.00000000E+00
  0.00000000E+00  0.00000000E+00  0.00000000E+00  0.00000000E+00  0.00000000E+00
  0.00000000E+00  0.00000000E+00  0.00000000E+00  0.00000000E+00 -0.26529597E+19
 -0.69035904E+20 -0.73476674E+21 -0.90121709E+22 -0.40124461E+23 -0.75624475E+23
 -0.88848700E+23 -0.94605858E+23 -0.97414235E+23 -0.98793589E+23 -0.96288317E+23
 -0.95845352E+23 -0.97205932E+23 -0.94300016E+23 -0.95199920E+23 -0.94568627E+23
 -0.94807526E+23 -0.91728298E+23 -0.93140338E+23 -0.93918396E+23 -0.94801637E+23
 -0.95123278E+23 -0.96141708E+23 -0.95407063E+23 -0.93607778E+23
  0.00000000E+00  0.00000000E+00  0.00000000E+00  0.00000000E+00  0.00000000E+00
  0.00000000E+00  0.00000000E+00  0.00000000E+00  0.00000000E+00  0.00000000E+00
  0.00000000E+00  0.00000000E+00  0.00000000E+00  0.00000000E+00  0.00000000E+00
  0.00000000E+00  0.00000000E+00  0.00000000E+00  0.00000000E+00  0.00000000E+00
  0.00000000E+00  0.00000000E+00  0.00000000E+00  0.00000000E+00  0.00000000E+00
  0.00000000E+00  0.00000000E+00  0.00000000E+00  0.00000000E+00  0.00000000E+00
  0.00000000E+00  0.00000000E+00  0.00000000E+00  0.00000000E+00  0.00000000E+00
  0.00000000E+00  0.00000000E+00  0.00000000E+00  0.00000000E+00 -0.23425076E+19
 -0.77089814E+20 -0.12882443E+22 -0.12158406E+23 -0.44561936E+23 -0.77333042E+23
 -0.91617204E+23 -0.95471393E+23 -0.10061188E+24 -0.98667209E+23 -0.98024753E+23
 -0.97882483E+23 -0.96459818E+23 -0.96847224E+23 -0.94121779E+23 -0.95102106E+23
 -0.96230550E+23 -0.95829735E+23 -0.95404032E+23 -0.95064093E+23 -0.95216072E+23
 -0.94114463E+23 -0.94607490E+23 -0.94152192E+23 -0.92886565E+23
  0.00000000E+00  0.00000000E+00  0.00000000E+00  0.00000000E+00  0.00000000E+00
  0.00000000E+00  0.00000000E+00  0.00000000E+00  0.00000000E+00  0.00000000E+00
  0.00000000E+00  0.00000000E+00  0.00000000E+00  0.00000000E+00  0.00000000E+00
  0.00000000E+00  0.00000000E+00  0.00000000E+00  0.00000000E+00  0.00000000E+00
  0.00000000E+00  0.00000000E+00  0.00000000E+00  0.00000000E+00  0.00000000E+00
  0.00000000E+00  0.00000000E+00  0.00000000E+00  0.00000000E+00  0.00000000E+00
  0.00000000E+00  0.00000000E+00  0.00000000E+00  0.00000000E+00  0.00000000E+00
  0.00000000E+00  0.00000000E+00  0.00000000E+00  0.00000000E+00 -0.25799787E+18
 -0.15330250E+21 -0.19881885E+22 -0.16950016E+23 -0.51595970E+23 -0.81762396E+23
 -0.92396650E+23 -0.95737301E+23 -0.95981931E+23 -0.96544377E+23 -0.10099734E+24
 -0.99991810E+23 -0.95902102E+23 -0.94887421E+23 -0.95799203E+23 -0.93980268E+23
 -0.95526311E+23 -0.96278485E+23 -0.94226202E+23 -0.95458290E+23 -0.95069284E+23
 -0.94584659E+23 -0.93986118E+23 -0.94647790E+23 -0.96642134E+23
  0.00000000E+00  0.00000000E+00  0.00000000E+00  0.00000000E+00  0.00000000E+00
  0.00000000E+00  0.00000000E+00  0.00000000E+00  0.00000000E+00  0.00000000E+00
  0.00000000E+00  0.00000000E+00  0.00000000E+00  0.00000000E+00  0.00000000E+00
  0.00000000E+00  0.00000000E+00  0.00000000E+00  0.00000000E+00  0.00000000E+00
  0.00000000E+00  0.00000000E+00  0.00000000E+00  0.00000000E+00  0.00000000E+00
  0.00000000E+00  0.00000000E+00  0.00000000E+00  0.00000000E+00  0.00000000E+00
  0.00000000E+00  0.00000000E+00  0.00000000E+00  0.00000000E+00  0.00000000E+00
  0.00000000E+00  0.00000000E+00  0.00000000E+00  0.00000000E+00 -0.16304136E+20
 -0.20373581E+21 -0.41708350E+22 -0.23346556E+23 -0.58373894E+23 -0.81902214E+23
 -0.93367280E+23 -0.96470608E+23 -0.96978064E+23 -0.96045420E+23 -0.94788835E+23
 -0.95414713E+23 -0.98723235E+23 -0.97180453E+23 -0.94410680E+23 -0.93829290E+23
 -0.91547158E+23 -0.91955487E+23 -0.94550505E+23 -0.94205870E+23 -0.93794253E+23
 -0.92783863E+23 -0.92073423E+23 -0.92247460E+23 -0.90789747E+23
  0.00000000E+00  0.00000000E+00  0.00000000E+00  0.00000000E+00  0.00000000E+00
  0.00000000E+00  0.00000000E+00  0.00000000E+00  0.00000000E+00  0.00000000E+00
  0.00000000E+00  0.00000000E+00  0.00000000E+00  0.00000000E+00  0.00000000E+00
  0.00000000E+00  0.00000000E+00  0.00000000E+00  0.00000000E+00  0.00000000E+00
  0.00000000E+00  0.00000000E+00  0.00000000E+00  0.00000000E+00  0.00000000E+00
  0.00000000E+00  0.00000000E+00  0.00000000E+00  0.00000000E+00  0.00000000E+00
  0.00000000E+00  0.00000000E+00  0.00000000E+00  0.00000000E+00  0.00000000E+00
  0.00000000E+00  0.00000000E+00  0.00000000E+00 -0.37943566E+19 -0.35001044E+20
 -0.77959025E+21 -0.74536012E+22 -0.33193033E+23 -0.66200021E+23 -0.84868191E+23
 -0.92636871E+23 -0.95191550E+23 -0.95411867E+23 -0.98425831E+23 -0.96965752E+23
 -0.95869871E+23 -0.96142157E+23 -0.96061069E+23 -0.95501246E+23 -0.93748831E+23
 -0.94691601E+23 -0.93072998E+23 -0.93341102E+23 -0.93238767E+23 -0.92408424E+23
 -0.90882984E+23 -0.89018103E+23 -0.87491156E+23 -0.87537888E+23
  0.00000000E+00  0.00000000E+00  0.00000000E+00  0.00000000E+00  0.00000000E+00
  0.00000000E+00  0.00000000E+00  0.00000000E+00  0.00000000E+00  0.00000000E+00
  0.00000000E+00  0.00000000E+00  0.00000000E+00  0.00000000E+00  0.00000000E+00
  0.00000000E+00  0.00000000E+00  0.00000000E+00  0.00000000E+00  0.00000000E+00
  0.00000000E+00  0.00000000E+00  0.00000000E+00  0.00000000E+00  0.00000000E+00
  0.00000000E+00  0.00000000E+00  0.00000000E+00  0.00000000E+00  0.00000000E+00
  0.00000000E+00  0.00000000E+00  0.00000000E+00  0.00000000E+00  0.00000000E+00
  0.00000000E+00  0.00000000E+00  0.00000000E+00 -0.75237933E+19 -0.20140964E+21
 -0.21200005E+22 -0.13839468E+23 -0.43310126E+23 -0.69561690E+23 -0.85126166E+23
 -0.90937584E+23 -0.96282861E+23 -0.96540612E+23 -0.92062860E+23 -0.92994749E+23
 -0.96373210E+23 -0.94445814E+23 -0.92756127E+23 -0.93363363E+23 -0.92434936E+23
 -0.90876135E+23 -0.90241712E+23 -0.89575533E+23 -0.87818598E+23 -0.90097131E+23
 -0.91528880E+23 -0.91310077E+23 -0.90441168E+23 -0.89776167E+23
  0.00000000E+00  0.00000000E+00  0.00000000E+00  0.00000000E+00  0.00000000E+00
  0.00000000E+00  0.00000000E+00  0.00000000E+00  0.00000000E+00  0.00000000E+00
  0.00000000E+00  0.00000000E+00  0.00000000E+00  0.00000000E+00  0.00000000E+00
  0.00000000E+00  0.00000000E+00  0.00000000E+00  0.00000000E+00  0.00000000E+00
  0.00000000E+00  0.00000000E+00  0.00000000E+00  0.00000000E+00  0.00000000E+00
  0.00000000E+00  0.00000000E+00  0.00000000E+00  0.00000000E+00  0.00000000E+00
  0.00000000E+00  0.00000000E+00  0.00000000E+00  0.00000000E+00  0.00000000E+00
  0.00000000E+00  0.00000000E+00  0.00000000E+00 -0.76625288E+20 -0.48514078E+21
 -0.41927625E+22 -0.22733000E+23 -0.53645244E+23 -0.76947416E+23 -0.86009963E+23
 -0.92052579E+23 -0.92630354E+23 -0.94338921E+23 -0.94314119E+23 -0.95517904E+23
 -0.92411419E+23 -0.90899242E+23 -0.92828691E+23 -0.90966143E+23 -0.90341125E+23
 -0.90468908E+23 -0.91121036E+23 -0.88521660E+23 -0.89335360E+23 -0.86471672E+23
 -0.86721553E+23 -0.87453570E+23 -0.87437991E+23 -0.85941218E+23
  0.00000000E+00  0.00000000E+00  0.00000000E+00  0.00000000E+00  0.00000000E+00
  0.00000000E+00  0.00000000E+00  0.00000000E+00  0.00000000E+00  0.00000000E+00
  0.00000000E+00  0.00000000E+00  0.00000000E+00  0.00000000E+00  0.00000000E+00
  0.00000000E+00  0.00000000E+00  0.00000000E+00  0.00000000E+00  0.00000000E+00
  0.00000000E+00  0.00000000E+00  0.00000000E+00  0.00000000E+00  0.00000000E+00
  0.00000000E+00  0.00000000E+00  0.00000000E+00  0.00000000E+00  0.00000000E+00
  0.00000000E+00  0.00000000E+00  0.00000000E+00  0.00000000E+00  0.00000000E+00
  0.00000000E+00  0.00000000E+00 -0.30063153E+19 -0.10628078E+21 -0.15108993E+22
 -0.96898764E+22 -0.35707926E+23 -0.63649389E+23 -0.78851721E+23 -0.88341893E+23
 -0.91471580E+23 -0.93487535E+23 -0.91096624E+23 -0.92139408E+23 -0.89498648E+23
 -0.89158477E+23 -0.89303289E+23 -0.86506346E+23 -0.87812239E+23 -0.87064943E+23
 -0.85573283E+23 -0.85466903E+23 -0.85256662E+23 -0.86331715E+23 -0.86868072E+23
 -0.85347596E+23 -0.84087801E+23 -0.81866470E+23 -0.80645642E+23
  0.00000000E+00  0.00000000E+00  0.00000000E+00  0.00000000E+00  0.00000000E+00
  0.00000000E+00  0.00000000E+00  0.00000000E+00  0.00000000E+00  0.00000000E+00
  0.00000000E+00  0.00000000E+00  0.00000000E+00  0.00000000E+00  0.00000000E+00
  0.00000000E+00  0.00000000E+00  0.00000000E+00  0.00000000E+00  0.00000000E+00
  0.00000000E+00  0.00000000E+00  0.00000000E+00  0.00000000E+00  0.00000000E+00
  0.00000000E+00  0.00000000E+00  0.00000000E+00  0.00000000E+00  0.00000000E+00
  0.00000000E+00  0.00000000E+00  0.00000000E+00  0.00000000E+00  0.00000000E+00
  0.00000000E+00  0.00000000E+00 -0.46729780E+19 -0.29038064E+21 -0.30296618E+22
 -0.18069147E+23 -0.47031857E+23 -0.69922913E+23 -0.81821662E+23 -0.86439378E+23
 -0.88855945E+23 -0.87715881E+23 -0.87898785E+23 -0.88052022E+23 -0.87746216E+23
 -0.87687989E+23 -0.86842571E+23 -0.85050478E+23 -0.81786358E+23 -0.82657451E+23
 -0.83463114E+23 -0.81787174E+23 -0.82877106E+23 -0.79770865E+23 -0.77239257E+23
 -0.76066415E+23 -0.75152240E+23 -0.75188796E+23 -0.74737874E+23
  0.00000000E+00  0.00000000E+00  0.00000000E+00  0.00000000E+00  0.00000000E+00
  0.00000000E+00  0.00000000E+00  0.00000000E+00  0.00000000E+00  0.00000000E+00
  0.00000000E+00  0.00000000E+00  0.00000000E+00  0.00000000E+00  0.00000000E+00
  0.00000000E+00  0.00000000E+00  0.00000000E+00  0.00000000E+00  0.00000000E+00
  0.00000000E+00  0.00000000E+00  0.00000000E+00  0.00000000E+00  0.00000000E+00
  0.00000000E+00  0.00000000E+00  0.00000000E+00  0.00000000E+00  0.00000000E+00
  0.00000000E+00  0.00000000E+00  0.00000000E+00  0.00000000E+00  0.00000000E+00
  0.00000000E+00 -0.47611127E+19 -0.38845358E+20 -0.65517793E+21 -0.69838385E+22
 -0.28215021E+23 -0.57327430E+23 -0.74601713E+23 -0.81545875E+23 -0.85578107E+23
 -0.87198493E+23 -0.86505104E+23 -0.86613415E+23 -0.84094650E+23 -0.83509636E+23
 -0.83052090E+23 -0.82865930E+23 -0.82750064E+23 -0.83099948E+23 -0.81383415E+23
 -0.78807581E+23 -0.77885685E+23 -0.76172891E+23 -0.74364712E+23 -0.73222911E+23
 -0.72981672E+23 -0.72853568E+23 -0.71812323E+23 -0.71917245E+23
  0.00000000E+00  0.00000000E+00  0.00000000E+00  0.00000000E+00  0.00000000E+00
  0.00000000E+00  0.00000000E+00  0.00000000E+00  0.00000000E+00  0.00000000E+00
  0.00000000E+00  0.00000000E+00  0.00000000E+00  0.00000000E+00  0.00000000E+00
  0.00000000E+00  0.00000000E+00  0.00000000E+00  0.00000000E+00  0.00000000E+00
  0.00000000E+00  0.00000000E+00  0.00000000E+00  0.00000000E+00  0.00000000E+00
  0.00000000E+00  0.00000000E+00  0.00000000E+00  0.00000000E+00  0.00000000E+00
  0.00000000E+00  0.00000000E+00  0.00000000E+00  0.00000000E+00  0.00000000E+00
  0.00000000E+00 -0.27967885E+20 -0.20817028E+21 -0.19095062E+22 -0.12926360E+23
 -0.41176332E+23 -0.66243401E+23 -0.75635079E+23 -0.81452097E+23 -0.83077582E+23
 -0.84173721E+23 -0.84094344E+23 -0.81641609E+23 -0.80489830E+23 -0.78149837E+23
 -0.76687394E+23 -0.75008368E+23 -0.75131883E+23 -0.73350215E+23 -0.72459798E+23
 -0.72264995E+23 -0.70979723E+23 -0.69627520E+23 -0.68779366E+23 -0.69072560E+23
 -0.67343265E+23 -0.66569687E+23 -0.66207339E+23 -0.65016008E+23
  0.00000000E+00  0.00000000E+00  0.00000000E+00  0.00000000E+00  0.00000000E+00
  0.00000000E+00  0.00000000E+00  0.00000000E+00  0.00000000E+00  0.00000000E+00
  0.00000000E+00  0.00000000E+00  0.00000000E+00  0.00000000E+00  0.00000000E+00
  0.00000000E+00  0.00000000E+00  0.00000000E+00  0.00000000E+00  0.00000000E+00
  0.00000000E+00  0.00000000E+00  0.00000000E+00  0.00000000E+00  0.00000000E+00
  0.00000000E+00  0.00000000E+00  0.00000000E+00  0.00000000E+00  0.00000000E+00
  0.00000000E+00  0.00000000E+00  0.00000000E+00  0.00000000E+00  0.00000000E+00
 -0.77380439E+18 -0.17646383E+20 -0.31145763E+21 -0.38701171E+22 -0.22050141E+23
 -0.52280434E+23 -0.70542469E+23 -0.76641364E+23 -0.79117952E+23 -0.80370493E+23
 -0.80422563E+23 -0.80220583E+23 -0.78146710E+23 -0.75206574E+23 -0.74280561E+23
 -0.71297335E+23 -0.69664301E+23 -0.67065200E+23 -0.64791298E+23 -0.63448049E+23
 -0.62151421E+23 -0.61869521E+23 -0.61984624E+23 -0.62404935E+23 -0.61647082E+23
 -0.62291134E+23 -0.61881205E+23 -0.61609221E+23 -0.61870012E+23
  0.00000000E+00  0.00000000E+00  0.00000000E+00  0.00000000E+00  0.00000000E+00
  0.00000000E+00  0.00000000E+00  0.00000000E+00  0.00000000E+00  0.00000000E+00
  0.00000000E+00  0.00000000E+00  0.00000000E+00  0.00000000E+00  0.00000000E+00
  0.00000000E+00  0.00000000E+00  0.00000000E+00  0.00000000E+00  0.00000000E+00
  0.00000000E+00  0.00000000E+00  0.00000000E+00  0.00000000E+00  0.00000000E+00
  0.00000000E+00  0.00000000E+00  0.00000000E+00  0.00000000E+00  0.00000000E+00
  0.00000000E+00  0.00000000E+00  0.00000000E+00  0.00000000E+00  0.00000000E+00
  0.00000000E+00 -0.79583353E+20 -0.77300556E+21 -0.74231248E+22 -0.31174533E+23
 -0.56912010E+23 -0.71566086E+23 -0.77736233E+23 -0.77110851E+23 -0.78050621E+23
 -0.76665400E+23 -0.74040912E+23 -0.71467516E+23 -0.69972312E+23 -0.67465909E+23
 -0.64724885E+23 -0.61467461E+23 -0.60108873E+23 -0.60819187E+23 -0.59143553E+23
 -0.57413563E+23 -0.56456619E+23 -0.55643931E+23 -0.54839688E+23 -0.55518206E+23
 -0.55021060E+23 -0.54206093E+23 -0.53742608E+23 -0.52522830E+23
  0.00000000E+00  0.00000000E+00  0.00000000E+00  0.00000000E+00  0.00000000E+00
  0.00000000E+00  0.00000000E+00  0.00000000E+00  0.00000000E+00  0.00000000E+00
  0.00000000E+00  0.00000000E+00  0.00000000E+00  0.00000000E+00  0.00000000E+00
  0.00000000E+00  0.00000000E+00  0.00000000E+00  0.00000000E+00  0.00000000E+00
  0.00000000E+00  0.00000000E+00  0.00000000E+00  0.00000000E+00  0.00000000E+00
  0.00000000E+00  0.00000000E+00  0.00000000E+00  0.00000000E+00  0.00000000E+00
  0.00000000E+00  0.00000000E+00  0.00000000E+00  0.00000000E+00  0.00000000E+00
 -0.11174561E+20 -0.10920670E+21 -0.14034112E+22 -0.11489026E+23 -0.38425675E+23
 -0.61509563E+23 -0.69728005E+23 -0.73009625E+23 -0.74606527E+23 -0.71969180E+23
 -0.69333170E+23 -0.66772815E+23 -0.64856763E+23 -0.61115286E+23 -0.58207865E+23
 -0.57425092E+23 -0.55937052E+23 -0.54712776E+23 -0.51874885E+23 -0.50698160E+23
 -0.49752968E+23 -0.48420536E+23 -0.47834649E+23 -0.47204041E+23 -0.46194623E+23
 -0.45779067E+23 -0.46176937E+23 -0.45978119E+23 -0.45980815E+23
  0.00000000E+00  0.00000000E+00  0.00000000E+00  0.00000000E+00  0.00000000E+00
  0.00000000E+00  0.00000000E+00  0.00000000E+00  0.00000000E+00  0.00000000E+00
  0.00000000E+00  0.00000000E+00  0.00000000E+00  0.00000000E+00  0.00000000E+00
  0.00000000E+00  0.00000000E+00  0.00000000E+00  0.00000000E+00  0.00000000E+00
  0.00000000E+00  0.00000000E+00  0.00000000E+00  0.00000000E+00  0.00000000E+00
  0.00000000E+00  0.00000000E+00  0.00000000E+00  0.00000000E+00  0.00000000E+00
  0.00000000E+00  0.00000000E+00  0.00000000E+00  0.00000000E+00 -0.71595403E+18
 -0.11644759E+20 -0.22247278E+21 -0.23932482E+22 -0.15814214E+23 -0.43962726E+23
 -0.61187571E+23 -0.64677171E+23 -0.65800824E+23 -0.66018793E+23 -0.63898769E+23
 -0.61611688E+23 -0.58125530E+23 -0.55583927E+23 -0.53534745E+23 -0.51425196E+23
 -0.47808147E+23 -0.45479931E+23 -0.42135732E+23 -0.40382025E+23 -0.38070480E+23
 -0.36918346E+23 -0.37091236E+23 -0.36476984E+23 -0.35991860E+23 -0.34980712E+23
 -0.34679876E+23 -0.34292394E+23 -0.34007378E+23 -0.34611471E+23
  0.00000000E+00  0.00000000E+00  0.19128327E+18  0.00000000E+00  0.00000000E+00
  0.00000000E+00  0.00000000E+00  0.00000000E+00  0.00000000E+00  0.00000000E+00
  0.00000000E+00  0.00000000E+00  0.00000000E+00  0.00000000E+00  0.00000000E+00
  0.00000000E+00  0.00000000E+00  0.00000000E+00  0.00000000E+00  0.00000000E+00
  0.00000000E+00  0.00000000E+00  0.00000000E+00  0.00000000E+00  0.00000000E+00
  0.00000000E+00  0.00000000E+00  0.00000000E+00  0.85766228E+17  0.37304269E+18
  0.10395808E+18  0.26168414E+18  0.62443215E+18 -0.34352403E+19 -0.34886780E+19
 -0.38969866E+20 -0.33292237E+21 -0.30574231E+22 -0.17282976E+23 -0.39544746E+23
 -0.49663956E+23 -0.53475670E+23 -0.53971763E+23 -0.52766474E+23 -0.52215632E+23
 -0.50035102E+23 -0.49036773E+23 -0.47283127E+23 -0.45288396E+23 -0.42115184E+23
 -0.39960841E+23 -0.37392899E+23 -0.35424599E+23 -0.33197170E+23 -0.31657552E+23
 -0.29991246E+23 -0.27795991E+23 -0.25989878E+23 -0.24961263E+23 -0.24010683E+23
 -0.22987980E+23 -0.22370025E+23 -0.22626924E+23 -0.22253090E+23
  0.00000000E+00  0.00000000E+00 -0.14046821E+03 -0.36684976E+02  0.00000000E+00
  0.00000000E+00  0.00000000E+00  0.00000000E+00  0.00000000E+00  0.00000000E+00
 -0.66442627E+02  0.00000000E+00 -0.62971130E+02  0.00000000E+00  0.00000000E+00
  0.00000000E+00  0.00000000E+00 -0.20553003E+01  0.00000000E+00  0.70177798E+02
  0.25376224E+02  0.00000000E+00  0.00000000E+00  0.00000000E+00  0.00000000E+00
  0.00000000E+00  0.00000000E+00  0.14788743E+02 -0.61991802E+02  0.00000000E+00
 -0.17670307E+00 -0.13823291E+02 -0.60839934E+00 -0.89213417E+02 -0.11097313E+03
 -0.36944299E+03 -0.67049095E+03 -0.10902495E+04 -0.22854870E+04 -0.60313715E+04
 -0.10802654E+05 -0.23961929E+05 -0.42582597E+05 -0.51905524E+05 -0.46929480E+05
 -0.41579701E+05 -0.39067755E+05 -0.38685844E+05 -0.38755150E+05 -0.39785696E+05
 -0.39836141E+05 -0.36762128E+05 -0.34400612E+05 -0.32461903E+05 -0.29243912E+05
 -0.27840538E+05 -0.26037346E+05 -0.23475954E+05 -0.21399855E+05 -0.16382117E+05
 -0.15475576E+05 -0.13643559E+05 -0.11638044E+05 -0.10596893E+05
  0.00000000E+00  0.00000000E+00 -0.12465938E+03 -0.14441640E+02  0.00000000E+00
  0.38709397E+01  0.00000000E+00  0.00000000E+00  0.00000000E+00  0.00000000E+00
 -0.66442627E+02 -0.84596962E+01 -0.60225037E+02  0.00000000E+00  0.00000000E+00
  0.00000000E+00  0.00000000E+00 -0.14456059E+02  0.00000000E+00  0.11193454E+03
  0.34137314E+01  0.23809681E+02  0.00000000E+00  0.00000000E+00  0.00000000E+00
 -0.55452487E+00  0.00000000E+00  0.51635920E+02 -0.10514440E+02  0.00000000E+00
  0.00000000E+00 -0.45881612E+02  0.32806456E+02 -0.60022976E+02  0.37163104E+02
 -0.49967623E+03 -0.71001311E+03 -0.12240771E+04 -0.13418522E+04 -0.42435389E+04
 -0.64344009E+04 -0.11088336E+05 -0.24271761E+05 -0.37183486E+05 -0.40681128E+05
 -0.34587534E+05 -0.34240696E+05 -0.34142755E+05 -0.36162874E+05 -0.35139919E+05
 -0.36055706E+05 -0.32323057E+05 -0.32676275E+05 -0.30404512E+05 -0.27212995E+05
 -0.25463984E+05 -0.22009873E+05 -0.19363521E+05 -0.18078319E+05 -0.14126973E+05
 -0.12706547E+05 -0.10382453E+05 -0.85078244E+04 -0.77217215E+04
  0.00000000E+00  0.00000000E+00  0.00000000E+00 -0.14441640E+02  0.00000000E+00
  0.64208656E+01  0.00000000E+00  0.00000000E+00  0.00000000E+00  0.00000000E+00
 -0.66442627E+02  0.69942984E+02 -0.62971130E+02  0.00000000E+00  0.00000000E+00
  0.00000000E+00  0.00000000E+00 -0.14456059E+02  0.00000000E+00  0.11187918E+03
  0.00000000E+00  0.26583003E+02  0.00000000E+00  0.00000000E+00  0.00000000E+00
 -0.81358308E+01  0.00000000E+00  0.53205936E+02  0.14772786E+02 -0.65566067E+01
  0.00000000E+00 -0.11379902E+01 -0.18838165E+02 -0.77844256E+02  0.36043334E+02
 -0.37089743E+03 -0.86870821E+03 -0.17970331E+04 -0.94424533E+03 -0.28589419E+04
 -0.48050663E+04 -0.88627897E+04 -0.17178525E+05 -0.30912443E+05 -0.34099068E+05
 -0.31505380E+05 -0.34560679E+05 -0.27396197E+05 -0.29729772E+05 -0.32220388E+05
 -0.33275376E+05 -0.29938816E+05 -0.31245160E+05 -0.27883125E+05 -0.25488029E+05
 -0.20802313E+05 -0.17921669E+05 -0.19344690E+05 -0.12420732E+05 -0.13077139E+05
 -0.87040433E+04 -0.78054090E+04 -0.72989780E+04 -0.75421035E+04
  0.00000000E+00  0.00000000E+00  0.00000000E+00 -0.14441640E+02  0.00000000E+00
  0.64208656E+01  0.00000000E+00  0.00000000E+00  0.00000000E+00  0.00000000E+00
 -0.66442627E+02  0.72611245E+02 -0.62971130E+02  0.00000000E+00  0.00000000E+00
  0.00000000E+00  0.00000000E+00 -0.14456059E+02  0.00000000E+00  0.11187918E+03
  0.00000000E+00  0.00000000E+00  0.00000000E+00  0.00000000E+00  0.00000000E+00
  0.95783973E+01  0.00000000E+00  0.53205936E+02  0.14772786E+02 -0.14520312E+02
 -0.36558865E+01 -0.86853770E+01 -0.54886499E+02 -0.52702843E+02  0.62725137E+02
 -0.35617564E+03 -0.10976687E+04 -0.17828360E+04 -0.10770488E+04 -0.23497060E+04
 -0.45618447E+04 -0.39607925E+04 -0.12215290E+05 -0.27613707E+05 -0.31270378E+05
 -0.28846610E+05 -0.30860936E+05 -0.29202744E+05 -0.25710561E+05 -0.28650473E+05
 -0.29574346E+05 -0.27991610E+05 -0.25044429E+05 -0.27704812E+05 -0.22497837E+05
 -0.16533716E+05 -0.18205606E+05 -0.12689248E+05 -0.13979690E+05 -0.11584738E+05
 -0.81453912E+04 -0.10662715E+05 -0.77053184E+04 -0.38270173E+04
  0.10033565E+02  0.00000000E+00  0.00000000E+00 -0.14441640E+02  0.00000000E+00
  0.64208656E+01  0.00000000E+00  0.00000000E+00  0.00000000E+00  0.00000000E+00
 -0.66442627E+02  0.88802613E+02 -0.62971130E+02  0.00000000E+00  0.00000000E+00
  0.00000000E+00  0.00000000E+00 -0.14456059E+02  0.00000000E+00  0.11187918E+03
  0.00000000E+00  0.00000000E+00  0.00000000E+00  0.00000000E+00  0.00000000E+00
 -0.63027809E+01  0.00000000E+00  0.40931254E+02  0.14772786E+02 -0.14520312E+02
  0.14488377E+01 -0.21535790E+02 -0.68027293E+02 -0.56271862E+02 -0.14511287E+02
 -0.25979472E+03 -0.84153620E+03 -0.13243507E+04 -0.12911939E+04 -0.24317718E+04
 -0.16409199E+04 -0.26952367E+04 -0.88150454E+04 -0.23916147E+05 -0.30248722E+05
 -0.22736958E+05 -0.32321900E+05 -0.28151194E+05 -0.24110025E+05 -0.24119678E+05
 -0.27107178E+05 -0.24530322E+05 -0.23613413E+05 -0.27222854E+05 -0.20861803E+05
 -0.17300160E+05 -0.18311984E+05 -0.13047176E+05 -0.12309828E+05 -0.78869451E+04
 -0.95306415E+04 -0.52029365E+04 -0.80082082E+04 -0.20050278E+04
  0.73219137E+01  0.00000000E+00  0.00000000E+00 -0.14441640E+02  0.00000000E+00
  0.64208656E+01  0.00000000E+00  0.00000000E+00  0.00000000E+00  0.00000000E+00
 -0.66442627E+02  0.88802613E+02 -0.62971130E+02  0.00000000E+00  0.00000000E+00
  0.00000000E+00 -0.22307202E+02 -0.14456059E+02  0.00000000E+00  0.11187918E+03
  0.00000000E+00  0.00000000E+00  0.00000000E+00  0.00000000E+00  0.00000000E+00
 -0.19450688E+02  0.00000000E+00  0.57048849E+02  0.14772786E+02 -0.14376421E+02
  0.53026814E+01 -0.17995053E+02 -0.61876474E+02 -0.62038782E+01 -0.50281603E+02
 -0.32716377E+03 -0.78811185E+03 -0.11405088E+04 -0.12275735E+04 -0.33305290E+04
  0.25685694E+04 -0.31105060E+03 -0.45991846E+04 -0.18594832E+05 -0.26041736E+05
 -0.23396607E+05 -0.29679381E+05 -0.26014329E+05 -0.23998692E+05 -0.21782039E+05
 -0.26662798E+05 -0.21388876E+05 -0.21937629E+05 -0.15967100E+05 -0.14642568E+05
 -0.14534655E+05 -0.12131969E+05 -0.15526489E+05 -0.97029813E+04 -0.10051675E+05
 -0.86382850E+04 -0.36861637E+04 -0.51582106E+04 -0.38197798E+04
  0.00000000E+00  0.00000000E+00  0.00000000E+00 -0.14441640E+02  0.00000000E+00
  0.64208656E+01  0.00000000E+00  0.00000000E+00  0.00000000E+00  0.00000000E+00
 -0.66442627E+02  0.80389158E+02 -0.54557674E+02  0.00000000E+00  0.00000000E+00
  0.00000000E+00 -0.38074434E+02 -0.14456059E+02  0.00000000E+00  0.11187918E+03
  0.00000000E+00  0.00000000E+00  0.00000000E+00  0.00000000E+00  0.00000000E+00
 -0.89743469E+02  0.00000000E+00  0.48737853E+02  0.14772786E+02 -0.59940916E+01
 -0.38772572E+01 -0.13463801E+02 -0.57211164E+02 -0.34610707E+02 -0.92759198E+02
 -0.24633258E+03 -0.84804880E+03 -0.10249321E+04 -0.52356333E+03 -0.24871364E+04
  0.25752196E+04  0.17242515E+03 -0.12348126E+04 -0.17196757E+05 -0.20394462E+05
 -0.21441434E+05 -0.25060507E+05 -0.20800113E+05 -0.23644946E+05 -0.18488887E+05
 -0.17703112E+05 -0.18996648E+05 -0.18011101E+05 -0.15913302E+05 -0.15144779E+05
 -0.10658011E+05 -0.10733866E+05 -0.12865208E+05 -0.99156347E+04 -0.72739047E+04
 -0.31441884E+04 -0.56847032E+04 -0.60518460E+04 -0.52322110E+04
  0.00000000E+00  0.00000000E+00  0.00000000E+00 -0.14441640E+02  0.00000000E+00
  0.64208656E+01  0.00000000E+00  0.00000000E+00  0.00000000E+00  0.00000000E+00
 -0.66442627E+02 -0.28843546E+02  0.25831483E+02  0.00000000E+00  0.00000000E+00
  0.00000000E+00 -0.38074434E+02 -0.14456059E+02  0.00000000E+00  0.85919799E+02
  0.00000000E+00  0.00000000E+00  0.00000000E+00  0.47447310E+02 -0.22730116E+02
 -0.64850182E+02  0.00000000E+00  0.41093300E+02  0.11125551E+02 -0.59940916E+01
 -0.38772572E+01 -0.10455377E+02 -0.27292777E+02 -0.38549442E+01 -0.19389755E+03
 -0.34373919E+03 -0.92739019E+03 -0.11651720E+04 -0.91685396E+03 -0.22267399E+04
  0.22842884E+03  0.13686875E+04 -0.37481340E+02 -0.18995978E+05 -0.16366600E+05
 -0.19365760E+05 -0.21276030E+05 -0.21744055E+05 -0.18579297E+05 -0.13716975E+05
 -0.18573184E+05 -0.14730757E+05 -0.17081666E+05 -0.16062438E+05 -0.13186951E+05
 -0.15534173E+05 -0.83767730E+04 -0.69570214E+04 -0.64887312E+04 -0.72111874E+04
 -0.35934983E+04 -0.60713029E+04 -0.42811719E+04 -0.57020763E+04
  0.00000000E+00  0.00000000E+00  0.00000000E+00 -0.14441640E+02  0.00000000E+00
  0.64208656E+01  0.00000000E+00  0.00000000E+00  0.00000000E+00  0.00000000E+00
 -0.66442627E+02 -0.71563672E+02  0.25831483E+02  0.00000000E+00  0.26838164E+02
  0.00000000E+00 -0.43692489E+02 -0.14456059E+02  0.00000000E+00  0.00000000E+00
  0.00000000E+00  0.00000000E+00  0.00000000E+00  0.49324419E+02 -0.56625913E+02
  0.00000000E+00  0.00000000E+00  0.41093300E+02  0.00000000E+00 -0.19415414E+01
 -0.38772572E+01 -0.84515329E+01 -0.40391147E+02 -0.38693456E+02 -0.22085130E+03
 -0.46202709E+03 -0.75468342E+03 -0.15216371E+04 -0.18153595E+04 -0.31438751E+04
 -0.87388646E+03  0.19754561E+04 -0.30652377E+04 -0.14681883E+05 -0.17148538E+05
 -0.20316959E+05 -0.19824042E+05 -0.20415603E+05 -0.14452776E+05 -0.14266762E+05
 -0.18542491E+05 -0.15972641E+05 -0.12412896E+05 -0.17874277E+05 -0.11328886E+05
 -0.10276666E+05 -0.76887617E+04 -0.85268670E+04 -0.55464173E+04 -0.57624997E+04
 -0.62009111E+04 -0.52140997E+04 -0.29698786E+04 -0.63691743E+04
  0.00000000E+00  0.00000000E+00  0.00000000E+00 -0.14441640E+02  0.00000000E+00
  0.64208656E+01 -0.68153208E+01  0.00000000E+00  0.00000000E+00  0.00000000E+00
 -0.66442627E+02 -0.71563672E+02  0.25831483E+02  0.00000000E+00  0.44302990E+02
  0.00000000E+00 -0.58507434E+02 -0.14456059E+02  0.00000000E+00  0.00000000E+00
  0.00000000E+00  0.00000000E+00  0.00000000E+00  0.49324419E+02  0.00000000E+00
  0.00000000E+00  0.00000000E+00  0.41093300E+02  0.00000000E+00  0.00000000E+00
  0.33538320E+02 -0.83211500E+01 -0.63476010E+02 -0.67395250E+02 -0.22797314E+03
 -0.76077273E+03 -0.48143381E+03 -0.20220779E+04 -0.24006988E+04 -0.31761790E+04
 -0.13323989E+04  0.11094710E+04 -0.31875677E+04 -0.11519696E+05 -0.14140680E+05
 -0.14961535E+05 -0.17553643E+05 -0.16948632E+05 -0.16427980E+05 -0.14844646E+05
 -0.12864314E+05 -0.16585101E+05 -0.14561201E+05 -0.84113971E+04 -0.12563212E+05
 -0.11645978E+05 -0.54994531E+04 -0.37235070E+04 -0.69413616E+04 -0.81524646E+04
 -0.90058834E+04 -0.39118591E+04 -0.31436089E+04 -0.33620195E+04
  0.00000000E+00  0.00000000E+00  0.00000000E+00 -0.14441640E+02  0.00000000E+00
  0.18956930E+02 -0.11283884E+02  0.00000000E+00  0.00000000E+00  0.00000000E+00
 -0.66442627E+02 -0.71563672E+02  0.25831483E+02  0.00000000E+00  0.44302990E+02
  0.00000000E+00 -0.58507434E+02 -0.14456059E+02  0.00000000E+00  0.00000000E+00
  0.00000000E+00  0.00000000E+00  0.11718467E+02  0.49324419E+02  0.00000000E+00
  0.00000000E+00  0.00000000E+00  0.41093300E+02  0.00000000E+00 -0.19502472E+01
  0.71814441E+02 -0.49056050E+01 -0.29269212E+01 -0.19543040E+03 -0.12596851E+03
 -0.73183001E+03 -0.80944394E+03 -0.21101617E+04 -0.27305652E+04 -0.34143142E+04
 -0.24532663E+04 -0.23789293E+03 -0.57024409E+04 -0.16189618E+05 -0.10120754E+05
 -0.13980163E+05 -0.17674477E+05 -0.11943771E+05 -0.10665834E+05 -0.97908655E+04
 -0.18798571E+05 -0.18863581E+05 -0.11068041E+05 -0.94098521E+04 -0.78611074E+04
 -0.99108812E+04 -0.43592517E+04 -0.26801747E+03 -0.66206008E+04 -0.51544823E+04
 -0.49474884E+04 -0.43352395E+04 -0.45967345E+04 -0.35709114E+04
  0.00000000E+00  0.00000000E+00  0.00000000E+00 -0.14441640E+02  0.00000000E+00
  0.30655967E+02 -0.11283884E+02  0.00000000E+00  0.00000000E+00  0.00000000E+00
 -0.66442627E+02 -0.71563672E+02  0.88693270E+02 -0.62861787E+02  0.44302990E+02
  0.00000000E+00 -0.52203716E+02 -0.25187360E+02  0.00000000E+00  0.00000000E+00
  0.00000000E+00  0.00000000E+00 -0.23495669E+02  0.49324419E+02  0.00000000E+00
  0.00000000E+00 -0.89698710E+01  0.41093300E+02  0.00000000E+00 -0.46311712E+00
  0.84407115E+01  0.00000000E+00 -0.32029883E+02 -0.19717659E+03 -0.27809671E+03
 -0.47953746E+03 -0.14053821E+04 -0.20564966E+04 -0.32541877E+04 -0.34537708E+04
 -0.33245176E+04 -0.28736539E+04 -0.56601742E+04 -0.13511254E+05 -0.10909787E+05
 -0.15082818E+05 -0.13540650E+05 -0.11997847E+05 -0.11813398E+05 -0.12564477E+05
 -0.13640736E+05 -0.11201468E+05 -0.98492254E+04 -0.89856939E+04 -0.87016306E+04
 -0.63511911E+04 -0.84996577E+04  0.68446973E+03 -0.39889257E+04 -0.19517287E+04
 -0.21311610E+04 -0.12357428E+04 -0.47957249E+04 -0.26773334E+04
  0.00000000E+00  0.00000000E+00  0.00000000E+00 -0.14441640E+02  0.00000000E+00
  0.27572519E+02 -0.82004356E+01  0.00000000E+00  0.00000000E+00  0.00000000E+00
 -0.66442627E+02 -0.71563672E+02  0.61457870E+02 -0.60250372E+01  0.44302990E+02
  0.00000000E+00 -0.69635054E+02  0.00000000E+00  0.00000000E+00  0.00000000E+00
  0.00000000E+00  0.00000000E+00 -0.30051270E+02  0.49324419E+02  0.00000000E+00
  0.00000000E+00 -0.39154233E+02  0.41093300E+02  0.00000000E+00  0.00000000E+00
 -0.40219173E+01  0.00000000E+00 -0.44195517E+02 -0.27120271E+03 -0.28984693E+03
 -0.53059441E+03 -0.15124429E+04 -0.28125513E+04 -0.38351237E+04 -0.42876586E+04
 -0.52468524E+04 -0.42401684E+04 -0.71763631E+04 -0.94006015E+04 -0.11801075E+05
 -0.12433750E+05 -0.85686859E+04 -0.77113095E+04 -0.13422326E+05 -0.85315318E+04
 -0.11667807E+05 -0.10071497E+05 -0.11228052E+05 -0.65921143E+04 -0.50270874E+04
 -0.34104032E+04 -0.97620122E+04 -0.49809196E+04 -0.45678405E+04 -0.40595793E+04
 -0.11567436E+04 -0.43441671E+03 -0.23285568E+04 -0.16396628E+04
  0.00000000E+00  0.00000000E+00  0.00000000E+00 -0.14441640E+02  0.00000000E+00
 -0.15815996E+02  0.35188079E+02  0.00000000E+00  0.00000000E+00  0.00000000E+00
 -0.66442627E+02 -0.71563672E+02  0.78215830E+02  0.00000000E+00  0.44302990E+02
  0.00000000E+00 -0.69635054E+02  0.00000000E+00  0.00000000E+00  0.00000000E+00
  0.00000000E+00  0.00000000E+00 -0.22335365E+02  0.49324419E+02  0.00000000E+00
  0.00000000E+00 -0.42459854E+02  0.62766825E+01  0.00000000E+00  0.00000000E+00
 -0.26450843E+02 -0.10520317E+02 -0.43551009E+02 -0.22465578E+03 -0.45582955E+03
 -0.74442026E+03 -0.15538431E+04 -0.31770591E+04 -0.44357815E+04 -0.38843391E+04
 -0.89547363E+04 -0.47207136E+04 -0.84963415E+04 -0.11496050E+05 -0.10825426E+05
 -0.98718112E+04 -0.71764136E+04 -0.87663542E+04 -0.63567978E+04 -0.44319160E+04
 -0.83638885E+04 -0.10237506E+05 -0.89929119E+04 -0.70566211E+04 -0.48884305E+04
 -0.57370653E+04 -0.23578060E+04 -0.61725473E+04 -0.44629931E+04 -0.37771337E+04
  0.36521922E+03  0.25787960E+04 -0.61203728E+03 -0.26504017E+04
  0.00000000E+00  0.00000000E+00  0.00000000E+00 -0.14441640E+02  0.00000000E+00
 -0.89326529E+01  0.21343644E+02  0.00000000E+00  0.00000000E+00  0.00000000E+00
 -0.66442627E+02 -0.71563672E+02  0.78215830E+02  0.00000000E+00  0.44302990E+02
  0.00000000E+00 -0.69635054E+02  0.00000000E+00  0.00000000E+00  0.00000000E+00
  0.00000000E+00  0.00000000E+00  0.00000000E+00  0.49324419E+02  0.00000000E+00
  0.00000000E+00 -0.24594389E+02 -0.13196053E+02  0.33361480E+01  0.00000000E+00
 -0.30089702E+01 -0.70093057E+02 -0.38213612E+02 -0.10801641E+03 -0.56807103E+03
 -0.76974024E+03 -0.18583650E+04 -0.40966767E+04 -0.46584040E+04 -0.41699957E+04
 -0.10669488E+05 -0.87028758E+04 -0.97524587E+04 -0.10367306E+05 -0.55783446E+04
 -0.17784448E+04 -0.63632451E+04 -0.44222731E+04 -0.43860844E+04 -0.33780044E+04
 -0.14225226E+04 -0.10027805E+05 -0.32168570E+04 -0.68647209E+04 -0.20037155E+04
 -0.56396241E+04 -0.10876876E+04 -0.83521073E+04 -0.10573965E+04 -0.11484695E+04
 -0.49560430E+03 -0.18735092E+03 -0.19793736E+03 -0.35512070E+04
  0.00000000E+00  0.00000000E+00  0.00000000E+00 -0.14441640E+02  0.00000000E+00
  0.00000000E+00  0.10833490E+02  0.00000000E+00  0.00000000E+00  0.00000000E+00
 -0.66442627E+02 -0.71563672E+02  0.78215830E+02  0.00000000E+00  0.44302990E+02
  0.00000000E+00 -0.69635054E+02  0.00000000E+00  0.00000000E+00  0.00000000E+00
  0.00000000E+00  0.00000000E+00  0.00000000E+00  0.49324419E+02  0.00000000E+00
  0.00000000E+00  0.64894569E+01 -0.47238458E+02  0.10670343E+03  0.00000000E+00
  0.00000000E+00 -0.89865801E+02 -0.28971006E+02 -0.16096548E+02 -0.59951196E+03
 -0.94833239E+03 -0.21865978E+04 -0.42099133E+04 -0.52640820E+04 -0.68022451E+04
 -0.13614211E+05 -0.16198694E+05 -0.12322778E+05 -0.75282000E+04 -0.47828857E+04
  0.12968972E+03 -0.41754907E+04 -0.46679959E+04  0.54900690E+03 -0.13338410E+04
 -0.42020534E+03 -0.18005955E+04 -0.10026643E+04 -0.19370414E+04  0.23428144E+04
 -0.20436211E+04 -0.58679642E+04 -0.51533475E+04  0.34289384E+04 -0.16286911E+04
 -0.31382512E+02 -0.19311843E+03 -0.41527447E+04  0.31891514E+03
  0.00000000E+00  0.00000000E+00  0.00000000E+00 -0.10671018E+02  0.00000000E+00
 -0.41188055E+01  0.14972256E+02  0.00000000E+00  0.00000000E+00  0.00000000E+00
 -0.59048572E+02 -0.15713093E+01  0.81016961E+02  0.00000000E+00  0.41901519E+02
  0.00000000E+00 -0.50129582E+02  0.00000000E+00  0.00000000E+00  0.00000000E+00
  0.00000000E+00  0.00000000E+00  0.00000000E+00  0.49324419E+02  0.00000000E+00
  0.00000000E+00  0.67644500E+02 -0.19371809E+02  0.67477595E+02  0.00000000E+00
  0.24801300E+02 -0.59714699E+02 -0.67578622E+02 -0.10145499E+03 -0.68842373E+03
 -0.96540697E+03 -0.19078924E+04 -0.41518449E+04 -0.65902370E+04 -0.90516756E+04
 -0.18260475E+05 -0.19269094E+05 -0.15186955E+05 -0.76935121E+04  0.80423614E+03
  0.29088869E+04 -0.11228388E+04 -0.17899346E+04 -0.12746553E+04 -0.97185671E+03
 -0.24185418E+04  0.20019004E+04 -0.13744849E+04  0.20932695E+04  0.54014820E+04
  0.12712585E+03 -0.90456398E+03  0.29257409E+04 -0.94977689E+03  0.20416850E+04
 -0.43685963E+03  0.49781251E+02  0.84673787E+03 -0.12396907E+04
  0.00000000E+00  0.00000000E+00  0.00000000E+00  0.00000000E+00  0.00000000E+00
 -0.19014301E+02  0.36635806E+02  0.00000000E+00  0.00000000E+00  0.00000000E+00
 -0.47413851E+01  0.00000000E+00  0.73679470E+02  0.00000000E+00  0.60942712E+01
 -0.33535506E+01 -0.38074434E+02  0.00000000E+00  0.00000000E+00  0.00000000E+00
  0.00000000E+00  0.00000000E+00  0.63840271E+00  0.49324419E+02  0.00000000E+00
  0.00000000E+00  0.79811054E+02  0.28316995E+01  0.78991737E+02 -0.17859822E+02
 -0.24873349E+02 -0.39724175E+02 -0.76124066E+02 -0.21654343E+03 -0.51824350E+03
 -0.79036249E+03 -0.30241703E+04 -0.45524356E+04 -0.78060179E+04 -0.10842894E+05
 -0.21564161E+05 -0.24854906E+05 -0.17065544E+05 -0.26536587E+04  0.76504786E+04
  0.57783552E+04  0.19380506E+04 -0.21649997E+04  0.40839250E+04  0.40947156E+04
  0.10772542E+04  0.36641442E+04  0.12212621E+04  0.12880136E+03  0.10219904E+05
  0.66700437E+03 -0.65412886E+03  0.15995167E+04 -0.24484867E+04 -0.10022717E+04
 -0.26067761E+04 -0.11034404E+04  0.19367624E+04  0.20390832E+04
  0.61623042E+01  0.00000000E+00  0.00000000E+00  0.00000000E+00  0.00000000E+00
 -0.15590214E+02  0.26016754E+02  0.00000000E+00  0.00000000E+00  0.00000000E+00
 -0.47413851E+01  0.00000000E+00  0.75724272E+02  0.00000000E+00  0.98738084E+01
 -0.25509331E+02 -0.38074434E+02  0.00000000E+00 -0.19539697E+02  0.00000000E+00
  0.00000000E+00  0.00000000E+00  0.23149378E+02  0.49324419E+02  0.00000000E+00
  0.00000000E+00  0.79811054E+02  0.73350490E+01  0.12404896E+03 -0.61803981E+02
 -0.32639686E+02 -0.85908874E+01 -0.15231112E+03 -0.38028036E+03 -0.70265098E+03
 -0.12828088E+04 -0.34066608E+04 -0.62105403E+04 -0.10076598E+05 -0.13349081E+05
 -0.23637845E+05 -0.26670507E+05 -0.18066979E+05 -0.12374779E+04  0.49834324E+04
  0.10187771E+05  0.33786638E+04 -0.27870226E+03  0.89811171E+04  0.35525866E+04
  0.34237812E+04  0.18519327E+04  0.31155327E+04  0.64959697E+03  0.86864478E+04
  0.57711485E+04  0.19321124E+04  0.20821885E+04 -0.19601723E+04  0.13099421E+04
 -0.17671629E+03 -0.12208398E+04  0.23604085E+03  0.14086128E+04
  0.11252204E+02  0.00000000E+00  0.00000000E+00  0.00000000E+00  0.00000000E+00
  0.26242535E+02 -0.15815996E+02  0.00000000E+00  0.00000000E+00  0.00000000E+00
 -0.47413851E+01  0.00000000E+00  0.34781513E+02  0.00000000E+00  0.64902323E+01
 -0.25509331E+02 -0.38074434E+02  0.00000000E+00 -0.22556420E+02  0.00000000E+00
  0.00000000E+00  0.00000000E+00  0.00000000E+00  0.81909993E+02  0.00000000E+00
  0.00000000E+00  0.79811054E+02  0.15981783E+02  0.17068481E+03 -0.65912219E+02
  0.58947979E+02 -0.36765060E+01 -0.23529851E+03 -0.35125753E+03 -0.13080810E+04
 -0.14144350E+04 -0.31168862E+04 -0.79593067E+04 -0.12971936E+05 -0.16215424E+05
 -0.26244050E+05 -0.28295906E+05 -0.15635039E+05  0.28102484E+04  0.72233656E+04
  0.10303916E+05  0.85569047E+04  0.46652046E+04  0.73898750E+04  0.30680153E+04
  0.79229283E+04  0.74889192E+04  0.58826222E+04  0.62743831E+04  0.37968190E+04
  0.72875745E+04  0.16670412E+04  0.40061253E+04 -0.10001400E+04  0.90806157E+03
  0.39719423E+04  0.21566074E+04 -0.94202421E+03  0.23142237E+04
  0.11252204E+02  0.00000000E+00  0.00000000E+00  0.00000000E+00  0.00000000E+00
  0.26242535E+02 -0.15815996E+02  0.00000000E+00  0.00000000E+00  0.00000000E+00
 -0.47413851E+01  0.00000000E+00 -0.68251746E+00  0.00000000E+00  0.00000000E+00
 -0.25509331E+02 -0.15936496E+02 -0.81343642E+01 -0.22556420E+02  0.00000000E+00
  0.00000000E+00  0.00000000E+00  0.00000000E+00  0.43920195E+02  0.00000000E+00
  0.00000000E+00  0.79811054E+02  0.00000000E+00  0.22754358E+03 -0.38215199E+02
  0.58182547E+02 -0.40593511E+02 -0.51023277E+03 -0.52976567E+03 -0.10374296E+04
 -0.13274328E+04 -0.41881991E+04 -0.84956340E+04 -0.13225560E+05 -0.20332741E+05
 -0.29822405E+05 -0.28430900E+05 -0.41919374E+04  0.35929791E+04  0.53287268E+04
  0.11173615E+05  0.96718730E+04  0.56679381E+04  0.49374476E+04  0.62008841E+04
  0.78816103E+04  0.69194090E+04  0.11809649E+05  0.95547637E+04  0.71635551E+04
  0.56329754E+04  0.82214651E+04  0.46088306E+04  0.55830374E+04  0.51053517E+04
  0.34865313E+04  0.29398053E+04  0.22352662E+04  0.78006119E+03
  0.11252204E+02  0.00000000E+00  0.00000000E+00  0.00000000E+00  0.00000000E+00
  0.26242535E+02 -0.15815996E+02  0.00000000E+00  0.00000000E+00  0.00000000E+00
 -0.60702664E+01  0.00000000E+00 -0.35973560E+01  0.00000000E+00  0.00000000E+00
 -0.25120451E+02  0.00000000E+00 -0.94301976E+01 -0.27002871E+02  0.00000000E+00
  0.00000000E+00  0.00000000E+00  0.00000000E+00  0.43920195E+02  0.00000000E+00
  0.00000000E+00  0.79811054E+02  0.00000000E+00  0.22094978E+03  0.37140966E+02
  0.13864687E+02 -0.20351659E+02 -0.53585329E+03 -0.58898739E+03 -0.10665844E+04
 -0.18190923E+04 -0.37889905E+04 -0.91452942E+04 -0.15376483E+05 -0.23333495E+05
 -0.29076945E+05 -0.23888288E+05 -0.11965765E+04  0.10103212E+05  0.80432815E+04
  0.88090781E+04  0.80273245E+04  0.98192303E+04  0.10002510E+05  0.11238950E+05
  0.10196903E+05  0.14150392E+05  0.10173426E+05  0.83650299E+04  0.13657615E+05
  0.79975869E+04  0.10289497E+05  0.35571307E+04  0.43061728E+04  0.68114552E+04
  0.52878222E+04  0.69142817E+04  0.22772981E+04  0.37781258E+04
  0.11252204E+02  0.00000000E+00  0.00000000E+00  0.00000000E+00  0.00000000E+00
  0.26242535E+02 -0.15815996E+02  0.00000000E+00  0.00000000E+00  0.00000000E+00
 -0.12663317E+02  0.00000000E+00 -0.23721972E+02  0.00000000E+00  0.00000000E+00
 -0.17165331E+02  0.00000000E+00 -0.94301976E+01 -0.26964637E+02 -0.57164818E+00
  0.00000000E+00  0.00000000E+00  0.00000000E+00  0.43920195E+02  0.00000000E+00
  0.00000000E+00  0.79811054E+02  0.00000000E+00  0.22094978E+03 -0.23089787E+01
 -0.43986348E+01 -0.83325375E+02 -0.42484596E+03 -0.10092820E+04 -0.17534232E+04
 -0.23943814E+04 -0.31509995E+04 -0.11894632E+05 -0.17856013E+05 -0.23985015E+05
 -0.27646784E+05 -0.16661588E+05  0.85737650E+03  0.91769707E+04  0.73535383E+04
  0.10520945E+05  0.13294982E+05  0.91261660E+04  0.10748390E+05  0.13910264E+05
  0.13749179E+05  0.13450011E+05  0.12836784E+05  0.11026900E+05  0.10616953E+05
  0.86395536E+04  0.11634941E+05  0.66633932E+04  0.51977455E+04  0.74515813E+04
  0.69915749E+04  0.51433820E+04  0.41793876E+04  0.27704277E+04
  0.11252204E+02  0.00000000E+00  0.00000000E+00  0.00000000E+00  0.00000000E+00
  0.99490484E+01 -0.15815996E+02  0.00000000E+00  0.00000000E+00  0.00000000E+00
 -0.56748527E+01  0.00000000E+00 -0.25056105E+02  0.00000000E+00  0.00000000E+00
 -0.25509331E+02  0.00000000E+00 -0.53416948E+01 -0.22556420E+02 -0.19443994E+00
  0.00000000E+00  0.00000000E+00  0.00000000E+00  0.36377592E+02  0.00000000E+00
  0.00000000E+00  0.79811054E+02 -0.39214207E+01  0.17267342E+03 -0.32440091E+02
  0.70028874E+02 -0.20394429E+03 -0.35838941E+03 -0.92767796E+03 -0.17785255E+04
 -0.21533741E+04 -0.46135187E+04 -0.14421418E+05 -0.19836099E+05 -0.27440821E+05
 -0.23487793E+05 -0.37225606E+04  0.54242436E+04  0.83128420E+04  0.10627168E+05
  0.94127725E+04  0.12273930E+05  0.96697398E+04  0.13903954E+05  0.16164665E+05
  0.12085825E+05  0.94556952E+04  0.12355375E+05  0.13720763E+05  0.11511064E+05
  0.65643874E+04  0.67749114E+04  0.12390704E+05  0.85174116E+04  0.39904943E+04
  0.45703747E+04  0.43194696E+04  0.56194313E+04  0.40236818E+04
  0.10158268E+02  0.00000000E+00  0.00000000E+00  0.00000000E+00  0.00000000E+00
  0.00000000E+00 -0.15815996E+02  0.00000000E+00  0.20699886E+02 -0.32870380E+01
 -0.47413851E+01  0.00000000E+00 -0.23731682E+02  0.00000000E+00 -0.32481204E-02
 -0.16746097E+02  0.00000000E+00  0.55034531E+01 -0.22556420E+02  0.00000000E+00
  0.00000000E+00  0.00000000E+00  0.00000000E+00  0.00000000E+00  0.00000000E+00
  0.50976073E+02  0.23983864E+02 -0.14845937E+02  0.16570993E+03 -0.28639549E+02
  0.29957350E+02 -0.20767117E+03 -0.12990811E+03 -0.12767955E+04 -0.20487894E+04
 -0.24665440E+04 -0.57912483E+04 -0.14637361E+05 -0.22091327E+05 -0.26798489E+05
 -0.16207817E+05  0.18127480E+04  0.73101791E+04  0.89712311E+04  0.96270823E+04
  0.10017777E+05  0.11647518E+05  0.13108099E+05  0.13737513E+05  0.15197006E+05
  0.13835893E+05  0.14054156E+05  0.15166295E+05  0.11602737E+05  0.12781073E+05
  0.14002205E+05  0.11134579E+05  0.63072797E+04  0.58545825E+04  0.81188371E+04
  0.37925433E+04  0.51634833E+04  0.43117647E+04  0.30645809E+04
  0.86982552E+01  0.00000000E+00  0.00000000E+00  0.00000000E+00  0.00000000E+00
  0.00000000E+00 -0.15815996E+02  0.67732668E+01  0.21934556E+02  0.00000000E+00
 -0.27730117E+01  0.00000000E+00  0.36443191E+02  0.00000000E+00  0.00000000E+00
  0.00000000E+00  0.00000000E+00  0.54368436E+01 -0.12853436E+02  0.00000000E+00
  0.00000000E+00  0.00000000E+00  0.00000000E+00  0.00000000E+00  0.00000000E+00
  0.71555935E+02  0.00000000E+00 -0.32858445E+02  0.16978554E+03 -0.11168283E+03
  0.40821774E+02 -0.20097514E+03 -0.18130361E+03 -0.14914544E+04 -0.28712017E+04
 -0.24816080E+04 -0.56766920E+04 -0.15002822E+05 -0.21252423E+05 -0.21845885E+05
 -0.83147909E+04  0.28956320E+04  0.92110024E+04  0.10209436E+05  0.86740883E+04
  0.12163614E+05  0.10468353E+05  0.13153454E+05  0.16668045E+05  0.11567533E+05
  0.13763600E+05  0.11939590E+05  0.15742568E+05  0.12931798E+05  0.12621149E+05
  0.12179349E+05  0.10587700E+05  0.10056036E+05  0.58066837E+04  0.58387043E+04
  0.45700195E+04  0.59605601E+04  0.54796579E+04  0.33437209E+04
  0.30426006E+01  0.37055935E+01 -0.80213880E+01  0.00000000E+00  0.00000000E+00
  0.00000000E+00 -0.15815996E+02  0.47667419E+02 -0.48618189E+02  0.00000000E+00
  0.00000000E+00 -0.20067143E+01  0.29469817E+01  0.00000000E+00  0.00000000E+00
 -0.61814889E+01  0.28008970E+01  0.59181013E+01  0.00000000E+00  0.34753250E+00
  0.00000000E+00  0.00000000E+00  0.00000000E+00 -0.28983871E+01  0.00000000E+00
  0.00000000E+00  0.00000000E+00  0.45258600E+02  0.14376200E+03 -0.84567878E+02
  0.10540735E+02 -0.15746123E+03 -0.25629159E+03 -0.14442120E+04 -0.16773112E+04
 -0.32098053E+04 -0.73257179E+04 -0.13256835E+05 -0.16297285E+05 -0.15826163E+05
  0.40477047E+03  0.76017039E+04  0.82409572E+04  0.11405289E+05  0.10753918E+05
  0.11935394E+05  0.14713220E+05  0.12235142E+05  0.13295781E+05  0.13398953E+05
  0.17470421E+05  0.13084371E+05  0.12719628E+05  0.12713595E+05  0.92130503E+04
  0.10561256E+05  0.75948856E+04  0.81541990E+04  0.49136093E+04  0.86971649E+04
  0.66153042E+04  0.50349264E+04  0.39509825E+04  0.36469385E+04
  0.00000000E+00  0.72669775E+01 -0.19815880E+02  0.00000000E+00  0.00000000E+00
  0.00000000E+00 -0.15815996E+02  0.36807305E+02 -0.60547825E+02  0.00000000E+00
 -0.10382376E+01 -0.74598993E+01 -0.45363603E+01  0.00000000E+00 -0.22211415E+01
 -0.69445286E+01  0.95021960E+00  0.59181013E+01  0.00000000E+00  0.39612840E+00
  0.00000000E+00  0.00000000E+00  0.00000000E+00 -0.40747336E+01 -0.58096271E+02
 -0.11366346E+01  0.45294061E+01  0.10048547E+03  0.69708652E+02 -0.27678262E+02
  0.27498132E+02 -0.32603039E+03 -0.25901961E+03 -0.10283230E+04 -0.14802007E+04
 -0.24187712E+04 -0.80652270E+04 -0.11205119E+05 -0.14789695E+05 -0.65370131E+04
  0.69133748E+04  0.81975057E+04  0.91635593E+04  0.10431058E+05  0.11658696E+05
  0.12453102E+05  0.14395979E+05  0.15147089E+05  0.13349595E+05  0.15309594E+05
  0.17563714E+05  0.14048303E+05  0.14577576E+05  0.12520695E+05  0.10663492E+05
  0.85425899E+04  0.71046440E+04  0.10354043E+05  0.76964260E+04  0.59191242E+04
  0.43188596E+04  0.50911507E+04  0.34777039E+04  0.27165568E+04
  0.73233245E+01  0.18250411E+01 -0.17984241E+02  0.00000000E+00  0.00000000E+00
  0.00000000E+00 -0.15581778E+02  0.17601096E+02 -0.13680415E+02 -0.35879070E+01
  0.00000000E+00 -0.15399012E+00 -0.45363603E+01  0.00000000E+00 -0.11386443E+02
 -0.49090668E+01 -0.50871121E+01  0.12186722E+02  0.10801979E+02 -0.75111221E+01
  0.00000000E+00  0.00000000E+00  0.00000000E+00 -0.55564571E+02 -0.11752007E+02
 -0.66088914E+00  0.87426542E+02  0.66660745E+01  0.69822355E+02 -0.18296242E+02
  0.12362088E+03 -0.18103103E+03 -0.26569745E+03 -0.74819357E+03 -0.16824170E+04
 -0.26121804E+04 -0.53026718E+04 -0.67551838E+04 -0.81879132E+04  0.61264089E+03
  0.83931543E+04  0.10079192E+05  0.10149729E+05  0.11760233E+05  0.14470861E+05
  0.13995249E+05  0.15930957E+05  0.15159960E+05  0.14890394E+05  0.16515977E+05
  0.16270730E+05  0.14411144E+05  0.14606226E+05  0.13148483E+05  0.11559032E+05
  0.89370891E+04  0.85073439E+04  0.92556909E+04  0.87403072E+04  0.46074851E+04
  0.49659350E+04  0.51797261E+04  0.25862019E+04  0.40067400E+04
  0.11202967E+02  0.00000000E+00 -0.13061137E+02  0.00000000E+00  0.13957501E+02
  0.00000000E+00 -0.15327814E+02  0.18632124E+02  0.16644308E+02  0.00000000E+00
  0.00000000E+00  0.00000000E+00 -0.36342057E+01  0.00000000E+00 -0.34334027E+01
 -0.62977835E+01  0.53716536E+01  0.38528491E+01  0.13178037E+02  0.10761373E+01
  0.00000000E+00  0.00000000E+00  0.00000000E+00 -0.51117145E+02 -0.10639925E+02
  0.00000000E+00  0.96411398E+02  0.66458475E+00  0.57917986E+02 -0.31160136E+02
  0.15726686E+03 -0.97866154E+02 -0.20146842E+03 -0.49109103E+03 -0.85549060E+02
 -0.13312524E+04 -0.26600633E+04 -0.29766973E+04 -0.17647644E+04  0.81794646E+04
  0.14110351E+05  0.14747316E+05  0.10937060E+05  0.15758533E+05  0.18755470E+05
  0.17262056E+05  0.17924773E+05  0.15679943E+05  0.15818166E+05  0.14948074E+05
  0.17215532E+05  0.16827273E+05  0.14487623E+05  0.12220522E+05  0.10296563E+05
  0.80515416E+04  0.91025436E+04  0.89764898E+04  0.62525878E+04  0.70703066E+04
  0.64441631E+04  0.51981766E+04  0.46920271E+04  0.43286339E+04
  0.10081046E+02 -0.25906869E+00 -0.13081225E+02  0.00000000E+00  0.16852057E+02
  0.11764729E+01  0.00000000E+00  0.23042718E+02  0.16899109E+01  0.00000000E+00
  0.00000000E+00  0.00000000E+00  0.00000000E+00  0.00000000E+00  0.12810408E+02
 -0.50730506E+01  0.25719243E+02 -0.10133637E+02  0.12944859E+02  0.54578115E+01
  0.45067149E+01  0.00000000E+00  0.00000000E+00 -0.47355480E+02 -0.23097878E+01
  0.00000000E+00  0.78355541E+02  0.72899217E+00  0.34952191E+02 -0.15973875E+02
  0.41006360E+02 -0.28460188E+02 -0.60627659E+02  0.23289544E+03  0.95503025E+02
  0.88139884E+03  0.10048190E+04  0.12895247E+04  0.79931474E+04  0.15236018E+05
  0.18705050E+05  0.17468913E+05  0.16838652E+05  0.17555181E+05  0.19873303E+05
  0.18931552E+05  0.19063240E+05  0.18931774E+05  0.19929529E+05  0.18221820E+05
  0.18480623E+05  0.16239550E+05  0.14456746E+05  0.14914018E+05  0.15167910E+05
  0.11374243E+05  0.92911283E+04  0.92616154E+04  0.76874888E+04  0.53578452E+04
  0.51447240E+04  0.38709408E+04  0.41193600E+04  0.54230554E+04
  0.38901867E+01  0.10263589E+01  0.10619364E+02  0.00000000E+00  0.00000000E+00
 -0.33513458E+01  0.00000000E+00  0.23042718E+02  0.00000000E+00  0.00000000E+00
  0.00000000E+00  0.00000000E+00  0.00000000E+00  0.00000000E+00  0.24448112E+02
 -0.15394872E+02  0.20544989E+02  0.11585035E+01  0.79938732E+00  0.21210851E+00
  0.90028774E+01  0.00000000E+00  0.00000000E+00 -0.12612626E+02  0.00000000E+00
  0.13347581E+02  0.51461736E+02  0.00000000E+00  0.34013194E+02  0.31199637E+02
  0.19914539E+03 -0.18416461E+03  0.39433366E+03  0.51838174E+03  0.15767301E+04
  0.31268036E+04  0.67523795E+04  0.11600065E+05  0.24725147E+05  0.29731609E+05
  0.28441453E+05  0.24082338E+05  0.23266781E+05  0.22886813E+05  0.23107530E+05
  0.23062634E+05  0.22907125E+05  0.22226149E+05  0.21367999E+05  0.22592207E+05
  0.20706731E+05  0.18582746E+05  0.17303205E+05  0.16802326E+05  0.15577234E+05
  0.13280549E+05  0.11962068E+05  0.10826603E+05  0.91946075E+04  0.82724851E+04
  0.85578258E+04  0.70400192E+04  0.72351040E+04  0.64941988E+04
  0.00000000E+00  0.00000000E+00  0.00000000E+00  0.00000000E+00  0.00000000E+00
  0.00000000E+00  0.00000000E+00  0.00000000E+00  0.00000000E+00  0.00000000E+00
  0.00000000E+00  0.00000000E+00  0.00000000E+00  0.00000000E+00  0.00000000E+00
  0.00000000E+00  0.00000000E+00  0.00000000E+00  0.00000000E+00  0.00000000E+00
  0.00000000E+00  0.00000000E+00  0.00000000E+00  0.00000000E+00  0.00000000E+00
  0.00000000E+00  0.00000000E+00  0.34517536E-01  0.56306404E-03  0.00000000E+00
  0.00000000E+00  0.00000000E+00  0.41155642E-02  0.10817264E-02  0.87835820E-02
  0.18615381E-01  0.13633254E+00  0.45692128E+00  0.11512170E+01  0.26547068E+01
  0.73687631E+01 -0.12402691E+02 -0.87139900E+02 -0.20989486E+03 -0.30180021E+03
 -0.34669764E+03 -0.46440324E+03 -0.50617164E+03 -0.48671362E+03 -0.52683363E+03
 -0.61993245E+03 -0.70481529E+03 -0.75869894E+03 -0.79030113E+03 -0.93874834E+03
 -0.87311000E+03 -0.99278909E+03 -0.96497776E+03 -0.10092943E+04 -0.99105442E+03
 -0.94501707E+03 -0.10121694E+04 -0.83446415E+03 -0.27455483E+03
  0.00000000E+00  0.00000000E+00  0.00000000E+00  0.00000000E+00  0.00000000E+00
  0.00000000E+00  0.00000000E+00  0.00000000E+00  0.00000000E+00  0.00000000E+00
  0.00000000E+00  0.00000000E+00  0.00000000E+00  0.00000000E+00  0.00000000E+00
  0.00000000E+00  0.00000000E+00  0.00000000E+00  0.00000000E+00  0.00000000E+00
  0.00000000E+00  0.00000000E+00  0.00000000E+00  0.00000000E+00  0.00000000E+00
  0.00000000E+00  0.00000000E+00  0.17646297E-02  0.00000000E+00  0.00000000E+00
  0.00000000E+00  0.00000000E+00  0.00000000E+00  0.00000000E+00  0.00000000E+00
  0.00000000E+00  0.00000000E+00  0.70071986E-01  0.48157955E-01  0.23411271E+00
 -0.17314892E+01 -0.37304189E+02 -0.16175305E+03 -0.27823020E+03 -0.35287736E+03
 -0.37086933E+03 -0.43630281E+03 -0.50428453E+03 -0.51223840E+03 -0.51431052E+03
 -0.59639223E+03 -0.69056675E+03 -0.76199846E+03 -0.86804581E+03 -0.86045174E+03
 -0.91782464E+03 -0.88430566E+03 -0.10462649E+04 -0.91808900E+03 -0.85521794E+03
 -0.83274113E+03 -0.70378402E+03 -0.45829063E+03 -0.31158688E+02
  0.00000000E+00  0.00000000E+00  0.00000000E+00  0.00000000E+00  0.00000000E+00
  0.00000000E+00  0.00000000E+00  0.00000000E+00  0.00000000E+00  0.00000000E+00
  0.00000000E+00  0.00000000E+00  0.00000000E+00  0.00000000E+00  0.00000000E+00
  0.00000000E+00  0.00000000E+00  0.00000000E+00  0.00000000E+00  0.00000000E+00
  0.00000000E+00  0.00000000E+00  0.00000000E+00  0.00000000E+00  0.00000000E+00
  0.00000000E+00  0.00000000E+00  0.00000000E+00  0.00000000E+00  0.00000000E+00
  0.00000000E+00  0.00000000E+00  0.00000000E+00  0.00000000E+00  0.00000000E+00
  0.00000000E+00  0.00000000E+00  0.00000000E+00  0.00000000E+00  0.77181647E-02
 -0.35691061E+01 -0.27458390E+02 -0.16358578E+03 -0.28445458E+03 -0.36099237E+03
 -0.39541335E+03 -0.44636546E+03 -0.50508280E+03 -0.50838271E+03 -0.48627908E+03
 -0.59011847E+03 -0.64547193E+03 -0.77537979E+03 -0.82271081E+03 -0.82436618E+03
 -0.92499223E+03 -0.83977816E+03 -0.85221416E+03 -0.84525572E+03 -0.71987444E+03
 -0.63372254E+03 -0.56477603E+03 -0.29067038E+03  0.18907980E+02
  0.00000000E+00  0.00000000E+00  0.00000000E+00  0.00000000E+00  0.00000000E+00
  0.00000000E+00  0.00000000E+00  0.00000000E+00  0.00000000E+00  0.00000000E+00
  0.00000000E+00  0.00000000E+00  0.00000000E+00  0.00000000E+00  0.00000000E+00
  0.00000000E+00  0.00000000E+00  0.00000000E+00  0.00000000E+00  0.00000000E+00
  0.00000000E+00  0.00000000E+00  0.00000000E+00  0.00000000E+00  0.00000000E+00
  0.00000000E+00  0.00000000E+00  0.00000000E+00  0.00000000E+00  0.00000000E+00
  0.00000000E+00  0.00000000E+00  0.00000000E+00  0.00000000E+00  0.00000000E+00
  0.00000000E+00  0.00000000E+00  0.00000000E+00  0.00000000E+00  0.00000000E+00
 -0.12805063E+01 -0.24517927E+02 -0.15013606E+03 -0.28301650E+03 -0.33711905E+03
 -0.41435230E+03 -0.44165533E+03 -0.51519932E+03 -0.52377294E+03 -0.47962763E+03
 -0.57093160E+03 -0.67065775E+03 -0.75271616E+03 -0.72596015E+03 -0.78173462E+03
 -0.82334531E+03 -0.79096196E+03 -0.77256058E+03 -0.72967192E+03 -0.56031425E+03
 -0.46406094E+03 -0.31386220E+03 -0.15638741E+03  0.28188729E+02
  0.00000000E+00  0.00000000E+00  0.00000000E+00  0.00000000E+00  0.00000000E+00
  0.00000000E+00  0.00000000E+00  0.00000000E+00  0.00000000E+00  0.00000000E+00
  0.00000000E+00  0.00000000E+00  0.00000000E+00  0.00000000E+00  0.00000000E+00
  0.00000000E+00  0.00000000E+00  0.00000000E+00  0.00000000E+00  0.00000000E+00
  0.00000000E+00  0.00000000E+00  0.00000000E+00  0.00000000E+00  0.00000000E+00
  0.00000000E+00  0.00000000E+00  0.00000000E+00  0.00000000E+00  0.00000000E+00
  0.00000000E+00  0.00000000E+00  0.00000000E+00  0.00000000E+00  0.00000000E+00
  0.00000000E+00  0.00000000E+00  0.00000000E+00  0.00000000E+00  0.20789884E+00
 -0.33968991E+00 -0.20362887E+02 -0.12965640E+03 -0.27840479E+03 -0.31157444E+03
 -0.40914557E+03 -0.39954060E+03 -0.50340523E+03 -0.56014028E+03 -0.53812923E+03
 -0.53647180E+03 -0.62070464E+03 -0.64475353E+03 -0.68401533E+03 -0.73827203E+03
 -0.82510016E+03 -0.71475614E+03 -0.67460399E+03 -0.65361299E+03 -0.42884273E+03
 -0.26127722E+03 -0.16129523E+03 -0.36775387E+02 -0.41369347E+02
  0.00000000E+00  0.00000000E+00  0.00000000E+00  0.00000000E+00  0.00000000E+00
  0.00000000E+00  0.00000000E+00  0.00000000E+00  0.00000000E+00  0.00000000E+00
  0.00000000E+00  0.00000000E+00  0.00000000E+00  0.00000000E+00  0.00000000E+00
  0.00000000E+00  0.00000000E+00  0.00000000E+00  0.00000000E+00  0.00000000E+00
  0.00000000E+00  0.00000000E+00  0.00000000E+00  0.00000000E+00  0.00000000E+00
  0.00000000E+00  0.00000000E+00  0.00000000E+00  0.00000000E+00  0.00000000E+00
  0.00000000E+00  0.00000000E+00  0.00000000E+00  0.00000000E+00  0.00000000E+00
  0.00000000E+00  0.00000000E+00  0.00000000E+00  0.00000000E+00  0.00000000E+00
 -0.17741567E+00 -0.10713834E+02 -0.99127370E+02 -0.29435112E+03 -0.33272563E+03
 -0.37084724E+03 -0.39324289E+03 -0.42865543E+03 -0.56247129E+03 -0.55810000E+03
 -0.51727112E+03 -0.59691870E+03 -0.58844019E+03 -0.66810712E+03 -0.70732228E+03
 -0.68220610E+03 -0.58579657E+03 -0.59911586E+03 -0.51255544E+03 -0.41460152E+03
 -0.13430880E+03 -0.70079025E+02  0.37934781E+02  0.28535593E+02
  0.00000000E+00  0.00000000E+00  0.00000000E+00  0.00000000E+00  0.00000000E+00
  0.00000000E+00  0.00000000E+00  0.00000000E+00  0.00000000E+00  0.00000000E+00
  0.00000000E+00  0.00000000E+00  0.00000000E+00  0.00000000E+00  0.00000000E+00
  0.00000000E+00  0.00000000E+00  0.00000000E+00  0.00000000E+00  0.00000000E+00
  0.00000000E+00  0.00000000E+00  0.00000000E+00  0.00000000E+00  0.00000000E+00
  0.00000000E+00  0.00000000E+00  0.00000000E+00  0.00000000E+00  0.00000000E+00
  0.00000000E+00  0.00000000E+00  0.00000000E+00  0.00000000E+00  0.00000000E+00
  0.00000000E+00  0.00000000E+00  0.00000000E+00  0.00000000E+00  0.00000000E+00
 -0.44239388E+00 -0.78036539E+01 -0.73316922E+02 -0.26018691E+03 -0.35899433E+03
 -0.37419357E+03 -0.38702530E+03 -0.36994983E+03 -0.46577997E+03 -0.53608969E+03
 -0.54068613E+03 -0.56360621E+03 -0.56170636E+03 -0.61041631E+03 -0.63660718E+03
 -0.53148926E+03 -0.52724311E+03 -0.43243554E+03 -0.40529399E+03 -0.25844320E+03
 -0.19870947E+03 -0.85616488E+02  0.15619693E+03  0.25414525E+03
  0.00000000E+00  0.00000000E+00  0.00000000E+00  0.00000000E+00  0.00000000E+00
  0.00000000E+00  0.00000000E+00  0.00000000E+00  0.00000000E+00  0.00000000E+00
  0.00000000E+00  0.00000000E+00  0.00000000E+00  0.00000000E+00  0.00000000E+00
  0.00000000E+00  0.00000000E+00  0.00000000E+00  0.00000000E+00  0.00000000E+00
  0.00000000E+00  0.00000000E+00  0.00000000E+00  0.00000000E+00  0.00000000E+00
  0.00000000E+00  0.00000000E+00  0.00000000E+00  0.00000000E+00  0.00000000E+00
  0.00000000E+00  0.00000000E+00  0.00000000E+00  0.00000000E+00  0.00000000E+00
  0.00000000E+00  0.00000000E+00  0.00000000E+00  0.00000000E+00 -0.29845011E-01
 -0.64564584E-01 -0.97924355E+01 -0.75836211E+02 -0.22094796E+03 -0.34826582E+03
 -0.35280189E+03 -0.41394569E+03 -0.35535219E+03 -0.45653847E+03 -0.44792546E+03
 -0.50040607E+03 -0.49741294E+03 -0.55770707E+03 -0.53889036E+03 -0.52527034E+03
 -0.44170919E+03 -0.44528877E+03 -0.33645472E+03 -0.32991924E+03 -0.24514860E+03
 -0.15639567E+03 -0.37932342E+02  0.15372758E+02  0.40628209E+03
  0.00000000E+00  0.00000000E+00  0.00000000E+00  0.00000000E+00  0.00000000E+00
  0.00000000E+00  0.00000000E+00  0.00000000E+00  0.00000000E+00  0.00000000E+00
  0.00000000E+00  0.00000000E+00  0.00000000E+00  0.00000000E+00  0.00000000E+00
  0.00000000E+00  0.00000000E+00  0.00000000E+00  0.00000000E+00  0.00000000E+00
  0.00000000E+00  0.00000000E+00  0.00000000E+00  0.00000000E+00  0.00000000E+00
  0.00000000E+00  0.00000000E+00  0.00000000E+00  0.00000000E+00  0.00000000E+00
  0.00000000E+00  0.00000000E+00  0.00000000E+00  0.00000000E+00  0.00000000E+00
  0.00000000E+00  0.00000000E+00  0.00000000E+00  0.00000000E+00 -0.10556366E-02
 -0.42619583E-01 -0.33168775E+01 -0.63773166E+02 -0.18435365E+03 -0.31086721E+03
 -0.38273020E+03 -0.39524945E+03 -0.37907029E+03 -0.39538994E+03 -0.40498153E+03
 -0.43515561E+03 -0.53825164E+03 -0.47176860E+03 -0.47260632E+03 -0.45399216E+03
 -0.34613100E+03 -0.35831793E+03 -0.25646615E+03 -0.12383145E+03 -0.28615689E+03
 -0.14254724E+03 -0.87673065E+02  0.12631446E+03  0.21364937E+03
  0.00000000E+00  0.00000000E+00  0.00000000E+00  0.00000000E+00  0.00000000E+00
  0.00000000E+00  0.00000000E+00  0.00000000E+00  0.00000000E+00  0.00000000E+00
  0.00000000E+00  0.00000000E+00  0.00000000E+00  0.00000000E+00  0.00000000E+00
  0.00000000E+00  0.00000000E+00  0.00000000E+00  0.00000000E+00  0.00000000E+00
  0.00000000E+00  0.00000000E+00  0.00000000E+00  0.00000000E+00  0.00000000E+00
  0.00000000E+00  0.00000000E+00  0.00000000E+00  0.00000000E+00  0.00000000E+00
  0.00000000E+00  0.00000000E+00  0.00000000E+00  0.00000000E+00  0.00000000E+00
  0.00000000E+00  0.00000000E+00  0.00000000E+00  0.00000000E+00  0.00000000E+00
 -0.12091254E+00 -0.25254080E+01 -0.57034033E+02 -0.20399687E+03 -0.27503095E+03
 -0.37602639E+03 -0.38767379E+03 -0.36178264E+03 -0.36438954E+03 -0.39854696E+03
 -0.40257349E+03 -0.45844207E+03 -0.46969942E+03 -0.36886935E+03 -0.32156894E+03
 -0.34121586E+03 -0.31856289E+03 -0.21537310E+03 -0.50631156E+02 -0.19066845E+03
  0.17340972E+02 -0.59029296E+02  0.11722563E+03  0.13797226E+03
  0.00000000E+00  0.00000000E+00  0.00000000E+00  0.00000000E+00  0.00000000E+00
  0.00000000E+00  0.00000000E+00  0.00000000E+00  0.00000000E+00  0.00000000E+00
  0.00000000E+00  0.00000000E+00  0.00000000E+00  0.00000000E+00  0.00000000E+00
  0.00000000E+00  0.00000000E+00  0.00000000E+00  0.00000000E+00  0.00000000E+00
  0.00000000E+00  0.00000000E+00  0.00000000E+00  0.00000000E+00  0.00000000E+00
  0.00000000E+00  0.00000000E+00  0.00000000E+00  0.00000000E+00  0.00000000E+00
  0.00000000E+00  0.00000000E+00  0.00000000E+00  0.00000000E+00  0.00000000E+00
  0.00000000E+00  0.00000000E+00  0.00000000E+00  0.00000000E+00  0.00000000E+00
 -0.32920422E+00 -0.35711893E+01 -0.56355224E+02 -0.19554058E+03 -0.27140043E+03
 -0.37123957E+03 -0.38300742E+03 -0.33007094E+03 -0.35290220E+03 -0.42882135E+03
 -0.34972077E+03 -0.41470960E+03 -0.35069673E+03 -0.32830952E+03 -0.32419927E+03
 -0.27297490E+03 -0.20290004E+03 -0.16349224E+03 -0.75987973E+02 -0.13648198E+03
  0.85003801E+02 -0.24535241E+02  0.11605403E+03  0.22166201E+03
  0.00000000E+00  0.00000000E+00  0.00000000E+00  0.00000000E+00  0.00000000E+00
  0.00000000E+00  0.00000000E+00  0.00000000E+00  0.00000000E+00  0.00000000E+00
  0.00000000E+00  0.00000000E+00  0.00000000E+00  0.00000000E+00  0.00000000E+00
  0.00000000E+00  0.00000000E+00  0.00000000E+00  0.00000000E+00  0.00000000E+00
  0.00000000E+00  0.00000000E+00  0.00000000E+00  0.00000000E+00  0.00000000E+00
  0.00000000E+00  0.00000000E+00  0.00000000E+00  0.00000000E+00  0.00000000E+00
  0.00000000E+00  0.00000000E+00  0.00000000E+00  0.00000000E+00  0.00000000E+00
  0.00000000E+00  0.00000000E+00  0.00000000E+00  0.00000000E+00  0.00000000E+00
 -0.24255389E+00 -0.11217493E+01 -0.59852093E+02 -0.17893188E+03 -0.29599700E+03
 -0.35782007E+03 -0.34072786E+03 -0.35103899E+03 -0.30072617E+03 -0.46145891E+03
 -0.32956893E+03 -0.33267936E+03 -0.24039794E+03 -0.33835945E+03 -0.27871458E+03
 -0.20097191E+03 -0.21360308E+03 -0.54256076E+02 -0.87349663E+02 -0.91394958E+01
 -0.46040306E+02  0.77588659E+02  0.16554493E+03  0.12477489E+03
  0.00000000E+00  0.00000000E+00  0.00000000E+00  0.00000000E+00  0.00000000E+00
  0.00000000E+00  0.00000000E+00  0.00000000E+00  0.00000000E+00  0.00000000E+00
  0.00000000E+00  0.00000000E+00  0.00000000E+00  0.00000000E+00  0.00000000E+00
  0.00000000E+00  0.00000000E+00  0.00000000E+00  0.00000000E+00  0.00000000E+00
  0.00000000E+00  0.00000000E+00  0.00000000E+00  0.00000000E+00  0.00000000E+00
  0.00000000E+00  0.00000000E+00  0.00000000E+00  0.00000000E+00  0.00000000E+00
  0.00000000E+00  0.00000000E+00  0.00000000E+00  0.00000000E+00  0.00000000E+00
  0.00000000E+00  0.00000000E+00  0.00000000E+00  0.00000000E+00  0.00000000E+00
  0.85725911E+00 -0.12755738E+01 -0.58700600E+02 -0.20004549E+03 -0.27079860E+03
 -0.31544201E+03 -0.33052214E+03 -0.37799090E+03 -0.26718094E+03 -0.40779904E+03
 -0.30519642E+03 -0.26040201E+03 -0.24502038E+03 -0.25713593E+03 -0.21345203E+03
 -0.20160363E+03 -0.14298693E+03 -0.33874780E+02 -0.11476279E+03  0.65240899E+02
 -0.60461511E+02  0.76080908E+02  0.10295565E+03  0.37463132E+03
  0.00000000E+00  0.00000000E+00  0.00000000E+00  0.00000000E+00  0.00000000E+00
  0.00000000E+00  0.00000000E+00  0.00000000E+00  0.00000000E+00  0.00000000E+00
  0.00000000E+00  0.00000000E+00  0.00000000E+00  0.00000000E+00  0.00000000E+00
  0.00000000E+00  0.00000000E+00  0.00000000E+00  0.00000000E+00  0.00000000E+00
  0.00000000E+00  0.00000000E+00  0.00000000E+00  0.00000000E+00  0.00000000E+00
  0.00000000E+00  0.00000000E+00  0.00000000E+00  0.00000000E+00  0.00000000E+00
  0.00000000E+00  0.00000000E+00  0.00000000E+00  0.00000000E+00  0.00000000E+00
  0.00000000E+00  0.00000000E+00  0.00000000E+00  0.00000000E+00  0.11144923E+00
  0.36692418E+00 -0.54095334E+01 -0.45735940E+02 -0.20296260E+03 -0.26201153E+03
 -0.27787824E+03 -0.32537715E+03 -0.35561416E+03 -0.27902196E+03 -0.28793505E+03
 -0.29573441E+03 -0.18462874E+03 -0.23250465E+03 -0.18613449E+03 -0.17616579E+03
 -0.10452294E+03 -0.69581685E+02 -0.12226844E+03 -0.31414093E+02 -0.49468687E+02
 -0.16904190E+01  0.12917263E+03  0.17806992E+03  0.30320960E+03
  0.00000000E+00  0.00000000E+00  0.00000000E+00  0.00000000E+00  0.00000000E+00
  0.00000000E+00  0.00000000E+00  0.00000000E+00  0.00000000E+00  0.00000000E+00
  0.00000000E+00  0.00000000E+00  0.00000000E+00  0.00000000E+00  0.00000000E+00
  0.00000000E+00  0.00000000E+00  0.00000000E+00  0.00000000E+00  0.00000000E+00
  0.00000000E+00  0.00000000E+00  0.00000000E+00  0.00000000E+00  0.00000000E+00
  0.00000000E+00  0.00000000E+00  0.00000000E+00  0.00000000E+00  0.00000000E+00
  0.00000000E+00  0.00000000E+00  0.00000000E+00  0.00000000E+00  0.00000000E+00
  0.00000000E+00  0.00000000E+00  0.00000000E+00  0.00000000E+00 -0.50577784E+00
  0.00000000E+00 -0.56011361E+01 -0.39175709E+02 -0.19735303E+03 -0.29735193E+03
 -0.24410439E+03 -0.29689212E+03 -0.33959206E+03 -0.22996258E+03 -0.22043593E+03
 -0.26391986E+03 -0.18935692E+03 -0.18032361E+03 -0.13097980E+03 -0.30777853E+02
 -0.12139598E+03  0.10097913E+02 -0.10253262E+03 -0.91027549E+02  0.85762182E+02
  0.40545598E+02  0.75537114E+02  0.59929276E+02  0.17473428E+03
  0.00000000E+00  0.00000000E+00  0.00000000E+00  0.00000000E+00  0.00000000E+00
  0.00000000E+00  0.00000000E+00  0.00000000E+00  0.00000000E+00  0.00000000E+00
  0.00000000E+00  0.00000000E+00  0.00000000E+00  0.00000000E+00  0.00000000E+00
  0.00000000E+00  0.00000000E+00  0.00000000E+00  0.00000000E+00  0.00000000E+00
  0.00000000E+00  0.00000000E+00  0.00000000E+00  0.00000000E+00  0.00000000E+00
  0.00000000E+00  0.00000000E+00  0.00000000E+00  0.00000000E+00  0.00000000E+00
  0.00000000E+00  0.00000000E+00  0.00000000E+00  0.00000000E+00  0.00000000E+00
  0.00000000E+00  0.00000000E+00  0.00000000E+00  0.00000000E+00 -0.78166634E-01
 -0.16288719E+01 -0.62556645E+01 -0.54535067E+02 -0.20225855E+03 -0.27953465E+03
 -0.23519266E+03 -0.24332410E+03 -0.30635891E+03 -0.25556011E+03 -0.14406117E+03
 -0.21922860E+03 -0.12715209E+03 -0.47369401E+02 -0.67880192E+02 -0.58064029E+02
 -0.21019139E+02 -0.60128904E+02 -0.74352936E+02 -0.65928855E+02  0.16154021E+03
  0.77484347E+02  0.73879406E+02  0.10847109E+03  0.13817629E+03
  0.00000000E+00  0.00000000E+00  0.00000000E+00  0.00000000E+00  0.00000000E+00
  0.00000000E+00  0.00000000E+00  0.00000000E+00  0.00000000E+00  0.00000000E+00
  0.00000000E+00  0.00000000E+00  0.00000000E+00  0.00000000E+00  0.00000000E+00
  0.00000000E+00  0.00000000E+00  0.00000000E+00  0.00000000E+00  0.00000000E+00
  0.00000000E+00  0.00000000E+00  0.00000000E+00  0.00000000E+00  0.00000000E+00
  0.00000000E+00  0.00000000E+00  0.00000000E+00  0.00000000E+00  0.00000000E+00
  0.00000000E+00  0.00000000E+00  0.00000000E+00  0.00000000E+00  0.00000000E+00
  0.00000000E+00  0.00000000E+00  0.00000000E+00  0.00000000E+00 -0.18628261E+00
 -0.93522916E+00 -0.11645149E+02 -0.85123452E+02 -0.19975753E+03 -0.30227658E+03
 -0.21129527E+03 -0.23393778E+03 -0.19507953E+03 -0.19304610E+03 -0.14364048E+03
 -0.11956801E+03 -0.76458065E+02  0.40175900E+02 -0.90512289E+01 -0.10407722E+03
  0.95680108E+00 -0.23121371E+02 -0.35809271E+02  0.18590038E+03  0.91581450E+02
  0.18442515E+03  0.19868797E+02  0.27342043E+03  0.91987847E+02
  0.00000000E+00  0.00000000E+00  0.00000000E+00  0.00000000E+00  0.00000000E+00
  0.00000000E+00  0.00000000E+00  0.00000000E+00  0.00000000E+00  0.00000000E+00
  0.00000000E+00  0.00000000E+00  0.00000000E+00  0.00000000E+00  0.00000000E+00
  0.00000000E+00  0.00000000E+00  0.00000000E+00  0.00000000E+00  0.00000000E+00
  0.00000000E+00  0.00000000E+00  0.00000000E+00  0.00000000E+00  0.00000000E+00
  0.00000000E+00  0.00000000E+00  0.00000000E+00  0.00000000E+00  0.00000000E+00
  0.00000000E+00  0.00000000E+00  0.00000000E+00  0.00000000E+00  0.00000000E+00
  0.00000000E+00  0.00000000E+00  0.00000000E+00  0.00000000E+00 -0.10613327E+00
 -0.13816041E+01 -0.14658208E+02 -0.96650441E+02 -0.21752884E+03 -0.27991695E+03
 -0.26159574E+03 -0.12715253E+03 -0.91573243E+02 -0.13309840E+03 -0.16390224E+03
 -0.54324862E+02 -0.41870610E+02  0.51946921E+02  0.43385921E+02  0.62588126E+02
  0.14696251E+02  0.85744970E+02  0.76318525E+02  0.31959037E+02  0.18832959E+03
  0.21797649E+03  0.15412380E+03  0.13604017E+03  0.36377443E+02
  0.00000000E+00  0.00000000E+00  0.00000000E+00  0.00000000E+00  0.00000000E+00
  0.00000000E+00  0.00000000E+00  0.00000000E+00  0.00000000E+00  0.00000000E+00
  0.00000000E+00  0.00000000E+00  0.00000000E+00  0.00000000E+00  0.00000000E+00
  0.00000000E+00  0.00000000E+00  0.00000000E+00  0.00000000E+00  0.00000000E+00
  0.00000000E+00  0.00000000E+00  0.00000000E+00  0.00000000E+00  0.00000000E+00
  0.00000000E+00  0.00000000E+00  0.00000000E+00  0.00000000E+00  0.00000000E+00
  0.00000000E+00  0.00000000E+00  0.00000000E+00  0.00000000E+00  0.00000000E+00
  0.00000000E+00  0.00000000E+00  0.00000000E+00  0.00000000E+00 -0.10489924E-01
 -0.39650320E+01 -0.24880258E+02 -0.11626703E+03 -0.22424176E+03 -0.26066992E+03
 -0.20443394E+03 -0.12489139E+03 -0.31412960E+02 -0.71969485E+02 -0.48400531E+02
 -0.30993927E+02  0.27726691E+02  0.33240110E+02  0.15596628E+03  0.17006169E+03
  0.87205216E+02  0.90049302E+02  0.17271334E+03  0.73820175E+02  0.19638754E+03
  0.14740021E+03  0.31473357E+03  0.24626707E+03  0.23114081E+03
  0.00000000E+00  0.00000000E+00  0.00000000E+00  0.00000000E+00  0.00000000E+00
  0.00000000E+00  0.00000000E+00  0.00000000E+00  0.00000000E+00  0.00000000E+00
  0.00000000E+00  0.00000000E+00  0.00000000E+00  0.00000000E+00  0.00000000E+00
  0.00000000E+00  0.00000000E+00  0.00000000E+00  0.00000000E+00  0.00000000E+00
  0.00000000E+00  0.00000000E+00  0.00000000E+00  0.00000000E+00  0.00000000E+00
  0.00000000E+00  0.00000000E+00  0.00000000E+00  0.00000000E+00  0.00000000E+00
  0.00000000E+00  0.00000000E+00  0.00000000E+00  0.00000000E+00  0.00000000E+00
  0.00000000E+00  0.00000000E+00  0.00000000E+00  0.00000000E+00 -0.36651784E+00
 -0.39330861E+01 -0.46658434E+02 -0.14609351E+03 -0.21830320E+03 -0.18500325E+03
 -0.19617416E+03 -0.62784648E+02 -0.60222185E+02  0.35008539E+02  0.58454783E+02
  0.12494571E+02  0.18753178E+02  0.16814324E+03  0.24464971E+03  0.20995326E+03
  0.16676658E+03  0.20916198E+03  0.21132029E+03  0.30486670E+03  0.12305778E+03
  0.20641233E+03  0.21108020E+03  0.24734750E+03  0.26936973E+02
  0.00000000E+00  0.00000000E+00  0.00000000E+00  0.00000000E+00  0.00000000E+00
  0.00000000E+00  0.00000000E+00  0.00000000E+00  0.00000000E+00  0.00000000E+00
  0.00000000E+00  0.00000000E+00  0.00000000E+00  0.00000000E+00  0.00000000E+00
  0.00000000E+00  0.00000000E+00  0.00000000E+00  0.00000000E+00  0.00000000E+00
  0.00000000E+00  0.00000000E+00  0.00000000E+00  0.00000000E+00  0.00000000E+00
  0.00000000E+00  0.00000000E+00  0.00000000E+00  0.00000000E+00  0.00000000E+00
  0.00000000E+00  0.00000000E+00  0.00000000E+00  0.00000000E+00  0.00000000E+00
  0.00000000E+00  0.00000000E+00  0.00000000E+00 -0.44902740E-01 -0.68380900E+00
 -0.11747723E+02 -0.66729775E+02 -0.17037933E+03 -0.20776570E+03 -0.14779182E+03
 -0.10118246E+03 -0.96295412E+02  0.30442653E+02  0.10392071E+03  0.39423455E+02
  0.15390712E+03  0.16118513E+03  0.17651611E+03  0.20879353E+03  0.29494916E+03
  0.27299088E+03  0.25727273E+03  0.24393853E+03  0.16014682E+03  0.18190417E+03
  0.27617805E+03  0.25457346E+03  0.85692150E+02  0.18990711E+02
  0.00000000E+00  0.00000000E+00  0.00000000E+00  0.00000000E+00  0.00000000E+00
  0.00000000E+00  0.00000000E+00  0.00000000E+00  0.00000000E+00  0.00000000E+00
  0.00000000E+00  0.00000000E+00  0.00000000E+00  0.00000000E+00  0.00000000E+00
  0.00000000E+00  0.00000000E+00  0.00000000E+00  0.00000000E+00  0.00000000E+00
  0.00000000E+00  0.00000000E+00  0.00000000E+00  0.00000000E+00  0.00000000E+00
  0.00000000E+00  0.00000000E+00  0.00000000E+00  0.00000000E+00  0.00000000E+00
  0.00000000E+00  0.00000000E+00  0.00000000E+00  0.00000000E+00  0.00000000E+00
  0.00000000E+00  0.00000000E+00  0.00000000E+00 -0.26734453E+00 -0.48144360E+01
 -0.22171791E+02 -0.67603264E+02 -0.17159321E+03 -0.16379441E+03 -0.12014335E+03
 -0.34961168E+02  0.15276066E+02  0.69712489E+02  0.97165712E+02  0.16213241E+03
  0.19254716E+03  0.27271953E+03  0.22184340E+03  0.28578212E+03  0.27370145E+03
  0.26694618E+03  0.25149405E+03  0.34895807E+03  0.27798107E+03  0.22218852E+03
  0.14605149E+03  0.10417779E+03  0.15073083E+03  0.14650060E+03
  0.00000000E+00  0.00000000E+00  0.00000000E+00  0.00000000E+00  0.00000000E+00
  0.00000000E+00  0.00000000E+00  0.00000000E+00  0.00000000E+00  0.00000000E+00
  0.00000000E+00  0.00000000E+00  0.00000000E+00  0.00000000E+00  0.00000000E+00
  0.00000000E+00  0.00000000E+00  0.00000000E+00  0.00000000E+00  0.00000000E+00
  0.00000000E+00  0.00000000E+00  0.00000000E+00  0.00000000E+00  0.00000000E+00
  0.00000000E+00  0.00000000E+00  0.00000000E+00  0.00000000E+00  0.00000000E+00
  0.00000000E+00  0.00000000E+00  0.00000000E+00  0.00000000E+00  0.00000000E+00
  0.00000000E+00  0.00000000E+00  0.00000000E+00 -0.23232978E+01 -0.42510564E+01
 -0.31321564E+02 -0.10977259E+03 -0.13906158E+03 -0.10895646E+03 -0.63927169E+02
  0.38556035E+02  0.14449304E+03  0.10055817E+03  0.16039175E+03  0.24010624E+03
  0.29308111E+03  0.25724267E+03  0.30753470E+03  0.35131212E+03  0.30927953E+03
  0.34786766E+03  0.31592384E+03  0.26692731E+03  0.25745117E+03  0.31173554E+03
  0.23841419E+03  0.29710148E+03  0.15124466E+03  0.10651819E+03
  0.00000000E+00  0.00000000E+00  0.00000000E+00  0.00000000E+00  0.00000000E+00
  0.00000000E+00  0.00000000E+00  0.00000000E+00  0.00000000E+00  0.00000000E+00
  0.00000000E+00  0.00000000E+00  0.00000000E+00  0.00000000E+00  0.00000000E+00
  0.00000000E+00  0.00000000E+00  0.00000000E+00  0.00000000E+00  0.00000000E+00
  0.00000000E+00  0.00000000E+00  0.00000000E+00  0.00000000E+00  0.00000000E+00
  0.00000000E+00  0.00000000E+00  0.00000000E+00  0.00000000E+00  0.00000000E+00
  0.00000000E+00  0.00000000E+00  0.00000000E+00  0.00000000E+00  0.00000000E+00
  0.00000000E+00  0.00000000E+00 -0.97366069E-01 -0.17749903E+01 -0.17987603E+02
 -0.48902968E+02 -0.91677893E+02 -0.92509895E+02 -0.39752024E+02  0.66736401E+02
  0.81946309E+02  0.18472853E+03  0.19263711E+03  0.26127416E+03  0.28018561E+03
  0.28860737E+03  0.30518138E+03  0.39029466E+03  0.37293189E+03  0.39644702E+03
  0.39287464E+03  0.32560361E+03  0.29953496E+03  0.42105366E+03  0.25447739E+03
  0.25057599E+03  0.20832033E+03  0.21435109E+03 -0.83147830E+02
  0.00000000E+00  0.00000000E+00  0.00000000E+00  0.00000000E+00  0.00000000E+00
  0.00000000E+00  0.00000000E+00  0.00000000E+00  0.00000000E+00  0.00000000E+00
  0.00000000E+00  0.00000000E+00  0.00000000E+00  0.00000000E+00  0.00000000E+00
  0.00000000E+00  0.00000000E+00  0.00000000E+00  0.00000000E+00  0.00000000E+00
  0.00000000E+00  0.00000000E+00  0.00000000E+00  0.00000000E+00  0.00000000E+00
  0.00000000E+00  0.00000000E+00  0.00000000E+00  0.00000000E+00  0.00000000E+00
  0.00000000E+00  0.00000000E+00  0.00000000E+00  0.00000000E+00  0.00000000E+00
  0.00000000E+00  0.00000000E+00 -0.56299194E-01 -0.28782849E+01 -0.16498780E+02
 -0.49360809E+02 -0.61914540E+02 -0.14549695E+02  0.47263319E+02  0.10328804E+03
  0.19821467E+03  0.20511574E+03  0.30983477E+03  0.35069292E+03  0.25948283E+03
  0.40238708E+03  0.34873534E+03  0.36781753E+03  0.42817631E+03  0.44592675E+03
  0.43314285E+03  0.36477033E+03  0.41108509E+03  0.33053154E+03  0.22934959E+03
  0.28567114E+03  0.13764117E+03  0.81816358E+02  0.57450461E+02
  0.00000000E+00  0.00000000E+00  0.00000000E+00  0.00000000E+00  0.00000000E+00
  0.00000000E+00  0.00000000E+00  0.00000000E+00  0.00000000E+00  0.00000000E+00
  0.00000000E+00  0.00000000E+00  0.00000000E+00  0.00000000E+00  0.00000000E+00
  0.00000000E+00  0.00000000E+00  0.00000000E+00  0.00000000E+00  0.00000000E+00
  0.00000000E+00  0.00000000E+00  0.00000000E+00  0.00000000E+00  0.00000000E+00
  0.00000000E+00  0.00000000E+00  0.00000000E+00  0.00000000E+00  0.00000000E+00
  0.00000000E+00  0.00000000E+00  0.00000000E+00  0.00000000E+00  0.00000000E+00
  0.00000000E+00 -0.13223939E+00 -0.64620692E+00 -0.26306609E+01 -0.11138511E+02
 -0.21268006E+02  0.21501895E+02  0.77776152E+02  0.12840721E+03  0.20693136E+03
  0.21850273E+03  0.31311828E+03  0.31057360E+03  0.34224748E+03  0.49654010E+03
  0.44556731E+03  0.41723242E+03  0.48371878E+03  0.41806376E+03  0.37527249E+03
  0.40502467E+03  0.50363687E+03  0.38079830E+03  0.21345392E+03  0.31521087E+03
  0.23326633E+03  0.83497628E+02  0.90921402E+02  0.55661697E+02
  0.00000000E+00  0.00000000E+00  0.00000000E+00  0.00000000E+00  0.00000000E+00
  0.00000000E+00  0.00000000E+00  0.00000000E+00  0.00000000E+00  0.00000000E+00
  0.00000000E+00  0.00000000E+00  0.00000000E+00  0.00000000E+00  0.00000000E+00
  0.00000000E+00  0.00000000E+00  0.00000000E+00  0.00000000E+00  0.00000000E+00
  0.00000000E+00  0.00000000E+00  0.00000000E+00  0.00000000E+00  0.00000000E+00
  0.00000000E+00  0.00000000E+00  0.00000000E+00  0.00000000E+00  0.00000000E+00
  0.00000000E+00  0.00000000E+00  0.00000000E+00  0.00000000E+00  0.00000000E+00
  0.00000000E+00 -0.12444044E+00 -0.94180020E+00 -0.16839703E+01  0.26546198E+01
  0.45146475E+02  0.98019846E+02  0.14347841E+03  0.19812350E+03  0.25804586E+03
  0.30239591E+03  0.33877382E+03  0.40155355E+03  0.46612211E+03  0.50425729E+03
  0.56105644E+03  0.57444936E+03  0.51617864E+03  0.51589691E+03  0.44193568E+03
  0.37596840E+03  0.34256340E+03  0.33808730E+03  0.31214030E+03  0.19793513E+03
  0.11103047E+03  0.16712789E+03  0.11647261E+02  0.11647523E+00
  0.00000000E+00  0.00000000E+00  0.00000000E+00  0.00000000E+00  0.00000000E+00
  0.00000000E+00  0.00000000E+00  0.00000000E+00  0.00000000E+00  0.00000000E+00
  0.00000000E+00  0.00000000E+00  0.00000000E+00  0.00000000E+00  0.00000000E+00
  0.00000000E+00  0.00000000E+00  0.00000000E+00  0.00000000E+00  0.00000000E+00
  0.00000000E+00  0.00000000E+00  0.00000000E+00  0.00000000E+00  0.00000000E+00
  0.00000000E+00  0.00000000E+00  0.00000000E+00  0.00000000E+00  0.00000000E+00
  0.00000000E+00  0.00000000E+00  0.00000000E+00  0.00000000E+00  0.00000000E+00
 -0.12329988E-01  0.56624593E-01  0.65283013E+00  0.24337240E+01  0.36990963E+02
  0.12471614E+03  0.14041141E+03  0.18619322E+03  0.27650388E+03  0.29590091E+03
  0.38656126E+03  0.43301240E+03  0.46244042E+03  0.50741959E+03  0.55042433E+03
  0.60112382E+03  0.57653963E+03  0.54804128E+03  0.55071417E+03  0.52560865E+03
  0.47944041E+03  0.37620144E+03  0.29863615E+03  0.33592821E+03  0.31507395E+03
  0.18734893E+03  0.10444166E+03  0.13884215E+03 -0.66626185E+01
  0.00000000E+00  0.00000000E+00  0.00000000E+00  0.00000000E+00  0.00000000E+00
  0.00000000E+00  0.00000000E+00  0.00000000E+00  0.00000000E+00  0.00000000E+00
  0.00000000E+00  0.00000000E+00  0.00000000E+00  0.00000000E+00  0.00000000E+00
  0.00000000E+00  0.00000000E+00  0.00000000E+00  0.00000000E+00  0.00000000E+00
  0.00000000E+00  0.00000000E+00  0.00000000E+00  0.00000000E+00  0.00000000E+00
  0.00000000E+00  0.00000000E+00  0.00000000E+00  0.00000000E+00  0.00000000E+00
  0.00000000E+00  0.00000000E+00  0.00000000E+00  0.00000000E+00  0.00000000E+00
  0.00000000E+00  0.71146337E-01  0.32947903E+01  0.33837912E+02  0.11858235E+03
  0.15883195E+03  0.20260757E+03  0.23996002E+03  0.32012629E+03  0.39423145E+03
  0.43661006E+03  0.47112305E+03  0.51709142E+03  0.59836288E+03  0.59899749E+03
  0.59502370E+03  0.57151502E+03  0.55608290E+03  0.62088703E+03  0.56179754E+03
  0.50579636E+03  0.51186401E+03  0.47332590E+03  0.39582334E+03  0.37913653E+03
  0.20374250E+03  0.12700639E+03  0.13584659E+02 -0.44207153E+02
  0.00000000E+00  0.00000000E+00  0.00000000E+00  0.00000000E+00  0.00000000E+00
  0.00000000E+00  0.00000000E+00  0.00000000E+00  0.00000000E+00  0.00000000E+00
  0.00000000E+00  0.00000000E+00  0.00000000E+00  0.00000000E+00  0.00000000E+00
  0.00000000E+00  0.00000000E+00  0.00000000E+00  0.00000000E+00  0.00000000E+00
  0.00000000E+00  0.00000000E+00  0.00000000E+00  0.00000000E+00  0.00000000E+00
  0.00000000E+00  0.00000000E+00  0.00000000E+00  0.00000000E+00  0.00000000E+00
  0.00000000E+00  0.00000000E+00  0.00000000E+00  0.00000000E+00  0.00000000E+00
  0.31313940E-01  0.48892650E+00  0.10548931E+02  0.75494874E+02  0.17801894E+03
  0.23305954E+03  0.30223770E+03  0.30879531E+03  0.39384782E+03  0.42923023E+03
  0.47026696E+03  0.52590904E+03  0.57796296E+03  0.58461633E+03  0.61147085E+03
  0.62313847E+03  0.63368717E+03  0.68893117E+03  0.65264824E+03  0.60562636E+03
  0.58422776E+03  0.50425202E+03  0.47790708E+03  0.39154431E+03  0.35464555E+03
  0.24946070E+03  0.17004617E+03  0.60777809E+02 -0.90573431E+02
  0.00000000E+00  0.00000000E+00  0.00000000E+00  0.00000000E+00  0.00000000E+00
  0.00000000E+00  0.00000000E+00  0.00000000E+00  0.00000000E+00  0.00000000E+00
  0.00000000E+00  0.00000000E+00  0.00000000E+00  0.00000000E+00  0.00000000E+00
  0.00000000E+00  0.00000000E+00  0.00000000E+00  0.00000000E+00  0.00000000E+00
  0.00000000E+00  0.00000000E+00  0.00000000E+00  0.00000000E+00  0.00000000E+00
  0.00000000E+00  0.00000000E+00  0.00000000E+00  0.00000000E+00  0.00000000E+00
  0.00000000E+00  0.00000000E+00  0.00000000E+00  0.00000000E+00  0.30172794E-03
  0.59600471E-01  0.25703837E+01  0.26608952E+02  0.11840580E+03  0.23185105E+03
  0.27606595E+03  0.29541244E+03  0.37343938E+03  0.39970294E+03  0.45180955E+03
  0.51459915E+03  0.54200542E+03  0.56282331E+03  0.62727482E+03  0.67429907E+03
  0.69813921E+03  0.71413668E+03  0.68950937E+03  0.68914217E+03  0.66774814E+03
  0.61892500E+03  0.64192715E+03  0.61719489E+03  0.55302635E+03  0.41294772E+03
  0.35900746E+03  0.26110704E+03  0.59049859E+02 -0.72955131E+02
  0.00000000E+00  0.00000000E+00 -0.62076163E-03  0.00000000E+00  0.00000000E+00
  0.00000000E+00  0.00000000E+00  0.00000000E+00  0.00000000E+00  0.00000000E+00
  0.00000000E+00  0.00000000E+00  0.00000000E+00  0.00000000E+00  0.00000000E+00
  0.00000000E+00  0.00000000E+00  0.00000000E+00  0.00000000E+00  0.00000000E+00
  0.00000000E+00  0.00000000E+00  0.00000000E+00  0.00000000E+00  0.00000000E+00
  0.00000000E+00  0.00000000E+00  0.00000000E+00 -0.66514182E-03 -0.12457395E-01
 -0.62545085E-02 -0.28352065E-01 -0.42652852E-01 -0.12483583E+00 -0.36976738E+00
 -0.49411398E+00  0.21535898E+00  0.21308777E+02  0.99080053E+02  0.18888092E+03
  0.24346537E+03  0.32440612E+03  0.38356159E+03  0.41100873E+03  0.47391729E+03
  0.46931916E+03  0.48678224E+03  0.54337107E+03  0.61076059E+03  0.67454890E+03
  0.67781399E+03  0.67411794E+03  0.68814962E+03  0.71750185E+03  0.67462657E+03
  0.72434210E+03  0.73871540E+03  0.71765027E+03  0.68421225E+03  0.62640488E+03
  0.58078444E+03  0.47376413E+03  0.34584016E+03  0.18095283E+03
  0.00000000E+00  0.00000000E+00  0.27180323E+03 -0.13713748E+01  0.00000000E+00
  0.00000000E+00  0.00000000E+00  0.00000000E+00  0.00000000E+00  0.00000000E+00
 -0.65539318E+02  0.00000000E+00 -0.96164448E+02  0.00000000E+00  0.00000000E+00
  0.00000000E+00  0.00000000E+00 -0.12689828E+01  0.00000000E+00  0.54893008E+01
  0.10265135E+03  0.00000000E+00  0.00000000E+00  0.00000000E+00  0.00000000E+00
  0.00000000E+00  0.00000000E+00  0.10306979E+03 -0.50647333E+02  0.00000000E+00
 -0.87163905E-01  0.19865368E+02  0.19188129E+03 -0.90525341E+02 -0.60590976E+03
 -0.92764490E+03 -0.15425045E+04 -0.13953262E+04 -0.49927818E+04 -0.11746515E+05
 -0.27241338E+05 -0.35759659E+05 -0.13006873E+05  0.16613493E+05  0.17719523E+05
  0.90102891E+04  0.33536703E+04  0.95632524E+03  0.26613097E+04  0.19920872E+04
  0.35990485E+04  0.41231269E+04  0.28613789E+04  0.45808296E+04  0.49486401E+04
  0.58212803E+04  0.67651565E+04  0.49982826E+04  0.52758934E+04  0.55785409E+04
  0.44704917E+04  0.24911702E+04 -0.83178411E+03 -0.51077734E+04
  0.00000000E+00  0.00000000E+00  0.24121345E+03  0.12479153E+02  0.00000000E+00
 -0.97825612E+01  0.00000000E+00  0.00000000E+00  0.00000000E+00  0.00000000E+00
 -0.65539318E+02  0.91558100E+02 -0.11590832E+03  0.00000000E+00  0.00000000E+00
  0.00000000E+00  0.00000000E+00 -0.89254554E+01  0.00000000E+00  0.10259905E+02
  0.34707988E+02  0.87175842E+02  0.00000000E+00  0.00000000E+00  0.00000000E+00
  0.14007366E+01  0.00000000E+00  0.76037071E+02 -0.52027751E+00  0.00000000E+00
  0.00000000E+00 -0.44622611E+02  0.70723583E+02 -0.44699746E+02 -0.21373477E+03
 -0.11474320E+04 -0.23312373E+04 -0.30408050E+04 -0.74873875E+04 -0.15814757E+05
 -0.29827334E+05 -0.44436654E+05 -0.22287769E+05  0.97828752E+04  0.15836263E+05
  0.89721911E+04  0.79434212E+04  0.49888011E+04  0.43343109E+04  0.52894942E+04
  0.61936721E+04  0.62791485E+04  0.68548374E+04  0.91943848E+04  0.10088453E+05
  0.11399769E+05  0.12067532E+05  0.12197153E+05  0.12272667E+05  0.11632025E+05
  0.10965737E+05  0.85887489E+04  0.65171403E+04  0.24084071E+04
  0.00000000E+00  0.00000000E+00  0.00000000E+00  0.12479153E+02  0.00000000E+00
 -0.16226683E+02  0.00000000E+00  0.00000000E+00  0.00000000E+00  0.00000000E+00
 -0.65539318E+02 -0.41814463E+03 -0.96164448E+02  0.00000000E+00  0.00000000E+00
  0.00000000E+00  0.00000000E+00 -0.89254554E+01  0.00000000E+00  0.87511790E+01
  0.00000000E+00  0.97329972E+02  0.00000000E+00  0.00000000E+00  0.00000000E+00
  0.20551209E+02  0.00000000E+00  0.73799935E+02  0.55238438E+01 -0.26679311E+01
  0.00000000E+00  0.13795363E+02 -0.47328960E+02 -0.35723591E+02 -0.17491432E+02
 -0.84984020E+03 -0.19493746E+04 -0.37172705E+04 -0.78707681E+04 -0.16606548E+05
 -0.27792177E+05 -0.47597752E+05 -0.36699229E+05  0.21061212E+04  0.17491303E+05
  0.95744557E+04  0.68519614E+04  0.64086150E+04  0.53444844E+04  0.81647238E+04
  0.79595727E+04  0.65852184E+04  0.83755710E+04  0.91949662E+04  0.10646080E+05
  0.12055851E+05  0.12688959E+05  0.16632380E+05  0.17000066E+05  0.15092721E+05
  0.15559171E+05  0.15367598E+05  0.13279817E+05  0.92004369E+04
  0.00000000E+00  0.00000000E+00  0.00000000E+00  0.12479153E+02  0.00000000E+00
 -0.16226683E+02  0.00000000E+00  0.00000000E+00  0.00000000E+00  0.00000000E+00
 -0.65539318E+02 -0.33050035E+03 -0.96164448E+02  0.00000000E+00  0.00000000E+00
  0.00000000E+00  0.00000000E+00 -0.89254554E+01  0.00000000E+00  0.87511790E+01
  0.00000000E+00  0.00000000E+00  0.00000000E+00  0.00000000E+00  0.00000000E+00
  0.19118306E+03  0.00000000E+00  0.73799935E+02  0.55238438E+01 -0.84238054E+01
 -0.40168196E+02 -0.10016396E+02 -0.96396121E+02  0.43956397E+02 -0.10066782E+03
 -0.26898992E+03 -0.29342202E+04 -0.52433834E+04 -0.86830118E+04 -0.16665649E+05
 -0.30717695E+05 -0.44271063E+05 -0.40409162E+05 -0.12078401E+04  0.11899417E+05
  0.71976046E+04  0.42745530E+04  0.88523232E+04  0.13242361E+05  0.10746297E+05
  0.92904181E+04  0.98797465E+04  0.98483478E+04  0.15346315E+05  0.17682615E+05
  0.14819285E+05  0.17877888E+05  0.16270106E+05  0.18101955E+05  0.19484820E+05
  0.18876637E+05  0.18979934E+05  0.16300080E+05  0.12801758E+05
  0.65005771E+02  0.00000000E+00  0.00000000E+00  0.12479153E+02  0.00000000E+00
 -0.16226683E+02  0.00000000E+00  0.00000000E+00  0.00000000E+00  0.00000000E+00
 -0.65539318E+02  0.20133713E+03 -0.96164448E+02  0.00000000E+00  0.00000000E+00
  0.00000000E+00  0.00000000E+00 -0.89254554E+01  0.00000000E+00  0.87511790E+01
  0.00000000E+00  0.00000000E+00  0.00000000E+00  0.00000000E+00  0.00000000E+00
  0.15920902E+02  0.00000000E+00  0.49661905E-01  0.55238438E+01 -0.84238054E+01
 -0.10600607E+01 -0.11687960E+03 -0.18955907E+03  0.57480390E+02 -0.10724839E+03
 -0.24934447E+03 -0.18337745E+04 -0.53004796E+04 -0.94430156E+04 -0.17525746E+05
 -0.35522019E+05 -0.53997892E+05 -0.48159210E+05 -0.79763504E+04  0.92189611E+04
  0.75212726E+04  0.88664898E+04  0.62070462E+04  0.11434984E+05  0.67114489E+04
  0.11632482E+05  0.16679410E+05  0.16906119E+05  0.14004810E+05  0.15169991E+05
  0.16642450E+05  0.19206027E+05  0.22003121E+05  0.22980638E+05  0.24968679E+05
  0.24351404E+05  0.22609369E+05  0.18556583E+05  0.14714734E+05
  0.47437443E+02  0.00000000E+00  0.00000000E+00  0.12479153E+02  0.00000000E+00
 -0.16226683E+02  0.00000000E+00  0.00000000E+00  0.00000000E+00  0.00000000E+00
 -0.65539318E+02  0.20133713E+03 -0.96164448E+02  0.00000000E+00  0.00000000E+00
  0.00000000E+00 -0.26553377E+02 -0.89254554E+01  0.00000000E+00  0.87511790E+01
  0.00000000E+00  0.00000000E+00  0.00000000E+00  0.00000000E+00  0.00000000E+00
  0.58872234E+02  0.00000000E+00  0.70223521E+01  0.55238438E+01 -0.81889809E+01
 -0.42522414E+01 -0.94007432E+00 -0.10216891E+03 -0.99514453E+02 -0.18345227E+03
 -0.90491054E+03 -0.99865499E+03 -0.39074915E+04 -0.91510945E+04 -0.16878843E+05
 -0.32517789E+05 -0.50365635E+05 -0.46695152E+05 -0.12690862E+05  0.98686487E+04
  0.12982160E+05  0.89099294E+04  0.85811364E+04  0.95232901E+04  0.13943884E+05
  0.16778041E+05  0.16657610E+05  0.20426375E+05  0.21728855E+05  0.22450491E+05
  0.26314159E+05  0.24260648E+05  0.24610889E+05  0.26088000E+05  0.29584909E+05
  0.30270656E+05  0.27470616E+05  0.22818040E+05  0.19006101E+05
  0.00000000E+00  0.00000000E+00  0.00000000E+00  0.12479153E+02  0.00000000E+00
 -0.16226683E+02  0.00000000E+00  0.00000000E+00  0.00000000E+00  0.00000000E+00
 -0.65539318E+02  0.18226178E+03 -0.77089098E+02  0.00000000E+00  0.00000000E+00
  0.00000000E+00 -0.45321902E+02 -0.89254554E+01  0.00000000E+00  0.87511790E+01
  0.00000000E+00  0.00000000E+00  0.00000000E+00  0.00000000E+00  0.00000000E+00
  0.27163042E+03  0.00000000E+00  0.13266612E+02  0.55238438E+01  0.54906299E+01
 -0.19233518E+02  0.18131446E+01 -0.78017129E+02 -0.73977408E+02 -0.26444112E+03
 -0.27033099E+03 -0.14275692E+04 -0.36777369E+04 -0.82465000E+04 -0.18258354E+05
 -0.33049520E+05 -0.54863645E+05 -0.49667037E+05 -0.16597594E+05  0.76832383E+04
  0.73179703E+04  0.93799624E+04  0.94678625E+04  0.96954511E+04  0.14087285E+05
  0.17538745E+05  0.20637019E+05  0.14564151E+05  0.18422872E+05  0.19692755E+05
  0.25933133E+05  0.30684712E+05  0.26740843E+05  0.25714581E+05  0.25805953E+05
  0.23269494E+05  0.23067938E+05  0.24721515E+05  0.22169445E+05
  0.00000000E+00  0.00000000E+00  0.00000000E+00  0.12479153E+02  0.00000000E+00
 -0.16226683E+02  0.00000000E+00  0.00000000E+00  0.00000000E+00  0.00000000E+00
 -0.65539318E+02 -0.64889377E+02  0.10517269E+03  0.00000000E+00  0.00000000E+00
  0.00000000E+00 -0.45321902E+02 -0.89254554E+01  0.00000000E+00  0.67206387E+01
  0.00000000E+00  0.00000000E+00  0.00000000E+00 -0.34236916E+02  0.68798221E+02
  0.19628483E+03  0.00000000E+00  0.19010157E+02  0.41600688E+01  0.54906299E+01
 -0.19233518E+02  0.36410825E+01 -0.15060150E+02 -0.21456948E+03 -0.18658599E+03
 -0.70243314E+03 -0.10758803E+04 -0.34612908E+04 -0.77939852E+04 -0.17231512E+05
 -0.28316243E+05 -0.50184790E+05 -0.43511240E+05 -0.18723222E+05  0.10440240E+05
  0.11848146E+05  0.82604490E+04  0.11831840E+05  0.10130059E+05  0.11637146E+05
  0.15050525E+05  0.24120873E+05  0.15659199E+05  0.19561826E+05  0.24538473E+05
  0.25977488E+05  0.31567539E+05  0.29879773E+05  0.31112771E+05  0.30815555E+05
  0.29417805E+05  0.28864322E+05  0.24944171E+05  0.21062524E+05
  0.00000000E+00  0.00000000E+00  0.00000000E+00  0.12479153E+02  0.00000000E+00
 -0.16226683E+02  0.00000000E+00  0.00000000E+00  0.00000000E+00  0.00000000E+00
 -0.65539318E+02 -0.16099692E+03  0.10517269E+03  0.00000000E+00 -0.18209637E+02
  0.00000000E+00 -0.55303056E+02 -0.89254554E+01  0.00000000E+00  0.00000000E+00
  0.00000000E+00  0.00000000E+00  0.00000000E+00 -0.35591395E+02  0.17139209E+03
  0.00000000E+00  0.00000000E+00  0.19010157E+02  0.00000000E+00  0.17784655E+01
 -0.19233518E+02 -0.28372215E+00 -0.22974052E+02 -0.20864797E+03 -0.17338033E+03
  0.26011098E+03 -0.68922307E+03 -0.41916631E+04 -0.95440327E+04 -0.16835867E+05
 -0.30821567E+05 -0.49870024E+05 -0.53171941E+05 -0.26004031E+05  0.11674666E+05
  0.15929359E+05  0.11147716E+05  0.98648431E+04  0.57610082E+04  0.15801185E+05
  0.19261788E+05  0.13426312E+05  0.20677939E+05  0.22498960E+05  0.22683371E+05
  0.29196900E+05  0.25975320E+05  0.30020687E+05  0.32159711E+05  0.30892092E+05
  0.32823208E+05  0.35218940E+05  0.30850925E+05  0.25916137E+05
  0.00000000E+00  0.00000000E+00  0.00000000E+00  0.12479153E+02  0.00000000E+00
 -0.16226683E+02 -0.89572627E+02  0.00000000E+00  0.00000000E+00  0.00000000E+00
 -0.65539318E+02 -0.16099692E+03  0.10517269E+03  0.00000000E+00 -0.30059485E+02
  0.00000000E+00 -0.81623599E+02 -0.89254554E+01  0.00000000E+00  0.00000000E+00
  0.00000000E+00  0.00000000E+00  0.00000000E+00 -0.35591395E+02  0.00000000E+00
  0.00000000E+00  0.00000000E+00  0.19010157E+02  0.00000000E+00  0.00000000E+00
 -0.45833537E+02 -0.49463301E+01 -0.38242156E+02 -0.22675880E+03 -0.54578982E+03
 -0.58126665E+03 -0.35272471E+04 -0.50187397E+04 -0.88336739E+04 -0.15338881E+05
 -0.24246120E+05 -0.42441730E+05 -0.60266136E+05 -0.21243671E+05  0.14414033E+05
  0.19375989E+05  0.12246828E+05  0.12192213E+05  0.14006398E+05  0.12222554E+05
  0.14471518E+05  0.19759268E+05  0.23022643E+05  0.23657644E+05  0.25184400E+05
  0.27042069E+05  0.33709828E+05  0.34851694E+05  0.34133149E+05  0.34767921E+05
  0.36914350E+05  0.33633468E+05  0.30272135E+05  0.27713143E+05
  0.00000000E+00  0.00000000E+00  0.00000000E+00  0.12479153E+02  0.00000000E+00
  0.11594992E+03 -0.14830221E+03  0.00000000E+00  0.00000000E+00  0.00000000E+00
 -0.65539318E+02 -0.16099692E+03  0.10517269E+03  0.00000000E+00 -0.30059485E+02
  0.00000000E+00 -0.81623599E+02 -0.89254554E+01  0.00000000E+00  0.00000000E+00
  0.00000000E+00  0.00000000E+00  0.73365135E+02 -0.35591395E+02  0.00000000E+00
  0.00000000E+00  0.00000000E+00  0.19010157E+02  0.00000000E+00  0.34342675E+00
 -0.73025163E+02 -0.30831173E+01 -0.79039551E+02 -0.29006118E+03 -0.15349607E+03
 -0.51920800E+03 -0.34516151E+04 -0.35897303E+04 -0.63442041E+04 -0.16077757E+05
 -0.24486224E+05 -0.40874987E+05 -0.63995848E+05 -0.31025580E+05  0.12255129E+05
  0.21123497E+05  0.20639328E+05  0.13948113E+05  0.10970742E+05  0.15369683E+05
  0.19608141E+05  0.21322069E+05  0.25365915E+05  0.24454251E+05  0.28935966E+05
  0.31691072E+05  0.30069562E+05  0.38294304E+05  0.38373718E+05  0.36584148E+05
  0.34364334E+05  0.31482136E+05  0.28192131E+05  0.23115367E+05
  0.00000000E+00  0.00000000E+00  0.00000000E+00  0.12479153E+02  0.00000000E+00
  0.23930115E+03 -0.14830221E+03  0.00000000E+00  0.00000000E+00  0.00000000E+00
 -0.65539318E+02 -0.16099692E+03  0.20117016E+03 -0.95997469E+02 -0.30059485E+02
  0.00000000E+00 -0.10674443E+02 -0.94400323E+00  0.00000000E+00  0.00000000E+00
  0.00000000E+00  0.00000000E+00  0.11937718E+03 -0.35591395E+02  0.00000000E+00
  0.00000000E+00 -0.22790520E+02  0.19010157E+02  0.00000000E+00  0.81552127E-01
 -0.27877602E+02  0.00000000E+00 -0.19561850E+03 -0.29809592E+03 -0.61840558E+02
 -0.98110990E+03 -0.22898255E+04 -0.39474241E+04 -0.77946949E+04 -0.16048685E+05
 -0.25846718E+05 -0.51455558E+05 -0.64029343E+05 -0.25366237E+05  0.78678244E+04
  0.19069450E+05  0.11354819E+05  0.11153615E+05  0.13262553E+05  0.19323329E+05
  0.21313096E+05  0.21078619E+05  0.21052056E+05  0.23731530E+05  0.24613968E+05
  0.24670612E+05  0.26219525E+05  0.30295109E+05  0.35800043E+05  0.36888059E+05
  0.37307183E+05  0.32478395E+05  0.29539575E+05  0.26239646E+05
  0.00000000E+00  0.00000000E+00  0.00000000E+00  0.12479153E+02  0.00000000E+00
  0.22296567E+03 -0.13196672E+03  0.00000000E+00  0.00000000E+00  0.00000000E+00
 -0.65539318E+02 -0.16099692E+03  0.56886432E+03  0.73989069E+02 -0.30059485E+02
  0.00000000E+00  0.43325539E+02  0.00000000E+00  0.00000000E+00  0.00000000E+00
  0.00000000E+00  0.00000000E+00 -0.22511074E+02 -0.35591395E+02  0.00000000E+00
  0.00000000E+00 -0.15442647E+03  0.19010157E+02  0.00000000E+00  0.00000000E+00
 -0.21804884E+01  0.00000000E+00 -0.16788235E+03 -0.42604862E+03 -0.34786981E+03
 -0.84011326E+03 -0.20786399E+04 -0.44727519E+04 -0.84891492E+04 -0.17279272E+05
 -0.26796984E+05 -0.44183234E+05 -0.57716467E+05 -0.31983288E+05  0.29683686E+04
  0.13689996E+05  0.15992470E+05  0.12114873E+05  0.17055468E+05  0.19488778E+05
  0.15302795E+05  0.18897036E+05  0.21094391E+05  0.18981670E+05  0.25388938E+05
  0.27543950E+05  0.31231300E+05  0.33607049E+05  0.41735261E+05  0.40494362E+05
  0.42056501E+05  0.38929326E+05  0.32365881E+05  0.27649018E+05
  0.00000000E+00  0.00000000E+00  0.00000000E+00  0.12479153E+02  0.00000000E+00
 -0.68979065E+01  0.97896850E+02  0.00000000E+00  0.00000000E+00  0.00000000E+00
 -0.65539318E+02 -0.16099692E+03  0.21271854E+03  0.00000000E+00 -0.30059485E+02
  0.00000000E+00  0.43325539E+02  0.00000000E+00  0.00000000E+00  0.00000000E+00
  0.00000000E+00  0.00000000E+00 -0.16731174E+02 -0.35591395E+02  0.00000000E+00
  0.00000000E+00 -0.17519405E+03  0.29036538E+01  0.00000000E+00  0.00000000E+00
 -0.17090251E+02 -0.16520095E+02 -0.12971930E+03 -0.30889430E+03 -0.57656638E+03
 -0.10831511E+04 -0.16131262E+04 -0.12445860E+04 -0.67014840E+04 -0.15446854E+05
 -0.28109179E+05 -0.41031385E+05 -0.65156094E+05 -0.26100938E+05  0.55918522E+04
  0.15181733E+05  0.17189312E+05  0.18238668E+05  0.21509151E+05  0.16456091E+05
  0.21089194E+05  0.20813469E+05  0.22530806E+05  0.26163837E+05  0.29279449E+05
  0.31479707E+05  0.34954218E+05  0.36372196E+05  0.35609926E+05  0.35849130E+05
  0.36577767E+05  0.34193543E+05  0.31967908E+05  0.26606114E+05
  0.00000000E+00  0.00000000E+00  0.00000000E+00  0.12479153E+02  0.00000000E+00
 -0.38958410E+01  0.12436886E+03  0.00000000E+00  0.00000000E+00  0.00000000E+00
 -0.65539318E+02 -0.16099692E+03  0.21271854E+03  0.00000000E+00 -0.30059485E+02
  0.00000000E+00  0.43325539E+02  0.00000000E+00  0.00000000E+00  0.00000000E+00
  0.00000000E+00  0.00000000E+00  0.00000000E+00 -0.35591395E+02  0.00000000E+00
  0.00000000E+00 -0.13799487E+03 -0.53195821E+02 -0.10932395E+00  0.00000000E+00
 -0.36281438E+01 -0.70287824E+02 -0.13879207E+03 -0.92271648E+02 -0.10273296E+04
 -0.11928990E+04 -0.25522018E+04 -0.32587157E+04 -0.71552346E+04 -0.16873852E+05
 -0.26122829E+05 -0.45494828E+05 -0.54568563E+05 -0.26141724E+05  0.99570842E+04
  0.18177043E+05  0.14450111E+05  0.16014017E+05  0.19049062E+05  0.20429933E+05
  0.19673080E+05  0.21590544E+05  0.22356621E+05  0.27878114E+05  0.31532801E+05
  0.33991221E+05  0.32376215E+05  0.36850728E+05  0.38911706E+05  0.37897044E+05
  0.39917710E+05  0.40918101E+05  0.35858220E+05  0.32003590E+05
  0.00000000E+00  0.00000000E+00  0.00000000E+00  0.12479153E+02  0.00000000E+00
  0.00000000E+00  0.12715234E+03  0.00000000E+00  0.00000000E+00  0.00000000E+00
 -0.65539318E+02 -0.16099692E+03  0.21271854E+03  0.00000000E+00 -0.30059485E+02
  0.00000000E+00  0.43325539E+02  0.00000000E+00  0.00000000E+00  0.00000000E+00
  0.00000000E+00  0.00000000E+00  0.00000000E+00 -0.35591395E+02  0.00000000E+00
  0.00000000E+00 -0.12689920E+02 -0.19042729E+03 -0.34966198E+01  0.00000000E+00
  0.00000000E+00 -0.67645236E+02 -0.15940722E+03 -0.35961097E+02 -0.97335808E+03
 -0.10195936E+04 -0.31778598E+04 -0.53008689E+04 -0.77304203E+04 -0.19039761E+05
 -0.28548883E+05 -0.47965370E+05 -0.54910131E+05 -0.32325196E+05  0.14193607E+05
  0.12819049E+05  0.10685199E+05  0.16214365E+05  0.15117016E+05  0.16435766E+05
  0.23132284E+05  0.23161750E+05  0.27809263E+05  0.28255686E+05  0.31482331E+05
  0.33312973E+05  0.36682978E+05  0.35504435E+05  0.35900064E+05  0.40289593E+05
  0.39583661E+05  0.37771360E+05  0.34953221E+05  0.31580461E+05
  0.00000000E+00  0.00000000E+00  0.00000000E+00  0.92209234E+01  0.00000000E+00
  0.27388923E+01  0.12099260E+03  0.00000000E+00  0.00000000E+00  0.00000000E+00
 -0.56969756E+02 -0.35349774E+01  0.21267919E+03  0.00000000E+00 -0.28358958E+02
  0.00000000E+00 -0.11461414E+02  0.00000000E+00  0.00000000E+00  0.00000000E+00
  0.00000000E+00  0.00000000E+00  0.00000000E+00 -0.35591395E+02  0.00000000E+00
  0.00000000E+00 -0.31720015E+02 -0.78091482E+02 -0.13947511E+03  0.00000000E+00
 -0.18805464E+01 -0.18722040E+03 -0.32970955E+02 -0.30217854E+03 -0.99742588E+03
 -0.16270316E+04 -0.27711960E+04 -0.46338719E+04 -0.90822302E+04 -0.18765100E+05
 -0.28876767E+05 -0.52337643E+05 -0.50607960E+05 -0.21238968E+05  0.80422064E+04
  0.15178397E+05  0.14521754E+05  0.16389317E+05  0.18153940E+05  0.20991821E+05
  0.16176718E+05  0.24768908E+05  0.26305272E+05  0.31756550E+05  0.32103798E+05
  0.34333045E+05  0.32749698E+05  0.36483493E+05  0.36319046E+05  0.40512717E+05
  0.42224654E+05  0.41177223E+05  0.35510095E+05  0.30119550E+05
  0.00000000E+00  0.00000000E+00  0.00000000E+00  0.00000000E+00  0.00000000E+00
  0.12643987E+02 -0.43095694E+02  0.00000000E+00  0.00000000E+00  0.00000000E+00
  0.59711827E+01  0.00000000E+00  0.21295152E+03  0.00000000E+00 -0.30031773E+01
 -0.84907239E+00 -0.45321902E+02  0.00000000E+00  0.00000000E+00  0.00000000E+00
  0.00000000E+00  0.00000000E+00 -0.31402763E+00 -0.35591395E+02  0.00000000E+00
  0.00000000E+00 -0.35505977E+02  0.17969464E+01 -0.11673878E+03 -0.43098943E+02
 -0.36927769E+02 -0.22539289E+03 -0.77930655E+02 -0.34054706E+03 -0.80478101E+03
 -0.23247372E+04 -0.24636678E+04 -0.61274160E+04 -0.83751038E+04 -0.18937649E+05
 -0.32829849E+05 -0.48154234E+05 -0.47712989E+05 -0.16382354E+05  0.13206232E+05
  0.14506654E+05  0.13142996E+05  0.14968567E+05  0.14612834E+05  0.15709154E+05
  0.20454544E+05  0.27310959E+05  0.28681116E+05  0.32580544E+05  0.36025598E+05
  0.36656529E+05  0.37906389E+05  0.37759098E+05  0.41066590E+05  0.39785147E+05
  0.43406834E+05  0.42129144E+05  0.38019315E+05  0.32564155E+05
  0.99640448E+00  0.00000000E+00  0.00000000E+00  0.00000000E+00  0.00000000E+00
  0.95636972E+01 -0.44530420E+02  0.00000000E+00  0.00000000E+00  0.00000000E+00
  0.59711827E+01  0.00000000E+00  0.22032869E+03  0.00000000E+00  0.18788974E+01
 -0.64586080E+01 -0.45321902E+02  0.00000000E+00 -0.11874405E+02  0.00000000E+00
  0.00000000E+00  0.00000000E+00 -0.11387083E+02 -0.35591395E+02  0.00000000E+00
  0.00000000E+00 -0.35505977E+02  0.46546924E+01 -0.80076464E+01 -0.15888760E+03
 -0.52274113E+02 -0.20042671E+03 -0.30029617E+03 -0.61079906E+03 -0.10655039E+04
 -0.27141779E+04 -0.38085304E+04 -0.86150585E+04 -0.88904794E+04 -0.20726295E+05
 -0.33460106E+05 -0.53232954E+05 -0.47858604E+05 -0.10318766E+05  0.11767226E+05
  0.16414270E+05  0.13076244E+05  0.13894832E+05  0.17421825E+05  0.17530861E+05
  0.24612757E+05  0.23957962E+05  0.29760992E+05  0.29323763E+05  0.30775826E+05
  0.38071797E+05  0.38063365E+05  0.38091092E+05  0.40811781E+05  0.43063518E+05
  0.40103050E+05  0.38124620E+05  0.36990024E+05  0.33068027E+05
  0.18194082E+01  0.00000000E+00  0.00000000E+00  0.00000000E+00  0.00000000E+00
 -0.28068816E+02 -0.68979065E+01  0.00000000E+00  0.00000000E+00  0.00000000E+00
  0.59711827E+01  0.00000000E+00  0.10416372E+03  0.00000000E+00  0.55753270E+01
 -0.64586080E+01 -0.45321902E+02  0.00000000E+00 -0.13707688E+02  0.00000000E+00
  0.00000000E+00  0.00000000E+00  0.00000000E+00 -0.39597196E+02  0.00000000E+00
  0.00000000E+00 -0.35505977E+02  0.14496192E+02  0.21139215E+02 -0.16600254E+03
 -0.53101921E+02 -0.38920565E+03 -0.28700460E+03 -0.28370824E+03 -0.41621566E+03
 -0.24499951E+04 -0.51406729E+04 -0.87694998E+04 -0.17535657E+05 -0.24576137E+05
 -0.42122471E+05 -0.51572638E+05 -0.40511488E+05 -0.59049432E+04  0.10196126E+05
  0.14670424E+05  0.16251787E+05  0.97423897E+04  0.16756893E+05  0.22625971E+05
  0.26344084E+05  0.26858605E+05  0.27633723E+05  0.30570438E+05  0.32446685E+05
  0.33248017E+05  0.36551898E+05  0.40374499E+05  0.41243374E+05  0.39098040E+05
  0.40060667E+05  0.38134704E+05  0.33604599E+05  0.29266593E+05
  0.18194082E+01  0.00000000E+00  0.00000000E+00  0.00000000E+00  0.00000000E+00
 -0.28068816E+02 -0.68979065E+01  0.00000000E+00  0.00000000E+00  0.00000000E+00
  0.59711827E+01  0.00000000E+00  0.77144880E+01  0.00000000E+00  0.00000000E+00
 -0.64586080E+01 -0.18970007E+02 -0.41021872E+01 -0.13707688E+02  0.00000000E+00
  0.00000000E+00  0.00000000E+00  0.00000000E+00 -0.10416412E+02  0.00000000E+00
  0.00000000E+00 -0.35505977E+02  0.00000000E+00  0.85686999E+02 -0.15094279E+03
 -0.65759673E+02 -0.74952396E+03 -0.12008206E+04 -0.10408045E+04 -0.78047270E+03
 -0.32950203E+04 -0.52607084E+04 -0.93106361E+04 -0.16680557E+05 -0.28044438E+05
 -0.44776713E+05 -0.49118080E+05 -0.24845160E+05 -0.48919393E+03  0.96825126E+04
  0.83645723E+04  0.99430814E+04  0.13814340E+05  0.13913428E+05  0.18046765E+05
  0.19032317E+05  0.23374641E+05  0.24672151E+05  0.30264119E+05  0.34017597E+05
  0.34732246E+05  0.35598907E+05  0.34607041E+05  0.39326120E+05  0.42254263E+05
  0.40217802E+05  0.36761161E+05  0.34450626E+05  0.29598931E+05
  0.18194082E+01  0.00000000E+00  0.00000000E+00  0.00000000E+00  0.00000000E+00
 -0.28068816E+02 -0.68979065E+01  0.00000000E+00  0.00000000E+00  0.00000000E+00
  0.51090619E+01  0.00000000E+00  0.20558828E+01  0.00000000E+00  0.00000000E+00
 -0.67637086E+01  0.00000000E+00  0.18975603E+00 -0.40993205E+02  0.00000000E+00
  0.00000000E+00  0.00000000E+00  0.00000000E+00 -0.10416412E+02  0.00000000E+00
  0.00000000E+00 -0.35505977E+02  0.00000000E+00  0.87992519E+02 -0.18370508E+02
 -0.21870750E+03 -0.18740225E+03 -0.56999708E+03 -0.94595809E+03 -0.13576760E+04
 -0.25337418E+04 -0.80857328E+04 -0.14701869E+05 -0.20616449E+05 -0.32204737E+05
 -0.43952788E+05 -0.44591178E+05 -0.18645689E+05  0.27075329E+03  0.44832324E+04
  0.69960053E+04  0.11057614E+05  0.11389881E+05  0.17424338E+05  0.21071248E+05
  0.21020129E+05  0.21001188E+05  0.23043922E+05  0.26575069E+05  0.29348903E+05
  0.32896213E+05  0.34239547E+05  0.36127853E+05  0.36270355E+05  0.39535877E+05
  0.39771795E+05  0.39483136E+05  0.36860359E+05  0.31757859E+05
  0.18194082E+01  0.00000000E+00  0.00000000E+00  0.00000000E+00  0.00000000E+00
 -0.28068816E+02 -0.68979065E+01  0.00000000E+00  0.00000000E+00  0.00000000E+00
  0.83177552E+00  0.00000000E+00 -0.50342844E+02  0.00000000E+00  0.00000000E+00
 -0.13004999E+02  0.00000000E+00  0.18975603E+00 -0.40758586E+02 -0.35079020E+01
  0.00000000E+00  0.00000000E+00  0.00000000E+00 -0.10416412E+02  0.00000000E+00
  0.00000000E+00 -0.35505977E+02  0.00000000E+00  0.87992519E+02 -0.55873792E+02
 -0.24670489E+03 -0.28356783E+03 -0.62423741E+03 -0.22285874E+04 -0.26284764E+04
 -0.49000494E+04 -0.79425968E+04 -0.13526569E+05 -0.24721159E+05 -0.33433436E+05
 -0.47193920E+05 -0.33019539E+05 -0.10584385E+05  0.37358666E+04  0.35908932E+04
  0.52341152E+04  0.12730503E+05  0.11476680E+05  0.12828957E+05  0.14987553E+05
  0.18296510E+05  0.23725633E+05  0.25084613E+05  0.30271437E+05  0.30217960E+05
  0.34582657E+05  0.37333045E+05  0.39139776E+05  0.37941926E+05  0.38883532E+05
  0.39820626E+05  0.37462452E+05  0.33655386E+05  0.30365579E+05
  0.18194082E+01  0.00000000E+00  0.00000000E+00  0.00000000E+00  0.00000000E+00
 -0.10641427E+02 -0.68979065E+01  0.00000000E+00  0.00000000E+00  0.00000000E+00
  0.53655893E+01  0.00000000E+00 -0.23275363E+02  0.00000000E+00  0.00000000E+00
 -0.64586080E+01  0.00000000E+00  0.15763680E+00 -0.13707688E+02 -0.11931749E+01
  0.00000000E+00  0.00000000E+00  0.00000000E+00 -0.86275567E+01  0.00000000E+00
  0.00000000E+00 -0.35505977E+02 -0.54312855E+01 -0.37386555E+02 -0.21773446E+02
 -0.13342895E+02 -0.42990782E+03 -0.69722054E+03 -0.15864715E+04 -0.35320161E+04
 -0.64977333E+04 -0.97822456E+04 -0.16543058E+05 -0.25254930E+05 -0.38581113E+05
 -0.38585605E+05 -0.18052690E+05  0.28483337E+04  0.79614035E+04  0.55721966E+04
  0.57242756E+04  0.85571681E+04  0.11110444E+05  0.12620295E+05  0.16847491E+05
  0.18951169E+05  0.21713963E+05  0.23981203E+05  0.28186379E+05  0.30436944E+05
  0.32168141E+05  0.32718467E+05  0.32087565E+05  0.32507480E+05  0.33720958E+05
  0.34505634E+05  0.32736121E+05  0.29887614E+05  0.27017001E+05
  0.28330560E+00  0.00000000E+00  0.00000000E+00  0.00000000E+00  0.00000000E+00
  0.00000000E+00 -0.68979065E+01  0.00000000E+00 -0.38587429E+02  0.59547621E+00
  0.59711827E+01  0.00000000E+00 -0.26317133E+02  0.00000000E+00  0.35740435E+00
 -0.42398790E+01  0.00000000E+00  0.57547288E-01 -0.13707688E+02  0.00000000E+00
  0.00000000E+00  0.00000000E+00  0.00000000E+00  0.00000000E+00  0.00000000E+00
 -0.22678002E+02 -0.10669832E+02 -0.20562069E+02  0.94616091E+00  0.20464445E+02
 -0.14152917E+03 -0.28612495E+03 -0.94728719E+03 -0.14424407E+04 -0.26497929E+04
 -0.53191004E+04 -0.12476289E+05 -0.20073312E+05 -0.33806347E+05 -0.46258914E+05
 -0.33339325E+05 -0.78428452E+04  0.66030245E+04  0.48428454E+04  0.46826021E+04
  0.55572921E+04  0.40729623E+04  0.65492636E+04  0.12905947E+05  0.17608554E+05
  0.19987367E+05  0.21642974E+05  0.25380713E+05  0.25620986E+05  0.26404879E+05
  0.29113730E+05  0.30616311E+05  0.32636797E+05  0.35060079E+05  0.34602445E+05
  0.32518929E+05  0.32917512E+05  0.30537463E+05  0.27146409E+05
 -0.17668406E+01  0.00000000E+00  0.00000000E+00  0.00000000E+00  0.00000000E+00
  0.00000000E+00 -0.68979065E+01 -0.30641336E+01 -0.50451188E+02  0.00000000E+00
  0.20738559E+01  0.00000000E+00 -0.12402457E+03  0.00000000E+00  0.00000000E+00
  0.00000000E+00  0.00000000E+00  0.33167028E+01 -0.10803601E+02  0.00000000E+00
  0.00000000E+00  0.00000000E+00  0.00000000E+00  0.00000000E+00  0.00000000E+00
 -0.31833477E+02  0.00000000E+00 -0.90526961E+02 -0.12432509E+03 -0.40910751E+03
 -0.17876264E+03 -0.68310075E+03 -0.12384137E+04 -0.23094661E+04 -0.41731330E+04
 -0.75152358E+04 -0.14557209E+05 -0.25317942E+05 -0.39181845E+05 -0.43471459E+05
 -0.25877069E+05 -0.41633247E+03  0.59606901E+04  0.59488280E+04  0.28214679E+04
  0.12591514E+04  0.53289056E+04  0.78128929E+04  0.10172575E+05  0.11243791E+05
  0.16543377E+05  0.17297045E+05  0.22614531E+05  0.27188998E+05  0.27325936E+05
  0.29971837E+05  0.29787822E+05  0.29699071E+05  0.31867234E+05  0.32796657E+05
  0.32875432E+05  0.29354541E+05  0.26250912E+05  0.24216604E+05
 -0.61803088E+00 -0.12773546E+03 -0.43902007E+01  0.00000000E+00  0.00000000E+00
  0.00000000E+00 -0.68979065E+01 -0.21564091E+02 -0.28469552E+02  0.00000000E+00
  0.00000000E+00  0.24126831E+02 -0.16953819E+02  0.00000000E+00  0.00000000E+00
 -0.18317502E+01 -0.89262237E+01  0.11996522E+02  0.00000000E+00 -0.33745062E+02
  0.00000000E+00  0.00000000E+00  0.00000000E+00 -0.27610122E+01  0.00000000E+00
  0.00000000E+00  0.00000000E+00 -0.17646540E+03 -0.50077671E+02 -0.26034690E+03
 -0.56445968E+03 -0.62924163E+03 -0.54968593E+03 -0.13471649E+04 -0.51655825E+04
 -0.10874436E+05 -0.15978645E+05 -0.28681978E+05 -0.38760596E+05 -0.36278438E+05
 -0.10467187E+05  0.58040432E+04  0.64264770E+04  0.39621413E+04  0.37774277E+04
  0.69451010E+04  0.84239879E+04  0.86845839E+04  0.12655448E+05  0.14792412E+05
  0.15773277E+05  0.21142599E+05  0.21903375E+05  0.21418481E+05  0.23173650E+05
  0.23147184E+05  0.26504910E+05  0.28088789E+05  0.29608473E+05  0.29446955E+05
  0.28209078E+05  0.27358189E+05  0.24826228E+05  0.22782937E+05
  0.00000000E+00 -0.61648900E+01 -0.12680190E+02  0.00000000E+00  0.00000000E+00
  0.00000000E+00 -0.68979065E+01 -0.16478738E+02 -0.27069109E+02  0.00000000E+00
  0.19711152E+02  0.40967713E+02  0.23298419E+00  0.00000000E+00 -0.81407657E+00
 -0.20578605E+01 -0.77159267E+01  0.11996522E+02  0.00000000E+00 -0.38463675E+02
  0.00000000E+00  0.00000000E+00  0.00000000E+00  0.12415478E+00  0.14029480E+03
 -0.57268923E+01 -0.34602084E+01 -0.82979991E+02 -0.13036142E+03 -0.64959913E+02
 -0.45641572E+03 -0.91542568E+03 -0.12324407E+04 -0.29986242E+04 -0.63572593E+04
 -0.12311879E+05 -0.20894963E+05 -0.34403047E+05 -0.42692412E+05 -0.26392302E+05
 -0.28172353E+04  0.90085031E+04  0.39418584E+04  0.25665664E+04  0.39484194E+04
  0.32081898E+04  0.77389762E+04  0.97119991E+04  0.93514412E+04  0.10796708E+05
  0.14586607E+05  0.16995967E+05  0.18134163E+05  0.19690407E+05  0.21099982E+05
  0.24040271E+05  0.25697131E+05  0.25560803E+05  0.26167127E+05  0.26102873E+05
  0.26253340E+05  0.23901073E+05  0.23079932E+05  0.21367824E+05
  0.75839803E+01 -0.15482610E+01 -0.12066794E+02  0.00000000E+00  0.00000000E+00
  0.00000000E+00 -0.71688588E+01 -0.24273776E+02 -0.79542939E+01 -0.41707535E+01
  0.00000000E+00 -0.42485820E+00  0.23298419E+00  0.00000000E+00 -0.41732758E+01
 -0.38259299E+01 -0.51384525E+01  0.15673068E+02 -0.22867244E+02 -0.25847447E+02
  0.00000000E+00  0.00000000E+00  0.00000000E+00  0.13903811E+03  0.28380019E+02
  0.15698732E+01 -0.13946822E+02 -0.54060450E+01 -0.77268631E+02 -0.89580843E+02
 -0.47290088E+03 -0.10647893E+04 -0.14915946E+04 -0.41917518E+04 -0.78632158E+04
 -0.13331956E+05 -0.24273164E+05 -0.38508322E+05 -0.42602089E+05 -0.18467296E+05
  0.60131802E+04  0.67820133E+04  0.51133870E+04  0.24882702E+04  0.25759806E+04
  0.43895126E+04  0.46202248E+04  0.68373450E+04  0.91765394E+04  0.12965565E+05
  0.14307606E+05  0.13662238E+05  0.15616792E+05  0.18644395E+05  0.19753139E+05
  0.21565015E+05  0.21369508E+05  0.21161217E+05  0.21405104E+05  0.22286741E+05
  0.21073685E+05  0.19690482E+05  0.18105850E+05  0.16384088E+05
  0.11601709E+02  0.00000000E+00 -0.86852946E+00  0.00000000E+00  0.52321182E+02
  0.00000000E+00  0.81323160E+01 -0.26205448E+02 -0.17386255E+02  0.00000000E+00
  0.00000000E+00  0.00000000E+00  0.18665018E+00  0.00000000E+00 -0.77650878E+01
 -0.28932570E+01 -0.15773660E+02  0.30491426E+01 -0.27897239E+02 -0.33232174E+02
  0.00000000E+00  0.00000000E+00  0.00000000E+00  0.34640256E+02  0.25274032E+02
  0.00000000E+00  0.39015446E+01  0.13891495E+02 -0.56326049E+01 -0.15428638E+03
 -0.29943839E+03 -0.61169408E+03 -0.12649250E+04 -0.23262663E+04 -0.77899390E+04
 -0.13382382E+05 -0.24857595E+05 -0.36394015E+05 -0.33948137E+05 -0.69655680E+04
  0.72678834E+04  0.70449927E+04  0.35938317E+04  0.55318228E+04  0.46207808E+04
  0.59271706E+04  0.57202299E+04  0.74308042E+04  0.77069029E+04  0.88538126E+04
  0.10277553E+05  0.11799561E+05  0.13460215E+05  0.15241020E+05  0.15339701E+05
  0.15892273E+05  0.16183160E+05  0.17253564E+05  0.17664455E+05  0.17659315E+05
  0.17797133E+05  0.16348573E+05  0.14441770E+05  0.13175438E+05
  0.10855406E+02  0.82037928E+00  0.67827803E+02  0.00000000E+00  0.62961620E+02
  0.44511262E+01  0.00000000E+00 -0.33485916E+02  0.47780723E+01  0.00000000E+00
  0.00000000E+00  0.00000000E+00  0.00000000E+00  0.00000000E+00 -0.16492485E+02
 -0.39169254E+01 -0.38611311E+02 -0.22478052E+02 -0.28399793E+02 -0.21530018E+02
  0.42523044E+01  0.00000000E+00  0.00000000E+00 -0.24913670E+02  0.54866600E+01
  0.00000000E+00 -0.90853946E+02 -0.15335622E+02  0.31397892E+02 -0.76960583E+02
 -0.38038422E+03 -0.76814902E+03 -0.17958630E+04 -0.39835330E+04 -0.71973498E+04
 -0.14905807E+05 -0.25190535E+05 -0.33531416E+05 -0.23899663E+05  0.31576730E+04
  0.11720239E+05  0.79652387E+04  0.52994577E+04  0.32699598E+04  0.32584268E+04
  0.30048280E+04  0.49626211E+04  0.54322165E+04  0.71213021E+04  0.78926597E+04
  0.88625452E+04  0.10325814E+05  0.97695394E+04  0.91467050E+04  0.96493360E+04
  0.10902743E+05  0.11809510E+05  0.12577926E+05  0.12543978E+05  0.12092179E+05
  0.11652855E+05  0.10134960E+05  0.89435901E+04  0.78016743E+04
 -0.90453343E+00  0.40945738E+01  0.11988094E+03  0.00000000E+00  0.00000000E+00
  0.74692395E+02  0.00000000E+00 -0.33485916E+02  0.00000000E+00  0.00000000E+00
  0.00000000E+00  0.00000000E+00  0.00000000E+00  0.00000000E+00 -0.59097119E+02
 -0.13456636E+01 -0.30602228E+02 -0.37317443E+01 -0.54576155E+02 -0.14445117E+00
  0.45348330E+01  0.00000000E+00  0.00000000E+00 -0.69639401E+01  0.00000000E+00
 -0.21351537E+02 -0.45545471E+02  0.00000000E+00 -0.45698081E+02 -0.23060199E+03
 -0.47740607E+03 -0.10250900E+04 -0.23694565E+04 -0.37292877E+04 -0.63093134E+04
 -0.13231958E+05 -0.23024990E+05 -0.29231397E+05 -0.15077266E+05  0.12193619E+05
  0.14143626E+05  0.74665491E+04  0.37825412E+04  0.29731229E+04  0.19822848E+04
  0.23627060E+04  0.24041722E+04  0.30964108E+04  0.18775026E+04  0.30097025E+04
  0.38611289E+04  0.45740703E+04  0.48179112E+04  0.60216037E+04  0.60902929E+04
  0.58981887E+04  0.65741228E+04  0.64528171E+04  0.60861591E+04  0.55377338E+04
  0.46788619E+04  0.32544261E+04  0.16652701E+04  0.26596352E+03
  0.00000000E+00  0.00000000E+00  0.00000000E+00  0.00000000E+00  0.00000000E+00
  0.00000000E+00  0.00000000E+00  0.00000000E+00  0.00000000E+00  0.00000000E+00
  0.00000000E+00  0.00000000E+00  0.00000000E+00  0.00000000E+00  0.00000000E+00
  0.00000000E+00  0.00000000E+00  0.00000000E+00  0.00000000E+00  0.00000000E+00
  0.00000000E+00  0.00000000E+00  0.00000000E+00  0.00000000E+00  0.00000000E+00
  0.00000000E+00  0.00000000E+00 -0.23754502E-02  0.89654214E-04  0.00000000E+00
  0.00000000E+00  0.00000000E+00  0.53625717E-02 -0.90484789E-03  0.16986487E-02
 -0.19920232E-01  0.34451056E-02  0.59404120E-01  0.12656729E+00 -0.37591590E+00
 -0.18184230E+02 -0.16394096E+03 -0.69768508E+03 -0.13135124E+04 -0.15526645E+04
 -0.16250993E+04 -0.17676515E+04 -0.17912228E+04 -0.17740826E+04 -0.18246790E+04
 -0.18565987E+04 -0.18073708E+04 -0.18071551E+04 -0.17728566E+04 -0.18758672E+04
 -0.17979564E+04 -0.18228531E+04 -0.17521199E+04 -0.17505150E+04 -0.18076375E+04
 -0.18176969E+04 -0.18842122E+04 -0.19593609E+04 -0.21329183E+04
  0.00000000E+00  0.00000000E+00  0.00000000E+00  0.00000000E+00  0.00000000E+00
  0.00000000E+00  0.00000000E+00  0.00000000E+00  0.00000000E+00  0.00000000E+00
  0.00000000E+00  0.00000000E+00  0.00000000E+00  0.00000000E+00  0.00000000E+00
  0.00000000E+00  0.00000000E+00  0.00000000E+00  0.00000000E+00  0.00000000E+00
  0.00000000E+00  0.00000000E+00  0.00000000E+00  0.00000000E+00  0.00000000E+00
  0.00000000E+00  0.00000000E+00  0.46171598E-03  0.00000000E+00  0.00000000E+00
  0.00000000E+00  0.00000000E+00  0.00000000E+00  0.00000000E+00  0.00000000E+00
  0.00000000E+00  0.00000000E+00  0.29719073E-01  0.40370455E-01 -0.66524592E+00
 -0.13881733E+02 -0.15571405E+03 -0.70872583E+03 -0.14333706E+04 -0.17768154E+04
 -0.18267942E+04 -0.18741455E+04 -0.19353579E+04 -0.19619288E+04 -0.19730557E+04
 -0.19886966E+04 -0.20856466E+04 -0.20877053E+04 -0.21086761E+04 -0.20740032E+04
 -0.21340754E+04 -0.21122553E+04 -0.22372846E+04 -0.22535866E+04 -0.23127560E+04
 -0.24586050E+04 -0.25182795E+04 -0.26533381E+04 -0.27118555E+04
  0.00000000E+00  0.00000000E+00  0.00000000E+00  0.00000000E+00  0.00000000E+00
  0.00000000E+00  0.00000000E+00  0.00000000E+00  0.00000000E+00  0.00000000E+00
  0.00000000E+00  0.00000000E+00  0.00000000E+00  0.00000000E+00  0.00000000E+00
  0.00000000E+00  0.00000000E+00  0.00000000E+00  0.00000000E+00  0.00000000E+00
  0.00000000E+00  0.00000000E+00  0.00000000E+00  0.00000000E+00  0.00000000E+00
  0.00000000E+00  0.00000000E+00  0.00000000E+00  0.00000000E+00  0.00000000E+00
  0.00000000E+00  0.00000000E+00  0.00000000E+00  0.00000000E+00  0.00000000E+00
  0.00000000E+00  0.00000000E+00  0.00000000E+00  0.00000000E+00 -0.28336492E+00
 -0.15156819E+02 -0.13726281E+03 -0.68955607E+03 -0.14450735E+04 -0.18593556E+04
 -0.20074750E+04 -0.20354685E+04 -0.20518661E+04 -0.20688898E+04 -0.21335534E+04
 -0.22215905E+04 -0.21728648E+04 -0.21938834E+04 -0.22314368E+04 -0.23061240E+04
 -0.23598786E+04 -0.24014254E+04 -0.24861710E+04 -0.25837404E+04 -0.26437327E+04
 -0.26756016E+04 -0.28076526E+04 -0.28617663E+04 -0.29155248E+04
  0.00000000E+00  0.00000000E+00  0.00000000E+00  0.00000000E+00  0.00000000E+00
  0.00000000E+00  0.00000000E+00  0.00000000E+00  0.00000000E+00  0.00000000E+00
  0.00000000E+00  0.00000000E+00  0.00000000E+00  0.00000000E+00  0.00000000E+00
  0.00000000E+00  0.00000000E+00  0.00000000E+00  0.00000000E+00  0.00000000E+00
  0.00000000E+00  0.00000000E+00  0.00000000E+00  0.00000000E+00  0.00000000E+00
  0.00000000E+00  0.00000000E+00  0.00000000E+00  0.00000000E+00  0.00000000E+00
  0.00000000E+00  0.00000000E+00  0.00000000E+00  0.00000000E+00  0.00000000E+00
  0.00000000E+00  0.00000000E+00  0.00000000E+00  0.00000000E+00  0.00000000E+00
 -0.93195152E+01 -0.12956048E+03 -0.67080272E+03 -0.14765720E+04 -0.19825182E+04
 -0.22089830E+04 -0.22710273E+04 -0.23374426E+04 -0.23352330E+04 -0.22599369E+04
 -0.22801739E+04 -0.23009148E+04 -0.23954111E+04 -0.24610205E+04 -0.25170293E+04
 -0.25765151E+04 -0.26446018E+04 -0.26364534E+04 -0.26904526E+04 -0.27952037E+04
 -0.29899326E+04 -0.30647149E+04 -0.31124432E+04 -0.31500623E+04
  0.00000000E+00  0.00000000E+00  0.00000000E+00  0.00000000E+00  0.00000000E+00
  0.00000000E+00  0.00000000E+00  0.00000000E+00  0.00000000E+00  0.00000000E+00
  0.00000000E+00  0.00000000E+00  0.00000000E+00  0.00000000E+00  0.00000000E+00
  0.00000000E+00  0.00000000E+00  0.00000000E+00  0.00000000E+00  0.00000000E+00
  0.00000000E+00  0.00000000E+00  0.00000000E+00  0.00000000E+00  0.00000000E+00
  0.00000000E+00  0.00000000E+00  0.00000000E+00  0.00000000E+00  0.00000000E+00
  0.00000000E+00  0.00000000E+00  0.00000000E+00  0.00000000E+00  0.00000000E+00
  0.00000000E+00  0.00000000E+00  0.00000000E+00  0.00000000E+00 -0.18835733E+01
 -0.17618891E+02 -0.10930743E+03 -0.63561785E+03 -0.15044762E+04 -0.19684642E+04
 -0.22253355E+04 -0.23438575E+04 -0.25106825E+04 -0.25134815E+04 -0.24713996E+04
 -0.24455916E+04 -0.25786778E+04 -0.26483653E+04 -0.27248294E+04 -0.27178800E+04
 -0.28338347E+04 -0.28853408E+04 -0.29317355E+04 -0.31033771E+04 -0.31544993E+04
 -0.31024432E+04 -0.31982998E+04 -0.33578578E+04 -0.33552594E+04
  0.00000000E+00  0.00000000E+00  0.00000000E+00  0.00000000E+00  0.00000000E+00
  0.00000000E+00  0.00000000E+00  0.00000000E+00  0.00000000E+00  0.00000000E+00
  0.00000000E+00  0.00000000E+00  0.00000000E+00  0.00000000E+00  0.00000000E+00
  0.00000000E+00  0.00000000E+00  0.00000000E+00  0.00000000E+00  0.00000000E+00
  0.00000000E+00  0.00000000E+00  0.00000000E+00  0.00000000E+00  0.00000000E+00
  0.00000000E+00  0.00000000E+00  0.00000000E+00  0.00000000E+00  0.00000000E+00
  0.00000000E+00  0.00000000E+00  0.00000000E+00  0.00000000E+00  0.00000000E+00
  0.00000000E+00  0.00000000E+00  0.00000000E+00  0.00000000E+00  0.00000000E+00
 -0.70544873E+01 -0.79967296E+02 -0.55429501E+03 -0.15247012E+04 -0.20767546E+04
 -0.21933491E+04 -0.23157700E+04 -0.24325313E+04 -0.26147055E+04 -0.26987192E+04
 -0.26861883E+04 -0.27299494E+04 -0.27426686E+04 -0.28402017E+04 -0.29544520E+04
 -0.29544806E+04 -0.31223496E+04 -0.33457254E+04 -0.33280887E+04 -0.33647493E+04
 -0.35085687E+04 -0.35165186E+04 -0.34702256E+04 -0.35368259E+04
  0.00000000E+00  0.00000000E+00  0.00000000E+00  0.00000000E+00  0.00000000E+00
  0.00000000E+00  0.00000000E+00  0.00000000E+00  0.00000000E+00  0.00000000E+00
  0.00000000E+00  0.00000000E+00  0.00000000E+00  0.00000000E+00  0.00000000E+00
  0.00000000E+00  0.00000000E+00  0.00000000E+00  0.00000000E+00  0.00000000E+00
  0.00000000E+00  0.00000000E+00  0.00000000E+00  0.00000000E+00  0.00000000E+00
  0.00000000E+00  0.00000000E+00  0.00000000E+00  0.00000000E+00  0.00000000E+00
  0.00000000E+00  0.00000000E+00  0.00000000E+00  0.00000000E+00  0.00000000E+00
  0.00000000E+00  0.00000000E+00  0.00000000E+00  0.00000000E+00  0.00000000E+00
 -0.50234227E+01 -0.56871415E+02 -0.38444413E+03 -0.13672377E+04 -0.20221526E+04
 -0.23051359E+04 -0.24052617E+04 -0.24670057E+04 -0.25965418E+04 -0.27216476E+04
 -0.27878438E+04 -0.28408798E+04 -0.28743443E+04 -0.29549319E+04 -0.30498831E+04
 -0.32039696E+04 -0.32807291E+04 -0.32441404E+04 -0.34215336E+04 -0.35343698E+04
 -0.35211483E+04 -0.35777396E+04 -0.35927926E+04 -0.36371668E+04
  0.00000000E+00  0.00000000E+00  0.00000000E+00  0.00000000E+00  0.00000000E+00
  0.00000000E+00  0.00000000E+00  0.00000000E+00  0.00000000E+00  0.00000000E+00
  0.00000000E+00  0.00000000E+00  0.00000000E+00  0.00000000E+00  0.00000000E+00
  0.00000000E+00  0.00000000E+00  0.00000000E+00  0.00000000E+00  0.00000000E+00
  0.00000000E+00  0.00000000E+00  0.00000000E+00  0.00000000E+00  0.00000000E+00
  0.00000000E+00  0.00000000E+00  0.00000000E+00  0.00000000E+00  0.00000000E+00
  0.00000000E+00  0.00000000E+00  0.00000000E+00  0.00000000E+00  0.00000000E+00
  0.00000000E+00  0.00000000E+00  0.00000000E+00  0.00000000E+00 -0.13170954E+00
 -0.14678892E+01 -0.48510681E+02 -0.39515303E+03 -0.12219879E+04 -0.20794312E+04
 -0.23648420E+04 -0.24868429E+04 -0.24390508E+04 -0.25724331E+04 -0.26630617E+04
 -0.28078519E+04 -0.28306244E+04 -0.29459962E+04 -0.30093997E+04 -0.30727608E+04
 -0.31906721E+04 -0.33181188E+04 -0.34659206E+04 -0.34804357E+04 -0.35400464E+04
 -0.35506317E+04 -0.35616330E+04 -0.35499170E+04 -0.35397095E+04
  0.00000000E+00  0.00000000E+00  0.00000000E+00  0.00000000E+00  0.00000000E+00
  0.00000000E+00  0.00000000E+00  0.00000000E+00  0.00000000E+00  0.00000000E+00
  0.00000000E+00  0.00000000E+00  0.00000000E+00  0.00000000E+00  0.00000000E+00
  0.00000000E+00  0.00000000E+00  0.00000000E+00  0.00000000E+00  0.00000000E+00
  0.00000000E+00  0.00000000E+00  0.00000000E+00  0.00000000E+00  0.00000000E+00
  0.00000000E+00  0.00000000E+00  0.00000000E+00  0.00000000E+00  0.00000000E+00
  0.00000000E+00  0.00000000E+00  0.00000000E+00  0.00000000E+00  0.00000000E+00
  0.00000000E+00  0.00000000E+00  0.00000000E+00  0.00000000E+00 -0.29840713E-01
 -0.19206740E+01 -0.29098042E+02 -0.34667972E+03 -0.12569997E+04 -0.20878180E+04
 -0.24432218E+04 -0.25439158E+04 -0.26613948E+04 -0.26961125E+04 -0.27655787E+04
 -0.28525268E+04 -0.30069187E+04 -0.29930354E+04 -0.31067217E+04 -0.32793260E+04
 -0.33549517E+04 -0.33682046E+04 -0.34267951E+04 -0.36096584E+04 -0.36406003E+04
 -0.36484936E+04 -0.36217429E+04 -0.36946066E+04 -0.36539940E+04
  0.00000000E+00  0.00000000E+00  0.00000000E+00  0.00000000E+00  0.00000000E+00
  0.00000000E+00  0.00000000E+00  0.00000000E+00  0.00000000E+00  0.00000000E+00
  0.00000000E+00  0.00000000E+00  0.00000000E+00  0.00000000E+00  0.00000000E+00
  0.00000000E+00  0.00000000E+00  0.00000000E+00  0.00000000E+00  0.00000000E+00
  0.00000000E+00  0.00000000E+00  0.00000000E+00  0.00000000E+00  0.00000000E+00
  0.00000000E+00  0.00000000E+00  0.00000000E+00  0.00000000E+00  0.00000000E+00
  0.00000000E+00  0.00000000E+00  0.00000000E+00  0.00000000E+00  0.00000000E+00
  0.00000000E+00  0.00000000E+00  0.00000000E+00  0.00000000E+00  0.00000000E+00
 -0.64802223E+00 -0.34233797E+02 -0.33139569E+03 -0.11912026E+04 -0.20245705E+04
 -0.24616348E+04 -0.25624763E+04 -0.26654420E+04 -0.27534554E+04 -0.28358032E+04
 -0.29236725E+04 -0.29267518E+04 -0.31435429E+04 -0.31657749E+04 -0.33055494E+04
 -0.33642675E+04 -0.34603976E+04 -0.34987791E+04 -0.35127903E+04 -0.36301786E+04
 -0.37059529E+04 -0.38540637E+04 -0.37563038E+04 -0.37671517E+04
  0.00000000E+00  0.00000000E+00  0.00000000E+00  0.00000000E+00  0.00000000E+00
  0.00000000E+00  0.00000000E+00  0.00000000E+00  0.00000000E+00  0.00000000E+00
  0.00000000E+00  0.00000000E+00  0.00000000E+00  0.00000000E+00  0.00000000E+00
  0.00000000E+00  0.00000000E+00  0.00000000E+00  0.00000000E+00  0.00000000E+00
  0.00000000E+00  0.00000000E+00  0.00000000E+00  0.00000000E+00  0.00000000E+00
  0.00000000E+00  0.00000000E+00  0.00000000E+00  0.00000000E+00  0.00000000E+00
  0.00000000E+00  0.00000000E+00  0.00000000E+00  0.00000000E+00  0.00000000E+00
  0.00000000E+00  0.00000000E+00  0.00000000E+00  0.00000000E+00  0.00000000E+00
 -0.41844359E+00 -0.20778670E+02 -0.30858275E+03 -0.12190878E+04 -0.20450130E+04
 -0.23412465E+04 -0.26399545E+04 -0.26974825E+04 -0.28419000E+04 -0.28065198E+04
 -0.27386455E+04 -0.29688909E+04 -0.30967823E+04 -0.32425114E+04 -0.32282497E+04
 -0.33981783E+04 -0.34595818E+04 -0.36753988E+04 -0.35658188E+04 -0.36256635E+04
 -0.36463882E+04 -0.35449448E+04 -0.37132486E+04 -0.37403668E+04
  0.00000000E+00  0.00000000E+00  0.00000000E+00  0.00000000E+00  0.00000000E+00
  0.00000000E+00  0.00000000E+00  0.00000000E+00  0.00000000E+00  0.00000000E+00
  0.00000000E+00  0.00000000E+00  0.00000000E+00  0.00000000E+00  0.00000000E+00
  0.00000000E+00  0.00000000E+00  0.00000000E+00  0.00000000E+00  0.00000000E+00
  0.00000000E+00  0.00000000E+00  0.00000000E+00  0.00000000E+00  0.00000000E+00
  0.00000000E+00  0.00000000E+00  0.00000000E+00  0.00000000E+00  0.00000000E+00
  0.00000000E+00  0.00000000E+00  0.00000000E+00  0.00000000E+00  0.00000000E+00
  0.00000000E+00  0.00000000E+00  0.00000000E+00  0.00000000E+00  0.00000000E+00
 -0.46340190E+00 -0.16708507E+02 -0.27444225E+03 -0.11507505E+04 -0.20724693E+04
 -0.25208951E+04 -0.26880256E+04 -0.27760766E+04 -0.28111846E+04 -0.29336025E+04
 -0.29116566E+04 -0.30135307E+04 -0.31176901E+04 -0.33423155E+04 -0.34270494E+04
 -0.33838586E+04 -0.34417565E+04 -0.35275696E+04 -0.36106143E+04 -0.36794813E+04
 -0.36934224E+04 -0.36969217E+04 -0.36980842E+04 -0.36629495E+04
  0.00000000E+00  0.00000000E+00  0.00000000E+00  0.00000000E+00  0.00000000E+00
  0.00000000E+00  0.00000000E+00  0.00000000E+00  0.00000000E+00  0.00000000E+00
  0.00000000E+00  0.00000000E+00  0.00000000E+00  0.00000000E+00  0.00000000E+00
  0.00000000E+00  0.00000000E+00  0.00000000E+00  0.00000000E+00  0.00000000E+00
  0.00000000E+00  0.00000000E+00  0.00000000E+00  0.00000000E+00  0.00000000E+00
  0.00000000E+00  0.00000000E+00  0.00000000E+00  0.00000000E+00  0.00000000E+00
  0.00000000E+00  0.00000000E+00  0.00000000E+00  0.00000000E+00  0.00000000E+00
  0.00000000E+00  0.00000000E+00  0.00000000E+00  0.00000000E+00  0.00000000E+00
 -0.77706708E+01 -0.29524556E+02 -0.25624833E+03 -0.10929316E+04 -0.20155556E+04
 -0.25058600E+04 -0.27114123E+04 -0.28527804E+04 -0.27680265E+04 -0.29574549E+04
 -0.31118420E+04 -0.32301248E+04 -0.33819964E+04 -0.33528602E+04 -0.34887463E+04
 -0.36328588E+04 -0.37201265E+04 -0.36054369E+04 -0.37211671E+04 -0.35646698E+04
 -0.36382801E+04 -0.36572963E+04 -0.36760625E+04 -0.38073361E+04
  0.00000000E+00  0.00000000E+00  0.00000000E+00  0.00000000E+00  0.00000000E+00
  0.00000000E+00  0.00000000E+00  0.00000000E+00  0.00000000E+00  0.00000000E+00
  0.00000000E+00  0.00000000E+00  0.00000000E+00  0.00000000E+00  0.00000000E+00
  0.00000000E+00  0.00000000E+00  0.00000000E+00  0.00000000E+00  0.00000000E+00
  0.00000000E+00  0.00000000E+00  0.00000000E+00  0.00000000E+00  0.00000000E+00
  0.00000000E+00  0.00000000E+00  0.00000000E+00  0.00000000E+00  0.00000000E+00
  0.00000000E+00  0.00000000E+00  0.00000000E+00  0.00000000E+00  0.00000000E+00
  0.00000000E+00  0.00000000E+00  0.00000000E+00  0.00000000E+00 -0.15513527E+01
 -0.36408961E+01 -0.15374679E+02 -0.25069657E+03 -0.11376539E+04 -0.20658626E+04
 -0.24769218E+04 -0.27143679E+04 -0.27378954E+04 -0.28687969E+04 -0.30207799E+04
 -0.31814501E+04 -0.32199826E+04 -0.31815171E+04 -0.33409442E+04 -0.34724959E+04
 -0.35306633E+04 -0.36424065E+04 -0.37700908E+04 -0.36466693E+04 -0.37427688E+04
 -0.37546340E+04 -0.37745245E+04 -0.37220338E+04 -0.36672448E+04
  0.00000000E+00  0.00000000E+00  0.00000000E+00  0.00000000E+00  0.00000000E+00
  0.00000000E+00  0.00000000E+00  0.00000000E+00  0.00000000E+00  0.00000000E+00
  0.00000000E+00  0.00000000E+00  0.00000000E+00  0.00000000E+00  0.00000000E+00
  0.00000000E+00  0.00000000E+00  0.00000000E+00  0.00000000E+00  0.00000000E+00
  0.00000000E+00  0.00000000E+00  0.00000000E+00  0.00000000E+00  0.00000000E+00
  0.00000000E+00  0.00000000E+00  0.00000000E+00  0.00000000E+00  0.00000000E+00
  0.00000000E+00  0.00000000E+00  0.00000000E+00  0.00000000E+00  0.00000000E+00
  0.00000000E+00  0.00000000E+00  0.00000000E+00  0.00000000E+00 -0.80009802E+00
  0.00000000E+00 -0.23324481E+02 -0.27292563E+03 -0.12189813E+04 -0.21387654E+04
 -0.25246693E+04 -0.27324642E+04 -0.29065303E+04 -0.29487464E+04 -0.30801679E+04
 -0.32215453E+04 -0.32022163E+04 -0.34454501E+04 -0.35172709E+04 -0.35413332E+04
 -0.36614325E+04 -0.36323972E+04 -0.36132643E+04 -0.36345457E+04 -0.37274854E+04
 -0.37320824E+04 -0.37741894E+04 -0.37837361E+04 -0.36909453E+04
  0.00000000E+00  0.00000000E+00  0.00000000E+00  0.00000000E+00  0.00000000E+00
  0.00000000E+00  0.00000000E+00  0.00000000E+00  0.00000000E+00  0.00000000E+00
  0.00000000E+00  0.00000000E+00  0.00000000E+00  0.00000000E+00  0.00000000E+00
  0.00000000E+00  0.00000000E+00  0.00000000E+00  0.00000000E+00  0.00000000E+00
  0.00000000E+00  0.00000000E+00  0.00000000E+00  0.00000000E+00  0.00000000E+00
  0.00000000E+00  0.00000000E+00  0.00000000E+00  0.00000000E+00  0.00000000E+00
  0.00000000E+00  0.00000000E+00  0.00000000E+00  0.00000000E+00  0.00000000E+00
  0.00000000E+00  0.00000000E+00  0.00000000E+00  0.00000000E+00 -0.12365304E+00
 -0.47671480E+01 -0.41219348E+02 -0.31527860E+03 -0.11977468E+04 -0.21160553E+04
 -0.25607685E+04 -0.27736211E+04 -0.29160894E+04 -0.30271412E+04 -0.30551966E+04
 -0.31646006E+04 -0.33566458E+04 -0.34610766E+04 -0.35629890E+04 -0.36474209E+04
 -0.36152733E+04 -0.36813167E+04 -0.36921135E+04 -0.38087482E+04 -0.37937865E+04
 -0.38295701E+04 -0.38186503E+04 -0.38428886E+04 -0.39470618E+04
  0.00000000E+00  0.00000000E+00  0.00000000E+00  0.00000000E+00  0.00000000E+00
  0.00000000E+00  0.00000000E+00  0.00000000E+00  0.00000000E+00  0.00000000E+00
  0.00000000E+00  0.00000000E+00  0.00000000E+00  0.00000000E+00  0.00000000E+00
  0.00000000E+00  0.00000000E+00  0.00000000E+00  0.00000000E+00  0.00000000E+00
  0.00000000E+00  0.00000000E+00  0.00000000E+00  0.00000000E+00  0.00000000E+00
  0.00000000E+00  0.00000000E+00  0.00000000E+00  0.00000000E+00  0.00000000E+00
  0.00000000E+00  0.00000000E+00  0.00000000E+00  0.00000000E+00  0.00000000E+00
  0.00000000E+00  0.00000000E+00  0.00000000E+00  0.00000000E+00 -0.25084715E+00
 -0.75250070E+01 -0.42686262E+02 -0.40276373E+03 -0.13643573E+04 -0.21962474E+04
 -0.24392396E+04 -0.26499696E+04 -0.28357602E+04 -0.31195833E+04 -0.31591582E+04
 -0.32233234E+04 -0.33791909E+04 -0.33663339E+04 -0.35013879E+04 -0.34810522E+04
 -0.35695580E+04 -0.35928082E+04 -0.37014260E+04 -0.36777829E+04 -0.37390672E+04
 -0.38684694E+04 -0.38749750E+04 -0.39026881E+04 -0.38302447E+04
  0.00000000E+00  0.00000000E+00  0.00000000E+00  0.00000000E+00  0.00000000E+00
  0.00000000E+00  0.00000000E+00  0.00000000E+00  0.00000000E+00  0.00000000E+00
  0.00000000E+00  0.00000000E+00  0.00000000E+00  0.00000000E+00  0.00000000E+00
  0.00000000E+00  0.00000000E+00  0.00000000E+00  0.00000000E+00  0.00000000E+00
  0.00000000E+00  0.00000000E+00  0.00000000E+00  0.00000000E+00  0.00000000E+00
  0.00000000E+00  0.00000000E+00  0.00000000E+00  0.00000000E+00  0.00000000E+00
  0.00000000E+00  0.00000000E+00  0.00000000E+00  0.00000000E+00  0.00000000E+00
  0.00000000E+00  0.00000000E+00  0.00000000E+00  0.00000000E+00 -0.22892701E+00
 -0.57908170E+01 -0.69746205E+02 -0.51395108E+03 -0.14845436E+04 -0.22482678E+04
 -0.25848437E+04 -0.27386952E+04 -0.29997091E+04 -0.31172029E+04 -0.31657872E+04
 -0.32795617E+04 -0.32896189E+04 -0.33965182E+04 -0.33966782E+04 -0.35679316E+04
 -0.36582889E+04 -0.36778856E+04 -0.37115134E+04 -0.38300144E+04 -0.37834061E+04
 -0.37269563E+04 -0.38315999E+04 -0.38238741E+04 -0.38250704E+04
  0.00000000E+00  0.00000000E+00  0.00000000E+00  0.00000000E+00  0.00000000E+00
  0.00000000E+00  0.00000000E+00  0.00000000E+00  0.00000000E+00  0.00000000E+00
  0.00000000E+00  0.00000000E+00  0.00000000E+00  0.00000000E+00  0.00000000E+00
  0.00000000E+00  0.00000000E+00  0.00000000E+00  0.00000000E+00  0.00000000E+00
  0.00000000E+00  0.00000000E+00  0.00000000E+00  0.00000000E+00  0.00000000E+00
  0.00000000E+00  0.00000000E+00  0.00000000E+00  0.00000000E+00  0.00000000E+00
  0.00000000E+00  0.00000000E+00  0.00000000E+00  0.00000000E+00  0.00000000E+00
  0.00000000E+00  0.00000000E+00  0.00000000E+00  0.00000000E+00 -0.18617400E-01
 -0.10078871E+02 -0.10046599E+03 -0.65763696E+03 -0.16387439E+04 -0.23538742E+04
 -0.26710055E+04 -0.27774032E+04 -0.28512295E+04 -0.29522041E+04 -0.32030659E+04
 -0.32988456E+04 -0.33218114E+04 -0.33693490E+04 -0.34785899E+04 -0.35573511E+04
 -0.36455620E+04 -0.37476457E+04 -0.37635806E+04 -0.37670855E+04 -0.37988760E+04
 -0.38010193E+04 -0.37695263E+04 -0.38395139E+04 -0.39061930E+04
  0.00000000E+00  0.00000000E+00  0.00000000E+00  0.00000000E+00  0.00000000E+00
  0.00000000E+00  0.00000000E+00  0.00000000E+00  0.00000000E+00  0.00000000E+00
  0.00000000E+00  0.00000000E+00  0.00000000E+00  0.00000000E+00  0.00000000E+00
  0.00000000E+00  0.00000000E+00  0.00000000E+00  0.00000000E+00  0.00000000E+00
  0.00000000E+00  0.00000000E+00  0.00000000E+00  0.00000000E+00  0.00000000E+00
  0.00000000E+00  0.00000000E+00  0.00000000E+00  0.00000000E+00  0.00000000E+00
  0.00000000E+00  0.00000000E+00  0.00000000E+00  0.00000000E+00  0.00000000E+00
  0.00000000E+00  0.00000000E+00  0.00000000E+00  0.00000000E+00 -0.68591000E+00
 -0.11236353E+02 -0.19254577E+03 -0.85306567E+03 -0.18095881E+04 -0.23580481E+04
 -0.26772882E+04 -0.28567507E+04 -0.29022995E+04 -0.29705147E+04 -0.30552177E+04
 -0.31556453E+04 -0.33215162E+04 -0.34029418E+04 -0.34288456E+04 -0.34938250E+04
 -0.34823804E+04 -0.35498818E+04 -0.36143006E+04 -0.36927960E+04 -0.37359754E+04
 -0.37453108E+04 -0.37791299E+04 -0.37188012E+04 -0.36389038E+04
  0.00000000E+00  0.00000000E+00  0.00000000E+00  0.00000000E+00  0.00000000E+00
  0.00000000E+00  0.00000000E+00  0.00000000E+00  0.00000000E+00  0.00000000E+00
  0.00000000E+00  0.00000000E+00  0.00000000E+00  0.00000000E+00  0.00000000E+00
  0.00000000E+00  0.00000000E+00  0.00000000E+00  0.00000000E+00  0.00000000E+00
  0.00000000E+00  0.00000000E+00  0.00000000E+00  0.00000000E+00  0.00000000E+00
  0.00000000E+00  0.00000000E+00  0.00000000E+00  0.00000000E+00  0.00000000E+00
  0.00000000E+00  0.00000000E+00  0.00000000E+00  0.00000000E+00  0.00000000E+00
  0.00000000E+00  0.00000000E+00  0.00000000E+00 -0.25365213E+00 -0.21118120E+01
 -0.37398568E+02 -0.31251033E+03 -0.11763460E+04 -0.19882371E+04 -0.24359323E+04
 -0.26864137E+04 -0.28025680E+04 -0.29042978E+04 -0.31025798E+04 -0.31430592E+04
 -0.31709577E+04 -0.33160174E+04 -0.33861307E+04 -0.34475952E+04 -0.33997455E+04
 -0.35124574E+04 -0.35386659E+04 -0.35768374E+04 -0.35462317E+04 -0.35235512E+04
 -0.35252884E+04 -0.35084630E+04 -0.35020770E+04 -0.35197669E+04
  0.00000000E+00  0.00000000E+00  0.00000000E+00  0.00000000E+00  0.00000000E+00
  0.00000000E+00  0.00000000E+00  0.00000000E+00  0.00000000E+00  0.00000000E+00
  0.00000000E+00  0.00000000E+00  0.00000000E+00  0.00000000E+00  0.00000000E+00
  0.00000000E+00  0.00000000E+00  0.00000000E+00  0.00000000E+00  0.00000000E+00
  0.00000000E+00  0.00000000E+00  0.00000000E+00  0.00000000E+00  0.00000000E+00
  0.00000000E+00  0.00000000E+00  0.00000000E+00  0.00000000E+00  0.00000000E+00
  0.00000000E+00  0.00000000E+00  0.00000000E+00  0.00000000E+00  0.00000000E+00
  0.00000000E+00  0.00000000E+00  0.00000000E+00 -0.52942212E+00 -0.12968915E+02
 -0.11348007E+03 -0.54893054E+03 -0.14156176E+04 -0.20528671E+04 -0.24031571E+04
 -0.25523124E+04 -0.28283411E+04 -0.29860979E+04 -0.29066113E+04 -0.30363298E+04
 -0.32435876E+04 -0.32223476E+04 -0.32772880E+04 -0.33196303E+04 -0.33729668E+04
 -0.33873926E+04 -0.33748242E+04 -0.34077173E+04 -0.34080418E+04 -0.35416250E+04
 -0.35383969E+04 -0.35011476E+04 -0.35041501E+04 -0.35541723E+04
  0.00000000E+00  0.00000000E+00  0.00000000E+00  0.00000000E+00  0.00000000E+00
  0.00000000E+00  0.00000000E+00  0.00000000E+00  0.00000000E+00  0.00000000E+00
  0.00000000E+00  0.00000000E+00  0.00000000E+00  0.00000000E+00  0.00000000E+00
  0.00000000E+00  0.00000000E+00  0.00000000E+00  0.00000000E+00  0.00000000E+00
  0.00000000E+00  0.00000000E+00  0.00000000E+00  0.00000000E+00  0.00000000E+00
  0.00000000E+00  0.00000000E+00  0.00000000E+00  0.00000000E+00  0.00000000E+00
  0.00000000E+00  0.00000000E+00  0.00000000E+00  0.00000000E+00  0.00000000E+00
  0.00000000E+00  0.00000000E+00  0.00000000E+00 -0.64203515E+01 -0.26731890E+02
 -0.19670441E+03 -0.82742511E+03 -0.16292426E+04 -0.21826687E+04 -0.24201260E+04
 -0.26644556E+04 -0.27292337E+04 -0.28805722E+04 -0.30227602E+04 -0.31458346E+04
 -0.31215421E+04 -0.31629814E+04 -0.32420060E+04 -0.32747853E+04 -0.33115644E+04
 -0.33748359E+04 -0.34159224E+04 -0.34074700E+04 -0.34551484E+04 -0.33978568E+04
 -0.34142970E+04 -0.34635404E+04 -0.34797858E+04 -0.34499179E+04
  0.00000000E+00  0.00000000E+00  0.00000000E+00  0.00000000E+00  0.00000000E+00
  0.00000000E+00  0.00000000E+00  0.00000000E+00  0.00000000E+00  0.00000000E+00
  0.00000000E+00  0.00000000E+00  0.00000000E+00  0.00000000E+00  0.00000000E+00
  0.00000000E+00  0.00000000E+00  0.00000000E+00  0.00000000E+00  0.00000000E+00
  0.00000000E+00  0.00000000E+00  0.00000000E+00  0.00000000E+00  0.00000000E+00
  0.00000000E+00  0.00000000E+00  0.00000000E+00  0.00000000E+00  0.00000000E+00
  0.00000000E+00  0.00000000E+00  0.00000000E+00  0.00000000E+00  0.00000000E+00
  0.00000000E+00  0.00000000E+00 -0.28209117E+00 -0.78979730E+01 -0.81391530E+02
 -0.39026501E+03 -0.11799028E+04 -0.18993918E+04 -0.22612676E+04 -0.25280546E+04
 -0.26380660E+04 -0.27898609E+04 -0.28263520E+04 -0.29535483E+04 -0.29660439E+04
 -0.30168061E+04 -0.30945739E+04 -0.31008133E+04 -0.31752965E+04 -0.31981505E+04
 -0.31855176E+04 -0.32406806E+04 -0.32381790E+04 -0.33115765E+04 -0.32968843E+04
 -0.33037966E+04 -0.32968901E+04 -0.32831000E+04 -0.32551821E+04
  0.00000000E+00  0.00000000E+00  0.00000000E+00  0.00000000E+00  0.00000000E+00
  0.00000000E+00  0.00000000E+00  0.00000000E+00  0.00000000E+00  0.00000000E+00
  0.00000000E+00  0.00000000E+00  0.00000000E+00  0.00000000E+00  0.00000000E+00
  0.00000000E+00  0.00000000E+00  0.00000000E+00  0.00000000E+00  0.00000000E+00
  0.00000000E+00  0.00000000E+00  0.00000000E+00  0.00000000E+00  0.00000000E+00
  0.00000000E+00  0.00000000E+00  0.00000000E+00  0.00000000E+00  0.00000000E+00
  0.00000000E+00  0.00000000E+00  0.00000000E+00  0.00000000E+00  0.00000000E+00
  0.00000000E+00  0.00000000E+00 -0.19720089E+00 -0.17143655E+02 -0.13955132E+03
 -0.64270111E+03 -0.14406409E+04 -0.20260002E+04 -0.23176548E+04 -0.24613141E+04
 -0.25658270E+04 -0.26537192E+04 -0.27648542E+04 -0.28408090E+04 -0.29175335E+04
 -0.29739571E+04 -0.30403583E+04 -0.30344527E+04 -0.30054312E+04 -0.30664335E+04
 -0.30885224E+04 -0.30713981E+04 -0.31578119E+04 -0.30892036E+04 -0.30817697E+04
 -0.30813495E+04 -0.30853004E+04 -0.31034236E+04 -0.30690309E+04
  0.00000000E+00  0.00000000E+00  0.00000000E+00  0.00000000E+00  0.00000000E+00
  0.00000000E+00  0.00000000E+00  0.00000000E+00  0.00000000E+00  0.00000000E+00
  0.00000000E+00  0.00000000E+00  0.00000000E+00  0.00000000E+00  0.00000000E+00
  0.00000000E+00  0.00000000E+00  0.00000000E+00  0.00000000E+00  0.00000000E+00
  0.00000000E+00  0.00000000E+00  0.00000000E+00  0.00000000E+00  0.00000000E+00
  0.00000000E+00  0.00000000E+00  0.00000000E+00  0.00000000E+00  0.00000000E+00
  0.00000000E+00  0.00000000E+00  0.00000000E+00  0.00000000E+00  0.00000000E+00
  0.00000000E+00 -0.35402836E+00 -0.23215724E+01 -0.33406619E+02 -0.28795382E+03
 -0.92534960E+03 -0.16522835E+04 -0.20512527E+04 -0.22526190E+04 -0.24030871E+04
 -0.25386571E+04 -0.25926977E+04 -0.26547852E+04 -0.26913359E+04 -0.27601382E+04
 -0.28831872E+04 -0.29473744E+04 -0.30137791E+04 -0.30857891E+04 -0.30655303E+04
 -0.30411146E+04 -0.30551801E+04 -0.30158071E+04 -0.30031649E+04 -0.30167862E+04
 -0.30253262E+04 -0.29979175E+04 -0.29695419E+04 -0.30301055E+04
  0.00000000E+00  0.00000000E+00  0.00000000E+00  0.00000000E+00  0.00000000E+00
  0.00000000E+00  0.00000000E+00  0.00000000E+00  0.00000000E+00  0.00000000E+00
  0.00000000E+00  0.00000000E+00  0.00000000E+00  0.00000000E+00  0.00000000E+00
  0.00000000E+00  0.00000000E+00  0.00000000E+00  0.00000000E+00  0.00000000E+00
  0.00000000E+00  0.00000000E+00  0.00000000E+00  0.00000000E+00  0.00000000E+00
  0.00000000E+00  0.00000000E+00  0.00000000E+00  0.00000000E+00  0.00000000E+00
  0.00000000E+00  0.00000000E+00  0.00000000E+00  0.00000000E+00  0.00000000E+00
  0.00000000E+00 -0.19658954E+01 -0.14614280E+02 -0.95222816E+02 -0.47285218E+03
 -0.12413383E+04 -0.18221305E+04 -0.20389095E+04 -0.22044339E+04 -0.23007291E+04
 -0.23619073E+04 -0.24470660E+04 -0.25169583E+04 -0.25807991E+04 -0.26334219E+04
 -0.26607731E+04 -0.26816982E+04 -0.27372036E+04 -0.27587224E+04 -0.28251048E+04
 -0.28595128E+04 -0.28433429E+04 -0.28277420E+04 -0.28648070E+04 -0.28699921E+04
 -0.28359058E+04 -0.28210939E+04 -0.28157322E+04 -0.27819102E+04
  0.00000000E+00  0.00000000E+00  0.00000000E+00  0.00000000E+00  0.00000000E+00
  0.00000000E+00  0.00000000E+00  0.00000000E+00  0.00000000E+00  0.00000000E+00
  0.00000000E+00  0.00000000E+00  0.00000000E+00  0.00000000E+00  0.00000000E+00
  0.00000000E+00  0.00000000E+00  0.00000000E+00  0.00000000E+00  0.00000000E+00
  0.00000000E+00  0.00000000E+00  0.00000000E+00  0.00000000E+00  0.00000000E+00
  0.00000000E+00  0.00000000E+00  0.00000000E+00  0.00000000E+00  0.00000000E+00
  0.00000000E+00  0.00000000E+00  0.00000000E+00  0.00000000E+00  0.00000000E+00
 -0.57644560E-01 -0.15061421E+01 -0.17545284E+02 -0.16981057E+03 -0.73960613E+03
 -0.14777335E+04 -0.18239095E+04 -0.19991647E+04 -0.21147167E+04 -0.21828166E+04
 -0.22851122E+04 -0.23602704E+04 -0.24107892E+04 -0.24531717E+04 -0.24954493E+04
 -0.24898454E+04 -0.25151268E+04 -0.25330080E+04 -0.25385804E+04 -0.25378745E+04
 -0.25379964E+04 -0.25882952E+04 -0.26425682E+04 -0.26442380E+04 -0.26484571E+04
 -0.26863969E+04 -0.27215203E+04 -0.27302301E+04 -0.27473112E+04
  0.00000000E+00  0.00000000E+00  0.00000000E+00  0.00000000E+00  0.00000000E+00
  0.00000000E+00  0.00000000E+00  0.00000000E+00  0.00000000E+00  0.00000000E+00
  0.00000000E+00  0.00000000E+00  0.00000000E+00  0.00000000E+00  0.00000000E+00
  0.00000000E+00  0.00000000E+00  0.00000000E+00  0.00000000E+00  0.00000000E+00
  0.00000000E+00  0.00000000E+00  0.00000000E+00  0.00000000E+00  0.00000000E+00
  0.00000000E+00  0.00000000E+00  0.00000000E+00  0.00000000E+00  0.00000000E+00
  0.00000000E+00  0.00000000E+00  0.00000000E+00  0.00000000E+00  0.00000000E+00
  0.00000000E+00 -0.54590036E+01 -0.40439641E+02 -0.28541047E+03 -0.93855071E+03
 -0.14738620E+04 -0.18003032E+04 -0.19815689E+04 -0.20400421E+04 -0.21470498E+04
 -0.21992081E+04 -0.22233129E+04 -0.22551610E+04 -0.23228039E+04 -0.23469430E+04
 -0.23753062E+04 -0.23673644E+04 -0.23745590E+04 -0.24086249E+04 -0.24313190E+04
 -0.24592574E+04 -0.24787115E+04 -0.24805298E+04 -0.24798451E+04 -0.25318478E+04
 -0.25295091E+04 -0.25188364E+04 -0.25306048E+04 -0.25056739E+04
  0.00000000E+00  0.00000000E+00  0.00000000E+00  0.00000000E+00  0.00000000E+00
  0.00000000E+00  0.00000000E+00  0.00000000E+00  0.00000000E+00  0.00000000E+00
  0.00000000E+00  0.00000000E+00  0.00000000E+00  0.00000000E+00  0.00000000E+00
  0.00000000E+00  0.00000000E+00  0.00000000E+00  0.00000000E+00  0.00000000E+00
  0.00000000E+00  0.00000000E+00  0.00000000E+00  0.00000000E+00  0.00000000E+00
  0.00000000E+00  0.00000000E+00  0.00000000E+00  0.00000000E+00  0.00000000E+00
  0.00000000E+00  0.00000000E+00  0.00000000E+00  0.00000000E+00  0.00000000E+00
 -0.49095512E+00 -0.64622346E+01 -0.71880525E+02 -0.40873764E+03 -0.10424306E+04
 -0.15134435E+04 -0.17073341E+04 -0.18011160E+04 -0.18959670E+04 -0.19227387E+04
 -0.19665157E+04 -0.20150948E+04 -0.20630014E+04 -0.20418626E+04 -0.20483838E+04
 -0.20796878E+04 -0.21218239E+04 -0.21800330E+04 -0.22123660E+04 -0.22317588E+04
 -0.22570821E+04 -0.22344936E+04 -0.22465653E+04 -0.22823039E+04 -0.22782413E+04
 -0.22859037E+04 -0.23034367E+04 -0.23019994E+04 -0.23165624E+04
  0.00000000E+00  0.00000000E+00  0.00000000E+00  0.00000000E+00  0.00000000E+00
  0.00000000E+00  0.00000000E+00  0.00000000E+00  0.00000000E+00  0.00000000E+00
  0.00000000E+00  0.00000000E+00  0.00000000E+00  0.00000000E+00  0.00000000E+00
  0.00000000E+00  0.00000000E+00  0.00000000E+00  0.00000000E+00  0.00000000E+00
  0.00000000E+00  0.00000000E+00  0.00000000E+00  0.00000000E+00  0.00000000E+00
  0.00000000E+00  0.00000000E+00  0.00000000E+00  0.00000000E+00  0.00000000E+00
  0.00000000E+00  0.00000000E+00  0.00000000E+00  0.00000000E+00 -0.41499596E-01
 -0.82313689E+00 -0.12281992E+02 -0.10901275E+03 -0.51758705E+03 -0.11318134E+04
 -0.14595823E+04 -0.15626018E+04 -0.16408009E+04 -0.16895151E+04 -0.17107593E+04
 -0.17377808E+04 -0.17295756E+04 -0.17113965E+04 -0.17297133E+04 -0.17601357E+04
 -0.17768257E+04 -0.17945878E+04 -0.17748192E+04 -0.17821810E+04 -0.17976115E+04
 -0.18126764E+04 -0.18781425E+04 -0.19072111E+04 -0.19283798E+04 -0.19335780E+04
 -0.19716665E+04 -0.19758813E+04 -0.19736074E+04 -0.19826844E+04
  0.00000000E+00  0.00000000E+00  0.48951934E-03  0.00000000E+00  0.00000000E+00
  0.00000000E+00  0.00000000E+00  0.00000000E+00  0.00000000E+00  0.00000000E+00
  0.00000000E+00  0.00000000E+00  0.00000000E+00  0.00000000E+00  0.00000000E+00
  0.00000000E+00  0.00000000E+00  0.00000000E+00  0.00000000E+00  0.00000000E+00
  0.00000000E+00  0.00000000E+00  0.00000000E+00  0.00000000E+00  0.00000000E+00
  0.00000000E+00  0.00000000E+00  0.00000000E+00  0.63572515E-03  0.37064766E-03
  0.25285735E-02  0.38946962E-02  0.87905897E-02 -0.49458518E-01 -0.83023068E-01
 -0.21661535E+01 -0.17062150E+02 -0.12683479E+03 -0.54081424E+03 -0.10612987E+04
 -0.12778409E+04 -0.13824528E+04 -0.14245378E+04 -0.14392361E+04 -0.14666835E+04
 -0.14281153E+04 -0.14311127E+04 -0.14390339E+04 -0.14384460E+04 -0.14232334E+04
 -0.13907860E+04 -0.13660232E+04 -0.13679205E+04 -0.13519837E+04 -0.13324401E+04
 -0.13419801E+04 -0.13366414E+04 -0.13530442E+04 -0.13695009E+04 -0.13985140E+04
 -0.14216201E+04 -0.14714388E+04 -0.15401422E+04 -0.16015001E+04
  0.12467862E+19  0.12468699E+19  0.44209268E+19  0.29884809E+20  0.12476458E+19
  0.12480917E+19  0.12486404E+19  0.12492994E+19  0.12500778E+19  0.12509861E+19
  0.34693389E+19  0.12532438E+19  0.43110261E+19  0.12561857E+19  0.12579466E+19
  0.12599036E+19  0.12620317E+19  0.18441131E+19  0.12664618E+19  0.23108327E+19
  0.34934499E+20  0.23779505E+20  0.24945183E+20  0.26552278E+20  0.28566708E+20
  0.31003068E+20  0.33909761E+20  0.89881263E+20  0.18166114E+21  0.46414035E+20
  0.10928314E+21  0.77872774E+20  0.11804406E+21  0.17840643E+21  0.42549519E+21
  0.53934102E+21  0.14569328E+22  0.34812265E+22  0.83785059E+22  0.23462768E+23
  0.62293605E+23  0.12605029E+24  0.13120505E+24  0.10932745E+24  0.20970521E+24
  0.37727867E+24  0.53352112E+24  0.64268346E+24  0.71075280E+24  0.75236232E+24
  0.77807550E+24  0.79430952E+24  0.80529197E+24  0.81346519E+24  0.82061340E+24
  0.82785409E+24  0.83591313E+24  0.84481283E+24  0.85288684E+24  0.85245593E+24
  0.81804223E+24  0.68848709E+24  0.40528361E+24  0.10538607E+24
  0.13183075E+19  0.13185623E+19  0.40907418E+19  0.64521654E+19  0.13209236E+19
  0.59604185E+19  0.13239542E+19  0.13259640E+19  0.13283395E+19  0.13311147E+19
  0.35196600E+19  0.38529721E+19  0.47561019E+19  0.13470682E+19  0.13525065E+19
  0.13585853E+19  0.13652496E+19  0.54094659E+19  0.13793865E+19  0.31239820E+19
  0.29280954E+20  0.32313554E+20  0.24556245E+20  0.26169995E+20  0.28180048E+20
  0.33445924E+20  0.33493719E+20  0.56996685E+20  0.16672026E+21  0.45915997E+20
  0.51841317E+20  0.85970739E+20  0.10309533E+21  0.18168834E+21  0.23181463E+21
  0.59216196E+21  0.17707765E+22  0.37714909E+22  0.79786982E+22  0.21576490E+23
  0.57640882E+23  0.11923201E+24  0.14339073E+24  0.12196879E+24  0.21363901E+24
  0.37946550E+24  0.53721537E+24  0.64861479E+24  0.71795476E+24  0.75994740E+24
  0.78558289E+24  0.80161086E+24  0.81217517E+24  0.81992519E+24  0.82667353E+24
  0.83358935E+24  0.84137812E+24  0.85004826E+24  0.85800403E+24  0.85757805E+24
  0.82326327E+24  0.69357708E+24  0.40895602E+24  0.10648054E+24
  0.13956240E+19  0.13960617E+19  0.13969465E+19  0.64453766E+19  0.14001202E+19
  0.89698348E+19  0.14053304E+19  0.14087865E+19  0.14128733E+19  0.14176501E+19
  0.35752152E+19  0.21595876E+20  0.44082909E+19  0.14452098E+19  0.14546690E+19
  0.14653075E+19  0.14770848E+19  0.54816944E+19  0.15027220E+19  0.31471276E+19
  0.21906705E+20  0.32734920E+20  0.23838729E+20  0.25461587E+20  0.27461405E+20
  0.72182074E+20  0.32718567E+20  0.52648381E+20  0.52049827E+20  0.50213218E+20
  0.50839687E+20  0.87260383E+20  0.14825692E+21  0.16256221E+21  0.17932448E+21
  0.50549129E+21  0.17902825E+22  0.32568925E+22  0.88894883E+22  0.20701805E+23
  0.54880832E+23  0.11651891E+24  0.15337914E+24  0.13201440E+24  0.21479894E+24
  0.37970592E+24  0.54181040E+24  0.65784984E+24  0.72971797E+24  0.77265994E+24
  0.79830760E+24  0.81383441E+24  0.82377989E+24  0.83086645E+24  0.83700577E+24
  0.84341235E+24  0.85072822E+24  0.85908766E+24  0.86685355E+24  0.86645674E+24
  0.83238054E+24  0.70254578E+24  0.41548552E+24  0.10843600E+24
  0.14787600E+19  0.14794035E+19  0.14807039E+19  0.64425531E+19  0.14853670E+19
  0.89267928E+19  0.14930156E+19  0.14980855E+19  0.15040770E+19  0.15110769E+19
  0.36365244E+19  0.19044613E+20  0.44648194E+19  0.15514880E+19  0.15654212E+19
  0.15811839E+19  0.15988155E+19  0.55605132E+19  0.16384257E+19  0.32733879E+19
  0.20797458E+20  0.21581420E+20  0.22846725E+20  0.24476021E+20  0.26457811E+20
  0.76640907E+20  0.31633174E+20  0.51869338E+20  0.51100895E+20  0.56706370E+20
  0.57898246E+20  0.70653220E+20  0.11049299E+21  0.13465684E+21  0.21708932E+21
  0.68664964E+21  0.15152368E+22  0.37633134E+22  0.88791112E+22  0.18339895E+23
  0.52864399E+23  0.11925163E+24  0.16452601E+24  0.13953681E+24  0.21452940E+24
  0.37928975E+24  0.54698447E+24  0.66970216E+24  0.74495187E+24  0.78921280E+24
  0.81492265E+24  0.82980333E+24  0.83892410E+24  0.84520618E+24  0.85049271E+24
  0.85614347E+24  0.86291380E+24  0.87089236E+24  0.87846652E+24  0.87812733E+24
  0.84435374E+24  0.71435949E+24  0.42414060E+24  0.11103789E+24
  0.64616981E+19  0.15684818E+19  0.15702727E+19  0.64440477E+19  0.15766895E+19
  0.88871413E+19  0.15871970E+19  0.15941501E+19  0.16023561E+19  0.16119300E+19
  0.37042287E+19  0.49470411E+19  0.45276421E+19  0.16670574E+19  0.16860903E+19
  0.17077210E+19  0.17321473E+19  0.56473247E+19  0.17889052E+19  0.34154992E+19
  0.19444055E+20  0.20319499E+20  0.21625888E+20  0.23254515E+20  0.25209398E+20
  0.61941730E+20  0.30281096E+20  0.46244405E+20  0.49929703E+20  0.55458073E+20
  0.48995654E+20  0.92193439E+20  0.10450988E+21  0.13275313E+21  0.23851938E+21
  0.42619538E+21  0.12795293E+22  0.34171657E+22  0.88563566E+22  0.20107222E+23
  0.53154887E+23  0.11961162E+24  0.17810511E+24  0.15192910E+24  0.21475868E+24
  0.37880066E+24  0.55290877E+24  0.68324084E+24  0.76248746E+24  0.80832875E+24
  0.83404523E+24  0.84829094E+24  0.85634444E+24  0.86162305E+24  0.86592378E+24
  0.87075919E+24  0.87689243E+24  0.88438453E+24  0.89175253E+24  0.89147775E+24
  0.85809309E+24  0.72795508E+24  0.43415026E+24  0.11407241E+24
  0.51671492E+19  0.16627993E+19  0.16651931E+19  0.64501191E+19  0.16737648E+19
  0.88514883E+19  0.16877802E+19  0.16970396E+19  0.17079517E+19  0.17206614E+19
  0.37790317E+19  0.50042616E+19  0.45978511E+19  0.17935016E+19  0.18185966E+19
  0.18471843E+19  0.45667187E+19  0.57441582E+19  0.19576477E+19  0.35775791E+19
  0.17898807E+20  0.18874334E+20  0.20213043E+20  0.21831798E+20  0.23752069E+20
  0.28555199E+20  0.28705425E+20  0.48596151E+20  0.48584830E+20  0.53934587E+20
  0.50835190E+20  0.63165730E+20  0.85251183E+20  0.15783680E+21  0.26453683E+21
  0.54687993E+21  0.13266064E+22  0.29997496E+22  0.82686115E+22  0.20848411E+23
  0.52756283E+23  0.11940847E+24  0.18707739E+24  0.16625117E+24  0.21492433E+24
  0.37795923E+24  0.55902091E+24  0.69756895E+24  0.78141017E+24  0.82900290E+24
  0.85467571E+24  0.86792412E+24  0.87505121E+24  0.87906052E+24  0.88230078E+24
  0.88627035E+24  0.89165122E+24  0.89865258E+24  0.90576442E+24  0.90561516E+24
  0.87263404E+24  0.74232614E+24  0.44482279E+24  0.11734559E+24
  0.17597395E+19  0.17612954E+19  0.17644395E+19  0.64608154E+19  0.17757024E+19
  0.88204391E+19  0.17941274E+19  0.18063022E+19  0.18206486E+19  0.18373522E+19
  0.38615041E+19  0.47667599E+19  0.49796064E+19  0.19328339E+19  0.19656336E+19
  0.20030011E+19  0.65482198E+19  0.58543327E+19  0.21503557E+19  0.37658455E+19
  0.16205939E+20  0.17279177E+20  0.18637743E+20  0.20239732E+20  0.22122743E+20
  0.36472009E+20  0.26956172E+20  0.43322271E+20  0.47124261E+20  0.46902784E+20
  0.54705271E+20  0.57848644E+20  0.80742123E+20  0.12739114E+21  0.31522282E+21
  0.47695920E+21  0.12335528E+22  0.39403536E+22  0.84509294E+22  0.22351528E+23
  0.51917877E+23  0.11762211E+24  0.19860416E+24  0.17887430E+24  0.21709282E+24
  0.37749972E+24  0.56551245E+24  0.71218410E+24  0.80065046E+24  0.84967612E+24
  0.87528463E+24  0.88773360E+24  0.89365224E+24  0.89650316E+24  0.89872125E+24
  0.90172020E+24  0.90631416E+24  0.91280798E+24  0.91966926E+24  0.91963992E+24
  0.88706013E+24  0.75667808E+24  0.45553004E+24  0.12067226E+24
  0.18603271E+19  0.18623305E+19  0.18663817E+19  0.64758684E+19  0.18809236E+19
  0.87944715E+19  0.19048012E+19  0.19206340E+19  0.19393426E+19  0.19611888E+19
  0.39516284E+19  0.36933060E+19  0.78973190E+19  0.20870103E+19  0.21304438E+19
  0.21799775E+19  0.66449875E+19  0.59836555E+19  0.23773518E+19  0.36380884E+19
  0.14397651E+20  0.15555808E+20  0.16926073E+20  0.23467484E+20  0.23601712E+20
  0.31679361E+20  0.25101241E+20  0.38039603E+20  0.42189630E+20  0.45100610E+20
  0.52849013E+20  0.53398423E+20  0.73084780E+20  0.12702329E+21  0.22332538E+21
  0.47617131E+21  0.16450726E+22  0.38810246E+22  0.84320317E+22  0.22069428E+23
  0.51253810E+23  0.11530897E+24  0.20516319E+24  0.19586596E+24  0.22005617E+24
  0.37840792E+24  0.57139536E+24  0.72580645E+24  0.81919167E+24  0.86974545E+24
  0.89514610E+24  0.90678400E+24  0.91148966E+24  0.91313677E+24  0.91423724E+24
  0.91631752E+24  0.92021835E+24  0.92621950E+24  0.93280933E+24  0.93284612E+24
  0.90068648E+24  0.77026078E+24  0.46577193E+24  0.12390063E+24
  0.19613846E+19  0.19638947E+19  0.19689765E+19  0.64946664E+19  0.19872754E+19
  0.87737854E+19  0.20175122E+19  0.20376918E+19  0.20616720E+19  0.20898612E+19
  0.40480852E+19  0.62371855E+19  0.79289001E+19  0.22561859E+19  0.35505269E+19
  0.23830997E+19  0.81702679E+19  0.61423716E+19  0.26591363E+19  0.27916195E+19
  0.12482112E+20  0.13713945E+20  0.15110048E+20  0.22118140E+20  0.26999141E+20
  0.20719668E+20  0.23243234E+20  0.36528741E+20  0.29728834E+20  0.36983636E+20
  0.51065067E+20  0.68663895E+20  0.95990043E+20  0.14902162E+21  0.32507899E+21
  0.59030109E+21  0.17868257E+22  0.38352216E+22  0.81437711E+22  0.20403398E+23
  0.48970818E+23  0.11862087E+24  0.21035827E+24  0.21191127E+24  0.22484702E+24
  0.37939434E+24  0.57694039E+24  0.73866057E+24  0.83631880E+24  0.88817299E+24
  0.91348045E+24  0.92417868E+24  0.92779291E+24  0.92818958E+24  0.92838462E+24
  0.92957377E+24  0.93279548E+24  0.93834600E+24  0.94467872E+24  0.94476563E+24
  0.91298900E+24  0.78258238E+24  0.47512515E+24  0.12691369E+24
  0.20609392E+19  0.20639820E+19  0.20701498E+19  0.65163517E+19  0.20924316E+19
  0.87582104E+19  0.53708677E+19  0.21544103E+19  0.21842110E+19  0.22195282E+19
  0.41478289E+19  0.63017845E+19  0.79678876E+19  0.24354618E+19  0.45061764E+19
  0.26114573E+19  0.11883252E+20  0.63453089E+19  0.30376255E+19  0.32540251E+19
  0.10404708E+20  0.11762826E+20  0.13264160E+20  0.20635295E+20  0.16843819E+20
  0.19019718E+20  0.21535814E+20  0.35178445E+20  0.27933975E+20  0.32055990E+20
  0.55690453E+20  0.60207318E+20  0.15236705E+21  0.19922404E+21  0.50317212E+21
  0.92118785E+21  0.19343219E+22  0.43994081E+22  0.79969383E+22  0.19832941E+23
  0.47171128E+23  0.11235358E+24  0.21648408E+24  0.22910070E+24  0.23172929E+24
  0.38128273E+24  0.58268364E+24  0.75009150E+24  0.85116193E+24  0.90442113E+24
  0.92946378E+24  0.93930741E+24  0.94184725E+24  0.94134700E+24  0.94059429E+24
  0.94101912E+24  0.94364384E+24  0.94880808E+24  0.95491853E+24  0.95505277E+24
  0.92360607E+24  0.79324053E+24  0.48330096E+24  0.12960644E+24
  0.21472231E+19  0.21507346E+19  0.21578582E+19  0.65373571E+19  0.21836517E+19
  0.11450646E+20  0.75084718E+19  0.22558794E+19  0.22908738E+19  0.23325873E+19
  0.42363150E+19  0.63614935E+19  0.80070690E+19  0.25946741E+19  0.46449173E+19
  0.28213493E+19  0.11899931E+20  0.65626115E+19  0.34974556E+19  0.40514699E+19
  0.81260178E+19  0.10024786E+20  0.45348252E+20  0.19549659E+20  0.15595837E+20
  0.17798229E+20  0.20311789E+20  0.34221945E+20  0.26640876E+20  0.35812029E+20
  0.60309371E+20  0.53587077E+20  0.16865097E+21  0.21974599E+21  0.49687180E+21
  0.11126048E+22  0.21972389E+22  0.40212991E+22  0.75437238E+22  0.21890179E+23
  0.50437543E+23  0.11224912E+24  0.21989925E+24  0.24157509E+24  0.23749942E+24
  0.38346792E+24  0.58734391E+24  0.75863971E+24  0.86240258E+24  0.91663173E+24
  0.94138907E+24  0.95042710E+24  0.95231047E+24  0.95108117E+24  0.94953346E+24
  0.94945663E+24  0.95160971E+24  0.95644500E+24  0.96244149E+24  0.96255219E+24
  0.93135569E+24  0.80108867E+24  0.48937910E+24  0.13168389E+24
  0.22259248E+19  0.22298604E+19  0.22378489E+19  0.65582213E+19  0.22668178E+19
  0.13892734E+20  0.75219619E+19  0.23482919E+19  0.23879584E+19  0.24354113E+19
  0.43176949E+19  0.64179663E+19  0.55396840E+19  0.52412327E+19  0.47710057E+19
  0.30071604E+19  0.12657129E+20  0.10324451E+20  0.38359925E+19  0.44814402E+19
  0.78328899E+19  0.94977351E+19  0.78082599E+20  0.18972246E+20  0.14856779E+20
  0.17025094E+20  0.60982858E+20  0.33574050E+20  0.25741036E+20  0.30977484E+20
  0.44557422E+20  0.40436494E+20  0.28079575E+21  0.25874130E+21  0.41219045E+21
  0.97790133E+21  0.19005721E+22  0.42877257E+22  0.94697186E+22  0.21485569E+23
  0.47723402E+23  0.11282744E+24  0.22107383E+24  0.25397426E+24  0.24359495E+24
  0.38615701E+24  0.59139837E+24  0.76507291E+24  0.87113795E+24  0.92592355E+24
  0.95046583E+24  0.95897139E+24  0.96023604E+24  0.95827744E+24  0.95634267E+24
  0.95572640E+24  0.95764041E+24  0.96219544E+24  0.96804831E+24  0.96824123E+24
  0.93722229E+24  0.80706561E+24  0.49408480E+24  0.13334272E+24
  0.23119549E+19  0.23163421E+19  0.23252509E+19  0.65826746E+19  0.23575912E+19
  0.13256672E+20  0.80921789E+19  0.24488160E+19  0.24933694E+19  0.25467859E+19
  0.44065367E+19  0.64809567E+19  0.19267871E+20  0.52492118E+19  0.49049087E+19
  0.31984364E+19  0.19703621E+20  0.37143042E+19  0.41375884E+19  0.48258559E+19
  0.78597797E+19  0.93977622E+19  0.48398396E+20  0.18695402E+20  0.14460536E+20
  0.16561284E+20  0.87994961E+20  0.33122736E+20  0.25097489E+20  0.29035663E+20
  0.44494463E+20  0.39583803E+20  0.24055045E+21  0.31520677E+21  0.39400375E+21
  0.72503918E+21  0.21267146E+22  0.46955363E+22  0.10166846E+23  0.23832466E+23
  0.48614926E+23  0.11760737E+24  0.22843486E+24  0.25843214E+24  0.24897982E+24
  0.38886288E+24  0.59600178E+24  0.77168837E+24  0.87894357E+24  0.93394172E+24
  0.95830864E+24  0.96639127E+24  0.96688456E+24  0.96448735E+24  0.96194695E+24
  0.96113865E+24  0.96268217E+24  0.96696043E+24  0.97277403E+24  0.97298618E+24
  0.94216931E+24  0.81208801E+24  0.49815112E+24  0.13486474E+24
  0.24053273E+19  0.24101862E+19  0.24200548E+19  0.66110172E+19  0.24559007E+19
  0.55181186E+19  0.15763032E+20  0.25571787E+19  0.26067223E+19  0.26661838E+19
  0.45024583E+19  0.65503244E+19  0.11197926E+20  0.30497532E+19  0.50454767E+19
  0.33938323E+19  0.19609814E+20  0.39652603E+19  0.44262733E+19  0.51626341E+19
  0.79745594E+19  0.94756762E+19  0.38586951E+20  0.18624561E+20  0.14350768E+20
  0.16391336E+20  0.54768930E+20  0.23244807E+20  0.24761100E+20  0.28645002E+20
  0.57984192E+20  0.46456095E+20  0.20395573E+21  0.30331033E+21  0.62378503E+21
  0.77843223E+21  0.25136348E+22  0.50059332E+22  0.11088822E+23  0.23336108E+23
  0.49014847E+23  0.11971777E+24  0.23328985E+24  0.25897626E+24  0.25097573E+24
  0.39245735E+24  0.59990356E+24  0.77668047E+24  0.88464253E+24  0.93980617E+24
  0.96375130E+24  0.97155680E+24  0.97154843E+24  0.96876247E+24  0.96597042E+24
  0.96477613E+24  0.96611277E+24  0.97026602E+24  0.97594354E+24  0.97620122E+24
  0.94551332E+24  0.81555516E+24  0.50107187E+24  0.13610616E+24
  0.25059765E+19  0.25113215E+19  0.25221780E+19  0.66435372E+19  0.25616215E+19
  0.42760392E+19  0.31345742E+20  0.26731381E+19  0.27277233E+19  0.27932573E+19
  0.46053000E+19  0.66261460E+19  0.11200534E+20  0.32161281E+19  0.51929898E+19
  0.35946675E+19  0.19536625E+20  0.42194172E+19  0.47198402E+19  0.55189845E+19
  0.81295371E+19  0.96338393E+19  0.11106799E+20  0.18677475E+20  0.14441738E+20
  0.16450164E+20  0.89238710E+20  0.30772712E+20  0.25385325E+20  0.28578138E+20
  0.36446341E+20  0.71705063E+20  0.19239646E+21  0.22081576E+21  0.89237132E+21
  0.11067496E+22  0.29781818E+22  0.49603614E+22  0.11892264E+23  0.26985024E+23
  0.54595601E+23  0.12156397E+24  0.23789508E+24  0.26127012E+24  0.25314174E+24
  0.39696019E+24  0.60321275E+24  0.77978764E+24  0.88732497E+24  0.94207715E+24
  0.96587945E+24  0.97339865E+24  0.97313200E+24  0.97009336E+24  0.96707393E+24
  0.96569881E+24  0.96688803E+24  0.97100599E+24  0.97674110E+24  0.97701189E+24
  0.94647073E+24  0.81663944E+24  0.50228204E+24  0.13690420E+24
  0.26138218E+19  0.26196652E+19  0.26315338E+19  0.66805390E+19  0.26746549E+19
  0.27069017E+19  0.35800881E+20  0.27965835E+19  0.28562720E+19  0.29279354E+19
  0.47151968E+19  0.67087667E+19  0.11209890E+20  0.33902144E+19  0.53486269E+19
  0.38034350E+19  0.19481346E+20  0.44840256E+19  0.50290872E+19  0.59040249E+19
  0.83158646E+19  0.98357998E+19  0.11322492E+20  0.18802258E+20  0.14663790E+20
  0.16669672E+20  0.66680240E+20  0.54562408E+20  0.45909973E+20  0.28797487E+20
  0.33474709E+20  0.77336413E+20  0.18161686E+21  0.21194670E+21  0.83564861E+21
  0.14921418E+22  0.27147080E+22  0.49138301E+22  0.12406668E+23  0.27747638E+23
  0.57899243E+23  0.13146031E+24  0.24999613E+24  0.25791089E+24  0.25616939E+24
  0.40245687E+24  0.60697104E+24  0.77990099E+24  0.88549448E+24  0.93970565E+24
  0.96317800E+24  0.97050297E+24  0.97033548E+24  0.96730102E+24  0.96426298E+24
  0.96298929E+24  0.96421542E+24  0.96838445E+24  0.97421532E+24  0.97454699E+24
  0.94391893E+24  0.81425058E+24  0.50093546E+24  0.13701673E+24
  0.27288451E+19  0.27352017E+19  0.27481108E+19  0.56898909E+19  0.27950075E+19
  0.49093684E+19  0.33126871E+20  0.29276047E+19  0.29925171E+19  0.30704549E+19
  0.55570374E+19  0.33529586E+19  0.18130557E+20  0.35732827E+19  0.60334686E+19
  0.40229011E+19  0.12347351E+20  0.47644550E+19  0.53601273E+19  0.63186019E+19
  0.85362842E+19  0.10068053E+20  0.11580903E+20  0.18968515E+20  0.14968832E+20
  0.16995834E+20  0.35362088E+20  0.35344754E+20  0.50349374E+20  0.29243353E+20
  0.62009969E+20  0.12068917E+21  0.15132320E+21  0.26294094E+21  0.80719819E+21
  0.17546560E+22  0.29519625E+22  0.66825253E+22  0.14163992E+23  0.27736493E+23
  0.63009674E+23  0.13737054E+24  0.24733185E+24  0.25082594E+24  0.25862141E+24
  0.40998681E+24  0.60959716E+24  0.77672807E+24  0.87836454E+24  0.93078599E+24
  0.95412823E+24  0.96162893E+24  0.96180661E+24  0.95908323E+24  0.95638047E+24
  0.95533480E+24  0.95684015E+24  0.96131333E+24  0.96718233E+24  0.96742887E+24
  0.93669487E+24  0.80722541E+24  0.49615010E+24  0.13616581E+24
  0.28511722E+19  0.28580615E+19  0.28720507E+19  0.28934858E+19  0.29228637E+19
  0.12369211E+20  0.16243805E+20  0.30665334E+19  0.31368774E+19  0.32213513E+19
  0.10883353E+20  0.34437963E+19  0.15777177E+20  0.37668776E+19  0.13794278E+20
  0.45182659E+19  0.81552596E+19  0.50643873E+19  0.57160347E+19  0.67594626E+19
  0.87954124E+19  0.10326887E+20  0.11960708E+20  0.19157517E+20  0.15324797E+20
  0.17389232E+20  0.29448474E+20  0.31250666E+20  0.45796276E+20  0.35351186E+20
  0.68953624E+20  0.16965741E+21  0.13367159E+21  0.43177500E+21  0.84774600E+21
  0.20394501E+22  0.35725440E+22  0.68326171E+22  0.14838433E+23  0.32619534E+23
  0.71383243E+23  0.15425023E+24  0.24652092E+24  0.23128913E+24  0.26015144E+24
  0.41764214E+24  0.61053844E+24  0.76898369E+24  0.86462891E+24  0.91458444E+24
  0.93726060E+24  0.94518244E+24  0.94586047E+24  0.94399298E+24  0.94203151E+24
  0.94150382E+24  0.94353151E+24  0.94830210E+24  0.95439881E+24  0.95459352E+24
  0.92350975E+24  0.79424073E+24  0.48699732E+24  0.13409239E+24
  0.45644337E+19  0.29885889E+19  0.30037125E+19  0.30268834E+19  0.30586390E+19
  0.12455076E+20  0.76401014E+19  0.32139605E+19  0.32900371E+19  0.33814268E+19
  0.10895864E+20  0.36222725E+19  0.34909832E+20  0.39726206E+19  0.12658429E+20
  0.64616913E+19  0.83652182E+19  0.53859745E+19  0.98588586E+19  0.72206231E+19
  0.90957933E+19  0.10612560E+20  0.15463445E+20  0.19358343E+20  0.15710371E+20
  0.17821391E+20  0.29695856E+20  0.45053058E+20  0.32156598E+20  0.54462708E+20
  0.71709693E+20  0.16193887E+21  0.22193611E+21  0.49102037E+21  0.92149186E+21
  0.20457479E+22  0.38112957E+22  0.78736928E+22  0.17839912E+23  0.38446006E+23
  0.82286113E+23  0.16949558E+24  0.24579432E+24  0.21564939E+24  0.26664762E+24
  0.42661087E+24  0.60972043E+24  0.75561556E+24  0.84344166E+24  0.89003274E+24
  0.91198384E+24  0.92035085E+24  0.92210208E+24  0.92109376E+24  0.92013539E+24
  0.92049151E+24  0.92319218E+24  0.92840679E+24  0.93470443E+24  0.93475391E+24
  0.90301097E+24  0.77398799E+24  0.47254144E+24  0.13050143E+24
  0.59478660E+19  0.31273813E+19  0.31437095E+19  0.31687236E+19  0.32030046E+19
  0.14097433E+20  0.59994660E+19  0.33707241E+19  0.34529172E+19  0.35517004E+19
  0.10916395E+20  0.38122918E+19  0.23841321E+20  0.41920526E+19  0.53978998E+19
  0.66865351E+19  0.85930187E+19  0.57298019E+19  0.10758788E+20  0.76948118E+19
  0.94369382E+19  0.10926540E+20  0.12503075E+20  0.26875812E+20  0.16111109E+20
  0.18271742E+20  0.29941988E+20  0.35798023E+20  0.40375550E+20  0.52136899E+20
  0.76119857E+20  0.17919200E+21  0.30552764E+21  0.41419105E+21  0.10192687E+22
  0.24561537E+22  0.48103986E+22  0.11350464E+23  0.22763059E+23  0.47875330E+23
  0.10240908E+24  0.19091253E+24  0.22822625E+24  0.20237456E+24  0.27614604E+24
  0.43748548E+24  0.60686565E+24  0.73672340E+24  0.81481643E+24  0.85720562E+24
  0.87803696E+24  0.88671160E+24  0.88949981E+24  0.88979514E+24  0.88991440E+24
  0.89139633E+24  0.89490294E+24  0.90078588E+24  0.90725652E+24  0.90689548E+24
  0.87416228E+24  0.74547353E+24  0.45209019E+24  0.12516885E+24
  0.60313696E+19  0.32752890E+19  0.32929058E+19  0.33198909E+19  0.33568727E+19
  0.14010673E+20  0.61005968E+19  0.35378631E+19  0.36266121E+19  0.37333265E+19
  0.10945894E+20  0.40151238E+19  0.20361640E+20  0.44264660E+19  0.47044555E+19
  0.69283351E+19  0.68973465E+19  0.78104818E+19  0.11091325E+20  0.81742010E+19
  0.98143545E+19  0.11269235E+20  0.12848086E+20  0.23197557E+20  0.16517716E+20
  0.18726061E+20  0.30171929E+20  0.24278983E+20  0.44382029E+20  0.52920721E+20
  0.73847618E+20  0.28443077E+21  0.41746649E+21  0.43839667E+21  0.12902059E+22
  0.30532353E+22  0.56427303E+22  0.12724196E+23  0.25712002E+23  0.57969955E+23
  0.12102234E+24  0.20253207E+24  0.20020821E+24  0.19490923E+24  0.29264024E+24
  0.44960260E+24  0.60136797E+24  0.71217578E+24  0.77944814E+24  0.81681436E+24
  0.83601334E+24  0.84489390E+24  0.84851868E+24  0.85002335E+24  0.85150275E+24
  0.85402601E+24  0.85852137E+24  0.86491165E+24  0.87156405E+24  0.87049785E+24
  0.83634752E+24  0.70807003E+24  0.42533738E+24  0.11801328E+24
  0.61238375E+19  0.34333579E+19  0.34523554E+19  0.34814515E+19  0.35213245E+19
  0.13930280E+20  0.62117464E+19  0.37165139E+19  0.38122726E+19  0.39274620E+19
  0.11900171E+20  0.42318703E+19  0.11413454E+20  0.46766802E+19  0.49774209E+19
  0.72777076E+19  0.58374773E+19  0.92910344E+19  0.44755649E+20  0.86513112E+19
  0.10219713E+20  0.11638385E+20  0.13210324E+20  0.23298452E+20  0.16925045E+20
  0.19175797E+20  0.30377360E+20  0.24853712E+20  0.42305021E+20  0.11401833E+21
  0.11273321E+21  0.12271186E+21  0.38786044E+21  0.59833353E+21  0.15394604E+22
  0.35882303E+22  0.80392189E+22  0.15786121E+23  0.33280437E+23  0.72163635E+23
  0.14312540E+24  0.19772987E+24  0.17490169E+24  0.19841463E+24  0.31285656E+24
  0.46085373E+24  0.59230730E+24  0.68333619E+24  0.73878200E+24  0.77026071E+24
  0.78725377E+24  0.79585105E+24  0.80016231E+24  0.80287615E+24  0.80545169E+24
  0.80917284E+24  0.81448150E+24  0.82126467E+24  0.82777283E+24  0.82567362E+24
  0.78959403E+24  0.66196708E+24  0.39264282E+24  0.10912792E+24
  0.62265025E+19  0.36026939E+19  0.36231636E+19  0.36545089E+19  0.36974600E+19
  0.13857684E+20  0.63340608E+19  0.39077291E+19  0.40109100E+19  0.41350512E+19
  0.16356617E+20  0.44632085E+19  0.21274747E+20  0.49427365E+19  0.52667144E+19
  0.93651096E+19  0.61905163E+19  0.96163138E+19  0.43967688E+20  0.13275022E+20
  0.10641726E+20  0.12028156E+20  0.13587611E+20  0.23398106E+20  0.17331105E+20
  0.19617536E+20  0.30557147E+20  0.25412557E+20  0.42431506E+20  0.65371766E+20
  0.12650613E+21  0.18687216E+21  0.36654409E+21  0.99308073E+21  0.26197847E+22
  0.40983192E+22  0.90198937E+22  0.19287190E+23  0.42976125E+23  0.93122244E+23
  0.16526427E+24  0.18405927E+24  0.15730418E+24  0.21178055E+24  0.33478709E+24
  0.46955578E+24  0.57836915E+24  0.65044363E+24  0.69410374E+24  0.71949965E+24
  0.73382098E+24  0.74177466E+24  0.74645728E+24  0.74994713E+24  0.75342335E+24
  0.75791686E+24  0.76380127E+24  0.77091700E+24  0.77690186E+24  0.77330990E+24
  0.73481421E+24  0.60827281E+24  0.35509056E+24  0.98818984E+23
  0.63405197E+19  0.37842264E+19  0.38062476E+19  0.38399603E+19  0.38861462E+19
  0.76796535E+19  0.64684683E+19  0.41121894E+19  0.42230890E+19  0.43564983E+19
  0.11707468E+20  0.47090075E+19  0.11927417E+20  0.52234449E+19  0.55703033E+19
  0.77447538E+19  0.65540779E+19  0.12275426E+20  0.12091713E+20  0.10943541E+20
  0.11067808E+20  0.12429515E+20  0.13975465E+20  0.22163814E+20  0.17736034E+20
  0.20052266E+20  0.30717353E+20  0.31046195E+20  0.43933849E+20  0.51819702E+20
  0.59554319E+20  0.19462626E+21  0.41853035E+21  0.11418087E+22  0.25536805E+22
  0.45746992E+22  0.10791693E+23  0.24876170E+23  0.52720711E+23  0.11097580E+24
  0.16970035E+24  0.15448295E+24  0.15273698E+24  0.23357425E+24  0.35679294E+24
  0.47346633E+24  0.55911743E+24  0.61390970E+24  0.64719327E+24  0.66682096E+24
  0.67823758E+24  0.68511852E+24  0.68971163E+24  0.69355278E+24  0.69760286E+24
  0.70257775E+24  0.70872937E+24  0.71563932E+24  0.72073824E+24  0.71507095E+24
  0.67383450E+24  0.54908561E+24  0.31448651E+24  0.87604764E+23
  0.11004962E+20  0.39783370E+19  0.40019610E+19  0.40381152E+19  0.40876300E+19
  0.41516507E+19  0.66153467E+19  0.43297861E+19  0.80198162E+19  0.67993847E+19
  0.11168253E+20  0.49678583E+19  0.12098328E+20  0.55159115E+19  0.68103180E+19
  0.74537524E+19  0.69205465E+19  0.17531657E+20  0.12397873E+20  0.10002822E+20
  0.11486187E+20  0.12831975E+20  0.14367540E+20  0.16122590E+20  0.18141199E+20
  0.25442403E+20  0.25528709E+20  0.44961246E+20  0.62340919E+20  0.63491371E+20
  0.96114678E+20  0.18327441E+21  0.57408678E+21  0.11299236E+22  0.26487615E+22
  0.57889672E+22  0.13685384E+23  0.32420798E+23  0.67636117E+23  0.12949967E+24
  0.15778510E+24  0.13198259E+24  0.16126504E+24  0.25920090E+24  0.37428800E+24
  0.47059402E+24  0.53513564E+24  0.57542994E+24  0.59969439E+24  0.61415538E+24
  0.62282510E+24  0.62839695E+24  0.63250905E+24  0.63631500E+24  0.64049380E+24
  0.64555534E+24  0.65159732E+24  0.65798608E+24  0.66174235E+24  0.65350676E+24
  0.60928325E+24  0.48724657E+24  0.27306946E+24  0.76140966E+23
  0.16916540E+20  0.41843232E+19  0.42095559E+19  0.42481555E+19  0.43009936E+19
  0.43692746E+19  0.67740587E+19  0.47422889E+19  0.93212283E+19  0.48371260E+19
  0.12195520E+20  0.52366106E+19  0.13479097E+20  0.58153400E+19  0.62022470E+19
  0.66805785E+19  0.72814959E+19  0.17888679E+20  0.13897160E+20  0.10408910E+20
  0.11887447E+20  0.13225694E+20  0.14756896E+20  0.16515369E+20  0.18548291E+20
  0.27595161E+20  0.23715784E+20  0.64227421E+20  0.54544795E+20  0.11409375E+21
  0.15382128E+21  0.31169172E+21  0.72041057E+21  0.13692174E+22  0.35673439E+22
  0.72875521E+22  0.16614422E+23  0.41316661E+23  0.86973590E+23  0.14014192E+24
  0.13600273E+24  0.12137046E+24  0.18048483E+24  0.28377526E+24  0.38510501E+24
  0.45975382E+24  0.50742452E+24  0.53621512E+24  0.55329207E+24  0.56344969E+24
  0.56961293E+24  0.57381998E+24  0.57723264E+24  0.58065182E+24  0.58464933E+24
  0.58946604E+24  0.59502612E+24  0.60049233E+24  0.60249836E+24  0.59139534E+24
  0.54428758E+24  0.42599960E+24  0.23317367E+24  0.65094934E+23
  0.87240959E+19  0.17237028E+20  0.75950112E+19  0.44674049E+19  0.45234268E+19
  0.45957665E+19  0.69423402E+19  0.60506996E+19  0.67036177E+19  0.50899174E+19
  0.52811572E+19  0.21642428E+20  0.98495553E+19  0.61146802E+19  0.65167386E+19
  0.97308070E+19  0.21880428E+20  0.15279720E+20  0.94263976E+19  0.18862550E+20
  0.12264667E+20  0.13602678E+20  0.15137071E+20  0.21835095E+20  0.18957909E+20
  0.21362650E+20  0.24210928E+20  0.73337307E+20  0.53745318E+20  0.83216117E+20
  0.22195090E+21  0.37882752E+21  0.57107726E+21  0.14993036E+22  0.40586033E+22
  0.91665344E+22  0.21500031E+23  0.49969845E+23  0.99435464E+23  0.13528653E+24
  0.11156316E+24  0.12451348E+24  0.20374912E+24  0.30343082E+24  0.38759427E+24
  0.44352628E+24  0.47772656E+24  0.49789673E+24  0.50954845E+24  0.51621552E+24
  0.52028284E+24  0.52318957E+24  0.52578084E+24  0.52866831E+24  0.53219185E+24
  0.53647964E+24  0.54134440E+24  0.54560835E+24  0.54564445E+24  0.53153588E+24
  0.48194145E+24  0.36845960E+24  0.19682205E+24  0.55030007E+23
  0.46051720E+19  0.61927870E+19  0.11012664E+20  0.46904075E+19  0.47493156E+19
  0.48253077E+19  0.71155550E+19  0.14713795E+20  0.62511352E+19  0.53423896E+19
  0.84949509E+19  0.20329198E+20  0.95842566E+19  0.64044303E+19  0.72864240E+19
  0.10286760E+20  0.16658899E+20  0.15391833E+20  0.97646455E+19  0.20018074E+20
  0.12612176E+20  0.13956275E+20  0.15499817E+20  0.19664584E+20  0.31587227E+20
  0.25437646E+20  0.25432203E+20  0.44262019E+20  0.72233139E+20  0.42908988E+20
  0.21832560E+21  0.33010801E+21  0.92038746E+21  0.17527328E+22  0.49781609E+22
  0.10543947E+23  0.26699246E+23  0.58288161E+23  0.10967960E+24  0.11970635E+24
  0.97629780E+23  0.13694435E+24  0.22508228E+24  0.31550747E+24  0.38218340E+24
  0.42374935E+24  0.44809164E+24  0.46190438E+24  0.46950928E+24  0.47362343E+24
  0.47606108E+24  0.47787406E+24  0.47973671E+24  0.48206898E+24  0.48501923E+24
  0.48866263E+24  0.49263295E+24  0.49558713E+24  0.49352766E+24  0.47651114E+24
  0.42504023E+24  0.31720845E+24  0.16545932E+24  0.46355683E+23
  0.69569822E+19  0.52187887E+19  0.11723271E+20  0.49078734E+19  0.49692126E+19
  0.50482521E+19  0.12307253E+20  0.31920715E+20  0.13874084E+20  0.90160368E+19
  0.57889718E+19  0.62440590E+19  0.97489723E+19  0.66724900E+19  0.94278866E+19
  0.12020194E+20  0.12898474E+20  0.17630374E+20  0.14116307E+20  0.18417497E+20
  0.12923037E+20  0.14277522E+20  0.15835519E+20  0.27148436E+20  0.39113864E+20
  0.23741686E+20  0.37078904E+20  0.29592365E+20  0.70755918E+20  0.76493084E+20
  0.22396201E+21  0.61505920E+21  0.10174973E+22  0.21160143E+22  0.53885712E+22
  0.12713435E+23  0.29925403E+23  0.66979883E+23  0.11341811E+24  0.10216376E+24
  0.93711293E+23  0.15304307E+24  0.24184486E+24  0.32025326E+24  0.37212066E+24
  0.40302996E+24  0.42047193E+24  0.42977285E+24  0.43447599E+24  0.43678070E+24
  0.43804405E+24  0.43902975E+24  0.44026129E+24  0.44203075E+24  0.44442012E+24
  0.44737659E+24  0.45046939E+24  0.45211649E+24  0.44808515E+24  0.42852247E+24
  0.37593499E+24  0.27410118E+24  0.13987991E+24  0.39279975E+23
  0.82113166E+19  0.50289760E+19  0.14302477E+20  0.51056501E+19  0.14526739E+20
  0.52501793E+19  0.27411343E+20  0.14012944E+20  0.17853957E+20  0.57987266E+19
  0.60080385E+19  0.62563452E+19  0.92277678E+19  0.69040820E+19  0.10350851E+20
  0.11200349E+20  0.13158407E+20  0.21954189E+20  0.15115824E+20  0.30077408E+20
  0.13188077E+20  0.14555248E+20  0.16130438E+20  0.23631594E+20  0.43938374E+20
  0.22636100E+20  0.62342232E+20  0.55338550E+20  0.55041979E+20  0.96546601E+20
  0.27122492E+21  0.57834771E+21  0.11377053E+22  0.22964617E+22  0.55573905E+22
  0.14263516E+23  0.34494700E+23  0.73410992E+23  0.10710932E+24  0.84235810E+23
  0.96510921E+23  0.16708972E+24  0.25239027E+24  0.31888649E+24  0.36018397E+24
  0.38381704E+24  0.39648712E+24  0.40278249E+24  0.40564054E+24  0.40672375E+24
  0.40712845E+24  0.40754091E+24  0.40828658E+24  0.40956512E+24  0.41147885E+24
  0.41388248E+24  0.41618539E+24  0.41667719E+24  0.41094323E+24  0.38938431E+24
  0.33637553E+24  0.24023995E+24  0.12034049E+24  0.33876431E+23
  0.88586849E+19  0.60425369E+19  0.15174368E+20  0.52640018E+19  0.12814410E+20
  0.59412596E+19  0.55141394E+19  0.10136906E+20  0.70965415E+19  0.59677742E+19
  0.61793159E+19  0.64298034E+19  0.67270326E+19  0.70814493E+19  0.12845689E+20
  0.12211692E+20  0.22530536E+20  0.21902456E+20  0.15280802E+20  0.21257335E+20
  0.16196332E+20  0.14770997E+20  0.16362391E+20  0.22541333E+20  0.25425624E+20
  0.22958391E+20  0.12210021E+21  0.52803570E+20  0.47757781E+20  0.12660375E+21
  0.20749793E+21  0.64822585E+21  0.14201534E+22  0.27402998E+22  0.60988746E+22
  0.15221882E+23  0.37172754E+23  0.78300896E+23  0.95944520E+23  0.73300630E+23
  0.10022331E+24  0.17701716E+24  0.25764406E+24  0.31495175E+24  0.34926367E+24
  0.36826751E+24  0.37797309E+24  0.38248240E+24  0.38415126E+24  0.38452672E+24
  0.38446889E+24  0.38450004E+24  0.38493914E+24  0.38591618E+24  0.38748239E+24
  0.38947006E+24  0.39117754E+24  0.39079878E+24  0.38381186E+24  0.36087501E+24
  0.30788568E+24  0.21637575E+24  0.10687929E+24  0.30150925E+23
  0.10805278E+20  0.13043533E+20  0.16183470E+20  0.53577108E+19  0.54227416E+19
  0.18336322E+20  0.56100315E+19  0.10185381E+20  0.58870159E+19  0.60664816E+19
  0.62789334E+19  0.65302448E+19  0.68281757E+19  0.71831603E+19  0.19091674E+20
  0.11790724E+20  0.20423830E+20  0.17682493E+20  0.19755197E+20  0.12539198E+20
  0.27207508E+20  0.14896902E+20  0.16498826E+20  0.19261656E+20  0.20553638E+20
  0.38192060E+20  0.43790151E+20  0.30069759E+20  0.13291006E+21  0.19609596E+21
  0.18867598E+21  0.54832280E+21  0.14226022E+22  0.32918450E+22  0.70256770E+22
  0.17175246E+23  0.40050452E+23  0.79048061E+23  0.85609812E+23  0.61920502E+23
  0.10047882E+24  0.18068476E+24  0.25860748E+24  0.31114604E+24  0.34191043E+24
  0.35860224E+24  0.36696224E+24  0.37060747E+24  0.37179202E+24  0.37186272E+24
  0.37159893E+24  0.37148391E+24  0.37178764E+24  0.37264408E+24  0.37404690E+24
  0.37579995E+24  0.37720339E+24  0.37634889E+24  0.36866765E+24  0.34501129E+24
  0.29217541E+24  0.20341498E+24  0.99681071E+23  0.28157200E+23
  0.00000000E+00  0.00000000E+00  0.00000000E+00  0.00000000E+00  0.00000000E+00
  0.00000000E+00  0.00000000E+00  0.00000000E+00  0.00000000E+00  0.00000000E+00
  0.00000000E+00  0.00000000E+00  0.00000000E+00  0.00000000E+00  0.00000000E+00
  0.00000000E+00  0.00000000E+00  0.00000000E+00  0.00000000E+00  0.00000000E+00
  0.00000000E+00  0.00000000E+00  0.00000000E+00  0.00000000E+00  0.00000000E+00
  0.00000000E+00  0.00000000E+00  0.86662433E+19  0.32733414E+18  0.00000000E+00
  0.00000000E+00  0.00000000E+00  0.15353659E+19  0.51570310E+18  0.89651933E+19
  0.12530700E+20  0.58033248E+20  0.11171765E+21  0.40786707E+21  0.67903867E+21
  0.23285460E+22  0.59078763E+22  0.70047241E+22  0.16340256E+22  0.25110532E+21
  0.60846844E+20  0.24043174E+20  0.13117908E+20  0.89830852E+19  0.68775742E+19
  0.55817440E+19  0.47711541E+19  0.41244063E+19  0.35852252E+19  0.31454924E+19
  0.26979056E+19  0.23712688E+19  0.20948799E+19  0.18062900E+19  0.15467704E+19
  0.12753894E+19  0.99845653E+18  0.69336287E+18  0.22736108E+18
  0.00000000E+00  0.00000000E+00  0.00000000E+00  0.00000000E+00  0.00000000E+00
  0.00000000E+00  0.00000000E+00  0.00000000E+00  0.00000000E+00  0.00000000E+00
  0.00000000E+00  0.00000000E+00  0.00000000E+00  0.00000000E+00  0.00000000E+00
  0.00000000E+00  0.00000000E+00  0.00000000E+00  0.00000000E+00  0.00000000E+00
  0.00000000E+00  0.00000000E+00  0.00000000E+00  0.00000000E+00  0.00000000E+00
  0.00000000E+00  0.00000000E+00  0.51518358E+18  0.00000000E+00  0.00000000E+00
  0.00000000E+00  0.00000000E+00  0.00000000E+00  0.00000000E+00  0.00000000E+00
  0.00000000E+00  0.00000000E+00  0.12848845E+20  0.57952926E+19  0.27088237E+20
  0.26884025E+21  0.19085087E+22  0.37802484E+22  0.12841749E+22  0.22933096E+21
  0.58625805E+20  0.22998191E+20  0.12835743E+20  0.87052749E+19  0.66994521E+19
  0.53147009E+19  0.45503981E+19  0.39199977E+19  0.34098845E+19  0.30096693E+19
  0.25806794E+19  0.22132300E+19  0.19193875E+19  0.16780857E+19  0.14670727E+19
  0.12552231E+19  0.99835077E+18  0.70459875E+18  0.24166060E+18
  0.00000000E+00  0.00000000E+00  0.00000000E+00  0.00000000E+00  0.00000000E+00
  0.00000000E+00  0.00000000E+00  0.00000000E+00  0.00000000E+00  0.00000000E+00
  0.00000000E+00  0.00000000E+00  0.00000000E+00  0.00000000E+00  0.00000000E+00
  0.00000000E+00  0.00000000E+00  0.00000000E+00  0.00000000E+00  0.00000000E+00
  0.00000000E+00  0.00000000E+00  0.00000000E+00  0.00000000E+00  0.00000000E+00
  0.00000000E+00  0.00000000E+00  0.00000000E+00  0.00000000E+00  0.00000000E+00
  0.00000000E+00  0.00000000E+00  0.00000000E+00  0.00000000E+00  0.00000000E+00
  0.00000000E+00  0.00000000E+00  0.00000000E+00  0.00000000E+00  0.18519310E+19
  0.13158633E+21  0.12987299E+22  0.32913456E+22  0.12798128E+22  0.23397873E+21
  0.60087196E+20  0.23648501E+20  0.12667606E+20  0.86320199E+19  0.65678155E+19
  0.53043805E+19  0.43906521E+19  0.38123444E+19  0.33579152E+19  0.29026179E+19
  0.25004265E+19  0.21636429E+19  0.19100888E+19  0.16453383E+19  0.14506648E+19
  0.12113443E+19  0.98495893E+18  0.71752563E+18  0.25474094E+18
  0.00000000E+00  0.00000000E+00  0.00000000E+00  0.00000000E+00  0.00000000E+00
  0.00000000E+00  0.00000000E+00  0.00000000E+00  0.00000000E+00  0.00000000E+00
  0.00000000E+00  0.00000000E+00  0.00000000E+00  0.00000000E+00  0.00000000E+00
  0.00000000E+00  0.00000000E+00  0.00000000E+00  0.00000000E+00  0.00000000E+00
  0.00000000E+00  0.00000000E+00  0.00000000E+00  0.00000000E+00  0.00000000E+00
  0.00000000E+00  0.00000000E+00  0.00000000E+00  0.00000000E+00  0.00000000E+00
  0.00000000E+00  0.00000000E+00  0.00000000E+00  0.00000000E+00  0.00000000E+00
  0.00000000E+00  0.00000000E+00  0.00000000E+00  0.00000000E+00  0.00000000E+00
  0.78023461E+20  0.11080995E+22  0.31961059E+22  0.13909085E+22  0.26657673E+21
  0.64767629E+20  0.24422772E+20  0.12928978E+20  0.90003969E+19  0.65817063E+19
  0.51889789E+19  0.42467259E+19  0.37325539E+19  0.32134251E+19  0.28089674E+19
  0.25114096E+19  0.21591609E+19  0.18451516E+19  0.16357081E+19  0.14409621E+19
  0.12372335E+19  0.10125970E+19  0.74909270E+18  0.27265825E+18
  0.00000000E+00  0.00000000E+00  0.00000000E+00  0.00000000E+00  0.00000000E+00
  0.00000000E+00  0.00000000E+00  0.00000000E+00  0.00000000E+00  0.00000000E+00
  0.00000000E+00  0.00000000E+00  0.00000000E+00  0.00000000E+00  0.00000000E+00
  0.00000000E+00  0.00000000E+00  0.00000000E+00  0.00000000E+00  0.00000000E+00
  0.00000000E+00  0.00000000E+00  0.00000000E+00  0.00000000E+00  0.00000000E+00
  0.00000000E+00  0.00000000E+00  0.00000000E+00  0.00000000E+00  0.00000000E+00
  0.00000000E+00  0.00000000E+00  0.00000000E+00  0.00000000E+00  0.00000000E+00
  0.00000000E+00  0.00000000E+00  0.00000000E+00  0.00000000E+00  0.96080976E+19
  0.12268790E+21  0.90765073E+21  0.30536636E+22  0.15488803E+22  0.30724848E+21
  0.71070314E+20  0.26250849E+20  0.13805386E+20  0.89942588E+19  0.65479325E+19
  0.52005945E+19  0.42848467E+19  0.36693197E+19  0.31837443E+19  0.27821627E+19
  0.24430146E+19  0.21443362E+19  0.19247103E+19  0.16739514E+19  0.14376617E+19
  0.12681759E+19  0.10425476E+19  0.76943821E+18  0.27708228E+18
  0.00000000E+00  0.00000000E+00  0.00000000E+00  0.00000000E+00  0.00000000E+00
  0.00000000E+00  0.00000000E+00  0.00000000E+00  0.00000000E+00  0.00000000E+00
  0.00000000E+00  0.00000000E+00  0.00000000E+00  0.00000000E+00  0.00000000E+00
  0.00000000E+00  0.00000000E+00  0.00000000E+00  0.00000000E+00  0.00000000E+00
  0.00000000E+00  0.00000000E+00  0.00000000E+00  0.00000000E+00  0.00000000E+00
  0.00000000E+00  0.00000000E+00  0.00000000E+00  0.00000000E+00  0.00000000E+00
  0.00000000E+00  0.00000000E+00  0.00000000E+00  0.00000000E+00  0.00000000E+00
  0.00000000E+00  0.00000000E+00  0.00000000E+00  0.00000000E+00  0.00000000E+00
  0.88855366E+20  0.76235549E+21  0.31025323E+22  0.18050363E+22  0.36055066E+21
  0.82100639E+20  0.28792568E+20  0.14225356E+20  0.89194642E+19  0.66591081E+19
  0.53414694E+19  0.43144227E+19  0.36389636E+19  0.31360519E+19  0.28035802E+19
  0.24302117E+19  0.21307992E+19  0.18862604E+19  0.16979253E+19  0.14400220E+19
  0.13160954E+19  0.10667776E+19  0.78561709E+18  0.29214255E+18
  0.00000000E+00  0.00000000E+00  0.00000000E+00  0.00000000E+00  0.00000000E+00
  0.00000000E+00  0.00000000E+00  0.00000000E+00  0.00000000E+00  0.00000000E+00
  0.00000000E+00  0.00000000E+00  0.00000000E+00  0.00000000E+00  0.00000000E+00
  0.00000000E+00  0.00000000E+00  0.00000000E+00  0.00000000E+00  0.00000000E+00
  0.00000000E+00  0.00000000E+00  0.00000000E+00  0.00000000E+00  0.00000000E+00
  0.00000000E+00  0.00000000E+00  0.00000000E+00  0.00000000E+00  0.00000000E+00
  0.00000000E+00  0.00000000E+00  0.00000000E+00  0.00000000E+00  0.00000000E+00
  0.00000000E+00  0.00000000E+00  0.00000000E+00  0.00000000E+00  0.00000000E+00
  0.43597153E+20  0.57005784E+21  0.28211187E+22  0.20286741E+22  0.42534932E+21
  0.95938824E+20  0.31487856E+20  0.14756379E+20  0.91228190E+19  0.67890566E+19
  0.52926551E+19  0.44310783E+19  0.36799332E+19  0.32124089E+19  0.28230505E+19
  0.24706174E+19  0.21410807E+19  0.18634588E+19  0.17310817E+19  0.14743892E+19
  0.13076394E+19  0.10773944E+19  0.79322341E+18  0.29445901E+18
  0.00000000E+00  0.00000000E+00  0.00000000E+00  0.00000000E+00  0.00000000E+00
  0.00000000E+00  0.00000000E+00  0.00000000E+00  0.00000000E+00  0.00000000E+00
  0.00000000E+00  0.00000000E+00  0.00000000E+00  0.00000000E+00  0.00000000E+00
  0.00000000E+00  0.00000000E+00  0.00000000E+00  0.00000000E+00  0.00000000E+00
  0.00000000E+00  0.00000000E+00  0.00000000E+00  0.00000000E+00  0.00000000E+00
  0.00000000E+00  0.00000000E+00  0.00000000E+00  0.00000000E+00  0.00000000E+00
  0.00000000E+00  0.00000000E+00  0.00000000E+00  0.00000000E+00  0.00000000E+00
  0.00000000E+00  0.00000000E+00  0.00000000E+00  0.00000000E+00  0.38218991E+19
  0.19781157E+20  0.45843574E+21  0.26429465E+22  0.21838169E+22  0.51424110E+21
  0.10994328E+21  0.34077137E+20  0.15322724E+20  0.95993547E+19  0.67654313E+19
  0.52430206E+19  0.43795773E+19  0.37397152E+19  0.33057743E+19  0.27824116E+19
  0.25183573E+19  0.21570131E+19  0.19289719E+19  0.17215401E+19  0.14782184E+19
  0.13652790E+19  0.11002347E+19  0.80201568E+18  0.29262187E+18
  0.00000000E+00  0.00000000E+00  0.00000000E+00  0.00000000E+00  0.00000000E+00
  0.00000000E+00  0.00000000E+00  0.00000000E+00  0.00000000E+00  0.00000000E+00
  0.00000000E+00  0.00000000E+00  0.00000000E+00  0.00000000E+00  0.00000000E+00
  0.00000000E+00  0.00000000E+00  0.00000000E+00  0.00000000E+00  0.00000000E+00
  0.00000000E+00  0.00000000E+00  0.00000000E+00  0.00000000E+00  0.00000000E+00
  0.00000000E+00  0.00000000E+00  0.00000000E+00  0.00000000E+00  0.00000000E+00
  0.00000000E+00  0.00000000E+00  0.00000000E+00  0.00000000E+00  0.00000000E+00
  0.00000000E+00  0.00000000E+00  0.00000000E+00  0.00000000E+00  0.26792067E+18
  0.16359641E+20  0.33530309E+21  0.25109379E+22  0.24507502E+22  0.60291203E+21
  0.12274971E+21  0.36808965E+20  0.16329865E+20  0.97973067E+19  0.68211444E+19
  0.53569274E+19  0.43941106E+19  0.37367770E+19  0.32631685E+19  0.28478292E+19
  0.24535230E+19  0.22043309E+19  0.19237207E+19  0.17337895E+19  0.14791095E+19
  0.13000746E+19  0.11088261E+19  0.82577357E+18  0.30544422E+18
  0.00000000E+00  0.00000000E+00  0.00000000E+00  0.00000000E+00  0.00000000E+00
  0.00000000E+00  0.00000000E+00  0.00000000E+00  0.00000000E+00  0.00000000E+00
  0.00000000E+00  0.00000000E+00  0.00000000E+00  0.00000000E+00  0.00000000E+00
  0.00000000E+00  0.00000000E+00  0.00000000E+00  0.00000000E+00  0.00000000E+00
  0.00000000E+00  0.00000000E+00  0.00000000E+00  0.00000000E+00  0.00000000E+00
  0.00000000E+00  0.00000000E+00  0.00000000E+00  0.00000000E+00  0.00000000E+00
  0.00000000E+00  0.00000000E+00  0.00000000E+00  0.00000000E+00  0.00000000E+00
  0.00000000E+00  0.00000000E+00  0.00000000E+00  0.00000000E+00  0.00000000E+00
  0.60265434E+19  0.34076964E+21  0.25461259E+22  0.26628868E+22  0.68709584E+21
  0.13344511E+21  0.39481497E+20  0.17081692E+20  0.98851001E+19  0.68188458E+19
  0.54072620E+19  0.44020939E+19  0.36828237E+19  0.32626903E+19  0.28699916E+19
  0.24598570E+19  0.21952754E+19  0.19782724E+19  0.16851689E+19  0.15159841E+19
  0.12843210E+19  0.11094726E+19  0.81551835E+18  0.31155934E+18
  0.00000000E+00  0.00000000E+00  0.00000000E+00  0.00000000E+00  0.00000000E+00
  0.00000000E+00  0.00000000E+00  0.00000000E+00  0.00000000E+00  0.00000000E+00
  0.00000000E+00  0.00000000E+00  0.00000000E+00  0.00000000E+00  0.00000000E+00
  0.00000000E+00  0.00000000E+00  0.00000000E+00  0.00000000E+00  0.00000000E+00
  0.00000000E+00  0.00000000E+00  0.00000000E+00  0.00000000E+00  0.00000000E+00
  0.00000000E+00  0.00000000E+00  0.00000000E+00  0.00000000E+00  0.00000000E+00
  0.00000000E+00  0.00000000E+00  0.00000000E+00  0.00000000E+00  0.00000000E+00
  0.00000000E+00  0.00000000E+00  0.00000000E+00  0.00000000E+00  0.00000000E+00
  0.75079989E+19  0.20310141E+21  0.24646742E+22  0.28656900E+22  0.73951602E+21
  0.14214627E+21  0.41956991E+20  0.17284808E+20  0.99788992E+19  0.70301770E+19
  0.53334096E+19  0.44090006E+19  0.36964835E+19  0.32795047E+19  0.28687137E+19
  0.24686080E+19  0.22183967E+19  0.19852331E+19  0.17586684E+19  0.15588802E+19
  0.12788338E+19  0.10703524E+19  0.85072423E+18  0.30782270E+18
  0.00000000E+00  0.00000000E+00  0.00000000E+00  0.00000000E+00  0.00000000E+00
  0.00000000E+00  0.00000000E+00  0.00000000E+00  0.00000000E+00  0.00000000E+00
  0.00000000E+00  0.00000000E+00  0.00000000E+00  0.00000000E+00  0.00000000E+00
  0.00000000E+00  0.00000000E+00  0.00000000E+00  0.00000000E+00  0.00000000E+00
  0.00000000E+00  0.00000000E+00  0.00000000E+00  0.00000000E+00  0.00000000E+00
  0.00000000E+00  0.00000000E+00  0.00000000E+00  0.00000000E+00  0.00000000E+00
  0.00000000E+00  0.00000000E+00  0.00000000E+00  0.00000000E+00  0.00000000E+00
  0.00000000E+00  0.00000000E+00  0.00000000E+00  0.00000000E+00  0.00000000E+00
  0.83399791E+19  0.20239158E+21  0.22068528E+22  0.28284756E+22  0.77700499E+21
  0.15249827E+21  0.43553355E+20  0.17412338E+20  0.10025116E+20  0.70786540E+19
  0.53657414E+19  0.44189940E+19  0.36858728E+19  0.32710386E+19  0.28421637E+19
  0.25171186E+19  0.22160355E+19  0.19950921E+19  0.17619444E+19  0.15507601E+19
  0.13219414E+19  0.10645595E+19  0.81816075E+18  0.31936851E+18
  0.00000000E+00  0.00000000E+00  0.00000000E+00  0.00000000E+00  0.00000000E+00
  0.00000000E+00  0.00000000E+00  0.00000000E+00  0.00000000E+00  0.00000000E+00
  0.00000000E+00  0.00000000E+00  0.00000000E+00  0.00000000E+00  0.00000000E+00
  0.00000000E+00  0.00000000E+00  0.00000000E+00  0.00000000E+00  0.00000000E+00
  0.00000000E+00  0.00000000E+00  0.00000000E+00  0.00000000E+00  0.00000000E+00
  0.00000000E+00  0.00000000E+00  0.00000000E+00  0.00000000E+00  0.00000000E+00
  0.00000000E+00  0.00000000E+00  0.00000000E+00  0.00000000E+00  0.00000000E+00
  0.00000000E+00  0.00000000E+00  0.00000000E+00  0.00000000E+00  0.00000000E+00
  0.35228955E+20  0.28848784E+21  0.21112590E+22  0.28466969E+22  0.80532401E+21
  0.15890252E+21  0.44542549E+20  0.17852740E+20  0.10113276E+20  0.70546992E+19
  0.54301124E+19  0.44407680E+19  0.37570908E+19  0.32457888E+19  0.28405630E+19
  0.25508612E+19  0.22957948E+19  0.19860453E+19  0.18045013E+19  0.15431105E+19
  0.13376818E+19  0.10841211E+19  0.79030375E+18  0.30909858E+18
  0.00000000E+00  0.00000000E+00  0.00000000E+00  0.00000000E+00  0.00000000E+00
  0.00000000E+00  0.00000000E+00  0.00000000E+00  0.00000000E+00  0.00000000E+00
  0.00000000E+00  0.00000000E+00  0.00000000E+00  0.00000000E+00  0.00000000E+00
  0.00000000E+00  0.00000000E+00  0.00000000E+00  0.00000000E+00  0.00000000E+00
  0.00000000E+00  0.00000000E+00  0.00000000E+00  0.00000000E+00  0.00000000E+00
  0.00000000E+00  0.00000000E+00  0.00000000E+00  0.00000000E+00  0.00000000E+00
  0.00000000E+00  0.00000000E+00  0.00000000E+00  0.00000000E+00  0.00000000E+00
  0.00000000E+00  0.00000000E+00  0.00000000E+00  0.00000000E+00  0.55428324E+19
  0.10615535E+20  0.20948413E+21  0.20506346E+22  0.27822359E+22  0.80483752E+21
  0.15938916E+21  0.44514544E+20  0.17488658E+20  0.10117807E+20  0.70658303E+19
  0.53904921E+19  0.43901000E+19  0.37722721E+19  0.32704140E+19  0.27693858E+19
  0.24666275E+19  0.22383025E+19  0.19470357E+19  0.18007714E+19  0.15428184E+19
  0.13399219E+19  0.10874131E+19  0.80506433E+18  0.30674662E+18
  0.00000000E+00  0.00000000E+00  0.00000000E+00  0.00000000E+00  0.00000000E+00
  0.00000000E+00  0.00000000E+00  0.00000000E+00  0.00000000E+00  0.00000000E+00
  0.00000000E+00  0.00000000E+00  0.00000000E+00  0.00000000E+00  0.00000000E+00
  0.00000000E+00  0.00000000E+00  0.00000000E+00  0.00000000E+00  0.00000000E+00
  0.00000000E+00  0.00000000E+00  0.00000000E+00  0.00000000E+00  0.00000000E+00
  0.00000000E+00  0.00000000E+00  0.00000000E+00  0.00000000E+00  0.00000000E+00
  0.00000000E+00  0.00000000E+00  0.00000000E+00  0.00000000E+00  0.00000000E+00
  0.00000000E+00  0.00000000E+00  0.00000000E+00  0.00000000E+00  0.38591104E+19
  0.00000000E+00  0.25053023E+21  0.21063418E+22  0.27827594E+22  0.76458086E+21
  0.15402803E+21  0.43195125E+20  0.17683648E+20  0.10097347E+20  0.70150782E+19
  0.52477750E+19  0.43113417E+19  0.37835881E+19  0.32933116E+19  0.27690289E+19
  0.24600659E+19  0.22048038E+19  0.19599027E+19  0.17453243E+19  0.15537030E+19
  0.13369720E+19  0.10794172E+19  0.81479740E+18  0.31569903E+18
  0.00000000E+00  0.00000000E+00  0.00000000E+00  0.00000000E+00  0.00000000E+00
  0.00000000E+00  0.00000000E+00  0.00000000E+00  0.00000000E+00  0.00000000E+00
  0.00000000E+00  0.00000000E+00  0.00000000E+00  0.00000000E+00  0.00000000E+00
  0.00000000E+00  0.00000000E+00  0.00000000E+00  0.00000000E+00  0.00000000E+00
  0.00000000E+00  0.00000000E+00  0.00000000E+00  0.00000000E+00  0.00000000E+00
  0.00000000E+00  0.00000000E+00  0.00000000E+00  0.00000000E+00  0.00000000E+00
  0.00000000E+00  0.00000000E+00  0.00000000E+00  0.00000000E+00  0.00000000E+00
  0.00000000E+00  0.00000000E+00  0.00000000E+00  0.00000000E+00  0.58872572E+18
  0.27389014E+20  0.34950980E+21  0.25180762E+22  0.25374340E+22  0.69732825E+21
  0.14310042E+21  0.41731729E+20  0.17351241E+20  0.99024428E+19  0.68553108E+19
  0.51758367E+19  0.42246031E+19  0.36918362E+19  0.31912519E+19  0.27900811E+19
  0.24351142E+19  0.21820548E+19  0.19644075E+19  0.17539312E+19  0.15082452E+19
  0.13424262E+19  0.10742191E+19  0.82575578E+18  0.32651997E+18
  0.00000000E+00  0.00000000E+00  0.00000000E+00  0.00000000E+00  0.00000000E+00
  0.00000000E+00  0.00000000E+00  0.00000000E+00  0.00000000E+00  0.00000000E+00
  0.00000000E+00  0.00000000E+00  0.00000000E+00  0.00000000E+00  0.00000000E+00
  0.00000000E+00  0.00000000E+00  0.00000000E+00  0.00000000E+00  0.00000000E+00
  0.00000000E+00  0.00000000E+00  0.00000000E+00  0.00000000E+00  0.00000000E+00
  0.00000000E+00  0.00000000E+00  0.00000000E+00  0.00000000E+00  0.00000000E+00
  0.00000000E+00  0.00000000E+00  0.00000000E+00  0.00000000E+00  0.00000000E+00
  0.00000000E+00  0.00000000E+00  0.00000000E+00  0.00000000E+00  0.23243994E+19
  0.43621010E+20  0.45888934E+21  0.27103102E+22  0.23410127E+22  0.60166644E+21
  0.12380236E+21  0.37435233E+20  0.16423313E+20  0.94996606E+19  0.66104521E+19
  0.50697943E+19  0.41316143E+19  0.35492405E+19  0.30922528E+19  0.27507787E+19
  0.23246233E+19  0.21558298E+19  0.19355856E+19  0.16770917E+19  0.14772327E+19
  0.13200441E+19  0.10672619E+19  0.82010267E+18  0.31220970E+18
  0.00000000E+00  0.00000000E+00  0.00000000E+00  0.00000000E+00  0.00000000E+00
  0.00000000E+00  0.00000000E+00  0.00000000E+00  0.00000000E+00  0.00000000E+00
  0.00000000E+00  0.00000000E+00  0.00000000E+00  0.00000000E+00  0.00000000E+00
  0.00000000E+00  0.00000000E+00  0.00000000E+00  0.00000000E+00  0.00000000E+00
  0.00000000E+00  0.00000000E+00  0.00000000E+00  0.00000000E+00  0.00000000E+00
  0.00000000E+00  0.00000000E+00  0.00000000E+00  0.00000000E+00  0.00000000E+00
  0.00000000E+00  0.00000000E+00  0.00000000E+00  0.00000000E+00  0.00000000E+00
  0.00000000E+00  0.00000000E+00  0.00000000E+00  0.00000000E+00  0.19932638E+19
  0.57619029E+20  0.73776123E+21  0.29128528E+22  0.19151413E+22  0.47642550E+21
  0.10429838E+21  0.33172142E+20  0.15309573E+20  0.89815779E+19  0.63225264E+19
  0.48357563E+19  0.39679371E+19  0.34226251E+19  0.30058755E+19  0.26202658E+19
  0.23506546E+19  0.20947105E+19  0.18510487E+19  0.16213988E+19  0.14491185E+19
  0.12245102E+19  0.10478748E+19  0.79125827E+18  0.31177998E+18
  0.00000000E+00  0.00000000E+00  0.00000000E+00  0.00000000E+00  0.00000000E+00
  0.00000000E+00  0.00000000E+00  0.00000000E+00  0.00000000E+00  0.00000000E+00
  0.00000000E+00  0.00000000E+00  0.00000000E+00  0.00000000E+00  0.00000000E+00
  0.00000000E+00  0.00000000E+00  0.00000000E+00  0.00000000E+00  0.00000000E+00
  0.00000000E+00  0.00000000E+00  0.00000000E+00  0.00000000E+00  0.00000000E+00
  0.00000000E+00  0.00000000E+00  0.00000000E+00  0.00000000E+00  0.00000000E+00
  0.00000000E+00  0.00000000E+00  0.00000000E+00  0.00000000E+00  0.00000000E+00
  0.00000000E+00  0.00000000E+00  0.00000000E+00  0.00000000E+00  0.21188112E+18
  0.11386346E+21  0.10629843E+22  0.30452599E+22  0.15053553E+22  0.35052942E+21
  0.81465971E+20  0.28312112E+20  0.13258266E+20  0.83355251E+19  0.59707452E+19
  0.46230789E+19  0.37828088E+19  0.32532457E+19  0.28690857E+19  0.25563441E+19
  0.23017287E+19  0.20216949E+19  0.17300357E+19  0.15548519E+19  0.13964608E+19
  0.12099692E+19  0.10167938E+19  0.78702648E+18  0.29006645E+18
  0.00000000E+00  0.00000000E+00  0.00000000E+00  0.00000000E+00  0.00000000E+00
  0.00000000E+00  0.00000000E+00  0.00000000E+00  0.00000000E+00  0.00000000E+00
  0.00000000E+00  0.00000000E+00  0.00000000E+00  0.00000000E+00  0.00000000E+00
  0.00000000E+00  0.00000000E+00  0.00000000E+00  0.00000000E+00  0.00000000E+00
  0.00000000E+00  0.00000000E+00  0.00000000E+00  0.00000000E+00  0.00000000E+00
  0.00000000E+00  0.00000000E+00  0.00000000E+00  0.00000000E+00  0.00000000E+00
  0.00000000E+00  0.00000000E+00  0.00000000E+00  0.00000000E+00  0.00000000E+00
  0.00000000E+00  0.00000000E+00  0.00000000E+00  0.00000000E+00  0.19667853E+20
  0.15297516E+21  0.17844507E+22  0.27880049E+22  0.10550268E+22  0.22899563E+21
  0.60872269E+20  0.23075235E+20  0.11484426E+20  0.75425644E+19  0.54127351E+19
  0.42649034E+19  0.35677743E+19  0.31151723E+19  0.26679623E+19  0.24186950E+19
  0.21211768E+19  0.19178799E+19  0.16585672E+19  0.14803336E+19  0.12774064E+19
  0.11421821E+19  0.98486596E+18  0.72960125E+18  0.27052825E+18
  0.00000000E+00  0.00000000E+00  0.00000000E+00  0.00000000E+00  0.00000000E+00
  0.00000000E+00  0.00000000E+00  0.00000000E+00  0.00000000E+00  0.00000000E+00
  0.00000000E+00  0.00000000E+00  0.00000000E+00  0.00000000E+00  0.00000000E+00
  0.00000000E+00  0.00000000E+00  0.00000000E+00  0.00000000E+00  0.00000000E+00
  0.00000000E+00  0.00000000E+00  0.00000000E+00  0.00000000E+00  0.00000000E+00
  0.00000000E+00  0.00000000E+00  0.00000000E+00  0.00000000E+00  0.00000000E+00
  0.00000000E+00  0.00000000E+00  0.00000000E+00  0.00000000E+00  0.00000000E+00
  0.00000000E+00  0.00000000E+00  0.00000000E+00  0.29440532E+19  0.27471430E+20
  0.51408142E+21  0.22948947E+22  0.22189142E+22  0.65688944E+21  0.14635553E+21
  0.42729905E+20  0.17901762E+20  0.96550744E+19  0.66203480E+19  0.49102357E+19
  0.38951513E+19  0.32588264E+19  0.28589163E+19  0.25475515E+19  0.22195958E+19
  0.19984460E+19  0.17574880E+19  0.16038119E+19  0.13966117E+19  0.12094290E+19
  0.10701095E+19  0.90963053E+18  0.66204305E+18  0.24558314E+18
  0.00000000E+00  0.00000000E+00  0.00000000E+00  0.00000000E+00  0.00000000E+00
  0.00000000E+00  0.00000000E+00  0.00000000E+00  0.00000000E+00  0.00000000E+00
  0.00000000E+00  0.00000000E+00  0.00000000E+00  0.00000000E+00  0.00000000E+00
  0.00000000E+00  0.00000000E+00  0.00000000E+00  0.00000000E+00  0.00000000E+00
  0.00000000E+00  0.00000000E+00  0.00000000E+00  0.00000000E+00  0.00000000E+00
  0.00000000E+00  0.00000000E+00  0.00000000E+00  0.00000000E+00  0.00000000E+00
  0.00000000E+00  0.00000000E+00  0.00000000E+00  0.00000000E+00  0.00000000E+00
  0.00000000E+00  0.00000000E+00  0.00000000E+00  0.55915741E+19  0.13152322E+21
  0.99696530E+21  0.25816335E+22  0.14836660E+22  0.36282842E+21  0.88931367E+20
  0.29567301E+20  0.13642591E+20  0.80745583E+19  0.55806486E+19  0.42552875E+19
  0.35228190E+19  0.30219959E+19  0.25632354E+19  0.23020966E+19  0.20731305E+19
  0.18246816E+19  0.15972496E+19  0.14479147E+19  0.12923966E+19  0.11766651E+19
  0.99224162E+18  0.81179599E+18  0.60999744E+18  0.23108333E+18
  0.00000000E+00  0.00000000E+00  0.00000000E+00  0.00000000E+00  0.00000000E+00
  0.00000000E+00  0.00000000E+00  0.00000000E+00  0.00000000E+00  0.00000000E+00
  0.00000000E+00  0.00000000E+00  0.00000000E+00  0.00000000E+00  0.00000000E+00
  0.00000000E+00  0.00000000E+00  0.00000000E+00  0.00000000E+00  0.00000000E+00
  0.00000000E+00  0.00000000E+00  0.00000000E+00  0.00000000E+00  0.00000000E+00
  0.00000000E+00  0.00000000E+00  0.00000000E+00  0.00000000E+00  0.00000000E+00
  0.00000000E+00  0.00000000E+00  0.00000000E+00  0.00000000E+00  0.00000000E+00
  0.00000000E+00  0.00000000E+00  0.00000000E+00  0.47199705E+20  0.28969347E+21
  0.14756492E+22  0.23035420E+22  0.87859973E+21  0.19758636E+21  0.53358164E+20
  0.20216743E+20  0.10137744E+20  0.66142506E+19  0.47141077E+19  0.37124880E+19
  0.31102833E+19  0.26709207E+19  0.23053214E+19  0.20479391E+19  0.18418175E+19
  0.16488801E+19  0.14385250E+19  0.13273977E+19  0.11779921E+19  0.10451804E+19
  0.89590788E+18  0.73188362E+18  0.56304260E+18  0.19953975E+18
  0.00000000E+00  0.00000000E+00  0.00000000E+00  0.00000000E+00  0.00000000E+00
  0.00000000E+00  0.00000000E+00  0.00000000E+00  0.00000000E+00  0.00000000E+00
  0.00000000E+00  0.00000000E+00  0.00000000E+00  0.00000000E+00  0.00000000E+00
  0.00000000E+00  0.00000000E+00  0.00000000E+00  0.00000000E+00  0.00000000E+00
  0.00000000E+00  0.00000000E+00  0.00000000E+00  0.00000000E+00  0.00000000E+00
  0.00000000E+00  0.00000000E+00  0.00000000E+00  0.00000000E+00  0.00000000E+00
  0.00000000E+00  0.00000000E+00  0.00000000E+00  0.00000000E+00  0.00000000E+00
  0.00000000E+00  0.00000000E+00  0.18521820E+19  0.60595382E+20  0.71497887E+21
  0.21986173E+22  0.17189137E+22  0.45314444E+21  0.10096927E+21  0.32099030E+20
  0.13738499E+20  0.76514985E+19  0.51976370E+19  0.39540932E+19  0.31462069E+19
  0.26838445E+19  0.22948794E+19  0.20159545E+19  0.18011731E+19  0.16281727E+19
  0.14249315E+19  0.12947262E+19  0.11578431E+19  0.10469369E+19  0.92340894E+18
  0.81329882E+18  0.65310243E+18  0.48618775E+18  0.17160618E+18
  0.00000000E+00  0.00000000E+00  0.00000000E+00  0.00000000E+00  0.00000000E+00
  0.00000000E+00  0.00000000E+00  0.00000000E+00  0.00000000E+00  0.00000000E+00
  0.00000000E+00  0.00000000E+00  0.00000000E+00  0.00000000E+00  0.00000000E+00
  0.00000000E+00  0.00000000E+00  0.00000000E+00  0.00000000E+00  0.00000000E+00
  0.00000000E+00  0.00000000E+00  0.00000000E+00  0.00000000E+00  0.00000000E+00
  0.00000000E+00  0.00000000E+00  0.00000000E+00  0.00000000E+00  0.00000000E+00
  0.00000000E+00  0.00000000E+00  0.00000000E+00  0.00000000E+00  0.00000000E+00
  0.00000000E+00  0.00000000E+00  0.37713760E+19  0.15135436E+21  0.11334937E+22
  0.23351636E+22  0.10137597E+22  0.22300688E+21  0.54520402E+20  0.19342331E+20
  0.95232851E+19  0.57789944E+19  0.41384493E+19  0.32529410E+19  0.26855164E+19
  0.22772971E+19  0.19914474E+19  0.17718727E+19  0.15544501E+19  0.13797122E+19
  0.12457660E+19  0.11186511E+19  0.99703254E+18  0.91061600E+18  0.79422894E+18
  0.69293257E+18  0.56875892E+18  0.42145608E+18  0.14147002E+18
  0.00000000E+00  0.00000000E+00  0.00000000E+00  0.00000000E+00  0.00000000E+00
  0.00000000E+00  0.00000000E+00  0.00000000E+00  0.00000000E+00  0.00000000E+00
  0.00000000E+00  0.00000000E+00  0.00000000E+00  0.00000000E+00  0.00000000E+00
  0.00000000E+00  0.00000000E+00  0.00000000E+00  0.00000000E+00  0.00000000E+00
  0.00000000E+00  0.00000000E+00  0.00000000E+00  0.00000000E+00  0.00000000E+00
  0.00000000E+00  0.00000000E+00  0.00000000E+00  0.00000000E+00  0.00000000E+00
  0.00000000E+00  0.00000000E+00  0.00000000E+00  0.00000000E+00  0.00000000E+00
  0.00000000E+00  0.30145244E+19  0.22940191E+20  0.31964921E+21  0.18010094E+22
  0.18020382E+22  0.52163944E+21  0.10814925E+21  0.30459362E+20  0.12380438E+20
  0.68598527E+19  0.45666064E+19  0.33617641E+19  0.27299159E+19  0.22472622E+19
  0.19439374E+19  0.16953484E+19  0.15026664E+19  0.13417810E+19  0.11996645E+19
  0.10965527E+19  0.95272914E+18  0.85438281E+18  0.77837221E+18  0.68482880E+18
  0.60638653E+18  0.48203248E+18  0.35796141E+18  0.12178790E+18
  0.00000000E+00  0.00000000E+00  0.00000000E+00  0.00000000E+00  0.00000000E+00
  0.00000000E+00  0.00000000E+00  0.00000000E+00  0.00000000E+00  0.00000000E+00
  0.00000000E+00  0.00000000E+00  0.00000000E+00  0.00000000E+00  0.00000000E+00
  0.00000000E+00  0.00000000E+00  0.00000000E+00  0.00000000E+00  0.00000000E+00
  0.00000000E+00  0.00000000E+00  0.00000000E+00  0.00000000E+00  0.00000000E+00
  0.00000000E+00  0.00000000E+00  0.00000000E+00  0.00000000E+00  0.00000000E+00
  0.00000000E+00  0.00000000E+00  0.00000000E+00  0.00000000E+00  0.00000000E+00
  0.00000000E+00  0.15270382E+20  0.97587688E+20  0.71216869E+21  0.20471446E+22
  0.11806557E+22  0.26141415E+21  0.55370008E+20  0.18387149E+20  0.83577131E+19
  0.51234756E+19  0.36492025E+19  0.27425971E+19  0.22549925E+19  0.18963175E+19
  0.16468289E+19  0.14143828E+19  0.12570773E+19  0.11411888E+19  0.10162559E+19
  0.92950598E+18  0.82309885E+18  0.73858721E+18  0.65113192E+18  0.57637233E+18
  0.50656940E+18  0.43159463E+18  0.30752331E+18  0.97416207E+17
  0.00000000E+00  0.00000000E+00  0.00000000E+00  0.00000000E+00  0.00000000E+00
  0.00000000E+00  0.00000000E+00  0.00000000E+00  0.00000000E+00  0.00000000E+00
  0.00000000E+00  0.00000000E+00  0.00000000E+00  0.00000000E+00  0.00000000E+00
  0.00000000E+00  0.00000000E+00  0.00000000E+00  0.00000000E+00  0.00000000E+00
  0.00000000E+00  0.00000000E+00  0.00000000E+00  0.00000000E+00  0.00000000E+00
  0.00000000E+00  0.00000000E+00  0.00000000E+00  0.00000000E+00  0.00000000E+00
  0.00000000E+00  0.00000000E+00  0.00000000E+00  0.00000000E+00  0.00000000E+00
  0.45770023E+18  0.81778116E+19  0.13912414E+21  0.11198616E+22  0.19068720E+22
  0.66834828E+21  0.12950808E+21  0.32080902E+20  0.11707239E+20  0.61827490E+19
  0.39976552E+19  0.29580068E+19  0.23198384E+19  0.19143311E+19  0.16310035E+19
  0.14049875E+19  0.12145674E+19  0.10810800E+19  0.97149167E+18  0.86608519E+18
  0.78706107E+18  0.69498988E+18  0.63060310E+18  0.55415662E+18  0.49288825E+18
  0.43723953E+18  0.36806159E+18  0.26444788E+18  0.80448808E+17
  0.00000000E+00  0.00000000E+00  0.00000000E+00  0.00000000E+00  0.00000000E+00
  0.00000000E+00  0.00000000E+00  0.00000000E+00  0.00000000E+00  0.00000000E+00
  0.00000000E+00  0.00000000E+00  0.00000000E+00  0.00000000E+00  0.00000000E+00
  0.00000000E+00  0.00000000E+00  0.00000000E+00  0.00000000E+00  0.00000000E+00
  0.00000000E+00  0.00000000E+00  0.00000000E+00  0.00000000E+00  0.00000000E+00
  0.00000000E+00  0.00000000E+00  0.00000000E+00  0.00000000E+00  0.00000000E+00
  0.00000000E+00  0.00000000E+00  0.00000000E+00  0.00000000E+00  0.00000000E+00
  0.00000000E+00  0.36088568E+20  0.29248727E+21  0.15803461E+22  0.14951342E+22
  0.35431078E+21  0.70411281E+20  0.20705215E+20  0.82862225E+19  0.48290392E+19
  0.32912923E+19  0.24539263E+19  0.19972583E+19  0.16553250E+19  0.14027998E+19
  0.12309449E+19  0.10707082E+19  0.95445578E+18  0.86152862E+18  0.75561927E+18
  0.68338859E+18  0.61591467E+18  0.54949751E+18  0.49096190E+18  0.43092440E+18
  0.37768926E+18  0.30933556E+18  0.22645021E+18  0.66097993E+17
  0.00000000E+00  0.00000000E+00  0.00000000E+00  0.00000000E+00  0.00000000E+00
  0.00000000E+00  0.00000000E+00  0.00000000E+00  0.00000000E+00  0.00000000E+00
  0.00000000E+00  0.00000000E+00  0.00000000E+00  0.00000000E+00  0.00000000E+00
  0.00000000E+00  0.00000000E+00  0.00000000E+00  0.00000000E+00  0.00000000E+00
  0.00000000E+00  0.00000000E+00  0.00000000E+00  0.00000000E+00  0.00000000E+00
  0.00000000E+00  0.00000000E+00  0.00000000E+00  0.00000000E+00  0.00000000E+00
  0.00000000E+00  0.00000000E+00  0.00000000E+00  0.00000000E+00  0.00000000E+00
  0.75165523E+19  0.53805488E+20  0.47066641E+21  0.17653483E+22  0.10567854E+22
  0.22038200E+21  0.44679445E+20  0.14505689E+20  0.67220635E+19  0.40168455E+19
  0.28644593E+19  0.21629298E+19  0.17750069E+19  0.14890061E+19  0.12921753E+19
  0.11091691E+19  0.97661498E+18  0.87531458E+18  0.75106374E+18  0.68432893E+18
  0.61099526E+18  0.54284575E+18  0.49752717E+18  0.43591219E+18  0.39104613E+18
  0.33879588E+18  0.28392578E+18  0.20046299E+18  0.55020222E+17
  0.00000000E+00  0.00000000E+00  0.00000000E+00  0.00000000E+00  0.00000000E+00
  0.00000000E+00  0.00000000E+00  0.00000000E+00  0.00000000E+00  0.00000000E+00
  0.00000000E+00  0.00000000E+00  0.00000000E+00  0.00000000E+00  0.00000000E+00
  0.00000000E+00  0.00000000E+00  0.00000000E+00  0.00000000E+00  0.00000000E+00
  0.00000000E+00  0.00000000E+00  0.00000000E+00  0.00000000E+00  0.00000000E+00
  0.00000000E+00  0.00000000E+00  0.00000000E+00  0.00000000E+00  0.00000000E+00
  0.00000000E+00  0.00000000E+00  0.00000000E+00  0.00000000E+00  0.40759398E+18
  0.60312928E+19  0.98844143E+20  0.77839203E+21  0.19171916E+22  0.84094561E+21
  0.15702407E+21  0.34025186E+20  0.11537640E+20  0.58200234E+19  0.36945669E+19
  0.26613336E+19  0.20743431E+19  0.16808045E+19  0.14297215E+19  0.12305085E+19
  0.10690653E+19  0.92398811E+18  0.81566867E+18  0.71621342E+18  0.63842374E+18
  0.57915038E+18  0.51950422E+18  0.45999316E+18  0.40703822E+18  0.35973200E+18
  0.31210173E+18  0.25144172E+18  0.17765365E+18  0.47097023E+17
  0.00000000E+00  0.00000000E+00  0.17631521E+19  0.00000000E+00  0.00000000E+00
  0.00000000E+00  0.00000000E+00  0.00000000E+00  0.00000000E+00  0.00000000E+00
  0.00000000E+00  0.00000000E+00  0.00000000E+00  0.00000000E+00  0.00000000E+00
  0.00000000E+00  0.00000000E+00  0.00000000E+00  0.00000000E+00  0.00000000E+00
  0.00000000E+00  0.00000000E+00  0.00000000E+00  0.00000000E+00  0.00000000E+00
  0.00000000E+00  0.00000000E+00  0.00000000E+00  0.62306346E+18  0.20056237E+19
  0.14251675E+19  0.65893246E+19  0.13339954E+20  0.40436253E+20  0.87417161E+20
  0.27466856E+21  0.77373838E+21  0.24396006E+22  0.32945992E+22  0.95593469E+21
  0.14818639E+21  0.32375058E+20  0.11244344E+20  0.57073677E+19  0.36950588E+19
  0.26885656E+19  0.21209567E+19  0.17457141E+19  0.14755338E+19  0.12563809E+19
  0.10988786E+19  0.96594857E+18  0.83878005E+18  0.75786201E+18  0.65569356E+18
  0.57710398E+18  0.51796614E+18  0.45930712E+18  0.40498610E+18  0.34968122E+18
  0.29139532E+18  0.23707452E+18  0.15967634E+18  0.41447832E+17
  0.00000000E+00  0.00000000E+00  0.00000000E+00  0.00000000E+00  0.00000000E+00
  0.00000000E+00  0.00000000E+00  0.00000000E+00  0.00000000E+00  0.00000000E+00
  0.00000000E+00  0.00000000E+00  0.00000000E+00  0.00000000E+00  0.00000000E+00
  0.00000000E+00  0.00000000E+00  0.00000000E+00  0.00000000E+00  0.00000000E+00
  0.00000000E+00  0.00000000E+00  0.00000000E+00  0.00000000E+00  0.00000000E+00
  0.00000000E+00  0.00000000E+00 -0.13292108E-01 -0.46946328E-03  0.00000000E+00
  0.00000000E+00  0.00000000E+00 -0.17212431E-02 -0.54776746E-03 -0.90638007E-02
 -0.12132058E-01 -0.54263090E-01 -0.10215934E+00 -0.37209043E+00 -0.64036367E+00
 -0.24401801E+01 -0.81645569E+01 -0.18636084E+02 -0.11228792E+02 -0.40644966E+01
 -0.17470666E+01 -0.96780986E+00 -0.62680260E+00 -0.46315742E+00 -0.36320256E+00
 -0.29297550E+00 -0.24441311E+00 -0.20383489E+00 -0.16973922E+00 -0.14205519E+00
 -0.11595676E+00 -0.96936910E-01 -0.81469651E-01 -0.66864787E-01 -0.54428731E-01
 -0.42354703E-01 -0.30467899E-01 -0.18197594E-01 -0.52923033E-02
  0.00000000E+00  0.00000000E+00  0.00000000E+00  0.00000000E+00  0.00000000E+00
  0.00000000E+00  0.00000000E+00  0.00000000E+00  0.00000000E+00  0.00000000E+00
  0.00000000E+00  0.00000000E+00  0.00000000E+00  0.00000000E+00  0.00000000E+00
  0.00000000E+00  0.00000000E+00  0.00000000E+00  0.00000000E+00  0.00000000E+00
  0.00000000E+00  0.00000000E+00  0.00000000E+00  0.00000000E+00  0.00000000E+00
  0.00000000E+00  0.00000000E+00 -0.74974873E-03  0.00000000E+00  0.00000000E+00
  0.00000000E+00  0.00000000E+00  0.00000000E+00  0.00000000E+00  0.00000000E+00
  0.00000000E+00  0.00000000E+00 -0.11146098E-01 -0.50125369E-02 -0.24189922E-01
 -0.26600040E+00 -0.24710227E+01 -0.92974731E+01 -0.81265065E+01 -0.34360800E+01
 -0.15721064E+01 -0.87059247E+00 -0.57971125E+00 -0.42536944E+00 -0.33577570E+00
 -0.26495166E+00 -0.22148910E+00 -0.18411732E+00 -0.15344022E+00 -0.12919261E+00
 -0.10542882E+00 -0.85999396E-01 -0.70953164E-01 -0.59050586E-01 -0.49080478E-01
 -0.39639903E-01 -0.28980385E-01 -0.17598365E-01 -0.53491977E-02
  0.00000000E+00  0.00000000E+00  0.00000000E+00  0.00000000E+00  0.00000000E+00
  0.00000000E+00  0.00000000E+00  0.00000000E+00  0.00000000E+00  0.00000000E+00
  0.00000000E+00  0.00000000E+00  0.00000000E+00  0.00000000E+00  0.00000000E+00
  0.00000000E+00  0.00000000E+00  0.00000000E+00  0.00000000E+00  0.00000000E+00
  0.00000000E+00  0.00000000E+00  0.00000000E+00  0.00000000E+00  0.00000000E+00
  0.00000000E+00  0.00000000E+00  0.00000000E+00  0.00000000E+00  0.00000000E+00
  0.00000000E+00  0.00000000E+00  0.00000000E+00  0.00000000E+00  0.00000000E+00
  0.00000000E+00  0.00000000E+00  0.00000000E+00  0.00000000E+00 -0.15604057E-02
 -0.12222230E+00 -0.15575790E+01 -0.73238392E+01 -0.72727029E+01 -0.31756192E+01
 -0.14828771E+01 -0.83414372E+00 -0.53801380E+00 -0.39856423E+00 -0.31184934E+00
 -0.25085924E+00 -0.20288693E+00 -0.17005241E+00 -0.14352412E+00 -0.11835661E+00
 -0.97035706E-01 -0.79864468E-01 -0.67078323E-01 -0.55008920E-01 -0.46119897E-01
 -0.36367829E-01 -0.27198998E-01 -0.17060223E-01 -0.53607664E-02
  0.00000000E+00  0.00000000E+00  0.00000000E+00  0.00000000E+00  0.00000000E+00
  0.00000000E+00  0.00000000E+00  0.00000000E+00  0.00000000E+00  0.00000000E+00
  0.00000000E+00  0.00000000E+00  0.00000000E+00  0.00000000E+00  0.00000000E+00
  0.00000000E+00  0.00000000E+00  0.00000000E+00  0.00000000E+00  0.00000000E+00
  0.00000000E+00  0.00000000E+00  0.00000000E+00  0.00000000E+00  0.00000000E+00
  0.00000000E+00  0.00000000E+00  0.00000000E+00  0.00000000E+00  0.00000000E+00
  0.00000000E+00  0.00000000E+00  0.00000000E+00  0.00000000E+00  0.00000000E+00
  0.00000000E+00  0.00000000E+00  0.00000000E+00  0.00000000E+00  0.00000000E+00
 -0.67764802E-01 -0.12221366E+01 -0.63441091E+01 -0.69738423E+01 -0.32262283E+01
 -0.14550697E+01 -0.79718767E+00 -0.51445178E+00 -0.39186136E+00 -0.29568470E+00
 -0.23261045E+00 -0.18618421E+00 -0.15803987E+00 -0.13040267E+00 -0.10875412E+00
 -0.92542012E-01 -0.75676795E-01 -0.61531015E-01 -0.51937111E-01 -0.43520289E-01
 -0.35305787E-01 -0.26599683E-01 -0.16958551E-01 -0.54540363E-02
  0.00000000E+00  0.00000000E+00  0.00000000E+00  0.00000000E+00  0.00000000E+00
  0.00000000E+00  0.00000000E+00  0.00000000E+00  0.00000000E+00  0.00000000E+00
  0.00000000E+00  0.00000000E+00  0.00000000E+00  0.00000000E+00  0.00000000E+00
  0.00000000E+00  0.00000000E+00  0.00000000E+00  0.00000000E+00  0.00000000E+00
  0.00000000E+00  0.00000000E+00  0.00000000E+00  0.00000000E+00  0.00000000E+00
  0.00000000E+00  0.00000000E+00  0.00000000E+00  0.00000000E+00  0.00000000E+00
  0.00000000E+00  0.00000000E+00  0.00000000E+00  0.00000000E+00  0.00000000E+00
  0.00000000E+00  0.00000000E+00  0.00000000E+00  0.00000000E+00 -0.71577107E-02
 -0.99415383E-01 -0.91745331E+00 -0.53679204E+01 -0.67799059E+01 -0.32826741E+01
 -0.14431945E+01 -0.78932541E+00 -0.51340294E+00 -0.36876851E+00 -0.27812584E+00
 -0.22087924E+00 -0.17817544E+00 -0.14743523E+00 -0.12263430E+00 -0.10225140E+00
 -0.85455198E-01 -0.71345025E-01 -0.60931713E-01 -0.50465760E-01 -0.41239807E-01
 -0.34391458E-01 -0.26051010E-01 -0.16587439E-01 -0.52680084E-02
  0.00000000E+00  0.00000000E+00  0.00000000E+00  0.00000000E+00  0.00000000E+00
  0.00000000E+00  0.00000000E+00  0.00000000E+00  0.00000000E+00  0.00000000E+00
  0.00000000E+00  0.00000000E+00  0.00000000E+00  0.00000000E+00  0.00000000E+00
  0.00000000E+00  0.00000000E+00  0.00000000E+00  0.00000000E+00  0.00000000E+00
  0.00000000E+00  0.00000000E+00  0.00000000E+00  0.00000000E+00  0.00000000E+00
  0.00000000E+00  0.00000000E+00  0.00000000E+00  0.00000000E+00  0.00000000E+00
  0.00000000E+00  0.00000000E+00  0.00000000E+00  0.00000000E+00  0.00000000E+00
  0.00000000E+00  0.00000000E+00  0.00000000E+00  0.00000000E+00  0.00000000E+00
 -0.67125433E-01 -0.70602208E+00 -0.48219098E+01 -0.68648860E+01 -0.33840620E+01
 -0.15014348E+01 -0.79557657E+00 -0.49380155E+00 -0.34417075E+00 -0.26734235E+00
 -0.21490531E+00 -0.17014289E+00 -0.13874262E+00 -0.11464964E+00 -0.97800916E-01
 -0.80685825E-01 -0.67290088E-01 -0.56680932E-01 -0.48595435E-01 -0.39227873E-01
 -0.33914956E-01 -0.25355260E-01 -0.16127864E-01 -0.52792065E-02
  0.00000000E+00  0.00000000E+00  0.00000000E+00  0.00000000E+00  0.00000000E+00
  0.00000000E+00  0.00000000E+00  0.00000000E+00  0.00000000E+00  0.00000000E+00
  0.00000000E+00  0.00000000E+00  0.00000000E+00  0.00000000E+00  0.00000000E+00
  0.00000000E+00  0.00000000E+00  0.00000000E+00  0.00000000E+00  0.00000000E+00
  0.00000000E+00  0.00000000E+00  0.00000000E+00  0.00000000E+00  0.00000000E+00
  0.00000000E+00  0.00000000E+00  0.00000000E+00  0.00000000E+00  0.00000000E+00
  0.00000000E+00  0.00000000E+00  0.00000000E+00  0.00000000E+00  0.00000000E+00
  0.00000000E+00  0.00000000E+00  0.00000000E+00  0.00000000E+00  0.00000000E+00
 -0.30719667E-01 -0.48465610E+00 -0.38822867E+01 -0.66934811E+01 -0.35053939E+01
 -0.15790574E+01 -0.79904552E+00 -0.47793276E+00 -0.33125370E+00 -0.25762398E+00
 -0.20173097E+00 -0.16573230E+00 -0.13314060E+00 -0.11146820E+00 -0.93475984E-01
 -0.77857777E-01 -0.64176652E-01 -0.53150360E-01 -0.47033543E-01 -0.38140859E-01
 -0.32019028E-01 -0.24356527E-01 -0.15506108E-01 -0.50578157E-02
  0.00000000E+00  0.00000000E+00  0.00000000E+00  0.00000000E+00  0.00000000E+00
  0.00000000E+00  0.00000000E+00  0.00000000E+00  0.00000000E+00  0.00000000E+00
  0.00000000E+00  0.00000000E+00  0.00000000E+00  0.00000000E+00  0.00000000E+00
  0.00000000E+00  0.00000000E+00  0.00000000E+00  0.00000000E+00  0.00000000E+00
  0.00000000E+00  0.00000000E+00  0.00000000E+00  0.00000000E+00  0.00000000E+00
  0.00000000E+00  0.00000000E+00  0.00000000E+00  0.00000000E+00  0.00000000E+00
  0.00000000E+00  0.00000000E+00  0.00000000E+00  0.00000000E+00  0.00000000E+00
  0.00000000E+00  0.00000000E+00  0.00000000E+00  0.00000000E+00 -0.23569757E-02
 -0.13019070E-01 -0.35899775E+00 -0.32417938E+01 -0.62823521E+01 -0.37379891E+01
 -0.16330122E+01 -0.79540332E+00 -0.46340031E+00 -0.32818008E+00 -0.24275863E+00
 -0.18937508E+00 -0.15539355E+00 -0.12841694E+00 -0.10888910E+00 -0.87459245E-01
 -0.75336037E-01 -0.61372451E-01 -0.52227669E-01 -0.44407147E-01 -0.36315672E-01
 -0.31766436E-01 -0.23657135E-01 -0.14928059E-01 -0.47781753E-02
  0.00000000E+00  0.00000000E+00  0.00000000E+00  0.00000000E+00  0.00000000E+00
  0.00000000E+00  0.00000000E+00  0.00000000E+00  0.00000000E+00  0.00000000E+00
  0.00000000E+00  0.00000000E+00  0.00000000E+00  0.00000000E+00  0.00000000E+00
  0.00000000E+00  0.00000000E+00  0.00000000E+00  0.00000000E+00  0.00000000E+00
  0.00000000E+00  0.00000000E+00  0.00000000E+00  0.00000000E+00  0.00000000E+00
  0.00000000E+00  0.00000000E+00  0.00000000E+00  0.00000000E+00  0.00000000E+00
  0.00000000E+00  0.00000000E+00  0.00000000E+00  0.00000000E+00  0.00000000E+00
  0.00000000E+00  0.00000000E+00  0.00000000E+00  0.00000000E+00 -0.15543167E-03
 -0.10081718E-01 -0.24304585E+00 -0.27734401E+01 -0.62195199E+01 -0.39008260E+01
 -0.16549051E+01 -0.79299275E+00 -0.46188716E+00 -0.31569431E+00 -0.23159366E+00
 -0.18343848E+00 -0.14794832E+00 -0.12181396E+00 -0.10205334E+00 -0.84991909E-01
 -0.69684523E-01 -0.59544760E-01 -0.49450616E-01 -0.42465785E-01 -0.34513103E-01
 -0.28745717E-01 -0.22676393E-01 -0.14633917E-01 -0.47421204E-02
  0.00000000E+00  0.00000000E+00  0.00000000E+00  0.00000000E+00  0.00000000E+00
  0.00000000E+00  0.00000000E+00  0.00000000E+00  0.00000000E+00  0.00000000E+00
  0.00000000E+00  0.00000000E+00  0.00000000E+00  0.00000000E+00  0.00000000E+00
  0.00000000E+00  0.00000000E+00  0.00000000E+00  0.00000000E+00  0.00000000E+00
  0.00000000E+00  0.00000000E+00  0.00000000E+00  0.00000000E+00  0.00000000E+00
  0.00000000E+00  0.00000000E+00  0.00000000E+00  0.00000000E+00  0.00000000E+00
  0.00000000E+00  0.00000000E+00  0.00000000E+00  0.00000000E+00  0.00000000E+00
  0.00000000E+00  0.00000000E+00  0.00000000E+00  0.00000000E+00  0.00000000E+00
 -0.34884004E-02 -0.22999798E+00 -0.25633497E+01 -0.60534307E+01 -0.40050778E+01
 -0.16459765E+01 -0.78882070E+00 -0.45290593E+00 -0.30062532E+00 -0.21924238E+00
 -0.17563405E+00 -0.14069848E+00 -0.11400218E+00 -0.96903220E-01 -0.81341832E-01
 -0.66344512E-01 -0.56310541E-01 -0.48290048E-01 -0.39199084E-01 -0.33602981E-01
 -0.26988790E-01 -0.21580748E-01 -0.13758632E-01 -0.45998502E-02
  0.00000000E+00  0.00000000E+00  0.00000000E+00  0.00000000E+00  0.00000000E+00
  0.00000000E+00  0.00000000E+00  0.00000000E+00  0.00000000E+00  0.00000000E+00
  0.00000000E+00  0.00000000E+00  0.00000000E+00  0.00000000E+00  0.00000000E+00
  0.00000000E+00  0.00000000E+00  0.00000000E+00  0.00000000E+00  0.00000000E+00
  0.00000000E+00  0.00000000E+00  0.00000000E+00  0.00000000E+00  0.00000000E+00
  0.00000000E+00  0.00000000E+00  0.00000000E+00  0.00000000E+00  0.00000000E+00
  0.00000000E+00  0.00000000E+00  0.00000000E+00  0.00000000E+00  0.00000000E+00
  0.00000000E+00  0.00000000E+00  0.00000000E+00  0.00000000E+00  0.00000000E+00
 -0.32496020E-02 -0.10195365E+00 -0.18209474E+01 -0.47240676E+01 -0.31327333E+01
 -0.12868084E+01 -0.62082188E+00 -0.34188422E+00 -0.22750458E+00 -0.16985881E+00
 -0.13033134E+00 -0.10607529E+00 -0.86150437E-01 -0.73338110E-01 -0.61216733E-01
 -0.50127747E-01 -0.42840937E-01 -0.36484630E-01 -0.30802308E-01 -0.26022639E-01
 -0.20246063E-01 -0.15694697E-01 -0.10827418E-01 -0.34258942E-02
  0.00000000E+00  0.00000000E+00  0.00000000E+00  0.00000000E+00  0.00000000E+00
  0.00000000E+00  0.00000000E+00  0.00000000E+00  0.00000000E+00  0.00000000E+00
  0.00000000E+00  0.00000000E+00  0.00000000E+00  0.00000000E+00  0.00000000E+00
  0.00000000E+00  0.00000000E+00  0.00000000E+00  0.00000000E+00  0.00000000E+00
  0.00000000E+00  0.00000000E+00  0.00000000E+00  0.00000000E+00  0.00000000E+00
  0.00000000E+00  0.00000000E+00  0.00000000E+00  0.00000000E+00  0.00000000E+00
  0.00000000E+00  0.00000000E+00  0.00000000E+00  0.00000000E+00  0.00000000E+00
  0.00000000E+00  0.00000000E+00  0.00000000E+00  0.00000000E+00  0.00000000E+00
 -0.39327452E-02 -0.11033709E+00 -0.17561941E+01 -0.49820011E+01 -0.35150525E+01
 -0.14838531E+01 -0.69684370E+00 -0.37428151E+00 -0.24926552E+00 -0.18685317E+00
 -0.14337323E+00 -0.11629382E+00 -0.93978905E-01 -0.80027594E-01 -0.66351927E-01
 -0.55915897E-01 -0.46815921E-01 -0.40111369E-01 -0.33762423E-01 -0.28327020E-01
 -0.22908150E-01 -0.17094582E-01 -0.11410383E-01 -0.38928386E-02
  0.00000000E+00  0.00000000E+00  0.00000000E+00  0.00000000E+00  0.00000000E+00
  0.00000000E+00  0.00000000E+00  0.00000000E+00  0.00000000E+00  0.00000000E+00
  0.00000000E+00  0.00000000E+00  0.00000000E+00  0.00000000E+00  0.00000000E+00
  0.00000000E+00  0.00000000E+00  0.00000000E+00  0.00000000E+00  0.00000000E+00
  0.00000000E+00  0.00000000E+00  0.00000000E+00  0.00000000E+00  0.00000000E+00
  0.00000000E+00  0.00000000E+00  0.00000000E+00  0.00000000E+00  0.00000000E+00
  0.00000000E+00  0.00000000E+00  0.00000000E+00  0.00000000E+00  0.00000000E+00
  0.00000000E+00  0.00000000E+00  0.00000000E+00  0.00000000E+00  0.00000000E+00
 -0.18142712E-01 -0.17152001E+00 -0.18248626E+01 -0.54181633E+01 -0.39264251E+01
 -0.16710806E+01 -0.77313575E+00 -0.41773392E+00 -0.27445648E+00 -0.20352790E+00
 -0.15868109E+00 -0.12784761E+00 -0.10480577E+00 -0.86880110E-01 -0.72550652E-01
 -0.61992064E-01 -0.53059410E-01 -0.43683695E-01 -0.37832453E-01 -0.30845843E-01
 -0.25374881E-01 -0.19065140E-01 -0.12077668E-01 -0.41270319E-02
  0.00000000E+00  0.00000000E+00  0.00000000E+00  0.00000000E+00  0.00000000E+00
  0.00000000E+00  0.00000000E+00  0.00000000E+00  0.00000000E+00  0.00000000E+00
  0.00000000E+00  0.00000000E+00  0.00000000E+00  0.00000000E+00  0.00000000E+00
  0.00000000E+00  0.00000000E+00  0.00000000E+00  0.00000000E+00  0.00000000E+00
  0.00000000E+00  0.00000000E+00  0.00000000E+00  0.00000000E+00  0.00000000E+00
  0.00000000E+00  0.00000000E+00  0.00000000E+00  0.00000000E+00  0.00000000E+00
  0.00000000E+00  0.00000000E+00  0.00000000E+00  0.00000000E+00  0.00000000E+00
  0.00000000E+00  0.00000000E+00  0.00000000E+00  0.00000000E+00 -0.29631265E-02
 -0.59916980E-02 -0.13666741E+00 -0.19497624E+01 -0.58180461E+01 -0.42896372E+01
 -0.18276376E+01 -0.84243322E+00 -0.44663367E+00 -0.30006773E+00 -0.22292989E+00
 -0.17232782E+00 -0.13828689E+00 -0.11513891E+00 -0.95781028E-01 -0.77389387E-01
 -0.65584661E-01 -0.56597631E-01 -0.46856971E-01 -0.41312479E-01 -0.33752657E-01
 -0.27825669E-01 -0.20943454E-01 -0.13481626E-01 -0.44872393E-02
  0.00000000E+00  0.00000000E+00  0.00000000E+00  0.00000000E+00  0.00000000E+00
  0.00000000E+00  0.00000000E+00  0.00000000E+00  0.00000000E+00  0.00000000E+00
  0.00000000E+00  0.00000000E+00  0.00000000E+00  0.00000000E+00  0.00000000E+00
  0.00000000E+00  0.00000000E+00  0.00000000E+00  0.00000000E+00  0.00000000E+00
  0.00000000E+00  0.00000000E+00  0.00000000E+00  0.00000000E+00  0.00000000E+00
  0.00000000E+00  0.00000000E+00  0.00000000E+00  0.00000000E+00  0.00000000E+00
  0.00000000E+00  0.00000000E+00  0.00000000E+00  0.00000000E+00  0.00000000E+00
  0.00000000E+00  0.00000000E+00  0.00000000E+00  0.00000000E+00 -0.22662944E-02
  0.00000000E+00 -0.18090822E+00 -0.22425346E+01 -0.65408994E+01 -0.45431696E+01
 -0.19499938E+01 -0.89766462E+00 -0.49478042E+00 -0.32785026E+00 -0.24225954E+00
 -0.18361541E+00 -0.14862746E+00 -0.12637966E+00 -0.10554572E+00 -0.84672073E-01
 -0.71573993E-01 -0.61005575E-01 -0.51616016E-01 -0.43822851E-01 -0.37208310E-01
 -0.30399853E-01 -0.22770001E-01 -0.14951027E-01 -0.50612324E-02
  0.00000000E+00  0.00000000E+00  0.00000000E+00  0.00000000E+00  0.00000000E+00
  0.00000000E+00  0.00000000E+00  0.00000000E+00  0.00000000E+00  0.00000000E+00
  0.00000000E+00  0.00000000E+00  0.00000000E+00  0.00000000E+00  0.00000000E+00
  0.00000000E+00  0.00000000E+00  0.00000000E+00  0.00000000E+00  0.00000000E+00
  0.00000000E+00  0.00000000E+00  0.00000000E+00  0.00000000E+00  0.00000000E+00
  0.00000000E+00  0.00000000E+00  0.00000000E+00  0.00000000E+00  0.00000000E+00
  0.00000000E+00  0.00000000E+00  0.00000000E+00  0.00000000E+00  0.00000000E+00
  0.00000000E+00  0.00000000E+00  0.00000000E+00  0.00000000E+00 -0.38136995E-03
 -0.18874799E-01 -0.28269170E+00 -0.30724743E+01 -0.69054419E+01 -0.47352057E+01
 -0.20321384E+01 -0.96125326E+00 -0.53457156E+00 -0.35286119E+00 -0.25944355E+00
 -0.19833233E+00 -0.15944361E+00 -0.13498117E+00 -0.11194022E+00 -0.93375196E-01
 -0.77541665E-01 -0.66084091E-01 -0.56631270E-01 -0.48213864E-01 -0.39550474E-01
 -0.33429022E-01 -0.24821390E-01 -0.16601805E-01 -0.57390191E-02
  0.00000000E+00  0.00000000E+00  0.00000000E+00  0.00000000E+00  0.00000000E+00
  0.00000000E+00  0.00000000E+00  0.00000000E+00  0.00000000E+00  0.00000000E+00
  0.00000000E+00  0.00000000E+00  0.00000000E+00  0.00000000E+00  0.00000000E+00
  0.00000000E+00  0.00000000E+00  0.00000000E+00  0.00000000E+00  0.00000000E+00
  0.00000000E+00  0.00000000E+00  0.00000000E+00  0.00000000E+00  0.00000000E+00
  0.00000000E+00  0.00000000E+00  0.00000000E+00  0.00000000E+00  0.00000000E+00
  0.00000000E+00  0.00000000E+00  0.00000000E+00  0.00000000E+00  0.00000000E+00
  0.00000000E+00  0.00000000E+00  0.00000000E+00  0.00000000E+00 -0.16695639E-02
 -0.33610769E-01 -0.42259719E+00 -0.39093053E+01 -0.76520756E+01 -0.47990521E+01
 -0.20085219E+01 -0.96666986E+00 -0.56067004E+00 -0.37267476E+00 -0.27461305E+00
 -0.21294634E+00 -0.17080933E+00 -0.14209936E+00 -0.11875798E+00 -0.10079030E+00
 -0.81046698E-01 -0.71491599E-01 -0.61109043E-01 -0.50495538E-01 -0.42435468E-01
 -0.36012717E-01 -0.27016222E-01 -0.18064156E-01 -0.60190780E-02
  0.00000000E+00  0.00000000E+00  0.00000000E+00  0.00000000E+00  0.00000000E+00
  0.00000000E+00  0.00000000E+00  0.00000000E+00  0.00000000E+00  0.00000000E+00
  0.00000000E+00  0.00000000E+00  0.00000000E+00  0.00000000E+00  0.00000000E+00
  0.00000000E+00  0.00000000E+00  0.00000000E+00  0.00000000E+00  0.00000000E+00
  0.00000000E+00  0.00000000E+00  0.00000000E+00  0.00000000E+00  0.00000000E+00
  0.00000000E+00  0.00000000E+00  0.00000000E+00  0.00000000E+00  0.00000000E+00
  0.00000000E+00  0.00000000E+00  0.00000000E+00  0.00000000E+00  0.00000000E+00
  0.00000000E+00  0.00000000E+00  0.00000000E+00  0.00000000E+00 -0.15978037E-02
 -0.50194931E-01 -0.79117940E+00 -0.51667927E+01 -0.78436127E+01 -0.46079191E+01
 -0.19738142E+01 -0.97285865E+00 -0.58339512E+00 -0.38941011E+00 -0.28891849E+00
 -0.22292217E+00 -0.17983817E+00 -0.15014476E+00 -0.12646137E+00 -0.10516997E+00
 -0.89781609E-01 -0.76110062E-01 -0.64042012E-01 -0.53507477E-01 -0.45630772E-01
 -0.36616377E-01 -0.29065035E-01 -0.19092711E-01 -0.65972944E-02
  0.00000000E+00  0.00000000E+00  0.00000000E+00  0.00000000E+00  0.00000000E+00
  0.00000000E+00  0.00000000E+00  0.00000000E+00  0.00000000E+00  0.00000000E+00
  0.00000000E+00  0.00000000E+00  0.00000000E+00  0.00000000E+00  0.00000000E+00
  0.00000000E+00  0.00000000E+00  0.00000000E+00  0.00000000E+00  0.00000000E+00
  0.00000000E+00  0.00000000E+00  0.00000000E+00  0.00000000E+00  0.00000000E+00
  0.00000000E+00  0.00000000E+00  0.00000000E+00  0.00000000E+00  0.00000000E+00
  0.00000000E+00  0.00000000E+00  0.00000000E+00  0.00000000E+00  0.00000000E+00
  0.00000000E+00  0.00000000E+00  0.00000000E+00  0.00000000E+00 -0.19106071E-03
 -0.11378797E+00 -0.13679530E+01 -0.69498032E+01 -0.80487193E+01 -0.42474755E+01
 -0.18378781E+01 -0.95611158E+00 -0.56827989E+00 -0.40118380E+00 -0.30092708E+00
 -0.23429762E+00 -0.18818197E+00 -0.15652227E+00 -0.13234283E+00 -0.11248957E+00
 -0.96392419E-01 -0.80557066E-01 -0.65654250E-01 -0.56292179E-01 -0.48242582E-01
 -0.39684225E-01 -0.30911602E-01 -0.20801023E-01 -0.67423191E-02
  0.00000000E+00  0.00000000E+00  0.00000000E+00  0.00000000E+00  0.00000000E+00
  0.00000000E+00  0.00000000E+00  0.00000000E+00  0.00000000E+00  0.00000000E+00
  0.00000000E+00  0.00000000E+00  0.00000000E+00  0.00000000E+00  0.00000000E+00
  0.00000000E+00  0.00000000E+00  0.00000000E+00  0.00000000E+00  0.00000000E+00
  0.00000000E+00  0.00000000E+00  0.00000000E+00  0.00000000E+00  0.00000000E+00
  0.00000000E+00  0.00000000E+00  0.00000000E+00  0.00000000E+00  0.00000000E+00
  0.00000000E+00  0.00000000E+00  0.00000000E+00  0.00000000E+00  0.00000000E+00
  0.00000000E+00  0.00000000E+00  0.00000000E+00  0.00000000E+00 -0.20149643E-01
 -0.17875900E+00 -0.28701055E+01 -0.86050120E+01 -0.76455398E+01 -0.35828970E+01
 -0.16707081E+01 -0.90922081E+00 -0.55770206E+00 -0.40492260E+00 -0.30184574E+00
 -0.23815878E+00 -0.19513999E+00 -0.16461317E+00 -0.13510280E+00 -0.11683184E+00
 -0.97521520E-01 -0.83914099E-01 -0.69129367E-01 -0.58870862E-01 -0.48469927E-01
 -0.41122473E-01 -0.32828264E-01 -0.21118690E-01 -0.69147710E-02
  0.00000000E+00  0.00000000E+00  0.00000000E+00  0.00000000E+00  0.00000000E+00
  0.00000000E+00  0.00000000E+00  0.00000000E+00  0.00000000E+00  0.00000000E+00
  0.00000000E+00  0.00000000E+00  0.00000000E+00  0.00000000E+00  0.00000000E+00
  0.00000000E+00  0.00000000E+00  0.00000000E+00  0.00000000E+00  0.00000000E+00
  0.00000000E+00  0.00000000E+00  0.00000000E+00  0.00000000E+00  0.00000000E+00
  0.00000000E+00  0.00000000E+00  0.00000000E+00  0.00000000E+00  0.00000000E+00
  0.00000000E+00  0.00000000E+00  0.00000000E+00  0.00000000E+00  0.00000000E+00
  0.00000000E+00  0.00000000E+00  0.00000000E+00 -0.32360548E-02 -0.32391638E-01
 -0.72161972E+00 -0.48528474E+01 -0.97206326E+01 -0.66880333E+01 -0.30279219E+01
 -0.14501462E+01 -0.83211540E+00 -0.53495308E+00 -0.39841788E+00 -0.30408519E+00
 -0.24033784E+00 -0.19642085E+00 -0.16625231E+00 -0.14188214E+00 -0.11789741E+00
 -0.10104289E+00 -0.84583116E-01 -0.73543833E-01 -0.61108867E-01 -0.50476209E-01
 -0.42337530E-01 -0.33258406E-01 -0.20983040E-01 -0.69117329E-02
  0.00000000E+00  0.00000000E+00  0.00000000E+00  0.00000000E+00  0.00000000E+00
  0.00000000E+00  0.00000000E+00  0.00000000E+00  0.00000000E+00  0.00000000E+00
  0.00000000E+00  0.00000000E+00  0.00000000E+00  0.00000000E+00  0.00000000E+00
  0.00000000E+00  0.00000000E+00  0.00000000E+00  0.00000000E+00  0.00000000E+00
  0.00000000E+00  0.00000000E+00  0.00000000E+00  0.00000000E+00  0.00000000E+00
  0.00000000E+00  0.00000000E+00  0.00000000E+00  0.00000000E+00  0.00000000E+00
  0.00000000E+00  0.00000000E+00  0.00000000E+00  0.00000000E+00  0.00000000E+00
  0.00000000E+00  0.00000000E+00  0.00000000E+00 -0.69941335E-02 -0.18150580E+00
 -0.17445622E+01 -0.76089956E+01 -0.96488722E+01 -0.52839619E+01 -0.24548082E+01
 -0.12525467E+01 -0.75341260E+00 -0.51337116E+00 -0.37827218E+00 -0.29379983E+00
 -0.24097066E+00 -0.20130031E+00 -0.16446137E+00 -0.14135184E+00 -0.12137249E+00
 -0.10169015E+00 -0.84743927E-01 -0.73203312E-01 -0.62341641E-01 -0.54108436E-01
 -0.43191041E-01 -0.32572811E-01 -0.21165885E-01 -0.71723418E-02
  0.00000000E+00  0.00000000E+00  0.00000000E+00  0.00000000E+00  0.00000000E+00
  0.00000000E+00  0.00000000E+00  0.00000000E+00  0.00000000E+00  0.00000000E+00
  0.00000000E+00  0.00000000E+00  0.00000000E+00  0.00000000E+00  0.00000000E+00
  0.00000000E+00  0.00000000E+00  0.00000000E+00  0.00000000E+00  0.00000000E+00
  0.00000000E+00  0.00000000E+00  0.00000000E+00  0.00000000E+00  0.00000000E+00
  0.00000000E+00  0.00000000E+00  0.00000000E+00  0.00000000E+00  0.00000000E+00
  0.00000000E+00  0.00000000E+00  0.00000000E+00  0.00000000E+00  0.00000000E+00
  0.00000000E+00  0.00000000E+00  0.00000000E+00 -0.67905781E-01 -0.47844879E+00
 -0.33840370E+01 -0.99993685E+01 -0.86773710E+01 -0.41599320E+01 -0.19661368E+01
 -0.10716782E+01 -0.66612009E+00 -0.48429016E+00 -0.36134544E+00 -0.28688179E+00
 -0.23670966E+00 -0.19728187E+00 -0.16371108E+00 -0.13904846E+00 -0.11919405E+00
 -0.10157105E+00 -0.84364913E-01 -0.74179366E-01 -0.62787875E-01 -0.53056529E-01
 -0.42961806E-01 -0.32242579E-01 -0.21385059E-01 -0.68433250E-02
  0.00000000E+00  0.00000000E+00  0.00000000E+00  0.00000000E+00  0.00000000E+00
  0.00000000E+00  0.00000000E+00  0.00000000E+00  0.00000000E+00  0.00000000E+00
  0.00000000E+00  0.00000000E+00  0.00000000E+00  0.00000000E+00  0.00000000E+00
  0.00000000E+00  0.00000000E+00  0.00000000E+00  0.00000000E+00  0.00000000E+00
  0.00000000E+00  0.00000000E+00  0.00000000E+00  0.00000000E+00  0.00000000E+00
  0.00000000E+00  0.00000000E+00  0.00000000E+00  0.00000000E+00  0.00000000E+00
  0.00000000E+00  0.00000000E+00  0.00000000E+00  0.00000000E+00  0.00000000E+00
  0.00000000E+00  0.00000000E+00 -0.28706255E-02 -0.10164653E+00 -0.14572653E+01
 -0.69881565E+01 -0.11450126E+02 -0.69131631E+01 -0.30751757E+01 -0.15720492E+01
 -0.90784032E+00 -0.59664177E+00 -0.43889046E+00 -0.34376219E+00 -0.27306098E+00
 -0.22807994E+00 -0.18863272E+00 -0.15900708E+00 -0.13569091E+00 -0.11685592E+00
 -0.97327666E-01 -0.84184546E-01 -0.71718211E-01 -0.61811217E-01 -0.51847590E-01
 -0.43018860E-01 -0.31602799E-01 -0.20210591E-01 -0.65177136E-02
  0.00000000E+00  0.00000000E+00  0.00000000E+00  0.00000000E+00  0.00000000E+00
  0.00000000E+00  0.00000000E+00  0.00000000E+00  0.00000000E+00  0.00000000E+00
  0.00000000E+00  0.00000000E+00  0.00000000E+00  0.00000000E+00  0.00000000E+00
  0.00000000E+00  0.00000000E+00  0.00000000E+00  0.00000000E+00  0.00000000E+00
  0.00000000E+00  0.00000000E+00  0.00000000E+00  0.00000000E+00  0.00000000E+00
  0.00000000E+00  0.00000000E+00  0.00000000E+00  0.00000000E+00  0.00000000E+00
  0.00000000E+00  0.00000000E+00  0.00000000E+00  0.00000000E+00  0.00000000E+00
  0.00000000E+00  0.00000000E+00 -0.66945253E-02 -0.30099429E+00 -0.29667498E+01
 -0.10873989E+02 -0.10654119E+02 -0.52059075E+01 -0.23455983E+01 -0.12420249E+01
 -0.77622654E+00 -0.53239700E+00 -0.40282291E+00 -0.32129771E+00 -0.26249592E+00
 -0.21680088E+00 -0.18278556E+00 -0.15576333E+00 -0.13038031E+00 -0.11018781E+00
 -0.94651201E-01 -0.80881789E-01 -0.68635789E-01 -0.59687548E-01 -0.49409671E-01
 -0.40467945E-01 -0.30234691E-01 -0.19171715E-01 -0.59647543E-02
  0.00000000E+00  0.00000000E+00  0.00000000E+00  0.00000000E+00  0.00000000E+00
  0.00000000E+00  0.00000000E+00  0.00000000E+00  0.00000000E+00  0.00000000E+00
  0.00000000E+00  0.00000000E+00  0.00000000E+00  0.00000000E+00  0.00000000E+00
  0.00000000E+00  0.00000000E+00  0.00000000E+00  0.00000000E+00  0.00000000E+00
  0.00000000E+00  0.00000000E+00  0.00000000E+00  0.00000000E+00  0.00000000E+00
  0.00000000E+00  0.00000000E+00  0.00000000E+00  0.00000000E+00  0.00000000E+00
  0.00000000E+00  0.00000000E+00  0.00000000E+00  0.00000000E+00  0.00000000E+00
  0.00000000E+00 -0.58111651E-02 -0.47078664E-01 -0.77022247E+00 -0.63506645E+01
 -0.12849982E+02 -0.87256720E+01 -0.38126180E+01 -0.18119385E+01 -0.10217785E+01
 -0.67868370E+00 -0.49376201E+00 -0.37648190E+00 -0.30652292E+00 -0.24786328E+00
 -0.20786574E+00 -0.17428115E+00 -0.14769288E+00 -0.12569811E+00 -0.10693781E+00
 -0.92943784E-01 -0.76801222E-01 -0.65515703E-01 -0.56745140E-01 -0.47261891E-01
 -0.39120006E-01 -0.28144980E-01 -0.17815032E-01 -0.57136240E-02
  0.00000000E+00  0.00000000E+00  0.00000000E+00  0.00000000E+00  0.00000000E+00
  0.00000000E+00  0.00000000E+00  0.00000000E+00  0.00000000E+00  0.00000000E+00
  0.00000000E+00  0.00000000E+00  0.00000000E+00  0.00000000E+00  0.00000000E+00
  0.00000000E+00  0.00000000E+00  0.00000000E+00  0.00000000E+00  0.00000000E+00
  0.00000000E+00  0.00000000E+00  0.00000000E+00  0.00000000E+00  0.00000000E+00
  0.00000000E+00  0.00000000E+00  0.00000000E+00  0.00000000E+00  0.00000000E+00
  0.00000000E+00  0.00000000E+00  0.00000000E+00  0.00000000E+00  0.00000000E+00
  0.00000000E+00 -0.33457171E-01 -0.23377401E+00 -0.21307839E+01 -0.10187672E+02
 -0.13216380E+02 -0.68274932E+01 -0.28370806E+01 -0.14644385E+01 -0.86459470E+00
 -0.60664234E+00 -0.45988256E+00 -0.35239658E+00 -0.28771804E+00 -0.23623985E+00
 -0.19813832E+00 -0.16320091E+00 -0.13846939E+00 -0.11969065E+00 -0.10134537E+00
 -0.88077316E-01 -0.74113001E-01 -0.63182086E-01 -0.52851739E-01 -0.44148770E-01
 -0.36099127E-01 -0.27666371E-01 -0.16741934E-01 -0.50956908E-02
  0.00000000E+00  0.00000000E+00  0.00000000E+00  0.00000000E+00  0.00000000E+00
  0.00000000E+00  0.00000000E+00  0.00000000E+00  0.00000000E+00  0.00000000E+00
  0.00000000E+00  0.00000000E+00  0.00000000E+00  0.00000000E+00  0.00000000E+00
  0.00000000E+00  0.00000000E+00  0.00000000E+00  0.00000000E+00  0.00000000E+00
  0.00000000E+00  0.00000000E+00  0.00000000E+00  0.00000000E+00  0.00000000E+00
  0.00000000E+00  0.00000000E+00  0.00000000E+00  0.00000000E+00  0.00000000E+00
  0.00000000E+00  0.00000000E+00  0.00000000E+00  0.00000000E+00  0.00000000E+00
 -0.10960357E-02 -0.20449892E-01 -0.39308642E+00 -0.42815357E+01 -0.13843886E+02
 -0.11652988E+02 -0.51209735E+01 -0.22863216E+01 -0.12065514E+01 -0.78113474E+00
 -0.55875091E+00 -0.43131465E+00 -0.34074028E+00 -0.27712662E+00 -0.22943878E+00
 -0.19029566E+00 -0.15745069E+00 -0.13360838E+00 -0.11420919E+00 -0.96728836E-01
 -0.83450451E-01 -0.69943046E-01 -0.60199907E-01 -0.50080115E-01 -0.41886755E-01
 -0.34392132E-01 -0.25885214E-01 -0.15747355E-01 -0.46980219E-02
  0.00000000E+00  0.00000000E+00  0.00000000E+00  0.00000000E+00  0.00000000E+00
  0.00000000E+00  0.00000000E+00  0.00000000E+00  0.00000000E+00  0.00000000E+00
  0.00000000E+00  0.00000000E+00  0.00000000E+00  0.00000000E+00  0.00000000E+00
  0.00000000E+00  0.00000000E+00  0.00000000E+00  0.00000000E+00  0.00000000E+00
  0.00000000E+00  0.00000000E+00  0.00000000E+00  0.00000000E+00  0.00000000E+00
  0.00000000E+00  0.00000000E+00  0.00000000E+00  0.00000000E+00  0.00000000E+00
  0.00000000E+00  0.00000000E+00  0.00000000E+00  0.00000000E+00  0.00000000E+00
  0.00000000E+00 -0.10322651E+00 -0.98212972E+00 -0.78735070E+01 -0.15891997E+02
 -0.93717528E+01 -0.39993748E+01 -0.19629708E+01 -0.10674148E+01 -0.72914970E+00
 -0.53603931E+00 -0.41078787E+00 -0.33375732E+00 -0.27108875E+00 -0.22242794E+00
 -0.18747102E+00 -0.15582107E+00 -0.13226803E+00 -0.11346007E+00 -0.94453070E-01
 -0.81014696E-01 -0.69215842E-01 -0.58474284E-01 -0.49334394E-01 -0.40570302E-01
 -0.32747871E-01 -0.23847285E-01 -0.14748962E-01 -0.43096165E-02
  0.00000000E+00  0.00000000E+00  0.00000000E+00  0.00000000E+00  0.00000000E+00
  0.00000000E+00  0.00000000E+00  0.00000000E+00  0.00000000E+00  0.00000000E+00
  0.00000000E+00  0.00000000E+00  0.00000000E+00  0.00000000E+00  0.00000000E+00
  0.00000000E+00  0.00000000E+00  0.00000000E+00  0.00000000E+00  0.00000000E+00
  0.00000000E+00  0.00000000E+00  0.00000000E+00  0.00000000E+00  0.00000000E+00
  0.00000000E+00  0.00000000E+00  0.00000000E+00  0.00000000E+00  0.00000000E+00
  0.00000000E+00  0.00000000E+00  0.00000000E+00  0.00000000E+00  0.00000000E+00
 -0.22742643E-01 -0.17586977E+00 -0.18817545E+01 -0.11549935E+02 -0.16177282E+02
 -0.83231684E+01 -0.34156698E+01 -0.17455436E+01 -0.10446929E+01 -0.70998332E+00
 -0.53655113E+00 -0.41205709E+00 -0.33537094E+00 -0.27456889E+00 -0.23006924E+00
 -0.18933404E+00 -0.15908304E+00 -0.13562800E+00 -0.11049307E+00 -0.95468837E-01
 -0.80754333E-01 -0.67926338E-01 -0.58852288E-01 -0.48577237E-01 -0.40693369E-01
 -0.32325899E-01 -0.23972203E-01 -0.14279975E-01 -0.39988175E-02
  0.00000000E+00  0.00000000E+00  0.00000000E+00  0.00000000E+00  0.00000000E+00
  0.00000000E+00  0.00000000E+00  0.00000000E+00  0.00000000E+00  0.00000000E+00
  0.00000000E+00  0.00000000E+00  0.00000000E+00  0.00000000E+00  0.00000000E+00
  0.00000000E+00  0.00000000E+00  0.00000000E+00  0.00000000E+00  0.00000000E+00
  0.00000000E+00  0.00000000E+00  0.00000000E+00  0.00000000E+00  0.00000000E+00
  0.00000000E+00  0.00000000E+00  0.00000000E+00  0.00000000E+00  0.00000000E+00
  0.00000000E+00  0.00000000E+00  0.00000000E+00  0.00000000E+00 -0.13418225E-02
 -0.20416221E-01 -0.36711450E+00 -0.36786183E+01 -0.16111014E+02 -0.17379024E+02
 -0.79080141E+01 -0.32988674E+01 -0.16845827E+01 -0.10589725E+01 -0.74936155E+00
 -0.56544234E+00 -0.44512228E+00 -0.35614075E+00 -0.29479441E+00 -0.24450097E+00
 -0.20338062E+00 -0.16758336E+00 -0.14061696E+00 -0.11714985E+00 -0.98954158E-01
 -0.84973610E-01 -0.72087928E-01 -0.60257429E-01 -0.50136167E-01 -0.41266261E-01
 -0.32713083E-01 -0.23237798E-01 -0.13843444E-01 -0.38020270E-02
  0.00000000E+00  0.00000000E+00 -0.18435604E-01  0.00000000E+00  0.00000000E+00
  0.00000000E+00  0.00000000E+00  0.00000000E+00  0.00000000E+00  0.00000000E+00
  0.00000000E+00  0.00000000E+00  0.00000000E+00  0.00000000E+00  0.00000000E+00
  0.00000000E+00  0.00000000E+00  0.00000000E+00  0.00000000E+00  0.00000000E+00
  0.00000000E+00  0.00000000E+00  0.00000000E+00  0.00000000E+00  0.00000000E+00
  0.00000000E+00  0.00000000E+00  0.00000000E+00 -0.27877071E-02 -0.85025276E-02
 -0.57504434E-02 -0.25456411E-01 -0.49758573E-01 -0.14744906E+00 -0.31787051E+00
 -0.10316764E+01 -0.32217073E+01 -0.13292031E+02 -0.33621963E+02 -0.24555490E+02
 -0.91546370E+01 -0.37293905E+01 -0.19006401E+01 -0.11791016E+01 -0.84189989E+00
 -0.63774845E+00 -0.50621438E+00 -0.41042729E+00 -0.33707020E+00 -0.27630644E+00
 -0.23122510E+00 -0.19367934E+00 -0.15979342E+00 -0.13693240E+00 -0.11221681E+00
 -0.93445892E-01 -0.79270885E-01 -0.66303803E-01 -0.54907485E-01 -0.44083139E-01
 -0.33497413E-01 -0.23980466E-01 -0.13615915E-01 -0.36947841E-02
  0.00000000E+00  0.00000000E+00  0.00000000E+00  0.00000000E+00  0.00000000E+00
  0.00000000E+00  0.00000000E+00  0.00000000E+00  0.00000000E+00  0.00000000E+00
  0.00000000E+00  0.00000000E+00  0.00000000E+00  0.00000000E+00  0.00000000E+00
  0.00000000E+00  0.00000000E+00  0.00000000E+00  0.00000000E+00  0.00000000E+00
  0.00000000E+00  0.00000000E+00  0.00000000E+00  0.00000000E+00  0.00000000E+00
  0.00000000E+00  0.00000000E+00 -0.59548644E-01 -0.21031955E-02  0.00000000E+00
  0.00000000E+00  0.00000000E+00 -0.77111689E-02 -0.24539982E-02 -0.40605827E-01
 -0.54351618E-01 -0.24309864E+00 -0.45767383E+00 -0.16669651E+01 -0.28688292E+01
 -0.10932007E+02 -0.36577215E+02 -0.83489657E+02 -0.50304990E+02 -0.18208945E+02
 -0.78268584E+01 -0.43357882E+01 -0.28080756E+01 -0.20749452E+01 -0.16271475E+01
 -0.13125302E+01 -0.10949707E+01 -0.91318029E+00 -0.76043169E+00 -0.63640726E+00
 -0.51948630E+00 -0.43427736E+00 -0.36498404E+00 -0.29955425E+00 -0.24384071E+00
 -0.18974907E+00 -0.13649619E+00 -0.81525222E-01 -0.23709519E-01
  0.00000000E+00  0.00000000E+00  0.00000000E+00  0.00000000E+00  0.00000000E+00
  0.00000000E+00  0.00000000E+00  0.00000000E+00  0.00000000E+00  0.00000000E+00
  0.00000000E+00  0.00000000E+00  0.00000000E+00  0.00000000E+00  0.00000000E+00
  0.00000000E+00  0.00000000E+00  0.00000000E+00  0.00000000E+00  0.00000000E+00
  0.00000000E+00  0.00000000E+00  0.00000000E+00  0.00000000E+00  0.00000000E+00
  0.00000000E+00  0.00000000E+00 -0.33588743E-02  0.00000000E+00  0.00000000E+00
  0.00000000E+00  0.00000000E+00  0.00000000E+00  0.00000000E+00  0.00000000E+00
  0.00000000E+00  0.00000000E+00 -0.49934519E-01 -0.22456165E-01 -0.10837085E+00
 -0.11916818E+01 -0.11070182E+02 -0.41652680E+02 -0.36406749E+02 -0.15393639E+02
 -0.70430367E+01 -0.39002543E+01 -0.25971064E+01 -0.19056551E+01 -0.15042751E+01
 -0.11869834E+01 -0.99227117E+00 -0.82484559E+00 -0.68741219E+00 -0.57878290E+00
 -0.47232113E+00 -0.38527729E+00 -0.31787018E+00 -0.26454663E+00 -0.21988054E+00
 -0.17758677E+00 -0.12983212E+00 -0.78840676E-01 -0.23964406E-01
  0.00000000E+00  0.00000000E+00  0.00000000E+00  0.00000000E+00  0.00000000E+00
  0.00000000E+00  0.00000000E+00  0.00000000E+00  0.00000000E+00  0.00000000E+00
  0.00000000E+00  0.00000000E+00  0.00000000E+00  0.00000000E+00  0.00000000E+00
  0.00000000E+00  0.00000000E+00  0.00000000E+00  0.00000000E+00  0.00000000E+00
  0.00000000E+00  0.00000000E+00  0.00000000E+00  0.00000000E+00  0.00000000E+00
  0.00000000E+00  0.00000000E+00  0.00000000E+00  0.00000000E+00  0.00000000E+00
  0.00000000E+00  0.00000000E+00  0.00000000E+00  0.00000000E+00  0.00000000E+00
  0.00000000E+00  0.00000000E+00  0.00000000E+00  0.00000000E+00 -0.69906175E-02
 -0.54755589E+00 -0.69779541E+01 -0.32810800E+02 -0.32581709E+02 -0.14226774E+02
 -0.66432894E+01 -0.37369639E+01 -0.24103018E+01 -0.17855677E+01 -0.13970851E+01
 -0.11238494E+01 -0.90893346E+00 -0.76183479E+00 -0.64298804E+00 -0.53023761E+00
 -0.43471996E+00 -0.35779282E+00 -0.30051089E+00 -0.24643996E+00 -0.20661714E+00
 -0.16292788E+00 -0.12185151E+00 -0.76429799E-01 -0.24016234E-01
  0.00000000E+00  0.00000000E+00  0.00000000E+00  0.00000000E+00  0.00000000E+00
  0.00000000E+00  0.00000000E+00  0.00000000E+00  0.00000000E+00  0.00000000E+00
  0.00000000E+00  0.00000000E+00  0.00000000E+00  0.00000000E+00  0.00000000E+00
  0.00000000E+00  0.00000000E+00  0.00000000E+00  0.00000000E+00  0.00000000E+00
  0.00000000E+00  0.00000000E+00  0.00000000E+00  0.00000000E+00  0.00000000E+00
  0.00000000E+00  0.00000000E+00  0.00000000E+00  0.00000000E+00  0.00000000E+00
  0.00000000E+00  0.00000000E+00  0.00000000E+00  0.00000000E+00  0.00000000E+00
  0.00000000E+00  0.00000000E+00  0.00000000E+00  0.00000000E+00  0.00000000E+00
 -0.30358631E+00 -0.54751719E+01 -0.28421609E+02 -0.31242814E+02 -0.14453503E+02
 -0.65187124E+01 -0.35714007E+01 -0.23047440E+01 -0.17555389E+01 -0.13246675E+01
 -0.10420948E+01 -0.83410525E+00 -0.70801863E+00 -0.58420395E+00 -0.48721848E+00
 -0.41458821E+00 -0.33903204E+00 -0.27565895E+00 -0.23267826E+00 -0.19497089E+00
 -0.15816993E+00 -0.11916658E+00 -0.75974311E-01 -0.24434083E-01
  0.00000000E+00  0.00000000E+00  0.00000000E+00  0.00000000E+00  0.00000000E+00
  0.00000000E+00  0.00000000E+00  0.00000000E+00  0.00000000E+00  0.00000000E+00
  0.00000000E+00  0.00000000E+00  0.00000000E+00  0.00000000E+00  0.00000000E+00
  0.00000000E+00  0.00000000E+00  0.00000000E+00  0.00000000E+00  0.00000000E+00
  0.00000000E+00  0.00000000E+00  0.00000000E+00  0.00000000E+00  0.00000000E+00
  0.00000000E+00  0.00000000E+00  0.00000000E+00  0.00000000E+00  0.00000000E+00
  0.00000000E+00  0.00000000E+00  0.00000000E+00  0.00000000E+00  0.00000000E+00
  0.00000000E+00  0.00000000E+00  0.00000000E+00  0.00000000E+00 -0.32066544E-01
 -0.44538092E+00 -0.41101908E+01 -0.24048284E+02 -0.30373979E+02 -0.14706380E+02
 -0.64655116E+01 -0.35361778E+01 -0.23000452E+01 -0.16520829E+01 -0.12460038E+01
 -0.98953897E+00 -0.79822597E+00 -0.66050984E+00 -0.54940167E+00 -0.45808628E+00
 -0.38283929E+00 -0.31962571E+00 -0.27297407E+00 -0.22608661E+00 -0.18475434E+00
 -0.15407373E+00 -0.11670853E+00 -0.74311728E-01 -0.23600678E-01
  0.00000000E+00  0.00000000E+00  0.00000000E+00  0.00000000E+00  0.00000000E+00
  0.00000000E+00  0.00000000E+00  0.00000000E+00  0.00000000E+00  0.00000000E+00
  0.00000000E+00  0.00000000E+00  0.00000000E+00  0.00000000E+00  0.00000000E+00
  0.00000000E+00  0.00000000E+00  0.00000000E+00  0.00000000E+00  0.00000000E+00
  0.00000000E+00  0.00000000E+00  0.00000000E+00  0.00000000E+00  0.00000000E+00
  0.00000000E+00  0.00000000E+00  0.00000000E+00  0.00000000E+00  0.00000000E+00
  0.00000000E+00  0.00000000E+00  0.00000000E+00  0.00000000E+00  0.00000000E+00
  0.00000000E+00  0.00000000E+00  0.00000000E+00  0.00000000E+00  0.00000000E+00
 -0.30072194E+00 -0.31629789E+01 -0.21602156E+02 -0.30754689E+02 -0.15160598E+02
 -0.67264281E+01 -0.35641830E+01 -0.22122310E+01 -0.15418850E+01 -0.11976937E+01
 -0.96277577E+00 -0.76224013E+00 -0.62156693E+00 -0.51363039E+00 -0.43814811E+00
 -0.36147250E+00 -0.30145959E+00 -0.25393057E+00 -0.21770755E+00 -0.17574087E+00
 -0.15193900E+00 -0.11359157E+00 -0.72252831E-01 -0.23650845E-01
  0.00000000E+00  0.00000000E+00  0.00000000E+00  0.00000000E+00  0.00000000E+00
  0.00000000E+00  0.00000000E+00  0.00000000E+00  0.00000000E+00  0.00000000E+00
  0.00000000E+00  0.00000000E+00  0.00000000E+00  0.00000000E+00  0.00000000E+00
  0.00000000E+00  0.00000000E+00  0.00000000E+00  0.00000000E+00  0.00000000E+00
  0.00000000E+00  0.00000000E+00  0.00000000E+00  0.00000000E+00  0.00000000E+00
  0.00000000E+00  0.00000000E+00  0.00000000E+00  0.00000000E+00  0.00000000E+00
  0.00000000E+00  0.00000000E+00  0.00000000E+00  0.00000000E+00  0.00000000E+00
  0.00000000E+00  0.00000000E+00  0.00000000E+00  0.00000000E+00  0.00000000E+00
 -0.13762411E+00 -0.21712593E+01 -0.17392644E+02 -0.29986795E+02 -0.15704164E+02
 -0.70741769E+01 -0.35797239E+01 -0.21411388E+01 -0.14840166E+01 -0.11541554E+01
 -0.90375475E+00 -0.74248069E+00 -0.59646987E+00 -0.49937754E+00 -0.41877241E+00
 -0.34880284E+00 -0.28751140E+00 -0.23811361E+00 -0.21071027E+00 -0.17087105E+00
 -0.14344525E+00 -0.10911724E+00 -0.69467363E-01 -0.22659014E-01
  0.00000000E+00  0.00000000E+00  0.00000000E+00  0.00000000E+00  0.00000000E+00
  0.00000000E+00  0.00000000E+00  0.00000000E+00  0.00000000E+00  0.00000000E+00
  0.00000000E+00  0.00000000E+00  0.00000000E+00  0.00000000E+00  0.00000000E+00
  0.00000000E+00  0.00000000E+00  0.00000000E+00  0.00000000E+00  0.00000000E+00
  0.00000000E+00  0.00000000E+00  0.00000000E+00  0.00000000E+00  0.00000000E+00
  0.00000000E+00  0.00000000E+00  0.00000000E+00  0.00000000E+00  0.00000000E+00
  0.00000000E+00  0.00000000E+00  0.00000000E+00  0.00000000E+00  0.00000000E+00
  0.00000000E+00  0.00000000E+00  0.00000000E+00  0.00000000E+00 -0.10559251E-01
 -0.58325434E-01 -0.16083099E+01 -0.14523236E+02 -0.28144937E+02 -0.16746191E+02
 -0.73158947E+01 -0.35634069E+01 -0.20760334E+01 -0.14702468E+01 -0.10875587E+01
 -0.84840035E+00 -0.69616309E+00 -0.57530787E+00 -0.48782318E+00 -0.39181742E+00
 -0.33750544E+00 -0.27494858E+00 -0.23397996E+00 -0.19894402E+00 -0.16269421E+00
 -0.14231363E+00 -0.10598397E+00 -0.66877706E-01 -0.21406225E-01
  0.00000000E+00  0.00000000E+00  0.00000000E+00  0.00000000E+00  0.00000000E+00
  0.00000000E+00  0.00000000E+00  0.00000000E+00  0.00000000E+00  0.00000000E+00
  0.00000000E+00  0.00000000E+00  0.00000000E+00  0.00000000E+00  0.00000000E+00
  0.00000000E+00  0.00000000E+00  0.00000000E+00  0.00000000E+00  0.00000000E+00
  0.00000000E+00  0.00000000E+00  0.00000000E+00  0.00000000E+00  0.00000000E+00
  0.00000000E+00  0.00000000E+00  0.00000000E+00  0.00000000E+00  0.00000000E+00
  0.00000000E+00  0.00000000E+00  0.00000000E+00  0.00000000E+00  0.00000000E+00
  0.00000000E+00  0.00000000E+00  0.00000000E+00  0.00000000E+00 -0.69633390E-03
 -0.45166097E-01 -0.10888454E+01 -0.12425012E+02 -0.27863449E+02 -0.17475701E+02
 -0.74139748E+01 -0.35526075E+01 -0.20692545E+01 -0.14143105E+01 -0.10375396E+01
 -0.82180440E+00 -0.66280848E+00 -0.54572656E+00 -0.45719897E+00 -0.38076375E+00
 -0.31218666E+00 -0.26676052E+00 -0.22153876E+00 -0.19024671E+00 -0.15461870E+00
 -0.12878081E+00 -0.10159024E+00 -0.65559947E-01 -0.21244699E-01
  0.00000000E+00  0.00000000E+00  0.00000000E+00  0.00000000E+00  0.00000000E+00
  0.00000000E+00  0.00000000E+00  0.00000000E+00  0.00000000E+00  0.00000000E+00
  0.00000000E+00  0.00000000E+00  0.00000000E+00  0.00000000E+00  0.00000000E+00
  0.00000000E+00  0.00000000E+00  0.00000000E+00  0.00000000E+00  0.00000000E+00
  0.00000000E+00  0.00000000E+00  0.00000000E+00  0.00000000E+00  0.00000000E+00
  0.00000000E+00  0.00000000E+00  0.00000000E+00  0.00000000E+00  0.00000000E+00
  0.00000000E+00  0.00000000E+00  0.00000000E+00  0.00000000E+00  0.00000000E+00
  0.00000000E+00  0.00000000E+00  0.00000000E+00  0.00000000E+00  0.00000000E+00
 -0.15628034E-01 -0.10303909E+01 -0.11483807E+02 -0.27119370E+02 -0.17942749E+02
 -0.73739748E+01 -0.35339167E+01 -0.20290186E+01 -0.13468014E+01 -0.98220588E+00
 -0.78684057E+00 -0.63032919E+00 -0.51072975E+00 -0.43412643E+00 -0.36441141E+00
 -0.29722341E+00 -0.25227122E+00 -0.21633942E+00 -0.17561189E+00 -0.15054135E+00
 -0.12090978E+00 -0.96681750E-01 -0.61638670E-01 -0.20607329E-01
  0.00000000E+00  0.00000000E+00  0.00000000E+00  0.00000000E+00  0.00000000E+00
  0.00000000E+00  0.00000000E+00  0.00000000E+00  0.00000000E+00  0.00000000E+00
  0.00000000E+00  0.00000000E+00  0.00000000E+00  0.00000000E+00  0.00000000E+00
  0.00000000E+00  0.00000000E+00  0.00000000E+00  0.00000000E+00  0.00000000E+00
  0.00000000E+00  0.00000000E+00  0.00000000E+00  0.00000000E+00  0.00000000E+00
  0.00000000E+00  0.00000000E+00  0.00000000E+00  0.00000000E+00  0.00000000E+00
  0.00000000E+00  0.00000000E+00  0.00000000E+00  0.00000000E+00  0.00000000E+00
  0.00000000E+00  0.00000000E+00  0.00000000E+00  0.00000000E+00  0.00000000E+00
 -0.14558217E-01 -0.45675236E+00 -0.81578445E+01 -0.21163823E+02 -0.14034645E+02
 -0.57649018E+01 -0.27812820E+01 -0.15316413E+01 -0.10192205E+01 -0.76096749E+00
 -0.58388442E+00 -0.47521731E+00 -0.38595396E+00 -0.32855473E+00 -0.27425096E+00
 -0.22457231E+00 -0.19192740E+00 -0.16345114E+00 -0.13799434E+00 -0.11658142E+00
 -0.90702360E-01 -0.70312242E-01 -0.48506834E-01 -0.15348006E-01
  0.00000000E+00  0.00000000E+00  0.00000000E+00  0.00000000E+00  0.00000000E+00
  0.00000000E+00  0.00000000E+00  0.00000000E+00  0.00000000E+00  0.00000000E+00
  0.00000000E+00  0.00000000E+00  0.00000000E+00  0.00000000E+00  0.00000000E+00
  0.00000000E+00  0.00000000E+00  0.00000000E+00  0.00000000E+00  0.00000000E+00
  0.00000000E+00  0.00000000E+00  0.00000000E+00  0.00000000E+00  0.00000000E+00
  0.00000000E+00  0.00000000E+00  0.00000000E+00  0.00000000E+00  0.00000000E+00
  0.00000000E+00  0.00000000E+00  0.00000000E+00  0.00000000E+00  0.00000000E+00
  0.00000000E+00  0.00000000E+00  0.00000000E+00  0.00000000E+00  0.00000000E+00
 -0.17618699E-01 -0.49431015E+00 -0.78677495E+01 -0.22319365E+02 -0.15747435E+02
 -0.66476621E+01 -0.31218598E+01 -0.16767811E+01 -0.11167095E+01 -0.83710220E+00
 -0.64231205E+00 -0.52099631E+00 -0.42102549E+00 -0.35852362E+00 -0.29725664E+00
 -0.25050322E+00 -0.20973533E+00 -0.17969893E+00 -0.15125565E+00 -0.12690505E+00
 -0.10262851E+00 -0.76583727E-01 -0.51118515E-01 -0.17439917E-01
  0.00000000E+00  0.00000000E+00  0.00000000E+00  0.00000000E+00  0.00000000E+00
  0.00000000E+00  0.00000000E+00  0.00000000E+00  0.00000000E+00  0.00000000E+00
  0.00000000E+00  0.00000000E+00  0.00000000E+00  0.00000000E+00  0.00000000E+00
  0.00000000E+00  0.00000000E+00  0.00000000E+00  0.00000000E+00  0.00000000E+00
  0.00000000E+00  0.00000000E+00  0.00000000E+00  0.00000000E+00  0.00000000E+00
  0.00000000E+00  0.00000000E+00  0.00000000E+00  0.00000000E+00  0.00000000E+00
  0.00000000E+00  0.00000000E+00  0.00000000E+00  0.00000000E+00  0.00000000E+00
  0.00000000E+00  0.00000000E+00  0.00000000E+00  0.00000000E+00  0.00000000E+00
 -0.81279350E-01 -0.76840964E+00 -0.81753845E+01 -0.24273372E+02 -0.17590384E+02
 -0.74864411E+01 -0.34636482E+01 -0.18714480E+01 -0.12295650E+01 -0.91180499E+00
 -0.71089128E+00 -0.57275727E+00 -0.46952987E+00 -0.38922289E+00 -0.32502692E+00
 -0.27772445E+00 -0.23770616E+00 -0.19570296E+00 -0.16948939E+00 -0.13818938E+00
 -0.11367947E+00 -0.85411829E-01 -0.54107951E-01 -0.18489103E-01
  0.00000000E+00  0.00000000E+00  0.00000000E+00  0.00000000E+00  0.00000000E+00
  0.00000000E+00  0.00000000E+00  0.00000000E+00  0.00000000E+00  0.00000000E+00
  0.00000000E+00  0.00000000E+00  0.00000000E+00  0.00000000E+00  0.00000000E+00
  0.00000000E+00  0.00000000E+00  0.00000000E+00  0.00000000E+00  0.00000000E+00
  0.00000000E+00  0.00000000E+00  0.00000000E+00  0.00000000E+00  0.00000000E+00
  0.00000000E+00  0.00000000E+00  0.00000000E+00  0.00000000E+00  0.00000000E+00
  0.00000000E+00  0.00000000E+00  0.00000000E+00  0.00000000E+00  0.00000000E+00
  0.00000000E+00  0.00000000E+00  0.00000000E+00  0.00000000E+00 -0.13274807E-01
 -0.26842807E-01 -0.61227000E+00 -0.87349357E+01 -0.26064846E+02 -0.19217575E+02
 -0.81878166E+01 -0.37741008E+01 -0.20009188E+01 -0.13443034E+01 -0.99872590E+00
 -0.77202864E+00 -0.61952525E+00 -0.51582230E+00 -0.42909900E+00 -0.34670445E+00
 -0.29381928E+00 -0.25355739E+00 -0.20991923E+00 -0.18507991E+00 -0.15121191E+00
 -0.12465900E+00 -0.93826672E-01 -0.60397686E-01 -0.20102832E-01
  0.00000000E+00  0.00000000E+00  0.00000000E+00  0.00000000E+00  0.00000000E+00
  0.00000000E+00  0.00000000E+00  0.00000000E+00  0.00000000E+00  0.00000000E+00
  0.00000000E+00  0.00000000E+00  0.00000000E+00  0.00000000E+00  0.00000000E+00
  0.00000000E+00  0.00000000E+00  0.00000000E+00  0.00000000E+00  0.00000000E+00
  0.00000000E+00  0.00000000E+00  0.00000000E+00  0.00000000E+00  0.00000000E+00
  0.00000000E+00  0.00000000E+00  0.00000000E+00  0.00000000E+00  0.00000000E+00
  0.00000000E+00  0.00000000E+00  0.00000000E+00  0.00000000E+00  0.00000000E+00
  0.00000000E+00  0.00000000E+00  0.00000000E+00  0.00000000E+00 -0.10152999E-01
  0.00000000E+00 -0.81046882E+00 -0.10046555E+02 -0.29303229E+02 -0.20353400E+02
 -0.87359722E+01 -0.40215375E+01 -0.22166163E+01 -0.14687692E+01 -0.10853227E+01
 -0.82259704E+00 -0.66585100E+00 -0.56618087E+00 -0.47284481E+00 -0.37933089E+00
 -0.32065149E+00 -0.27330498E+00 -0.23123975E+00 -0.19632637E+00 -0.16669323E+00
 -0.13619134E+00 -0.10200961E+00 -0.66980600E-01 -0.22674321E-01
  0.00000000E+00  0.00000000E+00  0.00000000E+00  0.00000000E+00  0.00000000E+00
  0.00000000E+00  0.00000000E+00  0.00000000E+00  0.00000000E+00  0.00000000E+00
  0.00000000E+00  0.00000000E+00  0.00000000E+00  0.00000000E+00  0.00000000E+00
  0.00000000E+00  0.00000000E+00  0.00000000E+00  0.00000000E+00  0.00000000E+00
  0.00000000E+00  0.00000000E+00  0.00000000E+00  0.00000000E+00  0.00000000E+00
  0.00000000E+00  0.00000000E+00  0.00000000E+00  0.00000000E+00  0.00000000E+00
  0.00000000E+00  0.00000000E+00  0.00000000E+00  0.00000000E+00  0.00000000E+00
  0.00000000E+00  0.00000000E+00  0.00000000E+00  0.00000000E+00 -0.17085374E-02
 -0.84559100E-01 -0.12664588E+01 -0.13764685E+02 -0.30936380E+02 -0.21213722E+02
 -0.91039800E+01 -0.43064146E+01 -0.23948806E+01 -0.15808181E+01 -0.11623071E+01
 -0.88852886E+00 -0.71430737E+00 -0.60471566E+00 -0.50149219E+00 -0.41832088E+00
 -0.34738666E+00 -0.29605673E+00 -0.25370809E+00 -0.21599811E+00 -0.17718613E+00
 -0.14976202E+00 -0.11119983E+00 -0.74376088E-01 -0.25710806E-01
  0.00000000E+00  0.00000000E+00  0.00000000E+00  0.00000000E+00  0.00000000E+00
  0.00000000E+00  0.00000000E+00  0.00000000E+00  0.00000000E+00  0.00000000E+00
  0.00000000E+00  0.00000000E+00  0.00000000E+00  0.00000000E+00  0.00000000E+00
  0.00000000E+00  0.00000000E+00  0.00000000E+00  0.00000000E+00  0.00000000E+00
  0.00000000E+00  0.00000000E+00  0.00000000E+00  0.00000000E+00  0.00000000E+00
  0.00000000E+00  0.00000000E+00  0.00000000E+00  0.00000000E+00  0.00000000E+00
  0.00000000E+00  0.00000000E+00  0.00000000E+00  0.00000000E+00  0.00000000E+00
  0.00000000E+00  0.00000000E+00  0.00000000E+00  0.00000000E+00 -0.74796463E-02
 -0.15057625E+00 -0.18932354E+01 -0.17513688E+02 -0.34281299E+02 -0.21499753E+02
 -0.89981780E+01 -0.43306810E+01 -0.25118018E+01 -0.16695829E+01 -0.12302665E+01
 -0.95399958E+00 -0.76522578E+00 -0.63660512E+00 -0.53203577E+00 -0.45154053E+00
 -0.36308921E+00 -0.32028236E+00 -0.27376851E+00 -0.22622001E+00 -0.19011090E+00
 -0.16133697E+00 -0.12103268E+00 -0.80927417E-01 -0.26965470E-01
  0.00000000E+00  0.00000000E+00  0.00000000E+00  0.00000000E+00  0.00000000E+00
  0.00000000E+00  0.00000000E+00  0.00000000E+00  0.00000000E+00  0.00000000E+00
  0.00000000E+00  0.00000000E+00  0.00000000E+00  0.00000000E+00  0.00000000E+00
  0.00000000E+00  0.00000000E+00  0.00000000E+00  0.00000000E+00  0.00000000E+00
  0.00000000E+00  0.00000000E+00  0.00000000E+00  0.00000000E+00  0.00000000E+00
  0.00000000E+00  0.00000000E+00  0.00000000E+00  0.00000000E+00  0.00000000E+00
  0.00000000E+00  0.00000000E+00  0.00000000E+00  0.00000000E+00  0.00000000E+00
  0.00000000E+00  0.00000000E+00  0.00000000E+00  0.00000000E+00 -0.71581608E-02
 -0.22487329E+00 -0.35444837E+01 -0.23147231E+02 -0.35139385E+02 -0.20643477E+02
 -0.88426878E+01 -0.43584068E+01 -0.26136102E+01 -0.17445573E+01 -0.12943548E+01
 -0.99869132E+00 -0.80567499E+00 -0.67264854E+00 -0.56654696E+00 -0.47116144E+00
 -0.40222161E+00 -0.34097308E+00 -0.28690821E+00 -0.23971350E+00 -0.20442586E+00
 -0.16404137E+00 -0.13021136E+00 -0.85535345E-01 -0.29555879E-01
  0.00000000E+00  0.00000000E+00  0.00000000E+00  0.00000000E+00  0.00000000E+00
  0.00000000E+00  0.00000000E+00  0.00000000E+00  0.00000000E+00  0.00000000E+00
  0.00000000E+00  0.00000000E+00  0.00000000E+00  0.00000000E+00  0.00000000E+00
  0.00000000E+00  0.00000000E+00  0.00000000E+00  0.00000000E+00  0.00000000E+00
  0.00000000E+00  0.00000000E+00  0.00000000E+00  0.00000000E+00  0.00000000E+00
  0.00000000E+00  0.00000000E+00  0.00000000E+00  0.00000000E+00  0.00000000E+00
  0.00000000E+00  0.00000000E+00  0.00000000E+00  0.00000000E+00  0.00000000E+00
  0.00000000E+00  0.00000000E+00  0.00000000E+00  0.00000000E+00 -0.85595197E-03
 -0.50977009E+00 -0.61284295E+01 -0.31135118E+02 -0.36058262E+02 -0.19028690E+02
 -0.82336938E+01 -0.42833799E+01 -0.25458939E+01 -0.17973034E+01 -0.13481533E+01
 -0.10496534E+01 -0.84305523E+00 -0.70121975E+00 -0.59289586E+00 -0.50395327E+00
 -0.43183804E+00 -0.36089565E+00 -0.29413104E+00 -0.25218896E+00 -0.21612677E+00
 -0.17778533E+00 -0.13848398E+00 -0.93188582E-01 -0.30205590E-01
  0.00000000E+00  0.00000000E+00  0.00000000E+00  0.00000000E+00  0.00000000E+00
  0.00000000E+00  0.00000000E+00  0.00000000E+00  0.00000000E+00  0.00000000E+00
  0.00000000E+00  0.00000000E+00  0.00000000E+00  0.00000000E+00  0.00000000E+00
  0.00000000E+00  0.00000000E+00  0.00000000E+00  0.00000000E+00  0.00000000E+00
  0.00000000E+00  0.00000000E+00  0.00000000E+00  0.00000000E+00  0.00000000E+00
  0.00000000E+00  0.00000000E+00  0.00000000E+00  0.00000000E+00  0.00000000E+00
  0.00000000E+00  0.00000000E+00  0.00000000E+00  0.00000000E+00  0.00000000E+00
  0.00000000E+00  0.00000000E+00  0.00000000E+00  0.00000000E+00 -0.90270401E-01
 -0.80084030E+00 -0.12858073E+02 -0.38550454E+02 -0.34252018E+02 -0.16051379E+02
 -0.74847725E+01 -0.40733092E+01 -0.24985052E+01 -0.18140533E+01 -0.13522689E+01
 -0.10669513E+01 -0.87422714E+00 -0.73746699E+00 -0.60526053E+00 -0.52340666E+00
 -0.43689641E+00 -0.37593516E+00 -0.30969956E+00 -0.26374146E+00 -0.21714527E+00
 -0.18422868E+00 -0.14707062E+00 -0.94611730E-01 -0.30978174E-01
  0.00000000E+00  0.00000000E+00  0.00000000E+00  0.00000000E+00  0.00000000E+00
  0.00000000E+00  0.00000000E+00  0.00000000E+00  0.00000000E+00  0.00000000E+00
  0.00000000E+00  0.00000000E+00  0.00000000E+00  0.00000000E+00  0.00000000E+00
  0.00000000E+00  0.00000000E+00  0.00000000E+00  0.00000000E+00  0.00000000E+00
  0.00000000E+00  0.00000000E+00  0.00000000E+00  0.00000000E+00  0.00000000E+00
  0.00000000E+00  0.00000000E+00  0.00000000E+00  0.00000000E+00  0.00000000E+00
  0.00000000E+00  0.00000000E+00  0.00000000E+00  0.00000000E+00  0.00000000E+00
  0.00000000E+00  0.00000000E+00  0.00000000E+00 -0.14497525E-01 -0.14511454E+00
 -0.32328563E+01 -0.21740756E+02 -0.43548434E+02 -0.29962389E+02 -0.13565090E+02
 -0.64966551E+01 -0.37278770E+01 -0.23965898E+01 -0.17849121E+01 -0.13623016E+01
 -0.10767135E+01 -0.87996540E+00 -0.74481037E+00 -0.63563201E+00 -0.52818039E+00
 -0.45267214E+00 -0.37893236E+00 -0.32947637E+00 -0.27376773E+00 -0.22613342E+00
 -0.18967213E+00 -0.14899766E+00 -0.94004018E-01 -0.30964563E-01
  0.00000000E+00  0.00000000E+00  0.00000000E+00  0.00000000E+00  0.00000000E+00
  0.00000000E+00  0.00000000E+00  0.00000000E+00  0.00000000E+00  0.00000000E+00
  0.00000000E+00  0.00000000E+00  0.00000000E+00  0.00000000E+00  0.00000000E+00
  0.00000000E+00  0.00000000E+00  0.00000000E+00  0.00000000E+00  0.00000000E+00
  0.00000000E+00  0.00000000E+00  0.00000000E+00  0.00000000E+00  0.00000000E+00
  0.00000000E+00  0.00000000E+00  0.00000000E+00  0.00000000E+00  0.00000000E+00
  0.00000000E+00  0.00000000E+00  0.00000000E+00  0.00000000E+00  0.00000000E+00
  0.00000000E+00  0.00000000E+00  0.00000000E+00 -0.31333718E-01 -0.81314596E+00
 -0.78156386E+01 -0.34088300E+02 -0.43226947E+02 -0.23672150E+02 -0.10997541E+02
 -0.56114091E+01 -0.33752884E+01 -0.22999028E+01 -0.16946594E+01 -0.13162232E+01
 -0.10795486E+01 -0.90182540E+00 -0.73678696E+00 -0.63325624E+00 -0.54374874E+00
 -0.45557189E+00 -0.37965279E+00 -0.32795084E+00 -0.27929055E+00 -0.24240579E+00
 -0.19349586E+00 -0.14592619E+00 -0.94823167E-01 -0.32132091E-01
  0.00000000E+00  0.00000000E+00  0.00000000E+00  0.00000000E+00  0.00000000E+00
  0.00000000E+00  0.00000000E+00  0.00000000E+00  0.00000000E+00  0.00000000E+00
  0.00000000E+00  0.00000000E+00  0.00000000E+00  0.00000000E+00  0.00000000E+00
  0.00000000E+00  0.00000000E+00  0.00000000E+00  0.00000000E+00  0.00000000E+00
  0.00000000E+00  0.00000000E+00  0.00000000E+00  0.00000000E+00  0.00000000E+00
  0.00000000E+00  0.00000000E+00  0.00000000E+00  0.00000000E+00  0.00000000E+00
  0.00000000E+00  0.00000000E+00  0.00000000E+00  0.00000000E+00  0.00000000E+00
  0.00000000E+00  0.00000000E+00  0.00000000E+00 -0.30421790E+00 -0.21434506E+01
 -0.15160486E+02 -0.44797171E+02 -0.38874622E+02 -0.18636495E+02 -0.88082927E+01
 -0.48011184E+01 -0.29842180E+01 -0.21696199E+01 -0.16188276E+01 -0.12852304E+01
 -0.10604593E+01 -0.88382277E+00 -0.73342563E+00 -0.62293712E+00 -0.53398936E+00
 -0.45503829E+00 -0.37795481E+00 -0.33232356E+00 -0.28128968E+00 -0.23769325E+00
 -0.19246889E+00 -0.14444675E+00 -0.95805062E-01 -0.30658096E-01
  0.00000000E+00  0.00000000E+00  0.00000000E+00  0.00000000E+00  0.00000000E+00
  0.00000000E+00  0.00000000E+00  0.00000000E+00  0.00000000E+00  0.00000000E+00
  0.00000000E+00  0.00000000E+00  0.00000000E+00  0.00000000E+00  0.00000000E+00
  0.00000000E+00  0.00000000E+00  0.00000000E+00  0.00000000E+00  0.00000000E+00
  0.00000000E+00  0.00000000E+00  0.00000000E+00  0.00000000E+00  0.00000000E+00
  0.00000000E+00  0.00000000E+00  0.00000000E+00  0.00000000E+00  0.00000000E+00
  0.00000000E+00  0.00000000E+00  0.00000000E+00  0.00000000E+00  0.00000000E+00
  0.00000000E+00  0.00000000E+00 -0.12860402E-01 -0.45537644E+00 -0.65285485E+01
 -0.31306941E+02 -0.51296566E+02 -0.30970971E+02 -0.13776787E+02 -0.70427803E+01
 -0.40671246E+01 -0.26729551E+01 -0.19662292E+01 -0.15400546E+01 -0.12233132E+01
 -0.10217981E+01 -0.84507460E+00 -0.71235172E+00 -0.60789526E+00 -0.52351452E+00
 -0.43602795E+00 -0.37714677E+00 -0.32129758E+00 -0.27691425E+00 -0.23227720E+00
 -0.19272449E+00 -0.14158054E+00 -0.90543449E-01 -0.29199357E-01
  0.00000000E+00  0.00000000E+00  0.00000000E+00  0.00000000E+00  0.00000000E+00
  0.00000000E+00  0.00000000E+00  0.00000000E+00  0.00000000E+00  0.00000000E+00
  0.00000000E+00  0.00000000E+00  0.00000000E+00  0.00000000E+00  0.00000000E+00
  0.00000000E+00  0.00000000E+00  0.00000000E+00  0.00000000E+00  0.00000000E+00
  0.00000000E+00  0.00000000E+00  0.00000000E+00  0.00000000E+00  0.00000000E+00
  0.00000000E+00  0.00000000E+00  0.00000000E+00  0.00000000E+00  0.00000000E+00
  0.00000000E+00  0.00000000E+00  0.00000000E+00  0.00000000E+00  0.00000000E+00
  0.00000000E+00  0.00000000E+00 -0.29991474E-01 -0.13484544E+01 -0.13291039E+02
 -0.48715469E+02 -0.47730452E+02 -0.23322466E+02 -0.10508280E+02 -0.55642716E+01
 -0.34774949E+01 -0.23851386E+01 -0.18046466E+01 -0.14394137E+01 -0.11759817E+01
 -0.97126796E+00 -0.81887931E+00 -0.69781971E+00 -0.58410377E+00 -0.49364137E+00
 -0.42403738E+00 -0.36235042E+00 -0.30748833E+00 -0.26740022E+00 -0.22135533E+00
 -0.18129639E+00 -0.13545141E+00 -0.85889283E-01 -0.26722099E-01
  0.00000000E+00  0.00000000E+00  0.00000000E+00  0.00000000E+00  0.00000000E+00
  0.00000000E+00  0.00000000E+00  0.00000000E+00  0.00000000E+00  0.00000000E+00
  0.00000000E+00  0.00000000E+00  0.00000000E+00  0.00000000E+00  0.00000000E+00
  0.00000000E+00  0.00000000E+00  0.00000000E+00  0.00000000E+00  0.00000000E+00
  0.00000000E+00  0.00000000E+00  0.00000000E+00  0.00000000E+00  0.00000000E+00
  0.00000000E+00  0.00000000E+00  0.00000000E+00  0.00000000E+00  0.00000000E+00
  0.00000000E+00  0.00000000E+00  0.00000000E+00  0.00000000E+00  0.00000000E+00
  0.00000000E+00 -0.26034020E-01 -0.21091241E+00 -0.34505967E+01 -0.28450977E+02
 -0.57567919E+02 -0.39091010E+02 -0.17080529E+02 -0.81174843E+01 -0.45775678E+01
 -0.30405030E+01 -0.22120538E+01 -0.16866389E+01 -0.13732227E+01 -0.11104275E+01
 -0.93123853E+00 -0.78077956E+00 -0.66166408E+00 -0.56312755E+00 -0.47908137E+00
 -0.41638815E+00 -0.34406947E+00 -0.29351035E+00 -0.25421823E+00 -0.21173327E+00
 -0.17525763E+00 -0.12608951E+00 -0.79811344E-01 -0.25597036E-01
  0.00000000E+00  0.00000000E+00  0.00000000E+00  0.00000000E+00  0.00000000E+00
  0.00000000E+00  0.00000000E+00  0.00000000E+00  0.00000000E+00  0.00000000E+00
  0.00000000E+00  0.00000000E+00  0.00000000E+00  0.00000000E+00  0.00000000E+00
  0.00000000E+00  0.00000000E+00  0.00000000E+00  0.00000000E+00  0.00000000E+00
  0.00000000E+00  0.00000000E+00  0.00000000E+00  0.00000000E+00  0.00000000E+00
  0.00000000E+00  0.00000000E+00  0.00000000E+00  0.00000000E+00  0.00000000E+00
  0.00000000E+00  0.00000000E+00  0.00000000E+00  0.00000000E+00  0.00000000E+00
  0.00000000E+00 -0.14988812E+00 -0.10473075E+01 -0.95459118E+01 -0.45640769E+02
 -0.59209383E+02 -0.30587170E+02 -0.12710121E+02 -0.65606843E+01 -0.38733843E+01
 -0.27177577E+01 -0.20602739E+01 -0.15787367E+01 -0.12889768E+01 -0.10583545E+01
 -0.88765969E+00 -0.73114009E+00 -0.62034285E+00 -0.53621410E+00 -0.45402726E+00
 -0.39458638E+00 -0.33202624E+00 -0.28305574E+00 -0.23677579E+00 -0.19778649E+00
 -0.16172409E+00 -0.12394534E+00 -0.75003864E-01 -0.22828695E-01
  0.00000000E+00  0.00000000E+00  0.00000000E+00  0.00000000E+00  0.00000000E+00
  0.00000000E+00  0.00000000E+00  0.00000000E+00  0.00000000E+00  0.00000000E+00
  0.00000000E+00  0.00000000E+00  0.00000000E+00  0.00000000E+00  0.00000000E+00
  0.00000000E+00  0.00000000E+00  0.00000000E+00  0.00000000E+00  0.00000000E+00
  0.00000000E+00  0.00000000E+00  0.00000000E+00  0.00000000E+00  0.00000000E+00
  0.00000000E+00  0.00000000E+00  0.00000000E+00  0.00000000E+00  0.00000000E+00
  0.00000000E+00  0.00000000E+00  0.00000000E+00  0.00000000E+00  0.00000000E+00
 -0.49102400E-02 -0.91615517E-01 -0.17610271E+01 -0.19181280E+02 -0.62020608E+02
 -0.52205385E+02 -0.22941961E+02 -0.10242721E+02 -0.54053505E+01 -0.34994836E+01
 -0.25032041E+01 -0.19322896E+01 -0.15265165E+01 -0.12415273E+01 -0.10278857E+01
 -0.85252455E+00 -0.70537908E+00 -0.59856556E+00 -0.51165718E+00 -0.43334518E+00
 -0.37385802E+00 -0.31334484E+00 -0.26969558E+00 -0.22435892E+00 -0.18765266E+00
 -0.15407675E+00 -0.11596576E+00 -0.70548151E-01 -0.21047138E-01
  0.00000000E+00  0.00000000E+00  0.00000000E+00  0.00000000E+00  0.00000000E+00
  0.00000000E+00  0.00000000E+00  0.00000000E+00  0.00000000E+00  0.00000000E+00
  0.00000000E+00  0.00000000E+00  0.00000000E+00  0.00000000E+00  0.00000000E+00
  0.00000000E+00  0.00000000E+00  0.00000000E+00  0.00000000E+00  0.00000000E+00
  0.00000000E+00  0.00000000E+00  0.00000000E+00  0.00000000E+00  0.00000000E+00
  0.00000000E+00  0.00000000E+00  0.00000000E+00  0.00000000E+00  0.00000000E+00
  0.00000000E+00  0.00000000E+00  0.00000000E+00  0.00000000E+00  0.00000000E+00
  0.00000000E+00 -0.46245477E+00 -0.43999411E+01 -0.35273311E+02 -0.71196148E+02
 -0.41985453E+02 -0.17917199E+02 -0.87941090E+01 -0.47820183E+01 -0.32665906E+01
 -0.24014561E+01 -0.18403297E+01 -0.14952328E+01 -0.12144776E+01 -0.99647715E+00
 -0.83987018E+00 -0.69807838E+00 -0.59256079E+00 -0.50830110E+00 -0.42314975E+00
 -0.36294584E+00 -0.31008697E+00 -0.26196479E+00 -0.22101809E+00 -0.18175495E+00
 -0.14671046E+00 -0.10683584E+00 -0.66075351E-01 -0.19307082E-01
  0.00000000E+00  0.00000000E+00  0.00000000E+00  0.00000000E+00  0.00000000E+00
  0.00000000E+00  0.00000000E+00  0.00000000E+00  0.00000000E+00  0.00000000E+00
  0.00000000E+00  0.00000000E+00  0.00000000E+00  0.00000000E+00  0.00000000E+00
  0.00000000E+00  0.00000000E+00  0.00000000E+00  0.00000000E+00  0.00000000E+00
  0.00000000E+00  0.00000000E+00  0.00000000E+00  0.00000000E+00  0.00000000E+00
  0.00000000E+00  0.00000000E+00  0.00000000E+00  0.00000000E+00  0.00000000E+00
  0.00000000E+00  0.00000000E+00  0.00000000E+00  0.00000000E+00  0.00000000E+00
 -0.10188704E+00 -0.78789655E+00 -0.84302599E+01 -0.51743707E+02 -0.72474224E+02
 -0.37287794E+02 -0.15302201E+02 -0.78200352E+01 -0.46802240E+01 -0.31807253E+01
 -0.24037491E+01 -0.18460158E+01 -0.15024618E+01 -0.12300686E+01 -0.10307102E+01
 -0.84821650E+00 -0.71269202E+00 -0.60761342E+00 -0.49500896E+00 -0.42770039E+00
 -0.36177941E+00 -0.30430999E+00 -0.26365825E+00 -0.21762602E+00 -0.18230629E+00
 -0.14482003E+00 -0.10739547E+00 -0.63974289E-01 -0.17914703E-01
  0.00000000E+00  0.00000000E+00  0.00000000E+00  0.00000000E+00  0.00000000E+00
  0.00000000E+00  0.00000000E+00  0.00000000E+00  0.00000000E+00  0.00000000E+00
  0.00000000E+00  0.00000000E+00  0.00000000E+00  0.00000000E+00  0.00000000E+00
  0.00000000E+00  0.00000000E+00  0.00000000E+00  0.00000000E+00  0.00000000E+00
  0.00000000E+00  0.00000000E+00  0.00000000E+00  0.00000000E+00  0.00000000E+00
  0.00000000E+00  0.00000000E+00  0.00000000E+00  0.00000000E+00  0.00000000E+00
  0.00000000E+00  0.00000000E+00  0.00000000E+00  0.00000000E+00 -0.60113649E-02
 -0.91464671E-01 -0.16446730E+01 -0.16480210E+02 -0.72177341E+02 -0.77858026E+02
 -0.35427903E+02 -0.14778926E+02 -0.75469305E+01 -0.47441966E+01 -0.33571398E+01
 -0.25331817E+01 -0.19941478E+01 -0.15955106E+01 -0.13206790E+01 -0.10953643E+01
 -0.91114517E+00 -0.75077346E+00 -0.62996397E+00 -0.52483133E+00 -0.44331463E+00
 -0.38068177E+00 -0.32295392E+00 -0.26995328E+00 -0.22461003E+00 -0.18487285E+00
 -0.14655461E+00 -0.10410534E+00 -0.62018631E-01 -0.17033081E-01
  0.00000000E+00  0.00000000E+00 -0.82591507E-01  0.00000000E+00  0.00000000E+00
  0.00000000E+00  0.00000000E+00  0.00000000E+00  0.00000000E+00  0.00000000E+00
  0.00000000E+00  0.00000000E+00  0.00000000E+00  0.00000000E+00  0.00000000E+00
  0.00000000E+00  0.00000000E+00  0.00000000E+00  0.00000000E+00  0.00000000E+00
  0.00000000E+00  0.00000000E+00  0.00000000E+00  0.00000000E+00  0.00000000E+00
  0.00000000E+00  0.00000000E+00  0.00000000E+00 -0.12488928E-01 -0.38091323E-01
 -0.25761987E-01 -0.11404472E+00 -0.22291841E+00 -0.66057180E+00 -0.14240599E+01
 -0.46219101E+01 -0.14433249E+02 -0.59548298E+02 -0.15062640E+03 -0.11000859E+03
 -0.41012774E+02 -0.16707669E+02 -0.85148677E+01 -0.52823753E+01 -0.37717115E+01
 -0.28571130E+01 -0.22678404E+01 -0.18387143E+01 -0.15100745E+01 -0.12378529E+01
 -0.10358885E+01 -0.86768344E+00 -0.71587451E+00 -0.61345715E+00 -0.50273129E+00
 -0.41863760E+00 -0.35513356E+00 -0.29704104E+00 -0.24598553E+00 -0.19749246E+00
 -0.15006841E+00 -0.10743249E+00 -0.60999297E-01 -0.16552633E-01
     0     7     2
  0.15054488E+02  0.14801808E+04  0.21084408E+01  0.15459656E+04  0.16270696E+04
  0.00000000E+00  0.00000000E+00
  0.00000000E+00  0.10045443E+04  0.35004116E-01  0.10243916E+04  0.19971226E+04
  0.00000000E+00  0.00000000E+00
  0.39067094E+18  0.41254670E+22  0.10743451E+19  0.42602576E+22  0.69802011E+22
  0.00000000E+00  0.00000000E+00
  0.24084348E+03  0.33860233E+01  0.42793569E+02  0.34908702E+01  0.19493714E+01
  0.00000000E+00  0.00000000E+00
  0.00000000E+00  0.14771403E+22  0.00000000E+00  0.17605568E+22  0.18496203E+22
  0.00000000E+00  0.00000000E+00
  0.00000000E+00  0.16171376E+00  0.00000000E+00  0.15570837E+00  0.50962098E-01
  0.00000000E+00  0.00000000E+00

  0.00000000E+00  0.13226091E+22  0.97667735E+18  0.14020222E+22  0.14078724E+22
  0.00000000E+00  0.00000000E+00
  0.00000000E+00  0.28785692E+22  0.48833867E+17  0.31896745E+22  0.46357847E+22
  0.00000000E+00  0.00000000E+00
  0.00000000E+00  0.27343607E+03  0.00000000E+00  0.30221206E+03  0.37171363E+03
  0.00000000E+00  0.00000000E+00
  0.00000000E+00  0.15728059E+03  0.00000000E+00  0.16921040E+03  0.47949290E+03
  0.00000000E+00  0.00000000E+00
  0.00000000E+00  0.68828918E+21  0.00000000E+00  0.74782067E+21  0.16543307E+22
  0.00000000E+00  0.00000000E+00
  0.00000000E+00  0.38979146E+01  0.00000000E+00  0.40169517E+01  0.18765206E+01
  0.00000000E+00  0.00000000E+00
  0.00000000E+00  0.42364315E+21  0.00000000E+00  0.48133646E+21  0.41335128E+21
  0.00000000E+00  0.00000000E+00
  0.00000000E+00  0.17146593E+00  0.00000000E+00  0.16586288E+00  0.50880072E-01
  0.00000000E+00  0.00000000E+00
  0.00000000E+00  0.24944825E+21  0.00000000E+00  0.27569342E+21  0.31645988E+21
  0.00000000E+00  0.00000000E+00
  0.00000000E+00  0.64306361E+21  0.00000000E+00  0.71740008E+21  0.10822867E+22
  0.00000000E+00  0.00000000E+00
  0.15054488E+02  0.12067447E+04  0.21084408E+01  0.12437535E+04  0.12553560E+04
  0.00000000E+00  0.00000000E+00
  0.00000000E+00  0.84726369E+03  0.35004116E-01  0.85518119E+03  0.15176297E+04
  0.00000000E+00  0.00000000E+00
  0.39067094E+18  0.34371779E+22  0.10743451E+19  0.35124370E+22  0.53258704E+22
  0.00000000E+00  0.00000000E+00
  0.24084348E+03  0.32835179E+01  0.42793569E+02  0.33788640E+01  0.19720005E+01
  0.00000000E+00  0.00000000E+00
  0.00000000E+00  0.10534971E+22  0.00000000E+00  0.12792203E+22  0.14362690E+22
  0.00000000E+00  0.00000000E+00
  0.00000000E+00  0.15779212E+00  0.00000000E+00  0.15188750E+00  0.50985704E-01
  0.00000000E+00  0.00000000E+00
  0.00000000E+00  0.10731609E+22  0.97667735E+18  0.11263287E+22  0.10914125E+22
  0.00000000E+00  0.00000000E+00
  0.00000000E+00  0.22355056E+22  0.48833867E+17  0.24722744E+22  0.35534980E+22
  0.00000000E+00  0.00000000E+00
  0.00000000E+00  0.00000000E+00  0.00000000E+00  0.00000000E+00  0.21943812E+22
  0.00000000E+00  0.00000000E+00
  0.00000000E+00  0.00000000E+00  0.00000000E+00  0.00000000E+00  0.12750726E+22
  0.00000000E+00  0.00000000E+00
  0.00000000E+00  0.00000000E+00  0.00000000E+00  0.00000000E+00  0.45965429E+21
  0.00000000E+00  0.00000000E+00
  0.00000000E+00  0.00000000E+00  0.00000000E+00  0.00000000E+00  0.87671258E+03
  0.00000000E+00  0.00000000E+00
  0.00000000E+00  0.00000000E+00  0.00000000E+00  0.00000000E+00  0.00000000E+00
  0.00000000E+00  0.00000000E+00
  0.00000000E+00  0.00000000E+00  0.00000000E+00  0.00000000E+00  0.21943812E+22
  0.00000000E+00  0.00000000E+00
  0.00000000E+00  0.00000000E+00  0.00000000E+00  0.00000000E+00  0.12750726E+22
  0.00000000E+00  0.00000000E+00
  0.00000000E+00  0.00000000E+00  0.00000000E+00  0.00000000E+00  0.45965429E+21
  0.00000000E+00  0.00000000E+00
  0.00000000E+00  0.00000000E+00  0.00000000E+00  0.00000000E+00  0.87671258E+03
  0.00000000E+00  0.00000000E+00
  0.00000000E+00  0.00000000E+00  0.00000000E+00  0.00000000E+00  0.00000000E+00
  0.00000000E+00  0.00000000E+00
  0.00000000E+00  0.00000000E+00  0.00000000E+00  0.00000000E+00  0.00000000E+00
  0.00000000E+00  0.00000000E+00
  0.00000000E+00  0.00000000E+00  0.00000000E+00  0.00000000E+00  0.00000000E+00
  0.00000000E+00  0.00000000E+00
  0.00000000E+00  0.00000000E+00  0.00000000E+00  0.00000000E+00  0.00000000E+00
  0.00000000E+00  0.00000000E+00
  0.00000000E+00  0.00000000E+00  0.00000000E+00  0.00000000E+00  0.00000000E+00
  0.00000000E+00  0.00000000E+00
  0.00000000E+00  0.00000000E+00  0.00000000E+00  0.00000000E+00  0.00000000E+00
  0.00000000E+00  0.00000000E+00
