-.167265E+23    -.231894E+24
  0.00000000E+00  0.00000000E+00  0.00000000E+00  0.00000000E+00  0.00000000E+00
  0.00000000E+00  0.00000000E+00  0.00000000E+00  0.00000000E+00  0.00000000E+00
  0.00000000E+00  0.00000000E+00  0.00000000E+00  0.00000000E+00  0.00000000E+00
  0.00000000E+00  0.00000000E+00  0.00000000E+00  0.00000000E+00  0.00000000E+00
  0.00000000E+00  0.00000000E+00  0.00000000E+00  0.00000000E+00  0.00000000E+00
  0.00000000E+00  0.00000000E+00  0.00000000E+00  0.00000000E+00  0.00000000E+00
  0.00000000E+00  0.00000000E+00  0.00000000E+00  0.00000000E+00  0.00000000E+00
  0.00000000E+00  0.00000000E+00  0.54640697E-05  0.63601257E-05  0.22308582E-05
  0.24818084E-05  0.98142685E-05  0.14745456E-04  0.23151653E-04  0.59479579E-04
  0.74423870E-04  0.70871374E-04  0.13343929E-03  0.25262072E-03  0.30353669E-03
  0.43877094E-03  0.59617456E-03  0.92136258E-03  0.13551136E-02  0.19602601E-02
  0.25608729E-02  0.29723686E-02  0.30774454E-02  0.29271317E-02  0.23851363E-02
  0.15328603E-02  0.87826600E-03  0.36999158E-03  0.54209362E-04
  0.00000000E+00  0.00000000E+00  0.00000000E+00  0.00000000E+00  0.00000000E+00
  0.00000000E+00  0.00000000E+00  0.00000000E+00  0.00000000E+00  0.00000000E+00
  0.00000000E+00  0.00000000E+00  0.00000000E+00  0.00000000E+00  0.00000000E+00
  0.00000000E+00  0.00000000E+00  0.00000000E+00  0.00000000E+00  0.00000000E+00
  0.00000000E+00  0.00000000E+00  0.00000000E+00  0.00000000E+00  0.00000000E+00
  0.00000000E+00  0.00000000E+00  0.00000000E+00  0.00000000E+00  0.00000000E+00
  0.00000000E+00  0.00000000E+00  0.00000000E+00  0.00000000E+00  0.00000000E+00
  0.00000000E+00  0.00000000E+00  0.66319500E-05  0.46906296E-06  0.19899011E-05
  0.31962611E-05  0.15125202E-05  0.54479076E-05  0.25105801E-04  0.35234508E-04
  0.42817665E-04  0.69760554E-04  0.10091042E-03  0.19607019E-03  0.28853263E-03
  0.43975027E-03  0.56436666E-03  0.72349345E-03  0.11366437E-02  0.16870420E-02
  0.20700634E-02  0.22926569E-02  0.27741698E-02  0.25826695E-02  0.22261531E-02
  0.15398010E-02  0.88873320E-03  0.37604699E-03  0.59961472E-04
  0.00000000E+00  0.00000000E+00  0.00000000E+00  0.00000000E+00  0.00000000E+00
  0.00000000E+00  0.00000000E+00  0.00000000E+00  0.00000000E+00  0.00000000E+00
  0.00000000E+00  0.00000000E+00  0.00000000E+00  0.00000000E+00  0.00000000E+00
  0.00000000E+00  0.00000000E+00  0.00000000E+00  0.00000000E+00  0.00000000E+00
  0.00000000E+00  0.00000000E+00  0.00000000E+00  0.00000000E+00  0.00000000E+00
  0.00000000E+00  0.00000000E+00  0.00000000E+00  0.00000000E+00  0.00000000E+00
  0.00000000E+00  0.00000000E+00  0.00000000E+00  0.00000000E+00  0.00000000E+00
  0.00000000E+00  0.00000000E+00  0.93534479E-05  0.46057807E-06  0.91785737E-06
  0.39445695E-05  0.51355656E-05  0.42157250E-05  0.13718884E-04  0.28493641E-04
  0.33589287E-04  0.58875181E-04  0.71050893E-04  0.13418542E-03  0.17311546E-03
  0.31176929E-03  0.47204573E-03  0.69694007E-03  0.10216056E-02  0.14046145E-02
  0.19591602E-02  0.24086992E-02  0.26788925E-02  0.27143484E-02  0.23167520E-02
  0.16388787E-02  0.97241181E-03  0.41702407E-03  0.74850847E-04
  0.00000000E+00  0.00000000E+00  0.00000000E+00  0.00000000E+00  0.00000000E+00
  0.00000000E+00  0.00000000E+00  0.00000000E+00  0.00000000E+00  0.00000000E+00
  0.00000000E+00  0.00000000E+00  0.00000000E+00  0.00000000E+00  0.00000000E+00
  0.00000000E+00  0.00000000E+00  0.00000000E+00  0.00000000E+00  0.00000000E+00
  0.00000000E+00  0.00000000E+00  0.00000000E+00  0.00000000E+00  0.00000000E+00
  0.00000000E+00  0.00000000E+00  0.00000000E+00  0.00000000E+00  0.00000000E+00
  0.00000000E+00  0.00000000E+00  0.00000000E+00  0.00000000E+00  0.00000000E+00
  0.00000000E+00  0.00000000E+00  0.54780582E-06  0.47686297E-06  0.96596608E-06
  0.00000000E+00  0.41700044E-05  0.21346566E-04  0.17375668E-04  0.27291847E-04
  0.34267753E-04  0.60797056E-04  0.59809465E-04  0.10912001E-03  0.17007641E-03
  0.29197910E-03  0.44905958E-03  0.63786444E-03  0.89684778E-03  0.12872489E-02
  0.18270833E-02  0.22687432E-02  0.27690049E-02  0.29450855E-02  0.25739400E-02
  0.18769437E-02  0.10639895E-02  0.49122748E-03  0.98029117E-04
  0.00000000E+00  0.00000000E+00  0.00000000E+00  0.00000000E+00  0.00000000E+00
  0.00000000E+00  0.00000000E+00  0.00000000E+00  0.00000000E+00  0.00000000E+00
  0.00000000E+00  0.00000000E+00  0.00000000E+00  0.00000000E+00  0.00000000E+00
  0.00000000E+00  0.00000000E+00  0.00000000E+00  0.00000000E+00  0.00000000E+00
  0.00000000E+00  0.00000000E+00  0.00000000E+00  0.00000000E+00  0.00000000E+00
  0.00000000E+00  0.00000000E+00  0.00000000E+00  0.00000000E+00  0.00000000E+00
  0.00000000E+00  0.00000000E+00  0.00000000E+00  0.00000000E+00  0.00000000E+00
  0.00000000E+00  0.00000000E+00  0.00000000E+00  0.45852155E-06  0.29783660E-05
  0.39391957E-05  0.63128140E-05  0.17991405E-04  0.13121166E-04  0.21322180E-04
  0.18549751E-04  0.38158498E-04  0.59485586E-04  0.14020643E-03  0.20483398E-03
  0.27834079E-03  0.39812761E-03  0.56417136E-03  0.84049121E-03  0.12396978E-02
  0.16990342E-02  0.22949435E-02  0.27813736E-02  0.30453731E-02  0.28015897E-02
  0.22138861E-02  0.14002404E-02  0.61271422E-03  0.12516013E-03
  0.00000000E+00  0.00000000E+00  0.00000000E+00  0.00000000E+00  0.00000000E+00
  0.00000000E+00  0.00000000E+00  0.00000000E+00  0.00000000E+00  0.00000000E+00
  0.00000000E+00  0.00000000E+00  0.00000000E+00  0.00000000E+00  0.00000000E+00
  0.00000000E+00  0.00000000E+00  0.00000000E+00  0.00000000E+00  0.00000000E+00
  0.00000000E+00  0.00000000E+00  0.00000000E+00  0.00000000E+00  0.00000000E+00
  0.00000000E+00  0.00000000E+00  0.00000000E+00  0.00000000E+00  0.00000000E+00
  0.00000000E+00  0.00000000E+00  0.00000000E+00  0.00000000E+00  0.00000000E+00
  0.00000000E+00  0.00000000E+00  0.00000000E+00  0.46240490E-06  0.18765735E-05
  0.56242678E-06  0.10737788E-04  0.61192105E-05  0.22008625E-04  0.21789392E-04
  0.31940573E-04  0.54014287E-04  0.84607764E-04  0.11964137E-03  0.15259755E-03
  0.21700926E-03  0.37870901E-03  0.62375482E-03  0.81172623E-03  0.10929355E-02
  0.15910940E-02  0.21834707E-02  0.27153302E-02  0.31741757E-02  0.32028927E-02
  0.25718155E-02  0.16942304E-02  0.78383712E-03  0.16720704E-03
  0.00000000E+00  0.00000000E+00  0.00000000E+00  0.00000000E+00  0.00000000E+00
  0.00000000E+00  0.00000000E+00  0.00000000E+00  0.00000000E+00  0.00000000E+00
  0.00000000E+00  0.00000000E+00  0.00000000E+00  0.00000000E+00  0.00000000E+00
  0.00000000E+00  0.00000000E+00  0.00000000E+00  0.00000000E+00  0.00000000E+00
  0.00000000E+00  0.00000000E+00  0.00000000E+00  0.00000000E+00  0.00000000E+00
  0.00000000E+00  0.00000000E+00  0.00000000E+00  0.00000000E+00  0.00000000E+00
  0.00000000E+00  0.00000000E+00  0.00000000E+00  0.00000000E+00  0.00000000E+00
  0.00000000E+00  0.00000000E+00  0.00000000E+00  0.46791790E-06  0.19017349E-05
  0.62488301E-06  0.18902714E-05  0.50579835E-05  0.10167607E-04  0.18993517E-04
  0.30026792E-04  0.54132336E-04  0.60745474E-04  0.10526895E-03  0.13819425E-03
  0.28609399E-03  0.38252348E-03  0.53100348E-03  0.71504593E-03  0.98965376E-03
  0.15016063E-02  0.20995148E-02  0.25500457E-02  0.32183263E-02  0.34924063E-02
  0.30111849E-02  0.21821445E-02  0.10484910E-02  0.22922488E-03
  0.00000000E+00  0.00000000E+00  0.00000000E+00  0.00000000E+00  0.00000000E+00
  0.00000000E+00  0.00000000E+00  0.00000000E+00  0.00000000E+00  0.00000000E+00
  0.00000000E+00  0.00000000E+00  0.00000000E+00  0.00000000E+00  0.00000000E+00
  0.00000000E+00  0.00000000E+00  0.00000000E+00  0.00000000E+00  0.00000000E+00
  0.00000000E+00  0.00000000E+00  0.00000000E+00  0.00000000E+00  0.00000000E+00
  0.00000000E+00  0.00000000E+00  0.00000000E+00  0.00000000E+00  0.00000000E+00
  0.00000000E+00  0.00000000E+00  0.00000000E+00  0.00000000E+00  0.00000000E+00
  0.00000000E+00  0.00000000E+00  0.00000000E+00  0.16732286E-05  0.71776128E-06
  0.43721129E-06  0.12849870E-05  0.58579061E-05  0.98727387E-05  0.75290170E-05
  0.27173266E-04  0.57271673E-04  0.91387949E-04  0.10546559E-03  0.14601066E-03
  0.20161934E-03  0.34119256E-03  0.43567600E-03  0.60375333E-03  0.92542563E-03
  0.13274246E-02  0.18409758E-02  0.24427088E-02  0.32944674E-02  0.37040275E-02
  0.35421383E-02  0.25895757E-02  0.13454694E-02  0.34619388E-03
  0.00000000E+00  0.00000000E+00  0.00000000E+00  0.00000000E+00  0.00000000E+00
  0.00000000E+00  0.00000000E+00  0.00000000E+00  0.00000000E+00  0.00000000E+00
  0.00000000E+00  0.00000000E+00  0.00000000E+00  0.00000000E+00  0.00000000E+00
  0.00000000E+00  0.00000000E+00  0.00000000E+00  0.00000000E+00  0.00000000E+00
  0.00000000E+00  0.00000000E+00  0.00000000E+00  0.00000000E+00  0.00000000E+00
  0.00000000E+00  0.00000000E+00  0.00000000E+00  0.00000000E+00  0.00000000E+00
  0.00000000E+00  0.00000000E+00  0.00000000E+00  0.00000000E+00  0.00000000E+00
  0.00000000E+00  0.00000000E+00  0.00000000E+00  0.24054420E-05  0.00000000E+00
  0.17299503E-05  0.17730593E-05  0.34611291E-05  0.52599137E-05  0.25026550E-05
  0.89446155E-05  0.28530880E-04  0.84623153E-04  0.11097647E-03  0.13584713E-03
  0.19822986E-03  0.30355031E-03  0.38376856E-03  0.56971423E-03  0.79980440E-03
  0.13383087E-02  0.18385890E-02  0.24282795E-02  0.32133379E-02  0.37655531E-02
  0.36951914E-02  0.30613234E-02  0.17741443E-02  0.49068631E-03
  0.00000000E+00  0.00000000E+00  0.00000000E+00  0.00000000E+00  0.00000000E+00
  0.00000000E+00  0.00000000E+00  0.00000000E+00  0.00000000E+00  0.00000000E+00
  0.00000000E+00  0.00000000E+00  0.00000000E+00  0.00000000E+00  0.00000000E+00
  0.00000000E+00  0.00000000E+00  0.00000000E+00  0.00000000E+00  0.00000000E+00
  0.00000000E+00  0.00000000E+00  0.00000000E+00  0.00000000E+00  0.00000000E+00
  0.00000000E+00  0.00000000E+00  0.00000000E+00  0.00000000E+00  0.00000000E+00
  0.00000000E+00  0.00000000E+00  0.00000000E+00  0.00000000E+00  0.00000000E+00
  0.00000000E+00  0.00000000E+00  0.00000000E+00  0.24072597E-05  0.00000000E+00
  0.17343793E-05  0.12208926E-05  0.34773541E-05  0.22595514E-05  0.88701594E-05
  0.58484181E-05  0.45996123E-04  0.52832305E-04  0.73010734E-04  0.90516065E-04
  0.16430827E-03  0.25461278E-03  0.46470892E-03  0.50675241E-03  0.73233468E-03
  0.11572278E-02  0.15938974E-02  0.23000966E-02  0.29800808E-02  0.38248021E-02
  0.41148357E-02  0.34538707E-02  0.21632449E-02  0.65066145E-03
  0.00000000E+00  0.00000000E+00  0.00000000E+00  0.00000000E+00  0.00000000E+00
  0.00000000E+00  0.00000000E+00  0.00000000E+00  0.00000000E+00  0.00000000E+00
  0.00000000E+00  0.00000000E+00  0.00000000E+00  0.00000000E+00  0.00000000E+00
  0.00000000E+00  0.00000000E+00  0.00000000E+00  0.00000000E+00  0.00000000E+00
  0.00000000E+00  0.00000000E+00  0.00000000E+00  0.00000000E+00  0.00000000E+00
  0.00000000E+00  0.00000000E+00  0.00000000E+00  0.00000000E+00  0.00000000E+00
  0.00000000E+00  0.00000000E+00  0.00000000E+00  0.00000000E+00  0.00000000E+00
  0.00000000E+00  0.00000000E+00  0.00000000E+00  0.15376556E-05  0.00000000E+00
  0.13565587E-05  0.95564972E-06  0.22385086E-05  0.49006210E-06  0.12788623E-05
  0.13113429E-04  0.16622582E-04  0.42905752E-04  0.40245680E-04  0.71583119E-04
  0.11726786E-03  0.18808611E-03  0.24174358E-03  0.39186120E-03  0.58724836E-03
  0.81503318E-03  0.11074227E-02  0.16626923E-02  0.22322852E-02  0.29693094E-02
  0.35366195E-02  0.29727548E-02  0.19284396E-02  0.61629455E-03
  0.00000000E+00  0.00000000E+00  0.00000000E+00  0.00000000E+00  0.00000000E+00
  0.00000000E+00  0.00000000E+00  0.00000000E+00  0.00000000E+00  0.00000000E+00
  0.00000000E+00  0.00000000E+00  0.00000000E+00  0.00000000E+00  0.00000000E+00
  0.00000000E+00  0.00000000E+00  0.00000000E+00  0.00000000E+00  0.00000000E+00
  0.00000000E+00  0.00000000E+00  0.00000000E+00  0.00000000E+00  0.00000000E+00
  0.00000000E+00  0.00000000E+00  0.00000000E+00  0.00000000E+00  0.00000000E+00
  0.00000000E+00  0.00000000E+00  0.00000000E+00  0.00000000E+00  0.00000000E+00
  0.00000000E+00  0.00000000E+00  0.00000000E+00  0.16910060E-05  0.00000000E+00
  0.15240361E-05  0.21056135E-05  0.47853916E-05  0.70161522E-05  0.14404690E-05
  0.21296479E-04  0.33361015E-04  0.30642619E-04  0.47275894E-04  0.59388596E-04
  0.12798314E-03  0.19939929E-03  0.26351988E-03  0.38776450E-03  0.57491268E-03
  0.89151117E-03  0.12438633E-02  0.17352470E-02  0.24279719E-02  0.33178680E-02
  0.39830795E-02  0.37029685E-02  0.23689560E-02  0.83132827E-03
  0.00000000E+00  0.00000000E+00  0.00000000E+00  0.00000000E+00  0.00000000E+00
  0.00000000E+00  0.00000000E+00  0.00000000E+00  0.00000000E+00  0.00000000E+00
  0.00000000E+00  0.00000000E+00  0.00000000E+00  0.00000000E+00  0.00000000E+00
  0.00000000E+00  0.00000000E+00  0.00000000E+00  0.00000000E+00  0.00000000E+00
  0.00000000E+00  0.00000000E+00  0.00000000E+00  0.00000000E+00  0.00000000E+00
  0.00000000E+00  0.00000000E+00  0.00000000E+00  0.00000000E+00  0.00000000E+00
  0.00000000E+00  0.00000000E+00  0.00000000E+00  0.00000000E+00  0.00000000E+00
  0.00000000E+00  0.00000000E+00  0.00000000E+00  0.18833402E-05  0.00000000E+00
  0.16993651E-05  0.28262204E-05  0.19432959E-05  0.14910318E-04  0.80320874E-05
  0.20144018E-04  0.26961760E-04  0.28111720E-04  0.52722466E-04  0.89044100E-04
  0.11426830E-03  0.19683843E-03  0.31424546E-03  0.46347368E-03  0.67725370E-03
  0.98136714E-03  0.13754763E-02  0.18758852E-02  0.27477154E-02  0.34451419E-02
  0.43173246E-02  0.43234255E-02  0.30256763E-02  0.10319972E-02
  0.00000000E+00  0.00000000E+00  0.00000000E+00  0.00000000E+00  0.00000000E+00
  0.00000000E+00  0.00000000E+00  0.00000000E+00  0.00000000E+00  0.00000000E+00
  0.00000000E+00  0.00000000E+00  0.00000000E+00  0.00000000E+00  0.00000000E+00
  0.00000000E+00  0.00000000E+00  0.00000000E+00  0.00000000E+00  0.00000000E+00
  0.00000000E+00  0.00000000E+00  0.00000000E+00  0.00000000E+00  0.00000000E+00
  0.00000000E+00  0.00000000E+00  0.00000000E+00  0.00000000E+00  0.00000000E+00
  0.00000000E+00  0.00000000E+00  0.00000000E+00  0.00000000E+00  0.00000000E+00
  0.00000000E+00  0.00000000E+00  0.00000000E+00  0.20773323E-05  0.55737893E-05
  0.27485150E-07  0.26054037E-05  0.27869788E-05  0.84246018E-05  0.11782921E-04
  0.10457661E-04  0.28158446E-04  0.38253928E-04  0.45515749E-04  0.80357231E-04
  0.12890310E-03  0.22859618E-03  0.34326809E-03  0.50149795E-03  0.60710120E-03
  0.10276680E-02  0.15874223E-02  0.21746611E-02  0.28403372E-02  0.37347917E-02
  0.48386719E-02  0.46442795E-02  0.34604926E-02  0.12270007E-02
  0.00000000E+00  0.00000000E+00  0.00000000E+00  0.00000000E+00  0.00000000E+00
  0.00000000E+00  0.00000000E+00  0.00000000E+00  0.00000000E+00  0.00000000E+00
  0.00000000E+00  0.00000000E+00  0.00000000E+00  0.00000000E+00  0.00000000E+00
  0.00000000E+00  0.00000000E+00  0.00000000E+00  0.00000000E+00  0.00000000E+00
  0.00000000E+00  0.00000000E+00  0.00000000E+00  0.00000000E+00  0.00000000E+00
  0.00000000E+00  0.00000000E+00  0.00000000E+00  0.00000000E+00  0.00000000E+00
  0.00000000E+00  0.00000000E+00  0.00000000E+00  0.00000000E+00  0.00000000E+00
  0.00000000E+00  0.00000000E+00  0.15693103E-05  0.46132815E-05  0.73678954E-05
  0.32566542E-05  0.45227800E-05  0.00000000E+00  0.41673625E-05  0.13541272E-04
  0.32312000E-04  0.48850597E-04  0.40076069E-04  0.48159938E-04  0.13056041E-03
  0.21731532E-03  0.29261524E-03  0.29127188E-03  0.43640401E-03  0.70164573E-03
  0.10127930E-02  0.16185364E-02  0.22588146E-02  0.31445317E-02  0.44145379E-02
  0.52620591E-02  0.54147076E-02  0.37483947E-02  0.13984965E-02
  0.00000000E+00  0.00000000E+00  0.00000000E+00  0.00000000E+00  0.00000000E+00
  0.00000000E+00  0.00000000E+00  0.00000000E+00  0.00000000E+00  0.00000000E+00
  0.00000000E+00  0.00000000E+00  0.00000000E+00  0.00000000E+00  0.00000000E+00
  0.00000000E+00  0.00000000E+00  0.00000000E+00  0.00000000E+00  0.00000000E+00
  0.00000000E+00  0.00000000E+00  0.00000000E+00  0.00000000E+00  0.00000000E+00
  0.00000000E+00  0.00000000E+00  0.00000000E+00  0.00000000E+00  0.00000000E+00
  0.00000000E+00  0.00000000E+00  0.00000000E+00  0.00000000E+00  0.00000000E+00
  0.00000000E+00  0.00000000E+00  0.24162972E-05  0.11398367E-04  0.10127689E-04
  0.00000000E+00  0.47664419E-05  0.00000000E+00  0.60618896E-05  0.12006837E-04
  0.30308670E-04  0.48957477E-04  0.66043310E-04  0.33693516E-04  0.15474533E-03
  0.26649699E-03  0.25859460E-03  0.37741188E-03  0.58836406E-03  0.82620479E-03
  0.11290728E-02  0.16449393E-02  0.25417058E-02  0.36152012E-02  0.46232899E-02
  0.56347485E-02  0.56395981E-02  0.38162879E-02  0.13859912E-02
  0.00000000E+00  0.00000000E+00  0.00000000E+00  0.00000000E+00  0.00000000E+00
  0.00000000E+00  0.00000000E+00  0.00000000E+00  0.00000000E+00  0.00000000E+00
  0.00000000E+00  0.00000000E+00  0.00000000E+00  0.00000000E+00  0.00000000E+00
  0.00000000E+00  0.00000000E+00  0.00000000E+00  0.00000000E+00  0.00000000E+00
  0.00000000E+00  0.00000000E+00  0.00000000E+00  0.00000000E+00  0.00000000E+00
  0.00000000E+00  0.00000000E+00  0.00000000E+00  0.00000000E+00  0.00000000E+00
  0.00000000E+00  0.00000000E+00  0.00000000E+00  0.00000000E+00  0.00000000E+00
  0.00000000E+00  0.00000000E+00  0.44948285E-05  0.75844702E-05  0.41172087E-05
  0.14287766E-05  0.37097051E-05  0.49947984E-05  0.10922361E-04  0.14495902E-04
  0.30606084E-04  0.53259842E-04  0.53605087E-04  0.68991067E-04  0.13028990E-03
  0.19881932E-03  0.27108220E-03  0.43727940E-03  0.63899787E-03  0.89208332E-03
  0.13344734E-02  0.18939920E-02  0.27752952E-02  0.38474502E-02  0.49957019E-02
  0.59902120E-02  0.56599307E-02  0.36859085E-02  0.11689136E-02
  0.00000000E+00  0.00000000E+00  0.00000000E+00  0.00000000E+00  0.00000000E+00
  0.00000000E+00  0.00000000E+00  0.00000000E+00  0.00000000E+00  0.00000000E+00
  0.00000000E+00  0.00000000E+00  0.00000000E+00  0.00000000E+00  0.00000000E+00
  0.00000000E+00  0.00000000E+00  0.00000000E+00  0.00000000E+00  0.00000000E+00
  0.00000000E+00  0.00000000E+00  0.00000000E+00  0.00000000E+00  0.00000000E+00
  0.00000000E+00  0.00000000E+00  0.00000000E+00  0.00000000E+00  0.00000000E+00
  0.00000000E+00  0.00000000E+00  0.00000000E+00  0.00000000E+00  0.00000000E+00
  0.00000000E+00  0.00000000E+00  0.13217648E-04  0.50899078E-05  0.16755485E-05
  0.16207662E-05  0.22345525E-05  0.47127069E-05  0.80548934E-05  0.17972946E-04
  0.15406261E-04  0.45793043E-04  0.98817415E-04  0.10710643E-03  0.18623993E-03
  0.21231000E-03  0.31891994E-03  0.51262984E-03  0.76545090E-03  0.10482736E-02
  0.15184872E-02  0.21958113E-02  0.32441778E-02  0.45131254E-02  0.57842232E-02
  0.58575474E-02  0.53673437E-02  0.33353148E-02  0.10009185E-02
  0.00000000E+00  0.00000000E+00  0.00000000E+00  0.00000000E+00  0.00000000E+00
  0.00000000E+00  0.00000000E+00  0.00000000E+00  0.00000000E+00  0.00000000E+00
  0.00000000E+00  0.00000000E+00  0.00000000E+00  0.00000000E+00  0.00000000E+00
  0.00000000E+00  0.00000000E+00  0.00000000E+00  0.00000000E+00  0.00000000E+00
  0.00000000E+00  0.00000000E+00  0.00000000E+00  0.00000000E+00  0.00000000E+00
  0.00000000E+00  0.00000000E+00  0.00000000E+00  0.00000000E+00  0.00000000E+00
  0.00000000E+00  0.00000000E+00  0.00000000E+00  0.00000000E+00  0.00000000E+00
  0.00000000E+00  0.00000000E+00  0.29059242E-06  0.19555740E-04  0.00000000E+00
  0.51028834E-05  0.00000000E+00  0.84413775E-05  0.97980635E-05  0.30774591E-04
  0.43487654E-04  0.36242462E-04  0.91696313E-04  0.12329990E-03  0.24079443E-03
  0.31193286E-03  0.41978824E-03  0.57518137E-03  0.90770095E-03  0.13383548E-02
  0.17236736E-02  0.24934115E-02  0.34568860E-02  0.46953423E-02  0.58658343E-02
  0.62989138E-02  0.50519516E-02  0.29619369E-02  0.79638983E-03
  0.00000000E+00  0.00000000E+00  0.00000000E+00  0.00000000E+00  0.00000000E+00
  0.00000000E+00  0.00000000E+00  0.00000000E+00  0.00000000E+00  0.00000000E+00
  0.00000000E+00  0.00000000E+00  0.00000000E+00  0.00000000E+00  0.00000000E+00
  0.00000000E+00  0.00000000E+00  0.00000000E+00  0.00000000E+00  0.00000000E+00
  0.00000000E+00  0.00000000E+00  0.00000000E+00  0.00000000E+00  0.00000000E+00
  0.00000000E+00  0.00000000E+00  0.00000000E+00  0.00000000E+00  0.00000000E+00
  0.00000000E+00  0.00000000E+00  0.00000000E+00  0.00000000E+00  0.00000000E+00
  0.00000000E+00  0.92039555E-06  0.29742094E-05  0.36491477E-05  0.00000000E+00
  0.66578283E-05  0.44851978E-05  0.41500306E-05  0.15526341E-04  0.36895464E-04
  0.87535345E-04  0.61198640E-04  0.81570474E-04  0.15450907E-03  0.22143346E-03
  0.36185067E-03  0.50205783E-03  0.72485149E-03  0.10258919E-02  0.13986751E-02
  0.21393675E-02  0.30111885E-02  0.40021426E-02  0.51662631E-02  0.60031469E-02
  0.58930350E-02  0.43935311E-02  0.22574905E-02  0.52963130E-03
  0.00000000E+00  0.00000000E+00  0.00000000E+00  0.00000000E+00  0.00000000E+00
  0.00000000E+00  0.00000000E+00  0.00000000E+00  0.00000000E+00  0.00000000E+00
  0.00000000E+00  0.00000000E+00  0.00000000E+00  0.00000000E+00  0.00000000E+00
  0.00000000E+00  0.00000000E+00  0.00000000E+00  0.00000000E+00  0.00000000E+00
  0.00000000E+00  0.00000000E+00  0.00000000E+00  0.00000000E+00  0.00000000E+00
  0.00000000E+00  0.00000000E+00  0.00000000E+00  0.00000000E+00  0.00000000E+00
  0.00000000E+00  0.00000000E+00  0.00000000E+00  0.00000000E+00  0.00000000E+00
  0.17233601E-05  0.60414459E-05  0.00000000E+00  0.22827995E-05  0.00000000E+00
  0.31830932E-05  0.17741250E-05  0.37933346E-05  0.15854429E-04  0.35353483E-04
  0.52737162E-04  0.96688704E-04  0.13457939E-03  0.22581876E-03  0.28605315E-03
  0.43628965E-03  0.61696972E-03  0.92876225E-03  0.12827982E-02  0.17385107E-02
  0.26343750E-02  0.36042213E-02  0.47480716E-02  0.57336644E-02  0.59515252E-02
  0.52115190E-02  0.35354537E-02  0.16823183E-02  0.35962151E-03
  0.00000000E+00  0.00000000E+00  0.00000000E+00  0.00000000E+00  0.00000000E+00
  0.00000000E+00  0.00000000E+00  0.00000000E+00  0.00000000E+00  0.00000000E+00
  0.00000000E+00  0.00000000E+00  0.00000000E+00  0.00000000E+00  0.00000000E+00
  0.00000000E+00  0.00000000E+00  0.00000000E+00  0.00000000E+00  0.00000000E+00
  0.00000000E+00  0.00000000E+00  0.00000000E+00  0.00000000E+00  0.00000000E+00
  0.00000000E+00  0.00000000E+00  0.00000000E+00  0.00000000E+00  0.00000000E+00
  0.00000000E+00  0.00000000E+00  0.00000000E+00  0.00000000E+00  0.00000000E+00
  0.00000000E+00  0.10657754E-04  0.39033752E-06  0.23487175E-05  0.00000000E+00
  0.22258133E-05  0.10343327E-04  0.81211987E-05  0.33620145E-04  0.67718785E-04
  0.75185840E-04  0.13844524E-03  0.18002132E-03  0.24638488E-03  0.37894008E-03
  0.56780729E-03  0.84173420E-03  0.11861549E-02  0.16434728E-02  0.22450672E-02
  0.29771427E-02  0.41217246E-02  0.50348884E-02  0.60701896E-02  0.56919445E-02
  0.44607154E-02  0.27919634E-02  0.12575509E-02  0.23928261E-03
  0.00000000E+00  0.00000000E+00  0.00000000E+00  0.00000000E+00  0.00000000E+00
  0.00000000E+00  0.00000000E+00  0.00000000E+00  0.00000000E+00  0.00000000E+00
  0.00000000E+00  0.00000000E+00  0.00000000E+00  0.00000000E+00  0.00000000E+00
  0.00000000E+00  0.00000000E+00  0.00000000E+00  0.00000000E+00  0.00000000E+00
  0.00000000E+00  0.00000000E+00  0.00000000E+00  0.00000000E+00  0.00000000E+00
  0.00000000E+00  0.00000000E+00  0.00000000E+00  0.00000000E+00  0.00000000E+00
  0.00000000E+00  0.00000000E+00  0.00000000E+00  0.00000000E+00  0.00000000E+00
  0.00000000E+00  0.53466171E-05  0.43166882E-05  0.14731459E-05  0.93250161E-06
  0.68666838E-05  0.18368133E-04  0.26483252E-04  0.57842187E-04  0.67665435E-04
  0.77914319E-04  0.13812917E-03  0.23475257E-03  0.33444227E-03  0.38236614E-03
  0.64259518E-03  0.10449883E-02  0.14401284E-02  0.21766920E-02  0.27762365E-02
  0.36282282E-02  0.46401036E-02  0.57010815E-02  0.59486864E-02  0.49387575E-02
  0.35626241E-02  0.21724571E-02  0.90310553E-03  0.14761862E-03
  0.00000000E+00  0.00000000E+00  0.00000000E+00  0.00000000E+00  0.00000000E+00
  0.00000000E+00  0.00000000E+00  0.00000000E+00  0.00000000E+00  0.00000000E+00
  0.00000000E+00  0.00000000E+00  0.00000000E+00  0.00000000E+00  0.00000000E+00
  0.00000000E+00  0.00000000E+00  0.00000000E+00  0.00000000E+00  0.00000000E+00
  0.00000000E+00  0.00000000E+00  0.00000000E+00  0.00000000E+00  0.00000000E+00
  0.00000000E+00  0.00000000E+00  0.00000000E+00  0.00000000E+00  0.00000000E+00
  0.00000000E+00  0.00000000E+00  0.00000000E+00  0.00000000E+00  0.00000000E+00
  0.16404047E-07  0.54415708E-05  0.26327705E-05  0.44649371E-05  0.26068372E-05
  0.62037546E-05  0.10009418E-04  0.31293372E-04  0.75593424E-04  0.99324809E-04
  0.14921325E-03  0.17133224E-03  0.23626893E-03  0.39389800E-03  0.57485135E-03
  0.85503920E-03  0.12680178E-02  0.18037845E-02  0.24122771E-02  0.32438419E-02
  0.41288486E-02  0.52173884E-02  0.55747210E-02  0.54029819E-02  0.42020283E-02
  0.27945826E-02  0.15198172E-02  0.62027380E-03  0.91062367E-04
  0.00000000E+00  0.00000000E+00  0.00000000E+00  0.00000000E+00  0.00000000E+00
  0.00000000E+00  0.00000000E+00  0.00000000E+00  0.00000000E+00  0.00000000E+00
  0.00000000E+00  0.00000000E+00  0.00000000E+00  0.00000000E+00  0.00000000E+00
  0.00000000E+00  0.00000000E+00  0.00000000E+00  0.00000000E+00  0.00000000E+00
  0.00000000E+00  0.00000000E+00  0.00000000E+00  0.00000000E+00  0.00000000E+00
  0.00000000E+00  0.00000000E+00  0.00000000E+00  0.00000000E+00  0.00000000E+00
  0.00000000E+00  0.00000000E+00  0.00000000E+00  0.00000000E+00  0.00000000E+00
  0.20765990E-05  0.13074401E-04  0.25275857E-05  0.62075125E-05  0.64084394E-05
  0.71443771E-05  0.31740144E-04  0.43200974E-04  0.72775104E-04  0.11525494E-03
  0.19198123E-03  0.27810310E-03  0.34545590E-03  0.52109504E-03  0.78618882E-03
  0.10649690E-02  0.15595405E-02  0.20489364E-02  0.29160733E-02  0.38998253E-02
  0.48335590E-02  0.55541167E-02  0.53932892E-02  0.44546027E-02  0.31287467E-02
  0.19280263E-02  0.10375879E-02  0.41458955E-03  0.49415131E-04
  0.00000000E+00  0.00000000E+00  0.00000000E+00  0.00000000E+00  0.00000000E+00
  0.00000000E+00  0.00000000E+00  0.00000000E+00  0.00000000E+00  0.00000000E+00
  0.00000000E+00  0.00000000E+00  0.00000000E+00  0.00000000E+00  0.00000000E+00
  0.00000000E+00  0.00000000E+00  0.00000000E+00  0.00000000E+00  0.00000000E+00
  0.00000000E+00  0.00000000E+00  0.00000000E+00  0.00000000E+00  0.00000000E+00
  0.00000000E+00  0.00000000E+00  0.00000000E+00  0.00000000E+00  0.00000000E+00
  0.00000000E+00  0.00000000E+00  0.00000000E+00  0.00000000E+00  0.00000000E+00
  0.00000000E+00  0.52833944E-05  0.47940135E-05  0.10899599E-04  0.71615739E-05
  0.26945336E-04  0.30782674E-04  0.55392360E-04  0.11164434E-03  0.15333057E-03
  0.23075379E-03  0.35347055E-03  0.55468413E-03  0.68770554E-03  0.10506603E-02
  0.14551837E-02  0.20130423E-02  0.25152243E-02  0.35093161E-02  0.44188991E-02
  0.52039764E-02  0.52456965E-02  0.45393310E-02  0.34248379E-02  0.22466911E-02
  0.12953171E-02  0.68452410E-03  0.26823676E-03  0.31115878E-04
  0.00000000E+00  0.00000000E+00  0.00000000E+00  0.00000000E+00  0.00000000E+00
  0.00000000E+00  0.00000000E+00  0.00000000E+00  0.00000000E+00  0.00000000E+00
  0.00000000E+00  0.00000000E+00  0.00000000E+00  0.00000000E+00  0.00000000E+00
  0.00000000E+00  0.00000000E+00  0.00000000E+00  0.00000000E+00  0.00000000E+00
  0.00000000E+00  0.00000000E+00  0.00000000E+00  0.00000000E+00  0.00000000E+00
  0.00000000E+00  0.00000000E+00  0.00000000E+00  0.00000000E+00  0.00000000E+00
  0.00000000E+00  0.00000000E+00  0.00000000E+00  0.00000000E+00  0.00000000E+00
  0.00000000E+00  0.13657948E-07  0.00000000E+00  0.63102034E-05  0.13473054E-04
  0.28077235E-04  0.89513696E-04  0.12537761E-03  0.15300372E-03  0.23846359E-03
  0.29881357E-03  0.46535083E-03  0.70829588E-03  0.10405450E-02  0.12793748E-02
  0.18408790E-02  0.25122587E-02  0.32799625E-02  0.41864194E-02  0.49275539E-02
  0.51155180E-02  0.45723616E-02  0.35415357E-02  0.23843654E-02  0.14936444E-02
  0.87815733E-03  0.46130896E-03  0.16880242E-03  0.15379998E-04
  0.00000000E+00  0.00000000E+00  0.00000000E+00  0.00000000E+00  0.00000000E+00
  0.00000000E+00  0.00000000E+00  0.00000000E+00  0.00000000E+00  0.00000000E+00
  0.00000000E+00  0.00000000E+00  0.00000000E+00  0.00000000E+00  0.00000000E+00
  0.00000000E+00  0.00000000E+00  0.00000000E+00  0.00000000E+00  0.00000000E+00
  0.00000000E+00  0.00000000E+00  0.00000000E+00  0.00000000E+00  0.00000000E+00
  0.00000000E+00  0.00000000E+00  0.00000000E+00  0.00000000E+00  0.00000000E+00
  0.00000000E+00  0.00000000E+00  0.00000000E+00  0.00000000E+00  0.00000000E+00
  0.00000000E+00  0.76840517E-05  0.12609574E-04  0.25889624E-04  0.40332096E-04
  0.44990179E-04  0.60305895E-04  0.10388056E-03  0.15319274E-03  0.29438796E-03
  0.37910084E-03  0.54917688E-03  0.80298096E-03  0.11398033E-02  0.16078291E-02
  0.21714926E-02  0.29582721E-02  0.39778431E-02  0.46333877E-02  0.49439830E-02
  0.46743707E-02  0.37592730E-02  0.25647960E-02  0.16422038E-02  0.98557271E-03
  0.56867722E-03  0.28415212E-03  0.10112018E-03  0.90086326E-05
  0.00000000E+00  0.00000000E+00  0.00000000E+00  0.00000000E+00  0.00000000E+00
  0.00000000E+00  0.00000000E+00  0.00000000E+00  0.00000000E+00  0.00000000E+00
  0.00000000E+00  0.00000000E+00  0.00000000E+00  0.00000000E+00  0.00000000E+00
  0.00000000E+00  0.00000000E+00  0.00000000E+00  0.00000000E+00  0.00000000E+00
  0.00000000E+00  0.00000000E+00  0.00000000E+00  0.00000000E+00  0.00000000E+00
  0.00000000E+00  0.00000000E+00  0.00000000E+00  0.00000000E+00  0.00000000E+00
  0.00000000E+00  0.00000000E+00  0.00000000E+00  0.00000000E+00  0.00000000E+00
  0.00000000E+00  0.53357124E-05  0.10295268E-04  0.21470365E-04  0.31824729E-04
  0.39479393E-04  0.72344287E-04  0.13174449E-03  0.24120687E-03  0.34884740E-03
  0.46180922E-03  0.71822433E-03  0.10218309E-02  0.13813983E-02  0.18975019E-02
  0.26929473E-02  0.36913810E-02  0.43862049E-02  0.48243446E-02  0.46603557E-02
  0.39250327E-02  0.28530319E-02  0.18228612E-02  0.11418956E-02  0.68586797E-03
  0.37662525E-03  0.18213554E-03  0.65630702E-04  0.50799243E-05
  0.00000000E+00  0.00000000E+00  0.00000000E+00  0.00000000E+00  0.00000000E+00
  0.00000000E+00  0.00000000E+00  0.00000000E+00  0.00000000E+00  0.00000000E+00
  0.00000000E+00  0.00000000E+00  0.00000000E+00  0.00000000E+00  0.00000000E+00
  0.00000000E+00  0.00000000E+00  0.00000000E+00  0.00000000E+00  0.00000000E+00
  0.00000000E+00  0.00000000E+00  0.00000000E+00  0.00000000E+00  0.00000000E+00
  0.00000000E+00  0.00000000E+00  0.00000000E+00  0.00000000E+00  0.00000000E+00
  0.00000000E+00  0.00000000E+00  0.00000000E+00  0.00000000E+00  0.00000000E+00
  0.00000000E+00  0.00000000E+00  0.14015655E-04  0.19284341E-04  0.40676371E-04
  0.98687765E-04  0.12707422E-03  0.16320716E-03  0.26202341E-03  0.42496001E-03
  0.61065861E-03  0.85709196E-03  0.12662118E-02  0.16814278E-02  0.22968680E-02
  0.32504376E-02  0.41200749E-02  0.48780933E-02  0.49370560E-02  0.43885682E-02
  0.32756455E-02  0.22463118E-02  0.14252418E-02  0.85239304E-03  0.51961379E-03
  0.28626148E-03  0.13927304E-03  0.47207505E-04  0.33970485E-05
  0.00000000E+00  0.00000000E+00  0.00000000E+00  0.00000000E+00  0.00000000E+00
  0.00000000E+00  0.00000000E+00  0.00000000E+00  0.00000000E+00  0.00000000E+00
  0.00000000E+00  0.00000000E+00  0.00000000E+00  0.00000000E+00  0.00000000E+00
  0.00000000E+00  0.00000000E+00  0.00000000E+00  0.00000000E+00  0.00000000E+00
  0.00000000E+00  0.00000000E+00  0.00000000E+00  0.00000000E+00  0.00000000E+00
  0.00000000E+00  0.00000000E+00  0.00000000E+00  0.00000000E+00  0.00000000E+00
  0.00000000E+00  0.00000000E+00  0.00000000E+00  0.00000000E+00  0.00000000E+00
  0.65382889E-06  0.37870282E-05  0.11880212E-04  0.29984245E-04  0.59682070E-04
  0.75736245E-04  0.11809892E-03  0.21819246E-03  0.32307683E-03  0.49846937E-03
  0.75453892E-03  0.98845539E-03  0.14471122E-02  0.20125724E-02  0.25811151E-02
  0.36609885E-02  0.44131429E-02  0.50418905E-02  0.48274683E-02  0.39306935E-02
  0.28604916E-02  0.18102760E-02  0.11497649E-02  0.71481185E-03  0.41735277E-03
  0.22976707E-03  0.11102326E-03  0.36096731E-04  0.25474457E-05
  0.00000000E+00  0.00000000E+00  0.00000000E+00  0.00000000E+00  0.00000000E+00
  0.00000000E+00  0.00000000E+00  0.00000000E+00  0.00000000E+00  0.00000000E+00
  0.00000000E+00  0.00000000E+00  0.00000000E+00  0.00000000E+00  0.00000000E+00
  0.00000000E+00  0.00000000E+00  0.00000000E+00  0.00000000E+00  0.00000000E+00
  0.00000000E+00  0.00000000E+00  0.00000000E+00  0.00000000E+00  0.00000000E+00
  0.00000000E+00  0.00000000E+00  0.00000000E+00  0.00000000E+00  0.00000000E+00
  0.00000000E+00  0.00000000E+00  0.00000000E+00  0.00000000E+00  0.00000000E+00
  0.00000000E+00  0.18489721E-06  0.22278178E-04  0.25302073E-04  0.71255255E-04
  0.11847209E-03  0.18148318E-03  0.26708208E-03  0.32553692E-03  0.59363434E-03
  0.92271461E-03  0.12602404E-02  0.17784080E-02  0.23424938E-02  0.32405699E-02
  0.44090738E-02  0.50067048E-02  0.54009831E-02  0.49294673E-02  0.38089120E-02
  0.25911445E-02  0.15749853E-02  0.95450562E-03  0.54138324E-03  0.32384289E-03
  0.17292702E-03  0.83010411E-04  0.26127056E-04  0.17425898E-05
  0.00000000E+00  0.00000000E+00  0.00000000E+00  0.00000000E+00  0.00000000E+00
  0.00000000E+00  0.00000000E+00  0.00000000E+00  0.00000000E+00  0.00000000E+00
  0.00000000E+00  0.00000000E+00  0.00000000E+00  0.00000000E+00  0.00000000E+00
  0.00000000E+00  0.00000000E+00  0.00000000E+00  0.00000000E+00  0.00000000E+00
  0.00000000E+00  0.00000000E+00  0.00000000E+00  0.00000000E+00  0.00000000E+00
  0.00000000E+00  0.00000000E+00  0.00000000E+00  0.00000000E+00  0.00000000E+00
  0.00000000E+00  0.00000000E+00  0.00000000E+00  0.00000000E+00  0.00000000E+00
  0.00000000E+00  0.00000000E+00 -0.62548166E-27 -0.32065934E-27  0.12459009E-27
  0.23312767E-27  0.19804142E-27  0.21509364E-26 -0.32545472E-28 -0.79536867E-28
 -0.24092922E-26  0.12608802E-26 -0.13971275E-26  0.46939874E-26 -0.23928488E-26
  0.11269275E-27 -0.68806763E-26 -0.10568649E-25 -0.81107530E-26  0.97936782E-27
  0.69477006E-26 -0.24485409E-25 -0.50966925E-25 -0.11399866E-24 -0.15239430E-24
 -0.17618218E-24 -0.22314644E-24 -0.27936564E-24 -0.30492780E-24
  0.00000000E+00  0.00000000E+00  0.00000000E+00  0.00000000E+00  0.00000000E+00
  0.00000000E+00  0.00000000E+00  0.00000000E+00  0.00000000E+00  0.00000000E+00
  0.00000000E+00  0.00000000E+00  0.00000000E+00  0.00000000E+00  0.00000000E+00
  0.00000000E+00  0.00000000E+00  0.00000000E+00  0.00000000E+00  0.00000000E+00
  0.00000000E+00  0.00000000E+00  0.00000000E+00  0.00000000E+00  0.00000000E+00
  0.00000000E+00  0.00000000E+00  0.00000000E+00  0.00000000E+00  0.00000000E+00
  0.00000000E+00  0.00000000E+00  0.00000000E+00  0.00000000E+00  0.00000000E+00
  0.00000000E+00  0.00000000E+00 -0.10774941E-26  0.12369964E-28  0.12248033E-27
  0.26645994E-27 -0.27006548E-28  0.64460894E-27  0.50023932E-27  0.18111230E-28
 -0.12064861E-26  0.29862538E-26 -0.30041598E-27  0.91811406E-26  0.78644041E-26
  0.32414824E-26  0.10805847E-25  0.29963893E-26  0.61244822E-26  0.92968398E-26
  0.20244102E-25  0.19730002E-25 -0.75440506E-26 -0.38776235E-25 -0.77936064E-25
 -0.14493859E-24 -0.16522152E-24 -0.20488926E-24 -0.27699864E-24
  0.00000000E+00  0.00000000E+00  0.00000000E+00  0.00000000E+00  0.00000000E+00
  0.00000000E+00  0.00000000E+00  0.00000000E+00  0.00000000E+00  0.00000000E+00
  0.00000000E+00  0.00000000E+00  0.00000000E+00  0.00000000E+00  0.00000000E+00
  0.00000000E+00  0.00000000E+00  0.00000000E+00  0.00000000E+00  0.00000000E+00
  0.00000000E+00  0.00000000E+00  0.00000000E+00  0.00000000E+00  0.00000000E+00
  0.00000000E+00  0.00000000E+00  0.00000000E+00  0.00000000E+00  0.00000000E+00
  0.00000000E+00  0.00000000E+00  0.00000000E+00  0.00000000E+00  0.00000000E+00
  0.00000000E+00  0.00000000E+00 -0.21909620E-26  0.12244033E-28  0.30922333E-27
  0.10390109E-26  0.43183418E-27  0.47433958E-27  0.32355247E-26  0.16131852E-26
  0.99508549E-27  0.66415636E-27  0.91213288E-27 -0.21981038E-26  0.10229178E-26
  0.43544239E-26  0.12223810E-26  0.27459354E-26  0.18101414E-25  0.22908802E-25
  0.16680857E-25  0.32172780E-25  0.17497051E-26  0.46221940E-26 -0.82896595E-25
 -0.12055529E-24 -0.15966148E-24 -0.23444131E-24 -0.27474422E-24
  0.00000000E+00  0.00000000E+00  0.00000000E+00  0.00000000E+00  0.00000000E+00
  0.00000000E+00  0.00000000E+00  0.00000000E+00  0.00000000E+00  0.00000000E+00
  0.00000000E+00  0.00000000E+00  0.00000000E+00  0.00000000E+00  0.00000000E+00
  0.00000000E+00  0.00000000E+00  0.00000000E+00  0.00000000E+00  0.00000000E+00
  0.00000000E+00  0.00000000E+00  0.00000000E+00  0.00000000E+00  0.00000000E+00
  0.00000000E+00  0.00000000E+00  0.00000000E+00  0.00000000E+00  0.00000000E+00
  0.00000000E+00  0.00000000E+00  0.00000000E+00  0.00000000E+00  0.00000000E+00
  0.00000000E+00  0.00000000E+00  0.37518222E-29  0.96410894E-29 -0.61386333E-28
  0.00000000E+00  0.88572449E-27  0.29482034E-26  0.33773680E-26 -0.27725473E-27
  0.35885483E-27 -0.30901674E-26  0.63131918E-27  0.87021858E-27 -0.23998480E-27
  0.77363284E-26  0.38589141E-26  0.16881787E-25  0.18350252E-25  0.55101276E-26
  0.98619659E-26  0.27472111E-25  0.24804860E-25 -0.21654593E-25 -0.60050230E-25
 -0.74643794E-25 -0.13578713E-24 -0.18232565E-24 -0.28728973E-24
  0.00000000E+00  0.00000000E+00  0.00000000E+00  0.00000000E+00  0.00000000E+00
  0.00000000E+00  0.00000000E+00  0.00000000E+00  0.00000000E+00  0.00000000E+00
  0.00000000E+00  0.00000000E+00  0.00000000E+00  0.00000000E+00  0.00000000E+00
  0.00000000E+00  0.00000000E+00  0.00000000E+00  0.00000000E+00  0.00000000E+00
  0.00000000E+00  0.00000000E+00  0.00000000E+00  0.00000000E+00  0.00000000E+00
  0.00000000E+00  0.00000000E+00  0.00000000E+00  0.00000000E+00  0.00000000E+00
  0.00000000E+00  0.00000000E+00  0.00000000E+00  0.00000000E+00  0.00000000E+00
  0.00000000E+00  0.00000000E+00  0.00000000E+00  0.12384679E-28 -0.51037498E-27
  0.41348923E-27  0.13966857E-26  0.43946364E-26  0.64441467E-27 -0.25781191E-27
 -0.12697976E-26 -0.18310656E-26 -0.22451332E-26  0.42190723E-26  0.10256428E-26
  0.26100890E-27  0.96432693E-26  0.36520675E-26  0.11906320E-25 -0.74697807E-27
  0.32894814E-25  0.15347491E-25  0.29121660E-25  0.38082249E-25 -0.26156915E-25
 -0.48141325E-25 -0.14596608E-24 -0.21821350E-24 -0.28754251E-24
  0.00000000E+00  0.00000000E+00  0.00000000E+00  0.00000000E+00  0.00000000E+00
  0.00000000E+00  0.00000000E+00  0.00000000E+00  0.00000000E+00  0.00000000E+00
  0.00000000E+00  0.00000000E+00  0.00000000E+00  0.00000000E+00  0.00000000E+00
  0.00000000E+00  0.00000000E+00  0.00000000E+00  0.00000000E+00  0.00000000E+00
  0.00000000E+00  0.00000000E+00  0.00000000E+00  0.00000000E+00  0.00000000E+00
  0.00000000E+00  0.00000000E+00  0.00000000E+00  0.00000000E+00  0.00000000E+00
  0.00000000E+00  0.00000000E+00  0.00000000E+00  0.00000000E+00  0.00000000E+00
  0.00000000E+00  0.00000000E+00  0.00000000E+00  0.12542245E-28 -0.53276159E-27
  0.94302123E-28  0.11202629E-26 -0.16149127E-27 -0.55444695E-27 -0.12607966E-26
 -0.22372439E-26  0.17334556E-26  0.14741277E-26  0.41847922E-26  0.18855104E-26
  0.16762308E-26  0.12687154E-25  0.69279704E-26  0.32213356E-26  0.16238756E-25
  0.36656539E-25  0.19876095E-25  0.23885268E-25  0.17198939E-25 -0.27346234E-25
 -0.10408985E-24 -0.16407837E-24 -0.22506088E-24 -0.30638290E-24
  0.00000000E+00  0.00000000E+00  0.00000000E+00  0.00000000E+00  0.00000000E+00
  0.00000000E+00  0.00000000E+00  0.00000000E+00  0.00000000E+00  0.00000000E+00
  0.00000000E+00  0.00000000E+00  0.00000000E+00  0.00000000E+00  0.00000000E+00
  0.00000000E+00  0.00000000E+00  0.00000000E+00  0.00000000E+00  0.00000000E+00
  0.00000000E+00  0.00000000E+00  0.00000000E+00  0.00000000E+00  0.00000000E+00
  0.00000000E+00  0.00000000E+00  0.00000000E+00  0.00000000E+00  0.00000000E+00
  0.00000000E+00  0.00000000E+00  0.00000000E+00  0.00000000E+00  0.00000000E+00
  0.00000000E+00  0.00000000E+00  0.00000000E+00  0.12698975E-28 -0.52505961E-27
  0.10185790E-27  0.10248110E-27 -0.44696091E-27 -0.19139003E-27  0.45167522E-27
 -0.18084319E-26  0.91418514E-28  0.19371572E-26  0.69751411E-27  0.41562240E-26
  0.10454429E-25  0.13633275E-25  0.17841436E-26  0.14575341E-26  0.12825661E-25
  0.33701838E-25  0.38015875E-25  0.39835282E-25  0.22864529E-25 -0.19801401E-25
 -0.66849995E-25 -0.16552152E-24 -0.25091469E-24 -0.33534075E-24
  0.00000000E+00  0.00000000E+00  0.00000000E+00  0.00000000E+00  0.00000000E+00
  0.00000000E+00  0.00000000E+00  0.00000000E+00  0.00000000E+00  0.00000000E+00
  0.00000000E+00  0.00000000E+00  0.00000000E+00  0.00000000E+00  0.00000000E+00
  0.00000000E+00  0.00000000E+00  0.00000000E+00  0.00000000E+00  0.00000000E+00
  0.00000000E+00  0.00000000E+00  0.00000000E+00  0.00000000E+00  0.00000000E+00
  0.00000000E+00  0.00000000E+00  0.00000000E+00  0.00000000E+00  0.00000000E+00
  0.00000000E+00  0.00000000E+00  0.00000000E+00  0.00000000E+00  0.00000000E+00
  0.00000000E+00  0.00000000E+00  0.00000000E+00 -0.30668457E-27 -0.19281626E-27
  0.31083679E-28  0.91983870E-28 -0.42039743E-27 -0.93049368E-27  0.67640137E-27
  0.17187458E-26  0.33688019E-26  0.22597451E-26  0.30174462E-26  0.92061815E-26
  0.23526694E-26  0.14518411E-27  0.45813155E-26  0.58956501E-26  0.12629052E-25
  0.19234894E-25  0.25100137E-25  0.40986455E-25  0.38214181E-25  0.55913804E-26
 -0.63062437E-25 -0.14466383E-24 -0.26779994E-24 -0.35260431E-24
  0.00000000E+00  0.00000000E+00  0.00000000E+00  0.00000000E+00  0.00000000E+00
  0.00000000E+00  0.00000000E+00  0.00000000E+00  0.00000000E+00  0.00000000E+00
  0.00000000E+00  0.00000000E+00  0.00000000E+00  0.00000000E+00  0.00000000E+00
  0.00000000E+00  0.00000000E+00  0.00000000E+00  0.00000000E+00  0.00000000E+00
  0.00000000E+00  0.00000000E+00  0.00000000E+00  0.00000000E+00  0.00000000E+00
  0.00000000E+00  0.00000000E+00  0.00000000E+00  0.00000000E+00  0.00000000E+00
  0.00000000E+00  0.00000000E+00  0.00000000E+00  0.00000000E+00  0.00000000E+00
  0.00000000E+00  0.00000000E+00  0.00000000E+00 -0.48815591E-27  0.00000000E+00
  0.12122203E-27  0.13070714E-28 -0.30712696E-28 -0.54026382E-27 -0.24612688E-27
  0.28166854E-27  0.29109306E-26  0.91266284E-27 -0.30578949E-26  0.19531949E-26
  0.13929123E-26  0.58431841E-27  0.17801408E-26  0.10421780E-25  0.12861049E-25
  0.25849434E-25  0.16955662E-25  0.16633624E-25  0.23816398E-25  0.23744849E-25
 -0.31948393E-25 -0.11793149E-24 -0.27496201E-24 -0.38750120E-24
  0.00000000E+00  0.00000000E+00  0.00000000E+00  0.00000000E+00  0.00000000E+00
  0.00000000E+00  0.00000000E+00  0.00000000E+00  0.00000000E+00  0.00000000E+00
  0.00000000E+00  0.00000000E+00  0.00000000E+00  0.00000000E+00  0.00000000E+00
  0.00000000E+00  0.00000000E+00  0.00000000E+00  0.00000000E+00  0.00000000E+00
  0.00000000E+00  0.00000000E+00  0.00000000E+00  0.00000000E+00  0.00000000E+00
  0.00000000E+00  0.00000000E+00  0.00000000E+00  0.00000000E+00  0.00000000E+00
  0.00000000E+00  0.00000000E+00  0.00000000E+00  0.00000000E+00  0.00000000E+00
  0.00000000E+00  0.00000000E+00  0.00000000E+00 -0.47824807E-27  0.00000000E+00
  0.12002176E-27  0.13739905E-27 -0.28326251E-28 -0.34848289E-27 -0.55343830E-27
  0.24985949E-27  0.14763354E-26  0.16037729E-26  0.14206002E-26  0.26174773E-26
  0.36069037E-28  0.13892358E-26 -0.64273710E-27  0.66448142E-26  0.14336490E-25
  0.14636905E-25  0.85974560E-26  0.22753807E-25  0.30141436E-25  0.39448851E-25
  0.58175245E-26 -0.83331055E-25 -0.22551003E-24 -0.38164391E-24
  0.00000000E+00  0.00000000E+00  0.00000000E+00  0.00000000E+00  0.00000000E+00
  0.00000000E+00  0.00000000E+00  0.00000000E+00  0.00000000E+00  0.00000000E+00
  0.00000000E+00  0.00000000E+00  0.00000000E+00  0.00000000E+00  0.00000000E+00
  0.00000000E+00  0.00000000E+00  0.00000000E+00  0.00000000E+00  0.00000000E+00
  0.00000000E+00  0.00000000E+00  0.00000000E+00  0.00000000E+00  0.00000000E+00
  0.00000000E+00  0.00000000E+00  0.00000000E+00  0.00000000E+00  0.00000000E+00
  0.00000000E+00  0.00000000E+00  0.00000000E+00  0.00000000E+00  0.00000000E+00
  0.00000000E+00  0.00000000E+00  0.00000000E+00 -0.37730744E-27  0.00000000E+00
  0.93127210E-28  0.10646295E-27 -0.13167722E-28 -0.77167191E-29 -0.11130063E-28
  0.62932593E-27  0.20011023E-26 -0.73207333E-27  0.99584240E-27 -0.12817728E-26
 -0.28246485E-26 -0.77641505E-27 -0.63278715E-27  0.39153863E-26  0.74994918E-26
  0.10561949E-25  0.34036337E-25  0.27933647E-25  0.29557318E-25  0.31289198E-25
  0.19249528E-25 -0.68573768E-25 -0.19818058E-24 -0.31273679E-24
  0.00000000E+00  0.00000000E+00  0.00000000E+00  0.00000000E+00  0.00000000E+00
  0.00000000E+00  0.00000000E+00  0.00000000E+00  0.00000000E+00  0.00000000E+00
  0.00000000E+00  0.00000000E+00  0.00000000E+00  0.00000000E+00  0.00000000E+00
  0.00000000E+00  0.00000000E+00  0.00000000E+00  0.00000000E+00  0.00000000E+00
  0.00000000E+00  0.00000000E+00  0.00000000E+00  0.00000000E+00  0.00000000E+00
  0.00000000E+00  0.00000000E+00  0.00000000E+00  0.00000000E+00  0.00000000E+00
  0.00000000E+00  0.00000000E+00  0.00000000E+00  0.00000000E+00  0.00000000E+00
  0.00000000E+00  0.00000000E+00  0.00000000E+00 -0.42024076E-27  0.00000000E+00
  0.10415495E-27  0.23163047E-27  0.12627436E-28  0.12697533E-27 -0.11911586E-28
  0.10340287E-26  0.16365959E-26 -0.29921080E-27  0.22895404E-26  0.77340379E-27
 -0.15705307E-26  0.16273006E-27  0.24276227E-26  0.77478363E-26  0.68556292E-26
  0.17760893E-25  0.19418785E-25  0.40218848E-25  0.24131345E-25  0.18211189E-25
  0.16499297E-25 -0.12104509E-24 -0.23464463E-24 -0.37022058E-24
  0.00000000E+00  0.00000000E+00  0.00000000E+00  0.00000000E+00  0.00000000E+00
  0.00000000E+00  0.00000000E+00  0.00000000E+00  0.00000000E+00  0.00000000E+00
  0.00000000E+00  0.00000000E+00  0.00000000E+00  0.00000000E+00  0.00000000E+00
  0.00000000E+00  0.00000000E+00  0.00000000E+00  0.00000000E+00  0.00000000E+00
  0.00000000E+00  0.00000000E+00  0.00000000E+00  0.00000000E+00  0.00000000E+00
  0.00000000E+00  0.00000000E+00  0.00000000E+00  0.00000000E+00  0.00000000E+00
  0.00000000E+00  0.00000000E+00  0.00000000E+00  0.00000000E+00  0.00000000E+00
  0.00000000E+00  0.00000000E+00  0.00000000E+00 -0.46496219E-27  0.00000000E+00
  0.11597158E-27  0.68391735E-27 -0.34228469E-29  0.41988472E-27  0.46940642E-27
 -0.12095970E-26  0.16237763E-26 -0.95302929E-27  0.20830827E-26 -0.71152981E-27
 -0.58353427E-28  0.24697246E-27 -0.38118250E-27  0.11238228E-25  0.25267168E-25
  0.22687958E-25  0.19095310E-25  0.27824476E-25  0.35311493E-25  0.46305811E-25
  0.98721526E-26 -0.10508851E-24 -0.26288332E-24 -0.41968969E-24
  0.00000000E+00  0.00000000E+00  0.00000000E+00  0.00000000E+00  0.00000000E+00
  0.00000000E+00  0.00000000E+00  0.00000000E+00  0.00000000E+00  0.00000000E+00
  0.00000000E+00  0.00000000E+00  0.00000000E+00  0.00000000E+00  0.00000000E+00
  0.00000000E+00  0.00000000E+00  0.00000000E+00  0.00000000E+00  0.00000000E+00
  0.00000000E+00  0.00000000E+00  0.00000000E+00  0.00000000E+00  0.00000000E+00
  0.00000000E+00  0.00000000E+00  0.00000000E+00  0.00000000E+00  0.00000000E+00
  0.00000000E+00  0.00000000E+00  0.00000000E+00  0.00000000E+00  0.00000000E+00
  0.00000000E+00  0.00000000E+00  0.00000000E+00 -0.51141671E-27  0.89885647E-27
  0.18800156E-29 -0.23308820E-28 -0.41701742E-27  0.42494511E-27  0.97770882E-27
 -0.24895136E-27  0.58356784E-27  0.42943418E-27  0.14403070E-26  0.32153874E-26
  0.84134478E-27 -0.69639490E-27  0.69500392E-26  0.11968294E-25  0.34731380E-26
  0.70683282E-26  0.96691123E-26  0.11545515E-25  0.23980921E-25  0.51404657E-25
  0.81567514E-26 -0.57285421E-25 -0.27220024E-24 -0.45193622E-24
  0.00000000E+00  0.00000000E+00  0.00000000E+00  0.00000000E+00  0.00000000E+00
  0.00000000E+00  0.00000000E+00  0.00000000E+00  0.00000000E+00  0.00000000E+00
  0.00000000E+00  0.00000000E+00  0.00000000E+00  0.00000000E+00  0.00000000E+00
  0.00000000E+00  0.00000000E+00  0.00000000E+00  0.00000000E+00  0.00000000E+00
  0.00000000E+00  0.00000000E+00  0.00000000E+00  0.00000000E+00  0.00000000E+00
  0.00000000E+00  0.00000000E+00  0.00000000E+00  0.00000000E+00  0.00000000E+00
  0.00000000E+00  0.00000000E+00  0.00000000E+00  0.00000000E+00  0.00000000E+00
  0.00000000E+00  0.00000000E+00 -0.38475129E-27 -0.31925682E-27  0.10579725E-26
 -0.47865583E-27 -0.55394131E-27  0.00000000E+00  0.33022542E-28  0.88183108E-29
 -0.51424249E-26 -0.16897486E-26  0.10510806E-26 -0.29533198E-26  0.52344304E-26
  0.29817573E-26  0.27188235E-27 -0.50047063E-26 -0.17226351E-26 -0.71467989E-26
  0.19747305E-25  0.11372153E-25  0.28065271E-25  0.59241023E-25  0.32752682E-25
  0.10099184E-25 -0.89511219E-25 -0.29835856E-24 -0.50426214E-24
  0.00000000E+00  0.00000000E+00  0.00000000E+00  0.00000000E+00  0.00000000E+00
  0.00000000E+00  0.00000000E+00  0.00000000E+00  0.00000000E+00  0.00000000E+00
  0.00000000E+00  0.00000000E+00  0.00000000E+00  0.00000000E+00  0.00000000E+00
  0.00000000E+00  0.00000000E+00  0.00000000E+00  0.00000000E+00  0.00000000E+00
  0.00000000E+00  0.00000000E+00  0.00000000E+00  0.00000000E+00  0.00000000E+00
  0.00000000E+00  0.00000000E+00  0.00000000E+00  0.00000000E+00  0.00000000E+00
  0.00000000E+00  0.00000000E+00  0.00000000E+00  0.00000000E+00  0.00000000E+00
  0.00000000E+00  0.00000000E+00 -0.59533490E-27  0.90266590E-27 -0.92782763E-27
  0.00000000E+00 -0.21161152E-27  0.00000000E+00  0.71147883E-28 -0.26134178E-28
 -0.45263060E-27 -0.40304027E-26 -0.43098390E-26 -0.20869059E-26 -0.40746307E-26
  0.17134766E-26  0.27806135E-26  0.80547129E-27  0.71956111E-26  0.39124433E-26
  0.12806978E-25  0.18797735E-25  0.37615401E-25  0.56943739E-25  0.74929681E-25
  0.26423459E-25 -0.77114996E-25 -0.29125473E-24 -0.53263772E-24
  0.00000000E+00  0.00000000E+00  0.00000000E+00  0.00000000E+00  0.00000000E+00
  0.00000000E+00  0.00000000E+00  0.00000000E+00  0.00000000E+00  0.00000000E+00
  0.00000000E+00  0.00000000E+00  0.00000000E+00  0.00000000E+00  0.00000000E+00
  0.00000000E+00  0.00000000E+00  0.00000000E+00  0.00000000E+00  0.00000000E+00
  0.00000000E+00  0.00000000E+00  0.00000000E+00  0.00000000E+00  0.00000000E+00
  0.00000000E+00  0.00000000E+00  0.00000000E+00  0.00000000E+00  0.00000000E+00
  0.00000000E+00  0.00000000E+00  0.00000000E+00  0.00000000E+00  0.00000000E+00
  0.00000000E+00  0.00000000E+00  0.40695782E-27  0.18052605E-27 -0.24643446E-27
  0.43931979E-29 -0.49655260E-28 -0.11233398E-27 -0.42555717E-28  0.86908245E-27
 -0.23114662E-26  0.11932815E-26  0.20344841E-28  0.90548142E-28  0.34157050E-26
 -0.27226067E-26 -0.42444206E-26 -0.78926166E-27  0.37925630E-26  0.92330453E-26
  0.15725564E-25  0.21963422E-25  0.50220208E-25  0.43395839E-25  0.90824349E-25
  0.27449919E-25 -0.77469080E-25 -0.30808315E-24 -0.55045221E-24
  0.00000000E+00  0.00000000E+00  0.00000000E+00  0.00000000E+00  0.00000000E+00
  0.00000000E+00  0.00000000E+00  0.00000000E+00  0.00000000E+00  0.00000000E+00
  0.00000000E+00  0.00000000E+00  0.00000000E+00  0.00000000E+00  0.00000000E+00
  0.00000000E+00  0.00000000E+00  0.00000000E+00  0.00000000E+00  0.00000000E+00
  0.00000000E+00  0.00000000E+00  0.00000000E+00  0.00000000E+00  0.00000000E+00
  0.00000000E+00  0.00000000E+00  0.00000000E+00  0.00000000E+00  0.00000000E+00
  0.00000000E+00  0.00000000E+00  0.00000000E+00  0.00000000E+00  0.00000000E+00
  0.00000000E+00  0.00000000E+00  0.15036764E-27 -0.37912954E-27  0.77340449E-28
  0.94901069E-29  0.16163968E-28 -0.23939264E-27  0.40168549E-27  0.10044600E-26
  0.12878808E-27  0.23032911E-26 -0.46200671E-26 -0.12479418E-26  0.19379303E-26
  0.32713398E-26 -0.13117490E-26  0.37426581E-26  0.46842717E-27  0.11863173E-25
  0.18020192E-25  0.44676815E-25  0.57373253E-25  0.91399670E-25  0.71565889E-25
 -0.20542805E-25 -0.14181358E-24 -0.38412318E-24 -0.59552902E-24
  0.00000000E+00  0.00000000E+00  0.00000000E+00  0.00000000E+00  0.00000000E+00
  0.00000000E+00  0.00000000E+00  0.00000000E+00  0.00000000E+00  0.00000000E+00
  0.00000000E+00  0.00000000E+00  0.00000000E+00  0.00000000E+00  0.00000000E+00
  0.00000000E+00  0.00000000E+00  0.00000000E+00  0.00000000E+00  0.00000000E+00
  0.00000000E+00  0.00000000E+00  0.00000000E+00  0.00000000E+00  0.00000000E+00
  0.00000000E+00  0.00000000E+00  0.00000000E+00  0.00000000E+00  0.00000000E+00
  0.00000000E+00  0.00000000E+00  0.00000000E+00  0.00000000E+00  0.00000000E+00
  0.00000000E+00  0.00000000E+00 -0.10741836E-28 -0.73841060E-27  0.00000000E+00
 -0.61834582E-27  0.00000000E+00  0.10921421E-28  0.13323078E-26  0.19973745E-26
  0.34969831E-26  0.14520158E-26 -0.76183291E-26 -0.31465674E-26  0.14833709E-26
  0.44857345E-26  0.47380302E-26 -0.13785131E-25  0.18977095E-25  0.11757491E-25
  0.57973023E-26  0.34424565E-25  0.81276941E-25  0.45450153E-25  0.38360359E-25
 -0.16123271E-25 -0.17598179E-24 -0.39657030E-24 -0.59326977E-24
  0.00000000E+00  0.00000000E+00  0.00000000E+00  0.00000000E+00  0.00000000E+00
  0.00000000E+00  0.00000000E+00  0.00000000E+00  0.00000000E+00  0.00000000E+00
  0.00000000E+00  0.00000000E+00  0.00000000E+00  0.00000000E+00  0.00000000E+00
  0.00000000E+00  0.00000000E+00  0.00000000E+00  0.00000000E+00  0.00000000E+00
  0.00000000E+00  0.00000000E+00  0.00000000E+00  0.00000000E+00  0.00000000E+00
  0.00000000E+00  0.00000000E+00  0.00000000E+00  0.00000000E+00  0.00000000E+00
  0.00000000E+00  0.00000000E+00  0.00000000E+00  0.00000000E+00  0.00000000E+00
  0.00000000E+00  0.66262531E-28  0.21538037E-27 -0.25979446E-27  0.00000000E+00
 -0.12593397E-26 -0.18792468E-26  0.46372044E-28  0.13146601E-26  0.27106392E-26
 -0.10166089E-27  0.45955210E-26 -0.26105459E-26 -0.26672380E-26 -0.33101498E-26
  0.11798165E-25  0.70332739E-26  0.77145467E-26  0.27819880E-26  0.26678044E-25
  0.26360078E-25  0.39853859E-25  0.61021820E-25  0.64720502E-25  0.16788795E-25
 -0.77956389E-25 -0.21138620E-24 -0.37591524E-24 -0.59681124E-24
  0.00000000E+00  0.00000000E+00  0.00000000E+00  0.00000000E+00  0.00000000E+00
  0.00000000E+00  0.00000000E+00  0.00000000E+00  0.00000000E+00  0.00000000E+00
  0.00000000E+00  0.00000000E+00  0.00000000E+00  0.00000000E+00  0.00000000E+00
  0.00000000E+00  0.00000000E+00  0.00000000E+00  0.00000000E+00  0.00000000E+00
  0.00000000E+00  0.00000000E+00  0.00000000E+00  0.00000000E+00  0.00000000E+00
  0.00000000E+00  0.00000000E+00  0.00000000E+00  0.00000000E+00  0.00000000E+00
  0.00000000E+00  0.00000000E+00  0.00000000E+00  0.00000000E+00  0.00000000E+00
  0.17643997E-28  0.37803668E-27  0.00000000E+00 -0.28045746E-27  0.00000000E+00
  0.74809203E-28  0.31157101E-27  0.63547575E-27  0.11547593E-26  0.17388101E-26
 -0.11777618E-26  0.25429132E-26 -0.53476902E-27 -0.31694767E-27 -0.41531225E-26
 -0.36203787E-26 -0.59814535E-27  0.64974039E-26  0.16951255E-25  0.34296068E-25
  0.41467852E-25  0.57542580E-25  0.78171748E-25  0.56733636E-25  0.11279070E-25
 -0.77351672E-25 -0.20471319E-24 -0.37066665E-24 -0.56617147E-24
  0.00000000E+00  0.00000000E+00  0.00000000E+00  0.00000000E+00  0.00000000E+00
  0.00000000E+00  0.00000000E+00  0.00000000E+00  0.00000000E+00  0.00000000E+00
  0.00000000E+00  0.00000000E+00  0.00000000E+00  0.00000000E+00  0.00000000E+00
  0.00000000E+00  0.00000000E+00  0.00000000E+00  0.00000000E+00  0.00000000E+00
  0.00000000E+00  0.00000000E+00  0.00000000E+00  0.00000000E+00  0.00000000E+00
  0.00000000E+00  0.00000000E+00  0.00000000E+00  0.00000000E+00  0.00000000E+00
  0.00000000E+00  0.00000000E+00  0.00000000E+00  0.00000000E+00  0.00000000E+00
  0.00000000E+00  0.43801103E-27  0.39913739E-29 -0.29504831E-27  0.00000000E+00
  0.14021346E-27  0.11503216E-26  0.69756114E-27 -0.84635583E-27  0.21205771E-26
  0.18164608E-26  0.53826806E-26 -0.12073877E-26  0.31082428E-26 -0.21765774E-26
 -0.14412813E-26  0.41599665E-26  0.59925033E-26  0.11348296E-25  0.24758151E-25
  0.36963049E-25  0.56155075E-25  0.28243139E-25  0.15220488E-25 -0.24011876E-25
 -0.14727757E-24 -0.18133333E-24 -0.40443086E-24 -0.57421391E-24
  0.00000000E+00  0.00000000E+00  0.00000000E+00  0.00000000E+00  0.00000000E+00
  0.00000000E+00  0.00000000E+00  0.00000000E+00  0.00000000E+00  0.00000000E+00
  0.00000000E+00  0.00000000E+00  0.00000000E+00  0.00000000E+00  0.00000000E+00
  0.00000000E+00  0.00000000E+00  0.00000000E+00  0.00000000E+00  0.00000000E+00
  0.00000000E+00  0.00000000E+00  0.00000000E+00  0.00000000E+00  0.00000000E+00
  0.00000000E+00  0.00000000E+00  0.00000000E+00  0.00000000E+00  0.00000000E+00
  0.00000000E+00  0.00000000E+00  0.00000000E+00  0.00000000E+00  0.00000000E+00
  0.00000000E+00  0.39568045E-27  0.10649278E-27 -0.18972221E-27 -0.12142476E-27
  0.66048150E-27  0.21929100E-26  0.35507482E-26 -0.31654772E-26 -0.19244245E-26
  0.10812614E-26  0.92109753E-27  0.37646780E-26  0.56244433E-26  0.25536866E-26
 -0.41656044E-26  0.10063478E-25  0.13011626E-25  0.34065641E-25  0.35438499E-25
  0.55961322E-25  0.56302207E-25  0.51412643E-25 -0.42938322E-25 -0.93379849E-25
 -0.13949758E-24 -0.23992621E-24 -0.36331918E-24 -0.53716379E-24
  0.00000000E+00  0.00000000E+00  0.00000000E+00  0.00000000E+00  0.00000000E+00
  0.00000000E+00  0.00000000E+00  0.00000000E+00  0.00000000E+00  0.00000000E+00
  0.00000000E+00  0.00000000E+00  0.00000000E+00  0.00000000E+00  0.00000000E+00
  0.00000000E+00  0.00000000E+00  0.00000000E+00  0.00000000E+00  0.00000000E+00
  0.00000000E+00  0.00000000E+00  0.00000000E+00  0.00000000E+00  0.00000000E+00
  0.00000000E+00  0.00000000E+00  0.00000000E+00  0.00000000E+00  0.00000000E+00
  0.00000000E+00  0.00000000E+00  0.00000000E+00  0.00000000E+00  0.00000000E+00
 -0.95922735E-30  0.40633292E-27  0.15870144E-27  0.77970718E-27 -0.33460135E-27
 -0.17825102E-27 -0.12462969E-26  0.72397133E-28 -0.29287817E-26 -0.61499037E-26
  0.14409655E-26 -0.18301894E-26  0.14915499E-26 -0.16182622E-26  0.82727629E-26
  0.21537287E-25  0.13409945E-25  0.80569440E-26  0.62029390E-25  0.14528865E-25
  0.27684688E-25  0.83208174E-25  0.33229229E-25 -0.97312455E-25 -0.10794754E-24
 -0.15471847E-24 -0.20821329E-24 -0.33995935E-24 -0.53610481E-24
  0.00000000E+00  0.00000000E+00  0.00000000E+00  0.00000000E+00  0.00000000E+00
  0.00000000E+00  0.00000000E+00  0.00000000E+00  0.00000000E+00  0.00000000E+00
  0.00000000E+00  0.00000000E+00  0.00000000E+00  0.00000000E+00  0.00000000E+00
  0.00000000E+00  0.00000000E+00  0.00000000E+00  0.00000000E+00  0.00000000E+00
  0.00000000E+00  0.00000000E+00  0.00000000E+00  0.00000000E+00  0.00000000E+00
  0.00000000E+00  0.00000000E+00  0.00000000E+00  0.00000000E+00  0.00000000E+00
  0.00000000E+00  0.00000000E+00  0.00000000E+00  0.00000000E+00  0.00000000E+00
 -0.38620170E-27 -0.16239520E-26 -0.46384050E-27  0.12283312E-26 -0.28969195E-27
  0.25238964E-27 -0.90163592E-27 -0.64765911E-27 -0.61369116E-26 -0.98793874E-26
 -0.26386035E-26  0.31640060E-26  0.69628185E-26 -0.32445011E-26  0.26359863E-25
  0.86770185E-26  0.29718900E-25  0.29097723E-25  0.39501984E-25  0.37037719E-25
  0.51578964E-25 -0.69892770E-26 -0.65048987E-25 -0.10945923E-24 -0.17317303E-24
 -0.15525622E-24 -0.17416921E-24 -0.28776721E-24 -0.50129598E-24
  0.00000000E+00  0.00000000E+00  0.00000000E+00  0.00000000E+00  0.00000000E+00
  0.00000000E+00  0.00000000E+00  0.00000000E+00  0.00000000E+00  0.00000000E+00
  0.00000000E+00  0.00000000E+00  0.00000000E+00  0.00000000E+00  0.00000000E+00
  0.00000000E+00  0.00000000E+00  0.00000000E+00  0.00000000E+00  0.00000000E+00
  0.00000000E+00  0.00000000E+00  0.00000000E+00  0.00000000E+00  0.00000000E+00
  0.00000000E+00  0.00000000E+00  0.00000000E+00  0.00000000E+00  0.00000000E+00
  0.00000000E+00  0.00000000E+00  0.00000000E+00  0.00000000E+00  0.00000000E+00
  0.00000000E+00  0.37262006E-27 -0.63413461E-27  0.59222782E-27 -0.27835733E-27
  0.32284628E-27  0.24387500E-26 -0.36067525E-27 -0.24270828E-26 -0.30600765E-26
 -0.29477837E-26 -0.86216148E-26 -0.56182112E-26 -0.27615793E-26 -0.50008464E-26
  0.83392262E-26  0.27463323E-25  0.42957746E-25  0.44146027E-25  0.39665713E-25
 -0.46796705E-25 -0.65136536E-25 -0.55677488E-25 -0.80693680E-25 -0.70859877E-25
 -0.90847326E-25 -0.14497570E-24 -0.26290773E-24 -0.46908918E-24
  0.00000000E+00  0.00000000E+00  0.00000000E+00  0.00000000E+00  0.00000000E+00
  0.00000000E+00  0.00000000E+00  0.00000000E+00  0.00000000E+00  0.00000000E+00
  0.00000000E+00  0.00000000E+00  0.00000000E+00  0.00000000E+00  0.00000000E+00
  0.00000000E+00  0.00000000E+00  0.00000000E+00  0.00000000E+00  0.00000000E+00
  0.00000000E+00  0.00000000E+00  0.00000000E+00  0.00000000E+00  0.00000000E+00
  0.00000000E+00  0.00000000E+00  0.00000000E+00  0.00000000E+00  0.00000000E+00
  0.00000000E+00  0.00000000E+00  0.00000000E+00  0.00000000E+00  0.00000000E+00
  0.00000000E+00  0.25975526E-29  0.00000000E+00  0.11997690E-26 -0.20190172E-27
 -0.50583764E-27  0.41804768E-26 -0.13386028E-26 -0.48493019E-26 -0.28883129E-26
  0.67754997E-26  0.31902253E-27  0.86542484E-26  0.50973013E-26  0.10040228E-25
  0.31011780E-25  0.42741399E-25  0.40845062E-25  0.14568838E-25  0.17642333E-25
 -0.20658236E-25 -0.59415094E-25 -0.65536887E-25 -0.82237702E-25 -0.83772882E-25
 -0.34970991E-25 -0.74299047E-25 -0.25057376E-24 -0.42833733E-24
  0.00000000E+00  0.00000000E+00  0.00000000E+00  0.00000000E+00  0.00000000E+00
  0.00000000E+00  0.00000000E+00  0.00000000E+00  0.00000000E+00  0.00000000E+00
  0.00000000E+00  0.00000000E+00  0.00000000E+00  0.00000000E+00  0.00000000E+00
  0.00000000E+00  0.00000000E+00  0.00000000E+00  0.00000000E+00  0.00000000E+00
  0.00000000E+00  0.00000000E+00  0.00000000E+00  0.00000000E+00  0.00000000E+00
  0.00000000E+00  0.00000000E+00  0.00000000E+00  0.00000000E+00  0.00000000E+00
  0.00000000E+00  0.00000000E+00  0.00000000E+00  0.00000000E+00  0.00000000E+00
  0.00000000E+00 -0.12219844E-26  0.22053856E-26  0.34117062E-26  0.31691348E-26
  0.27124711E-26  0.10731408E-26  0.12634823E-27  0.69439293E-27 -0.54709160E-26
 -0.31432498E-26 -0.17111454E-26 -0.24759215E-26 -0.12299040E-26  0.35734455E-26
  0.12609099E-25 -0.90850132E-26 -0.14218166E-25 -0.30388763E-25 -0.17047270E-25
 -0.42849334E-25 -0.13419061E-24 -0.10139641E-24 -0.87935193E-25 -0.26557481E-25
 -0.57798857E-25 -0.15704187E-24 -0.23216010E-24 -0.38635004E-24
  0.00000000E+00  0.00000000E+00  0.00000000E+00  0.00000000E+00  0.00000000E+00
  0.00000000E+00  0.00000000E+00  0.00000000E+00  0.00000000E+00  0.00000000E+00
  0.00000000E+00  0.00000000E+00  0.00000000E+00  0.00000000E+00  0.00000000E+00
  0.00000000E+00  0.00000000E+00  0.00000000E+00  0.00000000E+00  0.00000000E+00
  0.00000000E+00  0.00000000E+00  0.00000000E+00  0.00000000E+00  0.00000000E+00
  0.00000000E+00  0.00000000E+00  0.00000000E+00  0.00000000E+00  0.00000000E+00
  0.00000000E+00  0.00000000E+00  0.00000000E+00  0.00000000E+00  0.00000000E+00
  0.00000000E+00 -0.11978043E-26  0.12987591E-27  0.89066509E-27  0.17970365E-26
  0.99786052E-27  0.56148239E-26  0.63451019E-27 -0.48470751E-26 -0.11017568E-25
  0.23386909E-26  0.15785585E-26  0.47175313E-26  0.73589655E-27  0.31566222E-26
  0.17922692E-25  0.65445787E-26 -0.36390717E-26  0.86085825E-26 -0.57051888E-25
 -0.64520330E-25 -0.12044278E-24 -0.15573126E-24 -0.82478924E-25 -0.35040055E-25
 -0.33738232E-25 -0.10422793E-24 -0.24021571E-24 -0.34073230E-24
  0.00000000E+00  0.00000000E+00  0.00000000E+00  0.00000000E+00  0.00000000E+00
  0.00000000E+00  0.00000000E+00  0.00000000E+00  0.00000000E+00  0.00000000E+00
  0.00000000E+00  0.00000000E+00  0.00000000E+00  0.00000000E+00  0.00000000E+00
  0.00000000E+00  0.00000000E+00  0.00000000E+00  0.00000000E+00  0.00000000E+00
  0.00000000E+00  0.00000000E+00  0.00000000E+00  0.00000000E+00  0.00000000E+00
  0.00000000E+00  0.00000000E+00  0.00000000E+00  0.00000000E+00  0.00000000E+00
  0.00000000E+00  0.00000000E+00  0.00000000E+00  0.00000000E+00  0.00000000E+00
  0.00000000E+00  0.00000000E+00 -0.48940960E-27 -0.22261830E-26 -0.23656179E-26
 -0.95038745E-27 -0.21985600E-26 -0.38386489E-26  0.17485280E-26  0.30226626E-26
  0.18066621E-26  0.70318270E-26 -0.40468509E-26 -0.12038833E-25  0.32400766E-26
  0.49900684E-25  0.16940385E-25  0.10241347E-25 -0.10100910E-25 -0.65501857E-25
 -0.11050100E-24 -0.15922169E-24 -0.11021045E-24 -0.66658452E-25  0.13695155E-25
 -0.35156946E-25 -0.86717341E-25 -0.21792980E-24 -0.33974550E-24
  0.00000000E+00  0.00000000E+00  0.00000000E+00  0.00000000E+00  0.00000000E+00
  0.00000000E+00  0.00000000E+00  0.00000000E+00  0.00000000E+00  0.00000000E+00
  0.00000000E+00  0.00000000E+00  0.00000000E+00  0.00000000E+00  0.00000000E+00
  0.00000000E+00  0.00000000E+00  0.00000000E+00  0.00000000E+00  0.00000000E+00
  0.00000000E+00  0.00000000E+00  0.00000000E+00  0.00000000E+00  0.00000000E+00
  0.00000000E+00  0.00000000E+00  0.00000000E+00  0.00000000E+00  0.00000000E+00
  0.00000000E+00  0.00000000E+00  0.00000000E+00  0.00000000E+00  0.00000000E+00
 -0.22340040E-27 -0.99190141E-27 -0.12526123E-26 -0.60600034E-27 -0.16797363E-26
  0.35118882E-26  0.33349076E-26  0.67430404E-26 -0.13010478E-26 -0.39254284E-26
  0.16909427E-26  0.53780083E-27  0.40605181E-26 -0.10109211E-25  0.16539431E-27
  0.78953719E-26 -0.26766436E-25 -0.34859341E-25 -0.93384525E-25 -0.11645179E-24
 -0.91551318E-25 -0.12238890E-24 -0.68565721E-25 -0.47951361E-25 -0.33837639E-25
 -0.52788337E-25 -0.12924131E-24 -0.19285412E-24 -0.33304574E-24
  0.00000000E+00  0.00000000E+00  0.00000000E+00  0.00000000E+00  0.00000000E+00
  0.00000000E+00  0.00000000E+00  0.00000000E+00  0.00000000E+00  0.00000000E+00
  0.00000000E+00  0.00000000E+00  0.00000000E+00  0.00000000E+00  0.00000000E+00
  0.00000000E+00  0.00000000E+00  0.00000000E+00  0.00000000E+00  0.00000000E+00
  0.00000000E+00  0.00000000E+00  0.00000000E+00  0.00000000E+00  0.00000000E+00
  0.00000000E+00  0.00000000E+00  0.00000000E+00  0.00000000E+00  0.00000000E+00
  0.00000000E+00  0.00000000E+00  0.00000000E+00  0.00000000E+00  0.00000000E+00
  0.00000000E+00 -0.47275412E-29 -0.14870926E-26 -0.17501114E-26 -0.22751639E-26
  0.42071184E-26  0.56869237E-26 -0.35688657E-26  0.77547743E-26 -0.92471858E-26
 -0.44583059E-26 -0.12770454E-26  0.11085515E-25  0.11789236E-25 -0.75414773E-26
 -0.14460073E-26 -0.65027688E-25 -0.43463831E-25 -0.10377977E-24 -0.15381543E-24
 -0.17358776E-24 -0.13221251E-24 -0.65354225E-25 -0.62561437E-25 -0.47770189E-25
 -0.95426653E-25 -0.10550878E-24 -0.20981210E-24 -0.29059218E-24
  0.00000000E+00  0.00000000E+00  0.00000000E+00  0.00000000E+00  0.00000000E+00
  0.00000000E+00  0.00000000E+00  0.00000000E+00  0.00000000E+00  0.00000000E+00
  0.00000000E+00  0.00000000E+00  0.00000000E+00  0.00000000E+00  0.00000000E+00
  0.00000000E+00  0.00000000E+00  0.00000000E+00  0.00000000E+00  0.00000000E+00
  0.00000000E+00  0.00000000E+00  0.00000000E+00  0.00000000E+00  0.00000000E+00
  0.00000000E+00  0.00000000E+00  0.00000000E+00  0.00000000E+00  0.00000000E+00
  0.00000000E+00  0.00000000E+00  0.00000000E+00  0.00000000E+00  0.00000000E+00
  0.00000000E+00  0.00000000E+00 -0.17471099E-22 -0.22108524E-22 -0.71170872E-23
 -0.79090802E-23 -0.26107803E-22 -0.46891727E-22 -0.98379022E-22 -0.22451409E-21
 -0.27017981E-21 -0.22894115E-21 -0.49370245E-21 -0.10269685E-20 -0.10545454E-20
 -0.14243393E-20 -0.20816945E-20 -0.32033787E-20 -0.50585212E-20 -0.72447297E-20
 -0.10022050E-19 -0.11942633E-19 -0.13806696E-19 -0.15121291E-19 -0.14390906E-19
 -0.11866564E-19 -0.86218630E-20 -0.46830834E-20 -0.11994098E-20
  0.00000000E+00  0.00000000E+00  0.00000000E+00  0.00000000E+00  0.00000000E+00
  0.00000000E+00  0.00000000E+00  0.00000000E+00  0.00000000E+00  0.00000000E+00
  0.00000000E+00  0.00000000E+00  0.00000000E+00  0.00000000E+00  0.00000000E+00
  0.00000000E+00  0.00000000E+00  0.00000000E+00  0.00000000E+00  0.00000000E+00
  0.00000000E+00  0.00000000E+00  0.00000000E+00  0.00000000E+00  0.00000000E+00
  0.00000000E+00  0.00000000E+00  0.00000000E+00  0.00000000E+00  0.00000000E+00
  0.00000000E+00  0.00000000E+00  0.00000000E+00  0.00000000E+00  0.00000000E+00
  0.00000000E+00  0.00000000E+00 -0.21172024E-22 -0.14956572E-23 -0.63375582E-23
 -0.10167897E-22 -0.48061433E-23 -0.17291785E-22 -0.79598831E-22 -0.11159163E-21
 -0.13546471E-21 -0.22047674E-21 -0.31880797E-21 -0.62642836E-21 -0.91261520E-21
 -0.13843970E-20 -0.17854732E-20 -0.23211126E-20 -0.36014517E-20 -0.54165861E-20
 -0.68632192E-20 -0.78586721E-20 -0.10198997E-19 -0.10925592E-19 -0.11000840E-19
 -0.90902148E-20 -0.64602319E-20 -0.35168290E-20 -0.94496042E-21
  0.00000000E+00  0.00000000E+00  0.00000000E+00  0.00000000E+00  0.00000000E+00
  0.00000000E+00  0.00000000E+00  0.00000000E+00  0.00000000E+00  0.00000000E+00
  0.00000000E+00  0.00000000E+00  0.00000000E+00  0.00000000E+00  0.00000000E+00
  0.00000000E+00  0.00000000E+00  0.00000000E+00  0.00000000E+00  0.00000000E+00
  0.00000000E+00  0.00000000E+00  0.00000000E+00  0.00000000E+00  0.00000000E+00
  0.00000000E+00  0.00000000E+00  0.00000000E+00  0.00000000E+00  0.00000000E+00
  0.00000000E+00  0.00000000E+00  0.00000000E+00  0.00000000E+00  0.00000000E+00
  0.00000000E+00  0.00000000E+00 -0.29775349E-22 -0.14642569E-23 -0.29142521E-23
 -0.12508278E-22 -0.16264459E-22 -0.13334724E-22 -0.43340887E-22 -0.89908521E-22
 -0.10586057E-21 -0.18533304E-21 -0.22340014E-21 -0.42142226E-21 -0.54306003E-21
 -0.97688075E-21 -0.14773411E-20 -0.21934114E-20 -0.31974474E-20 -0.44644254E-20
 -0.63680935E-20 -0.80762757E-20 -0.96494704E-20 -0.10875004E-19 -0.10580345E-19
 -0.88539992E-20 -0.62858214E-20 -0.35075754E-20 -0.95147079E-21
  0.00000000E+00  0.00000000E+00  0.00000000E+00  0.00000000E+00  0.00000000E+00
  0.00000000E+00  0.00000000E+00  0.00000000E+00  0.00000000E+00  0.00000000E+00
  0.00000000E+00  0.00000000E+00  0.00000000E+00  0.00000000E+00  0.00000000E+00
  0.00000000E+00  0.00000000E+00  0.00000000E+00  0.00000000E+00  0.00000000E+00
  0.00000000E+00  0.00000000E+00  0.00000000E+00  0.00000000E+00  0.00000000E+00
  0.00000000E+00  0.00000000E+00  0.00000000E+00  0.00000000E+00  0.00000000E+00
  0.00000000E+00  0.00000000E+00  0.00000000E+00  0.00000000E+00  0.00000000E+00
  0.00000000E+00  0.00000000E+00 -0.17372247E-23 -0.15100266E-23 -0.30543736E-23
  0.00000000E+00 -0.13147858E-22 -0.67210036E-22 -0.54631131E-22 -0.85689676E-22
 -0.10744384E-21 -0.19036237E-21 -0.18701284E-21 -0.34072651E-21 -0.53031949E-21
 -0.90912036E-21 -0.13961347E-20 -0.19800952E-20 -0.27889226E-20 -0.40518426E-20
 -0.59008919E-20 -0.74973673E-20 -0.96893095E-20 -0.11215838E-19 -0.11108778E-19
 -0.93598914E-20 -0.65864734E-20 -0.38152796E-20 -0.11188076E-20
  0.00000000E+00  0.00000000E+00  0.00000000E+00  0.00000000E+00  0.00000000E+00
  0.00000000E+00  0.00000000E+00  0.00000000E+00  0.00000000E+00  0.00000000E+00
  0.00000000E+00  0.00000000E+00  0.00000000E+00  0.00000000E+00  0.00000000E+00
  0.00000000E+00  0.00000000E+00  0.00000000E+00  0.00000000E+00  0.00000000E+00
  0.00000000E+00  0.00000000E+00  0.00000000E+00  0.00000000E+00  0.00000000E+00
  0.00000000E+00  0.00000000E+00  0.00000000E+00  0.00000000E+00  0.00000000E+00
  0.00000000E+00  0.00000000E+00  0.00000000E+00  0.00000000E+00  0.00000000E+00
  0.00000000E+00  0.00000000E+00  0.00000000E+00 -0.14451981E-23 -0.93720737E-23
 -0.12375422E-22 -0.19800417E-22 -0.56340225E-22 -0.41023292E-22 -0.66557285E-22
 -0.57810628E-22 -0.11873095E-21 -0.18479130E-21 -0.43483425E-21 -0.63419921E-21
 -0.86028152E-21 -0.12282562E-20 -0.17371574E-20 -0.25795107E-20 -0.38226237E-20
 -0.52502030E-20 -0.73506333E-20 -0.93467861E-20 -0.11048339E-19 -0.11451801E-19
 -0.10368311E-19 -0.79015462E-20 -0.44404938E-20 -0.13389729E-20
  0.00000000E+00  0.00000000E+00  0.00000000E+00  0.00000000E+00  0.00000000E+00
  0.00000000E+00  0.00000000E+00  0.00000000E+00  0.00000000E+00  0.00000000E+00
  0.00000000E+00  0.00000000E+00  0.00000000E+00  0.00000000E+00  0.00000000E+00
  0.00000000E+00  0.00000000E+00  0.00000000E+00  0.00000000E+00  0.00000000E+00
  0.00000000E+00  0.00000000E+00  0.00000000E+00  0.00000000E+00  0.00000000E+00
  0.00000000E+00  0.00000000E+00  0.00000000E+00  0.00000000E+00  0.00000000E+00
  0.00000000E+00  0.00000000E+00  0.00000000E+00  0.00000000E+00  0.00000000E+00
  0.00000000E+00  0.00000000E+00  0.00000000E+00 -0.14500963E-23 -0.58741643E-23
 -0.17573365E-23 -0.33489881E-22 -0.19050416E-22 -0.68392999E-22 -0.67588268E-22
 -0.98894466E-22 -0.16692967E-21 -0.26098688E-21 -0.36834503E-21 -0.46887594E-21
 -0.66540597E-21 -0.11586756E-20 -0.19039649E-20 -0.24784849E-20 -0.33362966E-20
 -0.48683094E-20 -0.67464567E-20 -0.87336857E-20 -0.10828066E-19 -0.12154740E-19
 -0.11414526E-19 -0.89971300E-20 -0.54212667E-20 -0.17090350E-20
  0.00000000E+00  0.00000000E+00  0.00000000E+00  0.00000000E+00  0.00000000E+00
  0.00000000E+00  0.00000000E+00  0.00000000E+00  0.00000000E+00  0.00000000E+00
  0.00000000E+00  0.00000000E+00  0.00000000E+00  0.00000000E+00  0.00000000E+00
  0.00000000E+00  0.00000000E+00  0.00000000E+00  0.00000000E+00  0.00000000E+00
  0.00000000E+00  0.00000000E+00  0.00000000E+00  0.00000000E+00  0.00000000E+00
  0.00000000E+00  0.00000000E+00  0.00000000E+00  0.00000000E+00  0.00000000E+00
  0.00000000E+00  0.00000000E+00  0.00000000E+00  0.00000000E+00  0.00000000E+00
  0.00000000E+00  0.00000000E+00  0.00000000E+00 -0.14598505E-23 -0.59212316E-23
 -0.19417061E-23 -0.58617863E-23 -0.15653143E-22 -0.31401985E-22 -0.58539903E-22
 -0.92353901E-22 -0.16614629E-21 -0.18604508E-21 -0.32169964E-21 -0.42135619E-21
 -0.87022001E-21 -0.11605885E-20 -0.16067348E-20 -0.21520423E-20 -0.29773976E-20
 -0.45320291E-20 -0.63784014E-20 -0.79625561E-20 -0.10605012E-19 -0.12569236E-19
 -0.12470053E-19 -0.10690616E-19 -0.65989185E-20 -0.22417176E-20
  0.00000000E+00  0.00000000E+00  0.00000000E+00  0.00000000E+00  0.00000000E+00
  0.00000000E+00  0.00000000E+00  0.00000000E+00  0.00000000E+00  0.00000000E+00
  0.00000000E+00  0.00000000E+00  0.00000000E+00  0.00000000E+00  0.00000000E+00
  0.00000000E+00  0.00000000E+00  0.00000000E+00  0.00000000E+00  0.00000000E+00
  0.00000000E+00  0.00000000E+00  0.00000000E+00  0.00000000E+00  0.00000000E+00
  0.00000000E+00  0.00000000E+00  0.00000000E+00  0.00000000E+00  0.00000000E+00
  0.00000000E+00  0.00000000E+00  0.00000000E+00  0.00000000E+00  0.00000000E+00
  0.00000000E+00  0.00000000E+00  0.00000000E+00 -0.51944838E-23 -0.22233810E-23
 -0.13513511E-23 -0.39629049E-23 -0.18025583E-22 -0.30311604E-22 -0.23063445E-22
 -0.83048114E-22 -0.17462775E-21 -0.27798792E-21 -0.32002375E-21 -0.44192752E-21
 -0.60861353E-21 -0.10270237E-20 -0.13074441E-20 -0.18059730E-20 -0.27650068E-20
 -0.39638045E-20 -0.55144141E-20 -0.74369726E-20 -0.10253179E-19 -0.12696932E-19
 -0.13469461E-19 -0.11853732E-19 -0.79231701E-20 -0.29401674E-20
  0.00000000E+00  0.00000000E+00  0.00000000E+00  0.00000000E+00  0.00000000E+00
  0.00000000E+00  0.00000000E+00  0.00000000E+00  0.00000000E+00  0.00000000E+00
  0.00000000E+00  0.00000000E+00  0.00000000E+00  0.00000000E+00  0.00000000E+00
  0.00000000E+00  0.00000000E+00  0.00000000E+00  0.00000000E+00  0.00000000E+00
  0.00000000E+00  0.00000000E+00  0.00000000E+00  0.00000000E+00  0.00000000E+00
  0.00000000E+00  0.00000000E+00  0.00000000E+00  0.00000000E+00  0.00000000E+00
  0.00000000E+00  0.00000000E+00  0.00000000E+00  0.00000000E+00  0.00000000E+00
  0.00000000E+00  0.00000000E+00  0.00000000E+00 -0.74342902E-23  0.00000000E+00
 -0.53214626E-23 -0.54410884E-23 -0.10595862E-22 -0.16063575E-22 -0.76242406E-23
 -0.27181489E-22 -0.86481368E-22 -0.25583907E-21 -0.33461553E-21 -0.40847075E-21
 -0.59431943E-21 -0.90729850E-21 -0.11433188E-20 -0.16912555E-20 -0.23653502E-20
 -0.39423740E-20 -0.54240803E-20 -0.72826405E-20 -0.98031348E-20 -0.12138101E-19
 -0.13213027E-19 -0.13068747E-19 -0.95590999E-20 -0.37949816E-20
  0.00000000E+00  0.00000000E+00  0.00000000E+00  0.00000000E+00  0.00000000E+00
  0.00000000E+00  0.00000000E+00  0.00000000E+00  0.00000000E+00  0.00000000E+00
  0.00000000E+00  0.00000000E+00  0.00000000E+00  0.00000000E+00  0.00000000E+00
  0.00000000E+00  0.00000000E+00  0.00000000E+00  0.00000000E+00  0.00000000E+00
  0.00000000E+00  0.00000000E+00  0.00000000E+00  0.00000000E+00  0.00000000E+00
  0.00000000E+00  0.00000000E+00  0.00000000E+00  0.00000000E+00  0.00000000E+00
  0.00000000E+00  0.00000000E+00  0.00000000E+00  0.00000000E+00  0.00000000E+00
  0.00000000E+00  0.00000000E+00  0.00000000E+00 -0.74121906E-23  0.00000000E+00
 -0.53138093E-23 -0.37311579E-23 -0.10600046E-22 -0.68700585E-23 -0.26898832E-22
 -0.17688279E-22 -0.13873657E-21 -0.15891467E-21 -0.21898327E-21 -0.27068589E-21
 -0.48984565E-21 -0.75660317E-21 -0.13761557E-20 -0.14950807E-20 -0.21518711E-20
 -0.33857826E-20 -0.46439277E-20 -0.67439445E-20 -0.88801275E-20 -0.11950057E-19
 -0.14020152E-19 -0.14027714E-19 -0.10746039E-19 -0.47547016E-20
  0.00000000E+00  0.00000000E+00  0.00000000E+00  0.00000000E+00  0.00000000E+00
  0.00000000E+00  0.00000000E+00  0.00000000E+00  0.00000000E+00  0.00000000E+00
  0.00000000E+00  0.00000000E+00  0.00000000E+00  0.00000000E+00  0.00000000E+00
  0.00000000E+00  0.00000000E+00  0.00000000E+00  0.00000000E+00  0.00000000E+00
  0.00000000E+00  0.00000000E+00  0.00000000E+00  0.00000000E+00  0.00000000E+00
  0.00000000E+00  0.00000000E+00  0.00000000E+00  0.00000000E+00  0.00000000E+00
  0.00000000E+00  0.00000000E+00  0.00000000E+00  0.00000000E+00  0.00000000E+00
  0.00000000E+00  0.00000000E+00  0.00000000E+00 -0.47225641E-23  0.00000000E+00
 -0.41448779E-23 -0.29122749E-23 -0.68036194E-23 -0.14854750E-23 -0.38659319E-23
 -0.39531472E-22 -0.49968672E-22 -0.12860523E-21 -0.12027370E-21 -0.21326815E-21
 -0.34825922E-21 -0.55669590E-21 -0.71296048E-21 -0.11512832E-20 -0.17181241E-20
 -0.23738397E-20 -0.32101699E-20 -0.48160567E-20 -0.65535775E-20 -0.89993215E-20
 -0.11426231E-19 -0.11399872E-19 -0.91605831E-20 -0.43509068E-20
  0.00000000E+00  0.00000000E+00  0.00000000E+00  0.00000000E+00  0.00000000E+00
  0.00000000E+00  0.00000000E+00  0.00000000E+00  0.00000000E+00  0.00000000E+00
  0.00000000E+00  0.00000000E+00  0.00000000E+00  0.00000000E+00  0.00000000E+00
  0.00000000E+00  0.00000000E+00  0.00000000E+00  0.00000000E+00  0.00000000E+00
  0.00000000E+00  0.00000000E+00  0.00000000E+00  0.00000000E+00  0.00000000E+00
  0.00000000E+00  0.00000000E+00  0.00000000E+00  0.00000000E+00  0.00000000E+00
  0.00000000E+00  0.00000000E+00  0.00000000E+00  0.00000000E+00  0.00000000E+00
  0.00000000E+00  0.00000000E+00  0.00000000E+00 -0.51845246E-23  0.00000000E+00
 -0.46478110E-23 -0.64041175E-23 -0.14514840E-22 -0.21222323E-22 -0.43448994E-23
 -0.64053864E-22 -0.10004942E-21 -0.91624208E-22 -0.14092821E-21 -0.17647836E-21
 -0.37906755E-21 -0.58856468E-21 -0.77500424E-21 -0.11359807E-20 -0.16771415E-20
 -0.25887070E-20 -0.35941068E-20 -0.50146910E-20 -0.70786227E-20 -0.99595284E-20
 -0.12768487E-19 -0.13796808E-19 -0.11352962E-19 -0.56374547E-20
  0.00000000E+00  0.00000000E+00  0.00000000E+00  0.00000000E+00  0.00000000E+00
  0.00000000E+00  0.00000000E+00  0.00000000E+00  0.00000000E+00  0.00000000E+00
  0.00000000E+00  0.00000000E+00  0.00000000E+00  0.00000000E+00  0.00000000E+00
  0.00000000E+00  0.00000000E+00  0.00000000E+00  0.00000000E+00  0.00000000E+00
  0.00000000E+00  0.00000000E+00  0.00000000E+00  0.00000000E+00  0.00000000E+00
  0.00000000E+00  0.00000000E+00  0.00000000E+00  0.00000000E+00  0.00000000E+00
  0.00000000E+00  0.00000000E+00  0.00000000E+00  0.00000000E+00  0.00000000E+00
  0.00000000E+00  0.00000000E+00  0.00000000E+00 -0.57670726E-23  0.00000000E+00
 -0.51754354E-23 -0.85835367E-23 -0.58855394E-23 -0.45030493E-22 -0.24188213E-22
 -0.60486348E-22 -0.80718313E-22 -0.83906557E-22 -0.15687539E-21 -0.26410272E-21
 -0.33779198E-21 -0.57985964E-21 -0.92233257E-21 -0.13550131E-20 -0.19716700E-20
 -0.28392843E-20 -0.39872405E-20 -0.54183061E-20 -0.79884812E-20 -0.10300774E-19
 -0.13798151E-19 -0.15535953E-19 -0.13470594E-19 -0.68797644E-20
  0.00000000E+00  0.00000000E+00  0.00000000E+00  0.00000000E+00  0.00000000E+00
  0.00000000E+00  0.00000000E+00  0.00000000E+00  0.00000000E+00  0.00000000E+00
  0.00000000E+00  0.00000000E+00  0.00000000E+00  0.00000000E+00  0.00000000E+00
  0.00000000E+00  0.00000000E+00  0.00000000E+00  0.00000000E+00  0.00000000E+00
  0.00000000E+00  0.00000000E+00  0.00000000E+00  0.00000000E+00  0.00000000E+00
  0.00000000E+00  0.00000000E+00  0.00000000E+00  0.00000000E+00  0.00000000E+00
  0.00000000E+00  0.00000000E+00  0.00000000E+00  0.00000000E+00  0.00000000E+00
  0.00000000E+00  0.00000000E+00  0.00000000E+00 -0.63572233E-23 -0.17010383E-22
 -0.83647772E-25 -0.79070325E-23 -0.84341732E-23 -0.25422312E-22 -0.35453552E-22
 -0.31373576E-22 -0.84224603E-22 -0.11407248E-21 -0.13530350E-21 -0.23810862E-21
 -0.38068546E-21 -0.67276145E-21 -0.10065470E-20 -0.14647884E-20 -0.17657976E-20
 -0.29750722E-20 -0.45762430E-20 -0.62885794E-20 -0.82409814E-20 -0.11111127E-19
 -0.15106641E-19 -0.16707345E-19 -0.15360751E-19 -0.81132008E-20
  0.00000000E+00  0.00000000E+00  0.00000000E+00  0.00000000E+00  0.00000000E+00
  0.00000000E+00  0.00000000E+00  0.00000000E+00  0.00000000E+00  0.00000000E+00
  0.00000000E+00  0.00000000E+00  0.00000000E+00  0.00000000E+00  0.00000000E+00
  0.00000000E+00  0.00000000E+00  0.00000000E+00  0.00000000E+00  0.00000000E+00
  0.00000000E+00  0.00000000E+00  0.00000000E+00  0.00000000E+00  0.00000000E+00
  0.00000000E+00  0.00000000E+00  0.00000000E+00  0.00000000E+00  0.00000000E+00
  0.00000000E+00  0.00000000E+00  0.00000000E+00  0.00000000E+00  0.00000000E+00
  0.00000000E+00  0.00000000E+00 -0.48162316E-23 -0.14119186E-22 -0.22487316E-22
 -0.99118001E-23 -0.13726639E-22  0.00000000E+00 -0.12576029E-22 -0.40745877E-22
 -0.96942354E-22 -0.14612527E-21 -0.11951496E-21 -0.14317767E-21 -0.38691545E-21
 -0.64189349E-21 -0.86134508E-21 -0.85429609E-21 -0.12750488E-20 -0.20415214E-20
 -0.29332523E-20 -0.46638714E-20 -0.65168581E-20 -0.90988070E-20 -0.13052955E-19
 -0.16555307E-19 -0.19299245E-19 -0.17027687E-19 -0.91157938E-20
  0.00000000E+00  0.00000000E+00  0.00000000E+00  0.00000000E+00  0.00000000E+00
  0.00000000E+00  0.00000000E+00  0.00000000E+00  0.00000000E+00  0.00000000E+00
  0.00000000E+00  0.00000000E+00  0.00000000E+00  0.00000000E+00  0.00000000E+00
  0.00000000E+00  0.00000000E+00  0.00000000E+00  0.00000000E+00  0.00000000E+00
  0.00000000E+00  0.00000000E+00  0.00000000E+00  0.00000000E+00  0.00000000E+00
  0.00000000E+00  0.00000000E+00  0.00000000E+00  0.00000000E+00  0.00000000E+00
  0.00000000E+00  0.00000000E+00  0.00000000E+00  0.00000000E+00  0.00000000E+00
  0.00000000E+00  0.00000000E+00 -0.74216381E-23 -0.34913912E-22 -0.30936271E-22
  0.00000000E+00 -0.14478951E-22  0.00000000E+00 -0.18310632E-22 -0.36164606E-22
 -0.91026463E-22 -0.14660477E-21 -0.19718083E-21 -0.10029100E-21 -0.45917537E-21
 -0.78823202E-21 -0.76229666E-21 -0.11086300E-20 -0.17218030E-20 -0.24080270E-20
 -0.32758465E-20 -0.47491762E-20 -0.73091068E-20 -0.10498886E-19 -0.13700461E-19
 -0.17785614E-19 -0.20219254E-19 -0.17488587E-19 -0.88800322E-20
  0.00000000E+00  0.00000000E+00  0.00000000E+00  0.00000000E+00  0.00000000E+00
  0.00000000E+00  0.00000000E+00  0.00000000E+00  0.00000000E+00  0.00000000E+00
  0.00000000E+00  0.00000000E+00  0.00000000E+00  0.00000000E+00  0.00000000E+00
  0.00000000E+00  0.00000000E+00  0.00000000E+00  0.00000000E+00  0.00000000E+00
  0.00000000E+00  0.00000000E+00  0.00000000E+00  0.00000000E+00  0.00000000E+00
  0.00000000E+00  0.00000000E+00  0.00000000E+00  0.00000000E+00  0.00000000E+00
  0.00000000E+00  0.00000000E+00  0.00000000E+00  0.00000000E+00  0.00000000E+00
  0.00000000E+00  0.00000000E+00 -0.13826830E-22 -0.23268120E-22 -0.12596879E-22
 -0.43595835E-23 -0.11288496E-22 -0.15157406E-22 -0.33054175E-22 -0.43747028E-22
 -0.92107020E-22 -0.15982746E-21 -0.16040016E-21 -0.20583251E-21 -0.38754450E-21
 -0.58954384E-21 -0.80121327E-21 -0.12880117E-20 -0.18753115E-20 -0.26077046E-20
 -0.38836601E-20 -0.55007665E-20 -0.80643760E-20 -0.11261661E-19 -0.15077212E-19
 -0.19331723E-19 -0.21286967E-19 -0.17345403E-19 -0.81059166E-20
  0.00000000E+00  0.00000000E+00  0.00000000E+00  0.00000000E+00  0.00000000E+00
  0.00000000E+00  0.00000000E+00  0.00000000E+00  0.00000000E+00  0.00000000E+00
  0.00000000E+00  0.00000000E+00  0.00000000E+00  0.00000000E+00  0.00000000E+00
  0.00000000E+00  0.00000000E+00  0.00000000E+00  0.00000000E+00  0.00000000E+00
  0.00000000E+00  0.00000000E+00  0.00000000E+00  0.00000000E+00  0.00000000E+00
  0.00000000E+00  0.00000000E+00  0.00000000E+00  0.00000000E+00  0.00000000E+00
  0.00000000E+00  0.00000000E+00  0.00000000E+00  0.00000000E+00  0.00000000E+00
  0.00000000E+00  0.00000000E+00 -0.40751137E-22 -0.15651481E-22 -0.51388071E-23
 -0.49577459E-23 -0.68172724E-23 -0.14339797E-22 -0.24444405E-22 -0.54397465E-22
 -0.46503571E-22 -0.13784937E-21 -0.29664507E-21 -0.32062229E-21 -0.55589605E-21
 -0.63181656E-21 -0.94611624E-21 -0.15157662E-20 -0.22553289E-20 -0.30767077E-20
 -0.44405656E-20 -0.64150806E-20 -0.95522291E-20 -0.13445384E-19 -0.17975531E-19
 -0.20245421E-19 -0.21261417E-19 -0.16707373E-19 -0.72461670E-20
  0.00000000E+00  0.00000000E+00  0.00000000E+00  0.00000000E+00  0.00000000E+00
  0.00000000E+00  0.00000000E+00  0.00000000E+00  0.00000000E+00  0.00000000E+00
  0.00000000E+00  0.00000000E+00  0.00000000E+00  0.00000000E+00  0.00000000E+00
  0.00000000E+00  0.00000000E+00  0.00000000E+00  0.00000000E+00  0.00000000E+00
  0.00000000E+00  0.00000000E+00  0.00000000E+00  0.00000000E+00  0.00000000E+00
  0.00000000E+00  0.00000000E+00  0.00000000E+00  0.00000000E+00  0.00000000E+00
  0.00000000E+00  0.00000000E+00  0.00000000E+00  0.00000000E+00  0.00000000E+00
  0.00000000E+00  0.00000000E+00 -0.89860826E-24 -0.60320462E-22  0.00000000E+00
 -0.15660980E-22  0.00000000E+00 -0.25776663E-22 -0.29843764E-22 -0.93497370E-22
 -0.13178251E-21 -0.10954222E-21 -0.27642055E-21 -0.37069103E-21 -0.72192914E-21
 -0.93253299E-21 -0.12512103E-20 -0.17089322E-20 -0.26945660E-20 -0.39479487E-20
 -0.50677995E-20 -0.73251211E-20 -0.10286573E-19 -0.14253345E-19 -0.18693313E-19
 -0.22575038E-19 -0.21368392E-19 -0.15459954E-19 -0.60635380E-20
  0.00000000E+00  0.00000000E+00  0.00000000E+00  0.00000000E+00  0.00000000E+00
  0.00000000E+00  0.00000000E+00  0.00000000E+00  0.00000000E+00  0.00000000E+00
  0.00000000E+00  0.00000000E+00  0.00000000E+00  0.00000000E+00  0.00000000E+00
  0.00000000E+00  0.00000000E+00  0.00000000E+00  0.00000000E+00  0.00000000E+00
  0.00000000E+00  0.00000000E+00  0.00000000E+00  0.00000000E+00  0.00000000E+00
  0.00000000E+00  0.00000000E+00  0.00000000E+00  0.00000000E+00  0.00000000E+00
  0.00000000E+00  0.00000000E+00  0.00000000E+00  0.00000000E+00  0.00000000E+00
  0.00000000E+00 -0.28638051E-23 -0.92319229E-23 -0.11299739E-22  0.00000000E+00
 -0.20517801E-22 -0.13789286E-22 -0.12728350E-22 -0.47505862E-22 -0.11261664E-21
 -0.26653591E-21 -0.18588494E-21 -0.24714285E-21 -0.46693649E-21 -0.66742562E-21
 -0.10876804E-20 -0.15048061E-20 -0.21659895E-20 -0.30643529E-20 -0.41921641E-20
 -0.63292031E-20 -0.89070945E-20 -0.12092192E-19 -0.16319675E-19 -0.20386584E-19
 -0.22407816E-19 -0.20045100E-19 -0.13198889E-19 -0.46069161E-20
  0.00000000E+00  0.00000000E+00  0.00000000E+00  0.00000000E+00  0.00000000E+00
  0.00000000E+00  0.00000000E+00  0.00000000E+00  0.00000000E+00  0.00000000E+00
  0.00000000E+00  0.00000000E+00  0.00000000E+00  0.00000000E+00  0.00000000E+00
  0.00000000E+00  0.00000000E+00  0.00000000E+00  0.00000000E+00  0.00000000E+00
  0.00000000E+00  0.00000000E+00  0.00000000E+00  0.00000000E+00  0.00000000E+00
  0.00000000E+00  0.00000000E+00  0.00000000E+00  0.00000000E+00  0.00000000E+00
  0.00000000E+00  0.00000000E+00  0.00000000E+00  0.00000000E+00  0.00000000E+00
 -0.53984047E-23 -0.18881239E-22  0.00000000E+00 -0.71019617E-23  0.00000000E+00
 -0.98581926E-23 -0.54821756E-23 -0.11695252E-22 -0.48770319E-22 -0.10850459E-21
 -0.16148601E-21 -0.29538185E-21 -0.41016587E-21 -0.68657880E-21 -0.86754981E-21
 -0.13197729E-20 -0.18612798E-20 -0.27938148E-20 -0.38562099E-20 -0.52064284E-20
 -0.79054930E-20 -0.10856962E-19 -0.14729899E-19 -0.18844332E-19 -0.21370983E-19
 -0.21413869E-19 -0.17083231E-19 -0.10313458E-19 -0.32806889E-20
  0.00000000E+00  0.00000000E+00  0.00000000E+00  0.00000000E+00  0.00000000E+00
  0.00000000E+00  0.00000000E+00  0.00000000E+00  0.00000000E+00  0.00000000E+00
  0.00000000E+00  0.00000000E+00  0.00000000E+00  0.00000000E+00  0.00000000E+00
  0.00000000E+00  0.00000000E+00  0.00000000E+00  0.00000000E+00  0.00000000E+00
  0.00000000E+00  0.00000000E+00  0.00000000E+00  0.00000000E+00  0.00000000E+00
  0.00000000E+00  0.00000000E+00  0.00000000E+00  0.00000000E+00  0.00000000E+00
  0.00000000E+00  0.00000000E+00  0.00000000E+00  0.00000000E+00  0.00000000E+00
  0.00000000E+00 -0.33482652E-22 -0.12236623E-23 -0.73472605E-23  0.00000000E+00
 -0.69333290E-23 -0.32151042E-22 -0.25190448E-22 -0.10406233E-21 -0.20915892E-21
 -0.23172290E-21 -0.42576090E-21 -0.55239709E-21 -0.75432758E-21 -0.11574655E-20
 -0.17301987E-20 -0.25584397E-20 -0.36016088E-20 -0.49806848E-20 -0.68231557E-20
 -0.91290324E-20 -0.12786175E-19 -0.16325224E-19 -0.21040337E-19 -0.22040111E-19
 -0.20024332E-19 -0.14904463E-19 -0.84088691E-20 -0.23525251E-20
  0.00000000E+00  0.00000000E+00  0.00000000E+00  0.00000000E+00  0.00000000E+00
  0.00000000E+00  0.00000000E+00  0.00000000E+00  0.00000000E+00  0.00000000E+00
  0.00000000E+00  0.00000000E+00  0.00000000E+00  0.00000000E+00  0.00000000E+00
  0.00000000E+00  0.00000000E+00  0.00000000E+00  0.00000000E+00  0.00000000E+00
  0.00000000E+00  0.00000000E+00  0.00000000E+00  0.00000000E+00  0.00000000E+00
  0.00000000E+00  0.00000000E+00  0.00000000E+00  0.00000000E+00  0.00000000E+00
  0.00000000E+00  0.00000000E+00  0.00000000E+00  0.00000000E+00  0.00000000E+00
  0.00000000E+00 -0.16898307E-22 -0.13615847E-22 -0.46374166E-23 -0.29296869E-23
 -0.21530956E-22 -0.57481463E-22 -0.82714381E-22 -0.18030184E-21 -0.21050639E-21
 -0.24191008E-21 -0.42800931E-21 -0.72593650E-21 -0.10320830E-20 -0.11775002E-20
 -0.19745795E-20 -0.32039123E-20 -0.44054036E-20 -0.66516685E-20 -0.85753888E-20
 -0.11312178E-19 -0.15040353E-19 -0.19420726E-19 -0.22236055E-19 -0.21177320E-19
 -0.17508714E-19 -0.12306818E-19 -0.65308643E-20 -0.15977522E-20
  0.00000000E+00  0.00000000E+00  0.00000000E+00  0.00000000E+00  0.00000000E+00
  0.00000000E+00  0.00000000E+00  0.00000000E+00  0.00000000E+00  0.00000000E+00
  0.00000000E+00  0.00000000E+00  0.00000000E+00  0.00000000E+00  0.00000000E+00
  0.00000000E+00  0.00000000E+00  0.00000000E+00  0.00000000E+00  0.00000000E+00
  0.00000000E+00  0.00000000E+00  0.00000000E+00  0.00000000E+00  0.00000000E+00
  0.00000000E+00  0.00000000E+00  0.00000000E+00  0.00000000E+00  0.00000000E+00
  0.00000000E+00  0.00000000E+00  0.00000000E+00  0.00000000E+00  0.00000000E+00
 -0.52296824E-25 -0.17315572E-22 -0.83622402E-23 -0.14155633E-22 -0.82497005E-23
 -0.19597202E-22 -0.31562207E-22 -0.98499255E-22 -0.23751382E-21 -0.31152177E-21
 -0.46715875E-21 -0.53545357E-21 -0.73707420E-21 -0.12266036E-20 -0.17868416E-20
 -0.26624997E-20 -0.39440507E-20 -0.56275243E-20 -0.75031053E-20 -0.10275228E-19
 -0.13431645E-19 -0.17889029E-19 -0.20693309E-19 -0.22071771E-19 -0.19538792E-19
 -0.15022028E-19 -0.96850857E-20 -0.49079288E-20 -0.11070879E-20
  0.00000000E+00  0.00000000E+00  0.00000000E+00  0.00000000E+00  0.00000000E+00
  0.00000000E+00  0.00000000E+00  0.00000000E+00  0.00000000E+00  0.00000000E+00
  0.00000000E+00  0.00000000E+00  0.00000000E+00  0.00000000E+00  0.00000000E+00
  0.00000000E+00  0.00000000E+00  0.00000000E+00  0.00000000E+00  0.00000000E+00
  0.00000000E+00  0.00000000E+00  0.00000000E+00  0.00000000E+00  0.00000000E+00
  0.00000000E+00  0.00000000E+00  0.00000000E+00  0.00000000E+00  0.00000000E+00
  0.00000000E+00  0.00000000E+00  0.00000000E+00  0.00000000E+00  0.00000000E+00
 -0.66691535E-23 -0.41918073E-22 -0.80901505E-23 -0.19835744E-22 -0.20444268E-22
 -0.22755153E-22 -0.10093176E-21 -0.13715875E-21 -0.23069146E-21 -0.36478339E-21
 -0.60669366E-21 -0.87752044E-21 -0.10884191E-20 -0.16394064E-20 -0.24736464E-20
 -0.33527499E-20 -0.49047812E-20 -0.65268552E-20 -0.92774251E-20 -0.12791140E-19
 -0.16558334E-19 -0.20347813E-19 -0.21935992E-19 -0.20401062E-19 -0.16388796E-19
 -0.11377377E-19 -0.71216776E-20 -0.35877689E-20 -0.68765280E-21
  0.00000000E+00  0.00000000E+00  0.00000000E+00  0.00000000E+00  0.00000000E+00
  0.00000000E+00  0.00000000E+00  0.00000000E+00  0.00000000E+00  0.00000000E+00
  0.00000000E+00  0.00000000E+00  0.00000000E+00  0.00000000E+00  0.00000000E+00
  0.00000000E+00  0.00000000E+00  0.00000000E+00  0.00000000E+00  0.00000000E+00
  0.00000000E+00  0.00000000E+00  0.00000000E+00  0.00000000E+00  0.00000000E+00
  0.00000000E+00  0.00000000E+00  0.00000000E+00  0.00000000E+00  0.00000000E+00
  0.00000000E+00  0.00000000E+00  0.00000000E+00  0.00000000E+00  0.00000000E+00
  0.00000000E+00 -0.17078008E-22 -0.15473114E-22 -0.35128174E-22 -0.23047923E-22
 -0.86595867E-22 -0.98792218E-22 -0.17753451E-21 -0.35735634E-21 -0.49016554E-21
 -0.73677034E-21 -0.11272737E-20 -0.17670437E-20 -0.21886289E-20 -0.33408830E-20
 -0.46243345E-20 -0.64211789E-20 -0.82077135E-20 -0.11644494E-19 -0.15119172E-19
 -0.19135489E-19 -0.21431317E-19 -0.21033804E-19 -0.17662804E-19 -0.13052290E-19
 -0.85852915E-20 -0.52477118E-20 -0.25043412E-20 -0.44021544E-21
  0.00000000E+00  0.00000000E+00  0.00000000E+00  0.00000000E+00  0.00000000E+00
  0.00000000E+00  0.00000000E+00  0.00000000E+00  0.00000000E+00  0.00000000E+00
  0.00000000E+00  0.00000000E+00  0.00000000E+00  0.00000000E+00  0.00000000E+00
  0.00000000E+00  0.00000000E+00  0.00000000E+00  0.00000000E+00  0.00000000E+00
  0.00000000E+00  0.00000000E+00  0.00000000E+00  0.00000000E+00  0.00000000E+00
  0.00000000E+00  0.00000000E+00  0.00000000E+00  0.00000000E+00  0.00000000E+00
  0.00000000E+00  0.00000000E+00  0.00000000E+00  0.00000000E+00  0.00000000E+00
  0.00000000E+00 -0.44530755E-25  0.00000000E+00 -0.20522557E-22 -0.43765783E-22
 -0.91100581E-22 -0.29011756E-21 -0.40592387E-21 -0.49487179E-21 -0.77056555E-21
 -0.96476558E-21 -0.15013517E-20 -0.22838087E-20 -0.33590743E-20 -0.41494797E-20
 -0.59446309E-20 -0.82208075E-20 -0.10983686E-19 -0.14455598E-19 -0.18318534E-19
 -0.20660195E-19 -0.20979059E-19 -0.18367454E-19 -0.13966847E-19 -0.97452955E-20
 -0.64041234E-20 -0.37626511E-20 -0.17424463E-20 -0.28387298E-21
  0.00000000E+00  0.00000000E+00  0.00000000E+00  0.00000000E+00  0.00000000E+00
  0.00000000E+00  0.00000000E+00  0.00000000E+00  0.00000000E+00  0.00000000E+00
  0.00000000E+00  0.00000000E+00  0.00000000E+00  0.00000000E+00  0.00000000E+00
  0.00000000E+00  0.00000000E+00  0.00000000E+00  0.00000000E+00  0.00000000E+00
  0.00000000E+00  0.00000000E+00  0.00000000E+00  0.00000000E+00  0.00000000E+00
  0.00000000E+00  0.00000000E+00  0.00000000E+00  0.00000000E+00  0.00000000E+00
  0.00000000E+00  0.00000000E+00  0.00000000E+00  0.00000000E+00  0.00000000E+00
  0.00000000E+00 -0.25275826E-22 -0.41434924E-22 -0.84988972E-22 -0.13227572E-21
 -0.14742264E-21 -0.19744754E-21 -0.33986395E-21 -0.50087320E-21 -0.96200440E-21
 -0.12383367E-20 -0.17935022E-20 -0.26224258E-20 -0.37354750E-20 -0.52779225E-20
 -0.72848435E-20 -0.10010411E-19 -0.13948690E-19 -0.17354448E-19 -0.20216113E-19
 -0.21379950E-19 -0.19008525E-19 -0.14633567E-19 -0.10503847E-19 -0.71641630E-20
 -0.45278725E-20 -0.26486620E-20 -0.12066549E-20 -0.18225358E-21
  0.00000000E+00  0.00000000E+00  0.00000000E+00  0.00000000E+00  0.00000000E+00
  0.00000000E+00  0.00000000E+00  0.00000000E+00  0.00000000E+00  0.00000000E+00
  0.00000000E+00  0.00000000E+00  0.00000000E+00  0.00000000E+00  0.00000000E+00
  0.00000000E+00  0.00000000E+00  0.00000000E+00  0.00000000E+00  0.00000000E+00
  0.00000000E+00  0.00000000E+00  0.00000000E+00  0.00000000E+00  0.00000000E+00
  0.00000000E+00  0.00000000E+00  0.00000000E+00  0.00000000E+00  0.00000000E+00
  0.00000000E+00  0.00000000E+00  0.00000000E+00  0.00000000E+00  0.00000000E+00
  0.00000000E+00 -0.17703513E-22 -0.34131828E-22 -0.71128059E-22 -0.10535963E-21
 -0.13062335E-21 -0.23924024E-21 -0.43550062E-21 -0.79713046E-21 -0.11552067E-20
 -0.15439242E-20 -0.23744191E-20 -0.33832486E-20 -0.45893861E-20 -0.63400808E-20
 -0.91435459E-20 -0.12973179E-19 -0.16332096E-19 -0.19529972E-19 -0.21079575E-19
 -0.19838897E-19 -0.16537166E-19 -0.12152010E-19 -0.83041286E-20 -0.54101922E-20
 -0.33875490E-20 -0.19652723E-20 -0.87961647E-21 -0.12314230E-21
  0.00000000E+00  0.00000000E+00  0.00000000E+00  0.00000000E+00  0.00000000E+00
  0.00000000E+00  0.00000000E+00  0.00000000E+00  0.00000000E+00  0.00000000E+00
  0.00000000E+00  0.00000000E+00  0.00000000E+00  0.00000000E+00  0.00000000E+00
  0.00000000E+00  0.00000000E+00  0.00000000E+00  0.00000000E+00  0.00000000E+00
  0.00000000E+00  0.00000000E+00  0.00000000E+00  0.00000000E+00  0.00000000E+00
  0.00000000E+00  0.00000000E+00  0.00000000E+00  0.00000000E+00  0.00000000E+00
  0.00000000E+00  0.00000000E+00  0.00000000E+00  0.00000000E+00  0.00000000E+00
  0.00000000E+00  0.00000000E+00 -0.46842808E-22 -0.64419384E-22 -0.13582242E-21
 -0.32942134E-21 -0.42408715E-21 -0.54463738E-21 -0.87449006E-21 -0.14187466E-20
 -0.20400460E-20 -0.28806319E-20 -0.42557518E-20 -0.56630094E-20 -0.78164469E-20
 -0.11346458E-19 -0.15062692E-19 -0.19075390E-19 -0.21533003E-19 -0.21511225E-19
 -0.18513797E-19 -0.14220242E-19 -0.10033822E-19 -0.67768641E-20 -0.44368889E-20
 -0.28484539E-20 -0.15686296E-20 -0.68822193E-21 -0.92330445E-22
  0.00000000E+00  0.00000000E+00  0.00000000E+00  0.00000000E+00  0.00000000E+00
  0.00000000E+00  0.00000000E+00  0.00000000E+00  0.00000000E+00  0.00000000E+00
  0.00000000E+00  0.00000000E+00  0.00000000E+00  0.00000000E+00  0.00000000E+00
  0.00000000E+00  0.00000000E+00  0.00000000E+00  0.00000000E+00  0.00000000E+00
  0.00000000E+00  0.00000000E+00  0.00000000E+00  0.00000000E+00  0.00000000E+00
  0.00000000E+00  0.00000000E+00  0.00000000E+00  0.00000000E+00  0.00000000E+00
  0.00000000E+00  0.00000000E+00  0.00000000E+00  0.00000000E+00  0.00000000E+00
 -0.22012563E-23 -0.12744008E-22 -0.39963450E-22 -0.10083202E-21 -0.20065841E-21
 -0.25460979E-21 -0.39704133E-21 -0.73370733E-21 -0.10868662E-20 -0.16780885E-20
 -0.25428295E-20 -0.33362135E-20 -0.48862751E-20 -0.68962605E-20 -0.89567369E-20
 -0.13023990E-19 -0.16721443E-19 -0.20799816E-19 -0.22391270E-19 -0.21260058E-19
 -0.17674644E-19 -0.13128843E-19 -0.92784236E-20 -0.63179212E-20 -0.40889971E-20
 -0.25250257E-20 -0.14059159E-20 -0.62049451E-21 -0.80994712E-22
  0.00000000E+00  0.00000000E+00  0.00000000E+00  0.00000000E+00  0.00000000E+00
  0.00000000E+00  0.00000000E+00  0.00000000E+00  0.00000000E+00  0.00000000E+00
  0.00000000E+00  0.00000000E+00  0.00000000E+00  0.00000000E+00  0.00000000E+00
  0.00000000E+00  0.00000000E+00  0.00000000E+00  0.00000000E+00  0.00000000E+00
  0.00000000E+00  0.00000000E+00  0.00000000E+00  0.00000000E+00  0.00000000E+00
  0.00000000E+00  0.00000000E+00  0.00000000E+00  0.00000000E+00  0.00000000E+00
  0.00000000E+00  0.00000000E+00  0.00000000E+00  0.00000000E+00  0.00000000E+00
  0.00000000E+00 -0.62453355E-24 -0.75228799E-22 -0.85423659E-22 -0.23958493E-21
 -0.48362090E-21 -0.63446431E-21 -0.93206689E-21 -0.11480917E-20 -0.21469182E-20
 -0.32989645E-20 -0.47112563E-20 -0.64505825E-20 -0.87908353E-20 -0.12378617E-19
 -0.17291844E-19 -0.21886445E-19 -0.25981580E-19 -0.27986441E-19 -0.25847296E-19
 -0.20599549E-19 -0.14982273E-19 -0.10391346E-19 -0.68200857E-20 -0.43854742E-20
 -0.27238991E-20 -0.15515664E-20 -0.66740080E-21 -0.84283769E-22
  0.00000000E+00  0.00000000E+00  0.00000000E+00  0.00000000E+00  0.00000000E+00
  0.00000000E+00  0.00000000E+00  0.00000000E+00  0.00000000E+00  0.00000000E+00
  0.00000000E+00  0.00000000E+00  0.00000000E+00  0.00000000E+00  0.00000000E+00
  0.00000000E+00  0.00000000E+00  0.00000000E+00  0.00000000E+00  0.00000000E+00
  0.00000000E+00  0.00000000E+00  0.00000000E+00  0.00000000E+00  0.00000000E+00
  0.00000000E+00  0.00000000E+00  0.00000000E+00  0.00000000E+00  0.00000000E+00
  0.00000000E+00  0.00000000E+00  0.00000000E+00  0.00000000E+00  0.00000000E+00
  0.00000000E+00  0.00000000E+00  0.21160999E-22  0.31244695E-22  0.13422157E-22
 -0.18050772E-23  0.10207413E-22  0.30147266E-22  0.25430300E-22 -0.24104558E-22
  0.90880376E-22  0.21121383E-21  0.29715262E-21  0.48014460E-21  0.52619625E-21
  0.32435754E-21  0.32916321E-21  0.30668504E-21  0.62886233E-21  0.94457517E-21
  0.29891977E-21 -0.27922132E-21 -0.11508946E-20 -0.11020998E-20 -0.12363405E-20
 -0.49133579E-21  0.56082834E-21  0.75855480E-21  0.17063209E-21
  0.00000000E+00  0.00000000E+00  0.00000000E+00  0.00000000E+00  0.00000000E+00
  0.00000000E+00  0.00000000E+00  0.00000000E+00  0.00000000E+00  0.00000000E+00
  0.00000000E+00  0.00000000E+00  0.00000000E+00  0.00000000E+00  0.00000000E+00
  0.00000000E+00  0.00000000E+00  0.00000000E+00  0.00000000E+00  0.00000000E+00
  0.00000000E+00  0.00000000E+00  0.00000000E+00  0.00000000E+00  0.00000000E+00
  0.00000000E+00  0.00000000E+00  0.00000000E+00  0.00000000E+00  0.00000000E+00
  0.00000000E+00  0.00000000E+00  0.00000000E+00  0.00000000E+00  0.00000000E+00
  0.00000000E+00  0.00000000E+00  0.28752167E-22 -0.67166171E-24  0.16566957E-22
  0.12726197E-22  0.73645148E-23  0.22661849E-22  0.24394462E-22  0.38295058E-22
  0.73500218E-22  0.18331043E-21  0.20338622E-21  0.41095136E-21  0.34263794E-21
  0.40936318E-21  0.64612939E-21  0.69379379E-21  0.91972357E-21  0.78991216E-21
  0.92019497E-21  0.89175225E-21  0.33356520E-22  0.12492325E-21  0.55400311E-22
  0.29853929E-21  0.11780250E-20  0.15470576E-20  0.45662237E-21
  0.00000000E+00  0.00000000E+00  0.00000000E+00  0.00000000E+00  0.00000000E+00
  0.00000000E+00  0.00000000E+00  0.00000000E+00  0.00000000E+00  0.00000000E+00
  0.00000000E+00  0.00000000E+00  0.00000000E+00  0.00000000E+00  0.00000000E+00
  0.00000000E+00  0.00000000E+00  0.00000000E+00  0.00000000E+00  0.00000000E+00
  0.00000000E+00  0.00000000E+00  0.00000000E+00  0.00000000E+00  0.00000000E+00
  0.00000000E+00  0.00000000E+00  0.00000000E+00  0.00000000E+00  0.00000000E+00
  0.00000000E+00  0.00000000E+00  0.00000000E+00  0.00000000E+00  0.00000000E+00
  0.00000000E+00  0.00000000E+00  0.45553863E-22 -0.66759494E-24  0.59672385E-23
  0.28304452E-22  0.32498251E-22  0.26545687E-22  0.32438587E-22  0.80573626E-22
  0.85457905E-22  0.18549779E-21  0.11526484E-21  0.32191422E-21  0.26393041E-21
  0.48980249E-21  0.76160600E-21  0.75914222E-21  0.10794527E-20  0.13172772E-20
  0.86316497E-21  0.61523962E-21  0.55911109E-21  0.11426501E-21  0.87922833E-22
  0.73108188E-21  0.12175061E-20  0.14226984E-20  0.55240270E-21
  0.00000000E+00  0.00000000E+00  0.00000000E+00  0.00000000E+00  0.00000000E+00
  0.00000000E+00  0.00000000E+00  0.00000000E+00  0.00000000E+00  0.00000000E+00
  0.00000000E+00  0.00000000E+00  0.00000000E+00  0.00000000E+00  0.00000000E+00
  0.00000000E+00  0.00000000E+00  0.00000000E+00  0.00000000E+00  0.00000000E+00
  0.00000000E+00  0.00000000E+00  0.00000000E+00  0.00000000E+00  0.00000000E+00
  0.00000000E+00  0.00000000E+00  0.00000000E+00  0.00000000E+00  0.00000000E+00
  0.00000000E+00  0.00000000E+00  0.00000000E+00  0.00000000E+00  0.00000000E+00
  0.00000000E+00  0.00000000E+00  0.87258641E-24 -0.63842560E-24  0.12333307E-23
  0.00000000E+00  0.28877075E-22  0.10038513E-21  0.94948239E-22  0.54065489E-22
  0.12020529E-22  0.12643692E-21  0.18006913E-21  0.29904609E-21  0.35352482E-21
  0.54136143E-21  0.64199530E-21  0.76796734E-21  0.10554902E-20  0.13948524E-20
  0.11954123E-20  0.13087616E-20  0.10765617E-20  0.12369725E-20  0.70888073E-21
  0.85244710E-21  0.17424761E-20  0.21098182E-20  0.87974629E-21
  0.00000000E+00  0.00000000E+00  0.00000000E+00  0.00000000E+00  0.00000000E+00
  0.00000000E+00  0.00000000E+00  0.00000000E+00  0.00000000E+00  0.00000000E+00
  0.00000000E+00  0.00000000E+00  0.00000000E+00  0.00000000E+00  0.00000000E+00
  0.00000000E+00  0.00000000E+00  0.00000000E+00  0.00000000E+00  0.00000000E+00
  0.00000000E+00  0.00000000E+00  0.00000000E+00  0.00000000E+00  0.00000000E+00
  0.00000000E+00  0.00000000E+00  0.00000000E+00  0.00000000E+00  0.00000000E+00
  0.00000000E+00  0.00000000E+00  0.00000000E+00  0.00000000E+00  0.00000000E+00
  0.00000000E+00  0.00000000E+00  0.00000000E+00 -0.67961678E-24  0.96093363E-23
  0.22848963E-22  0.33149100E-22  0.56290914E-22  0.65672167E-22  0.25102327E-22
  0.98388231E-22  0.22563334E-21  0.15178971E-21  0.22937137E-21  0.53930530E-21
  0.64444194E-21  0.82034396E-21  0.83773616E-21  0.13621680E-20  0.12638480E-20
  0.14928123E-20  0.12916804E-20  0.11388932E-20  0.12163050E-20  0.82920639E-21
  0.16040905E-20  0.15696745E-20  0.23132311E-20  0.77921257E-21
  0.00000000E+00  0.00000000E+00  0.00000000E+00  0.00000000E+00  0.00000000E+00
  0.00000000E+00  0.00000000E+00  0.00000000E+00  0.00000000E+00  0.00000000E+00
  0.00000000E+00  0.00000000E+00  0.00000000E+00  0.00000000E+00  0.00000000E+00
  0.00000000E+00  0.00000000E+00  0.00000000E+00  0.00000000E+00  0.00000000E+00
  0.00000000E+00  0.00000000E+00  0.00000000E+00  0.00000000E+00  0.00000000E+00
  0.00000000E+00  0.00000000E+00  0.00000000E+00  0.00000000E+00  0.00000000E+00
  0.00000000E+00  0.00000000E+00  0.00000000E+00  0.00000000E+00  0.00000000E+00
  0.00000000E+00  0.00000000E+00  0.00000000E+00 -0.68742087E-24  0.98838784E-23
  0.22426284E-24  0.12406268E-22  0.26848265E-22  0.51215282E-22  0.83046337E-22
  0.11641169E-21  0.15422647E-21  0.26502270E-21  0.39908764E-21  0.27046673E-21
  0.54303161E-21  0.63364310E-21  0.91390773E-21  0.11308410E-20  0.12297411E-20
  0.14096269E-20  0.19180267E-20  0.17817944E-20  0.13925591E-20  0.12156559E-20
  0.10126373E-20  0.16635661E-20  0.24475164E-20  0.99906428E-21
  0.00000000E+00  0.00000000E+00  0.00000000E+00  0.00000000E+00  0.00000000E+00
  0.00000000E+00  0.00000000E+00  0.00000000E+00  0.00000000E+00  0.00000000E+00
  0.00000000E+00  0.00000000E+00  0.00000000E+00  0.00000000E+00  0.00000000E+00
  0.00000000E+00  0.00000000E+00  0.00000000E+00  0.00000000E+00  0.00000000E+00
  0.00000000E+00  0.00000000E+00  0.00000000E+00  0.00000000E+00  0.00000000E+00
  0.00000000E+00  0.00000000E+00  0.00000000E+00  0.00000000E+00  0.00000000E+00
  0.00000000E+00  0.00000000E+00  0.00000000E+00  0.00000000E+00  0.00000000E+00
  0.00000000E+00  0.00000000E+00  0.00000000E+00 -0.69179428E-24  0.97188533E-23
  0.10420893E-24  0.52066680E-23  0.21444221E-22  0.19933140E-22  0.56625424E-22
  0.59696770E-22  0.12968298E-21  0.33774249E-21  0.36536696E-21  0.25321708E-21
  0.48310665E-21  0.74053463E-21  0.10583575E-20  0.13086760E-20  0.15461832E-20
  0.13436115E-20  0.18420908E-20  0.17243627E-20  0.14589745E-20  0.13687526E-20
  0.19079355E-20  0.18356920E-20  0.18705619E-20  0.89737137E-21
  0.00000000E+00  0.00000000E+00  0.00000000E+00  0.00000000E+00  0.00000000E+00
  0.00000000E+00  0.00000000E+00  0.00000000E+00  0.00000000E+00  0.00000000E+00
  0.00000000E+00  0.00000000E+00  0.00000000E+00  0.00000000E+00  0.00000000E+00
  0.00000000E+00  0.00000000E+00  0.00000000E+00  0.00000000E+00  0.00000000E+00
  0.00000000E+00  0.00000000E+00  0.00000000E+00  0.00000000E+00  0.00000000E+00
  0.00000000E+00  0.00000000E+00  0.00000000E+00  0.00000000E+00  0.00000000E+00
  0.00000000E+00  0.00000000E+00  0.00000000E+00  0.00000000E+00  0.00000000E+00
  0.00000000E+00  0.00000000E+00  0.00000000E+00  0.51005867E-23  0.35690813E-23
  0.11934125E-23  0.36624832E-23  0.36235073E-23  0.17158463E-22  0.31222270E-22
  0.15646765E-21  0.28070095E-21  0.24723819E-21  0.22322400E-21  0.40769386E-21
  0.41663687E-21  0.60801945E-21  0.86362021E-21  0.11626625E-20  0.11249559E-20
  0.13029964E-20  0.22050312E-20  0.21919196E-20  0.15328592E-20  0.15207025E-20
  0.16313647E-20  0.18292521E-20  0.20774114E-20  0.77977548E-21
  0.00000000E+00  0.00000000E+00  0.00000000E+00  0.00000000E+00  0.00000000E+00
  0.00000000E+00  0.00000000E+00  0.00000000E+00  0.00000000E+00  0.00000000E+00
  0.00000000E+00  0.00000000E+00  0.00000000E+00  0.00000000E+00  0.00000000E+00
  0.00000000E+00  0.00000000E+00  0.00000000E+00  0.00000000E+00  0.00000000E+00
  0.00000000E+00  0.00000000E+00  0.00000000E+00  0.00000000E+00  0.00000000E+00
  0.00000000E+00  0.00000000E+00  0.00000000E+00  0.00000000E+00  0.00000000E+00
  0.00000000E+00  0.00000000E+00  0.00000000E+00  0.00000000E+00  0.00000000E+00
  0.00000000E+00  0.00000000E+00  0.00000000E+00  0.84147972E-23  0.00000000E+00
  0.46144797E-23  0.39092881E-23  0.17443261E-22  0.17586261E-22  0.71408091E-23
  0.37259140E-22  0.13541130E-21  0.23046888E-21  0.32654744E-21  0.50913229E-21
  0.48273577E-21  0.60614009E-21  0.98953518E-21  0.11147447E-20  0.13022065E-20
  0.19444920E-20  0.24738435E-20  0.24956030E-20  0.25614611E-20  0.28397361E-20
  0.21609496E-20  0.26991288E-20  0.25774188E-20  0.11951882E-20
  0.00000000E+00  0.00000000E+00  0.00000000E+00  0.00000000E+00  0.00000000E+00
  0.00000000E+00  0.00000000E+00  0.00000000E+00  0.00000000E+00  0.00000000E+00
  0.00000000E+00  0.00000000E+00  0.00000000E+00  0.00000000E+00  0.00000000E+00
  0.00000000E+00  0.00000000E+00  0.00000000E+00  0.00000000E+00  0.00000000E+00
  0.00000000E+00  0.00000000E+00  0.00000000E+00  0.00000000E+00  0.00000000E+00
  0.00000000E+00  0.00000000E+00  0.00000000E+00  0.00000000E+00  0.00000000E+00
  0.00000000E+00  0.00000000E+00  0.00000000E+00  0.00000000E+00  0.00000000E+00
  0.00000000E+00  0.00000000E+00  0.00000000E+00  0.82721135E-23  0.00000000E+00
  0.45457611E-23  0.47195001E-23  0.17132532E-22  0.65974389E-24  0.22962618E-22
  0.27513078E-22  0.10327528E-21  0.14963273E-21  0.23019241E-21  0.42499109E-21
  0.41613830E-21  0.66809492E-21  0.94056045E-21  0.10298026E-20  0.13474822E-20
  0.15633119E-20  0.22715619E-20  0.27418479E-20  0.28240455E-20  0.30206285E-20
  0.34347932E-20  0.33443329E-20  0.27226747E-20  0.12585983E-20
  0.00000000E+00  0.00000000E+00  0.00000000E+00  0.00000000E+00  0.00000000E+00
  0.00000000E+00  0.00000000E+00  0.00000000E+00  0.00000000E+00  0.00000000E+00
  0.00000000E+00  0.00000000E+00  0.00000000E+00  0.00000000E+00  0.00000000E+00
  0.00000000E+00  0.00000000E+00  0.00000000E+00  0.00000000E+00  0.00000000E+00
  0.00000000E+00  0.00000000E+00  0.00000000E+00  0.00000000E+00  0.00000000E+00
  0.00000000E+00  0.00000000E+00  0.00000000E+00  0.00000000E+00  0.00000000E+00
  0.00000000E+00  0.00000000E+00  0.00000000E+00  0.00000000E+00  0.00000000E+00
  0.00000000E+00  0.00000000E+00  0.00000000E+00  0.68566654E-23  0.00000000E+00
  0.35134372E-23  0.36464360E-23  0.69152876E-23  0.64874255E-23  0.54586009E-23
  0.50214037E-22  0.82169125E-22  0.81192054E-22  0.13883387E-21  0.28932862E-21
  0.35187800E-21  0.43148588E-21  0.40354022E-21  0.59046232E-21  0.98554026E-21
  0.12360135E-20  0.15697639E-20  0.21557506E-20  0.24078742E-20  0.24581065E-20
  0.30918810E-20  0.25473718E-20  0.22073985E-20  0.83770131E-21
  0.00000000E+00  0.00000000E+00  0.00000000E+00  0.00000000E+00  0.00000000E+00
  0.00000000E+00  0.00000000E+00  0.00000000E+00  0.00000000E+00  0.00000000E+00
  0.00000000E+00  0.00000000E+00  0.00000000E+00  0.00000000E+00  0.00000000E+00
  0.00000000E+00  0.00000000E+00  0.00000000E+00  0.00000000E+00  0.00000000E+00
  0.00000000E+00  0.00000000E+00  0.00000000E+00  0.00000000E+00  0.00000000E+00
  0.00000000E+00  0.00000000E+00  0.00000000E+00  0.00000000E+00  0.00000000E+00
  0.00000000E+00  0.00000000E+00  0.00000000E+00  0.00000000E+00  0.00000000E+00
  0.00000000E+00  0.00000000E+00  0.00000000E+00  0.76738541E-23  0.00000000E+00
  0.39118270E-23  0.32930086E-23 -0.10503795E-22  0.15372805E-22  0.60855299E-23
  0.97280180E-22  0.10666453E-21  0.10231620E-21  0.22946264E-21  0.20230720E-21
  0.39575098E-21  0.54958204E-21  0.50419817E-21  0.78832221E-21  0.11978129E-20
  0.14398006E-20  0.17220462E-20  0.24061226E-20  0.27997420E-20  0.35342170E-20
  0.33766440E-20  0.29510881E-20  0.24941269E-20  0.12807840E-20
  0.00000000E+00  0.00000000E+00  0.00000000E+00  0.00000000E+00  0.00000000E+00
  0.00000000E+00  0.00000000E+00  0.00000000E+00  0.00000000E+00  0.00000000E+00
  0.00000000E+00  0.00000000E+00  0.00000000E+00  0.00000000E+00  0.00000000E+00
  0.00000000E+00  0.00000000E+00  0.00000000E+00  0.00000000E+00  0.00000000E+00
  0.00000000E+00  0.00000000E+00  0.00000000E+00  0.00000000E+00  0.00000000E+00
  0.00000000E+00  0.00000000E+00  0.00000000E+00  0.00000000E+00  0.00000000E+00
  0.00000000E+00  0.00000000E+00  0.00000000E+00  0.00000000E+00  0.00000000E+00
  0.00000000E+00  0.00000000E+00  0.00000000E+00  0.84860941E-23  0.00000000E+00
  0.43267279E-23  0.15557793E-22 -0.93660357E-24  0.56985636E-22  0.95798749E-22
  0.96597842E-22  0.67489555E-22  0.19473244E-21  0.32818491E-21  0.25455708E-21
  0.41489360E-21  0.52610734E-21  0.72218079E-21  0.74708204E-21  0.14111252E-20
  0.14495988E-20  0.19942641E-20  0.25623701E-20  0.27993992E-20  0.36652141E-20
  0.44414362E-20  0.38510638E-20  0.33852456E-20  0.13899441E-20
  0.00000000E+00  0.00000000E+00  0.00000000E+00  0.00000000E+00  0.00000000E+00
  0.00000000E+00  0.00000000E+00  0.00000000E+00  0.00000000E+00  0.00000000E+00
  0.00000000E+00  0.00000000E+00  0.00000000E+00  0.00000000E+00  0.00000000E+00
  0.00000000E+00  0.00000000E+00  0.00000000E+00  0.00000000E+00  0.00000000E+00
  0.00000000E+00  0.00000000E+00  0.00000000E+00  0.00000000E+00  0.00000000E+00
  0.00000000E+00  0.00000000E+00  0.00000000E+00  0.00000000E+00  0.00000000E+00
  0.00000000E+00  0.00000000E+00  0.00000000E+00  0.00000000E+00  0.00000000E+00
  0.00000000E+00  0.00000000E+00  0.00000000E+00  0.93151665E-23  0.24628666E-22
  0.69514037E-25  0.26165311E-22  0.65050517E-22  0.73658069E-22  0.74836765E-22
  0.40904622E-22  0.61340535E-22  0.20041405E-21  0.16246779E-21  0.30180607E-21
  0.59687411E-21  0.84410400E-21  0.98567356E-21  0.98088077E-21  0.11624761E-20
  0.18416604E-20  0.23218175E-20  0.29449123E-20  0.34028852E-20  0.43500340E-20
  0.44459284E-20  0.47029005E-20  0.39851584E-20  0.14383722E-20
  0.00000000E+00  0.00000000E+00  0.00000000E+00  0.00000000E+00  0.00000000E+00
  0.00000000E+00  0.00000000E+00  0.00000000E+00  0.00000000E+00  0.00000000E+00
  0.00000000E+00  0.00000000E+00  0.00000000E+00  0.00000000E+00  0.00000000E+00
  0.00000000E+00  0.00000000E+00  0.00000000E+00  0.00000000E+00  0.00000000E+00
  0.00000000E+00  0.00000000E+00  0.00000000E+00  0.00000000E+00  0.00000000E+00
  0.00000000E+00  0.00000000E+00  0.00000000E+00  0.00000000E+00  0.00000000E+00
  0.00000000E+00  0.00000000E+00  0.00000000E+00  0.00000000E+00  0.00000000E+00
  0.00000000E+00  0.00000000E+00  0.68239972E-23  0.16312790E-22  0.36857053E-22
  0.73790884E-22  0.61778814E-22  0.00000000E+00  0.11258673E-23  0.74092694E-22
  0.11373541E-21  0.73941865E-22  0.21020272E-21  0.19939100E-21  0.23621759E-21
  0.56140749E-21  0.77479938E-21  0.89701237E-21  0.10940487E-20  0.16645682E-20
  0.20600482E-20  0.23449660E-20  0.36776682E-20  0.44905121E-20  0.49778207E-20
  0.51513518E-20  0.49810477E-20  0.43047724E-20  0.13045874E-20
  0.00000000E+00  0.00000000E+00  0.00000000E+00  0.00000000E+00  0.00000000E+00
  0.00000000E+00  0.00000000E+00  0.00000000E+00  0.00000000E+00  0.00000000E+00
  0.00000000E+00  0.00000000E+00  0.00000000E+00  0.00000000E+00  0.00000000E+00
  0.00000000E+00  0.00000000E+00  0.00000000E+00  0.00000000E+00  0.00000000E+00
  0.00000000E+00  0.00000000E+00  0.00000000E+00  0.00000000E+00  0.00000000E+00
  0.00000000E+00  0.00000000E+00  0.00000000E+00  0.00000000E+00  0.00000000E+00
  0.00000000E+00  0.00000000E+00  0.00000000E+00  0.00000000E+00  0.00000000E+00
  0.00000000E+00  0.00000000E+00  0.10523836E-22  0.56433663E-22  0.90741256E-22
  0.00000000E+00  0.97965664E-23  0.00000000E+00  0.32432541E-23  0.45488713E-22
  0.12946683E-21  0.20628995E-21  0.39076687E-21  0.20260779E-21  0.29507403E-21
  0.74564560E-21  0.57618480E-21  0.93691408E-21  0.12612215E-20  0.13099551E-20
  0.17896036E-20  0.27337944E-20  0.41410253E-20  0.48249716E-20  0.47468976E-20
  0.58324053E-20  0.49675220E-20  0.47035476E-20  0.16236492E-20
  0.00000000E+00  0.00000000E+00  0.00000000E+00  0.00000000E+00  0.00000000E+00
  0.00000000E+00  0.00000000E+00  0.00000000E+00  0.00000000E+00  0.00000000E+00
  0.00000000E+00  0.00000000E+00  0.00000000E+00  0.00000000E+00  0.00000000E+00
  0.00000000E+00  0.00000000E+00  0.00000000E+00  0.00000000E+00  0.00000000E+00
  0.00000000E+00  0.00000000E+00  0.00000000E+00  0.00000000E+00  0.00000000E+00
  0.00000000E+00  0.00000000E+00  0.00000000E+00  0.00000000E+00  0.00000000E+00
  0.00000000E+00  0.00000000E+00  0.00000000E+00  0.00000000E+00  0.00000000E+00
  0.00000000E+00  0.00000000E+00  0.13692936E-22  0.18922975E-22  0.12108130E-22
  0.71363134E-23  0.35873217E-23  0.72394219E-23  0.50768276E-23  0.24998286E-22
  0.91603370E-22  0.19695072E-21  0.22480999E-21  0.28492171E-21  0.30915221E-21
  0.43801522E-21  0.68137717E-21  0.82074685E-21  0.12738910E-20  0.16235493E-20
  0.19942625E-20  0.28445005E-20  0.40356801E-20  0.43951821E-20  0.59909075E-20
  0.54184180E-20  0.50867679E-20  0.39958407E-20  0.14216857E-20
  0.00000000E+00  0.00000000E+00  0.00000000E+00  0.00000000E+00  0.00000000E+00
  0.00000000E+00  0.00000000E+00  0.00000000E+00  0.00000000E+00  0.00000000E+00
  0.00000000E+00  0.00000000E+00  0.00000000E+00  0.00000000E+00  0.00000000E+00
  0.00000000E+00  0.00000000E+00  0.00000000E+00  0.00000000E+00  0.00000000E+00
  0.00000000E+00  0.00000000E+00  0.00000000E+00  0.00000000E+00  0.00000000E+00
  0.00000000E+00  0.00000000E+00  0.00000000E+00  0.00000000E+00  0.00000000E+00
  0.00000000E+00  0.00000000E+00  0.00000000E+00  0.00000000E+00  0.00000000E+00
  0.00000000E+00  0.00000000E+00 -0.22606321E-22  0.12383371E-22  0.14879227E-22
  0.86140868E-23  0.55952569E-24  0.11374695E-22  0.15978161E-22  0.47943046E-22
  0.47152072E-22  0.29179306E-21  0.46969194E-21  0.32983248E-21  0.48574392E-21
  0.52915245E-21  0.73436235E-21  0.12293538E-20  0.14365336E-20  0.16225202E-20
  0.21607375E-20  0.30167547E-20  0.36339971E-20  0.50676772E-20  0.50075471E-20
  0.51322740E-20  0.45593622E-20  0.39318212E-20  0.16452713E-20
  0.00000000E+00  0.00000000E+00  0.00000000E+00  0.00000000E+00  0.00000000E+00
  0.00000000E+00  0.00000000E+00  0.00000000E+00  0.00000000E+00  0.00000000E+00
  0.00000000E+00  0.00000000E+00  0.00000000E+00  0.00000000E+00  0.00000000E+00
  0.00000000E+00  0.00000000E+00  0.00000000E+00  0.00000000E+00  0.00000000E+00
  0.00000000E+00  0.00000000E+00  0.00000000E+00  0.00000000E+00  0.00000000E+00
  0.00000000E+00  0.00000000E+00  0.00000000E+00  0.00000000E+00  0.00000000E+00
  0.00000000E+00  0.00000000E+00  0.00000000E+00  0.00000000E+00  0.00000000E+00
  0.00000000E+00  0.00000000E+00 -0.82312254E-24 -0.37266578E-22  0.00000000E+00
  0.45339942E-22  0.00000000E+00  0.11923421E-22  0.63253111E-22  0.34350837E-22
  0.18647983E-21  0.25442110E-21  0.41619828E-21  0.41212334E-21  0.57577874E-21
  0.69239898E-21  0.88931987E-21  0.11730270E-20  0.13734739E-20  0.20138995E-20
  0.22032323E-20  0.27270304E-20  0.34033507E-20  0.41106315E-20  0.37631018E-20
  0.40102545E-20  0.34558272E-20  0.32709617E-20  0.10694828E-20
  0.00000000E+00  0.00000000E+00  0.00000000E+00  0.00000000E+00  0.00000000E+00
  0.00000000E+00  0.00000000E+00  0.00000000E+00  0.00000000E+00  0.00000000E+00
  0.00000000E+00  0.00000000E+00  0.00000000E+00  0.00000000E+00  0.00000000E+00
  0.00000000E+00  0.00000000E+00  0.00000000E+00  0.00000000E+00  0.00000000E+00
  0.00000000E+00  0.00000000E+00  0.00000000E+00  0.00000000E+00  0.00000000E+00
  0.00000000E+00  0.00000000E+00  0.00000000E+00  0.00000000E+00  0.00000000E+00
  0.00000000E+00  0.00000000E+00  0.00000000E+00  0.00000000E+00  0.00000000E+00
  0.00000000E+00 -0.24975307E-23 -0.78190796E-23  0.15565396E-23  0.00000000E+00
  0.64970972E-22  0.56615958E-22  0.23855119E-23  0.84770795E-22  0.71432575E-22
  0.10481894E-21  0.44026558E-21  0.39596568E-21  0.70206024E-21  0.66409483E-21
  0.86155665E-21  0.11101519E-20  0.13413670E-20  0.16618274E-20  0.17074586E-20
  0.25068543E-20  0.29758266E-20  0.34820366E-20  0.37963618E-20  0.41795207E-20
  0.31554397E-20  0.40590650E-20  0.36510162E-20  0.10942957E-20
  0.00000000E+00  0.00000000E+00  0.00000000E+00  0.00000000E+00  0.00000000E+00
  0.00000000E+00  0.00000000E+00  0.00000000E+00  0.00000000E+00  0.00000000E+00
  0.00000000E+00  0.00000000E+00  0.00000000E+00  0.00000000E+00  0.00000000E+00
  0.00000000E+00  0.00000000E+00  0.00000000E+00  0.00000000E+00  0.00000000E+00
  0.00000000E+00  0.00000000E+00  0.00000000E+00  0.00000000E+00  0.00000000E+00
  0.00000000E+00  0.00000000E+00  0.00000000E+00  0.00000000E+00  0.00000000E+00
  0.00000000E+00  0.00000000E+00  0.00000000E+00  0.00000000E+00  0.00000000E+00
  0.49981886E-23 -0.10695634E-22  0.00000000E+00  0.56424311E-23  0.00000000E+00
  0.23570875E-22  0.20170766E-22  0.38970746E-22  0.11944140E-21  0.17596381E-21
  0.27598401E-21  0.35442167E-21  0.44911491E-21  0.41591023E-21  0.61691784E-21
  0.10799623E-20  0.14339940E-20  0.16519900E-20  0.16706241E-20  0.22850496E-20
  0.24381079E-20  0.30109655E-20  0.28948796E-20  0.27528607E-20  0.24820345E-20
  0.15787662E-20  0.30827553E-20  0.38341722E-20  0.20058445E-20
  0.00000000E+00  0.00000000E+00  0.00000000E+00  0.00000000E+00  0.00000000E+00
  0.00000000E+00  0.00000000E+00  0.00000000E+00  0.00000000E+00  0.00000000E+00
  0.00000000E+00  0.00000000E+00  0.00000000E+00  0.00000000E+00  0.00000000E+00
  0.00000000E+00  0.00000000E+00  0.00000000E+00  0.00000000E+00  0.00000000E+00
  0.00000000E+00  0.00000000E+00  0.00000000E+00  0.00000000E+00  0.00000000E+00
  0.00000000E+00  0.00000000E+00  0.00000000E+00  0.00000000E+00  0.00000000E+00
  0.00000000E+00  0.00000000E+00  0.00000000E+00  0.00000000E+00  0.00000000E+00
  0.00000000E+00  0.31911813E-23  0.12850324E-23  0.60662382E-23  0.00000000E+00
  0.15425918E-22  0.12527733E-21  0.14336721E-21  0.17019957E-21  0.23297751E-21
  0.23161333E-21  0.41813846E-21  0.46008105E-21  0.60303389E-21  0.73917093E-21
  0.10292487E-20  0.11655296E-20  0.18603996E-20  0.23783761E-20  0.23448109E-20
  0.31312256E-20  0.27331706E-20  0.24420455E-20  0.21603501E-20  0.19582697E-20
  0.19266374E-20  0.33224287E-20  0.35187850E-20  0.15974650E-20
  0.00000000E+00  0.00000000E+00  0.00000000E+00  0.00000000E+00  0.00000000E+00
  0.00000000E+00  0.00000000E+00  0.00000000E+00  0.00000000E+00  0.00000000E+00
  0.00000000E+00  0.00000000E+00  0.00000000E+00  0.00000000E+00  0.00000000E+00
  0.00000000E+00  0.00000000E+00  0.00000000E+00  0.00000000E+00  0.00000000E+00
  0.00000000E+00  0.00000000E+00  0.00000000E+00  0.00000000E+00  0.00000000E+00
  0.00000000E+00  0.00000000E+00  0.00000000E+00  0.00000000E+00  0.00000000E+00
  0.00000000E+00  0.00000000E+00  0.00000000E+00  0.00000000E+00  0.00000000E+00
  0.00000000E+00 -0.14122590E-22  0.12720852E-22  0.39977531E-23  0.26563843E-23
  0.24122628E-22  0.50625189E-22  0.95711995E-22  0.20477806E-21  0.16732299E-21
  0.24029779E-21  0.34464110E-21  0.57636909E-21  0.64983987E-21  0.91189421E-21
  0.13388648E-20  0.15595956E-20  0.23794105E-20  0.25373083E-20  0.19957520E-20
  0.24948172E-20  0.24112093E-20  0.13411541E-20 -0.69950964E-22  0.37753494E-21
  0.19732716E-20  0.29590955E-20  0.38506053E-20  0.15400337E-20
  0.00000000E+00  0.00000000E+00  0.00000000E+00  0.00000000E+00  0.00000000E+00
  0.00000000E+00  0.00000000E+00  0.00000000E+00  0.00000000E+00  0.00000000E+00
  0.00000000E+00  0.00000000E+00  0.00000000E+00  0.00000000E+00  0.00000000E+00
  0.00000000E+00  0.00000000E+00  0.00000000E+00  0.00000000E+00  0.00000000E+00
  0.00000000E+00  0.00000000E+00  0.00000000E+00  0.00000000E+00  0.00000000E+00
  0.00000000E+00  0.00000000E+00  0.00000000E+00  0.00000000E+00  0.00000000E+00
  0.00000000E+00  0.00000000E+00  0.00000000E+00  0.00000000E+00  0.00000000E+00
  0.12448654E-24 -0.14152820E-22  0.50238283E-23  0.93863500E-23  0.74588472E-23
  0.33842312E-22  0.73768230E-22  0.82808361E-22  0.10472392E-21  0.33366838E-21
  0.32977658E-21  0.42948740E-21  0.56578744E-21  0.75561364E-21  0.87206792E-21
  0.12862227E-20  0.18593667E-20  0.18596593E-20  0.19441077E-20  0.16768095E-20
  0.20047987E-20  0.17871611E-20  0.50209696E-21 -0.80132652E-21  0.25325196E-21
  0.20929805E-20  0.33864821E-20  0.43745902E-20  0.17076613E-20
  0.00000000E+00  0.00000000E+00  0.00000000E+00  0.00000000E+00  0.00000000E+00
  0.00000000E+00  0.00000000E+00  0.00000000E+00  0.00000000E+00  0.00000000E+00
  0.00000000E+00  0.00000000E+00  0.00000000E+00  0.00000000E+00  0.00000000E+00
  0.00000000E+00  0.00000000E+00  0.00000000E+00  0.00000000E+00  0.00000000E+00
  0.00000000E+00  0.00000000E+00  0.00000000E+00  0.00000000E+00  0.00000000E+00
  0.00000000E+00  0.00000000E+00  0.00000000E+00  0.00000000E+00  0.00000000E+00
  0.00000000E+00  0.00000000E+00  0.00000000E+00  0.00000000E+00  0.00000000E+00
  0.10433508E-22  0.11126542E-22  0.14134568E-22  0.18586983E-22  0.13710583E-22
  0.20237702E-22  0.10244836E-21  0.10534332E-21  0.35241898E-21  0.34343520E-21
  0.34045963E-21  0.48846501E-21  0.72338635E-21  0.97954419E-21  0.11412153E-20
  0.14720574E-20  0.20715279E-20  0.19452796E-20  0.19381475E-20  0.18900744E-20
  0.15449741E-20  0.39495738E-21 -0.69157526E-21 -0.76037081E-21 -0.52163362E-21
  0.21984648E-20  0.36547685E-20  0.39062838E-20  0.15835887E-20
  0.00000000E+00  0.00000000E+00  0.00000000E+00  0.00000000E+00  0.00000000E+00
  0.00000000E+00  0.00000000E+00  0.00000000E+00  0.00000000E+00  0.00000000E+00
  0.00000000E+00  0.00000000E+00  0.00000000E+00  0.00000000E+00  0.00000000E+00
  0.00000000E+00  0.00000000E+00  0.00000000E+00  0.00000000E+00  0.00000000E+00
  0.00000000E+00  0.00000000E+00  0.00000000E+00  0.00000000E+00  0.00000000E+00
  0.00000000E+00  0.00000000E+00  0.00000000E+00  0.00000000E+00  0.00000000E+00
  0.00000000E+00  0.00000000E+00  0.00000000E+00  0.00000000E+00  0.00000000E+00
  0.00000000E+00  0.21009340E-22  0.59078848E-22  0.91648802E-22  0.31361119E-22
  0.74263370E-22  0.97106189E-22  0.14088053E-21  0.31549600E-21  0.35074442E-21
  0.58116394E-21  0.76145814E-21  0.97826378E-21  0.11748363E-20  0.17942740E-20
  0.17358072E-20  0.17685632E-20  0.16315813E-20  0.13463258E-20  0.89223460E-21
  0.86299905E-22 -0.88138725E-21 -0.12747070E-20 -0.20836558E-21  0.14988939E-20
  0.27566495E-20  0.40083790E-20  0.41223768E-20  0.14620189E-20
  0.00000000E+00  0.00000000E+00  0.00000000E+00  0.00000000E+00  0.00000000E+00
  0.00000000E+00  0.00000000E+00  0.00000000E+00  0.00000000E+00  0.00000000E+00
  0.00000000E+00  0.00000000E+00  0.00000000E+00  0.00000000E+00  0.00000000E+00
  0.00000000E+00  0.00000000E+00  0.00000000E+00  0.00000000E+00  0.00000000E+00
  0.00000000E+00  0.00000000E+00  0.00000000E+00  0.00000000E+00  0.00000000E+00
  0.00000000E+00  0.00000000E+00  0.00000000E+00  0.00000000E+00  0.00000000E+00
  0.00000000E+00  0.00000000E+00  0.00000000E+00  0.00000000E+00  0.00000000E+00
  0.00000000E+00  0.95501443E-25  0.00000000E+00  0.41666576E-22  0.10092775E-21
  0.14387474E-21  0.23098657E-21  0.28286958E-21  0.35777216E-21  0.69203543E-21
  0.68688477E-21  0.88816222E-21  0.11282498E-20  0.13007879E-20  0.13919721E-20
  0.18581129E-20  0.15951949E-20  0.12873628E-20  0.10068829E-20 -0.10724142E-21
 -0.19089512E-21 -0.16641127E-20 -0.88931712E-21  0.11010880E-21  0.15528123E-20
  0.31111469E-20  0.39220572E-20  0.39210162E-20  0.12403719E-20
  0.00000000E+00  0.00000000E+00  0.00000000E+00  0.00000000E+00  0.00000000E+00
  0.00000000E+00  0.00000000E+00  0.00000000E+00  0.00000000E+00  0.00000000E+00
  0.00000000E+00  0.00000000E+00  0.00000000E+00  0.00000000E+00  0.00000000E+00
  0.00000000E+00  0.00000000E+00  0.00000000E+00  0.00000000E+00  0.00000000E+00
  0.00000000E+00  0.00000000E+00  0.00000000E+00  0.00000000E+00  0.00000000E+00
  0.00000000E+00  0.00000000E+00  0.00000000E+00  0.00000000E+00  0.00000000E+00
  0.00000000E+00  0.00000000E+00  0.00000000E+00  0.00000000E+00  0.00000000E+00
  0.00000000E+00  0.18985010E-22  0.95805581E-22  0.96535929E-22  0.13847593E-21
  0.16347064E-21  0.24008080E-21  0.34008918E-21  0.49388510E-21  0.72243815E-21
  0.87894278E-21  0.96431319E-21  0.12239965E-20  0.15401240E-20  0.16115913E-20
  0.14981654E-20  0.17402524E-20  0.81394684E-21  0.32126587E-21 -0.35093576E-21
 -0.11691736E-20 -0.81289200E-21  0.51512137E-21  0.14724707E-20  0.23239387E-20
  0.28260540E-20  0.31326296E-20  0.35050570E-20  0.10425347E-20
  0.00000000E+00  0.00000000E+00  0.00000000E+00  0.00000000E+00  0.00000000E+00
  0.00000000E+00  0.00000000E+00  0.00000000E+00  0.00000000E+00  0.00000000E+00
  0.00000000E+00  0.00000000E+00  0.00000000E+00  0.00000000E+00  0.00000000E+00
  0.00000000E+00  0.00000000E+00  0.00000000E+00  0.00000000E+00  0.00000000E+00
  0.00000000E+00  0.00000000E+00  0.00000000E+00  0.00000000E+00  0.00000000E+00
  0.00000000E+00  0.00000000E+00  0.00000000E+00  0.00000000E+00  0.00000000E+00
  0.00000000E+00  0.00000000E+00  0.00000000E+00  0.00000000E+00  0.00000000E+00
  0.00000000E+00  0.35263089E-23  0.38354412E-22  0.30544575E-22  0.11718644E-21
  0.21028106E-21  0.28952549E-21  0.29753677E-21  0.62733099E-21  0.59407307E-21
  0.70444447E-21  0.11775398E-20  0.15509994E-20  0.11134122E-20  0.13318231E-20
  0.15013901E-20  0.87066457E-21  0.21296214E-21 -0.25327500E-21 -0.14575372E-20
 -0.11734667E-20 -0.68012254E-21 -0.20660218E-21  0.18824067E-20  0.23571380E-20
  0.28166236E-20  0.35971425E-20  0.29815079E-20  0.82606592E-21
  0.00000000E+00  0.00000000E+00  0.00000000E+00  0.00000000E+00  0.00000000E+00
  0.00000000E+00  0.00000000E+00  0.00000000E+00  0.00000000E+00  0.00000000E+00
  0.00000000E+00  0.00000000E+00  0.00000000E+00  0.00000000E+00  0.00000000E+00
  0.00000000E+00  0.00000000E+00  0.00000000E+00  0.00000000E+00  0.00000000E+00
  0.00000000E+00  0.00000000E+00  0.00000000E+00  0.00000000E+00  0.00000000E+00
  0.00000000E+00  0.00000000E+00  0.00000000E+00  0.00000000E+00  0.00000000E+00
  0.00000000E+00  0.00000000E+00  0.00000000E+00  0.00000000E+00  0.00000000E+00
  0.00000000E+00  0.00000000E+00  0.20252015E-22  0.19232739E-22  0.57363572E-22
  0.21736388E-21  0.23974397E-21  0.20405102E-21  0.49483462E-21  0.88601813E-21
  0.64601069E-21  0.11020367E-20  0.12810804E-20  0.16474757E-20  0.12259221E-20
  0.11448528E-20  0.57505994E-21 -0.75960707E-21 -0.12079492E-20 -0.17962699E-20
 -0.22791634E-20 -0.64586106E-21  0.85412274E-21  0.13264068E-20  0.28008835E-20
  0.29227725E-20  0.34576100E-20  0.28457571E-20  0.80263900E-21
  0.00000000E+00  0.00000000E+00  0.00000000E+00  0.00000000E+00  0.00000000E+00
  0.00000000E+00  0.00000000E+00  0.00000000E+00  0.00000000E+00  0.00000000E+00
  0.00000000E+00  0.00000000E+00  0.00000000E+00  0.00000000E+00  0.00000000E+00
  0.00000000E+00  0.00000000E+00  0.00000000E+00  0.00000000E+00  0.00000000E+00
  0.00000000E+00  0.00000000E+00  0.00000000E+00  0.00000000E+00  0.00000000E+00
  0.00000000E+00  0.00000000E+00  0.00000000E+00  0.00000000E+00  0.00000000E+00
  0.00000000E+00  0.00000000E+00  0.00000000E+00  0.00000000E+00  0.00000000E+00
  0.73646018E-23  0.33803237E-22  0.77173309E-22  0.79391184E-22  0.20126965E-21
  0.18856579E-21  0.27111187E-21  0.20386840E-21  0.66668120E-21  0.84594099E-21
  0.89657850E-21  0.11853385E-20  0.10014356E-20  0.13707186E-20  0.10321684E-20
  0.77580863E-21  0.19299399E-21 -0.92786842E-21 -0.23593021E-20 -0.30035769E-20
 -0.80548533E-21  0.35847136E-21  0.96024330E-21  0.15680474E-20  0.24958713E-20
  0.27707970E-20  0.30916643E-20  0.29602439E-20  0.64890220E-21
  0.00000000E+00  0.00000000E+00  0.00000000E+00  0.00000000E+00  0.00000000E+00
  0.00000000E+00  0.00000000E+00  0.00000000E+00  0.00000000E+00  0.00000000E+00
  0.00000000E+00  0.00000000E+00  0.00000000E+00  0.00000000E+00  0.00000000E+00
  0.00000000E+00  0.00000000E+00  0.00000000E+00  0.00000000E+00  0.00000000E+00
  0.00000000E+00  0.00000000E+00  0.00000000E+00  0.00000000E+00  0.00000000E+00
  0.00000000E+00  0.00000000E+00  0.00000000E+00  0.00000000E+00  0.00000000E+00
  0.00000000E+00  0.00000000E+00  0.00000000E+00  0.00000000E+00  0.00000000E+00
  0.00000000E+00  0.12581333E-23  0.80818539E-22  0.12176648E-21  0.91507311E-22
  0.29376189E-21  0.45728658E-21  0.29958362E-21  0.43800667E-21  0.59705705E-21
  0.10681268E-20  0.87897952E-21  0.10606471E-20  0.90118690E-21  0.37807923E-21
 -0.26098149E-21 -0.16680349E-20 -0.24234797E-20 -0.38653854E-20 -0.31192598E-20
 -0.50720426E-21 -0.73403091E-22  0.59759054E-21  0.16502189E-20  0.23612035E-20
  0.23774782E-20  0.28954167E-20  0.22397455E-20  0.58664153E-21
