    -8.2219434784237D+14   -1.9686425219822D+15   -1.9689078095505D+15
    -1.9693115788190D+15   -1.7553225628203D+15   -1.7928929218163D+15
     5.2505444827079D+15   -1.9724648362603D+15   -1.9736947819970D+15
    -5.4259837314392D+14   -1.4577750824381D+15    1.4373390006482D+15
     1.1706269826082D+15   -1.7519193455564D+15   -2.3544693802143D+14
     8.4621419720835D+14   -1.9928092033594D+15   -1.8473330607091D+15
     1.1632764057373D+15    1.3574836376806D+15   -1.1736494363892D+16
     2.8381666604002D+15   -6.7404738195788D+15   -9.8221381041736D+15
    -1.0022351822695D+16   -9.8554534068458D+15   -7.0283214689618D+15
    -8.4019771961114D+15   -6.4393823966480D+15   -3.4279978114242D+15
     3.5239215129995D+16    3.9890991668223D+16    6.2340500685610D+16
     1.1014857888091D+17    2.3707941617944D+17    4.9603635059725D+17
     9.9601765614506D+17    2.2284742015393D+18    4.7815168985019D+18
     1.1833705846254D+19    2.7869123007543D+19    6.0427135058107D+19
     5.3684003998481D+19    1.4827486106132D+19   -1.2101445200493D+18
    -9.2978016527175D+18   -1.4151867409026D+19   -1.6509820705750D+19
    -1.7147494514271D+19   -1.6756822401926D+19   -1.5959957576211D+19
    -1.4912885418626D+19   -1.3820163859705D+19   -1.2749459104905D+19
    -1.1739036347298D+19   -1.0808490744671D+19   -9.9661471793586D+18
    -9.1951035653002D+18   -8.4568567036183D+18   -7.7000558183970D+18
    -6.6342982066829D+18   -4.8121283239826D+18   -2.2058445510804D+18
    -3.7508068848541D+17   -8.0136321285874D+14   -1.9494988339661D+15
    -1.9502581630843D+15   -1.9514142419758D+15   -1.7352126194229D+15
    -1.7586641796958D+15   -1.9574721382411D+15   -1.9604546769588D+15
    -1.9639865910528D+15   -4.8269726863211D+14   -1.2756278585357D+15
     2.0011564197297D+15    1.1679180077317D+15   -1.0628647830264D+15
    -2.0236854196245D+14    2.5317957752460D+14   -2.0195032319883D+15
    -1.8752317332262D+15    1.0974697706790D+15    1.5194023551900D+15
    -1.1316297883890D+16   -8.3847117627331D+14   -7.3018015228977D+15
    -9.3427373588132D+15   -9.4459242460563D+15   -9.3060930468930D+15
    -8.2269041724597D+15   -8.1424536104701D+15   -7.3432025869060D+15
    -6.0218181874256D+14    1.1339102578410D+16    3.0699242291784D+16
     4.8029684530137D+16    8.3226694684140D+16    1.8479404772452D+17
     3.9206529414641D+17    7.8696623037110D+17    1.7136209535700D+18
     3.9370430181796D+18    9.4039537377681D+18    2.2909624445344D+19
     4.9873786868067D+19    5.1764749542389D+19    1.7758968691811D+19
     5.1376829762963D+17   -8.1226296885792D+18   -1.3002588923225D+19
    -1.5571907398278D+19   -1.6300937457987D+19   -1.6006846028880D+19
    -1.5211650563674D+19   -1.4242988698139D+19   -1.3212756177036D+19
    -1.2189553845004D+19   -1.1225242863368D+19   -1.0336597716261D+19
    -9.5318066128987D+18   -8.7963410297563D+18   -8.1016162681179D+18
    -7.3698493782592D+18   -6.3545819349922D+18   -4.6171585867802D+18
    -2.1202745861351D+18   -3.6080828441580D+17   -7.8699140567221D+14
    -1.9324406272457D+15   -1.9336610456793D+15   -1.9355194236752D+15
     1.3554008955501D+15   -1.7264244649663D+15   -1.9452609163012D+15
    -1.9500592855799D+15   -1.9557438971057D+15   -4.3994383509162D+14
    -1.0524395035917D+15    2.6249094498582D+15    1.1601926300265D+15
    -1.5022420680142D+15    1.4163403723169D+15   -4.3915786371136D+14
    -2.0461220517030D+15   -1.9037440747859D+15    1.0242447155454D+15
     1.6740745700688D+15   -1.0469852140264D+16    5.1956032864656D+15
    -6.8531535974897D+15   -8.8760805167199D+15   -8.6108886978388D+15
    -8.6125915873502D+15   -6.2665641416238D+15   -5.3910189000396D+15
    -6.8691295652072D+15    4.0524792677803D+14    5.9395602350860D+15
     2.9477665172271D+16    3.3797793815433D+16    9.2864709911118D+16
     1.6749940413600D+17    3.3673975864915D+17    7.4996356839506D+17
     1.5992365942854D+18    3.7499241074239D+18    8.7520156889508D+18
     2.0948766175345D+19    4.5491117098635D+19    5.2140381818446D+19
     2.0591941562092D+19    2.0409259573656D+18   -6.9728570049715D+18
    -1.2167150854864D+19   -1.4780620064192D+19   -1.5646831883134D+19
    -1.5429736190044D+19   -1.4690654393420D+19   -1.3749684288195D+19
    -1.2742500204520D+19   -1.1747862862462D+19   -1.0814122459508D+19
    -9.9566026991853D+18   -9.1742098980703D+18   -8.4668320168125D+18
    -7.8046766714494D+18   -7.0994188787718D+18   -6.1277725010859D+18
    -4.4634807934247D+18   -2.0568539265304D+18   -3.5051410140626D+17
    -7.7953613369442D+14   -1.9163132258056D+15   -1.9179792744300D+15
    -1.9205160697227D+15    4.4483134511047D+15   -1.6958192554227D+15
    -1.9338079851434D+15   -1.9403519846084D+15   -1.9481029276952D+15
    -4.0756125354507D+14   -7.8582531658100D+14    1.8908149354369D+15
     1.1283149469627D+15   -1.6663973411154D+15    3.1362245498305D+15
    -4.0108099493710D+14   -2.0723841548024D+15   -1.9331649366737D+15
     9.3729289555942D+14    1.8177638657268D+15   -9.5667879588806D+15
     1.4091048333076D+16   -5.6965285630964D+15   -8.2619784770299D+15
    -7.9023284853776D+15   -8.0698276840601D+15    3.5076140279545D+16
    -7.2692337008582D+15   -6.3900218718014D+15   -5.7523835660521D+14
     4.9473374450844D+15    1.7775956356647D+16    3.6109355176736D+16
     8.8014395371063D+16    1.5926266777682D+17    3.4103713457171D+17
     7.0551719431500D+17    1.4845167809775D+18    3.4269703692295D+18
     8.1411549250128D+18    1.9986467584403D+19    4.4034040218040D+19
     5.5335454746242D+19    2.4315931946333D+19    3.9255303343135D+18
    -5.8542052561667D+18   -1.1337780159835D+19   -1.4192568513721D+19
    -1.5137687167207D+19   -1.4970201221526D+19   -1.4274408667330D+19
    -1.3352239494374D+19   -1.2363207544203D+19   -1.1385600947491D+19
    -1.0472989912642D+19   -9.6371420402930D+18   -8.8773416262100D+18
    -8.1875141900840D+18   -7.5439210852071D+18   -6.8672100480104D+18
    -5.9361619001251D+18   -4.3374225210190D+18   -2.0074179144463D+18
    -3.4291807839422D+17    1.3478884106304D+15    4.1354754550783D+15
    -1.9023822302733D+15   -1.9056127866814D+15   -6.8708026750613D+14
    -1.6667311129592D+15   -1.9225182981476D+15   -1.9308286199385D+15
    -1.1304664499759D+15   -3.8644885377377D+14   -4.7596792955268D+14
    -1.7397721224401D+14    1.0790278109452D+15   -1.7546648990056D+15
     3.4078844976763D+15   -3.7462346599618D+14   -2.0988643844446D+15
    -1.9643172059726D+15    8.3554314944560D+14    1.9343628451006D+15
    -8.6314980966778D+15    1.9838118226927D+16   -5.7278741101889D+15
    -7.1722655746033D+15   -7.1660836575988D+15   -2.7840051073085D+15
     1.1200325102794D+16   -6.7067236202392D+15   -5.8220811008129D+15
    -5.6346395262649D+14    4.7418808395659D+15    1.6893056231023D+16
     3.5563533741356D+16    7.4374884320039D+16    1.5303030103932D+17
     3.1628254994644D+17    6.7445184305003D+17    1.4445128482857D+18
     3.2413346247783D+18    7.6266447168405D+18    1.8681288569388D+19
     4.2824886165528D+19    5.9267785104844D+19    2.8975293738718D+19
     5.8605838941021D+18   -4.7080990490261D+18   -1.0493593303173D+19
    -1.3541844265652D+19   -1.4690905537258D+19   -1.4565361473098D+19
    -1.3916833508563D+19   -1.3009122665667D+19   -1.2032804074528D+19
    -1.1073895648138D+19   -1.0174769906987D+19   -9.3542298234655D+18
    -8.6128346766604D+18   -7.9394868505395D+18   -7.3126951291321D+18
    -6.6588750037252D+18   -5.7654785812682D+18   -4.2285386333654D+18
    -1.9532877013334D+18   -3.3680545752518D+17   -1.8830309205638D+15
     1.0814719892517D+16   -1.8869344054055D+15   -1.8909088482765D+15
    -6.4520745921124D+14   -1.6390691309985D+15   -1.9116822609787D+15
    -1.9218777323717D+15   -6.8337855802282D+14   -3.7351515666521D+14
    -1.2144870345178D+14   -2.1088414461858D+14    1.0190532865417D+15
    -1.7608185430625D+15    3.5515413050764D+15   -3.3426852148355D+14
    -2.1275718971594D+15   -1.9990535636169D+15    7.2339445213788D+14
     2.0286213182912D+15   -6.5287240546440D+15    1.5684855926893D+16
    -5.1955797990209D+15   -6.2124355163955D+15   -6.4838947031778D+15
     4.3595917878557D+15   -6.2789096502713D+15   -6.1703237137534D+15
    -5.2760603194278D+15    3.0836371415171D+14    3.7951532954574D+15
     1.6226485519070D+16    3.6811259079677D+16    7.4969539510504D+16
     1.5614818595726D+17    3.0289766527825D+17    6.5473113946105D+17
     1.3550790132360D+18    3.0541034889123D+18    7.3100642185774D+18
     1.7608776597436D+19    4.0779985119682D+19    6.3116153418151D+19
     3.3803667327965D+19    8.0135009017787D+18   -3.4986859251800D+18
    -9.8021174372155D+18   -1.3052634568700D+19   -1.4291887012344D+19
    -1.4245677805296D+19   -1.3601215583709D+19   -1.2702602796086D+19
    -1.1730236924984D+19   -1.0783933882547D+19   -9.8996046907626D+18
    -9.0899527241691D+18   -8.3607577593980D+18   -7.7042159949371D+18
    -7.0952476542995D+18   -6.4643688343139D+18   -5.6061016469427D+18
    -4.1267096599118D+18   -1.9297493434949D+18   -3.3144797429092D+17
    -1.8658608557656D+15    1.4790408714859D+16   -1.8705672796541D+15
    -1.8753604002127D+15   -6.0870591646587D+14   -1.6120096751411D+15
    -1.9004188546025D+15   -1.9127171129079D+15   -6.9534960329331D+14
    -3.6782933827579D+14    2.7693941176236D+14   -2.5344095163813D+14
     9.4902005040870D+14   -1.7705713683609D+15    4.1468026132760D+15
    -2.2501750057525D+14   -2.1605171674599D+15   -2.0397929835613D+15
     3.8926639464788D+14    2.0967640635819D+15   -1.8707026393339D+15
     1.5162465886186D+16    7.4905334687082D+14   -5.8414441336688D+15
    -5.7924369021416D+15   -4.3565248101200D+15   -5.5398271096248D+15
    -5.6725815073613D+15   -4.4549413967110D+15   -2.9131827383065D+14
     4.4345022399884D+15    1.7292540777762D+16    3.7530568148338D+16
     7.3306079153837D+16    1.4759141370555D+17    3.0274814272600D+17
     6.6472424645599D+17    1.3155485388729D+18    2.9431223595953D+18
     6.9679203568381D+18    1.6479287896530D+19    3.8562436352536D+19
     6.4567832664202D+19    3.8940880002188D+19    1.0455199371296D+19
    -2.1857473402960D+18   -9.1134081554130D+18   -1.2515484840468D+19
    -1.3916721499505D+19   -1.3924114408128D+19   -1.3295946596802D+19
    -1.2410631593544D+19   -1.1448036327984D+19   -1.0515132857131D+19
    -9.6349282508971D+18   -8.8351313739615D+18   -8.1199834338977D+18
    -7.4773625489434D+18   -6.8858574814232D+18   -6.2731619991756D+18
    -5.4488329036816D+18   -4.0250142157176D+18   -1.8922744205849D+18
    -3.2601451836751D+17   -1.8464645844974D+15    1.9551601686822D+16
    -1.8520320192959D+15   -1.8577080388029D+15   -5.7591167225154D+14
    -1.5843517627379D+15   -1.8874641388768D+15   -1.9021130236360D+15
    -7.0567637631620D+14   -1.6459957474625D+14    4.3183251359184D+15
    -2.2140427907036D+14    8.7028161475763D+14   -1.9963420329848D+15
     6.6427660686972D+15   -2.5144526685539D+14   -2.2005520814994D+15
    -2.0906081080237D+15   -2.3381795181018D+15    2.1227200931753D+15
    -1.6692444415376D+15    9.2475483980231D+15    8.3447009248895D+15
    -3.2921811669823D+15   -4.9738030540329D+15   -4.0893702850655D+15
    -4.8656651624827D+15   -5.1011242351385D+15   -3.6055113566105D+15
     1.6340795657783D+15    2.2314557182709D+15    1.7947670058411D+16
     4.4530277555798D+16    7.5521523705728D+16    1.5750428637834D+17
     3.0600783647948D+17    6.0968938609199D+17    1.2932046288288D+18
     2.9469524730996D+18    6.7921647876393D+18    1.5806008505956D+19
     3.6851112519834D+19    6.6100489300350D+19    4.3154270891136D+19
     1.2943803835737D+19   -1.0160893671671D+18   -8.3891842250211D+18
    -1.2077550594466D+19   -1.3529003439482D+19   -1.3590613381477D+19
    -1.2979858819690D+19   -1.2106075310753D+19   -1.1156640084158D+19
    -1.0226806673100D+19   -9.3598262007643D+18   -8.5775532244754D+18
    -7.8768828373495D+18   -7.2463147692084D+18   -6.6693802516935D+18
    -6.0791213870271D+18   -5.2877744076145D+18   -3.9187936028550D+18
    -1.8526026464851D+18   -3.2021133839626D+17   -1.8232633017020D+15
     1.4411220850254D+16   -1.8296631037676D+15   -1.1284130024459D+15
    -5.4715080049069D+14   -1.5547962622936D+15   -1.8706321833321D+15
    -1.8876870104793D+15   -2.0604716774561D+14    6.3687063162707D+14
     6.0976787770661D+15   -2.2470769722175D+14    7.7400864583816D+14
    -2.0731695228797D+15    4.7304711273533D+15    60157374636718.
    -2.2498424420868D+15   -2.1576088209025D+15   -2.4240328123670D+15
     2.0654894634141D+15   -4.6113810700310D+15    1.8482890825392D+16
     1.1724559551039D+15    1.1776968808852D+16    3.4660904724230D+15
    -4.7847942371095D+15   -4.3614647998735D+15   -4.4359527687724D+15
    -2.4683851955828D+15    8.7706442102047D+14    3.2487504419707D+15
     1.7809430102327D+16    5.7630934498496D+16    7.8782674705268D+16
     1.5967418859117D+17    3.1704051891304D+17    6.2789278436277D+17
     1.3355780182147D+18    2.9034705641559D+18    6.3817778560692D+18
     1.4872472883077D+19    3.5171840864545D+19    6.7219212839191D+19
     4.7181848055354D+19    1.5445363528009D+19    1.0818949322634D+17
    -7.6942400892618D+18   -1.1566970501551D+19   -1.3127694729154D+19
    -1.3242512448552D+19   -1.2641764287991D+19   -1.1778528328341D+19
    -1.0839131416225D+19   -9.9234989468032D+18   -9.0755347421728D+18
    -8.3064782440352D+18   -7.6225135810462D+18   -7.0081884286249D+18
    -6.4491720219353D+18   -5.8787612687112D+18   -5.1208899172839D+18
    -3.8067536659815D+18   -1.8081915659315D+18   -3.1351523200873D+17
    -1.7953181187464D+15   -1.7976894164408D+15   -1.8024964396708D+15
    -7.5973748768644D+14   -5.2101834161860D+14   -1.5222420272704D+15
    -1.8487339535815D+15   -1.8565310171686D+15   -9.6604989138298D+14
    -1.1284650492654D+14    6.6479856658772D+15   -2.7599900008880D+14
     6.7793795408818D+14   -2.0860095818731D+15    2.3372504826190D+15
     5.9213891892900D+14   -2.3100995842607D+15   -2.2485777699582D+15
    -2.5505777636699D+15    1.8850024151549D+15   -1.3826633887133D+15
     1.9041958352172D+16    2.1356220909244D+15    2.3360415377644D+16
     6.3408502865146D+14   -1.5382778110257D+15   -3.8842336281329D+15
    -3.8978692079969D+15   -1.9888050142153D+15    2.1475177471550D+15
     3.9119829611943D+15    1.4151815517329D+16    5.2949201846029D+16
     8.2855375662886D+16    1.6044289130661D+17    3.1576973626156D+17
     6.2113938872565D+17    1.3501342238450D+18    2.8331414076982D+18
     6.1198540050216D+18    1.4383929688350D+19    3.3982354307612D+19
     6.5662415983347D+19    5.1890180811181D+19    1.7079979244633D+19
     1.0418252726635D+18   -7.1344419635761D+18   -1.1074043320404D+19
    -1.2708808617643D+19   -1.2842185126751D+19   -1.2272236214817D+19
    -1.1425407867813D+19   -1.0497760786674D+19   -9.6024774312674D+18
    -8.7748702438253D+18   -8.0238169313255D+18   -7.3578190175627D+18
    -6.7618334867654D+18   -6.2223808285292D+18   -5.6734799667374D+18
    -4.9459816290443D+18   -3.6859032197177D+18   -1.7581964012581D+18
    -3.0591304089468D+17   -1.3926774624089D+15   -1.3946977006431D+15
    -1.3987958471520D+15   -1.2444292622650D+15   -3.9160987751079D+14
    -1.1745151002469D+15   -1.4383788523690D+15   -1.4387347300244D+15
    -7.4517657607421D+14   -2.2255287540416D+14    5.6505831105565D+15
    -2.4820902174108D+14    4.7330664611532D+14   -1.6473301409977D+15
     1.7917871165071D+15    4.5736906250407D+14   -1.8608062674802D+15
    -1.8440307225380D+15   -2.1364741761936D+15    1.0894111461163D+15
    -4.4917401666820D+14    1.3951448225968D+16    1.9504144171382D+15
     2.8781980827608D+15    2.2777100287815D+16    3.3716429518860D+14
    -2.8068850641369D+15   -2.7618587786202D+15   -1.4752079462965D+15
     2.3886559040865D+15    4.7574780781263D+15    1.1960018912433D+16
     3.9913496733650D+16    6.9755684290888D+16    1.2853439689073D+17
     2.4656354236977D+17    5.0771629914870D+17    1.0244432500534D+18
     2.2214502723899D+18    4.6627593001442D+18    1.0749183962174D+19
     2.5705971859110D+19    5.1238644474095D+19    4.2033798105789D+19
     1.4858430485063D+19    1.3286393621921D+18   -5.2147185110605D+18
    -8.3958724182153D+18   -9.7027595213092D+18   -9.8256847440658D+18
    -9.3851929647566D+18   -8.7387305611782D+18   -8.0190725613048D+18
    -7.3290483830035D+18   -6.6907630474254D+18   -6.1145385823020D+18
    -5.6056964044037D+18   -5.1525176127762D+18   -4.7386719024548D+18
    -4.3203042885102D+18   -3.7691530957702D+18   -2.8141848737346D+18
    -1.3469391253828D+18   -2.3503827224667D+17   -1.5638566792102D+15
    -1.5662953769791D+15   -1.5712446550371D+15   -1.4045477375731D+15
    -4.2632108764517D+14   -1.3118908863547D+15   -1.6191806178461D+15
    -1.6224346337377D+15   -8.3139578214236D+14    2.7262164749425D+15
     7.6651525189688D+14   -3.1032328328909D+14    4.8289573042907D+14
    -1.8765988458902D+15    2.0004131524500D+15    5.2390529211439D+14
    -2.1483303023542D+15   -2.1497272647202D+15   -2.5073477810986D+15
     1.1091787247250D+15   -5.1528333796455D+14    1.4072890736864D+16
     2.6107125295413D+15   -2.9635585428444D+15   -1.0162415984058D+15
     1.9871722652192D+14   -2.9852424577874D+15   -2.8934184284304D+15
    -1.2286282811442D+15    7.5183401420243D+15    6.2967023175814D+15
     1.5812314506759D+16    4.6835081806454D+16    7.3543459892675D+16
     1.5184707754786D+17    2.9218312965813D+17    5.8647512302562D+17
     1.1709503686506D+18    2.4757553589560D+18    5.2417476179472D+18
     1.2049834081693D+19    2.8600428674237D+19    5.8395147203169D+19
     4.9775277986705D+19    1.7880377759751D+19    1.9905498701454D+18
    -5.6292887489164D+18   -9.2171611814638D+18   -1.0710314662335D+19
    -1.0868462096690D+19   -1.0391962616396D+19   -9.6716645090697D+18
    -8.8700451757380D+18   -8.1049295226060D+18   -7.3914946611340D+18
    -6.7531005674797D+18   -6.1872673530306D+18   -5.6848712267874D+18
    -5.2302828747388D+18   -4.7681635557073D+18   -4.1618470981125D+18
    -3.1130248737185D+18   -1.4936160718878D+18   -2.6140031310140D+17
    -1.7583159553098D+15   -1.7612462620262D+15   -1.7671951628272D+15
    -1.5871540615890D+15   -4.6116599132915D+14   -1.4862052578277D+15
    -1.8040915178072D+15   -1.8316796693693D+15   -9.2594937196127D+14
     4.1311989974008D+15   -1.9456483996088D+15   -3.8247248502383D+14
     4.9154241155172D+14   -2.1380485732117D+15    2.2475599996949D+15
     6.1281327221918D+14   -2.4711423407840D+15   -2.4876709771688D+15
    -2.8926355077128D+15    1.2370742138957D+15   -7.3613641783638D+14
     1.3694395089255D+16    2.9893632378473D+15   -3.1942473463265D+15
     2.2377917839311D+15   -40900663159200.   -3.1936651053011D+15
    -2.9587212459766D+15   -1.5185415873879D+15    9.0928349332976D+14
     7.1012657804650D+15    1.7165939165812D+16    5.1582203745415D+16
     8.5261685882012D+16    1.8294130070318D+17    3.3839157532313D+17
     6.6986040664130D+17    1.4091088542043D+18    2.8167030862608D+18
     6.0901099373586D+18    1.3661901473481D+19    3.2327979055487D+19
     6.5904471208429D+19    5.6905318764095D+19    2.0788162722721D+19
     2.6675805050386D+18   -6.0475398083108D+18   -1.0144328703258D+19
    -1.1803481393659D+19   -1.2005899531575D+19   -1.1484356524646D+19
    -1.0678350242362D+19   -9.7968825342518D+18   -8.9455203443438D+18
    -8.1590513732497D+18   -7.4477509331567D+18   -6.8214869250435D+18
    -6.2633413952153D+18   -5.7622719511405D+18   -5.2556639294325D+18
    -4.5901315043516D+18   -3.4370587134624D+18   -1.6532415905407D+18
    -2.9031562167123D+17   -1.9790990975854D+15   -1.9826003444903D+15
    -1.9897095836573D+15   -1.7951484715767D+15   -4.9410744423589D+14
    -2.0347534722289D+15   -1.6591737760292D+15   -2.0696650282728D+15
    -1.0280524770848D+15    4.9261148942567D+15   -2.2042305684932D+15
     3.4583960292164D+14    4.9610610167289D+14   -2.4341312452894D+15
     2.5367587308712D+15    7.4149528765309D+14   -2.8345479723922D+15
    -2.8645151721513D+15   -3.3090898577271D+15    1.4391882401170D+15
    -1.0087323274512D+15    1.3057328501393D+16    4.6686546346427D+15
    -2.9312209183282D+15    4.7753830553585D+15    2.2123377799219D+15
    -8.6320541010310D+14   -3.1493870716895D+15   -1.7784136588411D+15
     2.2341536095399D+14    8.2967504290351D+15    2.0193832330133D+16
     6.1148740432037D+16    1.0194679762624D+17    2.0646310532256D+17
     4.0328796814456D+17    8.0968521146337D+17    1.6709499989402D+18
     3.3132427420173D+18    6.9890604498992D+18    1.5364235832436D+19
     3.6407175702513D+19    7.5098074578992D+19    6.4200182031967D+19
     2.3565355424492D+19    3.2019588041467D+18   -6.4936573350440D+18
    -1.1104188693807D+19   -1.2994872973604D+19   -1.3227015258903D+19
    -1.2656736685548D+19   -1.1764623313566D+19   -1.0792422417110D+19
    -9.8478863084347D+18   -8.9705575247666D+18   -8.1878954744930D+18
    -7.5006438429966D+18   -6.8900707517145D+18   -6.3366865035208D+18
    -5.7806625855110D+18   -5.0505898213033D+18   -3.7848558065208D+18
    -1.8240141298502D+18   -3.2142178093199D+17   -2.2295694324477D+15
    -2.2337285235120D+15   -2.2421739299154D+15   -2.0317179523826D+15
    -5.2209197438416D+14   -2.2956997469221D+15   -1.8519079465726D+15
    -2.3398504298694D+15   -1.1375753710776D+15    5.9075836945473D+15
    -2.4970068663351D+15    1.6328921128177D+15    4.9609548178119D+14
    -2.7698253294470D+15    2.8957902656098D+15    9.2858913801664D+14
    -3.2456560007160D+15   -3.2532691756497D+15   -3.8137737832111D+15
     1.7050835632177D+15   -1.3363406738837D+15    1.8418858824161D+16
     8.0141391416979D+15   -4.0282132013556D+15    4.7595755201308D+15
    -2.9600199306710D+15   -4.2853167755826D+15   -3.4642312044679D+15
    -1.6326537014728D+15    7.2602774832608D+14    9.0465991164587D+15
     2.2407248962478D+16    7.2412356824372D+16    1.1461115730195D+17
     2.5691349319307D+17    4.7160023188128D+17    9.9737832697637D+17
     1.9362285805395D+18    3.9718126630460D+18    8.1052999822822D+18
     1.8016124077647D+19    4.1608188209307D+19    8.2997669503509D+19
     7.0009681400353D+19    2.5415121198028D+19    3.4884304606760D+18
    -7.1725617220394D+18   -1.2157807099852D+19   -1.4260022045129D+19
    -1.4515902914358D+19   -1.3890947720257D+19   -1.2896963889044D+19
    -1.1783142457557D+19   -1.0797647151220D+19   -9.8365310920218D+18
    -8.9762875993707D+18   -8.2220908153676D+18   -7.5525565681227D+18
    -6.9469662467141D+18   -6.3389300335494D+18   -5.5390700055306D+18
    -4.1532969645253D+18   -2.0039738061854D+18   -3.5444712131386D+17
    -2.5129908395006D+15   -2.5178800770754D+15   -2.5278076122938D+15
    -2.3003249460739D+15   -5.4555865451936D+14   -2.5907256552602D+15
    -2.0643534885773D+15   -2.6428946436949D+15   -1.2547191055454D+15
     7.1326025535715D+15   -2.8331621385111D+15    2.0760219129701D+15
    -1.2016596264942D+14   -3.1508113423417D+15    3.3452150363407D+15
     1.2584417332084D+15   -3.7132789055649D+15   -3.6900927914897D+15
    -4.4030218602567D+15    5.2131707317456D+15   -1.7202914297908D+15
     1.0514824682214D+16    1.0642074030003D+16   -4.6075299158531D+15
     4.6397064212314D+15   -3.0662527999074D+15   -4.6272245272800D+15
    -3.9137204037618D+15    6.0245779410248D+14    1.0864898452675D+15
     1.0106821445398D+16    2.8793836964216D+16    7.8364074902152D+16
     1.5485352395261D+17    3.0528383233275D+17    5.7924104739887D+17
     1.1749677449339D+18    2.2936527666899D+18    4.6009732940141D+18
     9.5961537701137D+18    2.0856533166987D+19    4.9547244171991D+19
     9.2687009356683D+19    7.3252083753637D+19    2.7028743791452D+19
     3.4385530666213D+18   -7.9453801252632D+18   -1.3332388447189D+19
    -1.5550163300450D+19   -1.5830361844232D+19   -1.5122717601823D+19
    -1.4062546656441D+19   -1.2898783776206D+19   -1.1772241917008D+19
    -1.0728208441770D+19   -9.7958829411321D+18   -8.9710076006841D+18
    -8.2401447372496D+18   -7.5805474721811D+18   -6.9168995694598D+18
    -6.0424844102052D+18   -4.5290617860051D+18   -2.1866123049204D+18
    -3.8848582240917D+17   -2.8333033705826D+15   -2.8390533505541D+15
    -2.5454193976404D+15   -2.6049142612050D+15   -5.5829935675361D+14
    -2.9217253607161D+15   -2.2959639787706D+15   -2.9889974062038D+15
    -1.3745315500554D+15    8.6941283669515D+15   -3.2113092007490D+15
     2.6726000939037D+15   -3.4301962517025D+15   -3.5837909122382D+15
     3.9872968845979D+15    1.8790482279724D+15   -4.2475086506999D+15
    -4.2124691295759D+15   -5.0793296069130D+15    2.3909183836634D+16
     2.7031848066429D+16    1.1647227321534D+16    2.4117296416406D+16
    -5.0904625386771D+15    4.3694431030536D+15   -3.4966134374509D+15
    -4.5126135160232D+15   -4.1739176551572D+15    2.9156046384564D+16
     2.0296478949547D+15    1.0717977767545D+16    3.4507676442737D+16
     9.7062834755400D+16    1.9927539050980D+17    3.7837400694870D+17
     6.9672115157869D+17    1.3815976740908D+18    2.7462427034834D+18
     5.7442869341109D+18    1.1732046322637D+19    2.5890223152886D+19
     5.8436706880156D+19    1.0180485058534D+20    7.3882919144302D+19
     2.6027272099892D+19    2.6188969665768D+18   -8.9926474226967D+18
    -1.4552718654582D+19   -1.6860977806074D+19   -1.7120793736466D+19
    -1.6351303771135D+19   -1.5201836604914D+19   -1.3946862892665D+19
    -1.2739548310906D+19   -1.1620688691987D+19   -1.0617532316204D+19
    -9.7248699079338D+18   -8.9364575928361D+18   -8.2235925897510D+18
    -7.5002726930385D+18   -6.5486459187157D+18   -4.9035236619421D+18
    -2.3647036201168D+18   -4.2222819597620D+17   -3.1958389030404D+15
    -3.2025796034718D+15   -2.7568385014715D+15   -2.9501012314582D+15
    -5.5133715288592D+14   -3.2996639263474D+15   -2.5458811699766D+15
    -3.3903960455904D+15   -1.4452081900986D+15    1.0655584865776D+16
    -3.6395836206597D+15    3.4802377925932D+15   -3.8966718784102D+15
     3.0333846528685D+16    4.7501840100189D+15    3.3286696910701D+15
    -4.8591723852901D+15   -4.6307149942735D+15   -4.4291643782749D+15
     5.5756492645951D+16   -2.8468368323321D+15    3.2456762203417D+15
     2.5402187750437D+16   -5.6347316861585D+15    4.1129525833341D+15
    -5.7064554892520D+15   -2.6850032890982D+15   -4.6300616710011D+15
     2.0283694136861D+16    3.2719320356799D+15    1.3597407267008D+16
     4.5330145143314D+16    1.4298598793692D+17    2.3022452676623D+17
     4.3206652100205D+17    8.6796441815167D+17    1.7492884437075D+18
     3.4731849607255D+18    6.9517613112455D+18    1.4713682675198D+19
     3.2835062604811D+19    7.2565394305246D+19    1.0983233629794D+20
     6.9492921128101D+19    2.2788308589937D+19    9.7591085551477D+17
    -1.0314387504419D+19   -1.5819287982452D+19   -1.8120958284231D+19
    -1.8318985958762D+19   -1.7503526671190D+19   -1.6279264269924D+19
    -1.4952868305062D+19   -1.3664528179954D+19   -1.2471073111424D+19
    -1.1401834860268D+19   -1.0451622654725D+19   -9.6115369561984D+18
    -8.8457387843457D+18   -8.0664957068110D+18   -7.0376244194578D+18
    -5.2550482705881D+18   -2.5272361111742D+18   -4.5367826883073D+17
    -3.6062115224215D+15   -3.5801526523111D+15   -3.1665915763281D+15
    -3.3509610327798D+15   -5.0497812872241D+14   -3.7278340081326D+15
    -2.8120690117922D+15   -3.8397797978002D+15   -1.4689140790006D+15
     6.9213537504928D+15   -4.1260610028037D+15    4.5800944019939D+15
    -4.4276778093834D+15    2.5756443130483D+14    5.2194867168730D+15
     6.8239900871307D+15   -5.5593368759573D+15   -5.2034398624371D+15
    -1.8710553869336D+15   -5.3155238781725D+15   -3.0995270463998D+15
     3.1759617373262D+15    3.2657038196649D+16   -1.5654278050434D+15
    -1.1373567078919D+15   -6.3728415886872D+15   -2.7326658580358D+15
    -5.1967740978346D+15   -4.3794369435256D+14    1.8174429542361D+16
     2.3156809014337D+16    5.5265910684428D+16    1.3846494705613D+17
     2.7003914432653D+17    5.7598097985048D+17    1.0637752296970D+18
     2.1706423126112D+18    4.4073757853336D+18    8.8681046876424D+18
     1.8947321790416D+19    4.2166215668070D+19    8.9008835185589D+19
     1.1059220463223D+20    6.0329370351522D+19    1.8519656857549D+19
    -1.3927239683508D+18   -1.1794183189541D+19   -1.7131809616396D+19
    -1.9285467088971D+19   -1.9377924450175D+19   -1.8497132214099D+19
    -1.7222968855071D+19   -1.5833427543085D+19   -1.4487833156835D+19
    -1.3241715068627D+19   -1.2115777561183D+19   -1.1118301208128D+19
    -1.0232623172489D+19   -9.4198550820257D+18   -8.5897273356937D+18
    -7.4796165476073D+18   -5.5602785082909D+18   -2.6603413798232D+18
    -4.8048058209270D+17   -4.0710421769514D+15    1.5487481927538D+16
     1.4121891681568D+15   -1.6910924159251D+15   -1.7366025724300D+14
    -4.2132936981037D+15   -3.0906315854323D+15   -4.3444011716755D+15
    -1.5584025975619D+15   -7.5150507662817D+14   -4.6792399706307D+15
     6.0878563707546D+15   -5.0326525745874D+15   -83927303826952.
    -58678661125094.    7.8025244930838D+15   -6.3399663833366D+15
    -5.8510762500890D+15   -1.5040377593094D+15   -6.8788720921067D+15
    -4.1058017029432D+15    2.2329633584441D+14    2.7564080917934D+16
    -5.4324649288602D+15   -6.7122584811633D+15   -5.0051931342925D+15
    -2.3619681985201D+15   -5.6193449188303D+15   -2.1426436955941D+15
     2.4387283696511D+16    3.9475708136813D+16    7.4790276376822D+16
     1.7221262967753D+17    3.1546045797054D+17    6.9022212954999D+17
     1.3967428526633D+18    2.8013609829156D+18    5.7799392512611D+18
     1.1776015649818D+19    2.4869571840084D+19    5.5073487867276D+19
     1.0476363829876D+20    1.0548511675004D+20    4.7198010681111D+19
     1.3281119061039D+19   -4.2181163283725D+18   -1.3747245147093D+19
    -1.8452495423314D+19   -2.0320598262571D+19   -2.0267649771412D+19
    -1.9284084786404D+19   -1.7958707589254D+19   -1.6541591882486D+19
    -1.5156686875603D+19   -1.3877228768535D+19   -1.2718819097554D+19
    -1.1686229546780D+19   -1.0760866813560D+19   -9.9133819350306D+18
    -9.0373113233531D+18   -7.8425197794312D+18   -5.7919571740059D+18
    -2.7495074997255D+18   -4.9997143935515D+17   -4.5981216109343D+15
     2.0327018894352D+15    1.3206698376894D+16   -4.5812431596196D+15
     89016876737019.   -4.7643109735926D+15   -3.3392866245417D+15
    -4.9176497835137D+15   -1.6192722445861D+15   -7.4824021483376D+14
     2.5772754077100D+15    1.8406432797967D+14   -5.7207765823887D+15
    -4.1463238456355D+14   -2.8954163334780D+15    9.1188266122949D+15
    -7.0084980561409D+15   -6.8784259827595D+15   -2.0788551443689D+15
    -8.3160020674853D+15   -5.0303920133605D+15   -2.1550394790188D+15
     2.7368088194825D+16   -4.4565655360398D+15   -7.8337764919402D+15
     6.2110499636882D+15   -1.8964610707107D+15   -2.0683045160292D+15
     8.4182463218782D+15    1.1704271242789D+16    9.6646262888053D+16
     8.1924658000534D+16    2.0529848155849D+17    4.0621814830114D+17
     8.5297364694199D+17    1.8156805107028D+18    3.5973486732625D+18
     7.3564965806230D+18    1.5761231275461D+19    3.3917522434589D+19
     7.2851129904051D+19    1.1632834210261D+20    8.7997486283112D+19
     3.5803489325180D+19    7.5395777182271D+18   -7.5988183861857D+18
    -1.5683758691659D+19   -1.9748092917920D+19   -2.1137729719556D+19
    -2.0893434654937D+19   -1.9841231937636D+19   -1.8467150091751D+19
    -1.7038006460899D+19   -1.5640356553058D+19   -1.4343367292029D+19
    -1.3158546939669D+19   -1.2116254717448D+19   -1.1169893832666D+19
    -1.0292379256936D+19   -9.3672198117700D+18   -8.0959429963365D+18
    -5.9231590622796D+18   -2.7821778058197D+18   -5.0952926128582D+17
    -5.1964664454206D+15    2.1361456736169D+15    1.2792123494166D+16
     1.4085969593780D+16    4.0891269112775D+14    1.4474310815697D+16
     2.4806429485024D+16   -2.3636043278682D+15   -1.6506195708405D+15
    -7.2330485501486D+14    8.7936700340808D+15   -4.0271901696866D+15
    -6.4844223155856D+15   -6.6472560395815D+14    3.2521514376260D+15
     1.1229576311691D+16   -7.1332531390548D+15   -9.0152070244891D+15
    -1.2708159102691D+15   -9.2272063140335D+15   -5.9833091202704D+15
     7.6982330689174D+14   -4.9860758669426D+14   -5.8578855131254D+15
    -8.5639013954848D+15    7.6909798292460D+15   -5.6653972815487D+15
     1.2322966339085D+16    1.3650065394500D+16    1.1150467892992D+16
     4.3437941397930D+16    1.1053679834426D+17    2.4441295908261D+17
     5.2834356721099D+17    1.1503058007282D+18    2.2942075071833D+18
     4.6899090484344D+18    9.8897507363912D+18    2.1183517068358D+19
     4.6040231940146D+19    9.3479400848015D+19    1.2019473129312D+20
     7.0275907024327D+19    2.3530709712412D+19    1.3969757380899D+18
    -1.0944239836272D+19   -1.7561567736550D+19   -2.0883494393525D+19
    -2.1725439354966D+19   -2.1248212160671D+19   -2.0110853659940D+19
    -1.8734591228012D+19   -1.7295767373619D+19   -1.5894033867580D+19
    -1.4598781593838D+19   -1.3433040431519D+19   -1.2372375917865D+19
    -1.1418481990266D+19   -1.0473565195104D+19   -9.5567753323055D+18
    -8.2078964050127D+18   -5.9299015943080D+18   -2.7472696911220D+18
    -5.0754623851471D+17   -5.8747842053402D+15    1.7252311084801D+15
     2.2600570052438D+15    4.3100757102306D+16    1.2295884863418D+16
     1.7378218343009D+16   -3.1523444242501D+15    5.6980020118980D+15
    -1.6199914987034D+15   -6.4608556934063D+14    3.0465758772287D+15
    -4.5851773561772D+15   -7.3328047807230D+15    3.8377225397215D+14
     4.7975976834068D+15    1.2717502702204D+16   -8.0523894033501D+15
    -1.0301097649235D+16    35318276155276.   -1.0168613867499D+16
    -6.5388821023334D+15    4.0858885335990D+16   -4.8552196742598D+15
    -7.3179334409348D+15   -9.4688690230803D+15    1.4193675197775D+16
    -8.1121543681026D+15    2.0731241029276D+16    1.0199997019324D+16
     2.6245997299342D+16    4.6911245656430D+16    1.4740810948632D+17
     3.0612143383133D+17    7.0687703893418D+17    1.4950658248113D+18
     2.9378077364362D+18    6.4357012783340D+18    1.3769860992498D+19
     2.9650200826468D+19    6.3259847264061D+19    1.1560660526723D+20
     1.0654965784028D+20    4.7948225206175D+19    1.3251716267646D+19
    -4.2985437988203D+18   -1.4206782274657D+19   -1.9409967412887D+19
    -2.1812203297835D+19   -2.2122264719205D+19   -2.1394936117472D+19
    -2.0166680379380D+19   -1.8749152111857D+19   -1.7309828801062D+19
    -1.5925862519485D+19   -1.4653460141970D+19   -1.3446719412289D+19
    -1.2447333174021D+19   -1.1495358404488D+19   -1.0585878837834D+19
    -9.5893217508144D+18   -8.1672233959080D+18   -5.8059613280478D+18
    -2.6441500197085D+18   -4.9335227099275D+17   -6.6465139620960D+15
     1.5760305895074D+15    5.3359466950615D+15   -6.5801332964785D+15
     2.9850950931477D+15   -6.8891109923508D+15    6.8682321717130D+15
    -2.6403545969726D+15   -4.1168889767278D+15    2.1476563276593D+15
    -7.7626004303796D+15   -5.2113454785857D+15   -8.3696491835372D+15
     1.7366046457083D+15    1.7972059845522D+16    1.8815183610645D+16
    -7.1932267691367D+15   -9.4216938849257D+15   -3.1311315469523D+15
     2.5348910695494D+16   -2.3936835720328D+15    2.5609778089089D+16
    -5.7621886652464D+15   -9.8833041774665D+15   -9.1861224405004D+15
     8.8938509505050D+15   -8.5651641690998D+15    2.4595438959690D+16
     5.6424543394946D+14    3.1538128945511D+16    6.5847122756919D+16
     1.6459576516324D+17    3.8853328955867D+17    8.6397316015034D+17
     1.9304172788139D+18    3.9580652350695D+18    8.4424857195322D+18
     1.8504253094933D+19    4.0115666281889D+19    8.4470877682392D+19
     1.2382287991631D+20    8.2250089743940D+19    3.1294752337212D+19
     4.8122561486232D+18   -9.4307272004750D+18   -1.7070794773347D+19
    -2.1093577754923D+19   -2.2488700648920D+19   -2.2287385464293D+19
    -2.1313956126937D+19   -1.9988109073102D+19   -1.8542718353478D+19
    -1.7111022053884D+19   -1.5759267700047D+19   -1.4511199146832D+19
    -1.3375114554562D+19   -1.2348668180870D+19   -1.1404788987244D+19
    -1.0493177106780D+19   -9.4602618827302D+18   -7.9685934413804D+18
    -5.5545814914375D+18   -2.4792858161741D+18   -4.6797084479449D+17
    -7.5245136666334D+15    1.4223932351712D+15    5.5470932886960D+15
    -7.4820497839476D+15    7.7971228192248D+15   -7.8028560909803D+15
     9.3241547346865D+15   -3.7082630629318D+15   -8.1684052213838D+15
     6.8063465188461D+15   -8.8123586208673D+15   -5.9082207931317D+15
    -8.1033184743635D+15    2.1710168450604D+15    1.9954190156581D+16
     1.6236278086543D+16    1.8820745863119D+16    1.9183194984848D+15
    -5.8684936232310D+14    2.4313188210236D+16    1.4238343177484D+16
    -3.7629895180662D+15    1.9097577229217D+16   -1.1036325893484D+16
    -1.0356111377380D+16    1.7411775332101D+16    7.0324265128561D+15
     1.4612358111358D+16    1.4061151699817D+16    5.0956455685633D+16
     7.7944978160671D+16    1.9194538741964D+17    4.8136062593073D+17
     1.0894236247969D+18    2.4098313516953D+18    5.3704055614392D+18
     1.1560844249335D+19    2.5479406589736D+19    5.6317495601073D+19
     1.0733453443484D+20    1.1436331417543D+20    5.7086963914502D+19
     1.6797100265234D+19   -2.9971353120882D+18   -1.3793002703297D+19
    -1.9655442517125D+19   -2.2391398874910D+19   -2.2934894625297D+19
    -2.2272052449256D+19   -2.1075983145859D+19   -1.9638726407123D+19
    -1.8176702562319D+19   -1.6752889667229D+19   -1.5426669984229D+19
    -1.4208679516010D+19   -1.3101159192578D+19   -1.2099039921166D+19
    -1.1172312425547D+19   -1.0256090586588D+19   -9.1872032039038D+18
    -7.6335786793847D+18   -5.1979908941488D+18   -2.2695700126783D+18
    -4.3390497894251D+17   -8.5151836948163D+15    2.6452789426016D+14
     9.0117245134743D+15   -8.5057382265901D+15    8.9592503628913D+15
    -8.8467073797932D+15   -3.4988642248292D+15   -4.8457464303120D+15
    -9.2821222345175D+15    8.8873269838527D+15   -9.9975497219912D+15
    -6.6740792296440D+15   -2.5881950438249D+14   -3.7241472138380D+15
    -5.7710260134508D+15    7.0603566836162D+15   -1.1082983751634D+16
     1.4471135130883D+15    2.9069928266047D+15    5.8932842888524D+16
    -2.2486576399425D+14   -5.6110720960547D+15   -8.7690571983747D+14
    -1.0328510226397D+16   -1.2138022484582D+16   -6.8216104062023D+15
     2.5567363886429D+16    9.1576978687818D+15    2.4455143237339D+16
     4.6242260586892D+16    1.0173642758737D+17    2.2798049712389D+17
     5.9310383304550D+17    1.4103086684252D+18    3.0609486832817D+18
     6.9443607394198D+18    1.5348217141169D+19    3.4959392493967D+19
     7.5814375420572D+19    1.2356192005554D+20    9.3381012592749D+19
     3.6282748797205D+19    6.3725619448137D+18   -9.2393250389784D+18
    -1.7520596661670D+19   -2.1860964151516D+19   -2.3315872204437D+19
    -2.3055921918629D+19   -2.2104839576412D+19   -2.0720457516463D+19
    -1.9210443380843D+19   -1.7713996887430D+19   -1.6302519818475D+19
    -1.4997798330048D+19   -1.3794767336230D+19   -1.2717075531669D+19
    -1.1747515616793D+19   -1.0835210220446D+19   -9.9142388559563D+18
    -8.8121292541134D+18   -7.1997224281604D+18   -4.7782908768939D+18
    -2.0369914817370D+18   -3.9502248579581D+17   -9.5620082654290D+15
    -6.2591592999435D+15    1.6487933584493D+16   -9.4106548098468D+15
     2.0377596292430D+16   -1.0025670925346D+16   -5.7437394761824D+15
    -3.1794970693037D+15   -1.0536848352629D+16    3.9786226016089D+15
    -1.1331952975093D+16   -7.5170953405711D+15    4.3321477817545D+15
    -4.8726241072587D+15   -6.8163077955395D+15    1.3523487818389D+15
    -1.2060161206519D+16   -8.8623305292906D+15    4.6064235159406D+15
     4.2777501674103D+16    2.8130879736573D+15   -5.0373860536974D+15
     1.2298827923716D+16   -1.3819412958270D+16   -1.3774051441756D+16
    -1.2316001243687D+16    1.0762810031958D+16   -1.8363625566934D+15
     9.7262298236612D+15    5.0657948044230D+16    1.4649479763226D+17
     3.2106484937613D+17    7.1755630342804D+17    1.7443629105446D+18
     4.0854592186749D+18    8.9557062323749D+18    2.0316336464071D+19
     4.6321017403949D+19    9.5137101434352D+19    1.2343775456553D+20
     6.8627850563449D+19    1.9458214889424D+19   -2.4312938956277D+18
    -1.4350407783668D+19   -2.0564051136549D+19   -2.3460842374551D+19
    -2.3921501013418D+19   -2.3146986156805D+19   -2.1845927672169D+19
    -2.0303354827704D+19   -1.8723773755686D+19   -1.7224053442875D+19
    -1.5820904939308D+19   -1.4534143849619D+19   -1.3368563361154D+19
    -1.2317301468211D+19   -1.1357088175870D+19   -1.0451845795926D+19
    -9.5175898156245D+18   -8.3747639216624D+18   -6.7156431768240D+18
    -4.3391063503202D+18   -1.8050841938989D+18   -3.5547591013460D+17
    -1.0782919102160D+16   -7.3338025038028D+15    3.1501502891577D+16
    -9.4867732120498D+15    1.4283538504145D+16   -1.1332052048685D+16
    -1.1573579628027D+16    2.6590886941221D+15   -1.1804132215735D+16
     1.1321627127547D+15   -1.2852520685989D+16   -8.4133717451973D+15
     1.2803643334656D+16   -1.8154152524726D+15   -1.8908677530744D+15
    -4.3101704207167D+15   -1.2947430776954D+16   -1.1313616094482D+16
    -9.6141728058172D+15   -2.5019542407317D+14   -5.4531046515942D+15
    -8.2058164513846D+15    1.4789004372904D+16   -1.5261409338245D+16
    -1.4604435092909D+16   -1.3229020118729D+16   -4.0169114711570D+15
    -1.1114525585937D+15    2.1774530555791D+16    6.7321090910440D+16
     2.0432325164224D+17    3.8012135639779D+17    9.2252888884715D+17
     2.1711050601378D+18    5.0153820962381D+18    1.1549021645471D+19
     2.6409442317397D+19    6.0071818153666D+19    1.1578969363461D+20
     1.1072762997230D+20    4.4362862784242D+19    8.3131113362508D+18
    -8.9868926103006D+18   -1.8343641138264D+19   -2.3091512390572D+19
    -2.4650160580050D+19   -2.4376946853333D+19   -2.3177726576084D+19
    -2.1610347241217D+19   -1.9940041379022D+19   -1.8316780776682D+19
    -1.6784009356268D+19   -1.5382215269840D+19   -1.4113005446664D+19
    -1.2964981205594D+19   -1.1927555913067D+19   -1.0983049120676D+19
    -1.0078896862369D+19   -9.1272651692394D+18   -7.9393643152338D+18
    -6.2423769395064D+18   -3.9220132665495D+18   -1.5946668353269D+18
    -3.2075278729103D+17   -1.1997820919411D+16   -8.8046631942262D+15
     2.1787898369592D+15   -8.3001900160110D+15   -3.0263149012954D+15
    -5.9809816432439D+15   -3.2695604405732D+15    3.2899020195829D+15
    -1.0619211012948D+16   -2.9488512422361D+15   -1.4478601536434D+16
    -9.3236855376099D+15    5.4954323139055D+15    5.1625621473353D+15
    -3.0977659318442D+15   -1.4958868462508D+16    1.3574094091820D+16
    -1.3860301166528D+16   -1.1708937901983D+16    1.4455155415520D+16
    -2.9908569936819D+15   -8.4583361823074D+15    2.1651979362791D+16
    -1.6780585589094D+16   -1.6486728252663D+16   -1.1837978006499D+16
    -1.8248562874165D+15    1.2760905609153D+16    3.1063089485006D+16
     1.0136003174279D+17    1.8764093069466D+17    4.5354478827463D+17
     1.1080451469908D+18    2.7311468194341D+18    6.2652333736792D+18
     1.4273514727696D+19    3.3498878424798D+19    7.5823754847811D+19
     1.2682411686440D+20    8.7428166042906D+19    2.7780317295450D+19
    -2.3974701544894D+16   -1.4428520591300D+19   -2.1775791790648D+19
    -2.5098187218292D+19   -2.5665572603107D+19   -2.4778907253070D+19
    -2.3234691099553D+19   -2.1491469326850D+19   -1.9712551180195D+19
    -1.8039245690015D+19   -1.6489544445434D+19   -1.5081628847902D+19
    -1.3810554795521D+19   -1.2669318631683D+19   -1.1638653395882D+19
    -1.0692737214284D+19   -9.7811548844154D+18   -8.8027072199487D+18
    -7.5684931164490D+18   -5.8326769191483D+18   -3.5679549838326D+18
    -1.4214546444771D+18   -2.9307236236856D+17   -1.3269576507067D+16
    -1.0028154892960D+16    2.1890901362911D+15   -1.0851536907972D+16
    -4.3951346679232D+15   -1.4377835617868D+16    1.9563004271573D+16
     2.6069135992954D+15   -3.2853028048898D+15   -1.5666397541193D+16
    -1.6235937970288D+16   -7.5039089768213D+15   -1.7348441625956D+16
     1.5191690814433D+16   -4.8792271781541D+15   -1.2741059537335D+16
     3.1070685126753D+16   -1.2301490748280D+16   -1.1539156626336D+16
     2.8776482883835D+16    1.3592857079468D+16    2.3064692339657D+15
     6.1719011339738D+15   -1.8491407915108D+16   -1.8292479717382D+16
    -1.3129373404537D+16    1.9116139700883D+16    2.8618319688615D+16
     1.9977829477572D+16    9.5981061231068D+16    2.3197833873847D+17
     5.4416800853550D+17    1.3848019253447D+18    3.2696162006350D+18
     7.6214050232606D+18    1.7574569036436D+19    4.1299022753580D+19
     9.1494114625095D+19    1.2694328603786D+20    6.5941898973885D+19
     1.4868008197605D+19   -7.0108500638154D+18   -1.8739244147756D+19
    -2.4761018166032D+19   -2.6856093467357D+19   -2.6648354911247D+19
    -2.5329075947790D+19   -2.3538985406203D+19   -2.1622487605607D+19
    -1.9756167217576D+19   -1.8015071863576D+19   -1.6429540697521D+19
    -1.4999997239274D+19   -1.3714577030148D+19   -1.2564715638574D+19
    -1.1526430468885D+19   -1.0568470427080D+19   -9.6342576592399D+18
    -8.6150677692975D+18   -7.3219410476149D+18   -5.5380453019389D+18
    -3.3100868348976D+18   -1.2977033712024D+18   -2.7335357401591D+17
    -1.5174361686307D+16   -1.0401874630846D+16   -1.1506520711451D+16
    -7.0152884560857D+15   -5.4667592475692D+15   -1.6064638789173D+16
    -9.1373298320431D+15    2.6751878911776D+16    5.2486556930883D+16
    -1.7467690517768D+16   -1.8097508278644D+16   -5.4388072336119D+15
    -1.9316736309932D+16    1.1895297118011D+16    5.9631791392120D+16
    -4.5606934156580D+15    2.7278263921805D+15    1.4968191455992D+16
     7.1829507125045D+14    3.2440340164585D+16    2.7210787122044D+16
     3.7344539156319D+16    8.4556799848697D+15    2.4807526480252D+15
     8.8479249194704D+15   -7.5385660001561D+15    2.6577577105347D+16
     2.8432022280470D+16    1.7955384977282D+16    1.1104053453384D+17
     2.5160190298681D+17    6.3781100011150D+17    1.5091008771078D+18
     3.6880921754754D+18    8.6098422991395D+18    2.0951726319373D+19
     4.9685897963829D+19    1.0559630632246D+20    1.2076368955408D+20
     4.8401611359325D+19    6.6569061903397D+18   -1.2357302646241D+19
    -2.2428721734327D+19   -2.7444209050133D+19   -2.8732995103517D+19
    -2.7944797968050D+19   -2.6300083304412D+19   -2.4267067449798D+19
    -2.2147920584621D+19   -2.0217996765517D+19   -1.8392490980505D+19
    -1.6739803786470D+19   -1.5257017320025D+19   -1.3933674870008D+19
    -1.2748285395938D+19   -1.1678275974570D+19   -1.0687236922138D+19
    -9.7143998844465D+18   -8.6406587516810D+18   -7.2731915156044D+18
    -5.4196799317223D+18   -3.1817204643065D+18   -1.2334001636174D+18
    -2.6410993658289D+17   -1.7120052014639D+16   -2.1415819181827D+15
    -1.7296605529795D+16   -1.7268701133805D+16   -1.6144221864667D+15
    -1.7854067409180D+16   -1.8147282783124D+16   -9.0418528137294D+15
     3.4495378534588D+16   -1.8718605067087D+16   -2.0017538853973D+16
    -1.4926475634581D+16   -2.1351400060439D+16   -1.0842970877407D+16
     1.0045585207132D+17    6.1694520039280D+16    5.5888374679669D+15
     1.2934790802501D+16    5.4846721510286D+16    4.0014615137906D+16
    -8.4836359700187D+15    2.4506698680112D+15    2.7445504062432D+16
    -1.9346691681032D+16   -2.2237581009054D+16   -1.4042773213900D+16
     4.5617057529705D+16    1.1530211491845D+16    2.2921896800203D+16
     1.2715077615004D+17    3.3530708816840D+17    8.4397264712584D+17
     1.9270376859805D+18    4.4608651867374D+18    1.0852086935815D+19
     2.6748588869041D+19    6.2993700011657D+19    1.2770595126103D+20
     1.2032610818712D+20    3.5873366742497D+19   -4.3241397696980D+17
    -1.7157634757684D+19   -2.6318120554737D+19   -3.0532547468998D+19
    -3.1203055647919D+19   -3.0024093335478D+19   -2.8028352532695D+19
    -2.5760434621860D+19   -2.3484902511769D+19   -2.1342413290188D+19
    -1.9380594855454D+19   -1.7617225232322D+19   -1.6037961024427D+19
    -1.4632101805737D+19   -1.3374989868338D+19   -1.2239576904820D+19
    -1.1186892768965D+19   -1.0148020499451D+19   -8.9942483713983D+18
    -7.5258981357321D+18   -5.5583885022333D+18   -3.2302506169817D+18
    -1.2443245526630D+18   -2.6894542218282D+17
    -1.9657617613966D-07   -1.3948140346770D-11   -1.3632956564518D-11
    -1.3151890447248D-11   -3.0669275847859D-08   -1.2203064889374D-08
    -4.1563202694725D-07   -9.3487576102396D-12   -7.8458608359862D-12
    -1.7733452873113D-07   -1.6363797526585D-08   -2.8358519092873D-07
    -6.1392220435363D-07   -2.6130244690807D-08   -3.6593772948016D-07
    -1.4263934204631D-07    1.6525021064376D-11   -1.9068538540814D-08
    -9.0415963197958D-07   -3.6069541709773D-07    1.8638725267209D-09
     1.6331302365734D-06   -7.1854851613664D-08   -3.2628054999201D-09
    -1.3280059462872D-08   -1.2481533352048D-09   -1.8605089078685D-09
    -3.0004158966661D-08   -3.2493138223738D-08   -1.2712756835127D-07
    -9.7889157264156D-07   -1.2615197812714D-07   -2.4124586967062D-06
    -1.0383044448515D-07    3.5564831732577D-07   -1.6029193063274D-05
    -1.0474354484214D-05   -2.1857709592278D-05   -6.2157935370422D-05
    -1.3686295280782D-04   -2.0603819048651D-04   -8.6252627148448D-04
    -3.0895192071617D-03   -6.6604323066410D-03   -8.7128982548127D-03
    -1.0031818683360D-02   -9.9986438533727D-03   -9.2465813703263D-03
    -9.6250260818661D-03   -8.4335114769211D-03   -7.7677270146415D-03
    -6.8192140515191D-03   -6.2292516159003D-03   -5.3781322824821D-03
    -4.1216464446339D-03   -3.9065341557684D-03   -2.8982822018445D-03
    -2.4110809586523D-03   -2.1701092526228D-03   -1.9502348908640D-03
    -1.3869275174134D-03   -1.2612835954839D-03   -6.7987189754443D-04
    -3.4982407834473D-04   -1.9682343718312D-07   -1.3761079043736D-11
    -1.3453830852240D-11   -1.2984601770946D-11   -3.1131407486541D-08
    -1.3483502898356D-08   -1.0501805735757D-11   -9.2661275390007D-12
    -7.7924804301069D-12   -1.8376163264106D-07   -2.1982811898045D-08
    -3.0733295983344D-07   -6.1416466093110D-07   -2.0527007039934D-06
    -3.6581666751723D-07   -1.0746436632053D-06    1.6649403145049D-11
    -1.9825093641073D-08   -8.9706869955963D-07   -3.8305939167315D-07
    -4.5178346552945D-09   -2.1191203090201D-07   -4.5727270515570D-08
    -9.8535977300669D-08   -1.1997977587946D-08    1.9867765936037D-08
    -3.6034162737742D-08   -2.5559229633157D-09   -7.4430655031216D-08
     1.5539960704032D-07   -2.3955215181763D-07    5.8190558052038D-09
    -1.2142390986331D-06   -1.1584863950716D-06   -5.4670718967211D-06
    -6.5210025655121D-06   -1.8973744804314D-05   -6.5148693643088D-06
    -1.9899960564198D-05   -5.8387276465930D-05   -1.1969126229597D-04
    -1.4437757714752D-04   -1.6003968894826D-03   -4.4116026818627D-03
    -6.3895340071069D-03   -7.7477630079369D-03   -8.2795509984491D-03
    -8.2840424943075D-03   -7.0585550351663D-03   -7.1627284875744D-03
    -6.6741960604437D-03   -5.4221796536398D-03   -4.7741432943255D-03
    -3.7106113104093D-03   -3.8290700526522D-03   -3.0848261031660D-03
    -2.6428278381318D-03   -2.1060159073466D-03   -1.4820423465697D-03
    -1.4498803264726D-03   -1.2967411376874D-03   -7.2933717522428D-04
    -5.5937259967033D-04   -2.3410758654209D-04   -1.9632354147457D-07
    -1.3606530349807D-11   -1.3309183286966D-11   -1.2854805312524D-11
     3.6143169476181D-07   -1.4754327497996D-08   -1.0447164206120D-11
    -9.2470108420417D-12   -7.8140163082569D-12   -1.8834191859782D-07
    -2.8930169509037D-08   -3.3223518626313D-07   -6.1362845587897D-07
     1.6673424700125D-08    3.2081016610014D-06   -1.7518762239540D-07
     1.6640111292134D-11   -2.0513624065171D-08   -8.8802457073091D-07
    -4.0479918613783D-07   -5.1652020650458D-09   -9.5998710369284D-06
    -7.4359868111127D-08    5.2407904227155D-09   -4.1049350716882D-08
    -1.6969303516297D-08   -2.1032507340862D-08   -1.2791835519432D-07
    -6.0006806930484D-08   -1.6794177342076D-07   -2.2539152784766D-06
     5.5585052523382D-06   -9.1326451309133D-07   -2.3394971869988D-06
    -4.6242023766014D-06   -3.6510507583878D-06   -1.5326255809516D-05
    -1.9301317311411D-05   -3.5708040271806D-05   -5.3850321871551D-05
     6.6580461964582D-05    2.5712926324819D-05   -1.2219414678935D-03
    -3.2439662394885D-03   -5.1488798316484D-03   -6.3479326097394D-03
    -6.7953369366993D-03   -7.1227706894613D-03   -7.1078824995141D-03
    -5.9073900525944D-03   -5.3860497688457D-03   -4.4644173127026D-03
    -4.3339803064426D-03   -3.6572871753170D-03   -2.7619358267413D-03
    -2.4963394442051D-03   -2.4811479939170D-03   -1.7164895291255D-03
    -1.7001737755683D-03   -9.6185690143566D-04   -8.0102658582966D-04
    -5.2311527209814D-04   -4.3021747951575D-04   -1.0097664847411D-04
    -1.9479855878802D-07   -1.3449324074213D-11   -1.3164051103191D-11
    -1.2727820437017D-11   -1.1562395657406D-06   -1.5968890062690D-08
    -1.0412761177444D-11   -9.2569089944085D-12   -7.8751261928042D-12
    -1.9170083110937D-07   -3.7258122910554D-08   -3.4872642963998D-06
    -6.0831249665907D-07   -1.2493199502106D-09   -4.3173335527574D-07
    -1.8154626250465D-07    1.6485734365293D-11   -2.1081632866551D-08
    -8.7528777264112D-07   -4.0823912238578D-07   -5.7077674889703D-09
    -1.5485480434677D-05   -3.2215039635563D-07   -1.9513319204141D-07
    -2.7126257368054D-08    2.6897255464873D-08    5.6959505562495D-07
    -3.8145678052725D-08   -1.9265227807649D-07   -7.1322684119117D-08
    -1.0436009053414D-06   -2.0870515955787D-06   -1.1585237151821D-06
    -3.4779491871368D-06   -4.2366679576801D-06   -7.4413615434654D-06
    -9.5003107397073D-06   -1.4009414626730D-05    1.5358024480919D-05
    -2.7509276134251D-05    2.3752004137782D-05    3.3540234641918D-05
    -3.5509831157012D-04   -2.3841459891028D-03   -4.1630055146223D-03
    -5.2627145256476D-03   -5.9494860618500D-03   -6.2669072767612D-03
    -5.2182531474040D-03   -5.2499102125246D-03   -4.9790962570734D-03
    -4.6765455317456D-03   -3.8585785017521D-03   -3.1843282057620D-03
    -2.9650868630178D-03   -1.5241659148574D-03   -1.1593263496871D-03
    -1.6789155056579D-03   -1.0261446412444D-03   -1.1922949184813D-03
    -6.3146227598109D-04   -6.3572442268145D-04   -3.3420994674060D-04
    -1.7880393922325D-04    3.0345998903883D-06   -1.4356589627742D-07
    -1.3004093323534D-11   -1.2588388456116D-11   -1.1808329462864D-07
    -1.7089014638196D-08   -1.0378188136172D-11   -9.2725657741513D-12
    -2.4677710264508D-06   -1.9369147068092D-07   -4.6955662249921D-08
    -3.5817582500617D-07   -5.9963613621183D-07   -2.9838742524799D-08
    -4.2926163152932D-07   -1.8663460269198D-07    1.6198205835627D-11
    -2.1511889804152D-08   -8.5881575718702D-07   -4.4297627351459D-07
    -3.6829316871025D-08   -2.2696698135628D-06    1.2815311938555D-08
     6.5666442851751D-08   -8.0385718944629D-08    6.5625922378366D-08
     2.6509157553708D-07   -4.4000190380574D-08   -8.8912885752554D-08
    -2.5044426399808D-07   -9.4148778736134D-07   -1.1285423808166D-06
    -7.2835269009012D-07   -1.3657162763565D-06   -8.2843906588387D-06
    -5.9439739326120D-06   -1.0162764341108D-05   -1.2874503976775D-05
     1.4559224359180D-05   -1.7931227311380D-06    1.4458724801478D-04
     2.5205655576494D-04   -8.7559520031529D-05   -1.7254614817757D-03
    -3.4518320947713D-03   -4.1059172670192D-03   -5.1193758407813D-03
    -5.3610624303036D-03   -4.2876100380462D-03   -4.6471127245383D-03
    -3.5648791296940D-03   -4.2984854974357D-03   -3.4825383427077D-03
    -2.8826687042500D-03   -2.7320090983842D-03   -2.2801054257587D-03
    -1.8681359683670D-03   -1.4092574896823D-03   -7.7760919041178D-04
    -1.0539306868349D-03   -4.6754515089441D-04   -4.4871544427565D-04
    -1.8423549755042D-04   -1.3287761703504D-04   -1.3206251296222D-11
    -3.0204435428782D-07   -1.2822661208217D-11   -1.2428838923120D-11
    -1.2080360496309D-07   -1.8135385625012D-08   -1.0330272188765D-11
    -9.2779084518283D-12   -1.2033338531386D-08   -1.9477610966155D-07
    -5.8092895184814D-08   -3.5129841298011D-07   -5.8914093125375D-07
    -3.0336630403943D-08   -4.5579651102064D-07   -1.8679963713471D-07
     1.5823240044918D-11   -2.1841515083645D-08   -8.4052686030625D-07
    -4.5963655056265D-07    1.6852235437960D-07   -3.0031656016854D-08
    -2.2076513016976D-07    3.8250086463710D-08   -1.2782423242714D-08
    -9.4488681163183D-07   -5.0862632178927D-08   -4.1215998626154D-08
    -1.1846417044040D-07    6.5326021354575D-08   -7.4355708509153D-07
    -1.7895329891231D-06   -2.2471265683935D-06   -4.2189451641927D-06
    -1.5060262246678D-05   -8.2055399200261D-06   -1.0722080746523D-05
    -1.2987164536590D-05    7.7152743367793D-06    5.1785172183280D-05
     1.4414285493121D-04    3.9810789390664D-04    1.0099533553275D-04
    -1.0017332612268D-03   -2.6560539198535D-03   -3.9083600209601D-03
    -3.8242802180957D-03   -3.9676576063708D-03   -3.5655972418113D-03
    -3.9569484649651D-03   -3.5442364047101D-03   -2.8011992645774D-03
    -2.7386488300536D-03   -1.9863962800413D-03   -1.2352680517119D-03
    -1.0850638447842D-03   -1.0826594201001D-03   -1.2394100179812D-03
    -7.3109616999999D-04   -8.6897951803159D-04   -3.5893930801877D-04
    -2.2653838082884D-04   -2.4419703151045D-04   -2.6055988790289D-04
    -1.2969037802476D-11   -3.9619899090485D-07   -1.2607931395348D-11
    -1.2236695516981D-11   -1.2293383639899D-07   -1.9099036052977D-08
    -1.0253150443508D-11   -9.2553946432175D-12   -2.1052599257068D-08
    -1.9501040643574D-07   -7.0636430778473D-08   -3.4353540087780D-07
    -5.7701260564192D-07   -3.0680069370939D-08   -5.2582530399011D-06
    -1.7274968000533D-07    1.5425720624100D-11   -2.2062929649856D-08
    -7.6069075219168D-07   -4.7457857039976D-07    7.2952074955631D-07
    -2.5585254411377D-07   -1.5018844230315D-06    6.2240825187012D-08
    -3.6560336719441D-08    1.4715085705763D-07   -5.6746393266262D-08
    -3.2963293016681D-08   -2.1266115017389D-08    3.9301641538019D-07
    -8.5053107145095D-07   -2.0959876896912D-06   -2.7509639566969D-06
    -3.1751557067763D-06   -7.1240327491808D-06   -1.0552012525350D-05
    -2.0991035156811D-05   -3.0813728118215D-05   -2.8728636859201D-05
     4.6028641914473D-05    1.6621162417064D-04    2.4996911716805D-04
     3.7724565439349D-04   -6.3759800607432D-04   -2.3793961293569D-03
    -3.3128315544335D-03   -4.0865235774001D-03   -3.6569171622651D-03
    -3.8709240328323D-03   -3.0272626917744D-03   -3.0609385461958D-03
    -2.2599763772922D-03   -1.2519890778650D-03   -1.7058825035872D-03
    -1.4434523210365D-03   -1.3443692354796D-03   -1.1470520306341D-03
    -8.0881083795312D-04   -4.0406018871065D-04   -4.3949255191701D-04
    -5.3343168701184D-04   -4.7460093589581D-04   -3.1873353909831D-04
    -1.6347747839556D-04   -1.2688758928357D-11   -5.0898333997206D-07
    -1.2350127140496D-11   -1.2001532060500D-11   -1.2451212527523D-07
    -1.9975041199527D-08   -1.0133320760066D-11   -9.1901410100671D-12
    -2.8759279538674D-08   -2.3956075297385D-06   -6.4683174620474D-06
     2.4770489723435D-07   -5.6348099823970D-07   -6.9322536575495D-09
    -3.0949960545047D-06   -1.7695203811695D-07    1.5087365634842D-11
    -2.2143209156742D-08    3.3714369050453D-11   -4.8666437751562D-07
     6.2635491606438D-07   -9.1502667359710D-07   -1.2181974367162D-07
    -2.2725586778141D-08   -2.2831554818986D-08    1.1473082099243D-07
    -4.9770892837120D-08   -2.3405855555331D-07   -1.9203888162321D-07
    -8.5103713473372D-07   -6.5196532466911D-08   -2.5925664103019D-06
    -1.7177346821610D-06   -5.4806253374603D-06   -9.5843857111234D-06
    -1.4429834595423D-05   -1.6628287194742D-05   -2.4123233878295D-05
    -5.3548458575211D-06    2.7213838565773D-05    8.0286439822984D-05
     3.9641723301805D-04    4.4532859113298D-04   -4.9690761376524D-04
    -1.9236778484861D-03   -2.8351408287069D-03   -3.0373357206595D-03
    -2.7571022534178D-03   -2.9364613852706D-03   -3.2587426694960D-03
    -2.7720835130466D-03   -1.6413395981833D-03   -2.3996096318432D-03
    -1.7061046401856D-03   -1.2081342952081D-03   -1.2652995827684D-03
    -7.5333024024995D-04   -5.7908566990686D-04   -7.2176740752023D-04
    -6.8401771556511D-04   -3.8680803002630D-04   -1.9797449703597D-04
    -5.2084848699284D-04   -1.7943308589245D-05   -1.2357137822281D-11
    -3.8618001494552D-07   -1.2040122352224D-11   -3.7360799540957D-07
    -1.2532648699086D-07   -2.0714295361550D-08   -9.9571755222313D-12
    -9.0671056987549D-12    1.1142884420934D-06   -1.7501861152164D-07
    -1.4219179157216D-07   -3.2561590426398D-07   -5.4624989154796D-07
     1.6583037858662D-12    4.1155795132484D-06   -1.9960826201106D-07
     1.4886048077083D-11   -2.1965755998774D-08    3.4622454025256D-11
    -4.9271079008316D-07    4.9657232446764D-08    1.1926894101299D-06
    -7.1313095310221D-07   -2.0842119122672D-07   -7.5373532819590D-06
    -1.5947902860175D-08   -7.3238411924837D-08   -7.8776264124487D-08
    -1.7104110362594D-07   -8.9113932297730D-07   -4.7310715386035D-07
    -1.7377352763041D-06   -4.6963256225458D-06   -3.8115291057737D-06
    -1.2138190521516D-05   -1.5705817763250D-05   -1.8868135550694D-05
    -3.8447601044963D-05   -2.5718119558941D-05   -2.9558233813911D-05
     4.1874036095616D-05    2.2470252951835D-04    4.5893867511516D-04
    -5.8145259421814D-04   -1.2203746726412D-03   -1.4968795448417D-03
    -3.0353240102667D-03   -2.8190475615842D-03   -2.0818481625723D-03
    -2.3366426039154D-03   -1.0925282663618D-03   -1.9207956239269D-03
    -1.6893489050513D-03   -1.1693640445636D-03   -1.1597008046164D-03
    -9.8557069537014D-04   -4.4054766401039D-04   -6.0106047941987D-04
    -4.9916267055815D-04   -5.8485230219480D-04   -3.2065118087778D-04
    -5.6365014732460D-05   -2.2867330668244D-04   -4.2242651794056D-06
    -1.1973051301846D-11   -1.1875462494716D-11   -1.1676508028720D-11
    -6.6469303987941D-07   -1.2541247502692D-07   -2.1316866739288D-08
    -9.7211631970189D-12   -5.2142107818399D-08   -8.6325750876824D-08
     7.8130719417839D-07   -1.8695144251523D-07   -3.1554550044411D-07
    -5.2829597192764D-07    1.4617493318669D-12   -5.2213163630354D-07
    -2.3430711780311D-07    1.4891454174452D-11   -2.1624256059419D-08
     3.6086984303196D-11   -4.9243371766955D-07    3.7898318376331D-07
     8.9375842898662D-07   -4.6088535287316D-08   -3.8730386700718D-07
    -9.5321054649754D-08    5.9765165248499D-08   -8.3521572862764D-08
    -5.0396015032364D-08   -7.5376063015975D-09   -9.5793208397649D-07
    -6.2055337162709D-07   -1.5218629299638D-06   -3.9052238566047D-06
    -4.8174552183870D-06   -9.7615029344128D-06   -1.4821729645129D-05
    -2.9729524457808D-05   -3.2187544028776D-05   -4.9607867348808D-05
    -6.9866862518947D-06    5.6556193045350D-05    1.4003302351783D-04
     5.1791665384902D-04   -4.4714625670445D-04   -1.2844667405290D-03
    -1.7210429555883D-03   -1.8638905604424D-03   -2.7482938428870D-03
    -2.5804175007482D-03   -1.2208696296570D-03   -2.1739430977272D-03
    -1.5003370780106D-03   -1.6806911584278D-03   -1.8063241654378D-03
    -1.2918566813652D-03   -6.5865338542853D-04   -8.9006681782051D-04
    -1.7052769479939D-04   -4.9161079843245D-04   -8.4639230176552D-04
    -1.1350609209184D-04    1.5540677915272D-04   -2.3279682608414D-04
    -2.9806592844094D-05   -9.1410334618024D-12   -9.0684596538065D-12
    -8.9204680461490D-12   -8.7203021476863D-09   -9.8682746534038D-08
    -1.7172548797880D-08   -7.4619811500618D-12   -1.0147140840668D-10
    -6.8100836929924D-08   -1.2198764588488D-07   -1.7710599740836D-07
    -2.4169791085693D-07   -4.0397336229471D-07    1.0679595069393D-12
    -4.0720722492206D-07   -1.8634611401495D-07    1.1824637017805D-11
    -1.6737298104886D-08    3.0136975973537D-11   -3.7457816605842D-07
     2.9365942511660D-07    5.6617296702546D-07   -6.9483325090802D-08
    -5.3573708521660D-08   -5.5323880357593D-07    6.5262375713443D-08
    -6.7604700327828D-08    1.8884504549508D-08    1.3126615067871D-08
    -9.0944016682792D-07   -4.2893202913151D-07   -1.3531421037815D-06
    -2.8379107024718D-06   -3.6590598040328D-06   -8.3049272248508D-06
    -1.4356485200039D-05   -2.1061711600656D-05   -2.4396154282064D-05
    -4.6968853803906D-05   -3.4732731265172D-05   -3.3541523005682D-05
    -1.6572241060815D-05   -2.8582861580790D-05   -3.1668653979134D-04
    -1.2026520701427D-03   -1.4832080471078D-03   -1.4138939866758D-03
    -9.5588110783936D-04   -1.5099843139171D-03   -1.1920260303105D-03
    -1.6679380452836D-03   -7.8813997609065D-04   -1.3231005326338D-03
    -4.8634550941539D-04   -1.9972452848131D-04   -6.2084119810542D-04
    -4.0631069082730D-04   -4.2845155385250D-04    7.6834575735220D-05
    -2.1549676302009D-04   -2.4241805329490D-04   -3.6602945675569D-06
    -8.7587582258677D-05    3.8981005168747D-05   -1.0096370838368D-11
    -1.0017755809343D-11   -9.8574369299138D-12   -1.0285046755588D-08
    -1.1228152215763D-07   -1.9952744334300D-08   -8.2736610387466D-12
    -1.9607572339629D-10   -7.7668094424284D-08   -3.1972456251075D-07
     4.7072876199009D-06   -2.6856134081646D-07   -4.4823823177324D-07
     1.1801204902375D-12   -4.5996938989958D-07   -2.1423828172336D-07
     1.3565798069297D-11   -1.8742674029492D-08    3.5444087110771D-11
    -4.2380777277154D-07    3.0527303606017D-07    5.2647571577958D-07
     8.5724137221507D-08    3.9307557137151D-08   -3.6459763102719D-07
     8.5090099382649D-08   -3.7094911939950D-08   -1.3110969595316D-07
    -3.5126843096424D-08    2.8532167287201D-05   -6.8364206342433D-07
    -1.9886943666166D-06   -4.0945672412283D-06   -2.1685612749521D-06
    -9.6353661233379D-06   -1.3540550760611D-05   -2.7718476524439D-05
    -4.2624449842155D-05   -7.3610619233918D-05   -1.0680197896303D-04
    -1.0410855350468D-04   -1.4640072105444D-04   -1.9490699311552D-04
    -6.5953776517716D-04   -1.1322444431396D-03   -5.8181154135655D-04
    -1.3074592747956D-03   -1.3041408528786D-03   -2.3929785305622D-03
    -1.8499853000208D-03   -5.1974112201241D-04   -1.9822173922805D-03
    -8.0117080748537D-04   -5.6054326722913D-04   -3.3752373820973D-04
    -6.2701627075092D-04   -5.7247205054212D-04   -8.4236502028392D-04
    -5.1638593385447D-04   -3.1775982959739D-05   -2.3599361911194D-04
    -1.3317614834888D-04    4.6615485170673D-05   -7.5243997768942D-05
    -1.1121613241526D-11   -1.1036453747745D-11   -1.0862810288533D-11
    -1.2115970061523D-08   -1.2818848394443D-07   -2.1875433851842D-08
    -1.4385542008220D-09   -3.0902914748250D-10   -8.8909128207334D-08
    -4.2709155274167D-07   -1.1733692092268D-09   -2.9896624464526D-07
    -4.9829542478919D-07    1.3467387253391D-12   -5.2091608211613D-07
    -2.4681997015562D-07    1.5553197188603D-11   -2.1106904644061D-08
    -1.1889733739682D-07   -4.8651016101620D-07    3.1007170072840D-07
     4.4177778337539D-07   -1.7820799972509D-07    4.0390493553563D-08
     1.8980624108778D-07    6.7071760514170D-08   -7.3187311367347D-08
    -7.3977695151930D-08   -1.2650782325247D-07   -3.0560187250634D-07
    -6.6564472424007D-07   -2.3128909600858D-06    4.3324364863852D-06
    -5.9415932256926D-06   -1.3418648259246D-05   -2.7662935837164D-05
    -3.7398331310267D-05   -4.9302505478041D-05   -9.9277307416332D-05
    -1.0415900185985D-04   -1.6944857724514D-04   -2.9235657052522D-04
    -3.4582777757648D-04   -6.6343010658908D-04   -4.6233025064860D-04
    -1.7873596257761D-03   -2.5846650365151D-03   -1.8625736205373D-03
    -1.7967887928391D-03   -9.1360221005046D-04   -1.2013624150067D-03
    -8.6661611304407D-04   -1.7501052044256D-04   -8.3676587311959D-04
    -5.3923130794248D-04   -1.6824438132505D-04   -4.1560064315772D-04
    -4.7438425849267D-04   -4.5131631904348D-04    2.0092714450554D-04
    -2.9488232455999D-04   -2.2969199967377D-04   -2.8373513963943D-04
     2.9013433039898D-06   -1.2209589019507D-11   -1.2117269484959D-11
    -1.1929088810871D-11   -1.4257887705887D-08   -1.4689998468978D-07
    -1.0718587307435D-11   -2.7429970773913D-08   -4.4283704973957D-10
    -1.0219938791585D-07   -5.0107817954785D-07   -1.3361001511683D-09
     2.5680132358839D-06   -5.5409297736553D-07    1.5813519842087D-12
    -5.9064368812124D-07   -2.8580946159289D-07    1.7782832695716D-11
    -2.3916829817013D-08   -1.9941760690579D-10   -5.6326772457396D-07
     3.1256303163466D-07    3.3742149901082D-07    6.8103590641871D-07
     1.9373975097931D-08    4.9281544053088D-07    6.4849006894757D-07
     8.3199633554968D-07   -9.8927423486698D-08   -2.1328637876110D-07
    -3.0666554273366D-07   -8.8800445729559D-07   -1.8887173465610D-06
    -5.1224710644977D-06   -7.0321147859040D-06   -1.4359845462454D-05
    -2.5269576801111D-05   -4.3347928827272D-05   -7.7179565825227D-05
    -1.2594153154623D-04   -1.3978836956991D-04   -2.7105455438908D-04
    -4.8754964271633D-04   -5.7380796075657D-04   -9.6321036110204D-04
    -1.3985589416845D-03   -1.9272479355709D-03   -1.6112311600587D-03
    -1.7679050399566D-03   -1.2518692044672D-03   -1.6493068206501D-03
    -3.3386868755676D-04   -5.6943959072438D-04   -8.1029035947205D-04
    -5.1548908048301D-04   -1.0814727543903D-03   -4.9899615645322D-04
    -6.0894619059125D-04    4.9009689776349D-04   -4.4880144630015D-04
     2.7313273115512D-04    1.1769848285611D-04   -3.9160729804712D-05
    -5.1221443608771D-05   -7.2857054561562D-05   -1.3344655798694D-11
    -1.3244518816678D-11   -1.3040522031889D-11   -1.6763943368400D-08
    -1.6904288349180D-07   -1.1726813727053D-11   -3.2422644639393D-08
    -6.0005772623305D-10   -1.1786068839240D-07   -5.9024673842953D-07
    -1.5223038802780D-09   -3.8371680982540D-07   -6.1629660015888D-07
     1.8915894160849D-12   -6.7280077617712D-07   -3.3313403241190D-07
     2.0210749258978D-11   -1.0067722387530D-07   -5.3545868317196D-10
    -6.5526232928761D-07    3.1296840257659D-07   -3.4406170736509D-06
     4.1283108468455D-06    7.6252896177641D-07    4.4012472869295D-07
    -9.9886461376095D-08   -1.5727598613933D-08   -1.0574092888133D-07
    -1.5233890143205D-07   -3.6176707342702D-07   -1.9610825068628D-06
    -2.2491805140982D-06   -6.0010768605638D-06   -1.1997847599836D-05
    -2.0599959900287D-05   -3.0058214343964D-05   -6.8599244593918D-05
    -1.0728494906765D-04   -1.6984400999824D-04   -2.4556985284412D-04
    -4.5431614938913D-04   -8.0714511268503D-04   -9.4909521020474D-04
    -1.2355343872967D-03   -7.3313916982028D-04   -1.3075620411373D-03
    -6.1702562500156D-04    2.2598887383115D-05   -2.6002542794828D-05
    -2.1575773953861D-04   -9.6342144557105D-04   -1.0324797717483D-03
    -2.9419344558798D-04   -4.6843747057270D-04    2.4883911685697D-04
     4.1732154526702D-04   -4.7551734483126D-04   -1.8237621124109D-04
    -3.8464959989702D-04    1.0461154267012D-04    1.3982116030997D-04
    -1.4072517171095D-04    1.0747806877276D-04   -1.0376221342904D-04
    -1.4501249884666D-11   -1.4392554035860D-11   -1.4171317099398D-11
    -1.9650253418087D-08   -1.9487502733822D-07   -1.2745878974526D-11
    -3.8434006669909D-08   -1.4659618766254D-09   -1.3621472642089D-07
    -6.9867596475179D-07   -1.4333273872622D-08   -4.4546162476435D-07
    -5.6683383427238D-07    2.2709073486526D-12   -7.7014308894796D-07
    -1.5862309810544D-07    2.2730894310238D-11   -3.1795611709806D-08
    -4.9559307765021D-08   -4.9740725047173D-06    3.1149287905313D-07
    -2.4686300504703D-06   -2.8839019099946D-07    8.3262086336628D-10
     3.9830455938449D-07   -1.3034682759921D-07   -4.1042887865349D-08
    -8.3713241597016D-08   -2.2230320568491D-07   -5.5997173495176D-07
    -1.6905081828396D-06   -3.6705274380061D-06   -7.5217285888455D-06
    -1.4119088534873D-05   -1.8996599029324D-05   -4.2178521799981D-05
    -7.3855776182190D-05   -1.2366217778991D-04   -2.2105738697956D-04
    -3.6076037855021D-04   -6.8144773813914D-04   -1.2003013034144D-03
    -1.8735433760407D-03   -1.8246596535253D-03   -1.7287533419202D-03
    -1.4919110481104D-03   -2.2140888246956D-04   -1.4944883339640D-03
    -9.2435346218792D-04   -5.8397918788122D-04   -5.6098009553411D-04
    -4.7383249330300D-04    6.2365086726127D-05   -6.6442371023048D-04
    -1.2519193194465D-04    5.7601384774757D-05    3.2785575305128D-04
    -6.6794031432168D-05   -3.0493434420973D-04    1.5459587996352D-04
    -5.7940695599292D-04    1.1071972114123D-05    3.7537617735730D-05
     1.4663229719970D-05   -1.5647742573518D-11   -1.5530169964397D-11
    -1.9533718222238D-06   -2.2979930789304D-08   -2.2543500254999D-07
    -7.4344843046132D-10   -4.5864495902021D-08   -1.7466222190010D-09
    -1.5823071584869D-07   -8.3294776114302D-07   -1.9432871309016D-09
    -5.2109760321261D-07   -2.1916508661075D-09    2.6888916898879D-12
    -1.1147573069074D-06   -4.6478452932804D-07    2.5145379567657D-11
    -3.7363987332056D-08   -1.2633325090539D-09    7.8083575172727D-08
     4.5352160636839D-07    7.5912318304431D-06   -3.3694814115198D-06
    -4.6677571828640D-09    3.1567806140079D-07   -1.7022879012967D-07
    -4.6527935365276D-08   -1.4634137421025D-07    5.3112589420109D-07
    -5.0555063699421D-07   -1.1553150010564D-06   -3.2826333107524D-06
    -8.3583895867099D-06   -2.1489192801661D-05   -3.0273098268269D-05
    -5.1602178960653D-05   -9.8354445337133D-05   -1.7810389257965D-04
    -3.0619201610056D-04   -5.4472281365968D-04   -9.4353331307948D-04
    -1.6191847450322D-03   -2.2248701575134D-03   -2.3826271351753D-03
    -4.8667106590829D-04   -7.3061612639250D-05   -3.8063455254101D-04
    -1.4266230366556D-04   -3.0699549097292D-04   -1.3471421077730D-03
    -5.2449829199157D-04   -5.6321748707851D-04   -8.2429593559774D-04
    -6.6157847332444D-05   -4.7594449405321D-04    8.7593415091199D-05
    -5.9746145873335D-04    2.0125550988132D-04    2.0984596520951D-04
     2.5947279661472D-05    2.0810541693718D-04   -1.1775682335616D-05
    -1.0472609019536D-04    2.2737052270029D-05   -1.6749480444240D-11
    -1.6622903650235D-11   -4.3037523901225D-09   -2.6857822415388D-08
    -2.6210362729199D-07   -8.2313761926437D-10   -5.5138125405500D-08
     3.3471552629103D-08   -1.7176467603615D-07   -1.0138978814507D-06
    -2.1919532842183D-09   -6.1475950310504D-07   -2.4520230969342D-09
    -9.8256948577215D-06   -1.0200600212589D-06   -4.3138157735447D-07
     2.7132131745755D-11    1.7548948003921D-07    2.5984451648509D-07
    -6.7186532555838D-07    3.2269802568523D-07   -8.4139184618269D-07
     6.5061154941720D-07    2.0646342118825D-09    1.8078004331701D-07
    -1.8701819710846D-08   -2.8028025443587D-07   -1.5864364850256D-07
     4.3778919172776D-07   -6.1697510867999D-07   -1.9644534856976D-06
    -4.6220165477620D-06   -3.6065935971088D-06   -1.9691688182269D-05
    -3.5443402947361D-05   -6.7575872854124D-05   -1.2898553537590D-04
    -2.2761778459616D-04   -3.7822418193765D-04   -7.1207458617931D-04
    -1.3985069964138D-03   -2.5581750574965D-03   -3.3968590583407D-03
    -1.9587471416129D-03   -1.3248986425765D-03    1.7118008013326D-04
    -6.9097756954092D-04   -7.0890696537801D-04   -4.4941541919402D-04
    -3.8314724033489D-04    3.9873837291885D-04    2.7751090517691D-04
     1.3295120281020D-04    6.3303121784722D-04   -3.2729459078377D-04
    -3.7661056646568D-04    2.7175454369902D-04   -1.8082971983557D-04
    -4.9088234668056D-04   -6.5330083560257D-05    1.0361881850330D-04
    -2.3847852478610D-04    1.3622609570781D-04   -1.9522610629059D-05
    -1.7762344245428D-11   -3.9273338690442D-07   -8.5654201769947D-09
    -2.9537755780920D-08   -3.0824875719387D-07   -9.1298913441737D-10
    -6.6817470172081D-08   -2.2981978082485D-09   -1.8023327368820D-07
    -8.7117614634410D-07   -2.4808942561681D-09   -7.3209557310011D-07
    -2.7512935431956D-09    5.1805932718758D-07   -6.9795420655873D-07
     1.9632231725573D-07    2.8219810916165D-11   -5.5503797163964D-08
     8.9880730845682D-07    1.5191080677722D-07    3.2367552990189D-07
    -1.1577373256954D-06   -4.0885270121189D-06    9.6837965695005D-08
     5.0229940382064D-09   -4.1733504538468D-08   -3.0424101196199D-07
    -3.3415259965842D-07   -7.8073783667723D-08   -9.2092976790190D-07
    -2.8438249578090D-06   -4.6269238800010D-06   -1.2652911955354D-05
    -2.1153093108942D-05   -5.0295038476198D-05   -9.6205545565081D-05
    -1.4535079881221D-04   -3.3967770130717D-04   -5.6260617185010D-04
    -1.0297567629127D-03   -1.9698047594143D-03   -3.5257988942549D-03
    -4.0034798375875D-03   -1.8955319268933D-03   -1.7040646462608D-03
     4.5832575578181D-07   -1.9701517009379D-04    3.9036497534439D-04
    -1.3420096228639D-04   -1.2415917067886D-04    9.6004183431188D-05
     1.0726403394713D-03   -4.3936004073324D-05    8.1995465154478D-04
     6.9080264031334D-04    7.9015848562400D-04    3.1218500214895D-05
     6.1977489567189D-05    3.0894287163987D-04    3.3930997016444D-04
    -8.9733967139696D-05    4.8052008900880D-05   -1.1611838014904D-04
     7.0800058998729D-05   -1.8637937978356D-11   -2.3410730924882D-05
     4.7867233603343D-07    3.4220947941538D-07   -4.0960831840310D-07
    -1.0146589847555D-09   -8.1667870194694D-08   -2.5840182375302D-09
    -2.1842964393930D-07   -4.7180613580123D-07   -2.8182282640255D-09
    -8.8093385382285D-07   -3.0951031485266D-09    5.0815519221017D-07
    -6.9585798535318D-07    6.3639312055604D-08    1.5545720908716D-09
    -6.9775372692025D-08   -7.3849932563082D-06    1.3738666700691D-07
     3.1542359452100D-07   -9.0909991874376D-07   -7.3397242757353D-07
     1.8475923366043D-05    5.5471254341065D-08   -1.1138741951862D-05
    -3.1942208203966D-07   -3.9821105276832D-08   -5.1977923339116D-07
    -1.0484121457882D-06   -2.4539493171381D-06   -6.9976760946412D-06
    -1.3030602801305D-05   -2.8561206411318D-05   -5.8561184086522D-05
    -1.2900432179675D-04   -1.9672739645586D-04   -3.6550664966032D-04
    -7.6358049999023D-04   -1.3560765490914D-03   -2.4767410820007D-03
    -4.3075796023362D-03   -4.5295179762885D-03   -2.6891211787776D-03
    -5.5378307208511D-04    1.9460673188888D-04    3.4024859732491D-04
     1.5871756080456D-03    8.9952879545813D-04    1.1702462113669D-03
     3.9177235507016D-04    1.2418832311990D-03    9.7802335915246D-04
     2.1767336965756D-04   -3.2442057214590D-04    5.2729709105311D-04
     5.6109908682949D-04    2.4144459336640D-04    4.1431829302282D-04
     2.1926923505530D-04    1.5648775712104D-04    1.4733848356797D-04
     1.0680222290991D-04    5.0147376211717D-05   -1.9326626867548D-11
    -1.6527526782377D-07    6.2285604961392D-07    1.2636533023110D-08
    -5.3765126504238D-07   -1.1301343608567D-09   -1.1725208217183D-07
    -2.9144480867047D-09   -2.6599107958813D-07   -5.4761707772940D-07
    -4.6204564446573D-07   -6.0647866303941D-07   -3.4776177412882D-09
     4.8902699227793D-07   -4.9345823059911D-07    3.7156573364489D-08
    -1.5587694324101D-08   -2.8633894350836D-07    9.1081231433340D-07
    -7.5943687488532D-07    3.0666383394179D-07    8.2163732425838D-08
     1.4048284836709D-05    1.6472108057582D-07   -5.4186180587822D-08
    -1.9294641986269D-07   -4.7385480875594D-07   -1.9079062711266D-06
    -1.1018147194803D-06   -2.0916650855565D-06   -3.2591858351418D-06
    -7.2662653254706D-06   -1.8399754786370D-05   -3.6716422685818D-05
    -7.1384966726901D-05   -1.2816336078692D-04   -2.6718547610014D-04
    -5.4340493589523D-04   -9.5342548715134D-04   -1.8815409277386D-03
    -3.3652179025957D-03   -5.2817225955915D-03   -4.6590368930548D-03
    -2.2312757294125D-03    1.1234825158470D-04    4.9633658038027D-04
     5.8569476639569D-04    1.1698960634480D-03    8.5208132278991D-04
     6.3799597598615D-04    1.9261430691008D-03    2.1728380071745D-03
     1.1427237089603D-03    1.1019246511165D-03    1.6925081060934D-03
     1.2189809893239D-03    8.9271819971084D-04    1.0160006893611D-03
     2.8576886502293D-04    3.9396039849151D-04    2.6579914790823D-04
     2.9902831038916D-04    9.1713855298285D-05   -1.9886989614643D-05
    -1.9781532803219D-11   -2.8373698118840D-07    7.1550584339687D-07
    -1.9837880862400D-07   -5.7177195420196D-07    1.4778404390765D-07
     8.8314906055159D-08   -1.7127873750243D-05   -3.2406020282725D-07
    -6.3632680630826D-07   -8.6581732012230D-07   -4.4027006329434D-07
    -6.2072505731125D-08    4.5893453222502D-07    1.6832349285292D-07
    -2.9985770037625D-07   -1.3727218144545D-07   -1.6463448121818D-08
     5.2966431666265D-06    1.0249697972829D-07    2.9651026861799D-07
    -2.1598358055040D-05    1.2897435650906D-05    1.3115973286137D-07
    -3.3196808102933D-09   -4.3437833802796D-07   -3.2248332780964D-07
    -7.7337239093130D-07   -1.3589955347008D-06   -1.2806988548827D-06
    -4.1052604015496D-06   -1.0226046685070D-05   -2.1402024095431D-05
    -4.8724837409017D-05   -9.2811780716314D-05   -1.5853641607006D-04
    -3.3573189863974D-04   -6.8209298400381D-04   -1.3556035406220D-03
    -2.5471020814775D-03   -4.6728651914719D-03   -5.8985978115984D-03
    -4.1984615422110D-03   -2.1937830342193D-03    1.0643764976941D-04
     1.0213375629386D-03    2.8026758517236D-04    5.6876455839689D-04
     2.0234858811171D-03    2.0744240645875D-03    1.8749336907990D-03
     1.1264849893807D-03    1.5367975102704D-03    1.5531332783774D-03
     1.0596755165341D-03    7.9214652574395D-04    1.7575130643574D-04
     2.8468889264622D-04    1.1071529451264D-04    8.2129880947612D-04
     3.9446063746340D-04    1.9856143996035D-04    1.1063503308918D-04
    -5.6012792814978D-05   -1.9958238182166D-11   -3.5095954098841D-07
     4.5443104739125D-07   -1.4818407966276D-06   -2.4981840582458D-06
     1.7475753489951D-07   -2.1613974676885D-07    2.8164656600931D-06
    -3.9667179902022D-07   -7.4335535788834D-07   -5.7929023244886D-07
    -4.9832535308050D-07   -2.6725148422140D-08    1.9348736456255D-07
     6.0865808548654D-07    2.5685719164009D-05   -7.6605487137027D-08
    -1.9262894204810D-08    6.5412280976078D-07    2.3351088830263D-07
     2.6859547629815D-07    8.7157239298898D-06   -1.6871353546008D-07
     1.1303730428366D-07   -2.1061340278175D-08   -6.5637015290659D-07
    -6.0180317833260D-06   -2.3464760671504D-06   -8.7574500681071D-07
    -2.2371071709972D-06   -5.2365664162151D-06   -1.0331741607298D-05
    -2.3778684345972D-05   -5.5563697882864D-05   -9.4585239176548D-05
    -1.9977048531717D-04   -4.8509179283042D-04   -9.1513664227648D-04
    -1.6754149352441D-03   -3.3392453233765D-03   -5.6918620140071D-03
    -5.7484215746281D-03   -3.4639245597400D-03   -1.3972186730463D-03
     2.1089288887380D-04    3.1399213051605D-04    2.2701806001008D-03
     2.5161458782610D-03    3.2635559297086D-03    3.0959647785326D-03
     2.6840715403113D-03    2.2796712872299D-03    1.5130791388680D-03
     1.7428294395492D-03    8.3815327285649D-04    7.9612525474857D-04
     6.0798509966638D-04    5.6787028150207D-04    6.5661124705168D-04
     3.1622093680933D-04    7.8250255992896D-04    4.6097672556213D-04
     3.6493371304612D-04   -1.1986212995775D-05   -1.9838553013742D-11
    -4.6867355922230D-07    7.2342069486396D-07    2.0355960170086D-08
    -8.5704471870023D-07    7.4455644589217D-10   -1.1320146447147D-06
     6.4766489877251D-07   -2.4343899990617D-07   -1.1195771431126D-06
    -4.8018172056945D-09   -5.6592847825878D-07   -6.3727015900948D-09
    -8.1900507122823D-08   -3.4572887708628D-06   -3.7422625703328D-07
    -2.4791512836871D-07   -1.9294229940962D-08   -2.3717842745122D-07
    -2.1287704552695D-06   -1.4968451112594D-07    9.5000682834108D-06
    -5.3817130677445D-07    1.2460364716091D-10    7.1659117989161D-08
    -9.2899921849925D-06    1.5772929955335D-08   -1.9901522338699D-06
    -3.2861055078347D-07   -9.4251899730878D-06   -5.2267338974160D-06
    -1.7844351213119D-05   -3.3074827386125D-05   -6.8788366756753D-05
    -1.4352317564392D-04   -2.9457188815070D-04   -5.5998539540726D-04
    -1.1529741565645D-03   -2.2302891732984D-03   -4.2072958256023D-03
    -5.9674001751045D-03   -5.4927424291875D-03   -2.4437606409947D-03
    -1.0836594774879D-03    1.2215766637787D-03    2.1670740039894D-03
     1.9369328621603D-03    4.4594156976821D-03    3.0149475658812D-03
     3.7535595925675D-03    3.1417132791614D-03    2.0940637844252D-03
     2.4335926719052D-03    2.1332822991667D-03    1.5783770668852D-03
     1.7484828898042D-03    9.1355338644849D-04    1.2719537195245D-03
     1.0551801487099D-03    4.4705970006098D-04    5.9137819934596D-04
     2.5387953184355D-04    2.9209780108359D-04    1.9006046821378D-04
    -1.9413203371535D-11   -6.0891171920042D-07    2.8154668197198D-06
     1.9577292660834D-08   -2.8270428047115D-07    1.2006345164007D-09
    -1.4071845803048D-06    6.3282854929418D-07    4.3650356366822D-08
    -1.6865019890859D-06   -5.5413646281968D-09   -6.4499517231318D-07
    -6.0761151418025D-08   -1.1999725477367D-06    7.0873323478357D-06
     7.9585596156520D-07    6.3836574529252D-06   -1.4890185199465D-06
    -3.5747461755344D-07    1.2065690698456D-06   -4.6134925153917D-07
    -1.0167023923068D-07   -2.6192935915659D-06    5.7010291851437D-07
     3.2445293347829D-08    7.7786091902300D-06    1.8308731031356D-07
    -4.5493007846207D-06   -2.0682383747870D-06   -2.5952905477373D-06
    -5.9637481279119D-06   -9.3500666227641D-06   -3.5570138243769D-05
    -7.1446433521923D-05   -1.5158744060080D-04   -3.1818759567270D-04
    -7.0719890462579D-04   -1.3780736266072D-03   -2.9807617928310D-03
    -5.3247223699576D-03   -5.6778967089775D-03   -3.6952583308553D-03
    -9.1856170402771D-04    1.1968062459311D-03    1.0382154166261D-03
     3.4749302833808D-03    3.8647585812465D-03    3.2470781181028D-03
     4.6665002717813D-03    4.1689180703500D-03    4.6355875489245D-03
     4.0864363914224D-03    3.4272012578908D-03    2.2775555411866D-03
     1.9790758730006D-03    2.4413865778602D-03    1.8113099127492D-03
     1.3944556809603D-03    1.0412373136788D-03    7.2017498819945D-04
     4.8814494007538D-04    1.8243255199914D-04   -7.4915534153822D-05
     1.3334533172133D-04   -6.3446275162319D-08   -5.7703245895724D-07
     4.4675253806798D-07    1.8720797878556D-08    1.7925124553263D-07
     8.5514898009502D-10   -3.9181716941913D-07    6.6243778031229D-07
     4.4334023351034D-08   -2.0354392994211D-06   -6.4263567844093D-09
    -7.3796975864799D-07   -3.8449366265394D-07   -6.4821786176887D-07
     2.9900781808186D-08    4.5258491806513D-07   -2.2760146799258D-07
     1.0279299545231D-06   -5.1817410733769D-07    1.4613142805997D-05
    -1.7988905866388D-07    3.2213392540938D-06   -1.4156739450608D-06
    -4.8289002500003D-06    9.1528235367146D-09    8.1640745178213D-06
    -6.5816144930170D-07   -4.2816358861828D-06   -2.4846345619776D-06
    -7.6230818701178D-07   -7.3371797665797D-06   -1.9217814275379D-05
    -4.0084919259154D-05   -9.3061654454496D-05   -1.8808803262842D-04
    -3.8711597772175D-04   -8.3964468022712D-04   -1.7789066427170D-03
    -3.3974739181854D-03   -5.2940246575275D-03   -5.2483099629819D-03
    -2.0419225760379D-03    4.9333991293698D-04    1.7654687129979D-03
     2.3813539889831D-03    3.7572401629769D-03    3.7879174278049D-03
     4.8300928163697D-03    3.7654537764145D-03    3.3497471079422D-03
     4.0178970830420D-03    2.8618352680261D-03    3.6944501331330D-03
     2.6449946743491D-03    1.6522689119660D-03    1.7471941958076D-03
     1.3809145076699D-03    1.5152325246786D-03    6.7575087015331D-04
     1.1184927628386D-03    7.1984922625504D-04    4.5649333305486D-04
     3.9669988883300D-04    2.0877963965298D-04   -7.3885442923571D-10
     2.2510106024770D-07    1.6475543056306D-07    5.9809593102743D-09
    -1.3061054726049D-05    4.6074655147026D-10   -3.0794979482254D-07
    -4.7650765629086D-06    4.4890252884041D-08   -1.5218640939315D-06
    -6.4295276085329D-09   -8.4435050052715D-07   -6.3662501547689D-07
    -2.2077057519250D-07   -6.9932913009035D-08    4.3922700828702D-08
    -2.9210237434391D-07   -2.4114851151435D-07    7.3155257289183D-07
     1.9035889166211D-05    1.1157475820388D-06   -1.1986531394786D-07
     1.0356227084352D-06    1.0953758125828D-07    3.5069683737047D-08
     1.7494220206224D-08   -2.4324913034438D-06    1.5625489237928D-07
    -1.8309466683724D-06   -2.3182310132029D-06   -9.6213409367882D-06
    -1.5859185850967D-05   -3.6648956641870D-05   -9.1976747541621D-05
    -1.7532084603326D-04   -4.6312502075201D-04   -9.7972059298906D-04
    -2.0568133289801D-03   -4.0264142378845D-03   -5.1586400829408D-03
    -3.8463282429469D-03   -1.1874398107731D-03    1.2913260491853D-03
     2.8263493210052D-03    4.0362636393443D-03    3.5685723005154D-03
     5.2264159312149D-03    5.4005303070909D-03    5.2504585678989D-03
     5.1829285756546D-03    3.9934173075245D-03    3.5013702261881D-03
     3.7655798481273D-03    2.0761791562876D-03    2.2545534962325D-03
     1.8922589427308D-03    9.8713817441135D-04    1.6341290977756D-03
     1.2717869225003D-03    6.8586795030801D-04    5.1525149084366D-04
     6.3687738943067D-04    1.7433786561316D-04    2.4778812019876D-04
     1.2319773244272D-08    7.7338834237462D-07   -3.4325129483503D-07
    -1.1022960677735D-07   -1.3108801755478D-06   -1.4885061105994D-09
    -1.8061303594049D-11   -3.6679534282370D-08    3.6089621997056D-08
    -1.2655316300608D-06   -2.4235998136086D-11   -9.6950614402718D-07
    -1.0142327047271D-06   -2.5569759531796D-06   -3.2733790485392D-07
     8.1424871869398D-07   -8.9161342996956D-07    1.6566928382399D-06
     1.2391754619936D-06   -4.7019423529176D-06   -7.2092959032606D-07
    -4.6124440822783D-07    1.2164046619302D-06    6.7319739598947D-10
     1.0356485956194D-07   -8.5590276528650D-08   -5.9504792551667D-07
     6.4864929494832D-08   -5.0994182676471D-07   -1.1852946838123D-06
     1.2255874028310D-05   -1.7047250360146D-05   -3.2029565047832D-05
    -9.3367770362428D-05   -1.6968720589669D-04   -5.0914751123811D-04
    -1.0998125009914D-03   -2.1949080274119D-03   -3.8708703161488D-03
    -4.0987750390400D-03   -1.3477188645144D-03    9.3870158651109D-04
     2.9135420427059D-03    4.5770521536548D-03    5.5751469375309D-03
     6.0264580700544D-03    5.2229694487282D-03    4.8819039768829D-03
     6.0139075517034D-03    4.8591819942037D-03    4.0002399907818D-03
     4.4318349128814D-03    2.6599055046268D-03    3.3478511208347D-03
     2.6283692391753D-03    2.1464831718315D-03    1.4982149540364D-03
     1.2979721800633D-03    9.4369046997088D-04    1.1181950986160D-03
     5.1105775749249D-04    6.4204020048076D-04    3.7536201141380D-04
     1.6560584151486D-04   -6.2545652911299D-09    4.5070530019843D-07
     4.8720756387489D-06    2.1171302776660D-06    6.3483889312543D-07
     2.1636710800677D-07    3.1440832467201D-07    9.9214208298234D-07
     3.9028701343062D-07   -1.0378593158163D-06   -2.6207764560127D-11
    -1.1204106562667D-06   -7.9860682659992D-07    1.8877428878106D-07
     3.4997337277021D-08    3.4283972886904D-07    1.3748757942627D-08
    -5.0163171459882D-07    1.1156231925987D-06    4.4377324280422D-06
    -9.0750756807683D-07   -7.6887024368387D-07    8.0872401123750D-07
    -1.9010258932688D-08   -9.3256726356535D-10   -3.5380356773629D-07
    -4.4732650694666D-07    9.6979331744019D-07   -5.3892289444053D-07
    -3.0583603624186D-06   -7.3217862691517D-06   -1.1705893030589D-05
    -2.9653325060788D-05   -8.2072232630501D-05   -2.2875330103751D-04
    -4.3299149318931D-04   -1.0680051952107D-03   -2.0414909711877D-03
    -3.4498072708170D-03   -2.0993416429580D-03    1.5417199909861D-03
     4.6594401617861D-03    4.4510359392945D-03    7.5438211324996D-03
     7.3704360961506D-03    7.9542972276482D-03    6.3948117705309D-03
     6.6828546492184D-03    5.7566807511342D-03    6.1808549463240D-03
     4.9159643236352D-03    4.7090221716655D-03    4.3291243471130D-03
     3.2824032329789D-03    2.8679794136290D-03    1.7822906497259D-03
     2.0362575357240D-03    1.7339368319254D-03    1.3484638697472D-03
     1.1895960746319D-03    5.8979204427516D-04    7.7487188406953D-04
     5.8459870613712D-04    1.4303239203759D-04   -1.5997911938423D-08
     4.1525317594214D-07    5.0738252604410D-07   -1.1866582675069D-07
     7.4165811457130D-07    3.1952635620225D-08    1.0997316432581D-06
    -1.2810638102581D-06   -1.0279143650730D-06   -1.2076329482143D-08
    -2.5259916483310D-11    3.9040210295510D-06    7.7275797621835D-09
     5.6502555892163D-07   -1.3324944679766D-07    3.6338960933478D-07
     1.0442191116267D-07   -5.9842540076332D-07   -4.0540485680635D-06
    -1.0002474350921D-05    5.2053511507751D-08    8.3957575073252D-06
     1.2146232474704D-07   -5.0234806119370D-09   -1.2137043484742D-07
    -1.2440811452457D-07   -3.0775272264567D-07    6.6392956377621D-07
    -3.6382339847542D-07    5.4794344128057D-06   -3.4953995852980D-06
    -1.2476193722311D-05   -1.8319208406994D-05   -4.5936096955692D-05
    -1.8170604830022D-04   -2.4483557415294D-04   -7.9620218311774D-04
    -1.5684576552675D-03   -1.4876501026135D-03    6.3007214848660D-04
     4.4794242577035D-03    6.1952418997207D-03    7.3944170350555D-03
     7.7415048039308D-03    8.3121391116454D-03    8.9218252958556D-03
     7.8506543245193D-03    7.2792509505370D-03    7.0110120643293D-03
     6.1307341639897D-03    5.4752021825128D-03    5.1983174482329D-03
     3.8783220370733D-03    3.6671685256302D-03    2.6506845465348D-03
     2.3125404892784D-03    2.2638914422107D-03    1.8257966400678D-03
     1.5011546892289D-03    8.8401779638521D-04    7.0164947281871D-04
     5.6266553076140D-04    3.6228414330185D-04    8.6201722058159D-05
    -7.6730806334929D-09    3.4413664020034D-07    1.2884693921835D-07
     9.0908745514046D-07    5.4775379731325D-07    1.2876825392838D-08
     2.3282223169575D-07    1.5253546668813D-06   -7.6114538539589D-06
    -1.4510509009896D-08   -1.9580717313148D-11   -1.6434909418302D-06
     5.0636929691178D-09   -2.6943929747388D-07    8.4364343510581D-07
     1.4076834765126D-06    4.6639343840442D-06    3.4781177441597D-07
    -8.0722075669878D-06    9.7692188231009D-07   -8.4035428634800D-08
    -1.7577114296560D-06   -6.9811402431598D-07    6.6208828504869D-08
     1.0071685582762D-07   -4.6311393042789D-07    1.1546198620053D-06
    -1.3621886393391D-07   -5.0639323856278D-07    1.0421652825611D-05
    -1.5794134979838D-06   -1.2327489346478D-06   -1.3108469758015D-05
    -1.0543875614597D-05   -5.9078789212098D-05   -1.5300601232368D-04
    -3.2879707851639D-04   -6.3912201420622D-04    2.1891072389716D-04
     3.6687204371256D-03    7.9653596030182D-03    1.1031457691208D-02
     1.2688749969023D-02    1.2619442569034D-02    1.1413757172888D-02
     1.1218036109769D-02    9.9309761622692D-03    9.7219568632121D-03
     8.6451101325902D-03    7.4062278375346D-03    6.4511015958309D-03
     5.7217350302021D-03    4.4082219742676D-03    3.7877773531362D-03
     3.3345285129584D-03    2.7138874634991D-03    2.3434525443550D-03
     1.7492810429034D-03    1.3510253297242D-03    1.2091638817055D-03
     1.1176300531410D-03    5.1181229464440D-04    6.3239306294088D-04
     2.9278165043374D-04    4.4150981054478D-10   -5.9520493349456D-06
    -3.3052935272688D-12    1.7080555796510D-09    2.7037995906636D-07
    -4.0668058218208D-12   -4.5092901590898D-12    1.1354593400404D-06
    -2.1529156038915D-07    5.2317074152559D-09   -7.8771915833859D-12
    -7.1509781180919D-07    1.8508955718781D-09    1.9991898487507D-05
     9.5438373098044D-06    2.8468303536826D-06   -1.0496564346568D-06
     3.1292040932641D-07    1.1571103396153D-05   -7.2913506411978D-07
     7.5937417690138D-07    4.2210212803165D-07   -1.2032341889054D-05
    -1.7758799802284D-06    1.4193657436770D-07   -5.8876980022959D-08
    -1.0530783400439D-05    2.6300506856496D-07    8.7222654429289D-07
    -2.1945808469504D-06   -4.4029982454265D-06    1.4897587492332D-06
     1.6767881135062D-06    4.2937661423919D-05    2.7114104923960D-05
     1.4342106576429D-04    3.7290476922752D-04    1.6374940276482D-03
     5.1579779633150D-03    1.1983181265631D-02    1.6090010806540D-02
     1.8075202742987D-02    1.7414653674199D-02    1.7806095633788D-02
     1.6838351483677D-02    1.5552914135295D-02    1.3807607729648D-02
     1.2027608331308D-02    1.1244018857899D-02    9.8527038491352D-03
     8.3024809551876D-03    7.1129667008172D-03    6.2207110867577D-03
     5.2021039319489D-03    4.0998796918093D-03    3.3738805674118D-03
     2.9952995388098D-03    2.3955321993799D-03    2.0541302417916D-03
     1.6429687028092D-03    1.2397713037245D-03    7.1968503647067D-04
     5.8855138961250D-04    1.9108934522780D-04
    -1.5653325072569D-08   -2.5093880967904D-12   -3.2803650986688D-12
    -2.6955231758265D-12    8.1486854037634D-09    3.1489240202278D-08
     1.4666122479677D-06    2.5164515020877D-11    4.1925390399511D-11
     1.0301802585061D-07   -5.9129095001875D-08    9.5510716846861D-07
    -1.9333089157682D-07   -2.4623149344003D-09   -1.6137268790454D-07
    -7.7682781377326D-07    3.6445527301639D-10   -5.8399379476745D-09
     1.1765237256337D-07   -4.8553897960742D-07    1.9998599650783D-08
     1.7597567845614D-06   -2.2348266513641D-08    1.4143245574826D-08
     2.2775519906263D-08    2.8016606319510D-08    5.1702102430366D-08
     3.5987503327237D-08   -1.6438278122767D-07   -2.3540803088866D-08
     2.1645809908106D-06   -2.3841684959867D-06   -1.3634133322172D-06
     5.7622465081241D-07    2.0355144056502D-06    1.0988765345685D-05
     2.7442537363014D-06   -7.0726925481222D-06    2.0580257325589D-05
     7.7264042027426D-05    8.5119703928334D-05   -2.7642398730043D-04
    -1.0132982553486D-03   -1.3915258866682D-03   -7.7219170092523D-04
     4.0566586855466D-05   -4.0021395057098D-04   -4.7475667437870D-04
    -1.3636801693237D-04   -2.3052069359993D-04   -1.7130737974215D-04
    -5.9998974770245D-05   -3.4424351121514D-04   -2.9735738175366D-04
    -9.6060435011448D-05   -1.6213039293538D-04   -6.2142719854767D-06
    -2.9418556081951D-05   -9.4217758967548D-07   -2.6675168319442D-04
     6.9999796509799D-05   -1.2014061471182D-04   -3.1224854415400D-05
    -8.7442869933156D-05   -1.5675558388822D-08   -9.5946121717925D-12
    -1.3423853218157D-11   -1.3388628959477D-11    8.2638857801903D-09
     3.4796348551985D-08    2.6716112861909D-11    5.9713763734654D-11
     1.0609913097274D-10    1.0644718709780D-07   -7.9313731650950D-08
     1.1945406832856D-06   -1.9321719316653D-07    3.2624521798513D-06
    -1.6099212597498D-07    4.2550116631060D-06    1.0483771469065D-09
    -5.3825854338969D-09    1.1732037558030D-07   -5.1576345670079D-07
     9.1049418495584D-09   -8.2194851102749D-07    1.1931830481506D-07
    -9.4735237269415D-08    2.6435642981309D-08    1.8868154503283D-08
    -5.4047984697701D-09   -2.7028728285905D-08    2.9626609861418D-09
    -1.4161242851156D-07   -7.5357042798421D-08   -2.1746183756587D-06
    -1.2340333748590D-06   -5.2942514880169D-07    6.7711569922910D-06
    -2.6119486907184D-06    2.5757543790585D-06    1.0023545310476D-05
     4.7289661793849D-05    5.0947176939947D-05    3.5783777411649D-05
     1.9131358553294D-04   -5.8729947356193D-04   -1.1119914703044D-03
     1.7450498203795D-05   -4.1820556003167D-04   -1.0816218508172D-04
    -1.8392938967915D-04   -4.7772284402674D-04   -9.9609513504401D-05
     1.5098782625825D-04   -2.1291208951783D-04    8.6131738994813D-05
    -6.4465198274285D-05    2.2803363648360D-04   -2.2786799467918D-05
    -3.7484722954045D-04   -1.1834325348480D-04   -1.1748254968139D-04
    -1.3806335610479D-04    7.0801789792921D-05    1.4669924853683D-07
    -1.5069891737332D-04   -1.3044317748649D-04   -1.5640045239742D-08
    -2.2024582906631D-11   -3.2759513786181D-11   -3.7542228711264D-11
    -2.6333558023860D-07    3.8054561098768D-08    9.8384654962437D-12
     5.5982809766854D-11    1.2287950572531D-10    1.0913825504206D-07
    -1.0437697324890D-07    1.4646875005016D-06   -1.9352910852196D-07
    -4.4698842527982D-08    1.0422342723494D-05    4.8465236869142D-08
     1.6015628129921D-09   -5.0038834417273D-09    1.1668631363685D-07
    -5.4516907791042D-07    8.4685382262592D-09   -1.5639841868238D-07
     1.0926750579552D-07    2.3803491448353D-08    2.2098952763087D-08
     2.0288296400747D-08    4.3691447117974D-07    6.7934185986799D-07
     2.2390795639139D-07   -4.0519875962147D-07   -3.1077552874105D-07
    -5.0583248874508D-06   -2.6720721403971D-07    1.4252195504472D-06
     1.9475971862588D-06   -5.5882631750297D-06   -1.5229579814566D-07
     1.7930721241362D-06    2.1850422766900D-06    5.6094204606299D-05
     1.7708877668412D-04    2.3387926694928D-04   -5.2314350727261D-04
    -6.8442322296097D-04   -6.9834558847963D-05    3.7680577350976D-04
     1.0264722537074D-04    2.3417729788131D-04    8.5479962308606D-05
     1.7452226997289D-04   -3.6484272006468D-04    4.6214512039508D-06
    -3.9962165463067D-04    1.6937605084213D-04    6.2618305769334D-05
    -1.7303284658391D-04    2.5929160946457D-04    1.7163754924100D-04
    -8.3959975207461D-05   -2.7720826423424D-04   -9.4708406442247D-06
     1.9161861714008D-05   -9.5718806621817D-05   -1.0966516119580D-04
    -1.5525250370733D-08   -4.1596232942532D-11   -6.4335092946727D-11
    -7.9535416282277D-11   -4.5217364524835D-07    4.1136071030038D-08
    -4.6793734690326D-11    2.7057607583601D-12    7.8642467538958D-11
     1.1104850478124D-07   -1.3452774881067D-07   -5.0615857851405D-06
    -1.9177223540902D-07   -3.6292126819083D-08    7.2056641657120D-07
     5.0451015770605D-08    1.9686205060558D-09   -4.7425457163379D-09
     1.1548419918570D-07   -5.2178376666674D-07    7.7340870287423D-09
    -6.7381997960554D-06    1.0936670495677D-08   -1.9223099092822D-08
     1.4066034430862D-08    5.9274100704759D-08    9.6292430916769D-06
     6.3639956767144D-08   -1.9376181005357D-08   -3.4515095160323D-07
    -3.7080496726657D-07    7.2002997329392D-08    7.0043167399458D-08
     1.3385048730534D-06   -2.8639891731648D-07    5.1130369982765D-06
    -6.1639692327578D-07    2.2901555269124D-06    1.4315129771123D-05
     5.3726970989028D-05    2.3539672648945D-04    3.7749948027825D-04
    -1.0958855508532D-04   -8.2813017537270D-04    4.9290236712785D-06
    -3.3311820339899D-04    6.0416592071631D-04    5.6643632499600D-05
     1.0659522389739D-04   -5.3561465028472D-04    5.3812367337472D-04
    -2.0110799032735D-04    3.4779259305167D-04   -4.4255308710184D-04
     5.1921811418959D-04   -1.1895196224933D-04   -1.4890556189074D-04
     2.3212891952216D-04   -1.0206078119770D-04   -1.4192985011037D-04
    -1.1676808719322D-04    5.6220413914538D-05   -9.0616221029948D-05
    -6.1173371932679D-05   -2.1471111534531D-06   -6.0440107443565D-07
    -1.0873856141316D-10   -1.4024353519075D-10   -5.8340658932259D-08
     4.3940710605124D-08   -1.4530301362889D-10   -1.0284857716322D-10
    -4.2829682974138D-07    1.1208867032984D-07   -1.6973193898589D-07
     6.8856476200039D-09   -1.8908961299143D-07   -2.0789217359114D-09
     7.2660600654958D-07    5.1883446189831D-08    2.1113146904426D-09
    -4.6439203689563D-09    1.1365912149105D-07   -5.9337442108499D-07
     3.0346700986563D-09    4.2170948189948D-07   -7.6590232053617D-08
     7.3250214439763D-08   -1.6318571630485D-08    1.0788273305997D-06
     4.0878601651099D-06    2.0946015325996D-08   -1.9691522023470D-08
    -1.7088440656888D-07    2.0455785134483D-07   -2.2992270362901D-07
    -8.5217085302534D-07    1.3305648928709D-06    7.7525533591194D-07
     2.4185930995767D-07   -2.6177431930805D-06    5.4239967619534D-06
     9.1704086953412D-06    9.1087183917952D-05    6.2083871404703D-05
     3.8865186800235D-04   -8.0980930685805D-06   -9.0980482588670D-04
    -5.3159933778917D-05    5.6673939160487D-05    4.2624945305604D-04
    -2.5838021831885D-05    3.9825526747779D-05   -3.1923676183277D-04
    -2.3030774213891D-04   -3.0021578555267D-04    2.6509806697994D-05
     4.3781731116294D-04    3.1152282464803D-04   -4.3905768235820D-04
    -3.6054172233962D-05    2.8875810153012D-04    4.9928894576129D-05
     6.8220995729261D-06   -1.0401093915212D-04    2.0391966633426D-04
    -3.3455083902605D-05   -9.3916139340812D-05   -3.4705236680821D-11
    -1.2716032730379D-06   -1.6455003300668D-10   -2.1768433839147D-10
    -5.9779516135953D-08    4.6525012847355D-08   -2.8206434645939D-10
    -2.5653148793164D-10   -3.2847855985765D-08    1.1253128589581D-07
    -2.1023793765710D-07    6.6354082075989D-09   -1.8596359910984D-07
    -2.3225101914506D-09    7.6658478288167D-07    4.8586947715415D-08
     2.0114454086053D-09   -4.7597998290906D-09    1.1140470363218D-07
    -6.1590519557376D-07    1.5982347757589D-08   -6.8455608348072D-07
    -3.9634667007868D-08    1.3550461070395D-07    2.4242863156799D-08
     6.4815834268307D-06   -2.3497464448955D-09   -5.3488139777950D-08
     1.5500372722644D-07   -5.2913082955057D-08   -2.7050442087222D-08
    -9.2189578555039D-07   -8.1528090844690D-07   -9.8596604108504D-08
    -4.7431435869894D-07   -9.1955028287800D-07    9.0540301674027D-06
     1.1694937608448D-05    1.8615321914789D-05    8.1438779306050D-05
     1.7957772469664D-04    3.3483064647409D-04   -1.4907833982283D-04
    -5.8357238801834D-04   -1.6958853007097D-04   -2.1296417762556D-04
    -1.5969103926906D-04   -7.8159792151789D-04   -2.7392150785649D-04
    -1.3182562395672D-04    3.1164934836771D-04    4.5594528224558D-06
     1.7262564120880D-04   -3.7251536341684D-04   -3.4443811586703D-04
    -1.8224610173463D-04    1.7606620661800D-04    4.7415435647307D-05
     1.9453406506118D-04   -1.6013407158554D-04    7.0295709398385D-05
     1.1665992271160D-04   -9.6874552435946D-05   -2.1399638437975D-04
    -4.7517600136915D-11   -1.6680179013121D-06   -2.2866923608202D-10
    -3.0748904334493D-10   -6.0944778854476D-08    4.8872842961816D-08
    -4.4874008825909D-10   -4.4862368958812D-10   -3.4100583890588D-08
     1.1242114311259D-07   -2.5591101107548D-07    6.2676361036955D-09
    -1.8243662082812D-07   -2.6912144341943D-09   -4.3576232129130D-06
     3.0649321558650D-08    1.6696731513181D-09   -5.1122536297470D-09
     1.0091022672524D-07   -6.3623846415341D-07    4.6053084723293D-08
    -7.2003964191924D-07    1.5012279635094D-07    6.9693747842200D-08
     2.9000680975187D-09   -1.0662361435083D-08    3.4053483723072D-08
     1.1460599930350D-08   -5.9439160114599D-09    1.1502997534089D-06
    -2.3447781596176D-08   -4.7909674091781D-07    4.1712762525907D-08
     2.9970472700682D-07    1.4425916241272D-06    3.2477362910237D-06
     2.4933938650861D-07    8.2279892881617D-06    1.7787490115730D-05
     6.4056935694063D-05    2.2099711586829D-04    4.9915408570847D-04
     2.0158250140355D-04   -9.0587097967603D-04   -1.5888300798985D-04
    -2.0158321258947D-04    9.4914054650711D-05    7.2848892303502D-04
     5.2184852406506D-04   -1.8342385748169D-04   -2.4808003743055D-04
     1.9887786443437D-04   -3.1149942458873D-04    1.5398543716821D-05
     2.7111264897280D-05    1.3272798395973D-04    3.0321627182478D-04
     8.7898390532992D-05    8.0738281772279D-05    1.3714548151673D-04
     6.8726020341323D-05   -3.3995998896859D-05   -1.2844676360939D-04
    -1.2497763534367D-04   -6.1047250060766D-11   -2.1428629167937D-06
    -2.9683679872966D-10   -4.0360663240720D-10   -6.1847321268555D-08
     5.0981406088449D-08   -6.3336637678668D-10   -6.6498224796912D-10
    -3.5181396572535D-08    8.2174272344599D-07    1.0384402218201D-05
     1.0788904860321D-05   -1.7855571666762D-07   -7.0096654026878D-10
     5.9010542332314D-06    3.3037314554836D-08    1.1052541075298D-09
    -5.6945330630757D-09    1.7378869530543D-09   -6.5288731157927D-07
     3.8869014532530D-08    4.9044220227904D-06   -2.1432330087260D-07
     2.0401048322079D-07   -1.4406917872282D-08   -1.3498337655344D-08
     2.6314244013924D-08   -6.8423336349466D-08    9.2375371630318D-08
     7.9067528299228D-08    3.7632322006353D-08   -5.5212864603315D-07
    -3.0091050931890D-07    2.4838343402036D-06   -3.7304929278893D-06
    -1.3672529072187D-07    4.4444927144290D-06   -3.3746699800428D-06
     1.9142204127982D-05    2.6636134691086D-05    1.1900123062347D-04
     4.2031250508447D-04    3.2372134387374D-04   -1.2777017518678D-03
    -4.2539385638055D-04   -3.1683912065420D-04    2.7289210795529D-04
    -1.7356780885667D-04   -6.5950408940676D-04    2.4617369209140D-04
     2.0692132876986D-04    9.3547016515127D-05    5.2691037466921D-05
    -3.3342104450436D-04    2.3843745513801D-04   -1.5931537877968D-04
    -1.6904755159137D-04   -8.3213785876014D-05    2.8908313598194D-05
     6.3985482228318D-06    5.7726680316719D-05    6.4311352556649D-05
     2.8083103550785D-05   -2.3688529251273D-04   -7.4364438754418D-11
    -1.6259230316409D-06   -3.6427625665033D-10    3.5393119488274D-07
    -6.2373581678153D-08    5.2735481898890D-08   -8.2168307430442D-10
    -8.8838378979699D-10    4.0191312622402D-07    1.3484712173801D-07
     7.3237774724038D-07    4.3712891365721D-07   -1.7355900743403D-07
    -5.1130286210345D-10   -1.5664370996953D-06    2.4307441345782D-08
     3.5590437617281D-10   -6.4484783932017D-09    9.5454436050829D-10
    -6.6161605683587D-07   -2.6776621039315D-08    4.5793444871779D-07
    -1.7212632106467D-06   -1.0446885521201D-07   -3.7958873094118D-06
    -1.6542636004196D-08    3.3080193271135D-08    2.9635147912725D-08
     7.3722930935776D-08    1.0051320088404D-07   -6.1051782566115D-09
    -5.1323932938883D-07   -3.7147150113653D-06   -3.0074452881535D-07
    -6.4457900242672D-06   -2.1091938243084D-06    1.8475466814684D-06
     9.3113374732777D-06    1.7230928777786D-05    5.1342293573112D-05
     1.5378316169202D-04    3.4906212470739D-04    3.9293861477309D-04
    -6.1701691797445D-04   -4.9908937284793D-04    2.6505350067120D-04
     3.9961901956178D-04   -1.6712212903629D-04   -7.2137820875028D-05
     1.3465734439133D-04   -2.1577364022142D-04   -4.4226073520843D-04
     3.0702331239480D-04    2.4851408770864D-04   -1.1313515876479D-04
     7.2513577588114D-04   -3.7301498081685D-05   -2.8847516392064D-04
     2.1608200121643D-04    1.1289346292950D-05   -6.9863075888633D-05
     1.0211126985353D-04   -2.2184512386192D-04   -8.0167722140648D-05
    -8.6635945422168D-11   -2.5862353046769D-10   -4.2666696815024D-10
    -4.0414487947304D-07   -6.2532659399290D-08    5.4146122094421D-08
    -1.0000051737672D-09    7.2528165358799D-08   -3.8148883670039D-08
    -9.9146743086340D-08    7.3190038540454D-07    4.2381215243066D-07
    -1.6834509952580D-07   -1.0575722499130D-09    5.7572943393582D-07
     8.3976574012207D-09   -5.1271137972422D-10   -7.3489564739403D-09
    -1.8547854211373D-10   -6.6207613083855D-07   -2.0095911505011D-07
     6.3402355844379D-07   -3.2048688913779D-07   -2.2257660597648D-07
     1.9757080711068D-07    2.4102477482194D-07   -4.2598866567371D-08
    -7.3151854457777D-09   -1.5558531316917D-08   -1.3607536872776D-07
     1.7959434071496D-07    6.5048238488212D-07   -1.4294427552045D-06
     1.0493971110390D-06    1.4519755468369D-06    5.5802793885310D-06
     3.5896699377827D-06    7.9414467152351D-06    1.7449862505638D-05
     3.3270070714204D-05    1.2649827115184D-04    3.8349877431115D-04
     8.6444476926302D-04   -5.7436741231901D-04   -2.6895981836302D-04
     2.9362068456121D-04   -4.6148823281153D-04   -3.7106847286039D-04
    -8.0062827582439D-04   -3.5888882365459D-04    2.3558509401873D-04
     4.5347397241117D-04   -6.0181518353797D-04    1.5606238926586D-04
     9.8283707931590D-05   -2.8517000996974D-04    1.7172678380674D-04
    -1.9606211073715D-05   -1.5890499031828D-04    3.1557752979959D-04
    -4.8628989742782D-05   -5.8329378045203D-06    6.8804173168253D-05
    -1.3287405465734D-04   -7.5877986366279D-11   -2.2677214002887D-10
    -3.7499853773313D-10   -1.2411894376534D-09   -4.9278624283413D-08
     4.3543994574510D-08   -9.0050073677315D-10   -1.9980046605341D-09
    -3.0255127751896D-08    6.8092639240476D-08    5.7108765409264D-07
     3.2474318139462D-07   -1.2906412007866D-07   -1.1970599778396D-09
     4.5133118911970D-07    6.0813153404384D-09   -1.0186452283181D-09
    -6.4497001385518D-09   -1.1437397797571D-09   -5.0572582663982D-07
    -1.5803740179159D-07    4.8211353998602D-07   -2.9605666892037D-07
    -1.7187233011658D-08   -2.7294982638083D-07    3.1786651631955D-07
     5.1706994631294D-09   -5.2882562375859D-08   -2.8307858273836D-08
    -1.4227479280473D-07    4.9391729237408D-07    1.5830611634744D-07
    -7.5021618605747D-07   -2.0616166146674D-07    1.5060574348986D-06
    -6.9541070517811D-08   -1.5802304770323D-06    1.7075191254827D-05
     8.4118287456446D-06    3.9709112565272D-05    1.1487617200522D-04
     2.3037789940412D-04    4.6008911993442D-04   -3.5590861622418D-04
    -1.0026533921662D-03   -2.4415688948038D-04   -2.2862064566031D-04
    -1.4154158561372D-04    2.5988308645641D-04    4.2234284054680D-04
    -2.8447096841830D-04   -5.1985243325775D-04   -3.8709652533113D-05
     3.1875085518395D-05   -6.2348214914242D-05    3.5233406714479D-04
    -1.3771891402692D-04   -2.1807156891242D-04    7.3301566174976D-05
     1.7069567732011D-04   -5.9074750382576D-05    4.4380034713779D-05
    -9.1798340907713D-05   -2.7650367072218D-05   -9.3608582136319D-11
    -2.7999268043609D-10   -4.6377432544660D-10   -1.4629723980079D-09
    -5.6139291250679D-08    5.0525674187260D-08   -1.1325115542994D-09
    -2.1804543966153D-09   -3.4657555420376D-08    9.8539249641443D-07
     1.6750805335306D-06    3.6095244477807D-07   -1.4353674177312D-07
    -1.7106197686210D-09    5.1213430071887D-07    6.2874374928150D-09
    -1.7316124540212D-09   -7.9210790598471D-09   -2.1090070361086D-09
    -5.7316005319386D-07   -1.6530015051746D-07    5.0565458087016D-07
    -1.6746206546112D-07    4.2337639022969D-08   -2.2539190799027D-06
     3.0951131597349D-07    3.4818795492356D-09   -1.6192229274812D-09
    -5.5068184262612D-08    2.2640915282426D-05    4.2893070322132D-07
    -3.7789056841342D-07   -2.4158935566356D-07    7.2435857464791D-07
     1.3744522924663D-06   -6.8611457044578D-07   -4.2464642687001D-06
     9.2910306769028D-06    1.3553544739414D-05    4.4856991084599D-05
     1.0011601901620D-04    3.3748102709395D-04    5.6029411578966D-04
    -9.3996524496418D-04   -3.6248399093614D-04   -6.0303374640106D-04
     3.4639376614131D-04    2.6565435148937D-04   -1.8666118621713D-04
    -6.0126757532578D-04   -6.0638947924716D-04   -2.0136665981247D-04
    -1.1996720146579D-04   -1.4317124383337D-04    8.4428549033488D-05
    -6.1750323220098D-04    1.1179169461003D-04    3.1662859248041D-04
    -2.7043123046109D-04   -6.5840711899590D-06   -2.8773257391600D-05
     5.9697688649122D-05    2.1678712054980D-04   -1.2838881882319D-04
    -1.1489053048178D-10   -3.4388824942576D-10   -5.7040783910695D-10
    -1.7241612679156D-09   -6.4169846975378D-08    5.5252590594140D-08
     2.2791041080361D-09   -2.3927677959201D-09   -3.9840855776568D-08
     1.4364404398370D-06   -1.8215548463305D-09    4.0197514216281D-07
    -1.5994101237067D-07   -2.3312156791819D-09    5.8286635907005D-07
     6.3167922062470D-09   -2.5485740151627D-09   -9.5740331288639D-09
     2.1816203759987D-09   -6.5807763376521D-07   -1.6877541537449D-07
     5.2530386668434D-07   -3.7078202453912D-07    4.3741551385820D-08
     3.2760757477126D-07    2.9965747923727D-07   -1.3758437612688D-08
    -7.9713904309707D-08   -3.3198150293627D-08   -1.0004201520887D-08
    -3.8357813271558D-07    4.0501034715836D-07    5.6418834944609D-06
     7.2011620133597D-07   -3.0842084293468D-07    1.7778461517396D-06
    -6.7642310300996D-07    1.2430220162707D-05    9.5389927218829D-06
     6.0897017907636D-05    1.4035341743953D-04    3.1714612112052D-04
     5.4120035727725D-04   -6.0331054049152D-04   -1.3798893317675D-03
    -5.1402064077235D-04   -5.1414207752509D-04   -1.2633086523059D-04
    -2.2629932018582D-04    1.4317415354978D-04   -1.4569947740705D-04
     4.6887509822640D-04    1.3126796209786D-05   -1.4791023816282D-04
    -2.4378737306221D-04    1.6867158956053D-04   -1.3999179149905D-04
     1.7807756794886D-04    2.6856700196266D-04   -1.9770675209487D-04
     1.6033237116586D-04    7.2401063896730D-05    8.0497052461759D-06
    -1.9759292050043D-04   -1.4002263811694D-10   -4.1934819653466D-10
    -6.9635763196576D-10   -2.0290892431226D-09   -7.3617345749287D-08
    -1.4946957108304D-09    6.9068920772046D-08   -2.6350231703257D-09
    -4.5968868242483D-08    1.7048762385802D-06   -2.3351689949073D-09
    -7.5905606492639D-06   -1.7825571494680D-07   -3.0480878796394D-09
     6.6446803648285D-07    6.1376601988140D-09   -3.4151022622367D-09
    -1.1346583186055D-08   -3.1728119145104D-09   -7.6122113749547D-07
    -1.6969209358405D-07    5.4153341395982D-07    2.7582447154116D-08
    -3.2632586107628D-08    4.7152261319284D-07    3.3915617726413D-06
    -1.6180520447538D-06    3.2314312099828D-08    2.5192650443677D-08
    -1.0128547127827D-07   -4.9768807187481D-08   -3.6733529439695D-08
    -8.4953964525045D-08   -5.1980255965317D-07    2.8307838356062D-06
     4.4373835792412D-06    7.8084833015107D-06    4.5497767775313D-06
     2.9938678158972D-05    1.2549408190350D-04    2.3194607216685D-04
     4.2653269645870D-04    6.0832102968611D-04   -3.8356516108457D-04
    -8.1315072385878D-04   -3.8958836627133D-04   -3.8844187595642D-06
     1.9481396439267D-05   -7.8514178628436D-06    1.8119430629613D-04
    -1.7327284520342D-04   -1.2954321253374D-04   -1.1911615277370D-04
    -1.2581279048711D-04   -5.8728370122850D-05   -2.6531102199457D-04
    -3.9003522078871D-04    3.2043730100442D-05    6.4768313512470D-05
    -2.1030816937100D-04   -5.5309490450220D-05    1.0965861035763D-04
    -3.8323960755894D-05   -2.3450858052476D-04   -1.6914235489231D-10
    -5.0677196538407D-10   -8.4224658667192D-10   -2.3813327406507D-09
    -8.4791528771539D-08   -1.8174170411728D-09    8.1577827308161D-08
    -2.9034029423847D-09   -5.3178050762376D-08    2.0335329555412D-06
    -2.9208553297895D-09    3.2506720397959D-07   -1.9867784272224D-07
    -3.8412580826211D-09    7.6141477478664D-07    5.6751721624975D-09
    -4.2620232212319D-09   -1.5513614602901D-08   -3.4806874091196D-09
    -8.8413053706885D-07   -1.6877876284540D-07    1.9725618132649D-06
     1.1309398744665D-06    1.3571669092218D-06    4.7495267967898D-07
     1.3825306047660D-08    2.6907151245525D-08   -3.3301034649099D-08
    -1.5267413057958D-07    8.2447755125913D-08    2.1178958698933D-08
    -1.1236245597716D-07   -9.5355232745926D-07    7.0114135889305D-07
     3.8332131484533D-07   -1.5702695856365D-06    1.0579045995790D-05
     2.1141423622658D-05    6.8878343851060D-05    6.9896156821741D-05
     2.4710490614601D-04    5.2698951599056D-04    7.8544621421896D-04
    -6.3042852453970D-04   -1.0728364554911D-03   -4.8789863489252D-04
     3.4733330655130D-04   -1.1305494084673D-03    3.5608410869205D-04
    -4.7267365671246D-04    5.4429995399950D-04   -7.8823206741055D-05
     7.8782816216293D-04   -4.3447529645207D-04    7.6962195474520D-05
     1.4225021012182D-04    1.5003313711000D-04    4.2431557710964D-04
    -2.0755637304768D-04    2.7447006395824D-04   -6.0648409918060D-05
    -8.8896826454932D-06   -1.0622427914079D-04   -1.4826754219983D-04
    -2.0211265268566D-10   -6.0572388453324D-10   -1.0072671648505D-09
    -2.7796789607028D-09   -9.7817486694073D-08   -2.1809396654241D-09
     9.6670205052638D-08   -2.6787242236189D-09   -6.1599168056969D-08
     2.4396698420519D-06   -7.6844394227735D-09    3.8177823378097D-07
    -1.8397218756952D-07   -4.6783616233736D-09    8.7733486708824D-07
     2.2122995892846D-07   -5.0037528646264D-09   -7.7019006085441D-09
     2.8611721514019D-08    3.5988132922845D-06   -1.6620361465174D-07
    -6.8895231244083D-06   -4.2041435648510D-07   -4.7793742383777D-08
     4.5480773179012D-07   -1.4269337618939D-08    3.6320636189585D-08
    -8.9708972316494D-09   -5.7424814076610D-07    7.6418486587861D-08
    -9.3836165795423D-08   -2.8480990847466D-07   -1.1741489177685D-05
    -1.0332601106385D-06    3.1914832125045D-06    1.2374986104582D-06
     9.8530041068311D-06    2.4851054570391D-06    3.9558924452604D-05
     8.4112537229078D-05    3.1789873518236D-04    5.3109367132792D-04
     9.9454513351086D-04   -1.0114880628089D-03   -8.8813157910448D-04
    -7.4671558017586D-04   -6.7063011524542D-04   -9.2519051618638D-05
     2.0597140445569D-04    2.6984399049551D-04   -1.1816585881725D-03
     1.3561107813938D-04    3.0126515625072D-04   -4.3152724340579D-04
     7.9325502356691D-04    1.7049148433767D-04   -1.6735987440231D-04
    -2.3948846734477D-05   -2.6041262836751D-04   -1.1483281300409D-05
    -1.6970343985514D-04   -9.0859982508390D-05    1.7677183117287D-05
    -1.8174145481109D-04   -2.3849281690715D-10   -7.1486797854594D-10
    -2.5338702316422D-07   -3.2243607759714D-09   -1.1320261798328D-07
    -2.5153919175810D-09    1.1538737602207D-07   -2.9174708368767D-09
    -7.1635105022169D-08    2.9506331125822D-06   -4.5680754027057D-09
     4.5230521219015D-07   -6.9226268492345D-09   -5.5134445817706D-09
     1.0324965397126D-06   -1.0164266703038D-07   -5.5377141071316D-09
    -6.7181921738850D-09   -3.7398266549569D-09   -6.5327271470199D-06
     6.4149189060611D-07   -3.6532494247788D-07    4.4537007296770D-06
     1.7545484266748D-09    4.4236495680805D-07   -8.6460328347190D-09
    -3.0066838476261D-08   -7.4982190625987D-08   -2.0774620892042D-05
    -1.6941755024446D-07    1.8838994480280D-07    3.1322640281290D-07
    -7.3360555164273D-07    9.4801905775115D-07    3.1991110363706D-06
     6.0503623221345D-06    1.2102272227581D-05    9.9506911863280D-06
     5.5438434035989D-05    1.1839957782813D-04    3.8861324876750D-04
     7.2878340111336D-04    6.0525839504665D-04   -7.4980917284150D-04
    -1.4853326149436D-03   -8.1776620648476D-04   -3.7894061090737D-04
    -3.5299575687260D-04    2.0691838450024D-04   -4.8258241008132D-04
    -1.0956626463786D-04    1.7989054448190D-04   -3.2481608516057D-04
    -2.1871745083082D-05    3.4900107911385D-04   -6.3559618021173D-04
    -3.4386081914477D-04    2.5309106157030D-04   -1.1940277370317D-04
     2.1804543544875D-04    1.7484383172893D-04   -8.4764010976951D-05
     2.3527591391695D-04   -1.6312575098526D-04   -2.7752323852876D-10
    -8.3189145601997D-10   -1.5399911211179D-07   -3.7156849257380D-09
    -1.3161948611355D-07   -2.9320008467911D-09    1.3883756610724D-07
    -4.1252382369265D-08   -9.2062821176852D-08    3.6082514434800D-06
    -5.3027751716224D-09    5.4100319367843D-07   -7.9124770712918D-09
    -4.1762427347962D-06    1.2046331561489D-06   -3.4868256836227D-09
    -5.7485391432262D-09    5.0246414201583D-07   -4.7983257105064D-08
    -3.0470908662383D-06   -1.6148117054340D-07    5.2583181866946D-07
     4.3571644881006D-06    2.8174049360064D-08    4.2034480236123D-07
     2.2019738222593D-08   -5.5938911654688D-08   -3.3400945695898D-08
     1.2302222767031D-07    2.2023977315976D-07    2.1525801736590D-07
     1.7278904241423D-06    4.9614090373191D-06    1.0660466179262D-06
     2.9803067170882D-06    9.2802248663076D-06   -1.9657222827207D-06
     2.4170563086266D-05    9.0024679183370D-05    1.7778244399938D-04
     4.5901003295726D-04    8.1815968540415D-04    6.3833344497233D-04
    -8.3504043019767D-04   -1.2489165249442D-03   -8.2884313306856D-04
    -1.6009253454809D-04    4.3428999723468D-04   -8.7368131918369D-04
     3.8219025551669D-04    1.9988444537193D-05   -3.8676996779817D-04
     7.4525264569382D-04   -2.6805016570456D-04   -1.8647968648020D-05
     1.2560129275534D-04   -3.2677229121372D-05   -1.0483932448073D-04
     1.8929194822222D-04    7.7004426711506D-05    1.8604058856312D-04
    -1.8700587034734D-04    3.6508098001096D-05   -2.5183267358455D-04
    -3.1796389207096D-10   -5.8781285021199D-07   -1.5588372025704D-07
    -4.1483731830759D-09   -1.5390790596937D-07   -3.3571144396739D-09
     1.6849290820877D-07   -2.1579995606542D-09   -1.2191799259879D-07
     2.5558500419249D-06   -6.0075040413809D-09    6.5386483767561D-07
    -8.8462380815005D-09    1.3165625057438D-07    3.3365824029232D-07
    -2.9684665465208D-08   -5.5210707675584D-09    5.3615301974425D-08
    -1.5990330871720D-07   -1.9348754402892D-07   -9.3888359282881D-08
     5.3438605997243D-07   -7.5175096914681D-06    1.4781212468830D-07
     2.2074504128614D-07    5.2402370411708D-09   -1.6896462494218D-09
    -8.3549624993034D-08   -8.2065112931966D-08    6.5217406295376D-07
     8.3307487891266D-08    1.5319590685805D-08    9.0954265348914D-07
     1.3343669004982D-06    4.9233082501334D-06    9.8082226046452D-06
     1.4997441168551D-05    2.1686524009375D-05    3.0891574220725D-05
     2.4172417810980D-04    4.5503873324927D-04    1.2329358197978D-03
    -2.1601903550683D-05   -1.3743767750511D-03   -3.2277910877109D-04
    -1.5715768650180D-04   -6.3954002428933D-04   -3.2802733185009D-04
    -6.4690855199114D-04   -1.0824998849710D-04    4.5048024446892D-04
     2.5729263531398D-04   -9.3688408453051D-04   -3.9515120062222D-04
    -4.7823203595311D-04    1.1058905258070D-04    1.0301358059242D-04
    -2.8651351084359D-04    2.4729576166883D-04   -1.4716159665759D-04
    -1.1547341646272D-04    1.4461950937328D-04    1.1102495639415D-05
    -2.4383166956571D-04   -3.5810852570588D-10    7.0597922461710D-06
     1.7413470903054D-07    2.4076377797080D-07   -1.8343100382223D-07
    -3.7700184694762D-09    2.0635516846796D-07   -2.3988509911249D-09
    -1.4041147005520D-07    2.6765492292015D-07   -6.6320672154376D-09
     7.9924386909189D-07   -9.6604700820370D-09    1.4963834373059D-07
     4.8153820281154D-07   -1.3006379703605D-07   -8.1673382811448D-09
     7.2655292764974D-08   -1.7214558079406D-06   -1.8765540848702D-07
    -1.3442496504323D-07    2.4772810302443D-07   -1.1561941967362D-06
     4.6092159953632D-06    1.0501278532543D-07    5.6624503151364D-06
    -8.0189851946221D-08    1.4645323109316D-07    3.1624920900932D-08
     1.0706287878659D-06   -2.5893756886487D-07    4.1614515264232D-07
     3.0218549130903D-06   -8.7211965185472D-07   -3.3773300716337D-06
     7.8310446232866D-06    3.4474766147404D-05    4.1766502106073D-05
     1.0663805547709D-04    2.8524059425439D-04    4.8046952861812D-04
     9.5236646406751D-04   -5.2638780753861D-04   -1.4284194814804D-03
    -1.2454565805716D-03   -3.4135309652054D-04    2.4824553792898D-04
    -4.0304069995303D-04   -3.4133472114624D-04   -1.2056326690295D-03
     3.2665179844072D-04   -3.5044286949860D-04   -2.9598710693350D-04
    -1.0919845091399D-04    2.5364003187763D-04    1.9749404994652D-04
    -2.8256003780992D-04    2.0390789126330D-04   -3.6567061397877D-04
     4.4465822122455D-04    9.3508140297054D-05   -1.0715224999305D-04
     1.1279956060373D-05   -3.1166821336971D-04   -3.9581283930463D-10
    -9.4952586155439D-07    1.6213411647976D-07   -2.3684102320602D-09
    -3.3024714213363D-07   -4.1455386923448D-09    2.7558711699789D-07
    -2.5300798397133D-09   -1.6278091706033D-07    3.1114832588238D-07
     5.0274126376065D-07    4.7205122877632D-07   -1.0282122823779D-08
     1.7549603355949D-07    4.9942216259464D-08   -1.5861062113187D-08
     3.7205713235605D-09    9.1369075435673D-09   -2.3657172280890D-07
     1.1102410027076D-07   -1.4169070857316D-07   -7.9159360395480D-08
     2.3164931357801D-05    1.3689959473232D-07    3.0690277968783D-08
     3.2975191228721D-07    1.3788798304044D-08   -2.6146170050742D-07
    -2.9106370524672D-06   -9.9958097142619D-07    1.2318444448015D-07
     9.9058988989420D-08    1.1786739986369D-06    2.6365463185492D-06
    -1.1482973996622D-06    7.5630595929892D-06    1.9059108264637D-05
     2.9275091427723D-05    2.1795816246893D-04    3.7101829259207D-04
     9.1556448749495D-04    7.0894815516556D-04   -9.7255143116896D-04
    -1.3854366855797D-03   -7.4086328952917D-04   -3.7211319755386D-04
    -4.1539115004107D-04    1.9646045872086D-05   -4.9076595957104D-04
    -2.0032648288807D-05   -2.5656602384063D-04    8.1387105032255D-04
    -1.5935557986737D-04   -2.7866577480294D-04    9.8397140541037D-05
     3.3644191996769D-04   -2.0535314207867D-04   -1.8083228103603D-04
    -1.6324708203404D-04    3.2124801415835D-04   -2.2476170418792D-04
    -4.1187009287015D-04   -9.2453621649780D-05   -3.1965414079868D-04
    -4.2861323553585D-10   -9.7740390721175D-07    2.0242020743794D-07
    -5.7141836153603D-07   -2.8043109597292D-07    1.3220711066266D-06
     2.2163969979094D-06    2.9514516294928D-05   -1.8925951464436D-07
     3.6228263640667D-07    9.5061428611349D-07    2.6221416228686D-07
     2.8151689797860D-09    2.1413385053274D-07   -7.4855418822748D-07
     1.1897943153389D-09    6.8417534868979D-08    8.7194833442848D-09
     4.5253702134649D-06   -9.7007857528622D-08   -1.3395223370022D-07
    -2.6326703372685D-06   -5.1475434090647D-06    1.4639404425322D-07
     3.6152811573984D-09    4.6402449279789D-07   -5.3326405208133D-08
    -2.3576470440219D-07   -1.9475969553278D-08   -1.8915412487291D-07
     2.5801916355953D-07    9.3586362290198D-07   -1.8673083119455D-06
     1.1810505651184D-07    2.3259003641913D-06    3.7770658280529D-06
     3.5038614634356D-05    1.0507423579091D-04    1.7702619535095D-04
     4.6287213536237D-04    5.5288909455195D-04    3.4322909947931D-04
    -1.5272177133841D-03   -6.0828924558288D-04    2.8357046807082D-04
    -1.6354505610481D-05    1.4273684470711D-05    8.7804397194991D-04
     5.2687245755701D-04   -4.6658951292259D-04   -3.0020623673228D-04
     1.1287324341834D-04    5.3996522763709D-04   -1.5004451668260D-04
    -3.8049780847147D-05    4.2004653204643D-05    5.0934610353427D-05
     6.9534256195770D-05   -4.8268213319503D-05    6.1294003077338D-04
     2.2485314272509D-04   -1.6466221662473D-04   -3.4548604071308D-05
    -3.2134722259059D-04   -4.5387817786668D-10   -1.0414963438041D-06
    -3.2502114864209D-07    8.6271628105549D-06   -7.7417574425166D-07
     1.5632007096004D-06    5.2418536710844D-07   -9.7399422287855D-06
    -2.2169549918670D-07    4.2423708937098D-07    6.3155558438979D-07
     2.9783923172925D-07   -3.2908144019434D-08    3.0571119208752D-07
    -1.6245036465149D-06   -1.3882832771260D-06    3.9276801387671D-08
     1.2123125596351D-08    6.5832703149361D-07   -5.5946848674489D-08
    -3.8040747224856D-08   -3.1702512114184D-06    3.9193624628740D-07
     1.3124320399290D-07    2.2041076813633D-08    8.1630880830841D-07
    -1.5122145432959D-06   -5.0208091888818D-07   -2.4582996713479D-07
     1.4260983771088D-07    4.7245741380300D-07   -9.5743044269403D-07
     2.7853645661836D-06   -6.4310606867963D-06    2.0728058966507D-05
     2.0598286888584D-05    3.6330023990601D-06    1.7105609059241D-04
     2.9108614896201D-04    7.5633318979366D-04    8.1928020203208D-04
    -1.1041386602627D-03   -2.1227981816637D-03   -5.1321695114781D-04
     1.2430406180469D-04   -1.3061818861712D-04   -8.0619161840242D-05
    -6.6353336461923D-04    5.6267147556352D-04   -2.5244586849157D-04
    -4.6831874996699D-05   -6.1343986852421D-05   -1.6023439477502D-04
     1.7234002183957D-05   -1.7945241670035D-04   -2.4877984441398D-04
    -2.6637499344139D-04    1.4852363427841D-05    4.6049477453938D-05
     2.4111549379046D-04    9.3508771495005D-05   -1.6607970002402D-04
    -1.3072315204247D-04   -3.7258294796182D-04   -4.6969888720759D-10
    -1.0958502276060D-06    8.8668104936024D-07    2.0800154035057D-09
     6.2188831052574D-07   -3.1313303617507D-09    2.6121520656319D-06
    -4.9130546559144D-07   -1.5712054528911D-07    3.9424035831123D-07
    -7.3814620080665D-09    3.3953931208402D-07   -5.7737615960973D-09
     4.2782977199680D-07    4.1067031063655D-06   -5.7500327521513D-07
     5.6043072332690D-08    2.5915651644818D-07    1.0665594773411D-06
    -9.9823833675782D-07    8.7636929317841D-07    8.8239487717748D-06
    -5.5892555563834D-07    7.2397721944852D-08    8.6931935473207D-10
    -1.7331417091754D-05   -2.7173549038807D-08   -5.3185029214522D-07
     7.2564057601271D-07   -3.0633256424699D-06   -6.5419622563502D-07
    -5.5337130913796D-06   -3.6616812963258D-06    2.2316291615538D-06
     1.1893814581291D-05    1.6801394048018D-05    6.8239513353385D-05
     2.3068976537677D-04    4.7598023923773D-04    7.4962171197595D-04
     3.6890245489275D-04   -1.4268071196031D-03   -1.6970344954938D-03
    -1.6179147202057D-05    5.8245128935919D-04   -6.9077170075902D-04
     3.6118767126745D-04    5.2444275982055D-04   -8.2247662511491D-04
    -2.0888663999300D-04    5.7185272565648D-04   -1.0856957807282D-04
    -2.1300330662807D-04   -6.0526243026430D-05   -9.6497771413825D-04
    -2.4096775258014D-04    1.4267318444610D-04    4.8242118920636D-04
    -1.8396587244873D-05    8.8340184357194D-06   -2.2609521270593D-05
    -4.1441323786401D-04   -6.5545060050319D-05   -2.3525780634536D-04
    -4.7515909890746D-10   -1.1562417080031D-06    3.3601096275929D-06
     1.6942161241311D-09    8.8192839291852D-07   -2.6690640958493D-09
     3.2508103326466D-06   -4.7971335487485D-07   -3.4943296724177D-08
     3.1113696129548D-07   -7.1106508739441D-09    3.8838364049198D-07
     8.3031906358653D-08   -3.8494797656355D-08   -1.8089257166915D-05
    -2.8097679072255D-07   -9.0250117906176D-06   -3.8710017081817D-06
     1.5507230672419D-06   -9.7852563893786D-07   -1.2726191713288D-05
    -2.4328503824344D-08   -6.8722679348276D-06    4.6748661112522D-07
     4.2285271048607D-08   -6.5759379390249D-06    1.1816297220868D-07
     7.2695027231367D-06    3.6102159826884D-07    5.1430240187224D-07
     2.6247102630787D-07   -2.9995019883697D-06    1.4889223422600D-06
     5.1637861962341D-06    9.5907854788040D-06    8.3308851690498D-05
     1.2462860155140D-04    2.1225488280303D-04    5.3644323466438D-04
     9.1764811682613D-04   -2.8275713905439D-04   -1.9999882776265D-03
    -5.7647752113003D-04   -3.5949783197987D-04   -4.1103486142658D-04
     7.1999210573964D-04    1.6305850849202D-04    2.2581901026881D-04
    -6.7507647839017D-04    6.1883357530264D-04   -1.0332307660224D-03
     7.4195058447785D-04   -2.6906679354586D-04    3.4933817137320D-04
     4.8752317674400D-04    1.0077376761369D-04   -3.5861053428666D-04
     3.1644177257257D-04   -7.3652902154915D-05    3.0290129548074D-06
     2.2469525091415D-04    1.8882716988962D-04   -4.3876354143578D-04
    -3.0605876764817D-04   -2.4083198498598D-08   -1.1356949108042D-06
     1.2701226042672D-06    1.3545066490221D-09   -1.2189041901672D-06
    -2.6736391525804D-09    9.8539379665764D-07   -5.0303919991978D-07
    -3.5229994977432D-08    3.5928431012318D-07   -6.8476843167880D-09
     4.4566297178969D-07    6.3766540031458D-07    1.6019116779949D-07
     3.7828686359080D-07   -3.7650509000729D-07    1.7157637610853D-07
    -4.2461049079811D-07    2.0014371040776D-06   -8.7035650669336D-06
    -1.3074184328273D-06   -1.0428430878860D-06   -2.0735470460405D-06
    -1.0147423219877D-06   -7.5745712459676D-08    2.2507063622055D-06
     5.1129302826130D-06    1.2873781081179D-06    2.4441905612286D-08
     1.5018414578418D-05   -1.5724502460352D-06    2.3775954767065D-06
     8.1147021243190D-08    2.1524969345649D-06    2.0280430549309D-05
     9.1504433512105D-05    1.0783428695424D-04    3.0659236266689D-04
     7.3671980017904D-04    3.0068900655977D-04   -1.2185885262086D-03
    -1.5708156438638D-03    2.2584570342248D-04   -9.2989267649214D-05
    -3.7748420143013D-04   -4.8499424725904D-04   -1.0283868733739D-04
     3.3724725933935D-04    1.4849404698634D-04    5.3157867512212D-04
     1.1914528857013D-04   -4.7117698013589D-04   -1.2111680194024D-04
     4.0957887613038D-04   -5.2022840206447D-04    8.8644774322275D-04
    -3.6943284373517D-04    4.5525642249032D-04   -4.4823340558630D-04
     2.9532591767111D-04    4.6847430309776D-04   -1.2129842762289D-04
    -7.8521295189533D-06   -5.0941788908539D-04   -1.8150237438113D-10
    -6.6408577481399D-07    1.7580911353184D-06   -5.5188488202301D-08
    -7.4891955042521D-06   -2.6640580438892D-09    7.8974704119780D-07
    -4.1697251442790D-06   -3.5513350462634D-08   -1.3913028515988D-07
    -6.8713654712904D-09    5.1075753220827D-07    1.0994121375287D-06
     2.5218403410790D-07    3.5305407972807D-07   -1.4182303480680D-07
     2.1581258088543D-07   -2.3481526334495D-07    1.2614244514818D-06
    -3.6388667551396D-06    1.8956908204442D-06   -3.9373265014385D-07
     2.1060453380429D-05    2.0805571668813D-08   -9.9652890079433D-09
    -1.2650772682283D-07    2.1108659678424D-06   -3.5557863866875D-07
    -7.7329614164471D-08   -1.2649202244317D-06   -1.1725659733933D-06
     4.2809365642610D-06    9.6099269539022D-06    7.0309221278028D-06
     1.7747100218478D-05    8.1788592292694D-05    1.7823099426316D-04
     5.2693106272585D-04    8.2779239634167D-04   -1.9212821917203D-04
    -1.6500397866863D-03   -7.6158379965217D-04   -4.1257532742286D-05
     5.8044691221778D-04   -1.9539135704568D-05    7.9476917389638D-04
    -5.0832303578888D-04    8.6831520624107D-04   -4.7302925289827D-04
     5.0288929467641D-04    1.3010714288180D-04   -4.6213048084194D-05
    -4.9182286491427D-04    3.0984307377314D-04   -7.8055803439528D-04
     8.1010428647438D-04   -3.9803368418183D-04    1.3415363079986D-04
     4.0431149777260D-05   -1.4211973756682D-04    9.3985789628021D-05
     2.2281534640682D-04   -1.3089714361196D-04   -2.6803219350078D-04
     2.2706611717479D-08   -4.2174482867858D-07    2.6876755926257D-06
    -2.1360954796475D-07   -9.3930775360540D-06   -4.4269216474352D-09
    -5.5196237825181D-09    1.1406965171413D-06   -2.3357577458370D-08
    -5.4763393385554D-07   -7.6773627281052D-09    5.8658291685278D-07
     1.6735765958021D-06    3.7920554039403D-06   -1.2538062145148D-06
     6.9883374313090D-07   -1.1037686198336D-06    2.4942272413860D-07
    -2.5898295750456D-07    6.6871596164446D-07   -1.7348265491309D-06
    -1.4564859733638D-07   -6.0767671624936D-07   -1.1877876383241D-08
     2.1276035723224D-08   -1.0213747458348D-07    4.3998767529030D-07
    -3.1174545225676D-07    4.1466245667747D-07   -2.1426030391103D-06
    -6.7917386937860D-06    1.2616204238954D-07    1.0202137773661D-05
     1.8138419859687D-05    5.8867808215837D-05    2.8875290542720D-05
     2.5924789019811D-04    4.9853962961183D-04    5.7992081269259D-04
    -7.8833188496982D-04   -2.0804627297526D-03   -7.9710709818121D-04
    -1.5764693762418D-04   -1.8359948796050D-04    5.4782521520853D-05
     1.1476216499722D-04   -2.1772775097599D-04   -1.5724104048245D-04
    -3.2653608983539D-04   -1.3723582481670D-04    1.8207798506677D-04
     2.6795571557570D-04    5.7280324825754D-05    5.2947513923983D-05
     6.4550522282089D-05    1.3751255303218D-04    2.5973259721713D-04
    -1.6730827446124D-04    4.6612779519386D-04    6.2309238267769D-05
    -1.5573691313259D-04   -1.7689434468340D-04   -1.3092269361733D-05
    -1.7121408997659D-04    1.1052545843432D-08   -6.5266455272226D-07
     1.1206371290803D-06   -2.0866928657631D-06   -9.7830188313169D-07
    -1.3235698869893D-06   -1.9012609169167D-06    4.7409427426781D-06
    -4.0155506853526D-07   -4.4812138800534D-07   -9.1247393881440D-09
     6.7708855751497D-07    1.3126216163967D-06   -4.0526927280892D-08
     3.6454860058074D-07    1.1962134838895D-06    1.9286821766879D-06
    -8.2635238506893D-07   -1.6731659974148D-07   -1.5529082844298D-06
    -2.4040115106622D-06   -1.1839976198917D-07   -4.5039521864384D-07
    -4.6882608364374D-08   -4.9734597433218D-08   -3.7979872472123D-07
     4.1749555095365D-07    6.3875137435545D-07   -4.7092121082863D-07
    -4.5170645298437D-06    1.5242886530288D-06   -2.1344159957378D-07
    -1.3654441126002D-06    9.8962067620539D-06    3.5119319358402D-05
     9.5125158567780D-05    2.9585139846193D-04    6.9840695518789D-04
     1.4143707709531D-04   -1.9539767093533D-03   -1.5499341931915D-03
     2.9397311166429D-04    6.0081671352638D-04    7.9788358812278D-04
    -6.3769309571969D-05   -2.6736107733196D-04    1.4620915853490D-04
    -1.3676141421188D-04    5.5759088865571D-04   -2.5107856128475D-04
     1.5173108151366D-04    2.2934640190172D-04   -1.8972648563668D-04
     5.9461345571935D-05   -1.2034996210477D-04    2.2884271070450D-04
    -3.1049715478380D-04    4.1426267065153D-04   -7.3103642619770D-05
     4.0821928101991D-05   -9.5705405375160D-05    2.1784623791434D-04
    -1.9978949913407D-04   -2.8020561552960D-04    2.1147135039388D-08
    -6.3744680572771D-07    1.6825119563299D-06   -6.5894248791107D-07
    -1.0979606115411D-06    2.4757343555544D-08   -6.6360569161941D-06
     2.5847846916007D-06   -6.9031732863033D-07   -9.7012954918956D-09
    -1.1543011492274D-08   -1.0188009777228D-05   -3.2931082301654D-08
    -7.8232123415862D-07    4.1226081102944D-07   -5.9998099989126D-07
     4.1898394659259D-06   -1.5415007993127D-06   -8.9013135311294D-07
    -8.7343805837365D-06   -6.6316342545971D-06    8.8792301385622D-06
    -3.9203594954492D-07   -7.1756893711833D-08   -1.4841080610234D-07
    -4.8780278469933D-07   -2.3717570937070D-06   -4.3272974015427D-07
    -2.6488620833656D-07   -6.1846678748272D-06   -2.0723563815359D-06
     4.7520551108903D-06    4.3883535557414D-06    2.6484251885685D-06
     1.9439809502220D-05    8.4154511955276D-05    4.1542319812002D-04
     6.5180595846123D-04   -2.4547965894857D-04   -2.0966514668326D-03
    -3.5477070079233D-04    3.7925452513236D-04   -1.2147454401318D-04
    -8.5883196353984D-05   -5.4214703629448D-04    2.9236551724863D-04
     1.0036010680608D-04    2.6567388071756D-04   -7.4253737180516D-05
     1.0281558063446D-04   -4.7840888230229D-05    1.5185601878887D-07
    -3.4076021205910D-04    7.9913312436335D-05    2.8609556088085D-04
    -2.3731205615337D-04   -6.4045026851722D-04    3.7971545018698D-04
     3.1304997452291D-04    2.0148132197179D-04   -1.8174531950182D-04
    -2.6562199122740D-04   -6.2371157715853D-05   -1.8397827883720D-04
     1.2417088326374D-08   -5.9731095292150D-07    4.2524597873488D-07
     3.6689788392761D-06   -7.2174475532845D-07   -2.8588022008540D-08
    -1.4110875634165D-06    5.6840165369125D-06    1.6530300471943D-05
    -1.2013341399881D-08   -1.4667270175602D-08   -3.3121884511163D-07
    -3.9268700618210D-08    5.7452853427818D-07   -1.4284041469723D-05
     6.0157815289343D-07    6.1117326124457D-06   -6.8151881588108D-06
    -2.5065653485075D-06   -6.1435168784836D-06   -6.2288187008849D-06
     8.4661521571618D-06    1.3434356782988D-06    2.4997380497610D-06
     3.1844672417638D-06   -9.3666543729381D-07    3.5227932099440D-07
     4.3854483306176D-07   -6.8494443815640D-07   -1.0216747099901D-06
     4.7997563316871D-07    4.1286864969949D-06    2.8038319653998D-06
     8.2800163860550D-06    2.0099633769401D-05    1.7471639037875D-04
     3.5723842612001D-04    3.6222565684126D-04   -8.4641740562640D-04
    -1.4399797184307D-03   -1.0003515434879D-03    5.1707583146348D-05
     2.6795071117762D-04   -3.0772762111513D-04    7.0510398678352D-05
    -8.8759162394395D-05   -1.1094354952252D-04   -5.8352328145540D-04
     2.7221999267801D-04   -6.7083651345700D-04    5.3892792743418D-04
    -2.0006453997814D-04   -2.3869811817634D-04    3.5635380882814D-05
    -9.7914692642433D-05    6.9255144054858D-05   -1.5126732926951D-04
     1.5801376814200D-04    9.3426797096386D-05    1.9432359733766D-04
     7.8785068175092D-08    4.3383589065433D-05   -1.9643604367838D-04
    -1.5728947063632D-04    3.9224213483963D-09    4.8712671811664D-07
    -2.9526067846168D-09   -5.1846445820878D-09   -1.1925259521024D-06
    -7.0131969841323D-09   -8.6237948701151D-09   -6.6380713551850D-06
    -6.2737192111518D-06    8.1958356667148D-08   -1.7696485780487D-08
    -1.5765509949326D-07   -4.5666909322258D-08   -7.7440215595967D-06
     6.5267177851988D-06   -2.4060221074931D-06    1.8819494864739D-06
    -7.4118304256791D-06    3.2652227321327D-06   -8.8268446441623D-06
    -1.0267832431363D-06   -8.9894700596261D-08   -1.4709123396226D-05
     1.3665119044948D-06   -1.8576602914475D-08   -7.6432038284470D-07
     1.1091419288818D-05    5.0694320330338D-07   -1.5799056840320D-07
    -4.7208185549052D-07    8.9296310271374D-06   -7.1604806561833D-06
     1.6347520763858D-05   -5.2765608747106D-07    1.5555241456482D-05
     1.6322805481872D-04    1.7131224635675D-04   -2.3241769934791D-04
    -2.9404619257917D-03   -3.2620137105322D-03   -1.0378043731045D-03
    -4.5369818969746D-04   -3.3920080658860D-04   -6.3054925989224D-04
    -3.7248754706259D-04   -6.7227331067913D-04    2.9219161103868D-04
    -6.7339609390943D-05   -5.1413506144997D-04    3.6175805805664D-05
     1.6951610200506D-04   -3.5081977287714D-04   -1.2975440748914D-04
     8.9707616473534D-05   -2.5758128676472D-04   -1.9743625617787D-05
    -8.3819126425562D-05    7.4492427872613D-05   -1.8568667833998D-04
    -1.1415454851078D-05    9.8330006704485D-05   -1.7611562634908D-04
    -1.3053292145212D-04   -6.8726557912769D-05
    -4.4957225590850D-08   -1.5083503618848D-13   -1.9717714319968D-13
    -1.6202330076060D-13   -1.0213879152956D-08   -2.2291214302240D-08
    -1.0819497855349D-06    1.5125959848011D-12    2.5200638167289D-12
    -2.5088077941043D-08   -7.7353627629457D-09   -1.4739002307118D-07
    -1.2542104105529D-07   -1.6284467385829D-08    4.6537519133066D-07
     1.1208731055368D-07    2.1906784955651D-11    1.3685725585173D-08
     4.7219123489320D-07    4.6317034386726D-08   -1.5469608186902D-08
    -3.0627034635933D-06    8.1861900897657D-08   -4.2754307018238D-08
    -3.1686166092614D-08   -2.8279040623828D-09   -1.9259386469748D-08
    -6.5398473307967D-08   -2.0606487189667D-07   -6.6927632994547D-07
    -3.1185893954856D-06   -2.5654647648988D-06   -4.8852494961520D-06
    -1.1282982869007D-05   -1.9369828479626D-05   -3.2646628403711D-05
    -7.4947504274851D-05   -1.7149083994121D-04   -3.7390165147127D-04
    -8.2224099276045D-04   -1.8962116204897D-03   -4.0334732544453D-03
    -3.8714029045408D-03   -1.0267332096241D-03    3.2014573496021D-04
     3.9262127916510D-04    5.9169372348099D-04   -2.1620021076682D-04
     5.4467397305817D-04    1.3791878678369D-04   -6.9175564203892D-05
     1.7608133743603D-04    6.1562180457769D-04    6.3421407646928D-04
     7.5882239494731D-04    7.5706453703070D-04    4.3878570889053D-04
     5.7396613498910D-04    4.5171286906830D-04    5.5852831478007D-04
     7.9846971524369D-04    4.1349045714059D-04    2.0417272763679D-04
     1.3049084327866D-04   -4.5013974180215D-08   -5.7671573899668D-13
    -8.0688487631113D-13   -8.0476767421305D-13   -1.0368358856809D-08
    -2.4632683711987D-08    1.6058599070860D-12    3.5892923591884D-12
     6.3774371284474D-12   -2.9211243022341D-08   -1.0384724873717D-08
    -1.8997289700386D-07   -1.2551646893682D-07   -1.3727641253771D-06
     4.5182834862335D-07   -1.7685297967511D-06    6.3016160492657D-11
     1.4269793581318D-08    4.6852407661619D-07    4.9565510393900D-08
    -3.5476668414191D-09   -2.5299698835731D-06    1.9766149038291D-07
     1.8729569676704D-07   -3.2504588041888D-08   -6.3439411557998D-09
    -1.1096735695567D-07    3.4928889072940D-08   -2.0938340266138D-07
    -5.1959369753847D-07   -8.9222571033505D-07   -2.1468785106333D-06
    -5.5621139687754D-06   -1.1428231343932D-05   -1.7493212388298D-05
    -3.9711379882704D-05   -8.5925359186588D-05   -1.7599088838953D-04
    -4.4496280908811D-04   -9.2392824575707D-04   -2.1505292546768D-03
    -4.0224557363837D-03   -5.0980775509481D-03   -2.2484926947305D-03
    -6.2171549172355D-04   -5.4092821693875D-04   -8.0822818365018D-04
    -7.8924053208223D-04   -3.9335651049408D-04    2.5089445496127D-05
    -1.7579632533674D-04    4.9717020185250D-04    8.3281486561785D-04
     8.2368981651055D-04    8.1991084827595D-04    1.1618095660849D-03
     9.7163869053981D-04    1.2177419932128D-03    9.2693075022848D-04
     8.5599416364890D-04    8.7273977647650D-04    8.5060852998809D-04
     5.7647831606432D-04    2.3626811781224D-04   -4.4899933148832D-08
    -1.3238601286233D-12   -1.9691183390707D-12   -2.2565993209067D-12
     9.1619991265210D-07   -2.6957928471182D-08    5.9137336264292D-13
     3.3650313689275D-12    7.3860773620843D-12   -2.9968744168603D-08
    -1.3666800750315D-08   -2.3736293104676D-07   -1.2579000822520D-07
    -9.5049377147205D-10   -1.4843817478719D-05   -1.2115275292222D-07
     9.6267206340577D-11    1.4799119904012D-08    4.6383418397598D-07
     5.2745912918604D-08   -4.2929841066133D-09    8.0700458416745D-06
     1.4676549813964D-07   -2.5383325457981D-08   -5.8702268188109D-08
    -5.7460457444459D-08   -2.4682608106720D-07   -5.4967767245359D-07
    -3.1719883432120D-07   -1.0894950602762D-06   -5.7839985898055D-07
    -3.0912448918611D-06   -4.3468409437980D-06   -4.8628507779376D-06
    -2.2833981538132D-05   -4.5561163371066D-05   -8.0582001280060D-05
    -1.9871981949661D-04   -4.3793070793183D-04   -9.4222695712313D-04
    -2.0635334309627D-03   -4.1291154054774D-03   -5.4699728015905D-03
    -3.3832943498631D-03   -1.7399302315359D-03   -7.2140351035361D-04
    -6.0827196010191D-04   -5.9454258800704D-04   -2.0055064228384D-04
     9.1164969022657D-04    1.8764442290940D-04    1.0377493378460D-03
     9.0101154612231D-04    1.1631586963883D-03    1.4719797802574D-03
     1.0526056549155D-03    1.1045970632368D-03    1.3096854760499D-03
     1.0906107119843D-03    1.2056626062229D-03    1.1398066907315D-03
     1.1284662106002D-03    5.8128357272881D-04    2.5855845122217D-04
    -4.4551578768427D-08   -2.5002784642605D-12   -3.8670725945663D-12
    -4.7807380850270D-12   -1.4699658921489D-06   -2.9182162170480D-08
    -2.8126913518910D-12    1.6263866351004D-13    4.7270642773056D-12
    -3.0535973004217D-08   -1.7607513513227D-08   -6.0481608357117D-07
    -1.2469422571271D-07   -4.2736116557943D-09   -2.6559204374462D-07
    -1.2553596097316D-07    1.1833041634719D-10    1.5232718405169D-08
     4.5721069535946D-07    4.4668581554875D-08   -4.9226866192408D-09
     7.7382725804862D-06    3.4915394786501D-07    6.6834759103545D-08
    -6.3609741389047D-08    2.7800410418378D-08   -4.5238267560579D-06
    -8.2323301242660D-08   -1.2581383022983D-07   -8.1296870175933D-07
    -8.5795163245213D-07   -2.9027920269503D-06   -4.8530174678106D-06
    -9.8786954267176D-06   -1.7464537235121D-05   -4.7215975666588D-05
    -8.5148308175798D-05   -1.8570851306929D-04   -3.6093294641691D-04
    -8.6273829852667D-04   -1.9824249258993D-03   -3.9487686745126D-03
    -6.0766039750908D-03   -4.3726976772264D-03   -2.4200383343652D-03
    -1.5463592989502D-03   -1.0197634327189D-03   -1.1330043106901D-03
    -7.6717798937105D-04   -1.1378042002593D-04    6.0673505692960D-04
     8.2613006725127D-04    1.1308311767283D-03    8.5971847062922D-04
     1.4742751484313D-03    1.5676416759752D-03    1.6222230743421D-03
     1.5187135485864D-03    1.4766893942430D-03    1.4611789008220D-03
     1.3769322549884D-03    1.2619258751174D-03    7.3244336457224D-04
     3.8825792141320D-04   -1.9097820733127D-07   -2.5251169481743D-07
    -6.5360887156331D-12   -8.4297994281416D-12   -6.7276852102137D-08
    -3.1235712596123D-08   -8.7339158763292D-12   -6.1820524585925D-12
    -2.9023570600080D-06   -3.0889097662809D-08   -2.2202007609062D-08
    -5.0061608775016D-08   -1.2291773541927D-07   -1.8550491428443D-08
    -2.7973058202477D-07   -1.2905280030298D-07    1.2690752445361D-10
     1.5555151904155D-08    4.4862834343212D-07    5.7977166284246D-08
    -8.3970480196200D-09   -7.5985511251732D-06    1.5651897977381D-07
     1.1371876668813D-09   -9.4231132411768D-08   -5.0229354648602D-07
    -1.9401466455627D-06   -6.7118664281688D-08   -1.8986163359588D-07
    -4.6975734665145D-07   -1.0320890553541D-06   -2.7635574196616D-06
    -4.5678923835667D-06   -1.0562956533234D-05   -2.2556680063053D-05
    -3.8108247500878D-05   -7.8386232661248D-05   -1.6658227327833D-04
    -3.5537667530456D-04   -8.4310990560606D-04   -1.8520221837767D-03
    -3.7904102210323D-03   -6.0287274453367D-03   -5.2452403255845D-03
    -2.6229775585612D-03   -1.5180861997512D-03   -2.0009221864586D-03
    -1.5238868870785D-03   -1.6963232795143D-05   -4.0544633515641D-04
     4.9341579798951D-04    1.0088716483188D-03    1.4623018641469D-03
     1.3030887583081D-03    1.5970721454730D-03    1.8859169737519D-03
     1.4707782986810D-03    1.7341588469222D-03    1.5677295058030D-03
     1.6722365433017D-03    1.3196926740629D-03    1.4290031072338D-03
     9.6651109170868D-04    3.5045058509086D-04   -2.0860726413235D-12
    -5.3127602540147D-07   -9.8908218244292D-12   -1.3084632810647D-11
    -6.8832644633985D-08   -3.3156234679273D-08   -1.6954405310374D-11
    -1.5419669125948D-11    7.1523755658841D-08   -3.1100979664070D-08
    -2.7483139192676D-08   -4.9152210267095D-08   -1.2077632820718D-07
    -1.8872266411178D-08   -3.1215394917887D-07   -1.2551144383968D-07
     1.2090455868401D-10    1.5790597011360D-08    4.3908550920629D-07
     6.0500154895735D-08    8.8353554668970D-08    1.4765622242311D-06
     1.4902809599654D-07    1.0621171732550D-07   -7.9721043079106D-08
     2.1246792336973D-06   -2.2128814532716D-08   -1.4473317607760D-07
    -2.6931157824869D-07   -8.3481358454721D-07   -1.0082527807597D-06
    -2.8407237018340D-06   -3.7392182803922D-06   -1.0872958368703D-05
    -3.0086823793327D-05   -3.5018864727328D-05   -7.3172210373288D-05
    -1.5775597594072D-04   -3.5346408334556D-04   -7.6610062235324D-04
    -1.6929241192935D-03   -3.6485782208294D-03   -6.0098603153793D-03
    -5.3069212041713D-03   -3.4947015199133D-03   -2.1724798110667D-03
    -2.1753155732835D-03   -6.9380426034665D-04   -1.0340247633717D-03
    -5.5305131936007D-04    1.0684244992064D-03    9.3102854699509D-04
     1.2938216197137D-03    1.5016757461066D-03    1.8311967248536D-03
     1.4097260790512D-03    1.5772690884768D-03    1.7473646735782D-03
     1.8578897162826D-03    1.7889267203020D-03    1.9270533017972D-03
     1.5180319871405D-03    9.8454409446313D-04    4.6997980166324D-04
    -2.8562017095248D-12   -6.9689576860216D-07   -1.3744916166427D-11
    -1.8482640670304D-11   -7.0053308354093D-08   -3.4926939266218D-08
    -2.6973001144434D-11   -2.6966004810962D-11    5.9417827916759D-08
    -3.1179419793375D-08   -3.3434282353596D-08   -4.8120388011141D-08
    -1.1830711273078D-07   -1.9106214473788D-08   -1.5426281471654D-06
    -9.9947443857251D-08    1.0036120085452D-10    1.5932184635939D-08
     3.9738697727132D-07    6.2787645904729D-08    3.9333419911355D-07
     1.4707976010192D-06   -2.3142766714590D-06    1.7934829085660D-08
    -7.9830477514655D-08   -5.5118116394177D-07   -4.8643598600903D-08
    -1.4054702595743D-07   -1.9371167476980D-07   -1.2000440552920D-06
    -7.5197746043734D-07   -2.6187480655741D-06   -3.7977871354149D-06
    -8.8867403339361D-06   -1.6336030831694D-05   -3.5233926767525D-05
    -7.2849443735441D-05   -1.5654470955839D-04   -2.9177878087432D-04
    -7.2017386301368D-04   -1.5439646424629D-03   -3.3653513280632D-03
    -5.9333157986668D-03   -5.7612732826804D-03   -3.4421408031764D-03
    -1.9474831352153D-03   -1.9370784204011D-03   -1.5286431255274D-03
    -1.1650373540789D-03   -3.7886817641143D-04    8.8872329964395D-04
     6.6209765654368D-04    1.0478883785668D-03    1.9667832373580D-03
     1.3511014914532D-03    1.7230640608083D-03    1.4677973974808D-03
     1.7562374247499D-03    1.8133021464885D-03    1.8770971544718D-03
     1.7145337344469D-03    1.3243907239361D-03    8.4463508048034D-04
     5.6365062115324D-04   -3.6694458377888D-12   -8.9528519321244D-07
    -1.7842353155397D-11   -2.4260105348231D-11   -7.0960100346850D-08
    -3.6538249625009D-08   -3.8070571982164D-11   -3.9970946290407D-11
     4.8919714559052D-08    2.7940266979060D-07    2.0839483148672D-06
    -6.6182431208086D-07   -1.1555567841818D-07   -4.3235681315599D-09
     3.3856826039211D-06   -1.0494745803615D-07    6.6434939724577D-11
     1.5956184403586D-08    1.0446141605777D-10    6.4681746677561D-08
     3.3689342175467D-07   -3.0031471096906D-05   -5.1659757911568D-07
    -4.3005579178610D-07   -1.3853868177999D-07   -4.4576381248865D-07
    -3.6943368798249D-08   -1.0433458236429D-08   -4.8403159590305D-07
    -2.8077695986555D-07   -1.1064952804257D-06   -3.3963968031391D-06
    -5.2082292102226D-06   -1.1475966219869D-05   -2.0180947055022D-05
    -4.1079300885817D-05   -7.4800950142426D-05   -1.4055344836434D-04
    -3.1581809453421D-04   -6.6987572208338D-04   -1.5266686106258D-03
    -3.2782549489479D-03   -6.0475670527517D-03   -5.6865988878242D-03
    -4.2695712991194D-03   -3.1143123308046D-03   -1.9231914349879D-03
    -1.4503408458223D-03   -6.7903100101469D-04   -4.4146177917280D-04
     1.0108857599387D-03    1.4142078680398D-03    1.5736615204200D-03
     1.6856202617036D-03    1.3027161724400D-03    1.8505107330330D-03
     2.1572552758189D-03    1.6109858132904D-03    1.5600544239204D-03
     1.7740573552506D-03    1.9631064191036D-03    1.4054234201568D-03
     9.6399376488831D-04    5.0722738475390D-04   -4.4699193307012D-12
    -6.7927840261334D-07   -2.1896024367241D-11   -1.7233424081419D-07
    -7.1431708028426D-08   -3.7899705223668D-08   -4.9389965203251D-11
    -5.3399231850291D-11    1.1160184061913D-07    1.7491104371609D-07
     7.1839145139918D-07   -6.4603717300400D-08   -1.1204907692660D-07
    -3.0733541070043D-11    1.2161691520647D-06   -1.5413792533316D-07
     2.1392803949693D-11    1.5780463475478D-08    5.7376030814785D-11
     6.5748563894877D-08   -6.6895087225906D-08    2.0436718901109D-06
    -3.4276382906880D-07   -2.3378869815154D-06    5.9000752026637D-06
    -4.1700004406925D-08   -3.9367001004160D-08   -1.2104314588338D-07
    -4.0665261921407D-07   -2.3398382255040D-07   -1.5963668409269D-06
    -3.0737739600940D-06   -4.3167462194975D-06   -1.3002951531840D-05
    -1.3445871444537D-05   -3.6584676068825D-05   -7.4038012056193D-05
    -1.4429472974849D-04   -2.9980328487564D-04   -5.9948342092649D-04
    -1.3729049791277D-03   -2.8657301478353D-03   -5.7501834698885D-03
    -5.9217896923379D-03   -5.0165864664961D-03   -2.8183203632538D-03
    -1.9317993619487D-03   -6.7106804695822D-04   -5.4533296584719D-04
    -3.0073382774186D-04    3.0554477916735D-04    1.8228511695509D-03
     1.2075662542894D-03    1.9953053972813D-03    1.6685231264221D-03
     1.6897910392874D-03    1.9836100370647D-03    1.7830683357993D-03
     1.8543689763868D-03    2.0945097815492D-03    1.5540374004047D-03
     1.4868179767547D-03    9.2977854555401D-04    4.6448983612335D-04
    -5.2075387757542D-12   -1.5545418896030D-11   -2.5646223748331D-11
    -1.4262002991014D-06   -7.1487881892070D-08   -3.9010782567664D-08
    -6.0108601143984D-11    3.7263740840611D-09   -3.9944602735567D-08
     2.5249917696090D-06    7.2597857652818D-07   -6.2384415489073D-08
    -1.0839507065867D-07   -6.3568867028455D-11   -4.8958310770471D-08
    -2.3169044615386D-07   -3.0818206217491D-11    1.5475561275864D-08
    -1.1148799144521D-11    6.5936347125417D-08   -4.2323800702318D-07
     2.8578513060214D-06    3.8573589780432D-07   -3.9167545379273D-06
     5.1711904996552D-07    2.6274437924255D-07   -2.7042461560495D-08
    -1.3943129492161D-07   -6.0518611114296D-07   -5.9720086300755D-07
    -1.1079603054169D-06   -2.1605626385692D-06   -5.2426689992607D-06
    -1.0082027801927D-05   -1.7502261748671D-05   -3.3168221336811D-05
    -7.1027912117380D-05   -1.5663552399394D-04   -2.9450026609219D-04
    -5.7898035778066D-04   -1.3716109422285D-03   -2.7928592856482D-03
    -5.2349906429086D-03   -6.1895911989521D-03   -4.5749653686431D-03
    -3.0338553453598D-03   -2.5742179451759D-03   -1.9197830271945D-04
    -1.0727788229386D-03   -3.3243212159027D-04    7.4076107883616D-04
     1.2903389761201D-03    9.2973368807046D-04    1.6311299462755D-03
     1.6992382151895D-03    1.6676429405970D-03    1.9727353397368D-03
     1.6093729226773D-03    1.8937044758559D-03    1.7407869339815D-03
     1.5870511300907D-03    1.4389084251931D-03    1.0145229775604D-03
     3.7380742904530D-04   -4.5608961813709D-12   -1.3630885917145D-11
    -2.2540521866458D-11   -3.5995980013768D-08   -5.6255911895313D-08
    -3.1431841015279D-08   -5.4127562301521D-11   -5.9627735477516D-10
    -3.1521266431291D-08   -3.8378599916929D-08    5.7684961077655D-07
    -4.7642796226867D-08   -8.2906425524203D-08   -7.1953234026159D-11
    -3.9345520401911D-08   -1.8753549626669D-07   -6.1229026364378D-11
     1.1933006191972D-08   -6.8748244007691D-11    5.0199567789321D-08
    -3.2989952324782D-07    2.0310694957691D-06    2.5589089689122D-07
    -8.0948217294863D-07   -3.2435690792152D-06    4.1810192824924D-07
     1.2737656193726D-08   -2.3116161337271D-07   -7.6000022369568D-08
    -5.5197961886011D-07   -1.3030751532945D-06   -2.2876824990308D-06
    -4.6497644445844D-06   -7.1108773263728D-06   -1.5306041066207D-05
    -2.7460776600025D-05   -5.6027329082424D-05   -9.6160454745160D-05
    -2.1358896469776D-04   -4.5943391943289D-04   -9.3991388840108D-04
    -2.1702834610019D-03   -4.1060160229935D-03   -5.0392629350216D-03
    -3.4372259210901D-03   -2.5642575311210D-03   -1.7507641164323D-03
    -8.0189249665962D-04   -3.2112485884626D-04   -5.4704505488395D-04
     4.8934233184848D-04    4.0914300276527D-04    1.2015289370783D-03
     1.1284443689148D-03    1.6276453969945D-03    1.7655748967627D-03
     1.3102209912674D-03    1.3955286637556D-03    1.2863547211482D-03
     1.3185325117243D-03    1.5566359963592D-03    1.1829043486664D-03
     8.1133121479904D-04    4.8808751673973D-04   -5.6266517666601D-12
    -1.6829881499383D-11   -2.7876682193585D-11   -4.0109938440232D-08
    -6.4012489031137D-08   -3.6525531052878D-08   -6.8073336162828D-11
    -6.2803588473968D-10   -3.5958792287464D-08    4.6522113023857D-07
     3.2644724662988D-06   -5.2798056439134D-08   -9.2010229643712D-08
    -1.0282242955946D-10   -4.5408005796651D-08   -2.1891421413118D-07
    -1.0408426455651D-10    1.3321315560087D-08   -1.2676880836255D-10
     5.6903173110938D-08   -3.4495190570921D-07    2.0130556100641D-06
    -4.9500877079018D-07    7.3758951487972D-09   -1.9023419292525D-06
     3.5875930749262D-07   -4.9161176014306D-08   -1.1116229103157D-07
    -3.2190678859635D-07   -2.4774677107683D-05   -1.3871523414858D-06
    -3.2313315732405D-06   -5.6068981392948D-06   -6.5314862562160D-06
    -1.9308291281604D-05   -3.1412726184806D-05   -6.3995038734508D-05
    -1.1698088964791D-04   -2.1864413380453D-04   -4.9900221204505D-04
    -1.0030657558754D-03   -2.3488576803383D-03   -4.5461852784168D-03
    -5.7856294227804D-03   -3.3625460880626D-03   -2.6799209919333D-03
    -2.3769347058690D-03   -1.4492071444305D-03    1.9423243288279D-04
    -3.1688995923631D-04    2.1764383980591D-04    1.5166708665432D-03
     8.2126898047528D-04    1.9103941297236D-03    1.4296326963925D-03
     1.2511832786065D-03    1.6515449902249D-03    1.6058721681247D-03
     1.3730948718033D-03    1.3798963663244D-03    1.7121188112167D-03
     1.4385562639970D-03    1.0943470587519D-03    3.7730375516087D-04
    -6.9058736792474D-12   -2.0670535671984D-11   -3.4286242152946D-11
    -4.4757322368285D-08   -7.3085998672904D-08   -4.0053602551558D-08
    -2.6985152979027D-09   -6.6176906807123D-10   -4.1173330235352D-08
     7.0699972461232D-07   -3.8596662458216D-09   -5.8605956106551D-08
    -1.0230752450915D-07   -1.4012539601787D-10   -5.2352631729687D-08
    -2.5628660360083D-07   -1.5319043877547D-10    1.4962831704056D-08
    -1.5182182526191D-07    6.5514763795301D-08   -3.5410531461776D-07
     1.9540965330146D-06    1.6135306976505D-07    7.5761132779869D-09
    -1.2176175067007D-07    2.6740614100750D-07   -9.9261617255390D-11
    -1.6741426524163D-07   -3.7890678084872D-07   -7.1336510965141D-07
    -1.4186201632358D-06   -2.0390384129590D-06   -7.9880302933767D-06
    -8.6749787581919D-06   -2.2453350122426D-05   -4.1234205377944D-05
    -6.7096520504287D-05   -1.3985413836208D-04   -2.7407541667178D-04
    -5.4974368357416D-04   -1.1120642697795D-03   -2.5578426827011D-03
    -5.0957500437298D-03   -6.4050760190240D-03   -4.6314172207174D-03
    -2.6969009227752D-03   -1.7651524892863D-03   -1.6706849582288D-03
    -3.5162268760714D-04   -2.3258373416533D-04    1.2379851824208D-03
     8.5509144507299D-04    1.8422367000930D-03    1.2282275560539D-03
     1.9518065894494D-03    1.6992859436628D-03    1.5000320852966D-03
     1.8161819818794D-03    1.8758566496172D-03    1.8520962145972D-03
     1.6791968157723D-03    1.3712150159337D-03    1.0416918902359D-03
     5.1047855490854D-04   -8.4165217496636D-12   -2.5206305282733D-11
    -4.1856868851364D-11   -5.0023361412279D-08   -8.3759374556522D-08
    -8.9843611220995D-11   -5.0240983301884D-08   -6.9768926486821D-10
    -4.7338502927259D-08    8.4518528594404D-07   -4.4112221073405D-09
     3.8994511258993D-06   -1.1378733941780D-07   -1.8321534732642D-10
    -6.0141251192896D-08   -3.0182934288677D-07   -2.0527595803307D-10
     1.6925108313618D-08    4.2098064769905D-09    7.6139095818179D-08
    -3.5956443271088D-07    1.8699935402217D-06    7.1548701707285D-07
    -9.2233822699962D-08   -5.3926083073133D-07    6.6818271242034D-07
     1.5567341040500D-06   -1.5536920459041D-07   -3.0507895469821D-07
    -5.4603781232331D-07   -1.4966594980745D-06   -2.3544680831138D-06
    -8.2590733798148D-06   -9.5847945713254D-06   -2.4293383801450D-05
    -4.3831284350717D-05   -8.8486589351598D-05   -1.6297539398715D-04
    -3.1572865192621D-04   -6.2857814826884D-04   -1.3309049868667D-03
    -2.8045585464237D-03   -5.4571427656164D-03   -6.6001674049759D-03
    -5.4887412091258D-03   -3.0799240518135D-03   -2.7957261174194D-03
    -1.6045289563777D-03   -1.6041663034225D-03   -3.8779560747676D-04
     1.3053680487695D-03    8.2528625669362D-04    1.5564305378565D-03
     1.8905470757440D-03    1.8922625756915D-03    1.7752401782734D-03
     2.4007392672587D-03    1.8538805018720D-03    1.7634846155679D-03
     1.6494957434123D-03    1.6815626714781D-03    1.6109677729416D-03
     1.2978569050509D-03    4.0540598247293D-04   -1.0166858403534D-11
    -3.0461197619815D-11   -5.0626002215390D-11   -5.6010315220533D-08
    -9.6389808832658D-08   -1.0924183434383D-10   -5.9391126058338D-08
    -7.3560417245028D-10   -5.4602894490819D-08    1.0154150041627D-06
    -5.0424772676170D-09    4.5052953113426D-07   -1.2658531811404D-07
    -2.3089146386066D-10   -6.8962900726394D-08   -3.5813486367494D-07
    -2.5618293403288D-10    1.7751778971588D-08    3.9196637554492D-09
     8.8966014138149D-08   -3.6317878563413D-07   -4.5459127809619D-06
    -5.4753779330201D-06    9.4801503235292D-07   -4.6655892122781D-07
    -2.8682812082568D-07   -4.8431129696105D-08   -1.5448572466711D-07
    -5.0452001263277D-07   -7.7690120008907D-07   -1.6159098792909D-06
    -3.3131843887525D-06   -7.1160534459611D-06   -1.7883415969780D-05
    -3.1982757831661D-05   -4.7471488283961D-05   -9.9199739198354D-05
    -1.8664563926169D-04   -3.4815368685738D-04   -6.9244482590128D-04
    -1.4542992882613D-03   -3.1309024345819D-03   -6.1359801394623D-03
    -7.3110791337947D-03   -5.8330723893845D-03   -3.2252910537336D-03
    -2.9554654723261D-03   -1.8230736307374D-03   -7.3866898842842D-04
     4.5013341744220D-04    3.5725635753102D-04    7.5442592353087D-04
     2.1021044738657D-03    2.4415761946219D-03    1.0136294747019D-03
     2.4665800086097D-03    1.9903346742205D-03    2.6017058330281D-03
     2.2725857661577D-03    2.0194656119882D-03    1.8637191072691D-03
     1.5439626327856D-03    1.0197175954962D-03    6.5151547908650D-04
    -1.2148646666119D-11   -3.6409029094221D-11   -6.0545110286415D-11
    -6.2694043672357D-08   -1.1112409730829D-07   -1.3109255932788D-10
    -7.0406729703651D-08   -3.7655395241443D-10   -6.3114697074701D-08
     1.2269909177555D-06    1.2621101436317D-07    5.5439424161847D-07
    -1.1657823998756D-07   -2.8120833713838D-10   -7.8782088943828D-08
    -1.3320078069828D-07   -3.0076703884342D-10    2.6372998826232D-08
     3.1486626949973D-08   -6.1079980509288D-06   -3.6528651716143D-07
     1.6078552520476D-06   -1.4372742455301D-07    1.0517911035168D-08
    -3.6535106394652D-07   -2.7962652301867D-07   -3.2367765254361D-08
    -1.3232993153462D-07   -3.2025919548178D-07   -1.3578722361624D-06
    -2.2865960873530D-06   -5.4474593824012D-06   -1.7665119288002D-06
    -1.9294538520506D-05   -3.2716696178527D-05   -6.3472582492702D-05
    -1.1561140512274D-04   -2.1499931158212D-04   -4.1861710317232D-04
    -8.4353888845970D-04   -1.7115186149789D-03   -3.7415513927152D-03
    -7.1375080059858D-03   -8.1799664651106D-03   -6.6293601370366D-03
    -3.9369745917998D-03   -3.0873254860436D-03   -1.5592479163161D-03
    -1.6629069147154D-03    1.0097503792253D-03    1.2047935553941D-03
     2.0168769863119D-03    1.4784046193245D-03    2.2852143079652D-03
     2.5786594427746D-03    2.6052086195035D-03    2.5719725681620D-03
     2.6780513891938D-03    2.3603848299764D-03    2.5229201796349D-03
     2.1177836604264D-03    1.7733709093255D-03    1.4969952042340D-03
     6.7055222397075D-04   -1.4335396307121D-11   -4.2969492926697D-11
    -7.4941857287924D-07   -7.0209731175968D-08   -1.2855369224371D-07
    -1.1569657394336D-10   -8.4019592711411D-08   -3.7528205828196D-10
    -7.3320902742062D-08    1.4945502791352D-06    1.7072954415405D-09
     6.8795880509346D-07   -1.3228716747739D-09   -3.3140374718585D-10
     9.3587954617937D-08   -5.0137758861539D-07   -3.3286255730958D-10
     3.1312880279133D-08   -1.8879796772490D-09    3.5716762571938D-06
    -6.8688062248151D-06    1.5809479770238D-05    1.5330246294368D-06
    -6.8080952770723D-09   -2.3268430403052D-07   -3.2905770884175D-07
    -6.7990900803934D-08   -1.2314203722643D-07   -6.1178493463187D-06
    -1.0903005062086D-06   -2.1120045195953D-06   -5.0945461825082D-06
    -1.0191941322184D-05   -2.2889241463292D-05   -4.2692045832372D-05
    -7.0915302313549D-05   -1.1866426916846D-04   -2.5530232932275D-04
    -4.9338351788653D-04   -9.5285715441853D-04   -1.9757639981306D-03
    -4.1537582031504D-03   -7.9032637539466D-03   -8.7328995078483D-03
    -6.4713329139449D-03   -5.0682912658539D-03   -3.5564188275832D-03
    -2.5972514940966D-03   -3.5274155514948D-04   -1.3177309016873D-04
     6.2907484677277D-04    1.3618145112196D-03    1.8558042815711D-03
     2.8042059566110D-03    2.2107862535043D-03    2.9819333915556D-03
     2.4118881518502D-03    2.9696445211125D-03    2.5218919622266D-03
     2.5432198587908D-03    2.5685848034736D-03    2.1849475540441D-03
     1.1791049817767D-03    6.7290736442234D-04   -1.6681447974064D-11
    -5.0003577103106D-11    5.8413718881132D-08   -7.8801180880419D-08
    -1.4946481528915D-07   -1.3690810006237D-10   -1.0100426843527D-07
    -2.0512851672032D-08   -9.4874551298227D-08    1.8454448755337D-06
     1.9172181689002D-09    8.6138710106330D-07   -1.4901824924994D-09
     3.1112940070003D-05   -1.7147622949275D-07   -6.5013179375806D-07
    -3.4553487362677D-10    5.1115946206775D-07    1.6464442152042D-07
    -1.0192227022352D-06   -3.4646448734696D-07    4.0344019770597D-07
    -9.8103115772709D-07   -4.5617072814442D-08   -1.0581491259271D-07
    -3.2691516132356D-08   -5.7508151870788D-07   -2.1294712161719D-07
     9.8297352827571D-07   -1.3411222906106D-06   -2.2918645429252D-06
    -3.3998877957216D-06    3.4326434981431D-06   -3.2539877550117D-05
    -4.6368215678993D-05   -8.9461843923620D-05   -1.6519943284957D-04
    -3.1866518809729D-04   -5.4785412599950D-04   -1.1534484320367D-03
    -2.3822829846453D-03   -5.1191241190542D-03   -9.0202225275158D-03
    -8.9002168193569D-03   -7.3896437344028D-03   -4.4403795424235D-03
    -4.0178595530133D-03   -2.1959711128766D-03   -3.6553741049694D-04
    -2.2846373589874D-04    1.2914661035413D-03    1.5027964107687D-03
     2.9095998727148D-03    2.6516158254006D-03    2.6786540193947D-03
     2.9054031435692D-03    3.3428632994613D-03    2.8473398326984D-03
     3.1027598206109D-03    2.7931687980979D-03    3.2542414266304D-03
     2.3793153919955D-03    1.4581500712381D-03    6.8644989644870D-04
    -1.9112267271188D-11   -5.4968091385753D-07    5.7215329376662D-08
    -8.4796582978972D-08   -1.7859388670995D-07   -1.5813262957393D-10
    -1.2238830132442D-07   -4.9050659065705D-10   -1.2673613031789D-07
     1.2407269089510D-06    2.1701810096742D-09    1.0888810185779D-06
    -1.6701970088577D-09    4.9900971107782D-08   -3.6452881761870D-08
    -6.9591591250953D-07   -3.3186213522734D-10    1.2598311769214D-07
     5.7304670282878D-07   -1.5308330260810D-07   -2.7886823427118D-07
     3.9370516077967D-07   -2.5254223878864D-06   -5.6778392338163D-08
     1.3494747418625D-07   -1.0092426761358D-07   -6.9326332917992D-07
    -2.8536525181442D-07   -5.4581439681072D-07   -3.1370209659441D-07
    -3.3622491138631D-06   -7.0576030784447D-06   -1.6413077987863D-05
    -3.3563416530697D-05   -6.8893939344874D-05   -1.1017739981966D-04
    -2.1012193640142D-04   -4.2336780567585D-04   -7.1476528849594D-04
    -1.4662960647716D-03   -3.1407777891896D-03   -6.3661139705458D-03
    -9.4875087994269D-03   -9.9293856750084D-03   -6.7439231973671D-03
    -5.0109004474432D-03   -4.8679908193471D-03   -1.8780020703769D-03
    -1.3258799499790D-03    6.6469656737333D-04    1.9976664433548D-03
     2.1743050755794D-03    3.0337319368095D-03    2.5752119944314D-03
     3.0774482755439D-03    2.5651148933029D-03    3.9282772364986D-03
     3.2066043384796D-03    2.8350350206448D-03    3.0023039537281D-03
     3.1537272802470D-03    2.7451657009134D-03    1.7588992471060D-03
     7.9002052200458D-04   -2.1525290762375D-11    9.6268776317491D-06
    -1.0041014037362D-06   -5.4267427536187D-07   -3.0885620772813D-07
    -1.7804283826023D-10   -1.4956961584900D-07   -5.5001236892506D-10
    -1.4609771865291D-07   -6.7135323774815D-08    2.4774684349049D-09
     1.3905252970363D-06   -1.8613870918293D-09    8.5522916366891D-08
    -3.7198715953731D-08   -7.4705171373492D-07    5.2784279887878D-09
     1.5646892957294D-07    1.8492805959796D-06   -1.5486045759242D-07
    -3.2145492448616D-07    2.2399859294689D-07   -2.2073871115672D-06
    -2.9843970064676D-05   -4.8532598779477D-08   -5.2383626750924D-06
    -7.6602388334500D-07   -4.4194905575669D-07   -3.1226521824959D-07
     9.8702505043482D-07   -4.2416558481589D-06   -1.1571496139592D-05
    -2.0009896880976D-05   -3.7620318758468D-05   -7.1176466559743D-05
    -1.3776417502166D-04   -2.8494622770944D-04   -5.4273421528054D-04
    -9.3245348425631D-04   -1.8528336824405D-03   -3.9116455707439D-03
    -7.5283770171573D-03   -1.0604451069124D-02   -8.9240313236548D-03
    -7.1585489346110D-03   -5.4088440779555D-03   -3.6824099334742D-03
    -2.2577850494091D-03   -1.0653260374703D-03    3.0529204912094D-04
     4.8689885322105D-04    2.9299515841760D-03    2.7429619572073D-03
     2.9285987080760D-03    3.5309001306560D-03    3.9694526575291D-03
     3.4591586080283D-03    2.9386162198330D-03    3.6244235902086D-03
     2.9341513361437D-03    3.2424222895514D-03    2.8068836932100D-03
     1.7909089073518D-03    9.4867501242291D-04   -2.3791634510664D-11
     2.9416582552042D-07   -3.4870046295373D-06    3.1999260645205D-09
    -3.9323574984385D-07   -1.9502759980850D-10   -2.4308444775167D-07
    -6.0998630149912D-10   -1.6972075101191D-07   -7.7893782879984D-08
     1.3412323215463D-06    4.4122074751161D-07   -2.0568722783933D-09
     1.3775535875833D-07    3.1132309766283D-08   -1.3029195892007D-06
     5.2051888215465D-08    3.8969255699911D-07    5.6388403931476D-07
    -1.8088266130368D-07   -3.2793106866533D-07   -2.9757977748892D-07
     1.9957333236836D-05    3.6243300345672D-07   -1.1294017337464D-07
     4.4934140717953D-07   -1.0188788878069D-06   -3.6533079562983D-06
    -9.3253836915737D-06   -2.3420056276060D-06   -4.3596981172080D-06
    -1.1543646783296D-05   -2.4909661893768D-05   -4.7846700395033D-05
    -9.6120657325956D-05   -1.6828953293589D-04   -3.2534067814099D-04
    -6.1979137964114D-04   -1.2995556980979D-03   -2.6175258879472D-03
    -5.2810616970903D-03   -9.1601456610487D-03   -1.0242140904537D-02
    -9.1728166867789D-03   -6.9784062790958D-03   -6.0443214202967D-03
    -5.1807185205452D-03   -2.9586131860148D-03   -1.3466155204367D-03
    -1.4365609742709D-04    1.9088200870500D-03    2.2719217795486D-03
     4.2944457776582D-03    2.7176904970470D-03    3.7120739008127D-03
     4.0242480330361D-03    3.8922071483202D-03    4.0179063758237D-03
     3.8575415201046D-03    3.5012552971313D-03    3.3357637731175D-03
     2.7216420723632D-03    2.1446538112579D-03    8.1750658608497D-04
    -2.5763209797254D-11    2.7078093435156D-07   -3.0813651141409D-06
    -3.0817825726933D-06   -4.0298105005737D-07   -4.8276961053743D-06
    -7.1322507211196D-06    2.0123413241748D-05   -1.9789953717628D-07
    -9.0468259609509D-08    2.5181297022494D-06   -2.1385055828300D-07
     2.4684602046851D-08    2.1569553841291D-07    1.7691941403239D-07
    -1.4089668740524D-06    2.2889665902084D-07    2.3141268719965D-08
    -3.2364917502227D-06   -1.0616693784601D-07   -3.1687215992794D-07
    -8.6682269520334D-07    3.9328738381589D-06    2.8393592492423D-07
     3.5477173687457D-08    3.8849818535932D-07   -5.0338647758800D-07
    -7.7251824616630D-07   -2.7711950159974D-06   -3.7402213229063D-06
    -8.8758076094454D-06   -1.3508740875603D-05   -3.2641266975042D-05
    -5.5683699789102D-05   -1.1341215476769D-04   -2.3095190669123D-04
    -4.5180334845422D-04   -8.2386494394783D-04   -1.6882710781356D-03
    -3.3604063813340D-03   -6.7306765283708D-03   -9.9329907414389D-03
    -1.0683005951847D-02   -8.6971426200816D-03   -7.5978840119781D-03
    -5.3354345360954D-03   -3.5676186750254D-03   -2.4354657904997D-03
    -8.0268144918002D-05    6.6437488241501D-04    2.9685051351208D-03
     2.7707593037484D-03    3.3129603596292D-03    3.5483689091597D-03
     5.1264620542569D-03    3.9611585868731D-03    3.6277164746353D-03
     3.6880499861169D-03    3.7463702915294D-03    3.1229972722652D-03
     4.2942966490238D-03    2.8025156948563D-03    2.2484601025931D-03
     7.2956249353713D-04   -2.7281842603390D-11    3.7458194487519D-07
     1.3051578924166D-07    1.6212080047410D-05   -9.4118357741639D-06
    -5.7060141988024D-06   -1.3408674676579D-07   -2.5998244735619D-05
    -2.3266258399549D-07   -1.0562371805984D-07    1.6813564643775D-06
    -2.4198615376134D-07   -1.5478509696143D-08    4.9371389247342D-07
     2.7298971428838D-07    5.2347129727094D-06    3.1367149953760D-07
     2.6713716258392D-08   -5.3393601756712D-07    5.8760273784903D-08
    -2.1500257834788D-07    3.1618597822228D-06    1.9006201569976D-06
     2.2127694282248D-07   -1.8179173941771D-08    2.4563812987965D-07
     2.6289749097965D-06    6.6452137503335D-07   -2.8227739505121D-06
    -4.5807024964694D-06   -6.4138853556927D-06   -1.9022919946194D-05
    -3.8126370772695D-05   -1.0060263883437D-04   -1.7678973389968D-04
    -3.0119861817952D-04   -6.1677153417741D-04   -1.1911217270866D-03
    -2.3729694280817D-03   -4.9052857100377D-03   -8.7003976428352D-03
    -1.1052053246230D-02   -1.0425413252921D-02   -8.4616717018991D-03
    -6.3033933055223D-03   -5.6994909906842D-03   -4.2721867688236D-03
    -1.8494889606297D-03   -5.6935801739888D-04    1.5595582878715D-03
     1.9999334334222D-03    3.0822316028580D-03    3.2387218537651D-03
     3.2228465605724D-03    4.0621993943812D-03    4.5124523151779D-03
     3.7888347395190D-03    3.7105491246255D-03    4.3023708464733D-03
     4.2353870430807D-03    3.7656278211272D-03    2.7118499576238D-03
     2.5137429441217D-03    1.0222491903448D-03   -2.8232799641499D-11
     4.3895138483934D-07   -1.6232856774865D-06    3.1934581961759D-08
     4.3689202912733D-06    4.1182486374380D-09    1.9100209454556D-06
     1.6252282893636D-06   -1.6296590679262D-07   -2.3776532038339D-07
     4.4585710875268D-09   -2.7473568035281D-07    3.1188751293212D-10
     8.2682190250025D-07    6.9778088555162D-06   -2.5600798659209D-06
     8.7844380133742D-08    5.8481657605488D-07   -1.4272712833970D-06
     4.8092827538817D-06    9.5125488422554D-07    7.6723187632964D-06
    -2.6280508757410D-07   -8.4429642886899D-08    1.6562630944180D-07
    -4.6789202426384D-06   -3.8910757257350D-07   -3.0870501371317D-06
    -2.2211180176861D-06   -1.0951685832069D-05   -1.0549672043538D-05
    -2.1798271060675D-05   -5.3463861698192D-05   -1.1605928686135D-04
    -2.0642426410945D-04   -4.3893406049020D-04   -8.6580202008401D-04
    -1.6793554920416D-03   -3.2995597381732D-03   -6.1266055356492D-03
    -1.0460842660842D-02   -1.1488263230167D-02   -8.9633727900983D-03
    -7.9224852590396D-03   -6.9910605081115D-03   -5.4323401454220D-03
    -3.9904973660766D-03   -8.9772587865602D-04   -8.4954336291059D-04
     1.1094027779783D-03    2.4912196684619D-03    3.8813478221645D-03
     4.4276096230084D-03    4.0887049238102D-03    4.0762620190727D-03
     4.0521201409864D-03    4.4538829830638D-03    4.4577388585971D-03
     3.6704170030668D-03    4.1346959772618D-03    3.4061964470930D-03
     3.1631643733699D-03    2.4616309884509D-03    1.0413908486742D-03
    -2.8561001767207D-11    5.1459894815088D-07   -2.1761786234402D-06
     2.9820149128529D-08    2.7296930737496D-06    5.3353065389754D-09
     2.3434028106086D-06    1.5887122437216D-06   -3.1289465956912D-08
    -4.4456598136538D-07    5.2294378002880D-09   -3.1303390311707D-07
     1.7343871086074D-07    1.0657230213685D-06   -7.7380946513355D-06
    -1.9654295277692D-06    1.5448311077065D-05    2.1765973152653D-06
    -2.0234390845540D-06    2.3916074627723D-06   -1.7649237356555D-07
     1.3838020871797D-07    1.4288778879881D-05   -2.4649439122959D-08
     1.2069952278498D-07   -7.6389381933886D-06    1.1823104103995D-06
     1.3810100457164D-05   -4.7563836056817D-06   -9.6656290329086D-06
    -1.3247811420001D-05   -2.6899827304217D-05   -6.4738750671978D-05
    -1.4265666942128D-04   -2.8682873238476D-04   -5.6025680831780D-04
    -1.1114777005700D-03   -2.3534902403808D-03   -4.7205764768942D-03
    -8.5288366932016D-03   -1.1808651530642D-02   -1.1124311353343D-02
    -8.4733375951266D-03   -7.6249199390970D-03   -5.8234749498075D-03
    -4.9250628314859D-03   -2.4427402034607D-03   -5.6795627743816D-04
    -6.1162455184040D-04    1.4644368834795D-03    1.7164753575004D-03
     3.0431248401564D-03    3.4923655156189D-03    4.8261467939869D-03
     4.6865280413450D-03    3.9206100670530D-03    4.6277002645552D-03
     4.5559270834963D-03    3.7908014524430D-03    4.3121598239152D-03
     3.5568327190714D-03    3.0177810212499D-03    2.2830081102658D-03
     1.0133814093125D-03    2.1857602834427D-08    4.9080377028804D-07
    -1.3570910717154D-06    2.7620932652836D-08   -5.7073322710953D-07
     5.1125781289012D-09   -4.4520687351934D-07    1.5135642680492D-06
    -3.1764571895984D-08   -5.4098051790805D-07    6.1479990796992D-09
    -3.5807803855689D-07    1.2150957765856D-06    5.8110157610369D-07
    -9.7741229594134D-08   -1.5282666523882D-06    5.1633066068347D-07
     1.8748783856013D-06   -2.9636635765645D-06    7.4366609720050D-06
     6.8926481539084D-07   -1.4137506556511D-06    1.1917649828298D-06
     5.8079229885537D-06   -2.0421377914629D-07   -1.4510476990534D-06
    -2.7824376678721D-06    7.6938947697606D-06   -6.0232735568859D-06
    -1.4685077348792D-05   -1.7416859394988D-05   -3.7477208127523D-05
    -8.5685850388593D-05   -1.9638768041419D-04   -3.7309466668258D-04
    -7.7309606057866D-04   -1.5091588389013D-03   -3.2477704970042D-03
    -6.2384314754666D-03   -1.0609442610751D-02   -1.2479094051306D-02
    -9.7530075577338D-03   -7.7728767834914D-03   -7.0609251709466D-03
    -5.5517297945931D-03   -4.4906955436702D-03   -3.1365944180112D-03
     7.4435487026358D-04    1.9218529265193D-03    2.7618050038944D-03
     2.0393193298357D-03    3.8317021563991D-03    4.7343314759034D-03
     3.5655530239041D-03    3.7078576857550D-03    4.3142340168220D-03
     4.0379130388422D-03    4.3197943658048D-03    4.7024482917319D-03
     3.7639577147481D-03    3.5176557430161D-03    2.9820072762303D-03
     1.9733795007646D-03    1.0221911275627D-03   -1.5409447256593D-09
    -1.4917157154443D-07   -1.3453150583894D-06    4.7171418029240D-08
     2.3198997349294D-05    4.8693367951971D-09   -5.6337079122393D-07
     3.3544141259269D-06   -3.2154407003214D-08   -5.2730470435909D-07
     6.1462988965513D-09   -4.0964384775770D-07    2.0098936185410D-06
     3.8468656598814D-07   -1.2831025785777D-07   -6.7332080003441D-06
     6.6133650604479D-07    1.2968925503398D-07   -2.4950595796363D-07
     3.2317375717154D-05   -1.8302818016518D-06    5.4014210436927D-07
    -2.2539291751916D-05   -5.4505590851021D-08   -2.4946588278782D-09
    -7.3706595919836D-08    5.9167224851903D-07   -9.1295968985843D-07
    -4.9135398618596D-06   -7.4542447909335D-06   -2.3883398414188D-05
    -4.1492645989351D-05   -9.6600946298109D-05   -2.4144466044163D-04
    -4.6418318026881D-04   -1.0320931509830D-03   -2.0647260076886D-03
    -4.4359914002654D-03   -8.0335674226057D-03   -1.2191069467005D-02
    -1.2217061051089D-02   -8.5747260802219D-03   -7.8211596733642D-03
    -6.0929806879743D-03   -5.3531080063248D-03   -2.8743819744638D-03
    -2.0595659880528D-04    3.1540373512824D-05    4.9047546473571D-04
     1.4404266829493D-03    2.9207118660161D-03    3.3348610276374D-03
     3.7368666206557D-03    3.6885850378931D-03    3.7536697176924D-03
     5.0954724020723D-03    3.9108906032168D-03    4.5328744872781D-03
     4.1742243178228D-03    3.9388782295768D-03    3.1132514400454D-03
     2.5757385350589D-03    1.5139860322203D-03    8.2327392841198D-04
    -2.5146335361919D-08   -1.1582809328976D-07   -1.3571959306814D-06
     2.1578572408063D-07   -1.2030325480232D-05    4.7057130925200D-09
    -3.3177516683064D-10    6.2240322092787D-07   -4.0418395944151D-08
    -5.6076278757715D-07   -4.6147317112743D-10   -4.7035649338307D-07
     3.2438362850218D-06   -1.5334875073504D-06    1.0431501415559D-06
     1.9242877741094D-06   -5.9712724692685D-06    2.4309481018563D-07
     1.4176519761927D-06   -1.7269566322320D-06   -2.9208045119654D-08
     8.9286363222883D-08   -3.6682782452208D-06   -2.2511926626047D-08
    -2.7911194759803D-07   -3.8748107231050D-07   -6.4228579740844D-07
    -1.2505251374641D-06   -6.2339222757595D-06   -1.0859337172690D-05
    -2.1483427279521D-05   -5.8359962924184D-05   -1.2499518427033D-04
    -2.9932687457631D-04   -6.1454992743666D-04   -1.3499482182296D-03
    -2.7459768599371D-03   -5.7602239260718D-03   -1.0593073428094D-02
    -1.3060470139746D-02   -1.0305490617469D-02   -6.9966839862765D-03
    -6.7982473258457D-03   -5.9941808238011D-03   -4.0503279045266D-03
    -9.9472260547858D-04   -1.0911276272720D-03    6.5238052172187D-04
     8.8980299669368D-04    3.2743996436605D-03    3.1557336926794D-03
     2.2558686702967D-03    4.1762658042524D-03    4.9666906193188D-03
     3.6709118629193D-03    4.2347074504363D-03    4.5094412247808D-03
     4.2989414020416D-03    3.9102149722589D-03    3.5653803470692D-03
     2.9913959773713D-03    2.6219378654328D-03    1.5657556011509D-03
     7.6978243492844D-04   -1.6446931713012D-08   -1.2838314110098D-07
    -1.8188476081846D-05   -3.2634893372861D-06   -5.8078180668787D-07
     1.6191897242700D-06    2.3210403649482D-06   -1.1290006609495D-06
     8.8200115198522D-07   -4.6480922980453D-07   -5.4847254807130D-10
    -5.4361648679882D-07    2.5416780137335D-06   -4.3445893918407D-07
     1.2767469136638D-07   -4.3391355010051D-08    1.3387714897090D-06
     2.9590254560005D-07    1.2816971168081D-06    4.0236514311846D-07
    -1.0485742776165D-07    2.7658905803179D-08   -2.7032175142503D-06
    -8.7053192323680D-08   -1.4578814098277D-07   -3.7629841289282D-07
    -1.0207948989575D-06   -2.8788469406271D-06   -6.7207630505960D-06
    -1.5818596268158D-05   -3.4253632657108D-05   -6.9630107999922D-05
    -1.5395993227227D-04   -3.7964943969123D-04   -7.4484625845208D-04
    -1.6410178908456D-03   -3.5241099910675D-03   -7.4589730720804D-03
    -1.2381380030458D-02   -1.2403823819527D-02   -8.7152147890349D-03
    -5.9239132394340D-03   -5.6525012677259D-03   -3.9151935871719D-03
    -3.7293698520525D-03   -4.2433187011093D-04    1.7662419228511D-04
     4.7093211299781D-04    1.7216132915433D-03    2.7241436927580D-03
     2.9131790080685D-03    3.8192078084097D-03    2.8712593866617D-03
     3.8812256777405D-03    3.6000081860722D-03    3.8782066379603D-03
     4.4193645833343D-03    3.6537405785445D-03    2.8469918113957D-03
     3.1385302390742D-03    2.6262795467108D-03    2.1333480049964D-03
     1.6008728699933D-03    6.3313117367073D-04   -2.8399906166144D-08
    -1.3124881073261D-07    3.3328799895357D-06    3.1031505775703D-07
    -7.2697177789247D-07    7.1313508170936D-08    8.1189895054465D-06
    -1.5575946807622D-06    1.5031149694391D-06    1.1754933282898D-08
    -6.9383069875264D-10    1.7439306426634D-05   -3.0281769080515D-08
     4.4852019782049D-07    2.1783896989449D-06    1.2740868670773D-07
    -8.6266492858047D-07   -7.4963806501060D-07    3.1415124961557D-06
    -2.7440043152804D-06   -1.3355446339753D-06   -1.7205960597598D-06
    -8.1427915567058D-07   -4.0982333099003D-08   -2.4890228955432D-07
    -7.3022910669366D-07   -1.0393358762299D-05   -3.2435036495518D-06
    -5.7415062545174D-06   -1.5459402845975D-05   -3.5422987583950D-05
    -9.1832313813948D-05   -1.9451467630342D-04   -4.4025343291943D-04
    -9.2789898369594D-04   -2.0353918751454D-03   -4.4091297603149D-03
    -9.2911058510825D-03   -1.3475563563407D-02   -1.0985828573302D-02
    -6.7997211646746D-03   -5.1438912197765D-03   -2.9633142781510D-03
    -4.1016815742023D-03   -1.7852034731803D-03   -1.3879029131188D-04
     1.7935320965767D-04    1.2560098054088D-03    2.0139141526555D-03
     2.5379442068633D-03    2.9612540185242D-03    3.2023211831005D-03
     3.6227505659273D-03    3.5700206070518D-03    3.6519294573904D-03
     3.3536606030952D-03    2.8707034082275D-03    2.6600091480864D-03
     3.0169237998696D-03    2.4703652184813D-03    2.1639794973457D-03
     1.6374116008492D-03    1.1966889422024D-03    6.3803654988882D-04
    -1.4899956810202D-08   -1.7385455166436D-07    8.4627991715545D-07
     2.7362256834893D-06   -8.8977040677357D-07   -3.3109732096706D-09
     1.7185487432114D-06   -4.1664252083223D-06   -1.3148966849391D-05
     1.4112589318177D-08   -8.8162457209740D-10    1.8436877730270D-06
    -3.0624694109847D-08   -2.3654677011608D-07    2.6873082090589D-05
     6.4682018785111D-07    3.9550674259570D-06    1.0420934600016D-06
     2.6085954030090D-06   -2.2639063829133D-06   -2.2534386873803D-06
    -9.1004005676513D-06   -3.5292320933959D-06   -5.3486161281163D-06
    -7.1588321628229D-06   -4.1274815319514D-06   -3.2869497048821D-06
    -4.4091251838760D-06   -6.7865029404528D-06   -1.1871845996798D-05
    -4.3821234327881D-05   -1.0124328311134D-04   -2.2830984663239D-04
    -4.7853205644823D-04   -1.0893038013389D-03   -2.3563980231757D-03
    -5.2355675996281D-03   -1.0268459336709D-02   -1.3752826562871D-02
    -8.0649016665840D-03   -2.9468780038735D-03   -1.8642387267222D-03
    -2.9937760286297D-03   -1.7740567579738D-03   -1.5518363658458D-04
     1.7987530104717D-04    9.8760244450259D-05    1.7178193034064D-03
     1.4089372955566D-03    1.8424902594568D-03    2.8544636428575D-03
     1.9572888199094D-03    2.6078122172749D-03    2.4247216895525D-03
     2.9874011802776D-03    3.1290244489725D-03    2.4577035608035D-03
     2.3382366428986D-03    2.1858768874919D-03    1.8472720131971D-03
     1.4021306322103D-03    1.4948638783104D-03    9.4809923890011D-04
     3.6472181910252D-04   -1.4642202339945D-09   -3.0592578103864D-06
    -1.7747615851244D-10    8.4207186009351D-09   -8.6013084845182D-07
    -4.2155130221251D-10   -5.1836156215171D-10    6.2563759895050D-06
    -6.5264195228940D-06    1.3855842836665D-07   -1.0637055770538D-09
     8.0139231317777D-07   -3.1264809977040D-08   -1.5911551721473D-05
     8.4697167029790D-06   -4.7553716574553D-07    3.6309563612712D-06
     2.8197152361914D-06   -1.5537607538732D-06   -2.1442084837493D-06
    -1.3138887843520D-06   -1.6462544394220D-06   -6.5982895541552D-06
     6.2646476829271D-07   -4.2442859439119D-08   -1.1152773297549D-06
     8.5006983737980D-06   -2.8533110826892D-06   -6.0611512536566D-06
    -1.8577542216706D-05   -5.8296289800806D-05   -1.1077101620728D-04
    -2.2106857932755D-04   -4.9039624230343D-04   -1.0850970752108D-03
    -2.4664576628205D-03   -5.3735589732797D-03   -9.9635472599529D-03
    -1.0370298547699D-02   -3.8628751827651D-03    1.2727552215499D-03
     1.1575585935294D-03   -5.3772672023574D-04   -3.4918371454928D-04
     3.2863482439455D-04   -6.6397946702969D-06    1.1102209959808D-03
     1.1745751869220D-03    4.4659609559494D-04    1.7090692246230D-03
     8.0143525629587D-04    1.8358402815400D-03    1.0579837343969D-03
     2.0572844685222D-03    1.6464843280910D-03    1.8239129878351D-03
     1.5266855478598D-03    1.2996652744221D-03    9.4177919582336D-04
     1.2212176385825D-03    7.2451482751146D-04    6.2404743248617D-04
     4.4664507987324D-04    1.0243185496037D-04
    -3.0591349635801D-02   -3.5928815366640D-02   -3.5931483030187D-02
    -3.5935542745836D-02   -3.5166913626097D-02   -3.4570360839951D-02
     3.6400191526228D-02   -3.5967242237619D-02   -3.5979639976041D-02
    -3.1539245224779D-02   -3.4906245389340D-02    4.2215402689697D-02
    -1.5645503032098D-02   -3.5462394662149D-02    1.1424724796136D-02
    -2.5571319906081D-03   -3.6186203782753D-02   -3.5640213336029D-02
     1.3561817517860D-02   -1.9559297422688D-02   -5.6346804549934D-02
    -2.5056305449213D-02   -2.9553260859915D-02   -4.2713224658751D-02
    -4.3111587261106D-02   -4.1513398852714D-02   -3.7044725336633D-02
    -3.3816497218727D-02   -2.4286822401349D-02   -1.6644651935462D-02
     3.1295916112686D-02   0.14798046201303   0.19532835912841   0.26079128949713
    0.46275422894162    1.2096280335552    1.8111209404319    2.8369276535382
     4.9163408880827    7.2494643558814    4.3683806905369   -18.161638797950
    -46.203745314129   -4.6365072944891    11.748935352928    5.1175908401312
     1.0889070395990   -4.8776972586383   -3.9333822918769   -4.5202000617294
    -4.4086494194253   -4.9578567558914   -6.1207685540087   -1.9483092994589
    -4.2097770120334   -3.6822983022519   -4.3961543191722   -4.2044071764638
    -2.0069963343561  -0.98711524137588   0.47343908831145   0.84921902218466
     2.4773557064617    1.5593628439890   -2.8885529182885D-02   -3.4231935615614D-02
    -3.4239094599840D-02   -3.4249987596291D-02   -3.3478963503404D-02
    -3.2761229801558D-02   -3.4306995157406D-02   -3.4335068218584D-02
    -3.4368368952886D-02   -2.9620278429412D-02   -3.2968750589189D-02
     5.9370106477385D-02   -1.4146644038371D-02  -0.20629731021195
     1.2500218397217D-02  -0.15296013383249   -3.4935644321933D-02
    -3.4449841199242D-02    1.4245457594392D-02   -1.7545917558158D-02
    -5.3521623070551D-02    2.3137991745526D-02   -3.1351112998306D-02
    -4.1141090026849D-02   -4.1140888401896D-02   -4.0112687210343D-02
    -3.3234317870746D-02   -3.2135763036027D-02   -2.6000993914427D-02
    -8.5771015997679D-03    4.4941089855027D-02   0.12405895055469
    0.21084572718935   0.36512603848141   0.67990921023917    1.1380975124014
     1.7760697201893    3.1236695200533    5.5465642777177    6.6220459044579
     8.6319971254999   -2.3935367531389   -19.780884532843   0.23416524830659
     12.683111115266    14.352555551363    2.4965652285403   -3.5026738000282
    -4.4255417276835   -4.4055669635516   -7.1901013537773  -0.96841890799134
    -9.0385506098708   -4.8919236578110   -1.2261380562349   -4.8576386278747
    -5.7159053273313   -4.6924945541352   -1.0621439238163   -1.0044242094543
    -2.0625856210699D-02   0.57053827913740    1.8658047422150    1.6540706551624
    -2.7335032648387D-02   -3.2669794515869D-02   -3.2680830125461D-02
    -3.2697612299391D-02   -2.8595213772159D-02   -3.1083404710622D-02
    -3.2785334434703D-02   -3.2828481528808D-02   -3.2879624461745D-02
    -2.8031427043004D-02   -3.1056066302905D-02    7.8250380869470D-02
    -1.2748581522938D-02   -2.4880055123823D-02  -0.91300344034167
    -2.9097947351674D-02   -3.3750604215346D-02   -3.3317254955513D-02
     1.4771290461949D-02   -1.5613665704620D-02   -5.0393632414197D-02
    0.16604867774311   -2.8514836782677D-02   -3.9483394923928D-02
    -3.8104243001232D-02   -3.6776096187857D-02   -2.4280996556828D-02
    -1.1957923129722D-03   -2.3440454298327D-02    4.2931709023123D-03
     3.2713061759658D-02   0.24742913108387   0.15280698077547   0.33982482525115
    0.49253092613588   0.95924919073141    1.6516778762949    2.9996729758415
     5.9533167738622    9.0379604821174    11.599822860108    1.3714875548211
    -24.054232052395   -1.2632922013088    23.128171691841    7.1642853476704
    -1.2810426067207  -0.41871431664264   -4.4096762728015   -2.2075555405335
    -5.1031653953600   -6.1712011198623   -5.8956694391156   -2.8238153770512
    -4.1329636120721   -2.2313793211279   -1.8547450042754   -1.0128230476603
    -1.1127206084873   -1.3618072120065   -1.7413296608389    1.0968418816255
     1.9629757068363    1.8360887332958   -2.5922145640250D-02   -3.1217295427384D-02
    -3.1231919261889D-02   -3.1254136840614D-02   -1.8541265478040D-02
    -2.9519333740828D-02   -3.1369941391055D-02   -3.1426715448621D-02
    -3.1493858740043D-02   -2.6575067041941D-02   -2.9147826627355D-02
   -0.31945274477733   -1.1632623543366D-02   -2.7561897870016D-02
     8.6281978122456D-03   -2.7754950118117D-02   -3.2621828383922D-02
    -3.2235062032591D-02    1.5051264934543D-02   -1.5141006606566D-02
    -4.7200664300585D-02   0.73671930494727   -1.9104741005549D-02
    -3.5423610548521D-02   -3.5656688071260D-02   -3.5307707838739D-02
    0.36745306914639   -2.9251271471052D-02   -2.4335142899385D-02
    -7.5159709021873D-03    1.6968959549922D-02    7.5575866578656D-02
    0.14700679904824   0.33050021455417   0.50309660014991    1.0811611747810
     1.8630044044170    3.2325871554739    5.4247829677833    9.3172606148023
     12.508683787902    4.5165296890098   -22.733022878297    6.9312482782123D-03
     16.578579345708    13.623405982442    3.6754823812921    4.6193176155669
   -10.1941459210380  -0.11826412323519   -5.4661351662539   -3.7267447859783
    0.28878978711041  -10.2507540630207   -7.6839193019316   -1.7554289600929
    -2.1881577129685   -4.6871025369476   -2.9146662232480   -2.2154664853161
    -1.2995872107477    1.6568625044244    2.1653459693020    1.5756017712819
    -8.3050560166085D-02   -1.8716942507865D-02   -2.9874661676797D-02
    -2.9902482183303D-02   -2.7268062164068D-02   -2.8058127756627D-02
    -3.0046871925338D-02   -3.0117291865730D-02  -0.16824239953166
    -2.5246125772254D-02   -2.7237895921120D-02   -1.3885966511774D-02
    -1.0715456073503D-02   -3.0152827884107D-02    1.4237761244377D-02
    -2.6516414375657D-02   -3.1556493789307D-02   -3.1211215107433D-02
     1.5076549689839D-02   -1.2216576241141D-02   -4.4776268127720D-02
     9.3432254029531D-02   -2.8508957684225D-02   -3.2635909070788D-02
    -3.2819947854205D-02    1.0529545536671D-02   0.13843737804874
    -2.8208092057857D-02   -2.2008719990644D-02   -3.1392517395140D-03
     4.7120574740615D-02    8.1482914103547D-02   0.12014251820102
    0.28650227324310   0.50421996999738   0.97818675690567    1.8944156848041
     2.8890598613346    5.3035092579959    9.7621379603858    15.081237771212
     6.6314283838568   -13.607753647241  -0.40622022910053    21.982306428430
     6.5025327492557    3.3584260366290    1.5122938837022   -2.5758242169705
    -4.4225350684139   -9.3803167340740   -2.8888047653850   -3.8746972636017
    -4.6461648161580    3.8059568781930   -4.0826436893890   -5.0475070401863
    0.12482384193324  -0.22311280516222   -1.0973058428843   -1.5190468631851
    0.74652753910039    3.2460283518870    1.4633762375331   -2.8572827457301D-02
    -5.1469824674714D-03   -2.8606448630956D-02   -2.8640507016693D-02
    -2.5952897091671D-02   -2.6696822589932D-02   -2.8816598181095D-02
    -2.8902046224152D-02   -2.0626178820260D-02   -2.4038057421699D-02
    -2.5329360956882D-02   -1.3073502493596D-02   -9.9595303084304D-03
    -2.9064313137381D-02    1.5442596151341D-02   -2.4941767390053D-02
    -3.0582575189995D-02   -3.0273820628508D-02    1.4925946923857D-02
    -1.0717718258026D-02   -3.5538444602107D-02    9.7893058483544D-02
    -2.2495480897080D-02   -3.1268695208839D-02   -3.1003566108128D-02
    -1.1200723329458D-02   -2.7539239422430D-02   -2.4599245757613D-02
    -1.5384280835403D-02    2.9626684089245D-03    5.1307125694960D-02
     7.8800606015101D-02   0.12463152838826   0.27068649593148   0.42170897975087
     1.0140913379069    1.7983276530014    3.2244943376731    5.1423497837335
    10.0930127396155    16.847812451305    11.105578282872   -13.333525276079
    -4.2797680519539    15.512681245384    11.753816864892    3.3846943049843
     3.6744199617389   -5.3868780223290   -9.5865189435757   -3.2191050482174
    -5.1938540569545   -6.8606263257718   -3.9975092602501   -6.1685729929488
    0.36491767719424   -1.9971720572536   -1.1504267653597   -1.8107722288107
   -0.55946823910574   0.73808288275037    3.0274938453235    2.0530186264849
     1.3081669626755   -2.7366975509171D-02    3.3627451786425D-03
    -2.7407668520322D-02   -2.7448886676218D-02   -2.4722725303323D-02
    -2.5418191761069D-02   -2.7661795148054D-02   -2.7764912351063D-02
    -2.0170932831549D-02   -2.2937297850039D-02   -2.3415227130834D-02
    -1.2396457767174D-02   -9.3574711383586D-03   -2.8084298373970D-02
     6.9306285213387D-02   -2.1984723059487D-02   -2.9724173638816D-02
    -2.9452253680613D-02    1.1278605280912D-02   -9.4062106456009D-03
    -1.5815327118359D-02    9.8052930734692D-02    4.5481836831840D-03
    -2.7746651040168D-02   -2.8286804224131D-02   -3.7187402778343D-03
    -2.6449834986117D-02   -2.4689850465547D-02   -1.6654694446035D-02
     3.5989802496834D-04    4.7572194629140D-02    9.4309073205008D-02
    0.17093094751277   0.25310900691114   0.53439469007068   0.92657077242203
     1.9277511971145    3.0090786683042    4.9299889809897    9.5034635829803
     15.131506152963    12.901080521531   -8.5882865927301  -10.4109140005560
     8.9738883904962    22.037734461057    8.1639218391240    1.8229244302333
     1.9543712135741  -10.2838524948763   -5.3974437890284    2.6593249181837D-02
    -3.2172323529991   -7.8887852370063   -4.7540289139755   -5.0034366341807
    0.53015907565842   -5.3087063659693   -2.2753578532131  -0.39429297618068
     1.2235813657783    2.2966729245509    2.7110844629906    2.7021254747393
    -2.6209622565024D-02    1.3269405739363D-02   -2.6258011033286D-02
    -2.6307091187497D-02   -2.3555921509602D-02   -2.4201844606927D-02
    -2.6561468424613D-02   -2.6685104265862D-02   -1.9696429903616D-02
     9.9828620651887D-03   0.38235847544445   0.33814847534374   -8.8935189582359D-03
    -2.7777401765333D-02   -3.0904531044271D-02   -2.1426219735943D-02
    -2.9012880806988D-02   -2.8792247884609D-02   -3.0057555915974D-02
    -8.3766828442911D-03   -1.5342992183587D-02    5.6147972957623D-02
     1.9422989934081D-02   -2.0124590449817D-02   -2.4229024717664D-02
    -6.0121183518281D-03   -2.3571874903204D-02   -2.3243356963633D-02
    -8.2736676266139D-03    3.2459691328685D-02    1.3016931824737D-02
     8.5172240460914D-02   0.15952827486808   0.27260831232115   0.65609007855927
     1.1865415004709    1.6722449389744    2.8167102310673    5.1227859660206
     9.5998125160297    13.021221022442    14.718783311324   -4.9224425025231
    -10.716209430500    5.9118823138360    15.295038878221   10.4511093014869
    -4.6698371911440   -1.8415503308394   -5.2808560993133   -5.6400757662379
    -6.9067934433814   -1.7080379763266   -1.6605965667209   -1.5038999961219
    -3.5836466478603   -6.5216410415249   0.57047956126166   0.19181197379592
    -2.6439596952180   0.50564115147266    1.4089331654678   0.16773321674341
     2.6752922022165   -2.5077789305700D-02    4.8696380815003D-03
    -2.5133297001443D-02   -2.5866167221517D-02   -2.2430272294685D-02
    -2.3024293046365D-02   -2.5484177212503D-02   -2.5628456380203D-02
     1.4279431072087D-02   -8.1710226799943D-03    5.8232150602725D-02
     4.3150266408749D-03   -8.6002826331228D-03   -2.7136774627873D-02
     4.6220916277618D-02   -1.9929860040513D-02   -2.8466771262913D-02
    -2.8353072604068D-02   -2.9709114729914D-02   -7.8743692325978D-03
    -2.7326500345595D-02    9.9795621820780D-02    1.4819381038381D-02
     2.8202458828770D-02   0.51423597343890   -2.4080861434244D-02
    -2.0417886859380D-02   -2.0394009314964D-02   -1.0727444918710D-02
     2.9063591872613D-02    3.1068176288379D-02    9.5431870530572D-02
    0.23252591498231   0.32066598409863   0.55130877022862   0.92523743077199
     1.8698595603274    3.2858895528425    5.5352977235177    9.0964011010677
     14.392662046396    14.523109141395   -8.4552677975690  -10.2798359449528
     11.347681611819    11.741349816467    5.7560060715210   -1.5628123811794
   -0.69297203821014    2.8829466822544   -2.9363023080533   -1.0388023346222
    -2.3849420232059    2.2063141557034   -6.6744614121370   -4.3832774635477
    -3.2549079618263   -1.5443189500017   -1.0506744425514    6.9929799042697D-02
   -0.86930056633762    1.0958671806070   0.10835386555269   0.79590564586531
    -2.3959048472952D-02   -2.3979508865149D-02   -2.4020872018046D-02
     7.8870597092916D-02   -2.1331596058616D-02   -2.1871472411742D-02
    -2.4414865581392D-02   -2.3342996779413D-02   -2.3090826995389D-02
    -7.8824510535771D-02    6.2598899310839D-02    4.3140667845331D-03
    -8.3468794797120D-03   -2.6361915114617D-02    8.0007497570975D-03
    -1.7826863822690D-02   -2.8096069040355D-02   -2.8219145781681D-02
    -2.9837617578303D-02   -8.2820249301184D-03   -6.6955505177368D-03
     9.5499323566612D-02    7.5155520594975D-03    6.5139346849209D-02
     4.1536093005930D-02   -5.0555916444739D-03   -2.0299114459125D-02
    -1.6603311482169D-02   -1.0693174467947D-02    3.8285437691164D-02
     1.9531066560440D-02    5.5109936673449D-02   0.21529340201361
    0.32733897359924   0.65034038440446   0.95108488946937    1.7876487664450
     2.9413564648315    5.7220868892367    9.3767981716096    16.855820488917
     20.082844656973    6.0724012390351   -9.8954964410635    5.9493938674665
     9.7472660372703    5.6627553225392  -0.79725895569167   -2.7434317407490
    -5.1634995491391   -5.4418041992892   -4.9187923491260D-02   -4.2606423559075
    -3.2145717576775   -5.7510546871034   -2.3335607125625    1.0596759708925
   -0.97295904069941   -1.5338015931172  -0.33724196635205   0.41528181824162
   -0.35274032262569    2.3328544817680    1.1179466041359   -1.8110556903117D-02
    -1.8127765847263D-02   -1.8162586117753D-02   -1.5179682131935D-02
    -1.6054937194686D-02   -1.6441149600059D-02   -1.8495957095938D-02
    -1.8510346967281D-02   -1.7474705055979D-02   -1.3366553698437D-02
     5.2349939530233D-02    3.4218021355774D-03   -6.3683973608121D-03
    -2.0201049144711D-02    6.3017308682079D-03   -1.3698786728556D-02
    -2.1878242827546D-02   -2.2241775142946D-02   -2.4009703950427D-02
    -8.8577717893988D-03   -2.0096180912601D-03    7.1066086567731D-02
     9.2756069206347D-03    3.1786976110277D-03    9.6957322923584D-02
     4.4697213147670D-03   -1.5181986932986D-02   -7.9708480580761D-03
    -6.7739716267538D-03    3.5809730804786D-02    4.3429413068395D-02
     4.7146488283034D-02   0.15083531787613   0.32168515123996   0.41350353560746
    0.89713887745273    1.3871494876706    2.4501977541840    4.6535082072503
     7.7126855962592   10.5248780752703    16.326895012489    3.4840952836935
    -8.8039906688679    4.2952660434896    9.4104733578142  -0.16465900430764
     8.2373833048264D-02   -1.1190410519282    4.8369315052441   -4.5845910916197
    -8.4774955596900   -2.1854014304802   -2.0593772975893   -3.7772322676328
   -0.20817372268064  -0.22538326008927   -1.9273936001095   -2.5425723030930
   -0.89682098989826  -0.13438212923355    1.3822815660763    1.2122884034076
    0.92492408457112   -1.9865559074738D-02   -1.9886004056492D-02
    -1.9927394772503D-02   -1.6636455748071D-02   -1.7535892768391D-02
    -1.7933626050829D-02   -2.0324907821974D-02   -2.0359462519253D-02
    -1.9178002541072D-02    4.1057074527488D-02    1.0044564933466D-01
     3.9589233972289D-03   -7.0018900109191D-03   -2.2396047562583D-02
     7.2800470247631D-03   -1.5135907429446D-02   -2.4500308515558D-02
    -2.5036903393478D-02   -2.7182689076901D-02   -1.0019254806015D-02
    -2.9210544064127D-03    7.4291111634816D-02    5.0307056272238D-03
    -1.5639921475179D-02    6.6053153865117D-02    3.9779507497195D-03
    -1.4521334852439D-02   -1.1877659581245D-02   -2.5087158081916D-03
    0.19628436244578    3.7040853216658D-02    1.0241527479850D-01
    0.18879382721223   0.29623332016882   0.49568012359858   0.94067846869673
     1.9002046352808    3.0532574057908    5.0714950954505    7.8126027217438
     11.793218572248    18.932246244610    5.7816643693774   -14.490971689102
     6.6866609023093    9.7302551801932   10.5034635919086    4.6643255413326
    -4.4099889406289   -7.4597149251479   -1.0675803364848   -8.6146584415786
    -1.5212561704301   -7.8844091488289   -3.0625869732246    2.2172349041384
    -1.3318991738433   -2.2999461941066   -1.5398001386640    1.1647185177276
     1.5538778427008   -1.4001091870381    3.9152765800041    1.8011331923280
    -2.1769757216733D-02   -2.1793795851583D-02   -2.1842478415235D-02
    -1.8206582112748D-02   -1.9117462016810D-02   -1.9677740637563D-02
    -2.2149332530708D-02   -2.2367867105254D-02   -2.1011506577181D-02
     6.6653036323544D-02   -2.3137997308128D-02    4.6661503003353D-03
    -7.6200684575059D-03   -2.4771097847487D-02    8.5684537465581D-03
    -1.6573358089670D-02   -2.7263501799468D-02   -2.7916517628545D-02
    -2.9193751169876D-02   -1.0332100888455D-02   -4.7321389160484D-03
     7.4324006789892D-02    1.4963234039920D-02   -1.7088543951049D-02
     5.2560405325100D-02    3.3939902962672D-03   -1.7358936396966D-02
    -1.2061806676860D-02   -6.3437706161192D-03    1.0993261302803D-02
     4.2253411555655D-02    3.9708048340219D-02   0.21452927728635
    0.38787903225732   0.72324281808162   0.88977962882733    1.5769462151828
     3.4118067778489    5.9084180264333    9.3497006341216    15.247800325397
     18.168422824088    6.7170958485227   -14.738459645098    3.6322608199451
     4.6892551935220  -0.13638665093772    6.2080582304922    2.5192416182871
    -7.2905874369804   -4.1937377276389   -3.0725985974206   -3.3345438020110
    -6.7571473761497   -4.2308807107310   -2.5838171308284   -3.8494316708887
    -1.4830472945978   -1.4678374462075   -3.2709432161315   -1.2913779526991
     3.1471584738962D-02    1.4276781820972   0.82045366588920   -2.3825339070807D-02
    -2.3853277615895D-02   -2.3909865498590D-02   -1.9885946574431D-02
    -2.0790018037224D-02   -2.4266043171130D-02   -2.1355944270000D-02
    -2.4535652433737D-02   -2.2967305157141D-02    8.0839820149887D-02
    -2.5423131297526D-02  -0.51374463560890   -8.2124647356104D-03
    -2.7306753561019D-02    1.0214341857490D-02   -1.7940124647197D-02
    -3.0172955397892D-02   -3.0903858601011D-02   -3.3206242439598D-02
    -1.0137922135072D-02   -6.9193133145928D-03    7.3251801246406D-02
    -2.5251136537382D-02   -1.4646166841889D-02    7.8419190159237D-02
    -1.6409673077420D-03    4.8865143087744D-02   -1.3571354163351D-02
    -7.9208737243456D-03    7.2545550944610D-03    3.2134238665231D-02
     9.6668017337644D-02   0.20262757986446   0.40493800161823   0.72767121201820
     1.3253380029759    2.0365849348602    4.0404812167412    6.5233652295144
    10.5772985537219    17.495991628551    23.646319301643    12.573100894897
    -15.150679200106    8.4605363955957    5.8212009821293    11.177803794915
    -3.7774360375268   -6.7085797746922   -4.0958213550073   -5.3594958641768
    -3.1488379468723   -1.4802453200294   0.55305415054195   -4.5129453553208
    -4.1455180214945   -2.2023725796579    1.5787949063023   -3.6020397170526
   -0.74980146951325   -1.4205147294583    2.0017640998905    3.4001619641383
    0.97131239932031   -2.6031933120753D-02   -2.6064030335986D-02
    -2.6129038526400D-02   -2.1666674084857D-02   -2.2538488643231D-02
    -2.6538146324595D-02   -2.3091905648516D-02   -2.6859401224586D-02
    -2.5032891456628D-02    9.8533128918213D-02   -2.7857382095328D-02
    -1.8378781971015D-03   -8.7503485584072D-03   -3.0006085452428D-02
     1.2438750443433D-02   -1.9170029353917D-02   -3.3244693838774D-02
    -3.6782976121207D-02   -3.6617709933413D-02   -9.5266616599033D-03
    -9.3576792891934D-03    2.9648856663023D-02  -0.12524221518004
    -2.2085674319746D-02    8.2276329231150D-02   -1.6225388441260D-02
    -2.1988216456750D-02   -1.7543942702447D-02   -1.0583463658504D-02
     5.0613105794091D-03    5.3533441672961D-02    8.1656442951948D-02
    0.24768473044471   0.46491678368875   0.96517110133764    1.5135883455646
     2.6980454616423    4.6519821985058    7.9927604274897    13.321176880569
     20.504546870101    24.305675846091   10.4630930138902   -19.943916705077
     1.5587785643605D-02    11.722701448524    8.6202757649475  -0.31963541738203
    0.98481329919613    1.2694441858428   -1.4213784658146   -5.0143065958541
     1.6463059440586   -2.8703248874254   -3.0482929001186   0.14686721387148
    -1.9628543987802   -1.4378802177903   -1.9109881373828  -0.51459846123875
    0.26898872746455    1.8041953573728    3.0102348641890    2.4367383860408
    -2.8381482798278D-02   -2.8417691888719D-02   -2.8491015404473D-02
    -2.3541968752074D-02   -2.4345818030102D-02   -2.8952197304795D-02
    -2.4854125460179D-02   -2.9274422282149D-02   -2.7193100792946D-02
    0.12078837052835   -3.3673158749614D-02    2.0981845580240D-04
    -1.3162869352452D-02   -3.2871580935761D-02    1.5402420318554D-02
    -1.4110009355410D-02   -3.6502018371618D-02   -3.7148794878249D-02
    -4.1496383159940D-02   0.18837845728212   -1.2006210927646D-02
    0.33551704558603    5.4904361176865D-02   -2.5195920208875D-02
     8.6275456106885D-02   -1.6958357726968D-02   -2.2611641428555D-02
    -1.7700674792090D-02    7.2590430601671D-03    3.1574744583772D-03
     4.0812202274201D-02   0.13795074836889   0.59329738217286   0.59171086600240
     1.0157468289075    1.6969122685554    3.0997025838849    5.7744894157389
     8.9127596920986    13.845855419453    21.581473028555    30.375301078450
     6.6698550814020   -15.670280963121    8.9124612113448    13.429436376543
     3.3780489434506    6.7579513224965    1.2531964391907   -2.3964651370425
    -8.7392857430474    6.3201180401553D-02    1.4338098705859   -5.7847829350262
    -4.3156789174156   -3.7057843268062   -3.6989326549960  -0.29538405406076
    -4.1060637198480  -0.38897458099491  -0.12687716303355  -0.78948701601069
     1.3531164485809    1.6445049324819   -3.0867428381336D-02   -3.0908217176564D-02
     4.5212190982733D-02   -2.5498531353047D-02   -2.6187320042704D-02
    -3.1482908507412D-02   -2.6602684622462D-02   -3.1883995796806D-02
    -2.9433059623649D-02   0.14927319243190   -3.3451319360722D-02
     3.2495059097132D-03   -3.4865269922117D-02   -3.5907962777272D-02
     1.3057617880936D-02   -1.6337609275814D-02   -3.9969399478819D-02
    -4.0632444263531D-02   -4.4323729608188D-02  -0.34459551409918
    0.20501022573802   -7.8611927182137D-02   0.25995887770821   -2.8630484796219D-02
     8.9752009261661D-02   -1.7401878389048D-02   -2.1509475782690D-02
    -1.5548383118326D-02   0.55767078429992    1.2105674072490D-02
     3.7360985936430D-02   0.14530211293787   0.41072668810136   0.67064011999339
     1.3645559803868    1.8086128581698    3.9091755659605    5.5661720606887
     11.966471364786    16.589273616151    25.346637018691    31.853096996864
     6.9472587871544   -20.991949275101    1.2208060870481    6.7231988765432
     4.3582030382786   -2.7231743259300   -1.1847978028623   -2.0181697246494
    -17.434629554168   -2.3827465443549   -6.8843980896677   -1.3197655921492
    -8.0532426849321   -2.6029732638876   -3.2163087152671   -3.2744970458637
    -2.8561489908713   -1.5071667193200   -2.4888556798722    3.1805973295111
     4.7087275910135    2.7531868284596   -3.3491807515058D-02   -3.3537450490545D-02
    -2.2207384669321D-02   -2.7518908266984D-02   -2.8031809236955D-02
    -3.4180398198538D-02   -2.8287492610828D-02   -3.6213729385433D-02
    -3.0709942681336D-02   0.18499581294894   -3.6378098593019D-02
     7.6395056620389D-03   -3.7958077799663D-02    1.2251783839489
     2.5904685097439D-02   -1.3524966177925D-02   -4.3666864589290D-02
    -3.1104466372793D-02   -3.8011538278282D-02    3.6957582787424D-02
    -1.8614173519855D-02    4.0672796677701D-02   0.18235564945221
    -3.0511537630910D-02    9.4771522074282D-02   -2.9238911302754D-02
    -1.3545019587075D-02   -2.4180925951093D-02    2.9542750584989D-02
     1.1548274874272D-02    6.1791699930019D-02   0.25343583996082
    0.26108442126373   0.81168695943160    1.4295968745222    2.4700699266858
     4.7246057744251    7.2182765440448    11.627826810387    19.412155821450
     30.479058786231    27.678559054570   -5.1676202519922   -7.7143775488672
     9.5508125580211    10.936660891601    1.7919563402161    3.8984922534648
    -3.6373361868002   -6.9575645393359   -3.7807561040827   -5.5324488565695
    -3.1299606420183   -3.4409369532134   -9.7607195516046   -4.9989031137297
    -4.5000509537893  -0.42570427426531   0.99732972531945   -1.5129066699745
     1.8885173195415   0.80011980372624    3.6140363501347    2.8123015278466
    -3.6252552010917D-02   -4.0064772472940D-02   -2.4733737414702D-02
    -2.9868405452494D-02   -2.9562389326123D-02   -3.7019332553431D-02
    -2.9844652144588D-02   -3.7668262696501D-02   -3.1177531226405D-02
    0.11414779711125   -3.9464169968809D-02    1.3871208029276D-02
    -4.1226556204621D-02   -2.8939424981007D-02   0.15264384501292
     1.2375990865939D-02   -4.7606823489493D-02   -4.5671632750160D-02
    -1.6983487563700D-02   -4.0742046040044D-02   -1.8747302388549D-02
     4.3498971893216D-02   0.28448754236147    2.5619628081609D-02
     3.7085102588063D-02   -3.6002553429903D-02   -1.4343156201322D-02
    -1.9700650054835D-02   -3.4506076305634D-03    2.6309643480124D-02
     8.9119126056834D-02   0.16747895801580   0.48518167960845   0.84655635561854
     2.1489151277587    2.9893579246212    5.0391032213720    9.0305613775433
     14.494626577580    21.265543779070    31.652410344570    27.242566256260
    -22.637588420191   -7.0313032235579    14.675029525055    18.191165392646
     12.974099014213   -9.5793980087878   -8.2621682779759    4.5147983214008D-02
    -6.0436504846367    1.3655393802432   -7.6959120442113   -7.2788834911119
    -2.1710042862874   -6.4540548595188   -5.1809068746331   -1.3997221871954
    -7.0726647950362    3.2103208356397   -1.0662040382852   0.87210748080043
     2.6481930050115    3.8007068845421   -3.9151709195767D-02  -0.20826470518705
     2.3776229000361D-02   -9.6106116432305D-03   -2.4068619294287D-02
    -4.0003166450575D-02   -3.1191842265369D-02   -4.0722055077606D-02
    -3.3418848345820D-02   -3.0232668928256D-02   -4.2717741894798D-02
     2.2628878603860D-02   -4.4681079602270D-02   -3.1629935801458D-02
    -1.0873319003752D-02    1.8509569050276D-02   -5.1509974720399D-02
    -4.9148687473729D-02   0.11886292221904   -4.8628524080938D-02
    -2.4774219162547D-02    1.9876818998036D-02   0.20257794200759
   -0.68618583976547   -3.3912428065670D-02  -0.21009901694149   -1.1534886651491D-02
    -3.2125334227344D-02    4.6130224972447D-04   0.12062889007031
    0.10545452043157   0.24803891600725   0.60460087083715    1.0317571562732
     2.1998960623770    3.4218725878757    6.4995125124486   10.1986101699845
     15.676699777680    24.536244345875    31.687232636755    20.819418657910
    -19.359037434589   -3.2319911305055    25.388615544206    5.0731773555196
     7.5514758998362    1.5649848516751   -8.9602521260556   -8.2130874751816
    -5.7834552773433   -8.9165661596086   -3.7920522741939   -9.3545337483876
    -9.6296610966505   -4.2843991388305   -3.9536310107552   -2.8706181834730
    -1.1697572352810   -1.3529907337099    2.3901255364952   0.93946792491146
     6.2849139516665    1.5998825920812   -4.2197252420443D-02    3.0526758714462D-02
     7.6466598140394D-02   -4.2270125569332D-02   -2.4955818957798D-02
    -4.3141317915816D-02   -3.3023256918749D-02   -4.3936224552210D-02
    -3.5651412721457D-02   -3.1693459967456D-02   -3.2508336362068D-03
    -8.5872156288901D-03   -4.8324376375430D-02   -3.4214806898424D-02
    -2.6314255025961D-02    1.3123208382603D-02   -5.4251873285526D-02
    -3.9565089407930D-02   -1.0250418617934D-02   -6.3276268948117D-02
    -2.9419476310332D-02   -2.7536615970221D-02  -0.46121180721531
    -2.3919900385674D-02   -4.0513762304259D-02   -3.7714661837016D-04
    -1.2654495503165D-02   -6.2701698486041D-02  -0.15242405941607
     6.0975048513740D-02   0.15236207820151   0.25493657621579   0.66026134027997
     1.3796516706382    2.4881915985756    4.8681350033568    6.8918237380326
     11.226010431033    20.144694592144    28.484163970549    31.209940345094
    -3.3284265426634   -21.178649792412    7.3712800545141    22.649217948585
     11.371716021814    5.4175849045169    4.3850195822252   -9.1639175469874
    -12.247200723230   -2.4135024185688   -4.3366092768651   -6.8839434538649
    -8.1141786194084    2.7402054191326   -2.9331286354636    9.2653703952654D-02
    -6.5325738845835    1.0928089195191    1.9968164435872   -3.5209250458683
     5.2695916641724    2.9269117283229    2.7738688433824   -4.5404202338418D-02
     3.0866239804635D-02    8.8858150379468D-02    3.1414676929533D-02
    -2.3762542248097D-02   0.14242094850847   0.23758656819671  -0.47156629215923
    -3.7875714307329D-02   -3.3010648497441D-02    3.0836006287095D-02
    -3.0183549966224D-02   -5.2052073443618D-02   -3.6470823434884D-02
    -7.5541326701910D-03    1.8280126680460D-02   -5.3567087667311D-02
    -6.3400699159189D-02  -0.12678715678443   -5.9815952902335D-02
    -3.3580912035940D-02  -0.52291589021232  -0.33428233543704   -3.0295967928847D-02
    -4.1731490123233D-02    5.8394247269532D-04   -2.6671541772070D-02
     1.4325080759711D-02    5.2171825581750D-02    7.6834236867005D-02
    0.16937878387704   0.37060003692052   0.86557743747924    1.4543962608355
     3.1456872514154    4.8547276235706    7.9924641768894    13.577916070459
     24.358137449749    29.872214769919    17.886233414998   -20.248303048864
    -20.431005493952    22.893547585949    23.667951826504    12.720156983014
     8.5439304131452   -3.7709477995864   -4.0654166789646  -0.68420718857416
   -10.0486570447749   -8.7543300823633   -4.9590219962636   -1.4751869212818
    -13.250038996208   -3.9120284331919   -7.7998605990823   -3.1042291738497
    -3.6439007469173  -0.74891580388568   0.65772778289418    2.9848496727186
     5.1164031081652    1.7735523047174   -4.8783195118490D-02    3.2668744471127D-02
     6.3410423040213D-02   -4.5830012436308D-02    5.0250555414728D-02
    0.17329295275290   -2.3512706182886D-02  -0.11832565413048   -4.0038618633744D-02
    -3.4087974693585D-02    1.5725033744917D-04   -3.1422039097864D-02
    -5.7421299407544D-02   -2.7997439367526D-02   -2.9857060864339D-03
    0.41777422680251   -5.4475813373077D-02   -6.8647299173804D-02
     4.5479381885506D-03   -6.0770426680205D-02   -3.3263513793116D-02
   -0.15650367161926    3.7977924525547D-02   -3.6188768979051D-02
    -4.6455951996020D-02    1.3424067533325D-02   0.14557537086829
     3.7461152027526D-02    1.4065057833760D-02    9.6574074518734D-02
    0.20830712269325   0.57910968284360   0.96290067780136    2.1146068537552
     4.3164673310117    6.0907616004994    10.904231095079    16.785893526916
     23.624312664517    28.054193769312    3.5763919268511   -23.611116011031
    -2.4624105564042    25.836077365941    21.162354470018    4.6589154140821
     5.2709709400392   -2.7862461840804   -6.3866568389847D-02   -12.533935274788
    -2.7473363702033   -13.682133957922  -0.91064624554617   -7.4579697525637
     1.0585164142274   -3.7366921093212   -2.2409310424540  -0.56026082530588
    -2.0385426744313   0.48901601496307    2.2263563597588    3.2441170714121
     3.3155475614660    2.3490211882918   -5.2385718213586D-02    3.4249657638050D-02
     3.8289983225820D-02   -5.1046738513384D-02   -4.5219667891176D-02
    -5.3445373496228D-02   0.11038919879284    5.7121054723926D-02
    -4.6862266941771D-02   -3.0046070643462D-02   -5.7709349901622D-02
    -3.2478853785505D-02   -6.0402360120470D-02   -1.8882536808112D-02
   -0.17385622898360   -5.5484207971134D-03   -5.4404204208425D-02
    -5.9115281691082D-02   -1.5919470086843D-02    8.5263246016025D-02
    -3.2329558811656D-03   0.30667089799358   -2.0906980690027D-02
    -4.5979988388689D-02   -4.5139270399638D-02   0.54465740234666
    -3.8971939741666D-02    5.3866046569230D-02    1.8883405371757D-02
    0.48846330840900   0.25478707835320   0.72056720528624    1.0472471392058
     2.2850587257878    4.1284365497736    7.3809146446350    13.239883958772
     22.073835513652    29.293625297874    22.732886472079   -15.650445823274
    -19.001702253504    16.549820695098    33.348416545735    8.1002078129657
     4.8114753510342    7.9390521999842    4.5722490504728   -18.385845590555
   -0.64082192270961  -0.79226393723077   -4.9952895259246   -4.7101865896581
    -9.0766506164878  -0.53696966860971   -2.6806888662513   -5.1738123220076
    -2.1334170459961   -1.8378476888374   -3.6097451782533   0.29427889680730
     3.2365874753726    4.3259020673127    3.5976058965643   -5.6260467027508D-02
     3.6259268359956D-02  -0.16011005871217   -5.5090449775548D-02
    0.11718591856089   -5.7390070045563D-02   0.14603444901629    5.0591705968793D-02
    -5.6599778208873D-02   -2.2379927752431D-02   -6.2108790387701D-02
    -3.3299419001613D-02   -6.0762931858555D-02   -4.3832633810540D-02
    0.17658912106667   -4.5611977419049D-02   -8.3782057961088D-03
    -2.8630950972306D-02    1.0595818049140D-03    1.2114207820319D-02
     3.6786818790126D-02    4.3145424706087D-03   0.45388309884164
    -5.1013227513588D-02   -4.9213537167968D-02   0.11681171301638
    -1.8943012144427D-02   0.61742780501421    6.5561455076087D-02
    0.24152613117251   0.27770705871004   0.69373298957858    1.3322241925286
     2.7247542751534    5.1709791387255    9.6088921366940    14.602554875719
     26.090244051861    24.213911919043    11.816507138439   -23.373567515265
    -8.7031333732790    24.282760989009    24.578484719285    6.8304180308620
     6.5329530324193    8.1912052959982   -8.4193488114291   -6.5135708460143
    -8.9628345488791   -19.082330337884    1.3878472858993   -1.3180091706246
    -2.5953717683542   -5.8338587919144   -6.4346692656099   -5.2274355015330
    -4.5213479749139   -2.5880738242533    2.3124355283065    2.1317169588490
     1.3209538211372    4.1291023710541    2.9137295742622   -6.1783785095767D-02
     2.9938605656581D-02    1.7696561772577D-02   -5.9475013527270D-02
     4.4223851548248D-02   -6.1744141327057D-02   -1.5980435927566D-02
     4.0297087310639D-02   -6.1114915540282D-02   -1.9124366734754D-02
    -6.6850485234264D-02   -3.3809070309728D-02   -3.8534296552931D-02
    -3.8542442351494D-02   -4.6871470370377D-02   -5.0488659740840D-02
    -6.4654935817658D-02    2.1755170117471D-02    2.4192838505368D-02
    0.52572409831779    2.6205484182317D-02   -2.5626548980510D-02
     7.6837453295719D-02  -0.18050767410033   -6.0447991446577D-02
   -0.24510614232777  -0.29848256740093   0.23316806820995   0.12696693880709
    -7.6017350488296D-04   0.37585998832404   0.58473197201633    1.7887674470486
     3.3817835659727    6.0037272954827    11.195191962299    19.314473049472
     27.795987564102    23.416580397997   -14.063599056037   -34.459127190427
     19.561238124999    34.467575536053    21.132404858324    14.692078598278
     9.6712165727973   -3.6460787619446   -3.7319522854405    1.5563784336081
    -8.1453530508255   -3.0255180114206   -4.6425269111590   -1.6178803165072
    -13.200261200735   0.16663787799795   -8.0360378291514   -4.8097362803827
    -4.0197213318497   -3.5196984422282    4.4044316414249  -0.11057135772070
     7.1942679994107    3.0334998873380    2.3888325843687   -6.4901291643708D-02
    -3.2772767946488D-02    1.6066654093861D-02   -6.2301586363874D-02
     1.0556561716736   -6.6504722563322D-02   -3.2781376046211D-02
     4.5819435304579D-02   -6.6047189240384D-02   -3.8153070924546D-02
    -7.2031538715535D-02   -3.4066970811365D-02   -2.2116366114409D-02
    -3.2328891242384D-02   -5.1540278205527D-02  -0.15663293476908
    -6.5686620364583D-02   -4.3936316182021D-02    4.7232446095057D-02
    0.53965680853501    1.0335373950379D-01   -6.2046307898541D-03
   -0.68706956674267   -5.6968246054946D-02   -5.9380487023900D-02
    -4.8934314458124D-02    3.6598889881533D-02    8.1885148438583D-03
     4.4339822411521D-02   0.22990907126422   0.65228525396021   0.94188759609923
     1.9261943429394    4.1161208007569    7.4241361180051    13.715462147977
     21.022607122175    26.513384169409    14.042560407277   -37.535864271197
    -13.979094024241    32.765997211491    25.536008598706    26.713203736053
     17.055387719034   -5.7021173041072  -0.96994151773418   -8.1571719062268
    -5.4810641287582   -11.819765939368   -1.9576715254179   -3.1258510780233
    -3.7971200360608  -0.83174581511941    1.2628060412816  -0.21836153491752
    -3.7946558028073    1.2728167544690   -2.8220297682925   0.24636388355454
     3.3115348713350    4.2212954219988    2.9178551818421    2.6505252667621
    -6.9997655393946D-02   -1.6341289178554D-02    1.8425671619258D-02
    -5.3230684573020D-02   0.25202345754958   -7.1686384542929D-02
    -7.2871329184357D-02   0.11873238934022   -7.0961639337849D-02
    -5.1330964464789D-02   -7.7989335500347D-02   -3.3883164177686D-02
     6.2484334867836D-04    2.3413223182196D-02   -4.8928180661236D-02
    -1.9818559842020D-02  -0.15909406291848   -1.4722481772736D-02
    -3.7958114605227D-02  -0.11408505146430   -1.5544695053498D-02
    -9.1010767941939D-03   -5.7301355499408D-03   -6.5068471163086D-02
    -5.9228647895582D-02   -4.8325452165285D-02   -3.7153419414965D-02
     1.0442095639861D-02    6.8247773008113D-02   0.23656502300431
    0.93356984148292    1.0067111942480    2.1944089840428    4.4846114654556
     8.7899534995576    14.617403713799    22.330103142880    26.727996998401
    -5.9165860614520   -38.393605276944    9.7326157602919    37.060363669539
     30.784049814244    23.085961273316   -1.9061967936139   -3.0551251368388
    -1.6542035503438   -3.4295795951921   -13.152190262463   0.15730177493148
    -3.2920741441682   -8.7796097364699   -2.9046996172511   0.53423673358301
    -3.7794527064938  -0.89572244786119   -7.7842881282570    1.8562023883800
    -2.5485114949271  -0.51494688641546    1.3368391791953    4.1956669533680
     4.6567058557041    2.4523523352745   -7.5499360512189D-02   -3.6490749535102D-02
    0.18446425758660  -0.24693515717410    3.2912984509016D-02    1.9037371692912D-02
     6.0017153631568D-02   0.21704848003011   -1.8788972263945D-02
    -6.1923306693152D-02   -8.4169461685067D-02   -3.3010883398989D-02
    -2.2365235929563D-02    2.7268980564165D-02   -6.8794582072196D-02
    -5.7244247744592D-02    1.2817600823500D-02   -6.4924698164969D-02
    -5.1376334107689D-02  -0.11519604309241    2.6181837072634D-03
    -1.7661156992732D-02    4.4054274743152D-02   -6.7072604533073D-02
    -6.6202572519218D-02   -4.5794474393665D-02   -2.8684363784719D-02
     2.3734296425663D-02   0.14678452817488   0.35974550446943   0.62024756405223
     1.3775483129598    2.5651093114503    5.0821476795860   10.4239391636860
     18.049287055334    23.355725086970    18.904593163150   -24.674710238707
    -32.025149709275    28.051020139667    41.631182368412    15.460646372758
     6.3657603670186   -6.0160945278231   -6.4580992951167   -8.5262393433266
   -0.18019431475129   -6.4844532052198   -6.9680076357047   -4.0188827273010
    0.70392327106662   -7.7854299652153   -9.1272532211342   -5.3157955146946
    -3.3240257306435   0.94050843235044   -3.9053715344117    2.6246769451755
   -0.79117620068723    4.6796876643306    1.6688272543925    3.4982987673541
     2.2306322681832   -8.1597409677925D-02   -4.3551239338307D-02
     4.8925384935279D-02   -5.6892777594147D-02    3.6180897539240D-02
    -8.1518816504523D-02   0.40001603369500    5.5377219125006D-02
    -1.6013327356527D-02   -8.8602003718463D-02   -9.1009224879771D-02
   -0.32664032494540   -9.3490932093913D-02    9.0152851243600D-02
   -0.11524081104362  -0.11146948897238    2.5588200674418D-02   -5.1874406026131D-02
    -7.9615749270334D-02   0.41577654813108   0.19944767517251  -0.19334597658916
     2.5334175336115D-02   -7.3274883094919D-02   -6.6529369965134D-02
    -4.9434671341193D-02    7.4255808499356D-02    8.3872184091167D-02
    0.10920101824558   0.47583876373694   0.78272553478339    1.6322684335410
     3.3234280124151    6.8643605446913    11.296190189199    17.301160589128
     25.372704700246    5.5337987969581   -44.100412280561   -17.366951424601
     29.998310942647    35.221105871543    21.652161524211    12.937410466080
    -10.917124956569    3.2355157220315   -6.0347812271794   -1.9605492040598
    -4.6748864712795   -2.1979239024725   -8.9277097698878   -5.9557582603694
    -3.3063991694066   -3.6459241569218   -4.8828978591758   -1.1181430120142
    -1.9451642106089   -2.4464839012109   0.56707576717832  -0.94563308367387
     3.6140758706348    2.4789219149116    3.2962423967619    1.8460858309184
    -8.8894430357962D-02   -5.0798640560285D-02   -5.6332958597151D-02
    -2.1099874575554D-02    7.5987384968732D-03   -9.1298507540928D-02
     1.0158778407796D-02    9.3552641303650D-02   0.64739733544564
    -9.6050939296753D-02   -9.8681288684021D-02   -3.1126458376018D-02
    -1.0134417017894D-01    6.1532298799104D-02   0.24036553773338
    -5.9982980543249D-02   -6.3018244735608D-02   0.15656088554207
   -0.26044474652158   0.25539130877009   0.14726637047916   0.31150121382747
    0.16721007792614   0.16764963804800   0.24241957748653   -9.3471164737159D-03
     3.3949749280463D-02    3.0278687086048D-02    1.0346323198186D-01
    0.48093751842924   0.89311147861645    1.5661239550134    3.3611673606166
     6.5219084404052    12.346347062274    19.555753715585    22.644276988111
    -1.8673362183477   -46.363715504837   -4.1591956187411    51.269002610316
     39.359485711985    10.928473087187   -4.5394749634764   -3.8946917006581
    -2.5636102886912   -4.1310882147314   -6.1855444940200   -5.4947978057026
    -3.4910437981321   -10.605076149654   -2.2220784995981   -5.2394143427552
    -2.0832977546212   -4.3479876928867   -3.4803414797243   -1.6375902927907
    -3.0794434382152   0.55492034050071   0.58418904832233    1.0491059052828
     2.9173965744760    1.9854066747444    1.9777607872274   -9.7140683569291D-02
     2.0195901928047D-02   -9.7844594982138D-02   -9.7966482372147D-02
     3.4930241405873D-02   -9.9861165257550D-02   -1.0091080029973D-01
    0.25279907035073   0.50198620943710   -9.8416934347035D-02  -0.10744445464456
    -7.9448940630179D-02  -0.11033571768782  -0.30275957751126   0.17791359744282
    -9.6330669709542D-02   -4.1120175253968D-02   0.16270311761434
    0.38829477911239   0.30415371627791   -3.6864658944158D-02   -3.8033482904970D-02
     5.0364830069637D-02   -9.6823352442647D-02   -8.7868817509128D-02
    -9.7592250531205D-02  -0.35742596396756   -4.4068158804388D-03
    0.10717237248825   0.32742412366706   0.75185933927502    1.8400529645621
     3.9065632600787    6.8408306478493   10.5426460197685    15.536912957399
     8.7003942984480   -37.189440505627   -82.067012316322   -20.121907912411
     39.491758788179    17.772863679799    4.5836129538574   -6.3221984193273
    -8.8656340570237   -5.5602295918968   -11.778917871082   -11.097456398292
    -4.8182176947360   -7.3282948721666   -6.2627628913158   -8.1006598906691
    -4.9520662755853   -4.4161495151654   -4.4205801249696   -2.5490092159324
    0.40339368672653  -0.83040345628943  -0.67261696311609  -0.36596652476298
    0.72729687914432    1.5183275320176    3.3858218622092    1.6384383561449
    -1.4316455405710D-02   -1.0503860273328D-02   -1.0505160661906D-02
    -1.0507143639515D-02   -1.1223481057067D-02   -1.1104291474401D-02
    -3.4539790065966D-02   -1.0522759185818D-02   -1.0528904282887D-02
    -1.5300665053292D-02   -1.2270713363881D-02   -2.1914862705753D-02
    -2.1045779210738D-02   -1.1348057688495D-02   -1.6414188602563D-02
    -2.0036689924746D-02   -1.0627037345270D-02   -1.1141515849149D-02
    -2.1178761991378D-02   -2.1851515205199D-02   -2.1149786434694D-02
    -6.4735712065225D-02   -3.0674214007374D-02   -1.8647531928928D-02
    -1.6434135448442D-02   -1.5751401073506D-02   -2.3454525564979D-02
    -1.9614629497635D-02   -2.5453346820332D-02   -3.5613489425085D-02
   -0.25749257099814  -0.17887113284902  -0.26764376307036  -0.44040473456965
   -0.88261393274801   -1.8305396912369   -3.5475699042573   -7.7810247309748
    -16.881813729142   -42.096368346719  -103.119151983109   -264.28306793706
    -334.60278009849   -156.10014018032   -51.797011879521   -20.043234465255
    -6.8300444322131   -1.3686619836565   0.12360109123513    2.8088712204439
     1.8091822228568    3.3094669412800    2.9974434465462    3.4357291629071
     2.8731084433525    3.2296625271652    2.9195510743366    2.8017900618218
     3.0604872859426    2.6605828769283    2.1387774872547    1.6410985250552
    0.74253635390267    8.3009545124076D-02   -1.3832646736953D-02
    -1.0017604741602D-02   -1.0021238580722D-02   -1.0026781505867D-02
    -1.0758454562097D-02   -1.0696808628632D-02   -1.0056002940283D-02
    -1.0070486646710D-02   -1.0087712080065D-02   -1.5045248773601D-02
    -1.2448977434557D-02   -2.3382889687125D-02   -2.0665002298024D-02
    -1.3313167542338D-02   -1.6238636122432D-02   -1.7826581575989D-02
    -1.0365559243640D-02   -1.0934539841184D-02   -2.0886898231491D-02
    -2.2368382716601D-02   -1.9105778519239D-02   -4.8714676636862D-02
    -2.5519998871539D-02   -1.7389021710354D-02   -1.5608533127297D-02
    -1.5015944736964D-02   -1.7410361063936D-02   -1.7033044035810D-02
    -1.9143614305279D-02   -3.9963195309905D-02   -7.6787431561202D-02
   -0.13649304418370  -0.19250355445462  -0.29854829615322  -0.61378521378983
    -1.2445500236392   -2.4433506376208   -5.2535928308684   -11.990075214745
    -28.373933784836   -70.005107558386   -173.20735938800   -252.04842102564
    -141.24967244343   -52.819063508984   -22.272222272530   -8.4732482972071
    -2.9104394016579   -5.2480454939809D-02    1.1911511368526    1.8004945958944
     2.8757487405621    2.5491927729278    3.0094547588874    3.2097754386955
     3.2403419877297    2.2452223947692    2.5256694385995    2.8478262734915
     2.6944411851035    2.2380490487266    1.6812608509863   0.64242294043296
     9.1100370107639D-02   -1.3358917690310D-02   -9.5558672755823D-03
    -9.5614882941096D-03   -9.5700643728805D-03   -2.0528414113487D-02
    -1.0310801041022D-02   -9.6153032453656D-03   -9.6377419506203D-03
    -9.6644429620098D-03   -1.4752917392430D-02   -1.2780186991192D-02
    -2.5061112267896D-02   -2.0278391122387D-02   -1.1535981246667D-02
    -2.1325374339327D-02   -1.5291555106449D-02   -1.0100193166041D-02
    -1.0719821327495D-02   -2.0566646687941D-02   -2.2858796705800D-02
    -1.7938419556994D-02   -6.4382133603369D-02   -2.4008095833655D-02
    -1.5954652715314D-02   -1.5489265661279D-02   -1.4463339854350D-02
    -2.1012512371217D-02   -2.3155300311614D-02   -1.8209501566682D-02
    -4.0625244375233D-02   -5.7771425412877D-02  -0.13043772857485
   -0.14469056312474  -0.32492724150445  -0.55227261657320   -1.0654201721253
    -2.3176180913458   -4.8560963388034   -11.265843386292   -26.150693719439
    -63.130456429005   -151.19057661614   -236.03997468931   -144.56773472240
    -56.677630498755   -22.775450273963   -9.5567476953377   -3.9489602092248
   -0.72424900114245   0.92015690921402    1.6873060861591    2.6026223442503
     3.0263901492467    2.8633995044784    3.1960291996435    2.8110487091265
     2.5582528594208    2.9158573583252    3.0402660015827    2.4998609935801
     2.2925663143434    1.3270742183068   0.43535270325518    6.7954478761223D-03
    -1.2891286486050D-02   -9.1196172206267D-03   -9.1269430512048D-03
    -9.1381214342944D-03   -3.0326641364571D-02   -9.9455187473220D-03
    -9.1970954604575D-03   -9.2263514543847D-03   -9.2611716924717D-03
    -1.4446630160835D-02   -1.3272672453805D-02   -2.2248127269813D-02
    -1.9825281872460D-02   -1.0683170138653D-02   -2.6742508891570D-02
    -1.5184208330382D-02   -9.8358188557015D-03   -1.0501687630597D-02
    -2.0206299663853D-02   -2.3324604786369D-02   -1.6762051451222D-02
    -8.8974679918501D-02   -2.4445141094565D-02   -1.4917319313186D-02
    -1.4918893816562D-02   -1.3504109230257D-02  -0.14750315352061
    -1.4844551044091D-02   -1.7283885210742D-02   -3.5193610045065D-02
    -5.2323613841871D-02   -9.2021053597540D-02  -0.14863703143931
   -0.30729709391956  -0.52373483128050   -1.0735389625836   -2.1693186348827
    -4.4949662762746  -10.2639828533503   -24.227164215924   -59.873805127632
    -142.44264888700   -235.84541302377   -149.65006482818   -59.615515971008
    -22.103538443654   -11.173839875810   -3.6625632436447  -0.52176453121426
    0.74191149358721    1.8101599490867    2.5768081145897    2.2121153277539
     2.9088615230845    2.7613032589766    2.5937958877105    2.7165714429945
     2.3713777532005    2.4939441397747    2.1740966536097    2.0251701770182
     1.6200262856918   0.54702886952835    4.6574408581820D-02   -1.9494034313287D-02
    -2.8764669693235D-02   -8.7167920036872D-03   -8.7301799968527D-03
    -1.2811147257031D-02   -9.5985245042606D-03   -8.8008144195867D-03
    -8.8358550979500D-03   -1.1567015448520D-02   -1.4122538777903D-02
    -1.3925472130384D-02   -1.5042763400240D-02   -1.9329146099956D-02
    -1.0093080873401D-02   -2.7364340699316D-02   -1.5043683734969D-02
    -9.5734758135248D-03   -1.0280801202426D-02   -1.9807041581589D-02
    -2.3721519494221D-02   -1.5614614920244D-02   -1.0354369736580D-01
    -2.1106335578148D-02   -1.5357907643549D-02   -1.4420647753523D-02
    -2.7371905105331D-02   -7.0358862397672D-02   -1.4137573744764D-02
    -1.6663479364748D-02   -3.2848974342422D-02   -4.9314242100985D-02
    -8.6884990358130D-02  -0.14435866830991  -0.26294143226215  -0.50147481970497
   -0.99349678272005   -2.0673508353214   -4.3602245649753   -9.6717999343163
    -22.569663312972   -55.626887995312   -134.82414549952   -235.21577099556
    -160.63599396894   -64.164228404896   -27.861443636771   -13.446070153869
    -5.5333937685257   -1.1920039443581   0.79162873823927    1.7924550780309
     2.0330069480484    2.1042996865829    2.7979008618990    2.6505966274614
     2.4996011250777    2.2609033894984    2.0710479809012    2.4250994524463
     2.2484939958692    2.0000739066152    1.3731945222008   0.42053242721213
     8.9276660938912D-02   -8.3091816587850D-03   -5.0507106375689D-02
    -8.3241378087546D-03   -8.3394195233516D-03   -1.2515802326019D-02
    -9.2641249731371D-03   -8.4200446117192D-03   -8.4600381342134D-03
    -1.2657425821316D-02   -1.3786580267501D-02   -1.4739876886134D-02
    -1.4579161155362D-02   -1.8809991969735D-02   -9.7858600340832D-03
    -2.7570250139330D-02   -1.4956017898779D-02   -9.3095661426395D-03
    -1.0054200354614D-02   -1.9385412764853D-02   -2.4069982592887D-02
    -1.8186056032540D-02   -8.6795025514609D-02   -1.9568602169946D-02
    -1.5402168149060D-02   -1.3766194108594D-02   -4.7019326505633D-02
    -1.3332853118043D-02   -1.3372484943516D-02   -1.6001020935211D-02
    -3.3225886704047D-02   -4.4066003301489D-02   -8.2445142309828D-02
   -0.14563586971100  -0.26193433397253  -0.50747613468742  -0.94797704616704
    -1.9994135230708   -4.0778874000372   -9.0804768341833   -21.542100638703
    -51.839011209062   -125.71943679488   -239.30581716009   -178.77412136246
    -71.696440434826   -30.345890629404   -13.732009404712   -5.2592644698947
    -1.7956271345615   0.25143606245785    1.5904203765402    1.1994048638381
     2.4412428267151    2.2278365366730    2.4155469353851    2.2330975591584
     2.4981971646632    2.4541502052022    2.1581777198648    2.4513093482629
     1.9890476299540    1.2648854198744   0.50788355958682   -6.2332462371840D-03
    -7.9305734847176D-03   -6.3274185026872D-02   -7.9471141808149D-03
    -7.9640192390079D-03   -1.2215086231537D-02   -8.9402245165036D-03
    -8.0532336892533D-03   -8.0974974837845D-03   -1.2236661398619D-02
    -1.3439315434474D-02   -1.5711473200607D-02   -1.4110072270231D-02
    -1.8271081564635D-02   -9.4802320998969D-03   -2.9281585228369D-02
    -1.5109273036075D-02   -9.0457763690536D-03   -9.8231678064663D-03
    -1.8254736638771D-02   -2.4368938144516D-02   -2.8992155984329D-02
    -8.1672989963412D-02   -3.5154846672218D-02   -1.3642120668132D-02
    -1.3177219723863D-02   -1.7178329899481D-02   -1.3146029216893D-02
    -1.2532403056212D-02   -1.6234464072961D-02   -2.9121696136690D-02
    -4.3799111561285D-02   -8.3349216812668D-02  -0.14533493883302
   -0.25412195685749  -0.47828303964211  -0.94294892012227   -2.0201921372925
    -3.9447607494243   -8.7218779615638   -20.458262114950   -48.043898548589
    -115.82832586690   -235.02063157710   -194.13672036813   -78.421295519942
    -31.877809317088   -14.002001207842   -6.0669270857236   -2.2133137988121
    -2.1833776123511D-02    1.2801858532368    1.8298565056162    1.8000157311752
     2.4883833630095    2.5163273569536    2.4640061210795    2.2916947367627
     2.6591694871239    1.9639611249449    1.9317238710707    1.9610934148044
     1.3469281279758   0.56764801016604   -7.2556967358558D-02   -7.5662069249585D-03
    -7.8653290767408D-02   -7.5840730949464D-03   -7.6023408227493D-03
    -1.1908732687802D-02   -8.6249993505764D-03   -7.6988286144086D-03
    -7.7467450128430D-03   -1.1828783613132D-02   -1.3754836336291D-02
    -2.8758845548070D-02   -1.3898504812488D-02   -1.7715994943772D-02
    -8.4754978614666D-03   -3.7284500302074D-02   -1.4836752992568D-02
    -8.7858316378301D-03   -9.5914918123207D-03   -9.3073391149422D-03
    -2.4588505107325D-02   -2.5784689122871D-02   -5.9602929300058D-02
    -5.6002202353916D-02   -1.8809754160056D-02   -1.3078291224637D-02
    -1.5477122296136D-02   -1.2826698408072D-02   -1.1995009837005D-02
    -1.6628302187959D-02   -3.2857106813025D-02   -3.4918311599177D-02
    -8.3164949421664D-02  -0.16414277338361  -0.25813132330461  -0.50480790833360
   -0.94822807654518   -1.8479997221231   -3.8634038190624   -8.7028221680223
    -19.859574537093   -46.030131203978   -109.88327620086   -233.00835308656
    -194.59724592511   -87.768131999558   -35.612713174602   -15.239086090829
    -7.1460164104002   -1.3359294807749   0.13398503770274   0.81271962528372
     1.5087738829514    2.0076046584080    1.6407853720602    1.9695766043689
     2.4717184623421    2.2065469187077    1.8940638004243    2.1526178065781
     1.9643455710715    1.8426898258927    1.3430824779961   0.49931122508579
    -1.8013079583549D-02   -7.2178069688750D-03   -6.1153923410234D-02
    -7.2369248420809D-03   -9.6068445474500D-03   -1.1592467861125D-02
    -8.3189194957097D-03   -7.3599059949025D-03   -7.4113411098893D-03
    -1.3115629369095D-02   -1.6057642263833D-02   -3.4316060035682D-02
    -1.3578754969135D-02   -1.7116882879890D-02   -7.9794402919216D-03
    -3.0760009825781D-02   -1.5713673237818D-02   -8.5414822756775D-03
    -9.3694490452808D-03   -9.1311380708936D-03   -2.4648797977658D-02
    -1.2716050650353D-02   -8.5471790992201D-02   -3.0431220018779D-02
    -6.3282462939538D-02   -3.6880270845033D-02   -1.0922572821645D-02
    -1.2120061338153D-02   -1.1864279268486D-02   -1.8021600891709D-02
    -2.8475146546890D-02   -3.6011165943190D-02   -8.0689367265175D-02
   -0.20156861060584  -0.26540949747811  -0.50816823550389  -0.97690077907262
    -1.8955682462843   -3.9740635603502   -8.5468450747221   -18.663302431495
    -42.970658459765  -104.039958120592   -225.69426442206   -208.86983770161
    -95.416613113056   -38.262280690750   -15.920757897622   -6.4026679798119
    -2.7482334317615  -0.73832272090832    1.3111112324730    1.5190517401373
     1.5375054731126    2.1113426508770    2.1691218125071    1.9976228204566
     2.2900920949906    1.5256304148135    1.8880872938079    2.1029327732348
     1.4329469780298    1.4018285643475   0.46561640877876    8.3650147267244D-02
    -6.8855391932485D-03   -6.8921215038150D-03   -6.9054718105720D-03
    -1.0413430989902D-02   -1.1266485659064D-02   -8.0202698384698D-03
    -7.0339428404580D-03   -7.1262655068640D-03   -1.0219911297460D-02
    -1.3212561438285D-02   -3.5794541009667D-02   -1.3091050143138D-02
    -1.6510109025758D-02   -7.6887030754721D-03   -2.2655502932963D-02
    -1.7329498028570D-02   -8.2998401776759D-03   -9.1496997479412D-03
    -8.9683773398318D-03   -2.4537818726436D-02   -1.9308496813700D-02
    -8.4002910742015D-02   -3.0585244716999D-02   -9.6898328681526D-02
    -2.5649377566843D-02   -1.8805379161362D-02   -1.1520611670772D-02
    -1.1549749424187D-02   -1.7565956824102D-02   -3.0476848012483D-02
    -3.6181879932363D-02   -6.7703642052613D-02  -0.18537704748953
   -0.27536539269910  -0.50759241637271  -0.96922031761061   -1.8697096650133
    -4.0037701011234   -8.3161263648249   -17.774960049591   -41.408183241879
   -100.007083814900   -218.98389000722   -218.74011073546  -100.691095223585
    -40.417143542218   -15.715796955594   -6.5731140319554   -2.6894983351002
   -0.15754922936972   0.73594109919412    1.0632691896509    1.2962370036926
     1.9952000647703    2.2590831579285    1.9953407346204    2.2653621666751
     1.8082841446610    2.1053670534946    1.9748470305337    1.6729628699756
     1.1526956238626   0.54484072651151    4.8248897511803D-02   -5.2014506937842D-03
    -5.2067615956442D-03   -5.2175361492086D-03   -5.7675595129558D-03
    -8.6504113685735D-03   -6.1158730178501D-03   -5.3213525965120D-03
    -5.4191341548921D-03   -7.8371838198719D-03   -9.7082030378549D-03
    -2.9319372609343D-02   -9.9788997485214D-03   -1.2591061388315D-02
    -5.8551378991959D-03   -1.7524493889290D-02   -1.3509680282483D-02
    -6.3667544298965D-03   -7.0518922695555D-03   -6.9673363296316D-03
    -1.8932900521228D-02   -1.4443243106641D-02   -6.0732052957041D-02
    -2.3162262822327D-02   -2.6158964835169D-02   -8.8184454701570D-02
    -1.8276762712559D-02   -8.5881493458481D-03   -8.8360646821743D-03
    -1.2944869139408D-02   -2.4967791753524D-02   -3.2451131749875D-02
    -5.4628512350450D-02  -0.13934559380351  -0.22904030066912  -0.40449629991422
   -0.75464585506450   -1.5237365165424   -3.0319606385566   -6.5065012515417
    -13.515738738214   -30.866341972899   -74.970125470018   -165.45957306480
    -174.32580424504   -81.897623391986   -33.782176715165   -14.087965405548
    -5.8987929326437   -1.8539074821960   0.11649451354745   0.52256132614676
     1.0811988307266    1.0555801226730    1.4447424931897    1.5378083784034
     1.7757749978599    1.4981149164486    1.4525399993330    1.6950189465470
     1.4419347931821    1.1485231737786    1.1149081689690   0.45408371070956
    -4.1781697522885D-02   -5.7050864380401D-03   -5.7112260322934D-03
    -5.7236841080815D-03   -6.3216424313866D-03   -9.6307207548095D-03
    -6.7672167922894D-03   -5.8438224198887D-03   -5.9508184414899D-03
    -8.7148656558739D-03   -2.0669443645603D-02   -1.4368968050159D-02
    -1.1034818110608D-02   -1.3930616619000D-02   -6.4649231310112D-03
    -1.9646725221567D-02   -1.5254368682479D-02   -7.0710107180998D-03
    -7.8639589085623D-03   -7.8024667091317D-03   -2.1372576557463D-02
    -1.5309247927469D-02   -6.2198351405508D-02   -2.6337069836633D-02
    -9.0315834796011D-03   -1.5221239111715D-02   -1.9080297251012D-02
    -9.3180692770776D-03   -9.7550599981524D-03   -1.5067438015631D-02
    -4.2037946231591D-02   -3.8571620967523D-02   -6.7779817458911D-02
   -0.16170245029420  -0.24190516269817  -0.47535989035131  -0.89110266543268
    -1.7564691777561   -3.4600661432180   -7.2397874483863   -15.169237605537
    -34.599980203520   -82.163038302303   -187.94240543725   -198.09078132968
    -96.824701247406   -37.649231074514   -15.764231315891   -6.5627180053908
    -2.3611383565459  -0.52549445337416   0.86475319445524    1.3569421392371
     1.8096160926318    1.5288169295432    1.7108543389984    1.6240210700789
     1.6219779071990    1.5708523607292    1.6424090970120    1.6723338534961
     1.6213204115898   0.80988303106345   0.29275477729925    2.0506395990887D-02
    -6.2559799801738D-03   -6.2630631835603D-03   -6.2774378916256D-03
    -6.9278284539747D-03   -1.0739020608524D-02   -7.4261699661291D-03
    -6.4852809113270D-03   -6.5332995894028D-03   -9.7039667084960D-03
    -2.6658076997099D-02   -6.7596568528578D-03   -1.2211040126949D-02
    -1.5426858517525D-02   -7.1358691432000D-03   -2.2073230711853D-02
    -1.7262289269199D-02   -7.8545732095982D-03   -8.7637208893079D-03
    -8.7696396680326D-03   -2.4314317837850D-02   -1.6065858389351D-02
    -6.2516467580935D-02   -2.8992041816988D-02   -9.7577624180117D-03
    -2.6818197973178D-02   -1.9797529799625D-02   -1.0156776288006D-02
    -1.1064957881214D-02   -1.5722036097493D-02   -2.3432335155152D-02
    -4.2630115865407D-02   -7.3535408807951D-02  -0.17768323417042
   -0.27875054638426  -0.56965928431380   -1.0294108362247   -2.0028999042966
    -4.1563546561525   -8.2230698877386   -17.597593699288   -39.110390114262
    -93.452338773760   -210.17813588939   -223.39492887716   -111.91194801648
    -44.911838628542   -16.811041682625   -8.3071003003568   -2.7100958678080
   -0.98976639112819    1.2602266457909    1.3517700892020    1.8700423774164
     1.6881848710826    1.8521447491879    1.8217055860119    1.9467836584646
     2.0974728261886    1.8677949802078    1.8553079740191    1.7456947175161
     1.0784737233362   0.49948408143096    7.5064416551087D-02   -6.8578285818255D-03
    -6.8659812680236D-03   -6.8825276777499D-03   -7.5904836397335D-03
    -1.1996249526154D-02   -6.9869314911009D-03   -8.3686421961315D-03
    -7.1706234694644D-03   -1.0821976277200D-02   -3.0783501389434D-02
    -7.4377783780133D-03   -1.6204971584866D-02   -1.7089304859755D-02
    -7.8812227426216D-03   -2.4838543082530D-02   -1.9606233050516D-02
    -8.7193802357002D-03   -9.7635678139189D-03   -9.8836215316929D-03
    -2.7810548464220D-02   -1.6872639414960D-02   -6.2302528695663D-02
    -3.6043247565169D-02   -1.2322260584244D-02   -3.6470045692269D-02
    -2.8524978645235D-02   -1.9098322496520D-02   -1.2224886218451D-02
    -1.6696562305779D-02   -2.3143369321458D-02   -4.8105074569985D-02
    -8.4593057039873D-02  -0.20843766696934  -0.33074483104663  -0.64173589320595
    -1.2234743532253   -2.4160666161690   -4.9221405928556   -9.6600979875705
    -20.171216919142   -44.048287510814  -104.240467296329   -235.86855140915
    -251.46847340747   -122.66117129155   -48.813492322627   -19.347316236507
    -9.0454360612498   -3.4969439696940  -0.51533731051960   0.66926919749802
     1.2999169036893    2.0550690974402    1.8872666354822    1.8831304336425
     1.9603470076153    2.0466558749880    2.0437933352445    2.3057165850548
     1.9354356506340    1.7751181348697    1.3651898927154   0.50074169328381
     6.2040071068699D-02   -7.5145196591714D-03   -7.5238814210807D-03
    -7.5428822063808D-03   -8.3143209235371D-03   -1.3428074310863D-02
    -7.6627911457709D-03   -9.2943403239371D-03   -7.8681555016224D-03
    -1.2088040706090D-02   -3.5710096649465D-02   -8.1882665689377D-03
    -2.2242964733396D-02   -1.8937491840502D-02   -8.7024957085701D-03
    -2.8050807952767D-02   -2.2372523427537D-02   -9.6760612508524D-03
    -1.0998191836054D-02   -1.1026497837669D-02   -3.1928354257353D-02
    -1.7698304399574D-02   -8.1314934460865D-02   -4.8608526171488D-02
    -1.0891301997971D-02   -3.8439262008211D-02   -1.4463798582770D-02
    -1.0512673219010D-02   -1.3266411725545D-02   -1.9176841272351D-02
    -2.6743994518250D-02   -5.2499665016908D-02   -9.3473168961780D-02
   -0.24463406430622  -0.37105587472444  -0.79450115003787   -1.4283459260959
    -2.9711398173140   -5.6993524057967   -11.570357290103   -23.374099524266
    -51.339449080858   -119.10057174348   -263.71683593882   -272.14804171369
    -133.63952245032   -53.979153028794   -21.601317745214   -9.1603464278487
    -3.3082302499969  -0.53224660558565    6.4401006351288D-02    1.8235595068216
     1.9813640972073    2.4074813806128    2.2346060662617    2.4208259934422
     2.4021349146163    2.4405650240490    2.1644306919161    2.2535535527484
     1.8689861305230    1.3619320834195   0.41422102065830    7.3116674741796D-02
    -8.2342943589603D-03   -8.2452313777754D-03   -8.2674293228420D-03
    -9.1081610809126D-03   -1.5055426223129D-02   -8.4075595123015D-03
    -1.0341356328350D-02   -8.6465303972099D-03   -1.3523697383484D-02
    -4.1648206707655D-02   -8.9987061361731D-03   -2.5701263761584D-02
    -1.8969252103141D-02   -9.6059872542587D-03   -3.1806643175978D-02
    -2.5872053323288D-02   -1.0736274491595D-02   -1.2399779832926D-02
    -1.2275502071139D-02   -4.7052329522779D-02   -1.8557052335016D-02
    -5.8520495985771D-02   -5.9171463306894D-02   -1.1325382232209D-02
    -4.0349620246217D-02   -1.6405118750426D-02   -1.1725949894103D-02
    -1.4165924019029D-02   -2.8351125735822D-02   -3.0192479062436D-02
    -5.8143453612615D-02  -0.11532173814753  -0.26523393094294  -0.49450978346077
   -0.94173412719884   -1.7509074137913   -3.4982845585076   -6.7488257600821
    -13.401846926473   -27.662932516996   -59.460405329968   -143.37548368777
    -298.40129730810   -288.71431225141   -141.75401642612   -57.132087877245
    -23.892362637431  -10.2781728082043   -3.0281910398856    2.2508049211187D-02
    -8.8573826919547D-03    2.0315957245233    1.7577385932430    2.5474736384179
     2.4176849382582    2.2991479278278    2.5373808832143    2.0965632118231
     2.5539544473391    2.5116114881826    2.1815711256483    1.3536284566983
    0.51427618921472   -2.3305134018389D-02   -9.0240006128065D-03
    -9.0365296114028D-03   -1.0077597615431D-02   -9.9778747164061D-03
    -1.6917169091268D-02   -9.2324000613060D-03   -1.1527623388331D-02
    -9.4888378389788D-03   -1.5163385874912D-02   -4.8924600096511D-02
    -9.8968474308549D-03   -2.9904881156519D-02   -1.0343824714299D-02
    -1.0600021696162D-02   -3.6476977159144D-02   -3.0630054024717D-02
    -1.1912109467970D-02   -1.3899584376511D-02   -1.3695257666662D-02
   -0.11192602057983  -0.11283147847553   -6.4584094652227D-02   -1.0424196537567D-01
    -1.2295788172092D-02   -4.2060829332300D-02   -1.7597863919516D-02
    -1.4619749829841D-02   -1.5920106554841D-02  -0.11871929526578
    -3.5712780662423D-02   -6.2740939599288D-02  -0.13551071840449
   -0.32473892770355  -0.63119385919871   -1.1636523560136   -2.1044354068479
    -4.1138859448951   -8.0812710191956   -16.737222315859   -33.822484728233
    -74.094570946958   -170.33447562349   -332.23230800463   -304.64053760804
    -143.64686798728   -60.054312550550   -23.975050372364   -11.254435107848
    -4.1280720840227  -0.44142412383628    1.2486238209228    1.5454376313918
     2.5287390461304    2.3589120187983    2.7831800266030    3.0800018252021
     2.5122194516213    2.3878896567222    2.3801243236155    2.5757452773464
     2.0121964569883    1.6099918080165   0.55527923027049    1.9033254565143D-02
    -9.8846757228801D-03   -9.8990070591046D-03   -1.1457199113858D-02
    -1.0927982349077D-02   -1.9063680844128D-02   -1.0122695882994D-02
    -1.2879246239437D-02   -1.0378626172917D-02   -1.7204422888438D-02
    -5.7777370474560D-02   -1.0883635471626D-02   -3.5074721751116D-02
    -1.1397149790668D-02  -0.12529270200830   -4.1863522635825D-02
    -3.8459264420962D-02   -1.3220170283080D-02   -1.6186487978031D-02
    -1.9940892476895D-02  -0.21987149510543   -1.9930755777660D-02
    -4.0571918944196D-02  -0.11112893808870   -1.3313776532973D-02
    -4.4065840466594D-02   -1.3489224286768D-02   -2.3093522255889D-02
    -1.7331091356402D-02   -9.4397418952893D-02   -4.2454648600236D-02
    -7.4577545656759D-02  -0.17161181544765  -0.46706904938565  -0.72831125141881
    -1.3294841386812   -2.6201446448174   -5.2088715492931  -10.2245104141329
    -20.277093489809   -42.435913682027   -94.237221636256   -215.07877204212
    -372.48633108649   -293.82738539320   -133.42978594233   -56.222522608987
    -24.574772353438   -10.929481565079   -4.7633640087140  -0.73937450338833
    0.89649689115081    2.2030767023074    2.0549271002281    2.6752683665397
     3.1763853892414    2.9446389155520    2.9848152884033    3.0310529490091
     2.7937093562532    2.9595270692616    2.5307176004438    1.5826406139275
    0.79365625422462    8.4631567334658D-02   -1.0822217964170D-02
    -1.0951643156030D-02   -1.2415330321292D-02   -1.1933549003684D-02
    -2.1586545692295D-02   -1.1093748496302D-02   -1.4430127074204D-02
    -1.1368061188637D-02   -1.9669017404104D-02   -4.8012602039107D-02
    -1.1964326674444D-02   -4.1514099780104D-02   -1.2553613488971D-02
    -2.9060006468810D-02   -4.6643379716317D-02   -5.3422335283031D-02
    -1.4684314076607D-02   -1.8457876825098D-02   -3.2952561880142D-02
    -2.7455685281109D-02   -2.2107043870584D-02   -4.3298275381300D-02
   -0.13723229374161   -2.9119501791313D-02   -3.0642407089588D-02
    -1.4424550072618D-02   -2.6000867352436D-02   -1.8647749923684D-02
    -3.3748272959277D-02   -9.1441407604498D-02  -0.10716930327147
   -0.20549390738110  -0.45771795818110  -0.85306409638681   -1.7671769843578
    -3.2126947668314   -6.4691844344602   -12.996589656462   -25.904506191249
    -54.773183989188   -121.93216942141   -272.24014752744   -402.33773389605
    -270.18583735756   -121.06296813509   -50.896703422115   -23.228491499606
    -11.441384499382   -3.2503050562608   -1.4926864133251   0.84632714245486
     1.7435256463522    2.4504210313312    2.2263874467696    2.9119774319335
     2.7185001845107    3.2442071171586    2.9308063041451    2.7983996349842
     3.0182977582010    2.3633202679210    1.9101208867711   0.75764716471322
     4.6259222238776D-02   -1.1843312877358D-02   -7.7070126878749D-02
    -3.0262413117861D-02   -2.0073918383805D-02   -2.5333925500576D-02
    -1.2152670738451D-02   -1.6224800739158D-02   -1.2465428063111D-02
    -2.2216545012361D-02   -2.5478530673725D-02   -1.3147365490553D-02
    -4.9645525773780D-02   -1.3824285727532D-02   -3.1382013809972D-02
    -3.2915090188431D-02   -6.0567922479395D-02   -1.6373473827551D-02
    -2.1025712527581D-02   -3.9416292269391D-02   -2.8412162684667D-02
    -2.2251626179126D-02   -3.7152632057504D-02  -0.12454769680328
    -2.0152670489304D-02   -1.6374940499990D-02   -2.1958061749615D-02
    -3.0451300819201D-02   -2.0643651199602D-02   -3.1894012616163D-02
   -0.11418103848878  -0.16090412523013  -0.26910850914883  -0.56489209110307
   -0.99640836838583   -2.1192896747725   -4.2193818019488   -8.3586851761840
    -17.081605551306   -34.458698392046   -72.426118614400   -161.52230457271
    -331.00224593344   -404.81314867706   -228.46999741652  -103.694456993660
    -46.930574961092   -21.181296216045   -11.134667077045   -3.4192810156766
   -0.64423876305017    1.4837364003424    2.4196885290283    2.8495850052003
     3.0115618640997    2.7921512531691    3.0229193921771    2.9086246491430
     2.8658430043210    2.8879987760594    3.1789491865389    2.9031244846692
     1.7666181455696   0.80314950567206   -9.3293017116001D-02   -1.2955427860004D-02
    -3.5121770327090D-02   -7.2485139207799D-02   -1.3361856801989D-02
    -2.9164216454613D-02   -1.3307275169157D-02   -1.8440363557546D-02
    -1.3663311997258D-02   -2.5198981402768D-02   -2.8769663393604D-02
    -4.0608729880984D-02   -3.3628743233963D-02   -1.5237242108165D-02
    -3.4180747319677D-02   -2.7687677104024D-02   -6.9324045027682D-02
    -1.8968367512150D-02   -2.2937019369299D-02   -4.3430906691009D-02
    -3.0358345655578D-02   -2.3082425371572D-02   -3.3175858056576D-02
   -0.12768652118906   -2.6732074795115D-02   -1.6312021028437D-02
    -6.0661909313327D-02   -3.5433555955347D-02   -3.5249416203921D-02
    -6.8273888396576D-02   -7.8993605256257D-02  -0.34071517955920
   -0.29553920803609  -0.67115965057605   -1.2788939746958   -2.6210335211598
    -5.4913892394280   -10.760007150793   -21.802274057011   -46.250649578756
    -99.009011507562   -218.13091743271   -396.45487903854   -375.19608840990
    -194.62432952555   -87.836653141004   -38.534969377037   -18.995150676587
    -9.3290402907595   -4.5871224455241  -0.25030620968523   0.86926251444634
     2.1058170536616    2.5018488266727    2.6295987632246    3.0944653725546
     3.2603818218103    3.4599278821198    3.1614486373144    3.1619773972067
     2.7455983988637    2.4412409116716    1.8095169171043   0.75963856025072
    -1.0081885824452D-01   -1.4168778998046D-02   -3.8699264683199D-02
    -7.4376199265081D-02   -7.8882208887638D-02   -3.3544336755290D-02
    -8.0771868045341D-02  -0.11560316432661   -2.5653923876150D-02
    -2.8683653612202D-02   -3.2550419771558D-02   -6.5076200472325D-02
    -2.3641834777613D-02   -1.6853879945338D-02   -3.7726770767583D-02
    -5.2601991057739D-02   -8.1243606693511D-02   -2.3928001765872D-02
    -2.1834041235147D-02   -5.2573335382714D-02   -3.4597149713247D-02
    -2.4255815027000D-02   -4.6538812529890D-02   -4.2862220178807D-02
    -2.6056941458489D-02   -1.7718136818114D-02   -6.9142391081673D-02
    -2.7404679753094D-02   -8.4018311998974D-02   -8.8534117379590D-02
    -8.1382945587454D-02  -0.18179517779000  -0.38836603990020  -0.79763694510107
    -1.6596585614169   -3.5345024117442   -6.9530491745200   -14.074705758902
    -29.396138533377   -62.425143498067   -136.11891730261   -290.06225380965
    -442.13506845071   -322.36443090183   -149.12622300094   -67.682587625292
    -30.244861040151   -15.199968209458   -7.0951900046374   -2.6725271564150
    -1.4523757135763    1.8193090904257    2.7135788007802    2.7597923923313
     3.3994905716421    3.4512578806284    3.3305766902390    3.1539573362579
     3.5818393053056    3.3435338494874    3.1949319616769    3.1163497078843
     2.0420774743158   0.75969482167181   0.10713672090960   -1.5513867695662D-02
    -4.0971762413387D-02   -4.2908358944116D-02  -0.17947392641640
    -7.6943346731377D-02   -9.4286838764354D-02   -2.6322530526188D-02
    -5.6437638823425D-02   -3.2813599978691D-02   -3.6956333091450D-02
    -5.0297595887235D-02   -2.6242412680938D-02   -1.8692582357943D-02
    -4.6096952067920D-02   -6.2902954971537D-02   -9.1706431250918D-02
    -2.6891662746458D-02   -2.4136284189251D-02   -6.3986713522126D-02
    -3.9317335293847D-02   -2.7125702532169D-02  -0.17966514840280
    -3.3142434658407D-02   -2.5470632492491D-02   -1.8821691604492D-02
    -9.3809984482354D-02   -2.3720182912567D-02  -0.11460631379908
    -8.2074039460024D-02  -0.13265745566642  -0.19740457972357  -0.50798647982561
   -0.99507990835056   -2.2166065756983   -4.6005178956169   -8.9344106861081
    -19.381304323649   -41.058565215172   -87.851717829883   -190.33394139823
    -387.12541748583   -439.79210065092   -255.67732046668   -111.32986901708
    -51.040754488795   -25.648468629263   -12.624140987693   -5.4749717949387
    -2.0481602512883   0.65584780144129    1.4013155301495    1.9133451029163
     2.4799097505343    3.3701443930373    2.6741156175750    3.3031290912416
     3.4687605868159    2.9551889249815    2.9558791234159    2.5736121225736
     2.6303784988635    1.7167128988599   0.65765426299373   -1.0467860375830D-01
    -1.6983965915039D-02   -4.4559479078219D-02   -5.7299832418831D-02
    -1.7744527783567D-02   -5.0067006696833D-02   -1.7565842486080D-02
    -6.4069452168794D-02   -3.3063419614862D-02   -2.9013205685553D-02
    -5.0907619986055D-02   -1.9180566015124D-02   -2.9149288000997D-02
    -2.0456594504423D-02   -5.6053447195022D-02  -0.11220652183857
   -0.11797895346705   -3.6318960309738D-02   -3.4172993791852D-02
    -6.1460074078030D-02  -0.16290213976271   -4.5582212357241D-02
   -0.13569351109491   -3.4776915775233D-02   -2.1650616746734D-02
    -2.4006669313129D-02   -8.1546341455409D-02   -2.6540562206846D-02
   -0.13138596026851   -5.6436732453147D-02  -0.15401877628427  -0.26161302420292
   -0.56838401649780   -1.2587453334812   -2.7137445312243   -5.9547145121321
    -12.082413073171   -25.525165160824   -55.535352153316   -119.81951776938
    -264.57503533262   -451.78012022858   -386.42883491106   -192.66631672864
    -85.443876618552   -39.590398886338   -20.426161908124   -9.6213642746422
    -4.4255812771307   -1.1148089664624   0.70854593023686    2.2076569021013
     2.5149038678614    1.8119681035211    2.7532011704016    3.5039233003396
     3.5283944007828    3.1530860075135    3.1901757022283    3.2220093320871
     3.0306660655719    2.4495259558653    1.7587003743565   0.39452952872330
     9.8479081752218D-02   -1.8590982665601D-02   -4.8629982085481D-02
    -6.2628059464769D-02   -1.9349553435209D-02   -7.0859584530623D-02
    -1.9252630882912D-02   -7.7136923781201D-02   -3.4437192593804D-02
    -2.0558282689195D-02   -7.1641694602205D-02   -2.1046864744940D-02
    -3.2399842777041D-02   -2.7134282113175D-02   -6.3586296148367D-02
   -0.12521039400912  -0.11635417636768  -0.12913535174353   -7.9129403481813D-02
    -7.8135782688292D-02  -0.16860533507938   -1.0490635402590D-01
    -4.6342532674699D-02  -0.11960755876492   -2.2694850892955D-02
    -2.4916180332575D-02  -0.11346480251247   -8.0559897395389D-02
    -1.0485643200138D-01   -1.0365977096801D-01  -0.22022954056668
   -0.30561645106620  -0.66147434661523   -1.5578247911355   -3.4267759158160
    -7.4653751352742   -16.460306719136   -35.100543626274   -77.035455297072
    -171.93381702658   -356.86741381725   -471.02694314215   -309.60945383265
    -136.63570133284   -59.899354751654   -29.502893156450   -14.111205385718
    -7.7352636402588   -2.7584235392264   -1.2439308538122    1.2890339567432
     1.5697343870761    1.8470134014704    2.5803952416237    3.4973151394096
     3.1783008037869    3.2216859276597    3.3307358486757    3.2311886239893
     2.7133674597023    2.9959776435963    2.5350627254199    1.4604304168981
    0.50721371827003   -4.7609281441364D-03   -2.0369955688357D-02
    -4.9891509089787D-02   -7.9410450723973D-02   -2.1102927608144D-02
    -8.0033496400800D-02   -2.1070271531155D-02   -3.9723655806390D-02
    -3.6157942558859D-02   -2.2478390907234D-02   -8.4411731495660D-02
    -2.3068272870891D-02   -3.6038479290024D-02   -5.9605636587705D-02
    -5.0809510321393D-02   -4.7299881728129D-02   -9.3641029154368D-02
    -3.8701966367271D-02   -8.6018737006821D-02   -9.8510396451468D-02
   -0.29103294635729   -6.3984118081622D-02   -4.5948961286439D-02
    -6.0826509967901D-02   -3.0112295074506D-02   -2.4224940915356D-02
    -4.1321005904145D-02  -0.14472671577356   -9.2828960634745D-02
   -0.14191082158578  -0.21165326243917  -0.38722177927237  -0.78316763100800
    -1.9192443182240   -4.4469821729511   -9.5232459918643   -21.379369884897
    -46.941295726285   -106.63430778626   -238.62916883059   -450.81076756063
    -438.85804206501   -225.59420764268   -97.121979104752   -43.622777141409
    -21.833540538307   -10.706519400724   -4.2555903114540   -1.1618650268380
    0.45728361461844    1.7125223341164    2.5712995277635    2.4627109842619
     3.4479064318432    3.0952350224328    3.3571191105838    3.7998079134611
     3.2790110630451    3.3006839394074    2.7722432289566    2.8927580494200
     2.3330039698534    1.5376852445091   0.46375395075125   -3.2131914235373D-02
    -2.2563084936039D-02   -3.3765433177368D-02  -0.11027027567071
    -2.3861946308689D-02  -0.12418405633647   -2.3050834917624D-02
    -3.8251204907668D-02   -4.7876804844588D-02   -2.4557653451065D-02
    -7.4526355695377D-02   -2.5250194741163D-02   -4.0103147531152D-02
    -8.2032621792609D-02   -5.4429511402188D-02   -5.1584936386759D-02
    -8.2950556977621D-02   -4.3976491960313D-02   -6.1140503366567D-02
   -0.11362181609637  -0.24882551406822   -8.0202991864757D-02   -5.3873272184992D-02
   -0.10936110780187   -2.4445513485228D-02   -2.4413789209326D-02
    -2.9143493311727D-02   -1.0324852005452D-01   -6.3526794917372D-02
    -1.0132395088561D-01  -0.23237292509671  -0.53626873406422   -1.0857030590592
    -2.3254806664018   -5.5214286201785   -12.760508634361   -27.714184959614
    -62.480190603273   -143.74379445297   -314.19721716006   -504.33834771981
    -373.23895112645   -154.26810556165   -68.573156048592   -31.290406448768
    -14.381437403073   -6.7487753975404   -3.2567383181423   0.71130065815038
    0.67590451215358    2.3576423624073    2.5368458844907    2.6226603157845
     2.9396343429900    3.1787401420036    3.2054905217085    3.2288357038003
     2.7428805722010    2.8550011223355    3.0721121589245    2.8676438699632
     2.1070286480597    1.2389624232264   0.47026428275278   -5.9925638754036D-02
    -2.4820848135458D-02   -3.6540866694806D-02  -0.16712958408501
    -3.0059799437180D-02  -0.11037438048109   -2.5274661331083D-02
    -2.5446278352426D-02   -7.4281192339822D-02   -2.7294692724567D-02
    -7.2221922821901D-02   -2.7497267767910D-02   -4.4670282941854D-02
   -0.11809751924408   -7.2682451095315D-02   -7.6321609712261D-02
    -7.2985176494556D-02   -5.0147731415586D-02   -6.2626262390822D-02
    -7.7086385220306D-02  -0.11920290608643   -6.0113970956787D-02
    -5.0110927599954D-02  -0.12398067454957   -2.5850471302214D-02
    -2.7693560207103D-02   -3.2127984505114D-02   -6.2050693348564D-02
    -7.2090894731646D-02  -0.14634447634821  -0.29280156748743  -0.72868303897734
    -1.2842134101701   -2.9912717920372   -6.8973125603740   -15.734387666457
    -36.040195557604   -81.940324063390   -189.04323214976   -409.99039279740
    -510.83409091173   -284.04905914891   -113.89230379915   -50.472712205899
    -23.265612848510   -11.811002104746   -5.2578970530130   -2.3093726674233
    0.98660750586508    1.4616931718171    2.3003254517083    2.0132280360024
     2.9750205027518    3.2016929925654    2.8462219366560    3.2323887948090
     3.0139540688273    2.4131409358644    2.7110939844052    2.9029919167340
     2.4097802296488    2.0823153771891    1.0095620769295   0.37990498212094
   -0.14423023610337   -2.7797988030536D-02   -3.8689025632243D-02
    -7.5912651866491D-02   -4.1205630795025D-02   -5.9587461877215D-02
    -5.0531441390555D-02   -6.0696549453586D-02   -8.3975600876320D-02
    -3.8918826139526D-02   -6.6440028268683D-02   -3.0056394942578D-02
    -4.9855100347674D-02   -1.0229174115427D-01   -1.0467619399753D-01
    -8.1372258119468D-02   -4.7051051056901D-02  -0.14765743987383
    -6.4412085921184D-02   -8.0998040674730D-02  -0.17919538434860
    -7.5511073517578D-02   -5.6360400334867D-02  -0.15346298459938
    -2.7574189078731D-02   -2.8165292456279D-02   -4.3198501031735D-02
    -7.5922128249913D-02  -0.12363791036101  -0.18355712045074  -0.40986992188731
   -0.68622670425136   -1.5320438068457   -3.6021079868539   -8.7042366458251
    -19.746802581787   -44.741482996125  -104.787956724868   -247.03468349604
    -490.43842258789   -467.50768916631   -214.13646688842   -85.106328592853
    -36.121991424567   -16.778586419247   -8.0501252809142   -2.4708298259041
   -0.38276928009029    1.4905149356901    2.7489014131882    2.4496781101654
     3.5664170199057    2.7495109276451    3.7148710745013    3.0235221656720
     3.1484212545421    2.7647298319028    3.0031373415395    2.6495251233894
     2.5375355342782    2.1931023062688    1.5913851298272    1.0984631550435
    0.31673025409137   -5.7067007415263D-02   -3.1231843309830D-02
    -4.2313539821478D-02   -8.3760640472253D-02   -4.0449945319003D-02
    -6.2894705082048D-02   -3.0300302438962D-02  -0.14545648187603
    -8.9919474849935D-02   -7.1831503437592D-02   -3.2341968475578D-02
    -3.2819467696049D-02   -6.4812190140086D-02   -3.5187414715828D-02
   -0.14755551542705   -8.5145768281634D-02   -6.4410903555669D-02
   -0.21622999177473   -8.0515310406318D-02   -9.3237350459537D-02
   -0.23910781923947  -0.13794081900567   -9.9344949158403D-02  -0.11071399737923
    -2.9349698012188D-02   -2.9583052640703D-02   -4.6406533403266D-02
   -0.15129107814584  -0.18269254674680  -0.15618963139595  -0.40206345686517
   -0.83908731546294   -1.8357094216901   -4.5064752201347  -10.4539784316042
    -24.139311918642   -55.319009444442   -131.01884494798   -312.13269508293
    -538.07964509291   -401.85262291827   -163.54510382106   -64.175817673685
    -28.617751267102   -13.588574684413   -4.6826099312082   -1.6293303732787
     1.6737642808643    1.5219397181103    3.0842215637042    3.6251384896382
     3.0284988599754    3.6289245147841    2.8779457718485    2.9459906624050
     2.8887915489055    3.0327721720382    3.2313165908989    2.5731630005753
     2.5429620623565    2.1634822609196    1.5038682281675   0.84769949287206
    0.32807226997374    3.7447750447012D-02   -3.3102774786460D-02
    -4.9365285692742D-02   -4.6039023947739D-02   -6.1750324952747D-02
    -6.7766479609336D-02   -3.3160420838121D-02   -5.7735156722715D-02
   -0.17982903672676  -0.26796197665412   -3.5361432386569D-02   -3.5828544478250D-02
    -8.1214957508459D-02   -3.8308423158248D-02  -0.14665968674462
   -0.31051458107424   -1.0233950480265D-01  -0.13355142570785  -0.18275870850104
   -0.14641325521226  -0.26513698656515  -0.19159791858874  -0.22292650203582
   -0.12664116798577  -0.10601518466623  -0.12623110612712   -7.2813707784105D-02
   -0.18410253611930  -0.19089210150480  -0.15876643519109  -0.46044351634080
   -0.91444802467257   -2.1572536911950   -4.9294628053508   -11.826759277902
    -27.391411900194   -66.584692727978   -159.95815195314   -374.42026905476
    -565.28887900660   -352.03355445498   -135.33344044083   -49.253546193295
    -23.216453216035   -8.5886788771036   -4.1467037553855    1.1200639105414D-02
     2.1479361333690    2.0037447437680    2.3265231380055    3.7621735699047
     3.4266927255422    3.5147585264505    3.9634037203365    3.5911293834585
     3.2371136767767    3.0299048036174    2.4792179411567    2.9229683024549
     2.5059671094186    1.9380991506410    1.5113386685139   0.53639152922642
    0.12680169782558  -0.12805116939070   -3.5242856357877D-02   -9.9281571085461D-02
    -3.5293148863822D-02   -3.6043010183024D-02   -8.4703129648061D-02
    -3.6104109476807D-02   -3.6526257259159D-02   -6.8826651485780D-02
   -0.22640568481620   -4.0712915499914D-02   -3.9151290140680D-02
    -5.9471759671741D-02   -4.1786840063168D-02   -8.1389314039333D-02
   -0.41464645303451  -0.38713026162940  -0.15594274574858  -0.19243746225098
   -0.31965975437139  -0.32439439736213   -8.3784439872347D-02  -0.11785104745889
   -0.19705137114526   -4.3959451652759D-02   -3.5406925432043D-02
    -6.6895758030272D-02  -0.32599587501676  -0.14660644504901  -0.19603291536191
   -0.55461789438856   -1.2588401904986   -3.0119949282517   -6.6735069677587
    -15.347128599556   -37.337300810000   -92.508722297394   -226.39846033896
    -533.16395912554   -722.02346033643   -368.02734808306   -126.42985412155
    -44.905925156599   -19.101932476746   -5.0805378293054  -0.96213253452716
     1.3403008229483    3.0286081760754    3.9522498220538    4.2189413253364
     4.1533491521259    4.4376336558757    3.7586521274100    3.8881498576116
     3.4225334153964    3.5921115972363    3.0011181394042    3.0749734310386
     3.1095379690935    2.5734889641510    2.2418283930871    1.6299515279397
    0.94534718127632   0.27474145607784    3.1373049367056D-03
