     1     1   1.0741E+18   5.4833E-01   2.5858E-01   5.5437E-01   0.0000E+00   0.0000E+00
     1     2   9.9309E+17   9.7723E-01   1.4677E-01   9.4992E-01   0.0000E+00   0.0000E+00
     1     3   2.7862E+18   8.5762E-01   8.5790E-01   7.8812E-01   0.0000E+00   0.0000E+00
     1     4   2.1406E+18   4.6016E-01   7.9073E-01   5.0044E-01   0.0000E+00   0.0000E+00
     1     5   3.8040E+18   7.8799E-01   1.7344E+00   7.7912E-01   0.0000E+00   0.0000E+00
     1     6   5.1052E+17   6.8620E-01   4.2273E-01   8.0778E-01   0.0000E+00   0.0000E+00
     1     7   1.3429E+18   7.4868E-01   6.0719E-01   6.8276E-01   0.0000E+00   0.0000E+00
     1     8   3.3932E+18   6.3145E-01   2.2509E+00   7.4482E-01   0.0000E+00   0.0000E+00
     1     9   3.8763E+17   8.1306E-01   3.9388E-01   9.5976E-01   0.0000E+00   0.0000E+00
     1    10   1.4817E+18   5.2208E-01   6.0564E-01   7.1703E-01   0.0000E+00   0.0000E+00
     1    11   9.6905E+17   6.1401E-01   3.3571E-01   6.7212E-01   0.0000E+00   0.0000E+00
     1    12   6.4470E+18   4.6144E-01   2.2725E+00   4.7925E-01   0.0000E+00   0.0000E+00
     1    13   1.1439E+19   5.0649E-01   3.4582E+00   5.6595E-01   0.0000E+00   0.0000E+00
     1    14   9.7764E+18   3.1621E-01   3.1239E+00   3.0435E-01   0.0000E+00   0.0000E+00
     1    15   1.4607E+19   2.7441E-01   4.5251E+00   2.7258E-01   0.0000E+00   0.0000E+00
     1    16   9.2971E+18   2.5844E-01   2.7203E+00   2.7402E-01   0.0000E+00   0.0000E+00
     1    17   1.5785E+19   2.6134E-01   5.4359E+00   2.6684E-01   0.0000E+00   0.0000E+00
     1    18   1.8058E+19   2.4639E-01   7.8796E+00   2.7271E-01   0.0000E+00   0.0000E+00
     1    19   2.0784E+19   2.6136E-01   6.8582E+00   2.4615E-01   0.0000E+00   0.0000E+00
     1    20   1.0673E+19   2.7266E-01   3.3110E+00   2.8009E-01   0.0000E+00   0.0000E+00
     1    21   1.1748E+19   3.5162E-01   4.3189E+00   3.7527E-01   0.0000E+00   0.0000E+00
     1    22   1.1711E+19   2.9938E-01   3.5842E+00   3.4823E-01   0.0000E+00   0.0000E+00
     1    23   7.8104E+18   3.2910E-01   2.9682E+00   2.8030E-01   0.0000E+00   0.0000E+00
     1    24   1.4603E+19   4.2479E-01   7.3513E+00   5.3481E-01   0.0000E+00   0.0000E+00
     1    25   3.1937E+18   3.7989E-01   1.7497E+00   3.5734E-01   0.0000E+00   0.0000E+00
     1    26   1.3872E+18   4.8323E-01   1.4431E+00   6.0518E-01   0.0000E+00   0.0000E+00
     1    27   2.0133E+18   4.9315E-01   1.1048E+00   4.5112E-01   0.0000E+00   0.0000E+00
     1    28   9.9342E+17   5.8293E-01   8.8732E-01   5.3013E-01   0.0000E+00   0.0000E+00
     1    29   1.4144E+18   4.3392E-01   1.4221E+00   4.0544E-01   0.0000E+00   0.0000E+00
     1    30   1.6495E+18   5.7502E-01   2.8244E+00   8.1151E-01   0.0000E+00   0.0000E+00
     1    31   8.8795E+17   6.4182E-01   6.8587E-01   5.7970E-01   0.0000E+00   0.0000E+00
     1    32   2.1946E+17   8.0802E-01   7.4816E-01   8.7306E-01   0.0000E+00   0.0000E+00
     2     1   3.1793E+18   6.7618E-01   7.2307E-01   6.9580E-01   0.0000E+00   0.0000E+00
     2     2   2.0657E+18   9.1724E-01   5.1396E-01   8.8506E-01   0.0000E+00   0.0000E+00
     2     3   2.9091E+18   6.3457E-01   8.8241E-01   6.5309E-01   0.0000E+00   0.0000E+00
     2     4   2.0157E+18   5.7141E-01   6.0987E-01   6.8205E-01   0.0000E+00   0.0000E+00
     2     5   2.5009E+18   9.0181E-01   1.0782E+00   9.5771E-01   0.0000E+00   0.0000E+00
     2     6   1.7353E+17   4.8668E-01   4.0213E-02   5.0888E-01   0.0000E+00   0.0000E+00
     2     7   2.4030E+18   5.9438E-01   1.3441E+00   7.4262E-01   0.0000E+00   0.0000E+00
     2     8   1.3816E+18   6.2997E-01   7.3716E-01   7.9869E-01   0.0000E+00   0.0000E+00
     2     9   8.0515E+17   5.5057E-01   1.9072E-01   5.7412E-01   0.0000E+00   0.0000E+00
     2    10   1.8360E+18   5.5265E-01   2.1211E-01   4.7921E-01   0.0000E+00   0.0000E+00
     2    11   2.9041E+18   4.6321E-01   1.2374E+00   4.7829E-01   0.0000E+00   0.0000E+00
     2    12   6.2456E+18   3.6275E-01   2.3259E+00   3.7803E-01   0.0000E+00   0.0000E+00
     2    13   1.2816E+19   5.3329E-01   3.7354E+00   5.3567E-01   0.0000E+00   0.0000E+00
     2    14   7.4915E+18   2.7116E-01   2.9773E+00   3.1311E-01   0.0000E+00   0.0000E+00
     2    15   1.5759E+19   2.5700E-01   5.1141E+00   2.5831E-01   0.0000E+00   0.0000E+00
     2    16   1.3148E+19   2.8296E-01   3.9849E+00   2.9481E-01   0.0000E+00   0.0000E+00
     2    17   1.8384E+19   2.2898E-01   6.5730E+00   2.2571E-01   0.0000E+00   0.0000E+00
     2    18   2.4880E+19   4.4253E-01   8.2954E+00   3.7515E-01   0.0000E+00   0.0000E+00
     2    19   1.8226E+19   2.4226E-01   6.2187E+00   2.5995E-01   0.0000E+00   0.0000E+00
     2    20   1.1066E+19   2.5199E-01   3.6981E+00   2.6277E-01   0.0000E+00   0.0000E+00
     2    21   8.8947E+18   3.4158E-01   3.2705E+00   3.3770E-01   0.0000E+00   0.0000E+00
     2    22   1.1414E+19   2.9489E-01   3.1685E+00   2.9181E-01   0.0000E+00   0.0000E+00
     2    23   6.1113E+18   3.1335E-01   2.3073E+00   2.6188E-01   0.0000E+00   0.0000E+00
     2    24   1.1901E+19   3.8815E-01   5.4617E+00   4.5464E-01   0.0000E+00   0.0000E+00
     2    25   3.6030E+18   4.0261E-01   2.6912E+00   5.0093E-01   0.0000E+00   0.0000E+00
     2    26   1.5726E+18   4.5861E-01   3.1260E+00   6.4618E-01   0.0000E+00   0.0000E+00
     2    27   1.9321E+18   5.1262E-01   1.0518E+00   4.6651E-01   0.0000E+00   0.0000E+00
     2    28   1.0474E+18   5.5747E-01   9.1619E-01   5.3693E-01   0.0000E+00   0.0000E+00
     2    29   1.3605E+18   4.4698E-01   1.3454E+00   4.2251E-01   0.0000E+00   0.0000E+00
     2    30   1.2457E+18   5.1806E-01   1.6907E+00   7.0431E-01   0.0000E+00   0.0000E+00
     2    31   1.5091E+18   4.8566E-01   2.3194E+00   5.7405E-01   0.0000E+00   0.0000E+00
     2    32   1.0049E+17   6.8681E-01   2.7544E-01   7.1123E-01   0.0000E+00   0.0000E+00
     3     1   1.8286E+18   5.9479E-01   3.4410E-01   6.1089E-01   0.0000E+00   0.0000E+00
     3     2   2.8619E+18   5.3079E-01   7.9774E-01   5.6372E-01   0.0000E+00   0.0000E+00
     3     3   2.3463E+18   4.3519E-01   7.4964E-01   4.5794E-01   0.0000E+00   0.0000E+00
     3     4   2.1581E+18   9.3804E-01   8.1134E-01   9.7316E-01   0.0000E+00   0.0000E+00
     3     5   1.1282E+18   8.5455E-01   5.5584E-01   9.4376E-01   0.0000E+00   0.0000E+00
     3     6   1.1897E+18   7.6596E-01   3.5720E-01   6.5937E-01   0.0000E+00   0.0000E+00
     3     7   2.4364E+18   7.3839E-01   1.6602E+00   8.7759E-01   0.0000E+00   0.0000E+00
     3     8   3.3054E+17   4.5149E-01   9.8213E-02   5.1158E-01   0.0000E+00   0.0000E+00
     3     9   1.2758E+18   5.2585E-01   3.4782E-01   6.0833E-01   0.0000E+00   0.0000E+00
     3    10   1.0014E+18   5.0271E-01   3.4266E-01   5.1747E-01   0.0000E+00   0.0000E+00
     3    11   6.3588E+18   3.9331E-01   1.8752E+00   4.4420E-01   0.0000E+00   0.0000E+00
     3    12   6.3344E+18   4.8181E-01   1.9580E+00   5.1506E-01   0.0000E+00   0.0000E+00
     3    13   1.0265E+19   3.5099E-01   4.0644E+00   3.3612E-01   0.0000E+00   0.0000E+00
     3    14   7.9761E+18   2.2818E-01   2.6926E+00   2.2825E-01   0.0000E+00   0.0000E+00
     3    15   1.6977E+19   2.3152E-01   4.9531E+00   2.4791E-01   0.0000E+00   0.0000E+00
     3    16   1.2848E+19   2.2807E-01   4.1436E+00   2.3104E-01   0.0000E+00   0.0000E+00
     3    17   2.9707E+19   3.2674E-01   9.4860E+00   2.7644E-01   0.0000E+00   0.0000E+00
     3    18   1.5553E+19   2.4777E-01   5.3264E+00   2.5887E-01   0.0000E+00   0.0000E+00
     3    19   1.4359E+19   2.3790E-01   4.6119E+00   2.4561E-01   0.0000E+00   0.0000E+00
     3    20   1.1428E+19   2.5647E-01   3.5939E+00   2.5788E-01   0.0000E+00   0.0000E+00
     3    21   6.5857E+18   2.7563E-01   2.4127E+00   2.7687E-01   0.0000E+00   0.0000E+00
     3    22   1.2471E+19   2.9948E-01   3.7052E+00   2.8904E-01   0.0000E+00   0.0000E+00
     3    23   5.9243E+18   3.1009E-01   2.1802E+00   2.7627E-01   0.0000E+00   0.0000E+00
     3    24   1.1342E+19   3.7574E-01   4.8096E+00   3.8079E-01   0.0000E+00   0.0000E+00
     3    25   4.3483E+18   3.9123E-01   3.7407E+00   4.6628E-01   0.0000E+00   0.0000E+00
     3    26   1.6041E+18   5.5303E-01   2.0343E+00   5.9956E-01   0.0000E+00   0.0000E+00
     3    27   1.7190E+18   5.3187E-01   9.8701E-01   4.8689E-01   0.0000E+00   0.0000E+00
     3    28   1.2256E+18   5.0365E-01   1.0762E+00   4.9312E-01   0.0000E+00   0.0000E+00
     3    29   1.4180E+18   3.8473E-01   1.2457E+00   3.8126E-01   0.0000E+00   0.0000E+00
     3    30   6.5356E+17   5.2978E-01   5.1937E-01   6.2497E-01   0.0000E+00   0.0000E+00
     3    31   1.9723E+18   5.0661E-01   3.6258E+00   6.6988E-01   0.0000E+00   0.0000E+00
     3    32   4.9741E+16   9.1611E-01   1.0581E-01   8.7066E-01   0.0000E+00   0.0000E+00
     4     1   4.7413E+18   6.3165E-01   1.5831E+00   7.2881E-01   0.0000E+00   0.0000E+00
     4     2   5.6474E+18   5.6064E-01   1.9014E+00   6.2208E-01   0.0000E+00   0.0000E+00
     4     3   2.4093E+18   8.6080E-01   9.8608E-01   8.2663E-01   0.0000E+00   0.0000E+00
     4     4   1.1753E+18   8.1181E-01   5.4839E-01   9.2616E-01   0.0000E+00   0.0000E+00
     4     5   2.0656E+17   5.0610E-01   7.3732E-02   5.3357E-01   0.0000E+00   0.0000E+00
     4     6   2.0037E+18   6.0444E-01   1.1100E+00   7.2822E-01   0.0000E+00   0.0000E+00
     4     7   1.3139E+18   7.0695E-01   7.8567E-01   8.5473E-01   0.0000E+00   0.0000E+00
     4     8   1.1529E+18   4.0291E-01   3.3714E-01   4.6148E-01   0.0000E+00   0.0000E+00
     4     9   1.9706E+18   5.8525E-01   6.5612E-01   5.8375E-01   0.0000E+00   0.0000E+00
     4    10   2.0408E+18   5.8550E-01   6.2500E-01   5.9876E-01   0.0000E+00   0.0000E+00
     4    11   5.8236E+18   3.6770E-01   1.9636E+00   4.1638E-01   0.0000E+00   0.0000E+00
     4    12   7.2262E+18   5.0689E-01   2.4725E+00   5.2730E-01   0.0000E+00   0.0000E+00
     4    13   1.0089E+19   3.1640E-01   3.5727E+00   2.8693E-01   0.0000E+00   0.0000E+00
     4    14   1.2800E+19   2.4667E-01   4.1016E+00   2.6333E-01   0.0000E+00   0.0000E+00
     4    15   1.7700E+19   2.3516E-01   4.8807E+00   2.4181E-01   0.0000E+00   0.0000E+00
     4    16   1.8145E+19   2.7778E-01   5.8136E+00   2.9572E-01   0.0000E+00   0.0000E+00
     4    17   2.2142E+19   2.4202E-01   7.4662E+00   2.3256E-01   0.0000E+00   0.0000E+00
     4    18   1.8633E+19   2.4924E-01   6.3040E+00   2.7866E-01   0.0000E+00   0.0000E+00
     4    19   1.7669E+19   3.2263E-01   5.0514E+00   2.7767E-01   0.0000E+00   0.0000E+00
     4    20   1.2782E+19   2.9973E-01   4.1108E+00   3.3225E-01   0.0000E+00   0.0000E+00
     4    21   8.8482E+18   3.8207E-01   2.5293E+00   3.3499E-01   0.0000E+00   0.0000E+00
     4    22   9.8443E+18   3.0646E-01   3.3178E+00   3.1369E-01   0.0000E+00   0.0000E+00
     4    23   8.8551E+18   3.5547E-01   2.9834E+00   3.1717E-01   0.0000E+00   0.0000E+00
     4    24   8.6451E+18   3.8125E-01   3.8694E+00   3.5702E-01   0.0000E+00   0.0000E+00
     4    25   4.5031E+18   4.4640E-01   4.2112E+00   4.5716E-01   0.0000E+00   0.0000E+00
     4    26   1.3885E+18   5.5028E-01   1.2196E+00   5.3347E-01   0.0000E+00   0.0000E+00
     4    27   1.3209E+18   5.9456E-01   9.5883E-01   5.4470E-01   0.0000E+00   0.0000E+00
     4    28   1.5200E+18   4.9146E-01   1.3415E+00   4.7792E-01   0.0000E+00   0.0000E+00
     4    29   1.1851E+18   4.4917E-01   9.8663E-01   4.1745E-01   0.0000E+00   0.0000E+00
     4    30   8.2450E+17   4.8320E-01   6.8505E-01   5.2672E-01   0.0000E+00   0.0000E+00
     4    31   1.7199E+18   5.5236E-01   3.4301E+00   6.9629E-01   0.0000E+00   0.0000E+00
     4    32   7.5414E+16   6.9251E-01   1.1532E-01   8.0883E-01   0.0000E+00   0.0000E+00
     5     1   5.9416E+18   5.5713E-01   1.4643E+00   5.7738E-01   0.0000E+00   0.0000E+00
     5     2   5.8013E+17   3.7700E-01   1.7913E-01   4.0137E-01   0.0000E+00   0.0000E+00
     5     3   1.2958E+18   6.6102E-01   3.4224E-01   5.1796E-01   0.0000E+00   0.0000E+00
     5     4   2.3322E+18   5.5600E-01   8.7036E-01   6.3853E-01   0.0000E+00   0.0000E+00
     5     5   1.9397E+18   5.4115E-01   6.3825E-01   4.9808E-01   0.0000E+00   0.0000E+00
     5     6   3.0040E+18   5.6849E-01   1.5017E+00   7.7107E-01   0.0000E+00   0.0000E+00
     5     7   2.6213E+18   4.4643E-01   6.9590E-01   4.0881E-01   0.0000E+00   0.0000E+00
     5     8   2.5125E+18   6.2068E-01   7.3337E-01   6.3194E-01   0.0000E+00   0.0000E+00
     5     9   9.6913E+17   4.7433E-01   3.1669E-01   4.8280E-01   0.0000E+00   0.0000E+00
     5    10   4.4649E+18   4.5696E-01   1.4358E+00   5.2584E-01   0.0000E+00   0.0000E+00
     5    11   4.6588E+18   2.9808E-01   1.5831E+00   3.2358E-01   0.0000E+00   0.0000E+00
     5    12   5.7867E+18   3.2625E-01   1.7258E+00   3.3518E-01   0.0000E+00   0.0000E+00
     5    13   1.2846E+19   2.8010E-01   4.0391E+00   2.5712E-01   0.0000E+00   0.0000E+00
     5    14   1.8109E+19   3.1747E-01   5.1291E+00   3.1007E-01   0.0000E+00   0.0000E+00
     5    15   1.9642E+19   2.4697E-01   4.7071E+00   2.4257E-01   0.0000E+00   0.0000E+00
     5    16   2.1474E+19   2.8966E-01   6.1958E+00   2.7969E-01   0.0000E+00   0.0000E+00
     5    17   2.1279E+19   2.4155E-01   7.8654E+00   2.4594E-01   0.0000E+00   0.0000E+00
     5    18   1.8285E+19   2.1902E-01   6.3614E+00   2.2637E-01   0.0000E+00   0.0000E+00
     5    19   1.6827E+19   3.0210E-01   3.9488E+00   2.4168E-01   0.0000E+00   0.0000E+00
     5    20   1.4311E+19   3.0469E-01   3.4142E+00   2.8085E-01   0.0000E+00   0.0000E+00
     5    21   1.1672E+19   3.0114E-01   3.0539E+00   2.9522E-01   0.0000E+00   0.0000E+00
     5    22   1.2438E+19   3.3107E-01   3.8702E+00   3.0953E-01   0.0000E+00   0.0000E+00
     5    23   8.5804E+18   3.2086E-01   3.6234E+00   2.8104E-01   0.0000E+00   0.0000E+00
     5    24   8.5972E+18   4.2657E-01   4.8281E+00   4.0397E-01   0.0000E+00   0.0000E+00
     5    25   2.1886E+18   4.6661E-01   2.1516E+00   4.6055E-01   0.0000E+00   0.0000E+00
     5    26   1.3216E+18   5.6245E-01   7.7246E-01   4.5178E-01   0.0000E+00   0.0000E+00
     5    27   1.7513E+18   4.6848E-01   1.2504E+00   4.4307E-01   0.0000E+00   0.0000E+00
     5    28   1.2187E+18   4.6973E-01   1.3935E+00   4.7546E-01   0.0000E+00   0.0000E+00
     5    29   9.4733E+17   4.9911E-01   7.6017E-01   4.6752E-01   0.0000E+00   0.0000E+00
     5    30   8.0945E+17   5.0039E-01   6.9457E-01   5.4256E-01   0.0000E+00   0.0000E+00
     5    31   1.7037E+18   5.5134E-01   3.3625E+00   6.9889E-01   0.0000E+00   0.0000E+00
     5    32   9.3473E+16   6.7228E-01   1.2279E-01   7.7410E-01   0.0000E+00   0.0000E+00
     6     1   3.7677E+18   4.2914E-01   1.0184E+00   4.4339E-01   0.0000E+00   0.0000E+00
     6     2   2.0925E+18   6.8822E-01   5.2510E-01   5.1817E-01   0.0000E+00   0.0000E+00
     6     3   7.5471E+17   5.7814E-01   3.2698E-01   6.9053E-01   0.0000E+00   0.0000E+00
     6     4   1.0438E+18   5.6882E-01   4.8082E-01   6.5888E-01   0.0000E+00   0.0000E+00
     6     5   2.3204E+18   4.9594E-01   1.2362E+00   6.0169E-01   0.0000E+00   0.0000E+00
     6     6   3.2764E+18   4.5039E-01   1.5512E+00   5.1032E-01   0.0000E+00   0.0000E+00
     6     7   1.4297E+18   5.5199E-01   4.9088E-01   5.6640E-01   0.0000E+00   0.0000E+00
     6     8   1.2847E+18   5.0441E-01   3.0739E-01   4.3638E-01   0.0000E+00   0.0000E+00
     6     9   3.6044E+18   4.3574E-01   8.5854E-01   4.7107E-01   0.0000E+00   0.0000E+00
     6    10   6.6977E+18   3.3268E-01   2.1299E+00   3.8254E-01   0.0000E+00   0.0000E+00
     6    11   8.3438E+18   2.6609E-01   2.5864E+00   2.7992E-01   0.0000E+00   0.0000E+00
     6    12   1.1969E+19   2.4260E-01   3.6455E+00   2.7163E-01   0.0000E+00   0.0000E+00
     6    13   2.1062E+19   2.7594E-01   6.0378E+00   2.8107E-01   0.0000E+00   0.0000E+00
     6    14   2.6707E+19   2.4416E-01   7.0482E+00   2.4706E-01   0.0000E+00   0.0000E+00
     6    15   1.8572E+19   2.6564E-01   5.4552E+00   2.7429E-01   0.0000E+00   0.0000E+00
     6    16   2.5884E+19   2.8244E-01   7.2767E+00   2.4292E-01   0.0000E+00   0.0000E+00
     6    17   1.7201E+19   2.4905E-01   5.0161E+00   2.4024E-01   0.0000E+00   0.0000E+00
     6    18   1.9712E+19   2.2775E-01   6.5273E+00   2.5485E-01   0.0000E+00   0.0000E+00
     6    19   1.5612E+19   2.4112E-01   4.0030E+00   2.2784E-01   0.0000E+00   0.0000E+00
     6    20   1.2207E+19   3.1321E-01   3.0488E+00   2.6450E-01   0.0000E+00   0.0000E+00
     6    21   1.0308E+19   2.5094E-01   2.9862E+00   2.4929E-01   0.0000E+00   0.0000E+00
     6    22   6.7211E+18   2.7028E-01   2.9529E+00   2.7055E-01   0.0000E+00   0.0000E+00
     6    23   6.7285E+18   3.0513E-01   3.7922E+00   3.4453E-01   0.0000E+00   0.0000E+00
     6    24   5.6839E+18   3.7715E-01   2.6860E+00   3.3522E-01   0.0000E+00   0.0000E+00
     6    25   1.8435E+18   4.3361E-01   2.2840E+00   4.5919E-01   0.0000E+00   0.0000E+00
     6    26   2.1511E+18   4.4014E-01   1.1146E+00   4.3920E-01   0.0000E+00   0.0000E+00
     6    27   1.8238E+18   4.3798E-01   1.2698E+00   3.9620E-01   0.0000E+00   0.0000E+00
     6    28   1.0655E+18   5.0460E-01   1.3894E+00   4.5737E-01   0.0000E+00   0.0000E+00
     6    29   7.0557E+17   5.6186E-01   4.8713E-01   4.9793E-01   0.0000E+00   0.0000E+00
     6    30   1.0645E+18   5.1316E-01   8.4832E-01   5.2250E-01   0.0000E+00   0.0000E+00
     6    31   1.4316E+18   6.0465E-01   3.1702E+00   7.2812E-01   0.0000E+00   0.0000E+00
     6    32   9.4662E+16   6.7253E-01   1.2425E-01   7.7461E-01   0.0000E+00   0.0000E+00
     7     1   3.2563E+18   4.8546E-01   1.0964E+00   5.0783E-01   0.0000E+00   0.0000E+00
     7     2   3.8729E+18   4.2822E-01   1.2747E+00   4.4582E-01   0.0000E+00   0.0000E+00
     7     3   4.6068E+18   4.9591E-01   1.5242E+00   4.9967E-01   0.0000E+00   0.0000E+00
     7     4   2.8101E+18   4.4237E-01   1.3144E+00   5.0640E-01   0.0000E+00   0.0000E+00
     7     5   3.3746E+18   4.6391E-01   1.5223E+00   5.8323E-01   0.0000E+00   0.0000E+00
     7     6   2.0057E+18   4.7933E-01   5.1825E-01   5.6323E-01   0.0000E+00   0.0000E+00
     7     7   2.8368E+18   4.9869E-01   7.2753E-01   4.5691E-01   0.0000E+00   0.0000E+00
     7     8   4.2303E+18   2.8925E-01   8.4320E-01   3.1726E-01   0.0000E+00   0.0000E+00
     7     9   8.4621E+18   3.4503E-01   2.4347E+00   3.8796E-01   0.0000E+00   0.0000E+00
     7    10   1.3218E+19   4.7512E-01   3.4245E+00   4.3778E-01   0.0000E+00   0.0000E+00
     7    11   8.4727E+18   2.5055E-01   2.1054E+00   2.6848E-01   0.0000E+00   0.0000E+00
     7    12   1.3014E+19   2.6330E-01   3.8637E+00   2.8656E-01   0.0000E+00   0.0000E+00
     7    13   2.1086E+19   3.0997E-01   5.2928E+00   3.1838E-01   0.0000E+00   0.0000E+00
     7    14   3.0834E+19   2.3556E-01   7.5878E+00   2.3429E-01   0.0000E+00   0.0000E+00
     7    15   2.2731E+19   2.5680E-01   6.2169E+00   2.4838E-01   0.0000E+00   0.0000E+00
     7    16   2.7538E+19   2.7957E-01   6.8870E+00   2.4228E-01   0.0000E+00   0.0000E+00
     7    17   2.0160E+19   2.7930E-01   5.8200E+00   3.2703E-01   0.0000E+00   0.0000E+00
     7    18   2.0655E+19   2.2687E-01   5.9206E+00   2.4629E-01   0.0000E+00   0.0000E+00
     7    19   1.2451E+19   2.1462E-01   3.5458E+00   2.3995E-01   0.0000E+00   0.0000E+00
     7    20   1.3322E+19   3.5883E-01   3.5699E+00   3.6352E-01   0.0000E+00   0.0000E+00
     7    21   1.1623E+19   2.9731E-01   3.7380E+00   3.2785E-01   0.0000E+00   0.0000E+00
     7    22   6.2133E+18   2.5316E-01   2.6843E+00   2.5692E-01   0.0000E+00   0.0000E+00
     7    23   4.6961E+18   3.1207E-01   2.7072E+00   3.1379E-01   0.0000E+00   0.0000E+00
     7    24   4.5459E+18   4.7889E-01   2.0762E+00   4.2268E-01   0.0000E+00   0.0000E+00
     7    25   1.5540E+18   3.6281E-01   2.0824E+00   3.8702E-01   0.0000E+00   0.0000E+00
     7    26   1.8114E+18   4.5009E-01   1.3015E+00   4.6446E-01   0.0000E+00   0.0000E+00
     7    27   1.5524E+18   4.8360E-01   1.1817E+00   4.3443E-01   0.0000E+00   0.0000E+00
     7    28   1.2611E+18   4.6147E-01   1.3560E+00   4.1331E-01   0.0000E+00   0.0000E+00
     7    29   4.8202E+17   6.8456E-01   3.4116E-01   5.2202E-01   0.0000E+00   0.0000E+00
     7    30   1.1587E+18   4.8146E-01   8.9293E-01   4.5051E-01   0.0000E+00   0.0000E+00
     7    31   6.6967E+17   5.0444E-01   1.2505E+00   6.3826E-01   0.0000E+00   0.0000E+00
     7    32   7.2269E+17   8.9298E-01   1.8996E+00   9.4896E-01   0.0000E+00   0.0000E+00
     8     1   3.0318E+18   4.9698E-01   5.6699E-01   4.8033E-01   0.0000E+00   0.0000E+00
     8     2   3.6097E+18   4.8152E-01   7.8679E-01   5.3601E-01   0.0000E+00   0.0000E+00
     8     3   3.4517E+18   4.5039E-01   1.5020E+00   6.4978E-01   0.0000E+00   0.0000E+00
     8     4   3.5165E+18   4.2413E-01   1.4951E+00   4.8662E-01   0.0000E+00   0.0000E+00
     8     5   2.5752E+18   4.9834E-01   9.8635E-01   5.9293E-01   0.0000E+00   0.0000E+00
     8     6   3.3550E+18   4.3015E-01   5.8159E-01   3.6558E-01   0.0000E+00   0.0000E+00
     8     7   5.2347E+18   3.7757E-01   8.1715E-01   3.7793E-01   0.0000E+00   0.0000E+00
     8     8   7.0294E+18   3.1322E-01   1.8001E+00   3.6184E-01   0.0000E+00   0.0000E+00
     8     9   1.2743E+19   5.2866E-01   3.1308E+00   4.9506E-01   0.0000E+00   0.0000E+00
     8    10   1.0259E+19   2.6777E-01   2.1426E+00   2.7167E-01   0.0000E+00   0.0000E+00
     8    11   9.0168E+18   3.1168E-01   2.1252E+00   3.1618E-01   0.0000E+00   0.0000E+00
     8    12   1.6365E+19   3.0079E-01   3.8301E+00   2.9942E-01   0.0000E+00   0.0000E+00
     8    13   2.9006E+19   2.3170E-01   6.5954E+00   2.4785E-01   0.0000E+00   0.0000E+00
     8    14   3.5446E+19   2.7396E-01   7.7335E+00   2.8779E-01   0.0000E+00   0.0000E+00
     8    15   3.0777E+19   3.3834E-01   7.7650E+00   3.0548E-01   0.0000E+00   0.0000E+00
     8    16   2.6798E+19   2.1832E-01   7.2195E+00   2.2137E-01   0.0000E+00   0.0000E+00
     8    17   2.5460E+19   2.7581E-01   6.7226E+00   2.4869E-01   0.0000E+00   0.0000E+00
     8    18   1.8121E+19   2.2840E-01   5.0849E+00   2.4296E-01   0.0000E+00   0.0000E+00
     8    19   1.0663E+19   2.7797E-01   2.4710E+00   2.9310E-01   0.0000E+00   0.0000E+00
     8    20   1.0746E+19   3.2216E-01   2.6194E+00   2.8821E-01   0.0000E+00   0.0000E+00
     8    21   1.0104E+19   3.0914E-01   3.3553E+00   3.3997E-01   0.0000E+00   0.0000E+00
     8    22   6.3038E+18   2.6867E-01   3.0665E+00   2.8187E-01   0.0000E+00   0.0000E+00
     8    23   5.3567E+18   3.6479E-01   2.3609E+00   2.8799E-01   0.0000E+00   0.0000E+00
     8    24   4.9163E+18   5.1187E-01   2.8942E+00   4.2456E-01   0.0000E+00   0.0000E+00
     8    25   1.5269E+18   4.2434E-01   1.6966E+00   4.1138E-01   0.0000E+00   0.0000E+00
     8    26   1.2528E+18   5.0096E-01   9.6500E-01   5.1425E-01   0.0000E+00   0.0000E+00
     8    27   1.4592E+18   5.1224E-01   1.1797E+00   4.9448E-01   0.0000E+00   0.0000E+00
     8    28   1.3890E+18   4.3201E-01   1.3583E+00   4.1642E-01   0.0000E+00   0.0000E+00
     8    29   4.8915E+17   6.6478E-01   4.7333E-01   7.0240E-01   0.0000E+00   0.0000E+00
     8    30   1.1521E+18   5.0397E-01   9.3924E-01   5.4848E-01   0.0000E+00   0.0000E+00
     8    31   5.1327E+17   5.7852E-01   7.3673E-01   7.4905E-01   0.0000E+00   0.0000E+00
     8    32   8.4251E+17   9.1073E-01   2.2359E+00   9.5935E-01   0.0000E+00   0.0000E+00
     9     1   1.4835E+18   4.6376E-01   2.9383E-01   3.5303E-01   0.0000E+00   0.0000E+00
     9     2   5.5788E+18   6.4687E-01   1.8500E+00   7.2598E-01   0.0000E+00   0.0000E+00
     9     3   5.0293E+18   4.2574E-01   1.1013E+00   4.3517E-01   0.0000E+00   0.0000E+00
     9     4   5.1612E+18   3.6242E-01   2.0379E+00   4.7760E-01   0.0000E+00   0.0000E+00
     9     5   5.4212E+18   4.5089E-01   7.5966E-01   3.4698E-01   0.0000E+00   0.0000E+00
     9     6   5.2766E+18   3.1845E-01   9.0686E-01   3.0590E-01   0.0000E+00   0.0000E+00
     9     7   5.5208E+18   2.7860E-01   1.6368E+00   3.0284E-01   0.0000E+00   0.0000E+00
     9     8   7.9527E+18   3.0474E-01   1.6900E+00   2.6945E-01   0.0000E+00   0.0000E+00
     9     9   2.0785E+19   4.0371E-01   3.9335E+00   3.5893E-01   0.0000E+00   0.0000E+00
     9    10   1.4060E+19   4.2668E-01   2.4055E+00   3.6919E-01   0.0000E+00   0.0000E+00
     9    11   1.3989E+19   3.5722E-01   3.1804E+00   3.6577E-01   0.0000E+00   0.0000E+00
     9    12   3.4496E+19   2.9046E-01   6.6687E+00   3.1421E-01   0.0000E+00   0.0000E+00
     9    13   4.1906E+19   2.3368E-01   8.3314E+00   2.1290E-01   0.0000E+00   0.0000E+00
     9    14   3.4250E+19   3.1887E-01   7.6833E+00   3.1327E-01   0.0000E+00   0.0000E+00
     9    15   3.3863E+19   2.7827E-01   8.0806E+00   2.7642E-01   0.0000E+00   0.0000E+00
     9    16   2.8343E+19   2.6005E-01   6.5473E+00   2.7253E-01   0.0000E+00   0.0000E+00
     9    17   2.5553E+19   2.7796E-01   7.7546E+00   3.0766E-01   0.0000E+00   0.0000E+00
     9    18   1.1022E+19   2.2005E-01   3.0616E+00   2.3204E-01   0.0000E+00   0.0000E+00
     9    19   9.9846E+18   2.6851E-01   2.5055E+00   2.7147E-01   0.0000E+00   0.0000E+00
     9    20   1.1354E+19   3.1745E-01   3.2323E+00   3.2894E-01   0.0000E+00   0.0000E+00
     9    21   9.2346E+18   2.8720E-01   3.0994E+00   2.7086E-01   0.0000E+00   0.0000E+00
     9    22   5.1653E+18   2.8801E-01   4.0851E+00   3.4827E-01   0.0000E+00   0.0000E+00
     9    23   5.4986E+18   3.5626E-01   4.2043E+00   3.9687E-01   0.0000E+00   0.0000E+00
     9    24   1.4516E+18   3.8467E-01   1.4925E+00   3.3584E-01   0.0000E+00   0.0000E+00
     9    25   1.7103E+18   4.5285E-01   1.4040E+00   4.0441E-01   0.0000E+00   0.0000E+00
     9    26   1.5429E+18   4.5047E-01   1.1374E+00   4.5851E-01   0.0000E+00   0.0000E+00
     9    27   1.0318E+18   4.8408E-01   1.0500E+00   5.4829E-01   0.0000E+00   0.0000E+00
     9    28   1.3443E+18   4.4977E-01   1.1813E+00   4.4043E-01   0.0000E+00   0.0000E+00
     9    29   6.3882E+17   5.5458E-01   4.9286E-01   6.8229E-01   0.0000E+00   0.0000E+00
     9    30   9.7033E+17   5.2801E-01   1.1076E+00   6.3206E-01   0.0000E+00   0.0000E+00
     9    31   3.2819E+17   5.8115E-01   4.0995E-01   6.8744E-01   0.0000E+00   0.0000E+00
     9    32   8.4075E+17   9.0060E-01   2.2177E+00   9.5432E-01   0.0000E+00   0.0000E+00
    10     1   6.4265E+18   3.9620E-01   1.3370E+00   4.3566E-01   0.0000E+00   0.0000E+00
    10     2   5.5162E+18   3.8398E-01   1.3602E+00   4.5925E-01   0.0000E+00   0.0000E+00
    10     3   4.8770E+18   3.3882E-01   1.4183E+00   3.8902E-01   0.0000E+00   0.0000E+00
    10     4   6.7392E+18   4.6238E-01   1.9788E+00   3.9133E-01   0.0000E+00   0.0000E+00
    10     5   5.4478E+18   3.5601E-01   1.3697E+00   3.3151E-01   0.0000E+00   0.0000E+00
    10     6   9.6259E+18   3.0129E-01   2.4102E+00   3.5350E-01   0.0000E+00   0.0000E+00
    10     7   1.4712E+19   3.2961E-01   2.8052E+00   3.5792E-01   0.0000E+00   0.0000E+00
    10     8   1.1766E+19   2.6265E-01   2.5082E+00   2.7180E-01   0.0000E+00   0.0000E+00
    10     9   1.6607E+19   2.7265E-01   3.4562E+00   2.6769E-01   0.0000E+00   0.0000E+00
    10    10   2.3464E+19   3.2844E-01   4.7747E+00   3.3480E-01   0.0000E+00   0.0000E+00
    10    11   2.8857E+19   2.9173E-01   5.9968E+00   2.8417E-01   0.0000E+00   0.0000E+00
    10    12   3.6431E+19   2.4780E-01   6.9895E+00   2.3129E-01   0.0000E+00   0.0000E+00
    10    13   3.6107E+19   2.4090E-01   7.7932E+00   2.5159E-01   0.0000E+00   0.0000E+00
    10    14   3.4839E+19   2.7465E-01   8.1966E+00   2.7721E-01   0.0000E+00   0.0000E+00
    10    15   2.9036E+19   2.4944E-01   7.0166E+00   2.5312E-01   0.0000E+00   0.0000E+00
    10    16   3.6722E+19   3.3983E-01   8.6501E+00   2.8331E-01   0.0000E+00   0.0000E+00
    10    17   2.5782E+19   2.5212E-01   6.2696E+00   2.5045E-01   0.0000E+00   0.0000E+00
    10    18   1.3639E+19   3.2515E-01   3.0212E+00   2.9687E-01   0.0000E+00   0.0000E+00
    10    19   9.4235E+18   2.7351E-01   2.2969E+00   2.7245E-01   0.0000E+00   0.0000E+00
    10    20   1.0195E+19   2.7578E-01   3.2525E+00   2.5913E-01   0.0000E+00   0.0000E+00
    10    21   4.6861E+18   2.7111E-01   2.2266E+00   3.0012E-01   0.0000E+00   0.0000E+00
    10    22   3.1873E+18   3.0500E-01   2.5286E+00   3.9336E-01   0.0000E+00   0.0000E+00
    10    23   3.5269E+18   3.3567E-01   2.6758E+00   3.0983E-01   0.0000E+00   0.0000E+00
    10    24   1.4090E+18   4.0895E-01   1.6252E+00   3.9222E-01   0.0000E+00   0.0000E+00
    10    25   1.0909E+18   4.0231E-01   7.7914E-01   3.8851E-01   0.0000E+00   0.0000E+00
    10    26   1.6335E+18   4.7653E-01   1.0491E+00   4.7657E-01   0.0000E+00   0.0000E+00
    10    27   8.1790E+17   6.0240E-01   9.8103E-01   5.8626E-01   0.0000E+00   0.0000E+00
    10    28   1.4909E+18   4.6233E-01   1.1991E+00   4.4664E-01   0.0000E+00   0.0000E+00
    10    29   1.4343E+18   5.0519E-01   9.1369E-01   4.8456E-01   0.0000E+00   0.0000E+00
    10    30   9.3847E+17   5.6060E-01   1.2386E+00   7.4253E-01   0.0000E+00   0.0000E+00
    10    31   3.4753E+16   8.5959E-01   6.3893E-02   7.9834E-01   0.0000E+00   0.0000E+00
    10    32   4.6280E+17   8.5382E-01   1.1787E+00   9.3282E-01   0.0000E+00   0.0000E+00
    11     1   8.1962E+18   3.8918E-01   1.3270E+00   3.4854E-01   0.0000E+00   0.0000E+00
    11     2   7.7661E+18   4.4942E-01   1.5233E+00   3.5621E-01   0.0000E+00   0.0000E+00
    11     3   1.0697E+19   3.4338E-01   2.4511E+00   3.5639E-01   0.0000E+00   0.0000E+00
    11     4   8.9328E+18   3.3700E-01   2.1078E+00   3.3594E-01   0.0000E+00   0.0000E+00
    11     5   9.4707E+18   2.9153E-01   2.5566E+00   3.3492E-01   0.0000E+00   0.0000E+00
    11     6   2.0404E+19   3.8192E-01   4.4610E+00   4.3068E-01   0.0000E+00   0.0000E+00
    11     7   1.7060E+19   3.2790E-01   2.6327E+00   2.9949E-01   0.0000E+00   0.0000E+00
    11     8   1.2069E+19   2.8434E-01   2.2896E+00   2.9656E-01   0.0000E+00   0.0000E+00
    11     9   1.7324E+19   2.5770E-01   3.0183E+00   2.5314E-01   0.0000E+00   0.0000E+00
    11    10   2.7239E+19   3.3652E-01   4.7274E+00   2.7793E-01   0.0000E+00   0.0000E+00
    11    11   3.3488E+19   3.1032E-01   6.2391E+00   3.0449E-01   0.0000E+00   0.0000E+00
    11    12   3.9529E+19   2.9834E-01   7.3736E+00   3.0113E-01   0.0000E+00   0.0000E+00
    11    13   5.1361E+19   2.7823E-01   9.5040E+00   2.7770E-01   0.0000E+00   0.0000E+00
    11    14   4.8319E+19   2.7732E-01   1.0615E+01   2.7294E-01   0.0000E+00   0.0000E+00
    11    15   4.1926E+19   2.4232E-01   9.1450E+00   2.6170E-01   0.0000E+00   0.0000E+00
    11    16   3.1556E+19   2.7727E-01   7.1530E+00   2.6094E-01   0.0000E+00   0.0000E+00
    11    17   2.3328E+19   2.4589E-01   5.5860E+00   2.4252E-01   0.0000E+00   0.0000E+00
    11    18   1.1926E+19   3.0293E-01   2.8664E+00   2.6831E-01   0.0000E+00   0.0000E+00
    11    19   1.5320E+19   3.0580E-01   3.5618E+00   2.7394E-01   0.0000E+00   0.0000E+00
    11    20   8.0443E+18   2.5138E-01   3.3658E+00   2.6319E-01   0.0000E+00   0.0000E+00
    11    21   6.5449E+18   3.7332E-01   3.1151E+00   3.3515E-01   0.0000E+00   0.0000E+00
    11    22   1.9717E+18   3.1460E-01   1.4826E+00   3.3254E-01   0.0000E+00   0.0000E+00
    11    23   2.8503E+18   3.4300E-01   2.1413E+00   3.0729E-01   0.0000E+00   0.0000E+00
    11    24   1.3152E+18   4.4401E-01   1.4636E+00   4.2870E-01   0.0000E+00   0.0000E+00
    11    25   6.9607E+17   4.7047E-01   5.6925E-01   5.0177E-01   0.0000E+00   0.0000E+00
    11    26   1.2711E+18   5.1182E-01   6.3899E-01   5.1147E-01   0.0000E+00   0.0000E+00
    11    27   1.4325E+18   4.2803E-01   1.6515E+00   3.8951E-01   0.0000E+00   0.0000E+00
    11    28   7.9449E+17   6.6418E-01   4.8210E-01   4.9879E-01   0.0000E+00   0.0000E+00
    11    29   1.1743E+18   4.8536E-01   9.6245E-01   4.7470E-01   0.0000E+00   0.0000E+00
    11    30   6.7446E+17   5.9519E-01   1.0949E+00   8.0535E-01   0.0000E+00   0.0000E+00
    11    31   2.8235E+16   5.9594E-01   2.5531E-02   5.9316E-01   0.0000E+00   0.0000E+00
    11    32   5.6691E+16   6.8024E-01   7.3661E-02   7.2530E-01   0.0000E+00   0.0000E+00
    12     1   9.8175E+18   2.6806E-01   2.1476E+00   2.8402E-01   0.0000E+00   0.0000E+00
    12     2   1.0035E+19   3.4290E-01   2.0181E+00   3.0242E-01   0.0000E+00   0.0000E+00
    12     3   1.2328E+19   4.1119E-01   2.0842E+00   3.2109E-01   0.0000E+00   0.0000E+00
    12     4   1.0799E+19   4.1725E-01   2.3336E+00   3.9451E-01   0.0000E+00   0.0000E+00
    12     5   1.7684E+19   3.6335E-01   3.6560E+00   3.3527E-01   0.0000E+00   0.0000E+00
    12     6   2.0129E+19   4.1177E-01   3.6086E+00   3.8377E-01   0.0000E+00   0.0000E+00
    12     7   2.1322E+19   4.0214E-01   3.2619E+00   3.1270E-01   0.0000E+00   0.0000E+00
    12     8   2.8969E+19   3.6953E-01   4.6783E+00   2.8892E-01   0.0000E+00   0.0000E+00
    12     9   3.3623E+19   2.9506E-01   7.2809E+00   3.0978E-01   0.0000E+00   0.0000E+00
    12    10   3.3987E+19   2.6309E-01   5.6597E+00   3.0049E-01   0.0000E+00   0.0000E+00
    12    11   3.0032E+19   2.5163E-01   5.2555E+00   2.6070E-01   0.0000E+00   0.0000E+00
    12    12   5.5798E+19   2.6594E-01   8.9775E+00   2.6356E-01   0.0000E+00   0.0000E+00
    12    13   7.1561E+19   2.5860E-01   1.3111E+01   2.5234E-01   0.0000E+00   0.0000E+00
    12    14   5.0598E+19   2.6577E-01   1.1237E+01   2.8925E-01   0.0000E+00   0.0000E+00
    12    15   3.4478E+19   2.6995E-01   7.2875E+00   2.9104E-01   0.0000E+00   0.0000E+00
    12    16   3.0904E+19   2.8170E-01   6.7785E+00   2.4212E-01   0.0000E+00   0.0000E+00
    12    17   1.6409E+19   2.9886E-01   3.7037E+00   2.8628E-01   0.0000E+00   0.0000E+00
    12    18   1.4264E+19   3.0086E-01   3.8491E+00   3.1249E-01   0.0000E+00   0.0000E+00
    12    19   1.4993E+19   2.8333E-01   5.3684E+00   3.0402E-01   0.0000E+00   0.0000E+00
    12    20   5.3337E+18   2.6456E-01   2.4712E+00   2.5020E-01   0.0000E+00   0.0000E+00
    12    21   2.3807E+18   2.9884E-01   1.2290E+00   3.1389E-01   0.0000E+00   0.0000E+00
    12    22   1.4467E+18   3.3835E-01   1.2393E+00   3.1444E-01   0.0000E+00   0.0000E+00
    12    23   2.9829E+18   3.4274E-01   2.5350E+00   3.1263E-01   0.0000E+00   0.0000E+00
    12    24   7.6172E+17   4.5716E-01   5.2308E-01   4.3102E-01   0.0000E+00   0.0000E+00
    12    25   7.4514E+17   5.8819E-01   5.3230E-01   5.1029E-01   0.0000E+00   0.0000E+00
    12    26   9.1539E+17   5.3311E-01   7.6426E-01   5.1152E-01   0.0000E+00   0.0000E+00
    12    27   1.9351E+18   4.0011E-01   2.0383E+00   3.9988E-01   0.0000E+00   0.0000E+00
    12    28   4.7410E+17   7.1584E-01   4.5922E-01   7.7032E-01   0.0000E+00   0.0000E+00
    12    29   1.2694E+18   4.9389E-01   1.2281E+00   5.8068E-01   0.0000E+00   0.0000E+00
    12    30   4.5628E+17   5.9741E-01   5.1812E-01   6.6046E-01   0.0000E+00   0.0000E+00
    12    31   6.4061E+16   7.4911E-01   5.4251E-02   6.2978E-01   0.0000E+00   0.0000E+00
    12    32   1.3863E+16   6.7101E-01   3.1153E-02   7.3386E-01   0.0000E+00   0.0000E+00
    13     1   1.1162E+19   2.4872E-01   2.2781E+00   2.5956E-01   0.0000E+00   0.0000E+00
    13     2   1.2036E+19   2.9642E-01   2.8176E+00   3.3680E-01   0.0000E+00   0.0000E+00
    13     3   1.6142E+19   3.2993E-01   3.3243E+00   3.1053E-01   0.0000E+00   0.0000E+00
    13     4   1.0468E+19   3.0588E-01   1.7667E+00   2.6665E-01   0.0000E+00   0.0000E+00
    13     5   1.0803E+19   2.9361E-01   1.7800E+00   2.5081E-01   0.0000E+00   0.0000E+00
    13     6   8.9900E+18   2.5175E-01   1.4417E+00   2.2920E-01   0.0000E+00   0.0000E+00
    13     7   2.3031E+19   2.3447E-01   3.5930E+00   2.4351E-01   0.0000E+00   0.0000E+00
    13     8   3.3936E+19   2.4248E-01   6.1159E+00   2.4704E-01   0.0000E+00   0.0000E+00
    13     9   4.2140E+19   2.6835E-01   7.9882E+00   2.5780E-01   0.0000E+00   0.0000E+00
    13    10   3.3170E+19   2.3607E-01   6.1313E+00   2.4095E-01   0.0000E+00   0.0000E+00
    13    11   4.1671E+19   2.2876E-01   7.3335E+00   2.2736E-01   0.0000E+00   0.0000E+00
    13    12   5.3985E+19   2.3919E-01   1.0758E+01   2.2894E-01   0.0000E+00   0.0000E+00
    13    13   7.0567E+19   2.7625E-01   1.3745E+01   2.7146E-01   0.0000E+00   0.0000E+00
    13    14   4.6123E+19   2.7433E-01   9.7959E+00   2.7618E-01   0.0000E+00   0.0000E+00
    13    15   3.8503E+19   2.3006E-01   9.2947E+00   2.2534E-01   0.0000E+00   0.0000E+00
    13    16   2.6152E+19   3.5276E-01   5.9765E+00   3.2785E-01   0.0000E+00   0.0000E+00
    13    17   8.4695E+18   3.3549E-01   2.6098E+00   3.0663E-01   0.0000E+00   0.0000E+00
    13    18   1.3967E+19   3.0030E-01   3.8880E+00   2.5238E-01   0.0000E+00   0.0000E+00
    13    19   8.6855E+18   2.2642E-01   3.7605E+00   2.1484E-01   0.0000E+00   0.0000E+00
    13    20   2.6870E+18   2.6830E-01   1.5117E+00   2.7715E-01   0.0000E+00   0.0000E+00
    13    21   1.5575E+18   3.4965E-01   1.0423E+00   3.3327E-01   0.0000E+00   0.0000E+00
    13    22   3.2890E+18   3.2128E-01   2.7603E+00   3.1848E-01   0.0000E+00   0.0000E+00
    13    23   9.1710E+17   4.1065E-01   1.1649E+00   4.8954E-01   0.0000E+00   0.0000E+00
    13    24   7.6760E+17   4.9457E-01   5.6102E-01   4.7418E-01   0.0000E+00   0.0000E+00
    13    25   6.0238E+17   6.5682E-01   2.7166E-01   4.9999E-01   0.0000E+00   0.0000E+00
    13    26   1.1743E+18   4.6706E-01   1.5503E+00   4.5719E-01   0.0000E+00   0.0000E+00
    13    27   1.7035E+18   4.4463E-01   1.2571E+00   4.2961E-01   0.0000E+00   0.0000E+00
    13    28   8.4623E+17   4.7797E-01   7.4274E-01   5.3432E-01   0.0000E+00   0.0000E+00
    13    29   7.6122E+17   4.9910E-01   1.0142E+00   7.1413E-01   0.0000E+00   0.0000E+00
    13    30   3.0936E+17   5.8843E-01   3.5269E-01   6.6560E-01   0.0000E+00   0.0000E+00
    13    31   6.9285E+16   7.4967E-01   7.3239E-02   7.4801E-01   0.0000E+00   0.0000E+00
    13    32   8.2819E+15   7.7914E-01   1.0355E-02   7.5839E-01   0.0000E+00   0.0000E+00
    14     1   9.8392E+18   3.2800E-01   1.9084E+00   3.5415E-01   0.0000E+00   0.0000E+00
    14     2   1.5643E+19   3.1339E-01   3.0078E+00   3.0170E-01   0.0000E+00   0.0000E+00
    14     3   1.2960E+19   2.2593E-01   1.8371E+00   2.2484E-01   0.0000E+00   0.0000E+00
    14     4   1.5814E+19   2.5368E-01   2.2739E+00   2.4076E-01   0.0000E+00   0.0000E+00
    14     5   1.2904E+19   2.5632E-01   2.1823E+00   2.4670E-01   0.0000E+00   0.0000E+00
    14     6   1.5609E+19   2.1060E-01   2.6817E+00   1.9534E-01   0.0000E+00   0.0000E+00
    14     7   2.2978E+19   2.0140E-01   4.4301E+00   1.8245E-01   0.0000E+00   0.0000E+00
    14     8   2.6902E+19   1.9412E-01   5.1594E+00   1.9109E-01   0.0000E+00   0.0000E+00
    14     9   3.7921E+19   1.8942E-01   7.5488E+00   2.0628E-01   0.0000E+00   0.0000E+00
    14    10   5.2503E+19   2.0890E-01   1.0327E+01   2.0171E-01   0.0000E+00   0.0000E+00
    14    11   4.3708E+19   2.1633E-01   8.2990E+00   2.0326E-01   0.0000E+00   0.0000E+00
    14    12   5.4083E+19   2.5052E-01   1.1947E+01   2.6429E-01   0.0000E+00   0.0000E+00
    14    13   5.0376E+19   2.4805E-01   1.0645E+01   2.3388E-01   0.0000E+00   0.0000E+00
    14    14   3.2709E+19   1.8524E-01   8.0686E+00   1.8902E-01   0.0000E+00   0.0000E+00
    14    15   1.9993E+19   2.5393E-01   5.3171E+00   2.2278E-01   0.0000E+00   0.0000E+00
    14    16   8.2412E+18   2.4563E-01   2.3511E+00   2.4940E-01   0.0000E+00   0.0000E+00
    14    17   7.8762E+18   2.0877E-01   2.7613E+00   2.2899E-01   0.0000E+00   0.0000E+00
    14    18   1.3854E+19   2.3080E-01   5.6331E+00   2.7828E-01   0.0000E+00   0.0000E+00
    14    19   4.1673E+18   2.9313E-01   2.8922E+00   3.4456E-01   0.0000E+00   0.0000E+00
    14    20   1.7908E+18   3.2803E-01   1.1238E+00   3.2778E-01   0.0000E+00   0.0000E+00
    14    21   1.3993E+18   4.0045E-01   1.3956E+00   4.3005E-01   0.0000E+00   0.0000E+00
    14    22   1.9595E+18   3.7764E-01   2.2495E+00   3.6346E-01   0.0000E+00   0.0000E+00
    14    23   2.4246E+17   5.4778E-01   1.9628E-01   4.1459E-01   0.0000E+00   0.0000E+00
    14    24   6.0112E+17   6.6259E-01   3.8394E-01   5.7685E-01   0.0000E+00   0.0000E+00
    14    25   7.6734E+17   4.2902E-01   6.9864E-01   5.7318E-01   0.0000E+00   0.0000E+00
    14    26   1.1846E+18   3.6787E-01   1.4702E+00   3.9249E-01   0.0000E+00   0.0000E+00
    14    27   1.0482E+18   5.4676E-01   8.1068E-01   5.3938E-01   0.0000E+00   0.0000E+00
    14    28   1.1348E+18   5.2157E-01   8.2018E-01   4.8047E-01   0.0000E+00   0.0000E+00
    14    29   3.5774E+17   6.6222E-01   4.6973E-01   6.4490E-01   0.0000E+00   0.0000E+00
    14    30   1.1276E+17   9.8729E-01   5.9559E-02   9.4015E-01   0.0000E+00   0.0000E+00
    14    31   7.1581E+16   7.4960E-01   7.5700E-02   7.4801E-01   0.0000E+00   0.0000E+00
    14    32   3.2641E+15   7.4794E-01   9.0761E-03   8.2800E-01   0.0000E+00   0.0000E+00
    15     1   1.0745E+19   2.4050E-01   2.1995E+00   2.2899E-01   0.0000E+00   0.0000E+00
    15     2   1.0624E+19   2.1904E-01   1.9786E+00   2.1635E-01   0.0000E+00   0.0000E+00
    15     3   1.5564E+19   2.1523E-01   2.6095E+00   2.0475E-01   0.0000E+00   0.0000E+00
    15     4   1.5822E+19   1.7031E-01   2.8061E+00   1.7941E-01   0.0000E+00   0.0000E+00
    15     5   2.2693E+19   2.0583E-01   3.1647E+00   1.7302E-01   0.0000E+00   0.0000E+00
    15     6   2.1991E+19   1.8903E-01   3.8448E+00   2.0931E-01   0.0000E+00   0.0000E+00
    15     7   2.8538E+19   2.0796E-01   5.3615E+00   1.9818E-01   0.0000E+00   0.0000E+00
    15     8   3.2556E+19   2.3228E-01   6.0349E+00   2.2809E-01   0.0000E+00   0.0000E+00
    15     9   4.9600E+19   1.8001E-01   9.1884E+00   1.7030E-01   0.0000E+00   0.0000E+00
    15    10   6.9564E+19   2.2518E-01   1.4917E+01   2.2458E-01   0.0000E+00   0.0000E+00
    15    11   6.0884E+19   2.6284E-01   1.3790E+01   2.5457E-01   0.0000E+00   0.0000E+00
    15    12   3.7318E+19   1.8397E-01   9.5736E+00   2.0014E-01   0.0000E+00   0.0000E+00
    15    13   2.9873E+19   2.1731E-01   7.8231E+00   2.0897E-01   0.0000E+00   0.0000E+00
    15    14   1.7821E+19   1.9476E-01   4.8361E+00   1.9741E-01   0.0000E+00   0.0000E+00
    15    15   9.7287E+18   2.2836E-01   3.0428E+00   2.3093E-01   0.0000E+00   0.0000E+00
    15    16   5.3603E+18   2.5005E-01   1.9124E+00   2.0353E-01   0.0000E+00   0.0000E+00
    15    17   1.2509E+19   2.8636E-01   7.6958E+00   3.4044E-01   0.0000E+00   0.0000E+00
    15    18   4.9234E+18   2.5886E-01   2.5582E+00   2.4815E-01   0.0000E+00   0.0000E+00
    15    19   9.9431E+17   3.2767E-01   7.7593E-01   3.2756E-01   0.0000E+00   0.0000E+00
    15    20   8.3235E+17   3.6751E-01   6.5404E-01   3.3386E-01   0.0000E+00   0.0000E+00
    15    21   1.0083E+18   3.2729E-01   1.2158E+00   3.2806E-01   0.0000E+00   0.0000E+00
    15    22   8.2747E+17   4.6452E-01   7.1065E-01   3.9562E-01   0.0000E+00   0.0000E+00
    15    23   1.3548E+18   6.3778E-01   7.7029E-01   5.0234E-01   0.0000E+00   0.0000E+00
    15    24   5.1222E+17   5.8862E-01   5.7277E-01   7.7283E-01   0.0000E+00   0.0000E+00
    15    25   1.1437E+18   4.2618E-01   1.1939E+00   3.8706E-01   0.0000E+00   0.0000E+00
    15    26   9.5835E+17   5.3638E-01   8.5434E-01   4.9672E-01   0.0000E+00   0.0000E+00
    15    27   9.9491E+17   4.5810E-01   9.2903E-01   4.9626E-01   0.0000E+00   0.0000E+00
    15    28   6.2650E+17   5.4030E-01   3.9690E-01   5.5092E-01   0.0000E+00   0.0000E+00
    15    29   3.1530E+17   7.0595E-01   4.1214E-01   7.4322E-01   0.0000E+00   0.0000E+00
    15    30   1.4963E+17   7.8611E-01   7.0752E-02   8.1327E-01   0.0000E+00   0.0000E+00
    15    31   3.7278E+16   6.8177E-01   6.9764E-02   8.0954E-01   0.0000E+00   0.0000E+00
    15    32   1.5365E+15   7.5558E-01   3.3338E-03   7.0510E-01   0.0000E+00   0.0000E+00
    16     1   9.6285E+16   4.5043E-01   7.7614E-02   3.4388E-01   0.0000E+00   0.0000E+00
    16     2   2.1143E+17   4.1607E-01   1.8251E-01   4.1866E-01   0.0000E+00   0.0000E+00
    16     3   6.2776E+17   3.1042E-01   5.2575E-01   3.2483E-01   0.0000E+00   0.0000E+00
    16     4   1.8252E+18   2.4292E-01   9.1583E-01   2.4155E-01   0.0000E+00   0.0000E+00
    16     5   8.0148E+18   2.8910E-01   3.3130E+00   2.8723E-01   0.0000E+00   0.0000E+00
    16     6   1.2053E+19   2.2309E-01   4.6575E+00   2.4417E-01   0.0000E+00   0.0000E+00
    16     7   3.1749E+19   2.0798E-01   8.8572E+00   2.0612E-01   0.0000E+00   0.0000E+00
    16     8   4.7771E+19   1.8534E-01   1.1085E+01   1.8099E-01   0.0000E+00   0.0000E+00
    16     9   5.4223E+19   1.8222E-01   1.3774E+01   1.8674E-01   0.0000E+00   0.0000E+00
    16    10   4.4194E+19   1.8707E-01   1.2702E+01   1.9163E-01   0.0000E+00   0.0000E+00
    16    11   2.5307E+19   1.7914E-01   7.8138E+00   1.7853E-01   0.0000E+00   0.0000E+00
    16    12   1.7001E+19   1.9231E-01   5.8328E+00   1.9312E-01   0.0000E+00   0.0000E+00
    16    13   1.1822E+19   2.0859E-01   5.0013E+00   1.9713E-01   0.0000E+00   0.0000E+00
    16    14   7.0525E+18   1.9499E-01   2.8981E+00   1.8377E-01   0.0000E+00   0.0000E+00
    16    15   4.9815E+18   1.8517E-01   2.6561E+00   1.9126E-01   0.0000E+00   0.0000E+00
    16    16   6.0098E+18   2.0688E-01   3.8292E+00   2.3426E-01   0.0000E+00   0.0000E+00
    16    17   2.8710E+18   2.3558E-01   1.9654E+00   2.1236E-01   0.0000E+00   0.0000E+00
    16    18   7.4619E+17   2.7717E-01   6.0807E-01   3.1623E-01   0.0000E+00   0.0000E+00
    16    19   4.1559E+17   3.2912E-01   3.4401E-01   2.9200E-01   0.0000E+00   0.0000E+00
    16    20   6.9766E+17   3.4868E-01   8.2598E-01   3.5818E-01   0.0000E+00   0.0000E+00
    16    21   5.4387E+17   5.1053E-01   7.7734E-01   5.5204E-01   0.0000E+00   0.0000E+00
    16    22   5.3856E+17   3.7197E-01   7.8960E-01   4.2665E-01   0.0000E+00   0.0000E+00
    16    23   5.0505E+17   4.4567E-01   5.6493E-01   4.6365E-01   0.0000E+00   0.0000E+00
    16    24   5.6828E+17   3.9497E-01   5.8694E-01   3.7475E-01   0.0000E+00   0.0000E+00
    16    25   9.0355E+17   4.1950E-01   9.9175E-01   4.3778E-01   0.0000E+00   0.0000E+00
    16    26   1.2328E+18   4.2247E-01   1.0602E+00   4.3424E-01   0.0000E+00   0.0000E+00
    16    27   9.8874E+17   4.7506E-01   1.4219E+00   6.6400E-01   0.0000E+00   0.0000E+00
    16    28   3.3240E+17   6.5477E-01   4.3321E-01   6.8700E-01   0.0000E+00   0.0000E+00
    16    29   1.4012E+16   7.1552E-01   1.9221E-02   8.6745E-01   0.0000E+00   0.0000E+00
    16    30   1.6742E+17   7.7389E-01   1.0046E-01   8.1088E-01   0.0000E+00   0.0000E+00
    16    31   1.5920E+16   8.6754E-01   4.2179E-02   8.3905E-01   0.0000E+00   0.0000E+00
    16    32   1.1010E+15   1.0000E+00   1.8368E-03   1.0000E+00   0.0000E+00   0.0000E+00
    17     1   5.1204E+16   2.1829E-01   9.8042E-02   2.4545E-01   0.0000E+00   0.0000E+00
    17     2   7.4454E+16   2.3669E-01   1.3978E-01   2.3924E-01   0.0000E+00   0.0000E+00
    17     3   1.5064E+17   2.2080E-01   2.4597E-01   2.2263E-01   0.0000E+00   0.0000E+00
    17     4   2.6262E+17   1.8034E-01   3.0595E-01   1.7246E-01   0.0000E+00   0.0000E+00
    17     5   6.7695E+17   2.2079E-01   6.0035E-01   2.2706E-01   0.0000E+00   0.0000E+00
    17     6   1.5196E+18   1.9378E-01   1.1674E+00   1.9428E-01   0.0000E+00   0.0000E+00
    17     7   2.8919E+18   1.5010E-01   1.8902E+00   1.6078E-01   0.0000E+00   0.0000E+00
    17     8   5.3023E+18   1.7467E-01   3.2802E+00   1.6967E-01   0.0000E+00   0.0000E+00
    17     9   4.8192E+18   1.5603E-01   2.8456E+00   1.4318E-01   0.0000E+00   0.0000E+00
    17    10   3.5377E+18   1.3958E-01   2.0837E+00   1.3311E-01   0.0000E+00   0.0000E+00
    17    11   2.4113E+18   1.4958E-01   1.5554E+00   1.4044E-01   0.0000E+00   0.0000E+00
    17    12   2.0560E+18   1.8429E-01   1.3004E+00   1.6791E-01   0.0000E+00   0.0000E+00
    17    13   1.2581E+18   1.6571E-01   8.9572E-01   1.6186E-01   0.0000E+00   0.0000E+00
    17    14   1.3223E+18   1.9082E-01   1.2366E+00   2.2877E-01   0.0000E+00   0.0000E+00
    17    15   9.6607E+17   2.6530E-01   7.9512E-01   2.1355E-01   0.0000E+00   0.0000E+00
    17    16   4.1247E+17   2.1586E-01   5.0536E-01   2.7150E-01   0.0000E+00   0.0000E+00
    17    17   3.1725E+17   2.7704E-01   4.2423E-01   3.2893E-01   0.0000E+00   0.0000E+00
    17    18   3.2266E+17   4.1756E-01   3.4271E-01   3.3254E-01   0.0000E+00   0.0000E+00
    17    19   1.6773E+17   3.2445E-01   2.7351E-01   3.1556E-01   0.0000E+00   0.0000E+00
    17    20   2.9320E+17   4.0425E-01   4.0803E-01   4.2744E-01   0.0000E+00   0.0000E+00
    17    21   4.0198E+17   3.4858E-01   8.6228E-01   4.9026E-01   0.0000E+00   0.0000E+00
    17    22   5.5418E+17   3.4304E-01   1.0112E+00   3.6563E-01   0.0000E+00   0.0000E+00
    17    23   8.4650E+17   3.4257E-01   1.2036E+00   3.5618E-01   0.0000E+00   0.0000E+00
    17    24   7.9157E+17   3.3480E-01   9.8844E-01   3.6240E-01   0.0000E+00   0.0000E+00
    17    25   7.8714E+17   3.8455E-01   7.5725E-01   3.6857E-01   0.0000E+00   0.0000E+00
    17    26   4.1452E+17   4.3623E-01   3.3757E-01   4.7140E-01   0.0000E+00   0.0000E+00
    17    27   5.7923E+16   7.5765E-01   1.4410E-01   8.7386E-01   0.0000E+00   0.0000E+00
    17    28   4.1812E+16   7.1174E-01   2.0581E-02   6.8724E-01   0.0000E+00   0.0000E+00
    17    29   2.4736E+16   9.7584E-01   1.1760E-02   7.7986E-01   0.0000E+00   0.0000E+00
    17    30   9.0482E+16   9.8614E-01   8.1492E-02   9.5053E-01   0.0000E+00   0.0000E+00
    17    31   2.3504E+15   7.4222E-01   6.6500E-03   8.2511E-01   0.0000E+00   0.0000E+00
    17    32   4.8830E+14   7.9537E-01   1.4417E-03   7.1049E-01   0.0000E+00   0.0000E+00
    18     1   2.5905E+16   2.0132E-01   6.3073E-02   2.3791E-01   0.0000E+00   0.0000E+00
    18     2   3.3193E+16   2.3586E-01   7.7618E-02   2.8164E-01   0.0000E+00   0.0000E+00
    18     3   3.6237E+16   2.1444E-01   9.4287E-02   2.7988E-01   0.0000E+00   0.0000E+00
    18     4   3.9773E+16   2.0775E-01   9.0472E-02   2.8421E-01   0.0000E+00   0.0000E+00
    18     5   5.4882E+16   2.1521E-01   1.0350E-01   2.2744E-01   0.0000E+00   0.0000E+00
    18     6   6.5099E+16   2.0287E-01   1.1225E-01   1.9775E-01   0.0000E+00   0.0000E+00
    18     7   9.2933E+16   1.9730E-01   1.5969E-01   1.9207E-01   0.0000E+00   0.0000E+00
    18     8   1.1646E+17   1.9373E-01   2.0107E-01   2.0744E-01   0.0000E+00   0.0000E+00
    18     9   1.3028E+17   2.0472E-01   2.3365E-01   2.2033E-01   0.0000E+00   0.0000E+00
    18    10   1.0922E+17   2.4297E-01   1.9142E-01   2.2970E-01   0.0000E+00   0.0000E+00
    18    11   1.0694E+17   2.5014E-01   2.4294E-01   2.6302E-01   0.0000E+00   0.0000E+00
    18    12   1.1682E+17   2.6790E-01   3.4755E-01   3.5267E-01   0.0000E+00   0.0000E+00
    18    13   1.0835E+17   2.2178E-01   2.8187E-01   2.4916E-01   0.0000E+00   0.0000E+00
    18    14   1.2237E+17   2.3298E-01   3.8645E-01   2.6418E-01   0.0000E+00   0.0000E+00
    18    15   1.1714E+17   2.4413E-01   3.8922E-01   3.0577E-01   0.0000E+00   0.0000E+00
    18    16   1.2715E+17   2.7597E-01   3.7173E-01   3.6236E-01   0.0000E+00   0.0000E+00
    18    17   1.4442E+17   2.8538E-01   3.7065E-01   3.8487E-01   0.0000E+00   0.0000E+00
    18    18   1.7408E+17   2.9995E-01   3.9749E-01   4.0425E-01   0.0000E+00   0.0000E+00
    18    19   1.9885E+17   3.0432E-01   4.4042E-01   4.1181E-01   0.0000E+00   0.0000E+00
    18    20   1.8032E+17   3.2339E-01   4.6947E-01   4.3303E-01   0.0000E+00   0.0000E+00
    18    21   1.6210E+17   3.6790E-01   4.3615E-01   4.5529E-01   0.0000E+00   0.0000E+00
    18    22   2.3853E+17   4.6610E-01   3.9894E-01   4.3856E-01   0.0000E+00   0.0000E+00
    18    23   2.3165E+17   5.6082E-01   4.1255E-01   6.8614E-01   0.0000E+00   0.0000E+00
    18    24   1.6640E+17   6.4638E-01   2.3744E-01   5.3725E-01   0.0000E+00   0.0000E+00
    18    25   1.7110E+16   7.5011E-01   1.1077E-02   5.8604E-01   0.0000E+00   0.0000E+00
    18    26   1.6484E+16   8.4302E-01   1.1797E-02   6.2302E-01   0.0000E+00   0.0000E+00
    18    27   1.0597E+16   8.1492E-01   8.6083E-03   6.7369E-01   0.0000E+00   0.0000E+00
    18    28   1.6319E+16   9.6998E-01   1.2892E-02   9.9624E-01   0.0000E+00   0.0000E+00
    18    29   6.4052E+15   7.1171E-01   1.0990E-02   7.6160E-01   0.0000E+00   0.0000E+00
    18    30   4.6890E+16   9.6253E-01   8.4468E-02   9.7392E-01   0.0000E+00   0.0000E+00
    18    31   5.2204E+16   9.8384E-01   9.4209E-02   9.9361E-01   0.0000E+00   0.0000E+00
    18    32   5.8766E+16   9.8756E-01   1.0620E-01   9.9600E-01   0.0000E+00   0.0000E+00
    19     1   5.8368E+15   4.5040E-01   2.0393E-02   4.2946E-01   0.0000E+00   0.0000E+00
    19     2   6.4928E+15   4.3469E-01   2.3493E-02   4.0175E-01   0.0000E+00   0.0000E+00
    19     3   7.0132E+15   4.3292E-01   2.5530E-02   3.9769E-01   0.0000E+00   0.0000E+00
    19     4   7.5550E+15   4.3560E-01   2.7381E-02   3.9840E-01   0.0000E+00   0.0000E+00
    19     5   1.9382E+16   6.0091E-01   6.4117E-02   6.0243E-01   0.0000E+00   0.0000E+00
    19     6   2.3059E+16   5.5570E-01   7.9263E-02   5.7736E-01   0.0000E+00   0.0000E+00
    19     7   2.4967E+16   5.1829E-01   8.8609E-02   5.3885E-01   0.0000E+00   0.0000E+00
    19     8   3.3581E+16   4.6163E-01   1.8160E-01   5.5399E-01   0.0000E+00   0.0000E+00
    19     9   3.0741E+16   4.7552E-01   1.8686E-01   5.8395E-01   0.0000E+00   0.0000E+00
    19    10   3.4129E+16   4.3152E-01   1.9485E-01   5.7498E-01   0.0000E+00   0.0000E+00
    19    11   4.1018E+16   4.4118E-01   2.0667E-01   5.6942E-01   0.0000E+00   0.0000E+00
    19    12   3.8552E+16   4.3655E-01   2.1142E-01   5.7847E-01   0.0000E+00   0.0000E+00
    19    13   3.1787E+16   5.2572E-01   1.7670E-01   6.8746E-01   0.0000E+00   0.0000E+00
    19    14   2.1878E+16   6.4123E-01   5.3594E-02   6.4947E-01   0.0000E+00   0.0000E+00
    19    15   8.9826E+15   5.7354E-01   2.0900E-02   6.6746E-01   0.0000E+00   0.0000E+00
    19    16   2.8490E+15   5.7463E-01   7.1099E-03   7.0604E-01   0.0000E+00   0.0000E+00
    19    17   2.4095E+15   7.0579E-01   5.7520E-03   9.3519E-01   0.0000E+00   0.0000E+00
    19    18   1.1217E+16   7.4385E-01   1.7380E-02   6.9297E-01   0.0000E+00   0.0000E+00
    19    19   2.1204E+16   8.4676E-01   2.8976E-02   7.3433E-01   0.0000E+00   0.0000E+00
    19    20   5.7133E+16   6.9137E-01   1.0727E-01   7.6571E-01   0.0000E+00   0.0000E+00
    19    21   4.2960E+16   8.7395E-01   1.0448E-01   9.0543E-01   0.0000E+00   0.0000E+00
    19    22   4.1044E+16   9.2021E-01   1.0176E-01   9.2353E-01   0.0000E+00   0.0000E+00
    19    23   4.1482E+16   9.2856E-01   1.0096E-01   9.3469E-01   0.0000E+00   0.0000E+00
    19    24   4.1977E+16   9.4194E-01   1.0065E-01   9.4714E-01   0.0000E+00   0.0000E+00
    19    25   4.3263E+16   9.4489E-01   1.0258E-01   9.4788E-01   0.0000E+00   0.0000E+00
    19    26   4.4857E+16   9.4903E-01   1.0491E-01   9.5123E-01   0.0000E+00   0.0000E+00
    19    27   4.6783E+16   9.5270E-01   1.0797E-01   9.5570E-01   0.0000E+00   0.0000E+00
    19    28   5.2713E+16   8.9108E-01   1.1418E-01   9.3983E-01   0.0000E+00   0.0000E+00
    19    29   5.2726E+16   8.7952E-01   1.1320E-01   9.3825E-01   0.0000E+00   0.0000E+00
    19    30   2.0419E+16   8.9963E-01   5.9826E-02   9.3317E-01   0.0000E+00   0.0000E+00
    19    31   2.1275E+16   9.1052E-01   6.2365E-02   9.3546E-01   0.0000E+00   0.0000E+00
    19    32   3.2431E+16   9.4633E-01   8.5433E-02   9.5409E-01   0.0000E+00   0.0000E+00
    20     1   2.2105E+15   9.6230E-01   6.1847E-03   9.4821E-01   0.0000E+00   0.0000E+00
    20     2   2.2741E+15   9.6237E-01   6.3617E-03   9.4840E-01   0.0000E+00   0.0000E+00
    20     3   2.3507E+15   9.6242E-01   6.5751E-03   9.4861E-01   0.0000E+00   0.0000E+00
    20     4   2.4382E+15   9.6248E-01   6.8185E-03   9.4884E-01   0.0000E+00   0.0000E+00
    20     5   2.5590E+15   9.6246E-01   7.1538E-03   9.4914E-01   0.0000E+00   0.0000E+00
    20     6   2.6924E+15   9.5485E-01   7.5775E-03   9.3565E-01   0.0000E+00   0.0000E+00
    20     7   2.9109E+15   9.3346E-01   8.3487E-03   8.9945E-01   0.0000E+00   0.0000E+00
    20     8   3.0752E+15   9.4671E-01   8.6421E-03   9.2944E-01   0.0000E+00   0.0000E+00
    20     9   3.3222E+15   9.5648E-01   9.0117E-03   9.7196E-01   0.0000E+00   0.0000E+00
    20    10   3.6531E+15   9.5611E-01   9.8999E-03   9.7248E-01   0.0000E+00   0.0000E+00
    20    11   3.9678E+15   9.5567E-01   1.0741E-02   9.7302E-01   0.0000E+00   0.0000E+00
    20    12   4.3101E+15   9.5529E-01   1.1658E-02   9.7350E-01   0.0000E+00   0.0000E+00
    20    13   4.7077E+15   9.5502E-01   1.2723E-02   9.7396E-01   0.0000E+00   0.0000E+00
    20    14   5.0663E+15   9.5458E-01   1.3680E-02   9.7441E-01   0.0000E+00   0.0000E+00
    20    15   4.4467E+15   9.4338E-01   9.4788E-03   9.6053E-01   0.0000E+00   0.0000E+00
    20    16   4.4194E+15   9.3827E-01   8.6216E-03   9.5417E-01   0.0000E+00   0.0000E+00
    20    17   4.6179E+15   9.3640E-01   8.9935E-03   9.5387E-01   0.0000E+00   0.0000E+00
    20    18   4.8293E+15   9.4968E-01   9.4663E-03   9.6111E-01   0.0000E+00   0.0000E+00
    20    19   5.0507E+15   9.4919E-01   9.8907E-03   9.6148E-01   0.0000E+00   0.0000E+00
    20    20   5.3094E+15   9.4775E-01   1.0383E-02   9.6129E-01   0.0000E+00   0.0000E+00
    20    21   5.5234E+15   9.4611E-01   1.0785E-02   9.6109E-01   0.0000E+00   0.0000E+00
    20    22   5.7444E+15   9.4450E-01   1.1199E-02   9.6088E-01   0.0000E+00   0.0000E+00
    20    23   6.0566E+15   9.4317E-01   1.1794E-02   9.6059E-01   0.0000E+00   0.0000E+00
    20    24   6.2666E+15   9.4145E-01   1.2182E-02   9.6036E-01   0.0000E+00   0.0000E+00
    20    25   6.5263E+15   9.5067E-01   1.2458E-02   9.8723E-01   0.0000E+00   0.0000E+00
    20    26   6.7684E+15   9.5110E-01   1.2858E-02   9.9242E-01   0.0000E+00   0.0000E+00
    20    27   7.0743E+15   9.4967E-01   1.3421E-02   9.9219E-01   0.0000E+00   0.0000E+00
    20    28   7.4010E+15   9.4834E-01   1.4023E-02   9.9196E-01   0.0000E+00   0.0000E+00
    20    29   8.2111E+15   8.8863E-01   1.4717E-02   9.7629E-01   0.0000E+00   0.0000E+00
    20    30   8.5733E+15   8.8804E-01   1.5356E-02   9.7619E-01   0.0000E+00   0.0000E+00
    20    31   8.5016E+15   8.8335E-01   1.5152E-02   9.7505E-01   0.0000E+00   0.0000E+00
    20    32   1.0987E+15   1.0000E+00   3.9414E-04   1.0000E+00   0.0000E+00   0.0000E+00
    21     1   0.0000E+00   0.0000E+00   0.0000E+00   0.0000E+00   0.0000E+00   0.0000E+00
    21     2   0.0000E+00   0.0000E+00   0.0000E+00   0.0000E+00   0.0000E+00   0.0000E+00
    21     3   0.0000E+00   0.0000E+00   0.0000E+00   0.0000E+00   0.0000E+00   0.0000E+00
    21     4   0.0000E+00   0.0000E+00   0.0000E+00   0.0000E+00   0.0000E+00   0.0000E+00
    21     5   0.0000E+00   0.0000E+00   0.0000E+00   0.0000E+00   0.0000E+00   0.0000E+00
    21     6   0.0000E+00   0.0000E+00   0.0000E+00   0.0000E+00   0.0000E+00   0.0000E+00
    21     7   0.0000E+00   0.0000E+00   0.0000E+00   0.0000E+00   0.0000E+00   0.0000E+00
    21     8   0.0000E+00   0.0000E+00   0.0000E+00   0.0000E+00   0.0000E+00   0.0000E+00
    21     9   0.0000E+00   0.0000E+00   0.0000E+00   0.0000E+00   0.0000E+00   0.0000E+00
    21    10   0.0000E+00   0.0000E+00   0.0000E+00   0.0000E+00   0.0000E+00   0.0000E+00
    21    11   0.0000E+00   0.0000E+00   0.0000E+00   0.0000E+00   0.0000E+00   0.0000E+00
    21    12   0.0000E+00   0.0000E+00   0.0000E+00   0.0000E+00   0.0000E+00   0.0000E+00
    21    13   0.0000E+00   0.0000E+00   0.0000E+00   0.0000E+00   0.0000E+00   0.0000E+00
    21    14   0.0000E+00   0.0000E+00   0.0000E+00   0.0000E+00   0.0000E+00   0.0000E+00
    21    15   0.0000E+00   0.0000E+00   0.0000E+00   0.0000E+00   0.0000E+00   0.0000E+00
    21    16   0.0000E+00   0.0000E+00   0.0000E+00   0.0000E+00   0.0000E+00   0.0000E+00
    21    17   0.0000E+00   0.0000E+00   0.0000E+00   0.0000E+00   0.0000E+00   0.0000E+00
    21    18   0.0000E+00   0.0000E+00   0.0000E+00   0.0000E+00   0.0000E+00   0.0000E+00
    21    19   0.0000E+00   0.0000E+00   0.0000E+00   0.0000E+00   0.0000E+00   0.0000E+00
    21    20   0.0000E+00   0.0000E+00   0.0000E+00   0.0000E+00   0.0000E+00   0.0000E+00
    21    21   0.0000E+00   0.0000E+00   0.0000E+00   0.0000E+00   0.0000E+00   0.0000E+00
    21    22   0.0000E+00   0.0000E+00   0.0000E+00   0.0000E+00   0.0000E+00   0.0000E+00
    21    23   0.0000E+00   0.0000E+00   0.0000E+00   0.0000E+00   0.0000E+00   0.0000E+00
    21    24   0.0000E+00   0.0000E+00   0.0000E+00   0.0000E+00   0.0000E+00   0.0000E+00
    21    25   0.0000E+00   0.0000E+00   0.0000E+00   0.0000E+00   0.0000E+00   0.0000E+00
    21    26   0.0000E+00   0.0000E+00   0.0000E+00   0.0000E+00   0.0000E+00   0.0000E+00
    21    27   0.0000E+00   0.0000E+00   0.0000E+00   0.0000E+00   0.0000E+00   0.0000E+00
    21    28   0.0000E+00   0.0000E+00   0.0000E+00   0.0000E+00   0.0000E+00   0.0000E+00
    21    29   0.0000E+00   0.0000E+00   0.0000E+00   0.0000E+00   0.0000E+00   0.0000E+00
    21    30   0.0000E+00   0.0000E+00   0.0000E+00   0.0000E+00   0.0000E+00   0.0000E+00
    21    31   0.0000E+00   0.0000E+00   0.0000E+00   0.0000E+00   0.0000E+00   0.0000E+00
    21    32   0.0000E+00   0.0000E+00   0.0000E+00   0.0000E+00   0.0000E+00   0.0000E+00
    22     1   0.0000E+00   0.0000E+00   0.0000E+00   0.0000E+00   0.0000E+00   0.0000E+00
    22     2   0.0000E+00   0.0000E+00   0.0000E+00   0.0000E+00   0.0000E+00   0.0000E+00
    22     3   0.0000E+00   0.0000E+00   0.0000E+00   0.0000E+00   0.0000E+00   0.0000E+00
    22     4   0.0000E+00   0.0000E+00   0.0000E+00   0.0000E+00   0.0000E+00   0.0000E+00
    22     5   0.0000E+00   0.0000E+00   0.0000E+00   0.0000E+00   0.0000E+00   0.0000E+00
    22     6   0.0000E+00   0.0000E+00   0.0000E+00   0.0000E+00   0.0000E+00   0.0000E+00
    22     7   0.0000E+00   0.0000E+00   0.0000E+00   0.0000E+00   0.0000E+00   0.0000E+00
    22     8   0.0000E+00   0.0000E+00   0.0000E+00   0.0000E+00   0.0000E+00   0.0000E+00
    22     9   0.0000E+00   0.0000E+00   0.0000E+00   0.0000E+00   0.0000E+00   0.0000E+00
    22    10   0.0000E+00   0.0000E+00   0.0000E+00   0.0000E+00   0.0000E+00   0.0000E+00
    22    11   0.0000E+00   0.0000E+00   0.0000E+00   0.0000E+00   0.0000E+00   0.0000E+00
    22    12   0.0000E+00   0.0000E+00   0.0000E+00   0.0000E+00   0.0000E+00   0.0000E+00
    22    13   0.0000E+00   0.0000E+00   0.0000E+00   0.0000E+00   0.0000E+00   0.0000E+00
    22    14   0.0000E+00   0.0000E+00   0.0000E+00   0.0000E+00   0.0000E+00   0.0000E+00
    22    15   0.0000E+00   0.0000E+00   0.0000E+00   0.0000E+00   0.0000E+00   0.0000E+00
    22    16   0.0000E+00   0.0000E+00   0.0000E+00   0.0000E+00   0.0000E+00   0.0000E+00
    22    17   0.0000E+00   0.0000E+00   0.0000E+00   0.0000E+00   0.0000E+00   0.0000E+00
    22    18   0.0000E+00   0.0000E+00   0.0000E+00   0.0000E+00   0.0000E+00   0.0000E+00
    22    19   0.0000E+00   0.0000E+00   0.0000E+00   0.0000E+00   0.0000E+00   0.0000E+00
    22    20   0.0000E+00   0.0000E+00   0.0000E+00   0.0000E+00   0.0000E+00   0.0000E+00
    22    21   0.0000E+00   0.0000E+00   0.0000E+00   0.0000E+00   0.0000E+00   0.0000E+00
    22    22   0.0000E+00   0.0000E+00   0.0000E+00   0.0000E+00   0.0000E+00   0.0000E+00
    22    23   0.0000E+00   0.0000E+00   0.0000E+00   0.0000E+00   0.0000E+00   0.0000E+00
    22    24   0.0000E+00   0.0000E+00   0.0000E+00   0.0000E+00   0.0000E+00   0.0000E+00
    22    25   0.0000E+00   0.0000E+00   0.0000E+00   0.0000E+00   0.0000E+00   0.0000E+00
    22    26   0.0000E+00   0.0000E+00   0.0000E+00   0.0000E+00   0.0000E+00   0.0000E+00
    22    27   0.0000E+00   0.0000E+00   0.0000E+00   0.0000E+00   0.0000E+00   0.0000E+00
    22    28   0.0000E+00   0.0000E+00   0.0000E+00   0.0000E+00   0.0000E+00   0.0000E+00
    22    29   0.0000E+00   0.0000E+00   0.0000E+00   0.0000E+00   0.0000E+00   0.0000E+00
    22    30   0.0000E+00   0.0000E+00   0.0000E+00   0.0000E+00   0.0000E+00   0.0000E+00
    22    31   0.0000E+00   0.0000E+00   0.0000E+00   0.0000E+00   0.0000E+00   0.0000E+00
    22    32   0.0000E+00   0.0000E+00   0.0000E+00   0.0000E+00   0.0000E+00   0.0000E+00
    23     1   0.0000E+00   0.0000E+00   0.0000E+00   0.0000E+00   0.0000E+00   0.0000E+00
    23     2   0.0000E+00   0.0000E+00   0.0000E+00   0.0000E+00   0.0000E+00   0.0000E+00
    23     3   0.0000E+00   0.0000E+00   0.0000E+00   0.0000E+00   0.0000E+00   0.0000E+00
    23     4   0.0000E+00   0.0000E+00   0.0000E+00   0.0000E+00   0.0000E+00   0.0000E+00
    23     5   0.0000E+00   0.0000E+00   0.0000E+00   0.0000E+00   0.0000E+00   0.0000E+00
    23     6   0.0000E+00   0.0000E+00   0.0000E+00   0.0000E+00   0.0000E+00   0.0000E+00
    23     7   0.0000E+00   0.0000E+00   0.0000E+00   0.0000E+00   0.0000E+00   0.0000E+00
    23     8   0.0000E+00   0.0000E+00   0.0000E+00   0.0000E+00   0.0000E+00   0.0000E+00
    23     9   0.0000E+00   0.0000E+00   0.0000E+00   0.0000E+00   0.0000E+00   0.0000E+00
    23    10   0.0000E+00   0.0000E+00   0.0000E+00   0.0000E+00   0.0000E+00   0.0000E+00
    23    11   0.0000E+00   0.0000E+00   0.0000E+00   0.0000E+00   0.0000E+00   0.0000E+00
    23    12   0.0000E+00   0.0000E+00   0.0000E+00   0.0000E+00   0.0000E+00   0.0000E+00
    23    13   0.0000E+00   0.0000E+00   0.0000E+00   0.0000E+00   0.0000E+00   0.0000E+00
    23    14   0.0000E+00   0.0000E+00   0.0000E+00   0.0000E+00   0.0000E+00   0.0000E+00
    23    15   0.0000E+00   0.0000E+00   0.0000E+00   0.0000E+00   0.0000E+00   0.0000E+00
    23    16   0.0000E+00   0.0000E+00   0.0000E+00   0.0000E+00   0.0000E+00   0.0000E+00
    23    17   0.0000E+00   0.0000E+00   0.0000E+00   0.0000E+00   0.0000E+00   0.0000E+00
    23    18   0.0000E+00   0.0000E+00   0.0000E+00   0.0000E+00   0.0000E+00   0.0000E+00
    23    19   0.0000E+00   0.0000E+00   0.0000E+00   0.0000E+00   0.0000E+00   0.0000E+00
    23    20   0.0000E+00   0.0000E+00   0.0000E+00   0.0000E+00   0.0000E+00   0.0000E+00
    23    21   0.0000E+00   0.0000E+00   0.0000E+00   0.0000E+00   0.0000E+00   0.0000E+00
    23    22   0.0000E+00   0.0000E+00   0.0000E+00   0.0000E+00   0.0000E+00   0.0000E+00
    23    23   0.0000E+00   0.0000E+00   0.0000E+00   0.0000E+00   0.0000E+00   0.0000E+00
    23    24   0.0000E+00   0.0000E+00   0.0000E+00   0.0000E+00   0.0000E+00   0.0000E+00
    23    25   0.0000E+00   0.0000E+00   0.0000E+00   0.0000E+00   0.0000E+00   0.0000E+00
    23    26   0.0000E+00   0.0000E+00   0.0000E+00   0.0000E+00   0.0000E+00   0.0000E+00
    23    27   0.0000E+00   0.0000E+00   0.0000E+00   0.0000E+00   0.0000E+00   0.0000E+00
    23    28   0.0000E+00   0.0000E+00   0.0000E+00   0.0000E+00   0.0000E+00   0.0000E+00
    23    29   0.0000E+00   0.0000E+00   0.0000E+00   0.0000E+00   0.0000E+00   0.0000E+00
    23    30   0.0000E+00   0.0000E+00   0.0000E+00   0.0000E+00   0.0000E+00   0.0000E+00
    23    31   0.0000E+00   0.0000E+00   0.0000E+00   0.0000E+00   0.0000E+00   0.0000E+00
    23    32   0.0000E+00   0.0000E+00   0.0000E+00   0.0000E+00   0.0000E+00   0.0000E+00
    24     1   0.0000E+00   0.0000E+00   0.0000E+00   0.0000E+00   0.0000E+00   0.0000E+00
    24     2   0.0000E+00   0.0000E+00   0.0000E+00   0.0000E+00   0.0000E+00   0.0000E+00
    24     3   0.0000E+00   0.0000E+00   0.0000E+00   0.0000E+00   0.0000E+00   0.0000E+00
    24     4   0.0000E+00   0.0000E+00   0.0000E+00   0.0000E+00   0.0000E+00   0.0000E+00
    24     5   0.0000E+00   0.0000E+00   0.0000E+00   0.0000E+00   0.0000E+00   0.0000E+00
    24     6   0.0000E+00   0.0000E+00   0.0000E+00   0.0000E+00   0.0000E+00   0.0000E+00
    24     7   0.0000E+00   0.0000E+00   0.0000E+00   0.0000E+00   0.0000E+00   0.0000E+00
    24     8   0.0000E+00   0.0000E+00   0.0000E+00   0.0000E+00   0.0000E+00   0.0000E+00
    24     9   0.0000E+00   0.0000E+00   0.0000E+00   0.0000E+00   0.0000E+00   0.0000E+00
    24    10   0.0000E+00   0.0000E+00   0.0000E+00   0.0000E+00   0.0000E+00   0.0000E+00
    24    11   0.0000E+00   0.0000E+00   0.0000E+00   0.0000E+00   0.0000E+00   0.0000E+00
    24    12   0.0000E+00   0.0000E+00   0.0000E+00   0.0000E+00   0.0000E+00   0.0000E+00
    24    13   0.0000E+00   0.0000E+00   0.0000E+00   0.0000E+00   0.0000E+00   0.0000E+00
    24    14   0.0000E+00   0.0000E+00   0.0000E+00   0.0000E+00   0.0000E+00   0.0000E+00
    24    15   0.0000E+00   0.0000E+00   0.0000E+00   0.0000E+00   0.0000E+00   0.0000E+00
    24    16   0.0000E+00   0.0000E+00   0.0000E+00   0.0000E+00   0.0000E+00   0.0000E+00
    24    17   0.0000E+00   0.0000E+00   0.0000E+00   0.0000E+00   0.0000E+00   0.0000E+00
    24    18   0.0000E+00   0.0000E+00   0.0000E+00   0.0000E+00   0.0000E+00   0.0000E+00
    24    19   0.0000E+00   0.0000E+00   0.0000E+00   0.0000E+00   0.0000E+00   0.0000E+00
    24    20   0.0000E+00   0.0000E+00   0.0000E+00   0.0000E+00   0.0000E+00   0.0000E+00
    24    21   0.0000E+00   0.0000E+00   0.0000E+00   0.0000E+00   0.0000E+00   0.0000E+00
    24    22   0.0000E+00   0.0000E+00   0.0000E+00   0.0000E+00   0.0000E+00   0.0000E+00
    24    23   0.0000E+00   0.0000E+00   0.0000E+00   0.0000E+00   0.0000E+00   0.0000E+00
    24    24   0.0000E+00   0.0000E+00   0.0000E+00   0.0000E+00   0.0000E+00   0.0000E+00
    24    25   0.0000E+00   0.0000E+00   0.0000E+00   0.0000E+00   0.0000E+00   0.0000E+00
    24    26   0.0000E+00   0.0000E+00   0.0000E+00   0.0000E+00   0.0000E+00   0.0000E+00
    24    27   0.0000E+00   0.0000E+00   0.0000E+00   0.0000E+00   0.0000E+00   0.0000E+00
    24    28   0.0000E+00   0.0000E+00   0.0000E+00   0.0000E+00   0.0000E+00   0.0000E+00
    24    29   0.0000E+00   0.0000E+00   0.0000E+00   0.0000E+00   0.0000E+00   0.0000E+00
    24    30   0.0000E+00   0.0000E+00   0.0000E+00   0.0000E+00   0.0000E+00   0.0000E+00
    24    31   0.0000E+00   0.0000E+00   0.0000E+00   0.0000E+00   0.0000E+00   0.0000E+00
    24    32   0.0000E+00   0.0000E+00   0.0000E+00   0.0000E+00   0.0000E+00   0.0000E+00
    25     1   0.0000E+00   0.0000E+00   0.0000E+00   0.0000E+00   0.0000E+00   0.0000E+00
    25     2   0.0000E+00   0.0000E+00   0.0000E+00   0.0000E+00   0.0000E+00   0.0000E+00
    25     3   0.0000E+00   0.0000E+00   0.0000E+00   0.0000E+00   0.0000E+00   0.0000E+00
    25     4   0.0000E+00   0.0000E+00   0.0000E+00   0.0000E+00   0.0000E+00   0.0000E+00
    25     5   0.0000E+00   0.0000E+00   0.0000E+00   0.0000E+00   0.0000E+00   0.0000E+00
    25     6   0.0000E+00   0.0000E+00   0.0000E+00   0.0000E+00   0.0000E+00   0.0000E+00
    25     7   0.0000E+00   0.0000E+00   0.0000E+00   0.0000E+00   0.0000E+00   0.0000E+00
    25     8   0.0000E+00   0.0000E+00   0.0000E+00   0.0000E+00   0.0000E+00   0.0000E+00
    25     9   0.0000E+00   0.0000E+00   0.0000E+00   0.0000E+00   0.0000E+00   0.0000E+00
    25    10   0.0000E+00   0.0000E+00   0.0000E+00   0.0000E+00   0.0000E+00   0.0000E+00
    25    11   0.0000E+00   0.0000E+00   0.0000E+00   0.0000E+00   0.0000E+00   0.0000E+00
    25    12   0.0000E+00   0.0000E+00   0.0000E+00   0.0000E+00   0.0000E+00   0.0000E+00
    25    13   0.0000E+00   0.0000E+00   0.0000E+00   0.0000E+00   0.0000E+00   0.0000E+00
    25    14   0.0000E+00   0.0000E+00   0.0000E+00   0.0000E+00   0.0000E+00   0.0000E+00
    25    15   0.0000E+00   0.0000E+00   0.0000E+00   0.0000E+00   0.0000E+00   0.0000E+00
    25    16   0.0000E+00   0.0000E+00   0.0000E+00   0.0000E+00   0.0000E+00   0.0000E+00
    25    17   0.0000E+00   0.0000E+00   0.0000E+00   0.0000E+00   0.0000E+00   0.0000E+00
    25    18   0.0000E+00   0.0000E+00   0.0000E+00   0.0000E+00   0.0000E+00   0.0000E+00
    25    19   0.0000E+00   0.0000E+00   0.0000E+00   0.0000E+00   0.0000E+00   0.0000E+00
    25    20   0.0000E+00   0.0000E+00   0.0000E+00   0.0000E+00   0.0000E+00   0.0000E+00
    25    21   0.0000E+00   0.0000E+00   0.0000E+00   0.0000E+00   0.0000E+00   0.0000E+00
    25    22   0.0000E+00   0.0000E+00   0.0000E+00   0.0000E+00   0.0000E+00   0.0000E+00
    25    23   0.0000E+00   0.0000E+00   0.0000E+00   0.0000E+00   0.0000E+00   0.0000E+00
    25    24   0.0000E+00   0.0000E+00   0.0000E+00   0.0000E+00   0.0000E+00   0.0000E+00
    25    25   0.0000E+00   0.0000E+00   0.0000E+00   0.0000E+00   0.0000E+00   0.0000E+00
    25    26   0.0000E+00   0.0000E+00   0.0000E+00   0.0000E+00   0.0000E+00   0.0000E+00
    25    27   0.0000E+00   0.0000E+00   0.0000E+00   0.0000E+00   0.0000E+00   0.0000E+00
    25    28   0.0000E+00   0.0000E+00   0.0000E+00   0.0000E+00   0.0000E+00   0.0000E+00
    25    29   0.0000E+00   0.0000E+00   0.0000E+00   0.0000E+00   0.0000E+00   0.0000E+00
    25    30   0.0000E+00   0.0000E+00   0.0000E+00   0.0000E+00   0.0000E+00   0.0000E+00
    25    31   0.0000E+00   0.0000E+00   0.0000E+00   0.0000E+00   0.0000E+00   0.0000E+00
    25    32   0.0000E+00   0.0000E+00   0.0000E+00   0.0000E+00   0.0000E+00   0.0000E+00
    26     1   0.0000E+00   0.0000E+00   0.0000E+00   0.0000E+00   0.0000E+00   0.0000E+00
    26     2   0.0000E+00   0.0000E+00   0.0000E+00   0.0000E+00   0.0000E+00   0.0000E+00
    26     3   0.0000E+00   0.0000E+00   0.0000E+00   0.0000E+00   0.0000E+00   0.0000E+00
    26     4   0.0000E+00   0.0000E+00   0.0000E+00   0.0000E+00   0.0000E+00   0.0000E+00
    26     5   0.0000E+00   0.0000E+00   0.0000E+00   0.0000E+00   0.0000E+00   0.0000E+00
    26     6   0.0000E+00   0.0000E+00   0.0000E+00   0.0000E+00   0.0000E+00   0.0000E+00
    26     7   0.0000E+00   0.0000E+00   0.0000E+00   0.0000E+00   0.0000E+00   0.0000E+00
    26     8   0.0000E+00   0.0000E+00   0.0000E+00   0.0000E+00   0.0000E+00   0.0000E+00
    26     9   0.0000E+00   0.0000E+00   0.0000E+00   0.0000E+00   0.0000E+00   0.0000E+00
    26    10   0.0000E+00   0.0000E+00   0.0000E+00   0.0000E+00   0.0000E+00   0.0000E+00
    26    11   0.0000E+00   0.0000E+00   0.0000E+00   0.0000E+00   0.0000E+00   0.0000E+00
    26    12   0.0000E+00   0.0000E+00   0.0000E+00   0.0000E+00   0.0000E+00   0.0000E+00
    26    13   0.0000E+00   0.0000E+00   0.0000E+00   0.0000E+00   0.0000E+00   0.0000E+00
    26    14   0.0000E+00   0.0000E+00   0.0000E+00   0.0000E+00   0.0000E+00   0.0000E+00
    26    15   0.0000E+00   0.0000E+00   0.0000E+00   0.0000E+00   0.0000E+00   0.0000E+00
    26    16   0.0000E+00   0.0000E+00   0.0000E+00   0.0000E+00   0.0000E+00   0.0000E+00
    26    17   0.0000E+00   0.0000E+00   0.0000E+00   0.0000E+00   0.0000E+00   0.0000E+00
    26    18   0.0000E+00   0.0000E+00   0.0000E+00   0.0000E+00   0.0000E+00   0.0000E+00
    26    19   0.0000E+00   0.0000E+00   0.0000E+00   0.0000E+00   0.0000E+00   0.0000E+00
    26    20   0.0000E+00   0.0000E+00   0.0000E+00   0.0000E+00   0.0000E+00   0.0000E+00
    26    21   0.0000E+00   0.0000E+00   0.0000E+00   0.0000E+00   0.0000E+00   0.0000E+00
    26    22   0.0000E+00   0.0000E+00   0.0000E+00   0.0000E+00   0.0000E+00   0.0000E+00
    26    23   0.0000E+00   0.0000E+00   0.0000E+00   0.0000E+00   0.0000E+00   0.0000E+00
    26    24   0.0000E+00   0.0000E+00   0.0000E+00   0.0000E+00   0.0000E+00   0.0000E+00
    26    25   0.0000E+00   0.0000E+00   0.0000E+00   0.0000E+00   0.0000E+00   0.0000E+00
    26    26   0.0000E+00   0.0000E+00   0.0000E+00   0.0000E+00   0.0000E+00   0.0000E+00
    26    27   0.0000E+00   0.0000E+00   0.0000E+00   0.0000E+00   0.0000E+00   0.0000E+00
    26    28   0.0000E+00   0.0000E+00   0.0000E+00   0.0000E+00   0.0000E+00   0.0000E+00
    26    29   0.0000E+00   0.0000E+00   0.0000E+00   0.0000E+00   0.0000E+00   0.0000E+00
    26    30   0.0000E+00   0.0000E+00   0.0000E+00   0.0000E+00   0.0000E+00   0.0000E+00
    26    31   0.0000E+00   0.0000E+00   0.0000E+00   0.0000E+00   0.0000E+00   0.0000E+00
    26    32   0.0000E+00   0.0000E+00   0.0000E+00   0.0000E+00   0.0000E+00   0.0000E+00
    27     1   6.3424E+12   1.0000E+00   2.8374E-05   1.0000E+00   0.0000E+00   0.0000E+00
    27     2   6.4665E+12   1.0000E+00   2.8929E-05   1.0000E+00   0.0000E+00   0.0000E+00
    27     3   1.3212E+13   1.0000E+00   1.9859E-05   1.0000E+00   0.0000E+00   0.0000E+00
    27     4   1.7672E+13   1.0000E+00   1.4875E-05   1.0000E+00   0.0000E+00   0.0000E+00
    27     5   1.8450E+13   1.0000E+00   1.5530E-05   1.0000E+00   0.0000E+00   0.0000E+00
    27     6   1.9433E+13   1.0000E+00   1.6357E-05   1.0000E+00   0.0000E+00   0.0000E+00
    27     7   2.0524E+13   1.0000E+00   1.7275E-05   1.0000E+00   0.0000E+00   0.0000E+00
    27     8   2.2161E+13   1.0000E+00   1.8654E-05   1.0000E+00   0.0000E+00   0.0000E+00
    27     9   2.3349E+13   1.0000E+00   1.9654E-05   1.0000E+00   0.0000E+00   0.0000E+00
    27    10   2.5327E+13   1.0000E+00   2.1318E-05   1.0000E+00   0.0000E+00   0.0000E+00
    27    11   2.6531E+13   1.0000E+00   2.2332E-05   1.0000E+00   0.0000E+00   0.0000E+00
    27    12   1.4353E+13   1.0000E+00   1.2081E-05   1.0000E+00   0.0000E+00   0.0000E+00
    27    13   1.5293E+13   1.0000E+00   1.2872E-05   1.0000E+00   0.0000E+00   0.0000E+00
    27    14   1.6245E+13   1.0000E+00   1.3674E-05   1.0000E+00   0.0000E+00   0.0000E+00
    27    15   1.7324E+13   1.0000E+00   1.4583E-05   1.0000E+00   0.0000E+00   0.0000E+00
    27    16   1.8221E+13   1.0000E+00   1.5337E-05   1.0000E+00   0.0000E+00   0.0000E+00
    27    17   1.9433E+13   1.0000E+00   1.6357E-05   1.0000E+00   0.0000E+00   0.0000E+00
    27    18   2.0032E+13   1.0000E+00   1.6862E-05   1.0000E+00   0.0000E+00   0.0000E+00
    27    19   2.1394E+13   1.0000E+00   1.8008E-05   1.0000E+00   0.0000E+00   0.0000E+00
    27    20   2.2663E+13   1.0000E+00   1.9076E-05   1.0000E+00   0.0000E+00   0.0000E+00
    27    21   2.3379E+13   1.0000E+00   1.9679E-05   1.0000E+00   0.0000E+00   0.0000E+00
    27    22   2.4574E+13   1.0000E+00   2.0685E-05   1.0000E+00   0.0000E+00   0.0000E+00
    27    23   2.5740E+13   1.0000E+00   2.1666E-05   1.0000E+00   0.0000E+00   0.0000E+00
    27    24   1.3496E+13   1.0000E+00   1.1360E-05   1.0000E+00   0.0000E+00   0.0000E+00
    27    25   1.3864E+13   1.0000E+00   1.1669E-05   1.0000E+00   0.0000E+00   0.0000E+00
    27    26   1.4323E+13   1.0000E+00   1.2056E-05   1.0000E+00   0.0000E+00   0.0000E+00
    27    27   1.4831E+13   1.0000E+00   1.2484E-05   1.0000E+00   0.0000E+00   0.0000E+00
    27    28   1.5266E+13   1.0000E+00   1.2850E-05   1.0000E+00   0.0000E+00   0.0000E+00
    27    29   1.5508E+13   1.0000E+00   1.3054E-05   1.0000E+00   0.0000E+00   0.0000E+00
    27    30   1.5833E+13   1.0000E+00   1.3327E-05   1.0000E+00   0.0000E+00   0.0000E+00
    27    31   1.5952E+13   1.0000E+00   1.3428E-05   1.0000E+00   0.0000E+00   0.0000E+00
    27    32   1.6024E+13   1.0000E+00   1.3488E-05   1.0000E+00   0.0000E+00   0.0000E+00
    28     1   1.1644E+15   1.0000E+00   5.5027E-04   1.0000E+00   0.0000E+00   0.0000E+00
    28     2   1.1967E+15   1.0000E+00   5.6552E-04   1.0000E+00   0.0000E+00   0.0000E+00
    28     3   1.2308E+15   1.0000E+00   5.8165E-04   1.0000E+00   0.0000E+00   0.0000E+00
    28     4   1.2687E+15   1.0000E+00   5.9954E-04   1.0000E+00   0.0000E+00   0.0000E+00
    28     5   1.3150E+15   1.0000E+00   6.2144E-04   1.0000E+00   0.0000E+00   0.0000E+00
    28     6   1.3676E+15   1.0000E+00   6.4627E-04   1.0000E+00   0.0000E+00   0.0000E+00
    28     7   1.4451E+15   1.0000E+00   6.8292E-04   1.0000E+00   0.0000E+00   0.0000E+00
    28     8   1.5630E+15   1.0000E+00   7.3863E-04   1.0000E+00   0.0000E+00   0.0000E+00
    28     9   1.6924E+15   1.0000E+00   7.9979E-04   1.0000E+00   0.0000E+00   0.0000E+00
    28    10   1.8345E+15   1.0000E+00   8.6694E-04   1.0000E+00   0.0000E+00   0.0000E+00
    28    11   1.9381E+15   1.0000E+00   9.1587E-04   1.0000E+00   0.0000E+00   0.0000E+00
    28    12   2.0827E+15   1.0000E+00   9.8424E-04   1.0000E+00   0.0000E+00   0.0000E+00
    28    13   2.2171E+15   1.0000E+00   1.0477E-03   1.0000E+00   0.0000E+00   0.0000E+00
    28    14   2.3417E+15   1.0000E+00   1.1066E-03   1.0000E+00   0.0000E+00   0.0000E+00
    28    15   2.4833E+15   1.0000E+00   1.1736E-03   1.0000E+00   0.0000E+00   0.0000E+00
    28    16   2.6236E+15   1.0000E+00   1.2398E-03   1.0000E+00   0.0000E+00   0.0000E+00
    28    17   2.7923E+15   1.0000E+00   1.3195E-03   1.0000E+00   0.0000E+00   0.0000E+00
    28    18   2.9007E+15   1.0000E+00   1.3708E-03   1.0000E+00   0.0000E+00   0.0000E+00
    28    19   3.0974E+15   1.0000E+00   1.4638E-03   1.0000E+00   0.0000E+00   0.0000E+00
    28    20   3.2887E+15   1.0000E+00   1.5541E-03   1.0000E+00   0.0000E+00   0.0000E+00
    28    21   3.4107E+15   1.0000E+00   1.6118E-03   1.0000E+00   0.0000E+00   0.0000E+00
    28    22   3.5473E+15   1.0000E+00   1.6763E-03   1.0000E+00   0.0000E+00   0.0000E+00
    28    23   3.6692E+15   1.0000E+00   1.7339E-03   1.0000E+00   0.0000E+00   0.0000E+00
    28    24   3.8537E+15   1.0000E+00   1.8212E-03   1.0000E+00   0.0000E+00   0.0000E+00
    28    25   3.9366E+15   1.0000E+00   1.8603E-03   1.0000E+00   0.0000E+00   0.0000E+00
    28    26   4.0613E+15   1.0000E+00   1.9192E-03   1.0000E+00   0.0000E+00   0.0000E+00
    28    27   4.2550E+15   9.9829E-01   2.0289E-03   9.8934E-01   0.0000E+00   0.0000E+00
    28    28   4.4090E+15   9.9471E-01   2.1408E-03   9.6833E-01   0.0000E+00   0.0000E+00
    28    29   4.4892E+15   9.9470E-01   2.1786E-03   9.6885E-01   0.0000E+00   0.0000E+00
    28    30   4.6072E+15   9.9479E-01   2.2336E-03   9.6989E-01   0.0000E+00   0.0000E+00
    28    31   4.6838E+15   9.9009E-01   2.2745E-03   9.6385E-01   0.0000E+00   0.0000E+00
    28    32   4.7994E+15   9.7954E-01   2.3403E-03   9.5014E-01   0.0000E+00   0.0000E+00
    29     1   1.7280E+15   6.2810E-01   2.5620E-03   6.8163E-01   0.0000E+00   0.0000E+00
    29     2   1.7708E+15   6.2959E-01   2.6045E-03   6.7869E-01   0.0000E+00   0.0000E+00
    29     3   1.8167E+15   6.3096E-01   2.6486E-03   6.7689E-01   0.0000E+00   0.0000E+00
    29     4   1.8725E+15   6.3285E-01   2.7024E-03   6.7395E-01   0.0000E+00   0.0000E+00
    29     5   1.9387E+15   6.3521E-01   2.7659E-03   6.7033E-01   0.0000E+00   0.0000E+00
    29     6   2.0114E+15   6.3734E-01   2.8332E-03   6.6834E-01   0.0000E+00   0.0000E+00
    29     7   2.0912E+15   6.3857E-01   2.9031E-03   6.6964E-01   0.0000E+00   0.0000E+00
    29     8   2.3224E+15   6.0202E-01   3.8455E-03   5.6765E-01   0.0000E+00   0.0000E+00
    29     9   2.3663E+15   6.3166E-01   3.1979E-03   6.6166E-01   0.0000E+00   0.0000E+00
    29    10   2.5387E+15   6.3818E-01   3.3307E-03   6.7185E-01   0.0000E+00   0.0000E+00
    29    11   2.7806E+15   6.4068E-01   3.5649E-03   6.5957E-01   0.0000E+00   0.0000E+00
    29    12   3.0428E+15   6.3944E-01   3.8875E-03   6.3488E-01   0.0000E+00   0.0000E+00
    29    13   3.3136E+15   6.3870E-01   4.2014E-03   6.1674E-01   0.0000E+00   0.0000E+00
    29    14   3.5603E+15   6.4277E-01   4.4152E-03   6.1323E-01   0.0000E+00   0.0000E+00
    29    15   4.1641E+15   6.2558E-01   4.3173E-03   6.1124E-01   0.0000E+00   0.0000E+00
    29    16   6.3143E+15   6.3952E-01   3.3671E-03   5.7643E-01   0.0000E+00   0.0000E+00
    29    17   6.8371E+15   6.3983E-01   3.6094E-03   5.8129E-01   0.0000E+00   0.0000E+00
    29    18   7.4223E+15   6.4094E-01   3.8837E-03   5.8610E-01   0.0000E+00   0.0000E+00
    29    19   8.0678E+15   6.4068E-01   4.2096E-03   5.8740E-01   0.0000E+00   0.0000E+00
    29    20   8.8851E+15   6.3084E-01   5.0997E-03   5.3456E-01   0.0000E+00   0.0000E+00
    29    21   9.5205E+15   6.2812E-01   5.3845E-03   5.4067E-01   0.0000E+00   0.0000E+00
    29    22   1.0206E+16   6.2652E-01   5.7375E-03   5.4248E-01   0.0000E+00   0.0000E+00
    29    23   1.0847E+16   6.2413E-01   6.0705E-03   5.4330E-01   0.0000E+00   0.0000E+00
    29    24   1.1439E+16   6.2113E-01   6.3796E-03   5.4338E-01   0.0000E+00   0.0000E+00
    29    25   1.2114E+16   6.2006E-01   6.7143E-03   5.4548E-01   0.0000E+00   0.0000E+00
    29    26   1.2939E+16   6.1623E-01   7.1621E-03   5.4229E-01   0.0000E+00   0.0000E+00
    29    27   1.3708E+16   6.1073E-01   7.4525E-03   5.4684E-01   0.0000E+00   0.0000E+00
    29    28   1.4445E+16   6.0917E-01   7.7950E-03   5.4956E-01   0.0000E+00   0.0000E+00
    29    29   1.5174E+16   6.0760E-01   8.1505E-03   5.5089E-01   0.0000E+00   0.0000E+00
    29    30   1.5684E+16   6.0859E-01   8.4167E-03   5.5288E-01   0.0000E+00   0.0000E+00
    29    31   1.6212E+16   6.0714E-01   8.6807E-03   5.5330E-01   0.0000E+00   0.0000E+00
    29    32   1.6754E+16   6.0099E-01   8.9129E-03   5.5172E-01   0.0000E+00   0.0000E+00
    30     1   9.7074E+14   9.6566E-01   2.4377E-03   9.5179E-01   0.0000E+00   0.0000E+00
    30     2   9.9189E+14   9.6598E-01   2.4903E-03   9.5229E-01   0.0000E+00   0.0000E+00
    30     3   1.0128E+15   9.7341E-01   2.5421E-03   9.5991E-01   0.0000E+00   0.0000E+00
    30     4   1.0434E+15   9.7350E-01   2.6180E-03   9.6026E-01   0.0000E+00   0.0000E+00
    30     5   1.0768E+15   9.7369E-01   2.7011E-03   9.6074E-01   0.0000E+00   0.0000E+00
    30     6   1.1339E+15   9.5639E-01   2.8075E-03   9.5582E-01   0.0000E+00   0.0000E+00
    30     7   1.2384E+15   9.1133E-01   2.9584E-03   9.4184E-01   0.0000E+00   0.0000E+00
    30     8   1.3435E+15   8.8056E-01   3.4100E-03   8.6293E-01   0.0000E+00   0.0000E+00
    30     9   1.4357E+15   8.7768E-01   3.6375E-03   8.6161E-01   0.0000E+00   0.0000E+00
    30    10   1.6610E+15   8.3129E-01   4.4081E-03   7.8350E-01   0.0000E+00   0.0000E+00
    30    11   1.8488E+15   8.1576E-01   4.9274E-03   7.6753E-01   0.0000E+00   0.0000E+00
    30    12   2.0536E+15   7.9415E-01   5.4398E-03   7.5130E-01   0.0000E+00   0.0000E+00
    30    13   2.3230E+15   7.5496E-01   6.3133E-03   6.9989E-01   0.0000E+00   0.0000E+00
    30    14   2.5503E+15   7.3863E-01   6.5808E-03   7.1201E-01   0.0000E+00   0.0000E+00
    30    15   2.9123E+15   6.9492E-01   7.4016E-03   6.8409E-01   0.0000E+00   0.0000E+00
    30    16   3.2548E+15   6.7462E-01   7.6646E-03   7.0199E-01   0.0000E+00   0.0000E+00
    30    17   3.2826E+15   7.1061E-01   7.5704E-03   7.4955E-01   0.0000E+00   0.0000E+00
    30    18   3.5046E+15   7.1095E-01   8.0045E-03   7.5548E-01   0.0000E+00   0.0000E+00
    30    19   3.7589E+15   7.1529E-01   8.4071E-03   7.7362E-01   0.0000E+00   0.0000E+00
    30    20   3.9136E+15   7.3245E-01   8.4475E-03   8.1858E-01   0.0000E+00   0.0000E+00
    30    21   4.1537E+15   7.3352E-01   8.8656E-03   8.2737E-01   0.0000E+00   0.0000E+00
    30    22   4.0171E+15   7.7495E-01   9.0887E-03   8.3946E-01   0.0000E+00   0.0000E+00
    30    23   4.1666E+15   7.7750E-01   9.2337E-03   8.5901E-01   0.0000E+00   0.0000E+00
    30    24   4.3379E+15   7.7039E-01   8.7945E-03   9.2468E-01   0.0000E+00   0.0000E+00
    30    25   4.5421E+15   7.6542E-01   9.1446E-03   9.2426E-01   0.0000E+00   0.0000E+00
    30    26   4.7226E+15   7.6291E-01   9.4279E-03   9.2796E-01   0.0000E+00   0.0000E+00
    30    27   4.8638E+15   7.7661E-01   9.9199E-03   9.2389E-01   0.0000E+00   0.0000E+00
    30    28   4.2427E+15   7.6686E-01   8.5871E-03   9.1131E-01   0.0000E+00   0.0000E+00
    30    29   1.0205E+15   7.8685E-01   7.7792E-04   5.6436E-01   0.0000E+00   0.0000E+00
    30    30   1.0762E+15   7.8698E-01   8.1147E-04   5.6904E-01   0.0000E+00   0.0000E+00
    30    31   1.2403E+15   7.1987E-01   9.3577E-04   5.2453E-01   0.0000E+00   0.0000E+00
    30    32   1.2329E+15   7.3759E-01   8.9174E-04   5.5827E-01   0.0000E+00   0.0000E+00
    31     1   1.6008E+15   5.3264E-01   5.0109E-03   5.3294E-01   0.0000E+00   0.0000E+00
    31     2   1.8152E+15   5.0891E-01   6.5274E-03   4.7208E-01   0.0000E+00   0.0000E+00
    31     3   1.7949E+15   5.4717E-01   5.6394E-03   5.2274E-01   0.0000E+00   0.0000E+00
    31     4   1.9864E+15   5.3815E-01   6.1250E-03   5.1358E-01   0.0000E+00   0.0000E+00
    31     5   2.1611E+15   5.4530E-01   6.2302E-03   5.3928E-01   0.0000E+00   0.0000E+00
    31     6   5.4269E+15   4.5654E-01   1.9322E-02   5.2299E-01   0.0000E+00   0.0000E+00
    31     7   9.3431E+15   5.1697E-01   3.9201E-02   6.5026E-01   0.0000E+00   0.0000E+00
    31     8   8.5417E+15   5.1634E-01   4.2297E-02   6.5924E-01   0.0000E+00   0.0000E+00
    31     9   8.6578E+15   4.9345E-01   3.5432E-02   5.9332E-01   0.0000E+00   0.0000E+00
    31    10   6.2655E+15   5.0131E-01   2.0749E-02   5.0411E-01   0.0000E+00   0.0000E+00
    31    11   4.3441E+15   7.5582E-01   7.9893E-03   6.8278E-01   0.0000E+00   0.0000E+00
    31    12   5.5252E+15   7.4089E-01   6.7269E-03   6.0760E-01   0.0000E+00   0.0000E+00
    31    13   7.1284E+15   7.1708E-01   5.6817E-03   5.5940E-01   0.0000E+00   0.0000E+00
    31    14   8.4697E+15   7.2134E-01   6.7848E-03   5.5475E-01   0.0000E+00   0.0000E+00
    31    15   8.9368E+15   7.8207E-01   7.1441E-03   5.8914E-01   0.0000E+00   0.0000E+00
    31    16   8.7695E+15   9.2601E-01   7.1409E-03   6.7677E-01   0.0000E+00   0.0000E+00
    31    17   3.3411E+15   7.8851E-01   4.4320E-03   4.9696E-01   0.0000E+00   0.0000E+00
    31    18   7.8086E+14   5.7128E-01   3.2426E-03   6.1507E-01   0.0000E+00   0.0000E+00
    31    19   6.5709E+14   5.7942E-01   2.4681E-03   6.5284E-01   0.0000E+00   0.0000E+00
    31    20   2.0468E+14   5.3943E-01   6.5087E-04   5.2311E-01   0.0000E+00   0.0000E+00
    31    21   1.5512E+14   5.3760E-01   4.2712E-04   5.4085E-01   0.0000E+00   0.0000E+00
    31    22   5.2013E+14   6.8169E-01   6.4602E-04   4.9780E-01   0.0000E+00   0.0000E+00
    31    23   6.4414E+14   7.1151E-01   8.0230E-04   5.0041E-01   0.0000E+00   0.0000E+00
    31    24   6.4831E+14   7.7990E-01   6.8152E-04   5.7565E-01   0.0000E+00   0.0000E+00
    31    25   7.0726E+14   7.8540E-01   7.1873E-04   5.7419E-01   0.0000E+00   0.0000E+00
    31    26   7.7841E+14   7.7240E-01   7.9991E-04   5.4535E-01   0.0000E+00   0.0000E+00
    31    27   9.5531E+14   6.9731E-01   7.0911E-04   5.3901E-01   0.0000E+00   0.0000E+00
    31    28   2.0373E+15   5.4798E-01   2.5303E-03   7.4151E-01   0.0000E+00   0.0000E+00
    31    29   6.1564E+15   7.2248E-01   1.2619E-02   8.5780E-01   0.0000E+00   0.0000E+00
    31    30   6.3274E+15   7.3874E-01   1.2870E-02   8.8433E-01   0.0000E+00   0.0000E+00
    31    31   1.7770E+16   8.7766E-01   7.8501E-03   8.0038E-01   0.0000E+00   0.0000E+00
    31    32   2.0115E+16   8.7044E-01   7.9199E-03   7.6251E-01   0.0000E+00   0.0000E+00
    32     1   3.0014E+15   2.7866E-01   1.1279E-02   3.4922E-01   0.0000E+00   0.0000E+00
    32     2   4.5363E+15   3.4083E-01   2.1758E-02   5.3812E-01   0.0000E+00   0.0000E+00
    32     3   5.6834E+15   2.8133E-01   2.4499E-02   4.4543E-01   0.0000E+00   0.0000E+00
    32     4   8.0658E+15   3.2448E-01   2.7015E-02   4.1110E-01   0.0000E+00   0.0000E+00
    32     5   1.0931E+16   3.0645E-01   3.4833E-02   4.0990E-01   0.0000E+00   0.0000E+00
    32     6   2.0960E+16   4.3439E-01   5.3228E-02   3.8478E-01   0.0000E+00   0.0000E+00
    32     7   1.9728E+16   3.8490E-01   4.7602E-02   3.3754E-01   0.0000E+00   0.0000E+00
    32     8   2.1595E+16   2.6614E-01   5.3330E-02   2.9268E-01   0.0000E+00   0.0000E+00
    32     9   2.4431E+16   2.1108E-01   6.3466E-02   2.4431E-01   0.0000E+00   0.0000E+00
    32    10   2.5463E+16   2.4243E-01   6.2612E-02   2.5626E-01   0.0000E+00   0.0000E+00
    32    11   2.7472E+16   2.6488E-01   7.1978E-02   3.2081E-01   0.0000E+00   0.0000E+00
    32    12   2.4544E+16   3.0874E-01   6.1381E-02   4.1012E-01   0.0000E+00   0.0000E+00
    32    13   2.0315E+16   3.7380E-01   5.7408E-02   4.8629E-01   0.0000E+00   0.0000E+00
    32    14   1.9951E+16   3.8862E-01   6.9174E-02   4.2351E-01   0.0000E+00   0.0000E+00
    32    15   1.5686E+16   4.0245E-01   4.9602E-02   4.8677E-01   0.0000E+00   0.0000E+00
    32    16   1.7390E+16   4.0168E-01   3.6364E-02   4.9224E-01   0.0000E+00   0.0000E+00
    32    17   2.4118E+16   4.1479E-01   4.0626E-02   4.8218E-01   0.0000E+00   0.0000E+00
    32    18   2.6949E+16   5.1873E-01   4.1799E-02   5.1683E-01   0.0000E+00   0.0000E+00
    32    19   2.8115E+16   5.7427E-01   3.7318E-02   4.6735E-01   0.0000E+00   0.0000E+00
    32    20   3.0770E+16   6.2053E-01   3.3971E-02   4.2604E-01   0.0000E+00   0.0000E+00
    32    21   3.1319E+16   7.3332E-01   2.6516E-02   5.4436E-01   0.0000E+00   0.0000E+00
    32    22   3.5296E+16   7.8236E-01   2.3409E-02   6.8575E-01   0.0000E+00   0.0000E+00
    32    23   2.8968E+16   8.4930E-01   2.0637E-02   7.8132E-01   0.0000E+00   0.0000E+00
    32    24   3.4525E+16   9.0949E-01   2.1562E-02   7.8140E-01   0.0000E+00   0.0000E+00
    32    25   3.1009E+16   8.5939E-01   2.4717E-02   7.0852E-01   0.0000E+00   0.0000E+00
    32    26   1.0537E+16   7.8124E-01   1.7328E-02   7.2433E-01   0.0000E+00   0.0000E+00
    32    27   1.0666E+16   7.8223E-01   1.6923E-02   7.4116E-01   0.0000E+00   0.0000E+00
    32    28   8.7140E+15   9.3589E-01   1.3850E-02   8.6393E-01   0.0000E+00   0.0000E+00
    32    29   8.5014E+15   9.7367E-01   1.2794E-02   9.4048E-01   0.0000E+00   0.0000E+00
    32    30   9.1860E+15   9.1188E-01   1.4979E-02   8.1823E-01   0.0000E+00   0.0000E+00
    32    31   8.6922E+15   9.6476E-01   1.3118E-02   9.2239E-01   0.0000E+00   0.0000E+00
    32    32   1.2936E+15   8.5551E-01   2.0706E-03   7.8464E-01   0.0000E+00   0.0000E+00
    33     1   2.2115E+16   3.5157E-01   3.3630E-02   3.0819E-01   0.0000E+00   0.0000E+00
    33     2   2.2638E+17   7.9384E-01   3.2442E-01   6.1532E-01   0.0000E+00   0.0000E+00
    33     3   8.5654E+16   3.4133E-01   1.5070E-01   3.2405E-01   0.0000E+00   0.0000E+00
    33     4   1.6448E+17   2.9238E-01   2.6385E-01   3.1861E-01   0.0000E+00   0.0000E+00
    33     5   3.5405E+17   3.8732E-01   4.1545E-01   3.5764E-01   0.0000E+00   0.0000E+00
    33     6   5.0381E+17   2.2722E-01   5.3438E-01   2.1309E-01   0.0000E+00   0.0000E+00
    33     7   2.7715E+18   1.7869E-01   2.0813E+00   1.8683E-01   0.0000E+00   0.0000E+00
    33     8   4.2121E+18   1.1443E-01   2.7181E+00   1.1397E-01   0.0000E+00   0.0000E+00
    33     9   3.9967E+18   1.3160E-01   2.5304E+00   1.4067E-01   0.0000E+00   0.0000E+00
    33    10   5.5888E+17   1.9085E-01   5.2478E-01   2.0168E-01   0.0000E+00   0.0000E+00
    33    11   1.3455E+17   1.8746E-01   2.3687E-01   1.8881E-01   0.0000E+00   0.0000E+00
    33    12   8.7309E+16   2.1147E-01   2.1646E-01   2.4738E-01   0.0000E+00   0.0000E+00
    33    13   7.9433E+16   2.2455E-01   1.7272E-01   2.6534E-01   0.0000E+00   0.0000E+00
    33    14   8.2454E+16   2.4161E-01   1.5791E-01   3.0522E-01   0.0000E+00   0.0000E+00
    33    15   1.0682E+17   2.6039E-01   2.0403E-01   3.1092E-01   0.0000E+00   0.0000E+00
    33    16   8.4848E+16   3.0708E-01   1.5138E-01   3.3609E-01   0.0000E+00   0.0000E+00
    33    17   6.6915E+16   3.8372E-01   1.0702E-01   3.9999E-01   0.0000E+00   0.0000E+00
    33    18   5.2405E+16   3.4109E-01   9.1164E-02   3.7716E-01   0.0000E+00   0.0000E+00
    33    19   4.1241E+16   3.7249E-01   8.2326E-02   3.9440E-01   0.0000E+00   0.0000E+00
    33    20   2.0986E+16   4.0665E-01   5.6803E-02   5.2950E-01   0.0000E+00   0.0000E+00
    33    21   2.4255E+16   5.4730E-01   7.0438E-02   5.8833E-01   0.0000E+00   0.0000E+00
    33    22   3.0898E+16   4.6545E-01   8.0045E-02   4.7846E-01   0.0000E+00   0.0000E+00
    33    23   1.6168E+17   6.4739E-01   2.2862E-01   7.8147E-01   0.0000E+00   0.0000E+00
    33    24   1.3070E+17   6.0815E-01   9.5784E-02   5.1304E-01   0.0000E+00   0.0000E+00
    33    25   1.4150E+17   6.3322E-01   8.7675E-02   5.6778E-01   0.0000E+00   0.0000E+00
    33    26   1.3630E+17   7.4812E-01   7.1076E-02   4.6987E-01   0.0000E+00   0.0000E+00
    33    27   5.2492E+16   7.0825E-01   3.6131E-02   4.6446E-01   0.0000E+00   0.0000E+00
    33    28   1.3139E+16   7.3466E-01   2.3762E-02   6.2198E-01   0.0000E+00   0.0000E+00
    33    29   3.0296E+15   5.6857E-01   1.1896E-02   5.3174E-01   0.0000E+00   0.0000E+00
    33    30   3.5075E+15   5.0653E-01   1.2032E-02   5.2586E-01   0.0000E+00   0.0000E+00
    33    31   3.0784E+15   5.1993E-01   8.9363E-03   4.7953E-01   0.0000E+00   0.0000E+00
    33    32   1.8029E+15   7.7320E-01   3.6604E-03   7.8551E-01   0.0000E+00   0.0000E+00
    34     1   1.0688E+19   2.1172E-01   2.4169E+00   2.4275E-01   0.0000E+00   0.0000E+00
    34     2   1.4102E+19   1.7027E-01   2.9048E+00   1.7115E-01   0.0000E+00   0.0000E+00
    34     3   1.8088E+19   1.6734E-01   3.3911E+00   1.5626E-01   0.0000E+00   0.0000E+00
    34     4   2.2775E+19   1.6450E-01   3.8887E+00   1.5703E-01   0.0000E+00   0.0000E+00
    34     5   2.6926E+19   1.7963E-01   4.7709E+00   1.6364E-01   0.0000E+00   0.0000E+00
    34     6   2.9322E+19   1.7309E-01   5.1548E+00   1.6098E-01   0.0000E+00   0.0000E+00
    34     7   2.9861E+19   1.4670E-01   5.5305E+00   1.4435E-01   0.0000E+00   0.0000E+00
    34     8   2.7886E+19   1.5508E-01   6.0055E+00   1.3534E-01   0.0000E+00   0.0000E+00
    34     9   2.0406E+19   1.3784E-01   6.6412E+00   1.3044E-01   0.0000E+00   0.0000E+00
    34    10   7.1050E+18   1.4299E-01   3.8378E+00   1.4364E-01   0.0000E+00   0.0000E+00
    34    11   2.9879E+18   1.5578E-01   2.2849E+00   1.5086E-01   0.0000E+00   0.0000E+00
    34    12   1.0893E+18   1.5481E-01   1.0576E+00   1.4886E-01   0.0000E+00   0.0000E+00
    34    13   5.1566E+17   1.4326E-01   7.8734E-01   1.3966E-01   0.0000E+00   0.0000E+00
    34    14   4.1559E+17   1.4694E-01   7.6033E-01   1.8278E-01   0.0000E+00   0.0000E+00
    34    15   2.5699E+17   1.8647E-01   5.3552E-01   2.1087E-01   0.0000E+00   0.0000E+00
    34    16   2.0931E+17   2.1391E-01   4.8829E-01   2.0908E-01   0.0000E+00   0.0000E+00
    34    17   2.2366E+17   2.5612E-01   4.5011E-01   2.6653E-01   0.0000E+00   0.0000E+00
    34    18   1.4683E+17   2.7941E-01   2.2905E-01   2.3866E-01   0.0000E+00   0.0000E+00
    34    19   1.0369E+17   4.2708E-01   9.4846E-02   3.0846E-01   0.0000E+00   0.0000E+00
    34    20   9.6207E+16   3.8946E-01   1.2181E-01   4.6983E-01   0.0000E+00   0.0000E+00
    34    21   5.8108E+16   4.3631E-01   1.0821E-01   5.0158E-01   0.0000E+00   0.0000E+00
    34    22   3.1520E+16   3.9799E-01   7.3570E-02   4.3256E-01   0.0000E+00   0.0000E+00
    34    23   3.8058E+16   4.8399E-01   1.1631E-01   5.8469E-01   0.0000E+00   0.0000E+00
    34    24   3.4642E+16   4.4561E-01   9.4063E-02   5.7508E-01   0.0000E+00   0.0000E+00
    34    25   1.0243E+17   8.8861E-01   8.1254E-02   7.5497E-01   0.0000E+00   0.0000E+00
    34    26   3.9257E+17   5.3425E-01   3.6256E-01   5.0740E-01   0.0000E+00   0.0000E+00
    34    27   4.7074E+17   5.3192E-01   3.3910E-01   5.2453E-01   0.0000E+00   0.0000E+00
    34    28   4.3897E+16   5.7817E-01   4.6356E-02   5.6612E-01   0.0000E+00   0.0000E+00
    34    29   3.9076E+15   5.1214E-01   9.7369E-03   5.3992E-01   0.0000E+00   0.0000E+00
    34    30   1.5393E+15   7.1768E-01   5.1915E-03   7.0642E-01   0.0000E+00   0.0000E+00
    34    31   2.7299E+15   4.3108E-01   1.2150E-02   4.8133E-01   0.0000E+00   0.0000E+00
    34    32   4.4214E+15   5.1587E-01   1.7188E-02   5.7784E-01   0.0000E+00   0.0000E+00
    35     1   1.1025E+19   1.6081E-01   2.2199E+00   1.6826E-01   0.0000E+00   0.0000E+00
    35     2   1.7074E+19   1.9385E-01   2.9838E+00   1.7200E-01   0.0000E+00   0.0000E+00
    35     3   2.4492E+19   1.8194E-01   4.1794E+00   1.6781E-01   0.0000E+00   0.0000E+00
    35     4   2.7729E+19   1.8257E-01   5.3036E+00   1.8896E-01   0.0000E+00   0.0000E+00
    35     5   3.3806E+19   2.1551E-01   5.7787E+00   2.1361E-01   0.0000E+00   0.0000E+00
    35     6   2.9075E+19   2.0764E-01   5.5352E+00   2.1083E-01   0.0000E+00   0.0000E+00
    35     7   3.6370E+19   2.0897E-01   7.6905E+00   2.0609E-01   0.0000E+00   0.0000E+00
    35     8   3.7247E+19   1.7862E-01   8.6860E+00   1.7579E-01   0.0000E+00   0.0000E+00
    35     9   3.4502E+19   1.8023E-01   9.3878E+00   1.7892E-01   0.0000E+00   0.0000E+00
    35    10   2.4468E+19   1.6732E-01   8.2552E+00   1.6569E-01   0.0000E+00   0.0000E+00
    35    11   1.7295E+19   1.5494E-01   7.1705E+00   1.5675E-01   0.0000E+00   0.0000E+00
    35    12   1.2443E+19   1.4687E-01   6.7140E+00   1.4082E-01   0.0000E+00   0.0000E+00
    35    13   5.6926E+18   1.4974E-01   4.4231E+00   1.4626E-01   0.0000E+00   0.0000E+00
    35    14   2.3520E+18   1.3979E-01   2.3367E+00   1.5939E-01   0.0000E+00   0.0000E+00
    35    15   1.4394E+18   1.5840E-01   1.8721E+00   1.8668E-01   0.0000E+00   0.0000E+00
    35    16   1.1935E+18   1.6699E-01   1.5139E+00   1.6460E-01   0.0000E+00   0.0000E+00
    35    17   8.2789E+17   2.4730E-01   1.0922E+00   2.3322E-01   0.0000E+00   0.0000E+00
    35    18   4.5679E+17   2.1811E-01   8.6858E-01   3.2357E-01   0.0000E+00   0.0000E+00
    35    19   3.6040E+17   2.3321E-01   8.7575E-01   3.7511E-01   0.0000E+00   0.0000E+00
    35    20   1.9836E+17   3.3319E-01   2.2001E-01   2.5876E-01   0.0000E+00   0.0000E+00
    35    21   1.7416E+17   3.6687E-01   1.4545E-01   3.1815E-01   0.0000E+00   0.0000E+00
    35    22   1.1351E+17   4.1584E-01   1.7775E-01   4.7061E-01   0.0000E+00   0.0000E+00
    35    23   7.7129E+16   4.5423E-01   1.2892E-01   5.7097E-01   0.0000E+00   0.0000E+00
    35    24   3.6783E+16   4.9306E-01   4.4619E-02   5.1333E-01   0.0000E+00   0.0000E+00
    35    25   7.0731E+16   5.5544E-01   1.5024E-01   6.3719E-01   0.0000E+00   0.0000E+00
    35    26   1.3196E+17   5.9251E-01   1.1505E-01   4.9420E-01   0.0000E+00   0.0000E+00
    35    27   3.1217E+17   5.7297E-01   2.1464E-01   5.3212E-01   0.0000E+00   0.0000E+00
    35    28   6.2408E+17   5.3979E-01   4.1838E-01   4.9485E-01   0.0000E+00   0.0000E+00
    35    29   5.9324E+16   6.8816E-01   1.0222E-01   8.1004E-01   0.0000E+00   0.0000E+00
    35    30   1.3785E+16   6.7130E-01   2.7733E-02   7.1489E-01   0.0000E+00   0.0000E+00
    35    31   2.1182E+15   6.4567E-01   4.8627E-03   7.0370E-01   0.0000E+00   0.0000E+00
    35    32   7.3962E+15   6.1083E-01   1.0681E-02   5.0894E-01   0.0000E+00   0.0000E+00
    36     1   1.1684E+19   2.9821E-01   1.9581E+00   2.6287E-01   0.0000E+00   0.0000E+00
    36     2   1.6628E+19   2.6230E-01   3.2087E+00   2.8244E-01   0.0000E+00   0.0000E+00
    36     3   2.7847E+19   2.4830E-01   5.4662E+00   2.4312E-01   0.0000E+00   0.0000E+00
    36     4   3.2730E+19   2.0451E-01   5.6235E+00   1.9244E-01   0.0000E+00   0.0000E+00
    36     5   3.5722E+19   2.1655E-01   6.3589E+00   2.0253E-01   0.0000E+00   0.0000E+00
    36     6   3.5072E+19   2.2868E-01   6.3360E+00   2.1099E-01   0.0000E+00   0.0000E+00
    36     7   3.6540E+19   1.9721E-01   6.6933E+00   1.8697E-01   0.0000E+00   0.0000E+00
    36     8   3.9560E+19   1.9474E-01   7.7976E+00   1.7903E-01   0.0000E+00   0.0000E+00
    36     9   4.5308E+19   1.9980E-01   1.0055E+01   2.0933E-01   0.0000E+00   0.0000E+00
    36    10   4.1275E+19   2.0607E-01   1.0377E+01   2.1189E-01   0.0000E+00   0.0000E+00
    36    11   4.1801E+19   1.8785E-01   1.2565E+01   1.8633E-01   0.0000E+00   0.0000E+00
    36    12   3.3139E+19   1.5881E-01   1.1520E+01   1.6479E-01   0.0000E+00   0.0000E+00
    36    13   2.8916E+19   1.5797E-01   1.1673E+01   1.5383E-01   0.0000E+00   0.0000E+00
    36    14   1.9983E+19   1.3865E-01   1.0464E+01   1.3905E-01   0.0000E+00   0.0000E+00
    36    15   1.2548E+19   1.4368E-01   7.5107E+00   1.4604E-01   0.0000E+00   0.0000E+00
    36    16   8.4881E+18   1.6089E-01   5.8428E+00   1.5476E-01   0.0000E+00   0.0000E+00
    36    17   4.5998E+18   1.4953E-01   3.8225E+00   1.4665E-01   0.0000E+00   0.0000E+00
    36    18   3.0554E+18   1.6557E-01   2.5146E+00   1.5423E-01   0.0000E+00   0.0000E+00
    36    19   1.0226E+18   1.7347E-01   1.1715E+00   2.1745E-01   0.0000E+00   0.0000E+00
    36    20   7.3083E+17   2.1712E-01   8.9930E-01   2.5101E-01   0.0000E+00   0.0000E+00
    36    21   3.9395E+17   2.7522E-01   4.1994E-01   2.6754E-01   0.0000E+00   0.0000E+00
    36    22   2.5231E+17   4.2626E-01   2.6471E-01   3.5964E-01   0.0000E+00   0.0000E+00
    36    23   3.0066E+17   5.9831E-01   3.5516E-01   6.5136E-01   0.0000E+00   0.0000E+00
    36    24   2.0441E+17   4.1062E-01   2.7828E-01   4.6607E-01   0.0000E+00   0.0000E+00
    36    25   8.9621E+16   5.7393E-01   1.5339E-01   6.7964E-01   0.0000E+00   0.0000E+00
    36    26   6.7892E+16   5.7044E-01   5.3284E-02   5.5607E-01   0.0000E+00   0.0000E+00
    36    27   2.9606E+17   4.8442E-01   1.7634E-01   4.1952E-01   0.0000E+00   0.0000E+00
    36    28   7.5396E+17   5.2671E-01   3.7120E-01   4.4672E-01   0.0000E+00   0.0000E+00
    36    29   4.3941E+17   5.2814E-01   2.8372E-01   5.2402E-01   0.0000E+00   0.0000E+00
    36    30   1.9733E+17   7.4001E-01   1.6847E-01   6.1940E-01   0.0000E+00   0.0000E+00
    36    31   6.5168E+15   5.0122E-01   9.3930E-03   5.1513E-01   0.0000E+00   0.0000E+00
    36    32   3.3486E+16   8.5073E-01   1.9930E-02   5.7822E-01   0.0000E+00   0.0000E+00
    37     1   1.1534E+19   2.7256E-01   1.7664E+00   2.6479E-01   0.0000E+00   0.0000E+00
    37     2   1.2856E+19   2.9037E-01   1.9587E+00   2.8274E-01   0.0000E+00   0.0000E+00
    37     3   2.2295E+19   2.5924E-01   3.7938E+00   2.6461E-01   0.0000E+00   0.0000E+00
    37     4   2.6881E+19   2.3341E-01   4.1362E+00   2.1426E-01   0.0000E+00   0.0000E+00
    37     5   3.7632E+19   2.3122E-01   6.0478E+00   2.1155E-01   0.0000E+00   0.0000E+00
    37     6   3.2870E+19   2.2250E-01   5.9161E+00   2.0520E-01   0.0000E+00   0.0000E+00
    37     7   3.7065E+19   1.9520E-01   6.2108E+00   1.9690E-01   0.0000E+00   0.0000E+00
    37     8   5.0780E+19   2.1496E-01   8.1946E+00   1.9175E-01   0.0000E+00   0.0000E+00
    37     9   5.1708E+19   1.9695E-01   9.4746E+00   1.8953E-01   0.0000E+00   0.0000E+00
    37    10   7.0707E+19   2.0717E-01   1.2806E+01   2.0075E-01   0.0000E+00   0.0000E+00
    37    11   7.0412E+19   1.8242E-01   1.6657E+01   1.8614E-01   0.0000E+00   0.0000E+00
    37    12   8.3555E+19   2.0352E-01   2.1089E+01   2.0928E-01   0.0000E+00   0.0000E+00
    37    13   7.3254E+19   1.8747E-01   1.9812E+01   1.8771E-01   0.0000E+00   0.0000E+00
    37    14   6.2261E+19   1.7103E-01   1.8759E+01   1.7577E-01   0.0000E+00   0.0000E+00
    37    15   3.9975E+19   1.7686E-01   1.3562E+01   1.7252E-01   0.0000E+00   0.0000E+00
    37    16   3.8550E+19   1.6590E-01   1.4879E+01   1.6203E-01   0.0000E+00   0.0000E+00
    37    17   2.4525E+19   1.6922E-01   1.1062E+01   1.5813E-01   0.0000E+00   0.0000E+00
    37    18   1.1966E+19   1.6495E-01   5.9922E+00   1.6637E-01   0.0000E+00   0.0000E+00
    37    19   7.2386E+18   1.6848E-01   4.1319E+00   1.5616E-01   0.0000E+00   0.0000E+00
    37    20   2.8383E+18   1.9258E-01   2.2351E+00   2.0302E-01   0.0000E+00   0.0000E+00
    37    21   1.0939E+18   2.0242E-01   1.0375E+00   2.3472E-01   0.0000E+00   0.0000E+00
    37    22   6.1758E+17   2.8111E-01   5.2861E-01   2.7239E-01   0.0000E+00   0.0000E+00
    37    23   3.3832E+17   4.7888E-01   3.7209E-01   3.5141E-01   0.0000E+00   0.0000E+00
    37    24   3.0187E+17   5.8870E-01   3.7242E-01   6.2202E-01   0.0000E+00   0.0000E+00
    37    25   3.1379E+17   4.9715E-01   2.6931E-01   4.0913E-01   0.0000E+00   0.0000E+00
    37    26   5.7538E+17   7.0367E-01   3.7860E-01   5.3855E-01   0.0000E+00   0.0000E+00
    37    27   7.5151E+17   5.5678E-01   7.1288E-01   6.1006E-01   0.0000E+00   0.0000E+00
    37    28   8.3097E+17   4.3906E-01   4.9088E-01   4.2712E-01   0.0000E+00   0.0000E+00
    37    29   1.4490E+18   4.0714E-01   8.2018E-01   3.7026E-01   0.0000E+00   0.0000E+00
    37    30   5.1908E+17   5.4179E-01   4.1245E-01   4.8442E-01   0.0000E+00   0.0000E+00
    37    31   3.0392E+17   6.1620E-01   2.3929E-01   6.0558E-01   0.0000E+00   0.0000E+00
    37    32   2.2642E+17   7.4458E-01   1.5649E-01   8.1637E-01   0.0000E+00   0.0000E+00
    38     1   1.3661E+19   3.6655E-01   2.3931E+00   3.2812E-01   0.0000E+00   0.0000E+00
    38     2   1.9726E+19   2.7175E-01   3.5641E+00   2.8194E-01   0.0000E+00   0.0000E+00
    38     3   2.4538E+19   2.8827E-01   3.8471E+00   2.7846E-01   0.0000E+00   0.0000E+00
    38     4   2.0479E+19   2.7508E-01   3.7087E+00   2.8365E-01   0.0000E+00   0.0000E+00
    38     5   1.8577E+19   2.4343E-01   3.3002E+00   2.4149E-01   0.0000E+00   0.0000E+00
    38     6   2.9977E+19   2.5363E-01   5.6335E+00   2.6011E-01   0.0000E+00   0.0000E+00
    38     7   3.1770E+19   2.4729E-01   5.6926E+00   2.9238E-01   0.0000E+00   0.0000E+00
    38     8   2.2883E+19   2.0651E-01   4.0811E+00   2.5096E-01   0.0000E+00   0.0000E+00
    38     9   4.0516E+19   1.8892E-01   7.2464E+00   1.8271E-01   0.0000E+00   0.0000E+00
    38    10   6.3080E+19   2.2448E-01   1.1600E+01   2.1750E-01   0.0000E+00   0.0000E+00
    38    11   6.1668E+19   2.5356E-01   1.1306E+01   2.5080E-01   0.0000E+00   0.0000E+00
    38    12   6.4798E+19   2.5520E-01   1.3903E+01   2.6570E-01   0.0000E+00   0.0000E+00
    38    13   7.5212E+19   2.1690E-01   1.5375E+01   2.1447E-01   0.0000E+00   0.0000E+00
    38    14   8.4287E+19   1.7961E-01   1.7348E+01   1.7872E-01   0.0000E+00   0.0000E+00
    38    15   7.5373E+19   2.0977E-01   1.8410E+01   2.0822E-01   0.0000E+00   0.0000E+00
    38    16   6.2715E+19   1.8313E-01   1.5328E+01   1.7747E-01   0.0000E+00   0.0000E+00
    38    17   5.9613E+19   1.9112E-01   1.6503E+01   1.8681E-01   0.0000E+00   0.0000E+00
    38    18   3.3062E+19   1.7302E-01   1.0052E+01   1.7333E-01   0.0000E+00   0.0000E+00
    38    19   2.0745E+19   1.5998E-01   7.7418E+00   1.5736E-01   0.0000E+00   0.0000E+00
    38    20   1.1865E+19   1.6901E-01   5.6330E+00   1.6637E-01   0.0000E+00   0.0000E+00
    38    21   4.5389E+18   2.4320E-01   2.7296E+00   2.4907E-01   0.0000E+00   0.0000E+00
    38    22   2.0478E+18   2.3313E-01   1.3415E+00   2.2209E-01   0.0000E+00   0.0000E+00
    38    23   6.8289E+17   2.5506E-01   6.5905E-01   2.6477E-01   0.0000E+00   0.0000E+00
    38    24   7.2517E+17   3.9878E-01   7.5283E-01   3.5238E-01   0.0000E+00   0.0000E+00
    38    25   1.1733E+18   6.8316E-01   6.0614E-01   4.0409E-01   0.0000E+00   0.0000E+00
    38    26   8.7027E+17   4.7731E-01   3.7182E-01   4.0295E-01   0.0000E+00   0.0000E+00
    38    27   2.2522E+17   4.4938E-01   2.7825E-01   4.8310E-01   0.0000E+00   0.0000E+00
    38    28   8.9350E+17   4.9942E-01   6.7514E-01   7.1507E-01   0.0000E+00   0.0000E+00
    38    29   1.0496E+18   4.8900E-01   4.8987E-01   4.4267E-01   0.0000E+00   0.0000E+00
    38    30   1.2003E+18   4.2554E-01   1.3533E+00   5.0763E-01   0.0000E+00   0.0000E+00
    38    31   5.0126E+17   5.1878E-01   3.8764E-01   4.9791E-01   0.0000E+00   0.0000E+00
    38    32   7.5689E+16   5.8348E-01   7.1614E-02   5.5011E-01   0.0000E+00   0.0000E+00
    39     1   3.7339E+18   3.3309E-01   7.0840E-01   3.3535E-01   0.0000E+00   0.0000E+00
    39     2   1.8440E+19   3.2311E-01   3.0753E+00   3.1831E-01   0.0000E+00   0.0000E+00
    39     3   2.7726E+19   3.3880E-01   4.4537E+00   3.3052E-01   0.0000E+00   0.0000E+00
    39     4   2.0565E+19   3.2895E-01   3.7323E+00   3.1981E-01   0.0000E+00   0.0000E+00
    39     5   1.8812E+19   3.0348E-01   3.4929E+00   2.9961E-01   0.0000E+00   0.0000E+00
    39     6   2.4595E+19   2.9766E-01   4.1687E+00   2.8102E-01   0.0000E+00   0.0000E+00
    39     7   2.3221E+19   2.5706E-01   3.9301E+00   2.4188E-01   0.0000E+00   0.0000E+00
    39     8   2.3837E+19   2.6703E-01   4.6550E+00   2.4951E-01   0.0000E+00   0.0000E+00
    39     9   4.1173E+19   2.9103E-01   6.7982E+00   2.7101E-01   0.0000E+00   0.0000E+00
    39    10   4.0794E+19   2.5707E-01   7.8256E+00   2.6303E-01   0.0000E+00   0.0000E+00
    39    11   3.9432E+19   2.4680E-01   7.5234E+00   2.4798E-01   0.0000E+00   0.0000E+00
    39    12   3.1538E+19   2.1462E-01   6.3286E+00   2.2338E-01   0.0000E+00   0.0000E+00
    39    13   4.0830E+19   2.4285E-01   8.1568E+00   2.4812E-01   0.0000E+00   0.0000E+00
    39    14   5.1326E+19   2.3741E-01   9.2275E+00   2.3073E-01   0.0000E+00   0.0000E+00
    39    15   6.0540E+19   1.8987E-01   1.2294E+01   1.8089E-01   0.0000E+00   0.0000E+00
    39    16   7.0663E+19   2.4719E-01   1.5167E+01   2.6484E-01   0.0000E+00   0.0000E+00
    39    17   7.8213E+19   2.3637E-01   1.7757E+01   2.2776E-01   0.0000E+00   0.0000E+00
    39    18   5.3191E+19   1.5149E-01   1.2764E+01   1.5546E-01   0.0000E+00   0.0000E+00
    39    19   3.6476E+19   1.9338E-01   8.6873E+00   1.8510E-01   0.0000E+00   0.0000E+00
    39    20   2.2000E+19   1.7868E-01   6.6717E+00   1.7816E-01   0.0000E+00   0.0000E+00
    39    21   1.1995E+19   2.0506E-01   5.7235E+00   2.0652E-01   0.0000E+00   0.0000E+00
    39    22   4.1938E+18   2.2982E-01   2.7751E+00   2.3762E-01   0.0000E+00   0.0000E+00
    39    23   2.8099E+18   3.3411E-01   1.6452E+00   2.3795E-01   0.0000E+00   0.0000E+00
    39    24   1.5717E+18   2.9167E-01   1.2877E+00   2.8020E-01   0.0000E+00   0.0000E+00
    39    25   1.2598E+18   3.1320E-01   1.0817E+00   3.6047E-01   0.0000E+00   0.0000E+00
    39    26   8.7324E+17   4.0132E-01   6.5228E-01   4.2431E-01   0.0000E+00   0.0000E+00
    39    27   7.1404E+17   4.1398E-01   5.1131E-01   4.0216E-01   0.0000E+00   0.0000E+00
    39    28   3.9470E+17   4.5235E-01   6.4728E-01   5.0143E-01   0.0000E+00   0.0000E+00
    39    29   1.6233E+18   4.6959E-01   7.9124E-01   5.4258E-01   0.0000E+00   0.0000E+00
    39    30   1.2161E+18   4.2837E-01   1.0802E+00   5.1486E-01   0.0000E+00   0.0000E+00
    39    31   5.4790E+17   4.2506E-01   5.8016E-01   4.4350E-01   0.0000E+00   0.0000E+00
    39    32   2.8271E+17   6.5273E-01   2.2623E-01   5.7982E-01   0.0000E+00   0.0000E+00
    40     1   6.1009E+18   4.7531E-01   9.2653E-01   4.8393E-01   0.0000E+00   0.0000E+00
    40     2   6.2420E+18   5.0938E-01   1.0829E+00   4.1390E-01   0.0000E+00   0.0000E+00
    40     3   1.2538E+19   3.4394E-01   2.4055E+00   3.5018E-01   0.0000E+00   0.0000E+00
    40     4   2.4121E+19   3.8920E-01   4.3892E+00   3.7521E-01   0.0000E+00   0.0000E+00
    40     5   1.9203E+19   3.8849E-01   3.6538E+00   4.0722E-01   0.0000E+00   0.0000E+00
    40     6   1.2238E+19   3.3121E-01   3.2315E+00   3.4502E-01   0.0000E+00   0.0000E+00
    40     7   1.7080E+19   3.6876E-01   3.4221E+00   3.5327E-01   0.0000E+00   0.0000E+00
    40     8   2.1158E+19   3.4109E-01   2.8812E+00   3.3059E-01   0.0000E+00   0.0000E+00
    40     9   3.4803E+19   2.9696E-01   6.4413E+00   3.1229E-01   0.0000E+00   0.0000E+00
    40    10   2.9670E+19   3.5669E-01   5.3376E+00   3.1883E-01   0.0000E+00   0.0000E+00
    40    11   2.9368E+19   2.8248E-01   5.6765E+00   2.9685E-01   0.0000E+00   0.0000E+00
    40    12   5.1238E+19   3.3768E-01   9.3183E+00   3.4477E-01   0.0000E+00   0.0000E+00
    40    13   4.1118E+19   2.5477E-01   8.1298E+00   2.6270E-01   0.0000E+00   0.0000E+00
    40    14   5.3803E+19   3.0808E-01   1.0568E+01   2.8687E-01   0.0000E+00   0.0000E+00
    40    15   3.7812E+19   2.3838E-01   8.5978E+00   2.5626E-01   0.0000E+00   0.0000E+00
    40    16   5.3620E+19   2.1860E-01   1.0481E+01   2.1764E-01   0.0000E+00   0.0000E+00
    40    17   5.9930E+19   2.0873E-01   1.1942E+01   2.0922E-01   0.0000E+00   0.0000E+00
    40    18   5.9981E+19   2.0611E-01   1.3537E+01   2.1516E-01   0.0000E+00   0.0000E+00
    40    19   5.4429E+19   2.0947E-01   1.1723E+01   2.0023E-01   0.0000E+00   0.0000E+00
    40    20   3.0278E+19   1.8530E-01   6.3600E+00   1.7848E-01   0.0000E+00   0.0000E+00
    40    21   2.3960E+19   2.0058E-01   7.5071E+00   1.9173E-01   0.0000E+00   0.0000E+00
    40    22   1.0612E+19   2.4539E-01   4.6031E+00   2.3395E-01   0.0000E+00   0.0000E+00
    40    23   5.0952E+18   2.7306E-01   2.0091E+00   2.5270E-01   0.0000E+00   0.0000E+00
    40    24   2.4380E+18   2.9718E-01   1.6746E+00   2.7980E-01   0.0000E+00   0.0000E+00
    40    25   2.1924E+18   2.7601E-01   1.5476E+00   2.5859E-01   0.0000E+00   0.0000E+00
    40    26   1.9305E+18   3.5064E-01   1.6085E+00   3.2948E-01   0.0000E+00   0.0000E+00
    40    27   1.7789E+18   5.7234E-01   1.3527E+00   5.8047E-01   0.0000E+00   0.0000E+00
    40    28   9.7731E+17   4.5640E-01   1.2262E+00   5.7161E-01   0.0000E+00   0.0000E+00
    40    29   1.6289E+18   4.2426E-01   1.1480E+00   4.9466E-01   0.0000E+00   0.0000E+00
    40    30   1.9955E+18   4.3372E-01   1.3281E+00   4.8465E-01   0.0000E+00   0.0000E+00
    40    31   4.9805E+17   4.3907E-01   7.5911E-01   6.8725E-01   0.0000E+00   0.0000E+00
    40    32   4.6559E+17   6.2219E-01   3.7365E-01   5.6148E-01   0.0000E+00   0.0000E+00
    41     1   3.3015E+18   5.1796E-01   5.7658E-01   5.4957E-01   0.0000E+00   0.0000E+00
    41     2   6.5186E+18   4.8495E-01   1.3157E+00   4.8185E-01   0.0000E+00   0.0000E+00
    41     3   1.0324E+19   4.3156E-01   2.2892E+00   4.1015E-01   0.0000E+00   0.0000E+00
    41     4   5.2425E+18   3.6017E-01   1.2033E+00   3.4068E-01   0.0000E+00   0.0000E+00
    41     5   1.1485E+19   4.7051E-01   1.8596E+00   4.5056E-01   0.0000E+00   0.0000E+00
    41     6   1.8647E+19   4.2275E-01   3.1657E+00   3.7688E-01   0.0000E+00   0.0000E+00
    41     7   1.7440E+19   4.1316E-01   3.3860E+00   4.4994E-01   0.0000E+00   0.0000E+00
    41     8   1.8464E+19   3.5433E-01   4.1404E+00   4.2411E-01   0.0000E+00   0.0000E+00
    41     9   3.1207E+19   3.1155E-01   4.3263E+00   3.0566E-01   0.0000E+00   0.0000E+00
    41    10   4.5286E+19   3.2465E-01   6.5162E+00   3.1484E-01   0.0000E+00   0.0000E+00
    41    11   5.3967E+19   3.2500E-01   7.7798E+00   3.1755E-01   0.0000E+00   0.0000E+00
    41    12   2.0857E+19   3.1274E-01   3.8757E+00   3.0513E-01   0.0000E+00   0.0000E+00
    41    13   3.7841E+19   2.6970E-01   6.9898E+00   2.5856E-01   0.0000E+00   0.0000E+00
    41    14   5.2387E+19   2.4510E-01   1.0041E+01   2.4788E-01   0.0000E+00   0.0000E+00
    41    15   5.3264E+19   2.5129E-01   1.0435E+01   2.2045E-01   0.0000E+00   0.0000E+00
    41    16   3.1874E+19   2.6173E-01   6.1675E+00   2.6949E-01   0.0000E+00   0.0000E+00
    41    17   3.4012E+19   2.2677E-01   7.1848E+00   2.2940E-01   0.0000E+00   0.0000E+00
    41    18   6.0988E+19   2.5206E-01   1.4350E+01   2.7213E-01   0.0000E+00   0.0000E+00
    41    19   5.5431E+19   2.0474E-01   1.1802E+01   2.0584E-01   0.0000E+00   0.0000E+00
    41    20   3.5828E+19   2.0385E-01   6.0963E+00   1.7764E-01   0.0000E+00   0.0000E+00
    41    21   2.0099E+19   1.9849E-01   4.7339E+00   1.8234E-01   0.0000E+00   0.0000E+00
    41    22   1.8227E+19   2.5845E-01   7.1531E+00   2.5312E-01   0.0000E+00   0.0000E+00
    41    23   9.0716E+18   2.6841E-01   3.5210E+00   2.8141E-01   0.0000E+00   0.0000E+00
    41    24   8.2579E+18   2.9593E-01   4.2416E+00   2.7424E-01   0.0000E+00   0.0000E+00
    41    25   3.7035E+18   2.6298E-01   2.2078E+00   2.4616E-01   0.0000E+00   0.0000E+00
    41    26   2.9915E+18   3.2745E-01   2.3167E+00   2.7851E-01   0.0000E+00   0.0000E+00
    41    27   1.6028E+18   4.1533E-01   1.1682E+00   4.1349E-01   0.0000E+00   0.0000E+00
    41    28   1.4368E+18   4.8689E-01   1.2701E+00   4.8831E-01   0.0000E+00   0.0000E+00
    41    29   2.4034E+18   4.8190E-01   1.9286E+00   4.8822E-01   0.0000E+00   0.0000E+00
    41    30   1.6583E+18   4.1287E-01   1.0835E+00   4.3873E-01   0.0000E+00   0.0000E+00
    41    31   9.8184E+17   4.2932E-01   1.1201E+00   6.3225E-01   0.0000E+00   0.0000E+00
    41    32   3.2792E+17   6.3922E-01   2.7203E-01   5.6551E-01   0.0000E+00   0.0000E+00
    42     1   4.1928E+18   6.3286E-01   6.9751E-01   5.7412E-01   0.0000E+00   0.0000E+00
    42     2   8.2703E+18   4.6744E-01   1.9981E+00   4.8025E-01   0.0000E+00   0.0000E+00
    42     3   5.5283E+18   4.3697E-01   1.7121E+00   4.8501E-01   0.0000E+00   0.0000E+00
    42     4   4.3069E+18   4.7870E-01   8.2480E-01   5.0281E-01   0.0000E+00   0.0000E+00
    42     5   2.7522E+18   6.7094E-01   5.4282E-01   4.7560E-01   0.0000E+00   0.0000E+00
    42     6   9.7418E+18   6.0059E-01   1.7915E+00   4.7861E-01   0.0000E+00   0.0000E+00
    42     7   1.5556E+19   5.0657E-01   3.2466E+00   4.2225E-01   0.0000E+00   0.0000E+00
    42     8   1.1033E+19   5.3884E-01   2.3198E+00   4.9206E-01   0.0000E+00   0.0000E+00
    42     9   1.3297E+19   4.1383E-01   4.0229E+00   4.0566E-01   0.0000E+00   0.0000E+00
    42    10   2.6915E+19   3.4643E-01   6.0314E+00   3.5215E-01   0.0000E+00   0.0000E+00
    42    11   4.2601E+19   2.7823E-01   6.9988E+00   2.8408E-01   0.0000E+00   0.0000E+00
    42    12   2.1794E+19   2.8440E-01   4.1414E+00   2.8967E-01   0.0000E+00   0.0000E+00
    42    13   1.5894E+19   3.3973E-01   3.5858E+00   3.5962E-01   0.0000E+00   0.0000E+00
    42    14   2.9667E+19   2.5643E-01   6.1431E+00   2.8744E-01   0.0000E+00   0.0000E+00
    42    15   5.2094E+19   2.7705E-01   1.0063E+01   2.5005E-01   0.0000E+00   0.0000E+00
    42    16   5.5349E+19   2.5518E-01   1.1668E+01   2.4861E-01   0.0000E+00   0.0000E+00
    42    17   3.3648E+19   2.4730E-01   7.7624E+00   2.8251E-01   0.0000E+00   0.0000E+00
    42    18   3.8308E+19   1.9738E-01   8.3269E+00   2.1960E-01   0.0000E+00   0.0000E+00
    42    19   4.9824E+19   2.3663E-01   1.0562E+01   2.4635E-01   0.0000E+00   0.0000E+00
    42    20   4.5125E+19   2.1317E-01   9.6970E+00   2.1359E-01   0.0000E+00   0.0000E+00
    42    21   2.4149E+19   2.1866E-01   5.4593E+00   2.1481E-01   0.0000E+00   0.0000E+00
    42    22   2.5054E+19   2.0301E-01   7.0912E+00   2.0513E-01   0.0000E+00   0.0000E+00
    42    23   1.2056E+19   2.6685E-01   3.8943E+00   2.5817E-01   0.0000E+00   0.0000E+00
    42    24   7.8034E+18   2.6038E-01   3.2278E+00   2.5906E-01   0.0000E+00   0.0000E+00
    42    25   6.4607E+18   2.6820E-01   3.2589E+00   2.2972E-01   0.0000E+00   0.0000E+00
    42    26   3.4813E+18   3.7319E-01   2.1816E+00   3.4627E-01   0.0000E+00   0.0000E+00
    42    27   3.1743E+18   3.2330E-01   2.2580E+00   3.2289E-01   0.0000E+00   0.0000E+00
    42    28   1.1738E+18   5.0713E-01   8.9022E-01   5.0870E-01   0.0000E+00   0.0000E+00
    42    29   2.0945E+18   3.8119E-01   1.2346E+00   3.5940E-01   0.0000E+00   0.0000E+00
    42    30   1.7058E+18   3.9805E-01   1.2380E+00   4.1430E-01   0.0000E+00   0.0000E+00
    42    31   1.4687E+18   4.4286E-01   1.1368E+00   5.1314E-01   0.0000E+00   0.0000E+00
    42    32   2.7334E+17   4.9351E-01   4.7448E-01   7.0852E-01   0.0000E+00   0.0000E+00
    43     1   2.4633E+18   5.2329E-01   5.4711E-01   5.0912E-01   0.0000E+00   0.0000E+00
    43     2   3.1287E+18   6.3947E-01   5.1251E-01   5.3347E-01   0.0000E+00   0.0000E+00
    43     3   2.5912E+18   4.3518E-01   1.0219E+00   5.3743E-01   0.0000E+00   0.0000E+00
    43     4   5.3593E+18   4.4768E-01   1.5911E+00   6.6838E-01   0.0000E+00   0.0000E+00
    43     5   3.4700E+18   4.8120E-01   7.2079E-01   5.0512E-01   0.0000E+00   0.0000E+00
    43     6   1.8157E+18   7.0686E-01   4.7027E-01   6.6788E-01   0.0000E+00   0.0000E+00
    43     7   7.4317E+18   3.9387E-01   2.0165E+00   3.9043E-01   0.0000E+00   0.0000E+00
    43     8   6.5752E+18   3.8447E-01   1.6275E+00   3.9493E-01   0.0000E+00   0.0000E+00
    43     9   1.2244E+19   4.5036E-01   2.3563E+00   4.1908E-01   0.0000E+00   0.0000E+00
    43    10   1.0527E+19   4.3619E-01   2.4595E+00   3.9621E-01   0.0000E+00   0.0000E+00
    43    11   1.8760E+19   3.5275E-01   4.4661E+00   3.4495E-01   0.0000E+00   0.0000E+00
    43    12   2.5194E+19   3.3985E-01   5.7769E+00   3.7113E-01   0.0000E+00   0.0000E+00
    43    13   1.6848E+19   3.7983E-01   4.1529E+00   3.9377E-01   0.0000E+00   0.0000E+00
    43    14   1.8214E+19   3.7567E-01   3.8029E+00   3.9574E-01   0.0000E+00   0.0000E+00
    43    15   2.6271E+19   2.6711E-01   6.2581E+00   2.8697E-01   0.0000E+00   0.0000E+00
    43    16   5.7303E+19   3.3116E-01   1.1388E+01   3.1731E-01   0.0000E+00   0.0000E+00
    43    17   3.6585E+19   2.6303E-01   7.9552E+00   2.3315E-01   0.0000E+00   0.0000E+00
    43    18   2.8734E+19   2.5446E-01   6.2120E+00   2.4397E-01   0.0000E+00   0.0000E+00
    43    19   3.5574E+19   2.3341E-01   6.9958E+00   2.2634E-01   0.0000E+00   0.0000E+00
    43    20   3.4905E+19   1.9999E-01   8.0961E+00   2.0124E-01   0.0000E+00   0.0000E+00
    43    21   3.4664E+19   2.3908E-01   7.2114E+00   2.3426E-01   0.0000E+00   0.0000E+00
    43    22   2.5205E+19   3.3067E-01   5.3727E+00   2.6345E-01   0.0000E+00   0.0000E+00
    43    23   1.6241E+19   2.2235E-01   4.7885E+00   2.2668E-01   0.0000E+00   0.0000E+00
    43    24   8.3863E+18   2.4796E-01   2.8954E+00   2.4717E-01   0.0000E+00   0.0000E+00
    43    25   7.7093E+18   2.5954E-01   3.2966E+00   2.5738E-01   0.0000E+00   0.0000E+00
    43    26   5.7945E+18   2.7812E-01   2.6293E+00   2.7150E-01   0.0000E+00   0.0000E+00
    43    27   3.8534E+18   3.2148E-01   2.3759E+00   3.4692E-01   0.0000E+00   0.0000E+00
    43    28   2.4003E+18   3.4051E-01   1.3711E+00   3.5530E-01   0.0000E+00   0.0000E+00
    43    29   2.7913E+18   5.5020E-01   1.4036E+00   5.5241E-01   0.0000E+00   0.0000E+00
    43    30   2.0593E+18   3.8043E-01   1.3432E+00   3.6173E-01   0.0000E+00   0.0000E+00
    43    31   1.4756E+18   5.1195E-01   1.2743E+00   5.6038E-01   0.0000E+00   0.0000E+00
    43    32   6.0296E+17   7.2873E-01   7.1368E-01   6.2302E-01   0.0000E+00   0.0000E+00
    44     1   1.3397E+18   6.5195E-01   2.8587E-01   6.4613E-01   0.0000E+00   0.0000E+00
    44     2   2.8094E+18   6.6200E-01   6.1296E-01   6.1374E-01   0.0000E+00   0.0000E+00
    44     3   1.5942E+18   5.1211E-01   6.8633E-01   6.1438E-01   0.0000E+00   0.0000E+00
    44     4   1.1772E+18   6.5776E-01   3.1279E-01   6.8741E-01   0.0000E+00   0.0000E+00
    44     5   3.8820E+18   4.5920E-01   8.9742E-01   4.4852E-01   0.0000E+00   0.0000E+00
    44     6   5.2659E+18   5.4411E-01   9.1430E-01   5.2010E-01   0.0000E+00   0.0000E+00
    44     7   2.7862E+18   5.1622E-01   2.2510E-01   4.6818E-01   0.0000E+00   0.0000E+00
    44     8   1.1459E+19   5.1932E-01   1.0720E+00   4.4331E-01   0.0000E+00   0.0000E+00
    44     9   1.6594E+19   4.9297E-01   2.2579E+00   4.4167E-01   0.0000E+00   0.0000E+00
    44    10   8.9781E+18   6.0397E-01   2.4550E+00   6.3994E-01   0.0000E+00   0.0000E+00
    44    11   7.9435E+18   3.9521E-01   2.1983E+00   4.0581E-01   0.0000E+00   0.0000E+00
    44    12   1.4054E+19   4.3786E-01   3.0455E+00   4.4360E-01   0.0000E+00   0.0000E+00
    44    13   2.0060E+19   4.1385E-01   5.4830E+00   3.9116E-01   0.0000E+00   0.0000E+00
    44    14   2.0018E+19   4.7564E-01   5.7419E+00   5.8902E-01   0.0000E+00   0.0000E+00
    44    15   1.6664E+19   3.8162E-01   5.0289E+00   4.2114E-01   0.0000E+00   0.0000E+00
    44    16   3.7988E+19   3.2777E-01   9.7057E+00   3.4187E-01   0.0000E+00   0.0000E+00
    44    17   3.4254E+19   3.0012E-01   9.0333E+00   2.8759E-01   0.0000E+00   0.0000E+00
    44    18   1.5699E+19   3.6861E-01   3.8993E+00   3.5588E-01   0.0000E+00   0.0000E+00
    44    19   2.8372E+19   2.5423E-01   6.1665E+00   2.2429E-01   0.0000E+00   0.0000E+00
    44    20   3.9689E+19   2.0911E-01   8.9209E+00   1.9137E-01   0.0000E+00   0.0000E+00
    44    21   3.3565E+19   2.2653E-01   7.8378E+00   2.3652E-01   0.0000E+00   0.0000E+00
    44    22   1.9451E+19   2.8808E-01   4.3184E+00   2.8766E-01   0.0000E+00   0.0000E+00
    44    23   1.9019E+19   2.1600E-01   5.2539E+00   2.1875E-01   0.0000E+00   0.0000E+00
    44    24   1.5202E+19   2.3828E-01   4.8394E+00   2.7193E-01   0.0000E+00   0.0000E+00
    44    25   1.0021E+19   2.4179E-01   3.4654E+00   2.3935E-01   0.0000E+00   0.0000E+00
    44    26   8.6819E+18   2.5208E-01   3.4443E+00   2.6351E-01   0.0000E+00   0.0000E+00
    44    27   5.0665E+18   2.9927E-01   2.8433E+00   2.8153E-01   0.0000E+00   0.0000E+00
    44    28   4.5196E+18   4.4554E-01   2.3644E+00   5.9105E-01   0.0000E+00   0.0000E+00
    44    29   2.8939E+18   4.7318E-01   1.3104E+00   4.2132E-01   0.0000E+00   0.0000E+00
    44    30   3.1464E+18   3.2318E-01   2.0375E+00   3.2538E-01   0.0000E+00   0.0000E+00
    44    31   1.6976E+18   4.4700E-01   1.3563E+00   4.9798E-01   0.0000E+00   0.0000E+00
    44    32   5.2402E+17   5.3287E-01   7.4066E-01   5.8026E-01   0.0000E+00   0.0000E+00
    45     1   1.9425E+18   8.7236E-01   8.3406E-01   9.4567E-01   0.0000E+00   0.0000E+00
    45     2   5.5742E+18   6.9274E-01   7.0509E-01   6.1322E-01   0.0000E+00   0.0000E+00
    45     3   4.2190E+18   6.2285E-01   8.2422E-01   5.9647E-01   0.0000E+00   0.0000E+00
    45     4   2.0828E+18   5.2116E-01   8.0067E-01   5.7154E-01   0.0000E+00   0.0000E+00
    45     5   2.5505E+18   5.2182E-01   7.4666E-01   5.5740E-01   0.0000E+00   0.0000E+00
    45     6   7.4198E+18   7.5101E-01   1.2627E+00   5.3661E-01   0.0000E+00   0.0000E+00
    45     7   6.7620E+18   4.9564E-01   1.4669E+00   4.5113E-01   0.0000E+00   0.0000E+00
    45     8   8.8521E+18   5.3590E-01   1.9132E+00   4.2134E-01   0.0000E+00   0.0000E+00
    45     9   1.0969E+19   4.6341E-01   2.2991E+00   3.7830E-01   0.0000E+00   0.0000E+00
    45    10   1.4185E+19   6.2682E-01   3.2020E+00   7.0512E-01   0.0000E+00   0.0000E+00
    45    11   1.2452E+19   6.1010E-01   2.6894E+00   6.4915E-01   0.0000E+00   0.0000E+00
    45    12   1.0718E+19   4.4778E-01   2.2055E+00   4.5130E-01   0.0000E+00   0.0000E+00
    45    13   1.0256E+19   3.8890E-01   2.4206E+00   4.0594E-01   0.0000E+00   0.0000E+00
    45    14   8.1485E+18   3.7138E-01   2.0075E+00   3.8962E-01   0.0000E+00   0.0000E+00
    45    15   1.4514E+19   3.8720E-01   3.3226E+00   3.9240E-01   0.0000E+00   0.0000E+00
    45    16   1.6887E+19   3.5470E-01   4.4153E+00   3.4798E-01   0.0000E+00   0.0000E+00
    45    17   3.0110E+19   2.7201E-01   9.1287E+00   2.7649E-01   0.0000E+00   0.0000E+00
    45    18   1.7384E+19   2.9242E-01   5.1463E+00   3.1087E-01   0.0000E+00   0.0000E+00
    45    19   2.5279E+19   2.4791E-01   5.7435E+00   2.3624E-01   0.0000E+00   0.0000E+00
    45    20   3.8439E+19   2.7209E-01   8.2598E+00   2.5960E-01   0.0000E+00   0.0000E+00
    45    21   3.2475E+19   2.0276E-01   7.9303E+00   1.9985E-01   0.0000E+00   0.0000E+00
    45    22   2.6539E+19   2.3945E-01   6.0141E+00   2.5216E-01   0.0000E+00   0.0000E+00
    45    23   2.3820E+19   2.5207E-01   7.1124E+00   2.7098E-01   0.0000E+00   0.0000E+00
    45    24   2.0337E+19   2.5693E-01   6.3970E+00   2.7108E-01   0.0000E+00   0.0000E+00
    45    25   7.7653E+18   2.6689E-01   3.2688E+00   3.1066E-01   0.0000E+00   0.0000E+00
    45    26   6.1622E+18   2.6518E-01   2.5532E+00   2.6861E-01   0.0000E+00   0.0000E+00
    45    27   6.9782E+18   2.5691E-01   3.3920E+00   2.7071E-01   0.0000E+00   0.0000E+00
    45    28   4.6228E+18   3.3788E-01   2.0667E+00   2.7720E-01   0.0000E+00   0.0000E+00
    45    29   4.2845E+18   3.6433E-01   1.7272E+00   3.6144E-01   0.0000E+00   0.0000E+00
    45    30   2.4968E+18   3.8774E-01   1.5799E+00   4.3267E-01   0.0000E+00   0.0000E+00
    45    31   1.8626E+18   3.8490E-01   1.5657E+00   4.3041E-01   0.0000E+00   0.0000E+00
    45    32   1.3006E+18   5.5771E-01   1.2089E+00   5.8467E-01   0.0000E+00   0.0000E+00
    46     1   2.2265E+17   7.2455E-01   3.3025E-02   7.1488E-01   0.0000E+00   0.0000E+00
    46     2   1.7670E+17   6.4401E-01   3.5149E-02   6.4132E-01   0.0000E+00   0.0000E+00
    46     3   3.6465E+18   8.8209E-01   7.6722E-01   8.6911E-01   0.0000E+00   0.0000E+00
    46     4   2.7741E+18   5.8430E-01   7.3417E-01   5.7915E-01   0.0000E+00   0.0000E+00
    46     5   1.0555E+18   5.7075E-01   3.3152E-01   6.4746E-01   0.0000E+00   0.0000E+00
    46     6   1.4823E+18   6.5984E-01   3.6741E-01   8.0929E-01   0.0000E+00   0.0000E+00
    46     7   4.8612E+18   9.0613E-01   5.4641E-01   7.4605E-01   0.0000E+00   0.0000E+00
    46     8   1.8261E+18   6.9044E-01   8.6777E-01   8.0875E-01   0.0000E+00   0.0000E+00
    46     9   3.9804E+18   6.5975E-01   1.0869E+00   5.6192E-01   0.0000E+00   0.0000E+00
    46    10   4.1968E+18   6.6128E-01   1.6470E+00   6.1593E-01   0.0000E+00   0.0000E+00
    46    11   6.6085E+18   6.2499E-01   1.8308E+00   6.5331E-01   0.0000E+00   0.0000E+00
    46    12   7.0376E+18   6.9985E-01   1.1922E+00   5.2966E-01   0.0000E+00   0.0000E+00
    46    13   6.0443E+18   4.7822E-01   1.1762E+00   4.8972E-01   0.0000E+00   0.0000E+00
    46    14   8.0295E+18   4.4017E-01   1.8425E+00   4.3751E-01   0.0000E+00   0.0000E+00
    46    15   1.4958E+19   4.8752E-01   3.8062E+00   4.4092E-01   0.0000E+00   0.0000E+00
    46    16   1.5358E+19   3.5028E-01   3.6900E+00   3.4783E-01   0.0000E+00   0.0000E+00
    46    17   2.1147E+19   3.1809E-01   6.0185E+00   3.1660E-01   0.0000E+00   0.0000E+00
    46    18   2.3402E+19   3.6419E-01   6.6841E+00   3.5117E-01   0.0000E+00   0.0000E+00
    46    19   1.4325E+19   2.5232E-01   3.7312E+00   2.5182E-01   0.0000E+00   0.0000E+00
    46    20   3.3373E+19   2.8996E-01   9.3301E+00   3.0488E-01   0.0000E+00   0.0000E+00
    46    21   3.2277E+19   1.9228E-01   8.7454E+00   2.1071E-01   0.0000E+00   0.0000E+00
    46    22   1.7844E+19   2.1758E-01   5.0283E+00   2.6136E-01   0.0000E+00   0.0000E+00
    46    23   2.0725E+19   2.8760E-01   4.9331E+00   2.4811E-01   0.0000E+00   0.0000E+00
    46    24   2.4120E+19   3.0280E-01   6.3658E+00   2.6531E-01   0.0000E+00   0.0000E+00
    46    25   1.2683E+19   3.0325E-01   4.4497E+00   2.9168E-01   0.0000E+00   0.0000E+00
    46    26   6.1205E+18   3.2687E-01   2.9001E+00   3.4837E-01   0.0000E+00   0.0000E+00
    46    27   9.6640E+18   3.9510E-01   7.2052E+00   6.0533E-01   0.0000E+00   0.0000E+00
    46    28   7.0053E+18   3.2213E-01   6.1416E+00   4.8559E-01   0.0000E+00   0.0000E+00
    46    29   5.2638E+18   3.2181E-01   2.2129E+00   3.1380E-01   0.0000E+00   0.0000E+00
    46    30   2.9752E+18   4.1738E-01   1.3859E+00   4.3525E-01   0.0000E+00   0.0000E+00
    46    31   2.0407E+18   4.1431E-01   2.0071E+00   4.7324E-01   0.0000E+00   0.0000E+00
    46    32   8.3899E+17   7.2577E-01   7.5205E-01   7.1055E-01   0.0000E+00   0.0000E+00
    47     1   2.1583E+18   9.0507E-01   3.3173E-01   8.5693E-01   0.0000E+00   0.0000E+00
    47     2   4.1978E+17   7.6417E-01   7.8655E-02   6.4322E-01   0.0000E+00   0.0000E+00
    47     3   1.8087E+18   6.8605E-01   5.1495E-01   6.7636E-01   0.0000E+00   0.0000E+00
    47     4   3.1774E+18   8.2367E-01   5.7640E-01   7.6402E-01   0.0000E+00   0.0000E+00
    47     5   1.2422E+18   5.6203E-01   4.8935E-01   7.0996E-01   0.0000E+00   0.0000E+00
    47     6   1.1318E+18   5.6812E-01   3.1931E-01   6.7840E-01   0.0000E+00   0.0000E+00
    47     7   5.9003E+18   8.1519E-01   6.7865E-01   6.9792E-01   0.0000E+00   0.0000E+00
    47     8   1.4106E+18   8.4487E-01   7.2697E-01   9.4414E-01   0.0000E+00   0.0000E+00
    47     9   7.9572E+17   7.6604E-01   2.0159E-01   6.4883E-01   0.0000E+00   0.0000E+00
    47    10   3.0227E+18   7.1736E-01   1.2176E+00   6.9737E-01   0.0000E+00   0.0000E+00
    47    11   2.9562E+18   5.4082E-01   9.2158E-01   5.3331E-01   0.0000E+00   0.0000E+00
    47    12   4.6209E+18   5.7978E-01   8.8868E-01   5.5161E-01   0.0000E+00   0.0000E+00
    47    13   2.3165E+18   4.7236E-01   6.4808E-01   4.5034E-01   0.0000E+00   0.0000E+00
    47    14   8.0369E+18   3.9847E-01   1.9955E+00   4.5205E-01   0.0000E+00   0.0000E+00
    47    15   5.7188E+18   5.2405E-01   1.2542E+00   4.7941E-01   0.0000E+00   0.0000E+00
    47    16   1.4425E+19   6.3403E-01   3.2898E+00   5.5357E-01   0.0000E+00   0.0000E+00
    47    17   2.6655E+19   4.7923E-01   4.7360E+00   4.0928E-01   0.0000E+00   0.0000E+00
    47    18   2.5182E+19   3.0124E-01   5.8347E+00   2.9976E-01   0.0000E+00   0.0000E+00
    47    19   2.2259E+19   4.0289E-01   6.3373E+00   3.7949E-01   0.0000E+00   0.0000E+00
    47    20   2.0393E+19   2.1427E-01   5.9219E+00   2.2044E-01   0.0000E+00   0.0000E+00
    47    21   3.0509E+19   2.1464E-01   8.3190E+00   2.2212E-01   0.0000E+00   0.0000E+00
    47    22   1.8452E+19   2.2712E-01   5.1780E+00   2.2653E-01   0.0000E+00   0.0000E+00
    47    23   2.5612E+19   3.0749E-01   6.3376E+00   2.6492E-01   0.0000E+00   0.0000E+00
    47    24   2.5122E+19   3.2280E-01   4.7712E+00   2.4046E-01   0.0000E+00   0.0000E+00
    47    25   1.0204E+19   2.8763E-01   4.1558E+00   2.8548E-01   0.0000E+00   0.0000E+00
    47    26   1.1492E+19   3.1037E-01   4.6039E+00   3.1963E-01   0.0000E+00   0.0000E+00
    47    27   8.8466E+18   3.1570E-01   4.1845E+00   3.1463E-01   0.0000E+00   0.0000E+00
    47    28   1.1853E+19   3.4255E-01   7.5409E+00   3.6926E-01   0.0000E+00   0.0000E+00
    47    29   7.3366E+18   3.4320E-01   5.8531E+00   5.1116E-01   0.0000E+00   0.0000E+00
    47    30   2.4150E+18   3.9542E-01   9.6166E-01   3.9944E-01   0.0000E+00   0.0000E+00
    47    31   2.2683E+18   3.9329E-01   2.0442E+00   4.6622E-01   0.0000E+00   0.0000E+00
    47    32   9.4696E+17   5.9225E-01   5.8870E-01   5.3217E-01   0.0000E+00   0.0000E+00
    48     1   4.9308E+17   6.3432E-01   1.1261E-01   7.1836E-01   0.0000E+00   0.0000E+00
    48     2   1.8968E+18   9.9270E-01   2.7783E-01   9.8173E-01   0.0000E+00   0.0000E+00
    48     3   4.7156E+17   7.0938E-01   7.7255E-02   6.6465E-01   0.0000E+00   0.0000E+00
    48     4   2.5838E+18   8.1061E-01   6.2787E-01   8.1093E-01   0.0000E+00   0.0000E+00
    48     5   3.2094E+18   6.6712E-01   8.4497E-01   5.9149E-01   0.0000E+00   0.0000E+00
    48     6   1.0901E+18   6.0540E-01   2.9007E-01   5.9419E-01   0.0000E+00   0.0000E+00
    48     7   2.9694E+18   6.0556E-01   1.0921E+00   8.0468E-01   0.0000E+00   0.0000E+00
    48     8   5.8372E+18   7.9825E-01   5.7362E-01   7.5475E-01   0.0000E+00   0.0000E+00
    48     9   2.3669E+16   6.5440E-01   6.6826E-03   7.4721E-01   0.0000E+00   0.0000E+00
    48    10   2.5301E+18   8.6376E-01   1.0436E+00   8.6373E-01   0.0000E+00   0.0000E+00
    48    11   1.5284E+18   6.7724E-01   5.5108E-01   6.8889E-01   0.0000E+00   0.0000E+00
    48    12   3.0128E+18   5.3009E-01   6.5736E-01   5.1319E-01   0.0000E+00   0.0000E+00
    48    13   2.3008E+18   4.6437E-01   5.5780E-01   4.9363E-01   0.0000E+00   0.0000E+00
    48    14   3.4257E+18   5.0847E-01   6.8698E-01   4.8225E-01   0.0000E+00   0.0000E+00
    48    15   5.3627E+18   4.1557E-01   1.1709E+00   4.0618E-01   0.0000E+00   0.0000E+00
    48    16   1.2653E+19   6.3227E-01   2.9474E+00   6.5823E-01   0.0000E+00   0.0000E+00
    48    17   1.7300E+19   4.6185E-01   2.8703E+00   4.0886E-01   0.0000E+00   0.0000E+00
    48    18   1.6331E+19   3.5884E-01   3.7666E+00   3.5439E-01   0.0000E+00   0.0000E+00
    48    19   1.3842E+19   3.5678E-01   4.3609E+00   3.2333E-01   0.0000E+00   0.0000E+00
    48    20   1.7464E+19   2.4381E-01   5.9548E+00   2.6030E-01   0.0000E+00   0.0000E+00
    48    21   2.1073E+19   2.3093E-01   7.3622E+00   2.5264E-01   0.0000E+00   0.0000E+00
    48    22   2.2733E+19   2.3090E-01   6.2464E+00   2.3577E-01   0.0000E+00   0.0000E+00
    48    23   2.5335E+19   3.2128E-01   6.5068E+00   2.9645E-01   0.0000E+00   0.0000E+00
    48    24   1.5844E+19   2.6751E-01   4.6235E+00   2.9572E-01   0.0000E+00   0.0000E+00
    48    25   1.0638E+19   3.3360E-01   6.3993E+00   4.8969E-01   0.0000E+00   0.0000E+00
    48    26   1.0922E+19   3.3459E-01   6.0525E+00   5.6441E-01   0.0000E+00   0.0000E+00
    48    27   7.9164E+18   3.6055E-01   6.3686E+00   5.6599E-01   0.0000E+00   0.0000E+00
    48    28   1.0750E+19   3.4998E-01   8.5016E+00   4.7132E-01   0.0000E+00   0.0000E+00
    48    29   8.7964E+18   3.6057E-01   3.6718E+00   3.7506E-01   0.0000E+00   0.0000E+00
    48    30   2.4124E+18   4.5677E-01   1.1611E+00   5.4507E-01   0.0000E+00   0.0000E+00
    48    31   2.1241E+18   4.3951E-01   1.4899E+00   4.8933E-01   0.0000E+00   0.0000E+00
    48    32   1.7414E+18   4.8026E-01   1.2482E+00   5.2180E-01   0.0000E+00   0.0000E+00
     1     1   5.6052E+19   3.6156E-01   2.3217E-01   3.6156E-01   0.0000E+00   0.0000E+00
     1     2   6.9384E+19   3.8416E-01   2.8739E-01   3.8416E-01   0.0000E+00   0.0000E+00
     1     3   6.8488E+19   4.1830E-01   2.8368E-01   4.1830E-01   0.0000E+00   0.0000E+00
     1     4   6.0208E+19   5.8584E-01   2.4938E-01   5.8584E-01   0.0000E+00   0.0000E+00
     1     5   3.7655E+19   3.0740E-01   1.5596E-01   3.0740E-01   0.0000E+00   0.0000E+00
     1     6   2.6641E+19   3.4830E-01   1.1034E-01   3.4830E-01   0.0000E+00   0.0000E+00
     1     7   1.3427E+20   3.3397E-01   5.5614E-01   3.3397E-01   0.0000E+00   0.0000E+00
     1     8   5.5241E+19   3.4859E-01   2.2881E-01   3.4859E-01   0.0000E+00   0.0000E+00
     1     9   1.9712E+19   4.6801E-01   8.1647E-02   4.6801E-01   0.0000E+00   0.0000E+00
     1    10   3.6166E+19   4.0696E-01   1.4980E-01   4.0696E-01   0.0000E+00   0.0000E+00
     1    11   9.2173E+19   3.1675E-01   3.8178E-01   3.1675E-01   0.0000E+00   0.0000E+00
     1    12   1.1369E+20   3.4218E-01   4.7092E-01   3.4218E-01   0.0000E+00   0.0000E+00
     1    13   1.4597E+20   2.7850E-01   6.0460E-01   2.7850E-01   0.0000E+00   0.0000E+00
     1    14   1.2421E+20   3.1044E-01   5.1446E-01   3.1044E-01   0.0000E+00   0.0000E+00
     1    15   6.6938E+19   2.9222E-01   2.7726E-01   2.9222E-01   0.0000E+00   0.0000E+00
     1    16   9.2708E+19   2.6320E-01   3.8399E-01   2.6320E-01   0.0000E+00   0.0000E+00
     1    17   5.4060E+19   2.5558E-01   2.2391E-01   2.5558E-01   0.0000E+00   0.0000E+00
     1    18   3.3354E+19   2.4982E-01   1.3815E-01   2.4982E-01   0.0000E+00   0.0000E+00
     1    19   4.5325E+19   2.4017E-01   1.8773E-01   2.4017E-01   0.0000E+00   0.0000E+00
     1    20   1.7986E+19   2.5193E-01   7.4498E-02   2.5193E-01   0.0000E+00   0.0000E+00
     1    21   3.1004E+19   3.1268E-01   1.2842E-01   3.1268E-01   0.0000E+00   0.0000E+00
     1    22   2.6734E+19   3.4008E-01   1.1073E-01   3.4008E-01   0.0000E+00   0.0000E+00
     1    23   2.1125E+19   2.9061E-01   8.7500E-02   2.9061E-01   0.0000E+00   0.0000E+00
     1    24   4.3257E+19   7.5775E-01   1.7917E-01   7.5775E-01   0.0000E+00   0.0000E+00
     1    25   8.4358E+17   9.4493E-01   3.4941E-03   9.4493E-01   0.0000E+00   0.0000E+00
     1    26   1.8782E+16   1.0000E+00   7.7795E-05   1.0000E+00   0.0000E+00   0.0000E+00
     1    27   5.8856E+18   5.7593E-01   2.4378E-02   5.7593E-01   0.0000E+00   0.0000E+00
     1    28   9.2441E+17   7.1019E-01   3.8289E-03   7.1019E-01   0.0000E+00   0.0000E+00
     1    29   3.7629E+17   6.7270E-01   1.5586E-03   6.7270E-01   0.0000E+00   0.0000E+00
     1    30   2.8089E+18   1.0000E+00   1.1634E-02   1.0000E+00   0.0000E+00   0.0000E+00
     1    31   2.4922E+18   1.0000E+00   1.0323E-02   1.0000E+00   0.0000E+00   0.0000E+00
     1    32   0.0000E+00   0.0000E+00   0.0000E+00   0.0000E+00   0.0000E+00   0.0000E+00
     2     1   8.0193E+19   5.0000E-01   3.3216E-01   5.0000E-01   0.0000E+00   0.0000E+00
     2     2   5.9175E+19   3.2095E-01   2.4510E-01   3.2095E-01   0.0000E+00   0.0000E+00
     2     3   6.6932E+19   4.6335E-01   2.7723E-01   4.6335E-01   0.0000E+00   0.0000E+00
     2     4   2.6862E+19   3.2988E-01   1.1126E-01   3.2988E-01   0.0000E+00   0.0000E+00
     2     5   3.5483E+19   3.4514E-01   1.4697E-01   3.4514E-01   0.0000E+00   0.0000E+00
     2     6   9.5652E+19   3.4858E-01   3.9619E-01   3.4858E-01   0.0000E+00   0.0000E+00
     2     7   1.0218E+20   3.0288E-01   4.2322E-01   3.0288E-01   0.0000E+00   0.0000E+00
     2     8   4.0238E+19   4.3214E-01   1.6666E-01   4.3214E-01   0.0000E+00   0.0000E+00
     2     9   4.4351E+19   4.5701E-01   1.8370E-01   4.5701E-01   0.0000E+00   0.0000E+00
     2    10   9.5601E+19   3.0644E-01   3.9597E-01   3.0644E-01   0.0000E+00   0.0000E+00
     2    11   7.3631E+19   3.7254E-01   3.0498E-01   3.7254E-01   0.0000E+00   0.0000E+00
     2    12   1.1429E+20   3.0654E-01   4.7341E-01   3.0654E-01   0.0000E+00   0.0000E+00
     2    13   1.1806E+20   2.0500E-01   4.8902E-01   2.0500E-01   0.0000E+00   0.0000E+00
     2    14   8.6546E+19   3.1479E-01   3.5847E-01   3.1479E-01   0.0000E+00   0.0000E+00
     2    15   7.0977E+19   2.6593E-01   2.9399E-01   2.6593E-01   0.0000E+00   0.0000E+00
     2    16   9.6575E+19   2.8465E-01   4.0001E-01   2.8465E-01   0.0000E+00   0.0000E+00
     2    17   5.4967E+19   2.3245E-01   2.2767E-01   2.3245E-01   0.0000E+00   0.0000E+00
     2    18   2.6209E+19   2.7050E-01   1.0856E-01   2.7050E-01   0.0000E+00   0.0000E+00
     2    19   3.8846E+19   2.6435E-01   1.6090E-01   2.6435E-01   0.0000E+00   0.0000E+00
     2    20   2.0337E+19   2.4782E-01   8.4235E-02   2.4782E-01   0.0000E+00   0.0000E+00
     2    21   2.8234E+19   3.1673E-01   1.1695E-01   3.1673E-01   0.0000E+00   0.0000E+00
     2    22   2.6473E+19   3.3635E-01   1.0965E-01   3.3635E-01   0.0000E+00   0.0000E+00
     2    23   2.1797E+19   2.9683E-01   9.0281E-02   2.9683E-01   0.0000E+00   0.0000E+00
     2    24   4.1342E+19   7.8005E-01   1.7124E-01   7.8005E-01   0.0000E+00   0.0000E+00
     2    25   3.2003E+17   9.7599E-01   1.3256E-03   9.7599E-01   0.0000E+00   0.0000E+00
     2    26   2.7692E+18   7.2371E-01   1.1470E-02   7.2371E-01   0.0000E+00   0.0000E+00
     2    27   3.0029E+18   6.6254E-01   1.2438E-02   6.6254E-01   0.0000E+00   0.0000E+00
     2    28   3.0843E+17   7.5584E-01   1.2775E-03   7.5584E-01   0.0000E+00   0.0000E+00
     2    29   2.7844E+17   7.1329E-01   1.1533E-03   7.1329E-01   0.0000E+00   0.0000E+00
     2    30   2.8320E+18   1.0000E+00   1.1730E-02   1.0000E+00   0.0000E+00   0.0000E+00
     2    31   1.2737E+18   1.0000E+00   5.2756E-03   1.0000E+00   0.0000E+00   0.0000E+00
     2    32   0.0000E+00   0.0000E+00   0.0000E+00   0.0000E+00   0.0000E+00   0.0000E+00
     3     1   1.1825E+20   4.1757E-01   4.8980E-01   4.1757E-01   0.0000E+00   0.0000E+00
     3     2   6.2754E+19   3.9589E-01   2.5993E-01   3.9589E-01   0.0000E+00   0.0000E+00
     3     3   2.4646E+19   2.7924E-01   1.0208E-01   2.7924E-01   0.0000E+00   0.0000E+00
     3     4   5.5568E+19   3.1070E-01   2.3016E-01   3.1070E-01   0.0000E+00   0.0000E+00
     3     5   7.1990E+19   3.1106E-01   2.9818E-01   3.1106E-01   0.0000E+00   0.0000E+00
     3     6   1.0754E+20   3.3892E-01   4.4541E-01   3.3892E-01   0.0000E+00   0.0000E+00
     3     7   3.1691E+19   4.4082E-01   1.3126E-01   4.4082E-01   0.0000E+00   0.0000E+00
     3     8   3.5125E+19   3.5914E-01   1.4549E-01   3.5914E-01   0.0000E+00   0.0000E+00
     3     9   5.7129E+19   2.7588E-01   2.3663E-01   2.7588E-01   0.0000E+00   0.0000E+00
     3    10   1.0825E+20   3.1358E-01   4.4839E-01   3.1358E-01   0.0000E+00   0.0000E+00
     3    11   8.5039E+19   3.7159E-01   3.5223E-01   3.7159E-01   0.0000E+00   0.0000E+00
     3    12   9.6768E+19   2.3355E-01   4.0081E-01   2.3355E-01   0.0000E+00   0.0000E+00
     3    13   9.9166E+19   2.1235E-01   4.1074E-01   2.1235E-01   0.0000E+00   0.0000E+00
     3    14   6.0385E+19   2.7627E-01   2.5011E-01   2.7627E-01   0.0000E+00   0.0000E+00
     3    15   9.2154E+19   2.5996E-01   3.8170E-01   2.5996E-01   0.0000E+00   0.0000E+00
     3    16   8.1035E+19   2.3602E-01   3.3564E-01   2.3602E-01   0.0000E+00   0.0000E+00
     3    17   5.5122E+19   2.7296E-01   2.2831E-01   2.7296E-01   0.0000E+00   0.0000E+00
     3    18   2.7326E+19   2.4819E-01   1.1318E-01   2.4819E-01   0.0000E+00   0.0000E+00
     3    19   2.6904E+19   3.3021E-01   1.1143E-01   3.3021E-01   0.0000E+00   0.0000E+00
     3    20   2.5011E+19   2.4529E-01   1.0359E-01   2.4529E-01   0.0000E+00   0.0000E+00
     3    21   2.8047E+19   2.9537E-01   1.1617E-01   2.9537E-01   0.0000E+00   0.0000E+00
     3    22   2.0561E+19   3.6568E-01   8.5164E-02   3.6568E-01   0.0000E+00   0.0000E+00
     3    23   4.0234E+19   5.1032E-01   1.6665E-01   5.1032E-01   0.0000E+00   0.0000E+00
     3    24   1.3832E+19   5.2243E-01   5.7291E-02   5.2243E-01   0.0000E+00   0.0000E+00
     3    25   6.3393E+17   6.9840E-01   2.6257E-03   6.9840E-01   0.0000E+00   0.0000E+00
     3    26   3.9239E+18   7.0772E-01   1.6253E-02   7.0772E-01   0.0000E+00   0.0000E+00
     3    27   2.0065E+18   9.3256E-01   8.3110E-03   9.3256E-01   0.0000E+00   0.0000E+00
     3    28   2.5856E+17   7.1946E-01   1.0710E-03   7.1946E-01   0.0000E+00   0.0000E+00
     3    29   9.2947E+17   9.5882E-01   3.8498E-03   9.5882E-01   0.0000E+00   0.0000E+00
     3    30   2.0892E+18   1.0000E+00   8.6536E-03   1.0000E+00   0.0000E+00   0.0000E+00
     3    31   0.0000E+00   0.0000E+00   0.0000E+00   0.0000E+00   0.0000E+00   0.0000E+00
     3    32   0.0000E+00   0.0000E+00   0.0000E+00   0.0000E+00   0.0000E+00   0.0000E+00
     4     1   7.1916E+19   4.0994E-01   2.9787E-01   4.0994E-01   0.0000E+00   0.0000E+00
     4     2   6.5649E+19   3.3747E-01   2.7191E-01   3.3747E-01   0.0000E+00   0.0000E+00
     4     3   5.3517E+19   3.1826E-01   2.2167E-01   3.1826E-01   0.0000E+00   0.0000E+00
     4     4   5.7569E+19   2.8900E-01   2.3845E-01   2.8900E-01   0.0000E+00   0.0000E+00
     4     5   6.1780E+19   3.1574E-01   2.5589E-01   3.1574E-01   0.0000E+00   0.0000E+00
     4     6   5.1444E+19   4.2872E-01   2.1308E-01   4.2872E-01   0.0000E+00   0.0000E+00
     4     7   5.3964E+19   3.8448E-01   2.2352E-01   3.8448E-01   0.0000E+00   0.0000E+00
     4     8   7.6132E+19   3.1049E-01   3.1534E-01   3.1049E-01   0.0000E+00   0.0000E+00
     4     9   1.0623E+20   2.8649E-01   4.3999E-01   2.8649E-01   0.0000E+00   0.0000E+00
     4    10   6.5811E+19   3.6107E-01   2.7259E-01   3.6107E-01   0.0000E+00   0.0000E+00
     4    11   7.5190E+19   2.4278E-01   3.1143E-01   2.4278E-01   0.0000E+00   0.0000E+00
     4    12   9.6760E+19   2.1505E-01   4.0078E-01   2.1505E-01   0.0000E+00   0.0000E+00
     4    13   8.3729E+19   2.3198E-01   3.4680E-01   2.3198E-01   0.0000E+00   0.0000E+00
     4    14   5.1198E+19   2.8989E-01   2.1206E-01   2.8989E-01   0.0000E+00   0.0000E+00
     4    15   1.0275E+20   2.5067E-01   4.2560E-01   2.5067E-01   0.0000E+00   0.0000E+00
     4    16   7.0913E+19   2.0689E-01   2.9372E-01   2.0689E-01   0.0000E+00   0.0000E+00
     4    17   4.4316E+19   2.6183E-01   1.8356E-01   2.6183E-01   0.0000E+00   0.0000E+00
     4    18   2.5165E+19   2.4667E-01   1.0423E-01   2.4667E-01   0.0000E+00   0.0000E+00
     4    19   2.5641E+19   3.3231E-01   1.0621E-01   3.3231E-01   0.0000E+00   0.0000E+00
     4    20   2.7228E+19   2.4757E-01   1.1278E-01   2.4757E-01   0.0000E+00   0.0000E+00
     4    21   2.1931E+19   3.4752E-01   9.0838E-02   3.4752E-01   0.0000E+00   0.0000E+00
     4    22   2.3272E+19   3.1783E-01   9.6391E-02   3.1783E-01   0.0000E+00   0.0000E+00
     4    23   4.3662E+19   5.1510E-01   1.8085E-01   5.1510E-01   0.0000E+00   0.0000E+00
     4    24   3.7678E+18   7.1039E-01   1.5606E-02   7.1039E-01   0.0000E+00   0.0000E+00
     4    25   1.2249E+17   8.2076E-01   5.0734E-04   8.2076E-01   0.0000E+00   0.0000E+00
     4    26   3.6338E+18   6.9878E-01   1.5051E-02   6.9878E-01   0.0000E+00   0.0000E+00
     4    27   2.1321E+18   8.9464E-01   8.8310E-03   8.9464E-01   0.0000E+00   0.0000E+00
     4    28   1.7643E+17   1.0000E+00   7.3077E-04   1.0000E+00   0.0000E+00   0.0000E+00
     4    29   2.6874E+18   9.9184E-01   1.1131E-02   9.9184E-01   0.0000E+00   0.0000E+00
     4    30   2.8201E+17   1.0000E+00   1.1681E-03   1.0000E+00   0.0000E+00   0.0000E+00
     4    31   0.0000E+00   0.0000E+00   0.0000E+00   0.0000E+00   0.0000E+00   0.0000E+00
     4    32   0.0000E+00   0.0000E+00   0.0000E+00   0.0000E+00   0.0000E+00   0.0000E+00
     5     1   5.1087E+19   3.1314E-01   2.1160E-01   3.1314E-01   0.0000E+00   0.0000E+00
     5     2   9.7524E+19   4.2730E-01   4.0394E-01   4.2730E-01   0.0000E+00   0.0000E+00
     5     3   7.3117E+19   2.8697E-01   3.0285E-01   2.8697E-01   0.0000E+00   0.0000E+00
     5     4   5.9344E+19   3.1859E-01   2.4580E-01   3.1859E-01   0.0000E+00   0.0000E+00
     5     5   8.2319E+19   3.8903E-01   3.4096E-01   3.8903E-01   0.0000E+00   0.0000E+00
     5     6   6.3200E+19   3.7192E-01   2.6177E-01   3.7192E-01   0.0000E+00   0.0000E+00
     5     7   6.2291E+19   2.7749E-01   2.5801E-01   2.7749E-01   0.0000E+00   0.0000E+00
     5     8   7.5338E+19   3.0022E-01   3.1205E-01   3.0022E-01   0.0000E+00   0.0000E+00
     5     9   8.1292E+19   2.8137E-01   3.3671E-01   2.8137E-01   0.0000E+00   0.0000E+00
     5    10   6.1820E+19   2.8862E-01   2.5606E-01   2.8862E-01   0.0000E+00   0.0000E+00
     5    11   8.5989E+19   2.3770E-01   3.5617E-01   2.3770E-01   0.0000E+00   0.0000E+00
     5    12   6.9604E+19   2.4778E-01   2.8830E-01   2.4778E-01   0.0000E+00   0.0000E+00
     5    13   7.5262E+19   2.3526E-01   3.1173E-01   2.3526E-01   0.0000E+00   0.0000E+00
     5    14   6.9882E+19   2.3149E-01   2.8945E-01   2.3149E-01   0.0000E+00   0.0000E+00
     5    15   9.6856E+19   2.4731E-01   4.0117E-01   2.4731E-01   0.0000E+00   0.0000E+00
     5    16   6.0754E+19   2.2426E-01   2.5164E-01   2.2426E-01   0.0000E+00   0.0000E+00
     5    17   3.0172E+19   2.5600E-01   1.2497E-01   2.5600E-01   0.0000E+00   0.0000E+00
     5    18   2.8211E+19   2.4050E-01   1.1685E-01   2.4050E-01   0.0000E+00   0.0000E+00
     5    19   2.2707E+19   3.1307E-01   9.4051E-02   3.1307E-01   0.0000E+00   0.0000E+00
     5    20   2.4764E+19   2.7731E-01   1.0257E-01   2.7731E-01   0.0000E+00   0.0000E+00
     5    21   1.7683E+19   2.9521E-01   7.3242E-02   2.9521E-01   0.0000E+00   0.0000E+00
     5    22   4.1817E+19   5.9974E-01   1.7321E-01   5.9974E-01   0.0000E+00   0.0000E+00
     5    23   2.0758E+19   3.0118E-01   8.5981E-02   3.0118E-01   0.0000E+00   0.0000E+00
     5    24   3.1515E+18   8.6137E-01   1.3053E-02   8.6137E-01   0.0000E+00   0.0000E+00
     5    25   2.6718E+16   7.6284E-01   1.1067E-04   7.6284E-01   0.0000E+00   0.0000E+00
     5    26   3.2701E+18   6.9039E-01   1.3545E-02   6.9039E-01   0.0000E+00   0.0000E+00
     5    27   1.4846E+18   8.5501E-01   6.1492E-03   8.5501E-01   0.0000E+00   0.0000E+00
     5    28   2.0098E+17   1.0000E+00   8.3247E-04   1.0000E+00   0.0000E+00   0.0000E+00
     5    29   2.4700E+18   1.0000E+00   1.0231E-02   1.0000E+00   0.0000E+00   0.0000E+00
     5    30   0.0000E+00   0.0000E+00   0.0000E+00   0.0000E+00   0.0000E+00   0.0000E+00
     5    31   0.0000E+00   0.0000E+00   0.0000E+00   0.0000E+00   0.0000E+00   0.0000E+00
     5    32   0.0000E+00   0.0000E+00   0.0000E+00   0.0000E+00   0.0000E+00   0.0000E+00
     6     1   4.4649E+19   2.9859E-01   1.8494E-01   2.9859E-01   0.0000E+00   0.0000E+00
     6     2   8.8686E+19   4.2026E-01   3.6734E-01   4.2026E-01   0.0000E+00   0.0000E+00
     6     3   6.0124E+19   2.9842E-01   2.4903E-01   2.9842E-01   0.0000E+00   0.0000E+00
     6     4   6.1749E+19   2.8406E-01   2.5576E-01   2.8406E-01   0.0000E+00   0.0000E+00
     6     5   8.2770E+19   3.4095E-01   3.4283E-01   3.4095E-01   0.0000E+00   0.0000E+00
     6     6   5.5071E+19   2.5350E-01   2.2810E-01   2.5350E-01   0.0000E+00   0.0000E+00
     6     7   7.8820E+19   2.8142E-01   3.2647E-01   2.8142E-01   0.0000E+00   0.0000E+00
     6     8   7.4666E+19   2.9639E-01   3.0927E-01   2.9639E-01   0.0000E+00   0.0000E+00
     6     9   6.2417E+19   2.9827E-01   2.5853E-01   2.9827E-01   0.0000E+00   0.0000E+00
     6    10   7.8287E+19   2.3033E-01   3.2426E-01   2.3033E-01   0.0000E+00   0.0000E+00
     6    11   6.5932E+19   2.5752E-01   2.7309E-01   2.5752E-01   0.0000E+00   0.0000E+00
     6    12   7.0254E+19   2.5083E-01   2.9099E-01   2.5083E-01   0.0000E+00   0.0000E+00
     6    13   7.0485E+19   2.3510E-01   2.9195E-01   2.3510E-01   0.0000E+00   0.0000E+00
     6    14   8.2173E+19   2.5983E-01   3.4036E-01   2.5983E-01   0.0000E+00   0.0000E+00
     6    15   7.2702E+19   2.1363E-01   3.0113E-01   2.1363E-01   0.0000E+00   0.0000E+00
     6    16   5.4778E+19   2.4109E-01   2.2689E-01   2.4109E-01   0.0000E+00   0.0000E+00
     6    17   2.4865E+19   2.8259E-01   1.0299E-01   2.8259E-01   0.0000E+00   0.0000E+00
     6    18   2.6717E+19   2.4867E-01   1.1066E-01   2.4867E-01   0.0000E+00   0.0000E+00
     6    19   2.4019E+19   3.0032E-01   9.9486E-02   3.0032E-01   0.0000E+00   0.0000E+00
     6    20   2.2348E+19   2.8854E-01   9.2565E-02   2.8854E-01   0.0000E+00   0.0000E+00
     6    21   2.8483E+19   5.0189E-01   1.1798E-01   5.0189E-01   0.0000E+00   0.0000E+00
     6    22   2.2586E+19   3.9483E-01   9.3551E-02   3.9483E-01   0.0000E+00   0.0000E+00
     6    23   1.4918E+19   3.7654E-01   6.1789E-02   3.7654E-01   0.0000E+00   0.0000E+00
     6    24   1.2526E+18   7.4412E-01   5.1884E-03   7.4412E-01   0.0000E+00   0.0000E+00
     6    25   2.7020E+16   7.6281E-01   1.1192E-04   7.6281E-01   0.0000E+00   0.0000E+00
     6    26   3.3301E+18   6.9010E-01   1.3793E-02   6.9010E-01   0.0000E+00   0.0000E+00
     6    27   2.3579E+17   9.4105E-01   9.7665E-04   9.4105E-01   0.0000E+00   0.0000E+00
     6    28   1.7580E+17   1.0000E+00   7.2815E-04   1.0000E+00   0.0000E+00   0.0000E+00
     6    29   2.1479E+18   1.0000E+00   8.8964E-03   1.0000E+00   0.0000E+00   0.0000E+00
     6    30   0.0000E+00   0.0000E+00   0.0000E+00   0.0000E+00   0.0000E+00   0.0000E+00
     6    31   0.0000E+00   0.0000E+00   0.0000E+00   0.0000E+00   0.0000E+00   0.0000E+00
     6    32   0.0000E+00   0.0000E+00   0.0000E+00   0.0000E+00   0.0000E+00   0.0000E+00
     7     1   5.2588E+19   2.3459E-01   2.1782E-01   2.3459E-01   0.0000E+00   0.0000E+00
     7     2   7.2394E+19   3.6932E-01   2.9985E-01   3.6932E-01   0.0000E+00   0.0000E+00
     7     3   3.9960E+19   2.8778E-01   1.6551E-01   2.8778E-01   0.0000E+00   0.0000E+00
     7     4   5.9526E+19   3.8599E-01   2.4655E-01   3.8599E-01   0.0000E+00   0.0000E+00
     7     5   6.7403E+19   2.6827E-01   2.7918E-01   2.6827E-01   0.0000E+00   0.0000E+00
     7     6   5.8952E+19   2.8333E-01   2.4418E-01   2.8333E-01   0.0000E+00   0.0000E+00
     7     7   5.1172E+19   3.0947E-01   2.1195E-01   3.0947E-01   0.0000E+00   0.0000E+00
     7     8   7.6075E+19   2.7162E-01   3.1510E-01   2.7162E-01   0.0000E+00   0.0000E+00
     7     9   7.7682E+19   2.2012E-01   3.2176E-01   2.2012E-01   0.0000E+00   0.0000E+00
     7    10   6.8503E+19   2.6493E-01   2.8374E-01   2.6493E-01   0.0000E+00   0.0000E+00
     7    11   5.3303E+19   2.8453E-01   2.2078E-01   2.8453E-01   0.0000E+00   0.0000E+00
     7    12   7.3697E+19   2.2693E-01   3.0525E-01   2.2693E-01   0.0000E+00   0.0000E+00
     7    13   7.6970E+19   2.0604E-01   3.1881E-01   2.0604E-01   0.0000E+00   0.0000E+00
     7    14   8.9384E+19   2.6739E-01   3.7023E-01   2.6739E-01   0.0000E+00   0.0000E+00
     7    15   6.8071E+19   2.1931E-01   2.8195E-01   2.1931E-01   0.0000E+00   0.0000E+00
     7    16   4.2057E+19   2.5072E-01   1.7420E-01   2.5072E-01   0.0000E+00   0.0000E+00
     7    17   2.1347E+19   2.6400E-01   8.8420E-02   2.6400E-01   0.0000E+00   0.0000E+00
     7    18   2.0511E+19   2.7460E-01   8.4958E-02   2.7460E-01   0.0000E+00   0.0000E+00
     7    19   2.8735E+19   2.6359E-01   1.1902E-01   2.6359E-01   0.0000E+00   0.0000E+00
     7    20   2.2225E+19   3.1195E-01   9.2054E-02   3.1195E-01   0.0000E+00   0.0000E+00
     7    21   2.7134E+19   5.3407E-01   1.1239E-01   5.3407E-01   0.0000E+00   0.0000E+00
     7    22   1.6494E+19   3.2810E-01   6.8319E-02   3.2810E-01   0.0000E+00   0.0000E+00
     7    23   7.9054E+18   5.7381E-01   3.2744E-02   5.7381E-01   0.0000E+00   0.0000E+00
     7    24   3.2919E+17   9.9140E-01   1.3635E-03   9.9140E-01   0.0000E+00   0.0000E+00
     7    25   5.9456E+16   9.1586E-01   2.4626E-04   9.1586E-01   0.0000E+00   0.0000E+00
     7    26   1.6493E+18   9.8571E-01   6.8316E-03   9.8571E-01   0.0000E+00   0.0000E+00
     7    27   7.9928E+16   9.9171E-01   3.3106E-04   9.9171E-01   0.0000E+00   0.0000E+00
     7    28   1.6814E+17   9.8785E-01   6.9643E-04   9.8785E-01   0.0000E+00   0.0000E+00
     7    29   2.1885E+18   1.0000E+00   9.0645E-03   1.0000E+00   0.0000E+00   0.0000E+00
     7    30   0.0000E+00   0.0000E+00   0.0000E+00   0.0000E+00   0.0000E+00   0.0000E+00
     7    31   0.0000E+00   0.0000E+00   0.0000E+00   0.0000E+00   0.0000E+00   0.0000E+00
     7    32   0.0000E+00   0.0000E+00   0.0000E+00   0.0000E+00   0.0000E+00   0.0000E+00
     8     1   8.2477E+19   2.5565E-01   3.4162E-01   2.5565E-01   0.0000E+00   0.0000E+00
     8     2   8.5798E+19   3.1710E-01   3.5537E-01   3.1710E-01   0.0000E+00   0.0000E+00
     8     3   5.3988E+19   3.0866E-01   2.2362E-01   3.0866E-01   0.0000E+00   0.0000E+00
     8     4   7.8394E+19   3.5408E-01   3.2471E-01   3.5408E-01   0.0000E+00   0.0000E+00
     8     5   4.3199E+19   2.5592E-01   1.7893E-01   2.5592E-01   0.0000E+00   0.0000E+00
     8     6   5.7014E+19   2.4656E-01   2.3615E-01   2.4656E-01   0.0000E+00   0.0000E+00
     8     7   7.7450E+19   2.6741E-01   3.2080E-01   2.6741E-01   0.0000E+00   0.0000E+00
     8     8   5.6811E+19   2.4331E-01   2.3531E-01   2.4331E-01   0.0000E+00   0.0000E+00
     8     9   6.3928E+19   2.3588E-01   2.6479E-01   2.3588E-01   0.0000E+00   0.0000E+00
     8    10   6.5268E+19   2.6482E-01   2.7034E-01   2.6482E-01   0.0000E+00   0.0000E+00
     8    11   6.3515E+19   2.3660E-01   2.6308E-01   2.3660E-01   0.0000E+00   0.0000E+00
     8    12   8.6009E+19   2.0703E-01   3.5625E-01   2.0703E-01   0.0000E+00   0.0000E+00
     8    13   1.0409E+20   2.4458E-01   4.3114E-01   2.4458E-01   0.0000E+00   0.0000E+00
     8    14   6.6223E+19   2.7076E-01   2.7430E-01   2.7076E-01   0.0000E+00   0.0000E+00
     8    15   7.9177E+19   2.2439E-01   3.2795E-01   2.2439E-01   0.0000E+00   0.0000E+00
     8    16   3.3304E+19   2.3203E-01   1.3794E-01   2.3203E-01   0.0000E+00   0.0000E+00
     8    17   1.5005E+19   2.3718E-01   6.2149E-02   2.3718E-01   0.0000E+00   0.0000E+00
     8    18   1.7243E+19   2.5399E-01   7.1420E-02   2.5399E-01   0.0000E+00   0.0000E+00
     8    19   2.7407E+19   2.5711E-01   1.1352E-01   2.5711E-01   0.0000E+00   0.0000E+00
     8    20   2.6112E+19   5.3267E-01   1.0816E-01   5.3267E-01   0.0000E+00   0.0000E+00
     8    21   1.4026E+19   3.6353E-01   5.8097E-02   3.6353E-01   0.0000E+00   0.0000E+00
     8    22   1.4846E+19   3.3416E-01   6.1491E-02   3.3416E-01   0.0000E+00   0.0000E+00
     8    23   5.7268E+18   7.0241E-01   2.3720E-02   7.0241E-01   0.0000E+00   0.0000E+00
     8    24   3.3992E+17   9.7649E-01   1.4080E-03   9.7649E-01   0.0000E+00   0.0000E+00
     8    25   3.0142E+17   8.0933E-01   1.2485E-03   8.0933E-01   0.0000E+00   0.0000E+00
     8    26   1.0211E+18   9.8546E-01   4.2292E-03   9.8546E-01   0.0000E+00   0.0000E+00
     8    27   6.4860E+16   1.0000E+00   2.6865E-04   1.0000E+00   0.0000E+00   0.0000E+00
     8    28   2.2527E+17   7.8630E-01   9.3305E-04   7.8630E-01   0.0000E+00   0.0000E+00
     8    29   2.0567E+18   1.0000E+00   8.5190E-03   1.0000E+00   0.0000E+00   0.0000E+00
     8    30   0.0000E+00   0.0000E+00   0.0000E+00   0.0000E+00   0.0000E+00   0.0000E+00
     8    31   0.0000E+00   0.0000E+00   0.0000E+00   0.0000E+00   0.0000E+00   0.0000E+00
     8    32   0.0000E+00   0.0000E+00   0.0000E+00   0.0000E+00   0.0000E+00   0.0000E+00
     9     1   4.8723E+19   2.5697E-01   2.0181E-01   2.5697E-01   0.0000E+00   0.0000E+00
     9     2   7.8427E+19   2.8721E-01   3.2484E-01   2.8721E-01   0.0000E+00   0.0000E+00
     9     3   7.7387E+19   2.9608E-01   3.2053E-01   2.9608E-01   0.0000E+00   0.0000E+00
     9     4   7.2464E+19   2.3225E-01   3.0014E-01   2.3225E-01   0.0000E+00   0.0000E+00
     9     5   5.8325E+19   2.4899E-01   2.4158E-01   2.4899E-01   0.0000E+00   0.0000E+00
     9     6   9.2348E+19   2.4516E-01   3.8250E-01   2.4516E-01   0.0000E+00   0.0000E+00
     9     7   8.0049E+19   2.2679E-01   3.3156E-01   2.2679E-01   0.0000E+00   0.0000E+00
     9     8   8.1101E+19   2.3475E-01   3.3592E-01   2.3475E-01   0.0000E+00   0.0000E+00
     9     9   8.4827E+19   2.4776E-01   3.5135E-01   2.4776E-01   0.0000E+00   0.0000E+00
     9    10   7.1441E+19   2.2790E-01   2.9591E-01   2.2790E-01   0.0000E+00   0.0000E+00
     9    11   6.4900E+19   2.1500E-01   2.6882E-01   2.1500E-01   0.0000E+00   0.0000E+00
     9    12   1.1119E+20   2.0908E-01   4.6056E-01   2.0908E-01   0.0000E+00   0.0000E+00
     9    13   6.4430E+19   2.4632E-01   2.6687E-01   2.4632E-01   0.0000E+00   0.0000E+00
     9    14   5.5445E+19   2.1427E-01   2.2965E-01   2.1427E-01   0.0000E+00   0.0000E+00
     9    15   6.2123E+19   2.2767E-01   2.5731E-01   2.2767E-01   0.0000E+00   0.0000E+00
     9    16   2.8185E+19   2.4738E-01   1.1674E-01   2.4738E-01   0.0000E+00   0.0000E+00
     9    17   2.2478E+19   2.9887E-01   9.3103E-02   2.9887E-01   0.0000E+00   0.0000E+00
     9    18   2.8409E+19   3.3035E-01   1.1767E-01   3.3035E-01   0.0000E+00   0.0000E+00
     9    19   2.8186E+19   3.3176E-01   1.1675E-01   3.3176E-01   0.0000E+00   0.0000E+00
     9    20   1.5523E+19   3.4317E-01   6.4297E-02   3.4317E-01   0.0000E+00   0.0000E+00
     9    21   1.3865E+19   3.9020E-01   5.7429E-02   3.9020E-01   0.0000E+00   0.0000E+00
     9    22   8.8558E+18   4.0055E-01   3.6680E-02   4.0055E-01   0.0000E+00   0.0000E+00
     9    23   7.4174E+17   9.7598E-01   3.0723E-03   9.7598E-01   0.0000E+00   0.0000E+00
     9    24   7.2798E+16   7.7717E-01   3.0153E-04   7.7717E-01   0.0000E+00   0.0000E+00
     9    25   5.5029E+16   1.0000E+00   2.2793E-04   1.0000E+00   0.0000E+00   0.0000E+00
     9    26   7.4018E+15   1.0000E+00   3.0658E-05   1.0000E+00   0.0000E+00   0.0000E+00
     9    27   0.0000E+00   0.0000E+00   0.0000E+00   0.0000E+00   0.0000E+00   0.0000E+00
     9    28   2.5963E+17   9.7981E-01   1.0754E-03   9.7981E-01   0.0000E+00   0.0000E+00
     9    29   1.8299E+18   1.0000E+00   7.5793E-03   1.0000E+00   0.0000E+00   0.0000E+00
     9    30   0.0000E+00   0.0000E+00   0.0000E+00   0.0000E+00   0.0000E+00   0.0000E+00
     9    31   0.0000E+00   0.0000E+00   0.0000E+00   0.0000E+00   0.0000E+00   0.0000E+00
     9    32   0.0000E+00   0.0000E+00   0.0000E+00   0.0000E+00   0.0000E+00   0.0000E+00
    10     1   3.0789E+19   2.8986E-01   1.2753E-01   2.8986E-01   0.0000E+00   0.0000E+00
    10     2   4.3405E+19   2.0857E-01   1.7978E-01   2.0857E-01   0.0000E+00   0.0000E+00
    10     3   8.0749E+19   3.4154E-01   3.3446E-01   3.4154E-01   0.0000E+00   0.0000E+00
    10     4   4.8138E+19   2.1874E-01   1.9938E-01   2.1874E-01   0.0000E+00   0.0000E+00
    10     5   6.8756E+19   2.4340E-01   2.8479E-01   2.4340E-01   0.0000E+00   0.0000E+00
    10     6   8.8899E+19   2.0010E-01   3.6822E-01   2.0010E-01   0.0000E+00   0.0000E+00
    10     7   6.8303E+19   2.1348E-01   2.8291E-01   2.1348E-01   0.0000E+00   0.0000E+00
    10     8   5.9311E+19   2.5588E-01   2.4567E-01   2.5588E-01   0.0000E+00   0.0000E+00
    10     9   6.1905E+19   2.3173E-01   2.5641E-01   2.3173E-01   0.0000E+00   0.0000E+00
    10    10   7.8521E+19   2.2275E-01   3.2523E-01   2.2275E-01   0.0000E+00   0.0000E+00
    10    11   1.1236E+20   2.5869E-01   4.6539E-01   2.5869E-01   0.0000E+00   0.0000E+00
    10    12   9.3711E+19   2.2901E-01   3.8815E-01   2.2901E-01   0.0000E+00   0.0000E+00
    10    13   7.0654E+19   2.0005E-01   2.9265E-01   2.0005E-01   0.0000E+00   0.0000E+00
    10    14   5.2741E+19   2.5159E-01   2.1845E-01   2.5159E-01   0.0000E+00   0.0000E+00
    10    15   5.4137E+19   2.4345E-01   2.2423E-01   2.4345E-01   0.0000E+00   0.0000E+00
    10    16   2.2811E+19   4.7137E-01   9.4484E-02   4.7137E-01   0.0000E+00   0.0000E+00
    10    17   4.4954E+19   4.2310E-01   1.8620E-01   4.2310E-01   0.0000E+00   0.0000E+00
    10    18   2.2858E+19   2.5840E-01   9.4676E-02   2.5840E-01   0.0000E+00   0.0000E+00
    10    19   2.5633E+19   3.7194E-01   1.0617E-01   3.7194E-01   0.0000E+00   0.0000E+00
    10    20   1.0174E+19   3.1502E-01   4.2139E-02   3.1502E-01   0.0000E+00   0.0000E+00
    10    21   1.4961E+19   3.8195E-01   6.1967E-02   3.8195E-01   0.0000E+00   0.0000E+00
    10    22   3.3217E+18   6.0034E-01   1.3758E-02   6.0034E-01   0.0000E+00   0.0000E+00
    10    23   0.0000E+00   0.0000E+00   0.0000E+00   0.0000E+00   0.0000E+00   0.0000E+00
    10    24   4.1529E+15   1.0000E+00   1.7201E-05   1.0000E+00   0.0000E+00   0.0000E+00
    10    25   0.0000E+00   0.0000E+00   0.0000E+00   0.0000E+00   0.0000E+00   0.0000E+00
    10    26   0.0000E+00   0.0000E+00   0.0000E+00   0.0000E+00   0.0000E+00   0.0000E+00
    10    27   2.3913E+15   1.0000E+00   9.9049E-06   1.0000E+00   0.0000E+00   0.0000E+00
    10    28   1.7171E+18   9.9829E-01   7.1121E-03   9.9829E-01   0.0000E+00   0.0000E+00
    10    29   1.3477E+17   1.0000E+00   5.5821E-04   1.0000E+00   0.0000E+00   0.0000E+00
    10    30   0.0000E+00   0.0000E+00   0.0000E+00   0.0000E+00   0.0000E+00   0.0000E+00
    10    31   0.0000E+00   0.0000E+00   0.0000E+00   0.0000E+00   0.0000E+00   0.0000E+00
    10    32   0.0000E+00   0.0000E+00   0.0000E+00   0.0000E+00   0.0000E+00   0.0000E+00
    11     1   6.1008E+19   2.0998E-01   2.5269E-01   2.0998E-01   0.0000E+00   0.0000E+00
    11     2   6.9241E+19   2.3165E-01   2.8679E-01   2.3165E-01   0.0000E+00   0.0000E+00
    11     3   9.6925E+19   2.4300E-01   4.0146E-01   2.4300E-01   0.0000E+00   0.0000E+00
    11     4   8.3468E+19   2.0181E-01   3.4572E-01   2.0181E-01   0.0000E+00   0.0000E+00
    11     5   9.2434E+19   2.0300E-01   3.8286E-01   2.0300E-01   0.0000E+00   0.0000E+00
    11     6   5.3270E+19   2.4796E-01   2.2064E-01   2.4796E-01   0.0000E+00   0.0000E+00
    11     7   5.1324E+19   2.4825E-01   2.1258E-01   2.4825E-01   0.0000E+00   0.0000E+00
    11     8   6.7821E+19   2.1745E-01   2.8091E-01   2.1745E-01   0.0000E+00   0.0000E+00
    11     9   8.0201E+19   2.5317E-01   3.3219E-01   2.5317E-01   0.0000E+00   0.0000E+00
    11    10   6.5424E+19   2.5895E-01   2.7098E-01   2.5895E-01   0.0000E+00   0.0000E+00
    11    11   8.3327E+19   2.0207E-01   3.4514E-01   2.0207E-01   0.0000E+00   0.0000E+00
    11    12   8.4225E+19   2.4572E-01   3.4886E-01   2.4572E-01   0.0000E+00   0.0000E+00
    11    13   6.5784E+19   2.9070E-01   2.7247E-01   2.9070E-01   0.0000E+00   0.0000E+00
    11    14   6.2398E+19   2.2482E-01   2.5845E-01   2.2482E-01   0.0000E+00   0.0000E+00
    11    15   3.0354E+19   2.2754E-01   1.2572E-01   2.2754E-01   0.0000E+00   0.0000E+00
    11    16   2.1186E+19   2.7745E-01   8.7754E-02   2.7745E-01   0.0000E+00   0.0000E+00
    11    17   3.0554E+19   3.6142E-01   1.2655E-01   3.6142E-01   0.0000E+00   0.0000E+00
    11    18   2.7708E+19   3.8439E-01   1.1477E-01   3.8439E-01   0.0000E+00   0.0000E+00
    11    19   1.2570E+19   2.9384E-01   5.2064E-02   2.9384E-01   0.0000E+00   0.0000E+00
    11    20   6.4700E+18   3.8748E-01   2.6799E-02   3.8748E-01   0.0000E+00   0.0000E+00
    11    21   9.8308E+18   3.9108E-01   4.0719E-02   3.9108E-01   0.0000E+00   0.0000E+00
    11    22   1.0215E+18   8.7666E-01   4.2312E-03   8.7666E-01   0.0000E+00   0.0000E+00
    11    23   0.0000E+00   0.0000E+00   0.0000E+00   0.0000E+00   0.0000E+00   0.0000E+00
    11    24   0.0000E+00   0.0000E+00   0.0000E+00   0.0000E+00   0.0000E+00   0.0000E+00
    11    25   0.0000E+00   0.0000E+00   0.0000E+00   0.0000E+00   0.0000E+00   0.0000E+00
    11    26   0.0000E+00   0.0000E+00   0.0000E+00   0.0000E+00   0.0000E+00   0.0000E+00
    11    27   5.3300E+15   1.0000E+00   2.2077E-05   1.0000E+00   0.0000E+00   0.0000E+00
    11    28   1.7757E+18   1.0000E+00   7.3550E-03   1.0000E+00   0.0000E+00   0.0000E+00
    11    29   0.0000E+00   0.0000E+00   0.0000E+00   0.0000E+00   0.0000E+00   0.0000E+00
    11    30   0.0000E+00   0.0000E+00   0.0000E+00   0.0000E+00   0.0000E+00   0.0000E+00
    11    31   0.0000E+00   0.0000E+00   0.0000E+00   0.0000E+00   0.0000E+00   0.0000E+00
    11    32   0.0000E+00   0.0000E+00   0.0000E+00   0.0000E+00   0.0000E+00   0.0000E+00
    12     1   3.9177E+19   2.4324E-01   1.6227E-01   2.4324E-01   0.0000E+00   0.0000E+00
    12     2   8.3548E+19   3.0071E-01   3.4605E-01   3.0071E-01   0.0000E+00   0.0000E+00
    12     3   8.3911E+19   2.2581E-01   3.4756E-01   2.2581E-01   0.0000E+00   0.0000E+00
    12     4   7.0694E+19   2.0729E-01   2.9281E-01   2.0729E-01   0.0000E+00   0.0000E+00
    12     5   4.1950E+19   2.1491E-01   1.7376E-01   2.1491E-01   0.0000E+00   0.0000E+00
    12     6   5.8881E+19   2.2218E-01   2.4388E-01   2.2218E-01   0.0000E+00   0.0000E+00
    12     7   7.2770E+19   2.3004E-01   3.0141E-01   2.3004E-01   0.0000E+00   0.0000E+00
    12     8   8.2060E+19   2.2515E-01   3.3989E-01   2.2515E-01   0.0000E+00   0.0000E+00
    12     9   7.6979E+19   2.5498E-01   3.1885E-01   2.5498E-01   0.0000E+00   0.0000E+00
    12    10   8.7170E+19   2.8044E-01   3.6105E-01   2.8044E-01   0.0000E+00   0.0000E+00
    12    11   1.1931E+20   3.6270E-01   4.9418E-01   3.6270E-01   0.0000E+00   0.0000E+00
    12    12   7.1878E+19   2.4716E-01   2.9772E-01   2.4716E-01   0.0000E+00   0.0000E+00
    12    13   5.8252E+19   2.5774E-01   2.4128E-01   2.5774E-01   0.0000E+00   0.0000E+00
    12    14   6.2157E+19   3.2276E-01   2.5745E-01   3.2276E-01   0.0000E+00   0.0000E+00
    12    15   3.1164E+19   4.2376E-01   1.2908E-01   4.2376E-01   0.0000E+00   0.0000E+00
    12    16   2.1497E+19   2.3322E-01   8.9042E-02   2.3322E-01   0.0000E+00   0.0000E+00
    12    17   4.0676E+19   3.3217E-01   1.6848E-01   3.3217E-01   0.0000E+00   0.0000E+00
    12    18   1.1924E+19   2.9664E-01   4.9390E-02   2.9664E-01   0.0000E+00   0.0000E+00
    12    19   1.1246E+19   3.1060E-01   4.6580E-02   3.1060E-01   0.0000E+00   0.0000E+00
    12    20   4.6795E+18   6.2566E-01   1.9382E-02   6.2566E-01   0.0000E+00   0.0000E+00
    12    21   1.7553E+18   4.9782E-01   7.2705E-03   4.9782E-01   0.0000E+00   0.0000E+00
    12    22   0.0000E+00   0.0000E+00   0.0000E+00   0.0000E+00   0.0000E+00   0.0000E+00
    12    23   0.0000E+00   0.0000E+00   0.0000E+00   0.0000E+00   0.0000E+00   0.0000E+00
    12    24   0.0000E+00   0.0000E+00   0.0000E+00   0.0000E+00   0.0000E+00   0.0000E+00
    12    25   0.0000E+00   0.0000E+00   0.0000E+00   0.0000E+00   0.0000E+00   0.0000E+00
    12    26   0.0000E+00   0.0000E+00   0.0000E+00   0.0000E+00   0.0000E+00   0.0000E+00
    12    27   5.4672E+15   1.0000E+00   2.2645E-05   1.0000E+00   0.0000E+00   0.0000E+00
    12    28   1.8303E+18   1.0000E+00   7.5809E-03   1.0000E+00   0.0000E+00   0.0000E+00
    12    29   0.0000E+00   0.0000E+00   0.0000E+00   0.0000E+00   0.0000E+00   0.0000E+00
    12    30   0.0000E+00   0.0000E+00   0.0000E+00   0.0000E+00   0.0000E+00   0.0000E+00
    12    31   0.0000E+00   0.0000E+00   0.0000E+00   0.0000E+00   0.0000E+00   0.0000E+00
    12    32   0.0000E+00   0.0000E+00   0.0000E+00   0.0000E+00   0.0000E+00   0.0000E+00
    13     1   8.3569E+19   1.8751E-01   3.4614E-01   1.8751E-01   0.0000E+00   0.0000E+00
    13     2   8.0390E+19   2.4413E-01   3.3297E-01   2.4413E-01   0.0000E+00   0.0000E+00
    13     3   7.2697E+19   2.3645E-01   3.0111E-01   2.3645E-01   0.0000E+00   0.0000E+00
    13     4   5.7264E+19   1.9159E-01   2.3719E-01   1.9159E-01   0.0000E+00   0.0000E+00
    13     5   6.8582E+19   2.0789E-01   2.8407E-01   2.0789E-01   0.0000E+00   0.0000E+00
    13     6   9.4980E+19   1.8492E-01   3.9341E-01   1.8492E-01   0.0000E+00   0.0000E+00
    13     7   7.3451E+19   2.0538E-01   3.0423E-01   2.0538E-01   0.0000E+00   0.0000E+00
    13     8   4.9554E+19   2.3302E-01   2.0525E-01   2.3302E-01   0.0000E+00   0.0000E+00
    13     9   5.6876E+19   2.0849E-01   2.3558E-01   2.0849E-01   0.0000E+00   0.0000E+00
    13    10   6.9118E+19   1.9616E-01   2.8628E-01   1.9616E-01   0.0000E+00   0.0000E+00
    13    11   7.9374E+19   2.6984E-01   3.2877E-01   2.6984E-01   0.0000E+00   0.0000E+00
    13    12   4.0857E+19   2.1319E-01   1.6923E-01   2.1319E-01   0.0000E+00   0.0000E+00
    13    13   4.1322E+19   2.3924E-01   1.7115E-01   2.3924E-01   0.0000E+00   0.0000E+00
    13    14   2.6491E+19   2.3946E-01   1.0973E-01   2.3946E-01   0.0000E+00   0.0000E+00
    13    15   3.0063E+19   4.0588E-01   1.2452E-01   4.0588E-01   0.0000E+00   0.0000E+00
    13    16   2.7532E+19   3.0501E-01   1.1404E-01   3.0501E-01   0.0000E+00   0.0000E+00
    13    17   2.1489E+19   3.9979E-01   8.9009E-02   3.9979E-01   0.0000E+00   0.0000E+00
    13    18   1.5011E+19   3.2389E-01   6.2176E-02   3.2389E-01   0.0000E+00   0.0000E+00
    13    19   4.6063E+18   3.9940E-01   1.9079E-02   3.9940E-01   0.0000E+00   0.0000E+00
    13    20   3.0682E+18   5.3716E-01   1.2709E-02   5.3716E-01   0.0000E+00   0.0000E+00
    13    21   1.1213E+17   1.0000E+00   4.6446E-04   1.0000E+00   0.0000E+00   0.0000E+00
    13    22   0.0000E+00   0.0000E+00   0.0000E+00   0.0000E+00   0.0000E+00   0.0000E+00
    13    23   0.0000E+00   0.0000E+00   0.0000E+00   0.0000E+00   0.0000E+00   0.0000E+00
    13    24   0.0000E+00   0.0000E+00   0.0000E+00   0.0000E+00   0.0000E+00   0.0000E+00
    13    25   0.0000E+00   0.0000E+00   0.0000E+00   0.0000E+00   0.0000E+00   0.0000E+00
    13    26   0.0000E+00   0.0000E+00   0.0000E+00   0.0000E+00   0.0000E+00   0.0000E+00
    13    27   1.8473E+18   9.9690E-01   7.6513E-03   9.9690E-01   0.0000E+00   0.0000E+00
    13    28   2.7598E+16   1.0000E+00   1.1431E-04   1.0000E+00   0.0000E+00   0.0000E+00
    13    29   0.0000E+00   0.0000E+00   0.0000E+00   0.0000E+00   0.0000E+00   0.0000E+00
    13    30   0.0000E+00   0.0000E+00   0.0000E+00   0.0000E+00   0.0000E+00   0.0000E+00
    13    31   0.0000E+00   0.0000E+00   0.0000E+00   0.0000E+00   0.0000E+00   0.0000E+00
    13    32   0.0000E+00   0.0000E+00   0.0000E+00   0.0000E+00   0.0000E+00   0.0000E+00
    14     1   5.3776E+19   1.7665E-01   2.2274E-01   1.7665E-01   0.0000E+00   0.0000E+00
    14     2   6.8104E+19   2.3537E-01   2.8208E-01   2.3537E-01   0.0000E+00   0.0000E+00
    14     3   7.6763E+19   2.0454E-01   3.1795E-01   2.0454E-01   0.0000E+00   0.0000E+00
    14     4   7.0851E+19   2.0082E-01   2.9346E-01   2.0082E-01   0.0000E+00   0.0000E+00
    14     5   8.4361E+19   1.8660E-01   3.4942E-01   1.8660E-01   0.0000E+00   0.0000E+00
    14     6   7.7409E+19   1.6979E-01   3.2062E-01   1.6979E-01   0.0000E+00   0.0000E+00
    14     7   6.0015E+19   1.9423E-01   2.4858E-01   1.9423E-01   0.0000E+00   0.0000E+00
    14     8   5.3305E+19   1.7498E-01   2.2079E-01   1.7498E-01   0.0000E+00   0.0000E+00
    14     9   4.8763E+19   2.2286E-01   2.0198E-01   2.2286E-01   0.0000E+00   0.0000E+00
    14    10   4.2582E+19   2.1983E-01   1.7637E-01   2.1983E-01   0.0000E+00   0.0000E+00
    14    11   3.3583E+19   2.3811E-01   1.3910E-01   2.3811E-01   0.0000E+00   0.0000E+00
    14    12   3.6254E+19   2.4239E-01   1.5016E-01   2.4239E-01   0.0000E+00   0.0000E+00
    14    13   4.4316E+19   2.2846E-01   1.8355E-01   2.2846E-01   0.0000E+00   0.0000E+00
    14    14   2.6618E+19   2.7075E-01   1.1025E-01   2.7075E-01   0.0000E+00   0.0000E+00
    14    15   2.8204E+19   2.6277E-01   1.1682E-01   2.6277E-01   0.0000E+00   0.0000E+00
    14    16   1.3713E+19   2.6327E-01   5.6801E-02   2.6327E-01   0.0000E+00   0.0000E+00
    14    17   1.9842E+19   4.7713E-01   8.2187E-02   4.7713E-01   0.0000E+00   0.0000E+00
    14    18   1.1832E+19   3.1352E-01   4.9008E-02   3.1352E-01   0.0000E+00   0.0000E+00
    14    19   1.6776E+18   9.4928E-01   6.9486E-03   9.4928E-01   0.0000E+00   0.0000E+00
    14    20   9.7738E+16   1.0000E+00   4.0483E-04   1.0000E+00   0.0000E+00   0.0000E+00
    14    21   0.0000E+00   0.0000E+00   0.0000E+00   0.0000E+00   0.0000E+00   0.0000E+00
    14    22   0.0000E+00   0.0000E+00   0.0000E+00   0.0000E+00   0.0000E+00   0.0000E+00
    14    23   0.0000E+00   0.0000E+00   0.0000E+00   0.0000E+00   0.0000E+00   0.0000E+00
    14    24   0.0000E+00   0.0000E+00   0.0000E+00   0.0000E+00   0.0000E+00   0.0000E+00
    14    25   0.0000E+00   0.0000E+00   0.0000E+00   0.0000E+00   0.0000E+00   0.0000E+00
    14    26   3.4218E+15   1.0000E+00   1.4173E-05   1.0000E+00   0.0000E+00   0.0000E+00
    14    27   1.9518E+18   9.9877E-01   8.0844E-03   9.9877E-01   0.0000E+00   0.0000E+00
    14    28   0.0000E+00   0.0000E+00   0.0000E+00   0.0000E+00   0.0000E+00   0.0000E+00
    14    29   0.0000E+00   0.0000E+00   0.0000E+00   0.0000E+00   0.0000E+00   0.0000E+00
    14    30   0.0000E+00   0.0000E+00   0.0000E+00   0.0000E+00   0.0000E+00   0.0000E+00
    14    31   0.0000E+00   0.0000E+00   0.0000E+00   0.0000E+00   0.0000E+00   0.0000E+00
    14    32   0.0000E+00   0.0000E+00   0.0000E+00   0.0000E+00   0.0000E+00   0.0000E+00
    15     1   7.4567E+19   1.7615E-01   3.0886E-01   1.7615E-01   0.0000E+00   0.0000E+00
    15     2   7.5236E+19   2.0616E-01   3.1163E-01   2.0616E-01   0.0000E+00   0.0000E+00
    15     3   8.0761E+19   1.9780E-01   3.3451E-01   1.9780E-01   0.0000E+00   0.0000E+00
    15     4   7.4267E+19   1.7419E-01   3.0761E-01   1.7419E-01   0.0000E+00   0.0000E+00
    15     5   5.9636E+19   1.7380E-01   2.4701E-01   1.7380E-01   0.0000E+00   0.0000E+00
    15     6   6.3752E+19   2.1583E-01   2.6406E-01   2.1583E-01   0.0000E+00   0.0000E+00
    15     7   5.9809E+19   1.8979E-01   2.4773E-01   1.8979E-01   0.0000E+00   0.0000E+00
    15     8   5.8263E+19   1.8014E-01   2.4132E-01   1.8014E-01   0.0000E+00   0.0000E+00
    15     9   5.1935E+19   1.5111E-01   2.1511E-01   1.5111E-01   0.0000E+00   0.0000E+00
    15    10   4.7121E+19   2.2494E-01   1.9517E-01   2.2494E-01   0.0000E+00   0.0000E+00
    15    11   2.6373E+19   2.3671E-01   1.0924E-01   2.3671E-01   0.0000E+00   0.0000E+00
    15    12   4.1484E+19   2.1593E-01   1.7182E-01   2.1593E-01   0.0000E+00   0.0000E+00
    15    13   2.6355E+19   2.7701E-01   1.0916E-01   2.7701E-01   0.0000E+00   0.0000E+00
    15    14   2.6546E+19   3.1883E-01   1.0995E-01   3.1883E-01   0.0000E+00   0.0000E+00
    15    15   2.0651E+19   2.5784E-01   8.5534E-02   2.5784E-01   0.0000E+00   0.0000E+00
    15    16   9.1761E+18   5.7205E-01   3.8007E-02   5.7205E-01   0.0000E+00   0.0000E+00
    15    17   1.6181E+19   4.7790E-01   6.7020E-02   4.7790E-01   0.0000E+00   0.0000E+00
    15    18   2.8949E+17   4.6994E-01   1.1991E-03   4.6994E-01   0.0000E+00   0.0000E+00
    15    19   0.0000E+00   0.0000E+00   0.0000E+00   0.0000E+00   0.0000E+00   0.0000E+00
    15    20   0.0000E+00   0.0000E+00   0.0000E+00   0.0000E+00   0.0000E+00   0.0000E+00
    15    21   0.0000E+00   0.0000E+00   0.0000E+00   0.0000E+00   0.0000E+00   0.0000E+00
    15    22   0.0000E+00   0.0000E+00   0.0000E+00   0.0000E+00   0.0000E+00   0.0000E+00
    15    23   0.0000E+00   0.0000E+00   0.0000E+00   0.0000E+00   0.0000E+00   0.0000E+00
    15    24   0.0000E+00   0.0000E+00   0.0000E+00   0.0000E+00   0.0000E+00   0.0000E+00
    15    25   0.0000E+00   0.0000E+00   0.0000E+00   0.0000E+00   0.0000E+00   0.0000E+00
    15    26   8.5870E+17   9.9840E-01   3.5567E-03   9.9840E-01   0.0000E+00   0.0000E+00
    15    27   1.4840E+17   1.0000E+00   6.1467E-04   1.0000E+00   0.0000E+00   0.0000E+00
    15    28   0.0000E+00   0.0000E+00   0.0000E+00   0.0000E+00   0.0000E+00   0.0000E+00
    15    29   0.0000E+00   0.0000E+00   0.0000E+00   0.0000E+00   0.0000E+00   0.0000E+00
    15    30   0.0000E+00   0.0000E+00   0.0000E+00   0.0000E+00   0.0000E+00   0.0000E+00
    15    31   0.0000E+00   0.0000E+00   0.0000E+00   0.0000E+00   0.0000E+00   0.0000E+00
    15    32   0.0000E+00   0.0000E+00   0.0000E+00   0.0000E+00   0.0000E+00   0.0000E+00
    16     1   0.0000E+00   0.0000E+00   0.0000E+00   0.0000E+00   0.0000E+00   0.0000E+00
    16     2   0.0000E+00   0.0000E+00   0.0000E+00   0.0000E+00   0.0000E+00   0.0000E+00
    16     3   0.0000E+00   0.0000E+00   0.0000E+00   0.0000E+00   0.0000E+00   0.0000E+00
    16     4   4.2262E+16   7.1115E-01   1.7505E-04   7.1115E-01   0.0000E+00   0.0000E+00
    16     5   6.4251E+17   5.6274E-01   2.6613E-03   5.6274E-01   0.0000E+00   0.0000E+00
    16     6   7.4151E+18   4.0585E-01   3.0713E-02   4.0585E-01   0.0000E+00   0.0000E+00
    16     7   1.3267E+19   2.6356E-01   5.4953E-02   2.6356E-01   0.0000E+00   0.0000E+00
    16     8   2.7126E+19   1.6126E-01   1.1236E-01   1.6126E-01   0.0000E+00   0.0000E+00
    16     9   3.9700E+19   1.6416E-01   1.6443E-01   1.6416E-01   0.0000E+00   0.0000E+00
    16    10   3.5463E+19   2.9806E-01   1.4689E-01   2.9806E-01   0.0000E+00   0.0000E+00
    16    11   3.1387E+19   2.1881E-01   1.3000E-01   2.1881E-01   0.0000E+00   0.0000E+00
    16    12   2.4225E+19   1.9537E-01   1.0034E-01   1.9537E-01   0.0000E+00   0.0000E+00
    16    13   1.7679E+19   3.0807E-01   7.3228E-02   3.0807E-01   0.0000E+00   0.0000E+00
    16    14   9.6753E+18   3.0778E-01   4.0075E-02   3.0778E-01   0.0000E+00   0.0000E+00
    16    15   3.4013E+18   4.2795E-01   1.4088E-02   4.2795E-01   0.0000E+00   0.0000E+00
    16    16   2.8428E+18   4.6658E-01   1.1775E-02   4.6658E-01   0.0000E+00   0.0000E+00
    16    17   4.1344E+17   4.7517E-01   1.7125E-03   4.7517E-01   0.0000E+00   0.0000E+00
    16    18   7.5413E+14   1.0000E+00   3.1236E-06   1.0000E+00   0.0000E+00   0.0000E+00
    16    19   0.0000E+00   0.0000E+00   0.0000E+00   0.0000E+00   0.0000E+00   0.0000E+00
    16    20   0.0000E+00   0.0000E+00   0.0000E+00   0.0000E+00   0.0000E+00   0.0000E+00
    16    21   0.0000E+00   0.0000E+00   0.0000E+00   0.0000E+00   0.0000E+00   0.0000E+00
    16    22   0.0000E+00   0.0000E+00   0.0000E+00   0.0000E+00   0.0000E+00   0.0000E+00
    16    23   0.0000E+00   0.0000E+00   0.0000E+00   0.0000E+00   0.0000E+00   0.0000E+00
    16    24   0.0000E+00   0.0000E+00   0.0000E+00   0.0000E+00   0.0000E+00   0.0000E+00
    16    25   0.0000E+00   0.0000E+00   0.0000E+00   0.0000E+00   0.0000E+00   0.0000E+00
    16    26   0.0000E+00   0.0000E+00   0.0000E+00   0.0000E+00   0.0000E+00   0.0000E+00
    16    27   0.0000E+00   0.0000E+00   0.0000E+00   0.0000E+00   0.0000E+00   0.0000E+00
    16    28   0.0000E+00   0.0000E+00   0.0000E+00   0.0000E+00   0.0000E+00   0.0000E+00
    16    29   0.0000E+00   0.0000E+00   0.0000E+00   0.0000E+00   0.0000E+00   0.0000E+00
    16    30   0.0000E+00   0.0000E+00   0.0000E+00   0.0000E+00   0.0000E+00   0.0000E+00
    16    31   0.0000E+00   0.0000E+00   0.0000E+00   0.0000E+00   0.0000E+00   0.0000E+00
    16    32   0.0000E+00   0.0000E+00   0.0000E+00   0.0000E+00   0.0000E+00   0.0000E+00
    17     1   0.0000E+00   0.0000E+00   0.0000E+00   0.0000E+00   0.0000E+00   0.0000E+00
    17     2   0.0000E+00   0.0000E+00   0.0000E+00   0.0000E+00   0.0000E+00   0.0000E+00
    17     3   0.0000E+00   0.0000E+00   0.0000E+00   0.0000E+00   0.0000E+00   0.0000E+00
    17     4   0.0000E+00   0.0000E+00   0.0000E+00   0.0000E+00   0.0000E+00   0.0000E+00
    17     5   0.0000E+00   0.0000E+00   0.0000E+00   0.0000E+00   0.0000E+00   0.0000E+00
    17     6   1.4158E+15   7.1477E-01   5.8641E-06   7.1477E-01   0.0000E+00   0.0000E+00
    17     7   6.4163E+17   5.1993E-01   2.6576E-03   5.1993E-01   0.0000E+00   0.0000E+00
    17     8   1.3332E+18   3.9791E-01   5.5223E-03   3.9791E-01   0.0000E+00   0.0000E+00
    17     9   1.2691E+18   3.5014E-01   5.2566E-03   3.5014E-01   0.0000E+00   0.0000E+00
    17    10   2.4559E+18   2.9507E-01   1.0172E-02   2.9507E-01   0.0000E+00   0.0000E+00
    17    11   1.0381E+18   3.8677E-01   4.2996E-03   3.8677E-01   0.0000E+00   0.0000E+00
    17    12   1.0421E+18   4.2802E-01   4.3166E-03   4.2802E-01   0.0000E+00   0.0000E+00
    17    13   1.8126E+17   5.2429E-01   7.5078E-04   5.2429E-01   0.0000E+00   0.0000E+00
    17    14   3.0923E+17   9.3600E-01   1.2808E-03   9.3600E-01   0.0000E+00   0.0000E+00
    17    15   2.3535E+17   7.3038E-01   9.7482E-04   7.3038E-01   0.0000E+00   0.0000E+00
    17    16   0.0000E+00   0.0000E+00   0.0000E+00   0.0000E+00   0.0000E+00   0.0000E+00
    17    17   0.0000E+00   0.0000E+00   0.0000E+00   0.0000E+00   0.0000E+00   0.0000E+00
    17    18   0.0000E+00   0.0000E+00   0.0000E+00   0.0000E+00   0.0000E+00   0.0000E+00
    17    19   0.0000E+00   0.0000E+00   0.0000E+00   0.0000E+00   0.0000E+00   0.0000E+00
    17    20   0.0000E+00   0.0000E+00   0.0000E+00   0.0000E+00   0.0000E+00   0.0000E+00
    17    21   0.0000E+00   0.0000E+00   0.0000E+00   0.0000E+00   0.0000E+00   0.0000E+00
    17    22   0.0000E+00   0.0000E+00   0.0000E+00   0.0000E+00   0.0000E+00   0.0000E+00
    17    23   0.0000E+00   0.0000E+00   0.0000E+00   0.0000E+00   0.0000E+00   0.0000E+00
    17    24   0.0000E+00   0.0000E+00   0.0000E+00   0.0000E+00   0.0000E+00   0.0000E+00
    17    25   0.0000E+00   0.0000E+00   0.0000E+00   0.0000E+00   0.0000E+00   0.0000E+00
    17    26   0.0000E+00   0.0000E+00   0.0000E+00   0.0000E+00   0.0000E+00   0.0000E+00
    17    27   0.0000E+00   0.0000E+00   0.0000E+00   0.0000E+00   0.0000E+00   0.0000E+00
    17    28   0.0000E+00   0.0000E+00   0.0000E+00   0.0000E+00   0.0000E+00   0.0000E+00
    17    29   0.0000E+00   0.0000E+00   0.0000E+00   0.0000E+00   0.0000E+00   0.0000E+00
    17    30   0.0000E+00   0.0000E+00   0.0000E+00   0.0000E+00   0.0000E+00   0.0000E+00
    17    31   0.0000E+00   0.0000E+00   0.0000E+00   0.0000E+00   0.0000E+00   0.0000E+00
    17    32   0.0000E+00   0.0000E+00   0.0000E+00   0.0000E+00   0.0000E+00   0.0000E+00
    18     1   0.0000E+00   0.0000E+00   0.0000E+00   0.0000E+00   0.0000E+00   0.0000E+00
    18     2   0.0000E+00   0.0000E+00   0.0000E+00   0.0000E+00   0.0000E+00   0.0000E+00
    18     3   0.0000E+00   0.0000E+00   0.0000E+00   0.0000E+00   0.0000E+00   0.0000E+00
    18     4   0.0000E+00   0.0000E+00   0.0000E+00   0.0000E+00   0.0000E+00   0.0000E+00
    18     5   0.0000E+00   0.0000E+00   0.0000E+00   0.0000E+00   0.0000E+00   0.0000E+00
    18     6   0.0000E+00   0.0000E+00   0.0000E+00   0.0000E+00   0.0000E+00   0.0000E+00
    18     7   0.0000E+00   0.0000E+00   0.0000E+00   0.0000E+00   0.0000E+00   0.0000E+00
    18     8   0.0000E+00   0.0000E+00   0.0000E+00   0.0000E+00   0.0000E+00   0.0000E+00
    18     9   0.0000E+00   0.0000E+00   0.0000E+00   0.0000E+00   0.0000E+00   0.0000E+00
    18    10   0.0000E+00   0.0000E+00   0.0000E+00   0.0000E+00   0.0000E+00   0.0000E+00
    18    11   0.0000E+00   0.0000E+00   0.0000E+00   0.0000E+00   0.0000E+00   0.0000E+00
    18    12   0.0000E+00   0.0000E+00   0.0000E+00   0.0000E+00   0.0000E+00   0.0000E+00
    18    13   0.0000E+00   0.0000E+00   0.0000E+00   0.0000E+00   0.0000E+00   0.0000E+00
    18    14   0.0000E+00   0.0000E+00   0.0000E+00   0.0000E+00   0.0000E+00   0.0000E+00
    18    15   0.0000E+00   0.0000E+00   0.0000E+00   0.0000E+00   0.0000E+00   0.0000E+00
    18    16   0.0000E+00   0.0000E+00   0.0000E+00   0.0000E+00   0.0000E+00   0.0000E+00
    18    17   0.0000E+00   0.0000E+00   0.0000E+00   0.0000E+00   0.0000E+00   0.0000E+00
    18    18   0.0000E+00   0.0000E+00   0.0000E+00   0.0000E+00   0.0000E+00   0.0000E+00
    18    19   0.0000E+00   0.0000E+00   0.0000E+00   0.0000E+00   0.0000E+00   0.0000E+00
    18    20   0.0000E+00   0.0000E+00   0.0000E+00   0.0000E+00   0.0000E+00   0.0000E+00
    18    21   0.0000E+00   0.0000E+00   0.0000E+00   0.0000E+00   0.0000E+00   0.0000E+00
    18    22   0.0000E+00   0.0000E+00   0.0000E+00   0.0000E+00   0.0000E+00   0.0000E+00
    18    23   0.0000E+00   0.0000E+00   0.0000E+00   0.0000E+00   0.0000E+00   0.0000E+00
    18    24   0.0000E+00   0.0000E+00   0.0000E+00   0.0000E+00   0.0000E+00   0.0000E+00
    18    25   0.0000E+00   0.0000E+00   0.0000E+00   0.0000E+00   0.0000E+00   0.0000E+00
    18    26   0.0000E+00   0.0000E+00   0.0000E+00   0.0000E+00   0.0000E+00   0.0000E+00
    18    27   0.0000E+00   0.0000E+00   0.0000E+00   0.0000E+00   0.0000E+00   0.0000E+00
    18    28   0.0000E+00   0.0000E+00   0.0000E+00   0.0000E+00   0.0000E+00   0.0000E+00
    18    29   0.0000E+00   0.0000E+00   0.0000E+00   0.0000E+00   0.0000E+00   0.0000E+00
    18    30   0.0000E+00   0.0000E+00   0.0000E+00   0.0000E+00   0.0000E+00   0.0000E+00
    18    31   0.0000E+00   0.0000E+00   0.0000E+00   0.0000E+00   0.0000E+00   0.0000E+00
    18    32   0.0000E+00   0.0000E+00   0.0000E+00   0.0000E+00   0.0000E+00   0.0000E+00
    19     1   0.0000E+00   0.0000E+00   0.0000E+00   0.0000E+00   0.0000E+00   0.0000E+00
    19     2   0.0000E+00   0.0000E+00   0.0000E+00   0.0000E+00   0.0000E+00   0.0000E+00
    19     3   0.0000E+00   0.0000E+00   0.0000E+00   0.0000E+00   0.0000E+00   0.0000E+00
    19     4   0.0000E+00   0.0000E+00   0.0000E+00   0.0000E+00   0.0000E+00   0.0000E+00
    19     5   0.0000E+00   0.0000E+00   0.0000E+00   0.0000E+00   0.0000E+00   0.0000E+00
    19     6   0.0000E+00   0.0000E+00   0.0000E+00   0.0000E+00   0.0000E+00   0.0000E+00
    19     7   0.0000E+00   0.0000E+00   0.0000E+00   0.0000E+00   0.0000E+00   0.0000E+00
    19     8   0.0000E+00   0.0000E+00   0.0000E+00   0.0000E+00   0.0000E+00   0.0000E+00
    19     9   0.0000E+00   0.0000E+00   0.0000E+00   0.0000E+00   0.0000E+00   0.0000E+00
    19    10   0.0000E+00   0.0000E+00   0.0000E+00   0.0000E+00   0.0000E+00   0.0000E+00
    19    11   0.0000E+00   0.0000E+00   0.0000E+00   0.0000E+00   0.0000E+00   0.0000E+00
    19    12   0.0000E+00   0.0000E+00   0.0000E+00   0.0000E+00   0.0000E+00   0.0000E+00
    19    13   0.0000E+00   0.0000E+00   0.0000E+00   0.0000E+00   0.0000E+00   0.0000E+00
    19    14   0.0000E+00   0.0000E+00   0.0000E+00   0.0000E+00   0.0000E+00   0.0000E+00
    19    15   0.0000E+00   0.0000E+00   0.0000E+00   0.0000E+00   0.0000E+00   0.0000E+00
    19    16   0.0000E+00   0.0000E+00   0.0000E+00   0.0000E+00   0.0000E+00   0.0000E+00
    19    17   0.0000E+00   0.0000E+00   0.0000E+00   0.0000E+00   0.0000E+00   0.0000E+00
    19    18   0.0000E+00   0.0000E+00   0.0000E+00   0.0000E+00   0.0000E+00   0.0000E+00
    19    19   0.0000E+00   0.0000E+00   0.0000E+00   0.0000E+00   0.0000E+00   0.0000E+00
    19    20   0.0000E+00   0.0000E+00   0.0000E+00   0.0000E+00   0.0000E+00   0.0000E+00
    19    21   0.0000E+00   0.0000E+00   0.0000E+00   0.0000E+00   0.0000E+00   0.0000E+00
    19    22   0.0000E+00   0.0000E+00   0.0000E+00   0.0000E+00   0.0000E+00   0.0000E+00
    19    23   0.0000E+00   0.0000E+00   0.0000E+00   0.0000E+00   0.0000E+00   0.0000E+00
    19    24   0.0000E+00   0.0000E+00   0.0000E+00   0.0000E+00   0.0000E+00   0.0000E+00
    19    25   0.0000E+00   0.0000E+00   0.0000E+00   0.0000E+00   0.0000E+00   0.0000E+00
    19    26   0.0000E+00   0.0000E+00   0.0000E+00   0.0000E+00   0.0000E+00   0.0000E+00
    19    27   0.0000E+00   0.0000E+00   0.0000E+00   0.0000E+00   0.0000E+00   0.0000E+00
    19    28   0.0000E+00   0.0000E+00   0.0000E+00   0.0000E+00   0.0000E+00   0.0000E+00
    19    29   0.0000E+00   0.0000E+00   0.0000E+00   0.0000E+00   0.0000E+00   0.0000E+00
    19    30   0.0000E+00   0.0000E+00   0.0000E+00   0.0000E+00   0.0000E+00   0.0000E+00
    19    31   0.0000E+00   0.0000E+00   0.0000E+00   0.0000E+00   0.0000E+00   0.0000E+00
    19    32   0.0000E+00   0.0000E+00   0.0000E+00   0.0000E+00   0.0000E+00   0.0000E+00
    20     1   0.0000E+00   0.0000E+00   0.0000E+00   0.0000E+00   0.0000E+00   0.0000E+00
    20     2   0.0000E+00   0.0000E+00   0.0000E+00   0.0000E+00   0.0000E+00   0.0000E+00
    20     3   0.0000E+00   0.0000E+00   0.0000E+00   0.0000E+00   0.0000E+00   0.0000E+00
    20     4   0.0000E+00   0.0000E+00   0.0000E+00   0.0000E+00   0.0000E+00   0.0000E+00
    20     5   0.0000E+00   0.0000E+00   0.0000E+00   0.0000E+00   0.0000E+00   0.0000E+00
    20     6   0.0000E+00   0.0000E+00   0.0000E+00   0.0000E+00   0.0000E+00   0.0000E+00
    20     7   0.0000E+00   0.0000E+00   0.0000E+00   0.0000E+00   0.0000E+00   0.0000E+00
    20     8   0.0000E+00   0.0000E+00   0.0000E+00   0.0000E+00   0.0000E+00   0.0000E+00
    20     9   0.0000E+00   0.0000E+00   0.0000E+00   0.0000E+00   0.0000E+00   0.0000E+00
    20    10   0.0000E+00   0.0000E+00   0.0000E+00   0.0000E+00   0.0000E+00   0.0000E+00
    20    11   0.0000E+00   0.0000E+00   0.0000E+00   0.0000E+00   0.0000E+00   0.0000E+00
    20    12   0.0000E+00   0.0000E+00   0.0000E+00   0.0000E+00   0.0000E+00   0.0000E+00
    20    13   0.0000E+00   0.0000E+00   0.0000E+00   0.0000E+00   0.0000E+00   0.0000E+00
    20    14   0.0000E+00   0.0000E+00   0.0000E+00   0.0000E+00   0.0000E+00   0.0000E+00
    20    15   0.0000E+00   0.0000E+00   0.0000E+00   0.0000E+00   0.0000E+00   0.0000E+00
    20    16   0.0000E+00   0.0000E+00   0.0000E+00   0.0000E+00   0.0000E+00   0.0000E+00
    20    17   0.0000E+00   0.0000E+00   0.0000E+00   0.0000E+00   0.0000E+00   0.0000E+00
    20    18   0.0000E+00   0.0000E+00   0.0000E+00   0.0000E+00   0.0000E+00   0.0000E+00
    20    19   0.0000E+00   0.0000E+00   0.0000E+00   0.0000E+00   0.0000E+00   0.0000E+00
    20    20   0.0000E+00   0.0000E+00   0.0000E+00   0.0000E+00   0.0000E+00   0.0000E+00
    20    21   0.0000E+00   0.0000E+00   0.0000E+00   0.0000E+00   0.0000E+00   0.0000E+00
    20    22   0.0000E+00   0.0000E+00   0.0000E+00   0.0000E+00   0.0000E+00   0.0000E+00
    20    23   0.0000E+00   0.0000E+00   0.0000E+00   0.0000E+00   0.0000E+00   0.0000E+00
    20    24   0.0000E+00   0.0000E+00   0.0000E+00   0.0000E+00   0.0000E+00   0.0000E+00
    20    25   0.0000E+00   0.0000E+00   0.0000E+00   0.0000E+00   0.0000E+00   0.0000E+00
    20    26   0.0000E+00   0.0000E+00   0.0000E+00   0.0000E+00   0.0000E+00   0.0000E+00
    20    27   0.0000E+00   0.0000E+00   0.0000E+00   0.0000E+00   0.0000E+00   0.0000E+00
    20    28   0.0000E+00   0.0000E+00   0.0000E+00   0.0000E+00   0.0000E+00   0.0000E+00
    20    29   5.6834E+15   1.0000E+00   2.3540E-05   1.0000E+00   0.0000E+00   0.0000E+00
    20    30   6.0277E+15   1.0000E+00   2.4966E-05   1.0000E+00   0.0000E+00   0.0000E+00
    20    31   6.2296E+15   1.0000E+00   2.5803E-05   1.0000E+00   0.0000E+00   0.0000E+00
    20    32   6.4478E+15   1.0000E+00   2.6707E-05   1.0000E+00   0.0000E+00   0.0000E+00
    21     1   0.0000E+00   0.0000E+00   0.0000E+00   0.0000E+00   0.0000E+00   0.0000E+00
    21     2   0.0000E+00   0.0000E+00   0.0000E+00   0.0000E+00   0.0000E+00   0.0000E+00
    21     3   0.0000E+00   0.0000E+00   0.0000E+00   0.0000E+00   0.0000E+00   0.0000E+00
    21     4   0.0000E+00   0.0000E+00   0.0000E+00   0.0000E+00   0.0000E+00   0.0000E+00
    21     5   0.0000E+00   0.0000E+00   0.0000E+00   0.0000E+00   0.0000E+00   0.0000E+00
    21     6   0.0000E+00   0.0000E+00   0.0000E+00   0.0000E+00   0.0000E+00   0.0000E+00
    21     7   0.0000E+00   0.0000E+00   0.0000E+00   0.0000E+00   0.0000E+00   0.0000E+00
    21     8   0.0000E+00   0.0000E+00   0.0000E+00   0.0000E+00   0.0000E+00   0.0000E+00
    21     9   0.0000E+00   0.0000E+00   0.0000E+00   0.0000E+00   0.0000E+00   0.0000E+00
    21    10   0.0000E+00   0.0000E+00   0.0000E+00   0.0000E+00   0.0000E+00   0.0000E+00
    21    11   0.0000E+00   0.0000E+00   0.0000E+00   0.0000E+00   0.0000E+00   0.0000E+00
    21    12   0.0000E+00   0.0000E+00   0.0000E+00   0.0000E+00   0.0000E+00   0.0000E+00
    21    13   0.0000E+00   0.0000E+00   0.0000E+00   0.0000E+00   0.0000E+00   0.0000E+00
    21    14   0.0000E+00   0.0000E+00   0.0000E+00   0.0000E+00   0.0000E+00   0.0000E+00
    21    15   0.0000E+00   0.0000E+00   0.0000E+00   0.0000E+00   0.0000E+00   0.0000E+00
    21    16   0.0000E+00   0.0000E+00   0.0000E+00   0.0000E+00   0.0000E+00   0.0000E+00
    21    17   0.0000E+00   0.0000E+00   0.0000E+00   0.0000E+00   0.0000E+00   0.0000E+00
    21    18   0.0000E+00   0.0000E+00   0.0000E+00   0.0000E+00   0.0000E+00   0.0000E+00
    21    19   0.0000E+00   0.0000E+00   0.0000E+00   0.0000E+00   0.0000E+00   0.0000E+00
    21    20   0.0000E+00   0.0000E+00   0.0000E+00   0.0000E+00   0.0000E+00   0.0000E+00
    21    21   0.0000E+00   0.0000E+00   0.0000E+00   0.0000E+00   0.0000E+00   0.0000E+00
    21    22   0.0000E+00   0.0000E+00   0.0000E+00   0.0000E+00   0.0000E+00   0.0000E+00
    21    23   0.0000E+00   0.0000E+00   0.0000E+00   0.0000E+00   0.0000E+00   0.0000E+00
    21    24   0.0000E+00   0.0000E+00   0.0000E+00   0.0000E+00   0.0000E+00   0.0000E+00
    21    25   0.0000E+00   0.0000E+00   0.0000E+00   0.0000E+00   0.0000E+00   0.0000E+00
    21    26   0.0000E+00   0.0000E+00   0.0000E+00   0.0000E+00   0.0000E+00   0.0000E+00
    21    27   0.0000E+00   0.0000E+00   0.0000E+00   0.0000E+00   0.0000E+00   0.0000E+00
    21    28   0.0000E+00   0.0000E+00   0.0000E+00   0.0000E+00   0.0000E+00   0.0000E+00
    21    29   0.0000E+00   0.0000E+00   0.0000E+00   0.0000E+00   0.0000E+00   0.0000E+00
    21    30   0.0000E+00   0.0000E+00   0.0000E+00   0.0000E+00   0.0000E+00   0.0000E+00
    21    31   0.0000E+00   0.0000E+00   0.0000E+00   0.0000E+00   0.0000E+00   0.0000E+00
    21    32   0.0000E+00   0.0000E+00   0.0000E+00   0.0000E+00   0.0000E+00   0.0000E+00
    22     1   0.0000E+00   0.0000E+00   0.0000E+00   0.0000E+00   0.0000E+00   0.0000E+00
    22     2   0.0000E+00   0.0000E+00   0.0000E+00   0.0000E+00   0.0000E+00   0.0000E+00
    22     3   0.0000E+00   0.0000E+00   0.0000E+00   0.0000E+00   0.0000E+00   0.0000E+00
    22     4   0.0000E+00   0.0000E+00   0.0000E+00   0.0000E+00   0.0000E+00   0.0000E+00
    22     5   0.0000E+00   0.0000E+00   0.0000E+00   0.0000E+00   0.0000E+00   0.0000E+00
    22     6   0.0000E+00   0.0000E+00   0.0000E+00   0.0000E+00   0.0000E+00   0.0000E+00
    22     7   0.0000E+00   0.0000E+00   0.0000E+00   0.0000E+00   0.0000E+00   0.0000E+00
    22     8   0.0000E+00   0.0000E+00   0.0000E+00   0.0000E+00   0.0000E+00   0.0000E+00
    22     9   0.0000E+00   0.0000E+00   0.0000E+00   0.0000E+00   0.0000E+00   0.0000E+00
    22    10   0.0000E+00   0.0000E+00   0.0000E+00   0.0000E+00   0.0000E+00   0.0000E+00
    22    11   0.0000E+00   0.0000E+00   0.0000E+00   0.0000E+00   0.0000E+00   0.0000E+00
    22    12   0.0000E+00   0.0000E+00   0.0000E+00   0.0000E+00   0.0000E+00   0.0000E+00
    22    13   0.0000E+00   0.0000E+00   0.0000E+00   0.0000E+00   0.0000E+00   0.0000E+00
    22    14   0.0000E+00   0.0000E+00   0.0000E+00   0.0000E+00   0.0000E+00   0.0000E+00
    22    15   0.0000E+00   0.0000E+00   0.0000E+00   0.0000E+00   0.0000E+00   0.0000E+00
    22    16   0.0000E+00   0.0000E+00   0.0000E+00   0.0000E+00   0.0000E+00   0.0000E+00
    22    17   0.0000E+00   0.0000E+00   0.0000E+00   0.0000E+00   0.0000E+00   0.0000E+00
    22    18   0.0000E+00   0.0000E+00   0.0000E+00   0.0000E+00   0.0000E+00   0.0000E+00
    22    19   0.0000E+00   0.0000E+00   0.0000E+00   0.0000E+00   0.0000E+00   0.0000E+00
    22    20   0.0000E+00   0.0000E+00   0.0000E+00   0.0000E+00   0.0000E+00   0.0000E+00
    22    21   0.0000E+00   0.0000E+00   0.0000E+00   0.0000E+00   0.0000E+00   0.0000E+00
    22    22   0.0000E+00   0.0000E+00   0.0000E+00   0.0000E+00   0.0000E+00   0.0000E+00
    22    23   0.0000E+00   0.0000E+00   0.0000E+00   0.0000E+00   0.0000E+00   0.0000E+00
    22    24   0.0000E+00   0.0000E+00   0.0000E+00   0.0000E+00   0.0000E+00   0.0000E+00
    22    25   0.0000E+00   0.0000E+00   0.0000E+00   0.0000E+00   0.0000E+00   0.0000E+00
    22    26   0.0000E+00   0.0000E+00   0.0000E+00   0.0000E+00   0.0000E+00   0.0000E+00
    22    27   0.0000E+00   0.0000E+00   0.0000E+00   0.0000E+00   0.0000E+00   0.0000E+00
    22    28   0.0000E+00   0.0000E+00   0.0000E+00   0.0000E+00   0.0000E+00   0.0000E+00
    22    29   0.0000E+00   0.0000E+00   0.0000E+00   0.0000E+00   0.0000E+00   0.0000E+00
    22    30   0.0000E+00   0.0000E+00   0.0000E+00   0.0000E+00   0.0000E+00   0.0000E+00
    22    31   0.0000E+00   0.0000E+00   0.0000E+00   0.0000E+00   0.0000E+00   0.0000E+00
    22    32   0.0000E+00   0.0000E+00   0.0000E+00   0.0000E+00   0.0000E+00   0.0000E+00
    23     1   0.0000E+00   0.0000E+00   0.0000E+00   0.0000E+00   0.0000E+00   0.0000E+00
    23     2   0.0000E+00   0.0000E+00   0.0000E+00   0.0000E+00   0.0000E+00   0.0000E+00
    23     3   0.0000E+00   0.0000E+00   0.0000E+00   0.0000E+00   0.0000E+00   0.0000E+00
    23     4   0.0000E+00   0.0000E+00   0.0000E+00   0.0000E+00   0.0000E+00   0.0000E+00
    23     5   0.0000E+00   0.0000E+00   0.0000E+00   0.0000E+00   0.0000E+00   0.0000E+00
    23     6   0.0000E+00   0.0000E+00   0.0000E+00   0.0000E+00   0.0000E+00   0.0000E+00
    23     7   0.0000E+00   0.0000E+00   0.0000E+00   0.0000E+00   0.0000E+00   0.0000E+00
    23     8   0.0000E+00   0.0000E+00   0.0000E+00   0.0000E+00   0.0000E+00   0.0000E+00
    23     9   0.0000E+00   0.0000E+00   0.0000E+00   0.0000E+00   0.0000E+00   0.0000E+00
    23    10   0.0000E+00   0.0000E+00   0.0000E+00   0.0000E+00   0.0000E+00   0.0000E+00
    23    11   0.0000E+00   0.0000E+00   0.0000E+00   0.0000E+00   0.0000E+00   0.0000E+00
    23    12   0.0000E+00   0.0000E+00   0.0000E+00   0.0000E+00   0.0000E+00   0.0000E+00
    23    13   0.0000E+00   0.0000E+00   0.0000E+00   0.0000E+00   0.0000E+00   0.0000E+00
    23    14   0.0000E+00   0.0000E+00   0.0000E+00   0.0000E+00   0.0000E+00   0.0000E+00
    23    15   0.0000E+00   0.0000E+00   0.0000E+00   0.0000E+00   0.0000E+00   0.0000E+00
    23    16   0.0000E+00   0.0000E+00   0.0000E+00   0.0000E+00   0.0000E+00   0.0000E+00
    23    17   0.0000E+00   0.0000E+00   0.0000E+00   0.0000E+00   0.0000E+00   0.0000E+00
    23    18   0.0000E+00   0.0000E+00   0.0000E+00   0.0000E+00   0.0000E+00   0.0000E+00
    23    19   0.0000E+00   0.0000E+00   0.0000E+00   0.0000E+00   0.0000E+00   0.0000E+00
    23    20   0.0000E+00   0.0000E+00   0.0000E+00   0.0000E+00   0.0000E+00   0.0000E+00
    23    21   0.0000E+00   0.0000E+00   0.0000E+00   0.0000E+00   0.0000E+00   0.0000E+00
    23    22   0.0000E+00   0.0000E+00   0.0000E+00   0.0000E+00   0.0000E+00   0.0000E+00
    23    23   0.0000E+00   0.0000E+00   0.0000E+00   0.0000E+00   0.0000E+00   0.0000E+00
    23    24   0.0000E+00   0.0000E+00   0.0000E+00   0.0000E+00   0.0000E+00   0.0000E+00
    23    25   0.0000E+00   0.0000E+00   0.0000E+00   0.0000E+00   0.0000E+00   0.0000E+00
    23    26   0.0000E+00   0.0000E+00   0.0000E+00   0.0000E+00   0.0000E+00   0.0000E+00
    23    27   0.0000E+00   0.0000E+00   0.0000E+00   0.0000E+00   0.0000E+00   0.0000E+00
    23    28   0.0000E+00   0.0000E+00   0.0000E+00   0.0000E+00   0.0000E+00   0.0000E+00
    23    29   0.0000E+00   0.0000E+00   0.0000E+00   0.0000E+00   0.0000E+00   0.0000E+00
    23    30   0.0000E+00   0.0000E+00   0.0000E+00   0.0000E+00   0.0000E+00   0.0000E+00
    23    31   0.0000E+00   0.0000E+00   0.0000E+00   0.0000E+00   0.0000E+00   0.0000E+00
    23    32   0.0000E+00   0.0000E+00   0.0000E+00   0.0000E+00   0.0000E+00   0.0000E+00
    24     1   0.0000E+00   0.0000E+00   0.0000E+00   0.0000E+00   0.0000E+00   0.0000E+00
    24     2   0.0000E+00   0.0000E+00   0.0000E+00   0.0000E+00   0.0000E+00   0.0000E+00
    24     3   0.0000E+00   0.0000E+00   0.0000E+00   0.0000E+00   0.0000E+00   0.0000E+00
    24     4   0.0000E+00   0.0000E+00   0.0000E+00   0.0000E+00   0.0000E+00   0.0000E+00
    24     5   0.0000E+00   0.0000E+00   0.0000E+00   0.0000E+00   0.0000E+00   0.0000E+00
    24     6   0.0000E+00   0.0000E+00   0.0000E+00   0.0000E+00   0.0000E+00   0.0000E+00
    24     7   0.0000E+00   0.0000E+00   0.0000E+00   0.0000E+00   0.0000E+00   0.0000E+00
    24     8   0.0000E+00   0.0000E+00   0.0000E+00   0.0000E+00   0.0000E+00   0.0000E+00
    24     9   0.0000E+00   0.0000E+00   0.0000E+00   0.0000E+00   0.0000E+00   0.0000E+00
    24    10   0.0000E+00   0.0000E+00   0.0000E+00   0.0000E+00   0.0000E+00   0.0000E+00
    24    11   0.0000E+00   0.0000E+00   0.0000E+00   0.0000E+00   0.0000E+00   0.0000E+00
    24    12   0.0000E+00   0.0000E+00   0.0000E+00   0.0000E+00   0.0000E+00   0.0000E+00
    24    13   0.0000E+00   0.0000E+00   0.0000E+00   0.0000E+00   0.0000E+00   0.0000E+00
    24    14   0.0000E+00   0.0000E+00   0.0000E+00   0.0000E+00   0.0000E+00   0.0000E+00
    24    15   0.0000E+00   0.0000E+00   0.0000E+00   0.0000E+00   0.0000E+00   0.0000E+00
    24    16   0.0000E+00   0.0000E+00   0.0000E+00   0.0000E+00   0.0000E+00   0.0000E+00
    24    17   0.0000E+00   0.0000E+00   0.0000E+00   0.0000E+00   0.0000E+00   0.0000E+00
    24    18   0.0000E+00   0.0000E+00   0.0000E+00   0.0000E+00   0.0000E+00   0.0000E+00
    24    19   0.0000E+00   0.0000E+00   0.0000E+00   0.0000E+00   0.0000E+00   0.0000E+00
    24    20   0.0000E+00   0.0000E+00   0.0000E+00   0.0000E+00   0.0000E+00   0.0000E+00
    24    21   0.0000E+00   0.0000E+00   0.0000E+00   0.0000E+00   0.0000E+00   0.0000E+00
    24    22   0.0000E+00   0.0000E+00   0.0000E+00   0.0000E+00   0.0000E+00   0.0000E+00
    24    23   0.0000E+00   0.0000E+00   0.0000E+00   0.0000E+00   0.0000E+00   0.0000E+00
    24    24   0.0000E+00   0.0000E+00   0.0000E+00   0.0000E+00   0.0000E+00   0.0000E+00
    24    25   0.0000E+00   0.0000E+00   0.0000E+00   0.0000E+00   0.0000E+00   0.0000E+00
    24    26   0.0000E+00   0.0000E+00   0.0000E+00   0.0000E+00   0.0000E+00   0.0000E+00
    24    27   0.0000E+00   0.0000E+00   0.0000E+00   0.0000E+00   0.0000E+00   0.0000E+00
    24    28   0.0000E+00   0.0000E+00   0.0000E+00   0.0000E+00   0.0000E+00   0.0000E+00
    24    29   0.0000E+00   0.0000E+00   0.0000E+00   0.0000E+00   0.0000E+00   0.0000E+00
    24    30   0.0000E+00   0.0000E+00   0.0000E+00   0.0000E+00   0.0000E+00   0.0000E+00
    24    31   0.0000E+00   0.0000E+00   0.0000E+00   0.0000E+00   0.0000E+00   0.0000E+00
    24    32   0.0000E+00   0.0000E+00   0.0000E+00   0.0000E+00   0.0000E+00   0.0000E+00
    25     1   0.0000E+00   0.0000E+00   0.0000E+00   0.0000E+00   0.0000E+00   0.0000E+00
    25     2   0.0000E+00   0.0000E+00   0.0000E+00   0.0000E+00   0.0000E+00   0.0000E+00
    25     3   0.0000E+00   0.0000E+00   0.0000E+00   0.0000E+00   0.0000E+00   0.0000E+00
    25     4   0.0000E+00   0.0000E+00   0.0000E+00   0.0000E+00   0.0000E+00   0.0000E+00
    25     5   0.0000E+00   0.0000E+00   0.0000E+00   0.0000E+00   0.0000E+00   0.0000E+00
    25     6   0.0000E+00   0.0000E+00   0.0000E+00   0.0000E+00   0.0000E+00   0.0000E+00
    25     7   0.0000E+00   0.0000E+00   0.0000E+00   0.0000E+00   0.0000E+00   0.0000E+00
    25     8   0.0000E+00   0.0000E+00   0.0000E+00   0.0000E+00   0.0000E+00   0.0000E+00
    25     9   0.0000E+00   0.0000E+00   0.0000E+00   0.0000E+00   0.0000E+00   0.0000E+00
    25    10   0.0000E+00   0.0000E+00   0.0000E+00   0.0000E+00   0.0000E+00   0.0000E+00
    25    11   0.0000E+00   0.0000E+00   0.0000E+00   0.0000E+00   0.0000E+00   0.0000E+00
    25    12   0.0000E+00   0.0000E+00   0.0000E+00   0.0000E+00   0.0000E+00   0.0000E+00
    25    13   0.0000E+00   0.0000E+00   0.0000E+00   0.0000E+00   0.0000E+00   0.0000E+00
    25    14   0.0000E+00   0.0000E+00   0.0000E+00   0.0000E+00   0.0000E+00   0.0000E+00
    25    15   0.0000E+00   0.0000E+00   0.0000E+00   0.0000E+00   0.0000E+00   0.0000E+00
    25    16   0.0000E+00   0.0000E+00   0.0000E+00   0.0000E+00   0.0000E+00   0.0000E+00
    25    17   0.0000E+00   0.0000E+00   0.0000E+00   0.0000E+00   0.0000E+00   0.0000E+00
    25    18   0.0000E+00   0.0000E+00   0.0000E+00   0.0000E+00   0.0000E+00   0.0000E+00
    25    19   0.0000E+00   0.0000E+00   0.0000E+00   0.0000E+00   0.0000E+00   0.0000E+00
    25    20   0.0000E+00   0.0000E+00   0.0000E+00   0.0000E+00   0.0000E+00   0.0000E+00
    25    21   0.0000E+00   0.0000E+00   0.0000E+00   0.0000E+00   0.0000E+00   0.0000E+00
    25    22   0.0000E+00   0.0000E+00   0.0000E+00   0.0000E+00   0.0000E+00   0.0000E+00
    25    23   0.0000E+00   0.0000E+00   0.0000E+00   0.0000E+00   0.0000E+00   0.0000E+00
    25    24   0.0000E+00   0.0000E+00   0.0000E+00   0.0000E+00   0.0000E+00   0.0000E+00
    25    25   0.0000E+00   0.0000E+00   0.0000E+00   0.0000E+00   0.0000E+00   0.0000E+00
    25    26   0.0000E+00   0.0000E+00   0.0000E+00   0.0000E+00   0.0000E+00   0.0000E+00
    25    27   0.0000E+00   0.0000E+00   0.0000E+00   0.0000E+00   0.0000E+00   0.0000E+00
    25    28   0.0000E+00   0.0000E+00   0.0000E+00   0.0000E+00   0.0000E+00   0.0000E+00
    25    29   0.0000E+00   0.0000E+00   0.0000E+00   0.0000E+00   0.0000E+00   0.0000E+00
    25    30   0.0000E+00   0.0000E+00   0.0000E+00   0.0000E+00   0.0000E+00   0.0000E+00
    25    31   0.0000E+00   0.0000E+00   0.0000E+00   0.0000E+00   0.0000E+00   0.0000E+00
    25    32   0.0000E+00   0.0000E+00   0.0000E+00   0.0000E+00   0.0000E+00   0.0000E+00
    26     1   0.0000E+00   0.0000E+00   0.0000E+00   0.0000E+00   0.0000E+00   0.0000E+00
    26     2   0.0000E+00   0.0000E+00   0.0000E+00   0.0000E+00   0.0000E+00   0.0000E+00
    26     3   0.0000E+00   0.0000E+00   0.0000E+00   0.0000E+00   0.0000E+00   0.0000E+00
    26     4   0.0000E+00   0.0000E+00   0.0000E+00   0.0000E+00   0.0000E+00   0.0000E+00
    26     5   0.0000E+00   0.0000E+00   0.0000E+00   0.0000E+00   0.0000E+00   0.0000E+00
    26     6   0.0000E+00   0.0000E+00   0.0000E+00   0.0000E+00   0.0000E+00   0.0000E+00
    26     7   0.0000E+00   0.0000E+00   0.0000E+00   0.0000E+00   0.0000E+00   0.0000E+00
    26     8   0.0000E+00   0.0000E+00   0.0000E+00   0.0000E+00   0.0000E+00   0.0000E+00
    26     9   0.0000E+00   0.0000E+00   0.0000E+00   0.0000E+00   0.0000E+00   0.0000E+00
    26    10   0.0000E+00   0.0000E+00   0.0000E+00   0.0000E+00   0.0000E+00   0.0000E+00
    26    11   0.0000E+00   0.0000E+00   0.0000E+00   0.0000E+00   0.0000E+00   0.0000E+00
    26    12   0.0000E+00   0.0000E+00   0.0000E+00   0.0000E+00   0.0000E+00   0.0000E+00
    26    13   0.0000E+00   0.0000E+00   0.0000E+00   0.0000E+00   0.0000E+00   0.0000E+00
    26    14   0.0000E+00   0.0000E+00   0.0000E+00   0.0000E+00   0.0000E+00   0.0000E+00
    26    15   0.0000E+00   0.0000E+00   0.0000E+00   0.0000E+00   0.0000E+00   0.0000E+00
    26    16   0.0000E+00   0.0000E+00   0.0000E+00   0.0000E+00   0.0000E+00   0.0000E+00
    26    17   0.0000E+00   0.0000E+00   0.0000E+00   0.0000E+00   0.0000E+00   0.0000E+00
    26    18   0.0000E+00   0.0000E+00   0.0000E+00   0.0000E+00   0.0000E+00   0.0000E+00
    26    19   0.0000E+00   0.0000E+00   0.0000E+00   0.0000E+00   0.0000E+00   0.0000E+00
    26    20   0.0000E+00   0.0000E+00   0.0000E+00   0.0000E+00   0.0000E+00   0.0000E+00
    26    21   0.0000E+00   0.0000E+00   0.0000E+00   0.0000E+00   0.0000E+00   0.0000E+00
    26    22   0.0000E+00   0.0000E+00   0.0000E+00   0.0000E+00   0.0000E+00   0.0000E+00
    26    23   0.0000E+00   0.0000E+00   0.0000E+00   0.0000E+00   0.0000E+00   0.0000E+00
    26    24   0.0000E+00   0.0000E+00   0.0000E+00   0.0000E+00   0.0000E+00   0.0000E+00
    26    25   0.0000E+00   0.0000E+00   0.0000E+00   0.0000E+00   0.0000E+00   0.0000E+00
    26    26   0.0000E+00   0.0000E+00   0.0000E+00   0.0000E+00   0.0000E+00   0.0000E+00
    26    27   0.0000E+00   0.0000E+00   0.0000E+00   0.0000E+00   0.0000E+00   0.0000E+00
    26    28   0.0000E+00   0.0000E+00   0.0000E+00   0.0000E+00   0.0000E+00   0.0000E+00
    26    29   0.0000E+00   0.0000E+00   0.0000E+00   0.0000E+00   0.0000E+00   0.0000E+00
    26    30   0.0000E+00   0.0000E+00   0.0000E+00   0.0000E+00   0.0000E+00   0.0000E+00
    26    31   0.0000E+00   0.0000E+00   0.0000E+00   0.0000E+00   0.0000E+00   0.0000E+00
    26    32   0.0000E+00   0.0000E+00   0.0000E+00   0.0000E+00   0.0000E+00   0.0000E+00
    27     1   0.0000E+00   0.0000E+00   0.0000E+00   0.0000E+00   0.0000E+00   0.0000E+00
    27     2   0.0000E+00   0.0000E+00   0.0000E+00   0.0000E+00   0.0000E+00   0.0000E+00
    27     3   0.0000E+00   0.0000E+00   0.0000E+00   0.0000E+00   0.0000E+00   0.0000E+00
    27     4   0.0000E+00   0.0000E+00   0.0000E+00   0.0000E+00   0.0000E+00   0.0000E+00
    27     5   0.0000E+00   0.0000E+00   0.0000E+00   0.0000E+00   0.0000E+00   0.0000E+00
    27     6   0.0000E+00   0.0000E+00   0.0000E+00   0.0000E+00   0.0000E+00   0.0000E+00
    27     7   0.0000E+00   0.0000E+00   0.0000E+00   0.0000E+00   0.0000E+00   0.0000E+00
    27     8   0.0000E+00   0.0000E+00   0.0000E+00   0.0000E+00   0.0000E+00   0.0000E+00
    27     9   0.0000E+00   0.0000E+00   0.0000E+00   0.0000E+00   0.0000E+00   0.0000E+00
    27    10   0.0000E+00   0.0000E+00   0.0000E+00   0.0000E+00   0.0000E+00   0.0000E+00
    27    11   0.0000E+00   0.0000E+00   0.0000E+00   0.0000E+00   0.0000E+00   0.0000E+00
    27    12   0.0000E+00   0.0000E+00   0.0000E+00   0.0000E+00   0.0000E+00   0.0000E+00
    27    13   0.0000E+00   0.0000E+00   0.0000E+00   0.0000E+00   0.0000E+00   0.0000E+00
    27    14   0.0000E+00   0.0000E+00   0.0000E+00   0.0000E+00   0.0000E+00   0.0000E+00
    27    15   0.0000E+00   0.0000E+00   0.0000E+00   0.0000E+00   0.0000E+00   0.0000E+00
    27    16   0.0000E+00   0.0000E+00   0.0000E+00   0.0000E+00   0.0000E+00   0.0000E+00
    27    17   0.0000E+00   0.0000E+00   0.0000E+00   0.0000E+00   0.0000E+00   0.0000E+00
    27    18   0.0000E+00   0.0000E+00   0.0000E+00   0.0000E+00   0.0000E+00   0.0000E+00
    27    19   0.0000E+00   0.0000E+00   0.0000E+00   0.0000E+00   0.0000E+00   0.0000E+00
    27    20   0.0000E+00   0.0000E+00   0.0000E+00   0.0000E+00   0.0000E+00   0.0000E+00
    27    21   0.0000E+00   0.0000E+00   0.0000E+00   0.0000E+00   0.0000E+00   0.0000E+00
    27    22   0.0000E+00   0.0000E+00   0.0000E+00   0.0000E+00   0.0000E+00   0.0000E+00
    27    23   0.0000E+00   0.0000E+00   0.0000E+00   0.0000E+00   0.0000E+00   0.0000E+00
    27    24   0.0000E+00   0.0000E+00   0.0000E+00   0.0000E+00   0.0000E+00   0.0000E+00
    27    25   0.0000E+00   0.0000E+00   0.0000E+00   0.0000E+00   0.0000E+00   0.0000E+00
    27    26   0.0000E+00   0.0000E+00   0.0000E+00   0.0000E+00   0.0000E+00   0.0000E+00
    27    27   0.0000E+00   0.0000E+00   0.0000E+00   0.0000E+00   0.0000E+00   0.0000E+00
    27    28   0.0000E+00   0.0000E+00   0.0000E+00   0.0000E+00   0.0000E+00   0.0000E+00
    27    29   0.0000E+00   0.0000E+00   0.0000E+00   0.0000E+00   0.0000E+00   0.0000E+00
    27    30   0.0000E+00   0.0000E+00   0.0000E+00   0.0000E+00   0.0000E+00   0.0000E+00
    27    31   0.0000E+00   0.0000E+00   0.0000E+00   0.0000E+00   0.0000E+00   0.0000E+00
    27    32   0.0000E+00   0.0000E+00   0.0000E+00   0.0000E+00   0.0000E+00   0.0000E+00
    28     1   0.0000E+00   0.0000E+00   0.0000E+00   0.0000E+00   0.0000E+00   0.0000E+00
    28     2   0.0000E+00   0.0000E+00   0.0000E+00   0.0000E+00   0.0000E+00   0.0000E+00
    28     3   0.0000E+00   0.0000E+00   0.0000E+00   0.0000E+00   0.0000E+00   0.0000E+00
    28     4   0.0000E+00   0.0000E+00   0.0000E+00   0.0000E+00   0.0000E+00   0.0000E+00
    28     5   0.0000E+00   0.0000E+00   0.0000E+00   0.0000E+00   0.0000E+00   0.0000E+00
    28     6   0.0000E+00   0.0000E+00   0.0000E+00   0.0000E+00   0.0000E+00   0.0000E+00
    28     7   0.0000E+00   0.0000E+00   0.0000E+00   0.0000E+00   0.0000E+00   0.0000E+00
    28     8   0.0000E+00   0.0000E+00   0.0000E+00   0.0000E+00   0.0000E+00   0.0000E+00
    28     9   0.0000E+00   0.0000E+00   0.0000E+00   0.0000E+00   0.0000E+00   0.0000E+00
    28    10   0.0000E+00   0.0000E+00   0.0000E+00   0.0000E+00   0.0000E+00   0.0000E+00
    28    11   0.0000E+00   0.0000E+00   0.0000E+00   0.0000E+00   0.0000E+00   0.0000E+00
    28    12   0.0000E+00   0.0000E+00   0.0000E+00   0.0000E+00   0.0000E+00   0.0000E+00
    28    13   0.0000E+00   0.0000E+00   0.0000E+00   0.0000E+00   0.0000E+00   0.0000E+00
    28    14   0.0000E+00   0.0000E+00   0.0000E+00   0.0000E+00   0.0000E+00   0.0000E+00
    28    15   0.0000E+00   0.0000E+00   0.0000E+00   0.0000E+00   0.0000E+00   0.0000E+00
    28    16   0.0000E+00   0.0000E+00   0.0000E+00   0.0000E+00   0.0000E+00   0.0000E+00
    28    17   0.0000E+00   0.0000E+00   0.0000E+00   0.0000E+00   0.0000E+00   0.0000E+00
    28    18   0.0000E+00   0.0000E+00   0.0000E+00   0.0000E+00   0.0000E+00   0.0000E+00
    28    19   0.0000E+00   0.0000E+00   0.0000E+00   0.0000E+00   0.0000E+00   0.0000E+00
    28    20   0.0000E+00   0.0000E+00   0.0000E+00   0.0000E+00   0.0000E+00   0.0000E+00
    28    21   0.0000E+00   0.0000E+00   0.0000E+00   0.0000E+00   0.0000E+00   0.0000E+00
    28    22   0.0000E+00   0.0000E+00   0.0000E+00   0.0000E+00   0.0000E+00   0.0000E+00
    28    23   0.0000E+00   0.0000E+00   0.0000E+00   0.0000E+00   0.0000E+00   0.0000E+00
    28    24   0.0000E+00   0.0000E+00   0.0000E+00   0.0000E+00   0.0000E+00   0.0000E+00
    28    25   0.0000E+00   0.0000E+00   0.0000E+00   0.0000E+00   0.0000E+00   0.0000E+00
    28    26   0.0000E+00   0.0000E+00   0.0000E+00   0.0000E+00   0.0000E+00   0.0000E+00
    28    27   0.0000E+00   0.0000E+00   0.0000E+00   0.0000E+00   0.0000E+00   0.0000E+00
    28    28   0.0000E+00   0.0000E+00   0.0000E+00   0.0000E+00   0.0000E+00   0.0000E+00
    28    29   0.0000E+00   0.0000E+00   0.0000E+00   0.0000E+00   0.0000E+00   0.0000E+00
    28    30   0.0000E+00   0.0000E+00   0.0000E+00   0.0000E+00   0.0000E+00   0.0000E+00
    28    31   0.0000E+00   0.0000E+00   0.0000E+00   0.0000E+00   0.0000E+00   0.0000E+00
    28    32   0.0000E+00   0.0000E+00   0.0000E+00   0.0000E+00   0.0000E+00   0.0000E+00
    29     1   0.0000E+00   0.0000E+00   0.0000E+00   0.0000E+00   0.0000E+00   0.0000E+00
    29     2   0.0000E+00   0.0000E+00   0.0000E+00   0.0000E+00   0.0000E+00   0.0000E+00
    29     3   0.0000E+00   0.0000E+00   0.0000E+00   0.0000E+00   0.0000E+00   0.0000E+00
    29     4   0.0000E+00   0.0000E+00   0.0000E+00   0.0000E+00   0.0000E+00   0.0000E+00
    29     5   0.0000E+00   0.0000E+00   0.0000E+00   0.0000E+00   0.0000E+00   0.0000E+00
    29     6   0.0000E+00   0.0000E+00   0.0000E+00   0.0000E+00   0.0000E+00   0.0000E+00
    29     7   0.0000E+00   0.0000E+00   0.0000E+00   0.0000E+00   0.0000E+00   0.0000E+00
    29     8   0.0000E+00   0.0000E+00   0.0000E+00   0.0000E+00   0.0000E+00   0.0000E+00
    29     9   0.0000E+00   0.0000E+00   0.0000E+00   0.0000E+00   0.0000E+00   0.0000E+00
    29    10   0.0000E+00   0.0000E+00   0.0000E+00   0.0000E+00   0.0000E+00   0.0000E+00
    29    11   0.0000E+00   0.0000E+00   0.0000E+00   0.0000E+00   0.0000E+00   0.0000E+00
    29    12   0.0000E+00   0.0000E+00   0.0000E+00   0.0000E+00   0.0000E+00   0.0000E+00
    29    13   0.0000E+00   0.0000E+00   0.0000E+00   0.0000E+00   0.0000E+00   0.0000E+00
    29    14   0.0000E+00   0.0000E+00   0.0000E+00   0.0000E+00   0.0000E+00   0.0000E+00
    29    15   0.0000E+00   0.0000E+00   0.0000E+00   0.0000E+00   0.0000E+00   0.0000E+00
    29    16   0.0000E+00   0.0000E+00   0.0000E+00   0.0000E+00   0.0000E+00   0.0000E+00
    29    17   0.0000E+00   0.0000E+00   0.0000E+00   0.0000E+00   0.0000E+00   0.0000E+00
    29    18   0.0000E+00   0.0000E+00   0.0000E+00   0.0000E+00   0.0000E+00   0.0000E+00
    29    19   0.0000E+00   0.0000E+00   0.0000E+00   0.0000E+00   0.0000E+00   0.0000E+00
    29    20   0.0000E+00   0.0000E+00   0.0000E+00   0.0000E+00   0.0000E+00   0.0000E+00
    29    21   0.0000E+00   0.0000E+00   0.0000E+00   0.0000E+00   0.0000E+00   0.0000E+00
    29    22   0.0000E+00   0.0000E+00   0.0000E+00   0.0000E+00   0.0000E+00   0.0000E+00
    29    23   0.0000E+00   0.0000E+00   0.0000E+00   0.0000E+00   0.0000E+00   0.0000E+00
    29    24   0.0000E+00   0.0000E+00   0.0000E+00   0.0000E+00   0.0000E+00   0.0000E+00
    29    25   0.0000E+00   0.0000E+00   0.0000E+00   0.0000E+00   0.0000E+00   0.0000E+00
    29    26   0.0000E+00   0.0000E+00   0.0000E+00   0.0000E+00   0.0000E+00   0.0000E+00
    29    27   0.0000E+00   0.0000E+00   0.0000E+00   0.0000E+00   0.0000E+00   0.0000E+00
    29    28   0.0000E+00   0.0000E+00   0.0000E+00   0.0000E+00   0.0000E+00   0.0000E+00
    29    29   0.0000E+00   0.0000E+00   0.0000E+00   0.0000E+00   0.0000E+00   0.0000E+00
    29    30   0.0000E+00   0.0000E+00   0.0000E+00   0.0000E+00   0.0000E+00   0.0000E+00
    29    31   1.3784E+14   1.0000E+00   5.7095E-07   1.0000E+00   0.0000E+00   0.0000E+00
    29    32   1.8367E+15   1.0000E+00   7.6077E-06   1.0000E+00   0.0000E+00   0.0000E+00
    30     1   0.0000E+00   0.0000E+00   0.0000E+00   0.0000E+00   0.0000E+00   0.0000E+00
    30     2   0.0000E+00   0.0000E+00   0.0000E+00   0.0000E+00   0.0000E+00   0.0000E+00
    30     3   0.0000E+00   0.0000E+00   0.0000E+00   0.0000E+00   0.0000E+00   0.0000E+00
    30     4   0.0000E+00   0.0000E+00   0.0000E+00   0.0000E+00   0.0000E+00   0.0000E+00
    30     5   0.0000E+00   0.0000E+00   0.0000E+00   0.0000E+00   0.0000E+00   0.0000E+00
    30     6   0.0000E+00   0.0000E+00   0.0000E+00   0.0000E+00   0.0000E+00   0.0000E+00
    30     7   0.0000E+00   0.0000E+00   0.0000E+00   0.0000E+00   0.0000E+00   0.0000E+00
    30     8   0.0000E+00   0.0000E+00   0.0000E+00   0.0000E+00   0.0000E+00   0.0000E+00
    30     9   0.0000E+00   0.0000E+00   0.0000E+00   0.0000E+00   0.0000E+00   0.0000E+00
    30    10   0.0000E+00   0.0000E+00   0.0000E+00   0.0000E+00   0.0000E+00   0.0000E+00
    30    11   0.0000E+00   0.0000E+00   0.0000E+00   0.0000E+00   0.0000E+00   0.0000E+00
    30    12   0.0000E+00   0.0000E+00   0.0000E+00   0.0000E+00   0.0000E+00   0.0000E+00
    30    13   0.0000E+00   0.0000E+00   0.0000E+00   0.0000E+00   0.0000E+00   0.0000E+00
    30    14   0.0000E+00   0.0000E+00   0.0000E+00   0.0000E+00   0.0000E+00   0.0000E+00
    30    15   0.0000E+00   0.0000E+00   0.0000E+00   0.0000E+00   0.0000E+00   0.0000E+00
    30    16   0.0000E+00   0.0000E+00   0.0000E+00   0.0000E+00   0.0000E+00   0.0000E+00
    30    17   0.0000E+00   0.0000E+00   0.0000E+00   0.0000E+00   0.0000E+00   0.0000E+00
    30    18   0.0000E+00   0.0000E+00   0.0000E+00   0.0000E+00   0.0000E+00   0.0000E+00
    30    19   0.0000E+00   0.0000E+00   0.0000E+00   0.0000E+00   0.0000E+00   0.0000E+00
    30    20   0.0000E+00   0.0000E+00   0.0000E+00   0.0000E+00   0.0000E+00   0.0000E+00
    30    21   0.0000E+00   0.0000E+00   0.0000E+00   0.0000E+00   0.0000E+00   0.0000E+00
    30    22   0.0000E+00   0.0000E+00   0.0000E+00   0.0000E+00   0.0000E+00   0.0000E+00
    30    23   0.0000E+00   0.0000E+00   0.0000E+00   0.0000E+00   0.0000E+00   0.0000E+00
    30    24   0.0000E+00   0.0000E+00   0.0000E+00   0.0000E+00   0.0000E+00   0.0000E+00
    30    25   0.0000E+00   0.0000E+00   0.0000E+00   0.0000E+00   0.0000E+00   0.0000E+00
    30    26   0.0000E+00   0.0000E+00   0.0000E+00   0.0000E+00   0.0000E+00   0.0000E+00
    30    27   0.0000E+00   0.0000E+00   0.0000E+00   0.0000E+00   0.0000E+00   0.0000E+00
    30    28   0.0000E+00   0.0000E+00   0.0000E+00   0.0000E+00   0.0000E+00   0.0000E+00
    30    29   0.0000E+00   0.0000E+00   0.0000E+00   0.0000E+00   0.0000E+00   0.0000E+00
    30    30   0.0000E+00   0.0000E+00   0.0000E+00   0.0000E+00   0.0000E+00   0.0000E+00
    30    31   1.1088E+15   1.0000E+00   4.5926E-06   1.0000E+00   0.0000E+00   0.0000E+00
    30    32   9.0419E+15   9.8200E-01   3.7451E-05   9.8200E-01   0.0000E+00   0.0000E+00
    31     1   0.0000E+00   0.0000E+00   0.0000E+00   0.0000E+00   0.0000E+00   0.0000E+00
    31     2   0.0000E+00   0.0000E+00   0.0000E+00   0.0000E+00   0.0000E+00   0.0000E+00
    31     3   0.0000E+00   0.0000E+00   0.0000E+00   0.0000E+00   0.0000E+00   0.0000E+00
    31     4   0.0000E+00   0.0000E+00   0.0000E+00   0.0000E+00   0.0000E+00   0.0000E+00
    31     5   0.0000E+00   0.0000E+00   0.0000E+00   0.0000E+00   0.0000E+00   0.0000E+00
    31     6   0.0000E+00   0.0000E+00   0.0000E+00   0.0000E+00   0.0000E+00   0.0000E+00
    31     7   0.0000E+00   0.0000E+00   0.0000E+00   0.0000E+00   0.0000E+00   0.0000E+00
    31     8   0.0000E+00   0.0000E+00   0.0000E+00   0.0000E+00   0.0000E+00   0.0000E+00
    31     9   0.0000E+00   0.0000E+00   0.0000E+00   0.0000E+00   0.0000E+00   0.0000E+00
    31    10   0.0000E+00   0.0000E+00   0.0000E+00   0.0000E+00   0.0000E+00   0.0000E+00
    31    11   0.0000E+00   0.0000E+00   0.0000E+00   0.0000E+00   0.0000E+00   0.0000E+00
    31    12   0.0000E+00   0.0000E+00   0.0000E+00   0.0000E+00   0.0000E+00   0.0000E+00
    31    13   0.0000E+00   0.0000E+00   0.0000E+00   0.0000E+00   0.0000E+00   0.0000E+00
    31    14   0.0000E+00   0.0000E+00   0.0000E+00   0.0000E+00   0.0000E+00   0.0000E+00
    31    15   0.0000E+00   0.0000E+00   0.0000E+00   0.0000E+00   0.0000E+00   0.0000E+00
    31    16   0.0000E+00   0.0000E+00   0.0000E+00   0.0000E+00   0.0000E+00   0.0000E+00
    31    17   0.0000E+00   0.0000E+00   0.0000E+00   0.0000E+00   0.0000E+00   0.0000E+00
    31    18   0.0000E+00   0.0000E+00   0.0000E+00   0.0000E+00   0.0000E+00   0.0000E+00
    31    19   0.0000E+00   0.0000E+00   0.0000E+00   0.0000E+00   0.0000E+00   0.0000E+00
    31    20   0.0000E+00   0.0000E+00   0.0000E+00   0.0000E+00   0.0000E+00   0.0000E+00
    31    21   0.0000E+00   0.0000E+00   0.0000E+00   0.0000E+00   0.0000E+00   0.0000E+00
    31    22   0.0000E+00   0.0000E+00   0.0000E+00   0.0000E+00   0.0000E+00   0.0000E+00
    31    23   0.0000E+00   0.0000E+00   0.0000E+00   0.0000E+00   0.0000E+00   0.0000E+00
    31    24   0.0000E+00   0.0000E+00   0.0000E+00   0.0000E+00   0.0000E+00   0.0000E+00
    31    25   0.0000E+00   0.0000E+00   0.0000E+00   0.0000E+00   0.0000E+00   0.0000E+00
    31    26   0.0000E+00   0.0000E+00   0.0000E+00   0.0000E+00   0.0000E+00   0.0000E+00
    31    27   0.0000E+00   0.0000E+00   0.0000E+00   0.0000E+00   0.0000E+00   0.0000E+00
    31    28   6.3591E+15   1.0000E+00   2.6339E-05   1.0000E+00   0.0000E+00   0.0000E+00
    31    29   7.1739E+15   1.0000E+00   2.9714E-05   1.0000E+00   0.0000E+00   0.0000E+00
    31    30   7.4281E+15   1.0000E+00   3.0767E-05   1.0000E+00   0.0000E+00   0.0000E+00
    31    31   7.6722E+15   1.0000E+00   3.1778E-05   1.0000E+00   0.0000E+00   0.0000E+00
    31    32   9.9534E+15   8.1986E-01   4.1227E-05   8.1986E-01   0.0000E+00   0.0000E+00
    32     1   0.0000E+00   0.0000E+00   0.0000E+00   0.0000E+00   0.0000E+00   0.0000E+00
    32     2   0.0000E+00   0.0000E+00   0.0000E+00   0.0000E+00   0.0000E+00   0.0000E+00
    32     3   0.0000E+00   0.0000E+00   0.0000E+00   0.0000E+00   0.0000E+00   0.0000E+00
    32     4   0.0000E+00   0.0000E+00   0.0000E+00   0.0000E+00   0.0000E+00   0.0000E+00
    32     5   0.0000E+00   0.0000E+00   0.0000E+00   0.0000E+00   0.0000E+00   0.0000E+00
    32     6   0.0000E+00   0.0000E+00   0.0000E+00   0.0000E+00   0.0000E+00   0.0000E+00
    32     7   0.0000E+00   0.0000E+00   0.0000E+00   0.0000E+00   0.0000E+00   0.0000E+00
    32     8   0.0000E+00   0.0000E+00   0.0000E+00   0.0000E+00   0.0000E+00   0.0000E+00
    32     9   0.0000E+00   0.0000E+00   0.0000E+00   0.0000E+00   0.0000E+00   0.0000E+00
    32    10   0.0000E+00   0.0000E+00   0.0000E+00   0.0000E+00   0.0000E+00   0.0000E+00
    32    11   0.0000E+00   0.0000E+00   0.0000E+00   0.0000E+00   0.0000E+00   0.0000E+00
    32    12   0.0000E+00   0.0000E+00   0.0000E+00   0.0000E+00   0.0000E+00   0.0000E+00
    32    13   0.0000E+00   0.0000E+00   0.0000E+00   0.0000E+00   0.0000E+00   0.0000E+00
    32    14   0.0000E+00   0.0000E+00   0.0000E+00   0.0000E+00   0.0000E+00   0.0000E+00
    32    15   0.0000E+00   0.0000E+00   0.0000E+00   0.0000E+00   0.0000E+00   0.0000E+00
    32    16   0.0000E+00   0.0000E+00   0.0000E+00   0.0000E+00   0.0000E+00   0.0000E+00
    32    17   0.0000E+00   0.0000E+00   0.0000E+00   0.0000E+00   0.0000E+00   0.0000E+00
    32    18   0.0000E+00   0.0000E+00   0.0000E+00   0.0000E+00   0.0000E+00   0.0000E+00
    32    19   0.0000E+00   0.0000E+00   0.0000E+00   0.0000E+00   0.0000E+00   0.0000E+00
    32    20   0.0000E+00   0.0000E+00   0.0000E+00   0.0000E+00   0.0000E+00   0.0000E+00
    32    21   0.0000E+00   0.0000E+00   0.0000E+00   0.0000E+00   0.0000E+00   0.0000E+00
    32    22   0.0000E+00   0.0000E+00   0.0000E+00   0.0000E+00   0.0000E+00   0.0000E+00
    32    23   0.0000E+00   0.0000E+00   0.0000E+00   0.0000E+00   0.0000E+00   0.0000E+00
    32    24   0.0000E+00   0.0000E+00   0.0000E+00   0.0000E+00   0.0000E+00   0.0000E+00
    32    25   0.0000E+00   0.0000E+00   0.0000E+00   0.0000E+00   0.0000E+00   0.0000E+00
    32    26   0.0000E+00   0.0000E+00   0.0000E+00   0.0000E+00   0.0000E+00   0.0000E+00
    32    27   0.0000E+00   0.0000E+00   0.0000E+00   0.0000E+00   0.0000E+00   0.0000E+00
    32    28   0.0000E+00   0.0000E+00   0.0000E+00   0.0000E+00   0.0000E+00   0.0000E+00
    32    29   0.0000E+00   0.0000E+00   0.0000E+00   0.0000E+00   0.0000E+00   0.0000E+00
    32    30   0.0000E+00   0.0000E+00   0.0000E+00   0.0000E+00   0.0000E+00   0.0000E+00
    32    31   0.0000E+00   0.0000E+00   0.0000E+00   0.0000E+00   0.0000E+00   0.0000E+00
    32    32   0.0000E+00   0.0000E+00   0.0000E+00   0.0000E+00   0.0000E+00   0.0000E+00
    33     1   0.0000E+00   0.0000E+00   0.0000E+00   0.0000E+00   0.0000E+00   0.0000E+00
    33     2   0.0000E+00   0.0000E+00   0.0000E+00   0.0000E+00   0.0000E+00   0.0000E+00
    33     3   0.0000E+00   0.0000E+00   0.0000E+00   0.0000E+00   0.0000E+00   0.0000E+00
    33     4   0.0000E+00   0.0000E+00   0.0000E+00   0.0000E+00   0.0000E+00   0.0000E+00
    33     5   0.0000E+00   0.0000E+00   0.0000E+00   0.0000E+00   0.0000E+00   0.0000E+00
    33     6   2.6946E+17   9.5179E-01   1.1161E-03   9.5179E-01   0.0000E+00   0.0000E+00
    33     7   9.5303E+16   4.9190E-01   3.9474E-04   4.9190E-01   0.0000E+00   0.0000E+00
    33     8   1.3128E+18   2.5562E-01   5.4376E-03   2.5562E-01   0.0000E+00   0.0000E+00
    33     9   1.1269E+18   2.6053E-01   4.6675E-03   2.6053E-01   0.0000E+00   0.0000E+00
    33    10   8.1055E+13   1.0000E+00   3.3573E-07   1.0000E+00   0.0000E+00   0.0000E+00
    33    11   0.0000E+00   0.0000E+00   0.0000E+00   0.0000E+00   0.0000E+00   0.0000E+00
    33    12   0.0000E+00   0.0000E+00   0.0000E+00   0.0000E+00   0.0000E+00   0.0000E+00
    33    13   0.0000E+00   0.0000E+00   0.0000E+00   0.0000E+00   0.0000E+00   0.0000E+00
    33    14   0.0000E+00   0.0000E+00   0.0000E+00   0.0000E+00   0.0000E+00   0.0000E+00
    33    15   0.0000E+00   0.0000E+00   0.0000E+00   0.0000E+00   0.0000E+00   0.0000E+00
    33    16   0.0000E+00   0.0000E+00   0.0000E+00   0.0000E+00   0.0000E+00   0.0000E+00
    33    17   0.0000E+00   0.0000E+00   0.0000E+00   0.0000E+00   0.0000E+00   0.0000E+00
    33    18   0.0000E+00   0.0000E+00   0.0000E+00   0.0000E+00   0.0000E+00   0.0000E+00
    33    19   0.0000E+00   0.0000E+00   0.0000E+00   0.0000E+00   0.0000E+00   0.0000E+00
    33    20   0.0000E+00   0.0000E+00   0.0000E+00   0.0000E+00   0.0000E+00   0.0000E+00
    33    21   0.0000E+00   0.0000E+00   0.0000E+00   0.0000E+00   0.0000E+00   0.0000E+00
    33    22   0.0000E+00   0.0000E+00   0.0000E+00   0.0000E+00   0.0000E+00   0.0000E+00
    33    23   0.0000E+00   0.0000E+00   0.0000E+00   0.0000E+00   0.0000E+00   0.0000E+00
    33    24   0.0000E+00   0.0000E+00   0.0000E+00   0.0000E+00   0.0000E+00   0.0000E+00
    33    25   0.0000E+00   0.0000E+00   0.0000E+00   0.0000E+00   0.0000E+00   0.0000E+00
    33    26   0.0000E+00   0.0000E+00   0.0000E+00   0.0000E+00   0.0000E+00   0.0000E+00
    33    27   0.0000E+00   0.0000E+00   0.0000E+00   0.0000E+00   0.0000E+00   0.0000E+00
    33    28   0.0000E+00   0.0000E+00   0.0000E+00   0.0000E+00   0.0000E+00   0.0000E+00
    33    29   0.0000E+00   0.0000E+00   0.0000E+00   0.0000E+00   0.0000E+00   0.0000E+00
    33    30   0.0000E+00   0.0000E+00   0.0000E+00   0.0000E+00   0.0000E+00   0.0000E+00
    33    31   0.0000E+00   0.0000E+00   0.0000E+00   0.0000E+00   0.0000E+00   0.0000E+00
    33    32   0.0000E+00   0.0000E+00   0.0000E+00   0.0000E+00   0.0000E+00   0.0000E+00
    34     1   6.7217E+19   1.4857E-01   2.7841E-01   1.4857E-01   0.0000E+00   0.0000E+00
    34     2   6.5711E+19   1.5470E-01   2.7217E-01   1.5470E-01   0.0000E+00   0.0000E+00
    34     3   7.7406E+19   1.7938E-01   3.2061E-01   1.7938E-01   0.0000E+00   0.0000E+00
    34     4   7.9024E+19   1.9724E-01   3.2732E-01   1.9724E-01   0.0000E+00   0.0000E+00
    34     5   6.8244E+19   1.9170E-01   2.8266E-01   1.9170E-01   0.0000E+00   0.0000E+00
    34     6   4.7393E+19   1.7547E-01   1.9630E-01   1.7547E-01   0.0000E+00   0.0000E+00
    34     7   5.2805E+19   1.7598E-01   2.1872E-01   1.7598E-01   0.0000E+00   0.0000E+00
    34     8   3.5848E+19   1.5460E-01   1.4848E-01   1.5460E-01   0.0000E+00   0.0000E+00
    34     9   2.7837E+19   1.6719E-01   1.1530E-01   1.6719E-01   0.0000E+00   0.0000E+00
    34    10   4.1642E+18   2.4055E-01   1.7248E-02   2.4055E-01   0.0000E+00   0.0000E+00
    34    11   3.6150E+17   6.7320E-01   1.4973E-03   6.7320E-01   0.0000E+00   0.0000E+00
    34    12   0.0000E+00   0.0000E+00   0.0000E+00   0.0000E+00   0.0000E+00   0.0000E+00
    34    13   0.0000E+00   0.0000E+00   0.0000E+00   0.0000E+00   0.0000E+00   0.0000E+00
    34    14   0.0000E+00   0.0000E+00   0.0000E+00   0.0000E+00   0.0000E+00   0.0000E+00
    34    15   0.0000E+00   0.0000E+00   0.0000E+00   0.0000E+00   0.0000E+00   0.0000E+00
    34    16   0.0000E+00   0.0000E+00   0.0000E+00   0.0000E+00   0.0000E+00   0.0000E+00
    34    17   0.0000E+00   0.0000E+00   0.0000E+00   0.0000E+00   0.0000E+00   0.0000E+00
    34    18   0.0000E+00   0.0000E+00   0.0000E+00   0.0000E+00   0.0000E+00   0.0000E+00
    34    19   0.0000E+00   0.0000E+00   0.0000E+00   0.0000E+00   0.0000E+00   0.0000E+00
    34    20   0.0000E+00   0.0000E+00   0.0000E+00   0.0000E+00   0.0000E+00   0.0000E+00
    34    21   0.0000E+00   0.0000E+00   0.0000E+00   0.0000E+00   0.0000E+00   0.0000E+00
    34    22   0.0000E+00   0.0000E+00   0.0000E+00   0.0000E+00   0.0000E+00   0.0000E+00
    34    23   0.0000E+00   0.0000E+00   0.0000E+00   0.0000E+00   0.0000E+00   0.0000E+00
    34    24   0.0000E+00   0.0000E+00   0.0000E+00   0.0000E+00   0.0000E+00   0.0000E+00
    34    25   0.0000E+00   0.0000E+00   0.0000E+00   0.0000E+00   0.0000E+00   0.0000E+00
    34    26   0.0000E+00   0.0000E+00   0.0000E+00   0.0000E+00   0.0000E+00   0.0000E+00
    34    27   0.0000E+00   0.0000E+00   0.0000E+00   0.0000E+00   0.0000E+00   0.0000E+00
    34    28   0.0000E+00   0.0000E+00   0.0000E+00   0.0000E+00   0.0000E+00   0.0000E+00
    34    29   0.0000E+00   0.0000E+00   0.0000E+00   0.0000E+00   0.0000E+00   0.0000E+00
    34    30   0.0000E+00   0.0000E+00   0.0000E+00   0.0000E+00   0.0000E+00   0.0000E+00
    34    31   0.0000E+00   0.0000E+00   0.0000E+00   0.0000E+00   0.0000E+00   0.0000E+00
    34    32   0.0000E+00   0.0000E+00   0.0000E+00   0.0000E+00   0.0000E+00   0.0000E+00
    35     1   6.5241E+19   1.6370E-01   2.7023E-01   1.6370E-01   0.0000E+00   0.0000E+00
    35     2   7.3242E+19   1.7203E-01   3.0337E-01   1.7203E-01   0.0000E+00   0.0000E+00
    35     3   6.0668E+19   1.7773E-01   2.5129E-01   1.7773E-01   0.0000E+00   0.0000E+00
    35     4   5.5431E+19   1.7046E-01   2.2959E-01   1.7046E-01   0.0000E+00   0.0000E+00
    35     5   7.2537E+19   1.9718E-01   3.0044E-01   1.9718E-01   0.0000E+00   0.0000E+00
    35     6   7.5253E+19   1.8716E-01   3.1170E-01   1.8716E-01   0.0000E+00   0.0000E+00
    35     7   5.9700E+19   1.6050E-01   2.4728E-01   1.6050E-01   0.0000E+00   0.0000E+00
    35     8   4.6533E+19   1.6341E-01   1.9274E-01   1.6341E-01   0.0000E+00   0.0000E+00
    35     9   4.8096E+19   1.8118E-01   1.9921E-01   1.8118E-01   0.0000E+00   0.0000E+00
    35    10   3.6341E+19   1.9766E-01   1.5052E-01   1.9766E-01   0.0000E+00   0.0000E+00
    35    11   1.7802E+19   2.2221E-01   7.3735E-02   2.2221E-01   0.0000E+00   0.0000E+00
    35    12   6.4771E+18   2.6819E-01   2.6828E-02   2.6819E-01   0.0000E+00   0.0000E+00
    35    13   6.3287E+17   4.7155E-01   2.6213E-03   4.7155E-01   0.0000E+00   0.0000E+00
    35    14   3.2791E+16   9.9373E-01   1.3582E-04   9.9373E-01   0.0000E+00   0.0000E+00
    35    15   0.0000E+00   0.0000E+00   0.0000E+00   0.0000E+00   0.0000E+00   0.0000E+00
    35    16   0.0000E+00   0.0000E+00   0.0000E+00   0.0000E+00   0.0000E+00   0.0000E+00
    35    17   0.0000E+00   0.0000E+00   0.0000E+00   0.0000E+00   0.0000E+00   0.0000E+00
    35    18   0.0000E+00   0.0000E+00   0.0000E+00   0.0000E+00   0.0000E+00   0.0000E+00
    35    19   0.0000E+00   0.0000E+00   0.0000E+00   0.0000E+00   0.0000E+00   0.0000E+00
    35    20   0.0000E+00   0.0000E+00   0.0000E+00   0.0000E+00   0.0000E+00   0.0000E+00
    35    21   0.0000E+00   0.0000E+00   0.0000E+00   0.0000E+00   0.0000E+00   0.0000E+00
    35    22   0.0000E+00   0.0000E+00   0.0000E+00   0.0000E+00   0.0000E+00   0.0000E+00
    35    23   0.0000E+00   0.0000E+00   0.0000E+00   0.0000E+00   0.0000E+00   0.0000E+00
    35    24   0.0000E+00   0.0000E+00   0.0000E+00   0.0000E+00   0.0000E+00   0.0000E+00
    35    25   0.0000E+00   0.0000E+00   0.0000E+00   0.0000E+00   0.0000E+00   0.0000E+00
    35    26   0.0000E+00   0.0000E+00   0.0000E+00   0.0000E+00   0.0000E+00   0.0000E+00
    35    27   0.0000E+00   0.0000E+00   0.0000E+00   0.0000E+00   0.0000E+00   0.0000E+00
    35    28   0.0000E+00   0.0000E+00   0.0000E+00   0.0000E+00   0.0000E+00   0.0000E+00
    35    29   0.0000E+00   0.0000E+00   0.0000E+00   0.0000E+00   0.0000E+00   0.0000E+00
    35    30   0.0000E+00   0.0000E+00   0.0000E+00   0.0000E+00   0.0000E+00   0.0000E+00
    35    31   0.0000E+00   0.0000E+00   0.0000E+00   0.0000E+00   0.0000E+00   0.0000E+00
    35    32   3.7124E+16   1.0000E+00   1.5377E-04   1.0000E+00   0.0000E+00   0.0000E+00
    36     1   8.9760E+19   1.7731E-01   3.7178E-01   1.7731E-01   0.0000E+00   0.0000E+00
    36     2   7.4873E+19   1.6737E-01   3.1012E-01   1.6737E-01   0.0000E+00   0.0000E+00
    36     3   7.1628E+19   1.6963E-01   2.9668E-01   1.6963E-01   0.0000E+00   0.0000E+00
    36     4   6.3157E+19   1.6978E-01   2.6160E-01   1.6978E-01   0.0000E+00   0.0000E+00
    36     5   6.8369E+19   1.7140E-01   2.8318E-01   1.7140E-01   0.0000E+00   0.0000E+00
    36     6   8.0213E+19   2.0447E-01   3.3224E-01   2.0447E-01   0.0000E+00   0.0000E+00
    36     7   6.2913E+19   1.8993E-01   2.6059E-01   1.8993E-01   0.0000E+00   0.0000E+00
    36     8   6.6891E+19   1.7831E-01   2.7706E-01   1.7831E-01   0.0000E+00   0.0000E+00
    36     9   6.6536E+19   2.0050E-01   2.7559E-01   2.0050E-01   0.0000E+00   0.0000E+00
    36    10   5.8087E+19   1.8727E-01   2.4060E-01   1.8727E-01   0.0000E+00   0.0000E+00
    36    11   5.1962E+19   1.8205E-01   2.1523E-01   1.8205E-01   0.0000E+00   0.0000E+00
    36    12   4.8745E+19   2.0071E-01   2.0190E-01   2.0071E-01   0.0000E+00   0.0000E+00
    36    13   3.2947E+19   2.4996E-01   1.3647E-01   2.4996E-01   0.0000E+00   0.0000E+00
    36    14   1.8530E+19   3.3570E-01   7.6750E-02   3.3570E-01   0.0000E+00   0.0000E+00
    36    15   2.7715E+18   3.7135E-01   1.1479E-02   3.7135E-01   0.0000E+00   0.0000E+00
    36    16   2.1989E+18   6.8087E-01   9.1079E-03   6.8087E-01   0.0000E+00   0.0000E+00
    36    17   1.7175E+15   6.1900E-01   7.1140E-06   6.1900E-01   0.0000E+00   0.0000E+00
    36    18   0.0000E+00   0.0000E+00   0.0000E+00   0.0000E+00   0.0000E+00   0.0000E+00
    36    19   2.0875E+15   1.0000E+00   8.6465E-06   1.0000E+00   0.0000E+00   0.0000E+00
    36    20   0.0000E+00   0.0000E+00   0.0000E+00   0.0000E+00   0.0000E+00   0.0000E+00
    36    21   0.0000E+00   0.0000E+00   0.0000E+00   0.0000E+00   0.0000E+00   0.0000E+00
    36    22   0.0000E+00   0.0000E+00   0.0000E+00   0.0000E+00   0.0000E+00   0.0000E+00
    36    23   0.0000E+00   0.0000E+00   0.0000E+00   0.0000E+00   0.0000E+00   0.0000E+00
    36    24   0.0000E+00   0.0000E+00   0.0000E+00   0.0000E+00   0.0000E+00   0.0000E+00
    36    25   0.0000E+00   0.0000E+00   0.0000E+00   0.0000E+00   0.0000E+00   0.0000E+00
    36    26   0.0000E+00   0.0000E+00   0.0000E+00   0.0000E+00   0.0000E+00   0.0000E+00
    36    27   0.0000E+00   0.0000E+00   0.0000E+00   0.0000E+00   0.0000E+00   0.0000E+00
    36    28   0.0000E+00   0.0000E+00   0.0000E+00   0.0000E+00   0.0000E+00   0.0000E+00
    36    29   0.0000E+00   0.0000E+00   0.0000E+00   0.0000E+00   0.0000E+00   0.0000E+00
    36    30   0.0000E+00   0.0000E+00   0.0000E+00   0.0000E+00   0.0000E+00   0.0000E+00
    36    31   0.0000E+00   0.0000E+00   0.0000E+00   0.0000E+00   0.0000E+00   0.0000E+00
    36    32   0.0000E+00   0.0000E+00   0.0000E+00   0.0000E+00   0.0000E+00   0.0000E+00
    37     1   9.0880E+19   1.5214E-01   3.7642E-01   1.5214E-01   0.0000E+00   0.0000E+00
    37     2   7.2712E+19   1.5640E-01   3.0117E-01   1.5640E-01   0.0000E+00   0.0000E+00
    37     3   8.0075E+19   1.6935E-01   3.3167E-01   1.6935E-01   0.0000E+00   0.0000E+00
    37     4   8.2774E+19   1.7496E-01   3.4285E-01   1.7496E-01   0.0000E+00   0.0000E+00
    37     5   5.6698E+19   1.6536E-01   2.3484E-01   1.6536E-01   0.0000E+00   0.0000E+00
    37     6   7.7481E+19   2.1404E-01   3.2093E-01   2.1404E-01   0.0000E+00   0.0000E+00
    37     7   8.5562E+19   2.0895E-01   3.5439E-01   2.0895E-01   0.0000E+00   0.0000E+00
    37     8   8.2141E+19   2.0226E-01   3.4023E-01   2.0226E-01   0.0000E+00   0.0000E+00
    37     9   6.2857E+19   1.8496E-01   2.6035E-01   1.8496E-01   0.0000E+00   0.0000E+00
    37    10   6.6450E+19   1.7712E-01   2.7523E-01   1.7712E-01   0.0000E+00   0.0000E+00
    37    11   8.8425E+19   2.3349E-01   3.6625E-01   2.3349E-01   0.0000E+00   0.0000E+00
    37    12   8.3320E+19   1.8450E-01   3.4511E-01   1.8450E-01   0.0000E+00   0.0000E+00
    37    13   6.3854E+19   1.9671E-01   2.6448E-01   1.9671E-01   0.0000E+00   0.0000E+00
    37    14   5.6022E+19   2.2866E-01   2.3204E-01   2.2866E-01   0.0000E+00   0.0000E+00
    37    15   3.8366E+19   2.1976E-01   1.5891E-01   2.1976E-01   0.0000E+00   0.0000E+00
    37    16   3.3251E+19   2.4242E-01   1.3773E-01   2.4242E-01   0.0000E+00   0.0000E+00
    37    17   1.7943E+19   2.9216E-01   7.4320E-02   2.9216E-01   0.0000E+00   0.0000E+00
    37    18   3.9887E+18   3.4823E-01   1.6521E-02   3.4823E-01   0.0000E+00   0.0000E+00
    37    19   9.7495E+17   4.7058E-01   4.0382E-03   4.7058E-01   0.0000E+00   0.0000E+00
    37    20   1.6572E+17   5.5040E-01   6.8640E-04   5.5040E-01   0.0000E+00   0.0000E+00
    37    21   0.0000E+00   0.0000E+00   0.0000E+00   0.0000E+00   0.0000E+00   0.0000E+00
    37    22   0.0000E+00   0.0000E+00   0.0000E+00   0.0000E+00   0.0000E+00   0.0000E+00
    37    23   0.0000E+00   0.0000E+00   0.0000E+00   0.0000E+00   0.0000E+00   0.0000E+00
    37    24   0.0000E+00   0.0000E+00   0.0000E+00   0.0000E+00   0.0000E+00   0.0000E+00
    37    25   0.0000E+00   0.0000E+00   0.0000E+00   0.0000E+00   0.0000E+00   0.0000E+00
    37    26   0.0000E+00   0.0000E+00   0.0000E+00   0.0000E+00   0.0000E+00   0.0000E+00
    37    27   0.0000E+00   0.0000E+00   0.0000E+00   0.0000E+00   0.0000E+00   0.0000E+00
    37    28   0.0000E+00   0.0000E+00   0.0000E+00   0.0000E+00   0.0000E+00   0.0000E+00
    37    29   0.0000E+00   0.0000E+00   0.0000E+00   0.0000E+00   0.0000E+00   0.0000E+00
    37    30   0.0000E+00   0.0000E+00   0.0000E+00   0.0000E+00   0.0000E+00   0.0000E+00
    37    31   0.0000E+00   0.0000E+00   0.0000E+00   0.0000E+00   0.0000E+00   0.0000E+00
    37    32   0.0000E+00   0.0000E+00   0.0000E+00   0.0000E+00   0.0000E+00   0.0000E+00
    38     1   9.9491E+19   1.6731E-01   4.1209E-01   1.6731E-01   0.0000E+00   0.0000E+00
    38     2   7.8010E+19   1.7725E-01   3.2312E-01   1.7725E-01   0.0000E+00   0.0000E+00
    38     3   7.4729E+19   1.8269E-01   3.0952E-01   1.8269E-01   0.0000E+00   0.0000E+00
    38     4   7.5646E+19   1.6819E-01   3.1332E-01   1.6819E-01   0.0000E+00   0.0000E+00
    38     5   8.8499E+19   1.6529E-01   3.6656E-01   1.6529E-01   0.0000E+00   0.0000E+00
    38     6   1.0373E+20   2.2546E-01   4.2964E-01   2.2546E-01   0.0000E+00   0.0000E+00
    38     7   6.7779E+19   1.7211E-01   2.8074E-01   1.7211E-01   0.0000E+00   0.0000E+00
    38     8   6.7043E+19   1.7095E-01   2.7769E-01   1.7095E-01   0.0000E+00   0.0000E+00
    38     9   8.6456E+19   1.7798E-01   3.5810E-01   1.7798E-01   0.0000E+00   0.0000E+00
    38    10   1.1095E+20   2.4472E-01   4.5955E-01   2.4472E-01   0.0000E+00   0.0000E+00
    38    11   8.2219E+19   1.8590E-01   3.4055E-01   1.8590E-01   0.0000E+00   0.0000E+00
    38    12   7.1078E+19   1.8499E-01   2.9440E-01   1.8499E-01   0.0000E+00   0.0000E+00
    38    13   8.6067E+19   1.8730E-01   3.5649E-01   1.8730E-01   0.0000E+00   0.0000E+00
    38    14   7.4626E+19   1.6914E-01   3.0910E-01   1.6914E-01   0.0000E+00   0.0000E+00
    38    15   6.5824E+19   2.2687E-01   2.7264E-01   2.2687E-01   0.0000E+00   0.0000E+00
    38    16   6.0854E+19   2.2741E-01   2.5205E-01   2.2741E-01   0.0000E+00   0.0000E+00
    38    17   3.7683E+19   2.3781E-01   1.5608E-01   2.3781E-01   0.0000E+00   0.0000E+00
    38    18   3.7787E+19   2.9070E-01   1.5651E-01   2.9070E-01   0.0000E+00   0.0000E+00
    38    19   1.1783E+19   3.4365E-01   4.8807E-02   3.4365E-01   0.0000E+00   0.0000E+00
    38    20   7.8168E+18   3.2421E-01   3.2377E-02   3.2421E-01   0.0000E+00   0.0000E+00
    38    21   8.8723E+17   7.5571E-01   3.6749E-03   7.5571E-01   0.0000E+00   0.0000E+00
    38    22   1.4524E+14   1.0000E+00   6.0157E-07   1.0000E+00   0.0000E+00   0.0000E+00
    38    23   0.0000E+00   0.0000E+00   0.0000E+00   0.0000E+00   0.0000E+00   0.0000E+00
    38    24   0.0000E+00   0.0000E+00   0.0000E+00   0.0000E+00   0.0000E+00   0.0000E+00
    38    25   0.0000E+00   0.0000E+00   0.0000E+00   0.0000E+00   0.0000E+00   0.0000E+00
    38    26   0.0000E+00   0.0000E+00   0.0000E+00   0.0000E+00   0.0000E+00   0.0000E+00
    38    27   0.0000E+00   0.0000E+00   0.0000E+00   0.0000E+00   0.0000E+00   0.0000E+00
    38    28   0.0000E+00   0.0000E+00   0.0000E+00   0.0000E+00   0.0000E+00   0.0000E+00
    38    29   0.0000E+00   0.0000E+00   0.0000E+00   0.0000E+00   0.0000E+00   0.0000E+00
    38    30   0.0000E+00   0.0000E+00   0.0000E+00   0.0000E+00   0.0000E+00   0.0000E+00
    38    31   0.0000E+00   0.0000E+00   0.0000E+00   0.0000E+00   0.0000E+00   0.0000E+00
    38    32   0.0000E+00   0.0000E+00   0.0000E+00   0.0000E+00   0.0000E+00   0.0000E+00
    39     1   1.3937E+20   1.6684E-01   5.7728E-01   1.6684E-01   0.0000E+00   0.0000E+00
    39     2   1.3655E+20   1.8087E-01   5.6560E-01   1.8087E-01   0.0000E+00   0.0000E+00
    39     3   9.9758E+19   1.7356E-01   4.1319E-01   1.7356E-01   0.0000E+00   0.0000E+00
    39     4   8.8366E+19   1.7760E-01   3.6601E-01   1.7760E-01   0.0000E+00   0.0000E+00
    39     5   9.4788E+19   2.4810E-01   3.9261E-01   2.4810E-01   0.0000E+00   0.0000E+00
    39     6   8.7771E+19   1.8801E-01   3.6354E-01   1.8801E-01   0.0000E+00   0.0000E+00
    39     7   8.9317E+19   1.7438E-01   3.6995E-01   1.7438E-01   0.0000E+00   0.0000E+00
    39     8   6.9633E+19   1.8701E-01   2.8842E-01   1.8701E-01   0.0000E+00   0.0000E+00
    39     9   9.4718E+19   3.0516E-01   3.9232E-01   3.0516E-01   0.0000E+00   0.0000E+00
    39    10   7.2672E+19   1.8522E-01   3.0101E-01   1.8522E-01   0.0000E+00   0.0000E+00
    39    11   7.5100E+19   2.0486E-01   3.1106E-01   2.0486E-01   0.0000E+00   0.0000E+00
    39    12   7.9040E+19   2.0675E-01   3.2738E-01   2.0675E-01   0.0000E+00   0.0000E+00
    39    13   6.6423E+19   1.9985E-01   2.7512E-01   1.9985E-01   0.0000E+00   0.0000E+00
    39    14   7.1140E+19   1.9355E-01   2.9466E-01   1.9355E-01   0.0000E+00   0.0000E+00
    39    15   7.5732E+19   1.8352E-01   3.1368E-01   1.8352E-01   0.0000E+00   0.0000E+00
    39    16   7.2266E+19   1.9299E-01   2.9932E-01   1.9299E-01   0.0000E+00   0.0000E+00
    39    17   6.8751E+19   2.1004E-01   2.8476E-01   2.1004E-01   0.0000E+00   0.0000E+00
    39    18   5.6523E+19   2.3553E-01   2.3412E-01   2.3553E-01   0.0000E+00   0.0000E+00
    39    19   2.9188E+19   2.6167E-01   1.2090E-01   2.6167E-01   0.0000E+00   0.0000E+00
    39    20   2.4014E+19   2.8176E-01   9.9464E-02   2.8176E-01   0.0000E+00   0.0000E+00
    39    21   1.6728E+19   3.2458E-01   6.9289E-02   3.2458E-01   0.0000E+00   0.0000E+00
    39    22   4.1560E+16   5.2608E-01   1.7214E-04   5.2608E-01   0.0000E+00   0.0000E+00
    39    23   0.0000E+00   0.0000E+00   0.0000E+00   0.0000E+00   0.0000E+00   0.0000E+00
    39    24   0.0000E+00   0.0000E+00   0.0000E+00   0.0000E+00   0.0000E+00   0.0000E+00
    39    25   0.0000E+00   0.0000E+00   0.0000E+00   0.0000E+00   0.0000E+00   0.0000E+00
    39    26   0.0000E+00   0.0000E+00   0.0000E+00   0.0000E+00   0.0000E+00   0.0000E+00
    39    27   1.3020E+16   1.0000E+00   5.3929E-05   1.0000E+00   0.0000E+00   0.0000E+00
    39    28   0.0000E+00   0.0000E+00   0.0000E+00   0.0000E+00   0.0000E+00   0.0000E+00
    39    29   3.2278E+15   1.0000E+00   1.3369E-05   1.0000E+00   0.0000E+00   0.0000E+00
    39    30   0.0000E+00   0.0000E+00   0.0000E+00   0.0000E+00   0.0000E+00   0.0000E+00
    39    31   0.0000E+00   0.0000E+00   0.0000E+00   0.0000E+00   0.0000E+00   0.0000E+00
    39    32   0.0000E+00   0.0000E+00   0.0000E+00   0.0000E+00   0.0000E+00   0.0000E+00
    40     1   1.2179E+20   1.7092E-01   5.0446E-01   1.7092E-01   0.0000E+00   0.0000E+00
    40     2   1.5155E+20   1.6820E-01   6.2772E-01   1.6820E-01   0.0000E+00   0.0000E+00
    40     3   1.4985E+20   1.9678E-01   6.2069E-01   1.9678E-01   0.0000E+00   0.0000E+00
    40     4   1.3438E+20   1.8247E-01   5.5658E-01   1.8247E-01   0.0000E+00   0.0000E+00
    40     5   1.3160E+20   1.7004E-01   5.4507E-01   1.7004E-01   0.0000E+00   0.0000E+00
    40     6   1.0381E+20   1.7287E-01   4.3000E-01   1.7287E-01   0.0000E+00   0.0000E+00
    40     7   1.2351E+20   1.9436E-01   5.1159E-01   1.9436E-01   0.0000E+00   0.0000E+00
    40     8   1.0428E+20   1.8411E-01   4.3191E-01   1.8411E-01   0.0000E+00   0.0000E+00
    40     9   1.2587E+20   2.4192E-01   5.2137E-01   2.4192E-01   0.0000E+00   0.0000E+00
    40    10   9.4634E+19   1.8836E-01   3.9197E-01   1.8836E-01   0.0000E+00   0.0000E+00
    40    11   8.4115E+19   1.9943E-01   3.4840E-01   1.9943E-01   0.0000E+00   0.0000E+00
    40    12   6.7694E+19   2.0143E-01   2.8039E-01   2.0143E-01   0.0000E+00   0.0000E+00
    40    13   7.6325E+19   2.0284E-01   3.1613E-01   2.0284E-01   0.0000E+00   0.0000E+00
    40    14   7.1403E+19   1.8282E-01   2.9575E-01   1.8282E-01   0.0000E+00   0.0000E+00
    40    15   5.7155E+19   2.1335E-01   2.3673E-01   2.1335E-01   0.0000E+00   0.0000E+00
    40    16   6.2104E+19   1.9699E-01   2.5723E-01   1.9699E-01   0.0000E+00   0.0000E+00
    40    17   7.8785E+19   1.8832E-01   3.2633E-01   1.8832E-01   0.0000E+00   0.0000E+00
    40    18   8.3555E+19   2.0233E-01   3.4608E-01   2.0233E-01   0.0000E+00   0.0000E+00
    40    19   4.5665E+19   2.2775E-01   1.8914E-01   2.2775E-01   0.0000E+00   0.0000E+00
    40    20   3.8974E+19   2.5361E-01   1.6143E-01   2.5361E-01   0.0000E+00   0.0000E+00
    40    21   3.4266E+19   2.6408E-01   1.4193E-01   2.6408E-01   0.0000E+00   0.0000E+00
    40    22   6.5656E+18   4.3756E-01   2.7195E-02   4.3756E-01   0.0000E+00   0.0000E+00
    40    23   4.0253E+18   7.4491E-01   1.6673E-02   7.4491E-01   0.0000E+00   0.0000E+00
    40    24   0.0000E+00   0.0000E+00   0.0000E+00   0.0000E+00   0.0000E+00   0.0000E+00
    40    25   1.9134E+16   1.0000E+00   7.9253E-05   1.0000E+00   0.0000E+00   0.0000E+00
    40    26   2.4312E+15   1.0000E+00   1.0070E-05   1.0000E+00   0.0000E+00   0.0000E+00
    40    27   1.1532E+16   1.0000E+00   4.7764E-05   1.0000E+00   0.0000E+00   0.0000E+00
    40    28   5.0659E+16   1.0000E+00   2.0983E-04   1.0000E+00   0.0000E+00   0.0000E+00
    40    29   6.7668E+14   1.0000E+00   2.8028E-06   1.0000E+00   0.0000E+00   0.0000E+00
    40    30   2.4369E+16   8.9436E-01   1.0094E-04   8.9436E-01   0.0000E+00   0.0000E+00
    40    31   5.5712E+15   1.0000E+00   2.3076E-05   1.0000E+00   0.0000E+00   0.0000E+00
    40    32   0.0000E+00   0.0000E+00   0.0000E+00   0.0000E+00   0.0000E+00   0.0000E+00
    41     1   1.0536E+20   2.0737E-01   4.3638E-01   2.0737E-01   0.0000E+00   0.0000E+00
    41     2   1.1028E+20   1.9070E-01   4.5677E-01   1.9070E-01   0.0000E+00   0.0000E+00
    41     3   1.1825E+20   2.1273E-01   4.8978E-01   2.1273E-01   0.0000E+00   0.0000E+00
    41     4   1.5309E+20   2.2801E-01   6.3409E-01   2.2801E-01   0.0000E+00   0.0000E+00
    41     5   1.2639E+20   1.9857E-01   5.2351E-01   1.9857E-01   0.0000E+00   0.0000E+00
    41     6   1.4132E+20   1.9559E-01   5.8536E-01   1.9559E-01   0.0000E+00   0.0000E+00
    41     7   1.2449E+20   1.7118E-01   5.1563E-01   1.7118E-01   0.0000E+00   0.0000E+00
    41     8   1.0099E+20   1.8254E-01   4.1830E-01   1.8254E-01   0.0000E+00   0.0000E+00
    41     9   1.1010E+20   3.1249E-01   4.5601E-01   3.1249E-01   0.0000E+00   0.0000E+00
    41    10   8.2774E+19   2.2107E-01   3.4285E-01   2.2107E-01   0.0000E+00   0.0000E+00
    41    11   9.5830E+19   1.9262E-01   3.9692E-01   1.9262E-01   0.0000E+00   0.0000E+00
    41    12   1.0844E+20   1.8010E-01   4.4917E-01   1.8010E-01   0.0000E+00   0.0000E+00
    41    13   8.3867E+19   2.1430E-01   3.4737E-01   2.1430E-01   0.0000E+00   0.0000E+00
    41    14   6.4833E+19   2.2433E-01   2.6854E-01   2.2433E-01   0.0000E+00   0.0000E+00
    41    15   8.2097E+19   2.0083E-01   3.4004E-01   2.0083E-01   0.0000E+00   0.0000E+00
    41    16   7.2729E+19   2.1554E-01   3.0124E-01   2.1554E-01   0.0000E+00   0.0000E+00
    41    17   7.2976E+19   2.0571E-01   3.0227E-01   2.0571E-01   0.0000E+00   0.0000E+00
    41    18   9.4712E+19   1.9730E-01   3.9229E-01   1.9730E-01   0.0000E+00   0.0000E+00
    41    19   8.0958E+19   2.1491E-01   3.3533E-01   2.1491E-01   0.0000E+00   0.0000E+00
    41    20   5.9269E+19   2.7167E-01   2.4549E-01   2.7167E-01   0.0000E+00   0.0000E+00
    41    21   4.2155E+19   3.0132E-01   1.7461E-01   3.0132E-01   0.0000E+00   0.0000E+00
    41    22   3.4116E+19   3.9336E-01   1.4131E-01   3.9336E-01   0.0000E+00   0.0000E+00
    41    23   6.6046E+18   6.5763E-01   2.7356E-02   6.5763E-01   0.0000E+00   0.0000E+00
    41    24   3.1438E+18   6.8018E-01   1.3022E-02   6.8018E-01   0.0000E+00   0.0000E+00
    41    25   6.4602E+17   7.1693E-01   2.6758E-03   7.1693E-01   0.0000E+00   0.0000E+00
    41    26   6.5667E+17   9.3694E-01   2.7199E-03   9.3694E-01   0.0000E+00   0.0000E+00
    41    27   1.0473E+15   1.0000E+00   4.3377E-06   1.0000E+00   0.0000E+00   0.0000E+00
    41    28   5.9422E+16   1.0000E+00   2.4612E-04   1.0000E+00   0.0000E+00   0.0000E+00
    41    29   0.0000E+00   0.0000E+00   0.0000E+00   0.0000E+00   0.0000E+00   0.0000E+00
    41    30   4.4863E+16   9.3251E-01   1.8582E-04   9.3251E-01   0.0000E+00   0.0000E+00
    41    31   2.7891E+16   7.1087E-01   1.1552E-04   7.1087E-01   0.0000E+00   0.0000E+00
    41    32   0.0000E+00   0.0000E+00   0.0000E+00   0.0000E+00   0.0000E+00   0.0000E+00
    42     1   1.3376E+20   2.3239E-01   5.5404E-01   2.3239E-01   0.0000E+00   0.0000E+00
    42     2   1.2192E+20   2.4235E-01   5.0499E-01   2.4235E-01   0.0000E+00   0.0000E+00
    42     3   1.0128E+20   1.9507E-01   4.1952E-01   1.9507E-01   0.0000E+00   0.0000E+00
    42     4   9.1682E+19   2.6788E-01   3.7974E-01   2.6788E-01   0.0000E+00   0.0000E+00
    42     5   9.8195E+19   2.1164E-01   4.0672E-01   2.1164E-01   0.0000E+00   0.0000E+00
    42     6   1.1636E+20   2.2325E-01   4.8195E-01   2.2325E-01   0.0000E+00   0.0000E+00
    42     7   1.2409E+20   2.0791E-01   5.1397E-01   2.0791E-01   0.0000E+00   0.0000E+00
    42     8   1.3880E+20   2.0348E-01   5.7490E-01   2.0348E-01   0.0000E+00   0.0000E+00
    42     9   1.1869E+20   3.0316E-01   4.9160E-01   3.0316E-01   0.0000E+00   0.0000E+00
    42    10   9.0649E+19   2.0546E-01   3.7547E-01   2.0546E-01   0.0000E+00   0.0000E+00
    42    11   8.2893E+19   2.0963E-01   3.4334E-01   2.0963E-01   0.0000E+00   0.0000E+00
    42    12   9.0132E+19   2.2393E-01   3.7332E-01   2.2393E-01   0.0000E+00   0.0000E+00
    42    13   1.1146E+20   1.8484E-01   4.6168E-01   1.8484E-01   0.0000E+00   0.0000E+00
    42    14   1.0977E+20   2.0765E-01   4.5467E-01   2.0765E-01   0.0000E+00   0.0000E+00
    42    15   8.3841E+19   2.2738E-01   3.4727E-01   2.2738E-01   0.0000E+00   0.0000E+00
    42    16   7.0718E+19   2.3182E-01   2.9291E-01   2.3182E-01   0.0000E+00   0.0000E+00
    42    17   6.5068E+19   2.2450E-01   2.6951E-01   2.2450E-01   0.0000E+00   0.0000E+00
    42    18   8.1803E+19   2.0521E-01   3.3882E-01   2.0521E-01   0.0000E+00   0.0000E+00
    42    19   9.3403E+19   1.8855E-01   3.8687E-01   1.8855E-01   0.0000E+00   0.0000E+00
    42    20   5.5947E+19   2.1094E-01   2.3173E-01   2.1094E-01   0.0000E+00   0.0000E+00
    42    21   4.6247E+19   2.6077E-01   1.9155E-01   2.6077E-01   0.0000E+00   0.0000E+00
    42    22   3.6710E+19   2.5386E-01   1.5205E-01   2.5386E-01   0.0000E+00   0.0000E+00
    42    23   8.6597E+18   5.4204E-01   3.5868E-02   5.4204E-01   0.0000E+00   0.0000E+00
    42    24   1.0569E+19   5.8698E-01   4.3775E-02   5.8698E-01   0.0000E+00   0.0000E+00
    42    25   2.2215E+18   6.8382E-01   9.2013E-03   6.8382E-01   0.0000E+00   0.0000E+00
    42    26   4.9903E+18   8.8191E-01   2.0670E-02   8.8191E-01   0.0000E+00   0.0000E+00
    42    27   6.6732E+15   1.0000E+00   2.7640E-05   1.0000E+00   0.0000E+00   0.0000E+00
    42    28   2.4977E+16   1.0000E+00   1.0345E-04   1.0000E+00   0.0000E+00   0.0000E+00
    42    29   3.5369E+16   1.0000E+00   1.4650E-04   1.0000E+00   0.0000E+00   0.0000E+00
    42    30   0.0000E+00   0.0000E+00   0.0000E+00   0.0000E+00   0.0000E+00   0.0000E+00
    42    31   6.3629E+16   8.5218E-01   2.6355E-04   8.5218E-01   0.0000E+00   0.0000E+00
    42    32   1.0014E+16   9.9756E-01   4.1479E-05   9.9756E-01   0.0000E+00   0.0000E+00
    43     1   1.2455E+20   2.0707E-01   5.1587E-01   2.0707E-01   0.0000E+00   0.0000E+00
    43     2   1.0674E+20   2.3275E-01   4.4209E-01   2.3275E-01   0.0000E+00   0.0000E+00
    43     3   1.4269E+20   2.5459E-01   5.9102E-01   2.5459E-01   0.0000E+00   0.0000E+00
    43     4   1.0563E+20   2.0907E-01   4.3751E-01   2.0907E-01   0.0000E+00   0.0000E+00
    43     5   9.7049E+19   2.3235E-01   4.0198E-01   2.3235E-01   0.0000E+00   0.0000E+00
    43     6   8.5971E+19   2.4248E-01   3.5609E-01   2.4248E-01   0.0000E+00   0.0000E+00
    43     7   1.0425E+20   2.1359E-01   4.3179E-01   2.1359E-01   0.0000E+00   0.0000E+00
    43     8   1.4104E+20   2.1786E-01   5.8417E-01   2.1786E-01   0.0000E+00   0.0000E+00
    43     9   1.5553E+20   2.1867E-01   6.4418E-01   2.1867E-01   0.0000E+00   0.0000E+00
    43    10   9.9081E+19   2.3855E-01   4.1039E-01   2.3855E-01   0.0000E+00   0.0000E+00
    43    11   8.3226E+19   2.3611E-01   3.4472E-01   2.3611E-01   0.0000E+00   0.0000E+00
    43    12   8.6192E+19   2.1884E-01   3.5700E-01   2.1884E-01   0.0000E+00   0.0000E+00
    43    13   1.0473E+20   2.7240E-01   4.3377E-01   2.7240E-01   0.0000E+00   0.0000E+00
    43    14   1.1395E+20   2.0334E-01   4.7198E-01   2.0334E-01   0.0000E+00   0.0000E+00
    43    15   1.0778E+20   2.0529E-01   4.4640E-01   2.0529E-01   0.0000E+00   0.0000E+00
    43    16   9.8592E+19   2.3152E-01   4.0836E-01   2.3152E-01   0.0000E+00   0.0000E+00
    43    17   8.0979E+19   2.3003E-01   3.3541E-01   2.3003E-01   0.0000E+00   0.0000E+00
    43    18   8.2917E+19   2.3104E-01   3.4344E-01   2.3104E-01   0.0000E+00   0.0000E+00
    43    19   7.5885E+19   1.7674E-01   3.1432E-01   1.7674E-01   0.0000E+00   0.0000E+00
    43    20   7.8636E+19   1.9906E-01   3.2571E-01   1.9906E-01   0.0000E+00   0.0000E+00
    43    21   6.7443E+19   2.1453E-01   2.7935E-01   2.1453E-01   0.0000E+00   0.0000E+00
    43    22   4.6328E+19   2.3524E-01   1.9189E-01   2.3524E-01   0.0000E+00   0.0000E+00
    43    23   1.8779E+19   3.6494E-01   7.7782E-02   3.6494E-01   0.0000E+00   0.0000E+00
    43    24   1.4015E+19   5.7649E-01   5.8051E-02   5.7649E-01   0.0000E+00   0.0000E+00
    43    25   7.0980E+18   5.5306E-01   2.9400E-02   5.5306E-01   0.0000E+00   0.0000E+00
    43    26   5.5592E+18   4.5401E-01   2.3026E-02   4.5401E-01   0.0000E+00   0.0000E+00
    43    27   2.9519E+18   8.0245E-01   1.2227E-02   8.0245E-01   0.0000E+00   0.0000E+00
    43    28   3.2266E+16   7.0554E-01   1.3364E-04   7.0554E-01   0.0000E+00   0.0000E+00
    43    29   5.9977E+16   1.0000E+00   2.4842E-04   1.0000E+00   0.0000E+00   0.0000E+00
    43    30   0.0000E+00   0.0000E+00   0.0000E+00   0.0000E+00   0.0000E+00   0.0000E+00
    43    31   3.9318E+16   9.1870E-01   1.6285E-04   9.1870E-01   0.0000E+00   0.0000E+00
    43    32   4.8613E+16   5.4043E-01   2.0135E-04   5.4043E-01   0.0000E+00   0.0000E+00
    44     1   1.5163E+20   2.2832E-01   6.2805E-01   2.2832E-01   0.0000E+00   0.0000E+00
    44     2   1.3278E+20   2.3809E-01   5.4996E-01   2.3809E-01   0.0000E+00   0.0000E+00
    44     3   1.3559E+20   2.5292E-01   5.6162E-01   2.5292E-01   0.0000E+00   0.0000E+00
    44     4   1.5595E+20   2.5003E-01   6.4595E-01   2.5003E-01   0.0000E+00   0.0000E+00
    44     5   9.0348E+19   2.3598E-01   3.7422E-01   2.3598E-01   0.0000E+00   0.0000E+00
    44     6   1.0514E+20   2.4441E-01   4.3550E-01   2.4441E-01   0.0000E+00   0.0000E+00
    44     7   1.0205E+20   2.4233E-01   4.2269E-01   2.4233E-01   0.0000E+00   0.0000E+00
    44     8   1.0740E+20   2.2795E-01   4.4486E-01   2.2795E-01   0.0000E+00   0.0000E+00
    44     9   1.6632E+20   2.2353E-01   6.8888E-01   2.2353E-01   0.0000E+00   0.0000E+00
    44    10   1.3815E+20   2.0256E-01   5.7220E-01   2.0256E-01   0.0000E+00   0.0000E+00
    44    11   1.1524E+20   2.2936E-01   4.7731E-01   2.2936E-01   0.0000E+00   0.0000E+00
    44    12   9.1342E+19   2.4699E-01   3.7834E-01   2.4699E-01   0.0000E+00   0.0000E+00
    44    13   1.3814E+20   4.2098E-01   5.7215E-01   4.2098E-01   0.0000E+00   0.0000E+00
    44    14   1.0733E+20   2.5839E-01   4.4455E-01   2.5839E-01   0.0000E+00   0.0000E+00
    44    15   1.1816E+20   2.4840E-01   4.8944E-01   2.4840E-01   0.0000E+00   0.0000E+00
    44    16   1.1226E+20   2.0351E-01   4.6500E-01   2.0351E-01   0.0000E+00   0.0000E+00
    44    17   8.8090E+19   2.1385E-01   3.6486E-01   2.1385E-01   0.0000E+00   0.0000E+00
    44    18   1.5787E+20   3.6950E-01   6.5388E-01   3.6950E-01   0.0000E+00   0.0000E+00
    44    19   7.7920E+19   1.9684E-01   3.2274E-01   1.9684E-01   0.0000E+00   0.0000E+00
    44    20   9.0265E+19   1.8758E-01   3.7387E-01   1.8758E-01   0.0000E+00   0.0000E+00
    44    21   8.0368E+19   2.1337E-01   3.3288E-01   2.1337E-01   0.0000E+00   0.0000E+00
    44    22   6.1313E+19   2.4081E-01   2.5396E-01   2.4081E-01   0.0000E+00   0.0000E+00
    44    23   3.4684E+19   3.1221E-01   1.4366E-01   3.1221E-01   0.0000E+00   0.0000E+00
    44    24   2.0268E+19   5.7963E-01   8.3949E-02   5.7963E-01   0.0000E+00   0.0000E+00
    44    25   6.2465E+18   3.4794E-01   2.5873E-02   3.4794E-01   0.0000E+00   0.0000E+00
    44    26   1.3324E+19   4.0325E-01   5.5187E-02   4.0325E-01   0.0000E+00   0.0000E+00
    44    27   7.2690E+18   6.1719E-01   3.0108E-02   6.1719E-01   0.0000E+00   0.0000E+00
    44    28   4.9580E+17   8.0755E-01   2.0536E-03   8.0755E-01   0.0000E+00   0.0000E+00
    44    29   1.2365E+17   6.9849E-01   5.1216E-04   6.9849E-01   0.0000E+00   0.0000E+00
    44    30   1.0127E+18   1.0000E+00   4.1946E-03   1.0000E+00   0.0000E+00   0.0000E+00
    44    31   7.8830E+14   1.0000E+00   3.2651E-06   1.0000E+00   0.0000E+00   0.0000E+00
    44    32   7.3568E+16   7.3894E-01   3.0472E-04   7.3894E-01   0.0000E+00   0.0000E+00
    45     1   1.6909E+20   2.0371E-01   7.0036E-01   2.0371E-01   0.0000E+00   0.0000E+00
    45     2   1.2661E+20   2.6499E-01   5.2443E-01   2.6499E-01   0.0000E+00   0.0000E+00
    45     3   1.3627E+20   2.5665E-01   5.6442E-01   2.5665E-01   0.0000E+00   0.0000E+00
    45     4   1.1504E+20   2.3956E-01   4.7649E-01   2.3956E-01   0.0000E+00   0.0000E+00
    45     5   1.7018E+20   2.7363E-01   7.0486E-01   2.7363E-01   0.0000E+00   0.0000E+00
    45     6   1.0835E+20   3.3152E-01   4.4879E-01   3.3152E-01   0.0000E+00   0.0000E+00
    45     7   1.2218E+20   2.9510E-01   5.0607E-01   2.9510E-01   0.0000E+00   0.0000E+00
    45     8   1.5114E+20   2.5205E-01   6.2603E-01   2.5205E-01   0.0000E+00   0.0000E+00
    45     9   1.9301E+20   2.2719E-01   7.9944E-01   2.2719E-01   0.0000E+00   0.0000E+00
    45    10   1.5906E+20   2.2624E-01   6.5884E-01   2.2624E-01   0.0000E+00   0.0000E+00
    45    11   1.7516E+20   2.1542E-01   7.2549E-01   2.1542E-01   0.0000E+00   0.0000E+00
    45    12   1.5248E+20   2.3943E-01   6.3155E-01   2.3943E-01   0.0000E+00   0.0000E+00
    45    13   1.6492E+20   2.7553E-01   6.8310E-01   2.7553E-01   0.0000E+00   0.0000E+00
    45    14   1.0800E+20   2.1511E-01   4.4733E-01   2.1511E-01   0.0000E+00   0.0000E+00
    45    15   1.1297E+20   2.5055E-01   4.6790E-01   2.5055E-01   0.0000E+00   0.0000E+00
    45    16   1.5244E+20   2.5950E-01   6.3140E-01   2.5950E-01   0.0000E+00   0.0000E+00
    45    17   1.0170E+20   1.9667E-01   4.2123E-01   1.9667E-01   0.0000E+00   0.0000E+00
    45    18   1.0591E+20   2.1943E-01   4.3866E-01   2.1943E-01   0.0000E+00   0.0000E+00
    45    19   1.1418E+20   2.4372E-01   4.7294E-01   2.4372E-01   0.0000E+00   0.0000E+00
    45    20   8.9109E+19   1.8557E-01   3.6909E-01   1.8557E-01   0.0000E+00   0.0000E+00
    45    21   9.2262E+19   2.2115E-01   3.8215E-01   2.2115E-01   0.0000E+00   0.0000E+00
    45    22   6.6379E+19   2.7858E-01   2.7494E-01   2.7858E-01   0.0000E+00   0.0000E+00
    45    23   7.6681E+19   2.9580E-01   3.1761E-01   2.9580E-01   0.0000E+00   0.0000E+00
    45    24   1.8569E+19   3.9764E-01   7.6911E-02   3.9764E-01   0.0000E+00   0.0000E+00
    45    25   5.3714E+18   3.3232E-01   2.2248E-02   3.3232E-01   0.0000E+00   0.0000E+00
    45    26   1.7873E+19   4.4891E-01   7.4028E-02   4.4891E-01   0.0000E+00   0.0000E+00
    45    27   1.1282E+19   3.7641E-01   4.6732E-02   3.7641E-01   0.0000E+00   0.0000E+00
    45    28   2.3301E+18   7.0011E-01   9.6510E-03   7.0011E-01   0.0000E+00   0.0000E+00
    45    29   4.4046E+17   6.4826E-01   1.8244E-03   6.4826E-01   0.0000E+00   0.0000E+00
    45    30   5.2585E+18   9.4016E-01   2.1781E-02   9.4016E-01   0.0000E+00   0.0000E+00
    45    31   0.0000E+00   0.0000E+00   0.0000E+00   0.0000E+00   0.0000E+00   0.0000E+00
    45    32   6.9956E+16   7.5321E-01   2.8976E-04   7.5321E-01   0.0000E+00   0.0000E+00
    46     1   1.5393E+20   1.9137E-01   6.3759E-01   1.9137E-01   0.0000E+00   0.0000E+00
    46     2   1.5015E+20   2.2915E-01   6.2193E-01   2.2915E-01   0.0000E+00   0.0000E+00
    46     3   1.3901E+20   2.5089E-01   5.7579E-01   2.5089E-01   0.0000E+00   0.0000E+00
    46     4   1.2446E+20   3.7110E-01   5.1552E-01   3.7110E-01   0.0000E+00   0.0000E+00
    46     5   1.4237E+20   2.2289E-01   5.8969E-01   2.2289E-01   0.0000E+00   0.0000E+00
    46     6   1.3782E+20   2.5273E-01   5.7084E-01   2.5273E-01   0.0000E+00   0.0000E+00
    46     7   9.5225E+19   3.2597E-01   3.9442E-01   3.2597E-01   0.0000E+00   0.0000E+00
    46     8   8.6561E+19   2.7912E-01   3.5853E-01   2.7912E-01   0.0000E+00   0.0000E+00
    46     9   1.0349E+20   2.8759E-01   4.2867E-01   2.8759E-01   0.0000E+00   0.0000E+00
    46    10   1.8096E+20   2.3171E-01   7.4951E-01   2.3171E-01   0.0000E+00   0.0000E+00
    46    11   1.2780E+20   2.5907E-01   5.2934E-01   2.5907E-01   0.0000E+00   0.0000E+00
    46    12   1.5451E+20   2.4235E-01   6.3998E-01   2.4235E-01   0.0000E+00   0.0000E+00
    46    13   1.4038E+20   2.6279E-01   5.8143E-01   2.6279E-01   0.0000E+00   0.0000E+00
    46    14   1.9778E+20   3.3217E-01   8.1918E-01   3.3217E-01   0.0000E+00   0.0000E+00
    46    15   1.7950E+20   3.4124E-01   7.4350E-01   3.4124E-01   0.0000E+00   0.0000E+00
    46    16   1.3810E+20   2.8974E-01   5.7200E-01   2.8974E-01   0.0000E+00   0.0000E+00
    46    17   1.3212E+20   2.2220E-01   5.4725E-01   2.2220E-01   0.0000E+00   0.0000E+00
    46    18   9.9658E+19   2.4107E-01   4.1278E-01   2.4107E-01   0.0000E+00   0.0000E+00
    46    19   1.3295E+20   2.4140E-01   5.5068E-01   2.4140E-01   0.0000E+00   0.0000E+00
    46    20   1.1666E+20   2.1532E-01   4.8318E-01   2.1532E-01   0.0000E+00   0.0000E+00
    46    21   1.1229E+20   2.0820E-01   4.6510E-01   2.0820E-01   0.0000E+00   0.0000E+00
    46    22   5.7372E+19   2.3411E-01   2.3763E-01   2.3411E-01   0.0000E+00   0.0000E+00
    46    23   5.0081E+19   2.5757E-01   2.0743E-01   2.5757E-01   0.0000E+00   0.0000E+00
    46    24   2.8447E+19   4.6904E-01   1.1783E-01   4.6904E-01   0.0000E+00   0.0000E+00
    46    25   2.6359E+19   5.6258E-01   1.0918E-01   5.6258E-01   0.0000E+00   0.0000E+00
    46    26   2.8970E+19   6.0090E-01   1.1999E-01   6.0090E-01   0.0000E+00   0.0000E+00
    46    27   2.6378E+19   4.6659E-01   1.0926E-01   4.6659E-01   0.0000E+00   0.0000E+00
    46    28   8.5628E+18   5.1529E-01   3.5467E-02   5.1529E-01   0.0000E+00   0.0000E+00
    46    29   6.0804E+17   5.9924E-01   2.5185E-03   5.9924E-01   0.0000E+00   0.0000E+00
    46    30   8.4633E+18   7.0343E-01   3.5055E-02   7.0343E-01   0.0000E+00   0.0000E+00
    46    31   8.8831E+17   9.8028E-01   3.6794E-03   9.8028E-01   0.0000E+00   0.0000E+00
    46    32   3.5421E+16   6.4640E-01   1.4671E-04   6.4640E-01   0.0000E+00   0.0000E+00
    47     1   1.2397E+20   2.3660E-01   5.1348E-01   2.3660E-01   0.0000E+00   0.0000E+00
    47     2   1.4133E+20   2.0115E-01   5.8537E-01   2.0115E-01   0.0000E+00   0.0000E+00
    47     3   1.8954E+20   2.9369E-01   7.8508E-01   2.9369E-01   0.0000E+00   0.0000E+00
    47     4   1.1367E+20   2.9047E-01   4.7083E-01   2.9047E-01   0.0000E+00   0.0000E+00
    47     5   7.9543E+19   3.3111E-01   3.2946E-01   3.3111E-01   0.0000E+00   0.0000E+00
    47     6   1.3839E+20   2.5875E-01   5.7320E-01   2.5875E-01   0.0000E+00   0.0000E+00
    47     7   1.1871E+20   2.1735E-01   4.9168E-01   2.1735E-01   0.0000E+00   0.0000E+00
    47     8   8.9810E+19   3.3385E-01   3.7199E-01   3.3385E-01   0.0000E+00   0.0000E+00
    47     9   9.0216E+19   2.9840E-01   3.7367E-01   2.9840E-01   0.0000E+00   0.0000E+00
    47    10   1.4648E+20   2.6912E-01   6.0673E-01   2.6912E-01   0.0000E+00   0.0000E+00
    47    11   1.4760E+20   2.8427E-01   6.1137E-01   2.8427E-01   0.0000E+00   0.0000E+00
    47    12   1.3344E+20   2.4531E-01   5.5269E-01   2.4531E-01   0.0000E+00   0.0000E+00
    47    13   2.2296E+20   3.7127E-01   9.2348E-01   3.7127E-01   0.0000E+00   0.0000E+00
    47    14   1.5841E+20   2.5974E-01   6.5611E-01   2.5974E-01   0.0000E+00   0.0000E+00
    47    15   1.3250E+20   2.6702E-01   5.4881E-01   2.6702E-01   0.0000E+00   0.0000E+00
    47    16   1.2202E+20   2.5956E-01   5.0540E-01   2.5956E-01   0.0000E+00   0.0000E+00
    47    17   1.1798E+20   2.3013E-01   4.8867E-01   2.3013E-01   0.0000E+00   0.0000E+00
    47    18   1.1041E+20   2.1421E-01   4.5733E-01   2.1421E-01   0.0000E+00   0.0000E+00
    47    19   8.8709E+19   2.3282E-01   3.6743E-01   2.3282E-01   0.0000E+00   0.0000E+00
    47    20   1.3685E+20   2.0339E-01   5.6683E-01   2.0339E-01   0.0000E+00   0.0000E+00
    47    21   1.1886E+20   2.3394E-01   4.9231E-01   2.3394E-01   0.0000E+00   0.0000E+00
    47    22   7.4272E+19   2.0630E-01   3.0763E-01   2.0630E-01   0.0000E+00   0.0000E+00
    47    23   4.7723E+19   2.6266E-01   1.9767E-01   2.6266E-01   0.0000E+00   0.0000E+00
    47    24   2.9510E+19   2.8056E-01   1.2223E-01   2.8056E-01   0.0000E+00   0.0000E+00
    47    25   1.4578E+19   4.2950E-01   6.0381E-02   4.2950E-01   0.0000E+00   0.0000E+00
    47    26   1.5162E+19   4.8470E-01   6.2801E-02   4.8470E-01   0.0000E+00   0.0000E+00
    47    27   1.5985E+19   3.9065E-01   6.6208E-02   3.9065E-01   0.0000E+00   0.0000E+00
    47    28   1.1640E+19   4.9841E-01   4.8214E-02   4.9841E-01   0.0000E+00   0.0000E+00
    47    29   1.3778E+18   6.9057E-01   5.7067E-03   6.9057E-01   0.0000E+00   0.0000E+00
    47    30   1.0952E+19   7.0521E-01   4.5364E-02   7.0521E-01   0.0000E+00   0.0000E+00
    47    31   1.0632E+17   8.6984E-01   4.4038E-04   8.6984E-01   0.0000E+00   0.0000E+00
    47    32   1.8675E+16   8.9862E-01   7.7350E-05   8.9862E-01   0.0000E+00   0.0000E+00
    48     1   1.0763E+20   2.5977E-01   4.4582E-01   2.5977E-01   0.0000E+00   0.0000E+00
    48     2   1.7160E+20   2.5621E-01   7.1077E-01   2.5621E-01   0.0000E+00   0.0000E+00
    48     3   1.4013E+20   2.3739E-01   5.8042E-01   2.3739E-01   0.0000E+00   0.0000E+00
    48     4   1.1139E+20   4.1537E-01   4.6137E-01   4.1537E-01   0.0000E+00   0.0000E+00
    48     5   9.0340E+19   3.3978E-01   3.7419E-01   3.3978E-01   0.0000E+00   0.0000E+00
    48     6   8.5261E+19   3.4667E-01   3.5315E-01   3.4667E-01   0.0000E+00   0.0000E+00
    48     7   1.5182E+20   3.0941E-01   6.2883E-01   3.0941E-01   0.0000E+00   0.0000E+00
    48     8   1.0239E+20   2.7217E-01   4.2408E-01   2.7217E-01   0.0000E+00   0.0000E+00
    48     9   7.9281E+19   3.4748E-01   3.2838E-01   3.4748E-01   0.0000E+00   0.0000E+00
    48    10   9.3848E+19   3.7767E-01   3.8871E-01   3.7767E-01   0.0000E+00   0.0000E+00
    48    11   9.9540E+19   3.1449E-01   4.1229E-01   3.1449E-01   0.0000E+00   0.0000E+00
    48    12   2.0526E+20   3.7424E-01   8.5017E-01   3.7424E-01   0.0000E+00   0.0000E+00
    48    13   1.4116E+20   2.5559E-01   5.8469E-01   2.5559E-01   0.0000E+00   0.0000E+00
    48    14   1.4239E+20   3.0203E-01   5.8979E-01   3.0203E-01   0.0000E+00   0.0000E+00
    48    15   1.6211E+20   2.5945E-01   6.7145E-01   2.5945E-01   0.0000E+00   0.0000E+00
    48    16   1.4064E+20   2.5672E-01   5.8253E-01   2.5672E-01   0.0000E+00   0.0000E+00
    48    17   1.4602E+20   2.3047E-01   6.0481E-01   2.3047E-01   0.0000E+00   0.0000E+00
    48    18   1.2638E+20   2.0579E-01   5.2348E-01   2.0579E-01   0.0000E+00   0.0000E+00
    48    19   8.2609E+19   2.2919E-01   3.4216E-01   2.2919E-01   0.0000E+00   0.0000E+00
    48    20   1.2176E+20   2.1489E-01   5.0433E-01   2.1489E-01   0.0000E+00   0.0000E+00
    48    21   1.3363E+20   2.5126E-01   5.5349E-01   2.5126E-01   0.0000E+00   0.0000E+00
    48    22   8.3268E+19   2.1479E-01   3.4489E-01   2.1479E-01   0.0000E+00   0.0000E+00
    48    23   7.3759E+19   2.8011E-01   3.0551E-01   2.8011E-01   0.0000E+00   0.0000E+00
    48    24   3.4254E+19   2.6630E-01   1.4188E-01   2.6630E-01   0.0000E+00   0.0000E+00
    48    25   1.7797E+19   3.4921E-01   7.3713E-02   3.4921E-01   0.0000E+00   0.0000E+00
    48    26   2.0749E+19   4.0451E-01   8.5940E-02   4.0451E-01   0.0000E+00   0.0000E+00
    48    27   1.6074E+19   3.9263E-01   6.6579E-02   3.9263E-01   0.0000E+00   0.0000E+00
    48    28   1.1696E+19   4.6415E-01   4.8443E-02   4.6415E-01   0.0000E+00   0.0000E+00
    48    29   7.0585E+18   7.0503E-01   2.9236E-02   7.0503E-01   0.0000E+00   0.0000E+00
    48    30   7.5860E+18   7.3167E-01   3.1421E-02   7.3167E-01   0.0000E+00   0.0000E+00
    48    31   4.0452E+18   7.6379E-01   1.6755E-02   7.6379E-01   0.0000E+00   0.0000E+00
    48    32   1.6732E+16   1.0000E+00   6.9304E-05   1.0000E+00   0.0000E+00   0.0000E+00
     1     1   0.0000E+00   0.0000E+00   0.0000E+00   0.0000E+00   0.0000E+00   0.0000E+00
     1     2   0.0000E+00   0.0000E+00   0.0000E+00   0.0000E+00   0.0000E+00   0.0000E+00
     1     3   0.0000E+00   0.0000E+00   0.0000E+00   0.0000E+00   0.0000E+00   0.0000E+00
     1     4   0.0000E+00   0.0000E+00   0.0000E+00   0.0000E+00   0.0000E+00   0.0000E+00
     1     5   0.0000E+00   0.0000E+00   0.0000E+00   0.0000E+00   0.0000E+00   0.0000E+00
     1     6   0.0000E+00   0.0000E+00   0.0000E+00   0.0000E+00   0.0000E+00   0.0000E+00
     1     7   0.0000E+00   0.0000E+00   0.0000E+00   0.0000E+00   0.0000E+00   0.0000E+00
     1     8   0.0000E+00   0.0000E+00   0.0000E+00   0.0000E+00   0.0000E+00   0.0000E+00
     1     9   0.0000E+00   0.0000E+00   0.0000E+00   0.0000E+00   0.0000E+00   0.0000E+00
     1    10   0.0000E+00   0.0000E+00   0.0000E+00   0.0000E+00   0.0000E+00   0.0000E+00
     1    11   0.0000E+00   0.0000E+00   0.0000E+00   0.0000E+00   0.0000E+00   0.0000E+00
     1    12   0.0000E+00   0.0000E+00   0.0000E+00   0.0000E+00   0.0000E+00   0.0000E+00
     1    13   0.0000E+00   0.0000E+00   0.0000E+00   0.0000E+00   0.0000E+00   0.0000E+00
     1    14   0.0000E+00   0.0000E+00   0.0000E+00   0.0000E+00   0.0000E+00   0.0000E+00
     1    15   0.0000E+00   0.0000E+00   0.0000E+00   0.0000E+00   0.0000E+00   0.0000E+00
     1    16   0.0000E+00   0.0000E+00   0.0000E+00   0.0000E+00   0.0000E+00   0.0000E+00
     1    17   0.0000E+00   0.0000E+00   0.0000E+00   0.0000E+00   0.0000E+00   0.0000E+00
     1    18   0.0000E+00   0.0000E+00   0.0000E+00   0.0000E+00   0.0000E+00   0.0000E+00
     1    19   0.0000E+00   0.0000E+00   0.0000E+00   0.0000E+00   0.0000E+00   0.0000E+00
     1    20   0.0000E+00   0.0000E+00   0.0000E+00   0.0000E+00   0.0000E+00   0.0000E+00
     1    21   0.0000E+00   0.0000E+00   0.0000E+00   0.0000E+00   0.0000E+00   0.0000E+00
     1    22   0.0000E+00   0.0000E+00   0.0000E+00   0.0000E+00   0.0000E+00   0.0000E+00
     1    23   0.0000E+00   0.0000E+00   0.0000E+00   0.0000E+00   0.0000E+00   0.0000E+00
     1    24   0.0000E+00   0.0000E+00   0.0000E+00   0.0000E+00   0.0000E+00   0.0000E+00
     1    25   0.0000E+00   0.0000E+00   0.0000E+00   0.0000E+00   0.0000E+00   0.0000E+00
     1    26   0.0000E+00   0.0000E+00   0.0000E+00   0.0000E+00   0.0000E+00   0.0000E+00
     1    27   0.0000E+00   0.0000E+00   0.0000E+00   0.0000E+00   0.0000E+00   0.0000E+00
     1    28   5.5633E+17   1.0000E+00   2.3040E-03   1.0000E+00   0.0000E+00   0.0000E+00
     1    29   0.0000E+00   0.0000E+00   0.0000E+00   0.0000E+00   0.0000E+00   0.0000E+00
     1    30   0.0000E+00   0.0000E+00   0.0000E+00   0.0000E+00   0.0000E+00   0.0000E+00
     1    31   0.0000E+00   0.0000E+00   0.0000E+00   0.0000E+00   0.0000E+00   0.0000E+00
     1    32   0.0000E+00   0.0000E+00   0.0000E+00   0.0000E+00   0.0000E+00   0.0000E+00
     2     1   0.0000E+00   0.0000E+00   0.0000E+00   0.0000E+00   0.0000E+00   0.0000E+00
     2     2   0.0000E+00   0.0000E+00   0.0000E+00   0.0000E+00   0.0000E+00   0.0000E+00
     2     3   0.0000E+00   0.0000E+00   0.0000E+00   0.0000E+00   0.0000E+00   0.0000E+00
     2     4   0.0000E+00   0.0000E+00   0.0000E+00   0.0000E+00   0.0000E+00   0.0000E+00
     2     5   0.0000E+00   0.0000E+00   0.0000E+00   0.0000E+00   0.0000E+00   0.0000E+00
     2     6   0.0000E+00   0.0000E+00   0.0000E+00   0.0000E+00   0.0000E+00   0.0000E+00
     2     7   0.0000E+00   0.0000E+00   0.0000E+00   0.0000E+00   0.0000E+00   0.0000E+00
     2     8   0.0000E+00   0.0000E+00   0.0000E+00   0.0000E+00   0.0000E+00   0.0000E+00
     2     9   0.0000E+00   0.0000E+00   0.0000E+00   0.0000E+00   0.0000E+00   0.0000E+00
     2    10   0.0000E+00   0.0000E+00   0.0000E+00   0.0000E+00   0.0000E+00   0.0000E+00
     2    11   0.0000E+00   0.0000E+00   0.0000E+00   0.0000E+00   0.0000E+00   0.0000E+00
     2    12   0.0000E+00   0.0000E+00   0.0000E+00   0.0000E+00   0.0000E+00   0.0000E+00
     2    13   0.0000E+00   0.0000E+00   0.0000E+00   0.0000E+00   0.0000E+00   0.0000E+00
     2    14   0.0000E+00   0.0000E+00   0.0000E+00   0.0000E+00   0.0000E+00   0.0000E+00
     2    15   0.0000E+00   0.0000E+00   0.0000E+00   0.0000E+00   0.0000E+00   0.0000E+00
     2    16   0.0000E+00   0.0000E+00   0.0000E+00   0.0000E+00   0.0000E+00   0.0000E+00
     2    17   0.0000E+00   0.0000E+00   0.0000E+00   0.0000E+00   0.0000E+00   0.0000E+00
     2    18   3.9829E+14   1.0000E+00   1.6495E-06   1.0000E+00   0.0000E+00   0.0000E+00
     2    19   0.0000E+00   0.0000E+00   0.0000E+00   0.0000E+00   0.0000E+00   0.0000E+00
     2    20   0.0000E+00   0.0000E+00   0.0000E+00   0.0000E+00   0.0000E+00   0.0000E+00
     2    21   0.0000E+00   0.0000E+00   0.0000E+00   0.0000E+00   0.0000E+00   0.0000E+00
     2    22   0.0000E+00   0.0000E+00   0.0000E+00   0.0000E+00   0.0000E+00   0.0000E+00
     2    23   0.0000E+00   0.0000E+00   0.0000E+00   0.0000E+00   0.0000E+00   0.0000E+00
     2    24   0.0000E+00   0.0000E+00   0.0000E+00   0.0000E+00   0.0000E+00   0.0000E+00
     2    25   0.0000E+00   0.0000E+00   0.0000E+00   0.0000E+00   0.0000E+00   0.0000E+00
     2    26   0.0000E+00   0.0000E+00   0.0000E+00   0.0000E+00   0.0000E+00   0.0000E+00
     2    27   0.0000E+00   0.0000E+00   0.0000E+00   0.0000E+00   0.0000E+00   0.0000E+00
     2    28   0.0000E+00   0.0000E+00   0.0000E+00   0.0000E+00   0.0000E+00   0.0000E+00
     2    29   0.0000E+00   0.0000E+00   0.0000E+00   0.0000E+00   0.0000E+00   0.0000E+00
     2    30   0.0000E+00   0.0000E+00   0.0000E+00   0.0000E+00   0.0000E+00   0.0000E+00
     2    31   1.9569E+18   1.0000E+00   8.1043E-03   1.0000E+00   0.0000E+00   0.0000E+00
     2    32   0.0000E+00   0.0000E+00   0.0000E+00   0.0000E+00   0.0000E+00   0.0000E+00
     3     1   0.0000E+00   0.0000E+00   0.0000E+00   0.0000E+00   0.0000E+00   0.0000E+00
     3     2   0.0000E+00   0.0000E+00   0.0000E+00   0.0000E+00   0.0000E+00   0.0000E+00
     3     3   0.0000E+00   0.0000E+00   0.0000E+00   0.0000E+00   0.0000E+00   0.0000E+00
     3     4   0.0000E+00   0.0000E+00   0.0000E+00   0.0000E+00   0.0000E+00   0.0000E+00
     3     5   0.0000E+00   0.0000E+00   0.0000E+00   0.0000E+00   0.0000E+00   0.0000E+00
     3     6   0.0000E+00   0.0000E+00   0.0000E+00   0.0000E+00   0.0000E+00   0.0000E+00
     3     7   0.0000E+00   0.0000E+00   0.0000E+00   0.0000E+00   0.0000E+00   0.0000E+00
     3     8   0.0000E+00   0.0000E+00   0.0000E+00   0.0000E+00   0.0000E+00   0.0000E+00
     3     9   0.0000E+00   0.0000E+00   0.0000E+00   0.0000E+00   0.0000E+00   0.0000E+00
     3    10   0.0000E+00   0.0000E+00   0.0000E+00   0.0000E+00   0.0000E+00   0.0000E+00
     3    11   0.0000E+00   0.0000E+00   0.0000E+00   0.0000E+00   0.0000E+00   0.0000E+00
     3    12   0.0000E+00   0.0000E+00   0.0000E+00   0.0000E+00   0.0000E+00   0.0000E+00
     3    13   0.0000E+00   0.0000E+00   0.0000E+00   0.0000E+00   0.0000E+00   0.0000E+00
     3    14   0.0000E+00   0.0000E+00   0.0000E+00   0.0000E+00   0.0000E+00   0.0000E+00
     3    15   0.0000E+00   0.0000E+00   0.0000E+00   0.0000E+00   0.0000E+00   0.0000E+00
     3    16   0.0000E+00   0.0000E+00   0.0000E+00   0.0000E+00   0.0000E+00   0.0000E+00
     3    17   0.0000E+00   0.0000E+00   0.0000E+00   0.0000E+00   0.0000E+00   0.0000E+00
     3    18   0.0000E+00   0.0000E+00   0.0000E+00   0.0000E+00   0.0000E+00   0.0000E+00
     3    19   0.0000E+00   0.0000E+00   0.0000E+00   0.0000E+00   0.0000E+00   0.0000E+00
     3    20   0.0000E+00   0.0000E+00   0.0000E+00   0.0000E+00   0.0000E+00   0.0000E+00
     3    21   0.0000E+00   0.0000E+00   0.0000E+00   0.0000E+00   0.0000E+00   0.0000E+00
     3    22   0.0000E+00   0.0000E+00   0.0000E+00   0.0000E+00   0.0000E+00   0.0000E+00
     3    23   0.0000E+00   0.0000E+00   0.0000E+00   0.0000E+00   0.0000E+00   0.0000E+00
     3    24   0.0000E+00   0.0000E+00   0.0000E+00   0.0000E+00   0.0000E+00   0.0000E+00
     3    25   0.0000E+00   0.0000E+00   0.0000E+00   0.0000E+00   0.0000E+00   0.0000E+00
     3    26   0.0000E+00   0.0000E+00   0.0000E+00   0.0000E+00   0.0000E+00   0.0000E+00
     3    27   0.0000E+00   0.0000E+00   0.0000E+00   0.0000E+00   0.0000E+00   0.0000E+00
     3    28   0.0000E+00   0.0000E+00   0.0000E+00   0.0000E+00   0.0000E+00   0.0000E+00
     3    29   0.0000E+00   0.0000E+00   0.0000E+00   0.0000E+00   0.0000E+00   0.0000E+00
     3    30   0.0000E+00   0.0000E+00   0.0000E+00   0.0000E+00   0.0000E+00   0.0000E+00
     3    31   0.0000E+00   0.0000E+00   0.0000E+00   0.0000E+00   0.0000E+00   0.0000E+00
     3    32   0.0000E+00   0.0000E+00   0.0000E+00   0.0000E+00   0.0000E+00   0.0000E+00
     4     1   0.0000E+00   0.0000E+00   0.0000E+00   0.0000E+00   0.0000E+00   0.0000E+00
     4     2   0.0000E+00   0.0000E+00   0.0000E+00   0.0000E+00   0.0000E+00   0.0000E+00
     4     3   0.0000E+00   0.0000E+00   0.0000E+00   0.0000E+00   0.0000E+00   0.0000E+00
     4     4   0.0000E+00   0.0000E+00   0.0000E+00   0.0000E+00   0.0000E+00   0.0000E+00
     4     5   0.0000E+00   0.0000E+00   0.0000E+00   0.0000E+00   0.0000E+00   0.0000E+00
     4     6   0.0000E+00   0.0000E+00   0.0000E+00   0.0000E+00   0.0000E+00   0.0000E+00
     4     7   0.0000E+00   0.0000E+00   0.0000E+00   0.0000E+00   0.0000E+00   0.0000E+00
     4     8   0.0000E+00   0.0000E+00   0.0000E+00   0.0000E+00   0.0000E+00   0.0000E+00
     4     9   0.0000E+00   0.0000E+00   0.0000E+00   0.0000E+00   0.0000E+00   0.0000E+00
     4    10   0.0000E+00   0.0000E+00   0.0000E+00   0.0000E+00   0.0000E+00   0.0000E+00
     4    11   0.0000E+00   0.0000E+00   0.0000E+00   0.0000E+00   0.0000E+00   0.0000E+00
     4    12   0.0000E+00   0.0000E+00   0.0000E+00   0.0000E+00   0.0000E+00   0.0000E+00
     4    13   0.0000E+00   0.0000E+00   0.0000E+00   0.0000E+00   0.0000E+00   0.0000E+00
     4    14   0.0000E+00   0.0000E+00   0.0000E+00   0.0000E+00   0.0000E+00   0.0000E+00
     4    15   0.0000E+00   0.0000E+00   0.0000E+00   0.0000E+00   0.0000E+00   0.0000E+00
     4    16   0.0000E+00   0.0000E+00   0.0000E+00   0.0000E+00   0.0000E+00   0.0000E+00
     4    17   0.0000E+00   0.0000E+00   0.0000E+00   0.0000E+00   0.0000E+00   0.0000E+00
     4    18   0.0000E+00   0.0000E+00   0.0000E+00   0.0000E+00   0.0000E+00   0.0000E+00
     4    19   0.0000E+00   0.0000E+00   0.0000E+00   0.0000E+00   0.0000E+00   0.0000E+00
     4    20   0.0000E+00   0.0000E+00   0.0000E+00   0.0000E+00   0.0000E+00   0.0000E+00
     4    21   0.0000E+00   0.0000E+00   0.0000E+00   0.0000E+00   0.0000E+00   0.0000E+00
     4    22   0.0000E+00   0.0000E+00   0.0000E+00   0.0000E+00   0.0000E+00   0.0000E+00
     4    23   0.0000E+00   0.0000E+00   0.0000E+00   0.0000E+00   0.0000E+00   0.0000E+00
     4    24   0.0000E+00   0.0000E+00   0.0000E+00   0.0000E+00   0.0000E+00   0.0000E+00
     4    25   0.0000E+00   0.0000E+00   0.0000E+00   0.0000E+00   0.0000E+00   0.0000E+00
     4    26   0.0000E+00   0.0000E+00   0.0000E+00   0.0000E+00   0.0000E+00   0.0000E+00
     4    27   0.0000E+00   0.0000E+00   0.0000E+00   0.0000E+00   0.0000E+00   0.0000E+00
     4    28   0.0000E+00   0.0000E+00   0.0000E+00   0.0000E+00   0.0000E+00   0.0000E+00
     4    29   0.0000E+00   0.0000E+00   0.0000E+00   0.0000E+00   0.0000E+00   0.0000E+00
     4    30   0.0000E+00   0.0000E+00   0.0000E+00   0.0000E+00   0.0000E+00   0.0000E+00
     4    31   0.0000E+00   0.0000E+00   0.0000E+00   0.0000E+00   0.0000E+00   0.0000E+00
     4    32   0.0000E+00   0.0000E+00   0.0000E+00   0.0000E+00   0.0000E+00   0.0000E+00
     5     1   0.0000E+00   0.0000E+00   0.0000E+00   0.0000E+00   0.0000E+00   0.0000E+00
     5     2   0.0000E+00   0.0000E+00   0.0000E+00   0.0000E+00   0.0000E+00   0.0000E+00
     5     3   0.0000E+00   0.0000E+00   0.0000E+00   0.0000E+00   0.0000E+00   0.0000E+00
     5     4   0.0000E+00   0.0000E+00   0.0000E+00   0.0000E+00   0.0000E+00   0.0000E+00
     5     5   0.0000E+00   0.0000E+00   0.0000E+00   0.0000E+00   0.0000E+00   0.0000E+00
     5     6   0.0000E+00   0.0000E+00   0.0000E+00   0.0000E+00   0.0000E+00   0.0000E+00
     5     7   0.0000E+00   0.0000E+00   0.0000E+00   0.0000E+00   0.0000E+00   0.0000E+00
     5     8   0.0000E+00   0.0000E+00   0.0000E+00   0.0000E+00   0.0000E+00   0.0000E+00
     5     9   0.0000E+00   0.0000E+00   0.0000E+00   0.0000E+00   0.0000E+00   0.0000E+00
     5    10   0.0000E+00   0.0000E+00   0.0000E+00   0.0000E+00   0.0000E+00   0.0000E+00
     5    11   0.0000E+00   0.0000E+00   0.0000E+00   0.0000E+00   0.0000E+00   0.0000E+00
     5    12   0.0000E+00   0.0000E+00   0.0000E+00   0.0000E+00   0.0000E+00   0.0000E+00
     5    13   0.0000E+00   0.0000E+00   0.0000E+00   0.0000E+00   0.0000E+00   0.0000E+00
     5    14   0.0000E+00   0.0000E+00   0.0000E+00   0.0000E+00   0.0000E+00   0.0000E+00
     5    15   0.0000E+00   0.0000E+00   0.0000E+00   0.0000E+00   0.0000E+00   0.0000E+00
     5    16   0.0000E+00   0.0000E+00   0.0000E+00   0.0000E+00   0.0000E+00   0.0000E+00
     5    17   0.0000E+00   0.0000E+00   0.0000E+00   0.0000E+00   0.0000E+00   0.0000E+00
     5    18   0.0000E+00   0.0000E+00   0.0000E+00   0.0000E+00   0.0000E+00   0.0000E+00
     5    19   0.0000E+00   0.0000E+00   0.0000E+00   0.0000E+00   0.0000E+00   0.0000E+00
     5    20   0.0000E+00   0.0000E+00   0.0000E+00   0.0000E+00   0.0000E+00   0.0000E+00
     5    21   0.0000E+00   0.0000E+00   0.0000E+00   0.0000E+00   0.0000E+00   0.0000E+00
     5    22   0.0000E+00   0.0000E+00   0.0000E+00   0.0000E+00   0.0000E+00   0.0000E+00
     5    23   0.0000E+00   0.0000E+00   0.0000E+00   0.0000E+00   0.0000E+00   0.0000E+00
     5    24   0.0000E+00   0.0000E+00   0.0000E+00   0.0000E+00   0.0000E+00   0.0000E+00
     5    25   0.0000E+00   0.0000E+00   0.0000E+00   0.0000E+00   0.0000E+00   0.0000E+00
     5    26   0.0000E+00   0.0000E+00   0.0000E+00   0.0000E+00   0.0000E+00   0.0000E+00
     5    27   0.0000E+00   0.0000E+00   0.0000E+00   0.0000E+00   0.0000E+00   0.0000E+00
     5    28   0.0000E+00   0.0000E+00   0.0000E+00   0.0000E+00   0.0000E+00   0.0000E+00
     5    29   0.0000E+00   0.0000E+00   0.0000E+00   0.0000E+00   0.0000E+00   0.0000E+00
     5    30   0.0000E+00   0.0000E+00   0.0000E+00   0.0000E+00   0.0000E+00   0.0000E+00
     5    31   0.0000E+00   0.0000E+00   0.0000E+00   0.0000E+00   0.0000E+00   0.0000E+00
     5    32   0.0000E+00   0.0000E+00   0.0000E+00   0.0000E+00   0.0000E+00   0.0000E+00
     6     1   0.0000E+00   0.0000E+00   0.0000E+00   0.0000E+00   0.0000E+00   0.0000E+00
     6     2   0.0000E+00   0.0000E+00   0.0000E+00   0.0000E+00   0.0000E+00   0.0000E+00
     6     3   0.0000E+00   0.0000E+00   0.0000E+00   0.0000E+00   0.0000E+00   0.0000E+00
     6     4   0.0000E+00   0.0000E+00   0.0000E+00   0.0000E+00   0.0000E+00   0.0000E+00
     6     5   0.0000E+00   0.0000E+00   0.0000E+00   0.0000E+00   0.0000E+00   0.0000E+00
     6     6   0.0000E+00   0.0000E+00   0.0000E+00   0.0000E+00   0.0000E+00   0.0000E+00
     6     7   0.0000E+00   0.0000E+00   0.0000E+00   0.0000E+00   0.0000E+00   0.0000E+00
     6     8   0.0000E+00   0.0000E+00   0.0000E+00   0.0000E+00   0.0000E+00   0.0000E+00
     6     9   0.0000E+00   0.0000E+00   0.0000E+00   0.0000E+00   0.0000E+00   0.0000E+00
     6    10   0.0000E+00   0.0000E+00   0.0000E+00   0.0000E+00   0.0000E+00   0.0000E+00
     6    11   0.0000E+00   0.0000E+00   0.0000E+00   0.0000E+00   0.0000E+00   0.0000E+00
     6    12   0.0000E+00   0.0000E+00   0.0000E+00   0.0000E+00   0.0000E+00   0.0000E+00
     6    13   0.0000E+00   0.0000E+00   0.0000E+00   0.0000E+00   0.0000E+00   0.0000E+00
     6    14   0.0000E+00   0.0000E+00   0.0000E+00   0.0000E+00   0.0000E+00   0.0000E+00
     6    15   0.0000E+00   0.0000E+00   0.0000E+00   0.0000E+00   0.0000E+00   0.0000E+00
     6    16   0.0000E+00   0.0000E+00   0.0000E+00   0.0000E+00   0.0000E+00   0.0000E+00
     6    17   0.0000E+00   0.0000E+00   0.0000E+00   0.0000E+00   0.0000E+00   0.0000E+00
     6    18   0.0000E+00   0.0000E+00   0.0000E+00   0.0000E+00   0.0000E+00   0.0000E+00
     6    19   0.0000E+00   0.0000E+00   0.0000E+00   0.0000E+00   0.0000E+00   0.0000E+00
     6    20   0.0000E+00   0.0000E+00   0.0000E+00   0.0000E+00   0.0000E+00   0.0000E+00
     6    21   0.0000E+00   0.0000E+00   0.0000E+00   0.0000E+00   0.0000E+00   0.0000E+00
     6    22   0.0000E+00   0.0000E+00   0.0000E+00   0.0000E+00   0.0000E+00   0.0000E+00
     6    23   0.0000E+00   0.0000E+00   0.0000E+00   0.0000E+00   0.0000E+00   0.0000E+00
     6    24   0.0000E+00   0.0000E+00   0.0000E+00   0.0000E+00   0.0000E+00   0.0000E+00
     6    25   0.0000E+00   0.0000E+00   0.0000E+00   0.0000E+00   0.0000E+00   0.0000E+00
     6    26   4.5995E+15   1.0000E+00   1.9048E-05   1.0000E+00   0.0000E+00   0.0000E+00
     6    27   0.0000E+00   0.0000E+00   0.0000E+00   0.0000E+00   0.0000E+00   0.0000E+00
     6    28   0.0000E+00   0.0000E+00   0.0000E+00   0.0000E+00   0.0000E+00   0.0000E+00
     6    29   0.0000E+00   0.0000E+00   0.0000E+00   0.0000E+00   0.0000E+00   0.0000E+00
     6    30   0.0000E+00   0.0000E+00   0.0000E+00   0.0000E+00   0.0000E+00   0.0000E+00
     6    31   0.0000E+00   0.0000E+00   0.0000E+00   0.0000E+00   0.0000E+00   0.0000E+00
     6    32   0.0000E+00   0.0000E+00   0.0000E+00   0.0000E+00   0.0000E+00   0.0000E+00
     7     1   0.0000E+00   0.0000E+00   0.0000E+00   0.0000E+00   0.0000E+00   0.0000E+00
     7     2   0.0000E+00   0.0000E+00   0.0000E+00   0.0000E+00   0.0000E+00   0.0000E+00
     7     3   0.0000E+00   0.0000E+00   0.0000E+00   0.0000E+00   0.0000E+00   0.0000E+00
     7     4   0.0000E+00   0.0000E+00   0.0000E+00   0.0000E+00   0.0000E+00   0.0000E+00
     7     5   0.0000E+00   0.0000E+00   0.0000E+00   0.0000E+00   0.0000E+00   0.0000E+00
     7     6   0.0000E+00   0.0000E+00   0.0000E+00   0.0000E+00   0.0000E+00   0.0000E+00
     7     7   0.0000E+00   0.0000E+00   0.0000E+00   0.0000E+00   0.0000E+00   0.0000E+00
     7     8   0.0000E+00   0.0000E+00   0.0000E+00   0.0000E+00   0.0000E+00   0.0000E+00
     7     9   0.0000E+00   0.0000E+00   0.0000E+00   0.0000E+00   0.0000E+00   0.0000E+00
     7    10   0.0000E+00   0.0000E+00   0.0000E+00   0.0000E+00   0.0000E+00   0.0000E+00
     7    11   0.0000E+00   0.0000E+00   0.0000E+00   0.0000E+00   0.0000E+00   0.0000E+00
     7    12   0.0000E+00   0.0000E+00   0.0000E+00   0.0000E+00   0.0000E+00   0.0000E+00
     7    13   0.0000E+00   0.0000E+00   0.0000E+00   0.0000E+00   0.0000E+00   0.0000E+00
     7    14   0.0000E+00   0.0000E+00   0.0000E+00   0.0000E+00   0.0000E+00   0.0000E+00
     7    15   0.0000E+00   0.0000E+00   0.0000E+00   0.0000E+00   0.0000E+00   0.0000E+00
     7    16   0.0000E+00   0.0000E+00   0.0000E+00   0.0000E+00   0.0000E+00   0.0000E+00
     7    17   0.0000E+00   0.0000E+00   0.0000E+00   0.0000E+00   0.0000E+00   0.0000E+00
     7    18   0.0000E+00   0.0000E+00   0.0000E+00   0.0000E+00   0.0000E+00   0.0000E+00
     7    19   0.0000E+00   0.0000E+00   0.0000E+00   0.0000E+00   0.0000E+00   0.0000E+00
     7    20   0.0000E+00   0.0000E+00   0.0000E+00   0.0000E+00   0.0000E+00   0.0000E+00
     7    21   0.0000E+00   0.0000E+00   0.0000E+00   0.0000E+00   0.0000E+00   0.0000E+00
     7    22   0.0000E+00   0.0000E+00   0.0000E+00   0.0000E+00   0.0000E+00   0.0000E+00
     7    23   0.0000E+00   0.0000E+00   0.0000E+00   0.0000E+00   0.0000E+00   0.0000E+00
     7    24   0.0000E+00   0.0000E+00   0.0000E+00   0.0000E+00   0.0000E+00   0.0000E+00
     7    25   6.8461E+15   1.0000E+00   2.8353E-05   1.0000E+00   0.0000E+00   0.0000E+00
     7    26   0.0000E+00   0.0000E+00   0.0000E+00   0.0000E+00   0.0000E+00   0.0000E+00
     7    27   4.9524E+16   1.0000E+00   2.0510E-04   1.0000E+00   0.0000E+00   0.0000E+00
     7    28   0.0000E+00   0.0000E+00   0.0000E+00   0.0000E+00   0.0000E+00   0.0000E+00
     7    29   0.0000E+00   0.0000E+00   0.0000E+00   0.0000E+00   0.0000E+00   0.0000E+00
     7    30   0.0000E+00   0.0000E+00   0.0000E+00   0.0000E+00   0.0000E+00   0.0000E+00
     7    31   0.0000E+00   0.0000E+00   0.0000E+00   0.0000E+00   0.0000E+00   0.0000E+00
     7    32   0.0000E+00   0.0000E+00   0.0000E+00   0.0000E+00   0.0000E+00   0.0000E+00
     8     1   0.0000E+00   0.0000E+00   0.0000E+00   0.0000E+00   0.0000E+00   0.0000E+00
     8     2   0.0000E+00   0.0000E+00   0.0000E+00   0.0000E+00   0.0000E+00   0.0000E+00
     8     3   0.0000E+00   0.0000E+00   0.0000E+00   0.0000E+00   0.0000E+00   0.0000E+00
     8     4   0.0000E+00   0.0000E+00   0.0000E+00   0.0000E+00   0.0000E+00   0.0000E+00
     8     5   0.0000E+00   0.0000E+00   0.0000E+00   0.0000E+00   0.0000E+00   0.0000E+00
     8     6   0.0000E+00   0.0000E+00   0.0000E+00   0.0000E+00   0.0000E+00   0.0000E+00
     8     7   0.0000E+00   0.0000E+00   0.0000E+00   0.0000E+00   0.0000E+00   0.0000E+00
     8     8   0.0000E+00   0.0000E+00   0.0000E+00   0.0000E+00   0.0000E+00   0.0000E+00
     8     9   0.0000E+00   0.0000E+00   0.0000E+00   0.0000E+00   0.0000E+00   0.0000E+00
     8    10   0.0000E+00   0.0000E+00   0.0000E+00   0.0000E+00   0.0000E+00   0.0000E+00
     8    11   0.0000E+00   0.0000E+00   0.0000E+00   0.0000E+00   0.0000E+00   0.0000E+00
     8    12   0.0000E+00   0.0000E+00   0.0000E+00   0.0000E+00   0.0000E+00   0.0000E+00
     8    13   0.0000E+00   0.0000E+00   0.0000E+00   0.0000E+00   0.0000E+00   0.0000E+00
     8    14   0.0000E+00   0.0000E+00   0.0000E+00   0.0000E+00   0.0000E+00   0.0000E+00
     8    15   0.0000E+00   0.0000E+00   0.0000E+00   0.0000E+00   0.0000E+00   0.0000E+00
     8    16   0.0000E+00   0.0000E+00   0.0000E+00   0.0000E+00   0.0000E+00   0.0000E+00
     8    17   0.0000E+00   0.0000E+00   0.0000E+00   0.0000E+00   0.0000E+00   0.0000E+00
     8    18   0.0000E+00   0.0000E+00   0.0000E+00   0.0000E+00   0.0000E+00   0.0000E+00
     8    19   0.0000E+00   0.0000E+00   0.0000E+00   0.0000E+00   0.0000E+00   0.0000E+00
     8    20   0.0000E+00   0.0000E+00   0.0000E+00   0.0000E+00   0.0000E+00   0.0000E+00
     8    21   0.0000E+00   0.0000E+00   0.0000E+00   0.0000E+00   0.0000E+00   0.0000E+00
     8    22   0.0000E+00   0.0000E+00   0.0000E+00   0.0000E+00   0.0000E+00   0.0000E+00
     8    23   0.0000E+00   0.0000E+00   0.0000E+00   0.0000E+00   0.0000E+00   0.0000E+00
     8    24   0.0000E+00   0.0000E+00   0.0000E+00   0.0000E+00   0.0000E+00   0.0000E+00
     8    25   0.0000E+00   0.0000E+00   0.0000E+00   0.0000E+00   0.0000E+00   0.0000E+00
     8    26   0.0000E+00   0.0000E+00   0.0000E+00   0.0000E+00   0.0000E+00   0.0000E+00
     8    27   0.0000E+00   0.0000E+00   0.0000E+00   0.0000E+00   0.0000E+00   0.0000E+00
     8    28   0.0000E+00   0.0000E+00   0.0000E+00   0.0000E+00   0.0000E+00   0.0000E+00
     8    29   0.0000E+00   0.0000E+00   0.0000E+00   0.0000E+00   0.0000E+00   0.0000E+00
     8    30   0.0000E+00   0.0000E+00   0.0000E+00   0.0000E+00   0.0000E+00   0.0000E+00
     8    31   0.0000E+00   0.0000E+00   0.0000E+00   0.0000E+00   0.0000E+00   0.0000E+00
     8    32   0.0000E+00   0.0000E+00   0.0000E+00   0.0000E+00   0.0000E+00   0.0000E+00
     9     1   0.0000E+00   0.0000E+00   0.0000E+00   0.0000E+00   0.0000E+00   0.0000E+00
     9     2   0.0000E+00   0.0000E+00   0.0000E+00   0.0000E+00   0.0000E+00   0.0000E+00
     9     3   0.0000E+00   0.0000E+00   0.0000E+00   0.0000E+00   0.0000E+00   0.0000E+00
     9     4   0.0000E+00   0.0000E+00   0.0000E+00   0.0000E+00   0.0000E+00   0.0000E+00
     9     5   0.0000E+00   0.0000E+00   0.0000E+00   0.0000E+00   0.0000E+00   0.0000E+00
     9     6   0.0000E+00   0.0000E+00   0.0000E+00   0.0000E+00   0.0000E+00   0.0000E+00
     9     7   0.0000E+00   0.0000E+00   0.0000E+00   0.0000E+00   0.0000E+00   0.0000E+00
     9     8   0.0000E+00   0.0000E+00   0.0000E+00   0.0000E+00   0.0000E+00   0.0000E+00
     9     9   0.0000E+00   0.0000E+00   0.0000E+00   0.0000E+00   0.0000E+00   0.0000E+00
     9    10   0.0000E+00   0.0000E+00   0.0000E+00   0.0000E+00   0.0000E+00   0.0000E+00
     9    11   0.0000E+00   0.0000E+00   0.0000E+00   0.0000E+00   0.0000E+00   0.0000E+00
     9    12   0.0000E+00   0.0000E+00   0.0000E+00   0.0000E+00   0.0000E+00   0.0000E+00
     9    13   0.0000E+00   0.0000E+00   0.0000E+00   0.0000E+00   0.0000E+00   0.0000E+00
     9    14   0.0000E+00   0.0000E+00   0.0000E+00   0.0000E+00   0.0000E+00   0.0000E+00
     9    15   0.0000E+00   0.0000E+00   0.0000E+00   0.0000E+00   0.0000E+00   0.0000E+00
     9    16   0.0000E+00   0.0000E+00   0.0000E+00   0.0000E+00   0.0000E+00   0.0000E+00
     9    17   0.0000E+00   0.0000E+00   0.0000E+00   0.0000E+00   0.0000E+00   0.0000E+00
     9    18   0.0000E+00   0.0000E+00   0.0000E+00   0.0000E+00   0.0000E+00   0.0000E+00
     9    19   0.0000E+00   0.0000E+00   0.0000E+00   0.0000E+00   0.0000E+00   0.0000E+00
     9    20   0.0000E+00   0.0000E+00   0.0000E+00   0.0000E+00   0.0000E+00   0.0000E+00
     9    21   0.0000E+00   0.0000E+00   0.0000E+00   0.0000E+00   0.0000E+00   0.0000E+00
     9    22   0.0000E+00   0.0000E+00   0.0000E+00   0.0000E+00   0.0000E+00   0.0000E+00
     9    23   0.0000E+00   0.0000E+00   0.0000E+00   0.0000E+00   0.0000E+00   0.0000E+00
     9    24   0.0000E+00   0.0000E+00   0.0000E+00   0.0000E+00   0.0000E+00   0.0000E+00
     9    25   0.0000E+00   0.0000E+00   0.0000E+00   0.0000E+00   0.0000E+00   0.0000E+00
     9    26   0.0000E+00   0.0000E+00   0.0000E+00   0.0000E+00   0.0000E+00   0.0000E+00
     9    27   0.0000E+00   0.0000E+00   0.0000E+00   0.0000E+00   0.0000E+00   0.0000E+00
     9    28   1.3710E+16   1.0000E+00   5.6780E-05   1.0000E+00   0.0000E+00   0.0000E+00
     9    29   0.0000E+00   0.0000E+00   0.0000E+00   0.0000E+00   0.0000E+00   0.0000E+00
     9    30   0.0000E+00   0.0000E+00   0.0000E+00   0.0000E+00   0.0000E+00   0.0000E+00
     9    31   0.0000E+00   0.0000E+00   0.0000E+00   0.0000E+00   0.0000E+00   0.0000E+00
     9    32   0.0000E+00   0.0000E+00   0.0000E+00   0.0000E+00   0.0000E+00   0.0000E+00
    10     1   0.0000E+00   0.0000E+00   0.0000E+00   0.0000E+00   0.0000E+00   0.0000E+00
    10     2   0.0000E+00   0.0000E+00   0.0000E+00   0.0000E+00   0.0000E+00   0.0000E+00
    10     3   0.0000E+00   0.0000E+00   0.0000E+00   0.0000E+00   0.0000E+00   0.0000E+00
    10     4   0.0000E+00   0.0000E+00   0.0000E+00   0.0000E+00   0.0000E+00   0.0000E+00
    10     5   0.0000E+00   0.0000E+00   0.0000E+00   0.0000E+00   0.0000E+00   0.0000E+00
    10     6   0.0000E+00   0.0000E+00   0.0000E+00   0.0000E+00   0.0000E+00   0.0000E+00
    10     7   0.0000E+00   0.0000E+00   0.0000E+00   0.0000E+00   0.0000E+00   0.0000E+00
    10     8   0.0000E+00   0.0000E+00   0.0000E+00   0.0000E+00   0.0000E+00   0.0000E+00
    10     9   0.0000E+00   0.0000E+00   0.0000E+00   0.0000E+00   0.0000E+00   0.0000E+00
    10    10   0.0000E+00   0.0000E+00   0.0000E+00   0.0000E+00   0.0000E+00   0.0000E+00
    10    11   0.0000E+00   0.0000E+00   0.0000E+00   0.0000E+00   0.0000E+00   0.0000E+00
    10    12   0.0000E+00   0.0000E+00   0.0000E+00   0.0000E+00   0.0000E+00   0.0000E+00
    10    13   0.0000E+00   0.0000E+00   0.0000E+00   0.0000E+00   0.0000E+00   0.0000E+00
    10    14   0.0000E+00   0.0000E+00   0.0000E+00   0.0000E+00   0.0000E+00   0.0000E+00
    10    15   0.0000E+00   0.0000E+00   0.0000E+00   0.0000E+00   0.0000E+00   0.0000E+00
    10    16   0.0000E+00   0.0000E+00   0.0000E+00   0.0000E+00   0.0000E+00   0.0000E+00
    10    17   0.0000E+00   0.0000E+00   0.0000E+00   0.0000E+00   0.0000E+00   0.0000E+00
    10    18   0.0000E+00   0.0000E+00   0.0000E+00   0.0000E+00   0.0000E+00   0.0000E+00
    10    19   0.0000E+00   0.0000E+00   0.0000E+00   0.0000E+00   0.0000E+00   0.0000E+00
    10    20   0.0000E+00   0.0000E+00   0.0000E+00   0.0000E+00   0.0000E+00   0.0000E+00
    10    21   0.0000E+00   0.0000E+00   0.0000E+00   0.0000E+00   0.0000E+00   0.0000E+00
    10    22   1.3786E+13   1.0000E+00   5.7095E-08   1.0000E+00   0.0000E+00   0.0000E+00
    10    23   0.0000E+00   0.0000E+00   0.0000E+00   0.0000E+00   0.0000E+00   0.0000E+00
    10    24   1.0328E+15   1.0000E+00   4.2772E-06   1.0000E+00   0.0000E+00   0.0000E+00
    10    25   0.0000E+00   0.0000E+00   0.0000E+00   0.0000E+00   0.0000E+00   0.0000E+00
    10    26   0.0000E+00   0.0000E+00   0.0000E+00   0.0000E+00   0.0000E+00   0.0000E+00
    10    27   0.0000E+00   0.0000E+00   0.0000E+00   0.0000E+00   0.0000E+00   0.0000E+00
    10    28   0.0000E+00   0.0000E+00   0.0000E+00   0.0000E+00   0.0000E+00   0.0000E+00
    10    29   0.0000E+00   0.0000E+00   0.0000E+00   0.0000E+00   0.0000E+00   0.0000E+00
    10    30   0.0000E+00   0.0000E+00   0.0000E+00   0.0000E+00   0.0000E+00   0.0000E+00
    10    31   0.0000E+00   0.0000E+00   0.0000E+00   0.0000E+00   0.0000E+00   0.0000E+00
    10    32   0.0000E+00   0.0000E+00   0.0000E+00   0.0000E+00   0.0000E+00   0.0000E+00
    11     1   0.0000E+00   0.0000E+00   0.0000E+00   0.0000E+00   0.0000E+00   0.0000E+00
    11     2   0.0000E+00   0.0000E+00   0.0000E+00   0.0000E+00   0.0000E+00   0.0000E+00
    11     3   0.0000E+00   0.0000E+00   0.0000E+00   0.0000E+00   0.0000E+00   0.0000E+00
    11     4   0.0000E+00   0.0000E+00   0.0000E+00   0.0000E+00   0.0000E+00   0.0000E+00
    11     5   0.0000E+00   0.0000E+00   0.0000E+00   0.0000E+00   0.0000E+00   0.0000E+00
    11     6   0.0000E+00   0.0000E+00   0.0000E+00   0.0000E+00   0.0000E+00   0.0000E+00
    11     7   0.0000E+00   0.0000E+00   0.0000E+00   0.0000E+00   0.0000E+00   0.0000E+00
    11     8   0.0000E+00   0.0000E+00   0.0000E+00   0.0000E+00   0.0000E+00   0.0000E+00
    11     9   0.0000E+00   0.0000E+00   0.0000E+00   0.0000E+00   0.0000E+00   0.0000E+00
    11    10   0.0000E+00   0.0000E+00   0.0000E+00   0.0000E+00   0.0000E+00   0.0000E+00
    11    11   0.0000E+00   0.0000E+00   0.0000E+00   0.0000E+00   0.0000E+00   0.0000E+00
    11    12   0.0000E+00   0.0000E+00   0.0000E+00   0.0000E+00   0.0000E+00   0.0000E+00
    11    13   0.0000E+00   0.0000E+00   0.0000E+00   0.0000E+00   0.0000E+00   0.0000E+00
    11    14   0.0000E+00   0.0000E+00   0.0000E+00   0.0000E+00   0.0000E+00   0.0000E+00
    11    15   0.0000E+00   0.0000E+00   0.0000E+00   0.0000E+00   0.0000E+00   0.0000E+00
    11    16   0.0000E+00   0.0000E+00   0.0000E+00   0.0000E+00   0.0000E+00   0.0000E+00
    11    17   0.0000E+00   0.0000E+00   0.0000E+00   0.0000E+00   0.0000E+00   0.0000E+00
    11    18   0.0000E+00   0.0000E+00   0.0000E+00   0.0000E+00   0.0000E+00   0.0000E+00
    11    19   0.0000E+00   0.0000E+00   0.0000E+00   0.0000E+00   0.0000E+00   0.0000E+00
    11    20   0.0000E+00   0.0000E+00   0.0000E+00   0.0000E+00   0.0000E+00   0.0000E+00
    11    21   4.8630E+14   1.0000E+00   2.0140E-06   1.0000E+00   0.0000E+00   0.0000E+00
    11    22   0.0000E+00   0.0000E+00   0.0000E+00   0.0000E+00   0.0000E+00   0.0000E+00
    11    23   0.0000E+00   0.0000E+00   0.0000E+00   0.0000E+00   0.0000E+00   0.0000E+00
    11    24   0.0000E+00   0.0000E+00   0.0000E+00   0.0000E+00   0.0000E+00   0.0000E+00
    11    25   0.0000E+00   0.0000E+00   0.0000E+00   0.0000E+00   0.0000E+00   0.0000E+00
    11    26   0.0000E+00   0.0000E+00   0.0000E+00   0.0000E+00   0.0000E+00   0.0000E+00
    11    27   0.0000E+00   0.0000E+00   0.0000E+00   0.0000E+00   0.0000E+00   0.0000E+00
    11    28   0.0000E+00   0.0000E+00   0.0000E+00   0.0000E+00   0.0000E+00   0.0000E+00
    11    29   0.0000E+00   0.0000E+00   0.0000E+00   0.0000E+00   0.0000E+00   0.0000E+00
    11    30   0.0000E+00   0.0000E+00   0.0000E+00   0.0000E+00   0.0000E+00   0.0000E+00
    11    31   0.0000E+00   0.0000E+00   0.0000E+00   0.0000E+00   0.0000E+00   0.0000E+00
    11    32   0.0000E+00   0.0000E+00   0.0000E+00   0.0000E+00   0.0000E+00   0.0000E+00
    12     1   0.0000E+00   0.0000E+00   0.0000E+00   0.0000E+00   0.0000E+00   0.0000E+00
    12     2   0.0000E+00   0.0000E+00   0.0000E+00   0.0000E+00   0.0000E+00   0.0000E+00
    12     3   0.0000E+00   0.0000E+00   0.0000E+00   0.0000E+00   0.0000E+00   0.0000E+00
    12     4   0.0000E+00   0.0000E+00   0.0000E+00   0.0000E+00   0.0000E+00   0.0000E+00
    12     5   0.0000E+00   0.0000E+00   0.0000E+00   0.0000E+00   0.0000E+00   0.0000E+00
    12     6   0.0000E+00   0.0000E+00   0.0000E+00   0.0000E+00   0.0000E+00   0.0000E+00
    12     7   0.0000E+00   0.0000E+00   0.0000E+00   0.0000E+00   0.0000E+00   0.0000E+00
    12     8   0.0000E+00   0.0000E+00   0.0000E+00   0.0000E+00   0.0000E+00   0.0000E+00
    12     9   0.0000E+00   0.0000E+00   0.0000E+00   0.0000E+00   0.0000E+00   0.0000E+00
    12    10   0.0000E+00   0.0000E+00   0.0000E+00   0.0000E+00   0.0000E+00   0.0000E+00
    12    11   0.0000E+00   0.0000E+00   0.0000E+00   0.0000E+00   0.0000E+00   0.0000E+00
    12    12   0.0000E+00   0.0000E+00   0.0000E+00   0.0000E+00   0.0000E+00   0.0000E+00
    12    13   0.0000E+00   0.0000E+00   0.0000E+00   0.0000E+00   0.0000E+00   0.0000E+00
    12    14   0.0000E+00   0.0000E+00   0.0000E+00   0.0000E+00   0.0000E+00   0.0000E+00
    12    15   0.0000E+00   0.0000E+00   0.0000E+00   0.0000E+00   0.0000E+00   0.0000E+00
    12    16   5.5729E+15   1.0000E+00   2.3080E-05   1.0000E+00   0.0000E+00   0.0000E+00
    12    17   0.0000E+00   0.0000E+00   0.0000E+00   0.0000E+00   0.0000E+00   0.0000E+00
    12    18   0.0000E+00   0.0000E+00   0.0000E+00   0.0000E+00   0.0000E+00   0.0000E+00
    12    19   0.0000E+00   0.0000E+00   0.0000E+00   0.0000E+00   0.0000E+00   0.0000E+00
    12    20   2.4312E+14   1.0000E+00   1.0069E-06   1.0000E+00   0.0000E+00   0.0000E+00
    12    21   0.0000E+00   0.0000E+00   0.0000E+00   0.0000E+00   0.0000E+00   0.0000E+00
    12    22   0.0000E+00   0.0000E+00   0.0000E+00   0.0000E+00   0.0000E+00   0.0000E+00
    12    23   0.0000E+00   0.0000E+00   0.0000E+00   0.0000E+00   0.0000E+00   0.0000E+00
    12    24   0.0000E+00   0.0000E+00   0.0000E+00   0.0000E+00   0.0000E+00   0.0000E+00
    12    25   0.0000E+00   0.0000E+00   0.0000E+00   0.0000E+00   0.0000E+00   0.0000E+00
    12    26   0.0000E+00   0.0000E+00   0.0000E+00   0.0000E+00   0.0000E+00   0.0000E+00
    12    27   0.0000E+00   0.0000E+00   0.0000E+00   0.0000E+00   0.0000E+00   0.0000E+00
    12    28   0.0000E+00   0.0000E+00   0.0000E+00   0.0000E+00   0.0000E+00   0.0000E+00
    12    29   0.0000E+00   0.0000E+00   0.0000E+00   0.0000E+00   0.0000E+00   0.0000E+00
    12    30   0.0000E+00   0.0000E+00   0.0000E+00   0.0000E+00   0.0000E+00   0.0000E+00
    12    31   0.0000E+00   0.0000E+00   0.0000E+00   0.0000E+00   0.0000E+00   0.0000E+00
    12    32   0.0000E+00   0.0000E+00   0.0000E+00   0.0000E+00   0.0000E+00   0.0000E+00
    13     1   0.0000E+00   0.0000E+00   0.0000E+00   0.0000E+00   0.0000E+00   0.0000E+00
    13     2   0.0000E+00   0.0000E+00   0.0000E+00   0.0000E+00   0.0000E+00   0.0000E+00
    13     3   0.0000E+00   0.0000E+00   0.0000E+00   0.0000E+00   0.0000E+00   0.0000E+00
    13     4   0.0000E+00   0.0000E+00   0.0000E+00   0.0000E+00   0.0000E+00   0.0000E+00
    13     5   0.0000E+00   0.0000E+00   0.0000E+00   0.0000E+00   0.0000E+00   0.0000E+00
    13     6   0.0000E+00   0.0000E+00   0.0000E+00   0.0000E+00   0.0000E+00   0.0000E+00
    13     7   0.0000E+00   0.0000E+00   0.0000E+00   0.0000E+00   0.0000E+00   0.0000E+00
    13     8   0.0000E+00   0.0000E+00   0.0000E+00   0.0000E+00   0.0000E+00   0.0000E+00
    13     9   0.0000E+00   0.0000E+00   0.0000E+00   0.0000E+00   0.0000E+00   0.0000E+00
    13    10   0.0000E+00   0.0000E+00   0.0000E+00   0.0000E+00   0.0000E+00   0.0000E+00
    13    11   0.0000E+00   0.0000E+00   0.0000E+00   0.0000E+00   0.0000E+00   0.0000E+00
    13    12   0.0000E+00   0.0000E+00   0.0000E+00   0.0000E+00   0.0000E+00   0.0000E+00
    13    13   0.0000E+00   0.0000E+00   0.0000E+00   0.0000E+00   0.0000E+00   0.0000E+00
    13    14   0.0000E+00   0.0000E+00   0.0000E+00   0.0000E+00   0.0000E+00   0.0000E+00
    13    15   0.0000E+00   0.0000E+00   0.0000E+00   0.0000E+00   0.0000E+00   0.0000E+00
    13    16   0.0000E+00   0.0000E+00   0.0000E+00   0.0000E+00   0.0000E+00   0.0000E+00
    13    17   0.0000E+00   0.0000E+00   0.0000E+00   0.0000E+00   0.0000E+00   0.0000E+00
    13    18   0.0000E+00   0.0000E+00   0.0000E+00   0.0000E+00   0.0000E+00   0.0000E+00
    13    19   0.0000E+00   0.0000E+00   0.0000E+00   0.0000E+00   0.0000E+00   0.0000E+00
    13    20   1.8052E+17   1.0000E+00   7.4762E-04   1.0000E+00   0.0000E+00   0.0000E+00
    13    21   1.1748E+16   1.0000E+00   4.8653E-05   1.0000E+00   0.0000E+00   0.0000E+00
    13    22   0.0000E+00   0.0000E+00   0.0000E+00   0.0000E+00   0.0000E+00   0.0000E+00
    13    23   0.0000E+00   0.0000E+00   0.0000E+00   0.0000E+00   0.0000E+00   0.0000E+00
    13    24   0.0000E+00   0.0000E+00   0.0000E+00   0.0000E+00   0.0000E+00   0.0000E+00
    13    25   0.0000E+00   0.0000E+00   0.0000E+00   0.0000E+00   0.0000E+00   0.0000E+00
    13    26   0.0000E+00   0.0000E+00   0.0000E+00   0.0000E+00   0.0000E+00   0.0000E+00
    13    27   0.0000E+00   0.0000E+00   0.0000E+00   0.0000E+00   0.0000E+00   0.0000E+00
    13    28   0.0000E+00   0.0000E+00   0.0000E+00   0.0000E+00   0.0000E+00   0.0000E+00
    13    29   0.0000E+00   0.0000E+00   0.0000E+00   0.0000E+00   0.0000E+00   0.0000E+00
    13    30   0.0000E+00   0.0000E+00   0.0000E+00   0.0000E+00   0.0000E+00   0.0000E+00
    13    31   0.0000E+00   0.0000E+00   0.0000E+00   0.0000E+00   0.0000E+00   0.0000E+00
    13    32   0.0000E+00   0.0000E+00   0.0000E+00   0.0000E+00   0.0000E+00   0.0000E+00
    14     1   0.0000E+00   0.0000E+00   0.0000E+00   0.0000E+00   0.0000E+00   0.0000E+00
    14     2   0.0000E+00   0.0000E+00   0.0000E+00   0.0000E+00   0.0000E+00   0.0000E+00
    14     3   0.0000E+00   0.0000E+00   0.0000E+00   0.0000E+00   0.0000E+00   0.0000E+00
    14     4   0.0000E+00   0.0000E+00   0.0000E+00   0.0000E+00   0.0000E+00   0.0000E+00
    14     5   0.0000E+00   0.0000E+00   0.0000E+00   0.0000E+00   0.0000E+00   0.0000E+00
    14     6   0.0000E+00   0.0000E+00   0.0000E+00   0.0000E+00   0.0000E+00   0.0000E+00
    14     7   0.0000E+00   0.0000E+00   0.0000E+00   0.0000E+00   0.0000E+00   0.0000E+00
    14     8   0.0000E+00   0.0000E+00   0.0000E+00   0.0000E+00   0.0000E+00   0.0000E+00
    14     9   0.0000E+00   0.0000E+00   0.0000E+00   0.0000E+00   0.0000E+00   0.0000E+00
    14    10   0.0000E+00   0.0000E+00   0.0000E+00   0.0000E+00   0.0000E+00   0.0000E+00
    14    11   0.0000E+00   0.0000E+00   0.0000E+00   0.0000E+00   0.0000E+00   0.0000E+00
    14    12   0.0000E+00   0.0000E+00   0.0000E+00   0.0000E+00   0.0000E+00   0.0000E+00
    14    13   0.0000E+00   0.0000E+00   0.0000E+00   0.0000E+00   0.0000E+00   0.0000E+00
    14    14   0.0000E+00   0.0000E+00   0.0000E+00   0.0000E+00   0.0000E+00   0.0000E+00
    14    15   0.0000E+00   0.0000E+00   0.0000E+00   0.0000E+00   0.0000E+00   0.0000E+00
    14    16   0.0000E+00   0.0000E+00   0.0000E+00   0.0000E+00   0.0000E+00   0.0000E+00
    14    17   0.0000E+00   0.0000E+00   0.0000E+00   0.0000E+00   0.0000E+00   0.0000E+00
    14    18   0.0000E+00   0.0000E+00   0.0000E+00   0.0000E+00   0.0000E+00   0.0000E+00
    14    19   0.0000E+00   0.0000E+00   0.0000E+00   0.0000E+00   0.0000E+00   0.0000E+00
    14    20   1.1048E+16   1.0000E+00   4.5754E-05   1.0000E+00   0.0000E+00   0.0000E+00
    14    21   0.0000E+00   0.0000E+00   0.0000E+00   0.0000E+00   0.0000E+00   0.0000E+00
    14    22   0.0000E+00   0.0000E+00   0.0000E+00   0.0000E+00   0.0000E+00   0.0000E+00
    14    23   0.0000E+00   0.0000E+00   0.0000E+00   0.0000E+00   0.0000E+00   0.0000E+00
    14    24   0.0000E+00   0.0000E+00   0.0000E+00   0.0000E+00   0.0000E+00   0.0000E+00
    14    25   0.0000E+00   0.0000E+00   0.0000E+00   0.0000E+00   0.0000E+00   0.0000E+00
    14    26   0.0000E+00   0.0000E+00   0.0000E+00   0.0000E+00   0.0000E+00   0.0000E+00
    14    27   0.0000E+00   0.0000E+00   0.0000E+00   0.0000E+00   0.0000E+00   0.0000E+00
    14    28   0.0000E+00   0.0000E+00   0.0000E+00   0.0000E+00   0.0000E+00   0.0000E+00
    14    29   0.0000E+00   0.0000E+00   0.0000E+00   0.0000E+00   0.0000E+00   0.0000E+00
    14    30   0.0000E+00   0.0000E+00   0.0000E+00   0.0000E+00   0.0000E+00   0.0000E+00
    14    31   0.0000E+00   0.0000E+00   0.0000E+00   0.0000E+00   0.0000E+00   0.0000E+00
    14    32   0.0000E+00   0.0000E+00   0.0000E+00   0.0000E+00   0.0000E+00   0.0000E+00
    15     1   0.0000E+00   0.0000E+00   0.0000E+00   0.0000E+00   0.0000E+00   0.0000E+00
    15     2   0.0000E+00   0.0000E+00   0.0000E+00   0.0000E+00   0.0000E+00   0.0000E+00
    15     3   0.0000E+00   0.0000E+00   0.0000E+00   0.0000E+00   0.0000E+00   0.0000E+00
    15     4   0.0000E+00   0.0000E+00   0.0000E+00   0.0000E+00   0.0000E+00   0.0000E+00
    15     5   0.0000E+00   0.0000E+00   0.0000E+00   0.0000E+00   0.0000E+00   0.0000E+00
    15     6   0.0000E+00   0.0000E+00   0.0000E+00   0.0000E+00   0.0000E+00   0.0000E+00
    15     7   0.0000E+00   0.0000E+00   0.0000E+00   0.0000E+00   0.0000E+00   0.0000E+00
    15     8   0.0000E+00   0.0000E+00   0.0000E+00   0.0000E+00   0.0000E+00   0.0000E+00
    15     9   0.0000E+00   0.0000E+00   0.0000E+00   0.0000E+00   0.0000E+00   0.0000E+00
    15    10   0.0000E+00   0.0000E+00   0.0000E+00   0.0000E+00   0.0000E+00   0.0000E+00
    15    11   0.0000E+00   0.0000E+00   0.0000E+00   0.0000E+00   0.0000E+00   0.0000E+00
    15    12   0.0000E+00   0.0000E+00   0.0000E+00   0.0000E+00   0.0000E+00   0.0000E+00
    15    13   0.0000E+00   0.0000E+00   0.0000E+00   0.0000E+00   0.0000E+00   0.0000E+00
    15    14   0.0000E+00   0.0000E+00   0.0000E+00   0.0000E+00   0.0000E+00   0.0000E+00
    15    15   0.0000E+00   0.0000E+00   0.0000E+00   0.0000E+00   0.0000E+00   0.0000E+00
    15    16   0.0000E+00   0.0000E+00   0.0000E+00   0.0000E+00   0.0000E+00   0.0000E+00
    15    17   0.0000E+00   0.0000E+00   0.0000E+00   0.0000E+00   0.0000E+00   0.0000E+00
    15    18   0.0000E+00   0.0000E+00   0.0000E+00   0.0000E+00   0.0000E+00   0.0000E+00
    15    19   0.0000E+00   0.0000E+00   0.0000E+00   0.0000E+00   0.0000E+00   0.0000E+00
    15    20   0.0000E+00   0.0000E+00   0.0000E+00   0.0000E+00   0.0000E+00   0.0000E+00
    15    21   0.0000E+00   0.0000E+00   0.0000E+00   0.0000E+00   0.0000E+00   0.0000E+00
    15    22   0.0000E+00   0.0000E+00   0.0000E+00   0.0000E+00   0.0000E+00   0.0000E+00
    15    23   0.0000E+00   0.0000E+00   0.0000E+00   0.0000E+00   0.0000E+00   0.0000E+00
    15    24   0.0000E+00   0.0000E+00   0.0000E+00   0.0000E+00   0.0000E+00   0.0000E+00
    15    25   0.0000E+00   0.0000E+00   0.0000E+00   0.0000E+00   0.0000E+00   0.0000E+00
    15    26   0.0000E+00   0.0000E+00   0.0000E+00   0.0000E+00   0.0000E+00   0.0000E+00
    15    27   0.0000E+00   0.0000E+00   0.0000E+00   0.0000E+00   0.0000E+00   0.0000E+00
    15    28   0.0000E+00   0.0000E+00   0.0000E+00   0.0000E+00   0.0000E+00   0.0000E+00
    15    29   0.0000E+00   0.0000E+00   0.0000E+00   0.0000E+00   0.0000E+00   0.0000E+00
    15    30   0.0000E+00   0.0000E+00   0.0000E+00   0.0000E+00   0.0000E+00   0.0000E+00
    15    31   0.0000E+00   0.0000E+00   0.0000E+00   0.0000E+00   0.0000E+00   0.0000E+00
    15    32   0.0000E+00   0.0000E+00   0.0000E+00   0.0000E+00   0.0000E+00   0.0000E+00
    16     1   0.0000E+00   0.0000E+00   0.0000E+00   0.0000E+00   0.0000E+00   0.0000E+00
    16     2   0.0000E+00   0.0000E+00   0.0000E+00   0.0000E+00   0.0000E+00   0.0000E+00
    16     3   0.0000E+00   0.0000E+00   0.0000E+00   0.0000E+00   0.0000E+00   0.0000E+00
    16     4   0.0000E+00   0.0000E+00   0.0000E+00   0.0000E+00   0.0000E+00   0.0000E+00
    16     5   0.0000E+00   0.0000E+00   0.0000E+00   0.0000E+00   0.0000E+00   0.0000E+00
    16     6   0.0000E+00   0.0000E+00   0.0000E+00   0.0000E+00   0.0000E+00   0.0000E+00
    16     7   0.0000E+00   0.0000E+00   0.0000E+00   0.0000E+00   0.0000E+00   0.0000E+00
    16     8   4.5803E+12   1.0000E+00   1.8969E-08   1.0000E+00   0.0000E+00   0.0000E+00
    16     9   0.0000E+00   0.0000E+00   0.0000E+00   0.0000E+00   0.0000E+00   0.0000E+00
    16    10   7.7627E+14   1.0000E+00   3.2148E-06   1.0000E+00   0.0000E+00   0.0000E+00
    16    11   0.0000E+00   0.0000E+00   0.0000E+00   0.0000E+00   0.0000E+00   0.0000E+00
    16    12   0.0000E+00   0.0000E+00   0.0000E+00   0.0000E+00   0.0000E+00   0.0000E+00
    16    13   0.0000E+00   0.0000E+00   0.0000E+00   0.0000E+00   0.0000E+00   0.0000E+00
    16    14   2.6850E+13   1.0000E+00   1.1120E-07   1.0000E+00   0.0000E+00   0.0000E+00
    16    15   0.0000E+00   0.0000E+00   0.0000E+00   0.0000E+00   0.0000E+00   0.0000E+00
    16    16   2.5369E+14   1.0000E+00   1.0506E-06   1.0000E+00   0.0000E+00   0.0000E+00
    16    17   0.0000E+00   0.0000E+00   0.0000E+00   0.0000E+00   0.0000E+00   0.0000E+00
    16    18   2.8230E+14   1.0000E+00   1.1691E-06   1.0000E+00   0.0000E+00   0.0000E+00
    16    19   0.0000E+00   0.0000E+00   0.0000E+00   0.0000E+00   0.0000E+00   0.0000E+00
    16    20   0.0000E+00   0.0000E+00   0.0000E+00   0.0000E+00   0.0000E+00   0.0000E+00
    16    21   0.0000E+00   0.0000E+00   0.0000E+00   0.0000E+00   0.0000E+00   0.0000E+00
    16    22   0.0000E+00   0.0000E+00   0.0000E+00   0.0000E+00   0.0000E+00   0.0000E+00
    16    23   0.0000E+00   0.0000E+00   0.0000E+00   0.0000E+00   0.0000E+00   0.0000E+00
    16    24   0.0000E+00   0.0000E+00   0.0000E+00   0.0000E+00   0.0000E+00   0.0000E+00
    16    25   0.0000E+00   0.0000E+00   0.0000E+00   0.0000E+00   0.0000E+00   0.0000E+00
    16    26   0.0000E+00   0.0000E+00   0.0000E+00   0.0000E+00   0.0000E+00   0.0000E+00
    16    27   0.0000E+00   0.0000E+00   0.0000E+00   0.0000E+00   0.0000E+00   0.0000E+00
    16    28   0.0000E+00   0.0000E+00   0.0000E+00   0.0000E+00   0.0000E+00   0.0000E+00
    16    29   0.0000E+00   0.0000E+00   0.0000E+00   0.0000E+00   0.0000E+00   0.0000E+00
    16    30   0.0000E+00   0.0000E+00   0.0000E+00   0.0000E+00   0.0000E+00   0.0000E+00
    16    31   0.0000E+00   0.0000E+00   0.0000E+00   0.0000E+00   0.0000E+00   0.0000E+00
    16    32   0.0000E+00   0.0000E+00   0.0000E+00   0.0000E+00   0.0000E+00   0.0000E+00
    17     1   0.0000E+00   0.0000E+00   0.0000E+00   0.0000E+00   0.0000E+00   0.0000E+00
    17     2   0.0000E+00   0.0000E+00   0.0000E+00   0.0000E+00   0.0000E+00   0.0000E+00
    17     3   0.0000E+00   0.0000E+00   0.0000E+00   0.0000E+00   0.0000E+00   0.0000E+00
    17     4   0.0000E+00   0.0000E+00   0.0000E+00   0.0000E+00   0.0000E+00   0.0000E+00
    17     5   0.0000E+00   0.0000E+00   0.0000E+00   0.0000E+00   0.0000E+00   0.0000E+00
    17     6   6.8694E+13   1.0000E+00   2.8449E-07   1.0000E+00   0.0000E+00   0.0000E+00
    17     7   9.1227E+14   9.2586E-01   3.7781E-06   9.2586E-01   0.0000E+00   0.0000E+00
    17     8   2.0087E+14   1.0000E+00   8.3190E-07   1.0000E+00   0.0000E+00   0.0000E+00
    17     9   1.1575E+15   9.7441E-01   4.7937E-06   9.7441E-01   0.0000E+00   0.0000E+00
    17    10   1.4119E+16   9.5715E-01   5.8473E-05   9.5715E-01   0.0000E+00   0.0000E+00
    17    11   1.4104E+16   8.4145E-01   5.8411E-05   8.4145E-01   0.0000E+00   0.0000E+00
    17    12   1.7981E+15   7.2975E-01   7.4468E-06   7.2975E-01   0.0000E+00   0.0000E+00
    17    13   0.0000E+00   0.0000E+00   0.0000E+00   0.0000E+00   0.0000E+00   0.0000E+00
    17    14   4.7845E+15   1.0000E+00   1.9815E-05   1.0000E+00   0.0000E+00   0.0000E+00
    17    15   1.7687E+15   1.0000E+00   7.3249E-06   1.0000E+00   0.0000E+00   0.0000E+00
    17    16   0.0000E+00   0.0000E+00   0.0000E+00   0.0000E+00   0.0000E+00   0.0000E+00
    17    17   0.0000E+00   0.0000E+00   0.0000E+00   0.0000E+00   0.0000E+00   0.0000E+00
    17    18   0.0000E+00   0.0000E+00   0.0000E+00   0.0000E+00   0.0000E+00   0.0000E+00
    17    19   0.0000E+00   0.0000E+00   0.0000E+00   0.0000E+00   0.0000E+00   0.0000E+00
    17    20   0.0000E+00   0.0000E+00   0.0000E+00   0.0000E+00   0.0000E+00   0.0000E+00
    17    21   0.0000E+00   0.0000E+00   0.0000E+00   0.0000E+00   0.0000E+00   0.0000E+00
    17    22   0.0000E+00   0.0000E+00   0.0000E+00   0.0000E+00   0.0000E+00   0.0000E+00
    17    23   0.0000E+00   0.0000E+00   0.0000E+00   0.0000E+00   0.0000E+00   0.0000E+00
    17    24   0.0000E+00   0.0000E+00   0.0000E+00   0.0000E+00   0.0000E+00   0.0000E+00
    17    25   0.0000E+00   0.0000E+00   0.0000E+00   0.0000E+00   0.0000E+00   0.0000E+00
    17    26   0.0000E+00   0.0000E+00   0.0000E+00   0.0000E+00   0.0000E+00   0.0000E+00
    17    27   0.0000E+00   0.0000E+00   0.0000E+00   0.0000E+00   0.0000E+00   0.0000E+00
    17    28   0.0000E+00   0.0000E+00   0.0000E+00   0.0000E+00   0.0000E+00   0.0000E+00
    17    29   0.0000E+00   0.0000E+00   0.0000E+00   0.0000E+00   0.0000E+00   0.0000E+00
    17    30   0.0000E+00   0.0000E+00   0.0000E+00   0.0000E+00   0.0000E+00   0.0000E+00
    17    31   0.0000E+00   0.0000E+00   0.0000E+00   0.0000E+00   0.0000E+00   0.0000E+00
    17    32   0.0000E+00   0.0000E+00   0.0000E+00   0.0000E+00   0.0000E+00   0.0000E+00
    18     1   0.0000E+00   0.0000E+00   0.0000E+00   0.0000E+00   0.0000E+00   0.0000E+00
    18     2   0.0000E+00   0.0000E+00   0.0000E+00   0.0000E+00   0.0000E+00   0.0000E+00
    18     3   0.0000E+00   0.0000E+00   0.0000E+00   0.0000E+00   0.0000E+00   0.0000E+00
    18     4   0.0000E+00   0.0000E+00   0.0000E+00   0.0000E+00   0.0000E+00   0.0000E+00
    18     5   0.0000E+00   0.0000E+00   0.0000E+00   0.0000E+00   0.0000E+00   0.0000E+00
    18     6   0.0000E+00   0.0000E+00   0.0000E+00   0.0000E+00   0.0000E+00   0.0000E+00
    18     7   0.0000E+00   0.0000E+00   0.0000E+00   0.0000E+00   0.0000E+00   0.0000E+00
    18     8   0.0000E+00   0.0000E+00   0.0000E+00   0.0000E+00   0.0000E+00   0.0000E+00
    18     9   0.0000E+00   0.0000E+00   0.0000E+00   0.0000E+00   0.0000E+00   0.0000E+00
    18    10   0.0000E+00   0.0000E+00   0.0000E+00   0.0000E+00   0.0000E+00   0.0000E+00
    18    11   0.0000E+00   0.0000E+00   0.0000E+00   0.0000E+00   0.0000E+00   0.0000E+00
    18    12   0.0000E+00   0.0000E+00   0.0000E+00   0.0000E+00   0.0000E+00   0.0000E+00
    18    13   0.0000E+00   0.0000E+00   0.0000E+00   0.0000E+00   0.0000E+00   0.0000E+00
    18    14   0.0000E+00   0.0000E+00   0.0000E+00   0.0000E+00   0.0000E+00   0.0000E+00
    18    15   0.0000E+00   0.0000E+00   0.0000E+00   0.0000E+00   0.0000E+00   0.0000E+00
    18    16   0.0000E+00   0.0000E+00   0.0000E+00   0.0000E+00   0.0000E+00   0.0000E+00
    18    17   0.0000E+00   0.0000E+00   0.0000E+00   0.0000E+00   0.0000E+00   0.0000E+00
    18    18   0.0000E+00   0.0000E+00   0.0000E+00   0.0000E+00   0.0000E+00   0.0000E+00
    18    19   0.0000E+00   0.0000E+00   0.0000E+00   0.0000E+00   0.0000E+00   0.0000E+00
    18    20   0.0000E+00   0.0000E+00   0.0000E+00   0.0000E+00   0.0000E+00   0.0000E+00
    18    21   0.0000E+00   0.0000E+00   0.0000E+00   0.0000E+00   0.0000E+00   0.0000E+00
    18    22   0.0000E+00   0.0000E+00   0.0000E+00   0.0000E+00   0.0000E+00   0.0000E+00
    18    23   0.0000E+00   0.0000E+00   0.0000E+00   0.0000E+00   0.0000E+00   0.0000E+00
    18    24   0.0000E+00   0.0000E+00   0.0000E+00   0.0000E+00   0.0000E+00   0.0000E+00
    18    25   0.0000E+00   0.0000E+00   0.0000E+00   0.0000E+00   0.0000E+00   0.0000E+00
    18    26   0.0000E+00   0.0000E+00   0.0000E+00   0.0000E+00   0.0000E+00   0.0000E+00
    18    27   0.0000E+00   0.0000E+00   0.0000E+00   0.0000E+00   0.0000E+00   0.0000E+00
    18    28   0.0000E+00   0.0000E+00   0.0000E+00   0.0000E+00   0.0000E+00   0.0000E+00
    18    29   0.0000E+00   0.0000E+00   0.0000E+00   0.0000E+00   0.0000E+00   0.0000E+00
    18    30   0.0000E+00   0.0000E+00   0.0000E+00   0.0000E+00   0.0000E+00   0.0000E+00
    18    31   0.0000E+00   0.0000E+00   0.0000E+00   0.0000E+00   0.0000E+00   0.0000E+00
    18    32   0.0000E+00   0.0000E+00   0.0000E+00   0.0000E+00   0.0000E+00   0.0000E+00
    19     1   0.0000E+00   0.0000E+00   0.0000E+00   0.0000E+00   0.0000E+00   0.0000E+00
    19     2   0.0000E+00   0.0000E+00   0.0000E+00   0.0000E+00   0.0000E+00   0.0000E+00
    19     3   0.0000E+00   0.0000E+00   0.0000E+00   0.0000E+00   0.0000E+00   0.0000E+00
    19     4   0.0000E+00   0.0000E+00   0.0000E+00   0.0000E+00   0.0000E+00   0.0000E+00
    19     5   0.0000E+00   0.0000E+00   0.0000E+00   0.0000E+00   0.0000E+00   0.0000E+00
    19     6   0.0000E+00   0.0000E+00   0.0000E+00   0.0000E+00   0.0000E+00   0.0000E+00
    19     7   0.0000E+00   0.0000E+00   0.0000E+00   0.0000E+00   0.0000E+00   0.0000E+00
    19     8   0.0000E+00   0.0000E+00   0.0000E+00   0.0000E+00   0.0000E+00   0.0000E+00
    19     9   0.0000E+00   0.0000E+00   0.0000E+00   0.0000E+00   0.0000E+00   0.0000E+00
    19    10   0.0000E+00   0.0000E+00   0.0000E+00   0.0000E+00   0.0000E+00   0.0000E+00
    19    11   0.0000E+00   0.0000E+00   0.0000E+00   0.0000E+00   0.0000E+00   0.0000E+00
    19    12   0.0000E+00   0.0000E+00   0.0000E+00   0.0000E+00   0.0000E+00   0.0000E+00
    19    13   0.0000E+00   0.0000E+00   0.0000E+00   0.0000E+00   0.0000E+00   0.0000E+00
    19    14   0.0000E+00   0.0000E+00   0.0000E+00   0.0000E+00   0.0000E+00   0.0000E+00
    19    15   0.0000E+00   0.0000E+00   0.0000E+00   0.0000E+00   0.0000E+00   0.0000E+00
    19    16   0.0000E+00   0.0000E+00   0.0000E+00   0.0000E+00   0.0000E+00   0.0000E+00
    19    17   0.0000E+00   0.0000E+00   0.0000E+00   0.0000E+00   0.0000E+00   0.0000E+00
    19    18   0.0000E+00   0.0000E+00   0.0000E+00   0.0000E+00   0.0000E+00   0.0000E+00
    19    19   0.0000E+00   0.0000E+00   0.0000E+00   0.0000E+00   0.0000E+00   0.0000E+00
    19    20   0.0000E+00   0.0000E+00   0.0000E+00   0.0000E+00   0.0000E+00   0.0000E+00
    19    21   0.0000E+00   0.0000E+00   0.0000E+00   0.0000E+00   0.0000E+00   0.0000E+00
    19    22   0.0000E+00   0.0000E+00   0.0000E+00   0.0000E+00   0.0000E+00   0.0000E+00
    19    23   0.0000E+00   0.0000E+00   0.0000E+00   0.0000E+00   0.0000E+00   0.0000E+00
    19    24   0.0000E+00   0.0000E+00   0.0000E+00   0.0000E+00   0.0000E+00   0.0000E+00
    19    25   0.0000E+00   0.0000E+00   0.0000E+00   0.0000E+00   0.0000E+00   0.0000E+00
    19    26   0.0000E+00   0.0000E+00   0.0000E+00   0.0000E+00   0.0000E+00   0.0000E+00
    19    27   0.0000E+00   0.0000E+00   0.0000E+00   0.0000E+00   0.0000E+00   0.0000E+00
    19    28   0.0000E+00   0.0000E+00   0.0000E+00   0.0000E+00   0.0000E+00   0.0000E+00
    19    29   0.0000E+00   0.0000E+00   0.0000E+00   0.0000E+00   0.0000E+00   0.0000E+00
    19    30   0.0000E+00   0.0000E+00   0.0000E+00   0.0000E+00   0.0000E+00   0.0000E+00
    19    31   0.0000E+00   0.0000E+00   0.0000E+00   0.0000E+00   0.0000E+00   0.0000E+00
    19    32   0.0000E+00   0.0000E+00   0.0000E+00   0.0000E+00   0.0000E+00   0.0000E+00
    20     1   0.0000E+00   0.0000E+00   0.0000E+00   0.0000E+00   0.0000E+00   0.0000E+00
    20     2   0.0000E+00   0.0000E+00   0.0000E+00   0.0000E+00   0.0000E+00   0.0000E+00
    20     3   0.0000E+00   0.0000E+00   0.0000E+00   0.0000E+00   0.0000E+00   0.0000E+00
    20     4   0.0000E+00   0.0000E+00   0.0000E+00   0.0000E+00   0.0000E+00   0.0000E+00
    20     5   0.0000E+00   0.0000E+00   0.0000E+00   0.0000E+00   0.0000E+00   0.0000E+00
    20     6   0.0000E+00   0.0000E+00   0.0000E+00   0.0000E+00   0.0000E+00   0.0000E+00
    20     7   0.0000E+00   0.0000E+00   0.0000E+00   0.0000E+00   0.0000E+00   0.0000E+00
    20     8   0.0000E+00   0.0000E+00   0.0000E+00   0.0000E+00   0.0000E+00   0.0000E+00
    20     9   0.0000E+00   0.0000E+00   0.0000E+00   0.0000E+00   0.0000E+00   0.0000E+00
    20    10   0.0000E+00   0.0000E+00   0.0000E+00   0.0000E+00   0.0000E+00   0.0000E+00
    20    11   0.0000E+00   0.0000E+00   0.0000E+00   0.0000E+00   0.0000E+00   0.0000E+00
    20    12   0.0000E+00   0.0000E+00   0.0000E+00   0.0000E+00   0.0000E+00   0.0000E+00
    20    13   0.0000E+00   0.0000E+00   0.0000E+00   0.0000E+00   0.0000E+00   0.0000E+00
    20    14   0.0000E+00   0.0000E+00   0.0000E+00   0.0000E+00   0.0000E+00   0.0000E+00
    20    15   0.0000E+00   0.0000E+00   0.0000E+00   0.0000E+00   0.0000E+00   0.0000E+00
    20    16   0.0000E+00   0.0000E+00   0.0000E+00   0.0000E+00   0.0000E+00   0.0000E+00
    20    17   0.0000E+00   0.0000E+00   0.0000E+00   0.0000E+00   0.0000E+00   0.0000E+00
    20    18   0.0000E+00   0.0000E+00   0.0000E+00   0.0000E+00   0.0000E+00   0.0000E+00
    20    19   0.0000E+00   0.0000E+00   0.0000E+00   0.0000E+00   0.0000E+00   0.0000E+00
    20    20   0.0000E+00   0.0000E+00   0.0000E+00   0.0000E+00   0.0000E+00   0.0000E+00
    20    21   0.0000E+00   0.0000E+00   0.0000E+00   0.0000E+00   0.0000E+00   0.0000E+00
    20    22   0.0000E+00   0.0000E+00   0.0000E+00   0.0000E+00   0.0000E+00   0.0000E+00
    20    23   0.0000E+00   0.0000E+00   0.0000E+00   0.0000E+00   0.0000E+00   0.0000E+00
    20    24   0.0000E+00   0.0000E+00   0.0000E+00   0.0000E+00   0.0000E+00   0.0000E+00
    20    25   0.0000E+00   0.0000E+00   0.0000E+00   0.0000E+00   0.0000E+00   0.0000E+00
    20    26   0.0000E+00   0.0000E+00   0.0000E+00   0.0000E+00   0.0000E+00   0.0000E+00
    20    27   0.0000E+00   0.0000E+00   0.0000E+00   0.0000E+00   0.0000E+00   0.0000E+00
    20    28   0.0000E+00   0.0000E+00   0.0000E+00   0.0000E+00   0.0000E+00   0.0000E+00
    20    29   9.4485E+14   1.0000E+00   3.9130E-06   1.0000E+00   0.0000E+00   0.0000E+00
    20    30   0.0000E+00   0.0000E+00   0.0000E+00   0.0000E+00   0.0000E+00   0.0000E+00
    20    31   0.0000E+00   0.0000E+00   0.0000E+00   0.0000E+00   0.0000E+00   0.0000E+00
    20    32   0.0000E+00   0.0000E+00   0.0000E+00   0.0000E+00   0.0000E+00   0.0000E+00
    21     1   0.0000E+00   0.0000E+00   0.0000E+00   0.0000E+00   0.0000E+00   0.0000E+00
    21     2   0.0000E+00   0.0000E+00   0.0000E+00   0.0000E+00   0.0000E+00   0.0000E+00
    21     3   0.0000E+00   0.0000E+00   0.0000E+00   0.0000E+00   0.0000E+00   0.0000E+00
    21     4   0.0000E+00   0.0000E+00   0.0000E+00   0.0000E+00   0.0000E+00   0.0000E+00
    21     5   0.0000E+00   0.0000E+00   0.0000E+00   0.0000E+00   0.0000E+00   0.0000E+00
    21     6   0.0000E+00   0.0000E+00   0.0000E+00   0.0000E+00   0.0000E+00   0.0000E+00
    21     7   0.0000E+00   0.0000E+00   0.0000E+00   0.0000E+00   0.0000E+00   0.0000E+00
    21     8   0.0000E+00   0.0000E+00   0.0000E+00   0.0000E+00   0.0000E+00   0.0000E+00
    21     9   0.0000E+00   0.0000E+00   0.0000E+00   0.0000E+00   0.0000E+00   0.0000E+00
    21    10   0.0000E+00   0.0000E+00   0.0000E+00   0.0000E+00   0.0000E+00   0.0000E+00
    21    11   0.0000E+00   0.0000E+00   0.0000E+00   0.0000E+00   0.0000E+00   0.0000E+00
    21    12   0.0000E+00   0.0000E+00   0.0000E+00   0.0000E+00   0.0000E+00   0.0000E+00
    21    13   0.0000E+00   0.0000E+00   0.0000E+00   0.0000E+00   0.0000E+00   0.0000E+00
    21    14   0.0000E+00   0.0000E+00   0.0000E+00   0.0000E+00   0.0000E+00   0.0000E+00
    21    15   0.0000E+00   0.0000E+00   0.0000E+00   0.0000E+00   0.0000E+00   0.0000E+00
    21    16   0.0000E+00   0.0000E+00   0.0000E+00   0.0000E+00   0.0000E+00   0.0000E+00
    21    17   0.0000E+00   0.0000E+00   0.0000E+00   0.0000E+00   0.0000E+00   0.0000E+00
    21    18   0.0000E+00   0.0000E+00   0.0000E+00   0.0000E+00   0.0000E+00   0.0000E+00
    21    19   0.0000E+00   0.0000E+00   0.0000E+00   0.0000E+00   0.0000E+00   0.0000E+00
    21    20   0.0000E+00   0.0000E+00   0.0000E+00   0.0000E+00   0.0000E+00   0.0000E+00
    21    21   0.0000E+00   0.0000E+00   0.0000E+00   0.0000E+00   0.0000E+00   0.0000E+00
    21    22   0.0000E+00   0.0000E+00   0.0000E+00   0.0000E+00   0.0000E+00   0.0000E+00
    21    23   0.0000E+00   0.0000E+00   0.0000E+00   0.0000E+00   0.0000E+00   0.0000E+00
    21    24   0.0000E+00   0.0000E+00   0.0000E+00   0.0000E+00   0.0000E+00   0.0000E+00
    21    25   0.0000E+00   0.0000E+00   0.0000E+00   0.0000E+00   0.0000E+00   0.0000E+00
    21    26   0.0000E+00   0.0000E+00   0.0000E+00   0.0000E+00   0.0000E+00   0.0000E+00
    21    27   0.0000E+00   0.0000E+00   0.0000E+00   0.0000E+00   0.0000E+00   0.0000E+00
    21    28   0.0000E+00   0.0000E+00   0.0000E+00   0.0000E+00   0.0000E+00   0.0000E+00
    21    29   0.0000E+00   0.0000E+00   0.0000E+00   0.0000E+00   0.0000E+00   0.0000E+00
    21    30   0.0000E+00   0.0000E+00   0.0000E+00   0.0000E+00   0.0000E+00   0.0000E+00
    21    31   0.0000E+00   0.0000E+00   0.0000E+00   0.0000E+00   0.0000E+00   0.0000E+00
    21    32   0.0000E+00   0.0000E+00   0.0000E+00   0.0000E+00   0.0000E+00   0.0000E+00
    22     1   0.0000E+00   0.0000E+00   0.0000E+00   0.0000E+00   0.0000E+00   0.0000E+00
    22     2   0.0000E+00   0.0000E+00   0.0000E+00   0.0000E+00   0.0000E+00   0.0000E+00
    22     3   0.0000E+00   0.0000E+00   0.0000E+00   0.0000E+00   0.0000E+00   0.0000E+00
    22     4   0.0000E+00   0.0000E+00   0.0000E+00   0.0000E+00   0.0000E+00   0.0000E+00
    22     5   0.0000E+00   0.0000E+00   0.0000E+00   0.0000E+00   0.0000E+00   0.0000E+00
    22     6   0.0000E+00   0.0000E+00   0.0000E+00   0.0000E+00   0.0000E+00   0.0000E+00
    22     7   0.0000E+00   0.0000E+00   0.0000E+00   0.0000E+00   0.0000E+00   0.0000E+00
    22     8   0.0000E+00   0.0000E+00   0.0000E+00   0.0000E+00   0.0000E+00   0.0000E+00
    22     9   0.0000E+00   0.0000E+00   0.0000E+00   0.0000E+00   0.0000E+00   0.0000E+00
    22    10   0.0000E+00   0.0000E+00   0.0000E+00   0.0000E+00   0.0000E+00   0.0000E+00
    22    11   0.0000E+00   0.0000E+00   0.0000E+00   0.0000E+00   0.0000E+00   0.0000E+00
    22    12   0.0000E+00   0.0000E+00   0.0000E+00   0.0000E+00   0.0000E+00   0.0000E+00
    22    13   0.0000E+00   0.0000E+00   0.0000E+00   0.0000E+00   0.0000E+00   0.0000E+00
    22    14   0.0000E+00   0.0000E+00   0.0000E+00   0.0000E+00   0.0000E+00   0.0000E+00
    22    15   0.0000E+00   0.0000E+00   0.0000E+00   0.0000E+00   0.0000E+00   0.0000E+00
    22    16   0.0000E+00   0.0000E+00   0.0000E+00   0.0000E+00   0.0000E+00   0.0000E+00
    22    17   0.0000E+00   0.0000E+00   0.0000E+00   0.0000E+00   0.0000E+00   0.0000E+00
    22    18   0.0000E+00   0.0000E+00   0.0000E+00   0.0000E+00   0.0000E+00   0.0000E+00
    22    19   0.0000E+00   0.0000E+00   0.0000E+00   0.0000E+00   0.0000E+00   0.0000E+00
    22    20   0.0000E+00   0.0000E+00   0.0000E+00   0.0000E+00   0.0000E+00   0.0000E+00
    22    21   0.0000E+00   0.0000E+00   0.0000E+00   0.0000E+00   0.0000E+00   0.0000E+00
    22    22   0.0000E+00   0.0000E+00   0.0000E+00   0.0000E+00   0.0000E+00   0.0000E+00
    22    23   0.0000E+00   0.0000E+00   0.0000E+00   0.0000E+00   0.0000E+00   0.0000E+00
    22    24   0.0000E+00   0.0000E+00   0.0000E+00   0.0000E+00   0.0000E+00   0.0000E+00
    22    25   0.0000E+00   0.0000E+00   0.0000E+00   0.0000E+00   0.0000E+00   0.0000E+00
    22    26   0.0000E+00   0.0000E+00   0.0000E+00   0.0000E+00   0.0000E+00   0.0000E+00
    22    27   0.0000E+00   0.0000E+00   0.0000E+00   0.0000E+00   0.0000E+00   0.0000E+00
    22    28   0.0000E+00   0.0000E+00   0.0000E+00   0.0000E+00   0.0000E+00   0.0000E+00
    22    29   0.0000E+00   0.0000E+00   0.0000E+00   0.0000E+00   0.0000E+00   0.0000E+00
    22    30   0.0000E+00   0.0000E+00   0.0000E+00   0.0000E+00   0.0000E+00   0.0000E+00
    22    31   0.0000E+00   0.0000E+00   0.0000E+00   0.0000E+00   0.0000E+00   0.0000E+00
    22    32   0.0000E+00   0.0000E+00   0.0000E+00   0.0000E+00   0.0000E+00   0.0000E+00
    23     1   0.0000E+00   0.0000E+00   0.0000E+00   0.0000E+00   0.0000E+00   0.0000E+00
    23     2   0.0000E+00   0.0000E+00   0.0000E+00   0.0000E+00   0.0000E+00   0.0000E+00
    23     3   0.0000E+00   0.0000E+00   0.0000E+00   0.0000E+00   0.0000E+00   0.0000E+00
    23     4   0.0000E+00   0.0000E+00   0.0000E+00   0.0000E+00   0.0000E+00   0.0000E+00
    23     5   0.0000E+00   0.0000E+00   0.0000E+00   0.0000E+00   0.0000E+00   0.0000E+00
    23     6   0.0000E+00   0.0000E+00   0.0000E+00   0.0000E+00   0.0000E+00   0.0000E+00
    23     7   0.0000E+00   0.0000E+00   0.0000E+00   0.0000E+00   0.0000E+00   0.0000E+00
    23     8   0.0000E+00   0.0000E+00   0.0000E+00   0.0000E+00   0.0000E+00   0.0000E+00
    23     9   0.0000E+00   0.0000E+00   0.0000E+00   0.0000E+00   0.0000E+00   0.0000E+00
    23    10   0.0000E+00   0.0000E+00   0.0000E+00   0.0000E+00   0.0000E+00   0.0000E+00
    23    11   0.0000E+00   0.0000E+00   0.0000E+00   0.0000E+00   0.0000E+00   0.0000E+00
    23    12   0.0000E+00   0.0000E+00   0.0000E+00   0.0000E+00   0.0000E+00   0.0000E+00
    23    13   0.0000E+00   0.0000E+00   0.0000E+00   0.0000E+00   0.0000E+00   0.0000E+00
    23    14   0.0000E+00   0.0000E+00   0.0000E+00   0.0000E+00   0.0000E+00   0.0000E+00
    23    15   0.0000E+00   0.0000E+00   0.0000E+00   0.0000E+00   0.0000E+00   0.0000E+00
    23    16   0.0000E+00   0.0000E+00   0.0000E+00   0.0000E+00   0.0000E+00   0.0000E+00
    23    17   0.0000E+00   0.0000E+00   0.0000E+00   0.0000E+00   0.0000E+00   0.0000E+00
    23    18   0.0000E+00   0.0000E+00   0.0000E+00   0.0000E+00   0.0000E+00   0.0000E+00
    23    19   0.0000E+00   0.0000E+00   0.0000E+00   0.0000E+00   0.0000E+00   0.0000E+00
    23    20   0.0000E+00   0.0000E+00   0.0000E+00   0.0000E+00   0.0000E+00   0.0000E+00
    23    21   0.0000E+00   0.0000E+00   0.0000E+00   0.0000E+00   0.0000E+00   0.0000E+00
    23    22   0.0000E+00   0.0000E+00   0.0000E+00   0.0000E+00   0.0000E+00   0.0000E+00
    23    23   0.0000E+00   0.0000E+00   0.0000E+00   0.0000E+00   0.0000E+00   0.0000E+00
    23    24   0.0000E+00   0.0000E+00   0.0000E+00   0.0000E+00   0.0000E+00   0.0000E+00
    23    25   0.0000E+00   0.0000E+00   0.0000E+00   0.0000E+00   0.0000E+00   0.0000E+00
    23    26   0.0000E+00   0.0000E+00   0.0000E+00   0.0000E+00   0.0000E+00   0.0000E+00
    23    27   0.0000E+00   0.0000E+00   0.0000E+00   0.0000E+00   0.0000E+00   0.0000E+00
    23    28   0.0000E+00   0.0000E+00   0.0000E+00   0.0000E+00   0.0000E+00   0.0000E+00
    23    29   0.0000E+00   0.0000E+00   0.0000E+00   0.0000E+00   0.0000E+00   0.0000E+00
    23    30   0.0000E+00   0.0000E+00   0.0000E+00   0.0000E+00   0.0000E+00   0.0000E+00
    23    31   0.0000E+00   0.0000E+00   0.0000E+00   0.0000E+00   0.0000E+00   0.0000E+00
    23    32   0.0000E+00   0.0000E+00   0.0000E+00   0.0000E+00   0.0000E+00   0.0000E+00
    24     1   0.0000E+00   0.0000E+00   0.0000E+00   0.0000E+00   0.0000E+00   0.0000E+00
    24     2   0.0000E+00   0.0000E+00   0.0000E+00   0.0000E+00   0.0000E+00   0.0000E+00
    24     3   0.0000E+00   0.0000E+00   0.0000E+00   0.0000E+00   0.0000E+00   0.0000E+00
    24     4   0.0000E+00   0.0000E+00   0.0000E+00   0.0000E+00   0.0000E+00   0.0000E+00
    24     5   0.0000E+00   0.0000E+00   0.0000E+00   0.0000E+00   0.0000E+00   0.0000E+00
    24     6   0.0000E+00   0.0000E+00   0.0000E+00   0.0000E+00   0.0000E+00   0.0000E+00
    24     7   0.0000E+00   0.0000E+00   0.0000E+00   0.0000E+00   0.0000E+00   0.0000E+00
    24     8   0.0000E+00   0.0000E+00   0.0000E+00   0.0000E+00   0.0000E+00   0.0000E+00
    24     9   0.0000E+00   0.0000E+00   0.0000E+00   0.0000E+00   0.0000E+00   0.0000E+00
    24    10   0.0000E+00   0.0000E+00   0.0000E+00   0.0000E+00   0.0000E+00   0.0000E+00
    24    11   0.0000E+00   0.0000E+00   0.0000E+00   0.0000E+00   0.0000E+00   0.0000E+00
    24    12   0.0000E+00   0.0000E+00   0.0000E+00   0.0000E+00   0.0000E+00   0.0000E+00
    24    13   0.0000E+00   0.0000E+00   0.0000E+00   0.0000E+00   0.0000E+00   0.0000E+00
    24    14   0.0000E+00   0.0000E+00   0.0000E+00   0.0000E+00   0.0000E+00   0.0000E+00
    24    15   0.0000E+00   0.0000E+00   0.0000E+00   0.0000E+00   0.0000E+00   0.0000E+00
    24    16   0.0000E+00   0.0000E+00   0.0000E+00   0.0000E+00   0.0000E+00   0.0000E+00
    24    17   0.0000E+00   0.0000E+00   0.0000E+00   0.0000E+00   0.0000E+00   0.0000E+00
    24    18   0.0000E+00   0.0000E+00   0.0000E+00   0.0000E+00   0.0000E+00   0.0000E+00
    24    19   0.0000E+00   0.0000E+00   0.0000E+00   0.0000E+00   0.0000E+00   0.0000E+00
    24    20   0.0000E+00   0.0000E+00   0.0000E+00   0.0000E+00   0.0000E+00   0.0000E+00
    24    21   0.0000E+00   0.0000E+00   0.0000E+00   0.0000E+00   0.0000E+00   0.0000E+00
    24    22   0.0000E+00   0.0000E+00   0.0000E+00   0.0000E+00   0.0000E+00   0.0000E+00
    24    23   0.0000E+00   0.0000E+00   0.0000E+00   0.0000E+00   0.0000E+00   0.0000E+00
    24    24   0.0000E+00   0.0000E+00   0.0000E+00   0.0000E+00   0.0000E+00   0.0000E+00
    24    25   0.0000E+00   0.0000E+00   0.0000E+00   0.0000E+00   0.0000E+00   0.0000E+00
    24    26   0.0000E+00   0.0000E+00   0.0000E+00   0.0000E+00   0.0000E+00   0.0000E+00
    24    27   0.0000E+00   0.0000E+00   0.0000E+00   0.0000E+00   0.0000E+00   0.0000E+00
    24    28   0.0000E+00   0.0000E+00   0.0000E+00   0.0000E+00   0.0000E+00   0.0000E+00
    24    29   0.0000E+00   0.0000E+00   0.0000E+00   0.0000E+00   0.0000E+00   0.0000E+00
    24    30   0.0000E+00   0.0000E+00   0.0000E+00   0.0000E+00   0.0000E+00   0.0000E+00
    24    31   0.0000E+00   0.0000E+00   0.0000E+00   0.0000E+00   0.0000E+00   0.0000E+00
    24    32   0.0000E+00   0.0000E+00   0.0000E+00   0.0000E+00   0.0000E+00   0.0000E+00
    25     1   0.0000E+00   0.0000E+00   0.0000E+00   0.0000E+00   0.0000E+00   0.0000E+00
    25     2   0.0000E+00   0.0000E+00   0.0000E+00   0.0000E+00   0.0000E+00   0.0000E+00
    25     3   0.0000E+00   0.0000E+00   0.0000E+00   0.0000E+00   0.0000E+00   0.0000E+00
    25     4   0.0000E+00   0.0000E+00   0.0000E+00   0.0000E+00   0.0000E+00   0.0000E+00
    25     5   0.0000E+00   0.0000E+00   0.0000E+00   0.0000E+00   0.0000E+00   0.0000E+00
    25     6   0.0000E+00   0.0000E+00   0.0000E+00   0.0000E+00   0.0000E+00   0.0000E+00
    25     7   0.0000E+00   0.0000E+00   0.0000E+00   0.0000E+00   0.0000E+00   0.0000E+00
    25     8   0.0000E+00   0.0000E+00   0.0000E+00   0.0000E+00   0.0000E+00   0.0000E+00
    25     9   0.0000E+00   0.0000E+00   0.0000E+00   0.0000E+00   0.0000E+00   0.0000E+00
    25    10   0.0000E+00   0.0000E+00   0.0000E+00   0.0000E+00   0.0000E+00   0.0000E+00
    25    11   0.0000E+00   0.0000E+00   0.0000E+00   0.0000E+00   0.0000E+00   0.0000E+00
    25    12   0.0000E+00   0.0000E+00   0.0000E+00   0.0000E+00   0.0000E+00   0.0000E+00
    25    13   0.0000E+00   0.0000E+00   0.0000E+00   0.0000E+00   0.0000E+00   0.0000E+00
    25    14   0.0000E+00   0.0000E+00   0.0000E+00   0.0000E+00   0.0000E+00   0.0000E+00
    25    15   0.0000E+00   0.0000E+00   0.0000E+00   0.0000E+00   0.0000E+00   0.0000E+00
    25    16   0.0000E+00   0.0000E+00   0.0000E+00   0.0000E+00   0.0000E+00   0.0000E+00
    25    17   0.0000E+00   0.0000E+00   0.0000E+00   0.0000E+00   0.0000E+00   0.0000E+00
    25    18   0.0000E+00   0.0000E+00   0.0000E+00   0.0000E+00   0.0000E+00   0.0000E+00
    25    19   0.0000E+00   0.0000E+00   0.0000E+00   0.0000E+00   0.0000E+00   0.0000E+00
    25    20   0.0000E+00   0.0000E+00   0.0000E+00   0.0000E+00   0.0000E+00   0.0000E+00
    25    21   0.0000E+00   0.0000E+00   0.0000E+00   0.0000E+00   0.0000E+00   0.0000E+00
    25    22   0.0000E+00   0.0000E+00   0.0000E+00   0.0000E+00   0.0000E+00   0.0000E+00
    25    23   0.0000E+00   0.0000E+00   0.0000E+00   0.0000E+00   0.0000E+00   0.0000E+00
    25    24   0.0000E+00   0.0000E+00   0.0000E+00   0.0000E+00   0.0000E+00   0.0000E+00
    25    25   0.0000E+00   0.0000E+00   0.0000E+00   0.0000E+00   0.0000E+00   0.0000E+00
    25    26   0.0000E+00   0.0000E+00   0.0000E+00   0.0000E+00   0.0000E+00   0.0000E+00
    25    27   0.0000E+00   0.0000E+00   0.0000E+00   0.0000E+00   0.0000E+00   0.0000E+00
    25    28   0.0000E+00   0.0000E+00   0.0000E+00   0.0000E+00   0.0000E+00   0.0000E+00
    25    29   0.0000E+00   0.0000E+00   0.0000E+00   0.0000E+00   0.0000E+00   0.0000E+00
    25    30   0.0000E+00   0.0000E+00   0.0000E+00   0.0000E+00   0.0000E+00   0.0000E+00
    25    31   0.0000E+00   0.0000E+00   0.0000E+00   0.0000E+00   0.0000E+00   0.0000E+00
    25    32   0.0000E+00   0.0000E+00   0.0000E+00   0.0000E+00   0.0000E+00   0.0000E+00
    26     1   0.0000E+00   0.0000E+00   0.0000E+00   0.0000E+00   0.0000E+00   0.0000E+00
    26     2   0.0000E+00   0.0000E+00   0.0000E+00   0.0000E+00   0.0000E+00   0.0000E+00
    26     3   0.0000E+00   0.0000E+00   0.0000E+00   0.0000E+00   0.0000E+00   0.0000E+00
    26     4   0.0000E+00   0.0000E+00   0.0000E+00   0.0000E+00   0.0000E+00   0.0000E+00
    26     5   0.0000E+00   0.0000E+00   0.0000E+00   0.0000E+00   0.0000E+00   0.0000E+00
    26     6   0.0000E+00   0.0000E+00   0.0000E+00   0.0000E+00   0.0000E+00   0.0000E+00
    26     7   0.0000E+00   0.0000E+00   0.0000E+00   0.0000E+00   0.0000E+00   0.0000E+00
    26     8   0.0000E+00   0.0000E+00   0.0000E+00   0.0000E+00   0.0000E+00   0.0000E+00
    26     9   0.0000E+00   0.0000E+00   0.0000E+00   0.0000E+00   0.0000E+00   0.0000E+00
    26    10   0.0000E+00   0.0000E+00   0.0000E+00   0.0000E+00   0.0000E+00   0.0000E+00
    26    11   0.0000E+00   0.0000E+00   0.0000E+00   0.0000E+00   0.0000E+00   0.0000E+00
    26    12   0.0000E+00   0.0000E+00   0.0000E+00   0.0000E+00   0.0000E+00   0.0000E+00
    26    13   0.0000E+00   0.0000E+00   0.0000E+00   0.0000E+00   0.0000E+00   0.0000E+00
    26    14   0.0000E+00   0.0000E+00   0.0000E+00   0.0000E+00   0.0000E+00   0.0000E+00
    26    15   0.0000E+00   0.0000E+00   0.0000E+00   0.0000E+00   0.0000E+00   0.0000E+00
    26    16   0.0000E+00   0.0000E+00   0.0000E+00   0.0000E+00   0.0000E+00   0.0000E+00
    26    17   0.0000E+00   0.0000E+00   0.0000E+00   0.0000E+00   0.0000E+00   0.0000E+00
    26    18   0.0000E+00   0.0000E+00   0.0000E+00   0.0000E+00   0.0000E+00   0.0000E+00
    26    19   0.0000E+00   0.0000E+00   0.0000E+00   0.0000E+00   0.0000E+00   0.0000E+00
    26    20   0.0000E+00   0.0000E+00   0.0000E+00   0.0000E+00   0.0000E+00   0.0000E+00
    26    21   0.0000E+00   0.0000E+00   0.0000E+00   0.0000E+00   0.0000E+00   0.0000E+00
    26    22   0.0000E+00   0.0000E+00   0.0000E+00   0.0000E+00   0.0000E+00   0.0000E+00
    26    23   0.0000E+00   0.0000E+00   0.0000E+00   0.0000E+00   0.0000E+00   0.0000E+00
    26    24   0.0000E+00   0.0000E+00   0.0000E+00   0.0000E+00   0.0000E+00   0.0000E+00
    26    25   0.0000E+00   0.0000E+00   0.0000E+00   0.0000E+00   0.0000E+00   0.0000E+00
    26    26   0.0000E+00   0.0000E+00   0.0000E+00   0.0000E+00   0.0000E+00   0.0000E+00
    26    27   0.0000E+00   0.0000E+00   0.0000E+00   0.0000E+00   0.0000E+00   0.0000E+00
    26    28   0.0000E+00   0.0000E+00   0.0000E+00   0.0000E+00   0.0000E+00   0.0000E+00
    26    29   0.0000E+00   0.0000E+00   0.0000E+00   0.0000E+00   0.0000E+00   0.0000E+00
    26    30   0.0000E+00   0.0000E+00   0.0000E+00   0.0000E+00   0.0000E+00   0.0000E+00
    26    31   0.0000E+00   0.0000E+00   0.0000E+00   0.0000E+00   0.0000E+00   0.0000E+00
    26    32   0.0000E+00   0.0000E+00   0.0000E+00   0.0000E+00   0.0000E+00   0.0000E+00
    27     1   0.0000E+00   0.0000E+00   0.0000E+00   0.0000E+00   0.0000E+00   0.0000E+00
    27     2   0.0000E+00   0.0000E+00   0.0000E+00   0.0000E+00   0.0000E+00   0.0000E+00
    27     3   0.0000E+00   0.0000E+00   0.0000E+00   0.0000E+00   0.0000E+00   0.0000E+00
    27     4   0.0000E+00   0.0000E+00   0.0000E+00   0.0000E+00   0.0000E+00   0.0000E+00
    27     5   0.0000E+00   0.0000E+00   0.0000E+00   0.0000E+00   0.0000E+00   0.0000E+00
    27     6   0.0000E+00   0.0000E+00   0.0000E+00   0.0000E+00   0.0000E+00   0.0000E+00
    27     7   0.0000E+00   0.0000E+00   0.0000E+00   0.0000E+00   0.0000E+00   0.0000E+00
    27     8   0.0000E+00   0.0000E+00   0.0000E+00   0.0000E+00   0.0000E+00   0.0000E+00
    27     9   0.0000E+00   0.0000E+00   0.0000E+00   0.0000E+00   0.0000E+00   0.0000E+00
    27    10   0.0000E+00   0.0000E+00   0.0000E+00   0.0000E+00   0.0000E+00   0.0000E+00
    27    11   0.0000E+00   0.0000E+00   0.0000E+00   0.0000E+00   0.0000E+00   0.0000E+00
    27    12   0.0000E+00   0.0000E+00   0.0000E+00   0.0000E+00   0.0000E+00   0.0000E+00
    27    13   0.0000E+00   0.0000E+00   0.0000E+00   0.0000E+00   0.0000E+00   0.0000E+00
    27    14   0.0000E+00   0.0000E+00   0.0000E+00   0.0000E+00   0.0000E+00   0.0000E+00
    27    15   0.0000E+00   0.0000E+00   0.0000E+00   0.0000E+00   0.0000E+00   0.0000E+00
    27    16   0.0000E+00   0.0000E+00   0.0000E+00   0.0000E+00   0.0000E+00   0.0000E+00
    27    17   0.0000E+00   0.0000E+00   0.0000E+00   0.0000E+00   0.0000E+00   0.0000E+00
    27    18   0.0000E+00   0.0000E+00   0.0000E+00   0.0000E+00   0.0000E+00   0.0000E+00
    27    19   0.0000E+00   0.0000E+00   0.0000E+00   0.0000E+00   0.0000E+00   0.0000E+00
    27    20   0.0000E+00   0.0000E+00   0.0000E+00   0.0000E+00   0.0000E+00   0.0000E+00
    27    21   0.0000E+00   0.0000E+00   0.0000E+00   0.0000E+00   0.0000E+00   0.0000E+00
    27    22   0.0000E+00   0.0000E+00   0.0000E+00   0.0000E+00   0.0000E+00   0.0000E+00
    27    23   0.0000E+00   0.0000E+00   0.0000E+00   0.0000E+00   0.0000E+00   0.0000E+00
    27    24   0.0000E+00   0.0000E+00   0.0000E+00   0.0000E+00   0.0000E+00   0.0000E+00
    27    25   0.0000E+00   0.0000E+00   0.0000E+00   0.0000E+00   0.0000E+00   0.0000E+00
    27    26   0.0000E+00   0.0000E+00   0.0000E+00   0.0000E+00   0.0000E+00   0.0000E+00
    27    27   0.0000E+00   0.0000E+00   0.0000E+00   0.0000E+00   0.0000E+00   0.0000E+00
    27    28   0.0000E+00   0.0000E+00   0.0000E+00   0.0000E+00   0.0000E+00   0.0000E+00
    27    29   0.0000E+00   0.0000E+00   0.0000E+00   0.0000E+00   0.0000E+00   0.0000E+00
    27    30   0.0000E+00   0.0000E+00   0.0000E+00   0.0000E+00   0.0000E+00   0.0000E+00
    27    31   0.0000E+00   0.0000E+00   0.0000E+00   0.0000E+00   0.0000E+00   0.0000E+00
    27    32   0.0000E+00   0.0000E+00   0.0000E+00   0.0000E+00   0.0000E+00   0.0000E+00
    28     1   0.0000E+00   0.0000E+00   0.0000E+00   0.0000E+00   0.0000E+00   0.0000E+00
    28     2   0.0000E+00   0.0000E+00   0.0000E+00   0.0000E+00   0.0000E+00   0.0000E+00
    28     3   0.0000E+00   0.0000E+00   0.0000E+00   0.0000E+00   0.0000E+00   0.0000E+00
    28     4   0.0000E+00   0.0000E+00   0.0000E+00   0.0000E+00   0.0000E+00   0.0000E+00
    28     5   0.0000E+00   0.0000E+00   0.0000E+00   0.0000E+00   0.0000E+00   0.0000E+00
    28     6   0.0000E+00   0.0000E+00   0.0000E+00   0.0000E+00   0.0000E+00   0.0000E+00
    28     7   0.0000E+00   0.0000E+00   0.0000E+00   0.0000E+00   0.0000E+00   0.0000E+00
    28     8   0.0000E+00   0.0000E+00   0.0000E+00   0.0000E+00   0.0000E+00   0.0000E+00
    28     9   0.0000E+00   0.0000E+00   0.0000E+00   0.0000E+00   0.0000E+00   0.0000E+00
    28    10   0.0000E+00   0.0000E+00   0.0000E+00   0.0000E+00   0.0000E+00   0.0000E+00
    28    11   0.0000E+00   0.0000E+00   0.0000E+00   0.0000E+00   0.0000E+00   0.0000E+00
    28    12   0.0000E+00   0.0000E+00   0.0000E+00   0.0000E+00   0.0000E+00   0.0000E+00
    28    13   0.0000E+00   0.0000E+00   0.0000E+00   0.0000E+00   0.0000E+00   0.0000E+00
    28    14   0.0000E+00   0.0000E+00   0.0000E+00   0.0000E+00   0.0000E+00   0.0000E+00
    28    15   0.0000E+00   0.0000E+00   0.0000E+00   0.0000E+00   0.0000E+00   0.0000E+00
    28    16   0.0000E+00   0.0000E+00   0.0000E+00   0.0000E+00   0.0000E+00   0.0000E+00
    28    17   0.0000E+00   0.0000E+00   0.0000E+00   0.0000E+00   0.0000E+00   0.0000E+00
    28    18   0.0000E+00   0.0000E+00   0.0000E+00   0.0000E+00   0.0000E+00   0.0000E+00
    28    19   0.0000E+00   0.0000E+00   0.0000E+00   0.0000E+00   0.0000E+00   0.0000E+00
    28    20   0.0000E+00   0.0000E+00   0.0000E+00   0.0000E+00   0.0000E+00   0.0000E+00
    28    21   0.0000E+00   0.0000E+00   0.0000E+00   0.0000E+00   0.0000E+00   0.0000E+00
    28    22   0.0000E+00   0.0000E+00   0.0000E+00   0.0000E+00   0.0000E+00   0.0000E+00
    28    23   0.0000E+00   0.0000E+00   0.0000E+00   0.0000E+00   0.0000E+00   0.0000E+00
    28    24   0.0000E+00   0.0000E+00   0.0000E+00   0.0000E+00   0.0000E+00   0.0000E+00
    28    25   0.0000E+00   0.0000E+00   0.0000E+00   0.0000E+00   0.0000E+00   0.0000E+00
    28    26   0.0000E+00   0.0000E+00   0.0000E+00   0.0000E+00   0.0000E+00   0.0000E+00
    28    27   0.0000E+00   0.0000E+00   0.0000E+00   0.0000E+00   0.0000E+00   0.0000E+00
    28    28   0.0000E+00   0.0000E+00   0.0000E+00   0.0000E+00   0.0000E+00   0.0000E+00
    28    29   0.0000E+00   0.0000E+00   0.0000E+00   0.0000E+00   0.0000E+00   0.0000E+00
    28    30   0.0000E+00   0.0000E+00   0.0000E+00   0.0000E+00   0.0000E+00   0.0000E+00
    28    31   0.0000E+00   0.0000E+00   0.0000E+00   0.0000E+00   0.0000E+00   0.0000E+00
    28    32   0.0000E+00   0.0000E+00   0.0000E+00   0.0000E+00   0.0000E+00   0.0000E+00
    29     1   0.0000E+00   0.0000E+00   0.0000E+00   0.0000E+00   0.0000E+00   0.0000E+00
    29     2   0.0000E+00   0.0000E+00   0.0000E+00   0.0000E+00   0.0000E+00   0.0000E+00
    29     3   0.0000E+00   0.0000E+00   0.0000E+00   0.0000E+00   0.0000E+00   0.0000E+00
    29     4   0.0000E+00   0.0000E+00   0.0000E+00   0.0000E+00   0.0000E+00   0.0000E+00
    29     5   0.0000E+00   0.0000E+00   0.0000E+00   0.0000E+00   0.0000E+00   0.0000E+00
    29     6   0.0000E+00   0.0000E+00   0.0000E+00   0.0000E+00   0.0000E+00   0.0000E+00
    29     7   0.0000E+00   0.0000E+00   0.0000E+00   0.0000E+00   0.0000E+00   0.0000E+00
    29     8   0.0000E+00   0.0000E+00   0.0000E+00   0.0000E+00   0.0000E+00   0.0000E+00
    29     9   0.0000E+00   0.0000E+00   0.0000E+00   0.0000E+00   0.0000E+00   0.0000E+00
    29    10   0.0000E+00   0.0000E+00   0.0000E+00   0.0000E+00   0.0000E+00   0.0000E+00
    29    11   0.0000E+00   0.0000E+00   0.0000E+00   0.0000E+00   0.0000E+00   0.0000E+00
    29    12   0.0000E+00   0.0000E+00   0.0000E+00   0.0000E+00   0.0000E+00   0.0000E+00
    29    13   0.0000E+00   0.0000E+00   0.0000E+00   0.0000E+00   0.0000E+00   0.0000E+00
    29    14   0.0000E+00   0.0000E+00   0.0000E+00   0.0000E+00   0.0000E+00   0.0000E+00
    29    15   0.0000E+00   0.0000E+00   0.0000E+00   0.0000E+00   0.0000E+00   0.0000E+00
    29    16   0.0000E+00   0.0000E+00   0.0000E+00   0.0000E+00   0.0000E+00   0.0000E+00
    29    17   0.0000E+00   0.0000E+00   0.0000E+00   0.0000E+00   0.0000E+00   0.0000E+00
    29    18   0.0000E+00   0.0000E+00   0.0000E+00   0.0000E+00   0.0000E+00   0.0000E+00
    29    19   0.0000E+00   0.0000E+00   0.0000E+00   0.0000E+00   0.0000E+00   0.0000E+00
    29    20   0.0000E+00   0.0000E+00   0.0000E+00   0.0000E+00   0.0000E+00   0.0000E+00
    29    21   0.0000E+00   0.0000E+00   0.0000E+00   0.0000E+00   0.0000E+00   0.0000E+00
    29    22   0.0000E+00   0.0000E+00   0.0000E+00   0.0000E+00   0.0000E+00   0.0000E+00
    29    23   0.0000E+00   0.0000E+00   0.0000E+00   0.0000E+00   0.0000E+00   0.0000E+00
    29    24   0.0000E+00   0.0000E+00   0.0000E+00   0.0000E+00   0.0000E+00   0.0000E+00
    29    25   0.0000E+00   0.0000E+00   0.0000E+00   0.0000E+00   0.0000E+00   0.0000E+00
    29    26   0.0000E+00   0.0000E+00   0.0000E+00   0.0000E+00   0.0000E+00   0.0000E+00
    29    27   0.0000E+00   0.0000E+00   0.0000E+00   0.0000E+00   0.0000E+00   0.0000E+00
    29    28   0.0000E+00   0.0000E+00   0.0000E+00   0.0000E+00   0.0000E+00   0.0000E+00
    29    29   0.0000E+00   0.0000E+00   0.0000E+00   0.0000E+00   0.0000E+00   0.0000E+00
    29    30   0.0000E+00   0.0000E+00   0.0000E+00   0.0000E+00   0.0000E+00   0.0000E+00
    29    31   0.0000E+00   0.0000E+00   0.0000E+00   0.0000E+00   0.0000E+00   0.0000E+00
    29    32   0.0000E+00   0.0000E+00   0.0000E+00   0.0000E+00   0.0000E+00   0.0000E+00
    30     1   0.0000E+00   0.0000E+00   0.0000E+00   0.0000E+00   0.0000E+00   0.0000E+00
    30     2   0.0000E+00   0.0000E+00   0.0000E+00   0.0000E+00   0.0000E+00   0.0000E+00
    30     3   0.0000E+00   0.0000E+00   0.0000E+00   0.0000E+00   0.0000E+00   0.0000E+00
    30     4   0.0000E+00   0.0000E+00   0.0000E+00   0.0000E+00   0.0000E+00   0.0000E+00
    30     5   0.0000E+00   0.0000E+00   0.0000E+00   0.0000E+00   0.0000E+00   0.0000E+00
    30     6   0.0000E+00   0.0000E+00   0.0000E+00   0.0000E+00   0.0000E+00   0.0000E+00
    30     7   0.0000E+00   0.0000E+00   0.0000E+00   0.0000E+00   0.0000E+00   0.0000E+00
    30     8   0.0000E+00   0.0000E+00   0.0000E+00   0.0000E+00   0.0000E+00   0.0000E+00
    30     9   0.0000E+00   0.0000E+00   0.0000E+00   0.0000E+00   0.0000E+00   0.0000E+00
    30    10   0.0000E+00   0.0000E+00   0.0000E+00   0.0000E+00   0.0000E+00   0.0000E+00
    30    11   0.0000E+00   0.0000E+00   0.0000E+00   0.0000E+00   0.0000E+00   0.0000E+00
    30    12   0.0000E+00   0.0000E+00   0.0000E+00   0.0000E+00   0.0000E+00   0.0000E+00
    30    13   0.0000E+00   0.0000E+00   0.0000E+00   0.0000E+00   0.0000E+00   0.0000E+00
    30    14   0.0000E+00   0.0000E+00   0.0000E+00   0.0000E+00   0.0000E+00   0.0000E+00
    30    15   0.0000E+00   0.0000E+00   0.0000E+00   0.0000E+00   0.0000E+00   0.0000E+00
    30    16   0.0000E+00   0.0000E+00   0.0000E+00   0.0000E+00   0.0000E+00   0.0000E+00
    30    17   0.0000E+00   0.0000E+00   0.0000E+00   0.0000E+00   0.0000E+00   0.0000E+00
    30    18   0.0000E+00   0.0000E+00   0.0000E+00   0.0000E+00   0.0000E+00   0.0000E+00
    30    19   0.0000E+00   0.0000E+00   0.0000E+00   0.0000E+00   0.0000E+00   0.0000E+00
    30    20   0.0000E+00   0.0000E+00   0.0000E+00   0.0000E+00   0.0000E+00   0.0000E+00
    30    21   0.0000E+00   0.0000E+00   0.0000E+00   0.0000E+00   0.0000E+00   0.0000E+00
    30    22   0.0000E+00   0.0000E+00   0.0000E+00   0.0000E+00   0.0000E+00   0.0000E+00
    30    23   0.0000E+00   0.0000E+00   0.0000E+00   0.0000E+00   0.0000E+00   0.0000E+00
    30    24   0.0000E+00   0.0000E+00   0.0000E+00   0.0000E+00   0.0000E+00   0.0000E+00
    30    25   0.0000E+00   0.0000E+00   0.0000E+00   0.0000E+00   0.0000E+00   0.0000E+00
    30    26   0.0000E+00   0.0000E+00   0.0000E+00   0.0000E+00   0.0000E+00   0.0000E+00
    30    27   0.0000E+00   0.0000E+00   0.0000E+00   0.0000E+00   0.0000E+00   0.0000E+00
    30    28   0.0000E+00   0.0000E+00   0.0000E+00   0.0000E+00   0.0000E+00   0.0000E+00
    30    29   0.0000E+00   0.0000E+00   0.0000E+00   0.0000E+00   0.0000E+00   0.0000E+00
    30    30   0.0000E+00   0.0000E+00   0.0000E+00   0.0000E+00   0.0000E+00   0.0000E+00
    30    31   1.5097E+14   1.0000E+00   6.2524E-07   1.0000E+00   0.0000E+00   0.0000E+00
    30    32   0.0000E+00   0.0000E+00   0.0000E+00   0.0000E+00   0.0000E+00   0.0000E+00
    31     1   0.0000E+00   0.0000E+00   0.0000E+00   0.0000E+00   0.0000E+00   0.0000E+00
    31     2   0.0000E+00   0.0000E+00   0.0000E+00   0.0000E+00   0.0000E+00   0.0000E+00
    31     3   0.0000E+00   0.0000E+00   0.0000E+00   0.0000E+00   0.0000E+00   0.0000E+00
    31     4   0.0000E+00   0.0000E+00   0.0000E+00   0.0000E+00   0.0000E+00   0.0000E+00
    31     5   0.0000E+00   0.0000E+00   0.0000E+00   0.0000E+00   0.0000E+00   0.0000E+00
    31     6   0.0000E+00   0.0000E+00   0.0000E+00   0.0000E+00   0.0000E+00   0.0000E+00
    31     7   0.0000E+00   0.0000E+00   0.0000E+00   0.0000E+00   0.0000E+00   0.0000E+00
    31     8   0.0000E+00   0.0000E+00   0.0000E+00   0.0000E+00   0.0000E+00   0.0000E+00
    31     9   0.0000E+00   0.0000E+00   0.0000E+00   0.0000E+00   0.0000E+00   0.0000E+00
    31    10   0.0000E+00   0.0000E+00   0.0000E+00   0.0000E+00   0.0000E+00   0.0000E+00
    31    11   0.0000E+00   0.0000E+00   0.0000E+00   0.0000E+00   0.0000E+00   0.0000E+00
    31    12   0.0000E+00   0.0000E+00   0.0000E+00   0.0000E+00   0.0000E+00   0.0000E+00
    31    13   0.0000E+00   0.0000E+00   0.0000E+00   0.0000E+00   0.0000E+00   0.0000E+00
    31    14   0.0000E+00   0.0000E+00   0.0000E+00   0.0000E+00   0.0000E+00   0.0000E+00
    31    15   0.0000E+00   0.0000E+00   0.0000E+00   0.0000E+00   0.0000E+00   0.0000E+00
    31    16   0.0000E+00   0.0000E+00   0.0000E+00   0.0000E+00   0.0000E+00   0.0000E+00
    31    17   0.0000E+00   0.0000E+00   0.0000E+00   0.0000E+00   0.0000E+00   0.0000E+00
    31    18   0.0000E+00   0.0000E+00   0.0000E+00   0.0000E+00   0.0000E+00   0.0000E+00
    31    19   0.0000E+00   0.0000E+00   0.0000E+00   0.0000E+00   0.0000E+00   0.0000E+00
    31    20   0.0000E+00   0.0000E+00   0.0000E+00   0.0000E+00   0.0000E+00   0.0000E+00
    31    21   0.0000E+00   0.0000E+00   0.0000E+00   0.0000E+00   0.0000E+00   0.0000E+00
    31    22   0.0000E+00   0.0000E+00   0.0000E+00   0.0000E+00   0.0000E+00   0.0000E+00
    31    23   0.0000E+00   0.0000E+00   0.0000E+00   0.0000E+00   0.0000E+00   0.0000E+00
    31    24   0.0000E+00   0.0000E+00   0.0000E+00   0.0000E+00   0.0000E+00   0.0000E+00
    31    25   0.0000E+00   0.0000E+00   0.0000E+00   0.0000E+00   0.0000E+00   0.0000E+00
    31    26   0.0000E+00   0.0000E+00   0.0000E+00   0.0000E+00   0.0000E+00   0.0000E+00
    31    27   0.0000E+00   0.0000E+00   0.0000E+00   0.0000E+00   0.0000E+00   0.0000E+00
    31    28   0.0000E+00   0.0000E+00   0.0000E+00   0.0000E+00   0.0000E+00   0.0000E+00
    31    29   0.0000E+00   0.0000E+00   0.0000E+00   0.0000E+00   0.0000E+00   0.0000E+00
    31    30   0.0000E+00   0.0000E+00   0.0000E+00   0.0000E+00   0.0000E+00   0.0000E+00
    31    31   0.0000E+00   0.0000E+00   0.0000E+00   0.0000E+00   0.0000E+00   0.0000E+00
    31    32   0.0000E+00   0.0000E+00   0.0000E+00   0.0000E+00   0.0000E+00   0.0000E+00
    32     1   0.0000E+00   0.0000E+00   0.0000E+00   0.0000E+00   0.0000E+00   0.0000E+00
    32     2   0.0000E+00   0.0000E+00   0.0000E+00   0.0000E+00   0.0000E+00   0.0000E+00
    32     3   0.0000E+00   0.0000E+00   0.0000E+00   0.0000E+00   0.0000E+00   0.0000E+00
    32     4   0.0000E+00   0.0000E+00   0.0000E+00   0.0000E+00   0.0000E+00   0.0000E+00
    32     5   0.0000E+00   0.0000E+00   0.0000E+00   0.0000E+00   0.0000E+00   0.0000E+00
    32     6   0.0000E+00   0.0000E+00   0.0000E+00   0.0000E+00   0.0000E+00   0.0000E+00
    32     7   0.0000E+00   0.0000E+00   0.0000E+00   0.0000E+00   0.0000E+00   0.0000E+00
    32     8   0.0000E+00   0.0000E+00   0.0000E+00   0.0000E+00   0.0000E+00   0.0000E+00
    32     9   0.0000E+00   0.0000E+00   0.0000E+00   0.0000E+00   0.0000E+00   0.0000E+00
    32    10   0.0000E+00   0.0000E+00   0.0000E+00   0.0000E+00   0.0000E+00   0.0000E+00
    32    11   0.0000E+00   0.0000E+00   0.0000E+00   0.0000E+00   0.0000E+00   0.0000E+00
    32    12   0.0000E+00   0.0000E+00   0.0000E+00   0.0000E+00   0.0000E+00   0.0000E+00
    32    13   0.0000E+00   0.0000E+00   0.0000E+00   0.0000E+00   0.0000E+00   0.0000E+00
    32    14   0.0000E+00   0.0000E+00   0.0000E+00   0.0000E+00   0.0000E+00   0.0000E+00
    32    15   0.0000E+00   0.0000E+00   0.0000E+00   0.0000E+00   0.0000E+00   0.0000E+00
    32    16   0.0000E+00   0.0000E+00   0.0000E+00   0.0000E+00   0.0000E+00   0.0000E+00
    32    17   0.0000E+00   0.0000E+00   0.0000E+00   0.0000E+00   0.0000E+00   0.0000E+00
    32    18   0.0000E+00   0.0000E+00   0.0000E+00   0.0000E+00   0.0000E+00   0.0000E+00
    32    19   0.0000E+00   0.0000E+00   0.0000E+00   0.0000E+00   0.0000E+00   0.0000E+00
    32    20   0.0000E+00   0.0000E+00   0.0000E+00   0.0000E+00   0.0000E+00   0.0000E+00
    32    21   0.0000E+00   0.0000E+00   0.0000E+00   0.0000E+00   0.0000E+00   0.0000E+00
    32    22   0.0000E+00   0.0000E+00   0.0000E+00   0.0000E+00   0.0000E+00   0.0000E+00
    32    23   0.0000E+00   0.0000E+00   0.0000E+00   0.0000E+00   0.0000E+00   0.0000E+00
    32    24   0.0000E+00   0.0000E+00   0.0000E+00   0.0000E+00   0.0000E+00   0.0000E+00
    32    25   0.0000E+00   0.0000E+00   0.0000E+00   0.0000E+00   0.0000E+00   0.0000E+00
    32    26   0.0000E+00   0.0000E+00   0.0000E+00   0.0000E+00   0.0000E+00   0.0000E+00
    32    27   0.0000E+00   0.0000E+00   0.0000E+00   0.0000E+00   0.0000E+00   0.0000E+00
    32    28   0.0000E+00   0.0000E+00   0.0000E+00   0.0000E+00   0.0000E+00   0.0000E+00
    32    29   0.0000E+00   0.0000E+00   0.0000E+00   0.0000E+00   0.0000E+00   0.0000E+00
    32    30   0.0000E+00   0.0000E+00   0.0000E+00   0.0000E+00   0.0000E+00   0.0000E+00
    32    31   0.0000E+00   0.0000E+00   0.0000E+00   0.0000E+00   0.0000E+00   0.0000E+00
    32    32   0.0000E+00   0.0000E+00   0.0000E+00   0.0000E+00   0.0000E+00   0.0000E+00
    33     1   0.0000E+00   0.0000E+00   0.0000E+00   0.0000E+00   0.0000E+00   0.0000E+00
    33     2   0.0000E+00   0.0000E+00   0.0000E+00   0.0000E+00   0.0000E+00   0.0000E+00
    33     3   0.0000E+00   0.0000E+00   0.0000E+00   0.0000E+00   0.0000E+00   0.0000E+00
    33     4   0.0000E+00   0.0000E+00   0.0000E+00   0.0000E+00   0.0000E+00   0.0000E+00
    33     5   0.0000E+00   0.0000E+00   0.0000E+00   0.0000E+00   0.0000E+00   0.0000E+00
    33     6   0.0000E+00   0.0000E+00   0.0000E+00   0.0000E+00   0.0000E+00   0.0000E+00
    33     7   1.7108E+15   7.0103E-01   7.0851E-06   7.0103E-01   0.0000E+00   0.0000E+00
    33     8   3.0007E+15   6.9118E-01   1.2427E-05   6.9118E-01   0.0000E+00   0.0000E+00
    33     9   6.4064E+15   6.4876E-01   2.6532E-05   6.4876E-01   0.0000E+00   0.0000E+00
    33    10   0.0000E+00   0.0000E+00   0.0000E+00   0.0000E+00   0.0000E+00   0.0000E+00
    33    11   0.0000E+00   0.0000E+00   0.0000E+00   0.0000E+00   0.0000E+00   0.0000E+00
    33    12   0.0000E+00   0.0000E+00   0.0000E+00   0.0000E+00   0.0000E+00   0.0000E+00
    33    13   0.0000E+00   0.0000E+00   0.0000E+00   0.0000E+00   0.0000E+00   0.0000E+00
    33    14   0.0000E+00   0.0000E+00   0.0000E+00   0.0000E+00   0.0000E+00   0.0000E+00
    33    15   0.0000E+00   0.0000E+00   0.0000E+00   0.0000E+00   0.0000E+00   0.0000E+00
    33    16   0.0000E+00   0.0000E+00   0.0000E+00   0.0000E+00   0.0000E+00   0.0000E+00
    33    17   0.0000E+00   0.0000E+00   0.0000E+00   0.0000E+00   0.0000E+00   0.0000E+00
    33    18   0.0000E+00   0.0000E+00   0.0000E+00   0.0000E+00   0.0000E+00   0.0000E+00
    33    19   0.0000E+00   0.0000E+00   0.0000E+00   0.0000E+00   0.0000E+00   0.0000E+00
    33    20   0.0000E+00   0.0000E+00   0.0000E+00   0.0000E+00   0.0000E+00   0.0000E+00
    33    21   0.0000E+00   0.0000E+00   0.0000E+00   0.0000E+00   0.0000E+00   0.0000E+00
    33    22   0.0000E+00   0.0000E+00   0.0000E+00   0.0000E+00   0.0000E+00   0.0000E+00
    33    23   0.0000E+00   0.0000E+00   0.0000E+00   0.0000E+00   0.0000E+00   0.0000E+00
    33    24   0.0000E+00   0.0000E+00   0.0000E+00   0.0000E+00   0.0000E+00   0.0000E+00
    33    25   0.0000E+00   0.0000E+00   0.0000E+00   0.0000E+00   0.0000E+00   0.0000E+00
    33    26   0.0000E+00   0.0000E+00   0.0000E+00   0.0000E+00   0.0000E+00   0.0000E+00
    33    27   0.0000E+00   0.0000E+00   0.0000E+00   0.0000E+00   0.0000E+00   0.0000E+00
    33    28   0.0000E+00   0.0000E+00   0.0000E+00   0.0000E+00   0.0000E+00   0.0000E+00
    33    29   0.0000E+00   0.0000E+00   0.0000E+00   0.0000E+00   0.0000E+00   0.0000E+00
    33    30   0.0000E+00   0.0000E+00   0.0000E+00   0.0000E+00   0.0000E+00   0.0000E+00
    33    31   0.0000E+00   0.0000E+00   0.0000E+00   0.0000E+00   0.0000E+00   0.0000E+00
    33    32   0.0000E+00   0.0000E+00   0.0000E+00   0.0000E+00   0.0000E+00   0.0000E+00
    34     1   0.0000E+00   0.0000E+00   0.0000E+00   0.0000E+00   0.0000E+00   0.0000E+00
    34     2   0.0000E+00   0.0000E+00   0.0000E+00   0.0000E+00   0.0000E+00   0.0000E+00
    34     3   0.0000E+00   0.0000E+00   0.0000E+00   0.0000E+00   0.0000E+00   0.0000E+00
    34     4   0.0000E+00   0.0000E+00   0.0000E+00   0.0000E+00   0.0000E+00   0.0000E+00
    34     5   0.0000E+00   0.0000E+00   0.0000E+00   0.0000E+00   0.0000E+00   0.0000E+00
    34     6   0.0000E+00   0.0000E+00   0.0000E+00   0.0000E+00   0.0000E+00   0.0000E+00
    34     7   0.0000E+00   0.0000E+00   0.0000E+00   0.0000E+00   0.0000E+00   0.0000E+00
    34     8   0.0000E+00   0.0000E+00   0.0000E+00   0.0000E+00   0.0000E+00   0.0000E+00
    34     9   0.0000E+00   0.0000E+00   0.0000E+00   0.0000E+00   0.0000E+00   0.0000E+00
    34    10   1.5985E+13   9.6813E-01   6.6198E-08   9.6813E-01   0.0000E+00   0.0000E+00
    34    11   3.0336E+14   9.3826E-01   1.2563E-06   9.3826E-01   0.0000E+00   0.0000E+00
    34    12   0.0000E+00   0.0000E+00   0.0000E+00   0.0000E+00   0.0000E+00   0.0000E+00
    34    13   0.0000E+00   0.0000E+00   0.0000E+00   0.0000E+00   0.0000E+00   0.0000E+00
    34    14   0.0000E+00   0.0000E+00   0.0000E+00   0.0000E+00   0.0000E+00   0.0000E+00
    34    15   0.0000E+00   0.0000E+00   0.0000E+00   0.0000E+00   0.0000E+00   0.0000E+00
    34    16   0.0000E+00   0.0000E+00   0.0000E+00   0.0000E+00   0.0000E+00   0.0000E+00
    34    17   0.0000E+00   0.0000E+00   0.0000E+00   0.0000E+00   0.0000E+00   0.0000E+00
    34    18   0.0000E+00   0.0000E+00   0.0000E+00   0.0000E+00   0.0000E+00   0.0000E+00
    34    19   0.0000E+00   0.0000E+00   0.0000E+00   0.0000E+00   0.0000E+00   0.0000E+00
    34    20   0.0000E+00   0.0000E+00   0.0000E+00   0.0000E+00   0.0000E+00   0.0000E+00
    34    21   0.0000E+00   0.0000E+00   0.0000E+00   0.0000E+00   0.0000E+00   0.0000E+00
    34    22   0.0000E+00   0.0000E+00   0.0000E+00   0.0000E+00   0.0000E+00   0.0000E+00
    34    23   0.0000E+00   0.0000E+00   0.0000E+00   0.0000E+00   0.0000E+00   0.0000E+00
    34    24   0.0000E+00   0.0000E+00   0.0000E+00   0.0000E+00   0.0000E+00   0.0000E+00
    34    25   0.0000E+00   0.0000E+00   0.0000E+00   0.0000E+00   0.0000E+00   0.0000E+00
    34    26   0.0000E+00   0.0000E+00   0.0000E+00   0.0000E+00   0.0000E+00   0.0000E+00
    34    27   0.0000E+00   0.0000E+00   0.0000E+00   0.0000E+00   0.0000E+00   0.0000E+00
    34    28   0.0000E+00   0.0000E+00   0.0000E+00   0.0000E+00   0.0000E+00   0.0000E+00
    34    29   0.0000E+00   0.0000E+00   0.0000E+00   0.0000E+00   0.0000E+00   0.0000E+00
    34    30   0.0000E+00   0.0000E+00   0.0000E+00   0.0000E+00   0.0000E+00   0.0000E+00
    34    31   0.0000E+00   0.0000E+00   0.0000E+00   0.0000E+00   0.0000E+00   0.0000E+00
    34    32   0.0000E+00   0.0000E+00   0.0000E+00   0.0000E+00   0.0000E+00   0.0000E+00
    35     1   0.0000E+00   0.0000E+00   0.0000E+00   0.0000E+00   0.0000E+00   0.0000E+00
    35     2   0.0000E+00   0.0000E+00   0.0000E+00   0.0000E+00   0.0000E+00   0.0000E+00
    35     3   0.0000E+00   0.0000E+00   0.0000E+00   0.0000E+00   0.0000E+00   0.0000E+00
    35     4   0.0000E+00   0.0000E+00   0.0000E+00   0.0000E+00   0.0000E+00   0.0000E+00
    35     5   0.0000E+00   0.0000E+00   0.0000E+00   0.0000E+00   0.0000E+00   0.0000E+00
    35     6   0.0000E+00   0.0000E+00   0.0000E+00   0.0000E+00   0.0000E+00   0.0000E+00
    35     7   0.0000E+00   0.0000E+00   0.0000E+00   0.0000E+00   0.0000E+00   0.0000E+00
    35     8   0.0000E+00   0.0000E+00   0.0000E+00   0.0000E+00   0.0000E+00   0.0000E+00
    35     9   0.0000E+00   0.0000E+00   0.0000E+00   0.0000E+00   0.0000E+00   0.0000E+00
    35    10   0.0000E+00   0.0000E+00   0.0000E+00   0.0000E+00   0.0000E+00   0.0000E+00
    35    11   5.8359E+15   1.0000E+00   2.4169E-05   1.0000E+00   0.0000E+00   0.0000E+00
    35    12   1.1043E+13   7.1033E-01   4.5734E-08   7.1033E-01   0.0000E+00   0.0000E+00
    35    13   9.3680E+14   1.0000E+00   3.8797E-06   1.0000E+00   0.0000E+00   0.0000E+00
    35    14   0.0000E+00   0.0000E+00   0.0000E+00   0.0000E+00   0.0000E+00   0.0000E+00
    35    15   0.0000E+00   0.0000E+00   0.0000E+00   0.0000E+00   0.0000E+00   0.0000E+00
    35    16   0.0000E+00   0.0000E+00   0.0000E+00   0.0000E+00   0.0000E+00   0.0000E+00
    35    17   0.0000E+00   0.0000E+00   0.0000E+00   0.0000E+00   0.0000E+00   0.0000E+00
    35    18   0.0000E+00   0.0000E+00   0.0000E+00   0.0000E+00   0.0000E+00   0.0000E+00
    35    19   0.0000E+00   0.0000E+00   0.0000E+00   0.0000E+00   0.0000E+00   0.0000E+00
    35    20   0.0000E+00   0.0000E+00   0.0000E+00   0.0000E+00   0.0000E+00   0.0000E+00
    35    21   0.0000E+00   0.0000E+00   0.0000E+00   0.0000E+00   0.0000E+00   0.0000E+00
    35    22   0.0000E+00   0.0000E+00   0.0000E+00   0.0000E+00   0.0000E+00   0.0000E+00
    35    23   0.0000E+00   0.0000E+00   0.0000E+00   0.0000E+00   0.0000E+00   0.0000E+00
    35    24   0.0000E+00   0.0000E+00   0.0000E+00   0.0000E+00   0.0000E+00   0.0000E+00
    35    25   0.0000E+00   0.0000E+00   0.0000E+00   0.0000E+00   0.0000E+00   0.0000E+00
    35    26   0.0000E+00   0.0000E+00   0.0000E+00   0.0000E+00   0.0000E+00   0.0000E+00
    35    27   0.0000E+00   0.0000E+00   0.0000E+00   0.0000E+00   0.0000E+00   0.0000E+00
    35    28   0.0000E+00   0.0000E+00   0.0000E+00   0.0000E+00   0.0000E+00   0.0000E+00
    35    29   0.0000E+00   0.0000E+00   0.0000E+00   0.0000E+00   0.0000E+00   0.0000E+00
    35    30   0.0000E+00   0.0000E+00   0.0000E+00   0.0000E+00   0.0000E+00   0.0000E+00
    35    31   0.0000E+00   0.0000E+00   0.0000E+00   0.0000E+00   0.0000E+00   0.0000E+00
    35    32   2.0771E+14   1.0000E+00   8.6019E-07   1.0000E+00   0.0000E+00   0.0000E+00
    36     1   0.0000E+00   0.0000E+00   0.0000E+00   0.0000E+00   0.0000E+00   0.0000E+00
    36     2   0.0000E+00   0.0000E+00   0.0000E+00   0.0000E+00   0.0000E+00   0.0000E+00
    36     3   0.0000E+00   0.0000E+00   0.0000E+00   0.0000E+00   0.0000E+00   0.0000E+00
    36     4   0.0000E+00   0.0000E+00   0.0000E+00   0.0000E+00   0.0000E+00   0.0000E+00
    36     5   0.0000E+00   0.0000E+00   0.0000E+00   0.0000E+00   0.0000E+00   0.0000E+00
    36     6   0.0000E+00   0.0000E+00   0.0000E+00   0.0000E+00   0.0000E+00   0.0000E+00
    36     7   0.0000E+00   0.0000E+00   0.0000E+00   0.0000E+00   0.0000E+00   0.0000E+00
    36     8   0.0000E+00   0.0000E+00   0.0000E+00   0.0000E+00   0.0000E+00   0.0000E+00
    36     9   0.0000E+00   0.0000E+00   0.0000E+00   0.0000E+00   0.0000E+00   0.0000E+00
    36    10   0.0000E+00   0.0000E+00   0.0000E+00   0.0000E+00   0.0000E+00   0.0000E+00
    36    11   0.0000E+00   0.0000E+00   0.0000E+00   0.0000E+00   0.0000E+00   0.0000E+00
    36    12   0.0000E+00   0.0000E+00   0.0000E+00   0.0000E+00   0.0000E+00   0.0000E+00
    36    13   0.0000E+00   0.0000E+00   0.0000E+00   0.0000E+00   0.0000E+00   0.0000E+00
    36    14   0.0000E+00   0.0000E+00   0.0000E+00   0.0000E+00   0.0000E+00   0.0000E+00
    36    15   8.1299E+14   9.2090E-01   3.3669E-06   9.2090E-01   0.0000E+00   0.0000E+00
    36    16   3.7966E+14   7.3289E-01   1.5723E-06   7.3289E-01   0.0000E+00   0.0000E+00
    36    17   0.0000E+00   0.0000E+00   0.0000E+00   0.0000E+00   0.0000E+00   0.0000E+00
    36    18   0.0000E+00   0.0000E+00   0.0000E+00   0.0000E+00   0.0000E+00   0.0000E+00
    36    19   8.9657E+13   1.0000E+00   3.7131E-07   1.0000E+00   0.0000E+00   0.0000E+00
    36    20   0.0000E+00   0.0000E+00   0.0000E+00   0.0000E+00   0.0000E+00   0.0000E+00
    36    21   0.0000E+00   0.0000E+00   0.0000E+00   0.0000E+00   0.0000E+00   0.0000E+00
    36    22   0.0000E+00   0.0000E+00   0.0000E+00   0.0000E+00   0.0000E+00   0.0000E+00
    36    23   0.0000E+00   0.0000E+00   0.0000E+00   0.0000E+00   0.0000E+00   0.0000E+00
    36    24   0.0000E+00   0.0000E+00   0.0000E+00   0.0000E+00   0.0000E+00   0.0000E+00
    36    25   0.0000E+00   0.0000E+00   0.0000E+00   0.0000E+00   0.0000E+00   0.0000E+00
    36    26   0.0000E+00   0.0000E+00   0.0000E+00   0.0000E+00   0.0000E+00   0.0000E+00
    36    27   0.0000E+00   0.0000E+00   0.0000E+00   0.0000E+00   0.0000E+00   0.0000E+00
    36    28   0.0000E+00   0.0000E+00   0.0000E+00   0.0000E+00   0.0000E+00   0.0000E+00
    36    29   0.0000E+00   0.0000E+00   0.0000E+00   0.0000E+00   0.0000E+00   0.0000E+00
    36    30   0.0000E+00   0.0000E+00   0.0000E+00   0.0000E+00   0.0000E+00   0.0000E+00
    36    31   0.0000E+00   0.0000E+00   0.0000E+00   0.0000E+00   0.0000E+00   0.0000E+00
    36    32   0.0000E+00   0.0000E+00   0.0000E+00   0.0000E+00   0.0000E+00   0.0000E+00
    37     1   0.0000E+00   0.0000E+00   0.0000E+00   0.0000E+00   0.0000E+00   0.0000E+00
    37     2   0.0000E+00   0.0000E+00   0.0000E+00   0.0000E+00   0.0000E+00   0.0000E+00
    37     3   0.0000E+00   0.0000E+00   0.0000E+00   0.0000E+00   0.0000E+00   0.0000E+00
    37     4   0.0000E+00   0.0000E+00   0.0000E+00   0.0000E+00   0.0000E+00   0.0000E+00
    37     5   0.0000E+00   0.0000E+00   0.0000E+00   0.0000E+00   0.0000E+00   0.0000E+00
    37     6   0.0000E+00   0.0000E+00   0.0000E+00   0.0000E+00   0.0000E+00   0.0000E+00
    37     7   0.0000E+00   0.0000E+00   0.0000E+00   0.0000E+00   0.0000E+00   0.0000E+00
    37     8   0.0000E+00   0.0000E+00   0.0000E+00   0.0000E+00   0.0000E+00   0.0000E+00
    37     9   0.0000E+00   0.0000E+00   0.0000E+00   0.0000E+00   0.0000E+00   0.0000E+00
    37    10   0.0000E+00   0.0000E+00   0.0000E+00   0.0000E+00   0.0000E+00   0.0000E+00
    37    11   0.0000E+00   0.0000E+00   0.0000E+00   0.0000E+00   0.0000E+00   0.0000E+00
    37    12   0.0000E+00   0.0000E+00   0.0000E+00   0.0000E+00   0.0000E+00   0.0000E+00
    37    13   0.0000E+00   0.0000E+00   0.0000E+00   0.0000E+00   0.0000E+00   0.0000E+00
    37    14   1.0516E+12   1.0000E+00   4.3552E-09   1.0000E+00   0.0000E+00   0.0000E+00
    37    15   2.0765E+15   1.0000E+00   8.5995E-06   1.0000E+00   0.0000E+00   0.0000E+00
    37    16   0.0000E+00   0.0000E+00   0.0000E+00   0.0000E+00   0.0000E+00   0.0000E+00
    37    17   0.0000E+00   0.0000E+00   0.0000E+00   0.0000E+00   0.0000E+00   0.0000E+00
    37    18   0.0000E+00   0.0000E+00   0.0000E+00   0.0000E+00   0.0000E+00   0.0000E+00
    37    19   0.0000E+00   0.0000E+00   0.0000E+00   0.0000E+00   0.0000E+00   0.0000E+00
    37    20   3.3707E+16   9.3629E-01   1.3959E-04   9.3629E-01   0.0000E+00   0.0000E+00
    37    21   0.0000E+00   0.0000E+00   0.0000E+00   0.0000E+00   0.0000E+00   0.0000E+00
    37    22   0.0000E+00   0.0000E+00   0.0000E+00   0.0000E+00   0.0000E+00   0.0000E+00
    37    23   0.0000E+00   0.0000E+00   0.0000E+00   0.0000E+00   0.0000E+00   0.0000E+00
    37    24   0.0000E+00   0.0000E+00   0.0000E+00   0.0000E+00   0.0000E+00   0.0000E+00
    37    25   0.0000E+00   0.0000E+00   0.0000E+00   0.0000E+00   0.0000E+00   0.0000E+00
    37    26   0.0000E+00   0.0000E+00   0.0000E+00   0.0000E+00   0.0000E+00   0.0000E+00
    37    27   0.0000E+00   0.0000E+00   0.0000E+00   0.0000E+00   0.0000E+00   0.0000E+00
    37    28   0.0000E+00   0.0000E+00   0.0000E+00   0.0000E+00   0.0000E+00   0.0000E+00
    37    29   0.0000E+00   0.0000E+00   0.0000E+00   0.0000E+00   0.0000E+00   0.0000E+00
    37    30   0.0000E+00   0.0000E+00   0.0000E+00   0.0000E+00   0.0000E+00   0.0000E+00
    37    31   0.0000E+00   0.0000E+00   0.0000E+00   0.0000E+00   0.0000E+00   0.0000E+00
    37    32   0.0000E+00   0.0000E+00   0.0000E+00   0.0000E+00   0.0000E+00   0.0000E+00
    38     1   0.0000E+00   0.0000E+00   0.0000E+00   0.0000E+00   0.0000E+00   0.0000E+00
    38     2   0.0000E+00   0.0000E+00   0.0000E+00   0.0000E+00   0.0000E+00   0.0000E+00
    38     3   0.0000E+00   0.0000E+00   0.0000E+00   0.0000E+00   0.0000E+00   0.0000E+00
    38     4   0.0000E+00   0.0000E+00   0.0000E+00   0.0000E+00   0.0000E+00   0.0000E+00
    38     5   0.0000E+00   0.0000E+00   0.0000E+00   0.0000E+00   0.0000E+00   0.0000E+00
    38     6   0.0000E+00   0.0000E+00   0.0000E+00   0.0000E+00   0.0000E+00   0.0000E+00
    38     7   0.0000E+00   0.0000E+00   0.0000E+00   0.0000E+00   0.0000E+00   0.0000E+00
    38     8   0.0000E+00   0.0000E+00   0.0000E+00   0.0000E+00   0.0000E+00   0.0000E+00
    38     9   0.0000E+00   0.0000E+00   0.0000E+00   0.0000E+00   0.0000E+00   0.0000E+00
    38    10   0.0000E+00   0.0000E+00   0.0000E+00   0.0000E+00   0.0000E+00   0.0000E+00
    38    11   0.0000E+00   0.0000E+00   0.0000E+00   0.0000E+00   0.0000E+00   0.0000E+00
    38    12   0.0000E+00   0.0000E+00   0.0000E+00   0.0000E+00   0.0000E+00   0.0000E+00
    38    13   0.0000E+00   0.0000E+00   0.0000E+00   0.0000E+00   0.0000E+00   0.0000E+00
    38    14   0.0000E+00   0.0000E+00   0.0000E+00   0.0000E+00   0.0000E+00   0.0000E+00
    38    15   0.0000E+00   0.0000E+00   0.0000E+00   0.0000E+00   0.0000E+00   0.0000E+00
    38    16   0.0000E+00   0.0000E+00   0.0000E+00   0.0000E+00   0.0000E+00   0.0000E+00
    38    17   0.0000E+00   0.0000E+00   0.0000E+00   0.0000E+00   0.0000E+00   0.0000E+00
    38    18   0.0000E+00   0.0000E+00   0.0000E+00   0.0000E+00   0.0000E+00   0.0000E+00
    38    19   0.0000E+00   0.0000E+00   0.0000E+00   0.0000E+00   0.0000E+00   0.0000E+00
    38    20   3.5725E+12   1.0000E+00   1.4795E-08   1.0000E+00   0.0000E+00   0.0000E+00
    38    21   0.0000E+00   0.0000E+00   0.0000E+00   0.0000E+00   0.0000E+00   0.0000E+00
    38    22   0.0000E+00   0.0000E+00   0.0000E+00   0.0000E+00   0.0000E+00   0.0000E+00
    38    23   0.0000E+00   0.0000E+00   0.0000E+00   0.0000E+00   0.0000E+00   0.0000E+00
    38    24   0.0000E+00   0.0000E+00   0.0000E+00   0.0000E+00   0.0000E+00   0.0000E+00
    38    25   0.0000E+00   0.0000E+00   0.0000E+00   0.0000E+00   0.0000E+00   0.0000E+00
    38    26   0.0000E+00   0.0000E+00   0.0000E+00   0.0000E+00   0.0000E+00   0.0000E+00
    38    27   0.0000E+00   0.0000E+00   0.0000E+00   0.0000E+00   0.0000E+00   0.0000E+00
    38    28   0.0000E+00   0.0000E+00   0.0000E+00   0.0000E+00   0.0000E+00   0.0000E+00
    38    29   0.0000E+00   0.0000E+00   0.0000E+00   0.0000E+00   0.0000E+00   0.0000E+00
    38    30   0.0000E+00   0.0000E+00   0.0000E+00   0.0000E+00   0.0000E+00   0.0000E+00
    38    31   0.0000E+00   0.0000E+00   0.0000E+00   0.0000E+00   0.0000E+00   0.0000E+00
    38    32   0.0000E+00   0.0000E+00   0.0000E+00   0.0000E+00   0.0000E+00   0.0000E+00
    39     1   0.0000E+00   0.0000E+00   0.0000E+00   0.0000E+00   0.0000E+00   0.0000E+00
    39     2   0.0000E+00   0.0000E+00   0.0000E+00   0.0000E+00   0.0000E+00   0.0000E+00
    39     3   0.0000E+00   0.0000E+00   0.0000E+00   0.0000E+00   0.0000E+00   0.0000E+00
    39     4   0.0000E+00   0.0000E+00   0.0000E+00   0.0000E+00   0.0000E+00   0.0000E+00
    39     5   0.0000E+00   0.0000E+00   0.0000E+00   0.0000E+00   0.0000E+00   0.0000E+00
    39     6   0.0000E+00   0.0000E+00   0.0000E+00   0.0000E+00   0.0000E+00   0.0000E+00
    39     7   0.0000E+00   0.0000E+00   0.0000E+00   0.0000E+00   0.0000E+00   0.0000E+00
    39     8   0.0000E+00   0.0000E+00   0.0000E+00   0.0000E+00   0.0000E+00   0.0000E+00
    39     9   0.0000E+00   0.0000E+00   0.0000E+00   0.0000E+00   0.0000E+00   0.0000E+00
    39    10   0.0000E+00   0.0000E+00   0.0000E+00   0.0000E+00   0.0000E+00   0.0000E+00
    39    11   0.0000E+00   0.0000E+00   0.0000E+00   0.0000E+00   0.0000E+00   0.0000E+00
    39    12   0.0000E+00   0.0000E+00   0.0000E+00   0.0000E+00   0.0000E+00   0.0000E+00
    39    13   0.0000E+00   0.0000E+00   0.0000E+00   0.0000E+00   0.0000E+00   0.0000E+00
    39    14   0.0000E+00   0.0000E+00   0.0000E+00   0.0000E+00   0.0000E+00   0.0000E+00
    39    15   0.0000E+00   0.0000E+00   0.0000E+00   0.0000E+00   0.0000E+00   0.0000E+00
    39    16   0.0000E+00   0.0000E+00   0.0000E+00   0.0000E+00   0.0000E+00   0.0000E+00
    39    17   0.0000E+00   0.0000E+00   0.0000E+00   0.0000E+00   0.0000E+00   0.0000E+00
    39    18   0.0000E+00   0.0000E+00   0.0000E+00   0.0000E+00   0.0000E+00   0.0000E+00
    39    19   0.0000E+00   0.0000E+00   0.0000E+00   0.0000E+00   0.0000E+00   0.0000E+00
    39    20   0.0000E+00   0.0000E+00   0.0000E+00   0.0000E+00   0.0000E+00   0.0000E+00
    39    21   0.0000E+00   0.0000E+00   0.0000E+00   0.0000E+00   0.0000E+00   0.0000E+00
    39    22   3.8460E+15   1.0000E+00   1.5928E-05   1.0000E+00   0.0000E+00   0.0000E+00
    39    23   0.0000E+00   0.0000E+00   0.0000E+00   0.0000E+00   0.0000E+00   0.0000E+00
    39    24   0.0000E+00   0.0000E+00   0.0000E+00   0.0000E+00   0.0000E+00   0.0000E+00
    39    25   0.0000E+00   0.0000E+00   0.0000E+00   0.0000E+00   0.0000E+00   0.0000E+00
    39    26   0.0000E+00   0.0000E+00   0.0000E+00   0.0000E+00   0.0000E+00   0.0000E+00
    39    27   0.0000E+00   0.0000E+00   0.0000E+00   0.0000E+00   0.0000E+00   0.0000E+00
    39    28   0.0000E+00   0.0000E+00   0.0000E+00   0.0000E+00   0.0000E+00   0.0000E+00
    39    29   0.0000E+00   0.0000E+00   0.0000E+00   0.0000E+00   0.0000E+00   0.0000E+00
    39    30   0.0000E+00   0.0000E+00   0.0000E+00   0.0000E+00   0.0000E+00   0.0000E+00
    39    31   0.0000E+00   0.0000E+00   0.0000E+00   0.0000E+00   0.0000E+00   0.0000E+00
    39    32   0.0000E+00   0.0000E+00   0.0000E+00   0.0000E+00   0.0000E+00   0.0000E+00
    40     1   0.0000E+00   0.0000E+00   0.0000E+00   0.0000E+00   0.0000E+00   0.0000E+00
    40     2   0.0000E+00   0.0000E+00   0.0000E+00   0.0000E+00   0.0000E+00   0.0000E+00
    40     3   0.0000E+00   0.0000E+00   0.0000E+00   0.0000E+00   0.0000E+00   0.0000E+00
    40     4   0.0000E+00   0.0000E+00   0.0000E+00   0.0000E+00   0.0000E+00   0.0000E+00
    40     5   0.0000E+00   0.0000E+00   0.0000E+00   0.0000E+00   0.0000E+00   0.0000E+00
    40     6   0.0000E+00   0.0000E+00   0.0000E+00   0.0000E+00   0.0000E+00   0.0000E+00
    40     7   0.0000E+00   0.0000E+00   0.0000E+00   0.0000E+00   0.0000E+00   0.0000E+00
    40     8   0.0000E+00   0.0000E+00   0.0000E+00   0.0000E+00   0.0000E+00   0.0000E+00
    40     9   0.0000E+00   0.0000E+00   0.0000E+00   0.0000E+00   0.0000E+00   0.0000E+00
    40    10   0.0000E+00   0.0000E+00   0.0000E+00   0.0000E+00   0.0000E+00   0.0000E+00
    40    11   0.0000E+00   0.0000E+00   0.0000E+00   0.0000E+00   0.0000E+00   0.0000E+00
    40    12   0.0000E+00   0.0000E+00   0.0000E+00   0.0000E+00   0.0000E+00   0.0000E+00
    40    13   0.0000E+00   0.0000E+00   0.0000E+00   0.0000E+00   0.0000E+00   0.0000E+00
    40    14   0.0000E+00   0.0000E+00   0.0000E+00   0.0000E+00   0.0000E+00   0.0000E+00
    40    15   0.0000E+00   0.0000E+00   0.0000E+00   0.0000E+00   0.0000E+00   0.0000E+00
    40    16   0.0000E+00   0.0000E+00   0.0000E+00   0.0000E+00   0.0000E+00   0.0000E+00
    40    17   0.0000E+00   0.0000E+00   0.0000E+00   0.0000E+00   0.0000E+00   0.0000E+00
    40    18   0.0000E+00   0.0000E+00   0.0000E+00   0.0000E+00   0.0000E+00   0.0000E+00
    40    19   0.0000E+00   0.0000E+00   0.0000E+00   0.0000E+00   0.0000E+00   0.0000E+00
    40    20   0.0000E+00   0.0000E+00   0.0000E+00   0.0000E+00   0.0000E+00   0.0000E+00
    40    21   0.0000E+00   0.0000E+00   0.0000E+00   0.0000E+00   0.0000E+00   0.0000E+00
    40    22   7.1960E+16   1.0000E+00   2.9801E-04   1.0000E+00   0.0000E+00   0.0000E+00
    40    23   0.0000E+00   0.0000E+00   0.0000E+00   0.0000E+00   0.0000E+00   0.0000E+00
    40    24   0.0000E+00   0.0000E+00   0.0000E+00   0.0000E+00   0.0000E+00   0.0000E+00
    40    25   1.3236E+16   1.0000E+00   5.4814E-05   1.0000E+00   0.0000E+00   0.0000E+00
    40    26   0.0000E+00   0.0000E+00   0.0000E+00   0.0000E+00   0.0000E+00   0.0000E+00
    40    27   0.0000E+00   0.0000E+00   0.0000E+00   0.0000E+00   0.0000E+00   0.0000E+00
    40    28   0.0000E+00   0.0000E+00   0.0000E+00   0.0000E+00   0.0000E+00   0.0000E+00
    40    29   0.0000E+00   0.0000E+00   0.0000E+00   0.0000E+00   0.0000E+00   0.0000E+00
    40    30   0.0000E+00   0.0000E+00   0.0000E+00   0.0000E+00   0.0000E+00   0.0000E+00
    40    31   0.0000E+00   0.0000E+00   0.0000E+00   0.0000E+00   0.0000E+00   0.0000E+00
    40    32   0.0000E+00   0.0000E+00   0.0000E+00   0.0000E+00   0.0000E+00   0.0000E+00
    41     1   0.0000E+00   0.0000E+00   0.0000E+00   0.0000E+00   0.0000E+00   0.0000E+00
    41     2   0.0000E+00   0.0000E+00   0.0000E+00   0.0000E+00   0.0000E+00   0.0000E+00
    41     3   0.0000E+00   0.0000E+00   0.0000E+00   0.0000E+00   0.0000E+00   0.0000E+00
    41     4   0.0000E+00   0.0000E+00   0.0000E+00   0.0000E+00   0.0000E+00   0.0000E+00
    41     5   0.0000E+00   0.0000E+00   0.0000E+00   0.0000E+00   0.0000E+00   0.0000E+00
    41     6   0.0000E+00   0.0000E+00   0.0000E+00   0.0000E+00   0.0000E+00   0.0000E+00
    41     7   0.0000E+00   0.0000E+00   0.0000E+00   0.0000E+00   0.0000E+00   0.0000E+00
    41     8   0.0000E+00   0.0000E+00   0.0000E+00   0.0000E+00   0.0000E+00   0.0000E+00
    41     9   0.0000E+00   0.0000E+00   0.0000E+00   0.0000E+00   0.0000E+00   0.0000E+00
    41    10   0.0000E+00   0.0000E+00   0.0000E+00   0.0000E+00   0.0000E+00   0.0000E+00
    41    11   0.0000E+00   0.0000E+00   0.0000E+00   0.0000E+00   0.0000E+00   0.0000E+00
    41    12   0.0000E+00   0.0000E+00   0.0000E+00   0.0000E+00   0.0000E+00   0.0000E+00
    41    13   0.0000E+00   0.0000E+00   0.0000E+00   0.0000E+00   0.0000E+00   0.0000E+00
    41    14   0.0000E+00   0.0000E+00   0.0000E+00   0.0000E+00   0.0000E+00   0.0000E+00
    41    15   0.0000E+00   0.0000E+00   0.0000E+00   0.0000E+00   0.0000E+00   0.0000E+00
    41    16   0.0000E+00   0.0000E+00   0.0000E+00   0.0000E+00   0.0000E+00   0.0000E+00
    41    17   0.0000E+00   0.0000E+00   0.0000E+00   0.0000E+00   0.0000E+00   0.0000E+00
    41    18   0.0000E+00   0.0000E+00   0.0000E+00   0.0000E+00   0.0000E+00   0.0000E+00
    41    19   0.0000E+00   0.0000E+00   0.0000E+00   0.0000E+00   0.0000E+00   0.0000E+00
    41    20   0.0000E+00   0.0000E+00   0.0000E+00   0.0000E+00   0.0000E+00   0.0000E+00
    41    21   0.0000E+00   0.0000E+00   0.0000E+00   0.0000E+00   0.0000E+00   0.0000E+00
    41    22   1.0318E+15   1.0000E+00   4.2730E-06   1.0000E+00   0.0000E+00   0.0000E+00
    41    23   0.0000E+00   0.0000E+00   0.0000E+00   0.0000E+00   0.0000E+00   0.0000E+00
    41    24   0.0000E+00   0.0000E+00   0.0000E+00   0.0000E+00   0.0000E+00   0.0000E+00
    41    25   0.0000E+00   0.0000E+00   0.0000E+00   0.0000E+00   0.0000E+00   0.0000E+00
    41    26   1.2090E+15   1.0000E+00   5.0070E-06   1.0000E+00   0.0000E+00   0.0000E+00
    41    27   0.0000E+00   0.0000E+00   0.0000E+00   0.0000E+00   0.0000E+00   0.0000E+00
    41    28   0.0000E+00   0.0000E+00   0.0000E+00   0.0000E+00   0.0000E+00   0.0000E+00
    41    29   0.0000E+00   0.0000E+00   0.0000E+00   0.0000E+00   0.0000E+00   0.0000E+00
    41    30   0.0000E+00   0.0000E+00   0.0000E+00   0.0000E+00   0.0000E+00   0.0000E+00
    41    31   0.0000E+00   0.0000E+00   0.0000E+00   0.0000E+00   0.0000E+00   0.0000E+00
    41    32   0.0000E+00   0.0000E+00   0.0000E+00   0.0000E+00   0.0000E+00   0.0000E+00
    42     1   0.0000E+00   0.0000E+00   0.0000E+00   0.0000E+00   0.0000E+00   0.0000E+00
    42     2   0.0000E+00   0.0000E+00   0.0000E+00   0.0000E+00   0.0000E+00   0.0000E+00
    42     3   0.0000E+00   0.0000E+00   0.0000E+00   0.0000E+00   0.0000E+00   0.0000E+00
    42     4   0.0000E+00   0.0000E+00   0.0000E+00   0.0000E+00   0.0000E+00   0.0000E+00
    42     5   0.0000E+00   0.0000E+00   0.0000E+00   0.0000E+00   0.0000E+00   0.0000E+00
    42     6   0.0000E+00   0.0000E+00   0.0000E+00   0.0000E+00   0.0000E+00   0.0000E+00
    42     7   0.0000E+00   0.0000E+00   0.0000E+00   0.0000E+00   0.0000E+00   0.0000E+00
    42     8   0.0000E+00   0.0000E+00   0.0000E+00   0.0000E+00   0.0000E+00   0.0000E+00
    42     9   0.0000E+00   0.0000E+00   0.0000E+00   0.0000E+00   0.0000E+00   0.0000E+00
    42    10   0.0000E+00   0.0000E+00   0.0000E+00   0.0000E+00   0.0000E+00   0.0000E+00
    42    11   0.0000E+00   0.0000E+00   0.0000E+00   0.0000E+00   0.0000E+00   0.0000E+00
    42    12   0.0000E+00   0.0000E+00   0.0000E+00   0.0000E+00   0.0000E+00   0.0000E+00
    42    13   0.0000E+00   0.0000E+00   0.0000E+00   0.0000E+00   0.0000E+00   0.0000E+00
    42    14   0.0000E+00   0.0000E+00   0.0000E+00   0.0000E+00   0.0000E+00   0.0000E+00
    42    15   0.0000E+00   0.0000E+00   0.0000E+00   0.0000E+00   0.0000E+00   0.0000E+00
    42    16   0.0000E+00   0.0000E+00   0.0000E+00   0.0000E+00   0.0000E+00   0.0000E+00
    42    17   0.0000E+00   0.0000E+00   0.0000E+00   0.0000E+00   0.0000E+00   0.0000E+00
    42    18   0.0000E+00   0.0000E+00   0.0000E+00   0.0000E+00   0.0000E+00   0.0000E+00
    42    19   0.0000E+00   0.0000E+00   0.0000E+00   0.0000E+00   0.0000E+00   0.0000E+00
    42    20   0.0000E+00   0.0000E+00   0.0000E+00   0.0000E+00   0.0000E+00   0.0000E+00
    42    21   0.0000E+00   0.0000E+00   0.0000E+00   0.0000E+00   0.0000E+00   0.0000E+00
    42    22   0.0000E+00   0.0000E+00   0.0000E+00   0.0000E+00   0.0000E+00   0.0000E+00
    42    23   0.0000E+00   0.0000E+00   0.0000E+00   0.0000E+00   0.0000E+00   0.0000E+00
    42    24   0.0000E+00   0.0000E+00   0.0000E+00   0.0000E+00   0.0000E+00   0.0000E+00
    42    25   1.0312E+17   1.0000E+00   4.2705E-04   1.0000E+00   0.0000E+00   0.0000E+00
    42    26   0.0000E+00   0.0000E+00   0.0000E+00   0.0000E+00   0.0000E+00   0.0000E+00
    42    27   0.0000E+00   0.0000E+00   0.0000E+00   0.0000E+00   0.0000E+00   0.0000E+00
    42    28   0.0000E+00   0.0000E+00   0.0000E+00   0.0000E+00   0.0000E+00   0.0000E+00
    42    29   0.0000E+00   0.0000E+00   0.0000E+00   0.0000E+00   0.0000E+00   0.0000E+00
    42    30   0.0000E+00   0.0000E+00   0.0000E+00   0.0000E+00   0.0000E+00   0.0000E+00
    42    31   0.0000E+00   0.0000E+00   0.0000E+00   0.0000E+00   0.0000E+00   0.0000E+00
    42    32   6.9334E+14   1.0000E+00   2.8714E-06   1.0000E+00   0.0000E+00   0.0000E+00
    43     1   0.0000E+00   0.0000E+00   0.0000E+00   0.0000E+00   0.0000E+00   0.0000E+00
    43     2   0.0000E+00   0.0000E+00   0.0000E+00   0.0000E+00   0.0000E+00   0.0000E+00
    43     3   0.0000E+00   0.0000E+00   0.0000E+00   0.0000E+00   0.0000E+00   0.0000E+00
    43     4   0.0000E+00   0.0000E+00   0.0000E+00   0.0000E+00   0.0000E+00   0.0000E+00
    43     5   0.0000E+00   0.0000E+00   0.0000E+00   0.0000E+00   0.0000E+00   0.0000E+00
    43     6   0.0000E+00   0.0000E+00   0.0000E+00   0.0000E+00   0.0000E+00   0.0000E+00
    43     7   0.0000E+00   0.0000E+00   0.0000E+00   0.0000E+00   0.0000E+00   0.0000E+00
    43     8   0.0000E+00   0.0000E+00   0.0000E+00   0.0000E+00   0.0000E+00   0.0000E+00
    43     9   0.0000E+00   0.0000E+00   0.0000E+00   0.0000E+00   0.0000E+00   0.0000E+00
    43    10   0.0000E+00   0.0000E+00   0.0000E+00   0.0000E+00   0.0000E+00   0.0000E+00
    43    11   0.0000E+00   0.0000E+00   0.0000E+00   0.0000E+00   0.0000E+00   0.0000E+00
    43    12   0.0000E+00   0.0000E+00   0.0000E+00   0.0000E+00   0.0000E+00   0.0000E+00
    43    13   0.0000E+00   0.0000E+00   0.0000E+00   0.0000E+00   0.0000E+00   0.0000E+00
    43    14   0.0000E+00   0.0000E+00   0.0000E+00   0.0000E+00   0.0000E+00   0.0000E+00
    43    15   0.0000E+00   0.0000E+00   0.0000E+00   0.0000E+00   0.0000E+00   0.0000E+00
    43    16   0.0000E+00   0.0000E+00   0.0000E+00   0.0000E+00   0.0000E+00   0.0000E+00
    43    17   0.0000E+00   0.0000E+00   0.0000E+00   0.0000E+00   0.0000E+00   0.0000E+00
    43    18   0.0000E+00   0.0000E+00   0.0000E+00   0.0000E+00   0.0000E+00   0.0000E+00
    43    19   0.0000E+00   0.0000E+00   0.0000E+00   0.0000E+00   0.0000E+00   0.0000E+00
    43    20   0.0000E+00   0.0000E+00   0.0000E+00   0.0000E+00   0.0000E+00   0.0000E+00
    43    21   0.0000E+00   0.0000E+00   0.0000E+00   0.0000E+00   0.0000E+00   0.0000E+00
    43    22   0.0000E+00   0.0000E+00   0.0000E+00   0.0000E+00   0.0000E+00   0.0000E+00
    43    23   0.0000E+00   0.0000E+00   0.0000E+00   0.0000E+00   0.0000E+00   0.0000E+00
    43    24   0.0000E+00   0.0000E+00   0.0000E+00   0.0000E+00   0.0000E+00   0.0000E+00
    43    25   0.0000E+00   0.0000E+00   0.0000E+00   0.0000E+00   0.0000E+00   0.0000E+00
    43    26   0.0000E+00   0.0000E+00   0.0000E+00   0.0000E+00   0.0000E+00   0.0000E+00
    43    27   1.4576E+17   1.0000E+00   6.0365E-04   1.0000E+00   0.0000E+00   0.0000E+00
    43    28   0.0000E+00   0.0000E+00   0.0000E+00   0.0000E+00   0.0000E+00   0.0000E+00
    43    29   0.0000E+00   0.0000E+00   0.0000E+00   0.0000E+00   0.0000E+00   0.0000E+00
    43    30   0.0000E+00   0.0000E+00   0.0000E+00   0.0000E+00   0.0000E+00   0.0000E+00
    43    31   0.0000E+00   0.0000E+00   0.0000E+00   0.0000E+00   0.0000E+00   0.0000E+00
    43    32   0.0000E+00   0.0000E+00   0.0000E+00   0.0000E+00   0.0000E+00   0.0000E+00
    44     1   0.0000E+00   0.0000E+00   0.0000E+00   0.0000E+00   0.0000E+00   0.0000E+00
    44     2   0.0000E+00   0.0000E+00   0.0000E+00   0.0000E+00   0.0000E+00   0.0000E+00
    44     3   0.0000E+00   0.0000E+00   0.0000E+00   0.0000E+00   0.0000E+00   0.0000E+00
    44     4   0.0000E+00   0.0000E+00   0.0000E+00   0.0000E+00   0.0000E+00   0.0000E+00
    44     5   0.0000E+00   0.0000E+00   0.0000E+00   0.0000E+00   0.0000E+00   0.0000E+00
    44     6   0.0000E+00   0.0000E+00   0.0000E+00   0.0000E+00   0.0000E+00   0.0000E+00
    44     7   0.0000E+00   0.0000E+00   0.0000E+00   0.0000E+00   0.0000E+00   0.0000E+00
    44     8   0.0000E+00   0.0000E+00   0.0000E+00   0.0000E+00   0.0000E+00   0.0000E+00
    44     9   0.0000E+00   0.0000E+00   0.0000E+00   0.0000E+00   0.0000E+00   0.0000E+00
    44    10   0.0000E+00   0.0000E+00   0.0000E+00   0.0000E+00   0.0000E+00   0.0000E+00
    44    11   0.0000E+00   0.0000E+00   0.0000E+00   0.0000E+00   0.0000E+00   0.0000E+00
    44    12   0.0000E+00   0.0000E+00   0.0000E+00   0.0000E+00   0.0000E+00   0.0000E+00
    44    13   0.0000E+00   0.0000E+00   0.0000E+00   0.0000E+00   0.0000E+00   0.0000E+00
    44    14   0.0000E+00   0.0000E+00   0.0000E+00   0.0000E+00   0.0000E+00   0.0000E+00
    44    15   0.0000E+00   0.0000E+00   0.0000E+00   0.0000E+00   0.0000E+00   0.0000E+00
    44    16   0.0000E+00   0.0000E+00   0.0000E+00   0.0000E+00   0.0000E+00   0.0000E+00
    44    17   0.0000E+00   0.0000E+00   0.0000E+00   0.0000E+00   0.0000E+00   0.0000E+00
    44    18   0.0000E+00   0.0000E+00   0.0000E+00   0.0000E+00   0.0000E+00   0.0000E+00
    44    19   0.0000E+00   0.0000E+00   0.0000E+00   0.0000E+00   0.0000E+00   0.0000E+00
    44    20   3.1429E+14   1.0000E+00   1.3016E-06   1.0000E+00   0.0000E+00   0.0000E+00
    44    21   0.0000E+00   0.0000E+00   0.0000E+00   0.0000E+00   0.0000E+00   0.0000E+00
    44    22   0.0000E+00   0.0000E+00   0.0000E+00   0.0000E+00   0.0000E+00   0.0000E+00
    44    23   0.0000E+00   0.0000E+00   0.0000E+00   0.0000E+00   0.0000E+00   0.0000E+00
    44    24   0.0000E+00   0.0000E+00   0.0000E+00   0.0000E+00   0.0000E+00   0.0000E+00
    44    25   0.0000E+00   0.0000E+00   0.0000E+00   0.0000E+00   0.0000E+00   0.0000E+00
    44    26   6.9697E+15   8.0878E-01   2.8865E-05   8.0878E-01   0.0000E+00   0.0000E+00
    44    27   0.0000E+00   0.0000E+00   0.0000E+00   0.0000E+00   0.0000E+00   0.0000E+00
    44    28   0.0000E+00   0.0000E+00   0.0000E+00   0.0000E+00   0.0000E+00   0.0000E+00
    44    29   0.0000E+00   0.0000E+00   0.0000E+00   0.0000E+00   0.0000E+00   0.0000E+00
    44    30   0.0000E+00   0.0000E+00   0.0000E+00   0.0000E+00   0.0000E+00   0.0000E+00
    44    31   0.0000E+00   0.0000E+00   0.0000E+00   0.0000E+00   0.0000E+00   0.0000E+00
    44    32   0.0000E+00   0.0000E+00   0.0000E+00   0.0000E+00   0.0000E+00   0.0000E+00
    45     1   0.0000E+00   0.0000E+00   0.0000E+00   0.0000E+00   0.0000E+00   0.0000E+00
    45     2   0.0000E+00   0.0000E+00   0.0000E+00   0.0000E+00   0.0000E+00   0.0000E+00
    45     3   0.0000E+00   0.0000E+00   0.0000E+00   0.0000E+00   0.0000E+00   0.0000E+00
    45     4   0.0000E+00   0.0000E+00   0.0000E+00   0.0000E+00   0.0000E+00   0.0000E+00
    45     5   0.0000E+00   0.0000E+00   0.0000E+00   0.0000E+00   0.0000E+00   0.0000E+00
    45     6   0.0000E+00   0.0000E+00   0.0000E+00   0.0000E+00   0.0000E+00   0.0000E+00
    45     7   0.0000E+00   0.0000E+00   0.0000E+00   0.0000E+00   0.0000E+00   0.0000E+00
    45     8   0.0000E+00   0.0000E+00   0.0000E+00   0.0000E+00   0.0000E+00   0.0000E+00
    45     9   0.0000E+00   0.0000E+00   0.0000E+00   0.0000E+00   0.0000E+00   0.0000E+00
    45    10   0.0000E+00   0.0000E+00   0.0000E+00   0.0000E+00   0.0000E+00   0.0000E+00
    45    11   0.0000E+00   0.0000E+00   0.0000E+00   0.0000E+00   0.0000E+00   0.0000E+00
    45    12   0.0000E+00   0.0000E+00   0.0000E+00   0.0000E+00   0.0000E+00   0.0000E+00
    45    13   0.0000E+00   0.0000E+00   0.0000E+00   0.0000E+00   0.0000E+00   0.0000E+00
    45    14   0.0000E+00   0.0000E+00   0.0000E+00   0.0000E+00   0.0000E+00   0.0000E+00
    45    15   0.0000E+00   0.0000E+00   0.0000E+00   0.0000E+00   0.0000E+00   0.0000E+00
    45    16   0.0000E+00   0.0000E+00   0.0000E+00   0.0000E+00   0.0000E+00   0.0000E+00
    45    17   0.0000E+00   0.0000E+00   0.0000E+00   0.0000E+00   0.0000E+00   0.0000E+00
    45    18   0.0000E+00   0.0000E+00   0.0000E+00   0.0000E+00   0.0000E+00   0.0000E+00
    45    19   0.0000E+00   0.0000E+00   0.0000E+00   0.0000E+00   0.0000E+00   0.0000E+00
    45    20   0.0000E+00   0.0000E+00   0.0000E+00   0.0000E+00   0.0000E+00   0.0000E+00
    45    21   0.0000E+00   0.0000E+00   0.0000E+00   0.0000E+00   0.0000E+00   0.0000E+00
    45    22   0.0000E+00   0.0000E+00   0.0000E+00   0.0000E+00   0.0000E+00   0.0000E+00
    45    23   0.0000E+00   0.0000E+00   0.0000E+00   0.0000E+00   0.0000E+00   0.0000E+00
    45    24   0.0000E+00   0.0000E+00   0.0000E+00   0.0000E+00   0.0000E+00   0.0000E+00
    45    25   0.0000E+00   0.0000E+00   0.0000E+00   0.0000E+00   0.0000E+00   0.0000E+00
    45    26   0.0000E+00   0.0000E+00   0.0000E+00   0.0000E+00   0.0000E+00   0.0000E+00
    45    27   0.0000E+00   0.0000E+00   0.0000E+00   0.0000E+00   0.0000E+00   0.0000E+00
    45    28   3.7419E+14   1.0000E+00   1.5497E-06   1.0000E+00   0.0000E+00   0.0000E+00
    45    29   0.0000E+00   0.0000E+00   0.0000E+00   0.0000E+00   0.0000E+00   0.0000E+00
    45    30   0.0000E+00   0.0000E+00   0.0000E+00   0.0000E+00   0.0000E+00   0.0000E+00
    45    31   0.0000E+00   0.0000E+00   0.0000E+00   0.0000E+00   0.0000E+00   0.0000E+00
    45    32   0.0000E+00   0.0000E+00   0.0000E+00   0.0000E+00   0.0000E+00   0.0000E+00
    46     1   0.0000E+00   0.0000E+00   0.0000E+00   0.0000E+00   0.0000E+00   0.0000E+00
    46     2   0.0000E+00   0.0000E+00   0.0000E+00   0.0000E+00   0.0000E+00   0.0000E+00
    46     3   0.0000E+00   0.0000E+00   0.0000E+00   0.0000E+00   0.0000E+00   0.0000E+00
    46     4   0.0000E+00   0.0000E+00   0.0000E+00   0.0000E+00   0.0000E+00   0.0000E+00
    46     5   0.0000E+00   0.0000E+00   0.0000E+00   0.0000E+00   0.0000E+00   0.0000E+00
    46     6   0.0000E+00   0.0000E+00   0.0000E+00   0.0000E+00   0.0000E+00   0.0000E+00
    46     7   0.0000E+00   0.0000E+00   0.0000E+00   0.0000E+00   0.0000E+00   0.0000E+00
    46     8   0.0000E+00   0.0000E+00   0.0000E+00   0.0000E+00   0.0000E+00   0.0000E+00
    46     9   0.0000E+00   0.0000E+00   0.0000E+00   0.0000E+00   0.0000E+00   0.0000E+00
    46    10   0.0000E+00   0.0000E+00   0.0000E+00   0.0000E+00   0.0000E+00   0.0000E+00
    46    11   0.0000E+00   0.0000E+00   0.0000E+00   0.0000E+00   0.0000E+00   0.0000E+00
    46    12   1.9901E+15   1.0000E+00   8.2419E-06   1.0000E+00   0.0000E+00   0.0000E+00
    46    13   0.0000E+00   0.0000E+00   0.0000E+00   0.0000E+00   0.0000E+00   0.0000E+00
    46    14   0.0000E+00   0.0000E+00   0.0000E+00   0.0000E+00   0.0000E+00   0.0000E+00
    46    15   0.0000E+00   0.0000E+00   0.0000E+00   0.0000E+00   0.0000E+00   0.0000E+00
    46    16   0.0000E+00   0.0000E+00   0.0000E+00   0.0000E+00   0.0000E+00   0.0000E+00
    46    17   0.0000E+00   0.0000E+00   0.0000E+00   0.0000E+00   0.0000E+00   0.0000E+00
    46    18   0.0000E+00   0.0000E+00   0.0000E+00   0.0000E+00   0.0000E+00   0.0000E+00
    46    19   0.0000E+00   0.0000E+00   0.0000E+00   0.0000E+00   0.0000E+00   0.0000E+00
    46    20   0.0000E+00   0.0000E+00   0.0000E+00   0.0000E+00   0.0000E+00   0.0000E+00
    46    21   0.0000E+00   0.0000E+00   0.0000E+00   0.0000E+00   0.0000E+00   0.0000E+00
    46    22   0.0000E+00   0.0000E+00   0.0000E+00   0.0000E+00   0.0000E+00   0.0000E+00
    46    23   0.0000E+00   0.0000E+00   0.0000E+00   0.0000E+00   0.0000E+00   0.0000E+00
    46    24   0.0000E+00   0.0000E+00   0.0000E+00   0.0000E+00   0.0000E+00   0.0000E+00
    46    25   0.0000E+00   0.0000E+00   0.0000E+00   0.0000E+00   0.0000E+00   0.0000E+00
    46    26   0.0000E+00   0.0000E+00   0.0000E+00   0.0000E+00   0.0000E+00   0.0000E+00
    46    27   0.0000E+00   0.0000E+00   0.0000E+00   0.0000E+00   0.0000E+00   0.0000E+00
    46    28   0.0000E+00   0.0000E+00   0.0000E+00   0.0000E+00   0.0000E+00   0.0000E+00
    46    29   0.0000E+00   0.0000E+00   0.0000E+00   0.0000E+00   0.0000E+00   0.0000E+00
    46    30   0.0000E+00   0.0000E+00   0.0000E+00   0.0000E+00   0.0000E+00   0.0000E+00
    46    31   4.4972E+17   1.0000E+00   1.8625E-03   1.0000E+00   0.0000E+00   0.0000E+00
    46    32   0.0000E+00   0.0000E+00   0.0000E+00   0.0000E+00   0.0000E+00   0.0000E+00
    47     1   0.0000E+00   0.0000E+00   0.0000E+00   0.0000E+00   0.0000E+00   0.0000E+00
    47     2   0.0000E+00   0.0000E+00   0.0000E+00   0.0000E+00   0.0000E+00   0.0000E+00
    47     3   0.0000E+00   0.0000E+00   0.0000E+00   0.0000E+00   0.0000E+00   0.0000E+00
    47     4   0.0000E+00   0.0000E+00   0.0000E+00   0.0000E+00   0.0000E+00   0.0000E+00
    47     5   0.0000E+00   0.0000E+00   0.0000E+00   0.0000E+00   0.0000E+00   0.0000E+00
    47     6   0.0000E+00   0.0000E+00   0.0000E+00   0.0000E+00   0.0000E+00   0.0000E+00
    47     7   0.0000E+00   0.0000E+00   0.0000E+00   0.0000E+00   0.0000E+00   0.0000E+00
    47     8   0.0000E+00   0.0000E+00   0.0000E+00   0.0000E+00   0.0000E+00   0.0000E+00
    47     9   0.0000E+00   0.0000E+00   0.0000E+00   0.0000E+00   0.0000E+00   0.0000E+00
    47    10   0.0000E+00   0.0000E+00   0.0000E+00   0.0000E+00   0.0000E+00   0.0000E+00
    47    11   0.0000E+00   0.0000E+00   0.0000E+00   0.0000E+00   0.0000E+00   0.0000E+00
    47    12   0.0000E+00   0.0000E+00   0.0000E+00   0.0000E+00   0.0000E+00   0.0000E+00
    47    13   0.0000E+00   0.0000E+00   0.0000E+00   0.0000E+00   0.0000E+00   0.0000E+00
    47    14   0.0000E+00   0.0000E+00   0.0000E+00   0.0000E+00   0.0000E+00   0.0000E+00
    47    15   0.0000E+00   0.0000E+00   0.0000E+00   0.0000E+00   0.0000E+00   0.0000E+00
    47    16   0.0000E+00   0.0000E+00   0.0000E+00   0.0000E+00   0.0000E+00   0.0000E+00
    47    17   0.0000E+00   0.0000E+00   0.0000E+00   0.0000E+00   0.0000E+00   0.0000E+00
    47    18   0.0000E+00   0.0000E+00   0.0000E+00   0.0000E+00   0.0000E+00   0.0000E+00
    47    19   0.0000E+00   0.0000E+00   0.0000E+00   0.0000E+00   0.0000E+00   0.0000E+00
    47    20   0.0000E+00   0.0000E+00   0.0000E+00   0.0000E+00   0.0000E+00   0.0000E+00
    47    21   0.0000E+00   0.0000E+00   0.0000E+00   0.0000E+00   0.0000E+00   0.0000E+00
    47    22   0.0000E+00   0.0000E+00   0.0000E+00   0.0000E+00   0.0000E+00   0.0000E+00
    47    23   0.0000E+00   0.0000E+00   0.0000E+00   0.0000E+00   0.0000E+00   0.0000E+00
    47    24   0.0000E+00   0.0000E+00   0.0000E+00   0.0000E+00   0.0000E+00   0.0000E+00
    47    25   0.0000E+00   0.0000E+00   0.0000E+00   0.0000E+00   0.0000E+00   0.0000E+00
    47    26   0.0000E+00   0.0000E+00   0.0000E+00   0.0000E+00   0.0000E+00   0.0000E+00
    47    27   0.0000E+00   0.0000E+00   0.0000E+00   0.0000E+00   0.0000E+00   0.0000E+00
    47    28   0.0000E+00   0.0000E+00   0.0000E+00   0.0000E+00   0.0000E+00   0.0000E+00
    47    29   0.0000E+00   0.0000E+00   0.0000E+00   0.0000E+00   0.0000E+00   0.0000E+00
    47    30   0.0000E+00   0.0000E+00   0.0000E+00   0.0000E+00   0.0000E+00   0.0000E+00
    47    31   0.0000E+00   0.0000E+00   0.0000E+00   0.0000E+00   0.0000E+00   0.0000E+00
    47    32   0.0000E+00   0.0000E+00   0.0000E+00   0.0000E+00   0.0000E+00   0.0000E+00
    48     1   0.0000E+00   0.0000E+00   0.0000E+00   0.0000E+00   0.0000E+00   0.0000E+00
    48     2   0.0000E+00   0.0000E+00   0.0000E+00   0.0000E+00   0.0000E+00   0.0000E+00
    48     3   0.0000E+00   0.0000E+00   0.0000E+00   0.0000E+00   0.0000E+00   0.0000E+00
    48     4   0.0000E+00   0.0000E+00   0.0000E+00   0.0000E+00   0.0000E+00   0.0000E+00
    48     5   0.0000E+00   0.0000E+00   0.0000E+00   0.0000E+00   0.0000E+00   0.0000E+00
    48     6   0.0000E+00   0.0000E+00   0.0000E+00   0.0000E+00   0.0000E+00   0.0000E+00
    48     7   0.0000E+00   0.0000E+00   0.0000E+00   0.0000E+00   0.0000E+00   0.0000E+00
    48     8   0.0000E+00   0.0000E+00   0.0000E+00   0.0000E+00   0.0000E+00   0.0000E+00
    48     9   0.0000E+00   0.0000E+00   0.0000E+00   0.0000E+00   0.0000E+00   0.0000E+00
    48    10   0.0000E+00   0.0000E+00   0.0000E+00   0.0000E+00   0.0000E+00   0.0000E+00
    48    11   0.0000E+00   0.0000E+00   0.0000E+00   0.0000E+00   0.0000E+00   0.0000E+00
    48    12   0.0000E+00   0.0000E+00   0.0000E+00   0.0000E+00   0.0000E+00   0.0000E+00
    48    13   0.0000E+00   0.0000E+00   0.0000E+00   0.0000E+00   0.0000E+00   0.0000E+00
    48    14   0.0000E+00   0.0000E+00   0.0000E+00   0.0000E+00   0.0000E+00   0.0000E+00
    48    15   0.0000E+00   0.0000E+00   0.0000E+00   0.0000E+00   0.0000E+00   0.0000E+00
    48    16   0.0000E+00   0.0000E+00   0.0000E+00   0.0000E+00   0.0000E+00   0.0000E+00
    48    17   0.0000E+00   0.0000E+00   0.0000E+00   0.0000E+00   0.0000E+00   0.0000E+00
    48    18   0.0000E+00   0.0000E+00   0.0000E+00   0.0000E+00   0.0000E+00   0.0000E+00
    48    19   0.0000E+00   0.0000E+00   0.0000E+00   0.0000E+00   0.0000E+00   0.0000E+00
    48    20   0.0000E+00   0.0000E+00   0.0000E+00   0.0000E+00   0.0000E+00   0.0000E+00
    48    21   0.0000E+00   0.0000E+00   0.0000E+00   0.0000E+00   0.0000E+00   0.0000E+00
    48    22   0.0000E+00   0.0000E+00   0.0000E+00   0.0000E+00   0.0000E+00   0.0000E+00
    48    23   0.0000E+00   0.0000E+00   0.0000E+00   0.0000E+00   0.0000E+00   0.0000E+00
    48    24   0.0000E+00   0.0000E+00   0.0000E+00   0.0000E+00   0.0000E+00   0.0000E+00
    48    25   0.0000E+00   0.0000E+00   0.0000E+00   0.0000E+00   0.0000E+00   0.0000E+00
    48    26   0.0000E+00   0.0000E+00   0.0000E+00   0.0000E+00   0.0000E+00   0.0000E+00
    48    27   0.0000E+00   0.0000E+00   0.0000E+00   0.0000E+00   0.0000E+00   0.0000E+00
    48    28   0.0000E+00   0.0000E+00   0.0000E+00   0.0000E+00   0.0000E+00   0.0000E+00
    48    29   1.3917E+18   1.0000E+00   5.7638E-03   1.0000E+00   0.0000E+00   0.0000E+00
    48    30   0.0000E+00   0.0000E+00   0.0000E+00   0.0000E+00   0.0000E+00   0.0000E+00
    48    31   0.0000E+00   0.0000E+00   0.0000E+00   0.0000E+00   0.0000E+00   0.0000E+00
    48    32   0.0000E+00   0.0000E+00   0.0000E+00   0.0000E+00   0.0000E+00   0.0000E+00
