 Spectrum view number   1
    6.558015E-07   1.0610E-02   7.8789E-11   0.0000E+00   6.8004E-03   3.2427E-03   0.0000E+00   0.0000E+00   3.6690E-04   0.0000E+00   0.0000E+00   0.0000E+00   7.7696E-06   8.5189E-06   1.8340E-04   0.0000E+00   0.0000E+00
    6.558045E-07   1.0828E-02   8.0308E-11   0.0000E+00   6.9376E-03   3.3116E-03   0.0000E+00   0.0000E+00   3.7454E-04   0.0000E+00   0.0000E+00   0.0000E+00   7.9284E-06   8.6869E-06   1.8730E-04   0.0000E+00   0.0000E+00
    6.558075E-07   1.1052E-02   8.1871E-11   0.0000E+00   7.0789E-03   3.3828E-03   0.0000E+00   0.0000E+00   3.8243E-04   0.0000E+00   0.0000E+00   0.0000E+00   8.0922E-06   8.8598E-06   1.9133E-04   0.0000E+00   0.0000E+00
    6.558105E-07   1.1284E-02   8.3481E-11   0.0000E+00   7.2247E-03   3.4563E-03   0.0000E+00   0.0000E+00   3.9056E-04   0.0000E+00   0.0000E+00   0.0000E+00   8.2611E-06   9.0380E-06   1.9550E-04   0.0000E+00   0.0000E+00
    6.558135E-07   1.1524E-02   8.5139E-11   0.0000E+00   7.3750E-03   3.5323E-03   0.0000E+00   0.0000E+00   3.9896E-04   0.0000E+00   0.0000E+00   0.0000E+00   8.4353E-06   9.2217E-06   1.9980E-04   0.0000E+00   0.0000E+00
    6.558165E-07   1.1771E-02   8.6846E-11   0.0000E+00   7.5300E-03   3.6108E-03   0.0000E+00   0.0000E+00   4.0764E-04   0.0000E+00   0.0000E+00   0.0000E+00   8.6152E-06   9.4110E-06   2.0424E-04   0.0000E+00   0.0000E+00
    6.558195E-07   1.2026E-02   8.8606E-11   0.0000E+00   7.6900E-03   3.6921E-03   0.0000E+00   0.0000E+00   4.1660E-04   0.0000E+00   0.0000E+00   0.0000E+00   8.8009E-06   9.6062E-06   2.0883E-04   0.0000E+00   0.0000E+00
    6.558225E-07   1.2290E-02   9.0419E-11   0.0000E+00   7.8552E-03   3.7761E-03   0.0000E+00   0.0000E+00   4.2586E-04   0.0000E+00   0.0000E+00   0.0000E+00   8.9927E-06   9.8076E-06   2.1358E-04   0.0000E+00   0.0000E+00
    6.558255E-07   1.2562E-02   9.2288E-11   0.0000E+00   8.0257E-03   3.8631E-03   0.0000E+00   0.0000E+00   4.3544E-04   0.0000E+00   0.0000E+00   0.0000E+00   9.1908E-06   1.0015E-05   2.1850E-04   0.0000E+00   0.0000E+00
    6.558285E-07   1.2844E-02   9.4216E-11   0.0000E+00   8.2019E-03   3.9532E-03   0.0000E+00   0.0000E+00   4.4534E-04   0.0000E+00   0.0000E+00   0.0000E+00   9.3956E-06   1.0230E-05   2.2359E-04   0.0000E+00   0.0000E+00
    6.558315E-07   1.3135E-02   9.6205E-11   0.0000E+00   8.3839E-03   4.0465E-03   0.0000E+00   0.0000E+00   4.5558E-04   0.0000E+00   0.0000E+00   0.0000E+00   9.6073E-06   1.0451E-05   2.2885E-04   0.0000E+00   0.0000E+00
    6.558345E-07   1.3436E-02   9.8258E-11   0.0000E+00   8.5721E-03   4.1432E-03   0.0000E+00   0.0000E+00   4.6618E-04   0.0000E+00   0.0000E+00   0.0000E+00   9.8264E-06   1.0680E-05   2.3431E-04   0.0000E+00   0.0000E+00
    6.558375E-07   1.3748E-02   1.0038E-10   0.0000E+00   8.7667E-03   4.2435E-03   0.0000E+00   0.0000E+00   4.7716E-04   0.0000E+00   0.0000E+00   0.0000E+00   1.0053E-05   1.0916E-05   2.3996E-04   0.0000E+00   0.0000E+00
    6.558405E-07   1.4071E-02   1.0257E-10   0.0000E+00   8.9680E-03   4.3475E-03   0.0000E+00   0.0000E+00   4.8854E-04   0.0000E+00   0.0000E+00   0.0000E+00   1.0288E-05   1.1161E-05   2.4583E-04   0.0000E+00   0.0000E+00
    6.558435E-07   1.4406E-02   1.0483E-10   0.0000E+00   9.1763E-03   4.4555E-03   0.0000E+00   0.0000E+00   5.0032E-04   0.0000E+00   0.0000E+00   0.0000E+00   1.0531E-05   1.1413E-05   2.5191E-04   0.0000E+00   0.0000E+00
    6.558465E-07   1.4753E-02   1.0716E-10   0.0000E+00   9.3920E-03   4.5677E-03   0.0000E+00   0.0000E+00   5.1254E-04   0.0000E+00   0.0000E+00   0.0000E+00   1.0782E-05   1.1674E-05   2.5821E-04   0.0000E+00   0.0000E+00
    6.558495E-07   1.5113E-02   1.0958E-10   0.0000E+00   9.6154E-03   4.6843E-03   0.0000E+00   0.0000E+00   5.2521E-04   0.0000E+00   0.0000E+00   0.0000E+00   1.1043E-05   1.1945E-05   2.6476E-04   0.0000E+00   0.0000E+00
    6.558525E-07   1.5486E-02   1.1207E-10   0.0000E+00   9.8468E-03   4.8056E-03   0.0000E+00   0.0000E+00   5.3836E-04   0.0000E+00   0.0000E+00   0.0000E+00   1.1314E-05   1.2225E-05   2.7157E-04   0.0000E+00   0.0000E+00
    6.558555E-07   1.5873E-02   1.1466E-10   0.0000E+00   1.0087E-02   4.9317E-03   0.0000E+00   0.0000E+00   5.5201E-04   0.0000E+00   0.0000E+00   0.0000E+00   1.1594E-05   1.2515E-05   2.7863E-04   0.0000E+00   0.0000E+00
    6.558585E-07   1.6276E-02   1.1733E-10   0.0000E+00   1.0336E-02   5.0631E-03   0.0000E+00   0.0000E+00   5.6619E-04   0.0000E+00   0.0000E+00   0.0000E+00   1.1885E-05   1.2815E-05   2.8598E-04   0.0000E+00   0.0000E+00
    6.558615E-07   1.6694E-02   1.2010E-10   0.0000E+00   1.0594E-02   5.2000E-03   0.0000E+00   0.0000E+00   5.8093E-04   0.0000E+00   0.0000E+00   0.0000E+00   1.2188E-05   1.3126E-05   2.9363E-04   0.0000E+00   0.0000E+00
    6.558645E-07   1.7128E-02   1.2297E-10   0.0000E+00   1.0862E-02   5.3428E-03   0.0000E+00   0.0000E+00   5.9624E-04   0.0000E+00   0.0000E+00   0.0000E+00   1.2502E-05   1.3449E-05   3.0158E-04   0.0000E+00   0.0000E+00
    6.558675E-07   1.7580E-02   1.2594E-10   0.0000E+00   1.1140E-02   5.4918E-03   0.0000E+00   0.0000E+00   6.1218E-04   0.0000E+00   0.0000E+00   0.0000E+00   1.2829E-05   1.3784E-05   3.0987E-04   0.0000E+00   0.0000E+00
    6.558705E-07   1.8051E-02   1.2902E-10   0.0000E+00   1.1429E-02   5.6476E-03   0.0000E+00   0.0000E+00   6.2876E-04   0.0000E+00   0.0000E+00   0.0000E+00   1.3168E-05   1.4132E-05   3.1850E-04   0.0000E+00   0.0000E+00
    6.558735E-07   1.8542E-02   1.3221E-10   0.0000E+00   1.1730E-02   5.8107E-03   0.0000E+00   0.0000E+00   6.4604E-04   0.0000E+00   0.0000E+00   0.0000E+00   1.3521E-05   1.4493E-05   3.2750E-04   0.0000E+00   0.0000E+00
    6.558765E-07   1.9054E-02   1.3553E-10   0.0000E+00   1.2042E-02   5.9815E-03   0.0000E+00   0.0000E+00   6.6403E-04   0.0000E+00   0.0000E+00   0.0000E+00   1.3889E-05   1.4868E-05   3.3688E-04   0.0000E+00   0.0000E+00
    6.558795E-07   1.9588E-02   1.3897E-10   0.0000E+00   1.2368E-02   6.1610E-03   0.0000E+00   0.0000E+00   6.8279E-04   0.0000E+00   0.0000E+00   0.0000E+00   1.4272E-05   1.5257E-05   3.4668E-04   0.0000E+00   0.0000E+00
    6.558825E-07   2.0146E-02   1.4254E-10   0.0000E+00   1.2706E-02   6.3499E-03   0.0000E+00   0.0000E+00   7.0236E-04   0.0000E+00   0.0000E+00   0.0000E+00   1.4672E-05   1.5663E-05   3.5691E-04   0.0000E+00   0.0000E+00
    6.558855E-07   2.0730E-02   1.4626E-10   0.0000E+00   1.3059E-02   6.5494E-03   0.0000E+00   0.0000E+00   7.2279E-04   0.0000E+00   0.0000E+00   0.0000E+00   1.5088E-05   1.6085E-05   3.6761E-04   0.0000E+00   0.0000E+00
    6.558885E-07   2.1343E-02   1.5012E-10   0.0000E+00   1.3427E-02   6.7609E-03   0.0000E+00   0.0000E+00   7.4413E-04   0.0000E+00   0.0000E+00   0.0000E+00   1.5523E-05   1.6524E-05   3.7879E-04   0.0000E+00   0.0000E+00
    6.558915E-07   2.1987E-02   1.5413E-10   0.0000E+00   1.3810E-02   6.9867E-03   0.0000E+00   0.0000E+00   7.6642E-04   0.0000E+00   0.0000E+00   0.0000E+00   1.5977E-05   1.6981E-05   3.9049E-04   0.0000E+00   0.0000E+00
    6.558945E-07   2.2666E-02   1.5831E-10   0.0000E+00   1.4211E-02   7.2290E-03   0.0000E+00   0.0000E+00   7.8975E-04   0.0000E+00   0.0000E+00   0.0000E+00   1.6451E-05   1.7458E-05   4.0275E-04   0.0000E+00   0.0000E+00
    6.558975E-07   2.3384E-02   1.6266E-10   0.0000E+00   1.4628E-02   7.4906E-03   0.0000E+00   0.0000E+00   8.1415E-04   0.0000E+00   0.0000E+00   0.0000E+00   1.6946E-05   1.7955E-05   4.1559E-04   0.0000E+00   0.0000E+00
    6.559005E-07   2.4141E-02   1.6719E-10   0.0000E+00   1.5065E-02   7.7714E-03   0.0000E+00   0.0000E+00   8.3971E-04   0.0000E+00   0.0000E+00   0.0000E+00   1.7465E-05   1.8474E-05   4.2906E-04   0.0000E+00   0.0000E+00
    6.559035E-07   2.4931E-02   1.7191E-10   0.0000E+00   1.5522E-02   8.0631E-03   0.0000E+00   0.0000E+00   8.6650E-04   0.0000E+00   0.0000E+00   0.0000E+00   1.8008E-05   1.9016E-05   4.4320E-04   0.0000E+00   0.0000E+00
    6.559065E-07   2.5737E-02   1.7684E-10   0.0000E+00   1.5999E-02   8.3471E-03   0.0000E+00   0.0000E+00   8.9460E-04   0.0000E+00   0.0000E+00   0.0000E+00   1.8577E-05   1.9582E-05   4.5806E-04   0.0000E+00   0.0000E+00
    6.559095E-07   2.6549E-02   1.8197E-10   0.0000E+00   1.6499E-02   8.6129E-03   0.0000E+00   0.0000E+00   9.2410E-04   0.0000E+00   0.0000E+00   0.0000E+00   1.9174E-05   2.0174E-05   4.7367E-04   0.0000E+00   0.0000E+00
    6.559125E-07   2.7384E-02   1.8734E-10   0.0000E+00   1.7023E-02   8.8752E-03   0.0000E+00   0.0000E+00   9.5508E-04   0.0000E+00   0.0000E+00   0.0000E+00   1.9800E-05   2.0793E-05   4.9010E-04   0.0000E+00   0.0000E+00
    6.559155E-07   2.8264E-02   1.9295E-10   0.0000E+00   1.7573E-02   9.1542E-03   0.0000E+00   0.0000E+00   9.8766E-04   0.0000E+00   0.0000E+00   0.0000E+00   2.0458E-05   2.1442E-05   5.0741E-04   0.0000E+00   0.0000E+00
    6.559185E-07   2.9199E-02   1.9881E-10   0.0000E+00   1.8149E-02   9.4592E-03   0.0000E+00   0.0000E+00   1.0219E-03   0.0000E+00   0.0000E+00   0.0000E+00   2.1149E-05   2.2121E-05   5.2565E-04   0.0000E+00   0.0000E+00
    6.559215E-07   3.0194E-02   2.0494E-10   0.0000E+00   1.8755E-02   9.7920E-03   0.0000E+00   0.0000E+00   1.0581E-03   0.0000E+00   0.0000E+00   0.0000E+00   2.1876E-05   2.2833E-05   5.4490E-04   0.0000E+00   0.0000E+00
    6.559245E-07   3.1251E-02   2.1136E-10   0.0000E+00   1.9391E-02   1.0153E-02   0.0000E+00   0.0000E+00   1.0961E-03   0.0000E+00   0.0000E+00   0.0000E+00   2.2642E-05   2.3581E-05   5.6523E-04   0.0000E+00   0.0000E+00
    6.559275E-07   3.2372E-02   2.1809E-10   0.0000E+00   2.0060E-02   1.0541E-02   0.0000E+00   0.0000E+00   1.1363E-03   0.0000E+00   0.0000E+00   0.0000E+00   2.3449E-05   2.4366E-05   5.8673E-04   0.0000E+00   0.0000E+00
    6.559305E-07   3.3560E-02   2.2514E-10   0.0000E+00   2.0765E-02   1.0958E-02   0.0000E+00   0.0000E+00   1.1787E-03   0.0000E+00   0.0000E+00   0.0000E+00   2.4301E-05   2.5191E-05   6.0948E-04   0.0000E+00   0.0000E+00
    6.559335E-07   3.4820E-02   2.3254E-10   0.0000E+00   2.1507E-02   1.1404E-02   0.0000E+00   0.0000E+00   1.2236E-03   0.0000E+00   0.0000E+00   0.0000E+00   2.5201E-05   2.6059E-05   6.3359E-04   0.0000E+00   0.0000E+00
    6.559365E-07   3.6158E-02   2.4031E-10   0.0000E+00   2.2291E-02   1.1884E-02   0.0000E+00   0.0000E+00   1.2711E-03   0.0000E+00   0.0000E+00   0.0000E+00   2.6152E-05   2.6973E-05   6.5917E-04   0.0000E+00   0.0000E+00
    6.559395E-07   3.7578E-02   2.4848E-10   0.0000E+00   2.3118E-02   1.2398E-02   0.0000E+00   0.0000E+00   1.3215E-03   0.0000E+00   0.0000E+00   0.0000E+00   2.7158E-05   2.7936E-05   6.8634E-04   0.0000E+00   0.0000E+00
    6.559425E-07   3.9089E-02   2.5707E-10   0.0000E+00   2.3991E-02   1.2951E-02   0.0000E+00   0.0000E+00   1.3749E-03   0.0000E+00   0.0000E+00   0.0000E+00   2.8225E-05   2.8952E-05   7.1523E-04   0.0000E+00   0.0000E+00
    6.559455E-07   4.0700E-02   2.6611E-10   0.0000E+00   2.4916E-02   1.3547E-02   0.0000E+00   0.0000E+00   1.4317E-03   0.0000E+00   0.0000E+00   0.0000E+00   2.9357E-05   3.0026E-05   7.4600E-04   0.0000E+00   0.0000E+00
    6.559485E-07   4.2419E-02   2.7563E-10   0.0000E+00   2.5895E-02   1.4191E-02   0.0000E+00   0.0000E+00   1.4920E-03   0.0000E+00   0.0000E+00   0.0000E+00   3.0560E-05   3.1160E-05   7.7881E-04   0.0000E+00   0.0000E+00
    6.559515E-07   4.4256E-02   2.8567E-10   0.0000E+00   2.6934E-02   1.4888E-02   0.0000E+00   0.0000E+00   1.5563E-03   0.0000E+00   0.0000E+00   0.0000E+00   3.1839E-05   3.2360E-05   8.1385E-04   0.0000E+00   0.0000E+00
    6.559545E-07   4.6222E-02   2.9627E-10   0.0000E+00   2.8036E-02   1.5643E-02   0.0000E+00   0.0000E+00   1.6249E-03   0.0000E+00   0.0000E+00   0.0000E+00   3.3201E-05   3.3632E-05   8.5133E-04   0.0000E+00   0.0000E+00
    6.559575E-07   4.8326E-02   3.0747E-10   0.0000E+00   2.9208E-02   1.6459E-02   0.0000E+00   0.0000E+00   1.6981E-03   0.0000E+00   0.0000E+00   0.0000E+00   3.4654E-05   3.4982E-05   8.9147E-04   0.0000E+00   0.0000E+00
    6.559605E-07   5.0584E-02   3.1932E-10   0.0000E+00   3.0455E-02   1.7345E-02   0.0000E+00   0.0000E+00   1.7765E-03   0.0000E+00   0.0000E+00   0.0000E+00   3.6207E-05   3.6414E-05   9.3454E-04   0.0000E+00   0.0000E+00
    6.559635E-07   5.3018E-02   3.3186E-10   0.0000E+00   3.1784E-02   1.8318E-02   0.0000E+00   0.0000E+00   1.8604E-03   0.0000E+00   0.0000E+00   0.0000E+00   3.7868E-05   3.7938E-05   9.8084E-04   0.0000E+00   0.0000E+00
    6.559665E-07   5.5658E-02   3.4516E-10   0.0000E+00   3.3202E-02   1.9395E-02   0.0000E+00   0.0000E+00   1.9505E-03   0.0000E+00   0.0000E+00   0.0000E+00   3.9649E-05   3.9560E-05   1.0307E-03   0.0000E+00   0.0000E+00
    6.559695E-07   5.8533E-02   3.5926E-10   0.0000E+00   3.4718E-02   2.0601E-02   0.0000E+00   0.0000E+00   2.0474E-03   0.0000E+00   0.0000E+00   0.0000E+00   4.1561E-05   4.1291E-05   1.0845E-03   0.0000E+00   0.0000E+00
    6.559725E-07   6.1680E-02   3.7425E-10   0.0000E+00   3.6340E-02   2.1960E-02   0.0000E+00   0.0000E+00   2.1517E-03   0.0000E+00   0.0000E+00   0.0000E+00   4.3618E-05   4.3138E-05   1.1426E-03   0.0000E+00   0.0000E+00
    6.559755E-07   6.5133E-02   3.9019E-10   0.0000E+00   3.8079E-02   2.3493E-02   0.0000E+00   0.0000E+00   2.2643E-03   0.0000E+00   0.0000E+00   0.0000E+00   4.5835E-05   4.5114E-05   1.2056E-03   0.0000E+00   0.0000E+00
    6.559785E-07   6.8918E-02   4.0717E-10   0.0000E+00   3.9946E-02   2.5216E-02   0.0000E+00   0.0000E+00   2.3861E-03   0.0000E+00   0.0000E+00   0.0000E+00   4.8229E-05   4.7231E-05   1.2740E-03   0.0000E+00   0.0000E+00
    6.559815E-07   7.3099E-02   4.2528E-10   0.0000E+00   4.1955E-02   2.7177E-02   0.0000E+00   0.0000E+00   2.5180E-03   0.0000E+00   0.0000E+00   0.0000E+00   5.0821E-05   4.9503E-05   1.3485E-03   0.0000E+00   0.0000E+00
    6.559845E-07   7.7789E-02   4.4461E-10   0.0000E+00   4.4119E-02   2.9474E-02   0.0000E+00   0.0000E+00   2.6613E-03   0.0000E+00   0.0000E+00   0.0000E+00   5.3634E-05   5.1946E-05   1.4297E-03   0.0000E+00   0.0000E+00
    6.559875E-07   8.3119E-02   4.6529E-10   0.0000E+00   4.6455E-02   3.2217E-02   0.0000E+00   0.0000E+00   2.8174E-03   0.0000E+00   0.0000E+00   0.0000E+00   5.6693E-05   5.4578E-05   1.5186E-03   0.0000E+00   0.0000E+00
    6.559905E-07   8.9224E-02   4.8745E-10   0.0000E+00   4.8981E-02   3.5522E-02   0.0000E+00   0.0000E+00   2.9877E-03   0.0000E+00   0.0000E+00   0.0000E+00   6.0030E-05   5.7418E-05   1.6162E-03   0.0000E+00   0.0000E+00
    6.559935E-07   9.6224E-02   5.1121E-10   0.0000E+00   5.1719E-02   3.9482E-02   0.0000E+00   0.0000E+00   3.1742E-03   0.0000E+00   0.0000E+00   0.0000E+00   6.3679E-05   6.0491E-05   1.7236E-03   0.0000E+00   0.0000E+00
    6.559965E-07   1.0404E-01   5.3675E-10   0.0000E+00   5.4692E-02   4.3997E-02   0.0000E+00   0.0000E+00   3.3788E-03   0.0000E+00   0.0000E+00   0.0000E+00   6.7683E-05   6.3822E-05   1.8422E-03   0.0000E+00   0.0000E+00
    6.559995E-07   1.1224E-01   5.6424E-10   0.0000E+00   5.7928E-02   4.8594E-02   0.0000E+00   0.0000E+00   3.6042E-03   0.0000E+00   0.0000E+00   0.0000E+00   7.2089E-05   6.7443E-05   1.9737E-03   0.0000E+00   0.0000E+00
    6.560025E-07   1.2021E-01   5.9389E-10   0.0000E+00   6.1457E-02   5.2632E-02   0.0000E+00   0.0000E+00   3.8531E-03   0.0000E+00   0.0000E+00   0.0000E+00   7.6956E-05   7.1389E-05   2.1201E-03   0.0000E+00   0.0000E+00
    6.560055E-07   1.2787E-01   6.2592E-10   0.0000E+00   6.5313E-02   5.5990E-02   0.0000E+00   0.0000E+00   4.1290E-03   0.0000E+00   0.0000E+00   0.0000E+00   8.2351E-05   7.5701E-05   2.2837E-03   0.0000E+00   0.0000E+00
    6.560085E-07   1.3596E-01   6.6060E-10   0.0000E+00   6.9538E-02   5.9354E-02   0.0000E+00   0.0000E+00   4.4361E-03   0.0000E+00   0.0000E+00   0.0000E+00   8.8356E-05   8.0427E-05   2.4674E-03   0.0000E+00   0.0000E+00
    6.560115E-07   1.4527E-01   6.9823E-10   0.0000E+00   7.4175E-02   6.3463E-02   0.0000E+00   0.0000E+00   4.7790E-03   0.0000E+00   0.0000E+00   0.0000E+00   9.5069E-05   8.5624E-05   2.6747E-03   0.0000E+00   0.0000E+00
    6.560145E-07   1.5628E-01   7.3914E-10   0.0000E+00   7.9278E-02   6.8739E-02   0.0000E+00   0.0000E+00   5.1638E-03   0.0000E+00   0.0000E+00   0.0000E+00   1.0261E-04   9.1358E-05   2.9090E-03   0.0000E+00   0.0000E+00
    6.560175E-07   1.6946E-01   7.8373E-10   0.0000E+00   8.4905E-02   7.5576E-02   0.0000E+00   0.0000E+00   5.5975E-03   0.0000E+00   0.0000E+00   0.0000E+00   1.1112E-04   9.7709E-05   3.1747E-03   0.0000E+00   0.0000E+00
    6.560205E-07   1.8516E-01   8.3245E-10   0.0000E+00   9.1122E-02   8.4243E-02   0.0000E+00   0.0000E+00   6.0887E-03   0.0000E+00   0.0000E+00   0.0000E+00   1.2077E-04   1.0477E-04   3.4784E-03   0.0000E+00   0.0000E+00
    6.560235E-07   2.0335E-01   8.8581E-10   0.0000E+00   9.8003E-02   9.4621E-02   0.0000E+00   0.0000E+00   6.6480E-03   0.0000E+00   0.0000E+00   0.0000E+00   1.3179E-04   1.1266E-04   3.8291E-03   0.0000E+00   0.0000E+00
    6.560265E-07   2.2385E-01   9.4443E-10   0.0000E+00   1.0564E-01   1.0642E-01   0.0000E+00   0.0000E+00   7.2884E-03   0.0000E+00   0.0000E+00   0.0000E+00   1.4443E-04   1.2151E-04   4.2371E-03   0.0000E+00   0.0000E+00
    6.560295E-07   2.4623E-01   1.0090E-09   0.0000E+00   1.1411E-01   1.1908E-01   0.0000E+00   0.0000E+00   8.0262E-03   0.0000E+00   0.0000E+00   0.0000E+00   1.5903E-04   1.3150E-04   4.7153E-03   0.0000E+00   0.0000E+00
    6.560325E-07   2.6990E-01   1.0804E-09   0.0000E+00   1.2353E-01   1.3189E-01   0.0000E+00   0.0000E+00   8.8816E-03   0.0000E+00   0.0000E+00   0.0000E+00   1.7598E-04   1.4283E-04   5.2803E-03   0.0000E+00   0.0000E+00
    6.560355E-07   2.9536E-01   1.1595E-09   0.0000E+00   1.3401E-01   1.4517E-01   0.0000E+00   0.0000E+00   9.8800E-03   0.0000E+00   0.0000E+00   0.0000E+00   1.9578E-04   1.5575E-04   5.9538E-03   0.0000E+00   0.0000E+00
    6.560385E-07   3.2362E-01   1.2475E-09   0.0000E+00   1.4565E-01   1.5976E-01   0.0000E+00   0.0000E+00   1.1054E-02   0.0000E+00   0.0000E+00   0.0000E+00   2.1900E-04   1.7059E-04   6.7636E-03   0.0000E+00   0.0000E+00
    6.560415E-07   3.5560E-01   1.3458E-09   0.0000E+00   1.5860E-01   1.7638E-01   0.0000E+00   0.0000E+00   1.2443E-02   0.0000E+00   0.0000E+00   0.0000E+00   2.4630E-04   1.8774E-04   7.7457E-03   0.0000E+00   0.0000E+00
    6.560445E-07   3.9173E-01   1.4560E-09   0.0000E+00   1.7295E-01   1.9524E-01   0.0000E+00   0.0000E+00   1.4098E-02   0.0000E+00   0.0000E+00   0.0000E+00   2.7835E-04   2.0769E-04   8.9502E-03   0.0000E+00   0.0000E+00
    6.560475E-07   4.3097E-01   1.5800E-09   0.0000E+00   1.8884E-01   2.1506E-01   0.0000E+00   0.0000E+00   1.6082E-02   0.0000E+00   0.0000E+00   0.0000E+00   3.1570E-04   2.3100E-04   1.0445E-02   0.0000E+00   0.0000E+00
    6.560505E-07   4.7058E-01   1.7203E-09   0.0000E+00   2.0636E-01   2.3282E-01   0.0000E+00   0.0000E+00   1.8468E-02   0.0000E+00   0.0000E+00   0.0000E+00   3.5853E-04   2.5833E-04   1.2317E-02   0.0000E+00   0.0000E+00
    6.560535E-07   5.0989E-01   1.8797E-09   0.0000E+00   2.2559E-01   2.4758E-01   0.0000E+00   0.0000E+00   2.1338E-02   0.0000E+00   0.0000E+00   0.0000E+00   4.0624E-04   2.9035E-04   1.4685E-02   0.0000E+00   0.0000E+00
    6.560565E-07   5.5135E-01   2.0618E-09   0.0000E+00   2.4658E-01   2.6151E-01   0.0000E+00   0.0000E+00   2.4769E-02   0.0000E+00   0.0000E+00   0.0000E+00   4.5717E-04   3.2755E-04   1.7706E-02   0.0000E+00   0.0000E+00
    6.560595E-07   5.9754E-01   2.2709E-09   0.0000E+00   2.6933E-01   2.7699E-01   0.0000E+00   0.0000E+00   2.8793E-02   0.0000E+00   0.0000E+00   0.0000E+00   5.0869E-04   3.6994E-04   2.1556E-02   0.0000E+00   0.0000E+00
    6.560625E-07   6.4976E-01   2.5125E-09   0.0000E+00   2.9377E-01   2.9537E-01   0.0000E+00   0.0000E+00   3.3322E-02   0.0000E+00   0.0000E+00   0.0000E+00   5.5835E-04   4.1674E-04   2.6321E-02   0.0000E+00   0.0000E+00
    6.560655E-07   7.0794E-01   2.7934E-09   0.0000E+00   3.1979E-01   3.1734E-01   0.0000E+00   0.0000E+00   3.8022E-02   0.0000E+00   0.0000E+00   0.0000E+00   6.0560E-04   4.6655E-04   3.1713E-02   0.0000E+00   0.0000E+00
    6.560685E-07   7.7019E-01   3.1220E-09   0.0000E+00   3.4716E-01   3.4278E-01   0.0000E+00   0.0000E+00   4.2451E-02   0.0000E+00   0.0000E+00   0.0000E+00   6.5269E-04   5.1852E-04   3.6623E-02   0.0000E+00   0.0000E+00
    6.560715E-07   8.3308E-01   3.5091E-09   0.0000E+00   3.7558E-01   3.6961E-01   0.0000E+00   0.0000E+00   4.6518E-02   0.0000E+00   0.0000E+00   0.0000E+00   7.0324E-04   5.7424E-04   4.0095E-02   0.0000E+00   0.0000E+00
    6.560745E-07   8.9399E-01   3.9686E-09   0.0000E+00   4.0463E-01   3.9454E-01   0.0000E+00   0.0000E+00   5.0342E-02   0.0000E+00   0.0000E+00   0.0000E+00   7.5935E-04   6.3825E-04   4.3081E-02   0.0000E+00   0.0000E+00
    6.560775E-07   9.5134E-01   4.5177E-09   0.0000E+00   4.3383E-01   4.1565E-01   0.0000E+00   0.0000E+00   5.3963E-02   0.0000E+00   0.0000E+00   0.0000E+00   8.1964E-04   7.1614E-04   4.6368E-02   0.0000E+00   0.0000E+00
    6.560805E-07   1.0033E+00   5.1787E-09   0.0000E+00   4.6258E-01   4.3315E-01   0.0000E+00   0.0000E+00   5.7314E-02   0.0000E+00   0.0000E+00   0.0000E+00   8.8036E-04   8.1131E-04   4.8586E-02   0.0000E+00   0.0000E+00
    6.560835E-07   1.0468E+00   5.9796E-09   0.0000E+00   4.9024E-01   4.4689E-01   0.0000E+00   0.0000E+00   6.0180E-02   0.0000E+00   0.0000E+00   0.0000E+00   9.3958E-04   9.2149E-04   4.7658E-02   0.0000E+00   0.0000E+00
    6.560865E-07   1.0795E+00   6.9547E-09   0.0000E+00   5.1612E-01   4.5517E-01   0.0000E+00   0.0000E+00   6.2236E-02   0.0000E+00   0.0000E+00   0.0000E+00   1.0010E-03   1.0375E-03   4.3939E-02   0.0000E+00   0.0000E+00
    6.560895E-07   1.1018E+00   8.1447E-09   0.0000E+00   5.3949E-01   4.5705E-01   0.0000E+00   0.0000E+00   6.3263E-02   0.0000E+00   0.0000E+00   0.0000E+00   1.0724E-03   1.1496E-03   3.9732E-02   0.0000E+00   0.0000E+00
    6.560925E-07   1.1147E+00   9.5934E-09   0.0000E+00   5.5968E-01   4.5291E-01   0.0000E+00   0.0000E+00   6.3270E-02   0.0000E+00   0.0000E+00   0.0000E+00   1.1603E-03   1.2604E-03   3.6377E-02   0.0000E+00   0.0000E+00
    6.560955E-07   1.1182E+00   1.1339E-08   0.0000E+00   5.7604E-01   4.4326E-01   0.0000E+00   0.0000E+00   6.2378E-02   0.0000E+00   0.0000E+00   0.0000E+00   1.2651E-03   1.3890E-03   3.3882E-02   0.0000E+00   0.0000E+00
    6.560985E-07   1.1131E+00   1.3396E-08   0.0000E+00   5.8806E-01   4.2909E-01   0.0000E+00   0.0000E+00   6.0725E-02   0.0000E+00   0.0000E+00   0.0000E+00   1.3781E-03   1.5585E-03   3.2324E-02   0.0000E+00   0.0000E+00
    6.561015E-07   1.1012E+00   1.5721E-08   0.0000E+00   5.9531E-01   4.1200E-01   0.0000E+00   0.0000E+00   5.8471E-02   0.0000E+00   0.0000E+00   0.0000E+00   1.4815E-03   1.7842E-03   3.2178E-02   0.0000E+00   0.0000E+00
    6.561045E-07   1.0844E+00   1.8181E-08   0.0000E+00   5.9754E-01   3.9398E-01   0.0000E+00   0.0000E+00   5.5772E-02   0.0000E+00   0.0000E+00   0.0000E+00   1.5521E-03   2.0678E-03   3.3483E-02   0.0000E+00   0.0000E+00
    6.561075E-07   1.0627E+00   2.0532E-08   0.0000E+00   5.9468E-01   3.7615E-01   0.0000E+00   0.0000E+00   5.2797E-02   0.0000E+00   0.0000E+00   0.0000E+00   1.5685E-03   2.3881E-03   3.5142E-02   0.0000E+00   0.0000E+00
    6.561105E-07   1.0337E+00   2.2456E-08   0.0000E+00   5.8682E-01   3.5827E-01   0.0000E+00   0.0000E+00   4.9748E-02   0.0000E+00   0.0000E+00   0.0000E+00   1.5219E-03   2.6908E-03   3.4669E-02   0.0000E+00   0.0000E+00
    6.561135E-07   9.9582E-01   2.3657E-08   0.0000E+00   5.7424E-01   3.3950E-01   0.0000E+00   0.0000E+00   4.6775E-02   0.0000E+00   0.0000E+00   0.0000E+00   1.4218E-03   2.8892E-03   3.1000E-02   0.0000E+00   0.0000E+00
    6.561165E-07   9.5118E-01   2.3961E-08   0.0000E+00   5.5736E-01   3.1968E-01   0.0000E+00   0.0000E+00   4.3905E-02   0.0000E+00   0.0000E+00   0.0000E+00   1.2908E-03   2.9043E-03   2.6039E-02   0.0000E+00   0.0000E+00
    6.561195E-07   9.0231E-01   2.3371E-08   0.0000E+00   5.3673E-01   2.9913E-01   0.0000E+00   0.0000E+00   4.1070E-02   0.0000E+00   0.0000E+00   0.0000E+00   1.1538E-03   2.7242E-03   2.1505E-02   0.0000E+00   0.0000E+00
    6.561225E-07   8.5088E-01   2.2040E-08   0.0000E+00   5.1298E-01   2.7843E-01   0.0000E+00   0.0000E+00   3.8190E-02   0.0000E+00   0.0000E+00   0.0000E+00   1.0274E-03   2.4137E-03   1.7833E-02   0.0000E+00   0.0000E+00
    6.561255E-07   7.9846E-01   2.0198E-08   0.0000E+00   4.8683E-01   2.5849E-01   0.0000E+00   0.0000E+00   3.5234E-02   0.0000E+00   0.0000E+00   0.0000E+00   9.1871E-04   2.0607E-03   1.4929E-02   0.0000E+00   0.0000E+00
    6.561285E-07   7.4640E-01   1.8080E-08   0.0000E+00   4.5898E-01   2.4003E-01   0.0000E+00   0.0000E+00   3.2216E-02   0.0000E+00   0.0000E+00   0.0000E+00   8.2732E-04   1.7267E-03   1.2621E-02   0.0000E+00   0.0000E+00
    6.561315E-07   6.9566E-01   1.5877E-08   0.0000E+00   4.3013E-01   2.2340E-01   0.0000E+00   0.0000E+00   2.9177E-02   0.0000E+00   0.0000E+00   0.0000E+00   7.4874E-04   1.4389E-03   1.0768E-02   0.0000E+00   0.0000E+00
    6.561345E-07   6.4685E-01   1.3734E-08   0.0000E+00   4.0092E-01   2.0861E-01   0.0000E+00   0.0000E+00   2.6177E-02   0.0000E+00   0.0000E+00   0.0000E+00   6.7767E-04   1.2017E-03   9.2663E-03   0.0000E+00   0.0000E+00
    6.561375E-07   6.0014E-01   1.1756E-08   0.0000E+00   3.7192E-01   1.9527E-01   0.0000E+00   0.0000E+00   2.3289E-02   0.0000E+00   0.0000E+00   0.0000E+00   6.1033E-04   1.0095E-03   8.0394E-03   0.0000E+00   0.0000E+00
    6.561405E-07   5.5516E-01   1.0005E-08   0.0000E+00   3.4363E-01   1.8252E-01   0.0000E+00   0.0000E+00   2.0583E-02   0.0000E+00   0.0000E+00   0.0000E+00   5.4545E-04   8.5387E-04   7.0284E-03   0.0000E+00   0.0000E+00
    6.561435E-07   5.1148E-01   8.5075E-09   0.0000E+00   3.1642E-01   1.6954E-01   0.0000E+00   0.0000E+00   1.8118E-02   0.0000E+00   0.0000E+00   0.0000E+00   4.8381E-04   7.2749E-04   6.1877E-03   0.0000E+00   0.0000E+00
    6.561465E-07   4.6949E-01   7.2542E-09   0.0000E+00   2.9060E-01   1.5643E-01   0.0000E+00   0.0000E+00   1.5930E-02   0.0000E+00   0.0000E+00   0.0000E+00   4.2695E-04   6.2441E-04   5.4823E-03   0.0000E+00   0.0000E+00
    6.561495E-07   4.2980E-01   6.2185E-09   0.0000E+00   2.6636E-01   1.4361E-01   0.0000E+00   0.0000E+00   1.4026E-02   0.0000E+00   0.0000E+00   0.0000E+00   3.7604E-04   5.3992E-04   4.8861E-03   0.0000E+00   0.0000E+00
    6.561525E-07   3.9274E-01   5.3664E-09   0.0000E+00   2.4384E-01   1.3133E-01   0.0000E+00   0.0000E+00   1.2392E-02   0.0000E+00   0.0000E+00   0.0000E+00   3.3148E-04   4.7028E-04   4.3791E-03   0.0000E+00   0.0000E+00
    6.561555E-07   3.5856E-01   4.6645E-09   0.0000E+00   2.2307E-01   1.1984E-01   0.0000E+00   0.0000E+00   1.1000E-02   0.0000E+00   0.0000E+00   0.0000E+00   2.9305E-04   4.1250E-04   3.9457E-03   0.0000E+00   0.0000E+00
    6.561585E-07   3.2744E-01   4.0838E-09   0.0000E+00   2.0406E-01   1.0936E-01   0.0000E+00   0.0000E+00   9.8166E-03   0.0000E+00   0.0000E+00   0.0000E+00   2.6016E-04   3.6421E-04   3.5731E-03   0.0000E+00   0.0000E+00
    6.561615E-07   2.9941E-01   3.6001E-09   0.0000E+00   1.8675E-01   1.0004E-01   0.0000E+00   0.0000E+00   8.8077E-03   0.0000E+00   0.0000E+00   0.0000E+00   2.3208E-04   3.2357E-04   3.2510E-03   0.0000E+00   0.0000E+00
    6.561645E-07   2.7433E-01   3.1944E-09   0.0000E+00   1.7106E-01   9.1860E-02   0.0000E+00   0.0000E+00   7.9443E-03   0.0000E+00   0.0000E+00   0.0000E+00   2.0807E-04   2.8913E-04   2.9709E-03   0.0000E+00   0.0000E+00
    6.561675E-07   2.5194E-01   2.8517E-09   0.0000E+00   1.5689E-01   8.4682E-02   0.0000E+00   0.0000E+00   7.2013E-03   0.0000E+00   0.0000E+00   0.0000E+00   1.8749E-04   2.5974E-04   2.7260E-03   0.0000E+00   0.0000E+00
    6.561705E-07   2.3195E-01   2.5599E-09   0.0000E+00   1.4411E-01   7.8360E-02   0.0000E+00   0.0000E+00   6.5583E-03   0.0000E+00   0.0000E+00   0.0000E+00   1.6976E-04   2.3450E-04   2.5106E-03   0.0000E+00   0.0000E+00
    6.561735E-07   2.1412E-01   2.3097E-09   0.0000E+00   1.3262E-01   7.2815E-02   0.0000E+00   0.0000E+00   5.9985E-03   0.0000E+00   0.0000E+00   0.0000E+00   1.5441E-04   2.1269E-04   2.3202E-03   0.0000E+00   0.0000E+00
    6.561765E-07   1.9821E-01   2.0939E-09   0.0000E+00   1.2228E-01   6.7938E-02   0.0000E+00   0.0000E+00   5.5084E-03   0.0000E+00   0.0000E+00   0.0000E+00   1.4104E-04   1.9373E-04   2.1510E-03   0.0000E+00   0.0000E+00
    6.561795E-07   1.8382E-01   1.9065E-09   0.0000E+00   1.1298E-01   6.3457E-02   0.0000E+00   0.0000E+00   5.0769E-03   0.0000E+00   0.0000E+00   0.0000E+00   1.2934E-04   1.7716E-04   1.9999E-03   0.0000E+00   0.0000E+00
    6.561825E-07   1.7058E-01   1.7429E-09   0.0000E+00   1.0461E-01   5.9121E-02   0.0000E+00   0.0000E+00   4.6950E-03   0.0000E+00   0.0000E+00   0.0000E+00   1.1905E-04   1.6260E-04   1.8645E-03   0.0000E+00   0.0000E+00
    6.561855E-07   1.5835E-01   1.5992E-09   0.0000E+00   9.7081E-02   5.4913E-02   0.0000E+00   0.0000E+00   4.3554E-03   0.0000E+00   0.0000E+00   0.0000E+00   1.0994E-04   1.4974E-04   1.7427E-03   0.0000E+00   0.0000E+00
    6.561885E-07   1.4707E-01   1.4723E-09   0.0000E+00   9.0287E-02   5.0858E-02   0.0000E+00   0.0000E+00   4.0520E-03   0.0000E+00   0.0000E+00   0.0000E+00   1.0186E-04   1.3834E-04   1.6326E-03   0.0000E+00   0.0000E+00
    6.561915E-07   1.3662E-01   1.3599E-09   0.0000E+00   8.4148E-02   4.6937E-02   0.0000E+00   0.0000E+00   3.7798E-03   0.0000E+00   0.0000E+00   0.0000E+00   9.4637E-05   1.2818E-04   1.5327E-03   0.0000E+00   0.0000E+00
    6.561945E-07   1.2696E-01   1.2597E-09   0.0000E+00   7.8591E-02   4.3181E-02   0.0000E+00   0.0000E+00   3.5347E-03   0.0000E+00   0.0000E+00   0.0000E+00   8.8167E-05   1.1909E-04   1.4419E-03   0.0000E+00   0.0000E+00
    6.561975E-07   1.1809E-01   1.1701E-09   0.0000E+00   7.3549E-02   3.9675E-02   0.0000E+00   0.0000E+00   3.3131E-03   0.0000E+00   0.0000E+00   0.0000E+00   8.2347E-05   1.1093E-04   1.3591E-03   0.0000E+00   0.0000E+00
    6.562005E-07   1.1004E-01   1.0897E-09   0.0000E+00   6.8966E-02   3.6498E-02   0.0000E+00   0.0000E+00   3.1120E-03   0.0000E+00   0.0000E+00   0.0000E+00   7.7091E-05   1.0358E-04   1.2832E-03   0.0000E+00   0.0000E+00
    6.562035E-07   1.0278E-01   1.0172E-09   0.0000E+00   6.4791E-02   3.3674E-02   0.0000E+00   0.0000E+00   2.9291E-03   0.0000E+00   0.0000E+00   0.0000E+00   7.2328E-05   9.6926E-05   1.2137E-03   0.0000E+00   0.0000E+00
    6.562065E-07   9.6221E-02   9.5170E-10   0.0000E+00   6.0978E-02   3.1173E-02   0.0000E+00   0.0000E+00   2.7620E-03   0.0000E+00   0.0000E+00   0.0000E+00   6.7998E-05   9.0894E-05   1.1497E-03   0.0000E+00   0.0000E+00
    6.562095E-07   9.0296E-02   8.9228E-10   0.0000E+00   5.7489E-02   2.8958E-02   0.0000E+00   0.0000E+00   2.6091E-03   0.0000E+00   0.0000E+00   0.0000E+00   6.4050E-05   8.5405E-05   1.0907E-03   0.0000E+00   0.0000E+00
    6.562125E-07   8.4937E-02   8.3823E-10   0.0000E+00   5.4288E-02   2.7003E-02   0.0000E+00   0.0000E+00   2.4688E-03   0.0000E+00   0.0000E+00   0.0000E+00   6.0440E-05   8.0398E-05   1.0362E-03   0.0000E+00   0.0000E+00
    6.562155E-07   8.0052E-02   7.8891E-10   0.0000E+00   5.1347E-02   2.5247E-02   0.0000E+00   0.0000E+00   2.3396E-03   0.0000E+00   0.0000E+00   0.0000E+00   5.7130E-05   7.5817E-05   9.8568E-04   0.0000E+00   0.0000E+00
    6.562185E-07   7.5572E-02   7.4381E-10   0.0000E+00   4.8637E-02   2.3650E-02   0.0000E+00   0.0000E+00   2.2205E-03   0.0000E+00   0.0000E+00   0.0000E+00   5.4087E-05   7.1616E-05   9.3883E-04   0.0000E+00   0.0000E+00
    6.562215E-07   7.1487E-02   7.0244E-10   0.0000E+00   4.6137E-02   2.2226E-02   0.0000E+00   0.0000E+00   2.1103E-03   0.0000E+00   0.0000E+00   0.0000E+00   5.1284E-05   6.7753E-05   8.9528E-04   0.0000E+00   0.0000E+00
    6.562245E-07   6.7775E-02   6.6442E-10   0.0000E+00   4.3824E-02   2.0975E-02   0.0000E+00   0.0000E+00   2.0083E-03   0.0000E+00   0.0000E+00   0.0000E+00   4.8695E-05   6.4194E-05   8.5472E-04   0.0000E+00   0.0000E+00
    6.562275E-07   6.4363E-02   6.2939E-10   0.0000E+00   4.1681E-02   1.9845E-02   0.0000E+00   0.0000E+00   1.9136E-03   0.0000E+00   0.0000E+00   0.0000E+00   4.6299E-05   6.0908E-05   8.1689E-04   0.0000E+00   0.0000E+00
    6.562305E-07   6.1176E-02   5.9705E-10   0.0000E+00   3.9691E-02   1.8776E-02   0.0000E+00   0.0000E+00   1.8255E-03   0.0000E+00   0.0000E+00   0.0000E+00   4.4077E-05   5.7868E-05   7.8153E-04   0.0000E+00   0.0000E+00
    6.562335E-07   5.8228E-02   5.6714E-10   0.0000E+00   3.7841E-02   1.7798E-02   0.0000E+00   0.0000E+00   1.7434E-03   0.0000E+00   0.0000E+00   0.0000E+00   4.2013E-05   5.5049E-05   7.4844E-04   0.0000E+00   0.0000E+00
    6.562365E-07   5.5561E-02   5.3940E-10   0.0000E+00   3.6118E-02   1.6966E-02   0.0000E+00   0.0000E+00   1.6669E-03   0.0000E+00   0.0000E+00   0.0000E+00   4.0092E-05   5.2431E-05   7.1742E-04   0.0000E+00   0.0000E+00
    6.562395E-07   5.3184E-02   5.1365E-10   0.0000E+00   3.4510E-02   1.6302E-02   0.0000E+00   0.0000E+00   1.5953E-03   0.0000E+00   0.0000E+00   0.0000E+00   3.8301E-05   4.9996E-05   6.8831E-04   0.0000E+00   0.0000E+00
    6.562425E-07   5.1084E-02   4.8969E-10   0.0000E+00   3.3008E-02   1.5802E-02   0.0000E+00   0.0000E+00   1.5282E-03   0.0000E+00   0.0000E+00   0.0000E+00   3.6628E-05   4.7726E-05   6.6095E-04   0.0000E+00   0.0000E+00
    6.562455E-07   4.9180E-02   4.6737E-10   0.0000E+00   3.1602E-02   1.5396E-02   0.0000E+00   0.0000E+00   1.4654E-03   0.0000E+00   0.0000E+00   0.0000E+00   3.5063E-05   4.5607E-05   6.3520E-04   0.0000E+00   0.0000E+00
    6.562485E-07   4.7270E-02   4.4653E-10   0.0000E+00   3.0284E-02   1.4892E-02   0.0000E+00   0.0000E+00   1.4064E-03   0.0000E+00   0.0000E+00   0.0000E+00   3.3597E-05   4.3626E-05   6.1094E-04   0.0000E+00   0.0000E+00
    6.562515E-07   4.5207E-02   4.2705E-10   0.0000E+00   2.9047E-02   1.4147E-02   0.0000E+00   0.0000E+00   1.3509E-03   0.0000E+00   0.0000E+00   0.0000E+00   3.2222E-05   4.1771E-05   5.8805E-04   0.0000E+00   0.0000E+00
    6.562545E-07   4.3117E-02   4.0882E-10   0.0000E+00   2.7885E-02   1.3296E-02   0.0000E+00   0.0000E+00   1.2987E-03   0.0000E+00   0.0000E+00   0.0000E+00   3.0930E-05   4.0032E-05   5.6643E-04   0.0000E+00   0.0000E+00
    6.562575E-07   4.1167E-02   3.9173E-10   0.0000E+00   2.6791E-02   1.2513E-02   0.0000E+00   0.0000E+00   1.2495E-03   0.0000E+00   0.0000E+00   0.0000E+00   2.9715E-05   3.8399E-05   5.4599E-04   0.0000E+00   0.0000E+00
    6.562605E-07   3.9399E-02   3.7568E-10   0.0000E+00   2.5761E-02   1.1843E-02   0.0000E+00   0.0000E+00   1.2030E-03   0.0000E+00   0.0000E+00   0.0000E+00   2.8571E-05   3.6864E-05   5.2664E-04   0.0000E+00   0.0000E+00
    6.562635E-07   3.7791E-02   3.6060E-10   0.0000E+00   2.4789E-02   1.1271E-02   0.0000E+00   0.0000E+00   1.1591E-03   0.0000E+00   0.0000E+00   0.0000E+00   2.7492E-05   3.5419E-05   5.0831E-04   0.0000E+00   0.0000E+00
    6.562665E-07   3.6316E-02   3.4641E-10   0.0000E+00   2.3872E-02   1.0776E-02   0.0000E+00   0.0000E+00   1.1176E-03   0.0000E+00   0.0000E+00   0.0000E+00   2.6473E-05   3.4058E-05   4.9093E-04   0.0000E+00   0.0000E+00
    6.562695E-07   3.4959E-02   3.3304E-10   0.0000E+00   2.3004E-02   1.0344E-02   0.0000E+00   0.0000E+00   1.0783E-03   0.0000E+00   0.0000E+00   0.0000E+00   2.5510E-05   3.2774E-05   4.7443E-04   0.0000E+00   0.0000E+00
    6.562725E-07   3.3703E-02   3.2042E-10   0.0000E+00   2.2183E-02   9.9635E-03   0.0000E+00   0.0000E+00   1.0410E-03   0.0000E+00   0.0000E+00   0.0000E+00   2.4599E-05   3.1560E-05   4.5875E-04   0.0000E+00   0.0000E+00
    6.562755E-07   3.2521E-02   3.0851E-10   0.0000E+00   2.1405E-02   9.6115E-03   0.0000E+00   0.0000E+00   1.0057E-03   0.0000E+00   0.0000E+00   0.0000E+00   2.3737E-05   3.0413E-05   4.4384E-04   0.0000E+00   0.0000E+00
    6.562785E-07   3.1379E-02   2.9725E-10   0.0000E+00   2.0668E-02   9.2571E-03   0.0000E+00   0.0000E+00   9.7215E-04   0.0000E+00   0.0000E+00   0.0000E+00   2.2919E-05   2.9328E-05   4.2965E-04   0.0000E+00   0.0000E+00
    6.562815E-07   3.0273E-02   2.8659E-10   0.0000E+00   1.9968E-02   8.8981E-03   0.0000E+00   0.0000E+00   9.4025E-04   0.0000E+00   0.0000E+00   0.0000E+00   2.2143E-05   2.8299E-05   4.1613E-04   0.0000E+00   0.0000E+00
    6.562845E-07   2.9224E-02   2.7649E-10   0.0000E+00   1.9304E-02   8.5583E-03   0.0000E+00   0.0000E+00   9.0991E-04   0.0000E+00   0.0000E+00   0.0000E+00   2.1406E-05   2.7324E-05   4.0324E-04   0.0000E+00   0.0000E+00
    6.562875E-07   2.8242E-02   2.6692E-10   0.0000E+00   1.8671E-02   8.2519E-03   0.0000E+00   0.0000E+00   8.8103E-04   0.0000E+00   0.0000E+00   0.0000E+00   2.0705E-05   2.6398E-05   3.9095E-04   0.0000E+00   0.0000E+00
    6.562905E-07   2.7327E-02   2.5784E-10   0.0000E+00   1.8070E-02   7.9786E-03   0.0000E+00   0.0000E+00   8.5351E-04   0.0000E+00   0.0000E+00   0.0000E+00   2.0039E-05   2.5519E-05   3.7921E-04   0.0000E+00   0.0000E+00
    6.562935E-07   2.6463E-02   2.4921E-10   0.0000E+00   1.7497E-02   7.7262E-03   0.0000E+00   0.0000E+00   8.2727E-04   0.0000E+00   0.0000E+00   0.0000E+00   1.9404E-05   2.4682E-05   3.6799E-04   0.0000E+00   0.0000E+00
    6.562965E-07   2.5632E-02   2.4100E-10   0.0000E+00   1.6951E-02   7.4780E-03   0.0000E+00   0.0000E+00   8.0222E-04   0.0000E+00   0.0000E+00   0.0000E+00   1.8799E-05   2.3887E-05   3.5727E-04   0.0000E+00   0.0000E+00
    6.562995E-07   2.4836E-02   2.3320E-10   0.0000E+00   1.6431E-02   7.2385E-03   0.0000E+00   0.0000E+00   7.7831E-04   0.0000E+00   0.0000E+00   0.0000E+00   1.8222E-05   2.3129E-05   3.4701E-04   0.0000E+00   0.0000E+00
    6.563025E-07   2.4086E-02   2.2576E-10   0.0000E+00   1.5934E-02   7.0199E-03   0.0000E+00   0.0000E+00   7.5545E-04   0.0000E+00   0.0000E+00   0.0000E+00   1.7671E-05   2.2406E-05   3.3719E-04   0.0000E+00   0.0000E+00
    6.563055E-07   2.3384E-02   2.1868E-10   0.0000E+00   1.5459E-02   6.8244E-03   0.0000E+00   0.0000E+00   7.3359E-04   0.0000E+00   0.0000E+00   0.0000E+00   1.7145E-05   2.1717E-05   3.2778E-04   0.0000E+00   0.0000E+00
    6.563085E-07   2.2722E-02   2.1193E-10   0.0000E+00   1.5005E-02   6.6480E-03   0.0000E+00   0.0000E+00   7.1267E-04   0.0000E+00   0.0000E+00   0.0000E+00   1.6642E-05   2.1059E-05   3.1876E-04   0.0000E+00   0.0000E+00
    6.563115E-07   2.2092E-02   2.0548E-10   0.0000E+00   1.4571E-02   6.4819E-03   0.0000E+00   0.0000E+00   6.9264E-04   0.0000E+00   0.0000E+00   0.0000E+00   1.6161E-05   2.0431E-05   3.1011E-04   0.0000E+00   0.0000E+00
    6.563145E-07   2.1484E-02   1.9932E-10   0.0000E+00   1.4156E-02   6.3173E-03   0.0000E+00   0.0000E+00   6.7344E-04   0.0000E+00   0.0000E+00   0.0000E+00   1.5701E-05   1.9830E-05   3.0181E-04   0.0000E+00   0.0000E+00
    6.563175E-07   2.0897E-02   1.9343E-10   0.0000E+00   1.3758E-02   6.1556E-03   0.0000E+00   0.0000E+00   6.5504E-04   0.0000E+00   0.0000E+00   0.0000E+00   1.5260E-05   1.9256E-05   2.9384E-04   0.0000E+00   0.0000E+00
    6.563205E-07   2.0342E-02   1.8780E-10   0.0000E+00   1.3376E-02   6.0090E-03   0.0000E+00   0.0000E+00   6.3738E-04   0.0000E+00   0.0000E+00   0.0000E+00   1.4838E-05   1.8706E-05   2.8618E-04   0.0000E+00   0.0000E+00
    6.563235E-07   1.9833E-02   1.8242E-10   0.0000E+00   1.3011E-02   5.8905E-03   0.0000E+00   0.0000E+00   6.2043E-04   0.0000E+00   0.0000E+00   0.0000E+00   1.4433E-05   1.8179E-05   2.7882E-04   0.0000E+00   0.0000E+00
    6.563265E-07   1.9379E-02   1.7726E-10   0.0000E+00   1.2660E-02   5.8112E-03   0.0000E+00   0.0000E+00   6.0416E-04   0.0000E+00   0.0000E+00   0.0000E+00   1.4044E-05   1.7675E-05   2.7173E-04   0.0000E+00   0.0000E+00
    6.563295E-07   1.8987E-02   1.7231E-10   0.0000E+00   1.2323E-02   5.7799E-03   0.0000E+00   0.0000E+00   5.8851E-04   0.0000E+00   0.0000E+00   0.0000E+00   1.3671E-05   1.7191E-05   2.6492E-04   0.0000E+00   0.0000E+00
    6.563325E-07   1.8650E-02   1.6757E-10   0.0000E+00   1.1999E-02   5.7885E-03   0.0000E+00   0.0000E+00   5.7347E-04   0.0000E+00   0.0000E+00   0.0000E+00   1.3313E-05   1.6726E-05   2.5836E-04   0.0000E+00   0.0000E+00
    6.563355E-07   1.8302E-02   1.6303E-10   0.0000E+00   1.1688E-02   5.7730E-03   0.0000E+00   0.0000E+00   5.5900E-04   0.0000E+00   0.0000E+00   0.0000E+00   1.2969E-05   1.6280E-05   2.5204E-04   0.0000E+00   0.0000E+00
    6.563385E-07   1.7838E-02   1.5866E-10   0.0000E+00   1.1389E-02   5.6291E-03   0.0000E+00   0.0000E+00   5.4508E-04   0.0000E+00   0.0000E+00   0.0000E+00   1.2637E-05   1.5852E-05   2.4595E-04   0.0000E+00   0.0000E+00
    6.563415E-07   1.7266E-02   1.5447E-10   0.0000E+00   1.1102E-02   5.3647E-03   0.0000E+00   0.0000E+00   5.3167E-04   0.0000E+00   0.0000E+00   0.0000E+00   1.2319E-05   1.5441E-05   2.4008E-04   0.0000E+00   0.0000E+00
    6.563445E-07   1.6690E-02   1.5044E-10   0.0000E+00   1.0825E-02   5.0848E-03   0.0000E+00   0.0000E+00   5.1875E-04   0.0000E+00   0.0000E+00   0.0000E+00   1.2012E-05   1.5045E-05   2.3442E-04   0.0000E+00   0.0000E+00
    6.563475E-07   1.6164E-02   1.4657E-10   0.0000E+00   1.0558E-02   4.8439E-03   0.0000E+00   0.0000E+00   5.0630E-04   0.0000E+00   0.0000E+00   0.0000E+00   1.1717E-05   1.4664E-05   2.2896E-04   0.0000E+00   0.0000E+00
    6.563505E-07   1.5690E-02   1.4284E-10   0.0000E+00   1.0301E-02   4.6451E-03   0.0000E+00   0.0000E+00   4.9429E-04   0.0000E+00   0.0000E+00   0.0000E+00   1.1432E-05   1.4298E-05   2.2368E-04   0.0000E+00   0.0000E+00
    6.563535E-07   1.5258E-02   1.3926E-10   0.0000E+00   1.0054E-02   4.4781E-03   0.0000E+00   0.0000E+00   4.8271E-04   0.0000E+00   0.0000E+00   0.0000E+00   1.1158E-05   1.3945E-05   2.1859E-04   0.0000E+00   0.0000E+00
    6.563565E-07   1.4858E-02   1.3581E-10   0.0000E+00   9.8151E-03   4.3334E-03   0.0000E+00   0.0000E+00   4.7153E-04   0.0000E+00   0.0000E+00   0.0000E+00   1.0894E-05   1.3605E-05   2.1367E-04   0.0000E+00   0.0000E+00
    6.563595E-07   1.4483E-02   1.3248E-10   0.0000E+00   9.5847E-03   4.2045E-03   0.0000E+00   0.0000E+00   4.6073E-04   0.0000E+00   0.0000E+00   0.0000E+00   1.0638E-05   1.3277E-05   2.0891E-04   0.0000E+00   0.0000E+00
    6.563625E-07   1.4128E-02   1.2928E-10   0.0000E+00   9.3624E-03   4.0873E-03   0.0000E+00   0.0000E+00   4.5031E-04   0.0000E+00   0.0000E+00   0.0000E+00   1.0392E-05   1.2961E-05   2.0431E-04   0.0000E+00   0.0000E+00
    6.563655E-07   1.3790E-02   1.2619E-10   0.0000E+00   9.1477E-03   3.9789E-03   0.0000E+00   0.0000E+00   4.4023E-04   0.0000E+00   0.0000E+00   0.0000E+00   1.0154E-05   1.2657E-05   1.9987E-04   0.0000E+00   0.0000E+00
    6.563685E-07   1.3466E-02   1.2321E-10   0.0000E+00   8.9404E-03   3.8777E-03   0.0000E+00   0.0000E+00   4.3049E-04   0.0000E+00   0.0000E+00   0.0000E+00   9.9247E-06   1.2362E-05   1.9556E-04   0.0000E+00   0.0000E+00
    6.563715E-07   1.3156E-02   1.2033E-10   0.0000E+00   8.7400E-03   3.7822E-03   0.0000E+00   0.0000E+00   4.2107E-04   0.0000E+00   0.0000E+00   0.0000E+00   9.7028E-06   1.2078E-05   1.9140E-04   0.0000E+00   0.0000E+00
    6.563745E-07   1.2859E-02   1.1755E-10   0.0000E+00   8.5463E-03   3.6917E-03   0.0000E+00   0.0000E+00   4.1196E-04   0.0000E+00   0.0000E+00   0.0000E+00   9.4882E-06   1.1804E-05   1.8736E-04   0.0000E+00   0.0000E+00
    6.563775E-07   1.2572E-02   1.1487E-10   0.0000E+00   8.3590E-03   3.6055E-03   0.0000E+00   0.0000E+00   4.0314E-04   0.0000E+00   0.0000E+00   0.0000E+00   9.2807E-06   1.1539E-05   1.8345E-04   0.0000E+00   0.0000E+00
    6.563805E-07   1.2295E-02   1.1228E-10   0.0000E+00   8.1777E-03   3.5231E-03   0.0000E+00   0.0000E+00   3.9460E-04   0.0000E+00   0.0000E+00   0.0000E+00   9.0799E-06   1.1283E-05   1.7967E-04   0.0000E+00   0.0000E+00
    6.563835E-07   1.2029E-02   1.0977E-10   0.0000E+00   8.0023E-03   3.4441E-03   0.0000E+00   0.0000E+00   3.8633E-04   0.0000E+00   0.0000E+00   0.0000E+00   8.8856E-06   1.1035E-05   1.7600E-04   0.0000E+00   0.0000E+00
    6.563865E-07   1.1771E-02   1.0735E-10   0.0000E+00   7.8325E-03   3.3682E-03   0.0000E+00   0.0000E+00   3.7832E-04   0.0000E+00   0.0000E+00   0.0000E+00   8.6975E-06   1.0795E-05   1.7244E-04   0.0000E+00   0.0000E+00
    6.563895E-07   1.1522E-02   1.0501E-10   0.0000E+00   7.6681E-03   3.2952E-03   0.0000E+00   0.0000E+00   3.7056E-04   0.0000E+00   0.0000E+00   0.0000E+00   8.5153E-06   1.0563E-05   1.6899E-04   0.0000E+00   0.0000E+00
    6.563925E-07   1.1281E-02   1.0274E-10   0.0000E+00   7.5088E-03   3.2248E-03   0.0000E+00   0.0000E+00   3.6303E-04   0.0000E+00   0.0000E+00   0.0000E+00   8.3387E-06   1.0338E-05   1.6564E-04   0.0000E+00   0.0000E+00
    6.563955E-07   1.1048E-02   1.0055E-10   0.0000E+00   7.3544E-03   3.1568E-03   0.0000E+00   0.0000E+00   3.5573E-04   0.0000E+00   0.0000E+00   0.0000E+00   8.1677E-06   1.0121E-05   1.6239E-04   0.0000E+00   0.0000E+00
    6.563985E-07   1.0822E-02   9.8425E-11   0.0000E+00   7.2047E-03   3.0912E-03   0.0000E+00   0.0000E+00   3.4865E-04   0.0000E+00   0.0000E+00   0.0000E+00   8.0018E-06   9.9101E-06   1.5923E-04   0.0000E+00   0.0000E+00
 -----------------------------------------------------
 Spectrum view number   2
    6.558015E-07   5.9245E-02   0.0000E+00   0.0000E+00   5.5803E-02   3.3082E-03   0.0000E+00   0.0000E+00   1.2204E-04   0.0000E+00   4.2466E-06   0.0000E+00   4.6974E-06   1.7363E-06   9.0546E-07   0.0000E+00   0.0000E+00
    6.558045E-07   6.0431E-02   0.0000E+00   0.0000E+00   5.6916E-02   3.3790E-03   0.0000E+00   0.0000E+00   1.2462E-04   0.0000E+00   4.3306E-06   0.0000E+00   4.7955E-06   1.7709E-06   9.2520E-07   0.0000E+00   0.0000E+00
    6.558075E-07   6.1654E-02   0.0000E+00   0.0000E+00   5.8062E-02   3.4522E-03   0.0000E+00   0.0000E+00   1.2727E-04   0.0000E+00   4.4172E-06   0.0000E+00   4.8968E-06   1.8066E-06   9.4559E-07   0.0000E+00   0.0000E+00
    6.558105E-07   6.2914E-02   0.0000E+00   0.0000E+00   5.9244E-02   3.5278E-03   0.0000E+00   0.0000E+00   1.3001E-04   0.0000E+00   4.5064E-06   0.0000E+00   5.0012E-06   1.8433E-06   9.6665E-07   0.0000E+00   0.0000E+00
    6.558135E-07   6.4213E-02   0.0000E+00   0.0000E+00   6.0461E-02   3.6060E-03   0.0000E+00   0.0000E+00   1.3285E-04   0.0000E+00   4.5983E-06   0.0000E+00   5.1091E-06   1.8812E-06   9.8843E-07   0.0000E+00   0.0000E+00
    6.558165E-07   6.5552E-02   0.0000E+00   0.0000E+00   6.1717E-02   3.6868E-03   0.0000E+00   0.0000E+00   1.3577E-04   0.0000E+00   4.6930E-06   0.0000E+00   5.2205E-06   1.9203E-06   1.0110E-06   0.0000E+00   0.0000E+00
    6.558195E-07   6.6934E-02   0.0000E+00   0.0000E+00   6.3012E-02   3.7705E-03   0.0000E+00   0.0000E+00   1.3879E-04   0.0000E+00   4.7907E-06   0.0000E+00   5.3357E-06   1.9606E-06   1.0343E-06   0.0000E+00   0.0000E+00
    6.558225E-07   6.8360E-02   0.0000E+00   0.0000E+00   6.4347E-02   3.8570E-03   0.0000E+00   0.0000E+00   1.4192E-04   0.0000E+00   4.8914E-06   0.0000E+00   5.4547E-06   2.0022E-06   1.0584E-06   0.0000E+00   0.0000E+00
    6.558255E-07   6.9831E-02   0.0000E+00   0.0000E+00   6.5726E-02   3.9466E-03   0.0000E+00   0.0000E+00   1.4515E-04   0.0000E+00   4.9954E-06   0.0000E+00   5.5777E-06   2.0452E-06   1.0833E-06   0.0000E+00   0.0000E+00
    6.558285E-07   7.1351E-02   0.0000E+00   0.0000E+00   6.7149E-02   4.0394E-03   0.0000E+00   0.0000E+00   1.4849E-04   0.0000E+00   5.1027E-06   0.0000E+00   5.7051E-06   2.0895E-06   1.1092E-06   0.0000E+00   0.0000E+00
    6.558315E-07   7.2921E-02   0.0000E+00   0.0000E+00   6.8619E-02   4.1356E-03   0.0000E+00   0.0000E+00   1.5195E-04   0.0000E+00   5.2135E-06   0.0000E+00   5.8368E-06   2.1353E-06   1.1360E-06   0.0000E+00   0.0000E+00
    6.558345E-07   7.4543E-02   0.0000E+00   0.0000E+00   7.0137E-02   4.2354E-03   0.0000E+00   0.0000E+00   1.5553E-04   0.0000E+00   5.3279E-06   0.0000E+00   5.9732E-06   2.1827E-06   1.1638E-06   0.0000E+00   0.0000E+00
    6.558375E-07   7.6219E-02   0.0000E+00   0.0000E+00   7.1706E-02   4.3389E-03   0.0000E+00   0.0000E+00   1.5925E-04   0.0000E+00   5.4462E-06   0.0000E+00   6.1145E-06   2.2316E-06   1.1926E-06   0.0000E+00   0.0000E+00
    6.558405E-07   7.7953E-02   0.0000E+00   0.0000E+00   7.3328E-02   4.4463E-03   0.0000E+00   0.0000E+00   1.6309E-04   0.0000E+00   5.5684E-06   0.0000E+00   6.2609E-06   2.2822E-06   1.2225E-06   0.0000E+00   0.0000E+00
    6.558435E-07   7.9747E-02   0.0000E+00   0.0000E+00   7.5006E-02   4.5579E-03   0.0000E+00   0.0000E+00   1.6708E-04   0.0000E+00   5.6947E-06   0.0000E+00   6.4126E-06   2.3345E-06   1.2535E-06   0.0000E+00   0.0000E+00
    6.558465E-07   8.1603E-02   0.0000E+00   0.0000E+00   7.6741E-02   4.6738E-03   0.0000E+00   0.0000E+00   1.7121E-04   0.0000E+00   5.8254E-06   0.0000E+00   6.5700E-06   2.3887E-06   1.2857E-06   0.0000E+00   0.0000E+00
    6.558495E-07   8.3524E-02   0.0000E+00   0.0000E+00   7.8538E-02   4.7944E-03   0.0000E+00   0.0000E+00   1.7550E-04   0.0000E+00   5.9606E-06   0.0000E+00   6.7333E-06   2.4448E-06   1.3192E-06   0.0000E+00   0.0000E+00
    6.558525E-07   8.5514E-02   0.0000E+00   0.0000E+00   8.0397E-02   4.9200E-03   0.0000E+00   0.0000E+00   1.7996E-04   0.0000E+00   6.1006E-06   0.0000E+00   6.9028E-06   2.5028E-06   1.3540E-06   0.0000E+00   0.0000E+00
    6.558555E-07   8.7576E-02   0.0000E+00   0.0000E+00   8.2324E-02   5.0507E-03   0.0000E+00   0.0000E+00   1.8458E-04   0.0000E+00   6.2455E-06   0.0000E+00   7.0788E-06   2.5630E-06   1.3902E-06   0.0000E+00   0.0000E+00
    6.558585E-07   8.9714E-02   0.0000E+00   0.0000E+00   8.4320E-02   5.1871E-03   0.0000E+00   0.0000E+00   1.8939E-04   0.0000E+00   6.3957E-06   0.0000E+00   7.2617E-06   2.6254E-06   1.4279E-06   0.0000E+00   0.0000E+00
    6.558615E-07   9.1931E-02   0.0000E+00   0.0000E+00   8.6389E-02   5.3295E-03   0.0000E+00   0.0000E+00   1.9439E-04   0.0000E+00   6.5513E-06   0.0000E+00   7.4519E-06   2.6901E-06   1.4671E-06   0.0000E+00   0.0000E+00
    6.558645E-07   9.4231E-02   0.0000E+00   0.0000E+00   8.8534E-02   5.4782E-03   0.0000E+00   0.0000E+00   1.9959E-04   0.0000E+00   6.7127E-06   0.0000E+00   7.6497E-06   2.7573E-06   1.5080E-06   0.0000E+00   0.0000E+00
    6.558675E-07   9.6618E-02   0.0000E+00   0.0000E+00   9.0761E-02   5.6332E-03   0.0000E+00   0.0000E+00   2.0500E-04   0.0000E+00   6.8800E-06   0.0000E+00   7.8556E-06   2.8270E-06   1.5506E-06   0.0000E+00   0.0000E+00
    6.558705E-07   9.9096E-02   0.0000E+00   0.0000E+00   9.3071E-02   5.7945E-03   0.0000E+00   0.0000E+00   2.1063E-04   0.0000E+00   7.0537E-06   0.0000E+00   8.0699E-06   2.8993E-06   1.5950E-06   0.0000E+00   0.0000E+00
    6.558735E-07   1.0167E-01   0.0000E+00   0.0000E+00   9.5471E-02   5.9617E-03   0.0000E+00   0.0000E+00   2.1650E-04   0.0000E+00   7.2341E-06   0.0000E+00   8.2933E-06   2.9745E-06   1.6413E-06   0.0000E+00   0.0000E+00
    6.558765E-07   1.0434E-01   0.0000E+00   0.0000E+00   9.7964E-02   6.1356E-03   0.0000E+00   0.0000E+00   2.2262E-04   0.0000E+00   7.4214E-06   0.0000E+00   8.5261E-06   3.0527E-06   1.6897E-06   0.0000E+00   0.0000E+00
    6.558795E-07   1.0712E-01   0.0000E+00   0.0000E+00   1.0056E-01   6.3172E-03   0.0000E+00   0.0000E+00   2.2901E-04   0.0000E+00   7.6160E-06   0.0000E+00   8.7690E-06   3.1340E-06   1.7403E-06   0.0000E+00   0.0000E+00
    6.558825E-07   1.1002E-01   0.0000E+00   0.0000E+00   1.0325E-01   6.5076E-03   0.0000E+00   0.0000E+00   2.3567E-04   0.0000E+00   7.8184E-06   0.0000E+00   9.0225E-06   3.2187E-06   1.7932E-06   0.0000E+00   0.0000E+00
    6.558855E-07   1.1303E-01   0.0000E+00   0.0000E+00   1.0606E-01   6.7077E-03   0.0000E+00   0.0000E+00   2.4263E-04   0.0000E+00   8.0289E-06   0.0000E+00   9.2873E-06   3.3068E-06   1.8485E-06   0.0000E+00   0.0000E+00
    6.558885E-07   1.1617E-01   0.0000E+00   0.0000E+00   1.0897E-01   6.9181E-03   0.0000E+00   0.0000E+00   2.4990E-04   0.0000E+00   8.2481E-06   0.0000E+00   9.5641E-06   3.3986E-06   1.9064E-06   0.0000E+00   0.0000E+00
    6.558915E-07   1.1944E-01   0.0000E+00   0.0000E+00   1.1202E-01   7.1396E-03   0.0000E+00   0.0000E+00   2.5750E-04   0.0000E+00   8.4762E-06   0.0000E+00   9.8536E-06   3.4943E-06   1.9671E-06   0.0000E+00   0.0000E+00
    6.558945E-07   1.2285E-01   0.0000E+00   0.0000E+00   1.1518E-01   7.3730E-03   0.0000E+00   0.0000E+00   2.6546E-04   0.0000E+00   8.7140E-06   0.0000E+00   1.0157E-05   3.5941E-06   2.0307E-06   0.0000E+00   0.0000E+00
    6.558975E-07   1.2641E-01   0.0000E+00   0.0000E+00   1.1849E-01   7.6190E-03   0.0000E+00   0.0000E+00   2.7379E-04   0.0000E+00   8.9618E-06   0.0000E+00   1.0474E-05   3.6983E-06   2.0974E-06   0.0000E+00   0.0000E+00
    6.559005E-07   1.3012E-01   0.0000E+00   0.0000E+00   1.2194E-01   7.8786E-03   0.0000E+00   0.0000E+00   2.8252E-04   0.0000E+00   9.2203E-06   0.0000E+00   1.0806E-05   3.8071E-06   2.1675E-06   0.0000E+00   0.0000E+00
    6.559035E-07   1.3401E-01   0.0000E+00   0.0000E+00   1.2554E-01   8.1526E-03   0.0000E+00   0.0000E+00   2.9168E-04   0.0000E+00   9.4901E-06   0.0000E+00   1.1155E-05   3.9208E-06   2.2411E-06   0.0000E+00   0.0000E+00
    6.559065E-07   1.3807E-01   0.0000E+00   0.0000E+00   1.2930E-01   8.4418E-03   0.0000E+00   0.0000E+00   3.0129E-04   0.0000E+00   9.7719E-06   0.0000E+00   1.1522E-05   4.0397E-06   2.3185E-06   0.0000E+00   0.0000E+00
    6.559095E-07   1.4231E-01   0.0000E+00   0.0000E+00   1.3323E-01   8.7480E-03   0.0000E+00   0.0000E+00   3.1138E-04   0.0000E+00   1.0066E-05   0.0000E+00   1.1907E-05   4.1641E-06   2.4001E-06   0.0000E+00   0.0000E+00
    6.559125E-07   1.4676E-01   0.0000E+00   0.0000E+00   1.3734E-01   9.0737E-03   0.0000E+00   0.0000E+00   3.2199E-04   0.0000E+00   1.0374E-05   0.0000E+00   1.2311E-05   4.2944E-06   2.4859E-06   0.0000E+00   0.0000E+00
    6.559155E-07   1.5142E-01   0.0000E+00   0.0000E+00   1.4164E-01   9.4215E-03   0.0000E+00   0.0000E+00   3.3316E-04   0.0000E+00   1.0696E-05   0.0000E+00   1.2737E-05   4.4309E-06   2.5765E-06   0.0000E+00   0.0000E+00
    6.559185E-07   1.5631E-01   0.0000E+00   0.0000E+00   1.4614E-01   9.7940E-03   0.0000E+00   0.0000E+00   3.4491E-04   0.0000E+00   1.1034E-05   0.0000E+00   1.3186E-05   4.5741E-06   2.6721E-06   0.0000E+00   0.0000E+00
    6.559215E-07   1.6145E-01   0.0000E+00   0.0000E+00   1.5086E-01   1.0194E-02   0.0000E+00   0.0000E+00   3.5730E-04   0.0000E+00   1.1387E-05   0.0000E+00   1.3660E-05   4.7244E-06   2.7731E-06   0.0000E+00   0.0000E+00
    6.559245E-07   1.6684E-01   0.0000E+00   0.0000E+00   1.5581E-01   1.0623E-02   0.0000E+00   0.0000E+00   3.7038E-04   0.0000E+00   1.1758E-05   0.0000E+00   1.4159E-05   4.8823E-06   2.8800E-06   0.0000E+00   0.0000E+00
    6.559275E-07   1.7251E-01   0.0000E+00   0.0000E+00   1.6101E-01   1.1079E-02   0.0000E+00   0.0000E+00   3.8418E-04   0.0000E+00   1.2147E-05   0.0000E+00   1.4687E-05   5.0483E-06   2.9931E-06   0.0000E+00   0.0000E+00
    6.559305E-07   1.7846E-01   0.0000E+00   0.0000E+00   1.6647E-01   1.1558E-02   0.0000E+00   0.0000E+00   3.9878E-04   0.0000E+00   1.2555E-05   0.0000E+00   1.5246E-05   5.2230E-06   3.1130E-06   0.0000E+00   0.0000E+00
    6.559335E-07   1.8472E-01   0.0000E+00   0.0000E+00   1.7221E-01   1.2058E-02   0.0000E+00   0.0000E+00   4.1422E-04   0.0000E+00   1.2985E-05   0.0000E+00   1.5838E-05   5.4069E-06   3.2402E-06   0.0000E+00   0.0000E+00
    6.559365E-07   1.9130E-01   0.0000E+00   0.0000E+00   1.7824E-01   1.2586E-02   0.0000E+00   0.0000E+00   4.3058E-04   0.0000E+00   1.3436E-05   0.0000E+00   1.6465E-05   5.6009E-06   3.3754E-06   0.0000E+00   0.0000E+00
    6.559395E-07   1.9824E-01   0.0000E+00   0.0000E+00   1.8460E-01   1.3158E-02   0.0000E+00   0.0000E+00   4.4793E-04   0.0000E+00   1.3912E-05   0.0000E+00   1.7131E-05   5.8055E-06   3.5192E-06   0.0000E+00   0.0000E+00
    6.559425E-07   2.0559E-01   0.0000E+00   0.0000E+00   1.9129E-01   1.3787E-02   0.0000E+00   0.0000E+00   4.6636E-04   0.0000E+00   1.4413E-05   0.0000E+00   1.7839E-05   6.0217E-06   3.6724E-06   0.0000E+00   0.0000E+00
    6.559455E-07   2.1337E-01   0.0000E+00   0.0000E+00   1.9836E-01   1.4483E-02   0.0000E+00   0.0000E+00   4.8595E-04   0.0000E+00   1.4941E-05   0.0000E+00   1.8593E-05   6.2503E-06   3.8357E-06   0.0000E+00   0.0000E+00
    6.559485E-07   2.2163E-01   0.0000E+00   0.0000E+00   2.0581E-01   1.5259E-02   0.0000E+00   0.0000E+00   5.0681E-04   0.0000E+00   1.5499E-05   0.0000E+00   1.9397E-05   6.4923E-06   4.0102E-06   0.0000E+00   0.0000E+00
    6.559515E-07   2.3040E-01   0.0000E+00   0.0000E+00   2.1369E-01   1.6126E-02   0.0000E+00   0.0000E+00   5.2903E-04   0.0000E+00   1.6088E-05   0.0000E+00   2.0254E-05   6.7488E-06   4.1968E-06   0.0000E+00   0.0000E+00
    6.559545E-07   2.3973E-01   0.0000E+00   0.0000E+00   2.2203E-01   1.7100E-02   0.0000E+00   0.0000E+00   5.5276E-04   0.0000E+00   1.6711E-05   0.0000E+00   2.1171E-05   7.0210E-06   4.3967E-06   0.0000E+00   0.0000E+00
    6.559575E-07   2.4967E-01   0.0000E+00   0.0000E+00   2.3085E-01   1.8193E-02   0.0000E+00   0.0000E+00   5.7813E-04   0.0000E+00   1.7371E-05   0.0000E+00   2.2153E-05   7.3101E-06   4.6111E-06   0.0000E+00   0.0000E+00
    6.559605E-07   2.6026E-01   0.0000E+00   0.0000E+00   2.4020E-01   1.9404E-02   0.0000E+00   0.0000E+00   6.0529E-04   0.0000E+00   1.8071E-05   0.0000E+00   2.3206E-05   7.6177E-06   4.8416E-06   0.0000E+00   0.0000E+00
    6.559635E-07   2.7150E-01   0.0000E+00   0.0000E+00   2.5012E-01   2.0696E-02   0.0000E+00   0.0000E+00   6.3441E-04   0.0000E+00   1.8813E-05   0.0000E+00   2.4338E-05   7.9454E-06   5.0897E-06   0.0000E+00   0.0000E+00
    6.559665E-07   2.8336E-01   0.0000E+00   0.0000E+00   2.6065E-01   2.1986E-02   0.0000E+00   0.0000E+00   6.6569E-04   0.0000E+00   1.9602E-05   0.0000E+00   2.5557E-05   8.2949E-06   5.3574E-06   0.0000E+00   0.0000E+00
    6.559695E-07   2.9579E-01   0.0000E+00   0.0000E+00   2.7185E-01   2.3170E-02   0.0000E+00   0.0000E+00   6.9936E-04   0.0000E+00   2.0440E-05   0.0000E+00   2.6871E-05   8.6684E-06   5.6466E-06   0.0000E+00   0.0000E+00
    6.559725E-07   3.0881E-01   0.0000E+00   0.0000E+00   2.8378E-01   2.4230E-02   0.0000E+00   0.0000E+00   7.3564E-04   0.0000E+00   2.1334E-05   0.0000E+00   2.8292E-05   9.0680E-06   5.9597E-06   0.0000E+00   0.0000E+00
    6.559755E-07   3.2259E-01   0.0000E+00   0.0000E+00   2.9649E-01   2.5263E-02   0.0000E+00   0.0000E+00   7.7484E-04   0.0000E+00   2.2286E-05   0.0000E+00   2.9831E-05   9.4962E-06   6.2996E-06   0.0000E+00   0.0000E+00
    6.559785E-07   3.3734E-01   0.0000E+00   0.0000E+00   3.1005E-01   2.6404E-02   0.0000E+00   0.0000E+00   8.1725E-04   0.0000E+00   2.3304E-05   0.0000E+00   3.1503E-05   9.9561E-06   6.6692E-06   0.0000E+00   0.0000E+00
    6.559815E-07   3.5322E-01   0.0000E+00   0.0000E+00   3.2454E-01   2.7743E-02   0.0000E+00   0.0000E+00   8.6326E-04   0.0000E+00   2.4391E-05   0.0000E+00   3.3322E-05   1.0451E-05   7.0721E-06   0.0000E+00   0.0000E+00
    6.559845E-07   3.7037E-01   0.0000E+00   0.0000E+00   3.4005E-01   2.9330E-02   0.0000E+00   0.0000E+00   9.1327E-04   0.0000E+00   2.5556E-05   0.0000E+00   3.5308E-05   1.0984E-05   7.5125E-06   0.0000E+00   0.0000E+00
    6.559875E-07   3.8890E-01   0.0000E+00   0.0000E+00   3.5666E-01   3.1191E-02   0.0000E+00   0.0000E+00   9.6776E-04   0.0000E+00   2.6806E-05   0.0000E+00   3.7481E-05   1.1559E-05   7.9951E-06   0.0000E+00   0.0000E+00
    6.559905E-07   4.0894E-01   0.0000E+00   0.0000E+00   3.7448E-01   3.3346E-02   0.0000E+00   0.0000E+00   1.0273E-03   0.0000E+00   2.8148E-05   0.0000E+00   3.9865E-05   1.2182E-05   8.5254E-06   0.0000E+00   0.0000E+00
    6.559935E-07   4.3063E-01   0.0000E+00   0.0000E+00   3.9363E-01   3.5815E-02   0.0000E+00   0.0000E+00   1.0925E-03   0.0000E+00   2.9593E-05   0.0000E+00   4.2491E-05   1.2858E-05   9.1099E-06   0.0000E+00   0.0000E+00
    6.559965E-07   4.5412E-01   0.0000E+00   0.0000E+00   4.1423E-01   3.8624E-02   0.0000E+00   0.0000E+00   1.1641E-03   0.0000E+00   3.1150E-05   0.0000E+00   4.5391E-05   1.3593E-05   9.7562E-06   0.0000E+00   0.0000E+00
    6.559995E-07   4.7961E-01   0.0000E+00   0.0000E+00   4.3644E-01   4.1820E-02   0.0000E+00   0.0000E+00   1.2430E-03   0.0000E+00   3.2832E-05   0.0000E+00   4.8606E-05   1.4394E-05   1.0473E-05   0.0000E+00   0.0000E+00
    6.560025E-07   5.0731E-01   0.0000E+00   0.0000E+00   4.6040E-01   4.5470E-02   0.0000E+00   0.0000E+00   1.3302E-03   0.0000E+00   3.4652E-05   0.0000E+00   5.2183E-05   1.5269E-05   1.1272E-05   0.0000E+00   0.0000E+00
    6.560055E-07   5.3751E-01   0.0000E+00   0.0000E+00   4.8631E-01   4.9656E-02   0.0000E+00   0.0000E+00   1.4268E-03   0.0000E+00   3.6625E-05   0.0000E+00   5.6179E-05   1.6229E-05   1.2164E-05   0.0000E+00   0.0000E+00
    6.560085E-07   5.7047E-01   0.0000E+00   0.0000E+00   5.1435E-01   5.4456E-02   0.0000E+00   0.0000E+00   1.5344E-03   0.0000E+00   3.8769E-05   0.0000E+00   6.0661E-05   1.7285E-05   1.3166E-05   0.0000E+00   0.0000E+00
    6.560115E-07   6.0649E-01   0.0000E+00   0.0000E+00   5.4477E-01   5.9925E-02   0.0000E+00   0.0000E+00   1.6545E-03   0.0000E+00   4.1104E-05   0.0000E+00   6.5711E-05   1.8449E-05   1.4296E-05   0.0000E+00   0.0000E+00
    6.560145E-07   6.4586E-01   0.0000E+00   0.0000E+00   5.7781E-01   6.6110E-02   0.0000E+00   0.0000E+00   1.7892E-03   0.0000E+00   4.3653E-05   0.0000E+00   7.1428E-05   1.9739E-05   1.5576E-05   0.0000E+00   0.0000E+00
    6.560175E-07   6.8894E-01   0.0000E+00   0.0000E+00   6.1376E-01   7.3074E-02   0.0000E+00   0.0000E+00   1.9408E-03   0.0000E+00   4.6442E-05   0.0000E+00   7.7932E-05   2.1172E-05   1.7034E-05   0.0000E+00   0.0000E+00
    6.560205E-07   7.3610E-01   0.0000E+00   0.0000E+00   6.5294E-01   8.0868E-02   0.0000E+00   0.0000E+00   2.1124E-03   0.0000E+00   4.9502E-05   0.0000E+00   8.5369E-05   2.2771E-05   1.8704E-05   0.0000E+00   0.0000E+00
    6.560235E-07   7.8769E-01   0.0000E+00   0.0000E+00   6.9570E-01   8.9492E-02   0.0000E+00   0.0000E+00   2.3074E-03   0.0000E+00   5.2868E-05   0.0000E+00   9.3919E-05   2.4563E-05   2.0628E-05   0.0000E+00   0.0000E+00
    6.560265E-07   8.4413E-01   0.0000E+00   0.0000E+00   7.4245E-01   9.8934E-02   0.0000E+00   0.0000E+00   2.5300E-03   0.0000E+00   5.6582E-05   0.0000E+00   1.0380E-04   2.6582E-05   2.2861E-05   0.0000E+00   0.0000E+00
    6.560295E-07   9.0585E-01   0.0000E+00   0.0000E+00   7.9363E-01   1.0921E-01   0.0000E+00   0.0000E+00   2.7855E-03   0.0000E+00   6.0692E-05   0.0000E+00   1.1528E-04   2.8865E-05   2.5471E-05   0.0000E+00   0.0000E+00
    6.560325E-07   9.7337E-01   0.0000E+00   0.0000E+00   8.4973E-01   1.2030E-01   0.0000E+00   0.0000E+00   3.0804E-03   0.0000E+00   6.5255E-05   0.0000E+00   1.2867E-04   3.1461E-05   2.8546E-05   0.0000E+00   0.0000E+00
    6.560355E-07   1.0475E+00   0.0000E+00   0.0000E+00   9.1160E-01   1.3220E-01   0.0000E+00   0.0000E+00   3.4223E-03   0.0000E+00   7.0339E-05   0.0000E+00   1.4436E-04   3.4430E-05   3.2200E-05   0.0000E+00   0.0000E+00
    6.560385E-07   1.1282E+00   0.0000E+00   0.0000E+00   9.7914E-01   1.4493E-01   0.0000E+00   0.0000E+00   3.8207E-03   0.0000E+00   7.6023E-05   0.0000E+00   1.6278E-04   3.7841E-05   3.6586E-05   0.0000E+00   0.0000E+00
    6.560415E-07   1.2165E+00   0.0000E+00   0.0000E+00   1.0534E+00   1.5848E-01   0.0000E+00   0.0000E+00   4.2871E-03   0.0000E+00   8.2402E-05   0.0000E+00   1.8438E-04   4.1782E-05   4.1904E-05   0.0000E+00   0.0000E+00
    6.560445E-07   1.3129E+00   0.0000E+00   0.0000E+00   1.1350E+00   1.7274E-01   0.0000E+00   0.0000E+00   4.8348E-03   0.0000E+00   8.9591E-05   0.0000E+00   2.0959E-04   4.6357E-05   4.8425E-05   0.0000E+00   0.0000E+00
    6.560475E-07   1.4182E+00   0.0000E+00   0.0000E+00   1.2247E+00   1.8749E-01   0.0000E+00   0.0000E+00   5.4790E-03   0.0000E+00   9.7726E-05   0.0000E+00   2.3869E-04   5.1686E-05   5.6508E-05   0.0000E+00   0.0000E+00
    6.560505E-07   1.5326E+00   0.0000E+00   0.0000E+00   1.3233E+00   2.0254E-01   0.0000E+00   0.0000E+00   6.2355E-03   0.0000E+00   1.0697E-04   0.0000E+00   2.7158E-04   5.7905E-05   6.6623E-05   0.0000E+00   0.0000E+00
    6.560535E-07   1.6569E+00   0.0000E+00   0.0000E+00   1.4314E+00   2.1778E-01   0.0000E+00   0.0000E+00   7.1187E-03   0.0000E+00   1.1754E-04   0.0000E+00   3.0755E-04   6.5152E-05   7.9345E-05   0.0000E+00   0.0000E+00
    6.560565E-07   1.7914E+00   0.0000E+00   0.0000E+00   1.5496E+00   2.3307E-01   0.0000E+00   0.0000E+00   8.1371E-03   0.0000E+00   1.2966E-04   0.0000E+00   3.4507E-04   7.3540E-05   9.5320E-05   0.0000E+00   0.0000E+00
    6.560595E-07   1.9364E+00   0.0000E+00   0.0000E+00   1.6782E+00   2.4812E-01   0.0000E+00   0.0000E+00   9.2861E-03   0.0000E+00   1.4364E-04   0.0000E+00   3.8180E-04   8.3105E-05   1.1517E-04   0.0000E+00   0.0000E+00
    6.560625E-07   2.0917E+00   0.0000E+00   0.0000E+00   1.8176E+00   2.6272E-01   0.0000E+00   0.0000E+00   1.0541E-02   0.0000E+00   1.5985E-04   0.0000E+00   4.1503E-04   9.3738E-05   1.3917E-04   0.0000E+00   0.0000E+00
    6.560655E-07   2.2571E+00   0.0000E+00   0.0000E+00   1.9675E+00   2.7684E-01   0.0000E+00   0.0000E+00   1.1847E-02   0.0000E+00   1.7875E-04   0.0000E+00   4.4224E-04   1.0510E-04   1.6632E-04   0.0000E+00   0.0000E+00
    6.560685E-07   2.4320E+00   0.0000E+00   0.0000E+00   2.1274E+00   2.9050E-01   0.0000E+00   0.0000E+00   1.3129E-02   0.0000E+00   2.0088E-04   0.0000E+00   4.6155E-04   1.1661E-04   1.9361E-04   0.0000E+00   0.0000E+00
    6.560715E-07   2.6147E+00   0.0000E+00   0.0000E+00   2.2959E+00   3.0343E-01   0.0000E+00   0.0000E+00   1.4298E-02   0.0000E+00   2.2694E-04   0.0000E+00   4.7201E-04   1.2762E-04   2.1697E-04   0.0000E+00   0.0000E+00
    6.560745E-07   2.8027E+00   0.0000E+00   0.0000E+00   2.4714E+00   3.1496E-01   0.0000E+00   0.0000E+00   1.5281E-02   0.0000E+00   2.5775E-04   0.0000E+00   4.7387E-04   1.3771E-04   2.3393E-04   0.0000E+00   0.0000E+00
    6.560775E-07   2.9923E+00   0.0000E+00   0.0000E+00   2.6509E+00   3.2416E-01   0.0000E+00   0.0000E+00   1.6034E-02   0.0000E+00   2.9426E-04   0.0000E+00   4.6879E-04   1.4699E-04   2.4414E-04   0.0000E+00   0.0000E+00
    6.560805E-07   3.1793E+00   0.0000E+00   0.0000E+00   2.8312E+00   3.3040E-01   0.0000E+00   0.0000E+00   1.6557E-02   0.0000E+00   3.3758E-04   0.0000E+00   4.5951E-04   1.5596E-04   2.4833E-04   0.0000E+00   0.0000E+00
    6.560835E-07   3.3595E+00   0.0000E+00   0.0000E+00   3.0077E+00   3.3360E-01   0.0000E+00   0.0000E+00   1.6883E-02   0.0000E+00   3.8884E-04   0.0000E+00   4.4911E-04   1.6521E-04   2.4652E-04   0.0000E+00   0.0000E+00
    6.560865E-07   3.5282E+00   0.0000E+00   0.0000E+00   3.1757E+00   3.3413E-01   0.0000E+00   0.0000E+00   1.7055E-02   0.0000E+00   4.4905E-04   0.0000E+00   4.4044E-04   1.7509E-04   2.3682E-04   0.0000E+00   0.0000E+00
    6.560895E-07   3.6806E+00   0.0000E+00   0.0000E+00   3.3298E+00   3.3238E-01   0.0000E+00   0.0000E+00   1.7093E-02   0.0000E+00   5.1865E-04   0.0000E+00   4.3574E-04   1.8584E-04   2.1921E-04   0.0000E+00   0.0000E+00
    6.560925E-07   3.8113E+00   0.0000E+00   0.0000E+00   3.4643E+00   3.2857E-01   0.0000E+00   0.0000E+00   1.6976E-02   0.0000E+00   5.9687E-04   0.0000E+00   4.3651E-04   1.9781E-04   1.9718E-04   0.0000E+00   0.0000E+00
    6.560955E-07   3.9151E+00   0.0000E+00   0.0000E+00   3.5742E+00   3.2279E-01   0.0000E+00   0.0000E+00   1.6660E-02   0.0000E+00   6.8067E-04   0.0000E+00   4.4327E-04   2.1168E-04   1.7344E-04   0.0000E+00   0.0000E+00
    6.560985E-07   3.9876E+00   0.0000E+00   0.0000E+00   3.6547E+00   3.1513E-01   0.0000E+00   0.0000E+00   1.6114E-02   0.0000E+00   7.6367E-04   0.0000E+00   4.5538E-04   2.2817E-04   1.4860E-04   0.0000E+00   0.0000E+00
    6.561015E-07   4.0253E+00   0.0000E+00   0.0000E+00   3.7025E+00   3.0576E-01   0.0000E+00   0.0000E+00   1.5351E-02   0.0000E+00   8.3573E-04   0.0000E+00   4.7084E-04   2.4761E-04   1.2397E-04   0.0000E+00   0.0000E+00
    6.561045E-07   4.0265E+00   0.0000E+00   0.0000E+00   3.7154E+00   2.9497E-01   0.0000E+00   0.0000E+00   1.4429E-02   0.0000E+00   8.8454E-04   0.0000E+00   4.8634E-04   2.6932E-04   1.0201E-04   0.0000E+00   0.0000E+00
    6.561075E-07   3.9910E+00   0.0000E+00   0.0000E+00   3.6927E+00   2.8304E-01   0.0000E+00   0.0000E+00   1.3422E-02   0.0000E+00   8.9970E-04   0.0000E+00   4.9792E-04   2.9121E-04   8.4020E-05   0.0000E+00   0.0000E+00
    6.561105E-07   3.9201E+00   0.0000E+00   0.0000E+00   3.6356E+00   2.7029E-01   0.0000E+00   0.0000E+00   1.2395E-02   0.0000E+00   8.7765E-04   0.0000E+00   5.0241E-04   3.0982E-04   6.9864E-05   0.0000E+00   0.0000E+00
    6.561135E-07   3.8167E+00   0.0000E+00   0.0000E+00   3.5466E+00   2.5704E-01   0.0000E+00   0.0000E+00   1.1394E-02   0.0000E+00   8.2353E-04   0.0000E+00   4.9892E-04   3.2097E-04   5.8811E-05   0.0000E+00   0.0000E+00
    6.561165E-07   3.6852E+00   0.0000E+00   0.0000E+00   3.4295E+00   2.4362E-01   0.0000E+00   0.0000E+00   1.0445E-02   0.0000E+00   7.4848E-04   0.0000E+00   4.8911E-04   3.2132E-04   5.0120E-05   0.0000E+00   0.0000E+00
    6.561195E-07   3.5304E+00   0.0000E+00   0.0000E+00   3.2891E+00   2.3023E-01   0.0000E+00   0.0000E+00   9.5600E-03   0.0000E+00   6.6467E-04   0.0000E+00   4.7582E-04   3.0997E-04   4.3204E-05   0.0000E+00   0.0000E+00
    6.561225E-07   3.3579E+00   0.0000E+00   0.0000E+00   3.1308E+00   2.1693E-01   0.0000E+00   0.0000E+00   8.7405E-03   0.0000E+00   5.8155E-04   0.0000E+00   4.6134E-04   2.8889E-04   3.7626E-05   0.0000E+00   0.0000E+00
    6.561255E-07   3.1730E+00   0.0000E+00   0.0000E+00   2.9601E+00   2.0370E-01   0.0000E+00   0.0000E+00   7.9803E-03   0.0000E+00   5.0481E-04   0.0000E+00   4.4641E-04   2.6181E-04   3.3070E-05   0.0000E+00   0.0000E+00
    6.561285E-07   2.9811E+00   0.0000E+00   0.0000E+00   2.7822E+00   1.9049E-01   0.0000E+00   0.0000E+00   7.2680E-03   0.0000E+00   4.3697E-04   0.0000E+00   4.3029E-04   2.3256E-04   2.9297E-05   0.0000E+00   0.0000E+00
    6.561315E-07   2.7869E+00   0.0000E+00   0.0000E+00   2.6019E+00   1.7735E-01   0.0000E+00   0.0000E+00   6.5931E-03   0.0000E+00   3.7851E-04   0.0000E+00   4.1145E-04   2.0400E-04   2.6123E-05   0.0000E+00   0.0000E+00
    6.561345E-07   2.5946E+00   0.0000E+00   0.0000E+00   2.4233E+00   1.6444E-01   0.0000E+00   0.0000E+00   5.9519E-03   0.0000E+00   3.2883E-04   0.0000E+00   3.8849E-04   1.7777E-04   2.3416E-05   0.0000E+00   0.0000E+00
    6.561375E-07   2.4078E+00   0.0000E+00   0.0000E+00   2.2496E+00   1.5197E-01   0.0000E+00   0.0000E+00   5.3481E-03   0.0000E+00   2.8688E-04   0.0000E+00   3.6089E-04   1.5458E-04   2.1090E-05   0.0000E+00   0.0000E+00
    6.561405E-07   2.2291E+00   0.0000E+00   0.0000E+00   2.0835E+00   1.4013E-01   0.0000E+00   0.0000E+00   4.7896E-03   0.0000E+00   2.5153E-04   0.0000E+00   3.2954E-04   1.3453E-04   1.9084E-05   0.0000E+00   0.0000E+00
    6.561435E-07   2.0603E+00   0.0000E+00   0.0000E+00   1.9263E+00   1.2904E-01   0.0000E+00   0.0000E+00   4.2836E-03   0.0000E+00   2.2169E-04   0.0000E+00   2.9637E-04   1.1742E-04   1.7347E-05   0.0000E+00   0.0000E+00
    6.561465E-07   1.9025E+00   0.0000E+00   0.0000E+00   1.7793E+00   1.1873E-01   0.0000E+00   0.0000E+00   3.8332E-03   0.0000E+00   1.9643E-04   0.0000E+00   2.6357E-04   1.0290E-04   1.5836E-05   0.0000E+00   0.0000E+00
    6.561495E-07   1.7561E+00   0.0000E+00   0.0000E+00   1.6429E+00   1.0922E-01   0.0000E+00   0.0000E+00   3.4374E-03   0.0000E+00   1.7495E-04   0.0000E+00   2.3289E-04   9.0579E-05   1.4514E-05   0.0000E+00   0.0000E+00
    6.561525E-07   1.6212E+00   0.0000E+00   0.0000E+00   1.5172E+00   1.0047E-01   0.0000E+00   0.0000E+00   3.0923E-03   0.0000E+00   1.5660E-04   0.0000E+00   2.0528E-04   8.0114E-05   1.3351E-05   0.0000E+00   0.0000E+00
    6.561555E-07   1.4975E+00   0.0000E+00   0.0000E+00   1.4018E+00   9.2455E-02   0.0000E+00   0.0000E+00   2.7922E-03   0.0000E+00   1.4084E-04   0.0000E+00   1.8109E-04   7.1198E-05   1.2323E-05   0.0000E+00   0.0000E+00
    6.561585E-07   1.3844E+00   0.0000E+00   0.0000E+00   1.2964E+00   8.5098E-02   0.0000E+00   0.0000E+00   2.5312E-03   0.0000E+00   1.2724E-04   0.0000E+00   1.6021E-04   6.3577E-05   1.1409E-05   0.0000E+00   0.0000E+00
    6.561615E-07   1.2812E+00   0.0000E+00   0.0000E+00   1.2002E+00   7.8314E-02   0.0000E+00   0.0000E+00   2.3039E-03   0.0000E+00   1.1543E-04   0.0000E+00   1.4232E-04   5.7040E-05   1.0593E-05   0.0000E+00   0.0000E+00
    6.561645E-07   1.1872E+00   0.0000E+00   0.0000E+00   1.1127E+00   7.2050E-02   0.0000E+00   0.0000E+00   2.1051E-03   0.0000E+00   1.0513E-04   0.0000E+00   1.2702E-04   5.1407E-05   9.8609E-06   0.0000E+00   0.0000E+00
    6.561675E-07   1.1017E+00   0.0000E+00   0.0000E+00   1.0332E+00   6.6308E-02   0.0000E+00   0.0000E+00   1.9307E-03   0.0000E+00   9.6111E-05   0.0000E+00   1.1393E-04   4.6533E-05   9.2024E-06   0.0000E+00   0.0000E+00
    6.561705E-07   1.0239E+00   0.0000E+00   0.0000E+00   9.6078E-01   6.1106E-02   0.0000E+00   0.0000E+00   1.7770E-03   0.0000E+00   8.8167E-05   0.0000E+00   1.0270E-04   4.2294E-05   8.6075E-06   0.0000E+00   0.0000E+00
    6.561735E-07   9.5314E-01   0.0000E+00   0.0000E+00   8.9484E-01   5.6434E-02   0.0000E+00   0.0000E+00   1.6409E-03   0.0000E+00   8.1140E-05   0.0000E+00   9.3013E-05   3.8591E-05   8.0684E-06   0.0000E+00   0.0000E+00
    6.561765E-07   8.8847E-01   0.0000E+00   0.0000E+00   8.3450E-01   5.2245E-02   0.0000E+00   0.0000E+00   1.5199E-03   0.0000E+00   7.4900E-05   0.0000E+00   8.4621E-05   3.5340E-05   7.5783E-06   0.0000E+00   0.0000E+00
    6.561795E-07   8.2982E-01   0.0000E+00   0.0000E+00   7.7974E-01   4.8473E-02   0.0000E+00   0.0000E+00   1.4119E-03   0.0000E+00   6.9336E-05   0.0000E+00   7.7314E-05   3.2474E-05   7.1314E-06   0.0000E+00   0.0000E+00
    6.561825E-07   7.7631E-01   0.0000E+00   0.0000E+00   7.2978E-01   4.5042E-02   0.0000E+00   0.0000E+00   1.3151E-03   0.0000E+00   6.4357E-05   0.0000E+00   7.0917E-05   2.9935E-05   6.7228E-06   0.0000E+00   0.0000E+00
    6.561855E-07   7.2739E-01   0.0000E+00   0.0000E+00   6.8412E-01   4.1882E-02   0.0000E+00   0.0000E+00   1.2280E-03   0.0000E+00   5.9884E-05   0.0000E+00   6.5288E-05   2.7678E-05   6.3483E-06   0.0000E+00   0.0000E+00
    6.561885E-07   6.8257E-01   0.0000E+00   0.0000E+00   6.4233E-01   3.8942E-02   0.0000E+00   0.0000E+00   1.1493E-03   0.0000E+00   5.5852E-05   0.0000E+00   6.0311E-05   2.5662E-05   6.0041E-06   0.0000E+00   0.0000E+00
    6.561915E-07   6.4145E-01   0.0000E+00   0.0000E+00   6.0403E-01   3.6202E-02   0.0000E+00   0.0000E+00   1.0781E-03   0.0000E+00   5.2207E-05   0.0000E+00   5.5890E-05   2.3855E-05   5.6871E-06   0.0000E+00   0.0000E+00
    6.561945E-07   6.0368E-01   0.0000E+00   0.0000E+00   5.6887E-01   3.3661E-02   0.0000E+00   0.0000E+00   1.0133E-03   0.0000E+00   4.8902E-05   0.0000E+00   5.1946E-05   2.2229E-05   5.3945E-06   0.0000E+00   0.0000E+00
    6.561975E-07   5.6895E-01   0.0000E+00   0.0000E+00   5.3655E-01   3.1324E-02   0.0000E+00   0.0000E+00   9.5427E-04   0.0000E+00   4.5896E-05   0.0000E+00   4.8411E-05   2.0763E-05   5.1239E-06   0.0000E+00   0.0000E+00
    6.562005E-07   5.3698E-01   0.0000E+00   0.0000E+00   5.0677E-01   2.9194E-02   0.0000E+00   0.0000E+00   9.0029E-04   0.0000E+00   4.3155E-05   0.0000E+00   4.5232E-05   1.9435E-05   4.8730E-06   0.0000E+00   0.0000E+00
    6.562035E-07   5.0753E-01   0.0000E+00   0.0000E+00   4.7931E-01   2.7266E-02   0.0000E+00   0.0000E+00   8.5080E-04   0.0000E+00   4.0648E-05   0.0000E+00   4.2361E-05   1.8229E-05   4.6401E-06   0.0000E+00   0.0000E+00
    6.562065E-07   4.8036E-01   0.0000E+00   0.0000E+00   4.5393E-01   2.5524E-02   0.0000E+00   0.0000E+00   8.0533E-04   0.0000E+00   3.8351E-05   0.0000E+00   3.9760E-05   1.7131E-05   4.4235E-06   0.0000E+00   0.0000E+00
    6.562095E-07   4.5525E-01   0.0000E+00   0.0000E+00   4.3044E-01   2.3952E-02   0.0000E+00   0.0000E+00   7.6344E-04   0.0000E+00   3.6240E-05   0.0000E+00   3.7396E-05   1.6129E-05   4.2217E-06   0.0000E+00   0.0000E+00
    6.562125E-07   4.3202E-01   0.0000E+00   0.0000E+00   4.0868E-01   2.2533E-02   0.0000E+00   0.0000E+00   7.2477E-04   0.0000E+00   3.4297E-05   0.0000E+00   3.5241E-05   1.5211E-05   4.0333E-06   0.0000E+00   0.0000E+00
    6.562155E-07   4.1049E-01   0.0000E+00   0.0000E+00   3.8846E-01   2.1249E-02   0.0000E+00   0.0000E+00   6.8898E-04   0.0000E+00   3.2505E-05   0.0000E+00   3.3270E-05   1.4369E-05   3.8573E-06   0.0000E+00   0.0000E+00
    6.562185E-07   3.9050E-01   0.0000E+00   0.0000E+00   3.6968E-01   2.0086E-02   0.0000E+00   0.0000E+00   6.5581E-04   0.0000E+00   3.0847E-05   0.0000E+00   3.1463E-05   1.3594E-05   3.6925E-06   0.0000E+00   0.0000E+00
    6.562215E-07   3.7191E-01   0.0000E+00   0.0000E+00   3.5218E-01   1.9030E-02   0.0000E+00   0.0000E+00   6.2500E-04   0.0000E+00   2.9312E-05   0.0000E+00   2.9802E-05   1.2880E-05   3.5380E-06   0.0000E+00   0.0000E+00
    6.562245E-07   3.5461E-01   0.0000E+00   0.0000E+00   3.3587E-01   1.8072E-02   0.0000E+00   0.0000E+00   5.9632E-04   0.0000E+00   2.7887E-05   0.0000E+00   2.8271E-05   1.2221E-05   3.3930E-06   0.0000E+00   0.0000E+00
    6.562275E-07   3.3848E-01   0.0000E+00   0.0000E+00   3.2064E-01   1.7204E-02   0.0000E+00   0.0000E+00   5.6959E-04   0.0000E+00   2.6563E-05   0.0000E+00   2.6857E-05   1.1610E-05   3.2567E-06   0.0000E+00   0.0000E+00
    6.562305E-07   3.2343E-01   0.0000E+00   0.0000E+00   3.0640E-01   1.6420E-02   0.0000E+00   0.0000E+00   5.4463E-04   0.0000E+00   2.5330E-05   0.0000E+00   2.5549E-05   1.1044E-05   3.1285E-06   0.0000E+00   0.0000E+00
    6.562335E-07   3.0937E-01   0.0000E+00   0.0000E+00   2.9307E-01   1.5716E-02   0.0000E+00   0.0000E+00   5.2129E-04   0.0000E+00   2.4180E-05   0.0000E+00   2.4336E-05   1.0519E-05   3.0076E-06   0.0000E+00   0.0000E+00
    6.562365E-07   2.9621E-01   0.0000E+00   0.0000E+00   2.8057E-01   1.5083E-02   0.0000E+00   0.0000E+00   4.9943E-04   0.0000E+00   2.3106E-05   0.0000E+00   2.3208E-05   1.0030E-05   2.8936E-06   0.0000E+00   0.0000E+00
    6.562395E-07   2.8388E-01   0.0000E+00   0.0000E+00   2.6884E-01   1.4510E-02   0.0000E+00   0.0000E+00   4.7892E-04   0.0000E+00   2.2102E-05   0.0000E+00   2.2158E-05   9.5736E-06   2.7860E-06   0.0000E+00   0.0000E+00
    6.562425E-07   2.7230E-01   0.0000E+00   0.0000E+00   2.5782E-01   1.3973E-02   0.0000E+00   0.0000E+00   4.5966E-04   0.0000E+00   2.1161E-05   0.0000E+00   2.1179E-05   9.1480E-06   2.6843E-06   0.0000E+00   0.0000E+00
    6.562455E-07   2.6138E-01   0.0000E+00   0.0000E+00   2.4745E-01   1.3443E-02   0.0000E+00   0.0000E+00   4.4155E-04   0.0000E+00   2.0278E-05   0.0000E+00   2.0265E-05   8.7500E-06   2.5880E-06   0.0000E+00   0.0000E+00
    6.562485E-07   2.5107E-01   0.0000E+00   0.0000E+00   2.3768E-01   1.2910E-02   0.0000E+00   0.0000E+00   4.2449E-04   0.0000E+00   1.9449E-05   0.0000E+00   1.9409E-05   8.3774E-06   2.4968E-06   0.0000E+00   0.0000E+00
    6.562515E-07   2.4132E-01   0.0000E+00   0.0000E+00   2.2848E-01   1.2387E-02   0.0000E+00   0.0000E+00   4.0841E-04   0.0000E+00   1.8669E-05   0.0000E+00   1.8608E-05   8.0281E-06   2.4103E-06   0.0000E+00   0.0000E+00
    6.562545E-07   2.3212E-01   0.0000E+00   0.0000E+00   2.1979E-01   1.1894E-02   0.0000E+00   0.0000E+00   3.9323E-04   0.0000E+00   1.7936E-05   0.0000E+00   1.7855E-05   7.7001E-06   2.3282E-06   0.0000E+00   0.0000E+00
    6.562575E-07   2.2344E-01   0.0000E+00   0.0000E+00   2.1158E-01   1.1441E-02   0.0000E+00   0.0000E+00   3.7888E-04   0.0000E+00   1.7244E-05   0.0000E+00   1.7148E-05   7.3917E-06   2.2503E-06   0.0000E+00   0.0000E+00
    6.562605E-07   2.1524E-01   0.0000E+00   0.0000E+00   2.0381E-01   1.1024E-02   0.0000E+00   0.0000E+00   3.6531E-04   0.0000E+00   1.6591E-05   0.0000E+00   1.6483E-05   7.1015E-06   2.1762E-06   0.0000E+00   0.0000E+00
    6.562635E-07   2.0748E-01   0.0000E+00   0.0000E+00   1.9646E-01   1.0631E-02   0.0000E+00   0.0000E+00   3.5246E-04   0.0000E+00   1.5974E-05   0.0000E+00   1.5856E-05   6.8280E-06   2.1057E-06   0.0000E+00   0.0000E+00
    6.562665E-07   2.0012E-01   0.0000E+00   0.0000E+00   1.8950E-01   1.0247E-02   0.0000E+00   0.0000E+00   3.4028E-04   0.0000E+00   1.5391E-05   0.0000E+00   1.5265E-05   6.5701E-06   2.0386E-06   0.0000E+00   0.0000E+00
    6.562695E-07   1.9312E-01   0.0000E+00   0.0000E+00   1.8289E-01   9.8639E-03   0.0000E+00   0.0000E+00   3.2873E-04   0.0000E+00   1.4839E-05   0.0000E+00   1.4706E-05   6.3264E-06   1.9746E-06   0.0000E+00   0.0000E+00
    6.562725E-07   1.8646E-01   0.0000E+00   0.0000E+00   1.7662E-01   9.4818E-03   0.0000E+00   0.0000E+00   3.1775E-04   0.0000E+00   1.4316E-05   0.0000E+00   1.4179E-05   6.0960E-06   1.9136E-06   0.0000E+00   0.0000E+00
    6.562755E-07   1.8012E-01   0.0000E+00   0.0000E+00   1.7067E-01   9.1082E-03   0.0000E+00   0.0000E+00   3.0732E-04   0.0000E+00   1.3820E-05   0.0000E+00   1.3679E-05   5.8780E-06   1.8553E-06   0.0000E+00   0.0000E+00
    6.562785E-07   1.7409E-01   0.0000E+00   0.0000E+00   1.6500E-01   8.7513E-03   0.0000E+00   0.0000E+00   2.9740E-04   0.0000E+00   1.3349E-05   0.0000E+00   1.3206E-05   5.6715E-06   1.7997E-06   0.0000E+00   0.0000E+00
    6.562815E-07   1.6835E-01   0.0000E+00   0.0000E+00   1.5962E-01   8.4155E-03   0.0000E+00   0.0000E+00   2.8795E-04   0.0000E+00   1.2902E-05   0.0000E+00   1.2757E-05   5.4756E-06   1.7465E-06   0.0000E+00   0.0000E+00
    6.562845E-07   1.6290E-01   0.0000E+00   0.0000E+00   1.5449E-01   8.1021E-03   0.0000E+00   0.0000E+00   2.7895E-04   0.0000E+00   1.2477E-05   0.0000E+00   1.2330E-05   5.2897E-06   1.6957E-06   0.0000E+00   0.0000E+00
    6.562875E-07   1.5771E-01   0.0000E+00   0.0000E+00   1.4960E-01   7.8100E-03   0.0000E+00   0.0000E+00   2.7036E-04   0.0000E+00   1.2072E-05   0.0000E+00   1.1926E-05   5.1131E-06   1.6470E-06   0.0000E+00   0.0000E+00
    6.562905E-07   1.5276E-01   0.0000E+00   0.0000E+00   1.4493E-01   7.5376E-03   0.0000E+00   0.0000E+00   2.6217E-04   0.0000E+00   1.1687E-05   0.0000E+00   1.1540E-05   4.9452E-06   1.6004E-06   0.0000E+00   0.0000E+00
    6.562935E-07   1.4805E-01   0.0000E+00   0.0000E+00   1.4048E-01   7.2827E-03   0.0000E+00   0.0000E+00   2.5434E-04   0.0000E+00   1.1319E-05   0.0000E+00   1.1174E-05   4.7855E-06   1.5558E-06   0.0000E+00   0.0000E+00
    6.562965E-07   1.4355E-01   0.0000E+00   0.0000E+00   1.3623E-01   7.0437E-03   0.0000E+00   0.0000E+00   2.4686E-04   0.0000E+00   1.0969E-05   0.0000E+00   1.0825E-05   4.6333E-06   1.5130E-06   0.0000E+00   0.0000E+00
    6.562995E-07   1.3926E-01   0.0000E+00   0.0000E+00   1.3217E-01   6.8186E-03   0.0000E+00   0.0000E+00   2.3971E-04   0.0000E+00   1.0635E-05   0.0000E+00   1.0492E-05   4.4883E-06   1.4719E-06   0.0000E+00   0.0000E+00
    6.563025E-07   1.3515E-01   0.0000E+00   0.0000E+00   1.2829E-01   6.6062E-03   0.0000E+00   0.0000E+00   2.3286E-04   0.0000E+00   1.0315E-05   0.0000E+00   1.0174E-05   4.3500E-06   1.4325E-06   0.0000E+00   0.0000E+00
    6.563055E-07   1.3123E-01   0.0000E+00   0.0000E+00   1.2457E-01   6.4052E-03   0.0000E+00   0.0000E+00   2.2631E-04   0.0000E+00   1.0010E-05   0.0000E+00   9.8708E-06   4.2180E-06   1.3946E-06   0.0000E+00   0.0000E+00
    6.563085E-07   1.2747E-01   0.0000E+00   0.0000E+00   1.2101E-01   6.2143E-03   0.0000E+00   0.0000E+00   2.2003E-04   0.0000E+00   9.7178E-06   0.0000E+00   9.5810E-06   4.0919E-06   1.3583E-06   0.0000E+00   0.0000E+00
    6.563115E-07   1.2387E-01   0.0000E+00   0.0000E+00   1.1760E-01   6.0325E-03   0.0000E+00   0.0000E+00   2.1400E-04   0.0000E+00   9.4383E-06   0.0000E+00   9.3039E-06   3.9714E-06   1.3233E-06   0.0000E+00   0.0000E+00
    6.563145E-07   1.2043E-01   0.0000E+00   0.0000E+00   1.1434E-01   5.8591E-03   0.0000E+00   0.0000E+00   2.0822E-04   0.0000E+00   9.1707E-06   0.0000E+00   9.0388E-06   3.8561E-06   1.2897E-06   0.0000E+00   0.0000E+00
    6.563175E-07   1.1712E-01   0.0000E+00   0.0000E+00   1.1120E-01   5.6934E-03   0.0000E+00   0.0000E+00   2.0268E-04   0.0000E+00   8.9142E-06   0.0000E+00   8.7849E-06   3.7458E-06   1.2573E-06   0.0000E+00   0.0000E+00
    6.563205E-07   1.1395E-01   0.0000E+00   0.0000E+00   1.0819E-01   5.5348E-03   0.0000E+00   0.0000E+00   1.9735E-04   0.0000E+00   8.6683E-06   0.0000E+00   8.5417E-06   3.6402E-06   1.2261E-06   0.0000E+00   0.0000E+00
    6.563235E-07   1.1090E-01   0.0000E+00   0.0000E+00   1.0530E-01   5.3830E-03   0.0000E+00   0.0000E+00   1.9223E-04   0.0000E+00   8.4325E-06   0.0000E+00   8.3085E-06   3.5389E-06   1.1961E-06   0.0000E+00   0.0000E+00
    6.563265E-07   1.0798E-01   0.0000E+00   0.0000E+00   1.0253E-01   5.2377E-03   0.0000E+00   0.0000E+00   1.8731E-04   0.0000E+00   8.2060E-06   0.0000E+00   8.0848E-06   3.4418E-06   1.1671E-06   0.0000E+00   0.0000E+00
    6.563295E-07   1.0516E-01   0.0000E+00   0.0000E+00   9.9863E-02   5.0985E-03   0.0000E+00   0.0000E+00   1.8258E-04   0.0000E+00   7.9886E-06   0.0000E+00   7.8701E-06   3.3487E-06   1.1392E-06   0.0000E+00   0.0000E+00
    6.563325E-07   1.0246E-01   0.0000E+00   0.0000E+00   9.7297E-02   4.9650E-03   0.0000E+00   0.0000E+00   1.7802E-04   0.0000E+00   7.7796E-06   0.0000E+00   7.6639E-06   3.2593E-06   1.1123E-06   0.0000E+00   0.0000E+00
    6.563355E-07   9.9859E-02   0.0000E+00   0.0000E+00   9.4829E-02   4.8371E-03   0.0000E+00   0.0000E+00   1.7363E-04   0.0000E+00   7.5787E-06   0.0000E+00   7.4657E-06   3.1734E-06   1.0863E-06   0.0000E+00   0.0000E+00
    6.563385E-07   9.7356E-02   0.0000E+00   0.0000E+00   9.2453E-02   4.7143E-03   0.0000E+00   0.0000E+00   1.6940E-04   0.0000E+00   7.3855E-06   0.0000E+00   7.2752E-06   3.0909E-06   1.0613E-06   0.0000E+00   0.0000E+00
    6.563415E-07   9.4945E-02   0.0000E+00   0.0000E+00   9.0165E-02   4.5963E-03   0.0000E+00   0.0000E+00   1.6533E-04   0.0000E+00   7.1995E-06   0.0000E+00   7.0920E-06   3.0115E-06   1.0371E-06   0.0000E+00   0.0000E+00
    6.563445E-07   9.2623E-02   0.0000E+00   0.0000E+00   8.7961E-02   4.4830E-03   0.0000E+00   0.0000E+00   1.6140E-04   0.0000E+00   7.0205E-06   0.0000E+00   6.9156E-06   2.9352E-06   1.0137E-06   0.0000E+00   0.0000E+00
    6.563475E-07   9.0384E-02   0.0000E+00   0.0000E+00   8.5835E-02   4.3740E-03   0.0000E+00   0.0000E+00   1.5761E-04   0.0000E+00   6.8480E-06   0.0000E+00   6.7458E-06   2.8617E-06   9.9104E-07   0.0000E+00   0.0000E+00
    6.563505E-07   8.8226E-02   0.0000E+00   0.0000E+00   8.3786E-02   4.2692E-03   0.0000E+00   0.0000E+00   1.5395E-04   0.0000E+00   6.6818E-06   0.0000E+00   6.5822E-06   2.7910E-06   9.6918E-07   0.0000E+00   0.0000E+00
    6.563535E-07   8.6144E-02   0.0000E+00   0.0000E+00   8.1809E-02   4.1682E-03   0.0000E+00   0.0000E+00   1.5042E-04   0.0000E+00   6.5215E-06   0.0000E+00   6.4246E-06   2.7228E-06   9.4802E-07   0.0000E+00   0.0000E+00
    6.563565E-07   8.4135E-02   0.0000E+00   0.0000E+00   7.9900E-02   4.0710E-03   0.0000E+00   0.0000E+00   1.4701E-04   0.0000E+00   6.3670E-06   0.0000E+00   6.2725E-06   2.6572E-06   9.2756E-07   0.0000E+00   0.0000E+00
    6.563595E-07   8.2195E-02   0.0000E+00   0.0000E+00   7.8058E-02   3.9774E-03   0.0000E+00   0.0000E+00   1.4371E-04   0.0000E+00   6.2178E-06   0.0000E+00   6.1258E-06   2.5938E-06   9.0775E-07   0.0000E+00   0.0000E+00
    6.563625E-07   8.0321E-02   0.0000E+00   0.0000E+00   7.6278E-02   3.8872E-03   0.0000E+00   0.0000E+00   1.4053E-04   0.0000E+00   6.0738E-06   0.0000E+00   5.9843E-06   2.5327E-06   8.8856E-07   0.0000E+00   0.0000E+00
    6.563655E-07   7.8511E-02   0.0000E+00   0.0000E+00   7.4558E-02   3.8003E-03   0.0000E+00   0.0000E+00   1.3744E-04   0.0000E+00   5.9347E-06   0.0000E+00   5.8476E-06   2.4738E-06   8.6998E-07   0.0000E+00   0.0000E+00
    6.563685E-07   7.6761E-02   0.0000E+00   0.0000E+00   7.2895E-02   3.7166E-03   0.0000E+00   0.0000E+00   1.3446E-04   0.0000E+00   5.8004E-06   0.0000E+00   5.7156E-06   2.4169E-06   8.5197E-07   0.0000E+00   0.0000E+00
    6.563715E-07   7.5069E-02   0.0000E+00   0.0000E+00   7.1287E-02   3.6359E-03   0.0000E+00   0.0000E+00   1.3158E-04   0.0000E+00   5.6705E-06   0.0000E+00   5.5880E-06   2.3619E-06   8.3452E-07   0.0000E+00   0.0000E+00
    6.563745E-07   7.3433E-02   0.0000E+00   0.0000E+00   6.9732E-02   3.5583E-03   0.0000E+00   0.0000E+00   1.2879E-04   0.0000E+00   5.5450E-06   0.0000E+00   5.4647E-06   2.3088E-06   8.1760E-07   0.0000E+00   0.0000E+00
    6.563775E-07   7.1850E-02   0.0000E+00   0.0000E+00   6.8226E-02   3.4836E-03   0.0000E+00   0.0000E+00   1.2608E-04   0.0000E+00   5.4236E-06   0.0000E+00   5.3455E-06   2.2574E-06   8.0118E-07   0.0000E+00   0.0000E+00
    6.563805E-07   7.0318E-02   0.0000E+00   0.0000E+00   6.6769E-02   3.4116E-03   0.0000E+00   0.0000E+00   1.2346E-04   0.0000E+00   5.3061E-06   0.0000E+00   5.2301E-06   2.2077E-06   7.8526E-07   0.0000E+00   0.0000E+00
    6.563835E-07   6.8834E-02   0.0000E+00   0.0000E+00   6.5358E-02   3.3422E-03   0.0000E+00   0.0000E+00   1.2092E-04   0.0000E+00   5.1923E-06   0.0000E+00   5.1184E-06   2.1597E-06   7.6980E-07   0.0000E+00   0.0000E+00
    6.563865E-07   6.7397E-02   0.0000E+00   0.0000E+00   6.3991E-02   3.2749E-03   0.0000E+00   0.0000E+00   1.1846E-04   0.0000E+00   5.0822E-06   0.0000E+00   5.0103E-06   2.1132E-06   7.5480E-07   0.0000E+00   0.0000E+00
    6.563895E-07   6.6004E-02   0.0000E+00   0.0000E+00   6.2666E-02   3.2090E-03   0.0000E+00   0.0000E+00   1.1607E-04   0.0000E+00   4.9755E-06   0.0000E+00   4.9056E-06   2.0682E-06   7.4023E-07   0.0000E+00   0.0000E+00
    6.563925E-07   6.4652E-02   0.0000E+00   0.0000E+00   6.1382E-02   3.1439E-03   0.0000E+00   0.0000E+00   1.1376E-04   0.0000E+00   4.8722E-06   0.0000E+00   4.8042E-06   2.0246E-06   7.2608E-07   0.0000E+00   0.0000E+00
    6.563955E-07   6.3340E-02   0.0000E+00   0.0000E+00   6.0136E-02   3.0795E-03   0.0000E+00   0.0000E+00   1.1151E-04   0.0000E+00   4.7720E-06   0.0000E+00   4.7059E-06   1.9824E-06   7.1233E-07   0.0000E+00   0.0000E+00
    6.563985E-07   6.2066E-02   0.0000E+00   0.0000E+00   5.8928E-02   3.0163E-03   0.0000E+00   0.0000E+00   1.0933E-04   0.0000E+00   4.6749E-06   0.0000E+00   4.6106E-06   1.9415E-06   6.9897E-07   0.0000E+00   0.0000E+00
 -----------------------------------------------------
 Spectrum view number   3
    6.558015E-07   1.0058E-02   0.0000E+00   0.0000E+00   4.9161E-03   4.7194E-03   0.0000E+00   0.0000E+00   3.3422E-04   0.0000E+00   2.9801E-05   0.0000E+00   4.6390E-05   1.1757E-05   2.8373E-07   0.0000E+00   0.0000E+00
    6.558045E-07   1.0267E-02   0.0000E+00   0.0000E+00   5.0156E-03   4.8198E-03   0.0000E+00   0.0000E+00   3.4114E-04   0.0000E+00   3.0402E-05   0.0000E+00   4.7395E-05   1.2016E-05   2.8992E-07   0.0000E+00   0.0000E+00
    6.558075E-07   1.0482E-02   0.0000E+00   0.0000E+00   5.1182E-03   4.9234E-03   0.0000E+00   0.0000E+00   3.4829E-04   0.0000E+00   3.1022E-05   0.0000E+00   4.8434E-05   1.2284E-05   2.9631E-07   0.0000E+00   0.0000E+00
    6.558105E-07   1.0704E-02   0.0000E+00   0.0000E+00   5.2240E-03   5.0305E-03   0.0000E+00   0.0000E+00   3.5566E-04   0.0000E+00   3.1661E-05   0.0000E+00   4.9507E-05   1.2561E-05   3.0292E-07   0.0000E+00   0.0000E+00
    6.558135E-07   1.0934E-02   0.0000E+00   0.0000E+00   5.3331E-03   5.1412E-03   0.0000E+00   0.0000E+00   3.6327E-04   0.0000E+00   3.2321E-05   0.0000E+00   5.0617E-05   1.2847E-05   3.0976E-07   0.0000E+00   0.0000E+00
    6.558165E-07   1.1171E-02   0.0000E+00   0.0000E+00   5.4456E-03   5.2557E-03   0.0000E+00   0.0000E+00   3.7113E-04   0.0000E+00   3.3000E-05   0.0000E+00   5.1764E-05   1.3143E-05   3.1683E-07   0.0000E+00   0.0000E+00
    6.558195E-07   1.1416E-02   0.0000E+00   0.0000E+00   5.5618E-03   5.3741E-03   0.0000E+00   0.0000E+00   3.7925E-04   0.0000E+00   3.3702E-05   0.0000E+00   5.2950E-05   1.3450E-05   3.2414E-07   0.0000E+00   0.0000E+00
    6.558225E-07   1.1669E-02   0.0000E+00   0.0000E+00   5.6817E-03   5.4966E-03   0.0000E+00   0.0000E+00   3.8764E-04   0.0000E+00   3.4426E-05   0.0000E+00   5.4178E-05   1.3768E-05   3.3171E-07   0.0000E+00   0.0000E+00
    6.558255E-07   1.1930E-02   0.0000E+00   0.0000E+00   5.8055E-03   5.6235E-03   0.0000E+00   0.0000E+00   3.9631E-04   0.0000E+00   3.5174E-05   0.0000E+00   5.5449E-05   1.4097E-05   3.3955E-07   0.0000E+00   0.0000E+00
    6.558285E-07   1.2201E-02   0.0000E+00   0.0000E+00   5.9335E-03   5.7549E-03   0.0000E+00   0.0000E+00   4.0528E-04   0.0000E+00   3.5946E-05   0.0000E+00   5.6766E-05   1.4439E-05   3.4767E-07   0.0000E+00   0.0000E+00
    6.558315E-07   1.2481E-02   0.0000E+00   0.0000E+00   6.0657E-03   5.8912E-03   0.0000E+00   0.0000E+00   4.1455E-04   0.0000E+00   3.6744E-05   0.0000E+00   5.8130E-05   1.4793E-05   3.5609E-07   0.0000E+00   0.0000E+00
    6.558345E-07   1.2772E-02   0.0000E+00   0.0000E+00   6.2025E-03   6.0325E-03   0.0000E+00   0.0000E+00   4.2415E-04   0.0000E+00   3.7569E-05   0.0000E+00   5.9543E-05   1.5160E-05   3.6481E-07   0.0000E+00   0.0000E+00
    6.558375E-07   1.3072E-02   0.0000E+00   0.0000E+00   6.3439E-03   6.1791E-03   0.0000E+00   0.0000E+00   4.3409E-04   0.0000E+00   3.8422E-05   0.0000E+00   6.1009E-05   1.5542E-05   3.7386E-07   0.0000E+00   0.0000E+00
    6.558405E-07   1.3384E-02   0.0000E+00   0.0000E+00   6.4902E-03   6.3313E-03   0.0000E+00   0.0000E+00   4.4438E-04   0.0000E+00   3.9304E-05   0.0000E+00   6.2530E-05   1.5938E-05   3.8325E-07   0.0000E+00   0.0000E+00
    6.558435E-07   1.3707E-02   0.0000E+00   0.0000E+00   6.6417E-03   6.4894E-03   0.0000E+00   0.0000E+00   4.5505E-04   0.0000E+00   4.0217E-05   0.0000E+00   6.4109E-05   1.6350E-05   3.9300E-07   0.0000E+00   0.0000E+00
    6.558465E-07   1.4043E-02   0.0000E+00   0.0000E+00   6.7985E-03   6.6538E-03   0.0000E+00   0.0000E+00   4.6610E-04   0.0000E+00   4.1162E-05   0.0000E+00   6.5748E-05   1.6778E-05   4.0313E-07   0.0000E+00   0.0000E+00
    6.558495E-07   1.4391E-02   0.0000E+00   0.0000E+00   6.9610E-03   6.8249E-03   0.0000E+00   0.0000E+00   4.7757E-04   0.0000E+00   4.2141E-05   0.0000E+00   6.7451E-05   1.7224E-05   4.1365E-07   0.0000E+00   0.0000E+00
    6.558525E-07   1.4752E-02   0.0000E+00   0.0000E+00   7.1294E-03   7.0030E-03   0.0000E+00   0.0000E+00   4.8947E-04   0.0000E+00   4.3155E-05   0.0000E+00   6.9221E-05   1.7688E-05   4.2459E-07   0.0000E+00   0.0000E+00
    6.558555E-07   1.5128E-02   0.0000E+00   0.0000E+00   7.3040E-03   7.1887E-03   0.0000E+00   0.0000E+00   5.0181E-04   0.0000E+00   4.4205E-05   0.0000E+00   7.1062E-05   1.8171E-05   4.3597E-07   0.0000E+00   0.0000E+00
    6.558585E-07   1.5520E-02   0.0000E+00   0.0000E+00   7.4851E-03   7.3825E-03   0.0000E+00   0.0000E+00   5.1464E-04   0.0000E+00   4.5295E-05   0.0000E+00   7.2977E-05   1.8674E-05   4.4782E-07   0.0000E+00   0.0000E+00
    6.558615E-07   1.5927E-02   0.0000E+00   0.0000E+00   7.6731E-03   7.5850E-03   0.0000E+00   0.0000E+00   5.2796E-04   0.0000E+00   4.6426E-05   0.0000E+00   7.4971E-05   1.9199E-05   4.6015E-07   0.0000E+00   0.0000E+00
    6.558645E-07   1.6352E-02   0.0000E+00   0.0000E+00   7.8683E-03   7.7968E-03   0.0000E+00   0.0000E+00   5.4182E-04   0.0000E+00   4.7599E-05   0.0000E+00   7.7047E-05   1.9746E-05   4.7301E-07   0.0000E+00   0.0000E+00
    6.558675E-07   1.6795E-02   0.0000E+00   0.0000E+00   8.0710E-03   8.0190E-03   0.0000E+00   0.0000E+00   5.5622E-04   0.0000E+00   4.8817E-05   0.0000E+00   7.9212E-05   2.0318E-05   4.8641E-07   0.0000E+00   0.0000E+00
    6.558705E-07   1.7258E-02   0.0000E+00   0.0000E+00   8.2817E-03   8.2525E-03   0.0000E+00   0.0000E+00   5.7122E-04   0.0000E+00   5.0082E-05   0.0000E+00   8.1468E-05   2.0915E-05   5.0038E-07   0.0000E+00   0.0000E+00
    6.558735E-07   1.7744E-02   0.0000E+00   0.0000E+00   8.5008E-03   8.4987E-03   0.0000E+00   0.0000E+00   5.8683E-04   0.0000E+00   5.1397E-05   0.0000E+00   8.3823E-05   2.1539E-05   5.1497E-07   0.0000E+00   0.0000E+00
    6.558765E-07   1.8253E-02   0.0000E+00   0.0000E+00   8.7287E-03   8.7593E-03   0.0000E+00   0.0000E+00   6.0309E-04   0.0000E+00   5.2765E-05   0.0000E+00   8.6282E-05   2.2192E-05   5.3021E-07   0.0000E+00   0.0000E+00
    6.558795E-07   1.8789E-02   0.0000E+00   0.0000E+00   8.9660E-03   9.0366E-03   0.0000E+00   0.0000E+00   6.2005E-04   0.0000E+00   5.4188E-05   0.0000E+00   8.8850E-05   2.2876E-05   5.4614E-07   0.0000E+00   0.0000E+00
    6.558825E-07   1.9356E-02   0.0000E+00   0.0000E+00   9.2131E-03   9.3333E-03   0.0000E+00   0.0000E+00   6.3773E-04   0.0000E+00   5.5669E-05   0.0000E+00   9.1535E-05   2.3592E-05   5.6279E-07   0.0000E+00   0.0000E+00
    6.558855E-07   1.9956E-02   0.0000E+00   0.0000E+00   9.4706E-03   9.6529E-03   0.0000E+00   0.0000E+00   6.5619E-04   0.0000E+00   5.7211E-05   0.0000E+00   9.4344E-05   2.4343E-05   5.8022E-07   0.0000E+00   0.0000E+00
    6.558885E-07   2.0593E-02   0.0000E+00   0.0000E+00   9.7392E-03   9.9970E-03   0.0000E+00   0.0000E+00   6.7547E-04   0.0000E+00   5.8818E-05   0.0000E+00   9.7284E-05   2.5131E-05   5.9847E-07   0.0000E+00   0.0000E+00
    6.558915E-07   2.1264E-02   0.0000E+00   0.0000E+00   1.0019E-02   1.0362E-02   0.0000E+00   0.0000E+00   6.9561E-04   0.0000E+00   6.0494E-05   0.0000E+00   1.0036E-04   2.5959E-05   6.1760E-07   0.0000E+00   0.0000E+00
    6.558945E-07   2.1952E-02   0.0000E+00   0.0000E+00   1.0312E-02   1.0731E-02   0.0000E+00   0.0000E+00   7.1668E-04   0.0000E+00   6.2242E-05   0.0000E+00   1.0359E-04   2.6829E-05   6.3766E-07   0.0000E+00   0.0000E+00
    6.558975E-07   2.2637E-02   0.0000E+00   0.0000E+00   1.0617E-02   1.1082E-02   0.0000E+00   0.0000E+00   7.3872E-04   0.0000E+00   6.4067E-05   0.0000E+00   1.0698E-04   2.7744E-05   6.5872E-07   0.0000E+00   0.0000E+00
    6.559005E-07   2.3316E-02   0.0000E+00   0.0000E+00   1.0937E-02   1.1412E-02   0.0000E+00   0.0000E+00   7.6180E-04   0.0000E+00   6.5973E-05   0.0000E+00   1.1054E-04   2.8707E-05   6.8084E-07   0.0000E+00   0.0000E+00
    6.559035E-07   2.4012E-02   0.0000E+00   0.0000E+00   1.1271E-02   1.1742E-02   0.0000E+00   0.0000E+00   7.8600E-04   0.0000E+00   6.7966E-05   0.0000E+00   1.1427E-04   2.9722E-05   7.0409E-07   0.0000E+00   0.0000E+00
    6.559065E-07   2.4748E-02   0.0000E+00   0.0000E+00   1.1621E-02   1.2096E-02   0.0000E+00   0.0000E+00   8.1137E-04   0.0000E+00   7.0049E-05   0.0000E+00   1.1820E-04   3.0793E-05   7.2855E-07   0.0000E+00   0.0000E+00
    6.559095E-07   2.5537E-02   0.0000E+00   0.0000E+00   1.1987E-02   1.2485E-02   0.0000E+00   0.0000E+00   8.3800E-04   0.0000E+00   7.2230E-05   0.0000E+00   1.2234E-04   3.1924E-05   7.5432E-07   0.0000E+00   0.0000E+00
    6.559125E-07   2.6384E-02   0.0000E+00   0.0000E+00   1.2371E-02   1.2912E-02   0.0000E+00   0.0000E+00   8.6597E-04   0.0000E+00   7.4514E-05   0.0000E+00   1.2670E-04   3.3119E-05   7.8148E-07   0.0000E+00   0.0000E+00
    6.559155E-07   2.7291E-02   0.0000E+00   0.0000E+00   1.2774E-02   1.3379E-02   0.0000E+00   0.0000E+00   8.9538E-04   0.0000E+00   7.6908E-05   0.0000E+00   1.3129E-04   3.4384E-05   8.1014E-07   0.0000E+00   0.0000E+00
    6.559185E-07   2.8261E-02   0.0000E+00   0.0000E+00   1.3197E-02   1.3886E-02   0.0000E+00   0.0000E+00   9.2633E-04   0.0000E+00   7.9418E-05   0.0000E+00   1.3614E-04   3.5724E-05   8.4040E-07   0.0000E+00   0.0000E+00
    6.559215E-07   2.9298E-02   0.0000E+00   0.0000E+00   1.3641E-02   1.4437E-02   0.0000E+00   0.0000E+00   9.5893E-04   0.0000E+00   8.2053E-05   0.0000E+00   1.4127E-04   3.7146E-05   8.7239E-07   0.0000E+00   0.0000E+00
    6.559245E-07   3.0406E-02   0.0000E+00   0.0000E+00   1.4109E-02   1.5033E-02   0.0000E+00   0.0000E+00   9.9329E-04   0.0000E+00   8.4821E-05   0.0000E+00   1.4669E-04   3.8655E-05   9.0625E-07   0.0000E+00   0.0000E+00
    6.559275E-07   3.1585E-02   0.0000E+00   0.0000E+00   1.4601E-02   1.5673E-02   0.0000E+00   0.0000E+00   1.0295E-03   0.0000E+00   8.7731E-05   0.0000E+00   1.5242E-04   4.0260E-05   9.4213E-07   0.0000E+00   0.0000E+00
    6.559305E-07   3.2832E-02   0.0000E+00   0.0000E+00   1.5120E-02   1.6352E-02   0.0000E+00   0.0000E+00   1.0679E-03   0.0000E+00   9.0793E-05   0.0000E+00   1.5850E-04   4.1969E-05   9.8018E-07   0.0000E+00   0.0000E+00
    6.559335E-07   3.4135E-02   0.0000E+00   0.0000E+00   1.5666E-02   1.7057E-02   0.0000E+00   0.0000E+00   1.1084E-03   0.0000E+00   9.4017E-05   0.0000E+00   1.6496E-04   4.3792E-05   1.0206E-06   0.0000E+00   0.0000E+00
    6.559365E-07   3.5486E-02   0.0000E+00   0.0000E+00   1.6244E-02   1.7775E-02   0.0000E+00   0.0000E+00   1.1512E-03   0.0000E+00   9.7416E-05   0.0000E+00   1.7181E-04   4.5737E-05   1.0636E-06   0.0000E+00   0.0000E+00
    6.559395E-07   3.6893E-02   0.0000E+00   0.0000E+00   1.6854E-02   1.8514E-02   0.0000E+00   0.0000E+00   1.1967E-03   0.0000E+00   1.0100E-04   0.0000E+00   1.7910E-04   4.7818E-05   1.1093E-06   0.0000E+00   0.0000E+00
    6.559425E-07   3.8384E-02   0.0000E+00   0.0000E+00   1.7499E-02   1.9297E-02   0.0000E+00   0.0000E+00   1.2449E-03   0.0000E+00   1.0479E-04   0.0000E+00   1.8687E-04   5.0046E-05   1.1581E-06   0.0000E+00   0.0000E+00
    6.559455E-07   3.9980E-02   0.0000E+00   0.0000E+00   1.8182E-02   2.0144E-02   0.0000E+00   0.0000E+00   1.2961E-03   0.0000E+00   1.0879E-04   0.0000E+00   1.9515E-04   5.2437E-05   1.2101E-06   0.0000E+00   0.0000E+00
    6.559485E-07   4.1691E-02   0.0000E+00   0.0000E+00   1.8907E-02   2.1061E-02   0.0000E+00   0.0000E+00   1.3506E-03   0.0000E+00   1.1303E-04   0.0000E+00   2.0400E-04   5.5007E-05   1.2658E-06   0.0000E+00   0.0000E+00
    6.559515E-07   4.3523E-02   0.0000E+00   0.0000E+00   1.9676E-02   2.2049E-02   0.0000E+00   0.0000E+00   1.4086E-03   0.0000E+00   1.1751E-04   0.0000E+00   2.1346E-04   5.7773E-05   1.3254E-06   0.0000E+00   0.0000E+00
    6.559545E-07   4.5484E-02   0.0000E+00   0.0000E+00   2.0493E-02   2.3112E-02   0.0000E+00   0.0000E+00   1.4705E-03   0.0000E+00   1.2227E-04   0.0000E+00   2.2360E-04   6.0758E-05   1.3893E-06   0.0000E+00   0.0000E+00
    6.559575E-07   4.7595E-02   0.0000E+00   0.0000E+00   2.1363E-02   2.4267E-02   0.0000E+00   0.0000E+00   1.5366E-03   0.0000E+00   1.2732E-04   0.0000E+00   2.3447E-04   6.3984E-05   1.4580E-06   0.0000E+00   0.0000E+00
    6.559605E-07   4.9884E-02   0.0000E+00   0.0000E+00   2.2290E-02   2.5538E-02   0.0000E+00   0.0000E+00   1.6074E-03   0.0000E+00   1.3269E-04   0.0000E+00   2.4616E-04   6.7478E-05   1.5319E-06   0.0000E+00   0.0000E+00
    6.559635E-07   5.2381E-02   0.0000E+00   0.0000E+00   2.3280E-02   2.6948E-02   0.0000E+00   0.0000E+00   1.6832E-03   0.0000E+00   1.3840E-04   0.0000E+00   2.5875E-04   7.1272E-05   1.6116E-06   0.0000E+00   0.0000E+00
    6.559665E-07   5.5116E-02   0.0000E+00   0.0000E+00   2.4338E-02   2.8520E-02   0.0000E+00   0.0000E+00   1.7646E-03   0.0000E+00   1.4449E-04   0.0000E+00   2.7232E-04   7.5400E-05   1.6977E-06   0.0000E+00   0.0000E+00
    6.559695E-07   5.8120E-02   0.0000E+00   0.0000E+00   2.5470E-02   3.0279E-02   0.0000E+00   0.0000E+00   1.8521E-03   0.0000E+00   1.5099E-04   0.0000E+00   2.8699E-04   7.9903E-05   1.7909E-06   0.0000E+00   0.0000E+00
    6.559725E-07   6.1426E-02   0.0000E+00   0.0000E+00   2.6683E-02   3.2250E-02   0.0000E+00   0.0000E+00   1.9464E-03   0.0000E+00   1.5793E-04   0.0000E+00   3.0288E-04   8.4828E-05   1.8920E-06   0.0000E+00   0.0000E+00
    6.559755E-07   6.5066E-02   0.0000E+00   0.0000E+00   2.7986E-02   3.4454E-02   0.0000E+00   0.0000E+00   2.0481E-03   0.0000E+00   1.6536E-04   0.0000E+00   3.2012E-04   9.0229E-05   2.0019E-06   0.0000E+00   0.0000E+00
    6.559785E-07   6.9068E-02   0.0000E+00   0.0000E+00   2.9389E-02   3.6910E-02   0.0000E+00   0.0000E+00   2.1582E-03   0.0000E+00   1.7332E-04   0.0000E+00   3.3888E-04   9.6170E-05   2.1218E-06   0.0000E+00   0.0000E+00
    6.559815E-07   7.3465E-02   0.0000E+00   0.0000E+00   3.0900E-02   3.9641E-02   0.0000E+00   0.0000E+00   2.2776E-03   0.0000E+00   1.8187E-04   0.0000E+00   3.5933E-04   1.0273E-04   2.2528E-06   0.0000E+00   0.0000E+00
    6.559845E-07   7.8315E-02   0.0000E+00   0.0000E+00   3.2533E-02   4.2689E-02   0.0000E+00   0.0000E+00   2.4073E-03   0.0000E+00   1.9106E-04   0.0000E+00   3.8168E-04   1.0998E-04   2.3964E-06   0.0000E+00   0.0000E+00
    6.559875E-07   8.3685E-02   0.0000E+00   0.0000E+00   3.4299E-02   4.6110E-02   0.0000E+00   0.0000E+00   2.5485E-03   0.0000E+00   2.0096E-04   0.0000E+00   4.0617E-04   1.1804E-04   2.5542E-06   0.0000E+00   0.0000E+00
    6.559905E-07   8.9635E-02   0.0000E+00   0.0000E+00   3.6215E-02   4.9943E-02   0.0000E+00   0.0000E+00   2.7028E-03   0.0000E+00   2.1165E-04   0.0000E+00   4.3310E-04   1.2703E-04   2.7282E-06   0.0000E+00   0.0000E+00
    6.559935E-07   9.6202E-02   0.0000E+00   0.0000E+00   3.8297E-02   5.4208E-02   0.0000E+00   0.0000E+00   2.8718E-03   0.0000E+00   2.2320E-04   0.0000E+00   4.6278E-04   1.3709E-04   2.9208E-06   0.0000E+00   0.0000E+00
    6.559965E-07   1.0347E-01   0.0000E+00   0.0000E+00   4.0564E-02   5.8961E-02   0.0000E+00   0.0000E+00   3.0574E-03   0.0000E+00   2.3571E-04   0.0000E+00   4.9559E-04   1.4839E-04   3.1345E-06   0.0000E+00   0.0000E+00
    6.559995E-07   1.1158E-01   0.0000E+00   0.0000E+00   4.3039E-02   6.4330E-02   0.0000E+00   0.0000E+00   3.2618E-03   0.0000E+00   2.4930E-04   0.0000E+00   5.3201E-04   1.6115E-04   3.3727E-06   0.0000E+00   0.0000E+00
    6.560025E-07   1.2072E-01   0.0000E+00   0.0000E+00   4.5749E-02   7.0468E-02   0.0000E+00   0.0000E+00   3.4879E-03   0.0000E+00   2.6408E-04   0.0000E+00   5.7255E-04   1.7562E-04   3.6393E-06   0.0000E+00   0.0000E+00
    6.560055E-07   1.3101E-01   0.0000E+00   0.0000E+00   4.8721E-02   7.7452E-02   0.0000E+00   0.0000E+00   3.7386E-03   0.0000E+00   2.8021E-04   0.0000E+00   6.1787E-04   1.9210E-04   3.9390E-06   0.0000E+00   0.0000E+00
    6.560085E-07   1.4239E-01   0.0000E+00   0.0000E+00   5.1991E-02   8.5199E-02   0.0000E+00   0.0000E+00   4.0179E-03   0.0000E+00   2.9783E-04   0.0000E+00   6.6873E-04   2.1099E-04   4.2775E-06   0.0000E+00   0.0000E+00
    6.560115E-07   1.5462E-01   0.0000E+00   0.0000E+00   5.5597E-02   9.3414E-02   0.0000E+00   0.0000E+00   4.3301E-03   0.0000E+00   3.1716E-04   0.0000E+00   7.2605E-04   2.3274E-04   4.6619E-06   0.0000E+00   0.0000E+00
    6.560145E-07   1.6741E-01   0.0000E+00   0.0000E+00   5.9585E-02   1.0176E-01   0.0000E+00   0.0000E+00   4.6807E-03   0.0000E+00   3.3840E-04   0.0000E+00   7.9094E-04   2.5793E-04   5.1009E-06   0.0000E+00   0.0000E+00
    6.560175E-07   1.8077E-01   0.0000E+00   0.0000E+00   6.4006E-02   1.1017E-01   0.0000E+00   0.0000E+00   5.0761E-03   0.0000E+00   3.6182E-04   0.0000E+00   8.6478E-04   2.8727E-04   5.6055E-06   0.0000E+00   0.0000E+00
    6.560205E-07   1.9511E-01   0.0000E+00   0.0000E+00   6.8922E-02   1.1900E-01   0.0000E+00   0.0000E+00   5.5244E-03   0.0000E+00   3.8771E-04   0.0000E+00   9.4923E-04   3.2164E-04   6.1894E-06   0.0000E+00   0.0000E+00
    6.560235E-07   2.1091E-01   0.0000E+00   0.0000E+00   7.4402E-02   1.2864E-01   0.0000E+00   0.0000E+00   6.0352E-03   0.0000E+00   4.1644E-04   0.0000E+00   1.0463E-03   3.6212E-04   6.8703E-06   0.0000E+00   0.0000E+00
    6.560265E-07   2.2850E-01   0.0000E+00   0.0000E+00   8.0531E-02   1.3933E-01   0.0000E+00   0.0000E+00   6.6204E-03   0.0000E+00   4.4843E-04   0.0000E+00   1.1587E-03   4.1006E-04   7.6710E-06   0.0000E+00   0.0000E+00
    6.560295E-07   2.4807E-01   0.0000E+00   0.0000E+00   8.7400E-02   1.5112E-01   0.0000E+00   0.0000E+00   7.2947E-03   0.0000E+00   4.8417E-04   0.0000E+00   1.2895E-03   4.6708E-04   8.6216E-06   0.0000E+00   0.0000E+00
    6.560325E-07   2.6973E-01   0.0000E+00   0.0000E+00   9.5115E-02   1.6403E-01   0.0000E+00   0.0000E+00   8.0762E-03   0.0000E+00   5.2426E-04   0.0000E+00   1.4426E-03   5.3505E-04   9.7619E-06   0.0000E+00   0.0000E+00
    6.560355E-07   2.9374E-01   0.0000E+00   0.0000E+00   1.0381E-01   1.7813E-01   0.0000E+00   0.0000E+00   8.9874E-03   0.0000E+00   5.6943E-04   0.0000E+00   1.6233E-03   6.1610E-04   1.1146E-05   0.0000E+00   0.0000E+00
    6.560385E-07   3.2073E-01   0.0000E+00   0.0000E+00   1.1361E-01   1.9388E-01   0.0000E+00   0.0000E+00   1.0056E-02   0.0000E+00   6.2054E-04   0.0000E+00   1.8378E-03   7.1229E-04   1.2849E-05   0.0000E+00   0.0000E+00
    6.560415E-07   3.5166E-01   0.0000E+00   0.0000E+00   1.2470E-01   2.1203E-01   0.0000E+00   0.0000E+00   1.1315E-02   0.0000E+00   6.7864E-04   0.0000E+00   2.0942E-03   8.2515E-04   1.4975E-05   0.0000E+00   0.0000E+00
    6.560445E-07   3.8725E-01   0.0000E+00   0.0000E+00   1.3724E-01   2.3308E-01   0.0000E+00   0.0000E+00   1.2805E-02   0.0000E+00   7.4504E-04   0.0000E+00   2.4025E-03   9.5459E-04   1.7672E-05   0.0000E+00   0.0000E+00
    6.560475E-07   4.2758E-01   0.0000E+00   0.0000E+00   1.5145E-01   2.5684E-01   0.0000E+00   0.0000E+00   1.4570E-02   0.0000E+00   8.2132E-04   0.0000E+00   2.7752E-03   1.0972E-03   2.1155E-05   0.0000E+00   0.0000E+00
    6.560505E-07   4.7201E-01   0.0000E+00   0.0000E+00   1.6754E-01   2.8241E-01   0.0000E+00   0.0000E+00   1.6656E-02   0.0000E+00   9.0945E-04   0.0000E+00   3.2268E-03   1.2441E-03   2.5728E-05   0.0000E+00   0.0000E+00
    6.560535E-07   5.1958E-01   0.0000E+00   0.0000E+00   1.8574E-01   3.0854E-01   0.0000E+00   0.0000E+00   1.9102E-02   0.0000E+00   1.0119E-03   0.0000E+00   3.7735E-03   1.3795E-03   3.1807E-05   0.0000E+00   0.0000E+00
    6.560565E-07   5.6977E-01   0.0000E+00   0.0000E+00   2.0627E-01   3.3450E-01   0.0000E+00   0.0000E+00   2.1920E-02   0.0000E+00   1.1318E-03   0.0000E+00   4.4308E-03   1.4822E-03   3.9903E-05   0.0000E+00   0.0000E+00
    6.560595E-07   6.2288E-01   0.0000E+00   0.0000E+00   2.2935E-01   3.6040E-01   0.0000E+00   0.0000E+00   2.5072E-02   0.0000E+00   1.2730E-03   0.0000E+00   5.2076E-03   1.5318E-03   5.0572E-05   0.0000E+00   0.0000E+00
    6.560625E-07   6.7943E-01   0.0000E+00   0.0000E+00   2.5515E-01   3.8671E-01   0.0000E+00   0.0000E+00   2.8452E-02   0.0000E+00   1.4406E-03   0.0000E+00   6.0964E-03   1.5182E-03   6.4671E-05   0.0000E+00   0.0000E+00
    6.560655E-07   7.3960E-01   0.0000E+00   0.0000E+00   2.8379E-01   4.1370E-01   0.0000E+00   0.0000E+00   3.1880E-02   0.0000E+00   1.6408E-03   0.0000E+00   7.0565E-03   1.4466E-03   8.3913E-05   0.0000E+00   0.0000E+00
    6.560685E-07   8.0322E-01   0.0000E+00   0.0000E+00   3.1528E-01   4.4148E-01   0.0000E+00   0.0000E+00   3.5140E-02   0.0000E+00   1.8817E-03   0.0000E+00   7.9943E-03   1.3347E-03   1.0972E-04   0.0000E+00   0.0000E+00
    6.560715E-07   8.6993E-01   0.0000E+00   0.0000E+00   3.4948E-01   4.7015E-01   0.0000E+00   0.0000E+00   3.8031E-02   0.0000E+00   2.1737E-03   0.0000E+00   8.7583E-03   1.2038E-03   1.3894E-04   0.0000E+00   0.0000E+00
    6.560745E-07   9.3915E-01   0.0000E+00   0.0000E+00   3.8607E-01   4.9974E-01   0.0000E+00   0.0000E+00   4.0402E-02   0.0000E+00   2.5296E-03   0.0000E+00   9.1762E-03   1.0717E-03   1.6094E-04   0.0000E+00   0.0000E+00
    6.560775E-07   1.0098E+00   0.0000E+00   0.0000E+00   4.2452E-01   5.2987E-01   0.0000E+00   0.0000E+00   4.2182E-02   0.0000E+00   2.9651E-03   0.0000E+00   9.1443E-03   9.4938E-04   1.6717E-04   0.0000E+00   0.0000E+00
    6.560805E-07   1.0801E+00   0.0000E+00   0.0000E+00   4.6405E-01   5.5941E-01   0.0000E+00   0.0000E+00   4.3395E-02   0.0000E+00   3.4983E-03   0.0000E+00   8.6967E-03   8.4197E-04   1.6164E-04   0.0000E+00   0.0000E+00
    6.560835E-07   1.1474E+00   0.0000E+00   0.0000E+00   5.0363E-01   5.8653E-01   0.0000E+00   0.0000E+00   4.4158E-02   0.0000E+00   4.1476E-03   0.0000E+00   7.9815E-03   7.5053E-04   1.5093E-04   0.0000E+00   0.0000E+00
    6.560865E-07   1.2089E+00   0.0000E+00   0.0000E+00   5.4203E-01   6.0932E-01   0.0000E+00   0.0000E+00   4.4629E-02   0.0000E+00   4.9257E-03   0.0000E+00   7.1720E-03   6.7420E-04   1.3757E-04   0.0000E+00   0.0000E+00
    6.560895E-07   1.2618E+00   0.0000E+00   0.0000E+00   5.7782E-01   6.2605E-01   0.0000E+00   0.0000E+00   4.4956E-02   0.0000E+00   5.8278E-03   0.0000E+00   6.4001E-03   6.1133E-04   1.2357E-04   0.0000E+00   0.0000E+00
    6.560925E-07   1.3029E+00   0.0000E+00   0.0000E+00   6.0952E-01   6.3496E-01   0.0000E+00   0.0000E+00   4.5242E-02   0.0000E+00   6.8109E-03   0.0000E+00   5.7405E-03   5.6018E-04   1.1076E-04   0.0000E+00   0.0000E+00
    6.560955E-07   1.3302E+00   0.0000E+00   0.0000E+00   6.3568E-01   6.3538E-01   0.0000E+00   0.0000E+00   4.5527E-02   0.0000E+00   7.7691E-03   0.0000E+00   5.2214E-03   5.1917E-04   9.9570E-05   0.0000E+00   0.0000E+00
    6.560985E-07   1.3437E+00   0.0000E+00   0.0000E+00   6.5502E-01   6.2889E-01   0.0000E+00   0.0000E+00   4.5815E-02   0.0000E+00   8.5274E-03   0.0000E+00   4.8415E-03   4.8703E-04   8.6316E-05   0.0000E+00   0.0000E+00
    6.561015E-07   1.3443E+00   0.0000E+00   0.0000E+00   6.6652E-01   6.1765E-01   0.0000E+00   0.0000E+00   4.6109E-02   0.0000E+00   8.8900E-03   0.0000E+00   4.5799E-03   4.6290E-04   6.9400E-05   0.0000E+00   0.0000E+00
    6.561045E-07   1.3325E+00   0.0000E+00   0.0000E+00   6.6958E-01   6.0282E-01   0.0000E+00   0.0000E+00   4.6434E-02   0.0000E+00   8.7439E-03   0.0000E+00   4.4004E-03   4.4629E-04   5.3267E-05   0.0000E+00   0.0000E+00
    6.561075E-07   1.3084E+00   0.0000E+00   0.0000E+00   6.6403E-01   5.8469E-01   0.0000E+00   0.0000E+00   4.6831E-02   0.0000E+00   8.1362E-03   0.0000E+00   4.2556E-03   4.3702E-04   4.0798E-05   0.0000E+00   0.0000E+00
    6.561105E-07   1.2725E+00   0.0000E+00   0.0000E+00   6.5017E-01   5.6323E-01   0.0000E+00   0.0000E+00   4.7311E-02   0.0000E+00   7.2406E-03   0.0000E+00   4.0963E-03   4.3517E-04   3.1836E-05   0.0000E+00   0.0000E+00
    6.561135E-07   1.2256E+00   0.0000E+00   0.0000E+00   6.2874E-01   5.3852E-01   0.0000E+00   0.0000E+00   4.7720E-02   0.0000E+00   6.2510E-03   0.0000E+00   3.8879E-03   4.4111E-04   2.5425E-05   0.0000E+00   0.0000E+00
    6.561165E-07   1.1690E+00   0.0000E+00   0.0000E+00   6.0084E-01   5.1115E-01   0.0000E+00   0.0000E+00   4.7630E-02   0.0000E+00   5.3050E-03   0.0000E+00   3.6220E-03   4.5542E-04   2.0752E-05   0.0000E+00   0.0000E+00
    6.561195E-07   1.1048E+00   0.0000E+00   0.0000E+00   5.6783E-01   4.8220E-01   0.0000E+00   0.0000E+00   4.6509E-02   0.0000E+00   4.4706E-03   0.0000E+00   3.3122E-03   4.7885E-04   1.7260E-05   0.0000E+00   0.0000E+00
    6.561225E-07   1.0354E+00   0.0000E+00   0.0000E+00   5.3117E-01   4.5278E-01   0.0000E+00   0.0000E+00   4.4175E-02   0.0000E+00   3.7661E-03   0.0000E+00   2.9816E-03   5.1222E-04   1.4589E-05   0.0000E+00   0.0000E+00
    6.561255E-07   9.6336E-01   0.0000E+00   0.0000E+00   4.9233E-01   4.2365E-01   0.0000E+00   0.0000E+00   4.0967E-02   0.0000E+00   3.1844E-03   0.0000E+00   2.6527E-03   5.5613E-04   1.2501E-05   0.0000E+00   0.0000E+00
    6.561285E-07   8.9096E-01   0.0000E+00   0.0000E+00   4.5268E-01   3.9521E-01   0.0000E+00   0.0000E+00   3.7393E-02   0.0000E+00   2.7087E-03   0.0000E+00   2.3418E-03   6.1048E-04   1.0837E-05   0.0000E+00   0.0000E+00
    6.561315E-07   8.1993E-01   0.0000E+00   0.0000E+00   4.1340E-01   3.6768E-01   0.0000E+00   0.0000E+00   3.3790E-02   0.0000E+00   2.3201E-03   0.0000E+00   2.0596E-03   6.7376E-04   9.4888E-06   0.0000E+00   0.0000E+00
    6.561345E-07   7.5153E-01   0.0000E+00   0.0000E+00   3.7545E-01   3.4122E-01   0.0000E+00   0.0000E+00   3.0294E-02   0.0000E+00   2.0021E-03   0.0000E+00   1.8110E-03   7.4213E-04   8.3811E-06   0.0000E+00   0.0000E+00
    6.561375E-07   6.8667E-01   0.0000E+00   0.0000E+00   3.3953E-01   3.1604E-01   0.0000E+00   0.0000E+00   2.6948E-02   0.0000E+00   1.7403E-03   0.0000E+00   1.5962E-03   8.0878E-04   7.4592E-06   0.0000E+00   0.0000E+00
    6.561405E-07   6.2597E-01   0.0000E+00   0.0000E+00   3.0612E-01   2.9226E-01   0.0000E+00   0.0000E+00   2.3788E-02   0.0000E+00   1.5234E-03   0.0000E+00   1.4125E-03   8.6407E-04   6.6834E-06   0.0000E+00   0.0000E+00
    6.561435E-07   5.6977E-01   0.0000E+00   0.0000E+00   2.7546E-01   2.6994E-01   0.0000E+00   0.0000E+00   2.0868E-02   0.0000E+00   1.3425E-03   0.0000E+00   1.2559E-03   8.9699E-04   6.0241E-06   0.0000E+00   0.0000E+00
    6.561465E-07   5.1813E-01   0.0000E+00   0.0000E+00   2.4766E-01   2.4902E-01   0.0000E+00   0.0000E+00   1.8242E-02   0.0000E+00   1.1905E-03   0.0000E+00   1.1225E-03   8.9860E-04   5.4589E-06   0.0000E+00   0.0000E+00
    6.561495E-07   4.7090E-01   0.0000E+00   0.0000E+00   2.2266E-01   2.2935E-01   0.0000E+00   0.0000E+00   1.5941E-02   0.0000E+00   1.0618E-03   0.0000E+00   1.0084E-03   8.6630E-04   4.9705E-06   0.0000E+00   0.0000E+00
    6.561525E-07   4.2772E-01   0.0000E+00   0.0000E+00   2.0034E-01   2.1075E-01   0.0000E+00   0.0000E+00   1.3962E-02   0.0000E+00   9.5220E-04   0.0000E+00   9.1042E-04   8.0566E-04   4.5454E-06   0.0000E+00   0.0000E+00
    6.561555E-07   3.8822E-01   0.0000E+00   0.0000E+00   1.8050E-01   1.9303E-01   0.0000E+00   0.0000E+00   1.2278E-02   0.0000E+00   8.5815E-04   0.0000E+00   8.2592E-04   7.2773E-04   4.1732E-06   0.0000E+00   0.0000E+00
    6.561585E-07   3.5212E-01   0.0000E+00   0.0000E+00   1.6292E-01   1.7617E-01   0.0000E+00   0.0000E+00   1.0853E-02   0.0000E+00   7.7697E-04   0.0000E+00   7.5264E-04   6.4405E-04   3.8453E-06   0.0000E+00   0.0000E+00
    6.561615E-07   3.1932E-01   0.0000E+00   0.0000E+00   1.4739E-01   1.6033E-01   0.0000E+00   0.0000E+00   9.6467E-03   0.0000E+00   7.0648E-04   0.0000E+00   6.8875E-04   5.6318E-04   3.5549E-06   0.0000E+00   0.0000E+00
    6.561645E-07   2.8973E-01   0.0000E+00   0.0000E+00   1.3366E-01   1.4567E-01   0.0000E+00   0.0000E+00   8.6230E-03   0.0000E+00   6.4494E-04   0.0000E+00   6.3274E-04   4.8987E-04   3.2964E-06   0.0000E+00   0.0000E+00
    6.561675E-07   2.6310E-01   0.0000E+00   0.0000E+00   1.2154E-01   1.3220E-01   0.0000E+00   0.0000E+00   7.7502E-03   0.0000E+00   5.9092E-04   0.0000E+00   5.8339E-04   4.2590E-04   3.0653E-06   0.0000E+00   0.0000E+00
    6.561705E-07   2.3918E-01   0.0000E+00   0.0000E+00   1.1083E-01   1.1990E-01   0.0000E+00   0.0000E+00   7.0019E-03   0.0000E+00   5.4328E-04   0.0000E+00   5.3969E-04   3.7128E-04   2.8579E-06   0.0000E+00   0.0000E+00
    6.561735E-07   2.1779E-01   0.0000E+00   0.0000E+00   1.0135E-01   1.0876E-01   0.0000E+00   0.0000E+00   6.3567E-03   0.0000E+00   5.0107E-04   0.0000E+00   5.0080E-04   3.2512E-04   2.6710E-06   0.0000E+00   0.0000E+00
    6.561765E-07   1.9872E-01   0.0000E+00   0.0000E+00   9.2942E-02   9.8766E-02   0.0000E+00   0.0000E+00   5.7971E-03   0.0000E+00   4.6351E-04   0.0000E+00   4.6606E-04   2.8627E-04   2.5019E-06   0.0000E+00   0.0000E+00
    6.561795E-07   1.8174E-01   0.0000E+00   0.0000E+00   8.5466E-02   8.9840E-02   0.0000E+00   0.0000E+00   5.3089E-03   0.0000E+00   4.2996E-04   0.0000E+00   4.3487E-04   2.5355E-04   2.3485E-06   0.0000E+00   0.0000E+00
    6.561825E-07   1.6663E-01   0.0000E+00   0.0000E+00   7.8809E-02   8.1907E-02   0.0000E+00   0.0000E+00   4.8805E-03   0.0000E+00   3.9987E-04   0.0000E+00   4.0678E-04   2.2591E-04   2.2088E-06   0.0000E+00   0.0000E+00
    6.561855E-07   1.5323E-01   0.0000E+00   0.0000E+00   7.2865E-02   7.4908E-02   0.0000E+00   0.0000E+00   4.5027E-03   0.0000E+00   3.7278E-04   0.0000E+00   3.8138E-04   2.0245E-04   2.0814E-06   0.0000E+00   0.0000E+00
    6.561885E-07   1.4138E-01   0.0000E+00   0.0000E+00   6.7545E-02   6.8776E-02   0.0000E+00   0.0000E+00   4.1679E-03   0.0000E+00   3.4833E-04   0.0000E+00   3.5833E-04   1.8244E-04   1.9646E-06   0.0000E+00   0.0000E+00
    6.561915E-07   1.3090E-01   0.0000E+00   0.0000E+00   6.2770E-02   6.3430E-02   0.0000E+00   0.0000E+00   3.8697E-03   0.0000E+00   3.2617E-04   0.0000E+00   3.3735E-04   1.6525E-04   1.8575E-06   0.0000E+00   0.0000E+00
    6.561945E-07   1.2163E-01   0.0000E+00   0.0000E+00   5.8471E-02   5.8779E-02   0.0000E+00   0.0000E+00   3.6029E-03   0.0000E+00   3.0604E-04   0.0000E+00   3.1819E-04   1.5042E-04   1.7590E-06   0.0000E+00   0.0000E+00
    6.561975E-07   1.1341E-01   0.0000E+00   0.0000E+00   5.4591E-02   5.4732E-02   0.0000E+00   0.0000E+00   3.3633E-03   0.0000E+00   2.8770E-04   0.0000E+00   3.0065E-04   1.3753E-04   1.6681E-06   0.0000E+00   0.0000E+00
    6.562005E-07   1.0611E-01   0.0000E+00   0.0000E+00   5.1079E-02   5.1195E-02   0.0000E+00   0.0000E+00   3.1473E-03   0.0000E+00   2.7094E-04   0.0000E+00   2.8455E-04   1.2628E-04   1.5841E-06   0.0000E+00   0.0000E+00
    6.562035E-07   9.9544E-02   0.0000E+00   0.0000E+00   4.7893E-02   4.8055E-02   0.0000E+00   0.0000E+00   2.9519E-03   0.0000E+00   2.5559E-04   0.0000E+00   2.6973E-04   1.1639E-04   1.5063E-06   0.0000E+00   0.0000E+00
    6.562065E-07   9.3541E-02   0.0000E+00   0.0000E+00   4.4995E-02   4.5165E-02   0.0000E+00   0.0000E+00   2.7744E-03   0.0000E+00   2.4150E-04   0.0000E+00   2.5606E-04   1.0766E-04   1.4342E-06   0.0000E+00   0.0000E+00
    6.562095E-07   8.7924E-02   0.0000E+00   0.0000E+00   4.2351E-02   4.2387E-02   0.0000E+00   0.0000E+00   2.6128E-03   0.0000E+00   2.2853E-04   0.0000E+00   2.4341E-04   9.9918E-05   1.3671E-06   0.0000E+00   0.0000E+00
    6.562125E-07   8.2621E-02   0.0000E+00   0.0000E+00   3.9934E-02   3.9680E-02   0.0000E+00   0.0000E+00   2.4651E-03   0.0000E+00   2.1657E-04   0.0000E+00   2.3170E-04   9.3014E-05   1.3046E-06   0.0000E+00   0.0000E+00
    6.562155E-07   7.7661E-02   0.0000E+00   0.0000E+00   3.7718E-02   3.7099E-02   0.0000E+00   0.0000E+00   2.3298E-03   0.0000E+00   2.0552E-04   0.0000E+00   2.2082E-04   8.6833E-05   1.2463E-06   0.0000E+00   0.0000E+00
    6.562185E-07   7.3088E-02   0.0000E+00   0.0000E+00   3.5683E-02   3.4711E-02   0.0000E+00   0.0000E+00   2.2056E-03   0.0000E+00   1.9529E-04   0.0000E+00   2.1070E-04   8.1275E-05   1.1919E-06   0.0000E+00   0.0000E+00
    6.562215E-07   6.8912E-02   0.0000E+00   0.0000E+00   3.3809E-02   3.2547E-02   0.0000E+00   0.0000E+00   2.0912E-03   0.0000E+00   1.8579E-04   0.0000E+00   2.0128E-04   7.6259E-05   1.1409E-06   0.0000E+00   0.0000E+00
    6.562245E-07   6.5112E-02   0.0000E+00   0.0000E+00   3.2080E-02   3.0604E-02   0.0000E+00   0.0000E+00   1.9857E-03   0.0000E+00   1.7697E-04   0.0000E+00   1.9247E-04   7.1715E-05   1.0932E-06   0.0000E+00   0.0000E+00
    6.562275E-07   6.1657E-02   0.0000E+00   0.0000E+00   3.0481E-02   2.8866E-02   0.0000E+00   0.0000E+00   1.8880E-03   0.0000E+00   1.6876E-04   0.0000E+00   1.8424E-04   6.7585E-05   1.0484E-06   0.0000E+00   0.0000E+00
    6.562305E-07   5.8510E-02   0.0000E+00   0.0000E+00   2.9000E-02   2.7310E-02   0.0000E+00   0.0000E+00   1.7975E-03   0.0000E+00   1.6111E-04   0.0000E+00   1.7654E-04   6.3819E-05   1.0063E-06   0.0000E+00   0.0000E+00
    6.562335E-07   5.5641E-02   0.0000E+00   0.0000E+00   2.7625E-02   2.5917E-02   0.0000E+00   0.0000E+00   1.7135E-03   0.0000E+00   1.5396E-04   0.0000E+00   1.6931E-04   6.0375E-05   9.6673E-07   0.0000E+00   0.0000E+00
    6.562365E-07   5.3021E-02   0.0000E+00   0.0000E+00   2.6347E-02   2.4670E-02   0.0000E+00   0.0000E+00   1.6353E-03   0.0000E+00   1.4727E-04   0.0000E+00   1.6252E-04   5.7215E-05   9.2943E-07   0.0000E+00   0.0000E+00
    6.562395E-07   5.0627E-02   0.0000E+00   0.0000E+00   2.5156E-02   2.3556E-02   0.0000E+00   0.0000E+00   1.5624E-03   0.0000E+00   1.4101E-04   0.0000E+00   1.5614E-04   5.4309E-05   8.9425E-07   0.0000E+00   0.0000E+00
    6.562425E-07   4.8438E-02   0.0000E+00   0.0000E+00   2.4045E-02   2.2561E-02   0.0000E+00   0.0000E+00   1.4944E-03   0.0000E+00   1.3513E-04   0.0000E+00   1.5013E-04   5.1630E-05   8.6104E-07   0.0000E+00   0.0000E+00
    6.562455E-07   4.6437E-02   0.0000E+00   0.0000E+00   2.3006E-02   2.1676E-02   0.0000E+00   0.0000E+00   1.4307E-03   0.0000E+00   1.2962E-04   0.0000E+00   1.4447E-04   4.9154E-05   8.2965E-07   0.0000E+00   0.0000E+00
    6.562485E-07   4.4610E-02   0.0000E+00   0.0000E+00   2.2034E-02   2.0893E-02   0.0000E+00   0.0000E+00   1.3711E-03   0.0000E+00   1.2443E-04   0.0000E+00   1.3912E-04   4.6860E-05   7.9994E-07   0.0000E+00   0.0000E+00
    6.562515E-07   4.2944E-02   0.0000E+00   0.0000E+00   2.1123E-02   2.0206E-02   0.0000E+00   0.0000E+00   1.3152E-03   0.0000E+00   1.1955E-04   0.0000E+00   1.3406E-04   4.4731E-05   7.7181E-07   0.0000E+00   0.0000E+00
    6.562545E-07   4.1427E-02   0.0000E+00   0.0000E+00   2.0268E-02   1.9609E-02   0.0000E+00   0.0000E+00   1.2627E-03   0.0000E+00   1.1495E-04   0.0000E+00   1.2928E-04   4.2750E-05   7.4514E-07   0.0000E+00   0.0000E+00
    6.562575E-07   4.0043E-02   0.0000E+00   0.0000E+00   1.9464E-02   1.9090E-02   0.0000E+00   0.0000E+00   1.2133E-03   0.0000E+00   1.1061E-04   0.0000E+00   1.2475E-04   4.0904E-05   7.1982E-07   0.0000E+00   0.0000E+00
    6.562605E-07   3.8768E-02   0.0000E+00   0.0000E+00   1.8707E-02   1.8627E-02   0.0000E+00   0.0000E+00   1.1668E-03   0.0000E+00   1.0650E-04   0.0000E+00   1.2046E-04   3.9180E-05   6.9578E-07   0.0000E+00   0.0000E+00
    6.562635E-07   3.7554E-02   0.0000E+00   0.0000E+00   1.7994E-02   1.8180E-02   0.0000E+00   0.0000E+00   1.1229E-03   0.0000E+00   1.0263E-04   0.0000E+00   1.1639E-04   3.7568E-05   6.7293E-07   0.0000E+00   0.0000E+00
    6.562665E-07   3.6343E-02   0.0000E+00   0.0000E+00   1.7321E-02   1.7693E-02   0.0000E+00   0.0000E+00   1.0815E-03   0.0000E+00   9.8955E-05   0.0000E+00   1.1252E-04   3.6058E-05   6.5119E-07   0.0000E+00   0.0000E+00
    6.562695E-07   3.5086E-02   0.0000E+00   0.0000E+00   1.6685E-02   1.7118E-02   0.0000E+00   0.0000E+00   1.0424E-03   0.0000E+00   9.5477E-05   0.0000E+00   1.0884E-04   3.4641E-05   6.3048E-07   0.0000E+00   0.0000E+00
    6.562725E-07   3.3769E-02   0.0000E+00   0.0000E+00   1.6085E-02   1.6448E-02   0.0000E+00   0.0000E+00   1.0054E-03   0.0000E+00   9.2178E-05   0.0000E+00   1.0535E-04   3.3309E-05   6.1075E-07   0.0000E+00   0.0000E+00
    6.562755E-07   3.2424E-02   0.0000E+00   0.0000E+00   1.5516E-02   1.5714E-02   0.0000E+00   0.0000E+00   9.7031E-04   0.0000E+00   8.9047E-05   0.0000E+00   1.0202E-04   3.2056E-05   5.9193E-07   0.0000E+00   0.0000E+00
    6.562785E-07   3.1093E-02   0.0000E+00   0.0000E+00   1.4977E-02   1.4963E-02   0.0000E+00   0.0000E+00   9.3706E-04   0.0000E+00   8.6072E-05   0.0000E+00   9.8841E-05   3.0875E-05   5.7397E-07   0.0000E+00   0.0000E+00
    6.562815E-07   2.9815E-02   0.0000E+00   0.0000E+00   1.4466E-02   1.4234E-02   0.0000E+00   0.0000E+00   9.0552E-04   0.0000E+00   8.3243E-05   0.0000E+00   9.5813E-05   2.9761E-05   5.5681E-07   0.0000E+00   0.0000E+00
    6.562845E-07   2.8611E-02   0.0000E+00   0.0000E+00   1.3980E-02   1.3553E-02   0.0000E+00   0.0000E+00   8.7555E-04   0.0000E+00   8.0551E-05   0.0000E+00   9.2923E-05   2.8708E-05   5.4042E-07   0.0000E+00   0.0000E+00
    6.562875E-07   2.7491E-02   0.0000E+00   0.0000E+00   1.3519E-02   1.2929E-02   0.0000E+00   0.0000E+00   8.4706E-04   0.0000E+00   7.7987E-05   0.0000E+00   9.0163E-05   2.7712E-05   5.2474E-07   0.0000E+00   0.0000E+00
    6.562905E-07   2.6453E-02   0.0000E+00   0.0000E+00   1.3081E-02   1.2362E-02   0.0000E+00   0.0000E+00   8.1995E-04   0.0000E+00   7.5544E-05   0.0000E+00   8.7525E-05   2.6770E-05   5.0973E-07   0.0000E+00   0.0000E+00
    6.562935E-07   2.5490E-02   0.0000E+00   0.0000E+00   1.2663E-02   1.1848E-02   0.0000E+00   0.0000E+00   7.9414E-04   0.0000E+00   7.3213E-05   0.0000E+00   8.5001E-05   2.5876E-05   4.9536E-07   0.0000E+00   0.0000E+00
    6.562965E-07   2.4593E-02   0.0000E+00   0.0000E+00   1.2265E-02   1.1379E-02   0.0000E+00   0.0000E+00   7.6953E-04   0.0000E+00   7.0988E-05   0.0000E+00   8.2586E-05   2.5028E-05   4.8158E-07   0.0000E+00   0.0000E+00
    6.562995E-07   2.3756E-02   0.0000E+00   0.0000E+00   1.1886E-02   1.0949E-02   0.0000E+00   0.0000E+00   7.4606E-04   0.0000E+00   6.8863E-05   0.0000E+00   8.0272E-05   2.4222E-05   4.6838E-07   0.0000E+00   0.0000E+00
    6.563025E-07   2.2970E-02   0.0000E+00   0.0000E+00   1.1524E-02   1.0553E-02   0.0000E+00   0.0000E+00   7.2366E-04   0.0000E+00   6.6831E-05   0.0000E+00   7.8055E-05   2.3456E-05   4.5571E-07   0.0000E+00   0.0000E+00
    6.563055E-07   2.2230E-02   0.0000E+00   0.0000E+00   1.1179E-02   1.0185E-02   0.0000E+00   0.0000E+00   7.0226E-04   0.0000E+00   6.4888E-05   0.0000E+00   7.5929E-05   2.2727E-05   4.4355E-07   0.0000E+00   0.0000E+00
    6.563085E-07   2.1532E-02   0.0000E+00   0.0000E+00   1.0849E-02   9.8415E-03   0.0000E+00   0.0000E+00   6.8180E-04   0.0000E+00   6.3028E-05   0.0000E+00   7.3890E-05   2.2033E-05   4.3187E-07   0.0000E+00   0.0000E+00
    6.563115E-07   2.0871E-02   0.0000E+00   0.0000E+00   1.0533E-02   9.5199E-03   0.0000E+00   0.0000E+00   6.6222E-04   0.0000E+00   6.1247E-05   0.0000E+00   7.1931E-05   2.1371E-05   4.2064E-07   0.0000E+00   0.0000E+00
    6.563145E-07   2.0243E-02   0.0000E+00   0.0000E+00   1.0232E-02   9.2176E-03   0.0000E+00   0.0000E+00   6.4349E-04   0.0000E+00   5.9540E-05   0.0000E+00   7.0050E-05   2.0739E-05   4.0985E-07   0.0000E+00   0.0000E+00
    6.563175E-07   1.9647E-02   0.0000E+00   0.0000E+00   9.9424E-03   8.9324E-03   0.0000E+00   0.0000E+00   6.2555E-04   0.0000E+00   5.7904E-05   0.0000E+00   6.8242E-05   2.0136E-05   3.9947E-07   0.0000E+00   0.0000E+00
    6.563205E-07   1.9079E-02   0.0000E+00   0.0000E+00   9.6655E-03   8.6627E-03   0.0000E+00   0.0000E+00   6.0835E-04   0.0000E+00   5.6333E-05   0.0000E+00   6.6503E-05   1.9559E-05   3.8948E-07   0.0000E+00   0.0000E+00
    6.563235E-07   1.8538E-02   0.0000E+00   0.0000E+00   9.4000E-03   8.4069E-03   0.0000E+00   0.0000E+00   5.9185E-04   0.0000E+00   5.4826E-05   0.0000E+00   6.4831E-05   1.9008E-05   3.7986E-07   0.0000E+00   0.0000E+00
    6.563265E-07   1.8021E-02   0.0000E+00   0.0000E+00   9.1453E-03   8.1640E-03   0.0000E+00   0.0000E+00   5.7602E-04   0.0000E+00   5.3378E-05   0.0000E+00   6.3220E-05   1.8480E-05   3.7059E-07   0.0000E+00   0.0000E+00
    6.563295E-07   1.7526E-02   0.0000E+00   0.0000E+00   8.9009E-03   7.9327E-03   0.0000E+00   0.0000E+00   5.6082E-04   0.0000E+00   5.1987E-05   0.0000E+00   6.1670E-05   1.7975E-05   3.6166E-07   0.0000E+00   0.0000E+00
    6.563325E-07   1.7053E-02   0.0000E+00   0.0000E+00   8.6662E-03   7.7123E-03   0.0000E+00   0.0000E+00   5.4622E-04   0.0000E+00   5.0649E-05   0.0000E+00   6.0176E-05   1.7490E-05   3.5304E-07   0.0000E+00   0.0000E+00
    6.563355E-07   1.6600E-02   0.0000E+00   0.0000E+00   8.4407E-03   7.5018E-03   0.0000E+00   0.0000E+00   5.3219E-04   0.0000E+00   4.9363E-05   0.0000E+00   5.8735E-05   1.7026E-05   3.4473E-07   0.0000E+00   0.0000E+00
    6.563385E-07   1.6166E-02   0.0000E+00   0.0000E+00   8.2239E-03   7.3006E-03   0.0000E+00   0.0000E+00   5.1869E-04   0.0000E+00   4.8124E-05   0.0000E+00   5.7346E-05   1.6580E-05   3.3672E-07   0.0000E+00   0.0000E+00
    6.563415E-07   1.5749E-02   0.0000E+00   0.0000E+00   8.0154E-03   7.1081E-03   0.0000E+00   0.0000E+00   5.0571E-04   0.0000E+00   4.6932E-05   0.0000E+00   5.6006E-05   1.6152E-05   3.2897E-07   0.0000E+00   0.0000E+00
    6.563445E-07   1.5348E-02   0.0000E+00   0.0000E+00   7.8148E-03   6.9237E-03   0.0000E+00   0.0000E+00   4.9320E-04   0.0000E+00   4.5783E-05   0.0000E+00   5.4713E-05   1.5741E-05   3.2150E-07   0.0000E+00   0.0000E+00
    6.563475E-07   1.4963E-02   0.0000E+00   0.0000E+00   7.6216E-03   6.7468E-03   0.0000E+00   0.0000E+00   4.8116E-04   0.0000E+00   4.4676E-05   0.0000E+00   5.3464E-05   1.5345E-05   3.1427E-07   0.0000E+00   0.0000E+00
    6.563505E-07   1.4593E-02   0.0000E+00   0.0000E+00   7.4355E-03   6.5771E-03   0.0000E+00   0.0000E+00   4.6956E-04   0.0000E+00   4.3608E-05   0.0000E+00   5.2257E-05   1.4965E-05   3.0728E-07   0.0000E+00   0.0000E+00
    6.563535E-07   1.4237E-02   0.0000E+00   0.0000E+00   7.2562E-03   6.4140E-03   0.0000E+00   0.0000E+00   4.5837E-04   0.0000E+00   4.2578E-05   0.0000E+00   5.1091E-05   1.4599E-05   3.0053E-07   0.0000E+00   0.0000E+00
    6.563565E-07   1.3894E-02   0.0000E+00   0.0000E+00   7.0833E-03   6.2573E-03   0.0000E+00   0.0000E+00   4.4758E-04   0.0000E+00   4.1584E-05   0.0000E+00   4.9964E-05   1.4247E-05   2.9400E-07   0.0000E+00   0.0000E+00
    6.563595E-07   1.3564E-02   0.0000E+00   0.0000E+00   6.9165E-03   6.1065E-03   0.0000E+00   0.0000E+00   4.3717E-04   0.0000E+00   4.0625E-05   0.0000E+00   4.8873E-05   1.3907E-05   2.8767E-07   0.0000E+00   0.0000E+00
    6.563625E-07   1.3245E-02   0.0000E+00   0.0000E+00   6.7556E-03   5.9614E-03   0.0000E+00   0.0000E+00   4.2712E-04   0.0000E+00   3.9698E-05   0.0000E+00   4.7818E-05   1.3580E-05   2.8155E-07   0.0000E+00   0.0000E+00
    6.563655E-07   1.2938E-02   0.0000E+00   0.0000E+00   6.6002E-03   5.8216E-03   0.0000E+00   0.0000E+00   4.1741E-04   0.0000E+00   3.8803E-05   0.0000E+00   4.6797E-05   1.3264E-05   2.7563E-07   0.0000E+00   0.0000E+00
    6.563685E-07   1.2642E-02   0.0000E+00   0.0000E+00   6.4502E-03   5.6868E-03   0.0000E+00   0.0000E+00   4.0804E-04   0.0000E+00   3.7937E-05   0.0000E+00   4.5809E-05   1.2960E-05   2.6988E-07   0.0000E+00   0.0000E+00
    6.563715E-07   1.2356E-02   0.0000E+00   0.0000E+00   6.3052E-03   5.5568E-03   0.0000E+00   0.0000E+00   3.9897E-04   0.0000E+00   3.7100E-05   0.0000E+00   4.4851E-05   1.2666E-05   2.6432E-07   0.0000E+00   0.0000E+00
    6.563745E-07   1.2080E-02   0.0000E+00   0.0000E+00   6.1651E-03   5.4314E-03   0.0000E+00   0.0000E+00   3.9021E-04   0.0000E+00   3.6291E-05   0.0000E+00   4.3923E-05   1.2382E-05   2.5892E-07   0.0000E+00   0.0000E+00
    6.563775E-07   1.1813E-02   0.0000E+00   0.0000E+00   6.0296E-03   5.3103E-03   0.0000E+00   0.0000E+00   3.8173E-04   0.0000E+00   3.5508E-05   0.0000E+00   4.3024E-05   1.2108E-05   2.5369E-07   0.0000E+00   0.0000E+00
    6.563805E-07   1.1554E-02   0.0000E+00   0.0000E+00   5.8985E-03   5.1934E-03   0.0000E+00   0.0000E+00   3.7353E-04   0.0000E+00   3.4749E-05   0.0000E+00   4.2152E-05   1.1843E-05   2.4862E-07   0.0000E+00   0.0000E+00
    6.563835E-07   1.1305E-02   0.0000E+00   0.0000E+00   5.7717E-03   5.0804E-03   0.0000E+00   0.0000E+00   3.6559E-04   0.0000E+00   3.4015E-05   0.0000E+00   4.1307E-05   1.1587E-05   2.4370E-07   0.0000E+00   0.0000E+00
    6.563865E-07   1.1063E-02   0.0000E+00   0.0000E+00   5.6489E-03   4.9711E-03   0.0000E+00   0.0000E+00   3.5790E-04   0.0000E+00   3.3304E-05   0.0000E+00   4.0487E-05   1.1339E-05   2.3892E-07   0.0000E+00   0.0000E+00
    6.563895E-07   1.0830E-02   0.0000E+00   0.0000E+00   5.5300E-03   4.8654E-03   0.0000E+00   0.0000E+00   3.5046E-04   0.0000E+00   3.2614E-05   0.0000E+00   3.9691E-05   1.1099E-05   2.3428E-07   0.0000E+00   0.0000E+00
    6.563925E-07   1.0603E-02   0.0000E+00   0.0000E+00   5.4148E-03   4.7631E-03   0.0000E+00   0.0000E+00   3.4324E-04   0.0000E+00   3.1946E-05   0.0000E+00   3.8918E-05   1.0867E-05   2.2978E-07   0.0000E+00   0.0000E+00
    6.563955E-07   1.0384E-02   0.0000E+00   0.0000E+00   5.3032E-03   4.6641E-03   0.0000E+00   0.0000E+00   3.3625E-04   0.0000E+00   3.1299E-05   0.0000E+00   3.8168E-05   1.0642E-05   2.2540E-07   0.0000E+00   0.0000E+00
    6.563985E-07   1.0172E-02   0.0000E+00   0.0000E+00   5.1951E-03   4.5683E-03   0.0000E+00   0.0000E+00   3.2946E-04   0.0000E+00   3.0670E-05   0.0000E+00   3.7439E-05   1.0425E-05   2.2115E-07   0.0000E+00   0.0000E+00
 -----------------------------------------------------
 Spectrum view number   4
    6.558015E-07   1.2614E-01   0.0000E+00   0.0000E+00   1.1794E-01   7.7105E-03   0.0000E+00   0.0000E+00   4.1964E-04   0.0000E+00   0.0000E+00   0.0000E+00   3.9465E-05   1.6645E-05   2.0664E-05   0.0000E+00   0.0000E+00
    6.558045E-07   1.2866E-01   0.0000E+00   0.0000E+00   1.2028E-01   7.8739E-03   0.0000E+00   0.0000E+00   4.2845E-04   0.0000E+00   0.0000E+00   0.0000E+00   4.0240E-05   1.7000E-05   2.1115E-05   0.0000E+00   0.0000E+00
    6.558075E-07   1.3126E-01   0.0000E+00   0.0000E+00   1.2270E-01   8.0427E-03   0.0000E+00   0.0000E+00   4.3754E-04   0.0000E+00   0.0000E+00   0.0000E+00   4.1038E-05   1.7366E-05   2.1580E-05   0.0000E+00   0.0000E+00
    6.558105E-07   1.3394E-01   0.0000E+00   0.0000E+00   1.2519E-01   8.2170E-03   0.0000E+00   0.0000E+00   4.4693E-04   0.0000E+00   0.0000E+00   0.0000E+00   4.1860E-05   1.7744E-05   2.2062E-05   0.0000E+00   0.0000E+00
    6.558135E-07   1.3669E-01   0.0000E+00   0.0000E+00   1.2776E-01   8.3971E-03   0.0000E+00   0.0000E+00   4.5662E-04   0.0000E+00   0.0000E+00   0.0000E+00   4.2707E-05   1.8135E-05   2.2560E-05   0.0000E+00   0.0000E+00
    6.558165E-07   1.3954E-01   0.0000E+00   0.0000E+00   1.3040E-01   8.5832E-03   0.0000E+00   0.0000E+00   4.6663E-04   0.0000E+00   0.0000E+00   0.0000E+00   4.3581E-05   1.8538E-05   2.3075E-05   0.0000E+00   0.0000E+00
    6.558195E-07   1.4247E-01   0.0000E+00   0.0000E+00   1.3313E-01   8.7756E-03   0.0000E+00   0.0000E+00   4.7697E-04   0.0000E+00   0.0000E+00   0.0000E+00   4.4481E-05   1.8956E-05   2.3608E-05   0.0000E+00   0.0000E+00
    6.558225E-07   1.4550E-01   0.0000E+00   0.0000E+00   1.3595E-01   8.9747E-03   0.0000E+00   0.0000E+00   4.8766E-04   0.0000E+00   0.0000E+00   0.0000E+00   4.5410E-05   1.9388E-05   2.4160E-05   0.0000E+00   0.0000E+00
    6.558255E-07   1.4862E-01   0.0000E+00   0.0000E+00   1.3885E-01   9.1807E-03   0.0000E+00   0.0000E+00   4.9872E-04   0.0000E+00   0.0000E+00   0.0000E+00   4.6369E-05   1.9835E-05   2.4732E-05   0.0000E+00   0.0000E+00
    6.558285E-07   1.5185E-01   0.0000E+00   0.0000E+00   1.4185E-01   9.3940E-03   0.0000E+00   0.0000E+00   5.1016E-04   0.0000E+00   0.0000E+00   0.0000E+00   4.7359E-05   2.0298E-05   2.5325E-05   0.0000E+00   0.0000E+00
    6.558315E-07   1.5518E-01   0.0000E+00   0.0000E+00   1.4494E-01   9.6149E-03   0.0000E+00   0.0000E+00   5.2199E-04   0.0000E+00   0.0000E+00   0.0000E+00   4.8381E-05   2.0778E-05   2.5939E-05   0.0000E+00   0.0000E+00
    6.558345E-07   1.5862E-01   0.0000E+00   0.0000E+00   1.4814E-01   9.8438E-03   0.0000E+00   0.0000E+00   5.3425E-04   0.0000E+00   0.0000E+00   0.0000E+00   4.9436E-05   2.1275E-05   2.6577E-05   0.0000E+00   0.0000E+00
    6.558375E-07   1.6217E-01   0.0000E+00   0.0000E+00   1.5144E-01   1.0081E-02   0.0000E+00   0.0000E+00   5.4694E-04   0.0000E+00   0.0000E+00   0.0000E+00   5.0527E-05   2.1790E-05   2.7238E-05   0.0000E+00   0.0000E+00
    6.558405E-07   1.6585E-01   0.0000E+00   0.0000E+00   1.5486E-01   1.0327E-02   0.0000E+00   0.0000E+00   5.6009E-04   0.0000E+00   0.0000E+00   0.0000E+00   5.1655E-05   2.2324E-05   2.7925E-05   0.0000E+00   0.0000E+00
    6.558435E-07   1.6965E-01   0.0000E+00   0.0000E+00   1.5839E-01   1.0582E-02   0.0000E+00   0.0000E+00   5.7372E-04   0.0000E+00   0.0000E+00   0.0000E+00   5.2821E-05   2.2879E-05   2.8639E-05   0.0000E+00   0.0000E+00
    6.558465E-07   1.7359E-01   0.0000E+00   0.0000E+00   1.6204E-01   1.0848E-02   0.0000E+00   0.0000E+00   5.8786E-04   0.0000E+00   0.0000E+00   0.0000E+00   5.4028E-05   2.3455E-05   2.9381E-05   0.0000E+00   0.0000E+00
    6.558495E-07   1.7766E-01   0.0000E+00   0.0000E+00   1.6582E-01   1.1123E-02   0.0000E+00   0.0000E+00   6.0253E-04   0.0000E+00   0.0000E+00   0.0000E+00   5.5277E-05   2.4053E-05   3.0153E-05   0.0000E+00   0.0000E+00
    6.558525E-07   1.8188E-01   0.0000E+00   0.0000E+00   1.6974E-01   1.1409E-02   0.0000E+00   0.0000E+00   6.1775E-04   0.0000E+00   0.0000E+00   0.0000E+00   5.6570E-05   2.4674E-05   3.0956E-05   0.0000E+00   0.0000E+00
    6.558555E-07   1.8624E-01   0.0000E+00   0.0000E+00   1.7379E-01   1.1707E-02   0.0000E+00   0.0000E+00   6.3356E-04   0.0000E+00   0.0000E+00   0.0000E+00   5.7909E-05   2.5320E-05   3.1792E-05   0.0000E+00   0.0000E+00
    6.558585E-07   1.9077E-01   0.0000E+00   0.0000E+00   1.7799E-01   1.2017E-02   0.0000E+00   0.0000E+00   6.4999E-04   0.0000E+00   0.0000E+00   0.0000E+00   5.9297E-05   2.5992E-05   3.2663E-05   0.0000E+00   0.0000E+00
    6.558615E-07   1.9547E-01   0.0000E+00   0.0000E+00   1.8234E-01   1.2339E-02   0.0000E+00   0.0000E+00   6.6707E-04   0.0000E+00   0.0000E+00   0.0000E+00   6.0736E-05   2.6692E-05   3.3571E-05   0.0000E+00   0.0000E+00
    6.558645E-07   2.0033E-01   0.0000E+00   0.0000E+00   1.8685E-01   1.2675E-02   0.0000E+00   0.0000E+00   6.8483E-04   0.0000E+00   0.0000E+00   0.0000E+00   6.2229E-05   2.7421E-05   3.4518E-05   0.0000E+00   0.0000E+00
    6.558675E-07   2.0539E-01   0.0000E+00   0.0000E+00   1.9153E-01   1.3026E-02   0.0000E+00   0.0000E+00   7.0332E-04   0.0000E+00   0.0000E+00   0.0000E+00   6.3778E-05   2.8180E-05   3.5507E-05   0.0000E+00   0.0000E+00
    6.558705E-07   2.1063E-01   0.0000E+00   0.0000E+00   1.9639E-01   1.3391E-02   0.0000E+00   0.0000E+00   7.2256E-04   0.0000E+00   0.0000E+00   0.0000E+00   6.5387E-05   2.8972E-05   3.6540E-05   0.0000E+00   0.0000E+00
    6.558735E-07   2.1608E-01   0.0000E+00   0.0000E+00   2.0143E-01   1.3774E-02   0.0000E+00   0.0000E+00   7.4261E-04   0.0000E+00   0.0000E+00   0.0000E+00   6.7057E-05   2.9798E-05   3.7619E-05   0.0000E+00   0.0000E+00
    6.558765E-07   2.2174E-01   0.0000E+00   0.0000E+00   2.0667E-01   1.4174E-02   0.0000E+00   0.0000E+00   7.6351E-04   0.0000E+00   0.0000E+00   0.0000E+00   6.8794E-05   3.0661E-05   3.8748E-05   0.0000E+00   0.0000E+00
    6.558795E-07   2.2763E-01   0.0000E+00   0.0000E+00   2.1211E-01   1.4593E-02   0.0000E+00   0.0000E+00   7.8530E-04   0.0000E+00   0.0000E+00   0.0000E+00   7.0600E-05   3.1562E-05   3.9931E-05   0.0000E+00   0.0000E+00
    6.558825E-07   2.3376E-01   0.0000E+00   0.0000E+00   2.1777E-01   1.5034E-02   0.0000E+00   0.0000E+00   8.0805E-04   0.0000E+00   0.0000E+00   0.0000E+00   7.2478E-05   3.2504E-05   4.1169E-05   0.0000E+00   0.0000E+00
    6.558855E-07   2.4014E-01   0.0000E+00   0.0000E+00   2.2366E-01   1.5499E-02   0.0000E+00   0.0000E+00   8.3180E-04   0.0000E+00   0.0000E+00   0.0000E+00   7.4434E-05   3.3490E-05   4.2468E-05   0.0000E+00   0.0000E+00
    6.558885E-07   2.4679E-01   0.0000E+00   0.0000E+00   2.2979E-01   1.5993E-02   0.0000E+00   0.0000E+00   8.5662E-04   0.0000E+00   0.0000E+00   0.0000E+00   7.6472E-05   3.4521E-05   4.3831E-05   0.0000E+00   0.0000E+00
    6.558915E-07   2.5373E-01   0.0000E+00   0.0000E+00   2.3617E-01   1.6516E-02   0.0000E+00   0.0000E+00   8.8257E-04   0.0000E+00   0.0000E+00   0.0000E+00   7.8595E-05   3.5602E-05   4.5263E-05   0.0000E+00   0.0000E+00
    6.558945E-07   2.6095E-01   0.0000E+00   0.0000E+00   2.4282E-01   1.7058E-02   0.0000E+00   0.0000E+00   9.0972E-04   0.0000E+00   0.0000E+00   0.0000E+00   8.0809E-05   3.6736E-05   4.6769E-05   0.0000E+00   0.0000E+00
    6.558975E-07   2.6845E-01   0.0000E+00   0.0000E+00   2.4975E-01   1.7599E-02   0.0000E+00   0.0000E+00   9.3815E-04   0.0000E+00   0.0000E+00   0.0000E+00   8.3120E-05   3.7926E-05   4.8353E-05   0.0000E+00   0.0000E+00
    6.559005E-07   2.7627E-01   0.0000E+00   0.0000E+00   2.5697E-01   1.8156E-02   0.0000E+00   0.0000E+00   9.6794E-04   0.0000E+00   0.0000E+00   0.0000E+00   8.5533E-05   3.9175E-05   5.0023E-05   0.0000E+00   0.0000E+00
    6.559035E-07   2.8445E-01   0.0000E+00   0.0000E+00   2.6452E-01   1.8750E-02   0.0000E+00   0.0000E+00   9.9917E-04   0.0000E+00   0.0000E+00   0.0000E+00   8.8054E-05   4.0488E-05   5.1784E-05   0.0000E+00   0.0000E+00
    6.559065E-07   2.9300E-01   0.0000E+00   0.0000E+00   2.7240E-01   1.9387E-02   0.0000E+00   0.0000E+00   1.0320E-03   0.0000E+00   0.0000E+00   0.0000E+00   9.0691E-05   4.1870E-05   5.3643E-05   0.0000E+00   0.0000E+00
    6.559095E-07   3.0195E-01   0.0000E+00   0.0000E+00   2.8063E-01   2.0063E-02   0.0000E+00   0.0000E+00   1.0664E-03   0.0000E+00   0.0000E+00   0.0000E+00   9.3450E-05   4.3324E-05   5.5609E-05   0.0000E+00   0.0000E+00
    6.559125E-07   3.1130E-01   0.0000E+00   0.0000E+00   2.8923E-01   2.0771E-02   0.0000E+00   0.0000E+00   1.1026E-03   0.0000E+00   0.0000E+00   0.0000E+00   9.6339E-05   4.4858E-05   5.7691E-05   0.0000E+00   0.0000E+00
    6.559155E-07   3.2110E-01   0.0000E+00   0.0000E+00   2.9823E-01   2.1520E-02   0.0000E+00   0.0000E+00   1.1406E-03   0.0000E+00   0.0000E+00   0.0000E+00   9.9367E-05   4.6476E-05   5.9897E-05   0.0000E+00   0.0000E+00
    6.559185E-07   3.3137E-01   0.0000E+00   0.0000E+00   3.0766E-01   2.2320E-02   0.0000E+00   0.0000E+00   1.1807E-03   0.0000E+00   0.0000E+00   0.0000E+00   1.0254E-04   4.8185E-05   6.2240E-05   0.0000E+00   0.0000E+00
    6.559215E-07   3.4215E-01   0.0000E+00   0.0000E+00   3.1753E-01   2.3176E-02   0.0000E+00   0.0000E+00   1.2230E-03   0.0000E+00   0.0000E+00   0.0000E+00   1.0588E-04   4.9992E-05   6.4730E-05   0.0000E+00   0.0000E+00
    6.559245E-07   3.5347E-01   0.0000E+00   0.0000E+00   3.2788E-01   2.4093E-02   0.0000E+00   0.0000E+00   1.2675E-03   0.0000E+00   0.0000E+00   0.0000E+00   1.0938E-04   5.1905E-05   6.7383E-05   0.0000E+00   0.0000E+00
    6.559275E-07   3.6537E-01   0.0000E+00   0.0000E+00   3.3874E-01   2.5079E-02   0.0000E+00   0.0000E+00   1.3146E-03   0.0000E+00   0.0000E+00   0.0000E+00   1.1306E-04   5.3932E-05   7.0213E-05   0.0000E+00   0.0000E+00
    6.559305E-07   3.7788E-01   0.0000E+00   0.0000E+00   3.5014E-01   2.6138E-02   0.0000E+00   0.0000E+00   1.3644E-03   0.0000E+00   0.0000E+00   0.0000E+00   1.1694E-04   5.6083E-05   7.3239E-05   0.0000E+00   0.0000E+00
    6.559335E-07   3.9105E-01   0.0000E+00   0.0000E+00   3.6211E-01   2.7267E-02   0.0000E+00   0.0000E+00   1.4170E-03   0.0000E+00   0.0000E+00   0.0000E+00   1.2103E-04   5.8368E-05   7.6481E-05   0.0000E+00   0.0000E+00
    6.559365E-07   4.0490E-01   0.0000E+00   0.0000E+00   3.7470E-01   2.8465E-02   0.0000E+00   0.0000E+00   1.4728E-03   0.0000E+00   0.0000E+00   0.0000E+00   1.2534E-04   6.0799E-05   7.9961E-05   0.0000E+00   0.0000E+00
    6.559395E-07   4.1953E-01   0.0000E+00   0.0000E+00   3.8795E-01   2.9775E-02   0.0000E+00   0.0000E+00   1.5319E-03   0.0000E+00   0.0000E+00   0.0000E+00   1.2989E-04   6.3388E-05   8.3707E-05   0.0000E+00   0.0000E+00
    6.559425E-07   4.3504E-01   0.0000E+00   0.0000E+00   4.0190E-01   3.1255E-02   0.0000E+00   0.0000E+00   1.5947E-03   0.0000E+00   0.0000E+00   0.0000E+00   1.3470E-04   6.6151E-05   8.7749E-05   0.0000E+00   0.0000E+00
    6.559455E-07   4.5152E-01   0.0000E+00   0.0000E+00   4.1660E-01   3.2953E-02   0.0000E+00   0.0000E+00   1.6615E-03   0.0000E+00   0.0000E+00   0.0000E+00   1.3979E-04   6.9103E-05   9.2126E-05   0.0000E+00   0.0000E+00
    6.559485E-07   4.6902E-01   0.0000E+00   0.0000E+00   4.3212E-01   3.4859E-02   0.0000E+00   0.0000E+00   1.7325E-03   0.0000E+00   0.0000E+00   0.0000E+00   1.4518E-04   7.2262E-05   9.6879E-05   0.0000E+00   0.0000E+00
    6.559515E-07   4.8736E-01   0.0000E+00   0.0000E+00   4.4849E-01   3.6730E-02   0.0000E+00   0.0000E+00   1.8083E-03   0.0000E+00   0.0000E+00   0.0000E+00   1.5091E-04   7.5648E-05   1.0206E-04   0.0000E+00   0.0000E+00
    6.559545E-07   5.0631E-01   0.0000E+00   0.0000E+00   4.6580E-01   3.8275E-02   0.0000E+00   0.0000E+00   1.8892E-03   0.0000E+00   0.0000E+00   0.0000E+00   1.5699E-04   7.9284E-05   1.0773E-04   0.0000E+00   0.0000E+00
    6.559575E-07   5.2621E-01   0.0000E+00   0.0000E+00   4.8411E-01   3.9762E-02   0.0000E+00   0.0000E+00   1.9757E-03   0.0000E+00   0.0000E+00   0.0000E+00   1.6346E-04   8.3196E-05   1.1398E-04   0.0000E+00   0.0000E+00
    6.559605E-07   5.4744E-01   0.0000E+00   0.0000E+00   5.0350E-01   4.1501E-02   0.0000E+00   0.0000E+00   2.0682E-03   0.0000E+00   0.0000E+00   0.0000E+00   1.7035E-04   8.7412E-05   1.2088E-04   0.0000E+00   0.0000E+00
    6.559635E-07   5.7014E-01   0.0000E+00   0.0000E+00   5.2404E-01   4.3531E-02   0.0000E+00   0.0000E+00   2.1675E-03   0.0000E+00   0.0000E+00   0.0000E+00   1.7770E-04   9.1966E-05   1.2856E-04   0.0000E+00   0.0000E+00
    6.559665E-07   5.9437E-01   0.0000E+00   0.0000E+00   5.4584E-01   4.5836E-02   0.0000E+00   0.0000E+00   2.2742E-03   0.0000E+00   0.0000E+00   0.0000E+00   1.8557E-04   9.6896E-05   1.3718E-04   0.0000E+00   0.0000E+00
    6.559695E-07   6.2027E-01   0.0000E+00   0.0000E+00   5.6899E-01   4.8452E-02   0.0000E+00   0.0000E+00   2.3890E-03   0.0000E+00   0.0000E+00   0.0000E+00   1.9399E-04   1.0224E-04   1.4693E-04   0.0000E+00   0.0000E+00
    6.559725E-07   6.4802E-01   0.0000E+00   0.0000E+00   5.9360E-01   5.1440E-02   0.0000E+00   0.0000E+00   2.5128E-03   0.0000E+00   0.0000E+00   0.0000E+00   2.0302E-04   1.0806E-04   1.5808E-04   0.0000E+00   0.0000E+00
    6.559755E-07   6.7780E-01   0.0000E+00   0.0000E+00   6.1979E-01   5.4860E-02   0.0000E+00   0.0000E+00   2.6466E-03   0.0000E+00   0.0000E+00   0.0000E+00   2.1273E-04   1.1440E-04   1.7099E-04   0.0000E+00   0.0000E+00
    6.559785E-07   7.0980E-01   0.0000E+00   0.0000E+00   6.4771E-01   5.8771E-02   0.0000E+00   0.0000E+00   2.7914E-03   0.0000E+00   0.0000E+00   0.0000E+00   2.2320E-04   1.2134E-04   1.8618E-04   0.0000E+00   0.0000E+00
    6.559815E-07   7.4424E-01   0.0000E+00   0.0000E+00   6.7748E-01   6.3241E-02   0.0000E+00   0.0000E+00   2.9485E-03   0.0000E+00   0.0000E+00   0.0000E+00   2.3449E-04   1.2894E-04   2.0437E-04   0.0000E+00   0.0000E+00
    6.559845E-07   7.8131E-01   0.0000E+00   0.0000E+00   7.0929E-01   6.8287E-02   0.0000E+00   0.0000E+00   3.1194E-03   0.0000E+00   0.0000E+00   0.0000E+00   2.4672E-04   1.3730E-04   2.2670E-04   0.0000E+00   0.0000E+00
    6.559875E-07   8.2120E-01   0.0000E+00   0.0000E+00   7.4330E-01   7.3938E-02   0.0000E+00   0.0000E+00   3.3057E-03   0.0000E+00   0.0000E+00   0.0000E+00   2.5999E-04   1.4652E-04   2.5491E-04   0.0000E+00   0.0000E+00
    6.559905E-07   8.6437E-01   0.0000E+00   0.0000E+00   7.7971E-01   8.0436E-02   0.0000E+00   0.0000E+00   3.5093E-03   0.0000E+00   0.0000E+00   0.0000E+00   2.7444E-04   1.5674E-04   2.9185E-04   0.0000E+00   0.0000E+00
    6.559935E-07   9.1136E-01   0.0000E+00   0.0000E+00   8.1874E-01   8.8091E-02   0.0000E+00   0.0000E+00   3.7326E-03   0.0000E+00   0.0000E+00   0.0000E+00   2.9021E-04   1.6809E-04   3.4241E-04   0.0000E+00   0.0000E+00
    6.559965E-07   9.6271E-01   0.0000E+00   0.0000E+00   8.6063E-01   9.7200E-02   0.0000E+00   0.0000E+00   3.9780E-03   0.0000E+00   0.0000E+00   0.0000E+00   3.0748E-04   1.8075E-04   4.1525E-04   0.0000E+00   0.0000E+00
    6.559995E-07   1.0188E+00   0.0000E+00   0.0000E+00   9.0565E-01   1.0782E-01   0.0000E+00   0.0000E+00   4.2487E-03   0.0000E+00   0.0000E+00   0.0000E+00   3.2646E-04   1.9495E-04   5.2575E-04   0.0000E+00   0.0000E+00
    6.560025E-07   1.0791E+00   0.0000E+00   0.0000E+00   9.5409E-01   1.1923E-01   0.0000E+00   0.0000E+00   4.5483E-03   0.0000E+00   0.0000E+00   0.0000E+00   3.4740E-04   2.1092E-04   6.9829E-04   0.0000E+00   0.0000E+00
    6.560055E-07   1.1434E+00   0.0000E+00   0.0000E+00   1.0063E+00   1.3073E-01   0.0000E+00   0.0000E+00   4.8810E-03   0.0000E+00   0.0000E+00   0.0000E+00   3.7061E-04   2.2899E-04   9.4796E-04   0.0000E+00   0.0000E+00
    6.560085E-07   1.2139E+00   0.0000E+00   0.0000E+00   1.0626E+00   1.4423E-01   0.0000E+00   0.0000E+00   5.2519E-03   0.0000E+00   0.0000E+00   0.0000E+00   3.9644E-04   2.4954E-04   1.1817E-03   0.0000E+00   0.0000E+00
    6.560115E-07   1.2932E+00   0.0000E+00   0.0000E+00   1.1234E+00   1.6227E-01   0.0000E+00   0.0000E+00   5.6672E-03   0.0000E+00   0.0000E+00   0.0000E+00   4.2535E-04   2.7304E-04   1.1707E-03   0.0000E+00   0.0000E+00
    6.560145E-07   1.3825E+00   0.0000E+00   0.0000E+00   1.1891E+00   1.8550E-01   0.0000E+00   0.0000E+00   6.1342E-03   0.0000E+00   0.0000E+00   0.0000E+00   4.5787E-04   3.0008E-04   9.6730E-04   0.0000E+00   0.0000E+00
    6.560175E-07   1.4822E+00   0.0000E+00   0.0000E+00   1.2603E+00   2.1367E-01   0.0000E+00   0.0000E+00   6.6619E-03   0.0000E+00   0.0000E+00   0.0000E+00   4.9469E-04   3.3139E-04   7.9369E-04   0.0000E+00   0.0000E+00
    6.560205E-07   1.5922E+00   0.0000E+00   0.0000E+00   1.3373E+00   2.4602E-01   0.0000E+00   0.0000E+00   7.2613E-03   0.0000E+00   0.0000E+00   0.0000E+00   5.3666E-04   3.6790E-04   7.0312E-04   0.0000E+00   0.0000E+00
    6.560235E-07   1.7072E+00   0.0000E+00   0.0000E+00   1.4209E+00   2.7668E-01   0.0000E+00   0.0000E+00   7.9461E-03   0.0000E+00   0.0000E+00   0.0000E+00   5.8485E-04   4.1079E-04   6.7565E-04   0.0000E+00   0.0000E+00
    6.560265E-07   1.8245E+00   0.0000E+00   0.0000E+00   1.5117E+00   3.0232E-01   0.0000E+00   0.0000E+00   8.7332E-03   0.0000E+00   0.0000E+00   0.0000E+00   6.4066E-04   4.6157E-04   6.9100E-04   0.0000E+00   0.0000E+00
    6.560295E-07   1.9533E+00   0.0000E+00   0.0000E+00   1.6103E+00   3.3141E-01   0.0000E+00   0.0000E+00   9.6440E-03   0.0000E+00   0.0000E+00   0.0000E+00   7.0585E-04   5.2218E-04   7.3515E-04   0.0000E+00   0.0000E+00
    6.560325E-07   2.1002E+00   0.0000E+00   0.0000E+00   1.7174E+00   3.6990E-01   0.0000E+00   0.0000E+00   1.0706E-02   0.0000E+00   0.0000E+00   0.0000E+00   7.8277E-04   5.9513E-04   8.0306E-04   0.0000E+00   0.0000E+00
    6.560355E-07   2.2577E+00   0.0000E+00   0.0000E+00   1.8337E+00   4.0956E-01   0.0000E+00   0.0000E+00   1.1953E-02   0.0000E+00   0.0000E+00   0.0000E+00   8.7448E-04   6.8368E-04   9.0257E-04   0.0000E+00   0.0000E+00
    6.560385E-07   2.4130E+00   0.0000E+00   0.0000E+00   1.9598E+00   4.3697E-01   0.0000E+00   0.0000E+00   1.3433E-02   0.0000E+00   0.0000E+00   0.0000E+00   9.8500E-04   7.9201E-04   1.0457E-03   0.0000E+00   0.0000E+00
    6.560415E-07   2.5698E+00   0.0000E+00   0.0000E+00   2.0964E+00   4.5490E-01   0.0000E+00   0.0000E+00   1.5203E-02   0.0000E+00   0.0000E+00   0.0000E+00   1.1196E-03   9.2545E-04   1.2484E-03   0.0000E+00   0.0000E+00
    6.560445E-07   2.7433E+00   0.0000E+00   0.0000E+00   2.2447E+00   4.7737E-01   0.0000E+00   0.0000E+00   1.7345E-02   0.0000E+00   0.0000E+00   0.0000E+00   1.2849E-03   1.0906E-03   1.5347E-03   0.0000E+00   0.0000E+00
    6.560475E-07   2.9433E+00   0.0000E+00   0.0000E+00   2.4055E+00   5.1318E-01   0.0000E+00   0.0000E+00   1.9965E-02   0.0000E+00   0.0000E+00   0.0000E+00   1.4888E-03   1.2952E-03   1.9290E-03   0.0000E+00   0.0000E+00
    6.560505E-07   3.1744E+00   0.0000E+00   0.0000E+00   2.5791E+00   5.6639E-01   0.0000E+00   0.0000E+00   2.3210E-02   0.0000E+00   0.0000E+00   0.0000E+00   1.7392E-03   1.5472E-03   2.4306E-03   0.0000E+00   0.0000E+00
    6.560535E-07   3.4346E+00   0.0000E+00   0.0000E+00   2.7659E+00   6.3450E-01   0.0000E+00   0.0000E+00   2.7276E-02   0.0000E+00   0.0000E+00   0.0000E+00   2.0397E-03   1.8518E-03   3.0445E-03   0.0000E+00   0.0000E+00
    6.560565E-07   3.7152E+00   0.0000E+00   0.0000E+00   2.9660E+00   7.0837E-01   0.0000E+00   0.0000E+00   3.2425E-02   0.0000E+00   0.0000E+00   0.0000E+00   2.3803E-03   2.2053E-03   3.8222E-03   0.0000E+00   0.0000E+00
    6.560595E-07   4.0056E+00   0.0000E+00   0.0000E+00   3.1795E+00   7.7680E-01   0.0000E+00   0.0000E+00   3.8983E-02   0.0000E+00   0.0000E+00   0.0000E+00   2.7223E-03   2.5822E-03   4.9419E-03   0.0000E+00   0.0000E+00
    6.560625E-07   4.2950E+00   0.0000E+00   0.0000E+00   3.4058E+00   8.2923E-01   0.0000E+00   0.0000E+00   4.7269E-02   0.0000E+00   0.0000E+00   0.0000E+00   2.9943E-03   2.9195E-03   6.7450E-03   0.0000E+00   0.0000E+00
    6.560655E-07   4.5813E+00   0.0000E+00   0.0000E+00   3.6438E+00   8.6485E-01   0.0000E+00   0.0000E+00   5.7304E-02   0.0000E+00   0.0000E+00   0.0000E+00   3.1277E-03   3.1161E-03   9.1445E-03   0.0000E+00   0.0000E+00
    6.560685E-07   4.8674E+00   0.0000E+00   0.0000E+00   3.8918E+00   8.9094E-01   0.0000E+00   0.0000E+00   6.8076E-02   0.0000E+00   0.0000E+00   0.0000E+00   3.1217E-03   3.0890E-03   1.0320E-02   0.0000E+00   0.0000E+00
    6.560715E-07   5.1552E+00   0.0000E+00   0.0000E+00   4.1477E+00   9.1562E-01   0.0000E+00   0.0000E+00   7.7189E-02   0.0000E+00   0.0000E+00   0.0000E+00   3.0486E-03   2.8545E-03   8.8383E-03   0.0000E+00   0.0000E+00
    6.560745E-07   5.4426E+00   0.0000E+00   0.0000E+00   4.4083E+00   9.3895E-01   0.0000E+00   0.0000E+00   8.3039E-02   0.0000E+00   0.0000E+00   0.0000E+00   2.9926E-03   2.5110E-03   6.7851E-03   0.0000E+00   0.0000E+00
    6.560775E-07   5.7230E+00   0.0000E+00   0.0000E+00   4.6694E+00   9.5727E-01   0.0000E+00   0.0000E+00   8.5801E-02   0.0000E+00   0.0000E+00   0.0000E+00   3.0089E-03   2.1529E-03   5.3022E-03   0.0000E+00   0.0000E+00
    6.560805E-07   5.9902E+00   0.0000E+00   0.0000E+00   4.9264E+00   9.6929E-01   0.0000E+00   0.0000E+00   8.5518E-02   0.0000E+00   0.0000E+00   0.0000E+00   3.1278E-03   1.8317E-03   4.1099E-03   0.0000E+00   0.0000E+00
    6.560835E-07   6.2380E+00   0.0000E+00   0.0000E+00   5.1735E+00   9.7374E-01   0.0000E+00   0.0000E+00   8.2583E-02   0.0000E+00   0.0000E+00   0.0000E+00   3.3711E-03   1.5649E-03   3.2107E-03   0.0000E+00   0.0000E+00
    6.560865E-07   6.4596E+00   0.0000E+00   0.0000E+00   5.4048E+00   9.6936E-01   0.0000E+00   0.0000E+00   7.7750E-02   0.0000E+00   0.0000E+00   0.0000E+00   3.7642E-03   1.3524E-03   2.6193E-03   0.0000E+00   0.0000E+00
    6.560895E-07   6.6513E+00   0.0000E+00   0.0000E+00   5.6138E+00   9.5794E-01   0.0000E+00   0.0000E+00   7.1854E-02   0.0000E+00   0.0000E+00   0.0000E+00   4.3419E-03   1.1875E-03   2.2191E-03   0.0000E+00   0.0000E+00
    6.560925E-07   6.8113E+00   0.0000E+00   0.0000E+00   5.7942E+00   9.4247E-01   0.0000E+00   0.0000E+00   6.6461E-02   0.0000E+00   0.0000E+00   0.0000E+00   5.1443E-03   1.0621E-03   1.9342E-03   0.0000E+00   0.0000E+00
    6.560955E-07   6.9339E+00   0.0000E+00   0.0000E+00   5.9403E+00   9.2244E-01   0.0000E+00   0.0000E+00   6.2316E-02   0.0000E+00   0.0000E+00   0.0000E+00   6.1925E-03   9.6898E-04   1.7230E-03   0.0000E+00   0.0000E+00
    6.560985E-07   7.0099E+00   0.0000E+00   0.0000E+00   6.0469E+00   8.9381E-01   0.0000E+00   0.0000E+00   5.9280E-02   0.0000E+00   0.0000E+00   0.0000E+00   7.4322E-03   9.0225E-04   1.5629E-03   0.0000E+00   0.0000E+00
    6.561015E-07   7.0308E+00   0.0000E+00   0.0000E+00   6.1105E+00   8.5247E-01   0.0000E+00   0.0000E+00   5.6856E-02   0.0000E+00   0.0000E+00   0.0000E+00   8.7067E-03   8.5751E-04   1.4350E-03   0.0000E+00   0.0000E+00
    6.561045E-07   6.9968E+00   0.0000E+00   0.0000E+00   6.1286E+00   8.0171E-01   0.0000E+00   0.0000E+00   5.4456E-02   0.0000E+00   0.0000E+00   0.0000E+00   9.8738E-03   8.3153E-04   1.3258E-03   0.0000E+00   0.0000E+00
    6.561075E-07   6.9158E+00   0.0000E+00   0.0000E+00   6.1007E+00   7.5050E-01   0.0000E+00   0.0000E+00   5.1739E-02   0.0000E+00   0.0000E+00   0.0000E+00   1.0856E-02   8.2207E-04   1.2278E-03   0.0000E+00   0.0000E+00
    6.561105E-07   6.7931E+00   0.0000E+00   0.0000E+00   6.0277E+00   7.0313E-01   0.0000E+00   0.0000E+00   4.8849E-02   0.0000E+00   0.0000E+00   0.0000E+00   1.1437E-02   8.2753E-04   1.1373E-03   0.0000E+00   0.0000E+00
    6.561135E-07   6.6314E+00   0.0000E+00   0.0000E+00   5.9124E+00   6.5972E-01   0.0000E+00   0.0000E+00   4.6059E-02   0.0000E+00   0.0000E+00   0.0000E+00   1.1319E-02   8.4667E-04   1.0531E-03   0.0000E+00   0.0000E+00
    6.561165E-07   6.4330E+00   0.0000E+00   0.0000E+00   5.7588E+00   6.1848E-01   0.0000E+00   0.0000E+00   4.3393E-02   0.0000E+00   0.0000E+00   0.0000E+00   1.0494E-02   8.7828E-04   9.7473E-04   0.0000E+00   0.0000E+00
    6.561195E-07   6.2020E+00   0.0000E+00   0.0000E+00   5.5720E+00   5.7822E-01   0.0000E+00   0.0000E+00   4.0697E-02   0.0000E+00   0.0000E+00   0.0000E+00   9.3169E-03   9.2063E-04   9.0185E-04   0.0000E+00   0.0000E+00
    6.561225E-07   5.9449E+00   0.0000E+00   0.0000E+00   5.3580E+00   5.3902E-01   0.0000E+00   0.0000E+00   3.7835E-02   0.0000E+00   0.0000E+00   0.0000E+00   8.1768E-03   9.7091E-04   8.3426E-04   0.0000E+00   0.0000E+00
    6.561255E-07   5.6687E+00   0.0000E+00   0.0000E+00   5.1232E+00   5.0167E-01   0.0000E+00   0.0000E+00   3.4759E-02   0.0000E+00   0.0000E+00   0.0000E+00   7.2833E-03   1.0245E-03   7.7168E-04   0.0000E+00   0.0000E+00
    6.561285E-07   5.3808E+00   0.0000E+00   0.0000E+00   4.8739E+00   4.6690E-01   0.0000E+00   0.0000E+00   3.1518E-02   0.0000E+00   0.0000E+00   0.0000E+00   6.6830E-03   1.0742E-03   7.1381E-04   0.0000E+00   0.0000E+00
    6.561315E-07   5.0872E+00   0.0000E+00   0.0000E+00   4.6160E+00   4.3483E-01   0.0000E+00   0.0000E+00   2.8235E-02   0.0000E+00   0.0000E+00   0.0000E+00   6.3336E-03   1.1109E-03   6.6037E-04   0.0000E+00   0.0000E+00
    6.561345E-07   4.7929E+00   0.0000E+00   0.0000E+00   4.3551E+00   4.0492E-01   0.0000E+00   0.0000E+00   2.5067E-02   0.0000E+00   0.0000E+00   0.0000E+00   6.1370E-03   1.1250E-03   6.1106E-04   0.0000E+00   0.0000E+00
    6.561375E-07   4.5018E+00   0.0000E+00   0.0000E+00   4.0955E+00   3.7649E-01   0.0000E+00   0.0000E+00   2.2143E-02   0.0000E+00   0.0000E+00   0.0000E+00   5.9503E-03   1.1106E-03   5.6560E-04   0.0000E+00   0.0000E+00
    6.561405E-07   4.2181E+00   0.0000E+00   0.0000E+00   3.8414E+00   3.4995E-01   0.0000E+00   0.0000E+00   1.9531E-02   0.0000E+00   0.0000E+00   0.0000E+00   5.6347E-03   1.0680E-03   5.2371E-04   0.0000E+00   0.0000E+00
    6.561435E-07   3.9447E+00   0.0000E+00   0.0000E+00   3.5956E+00   3.2525E-01   0.0000E+00   0.0000E+00   1.7246E-02   0.0000E+00   0.0000E+00   0.0000E+00   5.1471E-03   1.0034E-03   4.8510E-04   0.0000E+00   0.0000E+00
    6.561465E-07   3.6830E+00   0.0000E+00   0.0000E+00   3.3603E+00   3.0150E-01   0.0000E+00   0.0000E+00   1.5272E-02   0.0000E+00   0.0000E+00   0.0000E+00   4.5581E-03   9.2558E-04   4.4952E-04   0.0000E+00   0.0000E+00
    6.561495E-07   3.4345E+00   0.0000E+00   0.0000E+00   3.1368E+00   2.7892E-01   0.0000E+00   0.0000E+00   1.3576E-02   0.0000E+00   0.0000E+00   0.0000E+00   3.9657E-03   8.4242E-04   4.1673E-04   0.0000E+00   0.0000E+00
    6.561525E-07   3.2015E+00   0.0000E+00   0.0000E+00   2.9261E+00   2.5865E-01   0.0000E+00   0.0000E+00   1.2121E-02   0.0000E+00   0.0000E+00   0.0000E+00   3.4293E-03   7.5975E-04   3.8650E-04   0.0000E+00   0.0000E+00
    6.561555E-07   2.9842E+00   0.0000E+00   0.0000E+00   2.7288E+00   2.4057E-01   0.0000E+00   0.0000E+00   1.0873E-02   0.0000E+00   0.0000E+00   0.0000E+00   2.9674E-03   6.8133E-04   3.5867E-04   0.0000E+00   0.0000E+00
    6.561585E-07   2.7825E+00   0.0000E+00   0.0000E+00   2.5448E+00   2.2440E-01   0.0000E+00   0.0000E+00   9.7982E-03   0.0000E+00   0.0000E+00   0.0000E+00   2.5778E-03   6.0931E-04   3.3306E-04   0.0000E+00   0.0000E+00
    6.561615E-07   2.5964E+00   0.0000E+00   0.0000E+00   2.3740E+00   2.1046E-01   0.0000E+00   0.0000E+00   8.8700E-03   0.0000E+00   0.0000E+00   0.0000E+00   2.2510E-03   5.4465E-04   3.0954E-04   0.0000E+00   0.0000E+00
    6.561645E-07   2.4250E+00   0.0000E+00   0.0000E+00   2.2158E+00   1.9840E-01   0.0000E+00   0.0000E+00   8.0647E-03   0.0000E+00   0.0000E+00   0.0000E+00   1.9768E-03   4.8746E-04   2.8796E-04   0.0000E+00   0.0000E+00
    6.561675E-07   2.2667E+00   0.0000E+00   0.0000E+00   2.0698E+00   1.8711E-01   0.0000E+00   0.0000E+00   7.3626E-03   0.0000E+00   0.0000E+00   0.0000E+00   1.7459E-03   4.3732E-04   2.6818E-04   0.0000E+00   0.0000E+00
    6.561705E-07   2.1203E+00   0.0000E+00   0.0000E+00   1.9356E+00   1.7576E-01   0.0000E+00   0.0000E+00   6.7475E-03   0.0000E+00   0.0000E+00   0.0000E+00   1.5506E-03   3.9359E-04   2.5009E-04   0.0000E+00   0.0000E+00
    6.561735E-07   1.9833E+00   0.0000E+00   0.0000E+00   1.8112E+00   1.6392E-01   0.0000E+00   0.0000E+00   6.2061E-03   0.0000E+00   0.0000E+00   0.0000E+00   1.3845E-03   3.5549E-04   2.3353E-04   0.0000E+00   0.0000E+00
    6.561765E-07   1.8556E+00   0.0000E+00   0.0000E+00   1.6969E+00   1.5124E-01   0.0000E+00   0.0000E+00   5.7274E-03   0.0000E+00   0.0000E+00   0.0000E+00   1.2424E-03   3.2228E-04   2.1839E-04   0.0000E+00   0.0000E+00
    6.561795E-07   1.7368E+00   0.0000E+00   0.0000E+00   1.5913E+00   1.3854E-01   0.0000E+00   0.0000E+00   5.3021E-03   0.0000E+00   0.0000E+00   0.0000E+00   1.1202E-03   2.9328E-04   2.0455E-04   0.0000E+00   0.0000E+00
    6.561825E-07   1.6278E+00   0.0000E+00   0.0000E+00   1.4943E+00   1.2706E-01   0.0000E+00   0.0000E+00   4.9227E-03   0.0000E+00   0.0000E+00   0.0000E+00   1.0146E-03   2.6788E-04   1.9188E-04   0.0000E+00   0.0000E+00
    6.561855E-07   1.5278E+00   0.0000E+00   0.0000E+00   1.4050E+00   1.1690E-01   0.0000E+00   0.0000E+00   4.5829E-03   0.0000E+00   0.0000E+00   0.0000E+00   9.2284E-04   2.4555E-04   1.8027E-04   0.0000E+00   0.0000E+00
    6.561885E-07   1.4360E+00   0.0000E+00   0.0000E+00   1.3227E+00   1.0786E-01   0.0000E+00   0.0000E+00   4.2774E-03   0.0000E+00   0.0000E+00   0.0000E+00   8.4266E-04   2.2586E-04   1.6963E-04   0.0000E+00   0.0000E+00
    6.561915E-07   1.3519E+00   0.0000E+00   0.0000E+00   1.2467E+00   9.9994E-02   0.0000E+00   0.0000E+00   4.0017E-03   0.0000E+00   0.0000E+00   0.0000E+00   7.7228E-04   2.0841E-04   1.5986E-04   0.0000E+00   0.0000E+00
    6.561945E-07   1.2748E+00   0.0000E+00   0.0000E+00   1.1766E+00   9.3355E-02   0.0000E+00   0.0000E+00   3.7521E-03   0.0000E+00   0.0000E+00   0.0000E+00   7.1021E-04   1.9291E-04   1.5088E-04   0.0000E+00   0.0000E+00
    6.561975E-07   1.2044E+00   0.0000E+00   0.0000E+00   1.1119E+00   8.7994E-02   0.0000E+00   0.0000E+00   3.5253E-03   0.0000E+00   0.0000E+00   0.0000E+00   6.5522E-04   1.7907E-04   1.4261E-04   0.0000E+00   0.0000E+00
    6.562005E-07   1.1399E+00   0.0000E+00   0.0000E+00   1.0519E+00   8.3783E-02   0.0000E+00   0.0000E+00   3.3188E-03   0.0000E+00   0.0000E+00   0.0000E+00   6.0631E-04   1.6668E-04   1.3499E-04   0.0000E+00   0.0000E+00
    6.562035E-07   1.0808E+00   0.0000E+00   0.0000E+00   9.9643E-01   8.0396E-02   0.0000E+00   0.0000E+00   3.1300E-03   0.0000E+00   0.0000E+00   0.0000E+00   5.6263E-04   1.5554E-04   1.2795E-04   0.0000E+00   0.0000E+00
    6.562065E-07   1.0260E+00   0.0000E+00   0.0000E+00   9.4497E-01   7.7295E-02   0.0000E+00   0.0000E+00   2.9570E-03   0.0000E+00   0.0000E+00   0.0000E+00   5.2347E-04   1.4549E-04   1.2143E-04   0.0000E+00   0.0000E+00
    6.562095E-07   9.7515E-01   0.0000E+00   0.0000E+00   8.9718E-01   7.4432E-02   0.0000E+00   0.0000E+00   2.7982E-03   0.0000E+00   0.0000E+00   0.0000E+00   4.8823E-04   1.3640E-04   1.1539E-04   0.0000E+00   0.0000E+00
    6.562125E-07   9.2765E-01   0.0000E+00   0.0000E+00   8.5276E-01   7.1547E-02   0.0000E+00   0.0000E+00   2.6519E-03   0.0000E+00   0.0000E+00   0.0000E+00   4.5642E-04   1.2815E-04   1.0979E-04   0.0000E+00   0.0000E+00
    6.562155E-07   8.8207E-01   0.0000E+00   0.0000E+00   8.1142E-01   6.7485E-02   0.0000E+00   0.0000E+00   2.5170E-03   0.0000E+00   0.0000E+00   0.0000E+00   4.2761E-04   1.2063E-04   1.0458E-04   0.0000E+00   0.0000E+00
    6.562185E-07   8.3862E-01   0.0000E+00   0.0000E+00   7.7289E-01   6.2732E-02   0.0000E+00   0.0000E+00   2.3922E-03   0.0000E+00   0.0000E+00   0.0000E+00   4.0144E-04   1.1377E-04   9.9725E-05   0.0000E+00   0.0000E+00
    6.562215E-07   7.9812E-01   0.0000E+00   0.0000E+00   7.3693E-01   5.8335E-02   0.0000E+00   0.0000E+00   2.2765E-03   0.0000E+00   0.0000E+00   0.0000E+00   3.7760E-04   1.0749E-04   9.5201E-05   0.0000E+00   0.0000E+00
    6.562245E-07   7.6048E-01   0.0000E+00   0.0000E+00   7.0334E-01   5.4418E-02   0.0000E+00   0.0000E+00   2.1691E-03   0.0000E+00   0.0000E+00   0.0000E+00   3.5582E-04   1.0172E-04   9.0977E-05   0.0000E+00   0.0000E+00
    6.562275E-07   7.2531E-01   0.0000E+00   0.0000E+00   6.7192E-01   5.0796E-02   0.0000E+00   0.0000E+00   2.0692E-03   0.0000E+00   0.0000E+00   0.0000E+00   3.3587E-04   9.6417E-05   8.7027E-05   0.0000E+00   0.0000E+00
    6.562305E-07   6.9265E-01   0.0000E+00   0.0000E+00   6.4250E-01   4.7685E-02   0.0000E+00   0.0000E+00   1.9761E-03   0.0000E+00   0.0000E+00   0.0000E+00   3.1756E-04   9.1524E-05   8.3327E-05   0.0000E+00   0.0000E+00
    6.562335E-07   6.6234E-01   0.0000E+00   0.0000E+00   6.1491E-01   4.5072E-02   0.0000E+00   0.0000E+00   1.8893E-03   0.0000E+00   0.0000E+00   0.0000E+00   3.0070E-04   8.7003E-05   7.9858E-05   0.0000E+00   0.0000E+00
    6.562365E-07   6.3403E-01   0.0000E+00   0.0000E+00   5.8901E-01   4.2761E-02   0.0000E+00   0.0000E+00   1.8080E-03   0.0000E+00   0.0000E+00   0.0000E+00   2.8516E-04   8.2814E-05   7.6601E-05   0.0000E+00   0.0000E+00
    6.562395E-07   6.0754E-01   0.0000E+00   0.0000E+00   5.6468E-01   4.0705E-02   0.0000E+00   0.0000E+00   1.7320E-03   0.0000E+00   0.0000E+00   0.0000E+00   2.7079E-04   7.8928E-05   7.3539E-05   0.0000E+00   0.0000E+00
    6.562425E-07   5.8264E-01   0.0000E+00   0.0000E+00   5.4178E-01   3.8792E-02   0.0000E+00   0.0000E+00   1.6607E-03   0.0000E+00   0.0000E+00   0.0000E+00   2.5748E-04   7.5314E-05   7.0657E-05   0.0000E+00   0.0000E+00
    6.562455E-07   5.5901E-01   0.0000E+00   0.0000E+00   5.2022E-01   3.6804E-02   0.0000E+00   0.0000E+00   1.5937E-03   0.0000E+00   0.0000E+00   0.0000E+00   2.4514E-04   7.1948E-05   6.7941E-05   0.0000E+00   0.0000E+00
    6.562485E-07   5.3664E-01   0.0000E+00   0.0000E+00   4.9990E-01   3.4848E-02   0.0000E+00   0.0000E+00   1.5307E-03   0.0000E+00   0.0000E+00   0.0000E+00   2.3366E-04   6.8807E-05   6.5378E-05   0.0000E+00   0.0000E+00
    6.562515E-07   5.1553E-01   0.0000E+00   0.0000E+00   4.8071E-01   3.2990E-02   0.0000E+00   0.0000E+00   1.4715E-03   0.0000E+00   0.0000E+00   0.0000E+00   2.2298E-04   6.5872E-05   6.2959E-05   0.0000E+00   0.0000E+00
    6.562545E-07   4.9553E-01   0.0000E+00   0.0000E+00   4.6259E-01   3.1189E-02   0.0000E+00   0.0000E+00   1.4156E-03   0.0000E+00   0.0000E+00   0.0000E+00   2.1301E-04   6.3124E-05   6.0671E-05   0.0000E+00   0.0000E+00
    6.562575E-07   4.7662E-01   0.0000E+00   0.0000E+00   4.4546E-01   2.9476E-02   0.0000E+00   0.0000E+00   1.3629E-03   0.0000E+00   0.0000E+00   0.0000E+00   2.0370E-04   6.0548E-05   5.8506E-05   0.0000E+00   0.0000E+00
    6.562605E-07   4.5879E-01   0.0000E+00   0.0000E+00   4.2924E-01   2.7924E-02   0.0000E+00   0.0000E+00   1.3130E-03   0.0000E+00   0.0000E+00   0.0000E+00   1.9499E-04   5.8130E-05   5.6454E-05   0.0000E+00   0.0000E+00
    6.562635E-07   4.4201E-01   0.0000E+00   0.0000E+00   4.1388E-01   2.6560E-02   0.0000E+00   0.0000E+00   1.2659E-03   0.0000E+00   0.0000E+00   0.0000E+00   1.8683E-04   5.5856E-05   5.4509E-05   0.0000E+00   0.0000E+00
    6.562665E-07   4.2620E-01   0.0000E+00   0.0000E+00   3.9932E-01   2.5370E-02   0.0000E+00   0.0000E+00   1.2213E-03   0.0000E+00   0.0000E+00   0.0000E+00   1.7917E-04   5.3716E-05   5.2664E-05   0.0000E+00   0.0000E+00
    6.562695E-07   4.1126E-01   0.0000E+00   0.0000E+00   3.8550E-01   2.4305E-02   0.0000E+00   0.0000E+00   1.1791E-03   0.0000E+00   0.0000E+00   0.0000E+00   1.7198E-04   5.1699E-05   5.0910E-05   0.0000E+00   0.0000E+00
    6.562725E-07   3.9708E-01   0.0000E+00   0.0000E+00   3.7237E-01   2.3301E-02   0.0000E+00   0.0000E+00   1.1390E-03   0.0000E+00   0.0000E+00   0.0000E+00   1.6521E-04   4.9796E-05   4.9243E-05   0.0000E+00   0.0000E+00
    6.562755E-07   3.8359E-01   0.0000E+00   0.0000E+00   3.5990E-01   2.2339E-02   0.0000E+00   0.0000E+00   1.1009E-03   0.0000E+00   0.0000E+00   0.0000E+00   1.5884E-04   4.7998E-05   4.7656E-05   0.0000E+00   0.0000E+00
    6.562785E-07   3.7078E-01   0.0000E+00   0.0000E+00   3.4803E-01   2.1441E-02   0.0000E+00   0.0000E+00   1.0647E-03   0.0000E+00   0.0000E+00   0.0000E+00   1.5283E-04   4.6297E-05   4.6146E-05   0.0000E+00   0.0000E+00
    6.562815E-07   3.5861E-01   0.0000E+00   0.0000E+00   3.3673E-01   2.0614E-02   0.0000E+00   0.0000E+00   1.0303E-03   0.0000E+00   0.0000E+00   0.0000E+00   1.4715E-04   4.4687E-05   4.4706E-05   0.0000E+00   0.0000E+00
    6.562845E-07   3.4705E-01   0.0000E+00   0.0000E+00   3.2597E-01   1.9849E-02   0.0000E+00   0.0000E+00   9.9751E-04   0.0000E+00   0.0000E+00   0.0000E+00   1.4179E-04   4.3160E-05   4.3332E-05   0.0000E+00   0.0000E+00
    6.562875E-07   3.3605E-01   0.0000E+00   0.0000E+00   3.1571E-01   1.9156E-02   0.0000E+00   0.0000E+00   9.6629E-04   0.0000E+00   0.0000E+00   0.0000E+00   1.3672E-04   4.1712E-05   4.2022E-05   0.0000E+00   0.0000E+00
    6.562905E-07   3.2560E-01   0.0000E+00   0.0000E+00   3.0592E-01   1.8534E-02   0.0000E+00   0.0000E+00   9.3652E-04   0.0000E+00   0.0000E+00   0.0000E+00   1.3191E-04   4.0337E-05   4.0770E-05   0.0000E+00   0.0000E+00
    6.562935E-07   3.1565E-01   0.0000E+00   0.0000E+00   2.9657E-01   1.7959E-02   0.0000E+00   0.0000E+00   9.0811E-04   0.0000E+00   0.0000E+00   0.0000E+00   1.2736E-04   3.9030E-05   3.9573E-05   0.0000E+00   0.0000E+00
    6.562965E-07   3.0609E-01   0.0000E+00   0.0000E+00   2.8765E-01   1.7368E-02   0.0000E+00   0.0000E+00   8.8098E-04   0.0000E+00   0.0000E+00   0.0000E+00   1.2303E-04   3.7787E-05   3.8428E-05   0.0000E+00   0.0000E+00
    6.562995E-07   2.9692E-01   0.0000E+00   0.0000E+00   2.7911E-01   1.6758E-02   0.0000E+00   0.0000E+00   8.5506E-04   0.0000E+00   0.0000E+00   0.0000E+00   1.1893E-04   3.6603E-05   3.7332E-05   0.0000E+00   0.0000E+00
    6.563025E-07   2.8814E-01   0.0000E+00   0.0000E+00   2.7095E-01   1.6179E-02   0.0000E+00   0.0000E+00   8.3027E-04   0.0000E+00   0.0000E+00   0.0000E+00   1.1503E-04   3.5474E-05   3.6283E-05   0.0000E+00   0.0000E+00
    6.563055E-07   2.7976E-01   0.0000E+00   0.0000E+00   2.6313E-01   1.5645E-02   0.0000E+00   0.0000E+00   8.0654E-04   0.0000E+00   0.0000E+00   0.0000E+00   1.1131E-04   3.4398E-05   3.5277E-05   0.0000E+00   0.0000E+00
    6.563085E-07   2.7175E-01   0.0000E+00   0.0000E+00   2.5565E-01   1.5150E-02   0.0000E+00   0.0000E+00   7.8383E-04   0.0000E+00   0.0000E+00   0.0000E+00   1.0778E-04   3.3371E-05   3.4313E-05   0.0000E+00   0.0000E+00
    6.563115E-07   2.6409E-01   0.0000E+00   0.0000E+00   2.4847E-01   1.4686E-02   0.0000E+00   0.0000E+00   7.6206E-04   0.0000E+00   0.0000E+00   0.0000E+00   1.0441E-04   3.2390E-05   3.3388E-05   0.0000E+00   0.0000E+00
    6.563145E-07   2.5675E-01   0.0000E+00   0.0000E+00   2.4159E-01   1.4249E-02   0.0000E+00   0.0000E+00   7.4120E-04   0.0000E+00   0.0000E+00   0.0000E+00   1.0120E-04   3.1452E-05   3.2500E-05   0.0000E+00   0.0000E+00
    6.563175E-07   2.4971E-01   0.0000E+00   0.0000E+00   2.3500E-01   1.3835E-02   0.0000E+00   0.0000E+00   7.2118E-04   0.0000E+00   0.0000E+00   0.0000E+00   9.8134E-05   3.0555E-05   3.1647E-05   0.0000E+00   0.0000E+00
    6.563205E-07   2.4296E-01   0.0000E+00   0.0000E+00   2.2866E-01   1.3441E-02   0.0000E+00   0.0000E+00   7.0196E-04   0.0000E+00   0.0000E+00   0.0000E+00   9.5206E-05   2.9696E-05   3.0827E-05   0.0000E+00   0.0000E+00
    6.563235E-07   2.3648E-01   0.0000E+00   0.0000E+00   2.2258E-01   1.3066E-02   0.0000E+00   0.0000E+00   6.8351E-04   0.0000E+00   0.0000E+00   0.0000E+00   9.2408E-05   2.8873E-05   3.0039E-05   0.0000E+00   0.0000E+00
    6.563265E-07   2.3025E-01   0.0000E+00   0.0000E+00   2.1673E-01   1.2708E-02   0.0000E+00   0.0000E+00   6.6578E-04   0.0000E+00   0.0000E+00   0.0000E+00   8.9732E-05   2.8085E-05   2.9281E-05   0.0000E+00   0.0000E+00
    6.563295E-07   2.2427E-01   0.0000E+00   0.0000E+00   2.1111E-01   1.2365E-02   0.0000E+00   0.0000E+00   6.4873E-04   0.0000E+00   0.0000E+00   0.0000E+00   8.7171E-05   2.7329E-05   2.8551E-05   0.0000E+00   0.0000E+00
    6.563325E-07   2.1852E-01   0.0000E+00   0.0000E+00   2.0571E-01   1.2037E-02   0.0000E+00   0.0000E+00   6.3233E-04   0.0000E+00   0.0000E+00   0.0000E+00   8.4718E-05   2.6603E-05   2.7848E-05   0.0000E+00   0.0000E+00
    6.563355E-07   2.1298E-01   0.0000E+00   0.0000E+00   2.0051E-01   1.1724E-02   0.0000E+00   0.0000E+00   6.1655E-04   0.0000E+00   0.0000E+00   0.0000E+00   8.2368E-05   2.5906E-05   2.7171E-05   0.0000E+00   0.0000E+00
    6.563385E-07   2.0765E-01   0.0000E+00   0.0000E+00   1.9550E-01   1.1423E-02   0.0000E+00   0.0000E+00   6.0135E-04   0.0000E+00   0.0000E+00   0.0000E+00   8.0114E-05   2.5237E-05   2.6518E-05   0.0000E+00   0.0000E+00
    6.563415E-07   2.0252E-01   0.0000E+00   0.0000E+00   1.9067E-01   1.1134E-02   0.0000E+00   0.0000E+00   5.8671E-04   0.0000E+00   0.0000E+00   0.0000E+00   7.7953E-05   2.4594E-05   2.5889E-05   0.0000E+00   0.0000E+00
    6.563445E-07   1.9758E-01   0.0000E+00   0.0000E+00   1.8602E-01   1.0858E-02   0.0000E+00   0.0000E+00   5.7260E-04   0.0000E+00   0.0000E+00   0.0000E+00   7.5878E-05   2.3975E-05   2.5281E-05   0.0000E+00   0.0000E+00
    6.563475E-07   1.9282E-01   0.0000E+00   0.0000E+00   1.8154E-01   1.0593E-02   0.0000E+00   0.0000E+00   5.5900E-04   0.0000E+00   0.0000E+00   0.0000E+00   7.3884E-05   2.3380E-05   2.4695E-05   0.0000E+00   0.0000E+00
    6.563505E-07   1.8822E-01   0.0000E+00   0.0000E+00   1.7722E-01   1.0339E-02   0.0000E+00   0.0000E+00   5.4587E-04   0.0000E+00   0.0000E+00   0.0000E+00   7.1969E-05   2.2806E-05   2.4130E-05   0.0000E+00   0.0000E+00
    6.563535E-07   1.8379E-01   0.0000E+00   0.0000E+00   1.7305E-01   1.0093E-02   0.0000E+00   0.0000E+00   5.3321E-04   0.0000E+00   0.0000E+00   0.0000E+00   7.0128E-05   2.2254E-05   2.3583E-05   0.0000E+00   0.0000E+00
    6.563565E-07   1.7951E-01   0.0000E+00   0.0000E+00   1.6902E-01   9.8522E-03   0.0000E+00   0.0000E+00   5.2098E-04   0.0000E+00   0.0000E+00   0.0000E+00   6.8356E-05   2.1722E-05   2.3055E-05   0.0000E+00   0.0000E+00
    6.563595E-07   1.7537E-01   0.0000E+00   0.0000E+00   1.6513E-01   9.6185E-03   0.0000E+00   0.0000E+00   5.0916E-04   0.0000E+00   0.0000E+00   0.0000E+00   6.6651E-05   2.1209E-05   2.2544E-05   0.0000E+00   0.0000E+00
    6.563625E-07   1.7137E-01   0.0000E+00   0.0000E+00   1.6138E-01   9.3936E-03   0.0000E+00   0.0000E+00   4.9775E-04   0.0000E+00   0.0000E+00   0.0000E+00   6.5009E-05   2.0714E-05   2.2051E-05   0.0000E+00   0.0000E+00
    6.563655E-07   1.6751E-01   0.0000E+00   0.0000E+00   1.5775E-01   9.1773E-03   0.0000E+00   0.0000E+00   4.8672E-04   0.0000E+00   0.0000E+00   0.0000E+00   6.3428E-05   2.0236E-05   2.1573E-05   0.0000E+00   0.0000E+00
    6.563685E-07   1.6378E-01   0.0000E+00   0.0000E+00   1.5424E-01   8.9691E-03   0.0000E+00   0.0000E+00   4.7605E-04   0.0000E+00   0.0000E+00   0.0000E+00   6.1903E-05   1.9775E-05   2.1111E-05   0.0000E+00   0.0000E+00
    6.563715E-07   1.6018E-01   0.0000E+00   0.0000E+00   1.5084E-01   8.7684E-03   0.0000E+00   0.0000E+00   4.6573E-04   0.0000E+00   0.0000E+00   0.0000E+00   6.0433E-05   1.9330E-05   2.0663E-05   0.0000E+00   0.0000E+00
    6.563745E-07   1.5668E-01   0.0000E+00   0.0000E+00   1.4756E-01   8.5748E-03   0.0000E+00   0.0000E+00   4.5574E-04   0.0000E+00   0.0000E+00   0.0000E+00   5.9015E-05   1.8900E-05   2.0230E-05   0.0000E+00   0.0000E+00
    6.563775E-07   1.5331E-01   0.0000E+00   0.0000E+00   1.4438E-01   8.3877E-03   0.0000E+00   0.0000E+00   4.4607E-04   0.0000E+00   0.0000E+00   0.0000E+00   5.7647E-05   1.8484E-05   1.9810E-05   0.0000E+00   0.0000E+00
    6.563805E-07   1.5004E-01   0.0000E+00   0.0000E+00   1.4130E-01   8.2069E-03   0.0000E+00   0.0000E+00   4.3671E-04   0.0000E+00   0.0000E+00   0.0000E+00   5.6325E-05   1.8081E-05   1.9403E-05   0.0000E+00   0.0000E+00
    6.563835E-07   1.4687E-01   0.0000E+00   0.0000E+00   1.3832E-01   8.0321E-03   0.0000E+00   0.0000E+00   4.2764E-04   0.0000E+00   0.0000E+00   0.0000E+00   5.5049E-05   1.7692E-05   1.9008E-05   0.0000E+00   0.0000E+00
    6.563865E-07   1.4380E-01   0.0000E+00   0.0000E+00   1.3543E-01   7.8629E-03   0.0000E+00   0.0000E+00   4.1885E-04   0.0000E+00   0.0000E+00   0.0000E+00   5.3816E-05   1.7316E-05   1.8626E-05   0.0000E+00   0.0000E+00
    6.563895E-07   1.4083E-01   0.0000E+00   0.0000E+00   1.3263E-01   7.6991E-03   0.0000E+00   0.0000E+00   4.1033E-04   0.0000E+00   0.0000E+00   0.0000E+00   5.2624E-05   1.6951E-05   1.8255E-05   0.0000E+00   0.0000E+00
    6.563925E-07   1.3795E-01   0.0000E+00   0.0000E+00   1.2992E-01   7.5404E-03   0.0000E+00   0.0000E+00   4.0206E-04   0.0000E+00   0.0000E+00   0.0000E+00   5.1471E-05   1.6598E-05   1.7895E-05   0.0000E+00   0.0000E+00
    6.563955E-07   1.3515E-01   0.0000E+00   0.0000E+00   1.2729E-01   7.3867E-03   0.0000E+00   0.0000E+00   3.9405E-04   0.0000E+00   0.0000E+00   0.0000E+00   5.0355E-05   1.6256E-05   1.7545E-05   0.0000E+00   0.0000E+00
    6.563985E-07   1.3244E-01   0.0000E+00   0.0000E+00   1.2474E-01   7.2377E-03   0.0000E+00   0.0000E+00   3.8627E-04   0.0000E+00   0.0000E+00   0.0000E+00   4.9276E-05   1.5924E-05   1.7206E-05   0.0000E+00   0.0000E+00
 -----------------------------------------------------
