  H2 Dissociation Rate(jt,jn) (cm**3 s**-1)  Te(jt) = 10**(-1.2 + (jt-1)/10) jt=1,60
  jn =   1; jt = 1 -> 60 going by rows   ne(jn) = 10**(10 + 0.5*(jn-1)) jn=1,15 
  5.18034E-67  1.60740E-56  8.77140E-48  1.56445E-40  1.55826E-34  1.37456E-29
  1.59436E-25  3.40716E-22  1.78655E-19  2.92848E-17  1.83978E-15  5.25368E-14
  7.86095E-13  6.93541E-12  3.97781E-11  1.60692E-10  4.87998E-10  1.17410E-09
  2.33403E-09  3.96559E-09  5.91906E-09  7.94019E-09  9.75848E-09  1.11703E-08
  1.20818E-08  1.25054E-08  1.25273E-08  1.22654E-08  1.18343E-08  1.13244E-08
  1.07950E-08  1.02771E-08  9.78106E-09  9.30592E-09  8.84598E-09  8.39541E-09
  7.95036E-09  7.50943E-09  7.07323E-09  6.64367E-09  6.22325E-09  5.81454E-09
  5.41984E-09  5.04102E-09  4.67946E-09  4.33608E-09  4.01138E-09  3.70550E-09
  3.41831E-09  3.14945E-09  2.89840E-09  2.66452E-09  2.44709E-09  2.24534E-09
  2.05845E-09  1.88561E-09  1.72599E-09  1.57879E-09  1.44321E-09  1.31846E-09

  jn =   2
  5.18034E-67  1.60740E-56  8.77140E-48  1.56445E-40  1.55826E-34  1.37456E-29
  1.59436E-25  3.40716E-22  1.78655E-19  2.92848E-17  1.83978E-15  5.25368E-14
  7.86095E-13  6.93540E-12  3.97780E-11  1.60691E-10  4.87994E-10  1.17408E-09
  2.33398E-09  3.96545E-09  5.91872E-09  7.93951E-09  9.75727E-09  1.11684E-08
  1.20788E-08  1.25013E-08  1.25220E-08  1.22590E-08  1.18269E-08  1.13163E-08
  1.07865E-08  1.02683E-08  9.77243E-09  9.29762E-09  8.83817E-09  8.38821E-09
  7.94384E-09  7.50361E-09  7.06810E-09  6.63919E-09  6.21937E-09  5.81121E-09
  5.41699E-09  5.03860E-09  4.67742E-09  4.33437E-09  4.00994E-09  3.70430E-09
  3.41730E-09  3.14861E-09  2.89770E-09  2.66394E-09  2.44661E-09  2.24494E-09
  2.05812E-09  1.88533E-09  1.72577E-09  1.57861E-09  1.44306E-09  1.31834E-09

  jn =   3
  5.18034E-67  1.60740E-56  8.77140E-48  1.56445E-40  1.55826E-34  1.37456E-29
  1.59436E-25  3.40716E-22  1.78655E-19  2.92848E-17  1.83978E-15  5.25368E-14
  7.86095E-13  6.93540E-12  3.97779E-11  1.60690E-10  4.87986E-10  1.17404E-09
  2.33386E-09  3.96513E-09  5.91802E-09  7.93812E-09  9.75480E-09  1.11644E-08
  1.20729E-08  1.24932E-08  1.25116E-08  1.22462E-08  1.18122E-08  1.13001E-08
  1.07692E-08  1.02506E-08  9.75477E-09  9.28050E-09  8.82196E-09  8.37317E-09
  7.93011E-09  7.49126E-09  7.05713E-09  6.62955E-09  6.21098E-09  5.80395E-09
  5.41075E-09  5.03326E-09  4.67287E-09  4.33051E-09  4.00668E-09  3.70154E-09
  3.41499E-09  3.14666E-09  2.89607E-09  2.66258E-09  2.44547E-09  2.24399E-09
  2.05733E-09  1.88468E-09  1.72522E-09  1.57815E-09  1.44268E-09  1.31803E-09

  jn =   4
  5.18034E-67  1.60740E-56  8.77140E-48  1.56445E-40  1.55826E-34  1.37456E-29
  1.59436E-25  3.40716E-22  1.78655E-19  2.92848E-17  1.83978E-15  5.25368E-14
  7.86094E-13  6.93538E-12  3.97777E-11  1.60687E-10  4.87970E-10  1.17397E-09
  2.33362E-09  3.96449E-09  5.91657E-09  7.93530E-09  9.74986E-09  1.11565E-08
  1.20614E-08  1.24774E-08  1.24914E-08  1.22218E-08  1.17839E-08  1.12688E-08
  1.07359E-08  1.02164E-08  9.72058E-09  9.24722E-09  8.79029E-09  8.34361E-09
  7.90299E-09  7.46673E-09  7.03521E-09  6.61015E-09  6.19396E-09  5.78912E-09
  5.39792E-09  5.02221E-09  4.66339E-09  4.32240E-09  3.99977E-09  3.69567E-09
  3.41001E-09  3.14245E-09  2.89251E-09  2.65958E-09  2.44295E-09  2.24187E-09
  2.05555E-09  1.88318E-09  1.72397E-09  1.57711E-09  1.44181E-09  1.31730E-09

  jn =   5
  5.18034E-67  1.60740E-56  8.77140E-48  1.56445E-40  1.55826E-34  1.37456E-29
  1.59436E-25  3.40716E-22  1.78655E-19  2.92848E-17  1.83978E-15  5.25368E-14
  7.86094E-13  6.93536E-12  3.97771E-11  1.60682E-10  4.87934E-10  1.17381E-09
  2.33310E-09  3.96312E-09  5.91355E-09  7.92948E-09  9.73988E-09  1.11409E-08
  1.20388E-08  1.24469E-08  1.24525E-08  1.21749E-08  1.17299E-08  1.12092E-08
  1.06725E-08  1.01510E-08  9.65516E-09  9.18341E-09  8.72942E-09  8.28665E-09
  7.85056E-09  7.41914E-09  6.99253E-09  6.57226E-09  6.16059E-09  5.75994E-09
  5.37255E-09  5.00026E-09  4.64448E-09  4.30617E-09  3.98587E-09  3.68380E-09
  3.39989E-09  3.13384E-09  2.88520E-09  2.65338E-09  2.43770E-09  2.23743E-09
  2.05179E-09  1.88002E-09  1.72130E-09  1.57486E-09  1.43992E-09  1.31571E-09

  jn =   6
  5.18034E-67  1.60740E-56  8.77140E-48  1.56445E-40  1.55826E-34  1.37456E-29
  1.59436E-25  3.40716E-22  1.78655E-19  2.92848E-17  1.83978E-15  5.25368E-14
  7.86092E-13  6.93530E-12  3.97761E-11  1.60671E-10  4.87860E-10  1.17348E-09
  2.33199E-09  3.96022E-09  5.90725E-09  7.91761E-09  9.71987E-09  1.11101E-08
  1.19950E-08  1.23884E-08  1.23787E-08  1.20863E-08  1.16281E-08  1.10967E-08
  1.05526E-08  1.00271E-08  9.53073E-09  9.06151E-09  8.61258E-09  8.17678E-09
  7.74893E-09  7.32646E-09  6.90901E-09  6.49777E-09  6.09472E-09  5.70212E-09
  5.32209E-09  4.95646E-09  4.60662E-09  4.27356E-09  3.95788E-09  3.65983E-09
  3.37941E-09  3.11638E-09  2.87034E-09  2.64074E-09  2.42697E-09  2.22833E-09
  2.04409E-09  1.87350E-09  1.71579E-09  1.57020E-09  1.43598E-09  1.31239E-09

  jn =   7
  5.18034E-67  1.60740E-56  8.77140E-48  1.56445E-40  1.55826E-34  1.37456E-29
  1.59436E-25  3.40716E-22  1.78655E-19  2.92848E-17  1.83978E-15  5.25367E-14
  7.86090E-13  6.93520E-12  3.97740E-11  1.60647E-10  4.87704E-10  1.17278E-09
  2.32968E-09  3.95425E-09  5.89441E-09  7.89379E-09  9.68046E-09  1.10506E-08
  1.19114E-08  1.22781E-08  1.22406E-08  1.19213E-08  1.14389E-08  1.08877E-08
  1.03292E-08  9.79561E-09  9.29716E-09  8.83149E-09  8.39083E-09  7.96696E-09
  7.55360E-09  7.14713E-09  6.74633E-09  6.35167E-09  5.96466E-09  5.58717E-09
  5.22115E-09  4.86828E-09  4.52995E-09  4.20716E-09  3.90057E-09  3.61053E-09
  3.33711E-09  3.08017E-09  2.83940E-09  2.61437E-09  2.40453E-09  2.20926E-09
  2.02790E-09  1.85978E-09  1.70417E-09  1.56038E-09  1.42769E-09  1.30539E-09

  jn =   8
  5.18034E-67  1.60740E-56  8.77140E-48  1.56445E-40  1.55826E-34  1.37456E-29
  1.59436E-25  3.40716E-22  1.78655E-19  2.92848E-17  1.83978E-15  5.25367E-14
  7.86085E-13  6.93499E-12  3.97697E-11  1.60601E-10  4.87400E-10  1.17142E-09
  2.32522E-09  3.94274E-09  5.86994E-09  7.84893E-09  9.60720E-09  1.09412E-08
  1.17594E-08  1.20789E-08  1.19922E-08  1.16245E-08  1.10978E-08  1.05091E-08
  9.92230E-09  9.37076E-09  8.86515E-09  8.40247E-09  7.97369E-09  7.56882E-09
  7.17972E-09  6.80093E-09  6.42962E-09  6.06495E-09  5.70737E-09  5.35807E-09
  5.01846E-09  4.68998E-09  4.37387E-09  4.07111E-09  3.78242E-09  3.50825E-09
  3.24884E-09  3.00419E-09  2.77416E-09  2.55846E-09  2.35671E-09  2.16844E-09
  1.99312E-09  1.83018E-09  1.67903E-09  1.53905E-09  1.40962E-09  1.29009E-09

  jn =   9
  5.18034E-67  1.60740E-56  8.77140E-48  1.56445E-40  1.55826E-34  1.37456E-29
  1.59436E-25  3.40716E-22  1.78655E-19  2.92848E-17  1.83978E-15  5.25366E-14
  7.86076E-13  6.93460E-12  3.97618E-11  1.60516E-10  4.86830E-10  1.16884E-09
  2.31667E-09  3.92069E-09  5.82323E-09  7.76410E-09  9.47032E-09  1.07395E-08
  1.14823E-08  1.17190E-08  1.15460E-08  1.10931E-08  1.04876E-08  9.83100E-09
  9.19118E-09  8.60402E-09  8.08111E-09  7.61882E-09  7.20621E-09  6.83060E-09
  6.48071E-09  6.14806E-09  5.82700E-09  5.51434E-09  5.20868E-09  4.90980E-09
  4.61815E-09  4.33454E-09  4.05984E-09  3.79491E-09  3.54045E-09  3.29704E-09
  3.06507E-09  2.84478E-09  2.63626E-09  2.43947E-09  2.25429E-09  2.08047E-09
  1.91772E-09  1.76569E-09  1.62396E-09  1.49211E-09  1.36967E-09  1.25615E-09

  jn =  10
  5.18034E-67  1.60740E-56  8.77140E-48  1.56445E-40  1.55826E-34  1.37456E-29
  1.59436E-25  3.40716E-22  1.78655E-19  2.92848E-17  1.83978E-15  5.25365E-14
  7.86059E-13  6.93381E-12  3.97457E-11  1.60340E-10  4.85660E-10  1.16362E-09
  2.29973E-09  3.87810E-09  5.73543E-09  7.60875E-09  9.22546E-09  1.03856E-08
  1.10034E-08  1.11034E-08  1.07875E-08  1.01920E-08  9.45151E-09  8.67518E-09
  7.93749E-09  7.27921E-09  6.71446E-09  6.23968E-09  5.84184E-09  5.50455E-09
  5.21196E-09  4.95071E-09  4.71049E-09  4.48401E-09  4.26645E-09  4.05488E-09
  3.84776E-09  3.64447E-09  3.44498E-09  3.24961E-09  3.05885E-09  2.87329E-09
  2.69347E-09  2.51991E-09  2.35303E-09  2.19320E-09  2.04066E-09  1.89557E-09
  1.75804E-09  1.62805E-09  1.50556E-09  1.39045E-09  1.28253E-09  1.18159E-09

  jn =  11
  5.18034E-67  1.60740E-56  8.77140E-48  1.56445E-40  1.55826E-34  1.37456E-29
  1.59436E-25  3.40716E-22  1.78655E-19  2.92848E-17  1.83978E-15  5.25361E-14
  7.86018E-13  6.93208E-12  3.97129E-11  1.60007E-10  4.83620E-10  1.15521E-09
  2.27445E-09  3.81861E-09  5.61959E-09  7.41312E-09  8.92811E-09  9.96722E-09
  1.04473E-08  1.03957E-08  9.91813E-09  9.15618E-09  8.25101E-09  7.31937E-09
  6.44328E-09  5.67009E-09  5.01869E-09  4.48809E-09  4.06548E-09  3.73276E-09
  3.47088E-09  3.26239E-09  3.09259E-09  2.94980E-09  2.82517E-09  2.71223E-09
  2.60642E-09  2.50466E-09  2.40495E-09  2.30611E-09  2.20750E-09  2.10890E-09
  2.01035E-09  1.91208E-09  1.81440E-09  1.71771E-09  1.62242E-09  1.52893E-09
  1.43763E-09  1.34888E-09  1.26298E-09  1.18020E-09  1.10075E-09  1.02476E-09

  jn =  12
  5.18034E-67  1.60740E-56  8.77140E-48  1.56445E-40  1.55826E-34  1.37456E-29
  1.59436E-25  3.40716E-22  1.78655E-19  2.92848E-17  1.83978E-15  5.25354E-14
  7.85940E-13  6.92926E-12  3.96669E-11  1.59605E-10  4.81453E-10  1.14724E-09
  2.25262E-09  3.77106E-09  5.53245E-09  7.27271E-09  8.72199E-09  9.68418E-09
  1.00769E-08  9.92818E-09  9.34482E-09  8.47050E-09  7.44947E-09  6.40249E-09
  5.41603E-09  4.54177E-09  3.80236E-09  3.19953E-09  2.72206E-09  2.35231E-09
  2.07071E-09  1.85861E-09  1.69965E-09  1.58029E-09  1.48979E-09  1.41983E-09
  1.36416E-09  1.31814E-09  1.27839E-09  1.24249E-09  1.20873E-09  1.17591E-09
  1.14323E-09  1.11016E-09  1.07640E-09  1.04178E-09  1.00624E-09  9.69825E-10
  9.32612E-10  8.94739E-10  8.56372E-10  8.17691E-10  7.78881E-10  7.40127E-10

  jn =  13
  5.18034E-67  1.60740E-56  8.77140E-48  1.56445E-40  1.55826E-34  1.37456E-29
  1.59436E-25  3.40716E-22  1.78655E-19  2.92848E-17  1.83978E-15  5.25342E-14
  7.85847E-13  6.92658E-12  3.96305E-11  1.59330E-10  4.80138E-10  1.14281E-09
  2.24133E-09  3.74773E-09  5.49138E-09  7.20843E-09  8.62959E-09  9.55910E-09
  9.91466E-09  9.72436E-09  9.09510E-09  8.17113E-09  7.09771E-09  5.99704E-09
  4.95725E-09  4.03177E-09  3.24481E-09  2.59936E-09  2.08510E-09  1.68480E-09
  1.37899E-09  1.14881E-09  9.77525E-10  8.51116E-10  7.58300E-10  6.90266E-10
  6.40285E-10  6.03302E-10  5.75571E-10  5.54341E-10  5.37613E-10  5.23940E-10
  5.12281E-10  5.01893E-10  4.92245E-10  4.82962E-10  4.73779E-10  4.64512E-10
  4.55037E-10  4.45271E-10  4.35160E-10  4.24673E-10  4.13788E-10  4.02489E-10

  jn =  14
  5.18034E-67  1.60740E-56  8.77140E-48  1.56445E-40  1.55826E-34  1.37456E-29
  1.59436E-25  3.40716E-22  1.78655E-19  2.92848E-17  1.83977E-15  5.25332E-14
  7.85786E-13  6.92510E-12  3.96129E-11  1.59208E-10  4.79591E-10  1.14106E-09
  2.23701E-09  3.73902E-09  5.47631E-09  7.18513E-09  8.59639E-09  9.51442E-09
  9.85692E-09  9.65195E-09  9.00641E-09  8.06470E-09  6.97239E-09  5.85213E-09
  4.79260E-09  3.84779E-09  3.04246E-09  2.38004E-09  1.85049E-09  1.43677E-09
  1.11945E-09  8.79622E-10  7.00423E-10  5.67686E-10  4.69968E-10  3.98299E-10
  3.45805E-10  3.07307E-10  2.78955E-10  2.57918E-10  2.42128E-10  2.30088E-10
  2.20721E-10  2.13254E-10  2.07135E-10  2.01973E-10  1.97490E-10  1.93492E-10
  1.89841E-10  1.86442E-10  1.83225E-10  1.80140E-10  1.77141E-10  1.74181E-10

  jn =  15
  5.18034E-67  1.60740E-56  8.77140E-48  1.56445E-40  1.55826E-34  1.37456E-29
  1.59436E-25  3.40716E-22  1.78655E-19  2.92848E-17  1.83977E-15  5.25327E-14
  7.85760E-13  6.92451E-12  3.96063E-11  1.59165E-10  4.79401E-10  1.14046E-09
  2.23555E-09  3.73611E-09  5.47130E-09  7.17743E-09  8.58544E-09  9.49972E-09
  9.83794E-09  9.62816E-09  8.97726E-09  8.02970E-09  6.93115E-09  5.80439E-09
  4.73827E-09  3.78698E-09  2.97544E-09  2.30722E-09  1.77238E-09  1.35393E-09
  1.03246E-09  7.89040E-10  6.06771E-10  4.71436E-10  3.71534E-10  2.98044E-10
  2.44043E-10  2.04308E-10  1.74954E-10  1.53119E-10  1.36712E-10  1.24219E-10
  1.14548E-10  1.06916E-10  1.00766E-10  9.57001E-11  9.14403E-11  8.77907E-11
  8.46153E-11  8.18203E-11  7.93401E-11  7.71261E-11  7.51366E-11  7.33309E-11

  H2 Dissociative Ionization Rate(jt,jn) (cm**3 s**-1)
  jn =   1
  5.57395E-83  1.30156E-70  3.00482E-60  1.36251E-51  2.20704E-44  2.14626E-38
  1.96242E-33  2.48159E-29  6.03920E-26  3.74755E-23  7.52685E-21  5.98340E-19
  2.22813E-17  4.46915E-16  5.41365E-15  4.34820E-14  2.49945E-13  1.09428E-12
  3.83672E-12  1.12116E-11  2.81735E-11  6.23798E-11  1.24016E-10  2.24655E-10
  3.75081E-10  5.82405E-10  8.47139E-10  1.16118E-09  1.50752E-09  1.86209E-09
  2.19740E-09  2.48709E-09  2.71019E-09  2.85394E-09  2.91479E-09  2.89748E-09
  2.81292E-09  2.67553E-09  2.50072E-09  2.30299E-09  2.09467E-09  1.88545E-09
  1.68232E-09  1.48994E-09  1.31104E-09  1.14697E-09  9.98083E-10  8.64122E-10
  7.44468E-10  6.38317E-10  5.44781E-10  4.62941E-10  3.91869E-10  3.30626E-10
  2.78268E-10  2.33838E-10  1.96376E-10  1.64929E-10  1.38567E-10  1.16395E-10

  jn =   2
  5.57395E-83  1.30156E-70  3.00482E-60  1.36251E-51  2.20704E-44  2.14626E-38
  1.96242E-33  2.48159E-29  6.03921E-26  3.74767E-23  7.52885E-21  5.99066E-19
  2.23593E-17  4.50087E-16  5.47335E-15  4.40918E-14  2.53799E-13  1.11109E-12
  3.89216E-12  1.13599E-11  2.85115E-11  6.30571E-11  1.25232E-10  2.26633E-10
  3.78032E-10  5.86477E-10  8.52390E-10  1.16756E-09  1.51487E-09  1.87018E-09
  2.20595E-09  2.49581E-09  2.71881E-09  2.86225E-09  2.92261E-09  2.90468E-09
  2.81944E-09  2.68135E-09  2.50586E-09  2.30747E-09  2.09855E-09  1.88878E-09
  1.68516E-09  1.49235E-09  1.31308E-09  1.14869E-09  9.99526E-10  8.65329E-10
  7.45477E-10  6.39158E-10  5.45480E-10  4.63521E-10  3.92349E-10  3.31024E-10
  2.78597E-10  2.34109E-10  1.96598E-10  1.65112E-10  1.38717E-10  1.16518E-10

  jn =   3
  5.57395E-83  1.30156E-70  3.00482E-60  1.36251E-51  2.20704E-44  2.14626E-38
  1.96242E-33  2.48159E-29  6.03923E-26  3.74790E-23  7.53277E-21  6.00508E-19
  2.25158E-17  4.56530E-16  5.59592E-15  4.53565E-14  2.61859E-13  1.14643E-12
  4.00872E-12  1.16700E-11  2.92118E-11  6.44447E-11  1.27696E-10  2.30610E-10
  3.83932E-10  5.94600E-10  8.62859E-10  1.18029E-09  1.52959E-09  1.88645E-09
  2.22323E-09  2.51355E-09  2.73647E-09  2.87936E-09  2.93881E-09  2.91973E-09
  2.83317E-09  2.69370E-09  2.51682E-09  2.31711E-09  2.10695E-09  1.89604E-09
  1.69141E-09  1.49769E-09  1.31763E-09  1.15255E-09  1.00279E-09  8.68081E-10
  7.47792E-10  6.41102E-10  5.47110E-10  4.64885E-10  3.93489E-10  3.31975E-10
  2.79389E-10  2.34768E-10  1.97146E-10  1.65567E-10  1.39094E-10  1.16830E-10

  jn =   4
  5.57395E-83  1.30156E-70  3.00482E-60  1.36251E-51  2.20704E-44  2.14626E-38
  1.96242E-33  2.48159E-29  6.03926E-26  3.74833E-23  7.54028E-21  6.03315E-19
  2.28255E-17  4.69466E-16  5.84554E-15  4.79653E-14  2.78665E-13  1.22064E-12
  4.25374E-12  1.23183E-11  3.06589E-11  6.72696E-11  1.32635E-10  2.38471E-10
  3.95463E-10  6.10345E-10  8.83044E-10  1.20477E-09  1.55786E-09  1.91771E-09
  2.25650E-09  2.54778E-09  2.77067E-09  2.91264E-09  2.97048E-09  2.94928E-09
  2.86029E-09  2.71823E-09  2.53875E-09  2.33651E-09  2.12397E-09  1.91087E-09
  1.70424E-09  1.50875E-09  1.32712E-09  1.16065E-09  1.00970E-09  8.73952E-10
  7.52770E-10  6.45313E-10  5.50666E-10  4.67883E-10  3.96012E-10  3.34095E-10
  2.81169E-10  2.36260E-10  1.98396E-10  1.66611E-10  1.39967E-10  1.17558E-10

  jn =   5
  5.57395E-83  1.30156E-70  3.00482E-60  1.36251E-51  2.20704E-44  2.14626E-38
  1.96242E-33  2.48159E-29  6.03933E-26  3.74913E-23  7.55448E-21  6.08736E-19
  2.34358E-17  4.95455E-16  6.35589E-15  5.33827E-14  3.14010E-13  1.37802E-12
  4.77459E-12  1.36896E-11  3.36846E-11  7.30822E-11  1.42622E-10  2.54109E-10
  4.18086E-10  6.40905E-10  9.21918E-10  1.25167E-09  1.61185E-09  1.97734E-09
  2.31997E-09  2.61316E-09  2.83608E-09  2.97646E-09  3.03136E-09  3.00624E-09
  2.91272E-09  2.76581E-09  2.58143E-09  2.37441E-09  2.15733E-09  1.94004E-09
  1.72961E-09  1.53069E-09  1.34602E-09  1.17689E-09  1.02360E-09  8.85825E-10
  7.62889E-10  6.53922E-10  5.57977E-10  4.74084E-10  4.01264E-10  3.38538E-10
  2.84922E-10  2.39428E-10  2.01067E-10  1.68861E-10  1.41859E-10  1.19149E-10

  jn =   6
  5.57395E-83  1.30156E-70  3.00482E-60  1.36251E-51  2.20704E-44  2.14626E-38
  1.96242E-33  2.48159E-29  6.03944E-26  3.75059E-23  7.58122E-21  6.19219E-19
  2.46433E-17  5.47906E-16  7.40395E-15  6.46732E-14  3.88521E-13  1.71205E-12
  5.88044E-12  1.65810E-11  3.99791E-11  8.49592E-11  1.62633E-10  2.84872E-10
  4.61906E-10  6.99399E-10  9.95723E-10  1.34029E-09  1.71367E-09  2.08980E-09
  2.43988E-09  2.73704E-09  2.96051E-09  3.09836E-09  3.14820E-09  3.11612E-09
  3.01435E-09  2.85850E-09  2.66494E-09  2.44889E-09  2.22320E-09  1.99787E-09
  1.78006E-09  1.57449E-09  1.38388E-09  1.20949E-09  1.05159E-09  9.09793E-10
  7.83366E-10  6.71382E-10  5.72840E-10  4.86717E-10  4.11988E-10  3.47631E-10
  2.92625E-10  2.45947E-10  2.06579E-10  1.73518E-10  1.45792E-10  1.22467E-10

  jn =   7
  5.57395E-83  1.30156E-70  3.00482E-60  1.36251E-51  2.20704E-44  2.14626E-38
  1.96242E-33  2.48159E-29  6.03964E-26  3.75322E-23  7.63091E-21  6.39343E-19
  2.70260E-17  6.53687E-16  9.55206E-15  8.80764E-14  5.44022E-13  2.41067E-12
  8.18648E-12  2.25596E-11  5.28191E-11  1.08779E-10  2.02041E-10  3.44412E-10
  5.45469E-10  8.09676E-10  1.13376E-09  1.50526E-09  1.90284E-09  2.29881E-09
  2.66320E-09  2.96854E-09  3.19408E-09  3.32838E-09  3.36994E-09  3.32593E-09
  3.20968E-09  3.03783E-09  2.82763E-09  2.59499E-09  2.35327E-09  2.11281E-09
  1.88101E-09  1.66267E-09  1.46055E-09  1.27589E-09  1.10889E-09  9.59097E-10
  8.25672E-10  7.07597E-10  6.03775E-10  5.13091E-10  4.34435E-10  3.66706E-10
  3.08811E-10  2.59665E-10  2.18191E-10  1.83339E-10  1.54089E-10  1.29471E-10

  jn =   8
  5.57395E-83  1.30156E-70  3.00482E-60  1.36251E-51  2.20704E-44  2.14626E-38
  1.96242E-33  2.48160E-29  6.03998E-26  3.75797E-23  7.72597E-21  6.79053E-19
  3.17828E-17  8.64644E-16  1.38065E-14  1.34075E-13  8.47840E-13  3.76964E-12
  1.26519E-11  3.40613E-11  7.72896E-11  1.53638E-10  2.75304E-10  4.53759E-10
  6.97415E-10  1.00883E-09  1.38220E-09  1.80206E-09  2.24398E-09  2.67740E-09
  3.07014E-09  3.39340E-09  3.62610E-09  3.75739E-09  3.78709E-09  3.72407E-09
  3.58356E-09  3.38403E-09  3.14433E-09  2.88171E-09  2.61055E-09  2.34192E-09
  2.08370E-09  1.84097E-09  1.61664E-09  1.41195E-09  1.22705E-09  1.06137E-09
  9.13939E-10  7.83576E-10  6.69021E-10  5.69000E-10  4.82248E-10  4.07521E-10
  3.43593E-10  2.89258E-10  2.43333E-10  2.04669E-10  1.72161E-10  1.44763E-10

  jn =   9
  5.57395E-83  1.30156E-70  3.00482E-60  1.36251E-51  2.20704E-44  2.14626E-38
  1.96242E-33  2.48160E-29  6.04059E-26  3.76711E-23  7.91036E-21  7.55057E-19
  4.07175E-17  1.25555E-15  2.16617E-14  2.19498E-13  1.41845E-12  6.35165E-12
  2.12014E-11  5.61177E-11  1.24001E-10  2.38467E-10  4.12176E-10  6.55476E-10
  9.74536E-10  1.36879E-09  1.82845E-09  2.33340E-09  2.85419E-09  3.35551E-09
  3.80126E-09  4.16014E-09  4.41013E-09  4.54104E-09  4.55456E-09  4.46230E-09
  4.28257E-09  4.03690E-09  3.74696E-09  3.43232E-09  3.10924E-09  2.79019E-09
  2.48401E-09  2.19642E-09  1.93066E-09  1.68815E-09  1.46901E-09  1.27258E-09
  1.09771E-09  9.42988E-10  8.06924E-10  6.87990E-10  5.84674E-10  4.95493E-10
  4.18994E-10  3.53758E-10  2.98407E-10  2.51612E-10  2.12110E-10  1.78709E-10

  jn =  10
  5.57395E-83  1.30156E-70  3.00482E-60  1.36251E-51  2.20704E-44  2.14626E-38
  1.96242E-33  2.48161E-29  6.04175E-26  3.78477E-23  8.26958E-21  9.04507E-19
  5.85262E-17  2.04674E-15  3.77577E-14  3.95435E-13  2.58855E-12  1.15744E-11
  3.81357E-11  9.87088E-11  2.11804E-10  3.93816E-10  6.57038E-10  1.00936E-09
  1.45342E-09  1.98433E-09  2.58693E-09  3.23453E-09  3.89028E-09  4.51133E-09
  5.05495E-09  5.48495E-09  5.77678E-09  5.92018E-09  5.91894E-09  5.78834E-09
  5.55132E-09  5.23425E-09  4.86346E-09  4.46265E-09  4.05147E-09  3.64511E-09
  3.25440E-09  2.88649E-09  2.54553E-09  2.23345E-09  1.95061E-09  1.69634E-09
  1.46931E-09  1.26786E-09  1.09015E-09  9.34263E-10  7.98304E-10  6.80389E-10
  5.78681E-10  4.91393E-10  4.16806E-10  3.53275E-10  2.99245E-10  2.53262E-10

  jn =  11
  5.57395E-83  1.30156E-70  3.00482E-60  1.36251E-51  2.20704E-44  2.14626E-38
  1.96242E-33  2.48162E-29  6.04427E-26  3.82526E-23  9.11402E-21  1.25542E-18
  9.92371E-17  3.76912E-15  7.05752E-14  7.27849E-13  4.62787E-12  1.99776E-11
  6.34181E-11  1.58193E-10  3.27646E-10  5.89451E-10  9.54391E-10  1.42778E-09
  2.00959E-09  2.69207E-09  3.45629E-09  4.27036E-09  5.09077E-09  5.86714E-09
  6.54916E-09  7.09407E-09  7.47255E-09  7.67178E-09  7.69530E-09  7.56014E-09
  7.29240E-09  6.92257E-09  6.48137E-09  5.99686E-09  5.49275E-09  4.98775E-09
  4.49574E-09  4.02629E-09  3.58555E-09  3.17695E-09  2.80197E-09  2.46072E-09
  2.15242E-09  1.87569E-09  1.62878E-09  1.40975E-09  1.21654E-09  1.04703E-09
  8.99083E-10  7.70565E-10  6.59385E-10  5.63519E-10  4.81030E-10  4.10092E-10

  jn =  12
  5.57395E-83  1.30156E-70  3.00482E-60  1.36251E-51  2.20704E-44  2.14626E-38
  1.96242E-33  2.48165E-29  6.05093E-26  3.93160E-23  1.12042E-20  2.03362E-18
  1.77422E-16  6.59398E-15  1.16589E-13  1.13047E-12  6.79487E-12  2.79530E-11
  8.52482E-11  2.05750E-10  4.14781E-10  7.29861E-10  1.16051E-09  1.71082E-09
  2.37999E-09  3.15959E-09  4.02959E-09  4.95604E-09  5.89231E-09  6.78402E-09
  7.57642E-09  8.22239E-09  8.68888E-09  8.96033E-09  9.03871E-09  8.94058E-09
  8.69257E-09  8.32635E-09  7.87431E-09  7.36637E-09  6.82814E-09  6.28016E-09
  5.73800E-09  5.21282E-09  4.71212E-09  4.24056E-09  3.80074E-09  3.39372E-09
  3.01955E-09  2.67760E-09  2.36678E-09  2.08568E-09  1.83272E-09  1.60614E-09
  1.40410E-09  1.22470E-09  1.06599E-09  9.26030E-10  8.02895E-10  6.94729E-10

  jn =  13
  5.57395E-83  1.30156E-70  3.00482E-60  1.36251E-51  2.20704E-44  2.14626E-38
  1.96242E-33  2.48172E-29  6.06768E-26  4.17558E-23  1.52019E-20  3.20637E-18
  2.69727E-16  9.27441E-15  1.52970E-13  1.40517E-12  8.11075E-12  3.23755E-11
  9.65373E-11  2.29072E-10  4.55849E-10  7.94133E-10  1.25291E-09  1.83589E-09
  2.54220E-09  3.36341E-09  4.27932E-09  5.25541E-09  6.24407E-09  7.18947E-09
  8.03519E-09  8.73239E-09  9.24643E-09  9.56050E-09  9.67568E-09  9.60810E-09
  9.38430E-09  9.03615E-09  8.59643E-09  8.09555E-09  7.55962E-09  7.00972E-09
  6.46187E-09  5.92765E-09  5.41493E-09  4.92871E-09  4.47185E-09  4.04569E-09
  3.65050E-09  3.28587E-09  2.95093E-09  2.64450E-09  2.36518E-09  2.11145E-09
  1.88168E-09  1.67417E-09  1.48721E-09  1.31905E-09  1.16799E-09  1.03237E-09

  jn =  14
  5.57395E-83  1.30156E-70  3.00482E-60  1.36251E-51  2.20704E-44  2.14626E-38
  1.96242E-33  2.48187E-29  6.09864E-26  4.54991E-23  1.97831E-20  4.20129E-18
  3.30965E-16  1.07572E-14  1.70647E-13  1.52695E-12  8.65691E-12  3.41265E-11
  1.00857E-10  2.37784E-10  4.70922E-10  8.17432E-10  1.28611E-09  1.88058E-09
  2.59994E-09  3.43583E-09  4.36801E-09  5.36184E-09  6.36939E-09  7.33438E-09
  8.19985E-09  8.91637E-09  9.44878E-09  9.77982E-09  9.91028E-09  9.85612E-09
  9.64383E-09  9.30534E-09  8.87353E-09  8.37898E-09  7.84796E-09  7.30169E-09
  6.75635E-09  6.22365E-09  5.71155E-09  5.22514E-09  4.76734E-09  4.33954E-09
  3.94206E-09  3.57451E-09  3.23604E-09  2.92549E-09  2.64147E-09  2.38247E-09
  2.14687E-09  1.93300E-09  1.73914E-09  1.56358E-09  1.40464E-09  1.26068E-09

  jn =  15
  5.57395E-83  1.30156E-70  3.00482E-60  1.36251E-51  2.20704E-44  2.14626E-38
  1.96242E-33  2.48204E-29  6.13171E-26  4.87120E-23  2.27247E-20  4.70746E-18
  3.57621E-16  1.13441E-14  1.77231E-13  1.57050E-12  8.84697E-12  3.47249E-11
  1.02315E-10  2.40696E-10  4.75928E-10  8.25135E-10  1.29705E-09  1.89527E-09
  2.61891E-09  3.45961E-09  4.39715E-09  5.39683E-09  6.41063E-09  7.38212E-09
  8.25417E-09  8.97718E-09  9.51580E-09  9.85264E-09  9.98839E-09  9.93896E-09
  9.73082E-09  9.39592E-09  8.96718E-09  8.47523E-09  7.94639E-09  7.40194E-09
  6.85812E-09  6.32665E-09  5.81555E-09  5.32994E-09  4.87275E-09  4.44541E-09
  4.04823E-09  3.68085E-09  3.34241E-09  3.03176E-09  2.74752E-09  2.48817E-09
  2.25210E-09  2.03762E-09  1.84303E-09  1.66659E-09  1.50664E-09  1.36153E-09

  H2+ Dissociative Recombination Rate(jt,jn)  (cm**3 s**-1)
  jn =   1
  3.08310E-07  2.67399E-07  2.31953E-07  2.01231E-07  1.74595E-07  1.51498E-07
  1.31467E-07  1.14092E-07  9.90225E-08  8.59516E-08  7.46151E-08  6.47833E-08
  5.62571E-08  4.88636E-08  4.24526E-08  3.68933E-08  3.20721E-08  2.78904E-08
  2.42622E-08  2.11131E-08  1.83786E-08  1.60030E-08  1.39381E-08  1.21423E-08
  1.05798E-08  9.21968E-09  8.03534E-09  7.00372E-09  6.10490E-09  5.32164E-09
  4.63898E-09  4.04392E-09  3.52520E-09  3.07299E-09  2.67875E-09  2.33505E-09
  2.03541E-09  1.77417E-09  1.54643E-09  1.34789E-09  1.17480E-09  1.02392E-09
  8.92382E-10  7.77724E-10  6.77777E-10  5.90657E-10  5.14720E-10  4.48532E-10
  3.90842E-10  3.40561E-10  2.96739E-10  2.58547E-10  2.25263E-10  1.96256E-10
  1.70978E-10  1.48951E-10  1.29756E-10  1.13030E-10  9.84566E-11  8.57584E-11

  jn =   2
  3.05546E-07  2.64655E-07  2.29277E-07  1.98652E-07  1.72133E-07  1.49161E-07
  1.29259E-07  1.12017E-07  9.70786E-08  8.41383E-08  7.29306E-08  6.32258E-08
  5.48244E-08  4.75529E-08  4.12606E-08  3.58160E-08  3.11048E-08  2.70274E-08
  2.34973E-08  2.04395E-08  1.77889E-08  1.54896E-08  1.34933E-08  1.17587E-08
  1.02503E-08  8.93759E-09  7.79448E-09  6.79852E-09  5.93040E-09  5.17345E-09
  4.51327E-09  3.93736E-09  3.43491E-09  2.99652E-09  2.61399E-09  2.28021E-09
  1.98896E-09  1.73483E-09  1.51309E-09  1.31963E-09  1.15085E-09  1.00361E-09
  8.75163E-10  7.63119E-10  6.65389E-10  5.80149E-10  5.05806E-10  4.40972E-10
  3.84432E-10  3.35128E-10  2.92136E-10  2.54650E-10  2.21965E-10  1.93468E-10
  1.68624E-10  1.46964E-10  1.28082E-10  1.11622E-10  9.72734E-11  8.47659E-11

  jn =   3
  3.02597E-07  2.61591E-07  2.26167E-07  1.95545E-07  1.69063E-07  1.46155E-07
  1.26339E-07  1.09200E-07  9.43828E-08  8.15775E-08  7.05167E-08  6.09676E-08
  5.27279E-08  4.56212E-08  3.94939E-08  3.42121E-08  2.96591E-08  2.57335E-08
  2.23471E-08  1.94236E-08  1.68972E-08  1.47113E-08  1.28175E-08  1.11747E-08
  9.74765E-09  8.50659E-09  7.42611E-09  6.48455E-09  5.66342E-09  4.94689E-09
  4.32133E-09  3.77499E-09  3.29772E-09  2.88071E-09  2.51631E-09  2.19786E-09
  1.91957E-09  1.67638E-09  1.46387E-09  1.27818E-09  1.11594E-09  9.74206E-10
  8.50390E-10  7.42241E-10  6.47787E-10  5.65303E-10  4.93279E-10  4.30396E-10
  3.75500E-10  3.27580E-10  2.85755E-10  2.49252E-10  2.17398E-10  1.89603E-10
  1.65351E-10  1.44193E-10  1.25736E-10  1.09635E-10  9.55911E-11  8.33420E-11

  jn =   4
  2.99621E-07  2.58247E-07  2.22538E-07  1.91713E-07  1.65105E-07  1.42146E-07
  1.22347E-07  1.05286E-07  9.05936E-08  7.79524E-08  6.70844E-08  5.77484E-08
  4.97347E-08  4.28606E-08  3.69672E-08  3.19163E-08  2.75876E-08  2.38767E-08
  2.06933E-08  1.79594E-08  1.56081E-08  1.35824E-08  1.18336E-08  1.03210E-08
  9.00981E-09  7.87113E-09  6.88052E-09  6.01740E-09  5.26441E-09  4.60680E-09
  4.03200E-09  3.52925E-09  3.08931E-09  2.70418E-09  2.36697E-09  2.07165E-09
  1.81302E-09  1.58649E-09  1.38810E-09  1.21436E-09  1.06222E-09  9.29005E-10
  8.12379E-10  7.10290E-10  6.20939E-10  5.42749E-10  4.74336E-10  4.14487E-10
  3.62139E-10  3.16359E-10  2.76330E-10  2.41334E-10  2.10743E-10  1.84008E-10
  1.60646E-10  1.40234E-10  1.22402E-10  1.06827E-10  9.32242E-11  8.13459E-11

  jn =   5
  2.96843E-07  2.54755E-07  2.18413E-07  1.87085E-07  1.60127E-07  1.36969E-07
  1.17106E-07  1.00094E-07  8.55426E-08  7.31081E-08  6.24930E-08  5.34396E-08
  4.57257E-08  3.91594E-08  3.35751E-08  2.88289E-08  2.47963E-08  2.13693E-08
  1.84546E-08  1.59721E-08  1.38534E-08  1.20407E-08  1.04853E-08  9.14659E-09
  7.99068E-09  6.98964E-09  6.12030E-09  5.36347E-09  4.70317E-09  4.12607E-09
  3.62096E-09  3.17834E-09  2.79015E-09  2.44947E-09  2.15034E-09  1.88761E-09
  1.65681E-09  1.45403E-09  1.27587E-09  1.11935E-09  9.81846E-10  8.61069E-10
  7.54998E-10  6.61858E-10  5.80089E-10  5.08316E-10  4.45330E-10  3.90068E-10
  3.41594E-10  2.99082E-10  2.61808E-10  2.29135E-10  2.00499E-10  1.75409E-10
  1.53430E-10  1.34180E-10  1.17325E-10  1.02569E-10  8.96533E-11  7.83513E-11

  jn =   6
  2.94604E-07  2.51532E-07  2.14191E-07  1.81990E-07  1.54377E-07  1.30807E-07
  1.10752E-07  9.37204E-08  7.92766E-08  6.70445E-08  5.67016E-08  4.79712E-08
  4.06150E-08  3.44272E-08  2.92300E-08  2.48697E-08  2.12137E-08  1.81480E-08
  1.55750E-08  1.34118E-08  1.15883E-08  1.00456E-08  8.73531E-09  7.61717E-09
  6.65851E-09  5.83273E-09  5.11826E-09  4.49761E-09  3.95657E-09  3.48352E-09
  3.06889E-09  2.70474E-09  2.38443E-09  2.10234E-09  1.85368E-09  1.63435E-09
  1.44081E-09  1.26998E-09  1.11918E-09  9.86050E-10  8.68535E-10  7.64815E-10
  6.73287E-10  5.92539E-10  5.21318E-10  4.58518E-10  4.03162E-10  3.54381E-10
  3.11409E-10  2.73567E-10  2.40254E-10  2.10936E-10  1.85144E-10  1.62460E-10
  1.42517E-10  1.24988E-10  1.09587E-10  9.60591E-11  8.41797E-11  7.37514E-11

  jn =   7
  2.93137E-07  2.49065E-07  2.10530E-07  1.77149E-07  1.48518E-07  1.24164E-07
  1.03592E-07  8.63169E-08  7.18713E-08  5.98204E-08  4.97783E-08  4.14180E-08
  3.44702E-08  2.87123E-08  2.39574E-08  2.00441E-08  1.68321E-08  1.41993E-08
  1.20405E-08  1.02668E-08  8.80406E-09  7.59159E-09  6.58026E-09  5.73071E-09
  5.01174E-09  4.39868E-09  3.87218E-09  3.41698E-09  3.02109E-09  2.67501E-09
  2.37114E-09  2.10339E-09  1.86679E-09  1.65726E-09  1.47138E-09  1.30630E-09
  1.15955E-09  1.02904E-09  9.12944E-10  8.09657E-10  7.17776E-10  6.36058E-10
  5.63400E-10  4.98821E-10  4.41445E-10  3.90493E-10  3.45265E-10  3.05137E-10
  2.69552E-10  2.38011E-10  2.10069E-10  1.85326E-10  1.63427E-10  1.44056E-10
  1.26928E-10  1.11791E-10  9.84205E-11  8.66155E-11  7.61975E-11  6.70079E-11

  jn =   8
  2.92362E-07  2.47576E-07  2.07968E-07  1.73225E-07  1.43155E-07  1.17594E-07
  9.62380E-08  7.85681E-08  6.39729E-08  5.19052E-08  4.19461E-08  3.37845E-08
  2.71690E-08  2.18704E-08  1.76695E-08  1.43605E-08  1.17607E-08  9.71549E-09
  8.09989E-09  6.81552E-09  5.78638E-09  4.95432E-09  4.27504E-09  3.71485E-09
  3.24813E-09  2.85534E-09  2.52154E-09  2.23529E-09  1.98778E-09  1.77216E-09
  1.58309E-09  1.41636E-09  1.26864E-09  1.13722E-09  1.01993E-09  9.14967E-10
  8.20845E-10  7.36311E-10  6.60302E-10  5.91905E-10  5.30330E-10  4.74888E-10
  4.24972E-10  3.80043E-10  3.39620E-10  3.03272E-10  2.70610E-10  2.41283E-10
  2.14972E-10  1.91386E-10  1.70263E-10  1.51363E-10  1.34466E-10  1.19374E-10
  1.05906E-10  9.38974E-11  8.31985E-11  7.36742E-11  6.52020E-11  5.76712E-11

  jn =   9
  2.92000E-07  2.46842E-07  2.06490E-07  1.70578E-07  1.39138E-07  1.12302E-07
  8.98274E-08  7.11262E-08  5.56457E-08  4.30195E-08  3.29705E-08  2.51892E-08
  1.93019E-08  1.49121E-08  1.16547E-08  9.22943E-09  7.40761E-09  6.02303E-09
  4.95761E-09  4.12776E-09  3.47385E-09  2.95276E-09  2.53290E-09  2.19086E-09
  1.90915E-09  1.67460E-09  1.47727E-09  1.30959E-09  1.16578E-09  1.04140E-09
  9.33015E-10  8.37928E-10  7.54023E-10  6.79611E-10  6.13332E-10  5.54080E-10
  5.00943E-10  4.53161E-10  4.10099E-10  3.71215E-10  3.36047E-10  3.04197E-10
  2.75320E-10  2.49113E-10  2.25314E-10  2.03690E-10  1.84036E-10  1.66169E-10
  1.49928E-10  1.35166E-10  1.21754E-10  1.09574E-10  9.85206E-11  8.84965E-11
  7.94141E-11  7.11930E-11  6.37593E-11  5.70452E-11  5.09882E-11  4.55305E-11

  jn =  10
  2.91960E-07  2.46555E-07  2.05804E-07  1.69200E-07  1.36742E-07  1.08536E-07
  8.43685E-08  6.40094E-08  4.74409E-08  3.45890E-08  2.50695E-08  1.82495E-08
  1.34457E-08  1.00676E-08  7.66831E-09  5.93626E-09  4.66376E-09  3.71420E-09
  2.99658E-09  2.44846E-09  2.02570E-09  1.69638E-09  1.43708E-09  1.23054E-09
  1.06401E-09  9.28018E-10  8.15559E-10  7.21403E-10  6.41644E-10  5.73342E-10
  5.14272E-10  4.62739E-10  4.17434E-10  3.77343E-10  3.41667E-10  3.09771E-10
  2.81146E-10  2.55374E-10  2.32112E-10  2.11073E-10  1.92012E-10  1.74721E-10
  1.59019E-10  1.44748E-10  1.31767E-10  1.19954E-10  1.09197E-10  9.93977E-11
  9.04662E-11  8.23225E-11  7.48940E-11  6.81152E-11  6.19272E-11  5.62766E-11
  5.11154E-11  4.64003E-11  4.20922E-11  3.81559E-11  3.45598E-11  3.12752E-11

  jn =  11
  2.93059E-07  2.47093E-07  2.05882E-07  1.68763E-07  1.35542E-07  1.06146E-07
  8.05081E-08  5.89381E-08  4.18726E-08  2.91922E-08  2.02049E-08  1.40175E-08
  9.81867E-09  6.97549E-09  5.03617E-09  3.69712E-09  2.76056E-09  2.09779E-09
  1.62357E-09  1.28035E-09  1.02875E-09  8.41679E-10  7.00399E-10  5.91939E-10
  5.07255E-10  4.40007E-10  3.85707E-10  3.41153E-10  3.04033E-10  2.72666E-10
  2.45814E-10  2.22553E-10  2.02193E-10  1.84207E-10  1.68190E-10  1.53829E-10
  1.40878E-10  1.29142E-10  1.18463E-10  1.08715E-10  9.97930E-11  9.16100E-11
  8.40933E-11  7.71810E-11  7.08197E-11  6.49630E-11  5.95700E-11  5.46042E-11
  5.00328E-11  4.58261E-11  4.19567E-11  3.83994E-11  3.51309E-11  3.21293E-11
  2.93744E-11  2.68470E-11  2.45295E-11  2.24050E-11  2.04582E-11  1.86743E-11

  jn =  12
  2.95099E-07  2.48717E-07  2.06879E-07  1.69177E-07  1.35312E-07  1.05148E-07
  7.86779E-08  5.64630E-08  3.89777E-08  2.59741E-08  1.67681E-08  1.06024E-08
  6.69157E-09  4.28867E-09  2.82011E-09  1.91022E-09  1.33420E-09  9.60754E-10
  7.12762E-10  5.44099E-10  4.26635E-10  3.42885E-10  2.81778E-10  2.36181E-10
  2.01408E-10  1.74330E-10  1.52819E-10  1.35404E-10  1.21056E-10  1.09039E-10
  9.88235E-11  9.00230E-11  8.23508E-11  7.55920E-11  6.95834E-11  6.41995E-11
  5.93425E-11  5.49351E-11  5.09154E-11  4.72334E-11  4.38479E-11  4.07250E-11
  3.78362E-11  3.51576E-11  3.26686E-11  3.03519E-11  2.81924E-11  2.61772E-11
  2.42950E-11  2.25359E-11  2.08912E-11  1.93533E-11  1.79154E-11  1.65714E-11
  1.53158E-11  1.41436E-11  1.30502E-11  1.20312E-11  1.10827E-11  1.02008E-11

  jn =  13
  2.97983E-07  2.52011E-07  2.09340E-07  1.70784E-07  1.36291E-07  1.05276E-07
  7.82070E-08  5.53503E-08  3.68685E-08  2.26321E-08  1.27689E-08  6.89762E-09
  3.76730E-09  2.15025E-09  1.29504E-09  8.22242E-10  5.47594E-10  3.80960E-10
  2.75728E-10  2.06915E-10  1.60416E-10  1.28045E-10  1.04870E-10  8.78348E-11
  7.49948E-11  6.50818E-11  5.72517E-11  5.09317E-11  4.57266E-11  4.13599E-11
  3.76356E-11  3.44130E-11  3.15898E-11  2.90907E-11  2.68594E-11  2.48533E-11
  2.30391E-11  2.13909E-11  1.98877E-11  1.85123E-11  1.72503E-11  1.60895E-11
  1.50194E-11  1.40309E-11  1.31160E-11  1.22677E-11  1.14795E-11  1.07461E-11
  1.00624E-11  9.42397E-12  8.82688E-12  8.26759E-12  7.74294E-12  7.25014E-12
  6.78668E-12  6.35034E-12  5.93915E-12  5.55138E-12  5.18547E-12  4.84006E-12

  jn =  14
  2.99421E-07  2.55331E-07  2.13301E-07  1.74121E-07  1.38778E-07  1.07073E-07
  7.87633E-08  5.47918E-08  3.43499E-08  1.84192E-08  8.65601E-09  3.97335E-09
  1.92991E-09  1.01819E-09  5.80964E-10  3.54861E-10  2.30038E-10  1.57003E-10
  1.12198E-10  8.35427E-11  6.45841E-11  5.15929E-11  4.24316E-11  3.57705E-11
  3.07917E-11  2.69597E-11  2.39278E-11  2.14643E-11  1.94124E-11  1.76645E-11
  1.61468E-11  1.48079E-11  1.36121E-11  1.25341E-11  1.15559E-11  1.06643E-11
  9.84923E-12  9.10293E-12  8.41897E-12  7.79188E-12  7.21687E-12  6.68959E-12
  6.20609E-12  5.76268E-12  5.35596E-12  4.98275E-12  4.64011E-12  4.32530E-12
  4.03582E-12  3.76935E-12  3.52376E-12  3.29713E-12  3.08767E-12  2.89379E-12
  2.71403E-12  2.54707E-12  2.39172E-12  2.24691E-12  2.11166E-12  1.98513E-12

  jn =  15
  2.96910E-07  2.54978E-07  2.16350E-07  1.79906E-07  1.44397E-07  1.10358E-07
  8.10432E-08  5.53371E-08  3.22889E-08  1.50375E-08  6.11675E-09  2.52067E-09
  1.14565E-09  5.76366E-10  3.17986E-10  1.89412E-10  1.20517E-10  8.10602E-11
  5.73938E-11  4.25823E-11  3.29585E-11  2.64723E-11  2.19784E-11  1.87516E-11
  1.63505E-11  1.45101E-11  1.30417E-11  1.18341E-11  1.08062E-11  9.90848E-12
  9.10519E-12  8.37464E-12  7.70300E-12  7.08153E-12  6.50477E-12  5.96921E-12
  5.47242E-12  5.01256E-12  4.58799E-12  4.19709E-12  3.83820E-12  3.50956E-12
  3.20935E-12  2.93569E-12  2.68666E-12  2.46039E-12  2.25504E-12  2.06882E-12
  1.90006E-12  1.74716E-12  1.60863E-12  1.48310E-12  1.36930E-12  1.26608E-12
  1.17236E-12  1.08719E-12  1.00970E-12  9.39101E-13  8.74684E-13  8.15813E-13

  H2+ Dissociation Rate(jt,jn)  (cm**3 s**-1)
  jn =   1
  7.60478E-09  7.52570E-09  7.29994E-09  6.97879E-09  6.59894E-09  6.18721E-09
  5.77263E-09  5.43274E-09  5.40962E-09  6.24871E-09  8.77797E-09  1.38041E-08
  2.16897E-08  3.21282E-08  4.42574E-08  5.69878E-08  6.93373E-08  8.06438E-08
  9.06259E-08  9.93113E-08  1.06889E-07  1.13561E-07  1.19452E-07  1.24594E-07
  1.28960E-07  1.32503E-07  1.35192E-07  1.37022E-07  1.38022E-07  1.38240E-07
  1.37744E-07  1.36609E-07  1.34912E-07  1.32729E-07  1.30133E-07  1.27189E-07
  1.23958E-07  1.20489E-07  1.16828E-07  1.13008E-07  1.09058E-07  1.05001E-07
  1.00853E-07  9.66309E-08  9.23486E-08  8.80235E-08  8.36759E-08  7.93313E-08
  7.50203E-08  7.07778E-08  6.66423E-08  6.26527E-08  5.88463E-08  5.52550E-08
  5.19029E-08  4.88021E-08  4.59503E-08  4.33263E-08  4.08868E-08  3.85614E-08

  jn =   2
  1.03684E-08  1.02699E-08  9.97634E-09  9.55734E-09  9.06184E-09  8.52466E-09
  7.97993E-09  7.50827E-09  7.35352E-09  8.06207E-09  1.04624E-08  1.53615E-08
  2.31224E-08  3.34389E-08  4.54494E-08  5.80650E-08  7.03040E-08  8.15044E-08
  9.13832E-08  9.99666E-08  1.07442E-07  1.14010E-07  1.19798E-07  1.24839E-07
  1.29110E-07  1.32566E-07  1.35177E-07  1.36942E-07  1.37887E-07  1.38062E-07
  1.37533E-07  1.36374E-07  1.34661E-07  1.32469E-07  1.29869E-07  1.26928E-07
  1.23702E-07  1.20243E-07  1.16592E-07  1.12786E-07  1.08850E-07  1.04807E-07
  1.00674E-07  9.64666E-08  9.21986E-08  8.78870E-08  8.35523E-08  7.92199E-08
  7.49201E-08  7.06881E-08  6.65622E-08  6.25815E-08  5.87830E-08  5.51991E-08
  5.18535E-08  4.87587E-08  4.59122E-08  4.32930E-08  4.08577E-08  3.85360E-08

  jn =   3
  1.33172E-08  1.33334E-08  1.30859E-08  1.26644E-08  1.21316E-08  1.15307E-08
  1.09006E-08  1.03248E-08  1.00493E-08  1.06228E-08  1.28763E-08  1.76197E-08
  2.52188E-08  3.53706E-08  4.72161E-08  5.96687E-08  7.17489E-08  8.27950E-08
  9.25234E-08  1.00958E-07  1.08284E-07  1.14702E-07  1.20340E-07  1.25236E-07
  1.29369E-07  1.32699E-07  1.35199E-07  1.36869E-07  1.37735E-07  1.37846E-07
  1.37268E-07  1.36073E-07  1.34335E-07  1.32129E-07  1.29524E-07  1.26583E-07
  1.23364E-07  1.19916E-07  1.16280E-07  1.12491E-07  1.08574E-07  1.04550E-07
  1.00437E-07  9.62484E-08  9.19991E-08  8.77055E-08  8.33879E-08  7.90714E-08
  7.47865E-08  7.05683E-08  6.64550E-08  6.24857E-08  5.86978E-08  5.51233E-08
  5.17863E-08  4.86992E-08  4.58596E-08  4.32465E-08  4.08167E-08  3.85000E-08

  jn =   4
  1.62939E-08  1.66779E-08  1.67149E-08  1.64972E-08  1.60898E-08  1.55396E-08
  1.48920E-08  1.42395E-08  1.38385E-08  1.42480E-08  1.63087E-08  2.08389E-08
  2.82121E-08  3.81312E-08  4.97427E-08  6.19643E-08  7.38194E-08  8.46474E-08
  9.41637E-08  1.02389E-07  1.09506E-07  1.15714E-07  1.21142E-07  1.25834E-07
  1.29773E-07  1.32927E-07  1.35270E-07  1.36805E-07  1.37558E-07  1.37578E-07
  1.36929E-07  1.35681E-07  1.33907E-07  1.31679E-07  1.29063E-07  1.26123E-07
  1.22912E-07  1.19478E-07  1.15862E-07  1.12094E-07  1.08202E-07  1.04204E-07
  1.00117E-07  9.59550E-08  9.17312E-08  8.74619E-08  8.31674E-08  7.88724E-08
  7.46076E-08  7.04079E-08  6.63116E-08  6.23578E-08  5.85839E-08  5.50222E-08
  5.16966E-08  4.86198E-08  4.57893E-08  4.31845E-08  4.07620E-08  3.84517E-08

  jn =   5
  1.90711E-08  2.01694E-08  2.08398E-08  2.11245E-08  2.10673E-08  2.07167E-08
  2.01331E-08  1.94306E-08  1.88895E-08  1.90922E-08  2.09000E-08  2.51478E-08
  3.22211E-08  4.18324E-08  5.31348E-08  6.50515E-08  7.66092E-08  8.71490E-08
  9.63843E-08  1.04332E-07  1.11170E-07  1.17095E-07  1.22242E-07  1.26658E-07
  1.30336E-07  1.33248E-07  1.35376E-07  1.36725E-07  1.37322E-07  1.37217E-07
  1.36469E-07  1.35148E-07  1.33324E-07  1.31064E-07  1.28434E-07  1.25493E-07
  1.22293E-07  1.18878E-07  1.15288E-07  1.11551E-07  1.07693E-07  1.03731E-07
  9.96800E-08  9.55536E-08  9.13648E-08  8.71291E-08  8.28663E-08  7.86011E-08
  7.43639E-08  7.01896E-08  6.61166E-08  6.21842E-08  5.84296E-08  5.48853E-08
  5.15754E-08  4.85126E-08  4.56947E-08  4.31010E-08  4.06884E-08  3.83869E-08

  jn =   6
  2.13102E-08  2.33923E-08  2.50619E-08  2.62202E-08  2.68178E-08  2.68780E-08
  2.64869E-08  2.58046E-08  2.51555E-08  2.51559E-08  2.66915E-08  3.06162E-08
  3.73318E-08  4.65646E-08  5.74799E-08  6.90104E-08  8.01900E-08  9.03625E-08
  9.92396E-08  1.06832E-07  1.13312E-07  1.18874E-07  1.23654E-07  1.27709E-07
  1.31041E-07  1.33634E-07  1.35476E-07  1.36576E-07  1.36965E-07  1.36689E-07
  1.35810E-07  1.34390E-07  1.32498E-07  1.30197E-07  1.27548E-07  1.24608E-07
  1.21423E-07  1.18037E-07  1.14484E-07  1.10791E-07  1.06981E-07  1.03069E-07
  9.90697E-08  9.49940E-08  9.08544E-08  8.66659E-08  8.24476E-08  7.82241E-08
  7.40256E-08  6.98870E-08  6.58467E-08  6.19440E-08  5.82164E-08  5.46964E-08
  5.14083E-08  4.83651E-08  4.55646E-08  4.29864E-08  4.05875E-08  3.82982E-08

  jn =   7
  2.27771E-08  2.58598E-08  2.87230E-08  3.10609E-08  3.26764E-08  3.35213E-08
  3.36469E-08  3.32081E-08  3.25608E-08  3.23799E-08  3.36148E-08  3.71693E-08
  4.34766E-08  5.22795E-08  6.27525E-08  7.38356E-08  8.45690E-08  9.43009E-08
  1.02742E-07  1.09896E-07  1.15930E-07  1.21033E-07  1.25347E-07  1.28939E-07
  1.31825E-07  1.34002E-07  1.35471E-07  1.36247E-07  1.36364E-07  1.35868E-07
  1.34816E-07  1.33271E-07  1.31293E-07  1.28942E-07  1.26274E-07  1.23339E-07
  1.20181E-07  1.16838E-07  1.13340E-07  1.09711E-07  1.05970E-07  1.02131E-07
  9.82051E-08  9.42017E-08  9.01324E-08  8.60109E-08  8.18561E-08  7.76919E-08
  7.35484E-08  6.94605E-08  6.54666E-08  6.16061E-08  5.79167E-08  5.44312E-08
  5.11741E-08  4.81585E-08  4.53826E-08  4.28263E-08  4.04468E-08  3.81746E-08

  jn =   8
  2.35524E-08  2.73488E-08  3.12846E-08  3.49843E-08  3.80392E-08  4.00913E-08
  4.10012E-08  4.09570E-08  4.04592E-08  4.02951E-08  4.14470E-08  4.48029E-08
  5.07778E-08  5.91214E-08  6.90403E-08  7.95186E-08  8.96373E-08  9.87712E-08
  1.06640E-07  1.13242E-07  1.18728E-07  1.23281E-07  1.27039E-07  1.30078E-07
  1.32430E-07  1.34107E-07  1.35122E-07  1.35502E-07  1.35284E-07  1.34516E-07
  1.33254E-07  1.31554E-07  1.29475E-07  1.27069E-07  1.24386E-07  1.21471E-07
  1.18360E-07  1.15086E-07  1.11674E-07  1.08142E-07  1.04506E-07  1.00775E-07
  9.69578E-08  9.30614E-08  8.90953E-08  8.50721E-08  8.10096E-08  7.69315E-08
  7.28676E-08  6.88527E-08  6.49254E-08  6.11254E-08  5.74907E-08  5.40544E-08
  5.08415E-08  4.78653E-08  4.51245E-08  4.25993E-08  4.02474E-08  3.79997E-08

  jn =   9
  2.39141E-08  2.80823E-08  3.27635E-08  3.76313E-08  4.20567E-08  4.53829E-08
  4.74118E-08  4.83989E-08  4.87864E-08  4.91809E-08  5.04226E-08  5.33982E-08
  5.86448E-08  6.60797E-08  7.50550E-08  8.46491E-08  9.39865E-08  1.02448E-07
  1.09730E-07  1.15798E-07  1.20764E-07  1.24783E-07  1.27984E-07  1.30451E-07
  1.32236E-07  1.33373E-07  1.33897E-07  1.33845E-07  1.33266E-07  1.32209E-07
  1.30729E-07  1.28878E-07  1.26709E-07  1.24268E-07  1.21598E-07  1.18734E-07
  1.15709E-07  1.12545E-07  1.09263E-07  1.05875E-07  1.02390E-07  9.88147E-08
  9.51529E-08  9.14094E-08  8.75910E-08  8.37089E-08  7.97796E-08  7.58261E-08
  7.18777E-08  6.79692E-08  6.41393E-08  6.04279E-08  5.68734E-08  5.35093E-08
  5.03611E-08  4.74426E-08  4.47532E-08  4.22734E-08  3.99616E-08  3.77493E-08

  jn =  10
  2.38453E-08  2.83700E-08  3.34491E-08  3.90097E-08  4.44519E-08  4.91499E-08
  5.28707E-08  5.55156E-08  5.69912E-08  5.76114E-08  5.83236E-08  6.03379E-08
  6.45010E-08  7.09242E-08  7.90413E-08  8.79414E-08  9.67253E-08  1.04734E-07
  1.11617E-07  1.17286E-07  1.21808E-07  1.25311E-07  1.27923E-07  1.29751E-07
  1.30879E-07  1.31379E-07  1.31316E-07  1.30752E-07  1.29744E-07  1.28352E-07
  1.26627E-07  1.24621E-07  1.22377E-07  1.19935E-07  1.17327E-07  1.14580E-07
  1.11714E-07  1.08744E-07  1.05680E-07  1.02526E-07  9.92833E-08  9.59516E-08
  9.25300E-08  8.90189E-08  8.54223E-08  8.17493E-08  7.80152E-08  7.42426E-08
  7.04605E-08  6.67042E-08  6.30129E-08  5.94272E-08  5.59862E-08  5.27244E-08
  4.96678E-08  4.68314E-08  4.42150E-08  4.18003E-08  3.95463E-08  3.73851E-08

  jn =  11
  2.15289E-08  2.68880E-08  3.27115E-08  3.89972E-08  4.53576E-08  5.13576E-08
  5.66311E-08  6.05870E-08  6.25595E-08  6.30081E-08  6.31881E-08  6.45698E-08
  6.81281E-08  7.40163E-08  8.16733E-08  9.01793E-08  9.86207E-08  1.06318E-07
  1.12889E-07  1.18207E-07  1.22308E-07  1.25305E-07  1.27334E-07  1.28528E-07
  1.29006E-07  1.28870E-07  1.28211E-07  1.27109E-07  1.25633E-07  1.23849E-07
  1.21813E-07  1.19573E-07  1.17175E-07  1.14653E-07  1.12035E-07  1.09344E-07
  1.06592E-07  1.03786E-07  1.00928E-07  9.80125E-08  9.50337E-08  9.19822E-08
  8.88494E-08  8.56294E-08  8.23203E-08  7.89267E-08  7.54603E-08  7.19410E-08
  6.83962E-08  6.48601E-08  6.13713E-08  5.79705E-08  5.46972E-08  5.15865E-08
  4.86655E-08  4.59499E-08  4.34408E-08  4.11210E-08  3.89506E-08  3.68632E-08

  jn =  12
  1.80955E-08  2.38407E-08  3.06396E-08  3.75234E-08  4.47801E-08  5.17374E-08
  5.79852E-08  6.26523E-08  6.51680E-08  6.60309E-08  6.64968E-08  6.79350E-08
  7.12346E-08  7.67031E-08  8.38892E-08  9.19647E-08  1.00039E-07  1.07425E-07
  1.13714E-07  1.18750E-07  1.22542E-07  1.25194E-07  1.26846E-07  1.27641E-07
  1.27713E-07  1.27180E-07  1.26141E-07  1.24683E-07  1.22884E-07  1.20808E-07
  1.18514E-07  1.16055E-07  1.13473E-07  1.10806E-07  1.08082E-07  1.05323E-07
  1.02542E-07  9.97437E-08  9.69277E-08  9.40872E-08  9.12116E-08  8.82883E-08
  8.53048E-08  8.22511E-08  7.91215E-08  7.59166E-08  7.26449E-08  6.93228E-08
  6.59751E-08  6.26334E-08  5.93342E-08  5.61164E-08  5.30179E-08  5.00726E-08
  4.73066E-08  4.47351E-08  4.23590E-08  4.01608E-08  3.81011E-08  3.61137E-08

  jn =  13
  1.25111E-08  1.81973E-08  2.64703E-08  3.44294E-08  4.22954E-08  5.04995E-08
  5.76309E-08  6.29553E-08  6.66686E-08  6.89125E-08  7.01454E-08  7.13421E-08
  7.39292E-08  7.86635E-08  8.53167E-08  9.29878E-08  1.00796E-07  1.07977E-07
  1.14107E-07  1.18993E-07  1.22636E-07  1.25131E-07  1.26618E-07  1.27242E-07
  1.27142E-07  1.26439E-07  1.25236E-07  1.23623E-07  1.21676E-07  1.19463E-07
  1.17043E-07  1.14467E-07  1.11780E-07  1.09019E-07  1.06214E-07  1.03386E-07
  1.00550E-07  9.77103E-08  9.48663E-08  9.20111E-08  8.91337E-08  8.62208E-08
  8.32593E-08  8.02380E-08  7.71504E-08  7.39962E-08  7.07826E-08  6.75255E-08
  6.42484E-08  6.09822E-08  5.77624E-08  5.46269E-08  5.16130E-08  4.87534E-08
  4.60734E-08  4.35875E-08  4.12955E-08  3.91795E-08  3.71993E-08  3.52887E-08

  jn =  14
  6.94973E-09  1.12884E-08  2.00166E-08  2.89236E-08  3.79219E-08  4.67005E-08
  5.56548E-08  6.22782E-08  6.82992E-08  7.22295E-08  7.36044E-08  7.37844E-08
  7.54081E-08  7.94438E-08  8.57394E-08  9.32797E-08  1.00963E-07  1.08080E-07
  1.14165E-07  1.19032E-07  1.22637E-07  1.25095E-07  1.26530E-07  1.27099E-07
  1.26938E-07  1.26175E-07  1.24914E-07  1.23246E-07  1.21246E-07  1.18983E-07
  1.16515E-07  1.13894E-07  1.11165E-07  1.08366E-07  1.05526E-07  1.02668E-07
  9.98035E-08  9.69402E-08  9.40766E-08  9.12057E-08  8.83164E-08  8.53955E-08
  8.24294E-08  7.94070E-08  7.63214E-08  7.31721E-08  6.99662E-08  6.67193E-08
  6.34548E-08  6.02033E-08  5.70003E-08  5.38836E-08  5.08901E-08  4.80525E-08
  4.53959E-08  4.29344E-08  4.06679E-08  3.85780E-08  3.66246E-08  3.47413E-08

  jn =  15
  4.29609E-09  7.14731E-09  1.17636E-08  1.86102E-08  3.00530E-08  4.14583E-08
  5.10882E-08  5.97428E-08  6.90037E-08  7.44307E-08  7.48986E-08  7.43675E-08
  7.53224E-08  7.93490E-08  8.56166E-08  9.31186E-08  1.00753E-07  1.07918E-07
  1.14039E-07  1.18916E-07  1.22537E-07  1.25013E-07  1.26445E-07  1.27007E-07
  1.26847E-07  1.26072E-07  1.24803E-07  1.23119E-07  1.21105E-07  1.18825E-07
  1.16341E-07  1.13705E-07  1.10962E-07  1.08150E-07  1.05297E-07  1.02428E-07
  9.95535E-08  9.66812E-08  9.38098E-08  9.09323E-08  8.80376E-08  8.51123E-08
  8.21429E-08  7.91181E-08  7.60310E-08  7.28811E-08  6.96753E-08  6.64292E-08
  6.31662E-08  5.99169E-08  5.67166E-08  5.36031E-08  5.06133E-08  4.77799E-08
  4.51279E-08  4.26713E-08  4.04100E-08  3.83256E-08  3.63780E-08  3.45007E-08

  H2+ Dissociative Ionization Rate(jt,jn)  (cm**3 s**-1)
  jn =   1
  4.97516E-87  1.96401E-74  1.08652E-63  1.55752E-54  9.70616E-47  3.78960E-40
  1.26439E-34  4.98178E-30  3.18920E-26  4.43415E-23  1.72223E-20  2.31295E-18
  1.28499E-16  3.43371E-15  5.01210E-14  4.45132E-13  2.63559E-12  1.12397E-11
  3.68363E-11  9.78872E-11  2.20271E-10  4.34334E-10  7.70339E-10  1.25305E-09
  1.89599E-09  2.69620E-09  3.63099E-09  4.65808E-09  5.71983E-09  6.75091E-09
  7.68781E-09  8.47769E-09  9.08477E-09  9.49300E-09  9.70507E-09  9.73864E-09
  9.62123E-09  9.38488E-09  9.06172E-09  8.68078E-09  8.26624E-09  7.83670E-09
  7.40538E-09  6.98084E-09  6.56786E-09  6.16848E-09  5.78299E-09  5.41075E-09
  5.05088E-09  4.70283E-09  4.36666E-09  4.04318E-09  3.73390E-09  3.44077E-09
  3.16587E-09  2.91101E-09  2.67727E-09  2.46466E-09  2.27171E-09  2.09516E-09

  jn =   2
  6.78217E-87  2.67731E-74  1.47305E-63  2.06256E-54  1.23266E-46  4.62881E-40
  1.50919E-34  5.89753E-30  3.78227E-26  5.29839E-23  2.07824E-20  2.81826E-18
  1.57815E-16  4.23890E-15  6.19929E-14  5.49713E-13  3.23825E-12  1.36920E-11
  4.43486E-11  1.16163E-10  2.57173E-10  4.98479E-10  8.69221E-10  1.39154E-09
  2.07566E-09  2.91550E-09  3.88594E-09  4.94312E-09  6.02857E-09  7.07680E-09
  8.02452E-09  8.81935E-09  9.42616E-09  9.82957E-09  1.00330E-08  1.00548E-08
  9.92310E-09  9.67067E-09  9.33018E-09  8.93120E-09  8.49833E-09  8.05056E-09
  7.60141E-09  7.15967E-09  6.73029E-09  6.31544E-09  5.91546E-09  5.52975E-09
  5.15745E-09  4.79797E-09  4.45134E-09  4.11834E-09  3.80042E-09  3.49948E-09
  3.21756E-09  2.95640E-09  2.71703E-09  2.49941E-09  2.30201E-09  2.12152E-09

  jn =   3
  8.70316E-87  3.46691E-74  1.91492E-63  2.65494E-54  1.54645E-46  5.65091E-40
  1.81155E-34  7.04220E-30  4.53122E-26  6.39958E-23  2.53548E-20  3.47186E-18
  1.95978E-16  5.29317E-15  7.76198E-14  6.88039E-13  4.03888E-12  1.69629E-11
  5.44044E-11  1.40703E-10  3.06864E-10  5.85059E-10  1.00295E-09  1.57913E-09
  2.31934E-09  3.21322E-09  4.23226E-09  5.33040E-09  6.44807E-09  7.51950E-09
  8.48168E-09  9.28293E-09  9.88896E-09  1.02854E-08  1.04765E-08  1.04818E-08
  1.03304E-08  1.00557E-08  9.69138E-09  9.26765E-09  8.80974E-09  8.33714E-09
  7.86381E-09  7.39882E-09  6.94736E-09  6.51175E-09  6.09242E-09  5.68878E-09
  5.29998E-09  4.92539E-09  4.56499E-09  4.21949E-09  3.89025E-09  3.57913E-09
  3.28805E-09  3.01868E-09  2.77199E-09  2.54784E-09  2.34464E-09  2.15898E-09

  jn =   4
  1.06042E-86  4.29800E-74  2.40241E-63  3.33238E-54  1.91537E-46  6.87892E-40
  2.18117E-34  8.46138E-30  5.47092E-26  7.79558E-23  3.12045E-20  4.31495E-18
  2.45573E-16  6.67259E-15  9.81930E-14  8.71178E-13  5.10436E-12  2.13362E-11
  6.79074E-11  1.73784E-10  3.74085E-10  7.02549E-10  1.18493E-09  1.83502E-09
  2.65242E-09  3.62085E-09  4.70710E-09  5.86200E-09  7.02438E-09  8.12802E-09
  9.11031E-09  9.92045E-09  1.05253E-08  1.09119E-08  1.10860E-08  1.10683E-08
  1.08892E-08  1.05836E-08  1.01860E-08  9.72787E-09  9.23516E-09  8.72812E-09
  8.22126E-09  7.72410E-09  7.24214E-09  6.77790E-09  6.33192E-09  5.90366E-09
  5.49224E-09  5.09699E-09  4.71781E-09  4.35531E-09  4.01074E-09  3.68584E-09
  3.38242E-09  3.10203E-09  2.84553E-09  2.61267E-09  2.40175E-09  2.20925E-09

  jn =   5
  1.22897E-86  5.10428E-74  2.90879E-63  4.07298E-54  2.33457E-46  8.31644E-40
  2.62408E-34  1.01938E-29  6.63523E-26  9.54651E-23  3.86184E-20  5.39345E-18
  3.09561E-16  8.46670E-15  1.25153E-13  1.11285E-12  6.51937E-12  2.71780E-11
  8.60385E-11  2.18414E-10  4.65152E-10  8.62320E-10  1.43323E-09  2.18520E-09
  3.10943E-09  4.18142E-09  5.36138E-09  6.59573E-09  7.82093E-09  8.97008E-09
  9.98100E-09  1.08041E-08  1.14079E-08  1.17813E-08  1.19318E-08  1.18822E-08
  1.16648E-08  1.13161E-08  1.08723E-08  1.03661E-08  9.82482E-09  9.26968E-09
  8.71600E-09  8.17392E-09  7.64938E-09  7.14517E-09  6.66202E-09  6.19943E-09
  5.75652E-09  5.33253E-09  4.92725E-09  4.54114E-09  4.17531E-09  3.83133E-09
  3.51085E-09  3.21526E-09  2.94526E-09  2.70042E-09  2.47891E-09  2.27706E-09

  jn =   6
  1.35655E-86  5.79422E-74  3.38748E-63  4.82899E-54  2.78735E-46  9.93348E-40
  3.13749E-34  1.22505E-29  8.04602E-26  1.17069E-22  4.79119E-20  6.76372E-18
  3.91772E-16  1.07929E-14  1.60376E-13  1.43067E-12  8.39123E-12  3.49479E-11
  1.10278E-10  2.78370E-10  5.88061E-10  1.07889E-09  1.77117E-09  2.66362E-09
  3.73598E-09  4.95240E-09  6.26386E-09  7.61043E-09  8.92509E-09  1.01397E-08
  1.11926E-08  1.20356E-08  1.26395E-08  1.29956E-08  1.31143E-08  1.30208E-08
  1.27502E-08  1.23414E-08  1.18329E-08  1.12595E-08  1.06501E-08  1.00274E-08
  9.40801E-09  8.80285E-09  8.21850E-09  7.65818E-09  7.12283E-09  6.61207E-09
  6.12495E-09  5.66064E-09  5.21875E-09  4.79954E-09  4.40391E-09  4.03320E-09
  3.68884E-09  3.37198E-09  3.08309E-09  2.82153E-09  2.58524E-09  2.37033E-09

  jn =   7
  1.43605E-86  6.29444E-74  3.78247E-63  5.51902E-54  3.23549E-46  1.16456E-39
  3.71118E-34  1.46401E-29  9.72729E-26  1.43226E-22  5.92926E-20  8.45942E-18
  4.94683E-16  1.37416E-14  2.05600E-13  1.84372E-12  1.08507E-11  4.52541E-11
  1.42690E-10  3.59093E-10  7.54520E-10  1.37371E-09  2.23328E-09  3.32041E-09
  4.59914E-09  6.01780E-09  7.51430E-09  9.01960E-09  1.04615E-08  1.17699E-08
  1.28836E-08  1.37565E-08  1.43623E-08  1.46958E-08  1.47711E-08  1.46174E-08
  1.42732E-08  1.37811E-08  1.31827E-08  1.25155E-08  1.18111E-08  1.10940E-08
  1.03825E-08  9.68885E-09  9.02046E-09  8.38117E-09  7.77227E-09  7.19352E-09
  6.64399E-09  6.12269E-09  5.62904E-09  5.16303E-09  4.72528E-09  4.31679E-09
  3.93868E-09  3.59178E-09  3.27623E-09  2.99108E-09  2.73395E-09  2.50067E-09

  jn =   8
  1.47699E-86  6.58774E-74  4.05245E-63  6.06994E-54  3.64315E-46  1.33425E-39
  4.30686E-34  1.71935E-29  1.15780E-25  1.73122E-22  7.28550E-20  1.05593E-17
  6.25892E-16  1.75696E-14  2.64813E-13  2.38573E-12  1.40755E-11  5.87504E-11
  1.85124E-10  4.64914E-10  9.73361E-10  1.76292E-09  2.84645E-09  4.19687E-09
  5.75795E-09  7.45697E-09  9.21386E-09  1.09465E-08  1.25745E-08  1.40243E-08
  1.52341E-08  1.61597E-08  1.67782E-08  1.70888E-08  1.71104E-08  1.68773E-08
  1.64334E-08  1.58261E-08  1.51018E-08  1.43023E-08  1.34628E-08  1.26112E-08
  1.17682E-08  1.09479E-08  1.01594E-08  9.40725E-09  8.69340E-09  8.01778E-09
  7.37943E-09  6.77716E-09  6.21005E-09  5.67769E-09  5.18024E-09  4.71824E-09
  4.29233E-09  3.90287E-09  3.54955E-09  3.23096E-09  2.94429E-09  2.68491E-09

  jn =   9
  1.49621E-86  6.73089E-74  4.20694E-63  6.44054E-54  3.95013E-46  1.47318E-39
  4.84207E-34  1.97524E-29  1.36297E-25  2.08611E-22  8.94390E-20  1.31269E-17
  7.83902E-16  2.20999E-14  3.34120E-13  3.01956E-12  1.78797E-11  7.49215E-11
  2.36933E-10  5.96595E-10  1.25045E-09  2.26303E-09  3.64384E-09  5.34746E-09
  7.29034E-09  9.37083E-09  1.14839E-08  1.35290E-08  1.54148E-08  1.70624E-08
  1.84093E-08  1.94141E-08  2.00583E-08  2.03468E-08  2.03052E-08  1.99743E-08
  1.94046E-08  1.86500E-08  1.77629E-08  1.67906E-08  1.57731E-08  1.47425E-08
  1.37227E-08  1.27309E-08  1.17779E-08  1.08700E-08  1.00099E-08  9.19830E-09
  8.43434E-09  7.71684E-09  7.04463E-09  6.41694E-09  5.83346E-09  5.29420E-09
  4.79920E-09  4.34823E-09  3.94035E-09  3.57352E-09  3.24430E-09  2.94744E-09

  jn =  10
  1.49030E-86  6.78615E-74  4.27844E-63  6.63450E-54  4.13637E-46  1.57528E-39
  5.31592E-34  2.22969E-29  1.57413E-25  2.44634E-22  1.05962E-19  1.57017E-17
  9.48755E-16  2.71380E-14  4.17011E-13  3.83084E-12  2.30220E-11  9.76347E-11
  3.11414E-10  7.88076E-10  1.65467E-09  2.99143E-09  4.80052E-09  7.00856E-09
  9.49281E-09  1.21115E-08  1.47259E-08  1.72110E-08  1.94603E-08  2.13877E-08
  2.29295E-08  2.40468E-08  2.47271E-08  2.49828E-08  2.48481E-08  2.43735E-08
  2.36193E-08  2.26488E-08  2.15237E-08  2.02996E-08  1.90239E-08  1.77350E-08
  1.64620E-08  1.52258E-08  1.40402E-08  1.29134E-08  1.18492E-08  1.08486E-08
  9.91100E-09  9.03467E-09  8.21789E-09  7.45913E-09  6.75725E-09  6.11140E-09
  5.52077E-09  4.98428E-09  4.50014E-09  4.06551E-09  3.67612E-09  3.32594E-09

  jn =  11
  1.34180E-86  6.40787E-74  4.16729E-63  6.60443E-54  4.19960E-46  1.63504E-39
  5.64754E-34  2.41743E-29  1.73142E-25  2.73794E-22  1.21870E-19  1.87299E-17
  1.17616E-15  3.47746E-14  5.47119E-13  5.09379E-12  3.07497E-11  1.30126E-10
  4.12383E-10  1.03452E-09  2.15136E-09  3.85231E-09  6.12615E-09  8.86938E-09
  1.19224E-08  1.51087E-08  1.82610E-08  2.12343E-08  2.39089E-08  2.61908E-08
  2.80126E-08  2.93344E-08  3.01445E-08  3.04579E-08  3.03129E-08  2.97653E-08
  2.88817E-08  2.77333E-08  2.63897E-08  2.49152E-08  2.33657E-08  2.17876E-08
  2.02175E-08  1.86829E-08  1.72031E-08  1.57909E-08  1.44537E-08  1.31950E-08
  1.20157E-08  1.09153E-08  9.89248E-09  8.94557E-09  8.07304E-09  7.27337E-09
  6.54484E-09  5.88533E-09  5.29193E-09  4.76061E-09  4.28586E-09  3.86040E-09

  jn =  12
  1.12399E-86  5.65195E-74  3.88424E-63  6.32339E-54  4.12944E-46  1.64048E-39
  5.76138E-34  2.50388E-29  1.84397E-25  3.07120E-22  1.46513E-19  2.39320E-17
  1.55363E-15  4.62337E-14  7.19115E-13  6.56083E-12  3.87058E-11  1.60197E-10
  4.97759E-10  1.22802E-09  2.51905E-09  4.46131E-09  7.03284E-09  1.01124E-08
  1.35209E-08  1.70650E-08  2.05645E-08  2.38652E-08  2.68416E-08  2.93958E-08
  3.14578E-08  3.29857E-08  3.39664E-08  3.44135E-08  3.43647E-08  3.38755E-08
  3.30131E-08  3.18497E-08  3.04570E-08  2.89020E-08  2.72438E-08  2.55324E-08
  2.38083E-08  2.21032E-08  2.04401E-08  1.88356E-08  1.73005E-08  1.58416E-08
  1.44625E-08  1.31653E-08  1.19506E-08  1.08187E-08  9.76960E-09  8.80289E-09
  7.91780E-09  7.11278E-09  6.38524E-09  5.73116E-09  5.14480E-09  4.61836E-09

  jn =  13
  7.71201E-87  4.27272E-74  3.33018E-63  5.76887E-54  3.88309E-46  1.59643E-39
  5.72311E-34  2.54865E-29  2.00169E-25  3.67897E-22  1.89084E-19  3.13316E-17
  1.98287E-15  5.68014E-14  8.52405E-13  7.54583E-12  4.34853E-11  1.76741E-10
  5.41687E-10  1.32250E-09  2.69164E-09  4.73903E-09  7.43785E-09  1.06598E-08
  1.42187E-08  1.79151E-08  2.15646E-08  2.50101E-08  2.81242E-08  3.08080E-08
  3.29905E-08  3.46294E-08  3.57105E-08  3.62471E-08  3.62758E-08  3.58516E-08
  3.50413E-08  3.39167E-08  3.25495E-08  3.10068E-08  2.93482E-08  2.76244E-08
  2.58767E-08  2.41374E-08  2.24307E-08  2.07742E-08  1.91795E-08  1.76544E-08
  1.62035E-08  1.48296E-08  1.35345E-08  1.23193E-08  1.11847E-08  1.01314E-08
  9.15948E-09  8.26823E-09  7.45583E-09  6.71897E-09  6.05242E-09  5.44877E-09

  jn =  14
  4.21609E-87  2.60218E-74  2.48790E-63  4.81116E-54  3.47066E-46  1.47326E-39
  5.53905E-34  2.59379E-29  2.26640E-25  4.56655E-22  2.36506E-19  3.74735E-17
  2.26143E-15  6.24515E-14  9.14246E-13  7.96535E-12  4.53668E-11  1.82919E-10
  5.57467E-10  1.35622E-09  2.75260E-09  4.83780E-09  7.58193E-09  1.08551E-08
  1.44668E-08  1.82169E-08  2.19195E-08  2.54167E-08  2.85807E-08  3.13121E-08
  3.35400E-08  3.52216E-08  3.63427E-08  3.69162E-08  3.69786E-08  3.65846E-08
  3.58008E-08  3.46990E-08  3.33507E-08  3.18230E-08  3.01755E-08  2.84592E-08
  2.67154E-08  2.49767E-08  2.32675E-08  2.16055E-08  2.00028E-08  1.84670E-08
  1.70032E-08  1.56142E-08  1.43019E-08  1.30675E-08  1.19122E-08  1.08367E-08
  9.84110E-09  8.92510E-09  8.08703E-09  7.32375E-09  6.63020E-09  5.99903E-09

  jn =  15
  2.52843E-87  1.59609E-74  1.41843E-63  3.05967E-54  2.76349E-46  1.31121E-39
  5.11021E-34  2.57636E-29  2.52075E-25  5.29863E-22  2.64914E-19  4.03692E-17
  2.36637E-15  6.44132E-14  9.34155E-13  8.08624E-12  4.58314E-11  1.84390E-10
  5.61145E-10  1.36344E-09  2.76565E-09  4.86036E-09  7.61521E-09  1.09010E-08
  1.45333E-08  1.83019E-08  2.20286E-08  2.55464E-08  2.87308E-08  3.14782E-08
  3.37213E-08  3.54173E-08  3.65520E-08  3.71382E-08  3.72125E-08  3.68294E-08
  3.60553E-08  3.49621E-08  3.36213E-08  3.21000E-08  3.04578E-08  2.87456E-08
  2.70049E-08  2.52684E-08  2.35606E-08  2.18991E-08  2.02960E-08  1.87593E-08
  1.72938E-08  1.59026E-08  1.45875E-08  1.33499E-08  1.21907E-08  1.11109E-08
  1.01107E-08  9.18965E-09  8.34626E-09  7.57740E-09  6.87802E-09  6.24076E-09

  H2 Dissociative Excitation n=3 / n=1 (jt,jn)
  jn =   1
  1.00000E-99  1.00000E-99  1.44825E-85  1.77860E-69  1.04763E-56  1.42545E-46
  1.56183E-38  3.71578E-32  4.22118E-27  4.28213E-23  6.37865E-20  2.07143E-17
  2.00759E-15  7.45378E-14  1.29315E-12  1.22831E-11  7.25277E-11  2.94924E-10
  8.97237E-10  2.18288E-09  4.47603E-09  8.05208E-09  1.30875E-08  1.96261E-08
  2.75555E-08  3.66013E-08  4.63445E-08  5.62644E-08  6.57992E-08  7.44133E-08
  8.16595E-08  8.72250E-08  9.09540E-08  9.28444E-08  9.30239E-08  9.17119E-08
  8.91784E-08  8.57068E-08  8.15668E-08  7.69966E-08  7.21945E-08  6.73179E-08
  6.24860E-08  5.77854E-08  5.32752E-08  4.89937E-08  4.49627E-08  4.11921E-08
  3.76830E-08  3.44306E-08  3.14261E-08  2.86578E-08  2.61129E-08  2.37775E-08
  2.16375E-08  1.96792E-08  1.78891E-08  1.62543E-08  1.47625E-08  1.34023E-08

  jn =   2
  1.00000E-99  1.00000E-99  4.57904E-85  5.62323E-69  3.31199E-56  4.50614E-46
  4.93687E-38  1.17445E-31  1.33406E-26  1.35318E-22  2.01545E-19  6.54420E-17
  6.34164E-15  2.35418E-13  4.08365E-12  3.87833E-11  2.28971E-10  9.30947E-10
  2.83174E-09  6.88805E-09  1.41211E-08  2.53973E-08  4.12708E-08  6.18781E-08
  8.68662E-08  1.15373E-07  1.46081E-07  1.77354E-07  2.07424E-07  2.34603E-07
  2.57481E-07  2.75070E-07  2.86873E-07  2.92882E-07  2.93496E-07  2.89402E-07
  2.81450E-07  2.70533E-07  2.57501E-07  2.43106E-07  2.27972E-07  2.12598E-07
  1.97360E-07  1.82531E-07  1.68301E-07  1.54789E-07  1.42065E-07  1.30161E-07
  1.19081E-07  1.08810E-07  9.93204E-08  9.05763E-08  8.25367E-08  7.51583E-08
  6.83969E-08  6.22090E-08  5.65521E-08  5.13856E-08  4.66710E-08  4.23719E-08

  jn =   3
  1.00000E-99  1.00000E-99  1.44771E-84  1.77763E-68  1.04686E-55  1.42410E-45
  1.55997E-37  3.71036E-31  4.21370E-26  4.27299E-22  6.36243E-19  2.06522E-16
  2.00058E-14  7.42386E-13  1.28727E-11  1.22208E-10  7.21230E-10  2.93128E-09
  8.91294E-09  2.16715E-08  4.44093E-08  7.98362E-08  1.29681E-07  1.94365E-07
  2.72786E-07  3.62256E-07  4.58665E-07  5.56898E-07  6.51422E-07  7.36944E-07
  8.09029E-07  8.64555E-07  9.01946E-07  9.21144E-07  9.23380E-07  9.10801E-07
  8.86060E-07  8.51958E-07  8.11160E-07  7.66030E-07  7.18537E-07  6.70249E-07
  6.22357E-07  5.75726E-07  5.30951E-07  4.88418E-07  4.48349E-07  4.10849E-07
  3.75933E-07  3.43557E-07  3.13636E-07  2.86058E-07  2.60696E-07  2.37416E-07
  2.16078E-07  1.96546E-07  1.78687E-07  1.62375E-07  1.47487E-07  1.33909E-07

  jn =   4
  1.00000E-99  1.00000E-99  4.57730E-84  5.61888E-68  3.30805E-55  4.49872E-45
  4.92617E-37  1.17118E-30  1.32938E-25  1.34726E-21  2.00460E-18  6.50139E-16
  6.29200E-14  2.33249E-12  4.04020E-11  3.83155E-10  2.25893E-09  9.17193E-09
  2.78619E-08  6.76817E-08  1.38566E-07  2.48890E-07  4.03975E-07  6.05124E-07
  8.48967E-07  1.12726E-06  1.42739E-06  1.73358E-06  2.02870E-06  2.29631E-06
  2.52252E-06  2.69751E-06  2.81619E-06  2.87824E-06  2.88732E-06  2.85002E-06
  2.77453E-06  2.66953E-06  2.54332E-06  2.40327E-06  2.25557E-06  2.10513E-06
  1.95570E-06  1.81003E-06  1.67001E-06  1.53686E-06  1.41133E-06  1.29375E-06
  1.18420E-06  1.08255E-06  9.88549E-07  9.01867E-07  8.22110E-07  7.48864E-07
  6.81702E-07  6.20201E-07  5.63949E-07  5.12549E-07  4.65625E-07  4.22819E-07

  jn =   5
  1.00000E-99  1.00000E-99  1.44780E-83  1.77616E-67  1.04503E-54  1.42017E-44
  1.55385E-36  3.69055E-30  4.18382E-25  4.23350E-21  6.28712E-18  2.03450E-15
  1.96394E-13  7.26013E-12  1.25387E-10  1.18561E-09  6.97007E-09  2.82250E-08
  8.55281E-08  2.07291E-07  4.23519E-07  7.59367E-07  1.23081E-06  1.84193E-06
  2.58306E-06  3.43011E-06  4.34576E-06  5.28295E-06  6.19005E-06  7.01691E-06
  7.72071E-06  8.27046E-06  8.64951E-06  8.85563E-06  8.89900E-06  8.79887E-06
  8.57975E-06  8.26790E-06  7.88867E-06  7.46473E-06  7.01519E-06  6.55539E-06
  6.09713E-06  5.64906E-06  5.21729E-06  4.80582E-06  4.41710E-06  4.05236E-06
  3.71196E-06  3.39567E-06  3.10280E-06  2.83239E-06  2.58331E-06  2.35433E-06
  2.14417E-06  1.95157E-06  1.77526E-06  1.61405E-06  1.46677E-06  1.33234E-06

  jn =   6
  1.00000E-99  1.00000E-99  4.58409E-83  5.61553E-67  3.29899E-54  4.47588E-44
  4.88757E-36  1.15796E-29  1.30850E-24  1.31860E-20  1.94828E-17  6.26633E-15
  6.00697E-13  2.20369E-11  3.77562E-10  3.54184E-09  2.06652E-08  8.31050E-08
  2.50274E-07  6.03309E-07  1.22700E-06  2.19194E-06  3.54348E-06  5.29514E-06
  7.42375E-06  9.86674E-06  1.25241E-05  1.52661E-05  1.79472E-05  2.04218E-05
  2.25623E-05  2.42721E-05  2.54947E-05  2.62152E-05  2.64555E-05  2.62658E-05
  2.57136E-05  2.48732E-05  2.38181E-05  2.26151E-05  2.13215E-05  1.99842E-05
  1.86396E-05  1.73152E-05  1.60308E-05  1.48001E-05  1.36315E-05  1.25302E-05
  1.14983E-05  1.05360E-05  9.64196E-06  8.81404E-06  8.04934E-06  7.34459E-06
  6.69631E-06  6.10093E-06  5.55491E-06  5.05476E-06  4.59712E-06  4.17880E-06

  jn =   7
  1.00000E-99  1.00000E-99  1.44939E-82  1.76946E-66  1.03580E-53  1.39970E-43
  1.52111E-35  3.58170E-29  4.01487E-24  4.00388E-20  5.83921E-17  1.84901E-14
  1.74131E-12  6.26717E-11  1.05310E-09  9.69627E-09  5.56188E-08  2.20364E-07
  6.55276E-07  1.56296E-06  3.15136E-06  5.59215E-06  8.99895E-06  1.34166E-05
  1.88109E-05  2.50582E-05  3.19431E-05  3.91684E-05  4.63811E-05  5.32104E-05
  5.93099E-05  6.43977E-05  6.82841E-05  7.08836E-05  7.22094E-05  7.23557E-05
  7.14717E-05  6.97358E-05  6.73331E-05  6.44394E-05  6.12110E-05  5.77800E-05
  5.42538E-05  5.07164E-05  4.72314E-05  4.38454E-05  4.05909E-05  3.74896E-05
  3.45547E-05  3.17927E-05  2.92055E-05  2.67915E-05  2.45464E-05  2.24641E-05
  2.05376E-05  1.87590E-05  1.71198E-05  1.56116E-05  1.42261E-05  1.29548E-05

  jn =   8
  1.00000E-99  1.00000E-99  4.46662E-82  5.41664E-66  3.14900E-53  4.22404E-43
  4.54995E-35  1.05851E-28  1.16641E-23  1.13658E-19  1.61006E-16  4.92936E-14
  4.47730E-12  1.55434E-10  2.52579E-09  2.25899E-08  1.26534E-07  4.92027E-07
  1.44168E-06  3.39777E-06  6.78218E-06  1.19345E-05  1.90823E-05  2.83380E-05
  3.96889E-05  5.29714E-05  6.78464E-05  8.37966E-05  1.00156E-04  1.16171E-04
  1.31084E-04  1.44222E-04  1.55065E-04  1.63296E-04  1.68801E-04  1.71657E-04
  1.72078E-04  1.70372E-04  1.66890E-04  1.61989E-04  1.56006E-04  1.49241E-04
  1.41951E-04  1.34351E-04  1.26614E-04  1.18876E-04  1.11245E-04  1.03801E-04
  9.66040E-05  8.96958E-05  8.31056E-05  7.68514E-05  7.09428E-05  6.53825E-05
  6.01680E-05  5.52929E-05  5.07476E-05  4.65204E-05  4.25980E-05  3.89659E-05

  jn =   9
  1.00000E-99  1.00000E-99  1.23935E-81  1.48907E-65  8.59882E-53  1.14720E-42
  1.22577E-34  2.80681E-28  3.01145E-23  2.82817E-19  3.83651E-16  1.12314E-13
  9.78470E-12  3.27882E-10  5.18454E-09  4.54887E-08  2.51652E-07  9.70644E-07
  2.82592E-06  6.61584E-06  1.31029E-05  2.28575E-05  3.62349E-05  5.34196E-05
  7.44410E-05  9.91277E-05  1.27036E-04  1.57404E-04  1.89165E-04  2.21031E-04
  2.51628E-04  2.79654E-04  3.04027E-04  3.23985E-04  3.39126E-04  3.49395E-04
  3.55013E-04  3.56406E-04  3.54110E-04  3.48708E-04  3.40776E-04  3.30846E-04
  3.19392E-04  3.06822E-04  2.93480E-04  2.79649E-04  2.65562E-04  2.51408E-04
  2.37338E-04  2.23471E-04  2.09905E-04  1.96712E-04  1.83952E-04  1.71668E-04
  1.59892E-04  1.48647E-04  1.37946E-04  1.27798E-04  1.18203E-04  1.09157E-04

  jn =  10
  1.00000E-99  1.00000E-99  2.73092E-81  3.26741E-65  1.90212E-52  2.57804E-42
  2.79108E-34  6.39889E-28  6.77781E-23  6.22540E-19  8.23631E-16  2.35600E-13
  2.01323E-11  6.64364E-10  1.03788E-08  9.01433E-08  4.93824E-07  1.88405E-06
  5.41508E-06  1.24906E-05  2.43430E-05  4.17843E-05  6.52569E-05  9.50055E-05
  1.31150E-04  1.73601E-04  2.21891E-04  2.75043E-04  3.31523E-04  3.89341E-04
  4.46237E-04  4.99948E-04  5.48464E-04  5.90230E-04  6.24261E-04  6.50142E-04
  6.67965E-04  6.78202E-04  6.81581E-04  6.78960E-04  6.71237E-04  6.59283E-04
  6.43900E-04  6.25805E-04  6.05622E-04  5.83886E-04  5.61048E-04  5.37485E-04
  5.13511E-04  4.89385E-04  4.65319E-04  4.41486E-04  4.18026E-04  3.95052E-04
  3.72652E-04  3.50898E-04  3.29843E-04  3.09528E-04  2.89983E-04  2.71230E-04

  jn =  11
  1.00000E-99  1.00000E-99  4.47009E-81  5.50658E-65  3.40035E-52  4.96646E-42
  5.76077E-34  1.38718E-27  1.51110E-22  1.40366E-18  1.85229E-15  5.21790E-13
  4.34203E-11  1.38370E-09  2.07683E-08  1.72924E-07  9.08287E-07  3.32874E-06
  9.21875E-06  2.05698E-05  3.89508E-05  6.52640E-05  9.99689E-05  1.43416E-04
  1.95964E-04  2.57826E-04  3.28780E-04  4.07916E-04  4.93521E-04  5.83137E-04
  6.73780E-04  7.62280E-04  8.45630E-04  9.21301E-04  9.87442E-04  1.04294E-03
  1.08738E-03  1.12091E-03  1.14410E-03  1.15777E-03  1.16286E-03  1.16038E-03
  1.15127E-03  1.13644E-03  1.11673E-03  1.09288E-03  1.06556E-03  1.03539E-03
  1.00290E-03  9.68590E-04  9.32890E-04  8.96200E-04  8.58871E-04  8.21222E-04
  7.83531E-04  7.46047E-04  7.08983E-04  6.72524E-04  6.36827E-04  6.02020E-04

  jn =  12
  1.00000E-99  1.00000E-99  6.05058E-81  8.28775E-65  5.89656E-52  9.88974E-42
  1.27658E-33  3.29492E-27  3.71737E-22  3.45417E-18  4.39187E-15  1.15371E-12
  8.79038E-11  2.55609E-09  3.52407E-08  2.72530E-07  1.34586E-06  4.69131E-06
  1.24832E-05  2.69916E-05  4.98772E-05  8.20246E-05  1.23903E-04  1.75994E-04
  2.38907E-04  3.13180E-04  3.98909E-04  4.95427E-04  6.01132E-04  7.13520E-04
  8.29401E-04  9.45255E-04  1.05763E-03  1.16350E-03  1.26053E-03  1.34716E-03
  1.42259E-03  1.48664E-03  1.53962E-03  1.58214E-03  1.61495E-03  1.63888E-03
  1.65473E-03  1.66323E-03  1.66506E-03  1.66079E-03  1.65095E-03  1.63598E-03
  1.61630E-03  1.59227E-03  1.56424E-03  1.53255E-03  1.49753E-03  1.45950E-03
  1.41880E-03  1.37576E-03  1.33072E-03  1.28403E-03  1.23601E-03  1.18702E-03

  jn =  13
  1.00000E-99  1.00000E-99  8.07369E-81  1.32922E-64  1.12997E-51  2.16196E-41
  3.03491E-33  8.19554E-27  9.27872E-22  8.16033E-18  9.24620E-15  2.10542E-12
  1.40373E-10  3.66757E-09  4.66446E-08  3.40176E-07  1.60942E-06  5.43934E-06
  1.41511E-05  3.01039E-05  5.49695E-05  8.96169E-05  1.34530E-04  1.90266E-04
  2.57570E-04  3.37148E-04  4.29273E-04  5.33433E-04  6.48137E-04  7.70939E-04
  8.98648E-04  1.02769E-03  1.15452E-03  1.27600E-03  1.38969E-03  1.49392E-03
  1.58781E-03  1.67115E-03  1.74421E-03  1.80758E-03  1.86203E-03  1.90838E-03
  1.94740E-03  1.97982E-03  2.00626E-03  2.02724E-03  2.04317E-03  2.05439E-03
  2.06117E-03  2.06369E-03  2.06210E-03  2.05650E-03  2.04698E-03  2.03360E-03
  2.01641E-03  1.99546E-03  1.97080E-03  1.94250E-03  1.91064E-03  1.87533E-03

  jn =  14
  1.00000E-99  1.00000E-99  1.10177E-80  2.16651E-64  2.10374E-51  4.38587E-41
  6.48232E-33  1.79049E-26  1.96439E-21  1.54271E-17  1.48239E-14  2.91244E-12
  1.75059E-10  4.28288E-09  5.22150E-08  3.70043E-07  1.71930E-06  5.73809E-06
  1.47984E-05  3.12632E-05  5.68237E-05  9.22969E-05  1.38225E-04  1.95165E-04
  2.63984E-04  3.45409E-04  4.39782E-04  5.46651E-04  6.64579E-04  7.91149E-04
  9.23185E-04  1.05711E-03  1.18937E-03  1.31682E-03  1.43697E-03  1.54817E-03
  1.64954E-03  1.74088E-03  1.82249E-03  1.89499E-03  1.95922E-03  2.01603E-03
  2.06627E-03  2.11072E-03  2.15006E-03  2.18488E-03  2.21565E-03  2.24276E-03
  2.26650E-03  2.28713E-03  2.30480E-03  2.31964E-03  2.33173E-03  2.34110E-03
  2.34779E-03  2.35177E-03  2.35301E-03  2.35147E-03  2.34709E-03  2.33979E-03

  jn =  15
  1.00000E-99  1.00000E-99  1.38138E-80  3.02440E-64  3.16262E-51  6.93148E-41
  1.06271E-32  2.97787E-26  3.12866E-21  2.18680E-17  1.85611E-14  3.33540E-12
  1.91052E-10  4.53126E-09  5.42873E-08  3.80992E-07  1.76143E-06  5.85054E-06
  1.50392E-05  3.17156E-05  5.75501E-05  9.33145E-05  1.39636E-04  1.97048E-04
  2.66222E-04  3.48196E-04  4.43058E-04  5.50670E-04  6.69474E-04  7.97273E-04
  9.30742E-04  1.06630E-03  1.20040E-03  1.32987E-03  1.45224E-03  1.56585E-03
  1.66982E-03  1.76396E-03  1.84859E-03  1.92436E-03  1.99211E-03  2.05273E-03
  2.10710E-03  2.15605E-03  2.20029E-03  2.24044E-03  2.27702E-03  2.31047E-03
  2.34114E-03  2.36932E-03  2.39523E-03  2.41904E-03  2.44091E-03  2.46093E-03
  2.47917E-03  2.49568E-03  2.51050E-03  2.52364E-03  2.53508E-03  2.54481E-03

  H2+ Dissociative Excitation n=3 / n=1 (jt,jn)
  jn =   1
  9.06650E-84  3.13370E-71  1.51527E-60  1.79079E-51  8.49126E-44  2.50583E-37
  6.78216E-32  2.36836E-27  1.43956E-23  1.97879E-20  7.72607E-18  1.04423E-15
  5.79574E-14  1.53004E-12  2.17870E-11  1.86258E-10  1.04681E-09  4.17497E-09
  1.25974E-08  3.03301E-08  6.08907E-08  1.05680E-07  1.63291E-07  2.30023E-07
  3.01076E-07  3.71730E-07  4.38109E-07  4.97458E-07  5.48098E-07  5.89213E-07
  6.20609E-07  6.42510E-07  6.55414E-07  6.59997E-07  6.57052E-07  6.47448E-07
  6.32106E-07  6.11966E-07  5.87965E-07  5.61005E-07  5.31935E-07  5.01523E-07
  4.70447E-07  4.39280E-07  4.08498E-07  3.78474E-07  3.49493E-07  3.21761E-07
  2.95417E-07  2.70550E-07  2.47203E-07  2.25391E-07  2.05104E-07  1.86316E-07
  1.68986E-07  1.53062E-07  1.38483E-07  1.25174E-07  1.13051E-07  1.02017E-07

  jn =   2
  2.85531E-83  9.86190E-71  4.76535E-60  5.62799E-51  2.66680E-43  7.86470E-37
  2.12722E-31  7.42344E-27  4.50924E-23  6.19426E-20  2.41697E-17  3.26466E-15
  1.81087E-13  4.77785E-12  6.79979E-11  5.81036E-10  3.26417E-09  1.30139E-08
  3.92567E-08  9.44982E-08  1.89693E-07  3.29211E-07  5.08696E-07  7.16653E-07
  9.38160E-07  1.15854E-06  1.36572E-06  1.55113E-06  1.70950E-06  1.83826E-06
  1.93678E-06  2.00573E-06  2.04663E-06  2.06156E-06  2.05298E-06  2.02357E-06
  1.97619E-06  1.91376E-06  1.83922E-06  1.75536E-06  1.66485E-06  1.57007E-06
  1.47315E-06  1.37590E-06  1.27980E-06  1.18602E-06  1.09546E-06  1.00877E-06
  9.26390E-07  8.48601E-07  7.75546E-07  7.07274E-07  6.43758E-07  5.84918E-07
  5.30631E-07  4.80738E-07  4.35044E-07  3.93324E-07  3.55313E-07  3.20706E-07

  jn =   3
  8.99611E-83  3.10375E-70  1.49814E-59  1.76747E-50  8.36632E-43  2.46476E-36
  6.65967E-31  2.32163E-26  1.40876E-22  1.93316E-19  7.53518E-17  1.01673E-14
  5.63391E-13  1.48498E-11  2.11141E-10  1.80259E-09  1.01187E-08  4.03148E-08
  1.21543E-07  2.92456E-07  5.86903E-07  1.01842E-06  1.57364E-06  2.21717E-06
  2.90305E-06  3.58600E-06  4.22877E-06  4.80476E-06  5.29764E-06  5.69932E-06
  6.00768E-06  6.22462E-06  6.35471E-06  6.40425E-06  6.38070E-06  6.29232E-06
  6.14790E-06  5.95646E-06  5.72702E-06  5.46830E-06  5.18852E-06  4.89516E-06
  4.59483E-06  4.29315E-06  3.99476E-06  3.70337E-06  3.42178E-06  3.15206E-06
  2.89560E-06  2.65329E-06  2.42561E-06  2.21274E-06  2.01461E-06  1.83098E-06
  1.66150E-06  1.50568E-06  1.36292E-06  1.23254E-06  1.11370E-06  1.00548E-06

  jn =   4
  2.84067E-82  9.78339E-70  4.71408E-59  5.55196E-50  2.62356E-42  7.71608E-36
  2.08133E-30  7.24333E-26  4.38757E-22  6.01005E-19  2.33834E-16  3.14926E-14
  1.74176E-12  4.58226E-11  6.50321E-10  5.54228E-09  3.10606E-08  1.23574E-07
  3.72109E-07  8.94511E-07  1.79389E-06  3.11157E-06  4.80718E-06  6.77358E-06
  8.87147E-06  1.09635E-05  1.29362E-05  1.47085E-05  1.62299E-05  1.74750E-05
  1.84364E-05  1.91191E-05  1.95361E-05  1.97058E-05  1.96506E-05  1.93951E-05
  1.89658E-05  1.83902E-05  1.76958E-05  1.69093E-05  1.60560E-05  1.51590E-05
  1.42387E-05  1.33126E-05  1.23952E-05  1.14980E-05  1.06300E-05  9.79753E-06
  9.00523E-06  8.25593E-06  7.55124E-06  6.89182E-06  6.27759E-06  5.70793E-06
  5.18178E-06  4.69771E-06  4.25398E-06  3.84846E-06  3.47868E-06  3.14175E-06

  jn =   5
  9.03174E-82  3.10130E-69  1.48985E-58  1.74941E-49  8.24229E-42  2.41696E-35
  6.50001E-30  2.25516E-25  1.36169E-21  1.85898E-18  7.20719E-16  9.67038E-14
  5.32748E-12  1.39591E-10  1.97305E-09  1.67484E-08  9.35124E-08  3.70784E-07
  1.11329E-06  2.66999E-06  5.34531E-06  9.26141E-06  1.43010E-05  2.01514E-05
  2.64059E-05  3.26621E-05  3.85862E-05  4.39365E-05  4.85605E-05  5.23777E-05
  5.53604E-05  5.75171E-05  5.88811E-05  5.95023E-05  5.94428E-05  5.87732E-05
  5.75704E-05  5.59149E-05  5.38884E-05  5.15711E-05  4.90394E-05  4.63635E-05
  4.36060E-05  4.08209E-05  3.80532E-05  3.53390E-05  3.27065E-05  3.01763E-05
  2.77633E-05  2.54770E-05  2.33231E-05  2.13045E-05  1.94214E-05  1.76726E-05
  1.60553E-05  1.45657E-05  1.31987E-05  1.19481E-05  1.08067E-05  9.76568E-06

  jn =   6
  2.92335E-81  9.98283E-69  4.76836E-58  5.56675E-49  2.60759E-41  7.60203E-35
  2.03226E-29  7.00665E-25  4.20215E-21  5.69475E-18  2.19024E-15  2.91351E-13
  1.59037E-11  4.12723E-10  5.77699E-09  4.85706E-08  2.68743E-07  1.05690E-06
  3.15111E-06  7.51449E-06  1.49807E-05  2.58850E-05  3.99176E-05  5.62466E-05
  7.37860E-05  9.14563E-05  1.08350E-04  1.23797E-04  1.37354E-04  1.48767E-04
  1.57921E-04  1.64799E-04  1.69456E-04  1.71996E-04  1.72563E-04  1.71332E-04
  1.68501E-04  1.64287E-04  1.58917E-04  1.52616E-04  1.45607E-04  1.38095E-04
  1.30267E-04  1.22289E-04  1.14298E-04  1.06409E-04  9.87123E-05  9.12758E-05
  8.41500E-05  7.73700E-05  7.09582E-05  6.49279E-05  5.92847E-05  5.40285E-05
  4.91546E-05  4.46544E-05  4.05152E-05  3.67207E-05  3.32505E-05  3.00799E-05

  jn =   7
  9.76741E-81  3.30237E-68  1.56043E-57  1.80092E-48  8.33474E-41  2.39908E-34
  6.32708E-29  2.15001E-24  1.26953E-20  1.69175E-17  6.38871E-15  8.33144E-13
  4.45212E-11  1.12998E-09  1.54651E-08  1.27219E-07  6.89799E-07  2.66463E-06
  7.82593E-06  1.84428E-05  3.64531E-05  6.26482E-05  9.63755E-05  1.35829E-04
  1.78632E-04  2.22397E-04  2.65071E-04  3.05071E-04  3.41277E-04  3.72947E-04
  3.99633E-04  4.21096E-04  4.37263E-04  4.48191E-04  4.54054E-04  4.55125E-04
  4.51775E-04  4.44449E-04  4.33651E-04  4.19923E-04  4.03818E-04  3.85878E-04
  3.66615E-04  3.46494E-04  3.25925E-04  3.05258E-04  2.84781E-04  2.64727E-04
  2.45276E-04  2.26564E-04  2.08694E-04  1.91735E-04  1.75735E-04  1.60721E-04
  1.46705E-04  1.33683E-04  1.21639E-04  1.10541E-04  1.00344E-04  9.09860E-05

  jn =   8
  3.27765E-80  1.09341E-67  5.08475E-57  5.75864E-48  2.60754E-40  7.32601E-34
  1.88259E-28  6.22159E-24  3.56280E-20  4.58748E-17  1.66747E-14  2.08644E-12
  1.06802E-10  2.59739E-09  3.41402E-08  2.70791E-07  1.42297E-06  5.35755E-06
  1.54243E-05  3.58250E-05  7.01319E-05  1.19891E-04  1.84147E-04  2.59955E-04
  3.43364E-04  4.30338E-04  5.17331E-04  6.01503E-04  6.80710E-04  7.53369E-04
  8.18320E-04  8.74707E-04  9.21917E-04  9.59544E-04  9.87387E-04  1.00546E-03
  1.01400E-03  1.01345E-03  1.00446E-03  9.87825E-04  9.64476E-04  9.35407E-04
  9.01633E-04  8.64149E-04  8.23893E-04  7.81724E-04  7.38405E-04  6.94598E-04
  6.50870E-04  6.07696E-04  5.65472E-04  5.24521E-04  4.85108E-04  4.47443E-04
  4.11687E-04  3.77953E-04  3.46308E-04  3.16767E-04  2.89297E-04  2.63806E-04

  jn =   9
  9.87079E-80  3.23752E-67  1.47604E-56  1.63255E-47  7.18907E-40  1.95665E-33
  4.84761E-28  1.53368E-23  8.33866E-20  1.01266E-16  3.46247E-14  4.08352E-12
  1.98139E-10  4.60376E-09  5.83202E-08  4.49668E-07  2.31483E-06  8.59392E-06
  2.45245E-05  5.66883E-05  1.10776E-04  1.89466E-04  2.91668E-04  4.13252E-04
  5.48504E-04  6.91496E-04  8.36960E-04  9.80623E-04  1.11918E-03  1.25013E-03
  1.37150E-03  1.48175E-03  1.57961E-03  1.66405E-03  1.73431E-03  1.78991E-03
  1.83067E-03  1.85674E-03  1.86857E-03  1.86693E-03  1.85279E-03  1.82733E-03
  1.79182E-03  1.74758E-03  1.69593E-03  1.63813E-03  1.57536E-03  1.50871E-03
  1.43917E-03  1.36764E-03  1.29495E-03  1.22185E-03  1.14903E-03  1.07713E-03
  1.00672E-03  9.38310E-04  8.72324E-04  8.09080E-04  7.48772E-04  6.91446E-04

  jn =  10
  2.32129E-79  7.41326E-67  3.29289E-56  3.54708E-47  1.51846E-39  3.99836E-33
  9.49471E-28  2.84652E-23  1.45621E-19  1.66801E-16  5.44123E-14  6.21643E-12
  2.96228E-10  6.82546E-09  8.62377E-08  6.65069E-07  3.42793E-06  1.27419E-05
  3.63900E-05  8.41425E-05  1.64440E-04  2.81294E-04  4.33252E-04  6.14517E-04
  8.17078E-04  1.03266E-03  1.25393E-03  1.47491E-03  1.69093E-03  1.89834E-03
  2.09419E-03  2.27598E-03  2.44157E-03  2.58911E-03  2.71706E-03  2.82433E-03
  2.91024E-03  2.97464E-03  3.01790E-03  3.04084E-03  3.04470E-03  3.03102E-03
  3.00153E-03  2.95806E-03  2.90244E-03  2.83642E-03  2.76162E-03  2.67951E-03
  2.59141E-03  2.49848E-03  2.40179E-03  2.30230E-03  2.20091E-03  2.09848E-03
  1.99582E-03  1.89370E-03  1.79278E-03  1.69363E-03  1.59664E-03  1.50194E-03

  jn =  11
  3.92106E-79  1.21384E-66  5.24714E-56  5.51817E-47  2.30854E-39  5.92078E-33
  1.35968E-27  3.92578E-23  1.95083E-19  2.22011E-16  7.37975E-14  8.70945E-12
  4.27978E-10  1.00584E-08  1.27990E-07  9.83788E-07  5.01895E-06  1.83989E-05
  5.17690E-05  1.18019E-04  2.27810E-04  3.85797E-04  5.89721E-04  8.32139E-04
  1.10321E-03  1.39306E-03  1.69308E-03  1.99639E-03  2.29759E-03  2.59233E-03
  2.87692E-03  3.14800E-03  3.40239E-03  3.63705E-03  3.84919E-03  4.03637E-03
  4.19666E-03  4.32877E-03  4.43210E-03  4.50677E-03  4.55356E-03  4.57382E-03
  4.56936E-03  4.54228E-03  4.49485E-03  4.42940E-03  4.34821E-03  4.25346E-03
  4.14719E-03  4.03130E-03  3.90759E-03  3.77769E-03  3.64320E-03  3.50561E-03
  3.36632E-03  3.22666E-03  3.08775E-03  2.95052E-03  2.81555E-03  2.68295E-03

  jn =  12
  5.01486E-79  1.52247E-66  6.46593E-56  6.69851E-47  2.76433E-39  6.99082E-33
  1.58368E-27  4.56784E-23  2.34759E-19  2.87947E-16  1.04116E-13  1.29552E-11
  6.43478E-10  1.48263E-08  1.82246E-07  1.34794E-06  6.63150E-06  2.35576E-05
  6.45932E-05  1.44273E-04  2.74145E-04  4.58863E-04  6.95551E-04  9.75949E-04
  1.28951E-03  1.62590E-03  1.97634E-03  2.33395E-03  2.69344E-03  3.05060E-03
  3.40178E-03  3.74355E-03  4.07247E-03  4.38511E-03  4.67805E-03  4.94810E-03
  5.19243E-03  5.40876E-03  5.59545E-03  5.75158E-03  5.87692E-03  5.97189E-03
  6.03741E-03  6.07481E-03  6.08570E-03  6.07180E-03  6.03493E-03  5.97686E-03
  5.89936E-03  5.80416E-03  5.69302E-03  5.56770E-03  5.43005E-03  5.28202E-03
  5.12561E-03  4.96284E-03  4.79567E-03  4.62584E-03  4.45464E-03  4.28272E-03

  jn =  13
  5.54427E-79  1.67624E-66  7.05819E-56  7.25224E-47  2.97411E-39  7.46739E-33
  1.69967E-27  5.12409E-23  2.94177E-19  4.09968E-16  1.56830E-13  1.90514E-11
  8.90672E-10  1.92644E-08  2.24412E-07  1.59252E-06  7.59316E-06  2.63640E-05
  7.10886E-05  1.56897E-04  2.95585E-04  4.91742E-04  7.42252E-04  1.03859E-03
  1.37004E-03  1.72619E-03  2.09836E-03  2.47981E-03  2.86547E-03  3.25135E-03
  3.63403E-03  4.01028E-03  4.37681E-03  4.73025E-03  5.06722E-03  5.38446E-03
  5.67904E-03  5.94852E-03  6.19105E-03  6.40546E-03  6.59126E-03  6.74855E-03
  6.87796E-03  6.98048E-03  7.05733E-03  7.10984E-03  7.13935E-03  7.14713E-03
  7.13440E-03  7.10228E-03  7.05187E-03  6.98431E-03  6.90083E-03  6.80280E-03
  6.69171E-03  6.56921E-03  6.43693E-03  6.29633E-03  6.14846E-03  5.99356E-03

  jn =  14
  5.74203E-79  1.74844E-66  7.39387E-56  7.58390E-47  3.10112E-39  7.79776E-33
  1.80360E-27  5.94162E-23  3.95321E-19  5.92890E-16  2.16634E-13  2.41853E-11
  1.05336E-09  2.17175E-08  2.45023E-07  1.70046E-06  7.99486E-06  2.74885E-05
  7.36213E-05  1.61605E-04  3.03392E-04  5.03308E-04  7.58409E-04  1.05997E-03
  1.39757E-03  1.76061E-03  2.14043E-03  2.53037E-03  2.92545E-03  3.32180E-03
  3.71611E-03  4.10524E-03  4.48602E-03  4.85515E-03  5.20933E-03  5.54536E-03
  5.86036E-03  6.15191E-03  6.41821E-03  6.65813E-03  6.87119E-03  7.05754E-03
  7.21785E-03  7.35315E-03  7.46468E-03  7.55383E-03  7.62193E-03  7.67028E-03
  7.70003E-03  7.71227E-03  7.70801E-03  7.68826E-03  7.65412E-03  7.60678E-03
  7.54759E-03  7.47799E-03  7.39943E-03  7.31314E-03  7.21983E-03  7.11925E-03

  jn =  15
  5.72677E-79  1.75734E-66  7.55905E-56  7.91004E-47  3.26195E-39  8.14703E-33
  1.93883E-27  6.98819E-23  5.11791E-19  7.57492E-16  2.57569E-13  2.69291E-11
  1.13061E-09  2.27314E-08  2.52869E-07  1.74129E-06  8.15592E-06  2.79313E-05
  7.46066E-05  1.63542E-04  3.06614E-04  5.07909E-04  7.64864E-04  1.06853E-03
  1.40742E-03  1.77242E-03  2.15358E-03  2.54569E-03  2.94316E-03  3.34300E-03
  3.74123E-03  4.13475E-03  4.52041E-03  4.89494E-03  5.25507E-03  5.59764E-03
  5.91977E-03  6.21910E-03  6.49383E-03  6.74286E-03  6.96575E-03  7.16271E-03
  7.33443E-03  7.48199E-03  7.60670E-03  7.71000E-03  7.79330E-03  7.85793E-03
  7.90514E-03  7.93606E-03  7.95178E-03  7.95337E-03  7.94197E-03  7.91887E-03
  7.88549E-03  7.84335E-03  7.79401E-03  7.73877E-03  7.67842E-03  7.61270E-03

  H2+ Dissociative Recombination n=3 / n=1 (jt,jn)
  jn =   1
  1.72445E-05  1.49860E-05  1.30241E-05  1.13197E-05  9.83868E-06  8.55174E-06
  7.43336E-06  6.46142E-06  5.61674E-06  4.88266E-06  4.24471E-06  3.69032E-06
  3.20856E-06  2.78993E-06  2.42617E-06  2.11009E-06  1.83542E-06  1.59673E-06
  1.38929E-06  1.20897E-06  1.05220E-06  9.15872E-07  7.97299E-07  6.94143E-07
  6.04383E-07  5.26263E-07  4.58263E-07  3.99064E-07  3.47521E-07  3.02640E-07
  2.63559E-07  2.29525E-07  1.99885E-07  1.74073E-07  1.51593E-07  1.32015E-07
  1.14964E-07  1.00115E-07  8.71824E-08  7.59197E-08  6.61112E-08  5.75692E-08
  5.01302E-08  4.36520E-08  3.80104E-08  3.30975E-08  2.88193E-08  2.50937E-08
  2.18494E-08  1.90244E-08  1.65643E-08  1.44222E-08  1.25569E-08  1.09327E-08
  9.51842E-09  8.28698E-09  7.21473E-09  6.28112E-09  5.46823E-09  4.76045E-09

  jn =   2
  5.43576E-05  4.72108E-05  4.10069E-05  3.56201E-05  3.09421E-05  2.68790E-05
  2.33497E-05  2.02840E-05  1.76209E-05  1.53078E-05  1.32987E-05  1.15540E-05
  1.00389E-05  8.72347E-06  7.58146E-06  6.59009E-06  5.72950E-06  4.98241E-06
  4.33376E-06  3.77046E-06  3.28115E-06  2.85596E-06  2.48636E-06  2.16495E-06
  1.88537E-06  1.64207E-06  1.43030E-06  1.24592E-06  1.08535E-06  9.45509E-07
  8.23696E-07  7.17580E-07  6.25132E-07  5.44588E-07  4.74416E-07  4.13278E-07
  3.60011E-07  3.13603E-07  2.73171E-07  2.37947E-07  2.07260E-07  1.80526E-07
  1.57237E-07  1.36950E-07  1.19277E-07  1.03883E-07  9.04744E-08  7.87946E-08
  6.86214E-08  5.97606E-08  5.20431E-08  4.53214E-08  3.94673E-08  3.43687E-08
  2.99283E-08  2.60612E-08  2.26934E-08  1.97605E-08  1.72063E-08  1.49821E-08

  jn =   3
  1.71440E-04  1.48760E-04  1.29090E-04  1.12023E-04  9.72125E-05  8.43573E-05
  7.31988E-05  6.35135E-05  5.51077E-05  4.78135E-05  4.14853E-05  3.59964E-05
  3.12368E-05  2.71105E-05  2.35341E-05  2.04349E-05  1.77496E-05  1.54227E-05
  1.34062E-05  1.16581E-05  1.01421E-05  8.82657E-06  7.68442E-06  6.69213E-06
  5.82951E-06  5.07918E-06  4.42618E-06  3.85763E-06  3.36242E-06  2.93096E-06
  2.55496E-06  2.22722E-06  1.94153E-06  1.69246E-06  1.47530E-06  1.28597E-06
  1.12090E-06  9.76976E-07  8.51496E-07  7.42099E-07  6.46729E-07  5.63589E-07
  4.91116E-07  4.27943E-07  3.72880E-07  3.24888E-07  2.83062E-07  2.46611E-07
  2.14846E-07  1.87166E-07  1.63046E-07  1.42031E-07  1.23720E-07  1.07766E-07
  9.38677E-08  8.17593E-08  7.12110E-08  6.20221E-08  5.40176E-08  4.70451E-08

  jn =   4
  5.42007E-04  4.69539E-04  4.06754E-04  3.52342E-04  3.05183E-04  2.64307E-04
  2.28882E-04  1.98183E-04  1.71586E-04  1.48549E-04  1.28600E-04  1.11333E-04
  9.63932E-05  8.34730E-05  7.23048E-05  6.26552E-05  5.43202E-05  4.71218E-05
  4.09043E-05  3.55321E-05  3.08876E-05  2.68688E-05  2.33880E-05  2.03699E-05
  1.77502E-05  1.54738E-05  1.34939E-05  1.17703E-05  1.02689E-05  8.96016E-06
  7.81889E-06  6.82329E-06  5.95456E-06  5.19637E-06  4.53458E-06  3.95690E-06
  3.45262E-06  3.01242E-06  2.62816E-06  2.29275E-06  1.99999E-06  1.74448E-06
  1.52150E-06  1.32691E-06  1.15713E-06  1.00899E-06  8.79754E-07  7.67016E-07
  6.68678E-07  5.82909E-07  5.08107E-07  4.42877E-07  3.85997E-07  3.36403E-07
  2.93164E-07  2.55470E-07  2.22610E-07  1.93968E-07  1.69003E-07  1.47244E-07

  jn =   5
  1.72628E-03  1.49100E-03  1.28751E-03  1.11157E-03  9.59494E-04  8.28082E-04
  7.14540E-04  6.16449E-04  5.31717E-04  4.58535E-04  3.95346E-04  3.40809E-04
  2.93776E-04  2.53253E-04  2.18380E-04  1.88405E-04  1.62667E-04  1.40584E-04
  1.21642E-04  1.05390E-04  9.14339E-05  7.94340E-05  6.90981E-05  6.01777E-05
  5.24627E-05  4.57761E-05  3.99696E-05  3.49185E-05  3.05181E-05  2.66797E-05
  2.33283E-05  2.04000E-05  1.78398E-05  1.56008E-05  1.36419E-05  1.19281E-05
  1.04284E-05  9.11621E-06  7.96808E-06  6.96360E-06  6.08489E-06  5.31631E-06
  4.64416E-06  4.05642E-06  3.54258E-06  3.09341E-06  2.70084E-06  2.35778E-06
  2.05805E-06  1.79620E-06  1.56749E-06  1.36775E-06  1.19333E-06  1.04104E-06
  9.08101E-07  7.92059E-07  6.90780E-07  6.02397E-07  5.25277E-07  4.57991E-07

  jn =   6
  5.60759E-03  4.81584E-03  4.13313E-03  3.54542E-03  3.04027E-03  2.60642E-03
  2.23377E-03  1.91349E-03  1.63806E-03  1.40117E-03  1.19750E-03  1.02258E-03
  8.72637E-04  7.44435E-04  6.35151E-04  5.42285E-04  4.63597E-04  3.97068E-04
  3.40889E-04  2.93452E-04  2.53352E-04  2.19373E-04  1.90488E-04  1.65834E-04
  1.44699E-04  1.26501E-04  1.10765E-04  9.71057E-05  8.52086E-05  7.48175E-05
  6.57212E-05  5.77441E-05  5.07394E-05  4.45828E-05  3.91682E-05  3.44045E-05
  3.02127E-05  2.65241E-05  2.32789E-05  2.04241E-05  1.79137E-05  1.57067E-05
  1.37671E-05  1.20633E-05  1.05671E-05  9.25365E-06  8.10117E-06  7.09029E-06
  6.20392E-06  5.42700E-06  4.74624E-06  4.14995E-06  3.62779E-06  3.17068E-06
  2.77063E-06  2.42062E-06  2.11444E-06  1.84669E-06  1.61258E-06  1.40794E-06

  jn =   7
  1.88747E-02  1.60466E-02  1.36159E-02  1.15353E-02  9.76088E-03  8.25047E-03
  6.96563E-03  5.87290E-03  4.94334E-03  4.15234E-03  3.47945E-03  2.90819E-03
  2.42525E-03  2.01957E-03  1.68135E-03  1.40153E-03  1.17152E-03  9.83344E-04
  8.29752E-04  7.04369E-04  6.01752E-04  5.17371E-04  4.47535E-04  3.89285E-04
  3.40281E-04  2.98690E-04  2.63085E-04  2.32358E-04  2.05649E-04  1.82288E-04
  1.61748E-04  1.43613E-04  1.27549E-04  1.13285E-04  1.00596E-04  8.92972E-05
  7.92287E-05  7.02545E-05  6.22564E-05  5.51304E-05  4.87848E-05  4.31376E-05
  3.81159E-05  3.36539E-05  2.96929E-05  2.61796E-05  2.30664E-05  2.03100E-05
  1.78717E-05  1.57167E-05  1.38137E-05  1.21345E-05  1.06540E-05  9.34955E-06
  8.20107E-06  7.19057E-06  6.30204E-06  5.52119E-06  4.83537E-06  4.23333E-06

  jn =   8
  6.39670E-02  5.36716E-02  4.48036E-02  3.72071E-02  3.07505E-02  2.53172E-02
  2.07831E-02  1.70086E-02  1.38585E-02  1.12237E-02  9.02632E-03  7.21123E-03
  5.73357E-03  4.55016E-03  3.61659E-03  2.88863E-03  2.32508E-03  1.89000E-03
  1.55364E-03  1.29238E-03  1.08794E-03  9.26408E-04  7.97329E-04  6.92886E-04
  6.07254E-04  5.36091E-04  4.76162E-04  4.25051E-04  3.80943E-04  3.42474E-04
  3.08607E-04  2.78554E-04  2.51704E-04  2.27584E-04  2.05821E-04  1.86119E-04
  1.68238E-04  1.51981E-04  1.37185E-04  1.23711E-04  1.11440E-04  1.00270E-04
  9.01074E-05  8.08707E-05  7.24850E-05  6.48821E-05  5.79991E-05  5.17773E-05
  4.61625E-05  4.11038E-05  3.65538E-05  3.24682E-05  2.88057E-05  2.55278E-05
  2.25988E-05  1.99856E-05  1.76575E-05  1.55864E-05  1.37464E-05  1.21137E-05

  jn =   9
  1.94060E-01  1.60169E-01  1.31083E-01  1.06232E-01  8.52577E-02  6.78719E-02
  5.36175E-02  4.19293E-02  3.23512E-02  2.45973E-02  1.84670E-02  1.37558E-02
  1.02286E-02  7.63942E-03  5.76080E-03  4.40328E-03  3.42010E-03  2.70309E-03
  2.17482E-03  1.78074E-03  1.48267E-03  1.25386E-03  1.07550E-03  9.34261E-04
  8.20623E-04  7.27741E-04  6.50645E-04  5.85700E-04  5.30225E-04  4.82227E-04
  4.40212E-04  4.03048E-04  3.69871E-04  3.40016E-04  3.12964E-04  2.88308E-04
  2.65723E-04  2.44951E-04  2.25780E-04  2.08039E-04  1.91585E-04  1.76302E-04
  1.62088E-04  1.48862E-04  1.36549E-04  1.25088E-04  1.14425E-04  1.04510E-04
  9.53012E-05  8.67581E-05  7.88446E-05  7.15266E-05  6.47717E-05  5.85491E-05
  5.28289E-05  4.75822E-05  4.27808E-05  3.83970E-05  3.44039E-05  3.07751E-05

  jn =  10
  4.57889E-01  3.68127E-01  2.93554E-01  2.31619E-01  1.80570E-01  1.38930E-01
  1.05064E-01  7.76671E-02  5.60461E-02  3.96804E-02  2.78158E-02  1.94958E-02
  1.37769E-02  9.87727E-03  7.21458E-03  5.38168E-03  4.10400E-03  3.19966E-03
  2.54878E-03  2.07216E-03  1.71703E-03  1.44779E-03  1.24015E-03  1.07726E-03
  9.47324E-04  8.41965E-04  7.55166E-04  6.82563E-04  6.20958E-04  5.67987E-04
  5.21882E-04  4.81312E-04  4.45260E-04  4.12945E-04  3.83760E-04  3.57225E-04
  3.32960E-04  3.10659E-04  2.90074E-04  2.71001E-04  2.53270E-04  2.36738E-04
  2.21286E-04  2.06810E-04  1.93225E-04  1.80452E-04  1.68427E-04  1.57093E-04
  1.46400E-04  1.36303E-04  1.26766E-04  1.17755E-04  1.09240E-04  1.01196E-04
  9.36012E-05  8.64348E-05  7.96796E-05  7.33195E-05  6.73402E-05  6.17282E-05

  jn =  11
  7.73670E-01  6.03291E-01  4.68332E-01  3.60770E-01  2.74791E-01  2.05822E-01
  1.50288E-01  1.06368E-01  7.32973E-02  4.97667E-02  3.37253E-02  2.30336E-02
  1.59587E-02  1.12665E-02  8.12815E-03  6.00221E-03  4.53929E-03  3.51494E-03
  2.78449E-03  2.25396E-03  1.86153E-03  1.56597E-03  1.33940E-03  1.16266E-03
  1.02242E-03  9.09269E-04  8.16489E-04  7.39230E-04  6.73953E-04  6.18047E-04
  5.69569E-04  5.27055E-04  4.89393E-04  4.55729E-04  4.25400E-04  3.97887E-04
  3.72777E-04  3.49740E-04  3.28508E-04  3.08863E-04  2.90624E-04  2.73638E-04
  2.57778E-04  2.42935E-04  2.29015E-04  2.15937E-04  2.03629E-04  1.92028E-04
  1.81079E-04  1.70731E-04  1.60940E-04  1.51665E-04  1.42870E-04  1.34521E-04
  1.26589E-04  1.19047E-04  1.11869E-04  1.05035E-04  9.85233E-05  9.23169E-05

  jn =  12
  9.88217E-01  7.56065E-01  5.76979E-01  4.38003E-01  3.29118E-01  2.42936E-01
  1.74326E-01  1.21250E-01  8.25858E-02  5.58964E-02  3.79080E-02  2.58331E-02
  1.77684E-02  1.24085E-02  8.84793E-03  6.46249E-03  4.84157E-03  3.72035E-03
  2.92952E-03  2.36048E-03  1.94286E-03  1.63041E-03  1.39222E-03  1.20731E-03
  1.06119E-03  9.43742E-04  8.47770E-04  7.68110E-04  7.01007E-04  6.43703E-04
  5.94147E-04  5.50799E-04  5.12490E-04  4.78325E-04  4.47607E-04  4.19792E-04
  3.94448E-04  3.71229E-04  3.49856E-04  3.30099E-04  3.11770E-04  2.94711E-04
  2.78789E-04  2.63891E-04  2.49921E-04  2.36796E-04  2.24442E-04  2.12796E-04
  2.01802E-04  1.91411E-04  1.81578E-04  1.72263E-04  1.63431E-04  1.55050E-04
  1.47089E-04  1.39522E-04  1.32325E-04  1.25473E-04  1.18947E-04  1.12727E-04

  jn =  13
  1.09035E+00  8.30685E-01  6.29023E-01  4.73972E-01  3.54038E-01  2.59157E-01
  1.85072E-01  1.29279E-01  8.98201E-02  6.24164E-02  4.27950E-02  2.88625E-02
  1.94468E-02  1.33076E-02  9.33185E-03  6.73452E-03  5.00101E-03  3.81973E-03
  2.99498E-03  2.40645E-03  1.97686E-03  1.65675E-03  1.41349E-03  1.22511E-03
  1.07657E-03  9.57393E-04  8.60165E-04  7.79585E-04  7.11805E-04  6.54005E-04
  6.04088E-04  5.60485E-04  5.22004E-04  4.87731E-04  4.56960E-04  4.29134E-04
  4.03815E-04  3.80651E-04  3.59357E-04  3.39700E-04  3.21486E-04  3.04557E-04
  2.88775E-04  2.74025E-04  2.60209E-04  2.47241E-04  2.35046E-04  2.23560E-04
  2.12723E-04  2.02485E-04  1.92801E-04  1.83629E-04  1.74932E-04  1.66677E-04
  1.58834E-04  1.51376E-04  1.44278E-04  1.37517E-04  1.31073E-04  1.24926E-04

  jn =  14
  1.12874E+00  8.65285E-01  6.57867E-01  4.95265E-01  3.69080E-01  2.70033E-01
  1.92456E-01  1.37346E-01  9.94857E-02  7.10749E-02  4.79573E-02  3.12886E-02
  2.05077E-02  1.37955E-02  9.56941E-03  6.85335E-03  5.06895E-03  3.86104E-03
  3.02195E-03  2.42378E-03  1.98918E-03  1.66547E-03  1.42026E-03  1.23058E-03
  1.08136E-03  9.61708E-04  8.64141E-04  7.83317E-04  7.15363E-04  6.57438E-04
  6.07438E-04  5.63782E-04  5.25274E-04  4.90995E-04  4.60234E-04  4.32435E-04
  4.07156E-04  3.84044E-04  3.62812E-04  3.43227E-04  3.25095E-04  3.08256E-04
  2.92572E-04  2.77928E-04  2.64225E-04  2.51377E-04  2.39309E-04  2.27954E-04
  2.17256E-04  2.07161E-04  1.97624E-04  1.88604E-04  1.80062E-04  1.71966E-04
  1.64283E-04  1.56986E-04  1.50050E-04  1.43450E-04  1.37166E-04  1.31176E-04

  jn =  15
  1.12911E+00  8.71399E-01  6.73390E-01  5.17114E-01  3.88391E-01  2.81676E-01
  2.02703E-01  1.48655E-01  1.11550E-01  7.94099E-02  5.19363E-02  3.27689E-02
  2.11388E-02  1.40416E-02  9.68016E-03  6.91359E-03  5.10999E-03  3.88576E-03
  3.03790E-03  2.43564E-03  1.99773E-03  1.67122E-03  1.42476E-03  1.23421E-03
  1.08374E-03  9.63569E-04  8.65397E-04  7.84342E-04  7.16224E-04  6.58317E-04
  6.08338E-04  5.64705E-04  5.26220E-04  4.91965E-04  4.61230E-04  4.33458E-04
  4.08207E-04  3.85125E-04  3.63926E-04  3.44376E-04  3.26282E-04  3.09482E-04
  2.93841E-04  2.79243E-04  2.65589E-04  2.52792E-04  2.40779E-04  2.29483E-04
  2.18846E-04  2.08817E-04  1.99349E-04  1.90402E-04  1.81937E-04  1.73921E-04
  1.66323E-04  1.59115E-04  1.52271E-04  1.45767E-04  1.39583E-04  1.33697E-04

  H2 Dissociative Excitation n=2 / n=1 (jt,jn)
  jn =   1
  1.00000E-99  6.55356E-98  2.48981E-79  1.39748E-64  7.11495E-53  1.39000E-43
  3.28303E-36  2.34077E-30  1.04570E-25  5.22976E-22  4.62369E-19  1.03226E-16
  7.68877E-15  2.38029E-13  3.64923E-12  3.18761E-11  1.77453E-10  6.88708E-10
  2.00419E-09  4.64412E-09  9.01032E-09  1.52594E-08  2.33280E-08  3.30340E-08
  4.41433E-08  5.63690E-08  6.93363E-08  8.25619E-08  9.54727E-08  1.07461E-07
  1.17961E-07  1.26517E-07  1.32842E-07  1.36828E-07  1.38541E-07  1.38182E-07
  1.36038E-07  1.32437E-07  1.27714E-07  1.22177E-07  1.16096E-07  1.09697E-07
  1.03161E-07  9.66276E-08  9.02034E-08  8.39647E-08  7.79651E-08  7.22399E-08
  6.68106E-08  6.16881E-08  5.68753E-08  5.23695E-08  4.81638E-08  4.42483E-08
  4.06110E-08  3.72389E-08  3.41180E-08  3.12342E-08  2.85731E-08  2.61208E-08

  jn =   2
  1.00000E-99  2.07242E-97  7.87347E-79  4.41923E-64  2.24994E-52  4.39555E-43
  1.03818E-35  7.40214E-30  3.30678E-25  1.65376E-21  1.46209E-18  3.26410E-16
  2.43119E-14  7.52627E-13  1.15382E-11  1.00784E-10  5.61046E-10  2.17741E-09
  6.33621E-09  1.46818E-08  2.84835E-08  4.82353E-08  7.37355E-08  1.04407E-07
  1.39511E-07  1.78141E-07  2.19115E-07  2.60907E-07  3.01708E-07  3.39599E-07
  3.72788E-07  3.99841E-07  4.19844E-07  4.32459E-07  4.37891E-07  4.36771E-07
  4.30008E-07  4.18643E-07  4.03726E-07  3.86233E-07  3.67020E-07  3.46800E-07
  3.26144E-07  3.05496E-07  2.85192E-07  2.65472E-07  2.46507E-07  2.28409E-07
  2.11246E-07  1.95051E-07  1.79836E-07  1.65591E-07  1.52294E-07  1.39914E-07
  1.28414E-07  1.17752E-07  1.07884E-07  9.87661E-08  9.03520E-08  8.25978E-08

  jn =   3
  1.00000E-99  6.55354E-97  2.48981E-78  1.39748E-63  7.11493E-52  1.38999E-42
  3.28301E-35  2.34075E-29  1.04568E-24  5.22947E-21  4.62318E-18  1.03208E-15
  7.68673E-14  2.37945E-12  3.64761E-11  3.18592E-10  1.77344E-09  6.88228E-09
  2.00259E-08  4.63987E-08  9.00071E-08  1.52404E-07  2.32944E-07  3.29800E-07
  4.40635E-07  5.62595E-07  6.91955E-07  8.23912E-07  9.52760E-07  1.07244E-06
  1.17731E-06  1.26282E-06  1.32608E-06  1.36602E-06  1.38328E-06  1.37984E-06
  1.35857E-06  1.32276E-06  1.27571E-06  1.22051E-06  1.15987E-06  1.09602E-06
  1.03079E-06  9.65583E-07  9.01446E-07  8.39149E-07  7.79230E-07  7.22045E-07
  6.67808E-07  6.16631E-07  5.68544E-07  5.23521E-07  4.81493E-07  4.42362E-07
  4.06010E-07  3.72305E-07  3.41111E-07  3.12285E-07  2.85684E-07  2.61169E-07

  jn =   4
  1.00000E-99  2.07240E-96  7.87340E-78  4.41919E-63  2.24993E-51  4.39552E-42
  1.03817E-34  7.40199E-29  3.30662E-24  1.65358E-20  1.46177E-17  3.26293E-15
  2.42988E-13  7.52073E-12  1.15274E-10  1.00669E-09  5.60299E-09  2.17407E-08
  6.32509E-08  1.46522E-07  2.84174E-07  4.81064E-07  7.35110E-07  1.04051E-06
  1.38991E-06  1.77433E-06  2.18209E-06  2.59812E-06  3.00446E-06  3.38205E-06
  3.71307E-06  3.98320E-06  4.18327E-06  4.30985E-06  4.36491E-06  4.35467E-06
  4.28813E-06  4.17564E-06  4.02763E-06  3.85384E-06  3.66277E-06  3.46153E-06
  3.25585E-06  3.05016E-06  2.84781E-06  2.65122E-06  2.46209E-06  2.28157E-06
  2.11032E-06  1.94871E-06  1.79684E-06  1.65463E-06  1.52187E-06  1.39824E-06
  1.28339E-06  1.17689E-06  1.07832E-06  9.87222E-07  9.03155E-07  8.25674E-07

  jn =   5
  1.00000E-99  6.55333E-96  2.48973E-77  1.39744E-62  7.11476E-51  1.38996E-41
  3.28293E-34  2.34065E-28  1.04558E-23  5.22838E-20  4.62127E-17  1.03134E-14
  7.67826E-13  2.37577E-11  3.64027E-10  3.17800E-09  1.76819E-08  6.85855E-08
  1.99465E-07  4.61882E-07  8.95415E-07  1.51510E-06  2.31414E-06  3.27413E-06
  4.37196E-06  5.57966E-06  6.86084E-06  8.16846E-06  9.44641E-06  1.06349E-05
  1.16779E-05  1.25303E-05  1.31629E-05  1.35649E-05  1.37420E-05  1.37135E-05
  1.35077E-05  1.31568E-05  1.26937E-05  1.21489E-05  1.15492E-05  1.09171E-05
  1.02705E-05  9.62349E-06  8.98664E-06  8.36765E-06  7.77194E-06  7.20309E-06
  6.66333E-06  6.15379E-06  5.67484E-06  5.22625E-06  4.80736E-06  4.41723E-06
  4.05472E-06  3.71853E-06  3.40731E-06  3.11966E-06  2.85417E-06  2.60945E-06

  jn =   6
  1.00000E-99  2.07218E-95  7.87266E-77  4.41882E-62  2.24975E-50  4.39520E-41
  1.03810E-33  7.40129E-28  3.30602E-23  1.65292E-19  1.46059E-16  3.25820E-14
  2.42430E-12  7.49589E-11  1.14766E-09  1.00109E-08  5.56522E-08  2.15682E-07
  6.26712E-07  1.44990E-06  2.80822E-06  4.74732E-06  7.24457E-06  1.02419E-05
  1.36674E-05  1.74352E-05  2.14335E-05  2.55175E-05  2.95133E-05  3.32353E-05
  3.65083E-05  3.91905E-05  4.11898E-05  4.24702E-05  4.30482E-05  4.29829E-05
  4.23610E-05  4.12829E-05  3.98506E-05  3.81594E-05  3.62932E-05  3.43223E-05
  3.23033E-05  3.02806E-05  2.82874E-05  2.63483E-05  2.44805E-05  2.26957E-05
  2.10009E-05  1.94001E-05  1.78945E-05  1.64837E-05  1.51656E-05  1.39376E-05
  1.27960E-05  1.17370E-05  1.07563E-05  9.84955E-06  9.01247E-06  8.24070E-06

  jn =   7
  1.00000E-99  6.55115E-95  2.48899E-76  1.39707E-61  7.11302E-50  1.38965E-40
  3.28224E-33  2.34010E-27  1.04519E-22  5.22430E-19  4.61377E-16  1.02824E-13
  7.64044E-12  2.35847E-10  3.60409E-09  3.13743E-08  1.74049E-07  6.73106E-07
  1.95171E-06  4.50585E-06  8.70928E-06  1.46948E-05  2.23861E-05  3.16020E-05
  4.21253E-05  5.36997E-05  6.59927E-05  7.85692E-05  9.09037E-05  1.02428E-04
  1.12604E-04  1.20990E-04  1.27294E-04  1.31395E-04  1.33335E-04  1.33285E-04
  1.31507E-04  1.28304E-04  1.23988E-04  1.18852E-04  1.13155E-04  1.07114E-04
  1.00906E-04  9.46700E-05  8.85114E-05  8.25079E-05  7.67149E-05  7.11702E-05
  6.58976E-05  6.09106E-05  5.62146E-05  5.18091E-05  4.76892E-05  4.38469E-05
  4.02720E-05  3.69530E-05  3.38771E-05  3.10314E-05  2.84027E-05  2.59776E-05

  jn =   8
  1.00000E-99  2.07001E-94  7.86526E-76  4.41507E-61  2.24802E-49  4.39213E-40
  1.03744E-32  7.39662E-27  3.30320E-22  1.65017E-18  1.45546E-15  3.23640E-13
  2.39721E-11  7.37070E-10  1.12134E-08  9.71477E-08  5.36238E-07  2.06324E-06
  5.95200E-06  1.36730E-05  2.63048E-05  4.41955E-05  6.70829E-05  9.44236E-05
  1.25598E-04  1.59896E-04  1.96392E-04  2.33857E-04  2.70775E-04  3.05489E-04
  3.36394E-04  3.62154E-04  3.81854E-04  3.95076E-04  4.01881E-04  4.02727E-04
  3.98342E-04  3.89598E-04  3.77405E-04  3.62625E-04  3.46029E-04  3.28274E-04
  3.09898E-04  2.91328E-04  2.72893E-04  2.54840E-04  2.37348E-04  2.20544E-04
  2.04510E-04  1.89297E-04  1.74931E-04  1.61419E-04  1.48751E-04  1.36911E-04
  1.25872E-04  1.15604E-04  1.06071E-04  9.72375E-05  8.90649E-05  8.15152E-05

  jn =   9
  1.00000E-99  6.52949E-94  2.48161E-75  1.39333E-60  7.09576E-49  1.38659E-39
  3.27568E-32  2.33566E-26  1.04275E-21  5.20221E-18  4.57398E-15  1.01169E-12
  7.43828E-11  2.26616E-09  3.41121E-08  2.92066E-07  1.59184E-06  6.04468E-06
  1.72100E-05  3.90416E-05  7.42542E-05  1.23521E-04  1.85964E-04  2.60127E-04
  3.44521E-04  4.37526E-04  5.36979E-04  6.39874E-04  7.42362E-04  8.40071E-04
  9.28634E-04  1.00426E-03  1.06417E-03  1.10689E-03  1.13220E-03  1.14102E-03
  1.13504E-03  1.11642E-03  1.08753E-03  1.05065E-03  1.00789E-03  9.61083E-04
  9.11756E-04  8.61164E-04  8.10300E-04  7.59931E-04  7.10641E-04  6.62859E-04
  6.16891E-04  5.72948E-04  5.31160E-04  4.91601E-04  4.54296E-04  4.19233E-04
  3.86377E-04  3.55668E-04  3.27034E-04  3.00391E-04  2.75650E-04  2.52714E-04

  jn =  10
  1.00000E-99  2.04854E-93  7.79203E-75  4.37795E-60  2.23086E-48  4.36157E-39
  1.03084E-31  7.35148E-26  3.27906E-21  1.63003E-17  1.42173E-14  3.10258E-12
  2.23842E-10  6.65978E-09  9.75128E-08  8.09764E-07  4.27365E-06  1.57123E-05
  4.33726E-05  9.56527E-05  1.77502E-04  2.89298E-04  4.28594E-04  5.92481E-04
  7.78612E-04  9.84717E-04  1.20747E-03  1.44159E-03  1.67970E-03  1.91282E-03
  2.13139E-03  2.32651E-03  2.49098E-03  2.62007E-03  2.71169E-03  2.76624E-03
  2.78605E-03  2.77482E-03  2.73693E-03  2.67696E-03  2.59936E-03  2.50817E-03
  2.40698E-03  2.29885E-03  2.18634E-03  2.07157E-03  1.95626E-03  1.84180E-03
  1.72930E-03  1.61961E-03  1.51339E-03  1.41113E-03  1.31320E-03  1.21982E-03
  1.13115E-03  1.04725E-03  9.68127E-04  8.93724E-04  8.23953E-04  7.58687E-04

  jn =  11
  1.00000E-99  6.32054E-93  2.41014E-74  1.35702E-59  6.92744E-48  1.35648E-38
  3.20996E-31  2.29000E-25  1.01861E-20  5.01211E-17  4.27500E-14  8.99347E-12
  6.17494E-10  1.73244E-08  2.38041E-07  1.85332E-06  9.19357E-06  3.19342E-05
  8.38600E-05  1.77302E-04  3.17894E-04  5.04309E-04  7.32120E-04  9.97633E-04
  1.29905E-03  1.63518E-03  2.00333E-03  2.39767E-03  2.80866E-03  3.22360E-03
  3.62799E-03  4.00736E-03  4.34891E-03  4.64289E-03  4.88322E-03  5.06748E-03
  5.19639E-03  5.27307E-03  5.30211E-03  5.28891E-03  5.23906E-03  5.15796E-03
  5.05062E-03  4.92158E-03  4.77485E-03  4.61396E-03  4.44203E-03  4.26177E-03
  4.07561E-03  3.88565E-03  3.69378E-03  3.50165E-03  3.31071E-03  3.12225E-03
  2.93737E-03  2.75701E-03  2.58197E-03  2.41290E-03  2.25032E-03  2.09463E-03

  jn =  12
  1.00000E-99  1.85603E-92  7.12834E-74  4.03842E-59  2.07250E-47  4.07648E-38
  9.68084E-31  6.91249E-25  3.04992E-20  1.45795E-16  1.17136E-13  2.25457E-11
  1.39373E-09  3.51553E-08  4.37929E-07  3.13123E-06  1.44669E-05  4.74396E-05
  1.19033E-04  2.42943E-04  4.24066E-04  6.59473E-04  9.43729E-04  1.27338E-03
  1.64792E-03  2.06790E-03  2.53214E-03  3.03569E-03  3.56895E-03  4.11818E-03
  4.66696E-03  5.19824E-03  5.69634E-03  6.14858E-03  6.54624E-03  6.88467E-03
  7.16286E-03  7.38261E-03  7.54762E-03  7.66259E-03  7.73257E-03  7.76250E-03
  7.75692E-03  7.71988E-03  7.65488E-03  7.56490E-03  7.45253E-03  7.32000E-03
  7.16926E-03  7.00210E-03  6.82017E-03  6.62504E-03  6.41823E-03  6.20128E-03
  5.97570E-03  5.74301E-03  5.50476E-03  5.26246E-03  5.01764E-03  4.77179E-03

  jn =  13
  1.00000E-99  4.78823E-92  1.87125E-73  1.07648E-58  5.59886E-47  1.11406E-37
  2.67018E-30  1.91099E-24  8.25626E-20  3.67865E-16  2.60517E-13  4.30853E-11
  2.31406E-09  5.21315E-08  5.96258E-07  4.00383E-06  1.76661E-05  5.60205E-05
  1.37167E-04  2.75036E-04  4.73961E-04  7.30313E-04  1.03838E-03  1.39503E-03
  1.80053E-03  2.25642E-03  2.76245E-03  3.31434E-03  3.90284E-03  4.51420E-03
  5.13165E-03  5.73750E-03  6.31530E-03  6.85159E-03  7.33690E-03  7.76603E-03
  8.13758E-03  8.45314E-03  8.71632E-03  8.93184E-03  9.10479E-03  9.24016E-03
  9.34249E-03  9.41571E-03  9.46313E-03  9.48744E-03  9.49076E-03  9.47474E-03
  9.44063E-03  9.38938E-03  9.32167E-03  9.23801E-03  9.13877E-03  9.02426E-03
  8.89472E-03  8.75041E-03  8.59162E-03  8.41868E-03  8.23200E-03  8.03211E-03

  jn =  14
  1.00000E-99  9.56850E-92  3.84951E-73  2.27443E-58  1.21204E-46  2.46470E-37
  6.01394E-30  4.32402E-24  1.79456E-19  7.09995E-16  4.25109E-13  6.05133E-11
  2.92387E-09  6.15200E-08  6.73249E-07  4.38952E-06  1.89934E-05  5.94206E-05
  1.44124E-04  2.86975E-04  4.92164E-04  7.55660E-04  1.07187E-03  1.43773E-03
  1.85403E-03  2.32252E-03  2.84333E-03  3.41246E-03  4.02087E-03  4.65483E-03
  5.29756E-03  5.93122E-03  6.53919E-03  7.10784E-03  7.62757E-03  8.09308E-03
  8.50298E-03  8.85895E-03  9.16475E-03  9.42530E-03  9.64595E-03  9.83195E-03
  9.98814E-03  1.01187E-02  1.02273E-02  1.03169E-02  1.03898E-02  1.04478E-02
  1.04926E-02  1.05250E-02  1.05459E-02  1.05558E-02  1.05550E-02  1.05437E-02
  1.05220E-02  1.04897E-02  1.04466E-02  1.03927E-02  1.03274E-02  1.02507E-02

  jn =  15
  1.00000E-99  1.39829E-91  5.78275E-73  3.50947E-58  1.91882E-46  3.99716E-37
  9.95870E-30  7.20508E-24  2.85890E-19  1.00748E-15  5.32136E-13  6.94184E-11
  3.19174E-09  6.52089E-08  7.01385E-07  4.52543E-06  1.94595E-05  6.05908E-05
  1.46487E-04  2.91089E-04  4.98429E-04  7.64257E-04  1.08327E-03  1.45231E-03
  1.87163E-03  2.34404E-03  2.86897E-03  3.44339E-03  4.05789E-03  4.69935E-03
  5.35050E-03  5.99351E-03  6.61169E-03  7.19136E-03  7.72288E-03  8.20097E-03
  8.62423E-03  8.99440E-03  9.31531E-03  9.59199E-03  9.82992E-03  1.00345E-02
  1.02107E-02  1.03629E-02  1.04949E-02  1.06098E-02  1.07103E-02  1.07983E-02
  1.08755E-02  1.09433E-02  1.10027E-02  1.10543E-02  1.10989E-02  1.11367E-02
  1.11682E-02  1.11934E-02  1.12124E-02  1.12253E-02  1.12320E-02  1.12323E-02

  H2+ Dissociative Excitation n=2 / n=1 (jt,jn)
  jn =   1
  6.41052E-84  2.21762E-71  1.07320E-60  1.26934E-51  6.02340E-44  1.77888E-37
  4.81814E-32  1.68371E-27  1.02411E-23  1.40865E-20  5.50349E-18  7.44277E-16
  4.13319E-14  1.09168E-12  1.55516E-11  1.33000E-10  7.47694E-10  2.98262E-09
  9.00061E-09  2.16709E-08  4.35042E-08  7.54946E-08  1.16628E-07  1.64249E-07
  2.14920E-07  2.65265E-07  3.12517E-07  3.54715E-07  3.90665E-07  4.19795E-07
  4.41975E-07  4.57376E-07  4.66363E-07  4.69423E-07  4.67130E-07  4.60109E-07
  4.49020E-07  4.34536E-07  4.17325E-07  3.98033E-07  3.77261E-07  3.55557E-07
  3.33400E-07  3.11199E-07  2.89288E-07  2.67932E-07  2.47331E-07  2.27629E-07
  2.08925E-07  1.91277E-07  1.74718E-07  1.59254E-07  1.44878E-07  1.31570E-07
  1.19299E-07  1.08029E-07  9.77148E-08  8.83027E-08  7.97323E-08  7.19341E-08

  jn =   2
  2.02258E-83  6.99447E-71  3.38382E-60  4.00100E-51  1.89800E-43  5.60360E-37
  1.51728E-31  5.30058E-27  3.22311E-23  4.43204E-20  1.73107E-17  2.34041E-15
  1.29936E-13  3.43108E-12  4.88672E-11  4.17835E-10  2.34857E-09  9.36734E-09
  2.82646E-08  6.80480E-08  1.36600E-07  2.37044E-07  3.66201E-07  5.15748E-07
  6.74898E-07  8.33061E-07  9.81548E-07  1.11420E-06  1.22726E-06  1.31893E-06
  1.38879E-06  1.43737E-06  1.46580E-06  1.47561E-06  1.46859E-06  1.44670E-06
  1.41201E-06  1.36664E-06  1.31267E-06  1.25214E-06  1.18694E-06  1.11878E-06
  1.04918E-06  9.79430E-07  9.10572E-07  8.43444E-07  7.78677E-07  7.16728E-07
  6.57904E-07  6.02397E-07  5.50303E-07  5.01650E-07  4.56415E-07  4.14534E-07
  3.75915E-07  3.40441E-07  3.07969E-07  2.78336E-07  2.51350E-07  2.26792E-07

  jn =   3
  6.38079E-83  2.20555E-70  1.06651E-59  1.26044E-50  5.97655E-43  1.76369E-36
  4.77337E-31  1.66681E-26  1.01308E-22  1.39245E-19  5.43630E-17  7.34682E-15
  4.07720E-13  1.07622E-11  1.53226E-10  1.30973E-09  7.35970E-09  2.93474E-08
  8.85346E-08  2.13120E-07  4.27776E-07  7.42292E-07  1.14674E-06  1.61510E-06
  2.11364E-06  2.60923E-06  3.07470E-06  3.49073E-06  3.84557E-06  4.13352E-06
  4.35325E-06  4.50636E-06  4.59636E-06  4.62801E-06  4.60687E-06  4.53907E-06
  4.43107E-06  4.28947E-06  4.12083E-06  3.93151E-06  3.72743E-06  3.51400E-06
  3.29595E-06  3.07732E-06  2.86143E-06  2.65089E-06  2.44770E-06  2.25330E-06
  2.06866E-06  1.89439E-06  1.73080E-06  1.57799E-06  1.43588E-06  1.30429E-06
  1.18293E-06  1.07143E-06  9.69351E-07  8.76183E-07  7.91326E-07  7.14095E-07

  jn =   4
  2.01336E-82  6.95459E-70  3.36064E-59  3.96902E-50  1.88067E-42  5.54613E-36
  1.50003E-30  5.23441E-26  3.17933E-22  4.36701E-19  1.70381E-16  2.30111E-14
  1.27623E-12  3.36671E-11  4.79063E-10  4.09275E-09  2.29874E-08  9.16267E-08
  2.76324E-07  6.64986E-07  1.33451E-06  2.31540E-06  3.57679E-06  5.03769E-06
  6.59314E-06  8.14004E-06  9.59367E-06  1.08939E-05  1.20039E-05  1.29059E-05
  1.35955E-05  1.40774E-05  1.43625E-05  1.44655E-05  1.44035E-05  1.41956E-05
  1.38617E-05  1.34225E-05  1.28983E-05  1.23091E-05  1.16732E-05  1.10076E-05
  1.03272E-05  9.64456E-06  8.97008E-06  8.31202E-06  7.67665E-06  7.06851E-06
  6.49069E-06  5.94513E-06  5.43284E-06  4.95414E-06  4.50885E-06  4.09638E-06
  3.71588E-06  3.36621E-06  3.04602E-06  2.75370E-06  2.48740E-06  2.24498E-06

  jn =   5
  6.35728E-82  2.19401E-69  1.05920E-58  1.24972E-49  5.91577E-42  1.74282E-35
  4.70894E-30  1.64155E-25  9.96052E-22  1.36676E-18  5.32708E-16  7.18732E-14
  3.98221E-12  1.04949E-10  1.49197E-09  1.27350E-08  7.14694E-08  2.84667E-07
  8.57947E-07  2.06362E-06  4.13965E-06  7.18034E-06  1.10902E-05  1.56188E-05
  2.04420E-05  2.52411E-05  2.97544E-05  3.37955E-05  3.72504E-05  4.00631E-05
  4.22195E-05  4.37334E-05  4.46376E-05  4.49765E-05  4.48030E-05  4.41751E-05
  4.31545E-05  4.18048E-05  4.01892E-05  3.83690E-05  3.64017E-05  3.43399E-05
  3.22297E-05  3.01107E-05  2.80153E-05  2.59694E-05  2.39926E-05  2.20995E-05
  2.02996E-05  1.85993E-05  1.70019E-05  1.55085E-05  1.41186E-05  1.28307E-05
  1.16421E-05  1.05493E-05  9.54829E-06  8.63409E-06  7.80098E-06  7.04233E-06

  jn =   6
  2.01073E-81  6.93247E-69  3.34277E-58  3.93874E-49  1.86182E-41  5.47703E-35
  1.47765E-29  5.14329E-25  3.11595E-21  4.26875E-18  1.66105E-15  2.23736E-13
  1.23757E-11  3.25619E-10  4.62164E-09  3.93887E-08  2.20734E-07  8.78033E-07
  2.64314E-06  6.35107E-06  1.27296E-05  2.20656E-05  3.40652E-05  4.79627E-05
  6.27680E-05  7.75088E-05  9.13860E-05  1.03831E-04  1.14493E-04  1.23199E-04
  1.29901E-04  1.34641E-04  1.37512E-04  1.38647E-04  1.38205E-04  1.36362E-04
  1.33303E-04  1.29221E-04  1.24311E-04  1.18760E-04  1.12745E-04  1.06426E-04
  9.99489E-05  9.34342E-05  8.69835E-05  8.06775E-05  7.45781E-05  6.87304E-05
  6.31659E-05  5.79044E-05  5.29571E-05  4.83283E-05  4.40173E-05  4.00196E-05
  3.63277E-05  3.29315E-05  2.98186E-05  2.69740E-05  2.43803E-05  2.20172E-05

  jn =   7
  6.38280E-81  2.19876E-68  1.05889E-57  1.24569E-48  5.87719E-41  1.72523E-34
  4.64368E-29  1.61240E-24  9.74398E-21  1.33148E-17  5.16732E-15  6.94092E-13
  3.82822E-11  1.00426E-09  1.42113E-08  1.20759E-07  6.74793E-07  2.67694E-06
  8.03845E-06  1.92728E-05  3.85569E-05  6.67337E-05  1.02907E-04  1.44778E-04
  1.89388E-04  2.33842E-04  2.75760E-04  3.13448E-04  3.45856E-04  3.72454E-04
  3.93087E-04  4.07851E-04  4.17011E-04  4.20943E-04  4.20101E-04  4.14995E-04
  4.06174E-04  3.94210E-04  3.79679E-04  3.63144E-04  3.45140E-04  3.26158E-04
  3.06636E-04  2.86947E-04  2.67406E-04  2.48263E-04  2.29710E-04  2.11892E-04
  1.94908E-04  1.78825E-04  1.63681E-04  1.49492E-04  1.36261E-04  1.23976E-04
  1.12619E-04  1.02159E-04  9.25628E-05  8.37852E-05  7.57745E-05  6.84697E-05

  jn =   8
  2.04199E-80  7.03346E-68  3.38459E-57  3.97526E-48  1.87095E-40  5.47525E-34
  1.46870E-28  5.08086E-24  3.05784E-20  4.15891E-17  1.60554E-14  2.14428E-12
  1.17564E-10  3.06574E-09  4.31302E-08  3.64421E-07  2.02520E-06  7.99167E-06
  2.38778E-05  5.69844E-05  1.13533E-04  1.95812E-04  3.01099E-04  4.22717E-04
  5.52196E-04  6.81317E-04  8.03364E-04  9.13559E-04  1.00893E-03  1.08793E-03
  1.15005E-03  1.19546E-03  1.22482E-03  1.23908E-03  1.23944E-03  1.22725E-03
  1.20403E-03  1.17134E-03  1.13083E-03  1.08410E-03  1.03270E-03  9.78072E-04
  9.21506E-04  8.64130E-04  8.06892E-04  7.50564E-04  6.95751E-04  6.42910E-04
  5.92371E-04  5.44360E-04  4.99018E-04  4.56423E-04  4.16602E-04  3.79544E-04
  3.45207E-04  3.13523E-04  2.84397E-04  2.57710E-04  2.33315E-04  2.11034E-04

  jn =   9
  6.63545E-80  2.28824E-67  1.10125E-56  1.29172E-47  6.06210E-40  1.76662E-33
  4.71260E-28  1.61869E-23  9.65754E-20  1.30071E-16  4.97015E-14  6.57023E-12
  3.56594E-10  9.20463E-09  1.28133E-07  1.07060E-06  5.87964E-06  2.29194E-05
  6.76478E-05  1.59570E-04  3.14570E-04  5.37608E-04  8.20560E-04  1.14554E-03
  1.49070E-03  1.83534E-03  2.16275E-03  2.46112E-03  2.72297E-03  2.94421E-03
  3.12313E-03  3.25959E-03  3.35456E-03  3.40980E-03  3.42770E-03  3.41120E-03
  3.36373E-03  3.28908E-03  3.19129E-03  3.07450E-03  2.94282E-03  2.80017E-03
  2.65016E-03  2.49599E-03  2.34046E-03  2.18586E-03  2.03407E-03  1.88655E-03
  1.74440E-03  1.60844E-03  1.47922E-03  1.35710E-03  1.24231E-03  1.13494E-03
  1.03497E-03  9.42312E-04  8.56781E-04  7.78108E-04  7.05928E-04  6.39778E-04

  jn =  10
  2.19680E-79  7.58498E-67  3.65005E-56  4.27364E-47  1.99794E-39  5.78550E-33
  1.52889E-27  5.18772E-23  3.05276E-19  4.05332E-16  1.52590E-13  1.98380E-11
  1.05583E-09  2.66331E-08  3.61061E-07  2.92964E-06  1.55976E-05  5.89251E-05
  1.68762E-04  3.87263E-04  7.45302E-04  1.24857E-03  1.87605E-03  2.58910E-03
  3.34376E-03  4.10022E-03  4.82733E-03  5.50324E-03  6.11386E-03  6.65066E-03
  7.10877E-03  7.48562E-03  7.78023E-03  7.99290E-03  8.12515E-03  8.17983E-03
  8.16115E-03  8.07464E-03  7.92699E-03  7.72580E-03  7.47924E-03  7.19569E-03
  6.88336E-03  6.55004E-03  6.20285E-03  5.84808E-03  5.49116E-03  5.13665E-03
  4.78828E-03  4.44907E-03  4.12141E-03  3.80715E-03  3.50770E-03  3.22410E-03
  2.95705E-03  2.70692E-03  2.47382E-03  2.25750E-03  2.05740E-03  1.87260E-03

  jn =  11
  7.18894E-79  2.48155E-66  1.19288E-55  1.39370E-46  6.49157E-39  1.86825E-32
  4.89175E-27  1.64061E-22  9.52475E-19  1.24262E-15  4.55761E-13  5.70561E-11
  2.89059E-09  6.88086E-08  8.76092E-07  6.66969E-06  3.33965E-05  1.19256E-04
  3.25044E-04  7.15288E-04  1.33039E-03  2.16978E-03  3.19520E-03  4.34723E-03
  5.56337E-03  6.79004E-03  7.98715E-03  9.12748E-03  1.01936E-02  1.11743E-02
  1.20619E-02  1.28504E-02  1.35344E-02  1.41093E-02  1.45713E-02  1.49179E-02
  1.51486E-02  1.52648E-02  1.52704E-02  1.51715E-02  1.49759E-02  1.46930E-02
  1.43333E-02  1.39076E-02  1.34267E-02  1.29013E-02  1.23411E-02  1.17554E-02
  1.11526E-02  1.05402E-02  9.92497E-03  9.31314E-03  8.71018E-03  8.12099E-03
  7.54985E-03  7.00035E-03  6.47532E-03  5.97672E-03  5.50551E-03  5.06150E-03

  jn =  12
  2.18113E-78  7.56532E-66  3.64880E-55  4.27316E-46  1.99262E-38  5.73138E-32
  1.49649E-26  4.98998E-22  2.85800E-18  3.61029E-15  1.24548E-12  1.42605E-10
  6.50589E-09  1.39283E-07  1.60834E-06  1.12478E-05  5.24677E-05  1.76906E-04
  4.60777E-04  9.78941E-04  1.77276E-03  2.83443E-03  4.11468E-03  5.54357E-03
  7.05098E-03  8.57907E-03  1.00862E-02  1.15455E-02  1.29404E-02  1.42608E-02
  1.54995E-02  1.66501E-02  1.77060E-02  1.86603E-02  1.95058E-02  2.02361E-02
  2.08462E-02  2.13326E-02  2.16944E-02  2.19328E-02  2.20513E-02  2.20553E-02
  2.19516E-02  2.17480E-02  2.14530E-02  2.10750E-02  2.06223E-02  2.01031E-02
  1.95250E-02  1.88957E-02  1.82224E-02  1.75126E-02  1.67738E-02  1.60136E-02
  1.52396E-02  1.44593E-02  1.36799E-02  1.29073E-02  1.21464E-02  1.14000E-02

  jn =  13
  5.63248E-78  1.99158E-65  9.75032E-55  1.15646E-45  5.45280E-38  1.58140E-31
  4.15428E-26  1.38420E-21  7.74497E-18  9.10679E-15  2.76763E-12  2.72254E-10
  1.07921E-08  2.06377E-07  2.18828E-06  1.43737E-05  6.40363E-05  2.08806E-04
  5.30745E-04  1.10782E-03  1.98062E-03  3.13784E-03  4.52590E-03  6.07128E-03
  7.70166E-03  9.35843E-03  1.10003E-02  1.26014E-02  1.41466E-02  1.56270E-02
  1.70368E-02  1.83705E-02  1.96221E-02  2.07849E-02  2.18515E-02  2.28152E-02
  2.36699E-02  2.44114E-02  2.50373E-02  2.55476E-02  2.59442E-02  2.62312E-02
  2.64138E-02  2.64981E-02  2.64908E-02  2.63982E-02  2.62267E-02  2.59819E-02
  2.56689E-02  2.52924E-02  2.48569E-02  2.43670E-02  2.38272E-02  2.32428E-02
  2.26192E-02  2.19624E-02  2.12780E-02  2.05713E-02  1.98460E-02  1.91032E-02

  jn =  14
  1.09943E-77  4.02266E-65  2.03053E-54  2.47142E-45  1.19216E-37  3.52857E-31
  9.40445E-26  3.14175E-21  1.68571E-17  1.75855E-14  4.51613E-12  3.82304E-10
  1.36327E-08  2.43494E-07  2.47040E-06  1.57555E-05  6.88372E-05  2.21450E-04
  5.57599E-04  1.15578E-03  2.05646E-03  3.24640E-03  4.67141E-03  6.25649E-03
  7.92968E-03  9.63163E-03  1.13213E-02  1.29732E-02  1.45729E-02  1.61121E-02
  1.75857E-02  1.89885E-02  2.03152E-02  2.15593E-02  2.27138E-02  2.37722E-02
  2.47284E-02  2.55784E-02  2.63199E-02  2.69528E-02  2.74794E-02  2.79035E-02
  2.82307E-02  2.84671E-02  2.86196E-02  2.86946E-02  2.86984E-02  2.86365E-02
  2.85138E-02  2.83347E-02  2.81032E-02  2.78230E-02  2.74982E-02  2.71329E-02
  2.67320E-02  2.63002E-02  2.58425E-02  2.53628E-02  2.48632E-02  2.43424E-02

  jn =  15
  1.55819E-77  5.88089E-65  3.07032E-54  3.86419E-45  1.91617E-37  5.78403E-31
  1.57203E-25  5.27170E-21  2.69655E-17  2.50033E-14  5.66016E-12  4.38788E-10
  1.48869E-08  2.58127E-07  2.57378E-06  1.62440E-05  7.05293E-05  2.25816E-04
  5.66749E-04  1.17236E-03  2.08265E-03  3.28331E-03  4.72104E-03  6.31987E-03
  8.00482E-03  9.72069E-03  1.14231E-02  1.30904E-02  1.47065E-02  1.62656E-02
  1.77608E-02  1.91872E-02  2.05396E-02  2.18116E-02  2.29966E-02  2.40878E-02
  2.50796E-02  2.59679E-02  2.67505E-02  2.74275E-02  2.80012E-02  2.84758E-02
  2.88569E-02  2.91509E-02  2.93649E-02  2.95056E-02  2.95795E-02  2.95924E-02
  2.95496E-02  2.94555E-02  2.93145E-02  2.91305E-02  2.89079E-02  2.86511E-02
  2.83651E-02  2.80552E-02  2.77266E-02  2.73836E-02  2.70286E-02  2.66602E-02

  H2+ Dissociative Recombination n=2 / n=1 (jt,jn)
  jn =   1
  3.12321E-06  2.71051E-06  2.35265E-06  2.04223E-06  1.77292E-06  1.53923E-06
  1.33642E-06  1.16040E-06  1.00763E-06  8.75047E-07  7.59979E-07  6.60121E-07
  5.73467E-07  4.98276E-07  4.33032E-07  3.76419E-07  3.27292E-07  2.84654E-07
  2.47640E-07  2.15498E-07  1.87577E-07  1.63313E-07  1.42217E-07  1.23869E-07
  1.07904E-07  9.40084E-08  8.19094E-08  7.13724E-08  6.21939E-08  5.41975E-08
  4.72300E-08  4.11586E-08  3.58676E-08  3.12567E-08  2.72381E-08  2.37359E-08
  2.06836E-08  1.80235E-08  1.57052E-08  1.36848E-08  1.19240E-08  1.03896E-08
  9.05241E-09  7.88714E-09  6.87170E-09  5.98685E-09  5.21581E-09  4.54395E-09
  3.95854E-09  3.44845E-09  3.00402E-09  2.61679E-09  2.27941E-09  1.98547E-09
  1.72938E-09  1.50628E-09  1.31192E-09  1.14260E-09  9.95097E-10  8.66609E-10

  jn =   2
  9.80623E-06  8.50132E-06  7.37113E-06  6.39183E-06  5.54298E-06  4.80706E-06
  4.16895E-06  3.61563E-06  3.13585E-06  2.71988E-06  2.35929E-06  2.04675E-06
  1.77594E-06  1.54131E-06  1.33807E-06  1.16202E-06  1.00954E-06  8.77437E-07
  7.62961E-07  6.63716E-07  5.77630E-07  5.02909E-07  4.38010E-07  3.81603E-07
  3.32544E-07  2.89851E-07  2.52679E-07  2.20299E-07  1.92084E-07  1.67491E-07
  1.46051E-07  1.27356E-07  1.11053E-07  9.68360E-08  8.44365E-08  7.36223E-08
  6.41909E-08  5.59655E-08  4.87921E-08  4.25365E-08  3.70814E-08  3.23245E-08
  2.81768E-08  2.45603E-08  2.14072E-08  1.86582E-08  1.62616E-08  1.41724E-08
  1.23512E-08  1.07636E-08  9.37985E-09  8.17370E-09  7.12244E-09  6.20619E-09
  5.40765E-09  4.71171E-09  4.10522E-09  3.57668E-09  3.11609E-09  2.71473E-09

  jn =   3
  3.07799E-05  2.66414E-05  2.30615E-05  1.99630E-05  1.72803E-05  1.49570E-05
  1.29450E-05  1.12028E-05  9.69471E-06  8.38971E-06  7.26094E-06  6.28502E-06
  5.44162E-06  4.71304E-06  4.08382E-06  3.54051E-06  3.07139E-06  2.66624E-06
  2.31620E-06  2.01358E-06  1.75174E-06  1.52496E-06  1.32834E-06  1.15767E-06
  1.00938E-06  8.80403E-07  7.68124E-07  6.70307E-07  5.85037E-07  5.10666E-07
  4.45777E-07  3.89143E-07  3.39704E-07  2.96540E-07  2.58850E-07  2.25938E-07
  1.97200E-07  1.72105E-07  1.50192E-07  1.31060E-07  1.14356E-07  9.97736E-08
  8.70438E-08  7.59324E-08  6.62344E-08  5.77709E-08  5.03853E-08  4.39409E-08
  3.83183E-08  3.34130E-08  2.91339E-08  2.54014E-08  2.21459E-08  1.93066E-08
  1.68305E-08  1.46712E-08  1.27884E-08  1.11468E-08  9.71542E-09  8.46753E-09

  jn =   4
  9.66641E-05  8.34610E-05  7.20494E-05  6.21838E-05  5.36552E-05  4.62844E-05
  3.99172E-05  3.44200E-05  2.96768E-05  2.55871E-05  2.20633E-05  1.90291E-05
  1.64184E-05  1.41733E-05  1.22434E-05  1.05851E-05  9.16013E-06  7.93535E-06
  6.88205E-06  5.97540E-06  5.19404E-06  4.51967E-06  3.93672E-06  3.43193E-06
  2.99409E-06  2.61372E-06  2.28282E-06  1.99458E-06  1.74324E-06  1.52389E-06
  1.33233E-06  1.16493E-06  1.01861E-06  8.90656E-07  7.78751E-07  6.80868E-07
  5.95243E-07  5.20339E-07  4.54817E-07  3.97502E-07  3.47371E-07  3.03528E-07
  2.65186E-07  2.31661E-07  2.02349E-07  1.76725E-07  1.54328E-07  1.34754E-07
  1.17648E-07  1.02703E-07  8.96466E-08  7.82417E-08  6.82807E-08  5.95819E-08
  5.19864E-08  4.53549E-08  3.95659E-08  3.45128E-08  3.01026E-08  2.62540E-08

  jn =   5
  3.04293E-04  2.61791E-04  2.25046E-04  1.93317E-04  1.65958E-04  1.42397E-04
  1.22133E-04  1.04724E-04  8.97846E-05  7.69751E-05  6.60017E-05  5.66093E-05
  4.85775E-05  4.17153E-05  3.58570E-05  3.08585E-05  2.65945E-05  2.29564E-05
  1.98501E-05  1.71948E-05  1.49210E-05  1.29699E-05  1.12916E-05  9.84438E-06
  8.59316E-06  7.50872E-06  6.56670E-06  5.74673E-06  5.03175E-06  4.40742E-06
  3.86161E-06  3.38398E-06  2.96573E-06  2.59927E-06  2.27806E-06  1.99644E-06
  1.74949E-06  1.53293E-06  1.34301E-06  1.17646E-06  1.03041E-06  9.02348E-07
  7.90078E-07  6.91663E-07  6.05406E-07  5.29817E-07  4.63588E-07  4.05571E-07
  3.54754E-07  3.10254E-07  2.71292E-07  2.37184E-07  2.07332E-07  1.81209E-07
  1.58353E-07  1.38360E-07  1.20873E-07  1.05581E-07  9.22115E-08  8.05239E-08

  jn =   6
  9.64169E-04  8.25951E-04  7.06053E-04  6.02484E-04  5.13420E-04  4.37109E-04
  3.71884E-04  3.16221E-04  2.68777E-04  2.28391E-04  1.94065E-04  1.64940E-04
  1.40272E-04  1.19412E-04  1.01796E-04  8.69344E-05  7.44008E-05  6.38289E-05
  5.49037E-05  4.73568E-05  4.09605E-05  3.55233E-05  3.08853E-05  2.69142E-05
  2.35006E-05  2.05552E-05  1.80045E-05  1.57885E-05  1.38578E-05  1.21716E-05
  1.06960E-05  9.40255E-06  8.26742E-06  7.27022E-06  6.39355E-06  5.62244E-06
  4.94394E-06  4.34678E-06  3.82117E-06  3.35850E-06  2.95127E-06  2.59287E-06
  2.27747E-06  1.99998E-06  1.75589E-06  1.54121E-06  1.35246E-06  1.18655E-06
  1.04073E-06  9.12627E-07  8.00103E-07  7.01292E-07  6.14545E-07  5.38410E-07
  4.71603E-07  4.12998E-07  3.61600E-07  3.16532E-07  2.77026E-07  2.42402E-07

  jn =   7
  3.10173E-03  2.64748E-03  2.25020E-03  1.90529E-03  1.60825E-03  1.35415E-03
  1.13799E-03  9.55038E-04  8.00770E-04  6.71010E-04  5.62044E-04  4.70698E-04
  3.94303E-04  3.30607E-04  2.77668E-04  2.33793E-04  1.97496E-04  1.67484E-04
  1.42647E-04  1.22047E-04  1.04901E-04  9.05643E-05  7.85129E-05  6.83225E-05
  5.96532E-05  5.22332E-05  4.58461E-05  4.03189E-05  3.55134E-05  3.13185E-05
  2.76441E-05  2.44165E-05  2.15750E-05  1.90691E-05  1.68561E-05  1.49000E-05
  1.31696E-05  1.16383E-05  1.02829E-05  9.08304E-06  8.02089E-06  7.08078E-06
  6.24885E-06  5.51284E-06  4.86187E-06  4.28631E-06  3.77758E-06  3.32810E-06
  2.93109E-06  2.58056E-06  2.27118E-06  1.99822E-06  1.75749E-06  1.54526E-06
  1.35822E-06  1.19344E-06  1.04833E-06  9.20578E-07  8.08157E-07  7.09259E-07

  jn =   8
  1.03079E-02  8.79685E-03  7.45391E-03  6.26789E-03  5.23228E-03  4.34217E-03
  3.58879E-03  2.95691E-03  2.42835E-03  1.98675E-03  1.61939E-03  1.31648E-03
  1.06959E-03  8.70592E-04  7.11544E-04  5.84960E-04  4.84231E-04  4.03834E-04
  3.39327E-04  2.87229E-04  2.44840E-04  2.10079E-04  1.81340E-04  1.57383E-04
  1.37248E-04  1.20190E-04  1.05629E-04  9.31125E-05  8.22840E-05  7.28629E-05
  6.46253E-05  5.73919E-05  5.10172E-05  4.53822E-05  4.03888E-05  3.59550E-05
  3.20117E-05  2.85005E-05  2.53711E-05  2.25802E-05  2.00902E-05  1.78681E-05
  1.58851E-05  1.41156E-05  1.25370E-05  1.11292E-05  9.87424E-06  8.75609E-06
  7.76035E-06  6.87415E-06  6.08590E-06  5.38522E-06  4.76276E-06  4.21014E-06
  3.71982E-06  3.28504E-06  2.89974E-06  2.55847E-06  2.25637E-06  1.98909E-06

  jn =   9
  3.64059E-02  3.12297E-02  2.65046E-02  2.22059E-02  1.83580E-02  1.50009E-02
  1.21300E-02  9.69799E-03  7.65710E-03  5.97651E-03  4.62987E-03  3.58113E-03
  2.78258E-03  2.18201E-03  1.73112E-03  1.39032E-03  1.12978E-03  9.27997E-04
  7.69782E-04  6.44362E-04  5.43961E-04  4.62853E-04  3.96747E-04  3.42386E-04
  2.97278E-04  2.59513E-04  2.27616E-04  2.00451E-04  1.77136E-04  1.56984E-04
  1.39457E-04  1.24129E-04  1.10661E-04  9.87799E-05  8.82632E-05  7.89281E-05
  7.06226E-05  6.32189E-05  5.66086E-05  5.06991E-05  4.54104E-05  4.06733E-05
  3.64273E-05  3.26194E-05  2.92028E-05  2.61364E-05  2.33838E-05  2.09125E-05
  1.86937E-05  1.67019E-05  1.49141E-05  1.33098E-05  1.18707E-05  1.05805E-05
  9.42416E-06  8.38854E-06  7.46162E-06  6.63256E-06  5.89158E-06  5.22984E-06

  jn =  10
  1.37286E-01  1.18231E-01  1.00433E-01  8.38479E-02  6.86610E-02  5.50979E-02
  4.32186E-02  3.30470E-02  2.46759E-02  1.81310E-02  1.32528E-02  9.73755E-03
  7.24541E-03  5.47859E-03  4.21084E-03  3.28468E-03  2.59565E-03  2.07531E-03
  1.67792E-03  1.37176E-03  1.13402E-03  9.47870E-04  8.00743E-04  6.83240E-04
  5.88330E-04  5.10754E-04  4.46583E-04  3.92875E-04  3.47420E-04  3.08550E-04
  2.74998E-04  2.45794E-04  2.20190E-04  1.97601E-04  1.77568E-04  1.59726E-04
  1.43779E-04  1.29486E-04  1.16649E-04  1.05099E-04  9.46953E-05  8.53168E-05
  7.68577E-05  6.92255E-05  6.23385E-05  5.61238E-05  5.05162E-05  4.54572E-05
  4.08938E-05  3.67781E-05  3.30670E-05  2.97211E-05  2.67049E-05  2.39864E-05
  2.15364E-05  1.93286E-05  1.73394E-05  1.55473E-05  1.39331E-05  1.24794E-05

  jn =  11
  5.07170E-01  4.35037E-01  3.67765E-01  3.05104E-01  2.47455E-01  1.95312E-01
  1.49071E-01  1.09698E-01  7.82763E-02  5.47705E-02  3.80183E-02  2.64346E-02
  1.85476E-02  1.31923E-02  9.52975E-03  6.99423E-03  5.21661E-03  3.95635E-03
  3.05364E-03  2.40005E-03  1.92106E-03  1.56516E-03  1.29669E-03  1.09088E-03
  9.30467E-04  8.03343E-04  7.00939E-04  6.17141E-04  5.47536E-04  4.88909E-04
  4.38889E-04  3.95711E-04  3.58046E-04  3.24883E-04  2.95443E-04  2.69122E-04
  2.45448E-04  2.24045E-04  2.04613E-04  1.86910E-04  1.70737E-04  1.55932E-04
  1.42358E-04  1.29899E-04  1.18458E-04  1.07948E-04  9.82962E-05  8.94348E-05
  8.13044E-05  7.38507E-05  6.70238E-05  6.07777E-05  5.50694E-05  4.98586E-05
  4.51076E-05  4.07808E-05  3.68449E-05  3.32683E-05  3.00216E-05  2.70769E-05

  jn =  12
  1.64762E+00  1.41448E+00  1.19497E+00  9.90026E-01  8.00493E-01  6.27639E-01
  4.73090E-01  3.41509E-01  2.36776E-01  1.58188E-01  1.02191E-01  6.45560E-02
  4.06644E-02  2.59973E-02  1.70469E-02  1.15105E-02  8.01102E-03  5.74551E-03
  4.24325E-03  3.22306E-03  2.51366E-03  2.00871E-03  1.64094E-03  1.36709E-03
  1.15877E-03  9.97056E-04  8.69094E-04  7.65998E-04  6.81532E-04  6.11242E-04
  5.51908E-04  5.01160E-04  4.57237E-04  4.18808E-04  3.84860E-04  3.54609E-04
  3.27443E-04  3.02880E-04  2.80536E-04  2.60102E-04  2.41329E-04  2.24010E-04
  2.07979E-04  1.93095E-04  1.79242E-04  1.66323E-04  1.54255E-04  1.42969E-04
  1.32403E-04  1.22508E-04  1.13238E-04  1.04555E-04  9.64250E-05  8.88176E-05
  8.17055E-05  7.50639E-05  6.88697E-05  6.31012E-05  5.77381E-05  5.27603E-05

  jn =  13
  4.38636E+00  3.83949E+00  3.28626E+00  2.75143E+00  2.24533E+00  1.76778E+00
  1.33455E+00  9.57147E-01  6.44249E-01  3.98456E-01  2.25858E-01  1.22304E-01
  6.68696E-02  3.81806E-02  2.29936E-02  1.45900E-02  9.70292E-03  6.73342E-03
  4.85498E-03  3.62443E-03  2.79149E-03  2.21075E-03  1.79459E-03  1.48868E-03
  1.25844E-03  1.08129E-03  9.42188E-04  8.30886E-04  7.40264E-04  6.65292E-04
  6.02353E-04  5.48807E-04  5.02698E-04  4.62556E-04  4.27262E-04  3.95955E-04
  3.67962E-04  3.42754E-04  3.19908E-04  2.99084E-04  2.80007E-04  2.62448E-04
  2.46221E-04  2.31168E-04  2.17158E-04  2.04080E-04  1.91837E-04  1.80349E-04
  1.69545E-04  1.59364E-04  1.49754E-04  1.40667E-04  1.32065E-04  1.23910E-04
  1.16174E-04  1.08830E-04  1.01853E-04  9.52233E-05  8.89236E-05  8.29382E-05

  jn =  14
  8.65951E+00  7.87473E+00  6.97012E+00  5.99201E+00  5.00026E+00  4.01679E+00
  3.05996E+00  2.19313E+00  1.40961E+00  7.71403E-01  3.68517E-01  1.71464E-01
  8.42712E-02  4.49430E-02  2.58989E-02  1.59545E-02  1.04077E-02  7.12673E-03
  5.09099E-03  3.77411E-03  2.89298E-03  2.28289E-03  1.84877E-03  1.53116E-03
  1.29321E-03  1.11070E-03  9.67767E-04  8.53666E-04  7.60969E-04  6.84440E-04
  6.20326E-04  5.65892E-04  5.19115E-04  4.78478E-04  4.42828E-04  4.11276E-04
  3.83132E-04  3.57849E-04  3.34995E-04  3.14219E-04  2.95238E-04  2.77819E-04
  2.61768E-04  2.46924E-04  2.33152E-04  2.20336E-04  2.08377E-04  1.97190E-04
  1.86700E-04  1.76845E-04  1.67565E-04  1.58813E-04  1.50542E-04  1.42715E-04
  1.35294E-04  1.28249E-04  1.21551E-04  1.15174E-04  1.09096E-04  1.03295E-04

  jn =  15
  1.22586E+01  1.15402E+01  1.06609E+01  9.58663E+00  8.26383E+00  6.73563E+00
  5.23759E+00  3.76002E+00  2.29121E+00  1.10772E+00  4.65523E-01  1.97572E-01
  9.23166E-02  4.77020E-02  2.69963E-02  1.64547E-02  1.06685E-02  7.26896E-03
  5.17503E-03  3.82856E-03  2.92982E-03  2.30852E-03  1.86806E-03  1.54631E-03
  1.30496E-03  1.12045E-03  9.75893E-04  8.60811E-04  7.67395E-04  6.90444E-04
  6.26016E-04  5.71349E-04  5.24401E-04  4.83643E-04  4.47912E-04  4.16314E-04
  3.88152E-04  3.62876E-04  3.40051E-04  3.19323E-04  3.00409E-04  2.83072E-04
  2.67120E-04  2.52390E-04  2.38746E-04  2.26072E-04  2.14268E-04  2.03249E-04
  1.92940E-04  1.83278E-04  1.74205E-04  1.65671E-04  1.57630E-04  1.50044E-04
  1.42876E-04  1.36094E-04  1.29669E-04  1.23574E-04  1.17785E-04  1.12281E-04

 H2 Dissociative Excitation n=4 / n=1 (jt,jn)
  jn =   1
  1.00000E-99  1.00000E-99  7.64438E-86  9.38638E-70  5.52758E-57  7.51918E-47
  8.23622E-39  1.95889E-32  2.22459E-27  2.25590E-23  3.35914E-20  1.09045E-17
  1.05647E-15  3.92157E-14  6.80606E-13  6.47972E-12  3.85274E-11  1.59126E-10
  4.97956E-10  1.26434E-09  2.74001E-09  5.24740E-09  9.08546E-09  1.44420E-08
  2.13156E-08  2.94802E-08  3.85065E-08  4.78263E-08  5.68206E-08  6.49081E-08
  7.16178E-08  7.66360E-08  7.98239E-08  8.12061E-08  8.09383E-08  7.92641E-08
  7.64703E-08  7.28491E-08  6.86714E-08  6.41705E-08  5.95357E-08  5.49128E-08
  5.04082E-08  4.60951E-08  4.20199E-08  3.82091E-08  3.46738E-08  3.14144E-08
  2.84241E-08  2.56912E-08  2.32011E-08  2.09376E-08  1.88841E-08  1.70239E-08
  1.53410E-08  1.38198E-08  1.24460E-08  1.12060E-08  1.00875E-08  9.07904E-09

  jn =   2
  1.00000E-99  1.00000E-99  2.41566E-85  2.96529E-69  1.74562E-56  2.37359E-46
  2.59869E-38  6.17735E-32  7.01099E-27  7.10504E-23  1.05723E-19  3.42949E-17
  3.32013E-15  1.23151E-13  2.13584E-12  2.03211E-11  1.20754E-10  4.98457E-10
  1.55895E-09  3.95591E-09  8.56786E-09  1.63993E-08  2.83818E-08  4.51035E-08
  6.65658E-08  9.20734E-08  1.20296E-07  1.49469E-07  1.77663E-07  2.03058E-07
  2.24175E-07  2.40023E-07  2.50154E-07  2.54632E-07  2.53936E-07  2.48819E-07
  2.40174E-07  2.28915E-07  2.15889E-07  2.01828E-07  1.87329E-07  1.72850E-07
  1.58729E-07  1.45197E-07  1.32402E-07  1.20430E-07  1.09317E-07  9.90660E-08
  8.96570E-08  8.10541E-08  7.32125E-08  6.60822E-08  5.96111E-08  5.37476E-08
  4.84411E-08  4.36436E-08  3.93098E-08  3.53975E-08  3.18677E-08  2.86844E-08

  jn =   3
  1.00000E-99  1.00000E-99  7.63083E-85  9.36084E-69  5.50595E-56  7.47897E-46
  8.17838E-38  1.94141E-31  2.20000E-26  2.22572E-22  3.30581E-19  1.07027E-16
  1.03409E-14  3.82809E-13  6.62655E-12  6.29361E-11  3.73383E-10  1.53898E-09
  4.80624E-09  1.21783E-08  2.63388E-08  5.03503E-08  8.70587E-08  1.38280E-07
  2.04068E-07  2.82368E-07  3.69186E-07  4.59172E-07  5.46432E-07  6.25364E-07
  6.91365E-07  7.41302E-07  7.73701E-07  7.88668E-07  7.87594E-07  7.72747E-07
  7.46845E-07  7.12690E-07  6.72902E-07  6.29753E-07  5.85102E-07  5.40391E-07
  4.96681E-07  4.54711E-07  4.14961E-07  3.77707E-07  3.43080E-07  3.11099E-07
  2.81711E-07  2.54814E-07  2.30273E-07  2.07939E-07  1.87655E-07  1.69261E-07
  1.52603E-07  1.37534E-07  1.23914E-07  1.11612E-07  1.00508E-07  9.04887E-08

  jn =   4
  1.00000E-99  1.00000E-99  2.40896E-84  2.95028E-68  1.73159E-55  2.34581E-45
  2.55702E-37  6.04767E-31  6.82493E-26  6.87326E-22  1.01585E-18  3.27184E-16
  3.14452E-14  1.15801E-12  1.99462E-11  1.88580E-10  1.11421E-09  4.57532E-09
  1.42378E-08  3.59497E-08  7.74878E-08  1.47694E-07  2.54827E-07  4.04313E-07
  5.96677E-07  8.26484E-07  1.08266E-06  1.35004E-06  1.61154E-06  1.85061E-06
  2.05327E-06  2.20966E-06  2.31470E-06  2.36799E-06  2.37306E-06  2.33617E-06
  2.26512E-06  2.16812E-06  2.05297E-06  1.92651E-06  1.79445E-06  1.66124E-06
  1.53022E-06  1.40378E-06  1.28350E-06  1.17032E-06  1.06476E-06  9.66962E-07
  8.76836E-07  7.94136E-07  7.18505E-07  6.49527E-07  5.86756E-07  5.29733E-07
  4.78009E-07  4.31147E-07  3.88732E-07  3.50373E-07  3.15707E-07  2.84397E-07

  jn =   5
  1.00000E-99  1.00000E-99  7.57274E-84  9.23483E-68  5.38880E-55  7.24728E-45
  7.83189E-37  1.83422E-30  2.04762E-25  2.03820E-21  2.97584E-18  9.46647E-16
  8.98808E-14  3.27216E-12  5.57777E-11  5.22556E-10  3.06321E-09  1.24895E-08
  3.85985E-08  9.67688E-08  2.07090E-07  3.92140E-07  6.73140E-07  1.06479E-06
  1.57029E-06  2.17840E-06  2.86357E-06  3.58887E-06  4.31097E-06  4.98594E-06
  5.57483E-06  6.04802E-06  6.38783E-06  6.58891E-06  6.65683E-06  6.60550E-06
  6.45389E-06  6.22315E-06  5.93412E-06  5.60581E-06  5.25445E-06  4.89322E-06
  4.53233E-06  4.17937E-06  3.83967E-06  3.51677E-06  3.21282E-06  2.92889E-06
  2.66529E-06  2.42177E-06  2.19769E-06  1.99219E-06  1.80422E-06  1.63267E-06
  1.47640E-06  1.33427E-06  1.20517E-06  1.08804E-06  9.81872E-07  8.85725E-07

  jn =   6
  1.00000E-99  1.00000E-99  2.31040E-83  2.78951E-67  1.60519E-54  2.12149E-44
  2.24702E-36  5.14897E-30  5.61964E-25  5.46966E-21  7.81652E-18  2.43812E-15
  2.27526E-13  8.16368E-12  1.37540E-10  1.27679E-09  7.42911E-09  3.00807E-08
  9.22366E-08  2.29037E-07  4.84734E-07  9.07439E-07  1.54191E-06  2.42047E-06
  3.55390E-06  4.92512E-06  6.48776E-06  8.17004E-06  9.88292E-06  1.15311E-05
  1.30245E-05  1.42889E-05  1.52730E-05  1.59511E-05  1.63228E-05  1.64080E-05
  1.62408E-05  1.58634E-05  1.53201E-05  1.46539E-05  1.39028E-05  1.30998E-05
  1.22715E-05  1.14390E-05  1.06184E-05  9.82134E-06  9.05621E-06  8.32850E-06
  7.64157E-06  6.99711E-06  6.39558E-06  5.83654E-06  5.31886E-06  4.84099E-06
  4.40106E-06  3.99702E-06  3.62670E-06  3.28792E-06  2.97850E-06  2.69631E-06

  jn =   7
  1.00000E-99  1.00000E-99  6.24943E-83  7.43573E-67  4.18256E-54  5.37193E-44
  5.51793E-36  1.22858E-29  1.30901E-24  1.25087E-20  1.76421E-17  5.45298E-15
  5.05629E-13  1.80568E-11  3.03086E-10  2.80438E-09  1.62601E-08  6.55194E-08
  1.99437E-07  4.90088E-07  1.02365E-06  1.88872E-06  3.16478E-06  4.90981E-06
  7.14720E-06  9.85492E-06  1.29605E-05  1.63441E-05  1.98492E-05  2.33003E-05
  2.65230E-05  2.93643E-05  3.17083E-05  3.34852E-05  3.46720E-05  3.52868E-05
  3.53788E-05  3.50167E-05  3.42783E-05  3.32418E-05  3.19803E-05  3.05586E-05
  2.90317E-05  2.74446E-05  2.58335E-05  2.42266E-05  2.26455E-05  2.11061E-05
  1.96202E-05  1.81958E-05  1.68384E-05  1.55512E-05  1.43357E-05  1.31924E-05
  1.21205E-05  1.11187E-05  1.01849E-05  9.31684E-06  8.51176E-06  7.76678E-06

  jn =   8
  1.00000E-99  1.00000E-99  1.29869E-82  1.53030E-66  8.45328E-54  1.06609E-43
  1.08558E-35  2.42836E-29  2.62411E-24  2.54850E-20  3.63864E-17  1.13089E-14
  1.04753E-12  3.71969E-11  6.19472E-10  5.68592E-09  3.27247E-08  1.30919E-07
  3.95265E-07  9.61403E-07  1.98307E-06  3.60824E-06  5.96317E-06  9.14046E-06
  1.31846E-05  1.80757E-05  2.37164E-05  2.99294E-05  3.64683E-05  4.30402E-05
  4.93392E-05  5.50807E-05  6.00326E-05  6.40359E-05  6.70116E-05  6.89552E-05
  6.99227E-05  7.00121E-05  6.93446E-05  6.80500E-05  6.62544E-05  6.40739E-05
  6.16106E-05  5.89511E-05  5.61675E-05  5.33182E-05  5.04498E-05  4.75990E-05
  4.47938E-05  4.20560E-05  3.94014E-05  3.68415E-05  3.43843E-05  3.20351E-05
  2.97969E-05  2.76708E-05  2.56569E-05  2.37539E-05  2.19601E-05  2.02728E-05

  jn =   9
  1.00000E-99  1.00000E-99  1.95268E-82  2.31765E-66  1.30128E-53  1.70601E-43
  1.84727E-35  4.41623E-29  5.02562E-24  5.02127E-20  7.22216E-17  2.23060E-14
  2.04105E-12  7.15860E-11  1.18140E-09  1.07913E-08  6.20070E-08  2.47873E-07
  7.46505E-07  1.80495E-06  3.68679E-06  6.62390E-06  1.07978E-05  1.63389E-05
  2.33184E-05  3.17269E-05  4.14465E-05  5.22342E-05  6.37261E-05  7.54659E-05
  8.69526E-05  9.76985E-05  1.07283E-04  1.15395E-04  1.21848E-04  1.26581E-04
  1.29639E-04  1.31145E-04  1.31272E-04  1.30214E-04  1.28168E-04  1.25322E-04
  1.21846E-04  1.17888E-04  1.13574E-04  1.09011E-04  1.04287E-04  9.94746E-05
  9.46317E-05  8.98062E-05  8.50366E-05  8.03535E-05  7.57811E-05  7.13385E-05
  6.70404E-05  6.28978E-05  5.89186E-05  5.51080E-05  5.14692E-05  4.80034E-05

  jn =  10
  1.00000E-99  1.00000E-99  2.33884E-82  2.85705E-66  1.71007E-53  2.48868E-43
  3.02822E-35  7.93843E-29  9.53527E-24  9.75241E-20  1.41136E-16  4.35576E-14
  3.97709E-12  1.39277E-10  2.29638E-09  2.09455E-08  1.19925E-07  4.76031E-07
  1.41771E-06  3.37680E-06  6.77633E-06  1.19478E-05  1.91254E-05  2.84791E-05
  4.01251E-05  5.40930E-05  7.02714E-05  8.83610E-05  1.07861E-04  1.28099E-04
  1.48293E-04  1.67642E-04  1.85419E-04  2.01041E-04  2.14115E-04  2.24444E-04
  2.32012E-04  2.36940E-04  2.39446E-04  2.39804E-04  2.38306E-04  2.35245E-04
  2.30893E-04  2.25498E-04  2.19277E-04  2.12420E-04  2.05088E-04  1.97416E-04
  1.89521E-04  1.81497E-04  1.73424E-04  1.65368E-04  1.57382E-04  1.49511E-04
  1.41790E-04  1.34248E-04  1.26909E-04  1.19789E-04  1.12902E-04  1.06260E-04

  jn =  11
  1.00000E-99  1.00000E-99  2.52217E-82  3.20613E-66  2.11327E-53  3.58235E-43
  5.09364E-35  1.49807E-28  1.93125E-23  2.05237E-19  3.01728E-16  9.29540E-14
  8.35363E-12  2.84910E-10  4.54287E-09  3.99112E-08  2.19771E-07  8.39380E-07
  2.41011E-06  5.55159E-06  1.08148E-05  1.85894E-05  2.91403E-05  4.26881E-05
  5.94360E-05  7.95203E-05  1.02920E-04  1.29371E-04  1.58332E-04  1.88993E-04
  2.20349E-04  2.51314E-04  2.80835E-04  3.08005E-04  3.32138E-04  3.52794E-04
  3.69771E-04  3.83065E-04  3.92822E-04  3.99284E-04  4.02745E-04  4.03523E-04
  4.01930E-04  3.98266E-04  3.92807E-04  3.85808E-04  3.77499E-04  3.68089E-04
  3.57767E-04  3.46705E-04  3.35057E-04  3.22965E-04  3.10557E-04  2.97948E-04
  2.85240E-04  2.72524E-04  2.59883E-04  2.47385E-04  2.35091E-04  2.23051E-04

  jn =  12
  1.00000E-99  1.00000E-99  2.61776E-82  3.50932E-66  2.69328E-53  5.72396E-43
  9.87852E-35  3.28522E-28  4.51568E-23  4.88069E-19  6.98675E-16  2.02152E-13
  1.67245E-11  5.22566E-10  7.67701E-09  6.27713E-08  3.25382E-07  1.18275E-06
  3.26359E-06  7.28393E-06  1.38422E-05  2.33411E-05  3.60614E-05  5.22716E-05
  7.22591E-05  9.62679E-05  1.24385E-04  1.56435E-04  1.91923E-04  2.30036E-04
  2.69716E-04  3.09771E-04  3.49013E-04  3.86377E-04  4.21018E-04  4.52347E-04
  4.80029E-04  5.03951E-04  5.24163E-04  5.40828E-04  5.54171E-04  5.64443E-04
  5.71894E-04  5.76760E-04  5.79253E-04  5.79565E-04  5.77861E-04  5.74291E-04
  5.68988E-04  5.62075E-04  5.53671E-04  5.43886E-04  5.32835E-04  5.20629E-04
  5.07384E-04  4.93217E-04  4.78247E-04  4.62596E-04  4.46386E-04  4.29737E-04

  jn =  13
  1.00000E-99  1.00000E-99  2.70701E-82  3.98855E-66  3.92083E-53  1.08228E-42
  2.19493E-34  7.90405E-28  1.10663E-22  1.14059E-18  1.46143E-15  3.67685E-13
  2.66725E-11  7.49874E-10  1.01659E-08  7.84185E-08  3.89379E-07  1.37226E-06
  3.70144E-06  8.12735E-06  1.52602E-05  2.55047E-05  3.91508E-05  5.64923E-05
  7.78604E-05  1.03554E-04  1.33720E-04  1.68237E-04  2.06648E-04  2.48169E-04
  2.91744E-04  3.36172E-04  3.80238E-04  4.22847E-04  4.63119E-04  5.00436E-04
  5.34440E-04  5.65002E-04  5.92165E-04  6.16088E-04  6.36997E-04  6.55140E-04
  6.70765E-04  6.84100E-04  6.95342E-04  7.04658E-04  7.12184E-04  7.18027E-04
  7.22266E-04  7.24965E-04  7.26166E-04  7.25902E-04  7.24194E-04  7.21060E-04
  7.16512E-04  7.10564E-04  7.03231E-04  6.94532E-04  6.84493E-04  6.73149E-04

  jn =  14
  1.00000E-99  1.00000E-99  2.82845E-82  4.79383E-66  6.18443E-53  2.08601E-42
  4.62777E-34  1.72988E-27  2.35411E-22  2.17250E-18  2.35894E-15  5.11879E-13
  3.34654E-11  8.81632E-10  1.14548E-08  8.57473E-08  4.18037E-07  1.45414E-06
  3.88636E-06  8.46566E-06  1.58129E-05  2.63099E-05  4.02717E-05  5.79884E-05
  7.98421E-05  1.06133E-04  1.37028E-04  1.72427E-04  2.11893E-04  2.54651E-04
  2.99655E-04  3.45703E-04  3.91579E-04  4.36185E-04  4.78636E-04  5.18314E-04
  5.54864E-04  5.88163E-04  6.18265E-04  6.45345E-04  6.69644E-04  6.91433E-04
  7.10980E-04  7.28535E-04  7.44319E-04  7.58521E-04  7.71298E-04  7.82775E-04
  7.93053E-04  8.02207E-04  8.10293E-04  8.17348E-04  8.23397E-04  8.28451E-04
  8.32512E-04  8.35573E-04  8.37619E-04  8.38631E-04  8.38585E-04  8.37452E-04

  jn =  15
  1.00000E-99  1.00000E-99  2.95330E-82  5.73176E-66  8.90517E-53  3.32916E-42
  7.86509E-34  3.00766E-27  3.90631E-22  3.18712E-18  3.06276E-15  6.03094E-13
  3.75891E-11  9.53550E-10  1.21338E-08  8.97916E-08  4.35235E-07  1.50292E-06
  3.99539E-06  8.67600E-06  1.61548E-05  2.67873E-05  4.09265E-05  5.88459E-05
  8.08241E-05  1.07307E-04  1.38332E-04  1.73952E-04  2.13669E-04  2.56830E-04
  3.02306E-04  3.48893E-04  3.95376E-04  4.40653E-04  4.83842E-04  5.24324E-04
  5.61747E-04  5.95992E-04  6.27120E-04  6.55311E-04  6.80818E-04  7.03921E-04
  7.24901E-04  7.44019E-04  7.61511E-04  7.77581E-04  7.92401E-04  8.06115E-04
  8.18840E-04  8.30671E-04  8.41684E-04  8.51936E-04  8.61474E-04  8.70332E-04
  8.78533E-04  8.86093E-04  8.93021E-04  8.99318E-04  9.04980E-04  9.10000E-04

 H2+ Dissociative Excitation n=4 / n=1 (jt,jn)
  jn =   1
  1.27073E-83  4.38688E-71  2.11880E-60  2.50123E-51  1.18468E-43  3.49221E-37
  9.44146E-32  3.29339E-27  1.99965E-23  2.74572E-20  1.07093E-17  1.44598E-15
  8.01788E-14  2.11481E-12  3.00904E-11  2.57072E-10  1.44402E-09  5.75689E-09
  1.73663E-08  4.18080E-08  8.39378E-08  1.45706E-07  2.25205E-07  3.17367E-07
  4.15600E-07  5.13412E-07  6.05451E-07  6.87904E-07  7.58429E-07  8.15868E-07
  8.59921E-07  8.90868E-07  9.09371E-07  9.16338E-07  9.12845E-07  9.00080E-07
  8.79304E-07  8.51812E-07  8.18895E-07  7.81806E-07  7.41718E-07  6.99702E-07
  6.56701E-07  6.13519E-07  5.70820E-07  5.29130E-07  4.88849E-07  4.50271E-07
  4.13595E-07  3.78947E-07  3.46394E-07  3.15961E-07  2.87637E-07  2.61389E-07
  2.37164E-07  2.14893E-07  1.94490E-07  1.75857E-07  1.58875E-07  1.43411E-07

  jn =   2
  3.99593E-83  1.37772E-70  6.64579E-60  7.83535E-51  3.70631E-43  1.09110E-36
  2.94582E-31  1.02611E-26  6.22121E-23  8.52963E-20  3.32184E-17  4.47838E-15
  2.47952E-13  6.53054E-12  9.27916E-11  7.91754E-10  4.44251E-09  1.76947E-08
  5.33397E-08  1.28347E-07  2.57609E-07  4.47144E-07  6.91191E-07  9.74326E-07
  1.27644E-06  1.57769E-06  1.86166E-06  2.11661E-06  2.33528E-06  2.51399E-06
  2.65171E-06  2.74919E-06  2.80836E-06  2.83192E-06  2.82312E-06  2.78555E-06
  2.72307E-06  2.63962E-06  2.53920E-06  2.42564E-06  2.30259E-06  2.17337E-06
  2.04090E-06  1.90769E-06  1.77581E-06  1.64692E-06  1.52227E-06  1.40278E-06
  1.28910E-06  1.18163E-06  1.08059E-06  9.86075E-07  8.98057E-07  8.16446E-07
  7.41085E-07  6.71767E-07  6.08236E-07  5.50186E-07  4.97259E-07  4.49040E-07

  jn =   3
  1.26018E-82  4.33583E-70  2.08709E-59  2.45534E-50  1.15881E-42  3.40327E-36
  9.16516E-31  3.18393E-26  1.92490E-22  2.63123E-19  1.02151E-16  1.37271E-14
  7.57525E-13  1.98867E-11  2.81678E-10  2.39638E-09  1.34106E-08  5.32948E-08
  1.60366E-07  3.85375E-07  7.72892E-07  1.34116E-06  2.07351E-06  2.92454E-06
  3.83482E-06  4.74536E-06  5.60710E-06  6.38451E-06  7.05521E-06  7.60746E-06
  8.03734E-06  8.34633E-06  8.53954E-06  8.62452E-06  8.61055E-06  8.50817E-06
  8.32872E-06  8.08408E-06  7.78622E-06  7.44684E-06  7.07704E-06  6.68701E-06
  6.28580E-06  5.88118E-06  5.47963E-06  5.08631E-06  4.70521E-06  4.33930E-06
  3.99063E-06  3.66054E-06  3.34981E-06  3.05879E-06  2.78750E-06  2.53570E-06
  2.30297E-06  2.08871E-06  1.89219E-06  1.71249E-06  1.54853E-06  1.39905E-06

  jn =   4
  4.01211E-82  1.37526E-69  6.59396E-59  7.72491E-50  3.62925E-42  1.06058E-35
  2.84063E-30  9.80923E-26  5.89154E-22  7.99629E-19  3.08078E-16  4.10685E-14
  2.24772E-12  5.85210E-11  8.22264E-10  6.94290E-09  3.85915E-08  1.52483E-07
  4.56716E-07  1.09388E-06  2.18937E-06  3.79614E-06  5.87122E-06  8.29242E-06
  1.08977E-05  1.35244E-05  1.60349E-05  1.83269E-05  2.03331E-05  2.20149E-05
  2.33554E-05  2.43530E-05  2.50170E-05  2.53644E-05  2.54181E-05  2.52057E-05
  2.47578E-05  2.41078E-05  2.32898E-05  2.23381E-05  2.12855E-05  2.01628E-05
  1.89975E-05  1.78136E-05  1.66314E-05  1.54672E-05  1.43340E-05  1.32415E-05
  1.21966E-05  1.12042E-05  1.02673E-05  9.38745E-06  8.56524E-06  7.80043E-06
  7.09211E-06  6.43882E-06  5.83857E-06  5.28885E-06  4.78657E-06  4.32805E-06

  jn =   5
  1.30439E-81  4.43749E-69  2.10968E-58  2.44800E-49  1.13773E-41  3.28439E-35
  8.67698E-30  2.95097E-25  1.74300E-21  2.32338E-18  8.78224E-16  1.14786E-13
  6.15888E-12  1.57273E-10  2.16971E-09  1.80175E-08  9.87023E-08  3.85314E-07
  1.14333E-06  2.72034E-06  5.42348E-06  9.39096E-06  1.45380E-05  2.05940E-05
  2.71907E-05  3.39498E-05  4.05416E-05  4.67099E-05  5.22722E-05  5.71092E-05
  6.11500E-05  6.43602E-05  6.67326E-05  6.82821E-05  6.90419E-05  6.90613E-05
  6.84036E-05  6.71430E-05  6.53617E-05  6.31465E-05  6.05847E-05  5.77607E-05
  5.47533E-05  5.16337E-05  4.84635E-05  4.52948E-05  4.21701E-05  3.91231E-05
  3.61796E-05  3.33586E-05  3.06737E-05  2.81340E-05  2.57453E-05  2.35101E-05
  2.14291E-05  1.95006E-05  1.77209E-05  1.60846E-05  1.45842E-05  1.32100E-05

  jn =   6
  4.26675E-81  1.43314E-68  6.70089E-58  7.61672E-49  3.45435E-41  9.69606E-35
  2.48258E-29  8.15968E-25  4.64771E-21  5.96699E-18  2.17210E-15  2.73705E-13
  1.41904E-11  3.51268E-10  4.71574E-09  3.82680E-08  2.05750E-07  7.91641E-07
  2.32442E-06  5.49277E-06  1.09121E-05  1.88834E-05  2.92914E-05  4.16700E-05
  5.53606E-05  6.96702E-05  8.39778E-05  9.77807E-05  1.10698E-04  1.22451E-04
  1.32843E-04  1.41735E-04  1.49035E-04  1.54694E-04  1.58696E-04  1.61068E-04
  1.61868E-04  1.61192E-04  1.59164E-04  1.55933E-04  1.51663E-04  1.46526E-04
  1.40695E-04  1.34334E-04  1.27596E-04  1.20619E-04  1.13523E-04  1.06411E-04
  9.93688E-05  9.24671E-05  8.57630E-05  7.93024E-05  7.31211E-05  6.72466E-05
  6.16986E-05  5.64899E-05  5.16259E-05  4.71050E-05  4.29181E-05  3.90481E-05

  jn =   7
  1.23995E-80  4.12570E-68  1.89277E-57  2.09067E-48  9.12970E-41  2.44797E-34
  5.95359E-29  1.85423E-24  1.00186E-20  1.22500E-17  4.27199E-15  5.19157E-13
  2.61293E-11  6.31616E-10  8.32229E-09  6.65649E-08  3.54004E-07  1.35136E-06
  3.94703E-06  9.29956E-06  1.84579E-05  3.19701E-05  4.97156E-05  7.10040E-05
  9.48228E-05  1.20087E-04  1.45807E-04  1.71165E-04  1.95521E-04  2.18388E-04
  2.39391E-04  2.58240E-04  2.74709E-04  2.88630E-04  2.99888E-04  3.08425E-04
  3.14246E-04  3.17413E-04  3.18046E-04  3.16317E-04  3.12435E-04  3.06638E-04
  2.99177E-04  2.90307E-04  2.80276E-04  2.69319E-04  2.57650E-04  2.45464E-04
  2.32936E-04  2.20220E-04  2.07453E-04  1.94760E-04  1.82248E-04  1.70018E-04
  1.58153E-04  1.46726E-04  1.35796E-04  1.25402E-04  1.15566E-04  1.06283E-04

  jn =   8
  2.65192E-80  8.85620E-68  4.02974E-57  4.35173E-48  1.83121E-40  4.68500E-34
  1.08555E-28  3.24125E-24  1.69574E-20  2.02674E-17  6.95506E-15  8.34730E-13
  4.15499E-11  9.93735E-10  1.29594E-08  1.02672E-07  5.41576E-07  2.05410E-06
  5.97262E-06  1.40360E-05  2.78379E-05  4.82590E-05  7.52174E-05  1.07801E-04
  1.44615E-04  1.84135E-04  2.24946E-04  2.65857E-04  3.05910E-04  3.44346E-04
  3.80549E-04  4.14010E-04  4.44301E-04  4.71062E-04  4.94009E-04  5.12941E-04
  5.27750E-04  5.38426E-04  5.45058E-04  5.47825E-04  5.46979E-04  5.42834E-04
  5.35736E-04  5.26050E-04  5.14139E-04  5.00350E-04  4.85007E-04  4.68404E-04
  4.50806E-04  4.32447E-04  4.13542E-04  3.94281E-04  3.74841E-04  3.55388E-04
  3.36073E-04  3.17035E-04  2.98395E-04  2.80249E-04  2.62659E-04  2.45646E-04

  jn =   9
  3.96525E-80  1.33722E-67  6.09617E-57  6.53093E-48  2.70680E-40  6.83151E-34
  1.57662E-28  4.73349E-24  2.49629E-20  2.99382E-17  1.02342E-14  1.21620E-12
  5.97611E-11  1.41082E-09  1.81966E-08  1.43010E-07  7.50692E-07  2.84145E-06
  8.26335E-06  1.94531E-05  3.86888E-05  6.73000E-05  1.05299E-04  1.51539E-04
  2.04178E-04  2.61163E-04  3.20574E-04  3.80776E-04  4.40442E-04  4.98508E-04
  5.54097E-04  6.06462E-04  6.54951E-04  6.98996E-04  7.38113E-04  7.71918E-04
  8.00150E-04  8.22674E-04  8.39494E-04  8.50743E-04  8.56665E-04  8.57600E-04
  8.53951E-04  8.46163E-04  8.34693E-04  8.19993E-04  8.02498E-04  7.82611E-04
  7.60708E-04  7.37133E-04  7.12208E-04  6.86232E-04  6.59492E-04  6.32260E-04
  6.04798E-04  5.77347E-04  5.50124E-04  5.23302E-04  4.96996E-04  4.71240E-04

  jn =  10
  4.67583E-80  1.58636E-67  7.26874E-57  7.83507E-48  3.29041E-40  8.51610E-34
  2.02888E-28  6.24462E-24  3.32399E-20  3.97201E-17  1.34700E-14  1.59236E-12
  7.82607E-11  1.85691E-09  2.41432E-08  1.91473E-07  1.01380E-06  3.86549E-06
  1.13052E-05  2.67233E-05  5.33017E-05  9.29139E-05  1.45622E-04  2.09904E-04
  2.83302E-04  3.63079E-04  4.46676E-04  5.31910E-04  6.17000E-04  7.00489E-04
  7.81151E-04  8.57913E-04  9.29811E-04  9.95974E-04  1.05565E-03  1.10821E-03
  1.15322E-03  1.19040E-03  1.21971E-03  1.24128E-03  1.25541E-03  1.26255E-03
  1.26325E-03  1.25810E-03  1.24774E-03  1.23277E-03  1.21377E-03  1.19127E-03
  1.16577E-03  1.13770E-03  1.10745E-03  1.07540E-03  1.04190E-03  1.00729E-03
  9.71922E-04  9.36108E-04  9.00146E-04  8.64288E-04  8.28700E-04  7.93429E-04

  jn =  11
  5.00721E-80  1.69831E-67  7.79899E-57  8.47880E-48  3.63053E-40  9.66550E-34
  2.36160E-28  7.36009E-24  3.93731E-20  4.75555E-17  1.65309E-14  2.02359E-12
  1.02974E-10  2.50914E-09  3.31345E-08  2.64187E-07  1.39550E-06  5.28261E-06
  1.53025E-05  3.58101E-05  7.07635E-05  1.22385E-04  1.90639E-04  2.73614E-04
  3.68352E-04  4.71642E-04  5.80536E-04  6.92551E-04  8.05657E-04  9.18167E-04
  1.02860E-03  1.13560E-03  1.23784E-03  1.33405E-03  1.42304E-03  1.50373E-03
  1.57522E-03  1.63684E-03  1.68817E-03  1.72909E-03  1.75969E-03  1.78034E-03
  1.79156E-03  1.79402E-03  1.78846E-03  1.77568E-03  1.75646E-03  1.73157E-03
  1.70172E-03  1.66761E-03  1.62988E-03  1.58914E-03  1.54598E-03  1.50098E-03
  1.45469E-03  1.40763E-03  1.36028E-03  1.31302E-03  1.26611E-03  1.21959E-03

  jn =  12
  5.20361E-80  1.76613E-67  8.10216E-57  8.83142E-48  3.81363E-40  1.02836E-33
  2.54030E-28  8.01504E-24  4.41953E-20  5.67672E-17  2.12890E-14  2.75764E-12
  1.43502E-10  3.47451E-09  4.48695E-08  3.47654E-07  1.78420E-06  6.58095E-06
  1.86511E-05  4.28838E-05  8.35870E-05  1.43077E-04  2.21211E-04  3.15879E-04
  4.23932E-04  5.42029E-04  6.67166E-04  7.96863E-04  9.29128E-04  1.06232E-03
  1.19498E-03  1.32572E-03  1.45318E-03  1.57594E-03  1.69261E-03  1.80187E-03
  1.90253E-03  1.99358E-03  2.07425E-03  2.14404E-03  2.20271E-03  2.25026E-03
  2.28692E-03  2.31306E-03  2.32917E-03  2.33582E-03  2.33361E-03  2.32313E-03
  2.30499E-03  2.27979E-03  2.24814E-03  2.21069E-03  2.16809E-03  2.12106E-03
  2.07035E-03  2.01672E-03  1.96094E-03  1.90365E-03  1.84538E-03  1.78635E-03

  jn =  13
  5.37630E-80  1.84319E-67  8.44165E-57  9.17982E-48  3.97296E-40  1.06839E-33
  2.65369E-28  8.61375E-24  5.14645E-20  7.39120E-17  2.96269E-14  3.82318E-12
  1.90567E-10  4.38593E-09  5.41015E-08  4.04397E-07  2.01816E-06  7.29295E-06
  2.03577E-05  4.63081E-05  8.95631E-05  1.52457E-04  2.34803E-04  3.34425E-04
  4.48124E-04  5.72547E-04  7.04709E-04  8.42182E-04  9.83044E-04  1.12573E-03
  1.26888E-03  1.41116E-03  1.55126E-03  1.68782E-03  1.81946E-03  1.94485E-03
  2.06276E-03  2.17215E-03  2.27218E-03  2.36228E-03  2.44210E-03  2.51158E-03
  2.57081E-03  2.62005E-03  2.65968E-03  2.69011E-03  2.71176E-03  2.72507E-03
  2.73044E-03  2.72826E-03  2.71889E-03  2.70276E-03  2.68028E-03  2.65197E-03
  2.61840E-03  2.58016E-03  2.53789E-03  2.49215E-03  2.44335E-03  2.39155E-03

  jn =  14
  5.45075E-80  1.90987E-67  8.89509E-57  9.71410E-48  4.20826E-40  1.13706E-33
  2.81172E-28  9.61605E-24  6.44284E-20  1.00668E-16  3.94360E-14  4.75675E-12
  2.23038E-10  4.92398E-09  5.90069E-08  4.31649E-07  2.12639E-06  7.61207E-06
  2.11079E-05  4.77270E-05  9.19597E-05  1.56012E-04  2.39794E-04  3.41038E-04
  4.56727E-04  5.83392E-04  7.18060E-04  8.58325E-04  1.00230E-03  1.14845E-03
  1.29545E-03  1.44203E-03  1.58691E-03  1.72874E-03  1.86619E-03  1.99795E-03
  2.12283E-03  2.23978E-03  2.34799E-03  2.44690E-03  2.53619E-03  2.61579E-03
  2.68583E-03  2.74659E-03  2.79844E-03  2.84182E-03  2.87717E-03  2.90491E-03
  2.92544E-03  2.93913E-03  2.94633E-03  2.94739E-03  2.94272E-03  2.93275E-03
  2.91799E-03  2.89900E-03  2.87632E-03  2.85043E-03  2.82162E-03  2.78980E-03

  jn =  15
  5.31851E-80  1.89726E-67  9.18613E-57  1.05365E-47  4.68287E-40  1.24252E-33
  3.13590E-28  1.13651E-23  8.26171E-20  1.28872E-16  4.78285E-14  5.40400E-12
  2.45288E-10  5.25577E-09  6.19556E-08  4.49152E-07  2.20281E-06  7.83608E-06
  2.16283E-05  4.87713E-05  9.37091E-05  1.58489E-04  2.43196E-04  3.45422E-04
  4.61541E-04  5.88860E-04  7.23723E-04  8.64512E-04  1.00903E-03  1.15628E-03
  1.30454E-03  1.45254E-03  1.59900E-03  1.74260E-03  1.88201E-03  2.01594E-03
  2.14319E-03  2.26275E-03  2.37380E-03  2.47581E-03  2.56846E-03  2.65171E-03
  2.72568E-03  2.79070E-03  2.84714E-03  2.89548E-03  2.93616E-03  2.96965E-03
  2.99636E-03  3.01668E-03  3.03099E-03  3.03967E-03  3.04314E-03  3.04187E-03
  3.03638E-03  3.02728E-03  3.01514E-03  3.00048E-03  2.98361E-03  2.96443E-03

 H2+ Dissociative Recombination n=4 / n=1 (jt,jn)
  jn =   1
  2.70021E-05  2.34489E-05  2.03651E-05  1.76879E-05  1.53633E-05  1.33445E-05
  1.15913E-05  1.00685E-05  8.74606E-06  7.59752E-06  6.60012E-06  5.73405E-06
  4.98210E-06  4.32930E-06  3.76264E-06  3.27076E-06  2.84382E-06  2.47319E-06
  2.15142E-06  1.87198E-06  1.62924E-06  1.41830E-06  1.23492E-06  1.07543E-06
  9.36671E-07  8.15908E-07  7.10774E-07  6.19225E-07  5.39489E-07  4.70032E-07
  4.09522E-07  3.56803E-07  3.10868E-07  2.70844E-07  2.35969E-07  2.05581E-07
  1.79103E-07  1.56031E-07  1.35929E-07  1.18413E-07  1.03152E-07  8.98563E-08
  7.82722E-08  6.81799E-08  5.93875E-08  5.17278E-08  4.50550E-08  3.92420E-08
  3.41782E-08  2.97672E-08  2.59248E-08  2.25779E-08  1.96626E-08  1.71233E-08
  1.49116E-08  1.29852E-08  1.13074E-08  9.84617E-09  8.57352E-09  7.46517E-09

  jn =   2
  8.50782E-05  7.38141E-05  6.40469E-05  5.55741E-05  4.82219E-05  4.18408E-05
  3.63022E-05  3.14948E-05  2.73224E-05  2.37017E-05  2.05605E-05  1.78362E-05
  1.54741E-05  1.34269E-05  1.16531E-05  1.01168E-05  8.78619E-06  7.63388E-06
  6.63579E-06  5.77097E-06  5.02125E-06  4.37087E-06  3.80627E-06  3.31574E-06
  2.88926E-06  2.51819E-06  2.19515E-06  1.91377E-06  1.66859E-06  1.45488E-06
  1.26857E-06  1.10610E-06  9.64419E-07  8.40858E-07  7.33097E-07  6.39116E-07
  5.57155E-07  4.85680E-07  4.23352E-07  3.69003E-07  3.21615E-07  2.80299E-07
  2.44279E-07  2.12877E-07  1.85505E-07  1.61645E-07  1.40848E-07  1.22722E-07
  1.06925E-07  9.31585E-08  8.11614E-08  7.07070E-08  6.15973E-08  5.36596E-08
  4.67435E-08  4.07175E-08  3.54674E-08  3.08934E-08  2.69085E-08  2.34369E-08

  jn =   3
  2.68842E-04  2.32882E-04  2.01735E-04  1.74736E-04  1.51322E-04  1.31012E-04
  1.13394E-04  9.81158E-05  8.48710E-05  7.33950E-05  6.34583E-05  5.48614E-05
  4.74303E-05  4.10129E-05  3.54759E-05  3.07026E-05  2.65900E-05  2.30477E-05
  1.99964E-05  1.73667E-05  1.50983E-05  1.31390E-05  1.14441E-05  9.97562E-06
  8.70112E-06  7.59330E-06  6.62905E-06  5.78879E-06  5.05590E-06  4.41620E-06
  3.85754E-06  3.36948E-06  2.94301E-06  2.57029E-06  2.24455E-06  1.95987E-06
  1.71108E-06  1.49369E-06  1.30375E-06  1.13782E-06  9.92886E-07  8.66311E-07
  7.55784E-07  6.59286E-07  5.75049E-07  5.01524E-07  4.37358E-07  3.81368E-07
  3.32518E-07  2.89901E-07  2.52728E-07  2.20306E-07  1.92030E-07  1.67373E-07
  1.45874E-07  1.27129E-07  1.10788E-07  9.65417E-08  8.41238E-08  7.32999E-08

  jn =   4
  8.57261E-04  7.40359E-04  6.39179E-04  5.51514E-04  4.75522E-04  4.09651E-04
  3.52582E-04  3.03177E-04  2.60451E-04  2.23554E-04  1.91743E-04  1.64375E-04
  1.40884E-04  1.20769E-04  1.03588E-04  8.89444E-05  7.64849E-05  6.58944E-05
  5.68937E-05  4.92375E-05  4.27132E-05  3.71384E-05  3.23592E-05  2.82468E-05
  2.46950E-05  2.16162E-05  1.89387E-05  1.66037E-05  1.45628E-05  1.27756E-05
  1.12086E-05  9.83333E-06  8.62559E-06  7.56462E-06  6.63248E-06  5.81353E-06
  5.09416E-06  4.46240E-06  3.90775E-06  3.42097E-06  2.99391E-06  2.61939E-06
  2.29107E-06  2.00335E-06  1.75131E-06  1.53060E-06  1.33740E-06  1.16832E-06
  1.02042E-06  8.91059E-07  7.77958E-07  6.79097E-07  5.92704E-07  5.17224E-07
  4.51292E-07  3.93714E-07  3.43439E-07  2.99549E-07  2.61240E-07  2.27807E-07

  jn =   5
  2.78763E-03  2.39211E-03  2.04936E-03  1.75216E-03  1.49458E-03  1.27166E-03
  1.07918E-03  9.13457E-04  7.71258E-04  6.49735E-04  5.46367E-04  4.58900E-04
  3.85294E-04  3.23691E-04  2.72389E-04  2.29837E-04  1.94641E-04  1.65563E-04
  1.41527E-04  1.21612E-04  1.05044E-04  9.11829E-05  7.95099E-05  6.96069E-05
  6.11417E-05  5.38521E-05  4.75320E-05  4.20192E-05  3.71860E-05  3.29308E-05
  2.91721E-05  2.58439E-05  2.28915E-05  2.02697E-05  1.79398E-05  1.58688E-05
  1.40281E-05  1.23926E-05  1.09402E-05  9.65111E-06  8.50789E-06  7.49483E-06
  6.59786E-06  5.80437E-06  5.10303E-06  4.48367E-06  3.93718E-06  3.45538E-06
  3.03093E-06  2.65731E-06  2.32866E-06  2.03977E-06  1.78599E-06  1.56319E-06
  1.36769E-06  1.19625E-06  1.04598E-06  9.14319E-07  7.99019E-07  6.98085E-07

  jn =   6
  9.10125E-03  7.72534E-03  6.51713E-03  5.46141E-03  4.54603E-03  3.75948E-03
  3.08991E-03  2.52531E-03  2.05392E-03  1.66443E-03  1.34598E-03  1.08823E-03
  8.81398E-04  7.16548E-04  5.85733E-04  4.82135E-04  4.00064E-04  3.34884E-04
  2.82885E-04  2.41137E-04  2.07352E-04  1.79757E-04  1.56983E-04  1.37982E-04
  1.21951E-04  1.08278E-04  9.64965E-05  8.62481E-05  7.72590E-05  6.93178E-05
  6.22603E-05  5.59572E-05  5.03062E-05  4.52245E-05  4.06448E-05  3.65111E-05
  3.27763E-05  2.94003E-05  2.63483E-05  2.35899E-05  2.10981E-05  1.88487E-05
  1.68201E-05  1.49925E-05  1.33480E-05  1.18701E-05  1.05437E-05  9.35498E-06
  8.29110E-06  7.34032E-06  6.49183E-06  5.73569E-06  5.06278E-06  4.46474E-06
  3.93394E-06  3.46340E-06  3.04679E-06  2.67834E-06  2.35284E-06  2.06559E-06

  jn =   7
  2.63806E-02  2.22232E-02  1.84179E-02  1.50056E-02  1.20245E-02  9.49155E-03
  7.40011E-03  5.72028E-03  4.40308E-03  3.38906E-03  2.61780E-03  2.03480E-03
  1.59477E-03  1.26202E-03  1.00937E-03  8.16489E-04  6.68283E-04  5.53575E-04
  4.64070E-04  3.93593E-04  3.37536E-04  2.92451E-04  2.55756E-04  2.25511E-04
  2.00261E-04  1.78912E-04  1.60638E-04  1.44816E-04  1.30976E-04  1.18758E-04
  1.07886E-04  9.81473E-05  8.93752E-05  8.14381E-05  7.42305E-05  6.76665E-05
  6.16753E-05  5.61977E-05  5.11834E-05  4.65893E-05  4.23777E-05  3.85155E-05
  3.49737E-05  3.17260E-05  2.87491E-05  2.60217E-05  2.35245E-05  2.12401E-05
  1.91523E-05  1.72463E-05  1.55084E-05  1.39260E-05  1.24872E-05  1.11810E-05
  9.99712E-06  8.92592E-06  7.95834E-06  7.08590E-06  6.30065E-06  5.59513E-06

  jn =   8
  5.63345E-02  4.76794E-02  3.92167E-02  3.12389E-02  2.41036E-02  1.81221E-02
  1.34223E-02  9.90900E-03  7.35334E-03  5.50776E-03  4.16795E-03  3.18554E-03
  2.45829E-03  1.91605E-03  1.50965E-03  1.20374E-03  9.72350E-04  7.96293E-04
  6.61332E-04  5.56936E-04  4.75333E-04  4.10787E-04  3.59070E-04  3.17059E-04
  2.82443E-04  2.53506E-04  2.28973E-04  2.07891E-04  1.89546E-04  1.73399E-04
  1.59043E-04  1.46167E-04  1.34531E-04  1.23952E-04  1.14284E-04  1.05413E-04
  9.72471E-05  8.97112E-05  8.27440E-05  7.62941E-05  7.03175E-05  6.47763E-05
  5.96372E-05  5.48706E-05  5.04497E-05  4.63504E-05  4.25502E-05  3.90287E-05
  3.57667E-05  3.27466E-05  2.99518E-05  2.73670E-05  2.49777E-05  2.27707E-05
  2.07336E-05  1.88548E-05  1.71235E-05  1.55298E-05  1.40643E-05  1.27183E-05

  jn =   9
  8.41888E-02  7.19780E-02  5.93194E-02  4.68488E-02  3.55380E-02  2.62650E-02
  1.92806E-02  1.42366E-02  1.05986E-02  7.93026E-03  5.94709E-03  4.46991E-03
  3.37535E-03  2.56972E-03  1.97921E-03  1.54640E-03  1.22787E-03  9.91718E-04
  8.14886E-04  6.80918E-04  5.78098E-04  4.98077E-04  4.34886E-04  3.84224E-04
  3.42979E-04  3.08881E-04  2.80262E-04  2.55889E-04  2.34845E-04  2.16444E-04
  2.00166E-04  1.85617E-04  1.72494E-04  1.60564E-04  1.49646E-04  1.39594E-04
  1.30297E-04  1.21662E-04  1.13617E-04  1.06099E-04  9.90607E-05  9.24594E-05
  8.62603E-05  8.04339E-05  7.49545E-05  6.98002E-05  6.49513E-05  6.03908E-05
  5.61031E-05  5.20740E-05  4.82905E-05  4.47403E-05  4.14119E-05  3.82944E-05
  3.53771E-05  3.26499E-05  3.01028E-05  2.77263E-05  2.55109E-05  2.34478E-05

  jn =  10
  9.92351E-02  8.53754E-02  7.07037E-02  5.61193E-02  4.30149E-02  3.24556E-02
  2.44773E-02  1.84579E-02  1.38143E-02  1.02231E-02  7.50272E-03  5.49712E-03
  4.04985E-03  3.01787E-03  2.28422E-03  1.76060E-03  1.38361E-03  1.10898E-03
  9.06189E-04  7.54262E-04  6.38724E-04  5.49504E-04  4.79530E-04  4.23786E-04
  3.78674E-04  3.41595E-04  3.10650E-04  2.84442E-04  2.61935E-04  2.42355E-04
  2.25119E-04  2.09784E-04  1.96009E-04  1.83533E-04  1.72152E-04  1.61702E-04
  1.52057E-04  1.43113E-04  1.34785E-04  1.27004E-04  1.19714E-04  1.12864E-04
  1.06416E-04  1.00333E-04  9.45849E-05  8.91459E-05  8.39928E-05  7.91055E-05
  7.44663E-05  7.00595E-05  6.58714E-05  6.18896E-05  5.81035E-05  5.45034E-05
  5.10806E-05  4.78276E-05  4.47376E-05  4.18042E-05  3.90219E-05  3.63852E-05

  jn =  11
  1.05975E-01  9.12425E-02  7.57628E-02  6.06108E-02  4.72675E-02  3.65767E-02
  2.82160E-02  2.14684E-02  1.59864E-02  1.16789E-02  8.44908E-03  6.11271E-03
  4.45716E-03  3.29394E-03  2.47638E-03  1.89804E-03  1.48459E-03  1.18517E-03
  9.65238E-04  8.01255E-04  6.77111E-04  5.81659E-04  5.07109E-04  4.47960E-04
  4.00282E-04  3.61245E-04  3.28790E-04  3.01404E-04  2.77970E-04  2.57654E-04
  2.39827E-04  2.24013E-04  2.09848E-04  1.97051E-04  1.85403E-04  1.74732E-04
  1.64899E-04  1.55797E-04  1.47335E-04  1.39441E-04  1.32054E-04  1.25124E-04
  1.18606E-04  1.12466E-04  1.06670E-04  1.01192E-04  9.60060E-05  9.10912E-05
  8.64280E-05  8.19988E-05  7.77878E-05  7.37805E-05  6.99638E-05  6.63257E-05
  6.28550E-05  5.95418E-05  5.63767E-05  5.33514E-05  5.04583E-05  4.76902E-05

  jn =  12
  1.09618E-01  9.45031E-02  7.84739E-02  6.29761E-02  4.95088E-02  3.87634E-02
  3.01670E-02  2.30229E-02  1.71502E-02  1.25573E-02  9.11539E-03  6.59828E-03
  4.79619E-03  3.52288E-03  2.63010E-03  2.00200E-03  1.55629E-03  1.23601E-03
  1.00245E-03  8.29457E-04  6.99232E-04  5.99596E-04  5.22111E-04  4.60861E-04
  4.11658E-04  3.71496E-04  3.38202E-04  3.10187E-04  2.86278E-04  2.65601E-04
  2.47502E-04  2.31484E-04  2.17168E-04  2.04260E-04  1.92532E-04  1.81806E-04
  1.71938E-04  1.62814E-04  1.54343E-04  1.46447E-04  1.39063E-04  1.32141E-04
  1.25634E-04  1.19505E-04  1.13721E-04  1.08255E-04  1.03081E-04  9.81775E-05
  9.35253E-05  8.91071E-05  8.49071E-05  8.09114E-05  7.71072E-05  7.34828E-05
  7.00275E-05  6.67313E-05  6.35851E-05  6.05804E-05  5.77092E-05  5.49641E-05

  jn =  13
  1.12592E-01  9.79317E-02  8.12985E-02  6.51939E-02  5.14085E-02  4.01584E-02
  3.12931E-02  2.39941E-02  1.81144E-02  1.35213E-02  9.91646E-03  7.14596E-03
  5.12713E-03  3.71490E-03  2.73966E-03  2.06724E-03  1.59596E-03  1.26165E-03
  1.01981E-03  8.42060E-04  7.08824E-04  6.07210E-04  5.28382E-04  4.66199E-04
  4.16332E-04  3.75690E-04  3.42045E-04  3.13772E-04  2.89674E-04  2.68861E-04
  2.50665E-04  2.34582E-04  2.20226E-04  2.07298E-04  1.95567E-04  1.84852E-04
  1.75006E-04  1.65914E-04  1.57482E-04  1.49632E-04  1.42301E-04  1.35434E-04
  1.28987E-04  1.22921E-04  1.17202E-04  1.11802E-04  1.06694E-04  1.01857E-04
  9.72708E-05  9.29171E-05  8.87800E-05  8.48450E-05  8.10989E-05  7.75298E-05
  7.41266E-05  7.08794E-05  6.77790E-05  6.48169E-05  6.19852E-05  5.92769E-05

  jn =  14
  1.13963E-01  1.00968E-01  8.50585E-02  6.85753E-02  5.42093E-02  4.25642E-02
  3.27841E-02  2.53785E-02  1.96017E-02  1.49563E-02  1.08581E-02  7.64353E-03
  5.37348E-03  3.84684E-03  2.81296E-03  2.10701E-03  1.62123E-03  1.27823E-03
  1.03127E-03  8.49433E-04  7.14071E-04  6.10758E-04  5.31034E-04  4.68234E-04
  4.18093E-04  3.77259E-04  3.43475E-04  3.15099E-04  2.90925E-04  2.70056E-04
  2.51822E-04  2.35712E-04  2.21339E-04  2.08404E-04  1.96674E-04  1.85965E-04
  1.76131E-04  1.67056E-04  1.58646E-04  1.50821E-04  1.43519E-04  1.36685E-04
  1.30274E-04  1.24247E-04  1.18570E-04  1.13214E-04  1.08153E-04  1.03365E-04
  9.88304E-05  9.45301E-05  9.04483E-05  8.65703E-05  8.28825E-05  7.93729E-05
  7.60301E-05  7.28440E-05  6.98048E-05  6.69040E-05  6.41334E-05  6.14853E-05

  jn =  15
  1.12019E-01  1.00737E-01  8.78674E-02  7.41132E-02  5.99403E-02  4.63230E-02
  3.61240E-02  2.83942E-02  2.23055E-02  1.68690E-02  1.20174E-02  8.18167E-03
  5.68440E-03  3.99984E-03  2.89954E-03  2.16258E-03  1.66113E-03  1.30421E-03
  1.04885E-03  8.62315E-04  7.23366E-04  6.17166E-04  5.35865E-04  4.71957E-04
  4.20575E-04  3.79084E-04  3.44661E-04  3.15957E-04  2.91544E-04  2.70604E-04
  2.52323E-04  2.36181E-04  2.21786E-04  2.08835E-04  1.97094E-04  1.86378E-04
  1.76542E-04  1.67468E-04  1.59060E-04  1.51242E-04  1.43947E-04  1.37123E-04
  1.30724E-04  1.24710E-04  1.19048E-04  1.13708E-04  1.08666E-04  1.03898E-04
  9.93848E-05  9.51075E-05  9.10502E-05  8.71982E-05  8.35380E-05  8.00576E-05
  7.67455E-05  7.35916E-05  7.05863E-05  6.77208E-05  6.49870E-05  6.23772E-05

 H2 Dissociative Excitation n=5 / n=1 (jt,jn)
  jn =   1
  1.00000E-99  1.00000E-99  5.21221E-86  6.39570E-70  3.76351E-57  5.11507E-47
  5.59739E-39  1.32984E-32  1.50843E-27  1.52774E-23  2.27190E-20  7.36528E-18
  7.12639E-16  2.64191E-14  4.57941E-13  4.35477E-12  2.58773E-11  1.07019E-10
  3.36700E-10  8.64748E-10  1.90793E-09  3.73776E-09  6.63275E-09  1.07974E-08
  1.62798E-08  2.29263E-08  3.03905E-08  3.81885E-08  4.57793E-08  5.26476E-08
  5.83719E-08  6.26692E-08  6.54105E-08  6.66116E-08  6.64041E-08  6.49969E-08
  6.26370E-08  5.95762E-08  5.60477E-08  5.22518E-08  4.83507E-08  4.44688E-08
  4.06962E-08  3.70943E-08  3.37018E-08  3.05397E-08  2.76163E-08  2.49306E-08
  2.24758E-08  2.02406E-08  1.82118E-08  1.63748E-08  1.47147E-08  1.32168E-08
  1.18670E-08  1.06517E-08  9.55850E-09  8.57569E-09  7.69259E-09  6.89942E-09

  jn =   2
  1.00000E-99  1.00000E-99  1.64389E-85  2.01447E-69  1.18352E-56  1.60558E-46
  1.75324E-38  4.15542E-32  4.70102E-27  4.74761E-23  7.03891E-20  2.27490E-17
  2.19435E-15  8.11090E-14  1.40209E-12  1.33012E-11  7.88822E-11  3.25704E-10
  1.02342E-09  2.62577E-09  5.78866E-09  1.13345E-08  2.01110E-08  3.27498E-08
  4.94188E-08  6.96801E-08  9.25091E-08  1.16454E-07  1.39871E-07  1.61180E-07
  1.79069E-07  1.92639E-07  2.01461E-07  2.05549E-07  2.05278E-07  2.01272E-07
  1.94277E-07  1.85063E-07  1.74348E-07  1.62754E-07  1.50787E-07  1.38837E-07
  1.27192E-07  1.16047E-07  1.05528E-07  9.57060E-08  8.66105E-08  7.82427E-08
  7.05839E-08  6.36023E-08  5.72584E-08  5.15088E-08  4.63083E-08  4.16121E-08
  3.73768E-08  3.35613E-08  3.01267E-08  2.70373E-08  2.42598E-08  2.17640E-08

  jn =   3
  1.00000E-99  1.00000E-99  5.16613E-85  6.30748E-69  3.68943E-56  4.97936E-46
  5.40521E-38  1.27262E-31  1.42929E-26  1.43233E-22  2.10666E-19  6.75403E-17
  6.46431E-15  2.37206E-13  4.07387E-12  3.84347E-11  2.26923E-10  9.33733E-10
  2.92597E-09  7.48991E-09  1.64799E-08  3.22228E-08  5.71403E-08  9.30953E-08
  1.40704E-07  1.98915E-07  2.65007E-07  3.34984E-07  4.04202E-07  4.68062E-07
  5.22634E-07  5.65092E-07  5.93932E-07  6.08943E-07  6.11008E-07  6.01781E-07
  5.83349E-07  5.57922E-07  5.27609E-07  4.94266E-07  4.59433E-07  4.24320E-07
  3.89831E-07  3.56605E-07  3.25065E-07  2.95465E-07  2.67932E-07  2.42501E-07
  2.19141E-07  1.97777E-07  1.78309E-07  1.60617E-07  1.44576E-07  1.30059E-07
  1.16940E-07  1.05100E-07  9.44254E-08  8.48084E-08  7.61508E-08  6.83612E-08

  jn =   4
  1.00000E-99  1.00000E-99  1.59653E-84  1.92938E-68  1.11503E-55  1.48437E-45
  1.58710E-37  3.67666E-31  4.06059E-26  4.00152E-22  5.79085E-19  1.82879E-16
  1.72687E-14  6.26375E-13  1.06564E-11  9.98085E-11  5.86164E-10  2.40258E-09
  7.50401E-09  1.91424E-08  4.19587E-08  8.17417E-08  1.44562E-07  2.35282E-07
  3.55931E-07  5.04628E-07  6.75410E-07  8.58957E-07  1.04395E-06  1.21870E-06
  1.37267E-06  1.49775E-06  1.58893E-06  1.64449E-06  1.66560E-06  1.65568E-06
  1.61954E-06  1.56260E-06  1.49026E-06  1.40745E-06  1.31842E-06  1.22664E-06
  1.13479E-06  1.04488E-06  9.58317E-07  8.76056E-07  7.98670E-07  7.26454E-07
  6.59493E-07  5.97730E-07  5.41001E-07  4.89077E-07  4.41688E-07  3.98542E-07
  3.59338E-07  3.23776E-07  2.91565E-07  2.62424E-07  2.36090E-07  2.12313E-07

  jn =   5
  1.00000E-99  1.00000E-99  4.58736E-84  5.42451E-68  3.05972E-55  3.97002E-45
  4.13653E-37  9.34818E-31  1.00931E-25  9.75173E-22  1.38818E-18  4.32678E-16
  4.04516E-14  1.45691E-12  2.46734E-11  2.30517E-10  1.35226E-09  5.53751E-09
  1.72586E-08  4.38339E-08  9.54465E-08  1.84508E-07  3.23941E-07  5.24344E-07
  7.90868E-07  1.12095E-06  1.50366E-06  1.92076E-06  2.34902E-06  2.76340E-06
  3.14024E-06  3.46005E-06  3.70938E-06  3.88162E-06  3.97661E-06  3.99947E-06
  3.95897E-06  3.86588E-06  3.73152E-06  3.56668E-06  3.38106E-06  3.18283E-06
  2.97866E-06  2.77377E-06  2.57210E-06  2.37651E-06  2.18901E-06  2.01089E-06
  1.84294E-06  1.68553E-06  1.53874E-06  1.40244E-06  1.27632E-06  1.16000E-06
  1.05299E-06  9.54798E-07  8.64882E-07  7.82702E-07  7.07725E-07  6.39425E-07

  jn =   6
  1.00000E-99  1.00000E-99  1.08820E-83  1.25878E-67  6.94724E-55  8.84068E-45
  9.06523E-37  2.02359E-30  2.16560E-25  2.08003E-21  2.95055E-18  9.18156E-16
  8.58341E-14  3.09527E-12  5.25413E-11  4.92340E-10  2.89613E-09  1.18728E-08
  3.69228E-08  9.31665E-08  2.00736E-07  3.83085E-07  6.63958E-07  1.06292E-06
  1.59034E-06  2.24348E-06  3.00480E-06  3.84311E-06  4.71692E-06  5.57958E-06
  6.38504E-06  7.09321E-06  7.67414E-06  8.11010E-06  8.39576E-06  8.53643E-06
  8.54544E-06  8.44101E-06  8.24353E-06  7.97337E-06  7.64942E-06  7.28824E-06
  6.90378E-06  6.50736E-06  6.10792E-06  5.71229E-06  5.32558E-06  4.95145E-06
  4.59247E-06  4.25028E-06  3.92587E-06  3.61972E-06  3.33188E-06  3.06217E-06
  2.81017E-06  2.57532E-06  2.35697E-06  2.15438E-06  1.96680E-06  1.79344E-06

  jn =   7
  1.00000E-99  1.00000E-99  1.96022E-83  2.29512E-67  1.28552E-54  1.65835E-44
  1.71864E-36  3.86907E-30  4.17466E-25  4.04647E-21  5.79838E-18  1.82328E-15
  1.72144E-13  6.26202E-12  1.07071E-10  1.00897E-09  5.95612E-09  2.44284E-08
  7.56786E-08  1.89286E-07  4.02465E-07  7.55904E-07  1.28890E-06  2.03339E-06
  3.00715E-06  4.20776E-06  5.60927E-06  7.16251E-06  8.79944E-06  1.04406E-05
  1.20044E-05  1.34169E-05  1.46193E-05  1.55731E-05  1.62610E-05  1.66854E-05
  1.68639E-05  1.68242E-05  1.65995E-05  1.62242E-05  1.57315E-05  1.51511E-05
  1.45089E-05  1.38263E-05  1.31211E-05  1.24071E-05  1.16953E-05  1.09940E-05
  1.03097E-05  9.64672E-06  9.00848E-06  8.39715E-06  7.81412E-06  7.26013E-06
  6.73542E-06  6.23984E-06  5.77296E-06  5.33411E-06  4.92246E-06  4.53707E-06

  jn =   8
  1.00000E-99  1.00000E-99  2.80421E-83  3.45305E-67  2.02043E-54  2.69487E-44
  2.87811E-36  6.70101E-30  7.50340E-25  7.53442E-21  1.11062E-17  3.55846E-15
  3.39242E-13  1.23765E-11  2.11405E-10  1.98694E-09  1.16920E-08  4.77583E-08
  1.47041E-07  3.64335E-07  7.64839E-07  1.41506E-06  2.37575E-06  3.69569E-06
  5.40410E-06  7.50221E-06  9.95644E-06  1.26961E-05  1.56174E-05  1.85927E-05
  2.14852E-05  2.41646E-05  2.65214E-05  2.84769E-05  2.99874E-05  3.10429E-05
  3.16614E-05  3.18807E-05  3.17507E-05  3.13265E-05  3.06629E-05  2.98111E-05
  2.88165E-05  2.77185E-05  2.65502E-05  2.53387E-05  2.41058E-05  2.28691E-05
  2.16423E-05  2.04361E-05  1.92585E-05  1.81156E-05  1.70118E-05  1.59501E-05
  1.49327E-05  1.39605E-05  1.30343E-05  1.21539E-05  1.13189E-05  1.05287E-05

  jn =   9
  1.00000E-99  1.00000E-99  3.41045E-83  4.41775E-67  2.72002E-54  3.85830E-44
  4.45605E-36  1.12686E-29  1.35012E-24  1.41451E-20  2.12451E-17  6.82393E-15
  6.46963E-13  2.34348E-11  3.98309E-10  3.73781E-09  2.20151E-08  9.00207E-08
  2.76784E-07  6.82028E-07  1.41752E-06  2.58774E-06  4.28062E-06  6.56484E-06
  9.48473E-06  1.30494E-05  1.72199E-05  2.19008E-05  2.69408E-05  3.21442E-05
  3.72918E-05  4.21653E-05  4.65727E-05  5.03667E-05  5.34544E-05  5.57980E-05
  5.74070E-05  5.83270E-05  5.86272E-05  5.83887E-05  5.76955E-05  5.66287E-05
  5.52625E-05  5.36625E-05  5.18852E-05  4.99787E-05  4.79831E-05  4.59315E-05
  4.38513E-05  4.17650E-05  3.96907E-05  3.76432E-05  3.56345E-05  3.36740E-05
  3.17692E-05  2.99259E-05  2.81485E-05  2.64401E-05  2.48027E-05  2.32375E-05

  jn =  10
  1.00000E-99  1.00000E-99  3.72659E-83  5.02605E-67  3.31227E-54  5.23442E-44
  6.86439E-36  1.93122E-29  2.47469E-24  2.68057E-20  4.07976E-17  1.31624E-14
  1.25019E-12  4.53598E-11  7.72194E-10  7.24996E-09  4.26087E-08  1.73158E-07
  5.26721E-07  1.27866E-06  2.61022E-06  4.67389E-06  7.58707E-06  1.14417E-05
  1.63062E-05  2.22113E-05  2.91249E-05  3.69321E-05  4.54269E-05  5.43236E-05
  6.32834E-05  7.19533E-05  8.00058E-05  8.71728E-05  9.32663E-05  9.81844E-05
  1.01904E-04  1.04464E-04  1.05949E-04  1.06472E-04  1.06154E-04  1.05120E-04
  1.03487E-04  1.01364E-04  9.88466E-05  9.60187E-05  9.29526E-05  8.97102E-05
  8.63439E-05  8.28977E-05  7.94087E-05  7.59078E-05  7.24206E-05  6.89684E-05
  6.55686E-05  6.22356E-05  5.89807E-05  5.58133E-05  5.27407E-05  4.97686E-05

  jn =  11
  1.00000E-99  1.00000E-99  3.87998E-83  5.41114E-67  3.88472E-54  7.14161E-44
  1.10669E-35  3.53821E-29  4.91394E-24  5.56665E-20  8.64489E-17  2.79309E-14
  2.61754E-12  9.26660E-11  1.52766E-09  1.38280E-08  7.82035E-08  3.05884E-07
  8.97129E-07  2.10602E-06  4.17276E-06  7.28228E-06  1.15726E-05  1.71629E-05
  2.41630E-05  3.26526E-05  4.26427E-05  5.40388E-05  6.66216E-05  8.00516E-05
  9.38982E-05  1.07686E-04  1.20947E-04  1.33273E-04  1.44343E-04  1.53945E-04
  1.61970E-04  1.68397E-04  1.73273E-04  1.76690E-04  1.78767E-04  1.79634E-04
  1.79423E-04  1.78261E-04  1.76267E-04  1.73552E-04  1.70217E-04  1.66354E-04
  1.62046E-04  1.57372E-04  1.52402E-04  1.47200E-04  1.41824E-04  1.36329E-04
  1.30761E-04  1.25165E-04  1.19577E-04  1.14033E-04  1.08560E-04  1.03183E-04

  jn =  12
  1.00000E-99  1.00000E-99  3.99278E-83  5.77536E-67  4.72256E-54  1.09142E-43
  2.08800E-35  7.64593E-29  1.13979E-23  1.31784E-19  1.99687E-16  6.06498E-14
  5.23685E-12  1.69934E-10  2.58265E-09  2.17652E-08  1.15898E-07  4.31477E-07
  1.21614E-06  2.76608E-06  5.34599E-06  9.15155E-06  1.43316E-05  2.10282E-05
  2.93889E-05  3.95410E-05  5.15443E-05  6.53448E-05  8.07475E-05  9.74159E-05
  1.14899E-04  1.32680E-04  1.50235E-04  1.67087E-04  1.82848E-04  1.97240E-04
  2.10095E-04  2.21342E-04  2.30984E-04  2.39077E-04  2.45706E-04  2.50970E-04
  2.54971E-04  2.57804E-04  2.59558E-04  2.60312E-04  2.60136E-04  2.59093E-04
  2.57240E-04  2.54629E-04  2.51311E-04  2.47336E-04  2.42753E-04  2.37611E-04
  2.31963E-04  2.25861E-04  2.19360E-04  2.12516E-04  2.05383E-04  1.98019E-04

  jn =  13
  1.00000E-99  1.00000E-99  4.16206E-83  6.41321E-67  6.58647E-54  2.01450E-43
  4.62053E-35  1.84685E-28  2.80958E-23  3.09881E-19  4.20184E-16  1.10968E-13
  8.39780E-12  2.45091E-10  3.43312E-09  2.72772E-08  1.39004E-07  5.01452E-07
  1.38096E-06  3.08965E-06  5.89926E-06  1.00085E-05  1.55714E-05  2.27415E-05
  3.16855E-05  4.25550E-05  5.54356E-05  7.02977E-05  8.69657E-05  1.05115E-04
  1.24300E-04  1.43999E-04  1.63681E-04  1.82855E-04  2.01120E-04  2.18186E-04
  2.33875E-04  2.48111E-04  2.60894E-04  2.72278E-04  2.82349E-04  2.91205E-04
  2.98946E-04  3.05667E-04  3.11447E-04  3.16356E-04  3.20450E-04  3.23772E-04
  3.26356E-04  3.28226E-04  3.29399E-04  3.29886E-04  3.29695E-04  3.28832E-04
  3.27300E-04  3.25105E-04  3.22250E-04  3.18743E-04  3.14595E-04  3.09820E-04

  jn =  14
  1.00000E-99  1.00000E-99  4.43955E-83  7.59746E-67  1.02991E-53  4.01421E-43
  1.00917E-34  4.20078E-28  6.17973E-23  6.09653E-19  6.96541E-16  1.58054E-13
  1.07464E-11  2.93449E-10  3.93024E-09  3.02023E-08  1.50869E-07  5.36314E-07
  1.46140E-06  3.23747E-06  6.14147E-06  1.03583E-05  1.60549E-05  2.33812E-05
  3.25339E-05  4.36615E-05  5.68588E-05  7.21053E-05  8.92329E-05  1.07923E-04
  1.27733E-04  1.48145E-04  1.68623E-04  1.88679E-04  2.07911E-04  2.26027E-04
  2.42854E-04  2.58316E-04  2.72420E-04  2.85228E-04  2.96832E-04  3.07342E-04
  3.16867E-04  3.25512E-04  3.33368E-04  3.40514E-04  3.47018E-04  3.52932E-04
  3.58297E-04  3.63146E-04  3.67501E-04  3.71378E-04  3.74785E-04  3.77727E-04
  3.80201E-04  3.82204E-04  3.83728E-04  3.84762E-04  3.85294E-04  3.85310E-04

  jn =  15
  1.00000E-99  1.00000E-99  4.76267E-83  9.41166E-67  1.58456E-53  6.93008E-43
  1.90354E-34  8.19071E-28  1.14489E-22  9.83311E-19  9.97847E-16  2.01752E-13
  1.30483E-11  3.37601E-10  4.38726E-09  3.31179E-08  1.63600E-07  5.73262E-07
  1.54476E-06  3.39648E-06  6.39703E-06  1.07107E-05  1.65235E-05  2.39737E-05
  3.31907E-05  4.44059E-05  5.76373E-05  7.29547E-05  9.01568E-05  1.09013E-04
  1.29023E-04  1.49666E-04  1.70407E-04  1.90754E-04  2.10306E-04  2.28773E-04
  2.45982E-04  2.61861E-04  2.76419E-04  2.89720E-04  3.01864E-04  3.12963E-04
  3.23133E-04  3.32484E-04  3.41114E-04  3.49110E-04  3.56545E-04  3.63481E-04
  3.69968E-04  3.76046E-04  3.81748E-04  3.87098E-04  3.92116E-04  3.96816E-04
  4.01208E-04  4.05298E-04  4.09089E-04  4.12581E-04  4.15771E-04  4.18656E-04

 H2+ Dissociative Excitation n=5 / n=1 (jt,jn)
  jn =   1
  1.70021E-83  5.85928E-71  2.82501E-60  3.32902E-51  1.57390E-43  4.63097E-37
  1.24962E-31  4.35033E-27  2.63603E-23  3.61203E-20  1.40589E-17  1.89432E-15
  1.04830E-13  2.75979E-12  3.91999E-11  3.34396E-10  1.87605E-09  7.47240E-09
  2.25279E-08  5.42205E-08  1.08866E-07  1.89047E-07  2.92375E-07  4.12370E-07
  5.40551E-07  6.68522E-07  7.89323E-07  8.97951E-07  9.91285E-07  1.06774E-06
  1.12683E-06  1.16885E-06  1.19459E-06  1.20518E-06  1.20197E-06  1.18648E-06
  1.16033E-06  1.12521E-06  1.08280E-06  1.03474E-06  9.82575E-07  9.27728E-07
  8.71446E-07  8.14803E-07  7.58683E-07  7.03797E-07  6.50686E-07  5.99749E-07
  5.51262E-07  5.05402E-07  4.62268E-07  4.21900E-07  3.84294E-07  3.49413E-07
  3.17192E-07  2.87546E-07  2.60367E-07  2.35526E-07  2.12872E-07  1.92229E-07

  jn =   2
  5.35258E-83  1.83993E-70  8.84772E-60  1.03972E-50  4.90101E-43  1.43742E-36
  3.86530E-31  1.34061E-26  8.09067E-23  1.10391E-19  4.27756E-17  5.73733E-15
  3.16037E-13  8.28273E-12  1.17146E-10  9.95439E-10  5.56591E-09  2.21088E-08
  6.65202E-08  1.59900E-07  3.20888E-07  5.57331E-07  8.62651E-07  1.21831E-06
  1.59980E-06  1.98260E-06  2.34616E-06  2.67544E-06  2.96080E-06  3.19701E-06
  3.38215E-06  3.51657E-06  3.60221E-06  3.64206E-06  3.63989E-06  3.60003E-06
  3.52723E-06  3.42644E-06  3.30272E-06  3.16101E-06  3.00604E-06  2.84213E-06
  2.67316E-06  2.50245E-06  2.33278E-06  2.16637E-06  2.00497E-06  1.84984E-06
  1.70189E-06  1.56171E-06  1.42966E-06  1.30591E-06  1.19047E-06  1.08326E-06
  9.84123E-07  8.92808E-07  8.09009E-07  7.32349E-07  6.62375E-07  5.98557E-07

  jn =   3
  1.70239E-82  5.82079E-70  2.78285E-59  3.24933E-50  1.52080E-42  4.42520E-36
  1.17953E-30  4.05148E-26  2.41940E-22  3.26396E-19  1.24984E-16  1.65612E-14
  9.01286E-13  2.33461E-11  3.26606E-10  2.74829E-09  1.52391E-08  6.01308E-08
  1.80045E-07  4.31500E-07  8.64926E-07  1.50301E-06  2.33106E-06  3.30295E-06
  4.35595E-06  5.42595E-06  6.45767E-06  7.40904E-06  8.25129E-06  8.96691E-06
  9.54699E-06  9.98894E-06  1.02948E-05  1.04699E-05  1.05225E-05  1.04628E-05
  1.03028E-05  1.00557E-05  9.73548E-06  9.35624E-06  8.93172E-06  8.47484E-06
  7.99736E-06  7.50959E-06  7.02028E-06  6.53662E-06  6.06430E-06  5.60767E-06
  5.16991E-06  4.75326E-06  4.35917E-06  3.98847E-06  3.64156E-06  3.31844E-06
  3.01885E-06  2.74224E-06  2.48785E-06  2.25467E-06  2.04144E-06  1.84665E-06

  jn =   4
  5.50417E-82  1.85703E-69  8.74484E-59  1.00381E-49  4.60951E-42  1.31331E-35
  3.42112E-30  1.14653E-25  6.67230E-22  8.76681E-19  3.26971E-16  4.22325E-14
  2.24367E-12  5.68532E-11  7.80053E-10  6.45634E-09  3.53234E-08  1.37962E-07
  4.10176E-07  9.79035E-07  1.95990E-06  3.41000E-06  5.30715E-06  7.56083E-06
  1.00422E-05  1.26155E-05  1.51590E-05  1.75753E-05  1.97925E-05  2.17604E-05
  2.34460E-05  2.48297E-05  2.59021E-05  2.66621E-05  2.71162E-05  2.72779E-05
  2.71665E-05  2.68070E-05  2.62282E-05  2.54621E-05  2.45416E-05  2.34996E-05
  2.23675E-05  2.11744E-05  1.99458E-05  1.87042E-05  1.74681E-05  1.62525E-05
  1.50695E-05  1.39284E-05  1.28359E-05  1.17972E-05  1.08157E-05  9.89351E-06
  9.03176E-06  8.23054E-06  7.48903E-06  6.80551E-06  6.17727E-06  5.60068E-06

  jn =   5
  1.72421E-81  5.65979E-69  2.58007E-58  2.85499E-49  1.25971E-41  3.44107E-35
  8.58577E-30  2.75697E-25  1.53984E-21  1.94716E-18  7.01439E-16  8.78646E-14
  4.54621E-12  1.12664E-10  1.51783E-09  1.23814E-08  6.69918E-08  2.59575E-07
  7.67829E-07  1.82817E-06  3.65931E-06  6.37941E-06  9.96693E-06  1.42779E-05
  1.90965E-05  2.41887E-05  2.93393E-05  3.43703E-05  3.91428E-05  4.35528E-05
  4.75228E-05  5.09960E-05  5.39318E-05  5.63032E-05  5.80965E-05  5.93112E-05
  5.99599E-05  6.00678E-05  5.96715E-05  5.88172E-05  5.75578E-05  5.59504E-05
  5.40535E-05  5.19247E-05  4.96183E-05  4.71843E-05  4.46676E-05  4.21074E-05
  3.95377E-05  3.69874E-05  3.44810E-05  3.20390E-05  2.96785E-05  2.74136E-05
  2.52555E-05  2.32125E-05  2.12900E-05  1.94904E-05  1.78128E-05  1.62526E-05

  jn =   6
  4.42802E-81  1.40965E-68  6.17573E-58  6.52890E-49  2.74636E-41  7.16156E-35
  1.71220E-29  5.29445E-25  2.86227E-21  3.51996E-18  1.23826E-15  1.52003E-13
  7.73134E-12  1.88882E-10  2.51522E-09  2.03309E-08  1.09260E-07  4.21411E-07
  1.24330E-06  2.95787E-06  5.92535E-06  1.03530E-05  1.62319E-05  2.33602E-05
  3.14195E-05  4.00560E-05  4.89389E-05  5.77881E-05  6.63792E-05  7.45363E-05
  8.21209E-05  8.90223E-05  9.51513E-05  1.00438E-04  1.04830E-04  1.08296E-04
  1.10827E-04  1.12434E-04  1.13151E-04  1.13028E-04  1.12133E-04  1.10543E-04
  1.08343E-04  1.05617E-04  1.02452E-04  9.89258E-05  9.51139E-05  9.10828E-05
  8.68925E-05  8.25963E-05  7.82421E-05  7.38728E-05  6.95273E-05  6.52409E-05
  6.10455E-05  5.69689E-05  5.30344E-05  4.92594E-05  4.56543E-05  4.22211E-05

  jn =   7
  8.02099E-81  2.52108E-68  1.08419E-57  1.12365E-48  4.64264E-41  1.19166E-34
  2.80602E-29  8.54116E-25  4.54330E-21  5.50006E-18  1.90752E-15  2.31372E-13
  1.16571E-11  2.82755E-10  3.74589E-09  3.01726E-08  1.61804E-07  6.23456E-07
  1.83944E-06  4.38019E-06  8.78989E-06  1.53961E-05  2.42145E-05  3.49784E-05
  4.72464E-05  6.05185E-05  7.43206E-05  8.82460E-05  1.01964E-04  1.15209E-04
  1.27766E-04  1.39458E-04  1.50133E-04  1.59666E-04  1.67955E-04  1.74927E-04
  1.80536E-04  1.84772E-04  1.87655E-04  1.89234E-04  1.89584E-04  1.88801E-04
  1.86992E-04  1.84271E-04  1.80753E-04  1.76552E-04  1.71771E-04  1.66508E-04
  1.60852E-04  1.54884E-04  1.48677E-04  1.42298E-04  1.35813E-04  1.29280E-04
  1.22756E-04  1.16292E-04  1.09933E-04  1.03715E-04  9.76622E-05  9.17818E-05

  jn =   8
  1.06525E-80  3.38046E-68  1.47606E-57  1.56007E-48  6.55520E-41  1.69572E-34
  3.98919E-29  1.20850E-24  6.40306E-21  7.74150E-18  2.68707E-15  3.26378E-13
  1.64545E-11  3.98870E-10  5.27477E-09  4.23869E-08  2.26776E-07  8.72258E-07
  2.57119E-06  6.12319E-06  1.23006E-05  2.15871E-05  3.40431E-05  4.93404E-05
  6.69038E-05  8.60673E-05  1.06190E-04  1.26711E-04  1.47169E-04  1.67180E-04
  1.86425E-04  2.04631E-04  2.21556E-04  2.36989E-04  2.50750E-04  2.62699E-04
  2.72737E-04  2.80814E-04  2.86931E-04  2.91134E-04  2.93511E-04  2.94182E-04
  2.93292E-04  2.90997E-04  2.87458E-04  2.82834E-04  2.77274E-04  2.70913E-04
  2.63879E-04  2.56282E-04  2.48227E-04  2.39806E-04  2.31111E-04  2.22226E-04
  2.13233E-04  2.04209E-04  1.95222E-04  1.86330E-04  1.77570E-04  1.68952E-04

  jn =   9
  1.19148E-80  3.84238E-68  1.72083E-57  1.87147E-48  8.04583E-41  2.11590E-34
  5.05860E-29  1.56200E-24  8.43653E-21  1.03478E-17  3.61689E-15  4.39424E-13
  2.20649E-11  5.31907E-10  6.99889E-09  5.60560E-08  2.99547E-07  1.15298E-06
  3.40612E-06  8.13715E-06  1.64068E-05  2.89071E-05  4.57700E-05  6.66028E-05
  9.06697E-05  1.17101E-04  1.45050E-04  1.73771E-04  2.02642E-04  2.31147E-04
  2.58849E-04  2.85368E-04  3.10360E-04  3.33520E-04  3.54576E-04  3.73304E-04
  3.89534E-04  4.03157E-04  4.14130E-04  4.22475E-04  4.28270E-04  4.31645E-04
  4.32762E-04  4.31810E-04  4.28988E-04  4.24497E-04  4.18532E-04  4.11277E-04
  4.02904E-04  3.93572E-04  3.83430E-04  3.72620E-04  3.61279E-04  3.49541E-04
  3.37534E-04  3.25382E-04  3.13197E-04  3.01071E-04  2.89064E-04  2.77193E-04

  jn =  10
  1.24204E-80  4.03803E-68  1.83627E-57  2.03623E-48  8.95475E-41  2.42454E-34
  5.99991E-29  1.91014E-24  1.05051E-20  1.29602E-17  4.53035E-15  5.50824E-13
  2.77819E-11  6.75173E-10  8.97648E-09  7.26884E-08  3.92428E-07  1.52367E-06
  4.53199E-06  1.08815E-05  2.20193E-05  3.88965E-05  6.17097E-05  8.99515E-05
  1.22659E-04  1.58691E-04  1.96939E-04  2.36424E-04  2.76323E-04  3.15945E-04
  3.54694E-04  3.92040E-04  4.27495E-04  4.60613E-04  4.90996E-04  5.18305E-04
  5.42280E-04  5.62747E-04  5.79629E-04  5.92939E-04  6.02776E-04  6.09310E-04
  6.12761E-04  6.13386E-04  6.11453E-04  6.07233E-04  6.00985E-04  5.92950E-04
  5.83348E-04  5.72381E-04  5.60232E-04  5.47077E-04  5.33084E-04  5.18417E-04
  5.03242E-04  4.87719E-04  4.71998E-04  4.56204E-04  4.40425E-04  4.24681E-04

  jn =  11
  1.28546E-80  4.16859E-68  1.89938E-57  2.12231E-48  9.48398E-41  2.63259E-34
  6.68594E-29  2.16481E-24  1.20293E-20  1.50480E-17  5.39574E-15  6.79169E-13
  3.54750E-11  8.86417E-10  1.19928E-08  9.78552E-08  5.28248E-07  2.04044E-06
  6.02161E-06  1.43333E-05  2.87659E-05  5.04551E-05  7.96016E-05  1.15572E-04
  1.57219E-04  2.03217E-04  2.52296E-04  3.03350E-04  3.55448E-04  4.07797E-04
  4.59689E-04  5.10462E-04  5.59473E-04  6.06096E-04  6.49734E-04  6.89841E-04
  7.25951E-04  7.57700E-04  7.84842E-04  8.07258E-04  8.24950E-04  8.38034E-04
  8.46713E-04  8.51261E-04  8.51994E-04  8.49253E-04  8.43383E-04  8.34725E-04
  8.23602E-04  8.10323E-04  7.95184E-04  7.78466E-04  7.60445E-04  7.41393E-04
  7.21572E-04  7.01238E-04  6.80621E-04  6.59912E-04  6.39237E-04  6.18623E-04

  jn =  12
  1.33923E-80  4.34827E-68  1.97378E-57  2.20149E-48  9.86611E-41  2.76420E-34
  7.09237E-29  2.32491E-24  1.32749E-20  1.75560E-17  6.75941E-15  8.99362E-13
  4.81586E-11  1.20016E-09  1.59416E-08  1.26829E-07  6.66957E-07  2.51528E-06
  7.27319E-06  1.70285E-05  3.37356E-05  5.85953E-05  9.17888E-05  1.32619E-04
  1.79869E-04  2.32164E-04  2.88215E-04  3.46917E-04  4.07357E-04  4.68761E-04
  5.30437E-04  5.91717E-04  6.51931E-04  7.10401E-04  7.66448E-04  8.19419E-04
  8.68716E-04  9.13828E-04  9.54349E-04  9.89997E-04  1.02061E-03  1.04615E-03
  1.06667E-03  1.08231E-03  1.09327E-03  1.09977E-03  1.10206E-03  1.10041E-03
  1.09508E-03  1.08634E-03  1.07444E-03  1.05969E-03  1.04238E-03  1.02285E-03
  1.00143E-03  9.78499E-04  9.54402E-04  9.29458E-04  9.03911E-04  8.77871E-04

  jn =  13
  1.40802E-80  4.66330E-68  2.11180E-57  2.34163E-48  1.05046E-40  2.91109E-34
  7.48040E-29  2.50310E-24  1.52861E-20  2.23855E-17  9.20998E-15  1.22722E-12
  6.32690E-11  1.50449E-09  1.91227E-08  1.46973E-07  7.51948E-07  2.77952E-06
  7.91798E-06  1.83468E-05  3.60755E-05  6.23229E-05  9.72602E-05  1.40168E-04
  1.89813E-04  2.44816E-04  3.03894E-04  3.65968E-04  4.30155E-04  4.95719E-04
  5.62002E-04  6.28372E-04  6.94188E-04  7.58791E-04  8.21511E-04  8.81697E-04
  9.38742E-04  9.92117E-04  1.04139E-03  1.08625E-03  1.12649E-03  1.16203E-03
  1.19288E-03  1.21914E-03  1.24092E-03  1.25840E-03  1.27176E-03  1.28117E-03
  1.28680E-03  1.28882E-03  1.28739E-03  1.28269E-03  1.27490E-03  1.26427E-03
  1.25105E-03  1.23552E-03  1.21798E-03  1.19870E-03  1.17786E-03  1.15550E-03

  jn =  14
  1.43904E-80  4.96063E-68  2.32040E-57  2.59919E-48  1.17135E-40  3.28890E-34
  8.27639E-29  2.88104E-24  1.93364E-20  3.07401E-17  1.23810E-14  1.54609E-12
  7.50411E-11  1.71274E-09  2.11265E-08  1.58513E-07  7.99613E-07  2.92414E-06
  8.26511E-06  1.90033E-05  3.71809E-05  6.39339E-05  9.94863E-05  1.43066E-04
  1.93571E-04  2.49549E-04  3.09721E-04  3.73015E-04  4.38563E-04  5.05644E-04
  5.73622E-04  6.41882E-04  7.09800E-04  7.76736E-04  8.42034E-04  9.05057E-04
  9.65208E-04  1.02197E-03  1.07492E-03  1.12374E-03  1.16826E-03  1.20840E-03
  1.24417E-03  1.27566E-03  1.30303E-03  1.32645E-03  1.34610E-03  1.36215E-03
  1.37477E-03  1.38413E-03  1.39037E-03  1.39364E-03  1.39414E-03  1.39205E-03
  1.38761E-03  1.38108E-03  1.37272E-03  1.36275E-03  1.35132E-03  1.33836E-03

  jn =  15
  1.37520E-80  4.89736E-68  2.45767E-57  3.01163E-48  1.42916E-40  3.91232E-34
  1.02275E-28  3.77304E-24  2.72325E-20  4.27595E-17  1.64724E-14  1.89864E-12
  8.91347E-11  1.94462E-09  2.33856E-08  1.72810E-07  8.63095E-07  3.11427E-06
  8.71038E-06  1.98832E-05  3.86355E-05  6.59700E-05  1.02186E-04  1.46410E-04
  1.97130E-04  2.53360E-04  3.13426E-04  3.76749E-04  4.42301E-04  5.09773E-04
  5.78242E-04  6.47079E-04  7.15657E-04  7.83337E-04  8.49470E-04  9.13422E-04
  9.74602E-04  1.03250E-03  1.08669E-03  1.13688E-03  1.18289E-03  1.22465E-03
  1.26218E-03  1.29560E-03  1.32504E-03  1.35070E-03  1.37278E-03  1.39145E-03
  1.40691E-03  1.41930E-03  1.42881E-03  1.43560E-03  1.43985E-03  1.44179E-03
  1.44165E-03  1.43972E-03  1.43626E-03  1.43152E-03  1.42565E-03  1.41861E-03

 H2+ Dissociative Recombination n=5 / n=1 (jt,jn)
  jn =   1
  3.73524E-05  3.23988E-05  2.81038E-05  2.43787E-05  2.11469E-05  1.83428E-05
  1.59095E-05  1.37981E-05  1.19662E-05  1.03771E-05  8.99896E-06  7.80425E-06
  6.76893E-06  5.87208E-06  5.09548E-06  4.42320E-06  3.84132E-06  3.33768E-06
  2.90165E-06  2.52400E-06  2.19669E-06  1.91278E-06  1.66630E-06  1.45211E-06
  1.26584E-06  1.10371E-06  9.62494E-07  8.39438E-07  7.32159E-07  6.38605E-07
  5.57003E-07  4.85816E-07  4.23711E-07  3.69527E-07  3.22253E-07  2.81011E-07
  2.45032E-07  2.13646E-07  1.86268E-07  1.62389E-07  1.41563E-07  1.23401E-07
  1.07563E-07  9.37522E-08  8.17106E-08  7.12120E-08  6.20592E-08  5.40803E-08
  4.71249E-08  4.10622E-08  3.57779E-08  3.11722E-08  2.71582E-08  2.36601E-08
  2.06116E-08  1.79552E-08  1.56404E-08  1.36235E-08  1.18661E-08  1.03350E-08

  jn =   2
  1.17806E-04  1.01992E-04  8.82939E-05  7.64228E-05  6.61308E-05  5.72059E-05
  4.94663E-05  4.27561E-05  3.69409E-05  3.19050E-05  2.75479E-05  2.37825E-05
  2.05324E-05  1.77309E-05  1.53191E-05  1.32450E-05  1.14628E-05  9.93175E-06
  8.61626E-06  7.48501E-06  6.51084E-06  5.67042E-06  4.94385E-06  4.31431E-06
  3.76769E-06  3.29212E-06  2.87768E-06  2.51601E-06  2.20007E-06  1.92385E-06
  1.68223E-06  1.47081E-06  1.28579E-06  1.12387E-06  9.82160E-07  8.58165E-07
  7.49685E-07  6.54798E-07  5.71820E-07  4.99271E-07  4.35856E-07  3.80437E-07
  3.32016E-07  2.89718E-07  2.52776E-07  2.20519E-07  1.92356E-07  1.67772E-07
  1.46316E-07  1.27593E-07  1.11255E-07  9.70022E-08  8.45686E-08  7.37234E-08
  6.42646E-08  5.60158E-08  4.88227E-08  4.25508E-08  3.70824E-08  3.23150E-08

  jn =   3
  3.74355E-04  3.22767E-04  2.78102E-04  2.39398E-04  2.05846E-04  1.76761E-04
  1.51564E-04  1.29765E-04  1.10942E-04  9.47312E-05  8.08142E-05  6.89072E-05
  5.87561E-05  5.01318E-05  4.28273E-05  3.66562E-05  3.14508E-05  2.70623E-05
  2.33597E-05  2.02294E-05  1.75745E-05  1.53135E-05  1.33785E-05  1.17143E-05
  1.02756E-05  9.02623E-06  7.93667E-06  6.98323E-06  6.14659E-06  5.41089E-06
  4.76296E-06  4.19176E-06  3.68790E-06  3.24334E-06  2.85110E-06  2.50511E-06
  2.20001E-06  1.93111E-06  1.69424E-06  1.48571E-06  1.30224E-06  1.14092E-06
  9.99153E-07  8.74654E-07  7.65380E-07  6.69523E-07  5.85479E-07  5.11829E-07
  4.47317E-07  3.90834E-07  3.41402E-07  2.98155E-07  2.60333E-07  2.27267E-07
  1.98366E-07  1.73112E-07  1.51052E-07  1.31784E-07  1.14960E-07  1.00272E-07

  jn =   4
  1.20117E-03  1.02445E-03  8.71257E-04  7.38540E-04  6.23785E-04  5.24877E-04
  4.40009E-04  3.67599E-04  3.06228E-04  2.54585E-04  2.11444E-04  1.75648E-04
  1.46124E-04  1.21890E-04  1.02067E-04  8.58809E-05  7.26679E-05  6.18656E-05
  5.30057E-05  4.57035E-05  3.96469E-05  3.45856E-05  3.03206E-05  2.66951E-05
  2.35863E-05  2.08987E-05  1.85574E-05  1.65046E-05  1.46945E-05  1.30913E-05
  1.16661E-05  1.03958E-05  9.26138E-06  8.24698E-06  7.33925E-06  6.52673E-06
  5.79950E-06  5.14883E-06  4.56701E-06  4.04716E-06  3.58309E-06  3.16925E-06
  2.80059E-06  2.47255E-06  2.18099E-06  1.92216E-06  1.69264E-06  1.48935E-06
  1.30950E-06  1.15055E-06  1.01021E-06  8.86441E-07  7.77378E-07  6.81362E-07
  5.96902E-07  5.22668E-07  4.57467E-07  4.00241E-07  3.50044E-07  3.06040E-07

  jn =   5
  3.70710E-03  3.08912E-03  2.55211E-03  2.09082E-03  1.69965E-03  1.37237E-03
  1.10223E-03  8.82126E-04  7.04894E-04  5.63568E-04  4.51692E-04  3.63547E-04
  2.94265E-04  2.39831E-04  1.97008E-04  1.63231E-04  1.36484E-04  1.15194E-04
  9.81375E-05  8.43679E-05  7.31520E-05  6.39246E-05  5.62511E-05  4.97983E-05
  4.43110E-05  3.95942E-05  3.54990E-05  3.19111E-05  2.87427E-05  2.59259E-05
  2.34077E-05  2.11462E-05  1.91079E-05  1.72657E-05  1.55973E-05  1.40841E-05
  1.27103E-05  1.14624E-05  1.03284E-05  9.29811E-06  8.36226E-06  7.51261E-06
  6.74175E-06  6.04296E-06  5.41010E-06  4.83758E-06  4.32027E-06  3.85345E-06
  3.43275E-06  3.05417E-06  2.71399E-06  2.40877E-06  2.13534E-06  1.89076E-06
  1.67233E-06  1.47755E-06  1.30411E-06  1.14990E-06  1.01298E-06  8.91582E-07

  jn =   6
  9.39504E-03  7.62250E-03  6.07121E-03  4.76154E-03  3.69347E-03  2.84692E-03
  2.18955E-03  1.68565E-03  1.30212E-03  1.01104E-03  7.90160E-04  6.22313E-04
  4.94431E-04  3.96661E-04  3.21589E-04  2.63648E-04  2.18653E-04  1.83463E-04
  1.55714E-04  1.33628E-04  1.15865E-04  1.01416E-04  8.95188E-05  7.95993E-05
  7.12234E-05  6.40632E-05  5.78704E-05  5.24566E-05  4.76784E-05  4.34256E-05
  3.96136E-05  3.61761E-05  3.30613E-05  3.02277E-05  2.76421E-05  2.52770E-05
  2.31098E-05  2.11212E-05  1.92950E-05  1.76167E-05  1.60741E-05  1.46559E-05
  1.33523E-05  1.21543E-05  1.10537E-05  1.00430E-05  9.11546E-06  8.26476E-06
  7.48510E-06  6.77111E-06  6.11785E-06  5.52073E-06  4.97548E-06  4.47817E-06
  4.02513E-06  3.61296E-06  3.23849E-06  2.89876E-06  2.59102E-06  2.31271E-06

  jn =   7
  1.69065E-02  1.35705E-02  1.06249E-02  8.17255E-03  6.22346E-03  4.71616E-03
  3.56675E-03  2.69807E-03  2.04654E-03  1.56077E-03  1.19969E-03  9.31200E-04
  7.30875E-04  5.80564E-04  4.66987E-04  3.80496E-04  3.14087E-04  2.62654E-04
  2.22448E-04  1.90704E-04  1.65368E-04  1.44908E-04  1.28179E-04  1.14320E-04
  1.02686E-04  9.27912E-05  8.42678E-05  7.68391E-05  7.02946E-05  6.44741E-05
  5.92548E-05  5.45417E-05  5.02607E-05  4.63536E-05  4.27737E-05  3.94834E-05
  3.64518E-05  3.36529E-05  3.10651E-05  2.86696E-05  2.64502E-05  2.43927E-05
  2.24845E-05  2.07143E-05  1.90720E-05  1.75483E-05  1.61349E-05  1.48242E-05
  1.36091E-05  1.24830E-05  1.14401E-05  1.04747E-05  9.58160E-06  8.75597E-06
  7.99327E-06  7.28924E-06  6.63991E-06  6.04152E-06  5.49058E-06  4.98381E-06

  jn =   8
  2.24024E-02  1.81681E-02  1.44452E-02  1.13237E-02  8.75773E-03  6.67593E-03
  5.03162E-03  3.77622E-03  2.84257E-03  2.15645E-03  1.65210E-03  1.27880E-03
  1.00011E-03  7.90490E-04  6.31886E-04  5.11279E-04  4.19095E-04  3.48212E-04
  2.93310E-04  2.50413E-04  2.16554E-04  1.89519E-04  1.67660E-04  1.49745E-04
  1.34855E-04  1.22302E-04  1.11571E-04  1.02274E-04  9.41195E-05  8.68849E-05
  8.04024E-05  7.45433E-05  6.92088E-05  6.43219E-05  5.98227E-05  5.56639E-05
  5.18074E-05  4.82227E-05  4.48844E-05  4.17714E-05  3.88658E-05  3.61521E-05
  3.36167E-05  3.12473E-05  2.90330E-05  2.69638E-05  2.50304E-05  2.32242E-05
  2.15371E-05  1.99616E-05  1.84908E-05  1.71179E-05  1.58368E-05  1.46417E-05
  1.35271E-05  1.24880E-05  1.15197E-05  1.06178E-05  9.77800E-06  8.99656E-06

  jn =   9
  2.50448E-02  2.06434E-02  1.68303E-02  1.35637E-02  1.07145E-02  8.27889E-03
  6.31415E-03  4.80586E-03  3.66949E-03  2.81069E-03  2.15718E-03  1.65944E-03
  1.28224E-03  9.98277E-04  7.85539E-04  6.26357E-04  5.06948E-04  4.16854E-04
  3.48309E-04  2.95620E-04  2.54640E-04  2.22353E-04  1.96564E-04  1.75666E-04
  1.58478E-04  1.44130E-04  1.31975E-04  1.21531E-04  1.12435E-04  1.04414E-04
  9.72617E-05  9.08190E-05  8.49643E-05  7.96031E-05  7.46618E-05  7.00824E-05
  6.58190E-05  6.18346E-05  5.80995E-05  5.45894E-05  5.12841E-05  4.81671E-05
  4.52243E-05  4.24439E-05  3.98155E-05  3.73304E-05  3.49808E-05  3.27596E-05
  3.06605E-05  2.86779E-05  2.68064E-05  2.50409E-05  2.33766E-05  2.18089E-05
  2.03334E-05  1.89457E-05  1.76415E-05  1.64167E-05  1.52672E-05  1.41891E-05

  jn =  10
  2.60937E-02  2.16913E-02  1.79539E-02  1.47404E-02  1.18852E-02  9.41821E-03
  7.39905E-03  5.78015E-03  4.47401E-03  3.42321E-03  2.59591E-03  1.96269E-03
  1.48934E-03  1.14069E-03  8.85486E-04  6.98521E-04  5.60753E-04  4.58305E-04
  3.81263E-04  3.22595E-04  2.77318E-04  2.41884E-04  2.13750E-04  1.91080E-04
  1.72536E-04  1.57139E-04  1.44163E-04  1.33072E-04  1.23461E-04  1.15029E-04
  1.07545E-04  1.00833E-04  9.47577E-05  8.92148E-05  8.41222E-05  7.94151E-05
  7.50421E-05  7.09617E-05  6.71401E-05  6.35496E-05  6.01671E-05  5.69731E-05
  5.39512E-05  5.10873E-05  4.83692E-05  4.57862E-05  4.33290E-05  4.09895E-05
  3.87604E-05  3.66352E-05  3.46084E-05  3.26748E-05  3.08300E-05  2.90699E-05
  2.73910E-05  2.57900E-05  2.42640E-05  2.28105E-05  2.14269E-05  2.01110E-05

  jn =  11
  2.68722E-02  2.23212E-02  1.85336E-02  1.53352E-02  1.25475E-02  1.01658E-02
  8.17102E-03  6.46782E-03  5.01364E-03  3.81028E-03  2.86212E-03  2.14440E-03
  1.61476E-03  1.22898E-03  9.49055E-04  7.45394E-04  5.96147E-04  4.85673E-04
  4.02937E-04  3.40178E-04  2.91926E-04  2.54305E-04  2.24545E-04  2.00652E-04
  1.81181E-04  1.65071E-04  1.51545E-04  1.40025E-04  1.30077E-04  1.21378E-04
  1.13681E-04  1.06799E-04  1.00587E-04  9.49325E-05  8.97493E-05  8.49682E-05
  8.05344E-05  7.64041E-05  7.25417E-05  6.89178E-05  6.55084E-05  6.22931E-05
  5.92548E-05  5.63787E-05  5.36521E-05  5.10638E-05  4.86039E-05  4.62635E-05
  4.40349E-05  4.19107E-05  3.98844E-05  3.79501E-05  3.61022E-05  3.43356E-05
  3.26458E-05  3.10283E-05  2.94793E-05  2.79951E-05  2.65724E-05  2.52081E-05

  jn =  12
  2.77652E-02  2.31076E-02  1.91521E-02  1.58450E-02  1.30090E-02  1.06310E-02
  8.61672E-03  6.85248E-03  5.32033E-03  4.05427E-03  3.05595E-03  2.29084E-03
  1.72093E-03  1.30310E-03  1.00059E-03  7.81367E-04  6.21667E-04  5.04226E-04
  4.16826E-04  3.50911E-04  3.00491E-04  2.61354E-04  2.30516E-04  2.05846E-04
  1.85804E-04  1.69272E-04  1.55431E-04  1.43674E-04  1.33549E-04  1.24717E-04
  1.16921E-04  1.09966E-04  1.03702E-04  9.80125E-05  9.28063E-05  8.80120E-05
  8.35727E-05  7.94427E-05  7.55847E-05  7.19685E-05  6.85688E-05  6.53646E-05
  6.23381E-05  5.94741E-05  5.67594E-05  5.41828E-05  5.17341E-05  4.94046E-05
  4.71864E-05  4.50723E-05  4.30560E-05  4.11316E-05  3.92939E-05  3.75380E-05
  3.58593E-05  3.42538E-05  3.27174E-05  3.12465E-05  2.98377E-05  2.84878E-05

  jn =  13
  2.88996E-02  2.44679E-02  2.02705E-02  1.67186E-02  1.37622E-02  1.11448E-02
  9.02324E-03  7.18793E-03  5.63084E-03  4.35672E-03  3.31148E-03  2.47285E-03
  1.83590E-03  1.37295E-03  1.04152E-03  8.06467E-04  6.37088E-04  5.14310E-04
  4.23678E-04  3.55975E-04  3.04408E-04  2.64506E-04  2.33142E-04  2.08099E-04
  1.87790E-04  1.71062E-04  1.57077E-04  1.45214E-04  1.35010E-04  1.26122E-04
  1.18287E-04  1.11306E-04  1.05027E-04  9.93307E-05  9.41255E-05  8.93383E-05
  8.49112E-05  8.07977E-05  7.69598E-05  7.33668E-05  6.99928E-05  6.68164E-05
  6.38193E-05  6.09860E-05  5.83031E-05  5.57588E-05  5.33427E-05  5.10458E-05
  4.88599E-05  4.67775E-05  4.47922E-05  4.28979E-05  4.10890E-05  3.93605E-05
  3.77079E-05  3.61269E-05  3.46135E-05  3.31641E-05  3.17754E-05  3.04442E-05

  jn =  14
  2.94596E-02  2.58103E-02  2.19905E-02  1.83424E-02  1.51990E-02  1.24809E-02
  9.86224E-03  7.89664E-03  6.25678E-03  4.92622E-03  3.69100E-03  2.69018E-03
  1.95528E-03  1.44420E-03  1.08455E-03  8.31342E-04  6.53614E-04  5.25473E-04
  4.31505E-04  3.61020E-04  3.07926E-04  2.66800E-04  2.34763E-04  2.09259E-04
  1.88754E-04  1.71896E-04  1.57818E-04  1.45886E-04  1.35632E-04  1.26705E-04
  1.18842E-04  1.11841E-04  1.05548E-04  9.98430E-05  9.46336E-05  8.98459E-05
  8.54214E-05  8.13134E-05  7.74835E-05  7.39007E-05  7.05390E-05  6.73767E-05
  6.43955E-05  6.15796E-05  5.89156E-05  5.63916E-05  5.39971E-05  5.17229E-05
  4.95609E-05  4.75034E-05  4.55439E-05  4.36762E-05  4.18947E-05  4.01943E-05
  3.85701E-05  3.70179E-05  3.55335E-05  3.41131E-05  3.27533E-05  3.14508E-05

  jn =  15
  2.85130E-02  2.56793E-02  2.33148E-02  2.11188E-02  1.83124E-02  1.47193E-02
  1.20112E-02  9.83681E-03  7.88304E-03  6.06089E-03  4.48567E-03  3.11478E-03
  2.23440E-03  1.59778E-03  1.17882E-03  8.94017E-04  6.97671E-04  5.54591E-04
  4.51293E-04  3.75176E-04  3.18025E-04  2.73798E-04  2.39894E-04  2.13092E-04
  1.91340E-04  1.73734E-04  1.59008E-04  1.46698E-04  1.36175E-04  1.27143E-04
  1.19212E-04  1.12165E-04  1.05838E-04  1.00108E-04  9.48804E-05  9.00791E-05
  8.56449E-05  8.15301E-05  7.76961E-05  7.41112E-05  7.07493E-05  6.75884E-05
  6.46099E-05  6.17981E-05  5.91392E-05  5.66214E-05  5.42341E-05  5.19681E-05
  4.98151E-05  4.77676E-05  4.58189E-05  4.39628E-05  4.21938E-05  4.05065E-05
  3.88964E-05  3.73590E-05  3.58902E-05  3.44863E-05  3.31436E-05  3.18588E-05

 H2 Dissociative Excitation n=6 / n=1 (jt,jn)
  jn =   1
  1.00000E-99  1.00000E-99  4.07635E-86  4.99156E-70  2.93017E-57  3.97146E-47
  4.33245E-39  1.02579E-32  1.15926E-27  1.16954E-23  1.73225E-20  5.59327E-18
  5.39082E-16  1.99133E-14  3.44162E-13  3.26819E-12  1.94572E-11  8.11057E-11
  2.59429E-10  6.83657E-10  1.55785E-09  3.15815E-09  5.78702E-09  9.68611E-09
  1.49437E-08  2.14395E-08  2.88474E-08  3.66883E-08  4.44121E-08  5.14839E-08
  5.74572E-08  6.20226E-08  6.50280E-08  6.64707E-08  6.64703E-08  6.52296E-08
  6.29945E-08  6.00194E-08  5.65421E-08  5.27691E-08  4.88686E-08  4.49705E-08
  4.11701E-08  3.75328E-08  3.41006E-08  3.08970E-08  2.79322E-08  2.52066E-08
  2.27139E-08  2.04438E-08  1.83830E-08  1.65172E-08  1.48315E-08  1.33110E-08
  1.19414E-08  1.07089E-08  9.60095E-09  8.60556E-09  7.71182E-09  6.90974E-09

  jn =   2
  1.00000E-99  1.00000E-99  1.27163E-85  1.54899E-69  9.03742E-57  1.21635E-46
  1.31656E-38  3.09072E-32  3.46137E-27  3.45954E-23  5.07618E-20  1.62415E-17
  1.55197E-15  5.68849E-14  9.76541E-13  9.22146E-12  5.46483E-11  2.26895E-10
  7.22996E-10  1.89792E-09  4.30927E-09  8.71289E-09  1.59474E-08  2.67075E-08
  4.12947E-08  5.94555E-08  8.03676E-08  1.02761E-07  1.25127E-07  1.45948E-07
  1.63913E-07  1.78060E-07  1.87857E-07  1.93197E-07  1.94336E-07  1.91788E-07
  1.86213E-07  1.78324E-07  1.68801E-07  1.58249E-07  1.47171E-07  1.35966E-07
  1.24932E-07  1.14283E-07  1.04160E-07  9.46507E-08  8.57990E-08  7.76193E-08
  7.01039E-08  6.32303E-08  5.69669E-08  5.12762E-08  4.61183E-08  4.14524E-08
  3.72383E-08  3.34371E-08  3.00122E-08  2.69290E-08  2.41556E-08  2.16624E-08

  jn =   3
  1.00000E-99  1.00000E-99  3.84120E-85  4.61347E-69  2.64946E-56  3.50525E-46
  3.72626E-38  8.58883E-32  9.44695E-27  9.28122E-23  1.34046E-19  4.22887E-17
  3.99236E-15  1.44884E-13  2.46786E-12  2.31674E-11  1.36679E-10  5.65166E-10
  1.79237E-09  4.67735E-09  1.05506E-08  2.12062E-08  3.86562E-08  6.46357E-08
  1.00036E-07  1.44505E-07  1.96353E-07  2.52766E-07  3.10232E-07  3.65065E-07
  4.13901E-07  4.54103E-07  4.83996E-07  5.02926E-07  5.11162E-07  5.09683E-07
  4.99927E-07  4.83539E-07  4.62180E-07  4.37382E-07  4.10469E-07  3.82532E-07
  3.54424E-07  3.26789E-07  3.00086E-07  2.74628E-07  2.50612E-07  2.28143E-07
  2.07264E-07  1.87968E-07  1.70212E-07  1.53934E-07  1.39058E-07  1.25496E-07
  1.13160E-07  1.01960E-07  9.18074E-08  8.26166E-08  7.43066E-08  6.68010E-08

  jn =   4
  1.00000E-99  1.00000E-99  1.04661E-84  1.22585E-68  6.86139E-56  8.85274E-46
  9.19235E-38  2.07441E-31  2.24007E-26  2.16706E-22  3.09095E-19  9.65711E-17
  9.05242E-15  3.26952E-13  5.55396E-12  5.20783E-11  3.07106E-10  1.26853E-09
  4.01015E-09  1.04002E-08  2.32581E-08  4.63123E-08  8.37298E-08  1.39182E-07
  2.14750E-07  3.10106E-07  4.22242E-07  5.45773E-07  6.73695E-07  7.98366E-07
  9.12522E-07  1.01015E-06  1.08706E-06  1.14113E-06  1.17221E-06  1.18173E-06
  1.17225E-06  1.14694E-06  1.10914E-06  1.06207E-06  1.00859E-06  9.51154E-07
  8.91747E-07  8.31927E-07  7.72873E-07  7.15449E-07  6.60257E-07  6.07698E-07
  5.58015E-07  5.11333E-07  4.67687E-07  4.27051E-07  3.89351E-07  3.54484E-07
  3.22323E-07  2.92729E-07  2.65558E-07  2.40659E-07  2.17884E-07  1.97086E-07

  jn =   5
  1.00000E-99  1.00000E-99  2.34133E-84  2.69886E-68  1.48834E-55  1.89526E-45
  1.94633E-37  4.35372E-31  4.67122E-26  4.50049E-22  6.40715E-19  2.00197E-16
  1.87988E-14  6.81060E-13  1.16164E-11  1.09423E-10  6.47958E-10  2.68252E-09
  8.46848E-09  2.18301E-08  4.83227E-08  9.50374E-08  1.69740E-07  2.79287E-07
  4.27755E-07  6.14980E-07  8.35955E-07  1.08122E-06  1.33803E-06  1.59207E-06
  1.82930E-06  2.03761E-06  2.20805E-06  2.33549E-06  2.41851E-06  2.45891E-06
  2.46081E-06  2.42976E-06  2.37187E-06  2.29322E-06  2.19935E-06  2.09512E-06
  1.98455E-06  1.87090E-06  1.75669E-06  1.64384E-06  1.53376E-06  1.42744E-06
  1.32555E-06  1.22851E-06  1.13656E-06  1.04980E-06  9.68206E-07  8.91701E-07
  8.20147E-07  7.53369E-07  6.91174E-07  6.33351E-07  5.79683E-07  5.29952E-07

  jn =   6
  1.00000E-99  1.00000E-99  4.21976E-84  4.93157E-68  2.74875E-55  3.53186E-45
  3.65807E-37  8.25454E-31  8.93778E-26  8.69244E-22  1.24923E-18  3.93969E-16
  3.73303E-14  1.36438E-12  2.34695E-11  2.22821E-10  1.32788E-09  5.51561E-09
  1.73852E-08  4.44819E-08  9.72149E-08  1.88185E-07  3.30702E-07  5.36383E-07
  8.12346E-07  1.15886E-06  1.56817E-06  2.02486E-06  2.50741E-06  2.99091E-06
  3.45007E-06  3.86229E-06  4.20997E-06  4.48194E-06  4.67366E-06  4.78654E-06
  4.82654E-06  4.80262E-06  4.72520E-06  4.60496E-06  4.45198E-06  4.27529E-06
  4.08257E-06  3.88017E-06  3.67318E-06  3.46556E-06  3.26033E-06  3.05973E-06
  2.86538E-06  2.67837E-06  2.49945E-06  2.32902E-06  2.16729E-06  2.01430E-06
  1.86994E-06  1.73402E-06  1.60631E-06  1.48650E-06  1.37427E-06  1.26928E-06

  jn =   7
  1.00000E-99  1.00000E-99  6.30673E-84  7.68833E-68  4.45974E-55  5.93562E-45
  6.32937E-37  1.46297E-30  1.61777E-25  1.60463E-21  2.34976E-18  7.54117E-16
  7.25802E-14  2.68829E-12  4.67510E-11  4.47632E-10  2.68258E-09  1.11615E-08
  3.50594E-08  8.88714E-08  1.91426E-07  3.64036E-07  6.28087E-07  1.00184E-06
  1.49671E-06  2.11378E-06  2.84174E-06  3.65676E-06  4.52445E-06  5.40364E-06
  6.25125E-06  7.02732E-06  7.69936E-06  8.24513E-06  8.65355E-06  8.92389E-06
  9.06374E-06  9.08643E-06  9.00849E-06  8.84751E-06  8.62059E-06  8.34338E-06
  8.02955E-06  7.69067E-06  7.33625E-06  6.97395E-06  6.60982E-06  6.24854E-06
  5.89371E-06  5.54799E-06  5.21334E-06  4.89112E-06  4.58225E-06  4.28729E-06
  4.00653E-06  3.74000E-06  3.48761E-06  3.24911E-06  3.02415E-06  2.81233E-06

  jn =   8
  1.00000E-99  1.00000E-99  8.12303E-84  1.05597E-67  6.49715E-55  9.07073E-45
  1.00873E-36  2.43416E-30  2.81482E-25  2.91075E-21  4.40786E-18  1.44763E-15
  1.41166E-13  5.25797E-12  9.15386E-11  8.75595E-10  5.23693E-09  2.17174E-08
  6.78151E-08  1.70260E-07  3.61853E-07  6.77207E-07  1.14912E-06  1.80510E-06
  2.66321E-06  3.72725E-06  4.98299E-06  6.39656E-06  7.91609E-06  9.47652E-06
  1.10068E-05  1.24383E-05  1.37121E-05  1.47848E-05  1.56311E-05  1.62430E-05
  1.66275E-05  1.68023E-05  1.67919E-05  1.66240E-05  1.63264E-05  1.59255E-05
  1.54450E-05  1.49055E-05  1.43245E-05  1.37164E-05  1.30930E-05  1.24638E-05
  1.18363E-05  1.12164E-05  1.06087E-05  1.00166E-05  9.44269E-06  8.88882E-06
  8.35629E-06  7.84591E-06  7.35813E-06  6.89312E-06  6.45081E-06  6.03094E-06

  jn =   9
  1.00000E-99  1.00000E-99  9.36328E-84  1.28854E-67  8.40740E-55  1.25627E-44
  1.51875E-36  4.00122E-30  4.97600E-25  5.39280E-21  8.35066E-18  2.75686E-15
  2.67911E-13  9.92404E-12  1.72146E-10  1.64584E-09  9.86085E-09  4.09584E-08
  1.27755E-07  3.18964E-07  6.70929E-07  1.23829E-06  2.06888E-06  3.20172E-06
  4.66384E-06  6.46434E-06  8.58746E-06  1.09878E-05  1.35905E-05  1.62962E-05
  1.89921E-05  2.15643E-05  2.39110E-05  2.59529E-05  2.76378E-05  2.89425E-05
  2.98681E-05  3.04354E-05  3.06777E-05  3.06353E-05  3.03506E-05  2.98650E-05
  2.92165E-05  2.84393E-05  2.75629E-05  2.66126E-05  2.56094E-05  2.45712E-05
  2.35127E-05  2.24459E-05  2.13808E-05  2.03255E-05  1.92866E-05  1.82696E-05
  1.72786E-05  1.63170E-05  1.53875E-05  1.44919E-05  1.36316E-05  1.28074E-05

  jn =  10
  1.00000E-99  1.00000E-99  9.99430E-84  1.43312E-67  1.00124E-54  1.66815E-44
  2.29692E-36  6.76259E-30  9.03231E-25  1.01526E-20  1.59674E-17  5.30384E-15
  5.17066E-13  1.92058E-11  3.33979E-10  3.19681E-09  1.91205E-08  7.89514E-08
  2.43646E-07  5.99229E-07  1.23774E-06  2.24000E-06  3.67121E-06  5.58445E-06
  8.02101E-06  1.10026E-05  1.45189E-05  1.85160E-05  2.28926E-05  2.75046E-05
  3.21786E-05  3.67312E-05  4.09906E-05  4.48137E-05  4.80979E-05  5.07845E-05
  5.28559E-05  5.43276E-05  5.52393E-05  5.56453E-05  5.56071E-05  5.51872E-05
  5.44458E-05  5.34386E-05  5.22152E-05  5.08194E-05  4.92893E-05  4.76573E-05
  4.59514E-05  4.41952E-05  4.24086E-05  4.06083E-05  3.88085E-05  3.70208E-05
  3.52548E-05  3.35188E-05  3.18191E-05  3.01612E-05  2.85494E-05  2.69870E-05

  jn =  11
  1.00000E-99  1.00000E-99  1.03645E-83  1.53100E-67  1.15959E-54  2.24332E-44
  3.65953E-36  1.22841E-29  1.78360E-24  2.10113E-20  3.37683E-17  1.12453E-14
  1.08259E-12  3.92613E-11  6.61463E-10  6.10594E-09  3.51485E-08  1.39691E-07
  4.15637E-07  9.88424E-07  1.98134E-06  3.49423E-06  5.60535E-06  8.38373E-06
  1.18933E-05  1.61823E-05  2.12637E-05  2.70962E-05  3.35734E-05  4.05257E-05
  4.77337E-05  5.49523E-05  6.19380E-05  6.84740E-05  7.43890E-05  7.95655E-05
  8.39395E-05  8.74934E-05  9.02451E-05  9.22371E-05  9.35267E-05  9.41780E-05
  9.42570E-05  9.38278E-05  9.29511E-05  9.16835E-05  9.00772E-05  8.81800E-05
  8.60360E-05  8.36858E-05  8.11664E-05  7.85122E-05  7.57546E-05  7.29220E-05
  7.00406E-05  6.71336E-05  6.42220E-05  6.13243E-05  5.84563E-05  5.56320E-05

  jn =  12
  1.00000E-99  1.00000E-99  1.08102E-83  1.64621E-67  1.40623E-54  3.41358E-44
  6.90045E-36  2.66104E-29  4.15019E-24  4.98954E-20  7.82167E-17  2.44647E-14
  2.16916E-12  7.20793E-11  1.11958E-09  9.62244E-09  5.21540E-08  1.97283E-07
  5.64080E-07  1.29960E-06  2.54095E-06  4.39512E-06  6.94735E-06  1.02792E-05
  1.44744E-05  1.96062E-05  2.57135E-05  3.27767E-05  4.07032E-05  4.93264E-05
  5.84180E-05  6.77129E-05  7.69390E-05  8.58459E-05  9.42271E-05  1.01931E-04
  1.08864E-04  1.14980E-04  1.20275E-04  1.24771E-04  1.28508E-04  1.31532E-04
  1.33893E-04  1.35637E-04  1.36808E-04  1.37445E-04  1.37584E-04  1.37255E-04
  1.36486E-04  1.35306E-04  1.33738E-04  1.31810E-04  1.29545E-04  1.26970E-04
  1.24112E-04  1.21000E-04  1.17661E-04  1.14125E-04  1.10423E-04  1.06585E-04

  jn =  13
  1.00000E-99  1.00000E-99  1.16961E-83  1.88240E-67  2.01055E-54  6.44443E-44
  1.56875E-35  6.59709E-29  1.04647E-23  1.19652E-19  1.67382E-16  4.54317E-14
  3.52303E-12  1.05101E-10  1.50069E-09  1.21385E-08  6.28436E-08  2.30047E-07
  6.41988E-07  1.45434E-06  2.80839E-06  4.81338E-06  7.55757E-06  1.11287E-05
  1.56204E-05  2.11184E-05  2.76751E-05  3.52837E-05  4.38623E-05  5.32508E-05
  6.32241E-05  7.35161E-05  8.38506E-05  9.39714E-05  1.03665E-04  1.12776E-04
  1.21203E-04  1.28900E-04  1.35860E-04  1.42106E-04  1.47676E-04  1.52619E-04
  1.56982E-04  1.60811E-04  1.64147E-04  1.67022E-04  1.69465E-04  1.71496E-04
  1.73132E-04  1.74384E-04  1.75260E-04  1.75764E-04  1.75899E-04  1.75669E-04
  1.75072E-04  1.74112E-04  1.72789E-04  1.71107E-04  1.69070E-04  1.66686E-04

  jn =  14
  1.00000E-99  1.00000E-99  1.32454E-83  2.36925E-67  3.36808E-54  1.41838E-43
  3.73363E-35  1.63783E-28  2.48776E-23  2.53507E-19  2.95322E-16  6.83150E-14
  4.72616E-12  1.31194E-10  1.78014E-09  1.38324E-08  6.98774E-08  2.51027E-07
  6.90776E-07  1.54350E-06  2.95237E-06  5.01644E-06  7.83052E-06  1.14795E-05
  1.60793E-05  2.17118E-05  2.84337E-05  3.62428E-05  4.50608E-05  5.47310E-05
  6.50298E-05  7.56923E-05  8.64422E-05  9.70232E-05  1.07222E-04  1.16882E-04
  1.25906E-04  1.34248E-04  1.41905E-04  1.48903E-04  1.55287E-04  1.61108E-04
  1.66420E-04  1.71276E-04  1.75721E-04  1.79794E-04  1.83529E-04  1.86953E-04
  1.90085E-04  1.92942E-04  1.95535E-04  1.97871E-04  1.99953E-04  2.01783E-04
  2.03360E-04  2.04681E-04  2.05739E-04  2.06530E-04  2.07046E-04  2.07279E-04

  jn =  15
  1.00000E-99  1.00000E-99  1.51175E-83  3.27715E-67  5.95942E-54  2.81224E-43
  8.41116E-35  3.89433E-28  5.65318E-23  4.91535E-19  5.13783E-16  1.03121E-13
  6.75883E-12  1.72977E-10  2.23834E-09  1.68571E-08  8.30570E-08  2.89628E-07
  7.77893E-07  1.70675E-06  3.21104E-06  5.36985E-06  8.28609E-06  1.20353E-05
  1.66830E-05  2.23614E-05  2.90809E-05  3.68962E-05  4.57138E-05  5.54524E-05
  6.58443E-05  7.66188E-05  8.74977E-05  9.82236E-05  1.08583E-04  1.18420E-04
  1.27638E-04  1.36192E-04  1.44082E-04  1.51335E-04  1.57998E-04  1.64126E-04
  1.69777E-04  1.75004E-04  1.79857E-04  1.84381E-04  1.88611E-04  1.92580E-04
  1.96311E-04  1.99827E-04  2.03142E-04  2.06270E-04  2.09220E-04  2.11999E-04
  2.14611E-04  2.17060E-04  2.19347E-04  2.21470E-04  2.23429E-04  2.25221E-04

 H2+ Dissociative Excitation n=6 / n=1 (jt,jn)
  jn =   1
  2.18843E-83  7.51906E-71  3.61380E-60  4.24419E-51  1.99930E-43  5.85954E-37
  1.57444E-31  5.45621E-27  3.29016E-23  4.48557E-20  1.73680E-17  2.32792E-15
  1.28160E-13  3.35743E-12  4.74748E-11  4.03408E-10  2.25609E-09  8.96546E-09
  2.69919E-08  6.49346E-08  1.30433E-07  2.26771E-07  3.51377E-07  4.96781E-07
  6.53030E-07  8.10119E-07  9.59609E-07  1.09529E-06  1.21314E-06  1.31095E-06
  1.38787E-06  1.44399E-06  1.48004E-06  1.49724E-06  1.49709E-06  1.48138E-06
  1.45203E-06  1.41107E-06  1.36059E-06  1.30263E-06  1.23913E-06  1.17188E-06
  1.10247E-06  1.03230E-06  9.62496E-07  8.94000E-07  8.27524E-07  7.63602E-07
  7.02613E-07  6.44806E-07  5.90331E-07  5.39260E-07  4.91607E-07  4.47340E-07
  4.06393E-07  3.68670E-07  3.34046E-07  3.02365E-07  2.73444E-07  2.47064E-07

  jn =   2
  6.91958E-83  2.36185E-70  1.12697E-59  1.31294E-50  6.12938E-43  1.77847E-36
  4.72606E-31  1.61821E-26  9.63314E-23  1.29572E-19  4.94822E-17  6.54167E-15
  3.55367E-13  9.19384E-12  1.28541E-10  1.08164E-09  6.00130E-09  2.37068E-08
  7.10953E-08  1.70716E-07  3.42936E-07  5.97315E-07  9.28623E-07  1.31898E-06
  1.74364E-06  2.17703E-06  2.59684E-06  2.98586E-06  3.33214E-06  3.62819E-06
  3.87000E-06  4.05615E-06  4.18707E-06  4.26469E-06  4.29207E-06  4.27319E-06
  4.21281E-06  4.11624E-06  3.98911E-06  3.83717E-06  3.66607E-06  3.48113E-06
  3.28721E-06  3.08860E-06  2.88895E-06  2.69125E-06  2.49791E-06  2.31077E-06
  2.13116E-06  1.96006E-06  1.79810E-06  1.64564E-06  1.50287E-06  1.36982E-06
  1.24640E-06  1.13239E-06  1.02750E-06  9.31312E-07  8.43329E-07  7.62925E-07

  jn =   3
  2.19723E-82  7.36464E-70  3.44390E-59  3.92391E-50  1.78793E-42  5.05435E-36
  1.30683E-30  4.35028E-26  2.51748E-22  3.29364E-19  1.22496E-16  1.58003E-14
  8.39390E-13  2.12940E-11  2.92781E-10  2.43027E-09  1.33421E-08  5.23097E-08
  1.56151E-07  3.74249E-07  7.52270E-07  1.31409E-06  2.05301E-06  2.93548E-06
  3.91233E-06  4.93084E-06  5.94326E-06  6.91083E-06  7.80441E-06  8.60335E-06
  9.29372E-06  9.86677E-06  1.03178E-05  1.06455E-05  1.08515E-05  1.09404E-05
  1.09191E-05  1.07970E-05  1.05851E-05  1.02957E-05  9.94175E-06  9.53634E-06
  9.09205E-06  8.62055E-06  8.13235E-06  7.63658E-06  7.14098E-06  6.65189E-06
  6.17441E-06  5.71251E-06  5.26922E-06  4.84681E-06  4.44687E-06  4.07045E-06
  3.71816E-06  3.39016E-06  3.08625E-06  2.80580E-06  2.54780E-06  2.31080E-06

  jn =   4
  6.52162E-82  2.10368E-69  9.43956E-59  1.03017E-49  4.49344E-42  1.21681E-35
  3.01924E-30  9.67158E-26  5.40383E-22  6.85115E-19  2.47855E-16  3.12136E-14
  1.62479E-12  4.05250E-11  5.49589E-10  4.51322E-09  2.45823E-08  9.58698E-08
  2.85364E-07  6.83489E-07  1.37573E-06  2.41078E-06  3.78442E-06  5.44483E-06
  7.31121E-06  9.29412E-06  1.13103E-05  1.32897E-05  1.51772E-05  1.69308E-05
  1.85190E-05  1.99180E-05  2.11106E-05  2.20850E-05  2.28345E-05  2.33579E-05
  2.36589E-05  2.37465E-05  2.36343E-05  2.33396E-05  2.28825E-05  2.22851E-05
  2.15700E-05  2.07594E-05  1.98746E-05  1.89351E-05  1.79587E-05  1.69607E-05
  1.59548E-05  1.49526E-05  1.39638E-05  1.29970E-05  1.20593E-05  1.11565E-05
  1.02937E-05  9.47444E-06  8.70137E-06  7.97579E-06  7.29770E-06  6.66560E-06

  jn =   5
  1.53372E-81  4.75342E-69  2.04538E-58  2.14198E-49  8.98701E-42  2.34872E-35
  5.64464E-30  1.75757E-25  9.57791E-22  1.18823E-18  4.21934E-16  5.23088E-14
  2.68782E-12  6.63424E-11  8.92422E-10  7.28439E-09  3.95117E-08  1.53720E-07
  4.57164E-07  1.09558E-06  2.20921E-06  3.88285E-06  6.11970E-06  8.84812E-06
  1.19494E-05  1.52890E-05  1.87389E-05  2.21896E-05  2.55525E-05  2.87575E-05
  3.17491E-05  3.44826E-05  3.69221E-05  3.90389E-05  4.08116E-05  4.22270E-05
  4.32797E-05  4.39731E-05  4.43188E-05  4.43357E-05  4.40486E-05  4.34870E-05
  4.26827E-05  4.16687E-05  4.04777E-05  3.91406E-05  3.76862E-05  3.61407E-05
  3.45278E-05  3.28685E-05  3.11817E-05  2.94845E-05  2.77924E-05  2.61195E-05
  2.44784E-05  2.28804E-05  2.13348E-05  1.98488E-05  1.84266E-05  1.70691E-05

  jn =   6
  2.61733E-81  8.05224E-69  3.43197E-58  3.55103E-49  1.46890E-41  3.78101E-35
  8.95279E-30  2.75005E-25  1.48095E-21  1.81858E-18  6.40140E-16  7.87667E-14
  4.02156E-12  9.87389E-11  1.32267E-09  1.07634E-08  5.82707E-08  2.26515E-07
  6.73792E-07  1.61657E-06  3.26626E-06  5.75643E-06  9.10345E-06  1.32145E-05
  1.79264E-05  2.30497E-05  2.84018E-05  3.38241E-05  3.91856E-05  4.43807E-05
  4.93227E-05  5.39395E-05  5.81694E-05  6.19607E-05  6.52713E-05  6.80700E-05
  7.03378E-05  7.20684E-05  7.32685E-05  7.39568E-05  7.41622E-05  7.39214E-05
  7.32765E-05  7.22724E-05  7.09543E-05  6.93660E-05  6.75487E-05  6.55404E-05
  6.33754E-05  6.10850E-05  5.86974E-05  5.62391E-05  5.37345E-05  5.12068E-05
  4.86777E-05  4.61675E-05  4.36939E-05  4.12712E-05  3.89090E-05  3.66104E-05

  jn =   7
  3.46699E-81  1.08958E-68  4.72552E-58  4.94985E-49  2.06534E-41  5.34935E-35
  1.27118E-29  3.90712E-25  2.09986E-21  2.56935E-18  9.00778E-16  1.10443E-13
  5.62405E-12  1.37865E-10  1.84557E-09  1.50200E-08  8.13720E-08  3.16698E-07
  9.43602E-07  2.26853E-06  4.59464E-06  8.11987E-06  1.28804E-05  1.87594E-05
  2.55394E-05  3.29629E-05  4.07786E-05  4.87654E-05  5.67392E-05  6.45488E-05
  7.20684E-05  7.91907E-05  8.58223E-05  9.18818E-05  9.73007E-05  1.02025E-04
  1.06016E-04  1.09254E-04  1.11739E-04  1.13486E-04  1.14527E-04  1.14906E-04
  1.14676E-04  1.13894E-04  1.12621E-04  1.10916E-04  1.08836E-04  1.06432E-04
  1.03752E-04  1.00842E-04  9.77415E-05  9.44887E-05  9.11199E-05  8.76700E-05
  8.41724E-05  8.06584E-05  7.71564E-05  7.36892E-05  7.02723E-05  6.69100E-05

  jn =   8
  3.93408E-81  1.26715E-68  5.65038E-58  6.09872E-49  2.61602E-41  6.91127E-35
  1.66053E-29  5.13295E-25  2.77102E-21  3.40856E-18  1.20225E-15  1.48255E-13
  7.58280E-12  1.86369E-10  2.49748E-09  2.03260E-08  1.10079E-07  4.28343E-07
  1.27663E-06  3.07207E-06  6.23207E-06  1.10379E-05  1.75569E-05  2.56510E-05
  3.50434E-05  4.53992E-05  5.63856E-05  6.77061E-05  7.91090E-05  9.03834E-05
  1.01349E-04  1.11849E-04  1.21741E-04  1.30899E-04  1.39213E-04  1.46592E-04
  1.52969E-04  1.58303E-04  1.62579E-04  1.65811E-04  1.68035E-04  1.69307E-04
  1.69696E-04  1.69282E-04  1.68148E-04  1.66377E-04  1.64045E-04  1.61228E-04
  1.57990E-04  1.54393E-04  1.50494E-04  1.46342E-04  1.41990E-04  1.37483E-04
  1.32870E-04  1.28195E-04  1.23499E-04  1.18815E-04  1.14167E-04  1.09560E-04

  jn =   9
  4.12722E-81  1.35239E-68  6.18177E-58  6.87391E-49  3.03030E-41  8.18449E-35
  2.00759E-29  6.34640E-25  3.50260E-21  4.38445E-18  1.56256E-15  1.93384E-13
  9.88212E-12  2.42185E-10  3.23636E-09  2.62987E-08  1.42445E-07  5.55243E-07
  1.65966E-06  4.00837E-06  8.16404E-06  1.45189E-05  2.31867E-05  3.40081E-05
  4.66351E-05  6.06360E-05  7.55773E-05  9.10690E-05  1.06778E-04  1.22424E-04
  1.37765E-04  1.52587E-04  1.66694E-04  1.79909E-04  1.92073E-04  2.03050E-04
  2.12733E-04  2.21049E-04  2.27959E-04  2.33462E-04  2.37586E-04  2.40390E-04
  2.41953E-04  2.42368E-04  2.41737E-04  2.40162E-04  2.37747E-04  2.34586E-04
  2.30772E-04  2.26388E-04  2.21515E-04  2.16228E-04  2.10603E-04  2.04714E-04
  1.98631E-04  1.92425E-04  1.86160E-04  1.79888E-04  1.73645E-04  1.67440E-04

  jn =  10
  4.20937E-81  1.38701E-68  6.42162E-58  7.27248E-49  3.27837E-41  9.10952E-35
  2.31137E-29  7.53882E-25  4.24661E-21  5.36330E-18  1.91705E-15  2.37965E-13
  1.22336E-11  3.02591E-10  4.08913E-09  3.36182E-08  1.84077E-07  7.24159E-07
  2.18034E-06  5.29439E-06  1.08253E-05  1.93054E-05  3.08957E-05  4.53940E-05
  6.23490E-05  8.11997E-05  1.01382E-04  1.22389E-04  1.43784E-04  1.65193E-04
  1.86292E-04  2.06784E-04  2.26399E-04  2.44882E-04  2.62005E-04  2.77571E-04
  2.91422E-04  3.03447E-04  3.13587E-04  3.21831E-04  3.28218E-04  3.32824E-04
  3.35755E-04  3.37139E-04  3.37112E-04  3.35815E-04  3.33380E-04  3.29933E-04
  3.25592E-04  3.20462E-04  3.14642E-04  3.08226E-04  3.01303E-04  2.93966E-04
  2.86304E-04  2.78408E-04  2.70361E-04  2.62235E-04  2.54078E-04  2.45904E-04

  jn =  11
  4.38697E-81  1.43524E-68  6.62849E-58  7.53346E-49  3.43701E-41  9.75633E-35
  2.53604E-29  8.41232E-25  4.79482E-21  6.14620E-18  2.25362E-15  2.89504E-13
  1.54114E-11  3.92066E-10  5.39573E-09  4.47422E-08  2.45209E-07  9.60565E-07
  2.87179E-06  6.91764E-06  1.40350E-05  2.48616E-05  3.95759E-05  5.79258E-05
  7.93769E-05  1.03280E-04  1.28993E-04  1.55943E-04  1.83639E-04  2.11655E-04
  2.39608E-04  2.67133E-04  2.93878E-04  3.19494E-04  3.43648E-04  3.66033E-04
  3.86380E-04  4.04478E-04  4.20173E-04  4.33383E-04  4.44091E-04  4.52340E-04
  4.58224E-04  4.61876E-04  4.63453E-04  4.63128E-04  4.61079E-04  4.57480E-04
  4.52502E-04  4.46307E-04  4.39050E-04  4.30883E-04  4.21952E-04  4.12404E-04
  4.02383E-04  3.92030E-04  3.81471E-04  3.70815E-04  3.60131E-04  3.49435E-04

  jn =  12
  4.67130E-81  1.53241E-68  7.02901E-58  7.93858E-49  3.61145E-41  1.03036E-34
  2.69822E-29  9.04513E-25  5.28079E-21  7.12647E-18  2.79605E-15  3.78961E-13
  2.06874E-11  5.25488E-10  7.11222E-09  5.75912E-08  3.07849E-07  1.17853E-06
  3.45480E-06  8.18969E-06  1.64081E-05  2.87890E-05  4.55096E-05  6.62924E-05
  9.05725E-05  1.17678E-04  1.46958E-04  1.77842E-04  2.09848E-04  2.42562E-04
  2.75608E-04  3.08621E-04  3.41235E-04  3.73078E-04  4.03774E-04  4.32960E-04
  4.60302E-04  4.85509E-04  5.08347E-04  5.28644E-04  5.46297E-04  5.61267E-04
  5.73566E-04  5.83253E-04  5.90418E-04  5.95175E-04  5.97647E-04  5.97965E-04
  5.96261E-04  5.92671E-04  5.87336E-04  5.80405E-04  5.72038E-04  5.62410E-04
  5.51708E-04  5.40126E-04  5.27858E-04  5.15077E-04  5.01916E-04  4.88435E-04

  jn =  13
  5.05757E-81  1.71702E-68  7.87484E-58  8.83426E-49  4.03391E-41  1.12623E-34
  2.94172E-29  9.98981E-25  6.17500E-21  9.15230E-18  3.82443E-15  5.19252E-13
  2.73053E-11  6.62005E-10  8.56419E-09  6.69434E-08  3.47738E-07  1.30375E-06
  3.76245E-06  8.82544E-06  1.75479E-05  3.06213E-05  4.82202E-05  7.00578E-05
  9.55607E-05  1.24055E-04  1.54894E-04  1.87519E-04  2.21466E-04  2.56338E-04
  2.91781E-04  3.27448E-04  3.62991E-04  3.98046E-04  4.32246E-04  4.65231E-04
  4.96661E-04  5.26239E-04  5.53717E-04  5.78909E-04  6.01692E-04  6.22003E-04
  6.39833E-04  6.55213E-04  6.68203E-04  6.78880E-04  6.87328E-04  6.93635E-04
  6.97882E-04  7.00151E-04  7.00524E-04  6.99091E-04  6.95954E-04  6.91232E-04
  6.85063E-04  6.77599E-04  6.68999E-04  6.59407E-04  6.48924E-04  6.37570E-04

  jn =  14
  5.23388E-81  1.89389E-68  9.18246E-58  1.05512E-48  4.89592E-41  1.41425E-34
  3.55730E-29  1.25145E-24  8.36241E-21  1.33852E-17  5.42961E-15  6.87435E-13
  3.38591E-11  7.84356E-10  9.79270E-09  7.42537E-08  3.78625E-07  1.39877E-06
  3.99173E-06  9.25572E-06  1.82572E-05  3.16232E-05  4.95512E-05  7.17194E-05
  9.76678E-05  1.26670E-04  1.58078E-04  1.91338E-04  2.25990E-04  2.61650E-04
  2.97971E-04  3.34618E-04  3.71252E-04  4.07521E-04  4.43065E-04  4.77531E-04
  5.10589E-04  5.41944E-04  5.71356E-04  5.98644E-04  6.23689E-04  6.46436E-04
  6.66879E-04  6.85054E-04  7.01027E-04  7.14879E-04  7.26699E-04  7.36573E-04
  7.44583E-04  7.50808E-04  7.55323E-04  7.58210E-04  7.59557E-04  7.59472E-04
  7.58077E-04  7.55511E-04  7.51914E-04  7.47409E-04  7.42069E-04  7.35867E-04

  jn =  15
  4.87081E-81  1.85787E-68  1.00617E-57  1.33408E-48  6.77041E-41  1.90426E-34
  5.17127E-29  1.96849E-24  1.42719E-20  2.22069E-17  8.73488E-15  9.96800E-13
  4.73400E-11  1.02099E-09  1.22204E-08  9.00580E-08  4.48346E-07  1.60939E-06
  4.48522E-06  1.02141E-05  1.98209E-05  3.37975E-05  5.23511E-05  7.50711E-05
  1.01182E-04  1.30253E-04  1.61418E-04  1.94454E-04  2.28848E-04  2.64581E-04
  3.01071E-04  3.37955E-04  3.74882E-04  4.11495E-04  4.47437E-04  4.82354E-04
  5.15919E-04  5.47840E-04  5.77880E-04  6.05861E-04  6.31670E-04  6.55254E-04
  6.76612E-04  6.95786E-04  7.12847E-04  7.27883E-04  7.40987E-04  7.52253E-04
  7.61770E-04  7.69620E-04  7.75887E-04  7.80657E-04  7.84028E-04  7.86112E-04
  7.87040E-04  7.86958E-04  7.86017E-04  7.84349E-04  7.82034E-04  7.79045E-04

 H2+ Dissociative Recombination n=6 / n=1 (jt,jn)
  jn =   1
  4.61971E-05  3.99616E-05  3.45620E-05  2.98839E-05  2.58296E-05  2.23160E-05
  1.92715E-05  1.66348E-05  1.43528E-05  1.23796E-05  1.06755E-05  9.20571E-06
  7.93972E-06  6.85084E-06  5.91552E-06  5.11293E-06  4.42468E-06  3.83448E-06
  3.32808E-06  2.89303E-06  2.51858E-06  2.19556E-06  1.91622E-06  1.67402E-06
  1.46353E-06  1.28021E-06  1.12026E-06  9.80504E-07  8.58256E-07  7.51243E-07
  6.57517E-07  5.75406E-07  5.03460E-07  4.40424E-07  3.85198E-07  3.36823E-07
  2.94459E-07  2.57368E-07  2.24902E-07  1.96492E-07  1.71637E-07  1.49898E-07
  1.30890E-07  1.14273E-07  9.97502E-08  8.70600E-08  7.59735E-08  6.62899E-08
  5.78332E-08  5.04493E-08  4.40030E-08  3.83762E-08  3.34654E-08  2.91800E-08
  2.54409E-08  2.21788E-08  1.93332E-08  1.68512E-08  1.46866E-08  1.27990E-08

  jn =   2
  1.45094E-04  1.24803E-04  1.07251E-04  9.20600E-05  7.89116E-05  6.75384E-05
  5.77144E-05  4.92460E-05  4.19656E-05  3.57262E-05  3.03976E-05  2.58630E-05
  2.20177E-05  1.87674E-05  1.60272E-05  1.37214E-05  1.17827E-05  1.01519E-05
  8.77781E-06  7.61656E-06  6.63119E-06  5.79097E-06  5.07068E-06  4.44979E-06
  3.91178E-06  3.44334E-06  3.03378E-06  2.67447E-06  2.35839E-06  2.07978E-06
  1.83383E-06  1.61652E-06  1.42442E-06  1.25457E-06  1.10442E-06  9.71714E-07
  8.54485E-07  7.50982E-07  6.59655E-07  5.79124E-07  5.08162E-07  4.45675E-07
  3.90688E-07  3.42332E-07  2.99836E-07  2.62512E-07  2.29749E-07  2.01006E-07
  1.75803E-07  1.53715E-07  1.34364E-07  1.17419E-07  1.02587E-07  8.96079E-08
  7.82550E-08  6.83272E-08  5.96481E-08  5.20626E-08  4.54345E-08  3.96443E-08

  jn =   3
  4.51763E-04  3.82639E-04  3.23136E-04  2.71971E-04  2.28095E-04  1.90632E-04
  1.58825E-04  1.31998E-04  1.09524E-04  9.08223E-05  7.53521E-05  6.26195E-05
  5.21813E-05  4.36473E-05  3.66803E-05  3.09932E-05  2.63449E-05  2.25350E-05
  1.93991E-05  1.68032E-05  1.46394E-05  1.28216E-05  1.12813E-05  9.96481E-06
  8.83010E-06  7.84430E-06  6.98180E-06  6.22255E-06  5.55078E-06  4.95395E-06
  4.42202E-06  3.94679E-06  3.52150E-06  3.14050E-06  2.79896E-06  2.49274E-06
  2.21822E-06  1.97221E-06  1.75189E-06  1.55472E-06  1.37842E-06  1.22095E-06
  1.08045E-06  9.55215E-07  8.43727E-07  7.44588E-07  6.56534E-07  5.78416E-07
  5.09191E-07  4.47915E-07  3.93735E-07  3.45876E-07  3.03644E-07  2.66413E-07
  2.33618E-07  2.04756E-07  1.79375E-07  1.57071E-07  1.37485E-07  1.20295E-07

  jn =   4
  1.30341E-03  1.06902E-03  8.71434E-04  7.06316E-04  5.69703E-04  4.57862E-04
  3.67222E-04  2.94400E-04  2.36287E-04  1.90134E-04  1.53588E-04  1.24691E-04
  1.01845E-04  8.37662E-05  6.94328E-05  5.80350E-05  4.89347E-05  4.16304E-05
  3.57293E-05  3.09246E-05  2.69772E-05  2.37019E-05  2.09551E-05  1.86265E-05
  1.66312E-05  1.49038E-05  1.33945E-05  1.20647E-05  1.08846E-05  9.83104E-06
  8.88584E-06  8.03451E-06  7.26539E-06  6.56896E-06  5.93729E-06  5.36371E-06
  4.84254E-06  4.36881E-06  3.93820E-06  3.54685E-06  3.19132E-06  2.86853E-06
  2.57566E-06  2.31016E-06  2.06969E-06  1.85212E-06  1.65548E-06  1.47797E-06
  1.31792E-06  1.17381E-06  1.04423E-06  9.27858E-07  8.23508E-07  7.30069E-07
  6.46519E-07  5.71920E-07  5.05408E-07  4.46188E-07  3.93535E-07  3.46783E-07

  jn =   5
  3.00687E-03  2.38663E-03  1.87810E-03  1.46875E-03  1.14421E-03  8.89932E-04
  6.92427E-04  5.39949E-04  4.22680E-04  3.32657E-04  2.63553E-04  2.10432E-04
  1.69485E-04  1.37805E-04  1.13181E-04  9.39399E-05  7.88121E-05  6.68348E-05
  5.72757E-05  4.95772E-05  4.33141E-05  3.81621E-05  3.38741E-05  3.02618E-05
  2.71820E-05  2.45255E-05  2.22094E-05  2.01701E-05  1.83592E-05  1.67390E-05
  1.52806E-05  1.39610E-05  1.27621E-05  1.16692E-05  1.06705E-05  9.75606E-06
  8.91753E-06  8.14783E-06  7.44082E-06  6.79112E-06  6.19397E-06  5.64514E-06
  5.14079E-06  4.67748E-06  4.25205E-06  3.86162E-06  3.50354E-06  3.17536E-06
  2.87482E-06  2.59985E-06  2.34849E-06  2.11895E-06  1.90956E-06  1.71875E-06
  1.54508E-06  1.38720E-06  1.24387E-06  1.11390E-06  9.96216E-07  8.89808E-07

  jn =   6
  5.10796E-03  4.04742E-03  3.16942E-03  2.45613E-03  1.88876E-03  1.44672E-03
  1.10794E-03  8.51020E-04  6.57145E-04  5.10953E-04  4.00506E-04  3.16777E-04
  2.53035E-04  2.04275E-04  1.66779E-04  1.37773E-04  1.15186E-04  9.74643E-05
  8.34402E-05  7.22350E-05  6.31857E-05  5.57919E-05  4.96753E-05  4.45500E-05
  4.01997E-05  3.64607E-05  3.32088E-05  3.03496E-05  2.78112E-05  2.55383E-05
  2.34885E-05  2.16285E-05  1.99323E-05  1.83793E-05  1.69528E-05  1.56391E-05
  1.44271E-05  1.33072E-05  1.22713E-05  1.13124E-05  1.04243E-05  9.60155E-06
  8.83925E-06  8.13295E-06  7.47858E-06  6.87244E-06  6.31111E-06  5.79143E-06
  5.31048E-06  4.86557E-06  4.45419E-06  4.07400E-06  3.72283E-06  3.39868E-06
  3.09967E-06  2.82406E-06  2.57021E-06  2.33660E-06  2.12183E-06  1.92455E-06

  jn =   7
  6.78354E-03  5.50936E-03  4.39912E-03  3.45292E-03  2.67628E-03  2.05926E-03
  1.57928E-03  1.21084E-03  9.30687E-04  7.19064E-04  5.59766E-04  4.39878E-04
  3.49404E-04  2.80793E-04  2.28436E-04  1.88199E-04  1.57041E-04  1.32715E-04
  1.13554E-04  9.83146E-05  8.60648E-05  7.61034E-05  6.79017E-05  6.10608E-05
  5.52790E-05  5.03281E-05  4.60352E-05  4.22692E-05  3.89302E-05  3.59419E-05
  3.32457E-05  3.07963E-05  2.85583E-05  2.65038E-05  2.46107E-05  2.28609E-05
  2.12396E-05  1.97345E-05  1.83354E-05  1.70332E-05  1.58203E-05  1.46897E-05
  1.36355E-05  1.26523E-05  1.17350E-05  1.08793E-05  1.00811E-05  9.33660E-06
  8.64236E-06  7.99515E-06  7.39198E-06  6.83008E-06  6.30682E-06  5.81975E-06
  5.36659E-06  4.94516E-06  4.55344E-06  4.18951E-06  3.85158E-06  3.53795E-06

  jn =   8
  7.71964E-03  6.43639E-03  5.28878E-03  4.27679E-03  3.40343E-03  2.66541E-03
  2.06082E-03  1.58352E-03  1.21777E-03  9.41922E-04  7.34566E-04  5.78062E-04
  4.59173E-04  3.68327E-04  2.98590E-04  2.44854E-04  2.03279E-04  1.70952E-04
  1.45653E-04  1.25696E-04  1.09802E-04  9.70019E-05  8.65673E-05  7.79478E-05
  7.07289E-05  6.45980E-05  5.93191E-05  5.47138E-05  5.06469E-05  4.70154E-05
  4.37411E-05  4.07637E-05  3.80371E-05  3.55253E-05  3.32003E-05  3.10399E-05
  2.90265E-05  2.71457E-05  2.53859E-05  2.37373E-05  2.21916E-05  2.07415E-05
  1.93808E-05  1.81039E-05  1.69054E-05  1.57809E-05  1.47257E-05  1.37359E-05
  1.28077E-05  1.19372E-05  1.11212E-05  1.03564E-05  9.63970E-06  8.96827E-06
  8.33938E-06  7.75049E-06  7.19921E-06  6.68330E-06  6.20066E-06  5.74931E-06

  jn =   9
  8.11234E-03  6.88626E-03  5.80308E-03  4.83283E-03  3.94668E-03  3.15093E-03
  2.47694E-03  1.93684E-03  1.51515E-03  1.18676E-03  9.30134E-04  7.29851E-04
  5.74598E-04  4.55277E-04  3.64191E-04  2.94878E-04  2.42097E-04  2.01734E-04
  1.70654E-04  1.46500E-04  1.27526E-04  1.12437E-04  1.00280E-04  9.03463E-05
  8.21121E-05  7.51861E-05  6.92759E-05  6.41617E-05  5.96777E-05  5.56981E-05
  5.21269E-05  4.88908E-05  4.59330E-05  4.32095E-05  4.06861E-05  3.83356E-05
  3.61366E-05  3.40720E-05  3.21279E-05  3.02931E-05  2.85583E-05  2.69158E-05
  2.53592E-05  2.38831E-05  2.24828E-05  2.11542E-05  1.98938E-05  1.86983E-05
  1.75650E-05  1.64912E-05  1.54743E-05  1.45121E-05  1.36022E-05  1.27426E-05
  1.19310E-05  1.11653E-05  1.04435E-05  9.76346E-06  9.12325E-06  8.52086E-06

  jn =  10
  8.27465E-03  7.06908E-03  6.03574E-03  5.11728E-03  4.26614E-03  3.49236E-03
  2.82698E-03  2.27045E-03  1.80439E-03  1.41612E-03  1.10020E-03  8.50957E-04
  6.59488E-04  5.15018E-04  4.06994E-04  3.26369E-04  2.65981E-04  2.20424E-04
  1.85723E-04  1.58994E-04  1.38151E-04  1.21682E-04  1.08490E-04  9.77703E-05
  8.89320E-05  8.15375E-05  7.52610E-05  6.98584E-05  6.51459E-05  6.09843E-05
  5.72677E-05  5.39147E-05  5.08626E-05  4.80626E-05  4.54765E-05  4.30743E-05
  4.08318E-05  3.87297E-05  3.67523E-05  3.48867E-05  3.31220E-05  3.14493E-05
  2.98610E-05  2.83504E-05  2.69119E-05  2.55405E-05  2.42319E-05  2.29822E-05
  2.17882E-05  2.06467E-05  1.95552E-05  1.85112E-05  1.75126E-05  1.65576E-05
  1.56445E-05  1.47718E-05  1.39381E-05  1.31421E-05  1.23828E-05  1.16590E-05

  jn =  11
  8.57015E-03  7.28510E-03  6.21567E-03  5.29303E-03  4.46318E-03  3.72440E-03
  3.07970E-03  2.50618E-03  1.99831E-03  1.56103E-03  1.20346E-03  9.23669E-04
  7.11087E-04  5.52251E-04  4.34414E-04  3.47002E-04  2.81848E-04  2.32896E-04
  1.95747E-04  1.67233E-04  1.45075E-04  1.27630E-04  1.13705E-04  1.02431E-04
  9.31701E-05  8.54503E-05  7.89217E-05  7.33227E-05  6.84562E-05  6.41733E-05
  6.03608E-05  5.69316E-05  5.38188E-05  5.09704E-05  4.83457E-05  4.59125E-05
  4.36454E-05  4.15238E-05  3.95311E-05  3.76537E-05  3.58803E-05  3.42015E-05
  3.26093E-05  3.10969E-05  2.96583E-05  2.82882E-05  2.69822E-05  2.57360E-05
  2.45459E-05  2.34086E-05  2.23209E-05  2.12800E-05  2.02833E-05  1.93282E-05
  1.84127E-05  1.75345E-05  1.66918E-05  1.58828E-05  1.51058E-05  1.43593E-05

  jn =  12
  9.03185E-03  7.70033E-03  6.53953E-03  5.54702E-03  4.67041E-03  3.91702E-03
  3.25845E-03  2.66140E-03  2.12301E-03  1.66106E-03  1.28377E-03  9.84726E-04
  7.56011E-04  5.84070E-04  4.57013E-04  3.63103E-04  2.93489E-04  2.41506E-04
  2.02293E-04  1.72360E-04  1.49215E-04  1.31071E-04  1.16645E-04  1.05006E-04
  9.54759E-05  8.75559E-05  8.08775E-05  7.51660E-05  7.02152E-05  6.58697E-05
  6.20111E-05  5.85489E-05  5.54132E-05  5.25500E-05  4.99167E-05  4.74799E-05
  4.52129E-05  4.30943E-05  4.11068E-05  3.92360E-05  3.74704E-05  3.57999E-05
  3.42164E-05  3.27127E-05  3.12827E-05  2.99210E-05  2.86231E-05  2.73846E-05
  2.62021E-05  2.50720E-05  2.39915E-05  2.29576E-05  2.19680E-05  2.10203E-05
  2.01123E-05  1.92420E-05  1.84075E-05  1.76070E-05  1.68389E-05  1.61016E-05

  jn =  13
  9.66541E-03  8.49410E-03  7.22141E-03  6.10217E-03  5.16646E-03  4.25255E-03
  3.52271E-03  2.86749E-03  2.29488E-03  1.81449E-03  1.40920E-03  1.07488E-03
  8.14369E-04  6.20644E-04  4.78794E-04  3.76669E-04  3.01816E-04  2.46917E-04
  2.05913E-04  1.75042E-04  1.51298E-04  1.32754E-04  1.18050E-04  1.06213E-04
  9.65383E-05  8.85120E-05  8.17545E-05  7.59839E-05  7.09894E-05  6.66119E-05
  6.27306E-05  5.92531E-05  5.61083E-05  5.32408E-05  5.06073E-05  4.81738E-05
  4.59130E-05  4.38030E-05  4.18262E-05  3.99679E-05  3.82162E-05  3.65609E-05
  3.49935E-05  3.35067E-05  3.20941E-05  3.07504E-05  2.94705E-05  2.82502E-05
  2.70857E-05  2.59734E-05  2.49102E-05  2.38932E-05  2.29198E-05  2.19877E-05
  2.10944E-05  2.02381E-05  1.94167E-05  1.86286E-05  1.78720E-05  1.71455E-05

  jn =  14
  9.98282E-03  9.29165E-03  8.29855E-03  7.18358E-03  6.19027E-03  5.27307E-03
  4.19789E-03  3.43373E-03  2.74836E-03  2.20011E-03  1.66608E-03  1.23188E-03
  9.08126E-04  6.80029E-04  5.16272E-04  3.99467E-04  3.17113E-04  2.57307E-04
  2.13170E-04  1.79764E-04  1.54515E-04  1.34819E-04  1.19435E-04  1.07141E-04
  9.72645E-05  8.91108E-05  8.22660E-05  7.64326E-05  7.13916E-05  6.69792E-05
  6.30716E-05  5.95744E-05  5.64150E-05  5.35371E-05  5.08966E-05  4.84590E-05
  4.61964E-05  4.40868E-05  4.21121E-05  4.02576E-05  3.85110E-05  3.68621E-05
  3.53022E-05  3.38239E-05  3.24209E-05  3.10875E-05  2.98189E-05  2.86106E-05
  2.74587E-05  2.63596E-05  2.53103E-05  2.43077E-05  2.33491E-05  2.24321E-05
  2.15544E-05  2.07137E-05  1.99082E-05  1.91360E-05  1.83953E-05  1.76845E-05

  jn =  15
  9.44482E-03  9.22092E-03  9.14413E-03  9.05942E-03  8.45373E-03  7.03533E-03
  6.01016E-03  5.14356E-03  4.20445E-03  3.22920E-03  2.44419E-03  1.68162E-03
  1.21926E-03  8.61341E-04  6.31841E-04  4.77349E-04  3.70902E-04  2.93084E-04
  2.37496E-04  1.96884E-04  1.66622E-04  1.43232E-04  1.25484E-04  1.11557E-04
  1.00278E-04  9.12045E-05  8.36297E-05  7.73327E-05  7.19705E-05  6.74141E-05
  6.34175E-05  5.98604E-05  5.66584E-05  5.37492E-05  5.10853E-05  4.86297E-05
  4.63536E-05  4.42337E-05  4.22514E-05  4.03914E-05  3.86410E-05  3.69898E-05
  3.54290E-05  3.39508E-05  3.25488E-05  3.12174E-05  2.99514E-05  2.87464E-05
  2.75986E-05  2.65042E-05  2.54601E-05  2.44632E-05  2.35110E-05  2.26008E-05
  2.17304E-05  2.08975E-05  2.01003E-05  1.93368E-05  1.86053E-05  1.79041E-05

 H2 Dissociative Excitation n=7 / n=1 (jt,jn)
  jn =   1
  1.00000E-99  1.00000E-99  3.17940E-86  3.87126E-70  2.25807E-57  3.03907E-47
  3.29028E-39  7.72853E-33  8.66294E-28  8.66853E-24  1.27377E-20  4.08229E-18
  3.90805E-16  1.43524E-14  2.46906E-13  2.33728E-12  1.38985E-11  5.80127E-11
  1.86358E-10  4.94554E-10  1.13691E-09  2.32667E-09  4.30279E-09  7.26363E-09
  1.12943E-08  1.63202E-08  2.21048E-08  2.82859E-08  3.44369E-08  4.01338E-08
  4.50138E-08  4.88164E-08  5.14029E-08  5.27534E-08  5.29475E-08  5.21348E-08
  5.05036E-08  4.82530E-08  4.55722E-08  4.26275E-08  3.95563E-08  3.64660E-08
  3.34365E-08  3.05241E-08  2.77654E-08  2.51822E-08  2.27850E-08  2.05760E-08
  1.85517E-08  1.67049E-08  1.50260E-08  1.35041E-08  1.21276E-08  1.08849E-08
  9.76474E-09  8.75623E-09  7.84916E-09  7.03400E-09  6.30193E-09  5.64485E-09

  jn =   2
  1.00000E-99  1.00000E-99  9.50638E-86  1.14083E-69  6.55098E-57  8.67333E-47
  9.23489E-39  2.13369E-32  2.35402E-27  2.32086E-23  3.36466E-20  1.06560E-17
  1.00985E-15  3.67828E-14  6.28766E-13  5.92455E-12  3.51145E-11  1.46193E-10
  4.68444E-10  1.23980E-09  2.84324E-09  5.81091E-09  1.07507E-08  1.81914E-08
  2.84049E-08  4.12814E-08  5.63038E-08  7.26177E-08  8.91674E-08  1.04857E-07
  1.18701E-07  1.29944E-07  1.38124E-07  1.43086E-07  1.44941E-07  1.44009E-07
  1.40732E-07  1.35605E-07  1.29121E-07  1.21726E-07  1.13801E-07  1.05657E-07
  9.75324E-08  8.96026E-08  8.19912E-08  7.47791E-08  6.80140E-08  6.17189E-08
  5.58984E-08  5.05447E-08  4.56408E-08  4.11645E-08  3.70901E-08  3.33902E-08
  3.00371E-08  2.70034E-08  2.42624E-08  2.17889E-08  1.95591E-08  1.75508E-08

  jn =   3
  1.00000E-99  1.00000E-99  2.55347E-85  2.99312E-69  1.67967E-56  2.17601E-46
  2.27106E-38  5.15419E-32  5.59836E-27  5.44674E-23  7.81048E-20  2.45222E-17
  2.30882E-15  8.37171E-14  1.42717E-12  1.34298E-11  7.95477E-11  3.30828E-10
  1.05724E-09  2.78497E-09  6.34875E-09  1.29020E-08  2.37757E-08  4.01704E-08
  6.27882E-08  9.15545E-08  1.25528E-07  1.63004E-07  2.01766E-07  2.39411E-07
  2.73674E-07  3.02703E-07  3.25237E-07  3.40670E-07  3.49009E-07  3.50755E-07
  3.46744E-07  3.37991E-07  3.25552E-07  3.10432E-07  2.93518E-07  2.75561E-07
  2.57163E-07  2.38791E-07  2.20793E-07  2.03417E-07  1.86834E-07  1.71148E-07
  1.56420E-07  1.42672E-07  1.29902E-07  1.18089E-07  1.07198E-07  9.71878E-08
  8.80106E-08  7.96160E-08  7.19527E-08  6.49695E-08  5.86164E-08  5.28449E-08

  jn =   4
  1.00000E-99  1.00000E-99  5.74936E-85  6.63934E-69  3.67425E-56  4.70102E-46
  4.85436E-38  1.09219E-31  1.17846E-26  1.14121E-22  1.63187E-19  5.11766E-17
  4.82010E-15  1.75064E-13  2.99250E-12  2.82532E-11  1.67861E-10  6.99083E-10
  2.23000E-09  5.84025E-09  1.31949E-08  2.65453E-08  4.84712E-08  8.13328E-08
  1.26603E-07  1.84338E-07  2.52966E-07  3.29425E-07  4.09574E-07  4.88776E-07
  5.62508E-07  6.26913E-07  6.79183E-07  7.17745E-07  7.42225E-07  7.53269E-07
  7.52251E-07  7.40980E-07  7.21429E-07  6.95532E-07  6.65056E-07  6.31527E-07
  5.96208E-07  5.60110E-07  5.24015E-07  4.88509E-07  4.54018E-07  4.20841E-07
  3.89174E-07  3.59138E-07  3.30795E-07  3.04164E-07  2.79231E-07  2.55961E-07
  2.34302E-07  2.14192E-07  1.95561E-07  1.78334E-07  1.62437E-07  1.47791E-07

  jn =   5
  1.00000E-99  1.00000E-99  1.07873E-84  1.25526E-68  6.98667E-56  8.98111E-46
  9.31355E-38  2.10443E-31  2.28125E-26  2.22087E-22  3.19491E-19  1.00870E-16
  9.56982E-15  3.50242E-13  6.03387E-12  5.73997E-11  3.43219E-10  1.43472E-09
  4.57334E-09  1.19038E-08  2.66030E-08  5.28068E-08  9.51456E-08  1.57838E-07
  2.43587E-07  3.52679E-07  4.82560E-07  6.27995E-07  7.81705E-07  9.35327E-07
  1.08049E-06  1.20985E-06  1.31779E-06  1.40091E-06  1.45799E-06  1.48976E-06
  1.49837E-06  1.48689E-06  1.45879E-06  1.41760E-06  1.36658E-06  1.30860E-06
  1.24609E-06  1.18103E-06  1.11498E-06  1.04914E-06  9.84400E-07  9.21414E-07
  8.60635E-07  8.02365E-07  7.46790E-07  6.94007E-07  6.44048E-07  5.96898E-07
  5.52506E-07  5.10799E-07  4.71687E-07  4.35069E-07  4.00840E-07  3.68888E-07

  jn =   6
  1.00000E-99  1.00000E-99  1.73075E-84  2.08094E-68  1.18965E-55  1.56391E-45
  1.65394E-37  3.80457E-31  4.19361E-26  4.14691E-22  6.05321E-19  1.93711E-16
  1.86092E-14  6.89022E-13  1.19985E-11  1.15246E-10  6.94411E-10  2.91478E-09
  9.27967E-09  2.39702E-08  5.28611E-08  1.03197E-07  1.82784E-07  2.98629E-07
  4.55297E-07  6.53493E-07  8.89306E-07  1.15429E-06  1.43632E-06  1.72111E-06
  1.99393E-06  2.24138E-06  2.45286E-06  2.62137E-06  2.74378E-06  2.82040E-06
  2.85432E-06  2.85041E-06  2.81453E-06  2.75274E-06  2.67088E-06  2.57416E-06
  2.46711E-06  2.35347E-06  2.23628E-06  2.11793E-06  2.00025E-06  1.88462E-06
  1.77206E-06  1.66328E-06  1.55875E-06  1.45878E-06  1.36354E-06  1.27309E-06
  1.18740E-06  1.10640E-06  1.02998E-06  9.57984E-07  8.90258E-07  8.26623E-07

  jn =   7
  1.00000E-99  1.00000E-99  2.42022E-84  3.06865E-68  1.84317E-55  2.53060E-45
  2.77474E-37  6.57635E-31  7.43880E-26  7.53172E-22  1.12382E-18  3.66933E-16
  3.58794E-14  1.34851E-12  2.37713E-11  2.30491E-10  1.39758E-09  5.87885E-09
  1.86546E-08  4.77352E-08  1.03719E-07  1.98830E-07  3.45574E-07  5.54915E-07
  8.34083E-07  1.18451E-06  1.60053E-06  2.06914E-06  2.57108E-06  3.08289E-06
  3.57968E-06  4.03811E-06  4.43887E-06  4.76846E-06  5.01975E-06  5.19161E-06
  5.28782E-06  5.31561E-06  5.28417E-06  5.20344E-06  5.08320E-06  4.93244E-06
  4.75911E-06  4.56994E-06  4.37054E-06  4.16542E-06  3.95820E-06  3.75170E-06
  3.54810E-06  3.34903E-06  3.15571E-06  2.96902E-06  2.78957E-06  2.61774E-06
  2.45375E-06  2.29769E-06  2.14954E-06  2.00919E-06  1.87649E-06  1.75122E-06

  jn =   8
  1.00000E-99  1.00000E-99  3.00762E-84  4.08510E-68  2.61658E-55  3.78804E-45
  4.35069E-37  1.08034E-30  1.28161E-25  1.35610E-21  2.09664E-18  7.01630E-16
  6.95960E-14  2.63285E-12  4.64950E-11  4.50621E-10  2.72807E-09  1.14407E-08
  3.60952E-08  9.14820E-08  1.96105E-07  3.69883E-07  6.32078E-07  9.99259E-07
  1.48281E-06  2.08610E-06  2.80216E-06  3.61263E-06  4.48852E-06  5.39288E-06
  6.28486E-06  7.12453E-06  7.87726E-06  8.51709E-06  9.02829E-06  9.40522E-06
  9.65092E-06  9.77483E-06  9.79049E-06  9.71343E-06  9.55950E-06  9.34378E-06
  9.07995E-06  8.77997E-06  8.45401E-06  8.11055E-06  7.75655E-06  7.39766E-06
  7.03837E-06  6.68223E-06  6.33204E-06  5.98991E-06  5.65746E-06  5.33588E-06
  5.02601E-06  4.72842E-06  4.44345E-06  4.17127E-06  3.91191E-06  3.66528E-06

  jn =   9
  1.00000E-99  1.00000E-99  3.40389E-84  4.90352E-68  3.33974E-55  5.18751E-45
  6.49080E-37  1.76332E-30  2.25408E-25  2.50385E-21  3.96357E-18  1.33462E-15
  1.32027E-13  4.97019E-12  8.74967E-11  8.47955E-10  5.14420E-09  2.16132E-08
  6.81232E-08  1.71705E-07  3.64285E-07  6.77538E-07  1.13986E-06  1.77500E-06
  2.60005E-06  3.62200E-06  4.83353E-06  6.21020E-06  7.71017E-06  9.27718E-06
  1.08464E-05  1.23517E-05  1.37337E-05  1.49449E-05  1.59539E-05  1.67454E-05
  1.73187E-05  1.76843E-05  1.78606E-05  1.78700E-05  1.77365E-05  1.74837E-05
  1.71335E-05  1.67055E-05  1.62169E-05  1.56825E-05  1.51146E-05  1.45238E-05
  1.39187E-05  1.33066E-05  1.26934E-05  1.20840E-05  1.14826E-05  1.08923E-05
  1.03159E-05  9.75539E-06  9.21251E-06  8.68851E-06  8.18428E-06  7.70045E-06

  jn =  10
  1.00000E-99  1.00000E-99  3.60330E-84  5.40916E-68  3.94575E-55  6.83722E-45
  9.75683E-37  2.96740E-30  4.08039E-25  4.70655E-21  7.57369E-18  2.56762E-15
  2.54947E-13  9.62835E-12  1.69987E-10  1.64979E-09  9.99339E-09  4.17438E-08
  1.30182E-07  3.23224E-07  6.73357E-07  1.22797E-06  2.02638E-06  3.10137E-06
  4.47907E-06  6.17446E-06  8.18408E-06  1.04794E-05  1.30041E-05  1.56766E-05
  1.83975E-05  2.10607E-05  2.35656E-05  2.58279E-05  2.77857E-05  2.94027E-05
  3.06661E-05  3.15827E-05  3.21737E-05  3.24690E-05  3.25030E-05  3.23114E-05
  3.19285E-05  3.13862E-05  3.07134E-05  2.99355E-05  2.90747E-05  2.81501E-05
  2.71781E-05  2.61728E-05  2.51461E-05  2.41079E-05  2.30668E-05  2.20299E-05
  2.10030E-05  1.99912E-05  1.89986E-05  1.80284E-05  1.70834E-05  1.61659E-05

  jn =  11
  1.00000E-99  1.00000E-99  3.76219E-84  5.79856E-68  4.57014E-55  9.17764E-45
  1.55152E-36  5.37974E-30  8.04831E-25  9.73621E-21  1.60191E-17  5.44701E-15
  5.34283E-13  1.97062E-11  3.37134E-10  3.15581E-09  1.83986E-08  7.39715E-08
  2.22409E-07  5.33927E-07  1.07940E-06  1.91811E-06  3.09797E-06  4.66176E-06
  6.64930E-06  9.09146E-06  1.19990E-05  1.53512E-05  1.90900E-05  2.31196E-05
  2.73150E-05  3.15348E-05  3.56371E-05  3.94947E-05  4.30057E-05  4.60988E-05
  4.87336E-05  5.08967E-05  5.25956E-05  5.38528E-05  5.46992E-05  5.51705E-05
  5.53039E-05  5.51355E-05  5.47002E-05  5.40303E-05  5.31559E-05  5.21047E-05
  5.09025E-05  4.95730E-05  4.81380E-05  4.66178E-05  4.50309E-05  4.33945E-05
  4.17241E-05  4.00337E-05  3.83361E-05  3.66423E-05  3.49622E-05  3.33043E-05

  jn =  12
  1.00000E-99  1.00000E-99  4.04353E-84  6.40163E-68  5.65085E-55  1.41940E-44
  2.97005E-36  1.18187E-29  1.89474E-24  2.33381E-20  3.73797E-17  1.19105E-14
  1.07439E-12  3.62656E-11  5.71815E-10  4.98276E-09  2.73486E-08  1.04642E-07
  3.02310E-07  7.03042E-07  1.38615E-06  2.41573E-06  3.84425E-06  5.72208E-06
  8.10074E-06  1.10257E-05  1.45230E-05  1.85850E-05  2.31619E-05  2.81607E-05
  3.34515E-05  3.88820E-05  4.42944E-05  4.95422E-05  5.45032E-05  5.90865E-05
  6.32340E-05  6.69164E-05  7.01279E-05  7.28785E-05  7.51886E-05  7.70834E-05
  7.85898E-05  7.97336E-05  8.05391E-05  8.10278E-05  8.12194E-05  8.11313E-05
  8.07795E-05  8.01790E-05  7.93445E-05  7.82903E-05  7.70312E-05  7.55821E-05
  7.39589E-05  7.21779E-05  7.02561E-05  6.82110E-05  6.60606E-05  6.38228E-05

  jn =  13
  1.00000E-99  1.00000E-99  4.67147E-84  7.81729E-68  8.67973E-55  2.84934E-44
  7.17847E-36  3.09531E-29  5.00945E-24  5.83089E-20  8.28472E-17  2.27993E-14
  1.79039E-12  5.40410E-11  7.79461E-10  6.36812E-09  3.32668E-08  1.22840E-07
  3.45624E-07  7.89533E-07  1.53653E-06  2.65221E-06  4.19096E-06  6.20675E-06
  8.75677E-06  1.18938E-05  1.56516E-05  2.00302E-05  2.49861E-05  3.04301E-05
  3.62346E-05  4.22469E-05  4.83072E-05  5.42657E-05  5.99970E-05  6.54070E-05
  7.04350E-05  7.50506E-05  7.92470E-05  8.30346E-05  8.64338E-05  8.94702E-05
  9.21704E-05  9.45595E-05  9.66598E-05  9.84898E-05  1.00065E-04  1.01396E-04
  1.02492E-04  1.03359E-04  1.04002E-04  1.04421E-04  1.04618E-04  1.04594E-04
  1.04349E-04  1.03883E-04  1.03196E-04  1.02291E-04  1.01169E-04  9.98343E-05

  jn =  14
  1.00000E-99  1.00000E-99  5.79628E-84  1.09538E-67  1.64646E-54  7.37351E-44
  1.97368E-35  8.93064E-29  1.36998E-23  1.41471E-19  1.64541E-16  3.81116E-14
  2.63873E-12  7.32631E-11  9.92250E-10  7.69467E-09  3.88432E-08  1.39563E-07
  3.84430E-07  8.59836E-07  1.64719E-06  2.80347E-06  4.38533E-06  6.44468E-06
  9.05847E-06  1.22755E-05  1.61316E-05  2.06290E-05  2.57263E-05  3.13359E-05
  3.73312E-05  4.35602E-05  4.98630E-05  5.60902E-05  6.21162E-05  6.78475E-05
  7.32246E-05  7.82183E-05  8.28240E-05  8.70545E-05  9.09331E-05  9.44888E-05
  9.77514E-05  1.00750E-04  1.03510E-04  1.06053E-04  1.08399E-04  1.10562E-04
  1.12554E-04  1.14384E-04  1.16057E-04  1.17576E-04  1.18945E-04  1.20163E-04
  1.21229E-04  1.22140E-04  1.22894E-04  1.23486E-04  1.23911E-04  1.24164E-04

  jn =  15
  1.00000E-99  1.00000E-99  7.18298E-84  1.74594E-67  3.46072E-54  1.72797E-43
  5.52166E-35  2.71226E-28  4.06254E-23  3.52975E-19  3.76124E-16  7.39948E-14
  4.85207E-12  1.20693E-10  1.52898E-09  1.12967E-08  5.44484E-08  1.85483E-07
  4.88026E-07  1.05165E-06  1.94830E-06  3.21307E-06  4.90256E-06  7.06026E-06
  9.72100E-06  1.29632E-05  1.67970E-05  2.12609E-05  2.63121E-05  3.19379E-05
  3.79722E-05  4.42551E-05  5.06236E-05  5.69266E-05  6.30381E-05  6.88649E-05
  7.43478E-05  7.94586E-05  8.41939E-05  8.85677E-05  9.26051E-05  9.63365E-05
  9.97938E-05  1.03008E-04  1.06006E-04  1.08813E-04  1.11451E-04  1.13936E-04
  1.16283E-04  1.18504E-04  1.20607E-04  1.22600E-04  1.24488E-04  1.26274E-04
  1.27961E-04  1.29551E-04  1.31044E-04  1.32439E-04  1.33735E-04  1.34929E-04

 H2+ Dissociative Excitation n=7 / n=1 (jt,jn)
  jn =   1
  2.72990E-83  9.31669E-71  4.44452E-60  5.17666E-51  2.41618E-43  7.00986E-37
  1.86289E-31  6.38031E-27  3.80021E-23  5.11572E-20  1.95581E-17  2.58926E-15
  1.40895E-13  3.65215E-12  5.11695E-11  4.31547E-10  2.39988E-09  9.50187E-09
  2.85580E-08  6.87139E-08  1.38285E-07  2.41242E-07  3.75549E-07  5.33991E-07
  7.06511E-07  8.82668E-07  1.05333E-06  1.21145E-06  1.35212E-06  1.47227E-06
  1.57028E-06  1.64555E-06  1.69831E-06  1.72935E-06  1.73994E-06  1.73174E-06
  1.70670E-06  1.66700E-06  1.61496E-06  1.55291E-06  1.48315E-06  1.40785E-06
  1.32898E-06  1.24827E-06  1.16721E-06  1.08699E-06  1.00859E-06  9.32744E-07
  8.59989E-07  7.90707E-07  7.25148E-07  6.63460E-07  6.05712E-07  5.51911E-07
  5.02014E-07  4.55937E-07  4.13554E-07  3.74700E-07  3.39167E-07  3.06704E-07

  jn =   2
  8.51823E-83  2.85063E-70  1.33098E-59  1.51448E-50  6.89448E-43  1.94849E-36
  5.04050E-31  1.68019E-26  9.74429E-23  1.27857E-19  4.77195E-17  6.17963E-15
  3.29700E-13  8.40130E-12  1.16036E-10  9.67478E-10  5.33441E-09  2.09999E-08
  6.29249E-08  1.51330E-07  3.05108E-07  5.34364E-07  8.36678E-07  1.19847E-06
  1.59958E-06  2.01821E-06  2.43455E-06  2.83243E-06  3.19970E-06  3.52774E-06
  3.81075E-06  4.04511E-06  4.22892E-06  4.36172E-06  4.44427E-06  4.47854E-06
  4.46750E-06  4.41506E-06  4.32586E-06  4.20502E-06  4.05794E-06  3.89001E-06
  3.70642E-06  3.51198E-06  3.31100E-06  3.10722E-06  2.90379E-06  2.70329E-06
  2.50779E-06  2.31887E-06  2.13776E-06  1.96535E-06  1.80226E-06  1.64890E-06
  1.50548E-06  1.37206E-06  1.24851E-06  1.13458E-06  1.02983E-06  9.33652E-07

  jn =   3
  2.44462E-82  7.84921E-70  3.51287E-59  3.83147E-50  1.67361E-42  4.54693E-36
  1.13363E-30  3.65292E-26  2.05461E-22  2.62335E-19  9.55939E-17  1.21260E-14
  6.35716E-13  1.59659E-11  2.17970E-10  1.80132E-09  9.86966E-09  3.87030E-08
  1.15780E-07  2.78554E-07  5.62886E-07  9.89741E-07  1.55817E-06  2.24720E-06
  3.02339E-06  3.84934E-06  4.68999E-06  5.51572E-06  6.30310E-06  7.03426E-06
  7.69576E-06  8.27758E-06  8.77245E-06  9.17543E-06  9.48385E-06  9.69725E-06
  9.81740E-06  9.84820E-06  9.79549E-06  9.66668E-06  9.47039E-06  9.21591E-06
  8.91283E-06  8.57056E-06  8.19804E-06  7.80350E-06  7.39431E-06  6.97695E-06
  6.55706E-06  6.13942E-06  5.72813E-06  5.32663E-06  4.93783E-06  4.56413E-06
  4.20745E-06  3.86928E-06  3.55061E-06  3.25191E-06  2.97312E-06  2.71356E-06

  jn =   4
  5.59117E-82  1.72156E-69  7.39757E-59  7.76554E-50  3.27474E-42  8.61841E-36
  2.08864E-30  6.56419E-26  3.61260E-22  4.52692E-19  1.62346E-16  2.03190E-14
  1.05352E-12  2.62247E-11  3.55566E-10  2.92368E-09  1.59664E-08  6.25047E-08
  1.86941E-07  4.50267E-07  9.12019E-07  1.60918E-06  2.54466E-06  3.68953E-06
  4.99441E-06  6.40249E-06  7.85934E-06  9.31802E-06  1.07404E-05  1.20960E-05
  1.33611E-05  1.45162E-05  1.55458E-05  1.64378E-05  1.71829E-05  1.77757E-05
  1.82139E-05  1.84994E-05  1.86370E-05  1.86351E-05  1.85044E-05  1.82576E-05
  1.79083E-05  1.74707E-05  1.69587E-05  1.63856E-05  1.57636E-05  1.51040E-05
  1.44167E-05  1.37107E-05  1.29941E-05  1.22742E-05  1.15575E-05  1.08499E-05
  1.01569E-05  9.48309E-06  8.83237E-06  8.20767E-06  7.61073E-06  7.04191E-06

  jn =   5
  9.68146E-82  2.94431E-69  1.24663E-58  1.28807E-49  5.34676E-42  1.38622E-35
  3.31321E-30  1.02823E-25  5.59515E-22  6.94156E-19  2.46807E-16  3.06682E-14
  1.58087E-12  3.91746E-11  5.29414E-10  4.34398E-09  2.36979E-08  9.27652E-08
  2.77673E-07  6.69898E-07  1.36009E-06  2.40704E-06  3.82012E-06  5.56179E-06
  7.56359E-06  9.74488E-06  1.20272E-05  1.43419E-05  1.66322E-05  1.88520E-05
  2.09637E-05  2.29359E-05  2.47422E-05  2.63603E-05  2.77722E-05  2.89645E-05
  2.99292E-05  3.06637E-05  3.11709E-05  3.14587E-05  3.15395E-05  3.14289E-05
  3.11451E-05  3.07072E-05  3.01346E-05  2.94461E-05  2.86596E-05  2.77914E-05
  2.68563E-05  2.58681E-05  2.48388E-05  2.37801E-05  2.27024E-05  2.16158E-05
  2.05297E-05  1.94527E-05  1.83924E-05  1.73549E-05  1.63442E-05  1.53618E-05

  jn =   6
  1.33763E-81  4.13433E-69  1.77142E-58  1.84366E-49  7.67603E-42  1.98972E-35
  4.74591E-30  1.46875E-25  7.96947E-22  9.86087E-19  3.49748E-16  4.33636E-14
  2.23094E-12  5.51954E-11  7.45073E-10  6.10992E-09  3.33325E-08  1.30564E-07
  3.91306E-07  9.45762E-07  1.92465E-06  3.41559E-06  5.43783E-06  7.94461E-06
  1.08447E-05  1.40284E-05  1.73873E-05  2.08254E-05  2.42624E-05  2.76318E-05
  3.08782E-05  3.39543E-05  3.68188E-05  3.94359E-05  4.17753E-05  4.38131E-05
  4.55327E-05  4.69255E-05  4.79911E-05  4.87365E-05  4.91758E-05  4.93285E-05
  4.92178E-05  4.88693E-05  4.83093E-05  4.75635E-05  4.66566E-05  4.56111E-05
  4.44480E-05  4.31861E-05  4.18429E-05  4.04346E-05  3.89767E-05  3.74840E-05
  3.59708E-05  3.44506E-05  3.29355E-05  3.14354E-05  2.99571E-05  2.85025E-05

  jn =   7
  1.58321E-81  5.03958E-69  2.21803E-58  2.35968E-49  9.99821E-42  2.62818E-35
  6.33475E-30  1.97379E-25  1.07470E-21  1.33132E-18  4.72211E-16  5.85374E-14
  3.01210E-12  7.45738E-11  1.00786E-09  8.27788E-09  4.52438E-08  1.77592E-07
  5.33466E-07  1.29253E-06  2.63727E-06  4.69334E-06  7.49403E-06  1.09822E-05
  1.50387E-05  1.95171E-05  2.42711E-05  2.91697E-05  3.41021E-05  3.89756E-05
  4.37122E-05  4.82440E-05  5.25108E-05  5.64595E-05  6.00440E-05  6.32265E-05
  6.59791E-05  6.82849E-05  7.01381E-05  7.15438E-05  7.25173E-05  7.30815E-05
  7.32655E-05  7.31023E-05  7.26261E-05  7.18715E-05  7.08716E-05  6.96572E-05
  6.82571E-05  6.66976E-05  6.50031E-05  6.31968E-05  6.13008E-05  5.93368E-05
  5.73257E-05  5.52876E-05  5.32409E-05  5.12004E-05  4.91764E-05  4.71712E-05

  jn =   8
  1.70661E-81  5.57117E-69  2.52424E-58  2.77168E-49  1.21031E-41  3.25678E-35
  7.96943E-30  2.50701E-25  1.37561E-21  1.71760E-18  6.14224E-16  7.67172E-14
  3.97120E-12  9.87159E-11  1.33718E-09  1.09947E-08  6.01250E-08  2.36125E-07
  7.09887E-07  1.72224E-06  3.52047E-06  6.27949E-06  1.00537E-05  1.47778E-05
  2.03023E-05  2.64387E-05  3.29960E-05  3.98005E-05  4.67027E-05  5.35755E-05
  6.03090E-05  6.68058E-05  7.29776E-05  7.87445E-05  8.40355E-05  8.87911E-05
  9.29654E-05  9.65281E-05  9.94653E-05  1.01779E-04  1.03487E-04  1.04618E-04
  1.05211E-04  1.05310E-04  1.04962E-04  1.04216E-04  1.03117E-04  1.01707E-04
  1.00027E-04  9.81116E-05  9.59947E-05  9.37075E-05  9.12799E-05  8.87414E-05
  8.61210E-05  8.34468E-05  8.07444E-05  7.80356E-05  7.53347E-05  7.26451E-05

  jn =   9
  1.75348E-81  5.81481E-69  2.69552E-58  3.04544E-49  1.36730E-41  3.76681E-35
  9.42364E-30  3.03485E-25  1.70411E-21  2.16788E-18  7.84436E-16  9.84825E-14
  5.10069E-12  1.26592E-10  1.71179E-09  1.40650E-08  7.69765E-08  3.02972E-07
  9.13820E-07  2.22560E-06  4.56821E-06  8.18211E-06  1.31524E-05  1.94063E-05
  2.67577E-05  3.49657E-05  4.37832E-05  5.29835E-05  6.23704E-05  7.17760E-05
  8.10544E-05  9.00745E-05  9.87163E-05  1.06869E-04  1.14433E-04  1.21321E-04
  1.27465E-04  1.32812E-04  1.37335E-04  1.41026E-04  1.43897E-04  1.45978E-04
  1.47312E-04  1.47950E-04  1.47951E-04  1.47373E-04  1.46275E-04  1.44715E-04
  1.42744E-04  1.40413E-04  1.37768E-04  1.34856E-04  1.31721E-04  1.28407E-04
  1.24958E-04  1.21418E-04  1.17825E-04  1.14212E-04  1.10603E-04  1.07001E-04

  jn =  10
  1.77842E-81  5.91421E-69  2.77101E-58  3.18409E-49  1.46051E-41  4.13583E-35
  1.06947E-29  3.55357E-25  2.03843E-21  2.62003E-18  9.52153E-16  1.20026E-13
  6.25884E-12  1.56859E-10  2.14583E-09  1.78441E-08  9.87530E-08  3.92377E-07
  1.19236E-06  2.92023E-06  6.01810E-06  1.08101E-05  1.74142E-05  2.57395E-05
  3.55459E-05  4.65222E-05  5.83481E-05  7.07300E-05  8.34116E-05  9.61715E-05
  1.08814E-04  1.21161E-04  1.33045E-04  1.44312E-04  1.54819E-04  1.64443E-04
  1.73082E-04  1.80663E-04  1.87143E-04  1.92510E-04  1.96777E-04  1.99985E-04
  2.02191E-04  2.03466E-04  2.03889E-04  2.03538E-04  2.02492E-04  2.00823E-04
  1.98599E-04  1.95883E-04  1.92732E-04  1.89203E-04  1.85349E-04  1.81224E-04
  1.76885E-04  1.72385E-04  1.67775E-04  1.63101E-04  1.58392E-04  1.53655E-04

  jn =  11
  1.88830E-81  6.20417E-69  2.88569E-58  3.31269E-49  1.53150E-41  4.41469E-35
  1.16678E-29  3.93709E-25  2.28577E-21  2.98282E-18  1.11190E-15  1.45015E-13
  7.82924E-12  2.01843E-10  2.81307E-09  2.36060E-08  1.30828E-07  5.17878E-07
  1.56334E-06  3.79948E-06  7.77162E-06  1.38688E-05  2.22252E-05  3.27273E-05
  4.50917E-05  5.89593E-05  7.39666E-05  8.97832E-05  1.06121E-04  1.22729E-04
  1.39377E-04  1.55847E-04  1.71924E-04  1.87399E-04  2.02068E-04  2.15742E-04
  2.28254E-04  2.39470E-04  2.49291E-04  2.57660E-04  2.64558E-04  2.70002E-04
  2.74041E-04  2.76748E-04  2.78210E-04  2.78526E-04  2.77797E-04  2.76125E-04
  2.73607E-04  2.70340E-04  2.66413E-04  2.61916E-04  2.56936E-04  2.51561E-04
  2.45878E-04  2.39971E-04  2.33918E-04  2.27784E-04  2.21614E-04  2.15416E-04

  jn =  12
  2.07727E-81  6.87494E-69  3.17094E-58  3.60267E-49  1.65021E-41  4.75779E-35
  1.26155E-29  4.28802E-25  2.53914E-21  3.47265E-18  1.37995E-15  1.89326E-13
  1.04702E-11  2.69425E-10  3.69504E-09  3.02996E-08  1.63882E-07  6.34254E-07
  1.87796E-06  4.49254E-06  9.07561E-06  1.60432E-05  2.55321E-05  3.74169E-05
  5.13987E-05  6.71064E-05  8.41714E-05  1.02265E-04  1.21106E-04  1.40448E-04
  1.60069E-04  1.79749E-04  1.99269E-04  2.18404E-04  2.36926E-04  2.54616E-04
  2.71268E-04  2.86702E-04  3.00772E-04  3.13367E-04  3.24419E-04  3.33894E-04
  3.41793E-04  3.48145E-04  3.52995E-04  3.56406E-04  3.58445E-04  3.59187E-04
  3.58706E-04  3.57079E-04  3.54388E-04  3.50719E-04  3.46166E-04  3.40832E-04
  3.34829E-04  3.28271E-04  3.21276E-04  3.13948E-04  3.06366E-04  2.98568E-04

  jn =  13
  2.33791E-81  8.17834E-69  3.79905E-58  4.30329E-49  1.99645E-41  5.56386E-35
  1.46730E-29  5.00385E-25  3.10260E-21  4.61647E-18  1.94118E-15  2.65834E-13
  1.41165E-11  3.45729E-10  4.51369E-09  3.56140E-08  1.86590E-07  7.05466E-07
  2.05224E-06  4.85378E-06  9.72603E-06  1.70931E-05  2.70908E-05  3.95882E-05
  5.42814E-05  7.07975E-05  8.87706E-05  1.07879E-04  1.27851E-04  1.48452E-04
  1.69472E-04  1.90704E-04  2.11937E-04  2.32955E-04  2.53534E-04  2.73458E-04
  2.92518E-04  3.10532E-04  3.27346E-04  3.42842E-04  3.56938E-04  3.69592E-04
  3.80788E-04  3.90538E-04  3.98873E-04  4.05833E-04  4.11462E-04  4.15808E-04
  4.18916E-04  4.20831E-04  4.21598E-04  4.21268E-04  4.19900E-04  4.17562E-04
  4.14336E-04  4.10313E-04  4.05586E-04  4.00241E-04  3.94339E-04  3.87890E-04

  jn =  14
  2.45919E-81  9.44090E-69  4.78038E-58  5.66994E-49  2.72640E-41  8.14854E-35
  2.04205E-29  7.25128E-25  4.80310E-21  7.67857E-18  3.08827E-15  3.90272E-13
  1.92078E-11  4.44567E-10  5.53692E-09  4.18851E-08  2.13344E-07  7.88090E-07
  2.25079E-06  5.22365E-06  1.03188E-05  1.79030E-05  2.81118E-05  4.07897E-05
  5.57431E-05  7.25582E-05  9.08656E-05  1.10344E-04  1.30727E-04  1.51784E-04
  1.73312E-04  1.95110E-04  2.16975E-04  2.38695E-04  2.60053E-04  2.80838E-04
  3.00846E-04  3.19897E-04  3.37843E-04  3.54568E-04  3.69995E-04  3.84084E-04
  3.96823E-04  4.08230E-04  4.18336E-04  4.27184E-04  4.34823E-04  4.41299E-04
  4.46658E-04  4.50943E-04  4.54197E-04  4.56463E-04  4.57795E-04  4.58254E-04
  4.57912E-04  4.56851E-04  4.55153E-04  4.52894E-04  4.50115E-04  4.46801E-04

  jn =  15
  2.22003E-81  9.22043E-69  5.46205E-58  7.92040E-49  4.34174E-41  1.26533E-34
  3.59777E-29  1.42727E-24  1.05440E-20  1.62462E-17  6.48795E-15  7.25439E-13
  3.44428E-11  7.22255E-10  8.46508E-09  6.12079E-08  2.98009E-07  1.04505E-06
  2.85297E-06  6.38060E-06  1.21916E-05  2.05007E-05  3.13969E-05  4.46370E-05
  5.97561E-05  7.65263E-05  9.44848E-05  1.13547E-04  1.33470E-04  1.54402E-04
  1.75918E-04  1.97774E-04  2.19745E-04  2.41613E-04  2.63158E-04  2.84164E-04
  3.04432E-04  3.23781E-04  3.42064E-04  3.59167E-04  3.75017E-04  3.89575E-04
  4.02833E-04  4.14810E-04  4.25542E-04  4.35076E-04  4.43463E-04  4.50755E-04
  4.57000E-04  4.62246E-04  4.66538E-04  4.69925E-04  4.72464E-04  4.74219E-04
  4.75268E-04  4.75698E-04  4.75598E-04  4.75048E-04  4.74094E-04  4.72720E-04

 H2+ Dissociative Recombination n=7 / n=1 (jt,jn)
  jn =   1
  4.18352E-05  3.59314E-05  3.08481E-05  2.64681E-05  2.26933E-05  1.94416E-05
  1.66429E-05  1.42376E-05  1.21740E-05  1.04071E-05  8.89764E-06  7.61110E-06
  6.51694E-06  5.58818E-06  4.80094E-06  4.13417E-06  3.56936E-06  3.09040E-06
  2.68336E-06  2.33638E-06  2.03945E-06  1.78425E-06  1.56392E-06  1.37284E-06
  1.20646E-06  1.06106E-06  9.33615E-07  8.21653E-07  7.23118E-07  6.36296E-07
  5.59738E-07  4.92205E-07  4.32630E-07  3.80084E-07  3.33754E-07  2.92923E-07
  2.56960E-07  2.25303E-07  1.97453E-07  1.72970E-07  1.51460E-07  1.32573E-07
  1.15999E-07  1.01463E-07  8.87219E-08  7.75586E-08  6.77822E-08  5.92241E-08
  5.17351E-08  4.51839E-08  3.94549E-08  3.44463E-08  3.00686E-08  2.62432E-08
  2.29011E-08  1.99819E-08  1.74325E-08  1.52064E-08  1.32629E-08  1.15664E-08

  jn =   2
  1.31138E-04  1.10698E-04  9.32868E-05  7.84674E-05  6.58805E-05  5.52233E-05
  4.62341E-05  3.86819E-05  3.23616E-05  2.70914E-05  2.27104E-05  1.90781E-05
  1.60725E-05  1.35887E-05  1.15369E-05  9.84108E-06  8.43720E-06  7.27161E-06
  6.29982E-06  5.48522E-06  4.79799E-06  4.21408E-06  3.71421E-06  3.28310E-06
  2.90867E-06  2.58137E-06  2.29368E-06  2.03963E-06  1.81445E-06  1.61429E-06
  1.43597E-06  1.27690E-06  1.13487E-06  1.00800E-06  8.94651E-07  7.93420E-07
  7.03050E-07  6.22429E-07  5.50562E-07  4.86556E-07  4.29609E-07  3.78994E-07
  3.34057E-07  2.94203E-07  2.58897E-07  2.27654E-07  2.00037E-07  1.75650E-07
  1.54137E-07  1.35179E-07  1.18486E-07  1.03802E-07  9.08950E-08  7.95586E-08
  6.96087E-08  6.08814E-08  5.32309E-08  4.65280E-08  4.06581E-08  3.55200E-08

  jn =   3
  3.80490E-04  3.09848E-04  2.51900E-04  2.04536E-04  1.65967E-04  1.34671E-04
  1.09357E-04  8.89309E-05  7.24810E-05  5.92510E-05  4.86194E-05  4.00784E-05
  3.32153E-05  2.76954E-05  2.32487E-05  1.96572E-05  1.67461E-05  1.43752E-05
  1.24324E-05  1.08288E-05  9.49406E-06  8.37267E-06  7.42135E-06  6.60633E-06
  5.90143E-06  5.28638E-06  4.74546E-06  4.26646E-06  3.83984E-06  3.45807E-06
  3.11516E-06  2.80627E-06  2.52743E-06  2.27535E-06  2.04725E-06  1.84073E-06
  1.65373E-06  1.48442E-06  1.33119E-06  1.19259E-06  1.06731E-06  9.54161E-07
  8.52075E-07  7.60063E-07  6.77223E-07  6.02730E-07  5.35823E-07  4.75807E-07
  4.22041E-07  3.73939E-07  3.30963E-07  2.92616E-07  2.58448E-07  2.28044E-07
  2.01026E-07  1.77047E-07  1.55794E-07  1.36981E-07  1.20347E-07  1.05657E-07

  jn =   4
  8.89435E-04  7.01112E-04  5.52443E-04  4.35386E-04  3.43409E-04  2.71280E-04
  2.14819E-04  1.70678E-04  1.36185E-04  1.09220E-04  8.81183E-05  7.15744E-05
  5.85740E-05  4.83289E-05  4.02273E-05  3.37937E-05  2.86587E-05  2.45349E-05
  2.11989E-05  1.84771E-05  1.62349E-05  1.43681E-05  1.27966E-05  1.14585E-05
  1.03064E-05  9.30393E-06  8.42327E-06  7.64296E-06  6.94643E-06  6.32082E-06
  5.75602E-06  5.24404E-06  4.77844E-06  4.35397E-06  3.96629E-06  3.61176E-06
  3.28725E-06  2.99008E-06  2.71787E-06  2.46854E-06  2.24020E-06  2.03116E-06
  1.83989E-06  1.66498E-06  1.50514E-06  1.35920E-06  1.22605E-06  1.10470E-06
  9.94208E-07  8.93711E-07  8.02410E-07  7.19561E-07  6.44474E-07  5.76508E-07
  5.15068E-07  4.59604E-07  4.09602E-07  3.64589E-07  3.24125E-07  2.87803E-07

  jn =   5
  1.58753E-03  1.24804E-03  9.76704E-04  7.61862E-04  5.93381E-04  4.62300E-04
  3.60887E-04  2.82698E-04  2.22519E-04  1.76212E-04  1.40545E-04  1.13014E-04
  9.16971E-05  7.51264E-05  6.21852E-05  5.20242E-05  4.39970E-05  3.76105E-05
  3.24881E-05  2.83416E-05  2.49504E-05  2.21454E-05  1.97977E-05  1.78085E-05
  1.61025E-05  1.46224E-05  1.33244E-05  1.21748E-05  1.11482E-05  1.02244E-05
  9.38827E-06  8.62752E-06  7.93256E-06  7.29565E-06  6.71046E-06  6.17175E-06
  5.67510E-06  5.21676E-06  4.79345E-06  4.40233E-06  4.04085E-06  3.70676E-06
  3.39799E-06  3.11270E-06  2.84918E-06  2.60587E-06  2.38133E-06  2.17422E-06
  1.98332E-06  1.80746E-06  1.64559E-06  1.49669E-06  1.35985E-06  1.23420E-06
  1.11892E-06  1.01326E-06  9.16510E-07  8.28014E-07  7.47157E-07  6.73363E-07

  jn =   6
  2.25433E-03  1.81541E-03  1.44609E-03  1.13979E-03  8.90939E-04  6.93092E-04
  5.38608E-04  4.19442E-04  3.28115E-04  2.58270E-04  2.04817E-04  1.63813E-04
  1.32256E-04  1.07877E-04  8.89586E-05  7.42009E-05  6.26189E-05  5.34647E-05
  4.61696E-05  4.03009E-05  3.55295E-05  3.16048E-05  2.83365E-05  2.55797E-05
  2.32244E-05  2.11871E-05  1.94040E-05  1.78268E-05  1.64183E-05  1.51501E-05
  1.40000E-05  1.29511E-05  1.19897E-05  1.11052E-05  1.02890E-05  9.53381E-06
  8.83397E-06  8.18448E-06  7.58114E-06  7.02027E-06  6.49866E-06  6.01343E-06
  5.56198E-06  5.14197E-06  4.75124E-06  4.38780E-06  4.04983E-06  3.73561E-06
  3.44358E-06  3.17224E-06  2.92024E-06  2.68629E-06  2.46920E-06  2.26786E-06
  2.08121E-06  1.90829E-06  1.74819E-06  1.60005E-06  1.46309E-06  1.33654E-06

  jn =   7
  2.71783E-03  2.26773E-03  1.86298E-03  1.50320E-03  1.19517E-03  9.41130E-04
  7.37076E-04  5.76045E-04  4.50592E-04  3.53778E-04  2.79512E-04  2.22679E-04
  1.79152E-04  1.45709E-04  1.19887E-04  9.98334E-05  8.41549E-05  7.18059E-05
  6.19988E-05  5.41378E-05  4.77713E-05  4.25562E-05  3.82315E-05  3.45990E-05
  3.15076E-05  2.88428E-05  2.65171E-05  2.44640E-05  2.26329E-05  2.09847E-05
  1.94895E-05  1.81242E-05  1.68706E-05  1.57144E-05  1.46443E-05  1.36509E-05
  1.27267E-05  1.18654E-05  1.10617E-05  1.03109E-05  9.60906E-06  8.95262E-06
  8.33844E-06  7.76368E-06  7.22577E-06  6.72236E-06  6.25127E-06  5.81051E-06
  5.39822E-06  5.01268E-06  4.65226E-06  4.31545E-06  4.00082E-06  3.70703E-06
  3.43281E-06  3.17697E-06  2.93837E-06  2.71595E-06  2.50870E-06  2.31567E-06

  jn =   8
  2.95811E-03  2.54085E-03  2.15502E-03  1.79728E-03  1.47237E-03  1.18467E-03
  9.39014E-04  7.37999E-04  5.79191E-04  4.56267E-04  3.61777E-04  2.89053E-04
  2.32842E-04  1.89222E-04  1.55273E-04  1.28790E-04  1.08073E-04  9.18034E-05
  7.89554E-05  6.87349E-05  6.05306E-05  5.38744E-05  4.84090E-05  4.38629E-05
  4.00296E-05  3.67527E-05  3.39132E-05  3.14207E-05  2.92065E-05  2.72183E-05
  2.54158E-05  2.37684E-05  2.22523E-05  2.08491E-05  1.95445E-05  1.83271E-05
  1.71880E-05  1.61198E-05  1.51166E-05  1.41735E-05  1.32862E-05  1.24511E-05
  1.16651E-05  1.09252E-05  1.02288E-05  9.57345E-06  8.95688E-06  8.37695E-06
  7.83163E-06  7.31899E-06  6.83720E-06  6.38452E-06  5.95930E-06  5.55998E-06
  5.18506E-06  4.83317E-06  4.50297E-06  4.19322E-06  3.90276E-06  3.63048E-06

  jn =   9
  3.05213E-03  2.66852E-03  2.32025E-03  1.99336E-03  1.67808E-03  1.37906E-03
  1.11329E-03  8.91619E-04  7.12655E-04  5.69180E-04  4.54117E-04  3.62207E-04
  2.89486E-04  2.32585E-04  1.88466E-04  1.54436E-04  1.28214E-04  1.07951E-04
  9.22020E-05  7.98592E-05  7.00870E-05  6.22594E-05  5.59085E-05  5.06849E-05
  4.63270E-05  4.26388E-05  3.94725E-05  3.67168E-05  3.42871E-05  3.21190E-05
  3.01634E-05  2.83823E-05  2.67466E-05  2.52337E-05  2.38256E-05  2.25086E-05
  2.12715E-05  2.01054E-05  1.90034E-05  1.79597E-05  1.69695E-05  1.60289E-05
  1.51348E-05  1.42843E-05  1.34752E-05  1.27054E-05  1.19732E-05  1.12770E-05
  1.06153E-05  9.98680E-06  9.39032E-06  8.82461E-06  8.28854E-06  7.78096E-06
  7.30075E-06  6.84681E-06  6.41802E-06  6.01328E-06  5.63150E-06  5.27158E-06

  jn =  10
  3.09898E-03  2.72050E-03  2.39350E-03  2.09235E-03  1.79811E-03  1.51523E-03
  1.25971E-03  1.03670E-03  8.42589E-04  6.75091E-04  5.34533E-04  4.20674E-04
  3.31232E-04  2.62453E-04  2.10190E-04  1.70639E-04  1.40658E-04  1.17801E-04
  1.00228E-04  8.65761E-05  7.58478E-05  6.73098E-05  6.04237E-05  5.47919E-05
  5.01197E-05  4.61874E-05  4.28304E-05  3.99247E-05  3.73766E-05  3.51149E-05
  3.30849E-05  3.12447E-05  2.95621E-05  2.80116E-05  2.65735E-05  2.52322E-05
  2.39751E-05  2.27924E-05  2.16758E-05  2.06186E-05  1.96154E-05  1.86614E-05
  1.77527E-05  1.68859E-05  1.60581E-05  1.52668E-05  1.45098E-05  1.37850E-05
  1.30908E-05  1.24256E-05  1.17880E-05  1.11769E-05  1.05911E-05  1.00297E-05
  9.49192E-06  8.97691E-06  8.48400E-06  8.01257E-06  7.56203E-06  7.13184E-06

  jn =  11
  3.27776E-03  2.84603E-03  2.48934E-03  2.17646E-03  1.88525E-03  1.61499E-03
  1.36912E-03  1.14019E-03  9.30077E-04  7.42240E-04  5.83552E-04  4.55951E-04
  3.56762E-04  2.81206E-04  2.24226E-04  1.81357E-04  1.49011E-04  1.24446E-04
  1.05626E-04  9.10555E-05  7.96443E-05  7.05948E-05  6.33225E-05  5.73970E-05
  5.24997E-05  4.83938E-05  4.49021E-05  4.18915E-05  3.92613E-05  3.69351E-05
  3.48545E-05  3.29745E-05  3.12604E-05  2.96853E-05  2.82279E-05  2.68715E-05
  2.56029E-05  2.44113E-05  2.32882E-05  2.22265E-05  2.12204E-05  2.02650E-05
  1.93561E-05  1.84903E-05  1.76644E-05  1.68758E-05  1.61221E-05  1.54011E-05
  1.47110E-05  1.40499E-05  1.34163E-05  1.28086E-05  1.22255E-05  1.16657E-05
  1.11280E-05  1.06113E-05  1.01145E-05  9.63679E-06  9.17718E-06  8.73492E-06

  jn =  12
  3.58317E-03  3.13087E-03  2.71779E-03  2.35596E-03  2.02463E-03  1.73517E-03
  1.47412E-03  1.22869E-03  9.99481E-04  7.96650E-04  6.26472E-04  4.88005E-04
  3.80227E-04  2.97796E-04  2.36144E-04  1.89961E-04  1.55315E-04  1.29167E-04
  1.09256E-04  9.39267E-05  8.19815E-05  7.25508E-05  6.50024E-05  5.88742E-05
  5.38265E-05  4.96081E-05  4.60318E-05  4.29575E-05  4.02796E-05  3.79179E-05
  3.58113E-05  3.39128E-05  3.21862E-05  3.06031E-05  2.91415E-05  2.77837E-05
  2.65160E-05  2.53271E-05  2.42080E-05  2.31511E-05  2.21504E-05  2.12009E-05
  2.02980E-05  1.94383E-05  1.86184E-05  1.78357E-05  1.70877E-05  1.63723E-05
  1.56875E-05  1.50316E-05  1.44031E-05  1.38005E-05  1.32224E-05  1.26678E-05
  1.21354E-05  1.16241E-05  1.11330E-05  1.06611E-05  1.02075E-05  9.77144E-06

  jn =  13
  4.01019E-03  3.69063E-03  3.22336E-03  2.78922E-03  2.43013E-03  2.01710E-03
  1.70137E-03  1.40136E-03  1.13392E-03  9.06829E-04  7.12087E-04  5.48939E-04
  4.20157E-04  3.23352E-04  2.51572E-04  1.99627E-04  1.61222E-04  1.32933E-04
  1.11700E-04  9.57120E-05  8.33570E-05  7.36544E-05  6.59176E-05  5.96546E-05
  5.45083E-05  5.02165E-05  4.65851E-05  4.34691E-05  4.07598E-05  3.83747E-05
  3.62510E-05  3.43405E-05  3.26058E-05  3.10182E-05  2.95548E-05  2.81976E-05
  2.69325E-05  2.57478E-05  2.46343E-05  2.35843E-05  2.25916E-05  2.16507E-05
  2.07573E-05  1.99076E-05  1.90981E-05  1.83261E-05  1.75890E-05  1.68845E-05
  1.62107E-05  1.55657E-05  1.49478E-05  1.43556E-05  1.37876E-05  1.32426E-05
  1.27194E-05  1.22169E-05  1.17340E-05  1.12699E-05  1.08236E-05  1.03944E-05

  jn =  14
  4.22791E-03  4.25917E-03  4.03122E-03  3.64929E-03  3.29627E-03  2.93264E-03
  2.34099E-03  1.94976E-03  1.56276E-03  1.25904E-03  9.48151E-04  7.00102E-04
  5.15429E-04  3.85239E-04  2.91438E-04  2.24734E-04  1.78045E-04  1.44344E-04
  1.19611E-04  1.00914E-04  8.68424E-05  7.58868E-05  6.73640E-05  6.05797E-05
  5.51924E-05  5.07543E-05  4.70256E-05  4.38412E-05  4.10819E-05  3.86594E-05
  3.65073E-05  3.45750E-05  3.28239E-05  3.12237E-05  2.97510E-05  2.83872E-05
  2.71176E-05  2.59303E-05  2.48157E-05  2.37660E-05  2.27746E-05  2.18362E-05
  2.09461E-05  2.01005E-05  1.92960E-05  1.85295E-05  1.77986E-05  1.71009E-05
  1.64343E-05  1.57969E-05  1.51871E-05  1.46034E-05  1.40441E-05  1.35082E-05
  1.29942E-05  1.25011E-05  1.20278E-05  1.15733E-05  1.11367E-05  1.07170E-05

  jn =  15
  3.87427E-03  4.22335E-03  4.68123E-03  5.15813E-03  5.24559E-03  4.55241E-03
  4.09855E-03  3.68436E-03  3.09408E-03  2.36444E-03  1.81938E-03  1.22673E-03
  8.88534E-04  6.09792E-04  4.37564E-04  3.24000E-04  2.45943E-04  1.89692E-04
  1.50466E-04  1.22434E-04  1.01983E-04  8.64297E-05  7.48537E-05  6.59699E-05
  5.88983E-05  5.32934E-05  4.86901E-05  4.49198E-05  4.17611E-05  3.91470E-05
  3.68793E-05  3.48708E-05  3.30662E-05  3.14271E-05  2.99253E-05  2.85393E-05
  2.72525E-05  2.60519E-05  2.49270E-05  2.38693E-05  2.28719E-05  2.19290E-05
  2.10357E-05  2.01880E-05  1.93822E-05  1.86154E-05  1.78848E-05  1.71880E-05
  1.65229E-05  1.58875E-05  1.52802E-05  1.46994E-05  1.41435E-05  1.36112E-05
  1.31013E-05  1.26127E-05  1.21441E-05  1.16947E-05  1.12634E-05  1.08494E-05

 H2 Dissociative Excitation n=8 / n=1 (jt,jn)
  jn =   1
  1.00000E-99  1.00000E-99  2.47948E-86  2.98243E-70  1.71764E-57  2.28212E-47
  2.43956E-39  5.66077E-33  6.27326E-28  6.21271E-24  9.04649E-21  2.87709E-18
  2.73730E-16  1.00061E-14  1.71602E-13  1.62183E-12  9.64323E-12  4.03090E-11
  1.29873E-10  3.46168E-10  8.00160E-10  1.64762E-09  3.06685E-09  5.21163E-09
  8.15763E-09  1.18661E-08  1.61780E-08  2.08370E-08  2.55320E-08  2.99450E-08
  3.37958E-08  3.68747E-08  3.90597E-08  4.03177E-08  4.06922E-08  4.02833E-08
  3.92243E-08  3.76610E-08  3.57350E-08  3.35739E-08  3.12847E-08  2.89532E-08
  2.66446E-08  2.44061E-08  2.22698E-08  2.02560E-08  1.83761E-08  1.66344E-08
  1.50306E-08  1.35610E-08  1.22196E-08  1.09993E-08  9.89205E-09  8.88949E-09
  7.98339E-09  7.16567E-09  6.42866E-09  5.76508E-09  5.16815E-09  4.63158E-09

  jn =   2
  1.00000E-99  1.00000E-99  6.71954E-86  7.90962E-70  4.46174E-57  5.81408E-47
  6.10594E-39  1.39454E-32  1.52413E-27  1.49162E-23  2.15067E-20  6.78597E-18
  6.41740E-16  2.33592E-14  3.99562E-13  3.77179E-12  2.24211E-11  9.37213E-11
  3.01832E-10  8.03618E-10  1.85516E-09  3.81790E-09  7.11313E-09  1.21201E-08
  1.90544E-08  2.78787E-08  3.82767E-08  4.96925E-08  6.14168E-08  7.26940E-08
  8.28268E-08  9.12608E-08  9.76351E-08  1.01797E-07  1.03783E-07  1.03779E-07
  1.02066E-07  9.89731E-08  9.48335E-08  8.99580E-08  8.46172E-08  7.90347E-08
  7.33873E-08  6.78088E-08  6.23962E-08  5.72166E-08  5.23130E-08  4.77102E-08
  4.34192E-08  3.94411E-08  3.57699E-08  3.23946E-08  2.93013E-08  2.64741E-08
  2.38959E-08  2.15497E-08  1.94182E-08  1.74849E-08  1.57336E-08  1.41492E-08

  jn =   3
  1.00000E-99  1.00000E-99  1.55523E-85  1.80189E-69  1.00211E-56  1.28980E-46
  1.34035E-38  3.03464E-32  3.29352E-27  3.20607E-23  4.60515E-20  1.44968E-17
  1.36963E-15  4.98690E-14  8.54186E-13  8.08033E-12  4.81355E-11  2.01424E-10
  6.47944E-10  1.71865E-09  3.94576E-09  8.07530E-09  1.49831E-08  2.54810E-08
  4.00775E-08  5.87899E-08  8.10715E-08  1.05866E-07  1.31761E-07  1.57190E-07
  1.80647E-07  2.00872E-07  2.16972E-07  2.28476E-07  2.35319E-07  2.37766E-07
  2.36319E-07  2.31609E-07  2.24313E-07  2.15081E-07  2.04501E-07  1.93075E-07
  1.81209E-07  1.69228E-07  1.57376E-07  1.45832E-07  1.34721E-07  1.24130E-07
  1.14108E-07  1.04683E-07  9.58629E-08  8.76435E-08  8.00105E-08  7.29432E-08
  6.64165E-08  6.04028E-08  5.48730E-08  4.97976E-08  4.51471E-08  4.08926E-08

  jn =   4
  1.00000E-99  1.00000E-99  3.06789E-85  3.56071E-69  1.98185E-56  2.55177E-46
  2.65293E-38  6.01136E-32  6.53368E-27  6.37427E-23  9.18335E-20  2.90176E-17
  2.75377E-15  1.00776E-13  1.73568E-12  1.65108E-11  9.88311E-11  4.14660E-10
  1.33249E-09  3.51512E-09  7.99802E-09  1.61995E-08  2.97696E-08  5.02519E-08
  7.86605E-08  1.15134E-07  1.58780E-07  2.07744E-07  2.59451E-07  3.10969E-07
  3.59392E-07  4.02200E-07  4.37512E-07  4.64221E-07  4.81984E-07  4.91119E-07
  4.92428E-07  4.87010E-07  4.76090E-07  4.60885E-07  4.42520E-07  4.21977E-07
  4.00076E-07  3.77479E-07  3.54706E-07  3.32150E-07  3.10103E-07  2.88772E-07
  2.68301E-07  2.48781E-07  2.30265E-07  2.12777E-07  1.96320E-07  1.80880E-07
  1.66433E-07  1.52947E-07  1.40385E-07  1.28705E-07  1.17864E-07  1.07818E-07

  jn =   5
  1.00000E-99  1.00000E-99  5.27849E-85  6.26011E-69  3.54535E-56  4.63077E-46
  4.87354E-38  1.11636E-31  1.22568E-26  1.20756E-22  1.75679E-19  5.60577E-17
  5.37230E-15  1.98522E-13  3.45175E-12  3.31274E-11  1.99766E-10  8.41839E-10
  2.70420E-09  7.09024E-09  1.59547E-08  3.18733E-08  5.77699E-08  9.63606E-08
  1.49463E-07  2.17410E-07  2.98765E-07  3.90381E-07  4.87782E-07  5.85750E-07
  6.78997E-07  7.62809E-07  8.33544E-07  8.88903E-07  9.27975E-07  9.51073E-07
  9.59444E-07  9.54935E-07  9.39684E-07  9.15872E-07  8.85546E-07  8.50525E-07
  8.12355E-07  7.72301E-07  7.31372E-07  6.90348E-07  6.49819E-07  6.10218E-07
  5.71854E-07  5.34936E-07  4.99601E-07  4.65924E-07  4.33941E-07  4.03654E-07
  3.75043E-07  3.48071E-07  3.22690E-07  2.98844E-07  2.76474E-07  2.55516E-07

  jn =   6
  1.00000E-99  1.00000E-99  8.05426E-85  9.95633E-69  5.83471E-56  7.84176E-46
  8.45887E-38  1.98075E-31  2.21878E-26  2.22656E-22  3.29425E-19  1.06743E-16
  1.03740E-14  3.88294E-13  6.83085E-12  6.62412E-11  4.02744E-10  1.70484E-09
  5.47049E-09  1.42341E-08  3.16014E-08  6.20732E-08  1.10563E-07  1.81561E-07
  2.78108E-07  4.00880E-07  5.47681E-07  7.13451E-07  8.90771E-07  1.07076E-06
  1.24418E-06  1.40253E-06  1.53900E-06  1.64899E-06  1.73031E-06  1.78296E-06
  1.80868E-06  1.81041E-06  1.79170E-06  1.75633E-06  1.70792E-06  1.64974E-06
  1.58464E-06  1.51500E-06  1.44277E-06  1.36946E-06  1.29628E-06  1.22413E-06
  1.15366E-06  1.08536E-06  1.01956E-06  9.56476E-07  8.96224E-07  8.38866E-07
  7.84405E-07  7.32811E-07  6.84023E-07  6.37961E-07  5.94532E-07  5.53633E-07

  jn =   7
  1.00000E-99  1.00000E-99  1.09559E-84  1.43501E-68  8.87286E-56  1.24999E-45
  1.40231E-37  3.39201E-31  3.90746E-26  4.02179E-22  6.09105E-19  2.01600E-16
  1.99607E-14  7.58923E-13  1.35222E-11  1.32428E-10  8.10467E-10  3.43870E-09
  1.09988E-08  2.83506E-08  6.20105E-08  1.19591E-07  2.08988E-07  3.37243E-07
  5.09170E-07  7.26029E-07  9.84656E-07  1.27728E-06  1.59210E-06  1.91459E-06
  2.22915E-06  2.52104E-06  2.77793E-06  2.99103E-06  3.15554E-06  3.27043E-06
  3.33778E-06  3.36189E-06  3.34837E-06  3.30333E-06  3.23284E-06  3.14255E-06
  3.03741E-06  2.92171E-06  2.79899E-06  2.67214E-06  2.54348E-06  2.41483E-06
  2.28760E-06  2.16288E-06  2.04147E-06  1.92396E-06  1.81076E-06  1.70216E-06
  1.59833E-06  1.49933E-06  1.40520E-06  1.31587E-06  1.23127E-06  1.15129E-06

  jn =   8
  1.00000E-99  1.00000E-99  1.34137E-84  1.88598E-68  1.24651E-55  1.85595E-45
  2.18524E-37  5.54685E-31  6.71023E-26  7.22575E-22  1.13494E-18  3.85266E-16
  3.87157E-14  1.48220E-12  2.64645E-11  2.59117E-10  1.58361E-09  6.69953E-09
  2.13076E-08  5.44013E-08  1.17395E-07  2.22753E-07  3.82706E-07  6.07958E-07
  9.06094E-07  1.27978E-06  1.72525E-06  2.23155E-06  2.78095E-06  3.35057E-06
  3.91485E-06  4.44860E-06  4.92977E-06  5.34162E-06  5.67374E-06  5.92207E-06
  6.08804E-06  6.17718E-06  6.19769E-06  6.15910E-06  6.07121E-06  5.94345E-06
  5.78439E-06  5.60155E-06  5.40138E-06  5.18927E-06  4.96967E-06  4.74620E-06
  4.52176E-06  4.29867E-06  4.07874E-06  3.86340E-06  3.65371E-06  3.45048E-06
  3.25430E-06  3.06557E-06  2.88455E-06  2.71139E-06  2.54614E-06  2.38878E-06

  jn =   9
  1.00000E-99  1.00000E-99  1.50603E-84  2.24793E-68  1.58191E-55  2.53011E-45
  3.24887E-37  9.03140E-31  1.17841E-25  1.33314E-21  2.14516E-18  7.33026E-16
  7.34879E-14  2.80043E-12  4.98567E-11  4.88227E-10  2.99053E-09  1.26768E-08
  4.02827E-08  1.02287E-07  2.18463E-07  4.08765E-07  6.91389E-07  1.08182E-06
  1.59152E-06  2.22569E-06  2.98065E-06  3.84189E-06  4.78386E-06  5.77172E-06
  6.76491E-06  7.72181E-06  8.60453E-06  9.38269E-06  1.00357E-05  1.05531E-05
  1.09336E-05  1.11833E-05  1.13131E-05  1.13367E-05  1.12689E-05  1.11244E-05
  1.09168E-05  1.06586E-05  1.03606E-05  1.00320E-05  9.68089E-06  9.31383E-06
  8.93645E-06  8.55342E-06  8.16860E-06  7.78520E-06  7.40588E-06  7.03281E-06
  6.66776E-06  6.31215E-06  5.96713E-06  5.63355E-06  5.31208E-06  5.00317E-06

  jn =  10
  1.00000E-99  1.00000E-99  1.58811E-84  2.47036E-68  1.86239E-55  3.32447E-45
  4.87233E-37  1.51768E-30  2.13175E-25  2.50568E-21  4.10030E-18  1.41115E-15
  1.42040E-13  5.43144E-12  9.69948E-11  9.51360E-10  5.81911E-09  2.45255E-08
  7.71116E-08  1.92881E-07  4.04510E-07  7.42110E-07  1.23120E-06  1.89338E-06
  2.74620E-06  3.80030E-06  5.05478E-06  6.49299E-06  8.08066E-06  9.76730E-06
  1.14908E-05  1.31844E-05  1.47842E-05  1.62362E-05  1.75003E-05  1.85522E-05
  1.93828E-05  1.99950E-05  2.04013E-05  2.06198E-05  2.06715E-05  2.05785E-05
  2.03623E-05  2.00427E-05  1.96380E-05  1.91642E-05  1.86354E-05  1.80637E-05
  1.74597E-05  1.68324E-05  1.61894E-05  1.55372E-05  1.48814E-05  1.42266E-05
  1.35768E-05  1.29351E-05  1.23043E-05  1.16867E-05  1.10842E-05  1.04982E-05

  jn =  11
  1.00000E-99  1.00000E-99  1.68422E-84  2.67873E-68  2.17351E-55  4.48343E-45
  7.77092E-37  2.75431E-30  4.20788E-25  5.18790E-21  8.68176E-18  2.99738E-15
  2.98086E-13  1.11335E-11  1.92679E-10  1.82282E-09  1.07311E-08  4.35303E-08
  1.31949E-07  3.19101E-07  6.49391E-07  1.16085E-06  1.88488E-06  2.84981E-06
  4.08210E-06  5.60269E-06  7.41993E-06  9.52260E-06  1.18756E-05  1.44202E-05
  1.70784E-05  1.97613E-05  2.23794E-05  2.48513E-05  2.71115E-05  2.91134E-05
  3.08299E-05  3.22509E-05  3.33796E-05  3.42288E-05  3.48171E-05  3.51662E-05
  3.52987E-05  3.52372E-05  3.50031E-05  3.46167E-05  3.40969E-05  3.34612E-05
  3.27257E-05  3.19056E-05  3.10148E-05  3.00663E-05  2.90720E-05  2.80429E-05
  2.69891E-05  2.59198E-05  2.48432E-05  2.37666E-05  2.26965E-05  2.16386E-05

  jn =  12
  1.00000E-99  1.00000E-99  1.90356E-84  3.10145E-68  2.79851E-55  7.18810E-45
  1.53588E-36  6.22341E-30  1.01361E-24  1.26632E-20  2.05462E-17  6.61894E-15
  6.03545E-13  2.05812E-11  3.27994E-10  2.88717E-09  1.59963E-08  6.17373E-08
  1.79775E-07  4.21086E-07  8.35613E-07  1.46472E-06  2.34295E-06  3.50356E-06
  4.98047E-06  6.80393E-06  8.99201E-06  1.15419E-05  1.44243E-05  1.75820E-05
  2.09345E-05  2.43866E-05  2.78384E-05  3.11971E-05  3.43843E-05  3.73411E-05
  4.00290E-05  4.24280E-05  4.45326E-05  4.63479E-05  4.78855E-05  4.91601E-05
  5.01878E-05  5.09842E-05  5.15639E-05  5.19401E-05  5.21245E-05  5.21279E-05
  5.19601E-05  5.16301E-05  5.11469E-05  5.05196E-05  4.97572E-05  4.88692E-05
  4.78655E-05  4.67566E-05  4.55532E-05  4.42667E-05  4.29084E-05  4.14902E-05

  jn =  13
  1.00000E-99  1.00000E-99  2.41943E-84  4.19235E-68  4.83001E-55  1.60032E-44
  4.11890E-36  1.79060E-29  2.91244E-24  3.40501E-20  4.85355E-17  1.33909E-14
  1.05425E-12  3.19134E-11  4.61305E-10  3.78020E-09  1.98066E-08  7.33882E-08
  2.07274E-07  4.75943E-07  9.31096E-07  1.61512E-06  2.56376E-06  3.81253E-06
  5.39891E-06  7.35769E-06  9.71191E-06  1.24635E-05  1.55870E-05  1.90279E-05
  2.27073E-05  2.65296E-05  3.03940E-05  3.42057E-05  3.78843E-05  4.13693E-05
  4.46207E-05  4.76178E-05  5.03549E-05  5.28371E-05  5.50764E-05  5.70878E-05
  5.88874E-05  6.04903E-05  6.19099E-05  6.31576E-05  6.42423E-05  6.51710E-05
  6.59486E-05  6.65784E-05  6.70626E-05  6.74021E-05  6.75973E-05  6.76481E-05
  6.75542E-05  6.73155E-05  6.69320E-05  6.64042E-05  6.57335E-05  6.49220E-05

  jn =  14
  1.00000E-99  1.00000E-99  3.35711E-84  6.72123E-68  1.07053E-54  5.06668E-44
  1.36778E-35  6.32811E-29  9.71953E-24  1.00672E-19  1.15499E-16  2.64737E-14
  1.81219E-12  4.96256E-11  6.61965E-10  5.06035E-09  2.52135E-08  8.96092E-08
  2.44687E-07  5.43256E-07  1.03437E-06  1.75233E-06  2.73181E-06  4.00693E-06
  5.63489E-06  7.64661E-06  1.00657E-05  1.28953E-05  1.61108E-05  1.96588E-05
  2.34605E-05  2.74210E-05  3.14395E-05  3.54214E-05  3.92866E-05  4.29749E-05
  4.64473E-05  4.96841E-05  5.26811E-05  5.54453E-05  5.79905E-05  6.03340E-05
  6.24941E-05  6.44884E-05  6.63327E-05  6.80409E-05  6.96241E-05  7.10914E-05
  7.24500E-05  7.37049E-05  7.48596E-05  7.59163E-05  7.68757E-05  7.77377E-05
  7.85012E-05  7.91646E-05  7.97253E-05  8.01803E-05  8.05264E-05  8.07597E-05

  jn =  15
  1.00000E-99  1.00000E-99  4.53561E-84  1.22859E-67  2.64435E-54  1.38425E-43
  4.66709E-35  2.40443E-28  3.71160E-23  3.22453E-19  3.48672E-16  6.75367E-14
  4.41583E-12  1.06788E-10  1.32017E-09  9.51672E-09  4.44434E-08  1.46367E-07
  3.72758E-07  7.78816E-07  1.40230E-06  2.25208E-06  3.35545E-06  4.73836E-06
  6.41951E-06  8.44397E-06  1.08261E-05  1.35901E-05  1.67228E-05  2.02513E-05
  2.40586E-05  2.80390E-05  3.20872E-05  3.61065E-05  4.00160E-05  4.37553E-05
  4.72859E-05  5.05887E-05  5.36602E-05  5.65083E-05  5.91479E-05  6.15975E-05
  6.38765E-05  6.60039E-05  6.79969E-05  6.98707E-05  7.16381E-05  7.33101E-05
  7.48954E-05  7.64012E-05  7.78328E-05  7.91947E-05  8.04898E-05  8.17205E-05
  8.28880E-05  8.39930E-05  8.50355E-05  8.60150E-05  8.69304E-05  8.77804E-05

 H2+ Dissociative Excitation n=8 / n=1 (jt,jn)
  jn =   1
  3.26497E-83  1.09590E-70  5.13407E-60  5.86457E-51  2.68170E-43  7.61716E-37
  1.98141E-31  6.64413E-27  3.87723E-23  5.11960E-20  1.92284E-17  2.50546E-15
  1.34470E-13  3.44587E-12  4.78440E-11  4.00837E-10  2.21968E-09  8.77125E-09
  2.63666E-08  6.35748E-08  1.28433E-07  2.25250E-07  3.52977E-07  5.05767E-07
  6.74927E-07  8.51070E-07  1.02566E-06  1.19178E-06  1.34425E-06  1.47946E-06
  1.59505E-06  1.68959E-06  1.76245E-06  1.81358E-06  1.84350E-06  1.85318E-06
  1.84405E-06  1.81789E-06  1.77674E-06  1.72287E-06  1.65857E-06  1.58615E-06
  1.50778E-06  1.42545E-06  1.34094E-06  1.25576E-06  1.17117E-06  1.08820E-06
  1.00763E-06  9.30089E-07  8.56013E-07  7.85724E-07  7.19435E-07  6.57269E-07
  5.99279E-07  5.45453E-07  4.95717E-07  4.49937E-07  4.07921E-07  3.69410E-07

  jn =   2
  9.30560E-83  3.00184E-70  1.35139E-59  1.48429E-50  6.53474E-43  1.79053E-36
  4.50364E-31  1.46419E-26  8.30806E-23  1.06985E-19  3.93037E-17  5.02426E-15
  2.65317E-13  6.70854E-12  9.21585E-11  7.65945E-10  4.21823E-09  1.66165E-08
  4.99032E-08  1.20459E-07  2.44072E-07  4.30059E-07  6.78085E-07  9.78911E-07
  1.31771E-06  1.67784E-06  2.04365E-06  2.40193E-06  2.74227E-06  3.05674E-06
  3.33946E-06  3.58613E-06  3.79371E-06  3.96023E-06  4.08476E-06  4.16737E-06
  4.20911E-06  4.21196E-06  4.17872E-06  4.11289E-06  4.01842E-06  3.89954E-06
  3.76057E-06  3.60568E-06  3.43885E-06  3.26367E-06  3.08334E-06  2.90067E-06
  2.71803E-06  2.53745E-06  2.36060E-06  2.18889E-06  2.02347E-06  1.86526E-06
  1.71497E-06  1.57313E-06  1.44004E-06  1.31580E-06  1.20030E-06  1.09318E-06

  jn =   3
  2.15584E-82  6.65569E-70  2.87571E-59  3.04157E-50  1.29411E-42  3.43911E-36
  8.41898E-31  2.67268E-26  1.48535E-22  1.87872E-19  6.79707E-17  8.57755E-15
  4.48171E-13  1.12360E-11  1.53353E-10  1.26862E-09  6.96626E-09  2.74059E-08
  8.23224E-08  1.99025E-07  4.04396E-07  7.15361E-07  1.13353E-06  1.64603E-06
  2.23058E-06  2.86138E-06  3.51359E-06  4.16574E-06  4.80036E-06  5.40361E-06
  5.96455E-06  6.47449E-06  6.92650E-06  7.31519E-06  7.63666E-06  7.88863E-06
  8.07043E-06  8.18307E-06  8.22914E-06  8.21261E-06  8.13860E-06  8.01304E-06
  7.84230E-06  7.63291E-06  7.39130E-06  7.12353E-06  6.83523E-06  6.53149E-06
  6.21688E-06  5.89545E-06  5.57083E-06  5.24626E-06  4.92465E-06  4.60861E-06
  4.30045E-06  4.00217E-06  3.71538E-06  3.44129E-06  3.18056E-06  2.93324E-06

  jn =   4
  3.88460E-82  1.17447E-69  4.97035E-59  5.15400E-50  2.15293E-42  5.62620E-36
  1.35668E-30  4.24969E-26  2.33436E-22  2.92303E-19  1.04857E-16  1.31393E-14
  6.82618E-13  1.70385E-11  2.31804E-10  1.91369E-09  1.04982E-08  4.13025E-08
  1.24185E-07  3.00782E-07  6.12742E-07  1.08749E-06  1.72994E-06  2.52336E-06
  3.43652E-06  4.43231E-06  5.47444E-06  6.53100E-06  7.57553E-06  8.58659E-06
  9.54666E-06  1.04412E-05  1.12581E-05  1.19871E-05  1.26201E-05  1.31511E-05
  1.35768E-05  1.38962E-05  1.41108E-05  1.42246E-05  1.42436E-05  1.41751E-05
  1.40276E-05  1.38101E-05  1.35316E-05  1.32009E-05  1.28263E-05  1.24153E-05
  1.19748E-05  1.15112E-05  1.10301E-05  1.05368E-05  1.00363E-05  9.53313E-06
  9.03158E-06  8.53559E-06  8.04862E-06  7.57340E-06  7.11178E-06  6.66440E-06

  jn =   5
  5.68507E-82  1.72995E-69  7.33763E-59  7.60221E-50  3.16662E-42  8.24293E-36
  1.97888E-30  6.17024E-26  3.37405E-22  4.20713E-19  1.50358E-16  1.87824E-14
  9.73444E-13  2.42569E-11  3.29691E-10  2.72108E-09  1.49331E-08  5.88081E-08
  1.77092E-07  4.29800E-07  8.77763E-07  1.56237E-06  2.49348E-06  3.65012E-06
  4.99024E-06  6.46273E-06  8.01691E-06  9.60768E-06  1.11972E-05  1.27542E-05
  1.42528E-05  1.56708E-05  1.69892E-05  1.81915E-05  1.92637E-05  2.01950E-05
  2.09779E-05  2.16086E-05  2.20870E-05  2.24167E-05  2.26043E-05  2.26588E-05
  2.25911E-05  2.24132E-05  2.21373E-05  2.17754E-05  2.13391E-05  2.08390E-05
  2.02848E-05  1.96854E-05  1.90491E-05  1.83835E-05  1.76958E-05  1.69930E-05
  1.62817E-05  1.55681E-05  1.48578E-05  1.41556E-05  1.34643E-05  1.27850E-05

  jn =   6
  7.13463E-82  2.22575E-69  9.63538E-59  1.01371E-49  4.26667E-42  1.11778E-35
  2.69334E-30  8.41567E-26  4.60780E-22  5.75024E-19  2.05613E-16  2.56919E-14
  1.33175E-12  3.31907E-11  4.51255E-10  3.72654E-09  2.04702E-08  8.07208E-08
  2.43499E-07  5.92210E-07  1.21238E-06  2.16384E-06  3.46359E-06  5.08621E-06
  6.97664E-06  9.06653E-06  1.12871E-05  1.35766E-05  1.58825E-05  1.81609E-05
  2.03746E-05  2.24913E-05  2.44828E-05  2.63236E-05  2.79922E-05  2.94707E-05
  3.07462E-05  3.18108E-05  3.26620E-05  3.33027E-05  3.37402E-05  3.39858E-05
  3.40535E-05  3.39590E-05  3.37188E-05  3.33492E-05  3.28658E-05  3.22832E-05
  3.16148E-05  3.08728E-05  3.00687E-05  2.92130E-05  2.83161E-05  2.73878E-05
  2.64379E-05  2.54756E-05  2.45095E-05  2.35465E-05  2.25913E-05  2.16453E-05

  jn =   7
  8.04275E-82  2.58786E-69  1.15378E-58  1.24487E-49  5.35033E-42  1.42596E-35
  3.48238E-30  1.09853E-25  6.05092E-22  7.57710E-19  2.71477E-16  3.39726E-14
  1.76372E-12  4.40370E-11  5.99982E-10  4.96622E-09  2.73464E-08  1.08108E-07
  3.26960E-07  7.97306E-07  1.63670E-06  2.92929E-06  4.70214E-06  6.92491E-06
  9.52649E-06  1.24167E-05  1.55037E-05  1.87041E-05  2.19464E-05  2.51702E-05
  2.83239E-05  3.13622E-05  3.42446E-05  3.69347E-05  3.94005E-05  4.16153E-05
  4.35587E-05  4.52172E-05  4.65847E-05  4.76625E-05  4.84583E-05  4.89855E-05
  4.92614E-05  4.93062E-05  4.91413E-05  4.87884E-05  4.82683E-05  4.76008E-05
  4.68042E-05  4.58954E-05  4.48903E-05  4.38037E-05  4.26502E-05  4.14440E-05
  4.01993E-05  3.89295E-05  3.76471E-05  3.63623E-05  3.50822E-05  3.38083E-05

  jn =   8
  8.47847E-82  2.79515E-69  1.28231E-58  1.42788E-49  6.32807E-42  1.72873E-35
  4.29372E-30  1.36997E-25  7.61651E-22  9.62556E-19  3.48067E-16  4.39260E-14
  2.29597E-12  5.75999E-11  7.87078E-10  6.52568E-09  3.59700E-08  1.42327E-07
  4.30933E-07  1.05244E-06  2.16462E-06  3.88318E-06  6.24996E-06  9.23132E-06
  1.27389E-05  1.66577E-05  2.08684E-05  2.52614E-05  2.97410E-05  3.42250E-05
  3.86418E-05  4.29273E-05  4.70227E-05  5.08745E-05  5.44347E-05  5.76624E-05
  6.05253E-05  6.30010E-05  6.50779E-05  6.67548E-05  6.80404E-05  6.89515E-05
  6.95111E-05  6.97464E-05  6.96869E-05  6.93623E-05  6.88015E-05  6.80316E-05
  6.70777E-05  6.59628E-05  6.47082E-05  6.33341E-05  6.18600E-05  6.03052E-05
  5.86888E-05  5.70296E-05  5.53448E-05  5.36491E-05  5.19521E-05  5.02561E-05

  jn =   9
  8.62664E-82  2.88619E-69  1.35288E-58  1.54842E-49  7.05420E-42  1.97390E-35
  5.01513E-30  1.63884E-25  9.32807E-22  1.20180E-18  4.40064E-16  5.58695E-14
  2.92427E-12  7.32994E-11  1.00047E-09  8.29318E-09  4.57658E-08  1.81537E-07
  5.51544E-07  1.35238E-06  2.79323E-06  5.03169E-06  8.13074E-06  1.20544E-05
  1.66935E-05  2.19016E-05  2.75253E-05  3.34221E-05  3.94671E-05  4.55524E-05
  5.15832E-05  5.74739E-05  6.31456E-05  6.85248E-05  7.35447E-05  7.81469E-05
  8.22834E-05  8.59188E-05  8.90312E-05  9.16127E-05  9.36684E-05  9.52147E-05
  9.62768E-05  9.68864E-05  9.70790E-05  9.68915E-05  9.63607E-05  9.55221E-05
  9.44093E-05  9.30538E-05  9.14859E-05  8.97347E-05  8.78291E-05  8.57979E-05
  8.36699E-05  8.14732E-05  7.92340E-05  7.69743E-05  7.47090E-05  7.24417E-05

  jn =  10
  8.74189E-82  2.92471E-69  1.38329E-58  1.60864E-49  7.48239E-42  2.15082E-35
  5.64544E-30  1.90324E-25  1.10719E-21  1.44238E-18  5.30872E-16  6.77164E-14
  3.57012E-12  9.03950E-11  1.24851E-09  1.04762E-08  5.84696E-08  2.34166E-07
  7.16866E-07  1.76774E-06  3.66605E-06  6.62328E-06  1.07258E-05  1.59292E-05
  2.20935E-05  2.90297E-05  3.65398E-05  4.44396E-05  5.25664E-05  6.07784E-05
  6.89492E-05  7.69628E-05  8.47102E-05  9.20894E-05  9.90061E-05  1.05378E-04
  1.11135E-04  1.16228E-04  1.20625E-04  1.24313E-04  1.27299E-04  1.29604E-04
  1.31264E-04  1.32320E-04  1.32821E-04  1.32817E-04  1.32355E-04  1.31483E-04
  1.30242E-04  1.28673E-04  1.26811E-04  1.24694E-04  1.22355E-04  1.19830E-04
  1.17155E-04  1.14365E-04  1.11494E-04  1.08572E-04  1.05618E-04  1.02638E-04

  jn =  11
  9.55167E-82  3.14077E-69  1.46658E-58  1.69472E-49  7.90574E-42  2.30343E-35
  6.15998E-30  2.10323E-25  1.23769E-21  1.63695E-18  6.17898E-16  8.15272E-14
  4.44966E-12  1.15902E-10  1.63120E-09  1.38160E-08  7.72444E-08  3.08287E-07
  9.37763E-07  2.29517E-06  4.72495E-06  8.48133E-06  1.36637E-05  2.02165E-05
  2.79745E-05  3.67203E-05  4.62293E-05  5.62948E-05  6.67344E-05  7.73871E-05
  8.81053E-05  9.87480E-05  1.09176E-04  1.19253E-04  1.28844E-04  1.37826E-04
  1.46089E-04  1.53540E-04  1.60113E-04  1.65766E-04  1.70483E-04  1.74271E-04
  1.77156E-04  1.79182E-04  1.80403E-04  1.80879E-04  1.80674E-04  1.79849E-04
  1.78468E-04  1.76591E-04  1.74275E-04  1.71576E-04  1.68552E-04  1.65259E-04
  1.61752E-04  1.58087E-04  1.54315E-04  1.50479E-04  1.46608E-04  1.42708E-04

  jn =  12
  1.09803E-81  3.66957E-69  1.70106E-58  1.93954E-49  8.90193E-42  2.57969E-35
  6.88192E-30  2.35487E-25  1.40444E-21  1.93462E-18  7.74424E-16  1.06983E-13
  5.96427E-12  1.54771E-10  2.14290E-09  1.77368E-08  9.67883E-08  3.77713E-07
  1.12699E-06  2.71508E-06  5.52012E-06  9.81476E-06  1.57015E-05  2.31184E-05
  3.18909E-05  4.17944E-05  5.26016E-05  6.41068E-05  7.61316E-05  8.85198E-05
  1.01128E-04  1.13815E-04  1.26439E-04  1.38854E-04  1.50912E-04  1.62470E-04
  1.73392E-04  1.83560E-04  1.92875E-04  2.01262E-04  2.08672E-04  2.15080E-04
  2.20482E-04  2.24891E-04  2.28336E-04  2.30850E-04  2.32477E-04  2.33260E-04
  2.33245E-04  2.32480E-04  2.31016E-04  2.28907E-04  2.26212E-04  2.22997E-04
  2.19334E-04  2.15298E-04  2.10963E-04  2.06398E-04  2.01655E-04  1.96757E-04

  jn =  13
  1.29660E-81  4.70769E-69  2.22700E-58  2.55650E-49  1.20912E-41  3.34892E-35
  8.89132E-30  3.01822E-25  1.86144E-21  2.75757E-18  1.15631E-15  1.58212E-13
  8.40712E-12  2.06272E-10  2.69710E-09  2.13351E-08  1.12080E-07  4.25115E-07
  1.24123E-06  2.95064E-06  5.94346E-06  1.04974E-05  1.67141E-05  2.45272E-05
  3.37585E-05  4.41816E-05  5.55706E-05  6.77240E-05  8.04700E-05  9.36600E-05
  1.07158E-04  1.20833E-04  1.34547E-04  1.48162E-04  1.61532E-04  1.74516E-04
  1.86979E-04  1.98799E-04  2.09874E-04  2.20125E-04  2.29496E-04  2.37953E-04
  2.45485E-04  2.52095E-04  2.57799E-04  2.62619E-04  2.66582E-04  2.69716E-04
  2.72046E-04  2.73600E-04  2.74405E-04  2.74492E-04  2.73897E-04  2.72664E-04
  2.70844E-04  2.68494E-04  2.65676E-04  2.62445E-04  2.58839E-04  2.54865E-04

  jn =  14
  1.39225E-81  5.72788E-69  3.05714E-58  3.77480E-49  1.89524E-41  5.89607E-35
  1.47884E-29  5.31080E-25  3.49102E-21  5.55344E-18  2.19540E-15  2.74104E-13
  1.33274E-11  3.04051E-10  3.72868E-09  2.78019E-08  1.39742E-07  5.10508E-07
  1.44515E-06  3.32901E-06  6.53555E-06  1.12867E-05  1.76626E-05  2.55795E-05
  3.49760E-05  4.55918E-05  5.71949E-05  6.95837E-05  8.25883E-05  9.60640E-05
  1.09879E-04  1.23906E-04  1.38014E-04  1.52066E-04  1.65923E-04  1.79446E-04
  1.92503E-04  2.04976E-04  2.16765E-04  2.27794E-04  2.38009E-04  2.47380E-04
  2.55897E-04  2.63567E-04  2.70407E-04  2.76443E-04  2.81701E-04  2.86211E-04
  2.89999E-04  2.93091E-04  2.95512E-04  2.97290E-04  2.98456E-04  2.99050E-04
  2.99117E-04  2.98709E-04  2.97879E-04  2.96676E-04  2.95126E-04  2.93218E-04

  jn =  15
  1.22086E-81  5.60149E-69  3.65937E-58  5.81380E-49  3.44730E-41  1.04439E-34
  3.10789E-29  1.28420E-24  9.73839E-21  1.49546E-17  6.05049E-15  6.66343E-13
  3.15394E-11  6.43425E-10  7.36315E-09  5.19686E-08  2.45192E-07  8.31554E-07
  2.19792E-06  4.76696E-06  8.85354E-06  1.45005E-05  2.16859E-05  3.02319E-05
  3.98242E-05  5.03032E-05  6.14523E-05  7.32354E-05  8.55885E-05  9.87771E-05
  1.12450E-04  1.26414E-04  1.40513E-04  1.54595E-04  1.68515E-04  1.82131E-04
  1.95309E-04  2.07932E-04  2.19900E-04  2.31137E-04  2.41591E-04  2.51234E-04
  2.60057E-04  2.68069E-04  2.75290E-04  2.81747E-04  2.87470E-04  2.92491E-04
  2.96837E-04  3.00538E-04  3.03621E-04  3.06116E-04  3.08058E-04  3.09488E-04
  3.10456E-04  3.11015E-04  3.11224E-04  3.11135E-04  3.10776E-04  3.10138E-04

 H2+ Dissociative Recombination n=8 / n=1 (jt,jn)
  jn =   1
  4.99293E-05  4.21365E-05  3.54860E-05  2.98221E-05  2.50134E-05  2.09460E-05
  1.75199E-05  1.46462E-05  1.22456E-05  1.02474E-05  8.58961E-06  7.21762E-06
  6.08425E-06  5.14890E-06  4.37699E-06  3.73927E-06  3.21122E-06  2.77242E-06
  2.40606E-06  2.09837E-06  1.83821E-06  1.61663E-06  1.42649E-06  1.26215E-06
  1.11913E-06  9.93904E-07  8.83690E-07  7.86260E-07  6.99831E-07  6.22951E-07
  5.54429E-07  4.93272E-07  4.38640E-07  3.89817E-07  3.46180E-07  3.07186E-07
  2.72357E-07  2.41267E-07  2.13536E-07  1.88822E-07  1.66819E-07  1.47249E-07
  1.29862E-07  1.14431E-07  1.00752E-07  8.86393E-08  7.79246E-08  6.84568E-08
  6.00995E-08  5.27296E-08  4.62364E-08  4.05209E-08  3.54940E-08  3.10761E-08
  2.71963E-08  2.37914E-08  2.08049E-08  1.81871E-08  1.58935E-08  1.38850E-08

  jn =   2
  1.42447E-04  1.15640E-04  9.37174E-05  7.58788E-05  6.14322E-05  4.97786E-05
  4.04054E-05  3.28800E-05  2.68437E-05  2.20023E-05  1.81172E-05  1.49962E-05
  1.24852E-05  1.04609E-05  8.82445E-06  7.49714E-06  6.41588E-06  5.53030E-06
  4.80027E-06  4.19389E-06  3.68595E-06  3.25658E-06  2.89024E-06  2.57478E-06
  2.30076E-06  2.06086E-06  1.84933E-06  1.66171E-06  1.49447E-06  1.34478E-06
  1.21039E-06  1.08944E-06  9.80387E-07  8.81939E-07  7.92993E-07  7.12593E-07
  6.39907E-07  5.74196E-07  5.14807E-07  4.61153E-07  4.12708E-07  3.68993E-07
  3.29577E-07  2.94068E-07  2.62107E-07  2.33370E-07  2.07558E-07  1.84400E-07
  1.63647E-07  1.45073E-07  1.28470E-07  1.13647E-07  1.00431E-07  8.86637E-08
  7.81999E-08  6.89073E-08  6.06655E-08  5.33649E-08  4.69058E-08  4.11979E-08

  jn =   3
  3.31344E-04  2.58313E-04  2.01861E-04  1.58300E-04  1.24671E-04  9.86537E-05
  7.84646E-05  6.27422E-05  5.04534E-05  4.08142E-05  3.32275E-05  2.72369E-05
  2.24911E-05  1.87188E-05  1.57087E-05  1.32965E-05  1.13533E-05  9.77810E-06
  8.49191E-06  7.43277E-06  6.55229E-06  5.81283E-06  5.18517E-06  4.64672E-06
  4.18008E-06  3.77181E-06  3.41156E-06  3.09131E-06  2.80484E-06  2.54723E-06
  2.31462E-06  2.10387E-06  1.91245E-06  1.73826E-06  1.57952E-06  1.43474E-06
  1.30262E-06  1.18200E-06  1.07189E-06  9.71383E-07  8.79662E-07  7.95994E-07
  7.19707E-07  6.50188E-07  5.86876E-07  5.29254E-07  4.76847E-07  4.29221E-07
  3.85971E-07  3.46730E-07  3.11155E-07  2.78934E-07  2.49777E-07  2.23421E-07
  1.99620E-07  1.78151E-07  1.58806E-07  1.41397E-07  1.25749E-07  1.11702E-07

  jn =   4
  6.04494E-04  4.65270E-04  3.59432E-04  2.78907E-04  2.17448E-04  1.70363E-04
  1.34162E-04  1.06236E-04  8.46268E-05  6.78528E-05  5.47905E-05  4.45849E-05
  3.65835E-05  3.02867E-05  2.53107E-05  2.13595E-05  1.82045E-05  1.56684E-05
  1.36138E-05  1.19342E-05  1.05474E-05  9.38952E-06  8.41168E-06  7.57620E-06
  6.85419E-06  6.22353E-06  5.66725E-06  5.17230E-06  4.72863E-06  4.32840E-06
  3.96550E-06  3.63505E-06  3.33317E-06  3.05666E-06  2.80292E-06  2.56974E-06
  2.35523E-06  2.15778E-06  1.97596E-06  1.80851E-06  1.65429E-06  1.51228E-06
  1.38155E-06  1.26125E-06  1.15060E-06  1.04887E-06  9.55399E-07  8.69573E-07
  7.90814E-07  7.18592E-07  6.52411E-07  5.91812E-07  5.36365E-07  4.85673E-07
  4.39365E-07  3.97097E-07  3.58548E-07  3.23420E-07  2.91439E-07  2.62347E-07

  jn =   5
  9.04468E-04  7.08158E-04  5.53697E-04  4.32617E-04  3.38124E-04  2.64674E-04
  2.07747E-04  1.63702E-04  1.29647E-04  1.03311E-04  8.29212E-05  6.71020E-05
  5.47935E-05  4.51813E-05  3.76415E-05  3.16968E-05  2.69813E-05  2.32146E-05
  2.01811E-05  1.77153E-05  1.56899E-05  1.40072E-05  1.25923E-05  1.13878E-05
  1.03500E-05  9.44524E-06  8.64809E-06  7.93895E-06  7.30276E-06  6.72790E-06
  6.20533E-06  5.72794E-06  5.29009E-06  4.88723E-06  4.51564E-06  4.17225E-06
  3.85446E-06  3.56007E-06  3.28715E-06  3.03402E-06  2.79918E-06  2.58129E-06
  2.37913E-06  2.19160E-06  2.01767E-06  1.85643E-06  1.70698E-06  1.56855E-06
  1.44036E-06  1.32174E-06  1.21202E-06  1.11060E-06  1.01690E-06  9.30390E-07
  8.50576E-07  7.76985E-07  7.09181E-07  6.46754E-07  5.89321E-07  5.36522E-07

  jn =   6
  1.16139E-03  9.41277E-04  7.57140E-04  6.03802E-04  4.77925E-04  3.76487E-04
  2.96125E-04  2.33251E-04  1.84422E-04  1.46622E-04  1.17375E-04  9.47161E-05
  7.71235E-05  6.34238E-05  5.27160E-05  4.43085E-05  3.76704E-05  3.23939E-05
  2.81659E-05  2.47464E-05  2.19514E-05  1.96402E-05  1.77052E-05  1.60642E-05
  1.46548E-05  1.34293E-05  1.23513E-05  1.13931E-05  1.05335E-05  9.75593E-06
  9.04789E-06  8.39947E-06  7.80289E-06  7.25196E-06  6.74171E-06  6.26805E-06
  5.82761E-06  5.41752E-06  5.03537E-06  4.67900E-06  4.34656E-06  4.03637E-06
  3.74692E-06  3.47681E-06  3.22480E-06  2.98969E-06  2.77041E-06  2.56593E-06
  2.37532E-06  2.19769E-06  2.03220E-06  1.87809E-06  1.73463E-06  1.60114E-06
  1.47698E-06  1.36156E-06  1.25432E-06  1.15472E-06  1.06228E-06  9.76537E-07

  jn =   7
  1.33080E-03  1.12088E-03  9.33922E-04  7.66149E-04  6.19651E-04  4.96075E-04
  3.94605E-04  3.12878E-04  2.48019E-04  1.97134E-04  1.57525E-04  1.26821E-04
  1.03038E-04  8.45815E-05  7.02053E-05  5.89514E-05  5.00892E-05  4.30626E-05
  3.74471E-05  3.29189E-05  2.92300E-05  2.61907E-05  2.36559E-05  2.15147E-05
  1.96824E-05  1.80942E-05  1.67009E-05  1.54647E-05  1.43568E-05  1.33550E-05
  1.24423E-05  1.16055E-05  1.08342E-05  1.01203E-05  9.45711E-06  8.83950E-06
  8.26309E-06  7.72427E-06  7.21997E-06  6.74756E-06  6.30473E-06  5.88944E-06
  5.49988E-06  5.13440E-06  4.79150E-06  4.46981E-06  4.16805E-06  3.88504E-06
  3.61970E-06  3.37099E-06  3.13794E-06  2.91966E-06  2.71529E-06  2.52401E-06
  2.34505E-06  2.17769E-06  2.02125E-06  1.87506E-06  1.73850E-06  1.61100E-06

  jn =   8
  1.41525E-03  1.22710E-03  1.05634E-03  8.96684E-04  7.48365E-04  6.13349E-04
  4.94808E-04  3.95301E-04  3.14907E-04  2.51464E-04  2.01873E-04  1.63142E-04
  1.32816E-04  1.09011E-04  9.02929E-05  7.55564E-05  6.39333E-05  5.47369E-05
  4.74244E-05  4.15699E-05  3.68416E-05  3.29828E-05  2.97962E-05  2.71308E-05
  2.48711E-05  2.29290E-05  2.12374E-05  1.97453E-05  1.84134E-05  1.72119E-05
  1.61181E-05  1.51142E-05  1.41868E-05  1.33252E-05  1.25214E-05  1.17688E-05
  1.10624E-05  1.03979E-05  9.77214E-06  9.18217E-06  8.62567E-06  8.10058E-06
  7.60508E-06  7.13755E-06  6.69649E-06  6.28050E-06  5.88827E-06  5.51857E-06
  5.17021E-06  4.84206E-06  4.53304E-06  4.24213E-06  3.96833E-06  3.71072E-06
  3.46841E-06  3.24054E-06  3.02633E-06  2.82502E-06  2.63589E-06  2.45828E-06

  jn =   9
  1.44549E-03  1.27508E-03  1.12456E-03  9.83095E-04  8.43537E-04  7.06794E-04
  5.81256E-04  4.73540E-04  3.84432E-04  3.11444E-04  2.51768E-04  2.03272E-04
  1.64310E-04  1.33415E-04  1.09182E-04  9.02998E-05  7.56206E-05  6.41883E-05
  5.52393E-05  4.81803E-05  4.25576E-05  3.80279E-05  3.43326E-05  3.12771E-05
  2.87148E-05  2.65354E-05  2.46554E-05  2.30115E-05  2.15555E-05  2.02507E-05
  1.90689E-05  1.79883E-05  1.69922E-05  1.60674E-05  1.52039E-05  1.43934E-05
  1.36298E-05  1.29078E-05  1.22235E-05  1.15736E-05  1.09553E-05  1.03666E-05
  9.80548E-06  9.27052E-06  8.76039E-06  8.27398E-06  7.81031E-06  7.36851E-06
  6.94779E-06  6.54741E-06  6.16668E-06  5.80493E-06  5.46151E-06  5.13578E-06
  4.82709E-06  4.53479E-06  4.25823E-06  3.99676E-06  3.74972E-06  3.51647E-06

  jn =  10
  1.46629E-03  1.29515E-03  1.15422E-03  1.02619E-03  8.98721E-04  7.72085E-04
  6.53853E-04  5.47478E-04  4.52198E-04  3.67789E-04  2.95302E-04  2.35417E-04
  1.87585E-04  1.50281E-04  1.21593E-04  9.96568E-05  8.28785E-05  6.99853E-05
  6.00015E-05  5.21956E-05  4.60241E-05  4.10848E-05  3.70796E-05  3.37870E-05
  3.10419E-05  2.87204E-05  2.67294E-05  2.49983E-05  2.34739E-05  2.21152E-05
  2.08909E-05  1.97770E-05  1.87547E-05  1.78095E-05  1.69299E-05  1.61069E-05
  1.53333E-05  1.46033E-05  1.39122E-05  1.32561E-05  1.26318E-05  1.20366E-05
  1.14684E-05  1.09251E-05  1.04050E-05  9.90680E-06  9.42912E-06  8.97086E-06
  8.53103E-06  8.10876E-06  7.70328E-06  7.31391E-06  6.94003E-06  6.58110E-06
  6.23667E-06  5.90629E-06  5.58958E-06  5.28621E-06  4.99583E-06  4.71817E-06

  jn =  11
  1.59711E-03  1.38734E-03  1.22221E-03  1.08110E-03  9.49934E-04  8.26444E-04
  7.11684E-04  6.01466E-04  4.98404E-04  4.03878E-04  3.22105E-04  2.55019E-04
  2.01983E-04  1.61003E-04  1.29718E-04  1.05933E-04  8.78211E-05  7.39542E-05
  6.32526E-05  5.49130E-05  4.83419E-05  4.31011E-05  3.88671E-05  3.53995E-05
  3.25198E-05  3.00941E-05  2.80222E-05  2.62281E-05  2.46543E-05  2.32570E-05
  2.20025E-05  2.08650E-05  1.98244E-05  1.88649E-05  1.79744E-05  1.71431E-05
  1.63633E-05  1.56289E-05  1.49348E-05  1.42769E-05  1.36519E-05  1.30569E-05
  1.24896E-05  1.19479E-05  1.14301E-05  1.09346E-05  1.04601E-05  1.00053E-05
  9.56906E-06  9.15043E-06  8.74845E-06  8.36225E-06  7.99103E-06  7.63404E-06
  7.29057E-06  6.95999E-06  6.64168E-06  6.33509E-06  6.03971E-06  5.75506E-06

  jn =  12
  1.82770E-03  1.61140E-03  1.40926E-03  1.23169E-03  1.06609E-03  9.22836E-04
  7.92014E-04  6.66739E-04  5.47853E-04  4.41144E-04  3.50420E-04  2.75396E-04
  2.16547E-04  1.71113E-04  1.36997E-04  1.11226E-04  9.17344E-05  7.69114E-05
  6.55451E-05  5.67391E-05  4.98364E-05  4.43568E-05  3.99481E-05  3.63514E-05
  3.33750E-05  3.08765E-05  2.87493E-05  2.69134E-05  2.53081E-05  2.38872E-05
  2.26154E-05  2.14654E-05  2.04162E-05  1.94513E-05  1.85578E-05  1.77256E-05
  1.69463E-05  1.62136E-05  1.55221E-05  1.48676E-05  1.42463E-05  1.36554E-05
  1.30923E-05  1.25549E-05  1.20414E-05  1.15501E-05  1.10797E-05  1.06289E-05
  1.01965E-05  9.78173E-06  9.38351E-06  9.00105E-06  8.63357E-06  8.28038E-06
  7.94081E-06  7.61423E-06  7.30006E-06  6.99774E-06  6.70673E-06  6.42654E-06

  jn =  13
  2.15287E-03  2.05694E-03  1.83225E-03  1.61273E-03  1.43899E-03  1.19167E-03
  1.01574E-03  8.36009E-04  6.75812E-04  5.40505E-04  4.24492E-04  3.27368E-04
  2.50809E-04  1.93338E-04  1.50592E-04  1.19749E-04  9.69303E-05  8.01488E-05
  6.75741E-05  5.81851E-05  5.09314E-05  4.52226E-05  4.06562E-05  3.69469E-05
  3.38880E-05  3.13278E-05  2.91539E-05  2.72823E-05  2.56496E-05  2.42078E-05
  2.29203E-05  2.17587E-05  2.07011E-05  1.97307E-05  1.88339E-05  1.80001E-05
  1.72210E-05  1.64898E-05  1.58010E-05  1.51500E-05  1.45331E-05  1.39473E-05
  1.33899E-05  1.28586E-05  1.23515E-05  1.18670E-05  1.14035E-05  1.09598E-05
  1.05346E-05  1.01268E-05  9.73559E-06  9.35997E-06  8.99915E-06  8.65237E-06
  8.31895E-06  7.99824E-06  7.68963E-06  7.39258E-06  7.10655E-06  6.83105E-06

  jn =  14
  2.32378E-03  2.51555E-03  2.51519E-03  2.37884E-03  2.25244E-03  2.09342E-03
  1.67579E-03  1.41709E-03  1.13281E-03  9.11870E-04  6.76220E-04  4.93560E-04
  3.58930E-04  2.64298E-04  1.96766E-04  1.49472E-04  1.16791E-04  9.35958E-05
  7.68445E-05  6.43333E-05  5.50088E-05  4.78397E-05  4.23187E-05  3.79824E-05
  3.46231E-05  3.18849E-05  2.95949E-05  2.76429E-05  2.59522E-05  2.44672E-05
  2.31468E-05  2.19600E-05  2.08830E-05  1.98974E-05  1.89889E-05  1.81462E-05
  1.73604E-05  1.66243E-05  1.59321E-05  1.52791E-05  1.46613E-05  1.40755E-05
  1.35189E-05  1.29893E-05  1.24845E-05  1.20028E-05  1.15426E-05  1.11027E-05
  1.06817E-05  1.02786E-05  9.89233E-06  9.52196E-06  9.16665E-06  8.82562E-06
  8.49812E-06  8.18348E-06  7.88106E-06  7.59025E-06  7.31050E-06  7.04127E-06

  jn =  15
  2.07170E-03  2.50754E-03  3.08349E-03  3.74172E-03  4.12399E-03  3.72783E-03
  3.52016E-03  3.30490E-03  2.85709E-03  2.18011E-03  1.70046E-03  1.12981E-03
  8.15668E-04  5.44593E-04  3.81476E-04  2.75636E-04  2.02666E-04  1.51121E-04
  1.16023E-04  9.15283E-05  7.40906E-05  6.11486E-05  5.17077E-05  4.46817E-05
  3.92518E-05  3.50299E-05  3.16663E-05  2.89717E-05  2.67797E-05  2.50454E-05
  2.35767E-05  2.22932E-05  2.11492E-05  2.01152E-05  1.91707E-05  1.83006E-05
  1.74936E-05  1.67410E-05  1.60357E-05  1.53724E-05  1.47464E-05  1.41542E-05
  1.35927E-05  1.30593E-05  1.25517E-05  1.20681E-05  1.16067E-05  1.11662E-05
  1.07452E-05  1.03425E-05  9.95713E-06  9.58804E-06  9.23436E-06  8.89530E-06
  8.57008E-06  8.25801E-06  7.95842E-06  7.67070E-06  7.39428E-06  7.12861E-06

 H2 Dissociative Excitation n=9 / n=1 (jt,jn)
  jn =   1
  1.00000E-99  1.00000E-99  1.86594E-86  2.21067E-70  1.25542E-57  1.64701E-47
  1.74111E-39  4.00160E-33  4.39927E-28  4.32880E-24  6.27210E-21  1.98769E-18
  1.88695E-16  6.89119E-15  1.18207E-13  1.11863E-12  6.66643E-12  2.79546E-11
  9.04238E-11  2.42106E-10  5.62339E-10  1.16374E-09  2.17722E-09  3.71889E-09
  5.85128E-09  8.55578E-09  1.17262E-08  1.51834E-08  1.87039E-08  2.20544E-08
  2.50244E-08  2.74513E-08  2.92344E-08  3.03376E-08  3.07825E-08  3.06339E-08
  2.99840E-08  2.89367E-08  2.75952E-08  2.60541E-08  2.43942E-08  2.26816E-08
  2.09672E-08  1.92892E-08  1.76742E-08  1.61401E-08  1.46978E-08  1.33526E-08
  1.21062E-08  1.09574E-08  9.90301E-09  8.93881E-09  8.05965E-09  7.26000E-09
  6.53421E-09  5.87663E-09  5.28176E-09  4.74434E-09  4.25940E-09  3.82225E-09

  jn =   2
  1.00000E-99  1.00000E-99  4.49490E-86  5.23364E-70  2.92687E-57  3.78901E-47
  3.96031E-39  9.01617E-33  9.83603E-28  9.62000E-24  1.38759E-20  4.38395E-18
  4.15463E-16  1.51657E-14  2.60312E-13  2.46718E-12  1.47319E-11  6.18822E-11
  2.00333E-10  5.36256E-10  1.24468E-09  2.57526E-09  4.82299E-09  8.25958E-09
  1.30493E-08  1.91849E-08  2.64656E-08  3.45203E-08  4.28641E-08  5.09709E-08
  5.83463E-08  6.45878E-08  6.94233E-08  7.27243E-08  7.44956E-08  7.48492E-08
  7.39687E-08  7.20752E-08  6.93979E-08  6.61532E-08  6.25325E-08  5.86958E-08
  5.47716E-08  5.08586E-08  4.70300E-08  4.33380E-08  3.98172E-08  3.64894E-08
  3.33661E-08  3.04516E-08  2.77445E-08  2.52399E-08  2.29301E-08  2.08061E-08
  1.88574E-08  1.70735E-08  1.54434E-08  1.39564E-08  1.26020E-08  1.13700E-08

  jn =   3
  1.00000E-99  1.00000E-99  9.33762E-86  1.08310E-69  6.03691E-57  7.79368E-47
  8.12911E-39  1.84818E-32  2.01500E-27  1.97103E-23  2.84564E-20  9.00576E-18
  8.55557E-16  3.13289E-14  5.39753E-13  5.13621E-12  3.07805E-11  1.29576E-10
  4.19307E-10  1.11869E-09  2.58282E-09  5.31425E-09  9.91006E-09  1.69339E-08
  2.67543E-08  3.94140E-08  5.45746E-08  7.15469E-08  8.93883E-08  1.07038E-07
  1.23464E-07  1.37787E-07  1.49369E-07  1.57856E-07  1.63172E-07  1.65467E-07
  1.65060E-07  1.62367E-07  1.57837E-07  1.51912E-07  1.44990E-07  1.37418E-07
  1.29479E-07  1.21400E-07  1.13353E-07  1.05469E-07  9.78392E-08  9.05274E-08
  8.35742E-08  7.70029E-08  7.08237E-08  6.50373E-08  5.96377E-08  5.46136E-08
  4.99510E-08  4.56332E-08  4.16426E-08  3.79610E-08  3.45698E-08  3.14509E-08

  jn =   4
  1.00000E-99  1.00000E-99  1.71351E-85  2.01285E-69  1.13311E-56  1.47465E-46
  1.54862E-38  3.54255E-32  3.88510E-27  3.82284E-23  5.55276E-20  1.76844E-17
  1.69111E-15  6.23478E-14  1.08162E-12  1.03616E-11  6.24478E-11  2.63741E-10
  8.52881E-10  2.26340E-09  5.17890E-09  1.05443E-08  1.94709E-08  3.30145E-08
  5.18928E-08  7.62479E-08  1.05534E-07  1.38549E-07  1.73596E-07  2.08714E-07
  2.41939E-07  2.71546E-07  2.96229E-07  3.15193E-07  3.28159E-07  3.35295E-07
  3.37106E-07  3.34304E-07  3.27699E-07  3.18102E-07  3.06268E-07  2.92861E-07
  2.78441E-07  2.63460E-07  2.48279E-07  2.33171E-07  2.18341E-07  2.03938E-07
  1.90066E-07  1.76792E-07  1.64159E-07  1.52189E-07  1.40888E-07  1.30252E-07
  1.20268E-07  1.10917E-07  1.02178E-07  9.40245E-08  8.64307E-08  7.93689E-08

  jn =   5
  1.00000E-99  1.00000E-99  2.82653E-85  3.41764E-69  1.96949E-56  2.61300E-46
  2.78910E-38  6.47130E-32  7.18875E-27  7.15932E-23  1.05205E-19  3.38869E-17
  3.27647E-15  1.22099E-13  2.14006E-12  2.06965E-11  1.25717E-10  5.33453E-10
  1.72471E-09  4.54932E-09  1.02938E-08  2.06688E-08  3.76356E-08  6.30428E-08
  9.81646E-08  1.43303E-07  1.97580E-07  2.58965E-07  3.24515E-07  3.90758E-07
  4.54141E-07  5.11469E-07  5.60237E-07  5.98832E-07  6.26567E-07  6.43583E-07
  6.50657E-07  6.48985E-07  6.39972E-07  6.25065E-07  6.05630E-07  5.82891E-07
  5.57891E-07  5.31491E-07  5.04378E-07  4.77090E-07  4.50036E-07  4.23517E-07
  3.97753E-07  3.72895E-07  3.49041E-07  3.26253E-07  3.04561E-07  2.83972E-07
  2.64480E-07  2.46063E-07  2.28694E-07  2.12340E-07  1.96964E-07  1.82526E-07

  jn =   6
  1.00000E-99  1.00000E-99  4.21295E-85  5.33273E-69  3.19166E-56  4.37043E-46
  4.79333E-38  1.13922E-31  1.29331E-26  1.31371E-22  1.96544E-19  6.43446E-17
  6.31371E-15  2.38453E-13  4.23055E-12  4.13545E-11  2.53334E-10  1.07996E-09
  3.48816E-09  9.13086E-09  2.03832E-08  4.02373E-08  7.19931E-08  1.18708E-07
  1.82510E-07  2.63977E-07  3.61776E-07  4.72643E-07  5.91703E-07  7.13057E-07
  8.30510E-07  9.38323E-07  1.03183E-06  1.10785E-06  1.16479E-06  1.20253E-06
  1.22215E-06  1.22554E-06  1.21504E-06  1.19313E-06  1.16223E-06  1.12453E-06
  1.08196E-06  1.03613E-06  9.88348E-07  9.39666E-07  8.90903E-07  8.42683E-07
  7.95469E-07  7.49600E-07  7.05312E-07  6.62763E-07  6.22049E-07  5.83218E-07
  5.46284E-07  5.11233E-07  4.78033E-07  4.46637E-07  4.16988E-07  3.89021E-07

  jn =   7
  1.00000E-99  1.00000E-99  5.65743E-85  7.60609E-69  4.81327E-56  6.92138E-46
  7.90713E-38  1.94375E-31  2.27168E-26  2.36877E-22  3.63024E-19  1.21464E-16
  1.21476E-14  4.66192E-13  8.37925E-12  8.27346E-11  5.10233E-10  2.18035E-09
  7.02004E-09  1.82046E-08  4.00372E-08  7.75974E-08  1.36209E-07  2.20687E-07
  3.34411E-07  4.78425E-07  6.50826E-07  8.46603E-07  1.05801E-06  1.27538E-06
  1.48828E-06  1.68674E-06  1.86236E-06  2.00908E-06  2.12348E-06  2.20468E-06
  2.25392E-06  2.27394E-06  2.26842E-06  2.24139E-06  2.19689E-06  2.13870E-06
  2.07015E-06  1.99414E-06  1.91306E-06  1.82888E-06  1.74319E-06  1.65725E-06
  1.57203E-06  1.48828E-06  1.40659E-06  1.32735E-06  1.25089E-06  1.17740E-06
  1.10702E-06  1.03981E-06  9.75801E-07  9.14976E-07  8.57290E-07  8.02674E-07

  jn =   8
  1.00000E-99  1.00000E-99  6.87689E-85  9.93619E-69  6.72987E-56  1.02403E-45
  1.22907E-37  3.17321E-31  3.89728E-26  4.25413E-22  6.76457E-19  2.32218E-16
  2.35771E-14  9.11263E-13  1.64153E-11  1.62060E-10  9.98134E-10  4.25318E-09
  1.36173E-08  3.49789E-08  7.58994E-08  1.44734E-07  2.49776E-07  3.98384E-07
  5.95902E-07  8.44434E-07  1.14178E-06  1.48092E-06  1.85020E-06  2.23443E-06
  2.61649E-06  2.97938E-06  3.30809E-06  3.59111E-06  3.82113E-06  3.99514E-06
  4.11379E-06  4.18058E-06  4.20082E-06  4.18078E-06  4.12700E-06  4.04576E-06
  3.94280E-06  3.82320E-06  3.69132E-06  3.55083E-06  3.40476E-06  3.25558E-06
  3.10531E-06  2.95555E-06  2.80757E-06  2.66235E-06  2.52067E-06  2.38309E-06
  2.25006E-06  2.12187E-06  1.99873E-06  1.88076E-06  1.76802E-06  1.66052E-06

  jn =   9
  1.00000E-99  1.00000E-99  7.68775E-85  1.18000E-68  8.51652E-56  1.39309E-45
  1.82469E-37  5.16240E-31  6.84222E-26  7.84991E-22  1.27916E-18  4.42129E-16
  4.47909E-14  1.72344E-12  3.09602E-11  3.05739E-10  1.88749E-09  8.05947E-09
  2.57829E-08  6.58707E-08  1.41468E-07  2.66023E-07  4.51970E-07  7.10040E-07
  1.04835E-06  1.47089E-06  1.97567E-06  2.55344E-06  3.18746E-06  3.85458E-06
  4.52763E-06  5.17855E-06  5.78156E-06  6.31585E-06  6.76705E-06  7.12766E-06
  7.39638E-06  7.57683E-06  7.67602E-06  7.70297E-06  7.66745E-06  7.57925E-06
  7.44752E-06  7.28057E-06  7.08571E-06  6.86927E-06  6.63661E-06  6.39231E-06
  6.14020E-06  5.88349E-06  5.62484E-06  5.36651E-06  5.11033E-06  4.85785E-06
  4.61032E-06  4.36875E-06  4.13397E-06  3.90662E-06  3.68718E-06  3.47601E-06

  jn =  10
  1.00000E-99  1.00000E-99  8.08851E-85  1.29402E-68  1.00085E-55  1.82793E-45
  2.73418E-37  8.67267E-31  1.23797E-25  1.47616E-21  2.44687E-18  8.51971E-16
  8.66734E-14  3.34703E-12  6.03197E-11  5.96687E-10  3.67866E-09  1.56180E-08
  4.94360E-08  1.24414E-07  2.62369E-07  4.83740E-07  8.06133E-07  1.24466E-06
  1.81178E-06  2.51533E-06  3.35547E-06  4.32175E-06  5.39179E-06  6.53206E-06
  7.70102E-06  8.85364E-06  9.94663E-06  1.09430E-05  1.18149E-05  1.25454E-05
  1.31275E-05  1.35624E-05  1.38580E-05  1.40259E-05  1.40801E-05  1.40352E-05
  1.39054E-05  1.37042E-05  1.34437E-05  1.31348E-05  1.27870E-05  1.24087E-05
  1.20069E-05  1.15879E-05  1.11569E-05  1.07184E-05  1.02763E-05  9.83384E-06
  9.39369E-06  8.95819E-06  8.52929E-06  8.10859E-06  7.69745E-06  7.29698E-06

  jn =  11
  1.00000E-99  1.00000E-99  8.80746E-85  1.43266E-68  1.18623E-55  2.49231E-45
  4.39351E-37  1.57968E-30  2.44949E-25  3.06273E-21  5.19143E-18  1.81337E-15
  1.82276E-13  6.87548E-12  1.20082E-10  1.14570E-09  6.79803E-09  2.77766E-08
  8.47570E-08  2.06215E-07  4.21956E-07  7.57993E-07  1.23616E-06  1.87633E-06
  2.69715E-06  3.71358E-06  4.93221E-06  6.34648E-06  7.93374E-06  9.65513E-06
  1.14586E-05  1.32845E-05  1.50721E-05  1.67661E-05  1.83214E-05  1.97055E-05
  2.08993E-05  2.18948E-05  2.26933E-05  2.33028E-05  2.37350E-05  2.40042E-05
  2.41251E-05  2.41128E-05  2.39814E-05  2.37445E-05  2.34147E-05  2.30038E-05
  2.25227E-05  2.19817E-05  2.13903E-05  2.07573E-05  2.00909E-05  1.93987E-05
  1.86876E-05  1.79641E-05  1.72338E-05  1.65019E-05  1.57729E-05  1.50508E-05

  jn =  12
  1.00000E-99  1.00000E-99  1.07276E-84  1.78502E-68  1.63143E-55  4.24519E-45
  9.16829E-37  3.74438E-30  6.13760E-25  7.71371E-21  1.25898E-17  4.07445E-15
  3.73543E-13  1.28104E-11  2.05683E-10  1.82422E-09  1.01802E-08  3.95569E-08
  1.15909E-07  2.73044E-07  5.44635E-07  9.59105E-07  1.54054E-06  2.31219E-06
  3.29779E-06  4.51863E-06  5.98791E-06  7.70489E-06  9.65083E-06  1.17882E-05
  1.40636E-05  1.64128E-05  1.87688E-05  2.10682E-05  2.32575E-05  2.52960E-05
  2.71569E-05  2.88255E-05  3.02972E-05  3.15746E-05  3.26647E-05  3.35768E-05
  3.43213E-05  3.49083E-05  3.53470E-05  3.56462E-05  3.58133E-05  3.58554E-05
  3.57787E-05  3.55894E-05  3.52931E-05  3.48958E-05  3.44037E-05  3.38229E-05
  3.31602E-05  3.24225E-05  3.16174E-05  3.07524E-05  2.98355E-05  2.88747E-05

  jn =  13
  1.00000E-99  1.00000E-99  1.53699E-84  2.75207E-68  3.28613E-55  1.09099E-44
  2.85122E-36  1.23621E-29  2.00043E-24  2.32566E-20  3.29230E-17  9.01652E-15
  7.05001E-13  2.12202E-11  3.04976E-10  2.48850E-09  1.29960E-08  4.80478E-08
  1.35597E-07  3.12012E-07  6.12196E-07  1.06525E-06  1.69603E-06  2.52928E-06
  3.59106E-06  4.90568E-06  6.48968E-06  8.34543E-06  1.04568E-05  1.27882E-05
  1.52869E-05  1.78889E-05  2.05264E-05  2.31349E-05  2.56598E-05  2.80593E-05
  3.03056E-05  3.23839E-05  3.42895E-05  3.60251E-05  3.75983E-05  3.90185E-05
  4.02962E-05  4.14412E-05  4.24622E-05  4.33665E-05  4.41599E-05  4.48467E-05
  4.54300E-05  4.59117E-05  4.62930E-05  4.65742E-05  4.67553E-05  4.68360E-05
  4.68158E-05  4.66942E-05  4.64711E-05  4.61467E-05  4.57215E-05  4.51967E-05

  jn =  14
  1.00000E-99  1.00000E-99  2.39244E-84  5.06230E-68  8.51281E-55  4.22958E-44
  1.15309E-35  5.43440E-29  8.35717E-24  8.65401E-20  9.77322E-17  2.20843E-14
  1.48674E-12  3.98309E-11  5.18853E-10  3.87571E-09  1.88624E-08  6.56262E-08
  1.75914E-07  3.84277E-07  7.20955E-07  1.20692E-06  1.86290E-06  2.71292E-06
  3.80418E-06  5.15722E-06  6.78823E-06  8.69988E-06  1.08765E-05  1.32826E-05
  1.58660E-05  1.85626E-05  2.13048E-05  2.40284E-05  2.66789E-05  2.92151E-05
  3.16101E-05  3.38498E-05  3.59307E-05  3.78571E-05  3.96378E-05  4.12840E-05
  4.28078E-05  4.42207E-05  4.55332E-05  4.67543E-05  4.78914E-05  4.89505E-05
  4.99362E-05  5.08516E-05  5.16990E-05  5.24795E-05  5.31935E-05  5.38407E-05
  5.44202E-05  5.49304E-05  5.53695E-05  5.57353E-05  5.60252E-05  5.62363E-05

  jn =  15
  1.00000E-99  1.00000E-99  3.49544E-84  1.03525E-67  2.39308E-54  1.30010E-43
  4.56518E-35  2.43703E-28  3.86293E-23  3.36464E-19  3.67969E-16  7.07765E-14
  4.61931E-12  1.09622E-10  1.33078E-09  9.40184E-09  4.26519E-08  1.35994E-07
  3.34771E-07  6.75435E-07  1.17454E-06  1.82286E-06  2.62648E-06  3.60101E-06
  4.75608E-06  6.11319E-06  7.69381E-06  9.50954E-06  1.15681E-05  1.39255E-05
  1.64896E-05  1.91826E-05  2.19307E-05  2.46670E-05  2.73358E-05  2.98957E-05
  3.23196E-05  3.45943E-05  3.67166E-05  3.86916E-05  4.05287E-05  4.22401E-05
  4.38386E-05  4.53366E-05  4.67457E-05  4.80758E-05  4.93355E-05  5.05319E-05
  5.16708E-05  5.27567E-05  5.37933E-05  5.47833E-05  5.57287E-05  5.66306E-05
  5.74900E-05  5.83071E-05  5.90818E-05  5.98134E-05  6.05012E-05  6.11440E-05

 H2+ Dissociative Excitation n=9 / n=1 (jt,jn)
  jn =   1
  3.59008E-83  1.17042E-70  5.32713E-60  5.91709E-51  2.63470E-43  7.30044E-37
  1.85639E-31  6.09889E-27  3.49516E-23  4.54297E-20  1.68354E-17  2.16942E-15
  1.15406E-13  2.93759E-12  4.05978E-11  3.39210E-10  1.87671E-09  7.42151E-09
  2.23590E-08  5.41028E-08  1.09812E-07  1.93693E-07  3.05527E-07  4.40994E-07
  5.93199E-07  7.54418E-07  9.17410E-07  1.07608E-06  1.22568E-06  1.36261E-06
  1.48430E-06  1.58890E-06  1.67519E-06  1.74246E-06  1.79050E-06  1.81954E-06
  1.83028E-06  1.82382E-06  1.80161E-06  1.76538E-06  1.71706E-06  1.65863E-06
  1.59211E-06  1.51942E-06  1.44234E-06  1.36247E-06  1.28121E-06  1.19976E-06
  1.11912E-06  1.04012E-06  9.63428E-07  8.89578E-07  8.18988E-07  7.51978E-07
  6.88775E-07  6.29521E-07  5.74275E-07  5.23012E-07  4.75621E-07  4.31899E-07

  jn =   2
  8.63974E-83  2.69275E-70  1.17575E-59  1.25745E-50  5.41087E-43  1.45406E-36
  3.59809E-31  1.15400E-26  6.47543E-23  8.26416E-20  3.01489E-17  3.83398E-15
  2.01743E-13  5.09063E-12  6.98867E-11  5.81197E-10  3.20639E-09  1.26655E-08
  3.81759E-08  9.25560E-08  1.88481E-07  3.33963E-07  5.29760E-07  7.69734E-07
  1.04322E-06  1.33786E-06  1.64174E-06  1.94456E-06  2.23797E-06  2.51536E-06
  2.77159E-06  3.00260E-06  3.20525E-06  3.37712E-06  3.51659E-06  3.62279E-06
  3.69564E-06  3.73585E-06  3.74488E-06  3.72483E-06  3.67831E-06  3.60828E-06
  3.51792E-06  3.41041E-06  3.28886E-06  3.15622E-06  3.01517E-06  2.86814E-06
  2.71730E-06  2.56455E-06  2.41157E-06  2.25984E-06  2.11067E-06  1.96521E-06
  1.82444E-06  1.68921E-06  1.56015E-06  1.43771E-06  1.32209E-06  1.21324E-06

  jn =   3
  1.64313E-82  4.97485E-70  2.11529E-59  2.20865E-50  9.30214E-43  2.45261E-36
  5.96805E-31  1.88624E-26  1.04505E-22  1.31927E-19  4.76874E-17  6.01815E-15
  3.14729E-13  7.90398E-12  1.08139E-10  8.97354E-10  4.94564E-09  1.95375E-08
  5.89547E-08  1.43225E-07  2.92505E-07  5.20169E-07  8.28715E-07  1.21008E-06
  1.64909E-06  2.12761E-06  2.62787E-06  3.13421E-06  3.63367E-06  4.11573E-06
  4.57186E-06  4.99505E-06  5.37942E-06  5.72016E-06  6.01347E-06  6.25666E-06
  6.44824E-06  6.58796E-06  6.67680E-06  6.71686E-06  6.71120E-06  6.66359E-06
  6.57828E-06  6.45974E-06  6.31247E-06  6.14079E-06  5.94880E-06  5.74023E-06
  5.51851E-06  5.28671E-06  5.04766E-06  4.80393E-06  4.55793E-06  4.31187E-06
  4.06782E-06  3.82764E-06  3.59296E-06  3.36504E-06  3.14474E-06  2.93235E-06

  jn =   4
  2.55785E-82  7.70685E-70  3.25545E-59  3.37381E-50  1.40993E-42  3.68901E-36
  8.91145E-31  2.79768E-26  1.54075E-22  1.93490E-19  6.96321E-17  8.75597E-15
  4.56628E-13  1.14446E-11  1.56385E-10  1.29707E-09  7.15020E-09  2.82718E-08
  8.54402E-08  2.08003E-07  4.25908E-07  7.59731E-07  1.21459E-06  1.78036E-06
  2.43637E-06  3.15736E-06  3.91817E-06  4.69637E-06  5.47309E-06  6.23281E-06
  6.96261E-06  7.65159E-06  8.29033E-06  8.87076E-06  9.38617E-06  9.83134E-06
  1.02028E-05  1.04988E-05  1.07195E-05  1.08669E-05  1.09443E-05  1.09564E-05
  1.09086E-05  1.08069E-05  1.06575E-05  1.04662E-05  1.02389E-05  9.98083E-06
  9.69679E-06  9.39123E-06  9.06823E-06  8.73159E-06  8.38491E-06  8.03163E-06
  7.67501E-06  7.31814E-06  6.96375E-06  6.61408E-06  6.27067E-06  5.93405E-06

  jn =   5
  3.42457E-82  1.04806E-69  4.47472E-59  4.66847E-50  1.95829E-42  5.13273E-36
  1.24042E-30  3.89243E-26  2.14157E-22  2.68619E-19  9.65561E-17  1.21300E-14
  6.32201E-13  1.58419E-11  2.16527E-10  1.79714E-09  9.91787E-09  3.92745E-08
  1.18914E-07  2.90137E-07  5.95579E-07  1.06533E-06  1.70827E-06  2.51200E-06
  3.44918E-06  4.48561E-06  5.58680E-06  6.72168E-06  7.86382E-06  8.99118E-06
  1.00852E-05  1.11298E-05  1.21110E-05  1.30163E-05  1.38352E-05  1.45588E-05
  1.51811E-05  1.56982E-05  1.61090E-05  1.64151E-05  1.66202E-05  1.67299E-05
  1.67512E-05  1.66920E-05  1.65604E-05  1.63647E-05  1.61126E-05  1.58114E-05
  1.54679E-05  1.50881E-05  1.46778E-05  1.42424E-05  1.37869E-05  1.33163E-05
  1.28355E-05  1.23490E-05  1.18610E-05  1.13751E-05  1.08935E-05  1.04168E-05

  jn =   6
  4.09150E-82  1.28790E-69  5.63231E-59  5.98871E-50  2.54729E-42  6.74121E-36
  1.63988E-30  5.16980E-26  2.85417E-22  3.58959E-19  1.29299E-16  1.62698E-14
  8.49063E-13  2.12999E-11  2.91446E-10  2.42189E-09  1.33848E-08  5.30931E-08
  1.61071E-07  3.93871E-07  8.10507E-07  1.45363E-06  2.33745E-06  3.44727E-06
  4.74769E-06  6.19346E-06  7.73833E-06  9.34017E-06  1.09628E-05  1.25757E-05
  1.41527E-05  1.56709E-05  1.71099E-05  1.84512E-05  1.96790E-05  2.07796E-05
  2.17431E-05  2.25628E-05  2.32358E-05  2.37629E-05  2.41484E-05  2.43992E-05
  2.45242E-05  2.45338E-05  2.44390E-05  2.42506E-05  2.39793E-05  2.36350E-05
  2.32268E-05  2.27631E-05  2.22518E-05  2.17002E-05  2.11154E-05  2.05046E-05
  1.98745E-05  1.92320E-05  1.85831E-05  1.79330E-05  1.72852E-05  1.66405E-05

  jn =   7
  4.49784E-82  1.46020E-69  6.58125E-59  7.18566E-50  3.12568E-42  8.42802E-36
  2.08104E-30  6.63295E-26  3.68904E-22  4.66134E-19  1.68425E-16  2.12448E-14
  1.11129E-12  2.79473E-11  3.83412E-10  3.19483E-09  1.77054E-08  7.04258E-08
  2.14244E-07  5.25339E-07  1.08402E-06  1.94954E-06  3.14355E-06  4.64891E-06
  6.42026E-06  8.39830E-06  1.05217E-05  1.27340E-05  1.49864E-05  1.72372E-05
  1.94505E-05  2.15944E-05  2.36402E-05  2.55618E-05  2.73363E-05  2.89439E-05
  3.03692E-05  3.16016E-05  3.26356E-05  3.34709E-05  3.41116E-05  3.45658E-05
  3.48448E-05  3.49616E-05  3.49305E-05  3.47659E-05  3.44819E-05  3.40919E-05
  3.36082E-05  3.30424E-05  3.24053E-05  3.17072E-05  3.09582E-05  3.01683E-05
  2.93472E-05  2.85047E-05  2.76497E-05  2.67895E-05  2.59292E-05  2.50699E-05

  jn =   8
  4.68444E-82  1.55694E-69  7.21645E-59  8.12900E-50  3.64652E-42  1.00843E-35
  2.53482E-30  8.17996E-26  4.59601E-22  5.86528E-19  2.14022E-16  2.72394E-14
  1.43525E-12  3.62827E-11  4.99429E-10  4.16991E-09  2.31394E-08  9.21442E-08
  2.80675E-07  6.89350E-07  1.42530E-06  2.56932E-06  4.15383E-06  6.16052E-06
  8.53345E-06  1.11973E-05  1.40730E-05  1.70865E-05  2.01729E-05  2.32758E-05
  2.63458E-05  2.93381E-05  3.22117E-05  3.49286E-05  3.74548E-05  3.97607E-05
  4.18225E-05  4.36235E-05  4.51539E-05  4.64115E-05  4.74008E-05  4.81319E-05
  4.86197E-05  4.88819E-05  4.89380E-05  4.88077E-05  4.85106E-05  4.80648E-05
  4.74874E-05  4.67939E-05  4.59989E-05  4.51162E-05  4.41594E-05  4.31418E-05
  4.20768E-05  4.09775E-05  3.98563E-05  3.87235E-05  3.75860E-05  3.64456E-05

  jn =   9
  4.73652E-82  1.59698E-69  7.55771E-59  8.74484E-50  4.03176E-42  1.14232E-35
  2.93817E-30  9.71336E-26  5.58882E-22  7.27367E-19  2.68892E-16  3.44469E-14
  1.81846E-12  4.59526E-11  6.32068E-10  5.27789E-09  2.93288E-08  1.17100E-07
  3.57963E-07  8.82747E-07  1.83288E-06  3.31779E-06  5.38508E-06  8.01616E-06
  1.11423E-05  1.46680E-05  1.84917E-05  2.25178E-05  2.66617E-05  3.08495E-05
  3.50163E-05  3.91025E-05  4.30533E-05  4.68171E-05  5.03468E-05  5.36007E-05
  5.65442E-05  5.91512E-05  6.14047E-05  6.32977E-05  6.48316E-05  6.60163E-05
  6.68675E-05  6.74059E-05  6.76546E-05  6.76382E-05  6.73812E-05  6.69075E-05
  6.62396E-05  6.53990E-05  6.44061E-05  6.32809E-05  6.20431E-05  6.07127E-05
  5.93097E-05  5.78537E-05  5.63631E-05  5.48534E-05  5.33353E-05  5.18113E-05

  jn =  10
  4.80733E-82  1.61548E-69  7.70179E-59  9.04881E-50  4.25787E-42  1.23887E-35
  3.29094E-30  1.12237E-25  6.60242E-22  8.69330E-19  3.23198E-16  4.16175E-14
  2.21366E-12  5.65184E-11  7.86786E-10  6.65120E-09  3.73838E-08  1.50714E-07
  4.64257E-07  1.15143E-06  2.40059E-06  4.35813E-06  7.08883E-06  1.05703E-05
  1.47143E-05  1.93981E-05  2.44906E-05  2.98684E-05  3.54216E-05  4.10536E-05
  4.66776E-05  5.22135E-05  5.75859E-05  6.27235E-05  6.75603E-05  7.20376E-05
  7.61065E-05  7.97299E-05  8.28835E-05  8.55569E-05  8.77520E-05  8.94818E-05
  9.07681E-05  9.16386E-05  9.21249E-05  9.22598E-05  9.20758E-05  9.16035E-05
  9.08719E-05  8.99075E-05  8.87355E-05  8.73800E-05  8.58648E-05  8.42143E-05
  8.24532E-05  8.06063E-05  7.86972E-05  7.67464E-05  7.47681E-05  7.27657E-05

  jn =  11
  5.46774E-82  1.79647E-69  8.40356E-59  9.74613E-50  4.56999E-42  1.34015E-35
  3.61078E-30  1.24178E-25  7.37882E-22  9.85969E-19  3.75837E-16  5.00474E-14
  2.75542E-12  7.23712E-11  1.02669E-09  8.76225E-09  4.93431E-08  1.98269E-07
  6.06919E-07  1.49411E-06  3.09229E-06  5.57770E-06  9.02543E-06  1.34069E-05
  1.86182E-05  2.45182E-05  3.09583E-05  3.78002E-05  4.49209E-05  5.22109E-05
  5.95695E-05  6.68996E-05  7.41056E-05  8.10924E-05  8.77674E-05  9.40435E-05
  9.98430E-05  1.05101E-04  1.09769E-04  1.13816E-04  1.17227E-04  1.20004E-04
  1.22165E-04  1.23735E-04  1.24750E-04  1.25250E-04  1.25277E-04  1.24872E-04
  1.24077E-04  1.22933E-04  1.21478E-04  1.19752E-04  1.17793E-04  1.15639E-04
  1.13329E-04  1.10902E-04  1.08393E-04  1.05832E-04  1.03239E-04  1.00620E-04

  jn =  12
  6.64768E-82  2.25175E-69  1.05108E-58  1.20171E-49  5.50711E-42  1.59703E-35
  4.26233E-30  1.45854E-25  8.70251E-22  1.20015E-18  4.81388E-16  6.66195E-14
  3.72700E-12  9.71429E-11  1.35398E-09  1.12855E-08  6.20076E-08  2.43564E-07
  7.31165E-07  1.77140E-06  3.62000E-06  6.46632E-06  1.03881E-05  1.53528E-05
  2.12505E-05  2.79348E-05  3.52554E-05  4.30747E-05  5.12727E-05  5.97432E-05
  6.83884E-05  7.71122E-05  8.58170E-05  9.44023E-05  1.02766E-04  1.10809E-04
  1.18436E-04  1.25564E-04  1.32123E-04  1.38059E-04  1.43336E-04  1.47933E-04
  1.51846E-04  1.55081E-04  1.57655E-04  1.59589E-04  1.60910E-04  1.61647E-04
  1.61829E-04  1.61490E-04  1.60661E-04  1.59379E-04  1.57684E-04  1.55622E-04
  1.53240E-04  1.50590E-04  1.47725E-04  1.44690E-04  1.41523E-04  1.38240E-04

  jn =  13
  8.29909E-82  3.15210E-69  1.52904E-58  1.78804E-49  8.65877E-42  2.38359E-35
  6.37226E-30  2.14104E-25  1.30562E-21  1.91273E-18  7.93431E-16  1.07516E-13
  5.66690E-12  1.38146E-10  1.79516E-09  1.41350E-08  7.39956E-08  2.79997E-07
  8.16778E-07  1.94561E-06  3.93056E-06  6.96407E-06  1.11223E-05  1.63688E-05
  2.25900E-05  2.96379E-05  3.73625E-05  4.56291E-05  5.43222E-05  6.33412E-05
  7.25941E-05  8.19906E-05  9.14381E-05  1.00840E-04  1.10098E-04  1.19114E-04
  1.27793E-04  1.36051E-04  1.43816E-04  1.51031E-04  1.57655E-04  1.63664E-04
  1.69046E-04  1.73803E-04  1.77941E-04  1.81475E-04  1.84421E-04  1.86795E-04
  1.88615E-04  1.89898E-04  1.90660E-04  1.90922E-04  1.90708E-04  1.90046E-04
  1.88971E-04  1.87522E-04  1.85741E-04  1.83666E-04  1.81323E-04  1.78716E-04

  jn =  14
  9.13612E-82  4.05406E-69  2.29321E-58  2.95982E-49  1.55499E-41  5.03882E-35
  1.27357E-29  4.63513E-25  3.03954E-21  4.81515E-18  1.87097E-15  2.30146E-13
  1.10028E-11  2.45523E-10  2.94041E-09  2.14261E-08  1.05190E-07  3.76173E-07
  1.04529E-06  2.36914E-06  4.58281E-06  7.82071E-06  1.21173E-05  1.74233E-05
  2.37560E-05  3.09368E-05  3.88084E-05  4.72344E-05  5.61005E-05  6.53087E-05
  7.47702E-05  8.43982E-05  9.41035E-05  1.03793E-04  1.13371E-04  1.22742E-04
  1.31814E-04  1.40506E-04  1.48747E-04  1.56483E-04  1.63676E-04  1.70301E-04
  1.76351E-04  1.81828E-04  1.86742E-04  1.91107E-04  1.94943E-04  1.98265E-04
  2.01092E-04  2.03438E-04  2.05321E-04  2.06759E-04  2.07771E-04  2.08384E-04
  2.08628E-04  2.08539E-04  2.08153E-04  2.07503E-04  2.06608E-04  2.05458E-04

  jn =  15
  7.86364E-82  4.00955E-69  2.87911E-58  4.96373E-49  3.16044E-41  9.90670E-35
  3.06148E-29  1.30773E-24  1.01732E-20  1.56461E-17  6.39881E-15  7.00019E-13
  3.30726E-11  6.62436E-10  7.44743E-09  5.15369E-08  2.36266E-07  7.76128E-07
  1.98374E-06  4.15629E-06  7.45764E-06  1.18078E-05  1.70804E-05  2.31213E-05
  2.96958E-05  3.66540E-05  4.39556E-05  5.15748E-05  5.95831E-05  6.83516E-05
  7.75560E-05  8.70256E-05  9.66339E-05  1.06270E-04  1.15827E-04  1.25205E-04
  1.34310E-04  1.43058E-04  1.51380E-04  1.59219E-04  1.66540E-04  1.73319E-04
  1.79548E-04  1.85233E-04  1.90383E-04  1.95016E-04  1.99151E-04  2.02807E-04
  2.06002E-04  2.08755E-04  2.11084E-04  2.13007E-04  2.14548E-04  2.15733E-04
  2.16597E-04  2.17176E-04  2.17510E-04  2.17634E-04  2.17568E-04  2.17305E-04

 H2+ Dissociative Recombination n=9 / n=1 (jt,jn)
  jn =   1
  5.48877E-05  4.49829E-05  3.67960E-05  3.00601E-05  2.45422E-05  2.00396E-05
  1.63776E-05  1.34068E-05  1.10016E-05  9.05687E-06  7.48563E-06  6.21636E-06
  5.19053E-06  4.36045E-06  3.68739E-06  3.13998E-06  2.69290E-06  2.32581E-06
  2.02240E-06  1.76970E-06  1.55744E-06  1.37752E-06  1.22360E-06  1.09073E-06
  9.75064E-07  8.73594E-07  7.83976E-07  7.04370E-07  6.33320E-07  5.69661E-07
  5.12452E-07  4.60921E-07  4.14427E-07  3.72430E-07  3.34467E-07  3.00142E-07
  2.69103E-07  2.41044E-07  2.15690E-07  1.92796E-07  1.72139E-07  1.53518E-07
  1.36752E-07  1.21672E-07  1.08126E-07  9.59733E-08  8.50865E-08  7.53470E-08
  6.66466E-08  5.88858E-08  5.19731E-08  4.58248E-08  4.03643E-08  3.55213E-08
  3.12318E-08  2.74377E-08  2.40857E-08  2.11280E-08  1.85211E-08  1.62258E-08

  jn =   2
  1.32150E-04  1.03593E-04  8.13684E-05  6.40932E-05  5.06666E-05  4.02217E-05
  3.20825E-05  2.57251E-05  2.07456E-05  1.68335E-05  1.37499E-05  1.13111E-05
  9.37542E-06  7.83314E-06  6.59906E-06  5.60678E-06  4.80436E-06  4.15116E-06
  3.61533E-06  3.17193E-06  2.80149E-06  2.48888E-06  2.22232E-06  1.99273E-06
  1.79307E-06  1.61791E-06  1.46305E-06  1.32520E-06  1.20179E-06  1.09081E-06
  9.90606E-07  8.99873E-07  8.17518E-07  7.42635E-07  6.74454E-07  6.12317E-07
  5.55649E-07  5.03949E-07  4.56771E-07  4.13718E-07  3.74433E-07  3.38596E-07
  3.05914E-07  2.76123E-07  2.48983E-07  2.24274E-07  2.01794E-07  1.81359E-07
  1.62800E-07  1.45962E-07  1.30702E-07  1.16888E-07  1.04399E-07  9.31230E-08
  8.29559E-08  7.38021E-08  6.55730E-08  5.81866E-08  5.15672E-08  4.56445E-08

  jn =   3
  2.51921E-04  1.92318E-04  1.47644E-04  1.14092E-04  8.87848E-05  6.95870E-05
  5.49321E-05  4.36741E-05  3.49732E-05  2.82114E-05  2.29300E-05  1.87858E-05
  1.55196E-05  1.29340E-05  1.08777E-05  9.23403E-06  7.91229E-06  6.84212E-06
  5.96870E-06  5.24935E-06  4.65090E-06  4.14765E-06  3.71974E-06  3.35185E-06
  3.03220E-06  2.75173E-06  2.50347E-06  2.28203E-06  2.08322E-06  1.90376E-06
  1.74104E-06  1.59300E-06  1.45792E-06  1.33442E-06  1.22133E-06  1.11765E-06
  1.02252E-06  9.35192E-07  8.55000E-07  7.81350E-07  7.13708E-07  6.51590E-07
  5.94554E-07  5.42195E-07  4.94145E-07  4.50060E-07  4.09628E-07  3.72559E-07
  3.38587E-07  3.07466E-07  2.78970E-07  2.52889E-07  2.29033E-07  2.07223E-07
  1.87296E-07  1.69104E-07  1.52506E-07  1.37377E-07  1.23599E-07  1.11064E-07

  jn =   4
  3.95608E-04  3.02632E-04  2.32758E-04  1.80117E-04  1.40249E-04  1.09877E-04
  8.66094E-05  6.86973E-05  5.48481E-05  4.40977E-05  3.57213E-05  2.91708E-05
  2.40292E-05  1.99775E-05  1.67710E-05  1.42207E-05  1.21806E-05  1.05374E-05
  9.20308E-06  8.10953E-06  7.20393E-06  6.44550E-06  5.80282E-06  5.25175E-06
  4.77378E-06  4.35473E-06  3.98372E-06  3.65239E-06  3.35428E-06  3.08438E-06
  2.83875E-06  2.61428E-06  2.40847E-06  2.21928E-06  2.04503E-06  1.88431E-06
  1.73591E-06  1.59879E-06  1.47204E-06  1.35485E-06  1.24648E-06  1.14628E-06
  1.05366E-06  9.68044E-07  8.88944E-07  8.15884E-07  7.48432E-07  6.86181E-07
  6.28758E-07  5.75812E-07  5.27016E-07  4.82067E-07  4.40681E-07  4.02594E-07
  3.67559E-07  3.35347E-07  3.05743E-07  2.78550E-07  2.53581E-07  2.30667E-07

  jn =   5
  5.39009E-04  4.23121E-04  3.32253E-04  2.61035E-04  2.05302E-04  1.61773E-04
  1.27834E-04  1.01403E-04  8.08327E-05  6.48227E-05  5.23522E-05  4.26233E-05
  3.50146E-05  2.90447E-05  2.43418E-05  2.06187E-05  1.76540E-05  1.52767E-05
  1.33550E-05  1.17868E-05  1.04935E-05  9.41454E-06  8.50341E-06  7.72443E-06
  7.05030E-06  6.46013E-06  5.93795E-06  5.47154E-06  5.05147E-06  4.67048E-06
  4.32289E-06  4.00426E-06  3.71103E-06  3.44035E-06  3.18989E-06  2.95772E-06
  2.74220E-06  2.54194E-06  2.35574E-06  2.18251E-06  2.02133E-06  1.87134E-06
  1.73176E-06  1.60189E-06  1.48108E-06  1.36873E-06  1.26428E-06  1.16722E-06
  1.07705E-06  9.93334E-07  9.15636E-07  8.43561E-07  7.76734E-07  7.14806E-07
  6.57446E-07  6.04345E-07  5.55213E-07  5.09778E-07  4.67784E-07  4.28992E-07

  jn =   6
  6.56595E-04  5.35451E-04  4.34468E-04  3.50030E-04  2.80065E-04  2.23003E-04
  1.77218E-04  1.40951E-04  1.12459E-04  9.01703E-05  7.27621E-05  5.91625E-05
  4.85244E-05  4.01850E-05  3.36276E-05  2.84509E-05  2.43429E-05  2.10618E-05
  1.84205E-05  1.62745E-05  1.45123E-05  1.30482E-05  1.18167E-05  1.07675E-05
  9.86201E-06  9.07108E-06  8.37226E-06  7.74844E-06  7.18647E-06  6.67624E-06
  6.20992E-06  5.78137E-06  5.38578E-06  5.01931E-06  4.67887E-06  4.36193E-06
  4.06638E-06  3.79046E-06  3.53264E-06  3.29161E-06  3.06618E-06  2.85531E-06
  2.65806E-06  2.47355E-06  2.30097E-06  2.13959E-06  1.98872E-06  1.84770E-06
  1.71592E-06  1.59283E-06  1.47787E-06  1.37057E-06  1.27043E-06  1.17702E-06
  1.08992E-06  1.00874E-06  9.33121E-07  8.62704E-07  7.97166E-07  7.36201E-07

  jn =   7
  7.32227E-04  6.20791E-04  5.22581E-04  4.34058E-04  3.55691E-04  2.88448E-04
  2.32272E-04  1.86285E-04  1.49245E-04  1.19797E-04  9.66066E-05  7.84446E-05
  6.42497E-05  5.31464E-05  4.44367E-05  3.75755E-05  3.21411E-05  2.78089E-05
  2.43289E-05  2.15087E-05  1.91998E-05  1.72881E-05  1.56859E-05  1.43259E-05
  1.31564E-05  1.21379E-05  1.12403E-05  1.04405E-05  9.72066E-06  9.06725E-06
  8.46974E-06  7.91997E-06  7.41156E-06  6.93947E-06  6.49968E-06  6.08892E-06
  5.70452E-06  5.34426E-06  5.00622E-06  4.68879E-06  4.39054E-06  4.11019E-06
  3.84663E-06  3.59881E-06  3.36581E-06  3.14676E-06  2.94086E-06  2.74736E-06
  2.56558E-06  2.39485E-06  2.23456E-06  2.08414E-06  1.94302E-06  1.81069E-06
  1.68664E-06  1.57041E-06  1.46155E-06  1.35963E-06  1.26423E-06  1.17499E-06

  jn =   8
  7.68584E-04  6.70476E-04  5.83142E-04  5.01379E-04  4.24271E-04  3.52607E-04
  2.88314E-04  2.33256E-04  1.87989E-04  1.51723E-04  1.23003E-04  1.00314E-04
  8.23688E-05  6.81543E-05  5.68871E-05  4.79522E-05  4.08586E-05  3.52123E-05
  3.06976E-05  2.70640E-05  2.41144E-05  2.16954E-05  1.96882E-05  1.80013E-05
  1.65645E-05  1.53240E-05  1.42388E-05  1.32774E-05  1.24158E-05  1.16356E-05
  1.09226E-05  1.02659E-05  9.65724E-06  9.09004E-06  8.55925E-06  8.06088E-06
  7.59177E-06  7.14941E-06  6.73172E-06  6.33700E-06  5.96381E-06  5.61089E-06
  5.27714E-06  4.96157E-06  4.66325E-06  4.38133E-06  4.11500E-06  3.86349E-06
  3.62606E-06  3.40200E-06  3.19063E-06  2.99130E-06  2.80337E-06  2.62625E-06
  2.45937E-06  2.30219E-06  2.15417E-06  2.01485E-06  1.88374E-06  1.76042E-06

  jn =   9
  7.79790E-04  6.91895E-04  6.16300E-04  5.45607E-04  4.74801E-04  4.03652E-04
  3.36650E-04  2.77871E-04  2.28313E-04  1.87028E-04  1.52758E-04  1.24527E-04
  1.01574E-04  8.31816E-05  6.86230E-05  5.71892E-05  4.82378E-05  4.12227E-05
  3.57003E-05  3.13211E-05  2.78158E-05  2.49785E-05  2.26533E-05  2.07220E-05
  1.90956E-05  1.77064E-05  1.65031E-05  1.54467E-05  1.45076E-05  1.36630E-05
  1.28953E-05  1.21910E-05  1.15397E-05  1.09332E-05  1.03651E-05  9.83055E-06
  9.32545E-06  8.84669E-06  8.39175E-06  7.95859E-06  7.54559E-06  7.15138E-06
  6.77487E-06  6.41512E-06  6.07137E-06  5.74294E-06  5.42925E-06  5.12979E-06
  4.84409E-06  4.57172E-06  4.31226E-06  4.06531E-06  3.83050E-06  3.60741E-06
  3.39565E-06  3.19483E-06  3.00453E-06  2.82435E-06  2.65386E-06  2.49265E-06

  jn =  10
  7.92148E-04  7.01478E-04  6.30469E-04  5.67428E-04  5.03966E-04  4.39282E-04
  3.77276E-04  3.20105E-04  2.67699E-04  2.20278E-04  1.78798E-04  1.43993E-04
  1.15829E-04  9.36204E-05  7.63800E-05  6.30906E-05  5.28537E-05  4.49376E-05
  3.87729E-05  3.39277E-05  3.00782E-05  2.69829E-05  2.44618E-05  2.23804E-05
  2.06379E-05  1.91584E-05  1.78846E-05  1.67730E-05  1.57906E-05  1.49121E-05
  1.41179E-05  1.33931E-05  1.27260E-05  1.21073E-05  1.15301E-05  1.09886E-05
  1.04782E-05  9.99543E-06  9.53727E-06  9.10131E-06  8.68557E-06  8.28836E-06
  7.90828E-06  7.54413E-06  7.19486E-06  6.85958E-06  6.53751E-06  6.22794E-06
  5.93027E-06  5.64397E-06  5.36857E-06  5.10365E-06  4.84885E-06  4.60384E-06
  4.36834E-06  4.14209E-06  3.92488E-06  3.71649E-06  3.51675E-06  3.32547E-06

  jn =  11
  8.98527E-04  7.78172E-04  6.86982E-04  6.11098E-04  5.41189E-04  4.75162E-04
  4.13206E-04  3.52377E-04  2.95260E-04  2.42023E-04  1.95148E-04  1.56101E-04
  1.24828E-04  1.00396E-04  8.15684E-05  6.71361E-05  5.60667E-05  4.75374E-05
  4.09168E-05  3.57300E-05  3.16228E-05  2.83319E-05  2.56613E-05  2.34651E-05
  2.16338E-05  2.00854E-05  1.87579E-05  1.76044E-05  1.65892E-05  1.56851E-05
  1.48709E-05  1.41305E-05  1.34513E-05  1.28235E-05  1.22393E-05  1.16926E-05
  1.11786E-05  1.06933E-05  1.02337E-05  9.79713E-06  9.38148E-06  8.98499E-06
  8.60618E-06  8.24377E-06  7.89666E-06  7.56389E-06  7.24460E-06  6.93804E-06
  6.64350E-06  6.36035E-06  6.08801E-06  5.82592E-06  5.57360E-06  5.33056E-06
  5.09637E-06  4.87061E-06  4.65292E-06  4.44293E-06  4.24032E-06  4.04479E-06

  jn =  12
  1.08887E-03  9.70861E-04  8.54755E-04  7.50318E-04  6.50003E-04  5.64553E-04
  4.85902E-04  4.09888E-04  3.37591E-04  2.72692E-04  2.17455E-04  1.71432E-04
  1.35374E-04  1.07481E-04  8.66327E-05  7.08257E-05  5.88085E-05  4.96219E-05
  4.25418E-05  3.70301E-05  3.26900E-05  2.92297E-05  2.64342E-05  2.41445E-05
  2.22427E-05  2.06406E-05  1.92721E-05  1.80872E-05  1.70481E-05  1.61258E-05
  1.52981E-05  1.45478E-05  1.38616E-05  1.32291E-05  1.26421E-05  1.20941E-05
  1.15800E-05  1.10957E-05  1.06376E-05  1.02031E-05  9.79000E-06  9.39629E-06
  9.02043E-06  8.66108E-06  8.31705E-06  7.98737E-06  7.67113E-06  7.36756E-06
  7.07597E-06  6.79573E-06  6.52627E-06  6.26707E-06  6.01764E-06  5.77755E-06
  5.54638E-06  5.32373E-06  5.10923E-06  4.90253E-06  4.70330E-06  4.51121E-06

  jn =  13
  1.35919E-03  1.35708E-03  1.23895E-03  1.11214E-03  1.01812E-03  8.39276E-04
  7.21682E-04  5.89203E-04  4.72199E-04  3.74548E-04  2.91573E-04  2.22897E-04
  1.69427E-04  1.29753E-04  1.00417E-04  7.94591E-05  6.40746E-05  5.28422E-05
  4.45021E-05  3.83911E-05  3.37001E-05  3.00146E-05  2.70655E-05  2.46668E-05
  2.26850E-05  2.10230E-05  1.96089E-05  1.83890E-05  1.73227E-05  1.63792E-05
  1.55352E-05  1.47724E-05  1.40767E-05  1.34373E-05  1.28455E-05  1.22944E-05
  1.17786E-05  1.12937E-05  1.08362E-05  1.04032E-05  9.99223E-06  9.60132E-06
  9.22878E-06  8.87317E-06  8.53325E-06  8.20793E-06  7.89627E-06  7.59742E-06
  7.31064E-06  7.03523E-06  6.77058E-06  6.51613E-06  6.27136E-06  6.03578E-06
  5.80897E-06  5.59050E-06  5.37999E-06  5.17709E-06  4.98147E-06  4.79281E-06

  jn =  14
  1.50782E-03  1.76172E-03  1.86714E-03  1.84846E-03  1.83457E-03  1.77882E-03
  1.43567E-03  1.23256E-03  9.85224E-04  7.91447E-04  5.77518E-04  4.15465E-04
  2.97100E-04  2.13934E-04  1.55504E-04  1.15415E-04  8.80545E-05  6.90576E-05
  5.56420E-05  4.58240E-05  3.86009E-05  3.31694E-05  2.90481E-05  2.58842E-05
  2.35272E-05  2.16458E-05  2.00905E-05  1.87737E-05  1.76379E-05  1.66432E-05
  1.57602E-05  1.49675E-05  1.42485E-05  1.35908E-05  1.29845E-05  1.24221E-05
  1.18974E-05  1.14056E-05  1.09429E-05  1.05060E-05  1.00924E-05  9.69979E-06
  9.32640E-06  8.97067E-06  8.63128E-06  8.30705E-06  7.99697E-06  7.70015E-06
  7.41578E-06  7.14314E-06  6.88157E-06  6.63047E-06  6.38928E-06  6.15750E-06
  5.93465E-06  5.72029E-06  5.51401E-06  5.31541E-06  5.12413E-06  4.93983E-06

  jn =  15
  1.32277E-03  1.78229E-03  2.41390E-03  3.18405E-03  3.76901E-03  3.52730E-03
  3.46153E-03  3.36247E-03  2.98469E-03  2.28245E-03  1.79991E-03  1.18828E-03
  8.56279E-04  5.61387E-04  3.86337E-04  2.73686E-04  1.95505E-04  1.41196E-04
  1.04817E-04  7.98729E-05  6.24587E-05  4.98303E-05  4.07542E-05  3.41943E-05
  2.92870E-05  2.55400E-05  2.26635E-05  2.04147E-05  1.86540E-05  1.73415E-05
  1.62712E-05  1.53574E-05  1.45553E-05  1.38379E-05  1.31874E-05  1.25914E-05
  1.20407E-05  1.15286E-05  1.10497E-05  1.06000E-05  1.01760E-05  9.77516E-06
  9.39516E-06  9.03417E-06  8.69063E-06  8.36320E-06  8.05071E-06  7.75215E-06
  7.46663E-06  7.19335E-06  6.93158E-06  6.68067E-06  6.44004E-06  6.20913E-06
  5.98744E-06  5.77451E-06  5.56990E-06  5.37320E-06  5.18403E-06  5.00203E-06

