$ ION e  He [+0] (G)  e  He [+1] (G) e
& RC GOTO CODE 2.3.9A #INTERP2D
 65 1.0e+00 1.0e+04  2
 30 1.0e+08 1.0e+16  2
 1.7259701251376e-19    4.8360276433797e-18     8.7848635832726e-17
 1.0918140310384e-15    9.7370824406210e-15     6.4924089816281e-14
 3.3559533665801e-13    1.3891162413279e-12     4.7410449391958e-12
 1.3698532648708e-11    3.4307038531204e-11     7.6042609115026e-11
 1.5191418835912e-10    2.7786007716004e-10     4.7159293955771e-10
 7.5120411067361e-10    1.1338198959399e-09     1.6344666634106e-09
 2.2651538810742e-09    3.0341050395811e-09     3.9450747743273e-09
 4.9967545967429e-09    6.1823388770151e-09     7.4893580602123e-09
 8.8998736904331e-09    1.0391078980030e-08     1.1936281190788e-08
 1.3506178040158e-08    1.5070305179098e-08     1.6598504716575e-08
 1.8062290664028e-08    1.9436002701099e-08     2.0697683045016e-08
 2.1829647670976e-08    2.2818756834812e-08     2.3656415577995e-08
 2.4338350807366e-08    2.4864219878973e-08     2.5237105873641e-08
 2.5462950576776e-08    2.5549968534363e-08     2.5508076497781e-08
 2.5348363298718e-08    2.5082616611608e-08     2.4722915685608e-08
 2.4281293194178e-08    2.3769464878378e-08     2.3198622532968e-08
 2.2579283911512e-08    2.1921192086080e-08     2.1233256468942e-08
 2.0523527885186e-08    1.9799200615906e-08     1.9066635056671e-08
 1.8331395471390e-08    1.7598298173542e-08     1.6871466289924e-08
 1.6154388022114e-08    1.5449975996857e-08     1.4760625882045e-08
 1.4088272938878e-08    1.3434445587987e-08     1.2800315395465e-08
 1.2186743143293e-08    1.1594320847217e-08
 1.8190623851801e-19    5.0644900060405e-18     9.1470796938224e-17
 1.1309091774197e-15    1.0038017302868e-14     6.6644299434762e-14
 3.4316907663961e-13    1.4156796247298e-12     4.8176164917005e-12
 1.3885220492385e-11    3.4702044963497e-11     7.6784415516503e-11
 1.5317452070476e-10    2.7982855249360e-10     4.7445685846416e-10
 7.5512785057976e-10    1.1389278908837e-09     1.6408325766155e-09
 2.2727968909368e-09    3.0429926557490e-09     3.9551305789067e-09
 5.0078688621303e-09    6.1943800760836e-09     7.5021836884014e-09
 8.9133393735072e-09    1.0405045388734e-08     1.1950618725004e-08
 1.3520769539112e-08    1.5085047063344e-08     1.6613307000780e-08
 1.8077076236125e-08    1.9450706180124e-08     2.0712249438395e-08
 2.1844030970536e-08    2.2832918631431e-08     2.3670323738729e-08
 2.4351978243055e-08    2.4877543427877e-08     2.5250105329446e-08
 2.5475607891226e-08    2.5562267220866e-08     2.5520001251576e-08
 2.5359899832735e-08    2.5093751688255e-08     2.4733637307193e-08
 2.4291590901904e-08    2.3779330103909e-08     2.3208048947971e-08
 2.2588267728210e-08    2.1929732273954e-08     2.1241354866758e-08
 2.0531189201377e-08    1.9806432322254e-08     1.9073447189259e-08
 1.8337800358450e-08    1.7604310112349e-08     1.6877101194811e-08
 1.6159663063657e-08    1.5454909249052e-08     1.4765235990525e-08
 1.4092578819370e-08    1.3438466160681e-08     1.2804069357933e-08
 1.2190248782190e-08    1.1597595887196e-08
 1.9397672247175e-19    5.3527553165059e-18     9.5924697126758e-17
 1.1778393684780e-15    1.0391374666139e-14     6.8624315496178e-14
 3.5173436879551e-13    1.4452668571130e-12     4.9018216083819e-12
 1.4088398716695e-11    3.5128464798203e-11     7.7580373306316e-11
 1.5452112060407e-10    2.8192610516455e-10     4.7750433512963e-10
 7.5930180746866e-10    1.1443648689581e-09     1.6476176698396e-09
 2.2809595149165e-09    3.0525090163525e-09     3.9659312613351e-09
 5.0198494617823e-09    6.2074128240715e-09     7.5161284236586e-09
 8.9280527841756e-09    1.0420388019168e-08     1.1966459711220e-08
 1.3536989346753e-08    1.5101538658455e-08     1.6629975914775e-08
 1.8093839934394e-08    1.9467493048963e-08     2.0728997602347e-08
 2.1860687062162e-08    2.2849436571830e-08     2.3686663551257e-08
 2.4368104911371e-08    2.4893425814835e-08     2.5265715185795e-08
 2.5490918994590e-08    2.5577254689485e-08     2.5534641071141e-08
 2.5374168618872e-08    2.5107626685073e-08     2.4747096598224e-08
 2.4304613788803e-08    2.3791897593721e-08     2.3220144283794e-08
 2.2599876900529e-08    2.1940844459475e-08     2.1251962755791e-08
 2.0541289190836e-08    1.9816024567161e-08     1.9082535519025e-08
 1.8346392074362e-08    1.7612415689195e-08     1.6884733912567e-08
 1.6166838595297e-08    1.5461645228502e-08     1.4771551581343e-08
 1.4098494300612e-08    1.3444002542129e-08     1.2809248032831e-08
 1.2195091222104e-08    1.1602123380705e-08
 2.0815146799634e-19    5.6814221897914e-18     1.0087368588255e-16
 1.2288478268290e-15    1.0768379444131e-14     7.0704902107232e-14
 3.6062618223923e-13    1.4756984883320e-12     4.9878523355138e-12
 1.4295065956783e-11    3.5561126615261e-11     7.8387245295701e-11
 1.5588664516220e-10    2.8405588076984e-10     4.8060479112475e-10
 7.6355890740703e-10    1.1499258909070e-09     1.6545789333361e-09
 2.2893613038598e-09    3.0623373714778e-09     3.9771251491261e-09
 5.0323112395367e-09    6.2210198925686e-09     7.5307443352636e-09
 8.9435366529380e-09    1.0436601678542e-08     1.1983272561142e-08
 1.3554281167496e-08    1.5119200839767e-08     1.6647911584547e-08
 1.8111963415826e-08    1.9485728971956e-08     2.0747279881722e-08
 2.1878957855335e-08    2.2867645256995e-08     2.3704765726719e-08
 2.4386061404499e-08    2.4911201697236e-08     2.5283278809889e-08
 2.5508241086756e-08    2.5594307548611e-08     2.5551397924669e-08
 2.5390603180192e-08    2.5123712938416e-08     2.4762808813943e-08
 2.4319926747929e-08    2.3806786980164e-08     2.3234587188743e-08
 2.2613852377668e-08    2.1954334071590e-08     2.1264951061696e-08
 2.0553764133828e-08    1.9827977740669e-08     1.9093962299128e-08
 1.8357291621220e-08    1.7622790829057e-08     1.6894590918615e-08
 1.6176186889190e-08    1.5470497025565e-08     1.4779921501408e-08
 1.4106398964228e-08    1.3451460168761e-08     1.2816278054200e-08
 1.2201713920459e-08    1.1608359558628e-08
 2.2315314200047e-19    6.0213089014721e-18     1.0590052391048e-16
 1.2799652488013e-15    1.1142562977005e-14     7.2756691402059e-14
 3.6936210078845e-13    1.5055500236280e-12     5.0722598711255e-12
 1.4498151314451e-11    3.5987390048600e-11     7.9184820345349e-11
 1.5724156331219e-10    2.8617775522606e-10     4.8370682162735e-10
 7.6783636434381e-10    1.1555371882514e-09     1.6616323532714e-09
 2.2979088593454e-09    3.0723756819832e-09     3.9886019573974e-09
 5.0451355222809e-09    6.2350734216006e-09     7.5458928851675e-09
 8.9596396225655e-09    1.0453519505630e-08     1.2000871827930e-08
 1.3572437654099e-08    1.5137800971488e-08     1.6666852766147e-08
 1.8131153694785e-08    1.9505086367920e-08     2.0766731601236e-08
 2.1898439504262e-08    2.2887100084495e-08     2.3724143888105e-08
 2.4405319213668e-08    2.4930300844987e-08     2.5302185543316e-08
 2.5526925367834e-08    2.5612742229513e-08     2.5569557988525e-08
 2.5408465096876e-08    2.5141254176123e-08     2.4780007531422e-08
 2.4336761672862e-08    2.3823237460030e-08     2.3250633384691e-08
 2.2629475561272e-08    2.1969516979720e-08     2.1279678265809e-08
 2.0568022385139e-08    1.9841756261182e-08     1.9107252998028e-08
 1.8370089225787e-08    1.7635092927828e-08     1.6906397921401e-08
 1.6187501913554e-08    1.5481325722419e-08     1.4790271833786e-08
 1.4116280953338e-08    1.3460885620499e-08     1.2825260277701e-08
 1.2210267448405e-08    1.1616499877019e-08
 2.3812013759037e-19    6.3569659878497e-18     1.1083577732119e-16
 1.3300175103422e-15    1.1508799360385e-14     7.4767095687220e-14
 3.7793907663870e-13    1.5349325263913e-12     5.1555708773421e-12
 1.4699168054883e-11    3.6410513754998e-11     7.9978777722483e-11
 1.5859422685806e-10    2.8830238489124e-10     4.8682250227100e-10
 7.7214667401148e-10    1.1612111217310e-09     1.6687905466998e-09
 2.3066166617362e-09    3.0826430675270e-09     4.0003890498929e-09
 5.0583618173417e-09    6.2496286596319e-09     7.5616478204649e-09
 8.9764554605005e-09    1.0471255358394e-08     1.2019390039063e-08
 1.3591607195593e-08    1.5157499311421e-08     1.6686966661707e-08
 1.8151579326294e-08    1.9525729134814e-08     2.0787505790140e-08
 2.1919267936814e-08    2.2907913775185e-08     2.3744881694829e-08
 2.4425927444862e-08    2.4950732789734e-08     2.5322400907553e-08
 2.5546889621318e-08    2.5632425888455e-08     2.5588935872932e-08
 2.5427515607589e-08    2.5159958634348e-08     2.4798349614753e-08
 2.4354726968992e-08    2.3840813145191e-08     2.3267808020823e-08
 2.2646238995559e-08    2.1985860323532e-08     2.1295593927344e-08
 2.0583504130419e-08    1.9856799281233e-08     1.9121853964665e-08
 1.8384246323717e-08    1.7648805856011e-08     1.6919667861230e-08
 1.6200331465135e-08    1.5493718812868e-08     1.4802233603170e-08
 1.4127817624648e-08    1.3472004360131e-08     1.2835969052478e-08
 1.2220574884405e-08    1.1626415124514e-08
 2.5322007805200e-19    6.6957446880478e-18     1.1582653663590e-16
 1.3807542149500e-15    1.1880848399948e-14     7.6812352625036e-14
 3.8666862994526e-13    1.5648188280829e-12     5.2401722814667e-12
 1.4902803963536e-11    3.6837898226896e-11     8.0778256739716e-11
 1.5995233884235e-10    2.9043040492638e-10     4.8993787691713e-10
 7.7645317866028e-10    1.1668813164089e-09     1.6759530851204e-09
 2.3153496569216e-09    3.0929734107162e-09     4.0122965932670e-09
 5.0717868001301e-09    6.2644806738587e-09     7.5778148642617e-09
 8.9938120586734e-09    1.0489669197644e-08     1.2038726967654e-08
 1.3611734722707e-08    1.5178288900652e-08     1.6708295162698e-08
 1.8173329861970e-08    1.9547791688328e-08     2.0809777648969e-08
 2.1941654069824e-08    2.2930327156643e-08     2.3767243551554e-08
 2.4448167388842e-08    2.4972788802011e-08     2.5344219155217e-08
 2.5568424109115e-08    2.5653637965495e-08     2.5609793628954e-08
 2.5447993200602e-08    2.5180035592143e-08     2.4818010147979e-08
 2.4373959325095e-08    2.3859609022412e-08     2.3286162051600e-08
 2.2664148300166e-08    2.2003324128475e-08     2.1312613239306e-08
 2.0600081454743e-08    1.9872938374311e-08     1.9137559611027e-08
 1.8399524130864e-08    1.7663662062516e-08     1.6934109155999e-08
 1.6214364817685e-08    1.5507351316017e-08     1.4815472330442e-08
 1.4140669505125e-08    1.3484476073473e-08     1.2848066946387e-08
 1.2232304916162e-08    1.1637782827328e-08
 2.6947686419359e-19    7.0612648336987e-18     1.2121724315182e-16
 1.4355337123355e-15    1.2281663069595e-14     7.9006735279449e-14
 3.9597873403760e-13    1.5964466992726e-12     5.3288800259678e-12
 1.5114122726044e-11    3.7276549402290e-11     8.1589726560163e-11
 1.6131614358013e-10    2.9254659838431e-10     4.9301013105802e-10
 7.8067198195953e-10    1.1724100209817e-09     1.6829183403845e-09
 2.3238366267798e-09    3.1030252975865e-09     4.0239174650122e-09
 5.0849465238796e-09    6.2791208342248e-09     7.5938547810755e-09
 9.0111543205503e-09    1.0508204414077e-08     1.2058337668120e-08
 1.3632298479564e-08    1.5199680828211e-08     1.6730389961042e-08
 1.8196003554522e-08    1.9570923157901e-08     2.0833250030279e-08
 2.1965356013307e-08    2.2954153947882e-08     2.3791098054477e-08
 2.4471960779590e-08    2.4996441068243e-08     2.5367659352052e-08
 2.5591590379522e-08    2.5676477348573e-08     2.5632261690682e-08
 2.5470053527478e-08    2.5201659188919e-08     2.4839174777291e-08
 2.4394648820767e-08    2.3879812600904e-08     2.3305873638808e-08
 2.2683365884395e-08    2.2022049145438e-08     2.1330849991663e-08
 2.0617836566689e-08    1.9890220281067e-08     1.9154378083213e-08
 1.8415889834382e-08    1.7679586155425e-08     1.6949602924665e-08
 1.6229439355062e-08    1.5522017245120e-08     1.4829739575916e-08
 1.4154547115242e-08    1.3497972093918e-08     1.2861188345981e-08
 1.2245057563199e-08    1.1650171513668e-08
 2.8844126649444e-19    7.4867428702388e-18     1.2746775884580e-16
 1.4986875357820e-15    1.2740281592347e-14     8.1494245151505e-14
 4.0641623946295e-13    1.6314573879246e-12     5.4256998518373e-12
 1.5341276532783e-11    3.7740591117076e-11     8.2434341192586e-11
 1.6271326149637e-10    2.9468233475177e-10     4.9606955036588e-10
 7.8482595821919e-10    1.1778058827980e-09     1.6896745185287e-09
 2.3320406067794e-09    3.1127338406830e-09     4.0351581270022e-09
 5.0977197675224e-09    6.2934023365416e-09     7.6095977839669e-09
 9.0282920236708e-09    1.0526652466575e-08     1.2077996808013e-08
 1.3653057328324e-08    1.5221418802100e-08     1.6752980222514e-08
 1.8219315911951e-08    1.9594826815915e-08     2.0857616105340e-08
 2.1990059745926e-08    2.2979076564220e-08     2.3816128251828e-08
 2.4496995832368e-08    2.5021387568420e-08     2.5392433615237e-08
 2.5616118558235e-08    2.5700695301322e-08     2.5656114657397e-08
 2.5493495659801e-08    2.5224652978640e-08     2.4861690419111e-08
 2.4416663537750e-08    2.3901309953483e-08     2.3326842831780e-08
 2.2703801081424e-08    2.2041948797213e-08     2.1350216182124e-08
 2.0636674381055e-08    1.9908537199717e-08     1.9172183406251e-08
 1.8433194142608e-08    1.7696400814204e-08     1.6965939637531e-08
 1.6245309773712e-08    1.5537432641638e-08     1.4844710581639e-08
 1.4169083528680e-08    1.3512082757775e-08     1.2874881090671e-08
 1.2258339211689e-08    1.1663047940057e-08
 3.1207422942152e-19    8.0135997654131e-18     1.3514921664898e-16
 1.5756245551621e-15    1.3293529472229e-14     8.4462546112825e-14
 4.1872415882400e-13    1.6722175532162e-12     5.5368955257779e-12
 1.5598449981146e-11    3.8258226569184e-11     8.3362443153395e-11
 1.6422589642038e-10    2.9696235197034e-10     4.9929434056194e-10
 7.8915739111619e-10    1.1833851235994e-09     1.6966205833242e-09
 2.3404507785058e-09    3.1226842645746e-09     4.0467036064496e-09
 5.1108925650957e-09    6.3082103752949e-09     7.6260229297760e-09
 9.0462891288486e-09    1.0546149657958e-08     1.2098897219307e-08
 1.3675242199513e-08    1.5244751660627e-08     1.6777311739603e-08
 1.8244489005155e-08    1.9620681602565e-08     2.0883994397794e-08
 2.2016808878087e-08    2.3006052437427e-08     2.3843197572543e-08
 2.4524037580807e-08    2.5048293779903e-08     2.5419109584332e-08
 2.5642482584648e-08    2.5726678095174e-08     2.5681658511202e-08
 2.5518553478956e-08    2.5249187244320e-08     2.4885672139248e-08
 2.4440071224979e-08    2.3924128654514e-08     2.3349063221255e-08
 2.2725418625007e-08    2.2062962983311e-08     2.1370629818840e-08
 2.0656492954179e-08    1.9927768288216e-08     1.9190836153223e-08
 1.8451278781483e-08    1.7713928251583e-08     1.6982921095147e-08
 1.6261756492309e-08    1.5553355648942e-08     1.4860120525137e-08
 1.4183990571791e-08    1.3526496535391e-08     1.2888810717445e-08
 1.2271793334072e-08    1.1676034821364e-08
 3.4280961390049e-19    8.6931832785772e-18     1.4497139659109e-16
 1.6731057982129e-15    1.3987865751000e-14     8.8151563863431e-14
 4.3386971060878e-13    1.7218802508290e-12     5.6710507295371e-12
 1.5905722310327e-11    3.8870822099056e-11     8.4450665181051e-11
 1.6598394914630e-10    2.9959108101605e-10     5.0298683276186e-10
 7.9409072001238e-10    1.1897181779020e-09     1.7044955936641e-09
 2.3499954746760e-09    3.1340122506001e-09     4.0599118611711e-09
 5.1260563123298e-09    6.3253765049388e-09     7.6452035372458e-09
 9.0674566297833e-09    1.0569234494726e-08     1.2123788599956e-08
 1.3701791760363e-08    1.5272779528149e-08     1.6806614218325e-08
 1.8274847054719e-08    1.9651869317635e-08     2.0915786857591e-08
 2.2048988917359e-08    2.3038416080977e-08     2.3875558042416e-08
 2.4556227918632e-08    2.5080168216567e-08     2.5450543847088e-08
 2.5673373354230e-08    2.5756941826607e-08     2.5711229816162e-08
 2.5547383241982e-08    2.5277240615037e-08     2.4912926511851e-08
 2.4466514287221e-08    2.3949756562887e-08     2.3373878937746e-08
 2.2749430433918e-08    2.2086183193983e-08     2.1393073651200e-08
 2.0678177598307e-08    1.9948712125811e-08     1.9211058127532e-08
 1.8470797901970e-08    1.7732763220056e-08     1.7001090040668e-08
 1.6279276802595e-08    1.5570243886070e-08     1.4876392413068e-08
 1.4199661042716e-08    1.3541579821341e-08     1.2903320473343e-08
 1.2285742778578e-08    1.1689436882735e-08
 3.8378454736214e-19    9.5914253014970e-18     1.5784214849433e-16
 1.7997396825673e-15    1.4882124927831e-14     9.2863292955403e-14
 4.5306257451720e-13    1.7843639560909e-12     5.8387680093792e-12
 1.6287752005937e-11    3.9628895540529e-11     8.5792081546746e-11
 1.6814432461368e-10    3.0281407970143e-10     5.0750815680684e-10
 8.0013016584723e-10    1.1974792454531e-09     1.7141691749865e-09
 2.3617633497783e-09    3.1480471063978e-09     4.0763724373877e-09
 5.1450781864756e-09    6.3470603790685e-09     7.6696034590636e-09
 9.0945704354774e-09    1.0598998128224e-08     1.2156075115821e-08
 1.3736414988981e-08    1.5309501731386e-08     1.6845156648812e-08
 1.8314902184889e-08    1.9693113535130e-08     2.0957892614329e-08
 2.2091635572891e-08    2.3081298955156e-08     2.3918395443802e-08
 2.4598766123312e-08    2.5122184522373e-08     2.5491847930109e-08
 2.5713807206048e-08    2.5796378568024e-08     2.5749571673886e-08
 2.5584558948772e-08    2.5313202458868e-08     2.4947647221297e-08
 2.4499983902400e-08    2.3981979406409e-08     2.3404870769326e-08
 2.2779215846183e-08    2.2114793285438e-08     2.1420543994951e-08
 2.0704546511572e-08    1.9974019234688e-08     1.9235343213737e-08
 1.8494100012409e-08    1.7755120015976e-08     1.7022537360180e-08
 1.6299848408454e-08    1.5589971369454e-08     1.4895305223723e-08
 1.4217786616257e-08    1.3558943775702e-08     1.2919946848451e-08
 1.2301654296208e-08    1.1704655207081e-08
 4.3944424580292e-19    1.0800876443483e-17     1.7502081445117e-16
 1.9672899184716e-15    1.6055241455489e-14     9.8994205622571e-14
 4.7785234478812e-13    1.8645558106059e-12     6.0529048419702e-12
 1.6773599377606e-11    4.0590318174954e-11     8.7490413922102e-11
 1.7087731546507e-10    3.0689125865099e-10     5.1323163409797e-10
 8.0778558616479e-10    1.2073362068638e-09     1.7264866497199e-09
 2.3767945675006e-09    3.1660395779589e-09     4.0975612166951e-09
 5.1696729682597e-09    6.3752288479159e-09     7.7014541244981e-09
 9.1301380695063e-09    1.0638234144870e-08     1.2198844143975e-08
 1.3782497796355e-08    1.5358603771141e-08     1.6896920908851e-08
 1.8368924768585e-08    1.9748960391771e-08     2.1015116041422e-08
 2.2149789413218e-08    2.3139951752355e-08     2.3977141143701e-08
 2.4657232183099e-08    2.5180037498580e-08     2.5548796762205e-08
 2.5769604497260e-08    2.5850820204171e-08     2.5802495125080e-08
 2.5635840579925e-08    2.5362754142554e-08     2.4995412507767e-08
 2.4545933961329e-08    2.4026108916330e-08     2.3447193895302e-08
 2.2819762414748e-08    2.2153605238274e-08     2.1457672179004e-08
 2.0740047842843e-08    2.0007954255428e-08     1.9267774047911e-08
 1.8525088711587e-08    1.7784727277145e-08     1.7050821588170e-08
 1.6326865088608e-08    1.5615772710959e-08     1.4919940030601e-08
 1.4241300341570e-08    1.3581378714894e-08     1.2941342430085e-08
 1.2322047432137e-08    1.1724080669307e-08
 5.1673677682747e-19    1.2463930379590e-17     1.9840786026672e-16
 2.1930947917641e-15    1.7620307626212e-14     1.0709390195396e-13
 5.1030857118650e-13    1.9687228800523e-12     6.3292573677740e-12
 1.7397437894127e-11    4.1820254734744e-11     8.9657664247055e-11
 1.7435967408852e-10    3.1208266412110e-10     5.2051845534265e-10
 8.1753553978770e-10    1.2198991461575e-09     1.7422017266472e-09
 2.3959968230985e-09    3.1890604362935e-09     4.1247203306327e-09
 5.2012620026762e-09    6.4114901191218e-09     7.7425581222851e-09
 9.1761638214996e-09    1.0689155474012e-08     1.2254523544754e-08
 1.3842688296283e-08    1.5422958019356e-08     1.6965005964861e-08
 1.8440240704374e-08    1.9822960769461e-08     2.1091228541662e-08
 2.2227435234747e-08    2.3218562806379e-08     2.4056174457399e-08
 2.4736181262672e-08    2.5258440665145e-08     2.5626242658183e-08
 2.5845735075199e-08    2.5925331567516e-08     2.5875136605574e-08
 2.5706412423335e-08    2.5431104144748e-08     2.5061431905195e-08
 2.4609552839616e-08    2.4087291361369e-08     2.3505933074710e-08
 2.2876075744442e-08    2.2207529759262e-08     2.1509260242862e-08
 2.0789363180310e-08    2.0055068480738e-08     1.9312763631440e-08
 1.8568032435051e-08    1.7825704168765e-08     1.7089909320108e-08
 1.6364138805789e-08    1.5651304249439e-08     1.4953797475299e-08
 1.4273547867814e-08    1.3612076655829e-08     1.2970547512837e-08
 1.2349813129084e-08    1.1750457616672e-08
 6.2721846342343e-19    1.4812215373555e-17     2.3101107892764e-16
 2.5036867300013e-15    1.9743537070305e-14     1.1793303918832e-13
 5.5318353664932e-13    2.1047334510433e-12     6.6864975203080e-12
 1.8197286914653e-11    4.3387096672146e-11     9.2405263025412e-11
 1.7875928294290e-10    3.1862614085102e-10     5.2968971005941e-10
 8.2979730762930e-10    1.2356940892285e-09     1.7619612051139e-09
 2.4201489429583e-09    3.2180306785206e-09     4.1589216338634e-09
 5.2410749496981e-09    6.4572367034959e-09     7.7944739337406e-09
 9.2343734421713e-09    1.0753654814755e-08     1.2325171278480e-08
 1.3919206920992e-08    1.5504943727925e-08     1.7051945564698e-08
 1.8531533372032e-08    1.9917942345581e-08     2.1189196300714e-08
 2.2327671459120e-08    2.3320355962569e-08     2.4158837230555e-08
 2.4839065102538e-08    2.5360946811364e-08     2.5727829833601e-08
 2.5945924176571e-08    2.6023707755990e-08     2.5971349222611e-08
 2.5800173147954e-08    2.5522183778752e-08     2.5149656134201e-08
 2.4694797276123e-08    2.4169476135534e-08     2.3585017200804e-08
 2.2952051456611e-08    2.2280416979044e-08     2.1579101312325e-08
 2.0856217968036e-08    2.0119009942817e-08     1.9373873885613e-08
 1.8626399383144e-08    1.7881418680649e-08     1.7143062971904e-08
 1.6414822146456e-08    1.5699605553917e-08     1.4999801929637e-08
 1.4317337122904e-08    1.3653728681547e-08     1.3010136683969e-08
 1.2387410477563e-08    1.1786131191143e-08
 7.8998522831551e-19    1.8213902605480e-17     2.7738353880564e-16
 2.9368506707215e-15    2.2644476667844e-14     1.3244075079759e-13
 6.0945251231310e-13    2.2800673676681e-12     7.1399214125818e-12
 1.9199482053685e-11    4.5330382155815e-11     9.5787026007251e-11
 1.8414565248623e-10    3.2661118942757e-10     5.4086472031386e-10
 8.4473712175008e-10    1.2549586499943e-09     1.7861043895039e-09
 2.4497252628476e-09    3.2535926598383e-09     4.2010048664659e-09
 5.2901720640210e-09    6.5137646133176e-09     7.8587400666604e-09
 9.3065464700273e-09    1.0833744068363e-08     1.2413017170029e-08
 1.4014482819702e-08    1.5607168193422e-08     1.7160502804232e-08
 1.8645699292613e-08    2.0036913517238e-08     2.1312119432534e-08
 2.2453671461418e-08    2.3448561215957e-08     2.4288401213238e-08
 2.4969183982356e-08    2.5490872968371e-08     2.5856881527514e-08
 2.6073491730734e-08    2.6149256709214e-08     2.6094420924240e-08
 2.5920383259425e-08    2.5639219112318e-08     2.5263270217650e-08
 2.4804804988593e-08    2.4275747717613e-08     2.3687471903645e-08
 2.3050651059570e-08    2.2375159372957e-08     2.1670014315042e-08
 2.0943353509284e-08    2.0202438726853e-08     1.9453680611616e-08
 1.8702678575499e-08    1.7954271154210e-08     1.7212592931817e-08
 1.6481134898936e-08    1.5762805784455e-08     1.5059992489332e-08
 1.4374618252652e-08    1.3708197597882e-08     1.3061887449604e-08
 1.2436534083088e-08    1.1832715781571e-08
 1.0356084686291e-18    2.3220394176594e-17     3.4377164893380e-16
 3.5386998720134e-15    2.6551428379499e-14     1.5138381782290e-13
 6.8080546322952e-13    2.4966291979771e-12     7.6874897986492e-12
 2.0387802021021e-11    4.7602542928811e-11     9.9702591598163e-11
 1.9034604599488e-10    3.3578283686893e-10     5.5371312012164e-10
 8.6197673116565e-10    1.2773148168401e-09     1.8143184458009e-09
 2.4845534392003e-09    3.2957925982982e-09     4.2513082093656e-09
 5.3492459960428e-09    6.5821681426949e-09     7.9368818398094e-09
 9.3946502431590e-09    1.0931826175634e-08     1.2520878081661e-08
 1.4131712728141e-08    1.5733164865495e-08     1.7294498852302e-08
 1.8786795561164e-08    2.0184115331495e-08     2.1464372875542e-08
 2.2609897462559e-08    2.3607685915780e-08     2.4449381711553e-08
 2.5131029114999e-08    2.5652659171036e-08     2.6017764120734e-08
 2.6232712123475e-08    2.6306146089900e-08     2.6248401015256e-08
 2.6070964679646e-08    2.5785997841452e-08     2.5405922599635e-08
 2.4943081657311e-08    2.4409466780160e-08     2.3816511674791e-08
 2.3174942604649e-08    2.2494679083380e-08     2.1784776709199e-08
 2.1053404420272e-08    2.0307849006994e-08     1.9554540451384e-08
 1.8799092502127e-08    1.8046353743426e-08     1.7300465235984e-08
 1.6564921567609e-08    1.5842632830153e-08     1.5135985633312e-08
 1.4446901773213e-08    1.3776893597434e-08     1.3127115456280e-08
 1.2498410906838e-08    1.1891355552829e-08
 1.4092844212430e-18    3.0551713023398e-17     4.3698071257191e-16
 4.3466785052281e-15    3.1563314805271e-14     1.7464278050998e-13
 7.6497919934406e-13    2.7434034715346e-12     8.2940056243012e-12
 2.1675829545243e-11    5.0028738480493e-11     1.0384810857062e-10
 1.9689415428612e-10    3.4549696151994e-10     5.6742382093440e-10
 8.8057847904376e-10    1.3017667147952e-09     1.8456401017126e-09
 2.5238083531291e-09    3.3440553498635e-09     4.3096165373421e-09
 5.4185429271927e-09    6.6632416938182e-09     8.0303102356952e-09
 9.5007593660623e-09    1.1050663690420e-08     1.2652206031804e-08
 1.4275017933203e-08    1.5887684542186e-08     1.7459257692120e-08
 1.8960650031215e-08    2.0365801091935e-08     2.1652551762326e-08
 2.2803201274239e-08    2.3804755110385e-08     2.4648897937526e-08
 2.5331741189720e-08    2.5853402649724e-08     2.6217474953153e-08
 2.6430435102225e-08    2.6501038878692e-08     2.6439734543680e-08
 2.6258120636303e-08    2.5968463916480e-08     2.5583286039930e-08
 2.5115021615151e-08    2.4575745863829e-08     2.3976967049252e-08
 2.3329476939415e-08    2.2643251601087e-08     2.1927394548665e-08
 2.1190114490090e-08    2.0438730468718e-08     1.9679697934152e-08
 1.8918650113869e-08    1.8160449908164e-08     1.7409248353470e-08
 1.6668546462021e-08    1.5941257930110e-08     1.5229770807108e-08
 1.4536006731475e-08    1.3861476770347e-08     1.3207333253678e-08
 1.2574417275351e-08    1.1963301754020e-08
 1.9593564200535e-18    4.0753102596255e-17     5.5909708552821e-16
 5.3421720210534e-15    3.7382900978875e-14     2.0022989729304e-13
 8.5338086105259e-13    2.9930752214274e-12     8.8908995156388e-12
 2.2920847659123e-11    5.2353692692860e-11     1.0782039291008e-10
 2.0321600838262e-10    3.5500564821676e-10     5.8109491823450e-10
 8.9952909073989e-10    1.3272518044442e-09     1.8790347285777e-09
 2.5665710578551e-09    3.3976720827853e-09     4.3755288970885e-09
 5.4980678877778e-09    6.7574917512299e-09     8.1401228427752e-09
 9.6266429334359e-09    1.1192764861295e-08     1.2810300016146e-08
 1.4448520960055e-08    1.6075685340519e-08     1.7660563526728e-08
 1.9173842223144e-08    2.0589295029548e-08     2.1884656990498e-08
 2.3042178132966e-08    2.4048865402845e-08     2.4896448091710e-08
 2.5581117237712e-08    2.6103097033493e-08     2.6466105650792e-08
 2.6676757873391e-08    2.6743953579661e-08     2.6678286499453e-08
 2.6491498019064e-08    2.6195991999185e-08     2.5804419095610e-08
 2.5329333132975e-08    2.4782917660284e-08     2.4176777769781e-08
 2.3521790371540e-08    2.2828005152805e-08     2.2104588182582e-08
 2.1359800343401e-08    2.0601003330814e-08     1.9834686697323e-08
 1.9066510259594e-08    1.8301357043060e-08     1.7543392766652e-08
 1.6796128641019e-08    1.6062484946493e-08     1.5344853466300e-08
 1.4645157373566e-08    1.3964907609145e-08     1.3305255148473e-08
 1.2667038841515e-08    1.2050828733035e-08
 2.6936633904072e-18    5.3399315425538e-17     6.9956027569356e-16
 6.4083869212817e-15    4.3230751696516e-14     2.2460895392438e-13
 9.3423579968265e-13    3.2151585058810e-12     9.4139329176997e-12
 2.4008647434771e-11    5.4401201098206e-11     1.1137847590013e-10
 2.0901513530931e-10    3.6397807452491e-10     5.9439200079803e-10
 9.1852788188889e-10    1.3535444241903e-09     1.9143954965415e-09
 2.6128995095197e-09    3.4569139535938e-09     4.4495809824162e-09
 5.5886755358978e-09    6.8661490696107e-09     8.2679853359765e-09
 9.7744604677679e-09    1.1360840059759e-08     1.2998474026894e-08
 1.4656185563863e-08    1.6301817972343e-08     1.7903780196295e-08
 1.9432462572089e-08    2.0861413759287e-08     2.2168216465564e-08
 2.3335037900178e-08    2.4348865474501e-08     2.5201463952686e-08
 2.5889105534291e-08    2.6412131717506e-08     2.6774404951627e-08
 2.6982702864912e-08    2.7046099326215e-08     2.6975366846615e-08
 2.6782425085349e-08    2.6479851363093e-08     2.6080461587215e-08
 2.5596964049581e-08    2.5041684140773e-08     2.4426354984026e-08
 2.3761967107583e-08    2.3058669312846e-08     2.2325712624620e-08
 2.1571429428613e-08    2.0803240456546e-08     2.0027683014122e-08
 1.9250454690867e-08    1.8476467651304e-08     1.7709909444277e-08
 1.6954307049593e-08    1.6212591588020e-08     1.5487161744719e-08
 1.4779944493557e-08    1.4092452161008e-08     1.3425835239581e-08
 1.2780930653210e-08    1.2158305403705e-08
 3.5321477175848e-18    6.6711704790569e-17     8.3664876219565e-16
 7.3832175973152e-15    4.8308621640646e-14     2.4502931066735e-13
 1.0006230655809e-12    3.3966835160223e-12     9.8454999579593e-12
 2.4925323658714e-11    5.6178669891590e-11     1.1457755735719e-10
 2.1442675510079e-10    3.7266299313301e-10     6.0770819018549e-10
 9.3813834132611e-10    1.3813995514191e-09     1.9526866552373e-09
 2.6639838375697e-09    3.5232142919177e-09     4.5334684369942e-09
 5.6923448961227e-09    6.9914985163778e-09     8.4165113519713e-09
 9.9471767897818e-09    1.1558226386640e-08     1.3220456659775e-08
 1.4902148813603e-08    1.6570642473870e-08     1.8193902461562e-08
 1.9741949242037e-08    2.1188043977118e-08     2.2509566401507e-08
 2.3688562484820e-08    2.4711973630291e-08     2.5571584863712e-08
 2.6263744629102e-08    2.6788915975232e-08     2.7151117835861e-08
 2.7357309650200e-08    2.7416763837702e-08     2.7340460731568e-08
 2.7140530728685e-08    2.6829759494199e-08     2.6421164538086e-08
 2.5927645537301e-08    2.5361706371455e-08     2.4735243810920e-08
 2.4059395918666e-08    2.3344442267618e-08     2.2599747797665e-08
 2.1833742348015e-08    2.1053928445427e-08     2.0266910656210e-08
 1.9478440649439e-08    1.8693472979985e-08     1.7916227443104e-08
 1.7150254645068e-08    1.6398502155216e-08     1.5663379245104e-08
 1.4946818774223e-08    1.4250335249000e-08     1.3575078466167e-08
 1.2921882454392e-08    1.2291309661372e-08
 4.3386717687478e-18    7.8646687943838e-17     9.5267181259385e-16
 8.1747481588518e-15    5.2334817696821e-14     2.6112177852621e-13
 1.0534702699457e-12    3.5446305896551e-12     1.0209171578598e-11
 2.5728523654786e-11    5.7800793313815e-11     1.1761363741087e-10
 2.1974817884518e-10    3.8147000037135e-10     6.2156503079836e-10
 9.5898313819037e-10    1.4115230149449e-09     1.9946766203122e-09
 2.7206361525099e-09    3.5974147043957e-09     4.6280541937603e-09
 5.8099579275789e-09    7.1344435382801e-09     8.5866316370588e-09
 1.0145757927213e-08    1.1785934657080e-08     1.3477314491893e-08
 1.5187545885652e-08    1.6883377913661e-08     1.8532251550011e-08
 2.0103747077032e-08    2.1570778567277e-08     2.2910474402135e-08
 2.4104721993896e-08    2.5140389884148e-08     2.6009266100043e-08
 2.6707766669694e-08    2.7236475129885e-08     2.7599572497435e-08
 2.7804211446916e-08    2.7859879467310e-08     2.7777785679171e-08
 2.7570296029208e-08    2.7250432599159e-08     2.6831445229231e-08
 2.6326457724875e-08    2.5748186536156e-08     2.5108726794331e-08
 2.4419398730107e-08    2.3690646546147e-08     2.2931981533476e-08
 2.2151961423706e-08    2.1358198498568e-08     2.0557389692162e-08
 1.9755362749800e-08    1.8957133362951e-08     1.8166969042717e-08
 1.7388456292460e-08    1.6624568370940e-08     1.5877731590888e-08
 1.5149888666087e-08    1.4442558102595e-08     1.3756889027470e-08
 1.3093711163115e-08    1.2453579897593e-08
 5.0225826962099e-18    8.8341118799103e-17     1.0444652526836e-15
 8.7956737802436e-15    5.5519550275860e-14     2.7414188823710e-13
 1.0976638707122e-12    3.6732632620434e-12     1.0538415677150e-11
 2.6484202438585e-11    5.9380203554696e-11     1.2065744857906e-10
 2.2521374095370e-10    3.9069556129184e-10     6.3631438913249e-10
 9.8146145693004e-10    1.4443564539006e-09     2.0408512976483e-09
 2.7833960741844e-09    3.6801235493015e-09     4.7340312931092e-09
 5.9423030953821e-09    7.2958674501779e-09     8.7793077344993e-09
 1.0371208631659e-08    1.2044959872481e-08     1.3769965030562e-08
 1.5513139546777e-08    1.7240552147675e-08     1.8919044266202e-08
 2.0517696193632e-08    2.2009031141805e-08     2.3369897287751e-08
 2.4582007591741e-08    2.5632152389202e-08     2.6512125416470e-08
 2.7218418727756e-08    2.7751748569646e-08     2.8116472552338e-08
 2.8319952380333e-08    2.8371907136073e-08     2.8283791793572e-08
 2.8068225531009e-08    2.7738485363126e-08     2.7308073070184e-08
 2.6790357499730e-08    2.6198289991255e-08     2.5544187720183e-08
 2.4839577941673e-08    2.4095095191116e-08     2.3320423225337e-08
 2.2524273690301e-08    2.1714394018570e-08     2.0897597759025e-08
 2.0079811353752e-08    1.9266132220029e-08     1.8460893829736e-08
 1.7667734273207e-08    1.6889665527009e-08     1.6129141304437e-08
 1.5388121944457e-08    1.4668135288612e-08     1.3970332904526e-08
 1.3295541341013e-08    1.2644308352061e-08
 5.5862208559981e-18    9.6250374072595e-17     1.1197604096296e-15
 9.3150207032353e-15    5.8265032577377e-14     2.8578730288783e-13
 1.1387670398200e-12    3.7974979146046e-12     1.0867376059623e-11
 2.7261501469945e-11    6.1044551730849e-11     1.2392923102938e-10
 2.3118525018910e-10    4.0091264210078e-10     6.5283662160817e-10
 1.0068884764670e-09    1.4818095350768e-09     2.0939026236825e-09
 2.8559437790846e-09    3.7762182368476e-09     4.8576677105845e-09
 6.0971968764897e-09    7.4852396710420e-09     9.0056988466658e-09
 1.0636338681590e-08    1.2349645106594e-08     1.4114093584615e-08
 1.5895702287890e-08    1.7659719767176e-08     1.9372278777725e-08
 2.1001884003514e-08    2.2520625471616e-08     2.3905059459352e-08
 2.5136739038350e-08    2.6202411807995e-08     2.7093927902631e-08
 2.7807915810044e-08    2.8345289686420e-08     2.8710649621957e-08
 2.8911629761559e-08    2.8958239510200e-08     2.8862232428103e-08
 2.8636527112081e-08    2.8294695210367e-08     2.7850524155748e-08
 2.7317656337602e-08    2.6709302180999e-08     2.6038021722578e-08
 2.5315567531708e-08    2.4552780958399e-08     2.3759533453721e-08
 2.2944704932353e-08    2.2116191670407e-08     2.1280936930007e-08
 2.0444978306766e-08    1.9613506631078e-08     1.8790932080023e-08
 1.7980953944665e-08    1.7186631226297e-08     1.6410451893136e-08
 1.5654399207760e-08    1.4920014033571e-08     1.4208452443829e-08
 1.3520538290788e-08    1.2856810652552e-08
 6.0983628141601e-18    1.0354757754236e-16     1.1910066206225e-15
 9.8226456339882e-15    6.1046347030729e-14     2.9801317919558e-13
 1.1833613940273e-12    3.9361897066603e-12     1.1243455296409e-11
 2.8167442159916e-11    6.3014570585414e-11     1.2785024974109e-10
 2.3841405357803e-10    4.1338360016915e-10     6.7314289280372e-10
 1.0383195071639e-09    1.5283292593693e-09     2.1600572616965e-09
 2.9466962800013e-09    3.8967173331238e-09     5.0129707418143e-09
 6.2919739925637e-09    7.7234905126517e-09     9.2905106972344e-09
 1.0969708324482e-08    1.2732377136430e-08     1.4545777876617e-08
 1.6374764524865e-08    1.8183532479797e-08     1.9937316674624e-08
 2.1603906288635e-08    2.3154868847780e-08     2.4566427938192e-08
 2.5819979862908e-08    2.6902270197977e-08     2.7805276542164e-08
 2.8525857745968e-08    2.9065235450644e-08     2.9428370885313e-08
 2.9623292708880e-08    2.9660421480929e-08     2.9551925314458e-08
 2.9311130680802e-08    2.8952003039429e-08     2.8488704359245e-08
 2.7935228760806e-08    2.7305113336241e-08     2.6611218408487e-08
 2.5865569839937e-08    2.5079255203573e-08     2.4262365444754e-08
 2.3423973921373e-08    2.2572145252510e-08     2.1713967116758e-08
 2.0855598951164e-08    2.0002332340977e-08     1.9158658718780e-08
 1.8328340781838e-08    1.7514484768104e-08     1.6719611391349e-08
 1.5945723817697e-08    1.5194371566597e-08     1.4466709638292e-08
 1.3763552508043e-08    1.3085422892215e-08
 6.6652189715873e-18    1.1179208499387e-16     1.2734588232002e-15
 1.0425076240935e-14    6.4426670345993e-14     3.1318373428685e-13
 1.2396320708340e-12    4.1134145598652e-12     1.1728256794656e-11
 2.9341797522910e-11    6.5576038976311e-11     1.3295438307361e-10
 2.4782252431280e-10    4.2959781799036e-10     6.9950164731398e-10
 1.0790394791897e-09    1.5884695893278e-09     2.2453953802578e-09
 3.0635127503577e-09    4.0515011836985e-09     5.2120703771062e-09
 6.5412285412904e-09    8.0278798956688e-09     9.6538593162824e-09
 1.1394468490806e-08    1.3219506644789e-08     1.5094714084599e-08
 1.6983486976589e-08    1.8848698717718e-08     2.0654451773929e-08
 2.2367625549277e-08    2.3959114341339e-08     2.5404702452504e-08
 2.6685565472495e-08    2.7788422602796e-08     2.8705390010750e-08
 2.9433598679795e-08    2.9974645100025e-08     3.0333939534593e-08
 3.0520008749136e-08    3.0543799286474e-08     3.0418015865528e-08
 3.0156518575812e-08    2.9773793057960e-08     2.9284500193654e-08
 2.8703106012667e-08    2.8043588437591e-08     2.7319214779575e-08
 2.6542382342344e-08    2.5724513765306e-08     2.4875998597560e-08
 2.4006172883287e-08    2.3123329090691e-08     2.2234749433163e-08
 2.1346756440995e-08    2.0464775484527e-08     1.9593404783001e-08
 1.8736489231290e-08    1.7897195118723e-08     1.7078083484326e-08
 1.6281180445412e-08    1.5508043346368e-08     1.4759822002317e-08
 1.4037314658129e-08    1.3341018555049e-08
 7.4153582524261e-18    1.2274287460120e-16     1.3834257531539e-15
 1.1231280299518e-14    6.8957839410806e-14     3.3350408118371e-13
 1.3147545611733e-12    4.3486611411382e-12     1.2366809134042e-11
 3.0874315175067e-11    6.8884550760312e-11     1.3947632181559e-10
 2.5971406288322e-10    4.4987363157117e-10     7.3212892403104e-10
 1.1289656230109e-09    1.6615661326222e-09     2.3483071874657e-09
 3.2034126813784e-09    4.2357644654252e-09     5.4478964190978e-09
 6.8352470354389e-09    8.3857804542885e-09     1.0080079510422e-08
 1.1891965649954e-08    1.3789626771374e-08     1.5737159287751e-08
 1.7696372855150e-08    1.9628686153399e-08     2.1496933852308e-08
 2.3266949450758e-08    2.4908819366240e-08     2.6397758107382e-08
 2.7714597054798e-08    2.8845915420703e-08     2.9783866863770e-08
 3.0525768243357e-08    3.1073521265168e-08     3.1432933490073e-08
 3.1612996687103e-08    3.1625169129201e-08     3.1482696467186e-08
 3.1199994586210e-08    3.0792108185245e-08     3.0274251095389e-08
 2.9661428569472e-08    2.8968137788069e-08     2.8208140225734e-08
 2.7394298074373e-08    2.6538466273101e-08     2.5651431599440e-08
 2.4742890585151e-08    2.3821458563417e-08     2.2894702854362e-08
 2.1969193881985e-08    2.1050568839288e-08     2.0143603338025e-08
 1.9252287270629e-08    1.8379901855238e-08     1.7529095509946e-08
 1.6701956804969e-08    1.5900083262179e-08     1.5124645211803e-08
 1.4376444274007e-08    1.3655966316838e-08
 8.4647727632094e-18    1.3776638993886e-16     1.5315503428450e-15
 1.2298172944121e-14    7.4848699359933e-14     3.5944449933322e-13
 1.4088566842748e-12    4.6376426127246e-12     1.3135756229009e-11
 3.2683315860710e-11    7.2714000705410e-11     1.4688324125551e-10
 2.7297797322620e-10    4.7211190516011e-10     7.6736453278543e-10
 1.1821325575921e-09    1.7384403141602e-09     2.4553559288182e-09
 3.3475648874352e-09    4.4241153827270e-09     5.6873716115693e-09
 7.1322571467383e-09    8.7458994734058e-09     1.0507774851987e-08
 1.2390400018429e-08    1.4360541726768e-08     1.6380840741628e-08
 1.8411690856729e-08    2.0413195989193e-08     2.2347022752014e-08
 2.4178012708367e-08    2.5875450879904e-08     2.7413942605241e-08
 2.8773894072959e-08    2.9941628013297e-08     3.0909190761125e-08
 3.1673919542987e-08    3.2237842639466e-08     3.2606980269165e-08
 3.2790605041211e-08    3.2800508966456e-08     3.2650311667159e-08
 3.2354832910329e-08    3.1929542761811e-08     3.1390094880824e-08
 3.0751942730264e-08    3.0030034593173e-08     2.9238580810048e-08
 2.8390885331171e-08    2.7499233133413e-08     2.6574825022380e-08
 2.5627751683861e-08    2.4666999392106e-08     2.3700480464715e-08
 2.2735082307798e-08    2.1776729684128e-08     2.0830455623602e-08
 1.9900477158750e-08    1.8990272791747e-08     1.8102659261166e-08
 1.7239865773031e-08    1.6403604380009e-08     1.5595135636040e-08
 1.4815329017780e-08    1.4064717896494e-08
 9.8370979514267e-18    1.5667571770606e-16     1.7116419182509e-15
 1.3554708080381e-14    8.1582584042628e-14     3.8826199914974e-13
 1.5105452491494e-12    4.9416559301624e-12     1.3924002572857e-11
 3.4492246280002e-11    7.6454321274081e-11     1.5396044337704e-10
 2.8539680848649e-10    4.9255169597310e-10     7.9921578349138e-10
 1.2294869176178e-09    1.8060269905540e-09     2.5484207148145e-09
 3.4716941663451e-09    4.5850155908082e-09     5.8906221476325e-09
 7.3830592231062e-09    9.0488437728174e-09     1.0866647357517e-08
 1.2808039286094e-08    1.4838753777085e-08     1.6920371080814e-08
 1.9012247851135e-08    2.1073516331604e-08     2.3064968068297e-08
 2.4950686172993e-08    2.6699323632833e-08     2.8284981371110e-08
 2.9687683324287e-08    3.0893482017780e-08     3.1894252726090e-08
 3.2687246697883e-08    3.3274477415312e-08     3.3662008699004e-08
 3.3859204122765e-08    3.3877985004785e-08     3.3732131603175e-08
 3.3436650402893e-08    3.3007220409756e-08     3.2459723528508e-08
 3.1809858375920e-08    3.1072833062008e-08     3.0263130104511e-08
 2.9394335430747e-08    2.8479022979186e-08     2.7528686462991e-08
 2.6553710252360e-08    2.5563371900911e-08     2.4565869526284e-08
 2.3568367996588e-08    2.2577058641470e-08     2.1597227967633e-08
 2.0633331596432e-08    1.9689070341571e-08     1.8767465986812e-08
 1.7870934904421e-08    1.7001358162612e-08     1.6160147206154e-08
 1.5348304554705e-08    1.4566479255140e-08
 1.1384478202630e-17    1.7697047721351e-16     1.8968136376181e-15
 1.4798676490840e-14    8.8025089494114e-14     4.1497848532720e-13
 1.6020943025695e-12    5.2079342923663e-12     1.4596879339206e-11
 3.5999919614120e-11    7.9503732943338e-11     1.5961534478582e-10
 2.9514098114345e-10    5.0833065849801e-10     8.2345287136563e-10
 1.2650700663643e-09    1.8562624910121e-09     2.6169517107801e-09
 3.5623854565308e-09    4.7018114380144e-09     6.0373885053326e-09
 7.5634245086808e-09    9.2660523789287e-09     1.1123437742168e-08
 1.3106554572147e-08    1.5180488344644e-08     1.7306152528271e-08
 1.9442250496377e-08    2.1547300356362e-08     2.3581537447508e-08
 2.5508558486008e-08    2.7296605468179e-08     2.8919444052325e-08
 3.0356834891551e-08    3.1594632635371e-08     3.2624571845302e-08
 3.3443811320615e-08    3.4054311638393e-08     3.4462115344825e-08
 3.4676589678214e-08    3.4709679292937e-08     3.4575203627591e-08
 3.4288221663468e-08    3.3864476740548e-08     3.3319926201232e-08
 3.2670354905040e-08    3.1931067866049e-08     3.1116654965781e-08
 3.0240819551192e-08    2.9316262358203e-08     2.8354612312136e-08
 2.7366396193780e-08    2.6361039757489e-08     2.5346893583955e-08
 2.4331277693911e-08    2.3320539708627e-08     2.2320122092953e-08
 2.1334634741393e-08    2.0367929853779e-08     1.9423176676258e-08
 1.8502934252179e-08    1.7609220825061e-08     1.6743578963605e-08
 1.5907135833730e-08    1.5100658331080e-08
$ ION e  He [+0] (G)  e  He [+1] (G) e
& EK GOTO CODE 2.3.9A #INTERP2D
 65 1.0e+00 1.0e+04  2
 30 1.0e+08 1.0e+16  2
 4.3476630876885e-16    6.5028082255622e-15     6.8532794809814e-14
 5.3243621930821e-13    3.1727483826341e-12     1.4999334173958e-11
 5.7924724287020e-11    1.8749328753471e-10     5.2047480957987e-10
 1.2648187609713e-09    2.7405169230651e-09     5.3808570158489e-09
 9.7105203021533e-09    1.6305609224456e-08     2.5746025052887e-08
 3.8570557565558e-08    5.5240898495152e-08     7.6115576006978e-08
 1.0143124319630e-07    1.3128797523503e-07     1.6563673619080e-07
 2.0426956137105e-07    2.4681486567486e-07     2.9274084630411e-07
 3.4136915059414e-07    3.9189930268980e-07     4.4344249383833e-07
 4.9506175451319e-07    5.4581481709751e-07     5.9479555476988e-07
 6.4117078469789e-07    6.8420983148660e-07     7.2330549010188e-07
 7.5798603126349e-07    7.8791877143939e-07     8.1290636287109e-07
 8.3287731435378e-07    8.4787239785241e-07     8.5802852590969e-07
 8.6356150310138e-07    8.6474879132691e-07     8.6191314297811e-07
 8.5540768175230e-07    8.4560277225427e-07     8.3287482772043e-07
 8.1759706284967e-07    8.0013210081986e-07     7.8082628265842e-07
 7.6000549403159e-07    7.3797231153348e-07     7.1500427041009e-07
 6.9135306401075e-07    6.6724449877342e-07     6.4287904444373e-07
 6.1843283705829e-07    5.9405901030329e-07     5.6988924888976e-07
 5.4603547504708e-07    5.2259159558910e-07     4.9963525203666e-07
 4.7722952971783e-07    4.5542459346985e-07     4.3425922752148e-07
 4.1376226537375e-07    3.9395390213189e-07
 4.3912302943692e-16    6.5680991794500e-15     6.9200850176899e-14
 5.3731819678876e-13    3.1992400230700e-12     1.5109662852771e-11
 5.8287875629255e-11    1.8846377005423e-10     5.2263355682496e-10
 1.2689076996673e-09    2.7472458036862e-09     5.3906410083493e-09
 9.7232549204593e-09    1.6320573093691e-08     2.5761941915197e-08
 3.8585787811962e-08    5.5253694792103e-08     7.6124332695212e-08
 1.0143468652985e-07    1.3128526845244e-07     1.6562749915110e-07
 2.0425382265518e-07    2.4679297366462e-07     2.9271336592495e-07
 3.4133676692574e-07    3.9186274459631e-07     4.4340248272789e-07
 4.9501897695869e-07    5.4576991605711e-07     5.9474913250468e-07
 6.4112341070650e-07    6.8416205015649e-07     7.2325782469199e-07
 7.5793898271616e-07    7.8787281210752e-07     8.1286192635983e-07
 8.3283478331208e-07    8.4783209176571e-07     8.5799069080726e-07
 8.6352630470758e-07    8.6471631263528e-07     8.6188338660437e-07
 8.5538057681701e-07    8.4557818503742e-07     8.3285257497459e-07
 8.1757692648793e-07    8.0011384270509e-07     7.8080965838154e-07
 7.5999026483018e-07    7.3795825381387e-07     7.1499118264454e-07
 6.9134077104983e-07    6.6723285381815e-07     6.4286792905460e-07
 6.1842215964317e-07    5.9404870353373e-07     5.6987926646110e-07
 5.4602578813785e-07    5.2258218930208e-07     4.9962612202930e-07
 4.7722067916071e-07    4.5541603041243e-07     4.3425096269737e-07
 4.1375431044215e-07    3.9394626832760e-07
 4.4466339936843e-16    6.6482371037250e-15     6.9992611802820e-14
 5.4290713097510e-13    3.2285334833524e-12     1.5227408649479e-11
 5.8661234855549e-11    1.8942158705897e-10     5.2466665761294e-10
 1.2725468277653e-09    2.7528160178175e-09     5.3979766002640e-09
 9.7314978311693e-09    1.6328144968987e-08     2.5766706096241e-08
 3.8585349136332e-08    5.5245749800184e-08     7.6106983828379e-08
 1.0140665964397e-07    1.3124600811347e-07     1.6557714824149e-07
 2.0419311458664e-07    2.4672307499298e-07     2.9263570608402e-07
 3.4125288374861e-07    3.9177416318459e-07     4.4331063430097e-07
 4.9492515564232e-07    5.4567526605756e-07     5.9465465572335e-07
 6.4102998496117e-07    6.8407044988583e-07     7.2316873851362e-07
 7.5785302474972e-07    7.8779052618549e-07     8.1278378389112e-07
 8.3276117661024e-07    8.4776332517000e-07     8.5792697198743e-07
 8.6346773827218e-07    8.6466289764722e-07     8.6183501894451e-07
 8.5533705662747e-07    8.4553922881532e-07     8.3281783135330e-07
 8.1754599439548e-07    8.0008629044716e-07     7.8078504225061e-07
 7.5996814605036e-07    7.3793821294050e-07     7.1497283088709e-07
 6.9132375832525e-07    6.6721687363144e-07     6.4285272052226e-07
 6.1840750711551e-07    5.9403443433966e-07     5.6986524730603e-07
 5.4601192064726e-07    5.2256840513672e-07     4.9961237791729e-07
 4.7720695210764e-07    4.5540231327214e-07     4.3423726021687e-07
 4.1374063583800e-07    3.9393264040728e-07
 4.5071396173613e-16    6.7321475696361e-15     7.0788957456871e-14
 5.4831174570658e-13    3.2557529978494e-12     1.5332243844964e-11
 5.8977805735021e-11    1.9018622940853e-10     5.2616394300214e-10
 1.2749273309935e-09    2.7558078533034e-09     5.4005966701539e-09
 9.7318957809334e-09    1.6323664758214e-08     2.5754164188528e-08
 3.8561454180554e-08    5.5207554290558e-08     7.6052265203934e-08
 1.0133416262397e-07    1.3115552387376e-07     1.6546944486524e-07
 2.0406975885454e-07    2.4658619597107e-07     2.9248774840804e-07
 3.4109638751038e-07    3.9161159273653e-07     4.4314426409851e-07
 4.9475700999561e-07    5.4550710248310e-07     5.9448797841769e-07
 6.4086607498668e-07    6.8391040081876e-07     7.2301348950149e-07
 7.5770338622237e-07    7.8764719634768e-07     8.1264735629006e-07
 8.3263214048669e-07    8.4764206105933e-07     8.5781374525564e-07
 8.6336269310791e-07    8.6456605359197e-07     8.6174627143160e-07
 8.5525618230780e-07    8.4546589575969e-07     8.3275161361151e-07
 8.1748638992590e-07    8.0003274114208e-07     7.8073695468281e-07
 7.5992491163474e-07    7.3789922640521e-07     7.1493750623110e-07
 6.9129154175161e-07    6.6718725324926e-07     6.4282523287126e-07
 6.1838174076763e-07    5.9401003096782e-07     5.6984190068282e-07
 5.4598937405677e-07    5.2254644766209e-07     4.9959084001889e-07
 4.7718570084343e-07    4.5538124744215e-07     4.3421630564544e-07
 4.1371974094503e-07    3.9391177216612e-07
 4.5619412042246e-16    6.8049240761783e-15     7.1451334557334e-14
 5.5261790990658e-13    3.2764195995176e-12     1.5407218919444e-11
 5.9186240260136e-11    1.9062890445132e-10     5.2684938403610e-10
 1.2755289946623e-09    2.7553374326700e-09     5.3971193918771e-09
 9.7224291579280e-09    1.6304339861783e-08     2.5720630587138e-08
 3.8509429210650e-08    5.5133383405368e-08     7.5953373347113e-08
 1.0120932029850e-07    1.3100490499201e-07     1.6529449982395e-07
 2.0387295619452e-07    2.4637069732421e-07     2.9225707715254e-07
 3.4085413718248e-07    3.9136120266329e-07     4.4288887176546e-07
 4.9449937546426e-07    5.4524959110510e-07     5.9423258409579e-07
 6.4061446634970e-07    6.8366397547489e-07     7.2277342565817e-07
 7.5747068522384e-07    7.8742271338354e-07     8.1243181928727e-07
 8.3242615896558e-07    8.4744612765463e-07     8.5762823286390e-07
 8.6318785045075e-07    8.6440200154030e-07     8.6159300184629e-07
 8.5511356050921e-07    8.4533366710794e-07     8.3262941411395e-07
 8.1737376033094e-07    7.9992914365540e-07     7.8064179126441e-07
 7.5983754279554e-07    7.3781898949965e-07     7.1486373240588e-07
 6.9122357092152e-07    6.6712444670112e-07     6.4276698331471e-07
 6.1832747983863e-07    5.9395923433727e-07     5.6979409102476e-07
 5.4594412219036e-07    5.2250337220552e-07     4.9954960588917e-07
 4.7714601691128e-07    4.5534286361478e-07     4.3417900960650e-07
 4.1368335473722e-07    3.9387614875922e-07
 4.6034027030357e-16    6.8577596188111e-15     7.1911468639238e-14
 5.5545274089774e-13    3.2890373262813e-12     1.5447748426115e-11
 5.9275328422332e-11    1.9072657948741e-10     5.2668060796549e-10
 1.2742775708642e-09    2.7512764499908e-09     5.3873268767357e-09
 9.7027426494376e-09    1.6269624808701e-08     2.5665324162162e-08
 3.8428232052848e-08    5.5021938187819e-08     7.5808789914465e-08
 1.0103046218846e-07    1.3079241686405e-07     1.6505061026476e-07
 2.0360112498124e-07    2.4607518841698e-07     2.9194253223055e-07
 3.4052520612829e-07    3.9102226408455e-07     4.4254385423669e-07
 4.9415167245026e-07    5.4490205120386e-07     5.9388755327672e-07
 6.4027385911469e-07    6.8332935555990e-07     7.2244608230156e-07
 7.5715169663660e-07    7.8711299391580e-07     8.1213215038411e-07
 8.3213720626030e-07    8.4716844765146e-07     8.5736227288949e-07
 8.6293394523685e-07    8.6416036918376e-07     8.6136374116682e-07
 8.5489665110559e-07    8.4512897276730e-07     8.3243668968852e-07
 8.1719266178040e-07    7.9975924066166e-07     7.8048258165633e-07
 7.5968846795896e-07    7.3767944997590e-07     7.1473310297732e-07
 6.9110121461712e-07    6.6700972731193e-07     6.4265927616488e-07
 6.1822618069877e-07    5.9386376648559e-07     5.6970391055206e-07
 5.4585872170777e-07    5.2242228315142e-07     4.9947239964736e-07
 4.7707230495205e-07    4.5527229685754e-07     4.3411127718263e-07
 4.1361818230769e-07    3.9381329651623e-07
 4.6303974929850e-16    6.8906569522762e-15     7.2180825804950e-14
 5.5695274949131e-13    3.2945115166434e-12     1.5457916552277e-11
 5.9258635635785e-11    1.9051399965887e-10     5.2572845017668e-10
 1.2712905406492e-09    2.7437852831871e-09     5.3713989509485e-09
 9.6729975539731e-09    1.6219626404578e-08     2.5588286417098e-08
 3.8317875559081e-08    5.4873301673386e-08     7.5618832347280e-08
 1.0079836073899e-07    1.3051954463310e-07     1.6474024284530e-07
 2.0325796487728e-07    2.4570480925350e-07     2.9155083537206e-07
 3.4011795884107e-07    3.9060475911734e-07     4.4212070261802e-07
 4.9372671899915e-07    5.4447838789487e-07     5.9346759925242e-07
 6.3985947647392e-07    6.8292197489904e-07     7.2204681917608e-07
 7.5676144767782e-07    7.8673250797587e-07     8.1176207506423e-07
 8.3177811332648e-07    8.4682084237664e-07     8.5702659264491e-07
 8.6261055214981e-07    8.6384954075242e-07     8.6106566166422e-07
 8.5461140559643e-07    8.4485654470006e-07     8.3217696234859e-07
 8.1694542339892e-07    7.9952419265187e-07     7.8025934926835e-07
 7.5947661257472e-07    7.3747848228218e-07     7.1454249633030e-07
 6.9092041802007e-07    6.6683817755483e-07     6.4249640880189e-07
 6.1807143965764e-07    5.9371661220493e-07     5.6956382662539e-07
 5.4572522007627e-07    5.2229490793181e-07     4.9935072971000e-07
 4.7695595538015e-07    4.5516091942470e-07     4.3400455998494e-07
 4.1351584868222e-07    3.9371510337029e-07
 4.6458445122686e-16    6.9081165114072e-15     7.2304268293324e-14
 5.5742577321832e-13    3.2943624561113e-12     1.5443299702630e-11
 5.9151670526296e-11    1.9002407426720e-10     5.2404489272791e-10
 1.2666212021981e-09    2.7328672598182e-09     5.3491992532864e-09
 9.6328014793957e-09    1.6153582454097e-08     2.5488314384550e-08
 3.8176728938344e-08    5.4685544037893e-08     7.5381531921838e-08
 1.0051139562755e-07    1.3018550762553e-07     1.6436401319787e-07
 2.0284606176516e-07    2.4526465609487e-07     2.9109005187754e-07
 3.3964376805701e-07    3.9012355989765e-07     4.4163782228494e-07
 4.9324633214446e-07    5.4400356822694e-07     5.9300046245469e-07
 6.3940137180466e-07    6.8247368915519e-07     7.2160876596922e-07
 7.5633382517864e-07    7.8631541756081e-07     8.1135560055571e-07
 8.3138236536557e-07    8.4643597507529e-07     8.5665280043978e-07
 8.6224805431918e-07    8.6349855987213e-07     8.6072640080023e-07
 8.5428402755564e-07    8.4454115535929e-07     8.3187359903290e-07
 8.1665404850087e-07    7.9924469214899e-07     7.7999153546860e-07
 7.5922023025342e-07    7.3723321732511e-07     7.1430798603211e-07
 6.9069626226936e-07    6.6662395024863e-07     6.4229166895301e-07
 6.1787574177673e-07    5.9352951564891e-07     5.6938490370068e-07
 5.4555406276810e-07    5.2213113319974e-07     4.9919398334721e-07
 4.7680591448000e-07    4.5501729353637e-07     4.3386709107029e-07
 4.1338431001093e-07    3.9358929750899e-07
 4.6533006091680e-16    6.9147928202741e-15     7.2322593226707e-14
 5.5712035349548e-13    3.2896650540376e-12     1.5407180636769e-11
 5.8960993470422e-11    1.8926167389144e-10     5.2160827017587e-10
 1.2601551358255e-09    2.7181856679268e-09     5.3199651854566e-09
 9.5806988522786e-09    1.6069048974838e-08     2.5361706763938e-08
 3.7999654942378e-08    5.4452063336879e-08     7.5088986874577e-08
 1.0016074366489e-07    1.2978114590358e-07     1.6391318258611e-07
 2.0235797560716e-07    2.4474951768861e-07     2.9055811024625e-07
 3.3910452560608e-07    3.8958519983539e-07     4.4110687843991e-07
 4.9272758622042e-07    5.4350013356442e-07     5.9251399990148e-07
 6.3893238104495e-07    6.8202182490315e-07     7.2117313958606e-07
 7.5591326530833e-07    7.8590867586055e-07     8.1096149893170e-07
 8.3099988856182e-07    8.4606431701425e-07     8.5629137472577e-07
 8.6189647948200e-07    8.6315662887366e-07     8.6039404264136e-07
 8.5396126693692e-07    8.4422807455304e-07     8.3157030457598e-07
 8.1636064408060e-07    7.9896125813119e-07     7.7971811487241e-07
 7.5895682056443e-07    7.3697976730319e-07     7.1406439656681e-07
 6.9046239032369e-07    6.6639961497792e-07     6.4207665917135e-07
 6.1766982404666e-07    5.9333244238431e-07     5.6919642078875e-07
 5.4537391633148e-07    5.2195907522969e-07     4.9902977604335e-07
 4.7664933322847e-07    4.5486812854472e-07     4.3372514775246e-07
 4.1324940827638e-07    3.9346127015540e-07
 4.6553412635705e-16    6.9137518238344e-15     7.2259747087592e-14
 5.5615894532570e-13    3.2807915539965e-12     1.5349797559117e-11
 5.8682519595878e-11    1.8820059785787e-10     5.1831883309873e-10
 1.2516043461841e-09    2.6990549284205e-09     5.2822895855706e-09
 9.5141261829052e-09    1.5961794748803e-08     2.5202038081928e-08
 3.7777570637121e-08    5.4160800030973e-08     7.4726054499686e-08
 9.9728330199569e-08    1.2928587773939e-07     1.6336534652476e-07
 2.0177038231302e-07    2.4413621189221e-07     2.8993311803627e-07
 3.3848078692062e-07    3.8897377882120e-07     4.4051648806217e-07
 4.9216441533730e-07    5.4296792991966e-07     5.9201434275918e-07
 6.3846507143728e-07    6.8158532656171e-07     7.2076501587403e-07
 7.5553057299620e-07    7.8554829228399e-07     8.1062037277280e-07
 8.3067521500470e-07    8.4575364510650e-07     8.5599265863014e-07
 8.6160808665571e-07    8.6287731775945e-07     8.6012292092177e-07
 8.5369773935994e-07    8.4397178719398e-07     8.3132109041697e-07
 8.1611847309974e-07    7.9872619374442e-07     7.7949027755302e-07
 7.5873635873601e-07    7.3676683511067e-07     7.1385913782296e-07
 6.9026492776036e-07    6.6621004385900e-07     6.4189504432803e-07
 6.1749619944367e-07    5.9316681241062e-07     5.6903876257398e-07
 5.4522418251203e-07    5.2181719671983e-07     4.9889566449907e-07
 4.7652288301918e-07    4.5474921816242e-07     4.3361364068500e-07
 4.1314515344431e-07    3.9336410205896e-07
 4.6532754863111e-16    6.9062716553721e-15     7.2122109432507e-14
 5.5453767649261e-13    3.2674210292440e-12     1.5268384660043e-11
 5.8301563148499e-11    1.8678331120239e-10     5.1399719685679e-10
 1.2405026902875e-09    2.6744315893968e-09     5.2341090197525e-09
 9.4294066147601e-09    1.5825821839985e-08     2.5000236094135e-08
 3.7497619185612e-08    5.3794536945611e-08     7.4270794628903e-08
 9.9187396413972e-08    1.2866832084730e-07     1.6268497938332e-07
 2.0104434688479e-07    2.4338333268884e-07     2.8917228042591e-07
 3.3772952972271e-07    3.8824722427078e-07     4.3982666354075e-07
 4.9151996121368e-07    5.4237414313564e-07     5.9147347881631e-07
 6.3797681733311e-07    6.8114736068233e-07     7.2037358364252e-07
 7.5518102471797e-07    7.8523554834752e-07     8.1033929840802e-07
 8.3042090050914e-07    8.4552159728770e-07     8.5577891520589e-07
 8.6140926820713e-07    8.6269063228146e-07     8.5994613489540e-07
 8.5352912727375e-07    8.4381006910304e-07     8.3116536481006e-07
 8.1596815026576e-07    7.9858093308941e-07     7.7934993094292e-07
 7.5860092090475e-07    7.3663640142947e-07     7.1373386921965e-07
 6.9014502225726e-07    6.6609571400826e-07     6.4178649974404e-07
 6.1739363361797e-07    5.9307039303565e-07     5.6894862467780e-07
 5.4514042380418e-07    5.2173987465882e-07     4.9882479470323e-07
 4.7645843874717e-07    4.5469113067808e-07     4.3356180039005e-07
 4.1309941170624e-07    3.9332427368337e-07
 4.6472308255283e-16    6.8919319620147e-15     7.1898679093322e-14
 5.5212057432314e-13    3.2484608626225e-12     1.5156613994182e-11
 5.7790115791865e-11    1.8491092013697e-10     5.0835488465101e-10
 1.2261341390958e-09    2.6427653055867e-09     5.1724338088851e-09
 9.3213161006711e-09    1.5652739756198e-08     2.4743765465101e-08
 3.7142205964583e-08    5.3329876966782e-08     7.3693520355072e-08
 9.8501784258956e-08    1.2788598309841e-07     1.6182368977431e-07
 2.0012626647069e-07    2.4243294795507e-07     2.8821434957785e-07
 3.3678727489841e-07    3.8734092753140e-07     4.3897274110997e-07
 4.9073051685933e-07    5.4165694597110e-07     5.9083227615423e-07
 6.3741187865387e-07    6.8065615066496e-07     7.1995147562553e-07
 7.5482198578310e-07    7.8493274899880e-07     8.1008562022787e-07
 8.3020933211935e-07    8.4534552159243e-07     8.5563229911769e-07
 8.6128677051253e-07    8.6258764676872e-07     8.5985878526787e-07
 8.5345422851786e-07    8.4374506752069e-07     8.3110826633043e-07
 8.1591744421939e-07    7.9853551652163e-07     7.7930903682603e-07
 7.5856405227743e-07    7.3660327250766e-07     7.1370435382808e-07
 6.9011910947262e-07    6.6607347061096e-07     6.4176803892574e-07
 6.1737908932161e-07    5.9305989930153e-07     5.6894229940342e-07
 5.4513835638019e-07    5.2174211700568e-07     4.9883135529189e-07
 4.7646927923644e-07    4.5470616483565e-07     4.3358089498531e-07
 4.1312238907116e-07    3.9335091563886e-07
 4.6361117725520e-16    6.8684176938329e-15     7.1557544559407e-14
 5.4860150757227e-13    3.2217673606474e-12     1.5003101474991e-11
 5.7100741618973e-11    1.8242335038829e-10     5.0094144545705e-10
 1.2074134138905e-09    2.6017651101414e-09     5.0929425595974e-09
 9.1824494281163e-09    1.5430859850730e-08     2.4415433996935e-08
 3.6687536789920e-08    5.2735575938993e-08     7.2955031725488e-08
 9.7624216910486e-08    1.2688376808986e-07     1.6071915142521e-07
 1.9894743574141e-07    2.4121100326809e-07     2.8698105074118e-07
 3.3557268452267e-07    3.8617161688316e-07     4.3787057597666e-07
 4.8971202969879e-07    5.4073323292967e-07     5.9000931486605e-07
 6.3669114384430e-07    6.8003540528365e-07     7.1942562974149e-07
 7.5438393791374e-07    7.8457414975128e-07     8.0979752219614e-07
 8.2998271039867e-07    8.4517166490480e-07     8.5550308214006e-07
 8.6119482414939e-07    8.6252644565886e-07     8.5982267177027e-07
 8.5343839071742e-07    8.4374548620605e-07     8.3112164300043e-07
 8.1594111936332e-07    7.9856738491675e-07     7.7934746451194e-07
 7.5860779822004e-07    7.3665141672708e-07     7.1375623287347e-07
 6.9017425952662e-07    6.6613157810720e-07     6.4182889834136e-07
 6.1744256767920e-07    5.9312590686449e-07     5.6901076603738e-07
 5.4520921306057e-07    5.2181528196332e-07     4.9890672429751e-07
 4.7654671952689e-07    4.5478551218165e-07     4.3366195339648e-07
 4.1320493263449e-07    3.9343469199645e-07
 4.6172582365594e-16    6.8308526386228e-15     7.1037394463017e-14
 5.4342982879197e-13    3.1836793108976e-12     1.4789241189597e-11
 5.6158918455889e-11    1.7907820766903e-10     4.9109809334454e-10
 1.1828048009471e-09    2.5482887057397e-09     4.9898789534733e-09
 9.0032076020096e-09    1.5145407457108e-08     2.3994006607182e-08
 3.6104833542779e-08    5.1974555249126e-08     7.2009588868712e-08
 9.6500343464642e-08    1.2559913953102e-07     1.5930137371355e-07
 1.9743135951548e-07    2.3963557959049e-07     2.8538617468906e-07
 3.3399638338960e-07    3.8464782040616e-07     4.3642758376710e-07
 4.8837168465021e-07    5.3951072936241e-07     5.8891351987641e-07
 6.3572528777786e-07    6.7919799736535e-07     7.1871147092340e-07
 7.5378512829726e-07    7.8408101669167e-07     8.0939942297935e-07
 8.2966868734442e-07    8.4493094946467e-07     8.5532545767777e-07
 8.6107086509400e-07    8.6244765450678e-07     8.5978153604891e-07
 8.5342838055605e-07    8.4376101048169e-07     8.3115797883257e-07
 8.1599432650836e-07    7.9863421366747e-07     7.7942526319639e-07
 7.5869442437373e-07    7.3674515446509e-07     7.1385571785724e-07
 6.9027841214190e-07    6.6623954494054e-07     6.4194000173189e-07
 6.1755626292847e-07    5.9324174658847e-07     5.6912837109240e-07
 5.4532824944786e-07    5.2193544309897e-07     4.9902771802012e-07
 4.7666825920350e-07    4.5490731126651e-07     4.3378372280394e-07
 4.1332638030846e-07    3.9355552409996e-07
 4.5857832047173e-16    6.7707067544737e-15     7.0235680583254e-14
 5.3572471392404e-13    3.1286080316941e-12     1.4488027113766e-11
 5.4862207215647e-11    1.7456116380566e-10     4.7802157700443e-10
 1.1505519786403e-09    2.4789701498311e-09     4.8574698795162e-09
 8.7745707925697e-09    1.4783352092025e-08     2.3461855282297e-08
 3.5371519646545e-08    5.1019180686245e-08     7.0824593238927e-08
 9.5092829944268e-08    1.2399032076242e-07     1.5752443579601e-07
 1.9552824333595e-07    2.3765324410291e-07     2.8337286376533e-07
 3.3199830608518e-07    3.8270651257367e-07     4.3457807776153e-07
 4.8664149368365e-07    5.3791956427124e-07     5.8747360104087e-07
 6.3444209054242e-07    6.7807126944073e-07     7.1773637745753e-07
 7.5295340747172e-07    7.8338205975414e-07     8.0882122293209e-07
 8.2919862708058e-07    8.4455642135831e-07     8.5503432203165e-07
 8.6085176475224e-07    8.6229020819544e-07     8.5967643464976e-07
 8.5336740962263e-07    8.4373701982906e-07     8.3116481675293e-07
 8.1602675266450e-07    7.9868780138397e-07     7.7949629893379e-07
 7.5877980973798e-07    7.3684231418958e-07     7.1396251575697e-07
 6.9039307601731e-07    6.6636060069914e-07     6.4206621655295e-07
 6.1768659701369e-07    5.9337531288351e-07     5.6926440227760e-07
 5.4546607145112e-07    5.2207445436289e-07     4.9916737374890e-07
 4.7680805982136e-07    4.5504679434043e-07     4.3392245772074e-07
 4.1346396505240e-07    3.9369158354900e-07
 4.5339647984630e-16    6.6751351027596e-15     6.9006556296168e-14
 5.2431775719253e-13    3.0497507129362e-12     1.4069909801232e-11
 5.3112503430265e-11    1.6861808338135e-10     4.6119179182544e-10
 1.1098195695355e-09    2.3928196084268e-09     4.6951134740018e-09
 8.4973677697598e-09    1.4348494414741e-08     2.2827643165739e-08
 3.4503086994200e-08    4.9893478871438e-08     6.9433731115022e-08
 9.3445329449423e-08    1.2211031205028e-07     1.5544916931660e-07
 1.9330449211880e-07    2.3533321500072e-07     2.8101016914232e-07
 3.2964441453526e-07    3.8040794128562e-07     4.3237444145967e-07
 4.8456440437432e-07    5.3599229014586e-07     5.8571134182097e-07
 6.3285270549591e-07    6.7665629626659e-07     7.1649219772908e-07
 7.5187244061652e-07    7.8245389716836e-07     8.0803364272578e-07
 8.2853845556128e-07    8.4401022824786e-07     8.5458895214280e-07
 8.6049471958859e-07    8.6200989733158e-07     8.5946231961200e-07
 8.5321006321928e-07    8.4362812231116e-07     8.3109710754469e-07
 8.1599395326540e-07    7.9868452183635e-07     7.7951793725390e-07
 7.5882245109290e-07    7.3690263443737e-07     7.1403769225827e-07
 6.9048070734393e-07    6.6645863592717e-07     6.4217289419497e-07
 6.1780039321731e-07    5.9349489826024e-07     5.6938860657121e-07
 5.4559385517174e-07    5.2220488647912e-07     4.9929961452958e-07
 4.7694134794395e-07    4.5518043743087e-07     4.3405582555634e-07
 4.1359648474384e-07    3.9382273611326e-07
 4.4517260440725e-16    6.5286781388596e-15     6.7192982523440e-14
 5.0813721617439e-13    2.9422383024081e-12     1.3521379418974e-11
 5.0898605304530e-11    1.6134245933634e-10     4.4118533469582e-10
 1.0626284516351e-09    2.2952053428372e-09     4.5146393749117e-09
 8.1942446201152e-09    1.3879605285226e-08     2.2151948453255e-08
 3.3587226111548e-08    4.8716417762232e-08     6.7989652871381e-08
 9.1744446005421e-08    1.2017772229519e-07     1.5332220224027e-07
 1.9102912243029e-07    2.3296014375514e-07     2.7859106862575e-07
 3.2722869416550e-07    3.7804023984747e-07     4.3009291726491e-07
 4.8239979247412e-07    5.3396762788782e-07     5.8384222774667e-07
 6.3114794548080e-07    6.7511879761726e-07     7.1511998985689e-07
 7.5065972432335e-07    7.8139204937481e-07     8.0711212682619e-07
 8.2774560790455e-07    8.4333390772200e-07     8.5401705239069e-07
 8.6001555221531e-07    8.6161246009896e-07     8.5913646662091e-07
 8.5294659505771e-07    8.4341881365355e-07     8.3093468821608e-07
 8.1587205673864e-07    7.9859761283360e-07     7.7946122781115e-07
 7.5879181228381e-07    7.3689450903801e-07     7.1404901201669e-07
 6.9050881720961e-07    6.6650122656650e-07     6.4222794335398e-07
 6.1786611593021e-07    5.9356970551133e-07     5.6947107175655e-07
 5.4568268754224e-07    5.2229891065553e-07     4.9939775514503e-07
 4.7704261847754e-07    4.5528393234047e-07     4.3416071488965e-07
 4.1370201050031e-07    3.9392820973655e-07
 4.3305272200962e-16    6.3211399517065e-15     6.4733518832945e-14
 4.8720544672974e-13    2.8097315893324e-12     1.2876716109196e-11
 4.8410760581688e-11    1.5349403377959e-10     4.2037457548617e-10
 1.0150781718058e-09    2.1995273616837e-09     4.3419200338042e-09
 7.9100798336039e-09    1.3447849782713e-08     2.1539384024315e-08
 3.2768117491090e-08    4.7676039370049e-08     6.6726218395932e-08
 9.0269291562673e-08    1.1851394943627e-07     1.5150220984343e-07
 1.8909153704668e-07    2.3094662544918e-07     2.7654336782691e-07
 3.2518620653063e-07    3.7603818177317e-07     4.2816114271995e-07
 4.8056219946744e-07    5.3224205966463e-07     5.8224075493759e-07
 6.2967741454127e-07    6.7378154163877e-07     7.1391461485043e-07
 7.4958190335059e-07    7.8043527571119e-07     8.0626839404859e-07
 8.2700599865549e-07    8.4268908369080e-07     8.5345764599407e-07
 8.5953246588793e-07    8.6119708250358e-07     8.5878081689799e-07
 8.5264340687067e-07    8.4316157059050e-07     8.3071762136342e-07
 8.1569011415810e-07    7.9844640941604e-07     7.7933698266386e-07
 7.5869127951707e-07    7.3681490660729e-07     7.1398795218283e-07
 6.9046424122014e-07    6.6647134533723e-07     6.4221118524426e-07
 6.1786108214106e-07    5.9357513318273e-07     5.6948580448779e-07
 5.4570565279110e-07    5.2232910328119e-07     4.9943422623725e-07
 4.7708446855149e-07    4.5533030796909e-07     4.3421080788202e-07
 4.1375505880962e-07    3.9398349938279e-07
 4.1732010384937e-16    6.0642600319156e-15     6.1846703117952e-14
 4.6398298088532e-13    2.6708366944689e-12     1.2236763971936e-11
 4.6061627954414e-11    1.4640626494915e-10     4.0229728913458e-10
 9.7513469100320e-10    2.1214353362449e-09     4.2043962951828e-09
 7.6886233778593e-09    1.3117621912884e-08     2.1078551312526e-08
 3.2160919358793e-08    4.6914978623428e-08     6.5813050473869e-08
 8.9214787448363e-08    1.1733664096695e-07     1.5022645621406e-07
 1.8774528083486e-07    2.2955916234187e-07     2.7514336999160e-07
 3.2380014442070e-07    3.7468920306203e-07     4.2686840042463e-07
 4.7934057706455e-07    5.3110221721423e-07     5.8118941260422e-07
 6.2871779354017e-07    6.7291389302268e-07     7.1313678008659e-07
 7.4888986475892e-07    7.7982366790085e-07     8.0573095861171e-07
 8.2653597323138e-07    8.4227952310126e-07     8.5310167774269e-07
 8.5922348522530e-07    8.6092889387739e-07     8.5854772927005e-07
 8.5244029039578e-07    8.4298388175332e-07     8.3056140304072e-07
 8.1555197634041e-07    7.9832349556992e-07     7.7922692599233e-07
 7.5859215270814e-07    7.3672516806186e-07     7.1390639118165e-07
 6.9038992402390e-07    6.6640356380329e-07     6.4214940918029e-07
 6.1780491629244e-07    5.9352427945570e-07     5.6944002974514e-07
 5.4566476231454e-07    5.2229291977978e-07     4.9940257409520e-07
 4.7705716285733e-07    4.5530714775436e-07     4.3419157292474e-07
 4.1373950932434e-07    3.9397137792373e-07
 4.0032866323606e-16    5.8020605752243e-15     5.9072506331039e-14
 4.4298620715376e-13    2.5523747498135e-12     1.1719287328192e-11
 4.4249127756014e-11    1.4115346394863e-10     3.8934946791056e-10
 9.4733834043534e-10    2.0684077163898e-09     4.1129637271178e-09
 7.5440921280824e-09    1.2905657602383e-08     2.0787247702220e-08
 3.1782601676450e-08    4.6447393445539e-08     6.5259776551488e-08
 8.8584886521820e-08    1.1664370443393e-07     1.4948727334339e-07
 1.8697836251825e-07    2.2878331955447e-07     2.7437648937866e-07
 3.2305824235409e-07    3.7398578574543e-07     4.2621411692537e-07
 4.7874312580606e-07    5.3056645299061e-07     5.8071759773755e-07
 6.2830994027599e-07    6.7256815181484e-07     7.1284983780061e-07
 7.4865732642617e-07    7.7964040444583e-07     8.0559141039634e-07
 8.2643440510740e-07    8.4221023094447e-07     8.5305914934004e-07
 8.5920252012195e-07    8.6092468763584e-07     8.5855592779216e-07
 8.5245701973148e-07    8.4300575834114e-07     8.3058552872604e-07
 8.1557592188549e-07    7.9834527576112e-07     7.7924496889210e-07
 7.5860526510578e-07    7.3673249875145e-07     7.1390739333289e-07
 6.9038431761327e-07    6.6639129883005e-07     6.4213063020100e-07
 6.1777992866511e-07    5.9349351757970e-07     5.6940402751122e-07
 5.4562412592995e-07    5.2224830309781e-07     4.9935465654960e-07
 4.7700663007167e-07    4.5525467486173e-07     4.3413781059154e-07
 4.1368507242371e-07    3.9391683675336e-07
 3.8558160098345e-16    5.5874885680977e-15     5.6931205940132e-14
 4.2764869601138e-13    2.4700159154118e-12     1.1374543030183e-11
 4.3084199719575e-11    1.3787676479518e-10     3.8147184692217e-10
 9.3078233808618e-10    2.0374065116599e-09     4.0604098530069e-09
 7.4623503205646e-09    1.2787694365566e-08     2.0627826611471e-08
 3.1579282054122e-08    4.6201138155509e-08     6.4975082930574e-08
 8.8269461634591e-08    1.1630778438219e-07     1.4914272612912e-07
 1.8663771825429e-07    2.2845885093705e-07     2.7407943115400e-07
 3.2279820108928e-07    3.7377035747692e-07     4.2604870394242e-07
 4.7863092612146e-07    5.3050858643708e-07     5.8071332963233e-07
 6.2835696541352e-07    6.7266290640963e-07     7.1298781340599e-07
 7.4883336665967e-07    7.7984897176294e-07     8.0582681569405e-07
 8.2669099738328e-07    8.4248254753281e-07     8.5334202948063e-07
 8.5949118593725e-07    8.6121479719690e-07     8.5884360503583e-07
 8.5273886573546e-07    8.4327884801756e-07     8.3084739647131e-07
 8.1582453919425e-07    7.9857902331908e-07     7.7946260521764e-07
 7.5880589341515e-07    7.3691553337277e-07     7.1407252667692e-07
 6.9053148842671e-07    6.6652066220302e-07     6.4224252958038e-07
 6.1787486994422e-07    5.9357214519534e-07     5.6946710238693e-07
 5.4567250505651e-07    5.2228292053619e-07     4.9937650566930e-07
 4.7701674688706e-07    4.5525412239031e-07     4.3412766421790e-07
 4.1366640630332e-07    3.9389071132413e-07
 3.7520619841029e-16    5.4440193190920e-15     5.5564802137726e-14
 4.1825489365477e-13    2.4213017129594e-12     1.1176494643882e-11
 4.2431195733622e-11    1.3607852789570e-10     3.7723074689596e-10
 9.2203145131053e-10    2.0213252343292e-09     4.0336968915717e-09
 7.4217501107737e-09    1.2730683352088e-08     2.0553310411359e-08
 3.1488150672376e-08    4.6096566467007e-08     6.4862526231651e-08
 8.8156359109867e-08    1.1620303173068e-07     1.4905600589621e-07
 1.8657878303169e-07    2.2843684492541e-07     2.7410231562349e-07
 3.2287232488003e-07    3.7390018963353e-07     4.2623672514579e-07
 4.7887766050809e-07    5.3081274612848e-07     5.8107204033211e-07
 6.2876604172365e-07    6.7311714880359e-07     7.1348130384437e-07
 7.4935974559917e-07    7.8040168499940e-07     8.0639932455798e-07
 8.2727694997274e-07    8.4307591180336e-07     8.5393719113734e-07
 8.6008301530813e-07    8.6179868978327e-07     8.5941550042788e-07
 8.5329524924149e-07    8.4381673884429e-07     8.3136432573319e-07
 8.1631852049810e-07    7.9904851821127e-07     7.7990648539492e-07
 7.5922340128343e-07    7.3730624226979e-07     7.1443630183312e-07
 6.9086844951661e-07    6.6683114812333e-07     6.4252706588639e-07
 6.1813413918439e-07    5.9380696021451e-07     5.6967838252823e-07
 5.4586125508543e-07    5.2245021204097e-07     4.9952346065781e-07
 4.7714452329670e-07    4.5536390124845e-07     4.3422063822619e-07
 4.1374376966298e-07    3.9395365066324e-07
 3.6903596286241e-16    5.3619861060219e-15     5.4809661357875e-14
 4.1321368246982e-13    2.3958251258598e-12     1.1075349605731e-11
 4.2105389038037e-11    1.3520313790683e-10     3.7522263742542e-10
 9.1802244980294e-10    2.0142536826734e-09     4.0225545830730e-09
 7.4059714137062e-09    1.2710611987519e-08     2.0530648218267e-08
 3.1466290502159e-08    4.6080734234599e-08     6.4859694715784e-08
 8.8174937258142e-08    1.1625236923555e-07     1.4914577800362e-07
 1.8671833231441e-07    2.2863455522599e-07     2.7436508097596e-07
 3.2320515684385e-07    3.7430598448088e-07     4.2671619160762e-07
 4.7942939206381e-07    5.3143341052849e-07     5.8175665335299e-07
 6.2950829136779e-07    6.7390973906440e-07     7.1431629242191e-07
 7.5022885632724e-07    7.8129658224030e-07     8.0731184272545e-07
 8.2819927623368e-07    8.4400072369211e-07     8.5485775328088e-07
 8.6099324083084e-07    8.6269317243717e-07     8.6028952331753e-07
 8.5414477542584e-07    8.4463838831218e-07     8.3215534243086e-07
 8.1707673233826e-07    7.9977229238055e-07     7.8059468079604e-07
 7.5987531959412e-07    7.3792157883937e-07     7.1501509743098e-07
 6.9141104377591e-07    6.6733813536131e-07     6.4299925382614e-07
 6.1857251094783e-07    5.9421263980685e-07     5.7005260389711e-07
 5.4620533471814e-07    5.2276552496663e-07     4.9981141964975e-07
 4.7740656102406e-07    4.5560145510300e-07     4.3443513754659e-07
 4.1393662509002e-07    3.9412624537971e-07
 3.6585844754286e-16    5.3214281057414e-15     5.4449952540820e-14
 4.1089904601093e-13    2.3845822314381e-12     1.1032740102563e-11
 4.1975901068403e-11    1.3488104641690e-10     3.7455919881687e-10
 9.1689449078160e-10    2.0127286169453e-09     4.0211648511288e-09
 7.4060768423484e-09    1.2714795648859e-08     2.0543071350536e-08
 3.1492929312128e-08    4.6129434845536e-08     6.4940008554682e-08
 8.8297732933857e-08    1.1642925235918e-07     1.4938838061023e-07
 1.8703755259795e-07    2.2903983286901e-07     2.7486378373562e-07
 3.2380213369558e-07    3.7500331475861e-07     4.2751313357056e-07
 4.8032251237753e-07    5.3241686072653e-07     5.8282255113721e-07
 6.3064716295048e-07    6.7511098218154e-07     7.1556862639708e-07
 7.5152073395749e-07    7.8261654694133e-07     8.0864882232021e-07
 8.2954281138946e-07    8.4534113402155e-07     8.5618624747874e-07
 8.6230197907660e-07    8.6397528990958e-07     8.6153912336197e-07
 8.5535690001915e-07    8.4580897227706e-07     8.3328115659939e-07
 8.1815531970127e-07    8.0080190029413e-07     7.8157419154686e-07
 7.6080418105733e-07    7.3879973654996e-07     7.1584292908442e-07
 6.9218929694550e-07    6.6806786902949e-07     6.4368178416303e-07
 6.1920936161936e-07    5.9480549695730e-07     5.7060327582648e-07
 5.4671571616648e-07    5.2323756582889e-07     5.0024709787624e-07
 4.7780785941422e-07    4.5597034167291e-07     4.3477354914007e-07
 4.1424645390741e-07    3.9440932811269e-07
 3.6460946495361e-16    5.3072925672932e-15     5.4340516450880e-14
 4.1030905906673e-13    2.3823922639463e-12     1.1027787328347e-11
 4.1974859018928e-11    1.3492898151324e-10     3.7481915173167e-10
 9.1780647603108e-10    2.0152681984821e-09     4.0271973030776e-09
 7.4187732827274e-09    1.2739052406750e-08     2.0585858955622e-08
 3.1563494593788e-08    4.6239289422921e-08     6.5102660238006e-08
 8.8528151882923e-08    1.1674310566205e-07     1.4980110804510e-07
 1.8756338325912e-07    2.2969085095788e-07     2.7564914138472e-07
 3.2472748331237e-07    3.7607049998700e-07     4.2872014386165e-07
 4.8166367713393e-07    5.3388323843551e-07     5.8440245784001e-07
 6.3232678197824e-07    6.7687500139978e-07     7.1740085793911e-07
 7.5340468239118e-07    7.8453590321213e-07     8.1058787134638e-07
 8.3148675004478e-07    8.4727630303871e-07     8.5810028545615e-07
 8.6418390945132e-07    8.6581555277939e-07     8.6332956380275e-07
 8.5709072347749e-07    8.4748067611065e-07     8.3488644520685e-07
 8.1969100913509e-07    8.0226581694101e-07     7.8296506838776e-07
 7.6212155420486e-07    7.4004384414270e-07     7.1701461413791e-07
 6.9328991538217e-07    6.6909920378514e-07     6.4464596598654e-07
 6.2010879692869e-07    5.9564280289176e-07     5.7138122244369e-07
 5.4743717557383e-07    5.2390546791795e-07     5.0086439224067e-07
 4.7837748297701e-07    4.5649519152060e-07     4.3525646005670e-07
 4.1469018011256e-07    3.9481652873158e-07
 3.6471512701431e-16    5.3121776083804e-15     5.4415061069409e-14
 4.1101429283398e-13    2.3871622650121e-12     1.1052548769579e-11
 4.2078082425922e-11    1.3528639573832e-10     3.7587538673035e-10
 9.2053200710122e-10    2.0215300473611e-09     4.0402217259823e-09
 7.4436495020262e-09    1.2783206451546e-08     2.0659417153855e-08
 3.1679456004279e-08    4.6413436929866e-08     6.5353164738963e-08
 8.8874863673250e-08    1.1720657577690e-07     1.5040142844793e-07
 1.8831896631514e-07    2.3061727800561e-07     2.7675819671777e-07
 3.2602645880144e-07    3.7756181545917e-07     4.3040128792291e-07
 4.8352743908627e-07    5.3591817807385e-07     5.8659354717489e-07
 6.3465615019299e-07    6.7932271931739e-07     7.1994570827664e-07
 7.5602487462279e-07    7.8720970493894e-07     8.1329414023279e-07
 8.3420536072099e-07    8.4998847143514e-07     8.6078879869424e-07
 8.6683327283461e-07    8.6841206691939e-07     8.6586134491435e-07
 8.5954767887041e-07    8.4985444533788e-07     8.3717031559312e-07
 8.2187981274910e-07    8.0435581469054e-07     7.8495382580366e-07
 7.6400781265886e-07    7.4182739063371e-07     7.1869615230052e-07
 6.9487093997261e-07    6.7058188051889e-07     6.4603301823222e-07
 6.2140340038987e-07    5.9684848904829e-07     5.7250179118634e-07
 5.4847661716406e-07    5.2486789415166e-07     5.0175397649141e-07
 4.7919840864420e-07    4.5725160830473e-07     4.3595244742201e-07
 4.1532971726934e-07    3.9540347046801e-07
 3.6600905167108e-16    5.3342363153092e-15     5.4658441660335e-14
 4.1292117895345e-13    2.3984431895877e-12     1.1105286847994e-11
 4.2279898137995e-11    1.3593691825459e-10     3.7768456540492e-10
 9.2496368282991e-10    2.0312639484893e-09     4.0596919209095e-09
 7.4795917891347e-09    1.2845136424545e-08     2.0759960243512e-08
 3.1834455732496e-08    4.6641779488060e-08     6.5676282564330e-08
 8.9315920167673e-08    1.1778938174369e-07     1.5114918598646e-07
 1.8925296538989e-07    2.3175567749209e-07     2.7811500554965e-07
 3.2761079996355e-07    3.7937751486845e-07     4.3244679029624e-07
 4.8579601999511e-07    5.3839839880085e-07     5.8926988727561e-07
 6.3750975048377e-07    6.8233217302082e-07     7.2308784768246e-07
 7.5927551253769e-07    7.9054430256563e-07     8.1668838463776e-07
 8.3763564490518e-07    8.5343227779783e-07     8.6422499222029e-07
 8.7024231376872e-07    8.7177615425884e-07     8.6916450215335e-07
 8.6277579251338e-07    8.5299526522135e-07     8.4021342441436e-07
 8.2481657067524e-07    8.0717928372476e-07     7.8765867772568e-07
 7.6659022384150e-07    7.4428492676705e-07     7.2102764591563e-07
 6.9707636357300e-07    6.7266221800796e-07     6.4799013714630e-07
 6.2323992718816e-07    5.9856768938974e-07     5.7410745675982e-07
 5.4997296025726e-07    5.2625945077515e-07     5.0304551853329e-07
 4.8039486523263e-07    4.5835799630652e-07     4.3697381080650e-07
 4.1627107491580e-07    3.9626977188701e-07
 3.6851336839703e-16    5.3735021001818e-15     5.5066368373030e-14
 4.1596147904263e-13    2.4156464713046e-12     1.1182474494716e-11
 4.2564117725613e-11    1.3682043341814e-10     3.8005931543669e-10
 9.3059771511630e-10    2.0432755411014e-09     4.0830650827956e-09
 7.5216624615194e-09    1.2915981218524e-08     2.0872628280813e-08
 3.2004991914318e-08    4.6888997054810e-08     6.6021261801066e-08
 8.9781241926413e-08    1.1839814392683e-07     1.5192388731189e-07
 1.9021436301652e-07    2.3292172791130e-07     2.7949998242611e-07
 3.2922465400375e-07    3.8122550686628e-07     4.3452939617233e-07
 4.8810908069679e-07    5.4093347062327e-07     5.9201473962362e-07
 6.4044895701916e-07    6.8544774656478e-07     7.2635987709797e-07
 7.6268276931214e-07    7.9406479456125e-07     8.2029984352531e-07
 8.4131594154798e-07    8.5715976600135e-07     8.6797878565946e-07
 8.7400250362918e-07    8.7552397631500e-07     8.7288246195232e-07
 8.6644775638543e-07    8.5660652338086e-07     8.4375073080902e-07
 8.2826816277380e-07    8.1053488430468e-07     7.9090947999701e-07
 7.6972886092175e-07    7.4730542652409e-07     7.2392537239982e-07
 6.9984794656797e-07    6.7530547252821e-07     6.5050397494492e-07
 6.2562426246327e-07    6.0082334089055e-07     5.7623604839865e-07
 5.5197682215283e-07    5.2814152241498e-07     5.0480925546945e-07
 4.8204415044186e-07    4.5989705706764e-07     4.3840714168893e-07
 4.1760336724158e-07    3.9750584982842e-07
 3.7212446627522e-16    5.4271376098506e-15     5.5598657359827e-14
 4.1977004186059e-13    2.4364020277279e-12     1.1272365556231e-11
 4.2884172974840e-11    1.3778397440896e-10     3.8257149283745e-10
 9.3638891657660e-10    2.0552946227821e-09     4.1058776036042e-09
 7.5617979544915e-09    1.2982185088046e-08     2.0975985253501e-08
 3.2158893339768e-08    4.7108928466905e-08     6.6324398241189e-08
 9.0185859901970e-08    1.1892288630672e-07     1.5258694236349e-07
 1.9103263333121e-07    2.3391006553168e-07     2.8067055417350e-07
 3.3058648018719e-07    3.8278419265771e-07     4.3628705270972e-07
 4.9006441554852e-07    5.4308201595241e-07     5.9434918112682e-07
 6.4295952646909e-07    6.8812264415640e-07     7.2918569536561e-07
 7.6564489696544e-07    7.9714778527453e-07     8.2348774091244e-07
 8.4459255688500e-07    8.6050890952803e-07     8.7138445537922e-07
 8.7744903746776e-07    8.7899617433328e-07     8.7636568521761e-07
 8.6992800829824e-07    8.6007051800169e-07     8.4718595129573e-07
 8.3166291167804e-07    8.1387832633908e-07     7.9419167709751e-07
 7.7294079899374e-07    7.5043903315234e-07     7.2697352493818e-07
 7.0280447031944e-07    6.7816512909169e-07     6.5326244117146e-07
 6.2827810078557e-07    6.0336996203501e-07     5.7867366765109e-07
 5.5430441042951e-07    5.3035875339923e-07     5.0691645002615e-07
 4.8404221943115e-07    4.6178744356007e-07     4.4019176344949e-07
 4.1928456020984e-07    3.9908631318580e-07
 3.7633474731031e-16    5.4863872731857e-15     5.6160103671987e-14
 4.2362718933155e-13    2.4566659147138e-12     1.1357219274699e-11
 4.3176969023759e-11    1.3864000917455e-10     3.8474323919461e-10
 9.4127012783281e-10    2.0651918415279e-09     4.1242682543012e-09
 7.5935400973358e-09    1.3033656209656e-08     2.1055135744302e-08
 3.2275201875774e-08    4.7273246663277e-08     6.6548677412807e-08
 9.0482765785157e-08    1.1930532489460e-07     1.5306753560329e-07
 1.9162319219433e-07    2.3462110777390e-07     2.8151090587872e-07
 3.3156298686932e-07    3.8390155072868e-07     4.3754775843498e-07
 4.9146881805301e-07    5.4462845414203e-07     5.9603418141134e-07
 6.4477803823644e-07    6.9006829217473e-07     7.3125103180052e-07
 7.6782163979250e-07    7.9942703400153e-07     8.2586016436379e-07
 8.4704855112644e-07    8.6303872671407e-07     8.7397830630730e-07
 8.8009717193337e-07    8.8168894399449e-07     8.7909359369037e-07
 8.7268175272077e-07    8.6284102548661e-07     8.4996441269341e-07
 8.3444081408591e-07    8.1664748489524e-07     7.9694426592726e-07
 7.7566938072665e-07    7.5313658620918e-07     7.2963346776028e-07
 7.0542068181885e-07    6.8073196479423e-07     6.5577474474809e-07
 6.3073121089211e-07    6.0575971457545e-07     5.8099639373577e-07
 5.5655693041220e-07    5.3253836744511e-07     5.0902092569269e-07
 4.8606977674119e-07    4.6373673801826e-07     4.4206186740550e-07
 4.2107494291391e-07    4.0079681981851e-07
$ ION e  He [+0] (G)  e  He [+1] (G) e
& RA 5877 GOTO CODE 2.2F #INTERP2D
 65 1.0e+00 1.0e+04  2
 30 1.0e+08 1.0e+16  2
 1.7163916962419e-18    3.5822603877523e-17     5.0042363953731e-16
 4.9149432991113e-15    3.5456329504836e-14     1.9498876019905e-13
 8.4461602475240e-13    2.9671951617583e-12     8.6809018200875e-12
 2.1662990262414e-11    4.7112017668075e-11     9.0999433758538e-11
 1.5870647683159e-10    2.5347330441554e-10     3.7519307759316e-10
 5.1993749184671e-10    6.8032298900846e-10     8.4656519944766e-10
 1.0079125670454e-09    1.1541168174029e-09     1.2766590119566e-09
 1.3695599190565e-09    1.4297205291940e-09     1.4568349039323e-09
 1.4529792274226e-09    1.4220069878169e-09     1.3688762686318e-09
 1.2990115399497e-09    1.2177691884143e-09     1.1300420909428e-09
 1.0400097119810e-09    9.5101952172134e-10     8.6557357133017e-10
 7.8538969593142e-10    7.1150806925190e-10     6.4441848862016e-10
 5.8418992197112e-10    5.3059003938136e-10     4.8318783986655e-10
 4.4143663820283e-10    4.0473755477850e-10     3.7248540325127e-10
 3.4409973886049e-10    3.1904407769245e-10     2.9683615152968e-10
 2.7705170470842e-10    2.5932389468337e-10     2.4333990902545e-10
 2.2883600381619e-10    2.1559182383462e-10     2.0342458928838e-10
 1.9218352024600e-10    1.8174471804857e-10     1.7200660830116e-10
 1.6288597956772e-10    1.5431460317940e-10     1.4623639173472e-10
 1.3860504005095e-10    1.3138208711450e-10     1.2453533793461e-10
 1.1803758853038e-10    1.1186560279013e-10     1.0599929646724e-10
 1.0042108995046e-10    9.5115397515716e-11
 1.7839472122982e-18    3.7062491849333e-17     5.1543989067033e-16
 5.0407460953493e-15    3.6215705911676e-14     1.9840536594314e-13
 8.5640922539600e-13    2.9991871148983e-12     8.7503604506543e-12
 2.1784687187270e-11    4.7281853852684e-11     9.1174273980564e-11
 1.5878874629021e-10    2.5330788565733e-10     3.7457912020203e-10
 5.1865216734818e-10    6.7815065794162e-10     8.4332479256022e-10
 1.0034776498523e-09    1.1484256106602e-09     1.2697144313811e-09
 1.3614217233527e-09    1.4204926475210e-09     1.4466510442234e-09
 1.4419892489706e-09    1.4103656082239e-09     1.3567347662073e-09
 1.2865123974920e-09    1.2050431806793e-09     1.1172071350351e-09
 1.0271708145125e-09    9.3826928690333e-10     8.5299290832276e-10
 7.7304852655437e-10    6.9946596216928e-10     6.3272522367469e-10
 5.7288602422007e-10    5.1970732839883e-10     4.7275002838268e-10
 4.3145999596164e-10    3.9523163558300e-10     3.6345381942819e-10
 3.3554095919885e-10    3.1095222203620e-10     2.8920175655040e-10
 2.6986243958608e-10    2.5256521112869e-10     2.3699561618546e-10
 2.2288876428597e-10    2.1002357175661e-10     1.9821687510316e-10
 1.8731778902245e-10    1.7720252961777e-10     1.6776980780263e-10
 1.5893682675264e-10    1.5063586811311e-10     1.4281142359835e-10
 1.3541781471334e-10    1.2841723813211e-10     1.2177817471952e-10
 1.1547410462588e-10    1.0948247653164e-10     1.0378388577579e-10
 9.8361422592476e-11    9.3200157848335e-11
 1.8700011676624e-18    3.8585115164738e-17     5.3321793868813e-16
 5.1842763692559e-15    3.7049443206575e-14     2.0200377900210e-13
 8.6824959005125e-13    3.0294373303479e-12     8.8107265938914e-12
 2.1876678909057e-11    4.7376454571182e-11     9.1189426648179e-11
 1.5857464547081e-10    2.5264798729970e-10     3.7320870113396e-10
 5.1628994230079e-10    6.7453522649915e-10     8.3824734151538e-10
 9.9680460603107e-10    1.1401084081758e-09     1.2597869015151e-09
 1.3499879825871e-09    1.4077094501113e-09     1.4327085099943e-09
 1.4270930492011e-09    1.3947225209403e-09     1.3405423599139e-09
 1.2699526989280e-09    1.1882796221966e-09     1.1003838470863e-09
 1.0104133510657e-09    9.2168604414527e-10     8.3667672888372e-10
 7.5707820200242e-10    6.8390751994245e-10     6.1763299705438e-10
 5.5830356105838e-10    5.0566821036657e-10     4.5927866302723e-10
 4.1857242291327e-10    3.8293636526807e-10     3.5175270324899e-10
 3.2443007670875e-10    3.0042276340764e-10     2.7924087668350e-10
 2.6045406215708e-10    2.4369076525709e-10     2.2863469394613e-10
 2.1501969298543e-10    2.0262390005355e-10     1.9126377625885e-10
 1.8078838761327e-10    1.7107415999276e-10     1.6202021349015e-10
 1.5354431014558e-10    1.4557939929507e-10     1.3807071632523e-10
 1.3097337651725e-10    1.2425040039814e-10     1.1787110751785e-10
 1.1180982010253e-10    1.0604482381999e-10     1.0055753969197e-10
 9.5331867815891e-11    9.0353669850159e-11
 1.9641662361227e-18    4.0180864964658e-17     5.5108144757923e-16
 5.3224808628018e-15    3.7816359874998e-14     2.0514175847711e-13
 8.7788150503171e-13    3.0516099888726e-12     8.8472930173722e-12
 2.1909888305788e-11    4.7345509080858e-11     9.0966880311546e-11
 1.5795357219344e-10    2.5134783821744e-10     3.7090080366089e-10
 5.1263671818981e-10    6.6923337255589e-10     8.3106518018331e-10
 9.8760664964046e-10    1.1288642786472e-09     1.2465656138324e-09
 1.3349412823996e-09    1.3910490714227e-09     1.4146820563743e-09
 1.4079621483518e-09    1.3747454630401e-09     1.3199620321325e-09
 1.2489895409044e-09    1.1671286601297e-09     1.0792145988198e-09
 9.8937143679726e-10    9.0089556256768e-10     8.1624275530467e-10
 7.3708904701558e-10    6.6443660937357e-10     5.9874037919632e-10
 5.4003712216456e-10    4.8806470177994e-10     4.4236463268970e-10
 4.0236511806851e-10    3.6744464399267e-10     3.3697796717494e-10
 3.1036721901038e-10    2.8706111517861e-10     2.6656513017221e-10
 2.4844514937034e-10    2.3232667352535e-10     2.1789120478066e-10
 2.0487103583597e-10    1.9304331765086e-10     1.8222400261969e-10
 1.7226204320009e-10    1.6303407096997e-10     1.5443966347866e-10
 1.4639723352271e-10    1.3884052507600e-10     1.3171567117665e-10
 1.2497875466262e-10    1.1859380720891e-10     1.1253118258023e-10
 1.0676624455725e-10    1.0127831586553e-10     9.6049841342128e-11
 9.1065725321887e-11    8.6312809633134e-11
 2.0498576981575e-18    4.1569891064615e-17     5.6595560185703e-16
 5.4321338044764e-15    3.8390020005181e-14     2.0730262060259e-13
 8.8366047157085e-13    3.0614869294794e-12     8.8510589899581e-12
 2.1867869866472e-11    4.7162628985934e-11     9.0468659341467e-11
 1.5687569589936e-10    2.4934708742852e-10     3.6758739622845e-10
 5.0762074696543e-10    6.6217413054127e-10     8.2171246502008e-10
 9.7582655668994e-10    1.1146467115571e-09     1.2300151023039e-09
 1.3162556532274e-09    1.3704917368845e-09     1.3925533788250e-09
 1.3845740358292e-09    1.3504016315902e-09     1.2949447272084e-09
 1.2235522491051e-09    1.1414935861497e-09     1.0535734034533e-09
 9.6388781533375e-10    8.7570853854943e-10     7.9146993847157e-10
 7.1282945369614e-10    6.4077291424309e-10     5.7574064065485e-10
 5.1775610873383e-10    4.6654496711687e-10     4.2163746706787e-10
 3.8245146697490e-10    3.4835604495627e-10     3.1871752277219e-10
 2.9293060059845e-10    2.7043757824400e-10     2.5073851650099e-10
 2.3339485124031e-10    2.1802853859288e-10     2.0431836555181e-10
 1.9199465330459e-10    1.8083323407058e-10     1.7064930300935e-10
 1.6129152880232e-10    1.5263665055328e-10     1.4458467008174e-10
 1.3705467515755e-10    1.2998127818088e-10     1.2331162539908e-10
 1.1700291700423e-10    1.1102037279442e-10     1.0533557845149e-10
 9.9925151984049e-11    9.4769675790019e-11     8.9852846761166e-11
 8.5160803683412e-11    8.0681597686718e-11
 2.1156886595372e-18    4.2594112756779e-17     5.7642985242611e-16
 5.5048123227240e-15    3.8735902724211e-14     2.0838947766519e-13
 8.8541480867136e-13    3.0589754961422e-12     8.8225849316539e-12
 2.1753132693867e-11    4.6834573220762e-11     8.9709352131483e-11
 1.5536857684660e-10    2.4669319660978e-10     3.6334454619931e-10
 5.0135675619696e-10    6.5352140461419e-10     8.1041201662308e-10
 9.6175367267704e-10    1.0978158479826e-09     1.2105663957871e-09
 1.2944285761393e-09    1.3465925848883e-09     1.3669227478376e-09
 1.3575588336852e-09    1.3223341410338e-09     1.2661293426404e-09
 1.1942590892106e-09    1.1119573675908e-09     1.0239957054348e-09
 9.3444102987975e-10    8.4654020454803e-10     7.6270663825968e-10
 6.8457988716597e-10    6.1313009301488e-10     5.4878334480825e-10
 4.9154983507510e-10    4.4114260280644e-10     3.9707987886328e-10
 3.5876813409359e-10    3.2556580226365e-10     2.9682943164693e-10
 2.7194493123197e-10    2.5034686845071e-10     2.3152866526192e-10
 2.1504620644529e-10    2.0051694439590e-10     1.8761614280473e-10
 1.7607149489645e-10    1.6565700462252e-10     1.5618673875672e-10
 1.4750883841689e-10    1.3950002126274e-10     1.3206068582835e-10
 1.2511065494438e-10    1.1858554339773e-10     1.1243370499479e-10
 1.0661369905092e-10    1.0109221039289e-10     9.5842357202370e-11
 9.0842325430982e-11    8.6074274422970e-11     8.1523465380738e-11
 7.7177571198059e-11    7.3026132759767e-11
 2.1607436558012e-18    4.3269783851635e-17     5.8297458178768e-16
 5.5460123228842e-15    3.8893586889632e-14     2.0860101348072e-13
 8.8388934563667e-13    3.0462718104418e-12     8.7672019780110e-12
 2.1576803277018e-11    4.6382138944064e-11     8.8725025719100e-11
 1.5349175279751e-10    2.4348099095576e-10     3.5831846318968e-10
 4.9406256322170e-10    6.4358778850047e-10     7.9759523670856e-10
 9.4596049419584e-10    1.0791031642498e-09     1.1891211643720e-09
 1.2705348958628e-09    1.3205936952702e-09     1.3391848325466e-09
 1.3284414727046e-09    1.2921698326039e-09     1.2352123192918e-09
 1.1628420547030e-09    1.0802539171857e-09     9.9218599919770e-10
 9.0267859229354e-10    8.1495829894105e-10     7.3142331468825e-10
 6.5370137742547e-10    5.8275264761453e-10     5.1899385297846e-10
 4.6242566052213e-10    4.1275104909006e-10     3.6947761427442e-10
 3.3200079843894e-10    2.9966791443201e-10     2.7182463314132e-10
 2.4784654256285e-10    2.2715870120603e-10     2.0924601813432e-10
 1.9365697272412e-10    1.8000276603844e-10     1.6795355791464e-10
 1.5723303825833e-10    1.4761223301954e-10     1.3890316318926e-10
 1.3095275365047e-10    1.2363722945024e-10     1.1685711546519e-10
 1.1053287944391e-10    1.0460120545721e-10     9.9011853948996e-11
 9.3725048837078e-11    8.8709325764586e-11     8.3939775632356e-11
 7.9396621795658e-11    7.5064075187900e-11     7.0929418651778e-11
 6.6982278693914e-11    6.3214049516900e-11
 2.1909693006722e-18    4.3708925892749e-17     5.8693244276258e-16
 5.5666439834666e-15    3.8926264156039e-14     2.0820914299188e-13
 8.7998641574568e-13    3.0257707419948e-12     8.6901918460695e-12
 2.1348978915427e-11    4.5822861572153e-11     8.7544671531878e-11
 1.5129251120015e-10    2.3978761303732e-10     3.5263417781951e-10
 4.8593653393814e-10    6.3267752271955e-10     7.8371018725399e-10
 9.2907942892337e-10    1.0593649608007e-09     1.1667943963921e-09
 1.2459748308718e-09    1.2941959997973e-09     1.3113438974462e-09
 1.2995186706132e-09    1.2624740519993e-09     1.2049924795247e-09
 1.1322894175842e-09    1.0495110259963e-09     9.6135892123002e-10
 8.7184960523661e-10    7.8419696663537e-10     7.0079479767910e-10
 6.2327162414162e-10    5.5259070631509e-10     4.8917190053806e-10
 4.3301748330330e-10    3.8382969029952e-10     3.4111278080793e-10
 3.0425645738235e-10    2.7260034490401e-10     2.4548105875770e-10
 2.2226436437601e-10    2.0236528143611e-10     1.8525892641240e-10
 1.7048459147528e-10    1.5764515243456e-10     1.4640347000664e-10
 1.3647704752352e-10    1.2763186127598e-10     1.1967599663138e-10
 1.1245349959258e-10    1.0583869191201e-10     9.9731074036134e-11
 9.4050862187173e-11    8.8735151344454e-11     8.3734663817014e-11
 7.9011026466324e-11    7.4534512658359e-11     7.0282184687291e-11
 6.6236376391878e-11    6.2383461421626e-11     5.8712859527788e-11
 5.5216240072392e-11    5.1886888454550e-11
 2.2145635333348e-18    4.4049424279343e-17     5.8983371601036e-16
 5.5784702923722e-15    3.8899222536328e-14     2.0748504380606e-13
 8.7457686320877e-13    2.9997028412416e-12     8.5962555591887e-12
 2.1078087373835e-11    4.5170101501953e-11     8.6187948958032e-11
 1.4879928396429e-10    2.3565554629430e-10     3.4635842547697e-10
 4.7708677780388e-10    6.2096548632549e-10     7.6903249888922e-10
 9.1152851451746e-10    1.0392088906222e-09     1.1444329933497e-09
 1.2218827991068e-09    1.2688643237903e-09     1.2852289292547e-09
 1.2730051213344e-09    1.2358544916302e-09     1.1784627203163e-09
 1.1059568126751e-09    1.0234114583144e-09     9.3547802386760e-10
 8.4614431081895e-10    7.5861450043986e-10     6.7528740515337e-10
 5.9780640687219e-10    5.2715478226169e-10     4.6377364747487e-10
 4.0768488066550e-10    3.5860680735134e-10     3.1605533806919e-10
 2.7942719135305e-10    2.4806468739845e-10     2.2130344100514e-10
 1.9850529244034e-10    1.7907920986302e-10     1.6249287871898e-10
 1.4827743185733e-10    1.3602739407320e-10     1.2539750328881e-10
 1.1609767951537e-10    1.0788707084821e-10     1.0056782435960e-10
 9.3979005900940e-11    8.7990929902809e-11     8.2500034685448e-11
 7.7424359125738e-11    7.2699620561566e-11     6.8275860626349e-11
 6.4114608262733e-11    6.0186501579210e-11     5.6469309449040e-11
 5.2946297283328e-11    4.9604886669266e-11     4.6435564913296e-11
 4.3431006586894e-11    4.0585374809918e-11
 2.2408525525602e-18    4.4448253635473e-17     5.9344364077378e-16
 5.5953850532431e-15    3.8892273640788e-14     2.0677606999779e-13
 8.6884671688247e-13    2.9713519279553e-12     8.4929986641294e-12
 2.0779294535319e-11    4.4450590664097e-11     8.4697517818746e-11
 1.4607507137487e-10    2.3117264607866e-10     3.3960906006413e-10
 4.6766788167575e-10    6.0865255482405e-10     7.5382296777180e-10
 8.9364718118576e-10    1.0190773079622e-09     1.1226118882068e-09
 1.1990003219739e-09    1.2455433767571e-09     1.2620246670424e-09
 1.2503600174598e-09    1.2140741529995e-09     1.1577118060341e-09
 1.0862715556412e-09    1.0047236675566e-09     9.1764502951695e-10
 8.2897986516011e-10    7.4191680295204e-10     6.5886182366327e-10
 5.8148181495677e-10    5.1079352840237e-10     4.4727592605782e-10
 3.9098868267227e-10    3.4168475285990e-10     2.9890960778116e-10
 2.6208357367432e-10    2.3056650761332e-10     2.0370589282496e-10
 1.8087047955280e-10    1.6147203932804e-10     1.4497783034647e-10
 1.3091615223747e-10    1.1887702174514e-10     1.0850961324547e-10
 9.9517732562985e-11    9.1654259773733e-11     8.4715219785979e-11
 7.8533917158304e-11    7.2975408567082e-11     6.7931459900519e-11
 6.3316054248793e-11    5.9061460247041e-11     5.5114836416581e-11
 5.1435329307731e-11    4.7991615330246e-11     4.4759835028114e-11
 4.1721871481317e-11    3.8863928851719e-11     3.6175372245049e-11
 3.3647794553584e-11    3.1274279911908e-11
 2.2819332338266e-18    4.5116431258134e-17     6.0022886105011e-16
 5.6376427646781e-15    3.9027455706948e-14     2.0664340877980e-13
 8.6483862199437e-13    2.9468042605436e-12     8.3957229886065e-12
 2.0485935092855e-11    4.3728689798145e-11     8.3185601907163e-11
 1.4329933943732e-10    2.2660544537789e-10     3.3275745260550e-10
 4.5816937564789e-10    5.9635349936676e-10     7.3882165544298e-10
 8.7629417835891e-10    9.9993587993014e-10     1.1023890198606e-09
 1.1784627507133e-09    1.2254334090666e-09     1.2429881433250e-09
 1.2328947200964e-09    1.1985023095203e-09     1.1441760678518e-09
 1.0747505804032e-09    9.9506151901551e-10     9.0958803202784e-10
 8.2221507481612e-10    7.3610750183600e-10     6.5367701362687e-10
 5.7661823764673e-10    5.0599003301651e-10     4.4232093153788e-10
 3.8572201415287e-10    3.3599533508544e-10     2.9273044735334e-10
 2.5538526259064e-10    2.2335020888477e-10     1.9599648900478e-10
 1.7271031488959e-10    1.5291548507295e-10     1.3608675499947e-10
 1.2175627976332e-10    1.0951510198946e-10     9.9011299683536e-11
 8.9946053556793e-11    8.2068572913769e-11     7.5170548854505e-11
 6.9080583938940e-11    6.3658884755370e-11     5.8792376738597e-11
 5.4390318654804e-11    5.0380436325848e-11     4.6705560440453e-11
 4.3320734759258e-11    4.0190752438059e-11     3.7288076314987e-11
 3.4591100960083e-11    3.2082717305366e-11     2.9749144395298e-11
 2.7578995594571e-11    2.5562549027183e-11
 2.3549017566331e-18    4.6357498000533e-17     6.1379213822104e-16
 5.7352408780531e-15    3.9488019056064e-14     2.0794235094396e-13
 8.6571872368793e-13    2.9356784020593e-12     8.3291470006312e-12
 2.0253168557066e-11    4.3113652823478e-11     8.1847775606247e-11
 1.4079316842617e-10    2.2244313762053e-10     3.2650192439814e-10
 4.4953247908923e-10    5.8527369984368e-10     7.2550294648452e-10
 8.6119944436706e-10    9.8373877893422e-10     1.0858961839651e-09
 1.1625218451628e-09    1.2108426661398e-09     1.2304202768079e-09
 1.2228437604817e-09    1.1912569723056e-09     1.1398187413527e-09
 1.0731775645280e-09    9.9601810918254e-10     9.1271143675056e-10
 8.2707873635789e-10    7.4226176186467e-10     6.6068279702670e-10
 5.8407214640314e-10    5.1354068338053e-10     4.4967740275780e-10
 3.9265587593516e-10    3.4233794949573e-10     2.9836718254425e-10
 2.6024802734372e-10    2.2740940507890e-10     1.9925315661852e-10
 1.7518895536995e-10    1.5465781650906e-10     1.3714648229824e-10
 1.2219485020190e-10    1.0939835077818e-10     9.8406859583140e-11
 8.8921395840767e-11    8.0689554761800e-11     7.3500357538416e-11
 6.7178986301376e-11    6.1581708218709e-11     5.6591164415919e-11
 5.2112114866153e-11    4.8067670336462e-11     4.4396005497023e-11
 4.1047526851133e-11    3.7982458845716e-11     3.5168808081626e-11
 3.2580666085637e-11    3.0196812721413e-11     2.7999584989669e-11
 2.5973977773705e-11    2.4106945017861e-11
 2.4819521213889e-18    4.8561084734547e-17     6.3868922657471e-16
 5.9254236975156e-15    4.0496791644404e-14     2.1169023491324e-13
 8.7517280336035e-13    2.9489574855966e-12     8.3210539563230e-12
 2.0142270201206e-11    4.2725888340860e-11     8.0898530714213e-11
 1.3890772546897e-10    2.1921999892077e-10     3.2160472803130e-10
 4.4278473727798e-10    5.7673039403176e-10     7.1548149820611e-10
 8.5026448999123e-10    9.7264603848961e-10     1.0755081363984e-09
 1.1537112975179e-09    1.2044000891026e-09     1.2269778687884e-09
 1.2228246835910e-09    1.1948531172812e-09     1.1469956871250e-09
 1.0837017931066e-09    1.0094994069674e-09     9.2865280324089e-10
 8.4492678495290e-10    7.6145213160245e-10     6.8067702309692e-10
 6.0438435868327e-10    5.3375411553475e-10     4.6945185165089e-10
 4.1172791333407e-10    3.6051592559939e-10     3.1552296886285e-10
 2.7630715645782e-10    2.4234087954432e-10     2.1305980392177e-10
 1.8789885383026e-10    1.6631703586702e-10     1.4781317954115e-10
 1.3193463011391e-10    1.1828072877608e-10     1.0650263649332e-10
 9.6300755884731e-11    8.7420717166690e-11     7.9648639632706e-11
 7.2806165750927e-11    6.6745599605036e-11     6.1345349728030e-11
 5.6505786623513e-11    5.2145560869925e-11     4.8198386316670e-11
 4.4610268795424e-11    4.1337147462543e-11     3.8342910114214e-11
 3.5597742757624e-11    3.3076774248997e-11     3.0758979190845e-11
 2.8626304097141e-11    2.6662984336461e-11
 2.6866509187294e-18    5.2122018288217e-17     6.7927272217763e-16
 6.2412197129244e-15    4.2233732525066e-14     2.1861923915012e-13
 8.9551018577782e-13    2.9924897323572e-12     8.3837061090514e-12
 2.0175027254377e-11    4.2598580224597e-11     8.0380870545000e-11
 1.3768819213678e-10    2.1696736268536e-10     3.1805791044060e-10
 4.3784526044990e-10    5.7053168693487e-10     7.0841781021999e-10
 8.4297377759205e-10    9.6595170066013e-10     1.0703317849884e-09
 1.1509723728670e-09    1.2049184154389e-09     1.2313928358529e-09
 1.2315405109502e-09    1.2080145348084e-09     1.1644933515125e-09
 1.1052026644080e-09    1.0344946753690e-09     9.5651495529189e-10
 8.7496785211403e-10    7.9297668796007e-10     7.1302557855621e-10
 6.3696497055037e-10    5.6606194636229e-10     5.0107783040470e-10
 4.4235853136263e-10    3.8992657059049e-10     3.4356716369005e-10
 3.0290376870816e-10    2.6746092485977e-10     2.3671398758549e-10
 2.1012655246202e-10    1.8717705597015e-10     1.6737635750248e-10
 1.5027815691609e-10    1.3548397900270e-10     1.2264423763133e-10
 1.1145663225273e-10    1.0166286717552e-10     9.3044442669734e-11
 8.5418057116921e-11    7.8630991585206e-11     7.2556712345059e-11
 6.7090829442927e-11    6.2147478588637e-11     5.7656145525324e-11
 5.3558922521309e-11    4.9808168987453e-11     4.6364539378584e-11
 4.3195338662990e-11    4.0273165319754e-11     3.7574804332004e-11
 3.5080335002302e-11    3.2772421847064e-11
 2.9884723368792e-18    5.7327631066508e-17     7.3812108175459e-16
 6.6959973447536e-15    4.4724872370654e-14     2.2857145908190e-13
 9.2507884280426e-13    3.0580186122171e-12     8.4877427806552e-12
 2.0268236031660e-11    4.2532620522156e-11     7.9877518435706e-11
 1.3634941755014e-10    2.1433513945164e-10     3.1371215148890e-10
 4.3151466862846e-10    5.6218964319884e-10     6.9834140853596e-10
 8.3175428304197e-10    9.5445538595463e-10     1.0596191749969e-09
 1.1421903122255e-09    1.1991825621187e-09     1.2296780451813e-09
 1.2345935394660e-09    1.2162984082674e-09     1.1781668383965e-09
 1.1241327492945e-09    1.0582956770236e-09     9.8460547609865e-10
 9.0663610896500e-10    8.2744566568340e-10     7.4951133945608e-10
 6.7472380657102e-10    6.0442438755485e-10     5.3946949421764e-10
 4.8030922384959e-10    4.2706990447556e-10     3.7963328752271e-10
 3.3770773297350e-10    3.0088887771654e-10     2.6870892374898e-10
 2.4067483645046e-10    2.1629647703456e-10     1.9510608898141e-10
 1.7667070380650e-10    1.6059900230125e-10     1.4654402995846e-10
 1.3420296860618e-10    1.2331494900252e-10     1.1365767595401e-10
 1.0504344297821e-10    9.7314949810722e-11     9.0341199983369e-11
 8.4013651724677e-11    7.8242718362339e-11     7.2954658809880e-11
 6.8088862868554e-11    6.3595513280629e-11     5.9433593989210e-11
 5.5569208998225e-11    5.1974174909088e-11     4.8624852598535e-11
 4.5501186180926e-11    4.2585921257742e-11
 3.4018267923376e-18    6.4315961620528e-17     8.1515411474282e-16
 7.2723039611473e-15    4.7749415754055e-14     2.3995038156206e-13
 9.5582559909122e-13    3.1145787331450e-12     8.5370802834834e-12
 2.0171074440044e-11    4.1959537872618e-11     7.8242705066671e-11
 1.3279970152977e-10    2.0781509705862e-10     3.0310039994484e-10
 4.1580438339576e-10    5.4067489833599e-10     6.7077091778550e-10
 7.9842297598611e-10    9.1621834097706e-10     1.0178280403691e-09
 1.0985661210808e-09    1.1556483030342e-09     1.1881782056433e-09
 1.1969262789739e-09    1.1839802767700e-09     1.1523419748653e-09
 1.1055301752685e-09    1.0472311836105e-09     9.8101959672244e-10
 9.1015704467883e-10    8.3746557993761e-10     7.6526563647218e-10
 6.9536522584004e-10    6.2908638309594e-10     5.6731594416776e-10
 5.1056970771989e-10    4.5906143507005e-10     4.1277044500376e-10
 3.7150367950131e-10    3.3494983529290e-10     3.0272450066738e-10
 2.7440621020525e-10    2.4956398612037e-10     2.2777732929403e-10
 2.0864981771962e-10    1.9181751654849e-10     1.7695335055935e-10
 1.6376847270577e-10    1.5201151269875e-10     1.4146642856847e-10
 1.3194952690189e-10    1.2330607598327e-10     1.1540681403628e-10
 1.0814455368363e-10    1.0143100719219e-10     9.5193897758771e-11
 8.9374382113248e-11    8.3924782794409e-11     7.8806612751061e-11
 7.3988867635267e-11    6.9446558641971e-11     6.5159460471551e-11
 6.1111051387738e-11    5.7287625758244e-11
 3.9297564593583e-18    7.2861894319394e-17     9.0386400876104e-16
 7.8812860937222e-15    5.0548536369592e-14     2.4823838017677e-13
 9.6766136981531e-13    3.0918192352230e-12     8.3292311205346e-12
 1.9387722722251e-11    3.9817764490203e-11     7.3445816838162e-11
 1.2350937278652e-10    1.9175574488661e-10     2.7779442414711e-10
 3.7889759903460e-10    4.9028669182928e-10     6.0579893731397e-10
 7.1874570726928e-10    8.2276413631315e-10     9.1250778988970e-10
 9.8409143208665e-10    1.0352731399860e-09     1.0654079137264e-09
 1.0752349882124e-09    1.0665686006961e-09     1.0419549658197e-09
 1.0043434907719e-09    9.5680333731737e-10     9.0230101629313e-10
 8.4354262279287e-10    7.8287611544107e-10     7.2224435420482e-10
 6.6317769230752e-10    6.0681492730586e-10     5.5394260854696e-10
 5.0504442472244e-10    4.6035433470367e-10     4.1990885711693e-10
 3.8359550319588e-10    3.5119556904449e-10     3.2242045238066e-10
 2.9694133989704e-10    2.7441257457441e-10     2.5448930015845e-10
 2.3684013692731e-10    2.2115570155073e-10     2.0715377467240e-10
 1.9458186378601e-10    1.8321782515168e-10     1.7286910984824e-10
 1.6337109579749e-10    1.5458486793911e-10     1.4639472005376e-10
 1.3870557044390e-10    1.3144042185590e-10     1.2453794390166e-10
 1.1795022018199e-10    1.1164067690449e-10     1.0558219463835e-10
 9.9755397590165e-11    9.4147112317990e-11     8.8748989169416e-11
 8.3556281594583e-11    7.8566780678386e-11
 4.5100482038238e-18    8.1295001892934e-17     9.7788717571009e-16
 8.2555940295416e-15    5.1260558573231e-14     2.4402394874245e-13
 9.2429079035972e-13    2.8781796251005e-12     7.5804319140274e-12
 1.7302060564008e-11    3.4936662252577e-11     6.3502112659272e-11
 1.0542943255392e-10    1.6186106160498e-10     2.3218708067359e-10
 3.1395779753318e-10    4.0317980868934e-10     4.9489114464665e-10
 5.8385530606716e-10    6.6521736455311e-10     7.3500919337942e-10
 7.9044987063800e-10    8.3004069840279e-10     8.5349089551175e-10
 8.6152748207412e-10    8.5564457317225e-10     8.3783884068177e-10
 8.1036484609967e-10    7.7553041255401e-10     7.3554068616642e-10
 6.9239105479286e-10    6.4780372881141e-10     6.0320005550102e-10
 5.5969984330561e-10    5.1813944545445e-10     4.7910152594045e-10
 4.4295085328447e-10    4.0987194125139e-10     3.7990561043385e-10
 3.5298262601116e-10    3.2895337791445e-10     3.0761317160783e-10
 2.8872311111259e-10    2.7202682491754e-10     2.5726344335422e-10
 2.4417731596852e-10    2.3252498127004e-10     2.2207988845574e-10
 2.1263533308842e-10    2.0400601681080e-10     1.9602858144927e-10
 1.8856140505547e-10    1.8148388573188e-10     1.7469538578055e-10
 1.6811395544333e-10    1.6167491849849e-10     1.5532936920759e-10
 1.4904261004765e-10    1.4279254732103e-10     1.3656805754323e-10
 1.3036733908975e-10    1.2419626829023e-10     1.1806678543211e-10
 1.1199534081881e-10    1.0600143364124e-10
 4.9237278722381e-18    8.5255364472363e-17     9.8307098572190e-16
 7.9542079543756e-15    4.7417019037737e-14     2.1741285257941e-13
 7.9639443120509e-13    2.4085825369870e-12     6.1860846686209e-12
 1.3818018969084e-11    2.7388367350180e-11     4.8988854892452e-11
 8.0203702611856e-11    1.2163221543492e-10     1.7260613309828e-10
 2.3118429552404e-10    2.9441125498654e-10     3.5875218530612e-10
 4.2058569006642e-10    4.7664700804767e-10     5.2435051991286e-10
 5.6196356315949e-10    5.8863961305017e-10     6.0434148861512e-10
 6.0969416740625e-10    6.0580532524444e-10     5.9408417154292e-10
 5.7607936987421e-10    5.5334745183263e-10     5.2735558674997e-10
 4.9941731058057e-10    4.7065671947923e-10     4.4199525960022e-10
 4.1415506895384e-10    3.8767339648695e-10     3.6292355746116e-10
 3.4013890784860e-10    3.1943732231682e-10     3.0084448046935e-10
 2.8431495149037e-10    2.6975056456273e-10     2.5701591072025e-10
 2.4595105825897e-10    2.3638171076602e-10     2.2812711648677e-10
 2.2100607205206e-10    2.1484136581156e-10     2.0946298785203e-10
 2.0471040141664e-10    2.0043412974103e-10     1.9649686634630e-10
 1.9277426773298e-10    1.8915553830732e-10     1.8554387443098e-10
 1.8185679037643e-10    1.7802631975022e-10     1.7399906172103e-10
 1.6973603100174e-10    1.6521227016442e-10     1.6041619321952e-10
 1.5534864740745e-10    1.5002170260460e-10     1.4445720139488e-10
 1.3868512308770e-10    1.3274183016448e-10
 4.8383443394986e-18    7.9661896898174e-17     8.7379179707511e-16
 6.7435259233847e-15    3.8513886775587e-14     1.7008634160076e-13
 6.0334186887078e-13    1.7758671006124e-12     4.4580443665486e-12
 9.7679192667092e-12    1.9046250037714e-11     3.3592884801321e-11
 5.4335370924711e-11    8.1538770740914e-11     1.1465232394333e-10
 1.5233621417785e-10    1.9265020974832e-10     2.3334211043676e-10
 2.7215932549699e-10    3.0711802624833e-10     3.3668966016895e-10
 3.5989215600013e-10    3.7629482288281e-10     3.8595853095176e-10
 3.8933678454349e-10    3.8716119793259e-10     3.8032948230427e-10
 3.6980769630379e-10    3.5655271677615e-10     3.4145640675282e-10
 3.2530996329694e-10    3.0878526643879e-10     2.9242941324301e-10
 2.7666866544811e-10    2.6181849152043e-10     2.4809701334689e-10
 2.3563982072692e-10    2.2451473272144e-10     2.1473557714469e-10
 2.0627446171476e-10    1.9907229571503e-10     1.9304752267181e-10
 1.8810315430641e-10    1.8413227494097e-10     1.8102222704936e-10
 1.7865770598441e-10    1.7692299232166e-10     1.7570354001993e-10
 1.7488712015207e-10    1.7436469598326e-10     1.7403117606438e-10
 1.7378615811154e-10    1.7353473942193e-10     1.7318843296176e-10
 1.7266618776873e-10    1.7189547990085e-10     1.7081341056172e-10
 1.6936772949597e-10    1.6751769331724e-10     1.6523467249612e-10
 1.6250243580225e-10    1.5931706505986e-10     1.5568648311243e-10
 1.5162960859829e-10    1.4717518010014e-10
 4.1162925298787e-18    6.4321777080703e-17     6.7213439885155e-16
 4.9687658531420e-15    2.7350967978321e-14     1.1712306007441e-13
 4.0503698105977e-13    1.1675251029286e-12     2.8808281608318e-12
 6.2224097631871e-12    1.1988150559075e-11     2.0930292096026e-11
 3.3561596496591e-11    4.9990871274558e-11     6.9843995874636e-11
 9.2291898602626e-11    1.1617086947362e-10     1.4015640386700e-10
 1.6294521919943e-10    1.8340821094724e-10     2.0069274700225e-10
 2.1426882823097e-10    2.2392583267827e-10     2.2973325381627e-10
 2.3198059267927e-10    2.3110991314568e-10     2.2765119341299e-10
 2.2216683701313e-10    2.1520837201251e-10     2.0728585369785e-10
 1.9884885269826e-10    1.9027704357993e-10     1.8187811770528e-10
 1.7389082502179e-10    1.6649124756129e-10     1.5980079057060e-10
 1.5389476281448e-10    1.4881077312926e-10     1.4455645028171e-10
 1.4111621831200e-10    1.3845701658927e-10     1.3653296318491e-10
 1.3528902910913e-10    1.3466383233110e-10     1.3459168200119e-10
 1.3500401257297e-10    1.3583034841690e-10     1.3699893524436e-10
 1.3843716603404e-10    1.4007191726539e-10     1.4182989551290e-10
 1.4363807457717e-10    1.4542427997047e-10     1.4711795220094e-10
 1.4865109085308e-10    1.4995935496367e-10     1.5098326928722e-10
 1.5166946660727e-10    1.5197188356678e-10     1.5185282419845e-10
 1.5128381126132e-10    1.5024616002767e-10     1.4873123072374e-10
 1.4674034050804e-10    1.4428434197031e-10
 3.0256008590081e-18    4.5212401337052e-17     4.5441700070618e-16
 3.2513006636359e-15    1.7424757709766e-14     7.3023820118814e-14
 2.4819234277185e-13    7.0549574618385e-13     1.7211558155469e-12
 3.6831625106981e-12    7.0414963731524e-12     1.2214804953762e-11
 1.9480334075887e-11    2.8883947653061e-11     4.0199781767835e-11
 5.2950138866172e-11    6.6476097675682e-11     8.0036334953289e-11
 9.2908683937768e-11    1.0447403214114e-10     1.1427114929747e-10
 1.2202003859455e-10    1.2761804411330e-10     1.3111646354039e-10
 1.3268619447456e-10    1.3257988346251e-10     1.3109608990723e-10
 1.2854885299713e-10    1.2524420296456e-10     1.2146378666721e-10
 1.1745490195340e-10    1.1342578436156e-10     1.0954485368116e-10
 1.0594269175486e-10    1.0271570170632e-10     9.9930619235083e-11
 9.7629264756961e-11    9.5833123611837e-11     9.4547496368823e-11
 9.3765084497511e-11    9.3468961609009e-11     9.3634939122082e-11
 9.4233371716484e-11    9.5230469869440e-11     9.6589198391035e-11
 9.8269845440824e-11    1.0023034801905e-10     1.0242645878998e-10
 1.0481183553735e-10    1.0733812873918e-10     1.0995513399665e-10
 1.1261106387580e-10    1.1525297842905e-10     1.1782739577582e-10
 1.2028108299878e-10    1.2256200719185e-10     1.2462040615658e-10
 1.2640992190661e-10    1.2788872861226e-10     1.2902058205731e-10
 1.2977572048733e-10    1.3013155673989e-10     1.3007311784122e-10
 1.2959320810055e-10    1.2869229351676e-10
 1.9783064811916e-18    2.8611511464154e-17     2.7987016228508e-16
 1.9590820767411e-15    1.0318465756898e-14     4.2654034354829e-14
 1.4341060260465e-13    4.0415321834809e-13     9.7918755118774e-13
 2.0836567214993e-12    3.9652574894338e-12     6.8524633069499e-12
 1.0894317664905e-11    1.6112005336325e-11     2.2378066743310e-11
 2.9428586496218e-11    3.6902731810337e-11     4.4397120537703e-11
 5.1521099721833e-11    5.7941950943002e-11     6.3414014200547e-11
 6.7790623759418e-11    7.1021314589545e-11     7.3138605315785e-11
 7.4239026917059e-11    7.4462445989675e-11     7.3972641375030e-11
 7.2940927852822e-11    7.1533617192886e-11     6.9903368266714e-11
 6.8184011524498e-11    6.6488197751248e-11     6.4907155772450e-11
 6.3511885265146e-11    6.2355213200658e-11     6.1474265653497e-11
 6.0893027346615e-11    6.0624770174437e-11     6.0674216282820e-11
 6.1039368047545e-11    6.1712982889483e-11     6.2683702281645e-11
 6.3936863835962e-11    6.5455037389736e-11     6.7218332880799e-11
 6.9204531789734e-11    7.1389096118368e-11     7.3745109605189e-11
 7.6243205234385e-11    7.8851530646503e-11     8.1535798289464e-11
 8.4259459368462e-11    8.6984030060879e-11     8.9669585115798e-11
 9.2275417874283e-11    9.4760849222286e-11     9.7086151293124e-11
 9.9213537620601e-11    1.0110816104457e-10     1.0273905578421e-10
 1.0407996153178e-10    1.0510997519215e-10     1.0581398949097e-10
 1.0618289511118e-10    1.0621354253291e-10
 1.1978615216119e-18    1.6947102982192e-17     1.6285827340674e-16
 1.1241645058931e-15    5.8565786930350e-15     2.4004027052258e-14
 8.0167930902768e-14    2.2473430825281e-13     5.4219771504855e-13
 1.1498636401439e-12    2.1822548342202e-12     3.7629487339172e-12
 5.9721027071187e-12    8.8205822476455e-12     1.2239148530178e-11
 1.6085427164571e-11    2.0165494314644e-11     2.4263265613253e-11
 2.8170191127232e-11    3.1709390846334e-11     3.4751065052050e-11
 3.7218649332175e-11    3.9087085898984e-11     4.0375555865559e-11
 4.1137193647683e-11    4.1447956807094e-11     4.1396229629420e-11
 4.1074107998959e-11    4.0570772844355e-11     3.9967963825238e-11
 3.9337316963754e-11    3.8739206626901e-11     3.8222700500616e-11
 3.7826261316931e-11    3.7578886556925e-11     3.7501445350418e-11
 3.7608037846304e-11    3.7907261603420e-11     3.8403315144823e-11
 3.9096904770884e-11    3.9985945055581e-11     4.1066060221620e-11
 4.2330904081198e-11    4.3772322978488e-11     4.5380390485670e-11
 4.7143345668754e-11    4.9047469216361e-11     5.1076933377209e-11
 5.3213662597231e-11    5.5437241255751e-11     5.7724902607786e-11
 6.0051628180247e-11    6.2390379531228e-11     6.4712474330786e-11
 6.6988106363792e-11    6.9186995717833e-11     7.1279141707323e-11
 7.3235639010314e-11    7.5029508276284e-11     7.6636487589550e-11
 7.8035731617180e-11    7.9210371096419e-11     8.0147896304804e-11
 8.0840342820353e-11    8.1284274587314e-11
 6.9655679825230e-19    9.7059364945745e-18     9.2144900783694e-17
 6.3000686267518e-16    3.2577678310334e-15     1.3274800158839e-14
 4.4132030854062e-14    1.2326705028054e-13     2.9653920108919e-13
 6.2744307984393e-13    1.1886346134065e-12     2.0467598355000e-12
 3.2450583158080e-12    4.7895910913230e-12     6.6435823809752e-12
 8.7312761166444e-12    1.0949568048284e-11     1.3183745728540e-11
 1.5323328809967e-11    1.7274890958917e-11     1.8970194670988e-11
 2.0369378004360e-11    2.1459943671191e-11     2.2252814482750e-11
 2.2776807320223e-11    2.3072686830426e-11     2.3187638340557e-11
 2.3170660068999e-11    2.3069084864666e-11     2.2926230215749e-11
 2.2780043449875e-11    2.2662544319263e-11     2.2599851653459e-11
 2.2612595568319e-11    2.2716548781658e-11     2.2923347995379e-11
 2.3241212398433e-11    2.3675598591524e-11     2.4229755836985e-11
 2.4905164871566e-11    2.5701856446578e-11     2.6618614661169e-11
 2.7653075747717e-11    2.8801736734345e-11     3.0059891107228e-11
 3.1421510819516e-11    3.2879096221698e-11     3.4423517248620e-11
 3.6043870678791e-11    3.7727378710631e-11     3.9459353210275e-11
 4.1223247110412e-11    4.3000809540562e-11     4.4772354191383e-11
 4.6517141339872e-11    4.8213863813054e-11     4.9841216567015e-11
 5.1378519966080e-11    5.2806359338883e-11     5.4107199125032e-11
 5.5265929793919e-11    5.6270309774679e-11     5.7111272812733e-11
 5.7783082370919e-11    5.8283327629178e-11
 4.0024379770530e-19    5.5074405617113e-18     5.1757188359609e-17
 3.5102479086825e-16    1.8035672383230e-15     7.3119625958445e-15
 2.4210326045355e-14    6.7403934993623e-14     1.6173102581918e-13
 3.4150086174425e-13    6.4591107500173e-13     1.1109061296734e-12
 1.7598881206195e-12    2.5964023531981e-12     3.6011729760898e-12
 4.7342096808233e-12    5.9410383744891e-12     7.1610927938849e-12
 8.3361335185790e-12    9.4170405974849e-12     1.0368100419930e-11
 1.1168656686987e-11    1.1812532245841e-11     1.2305899889037e-11
 1.2664324983949e-11    1.2909599037111e-11     1.3066810189107e-11
 1.3161914499982e-11    1.3219916638391e-11     1.3263655579525e-11
 1.3313120794450e-11    1.3385190345933e-11     1.3493674712445e-11
 1.3649558727233e-11    1.3861351841782e-11     1.4135477474298e-11
 1.4476651932085e-11    1.4888220978591e-11     1.5372435427985e-11
 1.5930657601477e-11    1.6563497380384e-11     1.7270881343862e-11
 1.8052061477688e-11    1.8905572051679e-11     1.9829144934775e-11
 2.0819595138448e-11    2.1872690111545e-11     2.2983017758842e-11
 2.4143869536361e-11    2.5347155630807e-11     2.6583368958061e-11
 2.7841613034113e-11    2.9109705566249e-11     3.0374364779298e-11
 3.1621479146713e-11    3.2836453944578e-11     3.4004620395954e-11
 3.5111686142852e-11    3.6144200196853e-11     3.7090002220276e-11
 3.7938625655264e-11    3.8681626893540e-11     3.9312818347676e-11
 3.9828391185890e-11    4.0226922706562e-11
 2.3202799222796e-19    3.1497045762110e-18     2.9271197996274e-17
 1.9674034582786e-16    1.0035356785906e-15     4.0447263257118e-15
 1.3328889563678e-14    3.6966187015746e-14     8.8421554996168e-14
 1.8624019821796e-13    3.5156808593711e-13     6.0378818204810e-13
 9.5557071549788e-13    1.4089988551051e-12     1.9540213531167e-12
 2.5696008363152e-12    3.2270438791456e-12     3.8944656577252e-12
 4.5412565386385e-12    5.1416754805703e-12     5.6771072357478e-12
 6.1369180698176e-12    6.5181293093959e-12     6.8242714108690e-12
 7.0638041872718e-12    7.2484328172854e-12     7.3915564267352e-12
 7.5069885256799e-12    7.6080055639464e-12     7.7067195315415e-12
 7.8137332112811e-12    7.9380187018712e-12     8.0869560618081e-12
 8.2664737567201e-12    8.4812424071234e-12     8.7348845527776e-12
 9.0301738880367e-12    9.3692069963323e-12     9.7535378204184e-12
 1.0184270787415e-11    1.0662112230383e-11     1.1187382338081e-11
 1.1759991526405e-11    1.2379386365845e-11     1.3044471280125e-11
 1.3753513291384e-11    1.4504038379596e-11     1.5292729143805e-11
 1.6115334576017e-11    1.6966603392121e-11     1.7840252352579e-11
 1.8728980025434e-11    1.9624534363228e-11     2.0517839223760e-11
 2.1399180632502e-11    2.2258448554666e-11     2.3085424596114e-11
 2.3870101077653e-11    2.4603012909964e-11     2.5275561230161e-11
 2.5880307321265e-11    2.6411216969527e-11     2.6863839124630e-11
 2.7235408021607e-11    2.7524864187946e-11
 1.3720141167685e-19    1.8303236247063e-18     1.6767538969851e-17
 1.1139958551669e-16    5.6292113302988e-16     2.2516601375798e-15
 7.3743372884118e-15    2.0349166787400e-14     4.8475759696823e-14
 1.0176862546124e-13    1.9161429869772e-13     3.2843601226438e-13
 5.1906323870767e-13    7.6468652452520e-13     1.0600541530430e-12
 1.3940980827917e-12    1.7517115251823e-12     2.1161212831500e-12
 2.4712550221532e-12    2.8036411545060e-12     3.1035976516277e-12
 3.3656768024066e-12    3.5884836020467e-12     3.7740612241666e-12
 3.9270488864696e-12    4.0537873532293e-12     4.1614977060294e-12
 4.2576069592711e-12    4.3492498037925e-12     4.4429436018263e-12
 4.5444139038178e-12    4.6585382313949e-12     4.7893739575535e-12
 4.9402387660377e-12    5.1138174995091e-12     5.3122752608421e-12
 5.5373624171271e-12    5.7905023234946e-12     6.0728564567576e-12
 6.3853647238517e-12    6.7287607161562e-12     7.1035631038392e-12
 7.5100453068004e-12    7.9481863371271e-12     8.4176064331598e-12
 8.9174918703894e-12    9.4465142974361e-12     1.0002750831247e-11
 1.0583612061237e-11    1.1185785722963e-11     1.1805203983737e-11
 1.2437041813051e-11    1.3075752669791e-11     1.3715145671708e-11
 1.4348505557105e-11    1.4968753339544e-11     1.5568641857772e-11
 1.6140976894648e-11    1.6678851578145e-11     1.7175879807767e-11
 1.7626413803422e-11    1.8025731620243e-11     1.8370182641215e-11
 1.8657282365399e-11    1.8885751873515e-11
 8.2454839902657e-20    1.0759022492974e-18     9.6812703652675e-18
 6.3407253569254e-17    3.1676784925360e-16     1.2555046445495e-15
 4.0816390776744e-15    1.1196265059983e-14     2.6544307350545e-14
 5.5513940301604e-14    1.0421117245110e-13     1.7821394320678e-13
 2.8117832379933e-13    4.1376158762420e-13     5.7320584045191e-13
 7.5367782092865e-13    9.4721591612851e-13     1.1449891496360e-12
 1.3385509889230e-12    1.5208438637487e-12     1.6868260261627e-12
 1.8337038793187e-12    1.9608326313613e-12     2.0693881909581e-12
 2.1619194051189e-12    2.2418736824038e-12     2.3131626174420e-12
 2.3798065194273e-12    2.4456731735875e-12     2.5143090570796e-12
 2.5888506808326e-12    2.6719986768674e-12     2.7660362582100e-12
 2.8728751021297e-12    2.9941145619506e-12     3.1311033434749e-12
 3.2849958631376e-12    3.4567982595903e-12     3.6474010815218e-12
 3.8575973103456e-12    4.0880854335723e-12     4.3394580448646e-12
 4.6121769612303e-12    4.9065362897520e-12     5.2226153336825e-12
 5.5602237468901e-12    5.9188420180394e-12     6.2975610335727e-12
 6.6950251849846e-12    7.1093840463122e-12     7.5382579608017e-12
 7.9787227867062e-12    8.4273184668540e-12     8.8800849421918e-12
 9.3326272334790e-12    9.7802093833508e-12     1.0217874543784e-11
 1.0640586093616e-11    1.1043382527748e-11     1.1421537266600e-11
 1.1770713720221e-11    1.2087105992884e-11     1.2367556586179e-11
 1.2609644222041e-11    1.2811737258602e-11
 4.9493805476719e-20    6.3008995590248e-19     5.5611272296706e-18
 3.5878569042654e-17    1.7714375706593e-16     6.9563663167142e-16
 2.2450071925253e-15    6.1225595127165e-15     1.4448849076492e-14
 3.0108739043130e-14    5.6361723951871e-14     9.6179454384056e-14
 1.5150850702342e-13    2.2270335848274e-13     3.0830976586787e-13
 4.0524786035208e-13    5.0931556908893e-13     6.1585609971769e-13
 7.2042183998985e-13    8.1930570382867e-13     9.0987217956784e-13
 9.9067933056712e-13    1.0614251990705e-12     1.1227732631148e-12
 1.1761148461184e-12    1.2233178349130e-12     1.2664970183291e-12
 1.3078266349228e-12    1.3494031959341e-12     1.3931575643836e-12
 1.4408096714508e-12    1.4938565720638e-12     1.5535840209763e-12
 1.6210925076450e-12    1.6973302067640e-12     1.7831270147385e-12
 1.8792254726852e-12    1.9863058330715e-12     2.1050036028139e-12
 2.2359187529567e-12    2.3796163291634e-12     2.5366185874019e-12
 2.7073890412340e-12    2.8923090403284e-12     3.0916477550764e-12
 3.3055267508070e-12    3.5338807483873e-12     3.7764166059283e-12
 4.0325730446956e-12    4.3014840674854e-12     4.5819493226094e-12
 4.8724147518259e-12    5.1709666640617e-12     5.4753418420769e-12
 5.7829554100314e-12    6.0909470106691e-12     6.3962444452493e-12
 6.6956424725813e-12    6.9858930840930e-12     7.2638024513946e-12
 7.5263290223677e-12    7.7706769948171e-12     7.9943796783311e-12
 8.1953680213396e-12    8.3720207392162e-12
$ ION e  He [+0] (G)  e  He [+1] (G) e
& RA 6680 GOTO CODE 2.2D #INTERP2D
 65 1.0e+00 1.0e+04  2
 30 1.0e+08 1.0e+16  2
 2.9355395644627e-19    5.8066718965190e-18     7.6743834946999e-17
 7.1273999012773e-16    4.8640803675670e-15     2.5345471183472e-14
 1.0430197514941e-13    3.4936842611437e-13     9.7880028584342e-13
 2.3506048143267e-12    4.9460743965778e-12     9.2966542444727e-12
 1.5873149593379e-11    2.4975601151101e-11     3.6659643197941e-11
 5.0716944367572e-11    6.6706711508178e-11     8.4021768945326e-11
 1.0196879466999e-10    1.1984538932885e-10     1.3700285618808e-10
 1.5288982757087e-10    1.6707660533018e-10     1.7926293301691e-10
 1.8927317477931e-10    1.9704303885207e-10     2.0260152199441e-10
 2.0605100140609e-10    2.0754760284095e-10     2.0728322884646e-10
 2.0547002730671e-10    2.0232761997603e-10     1.9807309508331e-10
 1.9291356717502e-10    1.8704101585253e-10     1.8062905135857e-10
 1.7383127144637e-10    1.6678087572003e-10     1.5959123147802e-10
 1.5235711355062e-10    1.4515637318606e-10     1.3805182856636e-10
 1.3109321098106e-10    1.2431904419844e-10     1.1775837661548e-10
 1.1143232322239e-10    1.0535540422025e-10     9.9536688160920e-11
 9.3980759939543e-11    8.8688539097035e-11     8.3657973885428e-11
 7.8884633303030e-11    7.4362214957810e-11     7.0082982009486e-11
 6.6038138786211e-11    6.2218151941494e-11     5.8613022328123e-11
 5.5212511907733e-11    5.2006329689033e-11     4.8984280674915e-11
 4.6136381902133e-11    4.3452949715004e-11     4.0924662400641e-11
 3.8542602169118e-11    3.6298280210160e-11
 3.2317775011408e-19    6.3427556507229e-18     8.3206626464331e-17
 7.6734331112039e-16    5.2023438352130e-15     2.6943655317212e-14
 1.1026825678523e-13    3.6754464927461e-13     1.0253411527589e-12
 2.4534674531748e-12    5.1469766445057e-12     9.6504979468700e-12
 1.6444811575320e-11    2.5834778613194e-11     3.7874793158961e-11
 5.2349320108499e-11    6.8805257013065e-11     8.6619343160854e-11
 1.0507994226722e-10    1.2346567687307e-10     1.4110964803107e-10
 1.5744427307751e-10    1.7202654167123e-10     1.8454637246330e-10
 1.9482204176793e-10    2.0278684721551e-10     2.0847073165759e-10
 2.1197985842540e-10    2.1347633784777e-10     2.1315955832602e-10
 2.1124996354564e-10    2.0797564508594e-10     2.0356179148587e-10
 1.9822282165677e-10    1.9215692820441e-10     1.8554268274832e-10
 1.7853736247672e-10    1.7127665013228e-10     1.6387537843718e-10
 1.5642901186437e-10    1.4901558679890e-10     1.4169786872469e-10
 1.3452553083521e-10    1.2753721010435e-10     1.2076234912301e-10
 1.1422278004685e-10    1.0793404569421e-10     1.0190648002268e-10
 9.6146085440827e-11    9.0655249382139e-11     8.5433340023200e-11
 8.0477213906165e-11    7.5781659709054e-11     7.1339793841579e-11
 6.7143416787143e-11    6.3183334227156e-11     5.9449644095517e-11
 5.5931989460489e-11    5.2619777000265e-11     4.9502361391582e-11
 4.6569196796366e-11    4.3809957475726e-11     4.1214630282984e-11
 3.8773582273770e-11    3.6477606901731e-11
 3.6197493845566e-19    7.0213077993611e-18     9.1124665093104e-17
 8.3220431472595e-16    5.5925832448463e-15     2.8737423144575e-14
 1.1679449778169e-13    3.8695563215328e-13     1.0739529304353e-12
 2.5587431793148e-12    5.3488366060060e-12     1.0000235598520e-11
 1.7001805718571e-11    2.6661827086164e-11     3.9033039767388e-11
 5.3893546946721e-11    7.0780006715723e-11     8.9056079885174e-11
 1.0799530474630e-10    1.2686080043029e-10     1.4497049245825e-10
 1.6174285665707e-10    1.7672293747387e-10     1.8959127644229e-10
 2.0015968624000e-10    2.0835801854278e-10     2.1421566196249e-10
 2.1784079522788e-10    2.1939964532243e-10     2.1909726045575e-10
 2.1716069512829e-10    2.1382502557390e-10     2.0932227686635e-10
 2.0387312019708e-10    1.9768108765036e-10     1.9092896995748e-10
 1.8377706119752e-10    1.7636289834720e-10     1.6880215183199e-10
 1.6119033595622e-10    1.5360502814471e-10     1.4610831973536e-10
 1.3874926772510e-10    1.3156617440322e-10     1.2458858361833e-10
 1.1783894195590e-10    1.1133392278207e-10     1.0508544723524e-10
 9.9101456996893e-11    9.3386500809712e-11     8.7942193166901e-11
 8.2767593169558e-11    7.7859538818236e-11     7.3212958713322e-11
 6.8821172272232e-11    6.4676181398698e-11     6.0768951405419e-11
 5.7089676494736e-11    5.3628024551899e-11     5.0373356750784e-11
 4.7314918942151e-11    4.4442003423859e-11     4.1744081262812e-11
 3.9210906639170e-11    3.6832595595842e-11
 4.0482473980173e-19    7.7406365097220e-18     9.9203672332587e-17
 8.9605608703553e-16    5.9639743992215e-15     3.0390314714273e-14
 1.2262382526503e-13    4.0377724361689e-13     1.1148578470911e-12
 2.6448365732327e-12    5.5094632270493e-12     1.0271469000819e-11
 1.7423716349806e-11    2.7275359500159e-11     3.9877174802298e-11
 5.5003056340077e-11    7.2183791243527e-11     9.0775942620886e-11
 1.1004503329167e-10    1.2924553203327e-10     1.4768642800874e-10
 1.6477742338300e-10    1.8005546931414e-10     1.9319420784439e-10
 2.0400017250595e-10    2.1239983080915e-10     2.1842117213097e-10
 2.2217286719616e-10    2.2382327650090e-10     2.2358086073555e-10
 2.2167693893268e-10    2.1835125821168e-10     2.1384049546751e-10
 2.0836958039412e-10    2.0214561052732e-10     1.9535404042603e-10
 1.8815681893647e-10    1.8069212549945e-10     1.7307535586419e-10
 1.6540101177283e-10    1.5774516039049e-10     1.5016815702845e-10
 1.4271736887411e-10    1.3542969703461e-10     1.2833376208153e-10
 1.2145168686280e-10    1.1480046996489e-10     1.0839298867154e-10
 1.0223869803079e-10    9.6344104122734e-11     9.0713087450519e-11
 8.5347140608915e-11    8.0245569068683e-11     7.5405686699535e-11
 7.0823022966900e-11    6.6491547032359e-11     6.2403906042152e-11
 5.8551670411552e-11    5.4925577179032e-11     5.1515762743743e-11
 4.8311977808108e-11    4.5303779339188e-11     4.2480696503754e-11
 3.9832369509956e-11    3.7348661830395e-11
 4.4385528189777e-19    8.3691189400983e-18     1.0599583076744e-16
 9.4781449087299e-16    6.2544682099171e-15     3.1637292374370e-14
 1.2685913919944e-13    4.1552015670977e-13     1.1422180325044e-12
 2.6998605673029e-12    5.6073408051568e-12     1.0428873703748e-11
 1.7657022626058e-11    2.7599434463888e-11     4.0305012992146e-11
 5.5546053532289e-11    7.2852197272318e-11     9.1579056868362e-11
 1.1099092120538e-10    1.3034030385152e-10     1.4893331452359e-10
 1.6617595367383e-10    1.8160100986387e-10     1.9487800596176e-10
 2.0580991307604e-10    2.1432060533928e-10     2.2043669394175e-10
 2.2426674854529e-10    2.2598020227839e-10     2.2578753399966e-10
 2.2392272210642e-10    2.2062847943111e-10     2.1614442742519e-10
 2.1069812708501e-10    2.0449875675828e-10     1.9773313165882e-10
 1.9056374638253e-10    1.8312849426394e-10     1.7554171133253e-10
 1.6789619150409e-10    1.6026582458894e-10     1.5270853147854e-10
 1.4526921185163e-10    1.3798247907448e-10     1.3087502754082e-10
 1.2396755159598e-10    1.1727620146071e-10     1.1081361406041e-10
 1.0458959037233e-10    9.8611506844882e-11     9.2884548758888e-11
 8.7411841869582e-11    8.2194542659256e-11     7.7231928048772e-11
 7.2521508289983e-11    6.8059172448035e-11     6.3839365622096e-11
 5.9855290715429e-11    5.6099124485766e-11     5.2562236996788e-11
 4.9235404706625e-11    4.6109009335027e-11     4.3173216943160e-11
 4.0418133970828e-11    3.7833938861762e-11
 4.7354886383037e-19    8.8298147240402e-18     1.1080007113222e-16
 9.8310743191507e-16    6.4447409534202e-15     3.2416761398771e-14
 1.2936120954539e-13    4.2199018367159e-13     1.1560378610056e-12
 2.7247940969769e-12    5.6460756791462e-12     1.0481514568803e-11
 1.7720373892336e-11    2.7667542684612e-11     4.0370809090609e-11
 5.5603443869817e-11    7.2897821338635e-11     9.1613140504378e-11
 1.1101704306358e-10    1.3036427006761e-10     1.4896157252607e-10
 1.6621402907026e-10    1.8165235297881e-10     1.9494345692530e-10
 2.0588780837147e-10    2.1440740511281e-10     2.2052793024839e-10
 2.2435807808922e-10    2.2606837655999e-10     2.2587115382390e-10
 2.2400270378293e-10    2.2070821316159e-10     2.1622964858218e-10
 2.1079654667974e-10    2.0461951075917e-10     1.9788611343107e-10
 1.9075888559762e-10    1.8337504173790e-10     1.7584758292514e-10
 1.6826741618623e-10    1.6070613133892e-10     1.5321909720170e-10
 1.4584857854622e-10    1.3862663429762e-10     1.3157762935835e-10
 1.2472026917651e-10    1.1806913620997e-10     1.1163576417219e-10
 1.0542932343986e-10    9.9457010059363e-11     9.3724233158544e-11
 8.8234684601388e-11    8.2990358847054e-11     7.7991570366224e-11
 7.3236997576446e-11    6.8723766401701e-11     6.4447574835654e-11
 6.0402852281525e-11    5.6582943360163e-11     5.2980304550364e-11
 4.9586702715380e-11    4.6393406252945e-11     4.3391361847271e-11
 4.0571352226081e-11    3.7924132334951e-11
 4.9305325239172e-19    9.1223727381965e-18     1.1373761019751e-16
 1.0036923240402e-15    6.5488609348727e-15     3.2806053732259e-14
 1.3044992819249e-13    4.2424231779311e-13     1.1592128784166e-12
 2.7264777535937e-12    5.6399542870467e-12     1.0456323951047e-11
 1.7660344513450e-11    2.7554495393880e-11     4.0187283727569e-11
 5.5335811380397e-11    7.2538394661520e-11     9.1160735215221e-11
 1.1047599541432e-10    1.2974237054982e-10     1.4826759349695e-10
 1.6545550455944e-10    1.8083407669478e-10     1.9406690057897e-10
 2.0495141607852e-10    2.1340754699259e-10     2.1946021784087e-10
 2.2321874573538e-10    2.2485549026474e-10     2.2458549275859e-10
 2.2264824540354e-10    2.1929222393847e-10     2.1476243209706e-10
 2.0929092821127e-10    2.0309014653595e-10     1.9634870900257e-10
 1.8922939666448e-10    1.8186891687582e-10     1.7437909316996e-10
 1.6684910319603e-10    1.5934839368341e-10     1.5192992337602e-10
 1.4463342536305e-10    1.3748844054853e-10     1.3051694736845e-10
 1.2373549158663e-10    1.1715679226496e-10     1.1079085913928e-10
 1.0464569621484e-10    9.8727687194292e-11     9.3041761909718e-11
 8.7591432256327e-11    8.2378770424372e-11     7.7404380966298e-11
 7.2667399161907e-11    6.8165531396762e-11     6.3895140682359e-11
 5.9851372071642e-11    5.6028308014971e-11     5.2419141902502e-11
 4.9016358430177e-11    4.5811910928254e-11     4.2797387954446e-11
 3.9964163916381e-11    3.7303530529600e-11
 5.0435293679719e-19    9.2843440284410e-18     1.1525933966034e-16
 1.0132695603489e-15    6.5888245136921e-15     3.2904542977751e-14
 1.3048127927577e-13    4.2332732839797e-13     1.1543885953064e-12
 2.7107658213354e-12    5.6006477586159e-12     1.0374666595027e-11
 1.7513350141984e-11    2.7318666650836e-11     3.9843082111423e-11
 5.4871400777962e-11    7.1951501348026e-11     9.0458179096973e-11
 1.0967119692967e-10    1.2885165782131e-10     1.4730631546088e-10
 1.6443482951248e-10    1.7975903687282e-10     1.9293586666476e-10
 2.0375685936106e-10    2.1213773286258e-10     2.1810138651163e-10
 2.2175735546425e-10    2.2328018806516e-10     2.2288859857365e-10
 2.2082665688231e-10    2.1734774840188e-10     2.1270162183596e-10
 2.0712453337334e-10    2.0083231183751e-10     1.9401603370516e-10
 1.8683995916413e-10    1.7944134264443e-10     1.7193172158604e-10
 1.6439928823545e-10    1.5691195618940e-10     1.4952075906329e-10
 1.4226326241572e-10    1.3516673321642e-10     1.2825088691756e-10
 1.2153011303594e-10    1.1501515423728e-10     1.0871427465354e-10
 1.0263399396537e-10    9.6779485510788e-11     9.1154740815764e-11
 8.5762592312243e-11    8.0604670343810e-11     7.5681348839858e-11
 7.0991714544477e-11    6.6533577397055e-11     6.2303526570333e-11
 5.8297027851622e-11    5.4508552985349e-11     5.0931729526874e-11
 4.7559499980665e-11    4.4384280389276e-11     4.1398110649197e-11
 3.8592791297994e-11    3.5960003542904e-11
 5.0980664085959e-19    9.3531033201770e-18     1.1575647713517e-16
 1.0146899352821e-15    6.5797693109170e-15     3.2773208991993e-14
 1.2964877483665e-13    4.1974716182899e-13     1.1426698508577e-12
 2.6798027270758e-12    5.5319690775432e-12     1.0242969490734e-11
 1.7289917128255e-11    2.6977004963111e-11     3.9365036197693e-11
 5.4251744390737e-11    7.1199607142438e-11     8.9596385869452e-11
 1.0873047627971e-10    1.2786580539702e-10     1.4630605712413e-10
 1.6344301262384e-10    1.7878763258880e-10     1.9198501128816e-10
 2.0281574097438e-10    2.1118685353157e-10     2.1711561345920e-10
 2.2070919212110e-10    2.2214280281870e-10     2.2163829824135e-10
 2.1944464551808e-10    2.1582114229092e-10     2.1102378714964e-10
 2.0529487037272e-10    1.9885563375115e-10     1.9190168755519e-10
 1.8460081851647e-10    1.7709277710361e-10     1.6949062003801e-10
 1.6188318720072e-10    1.5433830271998e-10     1.4690632040621e-10
 1.3962368195388e-10    1.3251622343535e-10     1.2560204459657e-10
 1.1889383884723e-10    1.1240065781844e-10     1.0612914651348e-10
 1.0008432680942e-10    9.4270029410815e-11     8.8689078819550e-11
 8.3343325239623e-11    7.8233601687158e-11     7.3359662568055e-11
 6.8720140297472e-11    6.4312538981589e-11     6.0133270878481e-11
 5.6177732362740e-11    5.2440410925825e-11     4.8915012586006e-11
 4.5594599248794e-11    4.2471726888540e-11     3.9538577463786e-11
 3.6787079863303e-11    3.4209017071752e-11
 5.1100654843076e-19    9.3512551180105e-18     1.1543796391913e-16
 1.0092516096525e-15    6.5271655210668e-15     3.2426943327888e-14
 1.2797084332220e-13    4.1345475387382e-13     1.1236957603266e-12
 2.6323118371700e-12    5.4305966633297e-12     1.0054132566172e-11
 1.6976936135844e-11    2.6507990541761e-11     3.8721156947324e-11
 5.3433275957410e-11    7.0227997980321e-11     8.8511912333417e-11
 1.0758630202397e-10    1.2672002835074e-10     1.4521352078368e-10
 1.6244838304994e-10    1.7792070035069e-10     1.9125857263294e-10
 2.0222589545107e-10    2.1071520630047e-10     2.1673270550896e-10
 2.2037847448841e-10    2.2182457259734e-10     2.2129317264741e-10
 2.1903632244612e-10    2.1531834906883e-10     2.1040143836220e-10
 2.0453453425828e-10    1.9794544801224e-10     1.9083587702668e-10
 1.8337895760294e-10    1.7571891879557e-10     1.6797238648752e-10
 1.6023089043112e-10    1.5256414033463e-10     1.4502367189334e-10
 1.3764651655884e-10    1.3045862023120e-10     1.2347781860306e-10
 1.1671626305196e-10    1.1018226898023e-10     1.0388162206049e-10
 9.7818420444103e-11    9.1995553844955e-11     8.6414925115918e-11
 8.1077509281936e-11    7.5983329391615e-11     7.1131406382376e-11
 6.6519720465378e-11    6.2145203941201e-11     5.8003772089550e-11
 5.4090389849981e-11    5.0399166897253e-11     4.6923471616715e-11
 4.3656054675132e-11    4.0589174149942e-11     3.7714716095535e-11
 3.5024306596322e-11    3.2509412973730e-11
 5.0859646078844e-19    9.2856872333831e-18     1.1433777129927e-16
 9.9687288887441e-16    6.4284104911361e-15     3.1844176179165e-14
 1.2533410156455e-13    4.0400863854406e-13     1.0960980806939e-12
 2.5647590322229e-12    5.2886652069723e-12     9.7926845416346e-12
 1.6546968681283e-11    2.5867051799598e-11     3.7844290667565e-11
 5.2321207638933e-11    6.8910320078063e-11     8.7044676664232e-11
 1.0604495334029e-10    1.2518956212434e-10     1.4377800843811e-10
 1.6118171135885e-10    1.7687975770749e-10     1.9047941933885e-10
 2.0172285001685e-10    2.1048235634335e-10     2.1674713061713e-10
 2.2060442382716e-10    2.2221792141893e-10     2.2180563463728e-10
 2.1961907217063e-10    2.1592487507960e-10     2.1098958350678e-10
 2.0506777649704e-10    1.9839353327184e-10     1.9117494165623e-10
 1.8359127957988e-10    1.7579242365542e-10     1.6790001204824e-10
 1.6000989061729e-10    1.5219538562881e-10     1.4451098450340e-10
 1.3699606296203e-10    1.2967837232126e-10     1.2257708670763e-10
 1.1570529894440e-10    1.0907193397834e-10     1.0268311377020e-10
 9.6543051140711e-11    9.0654573507335e-11     8.5019382463363e-11
 7.9638144571673e-11    7.4510493244047e-11     6.9634999320777e-11
 6.5009148349534e-11    6.0629344990428e-11     5.6490951804172e-11
 5.2588360867254e-11    4.8915091649023e-11     4.5463906547031e-11
 4.2226935664549e-11    3.9195803572480e-11     3.6361752547130e-11
 3.3715758692145e-11    3.1248638701338e-11
 5.0233615211816e-19    9.1489860281668e-18     1.1233304058499e-16
 9.7624895447489e-16    6.2738221275080e-15     3.0971786047313e-14
 1.2151313970435e-13    3.9064011399712e-13     1.0576980088541e-12
 2.4718599708463e-12    5.0949344531092e-12     9.4372238196439e-12
 1.5962923712438e-11    2.4994871297503e-11     3.6645914815767e-11
 5.0791116264668e-11    6.7080590678554e-11     8.4983170232836e-11
 1.0384758834458e-10    1.2296881328888e-10     1.4165013898542e-10
 1.5925496392713e-10    1.7524506317065e-10     1.8920440310285e-10
 2.0084921854570e-10    2.1002623907465e-10     2.1670166267397e-10
 2.2094376027548e-10    2.2290192384460e-10     2.2278460918734e-10
 2.2083811425260e-10    2.1732755139416e-10     2.1252083281215e-10
 2.0667602486825e-10    2.0003209525287e-10     1.9280282035700e-10
 1.8517349305650e-10    1.7729998128533e-10     1.6930964939676e-10
 1.6130365164321e-10    1.5336012053021e-10     1.4553781286510e-10
 1.3787983626796e-10    1.3041715767372e-10     1.2317168449242e-10
 1.1615880073973e-10    1.0938932267409e-10     1.0287090512840e-10
 9.6608974439990e-11    9.0607288121521e-11     8.4868226951928e-11
 7.9392914877918e-11    7.4181246842614e-11     6.9231882441601e-11
 6.4542243790877e-11    6.0108538435887e-11     5.5925814990618e-11
 5.1988050394714e-11    4.8288262651359e-11     4.4818640814727e-11
 4.1570684094142e-11    3.8535342951330e-11     3.5703156680717e-11
 3.3064383711395e-11    3.0609122103808e-11
 4.9106816149735e-19    8.9185171105816e-18     1.0913006069492e-16
 9.4471827755539e-16    6.0457806287396e-15     2.9721204194599e-14
 1.1615763008430e-13    3.7222165496576e-13     1.0054496584536e-12
 2.3465138139480e-12    4.8347728577436e-12     8.9605705316635e-12
 1.5178550993316e-11    2.3818433519153e-11     3.5017996482280e-11
 4.8691964477677e-11    6.4537945155743e-11     8.2071867456815e-11
 1.0068178997081e-10    1.1968915690754e-10     1.3840865342093e-10
 1.5620038084653e-10    1.7251048507899e-10     1.8689844944200e-10
 1.9905098659663e-10    2.0878381017088e-10     2.1603350038872e-10
 2.2084217290756e-10    2.2333775459743e-10     2.2371241983041e-10
 2.2220128900165e-10    2.1906292636920e-10     2.1456262224339e-10
 2.0895895203017e-10    2.0249373636094e-10     1.9538523483545e-10
 1.8782424786767e-10    1.7997268875174e-10     1.7196413374820e-10
 1.6390584656266e-10    1.5588178292602e-10     1.4795612044746e-10
 1.4017692020699e-10    1.3257960763565e-10     1.2519005192925e-10
 1.1802711736673e-10    1.1110464433464e-10     1.0443288637662e-10
 9.8019475837820e-11    9.1870016128116e-11     8.5988405083795e-11
 8.0376984293922e-11    7.5036594431152e-11     6.9966594681486e-11
 6.5164884990788e-11    6.0627952322175e-11     5.6350948932950e-11
 5.2327801787038e-11    4.8551347067692e-11     4.5013481524299e-11
 4.1705322361690e-11    3.8617368276337e-11     3.5739655815352e-11
 3.3061906958373e-11    3.0573665110588e-11
 4.7266105443138e-19    8.5548632971563e-18     1.0423982490627e-16
 8.9801651988477e-16    5.7170116085688e-15     2.7959663860112e-14
 1.0875821123515e-13    3.4716081817370e-13     9.3516651767081e-13
 2.1791977204226e-12    4.4889708941387e-12     8.3276525332175e-12
 1.4134943917274e-11    2.2245565015205e-11     3.2824861584538e-11
 4.5834485197001e-11    6.1030691641525e-11     7.7990212893764e-11
 9.6155053711105e-11    1.1488703080202e-10     1.3352398125909e-10
 1.5143130314840e-10    1.6804436368698e-10     1.8289915099142e-10
 1.9565026419986e-10    2.0607682139744e-10     2.1407800021826e-10
 2.1966062875250e-10    2.2292151862570e-10     2.2402711830298e-10
 2.2319270039014e-10    2.2066277872334e-10     2.1669390974092e-10
 2.1154052839246e-10    2.0544407368088e-10     1.9862533588253e-10
 1.9127976708898e-10    1.8357535724106e-10     1.7565260187760e-10
 1.6762606101880e-10    1.5958700812308e-10     1.5160670186760e-10
 1.4373987221528e-10    1.3602809276057e-10     1.2850280372741e-10
 1.2118784556901e-10    1.1410144943812e-10     1.0725770136840e-10
 1.0066754535041e-10    9.4339417892542e-11     8.8279614816166e-11
 8.2492482884122e-11    7.6980515061473e-11     7.1744407088597e-11
 6.6783114104146e-11    6.2093928791575e-11     5.7672589387043e-11
 5.3513416936881e-11    4.9609475917840e-11     4.5952749969899e-11
 4.2534324356403e-11    3.9344567605984e-11     3.6373306372272e-11
 3.3609989322569e-11    3.1043837257399e-11
 4.4439834079304e-19    8.0079941753399e-18     9.7045334496235e-17
 8.3081576792882e-16    5.2539540061483e-15     2.5527187702341e-14
 9.8716726071282e-14    3.1364007124641e-13     8.4220459553393e-13
 1.9596147871351e-12    4.0371674879625e-12     7.5017540620541e-12
 1.2770688790944e-11    2.0179796847218e-11     2.9922983407584e-11
 4.2015230423296e-11    5.6282926105110e-11     7.2379105660243e-11
 8.9817649392391e-11    1.0801925193648e-10     1.2636212591906e-10
 1.4423128195727e-10    1.6106150605260e-10     1.7637068406890e-10
 1.8978175439855e-10    2.0103311627694e-10     2.0997860047978e-10
 2.1657898724463e-10    2.2088750402301e-10     2.2303177416177e-10
 2.2319444100809e-10    2.2159425730240e-10     2.1846893508020e-10
 2.1406056578916e-10    2.0860402007948e-10     2.0231839608421e-10
 1.9540136744095e-10    1.8802611532098e-10     1.8034042684283e-10
 1.7246749308748e-10    1.6450792215702e-10     1.5654250335726e-10
 1.4863530800851e-10    1.4083678675047e-10     1.3318661196838e-10
 1.2571610796934e-10    1.1845019796576e-10     1.1140886876931e-10
 1.0460820457887e-10    9.8061071182214e-11     9.1777542620109e-11
 8.5765156712834e-11    8.0029073985748e-11     7.4572195144687e-11
 6.9395274408251e-11    6.4497049563945e-11     5.9874396934752e-11
 5.5522510741520e-11    5.1435101172476e-11     4.7604603146237e-11
 4.4022387624508e-11    4.0678968212106e-11     3.7564197399286e-11
 3.4667448640873e-11    3.1977781915151e-11
 4.0487040649075e-19    7.2514380609895e-18     8.7224321612078e-17
 7.4048383082150e-16    4.6417890117457e-15     2.2365286905432e-14
 8.5871136730605e-14    2.7135810938663e-13     7.2627790956251e-13
 1.6880625523837e-12    3.4812723405726e-12     6.4874611712196e-12
 1.1093129075496e-11    1.7628915471554e-11     2.6314541020107e-11
 3.7220239413414e-11    5.0249741094063e-11     6.5144843127374e-11
 8.1508233847791e-11    9.8839447396094e-11     1.1657815092021e-10
 1.3414907946078e-10    1.5100364010675e-10     1.6665437562309e-10
 1.8069992676653e-10    1.9283962855182e-10     2.0287819637017e-10
 2.1072193617673e-10    2.1636849287505e-10     2.1989233322968e-10
 2.2142804720134e-10    2.2115323261532e-10     2.1927231944925e-10
 2.1600226208531e-10    2.1156065538518e-10     2.0615649810824e-10
 1.9998359839332e-10    1.9321643047749e-10     1.8600812626225e-10
 1.7849021119272e-10    1.7077365332529e-10     1.6295079453661e-10
 1.5509776499384e-10    1.4727704242452e-10     1.3953989601984e-10
 1.3192854163312e-10    1.2447791743715e-10     1.1721705972395e-10
 1.1017010992063e-10    1.0335701613962e-10     9.6794006355377e-11
 9.0493908089832e-11    8.4466380541577e-11     7.8718108494752e-11
 7.3252991440433e-11    6.8072346438858e-11     6.3175131548751e-11
 5.8558188579420e-11    5.4216499117559e-11     5.0143445685415e-11
 4.6331069886639e-11    4.2770320422673e-11     3.9451285566746e-11
 3.6363406638987e-11    3.3495670559173e-11
 3.5696840501077e-19    6.3354274589476e-18     7.5390052006435e-17
 6.3259541877299e-16    3.9196179653229e-15     1.8688890976220e-14
 7.1157523238764e-14    2.2359594104294e-13     5.9683780147628e-13
 1.3874475667058e-12    2.8690813684312e-12     5.3724326067137e-12
 9.2461062179937e-12    1.4807220032677e-11     2.2292819707037e-11
 3.1821557227595e-11    4.3371397716072e-11     5.6775232250832e-11
 7.1733172847863e-11    8.7838220345362e-11     1.0461081230582e-10
 1.2153734520552e-10    1.3810801744697e-10     1.5385014341350e-10
 1.6835426303223e-10    1.8129168372622e-10     1.9242331950382e-10
 2.0160066216679e-10    2.0876035962571e-10     2.1391416748312e-10
 2.1713605721005e-10    2.1854807727124e-10     2.1830626978819e-10
 2.1658760845207e-10    2.1357861076971e-10     2.0946598313424e-10
 2.0442943917675e-10    1.9863664490164e-10     1.9224010570051e-10
 1.8537571689861e-10    1.7816263760079e-10     1.7070412511934e-10
 1.6308897765358e-10    1.5539327317578e-10     1.4768215345165e-10
 1.4001147498626e-10    1.3242922136677e-10     1.2497663593748e-10
 1.1768908283401e-10    1.1059667708159e-10     1.0372474055982e-10
 9.7094142053734e-11    9.0721574171875e-11     8.4619807030634e-11
 7.8797945505442e-11    7.3261704263243e-11     6.8013704641623e-11
 6.3053790376672e-11    5.8379354947481e-11     5.3985671507016e-11
 4.9866216481228e-11    4.6012979050021e-11     4.2416750481273e-11
 3.9067389374655e-11    3.5954060560645e-11
 3.0783109518262e-19    5.3848146088314e-18     6.3059564827444e-17
 5.2061599670695e-16    3.1777426117656e-15     1.4965515493555e-14
 5.6483270441546e-14    1.7663230094781e-13     4.7099957027148e-13
 1.0974211759731e-12    2.2805611937292e-12     4.3000331120041e-12
 7.4621828157583e-12    1.2061071524613e-11     1.8337032134601e-11
 2.6440913872579e-11    3.6409788277289e-11     4.8156873970136e-11
 6.1475724803164e-11    7.6056710541474e-11     9.1512532972482e-11
 1.0740890051555e-10    1.2329645357112e-10     1.3874050306496e-10
 1.5334597801414e-10    1.6677599212151e-10     1.7876345121479e-10
 1.8911597922544e-10    1.9771506165368e-10     2.0451065643655e-10
 2.0951264492815e-10    2.1278043563221e-10     2.1441186238710e-10
 2.1453228841429e-10    2.1328459324821e-10     2.1082048315040e-10
 2.0729337619719e-10    2.0285294190822e-10     1.9764123818307e-10
 1.9179028702362e-10    1.8542085604917e-10     1.7864217350175e-10
 1.7155229591661e-10    1.6423886796728e-10     1.5678005565778e-10
 1.4924548929815e-10    1.4169711118038e-10     1.3418987665422e-10
 1.2677229999360e-10    1.1948686616421e-10     1.1237034558188e-10
 1.0545405248344e-10    9.8764084755091e-11     9.2321573658494e-11
 8.6142961634486e-11    8.0240316283354e-11     7.4621680210755e-11
 6.9291450480425e-11    6.4250777758821e-11     5.9497973656497e-11
 5.5028914871885e-11    5.0837433867640e-11     4.6915687585003e-11
 4.3254497972173e-11    3.9843660142868e-11
 2.6388184867906e-19    4.5161074902208e-18     5.1721248011081e-17
 4.1830272973399e-16    2.5097194105509e-15     1.1672485350256e-14
 4.3728121651252e-14    1.3637714297345e-13     3.6411731555247e-13
 8.5201292349799e-13    1.7818571385370e-12     3.3856499941066e-12
 5.9253935081754e-12    9.6627711683408e-12     1.4825121278121e-11
 2.1574412061351e-11    2.9984298724055e-11     4.0027973208261e-11
 5.1577319994166e-11    6.4412253184673e-11     7.8238048105316e-11
 9.2707906970236e-11    1.0744783556395e-10     1.2208110554866e-10
 1.3625006607927e-10    1.4963374271619e-10     1.6196039767468e-10
 1.7301490329485e-10    1.8264132362071e-10     1.9074145939197e-10
 1.9727030114390e-10    2.0222937429861e-10     2.0565889535359e-10
 2.0762952708161e-10    2.0823436404255e-10     2.0758160672616e-10
 2.0578822994373e-10    2.0297480569048e-10     1.9926151582817e-10
 1.9476529160275e-10    1.8959794012750e-10     1.8386507085760e-10
 1.7766561517582e-10    1.7109173834739e-10     1.6422896934145e-10
 1.5715641371765e-10    1.4994695961682e-10     1.4266742932496e-10
 1.3537866386859e-10    1.2813555318092e-10     1.2098703859898e-10
 1.1397611861662e-10    1.0713988743902e-10     1.0050962887376e-10
 9.4110979724902e-11    8.7964168296997e-11     8.2084325916981e-11
 7.6481863395047e-11    7.1162900025552e-11     6.6129730089001e-11
 6.1381310698868e-11    5.6913754915263e-11     5.2720815105831e-11
 4.8794343574740e-11    4.5124719861617e-11
 2.2656927421769e-19    3.7690927347606e-18     4.2045979623877e-17
 3.3267421981180e-16    1.9635652820021e-15     9.0374682096155e-15
 3.3683832360167e-14    1.0495862296701e-13     2.8083080977455e-13
 6.5981276254028e-13    1.3871033158368e-12     2.6509093672348e-12
 4.6677540733252e-12    7.6593144168164e-12     1.1825733925464e-11
 1.7320656031982e-11    2.4231936069495e-11     3.2570148695471e-11
 4.2265385822480e-11    5.3171709666639e-11     6.5077920877096e-11
 7.7722889124774e-11    9.0813496573909e-11     1.0404325219279e-10
 1.1710984388941e-10    1.2973027045820e-10     1.4165266925091e-10
 1.5266444368266e-10    1.6259672882485e-10     1.7132556145564e-10
 1.7877033287597e-10    1.8489020077174e-10     1.8967914543592e-10
 1.9316030055330e-10    1.9538009675693e-10     1.9640264060950e-10
 1.9630463651745e-10    1.9517104359565e-10     1.9309155324107e-10
 1.9015788503073e-10    1.8646182648889e-10     1.8209389429173e-10
 1.7714246949965e-10    1.7169325691834e-10     1.6582893418558e-10
 1.5962888400669e-10    1.5316893686470e-10     1.4652108438350e-10
 1.3975315189867e-10    1.3292843981079e-10     1.2610535621889e-10
 1.1933706853001e-10    1.1267120238845e-10     1.0614961235958e-10
 9.9808243216642e-11    9.3677094376478e-11     8.7780293562650e-11
 8.2136279784767e-11    7.6758090185044e-11     7.1653740373372e-11
 6.6826683688304e-11    6.2276331479331e-11     5.7998614215143e-11
 5.3986562330495e-11    5.0230885995446e-11
 1.9339237524776e-19    3.1197604628247e-18     3.3904569050349e-17
 2.6291744839140e-16    1.5301842836962e-15     6.9817744768496e-15
 2.5902874515344e-14    8.0571706068850e-14     2.1558282810820e-13
 5.0703011083147e-13    1.0675921859257e-12     2.0441722566693e-12
 3.6071963761677e-12    5.9335392804231e-12     9.1867948416039e-12
 1.3498697906352e-11    1.8954439315447e-11     2.5583258791918e-11
 3.3354628946537e-11    4.2179688720348e-11     5.1917210297558e-11
 6.2383135254499e-11    7.3362529670805e-11     8.4622704910748e-11
 9.5926272061295e-11    1.0704305575986e-10     1.1776006098601e-10
 1.2788900919631e-10    1.3727128149307e-10     1.4578037749626e-10
 1.5332219782512e-10    1.5983357693914e-10     1.6527954194165e-10
 1.6964976666498e-10    1.7295464507183e-10     1.7522133815467e-10
 1.7649006753173e-10    1.7681084310996e-10     1.7624072755177e-10
 1.7484166667190e-10    1.7267885216190e-10     1.6981953865497e-10
 1.6633221118304e-10    1.6228599168343e-10     1.5775018124871e-10
 1.5279385359482e-10    1.4748544041021e-10     1.4189227412960e-10
 1.3608007638529e-10    1.3011239769594e-10     1.2405002564010e-10
 1.1795038476931e-10    1.1186695422884e-10     1.0584872849877e-10
 9.9939744709867e-11    9.4178697297610e-11     8.8598657423223e-11
 8.3226910835293e-11    7.8084923417473e-11     7.3188438516723e-11
 6.8547704401928e-11    6.4167824041638e-11     6.0049213331539e-11
 5.6188148576191e-11    5.2577379758442e-11
 1.6128427623062e-19    2.5258630763085e-18     2.6797294036005e-17
 2.0403417029527e-16    1.1717552220348e-15     5.2961325443704e-15
 1.9517953990602e-14    6.0415880176990e-14     1.6105550946112e-13
 3.7769111824160e-13    7.9345860387558e-13     1.5167297183452e-12
 2.6736220042804e-12    4.3961671764168e-12     6.8087454724949e-12
 1.0015302553316e-11    1.4089040026751e-11     1.9065363462265e-11
 2.4938258203426e-11    3.1659963617568e-11     3.9143668931669e-11
 4.7268817011230e-11    5.5888434719423e-11     6.4837751010952e-11
 7.3943278799544e-11    8.3031559874601e-11     9.1936900715991e-11
 1.0050762665262e-10    1.0861060781494e-10     1.1613402069528e-10
 1.2298847889090e-10    1.2910678239791e-10     1.3444259842575e-10
 1.3896840621922e-10    1.4267302241786e-10     1.4555898538996e-10
 1.4764002316404e-10    1.4893876899383e-10     1.4948482456996e-10
 1.4931321262339e-10    1.4846320887206e-10     1.4697750453616e-10
 1.4490162583035e-10    1.4228352666228e-10     1.3917327335872e-10
 1.3562275192187e-10    1.3168534648191e-10     1.2741555598913e-10
 1.2286853427234e-10    1.1809955279992e-10     1.1316339615309e-10
 1.0811370676250e-10    1.0300229983695e-10     9.7878471585207e-11
 9.2788325039030e-11    8.7774138488820e-11     8.2873801580951e-11
 7.8120343380155e-11    7.3541574710858e-11     6.9159863496389e-11
 6.4992056580130e-11    6.1049554598063e-11     5.7338538485716e-11
 5.3860337804549e-11    5.0611922971659e-11
 1.2879868841755e-19    1.9621274909843e-18     2.0352603776784e-17
 1.5222672176201e-16    8.6206387465931e-16     3.8534293714618e-15
 1.4074884785609e-14    4.3249292180567e-14     1.1459527482306e-13
 2.6739774659621e-13    5.5951070202072e-13     1.0663033623670e-12
 1.8758080567529e-12    3.0811121616489e-12     4.7716607511887e-12
 7.0249815412192e-12    9.8997771556144e-12     1.3430795623964e-11
 1.7625600789970e-11    2.2463279808746e-11     2.7895096026002e-11
 3.3847012972285e-11    4.0223860016563e-11     4.6914732682805e-11
 5.3799086822359e-11    6.0752938719630e-11     6.7654630163495e-11
 7.4389736994004e-11    8.0854856732246e-11     8.6960170835815e-11
 9.2630815629667e-11    9.7807198708874e-11     1.0244446204343e-10
 1.0651132321252e-10    1.0998852644946e-10     1.1286711677855e-10
 1.1514671611985e-10    1.1683393880155e-10     1.1794103712444e-10
 1.1848482317881e-10    1.1848587190612e-10     1.1796797788021e-10
 1.1695781558711e-10    1.1548474118198e-10     1.1358067194537e-10
 1.1127998522858e-10    1.0861939048910e-10     1.0563774039981e-10
 1.0237576064338e-10    9.8875689175480e-11     9.5180825211770e-11
 9.1334994980223e-11    8.7381946957184e-11     8.3364693715613e-11
 7.9324821397219e-11    7.5301791432193e-11     7.1332262134790e-11
 6.7449459844773e-11    6.3682629766794e-11     6.0056594999742e-11
 5.6591448288905e-11    5.3302394515698e-11     5.0199753510331e-11
 4.7289123025329e-11    4.4571691586816e-11
 9.7145902253626e-20    1.4431201030701e-18     1.4662175956238e-17
 1.0784519476488e-16    6.0255576868584e-16     2.6643340399079e-15
 9.6466184046238e-15    2.9433326149130e-14     7.7551636409547e-14
 1.8018329009866e-13    3.7586167337068e-13     7.1494045484484e-13
 1.2567082618006e-12    2.0647938651259e-12     3.2018400811133e-12
 4.7242880899632e-12    6.6777689124489e-12     9.0933246800393e-12
 1.1984585712083e-11    1.5346049523323e-11     1.9152624756170e-11
 2.3360540815936e-11    2.7909580298664e-11     3.2726416868596e-11
 3.7728696603695e-11    4.2829426549917e-11     4.7941240367985e-11
 5.2980183111094e-11    5.7868767945829e-11     6.2538178886979e-11
 6.6929603958203e-11    7.0994769432922e-11     7.4695803835610e-11
 7.8004592176137e-11    8.0901788557174e-11     8.3375647931802e-11
 8.5420816348221e-11    8.7037191300812e-11     8.8228930602506e-11
 8.9003655534859e-11    8.9371862643652e-11     8.9346532674563e-11
 8.8942905832827e-11    8.8178380902010e-11     8.7072491524853e-11
 8.5646914135785e-11    8.3925468667475e-11     8.1934080246338e-11
 7.9700679198355e-11    7.7255024350742e-11     7.4628441813375e-11
 7.1853477236494e-11    6.8963465099471e-11     6.5992023798521e-11
 6.2972490513773e-11    5.9937315133263e-11     5.6917437432149e-11
 5.3941675725888e-11    5.1036157646618e-11     4.8223823832537e-11
 4.5524032930433e-11    4.2952291016925e-11     4.0520120976767e-11
 3.8235078043655e-11    3.6100907628059e-11
 6.9493374692124e-20    1.0105323289534e-18     1.0090764655343e-17
 7.3206199061342e-17    4.0462771348057e-16     1.7742372895554e-15
 6.3829694516069e-15    1.9383256002758e-14     5.0901602321731e-14
 1.1801935694181e-13    2.4596019620873e-13     4.6792056681236e-13
 8.2345801074955e-13    1.3558036762963e-12     2.1086434581445e-12
 3.1228168314076e-12    4.4331893855502e-12     6.0658338703133e-12
 8.0356525248326e-12    1.0344630356005e-11     1.2980935177257e-11
 1.5919026485202e-11    1.9120808707531e-11     2.2537710488324e-11
 2.6113440776485e-11    2.9787098036360e-11     3.3496299664647e-11
 3.7180044186342e-11    4.0781097743685e-11     4.4247786850300e-11
 4.7535164018294e-11    5.0605580895068e-11     5.3428750956225e-11
 5.5981411690225e-11    5.8246705630472e-11     6.0213397613080e-11
 6.1875032443726e-11    6.3229118975021e-11     6.4276403706520e-11
 6.5020273924159e-11    6.5466307555373e-11     6.5621967525577e-11
 6.5496423277979e-11    6.5100472236606e-11     6.4446529395954e-11
 6.3548652408534e-11    6.2422573132720e-11     6.1085710311569e-11
 5.9557143809209e-11    5.7857535629856e-11     5.6008987712710e-11
 5.4034830653835e-11    5.1959341727919e-11     4.9807395009901e-11
 4.7604051146143e-11    4.5374099443844e-11     4.3141569994254e-11
 4.0929237980007e-11    3.8758145468490e-11     3.6647167178427e-11
 3.4612645639208e-11    3.2668117450810e-11     3.0824146509370e-11
 2.9088272480973e-11    2.7465074382015e-11
 4.8279395073005e-20    6.9012960396462e-19     6.7986148067355e-18
 4.8810938541851e-17    2.6768702616699e-16     1.1670479325989e-15
 4.1814257380647e-15    1.2662917023773e-14     3.3199239341086e-14
 7.6923887639051e-14    1.6034925248973e-13     3.0536950463057e-13
 5.3837140101288e-13    8.8865793861479e-13     1.3864857964787e-12
 2.0609545461031e-12    2.9378806333111e-12     4.0377442799225e-12
 5.3738297179507e-12    6.9507376931038e-12     8.7634704746588e-12
 1.0797243832591e-11    1.3028078401231e-11     1.5424101308781e-11
 1.7947385933741e-11    2.0556097703873e-11     2.3206702898356e-11
 2.5856027468142e-11    2.8463008139223e-11     3.0990042490636e-11
 3.3403905537324e-11    3.5676249757012e-11     3.7783740398619e-11
 3.9707899119824e-11    4.1434737033603e-11     4.2954258371721e-11
 4.4259907950582e-11    4.5348024072107e-11     4.6217343325544e-11
 4.6868588159621e-11    4.7304152250002e-11     4.7527884934337e-11
 4.7544964899528e-11    4.7361845714806e-11     4.6986251892687e-11
 4.6427202846733e-11    4.5695044219327e-11     4.4801468093148e-11
 4.3759507418900e-11    4.2583493138385e-11     4.1288965647795e-11
 3.9892535150016e-11    3.8411688367987e-11     3.6864542337823e-11
 3.5269549577033e-11    3.3645162890749e-11     3.2009472116427e-11
 3.0379828782464e-11    2.8772477427731e-11     2.7202213654261e-11
 2.5682088596263e-11    2.4223177059212e-11     2.2834422468240e-11
 2.1522566238691e-11    2.0292162916338e-11
 3.3497295540146e-20    4.7160555993378e-19     4.5903626102851e-18
 3.2651840018931e-17    1.7780516638109e-16     7.7101842030468e-16
 2.7511345343011e-15    8.3053026815011e-15     2.1723242449247e-14
 5.0249077950775e-14    1.0463564443291e-13     1.9918298014912e-13
 3.5122465930966e-13    5.8018435512658e-13     9.0637413238907e-13
 1.3496619527155e-12    1.9280769948733e-12     2.6564086472349e-12
 3.5448911035557e-12    4.5981116107773e-12     5.8142942287580e-12
 7.1850756008273e-12    8.6958153160702e-12     1.0326397693158e-11
 1.2052410281520e-11    1.3846543138361e-11     1.5680045259629e-11
 1.7524094547998e-11    1.9350974473033e-11     2.1134993375955e-11
 2.2853122687180e-11    2.4485363065552e-11     2.6014870620715e-11
 2.7427889656115e-11    2.8713543977484e-11     2.9863539465512e-11
 3.0871825857144e-11    3.1734258695922e-11     3.2448292896158e-11
 3.3012729427869e-11    3.3427526226403e-11     3.3693675199789e-11
 3.3813139498720e-11    3.3788839706983e-11     3.3624674536298e-11
 3.3325560276764e-11    3.2897474431711e-11     3.2347490102010e-11
 3.1683790250265e-11    3.0915653150543e-11     3.0053402550239e-11
 2.9108318217288e-11    2.8092504660010e-11     2.7018718197220e-11
 2.5900155184584e-11    2.4750207113701e-11     2.3582191291242e-11
 2.2409068565710e-11    2.1243161704003e-11     2.0095889154757e-11
 1.8977528850286e-11    1.7897025160916e-11     1.6861849346096e-11
 1.5877920028034e-11    1.4949585800346e-11
 2.3459566496686e-20    3.2466498987625e-19     3.1161342286711e-18
 2.1914932114447e-17    1.1823444872003e-16     5.0873438798202e-16
 1.8032036256019e-15    5.4119908240745e-15     1.4082910289845e-14
 3.2429020021558e-14    6.7265490892017e-14     1.2762827363985e-13
 2.2446121982295e-13    3.7005001701406e-13     5.7730240801829e-13
 8.5894200745350e-13    1.2266488745920e-12     1.6901788777397e-12
 2.2565226359477e-12    2.9291964305377e-12     3.7077655216098e-12
 4.5876759491362e-12    5.5604225307327e-12     6.6140259708640e-12
 7.7337471006619e-12    8.9029408853098e-12     1.0103948516931e-11
 1.1318938682908e-11    1.2530632021471e-11     1.3722869211921e-11
 1.4881007890594e-11    1.5992153606186e-11     1.7045244140486e-11
 1.8031015294221e-11    1.8941879719509e-11     1.9771751015999e-11
 2.0515842629333e-11    2.1170467132642e-11     2.1732855882785e-11
 2.2201013128732e-11    2.2573612251934e-11     2.2849936008880e-11
 2.3029857597964e-11    2.3113855586991e-11     2.3103053420694e-11
 2.2999272994614e-11    2.2805092218002e-11     2.2523896945019e-11
 2.2159919143561e-11    2.1718254499355e-11     2.1204854075988e-11
 2.0626486120181e-11    1.9990665583896e-11     1.9305550656552e-11
 1.8579807531518e-11    1.7822446777992e-11     1.7042636936464e-11
 1.6249503082912e-11    1.5451919826730e-11     1.4658309274864e-11
 1.3876454723991e-11    1.3113340069298e-11     1.2375023256093e-11
 1.1666549657371e-11    1.0991908316671e-11
 1.6326243179357e-20    2.2113156711744e-19     2.0850100146587e-18
 1.4448821849513e-17    7.6992609268391e-17     3.2775248700637e-16
 1.1507926413089e-15    3.4248199651613e-15     8.8444777520208e-15
 2.0228301916479e-14    4.1706618254744e-14     7.8720396253882e-14
 1.3783065762832e-13    2.2638806613221e-13     3.5211895064120e-13
 5.2266181475894e-13    7.4506898087671e-13     1.0252903293118e-12
 1.3676757418721e-12    1.7745526113403e-12     2.2459391910235e-12
 2.7794392745052e-12    3.3703344439764e-12     4.0118575777713e-12
 4.6956050351379e-12    5.4120303478830e-12     6.1509600277944e-12
 6.9020797787888e-12    7.6553528645161e-12     8.4013477731060e-12
 9.1314666421034e-12    9.8380774545469e-12     1.0514561127187e-11
 1.1155289685951e-11    1.1755553746076e-11     1.2311457992049e-11
 1.2819801920268e-11    1.3277960991040e-11     1.3683780247976e-11
 1.4035489167464e-11    1.4331642829160e-11     1.4571091104301e-11
 1.4752974505463e-11    1.4876742956663e-11     1.4942192167307e-11
 1.4949511332051e-11    1.4899335903894e-11     1.4792799241783e-11
 1.4631577630939e-11    1.4417923809997e-11     1.4154684864034e-11
 1.3845301137169e-11    1.3493783664692e-11     1.3104668663489e-11
 1.2682948855786e-11    1.2233982825230e-11     1.1763385165952e-11
 1.1276901741624e-11    1.0780275723439e-11     1.0279111071014e-11
 9.7787406039475e-12    9.2841056626426e-12     8.7996536082663e-12
 8.3292581076495e-12    7.8761654345490e-12
 1.0962059219032e-20    1.4490229900258e-19     1.3395727939827e-18
 9.1344097121054e-18    4.8022303442471e-17     2.0208256239562e-16
 7.0243297897770e-16    2.0719539364548e-15     5.3086914347531e-15
 1.2057235694241e-14    2.4708353377627e-14     4.6391223232788e-14
 8.0861775399151e-14    1.3231674983349e-13     2.0516411304991e-13
 3.0376657223005e-13    4.3216436721570e-13     5.9378609726672e-13
 7.9116850178303e-13    1.0257176618733e-12     1.2975464201411e-12
 1.6054138303889e-12    1.9467756831881e-12     2.3179367272384e-12
 2.7142804861238e-12    3.1305445005912e-12     3.5611077066769e-12
 4.0002610528736e-12    4.4424400339856e-12     4.8824064265742e-12
 5.3153744864359e-12    5.7370832827836e-12     6.1438213350115e-12
 6.5324125397955e-12    6.9001735014484e-12     7.2448526865586e-12
 7.5645610736825e-12    7.8577028654178e-12     8.1229131794407e-12
 8.3590078694922e-12    8.5649486178670e-12     8.7398245666459e-12
 8.8828500306920e-12    8.9933764569194e-12     9.0709158436558e-12
 9.1151722147356e-12    9.1260776645343e-12     9.1038294301691e-12
 9.0489247439131e-12    8.9621904832154e-12     8.8448049517390e-12
 8.6983094810568e-12    8.5246079406929e-12     8.3259527624825e-12
 8.1049167493160e-12    7.8643507382005e-12     7.6073281140451e-12
 7.3370781442925e-12    7.0569110029290e-12     6.7701380935975e-12
 6.4799917559701e-12    6.1895485665882e-12     5.9016602219229e-12
 5.6188954260598e-12    5.3434953591060e-12
$ REC e  He [+1] (G)  He [+0] (G)
& RC GOTO CODE 2.3.13A #INTERP2D
 65 1.0e+00 1.0e+04  2
 30 1.0e+08 1.0e+16  2
 3.8769442952030e-13    3.4757216386522e-13     3.1086640705135e-13
 2.7713357487661e-13    2.4610478383844e-13     2.1768097931393e-13
 1.9188861859583e-13    1.6881782460069e-13     1.4861105767057e-13
 1.3159225502402e-13    1.1855850017658e-13     1.1107987744102e-13
 1.1149733470378e-13    1.2237856769453e-13     1.4552061474769e-13
 1.8093548332720e-13    2.2633365693361e-13     2.7737160098934e-13
 3.2854903094084e-13    3.7437765616512e-13     4.1040894878845e-13
 4.3385476888195e-13    4.4373744627553e-13     4.4066245567572e-13
 4.2637676523345e-13    4.0327092645520e-13     3.7393692424674e-13
 3.4083867148208e-13    3.0610718764578e-13     2.7144468419428e-13
 2.3810960369443e-13    2.0695335742293e-13     1.7848408232403e-13
 1.5293941271547e-13    1.3035675470941e-13     1.1063479456967e-13
 9.3583701482464e-14    7.8963845218619e-14     6.6514153094761e-14
 5.5971804167634e-14    4.7085076858276e-14     3.9621031879072e-14
 3.3369462847545e-14    2.8144265614326e-14     2.3783110704249e-14
 2.0146072828708e-14    1.7113684008419e-14     1.4584731032385e-14
 1.2474008560784e-14    1.0710159611279e-14     9.2336790528832e-15
 7.9951173760782e-15    6.9534967391983e-15     6.0749354040153e-15
 5.3314673414875e-15    4.7000389144215e-15     4.1616626033958e-15
 3.7007076573413e-15    3.3043085714774e-15     2.9618739165011e-15
 2.6646799303993e-15    2.4055352266214e-15     2.1785048419718e-15
 1.9786835734180e-15    1.8020101014775e-15
 3.9143356601239e-13    3.5038492572638e-13     3.1292909393333e-13
 2.7859099767183e-13    2.4708156554110e-13     2.1828776889191e-13
 1.9222323076535e-13    1.6896236624626e-13     1.4862512194931e-13
 1.3149834235546e-13    1.1831286071146e-13     1.1052754754883e-13
 1.1032618104993e-13    1.2010245906189e-13     1.4151996778867e-13
 1.7455993034623e-13    2.1704031521089e-13     2.6485367346311e-13
 3.1281354128540e-13    3.5575283080229e-13     3.8948738828899e-13
 4.1139620377641e-13    4.2056005082900e-13     4.1754666926476e-13
 4.0399563502082e-13    3.8215100010923e-13     3.5444648923930e-13
 3.2319638566014e-13    2.9040328959826e-13     2.5766793733212e-13
 2.2617490136391e-13    1.9672678409560e-13     1.6980379943521e-13
 1.4563187797766e-13    1.2424850289539e-13     1.0556038863923e-13
 8.9390605611168e-14    7.5514965698678e-14     6.3688707936969e-14
 5.3665064546263e-14    4.5207402000963e-14     3.8096509044192e-14
 3.2134372215449e-14    2.7145517529468e-14     2.2976748189969e-14
 1.9495892878118e-14    1.6590003765063e-14     1.4163306753082e-14
 1.2135103764562e-14    1.0437752108388e-14     9.0147931144248e-15
 7.8192660338222e-15    6.8122192948705e-15     5.9614161175590e-15
 5.2402225786049e-15    4.6266615162079e-15     4.1026137388887e-15
 3.6531478411166e-15    3.2659608237908e-15     2.9309131916444e-15
 2.6396439361672e-15    2.3852526106802e-15     2.1620374416709e-15
 1.9652800288842e-15    1.7910686329368e-15
 3.9595373895267e-13    3.5377488952816e-13     3.1540965124472e-13
 2.8034388757865e-13    2.4826241586509e-13     2.1903287192908e-13
 1.9265071900738e-13    1.6916941152745e-13     1.4868142372429e-13
 1.3143168860907e-13    1.1807931069627e-13     1.0996476769757e-13
 1.0910546918562e-13    1.1771114362057e-13     1.3730395635715e-13
 1.6783157771247e-13    2.0722395933199e-13     2.5162138709355e-13
 2.9616773476564e-13    3.3603499029044e-13     3.6731912365597e-13
 3.8757741274180e-13    3.9595459235816e-13     3.9298079306162e-13
 3.8018404982370e-13    3.5965498441516e-13     3.3366081582419e-13
 3.0435783572421e-13    2.7361258004966e-13     2.4291785891522e-13
 2.1337930465240e-13    1.8574700315026e-13     1.6047075682640e-13
 1.3776331940052e-13    1.1766157404357e-13     1.0008017601913e-13
 8.4855420448914e-14    7.1779150031208e-14     6.0623656559054e-14
 5.1159035377377e-14    4.3164561108707e-14     3.6435541577511e-14
 3.0786894040820e-14    2.6054445998165e-14     2.2094732721472e-14
 1.8783864111774e-14    1.6015870750392e-14     1.3700812049132e-14
 1.1762833857430e-14    1.0138293183668e-14     8.7740183559560e-15
 7.6257390840962e-15    6.6566984544673e-15     5.8364446838349e-15
 5.1397920202659e-15    4.5459356818677e-15     4.0377038342710e-15
 3.6009293795332e-15    3.2239251024058e-15     2.8970470465171e-15
 2.6123325759760e-15    2.3632012276057e-15     2.1442080597249e-15
 1.9508406895429e-15    1.7793525506702e-15
 4.0134491501506e-13    3.5781262749270e-13     3.1836692887362e-13
 2.8244407125614e-13    2.4969421456963e-13     2.1995839907963e-13
 1.9320768834624e-13    1.6946934594294e-13     1.4880407897952e-13
 1.3141112504705e-13    1.1787375297173e-13     1.0940868401661e-13
 1.0785994200408e-13    1.1524536914890e-13     1.3293886455439e-13
 1.6085123957265e-13    1.9702647007023e-13     2.3786022150602e-13
 2.7883852712078e-13    3.1548594317602e-13     3.4419106261330e-13
 3.6269891630051e-13    3.7022359737981e-13     3.6725891139244e-13
 3.5521919503711e-13    3.3603707469416e-13     3.1180737916766e-13
 2.8452214439368e-13    2.5590589261323e-13     2.2733830839426e-13
 1.9984184578726e-13    1.7411084068565e-13     1.5056238842625e-13
 1.2939458048381e-13    1.1064287296554e-13     9.4229541471216e-14
 8.0004154670291e-14    6.7774888146227e-14     5.7331548688400e-14
 4.8461645852397e-14    4.0960950033047e-14     3.4639875674924e-14
 2.9326833961258e-14    2.4869477911763e-14     2.1134551771971e-14
 1.8006873340705e-14    1.5387828247078e-14     1.3193638297860e-14
 1.1353577928296e-14    9.8082484306763e-15     8.5079740033368e-15
 7.4113522727473e-15    6.4839710937690e-15     5.6972901822390e-15
 5.0276782204845e-15    4.4555918176630e-15     3.9648808734827e-15
 3.5422046117178e-15    3.1765432077923e-15     2.8587911166180e-15
 2.5814196363520e-15    2.3381977436236e-15     2.1239616973498e-15
 1.9344252693484e-15    1.7660236896213e-15
 4.0769380469174e-13    3.6256552772135e-13     3.2185568232241e-13
 2.8493723079716e-13    2.5141502171345e-13     2.2109519376377e-13
 1.9391800639402e-13    1.6987965392631e-13     1.4900530508458e-13
 1.3144532622929e-13    1.1770398352301e-13     1.0887054007102e-13
 1.0661114248630e-13    1.1274676751435e-13     1.2849849935004e-13
 1.5373741423755e-13    1.8662134939330e-13     2.2380427945973e-13
 2.6111997867275e-13    2.9445272340856e-13     3.2049110655871e-13
 3.3717429388581e-13    3.4379029127336e-13     3.4079895415961e-13
 3.2950119422987e-13    3.1167018979459e-13     2.8922572254720e-13
 2.6399224991810e-13    2.3754875984468e-13     2.1115844689396e-13
 1.8575760951349e-13    1.6198236453813e-13     1.4021517468099e-13
 1.2063806295918e-13    1.0328411167220e-13     8.8082652763276e-14
 7.4896266972298e-14    6.3549428547913e-14     5.3849586615557e-14
 4.5601899560059e-14    3.8618932614608e-14     3.2726537969363e-14
 2.7766960464487e-14    2.3600010802860e-14     2.0102956325419e-14
 1.7169612637718e-14    1.4708983073480e-14     1.2643686393988e-14
 1.0908332704905e-14    9.4479487363604e-15     8.2165118492471e-15
 7.1756233313323e-15    6.2933323713924e-15     5.5431098703461e-15
 4.9029639076770e-15    4.3546846957908e-15     3.8832051015737e-15
 3.4760624938830e-15    3.1229482278639e-15     2.8153321198216e-15
 2.5461505451919e-15    2.3095481431599e-15     2.1006644336417e-15
 1.9154578873990e-15    1.7505611085811e-15
 4.1507096225199e-13    3.6808023709143e-13     3.2590535121594e-13
 2.8783991346909e-13    2.5343160868371e-13     2.2244291698551e-13
 1.9477672028059e-13    1.7039304254123e-13     1.4927740872773e-13
 1.3152797635226e-13    1.1756743480514e-13     1.0835590824336e-13
 1.0538093727554e-13    1.1026657438269e-13     1.2408097628658e-13
 1.4665442517842e-13    1.7625608651434e-13     2.0979447515154e-13
 2.4344706130532e-13    2.7345474655517e-13     2.9680491534403e-13
 3.1163184784063e-13    3.1730028033377e-13     3.1424000530743e-13
 3.0364259198304e-13    2.8712532303608e-13     2.6643550912234e-13
 2.4323147508575e-13    2.1894706661948e-13     1.9472854180389e-13
 1.7142502725971e-13    1.4961309439229e-13     1.2963915094515e-13
 1.1166778800779e-13    9.5728506275337e-14     8.1756690202958e-14
 6.9627145047340e-14    5.9180061048911e-14     5.0240126948647e-14
 4.2629896395238e-14    3.6178593539318e-14     3.0727460935794e-14
 2.6132593131776e-14    2.2266017423984e-14     1.9015609882535e-14
 1.6284284108702e-14    1.3988767067988e-14     1.2058180028452e-14
 1.0432569931352e-14    9.0614832883539e-15     7.9026368564327e-15
 6.9207132218742e-15    6.0862920009104e-15     5.3749162238975e-15
 4.7662867562533e-15    4.2435739391506e-15     3.7928339917896e-15
 3.4025173820471e-15    3.0630568360665e-15     2.7665235732897e-15
 2.5063414899074e-15    2.2770502213134e-15     2.0741092003299e-15
 1.8937359389712e-15    1.7327727698710e-15
 4.2352552929100e-13    3.7437744209338e-13     3.3051648861736e-13
 2.9113885879837e-13    2.5572221341820e-13     2.2397594461711e-13
 1.9575819165427e-13    1.7098667073354e-13     1.4960210919909e-13
 1.3164660765718e-13    1.1745955924943e-13     1.0787341626476e-13
 1.0420229450859e-13    1.0788114230566e-13     1.1983252871090e-13
 1.3984863967574e-13    1.6630489906529e-13     1.9635120731987e-13
 2.2649026624625e-13    2.5330042931697e-13     2.7405250156549e-13
 2.8706721659877e-13    2.9178483039262e-13     2.8861020589408e-13
 2.7863488754290e-13    2.6333137970410e-13     2.4428542491614e-13
 2.2299854489242e-13    2.0076652119666e-13     1.7862337672302e-13
 1.5733363124845e-13    1.3741516805133e-13     1.1917796986212e-13
 1.0276804323574e-13    8.8209736902625e-14     7.5442771116986e-14
 6.4352496088187e-14    5.4793286213226e-14     4.6605741140296e-14
 3.9628701241925e-14    3.3707153875518e-14     2.8697028007909e-14
 2.4467728404000e-14    2.0903095319343e-14     1.7901318772412e-14
 1.5374200560315e-14    1.3246046297947e-14     1.1452383149671e-14
 9.9386336152098e-15    8.6588279533392e-15     7.5744038831733e-15
 6.6531187839692e-15    5.8680839951019e-15     5.1969208309063e-15
 4.6210319043284e-15    4.1249780589974e-15     3.6959497326747e-15
 3.3233212689343e-15    2.9982771042378e-15     2.7134995740523e-15
 2.4629090969131e-15    2.2414485755031e-15     2.0449049158931e-15
 1.8697615617171e-15    1.7130768445016e-15
 4.3311503791758e-13    3.8147989197483e-13     3.3568748393972e-13
 2.9481640033541e-13    2.5826014299480e-13     2.2566445048380e-13
 1.9683398971509e-13    1.7163646879649e-13     1.4996126603669e-13
 1.3178995242705e-13    1.1737788613723e-13     1.0743483765557e-13
 1.0311326071348e-13    1.0567573901450e-13     1.1591547879420e-13
 1.3359471019348e-13    1.5718907705501e-13     1.8406823530588e-13
 2.1102697771212e-13    2.3494418983574e-13     2.5334163753503e-13
 2.6470453441964e-13    2.6853969572094e-13     2.6523032590911e-13
 2.5578045963106e-13    2.4153571852896e-13     2.2393989334449e-13
 2.0435621746314e-13    1.8395804883861e-13     1.6367913628305e-13
 1.4420760609526e-13    1.2600752079339e-13     1.0935459651144e-13
 9.4376403202282e-14    8.1090924823000e-14     6.9440187935917e-14
 5.9317660989388e-14    5.0589378329910e-14     4.3109425948731e-14
 3.6730722270604e-14    3.1312081820205e-14     2.6722472406484e-14
 2.2843239733496e-14    1.9568920978943e-14     1.6807125251505e-14
 1.4477834988410e-14    1.2512381703249e-14     1.0852271144149e-14
 9.4479740337716e-15    8.2577556158806e-15     7.2465868205254e-15
 6.3851589498898e-15    5.6490098953671e-15     5.0177610573162e-15
 4.4744588454683e-15    4.0050117734428e-15     3.5977129092469e-15
 3.2428372259233e-15    2.9323038076078e-15     2.6593936304734e-15
 2.4185145717573e-15    2.2050062853392e-15     2.0149785464615e-15
 1.8451775691158e-15    1.6928756162822e-15
 4.4402156238374e-13    3.8950773962499e-13     3.4149214876281e-13
 2.9891277841179e-13    2.6106285592805e-13     2.2751203824374e-13
 1.9800073974153e-13    1.7233681646121e-13     1.5034985372747e-13
 1.3195518958649e-13    1.1732324418644e-13     1.0704738554254e-13
 1.0213315469772e-13    1.0369201361548e-13     1.1240921539783e-13
 1.2802962637352e-13    1.4912522379312e-13     1.7326249984855e-13
 1.9749018322830e-13    2.1894270190265e-13     2.3535058158930e-13
 2.4533179472474e-13    2.4844250457783e-13     2.4504180662370e-13
 2.3605598719645e-13    2.2272178658928e-13     2.0636312020509e-13
 1.8822754890919e-13    1.6938663742268e-13     1.5069103268315e-13
 1.3276559846001e-13    1.1602972714983e-13     1.0073049663495e-13
 8.6979796631132e-14    7.4789825695679e-14     6.4103965875773e-14
 5.4821872707348e-14    4.6818764714045e-14     3.9959517974810e-14
 3.4108438283692e-14    2.9135628157316e-14     2.4920790861193e-14
 2.1355184807049e-14    1.8342299465128e-14     1.5797690571972e-14
 1.3648297859321e-14    1.1831475747036e-14     1.0293895456552e-14
 8.9904230808965e-15    7.8830389703192e-15     6.9398361665030e-15
 6.1341167187188e-15    5.4435922367888e-15     4.8496871611227e-15
 4.3369385715166e-15    3.8924838894136e-15     3.5056268071574e-15
 3.1674716755926e-15    2.8706170314061e-15     2.6088996996530e-15
 2.3771818007752e-15    2.1711739205063e-15     1.9872886016872e-15
 1.8225191529679e-15    1.6743395232107e-15
 4.5671828624242e-13    3.9880274963223e-13     3.4817160672836e-13
 3.0359336846324e-13    2.6424042431340e-13     2.2959003615263e-13
 1.9930386892424e-13    1.7311656937296e-13     1.5078638487834e-13
 1.3215408341707e-13    1.1730179716056e-13     1.0671002022989e-13
 1.0124881176734e-13    1.0189632566925e-13     1.0924900946604e-13
 1.2304740563026e-13    1.4195997418553e-13     1.6373429597170e-13
 1.8564346160537e-13    2.0504015066385e-13     2.1982630923915e-13
 2.2872197929827e-13    2.3131277857963e-13     2.2792580735909e-13
 2.1941253303251e-13    2.0691191414196e-13     1.9164411071017e-13
 1.7475920711553e-13    1.5724491205034e-13     1.3988486184350e-13
 1.2325402161135e-13    1.0773743703131e-13     9.3560918846592e-14
 8.0825428491434e-14    6.9539964140052e-14     5.9650162563649e-14
 5.1061532548915e-14    4.3657302868869e-14     3.7311446438753e-14
 3.1897692119835e-14    2.7295377594803e-14     2.3392927096407e-14
 2.0089617757395e-14    1.7296165746117e-14     1.4934538955006e-14
 1.2937296166872e-14    1.1246666126788e-14     9.8135128925038e-15
 8.5962836697472e-15    7.5599989495176e-15     6.6753191605513e-15
 5.9177045853930e-15    5.2666738033943e-15     4.7051587180274e-15
 4.2189500016094e-15    3.7962245916387e-15     3.4271460046869e-15
 3.1035282064517e-15    2.8185542502000e-15     2.5665416411046e-15
 2.3427472498249e-15    2.1432054893376e-15     1.9645943265921e-15
 1.8041244924312e-15    1.6594479641418e-15
 4.7198386190979e-13    4.0992232614626e-13     3.5611720332006e-13
 3.0912639724531e-13    2.6797185081163e-13     2.3201478503505e-13
 2.0081723913994e-13    1.7402170435498e-13     1.5129878917737e-13
 1.3240220615336e-13    1.1731814655021e-13     1.0641219668591e-13
 1.0042284188781e-13    1.0020389954142e-13     1.0627432754341e-13
 1.1837979312067e-13    1.3528857043276e-13     1.5492398392600e-13
 1.7476957082216e-13    1.9237633072579e-13     2.0579558003662e-13
 2.1382917257177e-13    2.1607663772417e-13     2.1282374624373e-13
 2.0484414764566e-13    1.9318147880447e-13     1.7895863997408e-13
 1.6323720336655e-13    1.4693102829247e-13     1.3076665830877e-13
 1.1527820269698e-13    1.0082406633732e-13     8.7614966162619e-14
 7.5745575585582e-14    6.5224926338610e-14     5.6002934677404e-14
 4.7992002901356e-14    4.1083648668637e-14     3.5160661891041e-14
 3.0105530400452e-14    2.5805920920415e-14     2.2157941619746e-14
 1.9067803571174e-14    1.6452376486086e-14     1.4239018913287e-14
 1.2364963725246e-14    1.0776459013878e-14     9.4278018031182e-15
 8.2803549750422e-15    7.3016036550373e-15     6.4642832431378e-15
 5.7455948535717e-15    5.1265131157264e-15     4.5911845052629e-15
 4.1264103962740e-15    3.7212069553249e-15     3.3664331823262e-15
 3.0544783803044e-15    2.7790007859474e-15     2.5347097991253e-15
 2.3171850698539e-15    2.1227265447701e-15     1.9482303872451e-15
 1.7910864345598e-15    1.6490935275316e-15
 4.9073463961841e-13    4.2349444475310e-13     3.6574732087865e-13
 3.1577995159338e-13    2.7242030074822e-13     2.3487902814071e-13
 2.0258857194367e-13    1.7507265800545e-13     1.5189172409424e-13
 1.3269487515205e-13    1.1735997609551e-13     1.0613006939180e-13
 9.9608608102222e-14    9.8525200836922e-14     1.0332419030439e-13
 1.1376068862998e-13    1.2870690010312e-13     1.4626422534332e-13
 1.6412615826843e-13    1.8003847426929e-13     1.9219580689542e-13
 1.9947432266054e-13    2.0147975002006e-13     1.9844969994497e-13
 1.9107482269147e-13    1.8030027269754e-13     1.6715056211232e-13
 1.5259940011411e-13    1.3748881314298e-13     1.2249117236914e-13
 1.0810311523807e-13    9.4659883943705e-14     8.2360396486976e-14
 7.1295966492009e-14    6.1478120682047e-14     5.2863015661615e-14
 4.5371421781299e-14    3.8904178967570e-14     3.3353548433114e-14
 2.8611120492490e-14    2.4572990759731e-14     2.1142868904252e-14
 1.8233688412183e-14    1.5768176056330e-14     1.3678734838331e-14
 1.1906902894155e-14    1.0402576257172e-14     9.1231250983696e-15
 8.0324891767006e-15    7.1003062126752e-15     6.3011042436778e-15
 5.6135734836647e-15    5.0199229335892e-15     4.5053204972671e-15
 4.0574115160583e-15    3.6659086034882e-15     3.3222448240983e-15
 3.0192821845392e-15    2.7510677860803e-15     2.5126306208149e-15
 2.2998127426201e-15    2.1091293211135e-15     1.9376528390337e-15
 1.7829173897752e-15    1.6428396574599e-15
 5.1390993972521e-13    4.4011728893429e-13     3.7742050147525e-13
 3.2374800796794e-13    2.7767161632011e-13     2.3820230923666e-13
 2.0460071117982e-13    1.7623502029244e-13     1.5252509108234e-13
 1.3299213051674e-13    1.1738900040454e-13     1.0582466703208e-13
 9.8759654405434e-14    9.6794223145156e-14     1.0029556117289e-13
 1.0902845999630e-13    1.2197202819701e-13     1.3741085643857e-13
 1.5325449008738e-13    1.6744915662306e-13     1.7833684934050e-13
 1.8486974519778e-13    1.8665902437795e-13     1.8389136181122e-13
 1.7717032536756e-13    1.6733799605890e-13     1.5531609656402e-13
 1.4198675733125e-13    1.2811741079590e-13     1.1432451750643e-13
 1.0106644888412e-13    8.8655267480498e-14     7.7278649558746e-14
 6.7025479038267e-14    5.7910904766721e-14     4.9898508702410e-14
 4.2918571939232e-14    3.6882292366751e-14     3.1692295901543e-14
 2.7250013373008e-14    2.3460554377946e-14     2.0235674467257e-14
 1.7495350774981e-14    1.5168384884976e-14     1.3192358090458e-14
 1.1513181862484e-14    1.0084418476218e-14     8.8664933457555e-15
 7.8258801394031e-15    6.9343100281642e-15     6.1680352568582e-15
 5.5071626137915e-15    4.9350626297785e-15     4.4378541175859e-15
 4.0039599274873e-15    3.6237277662878e-15     3.2891090360823e-15
 2.9933884885359e-15    2.7309577755766e-15     2.4971265133875e-15
 2.2879651333894e-15    2.1001744872446e-15     1.9309778505957e-15
 1.7780316015053e-15    1.6393514192449e-15
 5.4247526071074e-13    4.6034013710541e-13     3.9140487884030e-13
 3.3311657522708e-13    2.8370299387323e-13     2.4190565791208e-13
 2.0675360100647e-13    1.7740842628512e-13     1.5310853190003e-13
 1.3321727464753e-13    1.1734221241683e-13     1.0544503292598e-13
 9.7834639414116e-14    9.4975988251922e-14     9.7155183161196e-14
 1.0414492260725e-13    1.1503204296769e-13     1.2828791513157e-13
 1.4204404314368e-13    1.5445427162517e-13     1.6401501568367e-13
 1.6976016849438e-13    1.7130988320292e-13     1.6880096021548e-13
 1.6274871016908e-13    1.5388928483652e-13     1.4303777232581e-13
 1.3098055355871e-13    1.1840650150020e-13     1.0587276106567e-13
 9.3796775861278e-14    8.2465552075677e-14     7.2054375824253e-14
 6.2649167180873e-14    5.4268639734587e-14     4.6884083185049e-14
 4.0435789789749e-14    3.4845934286875e-14     3.0028169074475e-14
 2.5894416832365e-14    2.2359407567561e-14     1.9343484636317e-14
 1.6774137640192e-14    1.4586637705755e-14     1.2724068964479e-14
 1.1136977298095e-14    9.7827968604830e-15     8.6251668457231e-15
 7.6332142721117e-15    6.7808514064789e-15     6.0461169718304e-15
 5.4105767171550e-15    4.8587897932245e-15     4.3778414757512e-15
 3.9569391699141e-15    3.5870666129935e-15     3.2606902442777e-15
 2.9715114591890e-15    2.7142586432946e-15     2.4845133093645e-15
 2.2785652140447e-15    2.0932919294543e-15     1.9260589384773e-15
 1.7746368803642e-15    1.6371330799562e-15
 5.7740488250130e-13    4.8461824930719e-13     4.0782293976670e-13
 3.4381105323652e-13    2.9034116131519e-13     2.4578422852658e-13
 2.0885106796462e-13    1.7842463307979e-13     1.5350703716242e-13
 1.3326647760906e-13    1.1714260052071e-13     1.0493762438978e-13
 9.6802914323878e-14    9.3065213559566e-14     9.3927513028745e-14
 9.9168390996314e-14    1.0798062815700e-13     1.1902170856608e-13
 1.3064636691844e-13    1.4121952121258e-13     1.4939716978856e-13
 1.5430079823882e-13    1.5556500505174e-13     1.5328088510557e-13
 1.4787786857449e-13    1.3998670503770e-13     1.3031480035431e-13
 1.1955062330296e-13    1.0830171474555e-13     9.7062970751211e-14
 8.6208153240589e-14    7.5996853415117e-14     6.6590107629185e-14
 5.8069528388569e-14    5.0456524811827e-14     4.3729625803458e-14
 3.7838980792394e-14    3.2717817159601e-14     2.8291044224868e-14
 2.4481399804030e-14    2.1213602789037e-14     1.8416963451863e-14
 1.6026850196451e-14    1.3985342718597e-14     1.2241331863615e-14
 1.0750263584134e-14    9.4736715126862e-15     8.3786003350510e-15
 7.4369895479871e-15    6.6250628771816e-15     5.9227510385757e-15
 5.3131631664251e-15    4.7821138172451e-15     4.3177069505040e-15
 3.9099748577572e-15    3.5505680371535e-15     3.2324910240373e-15
 2.9498788531527e-15    2.6978089030696e-15     2.4721431914962e-15
 2.2693966371631e-15    2.0866273041607e-15     1.9213451496571e-15
 1.7714362765072e-15    1.6351001324367e-15
 6.1969760797652e-13    5.1328886522461e-13     4.2661933598582e-13
 3.5557795659450e-13    2.9726936780707e-13     2.4954050961176e-13
 2.1065388723106e-13    1.7911120599570e-13     1.5360679493643e-13
 1.3307088800910e-13    1.1675429666197e-13     1.0429310983425e-13
 9.5682209135325e-14    9.1113589659179e-14     9.0708987377177e-14
 9.4250928791840e-14    1.0103250866492e-13     1.0988997886221e-13
 1.1939496930770e-13    1.2812033795162e-13     1.3488262507189e-13
 1.3889549043953e-13    1.3981481423983e-13     1.3769343590351e-13
 1.3288156727752e-13    1.2590953844957e-13     1.1738003601377e-13
 1.0788466206989e-13    9.7949129308256e-14     8.8004534842882e-14
 7.8378832444873e-14    6.9301891679149e-14     6.0918298050839e-14
 5.3303437187734e-14    4.6479860506179e-14     4.0432165382758e-14
 3.5119542534919e-14    3.0485759182218e-14     2.6466710869810e-14
 2.2995861687341e-14    2.0007958583973e-14     1.7441401298852e-14
 1.5239608042126e-14    1.3351660665191e-14     1.1732454776914e-14
 1.0342527024295e-14    9.1476865773898e-15     8.1185414210840e-15
 7.2299817854078e-15    6.4606618130204e-15     5.7925050725213e-15
 5.2102485494660e-15    4.7010321934082e-15     4.2540360914128e-15
 3.8601641629094e-15    3.5117713912351e-15     3.2024306168927e-15
 2.9267345209885e-15    2.6801284114532e-15     2.4587696398585e-15
 2.2594098201222e-15    2.0792964227062e-15     1.9160907339810e-15
 1.7677995727877e-15    1.6327185285812e-15
 6.7033125620046e-13    5.4648272152732e-13     4.4749634171185e-13
 3.6797942639359e-13    3.0408672072406e-13     2.5289306785272e-13
 2.1201377246833e-13    1.7942874703775e-13     1.5344117199700e-13
 1.3270460932350e-13    1.1627114264332e-13     1.0361669360874e-13
 9.4592302835340e-14    8.9267568605081e-14     8.7689579187019e-14
 8.9642628531731e-14    9.4509518417251e-14     1.0128969587063e-13
 1.0875604903596e-13    1.1567799854556e-13     1.2102789926956e-13
 1.2411366713015e-13    1.2461982688462e-13     1.2257128263479e-13
 1.1824999997158e-13    1.1209574101331e-13     1.0461415414112e-13
 9.6305108832393e-14    8.7615199890607e-14     7.8912431330896e-14
 7.0478189512617e-14    6.2510932277554e-14     5.5136630019704e-14
 4.8422151496088e-14    4.2389012907456e-14     3.7025957139002e-14
 3.2299614646430e-14    2.8163025762804e-14     2.4562119496629e-14
 2.1440407545205e-14    1.8742212586754e-14     1.6414749617821e-14
 1.4409346347601e-14    1.2682042432813e-14     1.1193758932752e-14
 9.9101848213466e-15    8.8014893902492e-15     7.8419385914421e-15
 7.0094693819148e-15    6.2852580413932e-15     5.6533051727773e-15
 5.1000506480120e-15    4.6140252136909e-15     4.1855410939128e-15
 3.8064211149190e-15    3.4697641798366e-15     3.1697439948242e-15
 2.9014375398687e-15    2.6606797062706e-15     2.4439406596331e-15
 2.2482227432558e-15    2.0709740514976e-15     1.9100161357891e-15
 1.7634836335868e-15    1.6297739166050e-15
 7.2940659081188e-13    5.8352274272855e-13     4.6958593641148e-13
 3.8030337273683e-13    3.1038172127932e-13     2.5572902353815e-13
 2.1303800123329e-13    1.7960993024915e-13     1.5329146613540e-13
 1.3244916485989e-13    1.1595217025973e-13     1.0314133033260e-13
 9.3749405297265e-14    8.7743647135610e-14     8.5106137593421e-14
 8.5619539107443e-14    8.8741061767530e-14     9.3610877489015e-14
 9.9179892631536e-14    1.0439576452027e-13     1.0837659116781e-13
 1.1052334238999e-13    1.1055534668914e-13     1.0848048750740e-13
 1.0452540439351e-13    9.9051953177848e-14     9.2479638519081e-14
 8.5224968365684e-14    7.7661109666262e-14     7.0096220559666e-14
 6.2766371557030e-14    5.5838378548794e-14     4.9418373392877e-14
 4.3562905497527e-14    3.8290395905486e-14     3.3591646056931e-14
 2.9438763332769e-14    2.5792310348318e-14     2.2606751388681e-14
 1.9834408083357e-14    1.7428188443900e-14     1.5343354223553e-14
 1.3538564943805e-14    1.1976398808959e-14     1.0623510596435e-14
 9.4505495705292e-15    8.4319287982096e-15     7.5455115454755e-15
 6.7722603767977e-15    6.0958794267766e-15     5.5024691851985e-15
 4.9802051942539e-15    4.5190465341960e-15     4.1104762732567e-15
 3.7472736651312e-15    3.4233164252845e-15     3.1334106121094e-15
 2.8731452721771e-15    2.6387689279772e-15     2.4270850830456e-15
 2.2353641190559e-15    2.0612692110730e-15     1.9027941562296e-15
 1.7582112783911e-15    1.6260278215944e-15
 7.9571275983475e-13    6.2300205929038e-13     4.9190864978355e-13
 3.9220361257833e-13    3.1635948129039e-13     2.5859493799535e-13
 2.1440663811859e-13    1.8032486301888e-13     1.5374486524912e-13
 1.3278661193070e-13    1.1618065061967e-13     1.0317085092026e-13
 9.3401620788665e-14    8.6758097860290e-14     8.3165205048701e-14
 8.2397696804049e-14    8.3968226883475e-14     8.7130899574083e-14
 9.0986614717699e-14    9.4638025937097e-14     9.7334294297516e-14
 9.8564374302984e-14    9.8085760409282e-14     9.5898656607329e-14
 9.2186915975520e-14    8.7247784638253e-14     8.1426905496179e-14
 7.5067648636848e-14    6.8477495950071e-14     6.1910045423184e-14
 5.5559173970323e-14    4.9561433452674e-14     4.4003194281996e-14
 3.8929869492047e-14    3.4355413832458e-14     3.0271026624870e-14
 2.6652535019116e-14    2.3466302110243e-14     2.0673723956893e-14
 1.8234493049964e-14    1.6108847906590e-14     1.4259028451327e-14
 1.2650134397466e-14    1.1250552078857e-14     1.0032081895754e-14
 8.9698678944720e-15    8.0422048423782e-15     7.2302769540514e-15
 6.5178658887030e-15    5.8910531500688e-15     5.3379328507642e-15
 4.8483442589564e-15    4.4136289925561e-15     4.0264146748741e-15
 3.6804248894297e-15    3.3703140703598e-15     3.0915252959797e-15
 2.8401686454094e-15    2.6129177069353e-15     2.4069219022938e-15
 2.2197324527035e-15    2.0492400183052e-15     1.8936222633180e-15
 1.7512998203531e-15    1.6208993341494e-15
 8.6982172046112e-13    6.6565979913731e-13     5.1581403838431e-13
 4.0549856110564e-13    3.2395857045594e-13     2.6325541559691e-13
 2.1756348527990e-13    1.8267458553365e-13     1.5560500512030e-13
 1.3428950285834e-13    1.1736055091733e-13     1.0399034096034e-13
 9.3751368331240e-14    8.6456217016443e-14     8.1973723485778e-14
 8.0061264305844e-14    8.0267116874315e-14     8.1932355765702e-14
 8.4278936511672e-14    8.6538873548970e-14     8.8073890294046e-14
 8.8451237996908e-14    8.7465355479464e-14     8.5114279744516e-14
 8.1548975700476e-14    7.7014039255765e-14     7.1793369890408e-14
 6.6168160019918e-14    6.0389267643880e-14     5.4662622361672e-14
 4.9144690313571e-14    4.3944691291769e-14     3.9130664274915e-14
 3.4737178963914e-14    3.0773215335698e-14     2.7229343672178e-14
 2.4083789081480e-14    2.1307264979730e-14     1.8866637659403e-14
 1.6727574330147e-14    1.4856359191192e-14     1.3221060213155e-14
 1.1792209583512e-14    1.0543133873269e-14     9.4500421843845e-15
 8.4919551501197e-15    7.6505361090637e-15     6.9098683762548e-15
 6.2562090178836e-15    5.6777393593664e-15     5.1643250074225e-15
 4.7072928663974e-15    4.2992289535388e-15     3.9337983633255e-15
 3.6055871483865e-15    3.3099649281118e-15     3.0429665086491e-15
 2.8011905601280e-15    2.5817133480849e-15     2.3820155836462e-15
 2.1999205926540e-15    2.0335421744612e-15     1.8812407025035e-15
 1.7415862011631e-15    1.6133273035251e-15
 9.5907277198189e-13    7.1781993926611e-13     5.4685221557574e-13
 4.2477162890498e-13    3.3667662320650e-13     2.7219998510603e-13
 2.2419060215228e-13    1.8775724776056e-13     1.5957501805263e-13
 1.3740388594453e-13    1.1977256105520e-13     1.0577141995286e-13
 9.4892521577312e-14    8.6869460853436e-14     8.1507760438553e-14
 7.8535950281348e-14    7.7520407081536e-14     7.7866329282472e-14
 7.8891418164754e-14    7.9933032946384e-14     8.0446081162852e-14
 8.0063427577751e-14    7.8610979804691e-14     7.6085551581618e-14
 7.2610993745617e-14    6.8387992721858e-14     6.3648679247581e-14
 5.8621910363140e-14    5.3510710673443e-14     4.8480580098613e-14
 4.3656095470517e-14    3.9123015448902e-14     3.4933472206178e-14
 3.1112437211200e-14    2.7664258252389e-14     2.4578571809736e-14
 2.1835265846731e-14    1.9408412169304e-14     1.7269229958181e-14
 1.5388212779914e-14    1.3736575045162e-14     1.2287170261045e-14
 1.1015015808981e-14    9.8975360017091e-15     8.9146118434440e-15
 8.0485048321050e-15    7.2837043769258e-15     6.6067341481795e-15
 6.0059416567970e-15    5.4712871055509e-15     4.9941415391013e-15
 4.5671000623649e-15    4.1838129613904e-15     3.8388356138850e-15
 3.5274968335428e-15    3.2457845510333e-15     2.9902473358736e-15
 2.7579100939427e-15    2.5462022542907e-15     2.3528968278855e-15
 2.1760588414912e-15    2.0140017959992e-15     1.8652509510138e-15
 1.7285123896285e-15    1.6026469580710e-15
 1.0789685692308e-12    7.9075454574254e-13     5.9294442637334e-13
 4.5526325209716e-13    3.5776633451822e-13     2.8733371701277e-13
 2.3534665388651e-13    1.9613039149035e-13     1.6592873980107e-13
 1.4224819732111e-13    1.2345096874017e-13     1.0850020310250e-13
 9.6777561721915e-14    8.7918982338410e-14     8.1653985337359e-14
 7.7670429876999e-14    7.5538275431001e-14     7.4708470995043e-14
 7.4573394939550e-14    7.4554608934361e-14     7.4181882851908e-14
 7.3140372736351e-14    7.1280104088209e-14     6.8595064231990e-14
 6.5185054073616e-14    6.1213090557578e-14     5.6867439159536e-14
 5.2332911927548e-14    4.7772453474226e-14     4.3317788645112e-14
 3.9066906331028e-14    3.5086024187810e-14     3.1414023429616e-14
 2.8067862530683e-14    2.5047991919331e-14     2.2343212716159e-14
 1.9934727199931e-14    1.7799326800854e-14     1.5911777425110e-14
 1.4246517026109e-14    1.2778797372001e-14     1.1485397170326e-14
 1.0345017991889e-14    9.3384547689839e-15     8.4486130261983e-15
 7.6604274633825e-15    6.9607218508012e-15     6.3380385093505e-15
 5.7824566697626e-15    5.2854123153698e-15     4.8395272691003e-15
 4.4384518779573e-15    4.0767233173695e-15     3.7496400059231e-15
 3.4531516563562e-15    3.1837639247309e-15     2.9384563281444e-15
 2.7146119900213e-15    2.5099577760071e-15     2.3225134561777e-15
 2.1505486400260e-15    1.9925463590430e-15     1.8471723026998e-15
 1.7132488423216e-15    1.5897330952848e-15
 1.2501255801071e-12    8.9681044426789e-13     6.6106973390062e-13
 5.0061827263710e-13    3.8893815241575e-13     3.0932586510814e-13
 2.5118463891884e-13    2.0771742760579e-13     1.7450618715827e-13
 1.4864779759831e-13    1.2823442501322e-13     1.1203580196709e-13
 9.9283135084365e-14    8.9491805876682e-14     8.2301821136377e-14
 7.7349713435191e-14    7.4196688767892e-14     7.2323550143298e-14
 7.1178580135653e-14    7.0248246684239e-14     6.9120141911245e-14
 6.7519092795755e-14    6.5312062159262e-14     6.2488337938404e-14
 5.9126144051865e-14    5.5356284608679e-14     5.1330209854506e-14
 4.7196154294989e-14    4.3084014592828e-14     3.9097815506449e-14
 3.5313834691106e-14    3.1782392290055e-14     2.8531626201313e-14
 2.5572021731388e-14    2.2900897488585e-14     2.0506400048970e-14
 1.8370810975823e-14    1.6473131189116e-14     1.4790999245270e-14
 1.3302043163064e-14    1.1984777558755e-14     1.0819152464261e-14
 9.7868462505799e-15    8.8713782344054e-15     8.0581000122860e-15
 7.3341099328499e-15    6.6881229788257e-15     6.1103187151914e-15
 5.5921826166904e-15    5.1263506495029e-15     4.7064630693040e-15
 4.3270306650415e-15    3.9833148251589e-15     3.6712215991999e-15
 3.3872091827478e-15    3.1282078297797e-15     2.8915509897447e-15
 2.6749164017956e-15    2.4762759031174e-15     2.2938527848023e-15
 2.1260856327161e-15    1.9715977060092e-15     1.8291710209035e-15
 1.6977244181586e-15    1.5762949931670e-15
 1.4974525432979e-12    1.0488426298266e-12     7.5755344420170e-13
 5.6377488102434e-13    4.3146406287247e-13     3.3867763568238e-13
 2.7187613904131e-13    2.2256507490537e-13     1.8531719896425e-13
 1.5660881910688e-13    1.3413422548969e-13     1.1639347799975e-13
 1.0242340615109e-13    9.1594542192062e-14     8.3443446731405e-14
 7.7544860577773e-14    7.3439818826558e-14     7.0624869320920e-14
 6.8587984785856e-14    6.6864195375340e-14     6.5084690622253e-14
 6.3003535788184e-14    6.0498706228571e-14     5.7553174474633e-14
 5.4225453365893e-14    5.0618374356078e-14     4.6852084380161e-14
 4.3044104280058e-14    3.9296835653520e-14     3.5691438492093e-14
 3.2286404745838e-14    2.9119137577480e-14     2.6209133036626e-14
 2.3561746685414e-14    2.1171893096827e-14     1.9027318114405e-14
 1.7111290548242e-14    1.5404691472424e-14     1.3887552857181e-14
 1.2540130983644e-14    1.1343608671972e-14     1.0280514885169e-14
 9.3349380907600e-15    8.4925954674695e-15     7.7408061972938e-15
 7.0684049302972e-15    6.4656214912389e-15     5.9239450040264e-15
 5.4359846108482e-15    4.9953345410694e-15     4.5964481204926e-15
 4.2345231140709e-15    3.9053993167411e-15     3.6054683560392e-15
 3.3315950910479e-15    3.0810496715296e-15     2.8514491744944e-15
 2.6407077015168e-15    2.4469938562219e-15     2.2686945973561e-15
 2.1043845589372e-15    1.9528000320253e-15     1.8128169038707e-15
 1.6834319461169e-15    1.5637469302635e-15
 1.8612758075261e-12    1.2685172309263e-12     8.9438192102495e-13
 6.5166635049753e-13    4.8958669454771e-13     3.7814550069601e-13
 2.9931248432828e-13    2.4202846264231e-13     1.9936271193231e-13
 1.6688455761863e-13    1.4172203003239e-13     1.2200556312123e-13
 1.0651805784951e-13    9.4449454464149e-14     8.5210476524631e-14
 7.8298256472090e-14    7.3220326796517e-14     6.9476218408711e-14
 6.6581100010457e-14    6.4106956161776e-14     6.1718729031976e-14
 5.9192308760248e-14    5.6411953042220e-14     5.3352112081839e-14
 5.0051456247808e-14    4.6586208301132e-14     4.3047489504154e-14
 3.9524799372324e-14    3.6095773484157e-14     3.2821219924168e-14
 2.9743997705922e-14    2.6890326017796e-14     2.4272371216890e-14
 2.1891285609961e-14    1.9740174690982e-14     1.7806707834238e-14
 1.6075254320420e-14    1.4528531515463e-14     1.3148809975326e-14
 1.1918746185157e-14    1.0821919618194e-14     9.8431457509546e-15
 8.9686264643281e-15    8.1859875346454e-15     7.4842416772851e-15
 6.8537058037146e-15    6.2858931096995e-15     5.7733943014142e-15
 5.3097574836862e-15    4.8893727209225e-15     4.5073647743857e-15
 4.1594957845795e-15    3.8420785053678e-15     3.5518999533505e-15
 3.2861548881767e-15    3.0423882958484e-15     2.8184459410849e-15
 2.6124320374317e-15    2.4226731211162e-15     2.2476872828254e-15
 2.0861579947933e-15    1.9369118584011e-15     1.7988996831449e-15
 1.6711803882817e-15    1.5529072909847e-15
 2.4183501314589e-12    1.5987385287356e-12     1.0965057700775e-12
 7.7941764534220e-13    5.7284318576541e-13     4.3395287879783e-13
 3.3766906365011e-13    2.6896890928282e-13     2.1863377003021e-13
 1.8087459823433e-13    1.5198633783920e-13     1.2956770938209e-13
 1.1204658676156e-13    9.8367730930959e-14     8.7773895665579e-14
 7.9656549131553e-14    7.3470512939715e-14     6.8704563960256e-14
 6.4890643022775e-14    6.1629301505737e-14     5.8612239596348e-14
 5.5631330484658e-14    5.2572381253619e-14     4.9397694424812e-14
 4.6123536060527e-14    4.2797909835416e-14     3.9482085842262e-14
 3.6237310146569e-14    3.3116626134351e-14     3.0160906919402e-14
 2.7397910494873e-14    2.4843227156329e-14     2.2502212460967e-14
 2.0372264817757e-14    1.8445046153845e-14     1.6708429494408e-14
 1.5148085497331e-14    1.3748699715628e-14     1.2494855875294e-14
 1.1371639559409e-14    1.0365020746132e-14     9.4620694897314e-15
 8.6510510984775e-15    7.9214381820768e-15     7.2638683957170e-15
 6.6700692953313e-15    6.1327656556872e-15     5.6455798630458e-15
 5.2029324083639e-15    4.7999468795237e-15     4.4323619802350e-15
 4.0964518113996e-15    3.7889547879353e-15     3.5070110144948e-15
 3.2481076149035e-15    3.0100313336744e-15     2.7908276543656e-15
 2.5887656719107e-15    2.4023079889415e-15     2.2300849618111e-15
 2.0708726885049e-15    1.9235742001132e-15     1.7872033850542e-15
 1.6608712383506e-15    1.5437740852572e-15
 3.2898265895925e-12    2.1040829309489e-12     1.3995221581646e-12
 9.6730064059900e-13    6.9310871061657e-13     5.1320966014170e-13
 3.9126398335226e-13    3.0602539562964e-13     2.4473946493959e-13
 1.9954819028213e-13    1.6549587447516e-13     1.3939639681450e-13
 1.1916477468547e-13    1.0340017117184e-13     9.1112972971809e-14
 8.1547788959261e-14    7.4080365654472e-14     6.8171389706070e-14
 6.3357323353054e-14    5.9257725198652e-14     5.5583012914555e-14
 5.2134152550564e-14    4.8792777665479e-14     4.5504579847372e-14
 4.2260222591084e-14    3.9077436808770e-14     3.5986519108430e-14
 3.3020021121944e-14    3.0206396396288e-14     2.7566832581126e-14
 2.5114339850306e-14    2.2854243368290e-14     2.0785410016809e-14
 1.8901742057842e-14    1.7193647366644e-14     1.5649330548597e-14
 1.4255841268510e-14    1.2999872827118e-14     1.1868334753360e-14
 1.0848736592424e-14    9.9294229054870e-15     9.0996966085930e-15
 8.3498622804198e-15    7.6712148683125e-15     7.0559933396481e-15
 6.4973137398027e-15    5.9890919660628e-15     5.5259633346937e-15
 5.1032035769720e-15    4.7166541184920e-15     4.3626532323488e-15
 4.0379737882573e-15    3.7397677438469e-15     3.4655171611646e-15
 3.2129913184331e-15    2.9802093766070e-15     2.7654080192203e-15
 2.5670134869826e-15    2.3836174581777e-15     2.2139562702124e-15
 2.0568930283422e-15    1.9114021994873e-15     1.7765563388491e-15
 1.6515146431544e-15    1.5355130658896e-15
 4.6056647557805e-12    2.8431107233054e-12     1.8297786939340e-12
 1.2268585215708e-12    8.5501139382732e-13     6.1729814908305e-13
 4.5998635301591e-13    3.5244914054727e-13     2.7671434713491e-13
 2.2192790259311e-13    1.8135547671152e-13     1.5071657294059e-13
 1.2722788870445e-13    1.0903061487870e-13     9.4834512913347e-14
 8.3695526231972e-14    7.4883609110478e-14     6.7812553869202e-14
 6.2008464173416e-14    5.7097307648604e-14     5.2797679497370e-14
 4.8911485104649e-14    4.5310691531675e-14     4.1921493121286e-14
 3.8708280838907e-14    3.5659464074843e-14     3.2776298001499e-14
 3.0064989068887e-14    2.7531744440602e-14     2.5180134589240e-14
 2.3010079786597e-14    2.1017852661493e-14     1.9196628475430e-14
 1.7537259315465e-14    1.6029070998923e-14     1.4660573299665e-14
 1.3420036300083e-14    1.2295923907544e-14     1.1277196423585e-14
 1.0353503390679e-14    9.5152902775113e-15     8.7538411047849e-15
 8.0612758998236e-15    7.4305181486591e-15     6.8552438537833e-15
 6.3298207209923e-15    5.8492434777600e-15     5.4090693726427e-15
 5.0053564330283e-15    4.6346059927886e-15     4.2937102522864e-15
 3.9799051247763e-15    3.6907282932811e-15     3.4239822002720e-15
 3.1777015813984e-15    2.9501251040788e-15     2.7396706622801e-15
 2.5449138944672e-15    2.3645695217927e-15     2.1974751410227e-15
 2.0425771462577e-15    1.8989184922600e-15     1.7656280482782e-15
 1.6419113239164e-15    1.5270423775939e-15
 6.4109959102406e-12    3.8126044820267e-12     2.3720258156231e-12
 1.5423244681067e-12    1.0453320332832e-12     7.3590275464054e-13
 5.3602292216378e-13    4.0240219581940e-13     3.1022604579802e-13
 2.4481169409189e-13    1.9720682379166e-13     1.6180040315524e-13
 1.3498367181807e-13    1.1437261633275e-13     9.8341516530500e-14
 8.5738678928686e-14    7.5715376357969e-14     6.7626744878384e-14
 6.0976495314328e-14    5.5385446395723e-14     5.0570797353437e-14
 4.6329044377370e-14    4.2519848404524e-14     3.9050684772625e-14
 3.5863053655246e-14    3.2921010585578e-14     3.0202361675012e-14
 2.7692431479746e-14    2.5380018840276e-14     2.3255032863587e-14
 2.1307306627166e-14    1.9526163671487e-14     1.7900415607397e-14
 1.6418568915083e-14    1.5069101115019e-14     1.3840727192124e-14
 1.2722618198718e-14    1.1704559432799e-14     1.0777049870898e-14
 9.9313514097302e-15    9.1594988151914e-15     8.4542811137273e-15
 7.8092037771515e-15    7.2184392415513e-15     6.6767714920046e-15
 6.1795388508106e-15    5.7225777929418e-15     5.3021695995232e-15
 4.9149908993333e-15    4.5580686064691e-15     4.2287393899800e-15
 3.9246135670588e-15    3.6435431623755e-15     3.3835937940825e-15
 3.1430200122472e-15    2.9202437110167e-15     2.7138352514516e-15
 2.5224969589125e-15    2.3450486912535e-15     2.1804152082130e-15
 2.0276151053658e-15    1.8857511064647e-15     1.7540015351090e-15
 1.6316128103519e-15    1.5178928313340e-15
 8.5794144303913e-12    4.9144727492626e-12     2.9598693802800e-12
 1.8705892082340e-12    1.2363418276254e-12     8.5114162975916e-13
 6.0776772373906e-13    4.4830046424985e-13     3.4028972970312e-13
 2.6490911815597e-13    2.1087330616820e-13     1.7121057868635e-13
 1.4149220571981e-13    1.1882753160154e-13     1.0127541149865e-13
 8.7491762209111e-14    7.6516910608686e-14     6.7647812292978e-14
 6.0361310411244e-14    5.4266776919720e-14     4.9074685373919e-14
 4.4573521537326e-14    4.0611348787711e-14     3.7080589078091e-14
 3.3905593175096e-14    3.1032850694793e-14     2.8423638430439e-14
 2.6048779715760e-14    2.3885105212609e-14     2.1913193673837e-14
 2.0116014735623e-14    1.8478167669209e-14     1.6985487920770e-14
 1.5624863157509e-14    1.4384156320148e-14     1.3252174030821e-14
 1.2218646501024e-14    1.1274202739437e-14     1.0410335271017e-14
 9.6193541525337e-15    8.8943326289756e-15     8.2290475909855e-15
 7.6179178846172e-15    7.0559430049791e-15     6.5386440619491e-15
 6.0620082935686e-15    5.6224378793261e-15     5.2167034038981e-15
 4.8419020234692e-15    4.4954201842384e-15     4.1749006142610e-15
 3.8782132368160e-15    3.6034296218196e-15     3.3488005877860e-15
 3.1127365820263e-15    2.8937904928628e-15     2.6906425803121e-15
 2.5020872467412e-15    2.3270214036850e-15     2.1644342237605e-15
 2.0133980960428e-15    1.8730606289693e-15     1.7426375666659e-15
 1.6214065028668e-15    1.5087012918624e-15
$ REC e  He [+1] (G)  He [+0] (G)
& EK GOTO CODE 2.3.13A #INTERP2D
 65 1.0e+00 1.0e+04  2
 30 1.0e+08 1.0e+16  2
 1.1287574936925e-11    1.0399544389050e-11     9.5727744028067e-12
 8.7922972185263e-12    8.0475112408117e-12     7.3338917655344e-12
 6.6535567576086e-12    6.0156327639590e-12     5.4413320273305e-12
 4.9831785110701e-12    4.7649052184856e-12     5.0295802771040e-12
 6.1567477123009e-12    8.6041692324525e-12     1.2766593726746e-11
 1.8802416200023e-11    2.6511609608332e-11     3.5327416920451e-11
 4.4426806674018e-11    5.2911295974093e-11     5.9989444834823e-11
 6.5106603473693e-11    6.7998995927248e-11     6.8678704303918e-11
 6.7373009487458e-11    6.4444970242938e-11     6.0316681604219e-11
 5.5407916603650e-11    5.0094772875007e-11     4.4687330347355e-11
 3.9422409045882e-11    3.4466656099358e-11     2.9925598711564e-11
 2.5855285982006e-11    2.2274205950245e-11     1.9174118550519e-11
 1.6529153607639e-11    1.4302991111734e-11     1.2454238414475e-11
 1.0940240707833e-11    9.7196367206361e-12     8.7539361873109e-12
 8.0083908904828e-12    7.4523566873236e-12     7.0593240527539e-12
 6.8067343842507e-12    6.6756782277434e-12     6.6505336795469e-12
 6.7185932410628e-12    6.8696861125594e-12     7.0958507949150e-12
 7.3910263711126e-12    7.7507790904637e-12     8.1720736001019e-12
 8.6530860804405e-12    9.1930315238096e-12     9.7920372492476e-12
 1.0451036903073e-11    1.1171666376973e-11     1.1956241211747e-11
 1.2807652279028e-11    1.3729373260339e-11     1.4725408871318e-11
 1.5800306702960e-11    1.6959129010381e-11
 1.1445435571500e-11    1.0530182818955e-11     9.6792594639682e-12
 8.8772738870766e-12    8.1134994288746e-12     7.3834912412671e-12
 6.6894917994452e-12    6.0406114927118e-12     5.4576928222715e-12
 4.9921781121795e-12    4.7653713828284e-12     5.0158235603410e-12
 6.1162804594626e-12    8.5165246647428e-12     1.2604616441473e-11
 1.8536465803038e-11    2.6115692647695e-11     3.4785269617297e-11
 4.3735963042316e-11    5.2084056689167e-11     5.9050824170857e-11
 6.4090208005658e-11    6.6942122974434e-11     6.7617799259608e-11
 6.6340209200893e-11    6.3466007191367e-11     5.9410071920730e-11
 5.4585153015219e-11    4.9361176372129e-11     4.4043238869613e-11
 3.8864452414038e-11    3.3988949425170e-11     2.9520760980961e-11
 2.5515247416994e-11    2.1990805766739e-11     1.8939516526869e-11
 1.6336088611070e-11    1.4144921500703e-11     1.2325396392353e-11
 1.0835627677735e-11    9.6349810552485e-12     8.6856294934496e-12
 7.9534142600149e-12    7.4082047304231e-12     7.0239316813336e-12
 6.7784092433205e-12    6.6530402205983e-12     6.6324620599917e-12
 6.7041811292877e-12    6.8582019295045e-12     7.0867059238471e-12
 7.3837482852228e-12    7.7449891885008e-12     8.1674690381381e-12
 8.6494249562973e-12    9.1901208480351e-12     9.7897232144580e-12
 1.0449197037064e-11    1.1170203231706e-11     1.1955077299072e-11
 1.2806726014705e-11    1.3728635720976e-11     1.4724821204971e-11
 1.5799838064154e-11    1.6958754915061e-11
 1.1640315721512e-11    1.0689274665872e-11     9.8069109536011e-12
 8.9773884374492e-12    8.1898103129970e-12     7.4397309448602e-12
 6.7293893053697e-12    6.0677058797661e-12     5.4749449881192e-12
 5.0012217657347e-12    4.7650927612454e-12     5.0001453405776e-12
 6.0717344158924e-12    8.4210011742406e-12     1.2428763181759e-11
 1.8248211412354e-11    2.5686843347312e-11     3.4198062641171e-11
 4.2987469739273e-11    5.1187266274251e-11     5.8032480659101e-11
 6.2986412919443e-11    6.5793079468012e-11     6.6462919940660e-11
 6.5214373246246e-11    6.2397269638998e-11     5.8418750654054e-11
 5.3684000271673e-11    4.8556266776016e-11     4.3335229701443e-11
 3.8249946084645e-11    3.3461776118907e-11     2.9073078970854e-11
 2.5138419748389e-11    2.1676053195480e-11     1.8678370487562e-11
 1.6120678916454e-11    1.3968135776703e-11     1.2180945504508e-11
 1.0718046215718e-11    9.5395860156462e-12     8.6084546360641e-12
 7.8911327055985e-12    7.3580483911281e-12     6.9836130547499e-12
 6.7460488477849e-12    6.6271013589493e-12     6.6116935249996e-12
 6.6875677761424e-12    6.8449226308009e-12     7.0760982054279e-12
 7.3752788527521e-12    7.7382295479561e-12     8.1620754554416e-12
 8.6451220694802e-12    9.1866883247398e-12     9.7869849288492e-12
 1.0447012317747e-11    1.1168459803047e-11     1.1953685601038e-11
 1.2805614640740e-11    1.3727747759800e-11     1.4724111311281e-11
 1.5799270115757e-11    1.6958300140933e-11
 1.1868381976237e-11    1.0872052007046e-11     9.9508308933749e-12
 9.0881564546627e-12    8.2726722491593e-12     7.4996467552184e-12
 6.7710411932902e-12    6.0953320944987e-12     5.4919764661847e-12
 5.0095416159355e-12    4.7635787197255e-12     4.9823598255535e-12
 6.0233816397852e-12    8.3186185982957e-12     1.2241201526918e-11
 1.7941407960555e-11    2.5230786014902e-11     3.3573720858693e-11
 4.2191472589530e-11    5.0233089515490e-11     5.6948207687366e-11
 6.1810125690461e-11    6.4567322860991e-11     6.5229527967676e-11
 6.4010490641439e-11    6.1252896228561e-11     5.7355738031839e-11
 5.2716197817105e-11    4.7690432473396e-11     4.2572343705131e-11
 3.7586641420089e-11    3.2891692641920e-11     2.8588030214796e-11
 2.4729326935016e-11    2.1333644505029e-11     1.8393669356431e-11
 1.5885317115632e-11    1.3774529840739e-11     1.2022372470887e-11
 1.0588649357846e-11    9.4343351188137e-12     8.5230794485924e-12
 7.8220430380516e-12    7.3022501331698e-12     6.9386261282027e-12
 6.7098307088353e-12    6.5979779549580e-12     6.5882984508971e-12
 6.6687896257740e-12    6.8298600862017e-12     7.0640221620421e-12
 7.3656007728864e-12    7.7304752183436e-12     8.1558633622661e-12
 8.6401456712137e-12    9.1827015835243e-12     9.7837905446166e-12
 1.0444452189639e-11    1.1166407316554e-11     1.1952039405066e-11
 1.2804293636050e-11    1.3726687069320e-11     1.4723259044175e-11
 1.5798584771766e-11    1.6957748530247e-11
 1.2120531575045e-11    1.1070412275486e-11     1.0104293176826e-11
 9.2042961583443e-12    8.3581212329847e-12     7.5603637766990e-12
 6.8124036803339e-12    6.1220413745805e-12     5.5077483368393e-12
 5.0163883520419e-12    4.7603275158355e-12     4.9622725397159e-12
 5.9715263046857e-12    8.2105182633568e-12     1.2044371407876e-11
 1.7620304520201e-11    2.4754030250031e-11     3.2921298189158e-11
 4.1359612665622e-11    4.9235538342885e-11     5.5813948738895e-11
 6.0578632327601e-11    6.3282829978624e-11     6.3935656737017e-11
 6.2746094843769e-11    6.0049477476241e-11     5.6236365160122e-11
 5.1695622962286e-11    4.6776009059555e-11     4.1765372217350e-11
 3.6883846103340e-11    3.2286626215432e-11     2.8072289856357e-11
 2.4293531919208e-11    2.0968171704102e-11     1.8089169924999e-11
 1.5633050581930e-11    1.3566555143192e-11     1.1851633064629e-11
 1.0448984240243e-11    9.3204413776441e-12     8.4304458557614e-12
 7.7468688760232e-12    7.2413590718266e-12     6.8893815744702e-12
 6.6700565272914e-12    6.5658866571165e-12     6.5624277200117e-12
 6.6479472430383e-12    6.8130768356501e-12     7.0505120220022e-12
 7.3547275803088e-12    7.7217249664392e-12     8.1488213242655e-12
 8.6344776079808e-12    9.1781383729866e-12     9.7801156554878e-12
 1.0441491503996e-11    1.1164020881729e-11     1.1950114763210e-11
 1.2802740439072e-11    1.3725432737825e-11     1.4722245272189e-11
 1.5797764715222e-11    1.6957084547234e-11
 1.2389900804840e-11    1.1279249920431e-11     1.0263657450773e-11
 9.3232685992281e-12    8.4443777345072e-12     7.6205876282957e-12
 6.8524759565365e-12    6.1470112223242e-12     5.5215609782415e-12
 5.0211777595537e-12    4.7549181367754e-12     4.9397615304324e-12
 5.9166171012516e-12    8.0981599369310e-12     1.1841336527042e-11
 1.7290230537914e-11    2.4264767158454e-11     3.2252234687474e-11
 4.0506655805696e-11    4.8212440532311e-11     5.4650032583700e-11
 5.9314000497352e-11    6.1962560678475e-11     6.2604335128901e-11
 6.1443565240838e-11    5.8808176724093e-11     5.5080180691882e-11
 5.0639971094192e-11    4.5828737535482e-11     4.0928108868565e-11
 3.6153491479572e-11    3.1656781957062e-11     2.7534501503212e-11
 2.3838293114724e-11    2.0585683761466e-11     1.7769878867004e-11
 1.5367997459182e-11    1.3347579291792e-11     1.1671465867598e-11
 1.0301265830910e-11    9.1996865090636e-12     8.3319790390996e-12
 7.6667434772774e-12    7.1762705953226e-12     6.8365818760648e-12
 6.6272730954041e-12    6.5312492314462e-12     6.5344032328123e-12
 6.6252832252720e-12    6.7947529109706e-12     7.0356988200604e-12
 7.3427522642120e-12    7.7120425333498e-12     8.1409908643774e-12
 8.6281427685893e-12    9.1730113530235e-12     9.7759641400625e-12
 1.0438128031001e-11    1.1161294209350e-11     1.1947902876200e-11
 1.2800944892177e-11    1.3723974086878e-11     1.4721059387682e-11
 1.5796799810339e-11    1.6956298783340e-11
 1.2675791745049e-11    1.1498473207694e-11     1.0429056215275e-11
 9.4451627433296e-12    8.5313400358536e-12     7.6799833682752e-12
 6.8907222919427e-12    6.1695776326944e-12     5.5327065330226e-12
 5.0232464308464e-12    4.7468469863274e-12     4.9146826415025e-12
 5.8592294695454e-12    7.9834172321691e-12     1.1636058595522e-11
 1.6958138217639e-11    2.3773779342318e-11     3.1581724695965e-11
 3.9652380331916e-11    4.7187863081779e-11     5.3484095367153e-11
 5.8046412976167e-11    6.0638076838306e-11     6.1267345516035e-11
 6.0133876238250e-11    5.7558337702315e-11     5.3914311294038e-11
 4.9573796247504e-11    4.4870445243862e-11     4.0079660436569e-11
 3.5412086032557e-11    3.1016267869232e-11     2.6986612169733e-11
 2.3373651720552e-11    2.0194568468661e-11     1.7442768250794e-11
 1.5095930214218e-11    1.3122366637248e-11     1.1485793471432e-11
 1.0148717332680e-11    9.0747147763728e-12     8.2298453414740e-12
 7.5834394393766e-12    7.1084333669053e-12     6.7814094716073e-12
 6.5824442322590e-12    6.4948500985041e-12     6.5048623055043e-12
 6.6013143706494e-12    6.7753064813786e-12     7.0199201210432e-12
 7.3299466286380e-12    7.7016461849058e-12     8.1325467702124e-12
 8.6212807354833e-12    9.1674316953571e-12     9.7714243288917e-12
 1.0434431814100e-11    1.1158282767757e-11     1.1945447651292e-11
 1.2798941777703e-11    1.3722338732625e-11     1.4719723405998e-11
 1.5795707714292e-11    1.6955405516636e-11
 1.2981989942713e-11    1.1730902478859e-11     1.0602326656581e-11
 9.5709023217465e-12    8.6191578537429e-12     7.7381115019751e-12
 6.9263134295294e-12    6.1887056591781e-12     5.5400950705958e-12
 5.0215716930164e-12    4.7352880073755e-12     4.8866100900791e-12
 5.7997002422621e-12    7.8679772582719e-12     1.1432392506750e-11
 1.6631012248720e-11    2.3292122992921e-11     3.0925620646600e-11
 3.8817776244148e-11    4.6187803643492e-11     5.2346549720740e-11
 5.6809733466826e-11    5.9345499963021e-11     5.9961799486590e-11
 5.8853924703057e-11    5.6335602030619e-11     5.2772326293499e-11
 4.8528022110156e-11    4.3929070378105e-11     3.9244843014227e-11
 3.4681349875989e-11    3.0383853895895e-11     2.6444666914923e-11
 2.2913198366712e-11    1.9806250534777e-11     1.7117383503382e-11
 1.4824786284994e-11    1.2897494419481e-11     1.1300053153006e-11
 9.9958276460497e-12    8.9492305383783e-12     8.1271027736644e-12
 7.4994837239898e-12    7.0399386765508e-12     6.7255983663130e-12
 6.5370107809575e-12    6.4578892338190e-12     6.4748066265166e-12
 6.5768787408693e-12    6.7554402182510e-12     7.0037662493706e-12
 7.3168075034461e-12    7.6909547271040e-12     8.1238425627192e-12
 8.6141902713386e-12    9.1616521342478e-12     9.7667101922462e-12
 1.0430584123700e-11    1.1155140204035e-11     1.1942879372624e-11
 1.2796841599900e-11    1.3720620418324e-11     1.4718316856903e-11
 1.5794555895941e-11    1.6954461976168e-11
 1.3316123174525e-11    1.1981849779918e-11     1.0786841019307e-11
 9.7022866234064e-12    8.7084175531448e-12     7.7946893457807e-12
 6.9584060853468e-12    6.2032449283866e-12     5.5424589196423e-12
 5.0149028355541e-12    4.7191118087061e-12     4.8546494896036e-12
 5.7375375905680e-12    7.7520090230117e-12     1.1231531849166e-11
 1.6311523096057e-11    2.2824437994402e-11     3.0290995176694e-11
 3.8012708688812e-11    4.5225113540689e-11     5.1253222783868e-11
 5.5622543226431e-11    5.8105754716613e-11     5.8710410682918e-11
 5.7627573490534e-11    5.5164317712162e-11     5.1678425363331e-11
 4.7526139948980e-11    4.3026937147477e-11     3.8444469825198e-11
 3.3980356657327e-11    2.9776751891580e-11     2.5923984803729e-11
 2.2470401315838e-11    1.9432443581483e-11     1.6803816350395e-11
 1.4563189562766e-11    1.2680281655441e-11     1.1120421432650e-11
 9.8477858434988e-12    8.8275787557406e-12     8.0273813433470e-12
 7.4179053749039e-12    6.9733134936705e-12     6.6712580293587e-12
 6.4927361871742e-12    6.4218438769554e-12     6.4454768913146e-12
 6.5530214592159e-12    6.7360373158998e-12     6.9879860067602e-12
 7.3039717953101e-12    7.6805115444273e-12     8.1153431216227e-12
 8.6072700516271e-12    9.1560152484890e-12     9.7621165530083e-12
 1.0426838944752e-11    1.1152085436565e-11     1.1940386737483e-11
 1.2794806930462e-11    1.3718959075429e-11     1.4716960017826e-11
 1.5793447553783e-11    1.6953556515201e-11
 1.3692728242065e-11    1.2261675733464e-11     1.0989629364679e-11
 9.8437360795605e-12    8.8015599372334e-12     7.8507271512308e-12
 6.9870415279597e-12    6.2126321560427e-12     5.5388953892681e-12
 5.0021693594571e-12    4.6971628688640e-12     4.8175483478079e-12
 5.6712692922017e-12    7.6335767220277e-12     1.1030731928980e-11
 1.5995734807229e-11    2.2365278000294e-11     2.9670740414124e-11
 3.7228496529192e-11    4.4289878937365e-11     5.0193513113874e-11
 5.4474212494478e-11    5.6908851488526e-11     5.7504413726206e-11
 5.6447716104958e-11    5.4039291857522e-11     5.0629405051075e-11
 4.6566856936215e-11    4.2164467381356e-11     3.7680405926860e-11
 3.3312106934275e-11    2.9198786411259e-11     2.5428923204474e-11
 2.2049895485405e-11    1.9077848854158e-11     1.6506669381408e-11
 1.4315523178973e-11    1.2474810638853e-11     1.0950631634152e-11
 9.7079547768575e-12    8.7127505532550e-12     7.9333137086238e-12
 7.3410014939310e-12    6.9105479911808e-12     6.6201030151622e-12
 6.4510911526560e-12    6.3879715550871e-12     6.4179460539651e-12
 6.5306568722609e-12    6.7178766025379e-12     6.9732428998338e-12
 7.2920051266459e-12    7.6707992761541e-12     8.1074607372188e-12
 8.6008726695406e-12    9.1508228826920e-12     9.7579020124816e-12
 1.0423417931269e-11    1.1149308463575e-11     1.1938132550500e-11
 1.2792977160355e-11    1.3717473900442e-11     1.4715754648244e-11
 1.5792469385637e-11    1.6952762826731e-11
 1.4133908855020e-11    1.2586022893207e-11     1.1221340015881e-11
 1.0002084690675e-11    8.9025801015924e-12     7.9081906918802e-12
 7.0128105604273e-12    6.2165851364619e-12     5.5286066136414e-12
 4.9822806969967e-12    4.6681449048370e-12     4.7737296975587e-12
 5.5987555906956e-12    7.5094540419890e-12     1.0824932469800e-11
 1.5675879242827e-11    2.1903332259717e-11     2.9049395053540e-11
 3.6445297254934e-11    4.3358092188393e-11     4.9139886441583e-11
 5.3334640665701e-11    5.5723262850288e-11     5.6312025256430e-11
 5.5283390396978e-11    5.2931279698225e-11     4.9598407137329e-11
 4.5626133707817e-11    4.1320653078379e-11     3.6934701202394e-11
 3.2661590564355e-11    2.8637667363360e-11     2.4949628865111e-11
 2.1643950475578e-11    1.8736539390734e-11     1.6221512541764e-11
 1.4078572386031e-11    1.2278832124396e-11     1.0789184857880e-11
 9.5754053250052e-12    8.6042385958896e-12     7.8446957092393e-12
 7.2687780886130e-12    6.8517870130940e-12     6.5723635597514e-12
 6.4123522793598e-12    6.3565675759881e-12     6.3925092326043e-12
 6.5100676211720e-12    6.7012208192586e-12     6.9597758330180e-12
 7.2811210511675e-12    7.6620062307297e-12     8.1003596058201e-12
 8.5951399451130e-12    9.1461965227466e-12     9.7541698709768e-12
 1.0420408323836e-11    1.1146882490233e-11     1.1936177860012e-11
 1.2791402892856e-11    1.3716206590114e-11     1.4714734906217e-11
 1.5791649215607e-11    1.6952103452844e-11
 1.4664797154963e-11    1.2971794654637e-11     1.1492708046540e-11
 1.0183503400476e-11    9.0143734439011e-12     7.9677400191146e-12
 7.0349538335263e-12    6.2135298761018e-12     5.5096178360730e-12
 4.9531098070971e-12    4.6298770456213e-12     4.7208992962252e-12
 5.5173427504989e-12    7.3761692469906e-12     1.0609183699332e-11
 1.5344738049692e-11    2.1428319952988e-11     2.8412969926367e-11
 3.5645046982328e-11    4.2407603935491e-11     4.8066459099065e-11
 5.2174867090383e-11    5.4517818706012e-11     5.5100833123963e-11
 5.4101906434817e-11    5.1808192980154e-11     4.8554685090855e-11
 4.4675138080531e-11    4.0468975884444e-11     3.6183388088600e-11
 3.2007486201178e-11    2.8074699699241e-11     2.4469925221737e-11
 2.1238738495685e-11    1.8396827462268e-11     1.5938569457731e-11
 1.3844238389340e-11    1.2085697111056e-11     1.0630667746798e-11
 9.4457640517142e-12    8.4985345902271e-12     7.7587311589428e-12
 7.1990193478015e-12    6.7952834267281e-12     6.5266677754350e-12
 6.3754457269960e-12    6.3267930850308e-12     6.3685115859893e-12
 6.4907420842462e-12    6.6856692201286e-12     6.9472695186441e-12
 7.2710699328365e-12    7.6539331128110e-12     8.0938790269310e-12
 8.5899408261751e-12    9.1420279954294e-12     9.7508297422433e-12
 1.0417733711453e-11    1.1144742236784e-11     1.1934466397616e-11
 1.2790035287017e-11    1.3715114539250e-11     1.4713863514055e-11
 1.5790954387595e-11    1.6951549795893e-11
 1.5309565446009e-11    1.3433489931409e-11     1.1811201532962e-11
 1.0390467366007e-11    9.1360464716704e-12     8.0264041214417e-12
 7.0494046894999e-12    6.1989945414428e-12     5.4774885294509e-12
 4.9104836031823e-12    4.5785418939208e-12     4.6555727240106e-12
 5.4237634041499e-12    7.2304678631303e-12     1.0379955923225e-11
 1.4998149669905e-11    2.0935055113897e-11     2.7754873592750e-11
 3.4819431934518e-11    4.1428171571902e-11     4.6960993436865e-11
 5.0980742050038e-11    5.3276677905351e-11     5.3853635637869e-11
 5.2885106344003e-11    5.0651355939458e-11     4.7479480727340e-11
 4.3695431860129e-11    3.9591665172963e-11     3.5409643308073e-11
 3.1334124951944e-11    2.7495504769207e-11     2.3976794853657e-11
 2.0822618739998e-11    1.8048419356532e-11     1.5648829967609e-11
 1.3604707218123e-11    1.1888685617560e-11     1.0469344737522e-11
 9.3141687725886e-12    8.3915416378714e-12     7.6719863883967e-12
 7.1288607867716e-12    6.7386569824526e-12     6.4810441899643e-12
 6.3387427310003e-12    6.2973048948925e-12     6.3448466446423e-12
 6.4717691311145e-12    6.6704712756880e-12     6.9351050923076e-12
 7.2613406374973e-12    7.6461568422809e-12     8.0876678854399e-12
 8.5849830654473e-12    9.1380732968695e-12     9.7476772680278e-12
 1.0415222431940e-11    1.1142743118785e-11     1.1932876106876e-11
 1.2788771118237e-11    1.3714110338289e-11     1.4713066400258e-11
 1.5790322120333e-11    1.6951048659244e-11
 1.6089601672588e-11    1.3980810331206e-11     1.2178371120178e-11
 1.0619107990092e-11    9.2604801438174e-12     8.0754987353078e-12
 7.0471295700055e-12    6.1643724434741e-12     5.4244508286196e-12
 4.8476284013502e-12    4.5083714159070e-12     4.5729556844863e-12
 5.3142008969315e-12    7.0695974535319e-12     1.0135731886209e-11
 1.4636040630107e-11    2.0425074182876e-11     2.7078292692692e-11
 3.3973148123691e-11    4.0425670216487e-11     4.5830062933178e-11
 4.9758977483856e-11    5.2006133784496e-11     5.2575825898932e-11
 5.1637126929833e-11    4.9463441599383e-11     4.6373942480306e-11
 4.2686704395184e-11    3.8687112032814e-11     3.4610781449236e-11
 3.0637995308848e-11    2.6895997238674e-11     2.3465812981670e-11
 2.0391030828944e-11    1.7686785998567e-11     1.5347924796555e-11
 1.3355861510819e-11    1.1683992128858e-11     1.0301755204408e-11
 9.1775154673231e-12    8.2805080003697e-12     7.5820462639518e-12
 7.0562007770672e-12    6.6800921796320e-12     6.4339341804212e-12
 6.3009121781295e-12    6.2669711281190e-12     6.3205553654948e-12
 6.4523384691237e-12    6.6549438756285e-12     6.9227075975931e-12
 7.2514497797716e-12    7.6382712995863e-12     8.0813850908079e-12
 8.5799802060144e-12    9.1340918214779e-12     9.7445103060985e-12
 1.0412704610359e-11    1.1140742342075e-11     1.1931286936717e-11
 1.2787509450539e-11    1.3713109129476e-11     1.4712272239758e-11
 1.5789692484176e-11    1.6950549711031e-11
 1.7019563550630e-11    1.4614280281775e-11     1.2585554115131e-11
 1.0855416390139e-11    9.3713287952488e-12     8.0985647070681e-12
 7.0129933229990e-12    6.0965827420400e-12     5.3396753240540e-12
 4.7558474731411e-12    4.4125762899843e-12     4.4680155718069e-12
 5.1854472905889e-12    6.8925445907133e-12     9.8783521055314e-12
 1.4263930894487e-11    1.9908360811214e-11     2.6398191632900e-11
 3.3126219320768e-11    3.9424755579158e-11     4.4702067234956e-11
 4.8540501023236e-11    5.0738273640868e-11     5.1299304314478e-11
 5.0388497166076e-11    4.8272675257638e-11     4.5263350865886e-11
 4.1670937164556e-11    3.7773897024302e-11     3.3802081397331e-11
 2.9931318181354e-11    2.6285674307667e-11     2.2944131795528e-11
 1.9949168950822e-11    1.7315533052478e-11     1.5038206486545e-11
 1.3099093136125e-11    1.1472294292009e-11     1.0128064073057e-11
 9.0356165283058e-12    8.1650174618103e-12     7.4883592086173e-12
 6.9804204785535e-12    6.6189509670851e-12     6.3847129737273e-12
 6.2613632884939e-12    6.2352470409054e-12     6.2951448814079e-12
 6.4320106633796e-12    6.6386997403704e-12     6.9097388743582e-12
 7.2411042969671e-12    7.6300240513018e-12     8.0748142881212e-12
 8.5747475714022e-12    9.1299264610264e-12     9.7411955693420e-12
 1.0410067425016e-11    1.1138644585356e-11     1.1929618473271e-11
 1.2786182528002e-11    1.3712053875708e-11     1.4711433051228e-11
 1.5789025133327e-11    1.6950019032474e-11
 1.8102811016771e-11    1.5320746874937e-11     1.3010338358709e-11
 1.1073329180024e-11    9.4430453748121e-12     8.0732674762020e-12
 6.9291610244167e-12    5.9824559386738e-12     5.2141350431337e-12
 4.6294752598230e-12    4.2881614759738e-12     4.3400927876643e-12
 5.0393903547057e-12    6.7045867939516e-12     9.6178759095846e-12
 1.3898338472427e-11    1.9409460365540e-11     2.5748198678832e-11
 3.2321604459985e-11    3.8477048733290e-11     4.3635790023036e-11
 4.7389158874963e-11    4.9539605673717e-11     5.0090836829601e-11
 4.9204074103938e-11    4.7140236475761e-11     4.4203914506663e-11
 4.0698556058772e-11    3.6896288921675e-11     3.3021643516080e-11
 2.9246290674671e-11    2.5691285619091e-11     2.2433623385988e-11
 1.9514648780180e-11    1.6948644207112e-11     1.4730620770566e-11
 1.2842852150800e-11    1.1260025615436e-11     9.9531003682181e-12
 8.8920428366196e-12    8.0476680797334e-12     7.3927813456973e-12
 6.9028179171162e-12    6.5561174685228e-12     6.3339623073373e-12
 6.2204604930073e-12    6.2023438066542e-12     6.2687206787101e-12
 6.4108203517035e-12    6.6217277904988e-12     6.8961599506328e-12
 7.2302497196872e-12    7.6213535437487e-12     8.0678923726936e-12
 8.5692239881642e-12    9.1255200203553e-12     9.7376809047165e-12
 1.0407264173114e-11    1.1136408582551e-11     1.1927834616650e-11
 1.2784759003124e-11    1.3710917501508e-11     1.4710525534502e-11
 1.5788300061306e-11    1.6949439462571e-11
 1.9326563791453e-11    1.6069770627670e-11     1.3415883966698e-11
 1.1237770916226e-11    9.4474761562001e-12     7.9806134706465e-12
 6.7856660207838e-12    5.8194765538830e-12     5.0506908518720e-12
 4.4748601993273e-12    4.1436583192692e-12     4.1993966773500e-12
 4.8883211544170e-12    6.5213955173190e-12     9.3753553319516e-12
 1.3568012267091e-11    1.8966948741843e-11     2.5178176969513e-11
 3.1620909876191e-11    3.7655237600987e-11     4.2713326303392e-11
 4.6394028334676e-11    4.8503351530631e-11     4.9044872999732e-11
 4.8176818610929e-11    4.6155276244989e-11     4.3279157744717e-11
 3.9846179963141e-11    3.6123236638295e-11     3.2330435231748e-11
 2.8635958773734e-11    2.5158299482439e-11     2.1972721328909e-11
 1.9119536084903e-11    1.6612545616928e-11     1.4446694381185e-11
 1.2604481728654e-11    1.1061012484518e-11     9.7877763201098e-12
 8.7553236594920e-12    7.9350644359315e-12     7.3003805813917e-12
 6.8272473888243e-12    6.4944973341825e-12     6.2838535332261e-12
 6.1798120722496e-12    6.1694418289178e-12     6.2421408748409e-12
 6.3893849989508e-12    6.6044673450093e-12     6.8822794231139e-12
 7.2190995850433e-12    7.6124048420665e-12     8.0607155905386e-12
 8.5634712853557e-12    9.1209103730371e-12     9.7339877594870e-12
 1.0404305241268e-11    1.1134037442593e-11     1.1925933833448e-11
 1.2783234511004e-11    1.3709694034820e-11     1.4709542921976e-11
 1.5787510229583e-11    1.6948804019623e-11
 2.0644473343625e-11    1.6806436061684e-11     1.3753805995074e-11
 1.1315724846552e-11    9.3698918798256e-12     7.8223872863548e-12
 6.5964312489685e-12    5.6288100075745e-12     4.8736773403091e-12
 4.3167620057815e-12    4.0028239116817e-12     4.0683730967164e-12
 4.7539653716294e-12    6.3652362545032e-12     9.1752482721957e-12
 1.3301326353707e-11    1.8614594494235e-11     2.4728277615395e-11
 3.1071039525164e-11    3.7012726791035e-11     4.1993797370827e-11
 4.5618775698718e-11    4.7696321127273e-11     4.8229879812694e-11
 4.7375400004069e-11    4.5385328881683e-11     4.2554316440131e-11
 3.9175788737798e-11    3.5512725142326e-11     3.1781924415362e-11
 2.8148954909206e-11    2.4730377914497e-11     2.1600140161140e-11
 1.8797750642399e-11    1.6336615995879e-11     1.4211591762848e-11
 1.2405306254199e-11    1.0893138254353e-11     9.6469391313535e-12
 8.6376656240461e-12    7.8371474754736e-12     7.2191784924051e-12
 6.7601240076900e-12    6.4391764520086e-12     6.2383846591041e-12
 6.1425349138909e-12    6.1389514155753e-12     6.2172545429515e-12
 6.3691119492691e-12    6.5879811186071e-12     6.8688933963304e-12
 7.2082454207836e-12    7.6036137336627e-12     8.0536020767932e-12
 8.5577193880846e-12    9.1162618014702e-12     9.7302319321397e-12
 1.0401270890240e-11    1.1131585584105e-11     1.1923951909364e-11
 1.2781631527472e-11    1.3708396544932e-11     1.4708491718969e-11
 1.5786657635085e-11    1.6948111667780e-11
 2.1987621250407e-11    1.7478327409293e-11     1.4001088039487e-11
 1.1315161907556e-11    9.2426085201557e-12     7.6450728272033e-12
 6.4126150367010e-12    5.4596732123858e-12     4.7268672063087e-12
 4.1923467191788e-12    3.8964549176479e-12     3.9723512676609e-12
 4.6572624038571e-12    6.2536041167643e-12     9.0322483393035e-12
 1.3110470015789e-11    1.8362108683753e-11     2.4405642195324e-11
 3.0676528755468e-11    3.6551594171705e-11     4.1477213330714e-11
 4.5061950979197e-11    4.7116349872460e-11     4.7643755933613e-11
 4.6798489278351e-11    4.4830401254239e-11     4.2031107852297e-11
 3.8690984758578e-11    3.5070232416605e-11     3.1383303908347e-11
 2.7793916404556e-11    2.4417265660931e-11     2.1326367436294e-11
 1.8560162919016e-11    1.6131777687286e-11     1.4036000980088e-11
 1.2255546980275e-11    1.0765981206454e-11     9.5394025216648e-12
 8.5470459033783e-12    7.7610285577674e-12     7.1554262798463e-12
 6.7068714748003e-12    6.3948032005136e-12     6.2014937533003e-12
 6.1119289396075e-12    6.1136090467116e-12     6.1963084130899e-12
 6.3518282771697e-12    6.5737412941708e-12     6.8571775713928e-12
 7.1986180454517e-12    7.5957109171766e-12     8.0471206191956e-12
 8.5524073159513e-12    9.1119102405515e-12     9.7266681570993e-12
 1.0398352403295e-11    1.1129195087955e-11     1.1921993053860e-11
 1.2780025323108e-11    1.3707078348977e-11     1.4707408711619e-11
 1.5785766713471e-11    1.6947377694921e-11
 2.3377355063645e-11    1.8135669225001e-11     1.4238360829579e-11
 1.1334696582497e-11    9.1661286650337e-12     7.5387803901467e-12
 6.3079883692738e-12    5.3687451933825e-12     4.6519703743837e-12
 4.1314342780615e-12    3.8453932672092e-12     3.9254148695360e-12
 4.6068674024321e-12    6.1901524109239e-12     8.9446711755387e-12
 1.2987606345786e-11    1.8194581756470e-11     2.4187633189018e-11
 3.0406892369880e-11    3.6234038714629e-11     4.1119600272995e-11
 4.4675005477675e-11    4.6712155125665e-11     4.7234354615930e-11
 4.6394797540132e-11    4.4441514913842e-11     4.1663983197596e-11
 3.8350419916775e-11    3.4759055121344e-11     3.1102676190618e-11
 2.7543684360634e-11    2.4196303944257e-11     2.1132887982466e-11
 1.8391973118549e-11    1.5986484225552e-11     1.3911162395909e-11
 1.2148781606316e-11    1.0675038525828e-11     9.4622059528381e-12
 8.4817142294118e-12    7.7058820832884e-12     7.1089825965678e-12
 6.6678345957137e-12    6.3620488555444e-12     6.1740528472649e-12
 6.0889705506199e-12    6.0944238698345e-12     6.1802932049873e-12
 6.3384716077187e-12    6.5626107379191e-12     6.8479083563096e-12
 7.1909031032420e-12    7.5892922365152e-12     8.0417817813269e-12
 8.5479670844621e-12    9.1082170786716e-12     9.7235955530493e-12
 1.0395794894440e-11    1.1127064886088e-11     1.1920217185684e-11
 1.2778543211159e-11    1.3705839768477e-11     1.4706372067825e-11
 1.5784897591990e-11    1.6946647644300e-11
 2.5051373138818e-11    1.9000369615115e-11     1.4665077405913e-11
 1.1539013142210e-11    9.2645422793440e-12     7.5895397268297e-12
 6.3379704215781e-12    5.3893313398069e-12     4.6674736762750e-12
 4.1430622018873e-12    3.8527381659554e-12     3.9266755203452e-12
 4.5985897771449e-12    6.1670887853706e-12     8.9001624545888e-12
 1.2914586939064e-11    1.8086971888576e-11     2.4041682936119e-11
 3.0222063030678e-11    3.6013203437984e-11     4.0868590722465e-11
 4.4401710873298e-11    4.6425446158908e-11     4.6943072465423e-11
 4.6106963214245e-11    4.4163821346994e-11     4.1401559999275e-11
 3.8106818046054e-11    3.4536383117643e-11     3.0901822531567e-11
 2.7364573217273e-11    2.4038147301619e-11     2.0994411669138e-11
 1.8271605838264e-11    1.5882506784117e-11     1.3821819347465e-11
 1.2072360202442e-11    1.0609920861351e-11     9.4069001862916e-12
 8.4348701715114e-12    7.6662956147341e-12     7.0755924933581e-12
 6.6397145174588e-12    6.3383965424319e-12     6.1541779904357e-12
 6.0722823441691e-12    6.0804189057588e-12     6.1685441167129e-12
 6.3286166849306e-12    6.5543446086958e-12     6.8409737480331e-12
 7.1850836401076e-12    7.5844061999192e-12     8.0376767431937e-12
 8.5445153177837e-12    9.1053116504787e-12     9.7211470101496e-12
 1.0393728459712e-11    1.1125318091657e-11     1.1918737878074e-11
 1.2777287872029e-11    1.3704772102374e-11     1.4705461815508e-11
 1.5784119534091e-11    1.6945980765489e-11
 2.7436597247001e-11    2.0387701308183e-11     1.5500191361426e-11
 1.2067208003377e-11    9.6172522558120e-12     7.8367094379150e-12
 6.5175582135309e-12    5.5229074209718e-12     4.7680772478952e-12
 4.2189908607838e-12    3.9092360908585e-12     3.9665438860709e-12
 4.6223351958293e-12    6.1730730879488e-12     8.8850792184936e-12
 1.2874362850311e-11    1.8017932392525e-11     2.3941660514904e-11
 3.0091136166511e-11    3.5853901589532e-11     4.0685587763918e-11
 4.4201167288000e-11    4.6214210830332e-11     4.6727929556173e-11
 4.5894043782943e-11    4.3958227796871e-11     4.1207195771049e-11
 3.7926382430577e-11    3.4371479273365e-11     3.0753129190745e-11
 2.7232040342740e-11    2.3921187937535e-11     2.0892073289319e-11
 1.8182713212266e-11    1.5805774458716e-11     1.3755935587313e-11
 1.2016046189925e-11    1.0561969675318e-11     9.3662000343771e-12
 8.4004158871986e-12    7.6371917882587e-12     7.0510509312387e-12
 6.6190481010468e-12    6.3210110193017e-12     6.1395627946754e-12
 6.0600011984201e-12    6.0701006976193e-12     6.1598743506640e-12
 6.3213296742349e-12    6.5482164771703e-12     6.8358162486669e-12
 7.1807387576362e-12    7.5807414810956e-12     8.0345812865358e-12
 8.5418963503420e-12    9.1030916199224e-12     9.7192611242927e-12
 1.0392122611155e-11    1.1123947111575e-11     1.1917564069743e-11
 1.2776279781034e-11    1.3703903486399e-11     1.4704710781977e-11
 1.5783467818728e-11    1.6945413129026e-11
 3.1011692022777e-11    2.2576204561511e-11     1.6889574223681e-11
 1.2982951675833e-11    1.0241655782878e-11     8.2745608830887e-12
 6.8313507563441e-12    5.7514778671519e-12     4.9365114380016e-12
 4.3439524438304e-12    4.0018359751615e-12     4.0338494118073e-12
 4.6681766414948e-12    6.1986228738982e-12     8.8895331312749e-12
 1.2855849411378e-11    1.7974557606713e-11     2.3872459444367e-11
 2.9996704851959e-11    3.5736594015987e-11     4.0549304871484e-11
 4.4050868690567e-11    4.6055315930401e-11     4.6565752661873e-11
 4.5733355438774e-11    4.3802978683571e-11     4.1060396595608e-11
 3.7790108476177e-11    3.4246959588609e-11     3.0640882557442e-11
 2.7132027869781e-11    2.3832961407758e-11     2.0814906866884e-11
 1.8115712745764e-11    1.5747963195391e-11     1.3706317904425e-11
 1.1973652378223e-11    1.0525885306262e-11     9.3355833691028e-12
 8.3745064047221e-12    7.6153124038159e-12     7.0326059520512e-12
 6.6035184864880e-12    6.3079481024139e-12     6.1285812892009e-12
 6.0507720557265e-12    6.0623441816536e-12     6.1533535551728e-12
 6.3158446040426e-12    6.5435987446537e-12     6.8319243896576e-12
 7.1774541413516e-12    7.5779647713687e-12     8.0322294027755e-12
 8.5398998735511e-12    9.1013925896835e-12     9.7178111754918e-12
 1.0390881403339e-11    1.1122881008574e-11     1.1916645032059e-11
 1.2775484438265e-11    1.3703212361402e-11     1.4704107642533e-11
 1.5782939136091e-11    1.6944947625923e-11
 3.6272011968509e-11    2.5802998553705e-11     1.8932330554815e-11
 1.4316755567359e-11    1.1137589369785e-11     8.8914960159997e-12
 7.2652396305372e-12    6.0620594714151e-12     5.1620421744936e-12
 4.5094943037393e-12    4.1239770044665e-12     4.1233942706429e-12
 4.7317111629435e-12    6.2395529934221e-12     8.9089910747439e-12
 1.2853645918134e-11    1.7950155247413e-11     2.3825817356473e-11
 2.9928836619116e-11    3.5649761602350e-11     4.0446879120126e-11
 4.3936965135237e-11    4.5934340463140e-11     4.6441972384552e-11
 4.5610567631031e-11    4.3684306272855e-11     4.0948204561032e-11
 3.7686016232171e-11    3.4151917760912e-11     3.0555284476786e-11
 2.7055832335670e-11    2.3765810665363e-11     2.0756230434217e-11
 1.8064812914151e-11    1.5704081571627e-11     1.3668684488780e-11
 1.1941519728198e-11    1.0498550667420e-11     9.3124015490306e-12
 8.3548958324019e-12    7.5987563948179e-12     7.0186507739931e-12
 6.5917694341304e-12    6.2980644668362e-12     6.1202708444466e-12
 6.0437854845040e-12    6.0564697107141e-12     6.1484119614524e-12
 6.3116846755668e-12    6.5400932277448e-12     6.8289664197272e-12
 7.1749541333936e-12    7.5758477342978e-12     8.0304326360516e-12
 8.5383710029656e-12    9.1000879002402e-12     9.7166942019194e-12
 1.0389921742212e-11    1.1122053319795e-11     1.1915928201281e-11
 1.2774860875484e-11    1.3702667414336e-11     1.4703629106499e-11
 1.5782516844788e-11    1.6944573109954e-11
 4.3990949043165e-11    3.0469363282537e-11     2.1840114312462e-11
 1.6184383222353e-11    1.2372065812227e-11     9.7291239807873e-12
 7.8469451274785e-12    6.4742290840024e-12     5.4590627310428e-12
 4.7264321285614e-12    4.2838163532903e-12     4.2412052560319e-12
 4.8170961603584e-12    6.2982037718814e-12     8.9438723100564e-12
 1.2866061964102e-11    1.7940740654005e-11     2.3795360357917e-11
 2.9878822587890e-11    3.5582583975321e-11     4.0365752175086e-11
 4.3845636925582e-11    4.5836724346240e-11     4.6341797701197e-11
 4.5511112726649e-11    4.3588238206080e-11     4.0857520435890e-11
 3.7602064454735e-11    3.4075471990392e-11     3.0486644895781e-11
 2.6994934393867e-11    2.3712327912187e-11     2.0709663845537e-11
 1.8024563552884e-11    1.5669506409229e-11     1.3639136964458e-11
 1.1916377450880e-11    1.0477232879323e-11     9.2943788207017e-12
 8.3396941278572e-12    7.5859572514714e-12     7.0078889555027e-12
 6.5827290714800e-12    6.2904744180878e-12     6.1138997778965e-12
 6.0384370179393e-12    6.0519778126765e-12     6.1446367299938e-12
 6.3085085476226e-12    6.5374176309174e-12     6.8267088522302e-12
 7.1730456426722e-12    7.5742307570464e-12     8.0290591594790e-12
 8.5372010074385e-12    9.0990880455934e-12     9.7158367229035e-12
 1.0389183522181e-11    1.1121415115451e-11     1.1915373994874e-11
 1.2774377334167e-11    1.3702243439371e-11     1.4703255457635e-11
 1.5782185827434e-11    1.6944278314751e-11
 5.5689209779369e-11    3.7423399251803e-11     2.6104313419953e-11
 1.8882569697364e-11    1.4131570439620e-11     1.0908804818382e-11
 8.6576951036337e-12    7.0435084718439e-12     5.8660807249570e-12
 5.0217062873126e-12    4.5002394816807e-12     4.4003962687725e-12
 4.9331231195836e-12    6.3799040767014e-12     8.9964971114252e-12
 1.2892619272580e-11    1.7943147748438e-11     2.3775360592164e-11
 2.9838585339568e-11    3.5524956474835e-11     4.0294209791143e-11
 4.3764035027980e-11    4.5748969958616e-11     4.6251538807186e-11
 4.5421505357398e-11    4.3501813484440e-11     4.0776145670052e-11
 3.7526976927399e-11    3.4007359343166e-11     3.0425748211161e-11
 2.6941155613249e-11    2.3665329487906e-11     2.0668954023402e-11
 1.7989564818431e-11    1.5639607359888e-11     1.3613729419550e-11
 1.1894881298200e-11    1.0459111279853e-11     9.2791461915504e-12
 8.3269189671605e-12    7.5752614675727e-12     6.9989449792414e-12
 6.5752556961133e-12    6.2842320371802e-12     6.1086854767091e-12
 6.0340798118675e-12    6.0483342082068e-12     6.1415867004959e-12
 6.3059519598115e-12    6.5352711211473e-12     6.8249031293623e-12
 7.1715231818150e-12    7.5729438427853e-12     8.0279682359368e-12
 8.5362732939684e-12    9.0982963799315e-12     9.7151585974147e-12
 1.0388600282900e-11    1.1120911297632e-11     1.1914936772513e-11
 1.2773996064377e-11    1.3701909285502e-11     1.4702961077649e-11
 1.5781925116299e-11    1.6944046191503e-11
 7.3778225580105e-11    4.7956646335135e-11     3.2438691091675e-11
 2.2818144480615e-11    1.6654274216817e-11     1.2572819602482e-11
 9.7835405421445e-12    7.8221264667185e-12     6.4145988320787e-12
 5.4139682288794e-12    4.7838755370769e-12     4.6065538195422e-12
 5.0821542817649e-12    6.4848704500949e-12     9.0655538534516e-12
 1.2930828272200e-11    1.7953924141106e-11     2.3761564491195e-11
 2.9803219498857e-11    3.5471472399394e-11     4.0226493776897e-11
 4.3686191976214e-11    4.5665028751912e-11     4.6165176598910e-11
 4.5335847791553e-11    4.3419329914413e-11     4.0698631658571e-11
 3.7455602375943e-11    3.3942756987097e-11     3.0368120004599e-11
 2.6890380179319e-11    2.3621059886630e-11     2.0630700271386e-11
 1.7956759397411e-11    1.5611654393647e-11     1.3590039533491e-11
 1.1874894718592e-11    1.0442311767434e-11     9.2650681601334e-12
 8.3151497674162e-12    7.5654404170889e-12     6.9907603472248e-12
 6.5684405305443e-12    6.2785594617094e-12     6.1039638817797e-12
 6.0301482123099e-12    6.0450579289294e-12     6.1388534741726e-12
 6.3036684677585e-12    6.5333599743945e-12     6.8233002660662e-12
 7.1701756456040e-12    7.5718079014076e-12     8.0270077984803e-12
 8.5354585863988e-12    9.0976028416485e-12     9.7145659652252e-12
 1.0388091832765e-11    1.1120473218444e-11     1.1914557649845e-11
 1.2773666455458e-11    1.3701621369670e-11     1.4702708369078e-11
 1.5781702228039e-11    1.6943848641739e-11
 1.0069281117280e-10    6.3162814712010e-11     4.1328717339759e-11
 2.8197175988363e-11    2.0016545474587e-11     1.4737513177992e-11
 1.1213997159410e-11    8.7888631129488e-12     7.0804890302745e-12
 5.8798968424510e-12    5.1138373882027e-12     4.8417937318045e-12
 5.2493671699302e-12    6.6011893768712e-12     9.1418284682358e-12
 1.2973970296110e-11    1.7968652469566e-11     2.3751649210163e-11
 2.9772253047816e-11    3.5423219846446e-11     4.0164922711915e-11
 4.3615309970833e-11    4.5588649375764e-11     4.6086703077923e-11
 4.5258123394972e-11    4.3344569488664e-11     4.0628425678598e-11
 3.7390973734122e-11    3.3884248546185e-11     3.0315893985661e-11
 2.6844315633825e-11    2.3580839787960e-11     2.0595884125320e-11
 1.7926840386876e-11    1.5586102014034e-11     1.3568329688003e-11
 1.1856529609527e-11    1.0426831883942e-11     9.2520584118476e-12
 8.3042414721262e-12    7.5563104972197e-12     6.9831287662808e-12
 6.5620667257407e-12    6.2732383072513e-12     6.0995215454201e-12
 6.0264381391154e-12    6.0419570927023e-12     6.1362589711596e-12
 6.3014944824460e-12    6.5315351178872e-12     6.8217652694129e-12
 7.1688813801384e-12    7.5707136932304e-12     8.0260800027930e-12
 8.5346693882160e-12    9.0969292515508e-12     9.7139889816514e-12
 1.0387595745466e-11    1.1120045030865e-11     1.1914186601197e-11
 1.2773343626026e-11    1.3701339355354e-11     1.4702461013399e-11
 1.5781484401699e-11    1.6943656061480e-11
 1.3667653083794e-10    8.2655877200374e-11     5.2298347232331e-11
 3.4606583459133e-11    2.3894707297410e-11     1.7158806384209e-11
 1.2767778552122e-11    9.8098532683958e-12     7.7651121732622e-12
 6.3468735379207e-12    5.4367203640678e-12     5.0669586270845e-12
 5.4062823362979e-12    6.7085406369870e-12     9.2114063240675e-12
 1.3013304072980e-11    1.7982852917533e-11     2.3744655564904e-11
 2.9747585196027e-11    3.5384331262041e-11     4.0115269186297e-11
 4.3558254914284e-11    4.5527309328288e-11     4.6023805100892e-11
 4.5195911724846e-11    4.3284771283203e-11     4.0572268377369e-11
 3.7339238741878e-11    3.3837344871489e-11     3.0273938118277e-11
 2.6807207972324e-11    2.3548331876074e-11     2.0567634125530e-11
 1.7902456426266e-11    1.5565174371535e-11     1.3550453454718e-11
 1.1841319658852e-11    1.0413931916274e-11     9.2411456234092e-12
 8.2950281276383e-12    7.5485434153087e-12     6.9765874827476e-12
 6.5565608948749e-12    6.2686047371985e-12     6.0956211369630e-12
 6.0231529025896e-12    6.0391873490965e-12     6.1339207950334e-12
 6.2995174112330e-12    6.5298601304022e-12     6.8203430227834e-12
 7.1676706865058e-12    7.5696802136083e-12     8.0251951341154e-12
 8.5339093199083e-12    9.0962741692603e-12     9.7134223976215e-12
 1.0387103937138e-11    1.1119616571437e-11     1.1913811967955e-11
 1.2773014874189e-11    1.3701049846943e-11     1.4702205192190e-11
 1.5781257606708e-11    1.6943454372593e-11
 1.7757636944648e-10    1.0371847915333e-10     6.3639779461047e-11
 4.0979872580613e-11    2.7617833948016e-11     1.9409510808552e-11
 1.4169451886409e-11    1.0705487743900e-11     8.3502187099433e-12
 6.7364367560889e-12    5.7001586588314e-12     5.2470021485921e-12
 5.5295195885298e-12    6.7915586954076e-12     9.2645605874784e-12
 1.3043161729512e-11    1.7993821446204e-11     2.3740041123408e-11
 2.9730217754018e-11    3.5356865195298e-11     4.0080264415867e-11
 4.3518135510895e-11    4.5484276774496e-11     4.5979757075906e-11
 4.5152391955526e-11    4.3242956809281e-11     4.0532989028592e-11
 3.7303018671280e-11    3.3804455510115e-11     3.0244453810131e-11
 2.6781058250537e-11    2.3525346919475e-11     2.0547581964845e-11
 1.7885071854845e-11    1.5550180332566e-11     1.3537576064164e-11
 1.1830298123063e-11    1.0404524532353e-11     9.2331328942885e-12
 8.2882138381001e-12    7.5427543329472e-12     6.9716721858407e-12
 6.5523880940422e-12    6.2650613500638e-12     6.0926102922907e-12
 6.0205919886645e-12    6.0370061764133e-12     6.1320599118310e-12
 6.2979265888595e-12    6.5284970212856e-12     6.8191719848498e-12
 7.1666617626634e-12    7.5688082522369e-12     8.0244390355115e-12
 8.5332513937284e-12    9.0956995887554e-12     9.7129187375738e-12
 1.0386660783698e-11    1.1119225193396e-11     1.1913465040282e-11
 1.2772706245884e-11    1.3700774346368e-11     1.4701958464035e-11
 1.5781035975615e-11    1.6943254729226e-11
$ REC e  He [+1] (G)  He [+0] (G)
& ES GOTO CODE 2.3.13A #INTERP2D
 65 1.0e+00 1.0e+04  2
 30 1.0e+08 1.0e+16  2
 9.5321248881508e-12    8.5456509594616e-12     7.6431776933463e-12
 6.8137988200968e-12    6.0509033829090e-12     5.3520559559308e-12
 4.7179070365633e-12    4.1506724495134e-12     3.6538548238332e-12
 3.2354187052786e-12    2.9149617435395e-12     2.7310871235327e-12
 2.7413510181391e-12    3.0088845804172e-12     3.5778710447085e-12
 4.4486056348729e-12    5.5647967058813e-12     6.8196510956531e-12
 8.0779349826718e-12    9.2047094365390e-12     1.0090599856971e-11
 1.0667055096509e-11    1.0910037476373e-11     1.0834433618810e-11
 1.0483195697807e-11    9.9150994753459e-12     9.1938732950619e-12
 8.3800966325426e-12    7.5261642149734e-12     6.6739277971210e-12
 5.8543283231894e-12    5.0882991829889e-12     4.3883337848438e-12
 3.7602747713660e-12    3.2050418352454e-12     2.7201440064998e-12
 2.3009139727130e-12    1.9414600184063e-12     1.6353632290083e-12
 1.3761617060146e-12    1.1576664476108e-12     9.7415024646091e-13
 8.2044482224538e-13    6.9197448891124e-13     5.8474810108085e-13
 4.9532535828961e-13    4.2076893770810e-13     3.5859034093628e-13
 3.0669465022847e-13    2.6332743318768e-13     2.2702565527725e-13
 1.9657351646372e-13    1.7096350703155e-13     1.4936258699970e-13
 1.3108316412758e-13    1.1555842565721e-13     1.0232153123015e-13
 9.0988172329329e-14    8.1242028706169e-14     7.2822692113420e-14
 6.5515674070796e-14    5.9144162146907e-14     5.3562235208822e-14
 4.8649290523183e-14    4.4305473664520e-14
 9.6240578985387e-12    8.6148074788742e-12     7.6938923476386e-12
 6.8496320305870e-12    6.0749192172086e-12     5.3669749065211e-12
 4.7261340440880e-12    4.1542262509410e-12     3.6542006179723e-12
 3.2331097030927e-12    2.9089222808062e-12     2.7175071566545e-12
 2.7125562198607e-12    2.9529225905270e-12     3.4795083560984e-12
 4.2918518550448e-12    5.3363041427075e-12     6.5118766231943e-12
 7.6910512898692e-12    8.7467865264829e-12     9.5762078194521e-12
 1.0114873194748e-11    1.0340181911897e-11     1.0266092816932e-11
 9.9329176641796e-12    9.3958302771594e-12     8.7146679042462e-12
 7.9463311230012e-12    7.1400572554151e-12     6.3352031169521e-12
 5.5608934310289e-12    4.8368615385158e-12     4.1749143125466e-12
 3.5806066398650e-12    3.0548601078176e-12     2.5953811330121e-12
 2.1978196012963e-12    1.8566634678112e-12     1.5658948692436e-12
 1.3194466013314e-12    1.1115006276340e-12     9.3666726772712e-13
 7.9007802495122e-13    6.6741857386122e-13     5.6492231147446e-13
 4.7933958182006e-13    4.0789337102196e-13     3.4822891050205e-13
 2.9836210119809e-13    2.5662983286043e-13     2.2164397335773e-13
 1.9224991305728e-13    1.6748996152594e-13     1.4657152286949e-13
 1.2883975692603e-13    1.1375431791027e-13     1.0086971477851e-13
 8.9818833609470e-14    8.0299184310442e-14     7.2061470198710e-14
 6.4900121703911e-14    5.8645479644687e-14     5.3157356251842e-14
 4.8319741655024e-14    4.4036459109117e-14
 9.7351940142578e-12    8.6981554866463e-12     7.7548810549400e-12
 6.8927298009823e-12    6.1039524245632e-12     5.3852945280171e-12
 4.7366445673274e-12    4.1593168102256e-12     3.6555848925702e-12
 3.2314709077257e-12    2.9031800576970e-12     2.7036702598144e-12
 2.6825429489519e-12    2.8941280459114e-12     3.3758505667800e-12
 4.1264238975785e-12    5.0949523897305e-12     6.1865384273721e-12
 7.2817859135089e-12    8.2619899857738e-12     9.0311634470143e-12
 9.5292478322486e-12    9.7352149966786e-12     9.6620990988776e-12
 9.3474694694130e-12    8.8427275891818e-12     8.2036168810932e-12
 7.4831534319441e-12    6.7272291924070e-12     5.9725474302200e-12
 5.2462919908602e-12    4.5669050076855e-12     3.9454456357754e-12
 3.3871447860543e-12    2.8929092938153e-12     2.4606408140113e-12
 2.0863143846467e-12    1.7648121055270e-12     1.4905353843032e-12
 1.2578316252257e-12    1.0612739206480e-12     8.9582956637777e-13
 7.5694798937005e-13    6.4059273034535e-13     5.4323646571856e-13
 4.6183314735015e-13    3.9377733741007e-13     3.3685769404271e-13
 2.8920921434523e-13    2.4926712746166e-13     2.1572411768563e-13
 1.8749172487208e-13    1.6366621797804e-13     1.4349888828151e-13
 1.2637050136860e-13    1.1176953640185e-13     9.9273794718324e-14
 8.8534954194704e-14    7.9265664828357e-14     7.1228813600490e-14
 6.4228625607025e-14    5.8103309003539e-14     5.2718990666868e-14
 4.7964726015325e-14    4.3748399361900e-14
 9.8677452185254e-12    8.7974301205152e-12     7.8275907395297e-12
 6.9443663775684e-12    6.1391556233381e-12     5.4080501822504e-12
 4.7503386028683e-12    4.1666912063713e-12     3.6586005799827e-12
 3.2309653176880e-12    2.8981260725149e-12     2.6899979996744e-12
 2.6519195513945e-12    2.8335027997889e-12     3.2685273837680e-12
 3.9548004492028e-12    4.8442298263215e-12     5.8481968392580e-12
 6.8557179617773e-12    7.7567568214245e-12     8.4625208525043e-12
 8.9175678155891e-12    9.1025748580689e-12     9.0296830264252e-12
 8.7336661864131e-12    8.2620412343734e-12     7.6663130882500e-12
 6.9954593290411e-12    6.2918802599800e-12     5.5894977654343e-12
 4.9134506118124e-12    4.2808102243048e-12     3.7018315989555e-12
 3.1813851505363e-12    2.7203426275592e-12     2.3167930438624e-12
 1.9670377901270e-12    1.6663605378330e-12     1.4095933305132e-12
 1.1915117303128e-12    1.0070944061162e-12     8.5168007559961e-13
 7.2104993677279e-13    6.1145828082015e-13     5.1962878908213e-13
 4.4272951185059e-13    3.7833584761600e-13     3.2438796745133e-13
 2.7914696343143e-13    2.4115241761636e-13     2.0918296619658e-13
 1.8222066162085e-13    1.5941942295493e-13     1.4007753892243e-13
 1.2361399351131e-13    1.0954827932178e-13     9.7483318755548e-14
 8.7091106209743e-14    7.8100700612975e-14     7.0288226700744e-14
 6.3468578573279e-14    5.7488555956273e-14     5.2221199520039e-14
 4.7561125077394e-14    4.3420686713844e-14
 1.0023843435810e-11    8.9142882312092e-12     7.9133676582721e-12
 7.0056649320524e-12    6.1814645846085e-12     5.4360002070028e-12
 4.7678029764219e-12    4.1767793238223e-12     3.6635480649557e-12
 3.2318062117416e-12    2.8939520027728e-12     2.6767668183457e-12
 2.6212156979021e-12    2.7720704422085e-12     3.1593534765513e-12
 3.7798949918029e-12    4.5884022925304e-12     5.5026076721102e-12
 6.4200774062697e-12    7.2396194514823e-12     7.8798172494747e-12
 8.2900016963625e-12    8.4526672096016e-12     8.3791201148286e-12
 8.1013455315316e-12    7.6629400549077e-12     7.1111047728922e-12
 6.4906970647912e-12    5.8405390262287e-12     5.1916884373903e-12
 4.5671657831086e-12    3.9826110743088e-12     3.4474278052611e-12
 2.9660913204616e-12    2.5394150043356e-12     2.1656613628884e-12
 1.8414517106154e-12    1.5624704493145e-12     1.3239833892633e-12
 1.1212000189975e-12    9.4951193697831e-13     8.0463742403203e-13
 6.8269780207914e-13    5.8024627955815e-13     4.9426526595192e-13
 4.2214403788676e-13    3.6164528803673e-13     3.1086646744764e-13
 2.6819985469822e-13    2.3229383874116e-13     2.0201687496233e-13
 1.7642486591623e-13    1.5473224673612e-13     1.3628675454083e-13
 1.2054768067702e-13    1.0706730664188e-13     9.5475181421369e-14
 8.5464890098388e-14    7.6782977160804e-14     6.9219713579499e-14
 6.2601428168138e-14    5.6784156953291e-14     5.1648396791114e-14
 4.7094779832851e-14    4.3040512942064e-14
 1.0205223362447e-11    9.0498767112979e-12     8.0129356342592e-12
 7.0770323070589e-12    6.2310457944085e-12     5.4691362674827e-12
 4.7889159132781e-12    4.1894018533738e-12     3.6702381943761e-12
 3.2338383051487e-12    2.8905947210249e-12     2.6641137223011e-12
 2.5909690169749e-12    2.7110906888833e-12     3.0507411820975e-12
 3.6057476965310e-12    4.3335547302813e-12     5.1581528794802e-12
 5.9855587682467e-12    6.7233485883373e-12     7.2974520783724e-12
 7.6619973529605e-12    7.8013653766681e-12     7.7261233264296e-12
 7.4655679518671e-12    7.0594628896705e-12     6.5507687348889e-12
 5.9802582155106e-12    5.3831848589971e-12     4.7877313637413e-12
 4.2147749474143e-12    3.6784915955964e-12     3.1873983299993e-12
 2.7455419016229e-12    2.3536476350761e-12     2.0101268476329e-12
 1.7119014142603e-12    1.4550421410609e-12     1.2352387034903e-12
 1.0481282821399e-12    8.8951206320175e-13     7.5548672571379e-13
 6.4251411012414e-13    5.4744779054413e-13     4.6753101005077e-13
 4.0037673492068e-13    3.4393755641086e-13     2.9647080072115e-13
 2.5650242025159e-13    2.2279193044727e-13     1.9429972608692e-13
 1.7015746867348e-13    1.4964180818954e-13     1.3215142856948e-13
 1.1718724117228e-13    1.0433546030088e-13     9.3253254462530e-14
 8.3656658827693e-14    7.5310445747226e-14     6.8019672707806e-14
 6.1622655047459e-14    5.5985140444260e-14     5.0995491355575e-14
 4.6560708901049e-14    4.2603156474633e-14
 1.0413093227873e-11    9.2047041732223e-12     8.1263082654862e-12
 7.1581424713621e-12    6.2873641955410e-12     5.5068283510637e-12
 4.8130470510910e-12    4.2039972089821e-12     3.6782215059961e-12
 3.2367550569202e-12    2.8879424175840e-12     2.6522508389390e-12
 2.5619900861531e-12    2.6524407967540e-12     2.9462858951792e-12
 3.4384159206945e-12    4.0888879145441e-12     4.8276273466915e-12
 5.5686472113646e-12    6.2278205272618e-12     6.7380454087633e-12
 7.0580342443894e-12    7.1740247782558e-12     7.0959712523628e-12
 6.8507111374829e-12    6.4744484500702e-12     6.0061713590695e-12
 5.4827973216446e-12    4.9361853245456e-12     4.3917585738175e-12
 3.8683140844250e-12    3.3785848948416e-12     2.9301924560731e-12
 2.5267265868277e-12    2.1687859419263e-12     1.8548884416139e-12
 1.5822152263983e-12    1.3471858439207e-12     1.1458811662675e-12
 9.7433881075011e-13    8.2874752872540e-13     7.0556508956967e-13
 6.0158058800293e-13    5.1393803975836e-13     4.4013427382066e-13
 3.7800078783110e-13    3.2567650699156e-13     2.8157625732382e-13
 2.4435815844703e-13    2.1289196633123e-13     1.8622956191823e-13
 1.6357820570949e-13    1.4427679439367e-13     1.2777511004046e-13
 1.1361590435717e-13    1.0141957950723e-13     9.0871190684308e-14
 8.1709488109298e-14    7.3717726205766e-14     6.6715987784023e-14
 6.0554796025795e-14    5.5109813619193e-14     5.0277454506645e-14
 4.5971258187546e-14    4.2118898754859e-14
 1.0648867556531e-11    9.3793299458071e-12     8.2534459529421e-12
 7.2485610653454e-12    6.3497634972577e-12     5.5483431306689e-12
 4.8394973704386e-12    4.2199735960965e-12     3.6870519858013e-12
 3.2402794311293e-12    2.8859343456433e-12     2.6414676402192e-12
 2.5352143438364e-12    2.5982172175654e-12     2.8499785815939e-12
 3.2846524607954e-12    3.8647599744868e-12     4.5256296538698e-12
 5.1884560446479e-12    5.7765012564940e-12     6.2288337011717e-12
 6.5082097869444e-12    6.6025037300774e-12     6.5211372621958e-12
 6.2887962774410e-12    5.9385651653960e-12     5.5059419694011e-12
 5.0244440936099e-12    4.5229205327500e-12     4.0243290845451e-12
 3.5455885007738e-12    3.0981085452659e-12     2.6886681666542e-12
 2.3204038885256e-12    1.9937578769571e-12     1.7073047566890e-12
 1.4584252688991e-12    1.2438256408566e-12     1.0599183292580e-12
 9.0308708419822e-13    7.6986062138549e-13     6.5701729223694e-13
 5.6163977970761e-13    4.8113510149847e-13     4.1323167089702e-13
 3.5596212045223e-13    3.0763811899789e-13     2.6682148617429e-13
 2.3229446072091e-13    2.0303092289409e-13     1.7816962361709e-13
 1.5698995886103e-13    1.3889048621014e-13     1.2337016324021e-13
 1.1001215718954e-13    9.8470004973265e-14     8.8455871819170e-14
 7.9730651450661e-14    7.2095660849970e-14     6.5385701424162e-14
 5.9463281353637e-14    5.4213818127377e-14     4.9541663973818e-14
 4.5366819047126e-14    4.1622217307774e-14
 1.0917022952614e-11    9.5767081915535e-12     8.3961634794642e-12
 7.3492774657886e-12    6.4186729467393e-12     5.5937692083438e-12
 4.8681838980710e-12    4.2371928308775e-12     3.6966060730320e-12
 3.2443420668550e-12    2.8845908806372e-12     2.6319414730928e-12
 2.5111167756628e-12    2.5494439652114e-12     2.7637711511021e-12
 3.1478254394464e-12    3.6664964697282e-12     4.2599523264575e-12
 4.8556310005412e-12    5.3830775450332e-12     5.7864930867950e-12
 6.0318981349406e-12    6.1083802109073e-12     6.0247682857999e-12
 5.8038366796666e-12    5.4759927495166e-12     5.0737872002372e-12
 4.6278934309501e-12    4.1646576771677e-12     3.7049945361287e-12
 3.2642673430639e-12    2.8527875711258e-12     2.4766300489741e-12
 2.1385457749800e-12    1.8388346713579e-12     1.5761046897416e-12
 1.3478886913473e-12    1.1511187120109e-12     9.8247250102998e-13
 8.3861378628065e-13    7.1634881789220e-13     6.1271989668332e-13
 5.2505342633423e-13    4.5097653183668e-13     3.8841300779771e-13
 3.3556654364804e-13    2.9089689158397e-13     2.5309287316516e-13
 2.2104479476389e-13    1.9381787882848e-13     1.7062763869025e-13
 1.5081765996398e-13    1.3383994478704e-13     1.1923778153192e-13
 1.0663098808793e-13    9.5703316152657e-14     8.6191778866722e-14
 7.7877661613006e-14    7.0578986866724e-14     6.4144222522159e-14
 5.8447045099064e-14    5.3381992074968e-14     4.8860859733063e-14
 4.4809723468639e-14    4.1166476031545e-14
 1.1229193436056e-11    9.8052417723306e-12     8.5603892786112e-12
 7.4643577081741e-12    6.4967988530809e-12     5.6448603101927e-12
 4.9002235384917e-12    4.2563643782890e-12     3.7073389315177e-12
 3.2492322089055e-12    2.8840635691425e-12     2.6236467748763e-12
 2.4893737053104e-12    2.5052939324529e-12     2.6860721301196e-12
 3.0253290950862e-12    3.4903266593990e-12     4.0256852790143e-12
 4.5643592632491e-12    5.0412597509625e-12     5.4048025295632e-12
 5.6235176606322e-12    5.6872168536812e-12     5.6039424235930e-12
 5.3946291399627e-12    5.0872802296589e-12     4.7118953956296e-12
 4.2967514122930e-12    3.8661327725155e-12     3.4393065041037e-12
 3.0304090993001e-12    2.6489075589309e-12     2.3003538229820e-12
 1.9872301994948e-12    1.7097579238388e-12     1.4666003838609e-12
 1.2554343528713e-12    1.0733888122684e-12     9.1736517249373e-13
 7.8425884350791e-13    6.7110313765618e-13     5.7515477552324e-13
 4.9393731464143e-13    4.2525556062834e-13     3.6719096181550e-13
 3.1808536153127e-13    2.7651835552170e-13     2.4128185333632e-13
 2.1135420907488e-13    1.8587539220064e-13     1.6412403960865e-13
 1.4549680073800e-13    1.2949010513570e-13     1.1568430470952e-13
 1.0373003904638e-13    9.3336618108605e-14     8.4262195273281e-14
 7.6305503007613e-14    6.9298935117994e-14     6.3102777834387e-14
 5.7600413279949e-14    5.2694340774032e-14     4.8302882501560e-14
 4.4357459551081e-14    4.0800341803104e-14
 1.1604523496720e-11    1.0078635414241e-11     8.7557452426282e-12
 7.6003966020672e-12    6.5885423001975e-12     5.7044768726442e-12
 4.9374323111737e-12    4.2786186564842e-12     3.7199372599940e-12
 3.2553327270710e-12    2.8844655466077e-12     2.6163242780857e-12
 2.4690658353850e-12    2.4636827665809e-12     2.6129345314593e-12
 2.9105679275709e-12    3.3262988867291e-12     3.8090688194301e-12
 4.2970062215921e-12    4.7298982661974e-12     5.0598332629274e-12
 5.2573527564119e-12    5.3126104977752e-12     5.2326326454302e-12
 5.0364406844361e-12    4.7496941968455e-12     4.4000015892858e-12
 4.0134634144929e-12    3.6125484530722e-12     3.2151200102299e-12
 2.8343100682381e-12    2.4789306187549e-12     2.1541624948456e-12
 1.8623334028812e-12    1.6036654033161e-12     1.3769271023792e-12
 1.1799647620789e-12    1.0101111601085e-12     8.6448448771920e-13
 7.4019550901518e-13    6.3448231993299e-13     5.4479056365373e-13
 4.6881428038069e-13    4.0450957102039e-13     3.5009042233114e-13
 3.0401359806056e-13    2.6495751641163e-13     2.3179849222814e-13
 2.0358656645643e-13    1.7952230577497e-13     1.5893536376628e-13
 1.4126519116802e-13    1.2604401698603e-13     1.1288205544469e-13
 1.0145479594772e-13    9.1492182326945e-14     8.2769467596562e-14
 7.5099529867488e-14    6.8326446136190e-14     6.2320138028234e-14
 5.6971923744519e-14    5.2190831199657e-14     4.7900547307550e-14
 4.4036896792202e-14    4.0545760423028e-14
 1.2065543158751e-11    1.0412328961805e-11     8.9925180107323e-12
 7.7639855168585e-12    6.6979149842638e-12     5.7748991457395e-12
 4.9809835314596e-12    4.3044581338797e-12     3.7345155702501e-12
 3.2625284906258e-12    2.8854939969010e-12     2.6093877002113e-12
 2.4490465172277e-12    2.4224091126863e-12     2.5404004054613e-12
 2.7969994119459e-12    3.1644773624105e-12     3.5961539719986e-12
 4.0353198779844e-12    4.4265511462994e-12     4.7254597817485e-12
 4.9044144326042e-12    4.9537212644528e-12     4.8792223458875e-12
 4.6978984844583e-12    4.4329879045390e-12     4.1096799743824e-12
 3.7519149850680e-12    3.3803955842854e-12     3.0116531572643e-12
 2.6578983776540e-12    2.3273737431969e-12     2.0249699902133e-12
 1.7529322189750e-12    1.5115438335164e-12     1.2997268696232e-12
 1.1155333320301e-12    9.5652520220292e-13     8.2005353938360e-13
 7.0345290764635e-13    6.0416864149157e-13     5.1983327988100e-13
 4.4830614494928e-13    3.8768734338861e-13     3.3631488838309e-13
 2.9275139588310e-13    2.5576497491740e-13     2.2430749886059e-13
 1.9749236554615e-13    1.7457306685339e-13     1.5492333139352e-13
 1.3801922194578e-13    1.2342331663385e-13     1.1077094322514e-13
 9.9758341489568e-14    9.0132578588329e-14     8.1683021887885e-14
 7.4234171719225e-14    6.7639665973877e-14     6.1777283994083e-14
 5.6544795624585e-14    5.1856520401879e-14     4.7640480350471e-14
 4.3836046975504e-14    4.0391998423837e-14
 1.2635347205746e-11    1.0821029770138e-11     9.2795229476523e-12
 7.9598936927178e-12    6.8270274812381e-12     5.8566076461277e-12
 5.0304553861751e-12    4.3330367814980e-12     3.7500879715304e-12
 3.2698370177651e-12    2.8862076087496e-12     2.6018788653861e-12
 2.4281735511857e-12    2.3798500912504e-12     2.4659364232034e-12
 2.6806495474630e-12    2.9988891175803e-12     3.3784788865315e-12
 3.7680214827701e-12    4.1170214266981e-12     4.3847138123093e-12
 4.5453361335272e-12    4.5893285959060e-12     4.5212809191133e-12
 4.3560328425855e-12    4.1142883557546e-12     3.8187095734652e-12
 3.4909851684474e-12    3.1499837683098e-12     2.8108621008489e-12
 2.4848900046291e-12    2.1797400665832e-12     1.9000266258482e-12
 1.6479350442858e-12    1.4238377820007e-12     1.2268394396906e-12
 1.0552258598403e-12    9.0681369200005e-13     7.7920882923059e-13
 6.6998778134803e-13    5.7681750690236e-13     4.9752836649348e-13
 4.3015286228246e-13    3.7294046049108e-13     3.2435649138175e-13
 2.8307109676294e-13    2.4794252643408e-13     2.1799777210179e-13
 1.9241253205724e-13    1.7049176920959e-13     1.5165160473324e-13
 1.3540293028963e-13    1.2133688218348e-13     1.0911216789100e-13
 9.8444143557037e-14    8.9095491187877e-14     8.0868322357570e-14
 7.3597531300056e-14    6.7145227268993e-14     6.1396089225667e-14
 5.6253502063951e-14    5.1636350628236e-14     4.7476364442237e-14
 4.3715921587004e-14    4.0306234172993e-14
 1.3337674054861e-11    1.1318242780394e-11     9.6233525757736e-12
 8.1902358032497e-12    6.9753191246208e-12     5.9476607523646e-12
 5.0833878328018e-12    4.3618869573455e-12     3.7644328532609e-12
 3.2753725679540e-12    2.8850572467422e-12     2.5925449172156e-12
 2.4054304892553e-12    2.3351457035713e-12     2.3887249052548e-12
 2.5605795006843e-12    2.8282578139281e-12     3.1541759064934e-12
 3.4923936372746e-12    3.7975201461139e-12     4.0325872490951e-12
 4.1738415718900e-12    4.2119439355506e-12     4.1502578100094e-12
 4.0014529809898e-12    3.7836289879761e-12     3.5168261540914e-12
 3.2203789876104e-12    2.9112245983658e-12     2.6030613387455e-12
 2.3061527675852e-12    2.0275554186535e-12     1.7715789982961e-12
 1.5403359972069e-12    1.3342865207019e-12     1.1527246773685e-12
 9.9418245112216e-13    8.5674637594812e-13     7.3829344964941e-13
 6.3665814197367e-13    5.4974394556756e-13     4.7559236678623e-13
 4.1242061454218e-13    3.5863721973386e-13     3.1284280923233e-13
 2.7382146969018e-13    2.4052664760986e-13     2.1206435092786e-13
 1.8767551504367e-13    1.6671872880538e-13     1.4865403698259e-13
 1.3302820225882e-13    1.1946158517571e-13     1.0763665533967e-13
 9.7288058508105e-14    8.8194114574917e-14     8.0169598176810e-14
 7.3059647440917e-14    6.6734650788354e-14     6.1085972218993e-14
 5.6022389109237e-14    5.1467131275540e-14     4.7355424647761e-14
 4.3632456611978e-14    4.0251692540372e-14
 1.4196478029980e-11    1.1915161332570e-11     1.0027018440577e-11
 8.4531776776678e-12    7.1385297262370e-12     6.0430219870635e-12
 5.1349576142367e-12    4.3868721243775e-12     3.7742307808051e-12
 3.2765823061872e-12    2.8801494498330e-12     2.5800694180386e-12
 2.3800637786153e-12    2.2881660680290e-12     2.3093671625131e-12
 2.4382230332880e-12    2.6548868250881e-12     2.9263505071682e-12
 3.2121624424437e-12    3.4721213676160e-12     3.6731827231121e-12
 3.7937467426953e-12    3.8248294106617e-12     3.7686704490451e-12
 3.6358281267795e-12    3.4418104917089e-12     3.2040103162913e-12
 2.9393547727526e-12    2.6627812832719e-12     2.3864577068086e-12
 2.1195736138972e-12    1.8685114943635e-12     1.6372307000185e-12
 1.4277378126912e-12    1.2405592118605e-12     1.0751669942393e-12
 9.3033549901587e-13    8.0442300813783e-13     6.9558328991548e-13
 6.0191672255261e-13    5.2157239236819e-13     4.5281227254383e-13
 3.9404728570714e-13    3.4385336297508e-13     3.0097389912375e-13
 2.6431345735685e-13    2.3292627681026e-13     2.0600209520789e-13
 1.8285099750079e-13    1.6288840367215e-13     1.4562087634579e-13
 1.3063312494882e-13    1.1757637630165e-13     1.0615814607799e-13
 9.6133361265433e-14    8.7296735204321e-14     7.9476272535240e-14
 7.2527773143292e-14    6.6330206034282e-14     6.0781831897585e-14
 5.5796964101222e-14    5.1303270162780e-14     4.7239528157356e-14
 4.3553764339509e-14    4.0201709078727e-14
 1.5236316393375e-11    1.2620077036113e-11     1.0489159711034e-11
 8.7424869475840e-12    7.3088714296585e-12     6.1353765263412e-12
 5.1792829825938e-12    4.4037526836040e-12     3.7766834948191e-12
 3.2717734042487e-12    2.8706023410940e-12     2.5642229349124e-12
 2.3525093413918e-12    2.2401820854471e-12     2.2302342523384e-12
 2.3173188874022e-12    2.4840555267941e-12     2.7018314494921e-12
 2.9355277553667e-12    3.1500557373962e-12     3.3163180317492e-12
 3.4149811306515e-12    3.4375842650015e-12     3.3854265817923e-12
 3.2671186330683e-12    3.0956994832135e-12     2.8859872040032e-12
 2.6525273361254e-12    2.4082454174211e-12     2.1637407013661e-12
 1.9270764874708e-12    1.7039045087341e-12     1.4977796449453e-12
 1.3105553795804e-12    1.1427861774463e-12     9.9409333893109e-13
 8.6347349863081e-13    7.4954407829524e-13     6.5072896121247e-13
 5.6539224921439e-13    4.9192958540922e-13     4.2882642294016e-13
 3.7469160256895e-13    3.2827321528011e-13     2.8846229314282e-13
 2.5428856271327e-13    2.2491138446645e-13     1.9960810587645e-13
 1.7776136067479e-13    1.5884632476669e-13     1.4241855843747e-13
 1.2810279459849e-13    1.1558284710521e-13     1.0459269005289e-13
 9.4908680878248e-14    8.6342853884454e-14     7.8737186457979e-14
 7.1958730495673e-14    6.5895501170505e-14     6.0453020455632e-14
 5.5551421271560e-14    5.1123028012666e-14     4.7110339439063e-14
 4.3464349812511e-14    4.0143153309915e-14
 1.6481230484637e-11    1.3436204273712e-11     1.1002456293906e-11
 9.0473981093663e-12    7.4764876099883e-12     6.2178048549791e-12
 5.2127180668461e-12    4.4115599685156e-12     3.7726113740386e-12
 3.2627678217354e-12    2.8587231803548e-12     2.5475920951401e-12
 2.3257121470636e-12    2.1947945278916e-12     2.1559969825574e-12
 2.2040160121048e-12    2.3236767517833e-12     2.4903789103090e-12
 2.6739518621283e-12    2.8441397270317e-12     2.9756761071223e-12
 3.0515449419143e-12    3.0639897376748e-12     3.0136228039730e-12
 2.9073767429353e-12    2.7560638518609e-12     2.5721163535293e-12
 2.3678243865747e-12    2.1541682414445e-12     1.9401959208040e-12
 1.7328257853905e-12    1.5369372577307e-12     1.3556275335446e-12
 1.1905406946001e-12    1.0422057531733e-12     9.1034593401039e-13
 7.9414079028647e-13    6.9243573896951e-13     6.0390135305593e-13
 5.2714877184751e-13    4.6080907398711e-13     4.0358445066749e-13
 3.5427821109501e-13    3.1180951569508e-13     2.7521754245185e-13
 2.4365869661479e-13    2.1639953964104e-13     1.9280735632783e-13
 1.7233968935471e-13    1.5453372564301e-13     1.3899609288794e-13
 1.2539339234999e-13    1.1344363298796e-13     1.0290862440564e-13
 9.3587316921721e-14    8.5310035368725e-14     7.7933530434045e-14
 7.1336761323647e-14    6.5417321778186e-14     6.0088424834159e-14
 5.5276368019038e-14    5.0918408405868e-14     4.6960985142997e-14
 4.3358235129555e-14    4.0070755031873e-14
 1.7933697748668e-11    1.4346895996538e-11     1.1545566432646e-11
 9.3504032255449e-12    7.6312608718531e-12     6.2875316338865e-12
 5.2379004676192e-12    4.4160146649653e-12     3.7689306016039e-12
 3.2564872864897e-12    2.8508807034845e-12     2.5359044830148e-12
 2.3049880819518e-12    2.1573263347460e-12     2.0924786907369e-12
 2.1051015374347e-12    2.1818494645947e-12     2.3015821409112e-12
 2.4385058204910e-12    2.5667468744198e-12     2.6646222470666e-12
 2.7174037656945e-12    2.7181906456527e-12     2.6671767147324e-12
 2.5699342905085e-12    2.4353602120999e-12     2.2737687128124e-12
 2.0954003467514e-12    1.9094300560551e-12     1.7234344310514e-12
 1.5432176655155e-12    1.3728812109514e-12     1.2150344990332e-12
 1.0710678928427e-12    9.4143430494847e-13     8.2590757316121e-13
 7.2380191014836e-13    6.3414768094118e-13     5.5582531278283e-13
 4.8766255209558e-13    4.2850156249869e-13     3.7724237834163e-13
 3.3286857386723e-13    2.9446007077932e-13     2.6119702024379e-13
 2.3235778465893e-13    2.0731326589339e-13     1.8551919480878e-13
 1.6650750377452e-13    1.4987753131001e-13     1.3528753438994e-13
 1.2244678867061e-13    1.1110842111562e-13     1.0106302851693e-13
 9.2133076583806e-14    8.4168038570595e-14     7.7040212616518e-14
 7.0641147952729e-14    6.4878608143977e-14     5.9674001905017e-14
 5.4960216941203e-14    5.0679798449410e-14     4.6783420530613e-14
 4.3228605337755e-14    3.9978650934510e-14
 1.9563947336630e-11    1.5317561931645e-11     1.2094408189202e-11
 9.6429907989814e-12    7.7782342370558e-12     6.3579949999933e-12
 5.2715507259769e-12    4.4335924992820e-12     3.7800781875556e-12
 3.2647839948694e-12    2.8564982805236e-12     2.5366302967146e-12
 2.2964372101370e-12    2.1330949348071e-12     2.0447575732614e-12
 2.0258870817515e-12    2.0645012265980e-12     2.1422608970284e-12
 2.2370601912240e-12    2.3268363270441e-12     2.3931286562253e-12
 2.4233722587683e-12    2.4116047246987e-12     2.3578310694791e-12
 2.2665716327660e-12    2.1451347145104e-12     2.0020185314646e-12
 1.8456654194171e-12    1.6836353419665e-12     1.5221634356085e-12
 1.3660164929966e-12    1.2185518731626e-12     1.0818931391213e-12
 9.5715684730562e-13    8.4468609889569e-13     7.4426451429240e-13
 6.5529776298919e-13    5.7695882464620e-13     5.0829855591191e-13
 4.4832592833340e-13    3.9606333843856e-13     3.5058239075014e-13
 3.1102500254580e-13    2.7661389824198e-13     2.4665574286638e-13
 2.2053941065419e-13    1.9773124165981e-13     1.7776861789635e-13
 1.6025278395722e-13    1.4484153001288e-13     1.3124212963546e-13
 1.1920476400526e-13    1.0851655211829e-13     9.8996231593710e-14
 9.0489486090658e-14    8.2864885808938e-14     7.6010391102649e-14
 6.9830361671563e-14    6.4243012043753e-14     5.9178255919432e-14
 5.4575885920340e-14    5.0384040349640e-14     4.6557913992379e-14
 4.3058675423470e-14    3.9852558375289e-14
 2.1386041785848e-11    1.6366374792254e-11     1.2682162699692e-11
 9.9698696501957e-12    7.9650707284954e-12     6.4725807436972e-12
 5.3491671658925e-12    4.4913644112774e-12     3.8258128801678e-12
 3.3017351164864e-12    2.8855081298700e-12     2.5567788488006e-12
 2.3050363464704e-12    2.1256726824203e-12     2.0154629788723e-12
 1.9684419273468e-12    1.9735031617670e-12     2.0144458833350e-12
 2.0721405496174e-12    2.1277049334171e-12     2.1654459227255e-12
 2.1747236557959e-12    2.1504840625344e-12     2.0926788793267e-12
 2.0050198344081e-12    1.8935207329010e-12     1.7651617248752e-12
 1.6268564026298e-12    1.4847725354158e-12     1.3439732515888e-12
 1.2083055364971e-12    1.0804547439144e-12     9.6209372749127e-13
 8.5407244193778e-13    7.5661167521230e-13     6.6947958170751e-13
 5.9214078878719e-13    5.2387523613123e-13     4.6386827536170e-13
 4.1127577661633e-13    3.6526877976783e-13     3.2506218173288e-13
 2.8993146637770e-13    2.5922082222549e-13     2.3234530971029e-13
 2.0878911553017e-13    1.8810140177442e-13     1.6989082975642e-13
 1.5381950614722e-13    1.3959684879356e-13     1.2697368645369e-13
 1.1573677636566e-13    1.0570383319304e-13     9.6719102542738e-14
 8.8649473339241e-14    8.1381099824413e-14     7.4816490984389e-14
 6.8872019357324e-14    6.3475799974224e-14     5.8565891846657e-14
 5.4088777749886e-14    4.9998082242941e-14     4.6253492326737e-14
 4.2819849626181e-14    3.9666387163966e-14
 2.3580430213217e-11    1.7648820275173e-11     1.3445288911372e-11
 1.0443730699653e-11    8.2777656189079e-12     6.6924981506540e-12
 5.5121060705191e-12    4.6163302798124e-12     3.9234223792914e-12
 3.3783075051170e-12    2.9448114886884e-12     2.6005696956626e-12
 2.3330935338578e-12    2.1358329828103e-12     2.0040064873129e-12
 1.9309394958748e-12    1.9059706444474e-12     1.9144757282708e-12
 1.9396792764865e-12    1.9652891419574e-12     1.9779033022358e-12
 1.9684951150545e-12    1.9327842239193e-12     1.8706922891752e-12
 1.7852643936420e-12    1.6814347533476e-12     1.5649106960461e-12
 1.4413190601032e-12    1.3156515496601e-12     1.1919772608592e-12
 1.0733591263328e-12    9.6190566813512e-13     8.5889864411528e-13
 7.6495202017439e-13    6.8017269406246e-13     6.0430586106867e-13
 5.3685703267532e-13    4.7718872026978e-13     4.2459329861214e-13
 3.7834530200774e-13    3.3773698793649e-13     3.0210091384386e-13
 2.7082283969383e-13    2.4334770393785e-13     2.1918084695268e-13
 1.9788613758891e-13    1.7908222167425e-13     1.6243776079316e-13
 1.4766625874499e-13    1.3452087009238e-13     1.2278943733785e-13
 1.1228989858072e-13    1.0286613533752e-13     9.4384282337792e-14
 8.6729490546177e-14    7.9803116435698e-14     7.3520300736009e-14
 6.7807895713851e-14    6.2602699524006e-14     5.7849957865243e-14
 5.3502096139797e-14    4.9517648907615e-14     4.5860357175636e-14
 4.2498407802871e-14    3.9403792762383e-14
 2.6528271672675e-11    1.9442041236489e-11     1.4578544063470e-11
 1.1193418954575e-11    8.7962919292474e-12     7.0645866089209e-12
 5.7863965175624e-12    4.8221982151282e-12     4.0796394012530e-12
 3.4974131138713e-12    3.0352513783872e-12     2.6676614560660e-12
 2.3794404419105e-12    2.1616372479888e-12     2.0076016743753e-12
 1.9096592092385e-12    1.8572365771021e-12     1.8368344281053e-12
 1.8335133542587e-12    1.8330514684693e-12     1.8238873657728e-12
 1.7982800736947e-12    1.7525422148827e-12     1.6865259575153e-12
 1.6026850760775e-12    1.5050276185461e-12     1.3981824108454e-12
 1.2866933705269e-12    1.1745667671654e-12     1.0650412794288e-12
 9.6052613033881e-13    8.6264939323658e-13     7.7236702869551e-13
 6.9009598955797e-13    6.1584735036786e-13     5.4934576768736e-13
 4.9012906766825e-13    4.3762662827186e-13     3.9121802651710e-13
 3.5027477614798e-13    3.1418839992364e-13     2.8238796299711e-13
 2.5434980737501e-13    2.2960174390548e-13     2.0772347592671e-13
 1.8834459749120e-13    1.7114114865053e-13     1.5583142293736e-13
 1.4217150141852e-13    1.2995082322388e-13     1.1898798336039e-13
 1.0912686484324e-13    1.0023315486809e-13     9.2191257084322e-14
 8.4901588312319e-14    7.8278234181683e-14     7.2246930999000e-14
 6.6743338416729e-14    6.1711567572658e-14     5.7102931156605e-14
 5.2874884584065e-14    4.8990130612217e-14     4.5415862954374e-14
 4.2123127612889e-14    3.9086283550246e-14
 3.0736456982881e-11    2.2049605320192e-11     1.6253520255925e-11
 1.2308549034278e-11    9.5627039242757e-12     7.6053008576739e-12
 6.1758002329877e-12    5.1070851439205e-12     4.2905304876468e-12
 3.6547581372495e-12    3.1528607612410e-12     2.7545901487824e-12
 2.4410442112421e-12    2.2003077814096e-12     2.0235298159039e-12
 1.9017738517399e-12    1.8242513943208e-12     1.7781971053166e-12
 1.7500460763746e-12    1.7271722510853e-12     1.6994358825323e-12
 1.6600713754389e-12    1.6058077852062e-12     1.5363817375938e-12
 1.4537165002719e-12    1.3610281140403e-12     1.2620402399734e-12
 1.1603974747249e-12    1.0592935479880e-12     9.6128608482324e-13
 8.6825050071428e-13    7.8142400170118e-13     7.0149840571467e-13
 6.2873151179318e-13    5.6305739337559e-13     5.0418461393686e-13
 4.5167753566856e-13    4.0501986058411e-13     3.6366179467913e-13
 3.2705328486351e-13    2.9466607654928e-13     2.6600720727632e-13
 2.4062620873116e-13    2.1811787537161e-13     1.9812205136236e-13
 1.8032152772959e-13    1.6443884318988e-13     1.5023254569759e-13
 1.3749329121286e-13    1.2604002247847e-13     1.1571637439719e-13
 1.0638738540832e-13    9.7936548712390e-14     9.0263207596120e-14
 8.3280280792769e-14    7.6912293391592e-14     7.1093683726140e-14
 6.5767355076077e-14    6.0883441619834e-14     5.6398259956488e-14
 5.2273420072166e-14    4.8475072458804e-14     4.4973270920123e-14
 4.1741433323079e-14    3.8755885025291e-14
 3.6817409717380e-11    2.5787574373698e-11     1.8625735862427e-11
 1.3861361333914e-11    1.0608275535808e-11     8.3269639033569e-12
 6.6845358460697e-12    5.4721397270620e-12     4.5563375430367e-12
 3.8504933490010e-12    3.2979173591045e-12     2.8617310025132e-12
 2.5182530997673e-12    2.2520071189262e-12     2.0515986167912e-12
 1.9065718751135e-12    1.8056424635352e-12     1.7364321571742e-12
 1.6863518973288e-12    1.6439696119753e-12     1.6002174704589e-12
 1.5490487502519e-12    1.4874632685742e-12     1.4150423762357e-12
 1.3332247106048e-12    1.2445385573229e-12     1.1519379324961e-12
 1.0583122852804e-12    9.6617933257891e-13     8.7753453039122e-13
 7.9381600248294e-13    7.1594336902705e-13     6.4439597345878e-13
 5.7930549135368e-13    5.2054688886616e-13     4.6781887678266e-13
 4.2071009043150e-13    3.7875045860283e-13     3.4144903342881e-13
 3.0832038210549e-13    2.7890185236175e-13     2.5276388913087e-13
 2.2951528040880e-13    2.0880485881788e-13     1.9032084494707e-13
 1.7378871973730e-13    1.5896826686486e-13     1.4565023201077e-13
 1.3365289840451e-13    1.2281876931398e-13     1.1301147034961e-13
 1.0411293042056e-13    9.6020863831693e-14     8.8646552627968e-14
 8.1912914054277e-14    7.5752830114054e-14     7.0107712605327e-14
 6.4926276178651e-14    6.0163492849008e-14     5.5779703262253e-14
 5.1739862379001e-14    4.8012899772333e-14     4.4571177224360e-14
 4.1390028664957e-14    3.8447369623486e-14
 4.5762621533110e-11    3.1188646901432e-11     2.1989895958688e-11
 1.6022322131463e-11    1.2037318982839e-11     9.2973482827356e-12
 7.3591049134495e-12    5.9506801148734e-12     4.9016702936137e-12
 4.1031398028930e-12    3.4844763989582e-12     2.9997136305509e-12
 2.6189270542811e-12    2.3221999776575e-12     2.0950440402680e-12
 1.9250953905629e-12    1.8002458798265e-12     1.7081906269525e-12
 1.6370092324396e-12    1.5761782109930e-12     1.5174595977524e-12
 1.4553432718102e-12    1.3869835123715e-12     1.3117521343806e-12
 1.2305999144178e-12    1.1454009182986e-12     1.0583955167544e-12
 9.7178420711966e-13    8.8747579172368e-13     8.0696534042476e-13
 7.3130661473915e-13    6.6114425786791e-13     5.9677740032846e-13
 5.3823437353619e-13    4.8534566437072e-13     4.3780810349220e-13
 3.9523738316443e-13    3.5720858052612e-13     3.2328578713511e-13
 2.9304258327276e-13    2.6607524244748e-13     2.4201042740403e-13
 2.2050888798925e-13    2.0126638293368e-13     1.8401277121587e-13
 1.6850997768652e-13    1.5454933987409e-13     1.4194868772737e-13
 1.3054939046433e-13    1.2021351830672e-13     1.1082120524419e-13
 1.0226825631569e-13    9.4464014323240e-14     8.7329482622297e-14
 8.0795689622534e-14    7.4802274642322e-14     6.9296272154761e-14
 6.4231071035549e-14    5.9565526340472e-14     5.5263202816481e-14
 5.1291731396267e-14    4.7622262085283e-14     4.4228998756080e-14
 4.1088803342982e-14    3.8180858713140e-14
 5.9459238310090e-11    3.9307697400404e-11     2.6959453489928e-11
 1.9163304318359e-11    1.4084320981342e-11     1.0669467295137e-11
 8.3021664499032e-12    6.6130566732305e-12     5.3754819311534e-12
 4.4471086716336e-12    3.7368418095883e-12     3.1856418180417e-12
 2.7548553112401e-12    2.4185374480569e-12     2.1580700461419e-12
 1.9584913185897e-12    1.8063971303493e-12     1.6892181939922e-12
 1.5954464812168e-12    1.5152608703949e-12     1.4410812879047e-12
 1.3677905832433e-12    1.2925811299302e-12     1.2145260715420e-12
 1.1340253367995e-12    1.0522591774346e-12     9.7073402256203e-13
 8.9095571054541e-13    8.1422840296525e-13     7.4155703462482e-13
 6.7362408284959e-13    6.1081286148949e-13     5.5325504599857e-13
 5.0088667185033e-13    4.5350273338644e-13     4.1080506836949e-13
 3.7244136562808e-13    3.3803509351734e-13     3.0720721680245e-13
 2.7959103925594e-13    2.5484160900288e-13     2.3264102140461e-13
 2.1270075916875e-13    1.9476198855565e-13     1.7859452044420e-13
 1.6399496277103e-13    1.5078444178861e-13     1.3880615304988e-13
 1.2792291486493e-13    1.1801483237384e-13     1.0897713438227e-13
 1.0071821334360e-13    9.3157877658559e-14     8.6225811951045e-14
 7.9860232899717e-14    7.4006723865835e-14     6.8617229748783e-14
 6.3649193312740e-14    5.9064815036744e-14     5.4830419909497e-14
 5.0915916224830e-14    4.7294333142188e-14     4.3941425436371e-14
 4.0835335412697e-14    3.7956303364920e-14
 8.0885964627235e-11    5.1732446343496e-11     3.4409625157282e-11
 2.3782726313573e-11    1.7041252820777e-11     1.2618129644857e-11
 9.6198884213111e-12    7.5241532195777e-12     6.0173347028738e-12
 4.9062305933238e-12    4.0689966732895e-12     3.4272967631701e-12
 2.9298680302828e-12    2.5422685239136e-12     2.2401669231425e-12
 2.0049906563631e-12    1.8213913933507e-12     1.6761092009526e-12
 1.5577472173833e-12    1.4569516458624e-12     1.3666026138596e-12
 1.2818065342460e-12    1.1996531673736e-12     1.1188072488549e-12
 1.0390392248805e-12    9.6078503998860e-13     8.8478958765494e-13
 8.1185320494079e-13    7.4267547054174e-13     6.7777731874860e-13
 6.1747862674423e-13    5.6191032272575e-13     5.1104454705938e-13
 4.6473137651704e-13    4.2273497244843e-13     3.8476532507767e-13
 3.5050402845672e-13    3.1962391482254e-13     2.9180313274913e-13
 2.6673458322728e-13    2.4413169753168e-13     2.2373146971628e-13
 2.0529552140922e-13    1.8860982413152e-13     1.7348355973725e-13
 1.5974747453021e-13    1.4725198052953e-13     1.3586517788976e-13
 1.2547091245428e-13    1.1596693862047e-13     1.0726322662386e-13
 9.9280431994789e-14    9.1948530782695e-14     8.5205615213826e-14
 7.8996839211086e-14    7.3273500488015e-14     6.7992244919582e-14
 6.3114378965313e-14    5.8605276648001e-14     5.4433868680241e-14
 5.0572202577128e-14    4.6995063869096e-14     4.3679649753283e-14
 4.0605287655632e-14    3.7753192197157e-14
 1.1323807695502e-10    6.9902697644948e-11     4.4988211591891e-11
 3.0164396899319e-11    2.1021904794552e-11     1.5177321628182e-11
 1.1309544398711e-11    8.6655597001351e-12     6.8034913952639e-12
 5.4564737654351e-12    4.4589318843277e-12     3.7056224866615e-12
 3.1281133595010e-12    2.6807025289002e-12     2.3316672925001e-12
 2.0577964187151e-12    1.8411404956211e-12     1.6672866134948e-12
 1.5245832274525e-12    1.4038341173926e-12     1.2981204692474e-12
 1.2025717910348e-12    1.1140401758746e-12     1.0307109865475e-12
 9.5170871456320e-13    8.7674838513029e-13     8.0586085879053e-13
 7.3919873164058e-13    6.7691461732166e-13     6.1909630195632e-13
 5.6574182529150e-13    5.1675954358694e-13     4.7198165907527e-13
 4.3118325480647e-13    3.9410188790130e-13     3.6045505166840e-13
 3.2995434619525e-13    3.0231613708489e-13     2.7726899463277e-13
 2.5455843529131e-13    2.3394954470837e-13     2.1522802575493e-13
 1.9820013594221e-13    1.8269188717601e-13     1.6854779325523e-13
 1.5562937467727e-13    1.4381356833060e-13     1.3299114163827e-13
 1.2306517451997e-13    1.1394964633692e-13     1.0556814656576e-13
 9.7852715447315e-14    9.0742812743831e-14     8.4184407777489e-14
 7.8129181192112e-14    7.2533827639831e-14     6.7359448361353e-14
 6.2571023013322e-14    5.8136950836077e-14     5.4028652175251e-14
 5.0220222343410e-14    4.6688130760707e-14     4.3410959200612e-14
 4.0369173769674e-14    3.7544925963301e-14
 1.5762520433799e-10    9.3739345486002e-11     5.8320276462094e-11
 3.7920662069440e-11    2.5701260405442e-11     1.8093416950683e-11
 1.3179032371702e-11    9.8937402597264e-12     7.6274333261966e-12
 6.0191105790482e-12    4.8486641283538e-12     3.9781372451938e-12
 3.3188024373293e-12    2.8120446920459e-12     2.4178929225750e-12
 2.1080307919423e-12    1.8615909036674e-12     1.6627181844152e-12
 1.4992105233420e-12    1.3617451060188e-12     1.2433687960458e-12
 1.1390781072098e-12    1.0454225657012e-12     9.6012729582173e-13
 8.8175398015194e-13    8.0941886303122e-13     7.4257627007830e-13
 6.8086538062492e-13    6.2401079517308e-13     5.7176441200882e-13
 5.2387626010406e-13    4.8008384059938e-13     4.4011206797745e-13
 4.0367835456632e-13    3.7049940067042e-13     3.4029774506017e-13
 3.1280713969631e-13    2.8777643881103e-13     2.6497204363326e-13
 2.4417911307829e-13    2.2520180836053e-13     2.0786283546889e-13
 1.9200251541641e-13    1.7747756766362e-13     1.6415974763986e-13
 1.5193444009497e-13    1.4069927770686e-13     1.3036282946687e-13
 1.2084338465873e-13    1.1206784492463e-13     1.0397072775744e-13
 9.6493278753639e-14    8.9582686297826e-14     8.3191390332520e-14
 7.7276476011708e-14    7.1799142927306e-14     6.6724240982030e-14
 6.2019864644651e-14    5.7656998119580e-14     5.3609204801900e-14
 4.9852355199845e-14    4.6364388255543e-14     4.3125101661518e-14
 4.0115967352496e-14    3.7319968855386e-14
 2.1093945022342e-10    1.2083064506072e-10     7.2773407191720e-11
 4.5991607280444e-11    3.0397560057676e-11     2.0926760083727e-11
 1.4942999962202e-11    1.1022227009898e-11     8.3665999681726e-12
 6.5132398249751e-12    5.1846777691897e-12     4.2095023656393e-12
 3.4788257785648e-12    2.9215763372667e-12     2.4900277048047e-12
 2.1511333167555e-12    1.8812979822277e-12     1.6632361625229e-12
 1.4840851594498e-12    1.3342407202400e-12     1.2065843463619e-12
 1.0959156016871e-12    9.9849886674847e-13     9.1168915286170e-13
 8.3362649536063e-13    7.6299525072907e-13     6.9884334327379e-13
 6.4045341518521e-13    5.8725580900123e-13     5.3877302043184e-13
 4.9458632910742e-13    4.5431708199941e-13     4.1761701953594e-13
 3.8416375278314e-13    3.5365887156024e-13     3.2582716769388e-13
 3.0041614102127e-13    2.7719538983219e-13     2.5595574342823e-13
 2.3650813151676e-13    2.1868224808144e-13     2.0232508742740e-13
 1.8729942742199e-13    1.7348232217408e-13     1.6076365057600e-13
 1.4904475207136e-13    1.3823716814275e-13     1.2826149813895e-13
 1.1904637072296e-13    1.1052752724328e-13     1.0264701017240e-13
 9.5352447962562e-14    8.8596426890491e-14     8.2335940363616e-14
 7.6531906533974e-14    7.1148745707391e-14     6.6154009838741e-14
 6.1518057266121e-14    5.7213766689325e-14     5.3216285203275e-14
 4.9502805920610e-14    4.6052371349531e-14     4.2845699229662e-14
 3.9865027978115e-14    3.7093979273163e-14
$ REC e  He [+1] (G)  He [+0] (G)
& RA 5877 GOTO CODE 2.3.2F #INTERP2D
 65 1.0e+00 1.0e+04  2
 30 1.0e+08 1.0e+16  2
 9.3790993237554e-14    9.1266273350258e-14     9.0558245365682e-14
 9.0837426445487e-14    9.1219592767773e-14     9.0901115199526e-14
 8.9308114613663e-14    8.6219364594372e-14     8.1884304692512e-14
 7.7278811274206e-14    7.4669973742538e-14     7.8383154156059e-14
 9.5157608564539e-14    1.3327284487146e-13     2.0018723342579e-13
 2.9947118334660e-13    4.2848469080778e-13     5.7798089904227e-13
 7.3384560477009e-13    8.8021039984268e-13     1.0027464047760e-12
 1.0911290849216e-12    1.1401890050361e-12     1.1497942300874e-12
 1.1238436264461e-12    1.0688485409862e-12     9.9250864751838e-13
 9.0254041223931e-13    8.0586771704136e-13     7.0817309239658e-13
 6.1374454093159e-13    5.2552965840702e-13     4.4531202190055e-13
 3.7394155031422e-13    3.1157120793899e-13     2.5787140289926e-13
 2.1220824037156e-13    1.7378195132201e-13     1.4172794056221e-13
 1.1518596445495e-13    9.3343965077536e-14     7.5462879211648e-14
 6.0887909891455e-14    4.9050692038774e-14     3.9465734722311e-14
 3.1723599274772e-14    2.5482519481087e-14     2.0459589444559e-14
 1.6422217172546e-14    1.3180239919129e-14     1.0578892655700e-14
 8.4926886435933e-15    6.8201902112232e-15     5.4796025589766e-15
 4.4051016381554e-15    3.5438003652459e-15     2.8532596203672e-15
 2.2994576181129e-15    1.8551407162570e-15     1.4984888899202e-15
 1.2120390099328e-15    9.8181817363228e-16     7.9664742720063e-16
 6.4758321646733e-16    5.2746984780885e-16
 9.6359426488288e-14    9.3651237614552e-14     9.2774365613448e-14
 9.2868971692375e-14    9.3035194144081e-14     9.2469504675796e-14
 9.0611109999575e-14    8.7257743280759e-14     8.2672245675568e-14
 7.7820156806975e-14    7.4904997564387e-14     7.8098393181236e-14
 9.3875528433455e-14    1.3017368592424e-13     1.9412984209558e-13
 2.8914845495226e-13    4.1268549198350e-13     5.5587538670195e-13
 7.0519845698319e-13    8.4545885646817e-13     9.6293341844556e-13
 1.0477279259700e-12    1.0948780545829e-12     1.1042387093041e-12
 1.0795236455841e-12    1.0269510396643e-12     9.5388243755974e-13
 8.6770208942517e-13    7.7504165616342e-13     6.8134923329216e-13
 5.9074094897855e-13    5.0605103128712e-13     4.2899921588219e-13
 3.6041023770263e-13    3.0043981911504e-13     2.4877966775701e-13
 2.0482814245425e-13    1.6782296983204e-13     1.3693826918477e-13
 1.1135109867457e-13    9.0283729320166e-14     7.3027671064804e-14
 5.8954693199678e-14    4.7519079291670e-14     3.8254358019160e-14
 3.0766870248310e-14    2.4727812811293e-14     1.9864843507128e-14
 1.5953921801183e-14    1.2811769593151e-14     1.0289139454302e-14
 8.2649500280507e-15    6.6412700401599e-15     5.3390883427162e-15
 4.2947860367116e-15    3.4572198188238e-15     2.7853274939943e-15
 2.2461732162051e-15    1.8133589439754e-15     1.4657382254081e-15
 1.1863778517579e-15    9.6172160041364e-16     7.8091801290326e-16
 6.3528084379425e-16    5.1785650633467e-16
 9.9501526208045e-14    9.6540098669205e-14     9.5417732655155e-14
 9.5245355868816e-14    9.5111908267710e-14     9.4219950073804e-14
 9.2027297668278e-14    8.8354021596626e-14     8.3476595689988e-14
 7.8346510614932e-14    7.5094478475801e-14     7.7721215108900e-14
 9.2411552999215e-14    1.2672822592664e-13     1.8745686843564e-13
 2.7781959184647e-13    3.9537437260269e-13     5.3166768806912e-13
 6.7382447337497e-13    8.0738019885830e-13     9.1927286817915e-13
 1.0000811662246e-12    1.0450703935093e-12     1.0540880970836e-12
 1.0306528340497e-12    9.8066833672764e-13     9.1113068061400e-13
 8.2906298597710e-13    7.4077755891946e-13     6.5146479294837e-13
 5.6505051094141e-13    4.8424210275212e-13     4.1068652526731e-13
 3.4517820322036e-13    2.8787347835078e-13     2.3848540934992e-13
 1.9644615164062e-13    1.6103339231853e-13     1.3146291506663e-13
 1.0695219858943e-13    8.6760915075818e-14     7.0214037466202e-14
 5.6712532280856e-14    4.5735669628825e-14     3.6838036918857e-14
 2.9643507226245e-14    2.3837729389432e-14     1.9160177941315e-14
 1.5396410235145e-14    1.2370901232456e-14     9.9406380857369e-15
 7.9895342738177e-15    6.4236478464393e-15     5.1671458325510e-15
 4.1589360384359e-15    3.3498805266495e-15     2.7005065013384e-15
 2.1791364279520e-15    1.7603675692356e-15     1.4238401879489e-15
 1.1532425743364e-15    9.3550928102669e-16     7.6017627850516e-16
 6.1886310158387e-16    5.0485747010849e-16
 1.0312503128268e-13    9.9812026234537e-14     9.8349194846603e-14
 9.7821971728250e-14    9.7312208113976e-14     9.6031640224581e-14
 9.3457867572160e-14    8.9432328350843e-14     8.4242229435107e-14
 7.8820084248314e-14    7.5215673232229e-14     7.7245512867078e-14
 9.0784586890357e-14    1.2299747742143e-13     1.8029672713011e-13
 2.6571015271136e-13    3.7690198216821e-13     5.0585295300574e-13
 6.4036915895451e-13    7.6676072357948e-13     8.7266833800778e-13
 9.4917619928268e-13    9.9179888604171e-13     1.0003825020590e-12
 9.7824437615428e-13    9.3095909532234e-13     8.6513758589602e-13
 7.8742052321426e-13    7.0378047038640e-13     6.1913231936905e-13
 5.3719721545779e-13    4.6054496184004e-13     3.9074237471074e-13
 3.2854911017468e-13    2.7411999192457e-13     2.2718903145393e-13
 1.8722299979006e-13    1.5354114678631e-13     1.2540296665765e-13
 1.0206859755821e-13    8.2837369051928e-14     6.7069875862635e-14
 5.4198274697249e-14    4.3728614569359e-14     3.5238121897297e-14
 2.8369573901964e-14    2.2824248010135e-14     1.8354434689420e-14
 1.4756131046443e-14    1.1862269858485e-14     9.5366597467047e-15
 7.6686956728795e-15    6.1688271348079e-15     4.9647306786875e-15
 3.9981132063367e-15    3.2220656609669e-15     2.5988877848994e-15
 2.0983102375449e-15    1.6960481407331e-15     1.3726286137039e-15
 1.1124432331488e-15    9.0298410176280e-16     7.3422912597353e-16
 5.9814811008016e-16    4.8830639373494e-16
 1.0704615521825e-13    1.0327693234537e-13     1.0138641279967e-13
 1.0043573913401e-13    9.9499508861098e-14     9.7796946695865e-14
 9.4822516840820e-14    9.0435449161271e-14     8.4929905973107e-14
 7.9215239378278e-14    7.5254566019510e-14     7.6671327448820e-14
 8.9017880954778e-14    1.1904540409926e-13     1.7277950981843e-13
 2.5304634477134e-13    3.5761944751433e-13     4.7892837063190e-13
 6.0548410768404e-13    7.2439964646859e-13     8.2404562693428e-13
 8.9603354625666e-13    9.3614089665723e-13     9.4421717101325e-13
 9.2337549041618e-13    8.7885248513145e-13     8.1686160300210e-13
 7.4364737756432e-13    6.6482926195863e-13     5.8503475225573e-13
 5.0777051305374e-13    4.3546124629159e-13     3.6958830425637e-13
 3.1087317007258e-13    2.5946731160537e-13     2.1512505728766e-13
 1.7734802438274e-13    1.4549783765727e-13     1.1887886788919e-13
 9.6795260223805e-14    7.8587406751739e-14     6.3652902596856e-14
 5.1456393535480e-14    4.1531896448389e-14     3.3480341995973e-14
 2.6964350353123e-14    2.1701644350829e-14     1.7458033859010e-14
 1.4040556665972e-14    1.1291113344371e-14     9.0807644968541e-15
 7.3047484502859e-15    5.8782093012348e-15     4.7325863682408e-15
 3.8125967602582e-15    3.0737359820842e-15     2.4802223185561e-15
 2.0033158438520e-15    1.6199501107860e-15     1.3116224943391e-15
 1.0634969953217e-15    8.6368057260234e-16     7.0264056650661e-16
 5.7273642218862e-16    4.6784373926834e-16
 1.1111904743931e-13    1.0680976282343e-13     1.0443045753448e-13
 1.0301441134710e-13    1.0162505495650e-13     9.9485261307139e-14
 9.6102977337530e-14    9.1352502696438e-14     8.5532751022506e-14
 7.9527616823918e-14    7.5210148567131e-14     7.6005226366111e-14
 8.7134865027275e-14    1.1492817872220e-13     1.6501678653064e-13
 2.4002244680531e-13    3.3783133329785e-13     4.5133109218658e-13
 5.6975109643611e-13    6.8102220823746e-13     7.7425886797508e-13
 8.4161053398451e-13    8.7912401374256e-13     8.8665420273769e-13
 8.6710822330543e-13    8.2538014630664e-13     7.6727964504313e-13
 6.9864815272404e-13    6.2474520947420e-13     5.4990482620051e-13
 4.7741412115996e-13    4.0954875962584e-13     3.4770178629575e-13
 2.9255463229140e-13    2.4425432614076e-13     2.0257504758637e-13
 1.6705324737788e-13    1.3709322404049e-13     1.1204472158015e-13
 9.1256499639510e-14    7.4110667811595e-14     6.0042480130964e-14
 4.8549704749604e-14    3.9194917153058e-14     3.1603291233203e-14
 2.5457773840239e-14    2.0492961884644e-14     1.6488560826298e-14
 1.3262976731700e-14    1.0667361522076e-14     8.5802720344274e-15
 6.9029995612539e-15    5.5555621256011e-15     4.4733148904958e-15
 3.6041156031744e-15    2.9059753258853e-15     2.3451252584094e-15
 1.8944350837849e-15    1.5321249131655e-15     1.2407202514493e-15
 1.0062066952290e-15    8.1734784986854e-16     6.6513602104245e-16
 5.4235051892908e-16    4.4320292544492e-16
 1.1530298919474e-13    1.1039299194884e-13     1.0748288553538e-13
 1.0557187880488e-13    1.0370769254927e-13     1.0111412182836e-13
 9.7311441799445e-14    9.2188799982405e-14     8.6049732653041e-14
 7.9751816142736e-14    7.5075795249224e-14     7.5244194183662e-14
 8.5143993909060e-14    1.1067823090790e-13     1.5708303543015e-13
 2.2677785624126e-13    3.1776675372466e-13     4.2340225590797e-13
 5.3363844301661e-13    6.3722844346822e-13     7.2403241454636e-13
 7.8673750722625e-13    8.2165812452628e-13     8.2865218167481e-13
 8.1041836086370e-13    7.7150602472353e-13     7.1731935196280e-13
 6.5329538385984e-13    5.8433281951234e-13     5.1447153870829e-13
 4.4677867532770e-13    3.8338056915154e-13     3.2558177424951e-13
 2.7402356136845e-13    2.2884846393394e-13     1.8985049429075e-13
 1.5660094409183e-13    1.2854681157576e-13     1.0508325319351e-13
 8.5603691890908e-14    6.9532010524320e-14     5.6341182768453e-14
 4.5562163250829e-14    3.6786152169700e-14     2.9662633562274e-14
 2.3894947605072e-14    1.9234630740228e-14     1.5475347476441e-14
 1.2446932979293e-14    1.0009848209111e-14     8.0502004524643e-15
 6.4753844983887e-15    5.2103390536686e-15     4.1943781205674e-15
 3.3785394082550e-15    2.7233853410775e-15     2.1971925141751e-15
 1.7744695973452e-15    1.4347497709290e-15     1.1616105522251e-15
 9.4188062154532e-16    7.6499954727944e-16     6.2250195416186e-16
 5.0760260007945e-16    4.1486303496984e-16
 1.1964029223143e-13    1.1407783245300e-13     1.1059712552003e-13
 1.0815662642744e-13    1.0578502056684e-13     1.0270671108466e-13
 9.8455988690990e-14    9.2939077245402e-14     8.6465542031506e-14
 7.9866397915918e-14    7.4828021767199e-14     7.4367229557974e-14
 8.3032669001334e-14    1.0629996480179e-13     1.4901196174183e-13
 2.1339164315730e-13    2.9756866769283e-13     3.9536711697808e-13
 4.9746876731239e-13    5.9344708798293e-13     6.7390161540765e-13
 7.3204820908488e-13    7.6445943597582e-13     7.7098823672693e-13
 7.5411944924884e-13    7.1805526586317e-13     6.6779456851947e-13
 6.0837220985258e-13    5.4432947848393e-13     4.7941605920607e-13
 4.1648297765717e-13    3.5751068701670e-13     3.0371805060246e-13
 2.5570827726221e-13    2.1362083634571e-13     1.7727042687841e-13
 1.4626357387307e-13    1.2009002412984e-13     9.8190158789896e-14
 8.0001728989060e-14    6.4989977850094e-14     5.2665158524632e-14
 4.2590979351452e-14    3.4386861495912e-14     2.7726236270061e-14
 2.2332520089987e-14    1.7973917892048e-14     1.4457825643320e-14
 1.1625319289921e-14    9.3460149330392e-15     7.5134458872651e-15
 6.0410108110293e-15    4.8584900311924e-15     3.9090941898137e-15
 3.1469924654992e-15    2.5352612131999e-15     2.0441938661285e-15
 1.6499166093583e-15    1.3332598553488e-15     1.0788417594104e-15
 8.7432623073349e-16    7.0982370707406e-16     5.7740818952605e-16
 4.7072859994762e-16    3.8469643378151e-16
 1.2427558668040e-13    1.1799961069937e-13     1.1389403464823e-13
 1.1086997433649e-13    1.0793526199154e-13     1.0431703008269e-13
 9.9567888553995e-14    9.3615413458414e-14     8.6777673731311e-14
 7.9859035388713e-14    7.4449068001305e-14     7.3355017677218e-14
 8.0783464492803e-14    1.0178096199318e-13     1.4079909309627e-13
 1.9987035409693e-13    2.7725839184538e-13     3.6726679426910e-13
 4.6130960547136e-13    5.4977996954103e-13     6.2401070189026e-13
 6.7773614487021e-13    7.0777485746383e-13     7.1396299075743e-13
 6.9856192621943e-13    6.6542036702664e-13     6.1912917806226e-13
 5.6432157358486e-13    5.0518452533336e-13     4.4518226849497e-13
 3.8695524904975e-13    3.3234362009365e-13     2.8248567272545e-13
 2.3795088362410e-13    1.9887905670893e-13     1.6510803925616e-13
 1.3628119895480e-13    1.1193192337421e-13     9.1546147023147e-14
 7.4605864321603e-14    6.0617313142100e-14     4.9127489625791e-14
 3.9732233254781e-14    3.2078539337720e-14     2.5863157464620e-14
 2.0828995381522e-14    1.6760399981327e-14     1.3478036236597e-14
 1.0833822448040e-14    8.7061918058059e-15     6.9958203308533e-15
 5.6218754485098e-15    4.5187855864712e-15     3.6334997859965e-15
 2.9231900095320e-15    2.3533423782991e-15     1.8961831943210e-15
 1.5293887280106e-15    1.2350326818201e-15     9.9873086932087e-16
 8.0894833267218e-16    6.5643946149759e-16     5.3379649665846e-16
 4.3508602336182e-16    3.5555667981454e-16
 1.2959693906352e-13    1.2250652256274e-13     1.1768147458992e-13
 1.1397788482411e-13    1.1038154799284e-13     1.0612630734038e-13
 1.0078965071738e-13    9.4326604763444e-14     8.7067156422938e-14
 7.9789026781201e-14    7.3982076262466e-14     7.2239288947422e-14
 7.8420093713602e-14    9.7138096108675e-14     1.3245246863273e-13
 1.8620766414433e-13    2.5680703421434e-13     3.3904111032030e-13
 4.2506308745327e-13    5.0608991641180e-13     5.7418766179573e-13
 6.2360468675569e-13    6.5139745994526e-13     6.5737517493356e-13
 6.4356528024370e-13    6.1345378947296e-13     5.7121673282100e-13
 5.2108177338182e-13    4.6688053961501e-13     4.1179325699959e-13
 3.5825304959393e-13    3.0796413040658e-13     2.6198901975293e-13
 2.2086817274373e-13    1.8474597357031e-13     1.5348697931329e-13
 1.2677418943261e-13    1.0418665866018e-13     8.5257212642779e-14
 6.9512847253126e-14    5.6501094888804e-14     4.5805653741507e-14
 3.7054217456017e-14    2.9920929563821e-14     2.4125351522526e-14
 1.9429346431798e-14    1.5632873319184e-14     1.2569365806313e-14
 1.0101127353248e-14    8.1150008088274e-15     6.5184488725803e-15
 5.2361014791718e-15    4.2067750592848e-15     3.3809384669095e-15
 2.7185843391279e-15    2.1874579394135e-15     1.7615946093108e-15
 1.4201194204006e-15    1.1462668742679e-15     9.2658349517313e-16
 7.5028127828729e-16    6.0871480774906e-16     4.9495926525048e-16
 4.0347042565696e-16    3.2981107294802e-16
 1.3641398813564e-13    1.2831639289051e-13     1.2259380068856e-13
 1.1803526294643e-13    1.1360208559794e-13     1.0853978892699e-13
 1.0245931377253e-13    9.5351105099672e-14     8.7561551479590e-14
 7.9842029020348e-14    7.3579782450298e-14     7.1148994676257e-14
 7.6057161132493e-14    9.2480879997840e-14     1.2408418859777e-13
 1.7252245654539e-13    2.3633945748749e-13     3.1081483949515e-13
 3.8884385344356e-13    4.6246985839959e-13     5.2449339534892e-13
 5.6967592799466e-13    5.9530853411019e-13     6.0116812989098e-13
 5.8904171033272e-13    5.6204590301457e-13     5.2393599857211e-13
 4.7852970900685e-13    4.2930079128118e-13     3.7914483059787e-13
 3.3028865496133e-13    2.8430281554803e-13     2.4217712863856e-13
 2.0442644129525e-13    1.7120311147560e-13     1.4240151218855e-13
 1.1774692761984e-13    9.6866202712637e-14     7.9340639875746e-14
 6.4743324755829e-14    5.2663743425943e-14     4.2722606437357e-14
 3.4579504161879e-14    2.7935577696944e-14     2.2532920459213e-14
 1.8151993668204e-14    1.4607973990264e-14     1.1746661307095e-14
 9.4403542766505e-15    7.5839409191515e-15     6.0913390568387e-15
 4.8923458575572e-15    3.9299072256423e-15     3.1577886058831e-15
 2.5386127907048e-15    2.0422231428124e-15     1.6443290108923e-15
 1.3253917978570e-15    1.0697136290188e-15     8.6469486426897e-16
 7.0023120326648e-16    5.6822546319269e-16     4.6219308029091e-16
 3.7694390430242e-16    3.0832589933063e-16
 1.4607163430860e-13    1.3660741282738e-13     1.2966333941757e-13
 1.2394049411475e-13    1.1836972515450e-13     1.1221351450533e-13
 1.0512692890579e-13    9.7145838364160e-14     8.8638558294643e-14
 8.0330609743951e-14    7.3503962673750e-14     7.0310804024617e-14
 7.3904750899790e-14    8.8024847052183e-14     1.1593953674129e-13
 1.5911297456477e-13    2.1622449565360e-13     2.8303551236291e-13
 3.5317476563547e-13    4.1950380978261e-13     4.7555095226844e-13
 5.1658598117170e-13    5.4013156070182e-13     5.4593058693997e-13
 5.3552867558481e-13    5.1167267312110e-13     4.7769717602355e-13
 4.3701046446649e-13    3.9272947808529e-13     3.4746676667246e-13
 3.0324495612995e-13    2.6150338505547e-13     2.2316179189471e-13
 1.8871203073502e-13    1.5831686970422e-13     1.3190262841923e-13
 1.0923862247282e-13    9.0000818843080e-14     7.3819922460215e-14
 6.0315665991197e-14    4.9119732972892e-14     3.9889839304909e-14
 3.2317276893218e-14    2.6129858417833e-14     2.1091801683129e-14
 1.7001716692899e-14    1.3689537165172e-14     1.1012979460972e-14
 8.8539133276721e-15    7.1148825890671e-15     5.7159101788494e-15
 4.5916512012519e-15    3.6889115492054e-15     2.9645212170292e-15
 2.3835353270717e-15    1.9177280884394e-15     1.5443424304525e-15
 1.2450588474118e-15    1.0051496338260e-15     8.1278822916183e-16
 6.5848724272744e-16    5.3464251117163e-16     4.3516405907704e-16
 3.5517798074445e-16    2.9078600566147e-16
 1.6042272665317e-13    1.4896395712081e-13     1.4024468176881e-13
 1.3284300480285e-13    1.2564790468419e-13     1.1794419724090e-13
 1.0944385564003e-13    1.0023957729534e-13     9.0726735581403e-14
 8.1603831342348e-14    7.4043430569717e-14     6.9972750014358e-14
 7.2192182599594e-14    8.4006824266874e-14     1.0829245288838e-13
 1.4631967394285e-13    1.9689292773572e-13     2.5623728662819e-13
 3.1869272075778e-13    3.7791730574118e-13     4.2815004224754e-13
 4.6515865606594e-13    4.8669372518387e-13     4.9246575925295e-13
 4.8378395542996e-13    4.6303182045643e-13     4.3312984464079e-13
 3.9708286607211e-13    3.5765612988224e-13     3.1718343153356e-13
 2.7748678470616e-13    2.3987737508599e-13     2.0520750723260e-13
 1.7394832641808e-13    1.4627494613701e-13     1.2214720728444e-13
 1.0137965792192e-13    8.3698213830708e-14     6.8783452664283e-14
 5.6301903412255e-14    4.5927324643484e-14     3.7354099978006e-14
 3.0304727912631e-14    2.4533094789956e-14     1.9824889392459e-14
 1.5996200499412e-14    1.2891062120949e-14     1.0378484885287e-14
 8.3493357782494e-15    6.7132966034617e-15     5.3960365111503e-15
 4.3366679984797e-15    3.4855118046840e-15     2.8021683098330e-15
 2.2538765773188e-15    1.8141335728219e-15     1.4615426203489e-15
 1.1788599388254e-15    9.5220980607823e-16     7.7044161146603e-16
 6.2460520803231e-16    5.0752417536840e-16     4.1344964752502e-16
 3.3778012524908e-16    2.7683513017924e-16
 1.8155122334549e-13    1.6708023335429e-13     1.5570552414023e-13
 1.4582762475327e-13    1.3627575832233e-13     1.2636299906545e-13
 1.1587263956518e-13    1.0496454892188e-13     9.4061794985635e-14
 8.3828103633374e-14    7.5315668804095e-14     7.0218014094278e-14
 7.0978830878045e-14    8.0470066997959e-14     1.0117535367460e-13
 1.3416636423547e-13    1.7835803394766e-13     2.3041626200970e-13
 2.8536601167973e-13    3.3763843675280e-13     3.8216745386756e-13
 4.1521259710582e-13    4.3475492642601e-13     4.4048098050088e-13
 4.3347440105701e-13    4.1576579313843e-13     3.8986975656986e-13
 3.5839301300146e-13    3.2375175088698e-13     2.8800165798747e-13
 2.5276363641870e-13    2.1921982521228e-13     1.8815434075464e-13
 1.6001729388578e-13    1.3499632645960e-13     1.1308542685941e-13
 9.4145301576731e-14    7.7952875056880e-14     6.4239641321996e-14
 5.2719839318757e-14    4.3110015373179e-14     3.5141701737291e-14
 2.8568853639982e-14    2.3171473626519e-14     1.8756592320626e-14
 1.5157517431020e-14    1.2232033097939e-14     9.8600399710489e-15
 7.9409741314406e-15    6.3912268511300e-15     5.1417017334956e-15
 4.1355851033910e-15    3.3263639404025e-15     2.6760984650350e-15
 2.1539395954967e-15    1.7348719542229e-15     1.3986584815619e-15
 1.1289613350270e-15    9.1261437985696e-16     7.3902434925639e-16
 5.9968010617614e-16    4.8775198418174e-16     3.9776569888441e-16
 3.2533766513998e-16    2.6696066183835e-16
 2.1131943047500e-13    1.9231947982354e-13     1.7699735141866e-13
 1.6349660097263e-13    1.5056411276577e-13     1.3755057539941e-13
 1.2432649410762e-13    1.1112400486709e-13     9.8383200981377e-14
 8.6710960964005e-14    7.7012967438183e-14     7.0724505717240e-14
 6.9911922278723e-14    7.6996467500862e-14     9.4052687929822e-14
 1.2193510627108e-13    1.5965034437039e-13     2.0428932685560e-13
 2.5155404981453e-13    2.9665214940555e-13     3.3522759432874e-13
 3.6405555598169e-13    3.8137483516684e-13     3.8687300678268e-13
 3.8142640196899e-13    3.6672175481445e-13     3.4486731635259e-13
 3.1806319956106e-13    2.8836248353755e-13     2.5752591108496e-13
 2.2695617249409e-13    1.9769092897297e-13     1.7043356539880e-13
 1.4560404332320e-13    1.2339684062834e-13     1.0383744087075e-13
 8.6832504564225e-14    7.2211545151212e-14     5.9759703720635e-14
 4.9242265551924e-14    4.0422079903799e-14     3.3071216476801e-14
 2.6978154681633e-14    2.1951654877034e-14     1.7822269228747e-14
 1.4442253465087e-14    1.1684461074861e-14     9.4406482066809e-15
 7.6194931182917e-15    6.1445370148355e-15     4.9521799694977e-15
 3.9898122542083e-15    3.2141236477381e-15     2.5896076415243e-15
 2.0872606529339e-15    1.6834661235544e-15     1.3590476576793e-15
 1.0984727540294e-15    8.8918811408558e-16     7.2106819605969e-16
 5.8596009377700e-16    4.7730957498380e-16     3.8985498019820e-16
 3.1937750764671e-16    2.6249810622336e-16
 2.5128520608264e-13    2.2562855363938e-13     2.0454620123811e-13
 1.8582615401303e-13    1.6812038248973e-13     1.5084158505046e-13
 1.3396672045067e-13    1.1779294103119e-13     1.0274431257153e-13
 8.9323875170093e-14    7.8240935567189e-14     7.0624766044280e-14
 6.8118593173163e-14    7.2647684375819e-14     8.5833195705936e-14
 1.0827345145549e-13    1.3904043201168e-13     1.7564431367571e-13
 2.1448354973398e-13    2.5158594587489e-13     2.8336686725605e-13
 3.0718582257080e-13    3.2160431550987e-13     3.2636291675391e-13
 3.2216376911657e-13    3.1036204611979e-13     2.9265254307726e-13
 2.7080599647481e-13    2.4647891980030e-13     2.2109813670031e-13
 1.9580825284255e-13    1.7146530376689e-13     1.4865997806414e-13
 1.2775663710527e-13    1.0893803310230e-13     9.2249127897550e-14
 7.7636247249645e-14    6.4979866259752e-14     5.4120669172823e-14
 4.4879325564800e-14    3.7070822124667e-14     3.0514327201436e-14
 2.5039546699391e-14    2.0490428971958e-14     1.6726941035897e-14
 1.3625497833405e-14    1.1078496193617e-14     8.9932929399403e-15
 7.2908742857637e-15    5.9043905060045e-15     4.7776736070138e-15
 3.8638136637225e-15    3.1238388170983e-15     2.5255223288140e-15
 2.0423251777180e-15    1.6524729987873e-15     1.3381601227427e-15
 1.0848700886014e-15    8.8080043268462e-16     7.1637919366654e-16
 5.8386097877338e-16    4.7699128547077e-16     3.9072885328933e-16
 3.2101698292043e-16    2.6459591168693e-16
 3.0346013141801e-13    2.6796401839441e-13     2.3837151664439e-13
 2.1204157054440e-13    1.8756868383319e-13     1.6447925667503e-13
 1.4286107985329e-13    1.2302203312274e-13     1.0528019802573e-13
 8.9938018123725e-14    7.7421638786740e-14     6.8480511785006e-14
 6.4270159445191e-14    6.6161352910476e-14     7.5270705659869e-14
 9.1902153361135e-14    1.1517483613667e-13     1.4302481203988e-13
 1.7257868338369e-13    2.0073654644852e-13     2.2474974178595e-13
 2.4263006233637e-13    2.5332474044143e-13     2.5667912175976e-13
 2.5325776070931e-13    2.4410408331196e-13     2.3050283469182e-13
 2.1378427973532e-13    1.9518570281448e-13     1.7576923877275e-13
 1.5638607877275e-13    1.3767400903536e-13     1.2007583627484e-13
 1.0386862976879e-13    8.9196560781267e-14     7.6102727241053e-14
 6.4557403790223e-14    5.4481616953328e-14     4.5765876080615e-14
 3.8284428372968e-14    3.1905661751613e-14     2.6499357808372e-14
 2.1941471465910e-14    1.8117035959549e-14     1.4921693701107e-14
 1.2262254645946e-14    1.0056593852538e-14     8.2331232798321e-15
 6.7300103238154e-15    5.4942662407940e-15     4.4807896792173e-15
 3.6514220925650e-15    2.9740508609901e-15     2.4217810235243e-15
 1.9721859095389e-15    1.6066398622317e-15     1.3097315396764e-15
 1.0687533814205e-15    8.7326119230186e-16     7.1469702622723e-16
 5.8606836859022e-16    4.8167679959865e-16     3.9688972801120e-16
 3.2794931036723e-16    2.7181324672145e-16
 3.7024299900972e-13    3.1947825227201e-13     2.7683454264035e-13
 2.3925808269619e-13    2.0535901227767e-13     1.7475848378018e-13
 1.4751024342091e-13    1.2371478758469e-13     1.0336478486738e-13
 8.6385507074700e-14    7.2795948732056e-14     6.2885420762598e-14
 5.7273744717452e-14    5.6754634251795e-14     6.1939075202162e-14
 7.2851603057126e-14    8.8680656823425e-14     1.0780696702531e-13
 1.2809279906948e-13    1.4730463011931e-13     1.6351437798612e-13
 1.7536883501101e-13    1.8218956815869e-13     1.8392633686770e-13
 1.8101807914425e-13    1.7421860507329e-13     1.6443056937480e-13
 1.5257260448199e-13    1.3948815917119e-13     1.2589364332578e-13
 1.1235793018355e-13    9.9303729619814e-14     8.7022177233340e-14
 7.5693861404248e-14    6.5411574247157e-14     5.6201875874755e-14
 4.8043934924452e-14    4.0885056353057e-14     3.4652892044941e-14
 2.9264652995533e-14    2.4633782722734e-14     2.0674581978779e-14
 1.7305242796149e-14    1.4449688637532e-14     1.2038546991968e-14
 1.0009512635229e-14    8.3072994856237e-15     6.8833286238390e-15
 5.6952596231600e-15    4.7064408960734e-15     3.8853309394060e-15
 3.2049247132492e-15    2.6422065708863e-15     2.1776421751830e-15
 1.7947154984395e-15    1.4795128771327e-15     1.2203533868382e-15
 1.0074631805738e-15    8.3269054498264e-16     6.8925802956960e-16
 5.7154792279391e-16    4.7491745531062e-16     3.9554032316546e-16
 3.3027138352905e-16    2.7653165048160e-16
 4.5096891124134e-13    3.7620933849748e-13     3.1414528292656e-13
 2.6120480732379e-13    2.1575023965904e-13     1.7702681539433e-13
 1.4450564318699e-13    1.1760316252919e-13     9.5655563478996e-14
 7.8022203149173e-14    6.4231300851223e-14     5.4098395945490e-14
 4.7743173760954e-14    4.5454412410938e-14     4.7429848257083e-14
 5.3501629764827e-14    6.2979402491207e-14     7.4683295598470e-14
 8.7144123846358e-14    9.8880234219675e-14     1.0864931722788e-13
 1.1560765032483e-13    1.1935809113727e-13     1.1990636556848e-13
 1.1756284982178e-13    1.1282682276531e-13     1.0628005977727e-13
 9.8504143237387e-14    9.0025509968234e-14     8.1285655041841e-14
 7.2630813977578e-14    6.4314829196497e-14     5.6509679055281e-14
 4.9319472742832e-14    4.2795075804802e-14     3.6947675675831e-14
 3.1760443366974e-14    2.7198015510098e-14     2.3213860064045e-14
 1.9755767655884e-14    1.6769780522929e-14     1.4202877173308e-14
 1.2004702416639e-14    1.0128589110841e-14     8.5320713299283e-15
 7.1770450393025e-15    6.0296945980631e-15     5.0602723660412e-15
 4.2427940962853e-15    3.5546938681168e-15     2.9764681141959e-15
 2.4913278533173e-15    2.0848707272139e-15     1.7447792198656e-15
 1.4605477799315e-15    1.2232392348966e-15     1.0252693881029e-15
 8.6021783911168e-16    7.2266265459461e-16     6.0803639587401e-16
 5.1250107424016e-16    4.3283977441446e-16     3.6636290710600e-16
 3.1082728147671e-16    2.6436640879755e-16
 5.3743180305936e-13    4.2866245478506e-13     3.4186404256897e-13
 2.7181146847184e-13    2.1535163979419e-13     1.7020186756919e-13
 1.3442495288474e-13    1.0629086435586e-13     8.4293307647124e-14
 6.7203347078979e-14    5.4118712665191e-14     4.4485110922445e-14
 3.8056248470811e-14    3.4769153906383e-14     3.4556103144136e-14
 3.7162350867941e-14    4.2047158016477e-14     4.8405697184673e-14
 5.5291603639388e-14    6.1781610845671e-14     6.7120582323422e-14
 7.0808290706345e-14    7.2619358206397e-14     7.2570077345715e-14
 7.0855270541544e-14    6.7777219854060e-14     6.3682086219855e-14
 5.8911612115182e-14    5.3771823722079e-14     4.8516723188966e-14
 4.3343329588615e-14    3.8394225214578e-14     3.3764328277760e-14
 2.9509453984118e-14    2.5655052913380e-14     2.2204192269625e-14
 1.9144335815330e-14    1.6452800121103e-14     1.4100952185219e-14
 1.2057308188262e-14    1.0289726572998e-14     8.7668868645818e-15
 7.4592254448599e-15    6.3394720269882e-15     5.3829021452535e-15
 4.5673949720123e-15    3.8733635956257e-15     3.2836068802676e-15
 2.7831178921234e-15    2.3588730964744e-15     1.9996185065126e-15
 1.6956631052180e-15    1.4386856823308e-15     1.2215583367110e-15
 1.0381878837982e-15    8.8337512971272e-16     7.5269115722360e-16
 6.4236930788643e-16    5.4921132529037e-16     4.7050606906411e-16
 4.0395926058972e-16    3.4763283505647e-16     2.9989262250167e-16
 2.5936323521465e-16    2.2488919178111e-16
 6.1591590849538e-13    4.6778683713824e-13     3.5610531093510e-13
 2.7142426064970e-13    2.0722544728719e-13     1.5865216753497e-13
 1.2195099765823e-13    9.4212462009503e-14     7.3214589610330e-14
 5.7305931775332e-14    4.5314360225663e-14     3.6469088895098e-14
 3.0312090857452e-14    2.6580219757169e-14     2.5066484308710e-14
 2.5497088719151e-14    2.7465092712671e-14     3.0438186526382e-14
 3.3825522841427e-14    3.7068107565033e-14     3.9717074719883e-14
 4.1478362331396e-14    4.2219740849902e-14     4.1948623164992e-14
 4.0774049509551e-14    3.8865255973977e-14     3.6415294364645e-14
 3.3613803927712e-14    3.0629638938975e-14     2.7602029232328e-14
 2.4638108164153e-14    2.1814590250721e-14     1.9181739426894e-14
 1.6768264744881e-14    1.4586255264695e-14     1.2635648032790e-14
 1.0907996334127e-14    9.3894823210752e-15     8.0632195585772e-15
 6.9109408339933e-15    5.9141828265037e-15     5.0550764647796e-15
 4.3168393188271e-15    3.6840502890467e-15     3.1427705594648e-15
 2.6805600648405e-15    2.2864262783893e-15     1.9507320938185e-15
 1.6650817479296e-15    1.4221977962954e-15     1.2157977623904e-15
 1.0404758909456e-15    8.9159317830428e-16     7.6517729660227e-16
 6.5783296074624e-16    5.6666261091229e-16     4.8919685819739e-16
 4.2333390474926e-16    3.6728704089575e-16     3.1953929922840e-16
 2.7880437850599e-16    2.4399301549973e-16     2.1418406704742e-16
 1.8859965145043e-16    1.6658378594563e-16
 6.7641020010254e-13    4.9203781667397e-13     3.6045951740452e-13
 2.6583996332923e-13    1.9742980950854e-13     1.4771659681576e-13
 1.1138234768728e-13    8.4651568177751e-14     6.4848948795824e-14
 5.0091499911260e-14    3.9075895716110e-14     3.0928536774487e-14
 2.5086305281094e-14    2.1185078215166e-14     1.8952792674362e-14
 1.8122259283721e-14    1.8382642326115e-14     1.9376376551920e-14
 2.0731053981278e-14    2.2105375409213e-14     2.3228923818208e-14
 2.3923833480188e-14    2.4106228600172e-14     2.3772164431911e-14
 2.2975441874083e-14    2.1804036699913e-14     2.0359671831558e-14
 1.8742657015436e-14    1.7042276495460e-14     1.5331923645506e-14
 1.3667748581704e-14    1.2089578707111e-14     1.0623083765777e-14
 9.2824372500264e-15    8.0729902453280e-15     6.9936843284161e-15
 6.0390795966207e-15    5.2009699286115e-15     4.4696122030530e-15
 3.8346226331998e-15    3.2856016570568e-15     2.8125468929817e-15
 2.4061065885811e-15    2.0577170641588e-15     1.7596586921416e-15
 1.5050569109318e-15    1.2878480014741e-15     1.1027239174717e-15
 9.4506623223471e-16    8.1087607147977e-16     6.9670454564246e-16
 5.9958649132698e-16    5.1697913149176e-16     4.4670643993179e-16
 3.8690943685529e-16    3.3600229014248e-16     2.9263387979080e-16
 2.5565436540715e-16    2.2408624576450e-16     1.9709939332594e-16
 1.7398956877974e-16    1.5415995875627e-16     1.3710532734716e-16
 1.2239841986533e-16    1.0967830538128e-16
 7.1780429310111e-13    5.0579916351802e-13     3.6068110996860e-13
 2.6014355745699e-13    1.8971927002047e-13     1.3985412030657e-13
 1.0416262158781e-13    7.8339516123852e-14     5.9461170017659e-14
 4.5532697379090e-14    3.5194178081753e-14     2.7527224262047e-14
 2.1919077686670e-14    1.7956330695950e-14     1.5337221423998e-14
 1.3805045338685e-14    1.3109275919889e-14     1.2995592614566e-14
 1.3217483642031e-14    1.3557056231943e-14     1.3843505560307e-14
 1.3962490544197e-14    1.3855119213008e-14     1.3509012461230e-14
 1.2945351365773e-14    1.2205471036413e-14     1.1339370771457e-14
 1.0397221339337e-14    9.4239686167820e-15     8.4565635608203e-15
 7.5231275306468e-15    6.6433683470154e-15     5.8296832627174e-15
 5.0885403256357e-15    4.4218745112025e-15     3.8283497675075e-15
 3.3044192950153e-15    2.8451683794970e-15     2.4449536328091e-15
 2.0978667594015e-15    1.7980554451026e-15     1.5399329472254e-15
 1.3183041831031e-15    1.1284313485103e-15     9.6605731875164e-16
 8.2740080164162e-16    7.0913361137316e-16     6.0834754625055e-16
 5.2251611347891e-16    4.4945465639443e-16     3.8728119790710e-16
 3.3437941897403e-16    2.8936456352629e-16     2.5105263235321e-16
 2.1843294086664e-16    1.9064393591633e-16     1.6695205856541e-16
 1.4673338325727e-16    1.2945774191574e-16     1.1467504249169e-16
 1.0200350657359e-16    9.1119573446975e-17     8.1749245017062e-17
 7.3660672607854e-17    6.6657813004721e-17
 7.4450040158226e-13    5.1382667740012e-13     3.6020122198439e-13
 2.5623923459439e-13    1.8481232725694e-13     1.3501921214394e-13
 9.9818298050010e-14    7.4599359486892e-14     5.6305433868937e-14
 4.2886679519704e-14    3.2957888189279e-14     2.5580364206160e-14
 2.0117177494912e-14    1.6130298041203e-14     1.3303867597967e-14
 1.1389044654042e-14    1.0170282857032e-14     9.4513424035674e-15
 9.0555926074212e-15    8.8330141531534e-15     8.6671144338737e-15
 8.4777734546101e-15    8.2190987485921e-15     7.8734621104178e-15
 7.4437024715378e-15    6.9453213437588e-15     6.3998764398682e-15
 5.8301036876575e-15    5.2567847286825e-15     4.6970823516908e-15
 4.1639558373722e-15    3.6662773163987e-15     3.2093388861174e-15
 2.7955260405513e-15    2.4250122852583e-15     2.0963923777324e-15
 1.8072158348946e-15    1.5544106796005e-15     1.3346035615855e-15
 1.1443502775482e-15    9.8029330950870e-16     8.3926261130444e-16
 7.1833397423156e-16    6.1485685467129e-16     5.2646107290794e-16
 4.5104956863213e-16    3.8678252799080e-16     3.3205669827071e-16
 2.8548254466315e-16    2.4586103020037e-16     2.1216115955045e-16
 1.8349896780074e-16    1.5911831523661e-16     1.3837363200369e-16
 1.2071461307577e-16    1.0567277593500e-16     9.2849742288838e-17
 8.1907080464469e-17    7.2557537877073e-17     6.4557497009066e-17
 5.7700499112458e-17    5.1811693997035e-17     4.6743090080933e-17
 4.2369494010880e-17    3.8585043799610e-17
 7.6160690776255e-13    5.1900405321456e-13     3.6011595396420e-13
 2.5408947502069e-13    1.8206957103100e-13     1.3231745622268e-13
 9.7397622715661e-14    7.2521988778622e-14     5.4557904649618e-14
 4.1425318475721e-14    3.1725713332665e-14     2.4509907758225e-14
 1.9128363143082e-14    1.5130191245349e-14     1.2192406108843e-14
 1.0070940241887e-14    8.5696433814991e-15     7.5240378768565e-15
 6.7954571317908e-15    6.2705799209698e-15     5.8621420147056e-15
 5.5083165996250e-15    5.1700208943999e-15     4.8266056396218e-15
 4.4708685373239e-15    4.1042822319324e-15     3.7330195685849e-15
 3.3650153465920e-15    3.0080423255777e-15     2.6686310133860e-15
 2.3516102770817e-15    2.0600552573859e-15     1.7954688904331e-15
 1.5580713505324e-15    1.3471156028765e-15     1.1611817352227e-15
 9.9842710801205e-16    8.5678505119998e-16     7.3411388925107e-16
 6.2830260822415e-16    5.3734111264706e-16     4.5936300566714e-16
 3.9266796430068e-16    3.3572959457661e-16     2.8719342560105e-16
 2.4586858945413e-16    2.1071579458040e-16     1.8083344723351e-16
 1.5544319262684e-16    1.3387571067418e-16     1.1555728269159e-16
 9.9997418663103e-17    8.6777678582451e-17     7.5541717283904e-17
 6.5986515226309e-17    5.7854718443976e-17     5.0927989979894e-17
 4.5021267126131e-17    3.9977819129724e-17     3.5665005512222e-17
 3.1970643476594e-17    2.8799902336452e-17     2.6072652686954e-17
 2.3721207032439e-17    2.1688396990922e-17
 7.7314686689778e-13    5.2286114434960e-13     3.6057295776100e-13
 2.5317575400140e-13    1.8071502320925e-13     1.3092625549331e-13
 9.6128471195935e-14    7.1422601451962e-14     5.3628103257325e-14
 4.0645201219496e-14    3.1066483031546e-14     2.3936236555561e-14
 1.8597691236796e-14    1.4592842238782e-14     1.1594814411268e-14
 9.3621229940101e-15    7.7090755954808e-15     6.4882733014749e-15
 5.5814176111716e-15    4.8948348695131e-15     4.3568718019597e-15
 3.9154354046338e-15    3.5350226143509e-15     3.1933077485623e-15
 2.8776681631868e-15    2.5820380334292e-15     2.3043410729650e-15
 2.0445873794986e-15    1.8035925219865e-15     1.5822066177015e-15
 1.3809192304690e-15    1.1997151970760e-15     1.0380806959713e-15
 8.9508656911157e-16    7.6950080002145e-16     6.5990151993336e-16
 5.6477570553679e-16    4.8259769067389e-16     4.1188689113157e-16
 3.5124690022611e-16    2.9938924778326e-16     2.5514531142731e-16
 2.1746956825638e-16    1.8543686581356e-16     1.5823583449462e-16
 1.3516004643389e-16    1.1559808468823e-16     9.9023331816578e-17
 8.4984013022451e-17    7.3093825199241e-17     6.3023336338183e-17
 5.4492237022780e-17    4.7262456964883e-17     4.1132115585873e-17
 3.5930249298707e-17    3.1512244788919e-17     2.7755902657508e-17
 2.4558056606073e-17    2.1831677652705e-17     1.9503399096122e-17
 1.7511404956231e-17    1.5803631593051e-17     1.4336238806779e-17
 1.3072312476202e-17    1.1980765911001e-17
 7.8210527225181e-13    5.2636176678911e-13     3.6157026640838e-13
 2.5308955851302e-13    1.8021097813925e-13     1.3030601493855e-13
 9.5521051607450e-14    7.0876788971056e-14     5.3156350915074e-14
 4.0243789736225e-14    3.0723915048441e-14     2.3635862594433e-14
 1.8318068148003e-14    1.4308203677389e-14     1.1277029461428e-14
 8.9842867824947e-15    7.2497862180998e-15     5.9351992472527e-15
 4.9330638684667e-15    4.1601586376560e-15     3.5531267603265e-15
 3.0650363316310e-15    2.6622656903343e-15     2.3215724872467e-15
 2.0274271181063e-15    1.7697334718793e-15     1.5420112606585e-15
 1.3400434929141e-15    1.1609371248742e-15     1.0025159130715e-15
 8.6295873579076e-16    7.4060574751249e-16     6.3387056310522e-16
 5.4121351885157e-16    4.6114583069056e-16     3.9224594627600e-16
 3.3317755161848e-16    2.8270407542228e-16     2.3969780651703e-16
 2.0314355904642e-16    1.7213769315310e-16     1.4588360994262e-16
 1.2368483902006e-16    1.0493668972131e-16     8.9117237225528e-17
 7.5778214791268e-17    6.4536207471579e-17     5.5064400117818e-17
 4.7085023065882e-17    4.0362559073462e-17     3.4697719537675e-17
 2.9922161275237e-17    2.5893892815438e-17     2.2493307184881e-17
 1.9619773365913e-17    1.7188718999884e-17     1.5129140426304e-17
 1.3381481626260e-17    1.1895830045169e-17     1.0630383889514e-17
 9.5501518114359e-18    8.6258515632388e-18     7.8329791358931e-18
 7.1510239480183e-18    6.5628090450076e-18
 7.9059728970732e-13    5.3014904003041e-13     3.6310308189828e-13
 2.5357375290596e-13    1.8022880942013e-13     1.3013376451789e-13
 9.5286844134702e-14    7.0637676584316e-14     5.2935546125185e-14
 4.0048346571947e-14    3.0552732512798e-14     2.3482915686506e-14
 1.8173571511986e-14    1.4159392182488e-14     1.1109497070208e-14
 8.7840655800357e-15    7.0057168857228e-15     5.6408804531164e-15
 4.5878179818257e-15    3.7688397810987e-15     3.1249801083115e-15
 2.6120339367831e-15    2.1973650342550e-15     1.8572312398365e-15
 1.5745475057277e-15    1.3370674972434e-15     1.1359641669151e-15
 9.6476956533622e-16    8.1861666134130e-16     6.9371888629848e-16
 5.8702591932520e-16    4.9600320606728e-16     4.1849407009133e-16
 3.5263435460524e-16    2.9679892571612e-16     2.4956659785231e-16
 2.0969521734718e-16    1.7610212399002e-16     1.4784741915237e-16
 1.2411879063850e-16    1.0421737936625e-16     8.7544545706425e-17
 7.3589552909108e-17    6.1918230555122e-17     5.2162670867844e-17
 4.4011979453475e-17    3.7204067242222e-17     3.1518440677339e-17
 2.6769925251254e-17    2.2803243593787e-17     1.9488362341263e-17
 1.6716520350767e-17    1.4396853177529e-17     1.2453533763139e-17
 1.0823355932531e-17    9.4536949911957e-18     8.3007877216191e-18
 7.3282820282688e-18    6.5060140014439e-18     5.8089770004952e-18
 5.2164533148907e-18    4.7112839452468e-18     4.2792561027202e-18
 3.9085911825752e-18    3.5895184532021e-18
 7.9967004643653e-13    5.3441478826621e-13     3.6504225139119e-13
 2.5440250635375e-13    1.8053503895420e-13     1.3019995505336e-13
 9.5248197631138e-14    7.0558378878064e-14     5.2845396329109e-14
 3.9960295410706e-14    3.0471144186803e-14     2.3407300273643e-14
 1.8100239906643e-14    1.4082417004585e-14     1.1021718497455e-14
 8.6783573031013e-15    6.8763341541462e-15     5.4845437617415e-15
 4.4042515285251e-15    3.5606827438299e-15     2.8971877605626e-15
 2.3709978006364e-15    1.9499906968577e-15     1.6101516472466e-15
 1.3335640622856e-15    1.1068356175047e-15     9.1989004121564e-16
 7.6506191312198e-16    6.3643446860740e-16     5.2936499761603e-16
 4.4014976441315e-16    3.6578928016907e-16     3.0382375225151e-16
 2.5221654764454e-16    2.0927004564174e-16     1.7356323074938e-16
 1.4390396642506e-16    1.1929136709758e-16     9.8885330825717e-17
 8.1981352771783e-17    6.7989401644609e-17     5.6416046961181e-17
 4.6849269717030e-17    3.8945536957168e-17     3.2418811483889e-17
 2.7031226269014e-17    2.2585193281473e-17     1.8916746641634e-17
 1.5889944524492e-17    1.3392175361791e-17     1.1330232714594e-17
 9.6270401606247e-18    8.2189230097718e-18     7.0533377244499e-18
 6.0869826531114e-18    5.2842252610943e-18     4.6157914358005e-18
 4.0576717095369e-18    3.5902073593173e-18     3.1973262892098e-18
 2.8659043715185e-18    2.5852325480792e-18     2.3465735885833e-18
 2.1427950878813e-18    1.9680672893714e-18
 8.0904396551280e-13    5.3878626000105e-13     3.6706284498595e-13
 2.5531991931566e-13    1.8093368970089e-13     1.3035495719270e-13
 9.5290135040922e-14    7.0549650313659e-14     5.2815806846173e-14
 3.9923793262325e-14    3.0433704541586e-14     2.3370594615409e-14
 1.8063349287568e-14    1.4042765023211e-14     1.0975824367538e-14
 8.6226233871863e-15    6.8078229000158e-15     5.4015854288784e-15
 4.3067470716932e-15    3.4500657023451e-15     2.7761112643998e-15
 2.2428704416218e-15    1.8184889453845e-15     1.4788036522358e-15
 1.2054540304768e-15    9.8443768997430e-16     8.0501407201367e-16
 6.5888134628754e-16    5.3956503345074e-16     4.4196764891954e-16
 3.6203840601118e-16    2.9653088395575e-16     2.4282429825660e-16
 1.9879039859832e-16    1.6269304276155e-16     1.3311127583476e-16
 1.0887949302300e-16    8.9040207381447e-17     7.2806289869105e-17
 5.9530467237439e-17    4.8680486670615e-17     3.9818779368934e-17
 3.2585745234235e-17    2.6685983076130e-17     2.1876935029690e-17
 1.7959519759494e-17    1.4770408938888e-17     1.2175663498194e-17
 1.0065495302662e-17    8.3499596371065e-18     6.9554163882678e-18
 5.8216246812154e-18    4.8993581572589e-18     4.1484469398881e-18
 3.5361682953187e-18    3.0359216322653e-18     2.6261351460172e-18
 2.2893613789833e-18    2.0115274046036e-18     1.7813123529155e-18
 1.5896306711225e-18    1.4292039507644e-18     1.2942075072250e-18
 1.1799803334209e-18    1.0827888002233e-18
$ REC e  He [+1] (G)  He [+0] (G)
& RA 6680 GOTO CODE 2.3.2D #INTERP2D
 65 1.0e+00 1.0e+04  2
 30 1.0e+08 1.0e+16  2
 2.3004339421184e-14    2.0912350384200e-14     1.9151275344580e-14
 1.7598406084773e-14    1.6148125617883e-14     1.4724365657097e-14
 1.3289498180412e-14    1.1848036187756e-14     1.0453642634999e-14
 9.2411317577406e-15    8.5008507698163e-15     8.7701738923371e-15
 1.0856948015816e-14    1.5701760389528e-14     2.4072023173984e-14
 3.6206916901599e-14    5.1591233155540e-14     6.8977434027908e-14
 8.6647263217761e-14    1.0279764106125e-13     1.1590560087791e-13
 1.2496765942566e-13    1.2957874072573e-13     1.2987479000941e-13
 1.2639290411113e-13    1.1990471438082e-13     1.1126425829298e-13
 1.0129242269625e-13    9.0703799322705e-14     8.0071385114368e-14
 6.9819773587173e-14    6.0236713255569e-14     5.1494367044166e-14
 4.3673904149792e-14    3.6789338012045e-14     3.0808383279756e-14
 2.5669430248432e-14    2.1294572932084e-14     1.7599087480125e-14
 1.4497957158957e-14    1.1910078123628e-14     9.7607295376917e-15
 7.9828013430726e-15    6.5171728391140e-15     5.3125413615049e-15
 4.3249200792571e-15    3.5169593139041e-15     2.8571960465851e-15
 2.3192993922256e-15    1.8813533066085e-15     1.5251993671047e-15
 1.2358500601332e-15    1.0009749944724e-15     8.1045754542136e-16
 6.5601665588670e-16    5.3088716778703e-16     4.2955162472381e-16
 3.4751662044131e-16    2.8112722615697e-16     2.2741365297882e-16
 1.8396498986281e-16    1.4882553946836e-16     1.2040991679617e-16
 9.7433659323543e-17    7.8856614866386e-17
 2.3814676903429e-14    2.1669500417521e-14     1.9856533136762e-14
 1.8246246052655e-14    1.6730386117761e-14     1.5234010075100e-14
 1.3723251823290e-14    1.2207322495846e-14     1.0743469177592e-14
 9.4664102778197e-15    8.6590845187634e-15     8.8398650422858e-15
 1.0783968438852e-14    1.5390158187424e-14     2.3387285161249e-14
 3.4995628747481e-14    4.9713159303552e-14     6.6339516507481e-14
 8.3227994213273e-14    9.8654690012805e-14     1.1116626974277e-13
 1.1980714628114e-13    1.2419348068988e-13     1.2445747885795e-13
 1.2111347132162e-13    1.1489886874056e-13     1.0662916778325e-13
 9.7087921786444e-14    8.6957149609485e-14     7.6783783120801e-14
 6.6973227075997e-14    5.7800390157973e-14     4.9429941758761e-14
 4.1939737674065e-14    3.5343528860832e-14     2.9610835034622e-14
 2.4683124943834e-14    2.0486241520561e-14     1.6939448145955e-14
 1.3961662269017e-14    1.1475479121115e-14     9.4095404264812e-15
 7.6997174529206e-15    6.2894827006808e-15     5.1297553642763e-15
 4.1784293998754e-15    3.3997315701348e-15     2.7635094920756e-15
 2.2445145727338e-15    1.8217194343164e-15     1.4776918413215e-15
 1.1980352803685e-15    9.7089866832250e-16     7.8655294555268e-16
 6.3702963148242e-16    5.1581510392423e-16     4.1759392986849e-16
 3.3803468544512e-16    2.7361212644443e-16     2.2146015457540e-16
 1.7925066933847e-16    1.4509403999328e-16     1.1745754083503e-16
 9.5098647043308e-17    7.7010580154430e-17
 2.4829070974045e-14    2.2608427106901e-14     2.0718213912233e-14
 1.9023304080877e-14    1.7414686640938e-14     1.5820479308515e-14
 1.4212075096557e-14    1.2604146934383e-14     1.1057487331591e-14
 9.7059094345437e-15    8.8233086657363e-15     8.9064449048844e-15
 1.0694350281676e-14    1.5040043538349e-14     2.2630660421154e-14
 3.3666435169054e-14    4.7660108120801e-14     6.3462662688147e-14
 7.9504729619535e-14    9.4147669063708e-14     1.0601295583848e-13
 1.1419639230681e-13    1.1833693225832e-13     1.1856283323868e-13
 1.1536411365037e-13    1.0944159326579e-13     1.0156950737034e-13
 9.2491374407683e-14    8.2854204374889e-14     7.3176827110948e-14
 6.3843866655306e-14    5.5116231055655e-14     4.7150317508000e-14
 4.0020206634830e-14    3.3739173508730e-14     2.8278513976132e-14
 2.3582875544858e-14    1.9582034530850e-14     1.6199475073732e-14
 1.3358305246417e-14    1.0985080102197e-14     9.0120564142910e-15
 7.3783231097940e-15    6.0301616364886e-15     4.9209062564700e-15
 4.0105021356703e-15    3.2649009750284e-15     2.6553891296343e-15
 2.1579098912851e-15    1.7524176542872e-15     1.4222850040264e-15
 1.1537725059582e-15    9.3556367492090e-16     7.5836310807545e-16
 6.1455320234442e-16    4.9790361012042e-16     4.0332715875298e-16
 3.2667604958646e-16    2.6457254266940e-16     2.1426887786457e-16
 1.7353178754206e-16    1.4054756213013e-16     1.1384420329060e-16
 9.2227722229632e-17    7.4730105220598e-17
 2.5997729315336e-14    2.3665765803255e-14     2.1663877858261e-14
 1.9853433362414e-14    1.8126333736735e-14     1.6414649320981e-14
 1.4695038442231e-14    1.2986876257641e-14     1.1353212254608e-14
 9.9252972387105e-15    8.9659111471071e-15     8.9475786534026e-15
 1.0570090677797e-14    1.4637836151698e-14     2.1794469118844e-14
 3.2220334874528e-14    4.5445234074040e-14     6.0375427571940e-14
 7.5523515699259e-14    8.9340451748814e-14     1.0052580883691e-13
 1.0822868263232e-13    1.1211135420839e-13     1.1229755136556e-13
 1.0925163730074e-13    1.0363608731060e-13     9.6181999896723e-14
 8.7591066513963e-14    7.8473704513179e-14     6.9319326515025e-14
 6.0490743299461e-14    5.2234096976871e-14     4.4696982788297e-14
 3.7949373309653e-14    3.2003892192884e-14     2.6833556368253e-14
 2.2386225247396e-14    1.8595702822865e-14     1.5389827637347e-14
 1.2696054422486e-14    1.0445063737940e-14     8.5728935371003e-15
 7.0220106466286e-15    5.7416557231527e-15     4.6877160038966e-15
 3.8223123072882e-15    3.1132320382594e-15     2.5332977776203e-15
 2.0597297009426e-15    1.6735375003441e-15     1.3589617566801e-15
 1.1029740834925e-15    8.9483847137479e-16     7.2573200761576e-16
 5.8842071592233e-16    4.7698505319365e-16     3.8658918495493e-16
 3.1328823633920e-16    2.5386807547685e-16     2.0571269319103e-16
 1.6669480779604e-16    1.3508589144754e-16     1.0948235241801e-16
 8.8745098550485e-17    7.1950143802703e-17
 2.7231323948613e-14    2.4749386626608e-14     2.2604600418251e-14
 2.0655665919813e-14    1.8795319318869e-14     1.6958684231402e-14
 1.5126197039574e-14    1.3320169304525e-14     1.1604129231289e-14
 1.0105061739592e-14    9.0728906955860e-15     8.9540082560256e-15
 1.0407063538687e-14    1.4186420623980e-14     2.0891968249011e-14
 3.0685289896703e-14    4.3115560693650e-14     5.7147187241248e-14
 7.1377435497617e-14    8.4348845147867e-14     9.4840167655901e-14
 1.0205402906289e-13    1.0567566016792e-13     1.0582353036568e-13
 1.0293548717934e-13    9.7634814226294e-14     9.0608714569871e-14
 8.2516408082978e-14    7.3931186407364e-14     6.5312609396191e-14
 5.7001320840922e-14    4.9228411915961e-14     4.2132449978353e-14
 3.5779125674480e-14    3.0180283820740e-14     2.5310576385502e-14
 2.1121024840668e-14    1.7549441821287e-14     1.4528026524270e-14
 1.1988606441197e-14    9.8660284796848e-15     8.1001627657388e-15
 6.6369112238259e-15    5.4285338753970e-15     4.4335314874536e-15
 3.6162595625764e-15    2.9463973559863e-15     2.3983560419826e-15
 1.9506807537976e-15    1.5854800384530e-15     1.2879015067503e-15
 1.0456624799241e-15    8.4863795887108e-16     6.8850424203031e-16
 5.5843423012115e-16    4.5283931564162e-16     3.6715235925404e-16
 2.9764632073969e-16    2.4128344581074e-16     1.9559038250551e-16
 1.5855512836901e-16    1.2854224030074e-16     1.0422324227358e-16
 8.4519625731611e-17    6.8556246539151e-17
 2.8456460557391e-14    2.5795629408921e-14     2.3488701260812e-14
 2.1390654586712e-14    1.9393573253568e-14     1.7433909892858e-14
 1.5494111334378e-14    1.3597789883048e-14     1.1807551857039e-14
 1.0244927403345e-14    9.1458946402639e-15     8.9296891737861e-15
 1.0213069951410e-14    1.3700301841026e-14     1.9948394901280e-14
 2.9101900645963e-14    4.0731400890740e-14     5.3861090791828e-14
 6.7173657379909e-14    7.9302982106844e-14     8.9105991280121e-14
 9.5837499882639e-14    9.9204418597857e-14     9.9319035291048e-14
 9.6592211802962e-14    9.1607991183656e-14     8.5009940742450e-14
 7.7415239845997e-14    6.9360534121778e-14     6.1275970035134e-14
 5.3480372243979e-14    4.6190018348031e-14     3.9534578584625e-14
 3.3575503048762e-14    2.8323832452775e-14     2.3755784773727e-14
 1.9825450653693e-14    1.6474550166830e-14     1.3639544647549e-14
 1.1256545464556e-14    9.2644903155977e-15     7.6070205599185e-15
 6.2334265739787e-15    5.0989540855087e-15     4.1646949125457e-15
 3.3972259704677e-15    2.7681123806812e-15     2.2533534725043e-15
 1.8328229419675e-15    1.4897345948058e-15     1.2101512768186e-15
 9.8254524875964e-16    7.9741219758164e-16     6.4693732854373e-16
 5.2470983870293e-16    4.2548100289119e-16     3.4496073113326e-16
 2.7964751640057e-16    2.2668700266992e-16     1.8375484447374e-16
 1.4896002204964e-16    1.2076527226698e-16     9.7921766121775e-17
 7.9415593412446e-17    6.4423997824539e-17
 2.9642339899798e-14    2.6784967792998e-14     2.4306390652000e-14
 2.2056010137895e-14    1.9923611806647e-14     1.7845555637500e-14
 1.5805086201259e-14    1.3826091496934e-14     1.1969390647448e-14
 1.0350304029833e-14    9.1901823808611e-15     8.8805841724454e-15
 9.9963063049304e-15    1.3192246475242e-14     1.8984177931465e-14
 2.7501795060054e-14    3.8339025686393e-14     5.0580771791922e-14
 6.2994625492526e-14    7.4303980195024e-14     8.3441333657136e-14
 8.9711006254923e-14    9.2839414609300e-14     9.2931340718661e-14
 9.0370256101156e-14    8.5701343832812e-14     7.9525458947220e-14
 7.2418943603144e-14    6.4883054927640e-14     5.7319676689672e-14
 5.0026765088532e-14    4.3206498716593e-14     3.6980133853908e-14
 3.1405161050506e-14    2.6491936289196e-14     2.2218243738276e-14
 1.8541162854607e-14    1.5406192331643e-14     1.2753903041037e-14
 1.0524531564643e-14    8.6609534449527e-15     7.1104411419436e-15
 5.8255497828483e-15    4.7644047268289e-15     3.8906000122416e-15
 3.1728610609626e-15    2.5845800797281e-15     2.1032979297845e-15
 1.7101804656531e-15    1.3895187710702e-15     1.1282697761906e-15
 9.1564498906768e-16    7.4274939588954e-16     6.0226907634720e-16
 4.8820407386172e-16    3.9564205970720e-16     3.2056798205169e-16
 2.5970494724196e-16    2.1038187187674e-16     1.7042385710032e-16
 1.3806169772150e-16    1.1185740279639e-16     9.0643044480762e-17
 7.3470653930787e-17    5.9571240818808e-17
 3.0781911787276e-14    2.7716397432670e-14     2.5060452488664e-14
 2.2656153251155e-14    2.0389810055870e-14     1.8196905055558e-14
 1.6060892949163e-14    1.4005394955144e-14     1.2088867451907e-14
 1.0419797002586e-14    9.2042825054598e-15     8.8057560374838e-15
 9.7571223911856e-15    1.2664871317853e-14     1.8005470295284e-14
 2.5896223330814e-14    3.5956547801580e-14     4.7332985987269e-14
 5.8877269837186e-14    6.9399947241687e-14     7.7905738722965e-14
 8.3744942234321e-14    8.6660502770837e-14     8.6747730578804e-14
 8.4361899209039e-14    8.0009570846256e-14     7.4249908169771e-14
 6.7619899676997e-14    6.0587068519798e-14     5.3526634996758e-14
 4.6717083637257e-14    4.0347613888926e-14     3.4531893047503e-14
 2.9324002182769e-14    2.4733928914743e-14     2.0741155808511e-14
 1.7305748292830e-14    1.4376889385523e-14     1.1899109482185e-14
 9.8165920626909e-15    8.0759636471449e-15     6.6279456602639e-15
 5.4281887570902e-15    4.4375460018028e-15     3.6219807327338e-15
 2.9522529038343e-15    2.4034856361952e-15     1.9546812273015e-15
 1.5882316969057e-15    1.2894515194937e-15     1.0461480413886e-15
 8.4823686266919e-16    6.8740413092076e-16     5.5681439875544e-16
 4.5086081224890e-16    3.6495345738021e-16     2.9534136437252e-16
 2.3896372217335e-16    1.9332612806487e-16     1.5639808421570e-16
 1.2652838501662e-16    1.0237547366610e-16     8.2850258653165e-17
 6.7069257116306e-17    5.4316266932329e-17
 3.1874780546925e-14    2.8590421691122e-14     2.5750814591489e-14
 2.3189343585466e-14    2.0788203641877e-14     1.8481756915278e-14
 1.6253503377547e-14    1.4126485137214e-14     1.2156255906775e-14
 1.0443728636976e-14    9.1788938695099e-15     8.6962527548356e-15
 9.4863878320140e-15    1.2107738140924e-14     1.6998858995168e-14
 2.4266911566540e-14    3.3559257251526e-14     4.4085889363095e-14
 5.4783174646410e-14    6.4547769799757e-14     7.2454289344338e-14
 7.7895976030731e-14    8.0629230877050e-14     8.0737331236317e-14
 7.8545633769441e-14    7.4521301061319e-14     6.9181878471121e-14
 6.3025732179823e-14    5.6487801063538e-14     4.9917984076199e-14
 4.3576645526323e-14    3.7641238069961e-14     3.2218878099401e-14
 2.7361050103727e-14    2.3077962535157e-14     1.9351184004736e-14
 1.6143985001847e-14    1.3409319858012e-14     1.1095668409851e-14
 9.1510846535874e-15    7.5258286661138e-15     6.1739319314098e-15
 5.0539945455685e-15    4.1294538430077e-15     3.3685079307534e-15
 2.7438291960822e-15    2.2321635710257e-15     1.8138809006698e-15
 1.4725190584911e-15    1.1943480427353e-15     9.6796882306241e-16
 7.8395393843456e-16    6.3453179569292e-16     5.1331348977985e-16
 4.1505917116812e-16    3.3548008505060e-16     2.7107208698783e-16
 2.1897648039933e-16    1.7686427186963e-16     1.4284029992215e-16
 1.1536409635493e-16    9.3184745913572e-17     7.5287396172418e-17
 6.0849422188837e-17    4.9204564373490e-17
 3.2936811568418e-14    2.9417775422374e-14     2.6383030093514e-14
 2.3656164487873e-14    2.1114971740438e-14     1.8692766328101e-14
 1.6373101935923e-14    1.4178120588036e-14     1.2159762710531e-14
 1.0410325363066e-14    9.1023734893811e-15     8.5399504073547e-15
 9.1697984977438e-15    1.1501256460549e-14     1.5934941304391e-14
 2.2569200283075e-14    3.1081877182511e-14     4.0749545552552e-14
 5.0596086084387e-14    5.9606160497183e-14     6.6924800587168e-14
 7.1987357874917e-14    7.4561823117449e-14     7.4717029222293e-14
 7.2745944952098e-14    6.9074183325283e-14     6.4176072655240e-14
 5.8510388365143e-14    5.2479113319600e-14     4.6406943061955e-14
 4.0536590370457e-14    3.5034440812477e-14     3.0001829626498e-14
 2.5488411685491e-14    2.1505317475186e-14     1.8036800897456e-14
 1.5049819952631e-14    1.2501466424174e-14     1.0344429666443e-14
 8.5308036933864e-15    7.0145784319586e-15     5.7531355065208e-15
 4.7080236081662e-15    3.8452354906276e-15     3.1351575575096e-15
 2.5523185040417e-15    2.0750271335645e-15     1.6849611509413e-15
 1.3667475039958e-15    1.1075594261422e-15     8.9674450932700e-16
 7.2549076553472e-16    5.8653281431586e-16     4.7389732636699e-16
 3.8268510878106e-16    3.0888632462348e-16     2.4922500294222e-16
 2.0102900643166e-16    1.6212183955481e-16     1.3073300371004e-16
 1.0542397524957e-16    8.5027257572175e-17     6.8596316811110e-17
 5.5364539034160e-17    4.4711639712751e-17
 3.4004704148498e-14    3.0223138451717e-14     2.6971763271813e-14
 2.4063054112123e-14    2.1370084365681e-14     1.8825178287034e-14
 1.6411837242305e-14    1.4150733912136e-14     1.2089133487967e-14
 1.0309249643049e-14    8.9643638065173e-15     8.3257545100755e-15
 8.7936604820543e-15    1.0825774943245e-14     1.4783171228587e-14
 2.0755532476822e-14    2.8453457392094e-14     3.7224180501432e-14
 4.6184092583754e-14    5.4410648370635e-14     6.1122908380148e-14
 6.5800209288915e-14    6.8222187524036e-14     6.8441762976734e-14
 6.6717033905618e-14    6.3429124850614e-14     5.9006234395038e-14
 5.3865004109344e-14    4.8372478361733e-14     4.2826786472283e-14
 3.7452209891665e-14    3.2403776535114e-14     2.7777121129934e-14
 2.3620402310455e-14    1.9946154368216e-14     1.6741863370880e-14
 1.3978726012743e-14    1.1618486789169e-14     9.6185006467783e-15
 7.9352881109726e-15    6.5268844826386e-15     5.3542704381435e-15
 4.3821331346155e-15    3.5791605309426e-15     2.9180261390078e-15
 2.3751813134777e-15    1.9305391345469e-15     1.5671079808733e-15
 1.2706132872991e-15    1.0291316470995e-15     8.3275128146156e-16
 6.7326594172274e-16    5.4390471741837e-16     4.3909732392492e-16
 3.5427273218076e-16    2.8568809875520e-16     2.3028458273476e-16
 1.8556660075992e-16    1.4950123786777e-16     1.2043480791593e-16
 9.7023882952635e-17    7.8178447684939e-17     6.3015160040040e-17
 5.0818998606314e-17    4.1011846284986e-17
 3.5112402633087e-14    3.1024951310419e-14     2.7523835820909e-14
 2.4408289777376e-14    2.1545889477280e-14     1.8867673526267e-14
 1.6356589586835e-14    1.4030803685909e-14     1.1931354736087e-14
 1.0128451071767e-14    8.7538104916139e-15     8.0431773127073e-15
 8.3470160259465e-15    1.0068015546105e-14     1.3525137424653e-14
 1.8798643607111e-14    2.5633604609992e-14     3.3452057259703e-14
 4.1468692133081e-14    4.8859988257598e-14     5.4924488204243e-14
 5.9189300139880e-14    6.1447428607878e-14     6.1735613935139e-14
 6.0275237574443e-14    5.7400077789596e-14     5.3488908065815e-14
 4.8912980634716e-14    4.4001519588909e-14     3.9023766435345e-14
 3.4183872126225e-14    2.9624402810262e-14     2.5434701913111e-14
 2.1661247822100e-14    1.8318091525498e-14     1.5396261282065e-14
 1.2871616850966e-14    1.0711030405018e-14     8.8770023929250e-15
 7.3309345813230e-15    6.0353194234258e-15     4.9550969073289e-15
 4.0583992594297e-15    3.3168646252452e-15     2.7056614689870e-15
 2.2033302030427e-15    1.7915191905969e-15     1.4546689763038e-15
 1.1796808518225e-15    9.5559276955676e-16     7.7327627270049e-16
 6.2516163153908e-16    5.0499404891996e-16     4.0762102475227e-16
 3.2880929690444e-16    2.6508885859597e-16     2.1362113932876e-16
 1.7208834703471e-16    1.3860107755634e-16     1.1162151758695e-16
 8.9899841295817e-17    7.2421691947818e-17     5.8364924986198e-17
 4.7064054854893e-17    3.7981087535969e-17
 3.6256059192465e-14    3.1805953204903e-14     2.8013489260251e-14
 2.4661346382557e-14    2.1610087116285e-14     1.8788548377050e-14
 1.6177958662031e-14    1.3792241952465e-14     1.1664037883455e-14
 9.8491967424673e-15    8.4554225852550e-15     7.6802578171455e-15
 7.8214228541499e-15    9.2235592117287e-15     1.2161020796310e-14
 1.6703510938708e-14    2.2631432042823e-14     2.9444636067076e-14
 3.6460852493228e-14    4.2961183022042e-14     4.8329087190845e-14
 5.2143828546385e-14    5.4214553672270e-14     5.4562816413013e-14
 5.3372657569307e-14    5.0928650859371e-14     4.7557524506304e-14
 4.3582215757747e-14    3.9291269645828e-14     3.4922506549690e-14
 3.0657883956690e-14    2.6625963031858e-14     2.2908752425584e-14
 1.9550443541189e-14    1.6566350414969e-14     1.3951055181158e-14
 1.1685276507862e-14    9.7413253868109e-15     8.0872197556154e-15
 6.6896350858148e-15    5.5159059656844e-15     4.5352913846867e-15
 3.7196930210408e-15    3.0439839286184e-15     2.4860721001195e-15
 2.0267934114349e-15    1.6497031284330e-15     1.3408148441018e-15
 1.0883200647438e-15    8.8230999732534e-16     7.1451267067059e-16
 5.7805261696397e-16    4.6723633958326e-16     3.7736418455594e-16
 3.0456762105398e-16    2.4567001686401e-16     1.9806854418717e-16
 1.5963470685250e-16    1.2863102735789e-16     1.0364159147274e-16
 8.3514365595288e-17    6.7313442206371e-17     5.4279609240366e-17
 4.3797866468762e-17    3.5370718871022e-17
 3.7359999556664e-14    3.2485859322655e-14     2.8360083680100e-14
 2.4744481082713e-14    2.1490465792234e-14     1.8523112032639e-14
 1.5819944290072e-14    1.3388018261290e-14     1.1248657673888e-14
 9.4406011448626e-15    8.0451620365793e-15     7.2196340738325e-15
 7.2071523018167e-15    8.2926435860489e-15     1.0704486854132e-14
 1.4501014345323e-14    1.9498000908535e-14     2.5274229418808e-14
 3.1252690588975e-14    3.6822220059447e-14     4.1454760388729e-14
 4.4785211555063e-14    4.6641753220014e-14     4.7032698554497e-14
 4.6105598817948e-14    4.4095628997156e-14     4.1276429451793e-14
 3.7921005975549e-14    3.4275320821911e-14     3.0543832970736e-14
 2.6884518040257e-14    2.3410414648468e-14     2.0195005746901e-14
 1.7279337654288e-14    1.4679434514754e-14     1.2393137651048e-14
 1.0405933743627e-14    8.6956316987155e-15     7.2359279439906e-15
 5.9989946464796e-15    4.9572624016569e-15     4.0845711322899e-15
 3.3568462841445e-15    2.7524326135377e-15     2.2521914151840e-15
 1.8394424729505e-15    1.4998109444510e-15     1.2210222704734e-15
 9.9267485039513e-16    8.0601015497430e-16     6.5369258978440e-16
 5.2960619150740e-16    4.2867164051456e-16     3.4668468151607e-16
 2.8017552791634e-16    2.2628792621421e-16     1.8267608175503e-16
 1.4741745469788e-16    1.1893942374160e-16     9.5957913523061e-17
 7.7426240543249e-17    6.2492618967218e-17     5.0464960414764e-17
 4.0781787626386e-17    3.2988253246221e-17
 3.8252056365799e-14    3.2904918404424e-14     2.8417458795260e-14
 2.4526324011496e-14    2.1071697323737e-14     1.7972926494881e-14
 1.5200953479262e-14    1.2752281541130e-14     1.0633191248534e-14
 8.8622646500570e-15    7.4923894419072e-15     6.6395656644142e-15
 6.4920816885681e-15    7.2753417492044e-15     9.1719760633171e-15
 1.2228838748677e-14    1.6296522534625e-14     2.1031971221009e-14
 2.5962918193011e-14    3.0586121904973e-14     3.4463126685239e-14
 3.7286420846365e-14    3.8905649835462e-14     3.9318339869536e-14
 3.8637611277739e-14    3.7050630519842e-14     3.4778572962057e-14
 3.2044421305514e-14    2.9050902038476e-14     2.5968095312887e-14
 2.2928807265450e-14    2.0029357968281e-14     1.7333616141529e-14
 1.4878570904909e-14    1.2680249628792e-14     1.0739250058084e-14
 9.0455077679835e-15    7.5821634331985e-15     6.3285448542339e-15
 5.2623602437975e-15    4.3612335226802e-15     3.6037175706889e-15
 2.9699104570879e-15    2.4417813820578e-15     2.0032927836882e-15
 1.6403858149654e-15    1.3408796150037e-15     1.0943209793158e-15
 8.9181011616616e-16    7.2581983514211e-16     5.9001933466878e-16
 4.7910929674252e-16    3.8867187593955e-16     3.1503705255553e-16
 2.5516544009370e-16    2.0654678662142e-16     1.6711292861431e-16
 1.3516372685513e-16    1.0930445055540e-16     8.8393116468872e-17
 7.1496391192883e-17    5.7852797375121e-17     4.6842108594920e-17
 3.7959960656155e-17    3.0796841519870e-17
 3.8718716909187e-14    3.2879990430072e-14     2.8030389284108e-14
 2.3878382809196e-14    2.0251392984560e-14     1.7060536559517e-14
 1.4266022018438e-14    1.1848880309535e-14     9.7960547898157e-15
 8.1032703564536e-15    6.7941918054539e-15     5.9445083728022e-15
 5.6899846914740e-15    6.1993151420882e-15     7.6114781706060e-15
 9.9621068860626e-15    1.3134573633838e-14     1.6860150304311e-14
 2.0766918376315e-14    2.4456001645287e-14     2.7576835291204e-14
 2.9879966491591e-14    3.1238852515075e-14     3.1643748478106e-14
 3.1177216325019e-14    2.9981951367114e-14     2.8229414778001e-14
 2.6094337956142e-14    2.3737024008618e-14     2.1293184521768e-14
 1.8869885738905e-14    1.6545806374457e-14     1.4374124401972e-14
 1.2386693236964e-14    1.0598564413115e-14     9.0122690400013e-15
 7.6215458168363e-15    6.4143952358803e-15     5.3754596748855e-15
 4.4877955307520e-15    3.7341328534729e-15     3.0977241910310e-15
 2.5628775865105e-15    2.1152557179862e-15     1.7420082943946e-15
 1.4317904316990e-15    1.1747070242566e-15     9.6221254430532e-16
 7.8698725135382e-16    6.4280426620003e-16     5.2439706837955e-16
 4.2733339478401e-16    3.4789896702537e-16     2.8299271081599e-16
 2.3003394863948e-16    1.8688129118973e-16     1.5176249931240e-16
 1.2321434517556e-16    1.0003140064968e-16     8.1222672684776e-17
 6.5975054385246e-17    5.3622641414392e-17     4.3621059446607e-17
 3.5526048371822e-17    2.8975645894753e-17
 3.8769575228488e-14    3.2428858276358e-14     2.7226370826126e-14
 2.2839973021986e-14    1.9082064647935e-14     1.5850898675370e-14
 1.3089354737806e-14    1.0756569240165e-14     8.8158550929952e-15
 7.2387411012254e-15    6.0212636605079e-15     5.2029705955168e-15
 4.8730835246581e-15    5.1498264285707e-15     6.1327797704472e-15
 7.8465609717834e-15    1.0202687359317e-14     1.2998254888386e-14
 1.5951627029143e-14    1.8759309630031e-14     2.1152745454075e-14
 2.2938638222653e-14    2.4016098341739e-14     2.4372701815627e-14
 2.4066506636871e-14    2.3202048188930e-14     2.1906738310772e-14
 2.0311543773244e-14    1.8537456731820e-14     1.6687610975367e-14
 1.4844005435865e-14    1.3067501904933e-14     1.1399839457994e-14
 9.8666588683607e-15    8.4808243864499e-15     7.2455953073350e-15
 6.1574062405528e-15    5.2081594685858e-15     4.3870237101302e-15
 3.6817844384581e-15    3.0798138509987e-15     2.5687341517386e-15
 2.1368434829294e-15    1.7733647494795e-15     1.4685669129349e-15
 1.2137979163504e-15    1.0014591442136e-15     8.2494357771459e-16
 6.7855359170119e-16    5.5740951760298e-16     4.5735645777868e-16
 3.7487415687417e-16    3.0699280841804e-16     2.5121632681476e-16
 2.0545369487713e-16    1.6795839576991e-16     1.3727556311559e-16
 1.1219626843864e-16    9.1718260580139e-17     7.5012440366400e-17
 6.1394369191562e-17    5.0300153140303e-17     4.1266101857000e-17
 3.3911624688189e-17    2.7924890005788e-17
 3.9009562212666e-14    3.2053776916923e-14     2.6431820565894e-14
 2.1782777534011e-14    1.7894890870532e-14     1.4641758898550e-14
 1.1937074330146e-14    9.7094706417083e-15     7.8947357666454e-15
 6.4406523926589e-15    5.3195613351716e-15     4.5416515615123e-15
 4.1583439549275e-15    4.2461388960196e-15     4.8710077268000e-15
 6.0466048466246e-15    7.7057892824303e-15     9.6990309508652e-15
 1.1819892291937e-14    1.3846094959533e-14     1.5580680372344e-14
 1.6881299152079e-14    1.7672710211521e-14     1.7943982300750e-14
 1.7735501996865e-14    1.7121606504006e-14     1.6193499808192e-14
 1.5045259643285e-14    1.3764028698611e-14     1.2424282669424e-14
 1.1085423613160e-14    9.7917359709869e-15     8.5737986614899e-15
 7.4506284997066e-15    6.4320425313841e-15     5.5209177223477e-15
 4.7151747640976e-15    4.0094163350094e-15     3.3962152207889e-15
 2.8670840229658e-15    2.4131745685748e-15     2.0257591275244e-15
 1.6965425009768e-15    1.4178476196045e-15     1.1827097544200e-15
 9.8490708796134e-16    8.1894885941552e-16     6.8003683331855e-16
 5.6401145660604e-16    4.6729066524734e-16     3.8680673064168e-16
 3.1994463976744e-16    2.6448413529827e-16     2.1854658281072e-16
 1.8054717256276e-16    1.4915252985016e-16     1.2324353362652e-16
 1.0188298296465e-16    8.4287669463245e-17     6.9804384933934e-17
 5.7889398998745e-17    4.8090966881686e-17     4.0034464406876e-17
 3.3409788557389e-17    2.7960703719868e-17
 4.0740341034490e-14    3.2778667521772e-14     2.6471456068946e-14
 2.1387268178671e-14    1.7260025289253e-14     1.3911519815984e-14
 1.1206492963616e-14    9.0323918009673e-15     7.2941708662803e-15
 5.9172020602092e-15    4.8543950702199e-15     4.0932607532751e-15
 3.6560086330868e-15    3.5861928894111e-15     3.9221407446276e-15
 4.6666448359145e-15    5.7666442337134e-15     7.1122531616872e-15
 8.5549468287339e-15    9.9365350070255e-15     1.1117908992021e-14
 1.1999207218488e-14    1.2528096543948e-14     1.2697371990340e-14
 1.2535552630439e-14    1.2094578763897e-14     1.1437847605351e-14
 1.0630502177358e-14    9.7326865971125e-15     8.7956529100747e-15
 7.8601704417338e-15    6.9565554300107e-15     6.1056878159613e-15
 5.3205145240122e-15    4.6076887739343e-15     3.9691279707623e-15
 3.4033749058409e-15    2.9067176433499e-15     2.4740673389377e-15
 2.0996173643815e-15    1.7773176824269e-15     1.5012006585741e-15
 1.2655920762393e-15    1.0652365174559e-15     8.9536100279882e-16
 7.5169570610948e-16    6.3046608402653e-16     5.2836704018010e-16
 4.4252677225891e-16    3.7046565269406e-16     3.1005376367788e-16
 2.5946943437528e-16    2.1716021183132e-16     1.8180705523021e-16
 1.5229210083788e-16    1.2767005404479e-16     1.0714307951343e-16
 9.0038951105132e-17    7.5792166473608e-17     6.3927709910228e-17
 5.4047149043093e-17    4.5816767255436e-17     3.8957458077843e-17
 3.3236135845461e-17    2.8458445708423e-17
 4.5706362504292e-14    3.5902996823402e-14     2.8341456390163e-14
 2.2433546910754e-14    1.7791536174553e-14     1.4138712806651e-14
 1.1263860849530e-14    9.0004972746683e-15     7.2178863610400e-15
 5.8177581177825e-15    4.7344414953093e-15     3.9357820866336e-15
 3.4200231446788e-15    3.2040739252803e-15     3.3034117851263e-15
 3.7103158186030e-15    4.3798483886073e-15     5.2296723853166e-15
 6.1530617627345e-15    7.0389567341502e-15     7.7913801106928e-15
 8.3426144507088e-15    8.6581217901995e-15     8.7342518116967e-15
 8.5913801462535e-15    8.2653065531614e-15     7.7990789614685e-15
 7.2364773334125e-15    6.6175737781345e-15     5.9762388976969e-15
 5.3391901483684e-15    4.7261054387450e-15     4.1503708283725e-15
 3.6201278763117e-15    3.1393907291050e-15     2.7090933087708e-15
 2.3279949933212e-15    1.9934193937004e-15     1.7018289537080e-15
 1.4492531239183e-15    1.2315940480274e-15     1.0448345645399e-15
 8.8517128748659e-16    7.4909219795797e-16     6.3341452147609e-16
 5.3529521605863e-16    4.5222339696939e-16     3.8200155746313e-16
 3.2272049115125e-16    2.7273132269320e-16     2.3061693279104e-16
 1.9516424440715e-16    1.6533825208782e-16     1.4025826933808e-16
 1.1917659098639e-16    1.0145958632848e-16     8.6571124559375e-17
 7.4058167427425e-17    6.3538330064616e-17     5.4689198726150e-17
 4.7239196146753e-17    4.0959795821987e-17     3.5658902173467e-17
 3.1175231509541e-17    2.7373547401394e-17
 5.5780698555828e-14    4.2720296589151e-14     3.2953703483913e-14
 2.5565910644209e-14    1.9935958440126e-14     1.5622091191121e-14
 1.2300349019178e-14    9.7299699079112e-15     7.7321071444263e-15
 6.1763821196445e-15    4.9729438179591e-15     4.0673954880350e-15
 3.4345288095968e-15    3.0673053029405e-15     2.9611660384724e-15
 3.0982381393410e-15    3.4376552055713e-15     3.9156903518571e-15
 4.4547737577105e-15    4.9769175182180e-15     5.4163123374782e-15
 5.7274786682530e-15    5.8878386603568e-15     5.8955895238549e-15
 5.7647344196586e-15    5.5191652039452e-15     5.1871942827825e-15
 4.7972929393931e-15    4.3752548237680e-15     3.9426565465249e-15
 3.5163231958303e-15    3.1084728749614e-15     2.7272540485131e-15
 2.3774585191762e-15    2.0612638642444e-15     1.7789188101733e-15
 1.5293290160272e-15    1.3105300240719e-15     1.1200515358266e-15
 9.5518613801736e-16    8.1317898979809e-16     6.9135508476942e-16
 5.8719906832216e-16    4.9840023628384e-16     4.2287285992734e-16
 3.5875969246680e-16    3.0442455079989e-16     2.5843827093589e-16
 2.1956108368764e-16    1.8672350473499e-16     1.5900712661406e-16
 1.3562618779588e-16    1.1591043136310e-16     9.9289515691785e-17
 8.5279070905050e-17    7.3468386484100e-17     6.3509648523614e-17
 5.5108607379420e-17    4.8016538396803e-17     4.2023353234383e-17
 3.6951722348950e-17    3.2652077085807e-17     2.8998370464344e-17
 2.5884487524929e-17    2.3221208267224e-17
 7.2470951016098e-14    5.4106811571457e-14     4.0792717293238e-14
 3.1017744906970e-14    2.3766852863125e-14     1.8339288704392e-14
 1.4242329508346e-14    1.1125436167957e-14     8.7375933950937e-15
 6.8994377455748e-15    5.4854196962369e-15     4.4119870566714e-15
 3.6275944554631e-15    3.1013320687088e-15     2.8098381985074e-15
 2.7252844189102e-15    2.8082277695420e-15     3.0073529592381e-15
 3.2651098598471e-15    3.5260891413002e-15     3.7446834528755e-15
 3.8897723983495e-15    3.9458233531467e-15     3.9110741186288e-15
 3.7940360453743e-15    3.6095303740334e-15     3.3751217027156e-15
 3.1083932192397e-15    2.8251679250309e-15     2.5385685826487e-15
 2.2587149060757e-15    1.9928433671578e-15     1.7456657662392e-15
 1.5198296527784e-15    1.3163900703928e-15     1.1352401919266e-15
 9.7547600016238e-16    8.3568823263633e-16     7.1418532459142e-16
 6.0915633464610e-16    5.1878466139025e-16     4.4132320370630e-16
 3.7514044569959e-16    3.1874537919794e-16     2.7079757024932e-16
 2.3010721660096e-16    1.9562880691777e-16     1.6645099563408e-16
 1.4178453092061e-16    1.2094948650492e-16     1.0336261574459e-16
 8.8525334896873e-17    7.6012623858797e-17     6.5462983020801e-17
 5.6569485219290e-17    4.9071898567430e-17     4.2749817803843e-17
 3.7416721044485e-17    3.2914859685477e-17     2.9110887538128e-17
 2.5892138284828e-17    2.3163466002755e-17     2.0844570619974e-17
 1.8867737828290e-17    1.7175930786278e-17
 9.5718257654099e-14    6.9674022985574e-14     5.1338972076373e-14
 3.8243379867802e-14    2.8769062013555e-14     2.1833963752619e-14
 1.6702620450035e-14    1.2868268786240e-14     9.9777618877491e-15
 7.7833049620019e-15    6.1114373591425e-15     4.8426292206265e-15
 3.8963166382599e-15    3.2178584220534e-15     2.7663500886460e-15
 2.5045119470535e-15    2.3926004357380e-15     2.3872196357153e-15
 2.4441004193710e-15    2.5226908255693e-15     2.5903423053492e-15
 2.6246974333009e-15    2.6139376428819e-15     2.5553288205804e-15
 2.4528339900834e-15    2.3145271021463e-15     2.1503172100108e-15
 1.9702331655033e-15    1.7833137369973e-15     1.5970239554681e-15
 1.4170660726313e-15    1.2474495100079e-15     1.0907056431966e-15
 9.4816344722653e-16    8.2023105865534e-16     7.0665178788840e-16
 6.0671992419874e-16    5.1945257147689e-16     4.4372002374813e-16
 3.7834026851947e-16    3.2214422767680e-16     2.7401819237290e-16
 2.3292916108927e-16    1.9793782009243e-16     1.6820292426893e-16
 1.4297995194397e-16    1.2161616275865e-16     1.0354359028323e-16
 8.8271038075535e-17    7.5375799620133e-17     6.4495567328012e-17
 5.5320812868359e-17    4.7587793629916e-17     4.1072253564100e-17
 3.5583829738507e-17    3.0961140394935e-17     2.7067509448794e-17
 2.3787271570397e-17    2.1022597845706e-17     1.8690782060973e-17
 1.6721930260062e-17    1.5057000206026e-17     1.3646142057559e-17
 1.2447296466790e-17    1.1425011188024e-17
 1.2261144460180e-13    8.7115525885061e-14     6.2805786570621e-14
 4.5880304536340e-14    3.3916540788729e-14     2.5341361793072e-14
 1.9115748430758e-14    1.4542680654888e-14     1.1147886421598e-14
 8.6048713322026e-15    6.6873502850423e-15     5.2384822648211e-15
 4.1498354500594e-15    3.3455981786517e-15     2.7699737407735e-15
 2.3776031850856e-15    2.1275878301312e-15     1.9812102238071e-15
 1.9024979919227e-15    1.8601544574192e-15     1.8294317613848e-15
 1.7930670452485e-15    1.7410556796643e-15     1.6695067011111e-15
 1.5790221309546e-15    1.4730194449153e-15     1.3562833449786e-15
 1.2338814000777e-15    1.1104595157223e-15     9.8986275313831e-16
 8.7499855281055e-16    7.6785894963317e-16     6.6963234669133e-16
 5.8085406374859e-16    5.0156250560063e-16     4.3144193268787e-16
 3.6994288578882e-16    3.1637782636447e-16     2.6999329808356e-16
 2.3002175809631e-16    1.9571684843389e-16     1.6637580341987e-16
 1.4135226263940e-16    1.2006220034478e-16     1.0198511586089e-16
 8.6662119150644e-17    7.3692116620570e-17     6.2726958496970e-17
 5.3466143508148e-17    4.5651477394749e-17     3.9061936450088e-17
 3.3508883679663e-17    2.8831713540971e-17     2.4893953074211e-17
 2.1579816071722e-17    1.8791187956034e-17     1.6445008393349e-17
 1.4471013680009e-17    1.2809799643203e-17     1.1411166762161e-17
 1.0232711507322e-17    9.2386308300077e-18     8.3987099277956e-18
 7.6874666163530e-18    7.0834287229150e-18
 1.4823900393317e-13    1.0316374403166e-13     7.3022334674443e-14
 5.2487502352273e-14    3.8253153755983e-14     2.8226923887659e-14
 2.1060010473061e-14    1.5867636083098e-14     1.2059817434944e-14
 9.2373152630455e-15    7.1267674343010e-15     5.5395103608152e-15
 4.3445191338145e-15    3.4496315236995e-15     2.7879260485969e-15
 2.3079851649531e-15    1.9676336440797e-15     1.7307275520778e-15
 1.5661808836114e-15    1.4481689133695e-15     1.3565536705970e-15
 1.2769421882782e-15    1.2001966108097e-15     1.1215051466019e-15
 1.0392462773269e-15    9.5387155610917e-16     8.6695936888962e-16
 7.8050744953464e-16    6.9646580971741e-16     6.1647296460807e-16
 5.4174338537368e-16    4.7305497450659e-16     4.1079427701866e-16
 3.5502852564124e-16    3.0558424030186e-16     2.6212058202111e-16
 2.2419169932527e-16    1.9129622301094e-16     1.6291433987420e-16
 1.3853402066708e-16    1.1766839475556e-16     9.9866263326080e-17
 8.4717528136318e-17    7.1855013721928e-17     6.0953851873454e-17
 5.1729316242696e-17    4.3933758026076e-17     3.7353103621867e-17
 3.1803228619073e-17    2.7126412840360e-17     2.3188001634524e-17
 1.9873342307695e-17    1.7085026104000e-17     1.4740440697041e-17
 1.2769622113671e-17    1.1113385683163e-17     9.7217108414833e-18
 8.5523529148139e-18    7.5696552605841e-18     6.7435365467745e-18
 6.0486299766057e-18    5.4635535264159e-18     4.9702925475758e-18
 4.5536782665654e-18    4.2009477313461e-18
 1.6882252169164e-13    1.1567993295691e-13     8.0785178472539e-14
 5.7394525447644e-14    4.1411160006619e-14     3.0293660925955e-14
 2.2433656209566e-14    1.6793593953067e-14     1.2691878351896e-14
 9.6731570239652e-15    7.4287005861283e-15     5.7466197248156e-15
 4.4799101603520e-15    3.5251788525950e-15     2.8080074765348e-15
 2.2728713772335e-15    1.8765464678123e-15     1.5842374958806e-15
 1.3676271985194e-15    1.2040225800819e-15     1.0759118663245e-15
 9.7050415460263e-16    8.7908914943718e-16     7.9624027933941e-16
 7.1896775044403e-16    6.4593211879559e-16     5.7679251410845e-16
 5.1171883812809e-16    4.5106193002713e-16     3.9515530217036e-16
 3.4421481293307e-16    2.9830411501248e-16     2.5733954884003e-16
 2.2111521048760e-16    1.8933540802965e-16     1.6164687567024e-16
 1.3766679410129e-16    1.1700507298416e-16     9.9280775416999e-17
 8.4133309066936e-17    7.1229313894884e-17     6.0266225297656e-17
 5.0973405281080e-17    4.3111590735162e-17     3.6471251929933e-17
 3.0870309527227e-17    2.6151535199714e-17     2.2179861705395e-17
 1.8839751930258e-17    1.6032719549106e-17     1.3675053116141e-17
 1.1695766891808e-17    1.0034782669997e-17     8.6413347146125e-18
 7.4725827013541e-18    6.4924138417334e-18     5.6704139917614e-18
 4.9809877038161e-18    4.4026082745589e-18     3.9171804317008e-18
 3.5095001041306e-18    3.1667975212545e-18     2.8783515820179e-18
 2.6351649700761e-18    2.4296908462288e-18
 1.8361446290032e-13    1.2450596830823e-13     8.6171918343768e-14
 6.0754901255106e-14    4.3551510678932e-14     3.1683759691326e-14
 2.3352904552039e-14    1.7411558468478e-14     1.3113447286682e-14
 9.9642586640102e-15    7.6311013979820e-15     5.8864868358384e-15
 4.5728698641461e-15    3.5795667782191e-15     2.8273314790725e-15
 2.2579603253291e-15    1.8274371603766e-15     1.5016340577473e-15
 1.2537650264651e-15    1.0629013556094e-15     9.1301433368017e-16
 7.9220846636255e-16    6.9199134153445e-16     6.0655243379385e-16
 5.3208355787200e-16    4.6618448065885e-16     4.0738215465620e-16
 3.5477044314445e-16    3.0775983428176e-16     2.6591697500441e-16
 2.2887112145377e-16    1.9626643580799e-16     1.6774309799220e-16
 1.4293474253793e-16    1.2147380447714e-16     1.0299957449375e-16
 8.7166066241084e-17    7.3648324163333e-17     6.2146727029582e-17
 5.2389353526788e-17    4.4132716097026e-17     3.7161247181952e-17
 3.1285911251440e-17    2.6342263665202e-17     2.2188211301049e-17
 1.8701664967091e-17    1.5778217153194e-17     1.3328932797617e-17
 1.1278305650508e-17    9.5624069900974e-18     8.1272353642636e-18
 6.9272638934581e-18    5.9241740781112e-18     5.0857607392250e-18
 4.3849907186523e-18    3.7991975632628e-18     3.3093950462246e-18
 2.8996936329878e-18    2.5568055822168e-18     2.2696260579150e-18
 2.0288792760962e-18    1.8268202133939e-18     1.6569837244645e-18
 1.5139740415650e-18    1.3932885734690e-18
 1.9398302895642e-13    1.3063111592527e-13     8.9878969471495e-14
 6.3052816954960e-14    4.5009037295807e-14     3.2628381562617e-14
 2.3977389249392e-14    1.7831901054864e-14     1.3400935137845e-14
 1.0163514786019e-14    7.7703672737340e-15     5.9835353847319e-15
 4.6384813424559e-15    3.6197342539851e-15     2.8448855704129e-15
 2.2539398745867e-15    1.8022643929371e-15     1.4560139015833e-15
 1.1892205615217e-15    9.8193087212910e-16     8.1894187099762e-16
 6.8885132086461e-16    5.8327222027610e-16     4.9615367065546e-16
 4.2319747042859e-16    3.6137467676087e-16     3.0854385714226e-16
 2.6316471774884e-16    2.2409390697957e-16     1.9044639420091e-16
 1.6150573244840e-16    1.3666857409482e-16     1.1541181489746e-16
 9.7273824243985e-17    8.1843892444877e-17     6.8756113902730e-17
 5.7685425713784e-17    4.8344532064758e-17     4.0481081116755e-17
 3.3874835262307e-17    2.8334776774386e-17     2.3696185415287e-17
 1.9817757557723e-17    1.6578837155261e-17     1.3876815186269e-17
 1.1624735966884e-17    9.7491312823231e-18     8.1880886704094e-18
 6.8895492607244e-18    5.8098229690856e-18     4.9123041393309e-18
 4.1663682246953e-18    3.5464292665216e-18     3.0311382532008e-18
 2.6027035359589e-18    2.2463160573869e-18     1.9496639839747e-18
 1.7025232579639e-18    1.4964124718256e-18     1.3243022234622e-18
 1.1803706725978e-18    1.0597983495101e-18     9.5859636395605e-19
 8.7346304370945e-19    8.0166473023165e-19
 2.0164029891351e-13    1.3510009159579e-13     9.2554151465149e-14
 6.4696087317589e-14    4.6043914323917e-14     3.3295447172705e-14
 2.4416587910538e-14    1.8126626311228e-14     1.3602051822676e-14
 1.0302692249175e-14    7.8675995607677e-15     6.0514396778221e-15
 4.6848145205724e-15    3.6489699602374e-15     2.8593393067196e-15
 2.2546784726049e-15    1.7898597813226e-15     1.4311099885864e-15
 1.1528721109315e-15    9.3571261673916e-16     7.6487387396198e-16
 6.2921476472772e-16    5.2039100664456e-16     4.3219894395641e-16
 3.6004671013045e-16    3.0053412319822e-16     2.5112752115454e-16
 2.0991559019895e-16    1.7543141577128e-16     1.4652620403295e-16
 1.2228155167640e-16    1.0194933199982e-16     8.4910677461134e-17
 7.0647782207747e-17    5.8724116364181e-17     4.8770083669538e-17
 4.0472194312469e-17    3.3564540184830e-17     2.7821829378146e-17
 2.3053532430833e-17    1.9098871869469e-17     1.5822490776763e-17
 1.3110694369875e-17    1.0868189985482e-17     9.0152673690226e-18
 7.4853698709940e-18    6.2230122116711e-18     5.1820039228815e-18
 4.3239406027487e-18    3.6169280586863e-18     3.0345074535229e-18
 2.5547526583406e-18    2.1595141104025e-18     1.8337865024584e-18
 1.5651805336477e-18    1.3434816964370e-18     1.1602816238436e-18
 1.0086698473101e-18    8.8297589253827e-19     7.7855344498657e-19
 6.9159983753071e-19    6.1900534874342e-19     5.5822777213922e-19
 5.0718845988123e-19    4.6418660349878e-19
 2.0761714938048e-13    1.3849652715184e-13     9.4540942218984e-14
 6.5893046065461e-14    4.6785535380745e-14     3.3766912115005e-14
 2.4723309232354e-14    1.8330299143278e-14     1.3739745622747e-14
 1.0397201227000e-14    7.9331767184639e-15     6.0970342943712e-15
 4.7159492513221e-15    3.6688968112914e-15     2.8698344448579e-15
 2.2566538245177e-15    1.7838492576141e-15     1.4176265013941e-15
 1.1326208349920e-15    9.0966533696948e-16     7.3423431641354e-16
 5.9531925468624e-16    4.8458839921691e-16     3.9574274852138e-16
 3.2401755338787e-16    2.6579759827835e-16     2.1832365312043e-16
 1.7947183328761e-16    1.4759022061610e-16     1.2137935421477e-16
 9.9805482164281e-17    8.2037723498425e-17     6.7402364674752e-17
 5.5349284486308e-17    4.5426916789147e-17     3.7263236064901e-17
 3.0551032809011e-17    2.5036295632237e-17     2.0508893381182e-17
 1.6795002564190e-17    1.3750892309071e-17     1.1257788920050e-17
 9.2176147271749e-18    7.5494446744625e-18     6.1865576687434e-18
 5.0739836293554e-18    4.1664649397173e-18     3.4267646515671e-18
 2.8242647010367e-18    2.3338062940756e-18     1.9347320401450e-18
 1.6100956649075e-18    1.3460104555810e-18     1.1311121551493e-18
 9.5611595564423e-19    8.1345065027273e-19     6.9695596357448e-19
 6.0163163708861e-19    5.2342903576503e-19     4.5907787568886e-19
 4.0594217305106e-19    3.6190069815853e-19     3.2524812070543e-19
 2.9461369859981e-19    2.6889484454787e-19
