     1     1   0.0000E+00   0.0000E+00   0.0000E+00   0.0000E+00   0.0000E+00   0.0000E+00
     1     2   0.0000E+00   0.0000E+00   0.0000E+00   0.0000E+00   0.0000E+00   0.0000E+00
     1     3   0.0000E+00   0.0000E+00   0.0000E+00   0.0000E+00   0.0000E+00   0.0000E+00
     1     4   0.0000E+00   0.0000E+00   0.0000E+00   0.0000E+00   0.0000E+00   0.0000E+00
     1     5   0.0000E+00   0.0000E+00   0.0000E+00   0.0000E+00   0.0000E+00   0.0000E+00
     1     6   0.0000E+00   0.0000E+00   0.0000E+00   0.0000E+00   0.0000E+00   0.0000E+00
     1     7   0.0000E+00   0.0000E+00   0.0000E+00   0.0000E+00   0.0000E+00   0.0000E+00
     1     8   0.0000E+00   0.0000E+00   0.0000E+00   0.0000E+00   0.0000E+00   0.0000E+00
     1     9   0.0000E+00   0.0000E+00   0.0000E+00   0.0000E+00   0.0000E+00   0.0000E+00
     1    10   0.0000E+00   0.0000E+00   0.0000E+00   0.0000E+00   0.0000E+00   0.0000E+00
     1    11   0.0000E+00   0.0000E+00   0.0000E+00   0.0000E+00   0.0000E+00   0.0000E+00
     1    12   0.0000E+00   0.0000E+00   0.0000E+00   0.0000E+00   0.0000E+00   0.0000E+00
     1    13   0.0000E+00   0.0000E+00   0.0000E+00   0.0000E+00   0.0000E+00   0.0000E+00
     1    14   0.0000E+00   0.0000E+00   0.0000E+00   0.0000E+00   0.0000E+00   0.0000E+00
     1    15   0.0000E+00   0.0000E+00   0.0000E+00   0.0000E+00   0.0000E+00   0.0000E+00
     1    16   0.0000E+00   0.0000E+00   0.0000E+00   0.0000E+00   0.0000E+00   0.0000E+00
     1    17   0.0000E+00   0.0000E+00   0.0000E+00   0.0000E+00   0.0000E+00   0.0000E+00
     1    18   0.0000E+00   0.0000E+00   0.0000E+00   0.0000E+00   0.0000E+00   0.0000E+00
     1    19   0.0000E+00   0.0000E+00   0.0000E+00   0.0000E+00   0.0000E+00   0.0000E+00
     1    20   0.0000E+00   0.0000E+00   0.0000E+00   0.0000E+00   0.0000E+00   0.0000E+00
     1    21   0.0000E+00   0.0000E+00   0.0000E+00   0.0000E+00   0.0000E+00   0.0000E+00
     1    22   0.0000E+00   0.0000E+00   0.0000E+00   0.0000E+00   0.0000E+00   0.0000E+00
     1    23   0.0000E+00   0.0000E+00   0.0000E+00   0.0000E+00   0.0000E+00   0.0000E+00
     1    24   0.0000E+00   0.0000E+00   0.0000E+00   0.0000E+00   0.0000E+00   0.0000E+00
     1    25   0.0000E+00   0.0000E+00   0.0000E+00   0.0000E+00   0.0000E+00   0.0000E+00
     1    26   0.0000E+00   0.0000E+00   0.0000E+00   0.0000E+00   0.0000E+00   0.0000E+00
     1    27   0.0000E+00   0.0000E+00   0.0000E+00   0.0000E+00   0.0000E+00   0.0000E+00
     1    28   0.0000E+00   0.0000E+00   0.0000E+00   0.0000E+00   0.0000E+00   0.0000E+00
     1    29   0.0000E+00   0.0000E+00   0.0000E+00   0.0000E+00   0.0000E+00   0.0000E+00
     1    30   0.0000E+00   0.0000E+00   0.0000E+00   0.0000E+00   0.0000E+00   0.0000E+00
     1    31   0.0000E+00   0.0000E+00   0.0000E+00   0.0000E+00   0.0000E+00   0.0000E+00
     1    32   0.0000E+00   0.0000E+00   0.0000E+00   0.0000E+00   0.0000E+00   0.0000E+00
     2     1   0.0000E+00   0.0000E+00   0.0000E+00   0.0000E+00   0.0000E+00   0.0000E+00
     2     2   0.0000E+00   0.0000E+00   0.0000E+00   0.0000E+00   0.0000E+00   0.0000E+00
     2     3   0.0000E+00   0.0000E+00   0.0000E+00   0.0000E+00   0.0000E+00   0.0000E+00
     2     4   0.0000E+00   0.0000E+00   0.0000E+00   0.0000E+00   0.0000E+00   0.0000E+00
     2     5   0.0000E+00   0.0000E+00   0.0000E+00   0.0000E+00   0.0000E+00   0.0000E+00
     2     6   0.0000E+00   0.0000E+00   0.0000E+00   0.0000E+00   0.0000E+00   0.0000E+00
     2     7   0.0000E+00   0.0000E+00   0.0000E+00   0.0000E+00   0.0000E+00   0.0000E+00
     2     8   0.0000E+00   0.0000E+00   0.0000E+00   0.0000E+00   0.0000E+00   0.0000E+00
     2     9   0.0000E+00   0.0000E+00   0.0000E+00   0.0000E+00   0.0000E+00   0.0000E+00
     2    10   0.0000E+00   0.0000E+00   0.0000E+00   0.0000E+00   0.0000E+00   0.0000E+00
     2    11   0.0000E+00   0.0000E+00   0.0000E+00   0.0000E+00   0.0000E+00   0.0000E+00
     2    12   0.0000E+00   0.0000E+00   0.0000E+00   0.0000E+00   0.0000E+00   0.0000E+00
     2    13   0.0000E+00   0.0000E+00   0.0000E+00   0.0000E+00   0.0000E+00   0.0000E+00
     2    14   0.0000E+00   0.0000E+00   0.0000E+00   0.0000E+00   0.0000E+00   0.0000E+00
     2    15   0.0000E+00   0.0000E+00   0.0000E+00   0.0000E+00   0.0000E+00   0.0000E+00
     2    16   0.0000E+00   0.0000E+00   0.0000E+00   0.0000E+00   0.0000E+00   0.0000E+00
     2    17   0.0000E+00   0.0000E+00   0.0000E+00   0.0000E+00   0.0000E+00   0.0000E+00
     2    18   0.0000E+00   0.0000E+00   0.0000E+00   0.0000E+00   0.0000E+00   0.0000E+00
     2    19   0.0000E+00   0.0000E+00   0.0000E+00   0.0000E+00   0.0000E+00   0.0000E+00
     2    20   0.0000E+00   0.0000E+00   0.0000E+00   0.0000E+00   0.0000E+00   0.0000E+00
     2    21   0.0000E+00   0.0000E+00   0.0000E+00   0.0000E+00   0.0000E+00   0.0000E+00
     2    22   0.0000E+00   0.0000E+00   0.0000E+00   0.0000E+00   0.0000E+00   0.0000E+00
     2    23   0.0000E+00   0.0000E+00   0.0000E+00   0.0000E+00   0.0000E+00   0.0000E+00
     2    24   0.0000E+00   0.0000E+00   0.0000E+00   0.0000E+00   0.0000E+00   0.0000E+00
     2    25   0.0000E+00   0.0000E+00   0.0000E+00   0.0000E+00   0.0000E+00   0.0000E+00
     2    26   0.0000E+00   0.0000E+00   0.0000E+00   0.0000E+00   0.0000E+00   0.0000E+00
     2    27   0.0000E+00   0.0000E+00   0.0000E+00   0.0000E+00   0.0000E+00   0.0000E+00
     2    28   0.0000E+00   0.0000E+00   0.0000E+00   0.0000E+00   0.0000E+00   0.0000E+00
     2    29   0.0000E+00   0.0000E+00   0.0000E+00   0.0000E+00   0.0000E+00   0.0000E+00
     2    30   0.0000E+00   0.0000E+00   0.0000E+00   0.0000E+00   0.0000E+00   0.0000E+00
     2    31   0.0000E+00   0.0000E+00   0.0000E+00   0.0000E+00   0.0000E+00   0.0000E+00
     2    32   0.0000E+00   0.0000E+00   0.0000E+00   0.0000E+00   0.0000E+00   0.0000E+00
     3     1   0.0000E+00   0.0000E+00   0.0000E+00   0.0000E+00   0.0000E+00   0.0000E+00
     3     2   0.0000E+00   0.0000E+00   0.0000E+00   0.0000E+00   0.0000E+00   0.0000E+00
     3     3   0.0000E+00   0.0000E+00   0.0000E+00   0.0000E+00   0.0000E+00   0.0000E+00
     3     4   0.0000E+00   0.0000E+00   0.0000E+00   0.0000E+00   0.0000E+00   0.0000E+00
     3     5   0.0000E+00   0.0000E+00   0.0000E+00   0.0000E+00   0.0000E+00   0.0000E+00
     3     6   0.0000E+00   0.0000E+00   0.0000E+00   0.0000E+00   0.0000E+00   0.0000E+00
     3     7   0.0000E+00   0.0000E+00   0.0000E+00   0.0000E+00   0.0000E+00   0.0000E+00
     3     8   0.0000E+00   0.0000E+00   0.0000E+00   0.0000E+00   0.0000E+00   0.0000E+00
     3     9   0.0000E+00   0.0000E+00   0.0000E+00   0.0000E+00   0.0000E+00   0.0000E+00
     3    10   0.0000E+00   0.0000E+00   0.0000E+00   0.0000E+00   0.0000E+00   0.0000E+00
     3    11   0.0000E+00   0.0000E+00   0.0000E+00   0.0000E+00   0.0000E+00   0.0000E+00
     3    12   0.0000E+00   0.0000E+00   0.0000E+00   0.0000E+00   0.0000E+00   0.0000E+00
     3    13   0.0000E+00   0.0000E+00   0.0000E+00   0.0000E+00   0.0000E+00   0.0000E+00
     3    14   0.0000E+00   0.0000E+00   0.0000E+00   0.0000E+00   0.0000E+00   0.0000E+00
     3    15   0.0000E+00   0.0000E+00   0.0000E+00   0.0000E+00   0.0000E+00   0.0000E+00
     3    16   0.0000E+00   0.0000E+00   0.0000E+00   0.0000E+00   0.0000E+00   0.0000E+00
     3    17   0.0000E+00   0.0000E+00   0.0000E+00   0.0000E+00   0.0000E+00   0.0000E+00
     3    18   0.0000E+00   0.0000E+00   0.0000E+00   0.0000E+00   0.0000E+00   0.0000E+00
     3    19   0.0000E+00   0.0000E+00   0.0000E+00   0.0000E+00   0.0000E+00   0.0000E+00
     3    20   0.0000E+00   0.0000E+00   0.0000E+00   0.0000E+00   0.0000E+00   0.0000E+00
     3    21   0.0000E+00   0.0000E+00   0.0000E+00   0.0000E+00   0.0000E+00   0.0000E+00
     3    22   0.0000E+00   0.0000E+00   0.0000E+00   0.0000E+00   0.0000E+00   0.0000E+00
     3    23   0.0000E+00   0.0000E+00   0.0000E+00   0.0000E+00   0.0000E+00   0.0000E+00
     3    24   0.0000E+00   0.0000E+00   0.0000E+00   0.0000E+00   0.0000E+00   0.0000E+00
     3    25   0.0000E+00   0.0000E+00   0.0000E+00   0.0000E+00   0.0000E+00   0.0000E+00
     3    26   0.0000E+00   0.0000E+00   0.0000E+00   0.0000E+00   0.0000E+00   0.0000E+00
     3    27   0.0000E+00   0.0000E+00   0.0000E+00   0.0000E+00   0.0000E+00   0.0000E+00
     3    28   0.0000E+00   0.0000E+00   0.0000E+00   0.0000E+00   0.0000E+00   0.0000E+00
     3    29   0.0000E+00   0.0000E+00   0.0000E+00   0.0000E+00   0.0000E+00   0.0000E+00
     3    30   0.0000E+00   0.0000E+00   0.0000E+00   0.0000E+00   0.0000E+00   0.0000E+00
     3    31   0.0000E+00   0.0000E+00   0.0000E+00   0.0000E+00   0.0000E+00   0.0000E+00
     3    32   0.0000E+00   0.0000E+00   0.0000E+00   0.0000E+00   0.0000E+00   0.0000E+00
     4     1   0.0000E+00   0.0000E+00   0.0000E+00   0.0000E+00   0.0000E+00   0.0000E+00
     4     2   0.0000E+00   0.0000E+00   0.0000E+00   0.0000E+00   0.0000E+00   0.0000E+00
     4     3   0.0000E+00   0.0000E+00   0.0000E+00   0.0000E+00   0.0000E+00   0.0000E+00
     4     4   0.0000E+00   0.0000E+00   0.0000E+00   0.0000E+00   0.0000E+00   0.0000E+00
     4     5   0.0000E+00   0.0000E+00   0.0000E+00   0.0000E+00   0.0000E+00   0.0000E+00
     4     6   0.0000E+00   0.0000E+00   0.0000E+00   0.0000E+00   0.0000E+00   0.0000E+00
     4     7   0.0000E+00   0.0000E+00   0.0000E+00   0.0000E+00   0.0000E+00   0.0000E+00
     4     8   0.0000E+00   0.0000E+00   0.0000E+00   0.0000E+00   0.0000E+00   0.0000E+00
     4     9   0.0000E+00   0.0000E+00   0.0000E+00   0.0000E+00   0.0000E+00   0.0000E+00
     4    10   0.0000E+00   0.0000E+00   0.0000E+00   0.0000E+00   0.0000E+00   0.0000E+00
     4    11   0.0000E+00   0.0000E+00   0.0000E+00   0.0000E+00   0.0000E+00   0.0000E+00
     4    12   0.0000E+00   0.0000E+00   0.0000E+00   0.0000E+00   0.0000E+00   0.0000E+00
     4    13   0.0000E+00   0.0000E+00   0.0000E+00   0.0000E+00   0.0000E+00   0.0000E+00
     4    14   0.0000E+00   0.0000E+00   0.0000E+00   0.0000E+00   0.0000E+00   0.0000E+00
     4    15   0.0000E+00   0.0000E+00   0.0000E+00   0.0000E+00   0.0000E+00   0.0000E+00
     4    16   0.0000E+00   0.0000E+00   0.0000E+00   0.0000E+00   0.0000E+00   0.0000E+00
     4    17   0.0000E+00   0.0000E+00   0.0000E+00   0.0000E+00   0.0000E+00   0.0000E+00
     4    18   0.0000E+00   0.0000E+00   0.0000E+00   0.0000E+00   0.0000E+00   0.0000E+00
     4    19   0.0000E+00   0.0000E+00   0.0000E+00   0.0000E+00   0.0000E+00   0.0000E+00
     4    20   0.0000E+00   0.0000E+00   0.0000E+00   0.0000E+00   0.0000E+00   0.0000E+00
     4    21   0.0000E+00   0.0000E+00   0.0000E+00   0.0000E+00   0.0000E+00   0.0000E+00
     4    22   0.0000E+00   0.0000E+00   0.0000E+00   0.0000E+00   0.0000E+00   0.0000E+00
     4    23   0.0000E+00   0.0000E+00   0.0000E+00   0.0000E+00   0.0000E+00   0.0000E+00
     4    24   0.0000E+00   0.0000E+00   0.0000E+00   0.0000E+00   0.0000E+00   0.0000E+00
     4    25   0.0000E+00   0.0000E+00   0.0000E+00   0.0000E+00   0.0000E+00   0.0000E+00
     4    26   0.0000E+00   0.0000E+00   0.0000E+00   0.0000E+00   0.0000E+00   0.0000E+00
     4    27   0.0000E+00   0.0000E+00   0.0000E+00   0.0000E+00   0.0000E+00   0.0000E+00
     4    28   0.0000E+00   0.0000E+00   0.0000E+00   0.0000E+00   0.0000E+00   0.0000E+00
     4    29   0.0000E+00   0.0000E+00   0.0000E+00   0.0000E+00   0.0000E+00   0.0000E+00
     4    30   0.0000E+00   0.0000E+00   0.0000E+00   0.0000E+00   0.0000E+00   0.0000E+00
     4    31   0.0000E+00   0.0000E+00   0.0000E+00   0.0000E+00   0.0000E+00   0.0000E+00
     4    32   0.0000E+00   0.0000E+00   0.0000E+00   0.0000E+00   0.0000E+00   0.0000E+00
     5     1   0.0000E+00   0.0000E+00   0.0000E+00   0.0000E+00   0.0000E+00   0.0000E+00
     5     2   0.0000E+00   0.0000E+00   0.0000E+00   0.0000E+00   0.0000E+00   0.0000E+00
     5     3   0.0000E+00   0.0000E+00   0.0000E+00   0.0000E+00   0.0000E+00   0.0000E+00
     5     4   0.0000E+00   0.0000E+00   0.0000E+00   0.0000E+00   0.0000E+00   0.0000E+00
     5     5   0.0000E+00   0.0000E+00   0.0000E+00   0.0000E+00   0.0000E+00   0.0000E+00
     5     6   0.0000E+00   0.0000E+00   0.0000E+00   0.0000E+00   0.0000E+00   0.0000E+00
     5     7   0.0000E+00   0.0000E+00   0.0000E+00   0.0000E+00   0.0000E+00   0.0000E+00
     5     8   0.0000E+00   0.0000E+00   0.0000E+00   0.0000E+00   0.0000E+00   0.0000E+00
     5     9   0.0000E+00   0.0000E+00   0.0000E+00   0.0000E+00   0.0000E+00   0.0000E+00
     5    10   0.0000E+00   0.0000E+00   0.0000E+00   0.0000E+00   0.0000E+00   0.0000E+00
     5    11   0.0000E+00   0.0000E+00   0.0000E+00   0.0000E+00   0.0000E+00   0.0000E+00
     5    12   0.0000E+00   0.0000E+00   0.0000E+00   0.0000E+00   0.0000E+00   0.0000E+00
     5    13   0.0000E+00   0.0000E+00   0.0000E+00   0.0000E+00   0.0000E+00   0.0000E+00
     5    14   0.0000E+00   0.0000E+00   0.0000E+00   0.0000E+00   0.0000E+00   0.0000E+00
     5    15   0.0000E+00   0.0000E+00   0.0000E+00   0.0000E+00   0.0000E+00   0.0000E+00
     5    16   0.0000E+00   0.0000E+00   0.0000E+00   0.0000E+00   0.0000E+00   0.0000E+00
     5    17   0.0000E+00   0.0000E+00   0.0000E+00   0.0000E+00   0.0000E+00   0.0000E+00
     5    18   0.0000E+00   0.0000E+00   0.0000E+00   0.0000E+00   0.0000E+00   0.0000E+00
     5    19   0.0000E+00   0.0000E+00   0.0000E+00   0.0000E+00   0.0000E+00   0.0000E+00
     5    20   0.0000E+00   0.0000E+00   0.0000E+00   0.0000E+00   0.0000E+00   0.0000E+00
     5    21   0.0000E+00   0.0000E+00   0.0000E+00   0.0000E+00   0.0000E+00   0.0000E+00
     5    22   0.0000E+00   0.0000E+00   0.0000E+00   0.0000E+00   0.0000E+00   0.0000E+00
     5    23   0.0000E+00   0.0000E+00   0.0000E+00   0.0000E+00   0.0000E+00   0.0000E+00
     5    24   0.0000E+00   0.0000E+00   0.0000E+00   0.0000E+00   0.0000E+00   0.0000E+00
     5    25   0.0000E+00   0.0000E+00   0.0000E+00   0.0000E+00   0.0000E+00   0.0000E+00
     5    26   0.0000E+00   0.0000E+00   0.0000E+00   0.0000E+00   0.0000E+00   0.0000E+00
     5    27   0.0000E+00   0.0000E+00   0.0000E+00   0.0000E+00   0.0000E+00   0.0000E+00
     5    28   0.0000E+00   0.0000E+00   0.0000E+00   0.0000E+00   0.0000E+00   0.0000E+00
     5    29   0.0000E+00   0.0000E+00   0.0000E+00   0.0000E+00   0.0000E+00   0.0000E+00
     5    30   0.0000E+00   0.0000E+00   0.0000E+00   0.0000E+00   0.0000E+00   0.0000E+00
     5    31   0.0000E+00   0.0000E+00   0.0000E+00   0.0000E+00   0.0000E+00   0.0000E+00
     5    32   0.0000E+00   0.0000E+00   0.0000E+00   0.0000E+00   0.0000E+00   0.0000E+00
     6     1   0.0000E+00   0.0000E+00   0.0000E+00   0.0000E+00   0.0000E+00   0.0000E+00
     6     2   0.0000E+00   0.0000E+00   0.0000E+00   0.0000E+00   0.0000E+00   0.0000E+00
     6     3   0.0000E+00   0.0000E+00   0.0000E+00   0.0000E+00   0.0000E+00   0.0000E+00
     6     4   0.0000E+00   0.0000E+00   0.0000E+00   0.0000E+00   0.0000E+00   0.0000E+00
     6     5   0.0000E+00   0.0000E+00   0.0000E+00   0.0000E+00   0.0000E+00   0.0000E+00
     6     6   0.0000E+00   0.0000E+00   0.0000E+00   0.0000E+00   0.0000E+00   0.0000E+00
     6     7   0.0000E+00   0.0000E+00   0.0000E+00   0.0000E+00   0.0000E+00   0.0000E+00
     6     8   0.0000E+00   0.0000E+00   0.0000E+00   0.0000E+00   0.0000E+00   0.0000E+00
     6     9   0.0000E+00   0.0000E+00   0.0000E+00   0.0000E+00   0.0000E+00   0.0000E+00
     6    10   0.0000E+00   0.0000E+00   0.0000E+00   0.0000E+00   0.0000E+00   0.0000E+00
     6    11   0.0000E+00   0.0000E+00   0.0000E+00   0.0000E+00   0.0000E+00   0.0000E+00
     6    12   0.0000E+00   0.0000E+00   0.0000E+00   0.0000E+00   0.0000E+00   0.0000E+00
     6    13   0.0000E+00   0.0000E+00   0.0000E+00   0.0000E+00   0.0000E+00   0.0000E+00
     6    14   0.0000E+00   0.0000E+00   0.0000E+00   0.0000E+00   0.0000E+00   0.0000E+00
     6    15   0.0000E+00   0.0000E+00   0.0000E+00   0.0000E+00   0.0000E+00   0.0000E+00
     6    16   0.0000E+00   0.0000E+00   0.0000E+00   0.0000E+00   0.0000E+00   0.0000E+00
     6    17   0.0000E+00   0.0000E+00   0.0000E+00   0.0000E+00   0.0000E+00   0.0000E+00
     6    18   0.0000E+00   0.0000E+00   0.0000E+00   0.0000E+00   0.0000E+00   0.0000E+00
     6    19   0.0000E+00   0.0000E+00   0.0000E+00   0.0000E+00   0.0000E+00   0.0000E+00
     6    20   0.0000E+00   0.0000E+00   0.0000E+00   0.0000E+00   0.0000E+00   0.0000E+00
     6    21   0.0000E+00   0.0000E+00   0.0000E+00   0.0000E+00   0.0000E+00   0.0000E+00
     6    22   0.0000E+00   0.0000E+00   0.0000E+00   0.0000E+00   0.0000E+00   0.0000E+00
     6    23   0.0000E+00   0.0000E+00   0.0000E+00   0.0000E+00   0.0000E+00   0.0000E+00
     6    24   0.0000E+00   0.0000E+00   0.0000E+00   0.0000E+00   0.0000E+00   0.0000E+00
     6    25   0.0000E+00   0.0000E+00   0.0000E+00   0.0000E+00   0.0000E+00   0.0000E+00
     6    26   0.0000E+00   0.0000E+00   0.0000E+00   0.0000E+00   0.0000E+00   0.0000E+00
     6    27   0.0000E+00   0.0000E+00   0.0000E+00   0.0000E+00   0.0000E+00   0.0000E+00
     6    28   0.0000E+00   0.0000E+00   0.0000E+00   0.0000E+00   0.0000E+00   0.0000E+00
     6    29   0.0000E+00   0.0000E+00   0.0000E+00   0.0000E+00   0.0000E+00   0.0000E+00
     6    30   0.0000E+00   0.0000E+00   0.0000E+00   0.0000E+00   0.0000E+00   0.0000E+00
     6    31   0.0000E+00   0.0000E+00   0.0000E+00   0.0000E+00   0.0000E+00   0.0000E+00
     6    32   0.0000E+00   0.0000E+00   0.0000E+00   0.0000E+00   0.0000E+00   0.0000E+00
     7     1   0.0000E+00   0.0000E+00   0.0000E+00   0.0000E+00   0.0000E+00   0.0000E+00
     7     2   0.0000E+00   0.0000E+00   0.0000E+00   0.0000E+00   0.0000E+00   0.0000E+00
     7     3   0.0000E+00   0.0000E+00   0.0000E+00   0.0000E+00   0.0000E+00   0.0000E+00
     7     4   0.0000E+00   0.0000E+00   0.0000E+00   0.0000E+00   0.0000E+00   0.0000E+00
     7     5   0.0000E+00   0.0000E+00   0.0000E+00   0.0000E+00   0.0000E+00   0.0000E+00
     7     6   0.0000E+00   0.0000E+00   0.0000E+00   0.0000E+00   0.0000E+00   0.0000E+00
     7     7   0.0000E+00   0.0000E+00   0.0000E+00   0.0000E+00   0.0000E+00   0.0000E+00
     7     8   0.0000E+00   0.0000E+00   0.0000E+00   0.0000E+00   0.0000E+00   0.0000E+00
     7     9   0.0000E+00   0.0000E+00   0.0000E+00   0.0000E+00   0.0000E+00   0.0000E+00
     7    10   0.0000E+00   0.0000E+00   0.0000E+00   0.0000E+00   0.0000E+00   0.0000E+00
     7    11   0.0000E+00   0.0000E+00   0.0000E+00   0.0000E+00   0.0000E+00   0.0000E+00
     7    12   0.0000E+00   0.0000E+00   0.0000E+00   0.0000E+00   0.0000E+00   0.0000E+00
     7    13   0.0000E+00   0.0000E+00   0.0000E+00   0.0000E+00   0.0000E+00   0.0000E+00
     7    14   0.0000E+00   0.0000E+00   0.0000E+00   0.0000E+00   0.0000E+00   0.0000E+00
     7    15   0.0000E+00   0.0000E+00   0.0000E+00   0.0000E+00   0.0000E+00   0.0000E+00
     7    16   0.0000E+00   0.0000E+00   0.0000E+00   0.0000E+00   0.0000E+00   0.0000E+00
     7    17   0.0000E+00   0.0000E+00   0.0000E+00   0.0000E+00   0.0000E+00   0.0000E+00
     7    18   0.0000E+00   0.0000E+00   0.0000E+00   0.0000E+00   0.0000E+00   0.0000E+00
     7    19   0.0000E+00   0.0000E+00   0.0000E+00   0.0000E+00   0.0000E+00   0.0000E+00
     7    20   0.0000E+00   0.0000E+00   0.0000E+00   0.0000E+00   0.0000E+00   0.0000E+00
     7    21   0.0000E+00   0.0000E+00   0.0000E+00   0.0000E+00   0.0000E+00   0.0000E+00
     7    22   0.0000E+00   0.0000E+00   0.0000E+00   0.0000E+00   0.0000E+00   0.0000E+00
     7    23   0.0000E+00   0.0000E+00   0.0000E+00   0.0000E+00   0.0000E+00   0.0000E+00
     7    24   0.0000E+00   0.0000E+00   0.0000E+00   0.0000E+00   0.0000E+00   0.0000E+00
     7    25   0.0000E+00   0.0000E+00   0.0000E+00   0.0000E+00   0.0000E+00   0.0000E+00
     7    26   0.0000E+00   0.0000E+00   0.0000E+00   0.0000E+00   0.0000E+00   0.0000E+00
     7    27   0.0000E+00   0.0000E+00   0.0000E+00   0.0000E+00   0.0000E+00   0.0000E+00
     7    28   0.0000E+00   0.0000E+00   0.0000E+00   0.0000E+00   0.0000E+00   0.0000E+00
     7    29   0.0000E+00   0.0000E+00   0.0000E+00   0.0000E+00   0.0000E+00   0.0000E+00
     7    30   0.0000E+00   0.0000E+00   0.0000E+00   0.0000E+00   0.0000E+00   0.0000E+00
     7    31   0.0000E+00   0.0000E+00   0.0000E+00   0.0000E+00   0.0000E+00   0.0000E+00
     7    32   0.0000E+00   0.0000E+00   0.0000E+00   0.0000E+00   0.0000E+00   0.0000E+00
     8     1   0.0000E+00   0.0000E+00   0.0000E+00   0.0000E+00   0.0000E+00   0.0000E+00
     8     2   0.0000E+00   0.0000E+00   0.0000E+00   0.0000E+00   0.0000E+00   0.0000E+00
     8     3   0.0000E+00   0.0000E+00   0.0000E+00   0.0000E+00   0.0000E+00   0.0000E+00
     8     4   0.0000E+00   0.0000E+00   0.0000E+00   0.0000E+00   0.0000E+00   0.0000E+00
     8     5   0.0000E+00   0.0000E+00   0.0000E+00   0.0000E+00   0.0000E+00   0.0000E+00
     8     6   0.0000E+00   0.0000E+00   0.0000E+00   0.0000E+00   0.0000E+00   0.0000E+00
     8     7   0.0000E+00   0.0000E+00   0.0000E+00   0.0000E+00   0.0000E+00   0.0000E+00
     8     8   0.0000E+00   0.0000E+00   0.0000E+00   0.0000E+00   0.0000E+00   0.0000E+00
     8     9   0.0000E+00   0.0000E+00   0.0000E+00   0.0000E+00   0.0000E+00   0.0000E+00
     8    10   0.0000E+00   0.0000E+00   0.0000E+00   0.0000E+00   0.0000E+00   0.0000E+00
     8    11   0.0000E+00   0.0000E+00   0.0000E+00   0.0000E+00   0.0000E+00   0.0000E+00
     8    12   0.0000E+00   0.0000E+00   0.0000E+00   0.0000E+00   0.0000E+00   0.0000E+00
     8    13   0.0000E+00   0.0000E+00   0.0000E+00   0.0000E+00   0.0000E+00   0.0000E+00
     8    14   0.0000E+00   0.0000E+00   0.0000E+00   0.0000E+00   0.0000E+00   0.0000E+00
     8    15   0.0000E+00   0.0000E+00   0.0000E+00   0.0000E+00   0.0000E+00   0.0000E+00
     8    16   0.0000E+00   0.0000E+00   0.0000E+00   0.0000E+00   0.0000E+00   0.0000E+00
     8    17   0.0000E+00   0.0000E+00   0.0000E+00   0.0000E+00   0.0000E+00   0.0000E+00
     8    18   0.0000E+00   0.0000E+00   0.0000E+00   0.0000E+00   0.0000E+00   0.0000E+00
     8    19   0.0000E+00   0.0000E+00   0.0000E+00   0.0000E+00   0.0000E+00   0.0000E+00
     8    20   0.0000E+00   0.0000E+00   0.0000E+00   0.0000E+00   0.0000E+00   0.0000E+00
     8    21   0.0000E+00   0.0000E+00   0.0000E+00   0.0000E+00   0.0000E+00   0.0000E+00
     8    22   0.0000E+00   0.0000E+00   0.0000E+00   0.0000E+00   0.0000E+00   0.0000E+00
     8    23   0.0000E+00   0.0000E+00   0.0000E+00   0.0000E+00   0.0000E+00   0.0000E+00
     8    24   0.0000E+00   0.0000E+00   0.0000E+00   0.0000E+00   0.0000E+00   0.0000E+00
     8    25   0.0000E+00   0.0000E+00   0.0000E+00   0.0000E+00   0.0000E+00   0.0000E+00
     8    26   0.0000E+00   0.0000E+00   0.0000E+00   0.0000E+00   0.0000E+00   0.0000E+00
     8    27   0.0000E+00   0.0000E+00   0.0000E+00   0.0000E+00   0.0000E+00   0.0000E+00
     8    28   0.0000E+00   0.0000E+00   0.0000E+00   0.0000E+00   0.0000E+00   0.0000E+00
     8    29   0.0000E+00   0.0000E+00   0.0000E+00   0.0000E+00   0.0000E+00   0.0000E+00
     8    30   0.0000E+00   0.0000E+00   0.0000E+00   0.0000E+00   0.0000E+00   0.0000E+00
     8    31   0.0000E+00   0.0000E+00   0.0000E+00   0.0000E+00   0.0000E+00   0.0000E+00
     8    32   0.0000E+00   0.0000E+00   0.0000E+00   0.0000E+00   0.0000E+00   0.0000E+00
     9     1   0.0000E+00   0.0000E+00   0.0000E+00   0.0000E+00   0.0000E+00   0.0000E+00
     9     2   0.0000E+00   0.0000E+00   0.0000E+00   0.0000E+00   0.0000E+00   0.0000E+00
     9     3   0.0000E+00   0.0000E+00   0.0000E+00   0.0000E+00   0.0000E+00   0.0000E+00
     9     4   0.0000E+00   0.0000E+00   0.0000E+00   0.0000E+00   0.0000E+00   0.0000E+00
     9     5   0.0000E+00   0.0000E+00   0.0000E+00   0.0000E+00   0.0000E+00   0.0000E+00
     9     6   0.0000E+00   0.0000E+00   0.0000E+00   0.0000E+00   0.0000E+00   0.0000E+00
     9     7   0.0000E+00   0.0000E+00   0.0000E+00   0.0000E+00   0.0000E+00   0.0000E+00
     9     8   0.0000E+00   0.0000E+00   0.0000E+00   0.0000E+00   0.0000E+00   0.0000E+00
     9     9   0.0000E+00   0.0000E+00   0.0000E+00   0.0000E+00   0.0000E+00   0.0000E+00
     9    10   0.0000E+00   0.0000E+00   0.0000E+00   0.0000E+00   0.0000E+00   0.0000E+00
     9    11   0.0000E+00   0.0000E+00   0.0000E+00   0.0000E+00   0.0000E+00   0.0000E+00
     9    12   0.0000E+00   0.0000E+00   0.0000E+00   0.0000E+00   0.0000E+00   0.0000E+00
     9    13   0.0000E+00   0.0000E+00   0.0000E+00   0.0000E+00   0.0000E+00   0.0000E+00
     9    14   0.0000E+00   0.0000E+00   0.0000E+00   0.0000E+00   0.0000E+00   0.0000E+00
     9    15   0.0000E+00   0.0000E+00   0.0000E+00   0.0000E+00   0.0000E+00   0.0000E+00
     9    16   0.0000E+00   0.0000E+00   0.0000E+00   0.0000E+00   0.0000E+00   0.0000E+00
     9    17   0.0000E+00   0.0000E+00   0.0000E+00   0.0000E+00   0.0000E+00   0.0000E+00
     9    18   0.0000E+00   0.0000E+00   0.0000E+00   0.0000E+00   0.0000E+00   0.0000E+00
     9    19   0.0000E+00   0.0000E+00   0.0000E+00   0.0000E+00   0.0000E+00   0.0000E+00
     9    20   0.0000E+00   0.0000E+00   0.0000E+00   0.0000E+00   0.0000E+00   0.0000E+00
     9    21   0.0000E+00   0.0000E+00   0.0000E+00   0.0000E+00   0.0000E+00   0.0000E+00
     9    22   0.0000E+00   0.0000E+00   0.0000E+00   0.0000E+00   0.0000E+00   0.0000E+00
     9    23   0.0000E+00   0.0000E+00   0.0000E+00   0.0000E+00   0.0000E+00   0.0000E+00
     9    24   0.0000E+00   0.0000E+00   0.0000E+00   0.0000E+00   0.0000E+00   0.0000E+00
     9    25   0.0000E+00   0.0000E+00   0.0000E+00   0.0000E+00   0.0000E+00   0.0000E+00
     9    26   0.0000E+00   0.0000E+00   0.0000E+00   0.0000E+00   0.0000E+00   0.0000E+00
     9    27   0.0000E+00   0.0000E+00   0.0000E+00   0.0000E+00   0.0000E+00   0.0000E+00
     9    28   0.0000E+00   0.0000E+00   0.0000E+00   0.0000E+00   0.0000E+00   0.0000E+00
     9    29   0.0000E+00   0.0000E+00   0.0000E+00   0.0000E+00   0.0000E+00   0.0000E+00
     9    30   0.0000E+00   0.0000E+00   0.0000E+00   0.0000E+00   0.0000E+00   0.0000E+00
     9    31   0.0000E+00   0.0000E+00   0.0000E+00   0.0000E+00   0.0000E+00   0.0000E+00
     9    32   0.0000E+00   0.0000E+00   0.0000E+00   0.0000E+00   0.0000E+00   0.0000E+00
    10     1   0.0000E+00   0.0000E+00   0.0000E+00   0.0000E+00   0.0000E+00   0.0000E+00
    10     2   0.0000E+00   0.0000E+00   0.0000E+00   0.0000E+00   0.0000E+00   0.0000E+00
    10     3   0.0000E+00   0.0000E+00   0.0000E+00   0.0000E+00   0.0000E+00   0.0000E+00
    10     4   0.0000E+00   0.0000E+00   0.0000E+00   0.0000E+00   0.0000E+00   0.0000E+00
    10     5   0.0000E+00   0.0000E+00   0.0000E+00   0.0000E+00   0.0000E+00   0.0000E+00
    10     6   0.0000E+00   0.0000E+00   0.0000E+00   0.0000E+00   0.0000E+00   0.0000E+00
    10     7   0.0000E+00   0.0000E+00   0.0000E+00   0.0000E+00   0.0000E+00   0.0000E+00
    10     8   0.0000E+00   0.0000E+00   0.0000E+00   0.0000E+00   0.0000E+00   0.0000E+00
    10     9   0.0000E+00   0.0000E+00   0.0000E+00   0.0000E+00   0.0000E+00   0.0000E+00
    10    10   0.0000E+00   0.0000E+00   0.0000E+00   0.0000E+00   0.0000E+00   0.0000E+00
    10    11   0.0000E+00   0.0000E+00   0.0000E+00   0.0000E+00   0.0000E+00   0.0000E+00
    10    12   0.0000E+00   0.0000E+00   0.0000E+00   0.0000E+00   0.0000E+00   0.0000E+00
    10    13   0.0000E+00   0.0000E+00   0.0000E+00   0.0000E+00   0.0000E+00   0.0000E+00
    10    14   0.0000E+00   0.0000E+00   0.0000E+00   0.0000E+00   0.0000E+00   0.0000E+00
    10    15   0.0000E+00   0.0000E+00   0.0000E+00   0.0000E+00   0.0000E+00   0.0000E+00
    10    16   0.0000E+00   0.0000E+00   0.0000E+00   0.0000E+00   0.0000E+00   0.0000E+00
    10    17   0.0000E+00   0.0000E+00   0.0000E+00   0.0000E+00   0.0000E+00   0.0000E+00
    10    18   0.0000E+00   0.0000E+00   0.0000E+00   0.0000E+00   0.0000E+00   0.0000E+00
    10    19   0.0000E+00   0.0000E+00   0.0000E+00   0.0000E+00   0.0000E+00   0.0000E+00
    10    20   0.0000E+00   0.0000E+00   0.0000E+00   0.0000E+00   0.0000E+00   0.0000E+00
    10    21   0.0000E+00   0.0000E+00   0.0000E+00   0.0000E+00   0.0000E+00   0.0000E+00
    10    22   0.0000E+00   0.0000E+00   0.0000E+00   0.0000E+00   0.0000E+00   0.0000E+00
    10    23   0.0000E+00   0.0000E+00   0.0000E+00   0.0000E+00   0.0000E+00   0.0000E+00
    10    24   0.0000E+00   0.0000E+00   0.0000E+00   0.0000E+00   0.0000E+00   0.0000E+00
    10    25   0.0000E+00   0.0000E+00   0.0000E+00   0.0000E+00   0.0000E+00   0.0000E+00
    10    26   0.0000E+00   0.0000E+00   0.0000E+00   0.0000E+00   0.0000E+00   0.0000E+00
    10    27   0.0000E+00   0.0000E+00   0.0000E+00   0.0000E+00   0.0000E+00   0.0000E+00
    10    28   0.0000E+00   0.0000E+00   0.0000E+00   0.0000E+00   0.0000E+00   0.0000E+00
    10    29   0.0000E+00   0.0000E+00   0.0000E+00   0.0000E+00   0.0000E+00   0.0000E+00
    10    30   0.0000E+00   0.0000E+00   0.0000E+00   0.0000E+00   0.0000E+00   0.0000E+00
    10    31   0.0000E+00   0.0000E+00   0.0000E+00   0.0000E+00   0.0000E+00   0.0000E+00
    10    32   0.0000E+00   0.0000E+00   0.0000E+00   0.0000E+00   0.0000E+00   0.0000E+00
    11     1   0.0000E+00   0.0000E+00   0.0000E+00   0.0000E+00   0.0000E+00   0.0000E+00
    11     2   0.0000E+00   0.0000E+00   0.0000E+00   0.0000E+00   0.0000E+00   0.0000E+00
    11     3   0.0000E+00   0.0000E+00   0.0000E+00   0.0000E+00   0.0000E+00   0.0000E+00
    11     4   0.0000E+00   0.0000E+00   0.0000E+00   0.0000E+00   0.0000E+00   0.0000E+00
    11     5   0.0000E+00   0.0000E+00   0.0000E+00   0.0000E+00   0.0000E+00   0.0000E+00
    11     6   0.0000E+00   0.0000E+00   0.0000E+00   0.0000E+00   0.0000E+00   0.0000E+00
    11     7   0.0000E+00   0.0000E+00   0.0000E+00   0.0000E+00   0.0000E+00   0.0000E+00
    11     8   0.0000E+00   0.0000E+00   0.0000E+00   0.0000E+00   0.0000E+00   0.0000E+00
    11     9   0.0000E+00   0.0000E+00   0.0000E+00   0.0000E+00   0.0000E+00   0.0000E+00
    11    10   0.0000E+00   0.0000E+00   0.0000E+00   0.0000E+00   0.0000E+00   0.0000E+00
    11    11   0.0000E+00   0.0000E+00   0.0000E+00   0.0000E+00   0.0000E+00   0.0000E+00
    11    12   0.0000E+00   0.0000E+00   0.0000E+00   0.0000E+00   0.0000E+00   0.0000E+00
    11    13   0.0000E+00   0.0000E+00   0.0000E+00   0.0000E+00   0.0000E+00   0.0000E+00
    11    14   0.0000E+00   0.0000E+00   0.0000E+00   0.0000E+00   0.0000E+00   0.0000E+00
    11    15   0.0000E+00   0.0000E+00   0.0000E+00   0.0000E+00   0.0000E+00   0.0000E+00
    11    16   0.0000E+00   0.0000E+00   0.0000E+00   0.0000E+00   0.0000E+00   0.0000E+00
    11    17   0.0000E+00   0.0000E+00   0.0000E+00   0.0000E+00   0.0000E+00   0.0000E+00
    11    18   0.0000E+00   0.0000E+00   0.0000E+00   0.0000E+00   0.0000E+00   0.0000E+00
    11    19   0.0000E+00   0.0000E+00   0.0000E+00   0.0000E+00   0.0000E+00   0.0000E+00
    11    20   0.0000E+00   0.0000E+00   0.0000E+00   0.0000E+00   0.0000E+00   0.0000E+00
    11    21   0.0000E+00   0.0000E+00   0.0000E+00   0.0000E+00   0.0000E+00   0.0000E+00
    11    22   0.0000E+00   0.0000E+00   0.0000E+00   0.0000E+00   0.0000E+00   0.0000E+00
    11    23   0.0000E+00   0.0000E+00   0.0000E+00   0.0000E+00   0.0000E+00   0.0000E+00
    11    24   0.0000E+00   0.0000E+00   0.0000E+00   0.0000E+00   0.0000E+00   0.0000E+00
    11    25   0.0000E+00   0.0000E+00   0.0000E+00   0.0000E+00   0.0000E+00   0.0000E+00
    11    26   0.0000E+00   0.0000E+00   0.0000E+00   0.0000E+00   0.0000E+00   0.0000E+00
    11    27   0.0000E+00   0.0000E+00   0.0000E+00   0.0000E+00   0.0000E+00   0.0000E+00
    11    28   0.0000E+00   0.0000E+00   0.0000E+00   0.0000E+00   0.0000E+00   0.0000E+00
    11    29   0.0000E+00   0.0000E+00   0.0000E+00   0.0000E+00   0.0000E+00   0.0000E+00
    11    30   0.0000E+00   0.0000E+00   0.0000E+00   0.0000E+00   0.0000E+00   0.0000E+00
    11    31   0.0000E+00   0.0000E+00   0.0000E+00   0.0000E+00   0.0000E+00   0.0000E+00
    11    32   0.0000E+00   0.0000E+00   0.0000E+00   0.0000E+00   0.0000E+00   0.0000E+00
    12     1   0.0000E+00   0.0000E+00   0.0000E+00   0.0000E+00   0.0000E+00   0.0000E+00
    12     2   0.0000E+00   0.0000E+00   0.0000E+00   0.0000E+00   0.0000E+00   0.0000E+00
    12     3   0.0000E+00   0.0000E+00   0.0000E+00   0.0000E+00   0.0000E+00   0.0000E+00
    12     4   0.0000E+00   0.0000E+00   0.0000E+00   0.0000E+00   0.0000E+00   0.0000E+00
    12     5   0.0000E+00   0.0000E+00   0.0000E+00   0.0000E+00   0.0000E+00   0.0000E+00
    12     6   0.0000E+00   0.0000E+00   0.0000E+00   0.0000E+00   0.0000E+00   0.0000E+00
    12     7   0.0000E+00   0.0000E+00   0.0000E+00   0.0000E+00   0.0000E+00   0.0000E+00
    12     8   0.0000E+00   0.0000E+00   0.0000E+00   0.0000E+00   0.0000E+00   0.0000E+00
    12     9   0.0000E+00   0.0000E+00   0.0000E+00   0.0000E+00   0.0000E+00   0.0000E+00
    12    10   0.0000E+00   0.0000E+00   0.0000E+00   0.0000E+00   0.0000E+00   0.0000E+00
    12    11   0.0000E+00   0.0000E+00   0.0000E+00   0.0000E+00   0.0000E+00   0.0000E+00
    12    12   0.0000E+00   0.0000E+00   0.0000E+00   0.0000E+00   0.0000E+00   0.0000E+00
    12    13   0.0000E+00   0.0000E+00   0.0000E+00   0.0000E+00   0.0000E+00   0.0000E+00
    12    14   0.0000E+00   0.0000E+00   0.0000E+00   0.0000E+00   0.0000E+00   0.0000E+00
    12    15   0.0000E+00   0.0000E+00   0.0000E+00   0.0000E+00   0.0000E+00   0.0000E+00
    12    16   0.0000E+00   0.0000E+00   0.0000E+00   0.0000E+00   0.0000E+00   0.0000E+00
    12    17   0.0000E+00   0.0000E+00   0.0000E+00   0.0000E+00   0.0000E+00   0.0000E+00
    12    18   0.0000E+00   0.0000E+00   0.0000E+00   0.0000E+00   0.0000E+00   0.0000E+00
    12    19   0.0000E+00   0.0000E+00   0.0000E+00   0.0000E+00   0.0000E+00   0.0000E+00
    12    20   0.0000E+00   0.0000E+00   0.0000E+00   0.0000E+00   0.0000E+00   0.0000E+00
    12    21   0.0000E+00   0.0000E+00   0.0000E+00   0.0000E+00   0.0000E+00   0.0000E+00
    12    22   0.0000E+00   0.0000E+00   0.0000E+00   0.0000E+00   0.0000E+00   0.0000E+00
    12    23   0.0000E+00   0.0000E+00   0.0000E+00   0.0000E+00   0.0000E+00   0.0000E+00
    12    24   0.0000E+00   0.0000E+00   0.0000E+00   0.0000E+00   0.0000E+00   0.0000E+00
    12    25   0.0000E+00   0.0000E+00   0.0000E+00   0.0000E+00   0.0000E+00   0.0000E+00
    12    26   0.0000E+00   0.0000E+00   0.0000E+00   0.0000E+00   0.0000E+00   0.0000E+00
    12    27   0.0000E+00   0.0000E+00   0.0000E+00   0.0000E+00   0.0000E+00   0.0000E+00
    12    28   0.0000E+00   0.0000E+00   0.0000E+00   0.0000E+00   0.0000E+00   0.0000E+00
    12    29   0.0000E+00   0.0000E+00   0.0000E+00   0.0000E+00   0.0000E+00   0.0000E+00
    12    30   0.0000E+00   0.0000E+00   0.0000E+00   0.0000E+00   0.0000E+00   0.0000E+00
    12    31   0.0000E+00   0.0000E+00   0.0000E+00   0.0000E+00   0.0000E+00   0.0000E+00
    12    32   0.0000E+00   0.0000E+00   0.0000E+00   0.0000E+00   0.0000E+00   0.0000E+00
    13     1   0.0000E+00   0.0000E+00   0.0000E+00   0.0000E+00   0.0000E+00   0.0000E+00
    13     2   0.0000E+00   0.0000E+00   0.0000E+00   0.0000E+00   0.0000E+00   0.0000E+00
    13     3   0.0000E+00   0.0000E+00   0.0000E+00   0.0000E+00   0.0000E+00   0.0000E+00
    13     4   0.0000E+00   0.0000E+00   0.0000E+00   0.0000E+00   0.0000E+00   0.0000E+00
    13     5   0.0000E+00   0.0000E+00   0.0000E+00   0.0000E+00   0.0000E+00   0.0000E+00
    13     6   0.0000E+00   0.0000E+00   0.0000E+00   0.0000E+00   0.0000E+00   0.0000E+00
    13     7   0.0000E+00   0.0000E+00   0.0000E+00   0.0000E+00   0.0000E+00   0.0000E+00
    13     8   0.0000E+00   0.0000E+00   0.0000E+00   0.0000E+00   0.0000E+00   0.0000E+00
    13     9   0.0000E+00   0.0000E+00   0.0000E+00   0.0000E+00   0.0000E+00   0.0000E+00
    13    10   0.0000E+00   0.0000E+00   0.0000E+00   0.0000E+00   0.0000E+00   0.0000E+00
    13    11   0.0000E+00   0.0000E+00   0.0000E+00   0.0000E+00   0.0000E+00   0.0000E+00
    13    12   0.0000E+00   0.0000E+00   0.0000E+00   0.0000E+00   0.0000E+00   0.0000E+00
    13    13   0.0000E+00   0.0000E+00   0.0000E+00   0.0000E+00   0.0000E+00   0.0000E+00
    13    14   0.0000E+00   0.0000E+00   0.0000E+00   0.0000E+00   0.0000E+00   0.0000E+00
    13    15   0.0000E+00   0.0000E+00   0.0000E+00   0.0000E+00   0.0000E+00   0.0000E+00
    13    16   0.0000E+00   0.0000E+00   0.0000E+00   0.0000E+00   0.0000E+00   0.0000E+00
    13    17   0.0000E+00   0.0000E+00   0.0000E+00   0.0000E+00   0.0000E+00   0.0000E+00
    13    18   0.0000E+00   0.0000E+00   0.0000E+00   0.0000E+00   0.0000E+00   0.0000E+00
    13    19   0.0000E+00   0.0000E+00   0.0000E+00   0.0000E+00   0.0000E+00   0.0000E+00
    13    20   0.0000E+00   0.0000E+00   0.0000E+00   0.0000E+00   0.0000E+00   0.0000E+00
    13    21   0.0000E+00   0.0000E+00   0.0000E+00   0.0000E+00   0.0000E+00   0.0000E+00
    13    22   0.0000E+00   0.0000E+00   0.0000E+00   0.0000E+00   0.0000E+00   0.0000E+00
    13    23   0.0000E+00   0.0000E+00   0.0000E+00   0.0000E+00   0.0000E+00   0.0000E+00
    13    24   0.0000E+00   0.0000E+00   0.0000E+00   0.0000E+00   0.0000E+00   0.0000E+00
    13    25   0.0000E+00   0.0000E+00   0.0000E+00   0.0000E+00   0.0000E+00   0.0000E+00
    13    26   0.0000E+00   0.0000E+00   0.0000E+00   0.0000E+00   0.0000E+00   0.0000E+00
    13    27   0.0000E+00   0.0000E+00   0.0000E+00   0.0000E+00   0.0000E+00   0.0000E+00
    13    28   0.0000E+00   0.0000E+00   0.0000E+00   0.0000E+00   0.0000E+00   0.0000E+00
    13    29   0.0000E+00   0.0000E+00   0.0000E+00   0.0000E+00   0.0000E+00   0.0000E+00
    13    30   0.0000E+00   0.0000E+00   0.0000E+00   0.0000E+00   0.0000E+00   0.0000E+00
    13    31   0.0000E+00   0.0000E+00   0.0000E+00   0.0000E+00   0.0000E+00   0.0000E+00
    13    32   0.0000E+00   0.0000E+00   0.0000E+00   0.0000E+00   0.0000E+00   0.0000E+00
    14     1   0.0000E+00   0.0000E+00   0.0000E+00   0.0000E+00   0.0000E+00   0.0000E+00
    14     2   0.0000E+00   0.0000E+00   0.0000E+00   0.0000E+00   0.0000E+00   0.0000E+00
    14     3   0.0000E+00   0.0000E+00   0.0000E+00   0.0000E+00   0.0000E+00   0.0000E+00
    14     4   0.0000E+00   0.0000E+00   0.0000E+00   0.0000E+00   0.0000E+00   0.0000E+00
    14     5   0.0000E+00   0.0000E+00   0.0000E+00   0.0000E+00   0.0000E+00   0.0000E+00
    14     6   0.0000E+00   0.0000E+00   0.0000E+00   0.0000E+00   0.0000E+00   0.0000E+00
    14     7   0.0000E+00   0.0000E+00   0.0000E+00   0.0000E+00   0.0000E+00   0.0000E+00
    14     8   0.0000E+00   0.0000E+00   0.0000E+00   0.0000E+00   0.0000E+00   0.0000E+00
    14     9   0.0000E+00   0.0000E+00   0.0000E+00   0.0000E+00   0.0000E+00   0.0000E+00
    14    10   0.0000E+00   0.0000E+00   0.0000E+00   0.0000E+00   0.0000E+00   0.0000E+00
    14    11   0.0000E+00   0.0000E+00   0.0000E+00   0.0000E+00   0.0000E+00   0.0000E+00
    14    12   0.0000E+00   0.0000E+00   0.0000E+00   0.0000E+00   0.0000E+00   0.0000E+00
    14    13   0.0000E+00   0.0000E+00   0.0000E+00   0.0000E+00   0.0000E+00   0.0000E+00
    14    14   0.0000E+00   0.0000E+00   0.0000E+00   0.0000E+00   0.0000E+00   0.0000E+00
    14    15   0.0000E+00   0.0000E+00   0.0000E+00   0.0000E+00   0.0000E+00   0.0000E+00
    14    16   0.0000E+00   0.0000E+00   0.0000E+00   0.0000E+00   0.0000E+00   0.0000E+00
    14    17   0.0000E+00   0.0000E+00   0.0000E+00   0.0000E+00   0.0000E+00   0.0000E+00
    14    18   0.0000E+00   0.0000E+00   0.0000E+00   0.0000E+00   0.0000E+00   0.0000E+00
    14    19   0.0000E+00   0.0000E+00   0.0000E+00   0.0000E+00   0.0000E+00   0.0000E+00
    14    20   0.0000E+00   0.0000E+00   0.0000E+00   0.0000E+00   0.0000E+00   0.0000E+00
    14    21   0.0000E+00   0.0000E+00   0.0000E+00   0.0000E+00   0.0000E+00   0.0000E+00
    14    22   0.0000E+00   0.0000E+00   0.0000E+00   0.0000E+00   0.0000E+00   0.0000E+00
    14    23   0.0000E+00   0.0000E+00   0.0000E+00   0.0000E+00   0.0000E+00   0.0000E+00
    14    24   0.0000E+00   0.0000E+00   0.0000E+00   0.0000E+00   0.0000E+00   0.0000E+00
    14    25   0.0000E+00   0.0000E+00   0.0000E+00   0.0000E+00   0.0000E+00   0.0000E+00
    14    26   0.0000E+00   0.0000E+00   0.0000E+00   0.0000E+00   0.0000E+00   0.0000E+00
    14    27   0.0000E+00   0.0000E+00   0.0000E+00   0.0000E+00   0.0000E+00   0.0000E+00
    14    28   0.0000E+00   0.0000E+00   0.0000E+00   0.0000E+00   0.0000E+00   0.0000E+00
    14    29   0.0000E+00   0.0000E+00   0.0000E+00   0.0000E+00   0.0000E+00   0.0000E+00
    14    30   0.0000E+00   0.0000E+00   0.0000E+00   0.0000E+00   0.0000E+00   0.0000E+00
    14    31   0.0000E+00   0.0000E+00   0.0000E+00   0.0000E+00   0.0000E+00   0.0000E+00
    14    32   0.0000E+00   0.0000E+00   0.0000E+00   0.0000E+00   0.0000E+00   0.0000E+00
    15     1   0.0000E+00   0.0000E+00   0.0000E+00   0.0000E+00   0.0000E+00   0.0000E+00
    15     2   0.0000E+00   0.0000E+00   0.0000E+00   0.0000E+00   0.0000E+00   0.0000E+00
    15     3   0.0000E+00   0.0000E+00   0.0000E+00   0.0000E+00   0.0000E+00   0.0000E+00
    15     4   0.0000E+00   0.0000E+00   0.0000E+00   0.0000E+00   0.0000E+00   0.0000E+00
    15     5   0.0000E+00   0.0000E+00   0.0000E+00   0.0000E+00   0.0000E+00   0.0000E+00
    15     6   0.0000E+00   0.0000E+00   0.0000E+00   0.0000E+00   0.0000E+00   0.0000E+00
    15     7   0.0000E+00   0.0000E+00   0.0000E+00   0.0000E+00   0.0000E+00   0.0000E+00
    15     8   0.0000E+00   0.0000E+00   0.0000E+00   0.0000E+00   0.0000E+00   0.0000E+00
    15     9   0.0000E+00   0.0000E+00   0.0000E+00   0.0000E+00   0.0000E+00   0.0000E+00
    15    10   0.0000E+00   0.0000E+00   0.0000E+00   0.0000E+00   0.0000E+00   0.0000E+00
    15    11   0.0000E+00   0.0000E+00   0.0000E+00   0.0000E+00   0.0000E+00   0.0000E+00
    15    12   0.0000E+00   0.0000E+00   0.0000E+00   0.0000E+00   0.0000E+00   0.0000E+00
    15    13   0.0000E+00   0.0000E+00   0.0000E+00   0.0000E+00   0.0000E+00   0.0000E+00
    15    14   0.0000E+00   0.0000E+00   0.0000E+00   0.0000E+00   0.0000E+00   0.0000E+00
    15    15   0.0000E+00   0.0000E+00   0.0000E+00   0.0000E+00   0.0000E+00   0.0000E+00
    15    16   0.0000E+00   0.0000E+00   0.0000E+00   0.0000E+00   0.0000E+00   0.0000E+00
    15    17   0.0000E+00   0.0000E+00   0.0000E+00   0.0000E+00   0.0000E+00   0.0000E+00
    15    18   0.0000E+00   0.0000E+00   0.0000E+00   0.0000E+00   0.0000E+00   0.0000E+00
    15    19   0.0000E+00   0.0000E+00   0.0000E+00   0.0000E+00   0.0000E+00   0.0000E+00
    15    20   0.0000E+00   0.0000E+00   0.0000E+00   0.0000E+00   0.0000E+00   0.0000E+00
    15    21   0.0000E+00   0.0000E+00   0.0000E+00   0.0000E+00   0.0000E+00   0.0000E+00
    15    22   0.0000E+00   0.0000E+00   0.0000E+00   0.0000E+00   0.0000E+00   0.0000E+00
    15    23   0.0000E+00   0.0000E+00   0.0000E+00   0.0000E+00   0.0000E+00   0.0000E+00
    15    24   0.0000E+00   0.0000E+00   0.0000E+00   0.0000E+00   0.0000E+00   0.0000E+00
    15    25   0.0000E+00   0.0000E+00   0.0000E+00   0.0000E+00   0.0000E+00   0.0000E+00
    15    26   0.0000E+00   0.0000E+00   0.0000E+00   0.0000E+00   0.0000E+00   0.0000E+00
    15    27   0.0000E+00   0.0000E+00   0.0000E+00   0.0000E+00   0.0000E+00   0.0000E+00
    15    28   0.0000E+00   0.0000E+00   0.0000E+00   0.0000E+00   0.0000E+00   0.0000E+00
    15    29   0.0000E+00   0.0000E+00   0.0000E+00   0.0000E+00   0.0000E+00   0.0000E+00
    15    30   0.0000E+00   0.0000E+00   0.0000E+00   0.0000E+00   0.0000E+00   0.0000E+00
    15    31   0.0000E+00   0.0000E+00   0.0000E+00   0.0000E+00   0.0000E+00   0.0000E+00
    15    32   0.0000E+00   0.0000E+00   0.0000E+00   0.0000E+00   0.0000E+00   0.0000E+00
    16     1   0.0000E+00   0.0000E+00   0.0000E+00   0.0000E+00   0.0000E+00   0.0000E+00
    16     2   0.0000E+00   0.0000E+00   0.0000E+00   0.0000E+00   0.0000E+00   0.0000E+00
    16     3   0.0000E+00   0.0000E+00   0.0000E+00   0.0000E+00   0.0000E+00   0.0000E+00
    16     4   0.0000E+00   0.0000E+00   0.0000E+00   0.0000E+00   0.0000E+00   0.0000E+00
    16     5   0.0000E+00   0.0000E+00   0.0000E+00   0.0000E+00   0.0000E+00   0.0000E+00
    16     6   0.0000E+00   0.0000E+00   0.0000E+00   0.0000E+00   0.0000E+00   0.0000E+00
    16     7   0.0000E+00   0.0000E+00   0.0000E+00   0.0000E+00   0.0000E+00   0.0000E+00
    16     8   0.0000E+00   0.0000E+00   0.0000E+00   0.0000E+00   0.0000E+00   0.0000E+00
    16     9   0.0000E+00   0.0000E+00   0.0000E+00   0.0000E+00   0.0000E+00   0.0000E+00
    16    10   0.0000E+00   0.0000E+00   0.0000E+00   0.0000E+00   0.0000E+00   0.0000E+00
    16    11   0.0000E+00   0.0000E+00   0.0000E+00   0.0000E+00   0.0000E+00   0.0000E+00
    16    12   0.0000E+00   0.0000E+00   0.0000E+00   0.0000E+00   0.0000E+00   0.0000E+00
    16    13   0.0000E+00   0.0000E+00   0.0000E+00   0.0000E+00   0.0000E+00   0.0000E+00
    16    14   0.0000E+00   0.0000E+00   0.0000E+00   0.0000E+00   0.0000E+00   0.0000E+00
    16    15   0.0000E+00   0.0000E+00   0.0000E+00   0.0000E+00   0.0000E+00   0.0000E+00
    16    16   0.0000E+00   0.0000E+00   0.0000E+00   0.0000E+00   0.0000E+00   0.0000E+00
    16    17   0.0000E+00   0.0000E+00   0.0000E+00   0.0000E+00   0.0000E+00   0.0000E+00
    16    18   0.0000E+00   0.0000E+00   0.0000E+00   0.0000E+00   0.0000E+00   0.0000E+00
    16    19   0.0000E+00   0.0000E+00   0.0000E+00   0.0000E+00   0.0000E+00   0.0000E+00
    16    20   0.0000E+00   0.0000E+00   0.0000E+00   0.0000E+00   0.0000E+00   0.0000E+00
    16    21   0.0000E+00   0.0000E+00   0.0000E+00   0.0000E+00   0.0000E+00   0.0000E+00
    16    22   0.0000E+00   0.0000E+00   0.0000E+00   0.0000E+00   0.0000E+00   0.0000E+00
    16    23   0.0000E+00   0.0000E+00   0.0000E+00   0.0000E+00   0.0000E+00   0.0000E+00
    16    24   0.0000E+00   0.0000E+00   0.0000E+00   0.0000E+00   0.0000E+00   0.0000E+00
    16    25   0.0000E+00   0.0000E+00   0.0000E+00   0.0000E+00   0.0000E+00   0.0000E+00
    16    26   0.0000E+00   0.0000E+00   0.0000E+00   0.0000E+00   0.0000E+00   0.0000E+00
    16    27   0.0000E+00   0.0000E+00   0.0000E+00   0.0000E+00   0.0000E+00   0.0000E+00
    16    28   0.0000E+00   0.0000E+00   0.0000E+00   0.0000E+00   0.0000E+00   0.0000E+00
    16    29   0.0000E+00   0.0000E+00   0.0000E+00   0.0000E+00   0.0000E+00   0.0000E+00
    16    30   0.0000E+00   0.0000E+00   0.0000E+00   0.0000E+00   0.0000E+00   0.0000E+00
    16    31   0.0000E+00   0.0000E+00   0.0000E+00   0.0000E+00   0.0000E+00   0.0000E+00
    16    32   0.0000E+00   0.0000E+00   0.0000E+00   0.0000E+00   0.0000E+00   0.0000E+00
    17     1   0.0000E+00   0.0000E+00   0.0000E+00   0.0000E+00   0.0000E+00   0.0000E+00
    17     2   0.0000E+00   0.0000E+00   0.0000E+00   0.0000E+00   0.0000E+00   0.0000E+00
    17     3   0.0000E+00   0.0000E+00   0.0000E+00   0.0000E+00   0.0000E+00   0.0000E+00
    17     4   0.0000E+00   0.0000E+00   0.0000E+00   0.0000E+00   0.0000E+00   0.0000E+00
    17     5   0.0000E+00   0.0000E+00   0.0000E+00   0.0000E+00   0.0000E+00   0.0000E+00
    17     6   0.0000E+00   0.0000E+00   0.0000E+00   0.0000E+00   0.0000E+00   0.0000E+00
    17     7   0.0000E+00   0.0000E+00   0.0000E+00   0.0000E+00   0.0000E+00   0.0000E+00
    17     8   0.0000E+00   0.0000E+00   0.0000E+00   0.0000E+00   0.0000E+00   0.0000E+00
    17     9   0.0000E+00   0.0000E+00   0.0000E+00   0.0000E+00   0.0000E+00   0.0000E+00
    17    10   0.0000E+00   0.0000E+00   0.0000E+00   0.0000E+00   0.0000E+00   0.0000E+00
    17    11   0.0000E+00   0.0000E+00   0.0000E+00   0.0000E+00   0.0000E+00   0.0000E+00
    17    12   0.0000E+00   0.0000E+00   0.0000E+00   0.0000E+00   0.0000E+00   0.0000E+00
    17    13   0.0000E+00   0.0000E+00   0.0000E+00   0.0000E+00   0.0000E+00   0.0000E+00
    17    14   0.0000E+00   0.0000E+00   0.0000E+00   0.0000E+00   0.0000E+00   0.0000E+00
    17    15   0.0000E+00   0.0000E+00   0.0000E+00   0.0000E+00   0.0000E+00   0.0000E+00
    17    16   0.0000E+00   0.0000E+00   0.0000E+00   0.0000E+00   0.0000E+00   0.0000E+00
    17    17   0.0000E+00   0.0000E+00   0.0000E+00   0.0000E+00   0.0000E+00   0.0000E+00
    17    18   0.0000E+00   0.0000E+00   0.0000E+00   0.0000E+00   0.0000E+00   0.0000E+00
    17    19   0.0000E+00   0.0000E+00   0.0000E+00   0.0000E+00   0.0000E+00   0.0000E+00
    17    20   0.0000E+00   0.0000E+00   0.0000E+00   0.0000E+00   0.0000E+00   0.0000E+00
    17    21   0.0000E+00   0.0000E+00   0.0000E+00   0.0000E+00   0.0000E+00   0.0000E+00
    17    22   0.0000E+00   0.0000E+00   0.0000E+00   0.0000E+00   0.0000E+00   0.0000E+00
    17    23   0.0000E+00   0.0000E+00   0.0000E+00   0.0000E+00   0.0000E+00   0.0000E+00
    17    24   0.0000E+00   0.0000E+00   0.0000E+00   0.0000E+00   0.0000E+00   0.0000E+00
    17    25   0.0000E+00   0.0000E+00   0.0000E+00   0.0000E+00   0.0000E+00   0.0000E+00
    17    26   0.0000E+00   0.0000E+00   0.0000E+00   0.0000E+00   0.0000E+00   0.0000E+00
    17    27   0.0000E+00   0.0000E+00   0.0000E+00   0.0000E+00   0.0000E+00   0.0000E+00
    17    28   0.0000E+00   0.0000E+00   0.0000E+00   0.0000E+00   0.0000E+00   0.0000E+00
    17    29   0.0000E+00   0.0000E+00   0.0000E+00   0.0000E+00   0.0000E+00   0.0000E+00
    17    30   0.0000E+00   0.0000E+00   0.0000E+00   0.0000E+00   0.0000E+00   0.0000E+00
    17    31   0.0000E+00   0.0000E+00   0.0000E+00   0.0000E+00   0.0000E+00   0.0000E+00
    17    32   0.0000E+00   0.0000E+00   0.0000E+00   0.0000E+00   0.0000E+00   0.0000E+00
    18     1   0.0000E+00   0.0000E+00   0.0000E+00   0.0000E+00   0.0000E+00   0.0000E+00
    18     2   0.0000E+00   0.0000E+00   0.0000E+00   0.0000E+00   0.0000E+00   0.0000E+00
    18     3   0.0000E+00   0.0000E+00   0.0000E+00   0.0000E+00   0.0000E+00   0.0000E+00
    18     4   0.0000E+00   0.0000E+00   0.0000E+00   0.0000E+00   0.0000E+00   0.0000E+00
    18     5   0.0000E+00   0.0000E+00   0.0000E+00   0.0000E+00   0.0000E+00   0.0000E+00
    18     6   0.0000E+00   0.0000E+00   0.0000E+00   0.0000E+00   0.0000E+00   0.0000E+00
    18     7   0.0000E+00   0.0000E+00   0.0000E+00   0.0000E+00   0.0000E+00   0.0000E+00
    18     8   0.0000E+00   0.0000E+00   0.0000E+00   0.0000E+00   0.0000E+00   0.0000E+00
    18     9   0.0000E+00   0.0000E+00   0.0000E+00   0.0000E+00   0.0000E+00   0.0000E+00
    18    10   0.0000E+00   0.0000E+00   0.0000E+00   0.0000E+00   0.0000E+00   0.0000E+00
    18    11   0.0000E+00   0.0000E+00   0.0000E+00   0.0000E+00   0.0000E+00   0.0000E+00
    18    12   0.0000E+00   0.0000E+00   0.0000E+00   0.0000E+00   0.0000E+00   0.0000E+00
    18    13   0.0000E+00   0.0000E+00   0.0000E+00   0.0000E+00   0.0000E+00   0.0000E+00
    18    14   0.0000E+00   0.0000E+00   0.0000E+00   0.0000E+00   0.0000E+00   0.0000E+00
    18    15   0.0000E+00   0.0000E+00   0.0000E+00   0.0000E+00   0.0000E+00   0.0000E+00
    18    16   0.0000E+00   0.0000E+00   0.0000E+00   0.0000E+00   0.0000E+00   0.0000E+00
    18    17   0.0000E+00   0.0000E+00   0.0000E+00   0.0000E+00   0.0000E+00   0.0000E+00
    18    18   0.0000E+00   0.0000E+00   0.0000E+00   0.0000E+00   0.0000E+00   0.0000E+00
    18    19   0.0000E+00   0.0000E+00   0.0000E+00   0.0000E+00   0.0000E+00   0.0000E+00
    18    20   0.0000E+00   0.0000E+00   0.0000E+00   0.0000E+00   0.0000E+00   0.0000E+00
    18    21   0.0000E+00   0.0000E+00   0.0000E+00   0.0000E+00   0.0000E+00   0.0000E+00
    18    22   0.0000E+00   0.0000E+00   0.0000E+00   0.0000E+00   0.0000E+00   0.0000E+00
    18    23   0.0000E+00   0.0000E+00   0.0000E+00   0.0000E+00   0.0000E+00   0.0000E+00
    18    24   0.0000E+00   0.0000E+00   0.0000E+00   0.0000E+00   0.0000E+00   0.0000E+00
    18    25   0.0000E+00   0.0000E+00   0.0000E+00   0.0000E+00   0.0000E+00   0.0000E+00
    18    26   0.0000E+00   0.0000E+00   0.0000E+00   0.0000E+00   0.0000E+00   0.0000E+00
    18    27   0.0000E+00   0.0000E+00   0.0000E+00   0.0000E+00   0.0000E+00   0.0000E+00
    18    28   0.0000E+00   0.0000E+00   0.0000E+00   0.0000E+00   0.0000E+00   0.0000E+00
    18    29   0.0000E+00   0.0000E+00   0.0000E+00   0.0000E+00   0.0000E+00   0.0000E+00
    18    30   0.0000E+00   0.0000E+00   0.0000E+00   0.0000E+00   0.0000E+00   0.0000E+00
    18    31   0.0000E+00   0.0000E+00   0.0000E+00   0.0000E+00   0.0000E+00   0.0000E+00
    18    32   0.0000E+00   0.0000E+00   0.0000E+00   0.0000E+00   0.0000E+00   0.0000E+00
    19     1   0.0000E+00   0.0000E+00   0.0000E+00   0.0000E+00   0.0000E+00   0.0000E+00
    19     2   0.0000E+00   0.0000E+00   0.0000E+00   0.0000E+00   0.0000E+00   0.0000E+00
    19     3   0.0000E+00   0.0000E+00   0.0000E+00   0.0000E+00   0.0000E+00   0.0000E+00
    19     4   0.0000E+00   0.0000E+00   0.0000E+00   0.0000E+00   0.0000E+00   0.0000E+00
    19     5   0.0000E+00   0.0000E+00   0.0000E+00   0.0000E+00   0.0000E+00   0.0000E+00
    19     6   0.0000E+00   0.0000E+00   0.0000E+00   0.0000E+00   0.0000E+00   0.0000E+00
    19     7   0.0000E+00   0.0000E+00   0.0000E+00   0.0000E+00   0.0000E+00   0.0000E+00
    19     8   0.0000E+00   0.0000E+00   0.0000E+00   0.0000E+00   0.0000E+00   0.0000E+00
    19     9   0.0000E+00   0.0000E+00   0.0000E+00   0.0000E+00   0.0000E+00   0.0000E+00
    19    10   0.0000E+00   0.0000E+00   0.0000E+00   0.0000E+00   0.0000E+00   0.0000E+00
    19    11   0.0000E+00   0.0000E+00   0.0000E+00   0.0000E+00   0.0000E+00   0.0000E+00
    19    12   0.0000E+00   0.0000E+00   0.0000E+00   0.0000E+00   0.0000E+00   0.0000E+00
    19    13   0.0000E+00   0.0000E+00   0.0000E+00   0.0000E+00   0.0000E+00   0.0000E+00
    19    14   0.0000E+00   0.0000E+00   0.0000E+00   0.0000E+00   0.0000E+00   0.0000E+00
    19    15   0.0000E+00   0.0000E+00   0.0000E+00   0.0000E+00   0.0000E+00   0.0000E+00
    19    16   0.0000E+00   0.0000E+00   0.0000E+00   0.0000E+00   0.0000E+00   0.0000E+00
    19    17   0.0000E+00   0.0000E+00   0.0000E+00   0.0000E+00   0.0000E+00   0.0000E+00
    19    18   0.0000E+00   0.0000E+00   0.0000E+00   0.0000E+00   0.0000E+00   0.0000E+00
    19    19   0.0000E+00   0.0000E+00   0.0000E+00   0.0000E+00   0.0000E+00   0.0000E+00
    19    20   0.0000E+00   0.0000E+00   0.0000E+00   0.0000E+00   0.0000E+00   0.0000E+00
    19    21   0.0000E+00   0.0000E+00   0.0000E+00   0.0000E+00   0.0000E+00   0.0000E+00
    19    22   0.0000E+00   0.0000E+00   0.0000E+00   0.0000E+00   0.0000E+00   0.0000E+00
    19    23   0.0000E+00   0.0000E+00   0.0000E+00   0.0000E+00   0.0000E+00   0.0000E+00
    19    24   0.0000E+00   0.0000E+00   0.0000E+00   0.0000E+00   0.0000E+00   0.0000E+00
    19    25   0.0000E+00   0.0000E+00   0.0000E+00   0.0000E+00   0.0000E+00   0.0000E+00
    19    26   0.0000E+00   0.0000E+00   0.0000E+00   0.0000E+00   0.0000E+00   0.0000E+00
    19    27   0.0000E+00   0.0000E+00   0.0000E+00   0.0000E+00   0.0000E+00   0.0000E+00
    19    28   0.0000E+00   0.0000E+00   0.0000E+00   0.0000E+00   0.0000E+00   0.0000E+00
    19    29   0.0000E+00   0.0000E+00   0.0000E+00   0.0000E+00   0.0000E+00   0.0000E+00
    19    30   0.0000E+00   0.0000E+00   0.0000E+00   0.0000E+00   0.0000E+00   0.0000E+00
    19    31   0.0000E+00   0.0000E+00   0.0000E+00   0.0000E+00   0.0000E+00   0.0000E+00
    19    32   0.0000E+00   0.0000E+00   0.0000E+00   0.0000E+00   0.0000E+00   0.0000E+00
    20     1   0.0000E+00   0.0000E+00   0.0000E+00   0.0000E+00   0.0000E+00   0.0000E+00
    20     2   0.0000E+00   0.0000E+00   0.0000E+00   0.0000E+00   0.0000E+00   0.0000E+00
    20     3   0.0000E+00   0.0000E+00   0.0000E+00   0.0000E+00   0.0000E+00   0.0000E+00
    20     4   0.0000E+00   0.0000E+00   0.0000E+00   0.0000E+00   0.0000E+00   0.0000E+00
    20     5   0.0000E+00   0.0000E+00   0.0000E+00   0.0000E+00   0.0000E+00   0.0000E+00
    20     6   0.0000E+00   0.0000E+00   0.0000E+00   0.0000E+00   0.0000E+00   0.0000E+00
    20     7   0.0000E+00   0.0000E+00   0.0000E+00   0.0000E+00   0.0000E+00   0.0000E+00
    20     8   0.0000E+00   0.0000E+00   0.0000E+00   0.0000E+00   0.0000E+00   0.0000E+00
    20     9   0.0000E+00   0.0000E+00   0.0000E+00   0.0000E+00   0.0000E+00   0.0000E+00
    20    10   0.0000E+00   0.0000E+00   0.0000E+00   0.0000E+00   0.0000E+00   0.0000E+00
    20    11   0.0000E+00   0.0000E+00   0.0000E+00   0.0000E+00   0.0000E+00   0.0000E+00
    20    12   0.0000E+00   0.0000E+00   0.0000E+00   0.0000E+00   0.0000E+00   0.0000E+00
    20    13   0.0000E+00   0.0000E+00   0.0000E+00   0.0000E+00   0.0000E+00   0.0000E+00
    20    14   0.0000E+00   0.0000E+00   0.0000E+00   0.0000E+00   0.0000E+00   0.0000E+00
    20    15   0.0000E+00   0.0000E+00   0.0000E+00   0.0000E+00   0.0000E+00   0.0000E+00
    20    16   0.0000E+00   0.0000E+00   0.0000E+00   0.0000E+00   0.0000E+00   0.0000E+00
    20    17   0.0000E+00   0.0000E+00   0.0000E+00   0.0000E+00   0.0000E+00   0.0000E+00
    20    18   0.0000E+00   0.0000E+00   0.0000E+00   0.0000E+00   0.0000E+00   0.0000E+00
    20    19   0.0000E+00   0.0000E+00   0.0000E+00   0.0000E+00   0.0000E+00   0.0000E+00
    20    20   0.0000E+00   0.0000E+00   0.0000E+00   0.0000E+00   0.0000E+00   0.0000E+00
    20    21   0.0000E+00   0.0000E+00   0.0000E+00   0.0000E+00   0.0000E+00   0.0000E+00
    20    22   4.6551E+15   1.0000E+00   2.4968E-02   1.0000E+00   0.0000E+00   0.0000E+00
    20    23   0.0000E+00   0.0000E+00   0.0000E+00   0.0000E+00   0.0000E+00   0.0000E+00
    20    24   0.0000E+00   0.0000E+00   0.0000E+00   0.0000E+00   0.0000E+00   0.0000E+00
    20    25   0.0000E+00   0.0000E+00   0.0000E+00   0.0000E+00   0.0000E+00   0.0000E+00
    20    26   0.0000E+00   0.0000E+00   0.0000E+00   0.0000E+00   0.0000E+00   0.0000E+00
    20    27   0.0000E+00   0.0000E+00   0.0000E+00   0.0000E+00   0.0000E+00   0.0000E+00
    20    28   0.0000E+00   0.0000E+00   0.0000E+00   0.0000E+00   0.0000E+00   0.0000E+00
    20    29   0.0000E+00   0.0000E+00   0.0000E+00   0.0000E+00   0.0000E+00   0.0000E+00
    20    30   0.0000E+00   0.0000E+00   0.0000E+00   0.0000E+00   0.0000E+00   0.0000E+00
    20    31   0.0000E+00   0.0000E+00   0.0000E+00   0.0000E+00   0.0000E+00   0.0000E+00
    20    32   0.0000E+00   0.0000E+00   0.0000E+00   0.0000E+00   0.0000E+00   0.0000E+00
    21     1   0.0000E+00   0.0000E+00   0.0000E+00   0.0000E+00   0.0000E+00   0.0000E+00
    21     2   0.0000E+00   0.0000E+00   0.0000E+00   0.0000E+00   0.0000E+00   0.0000E+00
    21     3   0.0000E+00   0.0000E+00   0.0000E+00   0.0000E+00   0.0000E+00   0.0000E+00
    21     4   0.0000E+00   0.0000E+00   0.0000E+00   0.0000E+00   0.0000E+00   0.0000E+00
    21     5   0.0000E+00   0.0000E+00   0.0000E+00   0.0000E+00   0.0000E+00   0.0000E+00
    21     6   0.0000E+00   0.0000E+00   0.0000E+00   0.0000E+00   0.0000E+00   0.0000E+00
    21     7   0.0000E+00   0.0000E+00   0.0000E+00   0.0000E+00   0.0000E+00   0.0000E+00
    21     8   0.0000E+00   0.0000E+00   0.0000E+00   0.0000E+00   0.0000E+00   0.0000E+00
    21     9   0.0000E+00   0.0000E+00   0.0000E+00   0.0000E+00   0.0000E+00   0.0000E+00
    21    10   0.0000E+00   0.0000E+00   0.0000E+00   0.0000E+00   0.0000E+00   0.0000E+00
    21    11   0.0000E+00   0.0000E+00   0.0000E+00   0.0000E+00   0.0000E+00   0.0000E+00
    21    12   0.0000E+00   0.0000E+00   0.0000E+00   0.0000E+00   0.0000E+00   0.0000E+00
    21    13   0.0000E+00   0.0000E+00   0.0000E+00   0.0000E+00   0.0000E+00   0.0000E+00
    21    14   0.0000E+00   0.0000E+00   0.0000E+00   0.0000E+00   0.0000E+00   0.0000E+00
    21    15   0.0000E+00   0.0000E+00   0.0000E+00   0.0000E+00   0.0000E+00   0.0000E+00
    21    16   0.0000E+00   0.0000E+00   0.0000E+00   0.0000E+00   0.0000E+00   0.0000E+00
    21    17   0.0000E+00   0.0000E+00   0.0000E+00   0.0000E+00   0.0000E+00   0.0000E+00
    21    18   0.0000E+00   0.0000E+00   0.0000E+00   0.0000E+00   0.0000E+00   0.0000E+00
    21    19   0.0000E+00   0.0000E+00   0.0000E+00   0.0000E+00   0.0000E+00   0.0000E+00
    21    20   0.0000E+00   0.0000E+00   0.0000E+00   0.0000E+00   0.0000E+00   0.0000E+00
    21    21   0.0000E+00   0.0000E+00   0.0000E+00   0.0000E+00   0.0000E+00   0.0000E+00
    21    22   0.0000E+00   0.0000E+00   0.0000E+00   0.0000E+00   0.0000E+00   0.0000E+00
    21    23   0.0000E+00   0.0000E+00   0.0000E+00   0.0000E+00   0.0000E+00   0.0000E+00
    21    24   0.0000E+00   0.0000E+00   0.0000E+00   0.0000E+00   0.0000E+00   0.0000E+00
    21    25   0.0000E+00   0.0000E+00   0.0000E+00   0.0000E+00   0.0000E+00   0.0000E+00
    21    26   0.0000E+00   0.0000E+00   0.0000E+00   0.0000E+00   0.0000E+00   0.0000E+00
    21    27   0.0000E+00   0.0000E+00   0.0000E+00   0.0000E+00   0.0000E+00   0.0000E+00
    21    28   0.0000E+00   0.0000E+00   0.0000E+00   0.0000E+00   0.0000E+00   0.0000E+00
    21    29   0.0000E+00   0.0000E+00   0.0000E+00   0.0000E+00   0.0000E+00   0.0000E+00
    21    30   0.0000E+00   0.0000E+00   0.0000E+00   0.0000E+00   0.0000E+00   0.0000E+00
    21    31   0.0000E+00   0.0000E+00   0.0000E+00   0.0000E+00   0.0000E+00   0.0000E+00
    21    32   0.0000E+00   0.0000E+00   0.0000E+00   0.0000E+00   0.0000E+00   0.0000E+00
    22     1   0.0000E+00   0.0000E+00   0.0000E+00   0.0000E+00   0.0000E+00   0.0000E+00
    22     2   0.0000E+00   0.0000E+00   0.0000E+00   0.0000E+00   0.0000E+00   0.0000E+00
    22     3   0.0000E+00   0.0000E+00   0.0000E+00   0.0000E+00   0.0000E+00   0.0000E+00
    22     4   0.0000E+00   0.0000E+00   0.0000E+00   0.0000E+00   0.0000E+00   0.0000E+00
    22     5   0.0000E+00   0.0000E+00   0.0000E+00   0.0000E+00   0.0000E+00   0.0000E+00
    22     6   0.0000E+00   0.0000E+00   0.0000E+00   0.0000E+00   0.0000E+00   0.0000E+00
    22     7   0.0000E+00   0.0000E+00   0.0000E+00   0.0000E+00   0.0000E+00   0.0000E+00
    22     8   0.0000E+00   0.0000E+00   0.0000E+00   0.0000E+00   0.0000E+00   0.0000E+00
    22     9   0.0000E+00   0.0000E+00   0.0000E+00   0.0000E+00   0.0000E+00   0.0000E+00
    22    10   0.0000E+00   0.0000E+00   0.0000E+00   0.0000E+00   0.0000E+00   0.0000E+00
    22    11   0.0000E+00   0.0000E+00   0.0000E+00   0.0000E+00   0.0000E+00   0.0000E+00
    22    12   0.0000E+00   0.0000E+00   0.0000E+00   0.0000E+00   0.0000E+00   0.0000E+00
    22    13   0.0000E+00   0.0000E+00   0.0000E+00   0.0000E+00   0.0000E+00   0.0000E+00
    22    14   0.0000E+00   0.0000E+00   0.0000E+00   0.0000E+00   0.0000E+00   0.0000E+00
    22    15   0.0000E+00   0.0000E+00   0.0000E+00   0.0000E+00   0.0000E+00   0.0000E+00
    22    16   0.0000E+00   0.0000E+00   0.0000E+00   0.0000E+00   0.0000E+00   0.0000E+00
    22    17   0.0000E+00   0.0000E+00   0.0000E+00   0.0000E+00   0.0000E+00   0.0000E+00
    22    18   0.0000E+00   0.0000E+00   0.0000E+00   0.0000E+00   0.0000E+00   0.0000E+00
    22    19   0.0000E+00   0.0000E+00   0.0000E+00   0.0000E+00   0.0000E+00   0.0000E+00
    22    20   0.0000E+00   0.0000E+00   0.0000E+00   0.0000E+00   0.0000E+00   0.0000E+00
    22    21   0.0000E+00   0.0000E+00   0.0000E+00   0.0000E+00   0.0000E+00   0.0000E+00
    22    22   0.0000E+00   0.0000E+00   0.0000E+00   0.0000E+00   0.0000E+00   0.0000E+00
    22    23   0.0000E+00   0.0000E+00   0.0000E+00   0.0000E+00   0.0000E+00   0.0000E+00
    22    24   0.0000E+00   0.0000E+00   0.0000E+00   0.0000E+00   0.0000E+00   0.0000E+00
    22    25   0.0000E+00   0.0000E+00   0.0000E+00   0.0000E+00   0.0000E+00   0.0000E+00
    22    26   0.0000E+00   0.0000E+00   0.0000E+00   0.0000E+00   0.0000E+00   0.0000E+00
    22    27   0.0000E+00   0.0000E+00   0.0000E+00   0.0000E+00   0.0000E+00   0.0000E+00
    22    28   0.0000E+00   0.0000E+00   0.0000E+00   0.0000E+00   0.0000E+00   0.0000E+00
    22    29   0.0000E+00   0.0000E+00   0.0000E+00   0.0000E+00   0.0000E+00   0.0000E+00
    22    30   0.0000E+00   0.0000E+00   0.0000E+00   0.0000E+00   0.0000E+00   0.0000E+00
    22    31   0.0000E+00   0.0000E+00   0.0000E+00   0.0000E+00   0.0000E+00   0.0000E+00
    22    32   0.0000E+00   0.0000E+00   0.0000E+00   0.0000E+00   0.0000E+00   0.0000E+00
    23     1   0.0000E+00   0.0000E+00   0.0000E+00   0.0000E+00   0.0000E+00   0.0000E+00
    23     2   0.0000E+00   0.0000E+00   0.0000E+00   0.0000E+00   0.0000E+00   0.0000E+00
    23     3   0.0000E+00   0.0000E+00   0.0000E+00   0.0000E+00   0.0000E+00   0.0000E+00
    23     4   0.0000E+00   0.0000E+00   0.0000E+00   0.0000E+00   0.0000E+00   0.0000E+00
    23     5   0.0000E+00   0.0000E+00   0.0000E+00   0.0000E+00   0.0000E+00   0.0000E+00
    23     6   0.0000E+00   0.0000E+00   0.0000E+00   0.0000E+00   0.0000E+00   0.0000E+00
    23     7   0.0000E+00   0.0000E+00   0.0000E+00   0.0000E+00   0.0000E+00   0.0000E+00
    23     8   0.0000E+00   0.0000E+00   0.0000E+00   0.0000E+00   0.0000E+00   0.0000E+00
    23     9   0.0000E+00   0.0000E+00   0.0000E+00   0.0000E+00   0.0000E+00   0.0000E+00
    23    10   0.0000E+00   0.0000E+00   0.0000E+00   0.0000E+00   0.0000E+00   0.0000E+00
    23    11   0.0000E+00   0.0000E+00   0.0000E+00   0.0000E+00   0.0000E+00   0.0000E+00
    23    12   0.0000E+00   0.0000E+00   0.0000E+00   0.0000E+00   0.0000E+00   0.0000E+00
    23    13   0.0000E+00   0.0000E+00   0.0000E+00   0.0000E+00   0.0000E+00   0.0000E+00
    23    14   0.0000E+00   0.0000E+00   0.0000E+00   0.0000E+00   0.0000E+00   0.0000E+00
    23    15   0.0000E+00   0.0000E+00   0.0000E+00   0.0000E+00   0.0000E+00   0.0000E+00
    23    16   0.0000E+00   0.0000E+00   0.0000E+00   0.0000E+00   0.0000E+00   0.0000E+00
    23    17   0.0000E+00   0.0000E+00   0.0000E+00   0.0000E+00   0.0000E+00   0.0000E+00
    23    18   0.0000E+00   0.0000E+00   0.0000E+00   0.0000E+00   0.0000E+00   0.0000E+00
    23    19   0.0000E+00   0.0000E+00   0.0000E+00   0.0000E+00   0.0000E+00   0.0000E+00
    23    20   0.0000E+00   0.0000E+00   0.0000E+00   0.0000E+00   0.0000E+00   0.0000E+00
    23    21   0.0000E+00   0.0000E+00   0.0000E+00   0.0000E+00   0.0000E+00   0.0000E+00
    23    22   0.0000E+00   0.0000E+00   0.0000E+00   0.0000E+00   0.0000E+00   0.0000E+00
    23    23   0.0000E+00   0.0000E+00   0.0000E+00   0.0000E+00   0.0000E+00   0.0000E+00
    23    24   0.0000E+00   0.0000E+00   0.0000E+00   0.0000E+00   0.0000E+00   0.0000E+00
    23    25   0.0000E+00   0.0000E+00   0.0000E+00   0.0000E+00   0.0000E+00   0.0000E+00
    23    26   0.0000E+00   0.0000E+00   0.0000E+00   0.0000E+00   0.0000E+00   0.0000E+00
    23    27   0.0000E+00   0.0000E+00   0.0000E+00   0.0000E+00   0.0000E+00   0.0000E+00
    23    28   0.0000E+00   0.0000E+00   0.0000E+00   0.0000E+00   0.0000E+00   0.0000E+00
    23    29   0.0000E+00   0.0000E+00   0.0000E+00   0.0000E+00   0.0000E+00   0.0000E+00
    23    30   0.0000E+00   0.0000E+00   0.0000E+00   0.0000E+00   0.0000E+00   0.0000E+00
    23    31   0.0000E+00   0.0000E+00   0.0000E+00   0.0000E+00   0.0000E+00   0.0000E+00
    23    32   0.0000E+00   0.0000E+00   0.0000E+00   0.0000E+00   0.0000E+00   0.0000E+00
    24     1   0.0000E+00   0.0000E+00   0.0000E+00   0.0000E+00   0.0000E+00   0.0000E+00
    24     2   0.0000E+00   0.0000E+00   0.0000E+00   0.0000E+00   0.0000E+00   0.0000E+00
    24     3   0.0000E+00   0.0000E+00   0.0000E+00   0.0000E+00   0.0000E+00   0.0000E+00
    24     4   0.0000E+00   0.0000E+00   0.0000E+00   0.0000E+00   0.0000E+00   0.0000E+00
    24     5   0.0000E+00   0.0000E+00   0.0000E+00   0.0000E+00   0.0000E+00   0.0000E+00
    24     6   0.0000E+00   0.0000E+00   0.0000E+00   0.0000E+00   0.0000E+00   0.0000E+00
    24     7   0.0000E+00   0.0000E+00   0.0000E+00   0.0000E+00   0.0000E+00   0.0000E+00
    24     8   0.0000E+00   0.0000E+00   0.0000E+00   0.0000E+00   0.0000E+00   0.0000E+00
    24     9   0.0000E+00   0.0000E+00   0.0000E+00   0.0000E+00   0.0000E+00   0.0000E+00
    24    10   0.0000E+00   0.0000E+00   0.0000E+00   0.0000E+00   0.0000E+00   0.0000E+00
    24    11   0.0000E+00   0.0000E+00   0.0000E+00   0.0000E+00   0.0000E+00   0.0000E+00
    24    12   0.0000E+00   0.0000E+00   0.0000E+00   0.0000E+00   0.0000E+00   0.0000E+00
    24    13   0.0000E+00   0.0000E+00   0.0000E+00   0.0000E+00   0.0000E+00   0.0000E+00
    24    14   0.0000E+00   0.0000E+00   0.0000E+00   0.0000E+00   0.0000E+00   0.0000E+00
    24    15   0.0000E+00   0.0000E+00   0.0000E+00   0.0000E+00   0.0000E+00   0.0000E+00
    24    16   0.0000E+00   0.0000E+00   0.0000E+00   0.0000E+00   0.0000E+00   0.0000E+00
    24    17   0.0000E+00   0.0000E+00   0.0000E+00   0.0000E+00   0.0000E+00   0.0000E+00
    24    18   0.0000E+00   0.0000E+00   0.0000E+00   0.0000E+00   0.0000E+00   0.0000E+00
    24    19   0.0000E+00   0.0000E+00   0.0000E+00   0.0000E+00   0.0000E+00   0.0000E+00
    24    20   0.0000E+00   0.0000E+00   0.0000E+00   0.0000E+00   0.0000E+00   0.0000E+00
    24    21   0.0000E+00   0.0000E+00   0.0000E+00   0.0000E+00   0.0000E+00   0.0000E+00
    24    22   0.0000E+00   0.0000E+00   0.0000E+00   0.0000E+00   0.0000E+00   0.0000E+00
    24    23   0.0000E+00   0.0000E+00   0.0000E+00   0.0000E+00   0.0000E+00   0.0000E+00
    24    24   0.0000E+00   0.0000E+00   0.0000E+00   0.0000E+00   0.0000E+00   0.0000E+00
    24    25   0.0000E+00   0.0000E+00   0.0000E+00   0.0000E+00   0.0000E+00   0.0000E+00
    24    26   0.0000E+00   0.0000E+00   0.0000E+00   0.0000E+00   0.0000E+00   0.0000E+00
    24    27   0.0000E+00   0.0000E+00   0.0000E+00   0.0000E+00   0.0000E+00   0.0000E+00
    24    28   0.0000E+00   0.0000E+00   0.0000E+00   0.0000E+00   0.0000E+00   0.0000E+00
    24    29   0.0000E+00   0.0000E+00   0.0000E+00   0.0000E+00   0.0000E+00   0.0000E+00
    24    30   0.0000E+00   0.0000E+00   0.0000E+00   0.0000E+00   0.0000E+00   0.0000E+00
    24    31   0.0000E+00   0.0000E+00   0.0000E+00   0.0000E+00   0.0000E+00   0.0000E+00
    24    32   0.0000E+00   0.0000E+00   0.0000E+00   0.0000E+00   0.0000E+00   0.0000E+00
    25     1   0.0000E+00   0.0000E+00   0.0000E+00   0.0000E+00   0.0000E+00   0.0000E+00
    25     2   0.0000E+00   0.0000E+00   0.0000E+00   0.0000E+00   0.0000E+00   0.0000E+00
    25     3   0.0000E+00   0.0000E+00   0.0000E+00   0.0000E+00   0.0000E+00   0.0000E+00
    25     4   0.0000E+00   0.0000E+00   0.0000E+00   0.0000E+00   0.0000E+00   0.0000E+00
    25     5   0.0000E+00   0.0000E+00   0.0000E+00   0.0000E+00   0.0000E+00   0.0000E+00
    25     6   0.0000E+00   0.0000E+00   0.0000E+00   0.0000E+00   0.0000E+00   0.0000E+00
    25     7   0.0000E+00   0.0000E+00   0.0000E+00   0.0000E+00   0.0000E+00   0.0000E+00
    25     8   0.0000E+00   0.0000E+00   0.0000E+00   0.0000E+00   0.0000E+00   0.0000E+00
    25     9   0.0000E+00   0.0000E+00   0.0000E+00   0.0000E+00   0.0000E+00   0.0000E+00
    25    10   0.0000E+00   0.0000E+00   0.0000E+00   0.0000E+00   0.0000E+00   0.0000E+00
    25    11   0.0000E+00   0.0000E+00   0.0000E+00   0.0000E+00   0.0000E+00   0.0000E+00
    25    12   0.0000E+00   0.0000E+00   0.0000E+00   0.0000E+00   0.0000E+00   0.0000E+00
    25    13   0.0000E+00   0.0000E+00   0.0000E+00   0.0000E+00   0.0000E+00   0.0000E+00
    25    14   0.0000E+00   0.0000E+00   0.0000E+00   0.0000E+00   0.0000E+00   0.0000E+00
    25    15   0.0000E+00   0.0000E+00   0.0000E+00   0.0000E+00   0.0000E+00   0.0000E+00
    25    16   0.0000E+00   0.0000E+00   0.0000E+00   0.0000E+00   0.0000E+00   0.0000E+00
    25    17   0.0000E+00   0.0000E+00   0.0000E+00   0.0000E+00   0.0000E+00   0.0000E+00
    25    18   0.0000E+00   0.0000E+00   0.0000E+00   0.0000E+00   0.0000E+00   0.0000E+00
    25    19   0.0000E+00   0.0000E+00   0.0000E+00   0.0000E+00   0.0000E+00   0.0000E+00
    25    20   0.0000E+00   0.0000E+00   0.0000E+00   0.0000E+00   0.0000E+00   0.0000E+00
    25    21   0.0000E+00   0.0000E+00   0.0000E+00   0.0000E+00   0.0000E+00   0.0000E+00
    25    22   0.0000E+00   0.0000E+00   0.0000E+00   0.0000E+00   0.0000E+00   0.0000E+00
    25    23   0.0000E+00   0.0000E+00   0.0000E+00   0.0000E+00   0.0000E+00   0.0000E+00
    25    24   0.0000E+00   0.0000E+00   0.0000E+00   0.0000E+00   0.0000E+00   0.0000E+00
    25    25   1.5602E+15   1.0000E+00   5.7340E-03   1.0000E+00   0.0000E+00   0.0000E+00
    25    26   0.0000E+00   0.0000E+00   0.0000E+00   0.0000E+00   0.0000E+00   0.0000E+00
    25    27   0.0000E+00   0.0000E+00   0.0000E+00   0.0000E+00   0.0000E+00   0.0000E+00
    25    28   0.0000E+00   0.0000E+00   0.0000E+00   0.0000E+00   0.0000E+00   0.0000E+00
    25    29   0.0000E+00   0.0000E+00   0.0000E+00   0.0000E+00   0.0000E+00   0.0000E+00
    25    30   0.0000E+00   0.0000E+00   0.0000E+00   0.0000E+00   0.0000E+00   0.0000E+00
    25    31   0.0000E+00   0.0000E+00   0.0000E+00   0.0000E+00   0.0000E+00   0.0000E+00
    25    32   0.0000E+00   0.0000E+00   0.0000E+00   0.0000E+00   0.0000E+00   0.0000E+00
    26     1   0.0000E+00   0.0000E+00   0.0000E+00   0.0000E+00   0.0000E+00   0.0000E+00
    26     2   0.0000E+00   0.0000E+00   0.0000E+00   0.0000E+00   0.0000E+00   0.0000E+00
    26     3   0.0000E+00   0.0000E+00   0.0000E+00   0.0000E+00   0.0000E+00   0.0000E+00
    26     4   0.0000E+00   0.0000E+00   0.0000E+00   0.0000E+00   0.0000E+00   0.0000E+00
    26     5   0.0000E+00   0.0000E+00   0.0000E+00   0.0000E+00   0.0000E+00   0.0000E+00
    26     6   0.0000E+00   0.0000E+00   0.0000E+00   0.0000E+00   0.0000E+00   0.0000E+00
    26     7   0.0000E+00   0.0000E+00   0.0000E+00   0.0000E+00   0.0000E+00   0.0000E+00
    26     8   0.0000E+00   0.0000E+00   0.0000E+00   0.0000E+00   0.0000E+00   0.0000E+00
    26     9   0.0000E+00   0.0000E+00   0.0000E+00   0.0000E+00   0.0000E+00   0.0000E+00
    26    10   0.0000E+00   0.0000E+00   0.0000E+00   0.0000E+00   0.0000E+00   0.0000E+00
    26    11   0.0000E+00   0.0000E+00   0.0000E+00   0.0000E+00   0.0000E+00   0.0000E+00
    26    12   0.0000E+00   0.0000E+00   0.0000E+00   0.0000E+00   0.0000E+00   0.0000E+00
    26    13   0.0000E+00   0.0000E+00   0.0000E+00   0.0000E+00   0.0000E+00   0.0000E+00
    26    14   0.0000E+00   0.0000E+00   0.0000E+00   0.0000E+00   0.0000E+00   0.0000E+00
    26    15   0.0000E+00   0.0000E+00   0.0000E+00   0.0000E+00   0.0000E+00   0.0000E+00
    26    16   0.0000E+00   0.0000E+00   0.0000E+00   0.0000E+00   0.0000E+00   0.0000E+00
    26    17   0.0000E+00   0.0000E+00   0.0000E+00   0.0000E+00   0.0000E+00   0.0000E+00
    26    18   0.0000E+00   0.0000E+00   0.0000E+00   0.0000E+00   0.0000E+00   0.0000E+00
    26    19   0.0000E+00   0.0000E+00   0.0000E+00   0.0000E+00   0.0000E+00   0.0000E+00
    26    20   0.0000E+00   0.0000E+00   0.0000E+00   0.0000E+00   0.0000E+00   0.0000E+00
    26    21   0.0000E+00   0.0000E+00   0.0000E+00   0.0000E+00   0.0000E+00   0.0000E+00
    26    22   0.0000E+00   0.0000E+00   0.0000E+00   0.0000E+00   0.0000E+00   0.0000E+00
    26    23   0.0000E+00   0.0000E+00   0.0000E+00   0.0000E+00   0.0000E+00   0.0000E+00
    26    24   0.0000E+00   0.0000E+00   0.0000E+00   0.0000E+00   0.0000E+00   0.0000E+00
    26    25   0.0000E+00   0.0000E+00   0.0000E+00   0.0000E+00   0.0000E+00   0.0000E+00
    26    26   0.0000E+00   0.0000E+00   0.0000E+00   0.0000E+00   0.0000E+00   0.0000E+00
    26    27   0.0000E+00   0.0000E+00   0.0000E+00   0.0000E+00   0.0000E+00   0.0000E+00
    26    28   0.0000E+00   0.0000E+00   0.0000E+00   0.0000E+00   0.0000E+00   0.0000E+00
    26    29   0.0000E+00   0.0000E+00   0.0000E+00   0.0000E+00   0.0000E+00   0.0000E+00
    26    30   0.0000E+00   0.0000E+00   0.0000E+00   0.0000E+00   0.0000E+00   0.0000E+00
    26    31   0.0000E+00   0.0000E+00   0.0000E+00   0.0000E+00   0.0000E+00   0.0000E+00
    26    32   0.0000E+00   0.0000E+00   0.0000E+00   0.0000E+00   0.0000E+00   0.0000E+00
    27     1   0.0000E+00   0.0000E+00   0.0000E+00   0.0000E+00   0.0000E+00   0.0000E+00
    27     2   0.0000E+00   0.0000E+00   0.0000E+00   0.0000E+00   0.0000E+00   0.0000E+00
    27     3   0.0000E+00   0.0000E+00   0.0000E+00   0.0000E+00   0.0000E+00   0.0000E+00
    27     4   0.0000E+00   0.0000E+00   0.0000E+00   0.0000E+00   0.0000E+00   0.0000E+00
    27     5   0.0000E+00   0.0000E+00   0.0000E+00   0.0000E+00   0.0000E+00   0.0000E+00
    27     6   0.0000E+00   0.0000E+00   0.0000E+00   0.0000E+00   0.0000E+00   0.0000E+00
    27     7   0.0000E+00   0.0000E+00   0.0000E+00   0.0000E+00   0.0000E+00   0.0000E+00
    27     8   0.0000E+00   0.0000E+00   0.0000E+00   0.0000E+00   0.0000E+00   0.0000E+00
    27     9   0.0000E+00   0.0000E+00   0.0000E+00   0.0000E+00   0.0000E+00   0.0000E+00
    27    10   0.0000E+00   0.0000E+00   0.0000E+00   0.0000E+00   0.0000E+00   0.0000E+00
    27    11   0.0000E+00   0.0000E+00   0.0000E+00   0.0000E+00   0.0000E+00   0.0000E+00
    27    12   0.0000E+00   0.0000E+00   0.0000E+00   0.0000E+00   0.0000E+00   0.0000E+00
    27    13   0.0000E+00   0.0000E+00   0.0000E+00   0.0000E+00   0.0000E+00   0.0000E+00
    27    14   0.0000E+00   0.0000E+00   0.0000E+00   0.0000E+00   0.0000E+00   0.0000E+00
    27    15   0.0000E+00   0.0000E+00   0.0000E+00   0.0000E+00   0.0000E+00   0.0000E+00
    27    16   0.0000E+00   0.0000E+00   0.0000E+00   0.0000E+00   0.0000E+00   0.0000E+00
    27    17   0.0000E+00   0.0000E+00   0.0000E+00   0.0000E+00   0.0000E+00   0.0000E+00
    27    18   0.0000E+00   0.0000E+00   0.0000E+00   0.0000E+00   0.0000E+00   0.0000E+00
    27    19   0.0000E+00   0.0000E+00   0.0000E+00   0.0000E+00   0.0000E+00   0.0000E+00
    27    20   0.0000E+00   0.0000E+00   0.0000E+00   0.0000E+00   0.0000E+00   0.0000E+00
    27    21   0.0000E+00   0.0000E+00   0.0000E+00   0.0000E+00   0.0000E+00   0.0000E+00
    27    22   0.0000E+00   0.0000E+00   0.0000E+00   0.0000E+00   0.0000E+00   0.0000E+00
    27    23   0.0000E+00   0.0000E+00   0.0000E+00   0.0000E+00   0.0000E+00   0.0000E+00
    27    24   0.0000E+00   0.0000E+00   0.0000E+00   0.0000E+00   0.0000E+00   0.0000E+00
    27    25   0.0000E+00   0.0000E+00   0.0000E+00   0.0000E+00   0.0000E+00   0.0000E+00
    27    26   0.0000E+00   0.0000E+00   0.0000E+00   0.0000E+00   0.0000E+00   0.0000E+00
    27    27   0.0000E+00   0.0000E+00   0.0000E+00   0.0000E+00   0.0000E+00   0.0000E+00
    27    28   0.0000E+00   0.0000E+00   0.0000E+00   0.0000E+00   0.0000E+00   0.0000E+00
    27    29   0.0000E+00   0.0000E+00   0.0000E+00   0.0000E+00   0.0000E+00   0.0000E+00
    27    30   0.0000E+00   0.0000E+00   0.0000E+00   0.0000E+00   0.0000E+00   0.0000E+00
    27    31   0.0000E+00   0.0000E+00   0.0000E+00   0.0000E+00   0.0000E+00   0.0000E+00
    27    32   0.0000E+00   0.0000E+00   0.0000E+00   0.0000E+00   0.0000E+00   0.0000E+00
    28     1   0.0000E+00   0.0000E+00   0.0000E+00   0.0000E+00   0.0000E+00   0.0000E+00
    28     2   0.0000E+00   0.0000E+00   0.0000E+00   0.0000E+00   0.0000E+00   0.0000E+00
    28     3   0.0000E+00   0.0000E+00   0.0000E+00   0.0000E+00   0.0000E+00   0.0000E+00
    28     4   0.0000E+00   0.0000E+00   0.0000E+00   0.0000E+00   0.0000E+00   0.0000E+00
    28     5   0.0000E+00   0.0000E+00   0.0000E+00   0.0000E+00   0.0000E+00   0.0000E+00
    28     6   0.0000E+00   0.0000E+00   0.0000E+00   0.0000E+00   0.0000E+00   0.0000E+00
    28     7   0.0000E+00   0.0000E+00   0.0000E+00   0.0000E+00   0.0000E+00   0.0000E+00
    28     8   0.0000E+00   0.0000E+00   0.0000E+00   0.0000E+00   0.0000E+00   0.0000E+00
    28     9   0.0000E+00   0.0000E+00   0.0000E+00   0.0000E+00   0.0000E+00   0.0000E+00
    28    10   0.0000E+00   0.0000E+00   0.0000E+00   0.0000E+00   0.0000E+00   0.0000E+00
    28    11   0.0000E+00   0.0000E+00   0.0000E+00   0.0000E+00   0.0000E+00   0.0000E+00
    28    12   0.0000E+00   0.0000E+00   0.0000E+00   0.0000E+00   0.0000E+00   0.0000E+00
    28    13   0.0000E+00   0.0000E+00   0.0000E+00   0.0000E+00   0.0000E+00   0.0000E+00
    28    14   0.0000E+00   0.0000E+00   0.0000E+00   0.0000E+00   0.0000E+00   0.0000E+00
    28    15   0.0000E+00   0.0000E+00   0.0000E+00   0.0000E+00   0.0000E+00   0.0000E+00
    28    16   0.0000E+00   0.0000E+00   0.0000E+00   0.0000E+00   0.0000E+00   0.0000E+00
    28    17   0.0000E+00   0.0000E+00   0.0000E+00   0.0000E+00   0.0000E+00   0.0000E+00
    28    18   0.0000E+00   0.0000E+00   0.0000E+00   0.0000E+00   0.0000E+00   0.0000E+00
    28    19   0.0000E+00   0.0000E+00   0.0000E+00   0.0000E+00   0.0000E+00   0.0000E+00
    28    20   0.0000E+00   0.0000E+00   0.0000E+00   0.0000E+00   0.0000E+00   0.0000E+00
    28    21   0.0000E+00   0.0000E+00   0.0000E+00   0.0000E+00   0.0000E+00   0.0000E+00
    28    22   0.0000E+00   0.0000E+00   0.0000E+00   0.0000E+00   0.0000E+00   0.0000E+00
    28    23   0.0000E+00   0.0000E+00   0.0000E+00   0.0000E+00   0.0000E+00   0.0000E+00
    28    24   0.0000E+00   0.0000E+00   0.0000E+00   0.0000E+00   0.0000E+00   0.0000E+00
    28    25   0.0000E+00   0.0000E+00   0.0000E+00   0.0000E+00   0.0000E+00   0.0000E+00
    28    26   0.0000E+00   0.0000E+00   0.0000E+00   0.0000E+00   0.0000E+00   0.0000E+00
    28    27   0.0000E+00   0.0000E+00   0.0000E+00   0.0000E+00   0.0000E+00   0.0000E+00
    28    28   0.0000E+00   0.0000E+00   0.0000E+00   0.0000E+00   0.0000E+00   0.0000E+00
    28    29   0.0000E+00   0.0000E+00   0.0000E+00   0.0000E+00   0.0000E+00   0.0000E+00
    28    30   0.0000E+00   0.0000E+00   0.0000E+00   0.0000E+00   0.0000E+00   0.0000E+00
    28    31   0.0000E+00   0.0000E+00   0.0000E+00   0.0000E+00   0.0000E+00   0.0000E+00
    28    32   0.0000E+00   0.0000E+00   0.0000E+00   0.0000E+00   0.0000E+00   0.0000E+00
    29     1   0.0000E+00   0.0000E+00   0.0000E+00   0.0000E+00   0.0000E+00   0.0000E+00
    29     2   0.0000E+00   0.0000E+00   0.0000E+00   0.0000E+00   0.0000E+00   0.0000E+00
    29     3   0.0000E+00   0.0000E+00   0.0000E+00   0.0000E+00   0.0000E+00   0.0000E+00
    29     4   0.0000E+00   0.0000E+00   0.0000E+00   0.0000E+00   0.0000E+00   0.0000E+00
    29     5   0.0000E+00   0.0000E+00   0.0000E+00   0.0000E+00   0.0000E+00   0.0000E+00
    29     6   0.0000E+00   0.0000E+00   0.0000E+00   0.0000E+00   0.0000E+00   0.0000E+00
    29     7   0.0000E+00   0.0000E+00   0.0000E+00   0.0000E+00   0.0000E+00   0.0000E+00
    29     8   0.0000E+00   0.0000E+00   0.0000E+00   0.0000E+00   0.0000E+00   0.0000E+00
    29     9   0.0000E+00   0.0000E+00   0.0000E+00   0.0000E+00   0.0000E+00   0.0000E+00
    29    10   0.0000E+00   0.0000E+00   0.0000E+00   0.0000E+00   0.0000E+00   0.0000E+00
    29    11   0.0000E+00   0.0000E+00   0.0000E+00   0.0000E+00   0.0000E+00   0.0000E+00
    29    12   0.0000E+00   0.0000E+00   0.0000E+00   0.0000E+00   0.0000E+00   0.0000E+00
    29    13   0.0000E+00   0.0000E+00   0.0000E+00   0.0000E+00   0.0000E+00   0.0000E+00
    29    14   0.0000E+00   0.0000E+00   0.0000E+00   0.0000E+00   0.0000E+00   0.0000E+00
    29    15   0.0000E+00   0.0000E+00   0.0000E+00   0.0000E+00   0.0000E+00   0.0000E+00
    29    16   0.0000E+00   0.0000E+00   0.0000E+00   0.0000E+00   0.0000E+00   0.0000E+00
    29    17   0.0000E+00   0.0000E+00   0.0000E+00   0.0000E+00   0.0000E+00   0.0000E+00
    29    18   0.0000E+00   0.0000E+00   0.0000E+00   0.0000E+00   0.0000E+00   0.0000E+00
    29    19   0.0000E+00   0.0000E+00   0.0000E+00   0.0000E+00   0.0000E+00   0.0000E+00
    29    20   0.0000E+00   0.0000E+00   0.0000E+00   0.0000E+00   0.0000E+00   0.0000E+00
    29    21   0.0000E+00   0.0000E+00   0.0000E+00   0.0000E+00   0.0000E+00   0.0000E+00
    29    22   0.0000E+00   0.0000E+00   0.0000E+00   0.0000E+00   0.0000E+00   0.0000E+00
    29    23   0.0000E+00   0.0000E+00   0.0000E+00   0.0000E+00   0.0000E+00   0.0000E+00
    29    24   0.0000E+00   0.0000E+00   0.0000E+00   0.0000E+00   0.0000E+00   0.0000E+00
    29    25   0.0000E+00   0.0000E+00   0.0000E+00   0.0000E+00   0.0000E+00   0.0000E+00
    29    26   0.0000E+00   0.0000E+00   0.0000E+00   0.0000E+00   0.0000E+00   0.0000E+00
    29    27   0.0000E+00   0.0000E+00   0.0000E+00   0.0000E+00   0.0000E+00   0.0000E+00
    29    28   0.0000E+00   0.0000E+00   0.0000E+00   0.0000E+00   0.0000E+00   0.0000E+00
    29    29   0.0000E+00   0.0000E+00   0.0000E+00   0.0000E+00   0.0000E+00   0.0000E+00
    29    30   0.0000E+00   0.0000E+00   0.0000E+00   0.0000E+00   0.0000E+00   0.0000E+00
    29    31   0.0000E+00   0.0000E+00   0.0000E+00   0.0000E+00   0.0000E+00   0.0000E+00
    29    32   0.0000E+00   0.0000E+00   0.0000E+00   0.0000E+00   0.0000E+00   0.0000E+00
    30     1   0.0000E+00   0.0000E+00   0.0000E+00   0.0000E+00   0.0000E+00   0.0000E+00
    30     2   0.0000E+00   0.0000E+00   0.0000E+00   0.0000E+00   0.0000E+00   0.0000E+00
    30     3   0.0000E+00   0.0000E+00   0.0000E+00   0.0000E+00   0.0000E+00   0.0000E+00
    30     4   0.0000E+00   0.0000E+00   0.0000E+00   0.0000E+00   0.0000E+00   0.0000E+00
    30     5   0.0000E+00   0.0000E+00   0.0000E+00   0.0000E+00   0.0000E+00   0.0000E+00
    30     6   0.0000E+00   0.0000E+00   0.0000E+00   0.0000E+00   0.0000E+00   0.0000E+00
    30     7   0.0000E+00   0.0000E+00   0.0000E+00   0.0000E+00   0.0000E+00   0.0000E+00
    30     8   0.0000E+00   0.0000E+00   0.0000E+00   0.0000E+00   0.0000E+00   0.0000E+00
    30     9   0.0000E+00   0.0000E+00   0.0000E+00   0.0000E+00   0.0000E+00   0.0000E+00
    30    10   0.0000E+00   0.0000E+00   0.0000E+00   0.0000E+00   0.0000E+00   0.0000E+00
    30    11   0.0000E+00   0.0000E+00   0.0000E+00   0.0000E+00   0.0000E+00   0.0000E+00
    30    12   0.0000E+00   0.0000E+00   0.0000E+00   0.0000E+00   0.0000E+00   0.0000E+00
    30    13   0.0000E+00   0.0000E+00   0.0000E+00   0.0000E+00   0.0000E+00   0.0000E+00
    30    14   0.0000E+00   0.0000E+00   0.0000E+00   0.0000E+00   0.0000E+00   0.0000E+00
    30    15   0.0000E+00   0.0000E+00   0.0000E+00   0.0000E+00   0.0000E+00   0.0000E+00
    30    16   0.0000E+00   0.0000E+00   0.0000E+00   0.0000E+00   0.0000E+00   0.0000E+00
    30    17   0.0000E+00   0.0000E+00   0.0000E+00   0.0000E+00   0.0000E+00   0.0000E+00
    30    18   0.0000E+00   0.0000E+00   0.0000E+00   0.0000E+00   0.0000E+00   0.0000E+00
    30    19   0.0000E+00   0.0000E+00   0.0000E+00   0.0000E+00   0.0000E+00   0.0000E+00
    30    20   0.0000E+00   0.0000E+00   0.0000E+00   0.0000E+00   0.0000E+00   0.0000E+00
    30    21   0.0000E+00   0.0000E+00   0.0000E+00   0.0000E+00   0.0000E+00   0.0000E+00
    30    22   0.0000E+00   0.0000E+00   0.0000E+00   0.0000E+00   0.0000E+00   0.0000E+00
    30    23   0.0000E+00   0.0000E+00   0.0000E+00   0.0000E+00   0.0000E+00   0.0000E+00
    30    24   0.0000E+00   0.0000E+00   0.0000E+00   0.0000E+00   0.0000E+00   0.0000E+00
    30    25   0.0000E+00   0.0000E+00   0.0000E+00   0.0000E+00   0.0000E+00   0.0000E+00
    30    26   0.0000E+00   0.0000E+00   0.0000E+00   0.0000E+00   0.0000E+00   0.0000E+00
    30    27   0.0000E+00   0.0000E+00   0.0000E+00   0.0000E+00   0.0000E+00   0.0000E+00
    30    28   0.0000E+00   0.0000E+00   0.0000E+00   0.0000E+00   0.0000E+00   0.0000E+00
    30    29   0.0000E+00   0.0000E+00   0.0000E+00   0.0000E+00   0.0000E+00   0.0000E+00
    30    30   0.0000E+00   0.0000E+00   0.0000E+00   0.0000E+00   0.0000E+00   0.0000E+00
    30    31   0.0000E+00   0.0000E+00   0.0000E+00   0.0000E+00   0.0000E+00   0.0000E+00
    30    32   0.0000E+00   0.0000E+00   0.0000E+00   0.0000E+00   0.0000E+00   0.0000E+00
    31     1   0.0000E+00   0.0000E+00   0.0000E+00   0.0000E+00   0.0000E+00   0.0000E+00
    31     2   0.0000E+00   0.0000E+00   0.0000E+00   0.0000E+00   0.0000E+00   0.0000E+00
    31     3   0.0000E+00   0.0000E+00   0.0000E+00   0.0000E+00   0.0000E+00   0.0000E+00
    31     4   0.0000E+00   0.0000E+00   0.0000E+00   0.0000E+00   0.0000E+00   0.0000E+00
    31     5   0.0000E+00   0.0000E+00   0.0000E+00   0.0000E+00   0.0000E+00   0.0000E+00
    31     6   0.0000E+00   0.0000E+00   0.0000E+00   0.0000E+00   0.0000E+00   0.0000E+00
    31     7   0.0000E+00   0.0000E+00   0.0000E+00   0.0000E+00   0.0000E+00   0.0000E+00
    31     8   0.0000E+00   0.0000E+00   0.0000E+00   0.0000E+00   0.0000E+00   0.0000E+00
    31     9   0.0000E+00   0.0000E+00   0.0000E+00   0.0000E+00   0.0000E+00   0.0000E+00
    31    10   0.0000E+00   0.0000E+00   0.0000E+00   0.0000E+00   0.0000E+00   0.0000E+00
    31    11   0.0000E+00   0.0000E+00   0.0000E+00   0.0000E+00   0.0000E+00   0.0000E+00
    31    12   0.0000E+00   0.0000E+00   0.0000E+00   0.0000E+00   0.0000E+00   0.0000E+00
    31    13   0.0000E+00   0.0000E+00   0.0000E+00   0.0000E+00   0.0000E+00   0.0000E+00
    31    14   0.0000E+00   0.0000E+00   0.0000E+00   0.0000E+00   0.0000E+00   0.0000E+00
    31    15   0.0000E+00   0.0000E+00   0.0000E+00   0.0000E+00   0.0000E+00   0.0000E+00
    31    16   0.0000E+00   0.0000E+00   0.0000E+00   0.0000E+00   0.0000E+00   0.0000E+00
    31    17   0.0000E+00   0.0000E+00   0.0000E+00   0.0000E+00   0.0000E+00   0.0000E+00
    31    18   0.0000E+00   0.0000E+00   0.0000E+00   0.0000E+00   0.0000E+00   0.0000E+00
    31    19   0.0000E+00   0.0000E+00   0.0000E+00   0.0000E+00   0.0000E+00   0.0000E+00
    31    20   0.0000E+00   0.0000E+00   0.0000E+00   0.0000E+00   0.0000E+00   0.0000E+00
    31    21   0.0000E+00   0.0000E+00   0.0000E+00   0.0000E+00   0.0000E+00   0.0000E+00
    31    22   0.0000E+00   0.0000E+00   0.0000E+00   0.0000E+00   0.0000E+00   0.0000E+00
    31    23   0.0000E+00   0.0000E+00   0.0000E+00   0.0000E+00   0.0000E+00   0.0000E+00
    31    24   0.0000E+00   0.0000E+00   0.0000E+00   0.0000E+00   0.0000E+00   0.0000E+00
    31    25   0.0000E+00   0.0000E+00   0.0000E+00   0.0000E+00   0.0000E+00   0.0000E+00
    31    26   0.0000E+00   0.0000E+00   0.0000E+00   0.0000E+00   0.0000E+00   0.0000E+00
    31    27   0.0000E+00   0.0000E+00   0.0000E+00   0.0000E+00   0.0000E+00   0.0000E+00
    31    28   0.0000E+00   0.0000E+00   0.0000E+00   0.0000E+00   0.0000E+00   0.0000E+00
    31    29   0.0000E+00   0.0000E+00   0.0000E+00   0.0000E+00   0.0000E+00   0.0000E+00
    31    30   0.0000E+00   0.0000E+00   0.0000E+00   0.0000E+00   0.0000E+00   0.0000E+00
    31    31   0.0000E+00   0.0000E+00   0.0000E+00   0.0000E+00   0.0000E+00   0.0000E+00
    31    32   0.0000E+00   0.0000E+00   0.0000E+00   0.0000E+00   0.0000E+00   0.0000E+00
    32     1   0.0000E+00   0.0000E+00   0.0000E+00   0.0000E+00   0.0000E+00   0.0000E+00
    32     2   1.8241E+16   1.0000E+00   3.0495E-02   1.0000E+00   0.0000E+00   0.0000E+00
    32     3   1.4646E+16   1.0000E+00   2.4485E-02   1.0000E+00   0.0000E+00   0.0000E+00
    32     4   0.0000E+00   0.0000E+00   0.0000E+00   0.0000E+00   0.0000E+00   0.0000E+00
    32     5   0.0000E+00   0.0000E+00   0.0000E+00   0.0000E+00   0.0000E+00   0.0000E+00
    32     6   0.0000E+00   0.0000E+00   0.0000E+00   0.0000E+00   0.0000E+00   0.0000E+00
    32     7   0.0000E+00   0.0000E+00   0.0000E+00   0.0000E+00   0.0000E+00   0.0000E+00
    32     8   0.0000E+00   0.0000E+00   0.0000E+00   0.0000E+00   0.0000E+00   0.0000E+00
    32     9   0.0000E+00   0.0000E+00   0.0000E+00   0.0000E+00   0.0000E+00   0.0000E+00
    32    10   0.0000E+00   0.0000E+00   0.0000E+00   0.0000E+00   0.0000E+00   0.0000E+00
    32    11   0.0000E+00   0.0000E+00   0.0000E+00   0.0000E+00   0.0000E+00   0.0000E+00
    32    12   0.0000E+00   0.0000E+00   0.0000E+00   0.0000E+00   0.0000E+00   0.0000E+00
    32    13   0.0000E+00   0.0000E+00   0.0000E+00   0.0000E+00   0.0000E+00   0.0000E+00
    32    14   0.0000E+00   0.0000E+00   0.0000E+00   0.0000E+00   0.0000E+00   0.0000E+00
    32    15   0.0000E+00   0.0000E+00   0.0000E+00   0.0000E+00   0.0000E+00   0.0000E+00
    32    16   0.0000E+00   0.0000E+00   0.0000E+00   0.0000E+00   0.0000E+00   0.0000E+00
    32    17   0.0000E+00   0.0000E+00   0.0000E+00   0.0000E+00   0.0000E+00   0.0000E+00
    32    18   0.0000E+00   0.0000E+00   0.0000E+00   0.0000E+00   0.0000E+00   0.0000E+00
    32    19   0.0000E+00   0.0000E+00   0.0000E+00   0.0000E+00   0.0000E+00   0.0000E+00
    32    20   0.0000E+00   0.0000E+00   0.0000E+00   0.0000E+00   0.0000E+00   0.0000E+00
    32    21   0.0000E+00   0.0000E+00   0.0000E+00   0.0000E+00   0.0000E+00   0.0000E+00
    32    22   0.0000E+00   0.0000E+00   0.0000E+00   0.0000E+00   0.0000E+00   0.0000E+00
    32    23   0.0000E+00   0.0000E+00   0.0000E+00   0.0000E+00   0.0000E+00   0.0000E+00
    32    24   0.0000E+00   0.0000E+00   0.0000E+00   0.0000E+00   0.0000E+00   0.0000E+00
    32    25   0.0000E+00   0.0000E+00   0.0000E+00   0.0000E+00   0.0000E+00   0.0000E+00
    32    26   0.0000E+00   0.0000E+00   0.0000E+00   0.0000E+00   0.0000E+00   0.0000E+00
    32    27   0.0000E+00   0.0000E+00   0.0000E+00   0.0000E+00   0.0000E+00   0.0000E+00
    32    28   0.0000E+00   0.0000E+00   0.0000E+00   0.0000E+00   0.0000E+00   0.0000E+00
    32    29   0.0000E+00   0.0000E+00   0.0000E+00   0.0000E+00   0.0000E+00   0.0000E+00
    32    30   0.0000E+00   0.0000E+00   0.0000E+00   0.0000E+00   0.0000E+00   0.0000E+00
    32    31   0.0000E+00   0.0000E+00   0.0000E+00   0.0000E+00   0.0000E+00   0.0000E+00
    32    32   0.0000E+00   0.0000E+00   0.0000E+00   0.0000E+00   0.0000E+00   0.0000E+00
    33     1   0.0000E+00   0.0000E+00   0.0000E+00   0.0000E+00   0.0000E+00   0.0000E+00
    33     2   3.3156E+16   1.0000E+00   5.5430E-02   1.0000E+00   0.0000E+00   0.0000E+00
    33     3   0.0000E+00   0.0000E+00   0.0000E+00   0.0000E+00   0.0000E+00   0.0000E+00
    33     4   0.0000E+00   0.0000E+00   0.0000E+00   0.0000E+00   0.0000E+00   0.0000E+00
    33     5   0.0000E+00   0.0000E+00   0.0000E+00   0.0000E+00   0.0000E+00   0.0000E+00
    33     6   0.0000E+00   0.0000E+00   0.0000E+00   0.0000E+00   0.0000E+00   0.0000E+00
    33     7   0.0000E+00   0.0000E+00   0.0000E+00   0.0000E+00   0.0000E+00   0.0000E+00
    33     8   0.0000E+00   0.0000E+00   0.0000E+00   0.0000E+00   0.0000E+00   0.0000E+00
    33     9   0.0000E+00   0.0000E+00   0.0000E+00   0.0000E+00   0.0000E+00   0.0000E+00
    33    10   0.0000E+00   0.0000E+00   0.0000E+00   0.0000E+00   0.0000E+00   0.0000E+00
    33    11   0.0000E+00   0.0000E+00   0.0000E+00   0.0000E+00   0.0000E+00   0.0000E+00
    33    12   0.0000E+00   0.0000E+00   0.0000E+00   0.0000E+00   0.0000E+00   0.0000E+00
    33    13   0.0000E+00   0.0000E+00   0.0000E+00   0.0000E+00   0.0000E+00   0.0000E+00
    33    14   0.0000E+00   0.0000E+00   0.0000E+00   0.0000E+00   0.0000E+00   0.0000E+00
    33    15   0.0000E+00   0.0000E+00   0.0000E+00   0.0000E+00   0.0000E+00   0.0000E+00
    33    16   0.0000E+00   0.0000E+00   0.0000E+00   0.0000E+00   0.0000E+00   0.0000E+00
    33    17   0.0000E+00   0.0000E+00   0.0000E+00   0.0000E+00   0.0000E+00   0.0000E+00
    33    18   0.0000E+00   0.0000E+00   0.0000E+00   0.0000E+00   0.0000E+00   0.0000E+00
    33    19   0.0000E+00   0.0000E+00   0.0000E+00   0.0000E+00   0.0000E+00   0.0000E+00
    33    20   0.0000E+00   0.0000E+00   0.0000E+00   0.0000E+00   0.0000E+00   0.0000E+00
    33    21   0.0000E+00   0.0000E+00   0.0000E+00   0.0000E+00   0.0000E+00   0.0000E+00
    33    22   0.0000E+00   0.0000E+00   0.0000E+00   0.0000E+00   0.0000E+00   0.0000E+00
    33    23   0.0000E+00   0.0000E+00   0.0000E+00   0.0000E+00   0.0000E+00   0.0000E+00
    33    24   0.0000E+00   0.0000E+00   0.0000E+00   0.0000E+00   0.0000E+00   0.0000E+00
    33    25   8.6103E+15   1.0000E+00   2.0140E-03   1.0000E+00   0.0000E+00   0.0000E+00
    33    26   1.0338E+17   1.0000E+00   2.4181E-02   1.0000E+00   0.0000E+00   0.0000E+00
    33    27   6.1084E+16   1.0000E+00   6.1408E-02   1.0000E+00   0.0000E+00   0.0000E+00
    33    28   9.8500E+15   1.0000E+00   3.4513E-03   1.0000E+00   0.0000E+00   0.0000E+00
    33    29   2.6962E+16   9.5561E-01   4.8559E-02   9.9119E-01   0.0000E+00   0.0000E+00
    33    30   9.0395E+15   1.0000E+00   4.2926E-02   1.0000E+00   0.0000E+00   0.0000E+00
    33    31   0.0000E+00   0.0000E+00   0.0000E+00   0.0000E+00   0.0000E+00   0.0000E+00
    33    32   0.0000E+00   0.0000E+00   0.0000E+00   0.0000E+00   0.0000E+00   0.0000E+00
    34     1   0.0000E+00   0.0000E+00   0.0000E+00   0.0000E+00   0.0000E+00   0.0000E+00
    34     2   0.0000E+00   0.0000E+00   0.0000E+00   0.0000E+00   0.0000E+00   0.0000E+00
    34     3   7.1673E+16   1.0000E+00   1.6950E-01   1.0000E+00   0.0000E+00   0.0000E+00
    34     4   9.8688E+16   1.0000E+00   2.3340E-01   1.0000E+00   0.0000E+00   0.0000E+00
    34     5   0.0000E+00   0.0000E+00   0.0000E+00   0.0000E+00   0.0000E+00   0.0000E+00
    34     6   0.0000E+00   0.0000E+00   0.0000E+00   0.0000E+00   0.0000E+00   0.0000E+00
    34     7   0.0000E+00   0.0000E+00   0.0000E+00   0.0000E+00   0.0000E+00   0.0000E+00
    34     8   0.0000E+00   0.0000E+00   0.0000E+00   0.0000E+00   0.0000E+00   0.0000E+00
    34     9   8.0482E+15   1.0000E+00   2.1184E-02   1.0000E+00   0.0000E+00   0.0000E+00
    34    10   1.8321E+16   1.0000E+00   4.8225E-02   1.0000E+00   0.0000E+00   0.0000E+00
    34    11   1.8220E+16   1.0000E+00   4.7958E-02   1.0000E+00   0.0000E+00   0.0000E+00
    34    12   0.0000E+00   0.0000E+00   0.0000E+00   0.0000E+00   0.0000E+00   0.0000E+00
    34    13   0.0000E+00   0.0000E+00   0.0000E+00   0.0000E+00   0.0000E+00   0.0000E+00
    34    14   0.0000E+00   0.0000E+00   0.0000E+00   0.0000E+00   0.0000E+00   0.0000E+00
    34    15   0.0000E+00   0.0000E+00   0.0000E+00   0.0000E+00   0.0000E+00   0.0000E+00
    34    16   0.0000E+00   0.0000E+00   0.0000E+00   0.0000E+00   0.0000E+00   0.0000E+00
    34    17   0.0000E+00   0.0000E+00   0.0000E+00   0.0000E+00   0.0000E+00   0.0000E+00
    34    18   0.0000E+00   0.0000E+00   0.0000E+00   0.0000E+00   0.0000E+00   0.0000E+00
    34    19   0.0000E+00   0.0000E+00   0.0000E+00   0.0000E+00   0.0000E+00   0.0000E+00
    34    20   0.0000E+00   0.0000E+00   0.0000E+00   0.0000E+00   0.0000E+00   0.0000E+00
    34    21   0.0000E+00   0.0000E+00   0.0000E+00   0.0000E+00   0.0000E+00   0.0000E+00
    34    22   0.0000E+00   0.0000E+00   0.0000E+00   0.0000E+00   0.0000E+00   0.0000E+00
    34    23   7.6540E+16   7.7896E-01   1.2400E-01   9.2523E-01   0.0000E+00   0.0000E+00
    34    24   1.2119E+16   1.0000E+00   3.7470E-02   1.0000E+00   0.0000E+00   0.0000E+00
    34    25   1.0825E+17   1.0000E+00   2.4911E-01   1.0000E+00   0.0000E+00   0.0000E+00
    34    26   8.4186E+16   1.0000E+00   1.7498E-01   1.0000E+00   0.0000E+00   0.0000E+00
    34    27   9.6378E+14   1.0000E+00   2.0032E-03   1.0000E+00   0.0000E+00   0.0000E+00
    34    28   1.5348E+17   1.0000E+00   1.6558E-01   1.0000E+00   0.0000E+00   0.0000E+00
    34    29   7.3518E+16   7.2009E-01   3.4423E-02   7.1119E-01   0.0000E+00   0.0000E+00
    34    30   1.1077E+16   1.0000E+00   5.2601E-02   1.0000E+00   0.0000E+00   0.0000E+00
    34    31   2.0976E+16   1.0000E+00   9.9612E-02   1.0000E+00   0.0000E+00   0.0000E+00
    34    32   7.8349E+16   1.0000E+00   1.0727E-01   1.0000E+00   0.0000E+00   0.0000E+00
    35     1   0.0000E+00   0.0000E+00   0.0000E+00   0.0000E+00   0.0000E+00   0.0000E+00
    35     2   0.0000E+00   0.0000E+00   0.0000E+00   0.0000E+00   0.0000E+00   0.0000E+00
    35     3   0.0000E+00   0.0000E+00   0.0000E+00   0.0000E+00   0.0000E+00   0.0000E+00
    35     4   1.9327E+17   1.0000E+00   4.5709E-01   1.0000E+00   0.0000E+00   0.0000E+00
    35     5   0.0000E+00   0.0000E+00   0.0000E+00   0.0000E+00   0.0000E+00   0.0000E+00
    35     6   0.0000E+00   0.0000E+00   0.0000E+00   0.0000E+00   0.0000E+00   0.0000E+00
    35     7   0.0000E+00   0.0000E+00   0.0000E+00   0.0000E+00   0.0000E+00   0.0000E+00
    35     8   0.0000E+00   0.0000E+00   0.0000E+00   0.0000E+00   0.0000E+00   0.0000E+00
    35     9   0.0000E+00   0.0000E+00   0.0000E+00   0.0000E+00   0.0000E+00   0.0000E+00
    35    10   0.0000E+00   0.0000E+00   0.0000E+00   0.0000E+00   0.0000E+00   0.0000E+00
    35    11   1.1113E+14   1.0000E+00   2.9253E-04   1.0000E+00   0.0000E+00   0.0000E+00
    35    12   2.0065E+16   1.0000E+00   5.2815E-02   1.0000E+00   0.0000E+00   0.0000E+00
    35    13   2.0065E+16   1.0000E+00   5.2815E-02   1.0000E+00   0.0000E+00   0.0000E+00
    35    14   2.0065E+16   1.0000E+00   5.2815E-02   1.0000E+00   0.0000E+00   0.0000E+00
    35    15   2.0065E+16   1.0000E+00   5.2815E-02   1.0000E+00   0.0000E+00   0.0000E+00
    35    16   4.8043E+15   1.0000E+00   1.2646E-02   1.0000E+00   0.0000E+00   0.0000E+00
    35    17   0.0000E+00   0.0000E+00   0.0000E+00   0.0000E+00   0.0000E+00   0.0000E+00
    35    18   0.0000E+00   0.0000E+00   0.0000E+00   0.0000E+00   0.0000E+00   0.0000E+00
    35    19   0.0000E+00   0.0000E+00   0.0000E+00   0.0000E+00   0.0000E+00   0.0000E+00
    35    20   4.7089E+15   1.0000E+00   3.9373E-03   1.0000E+00   0.0000E+00   0.0000E+00
    35    21   7.6378E+16   1.0000E+00   6.3863E-02   1.0000E+00   0.0000E+00   0.0000E+00
    35    22   7.6378E+16   1.0000E+00   6.3863E-02   1.0000E+00   0.0000E+00   0.0000E+00
    35    23   1.9991E+17   6.4901E-01   2.9793E-01   7.8347E-01   0.0000E+00   0.0000E+00
    35    24   1.4275E+17   7.3208E-01   1.9353E-01   8.6918E-01   0.0000E+00   0.0000E+00
    35    25   9.9587E+16   8.7647E-01   1.9772E-01   9.1157E-01   0.0000E+00   0.0000E+00
    35    26   1.5325E+16   1.0000E+00   1.6807E-02   1.0000E+00   0.0000E+00   0.0000E+00
    35    27   8.7380E+16   6.8345E-01   2.6863E-01   8.1460E-01   0.0000E+00   0.0000E+00
    35    28   2.8249E+17   5.8295E-01   5.4271E-01   6.6820E-01   0.0000E+00   0.0000E+00
    35    29   3.7792E+17   5.9900E-01   5.4137E-01   7.8594E-01   0.0000E+00   0.0000E+00
    35    30   3.1854E+17   3.8751E-01   3.1401E-01   4.4811E-01   0.0000E+00   0.0000E+00
    35    31   7.6582E+16   5.0258E-01   8.6933E-02   5.2168E-01   0.0000E+00   0.0000E+00
    35    32   1.1486E+17   7.2910E-01   1.0731E-01   7.3229E-01   0.0000E+00   0.0000E+00
    36     1   4.2671E+16   1.0000E+00   7.3704E-02   1.0000E+00   0.0000E+00   0.0000E+00
    36     2   4.2671E+16   1.0000E+00   7.3704E-02   1.0000E+00   0.0000E+00   0.0000E+00
    36     3   3.7484E+16   1.0000E+00   6.3783E-02   1.0000E+00   0.0000E+00   0.0000E+00
    36     4   4.2318E+16   7.2135E-01   8.0671E-02   7.0714E-01   0.0000E+00   0.0000E+00
    36     5   2.1085E+17   8.8764E-01   4.7925E-01   9.1896E-01   0.0000E+00   0.0000E+00
    36     6   1.4966E+16   1.0000E+00   2.3970E-02   1.0000E+00   0.0000E+00   0.0000E+00
    36     7   0.0000E+00   0.0000E+00   0.0000E+00   0.0000E+00   0.0000E+00   0.0000E+00
    36     8   0.0000E+00   0.0000E+00   0.0000E+00   0.0000E+00   0.0000E+00   0.0000E+00
    36     9   0.0000E+00   0.0000E+00   0.0000E+00   0.0000E+00   0.0000E+00   0.0000E+00
    36    10   0.0000E+00   0.0000E+00   0.0000E+00   0.0000E+00   0.0000E+00   0.0000E+00
    36    11   0.0000E+00   0.0000E+00   0.0000E+00   0.0000E+00   0.0000E+00   0.0000E+00
    36    12   0.0000E+00   0.0000E+00   0.0000E+00   0.0000E+00   0.0000E+00   0.0000E+00
    36    13   0.0000E+00   0.0000E+00   0.0000E+00   0.0000E+00   0.0000E+00   0.0000E+00
    36    14   7.1632E+16   1.0000E+00   3.1769E-02   1.0000E+00   0.0000E+00   0.0000E+00
    36    15   1.0582E+17   1.0000E+00   5.9446E-02   1.0000E+00   0.0000E+00   0.0000E+00
    36    16   8.6457E+16   7.7592E-01   9.7585E-02   7.0848E-01   0.0000E+00   0.0000E+00
    36    17   9.7779E+16   7.3501E-01   1.2432E-01   7.3134E-01   0.0000E+00   0.0000E+00
    36    18   6.2759E+16   1.0000E+00   4.5749E-02   1.0000E+00   0.0000E+00   0.0000E+00
    36    19   6.2759E+16   1.0000E+00   4.5749E-02   1.0000E+00   0.0000E+00   0.0000E+00
    36    20   1.0852E+17   6.8055E-01   9.6363E-02   6.1026E-01   0.0000E+00   0.0000E+00
    36    21   1.9776E+17   7.5252E-01   3.2216E-01   8.6953E-01   0.0000E+00   0.0000E+00
    36    22   1.0495E+17   7.1206E-01   1.7730E-01   7.6716E-01   0.0000E+00   0.0000E+00
    36    23   3.0975E+17   5.2176E-01   6.8303E-01   5.9195E-01   0.0000E+00   0.0000E+00
    36    24   3.5947E+17   4.6785E-01   5.9792E-01   6.3125E-01   0.0000E+00   0.0000E+00
    36    25   2.7911E+17   5.5455E-01   2.6497E-01   5.7488E-01   0.0000E+00   0.0000E+00
    36    26   4.6607E+17   3.9041E-01   4.0158E-01   3.7634E-01   0.0000E+00   0.0000E+00
    36    27   5.1876E+17   3.5609E-01   8.1837E-01   4.0563E-01   0.0000E+00   0.0000E+00
    36    28   4.0755E+17   3.8820E-01   4.8725E-01   3.7076E-01   0.0000E+00   0.0000E+00
    36    29   4.5550E+17   5.3636E-01   4.2466E-01   3.8292E-01   0.0000E+00   0.0000E+00
    36    30   6.8366E+17   2.8220E-01   8.0584E-01   3.0033E-01   0.0000E+00   0.0000E+00
    36    31   7.4182E+17   3.3090E-01   8.1470E-01   3.6097E-01   0.0000E+00   0.0000E+00
    36    32   7.5528E+17   3.1835E-01   6.8916E-01   3.2293E-01   0.0000E+00   0.0000E+00
    37     1   0.0000E+00   0.0000E+00   0.0000E+00   0.0000E+00   0.0000E+00   0.0000E+00
    37     2   5.1271E+15   1.0000E+00   1.8111E-02   1.0000E+00   0.0000E+00   0.0000E+00
    37     3   5.6811E+15   1.0000E+00   1.0865E-02   1.0000E+00   0.0000E+00   0.0000E+00
    37     4   1.8885E+16   1.0000E+00   3.6120E-02   1.0000E+00   0.0000E+00   0.0000E+00
    37     5   1.9576E+17   9.0866E-01   4.5441E-01   9.2394E-01   0.0000E+00   0.0000E+00
    37     6   4.6547E+16   7.1957E-01   1.0154E-01   7.3596E-01   0.0000E+00   0.0000E+00
    37     7   3.5261E+16   7.0854E-01   9.5065E-02   7.2688E-01   0.0000E+00   0.0000E+00
    37     8   5.2552E+15   7.7077E-01   1.9467E-02   7.3057E-01   0.0000E+00   0.0000E+00
    37     9   1.8334E+16   1.0000E+00   1.5110E-01   1.0000E+00   0.0000E+00   0.0000E+00
    37    10   1.8334E+16   1.0000E+00   1.5110E-01   1.0000E+00   0.0000E+00   0.0000E+00
    37    11   1.8334E+16   1.0000E+00   1.5110E-01   1.0000E+00   0.0000E+00   0.0000E+00
    37    12   8.2569E+16   8.0881E-01   2.9545E-01   7.0694E-01   0.0000E+00   0.0000E+00
    37    13   5.6311E+16   7.4860E-01   2.0989E-01   7.7222E-01   0.0000E+00   0.0000E+00
    37    14   1.8334E+16   1.0000E+00   1.5110E-01   1.0000E+00   0.0000E+00   0.0000E+00
    37    15   1.2764E+17   8.6818E-01   1.8587E-01   8.3400E-01   0.0000E+00   0.0000E+00
    37    16   1.7480E+17   9.0113E-01   2.0087E-01   7.9175E-01   0.0000E+00   0.0000E+00
    37    17   1.5170E+17   8.1019E-01   2.1752E-01   7.2808E-01   0.0000E+00   0.0000E+00
    37    18   5.2857E+16   7.3953E-01   2.2856E-01   7.4291E-01   0.0000E+00   0.0000E+00
    37    19   1.0096E+17   7.2398E-01   3.4787E-01   8.1832E-01   0.0000E+00   0.0000E+00
    37    20   2.1374E+17   8.7193E-01   5.0730E-01   9.2123E-01   0.0000E+00   0.0000E+00
    37    21   4.6040E+16   7.8078E-01   1.0977E-01   7.8736E-01   0.0000E+00   0.0000E+00
    37    22   4.0400E+16   9.3818E-01   8.5755E-02   9.2029E-01   0.0000E+00   0.0000E+00
    37    23   1.9541E+17   6.8067E-01   4.2413E-01   6.7245E-01   0.0000E+00   0.0000E+00
    37    24   1.7676E+17   6.4448E-01   2.9731E-01   7.2763E-01   0.0000E+00   0.0000E+00
    37    25   3.9156E+17   3.5786E-01   4.6472E-01   3.5020E-01   0.0000E+00   0.0000E+00
    37    26   8.8828E+17   3.0716E-01   1.1480E+00   3.3254E-01   0.0000E+00   0.0000E+00
    37    27   1.3762E+18   2.7716E-01   1.7325E+00   2.8695E-01   0.0000E+00   0.0000E+00
    37    28   1.8607E+18   3.0253E-01   2.0950E+00   2.6046E-01   0.0000E+00   0.0000E+00
    37    29   2.3896E+18   2.2300E-01   2.2126E+00   2.1073E-01   0.0000E+00   0.0000E+00
    37    30   2.5489E+18   2.2242E-01   2.2439E+00   1.9607E-01   0.0000E+00   0.0000E+00
    37    31   3.2109E+18   1.8329E-01   2.8141E+00   1.9672E-01   0.0000E+00   0.0000E+00
    37    32   2.7491E+18   2.1451E-01   2.2047E+00   2.0356E-01   0.0000E+00   0.0000E+00
    38     1   2.3652E+17   8.8628E-01   2.7509E-01   7.6393E-01   0.0000E+00   0.0000E+00
    38     2   1.9474E+17   7.1589E-01   2.8487E-01   7.4890E-01   0.0000E+00   0.0000E+00
    38     3   2.7285E+16   7.8185E-01   2.0115E-01   8.4156E-01   0.0000E+00   0.0000E+00
    38     4   8.0514E+16   5.7595E-01   2.8167E-01   6.4121E-01   0.0000E+00   0.0000E+00
    38     5   4.5696E+16   5.9202E-01   2.4010E-01   7.2863E-01   0.0000E+00   0.0000E+00
    38     6   2.9160E+17   7.5338E-01   8.2993E-01   6.6174E-01   0.0000E+00   0.0000E+00
    38     7   1.0910E+17   7.3670E-01   4.7030E-01   6.9743E-01   0.0000E+00   0.0000E+00
    38     8   4.7140E+16   5.8533E-01   2.0621E-01   7.6102E-01   0.0000E+00   0.0000E+00
    38     9   1.0576E+17   5.7428E-01   1.8933E-01   6.1784E-01   0.0000E+00   0.0000E+00
    38    10   5.3846E+16   7.2553E-01   8.0214E-02   7.0682E-01   0.0000E+00   0.0000E+00
    38    11   2.0683E+16   1.0000E+00   3.9557E-02   1.0000E+00   0.0000E+00   0.0000E+00
    38    12   3.6478E+17   9.4500E-01   1.0745E+00   9.6389E-01   0.0000E+00   0.0000E+00
    38    13   6.5787E+16   8.0473E-01   1.0731E-01   7.7968E-01   0.0000E+00   0.0000E+00
    38    14   1.7695E+17   1.0000E+00   1.7145E-01   1.0000E+00   0.0000E+00   0.0000E+00
    38    15   1.2315E+17   9.7757E-01   3.2352E-01   9.5417E-01   0.0000E+00   0.0000E+00
    38    16   1.6761E+17   8.5642E-01   5.7503E-01   7.8988E-01   0.0000E+00   0.0000E+00
    38    17   1.5241E+17   8.5170E-01   4.7190E-01   8.5350E-01   0.0000E+00   0.0000E+00
    38    18   3.2402E+17   5.6439E-01   7.8262E-01   5.9879E-01   0.0000E+00   0.0000E+00
    38    19   2.0401E+17   4.8767E-01   5.4509E-01   5.3638E-01   0.0000E+00   0.0000E+00
    38    20   3.1130E+16   1.0000E+00   9.4626E-03   1.0000E+00   0.0000E+00   0.0000E+00
    38    21   1.7142E+17   6.0443E-01   2.4209E-01   6.5932E-01   0.0000E+00   0.0000E+00
    38    22   3.0516E+17   4.2097E-01   5.0338E-01   4.3564E-01   0.0000E+00   0.0000E+00
    38    23   7.9396E+17   4.4040E-01   6.8333E-01   4.3049E-01   0.0000E+00   0.0000E+00
    38    24   1.0005E+18   3.3362E-01   9.6535E-01   3.0782E-01   0.0000E+00   0.0000E+00
    38    25   1.7307E+18   2.3351E-01   1.9545E+00   2.3324E-01   0.0000E+00   0.0000E+00
    38    26   2.1977E+18   2.5528E-01   2.5211E+00   2.5000E-01   0.0000E+00   0.0000E+00
    38    27   3.4895E+18   2.0556E-01   3.8549E+00   2.2991E-01   0.0000E+00   0.0000E+00
    38    28   4.4258E+18   2.0302E-01   2.7726E+00   2.2754E-01   0.0000E+00   0.0000E+00
    38    29   4.4717E+18   1.7058E-01   3.0075E+00   1.5999E-01   0.0000E+00   0.0000E+00
    38    30   7.7923E+18   1.3389E-01   4.8835E+00   1.3282E-01   0.0000E+00   0.0000E+00
    38    31   1.0439E+19   1.2913E-01   6.4412E+00   1.3244E-01   0.0000E+00   0.0000E+00
    38    32   8.2093E+18   1.5456E-01   4.9718E+00   1.5315E-01   0.0000E+00   0.0000E+00
    39     1   8.4607E+17   6.2548E-01   5.3576E-01   5.5521E-01   0.0000E+00   0.0000E+00
    39     2   2.8418E+17   4.2916E-01   3.7663E-01   4.1905E-01   0.0000E+00   0.0000E+00
    39     3   3.1695E+17   4.6303E-01   2.7431E-01   4.0874E-01   0.0000E+00   0.0000E+00
    39     4   3.9052E+17   5.6216E-01   3.1469E-01   5.2207E-01   0.0000E+00   0.0000E+00
    39     5   1.3198E+17   5.4043E-01   2.3335E-01   5.3786E-01   0.0000E+00   0.0000E+00
    39     6   2.5219E+17   7.8684E-01   5.5617E-01   8.2578E-01   0.0000E+00   0.0000E+00
    39     7   6.1303E+17   8.6723E-01   3.9916E-01   7.0646E-01   0.0000E+00   0.0000E+00
    39     8   2.0704E+17   5.7280E-01   4.5334E-01   6.6272E-01   0.0000E+00   0.0000E+00
    39     9   8.0198E+17   6.0302E-01   7.8370E-01   5.2644E-01   0.0000E+00   0.0000E+00
    39    10   1.6506E+17   7.2417E-01   1.8760E-01   6.5321E-01   0.0000E+00   0.0000E+00
    39    11   6.6925E+16   7.6776E-01   7.6629E-02   8.0211E-01   0.0000E+00   0.0000E+00
    39    12   2.3826E+17   8.2350E-01   8.7972E-02   7.4651E-01   0.0000E+00   0.0000E+00
    39    13   3.8146E+17   6.3260E-01   2.2498E-01   6.2177E-01   0.0000E+00   0.0000E+00
    39    14   5.9606E+17   6.3276E-01   6.6452E-01   6.0657E-01   0.0000E+00   0.0000E+00
    39    15   4.7501E+17   8.3254E-01   3.9899E-01   6.8048E-01   0.0000E+00   0.0000E+00
    39    16   3.8440E+17   6.4905E-01   2.6670E-01   5.0984E-01   0.0000E+00   0.0000E+00
    39    17   2.1076E+17   6.1347E-01   5.7975E-01   6.0841E-01   0.0000E+00   0.0000E+00
    39    18   3.1959E+17   4.3307E-01   6.8100E-01   4.4803E-01   0.0000E+00   0.0000E+00
    39    19   3.7851E+17   4.9481E-01   7.4010E-01   4.2851E-01   0.0000E+00   0.0000E+00
    39    20   4.7216E+17   4.3419E-01   7.0902E-01   4.2323E-01   0.0000E+00   0.0000E+00
    39    21   3.3152E+17   4.3290E-01   6.7813E-01   4.9389E-01   0.0000E+00   0.0000E+00
    39    22   1.0955E+18   2.8717E-01   1.4417E+00   2.7167E-01   0.0000E+00   0.0000E+00
    39    23   1.9039E+18   2.3222E-01   2.1619E+00   2.4213E-01   0.0000E+00   0.0000E+00
    39    24   2.3533E+18   2.4709E-01   2.2414E+00   2.0897E-01   0.0000E+00   0.0000E+00
    39    25   3.1863E+18   2.0235E-01   3.1329E+00   2.2588E-01   0.0000E+00   0.0000E+00
    39    26   4.7344E+18   1.7462E-01   3.2079E+00   1.7534E-01   0.0000E+00   0.0000E+00
    39    27   6.9419E+18   1.4220E-01   5.3947E+00   1.5058E-01   0.0000E+00   0.0000E+00
    39    28   1.2271E+19   1.2158E-01   7.9432E+00   1.2957E-01   0.0000E+00   0.0000E+00
    39    29   1.4001E+19   1.1425E-01   8.1617E+00   1.1412E-01   0.0000E+00   0.0000E+00
    39    30   2.1647E+19   1.0174E-01   9.8023E+00   1.0626E-01   0.0000E+00   0.0000E+00
    39    31   2.4572E+19   1.1434E-01   1.1166E+01   1.2001E-01   0.0000E+00   0.0000E+00
    39    32   2.2716E+19   1.2018E-01   9.9533E+00   1.2482E-01   0.0000E+00   0.0000E+00
    40     1   1.1190E+18   5.4350E-01   9.3946E-01   4.4105E-01   0.0000E+00   0.0000E+00
    40     2   9.1313E+17   3.9237E-01   1.2699E+00   4.0334E-01   0.0000E+00   0.0000E+00
    40     3   1.4697E+18   4.4350E-01   1.3331E+00   4.2326E-01   0.0000E+00   0.0000E+00
    40     4   1.1935E+18   4.3439E-01   1.0781E+00   3.6522E-01   0.0000E+00   0.0000E+00
    40     5   1.0006E+18   3.9971E-01   1.2779E+00   3.9343E-01   0.0000E+00   0.0000E+00
    40     6   9.2135E+17   4.6841E-01   1.2298E+00   4.2471E-01   0.0000E+00   0.0000E+00
    40     7   6.6832E+17   4.2005E-01   1.5157E+00   4.5153E-01   0.0000E+00   0.0000E+00
    40     8   2.3586E+17   3.8463E-01   4.0679E-01   3.8295E-01   0.0000E+00   0.0000E+00
    40     9   4.5777E+17   3.8852E-01   1.0972E+00   4.2328E-01   0.0000E+00   0.0000E+00
    40    10   1.4398E+18   3.6796E-01   1.9643E+00   3.7426E-01   0.0000E+00   0.0000E+00
    40    11   1.3925E+18   3.0739E-01   1.7768E+00   3.2264E-01   0.0000E+00   0.0000E+00
    40    12   1.0364E+18   3.3225E-01   1.4391E+00   3.8851E-01   0.0000E+00   0.0000E+00
    40    13   1.0866E+18   4.7811E-01   1.3488E+00   3.6813E-01   0.0000E+00   0.0000E+00
    40    14   7.9339E+17   3.4690E-01   8.2084E-01   3.4971E-01   0.0000E+00   0.0000E+00
    40    15   1.0794E+18   4.0053E-01   1.0436E+00   3.7579E-01   0.0000E+00   0.0000E+00
    40    16   8.2088E+17   4.9227E-01   5.2361E-01   4.2085E-01   0.0000E+00   0.0000E+00
    40    17   5.6617E+17   6.9796E-01   3.1420E-01   4.8327E-01   0.0000E+00   0.0000E+00
    40    18   2.0544E+17   3.6242E-01   2.7441E-01   3.6624E-01   0.0000E+00   0.0000E+00
    40    19   9.6460E+17   3.4166E-01   1.4329E+00   3.1351E-01   0.0000E+00   0.0000E+00
    40    20   1.8096E+18   3.2472E-01   2.1837E+00   2.8226E-01   0.0000E+00   0.0000E+00
    40    21   2.5169E+18   3.6115E-01   2.4818E+00   2.4316E-01   0.0000E+00   0.0000E+00
    40    22   2.1685E+18   1.8056E-01   2.2329E+00   1.8770E-01   0.0000E+00   0.0000E+00
    40    23   3.5536E+18   2.0118E-01   3.2598E+00   2.2425E-01   0.0000E+00   0.0000E+00
    40    24   7.1090E+18   1.5049E-01   5.7109E+00   1.9203E-01   0.0000E+00   0.0000E+00
    40    25   9.5893E+18   1.3967E-01   5.7437E+00   1.3719E-01   0.0000E+00   0.0000E+00
    40    26   1.3987E+19   1.1401E-01   8.8185E+00   1.2702E-01   0.0000E+00   0.0000E+00
    40    27   1.9342E+19   1.0234E-01   1.0401E+01   1.0517E-01   0.0000E+00   0.0000E+00
    40    28   3.0200E+19   9.9575E-02   1.3388E+01   9.6785E-02   0.0000E+00   0.0000E+00
    40    29   2.9507E+19   1.0340E-01   1.2017E+01   1.0034E-01   0.0000E+00   0.0000E+00
    40    30   3.6614E+19   1.0476E-01   1.3157E+01   1.0170E-01   0.0000E+00   0.0000E+00
    40    31   4.6107E+19   9.7240E-02   1.4411E+01   9.6446E-02   0.0000E+00   0.0000E+00
    40    32   3.3426E+19   1.2652E-01   1.0503E+01   1.2910E-01   0.0000E+00   0.0000E+00
    41     1   2.1822E+18   4.1982E-01   1.8686E+00   4.4441E-01   0.0000E+00   0.0000E+00
    41     2   2.6874E+18   2.9782E-01   1.8869E+00   2.7575E-01   0.0000E+00   0.0000E+00
    41     3   3.2638E+18   2.3220E-01   2.6417E+00   2.2720E-01   0.0000E+00   0.0000E+00
    41     4   2.6800E+18   2.6905E-01   2.3439E+00   3.3625E-01   0.0000E+00   0.0000E+00
    41     5   3.2770E+18   2.3945E-01   3.1140E+00   2.7753E-01   0.0000E+00   0.0000E+00
    41     6   3.4364E+18   2.5892E-01   3.2992E+00   2.6725E-01   0.0000E+00   0.0000E+00
    41     7   3.1855E+18   3.1693E-01   3.4435E+00   2.8326E-01   0.0000E+00   0.0000E+00
    41     8   2.5758E+18   3.2176E-01   3.0763E+00   3.0198E-01   0.0000E+00   0.0000E+00
    41     9   1.3093E+18   3.3957E-01   1.5299E+00   3.2756E-01   0.0000E+00   0.0000E+00
    41    10   1.0861E+18   4.1499E-01   1.0629E+00   3.9112E-01   0.0000E+00   0.0000E+00
    41    11   1.8529E+18   3.2236E-01   2.0493E+00   3.1281E-01   0.0000E+00   0.0000E+00
    41    12   2.7003E+18   2.4622E-01   3.5886E+00   2.8412E-01   0.0000E+00   0.0000E+00
    41    13   2.7177E+18   2.5371E-01   3.2694E+00   2.7537E-01   0.0000E+00   0.0000E+00
    41    14   1.5996E+18   2.6625E-01   2.1288E+00   2.7529E-01   0.0000E+00   0.0000E+00
    41    15   1.7343E+18   3.1578E-01   2.6895E+00   2.9933E-01   0.0000E+00   0.0000E+00
    41    16   1.9086E+18   3.3398E-01   2.2336E+00   3.0813E-01   0.0000E+00   0.0000E+00
    41    17   2.3245E+18   2.5357E-01   2.1518E+00   2.4892E-01   0.0000E+00   0.0000E+00
    41    18   2.4813E+18   2.6590E-01   2.3575E+00   2.4879E-01   0.0000E+00   0.0000E+00
    41    19   2.1222E+18   2.1129E-01   2.1127E+00   2.1259E-01   0.0000E+00   0.0000E+00
    41    20   3.6056E+18   1.9881E-01   2.8503E+00   2.1052E-01   0.0000E+00   0.0000E+00
    41    21   5.6620E+18   2.1416E-01   3.9621E+00   2.0371E-01   0.0000E+00   0.0000E+00
    41    22   8.6808E+18   1.5095E-01   6.5152E+00   1.4532E-01   0.0000E+00   0.0000E+00
    41    23   1.2252E+19   1.4743E-01   7.3848E+00   1.5347E-01   0.0000E+00   0.0000E+00
    41    24   1.9990E+19   1.1478E-01   1.0579E+01   1.1706E-01   0.0000E+00   0.0000E+00
    41    25   2.7568E+19   1.0794E-01   1.3160E+01   1.1048E-01   0.0000E+00   0.0000E+00
    41    26   3.4408E+19   1.1540E-01   1.4106E+01   1.0827E-01   0.0000E+00   0.0000E+00
    41    27   4.1223E+19   9.7618E-02   1.4916E+01   9.6472E-02   0.0000E+00   0.0000E+00
    41    28   5.0942E+19   9.5073E-02   1.6567E+01   9.3617E-02   0.0000E+00   0.0000E+00
    41    29   5.1078E+19   9.9452E-02   1.5138E+01   9.9413E-02   0.0000E+00   0.0000E+00
    41    30   5.0408E+19   1.1130E-01   1.3748E+01   1.1530E-01   0.0000E+00   0.0000E+00
    41    31   5.6086E+19   1.0530E-01   1.4274E+01   1.0373E-01   0.0000E+00   0.0000E+00
    41    32   3.5968E+19   1.2621E-01   8.9980E+00   1.1873E-01   0.0000E+00   0.0000E+00
    42     1   9.1172E+18   1.9751E-01   4.8681E+00   2.1138E-01   0.0000E+00   0.0000E+00
    42     2   9.5097E+18   1.6890E-01   5.6621E+00   1.9295E-01   0.0000E+00   0.0000E+00
    42     3   8.5264E+18   1.9237E-01   5.0918E+00   1.8818E-01   0.0000E+00   0.0000E+00
    42     4   9.0222E+18   1.9141E-01   5.6322E+00   2.0368E-01   0.0000E+00   0.0000E+00
    42     5   7.5743E+18   1.6974E-01   5.6157E+00   1.6363E-01   0.0000E+00   0.0000E+00
    42     6   8.6658E+18   1.9217E-01   7.2924E+00   1.9031E-01   0.0000E+00   0.0000E+00
    42     7   5.5016E+18   1.9241E-01   4.4869E+00   1.9752E-01   0.0000E+00   0.0000E+00
    42     8   4.1469E+18   2.0192E-01   4.2917E+00   2.2975E-01   0.0000E+00   0.0000E+00
    42     9   4.3850E+18   2.0094E-01   3.7996E+00   2.0428E-01   0.0000E+00   0.0000E+00
    42    10   6.9044E+18   1.9237E-01   5.2123E+00   2.2848E-01   0.0000E+00   0.0000E+00
    42    11   6.9524E+18   1.7579E-01   6.0778E+00   2.0151E-01   0.0000E+00   0.0000E+00
    42    12   7.7901E+18   2.2481E-01   7.2443E+00   2.0551E-01   0.0000E+00   0.0000E+00
    42    13   5.5157E+18   1.6564E-01   4.7699E+00   1.6565E-01   0.0000E+00   0.0000E+00
    42    14   6.1092E+18   1.9351E-01   5.8363E+00   2.7789E-01   0.0000E+00   0.0000E+00
    42    15   8.1435E+18   1.8069E-01   6.3534E+00   1.6987E-01   0.0000E+00   0.0000E+00
    42    16   9.1707E+18   1.9897E-01   7.9716E+00   1.8486E-01   0.0000E+00   0.0000E+00
    42    17   7.6796E+18   1.5299E-01   6.5956E+00   1.5336E-01   0.0000E+00   0.0000E+00
    42    18   9.7195E+18   1.5899E-01   7.9773E+00   1.6547E-01   0.0000E+00   0.0000E+00
    42    19   9.0348E+18   1.3431E-01   6.3306E+00   1.3044E-01   0.0000E+00   0.0000E+00
    42    20   1.2733E+19   1.3198E-01   8.6677E+00   1.3588E-01   0.0000E+00   0.0000E+00
    42    21   1.8092E+19   1.2109E-01   1.0382E+01   1.2415E-01   0.0000E+00   0.0000E+00
    42    22   2.7160E+19   1.1184E-01   1.4178E+01   1.2030E-01   0.0000E+00   0.0000E+00
    42    23   3.2172E+19   1.0772E-01   1.4489E+01   1.0827E-01   0.0000E+00   0.0000E+00
    42    24   4.1691E+19   9.9316E-02   1.6410E+01   9.4411E-02   0.0000E+00   0.0000E+00
    42    25   4.5301E+19   9.8009E-02   1.6041E+01   1.0350E-01   0.0000E+00   0.0000E+00
    42    26   5.2116E+19   1.0028E-01   1.6320E+01   1.0291E-01   0.0000E+00   0.0000E+00
    42    27   6.4742E+19   1.0439E-01   1.7432E+01   1.0044E-01   0.0000E+00   0.0000E+00
    42    28   8.4841E+19   1.1416E-01   2.0125E+01   1.0967E-01   0.0000E+00   0.0000E+00
    42    29   8.1946E+19   1.0475E-01   1.7985E+01   1.0279E-01   0.0000E+00   0.0000E+00
    42    30   7.9544E+19   9.9787E-02   1.7702E+01   1.0268E-01   0.0000E+00   0.0000E+00
    42    31   7.3440E+19   1.1191E-01   1.4858E+01   1.0910E-01   0.0000E+00   0.0000E+00
    42    32   3.8328E+19   1.2533E-01   7.4522E+00   1.2254E-01   0.0000E+00   0.0000E+00
    43     1   3.3714E+19   1.4700E-01   1.4622E+01   1.5264E-01   0.0000E+00   0.0000E+00
    43     2   3.1460E+19   1.4638E-01   1.3985E+01   1.4483E-01   0.0000E+00   0.0000E+00
    43     3   3.0491E+19   1.2209E-01   1.4247E+01   1.3098E-01   0.0000E+00   0.0000E+00
    43     4   2.8328E+19   1.2108E-01   1.2941E+01   1.2757E-01   0.0000E+00   0.0000E+00
    43     5   2.4596E+19   1.2018E-01   1.1364E+01   1.2763E-01   0.0000E+00   0.0000E+00
    43     6   2.0548E+19   1.3257E-01   1.0353E+01   1.4215E-01   0.0000E+00   0.0000E+00
    43     7   1.8723E+19   1.3123E-01   9.3962E+00   1.3718E-01   0.0000E+00   0.0000E+00
    43     8   2.2339E+19   1.4258E-01   1.1822E+01   1.5294E-01   0.0000E+00   0.0000E+00
    43     9   1.8880E+19   1.3730E-01   1.1954E+01   1.5586E-01   0.0000E+00   0.0000E+00
    43    10   1.8230E+19   1.4162E-01   1.1466E+01   1.5026E-01   0.0000E+00   0.0000E+00
    43    11   2.2661E+19   1.4278E-01   1.2227E+01   1.4104E-01   0.0000E+00   0.0000E+00
    43    12   1.8958E+19   1.5251E-01   1.1249E+01   1.3389E-01   0.0000E+00   0.0000E+00
    43    13   1.6851E+19   1.3460E-01   1.0339E+01   1.4124E-01   0.0000E+00   0.0000E+00
    43    14   1.6143E+19   1.3560E-01   9.5817E+00   1.3067E-01   0.0000E+00   0.0000E+00
    43    15   1.8974E+19   1.2561E-01   1.2464E+01   1.2550E-01   0.0000E+00   0.0000E+00
    43    16   2.0719E+19   1.3627E-01   1.1249E+01   1.2155E-01   0.0000E+00   0.0000E+00
    43    17   2.2566E+19   1.0826E-01   1.3902E+01   1.2009E-01   0.0000E+00   0.0000E+00
    43    18   2.1139E+19   1.1438E-01   1.2340E+01   1.2712E-01   0.0000E+00   0.0000E+00
    43    19   2.9491E+19   1.0977E-01   1.4276E+01   1.0179E-01   0.0000E+00   0.0000E+00
    43    20   3.5968E+19   1.0557E-01   1.6214E+01   1.0520E-01   0.0000E+00   0.0000E+00
    43    21   4.6636E+19   1.0299E-01   1.9077E+01   9.9637E-02   0.0000E+00   0.0000E+00
    43    22   5.8128E+19   9.9487E-02   2.1936E+01   1.0209E-01   0.0000E+00   0.0000E+00
    43    23   7.2806E+19   1.1243E-01   2.3506E+01   1.0351E-01   0.0000E+00   0.0000E+00
    43    24   6.2798E+19   9.4806E-02   1.9892E+01   9.7897E-02   0.0000E+00   0.0000E+00
    43    25   6.3152E+19   1.0943E-01   1.6704E+01   1.0684E-01   0.0000E+00   0.0000E+00
    43    26   7.2370E+19   9.5812E-02   1.8807E+01   9.7498E-02   0.0000E+00   0.0000E+00
    43    27   9.0494E+19   1.0298E-01   2.0172E+01   1.0097E-01   0.0000E+00   0.0000E+00
    43    28   1.1228E+20   1.0886E-01   2.3707E+01   1.0975E-01   0.0000E+00   0.0000E+00
    43    29   1.1715E+20   1.0170E-01   2.3190E+01   9.9690E-02   0.0000E+00   0.0000E+00
    43    30   1.1141E+20   9.4733E-02   2.0991E+01   9.5484E-02   0.0000E+00   0.0000E+00
    43    31   8.7078E+19   1.0687E-01   1.5809E+01   1.0755E-01   0.0000E+00   0.0000E+00
    43    32   3.6443E+19   1.2878E-01   6.4049E+00   1.2376E-01   0.0000E+00   0.0000E+00
    44     1   4.4504E+19   1.5328E-01   1.4554E+01   1.4826E-01   0.0000E+00   0.0000E+00
    44     2   5.1556E+19   1.2916E-01   1.6421E+01   1.2479E-01   0.0000E+00   0.0000E+00
    44     3   6.6289E+19   1.1896E-01   1.9334E+01   1.1695E-01   0.0000E+00   0.0000E+00
    44     4   6.1353E+19   1.1715E-01   2.0530E+01   1.1817E-01   0.0000E+00   0.0000E+00
    44     5   6.2801E+19   1.2262E-01   2.1564E+01   1.1914E-01   0.0000E+00   0.0000E+00
    44     6   5.0064E+19   1.0980E-01   1.7601E+01   1.1254E-01   0.0000E+00   0.0000E+00
    44     7   5.3313E+19   1.0837E-01   1.9434E+01   1.1001E-01   0.0000E+00   0.0000E+00
    44     8   5.5090E+19   1.0330E-01   2.2069E+01   1.0150E-01   0.0000E+00   0.0000E+00
    44     9   5.4951E+19   1.0628E-01   2.0259E+01   1.0299E-01   0.0000E+00   0.0000E+00
    44    10   5.8169E+19   1.3666E-01   2.2302E+01   1.4798E-01   0.0000E+00   0.0000E+00
    44    11   5.2838E+19   1.1068E-01   2.2114E+01   1.1152E-01   0.0000E+00   0.0000E+00
    44    12   5.6138E+19   1.0852E-01   2.2371E+01   1.1272E-01   0.0000E+00   0.0000E+00
    44    13   4.8035E+19   1.0514E-01   2.1106E+01   1.1137E-01   0.0000E+00   0.0000E+00
    44    14   5.5110E+19   1.0507E-01   2.4109E+01   1.0817E-01   0.0000E+00   0.0000E+00
    44    15   5.6931E+19   1.1579E-01   2.3301E+01   1.1216E-01   0.0000E+00   0.0000E+00
    44    16   5.1799E+19   1.0017E-01   2.2412E+01   9.9646E-02   0.0000E+00   0.0000E+00
    44    17   5.9479E+19   9.9818E-02   2.4515E+01   9.7355E-02   0.0000E+00   0.0000E+00
    44    18   6.3796E+19   1.0393E-01   2.3121E+01   9.5807E-02   0.0000E+00   0.0000E+00
    44    19   7.0232E+19   1.0771E-01   2.5681E+01   1.0733E-01   0.0000E+00   0.0000E+00
    44    20   7.4874E+19   1.0039E-01   2.4201E+01   9.5975E-02   0.0000E+00   0.0000E+00
    44    21   9.9702E+19   9.6174E-02   2.8775E+01   9.7518E-02   0.0000E+00   0.0000E+00
    44    22   9.9003E+19   9.7557E-02   2.6521E+01   9.9374E-02   0.0000E+00   0.0000E+00
    44    23   1.0018E+20   9.4393E-02   2.4897E+01   9.2530E-02   0.0000E+00   0.0000E+00
    44    24   1.1185E+20   1.0506E-01   2.3950E+01   9.8172E-02   0.0000E+00   0.0000E+00
    44    25   1.1007E+20   1.1089E-01   2.3759E+01   1.0914E-01   0.0000E+00   0.0000E+00
    44    26   9.2698E+19   1.0440E-01   1.9755E+01   1.0522E-01   0.0000E+00   0.0000E+00
    44    27   1.0982E+20   9.8964E-02   2.1223E+01   9.6092E-02   0.0000E+00   0.0000E+00
    44    28   1.3735E+20   1.1009E-01   2.5488E+01   1.0726E-01   0.0000E+00   0.0000E+00
    44    29   1.2752E+20   1.0082E-01   2.2721E+01   9.7955E-02   0.0000E+00   0.0000E+00
    44    30   1.0954E+20   9.7911E-02   1.9062E+01   9.6918E-02   0.0000E+00   0.0000E+00
    44    31   8.4242E+19   1.0686E-01   1.4505E+01   1.0394E-01   0.0000E+00   0.0000E+00
    44    32   4.1582E+19   1.4427E-01   6.9709E+00   1.3764E-01   0.0000E+00   0.0000E+00
    45     1   4.0112E+19   1.6178E-01   1.0890E+01   1.5687E-01   0.0000E+00   0.0000E+00
    45     2   6.3174E+19   1.6492E-01   1.5936E+01   1.4913E-01   0.0000E+00   0.0000E+00
    45     3   8.5509E+19   1.1964E-01   2.1096E+01   1.1580E-01   0.0000E+00   0.0000E+00
    45     4   1.1480E+20   1.1789E-01   2.7233E+01   1.1510E-01   0.0000E+00   0.0000E+00
    45     5   1.1595E+20   1.1661E-01   2.7381E+01   1.1661E-01   0.0000E+00   0.0000E+00
    45     6   1.0301E+20   1.1286E-01   2.6888E+01   1.1357E-01   0.0000E+00   0.0000E+00
    45     7   9.5759E+19   1.0547E-01   2.5754E+01   1.0552E-01   0.0000E+00   0.0000E+00
    45     8   1.0006E+20   1.0098E-01   2.7528E+01   1.0139E-01   0.0000E+00   0.0000E+00
    45     9   1.0577E+20   9.8484E-02   2.9965E+01   9.7609E-02   0.0000E+00   0.0000E+00
    45    10   1.0027E+20   1.0452E-01   2.9702E+01   9.9423E-02   0.0000E+00   0.0000E+00
    45    11   1.0822E+20   1.0271E-01   3.3247E+01   1.0625E-01   0.0000E+00   0.0000E+00
    45    12   1.0796E+20   1.0458E-01   3.2587E+01   1.0360E-01   0.0000E+00   0.0000E+00
    45    13   1.1036E+20   1.0401E-01   3.3767E+01   1.0438E-01   0.0000E+00   0.0000E+00
    45    14   1.0859E+20   9.4201E-02   3.4707E+01   9.3939E-02   0.0000E+00   0.0000E+00
    45    15   1.0435E+20   1.0301E-01   3.2845E+01   9.7341E-02   0.0000E+00   0.0000E+00
    45    16   1.1895E+20   1.0011E-01   3.5213E+01   9.3247E-02   0.0000E+00   0.0000E+00
    45    17   1.2669E+20   9.0782E-02   3.7882E+01   8.8167E-02   0.0000E+00   0.0000E+00
    45    18   1.3744E+20   9.0923E-02   4.1286E+01   9.0302E-02   0.0000E+00   0.0000E+00
    45    19   1.3749E+20   9.2224E-02   3.7248E+01   9.1320E-02   0.0000E+00   0.0000E+00
    45    20   1.2635E+20   9.7708E-02   3.1759E+01   9.6914E-02   0.0000E+00   0.0000E+00
    45    21   1.4327E+20   1.0040E-01   3.4353E+01   9.8450E-02   0.0000E+00   0.0000E+00
    45    22   1.4767E+20   1.0255E-01   3.2266E+01   9.9757E-02   0.0000E+00   0.0000E+00
    45    23   1.4150E+20   9.9832E-02   2.9805E+01   9.9311E-02   0.0000E+00   0.0000E+00
    45    24   1.3312E+20   9.6849E-02   2.6659E+01   9.4536E-02   0.0000E+00   0.0000E+00
    45    25   1.3688E+20   1.0428E-01   2.6576E+01   1.0082E-01   0.0000E+00   0.0000E+00
    45    26   1.4499E+20   9.5150E-02   2.7671E+01   9.3780E-02   0.0000E+00   0.0000E+00
    45    27   1.4939E+20   9.6956E-02   2.6922E+01   9.1125E-02   0.0000E+00   0.0000E+00
    45    28   1.4759E+20   9.4235E-02   2.6079E+01   9.2813E-02   0.0000E+00   0.0000E+00
    45    29   1.3260E+20   9.4599E-02   2.3324E+01   9.4024E-02   0.0000E+00   0.0000E+00
    45    30   1.1519E+20   1.0302E-01   1.9100E+01   1.0212E-01   0.0000E+00   0.0000E+00
    45    31   8.3532E+19   1.1116E-01   1.3329E+01   1.1508E-01   0.0000E+00   0.0000E+00
    45    32   4.8006E+19   1.2476E-01   8.0579E+00   1.2865E-01   0.0000E+00   0.0000E+00
    46     1   4.4956E+19   1.4466E-01   9.6327E+00   1.4882E-01   0.0000E+00   0.0000E+00
    46     2   8.1812E+19   1.3915E-01   1.7054E+01   1.4255E-01   0.0000E+00   0.0000E+00
    46     3   1.1557E+20   1.2630E-01   2.5019E+01   1.2088E-01   0.0000E+00   0.0000E+00
    46     4   1.3411E+20   1.2298E-01   2.7530E+01   1.2553E-01   0.0000E+00   0.0000E+00
    46     5   1.3017E+20   1.2286E-01   2.9400E+01   1.2398E-01   0.0000E+00   0.0000E+00
    46     6   1.4414E+20   1.1206E-01   3.0923E+01   1.1149E-01   0.0000E+00   0.0000E+00
    46     7   1.3686E+20   1.1097E-01   3.1207E+01   1.1034E-01   0.0000E+00   0.0000E+00
    46     8   1.4826E+20   1.1115E-01   3.2383E+01   1.0428E-01   0.0000E+00   0.0000E+00
    46     9   1.5651E+20   1.0141E-01   3.5925E+01   9.9169E-02   0.0000E+00   0.0000E+00
    46    10   1.5387E+20   1.0737E-01   3.5228E+01   1.0397E-01   0.0000E+00   0.0000E+00
    46    11   1.6847E+20   1.0867E-01   3.9585E+01   1.0567E-01   0.0000E+00   0.0000E+00
    46    12   1.7311E+20   9.8491E-02   4.1581E+01   9.7924E-02   0.0000E+00   0.0000E+00
    46    13   1.7674E+20   9.9854E-02   3.9310E+01   9.4852E-02   0.0000E+00   0.0000E+00
    46    14   1.6922E+20   1.0335E-01   3.9010E+01   9.9852E-02   0.0000E+00   0.0000E+00
    46    15   1.6344E+20   1.0364E-01   3.7648E+01   9.5449E-02   0.0000E+00   0.0000E+00
    46    16   1.7347E+20   9.6775E-02   4.2423E+01   9.8904E-02   0.0000E+00   0.0000E+00
    46    17   1.7695E+20   9.8660E-02   4.1954E+01   9.4723E-02   0.0000E+00   0.0000E+00
    46    18   1.8594E+20   9.8880E-02   4.3951E+01   9.6859E-02   0.0000E+00   0.0000E+00
    46    19   1.8216E+20   1.0245E-01   4.0272E+01   9.9549E-02   0.0000E+00   0.0000E+00
    46    20   2.0504E+20   9.3089E-02   4.2439E+01   9.2626E-02   0.0000E+00   0.0000E+00
    46    21   1.9640E+20   9.2685E-02   3.9860E+01   9.1238E-02   0.0000E+00   0.0000E+00
    46    22   1.8817E+20   9.2384E-02   3.7318E+01   9.1886E-02   0.0000E+00   0.0000E+00
    46    23   1.9175E+20   9.3038E-02   3.6337E+01   8.9289E-02   0.0000E+00   0.0000E+00
    46    24   2.0599E+20   9.9780E-02   3.7189E+01   9.4760E-02   0.0000E+00   0.0000E+00
    46    25   2.0170E+20   9.5821E-02   3.6366E+01   9.6073E-02   0.0000E+00   0.0000E+00
    46    26   2.0223E+20   9.3951E-02   3.4960E+01   9.1019E-02   0.0000E+00   0.0000E+00
    46    27   1.6998E+20   9.7613E-02   2.8617E+01   9.8121E-02   0.0000E+00   0.0000E+00
    46    28   1.7834E+20   9.4250E-02   2.9941E+01   9.4937E-02   0.0000E+00   0.0000E+00
    46    29   1.5572E+20   1.0010E-01   2.5610E+01   1.0048E-01   0.0000E+00   0.0000E+00
    46    30   1.2687E+20   1.0215E-01   2.0665E+01   1.0313E-01   0.0000E+00   0.0000E+00
    46    31   1.0082E+20   1.0827E-01   1.6404E+01   1.0564E-01   0.0000E+00   0.0000E+00
    46    32   4.7259E+19   1.2839E-01   7.9323E+00   1.2362E-01   0.0000E+00   0.0000E+00
    47     1   5.3281E+19   1.8870E-01   9.6098E+00   1.8531E-01   0.0000E+00   0.0000E+00
    47     2   9.7306E+19   1.5435E-01   1.6964E+01   1.5728E-01   0.0000E+00   0.0000E+00
    47     3   1.2786E+20   1.4416E-01   2.3609E+01   1.3703E-01   0.0000E+00   0.0000E+00
    47     4   1.4833E+20   1.2876E-01   2.7435E+01   1.2549E-01   0.0000E+00   0.0000E+00
    47     5   1.4296E+20   1.2063E-01   2.6730E+01   1.1625E-01   0.0000E+00   0.0000E+00
    47     6   1.7179E+20   1.0510E-01   3.4215E+01   1.0865E-01   0.0000E+00   0.0000E+00
    47     7   1.7554E+20   1.0896E-01   3.5809E+01   1.0827E-01   0.0000E+00   0.0000E+00
    47     8   1.5928E+20   1.0573E-01   3.1797E+01   1.0489E-01   0.0000E+00   0.0000E+00
    47     9   1.4814E+20   1.0804E-01   3.0593E+01   1.0516E-01   0.0000E+00   0.0000E+00
    47    10   1.7194E+20   1.0647E-01   3.5947E+01   1.0556E-01   0.0000E+00   0.0000E+00
    47    11   1.6188E+20   1.0665E-01   3.3635E+01   1.0373E-01   0.0000E+00   0.0000E+00
    47    12   1.6879E+20   1.0264E-01   3.2670E+01   1.0343E-01   0.0000E+00   0.0000E+00
    47    13   1.9251E+20   1.0127E-01   4.0241E+01   1.0088E-01   0.0000E+00   0.0000E+00
    47    14   2.1762E+20   9.5056E-02   4.4656E+01   9.8339E-02   0.0000E+00   0.0000E+00
    47    15   2.3342E+20   9.8357E-02   4.7275E+01   9.6724E-02   0.0000E+00   0.0000E+00
    47    16   2.1836E+20   9.6590E-02   4.4885E+01   9.4691E-02   0.0000E+00   0.0000E+00
    47    17   2.1848E+20   9.4118E-02   4.3991E+01   9.1600E-02   0.0000E+00   0.0000E+00
    47    18   2.1128E+20   1.0454E-01   4.2458E+01   1.0266E-01   0.0000E+00   0.0000E+00
    47    19   2.3528E+20   9.4102E-02   4.7251E+01   9.4719E-02   0.0000E+00   0.0000E+00
    47    20   2.1781E+20   8.6922E-02   4.2508E+01   8.6853E-02   0.0000E+00   0.0000E+00
    47    21   2.4648E+20   8.7228E-02   4.7322E+01   8.6647E-02   0.0000E+00   0.0000E+00
    47    22   2.3688E+20   8.8468E-02   4.2553E+01   8.9674E-02   0.0000E+00   0.0000E+00
    47    23   2.3469E+20   8.8648E-02   4.2898E+01   8.5259E-02   0.0000E+00   0.0000E+00
    47    24   2.3441E+20   8.6309E-02   4.1248E+01   8.4963E-02   0.0000E+00   0.0000E+00
    47    25   2.5314E+20   8.9522E-02   4.4199E+01   9.0426E-02   0.0000E+00   0.0000E+00
    47    26   2.3982E+20   9.6858E-02   4.0868E+01   9.7544E-02   0.0000E+00   0.0000E+00
    47    27   1.9141E+20   9.6794E-02   3.1562E+01   9.8066E-02   0.0000E+00   0.0000E+00
    47    28   1.9664E+20   9.5627E-02   3.2673E+01   9.5034E-02   0.0000E+00   0.0000E+00
    47    29   1.8199E+20   9.7807E-02   2.8962E+01   9.9185E-02   0.0000E+00   0.0000E+00
    47    30   1.4438E+20   9.8093E-02   2.2931E+01   9.7416E-02   0.0000E+00   0.0000E+00
    47    31   1.0127E+20   1.0733E-01   1.6123E+01   1.0798E-01   0.0000E+00   0.0000E+00
    47    32   4.5405E+19   1.3532E-01   7.4835E+00   1.3382E-01   0.0000E+00   0.0000E+00
    48     1   6.1533E+19   1.5188E-01   1.0323E+01   1.4445E-01   0.0000E+00   0.0000E+00
    48     2   8.7374E+19   1.4202E-01   1.4397E+01   1.4232E-01   0.0000E+00   0.0000E+00
    48     3   1.0898E+20   1.2540E-01   1.9213E+01   1.3188E-01   0.0000E+00   0.0000E+00
    48     4   1.5906E+20   1.1288E-01   2.6968E+01   1.1151E-01   0.0000E+00   0.0000E+00
    48     5   1.9085E+20   1.1231E-01   3.2538E+01   1.0904E-01   0.0000E+00   0.0000E+00
    48     6   2.1250E+20   1.0787E-01   3.6391E+01   1.0652E-01   0.0000E+00   0.0000E+00
    48     7   2.0110E+20   1.1288E-01   3.7112E+01   1.0958E-01   0.0000E+00   0.0000E+00
    48     8   2.0401E+20   1.0719E-01   3.8939E+01   1.0728E-01   0.0000E+00   0.0000E+00
    48     9   2.3429E+20   1.0546E-01   4.3709E+01   1.0483E-01   0.0000E+00   0.0000E+00
    48    10   2.0736E+20   1.0390E-01   4.0690E+01   1.0254E-01   0.0000E+00   0.0000E+00
    48    11   2.2389E+20   1.1440E-01   3.9798E+01   1.0729E-01   0.0000E+00   0.0000E+00
    48    12   2.2280E+20   1.0481E-01   4.2088E+01   9.9704E-02   0.0000E+00   0.0000E+00
    48    13   2.3478E+20   1.0457E-01   4.5565E+01   1.0242E-01   0.0000E+00   0.0000E+00
    48    14   2.4849E+20   1.0457E-01   4.5594E+01   9.9061E-02   0.0000E+00   0.0000E+00
    48    15   2.4977E+20   1.0447E-01   4.4691E+01   9.8328E-02   0.0000E+00   0.0000E+00
    48    16   2.5036E+20   1.0032E-01   4.5845E+01   9.8749E-02   0.0000E+00   0.0000E+00
    48    17   2.6402E+20   9.9868E-02   4.7886E+01   1.0090E-01   0.0000E+00   0.0000E+00
    48    18   2.8280E+20   9.4029E-02   4.9717E+01   9.0532E-02   0.0000E+00   0.0000E+00
    48    19   2.5762E+20   9.1791E-02   4.8346E+01   8.8829E-02   0.0000E+00   0.0000E+00
    48    20   2.7545E+20   8.7674E-02   4.8908E+01   8.5593E-02   0.0000E+00   0.0000E+00
    48    21   2.7664E+20   9.3096E-02   4.8342E+01   9.4007E-02   0.0000E+00   0.0000E+00
    48    22   2.8399E+20   1.0161E-01   4.9222E+01   1.0104E-01   0.0000E+00   0.0000E+00
    48    23   2.6624E+20   8.6379E-02   4.5507E+01   8.8762E-02   0.0000E+00   0.0000E+00
    48    24   2.5894E+20   8.9321E-02   4.4765E+01   8.8385E-02   0.0000E+00   0.0000E+00
    48    25   2.7712E+20   9.2456E-02   4.7011E+01   9.0172E-02   0.0000E+00   0.0000E+00
    48    26   2.5587E+20   9.4266E-02   4.2520E+01   9.2984E-02   0.0000E+00   0.0000E+00
    48    27   2.2472E+20   9.0884E-02   3.5663E+01   9.1197E-02   0.0000E+00   0.0000E+00
    48    28   1.9091E+20   9.0052E-02   3.2272E+01   8.9651E-02   0.0000E+00   0.0000E+00
    48    29   1.8037E+20   9.3379E-02   2.9311E+01   9.1888E-02   0.0000E+00   0.0000E+00
    48    30   1.7546E+20   1.0477E-01   2.6300E+01   1.0262E-01   0.0000E+00   0.0000E+00
    48    31   1.0754E+20   1.1406E-01   1.6671E+01   1.1467E-01   0.0000E+00   0.0000E+00
    48    32   4.3968E+19   1.3835E-01   7.1365E+00   1.3950E-01   0.0000E+00   0.0000E+00
    49     1   6.1590E+19   1.4662E-01   1.0609E+01   1.4426E-01   0.0000E+00   0.0000E+00
    49     2   1.1738E+20   1.2425E-01   2.0404E+01   1.2585E-01   0.0000E+00   0.0000E+00
    49     3   1.5330E+20   1.1872E-01   2.5370E+01   1.1600E-01   0.0000E+00   0.0000E+00
    49     4   1.7660E+20   1.1537E-01   2.9291E+01   1.1070E-01   0.0000E+00   0.0000E+00
    49     5   1.9684E+20   1.1597E-01   3.3800E+01   1.1682E-01   0.0000E+00   0.0000E+00
    49     6   2.3385E+20   1.0596E-01   4.0747E+01   1.0596E-01   0.0000E+00   0.0000E+00
    49     7   2.4072E+20   1.0240E-01   4.3621E+01   1.0117E-01   0.0000E+00   0.0000E+00
    49     8   2.4459E+20   1.0639E-01   4.5779E+01   1.0649E-01   0.0000E+00   0.0000E+00
    49     9   2.3724E+20   1.0653E-01   4.2333E+01   1.0215E-01   0.0000E+00   0.0000E+00
    49    10   2.4204E+20   1.1327E-01   4.2626E+01   1.0839E-01   0.0000E+00   0.0000E+00
    49    11   2.5321E+20   1.1045E-01   4.3993E+01   1.1247E-01   0.0000E+00   0.0000E+00
    49    12   2.5296E+20   1.0106E-01   4.4068E+01   9.7697E-02   0.0000E+00   0.0000E+00
    49    13   2.8342E+20   1.0375E-01   4.8424E+01   1.0580E-01   0.0000E+00   0.0000E+00
    49    14   2.5559E+20   1.0437E-01   4.4982E+01   9.9535E-02   0.0000E+00   0.0000E+00
    49    15   2.2816E+20   1.0426E-01   4.1916E+01   1.0110E-01   0.0000E+00   0.0000E+00
    49    16   2.4824E+20   9.7322E-02   4.5348E+01   9.8337E-02   0.0000E+00   0.0000E+00
    49    17   2.5525E+20   9.9172E-02   4.4884E+01   9.4861E-02   0.0000E+00   0.0000E+00
    49    18   2.9151E+20   9.4550E-02   5.0105E+01   9.2308E-02   0.0000E+00   0.0000E+00
    49    19   2.9614E+20   9.3118E-02   5.0645E+01   8.9578E-02   0.0000E+00   0.0000E+00
    49    20   2.8420E+20   9.3972E-02   4.9951E+01   9.1477E-02   0.0000E+00   0.0000E+00
    49    21   2.7746E+20   9.8700E-02   4.7103E+01   9.4927E-02   0.0000E+00   0.0000E+00
    49    22   3.0106E+20   9.7968E-02   4.9578E+01   9.6939E-02   0.0000E+00   0.0000E+00
    49    23   2.8999E+20   8.8363E-02   4.8522E+01   8.8975E-02   0.0000E+00   0.0000E+00
    49    24   2.7802E+20   9.1176E-02   4.6935E+01   8.8338E-02   0.0000E+00   0.0000E+00
    49    25   2.8042E+20   9.5334E-02   4.3852E+01   9.2553E-02   0.0000E+00   0.0000E+00
    49    26   2.3994E+20   9.3233E-02   3.8930E+01   9.2003E-02   0.0000E+00   0.0000E+00
    49    27   2.0918E+20   9.5962E-02   3.2983E+01   9.3326E-02   0.0000E+00   0.0000E+00
    49    28   1.6461E+20   9.1896E-02   2.6881E+01   8.9932E-02   0.0000E+00   0.0000E+00
    49    29   1.7155E+20   9.5646E-02   2.6577E+01   9.1414E-02   0.0000E+00   0.0000E+00
    49    30   1.5396E+20   9.6316E-02   2.3891E+01   9.5179E-02   0.0000E+00   0.0000E+00
    49    31   1.1210E+20   1.1655E-01   1.6978E+01   1.1290E-01   0.0000E+00   0.0000E+00
    49    32   5.4826E+19   1.3828E-01   7.9513E+00   1.3989E-01   0.0000E+00   0.0000E+00
    50     1   7.0480E+19   1.6316E-01   1.1391E+01   1.5073E-01   0.0000E+00   0.0000E+00
    50     2   1.2698E+20   1.4866E-01   1.9376E+01   1.4539E-01   0.0000E+00   0.0000E+00
    50     3   1.4366E+20   1.2334E-01   2.4319E+01   1.2362E-01   0.0000E+00   0.0000E+00
    50     4   1.7189E+20   1.2886E-01   2.8241E+01   1.2722E-01   0.0000E+00   0.0000E+00
    50     5   2.1269E+20   1.1288E-01   3.4700E+01   1.1267E-01   0.0000E+00   0.0000E+00
    50     6   1.9554E+20   1.1572E-01   3.3051E+01   1.1322E-01   0.0000E+00   0.0000E+00
    50     7   2.4653E+20   1.1146E-01   4.0802E+01   1.1016E-01   0.0000E+00   0.0000E+00
    50     8   2.3684E+20   1.1969E-01   4.0544E+01   1.1316E-01   0.0000E+00   0.0000E+00
    50     9   2.5445E+20   1.1435E-01   4.2112E+01   1.1296E-01   0.0000E+00   0.0000E+00
    50    10   2.5702E+20   1.0783E-01   4.3256E+01   1.0537E-01   0.0000E+00   0.0000E+00
    50    11   2.4565E+20   9.7164E-02   4.1817E+01   9.6001E-02   0.0000E+00   0.0000E+00
    50    12   2.8084E+20   1.0846E-01   4.6958E+01   1.0615E-01   0.0000E+00   0.0000E+00
    50    13   2.8500E+20   1.0315E-01   5.0669E+01   9.8676E-02   0.0000E+00   0.0000E+00
    50    14   2.9192E+20   9.7579E-02   4.9845E+01   9.8054E-02   0.0000E+00   0.0000E+00
    50    15   2.9019E+20   9.9754E-02   5.0217E+01   1.0217E-01   0.0000E+00   0.0000E+00
    50    16   2.7161E+20   1.0073E-01   4.6648E+01   1.0155E-01   0.0000E+00   0.0000E+00
    50    17   2.8327E+20   9.3748E-02   4.7212E+01   9.2527E-02   0.0000E+00   0.0000E+00
    50    18   2.8619E+20   9.8337E-02   4.9075E+01   9.6405E-02   0.0000E+00   0.0000E+00
    50    19   2.8084E+20   1.0071E-01   4.7782E+01   9.9587E-02   0.0000E+00   0.0000E+00
    50    20   2.5534E+20   1.0164E-01   4.3519E+01   9.9074E-02   0.0000E+00   0.0000E+00
    50    21   2.7183E+20   9.4467E-02   4.4539E+01   9.3534E-02   0.0000E+00   0.0000E+00
    50    22   2.5633E+20   9.4443E-02   4.2703E+01   9.4732E-02   0.0000E+00   0.0000E+00
    50    23   2.9249E+20   9.3241E-02   4.7001E+01   9.0251E-02   0.0000E+00   0.0000E+00
    50    24   2.6901E+20   8.6436E-02   4.3437E+01   8.6855E-02   0.0000E+00   0.0000E+00
    50    25   2.4309E+20   9.3596E-02   3.8173E+01   9.1042E-02   0.0000E+00   0.0000E+00
    50    26   2.0390E+20   9.0370E-02   3.3809E+01   8.7684E-02   0.0000E+00   0.0000E+00
    50    27   1.8924E+20   8.9837E-02   2.9840E+01   9.0647E-02   0.0000E+00   0.0000E+00
    50    28   1.6633E+20   9.2609E-02   2.5883E+01   9.0949E-02   0.0000E+00   0.0000E+00
    50    29   1.7337E+20   1.0027E-01   2.5970E+01   9.9762E-02   0.0000E+00   0.0000E+00
    50    30   1.3000E+20   9.4821E-02   1.9194E+01   9.0951E-02   0.0000E+00   0.0000E+00
    50    31   9.7524E+19   1.1085E-01   1.5595E+01   1.1226E-01   0.0000E+00   0.0000E+00
    50    32   4.3510E+19   1.3801E-01   6.7849E+00   1.4827E-01   0.0000E+00   0.0000E+00
    51     1   5.3091E+19   1.8272E-01   7.8236E+00   1.8408E-01   0.0000E+00   0.0000E+00
    51     2   1.2215E+20   1.4221E-01   1.8991E+01   1.3844E-01   0.0000E+00   0.0000E+00
    51     3   1.3770E+20   1.3304E-01   2.2788E+01   1.2815E-01   0.0000E+00   0.0000E+00
    51     4   1.6102E+20   1.2562E-01   2.6082E+01   1.2715E-01   0.0000E+00   0.0000E+00
    51     5   1.8373E+20   1.2780E-01   3.0272E+01   1.2366E-01   0.0000E+00   0.0000E+00
    51     6   2.2265E+20   1.1826E-01   3.7279E+01   1.1992E-01   0.0000E+00   0.0000E+00
    51     7   2.4681E+20   1.2034E-01   4.2870E+01   1.1853E-01   0.0000E+00   0.0000E+00
    51     8   2.5233E+20   1.1185E-01   4.5942E+01   1.1769E-01   0.0000E+00   0.0000E+00
    51     9   2.9658E+20   1.1923E-01   4.8018E+01   1.1942E-01   0.0000E+00   0.0000E+00
    51    10   3.0026E+20   1.1967E-01   5.0205E+01   1.1575E-01   0.0000E+00   0.0000E+00
    51    11   2.8596E+20   1.1796E-01   4.7835E+01   1.1772E-01   0.0000E+00   0.0000E+00
    51    12   2.6704E+20   1.1248E-01   4.5754E+01   1.0855E-01   0.0000E+00   0.0000E+00
    51    13   2.3555E+20   1.0847E-01   3.9670E+01   1.0397E-01   0.0000E+00   0.0000E+00
    51    14   2.6874E+20   1.1194E-01   4.6790E+01   1.1260E-01   0.0000E+00   0.0000E+00
    51    15   2.8342E+20   1.1161E-01   4.9098E+01   1.0720E-01   0.0000E+00   0.0000E+00
    51    16   2.8921E+20   9.7250E-02   4.8051E+01   9.6233E-02   0.0000E+00   0.0000E+00
    51    17   2.8680E+20   9.6575E-02   4.8990E+01   9.5756E-02   0.0000E+00   0.0000E+00
    51    18   2.9168E+20   9.6313E-02   4.9242E+01   9.2684E-02   0.0000E+00   0.0000E+00
    51    19   2.4228E+20   1.0156E-01   4.0396E+01   1.0016E-01   0.0000E+00   0.0000E+00
    51    20   2.7033E+20   9.6302E-02   4.4774E+01   9.4165E-02   0.0000E+00   0.0000E+00
    51    21   2.5420E+20   9.0366E-02   4.3007E+01   9.4035E-02   0.0000E+00   0.0000E+00
    51    22   2.7450E+20   9.7817E-02   4.4273E+01   9.6916E-02   0.0000E+00   0.0000E+00
    51    23   2.7426E+20   9.2996E-02   4.3393E+01   9.4772E-02   0.0000E+00   0.0000E+00
    51    24   2.5177E+20   1.0163E-01   4.0392E+01   1.0239E-01   0.0000E+00   0.0000E+00
    51    25   2.3139E+20   9.4422E-02   3.6302E+01   9.6167E-02   0.0000E+00   0.0000E+00
    51    26   1.8877E+20   1.0133E-01   3.0194E+01   9.9532E-02   0.0000E+00   0.0000E+00
    51    27   1.6021E+20   9.9826E-02   2.5936E+01   9.4729E-02   0.0000E+00   0.0000E+00
    51    28   1.6139E+20   1.0249E-01   2.5057E+01   9.9902E-02   0.0000E+00   0.0000E+00
    51    29   1.7084E+20   1.0477E-01   2.6209E+01   1.0364E-01   0.0000E+00   0.0000E+00
    51    30   1.2626E+20   1.0694E-01   1.9452E+01   1.0664E-01   0.0000E+00   0.0000E+00
    51    31   8.8336E+19   1.1158E-01   1.3736E+01   1.0978E-01   0.0000E+00   0.0000E+00
    51    32   5.9234E+19   1.5163E-01   8.5248E+00   1.4148E-01   0.0000E+00   0.0000E+00
    52     1   6.5992E+19   1.8533E-01   9.1012E+00   1.7125E-01   0.0000E+00   0.0000E+00
    52     2   1.0557E+20   1.5881E-01   1.7140E+01   1.5950E-01   0.0000E+00   0.0000E+00
    52     3   1.3365E+20   1.2517E-01   2.3653E+01   1.2036E-01   0.0000E+00   0.0000E+00
    52     4   1.9045E+20   1.2263E-01   2.8444E+01   1.2036E-01   0.0000E+00   0.0000E+00
    52     5   2.1147E+20   1.1878E-01   3.4264E+01   1.2128E-01   0.0000E+00   0.0000E+00
    52     6   2.1265E+20   1.3312E-01   3.5190E+01   1.2963E-01   0.0000E+00   0.0000E+00
    52     7   2.3882E+20   1.1826E-01   4.0328E+01   1.1928E-01   0.0000E+00   0.0000E+00
    52     8   2.7799E+20   1.2614E-01   4.6545E+01   1.2858E-01   0.0000E+00   0.0000E+00
    52     9   2.7571E+20   1.3045E-01   4.3751E+01   1.2871E-01   0.0000E+00   0.0000E+00
    52    10   2.6670E+20   1.3448E-01   4.2252E+01   1.2866E-01   0.0000E+00   0.0000E+00
    52    11   2.2222E+20   1.1373E-01   3.7443E+01   1.1258E-01   0.0000E+00   0.0000E+00
    52    12   2.2210E+20   1.2664E-01   3.8575E+01   1.2083E-01   0.0000E+00   0.0000E+00
    52    13   2.4682E+20   1.2638E-01   4.2488E+01   1.2663E-01   0.0000E+00   0.0000E+00
    52    14   3.0984E+20   1.0734E-01   5.1279E+01   1.0508E-01   0.0000E+00   0.0000E+00
    52    15   2.8498E+20   1.0246E-01   4.9521E+01   1.0031E-01   0.0000E+00   0.0000E+00
    52    16   2.6898E+20   1.0243E-01   4.7096E+01   9.7792E-02   0.0000E+00   0.0000E+00
    52    17   2.9008E+20   1.0228E-01   5.0804E+01   9.8070E-02   0.0000E+00   0.0000E+00
    52    18   2.6353E+20   1.0975E-01   4.5217E+01   1.0365E-01   0.0000E+00   0.0000E+00
    52    19   2.6762E+20   1.0024E-01   4.3364E+01   9.9522E-02   0.0000E+00   0.0000E+00
    52    20   3.1235E+20   9.6767E-02   4.9170E+01   9.4800E-02   0.0000E+00   0.0000E+00
    52    21   2.7300E+20   9.3042E-02   4.3648E+01   9.1064E-02   0.0000E+00   0.0000E+00
    52    22   2.6223E+20   9.2490E-02   4.1541E+01   9.2251E-02   0.0000E+00   0.0000E+00
    52    23   2.6122E+20   8.9588E-02   4.0049E+01   9.0194E-02   0.0000E+00   0.0000E+00
    52    24   2.4537E+20   9.0518E-02   3.8430E+01   8.7645E-02   0.0000E+00   0.0000E+00
    52    25   2.3476E+20   9.6004E-02   3.5117E+01   9.6707E-02   0.0000E+00   0.0000E+00
    52    26   1.9244E+20   1.0757E-01   3.1470E+01   1.0329E-01   0.0000E+00   0.0000E+00
    52    27   1.7805E+20   1.0615E-01   2.7629E+01   1.0411E-01   0.0000E+00   0.0000E+00
    52    28   1.5227E+20   1.0256E-01   2.2688E+01   9.7905E-02   0.0000E+00   0.0000E+00
    52    29   1.5982E+20   1.1346E-01   2.4217E+01   1.0840E-01   0.0000E+00   0.0000E+00
    52    30   1.3812E+20   1.1478E-01   2.0320E+01   1.1114E-01   0.0000E+00   0.0000E+00
    52    31   8.6783E+19   1.1515E-01   1.2951E+01   1.1329E-01   0.0000E+00   0.0000E+00
    52    32   6.2053E+19   1.4943E-01   8.4972E+00   1.4323E-01   0.0000E+00   0.0000E+00
    53     1   6.2781E+19   2.1340E-01   1.0438E+01   2.2311E-01   0.0000E+00   0.0000E+00
    53     2   9.8277E+19   1.7899E-01   1.6320E+01   1.8260E-01   0.0000E+00   0.0000E+00
    53     3   1.1082E+20   1.4760E-01   1.7536E+01   1.4622E-01   0.0000E+00   0.0000E+00
    53     4   1.5395E+20   1.2947E-01   2.4043E+01   1.2549E-01   0.0000E+00   0.0000E+00
    53     5   1.9494E+20   1.3190E-01   2.9913E+01   1.2840E-01   0.0000E+00   0.0000E+00
    53     6   1.9571E+20   1.2796E-01   2.9160E+01   1.2419E-01   0.0000E+00   0.0000E+00
    53     7   2.0282E+20   1.2526E-01   3.1486E+01   1.1978E-01   0.0000E+00   0.0000E+00
    53     8   2.3531E+20   1.2932E-01   3.8336E+01   1.2093E-01   0.0000E+00   0.0000E+00
    53     9   2.2958E+20   1.2380E-01   3.7996E+01   1.2237E-01   0.0000E+00   0.0000E+00
    53    10   2.0853E+20   1.1886E-01   3.2468E+01   1.1604E-01   0.0000E+00   0.0000E+00
    53    11   2.5227E+20   1.2057E-01   3.8308E+01   1.1769E-01   0.0000E+00   0.0000E+00
    53    12   2.6192E+20   1.2717E-01   4.1440E+01   1.2340E-01   0.0000E+00   0.0000E+00
    53    13   2.3009E+20   1.2178E-01   3.8036E+01   1.1733E-01   0.0000E+00   0.0000E+00
    53    14   2.3954E+20   1.1469E-01   4.0457E+01   1.1191E-01   0.0000E+00   0.0000E+00
    53    15   2.6311E+20   1.0920E-01   4.2702E+01   1.0818E-01   0.0000E+00   0.0000E+00
    53    16   2.6533E+20   1.0228E-01   4.3237E+01   9.9525E-02   0.0000E+00   0.0000E+00
    53    17   2.4676E+20   1.0593E-01   4.1415E+01   1.0355E-01   0.0000E+00   0.0000E+00
    53    18   2.3747E+20   1.0820E-01   3.7747E+01   1.0966E-01   0.0000E+00   0.0000E+00
    53    19   2.6178E+20   9.8768E-02   4.1282E+01   9.9206E-02   0.0000E+00   0.0000E+00
    53    20   2.8878E+20   1.0415E-01   4.3751E+01   9.9320E-02   0.0000E+00   0.0000E+00
    53    21   2.6313E+20   9.9470E-02   4.2335E+01   9.8786E-02   0.0000E+00   0.0000E+00
    53    22   2.7002E+20   1.0217E-01   4.3044E+01   9.8733E-02   0.0000E+00   0.0000E+00
    53    23   2.6189E+20   9.5175E-02   4.1440E+01   9.1679E-02   0.0000E+00   0.0000E+00
    53    24   2.4320E+20   9.3356E-02   3.7892E+01   8.9472E-02   0.0000E+00   0.0000E+00
    53    25   2.2397E+20   9.5949E-02   3.2249E+01   9.3120E-02   0.0000E+00   0.0000E+00
    53    26   1.9096E+20   1.1457E-01   2.9104E+01   1.1427E-01   0.0000E+00   0.0000E+00
    53    27   1.8220E+20   1.1011E-01   2.7434E+01   1.0784E-01   0.0000E+00   0.0000E+00
    53    28   1.6858E+20   1.0099E-01   2.5112E+01   9.5711E-02   0.0000E+00   0.0000E+00
    53    29   1.2917E+20   1.0671E-01   1.9211E+01   1.0381E-01   0.0000E+00   0.0000E+00
    53    30   1.3157E+20   1.1360E-01   1.9634E+01   1.0660E-01   0.0000E+00   0.0000E+00
    53    31   8.5250E+19   1.2214E-01   1.2382E+01   1.1887E-01   0.0000E+00   0.0000E+00
    53    32   4.1471E+19   1.5631E-01   6.6151E+00   1.5745E-01   0.0000E+00   0.0000E+00
    54     1   5.1722E+19   1.9188E-01   8.5420E+00   1.9344E-01   0.0000E+00   0.0000E+00
    54     2   9.7450E+19   1.6272E-01   1.4360E+01   1.6384E-01   0.0000E+00   0.0000E+00
    54     3   1.1628E+20   1.4131E-01   1.7984E+01   1.4508E-01   0.0000E+00   0.0000E+00
    54     4   1.3752E+20   1.4065E-01   2.1275E+01   1.4453E-01   0.0000E+00   0.0000E+00
    54     5   1.7180E+20   1.4827E-01   2.9470E+01   1.4311E-01   0.0000E+00   0.0000E+00
    54     6   1.8732E+20   1.3694E-01   3.1637E+01   1.3576E-01   0.0000E+00   0.0000E+00
    54     7   1.8565E+20   1.3119E-01   2.7857E+01   1.2452E-01   0.0000E+00   0.0000E+00
    54     8   2.2298E+20   1.2324E-01   3.4089E+01   1.2272E-01   0.0000E+00   0.0000E+00
    54     9   2.4198E+20   1.2060E-01   3.8652E+01   1.1882E-01   0.0000E+00   0.0000E+00
    54    10   2.4424E+20   1.1638E-01   3.8482E+01   1.1664E-01   0.0000E+00   0.0000E+00
    54    11   2.3062E+20   1.1839E-01   3.8160E+01   1.1887E-01   0.0000E+00   0.0000E+00
    54    12   2.4327E+20   1.1726E-01   3.6610E+01   1.1852E-01   0.0000E+00   0.0000E+00
    54    13   2.1376E+20   1.2607E-01   3.5284E+01   1.2250E-01   0.0000E+00   0.0000E+00
    54    14   2.3147E+20   1.1511E-01   3.9524E+01   1.1248E-01   0.0000E+00   0.0000E+00
    54    15   2.3211E+20   1.1471E-01   3.5246E+01   1.0989E-01   0.0000E+00   0.0000E+00
    54    16   2.3760E+20   1.0369E-01   3.7053E+01   1.0394E-01   0.0000E+00   0.0000E+00
    54    17   2.4342E+20   1.0971E-01   3.7953E+01   1.1158E-01   0.0000E+00   0.0000E+00
    54    18   2.4767E+20   1.0435E-01   4.1296E+01   1.0319E-01   0.0000E+00   0.0000E+00
    54    19   2.5236E+20   1.0951E-01   4.1357E+01   1.1286E-01   0.0000E+00   0.0000E+00
    54    20   2.9613E+20   1.0298E-01   4.5327E+01   1.0414E-01   0.0000E+00   0.0000E+00
    54    21   2.6865E+20   1.0702E-01   4.3356E+01   1.0573E-01   0.0000E+00   0.0000E+00
    54    22   2.5403E+20   1.0402E-01   4.0291E+01   1.0039E-01   0.0000E+00   0.0000E+00
    54    23   2.4862E+20   9.5390E-02   3.8519E+01   9.4288E-02   0.0000E+00   0.0000E+00
    54    24   2.3036E+20   1.0220E-01   3.5222E+01   9.6723E-02   0.0000E+00   0.0000E+00
    54    25   2.0428E+20   1.0066E-01   3.1671E+01   9.5719E-02   0.0000E+00   0.0000E+00
    54    26   1.7549E+20   1.0618E-01   2.8083E+01   1.0673E-01   0.0000E+00   0.0000E+00
    54    27   1.7315E+20   1.1100E-01   2.7087E+01   1.0748E-01   0.0000E+00   0.0000E+00
    54    28   1.5690E+20   1.0676E-01   2.3427E+01   1.0458E-01   0.0000E+00   0.0000E+00
    54    29   1.3232E+20   1.1631E-01   1.9106E+01   1.1453E-01   0.0000E+00   0.0000E+00
    54    30   1.2258E+20   1.1529E-01   1.7733E+01   1.1154E-01   0.0000E+00   0.0000E+00
    54    31   7.1653E+19   1.1735E-01   1.0621E+01   1.1345E-01   0.0000E+00   0.0000E+00
    54    32   4.4077E+19   1.6171E-01   6.1208E+00   1.5860E-01   0.0000E+00   0.0000E+00
    55     1   4.8827E+19   1.9134E-01   8.2145E+00   1.8265E-01   0.0000E+00   0.0000E+00
    55     2   6.7815E+19   1.9947E-01   9.7569E+00   1.9752E-01   0.0000E+00   0.0000E+00
    55     3   8.8488E+19   1.5529E-01   1.3854E+01   1.6020E-01   0.0000E+00   0.0000E+00
    55     4   1.0113E+20   1.5135E-01   1.5795E+01   1.4821E-01   0.0000E+00   0.0000E+00
    55     5   1.1829E+20   1.4082E-01   1.8744E+01   1.3335E-01   0.0000E+00   0.0000E+00
    55     6   1.5641E+20   1.5434E-01   2.3923E+01   1.4954E-01   0.0000E+00   0.0000E+00
    55     7   1.3959E+20   1.4908E-01   2.2011E+01   1.4188E-01   0.0000E+00   0.0000E+00
    55     8   2.0761E+20   1.3434E-01   3.0710E+01   1.2795E-01   0.0000E+00   0.0000E+00
    55     9   2.0414E+20   1.1783E-01   3.1385E+01   1.1911E-01   0.0000E+00   0.0000E+00
    55    10   2.1670E+20   1.2517E-01   3.3906E+01   1.2137E-01   0.0000E+00   0.0000E+00
    55    11   2.5380E+20   1.2761E-01   3.8202E+01   1.2478E-01   0.0000E+00   0.0000E+00
    55    12   2.0201E+20   1.3233E-01   3.3078E+01   1.3120E-01   0.0000E+00   0.0000E+00
    55    13   1.9141E+20   1.2343E-01   3.2138E+01   1.2337E-01   0.0000E+00   0.0000E+00
    55    14   2.3995E+20   1.1838E-01   3.8718E+01   1.1494E-01   0.0000E+00   0.0000E+00
    55    15   2.4213E+20   1.1199E-01   3.7173E+01   1.0874E-01   0.0000E+00   0.0000E+00
    55    16   2.2109E+20   1.1010E-01   3.5497E+01   1.0882E-01   0.0000E+00   0.0000E+00
    55    17   2.0863E+20   1.1821E-01   3.4090E+01   1.1015E-01   0.0000E+00   0.0000E+00
    55    18   2.1926E+20   1.1844E-01   3.6297E+01   1.1353E-01   0.0000E+00   0.0000E+00
    55    19   2.5639E+20   1.1416E-01   4.0465E+01   1.1103E-01   0.0000E+00   0.0000E+00
    55    20   2.8828E+20   1.0838E-01   4.4878E+01   1.0194E-01   0.0000E+00   0.0000E+00
    55    21   2.6087E+20   1.0272E-01   4.1283E+01   1.0321E-01   0.0000E+00   0.0000E+00
    55    22   2.3397E+20   1.0788E-01   3.7195E+01   1.1032E-01   0.0000E+00   0.0000E+00
    55    23   2.3961E+20   1.0088E-01   3.6832E+01   1.0021E-01   0.0000E+00   0.0000E+00
    55    24   2.1117E+20   9.7755E-02   3.2460E+01   9.5032E-02   0.0000E+00   0.0000E+00
    55    25   2.0395E+20   1.0525E-01   3.0388E+01   1.0225E-01   0.0000E+00   0.0000E+00
    55    26   1.8206E+20   1.0934E-01   2.8835E+01   1.0869E-01   0.0000E+00   0.0000E+00
    55    27   1.7547E+20   1.1129E-01   2.5736E+01   1.0940E-01   0.0000E+00   0.0000E+00
    55    28   1.2993E+20   1.1451E-01   1.8976E+01   1.1129E-01   0.0000E+00   0.0000E+00
    55    29   1.1418E+20   1.1740E-01   1.7118E+01   1.1667E-01   0.0000E+00   0.0000E+00
    55    30   1.2043E+20   1.1933E-01   1.7667E+01   1.1542E-01   0.0000E+00   0.0000E+00
    55    31   8.1228E+19   1.3091E-01   1.1956E+01   1.3461E-01   0.0000E+00   0.0000E+00
    55    32   3.7100E+19   1.5151E-01   5.6295E+00   1.6031E-01   0.0000E+00   0.0000E+00
    56     1   5.0624E+19   1.9244E-01   7.9118E+00   1.8866E-01   0.0000E+00   0.0000E+00
    56     2   6.5610E+19   1.8437E-01   9.6355E+00   1.7822E-01   0.0000E+00   0.0000E+00
    56     3   8.9176E+19   1.5896E-01   1.4039E+01   1.4822E-01   0.0000E+00   0.0000E+00
    56     4   9.5403E+19   1.6199E-01   1.4656E+01   1.5375E-01   0.0000E+00   0.0000E+00
    56     5   9.6961E+19   1.6135E-01   1.5603E+01   1.6307E-01   0.0000E+00   0.0000E+00
    56     6   1.2314E+20   1.6888E-01   1.8698E+01   1.5812E-01   0.0000E+00   0.0000E+00
    56     7   1.2881E+20   1.4746E-01   2.0258E+01   1.3157E-01   0.0000E+00   0.0000E+00
    56     8   1.6203E+20   1.3869E-01   2.4080E+01   1.4078E-01   0.0000E+00   0.0000E+00
    56     9   1.9606E+20   1.3225E-01   2.8974E+01   1.2647E-01   0.0000E+00   0.0000E+00
    56    10   2.1494E+20   1.3004E-01   3.1783E+01   1.3126E-01   0.0000E+00   0.0000E+00
    56    11   2.0586E+20   1.3287E-01   3.2881E+01   1.2860E-01   0.0000E+00   0.0000E+00
    56    12   1.8232E+20   1.4151E-01   2.8818E+01   1.3849E-01   0.0000E+00   0.0000E+00
    56    13   2.1193E+20   1.3489E-01   3.4289E+01   1.3294E-01   0.0000E+00   0.0000E+00
    56    14   2.2636E+20   1.1965E-01   3.5134E+01   1.2240E-01   0.0000E+00   0.0000E+00
    56    15   2.4332E+20   1.1843E-01   3.7307E+01   1.1574E-01   0.0000E+00   0.0000E+00
    56    16   1.9263E+20   1.1932E-01   3.0563E+01   1.1894E-01   0.0000E+00   0.0000E+00
    56    17   1.8594E+20   1.2660E-01   2.8836E+01   1.2798E-01   0.0000E+00   0.0000E+00
    56    18   1.7377E+20   1.1564E-01   2.7491E+01   1.1656E-01   0.0000E+00   0.0000E+00
    56    19   2.0347E+20   1.2045E-01   3.0572E+01   1.1229E-01   0.0000E+00   0.0000E+00
    56    20   2.2903E+20   1.1993E-01   3.6305E+01   1.1874E-01   0.0000E+00   0.0000E+00
    56    21   2.3685E+20   1.1909E-01   3.5903E+01   1.1324E-01   0.0000E+00   0.0000E+00
    56    22   2.1652E+20   1.1445E-01   3.3578E+01   1.1685E-01   0.0000E+00   0.0000E+00
    56    23   2.1965E+20   1.2052E-01   3.4044E+01   1.2352E-01   0.0000E+00   0.0000E+00
    56    24   1.9636E+20   1.1144E-01   2.9332E+01   1.0875E-01   0.0000E+00   0.0000E+00
    56    25   2.0397E+20   1.1757E-01   3.0365E+01   1.1327E-01   0.0000E+00   0.0000E+00
    56    26   1.7939E+20   1.0997E-01   2.6269E+01   1.0460E-01   0.0000E+00   0.0000E+00
    56    27   1.3872E+20   1.1821E-01   2.1314E+01   1.1259E-01   0.0000E+00   0.0000E+00
    56    28   1.0348E+20   1.1758E-01   1.5483E+01   1.1418E-01   0.0000E+00   0.0000E+00
    56    29   1.1563E+20   1.2457E-01   1.6445E+01   1.2058E-01   0.0000E+00   0.0000E+00
    56    30   1.0998E+20   1.1218E-01   1.6038E+01   1.1244E-01   0.0000E+00   0.0000E+00
    56    31   7.8471E+19   1.3758E-01   1.1501E+01   1.3543E-01   0.0000E+00   0.0000E+00
    56    32   3.8035E+19   1.7732E-01   6.0804E+00   1.7344E-01   0.0000E+00   0.0000E+00
    57     1   3.6354E+19   2.5588E-01   5.6134E+00   2.2447E-01   0.0000E+00   0.0000E+00
    57     2   6.1486E+19   2.2760E-01   9.6843E+00   2.4170E-01   0.0000E+00   0.0000E+00
    57     3   6.9246E+19   1.7173E-01   1.1717E+01   1.7325E-01   0.0000E+00   0.0000E+00
    57     4   7.4153E+19   1.7011E-01   1.2249E+01   1.5521E-01   0.0000E+00   0.0000E+00
    57     5   1.0859E+20   1.6609E-01   1.5768E+01   1.6331E-01   0.0000E+00   0.0000E+00
    57     6   1.1490E+20   1.8500E-01   1.8627E+01   1.7114E-01   0.0000E+00   0.0000E+00
    57     7   1.1541E+20   1.6800E-01   1.7064E+01   1.6590E-01   0.0000E+00   0.0000E+00
    57     8   1.2239E+20   1.5074E-01   1.7691E+01   1.3805E-01   0.0000E+00   0.0000E+00
    57     9   1.7188E+20   1.3567E-01   2.3417E+01   1.4048E-01   0.0000E+00   0.0000E+00
    57    10   1.7765E+20   1.4201E-01   2.5408E+01   1.3079E-01   0.0000E+00   0.0000E+00
    57    11   1.8166E+20   1.4489E-01   2.5601E+01   1.3851E-01   0.0000E+00   0.0000E+00
    57    12   2.0765E+20   1.3009E-01   2.9123E+01   1.2404E-01   0.0000E+00   0.0000E+00
    57    13   1.8477E+20   1.4081E-01   3.0339E+01   1.3465E-01   0.0000E+00   0.0000E+00
    57    14   1.9322E+20   1.4037E-01   2.9343E+01   1.3543E-01   0.0000E+00   0.0000E+00
    57    15   1.8691E+20   1.2022E-01   2.9530E+01   1.2295E-01   0.0000E+00   0.0000E+00
    57    16   1.9423E+20   1.3319E-01   2.9358E+01   1.2899E-01   0.0000E+00   0.0000E+00
    57    17   1.8337E+20   1.2254E-01   3.0920E+01   1.1870E-01   0.0000E+00   0.0000E+00
    57    18   1.6359E+20   1.2644E-01   2.5690E+01   1.2542E-01   0.0000E+00   0.0000E+00
    57    19   2.1548E+20   1.2228E-01   3.3058E+01   1.2759E-01   0.0000E+00   0.0000E+00
    57    20   2.2432E+20   1.2236E-01   3.2504E+01   1.1813E-01   0.0000E+00   0.0000E+00
    57    21   2.1560E+20   1.2789E-01   3.2040E+01   1.1870E-01   0.0000E+00   0.0000E+00
    57    22   1.7642E+20   1.1026E-01   2.9517E+01   1.0998E-01   0.0000E+00   0.0000E+00
    57    23   1.9024E+20   1.2479E-01   3.0491E+01   1.2026E-01   0.0000E+00   0.0000E+00
    57    24   1.8071E+20   1.1880E-01   2.7008E+01   1.2018E-01   0.0000E+00   0.0000E+00
    57    25   1.6880E+20   1.1336E-01   2.3918E+01   1.1862E-01   0.0000E+00   0.0000E+00
    57    26   1.4360E+20   1.0806E-01   2.1245E+01   1.0873E-01   0.0000E+00   0.0000E+00
    57    27   1.2407E+20   1.4189E-01   1.7177E+01   1.3068E-01   0.0000E+00   0.0000E+00
    57    28   1.0020E+20   1.4220E-01   1.4566E+01   1.3398E-01   0.0000E+00   0.0000E+00
    57    29   1.0687E+20   1.3444E-01   1.5537E+01   1.2869E-01   0.0000E+00   0.0000E+00
    57    30   9.1660E+19   1.2780E-01   1.3410E+01   1.2213E-01   0.0000E+00   0.0000E+00
    57    31   6.6913E+19   1.3665E-01   9.7897E+00   1.3777E-01   0.0000E+00   0.0000E+00
    57    32   3.4124E+19   1.6418E-01   5.0333E+00   1.5827E-01   0.0000E+00   0.0000E+00
    58     1   3.2314E+19   2.1227E-01   4.4707E+00   2.0146E-01   0.0000E+00   0.0000E+00
    58     2   5.9552E+19   1.8482E-01   8.3307E+00   1.7591E-01   0.0000E+00   0.0000E+00
    58     3   7.7233E+19   1.7830E-01   1.2398E+01   1.7149E-01   0.0000E+00   0.0000E+00
    58     4   8.9480E+19   1.5632E-01   1.2925E+01   1.4894E-01   0.0000E+00   0.0000E+00
    58     5   1.0341E+20   1.6056E-01   1.5164E+01   1.5283E-01   0.0000E+00   0.0000E+00
    58     6   9.3892E+19   1.6076E-01   1.4007E+01   1.5136E-01   0.0000E+00   0.0000E+00
    58     7   1.1571E+20   1.7215E-01   1.8119E+01   1.5786E-01   0.0000E+00   0.0000E+00
    58     8   1.0735E+20   1.5846E-01   1.8010E+01   1.5756E-01   0.0000E+00   0.0000E+00
    58     9   1.4473E+20   1.4232E-01   2.0744E+01   1.3606E-01   0.0000E+00   0.0000E+00
    58    10   1.8163E+20   1.4483E-01   2.5940E+01   1.3495E-01   0.0000E+00   0.0000E+00
    58    11   1.6131E+20   1.2924E-01   2.4417E+01   1.3560E-01   0.0000E+00   0.0000E+00
    58    12   1.7599E+20   1.3800E-01   2.8708E+01   1.3525E-01   0.0000E+00   0.0000E+00
    58    13   1.8806E+20   1.3447E-01   2.7802E+01   1.2953E-01   0.0000E+00   0.0000E+00
    58    14   1.9399E+20   1.4166E-01   2.8406E+01   1.4900E-01   0.0000E+00   0.0000E+00
    58    15   1.8592E+20   1.4430E-01   2.6356E+01   1.3547E-01   0.0000E+00   0.0000E+00
    58    16   1.7205E+20   1.3347E-01   2.5704E+01   1.3375E-01   0.0000E+00   0.0000E+00
    58    17   1.8345E+20   1.3641E-01   2.9847E+01   1.3589E-01   0.0000E+00   0.0000E+00
    58    18   1.8975E+20   1.3526E-01   2.7239E+01   1.3491E-01   0.0000E+00   0.0000E+00
    58    19   1.6437E+20   1.2331E-01   2.4570E+01   1.2889E-01   0.0000E+00   0.0000E+00
    58    20   1.5540E+20   1.2746E-01   2.3264E+01   1.1935E-01   0.0000E+00   0.0000E+00
    58    21   1.9735E+20   1.2424E-01   3.0214E+01   1.2242E-01   0.0000E+00   0.0000E+00
    58    22   2.0017E+20   1.2209E-01   3.2051E+01   1.1924E-01   0.0000E+00   0.0000E+00
    58    23   1.6558E+20   1.2519E-01   2.5958E+01   1.1871E-01   0.0000E+00   0.0000E+00
    58    24   1.7179E+20   1.1829E-01   2.6418E+01   1.1315E-01   0.0000E+00   0.0000E+00
    58    25   1.5582E+20   1.1035E-01   2.3754E+01   1.0920E-01   0.0000E+00   0.0000E+00
    58    26   1.2176E+20   1.1517E-01   1.8918E+01   1.2032E-01   0.0000E+00   0.0000E+00
    58    27   9.6949E+19   1.4773E-01   1.4741E+01   1.3532E-01   0.0000E+00   0.0000E+00
    58    28   1.0014E+20   1.3505E-01   1.3770E+01   1.2529E-01   0.0000E+00   0.0000E+00
    58    29   9.5799E+19   1.4294E-01   1.3423E+01   1.3702E-01   0.0000E+00   0.0000E+00
    58    30   7.9031E+19   1.3046E-01   1.1308E+01   1.2688E-01   0.0000E+00   0.0000E+00
    58    31   5.3580E+19   1.4133E-01   7.5483E+00   1.3364E-01   0.0000E+00   0.0000E+00
    58    32   3.9060E+19   1.9033E-01   5.0398E+00   1.7413E-01   0.0000E+00   0.0000E+00
    59     1   2.4171E+19   2.5281E-01   3.4905E+00   2.7822E-01   0.0000E+00   0.0000E+00
    59     2   5.7700E+19   2.2861E-01   8.6731E+00   2.2019E-01   0.0000E+00   0.0000E+00
    59     3   7.0812E+19   1.7388E-01   1.0748E+01   1.6561E-01   0.0000E+00   0.0000E+00
    59     4   9.2710E+19   1.6180E-01   1.3800E+01   1.6042E-01   0.0000E+00   0.0000E+00
    59     5   9.8617E+19   1.6276E-01   1.5252E+01   1.5473E-01   0.0000E+00   0.0000E+00
    59     6   1.1498E+20   1.5950E-01   1.6574E+01   1.4944E-01   0.0000E+00   0.0000E+00
    59     7   1.0359E+20   1.5358E-01   1.5015E+01   1.5112E-01   0.0000E+00   0.0000E+00
    59     8   1.1013E+20   1.5028E-01   1.5814E+01   1.5626E-01   0.0000E+00   0.0000E+00
    59     9   1.0520E+20   1.5576E-01   1.6563E+01   1.5583E-01   0.0000E+00   0.0000E+00
    59    10   1.3619E+20   1.4311E-01   2.0744E+01   1.4593E-01   0.0000E+00   0.0000E+00
    59    11   1.5216E+20   1.4758E-01   2.3179E+01   1.5159E-01   0.0000E+00   0.0000E+00
    59    12   1.4331E+20   1.5186E-01   2.2147E+01   1.4250E-01   0.0000E+00   0.0000E+00
    59    13   1.5006E+20   1.4180E-01   2.2943E+01   1.3393E-01   0.0000E+00   0.0000E+00
    59    14   1.5051E+20   1.4272E-01   2.6917E+01   1.3802E-01   0.0000E+00   0.0000E+00
    59    15   1.6248E+20   1.6137E-01   2.4324E+01   1.4622E-01   0.0000E+00   0.0000E+00
    59    16   1.8292E+20   1.4251E-01   2.6620E+01   1.3879E-01   0.0000E+00   0.0000E+00
    59    17   1.7040E+20   1.4133E-01   2.4590E+01   1.3497E-01   0.0000E+00   0.0000E+00
    59    18   1.5456E+20   1.4513E-01   2.4035E+01   1.3733E-01   0.0000E+00   0.0000E+00
    59    19   1.1116E+20   1.4210E-01   1.8037E+01   1.4095E-01   0.0000E+00   0.0000E+00
    59    20   1.1647E+20   1.2720E-01   1.9224E+01   1.2535E-01   0.0000E+00   0.0000E+00
    59    21   1.7059E+20   1.2360E-01   2.6397E+01   1.2372E-01   0.0000E+00   0.0000E+00
    59    22   1.5727E+20   1.2748E-01   2.4060E+01   1.2101E-01   0.0000E+00   0.0000E+00
    59    23   1.3160E+20   1.3128E-01   2.0137E+01   1.1778E-01   0.0000E+00   0.0000E+00
    59    24   1.5643E+20   1.1519E-01   2.2957E+01   1.1390E-01   0.0000E+00   0.0000E+00
    59    25   1.5599E+20   1.1130E-01   2.3395E+01   1.1204E-01   0.0000E+00   0.0000E+00
    59    26   1.1694E+20   1.1369E-01   1.7108E+01   1.1441E-01   0.0000E+00   0.0000E+00
    59    27   9.6113E+19   1.2482E-01   1.3809E+01   1.1523E-01   0.0000E+00   0.0000E+00
    59    28   7.9439E+19   1.3436E-01   1.1637E+01   1.2913E-01   0.0000E+00   0.0000E+00
    59    29   9.0009E+19   1.3897E-01   1.2902E+01   1.3679E-01   0.0000E+00   0.0000E+00
    59    30   6.6969E+19   1.3566E-01   1.0118E+01   1.3471E-01   0.0000E+00   0.0000E+00
    59    31   4.7876E+19   1.5591E-01   6.5023E+00   1.4609E-01   0.0000E+00   0.0000E+00
    59    32   3.3396E+19   1.7571E-01   5.1152E+00   1.7341E-01   0.0000E+00   0.0000E+00
    60     1   2.9766E+19   2.4324E-01   4.0426E+00   2.5895E-01   0.0000E+00   0.0000E+00
    60     2   5.9839E+19   2.1478E-01   7.8285E+00   2.1481E-01   0.0000E+00   0.0000E+00
    60     3   6.5153E+19   1.8941E-01   9.4523E+00   1.8132E-01   0.0000E+00   0.0000E+00
    60     4   9.2194E+19   1.7565E-01   1.3169E+01   1.5815E-01   0.0000E+00   0.0000E+00
    60     5   9.5791E+19   1.6091E-01   1.4516E+01   1.6494E-01   0.0000E+00   0.0000E+00
    60     6   1.1504E+20   1.6392E-01   1.8088E+01   1.4607E-01   0.0000E+00   0.0000E+00
    60     7   9.0723E+19   1.5810E-01   1.4516E+01   1.5538E-01   0.0000E+00   0.0000E+00
    60     8   8.7839E+19   1.5115E-01   1.3903E+01   1.4765E-01   0.0000E+00   0.0000E+00
    60     9   1.2571E+20   1.7364E-01   1.7477E+01   1.8364E-01   0.0000E+00   0.0000E+00
    60    10   1.2705E+20   1.5743E-01   1.9856E+01   1.5466E-01   0.0000E+00   0.0000E+00
    60    11   1.3345E+20   1.5762E-01   1.9620E+01   1.6910E-01   0.0000E+00   0.0000E+00
    60    12   1.3790E+20   1.6199E-01   2.1438E+01   1.5858E-01   0.0000E+00   0.0000E+00
    60    13   1.4776E+20   1.5256E-01   2.2015E+01   1.4970E-01   0.0000E+00   0.0000E+00
    60    14   1.0062E+20   1.5030E-01   1.8123E+01   1.5022E-01   0.0000E+00   0.0000E+00
    60    15   1.3552E+20   1.5789E-01   1.8683E+01   1.4316E-01   0.0000E+00   0.0000E+00
    60    16   1.4734E+20   1.4711E-01   2.3014E+01   1.4336E-01   0.0000E+00   0.0000E+00
    60    17   1.2168E+20   1.3718E-01   1.9377E+01   1.3636E-01   0.0000E+00   0.0000E+00
    60    18   1.3232E+20   1.5438E-01   1.9762E+01   1.4853E-01   0.0000E+00   0.0000E+00
    60    19   1.3000E+20   1.5513E-01   2.0328E+01   1.5034E-01   0.0000E+00   0.0000E+00
    60    20   1.0601E+20   1.4010E-01   1.6444E+01   1.2681E-01   0.0000E+00   0.0000E+00
    60    21   1.3031E+20   1.4458E-01   2.0914E+01   1.3722E-01   0.0000E+00   0.0000E+00
    60    22   1.2029E+20   1.3019E-01   1.7191E+01   1.3120E-01   0.0000E+00   0.0000E+00
    60    23   1.2034E+20   1.2145E-01   1.7218E+01   1.2057E-01   0.0000E+00   0.0000E+00
    60    24   9.9244E+19   1.2960E-01   1.4325E+01   1.2196E-01   0.0000E+00   0.0000E+00
    60    25   1.1412E+20   1.2059E-01   1.5946E+01   1.1769E-01   0.0000E+00   0.0000E+00
    60    26   8.6798E+19   1.2349E-01   1.2741E+01   1.2235E-01   0.0000E+00   0.0000E+00
    60    27   8.0039E+19   1.1620E-01   1.1811E+01   1.1582E-01   0.0000E+00   0.0000E+00
    60    28   7.2390E+19   1.2970E-01   1.0205E+01   1.3179E-01   0.0000E+00   0.0000E+00
    60    29   7.9792E+19   1.5003E-01   1.1682E+01   1.4734E-01   0.0000E+00   0.0000E+00
    60    30   5.3315E+19   1.3478E-01   8.3348E+00   1.3265E-01   0.0000E+00   0.0000E+00
    60    31   4.0710E+19   1.4974E-01   5.5835E+00   1.5719E-01   0.0000E+00   0.0000E+00
    60    32   2.1012E+19   1.6491E-01   3.1656E+00   1.6251E-01   0.0000E+00   0.0000E+00
    61     1   1.7427E+19   3.5699E-01   2.9843E+00   3.2492E-01   0.0000E+00   0.0000E+00
    61     2   3.9771E+19   2.5163E-01   6.0227E+00   2.2286E-01   0.0000E+00   0.0000E+00
    61     3   6.0067E+19   1.9019E-01   8.1625E+00   1.5985E-01   0.0000E+00   0.0000E+00
    61     4   7.9609E+19   1.7139E-01   1.2211E+01   1.6990E-01   0.0000E+00   0.0000E+00
    61     5   9.1187E+19   2.2492E-01   1.3169E+01   1.9818E-01   0.0000E+00   0.0000E+00
    61     6   1.0359E+20   1.6264E-01   1.5652E+01   1.5105E-01   0.0000E+00   0.0000E+00
    61     7   6.8183E+19   1.6896E-01   1.1299E+01   1.6144E-01   0.0000E+00   0.0000E+00
    61     8   8.5664E+19   1.8174E-01   1.2462E+01   1.6905E-01   0.0000E+00   0.0000E+00
    61     9   1.2829E+20   1.9098E-01   1.7200E+01   1.8617E-01   0.0000E+00   0.0000E+00
    61    10   8.2411E+19   1.7359E-01   1.4368E+01   1.6123E-01   0.0000E+00   0.0000E+00
    61    11   1.0945E+20   1.6367E-01   1.7676E+01   1.7258E-01   0.0000E+00   0.0000E+00
    61    12   1.1712E+20   1.4753E-01   1.6271E+01   1.4575E-01   0.0000E+00   0.0000E+00
    61    13   1.1012E+20   1.6404E-01   1.5754E+01   1.5170E-01   0.0000E+00   0.0000E+00
    61    14   8.8396E+19   1.5754E-01   1.5620E+01   1.5788E-01   0.0000E+00   0.0000E+00
    61    15   1.1464E+20   1.5001E-01   1.5277E+01   1.3978E-01   0.0000E+00   0.0000E+00
    61    16   1.0832E+20   1.5994E-01   1.5093E+01   1.4860E-01   0.0000E+00   0.0000E+00
    61    17   9.6533E+19   1.4769E-01   1.4081E+01   1.4773E-01   0.0000E+00   0.0000E+00
    61    18   1.1376E+20   1.6218E-01   1.7524E+01   1.6079E-01   0.0000E+00   0.0000E+00
    61    19   1.0232E+20   1.7226E-01   1.5796E+01   1.7248E-01   0.0000E+00   0.0000E+00
    61    20   9.5296E+19   1.4976E-01   1.6055E+01   1.5247E-01   0.0000E+00   0.0000E+00
    61    21   9.6136E+19   1.3267E-01   1.5612E+01   1.2592E-01   0.0000E+00   0.0000E+00
    61    22   1.0066E+20   1.5189E-01   1.5797E+01   1.4775E-01   0.0000E+00   0.0000E+00
    61    23   9.6824E+19   1.3290E-01   1.3943E+01   1.2652E-01   0.0000E+00   0.0000E+00
    61    24   7.9138E+19   1.3466E-01   1.1550E+01   1.3020E-01   0.0000E+00   0.0000E+00
    61    25   8.2791E+19   1.2931E-01   1.1642E+01   1.2517E-01   0.0000E+00   0.0000E+00
    61    26   6.4402E+19   1.2593E-01   9.5398E+00   1.2439E-01   0.0000E+00   0.0000E+00
    61    27   6.8809E+19   1.4313E-01   1.0160E+01   1.2818E-01   0.0000E+00   0.0000E+00
    61    28   5.4608E+19   1.3582E-01   8.1765E+00   1.2680E-01   0.0000E+00   0.0000E+00
    61    29   6.3640E+19   1.5232E-01   8.7002E+00   1.5594E-01   0.0000E+00   0.0000E+00
    61    30   4.7510E+19   1.4548E-01   6.9981E+00   1.4856E-01   0.0000E+00   0.0000E+00
    61    31   3.5405E+19   1.5265E-01   5.5048E+00   1.6878E-01   0.0000E+00   0.0000E+00
    61    32   2.1829E+19   2.2110E-01   2.9774E+00   1.8179E-01   0.0000E+00   0.0000E+00
    62     1   1.5593E+19   2.8039E-01   2.9637E+00   2.9283E-01   0.0000E+00   0.0000E+00
    62     2   2.8120E+19   2.1044E-01   4.5247E+00   2.2188E-01   0.0000E+00   0.0000E+00
    62     3   3.7666E+19   1.7956E-01   6.5201E+00   1.6376E-01   0.0000E+00   0.0000E+00
    62     4   7.5087E+19   1.8021E-01   1.2202E+01   1.7659E-01   0.0000E+00   0.0000E+00
    62     5   5.6848E+19   1.7366E-01   8.9460E+00   1.8099E-01   0.0000E+00   0.0000E+00
    62     6   7.2103E+19   1.8361E-01   1.1013E+01   1.7617E-01   0.0000E+00   0.0000E+00
    62     7   7.0416E+19   2.4280E-01   1.1483E+01   2.1213E-01   0.0000E+00   0.0000E+00
    62     8   8.4826E+19   1.8019E-01   1.2662E+01   1.5798E-01   0.0000E+00   0.0000E+00
    62     9   7.7162E+19   1.9353E-01   1.2998E+01   1.7275E-01   0.0000E+00   0.0000E+00
    62    10   9.6700E+19   1.9174E-01   1.5309E+01   1.6717E-01   0.0000E+00   0.0000E+00
    62    11   9.3599E+19   2.0750E-01   1.4837E+01   1.9918E-01   0.0000E+00   0.0000E+00
    62    12   1.1469E+20   1.6207E-01   1.4623E+01   1.6417E-01   0.0000E+00   0.0000E+00
    62    13   6.7462E+19   1.4631E-01   1.1646E+01   1.4910E-01   0.0000E+00   0.0000E+00
    62    14   6.5554E+19   1.5971E-01   1.0533E+01   1.5210E-01   0.0000E+00   0.0000E+00
    62    15   7.6497E+19   1.5754E-01   1.1901E+01   1.4724E-01   0.0000E+00   0.0000E+00
    62    16   8.0901E+19   1.8300E-01   1.0810E+01   1.6739E-01   0.0000E+00   0.0000E+00
    62    17   7.4002E+19   1.8267E-01   1.0913E+01   1.7280E-01   0.0000E+00   0.0000E+00
    62    18   8.0340E+19   1.5962E-01   1.1666E+01   1.5380E-01   0.0000E+00   0.0000E+00
    62    19   6.6395E+19   1.5777E-01   1.2184E+01   1.5352E-01   0.0000E+00   0.0000E+00
    62    20   1.1295E+20   1.7121E-01   1.5152E+01   1.5583E-01   0.0000E+00   0.0000E+00
    62    21   8.4341E+19   1.8479E-01   1.2525E+01   1.6777E-01   0.0000E+00   0.0000E+00
    62    22   7.9530E+19   1.4946E-01   1.3255E+01   1.7997E-01   0.0000E+00   0.0000E+00
    62    23   8.4008E+19   1.4867E-01   1.1425E+01   1.4027E-01   0.0000E+00   0.0000E+00
    62    24   7.4476E+19   1.4666E-01   1.1246E+01   1.4704E-01   0.0000E+00   0.0000E+00
    62    25   6.4825E+19   1.3776E-01   1.0179E+01   1.2530E-01   0.0000E+00   0.0000E+00
    62    26   4.4410E+19   1.4222E-01   6.7309E+00   1.4163E-01   0.0000E+00   0.0000E+00
    62    27   5.9955E+19   1.6376E-01   7.9009E+00   1.4572E-01   0.0000E+00   0.0000E+00
    62    28   4.1377E+19   1.2828E-01   6.6085E+00   1.2344E-01   0.0000E+00   0.0000E+00
    62    29   4.8670E+19   1.4898E-01   6.9100E+00   1.5133E-01   0.0000E+00   0.0000E+00
    62    30   3.5307E+19   1.5460E-01   5.6325E+00   1.4484E-01   0.0000E+00   0.0000E+00
    62    31   3.0759E+19   1.5318E-01   4.2936E+00   1.5494E-01   0.0000E+00   0.0000E+00
    62    32   1.4575E+19   1.8056E-01   2.3487E+00   1.6969E-01   0.0000E+00   0.0000E+00
    63     1   1.4882E+19   2.5653E-01   3.1298E+00   3.0418E-01   0.0000E+00   0.0000E+00
    63     2   2.4597E+19   2.3503E-01   4.6325E+00   2.2972E-01   0.0000E+00   0.0000E+00
    63     3   3.6043E+19   1.8874E-01   5.9661E+00   1.5904E-01   0.0000E+00   0.0000E+00
    63     4   4.4085E+19   1.7830E-01   7.6846E+00   1.5847E-01   0.0000E+00   0.0000E+00
    63     5   5.2863E+19   2.6415E-01   8.4172E+00   2.3828E-01   0.0000E+00   0.0000E+00
    63     6   5.2325E+19   1.8561E-01   7.7959E+00   1.6475E-01   0.0000E+00   0.0000E+00
    63     7   6.8624E+19   1.9543E-01   9.4181E+00   1.7345E-01   0.0000E+00   0.0000E+00
    63     8   6.5951E+19   1.5949E-01   1.1553E+01   1.5906E-01   0.0000E+00   0.0000E+00
    63     9   6.3258E+19   1.6806E-01   1.1264E+01   1.6332E-01   0.0000E+00   0.0000E+00
    63    10   7.5067E+19   1.6052E-01   1.2540E+01   1.6159E-01   0.0000E+00   0.0000E+00
    63    11   7.1700E+19   1.8927E-01   9.6169E+00   1.7559E-01   0.0000E+00   0.0000E+00
    63    12   7.7716E+19   2.2658E-01   1.1072E+01   1.9178E-01   0.0000E+00   0.0000E+00
    63    13   6.2589E+19   1.8664E-01   1.0179E+01   1.7372E-01   0.0000E+00   0.0000E+00
    63    14   7.1633E+19   1.8593E-01   9.8282E+00   1.6100E-01   0.0000E+00   0.0000E+00
    63    15   8.0742E+19   2.1565E-01   1.1315E+01   1.8699E-01   0.0000E+00   0.0000E+00
    63    16   4.4708E+19   1.8973E-01   6.5604E+00   1.8355E-01   0.0000E+00   0.0000E+00
    63    17   6.1743E+19   1.7306E-01   9.2452E+00   1.5542E-01   0.0000E+00   0.0000E+00
    63    18   4.3203E+19   1.8693E-01   7.3399E+00   1.6891E-01   0.0000E+00   0.0000E+00
    63    19   5.8773E+19   1.9073E-01   1.0218E+01   1.5252E-01   0.0000E+00   0.0000E+00
    63    20   5.1914E+19   1.6887E-01   8.9253E+00   1.6418E-01   0.0000E+00   0.0000E+00
    63    21   6.9809E+19   1.6570E-01   1.1828E+01   1.5688E-01   0.0000E+00   0.0000E+00
    63    22   6.4025E+19   1.6700E-01   1.0392E+01   1.3752E-01   0.0000E+00   0.0000E+00
    63    23   6.6494E+19   1.5388E-01   9.3694E+00   1.3216E-01   0.0000E+00   0.0000E+00
    63    24   6.0382E+19   1.4034E-01   9.5488E+00   1.3029E-01   0.0000E+00   0.0000E+00
    63    25   4.5778E+19   1.4739E-01   7.8622E+00   1.4965E-01   0.0000E+00   0.0000E+00
    63    26   4.6437E+19   1.3577E-01   7.2787E+00   1.2962E-01   0.0000E+00   0.0000E+00
    63    27   4.8061E+19   1.6428E-01   6.7175E+00   1.3674E-01   0.0000E+00   0.0000E+00
    63    28   3.3712E+19   1.3635E-01   5.1130E+00   1.1945E-01   0.0000E+00   0.0000E+00
    63    29   3.5091E+19   1.7402E-01   5.1257E+00   1.6110E-01   0.0000E+00   0.0000E+00
    63    30   2.7230E+19   1.4768E-01   4.1424E+00   1.4159E-01   0.0000E+00   0.0000E+00
    63    31   2.5384E+19   1.6929E-01   3.9423E+00   1.6025E-01   0.0000E+00   0.0000E+00
    63    32   1.3324E+19   1.6417E-01   2.6017E+00   1.6853E-01   0.0000E+00   0.0000E+00
    64     1   1.1744E+19   2.4149E-01   2.7717E+00   2.6721E-01   0.0000E+00   0.0000E+00
    64     2   2.3024E+19   2.1022E-01   3.7201E+00   1.9840E-01   0.0000E+00   0.0000E+00
    64     3   3.0399E+19   1.7727E-01   5.9541E+00   1.6955E-01   0.0000E+00   0.0000E+00
    64     4   3.6589E+19   2.3350E-01   6.1615E+00   1.6603E-01   0.0000E+00   0.0000E+00
    64     5   3.4432E+19   2.5545E-01   6.2475E+00   2.2950E-01   0.0000E+00   0.0000E+00
    64     6   5.6941E+19   1.9664E-01   8.7436E+00   1.8329E-01   0.0000E+00   0.0000E+00
    64     7   5.4157E+19   2.2526E-01   8.6920E+00   2.1096E-01   0.0000E+00   0.0000E+00
    64     8   4.7834E+19   1.7177E-01   8.4581E+00   1.8305E-01   0.0000E+00   0.0000E+00
    64     9   4.4488E+19   1.8133E-01   8.4465E+00   1.6136E-01   0.0000E+00   0.0000E+00
    64    10   4.0506E+19   1.6426E-01   7.7688E+00   1.6473E-01   0.0000E+00   0.0000E+00
    64    11   5.9672E+19   2.0746E-01   7.7757E+00   1.8057E-01   0.0000E+00   0.0000E+00
    64    12   6.0355E+19   2.2148E-01   9.0356E+00   1.8364E-01   0.0000E+00   0.0000E+00
    64    13   6.0329E+19   1.6826E-01   9.6417E+00   1.5575E-01   0.0000E+00   0.0000E+00
    64    14   4.8244E+19   1.8641E-01   7.9405E+00   1.8529E-01   0.0000E+00   0.0000E+00
    64    15   5.4952E+19   2.5181E-01   6.7377E+00   1.7815E-01   0.0000E+00   0.0000E+00
    64    16   4.5987E+19   1.9929E-01   6.6100E+00   1.8508E-01   0.0000E+00   0.0000E+00
    64    17   4.8179E+19   1.7755E-01   9.1197E+00   2.2632E-01   0.0000E+00   0.0000E+00
    64    18   4.6481E+19   1.9169E-01   8.3756E+00   1.8887E-01   0.0000E+00   0.0000E+00
    64    19   4.3962E+19   2.1066E-01   7.5384E+00   1.7528E-01   0.0000E+00   0.0000E+00
    64    20   4.3775E+19   1.6775E-01   7.2021E+00   1.4926E-01   0.0000E+00   0.0000E+00
    64    21   5.7103E+19   1.4862E-01   8.8670E+00   1.4655E-01   0.0000E+00   0.0000E+00
    64    22   6.3160E+19   1.5210E-01   1.0475E+01   1.4728E-01   0.0000E+00   0.0000E+00
    64    23   5.0130E+19   1.4466E-01   8.2756E+00   1.3685E-01   0.0000E+00   0.0000E+00
    64    24   4.8424E+19   1.5474E-01   7.0576E+00   1.2050E-01   0.0000E+00   0.0000E+00
    64    25   4.2570E+19   1.5057E-01   6.7779E+00   1.5146E-01   0.0000E+00   0.0000E+00
    64    26   3.8818E+19   1.5301E-01   7.3910E+00   1.4679E-01   0.0000E+00   0.0000E+00
    64    27   2.9645E+19   1.4650E-01   4.8503E+00   1.4332E-01   0.0000E+00   0.0000E+00
    64    28   3.3927E+19   1.5185E-01   5.3224E+00   1.2880E-01   0.0000E+00   0.0000E+00
    64    29   2.8825E+19   1.3870E-01   4.7531E+00   1.4739E-01   0.0000E+00   0.0000E+00
    64    30   3.1956E+19   1.8320E-01   4.5171E+00   1.6217E-01   0.0000E+00   0.0000E+00
    64    31   1.9825E+19   1.6086E-01   3.2318E+00   1.5184E-01   0.0000E+00   0.0000E+00
    64    32   1.1775E+19   1.7983E-01   2.5003E+00   2.2446E-01   0.0000E+00   0.0000E+00
     1     1   0.0000E+00   0.0000E+00   0.0000E+00   0.0000E+00   0.0000E+00   0.0000E+00
     1     2   0.0000E+00   0.0000E+00   0.0000E+00   0.0000E+00   0.0000E+00   0.0000E+00
     1     3   0.0000E+00   0.0000E+00   0.0000E+00   0.0000E+00   0.0000E+00   0.0000E+00
     1     4   0.0000E+00   0.0000E+00   0.0000E+00   0.0000E+00   0.0000E+00   0.0000E+00
     1     5   0.0000E+00   0.0000E+00   0.0000E+00   0.0000E+00   0.0000E+00   0.0000E+00
     1     6   0.0000E+00   0.0000E+00   0.0000E+00   0.0000E+00   0.0000E+00   0.0000E+00
     1     7   0.0000E+00   0.0000E+00   0.0000E+00   0.0000E+00   0.0000E+00   0.0000E+00
     1     8   0.0000E+00   0.0000E+00   0.0000E+00   0.0000E+00   0.0000E+00   0.0000E+00
     1     9   0.0000E+00   0.0000E+00   0.0000E+00   0.0000E+00   0.0000E+00   0.0000E+00
     1    10   0.0000E+00   0.0000E+00   0.0000E+00   0.0000E+00   0.0000E+00   0.0000E+00
     1    11   0.0000E+00   0.0000E+00   0.0000E+00   0.0000E+00   0.0000E+00   0.0000E+00
     1    12   0.0000E+00   0.0000E+00   0.0000E+00   0.0000E+00   0.0000E+00   0.0000E+00
     1    13   0.0000E+00   0.0000E+00   0.0000E+00   0.0000E+00   0.0000E+00   0.0000E+00
     1    14   0.0000E+00   0.0000E+00   0.0000E+00   0.0000E+00   0.0000E+00   0.0000E+00
     1    15   0.0000E+00   0.0000E+00   0.0000E+00   0.0000E+00   0.0000E+00   0.0000E+00
     1    16   0.0000E+00   0.0000E+00   0.0000E+00   0.0000E+00   0.0000E+00   0.0000E+00
     1    17   0.0000E+00   0.0000E+00   0.0000E+00   0.0000E+00   0.0000E+00   0.0000E+00
     1    18   0.0000E+00   0.0000E+00   0.0000E+00   0.0000E+00   0.0000E+00   0.0000E+00
     1    19   0.0000E+00   0.0000E+00   0.0000E+00   0.0000E+00   0.0000E+00   0.0000E+00
     1    20   0.0000E+00   0.0000E+00   0.0000E+00   0.0000E+00   0.0000E+00   0.0000E+00
     1    21   0.0000E+00   0.0000E+00   0.0000E+00   0.0000E+00   0.0000E+00   0.0000E+00
     1    22   0.0000E+00   0.0000E+00   0.0000E+00   0.0000E+00   0.0000E+00   0.0000E+00
     1    23   0.0000E+00   0.0000E+00   0.0000E+00   0.0000E+00   0.0000E+00   0.0000E+00
     1    24   0.0000E+00   0.0000E+00   0.0000E+00   0.0000E+00   0.0000E+00   0.0000E+00
     1    25   0.0000E+00   0.0000E+00   0.0000E+00   0.0000E+00   0.0000E+00   0.0000E+00
     1    26   0.0000E+00   0.0000E+00   0.0000E+00   0.0000E+00   0.0000E+00   0.0000E+00
     1    27   0.0000E+00   0.0000E+00   0.0000E+00   0.0000E+00   0.0000E+00   0.0000E+00
     1    28   0.0000E+00   0.0000E+00   0.0000E+00   0.0000E+00   0.0000E+00   0.0000E+00
     1    29   0.0000E+00   0.0000E+00   0.0000E+00   0.0000E+00   0.0000E+00   0.0000E+00
     1    30   0.0000E+00   0.0000E+00   0.0000E+00   0.0000E+00   0.0000E+00   0.0000E+00
     1    31   0.0000E+00   0.0000E+00   0.0000E+00   0.0000E+00   0.0000E+00   0.0000E+00
     1    32   0.0000E+00   0.0000E+00   0.0000E+00   0.0000E+00   0.0000E+00   0.0000E+00
     2     1   0.0000E+00   0.0000E+00   0.0000E+00   0.0000E+00   0.0000E+00   0.0000E+00
     2     2   0.0000E+00   0.0000E+00   0.0000E+00   0.0000E+00   0.0000E+00   0.0000E+00
     2     3   0.0000E+00   0.0000E+00   0.0000E+00   0.0000E+00   0.0000E+00   0.0000E+00
     2     4   0.0000E+00   0.0000E+00   0.0000E+00   0.0000E+00   0.0000E+00   0.0000E+00
     2     5   0.0000E+00   0.0000E+00   0.0000E+00   0.0000E+00   0.0000E+00   0.0000E+00
     2     6   0.0000E+00   0.0000E+00   0.0000E+00   0.0000E+00   0.0000E+00   0.0000E+00
     2     7   0.0000E+00   0.0000E+00   0.0000E+00   0.0000E+00   0.0000E+00   0.0000E+00
     2     8   0.0000E+00   0.0000E+00   0.0000E+00   0.0000E+00   0.0000E+00   0.0000E+00
     2     9   0.0000E+00   0.0000E+00   0.0000E+00   0.0000E+00   0.0000E+00   0.0000E+00
     2    10   0.0000E+00   0.0000E+00   0.0000E+00   0.0000E+00   0.0000E+00   0.0000E+00
     2    11   0.0000E+00   0.0000E+00   0.0000E+00   0.0000E+00   0.0000E+00   0.0000E+00
     2    12   0.0000E+00   0.0000E+00   0.0000E+00   0.0000E+00   0.0000E+00   0.0000E+00
     2    13   0.0000E+00   0.0000E+00   0.0000E+00   0.0000E+00   0.0000E+00   0.0000E+00
     2    14   0.0000E+00   0.0000E+00   0.0000E+00   0.0000E+00   0.0000E+00   0.0000E+00
     2    15   0.0000E+00   0.0000E+00   0.0000E+00   0.0000E+00   0.0000E+00   0.0000E+00
     2    16   0.0000E+00   0.0000E+00   0.0000E+00   0.0000E+00   0.0000E+00   0.0000E+00
     2    17   0.0000E+00   0.0000E+00   0.0000E+00   0.0000E+00   0.0000E+00   0.0000E+00
     2    18   0.0000E+00   0.0000E+00   0.0000E+00   0.0000E+00   0.0000E+00   0.0000E+00
     2    19   0.0000E+00   0.0000E+00   0.0000E+00   0.0000E+00   0.0000E+00   0.0000E+00
     2    20   0.0000E+00   0.0000E+00   0.0000E+00   0.0000E+00   0.0000E+00   0.0000E+00
     2    21   0.0000E+00   0.0000E+00   0.0000E+00   0.0000E+00   0.0000E+00   0.0000E+00
     2    22   0.0000E+00   0.0000E+00   0.0000E+00   0.0000E+00   0.0000E+00   0.0000E+00
     2    23   0.0000E+00   0.0000E+00   0.0000E+00   0.0000E+00   0.0000E+00   0.0000E+00
     2    24   0.0000E+00   0.0000E+00   0.0000E+00   0.0000E+00   0.0000E+00   0.0000E+00
     2    25   0.0000E+00   0.0000E+00   0.0000E+00   0.0000E+00   0.0000E+00   0.0000E+00
     2    26   0.0000E+00   0.0000E+00   0.0000E+00   0.0000E+00   0.0000E+00   0.0000E+00
     2    27   0.0000E+00   0.0000E+00   0.0000E+00   0.0000E+00   0.0000E+00   0.0000E+00
     2    28   0.0000E+00   0.0000E+00   0.0000E+00   0.0000E+00   0.0000E+00   0.0000E+00
     2    29   0.0000E+00   0.0000E+00   0.0000E+00   0.0000E+00   0.0000E+00   0.0000E+00
     2    30   0.0000E+00   0.0000E+00   0.0000E+00   0.0000E+00   0.0000E+00   0.0000E+00
     2    31   0.0000E+00   0.0000E+00   0.0000E+00   0.0000E+00   0.0000E+00   0.0000E+00
     2    32   0.0000E+00   0.0000E+00   0.0000E+00   0.0000E+00   0.0000E+00   0.0000E+00
     3     1   0.0000E+00   0.0000E+00   0.0000E+00   0.0000E+00   0.0000E+00   0.0000E+00
     3     2   0.0000E+00   0.0000E+00   0.0000E+00   0.0000E+00   0.0000E+00   0.0000E+00
     3     3   0.0000E+00   0.0000E+00   0.0000E+00   0.0000E+00   0.0000E+00   0.0000E+00
     3     4   0.0000E+00   0.0000E+00   0.0000E+00   0.0000E+00   0.0000E+00   0.0000E+00
     3     5   0.0000E+00   0.0000E+00   0.0000E+00   0.0000E+00   0.0000E+00   0.0000E+00
     3     6   0.0000E+00   0.0000E+00   0.0000E+00   0.0000E+00   0.0000E+00   0.0000E+00
     3     7   0.0000E+00   0.0000E+00   0.0000E+00   0.0000E+00   0.0000E+00   0.0000E+00
     3     8   0.0000E+00   0.0000E+00   0.0000E+00   0.0000E+00   0.0000E+00   0.0000E+00
     3     9   0.0000E+00   0.0000E+00   0.0000E+00   0.0000E+00   0.0000E+00   0.0000E+00
     3    10   0.0000E+00   0.0000E+00   0.0000E+00   0.0000E+00   0.0000E+00   0.0000E+00
     3    11   0.0000E+00   0.0000E+00   0.0000E+00   0.0000E+00   0.0000E+00   0.0000E+00
     3    12   0.0000E+00   0.0000E+00   0.0000E+00   0.0000E+00   0.0000E+00   0.0000E+00
     3    13   0.0000E+00   0.0000E+00   0.0000E+00   0.0000E+00   0.0000E+00   0.0000E+00
     3    14   0.0000E+00   0.0000E+00   0.0000E+00   0.0000E+00   0.0000E+00   0.0000E+00
     3    15   0.0000E+00   0.0000E+00   0.0000E+00   0.0000E+00   0.0000E+00   0.0000E+00
     3    16   0.0000E+00   0.0000E+00   0.0000E+00   0.0000E+00   0.0000E+00   0.0000E+00
     3    17   0.0000E+00   0.0000E+00   0.0000E+00   0.0000E+00   0.0000E+00   0.0000E+00
     3    18   0.0000E+00   0.0000E+00   0.0000E+00   0.0000E+00   0.0000E+00   0.0000E+00
     3    19   0.0000E+00   0.0000E+00   0.0000E+00   0.0000E+00   0.0000E+00   0.0000E+00
     3    20   0.0000E+00   0.0000E+00   0.0000E+00   0.0000E+00   0.0000E+00   0.0000E+00
     3    21   0.0000E+00   0.0000E+00   0.0000E+00   0.0000E+00   0.0000E+00   0.0000E+00
     3    22   0.0000E+00   0.0000E+00   0.0000E+00   0.0000E+00   0.0000E+00   0.0000E+00
     3    23   0.0000E+00   0.0000E+00   0.0000E+00   0.0000E+00   0.0000E+00   0.0000E+00
     3    24   0.0000E+00   0.0000E+00   0.0000E+00   0.0000E+00   0.0000E+00   0.0000E+00
     3    25   0.0000E+00   0.0000E+00   0.0000E+00   0.0000E+00   0.0000E+00   0.0000E+00
     3    26   0.0000E+00   0.0000E+00   0.0000E+00   0.0000E+00   0.0000E+00   0.0000E+00
     3    27   0.0000E+00   0.0000E+00   0.0000E+00   0.0000E+00   0.0000E+00   0.0000E+00
     3    28   0.0000E+00   0.0000E+00   0.0000E+00   0.0000E+00   0.0000E+00   0.0000E+00
     3    29   0.0000E+00   0.0000E+00   0.0000E+00   0.0000E+00   0.0000E+00   0.0000E+00
     3    30   0.0000E+00   0.0000E+00   0.0000E+00   0.0000E+00   0.0000E+00   0.0000E+00
     3    31   0.0000E+00   0.0000E+00   0.0000E+00   0.0000E+00   0.0000E+00   0.0000E+00
     3    32   0.0000E+00   0.0000E+00   0.0000E+00   0.0000E+00   0.0000E+00   0.0000E+00
     4     1   0.0000E+00   0.0000E+00   0.0000E+00   0.0000E+00   0.0000E+00   0.0000E+00
     4     2   0.0000E+00   0.0000E+00   0.0000E+00   0.0000E+00   0.0000E+00   0.0000E+00
     4     3   0.0000E+00   0.0000E+00   0.0000E+00   0.0000E+00   0.0000E+00   0.0000E+00
     4     4   0.0000E+00   0.0000E+00   0.0000E+00   0.0000E+00   0.0000E+00   0.0000E+00
     4     5   0.0000E+00   0.0000E+00   0.0000E+00   0.0000E+00   0.0000E+00   0.0000E+00
     4     6   0.0000E+00   0.0000E+00   0.0000E+00   0.0000E+00   0.0000E+00   0.0000E+00
     4     7   0.0000E+00   0.0000E+00   0.0000E+00   0.0000E+00   0.0000E+00   0.0000E+00
     4     8   0.0000E+00   0.0000E+00   0.0000E+00   0.0000E+00   0.0000E+00   0.0000E+00
     4     9   0.0000E+00   0.0000E+00   0.0000E+00   0.0000E+00   0.0000E+00   0.0000E+00
     4    10   0.0000E+00   0.0000E+00   0.0000E+00   0.0000E+00   0.0000E+00   0.0000E+00
     4    11   0.0000E+00   0.0000E+00   0.0000E+00   0.0000E+00   0.0000E+00   0.0000E+00
     4    12   0.0000E+00   0.0000E+00   0.0000E+00   0.0000E+00   0.0000E+00   0.0000E+00
     4    13   0.0000E+00   0.0000E+00   0.0000E+00   0.0000E+00   0.0000E+00   0.0000E+00
     4    14   0.0000E+00   0.0000E+00   0.0000E+00   0.0000E+00   0.0000E+00   0.0000E+00
     4    15   0.0000E+00   0.0000E+00   0.0000E+00   0.0000E+00   0.0000E+00   0.0000E+00
     4    16   0.0000E+00   0.0000E+00   0.0000E+00   0.0000E+00   0.0000E+00   0.0000E+00
     4    17   0.0000E+00   0.0000E+00   0.0000E+00   0.0000E+00   0.0000E+00   0.0000E+00
     4    18   0.0000E+00   0.0000E+00   0.0000E+00   0.0000E+00   0.0000E+00   0.0000E+00
     4    19   0.0000E+00   0.0000E+00   0.0000E+00   0.0000E+00   0.0000E+00   0.0000E+00
     4    20   0.0000E+00   0.0000E+00   0.0000E+00   0.0000E+00   0.0000E+00   0.0000E+00
     4    21   0.0000E+00   0.0000E+00   0.0000E+00   0.0000E+00   0.0000E+00   0.0000E+00
     4    22   0.0000E+00   0.0000E+00   0.0000E+00   0.0000E+00   0.0000E+00   0.0000E+00
     4    23   0.0000E+00   0.0000E+00   0.0000E+00   0.0000E+00   0.0000E+00   0.0000E+00
     4    24   0.0000E+00   0.0000E+00   0.0000E+00   0.0000E+00   0.0000E+00   0.0000E+00
     4    25   0.0000E+00   0.0000E+00   0.0000E+00   0.0000E+00   0.0000E+00   0.0000E+00
     4    26   0.0000E+00   0.0000E+00   0.0000E+00   0.0000E+00   0.0000E+00   0.0000E+00
     4    27   0.0000E+00   0.0000E+00   0.0000E+00   0.0000E+00   0.0000E+00   0.0000E+00
     4    28   0.0000E+00   0.0000E+00   0.0000E+00   0.0000E+00   0.0000E+00   0.0000E+00
     4    29   0.0000E+00   0.0000E+00   0.0000E+00   0.0000E+00   0.0000E+00   0.0000E+00
     4    30   0.0000E+00   0.0000E+00   0.0000E+00   0.0000E+00   0.0000E+00   0.0000E+00
     4    31   0.0000E+00   0.0000E+00   0.0000E+00   0.0000E+00   0.0000E+00   0.0000E+00
     4    32   0.0000E+00   0.0000E+00   0.0000E+00   0.0000E+00   0.0000E+00   0.0000E+00
     5     1   0.0000E+00   0.0000E+00   0.0000E+00   0.0000E+00   0.0000E+00   0.0000E+00
     5     2   0.0000E+00   0.0000E+00   0.0000E+00   0.0000E+00   0.0000E+00   0.0000E+00
     5     3   0.0000E+00   0.0000E+00   0.0000E+00   0.0000E+00   0.0000E+00   0.0000E+00
     5     4   0.0000E+00   0.0000E+00   0.0000E+00   0.0000E+00   0.0000E+00   0.0000E+00
     5     5   0.0000E+00   0.0000E+00   0.0000E+00   0.0000E+00   0.0000E+00   0.0000E+00
     5     6   0.0000E+00   0.0000E+00   0.0000E+00   0.0000E+00   0.0000E+00   0.0000E+00
     5     7   0.0000E+00   0.0000E+00   0.0000E+00   0.0000E+00   0.0000E+00   0.0000E+00
     5     8   0.0000E+00   0.0000E+00   0.0000E+00   0.0000E+00   0.0000E+00   0.0000E+00
     5     9   0.0000E+00   0.0000E+00   0.0000E+00   0.0000E+00   0.0000E+00   0.0000E+00
     5    10   0.0000E+00   0.0000E+00   0.0000E+00   0.0000E+00   0.0000E+00   0.0000E+00
     5    11   0.0000E+00   0.0000E+00   0.0000E+00   0.0000E+00   0.0000E+00   0.0000E+00
     5    12   0.0000E+00   0.0000E+00   0.0000E+00   0.0000E+00   0.0000E+00   0.0000E+00
     5    13   0.0000E+00   0.0000E+00   0.0000E+00   0.0000E+00   0.0000E+00   0.0000E+00
     5    14   0.0000E+00   0.0000E+00   0.0000E+00   0.0000E+00   0.0000E+00   0.0000E+00
     5    15   0.0000E+00   0.0000E+00   0.0000E+00   0.0000E+00   0.0000E+00   0.0000E+00
     5    16   0.0000E+00   0.0000E+00   0.0000E+00   0.0000E+00   0.0000E+00   0.0000E+00
     5    17   0.0000E+00   0.0000E+00   0.0000E+00   0.0000E+00   0.0000E+00   0.0000E+00
     5    18   0.0000E+00   0.0000E+00   0.0000E+00   0.0000E+00   0.0000E+00   0.0000E+00
     5    19   0.0000E+00   0.0000E+00   0.0000E+00   0.0000E+00   0.0000E+00   0.0000E+00
     5    20   0.0000E+00   0.0000E+00   0.0000E+00   0.0000E+00   0.0000E+00   0.0000E+00
     5    21   0.0000E+00   0.0000E+00   0.0000E+00   0.0000E+00   0.0000E+00   0.0000E+00
     5    22   0.0000E+00   0.0000E+00   0.0000E+00   0.0000E+00   0.0000E+00   0.0000E+00
     5    23   0.0000E+00   0.0000E+00   0.0000E+00   0.0000E+00   0.0000E+00   0.0000E+00
     5    24   0.0000E+00   0.0000E+00   0.0000E+00   0.0000E+00   0.0000E+00   0.0000E+00
     5    25   0.0000E+00   0.0000E+00   0.0000E+00   0.0000E+00   0.0000E+00   0.0000E+00
     5    26   0.0000E+00   0.0000E+00   0.0000E+00   0.0000E+00   0.0000E+00   0.0000E+00
     5    27   0.0000E+00   0.0000E+00   0.0000E+00   0.0000E+00   0.0000E+00   0.0000E+00
     5    28   0.0000E+00   0.0000E+00   0.0000E+00   0.0000E+00   0.0000E+00   0.0000E+00
     5    29   0.0000E+00   0.0000E+00   0.0000E+00   0.0000E+00   0.0000E+00   0.0000E+00
     5    30   0.0000E+00   0.0000E+00   0.0000E+00   0.0000E+00   0.0000E+00   0.0000E+00
     5    31   0.0000E+00   0.0000E+00   0.0000E+00   0.0000E+00   0.0000E+00   0.0000E+00
     5    32   0.0000E+00   0.0000E+00   0.0000E+00   0.0000E+00   0.0000E+00   0.0000E+00
     6     1   0.0000E+00   0.0000E+00   0.0000E+00   0.0000E+00   0.0000E+00   0.0000E+00
     6     2   0.0000E+00   0.0000E+00   0.0000E+00   0.0000E+00   0.0000E+00   0.0000E+00
     6     3   0.0000E+00   0.0000E+00   0.0000E+00   0.0000E+00   0.0000E+00   0.0000E+00
     6     4   0.0000E+00   0.0000E+00   0.0000E+00   0.0000E+00   0.0000E+00   0.0000E+00
     6     5   0.0000E+00   0.0000E+00   0.0000E+00   0.0000E+00   0.0000E+00   0.0000E+00
     6     6   0.0000E+00   0.0000E+00   0.0000E+00   0.0000E+00   0.0000E+00   0.0000E+00
     6     7   0.0000E+00   0.0000E+00   0.0000E+00   0.0000E+00   0.0000E+00   0.0000E+00
     6     8   0.0000E+00   0.0000E+00   0.0000E+00   0.0000E+00   0.0000E+00   0.0000E+00
     6     9   0.0000E+00   0.0000E+00   0.0000E+00   0.0000E+00   0.0000E+00   0.0000E+00
     6    10   0.0000E+00   0.0000E+00   0.0000E+00   0.0000E+00   0.0000E+00   0.0000E+00
     6    11   0.0000E+00   0.0000E+00   0.0000E+00   0.0000E+00   0.0000E+00   0.0000E+00
     6    12   0.0000E+00   0.0000E+00   0.0000E+00   0.0000E+00   0.0000E+00   0.0000E+00
     6    13   0.0000E+00   0.0000E+00   0.0000E+00   0.0000E+00   0.0000E+00   0.0000E+00
     6    14   0.0000E+00   0.0000E+00   0.0000E+00   0.0000E+00   0.0000E+00   0.0000E+00
     6    15   0.0000E+00   0.0000E+00   0.0000E+00   0.0000E+00   0.0000E+00   0.0000E+00
     6    16   0.0000E+00   0.0000E+00   0.0000E+00   0.0000E+00   0.0000E+00   0.0000E+00
     6    17   0.0000E+00   0.0000E+00   0.0000E+00   0.0000E+00   0.0000E+00   0.0000E+00
     6    18   0.0000E+00   0.0000E+00   0.0000E+00   0.0000E+00   0.0000E+00   0.0000E+00
     6    19   0.0000E+00   0.0000E+00   0.0000E+00   0.0000E+00   0.0000E+00   0.0000E+00
     6    20   0.0000E+00   0.0000E+00   0.0000E+00   0.0000E+00   0.0000E+00   0.0000E+00
     6    21   0.0000E+00   0.0000E+00   0.0000E+00   0.0000E+00   0.0000E+00   0.0000E+00
     6    22   0.0000E+00   0.0000E+00   0.0000E+00   0.0000E+00   0.0000E+00   0.0000E+00
     6    23   0.0000E+00   0.0000E+00   0.0000E+00   0.0000E+00   0.0000E+00   0.0000E+00
     6    24   0.0000E+00   0.0000E+00   0.0000E+00   0.0000E+00   0.0000E+00   0.0000E+00
     6    25   0.0000E+00   0.0000E+00   0.0000E+00   0.0000E+00   0.0000E+00   0.0000E+00
     6    26   0.0000E+00   0.0000E+00   0.0000E+00   0.0000E+00   0.0000E+00   0.0000E+00
     6    27   0.0000E+00   0.0000E+00   0.0000E+00   0.0000E+00   0.0000E+00   0.0000E+00
     6    28   0.0000E+00   0.0000E+00   0.0000E+00   0.0000E+00   0.0000E+00   0.0000E+00
     6    29   0.0000E+00   0.0000E+00   0.0000E+00   0.0000E+00   0.0000E+00   0.0000E+00
     6    30   0.0000E+00   0.0000E+00   0.0000E+00   0.0000E+00   0.0000E+00   0.0000E+00
     6    31   0.0000E+00   0.0000E+00   0.0000E+00   0.0000E+00   0.0000E+00   0.0000E+00
     6    32   0.0000E+00   0.0000E+00   0.0000E+00   0.0000E+00   0.0000E+00   0.0000E+00
     7     1   0.0000E+00   0.0000E+00   0.0000E+00   0.0000E+00   0.0000E+00   0.0000E+00
     7     2   0.0000E+00   0.0000E+00   0.0000E+00   0.0000E+00   0.0000E+00   0.0000E+00
     7     3   0.0000E+00   0.0000E+00   0.0000E+00   0.0000E+00   0.0000E+00   0.0000E+00
     7     4   0.0000E+00   0.0000E+00   0.0000E+00   0.0000E+00   0.0000E+00   0.0000E+00
     7     5   0.0000E+00   0.0000E+00   0.0000E+00   0.0000E+00   0.0000E+00   0.0000E+00
     7     6   0.0000E+00   0.0000E+00   0.0000E+00   0.0000E+00   0.0000E+00   0.0000E+00
     7     7   0.0000E+00   0.0000E+00   0.0000E+00   0.0000E+00   0.0000E+00   0.0000E+00
     7     8   0.0000E+00   0.0000E+00   0.0000E+00   0.0000E+00   0.0000E+00   0.0000E+00
     7     9   0.0000E+00   0.0000E+00   0.0000E+00   0.0000E+00   0.0000E+00   0.0000E+00
     7    10   0.0000E+00   0.0000E+00   0.0000E+00   0.0000E+00   0.0000E+00   0.0000E+00
     7    11   0.0000E+00   0.0000E+00   0.0000E+00   0.0000E+00   0.0000E+00   0.0000E+00
     7    12   0.0000E+00   0.0000E+00   0.0000E+00   0.0000E+00   0.0000E+00   0.0000E+00
     7    13   0.0000E+00   0.0000E+00   0.0000E+00   0.0000E+00   0.0000E+00   0.0000E+00
     7    14   0.0000E+00   0.0000E+00   0.0000E+00   0.0000E+00   0.0000E+00   0.0000E+00
     7    15   0.0000E+00   0.0000E+00   0.0000E+00   0.0000E+00   0.0000E+00   0.0000E+00
     7    16   0.0000E+00   0.0000E+00   0.0000E+00   0.0000E+00   0.0000E+00   0.0000E+00
     7    17   0.0000E+00   0.0000E+00   0.0000E+00   0.0000E+00   0.0000E+00   0.0000E+00
     7    18   0.0000E+00   0.0000E+00   0.0000E+00   0.0000E+00   0.0000E+00   0.0000E+00
     7    19   0.0000E+00   0.0000E+00   0.0000E+00   0.0000E+00   0.0000E+00   0.0000E+00
     7    20   0.0000E+00   0.0000E+00   0.0000E+00   0.0000E+00   0.0000E+00   0.0000E+00
     7    21   0.0000E+00   0.0000E+00   0.0000E+00   0.0000E+00   0.0000E+00   0.0000E+00
     7    22   0.0000E+00   0.0000E+00   0.0000E+00   0.0000E+00   0.0000E+00   0.0000E+00
     7    23   0.0000E+00   0.0000E+00   0.0000E+00   0.0000E+00   0.0000E+00   0.0000E+00
     7    24   0.0000E+00   0.0000E+00   0.0000E+00   0.0000E+00   0.0000E+00   0.0000E+00
     7    25   0.0000E+00   0.0000E+00   0.0000E+00   0.0000E+00   0.0000E+00   0.0000E+00
     7    26   0.0000E+00   0.0000E+00   0.0000E+00   0.0000E+00   0.0000E+00   0.0000E+00
     7    27   0.0000E+00   0.0000E+00   0.0000E+00   0.0000E+00   0.0000E+00   0.0000E+00
     7    28   0.0000E+00   0.0000E+00   0.0000E+00   0.0000E+00   0.0000E+00   0.0000E+00
     7    29   0.0000E+00   0.0000E+00   0.0000E+00   0.0000E+00   0.0000E+00   0.0000E+00
     7    30   0.0000E+00   0.0000E+00   0.0000E+00   0.0000E+00   0.0000E+00   0.0000E+00
     7    31   0.0000E+00   0.0000E+00   0.0000E+00   0.0000E+00   0.0000E+00   0.0000E+00
     7    32   0.0000E+00   0.0000E+00   0.0000E+00   0.0000E+00   0.0000E+00   0.0000E+00
     8     1   0.0000E+00   0.0000E+00   0.0000E+00   0.0000E+00   0.0000E+00   0.0000E+00
     8     2   0.0000E+00   0.0000E+00   0.0000E+00   0.0000E+00   0.0000E+00   0.0000E+00
     8     3   0.0000E+00   0.0000E+00   0.0000E+00   0.0000E+00   0.0000E+00   0.0000E+00
     8     4   0.0000E+00   0.0000E+00   0.0000E+00   0.0000E+00   0.0000E+00   0.0000E+00
     8     5   0.0000E+00   0.0000E+00   0.0000E+00   0.0000E+00   0.0000E+00   0.0000E+00
     8     6   0.0000E+00   0.0000E+00   0.0000E+00   0.0000E+00   0.0000E+00   0.0000E+00
     8     7   0.0000E+00   0.0000E+00   0.0000E+00   0.0000E+00   0.0000E+00   0.0000E+00
     8     8   0.0000E+00   0.0000E+00   0.0000E+00   0.0000E+00   0.0000E+00   0.0000E+00
     8     9   0.0000E+00   0.0000E+00   0.0000E+00   0.0000E+00   0.0000E+00   0.0000E+00
     8    10   0.0000E+00   0.0000E+00   0.0000E+00   0.0000E+00   0.0000E+00   0.0000E+00
     8    11   0.0000E+00   0.0000E+00   0.0000E+00   0.0000E+00   0.0000E+00   0.0000E+00
     8    12   0.0000E+00   0.0000E+00   0.0000E+00   0.0000E+00   0.0000E+00   0.0000E+00
     8    13   0.0000E+00   0.0000E+00   0.0000E+00   0.0000E+00   0.0000E+00   0.0000E+00
     8    14   0.0000E+00   0.0000E+00   0.0000E+00   0.0000E+00   0.0000E+00   0.0000E+00
     8    15   0.0000E+00   0.0000E+00   0.0000E+00   0.0000E+00   0.0000E+00   0.0000E+00
     8    16   0.0000E+00   0.0000E+00   0.0000E+00   0.0000E+00   0.0000E+00   0.0000E+00
     8    17   0.0000E+00   0.0000E+00   0.0000E+00   0.0000E+00   0.0000E+00   0.0000E+00
     8    18   0.0000E+00   0.0000E+00   0.0000E+00   0.0000E+00   0.0000E+00   0.0000E+00
     8    19   0.0000E+00   0.0000E+00   0.0000E+00   0.0000E+00   0.0000E+00   0.0000E+00
     8    20   0.0000E+00   0.0000E+00   0.0000E+00   0.0000E+00   0.0000E+00   0.0000E+00
     8    21   0.0000E+00   0.0000E+00   0.0000E+00   0.0000E+00   0.0000E+00   0.0000E+00
     8    22   0.0000E+00   0.0000E+00   0.0000E+00   0.0000E+00   0.0000E+00   0.0000E+00
     8    23   0.0000E+00   0.0000E+00   0.0000E+00   0.0000E+00   0.0000E+00   0.0000E+00
     8    24   0.0000E+00   0.0000E+00   0.0000E+00   0.0000E+00   0.0000E+00   0.0000E+00
     8    25   0.0000E+00   0.0000E+00   0.0000E+00   0.0000E+00   0.0000E+00   0.0000E+00
     8    26   0.0000E+00   0.0000E+00   0.0000E+00   0.0000E+00   0.0000E+00   0.0000E+00
     8    27   0.0000E+00   0.0000E+00   0.0000E+00   0.0000E+00   0.0000E+00   0.0000E+00
     8    28   0.0000E+00   0.0000E+00   0.0000E+00   0.0000E+00   0.0000E+00   0.0000E+00
     8    29   0.0000E+00   0.0000E+00   0.0000E+00   0.0000E+00   0.0000E+00   0.0000E+00
     8    30   0.0000E+00   0.0000E+00   0.0000E+00   0.0000E+00   0.0000E+00   0.0000E+00
     8    31   0.0000E+00   0.0000E+00   0.0000E+00   0.0000E+00   0.0000E+00   0.0000E+00
     8    32   0.0000E+00   0.0000E+00   0.0000E+00   0.0000E+00   0.0000E+00   0.0000E+00
     9     1   0.0000E+00   0.0000E+00   0.0000E+00   0.0000E+00   0.0000E+00   0.0000E+00
     9     2   0.0000E+00   0.0000E+00   0.0000E+00   0.0000E+00   0.0000E+00   0.0000E+00
     9     3   0.0000E+00   0.0000E+00   0.0000E+00   0.0000E+00   0.0000E+00   0.0000E+00
     9     4   0.0000E+00   0.0000E+00   0.0000E+00   0.0000E+00   0.0000E+00   0.0000E+00
     9     5   0.0000E+00   0.0000E+00   0.0000E+00   0.0000E+00   0.0000E+00   0.0000E+00
     9     6   0.0000E+00   0.0000E+00   0.0000E+00   0.0000E+00   0.0000E+00   0.0000E+00
     9     7   0.0000E+00   0.0000E+00   0.0000E+00   0.0000E+00   0.0000E+00   0.0000E+00
     9     8   0.0000E+00   0.0000E+00   0.0000E+00   0.0000E+00   0.0000E+00   0.0000E+00
     9     9   0.0000E+00   0.0000E+00   0.0000E+00   0.0000E+00   0.0000E+00   0.0000E+00
     9    10   0.0000E+00   0.0000E+00   0.0000E+00   0.0000E+00   0.0000E+00   0.0000E+00
     9    11   0.0000E+00   0.0000E+00   0.0000E+00   0.0000E+00   0.0000E+00   0.0000E+00
     9    12   0.0000E+00   0.0000E+00   0.0000E+00   0.0000E+00   0.0000E+00   0.0000E+00
     9    13   0.0000E+00   0.0000E+00   0.0000E+00   0.0000E+00   0.0000E+00   0.0000E+00
     9    14   0.0000E+00   0.0000E+00   0.0000E+00   0.0000E+00   0.0000E+00   0.0000E+00
     9    15   0.0000E+00   0.0000E+00   0.0000E+00   0.0000E+00   0.0000E+00   0.0000E+00
     9    16   0.0000E+00   0.0000E+00   0.0000E+00   0.0000E+00   0.0000E+00   0.0000E+00
     9    17   0.0000E+00   0.0000E+00   0.0000E+00   0.0000E+00   0.0000E+00   0.0000E+00
     9    18   0.0000E+00   0.0000E+00   0.0000E+00   0.0000E+00   0.0000E+00   0.0000E+00
     9    19   0.0000E+00   0.0000E+00   0.0000E+00   0.0000E+00   0.0000E+00   0.0000E+00
     9    20   0.0000E+00   0.0000E+00   0.0000E+00   0.0000E+00   0.0000E+00   0.0000E+00
     9    21   0.0000E+00   0.0000E+00   0.0000E+00   0.0000E+00   0.0000E+00   0.0000E+00
     9    22   0.0000E+00   0.0000E+00   0.0000E+00   0.0000E+00   0.0000E+00   0.0000E+00
     9    23   0.0000E+00   0.0000E+00   0.0000E+00   0.0000E+00   0.0000E+00   0.0000E+00
     9    24   0.0000E+00   0.0000E+00   0.0000E+00   0.0000E+00   0.0000E+00   0.0000E+00
     9    25   0.0000E+00   0.0000E+00   0.0000E+00   0.0000E+00   0.0000E+00   0.0000E+00
     9    26   0.0000E+00   0.0000E+00   0.0000E+00   0.0000E+00   0.0000E+00   0.0000E+00
     9    27   0.0000E+00   0.0000E+00   0.0000E+00   0.0000E+00   0.0000E+00   0.0000E+00
     9    28   0.0000E+00   0.0000E+00   0.0000E+00   0.0000E+00   0.0000E+00   0.0000E+00
     9    29   0.0000E+00   0.0000E+00   0.0000E+00   0.0000E+00   0.0000E+00   0.0000E+00
     9    30   0.0000E+00   0.0000E+00   0.0000E+00   0.0000E+00   0.0000E+00   0.0000E+00
     9    31   0.0000E+00   0.0000E+00   0.0000E+00   0.0000E+00   0.0000E+00   0.0000E+00
     9    32   0.0000E+00   0.0000E+00   0.0000E+00   0.0000E+00   0.0000E+00   0.0000E+00
    10     1   0.0000E+00   0.0000E+00   0.0000E+00   0.0000E+00   0.0000E+00   0.0000E+00
    10     2   0.0000E+00   0.0000E+00   0.0000E+00   0.0000E+00   0.0000E+00   0.0000E+00
    10     3   0.0000E+00   0.0000E+00   0.0000E+00   0.0000E+00   0.0000E+00   0.0000E+00
    10     4   0.0000E+00   0.0000E+00   0.0000E+00   0.0000E+00   0.0000E+00   0.0000E+00
    10     5   0.0000E+00   0.0000E+00   0.0000E+00   0.0000E+00   0.0000E+00   0.0000E+00
    10     6   0.0000E+00   0.0000E+00   0.0000E+00   0.0000E+00   0.0000E+00   0.0000E+00
    10     7   0.0000E+00   0.0000E+00   0.0000E+00   0.0000E+00   0.0000E+00   0.0000E+00
    10     8   0.0000E+00   0.0000E+00   0.0000E+00   0.0000E+00   0.0000E+00   0.0000E+00
    10     9   0.0000E+00   0.0000E+00   0.0000E+00   0.0000E+00   0.0000E+00   0.0000E+00
    10    10   0.0000E+00   0.0000E+00   0.0000E+00   0.0000E+00   0.0000E+00   0.0000E+00
    10    11   0.0000E+00   0.0000E+00   0.0000E+00   0.0000E+00   0.0000E+00   0.0000E+00
    10    12   0.0000E+00   0.0000E+00   0.0000E+00   0.0000E+00   0.0000E+00   0.0000E+00
    10    13   0.0000E+00   0.0000E+00   0.0000E+00   0.0000E+00   0.0000E+00   0.0000E+00
    10    14   0.0000E+00   0.0000E+00   0.0000E+00   0.0000E+00   0.0000E+00   0.0000E+00
    10    15   0.0000E+00   0.0000E+00   0.0000E+00   0.0000E+00   0.0000E+00   0.0000E+00
    10    16   0.0000E+00   0.0000E+00   0.0000E+00   0.0000E+00   0.0000E+00   0.0000E+00
    10    17   0.0000E+00   0.0000E+00   0.0000E+00   0.0000E+00   0.0000E+00   0.0000E+00
    10    18   0.0000E+00   0.0000E+00   0.0000E+00   0.0000E+00   0.0000E+00   0.0000E+00
    10    19   0.0000E+00   0.0000E+00   0.0000E+00   0.0000E+00   0.0000E+00   0.0000E+00
    10    20   0.0000E+00   0.0000E+00   0.0000E+00   0.0000E+00   0.0000E+00   0.0000E+00
    10    21   0.0000E+00   0.0000E+00   0.0000E+00   0.0000E+00   0.0000E+00   0.0000E+00
    10    22   0.0000E+00   0.0000E+00   0.0000E+00   0.0000E+00   0.0000E+00   0.0000E+00
    10    23   0.0000E+00   0.0000E+00   0.0000E+00   0.0000E+00   0.0000E+00   0.0000E+00
    10    24   0.0000E+00   0.0000E+00   0.0000E+00   0.0000E+00   0.0000E+00   0.0000E+00
    10    25   0.0000E+00   0.0000E+00   0.0000E+00   0.0000E+00   0.0000E+00   0.0000E+00
    10    26   0.0000E+00   0.0000E+00   0.0000E+00   0.0000E+00   0.0000E+00   0.0000E+00
    10    27   0.0000E+00   0.0000E+00   0.0000E+00   0.0000E+00   0.0000E+00   0.0000E+00
    10    28   0.0000E+00   0.0000E+00   0.0000E+00   0.0000E+00   0.0000E+00   0.0000E+00
    10    29   0.0000E+00   0.0000E+00   0.0000E+00   0.0000E+00   0.0000E+00   0.0000E+00
    10    30   0.0000E+00   0.0000E+00   0.0000E+00   0.0000E+00   0.0000E+00   0.0000E+00
    10    31   0.0000E+00   0.0000E+00   0.0000E+00   0.0000E+00   0.0000E+00   0.0000E+00
    10    32   0.0000E+00   0.0000E+00   0.0000E+00   0.0000E+00   0.0000E+00   0.0000E+00
    11     1   0.0000E+00   0.0000E+00   0.0000E+00   0.0000E+00   0.0000E+00   0.0000E+00
    11     2   0.0000E+00   0.0000E+00   0.0000E+00   0.0000E+00   0.0000E+00   0.0000E+00
    11     3   0.0000E+00   0.0000E+00   0.0000E+00   0.0000E+00   0.0000E+00   0.0000E+00
    11     4   0.0000E+00   0.0000E+00   0.0000E+00   0.0000E+00   0.0000E+00   0.0000E+00
    11     5   0.0000E+00   0.0000E+00   0.0000E+00   0.0000E+00   0.0000E+00   0.0000E+00
    11     6   0.0000E+00   0.0000E+00   0.0000E+00   0.0000E+00   0.0000E+00   0.0000E+00
    11     7   0.0000E+00   0.0000E+00   0.0000E+00   0.0000E+00   0.0000E+00   0.0000E+00
    11     8   0.0000E+00   0.0000E+00   0.0000E+00   0.0000E+00   0.0000E+00   0.0000E+00
    11     9   0.0000E+00   0.0000E+00   0.0000E+00   0.0000E+00   0.0000E+00   0.0000E+00
    11    10   0.0000E+00   0.0000E+00   0.0000E+00   0.0000E+00   0.0000E+00   0.0000E+00
    11    11   0.0000E+00   0.0000E+00   0.0000E+00   0.0000E+00   0.0000E+00   0.0000E+00
    11    12   0.0000E+00   0.0000E+00   0.0000E+00   0.0000E+00   0.0000E+00   0.0000E+00
    11    13   0.0000E+00   0.0000E+00   0.0000E+00   0.0000E+00   0.0000E+00   0.0000E+00
    11    14   0.0000E+00   0.0000E+00   0.0000E+00   0.0000E+00   0.0000E+00   0.0000E+00
    11    15   0.0000E+00   0.0000E+00   0.0000E+00   0.0000E+00   0.0000E+00   0.0000E+00
    11    16   0.0000E+00   0.0000E+00   0.0000E+00   0.0000E+00   0.0000E+00   0.0000E+00
    11    17   0.0000E+00   0.0000E+00   0.0000E+00   0.0000E+00   0.0000E+00   0.0000E+00
    11    18   0.0000E+00   0.0000E+00   0.0000E+00   0.0000E+00   0.0000E+00   0.0000E+00
    11    19   0.0000E+00   0.0000E+00   0.0000E+00   0.0000E+00   0.0000E+00   0.0000E+00
    11    20   0.0000E+00   0.0000E+00   0.0000E+00   0.0000E+00   0.0000E+00   0.0000E+00
    11    21   0.0000E+00   0.0000E+00   0.0000E+00   0.0000E+00   0.0000E+00   0.0000E+00
    11    22   0.0000E+00   0.0000E+00   0.0000E+00   0.0000E+00   0.0000E+00   0.0000E+00
    11    23   0.0000E+00   0.0000E+00   0.0000E+00   0.0000E+00   0.0000E+00   0.0000E+00
    11    24   0.0000E+00   0.0000E+00   0.0000E+00   0.0000E+00   0.0000E+00   0.0000E+00
    11    25   0.0000E+00   0.0000E+00   0.0000E+00   0.0000E+00   0.0000E+00   0.0000E+00
    11    26   0.0000E+00   0.0000E+00   0.0000E+00   0.0000E+00   0.0000E+00   0.0000E+00
    11    27   0.0000E+00   0.0000E+00   0.0000E+00   0.0000E+00   0.0000E+00   0.0000E+00
    11    28   0.0000E+00   0.0000E+00   0.0000E+00   0.0000E+00   0.0000E+00   0.0000E+00
    11    29   0.0000E+00   0.0000E+00   0.0000E+00   0.0000E+00   0.0000E+00   0.0000E+00
    11    30   0.0000E+00   0.0000E+00   0.0000E+00   0.0000E+00   0.0000E+00   0.0000E+00
    11    31   0.0000E+00   0.0000E+00   0.0000E+00   0.0000E+00   0.0000E+00   0.0000E+00
    11    32   0.0000E+00   0.0000E+00   0.0000E+00   0.0000E+00   0.0000E+00   0.0000E+00
    12     1   0.0000E+00   0.0000E+00   0.0000E+00   0.0000E+00   0.0000E+00   0.0000E+00
    12     2   0.0000E+00   0.0000E+00   0.0000E+00   0.0000E+00   0.0000E+00   0.0000E+00
    12     3   0.0000E+00   0.0000E+00   0.0000E+00   0.0000E+00   0.0000E+00   0.0000E+00
    12     4   0.0000E+00   0.0000E+00   0.0000E+00   0.0000E+00   0.0000E+00   0.0000E+00
    12     5   0.0000E+00   0.0000E+00   0.0000E+00   0.0000E+00   0.0000E+00   0.0000E+00
    12     6   0.0000E+00   0.0000E+00   0.0000E+00   0.0000E+00   0.0000E+00   0.0000E+00
    12     7   0.0000E+00   0.0000E+00   0.0000E+00   0.0000E+00   0.0000E+00   0.0000E+00
    12     8   0.0000E+00   0.0000E+00   0.0000E+00   0.0000E+00   0.0000E+00   0.0000E+00
    12     9   0.0000E+00   0.0000E+00   0.0000E+00   0.0000E+00   0.0000E+00   0.0000E+00
    12    10   0.0000E+00   0.0000E+00   0.0000E+00   0.0000E+00   0.0000E+00   0.0000E+00
    12    11   0.0000E+00   0.0000E+00   0.0000E+00   0.0000E+00   0.0000E+00   0.0000E+00
    12    12   0.0000E+00   0.0000E+00   0.0000E+00   0.0000E+00   0.0000E+00   0.0000E+00
    12    13   0.0000E+00   0.0000E+00   0.0000E+00   0.0000E+00   0.0000E+00   0.0000E+00
    12    14   0.0000E+00   0.0000E+00   0.0000E+00   0.0000E+00   0.0000E+00   0.0000E+00
    12    15   0.0000E+00   0.0000E+00   0.0000E+00   0.0000E+00   0.0000E+00   0.0000E+00
    12    16   0.0000E+00   0.0000E+00   0.0000E+00   0.0000E+00   0.0000E+00   0.0000E+00
    12    17   0.0000E+00   0.0000E+00   0.0000E+00   0.0000E+00   0.0000E+00   0.0000E+00
    12    18   0.0000E+00   0.0000E+00   0.0000E+00   0.0000E+00   0.0000E+00   0.0000E+00
    12    19   0.0000E+00   0.0000E+00   0.0000E+00   0.0000E+00   0.0000E+00   0.0000E+00
    12    20   0.0000E+00   0.0000E+00   0.0000E+00   0.0000E+00   0.0000E+00   0.0000E+00
    12    21   0.0000E+00   0.0000E+00   0.0000E+00   0.0000E+00   0.0000E+00   0.0000E+00
    12    22   0.0000E+00   0.0000E+00   0.0000E+00   0.0000E+00   0.0000E+00   0.0000E+00
    12    23   0.0000E+00   0.0000E+00   0.0000E+00   0.0000E+00   0.0000E+00   0.0000E+00
    12    24   0.0000E+00   0.0000E+00   0.0000E+00   0.0000E+00   0.0000E+00   0.0000E+00
    12    25   0.0000E+00   0.0000E+00   0.0000E+00   0.0000E+00   0.0000E+00   0.0000E+00
    12    26   0.0000E+00   0.0000E+00   0.0000E+00   0.0000E+00   0.0000E+00   0.0000E+00
    12    27   0.0000E+00   0.0000E+00   0.0000E+00   0.0000E+00   0.0000E+00   0.0000E+00
    12    28   0.0000E+00   0.0000E+00   0.0000E+00   0.0000E+00   0.0000E+00   0.0000E+00
    12    29   0.0000E+00   0.0000E+00   0.0000E+00   0.0000E+00   0.0000E+00   0.0000E+00
    12    30   0.0000E+00   0.0000E+00   0.0000E+00   0.0000E+00   0.0000E+00   0.0000E+00
    12    31   0.0000E+00   0.0000E+00   0.0000E+00   0.0000E+00   0.0000E+00   0.0000E+00
    12    32   0.0000E+00   0.0000E+00   0.0000E+00   0.0000E+00   0.0000E+00   0.0000E+00
    13     1   0.0000E+00   0.0000E+00   0.0000E+00   0.0000E+00   0.0000E+00   0.0000E+00
    13     2   0.0000E+00   0.0000E+00   0.0000E+00   0.0000E+00   0.0000E+00   0.0000E+00
    13     3   0.0000E+00   0.0000E+00   0.0000E+00   0.0000E+00   0.0000E+00   0.0000E+00
    13     4   0.0000E+00   0.0000E+00   0.0000E+00   0.0000E+00   0.0000E+00   0.0000E+00
    13     5   0.0000E+00   0.0000E+00   0.0000E+00   0.0000E+00   0.0000E+00   0.0000E+00
    13     6   0.0000E+00   0.0000E+00   0.0000E+00   0.0000E+00   0.0000E+00   0.0000E+00
    13     7   0.0000E+00   0.0000E+00   0.0000E+00   0.0000E+00   0.0000E+00   0.0000E+00
    13     8   0.0000E+00   0.0000E+00   0.0000E+00   0.0000E+00   0.0000E+00   0.0000E+00
    13     9   0.0000E+00   0.0000E+00   0.0000E+00   0.0000E+00   0.0000E+00   0.0000E+00
    13    10   0.0000E+00   0.0000E+00   0.0000E+00   0.0000E+00   0.0000E+00   0.0000E+00
    13    11   0.0000E+00   0.0000E+00   0.0000E+00   0.0000E+00   0.0000E+00   0.0000E+00
    13    12   0.0000E+00   0.0000E+00   0.0000E+00   0.0000E+00   0.0000E+00   0.0000E+00
    13    13   0.0000E+00   0.0000E+00   0.0000E+00   0.0000E+00   0.0000E+00   0.0000E+00
    13    14   0.0000E+00   0.0000E+00   0.0000E+00   0.0000E+00   0.0000E+00   0.0000E+00
    13    15   0.0000E+00   0.0000E+00   0.0000E+00   0.0000E+00   0.0000E+00   0.0000E+00
    13    16   0.0000E+00   0.0000E+00   0.0000E+00   0.0000E+00   0.0000E+00   0.0000E+00
    13    17   0.0000E+00   0.0000E+00   0.0000E+00   0.0000E+00   0.0000E+00   0.0000E+00
    13    18   0.0000E+00   0.0000E+00   0.0000E+00   0.0000E+00   0.0000E+00   0.0000E+00
    13    19   0.0000E+00   0.0000E+00   0.0000E+00   0.0000E+00   0.0000E+00   0.0000E+00
    13    20   0.0000E+00   0.0000E+00   0.0000E+00   0.0000E+00   0.0000E+00   0.0000E+00
    13    21   0.0000E+00   0.0000E+00   0.0000E+00   0.0000E+00   0.0000E+00   0.0000E+00
    13    22   0.0000E+00   0.0000E+00   0.0000E+00   0.0000E+00   0.0000E+00   0.0000E+00
    13    23   0.0000E+00   0.0000E+00   0.0000E+00   0.0000E+00   0.0000E+00   0.0000E+00
    13    24   0.0000E+00   0.0000E+00   0.0000E+00   0.0000E+00   0.0000E+00   0.0000E+00
    13    25   0.0000E+00   0.0000E+00   0.0000E+00   0.0000E+00   0.0000E+00   0.0000E+00
    13    26   0.0000E+00   0.0000E+00   0.0000E+00   0.0000E+00   0.0000E+00   0.0000E+00
    13    27   0.0000E+00   0.0000E+00   0.0000E+00   0.0000E+00   0.0000E+00   0.0000E+00
    13    28   0.0000E+00   0.0000E+00   0.0000E+00   0.0000E+00   0.0000E+00   0.0000E+00
    13    29   0.0000E+00   0.0000E+00   0.0000E+00   0.0000E+00   0.0000E+00   0.0000E+00
    13    30   0.0000E+00   0.0000E+00   0.0000E+00   0.0000E+00   0.0000E+00   0.0000E+00
    13    31   0.0000E+00   0.0000E+00   0.0000E+00   0.0000E+00   0.0000E+00   0.0000E+00
    13    32   0.0000E+00   0.0000E+00   0.0000E+00   0.0000E+00   0.0000E+00   0.0000E+00
    14     1   0.0000E+00   0.0000E+00   0.0000E+00   0.0000E+00   0.0000E+00   0.0000E+00
    14     2   0.0000E+00   0.0000E+00   0.0000E+00   0.0000E+00   0.0000E+00   0.0000E+00
    14     3   0.0000E+00   0.0000E+00   0.0000E+00   0.0000E+00   0.0000E+00   0.0000E+00
    14     4   0.0000E+00   0.0000E+00   0.0000E+00   0.0000E+00   0.0000E+00   0.0000E+00
    14     5   0.0000E+00   0.0000E+00   0.0000E+00   0.0000E+00   0.0000E+00   0.0000E+00
    14     6   0.0000E+00   0.0000E+00   0.0000E+00   0.0000E+00   0.0000E+00   0.0000E+00
    14     7   0.0000E+00   0.0000E+00   0.0000E+00   0.0000E+00   0.0000E+00   0.0000E+00
    14     8   0.0000E+00   0.0000E+00   0.0000E+00   0.0000E+00   0.0000E+00   0.0000E+00
    14     9   0.0000E+00   0.0000E+00   0.0000E+00   0.0000E+00   0.0000E+00   0.0000E+00
    14    10   0.0000E+00   0.0000E+00   0.0000E+00   0.0000E+00   0.0000E+00   0.0000E+00
    14    11   0.0000E+00   0.0000E+00   0.0000E+00   0.0000E+00   0.0000E+00   0.0000E+00
    14    12   0.0000E+00   0.0000E+00   0.0000E+00   0.0000E+00   0.0000E+00   0.0000E+00
    14    13   0.0000E+00   0.0000E+00   0.0000E+00   0.0000E+00   0.0000E+00   0.0000E+00
    14    14   0.0000E+00   0.0000E+00   0.0000E+00   0.0000E+00   0.0000E+00   0.0000E+00
    14    15   0.0000E+00   0.0000E+00   0.0000E+00   0.0000E+00   0.0000E+00   0.0000E+00
    14    16   0.0000E+00   0.0000E+00   0.0000E+00   0.0000E+00   0.0000E+00   0.0000E+00
    14    17   0.0000E+00   0.0000E+00   0.0000E+00   0.0000E+00   0.0000E+00   0.0000E+00
    14    18   0.0000E+00   0.0000E+00   0.0000E+00   0.0000E+00   0.0000E+00   0.0000E+00
    14    19   0.0000E+00   0.0000E+00   0.0000E+00   0.0000E+00   0.0000E+00   0.0000E+00
    14    20   0.0000E+00   0.0000E+00   0.0000E+00   0.0000E+00   0.0000E+00   0.0000E+00
    14    21   0.0000E+00   0.0000E+00   0.0000E+00   0.0000E+00   0.0000E+00   0.0000E+00
    14    22   0.0000E+00   0.0000E+00   0.0000E+00   0.0000E+00   0.0000E+00   0.0000E+00
    14    23   0.0000E+00   0.0000E+00   0.0000E+00   0.0000E+00   0.0000E+00   0.0000E+00
    14    24   0.0000E+00   0.0000E+00   0.0000E+00   0.0000E+00   0.0000E+00   0.0000E+00
    14    25   0.0000E+00   0.0000E+00   0.0000E+00   0.0000E+00   0.0000E+00   0.0000E+00
    14    26   0.0000E+00   0.0000E+00   0.0000E+00   0.0000E+00   0.0000E+00   0.0000E+00
    14    27   0.0000E+00   0.0000E+00   0.0000E+00   0.0000E+00   0.0000E+00   0.0000E+00
    14    28   0.0000E+00   0.0000E+00   0.0000E+00   0.0000E+00   0.0000E+00   0.0000E+00
    14    29   0.0000E+00   0.0000E+00   0.0000E+00   0.0000E+00   0.0000E+00   0.0000E+00
    14    30   0.0000E+00   0.0000E+00   0.0000E+00   0.0000E+00   0.0000E+00   0.0000E+00
    14    31   0.0000E+00   0.0000E+00   0.0000E+00   0.0000E+00   0.0000E+00   0.0000E+00
    14    32   0.0000E+00   0.0000E+00   0.0000E+00   0.0000E+00   0.0000E+00   0.0000E+00
    15     1   0.0000E+00   0.0000E+00   0.0000E+00   0.0000E+00   0.0000E+00   0.0000E+00
    15     2   0.0000E+00   0.0000E+00   0.0000E+00   0.0000E+00   0.0000E+00   0.0000E+00
    15     3   0.0000E+00   0.0000E+00   0.0000E+00   0.0000E+00   0.0000E+00   0.0000E+00
    15     4   0.0000E+00   0.0000E+00   0.0000E+00   0.0000E+00   0.0000E+00   0.0000E+00
    15     5   0.0000E+00   0.0000E+00   0.0000E+00   0.0000E+00   0.0000E+00   0.0000E+00
    15     6   0.0000E+00   0.0000E+00   0.0000E+00   0.0000E+00   0.0000E+00   0.0000E+00
    15     7   0.0000E+00   0.0000E+00   0.0000E+00   0.0000E+00   0.0000E+00   0.0000E+00
    15     8   0.0000E+00   0.0000E+00   0.0000E+00   0.0000E+00   0.0000E+00   0.0000E+00
    15     9   0.0000E+00   0.0000E+00   0.0000E+00   0.0000E+00   0.0000E+00   0.0000E+00
    15    10   0.0000E+00   0.0000E+00   0.0000E+00   0.0000E+00   0.0000E+00   0.0000E+00
    15    11   0.0000E+00   0.0000E+00   0.0000E+00   0.0000E+00   0.0000E+00   0.0000E+00
    15    12   0.0000E+00   0.0000E+00   0.0000E+00   0.0000E+00   0.0000E+00   0.0000E+00
    15    13   0.0000E+00   0.0000E+00   0.0000E+00   0.0000E+00   0.0000E+00   0.0000E+00
    15    14   0.0000E+00   0.0000E+00   0.0000E+00   0.0000E+00   0.0000E+00   0.0000E+00
    15    15   0.0000E+00   0.0000E+00   0.0000E+00   0.0000E+00   0.0000E+00   0.0000E+00
    15    16   0.0000E+00   0.0000E+00   0.0000E+00   0.0000E+00   0.0000E+00   0.0000E+00
    15    17   0.0000E+00   0.0000E+00   0.0000E+00   0.0000E+00   0.0000E+00   0.0000E+00
    15    18   0.0000E+00   0.0000E+00   0.0000E+00   0.0000E+00   0.0000E+00   0.0000E+00
    15    19   0.0000E+00   0.0000E+00   0.0000E+00   0.0000E+00   0.0000E+00   0.0000E+00
    15    20   0.0000E+00   0.0000E+00   0.0000E+00   0.0000E+00   0.0000E+00   0.0000E+00
    15    21   0.0000E+00   0.0000E+00   0.0000E+00   0.0000E+00   0.0000E+00   0.0000E+00
    15    22   0.0000E+00   0.0000E+00   0.0000E+00   0.0000E+00   0.0000E+00   0.0000E+00
    15    23   0.0000E+00   0.0000E+00   0.0000E+00   0.0000E+00   0.0000E+00   0.0000E+00
    15    24   0.0000E+00   0.0000E+00   0.0000E+00   0.0000E+00   0.0000E+00   0.0000E+00
    15    25   0.0000E+00   0.0000E+00   0.0000E+00   0.0000E+00   0.0000E+00   0.0000E+00
    15    26   0.0000E+00   0.0000E+00   0.0000E+00   0.0000E+00   0.0000E+00   0.0000E+00
    15    27   0.0000E+00   0.0000E+00   0.0000E+00   0.0000E+00   0.0000E+00   0.0000E+00
    15    28   0.0000E+00   0.0000E+00   0.0000E+00   0.0000E+00   0.0000E+00   0.0000E+00
    15    29   0.0000E+00   0.0000E+00   0.0000E+00   0.0000E+00   0.0000E+00   0.0000E+00
    15    30   0.0000E+00   0.0000E+00   0.0000E+00   0.0000E+00   0.0000E+00   0.0000E+00
    15    31   0.0000E+00   0.0000E+00   0.0000E+00   0.0000E+00   0.0000E+00   0.0000E+00
    15    32   0.0000E+00   0.0000E+00   0.0000E+00   0.0000E+00   0.0000E+00   0.0000E+00
    16     1   0.0000E+00   0.0000E+00   0.0000E+00   0.0000E+00   0.0000E+00   0.0000E+00
    16     2   0.0000E+00   0.0000E+00   0.0000E+00   0.0000E+00   0.0000E+00   0.0000E+00
    16     3   0.0000E+00   0.0000E+00   0.0000E+00   0.0000E+00   0.0000E+00   0.0000E+00
    16     4   0.0000E+00   0.0000E+00   0.0000E+00   0.0000E+00   0.0000E+00   0.0000E+00
    16     5   0.0000E+00   0.0000E+00   0.0000E+00   0.0000E+00   0.0000E+00   0.0000E+00
    16     6   0.0000E+00   0.0000E+00   0.0000E+00   0.0000E+00   0.0000E+00   0.0000E+00
    16     7   0.0000E+00   0.0000E+00   0.0000E+00   0.0000E+00   0.0000E+00   0.0000E+00
    16     8   0.0000E+00   0.0000E+00   0.0000E+00   0.0000E+00   0.0000E+00   0.0000E+00
    16     9   0.0000E+00   0.0000E+00   0.0000E+00   0.0000E+00   0.0000E+00   0.0000E+00
    16    10   0.0000E+00   0.0000E+00   0.0000E+00   0.0000E+00   0.0000E+00   0.0000E+00
    16    11   0.0000E+00   0.0000E+00   0.0000E+00   0.0000E+00   0.0000E+00   0.0000E+00
    16    12   0.0000E+00   0.0000E+00   0.0000E+00   0.0000E+00   0.0000E+00   0.0000E+00
    16    13   0.0000E+00   0.0000E+00   0.0000E+00   0.0000E+00   0.0000E+00   0.0000E+00
    16    14   0.0000E+00   0.0000E+00   0.0000E+00   0.0000E+00   0.0000E+00   0.0000E+00
    16    15   0.0000E+00   0.0000E+00   0.0000E+00   0.0000E+00   0.0000E+00   0.0000E+00
    16    16   0.0000E+00   0.0000E+00   0.0000E+00   0.0000E+00   0.0000E+00   0.0000E+00
    16    17   0.0000E+00   0.0000E+00   0.0000E+00   0.0000E+00   0.0000E+00   0.0000E+00
    16    18   0.0000E+00   0.0000E+00   0.0000E+00   0.0000E+00   0.0000E+00   0.0000E+00
    16    19   0.0000E+00   0.0000E+00   0.0000E+00   0.0000E+00   0.0000E+00   0.0000E+00
    16    20   0.0000E+00   0.0000E+00   0.0000E+00   0.0000E+00   0.0000E+00   0.0000E+00
    16    21   0.0000E+00   0.0000E+00   0.0000E+00   0.0000E+00   0.0000E+00   0.0000E+00
    16    22   0.0000E+00   0.0000E+00   0.0000E+00   0.0000E+00   0.0000E+00   0.0000E+00
    16    23   0.0000E+00   0.0000E+00   0.0000E+00   0.0000E+00   0.0000E+00   0.0000E+00
    16    24   0.0000E+00   0.0000E+00   0.0000E+00   0.0000E+00   0.0000E+00   0.0000E+00
    16    25   0.0000E+00   0.0000E+00   0.0000E+00   0.0000E+00   0.0000E+00   0.0000E+00
    16    26   0.0000E+00   0.0000E+00   0.0000E+00   0.0000E+00   0.0000E+00   0.0000E+00
    16    27   0.0000E+00   0.0000E+00   0.0000E+00   0.0000E+00   0.0000E+00   0.0000E+00
    16    28   0.0000E+00   0.0000E+00   0.0000E+00   0.0000E+00   0.0000E+00   0.0000E+00
    16    29   0.0000E+00   0.0000E+00   0.0000E+00   0.0000E+00   0.0000E+00   0.0000E+00
    16    30   0.0000E+00   0.0000E+00   0.0000E+00   0.0000E+00   0.0000E+00   0.0000E+00
    16    31   0.0000E+00   0.0000E+00   0.0000E+00   0.0000E+00   0.0000E+00   0.0000E+00
    16    32   0.0000E+00   0.0000E+00   0.0000E+00   0.0000E+00   0.0000E+00   0.0000E+00
    17     1   0.0000E+00   0.0000E+00   0.0000E+00   0.0000E+00   0.0000E+00   0.0000E+00
    17     2   0.0000E+00   0.0000E+00   0.0000E+00   0.0000E+00   0.0000E+00   0.0000E+00
    17     3   0.0000E+00   0.0000E+00   0.0000E+00   0.0000E+00   0.0000E+00   0.0000E+00
    17     4   0.0000E+00   0.0000E+00   0.0000E+00   0.0000E+00   0.0000E+00   0.0000E+00
    17     5   0.0000E+00   0.0000E+00   0.0000E+00   0.0000E+00   0.0000E+00   0.0000E+00
    17     6   0.0000E+00   0.0000E+00   0.0000E+00   0.0000E+00   0.0000E+00   0.0000E+00
    17     7   0.0000E+00   0.0000E+00   0.0000E+00   0.0000E+00   0.0000E+00   0.0000E+00
    17     8   0.0000E+00   0.0000E+00   0.0000E+00   0.0000E+00   0.0000E+00   0.0000E+00
    17     9   0.0000E+00   0.0000E+00   0.0000E+00   0.0000E+00   0.0000E+00   0.0000E+00
    17    10   0.0000E+00   0.0000E+00   0.0000E+00   0.0000E+00   0.0000E+00   0.0000E+00
    17    11   0.0000E+00   0.0000E+00   0.0000E+00   0.0000E+00   0.0000E+00   0.0000E+00
    17    12   0.0000E+00   0.0000E+00   0.0000E+00   0.0000E+00   0.0000E+00   0.0000E+00
    17    13   0.0000E+00   0.0000E+00   0.0000E+00   0.0000E+00   0.0000E+00   0.0000E+00
    17    14   0.0000E+00   0.0000E+00   0.0000E+00   0.0000E+00   0.0000E+00   0.0000E+00
    17    15   0.0000E+00   0.0000E+00   0.0000E+00   0.0000E+00   0.0000E+00   0.0000E+00
    17    16   0.0000E+00   0.0000E+00   0.0000E+00   0.0000E+00   0.0000E+00   0.0000E+00
    17    17   0.0000E+00   0.0000E+00   0.0000E+00   0.0000E+00   0.0000E+00   0.0000E+00
    17    18   0.0000E+00   0.0000E+00   0.0000E+00   0.0000E+00   0.0000E+00   0.0000E+00
    17    19   0.0000E+00   0.0000E+00   0.0000E+00   0.0000E+00   0.0000E+00   0.0000E+00
    17    20   0.0000E+00   0.0000E+00   0.0000E+00   0.0000E+00   0.0000E+00   0.0000E+00
    17    21   0.0000E+00   0.0000E+00   0.0000E+00   0.0000E+00   0.0000E+00   0.0000E+00
    17    22   0.0000E+00   0.0000E+00   0.0000E+00   0.0000E+00   0.0000E+00   0.0000E+00
    17    23   0.0000E+00   0.0000E+00   0.0000E+00   0.0000E+00   0.0000E+00   0.0000E+00
    17    24   0.0000E+00   0.0000E+00   0.0000E+00   0.0000E+00   0.0000E+00   0.0000E+00
    17    25   0.0000E+00   0.0000E+00   0.0000E+00   0.0000E+00   0.0000E+00   0.0000E+00
    17    26   0.0000E+00   0.0000E+00   0.0000E+00   0.0000E+00   0.0000E+00   0.0000E+00
    17    27   0.0000E+00   0.0000E+00   0.0000E+00   0.0000E+00   0.0000E+00   0.0000E+00
    17    28   0.0000E+00   0.0000E+00   0.0000E+00   0.0000E+00   0.0000E+00   0.0000E+00
    17    29   0.0000E+00   0.0000E+00   0.0000E+00   0.0000E+00   0.0000E+00   0.0000E+00
    17    30   0.0000E+00   0.0000E+00   0.0000E+00   0.0000E+00   0.0000E+00   0.0000E+00
    17    31   0.0000E+00   0.0000E+00   0.0000E+00   0.0000E+00   0.0000E+00   0.0000E+00
    17    32   0.0000E+00   0.0000E+00   0.0000E+00   0.0000E+00   0.0000E+00   0.0000E+00
    18     1   0.0000E+00   0.0000E+00   0.0000E+00   0.0000E+00   0.0000E+00   0.0000E+00
    18     2   0.0000E+00   0.0000E+00   0.0000E+00   0.0000E+00   0.0000E+00   0.0000E+00
    18     3   0.0000E+00   0.0000E+00   0.0000E+00   0.0000E+00   0.0000E+00   0.0000E+00
    18     4   0.0000E+00   0.0000E+00   0.0000E+00   0.0000E+00   0.0000E+00   0.0000E+00
    18     5   0.0000E+00   0.0000E+00   0.0000E+00   0.0000E+00   0.0000E+00   0.0000E+00
    18     6   0.0000E+00   0.0000E+00   0.0000E+00   0.0000E+00   0.0000E+00   0.0000E+00
    18     7   0.0000E+00   0.0000E+00   0.0000E+00   0.0000E+00   0.0000E+00   0.0000E+00
    18     8   0.0000E+00   0.0000E+00   0.0000E+00   0.0000E+00   0.0000E+00   0.0000E+00
    18     9   0.0000E+00   0.0000E+00   0.0000E+00   0.0000E+00   0.0000E+00   0.0000E+00
    18    10   0.0000E+00   0.0000E+00   0.0000E+00   0.0000E+00   0.0000E+00   0.0000E+00
    18    11   0.0000E+00   0.0000E+00   0.0000E+00   0.0000E+00   0.0000E+00   0.0000E+00
    18    12   0.0000E+00   0.0000E+00   0.0000E+00   0.0000E+00   0.0000E+00   0.0000E+00
    18    13   0.0000E+00   0.0000E+00   0.0000E+00   0.0000E+00   0.0000E+00   0.0000E+00
    18    14   0.0000E+00   0.0000E+00   0.0000E+00   0.0000E+00   0.0000E+00   0.0000E+00
    18    15   0.0000E+00   0.0000E+00   0.0000E+00   0.0000E+00   0.0000E+00   0.0000E+00
    18    16   0.0000E+00   0.0000E+00   0.0000E+00   0.0000E+00   0.0000E+00   0.0000E+00
    18    17   0.0000E+00   0.0000E+00   0.0000E+00   0.0000E+00   0.0000E+00   0.0000E+00
    18    18   0.0000E+00   0.0000E+00   0.0000E+00   0.0000E+00   0.0000E+00   0.0000E+00
    18    19   0.0000E+00   0.0000E+00   0.0000E+00   0.0000E+00   0.0000E+00   0.0000E+00
    18    20   0.0000E+00   0.0000E+00   0.0000E+00   0.0000E+00   0.0000E+00   0.0000E+00
    18    21   0.0000E+00   0.0000E+00   0.0000E+00   0.0000E+00   0.0000E+00   0.0000E+00
    18    22   0.0000E+00   0.0000E+00   0.0000E+00   0.0000E+00   0.0000E+00   0.0000E+00
    18    23   0.0000E+00   0.0000E+00   0.0000E+00   0.0000E+00   0.0000E+00   0.0000E+00
    18    24   0.0000E+00   0.0000E+00   0.0000E+00   0.0000E+00   0.0000E+00   0.0000E+00
    18    25   0.0000E+00   0.0000E+00   0.0000E+00   0.0000E+00   0.0000E+00   0.0000E+00
    18    26   0.0000E+00   0.0000E+00   0.0000E+00   0.0000E+00   0.0000E+00   0.0000E+00
    18    27   0.0000E+00   0.0000E+00   0.0000E+00   0.0000E+00   0.0000E+00   0.0000E+00
    18    28   0.0000E+00   0.0000E+00   0.0000E+00   0.0000E+00   0.0000E+00   0.0000E+00
    18    29   0.0000E+00   0.0000E+00   0.0000E+00   0.0000E+00   0.0000E+00   0.0000E+00
    18    30   0.0000E+00   0.0000E+00   0.0000E+00   0.0000E+00   0.0000E+00   0.0000E+00
    18    31   0.0000E+00   0.0000E+00   0.0000E+00   0.0000E+00   0.0000E+00   0.0000E+00
    18    32   0.0000E+00   0.0000E+00   0.0000E+00   0.0000E+00   0.0000E+00   0.0000E+00
    19     1   0.0000E+00   0.0000E+00   0.0000E+00   0.0000E+00   0.0000E+00   0.0000E+00
    19     2   0.0000E+00   0.0000E+00   0.0000E+00   0.0000E+00   0.0000E+00   0.0000E+00
    19     3   0.0000E+00   0.0000E+00   0.0000E+00   0.0000E+00   0.0000E+00   0.0000E+00
    19     4   0.0000E+00   0.0000E+00   0.0000E+00   0.0000E+00   0.0000E+00   0.0000E+00
    19     5   0.0000E+00   0.0000E+00   0.0000E+00   0.0000E+00   0.0000E+00   0.0000E+00
    19     6   0.0000E+00   0.0000E+00   0.0000E+00   0.0000E+00   0.0000E+00   0.0000E+00
    19     7   0.0000E+00   0.0000E+00   0.0000E+00   0.0000E+00   0.0000E+00   0.0000E+00
    19     8   0.0000E+00   0.0000E+00   0.0000E+00   0.0000E+00   0.0000E+00   0.0000E+00
    19     9   0.0000E+00   0.0000E+00   0.0000E+00   0.0000E+00   0.0000E+00   0.0000E+00
    19    10   0.0000E+00   0.0000E+00   0.0000E+00   0.0000E+00   0.0000E+00   0.0000E+00
    19    11   0.0000E+00   0.0000E+00   0.0000E+00   0.0000E+00   0.0000E+00   0.0000E+00
    19    12   0.0000E+00   0.0000E+00   0.0000E+00   0.0000E+00   0.0000E+00   0.0000E+00
    19    13   0.0000E+00   0.0000E+00   0.0000E+00   0.0000E+00   0.0000E+00   0.0000E+00
    19    14   0.0000E+00   0.0000E+00   0.0000E+00   0.0000E+00   0.0000E+00   0.0000E+00
    19    15   0.0000E+00   0.0000E+00   0.0000E+00   0.0000E+00   0.0000E+00   0.0000E+00
    19    16   0.0000E+00   0.0000E+00   0.0000E+00   0.0000E+00   0.0000E+00   0.0000E+00
    19    17   0.0000E+00   0.0000E+00   0.0000E+00   0.0000E+00   0.0000E+00   0.0000E+00
    19    18   0.0000E+00   0.0000E+00   0.0000E+00   0.0000E+00   0.0000E+00   0.0000E+00
    19    19   0.0000E+00   0.0000E+00   0.0000E+00   0.0000E+00   0.0000E+00   0.0000E+00
    19    20   0.0000E+00   0.0000E+00   0.0000E+00   0.0000E+00   0.0000E+00   0.0000E+00
    19    21   0.0000E+00   0.0000E+00   0.0000E+00   0.0000E+00   0.0000E+00   0.0000E+00
    19    22   0.0000E+00   0.0000E+00   0.0000E+00   0.0000E+00   0.0000E+00   0.0000E+00
    19    23   0.0000E+00   0.0000E+00   0.0000E+00   0.0000E+00   0.0000E+00   0.0000E+00
    19    24   0.0000E+00   0.0000E+00   0.0000E+00   0.0000E+00   0.0000E+00   0.0000E+00
    19    25   0.0000E+00   0.0000E+00   0.0000E+00   0.0000E+00   0.0000E+00   0.0000E+00
    19    26   0.0000E+00   0.0000E+00   0.0000E+00   0.0000E+00   0.0000E+00   0.0000E+00
    19    27   0.0000E+00   0.0000E+00   0.0000E+00   0.0000E+00   0.0000E+00   0.0000E+00
    19    28   0.0000E+00   0.0000E+00   0.0000E+00   0.0000E+00   0.0000E+00   0.0000E+00
    19    29   0.0000E+00   0.0000E+00   0.0000E+00   0.0000E+00   0.0000E+00   0.0000E+00
    19    30   0.0000E+00   0.0000E+00   0.0000E+00   0.0000E+00   0.0000E+00   0.0000E+00
    19    31   0.0000E+00   0.0000E+00   0.0000E+00   0.0000E+00   0.0000E+00   0.0000E+00
    19    32   0.0000E+00   0.0000E+00   0.0000E+00   0.0000E+00   0.0000E+00   0.0000E+00
    20     1   0.0000E+00   0.0000E+00   0.0000E+00   0.0000E+00   0.0000E+00   0.0000E+00
    20     2   0.0000E+00   0.0000E+00   0.0000E+00   0.0000E+00   0.0000E+00   0.0000E+00
    20     3   0.0000E+00   0.0000E+00   0.0000E+00   0.0000E+00   0.0000E+00   0.0000E+00
    20     4   0.0000E+00   0.0000E+00   0.0000E+00   0.0000E+00   0.0000E+00   0.0000E+00
    20     5   0.0000E+00   0.0000E+00   0.0000E+00   0.0000E+00   0.0000E+00   0.0000E+00
    20     6   0.0000E+00   0.0000E+00   0.0000E+00   0.0000E+00   0.0000E+00   0.0000E+00
    20     7   0.0000E+00   0.0000E+00   0.0000E+00   0.0000E+00   0.0000E+00   0.0000E+00
    20     8   0.0000E+00   0.0000E+00   0.0000E+00   0.0000E+00   0.0000E+00   0.0000E+00
    20     9   0.0000E+00   0.0000E+00   0.0000E+00   0.0000E+00   0.0000E+00   0.0000E+00
    20    10   0.0000E+00   0.0000E+00   0.0000E+00   0.0000E+00   0.0000E+00   0.0000E+00
    20    11   0.0000E+00   0.0000E+00   0.0000E+00   0.0000E+00   0.0000E+00   0.0000E+00
    20    12   0.0000E+00   0.0000E+00   0.0000E+00   0.0000E+00   0.0000E+00   0.0000E+00
    20    13   0.0000E+00   0.0000E+00   0.0000E+00   0.0000E+00   0.0000E+00   0.0000E+00
    20    14   0.0000E+00   0.0000E+00   0.0000E+00   0.0000E+00   0.0000E+00   0.0000E+00
    20    15   0.0000E+00   0.0000E+00   0.0000E+00   0.0000E+00   0.0000E+00   0.0000E+00
    20    16   0.0000E+00   0.0000E+00   0.0000E+00   0.0000E+00   0.0000E+00   0.0000E+00
    20    17   0.0000E+00   0.0000E+00   0.0000E+00   0.0000E+00   0.0000E+00   0.0000E+00
    20    18   0.0000E+00   0.0000E+00   0.0000E+00   0.0000E+00   0.0000E+00   0.0000E+00
    20    19   0.0000E+00   0.0000E+00   0.0000E+00   0.0000E+00   0.0000E+00   0.0000E+00
    20    20   0.0000E+00   0.0000E+00   0.0000E+00   0.0000E+00   0.0000E+00   0.0000E+00
    20    21   0.0000E+00   0.0000E+00   0.0000E+00   0.0000E+00   0.0000E+00   0.0000E+00
    20    22   0.0000E+00   0.0000E+00   0.0000E+00   0.0000E+00   0.0000E+00   0.0000E+00
    20    23   0.0000E+00   0.0000E+00   0.0000E+00   0.0000E+00   0.0000E+00   0.0000E+00
    20    24   0.0000E+00   0.0000E+00   0.0000E+00   0.0000E+00   0.0000E+00   0.0000E+00
    20    25   0.0000E+00   0.0000E+00   0.0000E+00   0.0000E+00   0.0000E+00   0.0000E+00
    20    26   0.0000E+00   0.0000E+00   0.0000E+00   0.0000E+00   0.0000E+00   0.0000E+00
    20    27   0.0000E+00   0.0000E+00   0.0000E+00   0.0000E+00   0.0000E+00   0.0000E+00
    20    28   0.0000E+00   0.0000E+00   0.0000E+00   0.0000E+00   0.0000E+00   0.0000E+00
    20    29   0.0000E+00   0.0000E+00   0.0000E+00   0.0000E+00   0.0000E+00   0.0000E+00
    20    30   0.0000E+00   0.0000E+00   0.0000E+00   0.0000E+00   0.0000E+00   0.0000E+00
    20    31   0.0000E+00   0.0000E+00   0.0000E+00   0.0000E+00   0.0000E+00   0.0000E+00
    20    32   0.0000E+00   0.0000E+00   0.0000E+00   0.0000E+00   0.0000E+00   0.0000E+00
    21     1   0.0000E+00   0.0000E+00   0.0000E+00   0.0000E+00   0.0000E+00   0.0000E+00
    21     2   0.0000E+00   0.0000E+00   0.0000E+00   0.0000E+00   0.0000E+00   0.0000E+00
    21     3   0.0000E+00   0.0000E+00   0.0000E+00   0.0000E+00   0.0000E+00   0.0000E+00
    21     4   0.0000E+00   0.0000E+00   0.0000E+00   0.0000E+00   0.0000E+00   0.0000E+00
    21     5   0.0000E+00   0.0000E+00   0.0000E+00   0.0000E+00   0.0000E+00   0.0000E+00
    21     6   0.0000E+00   0.0000E+00   0.0000E+00   0.0000E+00   0.0000E+00   0.0000E+00
    21     7   0.0000E+00   0.0000E+00   0.0000E+00   0.0000E+00   0.0000E+00   0.0000E+00
    21     8   0.0000E+00   0.0000E+00   0.0000E+00   0.0000E+00   0.0000E+00   0.0000E+00
    21     9   0.0000E+00   0.0000E+00   0.0000E+00   0.0000E+00   0.0000E+00   0.0000E+00
    21    10   0.0000E+00   0.0000E+00   0.0000E+00   0.0000E+00   0.0000E+00   0.0000E+00
    21    11   0.0000E+00   0.0000E+00   0.0000E+00   0.0000E+00   0.0000E+00   0.0000E+00
    21    12   0.0000E+00   0.0000E+00   0.0000E+00   0.0000E+00   0.0000E+00   0.0000E+00
    21    13   0.0000E+00   0.0000E+00   0.0000E+00   0.0000E+00   0.0000E+00   0.0000E+00
    21    14   0.0000E+00   0.0000E+00   0.0000E+00   0.0000E+00   0.0000E+00   0.0000E+00
    21    15   0.0000E+00   0.0000E+00   0.0000E+00   0.0000E+00   0.0000E+00   0.0000E+00
    21    16   0.0000E+00   0.0000E+00   0.0000E+00   0.0000E+00   0.0000E+00   0.0000E+00
    21    17   0.0000E+00   0.0000E+00   0.0000E+00   0.0000E+00   0.0000E+00   0.0000E+00
    21    18   0.0000E+00   0.0000E+00   0.0000E+00   0.0000E+00   0.0000E+00   0.0000E+00
    21    19   0.0000E+00   0.0000E+00   0.0000E+00   0.0000E+00   0.0000E+00   0.0000E+00
    21    20   0.0000E+00   0.0000E+00   0.0000E+00   0.0000E+00   0.0000E+00   0.0000E+00
    21    21   0.0000E+00   0.0000E+00   0.0000E+00   0.0000E+00   0.0000E+00   0.0000E+00
    21    22   0.0000E+00   0.0000E+00   0.0000E+00   0.0000E+00   0.0000E+00   0.0000E+00
    21    23   0.0000E+00   0.0000E+00   0.0000E+00   0.0000E+00   0.0000E+00   0.0000E+00
    21    24   0.0000E+00   0.0000E+00   0.0000E+00   0.0000E+00   0.0000E+00   0.0000E+00
    21    25   0.0000E+00   0.0000E+00   0.0000E+00   0.0000E+00   0.0000E+00   0.0000E+00
    21    26   0.0000E+00   0.0000E+00   0.0000E+00   0.0000E+00   0.0000E+00   0.0000E+00
    21    27   0.0000E+00   0.0000E+00   0.0000E+00   0.0000E+00   0.0000E+00   0.0000E+00
    21    28   0.0000E+00   0.0000E+00   0.0000E+00   0.0000E+00   0.0000E+00   0.0000E+00
    21    29   0.0000E+00   0.0000E+00   0.0000E+00   0.0000E+00   0.0000E+00   0.0000E+00
    21    30   0.0000E+00   0.0000E+00   0.0000E+00   0.0000E+00   0.0000E+00   0.0000E+00
    21    31   0.0000E+00   0.0000E+00   0.0000E+00   0.0000E+00   0.0000E+00   0.0000E+00
    21    32   0.0000E+00   0.0000E+00   0.0000E+00   0.0000E+00   0.0000E+00   0.0000E+00
    22     1   0.0000E+00   0.0000E+00   0.0000E+00   0.0000E+00   0.0000E+00   0.0000E+00
    22     2   0.0000E+00   0.0000E+00   0.0000E+00   0.0000E+00   0.0000E+00   0.0000E+00
    22     3   0.0000E+00   0.0000E+00   0.0000E+00   0.0000E+00   0.0000E+00   0.0000E+00
    22     4   0.0000E+00   0.0000E+00   0.0000E+00   0.0000E+00   0.0000E+00   0.0000E+00
    22     5   0.0000E+00   0.0000E+00   0.0000E+00   0.0000E+00   0.0000E+00   0.0000E+00
    22     6   0.0000E+00   0.0000E+00   0.0000E+00   0.0000E+00   0.0000E+00   0.0000E+00
    22     7   0.0000E+00   0.0000E+00   0.0000E+00   0.0000E+00   0.0000E+00   0.0000E+00
    22     8   0.0000E+00   0.0000E+00   0.0000E+00   0.0000E+00   0.0000E+00   0.0000E+00
    22     9   0.0000E+00   0.0000E+00   0.0000E+00   0.0000E+00   0.0000E+00   0.0000E+00
    22    10   0.0000E+00   0.0000E+00   0.0000E+00   0.0000E+00   0.0000E+00   0.0000E+00
    22    11   0.0000E+00   0.0000E+00   0.0000E+00   0.0000E+00   0.0000E+00   0.0000E+00
    22    12   0.0000E+00   0.0000E+00   0.0000E+00   0.0000E+00   0.0000E+00   0.0000E+00
    22    13   0.0000E+00   0.0000E+00   0.0000E+00   0.0000E+00   0.0000E+00   0.0000E+00
    22    14   0.0000E+00   0.0000E+00   0.0000E+00   0.0000E+00   0.0000E+00   0.0000E+00
    22    15   0.0000E+00   0.0000E+00   0.0000E+00   0.0000E+00   0.0000E+00   0.0000E+00
    22    16   0.0000E+00   0.0000E+00   0.0000E+00   0.0000E+00   0.0000E+00   0.0000E+00
    22    17   0.0000E+00   0.0000E+00   0.0000E+00   0.0000E+00   0.0000E+00   0.0000E+00
    22    18   0.0000E+00   0.0000E+00   0.0000E+00   0.0000E+00   0.0000E+00   0.0000E+00
    22    19   0.0000E+00   0.0000E+00   0.0000E+00   0.0000E+00   0.0000E+00   0.0000E+00
    22    20   0.0000E+00   0.0000E+00   0.0000E+00   0.0000E+00   0.0000E+00   0.0000E+00
    22    21   0.0000E+00   0.0000E+00   0.0000E+00   0.0000E+00   0.0000E+00   0.0000E+00
    22    22   0.0000E+00   0.0000E+00   0.0000E+00   0.0000E+00   0.0000E+00   0.0000E+00
    22    23   0.0000E+00   0.0000E+00   0.0000E+00   0.0000E+00   0.0000E+00   0.0000E+00
    22    24   0.0000E+00   0.0000E+00   0.0000E+00   0.0000E+00   0.0000E+00   0.0000E+00
    22    25   0.0000E+00   0.0000E+00   0.0000E+00   0.0000E+00   0.0000E+00   0.0000E+00
    22    26   0.0000E+00   0.0000E+00   0.0000E+00   0.0000E+00   0.0000E+00   0.0000E+00
    22    27   0.0000E+00   0.0000E+00   0.0000E+00   0.0000E+00   0.0000E+00   0.0000E+00
    22    28   0.0000E+00   0.0000E+00   0.0000E+00   0.0000E+00   0.0000E+00   0.0000E+00
    22    29   0.0000E+00   0.0000E+00   0.0000E+00   0.0000E+00   0.0000E+00   0.0000E+00
    22    30   0.0000E+00   0.0000E+00   0.0000E+00   0.0000E+00   0.0000E+00   0.0000E+00
    22    31   0.0000E+00   0.0000E+00   0.0000E+00   0.0000E+00   0.0000E+00   0.0000E+00
    22    32   0.0000E+00   0.0000E+00   0.0000E+00   0.0000E+00   0.0000E+00   0.0000E+00
    23     1   0.0000E+00   0.0000E+00   0.0000E+00   0.0000E+00   0.0000E+00   0.0000E+00
    23     2   0.0000E+00   0.0000E+00   0.0000E+00   0.0000E+00   0.0000E+00   0.0000E+00
    23     3   0.0000E+00   0.0000E+00   0.0000E+00   0.0000E+00   0.0000E+00   0.0000E+00
    23     4   0.0000E+00   0.0000E+00   0.0000E+00   0.0000E+00   0.0000E+00   0.0000E+00
    23     5   0.0000E+00   0.0000E+00   0.0000E+00   0.0000E+00   0.0000E+00   0.0000E+00
    23     6   0.0000E+00   0.0000E+00   0.0000E+00   0.0000E+00   0.0000E+00   0.0000E+00
    23     7   0.0000E+00   0.0000E+00   0.0000E+00   0.0000E+00   0.0000E+00   0.0000E+00
    23     8   0.0000E+00   0.0000E+00   0.0000E+00   0.0000E+00   0.0000E+00   0.0000E+00
    23     9   0.0000E+00   0.0000E+00   0.0000E+00   0.0000E+00   0.0000E+00   0.0000E+00
    23    10   0.0000E+00   0.0000E+00   0.0000E+00   0.0000E+00   0.0000E+00   0.0000E+00
    23    11   0.0000E+00   0.0000E+00   0.0000E+00   0.0000E+00   0.0000E+00   0.0000E+00
    23    12   0.0000E+00   0.0000E+00   0.0000E+00   0.0000E+00   0.0000E+00   0.0000E+00
    23    13   0.0000E+00   0.0000E+00   0.0000E+00   0.0000E+00   0.0000E+00   0.0000E+00
    23    14   0.0000E+00   0.0000E+00   0.0000E+00   0.0000E+00   0.0000E+00   0.0000E+00
    23    15   0.0000E+00   0.0000E+00   0.0000E+00   0.0000E+00   0.0000E+00   0.0000E+00
    23    16   0.0000E+00   0.0000E+00   0.0000E+00   0.0000E+00   0.0000E+00   0.0000E+00
    23    17   0.0000E+00   0.0000E+00   0.0000E+00   0.0000E+00   0.0000E+00   0.0000E+00
    23    18   0.0000E+00   0.0000E+00   0.0000E+00   0.0000E+00   0.0000E+00   0.0000E+00
    23    19   0.0000E+00   0.0000E+00   0.0000E+00   0.0000E+00   0.0000E+00   0.0000E+00
    23    20   0.0000E+00   0.0000E+00   0.0000E+00   0.0000E+00   0.0000E+00   0.0000E+00
    23    21   0.0000E+00   0.0000E+00   0.0000E+00   0.0000E+00   0.0000E+00   0.0000E+00
    23    22   0.0000E+00   0.0000E+00   0.0000E+00   0.0000E+00   0.0000E+00   0.0000E+00
    23    23   0.0000E+00   0.0000E+00   0.0000E+00   0.0000E+00   0.0000E+00   0.0000E+00
    23    24   0.0000E+00   0.0000E+00   0.0000E+00   0.0000E+00   0.0000E+00   0.0000E+00
    23    25   0.0000E+00   0.0000E+00   0.0000E+00   0.0000E+00   0.0000E+00   0.0000E+00
    23    26   0.0000E+00   0.0000E+00   0.0000E+00   0.0000E+00   0.0000E+00   0.0000E+00
    23    27   0.0000E+00   0.0000E+00   0.0000E+00   0.0000E+00   0.0000E+00   0.0000E+00
    23    28   0.0000E+00   0.0000E+00   0.0000E+00   0.0000E+00   0.0000E+00   0.0000E+00
    23    29   0.0000E+00   0.0000E+00   0.0000E+00   0.0000E+00   0.0000E+00   0.0000E+00
    23    30   0.0000E+00   0.0000E+00   0.0000E+00   0.0000E+00   0.0000E+00   0.0000E+00
    23    31   0.0000E+00   0.0000E+00   0.0000E+00   0.0000E+00   0.0000E+00   0.0000E+00
    23    32   0.0000E+00   0.0000E+00   0.0000E+00   0.0000E+00   0.0000E+00   0.0000E+00
    24     1   0.0000E+00   0.0000E+00   0.0000E+00   0.0000E+00   0.0000E+00   0.0000E+00
    24     2   0.0000E+00   0.0000E+00   0.0000E+00   0.0000E+00   0.0000E+00   0.0000E+00
    24     3   0.0000E+00   0.0000E+00   0.0000E+00   0.0000E+00   0.0000E+00   0.0000E+00
    24     4   0.0000E+00   0.0000E+00   0.0000E+00   0.0000E+00   0.0000E+00   0.0000E+00
    24     5   0.0000E+00   0.0000E+00   0.0000E+00   0.0000E+00   0.0000E+00   0.0000E+00
    24     6   0.0000E+00   0.0000E+00   0.0000E+00   0.0000E+00   0.0000E+00   0.0000E+00
    24     7   0.0000E+00   0.0000E+00   0.0000E+00   0.0000E+00   0.0000E+00   0.0000E+00
    24     8   0.0000E+00   0.0000E+00   0.0000E+00   0.0000E+00   0.0000E+00   0.0000E+00
    24     9   0.0000E+00   0.0000E+00   0.0000E+00   0.0000E+00   0.0000E+00   0.0000E+00
    24    10   0.0000E+00   0.0000E+00   0.0000E+00   0.0000E+00   0.0000E+00   0.0000E+00
    24    11   0.0000E+00   0.0000E+00   0.0000E+00   0.0000E+00   0.0000E+00   0.0000E+00
    24    12   0.0000E+00   0.0000E+00   0.0000E+00   0.0000E+00   0.0000E+00   0.0000E+00
    24    13   0.0000E+00   0.0000E+00   0.0000E+00   0.0000E+00   0.0000E+00   0.0000E+00
    24    14   0.0000E+00   0.0000E+00   0.0000E+00   0.0000E+00   0.0000E+00   0.0000E+00
    24    15   0.0000E+00   0.0000E+00   0.0000E+00   0.0000E+00   0.0000E+00   0.0000E+00
    24    16   0.0000E+00   0.0000E+00   0.0000E+00   0.0000E+00   0.0000E+00   0.0000E+00
    24    17   0.0000E+00   0.0000E+00   0.0000E+00   0.0000E+00   0.0000E+00   0.0000E+00
    24    18   0.0000E+00   0.0000E+00   0.0000E+00   0.0000E+00   0.0000E+00   0.0000E+00
    24    19   0.0000E+00   0.0000E+00   0.0000E+00   0.0000E+00   0.0000E+00   0.0000E+00
    24    20   0.0000E+00   0.0000E+00   0.0000E+00   0.0000E+00   0.0000E+00   0.0000E+00
    24    21   0.0000E+00   0.0000E+00   0.0000E+00   0.0000E+00   0.0000E+00   0.0000E+00
    24    22   0.0000E+00   0.0000E+00   0.0000E+00   0.0000E+00   0.0000E+00   0.0000E+00
    24    23   0.0000E+00   0.0000E+00   0.0000E+00   0.0000E+00   0.0000E+00   0.0000E+00
    24    24   0.0000E+00   0.0000E+00   0.0000E+00   0.0000E+00   0.0000E+00   0.0000E+00
    24    25   0.0000E+00   0.0000E+00   0.0000E+00   0.0000E+00   0.0000E+00   0.0000E+00
    24    26   0.0000E+00   0.0000E+00   0.0000E+00   0.0000E+00   0.0000E+00   0.0000E+00
    24    27   0.0000E+00   0.0000E+00   0.0000E+00   0.0000E+00   0.0000E+00   0.0000E+00
    24    28   0.0000E+00   0.0000E+00   0.0000E+00   0.0000E+00   0.0000E+00   0.0000E+00
    24    29   0.0000E+00   0.0000E+00   0.0000E+00   0.0000E+00   0.0000E+00   0.0000E+00
    24    30   0.0000E+00   0.0000E+00   0.0000E+00   0.0000E+00   0.0000E+00   0.0000E+00
    24    31   0.0000E+00   0.0000E+00   0.0000E+00   0.0000E+00   0.0000E+00   0.0000E+00
    24    32   0.0000E+00   0.0000E+00   0.0000E+00   0.0000E+00   0.0000E+00   0.0000E+00
    25     1   0.0000E+00   0.0000E+00   0.0000E+00   0.0000E+00   0.0000E+00   0.0000E+00
    25     2   0.0000E+00   0.0000E+00   0.0000E+00   0.0000E+00   0.0000E+00   0.0000E+00
    25     3   0.0000E+00   0.0000E+00   0.0000E+00   0.0000E+00   0.0000E+00   0.0000E+00
    25     4   0.0000E+00   0.0000E+00   0.0000E+00   0.0000E+00   0.0000E+00   0.0000E+00
    25     5   0.0000E+00   0.0000E+00   0.0000E+00   0.0000E+00   0.0000E+00   0.0000E+00
    25     6   0.0000E+00   0.0000E+00   0.0000E+00   0.0000E+00   0.0000E+00   0.0000E+00
    25     7   0.0000E+00   0.0000E+00   0.0000E+00   0.0000E+00   0.0000E+00   0.0000E+00
    25     8   0.0000E+00   0.0000E+00   0.0000E+00   0.0000E+00   0.0000E+00   0.0000E+00
    25     9   0.0000E+00   0.0000E+00   0.0000E+00   0.0000E+00   0.0000E+00   0.0000E+00
    25    10   0.0000E+00   0.0000E+00   0.0000E+00   0.0000E+00   0.0000E+00   0.0000E+00
    25    11   0.0000E+00   0.0000E+00   0.0000E+00   0.0000E+00   0.0000E+00   0.0000E+00
    25    12   0.0000E+00   0.0000E+00   0.0000E+00   0.0000E+00   0.0000E+00   0.0000E+00
    25    13   0.0000E+00   0.0000E+00   0.0000E+00   0.0000E+00   0.0000E+00   0.0000E+00
    25    14   0.0000E+00   0.0000E+00   0.0000E+00   0.0000E+00   0.0000E+00   0.0000E+00
    25    15   0.0000E+00   0.0000E+00   0.0000E+00   0.0000E+00   0.0000E+00   0.0000E+00
    25    16   0.0000E+00   0.0000E+00   0.0000E+00   0.0000E+00   0.0000E+00   0.0000E+00
    25    17   0.0000E+00   0.0000E+00   0.0000E+00   0.0000E+00   0.0000E+00   0.0000E+00
    25    18   0.0000E+00   0.0000E+00   0.0000E+00   0.0000E+00   0.0000E+00   0.0000E+00
    25    19   0.0000E+00   0.0000E+00   0.0000E+00   0.0000E+00   0.0000E+00   0.0000E+00
    25    20   0.0000E+00   0.0000E+00   0.0000E+00   0.0000E+00   0.0000E+00   0.0000E+00
    25    21   0.0000E+00   0.0000E+00   0.0000E+00   0.0000E+00   0.0000E+00   0.0000E+00
    25    22   0.0000E+00   0.0000E+00   0.0000E+00   0.0000E+00   0.0000E+00   0.0000E+00
    25    23   0.0000E+00   0.0000E+00   0.0000E+00   0.0000E+00   0.0000E+00   0.0000E+00
    25    24   0.0000E+00   0.0000E+00   0.0000E+00   0.0000E+00   0.0000E+00   0.0000E+00
    25    25   0.0000E+00   0.0000E+00   0.0000E+00   0.0000E+00   0.0000E+00   0.0000E+00
    25    26   0.0000E+00   0.0000E+00   0.0000E+00   0.0000E+00   0.0000E+00   0.0000E+00
    25    27   0.0000E+00   0.0000E+00   0.0000E+00   0.0000E+00   0.0000E+00   0.0000E+00
    25    28   0.0000E+00   0.0000E+00   0.0000E+00   0.0000E+00   0.0000E+00   0.0000E+00
    25    29   0.0000E+00   0.0000E+00   0.0000E+00   0.0000E+00   0.0000E+00   0.0000E+00
    25    30   0.0000E+00   0.0000E+00   0.0000E+00   0.0000E+00   0.0000E+00   0.0000E+00
    25    31   0.0000E+00   0.0000E+00   0.0000E+00   0.0000E+00   0.0000E+00   0.0000E+00
    25    32   0.0000E+00   0.0000E+00   0.0000E+00   0.0000E+00   0.0000E+00   0.0000E+00
    26     1   0.0000E+00   0.0000E+00   0.0000E+00   0.0000E+00   0.0000E+00   0.0000E+00
    26     2   0.0000E+00   0.0000E+00   0.0000E+00   0.0000E+00   0.0000E+00   0.0000E+00
    26     3   0.0000E+00   0.0000E+00   0.0000E+00   0.0000E+00   0.0000E+00   0.0000E+00
    26     4   0.0000E+00   0.0000E+00   0.0000E+00   0.0000E+00   0.0000E+00   0.0000E+00
    26     5   0.0000E+00   0.0000E+00   0.0000E+00   0.0000E+00   0.0000E+00   0.0000E+00
    26     6   0.0000E+00   0.0000E+00   0.0000E+00   0.0000E+00   0.0000E+00   0.0000E+00
    26     7   0.0000E+00   0.0000E+00   0.0000E+00   0.0000E+00   0.0000E+00   0.0000E+00
    26     8   0.0000E+00   0.0000E+00   0.0000E+00   0.0000E+00   0.0000E+00   0.0000E+00
    26     9   0.0000E+00   0.0000E+00   0.0000E+00   0.0000E+00   0.0000E+00   0.0000E+00
    26    10   0.0000E+00   0.0000E+00   0.0000E+00   0.0000E+00   0.0000E+00   0.0000E+00
    26    11   0.0000E+00   0.0000E+00   0.0000E+00   0.0000E+00   0.0000E+00   0.0000E+00
    26    12   0.0000E+00   0.0000E+00   0.0000E+00   0.0000E+00   0.0000E+00   0.0000E+00
    26    13   0.0000E+00   0.0000E+00   0.0000E+00   0.0000E+00   0.0000E+00   0.0000E+00
    26    14   0.0000E+00   0.0000E+00   0.0000E+00   0.0000E+00   0.0000E+00   0.0000E+00
    26    15   0.0000E+00   0.0000E+00   0.0000E+00   0.0000E+00   0.0000E+00   0.0000E+00
    26    16   0.0000E+00   0.0000E+00   0.0000E+00   0.0000E+00   0.0000E+00   0.0000E+00
    26    17   0.0000E+00   0.0000E+00   0.0000E+00   0.0000E+00   0.0000E+00   0.0000E+00
    26    18   0.0000E+00   0.0000E+00   0.0000E+00   0.0000E+00   0.0000E+00   0.0000E+00
    26    19   0.0000E+00   0.0000E+00   0.0000E+00   0.0000E+00   0.0000E+00   0.0000E+00
    26    20   0.0000E+00   0.0000E+00   0.0000E+00   0.0000E+00   0.0000E+00   0.0000E+00
    26    21   0.0000E+00   0.0000E+00   0.0000E+00   0.0000E+00   0.0000E+00   0.0000E+00
    26    22   0.0000E+00   0.0000E+00   0.0000E+00   0.0000E+00   0.0000E+00   0.0000E+00
    26    23   0.0000E+00   0.0000E+00   0.0000E+00   0.0000E+00   0.0000E+00   0.0000E+00
    26    24   0.0000E+00   0.0000E+00   0.0000E+00   0.0000E+00   0.0000E+00   0.0000E+00
    26    25   0.0000E+00   0.0000E+00   0.0000E+00   0.0000E+00   0.0000E+00   0.0000E+00
    26    26   0.0000E+00   0.0000E+00   0.0000E+00   0.0000E+00   0.0000E+00   0.0000E+00
    26    27   0.0000E+00   0.0000E+00   0.0000E+00   0.0000E+00   0.0000E+00   0.0000E+00
    26    28   0.0000E+00   0.0000E+00   0.0000E+00   0.0000E+00   0.0000E+00   0.0000E+00
    26    29   0.0000E+00   0.0000E+00   0.0000E+00   0.0000E+00   0.0000E+00   0.0000E+00
    26    30   0.0000E+00   0.0000E+00   0.0000E+00   0.0000E+00   0.0000E+00   0.0000E+00
    26    31   0.0000E+00   0.0000E+00   0.0000E+00   0.0000E+00   0.0000E+00   0.0000E+00
    26    32   0.0000E+00   0.0000E+00   0.0000E+00   0.0000E+00   0.0000E+00   0.0000E+00
    27     1   0.0000E+00   0.0000E+00   0.0000E+00   0.0000E+00   0.0000E+00   0.0000E+00
    27     2   0.0000E+00   0.0000E+00   0.0000E+00   0.0000E+00   0.0000E+00   0.0000E+00
    27     3   0.0000E+00   0.0000E+00   0.0000E+00   0.0000E+00   0.0000E+00   0.0000E+00
    27     4   0.0000E+00   0.0000E+00   0.0000E+00   0.0000E+00   0.0000E+00   0.0000E+00
    27     5   0.0000E+00   0.0000E+00   0.0000E+00   0.0000E+00   0.0000E+00   0.0000E+00
    27     6   0.0000E+00   0.0000E+00   0.0000E+00   0.0000E+00   0.0000E+00   0.0000E+00
    27     7   0.0000E+00   0.0000E+00   0.0000E+00   0.0000E+00   0.0000E+00   0.0000E+00
    27     8   0.0000E+00   0.0000E+00   0.0000E+00   0.0000E+00   0.0000E+00   0.0000E+00
    27     9   0.0000E+00   0.0000E+00   0.0000E+00   0.0000E+00   0.0000E+00   0.0000E+00
    27    10   0.0000E+00   0.0000E+00   0.0000E+00   0.0000E+00   0.0000E+00   0.0000E+00
    27    11   0.0000E+00   0.0000E+00   0.0000E+00   0.0000E+00   0.0000E+00   0.0000E+00
    27    12   0.0000E+00   0.0000E+00   0.0000E+00   0.0000E+00   0.0000E+00   0.0000E+00
    27    13   0.0000E+00   0.0000E+00   0.0000E+00   0.0000E+00   0.0000E+00   0.0000E+00
    27    14   0.0000E+00   0.0000E+00   0.0000E+00   0.0000E+00   0.0000E+00   0.0000E+00
    27    15   0.0000E+00   0.0000E+00   0.0000E+00   0.0000E+00   0.0000E+00   0.0000E+00
    27    16   0.0000E+00   0.0000E+00   0.0000E+00   0.0000E+00   0.0000E+00   0.0000E+00
    27    17   0.0000E+00   0.0000E+00   0.0000E+00   0.0000E+00   0.0000E+00   0.0000E+00
    27    18   0.0000E+00   0.0000E+00   0.0000E+00   0.0000E+00   0.0000E+00   0.0000E+00
    27    19   0.0000E+00   0.0000E+00   0.0000E+00   0.0000E+00   0.0000E+00   0.0000E+00
    27    20   0.0000E+00   0.0000E+00   0.0000E+00   0.0000E+00   0.0000E+00   0.0000E+00
    27    21   0.0000E+00   0.0000E+00   0.0000E+00   0.0000E+00   0.0000E+00   0.0000E+00
    27    22   0.0000E+00   0.0000E+00   0.0000E+00   0.0000E+00   0.0000E+00   0.0000E+00
    27    23   0.0000E+00   0.0000E+00   0.0000E+00   0.0000E+00   0.0000E+00   0.0000E+00
    27    24   0.0000E+00   0.0000E+00   0.0000E+00   0.0000E+00   0.0000E+00   0.0000E+00
    27    25   0.0000E+00   0.0000E+00   0.0000E+00   0.0000E+00   0.0000E+00   0.0000E+00
    27    26   0.0000E+00   0.0000E+00   0.0000E+00   0.0000E+00   0.0000E+00   0.0000E+00
    27    27   0.0000E+00   0.0000E+00   0.0000E+00   0.0000E+00   0.0000E+00   0.0000E+00
    27    28   0.0000E+00   0.0000E+00   0.0000E+00   0.0000E+00   0.0000E+00   0.0000E+00
    27    29   0.0000E+00   0.0000E+00   0.0000E+00   0.0000E+00   0.0000E+00   0.0000E+00
    27    30   0.0000E+00   0.0000E+00   0.0000E+00   0.0000E+00   0.0000E+00   0.0000E+00
    27    31   0.0000E+00   0.0000E+00   0.0000E+00   0.0000E+00   0.0000E+00   0.0000E+00
    27    32   0.0000E+00   0.0000E+00   0.0000E+00   0.0000E+00   0.0000E+00   0.0000E+00
    28     1   0.0000E+00   0.0000E+00   0.0000E+00   0.0000E+00   0.0000E+00   0.0000E+00
    28     2   0.0000E+00   0.0000E+00   0.0000E+00   0.0000E+00   0.0000E+00   0.0000E+00
    28     3   0.0000E+00   0.0000E+00   0.0000E+00   0.0000E+00   0.0000E+00   0.0000E+00
    28     4   0.0000E+00   0.0000E+00   0.0000E+00   0.0000E+00   0.0000E+00   0.0000E+00
    28     5   0.0000E+00   0.0000E+00   0.0000E+00   0.0000E+00   0.0000E+00   0.0000E+00
    28     6   0.0000E+00   0.0000E+00   0.0000E+00   0.0000E+00   0.0000E+00   0.0000E+00
    28     7   0.0000E+00   0.0000E+00   0.0000E+00   0.0000E+00   0.0000E+00   0.0000E+00
    28     8   0.0000E+00   0.0000E+00   0.0000E+00   0.0000E+00   0.0000E+00   0.0000E+00
    28     9   0.0000E+00   0.0000E+00   0.0000E+00   0.0000E+00   0.0000E+00   0.0000E+00
    28    10   0.0000E+00   0.0000E+00   0.0000E+00   0.0000E+00   0.0000E+00   0.0000E+00
    28    11   0.0000E+00   0.0000E+00   0.0000E+00   0.0000E+00   0.0000E+00   0.0000E+00
    28    12   0.0000E+00   0.0000E+00   0.0000E+00   0.0000E+00   0.0000E+00   0.0000E+00
    28    13   0.0000E+00   0.0000E+00   0.0000E+00   0.0000E+00   0.0000E+00   0.0000E+00
    28    14   0.0000E+00   0.0000E+00   0.0000E+00   0.0000E+00   0.0000E+00   0.0000E+00
    28    15   0.0000E+00   0.0000E+00   0.0000E+00   0.0000E+00   0.0000E+00   0.0000E+00
    28    16   0.0000E+00   0.0000E+00   0.0000E+00   0.0000E+00   0.0000E+00   0.0000E+00
    28    17   0.0000E+00   0.0000E+00   0.0000E+00   0.0000E+00   0.0000E+00   0.0000E+00
    28    18   0.0000E+00   0.0000E+00   0.0000E+00   0.0000E+00   0.0000E+00   0.0000E+00
    28    19   0.0000E+00   0.0000E+00   0.0000E+00   0.0000E+00   0.0000E+00   0.0000E+00
    28    20   0.0000E+00   0.0000E+00   0.0000E+00   0.0000E+00   0.0000E+00   0.0000E+00
    28    21   0.0000E+00   0.0000E+00   0.0000E+00   0.0000E+00   0.0000E+00   0.0000E+00
    28    22   0.0000E+00   0.0000E+00   0.0000E+00   0.0000E+00   0.0000E+00   0.0000E+00
    28    23   0.0000E+00   0.0000E+00   0.0000E+00   0.0000E+00   0.0000E+00   0.0000E+00
    28    24   0.0000E+00   0.0000E+00   0.0000E+00   0.0000E+00   0.0000E+00   0.0000E+00
    28    25   0.0000E+00   0.0000E+00   0.0000E+00   0.0000E+00   0.0000E+00   0.0000E+00
    28    26   0.0000E+00   0.0000E+00   0.0000E+00   0.0000E+00   0.0000E+00   0.0000E+00
    28    27   0.0000E+00   0.0000E+00   0.0000E+00   0.0000E+00   0.0000E+00   0.0000E+00
    28    28   0.0000E+00   0.0000E+00   0.0000E+00   0.0000E+00   0.0000E+00   0.0000E+00
    28    29   0.0000E+00   0.0000E+00   0.0000E+00   0.0000E+00   0.0000E+00   0.0000E+00
    28    30   0.0000E+00   0.0000E+00   0.0000E+00   0.0000E+00   0.0000E+00   0.0000E+00
    28    31   0.0000E+00   0.0000E+00   0.0000E+00   0.0000E+00   0.0000E+00   0.0000E+00
    28    32   0.0000E+00   0.0000E+00   0.0000E+00   0.0000E+00   0.0000E+00   0.0000E+00
    29     1   0.0000E+00   0.0000E+00   0.0000E+00   0.0000E+00   0.0000E+00   0.0000E+00
    29     2   0.0000E+00   0.0000E+00   0.0000E+00   0.0000E+00   0.0000E+00   0.0000E+00
    29     3   0.0000E+00   0.0000E+00   0.0000E+00   0.0000E+00   0.0000E+00   0.0000E+00
    29     4   0.0000E+00   0.0000E+00   0.0000E+00   0.0000E+00   0.0000E+00   0.0000E+00
    29     5   0.0000E+00   0.0000E+00   0.0000E+00   0.0000E+00   0.0000E+00   0.0000E+00
    29     6   0.0000E+00   0.0000E+00   0.0000E+00   0.0000E+00   0.0000E+00   0.0000E+00
    29     7   0.0000E+00   0.0000E+00   0.0000E+00   0.0000E+00   0.0000E+00   0.0000E+00
    29     8   0.0000E+00   0.0000E+00   0.0000E+00   0.0000E+00   0.0000E+00   0.0000E+00
    29     9   0.0000E+00   0.0000E+00   0.0000E+00   0.0000E+00   0.0000E+00   0.0000E+00
    29    10   0.0000E+00   0.0000E+00   0.0000E+00   0.0000E+00   0.0000E+00   0.0000E+00
    29    11   0.0000E+00   0.0000E+00   0.0000E+00   0.0000E+00   0.0000E+00   0.0000E+00
    29    12   0.0000E+00   0.0000E+00   0.0000E+00   0.0000E+00   0.0000E+00   0.0000E+00
    29    13   0.0000E+00   0.0000E+00   0.0000E+00   0.0000E+00   0.0000E+00   0.0000E+00
    29    14   0.0000E+00   0.0000E+00   0.0000E+00   0.0000E+00   0.0000E+00   0.0000E+00
    29    15   0.0000E+00   0.0000E+00   0.0000E+00   0.0000E+00   0.0000E+00   0.0000E+00
    29    16   0.0000E+00   0.0000E+00   0.0000E+00   0.0000E+00   0.0000E+00   0.0000E+00
    29    17   0.0000E+00   0.0000E+00   0.0000E+00   0.0000E+00   0.0000E+00   0.0000E+00
    29    18   0.0000E+00   0.0000E+00   0.0000E+00   0.0000E+00   0.0000E+00   0.0000E+00
    29    19   0.0000E+00   0.0000E+00   0.0000E+00   0.0000E+00   0.0000E+00   0.0000E+00
    29    20   0.0000E+00   0.0000E+00   0.0000E+00   0.0000E+00   0.0000E+00   0.0000E+00
    29    21   0.0000E+00   0.0000E+00   0.0000E+00   0.0000E+00   0.0000E+00   0.0000E+00
    29    22   0.0000E+00   0.0000E+00   0.0000E+00   0.0000E+00   0.0000E+00   0.0000E+00
    29    23   0.0000E+00   0.0000E+00   0.0000E+00   0.0000E+00   0.0000E+00   0.0000E+00
    29    24   0.0000E+00   0.0000E+00   0.0000E+00   0.0000E+00   0.0000E+00   0.0000E+00
    29    25   0.0000E+00   0.0000E+00   0.0000E+00   0.0000E+00   0.0000E+00   0.0000E+00
    29    26   0.0000E+00   0.0000E+00   0.0000E+00   0.0000E+00   0.0000E+00   0.0000E+00
    29    27   0.0000E+00   0.0000E+00   0.0000E+00   0.0000E+00   0.0000E+00   0.0000E+00
    29    28   0.0000E+00   0.0000E+00   0.0000E+00   0.0000E+00   0.0000E+00   0.0000E+00
    29    29   0.0000E+00   0.0000E+00   0.0000E+00   0.0000E+00   0.0000E+00   0.0000E+00
    29    30   0.0000E+00   0.0000E+00   0.0000E+00   0.0000E+00   0.0000E+00   0.0000E+00
    29    31   0.0000E+00   0.0000E+00   0.0000E+00   0.0000E+00   0.0000E+00   0.0000E+00
    29    32   0.0000E+00   0.0000E+00   0.0000E+00   0.0000E+00   0.0000E+00   0.0000E+00
    30     1   0.0000E+00   0.0000E+00   0.0000E+00   0.0000E+00   0.0000E+00   0.0000E+00
    30     2   0.0000E+00   0.0000E+00   0.0000E+00   0.0000E+00   0.0000E+00   0.0000E+00
    30     3   0.0000E+00   0.0000E+00   0.0000E+00   0.0000E+00   0.0000E+00   0.0000E+00
    30     4   0.0000E+00   0.0000E+00   0.0000E+00   0.0000E+00   0.0000E+00   0.0000E+00
    30     5   0.0000E+00   0.0000E+00   0.0000E+00   0.0000E+00   0.0000E+00   0.0000E+00
    30     6   0.0000E+00   0.0000E+00   0.0000E+00   0.0000E+00   0.0000E+00   0.0000E+00
    30     7   0.0000E+00   0.0000E+00   0.0000E+00   0.0000E+00   0.0000E+00   0.0000E+00
    30     8   0.0000E+00   0.0000E+00   0.0000E+00   0.0000E+00   0.0000E+00   0.0000E+00
    30     9   0.0000E+00   0.0000E+00   0.0000E+00   0.0000E+00   0.0000E+00   0.0000E+00
    30    10   0.0000E+00   0.0000E+00   0.0000E+00   0.0000E+00   0.0000E+00   0.0000E+00
    30    11   0.0000E+00   0.0000E+00   0.0000E+00   0.0000E+00   0.0000E+00   0.0000E+00
    30    12   0.0000E+00   0.0000E+00   0.0000E+00   0.0000E+00   0.0000E+00   0.0000E+00
    30    13   0.0000E+00   0.0000E+00   0.0000E+00   0.0000E+00   0.0000E+00   0.0000E+00
    30    14   0.0000E+00   0.0000E+00   0.0000E+00   0.0000E+00   0.0000E+00   0.0000E+00
    30    15   0.0000E+00   0.0000E+00   0.0000E+00   0.0000E+00   0.0000E+00   0.0000E+00
    30    16   0.0000E+00   0.0000E+00   0.0000E+00   0.0000E+00   0.0000E+00   0.0000E+00
    30    17   0.0000E+00   0.0000E+00   0.0000E+00   0.0000E+00   0.0000E+00   0.0000E+00
    30    18   0.0000E+00   0.0000E+00   0.0000E+00   0.0000E+00   0.0000E+00   0.0000E+00
    30    19   0.0000E+00   0.0000E+00   0.0000E+00   0.0000E+00   0.0000E+00   0.0000E+00
    30    20   0.0000E+00   0.0000E+00   0.0000E+00   0.0000E+00   0.0000E+00   0.0000E+00
    30    21   0.0000E+00   0.0000E+00   0.0000E+00   0.0000E+00   0.0000E+00   0.0000E+00
    30    22   0.0000E+00   0.0000E+00   0.0000E+00   0.0000E+00   0.0000E+00   0.0000E+00
    30    23   0.0000E+00   0.0000E+00   0.0000E+00   0.0000E+00   0.0000E+00   0.0000E+00
    30    24   0.0000E+00   0.0000E+00   0.0000E+00   0.0000E+00   0.0000E+00   0.0000E+00
    30    25   0.0000E+00   0.0000E+00   0.0000E+00   0.0000E+00   0.0000E+00   0.0000E+00
    30    26   0.0000E+00   0.0000E+00   0.0000E+00   0.0000E+00   0.0000E+00   0.0000E+00
    30    27   0.0000E+00   0.0000E+00   0.0000E+00   0.0000E+00   0.0000E+00   0.0000E+00
    30    28   0.0000E+00   0.0000E+00   0.0000E+00   0.0000E+00   0.0000E+00   0.0000E+00
    30    29   0.0000E+00   0.0000E+00   0.0000E+00   0.0000E+00   0.0000E+00   0.0000E+00
    30    30   0.0000E+00   0.0000E+00   0.0000E+00   0.0000E+00   0.0000E+00   0.0000E+00
    30    31   0.0000E+00   0.0000E+00   0.0000E+00   0.0000E+00   0.0000E+00   0.0000E+00
    30    32   0.0000E+00   0.0000E+00   0.0000E+00   0.0000E+00   0.0000E+00   0.0000E+00
    31     1   0.0000E+00   0.0000E+00   0.0000E+00   0.0000E+00   0.0000E+00   0.0000E+00
    31     2   0.0000E+00   0.0000E+00   0.0000E+00   0.0000E+00   0.0000E+00   0.0000E+00
    31     3   0.0000E+00   0.0000E+00   0.0000E+00   0.0000E+00   0.0000E+00   0.0000E+00
    31     4   0.0000E+00   0.0000E+00   0.0000E+00   0.0000E+00   0.0000E+00   0.0000E+00
    31     5   0.0000E+00   0.0000E+00   0.0000E+00   0.0000E+00   0.0000E+00   0.0000E+00
    31     6   0.0000E+00   0.0000E+00   0.0000E+00   0.0000E+00   0.0000E+00   0.0000E+00
    31     7   0.0000E+00   0.0000E+00   0.0000E+00   0.0000E+00   0.0000E+00   0.0000E+00
    31     8   0.0000E+00   0.0000E+00   0.0000E+00   0.0000E+00   0.0000E+00   0.0000E+00
    31     9   0.0000E+00   0.0000E+00   0.0000E+00   0.0000E+00   0.0000E+00   0.0000E+00
    31    10   0.0000E+00   0.0000E+00   0.0000E+00   0.0000E+00   0.0000E+00   0.0000E+00
    31    11   0.0000E+00   0.0000E+00   0.0000E+00   0.0000E+00   0.0000E+00   0.0000E+00
    31    12   0.0000E+00   0.0000E+00   0.0000E+00   0.0000E+00   0.0000E+00   0.0000E+00
    31    13   0.0000E+00   0.0000E+00   0.0000E+00   0.0000E+00   0.0000E+00   0.0000E+00
    31    14   0.0000E+00   0.0000E+00   0.0000E+00   0.0000E+00   0.0000E+00   0.0000E+00
    31    15   0.0000E+00   0.0000E+00   0.0000E+00   0.0000E+00   0.0000E+00   0.0000E+00
    31    16   0.0000E+00   0.0000E+00   0.0000E+00   0.0000E+00   0.0000E+00   0.0000E+00
    31    17   0.0000E+00   0.0000E+00   0.0000E+00   0.0000E+00   0.0000E+00   0.0000E+00
    31    18   0.0000E+00   0.0000E+00   0.0000E+00   0.0000E+00   0.0000E+00   0.0000E+00
    31    19   0.0000E+00   0.0000E+00   0.0000E+00   0.0000E+00   0.0000E+00   0.0000E+00
    31    20   0.0000E+00   0.0000E+00   0.0000E+00   0.0000E+00   0.0000E+00   0.0000E+00
    31    21   0.0000E+00   0.0000E+00   0.0000E+00   0.0000E+00   0.0000E+00   0.0000E+00
    31    22   0.0000E+00   0.0000E+00   0.0000E+00   0.0000E+00   0.0000E+00   0.0000E+00
    31    23   0.0000E+00   0.0000E+00   0.0000E+00   0.0000E+00   0.0000E+00   0.0000E+00
    31    24   0.0000E+00   0.0000E+00   0.0000E+00   0.0000E+00   0.0000E+00   0.0000E+00
    31    25   0.0000E+00   0.0000E+00   0.0000E+00   0.0000E+00   0.0000E+00   0.0000E+00
    31    26   0.0000E+00   0.0000E+00   0.0000E+00   0.0000E+00   0.0000E+00   0.0000E+00
    31    27   0.0000E+00   0.0000E+00   0.0000E+00   0.0000E+00   0.0000E+00   0.0000E+00
    31    28   0.0000E+00   0.0000E+00   0.0000E+00   0.0000E+00   0.0000E+00   0.0000E+00
    31    29   0.0000E+00   0.0000E+00   0.0000E+00   0.0000E+00   0.0000E+00   0.0000E+00
    31    30   0.0000E+00   0.0000E+00   0.0000E+00   0.0000E+00   0.0000E+00   0.0000E+00
    31    31   0.0000E+00   0.0000E+00   0.0000E+00   0.0000E+00   0.0000E+00   0.0000E+00
    31    32   0.0000E+00   0.0000E+00   0.0000E+00   0.0000E+00   0.0000E+00   0.0000E+00
    32     1   0.0000E+00   0.0000E+00   0.0000E+00   0.0000E+00   0.0000E+00   0.0000E+00
    32     2   0.0000E+00   0.0000E+00   0.0000E+00   0.0000E+00   0.0000E+00   0.0000E+00
    32     3   0.0000E+00   0.0000E+00   0.0000E+00   0.0000E+00   0.0000E+00   0.0000E+00
    32     4   0.0000E+00   0.0000E+00   0.0000E+00   0.0000E+00   0.0000E+00   0.0000E+00
    32     5   0.0000E+00   0.0000E+00   0.0000E+00   0.0000E+00   0.0000E+00   0.0000E+00
    32     6   0.0000E+00   0.0000E+00   0.0000E+00   0.0000E+00   0.0000E+00   0.0000E+00
    32     7   0.0000E+00   0.0000E+00   0.0000E+00   0.0000E+00   0.0000E+00   0.0000E+00
    32     8   0.0000E+00   0.0000E+00   0.0000E+00   0.0000E+00   0.0000E+00   0.0000E+00
    32     9   0.0000E+00   0.0000E+00   0.0000E+00   0.0000E+00   0.0000E+00   0.0000E+00
    32    10   0.0000E+00   0.0000E+00   0.0000E+00   0.0000E+00   0.0000E+00   0.0000E+00
    32    11   0.0000E+00   0.0000E+00   0.0000E+00   0.0000E+00   0.0000E+00   0.0000E+00
    32    12   0.0000E+00   0.0000E+00   0.0000E+00   0.0000E+00   0.0000E+00   0.0000E+00
    32    13   0.0000E+00   0.0000E+00   0.0000E+00   0.0000E+00   0.0000E+00   0.0000E+00
    32    14   0.0000E+00   0.0000E+00   0.0000E+00   0.0000E+00   0.0000E+00   0.0000E+00
    32    15   0.0000E+00   0.0000E+00   0.0000E+00   0.0000E+00   0.0000E+00   0.0000E+00
    32    16   0.0000E+00   0.0000E+00   0.0000E+00   0.0000E+00   0.0000E+00   0.0000E+00
    32    17   0.0000E+00   0.0000E+00   0.0000E+00   0.0000E+00   0.0000E+00   0.0000E+00
    32    18   0.0000E+00   0.0000E+00   0.0000E+00   0.0000E+00   0.0000E+00   0.0000E+00
    32    19   0.0000E+00   0.0000E+00   0.0000E+00   0.0000E+00   0.0000E+00   0.0000E+00
    32    20   0.0000E+00   0.0000E+00   0.0000E+00   0.0000E+00   0.0000E+00   0.0000E+00
    32    21   0.0000E+00   0.0000E+00   0.0000E+00   0.0000E+00   0.0000E+00   0.0000E+00
    32    22   0.0000E+00   0.0000E+00   0.0000E+00   0.0000E+00   0.0000E+00   0.0000E+00
    32    23   0.0000E+00   0.0000E+00   0.0000E+00   0.0000E+00   0.0000E+00   0.0000E+00
    32    24   0.0000E+00   0.0000E+00   0.0000E+00   0.0000E+00   0.0000E+00   0.0000E+00
    32    25   0.0000E+00   0.0000E+00   0.0000E+00   0.0000E+00   0.0000E+00   0.0000E+00
    32    26   0.0000E+00   0.0000E+00   0.0000E+00   0.0000E+00   0.0000E+00   0.0000E+00
    32    27   0.0000E+00   0.0000E+00   0.0000E+00   0.0000E+00   0.0000E+00   0.0000E+00
    32    28   0.0000E+00   0.0000E+00   0.0000E+00   0.0000E+00   0.0000E+00   0.0000E+00
    32    29   0.0000E+00   0.0000E+00   0.0000E+00   0.0000E+00   0.0000E+00   0.0000E+00
    32    30   0.0000E+00   0.0000E+00   0.0000E+00   0.0000E+00   0.0000E+00   0.0000E+00
    32    31   0.0000E+00   0.0000E+00   0.0000E+00   0.0000E+00   0.0000E+00   0.0000E+00
    32    32   0.0000E+00   0.0000E+00   0.0000E+00   0.0000E+00   0.0000E+00   0.0000E+00
    33     1   0.0000E+00   0.0000E+00   0.0000E+00   0.0000E+00   0.0000E+00   0.0000E+00
    33     2   0.0000E+00   0.0000E+00   0.0000E+00   0.0000E+00   0.0000E+00   0.0000E+00
    33     3   0.0000E+00   0.0000E+00   0.0000E+00   0.0000E+00   0.0000E+00   0.0000E+00
    33     4   0.0000E+00   0.0000E+00   0.0000E+00   0.0000E+00   0.0000E+00   0.0000E+00
    33     5   0.0000E+00   0.0000E+00   0.0000E+00   0.0000E+00   0.0000E+00   0.0000E+00
    33     6   0.0000E+00   0.0000E+00   0.0000E+00   0.0000E+00   0.0000E+00   0.0000E+00
    33     7   0.0000E+00   0.0000E+00   0.0000E+00   0.0000E+00   0.0000E+00   0.0000E+00
    33     8   0.0000E+00   0.0000E+00   0.0000E+00   0.0000E+00   0.0000E+00   0.0000E+00
    33     9   0.0000E+00   0.0000E+00   0.0000E+00   0.0000E+00   0.0000E+00   0.0000E+00
    33    10   0.0000E+00   0.0000E+00   0.0000E+00   0.0000E+00   0.0000E+00   0.0000E+00
    33    11   0.0000E+00   0.0000E+00   0.0000E+00   0.0000E+00   0.0000E+00   0.0000E+00
    33    12   0.0000E+00   0.0000E+00   0.0000E+00   0.0000E+00   0.0000E+00   0.0000E+00
    33    13   0.0000E+00   0.0000E+00   0.0000E+00   0.0000E+00   0.0000E+00   0.0000E+00
    33    14   0.0000E+00   0.0000E+00   0.0000E+00   0.0000E+00   0.0000E+00   0.0000E+00
    33    15   0.0000E+00   0.0000E+00   0.0000E+00   0.0000E+00   0.0000E+00   0.0000E+00
    33    16   0.0000E+00   0.0000E+00   0.0000E+00   0.0000E+00   0.0000E+00   0.0000E+00
    33    17   0.0000E+00   0.0000E+00   0.0000E+00   0.0000E+00   0.0000E+00   0.0000E+00
    33    18   0.0000E+00   0.0000E+00   0.0000E+00   0.0000E+00   0.0000E+00   0.0000E+00
    33    19   0.0000E+00   0.0000E+00   0.0000E+00   0.0000E+00   0.0000E+00   0.0000E+00
    33    20   0.0000E+00   0.0000E+00   0.0000E+00   0.0000E+00   0.0000E+00   0.0000E+00
    33    21   0.0000E+00   0.0000E+00   0.0000E+00   0.0000E+00   0.0000E+00   0.0000E+00
    33    22   0.0000E+00   0.0000E+00   0.0000E+00   0.0000E+00   0.0000E+00   0.0000E+00
    33    23   0.0000E+00   0.0000E+00   0.0000E+00   0.0000E+00   0.0000E+00   0.0000E+00
    33    24   0.0000E+00   0.0000E+00   0.0000E+00   0.0000E+00   0.0000E+00   0.0000E+00
    33    25   0.0000E+00   0.0000E+00   0.0000E+00   0.0000E+00   0.0000E+00   0.0000E+00
    33    26   0.0000E+00   0.0000E+00   0.0000E+00   0.0000E+00   0.0000E+00   0.0000E+00
    33    27   0.0000E+00   0.0000E+00   0.0000E+00   0.0000E+00   0.0000E+00   0.0000E+00
    33    28   0.0000E+00   0.0000E+00   0.0000E+00   0.0000E+00   0.0000E+00   0.0000E+00
    33    29   0.0000E+00   0.0000E+00   0.0000E+00   0.0000E+00   0.0000E+00   0.0000E+00
    33    30   0.0000E+00   0.0000E+00   0.0000E+00   0.0000E+00   0.0000E+00   0.0000E+00
    33    31   0.0000E+00   0.0000E+00   0.0000E+00   0.0000E+00   0.0000E+00   0.0000E+00
    33    32   0.0000E+00   0.0000E+00   0.0000E+00   0.0000E+00   0.0000E+00   0.0000E+00
    34     1   0.0000E+00   0.0000E+00   0.0000E+00   0.0000E+00   0.0000E+00   0.0000E+00
    34     2   0.0000E+00   0.0000E+00   0.0000E+00   0.0000E+00   0.0000E+00   0.0000E+00
    34     3   0.0000E+00   0.0000E+00   0.0000E+00   0.0000E+00   0.0000E+00   0.0000E+00
    34     4   0.0000E+00   0.0000E+00   0.0000E+00   0.0000E+00   0.0000E+00   0.0000E+00
    34     5   0.0000E+00   0.0000E+00   0.0000E+00   0.0000E+00   0.0000E+00   0.0000E+00
    34     6   0.0000E+00   0.0000E+00   0.0000E+00   0.0000E+00   0.0000E+00   0.0000E+00
    34     7   0.0000E+00   0.0000E+00   0.0000E+00   0.0000E+00   0.0000E+00   0.0000E+00
    34     8   0.0000E+00   0.0000E+00   0.0000E+00   0.0000E+00   0.0000E+00   0.0000E+00
    34     9   0.0000E+00   0.0000E+00   0.0000E+00   0.0000E+00   0.0000E+00   0.0000E+00
    34    10   0.0000E+00   0.0000E+00   0.0000E+00   0.0000E+00   0.0000E+00   0.0000E+00
    34    11   0.0000E+00   0.0000E+00   0.0000E+00   0.0000E+00   0.0000E+00   0.0000E+00
    34    12   0.0000E+00   0.0000E+00   0.0000E+00   0.0000E+00   0.0000E+00   0.0000E+00
    34    13   0.0000E+00   0.0000E+00   0.0000E+00   0.0000E+00   0.0000E+00   0.0000E+00
    34    14   0.0000E+00   0.0000E+00   0.0000E+00   0.0000E+00   0.0000E+00   0.0000E+00
    34    15   0.0000E+00   0.0000E+00   0.0000E+00   0.0000E+00   0.0000E+00   0.0000E+00
    34    16   0.0000E+00   0.0000E+00   0.0000E+00   0.0000E+00   0.0000E+00   0.0000E+00
    34    17   0.0000E+00   0.0000E+00   0.0000E+00   0.0000E+00   0.0000E+00   0.0000E+00
    34    18   0.0000E+00   0.0000E+00   0.0000E+00   0.0000E+00   0.0000E+00   0.0000E+00
    34    19   0.0000E+00   0.0000E+00   0.0000E+00   0.0000E+00   0.0000E+00   0.0000E+00
    34    20   0.0000E+00   0.0000E+00   0.0000E+00   0.0000E+00   0.0000E+00   0.0000E+00
    34    21   0.0000E+00   0.0000E+00   0.0000E+00   0.0000E+00   0.0000E+00   0.0000E+00
    34    22   0.0000E+00   0.0000E+00   0.0000E+00   0.0000E+00   0.0000E+00   0.0000E+00
    34    23   0.0000E+00   0.0000E+00   0.0000E+00   0.0000E+00   0.0000E+00   0.0000E+00
    34    24   0.0000E+00   0.0000E+00   0.0000E+00   0.0000E+00   0.0000E+00   0.0000E+00
    34    25   0.0000E+00   0.0000E+00   0.0000E+00   0.0000E+00   0.0000E+00   0.0000E+00
    34    26   0.0000E+00   0.0000E+00   0.0000E+00   0.0000E+00   0.0000E+00   0.0000E+00
    34    27   0.0000E+00   0.0000E+00   0.0000E+00   0.0000E+00   0.0000E+00   0.0000E+00
    34    28   0.0000E+00   0.0000E+00   0.0000E+00   0.0000E+00   0.0000E+00   0.0000E+00
    34    29   0.0000E+00   0.0000E+00   0.0000E+00   0.0000E+00   0.0000E+00   0.0000E+00
    34    30   0.0000E+00   0.0000E+00   0.0000E+00   0.0000E+00   0.0000E+00   0.0000E+00
    34    31   0.0000E+00   0.0000E+00   0.0000E+00   0.0000E+00   0.0000E+00   0.0000E+00
    34    32   0.0000E+00   0.0000E+00   0.0000E+00   0.0000E+00   0.0000E+00   0.0000E+00
    35     1   0.0000E+00   0.0000E+00   0.0000E+00   0.0000E+00   0.0000E+00   0.0000E+00
    35     2   0.0000E+00   0.0000E+00   0.0000E+00   0.0000E+00   0.0000E+00   0.0000E+00
    35     3   0.0000E+00   0.0000E+00   0.0000E+00   0.0000E+00   0.0000E+00   0.0000E+00
    35     4   0.0000E+00   0.0000E+00   0.0000E+00   0.0000E+00   0.0000E+00   0.0000E+00
    35     5   0.0000E+00   0.0000E+00   0.0000E+00   0.0000E+00   0.0000E+00   0.0000E+00
    35     6   0.0000E+00   0.0000E+00   0.0000E+00   0.0000E+00   0.0000E+00   0.0000E+00
    35     7   0.0000E+00   0.0000E+00   0.0000E+00   0.0000E+00   0.0000E+00   0.0000E+00
    35     8   0.0000E+00   0.0000E+00   0.0000E+00   0.0000E+00   0.0000E+00   0.0000E+00
    35     9   0.0000E+00   0.0000E+00   0.0000E+00   0.0000E+00   0.0000E+00   0.0000E+00
    35    10   0.0000E+00   0.0000E+00   0.0000E+00   0.0000E+00   0.0000E+00   0.0000E+00
    35    11   0.0000E+00   0.0000E+00   0.0000E+00   0.0000E+00   0.0000E+00   0.0000E+00
    35    12   0.0000E+00   0.0000E+00   0.0000E+00   0.0000E+00   0.0000E+00   0.0000E+00
    35    13   0.0000E+00   0.0000E+00   0.0000E+00   0.0000E+00   0.0000E+00   0.0000E+00
    35    14   0.0000E+00   0.0000E+00   0.0000E+00   0.0000E+00   0.0000E+00   0.0000E+00
    35    15   0.0000E+00   0.0000E+00   0.0000E+00   0.0000E+00   0.0000E+00   0.0000E+00
    35    16   0.0000E+00   0.0000E+00   0.0000E+00   0.0000E+00   0.0000E+00   0.0000E+00
    35    17   0.0000E+00   0.0000E+00   0.0000E+00   0.0000E+00   0.0000E+00   0.0000E+00
    35    18   0.0000E+00   0.0000E+00   0.0000E+00   0.0000E+00   0.0000E+00   0.0000E+00
    35    19   0.0000E+00   0.0000E+00   0.0000E+00   0.0000E+00   0.0000E+00   0.0000E+00
    35    20   0.0000E+00   0.0000E+00   0.0000E+00   0.0000E+00   0.0000E+00   0.0000E+00
    35    21   0.0000E+00   0.0000E+00   0.0000E+00   0.0000E+00   0.0000E+00   0.0000E+00
    35    22   0.0000E+00   0.0000E+00   0.0000E+00   0.0000E+00   0.0000E+00   0.0000E+00
    35    23   0.0000E+00   0.0000E+00   0.0000E+00   0.0000E+00   0.0000E+00   0.0000E+00
    35    24   0.0000E+00   0.0000E+00   0.0000E+00   0.0000E+00   0.0000E+00   0.0000E+00
    35    25   0.0000E+00   0.0000E+00   0.0000E+00   0.0000E+00   0.0000E+00   0.0000E+00
    35    26   0.0000E+00   0.0000E+00   0.0000E+00   0.0000E+00   0.0000E+00   0.0000E+00
    35    27   0.0000E+00   0.0000E+00   0.0000E+00   0.0000E+00   0.0000E+00   0.0000E+00
    35    28   0.0000E+00   0.0000E+00   0.0000E+00   0.0000E+00   0.0000E+00   0.0000E+00
    35    29   0.0000E+00   0.0000E+00   0.0000E+00   0.0000E+00   0.0000E+00   0.0000E+00
    35    30   0.0000E+00   0.0000E+00   0.0000E+00   0.0000E+00   0.0000E+00   0.0000E+00
    35    31   0.0000E+00   0.0000E+00   0.0000E+00   0.0000E+00   0.0000E+00   0.0000E+00
    35    32   0.0000E+00   0.0000E+00   0.0000E+00   0.0000E+00   0.0000E+00   0.0000E+00
    36     1   0.0000E+00   0.0000E+00   0.0000E+00   0.0000E+00   0.0000E+00   0.0000E+00
    36     2   0.0000E+00   0.0000E+00   0.0000E+00   0.0000E+00   0.0000E+00   0.0000E+00
    36     3   0.0000E+00   0.0000E+00   0.0000E+00   0.0000E+00   0.0000E+00   0.0000E+00
    36     4   0.0000E+00   0.0000E+00   0.0000E+00   0.0000E+00   0.0000E+00   0.0000E+00
    36     5   0.0000E+00   0.0000E+00   0.0000E+00   0.0000E+00   0.0000E+00   0.0000E+00
    36     6   0.0000E+00   0.0000E+00   0.0000E+00   0.0000E+00   0.0000E+00   0.0000E+00
    36     7   0.0000E+00   0.0000E+00   0.0000E+00   0.0000E+00   0.0000E+00   0.0000E+00
    36     8   0.0000E+00   0.0000E+00   0.0000E+00   0.0000E+00   0.0000E+00   0.0000E+00
    36     9   0.0000E+00   0.0000E+00   0.0000E+00   0.0000E+00   0.0000E+00   0.0000E+00
    36    10   0.0000E+00   0.0000E+00   0.0000E+00   0.0000E+00   0.0000E+00   0.0000E+00
    36    11   0.0000E+00   0.0000E+00   0.0000E+00   0.0000E+00   0.0000E+00   0.0000E+00
    36    12   0.0000E+00   0.0000E+00   0.0000E+00   0.0000E+00   0.0000E+00   0.0000E+00
    36    13   0.0000E+00   0.0000E+00   0.0000E+00   0.0000E+00   0.0000E+00   0.0000E+00
    36    14   0.0000E+00   0.0000E+00   0.0000E+00   0.0000E+00   0.0000E+00   0.0000E+00
    36    15   0.0000E+00   0.0000E+00   0.0000E+00   0.0000E+00   0.0000E+00   0.0000E+00
    36    16   0.0000E+00   0.0000E+00   0.0000E+00   0.0000E+00   0.0000E+00   0.0000E+00
    36    17   0.0000E+00   0.0000E+00   0.0000E+00   0.0000E+00   0.0000E+00   0.0000E+00
    36    18   0.0000E+00   0.0000E+00   0.0000E+00   0.0000E+00   0.0000E+00   0.0000E+00
    36    19   0.0000E+00   0.0000E+00   0.0000E+00   0.0000E+00   0.0000E+00   0.0000E+00
    36    20   0.0000E+00   0.0000E+00   0.0000E+00   0.0000E+00   0.0000E+00   0.0000E+00
    36    21   0.0000E+00   0.0000E+00   0.0000E+00   0.0000E+00   0.0000E+00   0.0000E+00
    36    22   0.0000E+00   0.0000E+00   0.0000E+00   0.0000E+00   0.0000E+00   0.0000E+00
    36    23   0.0000E+00   0.0000E+00   0.0000E+00   0.0000E+00   0.0000E+00   0.0000E+00
    36    24   0.0000E+00   0.0000E+00   0.0000E+00   0.0000E+00   0.0000E+00   0.0000E+00
    36    25   0.0000E+00   0.0000E+00   0.0000E+00   0.0000E+00   0.0000E+00   0.0000E+00
    36    26   0.0000E+00   0.0000E+00   0.0000E+00   0.0000E+00   0.0000E+00   0.0000E+00
    36    27   0.0000E+00   0.0000E+00   0.0000E+00   0.0000E+00   0.0000E+00   0.0000E+00
    36    28   0.0000E+00   0.0000E+00   0.0000E+00   0.0000E+00   0.0000E+00   0.0000E+00
    36    29   0.0000E+00   0.0000E+00   0.0000E+00   0.0000E+00   0.0000E+00   0.0000E+00
    36    30   0.0000E+00   0.0000E+00   0.0000E+00   0.0000E+00   0.0000E+00   0.0000E+00
    36    31   0.0000E+00   0.0000E+00   0.0000E+00   0.0000E+00   0.0000E+00   0.0000E+00
    36    32   0.0000E+00   0.0000E+00   0.0000E+00   0.0000E+00   0.0000E+00   0.0000E+00
    37     1   0.0000E+00   0.0000E+00   0.0000E+00   0.0000E+00   0.0000E+00   0.0000E+00
    37     2   0.0000E+00   0.0000E+00   0.0000E+00   0.0000E+00   0.0000E+00   0.0000E+00
    37     3   0.0000E+00   0.0000E+00   0.0000E+00   0.0000E+00   0.0000E+00   0.0000E+00
    37     4   0.0000E+00   0.0000E+00   0.0000E+00   0.0000E+00   0.0000E+00   0.0000E+00
    37     5   0.0000E+00   0.0000E+00   0.0000E+00   0.0000E+00   0.0000E+00   0.0000E+00
    37     6   0.0000E+00   0.0000E+00   0.0000E+00   0.0000E+00   0.0000E+00   0.0000E+00
    37     7   0.0000E+00   0.0000E+00   0.0000E+00   0.0000E+00   0.0000E+00   0.0000E+00
    37     8   0.0000E+00   0.0000E+00   0.0000E+00   0.0000E+00   0.0000E+00   0.0000E+00
    37     9   0.0000E+00   0.0000E+00   0.0000E+00   0.0000E+00   0.0000E+00   0.0000E+00
    37    10   0.0000E+00   0.0000E+00   0.0000E+00   0.0000E+00   0.0000E+00   0.0000E+00
    37    11   0.0000E+00   0.0000E+00   0.0000E+00   0.0000E+00   0.0000E+00   0.0000E+00
    37    12   0.0000E+00   0.0000E+00   0.0000E+00   0.0000E+00   0.0000E+00   0.0000E+00
    37    13   0.0000E+00   0.0000E+00   0.0000E+00   0.0000E+00   0.0000E+00   0.0000E+00
    37    14   0.0000E+00   0.0000E+00   0.0000E+00   0.0000E+00   0.0000E+00   0.0000E+00
    37    15   0.0000E+00   0.0000E+00   0.0000E+00   0.0000E+00   0.0000E+00   0.0000E+00
    37    16   0.0000E+00   0.0000E+00   0.0000E+00   0.0000E+00   0.0000E+00   0.0000E+00
    37    17   0.0000E+00   0.0000E+00   0.0000E+00   0.0000E+00   0.0000E+00   0.0000E+00
    37    18   0.0000E+00   0.0000E+00   0.0000E+00   0.0000E+00   0.0000E+00   0.0000E+00
    37    19   0.0000E+00   0.0000E+00   0.0000E+00   0.0000E+00   0.0000E+00   0.0000E+00
    37    20   0.0000E+00   0.0000E+00   0.0000E+00   0.0000E+00   0.0000E+00   0.0000E+00
    37    21   0.0000E+00   0.0000E+00   0.0000E+00   0.0000E+00   0.0000E+00   0.0000E+00
    37    22   0.0000E+00   0.0000E+00   0.0000E+00   0.0000E+00   0.0000E+00   0.0000E+00
    37    23   0.0000E+00   0.0000E+00   0.0000E+00   0.0000E+00   0.0000E+00   0.0000E+00
    37    24   0.0000E+00   0.0000E+00   0.0000E+00   0.0000E+00   0.0000E+00   0.0000E+00
    37    25   0.0000E+00   0.0000E+00   0.0000E+00   0.0000E+00   0.0000E+00   0.0000E+00
    37    26   0.0000E+00   0.0000E+00   0.0000E+00   0.0000E+00   0.0000E+00   0.0000E+00
    37    27   0.0000E+00   0.0000E+00   0.0000E+00   0.0000E+00   0.0000E+00   0.0000E+00
    37    28   0.0000E+00   0.0000E+00   0.0000E+00   0.0000E+00   0.0000E+00   0.0000E+00
    37    29   0.0000E+00   0.0000E+00   0.0000E+00   0.0000E+00   0.0000E+00   0.0000E+00
    37    30   0.0000E+00   0.0000E+00   0.0000E+00   0.0000E+00   0.0000E+00   0.0000E+00
    37    31   1.8936E+17   7.9386E-01   8.3524E-03   6.7620E-01   0.0000E+00   0.0000E+00
    37    32   1.4208E+17   5.6990E-01   6.8033E-04   5.3685E-01   0.0000E+00   0.0000E+00
    38     1   0.0000E+00   0.0000E+00   0.0000E+00   0.0000E+00   0.0000E+00   0.0000E+00
    38     2   0.0000E+00   0.0000E+00   0.0000E+00   0.0000E+00   0.0000E+00   0.0000E+00
    38     3   0.0000E+00   0.0000E+00   0.0000E+00   0.0000E+00   0.0000E+00   0.0000E+00
    38     4   0.0000E+00   0.0000E+00   0.0000E+00   0.0000E+00   0.0000E+00   0.0000E+00
    38     5   0.0000E+00   0.0000E+00   0.0000E+00   0.0000E+00   0.0000E+00   0.0000E+00
    38     6   0.0000E+00   0.0000E+00   0.0000E+00   0.0000E+00   0.0000E+00   0.0000E+00
    38     7   0.0000E+00   0.0000E+00   0.0000E+00   0.0000E+00   0.0000E+00   0.0000E+00
    38     8   0.0000E+00   0.0000E+00   0.0000E+00   0.0000E+00   0.0000E+00   0.0000E+00
    38     9   0.0000E+00   0.0000E+00   0.0000E+00   0.0000E+00   0.0000E+00   0.0000E+00
    38    10   0.0000E+00   0.0000E+00   0.0000E+00   0.0000E+00   0.0000E+00   0.0000E+00
    38    11   0.0000E+00   0.0000E+00   0.0000E+00   0.0000E+00   0.0000E+00   0.0000E+00
    38    12   0.0000E+00   0.0000E+00   0.0000E+00   0.0000E+00   0.0000E+00   0.0000E+00
    38    13   0.0000E+00   0.0000E+00   0.0000E+00   0.0000E+00   0.0000E+00   0.0000E+00
    38    14   0.0000E+00   0.0000E+00   0.0000E+00   0.0000E+00   0.0000E+00   0.0000E+00
    38    15   0.0000E+00   0.0000E+00   0.0000E+00   0.0000E+00   0.0000E+00   0.0000E+00
    38    16   0.0000E+00   0.0000E+00   0.0000E+00   0.0000E+00   0.0000E+00   0.0000E+00
    38    17   0.0000E+00   0.0000E+00   0.0000E+00   0.0000E+00   0.0000E+00   0.0000E+00
    38    18   0.0000E+00   0.0000E+00   0.0000E+00   0.0000E+00   0.0000E+00   0.0000E+00
    38    19   0.0000E+00   0.0000E+00   0.0000E+00   0.0000E+00   0.0000E+00   0.0000E+00
    38    20   0.0000E+00   0.0000E+00   0.0000E+00   0.0000E+00   0.0000E+00   0.0000E+00
    38    21   0.0000E+00   0.0000E+00   0.0000E+00   0.0000E+00   0.0000E+00   0.0000E+00
    38    22   0.0000E+00   0.0000E+00   0.0000E+00   0.0000E+00   0.0000E+00   0.0000E+00
    38    23   0.0000E+00   0.0000E+00   0.0000E+00   0.0000E+00   0.0000E+00   0.0000E+00
    38    24   0.0000E+00   0.0000E+00   0.0000E+00   0.0000E+00   0.0000E+00   0.0000E+00
    38    25   0.0000E+00   0.0000E+00   0.0000E+00   0.0000E+00   0.0000E+00   0.0000E+00
    38    26   0.0000E+00   0.0000E+00   0.0000E+00   0.0000E+00   0.0000E+00   0.0000E+00
    38    27   0.0000E+00   0.0000E+00   0.0000E+00   0.0000E+00   0.0000E+00   0.0000E+00
    38    28   2.0405E+17   5.8457E-01   4.6115E-03   5.7755E-01   0.0000E+00   0.0000E+00
    38    29   3.4212E+16   7.1105E-01   1.4540E-03   8.2001E-01   0.0000E+00   0.0000E+00
    38    30   6.5973E+17   4.6391E-01   1.9244E-02   4.9117E-01   0.0000E+00   0.0000E+00
    38    31   1.4574E+18   3.6160E-01   3.9438E-02   4.7898E-01   0.0000E+00   0.0000E+00
    38    32   3.0240E+18   2.4284E-01   4.2264E-02   2.9281E-01   0.0000E+00   0.0000E+00
    39     1   1.5806E+17   7.4851E-01   8.6307E-04   7.0934E-01   0.0000E+00   0.0000E+00
    39     2   0.0000E+00   0.0000E+00   0.0000E+00   0.0000E+00   0.0000E+00   0.0000E+00
    39     3   0.0000E+00   0.0000E+00   0.0000E+00   0.0000E+00   0.0000E+00   0.0000E+00
    39     4   0.0000E+00   0.0000E+00   0.0000E+00   0.0000E+00   0.0000E+00   0.0000E+00
    39     5   0.0000E+00   0.0000E+00   0.0000E+00   0.0000E+00   0.0000E+00   0.0000E+00
    39     6   0.0000E+00   0.0000E+00   0.0000E+00   0.0000E+00   0.0000E+00   0.0000E+00
    39     7   0.0000E+00   0.0000E+00   0.0000E+00   0.0000E+00   0.0000E+00   0.0000E+00
    39     8   0.0000E+00   0.0000E+00   0.0000E+00   0.0000E+00   0.0000E+00   0.0000E+00
    39     9   0.0000E+00   0.0000E+00   0.0000E+00   0.0000E+00   0.0000E+00   0.0000E+00
    39    10   0.0000E+00   0.0000E+00   0.0000E+00   0.0000E+00   0.0000E+00   0.0000E+00
    39    11   0.0000E+00   0.0000E+00   0.0000E+00   0.0000E+00   0.0000E+00   0.0000E+00
    39    12   0.0000E+00   0.0000E+00   0.0000E+00   0.0000E+00   0.0000E+00   0.0000E+00
    39    13   0.0000E+00   0.0000E+00   0.0000E+00   0.0000E+00   0.0000E+00   0.0000E+00
    39    14   0.0000E+00   0.0000E+00   0.0000E+00   0.0000E+00   0.0000E+00   0.0000E+00
    39    15   0.0000E+00   0.0000E+00   0.0000E+00   0.0000E+00   0.0000E+00   0.0000E+00
    39    16   0.0000E+00   0.0000E+00   0.0000E+00   0.0000E+00   0.0000E+00   0.0000E+00
    39    17   0.0000E+00   0.0000E+00   0.0000E+00   0.0000E+00   0.0000E+00   0.0000E+00
    39    18   0.0000E+00   0.0000E+00   0.0000E+00   0.0000E+00   0.0000E+00   0.0000E+00
    39    19   0.0000E+00   0.0000E+00   0.0000E+00   0.0000E+00   0.0000E+00   0.0000E+00
    39    20   0.0000E+00   0.0000E+00   0.0000E+00   0.0000E+00   0.0000E+00   0.0000E+00
    39    21   0.0000E+00   0.0000E+00   0.0000E+00   0.0000E+00   0.0000E+00   0.0000E+00
    39    22   0.0000E+00   0.0000E+00   0.0000E+00   0.0000E+00   0.0000E+00   0.0000E+00
    39    23   0.0000E+00   0.0000E+00   0.0000E+00   0.0000E+00   0.0000E+00   0.0000E+00
    39    24   0.0000E+00   0.0000E+00   0.0000E+00   0.0000E+00   0.0000E+00   0.0000E+00
    39    25   7.6273E+15   1.0000E+00   3.0963E-04   1.0000E+00   0.0000E+00   0.0000E+00
    39    26   6.5286E+17   4.8278E-01   2.0617E-02   5.1058E-01   0.0000E+00   0.0000E+00
    39    27   6.7026E+17   5.5496E-01   2.0201E-02   5.8529E-01   0.0000E+00   0.0000E+00
    39    28   1.0318E+18   3.5714E-01   2.3584E-02   3.7799E-01   0.0000E+00   0.0000E+00
    39    29   3.1886E+18   2.6751E-01   6.3119E-02   3.3649E-01   0.0000E+00   0.0000E+00
    39    30   6.5518E+18   2.2121E-01   1.2829E-01   2.2498E-01   0.0000E+00   0.0000E+00
    39    31   1.1020E+19   2.0804E-01   1.2085E-01   2.0972E-01   0.0000E+00   0.0000E+00
    39    32   2.5215E+19   1.4887E-01   2.1364E-01   1.5340E-01   0.0000E+00   0.0000E+00
    40     1   2.7709E+16   1.0000E+00   2.1333E-04   1.0000E+00   0.0000E+00   0.0000E+00
    40     2   0.0000E+00   0.0000E+00   0.0000E+00   0.0000E+00   0.0000E+00   0.0000E+00
    40     3   0.0000E+00   0.0000E+00   0.0000E+00   0.0000E+00   0.0000E+00   0.0000E+00
    40     4   0.0000E+00   0.0000E+00   0.0000E+00   0.0000E+00   0.0000E+00   0.0000E+00
    40     5   0.0000E+00   0.0000E+00   0.0000E+00   0.0000E+00   0.0000E+00   0.0000E+00
    40     6   0.0000E+00   0.0000E+00   0.0000E+00   0.0000E+00   0.0000E+00   0.0000E+00
    40     7   0.0000E+00   0.0000E+00   0.0000E+00   0.0000E+00   0.0000E+00   0.0000E+00
    40     8   0.0000E+00   0.0000E+00   0.0000E+00   0.0000E+00   0.0000E+00   0.0000E+00
    40     9   0.0000E+00   0.0000E+00   0.0000E+00   0.0000E+00   0.0000E+00   0.0000E+00
    40    10   0.0000E+00   0.0000E+00   0.0000E+00   0.0000E+00   0.0000E+00   0.0000E+00
    40    11   0.0000E+00   0.0000E+00   0.0000E+00   0.0000E+00   0.0000E+00   0.0000E+00
    40    12   0.0000E+00   0.0000E+00   0.0000E+00   0.0000E+00   0.0000E+00   0.0000E+00
    40    13   0.0000E+00   0.0000E+00   0.0000E+00   0.0000E+00   0.0000E+00   0.0000E+00
    40    14   0.0000E+00   0.0000E+00   0.0000E+00   0.0000E+00   0.0000E+00   0.0000E+00
    40    15   0.0000E+00   0.0000E+00   0.0000E+00   0.0000E+00   0.0000E+00   0.0000E+00
    40    16   0.0000E+00   0.0000E+00   0.0000E+00   0.0000E+00   0.0000E+00   0.0000E+00
    40    17   0.0000E+00   0.0000E+00   0.0000E+00   0.0000E+00   0.0000E+00   0.0000E+00
    40    18   0.0000E+00   0.0000E+00   0.0000E+00   0.0000E+00   0.0000E+00   0.0000E+00
    40    19   0.0000E+00   0.0000E+00   0.0000E+00   0.0000E+00   0.0000E+00   0.0000E+00
    40    20   0.0000E+00   0.0000E+00   0.0000E+00   0.0000E+00   0.0000E+00   0.0000E+00
    40    21   0.0000E+00   0.0000E+00   0.0000E+00   0.0000E+00   0.0000E+00   0.0000E+00
    40    22   0.0000E+00   0.0000E+00   0.0000E+00   0.0000E+00   0.0000E+00   0.0000E+00
    40    23   1.8970E+17   9.5028E-01   3.1897E-03   8.6545E-01   0.0000E+00   0.0000E+00
    40    24   2.5972E+17   8.0102E-01   7.3575E-03   7.1842E-01   0.0000E+00   0.0000E+00
    40    25   8.8464E+17   5.1043E-01   2.2808E-02   6.0264E-01   0.0000E+00   0.0000E+00
    40    26   4.6520E+18   2.6402E-01   1.1775E-01   2.9746E-01   0.0000E+00   0.0000E+00
    40    27   7.0505E+18   2.4406E-01   1.3607E-01   2.5823E-01   0.0000E+00   0.0000E+00
    40    28   1.2818E+19   1.8803E-01   1.9290E-01   1.7714E-01   0.0000E+00   0.0000E+00
    40    29   1.8864E+19   1.4020E-01   3.0530E-01   1.6709E-01   0.0000E+00   0.0000E+00
    40    30   2.4160E+19   1.4680E-01   3.0588E-01   1.5287E-01   0.0000E+00   0.0000E+00
    40    31   3.7429E+19   1.3265E-01   3.1437E-01   1.2361E-01   0.0000E+00   0.0000E+00
    40    32   6.0908E+19   1.1119E-01   4.8195E-01   1.0976E-01   0.0000E+00   0.0000E+00
    41     1   5.0228E+17   6.5611E-01   9.8735E-03   7.1846E-01   0.0000E+00   0.0000E+00
    41     2   0.0000E+00   0.0000E+00   0.0000E+00   0.0000E+00   0.0000E+00   0.0000E+00
    41     3   0.0000E+00   0.0000E+00   0.0000E+00   0.0000E+00   0.0000E+00   0.0000E+00
    41     4   0.0000E+00   0.0000E+00   0.0000E+00   0.0000E+00   0.0000E+00   0.0000E+00
    41     5   0.0000E+00   0.0000E+00   0.0000E+00   0.0000E+00   0.0000E+00   0.0000E+00
    41     6   0.0000E+00   0.0000E+00   0.0000E+00   0.0000E+00   0.0000E+00   0.0000E+00
    41     7   0.0000E+00   0.0000E+00   0.0000E+00   0.0000E+00   0.0000E+00   0.0000E+00
    41     8   0.0000E+00   0.0000E+00   0.0000E+00   0.0000E+00   0.0000E+00   0.0000E+00
    41     9   0.0000E+00   0.0000E+00   0.0000E+00   0.0000E+00   0.0000E+00   0.0000E+00
    41    10   0.0000E+00   0.0000E+00   0.0000E+00   0.0000E+00   0.0000E+00   0.0000E+00
    41    11   0.0000E+00   0.0000E+00   0.0000E+00   0.0000E+00   0.0000E+00   0.0000E+00
    41    12   0.0000E+00   0.0000E+00   0.0000E+00   0.0000E+00   0.0000E+00   0.0000E+00
    41    13   0.0000E+00   0.0000E+00   0.0000E+00   0.0000E+00   0.0000E+00   0.0000E+00
    41    14   0.0000E+00   0.0000E+00   0.0000E+00   0.0000E+00   0.0000E+00   0.0000E+00
    41    15   0.0000E+00   0.0000E+00   0.0000E+00   0.0000E+00   0.0000E+00   0.0000E+00
    41    16   0.0000E+00   0.0000E+00   0.0000E+00   0.0000E+00   0.0000E+00   0.0000E+00
    41    17   0.0000E+00   0.0000E+00   0.0000E+00   0.0000E+00   0.0000E+00   0.0000E+00
    41    18   0.0000E+00   0.0000E+00   0.0000E+00   0.0000E+00   0.0000E+00   0.0000E+00
    41    19   1.3007E+16   1.0000E+00   3.2723E-04   1.0000E+00   0.0000E+00   0.0000E+00
    41    20   0.0000E+00   0.0000E+00   0.0000E+00   0.0000E+00   0.0000E+00   0.0000E+00
    41    21   3.6330E+17   6.8009E-01   1.1537E-02   6.9017E-01   0.0000E+00   0.0000E+00
    41    22   6.5003E+17   4.0066E-01   1.7388E-02   4.3346E-01   0.0000E+00   0.0000E+00
    41    23   1.7763E+18   5.3543E-01   4.5403E-02   4.9155E-01   0.0000E+00   0.0000E+00
    41    24   4.9478E+18   2.4952E-01   1.1346E-01   3.2566E-01   0.0000E+00   0.0000E+00
    41    25   7.8373E+18   2.3469E-01   1.7266E-01   2.6695E-01   0.0000E+00   0.0000E+00
    41    26   2.3784E+19   1.6793E-01   3.5830E-01   1.7804E-01   0.0000E+00   0.0000E+00
    41    27   3.3228E+19   1.3654E-01   3.9319E-01   1.4124E-01   0.0000E+00   0.0000E+00
    41    28   4.8667E+19   1.1713E-01   5.2543E-01   1.3472E-01   0.0000E+00   0.0000E+00
    41    29   5.3888E+19   1.2408E-01   5.3528E-01   1.1882E-01   0.0000E+00   0.0000E+00
    41    30   5.5349E+19   1.1797E-01   4.9387E-01   1.1105E-01   0.0000E+00   0.0000E+00
    41    31   7.7358E+19   1.1240E-01   5.5054E-01   9.9920E-02   0.0000E+00   0.0000E+00
    41    32   1.0747E+20   1.0612E-01   6.9096E-01   1.0001E-01   0.0000E+00   0.0000E+00
    42     1   1.0249E+19   3.8511E-01   8.8098E-02   3.8347E-01   0.0000E+00   0.0000E+00
    42     2   2.3435E+18   4.1379E-01   3.0144E-02   5.0467E-01   0.0000E+00   0.0000E+00
    42     3   9.1313E+17   6.1584E-01   2.2012E-02   5.4566E-01   0.0000E+00   0.0000E+00
    42     4   5.2737E+17   7.9096E-01   3.5622E-03   6.3920E-01   0.0000E+00   0.0000E+00
    42     5   7.7728E+16   1.0000E+00   3.9732E-04   1.0000E+00   0.0000E+00   0.0000E+00
    42     6   0.0000E+00   0.0000E+00   0.0000E+00   0.0000E+00   0.0000E+00   0.0000E+00
    42     7   4.4510E+17   1.0000E+00   1.8509E-02   1.0000E+00   0.0000E+00   0.0000E+00
    42     8   1.1186E+17   1.0000E+00   4.3817E-03   1.0000E+00   0.0000E+00   0.0000E+00
    42     9   5.3029E+16   1.0000E+00   1.5392E-03   1.0000E+00   0.0000E+00   0.0000E+00
    42    10   0.0000E+00   0.0000E+00   0.0000E+00   0.0000E+00   0.0000E+00   0.0000E+00
    42    11   0.0000E+00   0.0000E+00   0.0000E+00   0.0000E+00   0.0000E+00   0.0000E+00
    42    12   0.0000E+00   0.0000E+00   0.0000E+00   0.0000E+00   0.0000E+00   0.0000E+00
    42    13   0.0000E+00   0.0000E+00   0.0000E+00   0.0000E+00   0.0000E+00   0.0000E+00
    42    14   0.0000E+00   0.0000E+00   0.0000E+00   0.0000E+00   0.0000E+00   0.0000E+00
    42    15   5.1582E+17   1.0000E+00   2.2536E-02   1.0000E+00   0.0000E+00   0.0000E+00
    42    16   0.0000E+00   0.0000E+00   0.0000E+00   0.0000E+00   0.0000E+00   0.0000E+00
    42    17   3.0468E+17   6.6995E-01   1.2028E-02   7.3371E-01   0.0000E+00   0.0000E+00
    42    18   6.1813E+17   8.3179E-01   2.5925E-02   8.8211E-01   0.0000E+00   0.0000E+00
    42    19   5.2073E+17   4.7198E-01   8.7740E-03   5.1894E-01   0.0000E+00   0.0000E+00
    42    20   9.5867E+17   3.5534E-01   2.1091E-02   3.6038E-01   0.0000E+00   0.0000E+00
    42    21   1.5421E+18   3.2978E-01   3.9584E-02   3.6612E-01   0.0000E+00   0.0000E+00
    42    22   9.1535E+18   2.1446E-01   1.6918E-01   2.7253E-01   0.0000E+00   0.0000E+00
    42    23   1.3186E+19   1.8759E-01   2.2995E-01   2.0420E-01   0.0000E+00   0.0000E+00
    42    24   2.0087E+19   1.7428E-01   2.9373E-01   1.9040E-01   0.0000E+00   0.0000E+00
    42    25   3.1541E+19   1.4749E-01   4.1856E-01   1.5274E-01   0.0000E+00   0.0000E+00
    42    26   3.6594E+19   1.2772E-01   5.3672E-01   1.3565E-01   0.0000E+00   0.0000E+00
    42    27   5.9562E+19   1.3402E-01   6.4984E-01   1.2913E-01   0.0000E+00   0.0000E+00
    42    28   7.7798E+19   1.1778E-01   7.1293E-01   1.2354E-01   0.0000E+00   0.0000E+00
    42    29   8.0662E+19   1.1528E-01   6.3375E-01   1.0660E-01   0.0000E+00   0.0000E+00
    42    30   9.2095E+19   1.1420E-01   6.6760E-01   9.7076E-02   0.0000E+00   0.0000E+00
    42    31   9.3997E+19   9.8516E-02   6.5610E-01   9.4732E-02   0.0000E+00   0.0000E+00
    42    32   1.0882E+20   9.7127E-02   7.5997E-01   9.2658E-02   0.0000E+00   0.0000E+00
    43     1   5.0637E+19   2.0236E-01   3.6315E-01   2.3300E-01   0.0000E+00   0.0000E+00
    43     2   1.9882E+19   2.1732E-01   2.2746E-01   2.4035E-01   0.0000E+00   0.0000E+00
    43     3   1.6311E+19   2.1516E-01   2.0256E-01   2.1929E-01   0.0000E+00   0.0000E+00
    43     4   1.3516E+19   2.0611E-01   1.6454E-01   2.0231E-01   0.0000E+00   0.0000E+00
    43     5   8.9172E+18   3.1402E-01   9.4108E-02   2.8029E-01   0.0000E+00   0.0000E+00
    43     6   9.2361E+18   2.3116E-01   2.0413E-01   2.8123E-01   0.0000E+00   0.0000E+00
    43     7   5.6331E+18   3.1443E-01   1.4117E-01   4.0109E-01   0.0000E+00   0.0000E+00
    43     8   3.4049E+18   4.2189E-01   5.3556E-02   3.8871E-01   0.0000E+00   0.0000E+00
    43     9   4.5067E+18   3.6778E-01   6.7447E-02   3.4388E-01   0.0000E+00   0.0000E+00
    43    10   1.8473E+18   3.9992E-01   3.6675E-02   3.8705E-01   0.0000E+00   0.0000E+00
    43    11   1.1545E+18   4.7316E-01   3.2531E-02   4.1898E-01   0.0000E+00   0.0000E+00
    43    12   2.5503E+18   5.8654E-01   5.3798E-02   6.1973E-01   0.0000E+00   0.0000E+00
    43    13   2.1058E+18   3.3571E-01   6.8673E-02   4.1166E-01   0.0000E+00   0.0000E+00
    43    14   1.2497E+18   4.2436E-01   2.1681E-02   4.3994E-01   0.0000E+00   0.0000E+00
    43    15   4.0211E+18   3.6145E-01   7.2302E-02   3.5259E-01   0.0000E+00   0.0000E+00
    43    16   4.1884E+18   3.8030E-01   9.1707E-02   4.6061E-01   0.0000E+00   0.0000E+00
    43    17   5.2103E+18   3.0573E-01   1.0151E-01   3.2788E-01   0.0000E+00   0.0000E+00
    43    18   5.0831E+18   3.0455E-01   9.7004E-02   3.0149E-01   0.0000E+00   0.0000E+00
    43    19   7.0694E+18   2.6399E-01   1.4858E-01   3.0014E-01   0.0000E+00   0.0000E+00
    43    20   1.2893E+19   1.8774E-01   2.3199E-01   1.9682E-01   0.0000E+00   0.0000E+00
    43    21   2.2527E+19   1.7564E-01   2.9555E-01   1.7936E-01   0.0000E+00   0.0000E+00
    43    22   3.1179E+19   1.5492E-01   3.7869E-01   1.4666E-01   0.0000E+00   0.0000E+00
    43    23   4.6064E+19   1.4868E-01   5.4978E-01   1.3734E-01   0.0000E+00   0.0000E+00
    43    24   6.0936E+19   1.2150E-01   6.8328E-01   1.2465E-01   0.0000E+00   0.0000E+00
    43    25   6.2924E+19   1.2335E-01   6.3207E-01   1.2282E-01   0.0000E+00   0.0000E+00
    43    26   6.5330E+19   1.1143E-01   7.3321E-01   1.1663E-01   0.0000E+00   0.0000E+00
    43    27   8.5762E+19   1.1090E-01   8.2791E-01   1.1884E-01   0.0000E+00   0.0000E+00
    43    28   8.7849E+19   1.0038E-01   7.4198E-01   1.0077E-01   0.0000E+00   0.0000E+00
    43    29   1.0044E+20   1.0011E-01   8.0953E-01   1.0713E-01   0.0000E+00   0.0000E+00
    43    30   1.0165E+20   1.0391E-01   7.8155E-01   9.1120E-02   0.0000E+00   0.0000E+00
    43    31   1.0790E+20   9.2125E-02   7.6471E-01   9.1911E-02   0.0000E+00   0.0000E+00
    43    32   1.2937E+20   9.2293E-02   8.6829E-01   9.2245E-02   0.0000E+00   0.0000E+00
    44     1   1.0497E+20   1.7643E-01   7.2069E-01   1.5939E-01   0.0000E+00   0.0000E+00
    44     2   6.5818E+19   1.7928E-01   4.9609E-01   1.7664E-01   0.0000E+00   0.0000E+00
    44     3   7.3756E+19   2.2543E-01   5.5329E-01   1.6766E-01   0.0000E+00   0.0000E+00
    44     4   6.1970E+19   1.4644E-01   6.0781E-01   1.5308E-01   0.0000E+00   0.0000E+00
    44     5   6.2329E+19   1.6480E-01   5.5335E-01   1.8920E-01   0.0000E+00   0.0000E+00
    44     6   4.9244E+19   1.8331E-01   6.2749E-01   2.3002E-01   0.0000E+00   0.0000E+00
    44     7   3.7029E+19   1.6726E-01   4.8407E-01   1.9677E-01   0.0000E+00   0.0000E+00
    44     8   3.0578E+19   2.0544E-01   3.8464E-01   2.0232E-01   0.0000E+00   0.0000E+00
    44     9   2.2622E+19   2.0465E-01   2.9592E-01   2.0475E-01   0.0000E+00   0.0000E+00
    44    10   2.0750E+19   2.1160E-01   2.9683E-01   1.9831E-01   0.0000E+00   0.0000E+00
    44    11   2.2297E+19   2.1350E-01   3.1901E-01   2.6014E-01   0.0000E+00   0.0000E+00
    44    12   2.0268E+19   2.0783E-01   3.4361E-01   2.5256E-01   0.0000E+00   0.0000E+00
    44    13   1.3673E+19   2.3600E-01   1.6952E-01   2.2996E-01   0.0000E+00   0.0000E+00
    44    14   1.4261E+19   2.4695E-01   1.9242E-01   2.5800E-01   0.0000E+00   0.0000E+00
    44    15   2.3325E+19   2.3422E-01   3.9486E-01   2.1704E-01   0.0000E+00   0.0000E+00
    44    16   2.2845E+19   1.7881E-01   3.3928E-01   1.8399E-01   0.0000E+00   0.0000E+00
    44    17   2.1518E+19   1.9388E-01   2.8170E-01   2.0422E-01   0.0000E+00   0.0000E+00
    44    18   3.2680E+19   1.7702E-01   4.0930E-01   1.9137E-01   0.0000E+00   0.0000E+00
    44    19   3.1074E+19   1.7495E-01   3.4599E-01   1.8628E-01   0.0000E+00   0.0000E+00
    44    20   4.1893E+19   1.4053E-01   6.5348E-01   1.6669E-01   0.0000E+00   0.0000E+00
    44    21   6.8559E+19   1.3242E-01   7.2988E-01   1.3137E-01   0.0000E+00   0.0000E+00
    44    22   7.0108E+19   1.3212E-01   6.9791E-01   1.3809E-01   0.0000E+00   0.0000E+00
    44    23   7.3994E+19   1.2032E-01   7.7147E-01   1.4897E-01   0.0000E+00   0.0000E+00
    44    24   9.1404E+19   1.1003E-01   9.3908E-01   1.1398E-01   0.0000E+00   0.0000E+00
    44    25   8.0823E+19   1.1337E-01   7.4032E-01   1.0911E-01   0.0000E+00   0.0000E+00
    44    26   1.0860E+20   1.0523E-01   9.3231E-01   1.0812E-01   0.0000E+00   0.0000E+00
    44    27   1.0599E+20   1.0197E-01   9.3156E-01   1.0535E-01   0.0000E+00   0.0000E+00
    44    28   1.1129E+20   1.0574E-01   8.4780E-01   9.5442E-02   0.0000E+00   0.0000E+00
    44    29   9.8651E+19   1.0523E-01   7.9324E-01   9.4276E-02   0.0000E+00   0.0000E+00
    44    30   1.1757E+20   9.7661E-02   8.3729E-01   9.9305E-02   0.0000E+00   0.0000E+00
    44    31   1.2163E+20   9.9567E-02   8.4570E-01   9.6466E-02   0.0000E+00   0.0000E+00
    44    32   1.5680E+20   9.3844E-02   1.0690E+00   8.8490E-02   0.0000E+00   0.0000E+00
    45     1   1.4660E+20   1.6061E-01   9.1076E-01   1.4288E-01   0.0000E+00   0.0000E+00
    45     2   1.1286E+20   1.5058E-01   7.1084E-01   1.3480E-01   0.0000E+00   0.0000E+00
    45     3   1.0179E+20   1.3348E-01   7.5005E-01   1.4177E-01   0.0000E+00   0.0000E+00
    45     4   9.5621E+19   1.3373E-01   7.8251E-01   1.4351E-01   0.0000E+00   0.0000E+00
    45     5   1.0422E+20   1.4459E-01   8.9308E-01   1.4636E-01   0.0000E+00   0.0000E+00
    45     6   1.0634E+20   1.2567E-01   1.0169E+00   1.4014E-01   0.0000E+00   0.0000E+00
    45     7   9.8347E+19   1.3074E-01   9.8634E-01   1.6817E-01   0.0000E+00   0.0000E+00
    45     8   9.1073E+19   1.4943E-01   8.7041E-01   1.5818E-01   0.0000E+00   0.0000E+00
    45     9   6.8835E+19   1.5321E-01   7.2184E-01   1.6171E-01   0.0000E+00   0.0000E+00
    45    10   7.3600E+19   1.4296E-01   7.5550E-01   1.3910E-01   0.0000E+00   0.0000E+00
    45    11   7.1474E+19   1.5221E-01   7.2074E-01   1.7423E-01   0.0000E+00   0.0000E+00
    45    12   7.7087E+19   1.5477E-01   7.3839E-01   1.5697E-01   0.0000E+00   0.0000E+00
    45    13   8.0339E+19   1.5971E-01   6.0402E-01   1.3865E-01   0.0000E+00   0.0000E+00
    45    14   8.6810E+19   1.3541E-01   8.1637E-01   1.4515E-01   0.0000E+00   0.0000E+00
    45    15   7.4380E+19   1.4502E-01   6.8704E-01   1.4158E-01   0.0000E+00   0.0000E+00
    45    16   7.4254E+19   1.4525E-01   7.4278E-01   1.5242E-01   0.0000E+00   0.0000E+00
    45    17   5.7808E+19   1.4090E-01   6.4651E-01   1.5150E-01   0.0000E+00   0.0000E+00
    45    18   6.3303E+19   1.2477E-01   6.4622E-01   1.5186E-01   0.0000E+00   0.0000E+00
    45    19   7.4122E+19   1.2858E-01   6.6711E-01   1.4284E-01   0.0000E+00   0.0000E+00
    45    20   8.8572E+19   1.4241E-01   8.9066E-01   1.6542E-01   0.0000E+00   0.0000E+00
    45    21   9.8492E+19   1.1426E-01   1.0692E+00   1.2241E-01   0.0000E+00   0.0000E+00
    45    22   9.7853E+19   1.0836E-01   1.0416E+00   1.2435E-01   0.0000E+00   0.0000E+00
    45    23   8.2691E+19   1.1497E-01   8.4257E-01   1.2971E-01   0.0000E+00   0.0000E+00
    45    24   1.0922E+20   1.0375E-01   9.9606E-01   1.0176E-01   0.0000E+00   0.0000E+00
    45    25   1.0183E+20   1.0346E-01   9.7116E-01   1.0055E-01   0.0000E+00   0.0000E+00
    45    26   1.1370E+20   1.1078E-01   9.2950E-01   1.0136E-01   0.0000E+00   0.0000E+00
    45    27   1.1747E+20   1.0017E-01   1.0218E+00   9.9033E-02   0.0000E+00   0.0000E+00
    45    28   1.0816E+20   9.8649E-02   8.6131E-01   9.7589E-02   0.0000E+00   0.0000E+00
    45    29   1.0980E+20   1.0004E-01   9.1641E-01   9.3764E-02   0.0000E+00   0.0000E+00
    45    30   1.1957E+20   1.0557E-01   8.8700E-01   9.3289E-02   0.0000E+00   0.0000E+00
    45    31   1.2973E+20   1.0482E-01   1.0212E+00   1.0020E-01   0.0000E+00   0.0000E+00
    45    32   1.5868E+20   1.0193E-01   1.0407E+00   8.9850E-02   0.0000E+00   0.0000E+00
    46     1   1.8239E+20   1.1997E-01   1.2439E+00   1.2819E-01   0.0000E+00   0.0000E+00
    46     2   1.6356E+20   1.2770E-01   1.0728E+00   1.2385E-01   0.0000E+00   0.0000E+00
    46     3   1.5281E+20   1.1632E-01   1.0148E+00   1.1596E-01   0.0000E+00   0.0000E+00
    46     4   1.4726E+20   1.1657E-01   1.1872E+00   1.2412E-01   0.0000E+00   0.0000E+00
    46     5   1.4314E+20   1.2025E-01   1.0459E+00   1.2446E-01   0.0000E+00   0.0000E+00
    46     6   1.3097E+20   1.4301E-01   1.0732E+00   1.5249E-01   0.0000E+00   0.0000E+00
    46     7   1.2782E+20   1.3506E-01   9.0529E-01   1.7491E-01   0.0000E+00   0.0000E+00
    46     8   1.3071E+20   1.3601E-01   9.4078E-01   1.5546E-01   0.0000E+00   0.0000E+00
    46     9   1.3883E+20   1.2553E-01   1.0339E+00   1.3253E-01   0.0000E+00   0.0000E+00
    46    10   1.1687E+20   1.2521E-01   9.9211E-01   1.4408E-01   0.0000E+00   0.0000E+00
    46    11   1.1474E+20   1.2113E-01   1.0544E+00   1.4217E-01   0.0000E+00   0.0000E+00
    46    12   1.2482E+20   1.1795E-01   1.1001E+00   1.2869E-01   0.0000E+00   0.0000E+00
    46    13   1.3357E+20   1.1497E-01   1.3639E+00   1.5224E-01   0.0000E+00   0.0000E+00
    46    14   1.1020E+20   1.2633E-01   1.1114E+00   1.3293E-01   0.0000E+00   0.0000E+00
    46    15   1.0532E+20   1.1318E-01   9.5791E-01   1.2553E-01   0.0000E+00   0.0000E+00
    46    16   9.6614E+19   1.1419E-01   9.1340E-01   1.2432E-01   0.0000E+00   0.0000E+00
    46    17   1.0861E+20   1.2779E-01   1.0339E+00   1.5090E-01   0.0000E+00   0.0000E+00
    46    18   9.5075E+19   1.1684E-01   9.2545E-01   1.3802E-01   0.0000E+00   0.0000E+00
    46    19   1.0017E+20   1.3350E-01   9.1529E-01   1.5008E-01   0.0000E+00   0.0000E+00
    46    20   9.3840E+19   1.2395E-01   9.0254E-01   1.2549E-01   0.0000E+00   0.0000E+00
    46    21   1.0860E+20   1.1046E-01   1.1106E+00   1.2459E-01   0.0000E+00   0.0000E+00
    46    22   1.1583E+20   1.1067E-01   1.2154E+00   1.2847E-01   0.0000E+00   0.0000E+00
    46    23   1.0280E+20   1.1342E-01   1.0531E+00   1.0932E-01   0.0000E+00   0.0000E+00
    46    24   1.0363E+20   1.1464E-01   9.5840E-01   1.0774E-01   0.0000E+00   0.0000E+00
    46    25   1.3992E+20   1.0667E-01   1.1901E+00   9.9506E-02   0.0000E+00   0.0000E+00
    46    26   1.1964E+20   9.8982E-02   1.1269E+00   9.3093E-02   0.0000E+00   0.0000E+00
    46    27   1.0501E+20   1.1232E-01   9.4503E-01   1.0639E-01   0.0000E+00   0.0000E+00
    46    28   1.1135E+20   1.1394E-01   8.1527E-01   1.0258E-01   0.0000E+00   0.0000E+00
    46    29   1.2004E+20   9.3493E-02   1.0315E+00   9.0852E-02   0.0000E+00   0.0000E+00
    46    30   1.1868E+20   9.9990E-02   1.0026E+00   9.2655E-02   0.0000E+00   0.0000E+00
    46    31   1.5215E+20   9.6146E-02   1.0918E+00   8.7514E-02   0.0000E+00   0.0000E+00
    46    32   1.6544E+20   1.0079E-01   9.7227E-01   9.5730E-02   0.0000E+00   0.0000E+00
    47     1   2.4340E+20   1.5165E-01   1.1329E+00   1.2487E-01   0.0000E+00   0.0000E+00
    47     2   2.1088E+20   1.2523E-01   1.2166E+00   1.1443E-01   0.0000E+00   0.0000E+00
    47     3   1.8461E+20   1.2395E-01   1.1386E+00   1.1546E-01   0.0000E+00   0.0000E+00
    47     4   1.8978E+20   1.2912E-01   1.3171E+00   1.2148E-01   0.0000E+00   0.0000E+00
    47     5   2.0495E+20   1.2645E-01   1.3078E+00   1.1497E-01   0.0000E+00   0.0000E+00
    47     6   1.6786E+20   1.3150E-01   1.2728E+00   1.3053E-01   0.0000E+00   0.0000E+00
    47     7   1.6062E+20   1.4127E-01   1.1706E+00   1.2697E-01   0.0000E+00   0.0000E+00
    47     8   1.5203E+20   1.2661E-01   1.1872E+00   1.4099E-01   0.0000E+00   0.0000E+00
    47     9   1.3875E+20   1.1594E-01   1.0738E+00   1.1892E-01   0.0000E+00   0.0000E+00
    47    10   1.2184E+20   1.2895E-01   1.0485E+00   1.5593E-01   0.0000E+00   0.0000E+00
    47    11   1.1528E+20   1.2778E-01   1.0713E+00   1.6473E-01   0.0000E+00   0.0000E+00
    47    12   1.3407E+20   1.2062E-01   1.3428E+00   1.5647E-01   0.0000E+00   0.0000E+00
    47    13   1.3093E+20   1.1260E-01   1.3395E+00   1.3113E-01   0.0000E+00   0.0000E+00
    47    14   1.3473E+20   1.2195E-01   1.1674E+00   1.2294E-01   0.0000E+00   0.0000E+00
    47    15   1.4156E+20   1.2805E-01   1.2749E+00   1.1987E-01   0.0000E+00   0.0000E+00
    47    16   1.3697E+20   1.2574E-01   1.1536E+00   1.3719E-01   0.0000E+00   0.0000E+00
    47    17   1.1848E+20   1.1787E-01   9.5490E-01   1.4359E-01   0.0000E+00   0.0000E+00
    47    18   1.1703E+20   1.2439E-01   1.0985E+00   1.4234E-01   0.0000E+00   0.0000E+00
    47    19   1.0972E+20   1.1492E-01   1.0586E+00   1.3334E-01   0.0000E+00   0.0000E+00
    47    20   1.1203E+20   1.1018E-01   1.1695E+00   1.2426E-01   0.0000E+00   0.0000E+00
    47    21   1.1018E+20   1.0995E-01   1.1021E+00   1.1658E-01   0.0000E+00   0.0000E+00
    47    22   1.3020E+20   1.0677E-01   1.2788E+00   1.2758E-01   0.0000E+00   0.0000E+00
    47    23   1.3766E+20   1.0841E-01   1.1381E+00   9.8004E-02   0.0000E+00   0.0000E+00
    47    24   1.5069E+20   1.1887E-01   1.2259E+00   1.0997E-01   0.0000E+00   0.0000E+00
    47    25   1.2817E+20   1.1065E-01   1.1606E+00   1.0036E-01   0.0000E+00   0.0000E+00
    47    26   1.2316E+20   1.0562E-01   1.1312E+00   9.8640E-02   0.0000E+00   0.0000E+00
    47    27   1.2358E+20   1.0919E-01   9.5072E-01   9.9715E-02   0.0000E+00   0.0000E+00
    47    28   1.1405E+20   1.0973E-01   9.6869E-01   1.0034E-01   0.0000E+00   0.0000E+00
    47    29   1.1372E+20   9.9171E-02   1.0549E+00   9.7605E-02   0.0000E+00   0.0000E+00
    47    30   1.2724E+20   9.2867E-02   1.0601E+00   9.4041E-02   0.0000E+00   0.0000E+00
    47    31   1.4863E+20   9.5046E-02   1.1404E+00   8.2551E-02   0.0000E+00   0.0000E+00
    47    32   1.6701E+20   9.6024E-02   1.0231E+00   9.4194E-02   0.0000E+00   0.0000E+00
    48     1   2.9715E+20   1.2655E-01   1.5493E+00   1.0961E-01   0.0000E+00   0.0000E+00
    48     2   2.7274E+20   1.5293E-01   1.3479E+00   1.1750E-01   0.0000E+00   0.0000E+00
    48     3   2.0402E+20   1.2528E-01   1.1132E+00   1.2958E-01   0.0000E+00   0.0000E+00
    48     4   1.8617E+20   1.1533E-01   1.1832E+00   1.1473E-01   0.0000E+00   0.0000E+00
    48     5   1.6956E+20   1.1509E-01   1.3008E+00   1.2035E-01   0.0000E+00   0.0000E+00
    48     6   1.7951E+20   1.2053E-01   1.2938E+00   1.1881E-01   0.0000E+00   0.0000E+00
    48     7   1.8837E+20   1.1369E-01   1.3066E+00   1.2144E-01   0.0000E+00   0.0000E+00
    48     8   1.8325E+20   1.1492E-01   1.3679E+00   1.3950E-01   0.0000E+00   0.0000E+00
    48     9   1.6190E+20   1.2148E-01   1.1410E+00   1.3153E-01   0.0000E+00   0.0000E+00
    48    10   1.5070E+20   1.2404E-01   1.2181E+00   1.7180E-01   0.0000E+00   0.0000E+00
    48    11   1.5759E+20   1.2234E-01   1.3238E+00   1.3363E-01   0.0000E+00   0.0000E+00
    48    12   1.5603E+20   1.2265E-01   1.5160E+00   1.4261E-01   0.0000E+00   0.0000E+00
    48    13   1.4896E+20   1.4900E-01   1.1913E+00   1.4028E-01   0.0000E+00   0.0000E+00
    48    14   1.4087E+20   1.4398E-01   1.1757E+00   1.3822E-01   0.0000E+00   0.0000E+00
    48    15   1.4602E+20   1.1396E-01   1.2907E+00   1.2281E-01   0.0000E+00   0.0000E+00
    48    16   1.3475E+20   1.1415E-01   1.2257E+00   1.2574E-01   0.0000E+00   0.0000E+00
    48    17   1.4043E+20   1.2314E-01   1.0662E+00   1.4023E-01   0.0000E+00   0.0000E+00
    48    18   1.2317E+20   1.2670E-01   1.0586E+00   1.3867E-01   0.0000E+00   0.0000E+00
    48    19   1.2345E+20   1.1713E-01   1.2224E+00   1.4153E-01   0.0000E+00   0.0000E+00
    48    20   1.3307E+20   1.1047E-01   1.2290E+00   1.1226E-01   0.0000E+00   0.0000E+00
    48    21   1.4065E+20   1.0799E-01   1.1154E+00   1.0486E-01   0.0000E+00   0.0000E+00
    48    22   1.4834E+20   1.0596E-01   1.4233E+00   1.1188E-01   0.0000E+00   0.0000E+00
    48    23   1.3581E+20   1.1966E-01   1.3264E+00   1.1204E-01   0.0000E+00   0.0000E+00
    48    24   1.1096E+20   1.2606E-01   1.0398E+00   1.0658E-01   0.0000E+00   0.0000E+00
    48    25   1.2275E+20   1.2067E-01   1.1427E+00   1.0872E-01   0.0000E+00   0.0000E+00
    48    26   1.3510E+20   1.1938E-01   1.1594E+00   9.7610E-02   0.0000E+00   0.0000E+00
    48    27   1.2622E+20   1.2701E-01   1.0222E+00   9.9397E-02   0.0000E+00   0.0000E+00
    48    28   1.2689E+20   1.2100E-01   9.8725E-01   1.0287E-01   0.0000E+00   0.0000E+00
    48    29   1.3627E+20   1.1280E-01   1.0745E+00   9.3398E-02   0.0000E+00   0.0000E+00
    48    30   1.5594E+20   1.1377E-01   1.0400E+00   9.5749E-02   0.0000E+00   0.0000E+00
    48    31   1.5550E+20   1.0172E-01   1.1260E+00   8.5325E-02   0.0000E+00   0.0000E+00
    48    32   1.9267E+20   1.0742E-01   1.1414E+00   9.5198E-02   0.0000E+00   0.0000E+00
    49     1   2.8141E+20   1.1883E-01   1.6003E+00   1.1822E-01   0.0000E+00   0.0000E+00
    49     2   2.2302E+20   1.1536E-01   1.3062E+00   1.1919E-01   0.0000E+00   0.0000E+00
    49     3   2.2428E+20   1.1744E-01   1.1663E+00   1.1015E-01   0.0000E+00   0.0000E+00
    49     4   2.0390E+20   1.1510E-01   1.2278E+00   1.1227E-01   0.0000E+00   0.0000E+00
    49     5   2.1236E+20   1.2569E-01   1.2603E+00   1.0378E-01   0.0000E+00   0.0000E+00
    49     6   1.7175E+20   1.1193E-01   1.3199E+00   1.2310E-01   0.0000E+00   0.0000E+00
    49     7   1.6618E+20   1.1414E-01   1.3410E+00   1.2196E-01   0.0000E+00   0.0000E+00
    49     8   1.5978E+20   1.2189E-01   1.2162E+00   1.3730E-01   0.0000E+00   0.0000E+00
    49     9   1.5085E+20   1.1289E-01   1.4268E+00   1.7011E-01   0.0000E+00   0.0000E+00
    49    10   1.6298E+20   1.1104E-01   1.4179E+00   1.2287E-01   0.0000E+00   0.0000E+00
    49    11   1.5209E+20   1.3828E-01   1.2415E+00   1.3523E-01   0.0000E+00   0.0000E+00
    49    12   1.5119E+20   1.3889E-01   9.7301E-01   1.3806E-01   0.0000E+00   0.0000E+00
    49    13   1.4710E+20   1.1475E-01   1.3671E+00   1.4604E-01   0.0000E+00   0.0000E+00
    49    14   1.4265E+20   1.2004E-01   1.3817E+00   1.4753E-01   0.0000E+00   0.0000E+00
    49    15   1.3734E+20   1.1733E-01   1.2841E+00   1.3698E-01   0.0000E+00   0.0000E+00
    49    16   1.5932E+20   1.3019E-01   1.1182E+00   1.2802E-01   0.0000E+00   0.0000E+00
    49    17   1.7215E+20   1.2748E-01   1.3731E+00   1.4446E-01   0.0000E+00   0.0000E+00
    49    18   1.5310E+20   1.3062E-01   1.1224E+00   1.2613E-01   0.0000E+00   0.0000E+00
    49    19   1.4772E+20   1.2319E-01   1.3034E+00   1.3795E-01   0.0000E+00   0.0000E+00
    49    20   1.3418E+20   1.2419E-01   1.1427E+00   1.1167E-01   0.0000E+00   0.0000E+00
    49    21   1.3783E+20   1.1788E-01   1.2261E+00   1.1182E-01   0.0000E+00   0.0000E+00
    49    22   1.5318E+20   1.0708E-01   1.3990E+00   1.0051E-01   0.0000E+00   0.0000E+00
    49    23   1.5800E+20   1.0721E-01   1.2923E+00   9.9307E-02   0.0000E+00   0.0000E+00
    49    24   1.5158E+20   1.3009E-01   1.3471E+00   1.1256E-01   0.0000E+00   0.0000E+00
    49    25   1.2799E+20   1.1194E-01   1.1911E+00   9.7461E-02   0.0000E+00   0.0000E+00
    49    26   1.3328E+20   1.0639E-01   1.2976E+00   1.0227E-01   0.0000E+00   0.0000E+00
    49    27   1.2175E+20   1.0100E-01   1.3183E+00   9.5137E-02   0.0000E+00   0.0000E+00
    49    28   1.3532E+20   1.0392E-01   1.0474E+00   9.9609E-02   0.0000E+00   0.0000E+00
    49    29   1.4612E+20   9.5167E-02   1.1764E+00   9.0554E-02   0.0000E+00   0.0000E+00
    49    30   1.3978E+20   9.1703E-02   1.2282E+00   8.8156E-02   0.0000E+00   0.0000E+00
    49    31   1.6398E+20   1.0477E-01   1.0943E+00   8.3554E-02   0.0000E+00   0.0000E+00
    49    32   1.7851E+20   9.9076E-02   1.1390E+00   8.8369E-02   0.0000E+00   0.0000E+00
    50     1   2.7961E+20   1.0250E-01   1.7601E+00   1.0947E-01   0.0000E+00   0.0000E+00
    50     2   2.3758E+20   1.0924E-01   1.5552E+00   1.1199E-01   0.0000E+00   0.0000E+00
    50     3   2.2475E+20   1.1768E-01   1.3056E+00   1.1728E-01   0.0000E+00   0.0000E+00
    50     4   2.1289E+20   1.2646E-01   1.2281E+00   1.1527E-01   0.0000E+00   0.0000E+00
    50     5   1.7880E+20   1.1277E-01   1.2671E+00   1.1692E-01   0.0000E+00   0.0000E+00
    50     6   1.7598E+20   1.1153E-01   1.1506E+00   1.1153E-01   0.0000E+00   0.0000E+00
    50     7   1.7521E+20   1.1585E-01   1.2513E+00   1.1713E-01   0.0000E+00   0.0000E+00
    50     8   1.9427E+20   1.1626E-01   1.7214E+00   1.4866E-01   0.0000E+00   0.0000E+00
    50     9   2.1635E+20   1.2280E-01   1.9325E+00   1.3660E-01   0.0000E+00   0.0000E+00
    50    10   1.8012E+20   1.3123E-01   1.4168E+00   1.2813E-01   0.0000E+00   0.0000E+00
    50    11   1.5724E+20   1.2073E-01   1.3124E+00   1.3730E-01   0.0000E+00   0.0000E+00
    50    12   1.3471E+20   1.3432E-01   1.1292E+00   1.6571E-01   0.0000E+00   0.0000E+00
    50    13   1.2926E+20   1.3512E-01   9.7813E-01   1.3211E-01   0.0000E+00   0.0000E+00
    50    14   1.5838E+20   1.1762E-01   1.3382E+00   1.2819E-01   0.0000E+00   0.0000E+00
    50    15   1.7341E+20   1.2856E-01   1.4112E+00   1.5294E-01   0.0000E+00   0.0000E+00
    50    16   1.5231E+20   1.3373E-01   1.1767E+00   1.5783E-01   0.0000E+00   0.0000E+00
    50    17   1.2717E+20   1.2454E-01   1.0331E+00   1.4308E-01   0.0000E+00   0.0000E+00
    50    18   1.3446E+20   1.1426E-01   1.2757E+00   1.2690E-01   0.0000E+00   0.0000E+00
    50    19   1.2877E+20   1.2318E-01   1.3027E+00   1.3576E-01   0.0000E+00   0.0000E+00
    50    20   1.3989E+20   1.1259E-01   1.2039E+00   1.1060E-01   0.0000E+00   0.0000E+00
    50    21   1.5066E+20   1.0424E-01   1.4899E+00   1.1654E-01   0.0000E+00   0.0000E+00
    50    22   1.4259E+20   1.0422E-01   1.3261E+00   1.0730E-01   0.0000E+00   0.0000E+00
    50    23   1.3399E+20   1.0680E-01   1.2314E+00   1.0514E-01   0.0000E+00   0.0000E+00
    50    24   1.6837E+20   1.2058E-01   1.4424E+00   9.9537E-02   0.0000E+00   0.0000E+00
    50    25   1.7200E+20   1.1452E-01   1.4479E+00   9.9404E-02   0.0000E+00   0.0000E+00
    50    26   1.4603E+20   1.0653E-01   1.3834E+00   9.3146E-02   0.0000E+00   0.0000E+00
    50    27   1.4316E+20   1.0358E-01   1.4329E+00   9.5087E-02   0.0000E+00   0.0000E+00
    50    28   1.4621E+20   1.1036E-01   1.0859E+00   9.6257E-02   0.0000E+00   0.0000E+00
    50    29   1.6621E+20   1.0349E-01   1.2784E+00   8.9586E-02   0.0000E+00   0.0000E+00
    50    30   1.7296E+20   9.7720E-02   1.3194E+00   8.6896E-02   0.0000E+00   0.0000E+00
    50    31   1.5250E+20   1.0111E-01   1.0819E+00   8.9583E-02   0.0000E+00   0.0000E+00
    50    32   1.7957E+20   1.0078E-01   1.1878E+00   9.6077E-02   0.0000E+00   0.0000E+00
    51     1   2.2512E+20   1.2535E-01   1.2581E+00   1.2768E-01   0.0000E+00   0.0000E+00
    51     2   1.9986E+20   1.1601E-01   1.2980E+00   1.1901E-01   0.0000E+00   0.0000E+00
    51     3   1.9277E+20   1.1793E-01   1.4140E+00   1.2252E-01   0.0000E+00   0.0000E+00
    51     4   1.8708E+20   1.0831E-01   1.3542E+00   1.2637E-01   0.0000E+00   0.0000E+00
    51     5   2.0677E+20   1.2222E-01   1.2531E+00   1.1208E-01   0.0000E+00   0.0000E+00
    51     6   2.0589E+20   1.1612E-01   1.4185E+00   1.1364E-01   0.0000E+00   0.0000E+00
    51     7   1.9921E+20   1.1063E-01   1.5963E+00   1.2902E-01   0.0000E+00   0.0000E+00
    51     8   2.1441E+20   1.2664E-01   1.8228E+00   1.1683E-01   0.0000E+00   0.0000E+00
    51     9   2.1809E+20   1.1364E-01   1.8333E+00   1.2599E-01   0.0000E+00   0.0000E+00
    51    10   1.9214E+20   1.1149E-01   1.8700E+00   1.2295E-01   0.0000E+00   0.0000E+00
    51    11   1.8587E+20   1.1360E-01   1.7238E+00   1.3458E-01   0.0000E+00   0.0000E+00
    51    12   1.6433E+20   1.2640E-01   1.3085E+00   1.4346E-01   0.0000E+00   0.0000E+00
    51    13   1.6372E+20   1.1928E-01   1.2448E+00   1.2852E-01   0.0000E+00   0.0000E+00
    51    14   1.7503E+20   1.1106E-01   1.6508E+00   1.2701E-01   0.0000E+00   0.0000E+00
    51    15   1.4487E+20   1.4984E-01   1.3026E+00   1.6218E-01   0.0000E+00   0.0000E+00
    51    16   1.3423E+20   1.2684E-01   1.2690E+00   1.4413E-01   0.0000E+00   0.0000E+00
    51    17   1.3668E+20   1.1723E-01   1.3755E+00   1.2292E-01   0.0000E+00   0.0000E+00
    51    18   1.3952E+20   1.1436E-01   1.2467E+00   1.2226E-01   0.0000E+00   0.0000E+00
    51    19   1.3030E+20   1.2269E-01   1.2819E+00   1.2616E-01   0.0000E+00   0.0000E+00
    51    20   1.2489E+20   1.1443E-01   1.2689E+00   1.1788E-01   0.0000E+00   0.0000E+00
    51    21   1.3839E+20   1.1381E-01   1.3953E+00   1.2381E-01   0.0000E+00   0.0000E+00
    51    22   1.1825E+20   1.1550E-01   1.2250E+00   1.1601E-01   0.0000E+00   0.0000E+00
    51    23   1.2507E+20   1.2187E-01   1.2141E+00   1.0752E-01   0.0000E+00   0.0000E+00
    51    24   1.1834E+20   1.0710E-01   1.2704E+00   1.0180E-01   0.0000E+00   0.0000E+00
    51    25   1.4903E+20   1.2712E-01   1.5634E+00   1.0788E-01   0.0000E+00   0.0000E+00
    51    26   1.4519E+20   1.1020E-01   1.2350E+00   1.0559E-01   0.0000E+00   0.0000E+00
    51    27   1.6438E+20   1.2044E-01   1.3979E+00   9.5947E-02   0.0000E+00   0.0000E+00
    51    28   1.4934E+20   1.1906E-01   1.2007E+00   9.3915E-02   0.0000E+00   0.0000E+00
    51    29   1.6162E+20   1.0571E-01   1.3337E+00   8.5594E-02   0.0000E+00   0.0000E+00
    51    30   1.6290E+20   9.6359E-02   1.1913E+00   8.4357E-02   0.0000E+00   0.0000E+00
    51    31   1.6877E+20   1.0625E-01   1.1424E+00   9.1918E-02   0.0000E+00   0.0000E+00
    51    32   1.6802E+20   1.1762E-01   1.0490E+00   1.0026E-01   0.0000E+00   0.0000E+00
    52     1   2.1135E+20   1.2048E-01   1.2985E+00   1.2802E-01   0.0000E+00   0.0000E+00
    52     2   2.3862E+20   1.1326E-01   1.5973E+00   1.1634E-01   0.0000E+00   0.0000E+00
    52     3   2.3387E+20   1.8531E-01   1.4894E+00   1.3030E-01   0.0000E+00   0.0000E+00
    52     4   2.3066E+20   1.2343E-01   1.5046E+00   1.1792E-01   0.0000E+00   0.0000E+00
    52     5   2.3478E+20   1.0959E-01   1.6016E+00   1.1147E-01   0.0000E+00   0.0000E+00
    52     6   2.0151E+20   1.2469E-01   1.3300E+00   1.1561E-01   0.0000E+00   0.0000E+00
    52     7   2.0958E+20   1.4206E-01   1.5659E+00   1.3945E-01   0.0000E+00   0.0000E+00
    52     8   2.2313E+20   1.3321E-01   1.8827E+00   1.3988E-01   0.0000E+00   0.0000E+00
    52     9   1.6850E+20   1.2811E-01   1.4257E+00   1.3640E-01   0.0000E+00   0.0000E+00
    52    10   1.5955E+20   1.3658E-01   1.6083E+00   1.4603E-01   0.0000E+00   0.0000E+00
    52    11   1.6503E+20   1.2742E-01   1.8509E+00   1.5500E-01   0.0000E+00   0.0000E+00
    52    12   1.4345E+20   1.3122E-01   1.2410E+00   1.5132E-01   0.0000E+00   0.0000E+00
    52    13   1.6380E+20   1.2494E-01   1.2766E+00   1.3337E-01   0.0000E+00   0.0000E+00
    52    14   1.9773E+20   1.4594E-01   1.7224E+00   1.6060E-01   0.0000E+00   0.0000E+00
    52    15   1.5911E+20   1.2625E-01   1.3455E+00   1.2580E-01   0.0000E+00   0.0000E+00
    52    16   1.7251E+20   1.1700E-01   1.4468E+00   1.1997E-01   0.0000E+00   0.0000E+00
    52    17   1.7655E+20   1.2845E-01   1.4431E+00   1.4199E-01   0.0000E+00   0.0000E+00
    52    18   1.6514E+20   1.1763E-01   1.4608E+00   1.1713E-01   0.0000E+00   0.0000E+00
    52    19   1.4029E+20   1.1929E-01   1.2682E+00   1.0905E-01   0.0000E+00   0.0000E+00
    52    20   1.6611E+20   1.0964E-01   1.6727E+00   1.1269E-01   0.0000E+00   0.0000E+00
    52    21   1.2965E+20   1.2096E-01   1.3281E+00   1.3785E-01   0.0000E+00   0.0000E+00
    52    22   1.4960E+20   1.0321E-01   1.4688E+00   1.0919E-01   0.0000E+00   0.0000E+00
    52    23   1.5066E+20   1.0230E-01   1.5482E+00   1.1274E-01   0.0000E+00   0.0000E+00
    52    24   1.5503E+20   1.0941E-01   1.5168E+00   1.0300E-01   0.0000E+00   0.0000E+00
    52    25   1.5293E+20   1.1933E-01   1.4872E+00   1.0288E-01   0.0000E+00   0.0000E+00
    52    26   1.3869E+20   1.0803E-01   1.2107E+00   1.0369E-01   0.0000E+00   0.0000E+00
    52    27   1.2439E+20   1.3356E-01   1.2358E+00   1.0210E-01   0.0000E+00   0.0000E+00
    52    28   1.6527E+20   1.0348E-01   1.5362E+00   9.1725E-02   0.0000E+00   0.0000E+00
    52    29   1.3826E+20   1.2069E-01   1.2565E+00   8.9859E-02   0.0000E+00   0.0000E+00
    52    30   1.5944E+20   1.0557E-01   1.1032E+00   9.1821E-02   0.0000E+00   0.0000E+00
    52    31   1.8016E+20   1.1839E-01   1.0453E+00   9.0239E-02   0.0000E+00   0.0000E+00
    52    32   1.4462E+20   1.0372E-01   9.9949E-01   9.5528E-02   0.0000E+00   0.0000E+00
    53     1   3.1062E+20   2.0913E-01   1.5104E+00   1.3373E-01   0.0000E+00   0.0000E+00
    53     2   2.7734E+20   1.9960E-01   1.4962E+00   1.2565E-01   0.0000E+00   0.0000E+00
    53     3   1.8918E+20   1.0424E-01   1.4876E+00   1.1134E-01   0.0000E+00   0.0000E+00
    53     4   1.8459E+20   1.1450E-01   1.4156E+00   1.2091E-01   0.0000E+00   0.0000E+00
    53     5   1.9839E+20   1.1218E-01   1.5303E+00   1.1679E-01   0.0000E+00   0.0000E+00
    53     6   2.0058E+20   1.3754E-01   1.5451E+00   1.5267E-01   0.0000E+00   0.0000E+00
    53     7   1.6401E+20   1.2584E-01   1.3488E+00   1.2184E-01   0.0000E+00   0.0000E+00
    53     8   1.8539E+20   1.3308E-01   1.7164E+00   1.3937E-01   0.0000E+00   0.0000E+00
    53     9   1.6768E+20   1.3749E-01   1.4899E+00   1.4138E-01   0.0000E+00   0.0000E+00
    53    10   2.0751E+20   1.2848E-01   1.9655E+00   1.4301E-01   0.0000E+00   0.0000E+00
    53    11   1.9686E+20   1.2922E-01   1.6442E+00   1.3247E-01   0.0000E+00   0.0000E+00
    53    12   1.8852E+20   1.3736E-01   1.6246E+00   1.3602E-01   0.0000E+00   0.0000E+00
    53    13   1.7443E+20   1.6453E-01   1.4903E+00   1.9275E-01   0.0000E+00   0.0000E+00
    53    14   1.4400E+20   1.5090E-01   1.1918E+00   1.3856E-01   0.0000E+00   0.0000E+00
    53    15   1.5116E+20   1.3168E-01   1.5214E+00   1.3626E-01   0.0000E+00   0.0000E+00
    53    16   1.4036E+20   1.3207E-01   1.4657E+00   1.3420E-01   0.0000E+00   0.0000E+00
    53    17   1.3892E+20   1.2964E-01   1.3301E+00   1.2561E-01   0.0000E+00   0.0000E+00
    53    18   1.5642E+20   1.2349E-01   1.4459E+00   1.3785E-01   0.0000E+00   0.0000E+00
    53    19   1.5408E+20   1.2140E-01   1.4278E+00   1.1168E-01   0.0000E+00   0.0000E+00
    53    20   1.6733E+20   1.1569E-01   1.7692E+00   1.1943E-01   0.0000E+00   0.0000E+00
    53    21   1.5356E+20   1.1343E-01   1.5441E+00   1.1964E-01   0.0000E+00   0.0000E+00
    53    22   1.5413E+20   1.1652E-01   1.5100E+00   1.1394E-01   0.0000E+00   0.0000E+00
    53    23   1.4205E+20   1.2818E-01   1.4472E+00   1.0827E-01   0.0000E+00   0.0000E+00
    53    24   1.5526E+20   1.0991E-01   1.3999E+00   1.0512E-01   0.0000E+00   0.0000E+00
    53    25   1.3750E+20   1.2157E-01   1.1512E+00   1.0722E-01   0.0000E+00   0.0000E+00
    53    26   1.4034E+20   1.3830E-01   1.2997E+00   1.0675E-01   0.0000E+00   0.0000E+00
    53    27   1.4274E+20   1.1516E-01   1.3899E+00   9.7619E-02   0.0000E+00   0.0000E+00
    53    28   1.6765E+20   1.1454E-01   1.5533E+00   9.1408E-02   0.0000E+00   0.0000E+00
    53    29   1.4884E+20   1.2041E-01   1.3730E+00   9.8193E-02   0.0000E+00   0.0000E+00
    53    30   1.5845E+20   1.3097E-01   1.0477E+00   1.0274E-01   0.0000E+00   0.0000E+00
    53    31   1.5483E+20   1.0563E-01   1.1280E+00   9.2204E-02   0.0000E+00   0.0000E+00
    53    32   1.5256E+20   1.2159E-01   9.7733E-01   1.0158E-01   0.0000E+00   0.0000E+00
    54     1   2.2060E+20   1.1562E-01   1.4985E+00   1.1629E-01   0.0000E+00   0.0000E+00
    54     2   2.0117E+20   1.3385E-01   1.1622E+00   1.1804E-01   0.0000E+00   0.0000E+00
    54     3   1.9248E+20   1.1355E-01   1.3741E+00   1.1542E-01   0.0000E+00   0.0000E+00
    54     4   1.9200E+20   1.1512E-01   1.3901E+00   1.2125E-01   0.0000E+00   0.0000E+00
    54     5   1.8586E+20   1.4941E-01   1.5751E+00   1.3970E-01   0.0000E+00   0.0000E+00
    54     6   1.7787E+20   1.1017E-01   1.7782E+00   1.1685E-01   0.0000E+00   0.0000E+00
    54     7   1.9413E+20   1.2445E-01   1.5141E+00   1.1851E-01   0.0000E+00   0.0000E+00
    54     8   1.9386E+20   1.3245E-01   1.6960E+00   1.6192E-01   0.0000E+00   0.0000E+00
    54     9   1.9121E+20   1.2412E-01   1.6953E+00   1.3960E-01   0.0000E+00   0.0000E+00
    54    10   1.8337E+20   1.2306E-01   1.6690E+00   1.4095E-01   0.0000E+00   0.0000E+00
    54    11   1.8685E+20   1.3087E-01   1.6241E+00   1.3501E-01   0.0000E+00   0.0000E+00
    54    12   2.0143E+20   1.6324E-01   1.6866E+00   1.8796E-01   0.0000E+00   0.0000E+00
    54    13   1.9484E+20   1.4229E-01   1.7044E+00   1.2697E-01   0.0000E+00   0.0000E+00
    54    14   1.5665E+20   1.4552E-01   1.3120E+00   1.3489E-01   0.0000E+00   0.0000E+00
    54    15   1.7022E+20   1.2787E-01   1.5824E+00   1.2321E-01   0.0000E+00   0.0000E+00
    54    16   1.4398E+20   1.3745E-01   1.3402E+00   1.3443E-01   0.0000E+00   0.0000E+00
    54    17   1.2232E+20   1.2127E-01   1.3575E+00   1.3277E-01   0.0000E+00   0.0000E+00
    54    18   1.5056E+20   1.0922E-01   1.6990E+00   1.1666E-01   0.0000E+00   0.0000E+00
    54    19   1.4280E+20   1.1533E-01   1.4731E+00   1.1772E-01   0.0000E+00   0.0000E+00
    54    20   1.5142E+20   1.1319E-01   1.7978E+00   1.1849E-01   0.0000E+00   0.0000E+00
    54    21   1.5304E+20   1.2621E-01   1.5440E+00   1.2368E-01   0.0000E+00   0.0000E+00
    54    22   1.4643E+20   1.3709E-01   1.4673E+00   1.1723E-01   0.0000E+00   0.0000E+00
    54    23   1.3463E+20   1.3470E-01   1.5042E+00   1.2828E-01   0.0000E+00   0.0000E+00
    54    24   1.4003E+20   1.2377E-01   1.3797E+00   1.0066E-01   0.0000E+00   0.0000E+00
    54    25   1.2992E+20   1.3825E-01   1.1493E+00   1.1129E-01   0.0000E+00   0.0000E+00
    54    26   1.4091E+20   1.3233E-01   1.4582E+00   1.0901E-01   0.0000E+00   0.0000E+00
    54    27   1.5131E+20   1.0313E-01   1.4110E+00   9.0717E-02   0.0000E+00   0.0000E+00
    54    28   1.6241E+20   1.3847E-01   1.4569E+00   9.4748E-02   0.0000E+00   0.0000E+00
    54    29   1.5320E+20   1.2666E-01   1.3148E+00   9.7160E-02   0.0000E+00   0.0000E+00
    54    30   1.6813E+20   1.2674E-01   1.0787E+00   9.4846E-02   0.0000E+00   0.0000E+00
    54    31   1.7815E+20   1.0900E-01   1.2926E+00   9.3807E-02   0.0000E+00   0.0000E+00
    54    32   1.9735E+20   1.3809E-01   1.2396E+00   1.2168E-01   0.0000E+00   0.0000E+00
    55     1   2.3942E+20   1.2395E-01   1.5902E+00   1.2392E-01   0.0000E+00   0.0000E+00
    55     2   2.3679E+20   1.2010E-01   1.5208E+00   1.2557E-01   0.0000E+00   0.0000E+00
    55     3   2.4242E+20   1.2919E-01   1.4854E+00   1.1661E-01   0.0000E+00   0.0000E+00
    55     4   2.4396E+20   1.2780E-01   1.6161E+00   1.1476E-01   0.0000E+00   0.0000E+00
    55     5   2.0160E+20   1.2052E-01   1.5978E+00   1.4357E-01   0.0000E+00   0.0000E+00
    55     6   1.8857E+20   1.2327E-01   1.7989E+00   1.2284E-01   0.0000E+00   0.0000E+00
    55     7   1.9418E+20   1.1787E-01   2.1916E+00   1.3479E-01   0.0000E+00   0.0000E+00
    55     8   1.7156E+20   1.4903E-01   1.5380E+00   1.5828E-01   0.0000E+00   0.0000E+00
    55     9   1.3508E+20   1.4288E-01   1.2481E+00   1.4093E-01   0.0000E+00   0.0000E+00
    55    10   1.4967E+20   1.2994E-01   1.5287E+00   1.3683E-01   0.0000E+00   0.0000E+00
    55    11   1.5669E+20   1.7089E-01   1.7135E+00   1.8924E-01   0.0000E+00   0.0000E+00
    55    12   1.4995E+20   1.3314E-01   1.4137E+00   1.3260E-01   0.0000E+00   0.0000E+00
    55    13   1.7634E+20   1.3768E-01   1.6217E+00   1.3774E-01   0.0000E+00   0.0000E+00
    55    14   1.9293E+20   1.2490E-01   1.5960E+00   1.3114E-01   0.0000E+00   0.0000E+00
    55    15   1.8758E+20   1.2941E-01   1.6031E+00   1.2644E-01   0.0000E+00   0.0000E+00
    55    16   1.4997E+20   1.2232E-01   1.3364E+00   1.2355E-01   0.0000E+00   0.0000E+00
    55    17   1.6926E+20   1.3387E-01   1.4544E+00   1.2263E-01   0.0000E+00   0.0000E+00
    55    18   1.5753E+20   1.3044E-01   1.5755E+00   1.2432E-01   0.0000E+00   0.0000E+00
    55    19   1.5879E+20   1.2890E-01   1.7056E+00   1.3164E-01   0.0000E+00   0.0000E+00
    55    20   1.3225E+20   1.1299E-01   1.5391E+00   1.2544E-01   0.0000E+00   0.0000E+00
    55    21   1.2016E+20   1.2868E-01   1.3285E+00   1.2848E-01   0.0000E+00   0.0000E+00
    55    22   1.2675E+20   1.2423E-01   1.3638E+00   1.2188E-01   0.0000E+00   0.0000E+00
    55    23   1.7383E+20   1.5234E-01   1.4820E+00   1.0957E-01   0.0000E+00   0.0000E+00
    55    24   1.5069E+20   1.2829E-01   1.5954E+00   1.1137E-01   0.0000E+00   0.0000E+00
    55    25   1.3378E+20   1.3722E-01   1.3201E+00   1.1643E-01   0.0000E+00   0.0000E+00
    55    26   1.7558E+20   1.3587E-01   1.4558E+00   1.0824E-01   0.0000E+00   0.0000E+00
    55    27   1.7586E+20   1.4402E-01   1.4422E+00   1.0178E-01   0.0000E+00   0.0000E+00
    55    28   1.3673E+20   1.2537E-01   1.3956E+00   9.6134E-02   0.0000E+00   0.0000E+00
    55    29   1.4334E+20   1.1590E-01   1.4481E+00   9.9420E-02   0.0000E+00   0.0000E+00
    55    30   1.5462E+20   1.1438E-01   1.1757E+00   9.5771E-02   0.0000E+00   0.0000E+00
    55    31   1.8486E+20   1.1139E-01   1.3737E+00   9.6237E-02   0.0000E+00   0.0000E+00
    55    32   2.0448E+20   1.1643E-01   1.3092E+00   1.1441E-01   0.0000E+00   0.0000E+00
    56     1   2.2144E+20   1.2447E-01   1.3450E+00   1.2948E-01   0.0000E+00   0.0000E+00
    56     2   2.3665E+20   1.3637E-01   1.5222E+00   1.2853E-01   0.0000E+00   0.0000E+00
    56     3   2.2148E+20   1.1869E-01   1.4337E+00   1.1752E-01   0.0000E+00   0.0000E+00
    56     4   2.1585E+20   1.3687E-01   1.6775E+00   1.3799E-01   0.0000E+00   0.0000E+00
    56     5   1.9354E+20   1.1810E-01   1.7677E+00   1.2497E-01   0.0000E+00   0.0000E+00
    56     6   2.0780E+20   1.3066E-01   1.7972E+00   1.2815E-01   0.0000E+00   0.0000E+00
    56     7   1.9069E+20   1.2513E-01   1.8905E+00   1.2697E-01   0.0000E+00   0.0000E+00
    56     8   1.9152E+20   1.4384E-01   2.1188E+00   1.3771E-01   0.0000E+00   0.0000E+00
    56     9   1.4043E+20   1.3270E-01   1.5207E+00   1.3330E-01   0.0000E+00   0.0000E+00
    56    10   1.7701E+20   1.4195E-01   2.0180E+00   1.3640E-01   0.0000E+00   0.0000E+00
    56    11   1.7663E+20   1.3692E-01   1.8341E+00   1.6271E-01   0.0000E+00   0.0000E+00
    56    12   1.4104E+20   1.4469E-01   1.1923E+00   1.3932E-01   0.0000E+00   0.0000E+00
    56    13   1.2305E+20   1.4947E-01   1.2283E+00   1.4540E-01   0.0000E+00   0.0000E+00
    56    14   1.2570E+20   1.3559E-01   1.2242E+00   1.3464E-01   0.0000E+00   0.0000E+00
    56    15   1.4272E+20   1.2858E-01   1.4044E+00   1.3347E-01   0.0000E+00   0.0000E+00
    56    16   1.4679E+20   1.5819E-01   1.4325E+00   1.3381E-01   0.0000E+00   0.0000E+00
    56    17   1.5767E+20   1.3732E-01   1.6813E+00   1.2943E-01   0.0000E+00   0.0000E+00
    56    18   1.7665E+20   1.3274E-01   1.7975E+00   1.2381E-01   0.0000E+00   0.0000E+00
    56    19   1.5682E+20   1.1998E-01   1.5676E+00   1.1671E-01   0.0000E+00   0.0000E+00
    56    20   1.8530E+20   1.2998E-01   1.8643E+00   1.2394E-01   0.0000E+00   0.0000E+00
    56    21   1.6901E+20   1.4907E-01   1.4891E+00   1.2913E-01   0.0000E+00   0.0000E+00
    56    22   1.5621E+20   1.5649E-01   1.2916E+00   1.1457E-01   0.0000E+00   0.0000E+00
    56    23   1.2353E+20   1.2588E-01   1.3482E+00   1.1301E-01   0.0000E+00   0.0000E+00
    56    24   1.6300E+20   1.3899E-01   1.5764E+00   1.0826E-01   0.0000E+00   0.0000E+00
    56    25   1.4339E+20   1.5838E-01   1.3486E+00   1.1640E-01   0.0000E+00   0.0000E+00
    56    26   1.4750E+20   1.4598E-01   1.3494E+00   1.0736E-01   0.0000E+00   0.0000E+00
    56    27   1.3668E+20   1.2553E-01   1.3250E+00   1.0701E-01   0.0000E+00   0.0000E+00
    56    28   1.2432E+20   1.2113E-01   1.3793E+00   1.0029E-01   0.0000E+00   0.0000E+00
    56    29   1.5507E+20   1.2756E-01   1.5594E+00   1.0484E-01   0.0000E+00   0.0000E+00
    56    30   1.3835E+20   1.1626E-01   1.1808E+00   1.0022E-01   0.0000E+00   0.0000E+00
    56    31   1.8086E+20   1.0664E-01   1.4635E+00   1.1076E-01   0.0000E+00   0.0000E+00
    56    32   1.4981E+20   1.0052E-01   1.0355E+00   1.0092E-01   0.0000E+00   0.0000E+00
    57     1   2.2776E+20   1.3444E-01   1.5136E+00   1.3125E-01   0.0000E+00   0.0000E+00
    57     2   1.9344E+20   1.3269E-01   1.2425E+00   1.2364E-01   0.0000E+00   0.0000E+00
    57     3   1.9894E+20   1.5239E-01   1.4312E+00   1.2233E-01   0.0000E+00   0.0000E+00
    57     4   1.9781E+20   1.3390E-01   1.7110E+00   1.3763E-01   0.0000E+00   0.0000E+00
    57     5   1.8720E+20   1.4588E-01   1.7635E+00   1.3589E-01   0.0000E+00   0.0000E+00
    57     6   1.7196E+20   1.4206E-01   1.6452E+00   1.5211E-01   0.0000E+00   0.0000E+00
    57     7   1.4965E+20   1.5592E-01   1.3872E+00   1.4903E-01   0.0000E+00   0.0000E+00
    57     8   1.7949E+20   1.5699E-01   1.7164E+00   1.5625E-01   0.0000E+00   0.0000E+00
    57     9   1.9091E+20   1.6110E-01   1.7842E+00   1.4307E-01   0.0000E+00   0.0000E+00
    57    10   1.9036E+20   1.6348E-01   2.0374E+00   1.5478E-01   0.0000E+00   0.0000E+00
    57    11   1.8047E+20   1.6311E-01   1.8022E+00   1.6261E-01   0.0000E+00   0.0000E+00
    57    12   1.8011E+20   1.5387E-01   1.5993E+00   1.3472E-01   0.0000E+00   0.0000E+00
    57    13   1.6754E+20   1.4697E-01   1.5697E+00   1.3217E-01   0.0000E+00   0.0000E+00
    57    14   1.5533E+20   1.4884E-01   1.4768E+00   1.4241E-01   0.0000E+00   0.0000E+00
    57    15   1.4997E+20   1.3816E-01   1.6695E+00   1.3156E-01   0.0000E+00   0.0000E+00
    57    16   1.6215E+20   1.3881E-01   1.6834E+00   1.3027E-01   0.0000E+00   0.0000E+00
    57    17   1.6898E+20   1.3554E-01   1.6981E+00   1.1095E-01   0.0000E+00   0.0000E+00
    57    18   1.5516E+20   1.3326E-01   1.6009E+00   1.2967E-01   0.0000E+00   0.0000E+00
    57    19   1.5821E+20   1.3987E-01   1.5510E+00   1.2784E-01   0.0000E+00   0.0000E+00
    57    20   1.8769E+20   1.3488E-01   1.9903E+00   1.2497E-01   0.0000E+00   0.0000E+00
    57    21   1.2688E+20   1.3520E-01   1.3965E+00   1.2502E-01   0.0000E+00   0.0000E+00
    57    22   1.2567E+20   1.4214E-01   1.3555E+00   1.2343E-01   0.0000E+00   0.0000E+00
    57    23   1.7456E+20   1.3411E-01   1.5566E+00   1.0138E-01   0.0000E+00   0.0000E+00
    57    24   1.5261E+20   1.7081E-01   1.3775E+00   1.2308E-01   0.0000E+00   0.0000E+00
    57    25   1.5290E+20   1.2658E-01   1.3665E+00   1.0467E-01   0.0000E+00   0.0000E+00
    57    26   1.4989E+20   1.2435E-01   1.4902E+00   1.0592E-01   0.0000E+00   0.0000E+00
    57    27   1.4623E+20   1.3192E-01   1.5528E+00   1.0798E-01   0.0000E+00   0.0000E+00
    57    28   1.1430E+20   1.2793E-01   1.2218E+00   1.0234E-01   0.0000E+00   0.0000E+00
    57    29   1.3319E+20   1.3101E-01   1.3428E+00   1.0939E-01   0.0000E+00   0.0000E+00
    57    30   1.4092E+20   1.2190E-01   1.4323E+00   1.0913E-01   0.0000E+00   0.0000E+00
    57    31   1.4627E+20   1.0774E-01   1.2516E+00   1.0795E-01   0.0000E+00   0.0000E+00
    57    32   1.5174E+20   9.6035E-02   1.0479E+00   9.7310E-02   0.0000E+00   0.0000E+00
    58     1   2.3589E+20   1.4272E-01   1.7298E+00   1.4040E-01   0.0000E+00   0.0000E+00
    58     2   2.1308E+20   1.4864E-01   1.3839E+00   1.3161E-01   0.0000E+00   0.0000E+00
    58     3   1.5448E+20   1.5028E-01   1.0843E+00   1.3385E-01   0.0000E+00   0.0000E+00
    58     4   1.6312E+20   1.5241E-01   1.4991E+00   1.5206E-01   0.0000E+00   0.0000E+00
    58     5   1.3159E+20   1.6600E-01   1.3122E+00   1.4600E-01   0.0000E+00   0.0000E+00
    58     6   1.4418E+20   1.4236E-01   1.3127E+00   1.4256E-01   0.0000E+00   0.0000E+00
    58     7   1.5714E+20   1.3755E-01   1.5739E+00   1.5321E-01   0.0000E+00   0.0000E+00
    58     8   1.8585E+20   1.4123E-01   2.0089E+00   1.4896E-01   0.0000E+00   0.0000E+00
    58     9   1.9081E+20   1.6727E-01   1.7175E+00   1.5993E-01   0.0000E+00   0.0000E+00
    58    10   1.7394E+20   1.3790E-01   1.5816E+00   1.3801E-01   0.0000E+00   0.0000E+00
    58    11   1.7586E+20   1.3432E-01   2.0176E+00   1.5241E-01   0.0000E+00   0.0000E+00
    58    12   1.8429E+20   1.6445E-01   1.7840E+00   1.4415E-01   0.0000E+00   0.0000E+00
    58    13   1.5769E+20   1.4560E-01   1.5686E+00   1.3588E-01   0.0000E+00   0.0000E+00
    58    14   1.8121E+20   1.4179E-01   1.6696E+00   1.3892E-01   0.0000E+00   0.0000E+00
    58    15   1.6264E+20   1.3210E-01   1.7246E+00   1.3852E-01   0.0000E+00   0.0000E+00
    58    16   1.4904E+20   1.3390E-01   1.5774E+00   1.3630E-01   0.0000E+00   0.0000E+00
    58    17   1.5766E+20   1.3499E-01   1.6559E+00   1.3116E-01   0.0000E+00   0.0000E+00
    58    18   2.0044E+20   1.3004E-01   1.9560E+00   1.1534E-01   0.0000E+00   0.0000E+00
    58    19   1.8951E+20   1.3018E-01   1.8793E+00   1.2510E-01   0.0000E+00   0.0000E+00
    58    20   1.8993E+20   1.1835E-01   1.9953E+00   1.1707E-01   0.0000E+00   0.0000E+00
    58    21   1.7564E+20   1.2319E-01   1.7149E+00   1.1611E-01   0.0000E+00   0.0000E+00
    58    22   1.7864E+20   1.7110E-01   1.6115E+00   1.2086E-01   0.0000E+00   0.0000E+00
    58    23   1.6572E+20   1.3324E-01   1.6047E+00   1.1871E-01   0.0000E+00   0.0000E+00
    58    24   1.7194E+20   1.5254E-01   1.4294E+00   1.1198E-01   0.0000E+00   0.0000E+00
    58    25   1.6652E+20   1.2441E-01   1.4593E+00   1.0901E-01   0.0000E+00   0.0000E+00
    58    26   1.4470E+20   1.3709E-01   1.5047E+00   1.1486E-01   0.0000E+00   0.0000E+00
    58    27   1.1258E+20   1.3187E-01   1.3537E+00   1.0598E-01   0.0000E+00   0.0000E+00
    58    28   1.1219E+20   1.2434E-01   1.2421E+00   1.0051E-01   0.0000E+00   0.0000E+00
    58    29   1.4757E+20   1.1812E-01   1.3453E+00   1.0317E-01   0.0000E+00   0.0000E+00
    58    30   1.2896E+20   1.1087E-01   1.4516E+00   1.1534E-01   0.0000E+00   0.0000E+00
    58    31   1.3904E+20   1.0959E-01   1.2720E+00   1.0859E-01   0.0000E+00   0.0000E+00
    58    32   1.9502E+20   1.1132E-01   1.2431E+00   1.1343E-01   0.0000E+00   0.0000E+00
    59     1   1.7480E+20   1.4059E-01   1.4580E+00   1.4871E-01   0.0000E+00   0.0000E+00
    59     2   2.0498E+20   1.4388E-01   1.6455E+00   1.4566E-01   0.0000E+00   0.0000E+00
    59     3   1.8846E+20   1.4108E-01   1.5112E+00   1.4606E-01   0.0000E+00   0.0000E+00
    59     4   1.7399E+20   1.6035E-01   1.5720E+00   1.4907E-01   0.0000E+00   0.0000E+00
    59     5   1.9036E+20   1.5507E-01   1.7993E+00   1.3397E-01   0.0000E+00   0.0000E+00
    59     6   1.7940E+20   1.7030E-01   1.5413E+00   1.3861E-01   0.0000E+00   0.0000E+00
    59     7   1.5481E+20   1.5110E-01   1.2656E+00   1.3767E-01   0.0000E+00   0.0000E+00
    59     8   1.4656E+20   1.5045E-01   1.4891E+00   1.6212E-01   0.0000E+00   0.0000E+00
    59     9   1.9507E+20   1.6715E-01   1.9198E+00   1.7161E-01   0.0000E+00   0.0000E+00
    59    10   1.6542E+20   1.6672E-01   1.6577E+00   1.4600E-01   0.0000E+00   0.0000E+00
    59    11   1.7933E+20   1.5350E-01   1.9533E+00   1.4540E-01   0.0000E+00   0.0000E+00
    59    12   1.8925E+20   1.4379E-01   2.0721E+00   1.4486E-01   0.0000E+00   0.0000E+00
    59    13   1.8863E+20   1.6023E-01   1.6299E+00   1.4289E-01   0.0000E+00   0.0000E+00
    59    14   1.4763E+20   1.4693E-01   1.5700E+00   1.4653E-01   0.0000E+00   0.0000E+00
    59    15   1.7428E+20   1.4336E-01   1.8333E+00   1.3484E-01   0.0000E+00   0.0000E+00
    59    16   1.8089E+20   1.3607E-01   1.6732E+00   1.2743E-01   0.0000E+00   0.0000E+00
    59    17   1.6848E+20   1.4248E-01   1.6054E+00   1.3466E-01   0.0000E+00   0.0000E+00
    59    18   1.5552E+20   1.4220E-01   1.7208E+00   1.4264E-01   0.0000E+00   0.0000E+00
    59    19   1.8166E+20   1.3106E-01   1.5984E+00   1.2820E-01   0.0000E+00   0.0000E+00
    59    20   2.3435E+20   1.4543E-01   2.0687E+00   1.1902E-01   0.0000E+00   0.0000E+00
    59    21   2.2081E+20   1.5671E-01   2.0971E+00   1.2878E-01   0.0000E+00   0.0000E+00
    59    22   1.9084E+20   1.3105E-01   1.9188E+00   1.2397E-01   0.0000E+00   0.0000E+00
    59    23   1.7347E+20   1.1937E-01   1.6506E+00   1.0570E-01   0.0000E+00   0.0000E+00
    59    24   1.3887E+20   1.1305E-01   1.4972E+00   1.1312E-01   0.0000E+00   0.0000E+00
    59    25   1.7723E+20   1.3646E-01   1.5281E+00   1.0589E-01   0.0000E+00   0.0000E+00
    59    26   1.6201E+20   1.2366E-01   1.5362E+00   1.0891E-01   0.0000E+00   0.0000E+00
    59    27   1.3770E+20   1.3968E-01   1.2970E+00   1.1058E-01   0.0000E+00   0.0000E+00
    59    28   1.5120E+20   1.3360E-01   1.6184E+00   1.0833E-01   0.0000E+00   0.0000E+00
    59    29   1.5659E+20   1.2062E-01   1.3384E+00   9.9321E-02   0.0000E+00   0.0000E+00
    59    30   1.4217E+20   1.2009E-01   1.5054E+00   1.1226E-01   0.0000E+00   0.0000E+00
    59    31   1.4223E+20   1.1471E-01   1.3156E+00   1.0428E-01   0.0000E+00   0.0000E+00
    59    32   1.6395E+20   1.1259E-01   1.1530E+00   1.1427E-01   0.0000E+00   0.0000E+00
    60     1   1.4910E+20   1.7911E-01   1.2088E+00   1.7074E-01   0.0000E+00   0.0000E+00
    60     2   1.5502E+20   1.4420E-01   1.2391E+00   1.3043E-01   0.0000E+00   0.0000E+00
    60     3   1.8110E+20   1.4665E-01   1.7444E+00   1.6070E-01   0.0000E+00   0.0000E+00
    60     4   1.8118E+20   1.4767E-01   1.4097E+00   1.3477E-01   0.0000E+00   0.0000E+00
    60     5   1.5176E+20   1.3763E-01   1.4867E+00   1.4261E-01   0.0000E+00   0.0000E+00
    60     6   1.6787E+20   1.5325E-01   1.7967E+00   1.4316E-01   0.0000E+00   0.0000E+00
    60     7   1.5884E+20   1.7321E-01   1.4754E+00   1.4037E-01   0.0000E+00   0.0000E+00
    60     8   1.6217E+20   1.6314E-01   1.6967E+00   1.6960E-01   0.0000E+00   0.0000E+00
    60     9   1.1177E+20   1.4846E-01   1.2766E+00   1.6364E-01   0.0000E+00   0.0000E+00
    60    10   1.9732E+20   1.7211E-01   1.7007E+00   1.4353E-01   0.0000E+00   0.0000E+00
    60    11   1.8838E+20   1.5311E-01   2.3430E+00   1.5269E-01   0.0000E+00   0.0000E+00
    60    12   1.6373E+20   1.4412E-01   1.9591E+00   1.6320E-01   0.0000E+00   0.0000E+00
    60    13   1.5138E+20   1.3128E-01   1.6814E+00   1.4279E-01   0.0000E+00   0.0000E+00
    60    14   2.0482E+20   1.5367E-01   1.7540E+00   1.3923E-01   0.0000E+00   0.0000E+00
    60    15   2.0870E+20   1.3570E-01   1.9423E+00   1.3060E-01   0.0000E+00   0.0000E+00
    60    16   1.8625E+20   1.5208E-01   1.7744E+00   1.3267E-01   0.0000E+00   0.0000E+00
    60    17   1.8370E+20   1.4341E-01   1.8761E+00   1.5106E-01   0.0000E+00   0.0000E+00
    60    18   1.6602E+20   1.7900E-01   1.4348E+00   1.4798E-01   0.0000E+00   0.0000E+00
    60    19   2.1347E+20   1.7875E-01   1.6915E+00   1.3502E-01   0.0000E+00   0.0000E+00
    60    20   1.9281E+20   1.2828E-01   1.8879E+00   1.1674E-01   0.0000E+00   0.0000E+00
    60    21   1.7355E+20   1.4255E-01   1.8516E+00   1.2677E-01   0.0000E+00   0.0000E+00
    60    22   1.5381E+20   1.2895E-01   1.6567E+00   1.2292E-01   0.0000E+00   0.0000E+00
    60    23   1.3738E+20   1.2315E-01   1.6700E+00   1.2723E-01   0.0000E+00   0.0000E+00
    60    24   1.6378E+20   1.1515E-01   1.8625E+00   1.1492E-01   0.0000E+00   0.0000E+00
    60    25   1.6858E+20   1.1196E-01   1.7333E+00   1.0975E-01   0.0000E+00   0.0000E+00
    60    26   1.4333E+20   1.5198E-01   1.4207E+00   1.0730E-01   0.0000E+00   0.0000E+00
    60    27   1.2880E+20   1.5177E-01   1.1837E+00   1.2115E-01   0.0000E+00   0.0000E+00
    60    28   1.4882E+20   1.3617E-01   1.5537E+00   1.1915E-01   0.0000E+00   0.0000E+00
    60    29   1.5924E+20   1.2085E-01   1.4934E+00   1.2347E-01   0.0000E+00   0.0000E+00
    60    30   1.3271E+20   1.2840E-01   1.3585E+00   1.0587E-01   0.0000E+00   0.0000E+00
    60    31   1.2213E+20   1.0796E-01   1.1812E+00   9.7723E-02   0.0000E+00   0.0000E+00
    60    32   1.6005E+20   1.2744E-01   1.1131E+00   1.1644E-01   0.0000E+00   0.0000E+00
    61     1   2.0106E+20   1.9661E-01   1.4934E+00   1.7464E-01   0.0000E+00   0.0000E+00
    61     2   1.4698E+20   1.7020E-01   1.4202E+00   1.4618E-01   0.0000E+00   0.0000E+00
    61     3   1.8784E+20   1.3442E-01   1.8461E+00   1.4877E-01   0.0000E+00   0.0000E+00
    61     4   1.5841E+20   1.3692E-01   1.6235E+00   1.4300E-01   0.0000E+00   0.0000E+00
    61     5   1.5440E+20   1.4170E-01   1.7542E+00   1.4200E-01   0.0000E+00   0.0000E+00
    61     6   1.3214E+20   1.4146E-01   1.4991E+00   1.3274E-01   0.0000E+00   0.0000E+00
    61     7   1.8171E+20   1.5612E-01   1.6982E+00   1.3340E-01   0.0000E+00   0.0000E+00
    61     8   1.7481E+20   1.7087E-01   1.5540E+00   1.9612E-01   0.0000E+00   0.0000E+00
    61     9   1.2441E+20   1.3805E-01   1.4372E+00   1.2722E-01   0.0000E+00   0.0000E+00
    61    10   1.3126E+20   1.6331E-01   1.5608E+00   1.6174E-01   0.0000E+00   0.0000E+00
    61    11   2.2008E+20   1.8604E-01   2.0968E+00   1.5281E-01   0.0000E+00   0.0000E+00
    61    12   1.2846E+20   1.7485E-01   1.8849E+00   1.7671E-01   0.0000E+00   0.0000E+00
    61    13   1.6295E+20   1.5132E-01   2.0303E+00   1.5886E-01   0.0000E+00   0.0000E+00
    61    14   2.0242E+20   1.5262E-01   2.0842E+00   1.4491E-01   0.0000E+00   0.0000E+00
    61    15   1.8017E+20   1.6804E-01   1.8161E+00   1.4730E-01   0.0000E+00   0.0000E+00
    61    16   2.0043E+20   1.6224E-01   2.3076E+00   1.4915E-01   0.0000E+00   0.0000E+00
    61    17   1.9101E+20   2.0039E-01   1.6878E+00   1.4185E-01   0.0000E+00   0.0000E+00
    61    18   1.7978E+20   1.4366E-01   1.4520E+00   1.3487E-01   0.0000E+00   0.0000E+00
    61    19   1.6669E+20   1.5142E-01   1.3567E+00   1.2735E-01   0.0000E+00   0.0000E+00
    61    20   2.1398E+20   1.4498E-01   1.6204E+00   1.3410E-01   0.0000E+00   0.0000E+00
    61    21   1.8638E+20   1.2908E-01   2.0177E+00   1.2800E-01   0.0000E+00   0.0000E+00
    61    22   1.2161E+20   1.3414E-01   1.4226E+00   1.2689E-01   0.0000E+00   0.0000E+00
    61    23   1.3565E+20   1.3077E-01   1.5482E+00   1.1039E-01   0.0000E+00   0.0000E+00
    61    24   1.3227E+20   1.2305E-01   1.5333E+00   1.2709E-01   0.0000E+00   0.0000E+00
    61    25   1.4102E+20   1.1097E-01   1.7659E+00   1.2510E-01   0.0000E+00   0.0000E+00
    61    26   1.4239E+20   1.3387E-01   1.4643E+00   1.1238E-01   0.0000E+00   0.0000E+00
    61    27   1.7436E+20   1.5040E-01   1.5591E+00   1.1594E-01   0.0000E+00   0.0000E+00
    61    28   1.7322E+20   1.3152E-01   1.5874E+00   1.0965E-01   0.0000E+00   0.0000E+00
    61    29   1.4674E+20   1.3828E-01   1.4201E+00   1.3172E-01   0.0000E+00   0.0000E+00
    61    30   1.1852E+20   1.2644E-01   1.2128E+00   1.1360E-01   0.0000E+00   0.0000E+00
    61    31   1.4678E+20   1.3368E-01   1.4715E+00   1.0841E-01   0.0000E+00   0.0000E+00
    61    32   1.4969E+20   1.3222E-01   1.0593E+00   1.1379E-01   0.0000E+00   0.0000E+00
    62     1   2.1631E+20   1.6726E-01   1.3524E+00   1.6415E-01   0.0000E+00   0.0000E+00
    62     2   1.8087E+20   1.5286E-01   1.5018E+00   1.5811E-01   0.0000E+00   0.0000E+00
    62     3   1.6359E+20   1.4972E-01   1.5514E+00   1.5316E-01   0.0000E+00   0.0000E+00
    62     4   1.6537E+20   1.4639E-01   1.5704E+00   1.4475E-01   0.0000E+00   0.0000E+00
    62     5   1.4567E+20   1.6495E-01   1.7120E+00   1.5605E-01   0.0000E+00   0.0000E+00
    62     6   1.6260E+20   1.7093E-01   1.4979E+00   1.4711E-01   0.0000E+00   0.0000E+00
    62     7   1.9542E+20   1.5663E-01   1.9953E+00   1.4904E-01   0.0000E+00   0.0000E+00
    62     8   2.0877E+20   1.8922E-01   1.9258E+00   1.7320E-01   0.0000E+00   0.0000E+00
    62     9   1.2795E+20   1.7615E-01   1.6913E+00   1.4605E-01   0.0000E+00   0.0000E+00
    62    10   1.2755E+20   1.4428E-01   1.5545E+00   1.4932E-01   0.0000E+00   0.0000E+00
    62    11   2.1151E+20   1.6944E-01   1.8672E+00   1.4550E-01   0.0000E+00   0.0000E+00
    62    12   1.7389E+20   1.4635E-01   1.9879E+00   1.5560E-01   0.0000E+00   0.0000E+00
    62    13   1.7444E+20   1.3726E-01   2.1749E+00   1.3410E-01   0.0000E+00   0.0000E+00
    62    14   1.5802E+20   2.1961E-01   1.6731E+00   1.4976E-01   0.0000E+00   0.0000E+00
    62    15   1.9461E+20   2.1401E-01   2.1868E+00   1.7636E-01   0.0000E+00   0.0000E+00
    62    16   1.5608E+20   1.5863E-01   1.8474E+00   1.5080E-01   0.0000E+00   0.0000E+00
    62    17   1.6953E+20   1.4886E-01   1.8352E+00   1.4391E-01   0.0000E+00   0.0000E+00
    62    18   1.8230E+20   1.5574E-01   1.6813E+00   1.4210E-01   0.0000E+00   0.0000E+00
    62    19   1.6602E+20   1.4253E-01   1.5065E+00   1.4377E-01   0.0000E+00   0.0000E+00
    62    20   1.5504E+20   1.5270E-01   1.6202E+00   1.3676E-01   0.0000E+00   0.0000E+00
    62    21   1.7969E+20   1.4485E-01   1.6677E+00   1.2182E-01   0.0000E+00   0.0000E+00
    62    22   1.4908E+20   1.4978E-01   1.5919E+00   1.2596E-01   0.0000E+00   0.0000E+00
    62    23   1.6904E+20   1.2538E-01   1.7669E+00   1.1368E-01   0.0000E+00   0.0000E+00
    62    24   1.5373E+20   1.2328E-01   1.3980E+00   1.0669E-01   0.0000E+00   0.0000E+00
    62    25   1.6278E+20   1.3428E-01   1.6852E+00   1.1573E-01   0.0000E+00   0.0000E+00
    62    26   1.4809E+20   1.2431E-01   1.6562E+00   1.1547E-01   0.0000E+00   0.0000E+00
    62    27   1.5507E+20   1.4822E-01   1.4960E+00   1.2031E-01   0.0000E+00   0.0000E+00
    62    28   1.8571E+20   1.2797E-01   1.5957E+00   1.0712E-01   0.0000E+00   0.0000E+00
    62    29   1.1473E+20   1.2631E-01   1.2051E+00   1.1135E-01   0.0000E+00   0.0000E+00
    62    30   1.2936E+20   1.7633E-01   1.2829E+00   1.2803E-01   0.0000E+00   0.0000E+00
    62    31   1.5351E+20   1.3025E-01   1.5485E+00   1.0397E-01   0.0000E+00   0.0000E+00
    62    32   1.4628E+20   1.2427E-01   1.1400E+00   1.1421E-01   0.0000E+00   0.0000E+00
    63     1   1.7898E+20   1.6287E-01   1.3612E+00   1.6157E-01   0.0000E+00   0.0000E+00
    63     2   2.0013E+20   1.6414E-01   1.6284E+00   1.6764E-01   0.0000E+00   0.0000E+00
    63     3   1.6430E+20   1.7824E-01   1.7071E+00   1.4270E-01   0.0000E+00   0.0000E+00
    63     4   1.9593E+20   1.6517E-01   1.7212E+00   1.5056E-01   0.0000E+00   0.0000E+00
    63     5   2.1740E+20   1.6897E-01   1.9511E+00   1.4426E-01   0.0000E+00   0.0000E+00
    63     6   1.5303E+20   1.9005E-01   1.4787E+00   1.4555E-01   0.0000E+00   0.0000E+00
    63     7   1.8005E+20   1.5983E-01   2.1581E+00   1.5746E-01   0.0000E+00   0.0000E+00
    63     8   1.7384E+20   1.6262E-01   1.7328E+00   1.5667E-01   0.0000E+00   0.0000E+00
    63     9   1.5213E+20   1.7490E-01   1.4096E+00   1.4301E-01   0.0000E+00   0.0000E+00
    63    10   1.5516E+20   1.4407E-01   1.6679E+00   1.3210E-01   0.0000E+00   0.0000E+00
    63    11   1.4419E+20   1.6592E-01   1.7283E+00   1.5615E-01   0.0000E+00   0.0000E+00
    63    12   2.1073E+20   2.4238E-01   1.8601E+00   1.7514E-01   0.0000E+00   0.0000E+00
    63    13   1.8329E+20   2.3936E-01   1.9531E+00   1.6014E-01   0.0000E+00   0.0000E+00
    63    14   1.5678E+20   1.5508E-01   2.0169E+00   1.7577E-01   0.0000E+00   0.0000E+00
    63    15   1.2379E+20   1.7401E-01   1.3518E+00   1.6369E-01   0.0000E+00   0.0000E+00
    63    16   1.6949E+20   1.5916E-01   2.0440E+00   1.5560E-01   0.0000E+00   0.0000E+00
    63    17   1.6158E+20   1.5832E-01   1.5009E+00   1.2746E-01   0.0000E+00   0.0000E+00
    63    18   1.4543E+20   1.5610E-01   1.5836E+00   1.4382E-01   0.0000E+00   0.0000E+00
    63    19   1.9563E+20   1.4636E-01   1.7790E+00   1.3507E-01   0.0000E+00   0.0000E+00
    63    20   1.3082E+20   1.4855E-01   1.7476E+00   1.3942E-01   0.0000E+00   0.0000E+00
    63    21   1.8986E+20   1.3791E-01   1.8854E+00   1.3528E-01   0.0000E+00   0.0000E+00
    63    22   2.0975E+20   1.3494E-01   2.1444E+00   1.2721E-01   0.0000E+00   0.0000E+00
    63    23   1.7752E+20   1.3235E-01   1.6789E+00   1.2034E-01   0.0000E+00   0.0000E+00
    63    24   1.5412E+20   1.3610E-01   1.3598E+00   1.1404E-01   0.0000E+00   0.0000E+00
    63    25   1.5897E+20   1.4573E-01   1.4302E+00   1.1095E-01   0.0000E+00   0.0000E+00
    63    26   1.5636E+20   1.3575E-01   1.6552E+00   1.1116E-01   0.0000E+00   0.0000E+00
    63    27   1.3103E+20   1.5892E-01   1.3631E+00   1.2081E-01   0.0000E+00   0.0000E+00
    63    28   1.7967E+20   1.3469E-01   1.7152E+00   1.3611E-01   0.0000E+00   0.0000E+00
    63    29   1.5572E+20   1.8681E-01   1.3603E+00   1.1870E-01   0.0000E+00   0.0000E+00
    63    30   1.2366E+20   1.3334E-01   1.3496E+00   1.2808E-01   0.0000E+00   0.0000E+00
    63    31   1.3054E+20   1.2612E-01   1.4454E+00   9.8312E-02   0.0000E+00   0.0000E+00
    63    32   1.4064E+20   1.2053E-01   1.1926E+00   1.1388E-01   0.0000E+00   0.0000E+00
    64     1   1.2779E+20   2.2954E-01   1.1434E+00   1.9839E-01   0.0000E+00   0.0000E+00
    64     2   1.5280E+20   1.8941E-01   1.4218E+00   1.8626E-01   0.0000E+00   0.0000E+00
    64     3   1.6222E+20   1.7292E-01   1.5551E+00   1.5280E-01   0.0000E+00   0.0000E+00
    64     4   1.8232E+20   1.6505E-01   1.9111E+00   1.5075E-01   0.0000E+00   0.0000E+00
    64     5   1.7057E+20   1.5333E-01   1.6776E+00   1.3714E-01   0.0000E+00   0.0000E+00
    64     6   1.8722E+20   1.9251E-01   1.9532E+00   1.6418E-01   0.0000E+00   0.0000E+00
    64     7   1.9885E+20   1.7304E-01   2.3282E+00   1.6931E-01   0.0000E+00   0.0000E+00
    64     8   1.7976E+20   1.7108E-01   1.5691E+00   1.5068E-01   0.0000E+00   0.0000E+00
    64     9   1.9563E+20   2.0716E-01   1.5616E+00   1.4804E-01   0.0000E+00   0.0000E+00
    64    10   1.9946E+20   2.3901E-01   1.4784E+00   1.4466E-01   0.0000E+00   0.0000E+00
    64    11   2.0458E+20   1.8848E-01   2.1892E+00   1.6074E-01   0.0000E+00   0.0000E+00
    64    12   2.0677E+20   1.9370E-01   1.9571E+00   1.6448E-01   0.0000E+00   0.0000E+00
    64    13   1.6751E+20   1.7516E-01   2.1675E+00   1.7240E-01   0.0000E+00   0.0000E+00
    64    14   1.1929E+20   1.7389E-01   1.4832E+00   1.6942E-01   0.0000E+00   0.0000E+00
    64    15   1.6311E+20   2.0294E-01   1.4142E+00   1.7401E-01   0.0000E+00   0.0000E+00
    64    16   1.8438E+20   1.6655E-01   1.8927E+00   1.5000E-01   0.0000E+00   0.0000E+00
    64    17   1.5090E+20   1.6857E-01   1.6899E+00   1.6726E-01   0.0000E+00   0.0000E+00
    64    18   1.5014E+20   1.6903E-01   1.6936E+00   1.5460E-01   0.0000E+00   0.0000E+00
    64    19   1.5583E+20   1.6684E-01   1.6541E+00   1.5235E-01   0.0000E+00   0.0000E+00
    64    20   1.7453E+20   1.6619E-01   1.7424E+00   1.4022E-01   0.0000E+00   0.0000E+00
    64    21   1.3822E+20   1.3811E-01   1.5776E+00   1.3684E-01   0.0000E+00   0.0000E+00
    64    22   2.1037E+20   1.3659E-01   2.1673E+00   1.2416E-01   0.0000E+00   0.0000E+00
    64    23   1.6467E+20   1.4692E-01   1.6398E+00   1.4165E-01   0.0000E+00   0.0000E+00
    64    24   1.5236E+20   1.6001E-01   1.3550E+00   1.3268E-01   0.0000E+00   0.0000E+00
    64    25   1.3843E+20   1.5281E-01   1.3912E+00   1.2094E-01   0.0000E+00   0.0000E+00
    64    26   1.5044E+20   1.3195E-01   1.5850E+00   1.1873E-01   0.0000E+00   0.0000E+00
    64    27   1.6203E+20   1.6926E-01   1.5639E+00   1.4401E-01   0.0000E+00   0.0000E+00
    64    28   1.7879E+20   1.7652E-01   1.7518E+00   1.3922E-01   0.0000E+00   0.0000E+00
    64    29   1.3274E+20   1.6626E-01   1.3573E+00   1.2989E-01   0.0000E+00   0.0000E+00
    64    30   1.3383E+20   1.5930E-01   1.3300E+00   1.3079E-01   0.0000E+00   0.0000E+00
    64    31   1.3274E+20   1.1919E-01   1.5031E+00   1.1195E-01   0.0000E+00   0.0000E+00
    64    32   1.2805E+20   1.2602E-01   1.1940E+00   1.1381E-01   0.0000E+00   0.0000E+00
     1     1   0.0000E+00   0.0000E+00   0.0000E+00   0.0000E+00   0.0000E+00   0.0000E+00
     1     2   0.0000E+00   0.0000E+00   0.0000E+00   0.0000E+00   0.0000E+00   0.0000E+00
     1     3   0.0000E+00   0.0000E+00   0.0000E+00   0.0000E+00   0.0000E+00   0.0000E+00
     1     4   0.0000E+00   0.0000E+00   0.0000E+00   0.0000E+00   0.0000E+00   0.0000E+00
     1     5   0.0000E+00   0.0000E+00   0.0000E+00   0.0000E+00   0.0000E+00   0.0000E+00
     1     6   0.0000E+00   0.0000E+00   0.0000E+00   0.0000E+00   0.0000E+00   0.0000E+00
     1     7   0.0000E+00   0.0000E+00   0.0000E+00   0.0000E+00   0.0000E+00   0.0000E+00
     1     8   0.0000E+00   0.0000E+00   0.0000E+00   0.0000E+00   0.0000E+00   0.0000E+00
     1     9   0.0000E+00   0.0000E+00   0.0000E+00   0.0000E+00   0.0000E+00   0.0000E+00
     1    10   0.0000E+00   0.0000E+00   0.0000E+00   0.0000E+00   0.0000E+00   0.0000E+00
     1    11   0.0000E+00   0.0000E+00   0.0000E+00   0.0000E+00   0.0000E+00   0.0000E+00
     1    12   0.0000E+00   0.0000E+00   0.0000E+00   0.0000E+00   0.0000E+00   0.0000E+00
     1    13   0.0000E+00   0.0000E+00   0.0000E+00   0.0000E+00   0.0000E+00   0.0000E+00
     1    14   0.0000E+00   0.0000E+00   0.0000E+00   0.0000E+00   0.0000E+00   0.0000E+00
     1    15   0.0000E+00   0.0000E+00   0.0000E+00   0.0000E+00   0.0000E+00   0.0000E+00
     1    16   0.0000E+00   0.0000E+00   0.0000E+00   0.0000E+00   0.0000E+00   0.0000E+00
     1    17   0.0000E+00   0.0000E+00   0.0000E+00   0.0000E+00   0.0000E+00   0.0000E+00
     1    18   0.0000E+00   0.0000E+00   0.0000E+00   0.0000E+00   0.0000E+00   0.0000E+00
     1    19   0.0000E+00   0.0000E+00   0.0000E+00   0.0000E+00   0.0000E+00   0.0000E+00
     1    20   0.0000E+00   0.0000E+00   0.0000E+00   0.0000E+00   0.0000E+00   0.0000E+00
     1    21   0.0000E+00   0.0000E+00   0.0000E+00   0.0000E+00   0.0000E+00   0.0000E+00
     1    22   0.0000E+00   0.0000E+00   0.0000E+00   0.0000E+00   0.0000E+00   0.0000E+00
     1    23   0.0000E+00   0.0000E+00   0.0000E+00   0.0000E+00   0.0000E+00   0.0000E+00
     1    24   0.0000E+00   0.0000E+00   0.0000E+00   0.0000E+00   0.0000E+00   0.0000E+00
     1    25   0.0000E+00   0.0000E+00   0.0000E+00   0.0000E+00   0.0000E+00   0.0000E+00
     1    26   0.0000E+00   0.0000E+00   0.0000E+00   0.0000E+00   0.0000E+00   0.0000E+00
     1    27   0.0000E+00   0.0000E+00   0.0000E+00   0.0000E+00   0.0000E+00   0.0000E+00
     1    28   0.0000E+00   0.0000E+00   0.0000E+00   0.0000E+00   0.0000E+00   0.0000E+00
     1    29   0.0000E+00   0.0000E+00   0.0000E+00   0.0000E+00   0.0000E+00   0.0000E+00
     1    30   0.0000E+00   0.0000E+00   0.0000E+00   0.0000E+00   0.0000E+00   0.0000E+00
     1    31   0.0000E+00   0.0000E+00   0.0000E+00   0.0000E+00   0.0000E+00   0.0000E+00
     1    32   0.0000E+00   0.0000E+00   0.0000E+00   0.0000E+00   0.0000E+00   0.0000E+00
     2     1   0.0000E+00   0.0000E+00   0.0000E+00   0.0000E+00   0.0000E+00   0.0000E+00
     2     2   0.0000E+00   0.0000E+00   0.0000E+00   0.0000E+00   0.0000E+00   0.0000E+00
     2     3   0.0000E+00   0.0000E+00   0.0000E+00   0.0000E+00   0.0000E+00   0.0000E+00
     2     4   0.0000E+00   0.0000E+00   0.0000E+00   0.0000E+00   0.0000E+00   0.0000E+00
     2     5   0.0000E+00   0.0000E+00   0.0000E+00   0.0000E+00   0.0000E+00   0.0000E+00
     2     6   0.0000E+00   0.0000E+00   0.0000E+00   0.0000E+00   0.0000E+00   0.0000E+00
     2     7   0.0000E+00   0.0000E+00   0.0000E+00   0.0000E+00   0.0000E+00   0.0000E+00
     2     8   0.0000E+00   0.0000E+00   0.0000E+00   0.0000E+00   0.0000E+00   0.0000E+00
     2     9   0.0000E+00   0.0000E+00   0.0000E+00   0.0000E+00   0.0000E+00   0.0000E+00
     2    10   0.0000E+00   0.0000E+00   0.0000E+00   0.0000E+00   0.0000E+00   0.0000E+00
     2    11   0.0000E+00   0.0000E+00   0.0000E+00   0.0000E+00   0.0000E+00   0.0000E+00
     2    12   0.0000E+00   0.0000E+00   0.0000E+00   0.0000E+00   0.0000E+00   0.0000E+00
     2    13   0.0000E+00   0.0000E+00   0.0000E+00   0.0000E+00   0.0000E+00   0.0000E+00
     2    14   0.0000E+00   0.0000E+00   0.0000E+00   0.0000E+00   0.0000E+00   0.0000E+00
     2    15   0.0000E+00   0.0000E+00   0.0000E+00   0.0000E+00   0.0000E+00   0.0000E+00
     2    16   0.0000E+00   0.0000E+00   0.0000E+00   0.0000E+00   0.0000E+00   0.0000E+00
     2    17   0.0000E+00   0.0000E+00   0.0000E+00   0.0000E+00   0.0000E+00   0.0000E+00
     2    18   0.0000E+00   0.0000E+00   0.0000E+00   0.0000E+00   0.0000E+00   0.0000E+00
     2    19   0.0000E+00   0.0000E+00   0.0000E+00   0.0000E+00   0.0000E+00   0.0000E+00
     2    20   0.0000E+00   0.0000E+00   0.0000E+00   0.0000E+00   0.0000E+00   0.0000E+00
     2    21   0.0000E+00   0.0000E+00   0.0000E+00   0.0000E+00   0.0000E+00   0.0000E+00
     2    22   0.0000E+00   0.0000E+00   0.0000E+00   0.0000E+00   0.0000E+00   0.0000E+00
     2    23   0.0000E+00   0.0000E+00   0.0000E+00   0.0000E+00   0.0000E+00   0.0000E+00
     2    24   0.0000E+00   0.0000E+00   0.0000E+00   0.0000E+00   0.0000E+00   0.0000E+00
     2    25   0.0000E+00   0.0000E+00   0.0000E+00   0.0000E+00   0.0000E+00   0.0000E+00
     2    26   0.0000E+00   0.0000E+00   0.0000E+00   0.0000E+00   0.0000E+00   0.0000E+00
     2    27   0.0000E+00   0.0000E+00   0.0000E+00   0.0000E+00   0.0000E+00   0.0000E+00
     2    28   0.0000E+00   0.0000E+00   0.0000E+00   0.0000E+00   0.0000E+00   0.0000E+00
     2    29   0.0000E+00   0.0000E+00   0.0000E+00   0.0000E+00   0.0000E+00   0.0000E+00
     2    30   0.0000E+00   0.0000E+00   0.0000E+00   0.0000E+00   0.0000E+00   0.0000E+00
     2    31   0.0000E+00   0.0000E+00   0.0000E+00   0.0000E+00   0.0000E+00   0.0000E+00
     2    32   0.0000E+00   0.0000E+00   0.0000E+00   0.0000E+00   0.0000E+00   0.0000E+00
     3     1   0.0000E+00   0.0000E+00   0.0000E+00   0.0000E+00   0.0000E+00   0.0000E+00
     3     2   0.0000E+00   0.0000E+00   0.0000E+00   0.0000E+00   0.0000E+00   0.0000E+00
     3     3   0.0000E+00   0.0000E+00   0.0000E+00   0.0000E+00   0.0000E+00   0.0000E+00
     3     4   0.0000E+00   0.0000E+00   0.0000E+00   0.0000E+00   0.0000E+00   0.0000E+00
     3     5   0.0000E+00   0.0000E+00   0.0000E+00   0.0000E+00   0.0000E+00   0.0000E+00
     3     6   0.0000E+00   0.0000E+00   0.0000E+00   0.0000E+00   0.0000E+00   0.0000E+00
     3     7   0.0000E+00   0.0000E+00   0.0000E+00   0.0000E+00   0.0000E+00   0.0000E+00
     3     8   0.0000E+00   0.0000E+00   0.0000E+00   0.0000E+00   0.0000E+00   0.0000E+00
     3     9   0.0000E+00   0.0000E+00   0.0000E+00   0.0000E+00   0.0000E+00   0.0000E+00
     3    10   0.0000E+00   0.0000E+00   0.0000E+00   0.0000E+00   0.0000E+00   0.0000E+00
     3    11   0.0000E+00   0.0000E+00   0.0000E+00   0.0000E+00   0.0000E+00   0.0000E+00
     3    12   0.0000E+00   0.0000E+00   0.0000E+00   0.0000E+00   0.0000E+00   0.0000E+00
     3    13   0.0000E+00   0.0000E+00   0.0000E+00   0.0000E+00   0.0000E+00   0.0000E+00
     3    14   0.0000E+00   0.0000E+00   0.0000E+00   0.0000E+00   0.0000E+00   0.0000E+00
     3    15   0.0000E+00   0.0000E+00   0.0000E+00   0.0000E+00   0.0000E+00   0.0000E+00
     3    16   0.0000E+00   0.0000E+00   0.0000E+00   0.0000E+00   0.0000E+00   0.0000E+00
     3    17   0.0000E+00   0.0000E+00   0.0000E+00   0.0000E+00   0.0000E+00   0.0000E+00
     3    18   0.0000E+00   0.0000E+00   0.0000E+00   0.0000E+00   0.0000E+00   0.0000E+00
     3    19   0.0000E+00   0.0000E+00   0.0000E+00   0.0000E+00   0.0000E+00   0.0000E+00
     3    20   0.0000E+00   0.0000E+00   0.0000E+00   0.0000E+00   0.0000E+00   0.0000E+00
     3    21   0.0000E+00   0.0000E+00   0.0000E+00   0.0000E+00   0.0000E+00   0.0000E+00
     3    22   0.0000E+00   0.0000E+00   0.0000E+00   0.0000E+00   0.0000E+00   0.0000E+00
     3    23   0.0000E+00   0.0000E+00   0.0000E+00   0.0000E+00   0.0000E+00   0.0000E+00
     3    24   0.0000E+00   0.0000E+00   0.0000E+00   0.0000E+00   0.0000E+00   0.0000E+00
     3    25   0.0000E+00   0.0000E+00   0.0000E+00   0.0000E+00   0.0000E+00   0.0000E+00
     3    26   0.0000E+00   0.0000E+00   0.0000E+00   0.0000E+00   0.0000E+00   0.0000E+00
     3    27   0.0000E+00   0.0000E+00   0.0000E+00   0.0000E+00   0.0000E+00   0.0000E+00
     3    28   0.0000E+00   0.0000E+00   0.0000E+00   0.0000E+00   0.0000E+00   0.0000E+00
     3    29   0.0000E+00   0.0000E+00   0.0000E+00   0.0000E+00   0.0000E+00   0.0000E+00
     3    30   0.0000E+00   0.0000E+00   0.0000E+00   0.0000E+00   0.0000E+00   0.0000E+00
     3    31   0.0000E+00   0.0000E+00   0.0000E+00   0.0000E+00   0.0000E+00   0.0000E+00
     3    32   0.0000E+00   0.0000E+00   0.0000E+00   0.0000E+00   0.0000E+00   0.0000E+00
     4     1   0.0000E+00   0.0000E+00   0.0000E+00   0.0000E+00   0.0000E+00   0.0000E+00
     4     2   0.0000E+00   0.0000E+00   0.0000E+00   0.0000E+00   0.0000E+00   0.0000E+00
     4     3   0.0000E+00   0.0000E+00   0.0000E+00   0.0000E+00   0.0000E+00   0.0000E+00
     4     4   0.0000E+00   0.0000E+00   0.0000E+00   0.0000E+00   0.0000E+00   0.0000E+00
     4     5   0.0000E+00   0.0000E+00   0.0000E+00   0.0000E+00   0.0000E+00   0.0000E+00
     4     6   0.0000E+00   0.0000E+00   0.0000E+00   0.0000E+00   0.0000E+00   0.0000E+00
     4     7   0.0000E+00   0.0000E+00   0.0000E+00   0.0000E+00   0.0000E+00   0.0000E+00
     4     8   0.0000E+00   0.0000E+00   0.0000E+00   0.0000E+00   0.0000E+00   0.0000E+00
     4     9   0.0000E+00   0.0000E+00   0.0000E+00   0.0000E+00   0.0000E+00   0.0000E+00
     4    10   0.0000E+00   0.0000E+00   0.0000E+00   0.0000E+00   0.0000E+00   0.0000E+00
     4    11   0.0000E+00   0.0000E+00   0.0000E+00   0.0000E+00   0.0000E+00   0.0000E+00
     4    12   0.0000E+00   0.0000E+00   0.0000E+00   0.0000E+00   0.0000E+00   0.0000E+00
     4    13   0.0000E+00   0.0000E+00   0.0000E+00   0.0000E+00   0.0000E+00   0.0000E+00
     4    14   0.0000E+00   0.0000E+00   0.0000E+00   0.0000E+00   0.0000E+00   0.0000E+00
     4    15   0.0000E+00   0.0000E+00   0.0000E+00   0.0000E+00   0.0000E+00   0.0000E+00
     4    16   0.0000E+00   0.0000E+00   0.0000E+00   0.0000E+00   0.0000E+00   0.0000E+00
     4    17   0.0000E+00   0.0000E+00   0.0000E+00   0.0000E+00   0.0000E+00   0.0000E+00
     4    18   0.0000E+00   0.0000E+00   0.0000E+00   0.0000E+00   0.0000E+00   0.0000E+00
     4    19   0.0000E+00   0.0000E+00   0.0000E+00   0.0000E+00   0.0000E+00   0.0000E+00
     4    20   0.0000E+00   0.0000E+00   0.0000E+00   0.0000E+00   0.0000E+00   0.0000E+00
     4    21   0.0000E+00   0.0000E+00   0.0000E+00   0.0000E+00   0.0000E+00   0.0000E+00
     4    22   0.0000E+00   0.0000E+00   0.0000E+00   0.0000E+00   0.0000E+00   0.0000E+00
     4    23   0.0000E+00   0.0000E+00   0.0000E+00   0.0000E+00   0.0000E+00   0.0000E+00
     4    24   0.0000E+00   0.0000E+00   0.0000E+00   0.0000E+00   0.0000E+00   0.0000E+00
     4    25   0.0000E+00   0.0000E+00   0.0000E+00   0.0000E+00   0.0000E+00   0.0000E+00
     4    26   0.0000E+00   0.0000E+00   0.0000E+00   0.0000E+00   0.0000E+00   0.0000E+00
     4    27   0.0000E+00   0.0000E+00   0.0000E+00   0.0000E+00   0.0000E+00   0.0000E+00
     4    28   0.0000E+00   0.0000E+00   0.0000E+00   0.0000E+00   0.0000E+00   0.0000E+00
     4    29   0.0000E+00   0.0000E+00   0.0000E+00   0.0000E+00   0.0000E+00   0.0000E+00
     4    30   0.0000E+00   0.0000E+00   0.0000E+00   0.0000E+00   0.0000E+00   0.0000E+00
     4    31   0.0000E+00   0.0000E+00   0.0000E+00   0.0000E+00   0.0000E+00   0.0000E+00
     4    32   0.0000E+00   0.0000E+00   0.0000E+00   0.0000E+00   0.0000E+00   0.0000E+00
     5     1   0.0000E+00   0.0000E+00   0.0000E+00   0.0000E+00   0.0000E+00   0.0000E+00
     5     2   0.0000E+00   0.0000E+00   0.0000E+00   0.0000E+00   0.0000E+00   0.0000E+00
     5     3   0.0000E+00   0.0000E+00   0.0000E+00   0.0000E+00   0.0000E+00   0.0000E+00
     5     4   0.0000E+00   0.0000E+00   0.0000E+00   0.0000E+00   0.0000E+00   0.0000E+00
     5     5   0.0000E+00   0.0000E+00   0.0000E+00   0.0000E+00   0.0000E+00   0.0000E+00
     5     6   0.0000E+00   0.0000E+00   0.0000E+00   0.0000E+00   0.0000E+00   0.0000E+00
     5     7   0.0000E+00   0.0000E+00   0.0000E+00   0.0000E+00   0.0000E+00   0.0000E+00
     5     8   0.0000E+00   0.0000E+00   0.0000E+00   0.0000E+00   0.0000E+00   0.0000E+00
     5     9   0.0000E+00   0.0000E+00   0.0000E+00   0.0000E+00   0.0000E+00   0.0000E+00
     5    10   0.0000E+00   0.0000E+00   0.0000E+00   0.0000E+00   0.0000E+00   0.0000E+00
     5    11   0.0000E+00   0.0000E+00   0.0000E+00   0.0000E+00   0.0000E+00   0.0000E+00
     5    12   0.0000E+00   0.0000E+00   0.0000E+00   0.0000E+00   0.0000E+00   0.0000E+00
     5    13   0.0000E+00   0.0000E+00   0.0000E+00   0.0000E+00   0.0000E+00   0.0000E+00
     5    14   0.0000E+00   0.0000E+00   0.0000E+00   0.0000E+00   0.0000E+00   0.0000E+00
     5    15   0.0000E+00   0.0000E+00   0.0000E+00   0.0000E+00   0.0000E+00   0.0000E+00
     5    16   0.0000E+00   0.0000E+00   0.0000E+00   0.0000E+00   0.0000E+00   0.0000E+00
     5    17   0.0000E+00   0.0000E+00   0.0000E+00   0.0000E+00   0.0000E+00   0.0000E+00
     5    18   0.0000E+00   0.0000E+00   0.0000E+00   0.0000E+00   0.0000E+00   0.0000E+00
     5    19   0.0000E+00   0.0000E+00   0.0000E+00   0.0000E+00   0.0000E+00   0.0000E+00
     5    20   0.0000E+00   0.0000E+00   0.0000E+00   0.0000E+00   0.0000E+00   0.0000E+00
     5    21   0.0000E+00   0.0000E+00   0.0000E+00   0.0000E+00   0.0000E+00   0.0000E+00
     5    22   0.0000E+00   0.0000E+00   0.0000E+00   0.0000E+00   0.0000E+00   0.0000E+00
     5    23   0.0000E+00   0.0000E+00   0.0000E+00   0.0000E+00   0.0000E+00   0.0000E+00
     5    24   0.0000E+00   0.0000E+00   0.0000E+00   0.0000E+00   0.0000E+00   0.0000E+00
     5    25   0.0000E+00   0.0000E+00   0.0000E+00   0.0000E+00   0.0000E+00   0.0000E+00
     5    26   0.0000E+00   0.0000E+00   0.0000E+00   0.0000E+00   0.0000E+00   0.0000E+00
     5    27   0.0000E+00   0.0000E+00   0.0000E+00   0.0000E+00   0.0000E+00   0.0000E+00
     5    28   0.0000E+00   0.0000E+00   0.0000E+00   0.0000E+00   0.0000E+00   0.0000E+00
     5    29   0.0000E+00   0.0000E+00   0.0000E+00   0.0000E+00   0.0000E+00   0.0000E+00
     5    30   0.0000E+00   0.0000E+00   0.0000E+00   0.0000E+00   0.0000E+00   0.0000E+00
     5    31   0.0000E+00   0.0000E+00   0.0000E+00   0.0000E+00   0.0000E+00   0.0000E+00
     5    32   0.0000E+00   0.0000E+00   0.0000E+00   0.0000E+00   0.0000E+00   0.0000E+00
     6     1   0.0000E+00   0.0000E+00   0.0000E+00   0.0000E+00   0.0000E+00   0.0000E+00
     6     2   0.0000E+00   0.0000E+00   0.0000E+00   0.0000E+00   0.0000E+00   0.0000E+00
     6     3   0.0000E+00   0.0000E+00   0.0000E+00   0.0000E+00   0.0000E+00   0.0000E+00
     6     4   0.0000E+00   0.0000E+00   0.0000E+00   0.0000E+00   0.0000E+00   0.0000E+00
     6     5   0.0000E+00   0.0000E+00   0.0000E+00   0.0000E+00   0.0000E+00   0.0000E+00
     6     6   0.0000E+00   0.0000E+00   0.0000E+00   0.0000E+00   0.0000E+00   0.0000E+00
     6     7   0.0000E+00   0.0000E+00   0.0000E+00   0.0000E+00   0.0000E+00   0.0000E+00
     6     8   0.0000E+00   0.0000E+00   0.0000E+00   0.0000E+00   0.0000E+00   0.0000E+00
     6     9   0.0000E+00   0.0000E+00   0.0000E+00   0.0000E+00   0.0000E+00   0.0000E+00
     6    10   0.0000E+00   0.0000E+00   0.0000E+00   0.0000E+00   0.0000E+00   0.0000E+00
     6    11   0.0000E+00   0.0000E+00   0.0000E+00   0.0000E+00   0.0000E+00   0.0000E+00
     6    12   0.0000E+00   0.0000E+00   0.0000E+00   0.0000E+00   0.0000E+00   0.0000E+00
     6    13   0.0000E+00   0.0000E+00   0.0000E+00   0.0000E+00   0.0000E+00   0.0000E+00
     6    14   0.0000E+00   0.0000E+00   0.0000E+00   0.0000E+00   0.0000E+00   0.0000E+00
     6    15   0.0000E+00   0.0000E+00   0.0000E+00   0.0000E+00   0.0000E+00   0.0000E+00
     6    16   0.0000E+00   0.0000E+00   0.0000E+00   0.0000E+00   0.0000E+00   0.0000E+00
     6    17   0.0000E+00   0.0000E+00   0.0000E+00   0.0000E+00   0.0000E+00   0.0000E+00
     6    18   0.0000E+00   0.0000E+00   0.0000E+00   0.0000E+00   0.0000E+00   0.0000E+00
     6    19   0.0000E+00   0.0000E+00   0.0000E+00   0.0000E+00   0.0000E+00   0.0000E+00
     6    20   0.0000E+00   0.0000E+00   0.0000E+00   0.0000E+00   0.0000E+00   0.0000E+00
     6    21   0.0000E+00   0.0000E+00   0.0000E+00   0.0000E+00   0.0000E+00   0.0000E+00
     6    22   0.0000E+00   0.0000E+00   0.0000E+00   0.0000E+00   0.0000E+00   0.0000E+00
     6    23   0.0000E+00   0.0000E+00   0.0000E+00   0.0000E+00   0.0000E+00   0.0000E+00
     6    24   0.0000E+00   0.0000E+00   0.0000E+00   0.0000E+00   0.0000E+00   0.0000E+00
     6    25   0.0000E+00   0.0000E+00   0.0000E+00   0.0000E+00   0.0000E+00   0.0000E+00
     6    26   0.0000E+00   0.0000E+00   0.0000E+00   0.0000E+00   0.0000E+00   0.0000E+00
     6    27   0.0000E+00   0.0000E+00   0.0000E+00   0.0000E+00   0.0000E+00   0.0000E+00
     6    28   0.0000E+00   0.0000E+00   0.0000E+00   0.0000E+00   0.0000E+00   0.0000E+00
     6    29   0.0000E+00   0.0000E+00   0.0000E+00   0.0000E+00   0.0000E+00   0.0000E+00
     6    30   0.0000E+00   0.0000E+00   0.0000E+00   0.0000E+00   0.0000E+00   0.0000E+00
     6    31   0.0000E+00   0.0000E+00   0.0000E+00   0.0000E+00   0.0000E+00   0.0000E+00
     6    32   0.0000E+00   0.0000E+00   0.0000E+00   0.0000E+00   0.0000E+00   0.0000E+00
     7     1   0.0000E+00   0.0000E+00   0.0000E+00   0.0000E+00   0.0000E+00   0.0000E+00
     7     2   0.0000E+00   0.0000E+00   0.0000E+00   0.0000E+00   0.0000E+00   0.0000E+00
     7     3   0.0000E+00   0.0000E+00   0.0000E+00   0.0000E+00   0.0000E+00   0.0000E+00
     7     4   0.0000E+00   0.0000E+00   0.0000E+00   0.0000E+00   0.0000E+00   0.0000E+00
     7     5   0.0000E+00   0.0000E+00   0.0000E+00   0.0000E+00   0.0000E+00   0.0000E+00
     7     6   0.0000E+00   0.0000E+00   0.0000E+00   0.0000E+00   0.0000E+00   0.0000E+00
     7     7   0.0000E+00   0.0000E+00   0.0000E+00   0.0000E+00   0.0000E+00   0.0000E+00
     7     8   0.0000E+00   0.0000E+00   0.0000E+00   0.0000E+00   0.0000E+00   0.0000E+00
     7     9   0.0000E+00   0.0000E+00   0.0000E+00   0.0000E+00   0.0000E+00   0.0000E+00
     7    10   0.0000E+00   0.0000E+00   0.0000E+00   0.0000E+00   0.0000E+00   0.0000E+00
     7    11   0.0000E+00   0.0000E+00   0.0000E+00   0.0000E+00   0.0000E+00   0.0000E+00
     7    12   0.0000E+00   0.0000E+00   0.0000E+00   0.0000E+00   0.0000E+00   0.0000E+00
     7    13   0.0000E+00   0.0000E+00   0.0000E+00   0.0000E+00   0.0000E+00   0.0000E+00
     7    14   0.0000E+00   0.0000E+00   0.0000E+00   0.0000E+00   0.0000E+00   0.0000E+00
     7    15   0.0000E+00   0.0000E+00   0.0000E+00   0.0000E+00   0.0000E+00   0.0000E+00
     7    16   0.0000E+00   0.0000E+00   0.0000E+00   0.0000E+00   0.0000E+00   0.0000E+00
     7    17   0.0000E+00   0.0000E+00   0.0000E+00   0.0000E+00   0.0000E+00   0.0000E+00
     7    18   0.0000E+00   0.0000E+00   0.0000E+00   0.0000E+00   0.0000E+00   0.0000E+00
     7    19   0.0000E+00   0.0000E+00   0.0000E+00   0.0000E+00   0.0000E+00   0.0000E+00
     7    20   0.0000E+00   0.0000E+00   0.0000E+00   0.0000E+00   0.0000E+00   0.0000E+00
     7    21   0.0000E+00   0.0000E+00   0.0000E+00   0.0000E+00   0.0000E+00   0.0000E+00
     7    22   0.0000E+00   0.0000E+00   0.0000E+00   0.0000E+00   0.0000E+00   0.0000E+00
     7    23   0.0000E+00   0.0000E+00   0.0000E+00   0.0000E+00   0.0000E+00   0.0000E+00
     7    24   0.0000E+00   0.0000E+00   0.0000E+00   0.0000E+00   0.0000E+00   0.0000E+00
     7    25   0.0000E+00   0.0000E+00   0.0000E+00   0.0000E+00   0.0000E+00   0.0000E+00
     7    26   0.0000E+00   0.0000E+00   0.0000E+00   0.0000E+00   0.0000E+00   0.0000E+00
     7    27   0.0000E+00   0.0000E+00   0.0000E+00   0.0000E+00   0.0000E+00   0.0000E+00
     7    28   0.0000E+00   0.0000E+00   0.0000E+00   0.0000E+00   0.0000E+00   0.0000E+00
     7    29   0.0000E+00   0.0000E+00   0.0000E+00   0.0000E+00   0.0000E+00   0.0000E+00
     7    30   0.0000E+00   0.0000E+00   0.0000E+00   0.0000E+00   0.0000E+00   0.0000E+00
     7    31   0.0000E+00   0.0000E+00   0.0000E+00   0.0000E+00   0.0000E+00   0.0000E+00
     7    32   0.0000E+00   0.0000E+00   0.0000E+00   0.0000E+00   0.0000E+00   0.0000E+00
     8     1   0.0000E+00   0.0000E+00   0.0000E+00   0.0000E+00   0.0000E+00   0.0000E+00
     8     2   0.0000E+00   0.0000E+00   0.0000E+00   0.0000E+00   0.0000E+00   0.0000E+00
     8     3   0.0000E+00   0.0000E+00   0.0000E+00   0.0000E+00   0.0000E+00   0.0000E+00
     8     4   0.0000E+00   0.0000E+00   0.0000E+00   0.0000E+00   0.0000E+00   0.0000E+00
     8     5   0.0000E+00   0.0000E+00   0.0000E+00   0.0000E+00   0.0000E+00   0.0000E+00
     8     6   0.0000E+00   0.0000E+00   0.0000E+00   0.0000E+00   0.0000E+00   0.0000E+00
     8     7   0.0000E+00   0.0000E+00   0.0000E+00   0.0000E+00   0.0000E+00   0.0000E+00
     8     8   0.0000E+00   0.0000E+00   0.0000E+00   0.0000E+00   0.0000E+00   0.0000E+00
     8     9   0.0000E+00   0.0000E+00   0.0000E+00   0.0000E+00   0.0000E+00   0.0000E+00
     8    10   0.0000E+00   0.0000E+00   0.0000E+00   0.0000E+00   0.0000E+00   0.0000E+00
     8    11   0.0000E+00   0.0000E+00   0.0000E+00   0.0000E+00   0.0000E+00   0.0000E+00
     8    12   0.0000E+00   0.0000E+00   0.0000E+00   0.0000E+00   0.0000E+00   0.0000E+00
     8    13   0.0000E+00   0.0000E+00   0.0000E+00   0.0000E+00   0.0000E+00   0.0000E+00
     8    14   0.0000E+00   0.0000E+00   0.0000E+00   0.0000E+00   0.0000E+00   0.0000E+00
     8    15   0.0000E+00   0.0000E+00   0.0000E+00   0.0000E+00   0.0000E+00   0.0000E+00
     8    16   0.0000E+00   0.0000E+00   0.0000E+00   0.0000E+00   0.0000E+00   0.0000E+00
     8    17   0.0000E+00   0.0000E+00   0.0000E+00   0.0000E+00   0.0000E+00   0.0000E+00
     8    18   0.0000E+00   0.0000E+00   0.0000E+00   0.0000E+00   0.0000E+00   0.0000E+00
     8    19   0.0000E+00   0.0000E+00   0.0000E+00   0.0000E+00   0.0000E+00   0.0000E+00
     8    20   0.0000E+00   0.0000E+00   0.0000E+00   0.0000E+00   0.0000E+00   0.0000E+00
     8    21   0.0000E+00   0.0000E+00   0.0000E+00   0.0000E+00   0.0000E+00   0.0000E+00
     8    22   0.0000E+00   0.0000E+00   0.0000E+00   0.0000E+00   0.0000E+00   0.0000E+00
     8    23   0.0000E+00   0.0000E+00   0.0000E+00   0.0000E+00   0.0000E+00   0.0000E+00
     8    24   0.0000E+00   0.0000E+00   0.0000E+00   0.0000E+00   0.0000E+00   0.0000E+00
     8    25   0.0000E+00   0.0000E+00   0.0000E+00   0.0000E+00   0.0000E+00   0.0000E+00
     8    26   0.0000E+00   0.0000E+00   0.0000E+00   0.0000E+00   0.0000E+00   0.0000E+00
     8    27   0.0000E+00   0.0000E+00   0.0000E+00   0.0000E+00   0.0000E+00   0.0000E+00
     8    28   0.0000E+00   0.0000E+00   0.0000E+00   0.0000E+00   0.0000E+00   0.0000E+00
     8    29   0.0000E+00   0.0000E+00   0.0000E+00   0.0000E+00   0.0000E+00   0.0000E+00
     8    30   0.0000E+00   0.0000E+00   0.0000E+00   0.0000E+00   0.0000E+00   0.0000E+00
     8    31   0.0000E+00   0.0000E+00   0.0000E+00   0.0000E+00   0.0000E+00   0.0000E+00
     8    32   0.0000E+00   0.0000E+00   0.0000E+00   0.0000E+00   0.0000E+00   0.0000E+00
     9     1   0.0000E+00   0.0000E+00   0.0000E+00   0.0000E+00   0.0000E+00   0.0000E+00
     9     2   0.0000E+00   0.0000E+00   0.0000E+00   0.0000E+00   0.0000E+00   0.0000E+00
     9     3   0.0000E+00   0.0000E+00   0.0000E+00   0.0000E+00   0.0000E+00   0.0000E+00
     9     4   0.0000E+00   0.0000E+00   0.0000E+00   0.0000E+00   0.0000E+00   0.0000E+00
     9     5   0.0000E+00   0.0000E+00   0.0000E+00   0.0000E+00   0.0000E+00   0.0000E+00
     9     6   0.0000E+00   0.0000E+00   0.0000E+00   0.0000E+00   0.0000E+00   0.0000E+00
     9     7   0.0000E+00   0.0000E+00   0.0000E+00   0.0000E+00   0.0000E+00   0.0000E+00
     9     8   0.0000E+00   0.0000E+00   0.0000E+00   0.0000E+00   0.0000E+00   0.0000E+00
     9     9   0.0000E+00   0.0000E+00   0.0000E+00   0.0000E+00   0.0000E+00   0.0000E+00
     9    10   0.0000E+00   0.0000E+00   0.0000E+00   0.0000E+00   0.0000E+00   0.0000E+00
     9    11   0.0000E+00   0.0000E+00   0.0000E+00   0.0000E+00   0.0000E+00   0.0000E+00
     9    12   0.0000E+00   0.0000E+00   0.0000E+00   0.0000E+00   0.0000E+00   0.0000E+00
     9    13   0.0000E+00   0.0000E+00   0.0000E+00   0.0000E+00   0.0000E+00   0.0000E+00
     9    14   0.0000E+00   0.0000E+00   0.0000E+00   0.0000E+00   0.0000E+00   0.0000E+00
     9    15   0.0000E+00   0.0000E+00   0.0000E+00   0.0000E+00   0.0000E+00   0.0000E+00
     9    16   0.0000E+00   0.0000E+00   0.0000E+00   0.0000E+00   0.0000E+00   0.0000E+00
     9    17   0.0000E+00   0.0000E+00   0.0000E+00   0.0000E+00   0.0000E+00   0.0000E+00
     9    18   0.0000E+00   0.0000E+00   0.0000E+00   0.0000E+00   0.0000E+00   0.0000E+00
     9    19   0.0000E+00   0.0000E+00   0.0000E+00   0.0000E+00   0.0000E+00   0.0000E+00
     9    20   0.0000E+00   0.0000E+00   0.0000E+00   0.0000E+00   0.0000E+00   0.0000E+00
     9    21   0.0000E+00   0.0000E+00   0.0000E+00   0.0000E+00   0.0000E+00   0.0000E+00
     9    22   0.0000E+00   0.0000E+00   0.0000E+00   0.0000E+00   0.0000E+00   0.0000E+00
     9    23   0.0000E+00   0.0000E+00   0.0000E+00   0.0000E+00   0.0000E+00   0.0000E+00
     9    24   0.0000E+00   0.0000E+00   0.0000E+00   0.0000E+00   0.0000E+00   0.0000E+00
     9    25   0.0000E+00   0.0000E+00   0.0000E+00   0.0000E+00   0.0000E+00   0.0000E+00
     9    26   0.0000E+00   0.0000E+00   0.0000E+00   0.0000E+00   0.0000E+00   0.0000E+00
     9    27   0.0000E+00   0.0000E+00   0.0000E+00   0.0000E+00   0.0000E+00   0.0000E+00
     9    28   0.0000E+00   0.0000E+00   0.0000E+00   0.0000E+00   0.0000E+00   0.0000E+00
     9    29   0.0000E+00   0.0000E+00   0.0000E+00   0.0000E+00   0.0000E+00   0.0000E+00
     9    30   0.0000E+00   0.0000E+00   0.0000E+00   0.0000E+00   0.0000E+00   0.0000E+00
     9    31   0.0000E+00   0.0000E+00   0.0000E+00   0.0000E+00   0.0000E+00   0.0000E+00
     9    32   0.0000E+00   0.0000E+00   0.0000E+00   0.0000E+00   0.0000E+00   0.0000E+00
    10     1   0.0000E+00   0.0000E+00   0.0000E+00   0.0000E+00   0.0000E+00   0.0000E+00
    10     2   0.0000E+00   0.0000E+00   0.0000E+00   0.0000E+00   0.0000E+00   0.0000E+00
    10     3   0.0000E+00   0.0000E+00   0.0000E+00   0.0000E+00   0.0000E+00   0.0000E+00
    10     4   0.0000E+00   0.0000E+00   0.0000E+00   0.0000E+00   0.0000E+00   0.0000E+00
    10     5   0.0000E+00   0.0000E+00   0.0000E+00   0.0000E+00   0.0000E+00   0.0000E+00
    10     6   0.0000E+00   0.0000E+00   0.0000E+00   0.0000E+00   0.0000E+00   0.0000E+00
    10     7   0.0000E+00   0.0000E+00   0.0000E+00   0.0000E+00   0.0000E+00   0.0000E+00
    10     8   0.0000E+00   0.0000E+00   0.0000E+00   0.0000E+00   0.0000E+00   0.0000E+00
    10     9   0.0000E+00   0.0000E+00   0.0000E+00   0.0000E+00   0.0000E+00   0.0000E+00
    10    10   0.0000E+00   0.0000E+00   0.0000E+00   0.0000E+00   0.0000E+00   0.0000E+00
    10    11   0.0000E+00   0.0000E+00   0.0000E+00   0.0000E+00   0.0000E+00   0.0000E+00
    10    12   0.0000E+00   0.0000E+00   0.0000E+00   0.0000E+00   0.0000E+00   0.0000E+00
    10    13   0.0000E+00   0.0000E+00   0.0000E+00   0.0000E+00   0.0000E+00   0.0000E+00
    10    14   0.0000E+00   0.0000E+00   0.0000E+00   0.0000E+00   0.0000E+00   0.0000E+00
    10    15   0.0000E+00   0.0000E+00   0.0000E+00   0.0000E+00   0.0000E+00   0.0000E+00
    10    16   0.0000E+00   0.0000E+00   0.0000E+00   0.0000E+00   0.0000E+00   0.0000E+00
    10    17   0.0000E+00   0.0000E+00   0.0000E+00   0.0000E+00   0.0000E+00   0.0000E+00
    10    18   0.0000E+00   0.0000E+00   0.0000E+00   0.0000E+00   0.0000E+00   0.0000E+00
    10    19   0.0000E+00   0.0000E+00   0.0000E+00   0.0000E+00   0.0000E+00   0.0000E+00
    10    20   0.0000E+00   0.0000E+00   0.0000E+00   0.0000E+00   0.0000E+00   0.0000E+00
    10    21   0.0000E+00   0.0000E+00   0.0000E+00   0.0000E+00   0.0000E+00   0.0000E+00
    10    22   0.0000E+00   0.0000E+00   0.0000E+00   0.0000E+00   0.0000E+00   0.0000E+00
    10    23   0.0000E+00   0.0000E+00   0.0000E+00   0.0000E+00   0.0000E+00   0.0000E+00
    10    24   0.0000E+00   0.0000E+00   0.0000E+00   0.0000E+00   0.0000E+00   0.0000E+00
    10    25   0.0000E+00   0.0000E+00   0.0000E+00   0.0000E+00   0.0000E+00   0.0000E+00
    10    26   0.0000E+00   0.0000E+00   0.0000E+00   0.0000E+00   0.0000E+00   0.0000E+00
    10    27   0.0000E+00   0.0000E+00   0.0000E+00   0.0000E+00   0.0000E+00   0.0000E+00
    10    28   0.0000E+00   0.0000E+00   0.0000E+00   0.0000E+00   0.0000E+00   0.0000E+00
    10    29   0.0000E+00   0.0000E+00   0.0000E+00   0.0000E+00   0.0000E+00   0.0000E+00
    10    30   0.0000E+00   0.0000E+00   0.0000E+00   0.0000E+00   0.0000E+00   0.0000E+00
    10    31   0.0000E+00   0.0000E+00   0.0000E+00   0.0000E+00   0.0000E+00   0.0000E+00
    10    32   0.0000E+00   0.0000E+00   0.0000E+00   0.0000E+00   0.0000E+00   0.0000E+00
    11     1   0.0000E+00   0.0000E+00   0.0000E+00   0.0000E+00   0.0000E+00   0.0000E+00
    11     2   0.0000E+00   0.0000E+00   0.0000E+00   0.0000E+00   0.0000E+00   0.0000E+00
    11     3   0.0000E+00   0.0000E+00   0.0000E+00   0.0000E+00   0.0000E+00   0.0000E+00
    11     4   0.0000E+00   0.0000E+00   0.0000E+00   0.0000E+00   0.0000E+00   0.0000E+00
    11     5   0.0000E+00   0.0000E+00   0.0000E+00   0.0000E+00   0.0000E+00   0.0000E+00
    11     6   0.0000E+00   0.0000E+00   0.0000E+00   0.0000E+00   0.0000E+00   0.0000E+00
    11     7   0.0000E+00   0.0000E+00   0.0000E+00   0.0000E+00   0.0000E+00   0.0000E+00
    11     8   0.0000E+00   0.0000E+00   0.0000E+00   0.0000E+00   0.0000E+00   0.0000E+00
    11     9   0.0000E+00   0.0000E+00   0.0000E+00   0.0000E+00   0.0000E+00   0.0000E+00
    11    10   0.0000E+00   0.0000E+00   0.0000E+00   0.0000E+00   0.0000E+00   0.0000E+00
    11    11   0.0000E+00   0.0000E+00   0.0000E+00   0.0000E+00   0.0000E+00   0.0000E+00
    11    12   0.0000E+00   0.0000E+00   0.0000E+00   0.0000E+00   0.0000E+00   0.0000E+00
    11    13   0.0000E+00   0.0000E+00   0.0000E+00   0.0000E+00   0.0000E+00   0.0000E+00
    11    14   0.0000E+00   0.0000E+00   0.0000E+00   0.0000E+00   0.0000E+00   0.0000E+00
    11    15   0.0000E+00   0.0000E+00   0.0000E+00   0.0000E+00   0.0000E+00   0.0000E+00
    11    16   0.0000E+00   0.0000E+00   0.0000E+00   0.0000E+00   0.0000E+00   0.0000E+00
    11    17   0.0000E+00   0.0000E+00   0.0000E+00   0.0000E+00   0.0000E+00   0.0000E+00
    11    18   0.0000E+00   0.0000E+00   0.0000E+00   0.0000E+00   0.0000E+00   0.0000E+00
    11    19   0.0000E+00   0.0000E+00   0.0000E+00   0.0000E+00   0.0000E+00   0.0000E+00
    11    20   0.0000E+00   0.0000E+00   0.0000E+00   0.0000E+00   0.0000E+00   0.0000E+00
    11    21   0.0000E+00   0.0000E+00   0.0000E+00   0.0000E+00   0.0000E+00   0.0000E+00
    11    22   0.0000E+00   0.0000E+00   0.0000E+00   0.0000E+00   0.0000E+00   0.0000E+00
    11    23   0.0000E+00   0.0000E+00   0.0000E+00   0.0000E+00   0.0000E+00   0.0000E+00
    11    24   0.0000E+00   0.0000E+00   0.0000E+00   0.0000E+00   0.0000E+00   0.0000E+00
    11    25   0.0000E+00   0.0000E+00   0.0000E+00   0.0000E+00   0.0000E+00   0.0000E+00
    11    26   0.0000E+00   0.0000E+00   0.0000E+00   0.0000E+00   0.0000E+00   0.0000E+00
    11    27   0.0000E+00   0.0000E+00   0.0000E+00   0.0000E+00   0.0000E+00   0.0000E+00
    11    28   0.0000E+00   0.0000E+00   0.0000E+00   0.0000E+00   0.0000E+00   0.0000E+00
    11    29   0.0000E+00   0.0000E+00   0.0000E+00   0.0000E+00   0.0000E+00   0.0000E+00
    11    30   0.0000E+00   0.0000E+00   0.0000E+00   0.0000E+00   0.0000E+00   0.0000E+00
    11    31   0.0000E+00   0.0000E+00   0.0000E+00   0.0000E+00   0.0000E+00   0.0000E+00
    11    32   0.0000E+00   0.0000E+00   0.0000E+00   0.0000E+00   0.0000E+00   0.0000E+00
    12     1   0.0000E+00   0.0000E+00   0.0000E+00   0.0000E+00   0.0000E+00   0.0000E+00
    12     2   0.0000E+00   0.0000E+00   0.0000E+00   0.0000E+00   0.0000E+00   0.0000E+00
    12     3   0.0000E+00   0.0000E+00   0.0000E+00   0.0000E+00   0.0000E+00   0.0000E+00
    12     4   0.0000E+00   0.0000E+00   0.0000E+00   0.0000E+00   0.0000E+00   0.0000E+00
    12     5   0.0000E+00   0.0000E+00   0.0000E+00   0.0000E+00   0.0000E+00   0.0000E+00
    12     6   0.0000E+00   0.0000E+00   0.0000E+00   0.0000E+00   0.0000E+00   0.0000E+00
    12     7   0.0000E+00   0.0000E+00   0.0000E+00   0.0000E+00   0.0000E+00   0.0000E+00
    12     8   0.0000E+00   0.0000E+00   0.0000E+00   0.0000E+00   0.0000E+00   0.0000E+00
    12     9   0.0000E+00   0.0000E+00   0.0000E+00   0.0000E+00   0.0000E+00   0.0000E+00
    12    10   0.0000E+00   0.0000E+00   0.0000E+00   0.0000E+00   0.0000E+00   0.0000E+00
    12    11   0.0000E+00   0.0000E+00   0.0000E+00   0.0000E+00   0.0000E+00   0.0000E+00
    12    12   0.0000E+00   0.0000E+00   0.0000E+00   0.0000E+00   0.0000E+00   0.0000E+00
    12    13   0.0000E+00   0.0000E+00   0.0000E+00   0.0000E+00   0.0000E+00   0.0000E+00
    12    14   0.0000E+00   0.0000E+00   0.0000E+00   0.0000E+00   0.0000E+00   0.0000E+00
    12    15   0.0000E+00   0.0000E+00   0.0000E+00   0.0000E+00   0.0000E+00   0.0000E+00
    12    16   0.0000E+00   0.0000E+00   0.0000E+00   0.0000E+00   0.0000E+00   0.0000E+00
    12    17   0.0000E+00   0.0000E+00   0.0000E+00   0.0000E+00   0.0000E+00   0.0000E+00
    12    18   0.0000E+00   0.0000E+00   0.0000E+00   0.0000E+00   0.0000E+00   0.0000E+00
    12    19   0.0000E+00   0.0000E+00   0.0000E+00   0.0000E+00   0.0000E+00   0.0000E+00
    12    20   0.0000E+00   0.0000E+00   0.0000E+00   0.0000E+00   0.0000E+00   0.0000E+00
    12    21   0.0000E+00   0.0000E+00   0.0000E+00   0.0000E+00   0.0000E+00   0.0000E+00
    12    22   0.0000E+00   0.0000E+00   0.0000E+00   0.0000E+00   0.0000E+00   0.0000E+00
    12    23   0.0000E+00   0.0000E+00   0.0000E+00   0.0000E+00   0.0000E+00   0.0000E+00
    12    24   0.0000E+00   0.0000E+00   0.0000E+00   0.0000E+00   0.0000E+00   0.0000E+00
    12    25   0.0000E+00   0.0000E+00   0.0000E+00   0.0000E+00   0.0000E+00   0.0000E+00
    12    26   0.0000E+00   0.0000E+00   0.0000E+00   0.0000E+00   0.0000E+00   0.0000E+00
    12    27   0.0000E+00   0.0000E+00   0.0000E+00   0.0000E+00   0.0000E+00   0.0000E+00
    12    28   0.0000E+00   0.0000E+00   0.0000E+00   0.0000E+00   0.0000E+00   0.0000E+00
    12    29   0.0000E+00   0.0000E+00   0.0000E+00   0.0000E+00   0.0000E+00   0.0000E+00
    12    30   0.0000E+00   0.0000E+00   0.0000E+00   0.0000E+00   0.0000E+00   0.0000E+00
    12    31   0.0000E+00   0.0000E+00   0.0000E+00   0.0000E+00   0.0000E+00   0.0000E+00
    12    32   0.0000E+00   0.0000E+00   0.0000E+00   0.0000E+00   0.0000E+00   0.0000E+00
    13     1   0.0000E+00   0.0000E+00   0.0000E+00   0.0000E+00   0.0000E+00   0.0000E+00
    13     2   0.0000E+00   0.0000E+00   0.0000E+00   0.0000E+00   0.0000E+00   0.0000E+00
    13     3   0.0000E+00   0.0000E+00   0.0000E+00   0.0000E+00   0.0000E+00   0.0000E+00
    13     4   0.0000E+00   0.0000E+00   0.0000E+00   0.0000E+00   0.0000E+00   0.0000E+00
    13     5   0.0000E+00   0.0000E+00   0.0000E+00   0.0000E+00   0.0000E+00   0.0000E+00
    13     6   0.0000E+00   0.0000E+00   0.0000E+00   0.0000E+00   0.0000E+00   0.0000E+00
    13     7   0.0000E+00   0.0000E+00   0.0000E+00   0.0000E+00   0.0000E+00   0.0000E+00
    13     8   0.0000E+00   0.0000E+00   0.0000E+00   0.0000E+00   0.0000E+00   0.0000E+00
    13     9   0.0000E+00   0.0000E+00   0.0000E+00   0.0000E+00   0.0000E+00   0.0000E+00
    13    10   0.0000E+00   0.0000E+00   0.0000E+00   0.0000E+00   0.0000E+00   0.0000E+00
    13    11   0.0000E+00   0.0000E+00   0.0000E+00   0.0000E+00   0.0000E+00   0.0000E+00
    13    12   0.0000E+00   0.0000E+00   0.0000E+00   0.0000E+00   0.0000E+00   0.0000E+00
    13    13   0.0000E+00   0.0000E+00   0.0000E+00   0.0000E+00   0.0000E+00   0.0000E+00
    13    14   0.0000E+00   0.0000E+00   0.0000E+00   0.0000E+00   0.0000E+00   0.0000E+00
    13    15   0.0000E+00   0.0000E+00   0.0000E+00   0.0000E+00   0.0000E+00   0.0000E+00
    13    16   0.0000E+00   0.0000E+00   0.0000E+00   0.0000E+00   0.0000E+00   0.0000E+00
    13    17   0.0000E+00   0.0000E+00   0.0000E+00   0.0000E+00   0.0000E+00   0.0000E+00
    13    18   0.0000E+00   0.0000E+00   0.0000E+00   0.0000E+00   0.0000E+00   0.0000E+00
    13    19   0.0000E+00   0.0000E+00   0.0000E+00   0.0000E+00   0.0000E+00   0.0000E+00
    13    20   0.0000E+00   0.0000E+00   0.0000E+00   0.0000E+00   0.0000E+00   0.0000E+00
    13    21   0.0000E+00   0.0000E+00   0.0000E+00   0.0000E+00   0.0000E+00   0.0000E+00
    13    22   0.0000E+00   0.0000E+00   0.0000E+00   0.0000E+00   0.0000E+00   0.0000E+00
    13    23   0.0000E+00   0.0000E+00   0.0000E+00   0.0000E+00   0.0000E+00   0.0000E+00
    13    24   0.0000E+00   0.0000E+00   0.0000E+00   0.0000E+00   0.0000E+00   0.0000E+00
    13    25   0.0000E+00   0.0000E+00   0.0000E+00   0.0000E+00   0.0000E+00   0.0000E+00
    13    26   0.0000E+00   0.0000E+00   0.0000E+00   0.0000E+00   0.0000E+00   0.0000E+00
    13    27   0.0000E+00   0.0000E+00   0.0000E+00   0.0000E+00   0.0000E+00   0.0000E+00
    13    28   0.0000E+00   0.0000E+00   0.0000E+00   0.0000E+00   0.0000E+00   0.0000E+00
    13    29   0.0000E+00   0.0000E+00   0.0000E+00   0.0000E+00   0.0000E+00   0.0000E+00
    13    30   0.0000E+00   0.0000E+00   0.0000E+00   0.0000E+00   0.0000E+00   0.0000E+00
    13    31   0.0000E+00   0.0000E+00   0.0000E+00   0.0000E+00   0.0000E+00   0.0000E+00
    13    32   0.0000E+00   0.0000E+00   0.0000E+00   0.0000E+00   0.0000E+00   0.0000E+00
    14     1   0.0000E+00   0.0000E+00   0.0000E+00   0.0000E+00   0.0000E+00   0.0000E+00
    14     2   0.0000E+00   0.0000E+00   0.0000E+00   0.0000E+00   0.0000E+00   0.0000E+00
    14     3   0.0000E+00   0.0000E+00   0.0000E+00   0.0000E+00   0.0000E+00   0.0000E+00
    14     4   0.0000E+00   0.0000E+00   0.0000E+00   0.0000E+00   0.0000E+00   0.0000E+00
    14     5   0.0000E+00   0.0000E+00   0.0000E+00   0.0000E+00   0.0000E+00   0.0000E+00
    14     6   0.0000E+00   0.0000E+00   0.0000E+00   0.0000E+00   0.0000E+00   0.0000E+00
    14     7   0.0000E+00   0.0000E+00   0.0000E+00   0.0000E+00   0.0000E+00   0.0000E+00
    14     8   0.0000E+00   0.0000E+00   0.0000E+00   0.0000E+00   0.0000E+00   0.0000E+00
    14     9   0.0000E+00   0.0000E+00   0.0000E+00   0.0000E+00   0.0000E+00   0.0000E+00
    14    10   0.0000E+00   0.0000E+00   0.0000E+00   0.0000E+00   0.0000E+00   0.0000E+00
    14    11   0.0000E+00   0.0000E+00   0.0000E+00   0.0000E+00   0.0000E+00   0.0000E+00
    14    12   0.0000E+00   0.0000E+00   0.0000E+00   0.0000E+00   0.0000E+00   0.0000E+00
    14    13   0.0000E+00   0.0000E+00   0.0000E+00   0.0000E+00   0.0000E+00   0.0000E+00
    14    14   0.0000E+00   0.0000E+00   0.0000E+00   0.0000E+00   0.0000E+00   0.0000E+00
    14    15   0.0000E+00   0.0000E+00   0.0000E+00   0.0000E+00   0.0000E+00   0.0000E+00
    14    16   0.0000E+00   0.0000E+00   0.0000E+00   0.0000E+00   0.0000E+00   0.0000E+00
    14    17   0.0000E+00   0.0000E+00   0.0000E+00   0.0000E+00   0.0000E+00   0.0000E+00
    14    18   0.0000E+00   0.0000E+00   0.0000E+00   0.0000E+00   0.0000E+00   0.0000E+00
    14    19   0.0000E+00   0.0000E+00   0.0000E+00   0.0000E+00   0.0000E+00   0.0000E+00
    14    20   0.0000E+00   0.0000E+00   0.0000E+00   0.0000E+00   0.0000E+00   0.0000E+00
    14    21   0.0000E+00   0.0000E+00   0.0000E+00   0.0000E+00   0.0000E+00   0.0000E+00
    14    22   0.0000E+00   0.0000E+00   0.0000E+00   0.0000E+00   0.0000E+00   0.0000E+00
    14    23   0.0000E+00   0.0000E+00   0.0000E+00   0.0000E+00   0.0000E+00   0.0000E+00
    14    24   0.0000E+00   0.0000E+00   0.0000E+00   0.0000E+00   0.0000E+00   0.0000E+00
    14    25   0.0000E+00   0.0000E+00   0.0000E+00   0.0000E+00   0.0000E+00   0.0000E+00
    14    26   0.0000E+00   0.0000E+00   0.0000E+00   0.0000E+00   0.0000E+00   0.0000E+00
    14    27   0.0000E+00   0.0000E+00   0.0000E+00   0.0000E+00   0.0000E+00   0.0000E+00
    14    28   0.0000E+00   0.0000E+00   0.0000E+00   0.0000E+00   0.0000E+00   0.0000E+00
    14    29   0.0000E+00   0.0000E+00   0.0000E+00   0.0000E+00   0.0000E+00   0.0000E+00
    14    30   0.0000E+00   0.0000E+00   0.0000E+00   0.0000E+00   0.0000E+00   0.0000E+00
    14    31   0.0000E+00   0.0000E+00   0.0000E+00   0.0000E+00   0.0000E+00   0.0000E+00
    14    32   0.0000E+00   0.0000E+00   0.0000E+00   0.0000E+00   0.0000E+00   0.0000E+00
    15     1   0.0000E+00   0.0000E+00   0.0000E+00   0.0000E+00   0.0000E+00   0.0000E+00
    15     2   0.0000E+00   0.0000E+00   0.0000E+00   0.0000E+00   0.0000E+00   0.0000E+00
    15     3   0.0000E+00   0.0000E+00   0.0000E+00   0.0000E+00   0.0000E+00   0.0000E+00
    15     4   0.0000E+00   0.0000E+00   0.0000E+00   0.0000E+00   0.0000E+00   0.0000E+00
    15     5   0.0000E+00   0.0000E+00   0.0000E+00   0.0000E+00   0.0000E+00   0.0000E+00
    15     6   0.0000E+00   0.0000E+00   0.0000E+00   0.0000E+00   0.0000E+00   0.0000E+00
    15     7   0.0000E+00   0.0000E+00   0.0000E+00   0.0000E+00   0.0000E+00   0.0000E+00
    15     8   0.0000E+00   0.0000E+00   0.0000E+00   0.0000E+00   0.0000E+00   0.0000E+00
    15     9   0.0000E+00   0.0000E+00   0.0000E+00   0.0000E+00   0.0000E+00   0.0000E+00
    15    10   0.0000E+00   0.0000E+00   0.0000E+00   0.0000E+00   0.0000E+00   0.0000E+00
    15    11   0.0000E+00   0.0000E+00   0.0000E+00   0.0000E+00   0.0000E+00   0.0000E+00
    15    12   0.0000E+00   0.0000E+00   0.0000E+00   0.0000E+00   0.0000E+00   0.0000E+00
    15    13   0.0000E+00   0.0000E+00   0.0000E+00   0.0000E+00   0.0000E+00   0.0000E+00
    15    14   0.0000E+00   0.0000E+00   0.0000E+00   0.0000E+00   0.0000E+00   0.0000E+00
    15    15   0.0000E+00   0.0000E+00   0.0000E+00   0.0000E+00   0.0000E+00   0.0000E+00
    15    16   0.0000E+00   0.0000E+00   0.0000E+00   0.0000E+00   0.0000E+00   0.0000E+00
    15    17   0.0000E+00   0.0000E+00   0.0000E+00   0.0000E+00   0.0000E+00   0.0000E+00
    15    18   0.0000E+00   0.0000E+00   0.0000E+00   0.0000E+00   0.0000E+00   0.0000E+00
    15    19   0.0000E+00   0.0000E+00   0.0000E+00   0.0000E+00   0.0000E+00   0.0000E+00
    15    20   0.0000E+00   0.0000E+00   0.0000E+00   0.0000E+00   0.0000E+00   0.0000E+00
    15    21   0.0000E+00   0.0000E+00   0.0000E+00   0.0000E+00   0.0000E+00   0.0000E+00
    15    22   0.0000E+00   0.0000E+00   0.0000E+00   0.0000E+00   0.0000E+00   0.0000E+00
    15    23   0.0000E+00   0.0000E+00   0.0000E+00   0.0000E+00   0.0000E+00   0.0000E+00
    15    24   0.0000E+00   0.0000E+00   0.0000E+00   0.0000E+00   0.0000E+00   0.0000E+00
    15    25   0.0000E+00   0.0000E+00   0.0000E+00   0.0000E+00   0.0000E+00   0.0000E+00
    15    26   0.0000E+00   0.0000E+00   0.0000E+00   0.0000E+00   0.0000E+00   0.0000E+00
    15    27   0.0000E+00   0.0000E+00   0.0000E+00   0.0000E+00   0.0000E+00   0.0000E+00
    15    28   0.0000E+00   0.0000E+00   0.0000E+00   0.0000E+00   0.0000E+00   0.0000E+00
    15    29   0.0000E+00   0.0000E+00   0.0000E+00   0.0000E+00   0.0000E+00   0.0000E+00
    15    30   0.0000E+00   0.0000E+00   0.0000E+00   0.0000E+00   0.0000E+00   0.0000E+00
    15    31   0.0000E+00   0.0000E+00   0.0000E+00   0.0000E+00   0.0000E+00   0.0000E+00
    15    32   0.0000E+00   0.0000E+00   0.0000E+00   0.0000E+00   0.0000E+00   0.0000E+00
    16     1   0.0000E+00   0.0000E+00   0.0000E+00   0.0000E+00   0.0000E+00   0.0000E+00
    16     2   0.0000E+00   0.0000E+00   0.0000E+00   0.0000E+00   0.0000E+00   0.0000E+00
    16     3   0.0000E+00   0.0000E+00   0.0000E+00   0.0000E+00   0.0000E+00   0.0000E+00
    16     4   0.0000E+00   0.0000E+00   0.0000E+00   0.0000E+00   0.0000E+00   0.0000E+00
    16     5   0.0000E+00   0.0000E+00   0.0000E+00   0.0000E+00   0.0000E+00   0.0000E+00
    16     6   0.0000E+00   0.0000E+00   0.0000E+00   0.0000E+00   0.0000E+00   0.0000E+00
    16     7   0.0000E+00   0.0000E+00   0.0000E+00   0.0000E+00   0.0000E+00   0.0000E+00
    16     8   0.0000E+00   0.0000E+00   0.0000E+00   0.0000E+00   0.0000E+00   0.0000E+00
    16     9   0.0000E+00   0.0000E+00   0.0000E+00   0.0000E+00   0.0000E+00   0.0000E+00
    16    10   0.0000E+00   0.0000E+00   0.0000E+00   0.0000E+00   0.0000E+00   0.0000E+00
    16    11   0.0000E+00   0.0000E+00   0.0000E+00   0.0000E+00   0.0000E+00   0.0000E+00
    16    12   0.0000E+00   0.0000E+00   0.0000E+00   0.0000E+00   0.0000E+00   0.0000E+00
    16    13   0.0000E+00   0.0000E+00   0.0000E+00   0.0000E+00   0.0000E+00   0.0000E+00
    16    14   0.0000E+00   0.0000E+00   0.0000E+00   0.0000E+00   0.0000E+00   0.0000E+00
    16    15   0.0000E+00   0.0000E+00   0.0000E+00   0.0000E+00   0.0000E+00   0.0000E+00
    16    16   0.0000E+00   0.0000E+00   0.0000E+00   0.0000E+00   0.0000E+00   0.0000E+00
    16    17   0.0000E+00   0.0000E+00   0.0000E+00   0.0000E+00   0.0000E+00   0.0000E+00
    16    18   0.0000E+00   0.0000E+00   0.0000E+00   0.0000E+00   0.0000E+00   0.0000E+00
    16    19   0.0000E+00   0.0000E+00   0.0000E+00   0.0000E+00   0.0000E+00   0.0000E+00
    16    20   0.0000E+00   0.0000E+00   0.0000E+00   0.0000E+00   0.0000E+00   0.0000E+00
    16    21   0.0000E+00   0.0000E+00   0.0000E+00   0.0000E+00   0.0000E+00   0.0000E+00
    16    22   0.0000E+00   0.0000E+00   0.0000E+00   0.0000E+00   0.0000E+00   0.0000E+00
    16    23   0.0000E+00   0.0000E+00   0.0000E+00   0.0000E+00   0.0000E+00   0.0000E+00
    16    24   0.0000E+00   0.0000E+00   0.0000E+00   0.0000E+00   0.0000E+00   0.0000E+00
    16    25   0.0000E+00   0.0000E+00   0.0000E+00   0.0000E+00   0.0000E+00   0.0000E+00
    16    26   0.0000E+00   0.0000E+00   0.0000E+00   0.0000E+00   0.0000E+00   0.0000E+00
    16    27   0.0000E+00   0.0000E+00   0.0000E+00   0.0000E+00   0.0000E+00   0.0000E+00
    16    28   0.0000E+00   0.0000E+00   0.0000E+00   0.0000E+00   0.0000E+00   0.0000E+00
    16    29   0.0000E+00   0.0000E+00   0.0000E+00   0.0000E+00   0.0000E+00   0.0000E+00
    16    30   0.0000E+00   0.0000E+00   0.0000E+00   0.0000E+00   0.0000E+00   0.0000E+00
    16    31   0.0000E+00   0.0000E+00   0.0000E+00   0.0000E+00   0.0000E+00   0.0000E+00
    16    32   0.0000E+00   0.0000E+00   0.0000E+00   0.0000E+00   0.0000E+00   0.0000E+00
    17     1   0.0000E+00   0.0000E+00   0.0000E+00   0.0000E+00   0.0000E+00   0.0000E+00
    17     2   0.0000E+00   0.0000E+00   0.0000E+00   0.0000E+00   0.0000E+00   0.0000E+00
    17     3   0.0000E+00   0.0000E+00   0.0000E+00   0.0000E+00   0.0000E+00   0.0000E+00
    17     4   0.0000E+00   0.0000E+00   0.0000E+00   0.0000E+00   0.0000E+00   0.0000E+00
    17     5   0.0000E+00   0.0000E+00   0.0000E+00   0.0000E+00   0.0000E+00   0.0000E+00
    17     6   0.0000E+00   0.0000E+00   0.0000E+00   0.0000E+00   0.0000E+00   0.0000E+00
    17     7   0.0000E+00   0.0000E+00   0.0000E+00   0.0000E+00   0.0000E+00   0.0000E+00
    17     8   0.0000E+00   0.0000E+00   0.0000E+00   0.0000E+00   0.0000E+00   0.0000E+00
    17     9   0.0000E+00   0.0000E+00   0.0000E+00   0.0000E+00   0.0000E+00   0.0000E+00
    17    10   0.0000E+00   0.0000E+00   0.0000E+00   0.0000E+00   0.0000E+00   0.0000E+00
    17    11   0.0000E+00   0.0000E+00   0.0000E+00   0.0000E+00   0.0000E+00   0.0000E+00
    17    12   0.0000E+00   0.0000E+00   0.0000E+00   0.0000E+00   0.0000E+00   0.0000E+00
    17    13   0.0000E+00   0.0000E+00   0.0000E+00   0.0000E+00   0.0000E+00   0.0000E+00
    17    14   0.0000E+00   0.0000E+00   0.0000E+00   0.0000E+00   0.0000E+00   0.0000E+00
    17    15   0.0000E+00   0.0000E+00   0.0000E+00   0.0000E+00   0.0000E+00   0.0000E+00
    17    16   0.0000E+00   0.0000E+00   0.0000E+00   0.0000E+00   0.0000E+00   0.0000E+00
    17    17   0.0000E+00   0.0000E+00   0.0000E+00   0.0000E+00   0.0000E+00   0.0000E+00
    17    18   0.0000E+00   0.0000E+00   0.0000E+00   0.0000E+00   0.0000E+00   0.0000E+00
    17    19   0.0000E+00   0.0000E+00   0.0000E+00   0.0000E+00   0.0000E+00   0.0000E+00
    17    20   0.0000E+00   0.0000E+00   0.0000E+00   0.0000E+00   0.0000E+00   0.0000E+00
    17    21   0.0000E+00   0.0000E+00   0.0000E+00   0.0000E+00   0.0000E+00   0.0000E+00
    17    22   0.0000E+00   0.0000E+00   0.0000E+00   0.0000E+00   0.0000E+00   0.0000E+00
    17    23   0.0000E+00   0.0000E+00   0.0000E+00   0.0000E+00   0.0000E+00   0.0000E+00
    17    24   0.0000E+00   0.0000E+00   0.0000E+00   0.0000E+00   0.0000E+00   0.0000E+00
    17    25   0.0000E+00   0.0000E+00   0.0000E+00   0.0000E+00   0.0000E+00   0.0000E+00
    17    26   0.0000E+00   0.0000E+00   0.0000E+00   0.0000E+00   0.0000E+00   0.0000E+00
    17    27   0.0000E+00   0.0000E+00   0.0000E+00   0.0000E+00   0.0000E+00   0.0000E+00
    17    28   0.0000E+00   0.0000E+00   0.0000E+00   0.0000E+00   0.0000E+00   0.0000E+00
    17    29   0.0000E+00   0.0000E+00   0.0000E+00   0.0000E+00   0.0000E+00   0.0000E+00
    17    30   0.0000E+00   0.0000E+00   0.0000E+00   0.0000E+00   0.0000E+00   0.0000E+00
    17    31   0.0000E+00   0.0000E+00   0.0000E+00   0.0000E+00   0.0000E+00   0.0000E+00
    17    32   0.0000E+00   0.0000E+00   0.0000E+00   0.0000E+00   0.0000E+00   0.0000E+00
    18     1   0.0000E+00   0.0000E+00   0.0000E+00   0.0000E+00   0.0000E+00   0.0000E+00
    18     2   0.0000E+00   0.0000E+00   0.0000E+00   0.0000E+00   0.0000E+00   0.0000E+00
    18     3   0.0000E+00   0.0000E+00   0.0000E+00   0.0000E+00   0.0000E+00   0.0000E+00
    18     4   0.0000E+00   0.0000E+00   0.0000E+00   0.0000E+00   0.0000E+00   0.0000E+00
    18     5   0.0000E+00   0.0000E+00   0.0000E+00   0.0000E+00   0.0000E+00   0.0000E+00
    18     6   0.0000E+00   0.0000E+00   0.0000E+00   0.0000E+00   0.0000E+00   0.0000E+00
    18     7   0.0000E+00   0.0000E+00   0.0000E+00   0.0000E+00   0.0000E+00   0.0000E+00
    18     8   0.0000E+00   0.0000E+00   0.0000E+00   0.0000E+00   0.0000E+00   0.0000E+00
    18     9   0.0000E+00   0.0000E+00   0.0000E+00   0.0000E+00   0.0000E+00   0.0000E+00
    18    10   0.0000E+00   0.0000E+00   0.0000E+00   0.0000E+00   0.0000E+00   0.0000E+00
    18    11   0.0000E+00   0.0000E+00   0.0000E+00   0.0000E+00   0.0000E+00   0.0000E+00
    18    12   0.0000E+00   0.0000E+00   0.0000E+00   0.0000E+00   0.0000E+00   0.0000E+00
    18    13   0.0000E+00   0.0000E+00   0.0000E+00   0.0000E+00   0.0000E+00   0.0000E+00
    18    14   0.0000E+00   0.0000E+00   0.0000E+00   0.0000E+00   0.0000E+00   0.0000E+00
    18    15   0.0000E+00   0.0000E+00   0.0000E+00   0.0000E+00   0.0000E+00   0.0000E+00
    18    16   0.0000E+00   0.0000E+00   0.0000E+00   0.0000E+00   0.0000E+00   0.0000E+00
    18    17   0.0000E+00   0.0000E+00   0.0000E+00   0.0000E+00   0.0000E+00   0.0000E+00
    18    18   0.0000E+00   0.0000E+00   0.0000E+00   0.0000E+00   0.0000E+00   0.0000E+00
    18    19   0.0000E+00   0.0000E+00   0.0000E+00   0.0000E+00   0.0000E+00   0.0000E+00
    18    20   0.0000E+00   0.0000E+00   0.0000E+00   0.0000E+00   0.0000E+00   0.0000E+00
    18    21   0.0000E+00   0.0000E+00   0.0000E+00   0.0000E+00   0.0000E+00   0.0000E+00
    18    22   0.0000E+00   0.0000E+00   0.0000E+00   0.0000E+00   0.0000E+00   0.0000E+00
    18    23   0.0000E+00   0.0000E+00   0.0000E+00   0.0000E+00   0.0000E+00   0.0000E+00
    18    24   0.0000E+00   0.0000E+00   0.0000E+00   0.0000E+00   0.0000E+00   0.0000E+00
    18    25   0.0000E+00   0.0000E+00   0.0000E+00   0.0000E+00   0.0000E+00   0.0000E+00
    18    26   0.0000E+00   0.0000E+00   0.0000E+00   0.0000E+00   0.0000E+00   0.0000E+00
    18    27   0.0000E+00   0.0000E+00   0.0000E+00   0.0000E+00   0.0000E+00   0.0000E+00
    18    28   0.0000E+00   0.0000E+00   0.0000E+00   0.0000E+00   0.0000E+00   0.0000E+00
    18    29   0.0000E+00   0.0000E+00   0.0000E+00   0.0000E+00   0.0000E+00   0.0000E+00
    18    30   0.0000E+00   0.0000E+00   0.0000E+00   0.0000E+00   0.0000E+00   0.0000E+00
    18    31   0.0000E+00   0.0000E+00   0.0000E+00   0.0000E+00   0.0000E+00   0.0000E+00
    18    32   0.0000E+00   0.0000E+00   0.0000E+00   0.0000E+00   0.0000E+00   0.0000E+00
    19     1   0.0000E+00   0.0000E+00   0.0000E+00   0.0000E+00   0.0000E+00   0.0000E+00
    19     2   0.0000E+00   0.0000E+00   0.0000E+00   0.0000E+00   0.0000E+00   0.0000E+00
    19     3   0.0000E+00   0.0000E+00   0.0000E+00   0.0000E+00   0.0000E+00   0.0000E+00
    19     4   0.0000E+00   0.0000E+00   0.0000E+00   0.0000E+00   0.0000E+00   0.0000E+00
    19     5   0.0000E+00   0.0000E+00   0.0000E+00   0.0000E+00   0.0000E+00   0.0000E+00
    19     6   0.0000E+00   0.0000E+00   0.0000E+00   0.0000E+00   0.0000E+00   0.0000E+00
    19     7   0.0000E+00   0.0000E+00   0.0000E+00   0.0000E+00   0.0000E+00   0.0000E+00
    19     8   0.0000E+00   0.0000E+00   0.0000E+00   0.0000E+00   0.0000E+00   0.0000E+00
    19     9   0.0000E+00   0.0000E+00   0.0000E+00   0.0000E+00   0.0000E+00   0.0000E+00
    19    10   0.0000E+00   0.0000E+00   0.0000E+00   0.0000E+00   0.0000E+00   0.0000E+00
    19    11   0.0000E+00   0.0000E+00   0.0000E+00   0.0000E+00   0.0000E+00   0.0000E+00
    19    12   0.0000E+00   0.0000E+00   0.0000E+00   0.0000E+00   0.0000E+00   0.0000E+00
    19    13   0.0000E+00   0.0000E+00   0.0000E+00   0.0000E+00   0.0000E+00   0.0000E+00
    19    14   0.0000E+00   0.0000E+00   0.0000E+00   0.0000E+00   0.0000E+00   0.0000E+00
    19    15   0.0000E+00   0.0000E+00   0.0000E+00   0.0000E+00   0.0000E+00   0.0000E+00
    19    16   0.0000E+00   0.0000E+00   0.0000E+00   0.0000E+00   0.0000E+00   0.0000E+00
    19    17   0.0000E+00   0.0000E+00   0.0000E+00   0.0000E+00   0.0000E+00   0.0000E+00
    19    18   0.0000E+00   0.0000E+00   0.0000E+00   0.0000E+00   0.0000E+00   0.0000E+00
    19    19   0.0000E+00   0.0000E+00   0.0000E+00   0.0000E+00   0.0000E+00   0.0000E+00
    19    20   0.0000E+00   0.0000E+00   0.0000E+00   0.0000E+00   0.0000E+00   0.0000E+00
    19    21   0.0000E+00   0.0000E+00   0.0000E+00   0.0000E+00   0.0000E+00   0.0000E+00
    19    22   0.0000E+00   0.0000E+00   0.0000E+00   0.0000E+00   0.0000E+00   0.0000E+00
    19    23   0.0000E+00   0.0000E+00   0.0000E+00   0.0000E+00   0.0000E+00   0.0000E+00
    19    24   0.0000E+00   0.0000E+00   0.0000E+00   0.0000E+00   0.0000E+00   0.0000E+00
    19    25   0.0000E+00   0.0000E+00   0.0000E+00   0.0000E+00   0.0000E+00   0.0000E+00
    19    26   0.0000E+00   0.0000E+00   0.0000E+00   0.0000E+00   0.0000E+00   0.0000E+00
    19    27   0.0000E+00   0.0000E+00   0.0000E+00   0.0000E+00   0.0000E+00   0.0000E+00
    19    28   0.0000E+00   0.0000E+00   0.0000E+00   0.0000E+00   0.0000E+00   0.0000E+00
    19    29   0.0000E+00   0.0000E+00   0.0000E+00   0.0000E+00   0.0000E+00   0.0000E+00
    19    30   0.0000E+00   0.0000E+00   0.0000E+00   0.0000E+00   0.0000E+00   0.0000E+00
    19    31   0.0000E+00   0.0000E+00   0.0000E+00   0.0000E+00   0.0000E+00   0.0000E+00
    19    32   0.0000E+00   0.0000E+00   0.0000E+00   0.0000E+00   0.0000E+00   0.0000E+00
    20     1   0.0000E+00   0.0000E+00   0.0000E+00   0.0000E+00   0.0000E+00   0.0000E+00
    20     2   0.0000E+00   0.0000E+00   0.0000E+00   0.0000E+00   0.0000E+00   0.0000E+00
    20     3   0.0000E+00   0.0000E+00   0.0000E+00   0.0000E+00   0.0000E+00   0.0000E+00
    20     4   0.0000E+00   0.0000E+00   0.0000E+00   0.0000E+00   0.0000E+00   0.0000E+00
    20     5   0.0000E+00   0.0000E+00   0.0000E+00   0.0000E+00   0.0000E+00   0.0000E+00
    20     6   0.0000E+00   0.0000E+00   0.0000E+00   0.0000E+00   0.0000E+00   0.0000E+00
    20     7   0.0000E+00   0.0000E+00   0.0000E+00   0.0000E+00   0.0000E+00   0.0000E+00
    20     8   0.0000E+00   0.0000E+00   0.0000E+00   0.0000E+00   0.0000E+00   0.0000E+00
    20     9   0.0000E+00   0.0000E+00   0.0000E+00   0.0000E+00   0.0000E+00   0.0000E+00
    20    10   0.0000E+00   0.0000E+00   0.0000E+00   0.0000E+00   0.0000E+00   0.0000E+00
    20    11   0.0000E+00   0.0000E+00   0.0000E+00   0.0000E+00   0.0000E+00   0.0000E+00
    20    12   0.0000E+00   0.0000E+00   0.0000E+00   0.0000E+00   0.0000E+00   0.0000E+00
    20    13   0.0000E+00   0.0000E+00   0.0000E+00   0.0000E+00   0.0000E+00   0.0000E+00
    20    14   0.0000E+00   0.0000E+00   0.0000E+00   0.0000E+00   0.0000E+00   0.0000E+00
    20    15   0.0000E+00   0.0000E+00   0.0000E+00   0.0000E+00   0.0000E+00   0.0000E+00
    20    16   0.0000E+00   0.0000E+00   0.0000E+00   0.0000E+00   0.0000E+00   0.0000E+00
    20    17   0.0000E+00   0.0000E+00   0.0000E+00   0.0000E+00   0.0000E+00   0.0000E+00
    20    18   0.0000E+00   0.0000E+00   0.0000E+00   0.0000E+00   0.0000E+00   0.0000E+00
    20    19   0.0000E+00   0.0000E+00   0.0000E+00   0.0000E+00   0.0000E+00   0.0000E+00
    20    20   0.0000E+00   0.0000E+00   0.0000E+00   0.0000E+00   0.0000E+00   0.0000E+00
    20    21   0.0000E+00   0.0000E+00   0.0000E+00   0.0000E+00   0.0000E+00   0.0000E+00
    20    22   0.0000E+00   0.0000E+00   0.0000E+00   0.0000E+00   0.0000E+00   0.0000E+00
    20    23   0.0000E+00   0.0000E+00   0.0000E+00   0.0000E+00   0.0000E+00   0.0000E+00
    20    24   0.0000E+00   0.0000E+00   0.0000E+00   0.0000E+00   0.0000E+00   0.0000E+00
    20    25   0.0000E+00   0.0000E+00   0.0000E+00   0.0000E+00   0.0000E+00   0.0000E+00
    20    26   0.0000E+00   0.0000E+00   0.0000E+00   0.0000E+00   0.0000E+00   0.0000E+00
    20    27   0.0000E+00   0.0000E+00   0.0000E+00   0.0000E+00   0.0000E+00   0.0000E+00
    20    28   0.0000E+00   0.0000E+00   0.0000E+00   0.0000E+00   0.0000E+00   0.0000E+00
    20    29   0.0000E+00   0.0000E+00   0.0000E+00   0.0000E+00   0.0000E+00   0.0000E+00
    20    30   0.0000E+00   0.0000E+00   0.0000E+00   0.0000E+00   0.0000E+00   0.0000E+00
    20    31   0.0000E+00   0.0000E+00   0.0000E+00   0.0000E+00   0.0000E+00   0.0000E+00
    20    32   0.0000E+00   0.0000E+00   0.0000E+00   0.0000E+00   0.0000E+00   0.0000E+00
    21     1   0.0000E+00   0.0000E+00   0.0000E+00   0.0000E+00   0.0000E+00   0.0000E+00
    21     2   0.0000E+00   0.0000E+00   0.0000E+00   0.0000E+00   0.0000E+00   0.0000E+00
    21     3   0.0000E+00   0.0000E+00   0.0000E+00   0.0000E+00   0.0000E+00   0.0000E+00
    21     4   0.0000E+00   0.0000E+00   0.0000E+00   0.0000E+00   0.0000E+00   0.0000E+00
    21     5   0.0000E+00   0.0000E+00   0.0000E+00   0.0000E+00   0.0000E+00   0.0000E+00
    21     6   0.0000E+00   0.0000E+00   0.0000E+00   0.0000E+00   0.0000E+00   0.0000E+00
    21     7   0.0000E+00   0.0000E+00   0.0000E+00   0.0000E+00   0.0000E+00   0.0000E+00
    21     8   0.0000E+00   0.0000E+00   0.0000E+00   0.0000E+00   0.0000E+00   0.0000E+00
    21     9   0.0000E+00   0.0000E+00   0.0000E+00   0.0000E+00   0.0000E+00   0.0000E+00
    21    10   0.0000E+00   0.0000E+00   0.0000E+00   0.0000E+00   0.0000E+00   0.0000E+00
    21    11   0.0000E+00   0.0000E+00   0.0000E+00   0.0000E+00   0.0000E+00   0.0000E+00
    21    12   0.0000E+00   0.0000E+00   0.0000E+00   0.0000E+00   0.0000E+00   0.0000E+00
    21    13   0.0000E+00   0.0000E+00   0.0000E+00   0.0000E+00   0.0000E+00   0.0000E+00
    21    14   0.0000E+00   0.0000E+00   0.0000E+00   0.0000E+00   0.0000E+00   0.0000E+00
    21    15   0.0000E+00   0.0000E+00   0.0000E+00   0.0000E+00   0.0000E+00   0.0000E+00
    21    16   0.0000E+00   0.0000E+00   0.0000E+00   0.0000E+00   0.0000E+00   0.0000E+00
    21    17   0.0000E+00   0.0000E+00   0.0000E+00   0.0000E+00   0.0000E+00   0.0000E+00
    21    18   0.0000E+00   0.0000E+00   0.0000E+00   0.0000E+00   0.0000E+00   0.0000E+00
    21    19   0.0000E+00   0.0000E+00   0.0000E+00   0.0000E+00   0.0000E+00   0.0000E+00
    21    20   0.0000E+00   0.0000E+00   0.0000E+00   0.0000E+00   0.0000E+00   0.0000E+00
    21    21   0.0000E+00   0.0000E+00   0.0000E+00   0.0000E+00   0.0000E+00   0.0000E+00
    21    22   0.0000E+00   0.0000E+00   0.0000E+00   0.0000E+00   0.0000E+00   0.0000E+00
    21    23   0.0000E+00   0.0000E+00   0.0000E+00   0.0000E+00   0.0000E+00   0.0000E+00
    21    24   0.0000E+00   0.0000E+00   0.0000E+00   0.0000E+00   0.0000E+00   0.0000E+00
    21    25   0.0000E+00   0.0000E+00   0.0000E+00   0.0000E+00   0.0000E+00   0.0000E+00
    21    26   0.0000E+00   0.0000E+00   0.0000E+00   0.0000E+00   0.0000E+00   0.0000E+00
    21    27   0.0000E+00   0.0000E+00   0.0000E+00   0.0000E+00   0.0000E+00   0.0000E+00
    21    28   0.0000E+00   0.0000E+00   0.0000E+00   0.0000E+00   0.0000E+00   0.0000E+00
    21    29   0.0000E+00   0.0000E+00   0.0000E+00   0.0000E+00   0.0000E+00   0.0000E+00
    21    30   0.0000E+00   0.0000E+00   0.0000E+00   0.0000E+00   0.0000E+00   0.0000E+00
    21    31   0.0000E+00   0.0000E+00   0.0000E+00   0.0000E+00   0.0000E+00   0.0000E+00
    21    32   0.0000E+00   0.0000E+00   0.0000E+00   0.0000E+00   0.0000E+00   0.0000E+00
    22     1   0.0000E+00   0.0000E+00   0.0000E+00   0.0000E+00   0.0000E+00   0.0000E+00
    22     2   0.0000E+00   0.0000E+00   0.0000E+00   0.0000E+00   0.0000E+00   0.0000E+00
    22     3   0.0000E+00   0.0000E+00   0.0000E+00   0.0000E+00   0.0000E+00   0.0000E+00
    22     4   0.0000E+00   0.0000E+00   0.0000E+00   0.0000E+00   0.0000E+00   0.0000E+00
    22     5   0.0000E+00   0.0000E+00   0.0000E+00   0.0000E+00   0.0000E+00   0.0000E+00
    22     6   0.0000E+00   0.0000E+00   0.0000E+00   0.0000E+00   0.0000E+00   0.0000E+00
    22     7   0.0000E+00   0.0000E+00   0.0000E+00   0.0000E+00   0.0000E+00   0.0000E+00
    22     8   0.0000E+00   0.0000E+00   0.0000E+00   0.0000E+00   0.0000E+00   0.0000E+00
    22     9   0.0000E+00   0.0000E+00   0.0000E+00   0.0000E+00   0.0000E+00   0.0000E+00
    22    10   0.0000E+00   0.0000E+00   0.0000E+00   0.0000E+00   0.0000E+00   0.0000E+00
    22    11   0.0000E+00   0.0000E+00   0.0000E+00   0.0000E+00   0.0000E+00   0.0000E+00
    22    12   0.0000E+00   0.0000E+00   0.0000E+00   0.0000E+00   0.0000E+00   0.0000E+00
    22    13   0.0000E+00   0.0000E+00   0.0000E+00   0.0000E+00   0.0000E+00   0.0000E+00
    22    14   0.0000E+00   0.0000E+00   0.0000E+00   0.0000E+00   0.0000E+00   0.0000E+00
    22    15   0.0000E+00   0.0000E+00   0.0000E+00   0.0000E+00   0.0000E+00   0.0000E+00
    22    16   0.0000E+00   0.0000E+00   0.0000E+00   0.0000E+00   0.0000E+00   0.0000E+00
    22    17   0.0000E+00   0.0000E+00   0.0000E+00   0.0000E+00   0.0000E+00   0.0000E+00
    22    18   0.0000E+00   0.0000E+00   0.0000E+00   0.0000E+00   0.0000E+00   0.0000E+00
    22    19   0.0000E+00   0.0000E+00   0.0000E+00   0.0000E+00   0.0000E+00   0.0000E+00
    22    20   0.0000E+00   0.0000E+00   0.0000E+00   0.0000E+00   0.0000E+00   0.0000E+00
    22    21   0.0000E+00   0.0000E+00   0.0000E+00   0.0000E+00   0.0000E+00   0.0000E+00
    22    22   0.0000E+00   0.0000E+00   0.0000E+00   0.0000E+00   0.0000E+00   0.0000E+00
    22    23   0.0000E+00   0.0000E+00   0.0000E+00   0.0000E+00   0.0000E+00   0.0000E+00
    22    24   0.0000E+00   0.0000E+00   0.0000E+00   0.0000E+00   0.0000E+00   0.0000E+00
    22    25   0.0000E+00   0.0000E+00   0.0000E+00   0.0000E+00   0.0000E+00   0.0000E+00
    22    26   0.0000E+00   0.0000E+00   0.0000E+00   0.0000E+00   0.0000E+00   0.0000E+00
    22    27   0.0000E+00   0.0000E+00   0.0000E+00   0.0000E+00   0.0000E+00   0.0000E+00
    22    28   0.0000E+00   0.0000E+00   0.0000E+00   0.0000E+00   0.0000E+00   0.0000E+00
    22    29   0.0000E+00   0.0000E+00   0.0000E+00   0.0000E+00   0.0000E+00   0.0000E+00
    22    30   0.0000E+00   0.0000E+00   0.0000E+00   0.0000E+00   0.0000E+00   0.0000E+00
    22    31   0.0000E+00   0.0000E+00   0.0000E+00   0.0000E+00   0.0000E+00   0.0000E+00
    22    32   0.0000E+00   0.0000E+00   0.0000E+00   0.0000E+00   0.0000E+00   0.0000E+00
    23     1   0.0000E+00   0.0000E+00   0.0000E+00   0.0000E+00   0.0000E+00   0.0000E+00
    23     2   0.0000E+00   0.0000E+00   0.0000E+00   0.0000E+00   0.0000E+00   0.0000E+00
    23     3   0.0000E+00   0.0000E+00   0.0000E+00   0.0000E+00   0.0000E+00   0.0000E+00
    23     4   0.0000E+00   0.0000E+00   0.0000E+00   0.0000E+00   0.0000E+00   0.0000E+00
    23     5   0.0000E+00   0.0000E+00   0.0000E+00   0.0000E+00   0.0000E+00   0.0000E+00
    23     6   0.0000E+00   0.0000E+00   0.0000E+00   0.0000E+00   0.0000E+00   0.0000E+00
    23     7   0.0000E+00   0.0000E+00   0.0000E+00   0.0000E+00   0.0000E+00   0.0000E+00
    23     8   0.0000E+00   0.0000E+00   0.0000E+00   0.0000E+00   0.0000E+00   0.0000E+00
    23     9   0.0000E+00   0.0000E+00   0.0000E+00   0.0000E+00   0.0000E+00   0.0000E+00
    23    10   0.0000E+00   0.0000E+00   0.0000E+00   0.0000E+00   0.0000E+00   0.0000E+00
    23    11   0.0000E+00   0.0000E+00   0.0000E+00   0.0000E+00   0.0000E+00   0.0000E+00
    23    12   0.0000E+00   0.0000E+00   0.0000E+00   0.0000E+00   0.0000E+00   0.0000E+00
    23    13   0.0000E+00   0.0000E+00   0.0000E+00   0.0000E+00   0.0000E+00   0.0000E+00
    23    14   0.0000E+00   0.0000E+00   0.0000E+00   0.0000E+00   0.0000E+00   0.0000E+00
    23    15   0.0000E+00   0.0000E+00   0.0000E+00   0.0000E+00   0.0000E+00   0.0000E+00
    23    16   0.0000E+00   0.0000E+00   0.0000E+00   0.0000E+00   0.0000E+00   0.0000E+00
    23    17   0.0000E+00   0.0000E+00   0.0000E+00   0.0000E+00   0.0000E+00   0.0000E+00
    23    18   0.0000E+00   0.0000E+00   0.0000E+00   0.0000E+00   0.0000E+00   0.0000E+00
    23    19   0.0000E+00   0.0000E+00   0.0000E+00   0.0000E+00   0.0000E+00   0.0000E+00
    23    20   0.0000E+00   0.0000E+00   0.0000E+00   0.0000E+00   0.0000E+00   0.0000E+00
    23    21   0.0000E+00   0.0000E+00   0.0000E+00   0.0000E+00   0.0000E+00   0.0000E+00
    23    22   0.0000E+00   0.0000E+00   0.0000E+00   0.0000E+00   0.0000E+00   0.0000E+00
    23    23   0.0000E+00   0.0000E+00   0.0000E+00   0.0000E+00   0.0000E+00   0.0000E+00
    23    24   0.0000E+00   0.0000E+00   0.0000E+00   0.0000E+00   0.0000E+00   0.0000E+00
    23    25   0.0000E+00   0.0000E+00   0.0000E+00   0.0000E+00   0.0000E+00   0.0000E+00
    23    26   0.0000E+00   0.0000E+00   0.0000E+00   0.0000E+00   0.0000E+00   0.0000E+00
    23    27   0.0000E+00   0.0000E+00   0.0000E+00   0.0000E+00   0.0000E+00   0.0000E+00
    23    28   0.0000E+00   0.0000E+00   0.0000E+00   0.0000E+00   0.0000E+00   0.0000E+00
    23    29   0.0000E+00   0.0000E+00   0.0000E+00   0.0000E+00   0.0000E+00   0.0000E+00
    23    30   0.0000E+00   0.0000E+00   0.0000E+00   0.0000E+00   0.0000E+00   0.0000E+00
    23    31   0.0000E+00   0.0000E+00   0.0000E+00   0.0000E+00   0.0000E+00   0.0000E+00
    23    32   0.0000E+00   0.0000E+00   0.0000E+00   0.0000E+00   0.0000E+00   0.0000E+00
    24     1   0.0000E+00   0.0000E+00   0.0000E+00   0.0000E+00   0.0000E+00   0.0000E+00
    24     2   0.0000E+00   0.0000E+00   0.0000E+00   0.0000E+00   0.0000E+00   0.0000E+00
    24     3   0.0000E+00   0.0000E+00   0.0000E+00   0.0000E+00   0.0000E+00   0.0000E+00
    24     4   0.0000E+00   0.0000E+00   0.0000E+00   0.0000E+00   0.0000E+00   0.0000E+00
    24     5   0.0000E+00   0.0000E+00   0.0000E+00   0.0000E+00   0.0000E+00   0.0000E+00
    24     6   0.0000E+00   0.0000E+00   0.0000E+00   0.0000E+00   0.0000E+00   0.0000E+00
    24     7   0.0000E+00   0.0000E+00   0.0000E+00   0.0000E+00   0.0000E+00   0.0000E+00
    24     8   0.0000E+00   0.0000E+00   0.0000E+00   0.0000E+00   0.0000E+00   0.0000E+00
    24     9   0.0000E+00   0.0000E+00   0.0000E+00   0.0000E+00   0.0000E+00   0.0000E+00
    24    10   0.0000E+00   0.0000E+00   0.0000E+00   0.0000E+00   0.0000E+00   0.0000E+00
    24    11   0.0000E+00   0.0000E+00   0.0000E+00   0.0000E+00   0.0000E+00   0.0000E+00
    24    12   0.0000E+00   0.0000E+00   0.0000E+00   0.0000E+00   0.0000E+00   0.0000E+00
    24    13   0.0000E+00   0.0000E+00   0.0000E+00   0.0000E+00   0.0000E+00   0.0000E+00
    24    14   0.0000E+00   0.0000E+00   0.0000E+00   0.0000E+00   0.0000E+00   0.0000E+00
    24    15   0.0000E+00   0.0000E+00   0.0000E+00   0.0000E+00   0.0000E+00   0.0000E+00
    24    16   0.0000E+00   0.0000E+00   0.0000E+00   0.0000E+00   0.0000E+00   0.0000E+00
    24    17   0.0000E+00   0.0000E+00   0.0000E+00   0.0000E+00   0.0000E+00   0.0000E+00
    24    18   0.0000E+00   0.0000E+00   0.0000E+00   0.0000E+00   0.0000E+00   0.0000E+00
    24    19   0.0000E+00   0.0000E+00   0.0000E+00   0.0000E+00   0.0000E+00   0.0000E+00
    24    20   0.0000E+00   0.0000E+00   0.0000E+00   0.0000E+00   0.0000E+00   0.0000E+00
    24    21   0.0000E+00   0.0000E+00   0.0000E+00   0.0000E+00   0.0000E+00   0.0000E+00
    24    22   0.0000E+00   0.0000E+00   0.0000E+00   0.0000E+00   0.0000E+00   0.0000E+00
    24    23   0.0000E+00   0.0000E+00   0.0000E+00   0.0000E+00   0.0000E+00   0.0000E+00
    24    24   0.0000E+00   0.0000E+00   0.0000E+00   0.0000E+00   0.0000E+00   0.0000E+00
    24    25   0.0000E+00   0.0000E+00   0.0000E+00   0.0000E+00   0.0000E+00   0.0000E+00
    24    26   0.0000E+00   0.0000E+00   0.0000E+00   0.0000E+00   0.0000E+00   0.0000E+00
    24    27   0.0000E+00   0.0000E+00   0.0000E+00   0.0000E+00   0.0000E+00   0.0000E+00
    24    28   0.0000E+00   0.0000E+00   0.0000E+00   0.0000E+00   0.0000E+00   0.0000E+00
    24    29   0.0000E+00   0.0000E+00   0.0000E+00   0.0000E+00   0.0000E+00   0.0000E+00
    24    30   0.0000E+00   0.0000E+00   0.0000E+00   0.0000E+00   0.0000E+00   0.0000E+00
    24    31   0.0000E+00   0.0000E+00   0.0000E+00   0.0000E+00   0.0000E+00   0.0000E+00
    24    32   0.0000E+00   0.0000E+00   0.0000E+00   0.0000E+00   0.0000E+00   0.0000E+00
    25     1   0.0000E+00   0.0000E+00   0.0000E+00   0.0000E+00   0.0000E+00   0.0000E+00
    25     2   0.0000E+00   0.0000E+00   0.0000E+00   0.0000E+00   0.0000E+00   0.0000E+00
    25     3   0.0000E+00   0.0000E+00   0.0000E+00   0.0000E+00   0.0000E+00   0.0000E+00
    25     4   0.0000E+00   0.0000E+00   0.0000E+00   0.0000E+00   0.0000E+00   0.0000E+00
    25     5   0.0000E+00   0.0000E+00   0.0000E+00   0.0000E+00   0.0000E+00   0.0000E+00
    25     6   0.0000E+00   0.0000E+00   0.0000E+00   0.0000E+00   0.0000E+00   0.0000E+00
    25     7   0.0000E+00   0.0000E+00   0.0000E+00   0.0000E+00   0.0000E+00   0.0000E+00
    25     8   0.0000E+00   0.0000E+00   0.0000E+00   0.0000E+00   0.0000E+00   0.0000E+00
    25     9   0.0000E+00   0.0000E+00   0.0000E+00   0.0000E+00   0.0000E+00   0.0000E+00
    25    10   0.0000E+00   0.0000E+00   0.0000E+00   0.0000E+00   0.0000E+00   0.0000E+00
    25    11   0.0000E+00   0.0000E+00   0.0000E+00   0.0000E+00   0.0000E+00   0.0000E+00
    25    12   0.0000E+00   0.0000E+00   0.0000E+00   0.0000E+00   0.0000E+00   0.0000E+00
    25    13   0.0000E+00   0.0000E+00   0.0000E+00   0.0000E+00   0.0000E+00   0.0000E+00
    25    14   0.0000E+00   0.0000E+00   0.0000E+00   0.0000E+00   0.0000E+00   0.0000E+00
    25    15   0.0000E+00   0.0000E+00   0.0000E+00   0.0000E+00   0.0000E+00   0.0000E+00
    25    16   0.0000E+00   0.0000E+00   0.0000E+00   0.0000E+00   0.0000E+00   0.0000E+00
    25    17   0.0000E+00   0.0000E+00   0.0000E+00   0.0000E+00   0.0000E+00   0.0000E+00
    25    18   0.0000E+00   0.0000E+00   0.0000E+00   0.0000E+00   0.0000E+00   0.0000E+00
    25    19   0.0000E+00   0.0000E+00   0.0000E+00   0.0000E+00   0.0000E+00   0.0000E+00
    25    20   0.0000E+00   0.0000E+00   0.0000E+00   0.0000E+00   0.0000E+00   0.0000E+00
    25    21   0.0000E+00   0.0000E+00   0.0000E+00   0.0000E+00   0.0000E+00   0.0000E+00
    25    22   0.0000E+00   0.0000E+00   0.0000E+00   0.0000E+00   0.0000E+00   0.0000E+00
    25    23   0.0000E+00   0.0000E+00   0.0000E+00   0.0000E+00   0.0000E+00   0.0000E+00
    25    24   0.0000E+00   0.0000E+00   0.0000E+00   0.0000E+00   0.0000E+00   0.0000E+00
    25    25   0.0000E+00   0.0000E+00   0.0000E+00   0.0000E+00   0.0000E+00   0.0000E+00
    25    26   0.0000E+00   0.0000E+00   0.0000E+00   0.0000E+00   0.0000E+00   0.0000E+00
    25    27   0.0000E+00   0.0000E+00   0.0000E+00   0.0000E+00   0.0000E+00   0.0000E+00
    25    28   0.0000E+00   0.0000E+00   0.0000E+00   0.0000E+00   0.0000E+00   0.0000E+00
    25    29   0.0000E+00   0.0000E+00   0.0000E+00   0.0000E+00   0.0000E+00   0.0000E+00
    25    30   0.0000E+00   0.0000E+00   0.0000E+00   0.0000E+00   0.0000E+00   0.0000E+00
    25    31   0.0000E+00   0.0000E+00   0.0000E+00   0.0000E+00   0.0000E+00   0.0000E+00
    25    32   0.0000E+00   0.0000E+00   0.0000E+00   0.0000E+00   0.0000E+00   0.0000E+00
    26     1   0.0000E+00   0.0000E+00   0.0000E+00   0.0000E+00   0.0000E+00   0.0000E+00
    26     2   0.0000E+00   0.0000E+00   0.0000E+00   0.0000E+00   0.0000E+00   0.0000E+00
    26     3   0.0000E+00   0.0000E+00   0.0000E+00   0.0000E+00   0.0000E+00   0.0000E+00
    26     4   0.0000E+00   0.0000E+00   0.0000E+00   0.0000E+00   0.0000E+00   0.0000E+00
    26     5   0.0000E+00   0.0000E+00   0.0000E+00   0.0000E+00   0.0000E+00   0.0000E+00
    26     6   0.0000E+00   0.0000E+00   0.0000E+00   0.0000E+00   0.0000E+00   0.0000E+00
    26     7   0.0000E+00   0.0000E+00   0.0000E+00   0.0000E+00   0.0000E+00   0.0000E+00
    26     8   0.0000E+00   0.0000E+00   0.0000E+00   0.0000E+00   0.0000E+00   0.0000E+00
    26     9   0.0000E+00   0.0000E+00   0.0000E+00   0.0000E+00   0.0000E+00   0.0000E+00
    26    10   0.0000E+00   0.0000E+00   0.0000E+00   0.0000E+00   0.0000E+00   0.0000E+00
    26    11   0.0000E+00   0.0000E+00   0.0000E+00   0.0000E+00   0.0000E+00   0.0000E+00
    26    12   0.0000E+00   0.0000E+00   0.0000E+00   0.0000E+00   0.0000E+00   0.0000E+00
    26    13   0.0000E+00   0.0000E+00   0.0000E+00   0.0000E+00   0.0000E+00   0.0000E+00
    26    14   0.0000E+00   0.0000E+00   0.0000E+00   0.0000E+00   0.0000E+00   0.0000E+00
    26    15   0.0000E+00   0.0000E+00   0.0000E+00   0.0000E+00   0.0000E+00   0.0000E+00
    26    16   0.0000E+00   0.0000E+00   0.0000E+00   0.0000E+00   0.0000E+00   0.0000E+00
    26    17   0.0000E+00   0.0000E+00   0.0000E+00   0.0000E+00   0.0000E+00   0.0000E+00
    26    18   0.0000E+00   0.0000E+00   0.0000E+00   0.0000E+00   0.0000E+00   0.0000E+00
    26    19   0.0000E+00   0.0000E+00   0.0000E+00   0.0000E+00   0.0000E+00   0.0000E+00
    26    20   0.0000E+00   0.0000E+00   0.0000E+00   0.0000E+00   0.0000E+00   0.0000E+00
    26    21   0.0000E+00   0.0000E+00   0.0000E+00   0.0000E+00   0.0000E+00   0.0000E+00
    26    22   0.0000E+00   0.0000E+00   0.0000E+00   0.0000E+00   0.0000E+00   0.0000E+00
    26    23   0.0000E+00   0.0000E+00   0.0000E+00   0.0000E+00   0.0000E+00   0.0000E+00
    26    24   0.0000E+00   0.0000E+00   0.0000E+00   0.0000E+00   0.0000E+00   0.0000E+00
    26    25   0.0000E+00   0.0000E+00   0.0000E+00   0.0000E+00   0.0000E+00   0.0000E+00
    26    26   0.0000E+00   0.0000E+00   0.0000E+00   0.0000E+00   0.0000E+00   0.0000E+00
    26    27   0.0000E+00   0.0000E+00   0.0000E+00   0.0000E+00   0.0000E+00   0.0000E+00
    26    28   0.0000E+00   0.0000E+00   0.0000E+00   0.0000E+00   0.0000E+00   0.0000E+00
    26    29   0.0000E+00   0.0000E+00   0.0000E+00   0.0000E+00   0.0000E+00   0.0000E+00
    26    30   0.0000E+00   0.0000E+00   0.0000E+00   0.0000E+00   0.0000E+00   0.0000E+00
    26    31   0.0000E+00   0.0000E+00   0.0000E+00   0.0000E+00   0.0000E+00   0.0000E+00
    26    32   0.0000E+00   0.0000E+00   0.0000E+00   0.0000E+00   0.0000E+00   0.0000E+00
    27     1   0.0000E+00   0.0000E+00   0.0000E+00   0.0000E+00   0.0000E+00   0.0000E+00
    27     2   0.0000E+00   0.0000E+00   0.0000E+00   0.0000E+00   0.0000E+00   0.0000E+00
    27     3   0.0000E+00   0.0000E+00   0.0000E+00   0.0000E+00   0.0000E+00   0.0000E+00
    27     4   0.0000E+00   0.0000E+00   0.0000E+00   0.0000E+00   0.0000E+00   0.0000E+00
    27     5   0.0000E+00   0.0000E+00   0.0000E+00   0.0000E+00   0.0000E+00   0.0000E+00
    27     6   0.0000E+00   0.0000E+00   0.0000E+00   0.0000E+00   0.0000E+00   0.0000E+00
    27     7   0.0000E+00   0.0000E+00   0.0000E+00   0.0000E+00   0.0000E+00   0.0000E+00
    27     8   0.0000E+00   0.0000E+00   0.0000E+00   0.0000E+00   0.0000E+00   0.0000E+00
    27     9   0.0000E+00   0.0000E+00   0.0000E+00   0.0000E+00   0.0000E+00   0.0000E+00
    27    10   0.0000E+00   0.0000E+00   0.0000E+00   0.0000E+00   0.0000E+00   0.0000E+00
    27    11   0.0000E+00   0.0000E+00   0.0000E+00   0.0000E+00   0.0000E+00   0.0000E+00
    27    12   0.0000E+00   0.0000E+00   0.0000E+00   0.0000E+00   0.0000E+00   0.0000E+00
    27    13   0.0000E+00   0.0000E+00   0.0000E+00   0.0000E+00   0.0000E+00   0.0000E+00
    27    14   0.0000E+00   0.0000E+00   0.0000E+00   0.0000E+00   0.0000E+00   0.0000E+00
    27    15   0.0000E+00   0.0000E+00   0.0000E+00   0.0000E+00   0.0000E+00   0.0000E+00
    27    16   0.0000E+00   0.0000E+00   0.0000E+00   0.0000E+00   0.0000E+00   0.0000E+00
    27    17   0.0000E+00   0.0000E+00   0.0000E+00   0.0000E+00   0.0000E+00   0.0000E+00
    27    18   0.0000E+00   0.0000E+00   0.0000E+00   0.0000E+00   0.0000E+00   0.0000E+00
    27    19   0.0000E+00   0.0000E+00   0.0000E+00   0.0000E+00   0.0000E+00   0.0000E+00
    27    20   0.0000E+00   0.0000E+00   0.0000E+00   0.0000E+00   0.0000E+00   0.0000E+00
    27    21   0.0000E+00   0.0000E+00   0.0000E+00   0.0000E+00   0.0000E+00   0.0000E+00
    27    22   0.0000E+00   0.0000E+00   0.0000E+00   0.0000E+00   0.0000E+00   0.0000E+00
    27    23   0.0000E+00   0.0000E+00   0.0000E+00   0.0000E+00   0.0000E+00   0.0000E+00
    27    24   0.0000E+00   0.0000E+00   0.0000E+00   0.0000E+00   0.0000E+00   0.0000E+00
    27    25   0.0000E+00   0.0000E+00   0.0000E+00   0.0000E+00   0.0000E+00   0.0000E+00
    27    26   0.0000E+00   0.0000E+00   0.0000E+00   0.0000E+00   0.0000E+00   0.0000E+00
    27    27   0.0000E+00   0.0000E+00   0.0000E+00   0.0000E+00   0.0000E+00   0.0000E+00
    27    28   0.0000E+00   0.0000E+00   0.0000E+00   0.0000E+00   0.0000E+00   0.0000E+00
    27    29   0.0000E+00   0.0000E+00   0.0000E+00   0.0000E+00   0.0000E+00   0.0000E+00
    27    30   0.0000E+00   0.0000E+00   0.0000E+00   0.0000E+00   0.0000E+00   0.0000E+00
    27    31   0.0000E+00   0.0000E+00   0.0000E+00   0.0000E+00   0.0000E+00   0.0000E+00
    27    32   0.0000E+00   0.0000E+00   0.0000E+00   0.0000E+00   0.0000E+00   0.0000E+00
    28     1   0.0000E+00   0.0000E+00   0.0000E+00   0.0000E+00   0.0000E+00   0.0000E+00
    28     2   0.0000E+00   0.0000E+00   0.0000E+00   0.0000E+00   0.0000E+00   0.0000E+00
    28     3   0.0000E+00   0.0000E+00   0.0000E+00   0.0000E+00   0.0000E+00   0.0000E+00
    28     4   0.0000E+00   0.0000E+00   0.0000E+00   0.0000E+00   0.0000E+00   0.0000E+00
    28     5   0.0000E+00   0.0000E+00   0.0000E+00   0.0000E+00   0.0000E+00   0.0000E+00
    28     6   0.0000E+00   0.0000E+00   0.0000E+00   0.0000E+00   0.0000E+00   0.0000E+00
    28     7   0.0000E+00   0.0000E+00   0.0000E+00   0.0000E+00   0.0000E+00   0.0000E+00
    28     8   0.0000E+00   0.0000E+00   0.0000E+00   0.0000E+00   0.0000E+00   0.0000E+00
    28     9   0.0000E+00   0.0000E+00   0.0000E+00   0.0000E+00   0.0000E+00   0.0000E+00
    28    10   0.0000E+00   0.0000E+00   0.0000E+00   0.0000E+00   0.0000E+00   0.0000E+00
    28    11   0.0000E+00   0.0000E+00   0.0000E+00   0.0000E+00   0.0000E+00   0.0000E+00
    28    12   0.0000E+00   0.0000E+00   0.0000E+00   0.0000E+00   0.0000E+00   0.0000E+00
    28    13   0.0000E+00   0.0000E+00   0.0000E+00   0.0000E+00   0.0000E+00   0.0000E+00
    28    14   0.0000E+00   0.0000E+00   0.0000E+00   0.0000E+00   0.0000E+00   0.0000E+00
    28    15   0.0000E+00   0.0000E+00   0.0000E+00   0.0000E+00   0.0000E+00   0.0000E+00
    28    16   0.0000E+00   0.0000E+00   0.0000E+00   0.0000E+00   0.0000E+00   0.0000E+00
    28    17   0.0000E+00   0.0000E+00   0.0000E+00   0.0000E+00   0.0000E+00   0.0000E+00
    28    18   0.0000E+00   0.0000E+00   0.0000E+00   0.0000E+00   0.0000E+00   0.0000E+00
    28    19   0.0000E+00   0.0000E+00   0.0000E+00   0.0000E+00   0.0000E+00   0.0000E+00
    28    20   0.0000E+00   0.0000E+00   0.0000E+00   0.0000E+00   0.0000E+00   0.0000E+00
    28    21   0.0000E+00   0.0000E+00   0.0000E+00   0.0000E+00   0.0000E+00   0.0000E+00
    28    22   0.0000E+00   0.0000E+00   0.0000E+00   0.0000E+00   0.0000E+00   0.0000E+00
    28    23   0.0000E+00   0.0000E+00   0.0000E+00   0.0000E+00   0.0000E+00   0.0000E+00
    28    24   0.0000E+00   0.0000E+00   0.0000E+00   0.0000E+00   0.0000E+00   0.0000E+00
    28    25   0.0000E+00   0.0000E+00   0.0000E+00   0.0000E+00   0.0000E+00   0.0000E+00
    28    26   0.0000E+00   0.0000E+00   0.0000E+00   0.0000E+00   0.0000E+00   0.0000E+00
    28    27   0.0000E+00   0.0000E+00   0.0000E+00   0.0000E+00   0.0000E+00   0.0000E+00
    28    28   0.0000E+00   0.0000E+00   0.0000E+00   0.0000E+00   0.0000E+00   0.0000E+00
    28    29   0.0000E+00   0.0000E+00   0.0000E+00   0.0000E+00   0.0000E+00   0.0000E+00
    28    30   0.0000E+00   0.0000E+00   0.0000E+00   0.0000E+00   0.0000E+00   0.0000E+00
    28    31   0.0000E+00   0.0000E+00   0.0000E+00   0.0000E+00   0.0000E+00   0.0000E+00
    28    32   0.0000E+00   0.0000E+00   0.0000E+00   0.0000E+00   0.0000E+00   0.0000E+00
    29     1   0.0000E+00   0.0000E+00   0.0000E+00   0.0000E+00   0.0000E+00   0.0000E+00
    29     2   0.0000E+00   0.0000E+00   0.0000E+00   0.0000E+00   0.0000E+00   0.0000E+00
    29     3   0.0000E+00   0.0000E+00   0.0000E+00   0.0000E+00   0.0000E+00   0.0000E+00
    29     4   0.0000E+00   0.0000E+00   0.0000E+00   0.0000E+00   0.0000E+00   0.0000E+00
    29     5   0.0000E+00   0.0000E+00   0.0000E+00   0.0000E+00   0.0000E+00   0.0000E+00
    29     6   0.0000E+00   0.0000E+00   0.0000E+00   0.0000E+00   0.0000E+00   0.0000E+00
    29     7   0.0000E+00   0.0000E+00   0.0000E+00   0.0000E+00   0.0000E+00   0.0000E+00
    29     8   0.0000E+00   0.0000E+00   0.0000E+00   0.0000E+00   0.0000E+00   0.0000E+00
    29     9   0.0000E+00   0.0000E+00   0.0000E+00   0.0000E+00   0.0000E+00   0.0000E+00
    29    10   0.0000E+00   0.0000E+00   0.0000E+00   0.0000E+00   0.0000E+00   0.0000E+00
    29    11   0.0000E+00   0.0000E+00   0.0000E+00   0.0000E+00   0.0000E+00   0.0000E+00
    29    12   0.0000E+00   0.0000E+00   0.0000E+00   0.0000E+00   0.0000E+00   0.0000E+00
    29    13   0.0000E+00   0.0000E+00   0.0000E+00   0.0000E+00   0.0000E+00   0.0000E+00
    29    14   0.0000E+00   0.0000E+00   0.0000E+00   0.0000E+00   0.0000E+00   0.0000E+00
    29    15   0.0000E+00   0.0000E+00   0.0000E+00   0.0000E+00   0.0000E+00   0.0000E+00
    29    16   0.0000E+00   0.0000E+00   0.0000E+00   0.0000E+00   0.0000E+00   0.0000E+00
    29    17   0.0000E+00   0.0000E+00   0.0000E+00   0.0000E+00   0.0000E+00   0.0000E+00
    29    18   0.0000E+00   0.0000E+00   0.0000E+00   0.0000E+00   0.0000E+00   0.0000E+00
    29    19   0.0000E+00   0.0000E+00   0.0000E+00   0.0000E+00   0.0000E+00   0.0000E+00
    29    20   0.0000E+00   0.0000E+00   0.0000E+00   0.0000E+00   0.0000E+00   0.0000E+00
    29    21   0.0000E+00   0.0000E+00   0.0000E+00   0.0000E+00   0.0000E+00   0.0000E+00
    29    22   0.0000E+00   0.0000E+00   0.0000E+00   0.0000E+00   0.0000E+00   0.0000E+00
    29    23   0.0000E+00   0.0000E+00   0.0000E+00   0.0000E+00   0.0000E+00   0.0000E+00
    29    24   0.0000E+00   0.0000E+00   0.0000E+00   0.0000E+00   0.0000E+00   0.0000E+00
    29    25   0.0000E+00   0.0000E+00   0.0000E+00   0.0000E+00   0.0000E+00   0.0000E+00
    29    26   0.0000E+00   0.0000E+00   0.0000E+00   0.0000E+00   0.0000E+00   0.0000E+00
    29    27   0.0000E+00   0.0000E+00   0.0000E+00   0.0000E+00   0.0000E+00   0.0000E+00
    29    28   0.0000E+00   0.0000E+00   0.0000E+00   0.0000E+00   0.0000E+00   0.0000E+00
    29    29   0.0000E+00   0.0000E+00   0.0000E+00   0.0000E+00   0.0000E+00   0.0000E+00
    29    30   0.0000E+00   0.0000E+00   0.0000E+00   0.0000E+00   0.0000E+00   0.0000E+00
    29    31   0.0000E+00   0.0000E+00   0.0000E+00   0.0000E+00   0.0000E+00   0.0000E+00
    29    32   0.0000E+00   0.0000E+00   0.0000E+00   0.0000E+00   0.0000E+00   0.0000E+00
    30     1   0.0000E+00   0.0000E+00   0.0000E+00   0.0000E+00   0.0000E+00   0.0000E+00
    30     2   0.0000E+00   0.0000E+00   0.0000E+00   0.0000E+00   0.0000E+00   0.0000E+00
    30     3   0.0000E+00   0.0000E+00   0.0000E+00   0.0000E+00   0.0000E+00   0.0000E+00
    30     4   0.0000E+00   0.0000E+00   0.0000E+00   0.0000E+00   0.0000E+00   0.0000E+00
    30     5   0.0000E+00   0.0000E+00   0.0000E+00   0.0000E+00   0.0000E+00   0.0000E+00
    30     6   0.0000E+00   0.0000E+00   0.0000E+00   0.0000E+00   0.0000E+00   0.0000E+00
    30     7   0.0000E+00   0.0000E+00   0.0000E+00   0.0000E+00   0.0000E+00   0.0000E+00
    30     8   0.0000E+00   0.0000E+00   0.0000E+00   0.0000E+00   0.0000E+00   0.0000E+00
    30     9   0.0000E+00   0.0000E+00   0.0000E+00   0.0000E+00   0.0000E+00   0.0000E+00
    30    10   0.0000E+00   0.0000E+00   0.0000E+00   0.0000E+00   0.0000E+00   0.0000E+00
    30    11   0.0000E+00   0.0000E+00   0.0000E+00   0.0000E+00   0.0000E+00   0.0000E+00
    30    12   0.0000E+00   0.0000E+00   0.0000E+00   0.0000E+00   0.0000E+00   0.0000E+00
    30    13   0.0000E+00   0.0000E+00   0.0000E+00   0.0000E+00   0.0000E+00   0.0000E+00
    30    14   0.0000E+00   0.0000E+00   0.0000E+00   0.0000E+00   0.0000E+00   0.0000E+00
    30    15   0.0000E+00   0.0000E+00   0.0000E+00   0.0000E+00   0.0000E+00   0.0000E+00
    30    16   0.0000E+00   0.0000E+00   0.0000E+00   0.0000E+00   0.0000E+00   0.0000E+00
    30    17   0.0000E+00   0.0000E+00   0.0000E+00   0.0000E+00   0.0000E+00   0.0000E+00
    30    18   0.0000E+00   0.0000E+00   0.0000E+00   0.0000E+00   0.0000E+00   0.0000E+00
    30    19   0.0000E+00   0.0000E+00   0.0000E+00   0.0000E+00   0.0000E+00   0.0000E+00
    30    20   0.0000E+00   0.0000E+00   0.0000E+00   0.0000E+00   0.0000E+00   0.0000E+00
    30    21   0.0000E+00   0.0000E+00   0.0000E+00   0.0000E+00   0.0000E+00   0.0000E+00
    30    22   0.0000E+00   0.0000E+00   0.0000E+00   0.0000E+00   0.0000E+00   0.0000E+00
    30    23   0.0000E+00   0.0000E+00   0.0000E+00   0.0000E+00   0.0000E+00   0.0000E+00
    30    24   0.0000E+00   0.0000E+00   0.0000E+00   0.0000E+00   0.0000E+00   0.0000E+00
    30    25   0.0000E+00   0.0000E+00   0.0000E+00   0.0000E+00   0.0000E+00   0.0000E+00
    30    26   0.0000E+00   0.0000E+00   0.0000E+00   0.0000E+00   0.0000E+00   0.0000E+00
    30    27   0.0000E+00   0.0000E+00   0.0000E+00   0.0000E+00   0.0000E+00   0.0000E+00
    30    28   0.0000E+00   0.0000E+00   0.0000E+00   0.0000E+00   0.0000E+00   0.0000E+00
    30    29   0.0000E+00   0.0000E+00   0.0000E+00   0.0000E+00   0.0000E+00   0.0000E+00
    30    30   0.0000E+00   0.0000E+00   0.0000E+00   0.0000E+00   0.0000E+00   0.0000E+00
    30    31   0.0000E+00   0.0000E+00   0.0000E+00   0.0000E+00   0.0000E+00   0.0000E+00
    30    32   0.0000E+00   0.0000E+00   0.0000E+00   0.0000E+00   0.0000E+00   0.0000E+00
    31     1   0.0000E+00   0.0000E+00   0.0000E+00   0.0000E+00   0.0000E+00   0.0000E+00
    31     2   0.0000E+00   0.0000E+00   0.0000E+00   0.0000E+00   0.0000E+00   0.0000E+00
    31     3   0.0000E+00   0.0000E+00   0.0000E+00   0.0000E+00   0.0000E+00   0.0000E+00
    31     4   0.0000E+00   0.0000E+00   0.0000E+00   0.0000E+00   0.0000E+00   0.0000E+00
    31     5   0.0000E+00   0.0000E+00   0.0000E+00   0.0000E+00   0.0000E+00   0.0000E+00
    31     6   0.0000E+00   0.0000E+00   0.0000E+00   0.0000E+00   0.0000E+00   0.0000E+00
    31     7   0.0000E+00   0.0000E+00   0.0000E+00   0.0000E+00   0.0000E+00   0.0000E+00
    31     8   0.0000E+00   0.0000E+00   0.0000E+00   0.0000E+00   0.0000E+00   0.0000E+00
    31     9   0.0000E+00   0.0000E+00   0.0000E+00   0.0000E+00   0.0000E+00   0.0000E+00
    31    10   0.0000E+00   0.0000E+00   0.0000E+00   0.0000E+00   0.0000E+00   0.0000E+00
    31    11   0.0000E+00   0.0000E+00   0.0000E+00   0.0000E+00   0.0000E+00   0.0000E+00
    31    12   0.0000E+00   0.0000E+00   0.0000E+00   0.0000E+00   0.0000E+00   0.0000E+00
    31    13   0.0000E+00   0.0000E+00   0.0000E+00   0.0000E+00   0.0000E+00   0.0000E+00
    31    14   0.0000E+00   0.0000E+00   0.0000E+00   0.0000E+00   0.0000E+00   0.0000E+00
    31    15   0.0000E+00   0.0000E+00   0.0000E+00   0.0000E+00   0.0000E+00   0.0000E+00
    31    16   0.0000E+00   0.0000E+00   0.0000E+00   0.0000E+00   0.0000E+00   0.0000E+00
    31    17   0.0000E+00   0.0000E+00   0.0000E+00   0.0000E+00   0.0000E+00   0.0000E+00
    31    18   0.0000E+00   0.0000E+00   0.0000E+00   0.0000E+00   0.0000E+00   0.0000E+00
    31    19   0.0000E+00   0.0000E+00   0.0000E+00   0.0000E+00   0.0000E+00   0.0000E+00
    31    20   0.0000E+00   0.0000E+00   0.0000E+00   0.0000E+00   0.0000E+00   0.0000E+00
    31    21   0.0000E+00   0.0000E+00   0.0000E+00   0.0000E+00   0.0000E+00   0.0000E+00
    31    22   0.0000E+00   0.0000E+00   0.0000E+00   0.0000E+00   0.0000E+00   0.0000E+00
    31    23   0.0000E+00   0.0000E+00   0.0000E+00   0.0000E+00   0.0000E+00   0.0000E+00
    31    24   0.0000E+00   0.0000E+00   0.0000E+00   0.0000E+00   0.0000E+00   0.0000E+00
    31    25   0.0000E+00   0.0000E+00   0.0000E+00   0.0000E+00   0.0000E+00   0.0000E+00
    31    26   0.0000E+00   0.0000E+00   0.0000E+00   0.0000E+00   0.0000E+00   0.0000E+00
    31    27   0.0000E+00   0.0000E+00   0.0000E+00   0.0000E+00   0.0000E+00   0.0000E+00
    31    28   0.0000E+00   0.0000E+00   0.0000E+00   0.0000E+00   0.0000E+00   0.0000E+00
    31    29   0.0000E+00   0.0000E+00   0.0000E+00   0.0000E+00   0.0000E+00   0.0000E+00
    31    30   0.0000E+00   0.0000E+00   0.0000E+00   0.0000E+00   0.0000E+00   0.0000E+00
    31    31   0.0000E+00   0.0000E+00   0.0000E+00   0.0000E+00   0.0000E+00   0.0000E+00
    31    32   0.0000E+00   0.0000E+00   0.0000E+00   0.0000E+00   0.0000E+00   0.0000E+00
    32     1   0.0000E+00   0.0000E+00   0.0000E+00   0.0000E+00   0.0000E+00   0.0000E+00
    32     2   0.0000E+00   0.0000E+00   0.0000E+00   0.0000E+00   0.0000E+00   0.0000E+00
    32     3   0.0000E+00   0.0000E+00   0.0000E+00   0.0000E+00   0.0000E+00   0.0000E+00
    32     4   0.0000E+00   0.0000E+00   0.0000E+00   0.0000E+00   0.0000E+00   0.0000E+00
    32     5   0.0000E+00   0.0000E+00   0.0000E+00   0.0000E+00   0.0000E+00   0.0000E+00
    32     6   0.0000E+00   0.0000E+00   0.0000E+00   0.0000E+00   0.0000E+00   0.0000E+00
    32     7   0.0000E+00   0.0000E+00   0.0000E+00   0.0000E+00   0.0000E+00   0.0000E+00
    32     8   0.0000E+00   0.0000E+00   0.0000E+00   0.0000E+00   0.0000E+00   0.0000E+00
    32     9   0.0000E+00   0.0000E+00   0.0000E+00   0.0000E+00   0.0000E+00   0.0000E+00
    32    10   0.0000E+00   0.0000E+00   0.0000E+00   0.0000E+00   0.0000E+00   0.0000E+00
    32    11   0.0000E+00   0.0000E+00   0.0000E+00   0.0000E+00   0.0000E+00   0.0000E+00
    32    12   0.0000E+00   0.0000E+00   0.0000E+00   0.0000E+00   0.0000E+00   0.0000E+00
    32    13   0.0000E+00   0.0000E+00   0.0000E+00   0.0000E+00   0.0000E+00   0.0000E+00
    32    14   0.0000E+00   0.0000E+00   0.0000E+00   0.0000E+00   0.0000E+00   0.0000E+00
    32    15   0.0000E+00   0.0000E+00   0.0000E+00   0.0000E+00   0.0000E+00   0.0000E+00
    32    16   0.0000E+00   0.0000E+00   0.0000E+00   0.0000E+00   0.0000E+00   0.0000E+00
    32    17   0.0000E+00   0.0000E+00   0.0000E+00   0.0000E+00   0.0000E+00   0.0000E+00
    32    18   0.0000E+00   0.0000E+00   0.0000E+00   0.0000E+00   0.0000E+00   0.0000E+00
    32    19   0.0000E+00   0.0000E+00   0.0000E+00   0.0000E+00   0.0000E+00   0.0000E+00
    32    20   0.0000E+00   0.0000E+00   0.0000E+00   0.0000E+00   0.0000E+00   0.0000E+00
    32    21   0.0000E+00   0.0000E+00   0.0000E+00   0.0000E+00   0.0000E+00   0.0000E+00
    32    22   0.0000E+00   0.0000E+00   0.0000E+00   0.0000E+00   0.0000E+00   0.0000E+00
    32    23   0.0000E+00   0.0000E+00   0.0000E+00   0.0000E+00   0.0000E+00   0.0000E+00
    32    24   0.0000E+00   0.0000E+00   0.0000E+00   0.0000E+00   0.0000E+00   0.0000E+00
    32    25   0.0000E+00   0.0000E+00   0.0000E+00   0.0000E+00   0.0000E+00   0.0000E+00
    32    26   0.0000E+00   0.0000E+00   0.0000E+00   0.0000E+00   0.0000E+00   0.0000E+00
    32    27   0.0000E+00   0.0000E+00   0.0000E+00   0.0000E+00   0.0000E+00   0.0000E+00
    32    28   0.0000E+00   0.0000E+00   0.0000E+00   0.0000E+00   0.0000E+00   0.0000E+00
    32    29   0.0000E+00   0.0000E+00   0.0000E+00   0.0000E+00   0.0000E+00   0.0000E+00
    32    30   0.0000E+00   0.0000E+00   0.0000E+00   0.0000E+00   0.0000E+00   0.0000E+00
    32    31   0.0000E+00   0.0000E+00   0.0000E+00   0.0000E+00   0.0000E+00   0.0000E+00
    32    32   0.0000E+00   0.0000E+00   0.0000E+00   0.0000E+00   0.0000E+00   0.0000E+00
    33     1   0.0000E+00   0.0000E+00   0.0000E+00   0.0000E+00   0.0000E+00   0.0000E+00
    33     2   0.0000E+00   0.0000E+00   0.0000E+00   0.0000E+00   0.0000E+00   0.0000E+00
    33     3   0.0000E+00   0.0000E+00   0.0000E+00   0.0000E+00   0.0000E+00   0.0000E+00
    33     4   0.0000E+00   0.0000E+00   0.0000E+00   0.0000E+00   0.0000E+00   0.0000E+00
    33     5   0.0000E+00   0.0000E+00   0.0000E+00   0.0000E+00   0.0000E+00   0.0000E+00
    33     6   0.0000E+00   0.0000E+00   0.0000E+00   0.0000E+00   0.0000E+00   0.0000E+00
    33     7   0.0000E+00   0.0000E+00   0.0000E+00   0.0000E+00   0.0000E+00   0.0000E+00
    33     8   0.0000E+00   0.0000E+00   0.0000E+00   0.0000E+00   0.0000E+00   0.0000E+00
    33     9   0.0000E+00   0.0000E+00   0.0000E+00   0.0000E+00   0.0000E+00   0.0000E+00
    33    10   0.0000E+00   0.0000E+00   0.0000E+00   0.0000E+00   0.0000E+00   0.0000E+00
    33    11   0.0000E+00   0.0000E+00   0.0000E+00   0.0000E+00   0.0000E+00   0.0000E+00
    33    12   0.0000E+00   0.0000E+00   0.0000E+00   0.0000E+00   0.0000E+00   0.0000E+00
    33    13   0.0000E+00   0.0000E+00   0.0000E+00   0.0000E+00   0.0000E+00   0.0000E+00
    33    14   0.0000E+00   0.0000E+00   0.0000E+00   0.0000E+00   0.0000E+00   0.0000E+00
    33    15   0.0000E+00   0.0000E+00   0.0000E+00   0.0000E+00   0.0000E+00   0.0000E+00
    33    16   0.0000E+00   0.0000E+00   0.0000E+00   0.0000E+00   0.0000E+00   0.0000E+00
    33    17   0.0000E+00   0.0000E+00   0.0000E+00   0.0000E+00   0.0000E+00   0.0000E+00
    33    18   0.0000E+00   0.0000E+00   0.0000E+00   0.0000E+00   0.0000E+00   0.0000E+00
    33    19   0.0000E+00   0.0000E+00   0.0000E+00   0.0000E+00   0.0000E+00   0.0000E+00
    33    20   0.0000E+00   0.0000E+00   0.0000E+00   0.0000E+00   0.0000E+00   0.0000E+00
    33    21   0.0000E+00   0.0000E+00   0.0000E+00   0.0000E+00   0.0000E+00   0.0000E+00
    33    22   0.0000E+00   0.0000E+00   0.0000E+00   0.0000E+00   0.0000E+00   0.0000E+00
    33    23   0.0000E+00   0.0000E+00   0.0000E+00   0.0000E+00   0.0000E+00   0.0000E+00
    33    24   0.0000E+00   0.0000E+00   0.0000E+00   0.0000E+00   0.0000E+00   0.0000E+00
    33    25   0.0000E+00   0.0000E+00   0.0000E+00   0.0000E+00   0.0000E+00   0.0000E+00
    33    26   0.0000E+00   0.0000E+00   0.0000E+00   0.0000E+00   0.0000E+00   0.0000E+00
    33    27   0.0000E+00   0.0000E+00   0.0000E+00   0.0000E+00   0.0000E+00   0.0000E+00
    33    28   0.0000E+00   0.0000E+00   0.0000E+00   0.0000E+00   0.0000E+00   0.0000E+00
    33    29   0.0000E+00   0.0000E+00   0.0000E+00   0.0000E+00   0.0000E+00   0.0000E+00
    33    30   0.0000E+00   0.0000E+00   0.0000E+00   0.0000E+00   0.0000E+00   0.0000E+00
    33    31   0.0000E+00   0.0000E+00   0.0000E+00   0.0000E+00   0.0000E+00   0.0000E+00
    33    32   0.0000E+00   0.0000E+00   0.0000E+00   0.0000E+00   0.0000E+00   0.0000E+00
    34     1   0.0000E+00   0.0000E+00   0.0000E+00   0.0000E+00   0.0000E+00   0.0000E+00
    34     2   0.0000E+00   0.0000E+00   0.0000E+00   0.0000E+00   0.0000E+00   0.0000E+00
    34     3   0.0000E+00   0.0000E+00   0.0000E+00   0.0000E+00   0.0000E+00   0.0000E+00
    34     4   0.0000E+00   0.0000E+00   0.0000E+00   0.0000E+00   0.0000E+00   0.0000E+00
    34     5   0.0000E+00   0.0000E+00   0.0000E+00   0.0000E+00   0.0000E+00   0.0000E+00
    34     6   0.0000E+00   0.0000E+00   0.0000E+00   0.0000E+00   0.0000E+00   0.0000E+00
    34     7   0.0000E+00   0.0000E+00   0.0000E+00   0.0000E+00   0.0000E+00   0.0000E+00
    34     8   0.0000E+00   0.0000E+00   0.0000E+00   0.0000E+00   0.0000E+00   0.0000E+00
    34     9   0.0000E+00   0.0000E+00   0.0000E+00   0.0000E+00   0.0000E+00   0.0000E+00
    34    10   0.0000E+00   0.0000E+00   0.0000E+00   0.0000E+00   0.0000E+00   0.0000E+00
    34    11   0.0000E+00   0.0000E+00   0.0000E+00   0.0000E+00   0.0000E+00   0.0000E+00
    34    12   0.0000E+00   0.0000E+00   0.0000E+00   0.0000E+00   0.0000E+00   0.0000E+00
    34    13   0.0000E+00   0.0000E+00   0.0000E+00   0.0000E+00   0.0000E+00   0.0000E+00
    34    14   0.0000E+00   0.0000E+00   0.0000E+00   0.0000E+00   0.0000E+00   0.0000E+00
    34    15   0.0000E+00   0.0000E+00   0.0000E+00   0.0000E+00   0.0000E+00   0.0000E+00
    34    16   0.0000E+00   0.0000E+00   0.0000E+00   0.0000E+00   0.0000E+00   0.0000E+00
    34    17   0.0000E+00   0.0000E+00   0.0000E+00   0.0000E+00   0.0000E+00   0.0000E+00
    34    18   0.0000E+00   0.0000E+00   0.0000E+00   0.0000E+00   0.0000E+00   0.0000E+00
    34    19   0.0000E+00   0.0000E+00   0.0000E+00   0.0000E+00   0.0000E+00   0.0000E+00
    34    20   0.0000E+00   0.0000E+00   0.0000E+00   0.0000E+00   0.0000E+00   0.0000E+00
    34    21   0.0000E+00   0.0000E+00   0.0000E+00   0.0000E+00   0.0000E+00   0.0000E+00
    34    22   0.0000E+00   0.0000E+00   0.0000E+00   0.0000E+00   0.0000E+00   0.0000E+00
    34    23   0.0000E+00   0.0000E+00   0.0000E+00   0.0000E+00   0.0000E+00   0.0000E+00
    34    24   0.0000E+00   0.0000E+00   0.0000E+00   0.0000E+00   0.0000E+00   0.0000E+00
    34    25   0.0000E+00   0.0000E+00   0.0000E+00   0.0000E+00   0.0000E+00   0.0000E+00
    34    26   0.0000E+00   0.0000E+00   0.0000E+00   0.0000E+00   0.0000E+00   0.0000E+00
    34    27   0.0000E+00   0.0000E+00   0.0000E+00   0.0000E+00   0.0000E+00   0.0000E+00
    34    28   0.0000E+00   0.0000E+00   0.0000E+00   0.0000E+00   0.0000E+00   0.0000E+00
    34    29   0.0000E+00   0.0000E+00   0.0000E+00   0.0000E+00   0.0000E+00   0.0000E+00
    34    30   0.0000E+00   0.0000E+00   0.0000E+00   0.0000E+00   0.0000E+00   0.0000E+00
    34    31   0.0000E+00   0.0000E+00   0.0000E+00   0.0000E+00   0.0000E+00   0.0000E+00
    34    32   0.0000E+00   0.0000E+00   0.0000E+00   0.0000E+00   0.0000E+00   0.0000E+00
    35     1   0.0000E+00   0.0000E+00   0.0000E+00   0.0000E+00   0.0000E+00   0.0000E+00
    35     2   0.0000E+00   0.0000E+00   0.0000E+00   0.0000E+00   0.0000E+00   0.0000E+00
    35     3   0.0000E+00   0.0000E+00   0.0000E+00   0.0000E+00   0.0000E+00   0.0000E+00
    35     4   0.0000E+00   0.0000E+00   0.0000E+00   0.0000E+00   0.0000E+00   0.0000E+00
    35     5   0.0000E+00   0.0000E+00   0.0000E+00   0.0000E+00   0.0000E+00   0.0000E+00
    35     6   0.0000E+00   0.0000E+00   0.0000E+00   0.0000E+00   0.0000E+00   0.0000E+00
    35     7   0.0000E+00   0.0000E+00   0.0000E+00   0.0000E+00   0.0000E+00   0.0000E+00
    35     8   0.0000E+00   0.0000E+00   0.0000E+00   0.0000E+00   0.0000E+00   0.0000E+00
    35     9   0.0000E+00   0.0000E+00   0.0000E+00   0.0000E+00   0.0000E+00   0.0000E+00
    35    10   0.0000E+00   0.0000E+00   0.0000E+00   0.0000E+00   0.0000E+00   0.0000E+00
    35    11   0.0000E+00   0.0000E+00   0.0000E+00   0.0000E+00   0.0000E+00   0.0000E+00
    35    12   0.0000E+00   0.0000E+00   0.0000E+00   0.0000E+00   0.0000E+00   0.0000E+00
    35    13   0.0000E+00   0.0000E+00   0.0000E+00   0.0000E+00   0.0000E+00   0.0000E+00
    35    14   0.0000E+00   0.0000E+00   0.0000E+00   0.0000E+00   0.0000E+00   0.0000E+00
    35    15   0.0000E+00   0.0000E+00   0.0000E+00   0.0000E+00   0.0000E+00   0.0000E+00
    35    16   0.0000E+00   0.0000E+00   0.0000E+00   0.0000E+00   0.0000E+00   0.0000E+00
    35    17   0.0000E+00   0.0000E+00   0.0000E+00   0.0000E+00   0.0000E+00   0.0000E+00
    35    18   0.0000E+00   0.0000E+00   0.0000E+00   0.0000E+00   0.0000E+00   0.0000E+00
    35    19   0.0000E+00   0.0000E+00   0.0000E+00   0.0000E+00   0.0000E+00   0.0000E+00
    35    20   0.0000E+00   0.0000E+00   0.0000E+00   0.0000E+00   0.0000E+00   0.0000E+00
    35    21   0.0000E+00   0.0000E+00   0.0000E+00   0.0000E+00   0.0000E+00   0.0000E+00
    35    22   0.0000E+00   0.0000E+00   0.0000E+00   0.0000E+00   0.0000E+00   0.0000E+00
    35    23   0.0000E+00   0.0000E+00   0.0000E+00   0.0000E+00   0.0000E+00   0.0000E+00
    35    24   0.0000E+00   0.0000E+00   0.0000E+00   0.0000E+00   0.0000E+00   0.0000E+00
    35    25   0.0000E+00   0.0000E+00   0.0000E+00   0.0000E+00   0.0000E+00   0.0000E+00
    35    26   0.0000E+00   0.0000E+00   0.0000E+00   0.0000E+00   0.0000E+00   0.0000E+00
    35    27   0.0000E+00   0.0000E+00   0.0000E+00   0.0000E+00   0.0000E+00   0.0000E+00
    35    28   0.0000E+00   0.0000E+00   0.0000E+00   0.0000E+00   0.0000E+00   0.0000E+00
    35    29   0.0000E+00   0.0000E+00   0.0000E+00   0.0000E+00   0.0000E+00   0.0000E+00
    35    30   0.0000E+00   0.0000E+00   0.0000E+00   0.0000E+00   0.0000E+00   0.0000E+00
    35    31   0.0000E+00   0.0000E+00   0.0000E+00   0.0000E+00   0.0000E+00   0.0000E+00
    35    32   0.0000E+00   0.0000E+00   0.0000E+00   0.0000E+00   0.0000E+00   0.0000E+00
    36     1   0.0000E+00   0.0000E+00   0.0000E+00   0.0000E+00   0.0000E+00   0.0000E+00
    36     2   0.0000E+00   0.0000E+00   0.0000E+00   0.0000E+00   0.0000E+00   0.0000E+00
    36     3   0.0000E+00   0.0000E+00   0.0000E+00   0.0000E+00   0.0000E+00   0.0000E+00
    36     4   0.0000E+00   0.0000E+00   0.0000E+00   0.0000E+00   0.0000E+00   0.0000E+00
    36     5   0.0000E+00   0.0000E+00   0.0000E+00   0.0000E+00   0.0000E+00   0.0000E+00
    36     6   0.0000E+00   0.0000E+00   0.0000E+00   0.0000E+00   0.0000E+00   0.0000E+00
    36     7   0.0000E+00   0.0000E+00   0.0000E+00   0.0000E+00   0.0000E+00   0.0000E+00
    36     8   0.0000E+00   0.0000E+00   0.0000E+00   0.0000E+00   0.0000E+00   0.0000E+00
    36     9   0.0000E+00   0.0000E+00   0.0000E+00   0.0000E+00   0.0000E+00   0.0000E+00
    36    10   0.0000E+00   0.0000E+00   0.0000E+00   0.0000E+00   0.0000E+00   0.0000E+00
    36    11   0.0000E+00   0.0000E+00   0.0000E+00   0.0000E+00   0.0000E+00   0.0000E+00
    36    12   0.0000E+00   0.0000E+00   0.0000E+00   0.0000E+00   0.0000E+00   0.0000E+00
    36    13   0.0000E+00   0.0000E+00   0.0000E+00   0.0000E+00   0.0000E+00   0.0000E+00
    36    14   0.0000E+00   0.0000E+00   0.0000E+00   0.0000E+00   0.0000E+00   0.0000E+00
    36    15   0.0000E+00   0.0000E+00   0.0000E+00   0.0000E+00   0.0000E+00   0.0000E+00
    36    16   0.0000E+00   0.0000E+00   0.0000E+00   0.0000E+00   0.0000E+00   0.0000E+00
    36    17   0.0000E+00   0.0000E+00   0.0000E+00   0.0000E+00   0.0000E+00   0.0000E+00
    36    18   0.0000E+00   0.0000E+00   0.0000E+00   0.0000E+00   0.0000E+00   0.0000E+00
    36    19   0.0000E+00   0.0000E+00   0.0000E+00   0.0000E+00   0.0000E+00   0.0000E+00
    36    20   0.0000E+00   0.0000E+00   0.0000E+00   0.0000E+00   0.0000E+00   0.0000E+00
    36    21   0.0000E+00   0.0000E+00   0.0000E+00   0.0000E+00   0.0000E+00   0.0000E+00
    36    22   0.0000E+00   0.0000E+00   0.0000E+00   0.0000E+00   0.0000E+00   0.0000E+00
    36    23   0.0000E+00   0.0000E+00   0.0000E+00   0.0000E+00   0.0000E+00   0.0000E+00
    36    24   0.0000E+00   0.0000E+00   0.0000E+00   0.0000E+00   0.0000E+00   0.0000E+00
    36    25   0.0000E+00   0.0000E+00   0.0000E+00   0.0000E+00   0.0000E+00   0.0000E+00
    36    26   0.0000E+00   0.0000E+00   0.0000E+00   0.0000E+00   0.0000E+00   0.0000E+00
    36    27   0.0000E+00   0.0000E+00   0.0000E+00   0.0000E+00   0.0000E+00   0.0000E+00
    36    28   0.0000E+00   0.0000E+00   0.0000E+00   0.0000E+00   0.0000E+00   0.0000E+00
    36    29   0.0000E+00   0.0000E+00   0.0000E+00   0.0000E+00   0.0000E+00   0.0000E+00
    36    30   0.0000E+00   0.0000E+00   0.0000E+00   0.0000E+00   0.0000E+00   0.0000E+00
    36    31   0.0000E+00   0.0000E+00   0.0000E+00   0.0000E+00   0.0000E+00   0.0000E+00
    36    32   0.0000E+00   0.0000E+00   0.0000E+00   0.0000E+00   0.0000E+00   0.0000E+00
    37     1   0.0000E+00   0.0000E+00   0.0000E+00   0.0000E+00   0.0000E+00   0.0000E+00
    37     2   0.0000E+00   0.0000E+00   0.0000E+00   0.0000E+00   0.0000E+00   0.0000E+00
    37     3   0.0000E+00   0.0000E+00   0.0000E+00   0.0000E+00   0.0000E+00   0.0000E+00
    37     4   0.0000E+00   0.0000E+00   0.0000E+00   0.0000E+00   0.0000E+00   0.0000E+00
    37     5   0.0000E+00   0.0000E+00   0.0000E+00   0.0000E+00   0.0000E+00   0.0000E+00
    37     6   0.0000E+00   0.0000E+00   0.0000E+00   0.0000E+00   0.0000E+00   0.0000E+00
    37     7   0.0000E+00   0.0000E+00   0.0000E+00   0.0000E+00   0.0000E+00   0.0000E+00
    37     8   0.0000E+00   0.0000E+00   0.0000E+00   0.0000E+00   0.0000E+00   0.0000E+00
    37     9   0.0000E+00   0.0000E+00   0.0000E+00   0.0000E+00   0.0000E+00   0.0000E+00
    37    10   0.0000E+00   0.0000E+00   0.0000E+00   0.0000E+00   0.0000E+00   0.0000E+00
    37    11   0.0000E+00   0.0000E+00   0.0000E+00   0.0000E+00   0.0000E+00   0.0000E+00
    37    12   0.0000E+00   0.0000E+00   0.0000E+00   0.0000E+00   0.0000E+00   0.0000E+00
    37    13   0.0000E+00   0.0000E+00   0.0000E+00   0.0000E+00   0.0000E+00   0.0000E+00
    37    14   0.0000E+00   0.0000E+00   0.0000E+00   0.0000E+00   0.0000E+00   0.0000E+00
    37    15   0.0000E+00   0.0000E+00   0.0000E+00   0.0000E+00   0.0000E+00   0.0000E+00
    37    16   0.0000E+00   0.0000E+00   0.0000E+00   0.0000E+00   0.0000E+00   0.0000E+00
    37    17   0.0000E+00   0.0000E+00   0.0000E+00   0.0000E+00   0.0000E+00   0.0000E+00
    37    18   0.0000E+00   0.0000E+00   0.0000E+00   0.0000E+00   0.0000E+00   0.0000E+00
    37    19   0.0000E+00   0.0000E+00   0.0000E+00   0.0000E+00   0.0000E+00   0.0000E+00
    37    20   0.0000E+00   0.0000E+00   0.0000E+00   0.0000E+00   0.0000E+00   0.0000E+00
    37    21   0.0000E+00   0.0000E+00   0.0000E+00   0.0000E+00   0.0000E+00   0.0000E+00
    37    22   0.0000E+00   0.0000E+00   0.0000E+00   0.0000E+00   0.0000E+00   0.0000E+00
    37    23   0.0000E+00   0.0000E+00   0.0000E+00   0.0000E+00   0.0000E+00   0.0000E+00
    37    24   0.0000E+00   0.0000E+00   0.0000E+00   0.0000E+00   0.0000E+00   0.0000E+00
    37    25   0.0000E+00   0.0000E+00   0.0000E+00   0.0000E+00   0.0000E+00   0.0000E+00
    37    26   0.0000E+00   0.0000E+00   0.0000E+00   0.0000E+00   0.0000E+00   0.0000E+00
    37    27   0.0000E+00   0.0000E+00   0.0000E+00   0.0000E+00   0.0000E+00   0.0000E+00
    37    28   0.0000E+00   0.0000E+00   0.0000E+00   0.0000E+00   0.0000E+00   0.0000E+00
    37    29   0.0000E+00   0.0000E+00   0.0000E+00   0.0000E+00   0.0000E+00   0.0000E+00
    37    30   0.0000E+00   0.0000E+00   0.0000E+00   0.0000E+00   0.0000E+00   0.0000E+00
    37    31   0.0000E+00   0.0000E+00   0.0000E+00   0.0000E+00   0.0000E+00   0.0000E+00
    37    32   1.7058E+15   8.1424E-01   1.7858E-05   9.6463E-01   0.0000E+00   0.0000E+00
    38     1   0.0000E+00   0.0000E+00   0.0000E+00   0.0000E+00   0.0000E+00   0.0000E+00
    38     2   0.0000E+00   0.0000E+00   0.0000E+00   0.0000E+00   0.0000E+00   0.0000E+00
    38     3   0.0000E+00   0.0000E+00   0.0000E+00   0.0000E+00   0.0000E+00   0.0000E+00
    38     4   0.0000E+00   0.0000E+00   0.0000E+00   0.0000E+00   0.0000E+00   0.0000E+00
    38     5   0.0000E+00   0.0000E+00   0.0000E+00   0.0000E+00   0.0000E+00   0.0000E+00
    38     6   0.0000E+00   0.0000E+00   0.0000E+00   0.0000E+00   0.0000E+00   0.0000E+00
    38     7   0.0000E+00   0.0000E+00   0.0000E+00   0.0000E+00   0.0000E+00   0.0000E+00
    38     8   0.0000E+00   0.0000E+00   0.0000E+00   0.0000E+00   0.0000E+00   0.0000E+00
    38     9   0.0000E+00   0.0000E+00   0.0000E+00   0.0000E+00   0.0000E+00   0.0000E+00
    38    10   0.0000E+00   0.0000E+00   0.0000E+00   0.0000E+00   0.0000E+00   0.0000E+00
    38    11   0.0000E+00   0.0000E+00   0.0000E+00   0.0000E+00   0.0000E+00   0.0000E+00
    38    12   0.0000E+00   0.0000E+00   0.0000E+00   0.0000E+00   0.0000E+00   0.0000E+00
    38    13   0.0000E+00   0.0000E+00   0.0000E+00   0.0000E+00   0.0000E+00   0.0000E+00
    38    14   0.0000E+00   0.0000E+00   0.0000E+00   0.0000E+00   0.0000E+00   0.0000E+00
    38    15   0.0000E+00   0.0000E+00   0.0000E+00   0.0000E+00   0.0000E+00   0.0000E+00
    38    16   0.0000E+00   0.0000E+00   0.0000E+00   0.0000E+00   0.0000E+00   0.0000E+00
    38    17   0.0000E+00   0.0000E+00   0.0000E+00   0.0000E+00   0.0000E+00   0.0000E+00
    38    18   0.0000E+00   0.0000E+00   0.0000E+00   0.0000E+00   0.0000E+00   0.0000E+00
    38    19   0.0000E+00   0.0000E+00   0.0000E+00   0.0000E+00   0.0000E+00   0.0000E+00
    38    20   0.0000E+00   0.0000E+00   0.0000E+00   0.0000E+00   0.0000E+00   0.0000E+00
    38    21   0.0000E+00   0.0000E+00   0.0000E+00   0.0000E+00   0.0000E+00   0.0000E+00
    38    22   0.0000E+00   0.0000E+00   0.0000E+00   0.0000E+00   0.0000E+00   0.0000E+00
    38    23   0.0000E+00   0.0000E+00   0.0000E+00   0.0000E+00   0.0000E+00   0.0000E+00
    38    24   0.0000E+00   0.0000E+00   0.0000E+00   0.0000E+00   0.0000E+00   0.0000E+00
    38    25   0.0000E+00   0.0000E+00   0.0000E+00   0.0000E+00   0.0000E+00   0.0000E+00
    38    26   0.0000E+00   0.0000E+00   0.0000E+00   0.0000E+00   0.0000E+00   0.0000E+00
    38    27   0.0000E+00   0.0000E+00   0.0000E+00   0.0000E+00   0.0000E+00   0.0000E+00
    38    28   0.0000E+00   0.0000E+00   0.0000E+00   0.0000E+00   0.0000E+00   0.0000E+00
    38    29   9.3431E+15   7.1329E-01   3.8976E-04   8.1381E-01   0.0000E+00   0.0000E+00
    38    30   3.6889E+15   8.6187E-01   2.8487E-05   7.0723E-01   0.0000E+00   0.0000E+00
    38    31   3.5564E+15   1.0000E+00   4.4950E-05   1.0000E+00   0.0000E+00   0.0000E+00
    38    32   4.3710E+16   6.4207E-01   1.0699E-03   7.9793E-01   0.0000E+00   0.0000E+00
    39     1   4.8181E+16   1.0000E+00   3.4703E-04   1.0000E+00   0.0000E+00   0.0000E+00
    39     2   0.0000E+00   0.0000E+00   0.0000E+00   0.0000E+00   0.0000E+00   0.0000E+00
    39     3   0.0000E+00   0.0000E+00   0.0000E+00   0.0000E+00   0.0000E+00   0.0000E+00
    39     4   0.0000E+00   0.0000E+00   0.0000E+00   0.0000E+00   0.0000E+00   0.0000E+00
    39     5   0.0000E+00   0.0000E+00   0.0000E+00   0.0000E+00   0.0000E+00   0.0000E+00
    39     6   0.0000E+00   0.0000E+00   0.0000E+00   0.0000E+00   0.0000E+00   0.0000E+00
    39     7   0.0000E+00   0.0000E+00   0.0000E+00   0.0000E+00   0.0000E+00   0.0000E+00
    39     8   0.0000E+00   0.0000E+00   0.0000E+00   0.0000E+00   0.0000E+00   0.0000E+00
    39     9   0.0000E+00   0.0000E+00   0.0000E+00   0.0000E+00   0.0000E+00   0.0000E+00
    39    10   0.0000E+00   0.0000E+00   0.0000E+00   0.0000E+00   0.0000E+00   0.0000E+00
    39    11   0.0000E+00   0.0000E+00   0.0000E+00   0.0000E+00   0.0000E+00   0.0000E+00
    39    12   0.0000E+00   0.0000E+00   0.0000E+00   0.0000E+00   0.0000E+00   0.0000E+00
    39    13   0.0000E+00   0.0000E+00   0.0000E+00   0.0000E+00   0.0000E+00   0.0000E+00
    39    14   0.0000E+00   0.0000E+00   0.0000E+00   0.0000E+00   0.0000E+00   0.0000E+00
    39    15   0.0000E+00   0.0000E+00   0.0000E+00   0.0000E+00   0.0000E+00   0.0000E+00
    39    16   0.0000E+00   0.0000E+00   0.0000E+00   0.0000E+00   0.0000E+00   0.0000E+00
    39    17   0.0000E+00   0.0000E+00   0.0000E+00   0.0000E+00   0.0000E+00   0.0000E+00
    39    18   0.0000E+00   0.0000E+00   0.0000E+00   0.0000E+00   0.0000E+00   0.0000E+00
    39    19   0.0000E+00   0.0000E+00   0.0000E+00   0.0000E+00   0.0000E+00   0.0000E+00
    39    20   0.0000E+00   0.0000E+00   0.0000E+00   0.0000E+00   0.0000E+00   0.0000E+00
    39    21   0.0000E+00   0.0000E+00   0.0000E+00   0.0000E+00   0.0000E+00   0.0000E+00
    39    22   0.0000E+00   0.0000E+00   0.0000E+00   0.0000E+00   0.0000E+00   0.0000E+00
    39    23   0.0000E+00   0.0000E+00   0.0000E+00   0.0000E+00   0.0000E+00   0.0000E+00
    39    24   0.0000E+00   0.0000E+00   0.0000E+00   0.0000E+00   0.0000E+00   0.0000E+00
    39    25   2.5213E+16   1.0000E+00   1.0234E-03   1.0000E+00   0.0000E+00   0.0000E+00
    39    26   4.8581E+14   1.0000E+00   9.1686E-06   1.0000E+00   0.0000E+00   0.0000E+00
    39    27   6.4490E+14   1.0000E+00   2.7606E-05   1.0000E+00   0.0000E+00   0.0000E+00
    39    28   0.0000E+00   0.0000E+00   0.0000E+00   0.0000E+00   0.0000E+00   0.0000E+00
    39    29   9.2561E+15   7.2238E-01   2.5148E-04   6.5787E-01   0.0000E+00   0.0000E+00
    39    30   9.9216E+15   7.9053E-01   2.3037E-05   6.8274E-01   0.0000E+00   0.0000E+00
    39    31   2.0414E+16   5.7961E-01   4.1112E-04   6.2053E-01   0.0000E+00   0.0000E+00
    39    32   2.1370E+16   5.5322E-01   2.0837E-04   7.3981E-01   0.0000E+00   0.0000E+00
    40     1   0.0000E+00   0.0000E+00   0.0000E+00   0.0000E+00   0.0000E+00   0.0000E+00
    40     2   0.0000E+00   0.0000E+00   0.0000E+00   0.0000E+00   0.0000E+00   0.0000E+00
    40     3   0.0000E+00   0.0000E+00   0.0000E+00   0.0000E+00   0.0000E+00   0.0000E+00
    40     4   0.0000E+00   0.0000E+00   0.0000E+00   0.0000E+00   0.0000E+00   0.0000E+00
    40     5   0.0000E+00   0.0000E+00   0.0000E+00   0.0000E+00   0.0000E+00   0.0000E+00
    40     6   0.0000E+00   0.0000E+00   0.0000E+00   0.0000E+00   0.0000E+00   0.0000E+00
    40     7   0.0000E+00   0.0000E+00   0.0000E+00   0.0000E+00   0.0000E+00   0.0000E+00
    40     8   0.0000E+00   0.0000E+00   0.0000E+00   0.0000E+00   0.0000E+00   0.0000E+00
    40     9   0.0000E+00   0.0000E+00   0.0000E+00   0.0000E+00   0.0000E+00   0.0000E+00
    40    10   0.0000E+00   0.0000E+00   0.0000E+00   0.0000E+00   0.0000E+00   0.0000E+00
    40    11   0.0000E+00   0.0000E+00   0.0000E+00   0.0000E+00   0.0000E+00   0.0000E+00
    40    12   0.0000E+00   0.0000E+00   0.0000E+00   0.0000E+00   0.0000E+00   0.0000E+00
    40    13   0.0000E+00   0.0000E+00   0.0000E+00   0.0000E+00   0.0000E+00   0.0000E+00
    40    14   0.0000E+00   0.0000E+00   0.0000E+00   0.0000E+00   0.0000E+00   0.0000E+00
    40    15   0.0000E+00   0.0000E+00   0.0000E+00   0.0000E+00   0.0000E+00   0.0000E+00
    40    16   0.0000E+00   0.0000E+00   0.0000E+00   0.0000E+00   0.0000E+00   0.0000E+00
    40    17   0.0000E+00   0.0000E+00   0.0000E+00   0.0000E+00   0.0000E+00   0.0000E+00
    40    18   0.0000E+00   0.0000E+00   0.0000E+00   0.0000E+00   0.0000E+00   0.0000E+00
    40    19   0.0000E+00   0.0000E+00   0.0000E+00   0.0000E+00   0.0000E+00   0.0000E+00
    40    20   0.0000E+00   0.0000E+00   0.0000E+00   0.0000E+00   0.0000E+00   0.0000E+00
    40    21   0.0000E+00   0.0000E+00   0.0000E+00   0.0000E+00   0.0000E+00   0.0000E+00
    40    22   0.0000E+00   0.0000E+00   0.0000E+00   0.0000E+00   0.0000E+00   0.0000E+00
    40    23   4.4958E+15   1.0000E+00   6.7933E-05   1.0000E+00   0.0000E+00   0.0000E+00
    40    24   0.0000E+00   0.0000E+00   0.0000E+00   0.0000E+00   0.0000E+00   0.0000E+00
    40    25   4.5641E+16   6.1462E-01   9.8237E-04   6.3884E-01   0.0000E+00   0.0000E+00
    40    26   1.3446E+16   7.2746E-01   3.0787E-04   7.8914E-01   0.0000E+00   0.0000E+00
    40    27   1.4501E+16   7.3627E-01   2.6950E-04   7.1377E-01   0.0000E+00   0.0000E+00
    40    28   9.9072E+15   6.5701E-01   8.3106E-05   7.1719E-01   0.0000E+00   0.0000E+00
    40    29   1.8224E+16   7.0665E-01   1.0061E-04   7.0138E-01   0.0000E+00   0.0000E+00
    40    30   4.7226E+15   8.2474E-01   2.7013E-05   7.4059E-01   0.0000E+00   0.0000E+00
    40    31   0.0000E+00   0.0000E+00   0.0000E+00   0.0000E+00   0.0000E+00   0.0000E+00
    40    32   2.4867E+15   9.0180E-01   1.4194E-05   9.7139E-01   0.0000E+00   0.0000E+00
    41     1   0.0000E+00   0.0000E+00   0.0000E+00   0.0000E+00   0.0000E+00   0.0000E+00
    41     2   0.0000E+00   0.0000E+00   0.0000E+00   0.0000E+00   0.0000E+00   0.0000E+00
    41     3   0.0000E+00   0.0000E+00   0.0000E+00   0.0000E+00   0.0000E+00   0.0000E+00
    41     4   0.0000E+00   0.0000E+00   0.0000E+00   0.0000E+00   0.0000E+00   0.0000E+00
    41     5   0.0000E+00   0.0000E+00   0.0000E+00   0.0000E+00   0.0000E+00   0.0000E+00
    41     6   0.0000E+00   0.0000E+00   0.0000E+00   0.0000E+00   0.0000E+00   0.0000E+00
    41     7   0.0000E+00   0.0000E+00   0.0000E+00   0.0000E+00   0.0000E+00   0.0000E+00
    41     8   0.0000E+00   0.0000E+00   0.0000E+00   0.0000E+00   0.0000E+00   0.0000E+00
    41     9   0.0000E+00   0.0000E+00   0.0000E+00   0.0000E+00   0.0000E+00   0.0000E+00
    41    10   0.0000E+00   0.0000E+00   0.0000E+00   0.0000E+00   0.0000E+00   0.0000E+00
    41    11   0.0000E+00   0.0000E+00   0.0000E+00   0.0000E+00   0.0000E+00   0.0000E+00
    41    12   0.0000E+00   0.0000E+00   0.0000E+00   0.0000E+00   0.0000E+00   0.0000E+00
    41    13   0.0000E+00   0.0000E+00   0.0000E+00   0.0000E+00   0.0000E+00   0.0000E+00
    41    14   0.0000E+00   0.0000E+00   0.0000E+00   0.0000E+00   0.0000E+00   0.0000E+00
    41    15   0.0000E+00   0.0000E+00   0.0000E+00   0.0000E+00   0.0000E+00   0.0000E+00
    41    16   0.0000E+00   0.0000E+00   0.0000E+00   0.0000E+00   0.0000E+00   0.0000E+00
    41    17   0.0000E+00   0.0000E+00   0.0000E+00   0.0000E+00   0.0000E+00   0.0000E+00
    41    18   0.0000E+00   0.0000E+00   0.0000E+00   0.0000E+00   0.0000E+00   0.0000E+00
    41    19   0.0000E+00   0.0000E+00   0.0000E+00   0.0000E+00   0.0000E+00   0.0000E+00
    41    20   0.0000E+00   0.0000E+00   0.0000E+00   0.0000E+00   0.0000E+00   0.0000E+00
    41    21   6.5044E+16   9.9074E-01   2.0055E-03   9.9470E-01   0.0000E+00   0.0000E+00
    41    22   3.1381E+15   1.0000E+00   4.5222E-05   1.0000E+00   0.0000E+00   0.0000E+00
    41    23   9.2754E+15   7.3497E-01   3.9833E-04   7.0828E-01   0.0000E+00   0.0000E+00
    41    24   7.8641E+15   7.0902E-01   3.3195E-04   7.2119E-01   0.0000E+00   0.0000E+00
    41    25   1.7326E+15   7.9658E-01   1.2159E-05   7.2067E-01   0.0000E+00   0.0000E+00
    41    26   5.4430E+14   7.4552E-01   1.0433E-05   8.8118E-01   0.0000E+00   0.0000E+00
    41    27   0.0000E+00   0.0000E+00   0.0000E+00   0.0000E+00   0.0000E+00   0.0000E+00
    41    28   2.1583E+15   1.0000E+00   4.8789E-06   1.0000E+00   0.0000E+00   0.0000E+00
    41    29   0.0000E+00   0.0000E+00   0.0000E+00   0.0000E+00   0.0000E+00   0.0000E+00
    41    30   0.0000E+00   0.0000E+00   0.0000E+00   0.0000E+00   0.0000E+00   0.0000E+00
    41    31   7.1413E+14   1.0000E+00   9.8659E-06   1.0000E+00   0.0000E+00   0.0000E+00
    41    32   1.4592E+15   7.8714E-01   5.4735E-06   8.3206E-01   0.0000E+00   0.0000E+00
    42     1   6.0047E+16   5.1754E-01   1.4266E-04   5.6370E-01   0.0000E+00   0.0000E+00
    42     2   1.1984E+16   1.0000E+00   4.6962E-05   1.0000E+00   0.0000E+00   0.0000E+00
    42     3   0.0000E+00   0.0000E+00   0.0000E+00   0.0000E+00   0.0000E+00   0.0000E+00
    42     4   1.6944E+16   1.0000E+00   7.3064E-04   1.0000E+00   0.0000E+00   0.0000E+00
    42     5   0.0000E+00   0.0000E+00   0.0000E+00   0.0000E+00   0.0000E+00   0.0000E+00
    42     6   0.0000E+00   0.0000E+00   0.0000E+00   0.0000E+00   0.0000E+00   0.0000E+00
    42     7   0.0000E+00   0.0000E+00   0.0000E+00   0.0000E+00   0.0000E+00   0.0000E+00
    42     8   1.1448E+16   1.0000E+00   4.4838E-04   1.0000E+00   0.0000E+00   0.0000E+00
    42     9   0.0000E+00   0.0000E+00   0.0000E+00   0.0000E+00   0.0000E+00   0.0000E+00
    42    10   0.0000E+00   0.0000E+00   0.0000E+00   0.0000E+00   0.0000E+00   0.0000E+00
    42    11   0.0000E+00   0.0000E+00   0.0000E+00   0.0000E+00   0.0000E+00   0.0000E+00
    42    12   0.0000E+00   0.0000E+00   0.0000E+00   0.0000E+00   0.0000E+00   0.0000E+00
    42    13   0.0000E+00   0.0000E+00   0.0000E+00   0.0000E+00   0.0000E+00   0.0000E+00
    42    14   0.0000E+00   0.0000E+00   0.0000E+00   0.0000E+00   0.0000E+00   0.0000E+00
    42    15   0.0000E+00   0.0000E+00   0.0000E+00   0.0000E+00   0.0000E+00   0.0000E+00
    42    16   0.0000E+00   0.0000E+00   0.0000E+00   0.0000E+00   0.0000E+00   0.0000E+00
    42    17   1.7373E+16   7.0733E-01   7.0103E-04   7.3642E-01   0.0000E+00   0.0000E+00
    42    18   4.9584E+16   1.0000E+00   1.3891E-03   1.0000E+00   0.0000E+00   0.0000E+00
    42    19   2.0706E+16   8.2687E-01   3.7420E-04   8.7262E-01   0.0000E+00   0.0000E+00
    42    20   6.1776E+15   1.0000E+00   2.9512E-04   1.0000E+00   0.0000E+00   0.0000E+00
    42    21   3.1712E+16   1.0000E+00   3.6270E-04   1.0000E+00   0.0000E+00   0.0000E+00
    42    22   6.0851E+15   1.0000E+00   2.9367E-05   1.0000E+00   0.0000E+00   0.0000E+00
    42    23   8.7795E+15   1.0000E+00   4.5562E-05   1.0000E+00   0.0000E+00   0.0000E+00
    42    24   4.7054E+15   1.0000E+00   5.1054E-05   1.0000E+00   0.0000E+00   0.0000E+00
    42    25   0.0000E+00   0.0000E+00   0.0000E+00   0.0000E+00   0.0000E+00   0.0000E+00
    42    26   0.0000E+00   0.0000E+00   0.0000E+00   0.0000E+00   0.0000E+00   0.0000E+00
    42    27   5.7690E+15   1.0000E+00   4.3298E-05   1.0000E+00   0.0000E+00   0.0000E+00
    42    28   6.9618E+15   1.0000E+00   2.9831E-06   1.0000E+00   0.0000E+00   0.0000E+00
    42    29   0.0000E+00   0.0000E+00   0.0000E+00   0.0000E+00   0.0000E+00   0.0000E+00
    42    30   0.0000E+00   0.0000E+00   0.0000E+00   0.0000E+00   0.0000E+00   0.0000E+00
    42    31   0.0000E+00   0.0000E+00   0.0000E+00   0.0000E+00   0.0000E+00   0.0000E+00
    42    32   0.0000E+00   0.0000E+00   0.0000E+00   0.0000E+00   0.0000E+00   0.0000E+00
    43     1   1.5046E+16   6.1102E-01   1.2256E-04   6.9664E-01   0.0000E+00   0.0000E+00
    43     2   1.2766E+16   6.4316E-01   1.0999E-04   7.0994E-01   0.0000E+00   0.0000E+00
    43     3   2.2204E+15   1.0000E+00   2.5157E-05   1.0000E+00   0.0000E+00   0.0000E+00
    43     4   5.4691E+16   8.0777E-01   3.4411E-04   6.5606E-01   0.0000E+00   0.0000E+00
    43     5   1.2642E+16   7.3654E-01   4.4579E-05   7.0318E-01   0.0000E+00   0.0000E+00
    43     6   7.6279E+15   8.6501E-01   2.0617E-04   8.8184E-01   0.0000E+00   0.0000E+00
    43     7   0.0000E+00   0.0000E+00   0.0000E+00   0.0000E+00   0.0000E+00   0.0000E+00
    43     8   6.3811E+16   1.0000E+00   5.4090E-04   1.0000E+00   0.0000E+00   0.0000E+00
    43     9   4.9257E+16   5.7043E-01   5.9087E-04   6.1440E-01   0.0000E+00   0.0000E+00
    43    10   9.2144E+15   7.2368E-01   1.7867E-04   7.6306E-01   0.0000E+00   0.0000E+00
    43    11   8.3605E+15   1.0000E+00   3.1399E-04   1.0000E+00   0.0000E+00   0.0000E+00
    43    12   7.1341E+16   8.1288E-01   1.7167E-03   9.1353E-01   0.0000E+00   0.0000E+00
    43    13   3.8731E+16   6.8922E-01   4.4607E-04   6.8202E-01   0.0000E+00   0.0000E+00
    43    14   0.0000E+00   0.0000E+00   0.0000E+00   0.0000E+00   0.0000E+00   0.0000E+00
    43    15   1.6324E+16   5.8983E-01   4.2141E-04   7.1185E-01   0.0000E+00   0.0000E+00
    43    16   1.0203E+16   9.2878E-01   8.0379E-05   7.0864E-01   0.0000E+00   0.0000E+00
    43    17   1.6562E+16   6.0032E-01   3.3319E-04   8.0724E-01   0.0000E+00   0.0000E+00
    43    18   1.2255E+15   1.0000E+00   3.7695E-05   1.0000E+00   0.0000E+00   0.0000E+00
    43    19   5.3786E+16   9.1488E-01   8.0121E-04   8.1696E-01   0.0000E+00   0.0000E+00
    43    20   2.9797E+16   1.0000E+00   1.3257E-03   1.0000E+00   0.0000E+00   0.0000E+00
    43    21   0.0000E+00   0.0000E+00   0.0000E+00   0.0000E+00   0.0000E+00   0.0000E+00
    43    22   7.1176E+14   1.0000E+00   1.6281E-05   1.0000E+00   0.0000E+00   0.0000E+00
    43    23   0.0000E+00   0.0000E+00   0.0000E+00   0.0000E+00   0.0000E+00   0.0000E+00
    43    24   0.0000E+00   0.0000E+00   0.0000E+00   0.0000E+00   0.0000E+00   0.0000E+00
    43    25   0.0000E+00   0.0000E+00   0.0000E+00   0.0000E+00   0.0000E+00   0.0000E+00
    43    26   0.0000E+00   0.0000E+00   0.0000E+00   0.0000E+00   0.0000E+00   0.0000E+00
    43    27   0.0000E+00   0.0000E+00   0.0000E+00   0.0000E+00   0.0000E+00   0.0000E+00
    43    28   4.4124E+15   1.0000E+00   1.6368E-05   1.0000E+00   0.0000E+00   0.0000E+00
    43    29   0.0000E+00   0.0000E+00   0.0000E+00   0.0000E+00   0.0000E+00   0.0000E+00
    43    30   0.0000E+00   0.0000E+00   0.0000E+00   0.0000E+00   0.0000E+00   0.0000E+00
    43    31   0.0000E+00   0.0000E+00   0.0000E+00   0.0000E+00   0.0000E+00   0.0000E+00
    43    32   0.0000E+00   0.0000E+00   0.0000E+00   0.0000E+00   0.0000E+00   0.0000E+00
    44     1   0.0000E+00   0.0000E+00   0.0000E+00   0.0000E+00   0.0000E+00   0.0000E+00
    44     2   4.0078E+15   1.0000E+00   1.8603E-05   1.0000E+00   0.0000E+00   0.0000E+00
    44     3   0.0000E+00   0.0000E+00   0.0000E+00   0.0000E+00   0.0000E+00   0.0000E+00
    44     4   1.6328E+16   1.0000E+00   4.9600E-05   1.0000E+00   0.0000E+00   0.0000E+00
    44     5   0.0000E+00   0.0000E+00   0.0000E+00   0.0000E+00   0.0000E+00   0.0000E+00
    44     6   5.2814E+15   1.0000E+00   4.6283E-05   1.0000E+00   0.0000E+00   0.0000E+00
    44     7   0.0000E+00   0.0000E+00   0.0000E+00   0.0000E+00   0.0000E+00   0.0000E+00
    44     8   0.0000E+00   0.0000E+00   0.0000E+00   0.0000E+00   0.0000E+00   0.0000E+00
    44     9   1.7550E+16   8.2559E-01   5.7470E-05   7.0872E-01   0.0000E+00   0.0000E+00
    44    10   6.4981E+15   1.0000E+00   2.9689E-05   1.0000E+00   0.0000E+00   0.0000E+00
    44    11   6.9634E+15   1.0000E+00   9.6093E-05   1.0000E+00   0.0000E+00   0.0000E+00
    44    12   0.0000E+00   0.0000E+00   0.0000E+00   0.0000E+00   0.0000E+00   0.0000E+00
    44    13   0.0000E+00   0.0000E+00   0.0000E+00   0.0000E+00   0.0000E+00   0.0000E+00
    44    14   0.0000E+00   0.0000E+00   0.0000E+00   0.0000E+00   0.0000E+00   0.0000E+00
    44    15   1.1160E+16   1.0000E+00   3.9583E-04   1.0000E+00   0.0000E+00   0.0000E+00
    44    16   1.4767E+16   1.0000E+00   5.9736E-05   1.0000E+00   0.0000E+00   0.0000E+00
    44    17   4.7019E+15   9.5515E-01   1.2174E-05   7.6942E-01   0.0000E+00   0.0000E+00
    44    18   6.0542E+15   9.2535E-01   4.0864E-05   7.6904E-01   0.0000E+00   0.0000E+00
    44    19   0.0000E+00   0.0000E+00   0.0000E+00   0.0000E+00   0.0000E+00   0.0000E+00
    44    20   0.0000E+00   0.0000E+00   0.0000E+00   0.0000E+00   0.0000E+00   0.0000E+00
    44    21   0.0000E+00   0.0000E+00   0.0000E+00   0.0000E+00   0.0000E+00   0.0000E+00
    44    22   0.0000E+00   0.0000E+00   0.0000E+00   0.0000E+00   0.0000E+00   0.0000E+00
    44    23   0.0000E+00   0.0000E+00   0.0000E+00   0.0000E+00   0.0000E+00   0.0000E+00
    44    24   0.0000E+00   0.0000E+00   0.0000E+00   0.0000E+00   0.0000E+00   0.0000E+00
    44    25   0.0000E+00   0.0000E+00   0.0000E+00   0.0000E+00   0.0000E+00   0.0000E+00
    44    26   0.0000E+00   0.0000E+00   0.0000E+00   0.0000E+00   0.0000E+00   0.0000E+00
    44    27   0.0000E+00   0.0000E+00   0.0000E+00   0.0000E+00   0.0000E+00   0.0000E+00
    44    28   0.0000E+00   0.0000E+00   0.0000E+00   0.0000E+00   0.0000E+00   0.0000E+00
    44    29   0.0000E+00   0.0000E+00   0.0000E+00   0.0000E+00   0.0000E+00   0.0000E+00
    44    30   0.0000E+00   0.0000E+00   0.0000E+00   0.0000E+00   0.0000E+00   0.0000E+00
    44    31   0.0000E+00   0.0000E+00   0.0000E+00   0.0000E+00   0.0000E+00   0.0000E+00
    44    32   0.0000E+00   0.0000E+00   0.0000E+00   0.0000E+00   0.0000E+00   0.0000E+00
    45     1   0.0000E+00   0.0000E+00   0.0000E+00   0.0000E+00   0.0000E+00   0.0000E+00
    45     2   0.0000E+00   0.0000E+00   0.0000E+00   0.0000E+00   0.0000E+00   0.0000E+00
    45     3   0.0000E+00   0.0000E+00   0.0000E+00   0.0000E+00   0.0000E+00   0.0000E+00
    45     4   0.0000E+00   0.0000E+00   0.0000E+00   0.0000E+00   0.0000E+00   0.0000E+00
    45     5   0.0000E+00   0.0000E+00   0.0000E+00   0.0000E+00   0.0000E+00   0.0000E+00
    45     6   0.0000E+00   0.0000E+00   0.0000E+00   0.0000E+00   0.0000E+00   0.0000E+00
    45     7   0.0000E+00   0.0000E+00   0.0000E+00   0.0000E+00   0.0000E+00   0.0000E+00
    45     8   0.0000E+00   0.0000E+00   0.0000E+00   0.0000E+00   0.0000E+00   0.0000E+00
    45     9   0.0000E+00   0.0000E+00   0.0000E+00   0.0000E+00   0.0000E+00   0.0000E+00
    45    10   3.1317E+15   7.3501E-01   3.3568E-05   8.5100E-01   0.0000E+00   0.0000E+00
    45    11   0.0000E+00   0.0000E+00   0.0000E+00   0.0000E+00   0.0000E+00   0.0000E+00
    45    12   0.0000E+00   0.0000E+00   0.0000E+00   0.0000E+00   0.0000E+00   0.0000E+00
    45    13   4.8865E+15   1.0000E+00   1.5544E-05   1.0000E+00   0.0000E+00   0.0000E+00
    45    14   0.0000E+00   0.0000E+00   0.0000E+00   0.0000E+00   0.0000E+00   0.0000E+00
    45    15   0.0000E+00   0.0000E+00   0.0000E+00   0.0000E+00   0.0000E+00   0.0000E+00
    45    16   0.0000E+00   0.0000E+00   0.0000E+00   0.0000E+00   0.0000E+00   0.0000E+00
    45    17   5.0415E+15   1.0000E+00   4.8677E-05   1.0000E+00   0.0000E+00   0.0000E+00
    45    18   0.0000E+00   0.0000E+00   0.0000E+00   0.0000E+00   0.0000E+00   0.0000E+00
    45    19   0.0000E+00   0.0000E+00   0.0000E+00   0.0000E+00   0.0000E+00   0.0000E+00
    45    20   0.0000E+00   0.0000E+00   0.0000E+00   0.0000E+00   0.0000E+00   0.0000E+00
    45    21   0.0000E+00   0.0000E+00   0.0000E+00   0.0000E+00   0.0000E+00   0.0000E+00
    45    22   0.0000E+00   0.0000E+00   0.0000E+00   0.0000E+00   0.0000E+00   0.0000E+00
    45    23   0.0000E+00   0.0000E+00   0.0000E+00   0.0000E+00   0.0000E+00   0.0000E+00
    45    24   0.0000E+00   0.0000E+00   0.0000E+00   0.0000E+00   0.0000E+00   0.0000E+00
    45    25   0.0000E+00   0.0000E+00   0.0000E+00   0.0000E+00   0.0000E+00   0.0000E+00
    45    26   0.0000E+00   0.0000E+00   0.0000E+00   0.0000E+00   0.0000E+00   0.0000E+00
    45    27   0.0000E+00   0.0000E+00   0.0000E+00   0.0000E+00   0.0000E+00   0.0000E+00
    45    28   0.0000E+00   0.0000E+00   0.0000E+00   0.0000E+00   0.0000E+00   0.0000E+00
    45    29   0.0000E+00   0.0000E+00   0.0000E+00   0.0000E+00   0.0000E+00   0.0000E+00
    45    30   0.0000E+00   0.0000E+00   0.0000E+00   0.0000E+00   0.0000E+00   0.0000E+00
    45    31   0.0000E+00   0.0000E+00   0.0000E+00   0.0000E+00   0.0000E+00   0.0000E+00
    45    32   0.0000E+00   0.0000E+00   0.0000E+00   0.0000E+00   0.0000E+00   0.0000E+00
    46     1   0.0000E+00   0.0000E+00   0.0000E+00   0.0000E+00   0.0000E+00   0.0000E+00
    46     2   0.0000E+00   0.0000E+00   0.0000E+00   0.0000E+00   0.0000E+00   0.0000E+00
    46     3   0.0000E+00   0.0000E+00   0.0000E+00   0.0000E+00   0.0000E+00   0.0000E+00
    46     4   0.0000E+00   0.0000E+00   0.0000E+00   0.0000E+00   0.0000E+00   0.0000E+00
    46     5   0.0000E+00   0.0000E+00   0.0000E+00   0.0000E+00   0.0000E+00   0.0000E+00
    46     6   0.0000E+00   0.0000E+00   0.0000E+00   0.0000E+00   0.0000E+00   0.0000E+00
    46     7   0.0000E+00   0.0000E+00   0.0000E+00   0.0000E+00   0.0000E+00   0.0000E+00
    46     8   0.0000E+00   0.0000E+00   0.0000E+00   0.0000E+00   0.0000E+00   0.0000E+00
    46     9   0.0000E+00   0.0000E+00   0.0000E+00   0.0000E+00   0.0000E+00   0.0000E+00
    46    10   0.0000E+00   0.0000E+00   0.0000E+00   0.0000E+00   0.0000E+00   0.0000E+00
    46    11   0.0000E+00   0.0000E+00   0.0000E+00   0.0000E+00   0.0000E+00   0.0000E+00
    46    12   0.0000E+00   0.0000E+00   0.0000E+00   0.0000E+00   0.0000E+00   0.0000E+00
    46    13   0.0000E+00   0.0000E+00   0.0000E+00   0.0000E+00   0.0000E+00   0.0000E+00
    46    14   0.0000E+00   0.0000E+00   0.0000E+00   0.0000E+00   0.0000E+00   0.0000E+00
    46    15   0.0000E+00   0.0000E+00   0.0000E+00   0.0000E+00   0.0000E+00   0.0000E+00
    46    16   0.0000E+00   0.0000E+00   0.0000E+00   0.0000E+00   0.0000E+00   0.0000E+00
    46    17   0.0000E+00   0.0000E+00   0.0000E+00   0.0000E+00   0.0000E+00   0.0000E+00
    46    18   0.0000E+00   0.0000E+00   0.0000E+00   0.0000E+00   0.0000E+00   0.0000E+00
    46    19   0.0000E+00   0.0000E+00   0.0000E+00   0.0000E+00   0.0000E+00   0.0000E+00
    46    20   0.0000E+00   0.0000E+00   0.0000E+00   0.0000E+00   0.0000E+00   0.0000E+00
    46    21   0.0000E+00   0.0000E+00   0.0000E+00   0.0000E+00   0.0000E+00   0.0000E+00
    46    22   0.0000E+00   0.0000E+00   0.0000E+00   0.0000E+00   0.0000E+00   0.0000E+00
    46    23   0.0000E+00   0.0000E+00   0.0000E+00   0.0000E+00   0.0000E+00   0.0000E+00
    46    24   0.0000E+00   0.0000E+00   0.0000E+00   0.0000E+00   0.0000E+00   0.0000E+00
    46    25   0.0000E+00   0.0000E+00   0.0000E+00   0.0000E+00   0.0000E+00   0.0000E+00
    46    26   0.0000E+00   0.0000E+00   0.0000E+00   0.0000E+00   0.0000E+00   0.0000E+00
    46    27   0.0000E+00   0.0000E+00   0.0000E+00   0.0000E+00   0.0000E+00   0.0000E+00
    46    28   0.0000E+00   0.0000E+00   0.0000E+00   0.0000E+00   0.0000E+00   0.0000E+00
    46    29   0.0000E+00   0.0000E+00   0.0000E+00   0.0000E+00   0.0000E+00   0.0000E+00
    46    30   0.0000E+00   0.0000E+00   0.0000E+00   0.0000E+00   0.0000E+00   0.0000E+00
    46    31   0.0000E+00   0.0000E+00   0.0000E+00   0.0000E+00   0.0000E+00   0.0000E+00
    46    32   0.0000E+00   0.0000E+00   0.0000E+00   0.0000E+00   0.0000E+00   0.0000E+00
    47     1   0.0000E+00   0.0000E+00   0.0000E+00   0.0000E+00   0.0000E+00   0.0000E+00
    47     2   0.0000E+00   0.0000E+00   0.0000E+00   0.0000E+00   0.0000E+00   0.0000E+00
    47     3   0.0000E+00   0.0000E+00   0.0000E+00   0.0000E+00   0.0000E+00   0.0000E+00
    47     4   0.0000E+00   0.0000E+00   0.0000E+00   0.0000E+00   0.0000E+00   0.0000E+00
    47     5   0.0000E+00   0.0000E+00   0.0000E+00   0.0000E+00   0.0000E+00   0.0000E+00
    47     6   0.0000E+00   0.0000E+00   0.0000E+00   0.0000E+00   0.0000E+00   0.0000E+00
    47     7   0.0000E+00   0.0000E+00   0.0000E+00   0.0000E+00   0.0000E+00   0.0000E+00
    47     8   0.0000E+00   0.0000E+00   0.0000E+00   0.0000E+00   0.0000E+00   0.0000E+00
    47     9   0.0000E+00   0.0000E+00   0.0000E+00   0.0000E+00   0.0000E+00   0.0000E+00
    47    10   0.0000E+00   0.0000E+00   0.0000E+00   0.0000E+00   0.0000E+00   0.0000E+00
    47    11   0.0000E+00   0.0000E+00   0.0000E+00   0.0000E+00   0.0000E+00   0.0000E+00
    47    12   0.0000E+00   0.0000E+00   0.0000E+00   0.0000E+00   0.0000E+00   0.0000E+00
    47    13   0.0000E+00   0.0000E+00   0.0000E+00   0.0000E+00   0.0000E+00   0.0000E+00
    47    14   0.0000E+00   0.0000E+00   0.0000E+00   0.0000E+00   0.0000E+00   0.0000E+00
    47    15   0.0000E+00   0.0000E+00   0.0000E+00   0.0000E+00   0.0000E+00   0.0000E+00
    47    16   0.0000E+00   0.0000E+00   0.0000E+00   0.0000E+00   0.0000E+00   0.0000E+00
    47    17   7.1824E+15   1.0000E+00   2.2885E-04   1.0000E+00   0.0000E+00   0.0000E+00
    47    18   0.0000E+00   0.0000E+00   0.0000E+00   0.0000E+00   0.0000E+00   0.0000E+00
    47    19   0.0000E+00   0.0000E+00   0.0000E+00   0.0000E+00   0.0000E+00   0.0000E+00
    47    20   0.0000E+00   0.0000E+00   0.0000E+00   0.0000E+00   0.0000E+00   0.0000E+00
    47    21   0.0000E+00   0.0000E+00   0.0000E+00   0.0000E+00   0.0000E+00   0.0000E+00
    47    22   0.0000E+00   0.0000E+00   0.0000E+00   0.0000E+00   0.0000E+00   0.0000E+00
    47    23   0.0000E+00   0.0000E+00   0.0000E+00   0.0000E+00   0.0000E+00   0.0000E+00
    47    24   0.0000E+00   0.0000E+00   0.0000E+00   0.0000E+00   0.0000E+00   0.0000E+00
    47    25   0.0000E+00   0.0000E+00   0.0000E+00   0.0000E+00   0.0000E+00   0.0000E+00
    47    26   0.0000E+00   0.0000E+00   0.0000E+00   0.0000E+00   0.0000E+00   0.0000E+00
    47    27   0.0000E+00   0.0000E+00   0.0000E+00   0.0000E+00   0.0000E+00   0.0000E+00
    47    28   0.0000E+00   0.0000E+00   0.0000E+00   0.0000E+00   0.0000E+00   0.0000E+00
    47    29   0.0000E+00   0.0000E+00   0.0000E+00   0.0000E+00   0.0000E+00   0.0000E+00
    47    30   0.0000E+00   0.0000E+00   0.0000E+00   0.0000E+00   0.0000E+00   0.0000E+00
    47    31   0.0000E+00   0.0000E+00   0.0000E+00   0.0000E+00   0.0000E+00   0.0000E+00
    47    32   0.0000E+00   0.0000E+00   0.0000E+00   0.0000E+00   0.0000E+00   0.0000E+00
    48     1   0.0000E+00   0.0000E+00   0.0000E+00   0.0000E+00   0.0000E+00   0.0000E+00
    48     2   0.0000E+00   0.0000E+00   0.0000E+00   0.0000E+00   0.0000E+00   0.0000E+00
    48     3   0.0000E+00   0.0000E+00   0.0000E+00   0.0000E+00   0.0000E+00   0.0000E+00
    48     4   0.0000E+00   0.0000E+00   0.0000E+00   0.0000E+00   0.0000E+00   0.0000E+00
    48     5   0.0000E+00   0.0000E+00   0.0000E+00   0.0000E+00   0.0000E+00   0.0000E+00
    48     6   0.0000E+00   0.0000E+00   0.0000E+00   0.0000E+00   0.0000E+00   0.0000E+00
    48     7   0.0000E+00   0.0000E+00   0.0000E+00   0.0000E+00   0.0000E+00   0.0000E+00
    48     8   0.0000E+00   0.0000E+00   0.0000E+00   0.0000E+00   0.0000E+00   0.0000E+00
    48     9   0.0000E+00   0.0000E+00   0.0000E+00   0.0000E+00   0.0000E+00   0.0000E+00
    48    10   0.0000E+00   0.0000E+00   0.0000E+00   0.0000E+00   0.0000E+00   0.0000E+00
    48    11   0.0000E+00   0.0000E+00   0.0000E+00   0.0000E+00   0.0000E+00   0.0000E+00
    48    12   0.0000E+00   0.0000E+00   0.0000E+00   0.0000E+00   0.0000E+00   0.0000E+00
    48    13   0.0000E+00   0.0000E+00   0.0000E+00   0.0000E+00   0.0000E+00   0.0000E+00
    48    14   0.0000E+00   0.0000E+00   0.0000E+00   0.0000E+00   0.0000E+00   0.0000E+00
    48    15   0.0000E+00   0.0000E+00   0.0000E+00   0.0000E+00   0.0000E+00   0.0000E+00
    48    16   0.0000E+00   0.0000E+00   0.0000E+00   0.0000E+00   0.0000E+00   0.0000E+00
    48    17   0.0000E+00   0.0000E+00   0.0000E+00   0.0000E+00   0.0000E+00   0.0000E+00
    48    18   0.0000E+00   0.0000E+00   0.0000E+00   0.0000E+00   0.0000E+00   0.0000E+00
    48    19   0.0000E+00   0.0000E+00   0.0000E+00   0.0000E+00   0.0000E+00   0.0000E+00
    48    20   0.0000E+00   0.0000E+00   0.0000E+00   0.0000E+00   0.0000E+00   0.0000E+00
    48    21   0.0000E+00   0.0000E+00   0.0000E+00   0.0000E+00   0.0000E+00   0.0000E+00
    48    22   0.0000E+00   0.0000E+00   0.0000E+00   0.0000E+00   0.0000E+00   0.0000E+00
    48    23   0.0000E+00   0.0000E+00   0.0000E+00   0.0000E+00   0.0000E+00   0.0000E+00
    48    24   0.0000E+00   0.0000E+00   0.0000E+00   0.0000E+00   0.0000E+00   0.0000E+00
    48    25   0.0000E+00   0.0000E+00   0.0000E+00   0.0000E+00   0.0000E+00   0.0000E+00
    48    26   0.0000E+00   0.0000E+00   0.0000E+00   0.0000E+00   0.0000E+00   0.0000E+00
    48    27   0.0000E+00   0.0000E+00   0.0000E+00   0.0000E+00   0.0000E+00   0.0000E+00
    48    28   0.0000E+00   0.0000E+00   0.0000E+00   0.0000E+00   0.0000E+00   0.0000E+00
    48    29   0.0000E+00   0.0000E+00   0.0000E+00   0.0000E+00   0.0000E+00   0.0000E+00
    48    30   0.0000E+00   0.0000E+00   0.0000E+00   0.0000E+00   0.0000E+00   0.0000E+00
    48    31   0.0000E+00   0.0000E+00   0.0000E+00   0.0000E+00   0.0000E+00   0.0000E+00
    48    32   0.0000E+00   0.0000E+00   0.0000E+00   0.0000E+00   0.0000E+00   0.0000E+00
    49     1   0.0000E+00   0.0000E+00   0.0000E+00   0.0000E+00   0.0000E+00   0.0000E+00
    49     2   0.0000E+00   0.0000E+00   0.0000E+00   0.0000E+00   0.0000E+00   0.0000E+00
    49     3   0.0000E+00   0.0000E+00   0.0000E+00   0.0000E+00   0.0000E+00   0.0000E+00
    49     4   0.0000E+00   0.0000E+00   0.0000E+00   0.0000E+00   0.0000E+00   0.0000E+00
    49     5   0.0000E+00   0.0000E+00   0.0000E+00   0.0000E+00   0.0000E+00   0.0000E+00
    49     6   0.0000E+00   0.0000E+00   0.0000E+00   0.0000E+00   0.0000E+00   0.0000E+00
    49     7   0.0000E+00   0.0000E+00   0.0000E+00   0.0000E+00   0.0000E+00   0.0000E+00
    49     8   0.0000E+00   0.0000E+00   0.0000E+00   0.0000E+00   0.0000E+00   0.0000E+00
    49     9   0.0000E+00   0.0000E+00   0.0000E+00   0.0000E+00   0.0000E+00   0.0000E+00
    49    10   0.0000E+00   0.0000E+00   0.0000E+00   0.0000E+00   0.0000E+00   0.0000E+00
    49    11   0.0000E+00   0.0000E+00   0.0000E+00   0.0000E+00   0.0000E+00   0.0000E+00
    49    12   0.0000E+00   0.0000E+00   0.0000E+00   0.0000E+00   0.0000E+00   0.0000E+00
    49    13   0.0000E+00   0.0000E+00   0.0000E+00   0.0000E+00   0.0000E+00   0.0000E+00
    49    14   0.0000E+00   0.0000E+00   0.0000E+00   0.0000E+00   0.0000E+00   0.0000E+00
    49    15   0.0000E+00   0.0000E+00   0.0000E+00   0.0000E+00   0.0000E+00   0.0000E+00
    49    16   0.0000E+00   0.0000E+00   0.0000E+00   0.0000E+00   0.0000E+00   0.0000E+00
    49    17   0.0000E+00   0.0000E+00   0.0000E+00   0.0000E+00   0.0000E+00   0.0000E+00
    49    18   0.0000E+00   0.0000E+00   0.0000E+00   0.0000E+00   0.0000E+00   0.0000E+00
    49    19   0.0000E+00   0.0000E+00   0.0000E+00   0.0000E+00   0.0000E+00   0.0000E+00
    49    20   0.0000E+00   0.0000E+00   0.0000E+00   0.0000E+00   0.0000E+00   0.0000E+00
    49    21   0.0000E+00   0.0000E+00   0.0000E+00   0.0000E+00   0.0000E+00   0.0000E+00
    49    22   0.0000E+00   0.0000E+00   0.0000E+00   0.0000E+00   0.0000E+00   0.0000E+00
    49    23   0.0000E+00   0.0000E+00   0.0000E+00   0.0000E+00   0.0000E+00   0.0000E+00
    49    24   0.0000E+00   0.0000E+00   0.0000E+00   0.0000E+00   0.0000E+00   0.0000E+00
    49    25   0.0000E+00   0.0000E+00   0.0000E+00   0.0000E+00   0.0000E+00   0.0000E+00
    49    26   0.0000E+00   0.0000E+00   0.0000E+00   0.0000E+00   0.0000E+00   0.0000E+00
    49    27   0.0000E+00   0.0000E+00   0.0000E+00   0.0000E+00   0.0000E+00   0.0000E+00
    49    28   0.0000E+00   0.0000E+00   0.0000E+00   0.0000E+00   0.0000E+00   0.0000E+00
    49    29   0.0000E+00   0.0000E+00   0.0000E+00   0.0000E+00   0.0000E+00   0.0000E+00
    49    30   0.0000E+00   0.0000E+00   0.0000E+00   0.0000E+00   0.0000E+00   0.0000E+00
    49    31   0.0000E+00   0.0000E+00   0.0000E+00   0.0000E+00   0.0000E+00   0.0000E+00
    49    32   0.0000E+00   0.0000E+00   0.0000E+00   0.0000E+00   0.0000E+00   0.0000E+00
    50     1   0.0000E+00   0.0000E+00   0.0000E+00   0.0000E+00   0.0000E+00   0.0000E+00
    50     2   0.0000E+00   0.0000E+00   0.0000E+00   0.0000E+00   0.0000E+00   0.0000E+00
    50     3   0.0000E+00   0.0000E+00   0.0000E+00   0.0000E+00   0.0000E+00   0.0000E+00
    50     4   0.0000E+00   0.0000E+00   0.0000E+00   0.0000E+00   0.0000E+00   0.0000E+00
    50     5   0.0000E+00   0.0000E+00   0.0000E+00   0.0000E+00   0.0000E+00   0.0000E+00
    50     6   0.0000E+00   0.0000E+00   0.0000E+00   0.0000E+00   0.0000E+00   0.0000E+00
    50     7   0.0000E+00   0.0000E+00   0.0000E+00   0.0000E+00   0.0000E+00   0.0000E+00
    50     8   0.0000E+00   0.0000E+00   0.0000E+00   0.0000E+00   0.0000E+00   0.0000E+00
    50     9   0.0000E+00   0.0000E+00   0.0000E+00   0.0000E+00   0.0000E+00   0.0000E+00
    50    10   0.0000E+00   0.0000E+00   0.0000E+00   0.0000E+00   0.0000E+00   0.0000E+00
    50    11   0.0000E+00   0.0000E+00   0.0000E+00   0.0000E+00   0.0000E+00   0.0000E+00
    50    12   0.0000E+00   0.0000E+00   0.0000E+00   0.0000E+00   0.0000E+00   0.0000E+00
    50    13   0.0000E+00   0.0000E+00   0.0000E+00   0.0000E+00   0.0000E+00   0.0000E+00
    50    14   0.0000E+00   0.0000E+00   0.0000E+00   0.0000E+00   0.0000E+00   0.0000E+00
    50    15   0.0000E+00   0.0000E+00   0.0000E+00   0.0000E+00   0.0000E+00   0.0000E+00
    50    16   0.0000E+00   0.0000E+00   0.0000E+00   0.0000E+00   0.0000E+00   0.0000E+00
    50    17   0.0000E+00   0.0000E+00   0.0000E+00   0.0000E+00   0.0000E+00   0.0000E+00
    50    18   0.0000E+00   0.0000E+00   0.0000E+00   0.0000E+00   0.0000E+00   0.0000E+00
    50    19   0.0000E+00   0.0000E+00   0.0000E+00   0.0000E+00   0.0000E+00   0.0000E+00
    50    20   0.0000E+00   0.0000E+00   0.0000E+00   0.0000E+00   0.0000E+00   0.0000E+00
    50    21   0.0000E+00   0.0000E+00   0.0000E+00   0.0000E+00   0.0000E+00   0.0000E+00
    50    22   0.0000E+00   0.0000E+00   0.0000E+00   0.0000E+00   0.0000E+00   0.0000E+00
    50    23   0.0000E+00   0.0000E+00   0.0000E+00   0.0000E+00   0.0000E+00   0.0000E+00
    50    24   0.0000E+00   0.0000E+00   0.0000E+00   0.0000E+00   0.0000E+00   0.0000E+00
    50    25   0.0000E+00   0.0000E+00   0.0000E+00   0.0000E+00   0.0000E+00   0.0000E+00
    50    26   0.0000E+00   0.0000E+00   0.0000E+00   0.0000E+00   0.0000E+00   0.0000E+00
    50    27   0.0000E+00   0.0000E+00   0.0000E+00   0.0000E+00   0.0000E+00   0.0000E+00
    50    28   0.0000E+00   0.0000E+00   0.0000E+00   0.0000E+00   0.0000E+00   0.0000E+00
    50    29   0.0000E+00   0.0000E+00   0.0000E+00   0.0000E+00   0.0000E+00   0.0000E+00
    50    30   0.0000E+00   0.0000E+00   0.0000E+00   0.0000E+00   0.0000E+00   0.0000E+00
    50    31   0.0000E+00   0.0000E+00   0.0000E+00   0.0000E+00   0.0000E+00   0.0000E+00
    50    32   0.0000E+00   0.0000E+00   0.0000E+00   0.0000E+00   0.0000E+00   0.0000E+00
    51     1   0.0000E+00   0.0000E+00   0.0000E+00   0.0000E+00   0.0000E+00   0.0000E+00
    51     2   0.0000E+00   0.0000E+00   0.0000E+00   0.0000E+00   0.0000E+00   0.0000E+00
    51     3   0.0000E+00   0.0000E+00   0.0000E+00   0.0000E+00   0.0000E+00   0.0000E+00
    51     4   0.0000E+00   0.0000E+00   0.0000E+00   0.0000E+00   0.0000E+00   0.0000E+00
    51     5   0.0000E+00   0.0000E+00   0.0000E+00   0.0000E+00   0.0000E+00   0.0000E+00
    51     6   0.0000E+00   0.0000E+00   0.0000E+00   0.0000E+00   0.0000E+00   0.0000E+00
    51     7   0.0000E+00   0.0000E+00   0.0000E+00   0.0000E+00   0.0000E+00   0.0000E+00
    51     8   0.0000E+00   0.0000E+00   0.0000E+00   0.0000E+00   0.0000E+00   0.0000E+00
    51     9   0.0000E+00   0.0000E+00   0.0000E+00   0.0000E+00   0.0000E+00   0.0000E+00
    51    10   0.0000E+00   0.0000E+00   0.0000E+00   0.0000E+00   0.0000E+00   0.0000E+00
    51    11   0.0000E+00   0.0000E+00   0.0000E+00   0.0000E+00   0.0000E+00   0.0000E+00
    51    12   0.0000E+00   0.0000E+00   0.0000E+00   0.0000E+00   0.0000E+00   0.0000E+00
    51    13   0.0000E+00   0.0000E+00   0.0000E+00   0.0000E+00   0.0000E+00   0.0000E+00
    51    14   0.0000E+00   0.0000E+00   0.0000E+00   0.0000E+00   0.0000E+00   0.0000E+00
    51    15   0.0000E+00   0.0000E+00   0.0000E+00   0.0000E+00   0.0000E+00   0.0000E+00
    51    16   0.0000E+00   0.0000E+00   0.0000E+00   0.0000E+00   0.0000E+00   0.0000E+00
    51    17   0.0000E+00   0.0000E+00   0.0000E+00   0.0000E+00   0.0000E+00   0.0000E+00
    51    18   0.0000E+00   0.0000E+00   0.0000E+00   0.0000E+00   0.0000E+00   0.0000E+00
    51    19   0.0000E+00   0.0000E+00   0.0000E+00   0.0000E+00   0.0000E+00   0.0000E+00
    51    20   0.0000E+00   0.0000E+00   0.0000E+00   0.0000E+00   0.0000E+00   0.0000E+00
    51    21   0.0000E+00   0.0000E+00   0.0000E+00   0.0000E+00   0.0000E+00   0.0000E+00
    51    22   0.0000E+00   0.0000E+00   0.0000E+00   0.0000E+00   0.0000E+00   0.0000E+00
    51    23   0.0000E+00   0.0000E+00   0.0000E+00   0.0000E+00   0.0000E+00   0.0000E+00
    51    24   0.0000E+00   0.0000E+00   0.0000E+00   0.0000E+00   0.0000E+00   0.0000E+00
    51    25   0.0000E+00   0.0000E+00   0.0000E+00   0.0000E+00   0.0000E+00   0.0000E+00
    51    26   0.0000E+00   0.0000E+00   0.0000E+00   0.0000E+00   0.0000E+00   0.0000E+00
    51    27   0.0000E+00   0.0000E+00   0.0000E+00   0.0000E+00   0.0000E+00   0.0000E+00
    51    28   0.0000E+00   0.0000E+00   0.0000E+00   0.0000E+00   0.0000E+00   0.0000E+00
    51    29   0.0000E+00   0.0000E+00   0.0000E+00   0.0000E+00   0.0000E+00   0.0000E+00
    51    30   0.0000E+00   0.0000E+00   0.0000E+00   0.0000E+00   0.0000E+00   0.0000E+00
    51    31   0.0000E+00   0.0000E+00   0.0000E+00   0.0000E+00   0.0000E+00   0.0000E+00
    51    32   0.0000E+00   0.0000E+00   0.0000E+00   0.0000E+00   0.0000E+00   0.0000E+00
    52     1   0.0000E+00   0.0000E+00   0.0000E+00   0.0000E+00   0.0000E+00   0.0000E+00
    52     2   0.0000E+00   0.0000E+00   0.0000E+00   0.0000E+00   0.0000E+00   0.0000E+00
    52     3   0.0000E+00   0.0000E+00   0.0000E+00   0.0000E+00   0.0000E+00   0.0000E+00
    52     4   0.0000E+00   0.0000E+00   0.0000E+00   0.0000E+00   0.0000E+00   0.0000E+00
    52     5   0.0000E+00   0.0000E+00   0.0000E+00   0.0000E+00   0.0000E+00   0.0000E+00
    52     6   0.0000E+00   0.0000E+00   0.0000E+00   0.0000E+00   0.0000E+00   0.0000E+00
    52     7   0.0000E+00   0.0000E+00   0.0000E+00   0.0000E+00   0.0000E+00   0.0000E+00
    52     8   0.0000E+00   0.0000E+00   0.0000E+00   0.0000E+00   0.0000E+00   0.0000E+00
    52     9   0.0000E+00   0.0000E+00   0.0000E+00   0.0000E+00   0.0000E+00   0.0000E+00
    52    10   0.0000E+00   0.0000E+00   0.0000E+00   0.0000E+00   0.0000E+00   0.0000E+00
    52    11   0.0000E+00   0.0000E+00   0.0000E+00   0.0000E+00   0.0000E+00   0.0000E+00
    52    12   0.0000E+00   0.0000E+00   0.0000E+00   0.0000E+00   0.0000E+00   0.0000E+00
    52    13   0.0000E+00   0.0000E+00   0.0000E+00   0.0000E+00   0.0000E+00   0.0000E+00
    52    14   0.0000E+00   0.0000E+00   0.0000E+00   0.0000E+00   0.0000E+00   0.0000E+00
    52    15   0.0000E+00   0.0000E+00   0.0000E+00   0.0000E+00   0.0000E+00   0.0000E+00
    52    16   0.0000E+00   0.0000E+00   0.0000E+00   0.0000E+00   0.0000E+00   0.0000E+00
    52    17   0.0000E+00   0.0000E+00   0.0000E+00   0.0000E+00   0.0000E+00   0.0000E+00
    52    18   0.0000E+00   0.0000E+00   0.0000E+00   0.0000E+00   0.0000E+00   0.0000E+00
    52    19   0.0000E+00   0.0000E+00   0.0000E+00   0.0000E+00   0.0000E+00   0.0000E+00
    52    20   0.0000E+00   0.0000E+00   0.0000E+00   0.0000E+00   0.0000E+00   0.0000E+00
    52    21   0.0000E+00   0.0000E+00   0.0000E+00   0.0000E+00   0.0000E+00   0.0000E+00
    52    22   0.0000E+00   0.0000E+00   0.0000E+00   0.0000E+00   0.0000E+00   0.0000E+00
    52    23   0.0000E+00   0.0000E+00   0.0000E+00   0.0000E+00   0.0000E+00   0.0000E+00
    52    24   0.0000E+00   0.0000E+00   0.0000E+00   0.0000E+00   0.0000E+00   0.0000E+00
    52    25   0.0000E+00   0.0000E+00   0.0000E+00   0.0000E+00   0.0000E+00   0.0000E+00
    52    26   0.0000E+00   0.0000E+00   0.0000E+00   0.0000E+00   0.0000E+00   0.0000E+00
    52    27   0.0000E+00   0.0000E+00   0.0000E+00   0.0000E+00   0.0000E+00   0.0000E+00
    52    28   0.0000E+00   0.0000E+00   0.0000E+00   0.0000E+00   0.0000E+00   0.0000E+00
    52    29   0.0000E+00   0.0000E+00   0.0000E+00   0.0000E+00   0.0000E+00   0.0000E+00
    52    30   0.0000E+00   0.0000E+00   0.0000E+00   0.0000E+00   0.0000E+00   0.0000E+00
    52    31   0.0000E+00   0.0000E+00   0.0000E+00   0.0000E+00   0.0000E+00   0.0000E+00
    52    32   0.0000E+00   0.0000E+00   0.0000E+00   0.0000E+00   0.0000E+00   0.0000E+00
    53     1   0.0000E+00   0.0000E+00   0.0000E+00   0.0000E+00   0.0000E+00   0.0000E+00
    53     2   0.0000E+00   0.0000E+00   0.0000E+00   0.0000E+00   0.0000E+00   0.0000E+00
    53     3   0.0000E+00   0.0000E+00   0.0000E+00   0.0000E+00   0.0000E+00   0.0000E+00
    53     4   0.0000E+00   0.0000E+00   0.0000E+00   0.0000E+00   0.0000E+00   0.0000E+00
    53     5   0.0000E+00   0.0000E+00   0.0000E+00   0.0000E+00   0.0000E+00   0.0000E+00
    53     6   0.0000E+00   0.0000E+00   0.0000E+00   0.0000E+00   0.0000E+00   0.0000E+00
    53     7   0.0000E+00   0.0000E+00   0.0000E+00   0.0000E+00   0.0000E+00   0.0000E+00
    53     8   0.0000E+00   0.0000E+00   0.0000E+00   0.0000E+00   0.0000E+00   0.0000E+00
    53     9   0.0000E+00   0.0000E+00   0.0000E+00   0.0000E+00   0.0000E+00   0.0000E+00
    53    10   0.0000E+00   0.0000E+00   0.0000E+00   0.0000E+00   0.0000E+00   0.0000E+00
    53    11   0.0000E+00   0.0000E+00   0.0000E+00   0.0000E+00   0.0000E+00   0.0000E+00
    53    12   0.0000E+00   0.0000E+00   0.0000E+00   0.0000E+00   0.0000E+00   0.0000E+00
    53    13   0.0000E+00   0.0000E+00   0.0000E+00   0.0000E+00   0.0000E+00   0.0000E+00
    53    14   0.0000E+00   0.0000E+00   0.0000E+00   0.0000E+00   0.0000E+00   0.0000E+00
    53    15   0.0000E+00   0.0000E+00   0.0000E+00   0.0000E+00   0.0000E+00   0.0000E+00
    53    16   0.0000E+00   0.0000E+00   0.0000E+00   0.0000E+00   0.0000E+00   0.0000E+00
    53    17   0.0000E+00   0.0000E+00   0.0000E+00   0.0000E+00   0.0000E+00   0.0000E+00
    53    18   0.0000E+00   0.0000E+00   0.0000E+00   0.0000E+00   0.0000E+00   0.0000E+00
    53    19   0.0000E+00   0.0000E+00   0.0000E+00   0.0000E+00   0.0000E+00   0.0000E+00
    53    20   0.0000E+00   0.0000E+00   0.0000E+00   0.0000E+00   0.0000E+00   0.0000E+00
    53    21   0.0000E+00   0.0000E+00   0.0000E+00   0.0000E+00   0.0000E+00   0.0000E+00
    53    22   0.0000E+00   0.0000E+00   0.0000E+00   0.0000E+00   0.0000E+00   0.0000E+00
    53    23   0.0000E+00   0.0000E+00   0.0000E+00   0.0000E+00   0.0000E+00   0.0000E+00
    53    24   0.0000E+00   0.0000E+00   0.0000E+00   0.0000E+00   0.0000E+00   0.0000E+00
    53    25   0.0000E+00   0.0000E+00   0.0000E+00   0.0000E+00   0.0000E+00   0.0000E+00
    53    26   0.0000E+00   0.0000E+00   0.0000E+00   0.0000E+00   0.0000E+00   0.0000E+00
    53    27   0.0000E+00   0.0000E+00   0.0000E+00   0.0000E+00   0.0000E+00   0.0000E+00
    53    28   0.0000E+00   0.0000E+00   0.0000E+00   0.0000E+00   0.0000E+00   0.0000E+00
    53    29   0.0000E+00   0.0000E+00   0.0000E+00   0.0000E+00   0.0000E+00   0.0000E+00
    53    30   0.0000E+00   0.0000E+00   0.0000E+00   0.0000E+00   0.0000E+00   0.0000E+00
    53    31   0.0000E+00   0.0000E+00   0.0000E+00   0.0000E+00   0.0000E+00   0.0000E+00
    53    32   0.0000E+00   0.0000E+00   0.0000E+00   0.0000E+00   0.0000E+00   0.0000E+00
    54     1   0.0000E+00   0.0000E+00   0.0000E+00   0.0000E+00   0.0000E+00   0.0000E+00
    54     2   0.0000E+00   0.0000E+00   0.0000E+00   0.0000E+00   0.0000E+00   0.0000E+00
    54     3   0.0000E+00   0.0000E+00   0.0000E+00   0.0000E+00   0.0000E+00   0.0000E+00
    54     4   0.0000E+00   0.0000E+00   0.0000E+00   0.0000E+00   0.0000E+00   0.0000E+00
    54     5   0.0000E+00   0.0000E+00   0.0000E+00   0.0000E+00   0.0000E+00   0.0000E+00
    54     6   0.0000E+00   0.0000E+00   0.0000E+00   0.0000E+00   0.0000E+00   0.0000E+00
    54     7   0.0000E+00   0.0000E+00   0.0000E+00   0.0000E+00   0.0000E+00   0.0000E+00
    54     8   0.0000E+00   0.0000E+00   0.0000E+00   0.0000E+00   0.0000E+00   0.0000E+00
    54     9   0.0000E+00   0.0000E+00   0.0000E+00   0.0000E+00   0.0000E+00   0.0000E+00
    54    10   0.0000E+00   0.0000E+00   0.0000E+00   0.0000E+00   0.0000E+00   0.0000E+00
    54    11   0.0000E+00   0.0000E+00   0.0000E+00   0.0000E+00   0.0000E+00   0.0000E+00
    54    12   0.0000E+00   0.0000E+00   0.0000E+00   0.0000E+00   0.0000E+00   0.0000E+00
    54    13   0.0000E+00   0.0000E+00   0.0000E+00   0.0000E+00   0.0000E+00   0.0000E+00
    54    14   0.0000E+00   0.0000E+00   0.0000E+00   0.0000E+00   0.0000E+00   0.0000E+00
    54    15   0.0000E+00   0.0000E+00   0.0000E+00   0.0000E+00   0.0000E+00   0.0000E+00
    54    16   0.0000E+00   0.0000E+00   0.0000E+00   0.0000E+00   0.0000E+00   0.0000E+00
    54    17   0.0000E+00   0.0000E+00   0.0000E+00   0.0000E+00   0.0000E+00   0.0000E+00
    54    18   0.0000E+00   0.0000E+00   0.0000E+00   0.0000E+00   0.0000E+00   0.0000E+00
    54    19   0.0000E+00   0.0000E+00   0.0000E+00   0.0000E+00   0.0000E+00   0.0000E+00
    54    20   0.0000E+00   0.0000E+00   0.0000E+00   0.0000E+00   0.0000E+00   0.0000E+00
    54    21   0.0000E+00   0.0000E+00   0.0000E+00   0.0000E+00   0.0000E+00   0.0000E+00
    54    22   0.0000E+00   0.0000E+00   0.0000E+00   0.0000E+00   0.0000E+00   0.0000E+00
    54    23   0.0000E+00   0.0000E+00   0.0000E+00   0.0000E+00   0.0000E+00   0.0000E+00
    54    24   0.0000E+00   0.0000E+00   0.0000E+00   0.0000E+00   0.0000E+00   0.0000E+00
    54    25   0.0000E+00   0.0000E+00   0.0000E+00   0.0000E+00   0.0000E+00   0.0000E+00
    54    26   0.0000E+00   0.0000E+00   0.0000E+00   0.0000E+00   0.0000E+00   0.0000E+00
    54    27   0.0000E+00   0.0000E+00   0.0000E+00   0.0000E+00   0.0000E+00   0.0000E+00
    54    28   0.0000E+00   0.0000E+00   0.0000E+00   0.0000E+00   0.0000E+00   0.0000E+00
    54    29   0.0000E+00   0.0000E+00   0.0000E+00   0.0000E+00   0.0000E+00   0.0000E+00
    54    30   0.0000E+00   0.0000E+00   0.0000E+00   0.0000E+00   0.0000E+00   0.0000E+00
    54    31   0.0000E+00   0.0000E+00   0.0000E+00   0.0000E+00   0.0000E+00   0.0000E+00
    54    32   0.0000E+00   0.0000E+00   0.0000E+00   0.0000E+00   0.0000E+00   0.0000E+00
    55     1   0.0000E+00   0.0000E+00   0.0000E+00   0.0000E+00   0.0000E+00   0.0000E+00
    55     2   0.0000E+00   0.0000E+00   0.0000E+00   0.0000E+00   0.0000E+00   0.0000E+00
    55     3   0.0000E+00   0.0000E+00   0.0000E+00   0.0000E+00   0.0000E+00   0.0000E+00
    55     4   0.0000E+00   0.0000E+00   0.0000E+00   0.0000E+00   0.0000E+00   0.0000E+00
    55     5   0.0000E+00   0.0000E+00   0.0000E+00   0.0000E+00   0.0000E+00   0.0000E+00
    55     6   0.0000E+00   0.0000E+00   0.0000E+00   0.0000E+00   0.0000E+00   0.0000E+00
    55     7   0.0000E+00   0.0000E+00   0.0000E+00   0.0000E+00   0.0000E+00   0.0000E+00
    55     8   0.0000E+00   0.0000E+00   0.0000E+00   0.0000E+00   0.0000E+00   0.0000E+00
    55     9   0.0000E+00   0.0000E+00   0.0000E+00   0.0000E+00   0.0000E+00   0.0000E+00
    55    10   0.0000E+00   0.0000E+00   0.0000E+00   0.0000E+00   0.0000E+00   0.0000E+00
    55    11   0.0000E+00   0.0000E+00   0.0000E+00   0.0000E+00   0.0000E+00   0.0000E+00
    55    12   0.0000E+00   0.0000E+00   0.0000E+00   0.0000E+00   0.0000E+00   0.0000E+00
    55    13   0.0000E+00   0.0000E+00   0.0000E+00   0.0000E+00   0.0000E+00   0.0000E+00
    55    14   0.0000E+00   0.0000E+00   0.0000E+00   0.0000E+00   0.0000E+00   0.0000E+00
    55    15   0.0000E+00   0.0000E+00   0.0000E+00   0.0000E+00   0.0000E+00   0.0000E+00
    55    16   0.0000E+00   0.0000E+00   0.0000E+00   0.0000E+00   0.0000E+00   0.0000E+00
    55    17   0.0000E+00   0.0000E+00   0.0000E+00   0.0000E+00   0.0000E+00   0.0000E+00
    55    18   0.0000E+00   0.0000E+00   0.0000E+00   0.0000E+00   0.0000E+00   0.0000E+00
    55    19   0.0000E+00   0.0000E+00   0.0000E+00   0.0000E+00   0.0000E+00   0.0000E+00
    55    20   0.0000E+00   0.0000E+00   0.0000E+00   0.0000E+00   0.0000E+00   0.0000E+00
    55    21   0.0000E+00   0.0000E+00   0.0000E+00   0.0000E+00   0.0000E+00   0.0000E+00
    55    22   0.0000E+00   0.0000E+00   0.0000E+00   0.0000E+00   0.0000E+00   0.0000E+00
    55    23   0.0000E+00   0.0000E+00   0.0000E+00   0.0000E+00   0.0000E+00   0.0000E+00
    55    24   0.0000E+00   0.0000E+00   0.0000E+00   0.0000E+00   0.0000E+00   0.0000E+00
    55    25   0.0000E+00   0.0000E+00   0.0000E+00   0.0000E+00   0.0000E+00   0.0000E+00
    55    26   0.0000E+00   0.0000E+00   0.0000E+00   0.0000E+00   0.0000E+00   0.0000E+00
    55    27   0.0000E+00   0.0000E+00   0.0000E+00   0.0000E+00   0.0000E+00   0.0000E+00
    55    28   0.0000E+00   0.0000E+00   0.0000E+00   0.0000E+00   0.0000E+00   0.0000E+00
    55    29   0.0000E+00   0.0000E+00   0.0000E+00   0.0000E+00   0.0000E+00   0.0000E+00
    55    30   0.0000E+00   0.0000E+00   0.0000E+00   0.0000E+00   0.0000E+00   0.0000E+00
    55    31   0.0000E+00   0.0000E+00   0.0000E+00   0.0000E+00   0.0000E+00   0.0000E+00
    55    32   0.0000E+00   0.0000E+00   0.0000E+00   0.0000E+00   0.0000E+00   0.0000E+00
    56     1   0.0000E+00   0.0000E+00   0.0000E+00   0.0000E+00   0.0000E+00   0.0000E+00
    56     2   0.0000E+00   0.0000E+00   0.0000E+00   0.0000E+00   0.0000E+00   0.0000E+00
    56     3   0.0000E+00   0.0000E+00   0.0000E+00   0.0000E+00   0.0000E+00   0.0000E+00
    56     4   0.0000E+00   0.0000E+00   0.0000E+00   0.0000E+00   0.0000E+00   0.0000E+00
    56     5   0.0000E+00   0.0000E+00   0.0000E+00   0.0000E+00   0.0000E+00   0.0000E+00
    56     6   0.0000E+00   0.0000E+00   0.0000E+00   0.0000E+00   0.0000E+00   0.0000E+00
    56     7   0.0000E+00   0.0000E+00   0.0000E+00   0.0000E+00   0.0000E+00   0.0000E+00
    56     8   0.0000E+00   0.0000E+00   0.0000E+00   0.0000E+00   0.0000E+00   0.0000E+00
    56     9   0.0000E+00   0.0000E+00   0.0000E+00   0.0000E+00   0.0000E+00   0.0000E+00
    56    10   0.0000E+00   0.0000E+00   0.0000E+00   0.0000E+00   0.0000E+00   0.0000E+00
    56    11   0.0000E+00   0.0000E+00   0.0000E+00   0.0000E+00   0.0000E+00   0.0000E+00
    56    12   0.0000E+00   0.0000E+00   0.0000E+00   0.0000E+00   0.0000E+00   0.0000E+00
    56    13   0.0000E+00   0.0000E+00   0.0000E+00   0.0000E+00   0.0000E+00   0.0000E+00
    56    14   0.0000E+00   0.0000E+00   0.0000E+00   0.0000E+00   0.0000E+00   0.0000E+00
    56    15   0.0000E+00   0.0000E+00   0.0000E+00   0.0000E+00   0.0000E+00   0.0000E+00
    56    16   0.0000E+00   0.0000E+00   0.0000E+00   0.0000E+00   0.0000E+00   0.0000E+00
    56    17   0.0000E+00   0.0000E+00   0.0000E+00   0.0000E+00   0.0000E+00   0.0000E+00
    56    18   0.0000E+00   0.0000E+00   0.0000E+00   0.0000E+00   0.0000E+00   0.0000E+00
    56    19   0.0000E+00   0.0000E+00   0.0000E+00   0.0000E+00   0.0000E+00   0.0000E+00
    56    20   0.0000E+00   0.0000E+00   0.0000E+00   0.0000E+00   0.0000E+00   0.0000E+00
    56    21   0.0000E+00   0.0000E+00   0.0000E+00   0.0000E+00   0.0000E+00   0.0000E+00
    56    22   0.0000E+00   0.0000E+00   0.0000E+00   0.0000E+00   0.0000E+00   0.0000E+00
    56    23   0.0000E+00   0.0000E+00   0.0000E+00   0.0000E+00   0.0000E+00   0.0000E+00
    56    24   0.0000E+00   0.0000E+00   0.0000E+00   0.0000E+00   0.0000E+00   0.0000E+00
    56    25   0.0000E+00   0.0000E+00   0.0000E+00   0.0000E+00   0.0000E+00   0.0000E+00
    56    26   0.0000E+00   0.0000E+00   0.0000E+00   0.0000E+00   0.0000E+00   0.0000E+00
    56    27   0.0000E+00   0.0000E+00   0.0000E+00   0.0000E+00   0.0000E+00   0.0000E+00
    56    28   0.0000E+00   0.0000E+00   0.0000E+00   0.0000E+00   0.0000E+00   0.0000E+00
    56    29   0.0000E+00   0.0000E+00   0.0000E+00   0.0000E+00   0.0000E+00   0.0000E+00
    56    30   0.0000E+00   0.0000E+00   0.0000E+00   0.0000E+00   0.0000E+00   0.0000E+00
    56    31   0.0000E+00   0.0000E+00   0.0000E+00   0.0000E+00   0.0000E+00   0.0000E+00
    56    32   0.0000E+00   0.0000E+00   0.0000E+00   0.0000E+00   0.0000E+00   0.0000E+00
    57     1   0.0000E+00   0.0000E+00   0.0000E+00   0.0000E+00   0.0000E+00   0.0000E+00
    57     2   0.0000E+00   0.0000E+00   0.0000E+00   0.0000E+00   0.0000E+00   0.0000E+00
    57     3   0.0000E+00   0.0000E+00   0.0000E+00   0.0000E+00   0.0000E+00   0.0000E+00
    57     4   0.0000E+00   0.0000E+00   0.0000E+00   0.0000E+00   0.0000E+00   0.0000E+00
    57     5   0.0000E+00   0.0000E+00   0.0000E+00   0.0000E+00   0.0000E+00   0.0000E+00
    57     6   0.0000E+00   0.0000E+00   0.0000E+00   0.0000E+00   0.0000E+00   0.0000E+00
    57     7   0.0000E+00   0.0000E+00   0.0000E+00   0.0000E+00   0.0000E+00   0.0000E+00
    57     8   0.0000E+00   0.0000E+00   0.0000E+00   0.0000E+00   0.0000E+00   0.0000E+00
    57     9   0.0000E+00   0.0000E+00   0.0000E+00   0.0000E+00   0.0000E+00   0.0000E+00
    57    10   0.0000E+00   0.0000E+00   0.0000E+00   0.0000E+00   0.0000E+00   0.0000E+00
    57    11   0.0000E+00   0.0000E+00   0.0000E+00   0.0000E+00   0.0000E+00   0.0000E+00
    57    12   0.0000E+00   0.0000E+00   0.0000E+00   0.0000E+00   0.0000E+00   0.0000E+00
    57    13   0.0000E+00   0.0000E+00   0.0000E+00   0.0000E+00   0.0000E+00   0.0000E+00
    57    14   0.0000E+00   0.0000E+00   0.0000E+00   0.0000E+00   0.0000E+00   0.0000E+00
    57    15   0.0000E+00   0.0000E+00   0.0000E+00   0.0000E+00   0.0000E+00   0.0000E+00
    57    16   0.0000E+00   0.0000E+00   0.0000E+00   0.0000E+00   0.0000E+00   0.0000E+00
    57    17   0.0000E+00   0.0000E+00   0.0000E+00   0.0000E+00   0.0000E+00   0.0000E+00
    57    18   0.0000E+00   0.0000E+00   0.0000E+00   0.0000E+00   0.0000E+00   0.0000E+00
    57    19   0.0000E+00   0.0000E+00   0.0000E+00   0.0000E+00   0.0000E+00   0.0000E+00
    57    20   0.0000E+00   0.0000E+00   0.0000E+00   0.0000E+00   0.0000E+00   0.0000E+00
    57    21   0.0000E+00   0.0000E+00   0.0000E+00   0.0000E+00   0.0000E+00   0.0000E+00
    57    22   0.0000E+00   0.0000E+00   0.0000E+00   0.0000E+00   0.0000E+00   0.0000E+00
    57    23   0.0000E+00   0.0000E+00   0.0000E+00   0.0000E+00   0.0000E+00   0.0000E+00
    57    24   0.0000E+00   0.0000E+00   0.0000E+00   0.0000E+00   0.0000E+00   0.0000E+00
    57    25   0.0000E+00   0.0000E+00   0.0000E+00   0.0000E+00   0.0000E+00   0.0000E+00
    57    26   0.0000E+00   0.0000E+00   0.0000E+00   0.0000E+00   0.0000E+00   0.0000E+00
    57    27   0.0000E+00   0.0000E+00   0.0000E+00   0.0000E+00   0.0000E+00   0.0000E+00
    57    28   0.0000E+00   0.0000E+00   0.0000E+00   0.0000E+00   0.0000E+00   0.0000E+00
    57    29   0.0000E+00   0.0000E+00   0.0000E+00   0.0000E+00   0.0000E+00   0.0000E+00
    57    30   0.0000E+00   0.0000E+00   0.0000E+00   0.0000E+00   0.0000E+00   0.0000E+00
    57    31   0.0000E+00   0.0000E+00   0.0000E+00   0.0000E+00   0.0000E+00   0.0000E+00
    57    32   0.0000E+00   0.0000E+00   0.0000E+00   0.0000E+00   0.0000E+00   0.0000E+00
    58     1   0.0000E+00   0.0000E+00   0.0000E+00   0.0000E+00   0.0000E+00   0.0000E+00
    58     2   0.0000E+00   0.0000E+00   0.0000E+00   0.0000E+00   0.0000E+00   0.0000E+00
    58     3   0.0000E+00   0.0000E+00   0.0000E+00   0.0000E+00   0.0000E+00   0.0000E+00
    58     4   0.0000E+00   0.0000E+00   0.0000E+00   0.0000E+00   0.0000E+00   0.0000E+00
    58     5   0.0000E+00   0.0000E+00   0.0000E+00   0.0000E+00   0.0000E+00   0.0000E+00
    58     6   0.0000E+00   0.0000E+00   0.0000E+00   0.0000E+00   0.0000E+00   0.0000E+00
    58     7   0.0000E+00   0.0000E+00   0.0000E+00   0.0000E+00   0.0000E+00   0.0000E+00
    58     8   0.0000E+00   0.0000E+00   0.0000E+00   0.0000E+00   0.0000E+00   0.0000E+00
    58     9   0.0000E+00   0.0000E+00   0.0000E+00   0.0000E+00   0.0000E+00   0.0000E+00
    58    10   0.0000E+00   0.0000E+00   0.0000E+00   0.0000E+00   0.0000E+00   0.0000E+00
    58    11   0.0000E+00   0.0000E+00   0.0000E+00   0.0000E+00   0.0000E+00   0.0000E+00
    58    12   0.0000E+00   0.0000E+00   0.0000E+00   0.0000E+00   0.0000E+00   0.0000E+00
    58    13   0.0000E+00   0.0000E+00   0.0000E+00   0.0000E+00   0.0000E+00   0.0000E+00
    58    14   0.0000E+00   0.0000E+00   0.0000E+00   0.0000E+00   0.0000E+00   0.0000E+00
    58    15   0.0000E+00   0.0000E+00   0.0000E+00   0.0000E+00   0.0000E+00   0.0000E+00
    58    16   0.0000E+00   0.0000E+00   0.0000E+00   0.0000E+00   0.0000E+00   0.0000E+00
    58    17   0.0000E+00   0.0000E+00   0.0000E+00   0.0000E+00   0.0000E+00   0.0000E+00
    58    18   0.0000E+00   0.0000E+00   0.0000E+00   0.0000E+00   0.0000E+00   0.0000E+00
    58    19   0.0000E+00   0.0000E+00   0.0000E+00   0.0000E+00   0.0000E+00   0.0000E+00
    58    20   0.0000E+00   0.0000E+00   0.0000E+00   0.0000E+00   0.0000E+00   0.0000E+00
    58    21   0.0000E+00   0.0000E+00   0.0000E+00   0.0000E+00   0.0000E+00   0.0000E+00
    58    22   0.0000E+00   0.0000E+00   0.0000E+00   0.0000E+00   0.0000E+00   0.0000E+00
    58    23   0.0000E+00   0.0000E+00   0.0000E+00   0.0000E+00   0.0000E+00   0.0000E+00
    58    24   0.0000E+00   0.0000E+00   0.0000E+00   0.0000E+00   0.0000E+00   0.0000E+00
    58    25   0.0000E+00   0.0000E+00   0.0000E+00   0.0000E+00   0.0000E+00   0.0000E+00
    58    26   0.0000E+00   0.0000E+00   0.0000E+00   0.0000E+00   0.0000E+00   0.0000E+00
    58    27   0.0000E+00   0.0000E+00   0.0000E+00   0.0000E+00   0.0000E+00   0.0000E+00
    58    28   0.0000E+00   0.0000E+00   0.0000E+00   0.0000E+00   0.0000E+00   0.0000E+00
    58    29   0.0000E+00   0.0000E+00   0.0000E+00   0.0000E+00   0.0000E+00   0.0000E+00
    58    30   0.0000E+00   0.0000E+00   0.0000E+00   0.0000E+00   0.0000E+00   0.0000E+00
    58    31   0.0000E+00   0.0000E+00   0.0000E+00   0.0000E+00   0.0000E+00   0.0000E+00
    58    32   0.0000E+00   0.0000E+00   0.0000E+00   0.0000E+00   0.0000E+00   0.0000E+00
    59     1   0.0000E+00   0.0000E+00   0.0000E+00   0.0000E+00   0.0000E+00   0.0000E+00
    59     2   0.0000E+00   0.0000E+00   0.0000E+00   0.0000E+00   0.0000E+00   0.0000E+00
    59     3   0.0000E+00   0.0000E+00   0.0000E+00   0.0000E+00   0.0000E+00   0.0000E+00
    59     4   0.0000E+00   0.0000E+00   0.0000E+00   0.0000E+00   0.0000E+00   0.0000E+00
    59     5   0.0000E+00   0.0000E+00   0.0000E+00   0.0000E+00   0.0000E+00   0.0000E+00
    59     6   0.0000E+00   0.0000E+00   0.0000E+00   0.0000E+00   0.0000E+00   0.0000E+00
    59     7   0.0000E+00   0.0000E+00   0.0000E+00   0.0000E+00   0.0000E+00   0.0000E+00
    59     8   0.0000E+00   0.0000E+00   0.0000E+00   0.0000E+00   0.0000E+00   0.0000E+00
    59     9   0.0000E+00   0.0000E+00   0.0000E+00   0.0000E+00   0.0000E+00   0.0000E+00
    59    10   0.0000E+00   0.0000E+00   0.0000E+00   0.0000E+00   0.0000E+00   0.0000E+00
    59    11   0.0000E+00   0.0000E+00   0.0000E+00   0.0000E+00   0.0000E+00   0.0000E+00
    59    12   0.0000E+00   0.0000E+00   0.0000E+00   0.0000E+00   0.0000E+00   0.0000E+00
    59    13   0.0000E+00   0.0000E+00   0.0000E+00   0.0000E+00   0.0000E+00   0.0000E+00
    59    14   0.0000E+00   0.0000E+00   0.0000E+00   0.0000E+00   0.0000E+00   0.0000E+00
    59    15   0.0000E+00   0.0000E+00   0.0000E+00   0.0000E+00   0.0000E+00   0.0000E+00
    59    16   0.0000E+00   0.0000E+00   0.0000E+00   0.0000E+00   0.0000E+00   0.0000E+00
    59    17   0.0000E+00   0.0000E+00   0.0000E+00   0.0000E+00   0.0000E+00   0.0000E+00
    59    18   0.0000E+00   0.0000E+00   0.0000E+00   0.0000E+00   0.0000E+00   0.0000E+00
    59    19   0.0000E+00   0.0000E+00   0.0000E+00   0.0000E+00   0.0000E+00   0.0000E+00
    59    20   0.0000E+00   0.0000E+00   0.0000E+00   0.0000E+00   0.0000E+00   0.0000E+00
    59    21   0.0000E+00   0.0000E+00   0.0000E+00   0.0000E+00   0.0000E+00   0.0000E+00
    59    22   0.0000E+00   0.0000E+00   0.0000E+00   0.0000E+00   0.0000E+00   0.0000E+00
    59    23   0.0000E+00   0.0000E+00   0.0000E+00   0.0000E+00   0.0000E+00   0.0000E+00
    59    24   0.0000E+00   0.0000E+00   0.0000E+00   0.0000E+00   0.0000E+00   0.0000E+00
    59    25   0.0000E+00   0.0000E+00   0.0000E+00   0.0000E+00   0.0000E+00   0.0000E+00
    59    26   0.0000E+00   0.0000E+00   0.0000E+00   0.0000E+00   0.0000E+00   0.0000E+00
    59    27   0.0000E+00   0.0000E+00   0.0000E+00   0.0000E+00   0.0000E+00   0.0000E+00
    59    28   0.0000E+00   0.0000E+00   0.0000E+00   0.0000E+00   0.0000E+00   0.0000E+00
    59    29   0.0000E+00   0.0000E+00   0.0000E+00   0.0000E+00   0.0000E+00   0.0000E+00
    59    30   0.0000E+00   0.0000E+00   0.0000E+00   0.0000E+00   0.0000E+00   0.0000E+00
    59    31   0.0000E+00   0.0000E+00   0.0000E+00   0.0000E+00   0.0000E+00   0.0000E+00
    59    32   0.0000E+00   0.0000E+00   0.0000E+00   0.0000E+00   0.0000E+00   0.0000E+00
    60     1   0.0000E+00   0.0000E+00   0.0000E+00   0.0000E+00   0.0000E+00   0.0000E+00
    60     2   0.0000E+00   0.0000E+00   0.0000E+00   0.0000E+00   0.0000E+00   0.0000E+00
    60     3   0.0000E+00   0.0000E+00   0.0000E+00   0.0000E+00   0.0000E+00   0.0000E+00
    60     4   0.0000E+00   0.0000E+00   0.0000E+00   0.0000E+00   0.0000E+00   0.0000E+00
    60     5   0.0000E+00   0.0000E+00   0.0000E+00   0.0000E+00   0.0000E+00   0.0000E+00
    60     6   0.0000E+00   0.0000E+00   0.0000E+00   0.0000E+00   0.0000E+00   0.0000E+00
    60     7   0.0000E+00   0.0000E+00   0.0000E+00   0.0000E+00   0.0000E+00   0.0000E+00
    60     8   0.0000E+00   0.0000E+00   0.0000E+00   0.0000E+00   0.0000E+00   0.0000E+00
    60     9   0.0000E+00   0.0000E+00   0.0000E+00   0.0000E+00   0.0000E+00   0.0000E+00
    60    10   0.0000E+00   0.0000E+00   0.0000E+00   0.0000E+00   0.0000E+00   0.0000E+00
    60    11   0.0000E+00   0.0000E+00   0.0000E+00   0.0000E+00   0.0000E+00   0.0000E+00
    60    12   0.0000E+00   0.0000E+00   0.0000E+00   0.0000E+00   0.0000E+00   0.0000E+00
    60    13   0.0000E+00   0.0000E+00   0.0000E+00   0.0000E+00   0.0000E+00   0.0000E+00
    60    14   0.0000E+00   0.0000E+00   0.0000E+00   0.0000E+00   0.0000E+00   0.0000E+00
    60    15   0.0000E+00   0.0000E+00   0.0000E+00   0.0000E+00   0.0000E+00   0.0000E+00
    60    16   0.0000E+00   0.0000E+00   0.0000E+00   0.0000E+00   0.0000E+00   0.0000E+00
    60    17   0.0000E+00   0.0000E+00   0.0000E+00   0.0000E+00   0.0000E+00   0.0000E+00
    60    18   0.0000E+00   0.0000E+00   0.0000E+00   0.0000E+00   0.0000E+00   0.0000E+00
    60    19   0.0000E+00   0.0000E+00   0.0000E+00   0.0000E+00   0.0000E+00   0.0000E+00
    60    20   0.0000E+00   0.0000E+00   0.0000E+00   0.0000E+00   0.0000E+00   0.0000E+00
    60    21   0.0000E+00   0.0000E+00   0.0000E+00   0.0000E+00   0.0000E+00   0.0000E+00
    60    22   0.0000E+00   0.0000E+00   0.0000E+00   0.0000E+00   0.0000E+00   0.0000E+00
    60    23   0.0000E+00   0.0000E+00   0.0000E+00   0.0000E+00   0.0000E+00   0.0000E+00
    60    24   0.0000E+00   0.0000E+00   0.0000E+00   0.0000E+00   0.0000E+00   0.0000E+00
    60    25   0.0000E+00   0.0000E+00   0.0000E+00   0.0000E+00   0.0000E+00   0.0000E+00
    60    26   0.0000E+00   0.0000E+00   0.0000E+00   0.0000E+00   0.0000E+00   0.0000E+00
    60    27   0.0000E+00   0.0000E+00   0.0000E+00   0.0000E+00   0.0000E+00   0.0000E+00
    60    28   0.0000E+00   0.0000E+00   0.0000E+00   0.0000E+00   0.0000E+00   0.0000E+00
    60    29   0.0000E+00   0.0000E+00   0.0000E+00   0.0000E+00   0.0000E+00   0.0000E+00
    60    30   0.0000E+00   0.0000E+00   0.0000E+00   0.0000E+00   0.0000E+00   0.0000E+00
    60    31   0.0000E+00   0.0000E+00   0.0000E+00   0.0000E+00   0.0000E+00   0.0000E+00
    60    32   0.0000E+00   0.0000E+00   0.0000E+00   0.0000E+00   0.0000E+00   0.0000E+00
    61     1   0.0000E+00   0.0000E+00   0.0000E+00   0.0000E+00   0.0000E+00   0.0000E+00
    61     2   0.0000E+00   0.0000E+00   0.0000E+00   0.0000E+00   0.0000E+00   0.0000E+00
    61     3   0.0000E+00   0.0000E+00   0.0000E+00   0.0000E+00   0.0000E+00   0.0000E+00
    61     4   0.0000E+00   0.0000E+00   0.0000E+00   0.0000E+00   0.0000E+00   0.0000E+00
    61     5   0.0000E+00   0.0000E+00   0.0000E+00   0.0000E+00   0.0000E+00   0.0000E+00
    61     6   0.0000E+00   0.0000E+00   0.0000E+00   0.0000E+00   0.0000E+00   0.0000E+00
    61     7   0.0000E+00   0.0000E+00   0.0000E+00   0.0000E+00   0.0000E+00   0.0000E+00
    61     8   0.0000E+00   0.0000E+00   0.0000E+00   0.0000E+00   0.0000E+00   0.0000E+00
    61     9   0.0000E+00   0.0000E+00   0.0000E+00   0.0000E+00   0.0000E+00   0.0000E+00
    61    10   0.0000E+00   0.0000E+00   0.0000E+00   0.0000E+00   0.0000E+00   0.0000E+00
    61    11   0.0000E+00   0.0000E+00   0.0000E+00   0.0000E+00   0.0000E+00   0.0000E+00
    61    12   0.0000E+00   0.0000E+00   0.0000E+00   0.0000E+00   0.0000E+00   0.0000E+00
    61    13   0.0000E+00   0.0000E+00   0.0000E+00   0.0000E+00   0.0000E+00   0.0000E+00
    61    14   0.0000E+00   0.0000E+00   0.0000E+00   0.0000E+00   0.0000E+00   0.0000E+00
    61    15   0.0000E+00   0.0000E+00   0.0000E+00   0.0000E+00   0.0000E+00   0.0000E+00
    61    16   0.0000E+00   0.0000E+00   0.0000E+00   0.0000E+00   0.0000E+00   0.0000E+00
    61    17   0.0000E+00   0.0000E+00   0.0000E+00   0.0000E+00   0.0000E+00   0.0000E+00
    61    18   0.0000E+00   0.0000E+00   0.0000E+00   0.0000E+00   0.0000E+00   0.0000E+00
    61    19   0.0000E+00   0.0000E+00   0.0000E+00   0.0000E+00   0.0000E+00   0.0000E+00
    61    20   0.0000E+00   0.0000E+00   0.0000E+00   0.0000E+00   0.0000E+00   0.0000E+00
    61    21   0.0000E+00   0.0000E+00   0.0000E+00   0.0000E+00   0.0000E+00   0.0000E+00
    61    22   0.0000E+00   0.0000E+00   0.0000E+00   0.0000E+00   0.0000E+00   0.0000E+00
    61    23   0.0000E+00   0.0000E+00   0.0000E+00   0.0000E+00   0.0000E+00   0.0000E+00
    61    24   0.0000E+00   0.0000E+00   0.0000E+00   0.0000E+00   0.0000E+00   0.0000E+00
    61    25   0.0000E+00   0.0000E+00   0.0000E+00   0.0000E+00   0.0000E+00   0.0000E+00
    61    26   0.0000E+00   0.0000E+00   0.0000E+00   0.0000E+00   0.0000E+00   0.0000E+00
    61    27   0.0000E+00   0.0000E+00   0.0000E+00   0.0000E+00   0.0000E+00   0.0000E+00
    61    28   0.0000E+00   0.0000E+00   0.0000E+00   0.0000E+00   0.0000E+00   0.0000E+00
    61    29   0.0000E+00   0.0000E+00   0.0000E+00   0.0000E+00   0.0000E+00   0.0000E+00
    61    30   0.0000E+00   0.0000E+00   0.0000E+00   0.0000E+00   0.0000E+00   0.0000E+00
    61    31   0.0000E+00   0.0000E+00   0.0000E+00   0.0000E+00   0.0000E+00   0.0000E+00
    61    32   0.0000E+00   0.0000E+00   0.0000E+00   0.0000E+00   0.0000E+00   0.0000E+00
    62     1   0.0000E+00   0.0000E+00   0.0000E+00   0.0000E+00   0.0000E+00   0.0000E+00
    62     2   0.0000E+00   0.0000E+00   0.0000E+00   0.0000E+00   0.0000E+00   0.0000E+00
    62     3   0.0000E+00   0.0000E+00   0.0000E+00   0.0000E+00   0.0000E+00   0.0000E+00
    62     4   0.0000E+00   0.0000E+00   0.0000E+00   0.0000E+00   0.0000E+00   0.0000E+00
    62     5   0.0000E+00   0.0000E+00   0.0000E+00   0.0000E+00   0.0000E+00   0.0000E+00
    62     6   0.0000E+00   0.0000E+00   0.0000E+00   0.0000E+00   0.0000E+00   0.0000E+00
    62     7   0.0000E+00   0.0000E+00   0.0000E+00   0.0000E+00   0.0000E+00   0.0000E+00
    62     8   0.0000E+00   0.0000E+00   0.0000E+00   0.0000E+00   0.0000E+00   0.0000E+00
    62     9   0.0000E+00   0.0000E+00   0.0000E+00   0.0000E+00   0.0000E+00   0.0000E+00
    62    10   0.0000E+00   0.0000E+00   0.0000E+00   0.0000E+00   0.0000E+00   0.0000E+00
    62    11   0.0000E+00   0.0000E+00   0.0000E+00   0.0000E+00   0.0000E+00   0.0000E+00
    62    12   0.0000E+00   0.0000E+00   0.0000E+00   0.0000E+00   0.0000E+00   0.0000E+00
    62    13   0.0000E+00   0.0000E+00   0.0000E+00   0.0000E+00   0.0000E+00   0.0000E+00
    62    14   0.0000E+00   0.0000E+00   0.0000E+00   0.0000E+00   0.0000E+00   0.0000E+00
    62    15   0.0000E+00   0.0000E+00   0.0000E+00   0.0000E+00   0.0000E+00   0.0000E+00
    62    16   0.0000E+00   0.0000E+00   0.0000E+00   0.0000E+00   0.0000E+00   0.0000E+00
    62    17   0.0000E+00   0.0000E+00   0.0000E+00   0.0000E+00   0.0000E+00   0.0000E+00
    62    18   0.0000E+00   0.0000E+00   0.0000E+00   0.0000E+00   0.0000E+00   0.0000E+00
    62    19   0.0000E+00   0.0000E+00   0.0000E+00   0.0000E+00   0.0000E+00   0.0000E+00
    62    20   0.0000E+00   0.0000E+00   0.0000E+00   0.0000E+00   0.0000E+00   0.0000E+00
    62    21   0.0000E+00   0.0000E+00   0.0000E+00   0.0000E+00   0.0000E+00   0.0000E+00
    62    22   0.0000E+00   0.0000E+00   0.0000E+00   0.0000E+00   0.0000E+00   0.0000E+00
    62    23   0.0000E+00   0.0000E+00   0.0000E+00   0.0000E+00   0.0000E+00   0.0000E+00
    62    24   0.0000E+00   0.0000E+00   0.0000E+00   0.0000E+00   0.0000E+00   0.0000E+00
    62    25   0.0000E+00   0.0000E+00   0.0000E+00   0.0000E+00   0.0000E+00   0.0000E+00
    62    26   0.0000E+00   0.0000E+00   0.0000E+00   0.0000E+00   0.0000E+00   0.0000E+00
    62    27   0.0000E+00   0.0000E+00   0.0000E+00   0.0000E+00   0.0000E+00   0.0000E+00
    62    28   0.0000E+00   0.0000E+00   0.0000E+00   0.0000E+00   0.0000E+00   0.0000E+00
    62    29   0.0000E+00   0.0000E+00   0.0000E+00   0.0000E+00   0.0000E+00   0.0000E+00
    62    30   0.0000E+00   0.0000E+00   0.0000E+00   0.0000E+00   0.0000E+00   0.0000E+00
    62    31   0.0000E+00   0.0000E+00   0.0000E+00   0.0000E+00   0.0000E+00   0.0000E+00
    62    32   0.0000E+00   0.0000E+00   0.0000E+00   0.0000E+00   0.0000E+00   0.0000E+00
    63     1   0.0000E+00   0.0000E+00   0.0000E+00   0.0000E+00   0.0000E+00   0.0000E+00
    63     2   0.0000E+00   0.0000E+00   0.0000E+00   0.0000E+00   0.0000E+00   0.0000E+00
    63     3   0.0000E+00   0.0000E+00   0.0000E+00   0.0000E+00   0.0000E+00   0.0000E+00
    63     4   0.0000E+00   0.0000E+00   0.0000E+00   0.0000E+00   0.0000E+00   0.0000E+00
    63     5   0.0000E+00   0.0000E+00   0.0000E+00   0.0000E+00   0.0000E+00   0.0000E+00
    63     6   0.0000E+00   0.0000E+00   0.0000E+00   0.0000E+00   0.0000E+00   0.0000E+00
    63     7   0.0000E+00   0.0000E+00   0.0000E+00   0.0000E+00   0.0000E+00   0.0000E+00
    63     8   0.0000E+00   0.0000E+00   0.0000E+00   0.0000E+00   0.0000E+00   0.0000E+00
    63     9   0.0000E+00   0.0000E+00   0.0000E+00   0.0000E+00   0.0000E+00   0.0000E+00
    63    10   0.0000E+00   0.0000E+00   0.0000E+00   0.0000E+00   0.0000E+00   0.0000E+00
    63    11   0.0000E+00   0.0000E+00   0.0000E+00   0.0000E+00   0.0000E+00   0.0000E+00
    63    12   0.0000E+00   0.0000E+00   0.0000E+00   0.0000E+00   0.0000E+00   0.0000E+00
    63    13   0.0000E+00   0.0000E+00   0.0000E+00   0.0000E+00   0.0000E+00   0.0000E+00
    63    14   0.0000E+00   0.0000E+00   0.0000E+00   0.0000E+00   0.0000E+00   0.0000E+00
    63    15   0.0000E+00   0.0000E+00   0.0000E+00   0.0000E+00   0.0000E+00   0.0000E+00
    63    16   0.0000E+00   0.0000E+00   0.0000E+00   0.0000E+00   0.0000E+00   0.0000E+00
    63    17   0.0000E+00   0.0000E+00   0.0000E+00   0.0000E+00   0.0000E+00   0.0000E+00
    63    18   0.0000E+00   0.0000E+00   0.0000E+00   0.0000E+00   0.0000E+00   0.0000E+00
    63    19   0.0000E+00   0.0000E+00   0.0000E+00   0.0000E+00   0.0000E+00   0.0000E+00
    63    20   0.0000E+00   0.0000E+00   0.0000E+00   0.0000E+00   0.0000E+00   0.0000E+00
    63    21   0.0000E+00   0.0000E+00   0.0000E+00   0.0000E+00   0.0000E+00   0.0000E+00
    63    22   0.0000E+00   0.0000E+00   0.0000E+00   0.0000E+00   0.0000E+00   0.0000E+00
    63    23   0.0000E+00   0.0000E+00   0.0000E+00   0.0000E+00   0.0000E+00   0.0000E+00
    63    24   0.0000E+00   0.0000E+00   0.0000E+00   0.0000E+00   0.0000E+00   0.0000E+00
    63    25   0.0000E+00   0.0000E+00   0.0000E+00   0.0000E+00   0.0000E+00   0.0000E+00
    63    26   0.0000E+00   0.0000E+00   0.0000E+00   0.0000E+00   0.0000E+00   0.0000E+00
    63    27   0.0000E+00   0.0000E+00   0.0000E+00   0.0000E+00   0.0000E+00   0.0000E+00
    63    28   0.0000E+00   0.0000E+00   0.0000E+00   0.0000E+00   0.0000E+00   0.0000E+00
    63    29   0.0000E+00   0.0000E+00   0.0000E+00   0.0000E+00   0.0000E+00   0.0000E+00
    63    30   0.0000E+00   0.0000E+00   0.0000E+00   0.0000E+00   0.0000E+00   0.0000E+00
    63    31   0.0000E+00   0.0000E+00   0.0000E+00   0.0000E+00   0.0000E+00   0.0000E+00
    63    32   0.0000E+00   0.0000E+00   0.0000E+00   0.0000E+00   0.0000E+00   0.0000E+00
    64     1   0.0000E+00   0.0000E+00   0.0000E+00   0.0000E+00   0.0000E+00   0.0000E+00
    64     2   0.0000E+00   0.0000E+00   0.0000E+00   0.0000E+00   0.0000E+00   0.0000E+00
    64     3   0.0000E+00   0.0000E+00   0.0000E+00   0.0000E+00   0.0000E+00   0.0000E+00
    64     4   0.0000E+00   0.0000E+00   0.0000E+00   0.0000E+00   0.0000E+00   0.0000E+00
    64     5   0.0000E+00   0.0000E+00   0.0000E+00   0.0000E+00   0.0000E+00   0.0000E+00
    64     6   0.0000E+00   0.0000E+00   0.0000E+00   0.0000E+00   0.0000E+00   0.0000E+00
    64     7   0.0000E+00   0.0000E+00   0.0000E+00   0.0000E+00   0.0000E+00   0.0000E+00
    64     8   0.0000E+00   0.0000E+00   0.0000E+00   0.0000E+00   0.0000E+00   0.0000E+00
    64     9   0.0000E+00   0.0000E+00   0.0000E+00   0.0000E+00   0.0000E+00   0.0000E+00
    64    10   0.0000E+00   0.0000E+00   0.0000E+00   0.0000E+00   0.0000E+00   0.0000E+00
    64    11   0.0000E+00   0.0000E+00   0.0000E+00   0.0000E+00   0.0000E+00   0.0000E+00
    64    12   0.0000E+00   0.0000E+00   0.0000E+00   0.0000E+00   0.0000E+00   0.0000E+00
    64    13   0.0000E+00   0.0000E+00   0.0000E+00   0.0000E+00   0.0000E+00   0.0000E+00
    64    14   0.0000E+00   0.0000E+00   0.0000E+00   0.0000E+00   0.0000E+00   0.0000E+00
    64    15   0.0000E+00   0.0000E+00   0.0000E+00   0.0000E+00   0.0000E+00   0.0000E+00
    64    16   0.0000E+00   0.0000E+00   0.0000E+00   0.0000E+00   0.0000E+00   0.0000E+00
    64    17   0.0000E+00   0.0000E+00   0.0000E+00   0.0000E+00   0.0000E+00   0.0000E+00
    64    18   0.0000E+00   0.0000E+00   0.0000E+00   0.0000E+00   0.0000E+00   0.0000E+00
    64    19   0.0000E+00   0.0000E+00   0.0000E+00   0.0000E+00   0.0000E+00   0.0000E+00
    64    20   0.0000E+00   0.0000E+00   0.0000E+00   0.0000E+00   0.0000E+00   0.0000E+00
    64    21   0.0000E+00   0.0000E+00   0.0000E+00   0.0000E+00   0.0000E+00   0.0000E+00
    64    22   0.0000E+00   0.0000E+00   0.0000E+00   0.0000E+00   0.0000E+00   0.0000E+00
    64    23   0.0000E+00   0.0000E+00   0.0000E+00   0.0000E+00   0.0000E+00   0.0000E+00
    64    24   0.0000E+00   0.0000E+00   0.0000E+00   0.0000E+00   0.0000E+00   0.0000E+00
    64    25   0.0000E+00   0.0000E+00   0.0000E+00   0.0000E+00   0.0000E+00   0.0000E+00
    64    26   0.0000E+00   0.0000E+00   0.0000E+00   0.0000E+00   0.0000E+00   0.0000E+00
    64    27   0.0000E+00   0.0000E+00   0.0000E+00   0.0000E+00   0.0000E+00   0.0000E+00
    64    28   0.0000E+00   0.0000E+00   0.0000E+00   0.0000E+00   0.0000E+00   0.0000E+00
    64    29   0.0000E+00   0.0000E+00   0.0000E+00   0.0000E+00   0.0000E+00   0.0000E+00
    64    30   0.0000E+00   0.0000E+00   0.0000E+00   0.0000E+00   0.0000E+00   0.0000E+00
    64    31   0.0000E+00   0.0000E+00   0.0000E+00   0.0000E+00   0.0000E+00   0.0000E+00
    64    32   0.0000E+00   0.0000E+00   0.0000E+00   0.0000E+00   0.0000E+00   0.0000E+00
