     3.8423053713891D+15   -1.9789411175347D+15   -1.9792084839250D+15
    -1.9796154147645D+15   -1.9801681489971D+15    5.7957264478603D+15
     6.4814623468821D+15   -1.9827932814158D+15   -1.9840327925117D+15
     8.2491396568934D+15   -1.9871623720221D+15   -1.9890966861683D+15
     4.5218475951992D+15   -1.9938285848555D+15   -1.9966714742760D+15
    -1.9998395266695D+15   -2.0032943064175D+15   -2.0069250925695D+15
     2.4506386396805D+15   -2.0138043771752D+15   -1.2424289581918D+16
     9.6542379249391D+14   -1.1073467622206D+16   -1.0687835723407D+16
    -1.0409706401234D+16   -1.0212775137315D+16    2.0260899559090D+16
    -1.0018763098299D+16   -1.0016420496429D+16   -1.0079294124124D+16
    -6.2915903528151D+15    3.2446051563425D+16    2.9995920729051D+16
     1.6347722092864D+17    2.3921516391882D+17    5.5729578905596D+17
     9.5904013493323D+17    2.4733341983710D+18    4.7100600405932D+18
     1.0820202309846D+19    2.8493441520146D+19    6.0808642428590D+19
     5.1185715420099D+19    1.3474071911772D+19   -2.0640587395372D+18
    -1.0098293942142D+19   -1.4796415189847D+19   -1.7076271970063D+19
    -1.7609121299623D+19   -1.7120380601154D+19   -1.6247984342858D+19
    -1.5135961390944D+19   -1.3987407109541D+19   -1.2873286484593D+19
    -1.1832078390704D+19   -1.0873654724327D+19   -9.9914230491069D+18
    -9.2175960516885D+18   -8.4766527544025D+18   -7.6893574300958D+18
    -6.6055932852205D+18   -4.7665626744167D+18   -2.1636626382892D+18
    -3.6862803446322D+17    3.5057147674293D+15   -1.9601434958872D+15
    -1.9609089540591D+15   -1.9620743588063D+15   -1.9636579367344D+15
     5.3429227496675D+15   -1.9681810313640D+15   -1.9711875360526D+15
    -1.9747477950313D+15    7.6611510211443D+15   -1.9837524796194D+15
    -1.9893302898784D+15    4.1567436079225D+15   -2.0030178752424D+15
    -2.0112798256951D+15   -2.0205359965159D+15   -2.0307071776618D+15
    -2.0415115500568D+15    2.2038120963155D+15   -2.0624601510943D+15
    -1.1643768876762D+16   -1.4616371808208D+15   -1.0412990760507D+16
    -1.0062515771396D+16   -9.8091548594378D+15   -9.6301131191607D+15
     4.6050317934478D+14   -9.4571797677612D+15   -9.4597301787606D+15
    -9.5237313606624D+15   -5.5321688581111D+15    2.8349900697661D+16
     1.8477023534310D+16    2.1806902879386D+16    1.5435783889392D+17
     2.6828966018911D+17    6.4718791164427D+17    1.6476712697861D+18
     3.9570600973148D+18    9.3753272699288D+18    2.1129724132586D+19
     4.9274151966215D+19    5.0749987490702D+19    1.6987019018751D+19
     3.0352627614464D+16   -8.6069160653588D+18   -1.3678338959076D+19
    -1.6087900957398D+19   -1.6727275634053D+19   -1.6355770279336D+19
    -1.5507355021149D+19   -1.4458082345671D+19   -1.3368496954173D+19
    -1.2301940585390D+19   -1.1260332484216D+19   -1.0397624668073D+19
    -9.5695782777227D+18   -8.8158658713770D+18   -8.1103455412550D+18
    -7.3616852381001D+18   -6.3291747597618D+18   -4.5739764419515D+18
    -2.0799892596477D+18   -3.5471234090462D+17    2.5390307098187D+15
    -1.2925143277886D+15   -1.9446696168987D+15   -1.9465435159868D+15
    -1.9490901996255D+15    4.9175345442834D+15   -1.9563662527851D+15
    -1.9612045816474D+15   -1.9669364924468D+15    7.1066614338830D+15
    -1.9814494605462D+15   -1.9904543624655D+15    3.8100933947876D+15
    -2.0126232641626D+15   -2.0260745825716D+15   -2.0412386942047D+15
    -2.0580645152022D+15   -2.0762066016859D+15    1.9641764456939D+15
    -2.1126466196671D+15   -1.0768801218974D+16   -3.6105237032832D+15
    -9.6930724489151D+15   -9.3874024615211D+15   -9.1655239805919D+15
    -9.0095128726898D+15   -3.1127095762882D+15   -6.3786824127690D+15
    -8.8761138923905D+15   -8.9443635237355D+15   -5.8011483157847D+15
     1.3090950595792D+16    1.9654319232106D+16    1.3626830886804D+16
     1.0630290800161D+17    3.1246259499848D+17    7.1593712659153D+17
     1.5902854510481D+18    3.2256296076575D+18    8.2299056962130D+18
     2.1776998862147D+19    4.5616569007230D+19    5.2454775629827D+19
     2.0125583824560D+19    1.8164316960120D+18   -7.4725900575825D+18
    -1.2709471015117D+19   -1.5296049217937D+19   -1.6050012696194D+19
    -1.5756884817385D+19   -1.4947496893766D+19   -1.3945800767686D+19
    -1.2888230648163D+19   -1.1856484268937D+19   -1.0895529312014D+19
    -1.0011956245432D+19   -9.2148539221830D+18   -8.4891925669683D+18
    -7.8098814475244D+18   -7.0915320658092D+18   -6.1051309687681D+18
    -4.4238787892642D+18   -2.0178591454086D+18   -3.4465253223415D+17
    -1.9269007148863D+15    2.8846883368564D+15   -1.9294129141562D+15
    -1.9319723005421D+15   -1.9354500222654D+15    4.5050005635946D+15
    -1.9453822569035D+15   -1.9519842001939D+15   -1.9598036511356D+15
     6.5648869595088D+15   -1.9796008513170D+15   -1.9918906591610D+15
     3.4681361861810D+15   -2.0222113022077D+15   -2.0406921631456D+15
    -2.0616584145505D+15   -2.0851747872550D+15   -2.1109884617998D+15
     1.7214453296100D+15   -2.1653467547348D+15   -9.8387410135703D+15
    -2.0496468891837D+15   -8.9397515435784D+15   -8.6835873505788D+15
    -8.4967495273138D+15   -8.3667806687885D+15    4.7463772947027D+16
    -8.2581674974386D+15   -8.2780022421301D+15   -8.3522480295043D+15
    -5.2753932507210D+15    1.5730349153955D+16    2.7303649346021D+16
     3.7118476311147D+16    1.9648202976842D+17    2.1025446718184D+17
     5.2616960161619D+17    1.1987922628967D+18    3.1648717169827D+18
     7.5267493662235D+18    2.0125234334795D+19    4.4639735023325D+19
     5.5774283403872D+19    2.3943678955452D+19    3.6588161227331D+18
    -6.1883059029726D+18   -1.1823242378504D+19   -1.4631786792680D+19
    -1.5507779049471D+19   -1.5284369622378D+19   -1.4527539779573D+19
    -1.3542425484944D+19   -1.2494530009732D+19   -1.1501084453581D+19
    -1.0556046297422D+19   -9.6977510024680D+18   -8.9185710505153D+18
    -8.1653491873630D+18   -7.5562003601784D+18   -6.8639949873206D+18
    -5.9172981462817D+18   -4.3008541884500D+18   -1.9697609340235D+18
    -3.3718235042256D+17   -1.9111270325427D+15    2.5870706558939D+15
    -1.9143288832807D+15   -1.9175898038475D+15   -1.9220186703744D+15
     4.1018434619449D+15   -1.9346537807786D+15   -1.9430417753355D+15
    -1.9529670146439D+15    6.0324214556269D+15   -1.9780601397037D+15
    -1.9936221644021D+15    3.1294913075437D+15   -2.0320319420275D+15
    -2.0555101208069D+15   -2.0822883472105D+15   -2.1126337200982D+15
    -2.1465676520325D+15    1.4749322872608D+15   -2.2221479169257D+15
    -8.8846671574097D+15   -2.2071274123853D+15   -8.1723945547016D+15
    -7.9667081449600D+15   -7.8162381884008D+15   -7.7138841338480D+15
     2.0726543513085D+16   -7.6433735334306D+15   -7.6755066786557D+15
    -7.7564445327605D+15    2.2095532696389D+15    3.3577353481880D+16
     1.9597969647703D+16    4.9186686711109D+16    1.0523261982697D+17
     1.9139910601477D+17    4.8445494262111D+17    1.2643617589700D+18
     3.2787433835225D+18    7.7379968180920D+18    1.8180829757926D+19
     4.2756778876303D+19    5.8116816817386D+19    2.8481952002331D+19
     5.7772470905077D+18   -4.9190133672672D+18   -1.0986970586635D+19
    -1.4046025733128D+19   -1.5057029812088D+19   -1.4902975898021D+19
    -1.4180613466115D+19   -1.3209142669002D+19   -1.2184085593771D+19
    -1.1189969885009D+19   -1.0256259491827D+19   -9.4152800011066D+18
    -8.6528700253393D+18   -7.9692832574468D+18   -7.3298613931230D+18
    -6.6600889616237D+18   -5.7511210343656D+18   -4.1953480317097D+18
    -1.9299442439546D+18   -3.3130560090934D+17   -1.8954373958653D+15
     2.3112970771407D+15   -1.8993797303856D+15   -1.9033936901138D+15
    -1.9088429808439D+15    3.7265266751038D+15   -1.9243731577068D+15
    -1.9346695007587D+15   -1.9468389548365D+15    5.5326375396041D+15
    -1.9775444086378D+15   -1.9965512923970D+15    2.8080212859468D+15
    -2.0434101905601D+15   -2.0720759739417D+15   -2.1048874564572D+15
    -2.1423794504577D+15   -2.1850184077229D+15    1.2321914197879D+15
    -2.2859140478700D+15   -6.7026973710217D+15   -1.4662931007439D+15
    -7.4046176584935D+15   -7.2481438099234D+15   -7.1342242593908D+15
    -7.0603971503492D+15    2.1007771788112D+16   -7.0304340151842D+15
    -7.0760641436128D+15   -7.1662502752620D+15   -7.3070582269658D+15
     2.7468583684794D+16    2.1781743307103D+16    5.5950117835081D+16
     1.2043471354600D+17    2.4771445185753D+17    4.9195447517190D+17
     1.5727838619437D+18    3.6073633754898D+18    7.8747588990757D+18
     1.7717738076859D+19    4.1056323485203D+19    6.2423010606452D+19
     3.3727899615660D+19    8.3718162095076D+18   -3.4772547186969D+18
    -1.0211125499602D+19   -1.3484574017503D+19   -1.4659509766995D+19
    -1.4575923847805D+19   -1.3863969322868D+19   -1.2910767121898D+19
    -1.1896873889885D+19   -1.0908089467653D+19   -9.9893960771524D+18
    -9.1567615431871D+18   -8.4089233566864D+18   -7.7373391169702D+18
    -7.1139540987473D+18   -6.4675167609200D+18   -5.5936876308177D+18
    -4.0964003633706D+18   -1.8935406732265D+18   -3.2594326789424D+17
    -1.8787269697651D+15    2.0573760039040D+15   -1.8834829036439D+15
    -1.8883264139056D+15   -1.8949028869049D+15    3.3786623693092D+15
    -1.9136479426128D+15   -1.9260751243752D+15   -1.9407599743128D+15
     5.0644241198362D+15   -1.9777853386322D+15   -2.0006807512955D+15
     2.5024078775333D+15   -2.0570621813322D+15    7.3250785872890D+15
    -2.1310603254810D+15   -2.1764538326140D+15   -2.2287389490713D+15
     7.5424673081970D+14   -2.3599190004006D+15   -1.5858327494499D+15
    -7.2763793964339D+14   -6.6454557240569D+15   -6.5364777188665D+15
    -6.4593610873282D+15   -6.4151212972068D+15   -4.9163243640199D+15
    -6.4281724151847D+15   -6.4884479864697D+15   -6.5889686943000D+15
    -6.7356728539297D+15    6.3309825794132D+15    9.4756041324775D+15
     5.3230639699974D+16    2.0489193746978D+17    2.1177548069536D+17
     5.7159378863033D+17    1.2701235261836D+18    3.1979075102898D+18
     7.5071775664465D+18    1.6550585386095D+19    4.0014156739203D+19
     6.4456228157311D+19    3.9401644260178D+19    1.1114449861348D+19
    -2.2332817307649D+18   -9.4487629115121D+18   -1.2987897648335D+19
    -1.4287372396869D+19   -1.4247618527127D+19   -1.3566366924652D+19
    -1.2612951068051D+19   -1.1601191922133D+19   -1.0628363971205D+19
    -9.7251876154648D+18   -8.9061440043438D+18   -8.1704322254057D+18
    -7.5111362413810D+18   -6.9039504706063D+18   -6.2790033434673D+18
    -5.4397500236329D+18   -3.9979113756211D+18   -1.8576863259332D+18
    -3.2070036447458D+17   -1.8597426496752D+15    1.3236458645239D+16
    -1.8653717310607D+15   -1.8711105948148D+15   -1.8789114430010D+15
     3.0584089002464D+15   -1.9011962527624D+15   -1.9160074671107D+15
    -1.9335442023660D+15    4.6277876651144D+15    1.9541446206468D+15
    -2.0054207446061D+15    2.2122089124304D+15   -2.0733859538443D+15
     6.3777467523563D+15   -2.1627544953800D+15   -2.2177801258570D+15
    -2.2816427800452D+15   -2.3569413525316D+15   -2.4497237111880D+15
    -1.1608612464881D+15    4.3879719787556D+15   -5.9010561354025D+15
    -5.8394325734592D+15   -5.8007477316603D+15   -5.7880628460922D+15
    -5.8030444532852D+15   -5.8473727113364D+15   -5.9234627043836D+15
    -6.0352535620660D+15   -6.1886608472572D+15    1.2402998438393D+16
     6.1892875350122D+15    8.3038333797660D+16    2.5294454536650D+17
     1.5037558736261D+17    4.3657134831389D+17    1.2697540500724D+18
     3.1003040025087D+18    6.8201696248490D+18    1.6097717522189D+19
     3.9871043898214D+19    6.7121113519385D+19    4.5281337212400D+19
     1.3751931325523D+19   -9.1772562885796D+17   -8.6848966329271D+18
    -1.2456996040582D+19   -1.3877790095512D+19   -1.3898055107084D+19
    -1.3239430623903D+19   -1.2302645220176D+19   -1.1306006109258D+19
    -1.0339397210521D+19   -9.4503813205563D+18   -8.6470240358811D+18
    -7.9270693460040D+18   -7.2827246637486D+18   -6.6933364727405D+18
    -6.0885545037857D+18   -5.2810804255519D+18   -3.8947063438786D+18
    -1.8195369560888D+18   -3.1492906308227D+17   -1.8369249079944D+15
     1.8218945233974D+16   -1.8434017579198D+15   -1.8500163204550D+15
    -1.8590246353348D+15    2.7542415602109D+15   -1.8848650300346D+15
    -1.9021261668093D+15   -1.9226537462929D+15    4.1996172434730D+15
     1.0651125992786D+16   -2.0078205620956D+15    1.9175404478669D+15
    -2.0898731762936D+15    4.7930449711507D+15   -2.1999747582624D+15
    -2.2687221930330D+15   -2.3491796843466D+15   -2.4450409305234D+15
     3.6652141433427D+15    2.7401861866574D+15    2.6199041934587D+16
    -5.1773194015344D+15   -5.1674247514000D+15   -5.1714414657602D+15
    -5.1935681533349D+15   -5.2363999812271D+15   -5.3024222396219D+15
    -5.3949826848507D+15    1.2714989156021D+16   -5.6786316035288D+15
     3.9825866566223D+15    2.3464641067233D+16    1.1641082660546D+17
     2.2364239311686D+17    2.1018030237188D+17    4.7972684745982D+17
     1.3889762254752D+18    3.0749964492602D+18    6.4863440639492D+18
     1.5115261691059D+19    3.5880299046577D+19    6.7499047250383D+19
     4.8963419480087D+19    1.6515391244626D+19    2.3611723936666D+17
    -8.0047656996141D+18   -1.1937842293941D+19   -1.3431113243872D+19
    -1.3531627237406D+19   -1.2890760891040D+19   -1.1977640639759D+19
    -1.0993141331598D+19   -1.0038404693428D+19   -9.1648515119252D+18
    -8.3758397559184D+18   -7.6717986622272D+18   -7.0437779687093D+18
    -6.4747933261112D+18   -5.8926689646727D+18   -5.1171821695241D+18
    -3.7851946691005D+18   -1.7769658701754D+18   -3.0842988152138D+17
    -1.8093329490718D+15   -1.8117340605183D+15   -1.8166015471668D+15
    -1.8240377987472D+15   -1.8341853176931D+15    2.4702303414513D+15
    -1.8634230974260D+15   -1.8830642527956D+15   -1.9065436081265D+15
     3.8022876505926D+15    9.8156611389961D+15   -2.0055334644757D+15
     1.6462332147868D+15   -2.1037729835774D+15    4.2951602014393D+15
    -2.2411987312723D+15   -2.3308773858380D+15   -2.4398820640773D+15
    -2.5746612692168D+15    4.6561473795104D+15    3.6684050616811D+16
     3.6142896920274D+16   -4.4884361763036D+15    3.6777124141275D+16
    -4.5949331029225D+15   -4.6543118542131D+15   -4.7253341852356D+15
    -4.8123503656109D+15   -4.9199158431223D+15    1.8346618826963D+16
    -4.6932306429619D+15    3.8653243230221D+15    4.3932994217311D+16
     6.0700944624458D+16    2.3245069154133D+17    2.3582095604983D+17
     4.1865100374825D+17    1.4706456187140D+18    3.0552111264506D+18
     5.8658266781010D+18    1.4602737126863D+19    3.4400432300817D+19
     6.6553847998980D+19    5.2131340435231D+19    1.8423417735728D+19
     1.2974097577943D+18   -7.3560426139756D+18   -1.1471276854014D+19
    -1.3069937357634D+19   -1.3148148177794D+19   -1.2526764149955D+19
    -1.1627313313178D+19   -1.0648281084273D+19   -9.6688266086831D+18
    -8.8652012543938D+18   -8.0948431225527D+18   -7.4085652057955D+18
    -6.8011430827556D+18   -6.2482234698998D+18   -5.6883142999469D+18
    -4.9449211198621D+18   -3.6662236376536D+18   -1.7292273653676D+18
    -3.0096057191125D+17   -1.4039097968406D+15   -1.4059562447306D+15
    -1.4101075930306D+15   -1.4164562603348D+15   -1.4251318366847D+15
     1.7682583524965D+15   -1.4502073797402D+15   -1.4671203726754D+15
    -1.4874139945381D+15    2.7457397696603D+15    7.2032327144743D+15
    -1.5739996370449D+15    1.1281115485048D+15   -1.6619827238470D+15
     3.0691998762809D+15   -1.7900952897442D+15   -1.8785191222598D+15
    -1.9943090251903D+15   -2.1584541030221D+15    2.8430593500163D+15
     7.3991133124857D+15    2.2360088252357D+16   -3.1118177243618D+15
     5.2844845931090D+15    2.6095951617420D+16   -3.3488878454473D+15
    -3.4199749395014D+15   -3.4990579428903D+15   -3.5908910227064D+15
     1.4487240943344D+16   -1.1411498935749D+15    2.3433526482018D+15
     3.6462380883535D+16    4.3835481172185D+16    1.4132792463334D+17
     2.1166983350082D+17    4.2768643958252D+17    1.1478287038356D+18
     2.7630474203164D+18    4.5527612069338D+18    1.0478411177757D+19
     2.5517865242182D+19    5.1138580077933D+19    4.2042215796782D+19
     1.5777185002837D+19    1.7343116769904D+18   -5.3924272389536D+18
    -8.7096407234576D+18   -9.9745161867703D+18   -1.0061030768145D+19
    -9.5859322079800D+18   -8.8873652514869D+18   -8.1397800932167D+18
    -7.4218091130386D+18   -6.7654168451419D+18   -6.1736148930369D+18
    -5.6461397715650D+18   -5.1823864766871D+18   -4.7592646347411D+18
    -4.3334981676437D+18   -3.7698681143970D+18   -2.8010421581896D+18
    -1.3249838661218D+18   -2.3126181018884D+17   -1.5768242835295D+15
    -1.5792954082072D+15   -1.5843105475647D+15   -1.5919854780128D+15
    -1.6024832419967D+15    1.8458638344997D+15   -1.6328886223101D+15
    -1.6534501789205D+15   -1.6781804512914D+15    1.0312263595543D+16
     2.5263688698424D+14   -1.7844679155856D+15    1.1275944620208D+15
    -1.8938950439009D+15    3.2037979087266D+15   -2.0560876269423D+15
    -2.1696927540234D+15   -2.3199876439065D+15   -2.5345738284396D+15
     2.7792249432735D+15   -2.8963944079507D+15    2.4996313913870D+16
    -3.2698372649690D+15   -3.3783654907310D+15   -3.4689682035596D+15
    -3.5532226781837D+15   -3.6394784410887D+15   -3.7334501112807D+15
    -3.8404463522751D+15    6.4962738788655D+15   -9.0981160094002D+14
     2.7866054634161D+15    4.9835556360124D+16    4.1639856713741D+16
     1.6912484647677D+17    1.9012329772461D+17    5.1535573107664D+17
     1.2947819529496D+18    2.6162726154979D+18    5.4153482640670D+18
     1.1858080617949D+19    2.8608444859067D+19    5.9549248464539D+19
     4.9672156449036D+19    1.8927354494257D+19    2.2979390417106D+18
    -5.7805595417351D+18   -9.5850731630965D+18   -1.1045389900743D+19
    -1.1148090657977D+19   -1.0616347859657D+19   -9.7853668851445D+18
    -9.0044086926924D+18   -8.2067271233087D+18   -7.4751236659691D+18
    -6.8181234135095D+18   -6.2349074593425D+18   -5.7209223661708D+18
    -5.2527096293840D+18   -4.7836448833807D+18   -4.1640426558657D+18
    -3.0987358969181D+18   -1.4696865561704D+18   -2.5712755203977D+17
    -1.7733154495232D+15   -1.7762856371359D+15   -1.7823155730113D+15
    -1.7915479407875D+15   -1.8041841778216D+15    1.9165776938357D+15
    -1.8408351373649D+15   -1.8656632603854D+15   -1.8955707053891D+15
     1.3192152784746D+16   -1.9739136926424D+15   -2.0246641791132D+15
     1.1128183970748D+15   -2.1584451907221D+15    3.3279505979822D+15
    -2.3570747861296D+15   -2.4967365369642D+15   -2.6812712016131D+15
    -2.9410978303682D+15    2.7945619594135D+15   -3.1622677726167D+15
     2.7178507352474D+16   -3.5218071747293D+15   -3.6283980972796D+15
   -105136747411290.   -3.8125241145671D+15   -3.9074574126408D+15
    -4.0120296643320D+15   -4.1315016161879D+15   -4.2712452271013D+15
    -2.3921407913270D+15    3.1428326179370D+15    4.4034271789885D+16
     5.8002312788934D+16    2.5336978100854D+17    2.5061733355743D+17
     5.9068042402901D+17    1.5576756429233D+18    2.8497658630383D+18
     6.0834015554404D+18    1.3602613490404D+19    3.1868043065817D+19
     6.6037732441224D+19    5.6937302102425D+19    2.2094588782146D+19
     3.1607833812321D+18   -6.1915132799436D+18   -1.0524706099618D+19
    -1.2188234600433D+19   -1.2340531795732D+19   -1.1730339912839D+19
    -1.0869597262416D+19   -9.9465423339507D+18   -9.0612184184021D+18
    -8.2504518030889D+18   -7.5178053818068D+18   -6.8761478219224D+18
    -6.2911416747598D+18   -5.7897982173429D+18   -5.2716573400102D+18
    -4.5924776678444D+18   -3.4219344854495D+18   -1.6269730813456D+18
    -2.8549111039388D+17   -1.9964741869781D+15   -2.0000241367446D+15
    -2.0072323604320D+15   -2.0182718033050D+15   -2.0333869302955D+15
     1.9785550834823D+15   -2.0772622776425D+15   -2.1070120631510D+15
    -2.1428760687389D+15    1.4135153465784D+16   -2.2369538496429D+15
    -2.2978606457320D+15    1.0745479892412D+15   -2.4581771870241D+15
     3.4275187485483D+15   -2.6972135666846D+15   -2.8650011549619D+15
    -3.0856007307898D+15   -3.3934121547576D+15    2.8186470090373D+15
    -3.4787714070168D+15    2.9169617174920D+16   -3.8489439234188D+15
    -3.9529798392767D+15    2.7568425848680D+15   -4.1381029619933D+15
    -4.2375690510053D+15   -4.3494022271258D+15   -4.4788893753142D+15
    -4.6315789091525D+15    2.7802981076773D+15    1.7095811612968D+15
     6.9247393477241D+16    7.3629791210107D+16    2.5138326253401D+17
     4.0493285675003D+17    8.6728281819244D+17    1.7096693823603D+18
     3.6894107767669D+18    7.1108238944196D+18    1.5847564839462D+19
     3.6186118842972D+19    7.2688613024262D+19    6.4899578459022D+19
     2.4677781676455D+19    3.7018750508508D+18   -6.7013615244126D+18
    -1.1540415654783D+19   -1.3428468744008D+19   -1.3592315200330D+19
    -1.2912799476349D+19   -1.1921632049341D+19   -1.0955743411305D+19
    -9.9710730100687D+18   -9.0753030746590D+18   -8.2751031758405D+18
    -7.5624472447011D+18   -6.9350685961582D+18   -6.3680200393019D+18
    -5.7990839035772D+18   -5.0536690933573D+18   -3.7683503138283D+18
    -1.7955037414421D+18   -3.1618223189389D+17   -2.2497167429802D+15
    -2.2539348828112D+15   -2.2625003113526D+15   -2.2756196891267D+15
    -2.2935853675829D+15    2.0297526088642D+15   -2.3457523124702D+15
    -2.3810193255131D+15   -2.4234883469725D+15    1.5085726927761D+16
    -2.5349317032679D+15   -2.6072461129467D+15    1.0077512180486D+15
    -2.7981230335711D+15    3.5197701836238D+15   -3.0824901717766D+15
    -3.2817211232576D+15   -3.5430856122075D+15   -3.9071143005230D+15
     2.8041392146756D+15   -3.8394505025436D+15    2.6568063826152D+16
     3.0567095568226D+15   -4.3442548793311D+15    2.9241449379601D+15
    -4.5324087493041D+15   -4.6357711162200D+15   -4.7540548172800D+15
     9.7610579945019D+15   -5.0582210698983D+15   -1.1825565934727D+14
     4.0721167315779D+15    5.6975243034740D+16    6.8009690006492D+16
     2.3957467247551D+17    5.1773879346092D+17    7.6167140651034D+17
     1.9452174313240D+18    4.6939976602253D+18    7.8881436701976D+18
     1.7945067006008D+19    4.0723987360587D+19    8.2582887491832D+19
     7.1943257767970D+19    2.6844554767928D+19    4.1100238788534D+18
    -7.3124870848676D+18   -1.2620357711711D+19   -1.4704984588990D+19
    -1.4898649869187D+19   -1.4167521053062D+19   -1.3122427148625D+19
    -1.2020580160934D+19   -1.0939671524155D+19   -9.9472838813756D+18
    -9.0701404028872D+18   -8.2916076384995D+18   -7.6023277690910D+18
    -6.9814506062947D+18   -6.3563303689691D+18   -5.5400986935961D+18
    -4.1336160534951D+18   -1.9722550527790D+18   -3.4868828238185D+17
    -2.5363857246141D+15   -2.5413470446695D+15   -2.5514210899186D+15
    -2.5668508485286D+15   -2.5879803313587D+15    2.0507548030450D+15
    -2.6493357388940D+15   -2.6909557191401D+15    1.9453769488177D+15
     1.6046019657841D+16   -2.8728765482460D+15   -2.9583688003229D+15
     2.2823947616212D+14   -3.1840554051926D+15    3.6007188586975D+15
    -3.5202814526096D+15   -3.7558716045997D+15   -4.0651443145425D+15
    -4.4968699643272D+15    9.0471291031860D+14   -4.2480308425155D+15
     7.0798947955909D+15    1.6356269710892D+16   -4.7971389948168D+15
     3.0199097273921D+15    1.7004992037920D+16   -5.1033653241892D+15
    -5.2294402820910D+15    1.5071381829028D+16   -5.5581895883193D+15
     2.9170613319026D+15    3.4867914109043D+16    5.3656640184834D+16
     1.4230827456305D+17    2.1842193028281D+17    5.5257495247502D+17
     1.3882454454164D+18    2.4074349501628D+18    5.6801151419303D+18
     1.0192883633595D+19    2.1841845323226D+19    4.8173953652509D+19
     9.1688742453880D+19    7.5323825607051D+19    2.8240285784481D+19
     3.8367001822997D+18   -8.0791433440863D+18   -1.3805254990882D+19
    -1.6041517793933D+19   -1.6223472161650D+19   -1.5439108367027D+19
    -1.4312859966043D+19   -1.3103326734449D+19   -1.1932419346011D+19
    -1.0850947481480D+19   -9.8854258792287D+18   -9.0418611998507D+18
    -8.2943649861312D+18   -7.6176011745240D+18   -6.9358519474880D+18
    -6.0445190222024D+18   -4.5094101620947D+18   -2.1518326466323D+18
    -3.8216152132791D+17   -2.8605013212948D+15   -2.8663377010883D+15
    -2.8781873090073D+15   -2.8963354090376D+15   -2.9211865896760D+15
     2.0485622299655D+15   -2.9933500738876D+15   -3.0423053395831D+15
     5.6816774642411D+15    1.7051288833258D+16   -3.2563495141060D+15
    -3.3569813368602D+15   -3.4774915123692D+15   -3.6227969466471D+15
     3.6648484231337D+15   -4.0193503738842D+15   -4.2977377136793D+15
    -4.6639623388544D+15   -5.1757444756892D+15    4.6973989759019D+16
    -4.7130589550124D+15    2.7481307800131D+15    1.0241941858136D+16
    -5.3097718673771D+15    3.0256425680717D+15    7.7647506880443D+15
    -2.8753683120571D+15   -5.7762195235663D+15    1.0017838738555D+16
    -6.1346491940389D+15    5.1994804200157D+15    1.5230790153270D+17
     8.3914816171956D+16    1.6572559962276D+17    3.2194565838835D+17
     7.4658749170435D+17    1.0988676288170D+18    2.3827062714516D+18
     6.6796542100425D+18    1.2142726190427D+19    2.6807178648080D+19
     5.9959099223238D+19    1.0138237755740D+20    7.3722244470128D+19
     2.6708780937217D+19    3.2188641440468D+18   -9.1640904503217D+18
    -1.5045039312507D+19   -1.7368492171829D+19   -1.7539096438432D+19
    -1.6701890699660D+19   -1.5473991411375D+19   -1.4165473760839D+19
    -1.2909532171735D+19   -1.1753294449584D+19   -1.0711847005773D+19
    -9.7462723614782D+18   -8.9879400072821D+18   -8.2597531385143D+18
    -7.5201820052342D+18   -6.5496012787157D+18   -4.8792439061708D+18
    -2.3260783319575D+18   -4.1525922059796D+17   -3.2274583766978D+15
    -3.2343022263025D+15   -3.2481952822628D+15   -3.2694711519802D+15
    -3.2986043118406D+15    2.0232219059374D+15   -3.3832062961229D+15
    -3.4406088464801D+15    5.9085247516482D+15    1.8101729075967D+16
    -3.6917281109945D+15    5.7861373824160D+15   -3.9514955853445D+15
     1.5011650997844D+16    7.4826499861575D+15   -3.5631073860697D+15
    -4.9183527265527D+15   -5.3510299206490D+15   -4.3942200672139D+15
     6.8963103350298D+16   -5.2451875754996D+15    2.6872817051162D+15
     6.7532521064500D+15   -5.8817527849425D+15    2.9626715160141D+15
    -6.1158519596847D+15    1.0998133086306D+16   -6.3937800148299D+15
    -6.5721311272778D+15   -6.7882545363621D+15    6.2174009103750D+15
     5.9260180221903D+16    1.3548098718298D+17    1.9988370406710D+17
     4.0741376710744D+17    7.6587424345063D+17    1.7144499156318D+18
     3.0739786429612D+18    7.2502320580788D+18    1.6204866981788D+19
     3.3732269310259D+19    7.1063343938686D+19    1.0895284415711D+20
     7.0874238174443D+19    2.3780185140659D+19    1.3322695724010D+18
    -1.0566389087089D+19   -1.6335351651067D+19   -1.8670213520256D+19
    -1.8759658643470D+19   -1.7846847178650D+19   -1.6550339381473D+19
    -1.5167177471027D+19   -1.3829654304875D+19   -1.2602699085016D+19
    -1.1492750348532D+19   -1.0520196066823D+19   -9.6636690510321D+18
    -8.8809921250653D+18   -8.0868783641888D+18   -7.0345111529969D+18
    -5.2265222857069D+18   -2.4844522186506D+18   -4.4619096892839D+17
    -3.6429684388000D+15   -2.7575970660948D+14   -3.6672301292383D+15
    -3.6921186891974D+15   -3.7261980594995D+15    1.9701489543385D+15
    -3.8251762309118D+15   -3.8923516170492D+15    6.1233150697844D+15
     1.2442430432815D+16   -4.1864785274250D+15    1.2089598030471D+16
    -4.4912665398299D+15    2.6066159427477D+15    8.2406663877495D+15
    -9.6414396611511D+14   -5.6289868145188D+15   -6.1410832436855D+15
    -1.3150690881448D+15   -4.4556314152031D+15   -5.8553809254013D+15
     2.5787099656390D+15    1.4033697405603D+16   -1.2722016935660D+15
    -2.4935632934373D+15   -6.7739744510544D+15    1.1355885439265D+16
    -7.0808955074287D+15   -7.2781327347065D+15   -6.5971540088647D+15
     3.1595651978554D+16    1.1168603182632D+17    7.8910802721564D+16
     1.9051222940123D+17    4.4304139906816D+17    1.2826634061151D+18
     2.0346480129791D+18    4.1427575565019D+18    9.3212359272715D+18
     1.9279740139467D+19    4.1934747017342D+19    8.6853465510766D+19
     1.1062004074986D+20    6.1166765389584D+19    1.9521553375792D+19
    -1.1436738877648D+18   -1.2289800181062D+19   -1.7627764476914D+19
    -1.9812190637854D+19   -1.9821592484532D+19   -1.8859631559016D+19
    -1.7493458507833D+19   -1.6035059874063D+19   -1.4648017873382D+19
    -1.3365899444491D+19   -1.2210382716489D+19   -1.1187344441375D+19
    -1.0281077719993D+19   -9.4534570710509D+18   -8.6039666756481D+18
    -7.4730525946797D+18   -5.5261279641668D+18   -2.6136836817184D+18
    -4.7252441692362D+17   -4.1137692321034D+15    5.5960647544025D+15
     80489911234003.   -1.5155463879930D+15    3.3425806998959D+15
    -2.7469781515776D+15   -4.3266484162324D+15   -4.4051647678543D+15
     6.3208375075996D+15    3.5769942242076D+15   -4.7493084570378D+15
     1.2708501181387D+16   -5.1064484206236D+15    1.9922571324894D+15
     1.9418366802363D+15   -1.4032648654323D+15   -6.4437574262896D+15
    -7.0477315235998D+15   -1.9172432395435D+15   -5.3768567656080D+15
    -6.5539968975576D+15    4.8155873857960D+14    1.4739969871743D+16
    -6.9644621516567D+15   -7.3544875297304D+15   -7.4968631377276D+15
     1.1623944918265D+16   -7.8361596738102D+15   -8.0550688620483D+15
    -8.3221737961069D+15    7.7593403558083D+16    1.4321750158969D+17
     9.5284160126661D+16    2.4293021944689D+17    5.6894813495746D+17
     1.3308009212607D+18    2.4182532075890D+18    5.7622848567883D+18
     1.1888070204742D+19    2.5441804246283D+19    5.5566070795431D+19
     1.0641374403707D+20    1.0584706812644D+20    4.8938039955173D+19
     1.3998465970726D+19   -4.2914616242862D+18   -1.4186465913774D+19
    -1.9033042943171D+19   -2.0843457879890D+19   -2.0694906805958D+19
    -1.9634649018068D+19   -1.8232648128062D+19   -1.6748751032172D+19
    -1.5317968176668D+19   -1.4000858871618D+19   -1.2811848426021D+19
    -1.1749651711303D+19   -1.0755676511247D+19   -9.9396227367124D+18
    -9.0442979302120D+18   -7.8286108506412D+18   -5.7509172351528D+18
    -2.6983481638050D+18   -4.9178587768181D+17   -4.6477915238457D+15
     2.6432339193101D+16    1.5693846075736D+16   -4.7148120444899D+15
     1.0948328864532D+16   -4.8212998289491D+15   -4.8962619488101D+15
    -4.9879446787959D+15    6.4945823063896D+15    3.5400924368060D+15
     7.0078964350268D+15    7.9088403719197D+14   -5.8063402622857D+15
     1.0260743294103D+15   -1.2367952882134D+15   -1.9303029131941D+15
    -7.3758795045883D+15   -8.0838998602855D+15   -2.6384844049925D+15
    -6.4300531344444D+15   -7.3485673528889D+15   -4.3618383496268D+15
     2.6180919355314D+16   -7.9784250105284D+15   -8.1303629073298D+15
    -8.2851677733850D+15    1.1798341489622D+16   -8.6585204842217D+15
    -8.9013425996319D+15   -9.1992288419476D+15    1.0632989830594D+17
     9.8657804696792D+16    1.8321598231704D+17    3.9034902170407D+17
     7.3225492868504D+17    1.7216743073867D+18    3.4868451498217D+18
     7.7377095783012D+18    1.6050989437296D+19    3.5631397742423D+19
     7.2914652729835D+19    1.1540957862856D+20    9.0126025572338D+19
     3.7030311349914D+19    8.2869932409245D+18   -7.7597247596347D+18
    -1.6163983427953D+19   -2.0306211750625D+19   -2.1637791113771D+19
    -2.1294096133104D+19   -2.0140590301428D+19   -1.8727927411203D+19
    -1.7229131622684D+19   -1.5784516241084D+19   -1.4453407288056D+19
    -1.3232697490445D+19   -1.2163078775071D+19   -1.1199363330736D+19
    -1.0303258518544D+19   -9.3626528166311D+18   -8.0682106527510D+18
    -5.8719340947945D+18   -2.7301605648865D+18   -5.0124079706736D+17
    -5.2542139001444D+15    8.7996654444075D+15    1.6783385989660D+16
    -5.3320960670475D+15    1.3038117523150D+16    2.9307094968448D+16
     3.1691821861644D+16    6.7283244168532D+15    6.5708247919477D+15
     3.4103978373542D+15    1.3850452463522D+16   -6.3385095525781D+15
    -6.6044408266922D+15    6.6477856094358D+14    5.7033103141591D+15
    -2.5588609069277D+15   -8.4380341734063D+15   -9.2604103608969D+15
    -3.4900396221020D+15    1.3605458203795D+14   -8.2445612780415D+15
     8.5691628243856D+15    3.3291811735077D+16   -8.8184970762424D+15
    -8.9758386260750D+15   -9.1407960121210D+15   -2.6272882341075D+15
     4.9743640448344D+15   -9.8168787254385D+15    5.2418242674352D+15
     7.5655944185416D+15    5.2627604072946D+16    2.3956554833804D+17
     5.4808283683123D+17    9.2176558613282D+17    3.1766337790024D+18
     5.1236532419376D+18    1.0635435943091D+19    2.2005722249203D+19
     4.7006219386378D+19    9.1582201839076D+19    1.1822592727345D+20
     7.1064959559913D+19    2.4333498216107D+19    1.7770765384801D+18
    -1.1140327692075D+19   -1.8029160711564D+19   -2.1361998203158D+19
    -2.2186151450412D+19   -2.1629014117914D+19   -2.0401042037577D+19
    -1.8947527112579D+19   -1.7446883232052D+19   -1.6010139390620D+19
    -1.4681482547743D+19   -1.3480890459513D+19   -1.2398827889378D+19
    -1.1425546628186D+19   -1.0513252419188D+19   -9.5340124914817D+18
    -8.1657324787788D+18   -5.8686915537122D+18   -2.6964986363268D+18
    -4.9940783725579D+17   -5.9418714006819D+15    2.0078259357794D+14
     1.3886055900858D+16   -5.3503739722503D+15    2.3514833097891D+16
    -6.1764976655284D+15   -5.2094264310119D+15    1.3160165259572D+16
     6.5910130312120D+15    3.2162074431805D+15    4.5363675291116D+15
    -7.2039487269154D+15   -7.5135330580727D+15    2.1295394906277D+14
     9.5421260679984D+15   -6.9328446666639D+15   -9.6412830890947D+15
    -1.0585056810569D+16   -5.8388156620327D+15    1.1536061771200D+16
    -9.2448483425658D+15    3.0804120186281D+16    2.9723345438331D+16
    -9.7388216706837D+15   -9.8958635094045D+15   -1.0067452561494D+16
    -1.0266839105610D+16    1.1513383696726D+16   -1.0804474863743D+16
     8.5106587563924D+15    5.2806606568539D+15    7.7757330144110D+16
     2.9709084018572D+17    5.9788393034419D+17    1.0970100996045D+18
     3.7280822590836D+18    6.8395489866405D+18    1.4668313388371D+19
     3.1857796684249D+19    6.3312623505811D+19    1.1492539830194D+20
     1.0465620166636D+20    4.8233978041482D+19    1.3324461450924D+19
    -4.4259898486828D+18   -1.4495177647225D+19   -1.9857634471668D+19
    -2.2168663566997D+19   -2.2492273561908D+19   -2.1691153049632D+19
    -2.0378501287394D+19   -1.8907903143767D+19   -1.7425716660245D+19
    -1.6006940133548D+19   -1.4702726455172D+19   -1.3518270226698D+19
    -1.2449261275711D+19   -1.1479106310984D+19   -1.0557894330790D+19
    -9.5441102331386D+18   -8.1043622445093D+18   -5.7309339940992D+18
    -2.5952392915551D+18   -4.8544008478012D+17   -6.7244818206380D+15
    -1.9971820585471D+14    8.9764128466111D+15   -6.8297530978212D+15
     1.3484566432080D+16   -6.9968462714955D+15    8.1489418918752D+15
    -7.2583071199313D+15    3.3003574435034D+14    9.1951986841803D+15
    -7.8897676538778D+15   -8.1881209959673D+15   -8.5465214166004D+15
    -3.4226550007599D+14    9.5740191660889D+15    9.1306154594947D+15
    -1.0993651960942D+16   -1.0188202636353D+16   -1.3475254779170D+16
     1.5676409970330D+16   -1.0349348920513D+16    3.5562588978270D+16
     4.2336436480027D+16   -1.0746355806403D+16   -1.0897081917105D+16
     6.8342618282545D+15   -1.0394642832962D+16    1.8052655291043D+16
    -1.1871562578117D+16    2.4885657135679D+16    1.4020883132670D+17
     8.8867324212863D+16    2.8388678046033D+17    6.4251423640740D+17
     1.6033067339973D+18    3.9731694104663D+18    9.1699369225503D+18
     1.9462750051134D+19    4.0804171025538D+19    8.4548408728455D+19
     1.2511791082783D+20    8.0481769558717D+19    3.1199888547673D+19
     5.1046332858883D+18   -9.6134487996683D+18   -1.7510980799851D+19
    -2.1496133179882D+19   -2.2816085589254D+19   -2.2552131493740D+19
    -2.1525642253561D+19   -2.0127378572948D+19   -1.8583776391235D+19
    -1.7172200270943D+19   -1.5781450136063D+19   -1.4513419005667D+19
    -1.3357900829933D+19   -1.2315641669731D+19   -1.1359411990692D+19
    -1.0437262882075D+19   -9.3904318336694D+18   -7.8870494698912D+18
    -5.4671356030485D+18   -2.4339232480661D+18   -4.6040970141312D+17
    -7.6151469231095D+15   -6.8493007373164D+14    9.0614663477030D+15
    -7.7369438637644D+15    1.8506553862201D+16   -7.9301022719399D+15
     1.4810819408209D+16   -7.2313237672937D+15   -8.4326189890323D+15
     1.7533783382399D+16   -8.9602005413606D+15   -9.3035414515743D+15
    -9.7153044859871D+15   -1.0118721702853D+15   -3.4693513551975D+15
     1.1167400910691D+16    1.9643199763669D+15   -5.1177485712242D+14
    -1.5243925486180D+16    3.8285108765579D+16   -1.1557075634637D+16
     2.0129639005869D+16    3.7990771465192D+16    3.1473876657525D+16
    -1.1988282805788D+16    3.4637155018770D+16   -1.1664676447805D+16
     6.0790983570214D+15    1.0498423331568D+16    8.6876743399298D+16
     1.0496855714213D+17    1.0902953504157D+17    3.2362102269173D+17
     1.0785423215222D+18    2.4371319479961D+18    5.4067318803094D+18
     1.2265531667507D+19    2.5585277061528D+19    5.7550214553838D+19
     1.0743331238791D+20    1.1459617676855D+20    5.7300521441994D+19
     1.6585082226345D+19   -3.2625123308459D+18   -1.4163387954901D+19
    -2.0041946825276D+19   -2.2719983932462D+19   -2.3144588758894D+19
    -2.2428628377135D+19   -2.1151554997983D+19   -1.9698996153728D+19
    -1.8186877954761D+19   -1.6743663889008D+19   -1.5397406123067D+19
    -1.4166611415183D+19   -1.3045991872642D+19   -1.2030306365591D+19
    -1.1092163975561D+19   -1.0168440764736D+19   -9.0938493989340D+18
    -7.5327272260201D+18   -5.0999071323497D+18   -2.2280004608381D+18
    -4.2693583913876D+17   -8.6271963972741D+15   -2.3736361472885D+15
     3.0257444445882D+16   -8.7673805499521D+15    1.9118474358059D+16
    -8.9894276340971D+15   -8.3198334726173D+15    2.4259745433920D+15
    -9.5659319529974D+15    1.8032890072561D+16   -1.0169423011249D+16
    -1.0561129028513D+16   -1.1029518007310D+16   -1.8331540467721D+15
    -5.1636626286938D+15   -3.4138072363238D+15   -1.4150672064898D+16
    -1.5696789020460D+15   -1.7160833613431D+16    6.1720763899046D+16
    -1.2868325223954D+16    2.0246244852695D+16    1.2128988850561D+16
     5.9917268056009D+16   -1.3180903267637D+16   -5.6416247642841D+15
    -2.3992186235988D+15    2.5904923495253D+16    2.0646154075782D+16
     1.4262594956864D+16    5.3874868268281D+16    9.8560346123068D+16
     3.5455817854962D+17    1.0185556528443D+18    3.1049359924477D+18
     7.2478935498341D+18    1.5976000701794D+19    3.5040771516216D+19
     7.8440002201649D+19    1.2367079915466D+20    9.3232182449891D+19
     3.7277849487368D+19    6.4404016663243D+18   -9.5922845923548D+18
    -1.7983345043544D+19   -2.2129991800950D+19   -2.3533165455893D+19
    -2.3264858048039D+19   -2.2145020674535D+19   -2.0701505470144D+19
    -1.9162106727584D+19   -1.7655784333664D+19   -1.6229677980347D+19
    -1.4911692019767D+19   -1.3704457895909D+19   -1.2629015732122D+19
    -1.1640479951448D+19   -1.0722098669455D+19   -9.7974042183978D+18
    -8.6914256073458D+18   -7.0791658666973D+18   -4.6807534974408D+18
    -1.9993953341288D+18   -3.8871665309281D+17   -9.7726174887274D+15
    -9.7988127086132D+15    4.3627027096940D+16   -9.9328599870166D+15
     2.3092228836694D+16   -1.0186270501840D+16   -1.0364094953040D+16
     1.9297419563795D+15   -1.0842300521935D+16    1.0376644926970D+16
    -1.1524857688743D+16   -1.1966230784112D+16   -1.2492593978184D+16
    -2.8172084551359D+15   -6.3779890439170D+15    1.0632858555476D+15
    -1.5956900976535D+16   -1.6786591778487D+16   -5.0283932701088D+15
     6.4542351908164D+16   -1.4285880505398D+16    5.7595033108294D+15
     1.4613833015043D+15    4.3619915346645D+16   -1.4488793918986D+16
    -1.4664576068104D+16    6.7674867212825D+14    1.9234371786763D+16
     4.6144583848559D+16    4.9574265571311D+16    6.6396272371494D+16
     1.5613066544982D+17    6.2748998787556D+17    1.4074960793894D+18
     4.0338263152690D+18    8.4439217829366D+18    2.0310155782777D+19
     4.8502710536218D+19    9.8466425690399D+19    1.2311889881621D+20
     6.8391142285103D+19    1.9512735903535D+19   -2.5186627470867D+18
    -1.4680684964280D+19   -2.0899869978574D+19   -2.3690464638759D+19
    -2.4046561578035D+19   -2.3222941598267D+19   -2.1802636692606D+19
    -2.0226789772437D+19   -1.8639755244791D+19   -1.7110549112876D+19
    -1.5694070764610D+19   -1.4402880490912D+19   -1.3232397665154D+19
    -1.2174211376506D+19   -1.1211555317564D+19   -1.0306903376635D+19
    -9.3742226923123D+18   -8.2324479218827D+18   -6.5797706953728D+18
    -4.2496789058656D+18   -1.7719605932751D+18   -3.4989495043802D+17
    -1.1059329743456D+16   -1.1088981919898D+16    4.5725086930926D+16
    -1.1240571050745D+16    4.9250219361295D+16   -1.1526620370684D+16
    -1.1726982840718D+16    1.2815794355672D+15   -1.2096872085038D+16
     5.2425817418134D+15   -1.3029578386338D+16   -1.3522421623919D+16
     2.4243821346564D+16    2.1130053137446D+16   -7.7227979268125D+15
    -8.6760553255008D+15   -1.7912814682532D+16   -1.9468646456988D+16
    -5.8921639020214D+15    3.5698660111670D+16    7.7627394969516D+15
    -6.0257290554712D+15    1.9966031671826D+16    2.8527445171284D+15
    -1.5924388098784D+16   -1.6105880339143D+16   -3.2349414976427D+14
     3.9997377566065D+15   -3.7926971725480D+15    1.6594069179203D+16
     1.4565396986598D+17    3.5456863340789D+17    6.0304441819052D+17
     1.8198532114853D+18    4.7823729555683D+18    1.1504414719798D+19
     2.7098695769393D+19    6.2260070602769D+19    1.1365214396687D+20
     1.0944059869305D+20    4.4289973993884D+19    8.2775890101818D+18
    -9.4722113902629D+18   -1.8719198633806D+19   -2.3347064849170D+19
    -2.4773599494147D+19   -2.4400782712379D+19   -2.3128152751096D+19
    -2.1518909924340D+19   -1.9807441572453D+19   -1.8160032868381D+19
    -1.6620028532281D+19   -1.5209603919295D+19   -1.3921314181147D+19
    -1.2786794074337D+19   -1.1751272395953D+19   -1.0804636433103D+19
    -9.9055799097376D+18   -8.9580202394310D+18   -7.7773973050332D+18
    -6.1094508305962D+18   -3.8415012793925D+18   -1.5520513932533D+18
    -3.1540741061620D+17   -1.2485537753912D+16   -1.2518858716305D+16
    -4.1176629447013D+15   -1.2689026724499D+16   -2.6804948287755D+15
    -5.3541886279387D+15   -1.1621333625340D+15    5.4373931916301D+14
    -3.5076624726215D+15   -1.5857805419060D+15   -1.4681450808755D+16
    -7.0053243046474D+15    9.4904507035869D+15    6.1237083336910D+16
     1.7240215774708D+16   -1.8662070243693D+16    1.8108058268274D+16
     2.3802246806785D+16   -6.0965017157449D+15    5.3571365097260D+16
     1.2284932117254D+16   -7.2460519132595D+15    4.0818751477670D+16
     20384134068347.   -1.7502170506828D+16   -1.7695760980077D+16
     1.8534726266485D+16    3.2528811433287D+15    2.2280017272165D+16
     4.4470824509732D+16    7.0972857652839D+16    2.4868008648099D+17
     1.0992464800566D+18    2.4322319042365D+18    5.8790269815802D+18
     1.4470774327738D+19    3.5689574658441D+19    7.5832669015314D+19
     1.2063665133925D+20    8.4214561902376D+19    2.7690295249070D+19
    -3.4514280765669D+17   -1.4758267446108D+19   -2.2030811653350D+19
    -2.5254577549686D+19   -2.5691049229209D+19   -2.4703294443080D+19
    -2.3122957546163D+19   -2.1324551465737D+19   -1.9528040559083D+19
    -1.7831802694083D+19   -1.6275098002852D+19   -1.4863806458845D+19
    -1.3592566005451D+19   -1.2453547467420D+19   -1.1429761046018D+19
    -1.0488294369232D+19   -9.5855407672289D+18   -8.6193726624901D+18
    -7.4070800667066D+18   -5.7081381837983D+18   -3.4955131410101D+18
    -1.3962850384833D+18   -2.8768406431312D+17   -1.4041866322223D+16
    -1.4078961954631D+16   -1.4153938574084D+16   -1.4268213264270D+16
    -1.4423892547779D+16   -1.4623868117908D+16    2.5300699353253D+16
     1.1340289623147D+16   -4.5460782458570D+15   -1.5961282055069D+16
    -1.6466650353927D+16   -6.0103384947190D+15   -1.7766915222782D+16
     4.4963750700430D+16    5.6379630755334D+16   -1.6622362630863D+16
     7.4780945939948D+16    2.3082633776366D+16   -1.3188173531506D+16
     3.5495306090040D+16    2.5753490595499D+16    8.0703047257528D+15
     4.3395818588659D+16   -1.9122790461453D+16   -1.9234869134024D+16
     3.8691495475860D+16    5.9273375441144D+16    3.3796585717145D+16
    -8.3628469705987D+15   -2.2040342919038D+15    1.0095130582509D+17
     4.6065986049833D+17    1.0862928788463D+18    2.6237843700032D+18
     6.5726612852395D+18    1.6933397827045D+19    4.1520890366970D+19
     9.0175158936830D+19    1.2252216625166D+20    6.5222245760255D+19
     1.4623279997088D+19   -7.3949037961769D+18   -1.8971624743842D+19
    -2.4961618619834D+19   -2.6929127848925D+19   -2.6613631131531D+19
    -2.5202276855808D+19   -2.3340546433512D+19   -2.1396090848270D+19
    -1.9509282811865D+19   -1.7760082893184D+19   -1.6176111576733D+19
    -1.4752681799929D+19   -1.3477441368028D+19   -1.2335655012812D+19
    -1.1304424406456D+19   -1.0356525597913D+19   -9.4349672594874D+18
    -8.4328671873991D+18   -7.1641009046663D+18   -5.4192572580915D+18
    -3.2425609297830D+18   -1.2748517841726D+18   -2.6791202941912D+17
    -1.5697905493178D+16   -1.5738874117672D+16   -1.5821640498721D+16
    -1.5947702146672D+16   -1.6119285178870D+16   -1.6339444545618D+16
    -1.6612206753955D+16    1.2211073331611D+16    2.9811027442575D+16
    -1.7805706074905D+16   -1.8357415200528D+16   -2.6368338622172D+15
    -1.9772540059662D+16    1.0986767325285D+17    9.4435046113927D+16
     1.6112341353613D+16    1.4355646864939D+16    6.1282684051003D+16
    -2.9953869939936D+15    1.3426551091776D+17    3.3746968473820D+16
     4.6887718766866D+16    1.3989541096079D+16    3.8047415252240D+16
     1.4301947147213D+16   -2.0462885871253D+16    3.4646210422622D+16
     7.5392950248770D+16   -2.3022618287705D+16   -5.9557429358884D+15
     6.8794723780174D+16    6.0579353169080D+17    1.2866965772072D+18
     3.7278911808549D+18    8.3271992075116D+18    2.1060888672023D+19
     4.9800626031229D+19    1.0343087039299D+20    1.1646307169982D+20
     4.6450387869555D+19    5.8926632271864D+18   -1.2798240915492D+19
    -2.2928627884805D+19   -2.7655445004768D+19   -2.8759785234058D+19
    -2.7878230207249D+19   -2.6107243805787D+19   -2.4018622675726D+19
    -2.1925931138271D+19   -1.9939062808074D+19   -1.8121441951001D+19
    -1.6425473908188D+19   -1.5001044817448D+19   -1.3687577092601D+19
    -1.2510503839522D+19   -1.1450553242163D+19   -1.0472258981771D+19
    -9.5124775015602D+18   -8.4553163301961D+18   -7.1140152051179D+18
    -5.3023164666072D+18   -3.1169909080506D+18   -1.2117201431558D+18
    -2.5848122640169D+17   -1.7397693904839D+16   -1.7442695522583D+16
    -1.7533583708660D+16   -1.7671957357368D+16   -1.7860193243671D+16
    -1.8101553054212D+16   -1.8400336433915D+16   -9.8846933914324D+15
     4.2469193052704D+15   -1.9704936097639D+16   -2.0306748743941D+16
    -1.4631414160368D+16   -2.1847885132126D+16    1.8872788694795D+17
     7.2167307186171D+16    1.6176798655509D+17   -2.7141060517561D+16
     5.8905534821681D+16    1.7453368972606D+15    4.0610922493131D+16
     7.3747151659728D+14    3.6340615175072D+16   -4.5589209941360D+15
    -2.3052855748705D+16   -2.3186956033678D+16   -2.3446611173715D+16
    -4.1009372571338D+15    1.2044627194659D+17   -2.5286852366197D+16
    -1.2930429465974D+16    1.7362343369062D+17    5.3147522929385D+17
     1.9721733688822D+18    4.5499660817510D+18    1.0757968776816D+19
     2.5620229891099D+19    6.3098899708920D+19    1.2598428061857D+20
     1.1466918562460D+20    3.2452675677704D+19   -1.5655365985209D+18
    -1.7835716078678D+19   -2.6791767166810D+19   -3.0721020908202D+19
    -3.1187710803331D+19   -2.9889770257090D+19   -2.7806105413964D+19
    -2.5492731739770D+19   -2.3196454267344D+19   -2.1047943859441D+19
    -1.9094090097568D+19   -1.7336711182724D+19   -1.5767872629973D+19
    -1.4370139491874D+19   -1.3124052437400D+19   -1.2000259384299D+19
    -1.0959817687900D+19   -9.9338403449676D+18   -8.7994508260207D+18
    -7.3605507366677D+18   -5.4375577626588D+18   -3.1640399451418D+18
    -1.2222462167839D+18   -2.6297974644615D+17
    -2.4908351172027D-06   -1.4021107507916D-11   -1.3704279683686D-11
    -1.3220703794511D-11   -1.2561477244083D-11   -2.3452756672870D-06
    -9.2080904968479D-07   -9.3977106402126D-12   -7.8869566490565D-12
    -2.2591484175800D-06   -4.0302811889362D-12   -1.6192407765542D-12
    -2.3345129164976D-06    4.3548371420547D-12    7.9928456619926D-12
     1.2090139271298D-11    1.6611966943894D-11    2.1430431546344D-11
    -2.4887245238883D-06    3.0801970116851D-11   -2.5593754754842D-11
    -5.5916878461810D-08   -9.9835015504348D-12   -5.3067623359906D-12
    -2.2298820620793D-12   -4.7250524317875D-15   -5.8551308888826D-07
     3.3809042519853D-12    4.8790978805835D-12    6.3585804504502D-12
     6.4264309244681D-07    5.4036396472210D-07   -1.3406738129294D-06
    -6.5942012397163D-06   -4.9883489417901D-08   -4.8789390990809D-06
    -1.3226140881322D-05    2.3153733408506D-07   -6.8996266701694D-05
    -1.1669157250410D-04   -3.6960339595807D-04   -1.3016836157508D-03
    -4.2798113482260D-03   -9.4943890561759D-03   -1.2385483698554D-02
    -1.3092329157306D-02   -1.2100028349544D-02   -1.2494401102901D-02
    -1.1805570490883D-02   -1.0413198303205D-02   -9.9302993511957D-03
    -8.6192542996971D-03   -7.3600652896613D-03   -6.4609255083685D-03
    -5.4869030053048D-03   -4.4891907682306D-03   -3.8530221633043D-03
    -2.9684253986302D-03   -2.6494139709760D-03   -1.9653022175055D-03
    -1.7338210264650D-03   -1.1590510179851D-03   -7.6443805996609D-04
    -3.0375336873069D-04   -2.3408892264319D-06   -1.3836217346738D-11
    -1.3527305196780D-11   -1.3055533595107D-11   -1.2411951426976D-11
    -2.2028354885901D-06   -1.0559258770732D-11   -9.3168566083283D-12
    -7.8351774993175D-12   -2.1234956223085D-06   -4.0409677823097D-12
    -1.6593720828755D-12   -2.2018214796121D-06    4.2797412184840D-12
     7.9298990610472D-12    1.2084055332088D-11    1.6741771904543D-11
     2.1823785265746D-11   -2.3722075020315D-06    3.2251298821077D-11
    -7.0983905670029D-11    1.0723500572484D-06   -2.7227382306892D-11
    -1.4554064267476D-11   -6.2234754912232D-12   -1.8226139768736D-13
    -2.1755502321445D-06    9.0449867247646D-12    1.3137703677477D-11
     1.7183734769505D-11    6.9749662896018D-07    1.6653518309611D-06
    -2.8498287181199D-06   -5.7897426243328D-06   -8.0785408655538D-07
    -1.2016189997482D-05   -1.2457777918054D-05   -1.8669597090787D-05
    -2.8405502259405D-05   -8.4665500307801D-05   -5.0030337908040D-05
    -2.9638582632122D-04   -2.2351668922818D-03   -5.8833697099688D-03
    -8.8003368563938D-03   -1.0586944219763D-02   -1.0282117222563D-02
    -1.0538650033994D-02   -1.0191737985961D-02   -9.0760996524795D-03
    -8.3105203094726D-03   -7.2741283007237D-03   -6.3106190992580D-03
    -5.6959906307701D-03   -4.4380433866772D-03   -3.8638395607964D-03
    -3.0890598822379D-03   -2.4688506454207D-03   -2.2134627984475D-03
    -1.5048412089784D-03   -1.1135434946199D-03   -9.7508611353703D-04
    -5.8120119318516D-04   -2.1826359794886D-04   -1.9219644804870D-06
    -2.7914572259798D-07   -1.3384954111648D-11   -1.2928022123826D-11
    -1.2304297087570D-11   -2.0703983690086D-06   -1.0506806217553D-11
    -9.2998608627240D-12   -7.8587354162428D-12   -1.9979406553314D-06
    -4.1583788125080D-12   -1.8265782060382D-12   -2.0786342252712D-06
     4.0332065147636D-12    7.6803882116339D-12    1.1895290518859D-11
     1.6737233514909D-11    2.2223398561045D-11   -2.2630688748218D-06
     3.4558058590874D-11   -1.0738971123834D-10    2.1341180784338D-06
    -3.9958167898205D-11   -2.1609156658649D-11   -9.5591269634779D-12
    -7.7303942030451D-13   -2.4273974773454D-06    9.7443106652773D-08
     1.8761104798026D-11    2.4724553756576D-11    6.6333605836224D-07
     9.2488662267688D-07    1.1776699323844D-06   -5.4509514779263D-06
    -4.6435944598568D-06   -1.1897240989621D-05   -1.0244630084067D-05
    -2.7354211254375D-05   -1.9232016937918D-05   -2.7511470773954D-05
     4.8020046913250D-05    8.9553365027087D-05   -1.0913869706334D-03
    -4.1543225154014D-03   -6.7680511306294D-03   -8.7183027509145D-03
    -8.4364609586100D-03   -8.9029861175999D-03   -8.7206872331088D-03
    -8.0437508805555D-03   -6.5707115988387D-03   -6.2900823944037D-03
    -5.2742923897300D-03   -4.9778947309865D-03   -3.7356678568816D-03
    -2.8646740429479D-03   -2.7681832052496D-03   -2.2021087304081D-03
    -1.6292684843285D-03   -1.1585597590570D-03   -8.1635524506679D-04
    -7.4749699002770D-04   -4.4025420570796D-04   -2.3316293040653D-04
    -1.3670903394668D-11   -2.0699795425523D-06   -1.3242525891557D-11
    -1.2803744221802D-11   -1.2204385286736D-11   -1.9461409285748D-06
    -1.0475083873682D-11   -9.3124032356249D-12   -7.9224258874612D-12
    -1.8795943542459D-06   -4.3429646535213D-12   -2.0776605633653D-12
    -1.9608627318420D-06    3.6645843604318D-12    7.2896932360400D-12
     1.1552415761640D-11    1.6587483342909D-11    2.2550658117130D-11
    -2.1555471825941D-06    3.7608194225839D-11   -1.3452630784618D-10
     1.7868976477529D-06   -4.8179808610760D-11   -2.6547661719896D-11
    -1.2332141247439D-11   -1.8814896486002D-12   -1.6422365864452D-07
     1.4347921414721D-11    2.1615222412009D-11    2.8834876782995D-11
     6.4057878164087D-07   -7.6825177967065D-07    2.5297442657504D-06
    -3.5308572374022D-06   -5.5756944809528D-06   -4.7042007015503D-06
    -1.0865194669987D-05   -2.8106805817898D-05   -4.4535726808960D-05
     5.0691911287183D-05    1.2369536782940D-04    3.6366092497392D-04
    -4.1449769435487D-04   -3.0301131294455D-03   -4.8751485962037D-03
    -7.0391801314585D-03   -7.3739840080389D-03   -8.2607697313455D-03
    -7.2836471141834D-03   -7.1174495052301D-03   -5.6807026798365D-03
    -5.3525799440073D-03   -4.5982944322292D-03   -4.0340821677648D-03
    -2.7818263238216D-03   -2.6390885727511D-03   -2.4272788336227D-03
    -2.0198468090403D-03   -1.2606219346420D-03   -8.4487013285779D-04
    -6.9072078292041D-04   -7.3084020419281D-04   -3.6264369076751D-04
    -1.8385035574914D-04   -1.3493639583463D-11   -1.9438194630611D-06
    -1.3085756928324D-11   -1.2667508068288D-11   -1.2095733574861D-11
    -1.8263874103486D-06   -1.0443698213236D-11   -9.3312179432559D-12
    -7.9993832567094D-12   -1.7647658258088D-06   -4.5586705478300D-12
    -2.3708474230078D-12   -1.8460635647712D-06    3.2261275062439D-12
     6.8108058707512D-12    1.1098934964688D-11    1.6304472126479D-11
     2.2748215385092D-11   -2.0489937319064D-06    4.1258788268193D-11
    -1.5214013969134D-10    1.2312893842112D-07   -5.2410151122006D-11
    -2.9670819152817D-11   -1.4665386543251D-11   -3.5097287193306D-12
    -3.9690092637878D-07    1.4009061908333D-11    2.1907467287127D-11
     2.9772786376707D-11    8.3160409685399D-08   -3.3478694260973D-06
     3.0578223250117D-06   -3.6670154877781D-06   -5.6967483035719D-06
    -4.5698322440287D-06   -1.8798429379488D-05   -2.9489568788621D-06
    -5.8315406740081D-05    8.7706685472956D-05    1.9191213621896D-04
     5.3237219711854D-04   -1.8060711844032D-04   -2.1469401478560D-03
    -3.8826619371276D-03   -5.8696258933753D-03   -6.6226375935458D-03
    -6.6782709965366D-03   -6.7581464437105D-03   -5.8731163811943D-03
    -4.9167255357132D-03   -4.7625382584627D-03   -3.7722059715517D-03
    -3.0612610313115D-03   -2.4698350424995D-03   -2.1021149635419D-03
    -2.0919806515361D-03   -1.6260363065824D-03   -1.3235729277782D-03
    -9.1807038984127D-04   -5.3643616523406D-04   -3.7966987593953D-04
    -4.1108594904379D-04   -1.4261465379171D-04   -1.3293261567133D-11
    -1.8257807795966D-06   -1.2907233403938D-11   -1.2510901095666D-11
    -1.1968565292106D-11   -1.7140917943789D-06   -1.0398850749228D-11
    -9.3396610045701D-12   -8.0693428173624D-12   -1.6564719533633D-06
    -4.7754188349438D-12   -2.6699109935641D-12   -1.7371967093836D-06
     2.7687088303499D-12    6.3011776875001D-12    1.0593899494291D-11
     1.5933367214125D-11    2.2808529343792D-11   -1.9462109615752D-06
     4.5339242115411D-11    3.9125436197008D-07    1.1600386188677D-07
    -5.3465366925655D-11   -3.1384979174101D-11   -1.6678161993983D-11
    -5.5878505593900D-12   -3.7328360936458D-07    1.2043647564851D-11
     2.0052570098742D-11    2.8055871654146D-11    3.6313230026579D-11
    -2.9878765470124D-06    6.8757416831064D-07   -7.3271991478232D-06
    -1.0689130175385D-05   -1.7241240029869D-06   -8.4050563328724D-06
    -3.5900609813303D-06   -3.0491262025938D-05    1.3128384157714D-04
     1.2991096020040D-04    5.7317480033444D-04    5.7460602274117D-05
    -1.7670256850254D-03   -3.1542367454340D-03   -4.9609407048351D-03
    -5.6243533945127D-03   -5.5156884956308D-03   -5.5610031528013D-03
    -4.8644881662110D-03   -4.2911595423802D-03   -3.9480421808825D-03
    -3.5642925367267D-03   -2.9268980894213D-03   -1.8700237568580D-03
    -1.7577159193219D-03   -1.5543999296050D-03   -1.1820845607464D-03
    -1.4484205988165D-03   -7.4428683682184D-04   -5.1567296046628D-04
    -3.0878844324763D-04   -3.2743490393946D-04   -1.2934929948252D-04
    -1.3058466292448D-11   -1.7154679869421D-06   -1.2694984827193D-11
    -1.2321298541345D-11   -1.1809378564207D-11   -1.6089536150220D-06
    -1.0324524093201D-11   -9.3200323603918D-12   -8.1125419526043D-12
    -1.5545386883637D-06   -4.9667234918072D-12   -2.9436286524077D-12
    -1.6340899702545D-06    2.3356072544602D-12    4.0002467006417D-09
     1.0098542689113D-11    1.5539505669667D-11    2.2773225585846D-11
    -1.7145255210875D-06    4.9626223294476D-11    1.6934506151181D-06
     1.0930367645763D-07   -5.2264932113800D-11   -3.2102515700526D-11
    -1.8463140483178D-11   -7.9995883497350D-12   -1.8746734481123D-08
     8.8582660914310D-12    1.6576700213258D-11    2.4320379643551D-11
     3.2344664413745D-11   -3.8024295064650D-06   -1.4633407857185D-06
    -7.0681416209429D-06   -1.5212417945764D-05    5.2258058963979D-06
    -5.9203208134916D-06   -1.1727244671234D-05   -2.0691424430645D-05
     1.3057659821264D-04    1.2729807211554D-04    5.7101939885980D-04
     3.8419692939010D-04   -1.4370071824192D-03   -2.4921963348697D-03
    -4.3147879539538D-03   -4.7600583684571D-03   -4.7036645806891D-03
    -5.1290224317888D-03   -3.5876203286888D-03   -4.0757658020018D-03
    -3.0860340319144D-03   -3.0517451604326D-03   -2.7934481038200D-03
    -1.8962856220989D-03   -1.4583592287622D-03   -1.0934025322389D-03
    -1.2400910959553D-03   -9.8521498986958D-04   -7.7497156748644D-04
    -5.4542766758370D-04   -2.5965060958611D-04   -2.1987050374201D-04
    -1.3285413029890D-04   -1.2780004744546D-11   -1.5381467456997D-06
    -1.2439081939655D-11   -1.2088117897623D-11   -1.1606743490562D-11
    -1.5106977557464D-06   -1.0207045029498D-11   -9.2572726122390D-12
    -8.1123590701849D-12   -1.4588300249166D-06   -4.8087290488050D-07
    -3.1680655873573D-12   -1.5366211865330D-06    1.9622382653830D-12
    -1.2767748164568D-06    9.6731663238835D-12    1.5205484086381D-11
     2.2743060085405D-11    3.3984897213552D-11    5.3874775428113D-11
     1.5082207232415D-06    9.3278413092803D-07   -4.9675828431172D-11
    -3.2179147939989D-11   -2.0078177841473D-11   -1.0605253405427D-11
    -2.5122742369876D-12    4.8842029257739D-12    1.2035142036539D-11
     1.9239562410547D-11    2.6735391522404D-11   -3.6607019646106D-06
    -2.5188069252611D-06   -7.9250223918057D-06   -1.5972202129784D-05
    -1.9122368202452D-06   -2.1389701448805D-06   -2.7149448088759D-05
    -1.6905836401226D-05    1.0670416100927D-04    9.5796309228856D-05
     5.0450598419971D-04    5.8292277148196D-04   -9.9123866307219D-04
    -2.1251893997370D-03   -3.4091674126531D-03   -4.0614843118486D-03
    -4.2310751391557D-03   -4.2670887600038D-03   -3.2195522578394D-03
    -3.1114455245552D-03   -2.7256719784549D-03   -2.5931914526815D-03
    -2.4286972467736D-03   -1.8582081344938D-03   -1.2054834945959D-03
    -1.2341444732369D-03   -8.6334750168672D-04   -7.4700291543364D-04
    -7.5782168862608D-04   -3.4692900372488D-04   -2.1310558694284D-04
    -1.4544944907513D-04   -6.4531129099819D-05   -1.2449729140096D-11
    -8.4490725635067D-07   -1.2130529748322D-11   -1.1801547792182D-11
    -1.1349801242731D-11   -1.4170247668004D-06   -1.0032935446636D-11
    -9.1364611352856D-12   -8.0524744421662D-12   -1.3665105019056D-06
    -1.5543431069610D-06   -3.3245203462907D-12   -1.4420264371413D-06
     1.6716648407092D-12   -1.4766227834430D-06    9.3632383200718D-12
     1.5010965660205D-11    2.2864422319652D-11    3.4922512919391D-11
    -1.2076400203731D-06   -7.2777648376972D-07    4.4786732621177D-06
    -4.6390337378770D-11   -3.1896586754052D-11   -2.1558308123327D-11
    -1.3266633143623D-11   -6.0747865060065D-12    5.2726130150958D-13
     6.9493306345009D-12   -3.5077551772242D-10    2.0229130296964D-11
    -2.1887904064534D-06   -5.4001569041695D-06   -8.3261300822708D-06
    -1.7318611782282D-05   -4.7205257071083D-06   -1.2955421481942D-05
    -3.6559380575101D-05   -8.0650969977799D-06    4.5733592340391D-05
     9.0190768859383D-05    3.7604996249325D-04    3.4282193656883D-04
    -6.6097612819680D-04   -1.7042721454890D-03   -3.0368900639670D-03
    -3.4995054230642D-03   -3.5778245864548D-03   -3.3509903342440D-03
    -2.9163546864394D-03   -2.4663912060382D-03   -2.4215701750420D-03
    -2.1605092734246D-03   -1.8201822176671D-03   -1.6095872308423D-03
    -1.3388383745117D-03   -1.2870624519273D-03   -6.3272995954278D-04
    -6.5853940367804D-04   -7.0881890908265D-04   -3.8801482688881D-04
    -2.0596506800100D-04   -3.4440541940008D-05   -7.2201346613977D-05
    -1.2066516788948D-11   -1.1968240836997D-11   -1.1767880414983D-11
    -1.1459790141873D-11   -1.1036256177739D-11   -1.3295682736956D-06
    -9.7984028475701D-12   -8.9527981994563D-12   -7.9269322395033D-12
    -1.2818953183833D-06   -1.4614464256734D-06   -3.4036855228991D-12
    -1.3539539418339D-06    1.4741968492698D-12   -1.3862561814821D-06
     9.1959198293183D-12    1.5025392850578D-11    2.3330839230785D-11
     3.6427731054390D-11   -1.4496506487051D-06   -1.2648562662422D-06
     4.6802162204433D-06   -4.2946163140200D-11   -1.2508771393905D-06
    -2.2929267024977D-11   -1.5880009015441D-11   -9.6290962123982D-12
    -3.8720774102580D-12    1.7579189084186D-12   -5.8636895801442D-10
     1.3416526492409D-07   -1.1050571876096D-06   -6.8900966823764D-06
    -6.8218292340004D-06   -2.1434700760177D-05   -1.0291877020602D-05
    -1.3402060474427D-05   -3.5908946582219D-05   -2.0479447957989D-05
    -1.1810738439490D-05    8.8767442222236D-05    1.8236918674845D-04
     3.1384462289361D-04   -6.2518399905375D-04   -1.6017341197307D-03
    -2.6818518610726D-03   -2.6630957090340D-03   -2.9427672832317D-03
    -2.6424952295421D-03   -2.7108208002253D-03   -2.2711571984468D-03
    -2.2201737411552D-03   -1.5439337459757D-03   -1.5780787409343D-03
    -1.1910638028346D-03   -1.0134928170283D-03   -9.2100073138214D-04
    -7.9557799650594D-04   -4.3360289355203D-04   -2.9849191399340D-04
    -3.5588761630847D-04   -2.9197488892015D-04   -3.7240820030651D-05
    -8.1706775372600D-05   -9.2147584610687D-12   -9.1416637988846D-12
    -8.9926058551521D-12   -8.7632681580674D-12   -8.4477088754908D-12
    -9.9123651704834D-07   -7.5233448499883D-12   -6.8899624738768D-12
    -6.1192971429737D-12   -9.5503988777015D-07   -1.0911005267633D-06
    -2.6885045722301D-12   -1.0095686667351D-06    1.0774587352759D-12
    -1.0334791667468D-06    7.1914601916641D-12    1.1937194720334D-11
     1.8906569218048D-11    3.0447023496747D-11   -1.0603811151581D-06
     6.5092163918220D-09    2.5534319785548D-06   -3.1776760548893D-11
    -2.5233816037812D-07   -8.8176914833614D-07   -1.4290927477377D-11
    -9.9851124583571D-12   -6.0121555619240D-12   -2.1195201611008D-12
    -5.1972188812012D-10    5.4306507846817D-07   -1.2239306966844D-06
    -4.4577648386640D-06   -3.1825103498215D-06   -2.0076526769208D-05
    -2.8767168593596D-06   -1.4264565331720D-05   -1.9684201967268D-05
    -4.6264338253689D-05   -2.1561668531743D-05    4.9658605700290D-05
     4.0354849599177D-05    9.1634959640482D-05   -4.8803081195212D-04
    -1.1868200608154D-03   -1.6627099738709D-03   -1.5773875175475D-03
    -2.1822314404013D-03   -1.7438065928434D-03   -2.0476387773275D-03
    -1.3831400376956D-03   -1.4472275478484D-03   -1.0234902695787D-03
    -1.1472014614336D-03   -7.7201210525180D-04   -5.7205130868958D-04
    -3.8952716961257D-04   -4.6794671116340D-04   -4.2355673087451D-04
    -3.2082315742074D-04   -1.6704010141061D-04   -1.2559150398043D-04
    -9.1043673381894D-05   -2.5617754539859D-05   -1.0180090621538D-11
    -1.0100901772914D-11   -9.9394077491055D-12   -9.6908299939552D-12
    -9.3485232847376D-12   -1.0748421045608D-06   -8.3437059622112D-12
    -7.6532185731157D-12   -6.8107537133367D-12   -1.9650841411672D-06
    -2.5030864538238D-07   -3.0270965102777D-12   -1.0950298010186D-06
     1.1909974007293D-12   -1.1210448963860D-06    8.1767704832667D-12
     1.3700692924754D-11    2.1939215675657D-11    3.5828956892662D-11
    -1.1490613623658D-06   -6.5315070783259D-11    2.8131293579915D-06
    -3.5572363287607D-11   -2.8486488012044D-11   -2.2918322613558D-11
    -1.8180559835091D-11   -1.3866466306786D-11   -9.8783325715409D-12
    -5.9829490137046D-12    5.4462589344994D-07    6.2493379990012D-07
    -1.3548265039860D-06   -5.0796027011959D-06   -3.0161438467899D-06
    -2.0177816309959D-05   -1.2034775676179D-05   -1.7851083303825D-05
    -1.8035546925033D-05   -6.1840348564319D-05   -6.1039252471715D-05
    -4.8665026663215D-05   -1.0422298059330D-05   -1.4118513668680D-04
    -7.0098636763675D-04   -1.1963313296869D-03   -1.4388550598457D-03
    -1.3458335788670D-03   -2.5524468512739D-03   -1.9966356741355D-03
    -1.9727088173949D-03   -1.2317154218852D-03   -1.1966340192528D-03
    -1.3492888691771D-03   -5.4486462300264D-04   -6.9258554942492D-04
    -8.3414111060888D-04   -3.7223784158254D-04   -3.3337989101667D-04
    -4.6570358344356D-04   -4.0905599608461D-04   -4.1099422301110D-04
     3.3857466445477D-05   -1.2907080054699D-04   -3.2076964708815D-05
    -1.1216487301536D-11   -1.1130694610805D-11   -1.0955754265956D-11
    -1.0686377934066D-11   -1.0315125899919D-11   -1.1646435370641D-06
    -9.2228297741595D-12   -8.4698422985881D-12   -7.5483341606411D-12
    -2.4004541833899D-06   -5.0540446387409D-12   -3.3705147875188D-12
    -1.1871768802962D-06    1.3595863823153D-12   -1.2148923558347D-06
     9.3276231720807D-12    1.5714285270623D-11    2.5324564293258D-11
     4.1610069640779D-11   -1.2532574503121D-06   -6.8188267660706D-11
     3.0629302318427D-06   -4.0843409572013D-11   -3.3640057651482D-11
     9.9459882084846D-07   -2.3186285620230D-11   -1.8923317366067D-11
    -1.4972279475838D-11   -1.1149668807738D-11   -7.3131182540294D-12
     5.0542853718417D-07   -1.4822405167568D-06   -6.4592946412816D-06
    -2.9172029997698D-06   -2.0622251612781D-05   -1.5345364191462D-05
    -1.6480842739464D-05   -2.5182374486313D-05   -1.1096430782064D-04
    -7.4825492084525D-05   -1.3994262110760D-04   -1.6298654534711D-04
    -3.5769308701349D-04   -7.6166799125627D-04   -1.3004863788305D-03
    -1.5071638469174D-03   -1.5986183094627D-03   -2.0603102033036D-03
    -1.3618159700853D-03   -2.2396307369063D-03   -1.3153388243971D-03
    -1.0543650052396D-03   -1.0010742823802D-03   -5.0039859268303D-04
    -7.1627329397168D-04   -5.4739654201870D-04   -5.1594961721509D-04
    -5.2632016311360D-04   -3.6262260973239D-04   -5.1860473904164D-04
    -2.5157059728596D-04   -5.6604588169838D-05   -1.1214183007954D-04
    -6.8857898813207D-05   -1.2316780569905D-11   -1.2223760330066D-11
    -1.2034144725601D-11   -1.1742098654399D-11   -1.1339285725187D-11
    -1.2610267498986D-06   -1.0151327404108D-11   -9.3296844178168D-12
    -8.3210050499164D-12   -2.6008080559630D-06   -5.5732397782886D-12
    -3.7044544652296D-12   -1.2849605701247D-06    1.5969736142042D-12
    -1.3139801651751D-06    1.0650956558019D-11    1.7973883916568D-11
     2.9028514125665D-11    4.7700531153308D-11   -1.3693522186758D-06
    -7.0181730904110D-11    3.3149904550170D-06   -4.7390657008051D-11
    -4.0137121786261D-11    1.8719923501176D-06   -2.9576227693438D-11
    -2.5432169144212D-11   -2.1592479224015D-11   -1.7939086081965D-11
    -1.4329181085892D-11    3.4463905156003D-07   -9.5457655258396D-07
    -5.0763553902401D-06   -1.9739940553587D-06   -3.0447098580157D-05
    -1.9560363823290D-05   -1.4459620612024D-05   -5.5094678423408D-05
    -1.6958338974445D-04   -1.1738175668855D-04   -2.8311268782085D-04
    -3.2741147715866D-04   -7.2884451213540D-04   -1.1629398603382D-03
    -1.1810042155174D-03   -1.3080465112885D-03   -1.9855865275268D-03
    -1.4578736284999D-03   -1.8373140199750D-03   -1.8936068937782D-03
    -1.0530822560392D-03   -5.3082167771211D-04   -1.2991152601829D-03
    -5.0681807708726D-04   -5.6180346397772D-04   -6.0884933485304D-04
    -1.0908898483692D-04   -3.7944213873551D-04   -2.4163274879902D-04
    -2.6821826994854D-04   -3.4349095948057D-04   -1.4062939601223D-04
    -8.2435094011034D-05   -7.2392342403366D-05   -1.3465243621802D-11
    -1.3364329036738D-11   -1.3158740614945D-11   -1.2842071730562D-11
    -1.2404998561660D-11   -1.3643954966125D-06   -1.1113056149485D-11
    -1.0216085108561D-11   -9.1114888405816D-12   -2.8124256119934D-06
    -6.0850607898128D-12   -4.0135328928550D-12   -1.3883458262097D-06
     1.9109146916001D-12   -1.4212484190044D-06    1.2132027465535D-11
     2.0435327325330D-11    3.2947943068265D-11    5.3837494145742D-11
    -1.4949740840580D-06   -7.0577007403120D-11    2.9122642724858D-06
     6.7005070061202D-07   -4.7975494985648D-11    2.0344462506571D-06
    -3.7619532459224D-11   -3.3675961551579D-11   -3.0066813880612D-11
    -1.8872937501005D-06   -2.3485288476380D-11    3.5126394655642D-08
    -3.7774829000607D-07   -5.4734116697829D-06   -1.8757171623995D-06
    -2.4870065128537D-05   -2.8543130734652D-05   -3.9536561871441D-05
    -7.0960602378246D-05   -2.2414657194871D-04   -2.0878276083737D-04
    -4.8876000957541D-04   -5.4744959983609D-04   -1.1761000937802D-03
    -1.6045028706663D-03   -1.0772013349846D-03   -1.9257562578821D-03
    -1.2094535676797D-03   -1.2167222714406D-03   -1.8693053527023D-03
    -1.6137615866301D-03   -5.6035332515170D-04   -5.5568026669507D-04
    -1.2553991628195D-03   -3.5039514761914D-04   -6.8594050490384D-04
    -4.5778856056413D-04    8.0667633500495D-05   -2.9490559094732D-04
    -2.4345661432930D-04   -7.4214686905237D-05   -3.4371046134215D-04
     5.7515040748092D-06   -7.5106687591646D-05   -4.3106507026970D-05
    -1.4636250406641D-11   -1.4526694498796D-11   -1.4303698249614D-11
    -1.3960289636506D-11   -1.3486117600255D-11   -1.4722521028014D-06
    -1.2081948262393D-11   -1.1104942798246D-11   -7.9000951628884D-07
    -3.0362167031188D-06   -6.5760966660453D-12   -4.2885523145410D-12
    -1.2404777799304D-06    2.2948675856914D-12   -1.5395199154005D-06
     1.3717438926431D-11    2.2991626176809D-11    3.6866896931587D-11
     5.9532063454286D-11   -1.2542926267574D-06   -6.8756101994283D-11
     6.2256965071853D-07    1.9478185787615D-06   -5.7113016355774D-11
     2.2023921211964D-06   -4.6066395181117D-07   -4.3921248504679D-11
    -4.0719646304306D-11   -2.1616457179913D-06   -3.5194511719903D-11
    -8.6263819398219D-08    8.0267207031820D-07   -8.8389485903155D-06
     4.9946708044286D-07   -2.4191161688316D-05   -4.1934416709777D-05
    -7.5468942843654D-05   -9.5214597303312D-05   -3.2085121173369D-04
    -3.1248153940755D-04   -7.7562078869966D-04   -9.5849940576039D-04
    -1.9568928611760D-03   -2.1243194524378D-03   -5.6435377030562D-04
    -2.3486621191265D-03   -7.4753875049411D-04   -1.6750646357220D-03
    -1.0927285349530D-03   -1.5553412136575D-03   -4.3538410310475D-04
    -1.0640240384679D-03   -4.2625640430959D-04   -5.1887190669684D-04
    -1.4430849467528D-04   -4.8876809177923D-04   -2.1766576132565D-04
     1.1435732950243D-04    1.3625747904677D-04   -6.5667281352726D-05
    -3.8794900054001D-05   -8.7769681730017D-05   -1.0179354982322D-04
    -2.0388252567015D-05   -1.5797951173024D-11   -1.5679420629616D-11
    -1.5438424205937D-11   -1.5067455265442D-11   -1.4555119812316D-11
    -1.5866843561776D-06   -1.3035588564909D-11   -1.1975754022207D-11
    -1.4855928307363D-06   -3.2783140298049D-06   -7.0363208853343D-12
    -4.5278185052507D-12   -1.3561473858894D-12    2.7181576276465D-12
    -1.6673953049388D-06    1.5295366009542D-11    2.5442737138368D-11
     4.0415379953000D-11    6.4034289335211D-11   -9.8676818276905D-08
    -6.4563098938000D-11    1.1132845871401D-07    1.8847268715025D-06
    -6.7499035240981D-11    2.3730190130268D-06   -1.8697343998362D-06
    -3.9320093552939D-07   -5.3815443107849D-11    5.9340080731080D-09
    -4.9803320516176D-11   -1.2159506831792D-06    8.8983507349511D-07
    -1.3299403493372D-05   -5.9399810292413D-06   -3.2446435207026D-05
    -6.7776699801764D-05   -9.5264139139618D-05   -1.5959120796834D-04
    -4.2643697028695D-04   -4.9998401811223D-04   -1.1380996075960D-03
    -1.5609091349048D-03   -3.0720959262914D-03   -2.4204212371434D-03
    -8.5533558809285D-04   -1.7837717013375D-03   -8.3116699142697D-04
    -1.7985407253486D-03    1.9396778243362D-04   -1.0445986858328D-03
    -4.7807965068876D-04   -4.0791321914397D-04   -3.5479857535898D-04
    -1.0951274038839D-04    4.3853239754762D-04   -3.6089950053654D-04
     6.8813479328819D-05    2.3164887993082D-04   -2.4462869326892D-04
     1.5068634893959D-04    5.7836373917144D-05   -1.9049045991988D-05
    -6.9845344979778D-05    2.6038247258895D-06   -1.6915198983801D-11
    -1.6787559074342D-11   -1.6528387351043D-11   -1.6129738965101D-11
    -1.5579259201257D-11   -1.7110770120770D-06   -1.3945203116004D-11
    -1.2803661767173D-11   -1.6007593177017D-06   -3.5410117293713D-06
    -7.4648571472634D-12   -1.0765647311358D-06   -1.3045229150313D-12
    -5.6041365140606D-08   -3.4195032296780D-06    4.7498513055506D-07
     2.7462576662827D-11    4.3027153594974D-11    5.8853734918034D-07
     1.3218019757103D-07   -5.9044692343996D-11    1.2038328220263D-07
     1.9342818645597D-06   -7.8889963448163D-11    2.5490721349134D-06
    -7.3236443987991D-11   -2.4770034605763D-06   -6.9471195664886D-11
    -6.8295173330611D-11   -6.7470269824230D-11   -1.5817892831437D-06
     4.0994169179891D-07   -1.1118878766867D-05   -9.3945580849439D-06
    -4.2815375526057D-05   -9.1939905808216D-05   -1.4105228758575D-04
    -2.4342896374309D-04   -5.1227346339497D-04   -8.3810894215401D-04
    -1.5852332675377D-03   -2.4965290372114D-03   -4.2674649675113D-03
    -2.5219244713456D-03   -1.2714554851241D-03   -1.1388591833756D-03
    -9.6690867859045D-04   -9.3065591113647D-04    3.5416667074756D-04
    -1.5289339394945D-05    4.2261423918995D-07    5.0150917249166D-04
    -2.7499460785348D-04   -2.2828582749364D-05    5.4317705822133D-04
     1.0802873527539D-04   -1.5401209283909D-04   -1.0678701760931D-04
     2.3133626054006D-05    4.1148056520378D-04   -2.4313709285462D-05
     1.6955682256179D-04    1.4714827729598D-04   -4.9070443624675D-05
    -1.7943389921218D-11   -1.1549633132453D-06   -1.7530782463991D-11
    -1.7106242311609D-11   -1.6520373943541D-11   -1.8446464053637D-06
    -1.4781458602879D-11   -1.3566124302656D-11   -1.7231400853064D-06
    -2.9340243436629D-06   -7.8775480504393D-12   -1.8513457692283D-06
    -1.3220846638731D-12    1.8037004151835D-06   -3.8984731262820D-06
     1.9924539825436D-06    2.8573361733535D-11    4.3965799750456D-11
     2.1023946173086D-06    2.3636714062278D-06   -5.3836509031668D-11
     1.3029700889793D-07   -9.7477901180161D-08    1.4967214590304D-06
     1.1961290985887D-06   -8.8785328204809D-11   -2.6552090834583D-06
    -8.7539904941769D-11   -8.7589560412252D-11   -4.2060651311677D-08
    -4.3846143770305D-06    2.2876431919561D-06   -1.0760998407818D-05
    -2.0067591554333D-05   -4.0812231270952D-05   -1.2582542812018D-04
    -1.9073214500003D-04   -3.2169103052110D-04   -6.5694834598742D-04
    -1.1561298016652D-03   -2.3095603466054D-03   -3.5779966970028D-03
    -5.0263024778262D-03   -2.6181939697037D-03   -1.3188056962006D-03
    -9.4677003619707D-04   -8.3496799224200D-04    6.4506916894146D-04
     2.3033703355244D-04    1.0704963548756D-03    5.9406686732481D-04
     9.5493676697630D-04    1.3851274292146D-04    2.2466568662405D-04
     3.1260903682158D-04    9.0516293221140D-04    2.0159570628961D-04
    -1.0632171136256D-04    4.8812450290246D-04    3.2664039780661D-04
     2.3029296401337D-04    2.6753927034070D-04    5.2995383638745D-05
     2.9438461043411D-05   -1.8833549855931D-11   -1.9348465212521D-06
     1.2351856600203D-06    7.7708996084309D-07   -1.5337607013706D-06
    -4.9002828057803D-07   -1.5518817288316D-11   -1.4247852280948D-11
    -1.8529355369968D-06   -1.9016987234926D-06   -8.3157632283004D-12
    -1.9969859903866D-06   -1.5314045117631D-12    2.0423811045626D-06
    -2.7175135703343D-06    2.1524213250512D-06    2.8155527003860D-11
     4.2308769548603D-11    2.2836141242903D-06    2.5729892034854D-06
    -5.0704161279362D-11    1.2655879108814D-06   -1.0190703847983D-07
     7.1674913818896D-08   -1.0470779347614D-10   -1.0557323088537D-10
    -2.8369255083986D-06   -1.0748742431624D-10   -1.0895549531458D-10
    -1.1073864818803D-10   -4.4449320223914D-06   -2.9238033043857D-06
    -1.3277565824870D-05   -1.9901752943993D-05   -4.9963653459123D-05
    -1.4297266490875D-04   -2.6946037749146D-04   -4.4811742129090D-04
    -8.3197236722166D-04   -1.5805478104376D-03   -3.1453383432458D-03
    -4.9875740204195D-03   -5.8625189760791D-03   -2.6070713910947D-03
    -1.1929977344109D-03   -8.4594643719612D-04    1.5643511344702D-04
     7.7842596234667D-04    1.5534437538739D-03    2.0041622149030D-03
     1.3306068136539D-03    1.6664896769439D-03    3.3199648013589D-04
    -9.4338107294689D-06    1.2616546258235D-03    1.0902800780870D-03
     1.8353480763814D-04    5.6446894762058D-04    3.9238172179894D-04
     1.2188243127007D-04    3.6204255349940D-04    4.8196915935421D-04
     1.7838996716930D-04    3.4916973741419D-05   -1.9535397307873D-11
    -1.9414709678845D-06    3.0582950678008D-07   -1.8630373867030D-11
    -2.2632827140063D-06   -1.7179761271886D-11   -1.6140608417274D-11
    -1.4846622375136D-11   -1.9903439186935D-06   -2.0444005781130D-06
    -1.4116773544293D-06   -7.2662888653965D-07   -2.1143017882630D-12
     2.3551818927728D-06   -2.2630071836971D-06    2.3271034430238D-06
     2.5461265984602D-11    3.6941829415113D-11    2.4758539004673D-06
     2.7928883925606D-06   -5.1253667579166D-11    2.2263489685746D-06
    -1.8685015522499D-08   -1.1467575916974D-10   -1.1956532863615D-10
    -1.2279893350979D-10   -3.0214676686358D-06   -1.2830204689716D-10
    -1.3125243463315D-10   -1.3436616782230D-10   -4.6912112046145D-06
    -4.4874211195503D-07   -2.1215132469206D-05   -2.9214615165005D-05
    -6.4141032213091D-05   -1.8647291060626D-04   -3.2155510948022D-04
    -5.9335285164206D-04   -1.0460707002121D-03   -2.2764903318425D-03
    -3.9948757772222D-03   -6.3681812735169D-03   -6.2622076085628D-03
    -2.7323960503619D-03   -1.3960359375149D-03    2.2575414788092D-04
     7.8328162243940D-05    1.9730200965839D-03    2.9872994268565D-03
     2.1493908500124D-03    2.3605427268170D-03    1.2428678377502D-03
     9.7534833190201D-04    8.5996599921534D-04    1.8907829446630D-03
     1.4151685927612D-03    4.9045022106749D-04    8.6011574324825D-04
     3.9263892320241D-04    6.1482813134715D-04    4.3602843498887D-04
     1.6636300612319D-04    1.1982054844501D-04    7.1486691496271D-05
    -2.0001361639202D-11   -2.2484016935449D-06    2.9162947577543D-07
    -1.9098896802589D-11   -2.4300720790814D-06    5.3795943862332D-07
     5.7681096530875D-07   -5.3383834576200D-09   -2.1295581649462D-06
    -2.1914410848622D-06   -2.2923137527019D-06   -6.7766305263078D-12
    -3.3139007152523D-12    2.5429528062603D-06   -8.8915302774070D-07
     2.5134926853970D-06    1.9703491424045D-11    2.6821233710925D-11
     2.6780080453050D-06    1.1938447175687D-06   -5.6487179063768D-11
    -1.7404333212228D-06    6.1730804715006D-07   -1.2575453779278D-10
    -1.3369653933416D-10   -1.3937716509966D-10   -1.0158298852944D-06
    -2.2321881107039D-06   -1.5279834338337D-10   -9.1482855051413D-07
    -2.3629477974959D-06   -4.1897987698611D-06   -3.0696941622204D-05
    -3.3215713387148D-05   -8.2188365801476D-05   -2.4138180842831D-04
    -3.9887907634395D-04   -7.7533723627076D-04   -1.4335409844630D-03
    -2.9682318052729D-03   -5.2766194191890D-03   -6.9129298793781D-03
    -5.8224640089810D-03   -2.6429850574148D-03   -2.6000066225835D-05
     4.3679411681234D-04    5.7144164557444D-04    2.7593099166583D-03
     3.6939560747924D-03    1.6477385723658D-03    3.6195529327385D-03
     1.2759416180174D-03    1.8143407838779D-03    2.2662741066294D-03
     1.5090960473948D-03    1.1027898350302D-03    1.3082395587529D-03
     1.2719547826043D-03    5.9922277359785D-04    3.1954128622100D-04
     6.4941675066230D-04    3.8411479788080D-04    1.3383299484067D-04
     8.0654253665788D-05   -2.0186151612992D-11   -2.4907163838710D-06
    -7.5391661052815D-07   -2.6558543273487D-08   -2.2740185618769D-06
    -1.7985454196347D-11   -1.9560787867503D-07   -2.2363038854197D-06
    -2.2830678845551D-06   -2.3522005640599D-06   -1.3303697829371D-06
    -8.2978132718474D-12   -5.4155349174660D-12    2.7436460909360D-06
    -1.2990404131780D-07    9.5826796037747D-07    1.0140431653769D-11
     1.1498118047615D-11    2.3636389890868D-06   -2.1209404384295D-06
    -6.6439841444809D-11   -5.6546801353613D-07    7.3012500306485D-07
    -1.3583098904074D-10   -1.4623438906951D-10   -1.5402964809317D-10
    -1.6046067932010D-10   -3.4494976536666D-06   -1.7152135362667D-10
    -4.2915344728245D-06   -2.6485650530470D-06   -7.8204244470439D-06
    -3.2354610291230D-05   -6.2545097323487D-05   -1.0539225628795D-04
    -3.1351253281466D-04   -5.3928650584420D-04   -9.5570661627193D-04
    -1.9614856411105D-03   -4.0521468841427D-03   -6.3851255734957D-03
    -7.0912584504057D-03   -4.7605818493751D-03   -1.7801191655758D-03
    -3.6462180854613D-04    1.1991193164928D-03    2.3999810482071D-03
     2.9540364723996D-03    4.2880873747880D-03    3.2075509483023D-03
     3.5847365632932D-03    1.9459101760301D-03    2.3645216179570D-03
     2.3646428084345D-03    1.3972717546869D-03    1.3190269113972D-03
     2.0522938337808D-03    1.5265825564120D-03    8.0676992760970D-04
     5.3150229018101D-04    4.9067388653233D-04    4.3461995336625D-04
     3.0800832079440D-04    9.0706689964563D-05   -2.0071271925321D-11
    -2.6747825426872D-06   -2.4292263692104D-06   -1.9320769703789D-11
    -2.0767121301567D-06   -1.8166186539902D-11   -2.8270849103436D-06
    -1.6407251695691D-11   -1.3573569633766D-06   -3.6163645233783D-06
    -1.2388005593572D-11   -1.0635809757635D-11   -8.6972656846254D-12
     2.9575564981858D-06   -1.4525648295167D-07    1.2403166228843D-06
    -3.5834002137145D-12    4.4899118016961D-07   -2.4773471341644D-11
     5.0595287222054D-07   -8.0049308154883D-11   -4.2070472867742D-07
     1.1590628236726D-07   -1.4451321435445D-10   -1.5628191219143D-10
    -5.0150156013093D-07    1.3372104462461D-07   -4.5259182700863D-06
    -1.8527091842821D-10   -7.2748356848907D-06   -8.9881912558155D-06
    -2.6286667898205D-06   -3.0473592559063D-05   -6.8530117201827D-05
    -1.5969151980273D-04   -3.4485017230942D-04   -7.0230427877803D-04
    -1.2910022218338D-03   -2.5948202157731D-03   -5.0321955891925D-03
    -7.2821549448905D-03   -7.2321184205474D-03   -3.0805041071238D-03
     2.1116196843765D-04    2.8472482031867D-04    2.4740138456008D-03
     2.6955486949173D-03    3.4196471048730D-03    5.0354747344322D-03
     4.3459294432345D-03    3.6137903308212D-03    3.0060674776439D-03
     2.3907628766788D-03    2.6082465752784D-03    2.0178187894958D-03
     1.8036009171663D-03    1.8228074552858D-03    1.0525521777411D-03
     8.2353437094129D-04    1.0266497666944D-03    7.9036717820382D-04
     2.0075011049095D-04    2.7150075410520D-04    1.4499622521708D-04
    -1.9647036668695D-11   -2.8718522241932D-06   -2.5994644495572D-06
    -1.9075073274491D-11    4.6574329507843D-07   -1.8233461982469D-11
    -4.8220778797429D-06   -2.6844034642087D-07   -1.6314483254887D-11
    -5.3341251226933D-06   -1.4724116277701D-11   -1.3952183879701D-11
    -1.3334553143645D-11    3.1849840326404D-06   -2.9141560090454D-06
     1.5818664192506D-06    2.6150810788040D-06    3.2044535237226D-06
    -5.5772588060553D-11    2.6582281950128D-06   -9.5287579253472D-11
    -3.3094110048980D-07   -2.0075245905224D-06   -2.0179903699489D-06
    -1.6290293560340D-10    3.2370737254853D-06    1.1017019679379D-07
    -1.3766216050166D-06   -3.7180301328858D-06   -1.4050908067001D-06
    -1.6206967288836D-05   -8.4920852685857D-06   -3.0096300883701D-05
    -8.6101485003408D-05   -1.9157151455918D-04   -4.3692413099286D-04
    -8.7736801326905D-04   -1.6689703574517D-03   -3.6154636943022D-03
    -5.6130639332984D-03   -7.7077897181227D-03   -5.2311797975950D-03
    -1.0280037225569D-03   -1.5640911906582D-04    1.9659597005774D-03
     4.2375444798852D-03    3.4873146194686D-03    5.0499876539761D-03
     4.4011369624748D-03    4.8600529608779D-03    4.6113345662035D-03
     3.7662824038343D-03    3.1791572158564D-03    2.4692634778920D-03
     3.0607524370026D-03    2.0721089618902D-03    1.9131211809568D-03
     1.5739544752213D-03    7.1785068284168D-04    9.0676935945635D-04
     8.7087132678004D-04    3.9838627065055D-04    4.6788691032999D-04
     1.4846675513456D-04   -1.8915185176923D-11   -2.6205005113082D-06
    -2.7178230596470D-06   -1.8602620586005D-11    5.1522569479968D-07
    -1.8206942140661D-11   -1.5653603902506D-07   -3.1883007437134D-06
    -1.7641242596408D-11   -5.7077691403392D-06   -1.7754990666244D-11
    -1.8234972382948D-11   -1.9252079576245D-11    3.4260551581223D-06
    -3.2671611178959D-06    3.4523394400453D-06   -4.0339604445583D-11
     3.4279931004705D-06   -8.5503827632457D-11   -2.2132614408104D-06
    -1.0948426704092D-10   -3.6233162687819D-07   -3.6188501010478D-06
    -3.4534921379860D-06   -1.6507987479063D-10    8.5714827382814D-07
    -2.6078592862722D-06    1.8166047376221D-06   -5.1816261546166D-06
     9.8049946719415D-07   -1.5557386865918D-05   -1.3294875803509D-05
    -3.2808477558364D-05   -8.4902507446890D-05   -2.4241300926929D-04
    -4.6241377522698D-04   -1.0875447735939D-03   -2.0184472424353D-03
    -4.2504009164786D-03   -6.3137308436733D-03   -6.2044767105151D-03
    -3.5061045204018D-03   -5.9978303203311D-05    7.7533554380609D-04
     3.2730232350483D-03    4.2812521684283D-03    5.3060710339849D-03
     6.3564785864496D-03    4.5941933633069D-03    4.7646874715693D-03
     4.9047866066494D-03    4.8771521737765D-03    3.1929738760366D-03
     3.1770095087637D-03    2.3440070809175D-03    2.4395454463689D-03
     1.9992509754456D-03    1.5774870296398D-03    1.5264157320947D-03
     1.0323398430892D-03    8.5775731443986D-04    4.8676195609578D-04
     2.1404108042201D-04    1.3343891556643D-04   -1.7872998915421D-11
    -1.7870383769000D-11   -2.8850548959918D-06   -1.7892448418865D-11
    -2.0781203980152D-08   -1.8058265904133D-11   -1.8261371479443D-11
    -3.4285234876618D-06   -1.9145086510883D-11   -4.1447943918766D-06
    -2.1247923802335D-11   -2.3134695219556D-11   -2.5927130102415D-11
     3.6769188023495D-06   -3.4990861583122D-06    3.6108882601656D-06
    -5.9156169099900D-11    1.5148593336827D-07    3.5845034548839D-06
     4.9244588192414D-07   -1.1974565939156D-10   -2.3955512253228D-06
    -4.2012293877325D-06   -3.9103399561965D-06   -1.6212726354968D-10
    -1.6904667080845D-10   -3.7218531586430D-06    3.7088210715647D-06
    -1.7181051991237D-06   -1.7883839904198D-06   -1.0057476661906D-05
    -1.3000096447240D-05   -4.3847530668889D-05   -8.1788174011608D-05
    -2.8055924869945D-04   -4.9239122076132D-04   -1.2306881132211D-03
    -2.4882834450760D-03   -4.5320825476232D-03   -6.4799044907010D-03
    -3.9429916005447D-03   -1.8123247131288D-03    1.1525593187827D-03
     3.6606817945681D-03    4.2043143050951D-03    5.7206461652522D-03
     6.9556335447573D-03    6.0848684601591D-03    6.4093523290808D-03
     4.9666419678938D-03    6.0021500952279D-03    4.2316010917745D-03
     4.2661536203043D-03    2.9495219529813D-03    3.2078142758012D-03
     2.4543565501610D-03    1.7292656992608D-03    1.4070028366459D-03
     1.4188181450727D-03    9.1785197408119D-04    7.4094437060880D-04
     5.6083532126612D-04    3.2223094043313D-04    1.7839284486279D-04
    -1.6481410930221D-11   -1.6538063177990D-11   -3.0889383230793D-06
    -1.6868970537503D-11    1.1014350419420D-07   -1.7646787604485D-11
    -1.8300699017569D-11   -3.6837827409542D-06   -6.0528985676918D-08
    -3.2193426017640D-06   -2.4569875839962D-11   -2.7802697455754D-11
    -2.8971528650773D-06    1.6957547201028D-06   -3.7455638001734D-06
     7.2262225600619D-07   -7.4025176353995D-11   -9.5958019972536D-11
     3.9881017194514D-06    4.2617903926355D-08   -3.3696891357461D-06
    -4.1057956533060D-06   -1.9461808429983D-06   -4.8375258019805D-06
    -1.5309218503490D-10   -1.5803817916046D-10    1.7342554173160D-06
     2.3927548625473D-06    2.6089943437283D-06   -4.1628786116258D-06
    -3.4762911540118D-06   -1.0684865632861D-05   -5.1651623739674D-05
    -8.1313356316668D-05   -2.3144261887915D-04   -6.3646878188599D-04
    -1.1781191295438D-03   -2.7237116616425D-03   -4.8058084002513D-03
    -4.6227360568996D-03   -1.6464076108474D-03    6.4904613290100D-04
     3.3329671945722D-03    5.1407466465169D-03    6.7904501364494D-03
     7.0275714476863D-03    7.2523131315201D-03    6.2360578048135D-03
     7.7216870834774D-03    5.5204332807446D-03    5.6260045403645D-03
     5.2178220015969D-03    4.3544955730560D-03    3.7856269512888D-03
     3.3583691992951D-03    3.0895278926393D-03    1.8982638542582D-03
     1.1657089359632D-03    1.0453540686895D-03    1.2240864574549D-03
     8.1662654969545D-04    6.0263611687538D-04    3.5112523060257D-04
     1.3540340952095D-04   -1.4616235889756D-11   -1.4726747837880D-11
    -4.6385471019780D-07   -1.5335340694640D-11    2.3485631098171D-07
     5.7840462704996D-07    9.1384436513887D-07   -3.9604460662020D-06
    -3.7769621104597D-06   -2.2997451034108D-06   -2.6574942699314D-11
    -3.6665982694279D-06   -1.9359542366624D-06    5.8640125652035D-06
    -6.4132208053719D-06   -6.5231800964787D-11    1.7196970027786D-06
    -1.7666179786272D-07    4.3416584526820D-06    5.2602960330296D-07
    -4.3344135592555D-06   -4.3517002773472D-06   -8.6989588879016D-07
    -4.6104230149590D-06   -1.3658012387910D-10   -1.3966171469982D-10
     4.0226838106684D-06    4.2019191095719D-06    2.3265224269840D-06
    -9.6634702341452D-07   -1.1747253236743D-05    7.2751185990435D-06
    -4.9347078197908D-05   -6.5730583769579D-05   -2.3631230105336D-04
    -5.6029566198967D-04   -1.1714302794965D-03   -2.4916608015927D-03
    -4.0485805952599D-03   -2.7334278900047D-03    2.5432531570633D-03
     3.8888409117569D-03    5.3255268802922D-03    6.4981041088086D-03
     1.0327191757196D-02    8.8653937646610D-03    8.5390526625117D-03
     8.4950000964305D-03    8.5518956876044D-03    6.5404285122107D-03
     6.5868502124332D-03    5.4650508500783D-03    4.1587784556066D-03
     3.6453778313990D-03    3.5755346927039D-03    2.0819578030339D-03
     1.7250621656056D-03    1.6427973005957D-03    1.2575244633717D-03
     9.9793580608118D-04    1.1446286769077D-03    6.0724187084861D-04
     2.6159738947814D-04    9.6802279560747D-05   -1.2035573747151D-11
    -1.2176395891067D-11   -1.2469757643361D-11   -1.2936717787185D-11
    -1.3608729295550D-11   -1.4529420730530D-11    3.0817105979750D-06
    -4.1426058358104D-06   -4.0639678399170D-06   -2.2157286090756D-11
    -2.5618859437702D-11   -4.2650351136347D-06   -3.5670234891019D-11
     8.4244682510582D-06   -6.7692886459703D-06    1.2526200588436D-06
     1.8117981562537D-06   -2.6724415185543D-07    4.3922732475829D-06
    -2.2858364686321D-06   -7.2108630314940D-07   -3.1309453450005D-06
    -7.2847846484148D-06   -1.0947584392613D-10   -1.1142201468495D-10
     2.2901305359536D-07    4.3484555754578D-06    6.4110263104340D-06
    -5.4932945948122D-07   -1.2420532865724D-06   -7.3683612906017D-06
    -5.2619265497869D-06    1.7523024707659D-05   -8.3247658740455D-05
    -2.3379769005090D-04   -2.4728646702405D-04   -1.0728244944163D-03
    -1.9088633324927D-03   -2.4066545894747D-03    1.7140365055505D-03
     5.1068114827583D-03    8.5000588085426D-03    1.0303954705265D-02
     9.6519721620435D-03    1.2563617480908D-02    1.1177708777893D-02
     1.1153525737764D-02    9.6316321748835D-03    8.6496613093135D-03
     8.2420232481640D-03    7.4746871490220D-03    6.3593707196484D-03
     4.7755434085658D-03    3.9928114227837D-03    3.6156766656008D-03
     2.9962748415220D-03    2.1011541900057D-03    1.4352241258387D-03
     1.4180862266448D-03    7.3197086505877D-04    8.8554169743281D-04
     6.6275036753456D-04    3.8187179731760D-04    1.4897367432636D-04
    -8.3655909598703D-12   -8.4923385072623D-12   -8.7550248311313D-12
    -9.1703218869911D-12   -9.7631581393885D-12   -1.0567916871863D-11
    -1.1630001690484D-11   -4.4690059064234D-06   -2.8551132918433D-06
    -1.7022439436014D-11   -1.9861925305253D-11   -4.3739113877978D-06
    -2.7872958624774D-11    2.9173853742966D-06    3.3523047204539D-06
     1.4329389819838D-06    5.7218485171253D-07    2.3880025721022D-06
     3.9506777360570D-06   -1.3270652374104D-07   -2.2381632904136D-07
     1.7175415075962D-06   -1.0699792000050D-05    1.8252754645258D-06
     3.7098116589949D-07    9.6085380213057D-09    2.6764943301496D-06
     2.8901207789051D-06   -7.8821057404373D-11   -1.4955616546558D-06
     4.1751107309722D-06   -1.1169923059735D-06    1.1772135234743D-05
    -2.6055281956979D-05   -1.5063393007108D-04    4.5185156632208D-05
    -5.0771882626680D-04   -7.1401436478738D-04    3.3712002740984D-04
     6.6003976653789D-03    1.0948520674390D-02    1.4188784455507D-02
     1.5793290901832D-02    1.6628519577310D-02    1.5172621809113D-02
     1.5435115917297D-02    1.2255013217444D-02    1.1583059650266D-02
     1.1605361374855D-02    9.2805259261832D-03    7.9749099085354D-03
     7.4399940346541D-03    5.8490956778347D-03    5.1182005692483D-03
     4.0761737814557D-03    3.0303506646168D-03    2.6334718226930D-03
     2.2174242214469D-03    1.4617514656375D-03    1.2949226962044D-03
     8.7255987945910D-04    6.1987281668113D-04    3.5821933578868D-04
     1.6905682096432D-04   -3.1832109748204D-12   -3.2377647206284D-12
    -3.3505788544595D-12   -3.5284000182451D-12   -3.7813142733946D-12
    -4.1231781900306D-12   -4.5721696739389D-12   -1.3678748799633D-06
     1.1446630873763D-07   -6.8223142772680D-12   -7.9909998655980D-12
    -1.7136079361126D-06   -1.1238400111654D-11    7.4083623826065D-07
     1.4490829952947D-06    3.6110097742057D-06   -2.3050853800828D-11
     3.4681644680214D-06    6.1729212492155D-07    1.0931578185713D-07
     7.7512734330332D-07    1.4540611440497D-06   -4.4294348238222D-06
    -2.8353722214102D-11   -2.8594773699277D-11   -2.8810495895318D-11
     4.8711074053517D-06    6.5613364706351D-06   -2.9448044462199D-11
    -1.1774562448994D-06    6.1267909645613D-06    5.0864350368461D-06
     7.5037018963190D-07    2.0253130511339D-05    6.2537725467469D-05
     2.2777655288141D-04    5.0870268742971D-04    1.7428464909924D-03
     7.6227425762488D-03    1.6348978953593D-02    2.2635306204708D-02
     2.4956705587329D-02    2.3603682520682D-02    2.1898690156160D-02
     2.1803977073498D-02    1.9553529878168D-02    1.7299923276562D-02
     1.5815436929324D-02    1.3532901710860D-02    1.2491243937057D-02
     1.0487510783708D-02    9.1932260255082D-03    7.4679770371192D-03
     6.4352520137988D-03    5.4474605545592D-03    4.3534730526751D-03
     3.1700913018843D-03    2.6819460976516D-03    2.1703500387715D-03
     1.6871771782683D-03    1.1831923394333D-03    9.0558392809116D-04
     4.6467080265805D-04    2.2357511821353D-04
    -1.0497135125447D-06   -2.5225155045369D-12   -3.2975268837695D-12
    -2.7096266975291D-12   -1.8915170119530D-13    1.3046329228429D-06
     3.2491320867998D-06    2.5296284322150D-11    4.2144991287517D-11
     1.3119300423320D-06    9.3095129833938D-11    1.2863711804284D-10
    -7.3516998211517D-07    2.2099665898201D-10    2.7509608539476D-10
     3.2772555296006D-10    3.6637284299308D-10    3.6844863884910D-10
     3.2395474679126D-07    1.2148992115980D-10    7.5135021911584D-09
     1.4735889986484D-07    2.4068069151962D-08    2.6220537077063D-08
     2.6502112213809D-08    2.5756392014687D-08   -5.0913844396860D-07
     2.2726548817771D-08    2.0812404838957D-08    1.8755202159936D-08
     1.1232333141835D-06   -2.5498573241100D-06   -4.6573901850625D-06
    -1.8977884454675D-06   -1.8996940486615D-06   -2.5450886569430D-05
     2.2406546858848D-05   -2.7163721977910D-05    9.8089568915988D-05
    -2.0727428470428D-05    4.8149644321010D-05   -1.4842016597638D-05
    -1.3441302135888D-03   -1.6484734930181D-03   -2.1259080688155D-04
    -2.8070952208954D-04   -4.1464229872778D-04    1.2178300166850D-04
    -1.2446470188710D-04   -2.8034006086018D-04    4.3218196511435D-05
    -1.2618622954097D-04   -8.9987552665530D-04   -2.2824096731699D-04
    -1.7673526826308D-04   -1.8163158499455D-04   -1.8133677281511D-04
    -3.8543978260701D-05   -3.4241957342898D-04   -2.3147836517462D-04
     7.3342359159720D-05   -1.2778865463237D-05   -5.0082815477526D-05
    -1.1223418305389D-04   -9.8653103865123D-07   -9.6470007144541D-12
    -1.3497163848211D-11   -1.3461767889100D-11   -7.9102140652527D-12
     1.2253964071862D-06    2.6862270751826D-11    6.0040677393845D-11
     1.0668047628108D-10    1.2336599531244D-06    2.4988440630657D-10
     3.5094179502733D-10   -6.9229399885051D-07    6.1662994118107D-10
     7.7470819431760D-10    9.3201877737288D-10    1.0541934092492D-09
     1.0759156155917D-09    3.1054640083337D-07    3.6638122875960D-10
     7.0748564759826D-09   -4.8928665860872D-07    2.2196001449109D-08
     2.4096708530359D-08    2.4364748485150D-08    2.3736203837604D-08
     6.9444767462840D-07    2.1119559018317D-08    1.9454688143050D-08
     1.7660269182560D-08    1.0271722036646D-06   -1.7094438352911D-06
    -5.7086742270811D-06    3.2970754140588D-06   -6.1266482243585D-06
    -1.9759707615763D-05    1.3778857695055D-05    2.3565003662799D-05
     1.2536753025204D-04    1.0249089010342D-04    1.1495427446149D-04
     9.3945351862437D-05   -8.9261491953710D-04   -1.5430793747178D-03
     5.5207048402015D-05    1.2951979649515D-04   -1.2788831813768D-04
     1.0348734954976D-03    3.0200312194564D-04   -1.2795658111329D-04
     4.8751192656521D-04   -4.0140853453847D-04   -3.0696216500360D-04
    -1.6577748469067D-04   -2.3652214179132D-04    3.4777708501322D-04
    -3.7178404013867D-04    2.8774320849275D-05   -2.9078891857060D-04
    -1.0342867821728D-04    2.0876880015216D-05    6.2628005892311D-05
    -6.4734990723344D-05   -1.3142744755124D-04   -8.0999548267483D-07
    -1.1766438074467D-07   -3.2946017745308D-11   -3.7756057097503D-11
    -3.4058630767016D-11    1.1516279956118D-06    9.8946324962101D-12
     5.6302771828603D-11    1.2358273715829D-10    1.1609402950775D-06
     3.3590202486432D-10    4.8834047661142D-10   -6.5284708722192D-07
     8.9585782287975D-10    1.1438208482227D-09    1.3983048647112D-09
     1.6109105473660D-09    1.6824473210110D-09    2.9781050581311D-07
     6.0285039723566D-10    6.5444446550497D-09   -1.0887555375439D-06
     1.9795225119517D-08    2.1375592816002D-08    2.1647670109346D-08
     2.1197077627706D-08    1.9454285269663D-06    1.4815179820759D-06
     1.7854131022111D-08    1.6426264789248D-08    1.0018756198252D-06
    -7.3300750439103D-07   -1.9122272161511D-06   -3.2300019104309D-07
    -4.7944133865120D-06   -1.5682659711760D-05    1.0641202491547D-05
     1.3458452581533D-05    3.5751006506138D-05    1.6953350064143D-04
     2.0209298532334D-04    3.7341127418539D-04    2.8914638253431D-04
    -1.0810043005664D-03   -3.0712546483267D-04    2.5703519514791D-04
     1.4451677772200D-03    7.4277251000788D-04    1.1833795368016D-03
     4.9846118575726D-04    5.1399996753844D-05    3.5287526783403D-04
     6.2993292504277D-05    2.7808376702662D-04   -2.1269553738024D-04
    -5.9875209013018D-05    3.5477657898152D-04   -2.4455377805301D-04
    -3.3627719201749D-05   -9.0346059176554D-06    1.2763326285253D-04
     4.5058056751219D-05    2.0018916705564D-06   -1.1882632808999D-04
    -1.4450006462187D-11   -8.7249286169584D-07   -6.4718613396769D-11
    -8.0009859637171D-11   -8.4510324876755D-11    1.0822958984046D-06
    -4.7073805620911D-11    2.7219815227955D-12    7.9114811043124D-11
     1.0920629850783D-06    3.3135673688830D-10    5.1712542584766D-10
    -6.1558151230422D-07    1.0246027033413D-09    1.3414843666304D-09
     1.6778058657136D-09    1.9807707154044D-09    2.1319031610383D-09
     2.8491915346401D-07    8.1755725691977D-10    5.8629550360847D-09
    -7.1368049467033D-07    1.6929488941960D-08    1.8194413140121D-08
     1.8507395019059D-08    1.8281919084087D-08    2.8094643423361D-05
     1.6952717570233D-08    1.6039100331960D-08    1.5033513809875D-08
     9.6696880715926D-07   -1.3565780782704D-06   -1.7959620284556D-06
    -2.1466251430736D-07   -9.8712997908394D-06   -2.4622674215397D-06
     1.0295243461223D-05    6.7359256123315D-06    2.1228864335191D-05
    -3.0524852961704D-06    1.7827922420671D-04    5.2764964863767D-04
     2.6677964217179D-05   -8.7046404782593D-04   -3.1737310995137D-04
    -8.4739220735465D-06    7.7494289655819D-04   -5.2786336019319D-04
     6.1525775174573D-04    4.6084153912508D-06    7.8862158279011D-05
    -2.2816434753181D-04    2.1781903236342D-04   -1.2476459430557D-04
     4.3211820184121D-05   -5.7811345605675D-05   -2.8318322849367D-04
    -1.0770331280741D-04   -2.1201756271229D-05   -1.7905679169633D-04
     9.3086330922730D-05    1.9953249389074D-04   -7.7702897901139D-05
    -1.4804491706586D-04   -2.3596020098493D-11   -8.1941065611107D-07
    -1.0942142200819D-10   -1.4112498353123D-10   -1.6051592554079D-10
     1.0153627703538D-06   -1.4622020760297D-10   -1.0349912980279D-10
    -3.0283820706405D-11    1.0249083981575D-06    2.3052992009324D-10
     4.2997845378465D-10   -5.7970457299603D-07    9.9006770279325D-10
     1.3497201865957D-09    1.7442106383683D-09    2.1251657047619D-09
     2.3728947512224D-09    2.7169646112159D-07    9.8957309185105D-10
     4.9787483310289D-09    6.0451516165433D-07    1.3675774390637D-08
     1.4690499195097D-08    1.5093878898395D-08    1.5127518633950D-08
     5.0254138878360D-06    1.4540412232353D-08    1.4050304786565D-08
     1.3482435048102D-08    1.4352528010702D-08    1.1371095556560D-06
    -6.0795907705908D-07   -8.8656263335471D-07   -9.7107957456704D-07
    -1.9914256885816D-07   -2.4666468510827D-05   -2.8651521849281D-06
    -8.4278553804643D-05    1.0569668105914D-04    3.3174844012557D-04
     5.9019261695954D-05   -2.8071938984486D-04   -7.8573435211466D-05
    -7.2692333250261D-04   -1.5111991706780D-04    1.2148671544708D-03
     5.9149442831681D-04    7.9882874047901D-04    1.5696737288006D-04
     8.2964045688851D-04   -8.7532725461017D-04    4.4830065115042D-04
     4.9656944732513D-04   -1.8533871425280D-04    2.6717262682209D-04
     4.2986398640262D-05    3.7861135593114D-05   -4.4558195395227D-04
    -1.8218986297120D-04   -1.2476694817255D-04   -2.3495479685392D-04
    -9.0599964743843D-05   -1.8888908812667D-04   -3.4933894456438D-11
    -7.6976661727122D-07   -1.6563532703195D-10   -2.1912161260898D-10
    -2.5954205343112D-10    9.5249577847183D-07   -2.8393685925331D-10
    -2.5823892817215D-10   -2.0000376272000D-10    9.6129137126172D-07
     3.8843055516246D-11    2.3252469591165D-10   -5.4607919895626D-07
     7.9657982658159D-10    1.1700320683488D-09    1.5923938272666D-09
     2.0254447404889D-09    2.3651085992374D-09    2.5841566824559D-07
     1.0895114755402D-09    2.6441909168518D-08    5.7709698914481D-07
     1.0155752003309D-08    1.1024604744417D-08    1.1569684314579D-08
     1.1881772354065D-08    4.8573996736198D-06    1.2032017180093D-08
     1.1953663886146D-08    1.1811191484166D-08    1.1623635975649D-08
    -1.7435496211068D-06    3.9121953106215D-07    7.1125959766775D-07
    -7.0439651119246D-06   -1.2179397941367D-05    4.0193901376699D-06
    -1.2578616590392D-05   -6.4738758658520D-05    5.5215589603840D-05
     2.4128312485846D-04    4.5889201034631D-04    2.5993854348238D-04
    -3.7386754523569D-04   -8.5992657328842D-04    1.2030103920146D-04
     1.3223807621361D-03   -1.0920491874908D-04   -4.2430960006329D-04
     1.8301464790661D-04    3.8893782223630D-04    2.1540810870726D-04
     2.0004843049822D-04    2.2186658798388D-04    3.4309810666149D-04
    -1.0171232497511D-04    4.6629536941782D-04    4.0480132055983D-04
    -4.4114243532851D-05   -2.2894035377580D-04   -6.4980330616294D-05
    -1.3838823128213D-04   -1.6607057064179D-04   -1.7722418826390D-04
    -4.7845259543272D-11   -7.2338677511028D-07   -2.3024811854371D-10
    -3.0961498518841D-10   -3.7590687261168D-10    8.9356159179325D-07
    -4.5186383232580D-10   -4.5175678247968D-10   -4.1889937708914D-10
     9.0119537166694D-07   -2.2974538404768D-10   -5.9969927025582D-11
    -5.1455564854548D-07    4.6097552413490D-10    1.0561632389370D-06
     1.2342386312889D-09    1.6819891941295D-09    2.0835510001410D-09
     2.2756032987163D-07    1.0786739254479D-09    9.9450346586274D-08
     5.5015335411614D-07    6.5455057841263D-09    7.3869031690422D-09
     8.1156233857076D-09    8.7090354869226D-09    2.6012863369724D-07
     9.5500486328039D-09    9.8482862519874D-09    1.0092585984656D-08
     1.0298776226789D-08   -3.6759918615703D-07    3.6686295636055D-06
     3.5177244264846D-06   -8.4344416883534D-06    2.5533262328213D-06
     9.1676184704918D-06    5.8415869746807D-06    7.0402774977424D-05
     2.0306274207084D-04    9.3392702439371D-05    2.7568218645688D-04
     3.2109556746536D-04   -1.1550356885222D-03   -3.1862817684497D-04
     6.9637374282693D-05    5.1199981735340D-04    1.6593746742766D-04
    -1.3676427554574D-04   -1.1413253926245D-03    5.3551900501169D-04
     5.9222120479959D-04    2.2623625471550D-04    4.7994872350618D-04
    -1.4665747910500D-04   -1.2130163134710D-04   -2.9264504368287D-05
     2.6179489588383D-04   -1.8659887160621D-04    2.2228924563627D-04
     7.2283417064417D-05   -1.8867994276285D-04    2.8647143774033D-05
    -1.6344002265673D-04   -6.1486245410061D-11   -2.6912715412505D-06
    -2.9897483808049D-10   -4.0651847882473D-10   -5.0164151930086D-10
     8.3844502254366D-07   -6.3797438974874D-10   -6.6983977122944D-10
    -6.7047447537788D-10    8.4463552252119D-07    2.4129101907910D-06
    -4.2390765004807D-10   -4.8498556646744D-07    1.0762531064196D-11
     2.3880903601856D-06    6.9646812011875D-10    1.1139071028172D-09
     1.5239380698854D-09    1.7518319675489D-09    9.1124276243849D-10
     8.6396588375585D-08    1.0032448214330D-06    3.0711440278828D-09
     3.9919783007659D-09    4.9271471484481D-09    5.7861572569000D-09
     6.5515183867238D-09    7.2362304070748D-09    7.8586511710378D-09
     8.4338545980145D-09    8.9760619616439D-09    5.9686538237721D-07
     1.5424072040457D-06    6.1057082183998D-06    6.9326657958433D-07
     1.5950388010108D-06    1.5692826626837D-05    2.8344113253365D-05
     3.1621357221132D-05    1.1376085269788D-04    1.9347707995178D-04
     4.4970571450375D-04    3.3426315433446D-04   -5.8376416926721D-04
    -3.2840141297393D-04   -1.9948336298043D-04   -6.9059344362247D-04
    -4.0462190894524D-04   -3.3434310341047D-05    5.1662665254755D-04
     4.9402424487975D-04   -2.1322117271235D-05   -1.0860805651675D-03
     1.9647054537556D-04   -3.0223794510462D-04   -3.0235894426076D-04
    -3.2270296200973D-05    2.6951181994035D-04    1.0681548474132D-04
    -3.3800818764537D-04    1.6150003301723D-04   -6.0087345705378D-05
     2.9234607899941D-05   -1.4719311725838D-04   -7.4921647185844D-11
    -3.5585290663099D-06   -3.6701155010173D-10   -5.0293357299432D-10
    -6.2758693950346D-10    7.8590312672385D-07   -8.2793491223322D-10
    -8.9517914959484D-10   -9.3416689350056D-10    7.9005779573717D-07
     7.7979182442536D-06   -8.2765660012850D-10   -4.5638268764063D-07
    -5.1542246047873D-10    2.4400120849200D-06    2.0601649942149D-11
     3.5889097908203D-10    7.0632563694941D-10    9.6281701284565D-10
    -1.6571891248366D-06   -1.3174997070209D-06    1.7828493227021D-06
    -2.7674356903866D-12    1.0681426166870D-09    2.2044811843909D-09
     3.2920287816898D-09    4.3009203892976D-09    5.2376983301071D-09
     6.1184903351151D-09    3.6435950115946D-06    7.7655241302266D-09
    -2.3655155599744D-06    2.3117883696222D-06    9.0831885507769D-06
    -9.1772816117450D-06    1.3701971506761D-05    2.3223934702718D-05
     1.3791957284284D-05    5.8542310865543D-05    1.7886077642510D-04
     2.1467685209982D-04    4.0984917914402D-04    6.6291669701629D-04
    -1.0222749963193D-03   -2.4371638927746D-04    2.0684882620366D-05
    -6.9853715675975D-04    3.1090453291143D-05    2.2725156719222D-04
     3.3509634832833D-04    3.5991802959132D-04    5.7648675369388D-04
    -2.6759288300316D-04    9.2133704825802D-05   -1.9172967438562D-04
    -7.7316184680030D-05   -1.4558929417822D-04   -5.8385183614720D-05
    -3.1805028926891D-04    3.4346634555228D-04   -2.6235050834893D-05
    -3.7437005309971D-05    9.9637285784281D-05   -1.1356092518546D-04
    -8.7312253460554D-11   -2.6064405492662D-10   -4.3000577277604D-10
    -5.9255050966948D-10   -7.4525706961207D-10    7.3686947845374D-07
    -1.0079507301380D-09   -1.1106748457514D-09   -1.1890075013582D-09
     7.4003708746658D-07    7.3292027446459D-06   -1.2343426867478D-09
    -4.2978153682522D-07   -1.0665779998721D-09    2.2883080249197D-06
    -7.2943131186972D-10   -5.1732287586358D-10   -3.1386740692091D-10
    -1.8722989961455D-10   -1.9914878530491D-06   -1.3830323180147D-06
     1.9926122069586D-06   -2.3862765760943D-09   -8.0571396703203D-07
     1.3510982797274D-10    1.3876965604409D-09    2.5688285372050D-09
     3.6831621593496D-09    4.7461252758741D-09    4.5835451381806D-06
    -1.1769289637325D-07   -1.7011159836394D-06    4.6535399137348D-07
     6.8341093810713D-06   -9.7888767974812D-07    6.5077238628287D-06
     1.6053044224513D-05   -7.4633667545313D-06    6.5052261022442D-05
     1.2089511319538D-04    2.2438245487928D-04    3.9486766211351D-04
     4.4368725784213D-04   -1.3120181011583D-03   -3.2167040692433D-06
    -3.3586710717509D-04    4.7208978971541D-04    4.8198023683484D-04
    -9.7473253036662D-05   -2.2671185678007D-04   -4.9133219184940D-05
     9.6554493771065D-05    1.8008710078343D-04    1.0690839997028D-04
    -3.7861651566625D-05    9.6538786478173D-05    1.0081319988892D-04
     2.9605361376516D-04   -1.2520021413462D-04   -3.4415635091612D-04
    -1.2748718367555D-04   -8.4611060188128D-05   -6.1331930366055D-05
    -1.4773535845513D-04   -7.6489963612896D-11   -2.2860273323566D-10
    -3.7803106615558D-10   -5.2281831344588D-10   -6.6088968076982D-10
     5.4901805977556D-07   -9.0790601640113D-10   -1.0119989742522D-09
    -1.0996963543817D-09    5.5062906511405D-07    5.4701900512941D-06
    -1.2382851327175D-09   -3.2130747016693D-07   -1.2077075220472D-09
     1.7044037420332D-06   -1.0907207684846D-09   -1.0283416246150D-09
    -1.0118714172866D-09   -1.1555065106401D-09   -1.4625314112588D-06
     3.3249788258295D-07    1.3016107829243D-06   -2.8979469328988D-09
    -1.6653350792370D-07   -5.6772224910384D-07    2.2851141231432D-10
     1.2196636315881D-09    2.1649039000641D-09    3.0755747812538D-09
     3.5118900973011D-06    2.1885235106039D-07   -1.0143341376827D-06
     5.7585022453497D-07    5.5680796694237D-06   -1.2508973214362D-06
     1.1229931306233D-05    1.2803531638925D-05    3.2166637741588D-06
     7.6921289264664D-05    3.2720232722003D-05    1.4257256885360D-04
     3.1433500644831D-04    4.9787867909592D-04   -7.0295444863667D-05
    -1.3184879886743D-03   -1.3078634054940D-03   -4.0647031190078D-04
    -1.1425106247725D-03    8.8657695765970D-05    2.1028047498179D-04
    -2.5529994433569D-04    1.2060176148745D-03   -3.4793343201845D-04
     3.1842439308635D-04   -1.8632848175876D-04    4.4583686274331D-04
     9.3951039226121D-05   -1.1435303882773D-04    2.0002426772640D-04
     1.7100070560379D-04    1.9774648386290D-04    1.0928151951245D-04
     6.6263849510790D-05   -1.1605636507926D-04   -9.4384790768590D-11
    -2.8231658028462D-10   -4.6763090212543D-10   -6.4838439078586D-10
    -8.2251747734359D-10    5.9499406015949D-07   -1.1420994120533D-09
    -1.2828695260733D-09   -1.4077280513147D-09    5.2594634218296D-06
     1.2532881210897D-06   -1.6645024816712D-09   -3.4931928749903D-07
    -1.7263861740539D-09    1.8473387910007D-06   -1.7299054948363D-09
    -1.7488311690942D-09   -1.8392447956996D-09   -2.1319076986495D-09
    -1.5871692400544D-06   -4.2044173131620D-09    1.4278676297203D-06
    -3.7275791467151D-09   -2.6087045654171D-09   -1.4223598097002D-09
    -2.4520386435001D-10    8.9331703932637D-10    1.9928940533097D-09
     3.0635810256107D-09    3.1875352799609D-06    3.5153336839937D-07
    -1.1224850398841D-06   -9.5228894473848D-07    4.9603708464010D-06
     3.4374481976608D-06    1.0007063725171D-05    1.2748918331537D-05
    -2.2670780780821D-05    4.7753101675762D-05    5.3106516375446D-05
     1.0536188291153D-04    3.2776116353855D-04    7.3566771757493D-04
    -7.0751847184309D-04   -1.1973320006000D-03   -3.9457501108790D-04
    -1.6831782544601D-04   -6.6779152180610D-05   -7.3162688761578D-04
    -2.1771219274635D-05    5.2411445115015D-05   -4.4710403220549D-04
    -1.5878672384546D-04   -3.3137144236113D-04    4.7825815683531D-06
     7.0645664084683D-05   -3.1337163573121D-04   -1.1359078122271D-04
     3.8693502040544D-04    1.8996872869800D-04    2.6083766518618D-05
     2.1877137395606D-04   -2.1555526391708D-05   -9.5885873454185D-05
    -1.1587061591065D-10   -3.4682472940046D-10   -5.7528834165754D-10
    -7.9936512898830D-10   -1.0170438003784D-09    6.4432760650886D-07
    -1.4246740170485D-09   -1.6101862355515D-09   -1.7805256070317D-09
     7.0597530414420D-06   -2.0677419866852D-09   -2.1819043399985D-09
    -3.7962099893693D-07   -2.3534550778271D-09    2.0004034033653D-06
    -2.4847004339763D-09   -2.5749701892103D-09   -2.7327742859306D-09
    -3.0385368277285D-09   -1.7311447783479D-06   -4.2498874355472D-09
     1.5540906377250D-06   -4.1835400398504D-09   -3.0176349741750D-09
     4.2212753853308D-07   -4.6588175068111D-10    7.9679290480017D-10
     2.0341565138853D-09    3.2538359792873D-09    4.4624325604791D-09
    -4.6339610072897D-07   -1.2160077034812D-06   -1.7238461322474D-06
     5.1873633101072D-06   -2.2345701164363D-05   -5.9380910269606D-06
     1.0491175926811D-05   -1.8430058978623D-05    4.6367791559435D-05
     2.8813450189710D-05    7.0463291149562D-05    5.2716934096866D-04
     5.0392255395110D-04   -6.1608550220202D-04   -9.3841136292848D-04
    -1.0584881143820D-05    2.2232206298151D-04   -1.8495250084531D-04
    -7.7326309962498D-04    5.9378859737503D-04    8.3902375000733D-04
    -8.6350661532354D-04   -8.7098592923915D-04   -1.1438229708697D-03
     5.1107886344051D-04    8.2327564811117D-05   -1.8571792741568D-05
     8.2538634440854D-05    1.7448460237121D-05    1.8844148171717D-04
     2.5572629420481D-04    1.6271800866878D-04    1.8198383317368D-05
    -1.6318121471737D-04   -1.4125193778023D-10   -4.2303357663606D-10
    -7.0249024520766D-10   -9.7779066509239D-10   -1.2469848120357D-09
     6.9723358279098D-07   -1.7588232809503D-09   -1.9972376990437D-09
    -2.2212053714589D-09    7.6539602058388D-06   -2.6186507776570D-09
    -2.7896910889430D-09   -4.1185661194183D-07   -3.0781988868820D-09
     2.1619622370341D-06   -3.3225077793795D-09   -3.4517926741469D-09
    -3.6012397855653D-09   -3.7349697063234D-09   -1.8894818074753D-06
    -3.4813697518439D-09    1.6877482441302D-06   -4.1403126784194D-09
    -2.9831330738416D-09    7.9653241575333D-07   -3.1013937976132D-10
     1.0516590030495D-09    2.4059578070351D-09    3.7572712535381D-09
     5.1100312535849D-09   -4.0214015652623D-07   -2.1169456589013D-06
    -8.2742294287317D-06    6.8662501637329D-06    1.1762951478933D-06
    -2.1733580253196D-05    2.7457929927294D-05   -1.1644754453579D-05
    -5.8553135052747D-06    2.6058484337365D-05    8.8750750813272D-05
     7.0356938671077D-04    8.1107381141679D-04   -5.2287772200867D-04
    -1.9601106935429D-03    2.6636412498296D-04    3.3281162751174D-04
    -4.2327547828127D-04   -1.4826845105700D-03   -6.3897752768560D-04
    -7.1001553922337D-05   -1.4986006958767D-04   -5.1519134061995D-04
     1.6256026493215D-05    5.6010455363737D-04   -3.7776366382862D-04
    -2.3292252687099D-04   -4.3782494311774D-04   -1.1261531548292D-05
    -1.7013055890318D-04   -2.7911056183071D-05    3.9823242559794D-05
    -7.0325776499060D-05   -1.6395511212841D-04   -1.7067079509185D-10
    -5.1135623617058D-10   -8.4988195570216D-10   -1.1844725288574D-09
    -1.5132191756781D-09    7.5394313971918D-07   -2.1450795757123D-09
    -2.4438849115518D-09   -2.7284506578892D-09    8.2838459823529D-06
    -3.2473240977989D-09   -3.4785758228931D-09   -4.4597100349443D-07
    -3.8805019957771D-09    2.3369900526438D-06   -4.1965372410218D-09
    -4.3093820262671D-09   -4.3422064412687D-09   -4.0811044194733D-09
    -2.0589069629583D-06   -1.9004852666780D-09    1.0523342225668D-06
     5.8762876809523D-08   -2.3919625283757D-09    8.6770021787244D-07
     3.2376507126230D-10    1.7567023594377D-09    3.2034262116344D-09
    -6.0335210712794D-06    6.1396984701215D-09   -8.8228001638660D-08
    -2.5890905024626D-06   -6.6350116843361D-06    3.0777188833967D-06
    -7.4642045742555D-06   -5.8022214649600D-05   -8.0867440301227D-06
    -6.5769397422803D-06    2.7721059567085D-05    7.1075881371436D-05
     7.4638647030351D-05    4.6287464514324D-04    1.4041451932610D-03
     2.2543408945025D-04   -2.1867600278359D-03   -8.5140528968766D-04
     5.1762565683579D-04   -4.0485668335526D-04   -5.4024372547040D-04
    -3.7057922851713D-04   -5.2236438385153D-04   -1.4850049240664D-04
     1.1064755413275D-03    2.7224334075927D-04    5.8472694983412D-05
    -1.9065514040447D-04   -1.6388535445158D-04   -8.4708912617964D-05
     1.8246304845279D-05    1.5417247462599D-04    2.7414041102730D-04
     1.6214293225254D-05   -7.4012483991344D-05   -2.1255117836932D-04
    -2.0399423626139D-10   -6.1136930938834D-10   -1.0166765362536D-09
    -1.4181364317924D-09   -1.8138050769944D-09    8.1308194696204D-07
    -2.5793357426783D-09   -2.9446926464636D-09   -3.4618693099795D-07
     8.9527341331863D-06   -3.9418134174434D-09   -4.2321982302477D-09
    -4.0000202931534D-07   -4.7277227976707D-09    2.5302699098793D-06
    -5.0441469715934D-09   -5.0611477830335D-09   -4.8371785068401D-09
    -3.9270686200855D-09   -1.7232127903267D-06    4.4690101978545D-10
     4.9215835919627D-07    1.8587948860218D-07   -1.1431221857341D-09
     9.4284276981876D-07    2.6632412004945D-06    2.9764863189025D-09
     4.4822219573171D-09   -8.5571265224536D-06    7.5873512696833D-09
    -1.3423784604303D-07   -7.4193246034572D-06   -2.3872240944274D-06
    -5.0251417923409D-07    1.0881800753217D-05   -2.4558881507507D-05
    -6.3470951679323D-05   -1.9198368659589D-05   -9.6510111780253D-06
     1.3174266104150D-04    1.0667271435579D-04    3.3388316485382D-04
     1.2513159037871D-03   -7.8297158885269D-04   -8.0497864679485D-04
     3.6510241471496D-04   -1.5856278759552D-03    9.6912606092954D-05
    -5.4759879067202D-04    4.0973187150122D-04    3.6985938420344D-04
    -2.0225417976506D-04    1.0027318241168D-04   -4.1659532870664D-04
    -5.1419949574371D-04    5.1458892774321D-04   -1.8813236564839D-04
    -4.5874988477058D-05    4.1185439981296D-04    2.9566918099838D-04
     1.6028435683347D-04   -5.5943735790692D-06    1.8421416918467D-05
    -2.0947941946991D-04   -2.4078219966326D-10   -7.2173812366263D-10
    -1.2006010178500D-09   -1.6754975726047D-09   -2.1443364288721D-09
     8.7583454732082D-07   -3.0544079983124D-09   -3.4903005200227D-09
    -6.4916513325918D-07    9.6769023793660D-06   -4.6809607168414D-09
    -5.0230235212783D-09   -5.3252385033533D-09   -5.5734529958590D-09
     2.7396870101421D-06   -5.7859696772564D-09   -5.6032005401264D-09
    -4.9527471679864D-09   -3.1215847888490D-09    2.7498888345702D-05
     3.4557503739564D-09    6.2278424836010D-07    8.2750579743532D-07
     8.3165576047004D-10    1.0208198834746D-06   -2.5631707532507D-07
    -4.9180383662833D-08    6.2410265078072D-09   -7.0782277699389D-06
     9.4174521438416D-09   -1.4534548583738D-06    2.9314923071430D-06
    -3.9323424277678D-06    3.9902289667983D-06   -1.3821644560158D-05
    -4.2915473237827D-05    2.5266338515558D-05    4.9935660075905D-05
    -2.4062308211066D-05    9.2368115015115D-05    1.4951699931650D-04
     7.0704249113227D-04    6.7130257044576D-04   -1.0931630505115D-03
    -1.8317388116166D-03   -1.3368750729184D-03   -6.1672760897857D-04
    -1.3443144157031D-03   -7.0673703664542D-04    3.3041620706385D-04
     6.8044842947744D-04    3.1039747363289D-04    3.0823170099767D-04
    -6.2473533840965D-04   -4.2101585356558D-04    1.0380184925788D-03
     2.8013460673337D-04    2.6215613603759D-04    5.6426672733954D-04
     3.4213060124452D-04    3.6943170082085D-04   -7.4923796772083D-05
    -4.7494694014886D-05   -2.3892136630209D-04   -2.8026903986488D-10
    -8.4013161931422D-10   -1.3976570198564D-09   -1.9507177907461D-09
    -2.4968854396974D-09    9.4410363020001D-07   -3.5570646747006D-09
    -4.0641426986325D-09   -7.0016307417971D-07    1.0462955058718D-05
    -5.4333741940902D-09    1.1768663471862D-06   -6.1289253418777D-09
    -1.0081352446417D-06    2.8578065291060D-06    1.6878036280221D-08
    -5.8185511702305D-09   -4.5510559699876D-09   -1.0730957851003D-07
     1.3105606731440D-05    6.9576561719490D-09    6.7854129274398D-07
     1.6454445925790D-06    3.5331361714217D-09    1.1026883465756D-06
     5.6028077293954D-09   -3.2777262417040D-07    8.4010089599034D-09
     9.9229168137252D-09    1.1502125399713D-08   -1.3242687044397D-06
    -9.9158865140172D-06   -8.1609654465252D-06   -4.1555702490889D-06
    -3.3829132151910D-06    1.0132553442390D-05    2.9017239911279D-05
     5.2898964377967D-05    1.2610911029858D-04    1.1750857091379D-04
     3.6253360810203D-04    9.5838306564401D-04    5.4644367132818D-04
    -3.4271819726079D-04   -2.1652266944449D-03   -1.0767768710953D-03
     5.1801883373365D-04    9.1733439236188D-04   -8.0917332219929D-04
    -7.6026569819274D-04    8.5816449604204D-04   -2.7596777697242D-05
    -2.7140634747857D-04    4.7993027597862D-04   -2.9672629532269D-04
     2.3362881722782D-04    5.7802767856855D-04   -3.9775318007398D-05
     7.8391499867484D-04    5.2062495231445D-04    2.3116004109726D-04
     7.3194780111853D-05   -2.3348958690301D-04   -2.8414475120481D-04
    -3.2120479242292D-10    5.1833713338330D-07   -1.6014330901412D-09
    -2.2345910009705D-09   -2.8592129936377D-09    1.0175022115005D-06
    -4.0679295729262D-09   -4.6425143981969D-09   -7.5411708885235D-07
     6.8585442063061D-06   -6.1573467917400D-09    2.0273227598276D-06
    -6.8467768563331D-09    2.8063982055589D-07    3.0808159750067D-06
     9.1290702132678D-08   -5.5902412906503D-09   -3.5184489458682D-09
    -3.7478221088715D-07   -2.3223147208821D-08    1.0719228334949D-08
     7.3827100054903D-07    7.7484647419370D-07    6.5360378292165D-07
     5.2462852103105D-07    8.3489881756990D-09   -3.4418744540933D-07
     1.0784176545539D-08    1.2160994873459D-08   -1.9103172263392D-07
    -5.3753968075195D-06   -4.3494799724926D-06   -4.5220639336994D-06
    -1.0236068985372D-05   -5.1349113924590D-06    3.7135511491444D-05
     4.0344473549338D-05    1.2882428320745D-04    1.1704749981276D-04
     3.2991059965452D-04    6.4346686541698D-04    1.1441461755341D-03
     2.9370866398627D-04   -7.0514317802213D-04   -1.8798790147590D-03
    -2.6081674893297D-03    1.1729583805153D-03    3.2949930477958D-04
    -6.2227799632822D-04    1.2759643197027D-03    5.6139492292887D-04
    -6.2755093918634D-04    4.0231804226075D-04    5.2745841214687D-05
     8.5327978464998D-04   -1.3699177744178D-04   -2.8265806140482D-04
     9.7222534542765D-05    6.2223341297099D-04    1.4598061370815D-04
    -2.6576539566896D-05   -1.0286589636611D-04   -2.7824998513758D-05
    -3.1967481841833D-04   -3.6186700377198D-10    6.9164869169603D-07
     9.0624268252856D-07    5.6828167049499D-07    1.7817361206789D-06
     2.6731530273552D-07   -4.5615388543193D-09   -5.1947512620330D-09
    -8.1100331111183D-07    1.0879049853367D-06   -6.8023765338080D-09
     2.1874569431531D-06   -7.4103201641379D-09    1.5265565309589D-06
     8.7530476178180D-07    1.0013129208026D-07   -4.8291126953350D-09
    -1.7993937928853D-09   -4.0155021043957D-07   -1.9862229470615D-08
     1.4442189357468D-08    3.0204995092101D-07    9.7139876168124D-07
     4.1657396163416D-08    1.0686392162873D-08    1.1264405258037D-08
    -3.6125147856717D-07    1.3096573441429D-08    1.4202882048629D-08
     1.5384989033295D-08   -2.9275186648819D-06   -1.4464683797705D-05
    -5.4802672592249D-06    5.8692443200851D-06    5.9570040086002D-06
     1.3159968009611D-05    3.6927031400710D-05    2.0750399442272D-04
     1.9433354378448D-04    2.5003132073202D-04    1.0872501956272D-03
     1.0355366980124D-03    1.6327136825783D-06   -4.6865285592450D-04
    -5.1786734969299D-04    5.8262528068904D-05   -1.5539167944888D-04
    -6.3047034987816D-04   -1.8724896602745D-03    7.0852273812412D-04
    -5.5966279804333D-04    1.9044573098795D-04    1.5202449231183D-04
    -6.9529930673672D-04    1.8288398529076D-04    9.1181257711665D-04
     9.0612750999394D-04    6.2541050804489D-04    3.6727237866760D-04
     8.8282496088452D-04   -9.7856154834429D-05    7.9139981958239D-05
    -2.5128114274855D-04   -3.5348656070382D-04   -4.0008849595771D-10
    -2.3227672779911D-07   -6.0874868534688D-07   -2.7752288402625D-09
     4.1919083979185D-06   -4.2901653335867D-09   -5.0073382831203D-09
    -5.6846879325995D-09   -8.7079594276408D-07    1.1699128601124D-06
     1.5452197682336D-06    7.9142506248285D-07   -7.7500219663021D-09
     3.4853433815473D-06   -1.5722026612931D-07    1.1050836006560D-07
    -3.5072322680513D-09    5.5027561723632D-10   -4.2961201747142D-07
    -1.7006043233511D-08    1.7760275019584D-08   -3.3278463790636D-07
     6.2966640473486D-07    1.4106452155640D-08    1.3820876265028D-08
     1.3946213857697D-08   -3.8032635409240D-07    1.4924960624890D-08
     1.5623662558325D-08    1.6401915054303D-08    2.1586895143462D-06
     6.5514852088175D-06   -3.4308015011210D-06    7.3951401391905D-06
     4.7778598575233D-06    2.9258470434622D-05    7.4197177277232D-05
     1.3630012926062D-04    4.1638260473053D-04    5.3151005993611D-04
     6.5974154882927D-04    6.2264449965067D-04   -1.0457534190850D-03
    -1.4748425222469D-03    7.7244854132186D-04    1.0823036461044D-03
     2.1083540935101D-03   -1.0809668262289D-03   -2.3428655122861D-04
    -2.0757812709296D-04   -9.9858947501114D-04    6.6992162404240D-04
     9.9666488617419D-04   -3.8877544420894D-04    6.8262733755705D-04
     8.3855169301474D-04   -1.8204868594065D-05   -5.9284626651653D-05
     8.0196359270957D-05    3.3628824684831D-05    3.4050584458004D-04
     1.5893113902155D-04   -9.9736951647128D-05   -3.2227214886259D-04
    -4.3337634209550D-10   -7.9989581571124D-07   -6.9896342016326D-07
    -2.9987350606563D-09    3.6598505370885D-06    4.7533257565379D-06
     5.0911831474852D-06    1.3500506318256D-06   -9.3091475033295D-07
     1.2548661574409D-06    2.5152951477602D-06   -7.8545979463900D-09
    -7.8175521024325D-09    3.7654506227899D-06   -1.9132257719427D-06
     1.2221545887901D-07   -1.7082371410590D-09    3.3074862248046D-09
    -4.5958838213846D-07    1.5963322673405D-06    2.0242957453801D-08
     1.5146464484030D-06   -2.5425028490324D-06    1.6986338539950D-08
     1.6240334666287D-08    1.5846001680560D-08   -1.1686788485339D-07
    -2.7582385733416D-07    1.5922888927988D-08   -2.7838556199034D-06
    -8.0631218084503D-07    3.1333917422380D-06   -2.6586426525027D-06
    -1.5309138032248D-05   -7.8698980302990D-06    3.4586106244665D-07
     7.5161533985433D-05    2.2537773482573D-04    2.5970175750589D-04
     2.9793118235506D-04    8.6073742425153D-04   -4.5878759622051D-04
    -1.2246572170258D-03   -2.1450872778928D-03   -4.9506425457431D-04
    -1.7324378092127D-03   -5.1942780209485D-04   -4.3029647431409D-04
    -2.8341496236223D-04   -8.8624784528820D-04   -2.2763294718147D-04
     8.0763571542527D-04   -1.2839963656733D-03   -8.5186747757343D-05
    -3.7053433926797D-05    1.1921746092248D-03   -1.9360703161081D-04
    -3.9732046559708D-05   -6.7071759311538D-05   -2.4658879292127D-04
     7.0946767303246D-05   -2.1439095035616D-04    7.2214376175499D-05
    -3.3408608186458D-04   -4.5906124722133D-10   -1.1136044161511D-06
    -1.5307985739602D-06    9.0328105719635D-08   -4.4984348756349D-06
    -4.8515274063776D-09    4.3437450020280D-07    5.0432675743509D-06
    -9.9673928981716D-07    1.3482213734022D-06    1.4578529166746D-06
    -7.8310714938938D-09   -7.6017369522156D-09    4.0654404456833D-06
    -2.9885322194777D-06    4.5547331617375D-08    3.2004031828991D-10
     6.0375876048577D-09   -4.0015874025799D-07    3.1315967051092D-06
     2.1396179204617D-08    4.2172605876058D-06   -4.1607980838921D-06
     1.8429067969497D-08    1.7246165583242D-08    1.6310264701352D-08
     1.5587583183318D-08   -4.4061309997384D-07    1.4579459921920D-08
    -1.2657353163770D-06   -2.9318612779654D-06    2.1198593647916D-07
     8.1496238096263D-07    5.6498911197631D-06   -2.0790160870965D-06
     2.7676027497171D-05    7.7534974862577D-05    2.4958217299114D-04
     4.0501825057340D-04    6.8307756488984D-04    6.7112377590297D-04
    -1.2472670647881D-03   -1.3570584747733D-03   -3.5095050793305D-05
     6.6526077502638D-04    2.7369811949245D-04    9.3273024156056D-04
     6.8850739323226D-04   -1.2220652344588D-03    1.2997311409357D-03
     7.1569141269649D-04    3.3429873323181D-04    5.3954907096437D-04
    -2.2803297117939D-04    1.2382369841691D-04    4.1261027637088D-04
     3.3455680464797D-04   -4.0922727206679D-06   -5.8151117259135D-05
    -3.9196392128291D-06    2.0322163150715D-04   -3.3142577925089D-05
    -1.3845016297611D-05   -3.0316941138077D-04   -4.7520875547898D-10
    -1.1957246010588D-06   -2.8312769655077D-06   -3.2676513701479D-09
     1.8102394081396D-07   -4.9779567672538D-09    6.3554208811377D-06
    -6.4293389539259D-09   -5.9472625624851D-07    9.7373307059056D-07
    -7.6373871645303D-09   -7.5840797798689D-09   -7.1607733482050D-09
     4.3854713416293D-06   -3.2058027521424D-06   -4.9617148538852D-07
     2.1277491412037D-09   -1.0418454673060D-07    1.6434267088722D-08
     6.4694591648131D-07    2.0679420644187D-08    4.1419505624604D-06
     7.1110370027011D-07    1.7682945494101D-08    1.6112337008485D-08
     1.9289201864682D-06   -4.7331278389220D-08    3.6709070148509D-07
     1.1125757759527D-08    7.6570555213395D-07   -1.1105848600527D-05
     1.2166459227610D-05    1.5726532927614D-05    3.6862513046493D-05
     1.0239260212154D-05   -2.1475425086174D-05    1.0742659079677D-04
     1.2729415628719D-04    3.9642317473322D-04    9.0126070632006D-04
     2.0870715102906D-04   -1.9101048634505D-03   -2.7905855723883D-04
     4.9382533958143D-04   -2.2029418128199D-03   -3.6029548623044D-04
    -5.3042657448447D-04   -1.8018869239504D-03   -2.5500152151705D-03
     6.8990325054678D-04    7.0273589275467D-04   -2.5282832456295D-04
    -3.7308336091385D-04   -2.3345588763784D-04    4.5791489900250D-04
     7.2100176370479D-04    4.9831237569658D-04    7.7784416583695D-04
     3.7006447314470D-04    6.7361899521401D-05    3.4347576638943D-04
    -6.7168594736627D-05   -1.4659805265092D-04   -3.4959414017014D-04
    -4.8088242115607D-10   -1.2835777763860D-06   -3.0290318267569D-06
    -3.2960918544745D-09   -1.2091151296616D-06   -4.9946806978546D-09
     4.2840300839453D-06   -3.9124123453397D-07   -6.9134260961852D-09
     4.1503003354576D-07   -7.3907057471631D-09   -7.2201791439368D-09
    -6.6538798814710D-09    4.7254707977371D-06   -3.4901056958932D-07
    -5.8008332790499D-07   -1.9142624320689D-06   -7.9315087053096D-07
     1.5756591212836D-08   -8.5807733317545D-07    1.7563818102418D-08
     2.2696373408194D-06    4.2882300338325D-07    9.2046574896342D-06
     1.2219343299845D-08    8.0445271824445D-06   -4.1822169416797D-08
    -1.8228168857028D-08    3.6118614875584D-07    1.3000573848337D-06
    -2.4568626951163D-05   -9.2661445072541D-06    1.2715108713087D-05
     5.4354392233342D-05    3.8234960030418D-05    5.2909638935448D-05
     1.7098714442264D-04    2.1419444208264D-04    6.5915135503975D-04
     2.4312159217346D-04   -8.5451189265736D-04   -2.4048924522822D-03
     9.0602135979159D-06   -1.9612752545623D-05    1.0549800796087D-03
     3.2200477419132D-04    1.7596091811583D-04   -4.4155772872690D-05
    -2.1192558834430D-03    6.3328731905405D-04   -2.7202045031883D-05
    -6.7308770672473D-04    8.0452148470498D-05    5.3555147265987D-04
    -2.2443963202874D-04   -7.3526766442625D-04    5.3932489013089D-05
    -1.4416516728001D-04    3.9535365120451D-04   -2.9408994658004D-04
     5.4984258396871D-05    3.0429463271480D-04   -6.8736239956773D-05
    -3.5792522218754D-04   -4.7716031862359D-10   -1.1711971087668D-06
     6.3993254338634D-08   -3.2634744167776D-09   -1.2980436054682D-06
    -4.9282096226618D-09    3.4670643409926D-07   -4.5760935348678D-06
    -6.7593078833001D-09    4.4987856228322D-07   -7.1567262638468D-09
    -6.9501624424054D-09   -6.3651592710867D-09    5.0848425374248D-06
    -2.1442428412524D-07   -1.1897814691452D-07    2.3267912563105D-09
    -8.5404939716649D-07    1.1759524117646D-08   -8.6270679516576D-06
     1.1617613803241D-08    2.3691315753920D-06   -1.0077557705865D-06
     1.5690103226932D-05    5.1972316567510D-09    2.0167924255774D-06
     2.4995837021609D-06    2.4165388694345D-06    4.3149023373604D-07
     1.8669662601736D-06   -1.7212248112625D-05    4.1117109784631D-06
     1.5032068749241D-05    1.4906529235141D-05   -3.5025156017152D-05
     8.5563879893771D-05    1.1912157641503D-04    3.1430343155738D-04
     6.0914434743407D-04    5.5128726267082D-05   -1.8440433286245D-03
    -2.4034254361195D-04    1.4877229774756D-03   -1.9895010350660D-03
     5.8626831727115D-04    4.6555557166314D-04   -2.5311746033960D-04
     9.6139354530964D-04   -1.2339337406858D-04   -1.4796752249740D-04
     3.8750650975998D-04   -2.7680087737621D-04   -1.5136284523545D-04
    -3.9582884026178D-04    2.6395338872310D-04    3.3902027103466D-04
     1.9995740274000D-04   -9.3491908793826D-05    1.9653659220434D-04
     1.5218426758693D-04    5.0449298499588D-05   -2.5920926163590D-05
    -8.7135846759376D-05   -3.5085595054676D-04   -4.6796104654945D-10
    -1.3988776931080D-09    5.7562977776700D-06   -3.2020565118825D-09
    -6.9772861059975D-07   -4.8414317125609D-09   -5.5598951542288D-09
    -4.9191044938919D-06   -6.6846849281554D-09   -6.5244946557613D-07
    -7.1828252421037D-09   -7.0904454831938D-09   -6.6957379676023D-09
     5.4569150477592D-06   -2.3098471590784D-07   -1.2205956937639D-07
    -8.8616803131290D-10   -3.6767822228428D-08   -9.0023504279837D-07
    -5.8861092661914D-06    2.6177945041198D-09    7.6338384517332D-07
    -1.1193379052108D-06    1.4005550706078D-05   -4.9637624512938D-09
    -7.3072264926629D-09    3.5390292838138D-06    6.2497486777912D-07
     6.4140034129805D-06    1.1349555877047D-05   -2.3786147075424D-05
    -3.9142270405092D-06    8.8494561575085D-06   -1.1120288788792D-05
     1.1840995384672D-05    9.1730296646900D-05    1.0316840399887D-04
     3.8622899877872D-04    1.0246620480077D-03   -1.9089664892897D-04
    -3.7739508318576D-03   -1.3373159689659D-03   -9.9348549151652D-04
     2.0829667478230D-03    3.2329359695281D-04    1.8598857789447D-03
     1.0686402341162D-03   -5.1435896668316D-04    5.8683390328612D-04
    -3.5627121771015D-04    8.8778595178615D-04    8.1804134301886D-04
    -1.1116573761116D-03    4.5710442356317D-04    6.1330389170546D-04
    -1.0086421245882D-04   -2.2791188001606D-04   -6.3141833094785D-04
    -4.7840103075456D-05   -2.1579018205719D-04    1.6805577689692D-05
     1.4242027221821D-04   -1.3350106152238D-05   -3.0645750289718D-04
    -4.6033845657371D-10   -1.3772237116657D-09    6.1647452260191D-06
    -3.1664895124693D-09    1.5346463917806D-05   -4.8332540196481D-09
    -5.5927842089629D-09   -5.2841320595359D-06    2.2029383626002D-09
    -1.3959679739789D-06   -7.7831268986207D-09   -8.0238455091409D-09
     4.7959543142450D-06    8.5514575137864D-06   -2.5146774749347D-07
    -2.8406156218560D-08   -7.1751267248947D-09   -7.3345474732325D-09
    -1.0256870879636D-06    1.5755654956635D-06   -9.9575905452546D-06
    -5.4573942861328D-07   -2.6145669285572D-06    8.9888946831686D-06
    -1.7867913491183D-08   -2.0236802858499D-08    2.6463268685640D-07
     3.8280864962799D-07    5.4055124314104D-07    3.7676861774988D-07
    -7.5848165505654D-06    3.8771527036290D-06    1.2562989070659D-05
     8.9446117961931D-05    1.3019884783172D-04    2.4709582866850D-04
     3.8201794894360D-04    1.0705060788850D-03    1.2731341629820D-03
    -1.1086141062512D-03   -1.9030746531159D-03    8.6005751636925D-04
     1.1057729477836D-03    1.2125311369832D-03    6.7329714355997D-04
     1.6551096898291D-04    6.6760302095096D-04   -9.7998381392511D-04
     2.5629375042509D-04    1.6729053999096D-04   -1.9456923304607D-04
    -2.7412405682178D-04   -9.2673475538009D-04    6.0582083356188D-04
     8.5721156344462D-04   -5.0169793566590D-04   -4.5582500477796D-04
     9.3027151481831D-05    3.5662250678235D-04    3.8944650675881D-04
     9.4089357988596D-05    3.8843195726644D-05   -1.6202147714088D-04
    -3.0304642923003D-04   -4.6343629443871D-10   -1.3890695314499D-09
     9.2389517596763D-07   -3.2251099732753D-09    5.4112393465840D-07
    -3.4959722094728D-06   -5.5223302682923D-06   -5.6806631385715D-06
     5.6025552786850D-07   -1.0005002445167D-06   -9.2525795486971D-09
     2.2314019168655D-06    3.1960493356031D-06    3.7487834823113D-07
     2.6015321797053D-06   -1.4555777267148D-08    6.8415843539926D-06
    -6.6839831003069D-06   -1.0153810974493D-06    7.0570030639318D-06
    -1.2850554122963D-05   -6.0299299713356D-07   -2.4360772394183D-06
     8.5278805925308D-06   -3.2742756576197D-08   -3.5022490087206D-08
     5.9908111946062D-07    8.5953723799834D-07   -1.0971483400371D-05
    -1.0358047889607D-05   -2.7525319307319D-06    1.3711326387720D-05
     3.7234683937216D-05   -4.2238386784722D-05    1.6250826291164D-05
     1.9235144259537D-04    4.7082074632466D-04    8.6961688368814D-04
    -3.0285901680038D-05   -1.4539892266666D-03   -1.2674007809689D-03
     8.0004604957993D-04    4.8104778069985D-06    9.3986036231939D-04
    -6.5784114774241D-04   -1.7732874296278D-03   -1.0274078958287D-03
     3.8966187844002D-04   -6.0095733024674D-04    4.8995505809336D-04
     9.9254232193927D-04    2.1643717655291D-04    1.4358362584104D-04
     4.9580856067866D-04    2.8537387376824D-04    4.9202568635143D-05
    -1.7712057569150D-04    1.7422406518314D-04    3.1569629259805D-04
     3.6181600458679D-04   -8.9043859980896D-06    2.0922806342770D-05
    -1.0339500938346D-04   -2.3238680114549D-04   -4.8572843749450D-10
    -1.4598151481288D-09   -2.4416644652874D-09   -3.4367869946347D-09
    -4.4519638618287D-09   -5.4958242459598D-09   -1.8609064626032D-05
     9.6912547144771D-06    6.0168090377521D-07   -1.0248962076044D-08
    -1.1707037475905D-08    1.7628399287403D-06   -1.5284866892071D-08
    -1.8887271527613D-06    7.8944176993775D-06    3.1792602084804D-07
     1.6892340206914D-05   -3.5367506599216D-06   -1.2380973274604D-06
     1.3303634088339D-05   -2.3377064523556D-05   -1.1858171759641D-06
     6.8210133549561D-06   -4.6295480008666D-08   -4.8481109656068D-08
     1.1647501787071D-05    5.4954703062965D-07   -7.1960810470135D-06
    -3.0103704940144D-06   -1.4342807936555D-06   -1.6063103710599D-05
    -3.7501171374488D-06   -1.8702792398834D-05   -2.1385028701573D-05
    -3.9116560797555D-05    1.8866846126428D-04    3.6233082241540D-04
     7.4214807918512D-04   -8.7760299734644D-04   -4.8987427740912D-04
    -2.1670342819371D-03   -9.3075396205452D-04    1.6982060791605D-04
    -1.5732338662899D-03    5.9106284998002D-04    1.3645196586362D-03
    -1.2881887911071D-03    1.0879504274788D-03    8.9871141648760D-04
     6.2074765108586D-04    2.1646060722106D-04    9.4179643619519D-04
    -3.9132848100599D-04   -2.0823172604072D-04   -3.1541297070637D-05
     5.6972143509648D-04    2.8651523398795D-04   -1.6497418437099D-04
    -2.7417149926169D-04    8.3792071299243D-05    2.3805827534778D-06
     9.2308189530336D-06   -7.4786071521474D-05   -2.2754898538749D-04
    -5.2969785658662D-10   -1.5963089018415D-09   -2.6846405065703D-09
    -3.8102240359488D-09   -4.9909937249958D-09   -6.2483620729227D-09
    -7.6085427889446D-09    1.1512695952942D-05    1.5031354648053D-05
    -1.2678652512801D-08   -1.4877913816985D-08   -8.7061786968492D-07
    -2.0545466687783D-08    1.4537848398144D-05    7.2746059691009D-06
    -1.6308981520877D-06    5.7338438948812D-06   -1.6706195162525D-05
    -8.2572773034259D-07   -2.4887344348197D-05   -1.8340337906256D-05
     1.2492380095436D-05    8.2889573925169D-06    9.1945127796048D-06
     1.0942790850652D-05    2.2151107029244D-07    2.3148262713018D-07
     8.9186816834031D-06   -7.1897669602478D-08   -4.4705007692604D-06
    -5.5705049403971D-06    4.5475236120162D-06   -3.5868870771105D-05
    -9.3346924257961D-05    8.7646915671344D-05    1.4897031455019D-04
     2.5078769960969D-04    3.2241759798790D-04   -1.1636717831734D-03
    -2.4075724528880D-03   -1.8641732414199D-03   -1.3451404839101D-04
     1.7981157744381D-03    1.4078524251480D-03   -5.2598838085657D-04
     8.3477090373877D-04    9.4650719285385D-04   -1.4927063914270D-05
    -2.1720602571217D-04   -1.1205730953853D-04    5.6623170457583D-04
     2.7896064245864D-04   -3.5972904129894D-04   -3.0290829766791D-04
    -7.0803726579716D-06   -1.3044395469256D-04    2.6699401047106D-04
     6.5535298242171D-05    9.8796390970666D-05    1.1778244001666D-04
    -8.4381105117945D-05   -1.0345177015088D-04   -9.4059042906785D-05
    -1.7334671621967D-04   -5.8746219309797D-10   -1.7734927604623D-09
    -2.9930600040370D-09   -4.2701171995292D-09   -5.6319075353650D-09
    -7.1104109992683D-09   -8.7440488388021D-09    3.5157096482232D-06
     3.1771344879881D-06   -1.5102934479625D-08   -1.7952161502799D-08
    -3.5633508910204D-07   -2.5392346404387D-08    1.9843707266714D-05
     3.2248135699321D-06   -8.6834135709969D-06   -5.2636747459450D-08
    -2.7745592217628D-05    3.7833310027011D-07   -3.2521119027530D-05
    -4.3512331223148D-06    4.3826761135331D-05   -2.4001202562710D-07
    -7.4234371995131D-08   -7.6251246783305D-08   -7.8194369697411D-08
     1.8094429661998D-06    9.4770384462960D-06   -8.4574566242516D-08
    -4.8416183212858D-06    7.2685984325092D-06   -1.0188566674723D-05
    -5.7103948143047D-05   -1.7803251337929D-04    8.9597294688229D-05
     2.2132460936778D-04    2.6437058906187D-04    1.0253280174142D-04
    -2.1374186144147D-03   -2.9553741992881D-03   -1.2966914737162D-03
    -1.4022568358568D-03   -5.1268694700597D-04   -7.7481673503787D-04
     2.5100931282991D-04   -1.1104789526406D-03   -8.9834009424558D-04
    -4.2631019639541D-04   -3.7716719695172D-04   -3.3279794699478D-04
    -5.2583852123436D-04   -3.4245833230421D-04   -3.4511437011235D-04
     2.4997390983159D-04    2.9497220295245D-04   -1.7210671217668D-04
     2.6560720011840D-04   -9.7748153119448D-05    1.1411622816982D-05
    -1.1437150092705D-04   -3.0974775125299D-05   -1.2621380439239D-04
    -1.2784860708308D-04   -1.5912688885079D-04
    -2.8527869103877D-06   -1.5162410226600D-13   -1.9820870878966D-13
    -1.6287103939594D-13   -1.1369586187096D-14    1.7502635384381D-06
    -2.3969238257659D-06    1.5205164122705D-12    2.5332636521202D-12
    -3.1964508414051D-07    5.5957892993440D-12    7.7321574604638D-12
    -4.7692892802866D-07    1.3283731911625D-11    1.6535556730077D-11
     1.9699023972350D-11    2.2022046816919D-11    2.2146818777608D-11
     1.2997313642275D-06    7.3025518648750D-12    4.5162378398048D-10
    -4.1119962832644D-06    1.4466905474231D-09    1.5760716393528D-09
     1.5929966758941D-09    1.5481727441084D-09   -2.9871108593308D-06
     1.3660540130149D-09    1.2509980216358D-09    1.1273432601075D-09
    -1.2225398845173D-06   -3.8564336138324D-06   -4.0916030099090D-06
    -8.0481256519399D-06   -2.1498128921371D-05   -3.6070758332243D-05
    -1.0714439010816D-04   -1.7109993232485D-04   -4.2863088266501D-04
    -8.5610378914860D-04   -2.1566523454680D-03   -4.5128525838233D-03
    -4.2604131720877D-03   -2.8066836321320D-04    1.2789961126695D-03
    -4.3340956071329D-04   -4.1665295706728D-04   -5.2088301439282D-04
     3.5631152310195D-04    2.2759921751433D-04    5.0491265937074D-04
     8.8251180262446D-04    1.0363604811511D-03    8.3072489934810D-04
     8.5337129397598D-04    8.1114937465710D-04    8.0546479237435D-04
     8.7236248168033D-04    7.0254075442428D-04    7.3745572532592D-04
     6.5927170122116D-04    5.0102420211825D-04    2.6952700567755D-04
     7.1143710544879D-05   -2.6810517984029D-06   -5.7986472475610D-13
    -8.1129145299980D-13   -8.0916393065313D-13   -4.7546947758905D-13
     1.6439610981649D-06    1.6146452081789D-12    3.6089425809407D-12
     6.4123807997087D-12   -3.0042121249570D-07    1.5020124076940D-11
     2.1094512921069D-11   -4.4975522453928D-07    3.7064574111021D-11
     4.6566384454506D-11    5.6022060653803D-11    6.3365766092456D-11
     6.4671453520490D-11    1.2389876125980D-06    2.2022550679197D-11
     4.2525756257023D-10   -3.1735411800097D-06    1.3341637149452D-09
     1.4484120507928D-09    1.4645233593742D-09    1.4267426640625D-09
    -1.7490750694681D-06    1.2694606183802D-09    1.1693881515774D-09
     1.0615285493085D-09   -9.6426213398423D-07   -3.8073358859618D-06
    -4.5210862763162D-06   -5.0922210784381D-06   -1.2088243401480D-05
    -3.7035164749353D-05   -6.3679275174991D-05   -1.6344678059695D-04
    -4.3192559420942D-04   -1.0518291115014D-03   -2.2770645593004D-03
    -5.1152545522885D-03   -5.7444300600250D-03   -2.0565101186500D-03
    -1.0138582946744D-03   -8.7680111826148D-04   -7.3801281444224D-04
    -3.2133200483973D-04    1.4320994001826D-04    7.5062209508980D-04
     1.0547847646829D-03    3.7345185355942D-04    4.9202660973612D-04
     1.1680529619254D-03    1.3632420719735D-03    1.3219667273567D-03
     1.1071241364395D-03    1.1090952262661D-03    1.3949706742549D-03
     1.1916825185602D-03    9.1758796746448D-04    7.4059399250763D-04
     4.9199461965108D-04    1.9111236650429D-04   -2.2012499168430D-06
    -3.1969731153876D-07   -1.9803287730418D-12   -2.2694521804129D-12
    -2.0472059568361D-12    1.5451179765352D-06    5.9474946511057D-13
     3.3842637436356D-12    7.4283474032663D-12   -2.8264485154025D-07
     2.0190497065119D-11    2.9353313502511D-11   -4.2454929650694D-07
     5.3848482694154D-11    6.8753114401022D-11    8.4049718831726D-11
     9.6829082694403D-11    1.0112903360067D-10    1.1820803111332D-06
     3.6236308365005D-11    3.9337539200407D-10   -2.2960578586398D-06
     1.1898571388032D-09    1.2848504158337D-09    1.3012044555489D-09
     1.2741200916851D-09   -1.8129765774907D-06   -6.7492785858095D-07
     1.0731812612342D-09    9.8735473461625D-10   -9.2439855933578D-07
    -2.8778174483744D-06   -2.9262974809128D-06   -3.5542026395140D-06
    -5.3078415648505D-06   -3.5264793195041D-05   -1.1545731023591D-04
    -2.3575365458779D-04   -3.8327884179914D-04   -1.0101517131911D-03
    -2.4491937423829D-03   -4.8407520164002D-03   -7.3848995829165D-03
    -4.4350778769680D-03   -7.6513294002506D-04   -8.7811606843535D-04
    -1.3075176661336D-03   -8.3980195732075D-04   -4.9419185931970D-04
     7.0935976018991D-04    4.1294614027053D-04    1.1412003095047D-03
     1.4281628028288D-03    1.3623868973974D-03    1.3256764844068D-03
     1.2319858247590D-03    1.5852856457428D-03    1.8148618132154D-03
     1.5771710204872D-03    1.3817943874253D-03    1.3860439387770D-03
     1.2338639326101D-03    7.7266201720204D-04    3.3391643095850D-04
    -8.6856521399666D-13   -2.3707824376568D-06   -3.8901253540150D-12
    -4.8092560650910D-12   -5.0797713058476D-12    1.4523723949563D-06
    -2.8295259364692D-12    1.6361366598975D-13    4.7554560378268D-12
    -2.6590906707452D-07    1.9917287407405D-11    3.1083527681759D-11
    -4.0047833153418D-07    6.1587118664953D-11    8.0634329918279D-11
     1.0085004058981D-10    1.1906074467940D-10    1.2814506293295D-10
     1.1259956280426D-06    4.9141972251275D-11    3.5241220238008D-10
    -1.0983322450042D-06    1.0176026249279D-09    1.0936350983253D-09
     1.1124478439258D-09    1.0988950217127D-09   -1.3562462637769D-05
     1.0189988809945D-09    9.6408292410599D-10    9.0363891907821D-10
    -8.9270170510732D-07   -1.6614909547095D-07   -4.3565821163706D-06
     6.1107292536447D-06   -1.3364030374196D-05   -3.0065489220214D-05
    -6.2963909789532D-05   -2.0565772592518D-04   -3.9409949788436D-04
    -8.7847481097767D-04   -2.2385453982433D-03   -4.6269283520625D-03
    -6.9974482426070D-03   -4.4892995601499D-03   -2.8757976092182D-03
    -1.6470356115530D-03   -1.9478478723259D-03   -1.0979214483629D-03
    -1.0042647338495D-04    5.8332564469001D-05    1.1508377368016D-03
     1.6588932911223D-03    1.4587374277574D-03    1.4230167662476D-03
     1.3960220957040D-03    1.3727657647374D-03    1.6884562118645D-03
     1.6962234899628D-03    1.8283005222400D-03    1.9488158847841D-03
     1.8970396505852D-03    1.6611102901821D-03    1.0838325747573D-03
     4.4897442617267D-04   -1.4183164719456D-12   -2.2262940978805D-06
    -6.5771342966255D-12   -8.4827817827750D-12   -9.6483383859118D-12
     1.3629816697707D-06   -8.7890468389420D-12   -6.2211560675662D-12
    -1.8203087190247D-12   -2.4969024277112D-07    1.3856760686187D-11
     2.5845271770841D-11   -3.7704178653010D-07    5.9511279398783D-11
     8.1129376119029D-11    1.0484151791161D-10    1.2774008529658D-10
     1.4263064346282D-10    1.0703890413244D-06    5.9481543777324D-11
     2.9926405694355D-10    2.6081681336741D-06    8.2202746083265D-10
     8.8302083412642D-10    9.0726725511608D-10    9.0928935840040D-10
     8.4409802904248D-09    8.7399932751668D-10    8.4453985144426D-10
     8.1040615741661D-10    1.0420775651533D-06   -1.4151673543912D-06
    -3.4459380846934D-06   -2.1451912872907D-06   -4.2585628768840D-06
    -2.2239647830573D-05   -3.8741421423636D-05   -1.7806171923501D-04
    -3.9878991398272D-04   -8.9090662353277D-04   -2.1580189975050D-03
    -4.4559763752636D-03   -7.2728149252467D-03   -5.6776043888494D-03
    -2.9046486478606D-03   -2.0401256321815D-03   -1.0820024739492D-03
    -4.6733790366525D-04   -2.0452331275823D-04    1.2740058633992D-05
     5.9151425706679D-04    8.2233518411818D-04    1.6705725725992D-03
     1.8136497296548D-03    1.9016827933185D-03    2.1233911210255D-03
     2.0729622324740D-03    1.8108393948168D-03    1.9511514693742D-03
     2.1871407852719D-03    2.0263006926863D-03    1.6583441730633D-03
     1.1599990945737D-03    4.8615485370417D-04   -2.0998168705973D-12
    -2.0911083832825D-06   -9.9560569971902D-12   -1.3171024902624D-11
    -1.5600628945726D-11    1.2791518506280D-06   -1.7066958850924D-11
    -1.5522300439450D-11   -1.2021884764747D-11   -2.3441148262447D-07
     2.3347896492104D-12    1.3976663554974D-11   -3.5484023724923D-07
     4.7881051899358D-11    7.0328627911129D-11    9.5716073546757D-11
     1.2174603468730D-10    1.4216264177870D-10    1.0167183942849D-06
     6.5488674052337D-11    2.1327897111064D-07    2.5055463474450D-06
     6.1044492001849D-10    6.6267016577243D-10    6.9543397279189D-10
     7.1419305215158D-10   -2.5528844805999D-09    7.2322401105642D-10
     7.1851432871232D-10    7.0995052090593D-10    6.9867690967478D-10
    -2.2893371067792D-06   -4.6933177931355D-06   -6.3338021948927D-06
    -8.0185831104034D-06   -2.0360061536121D-05   -6.4206787241767D-05
    -1.8754364106590D-04   -4.3866431568966D-04   -9.9049925682467D-04
    -1.9812817400978D-03   -4.0273885847010D-03   -7.1746644210157D-03
    -6.7445171272854D-03   -3.8732858851641D-03   -3.1113328526420D-03
    -1.5454074156675D-03   -1.2509112702604D-03   -3.4834812965129D-04
     5.4285796382604D-04    6.4741551600573D-04    1.2645426543958D-03
     1.3827751819079D-03    1.9979125583314D-03    2.2916317947535D-03
     2.4844016257174D-03    2.3408122509510D-03    2.3232091336020D-03
     2.2461522329518D-03    2.2904462995388D-03    2.2054072467012D-03
     1.9579450471744D-03    1.2760603557575D-03    5.4266672403778D-04
    -2.8758967562839D-12   -1.9647718891323D-06   -1.3839820087236D-11
    -1.8610427399716D-11   -2.2595119797267D-11    1.2006607524945D-06
    -2.7160764071105D-11   -2.7154329680887D-11   -2.5179325709805D-11
    -2.2004309175358D-07   -1.3809602633131D-11   -3.6046897758856D-12
    -3.3383278315442D-07    2.7708450471655D-11    5.5428571302549D-07
     7.4187976752195D-11    1.0110149714865D-10    1.2523868603177D-10
     8.9568094741306D-07    6.4837247975121D-11    9.2194323815363D-07
     2.4092843537323D-06    3.9343916106100D-10    4.4401413695715D-10
     4.8781629329557D-10    5.2348525481980D-10   -2.0974812639532D-10
     5.7403714962136D-10    5.9196369320631D-10    6.0664809944307D-10
     6.1904187079461D-10   -2.1855053504223D-06   -2.8304398485538D-06
    -4.9819865985900D-06   -1.0408480777227D-05   -3.1317122225425D-05
    -7.8814246769071D-05   -1.7170164875139D-04   -3.3297003628650D-04
    -8.4139688235783D-04   -1.7276426419490D-03   -3.7001003055353D-03
    -7.1541325481100D-03   -7.5965421667936D-03   -4.7421900669284D-03
    -3.2915359182259D-03   -2.3453433332673D-03   -8.4847275767107D-04
    -4.9464126813224D-04    4.8280409394617D-04    8.2117663514624D-04
     1.1828747351517D-03    1.8243609659089D-03    1.8500735505389D-03
     2.2594851117683D-03    2.8005243894004D-03    2.8626180895349D-03
     2.7357683280219D-03    2.7682404886296D-03    2.5800077491630D-03
     2.4530840526186D-03    1.9883805358573D-03    1.4455265481817D-03
     6.1934483065519D-04   -3.6958330977502D-12   -2.0923906998388D-06
    -1.7970867050308D-11   -2.4435131463204D-11   -3.0152813894616D-11
     1.1273053412146D-06   -3.8347551777108D-11   -4.0262923710760D-11
    -4.0301076664664D-11   -2.0656017695040D-07    1.3490944052464D-06
    -2.5480366187709D-11   -3.1398787481318D-07    6.4691737637027D-13
    -3.9622890269565D-07    4.1863509140436D-11    6.6955056516219D-11
     9.1601317255581D-11    1.0529962705792D-10    5.4773245798212D-11
     8.2097713065037D-07    2.8930788091641D-06    1.8460122874115D-10
     2.3995099144194D-10    2.9616240866940D-10    3.4779603375666D-10
     3.9380058643413D-10    4.3495743009826D-10    4.7237008114731D-10
     5.0694458602078D-10    5.3953576019961D-10   -3.3514209988094D-06
    -1.6821552537751D-06   -3.8948618349074D-06   -2.7615460677576D-05
    -3.6885152221813D-05   -5.2503084154015D-05   -1.2348046274535D-04
    -3.8390820659750D-04   -7.3521432594105D-04   -1.5814088023878D-03
    -3.9383849843969D-03   -6.7330974759322D-03   -7.6130116028053D-03
    -5.1557227900968D-03   -4.2385997016290D-03   -2.8960219091046D-03
    -1.8654805682383D-03   -1.2359788483480D-03   -1.5606956541840D-05
     4.2383183701817D-04    7.5416293140815D-04    9.8958767630620D-04
     1.6028853348295D-03    2.2053276477195D-03    2.1692666573752D-03
     2.7905343979917D-03    2.8496546670073D-03    2.5397091921056D-03
     2.5275559055710D-03    2.3719053843594D-03    2.1646209832347D-03
     1.4812225800298D-03    6.0597008980009D-04   -4.5034121772900D-12
    -1.4861050610624D-06   -2.2060438190459D-11   -3.0230478670648D-11
    -3.7723177952609D-11    1.0573716982342D-06   -4.9765752495719D-11
    -5.3807689318245D-11   -5.6151173241017D-11   -1.9355598043249D-07
     4.3606682955061D-06   -4.9749026925072D-11   -2.9473389792337D-07
    -3.0981163086743D-11   -6.2490419571402D-07    1.2383299828303D-12
     2.1572323547624D-11    4.2456027663521D-11    5.7873285814202D-11
     1.8945505486361D-07    8.6808618700093D-07    8.0894400780203D-06
    -1.6634582753029D-13    6.4204229072721D-11    1.3250759524897D-10
     1.9787821814825D-10    2.5852097476500D-10    3.1482911944499D-10
     3.6777201766162D-10   -1.9094251996871D-06    4.6677241472527D-10
    -2.1215292132486D-06   -4.7233791947874D-06   -8.6323673679787D-06
    -1.9794465106834D-05   -4.2996961724165D-05   -4.8701573515207D-05
    -1.2865122917616D-04   -3.6476009472494D-04   -7.7730108659151D-04
    -1.5312502197884D-03   -3.4423173415015D-03   -6.6780265446250D-03
    -7.5781444316961D-03   -4.8162113896701D-03   -2.7324277810076D-03
    -2.5754856256265D-03   -2.2003817163408D-03   -4.4760425293439D-04
    -4.0141897654081D-04    7.5104878935826D-04    1.4269925052496D-03
     2.0175637461746D-03    2.1338877722021D-03    2.0015450166029D-03
     2.3882962674899D-03    2.6370506284901D-03    2.4113936482815D-03
     2.4632450670460D-03    2.3778832692574D-03    2.3271647692167D-03
     1.9955214875211D-03    1.3326599925441D-03    6.0925188950901D-04
    -5.2481904973588D-12   -1.5666869171830D-11   -2.5846913599847D-11
    -3.5617198635221D-11   -4.4796131029477D-11    9.9208046740972D-07
    -6.0586194951781D-11   -6.6760765854425D-11   -7.1469214820634D-11
    -1.8163690919254D-07    4.0998870299190D-06   -7.4194231777723D-11
    -2.7680928912325D-07   -6.4110187322823D-11   -5.8680397396058D-07
    -4.3844871906494D-11   -3.1095395382028D-11   -1.8866034127098D-11
    -1.1254070259899D-11    2.2728830171317D-07   -8.6559562235184D-06
     7.6113113803862D-06   -1.4343501020189D-10   -1.1220225468407D-05
     8.1212217183725D-12    8.3412064724793D-11    1.5440788891595D-10
     2.2138859432073D-10    2.8528149662622D-10   -2.4057615110744D-06
    -1.2173365347979D-07   -1.6753621489150D-06   -9.1482156716611D-06
    -4.0252723579807D-06   -2.7276595385308D-05   -1.7157466226188D-05
    -6.9721525135810D-05   -1.8226465334939D-04   -3.6145200836175D-04
    -6.1247356583236D-04   -1.4485400477076D-03   -3.3393271382783D-03
    -6.1936232733368D-03   -7.3600178489497D-03   -5.7497293476399D-03
    -3.2745510395788D-03   -3.0166387411882D-03   -2.7651081190709D-03
    -1.4705144015540D-03   -3.1273505711010D-04    9.4368365371289D-04
     1.4839252802278D-03    2.0260380637949D-03    2.1741569896366D-03
     2.5893245868180D-03    2.3673795227074D-03    2.0863576687443D-03
     2.3299438138121D-03    2.4362576694513D-03    2.3701450774100D-03
     2.1246050096183D-03    1.8978269297915D-03    1.3611423502894D-03
     5.8707676839570D-04   -4.5976810885732D-12   -1.3740919747400D-11
    -2.2722801972481D-11   -3.1425714231296D-11   -3.9724952422230D-11
     7.3960773388437D-07   -5.4572681020535D-11   -6.0829531988837D-11
    -6.6100867887662D-11   -1.3536637477991D-07    3.0608288170887D-06
    -7.4431203248696D-11   -2.0645204049128D-07   -7.2593239752154D-11
    -4.3756740952064D-07   -6.5561361191459D-11   -6.1811860198963D-11
    -6.0821861879592D-11   -6.9455522096850D-11    1.6590920883457D-07
    -3.7041512233561D-06    6.7518260398506D-06   -1.7419064094968D-10
    -2.2634824776478D-06   -7.9096557715444D-06    1.3735430865286D-11
     7.3311899937740D-11    1.3012867566460D-10    1.8486755082674D-10
    -1.8444889832673D-06   -8.2833866000242D-07   -9.8224807552386D-07
    -6.4143415046247D-06   -2.4098136093297D-06   -2.3173755002273D-05
    -3.2869604064953D-05   -4.1365420595506D-05   -1.1818395078328D-04
    -2.6991460186367D-04   -4.4423512387749D-04   -9.8434528773687D-04
    -2.1834035548194D-03   -4.4459719178005D-03   -6.0797998656439D-03
    -4.3232700140295D-03   -3.5544627461936D-03   -2.9694817684860D-03
    -1.5010613346379D-03   -3.0640733693102D-04    3.2273343870352D-04
     9.9272852346654D-04    1.1212454758879D-03    1.6374478088098D-03
     2.0331018607514D-03    1.6786227503681D-03    2.1213742124845D-03
     2.1532249307068D-03    1.7730255150462D-03    1.8402428257506D-03
     1.9098355814064D-03    1.9008227155622D-03    1.6323142328493D-03
     1.1248853093646D-03    5.0247651639289D-04   -5.6733083399399D-12
    -1.6969567147615D-11   -2.8108494427536D-11   -3.8973277415149D-11
    -4.9440118006781D-11    8.0196988271177D-07   -6.8649645924513D-11
    -7.7111096698829D-11   -8.4616128300834D-11    2.4625728549694D-06
     7.0207608275539D-07   -1.0005040092993D-10   -2.2397728007829D-07
    -1.0377012123342D-10   -4.7473092786774D-07   -1.0398166554835D-10
    -1.0511925208551D-10   -1.1055386796016D-10   -1.2814532804756D-10
     1.7964669814002D-07   -2.5272034292635D-10    7.4360131782021D-06
    -2.2405842262536D-10   -1.5680477195006D-10   -8.5495615992915D-11
    -1.4738785235603D-11    5.3695764949013D-11    1.1978945196537D-10
     1.8414661832681D-10   -1.9904726549163D-06   -9.9987782700531D-07
    -1.0867527402457D-06   -5.7464060414794D-06   -2.4689773899310D-06
    -3.1585056085319D-05   -1.7178874373549D-05   -6.9438320955845D-05
    -1.6682283284937D-04   -2.3368959942946D-04   -5.7008354454086D-04
    -1.0834217963404D-03   -2.3512415639180D-03   -5.3687199516712D-03
    -6.5622353964876D-03   -4.9020967327660D-03   -4.3755448015282D-03
    -2.5562073085579D-03   -1.4119013011892D-03   -7.3166833895681D-04
    -4.3631381926296D-04    9.4315924470374D-04    1.2682145111294D-03
     1.6498088093598D-03    1.6909050549172D-03    1.7210013567967D-03
     1.6957302411423D-03    1.5017565318725D-03    2.0168770278215D-03
     2.0160982408307D-03    1.9716496482053D-03    2.0146769301338D-03
     1.7602561937934D-03    1.2201782434816D-03    5.3936454430060D-04
    -6.9647849414571D-12   -2.0847042470831D-11   -3.4579600835638D-11
    -4.8048475369315D-11   -6.1132767086784D-11    8.6895065311367D-07
    -8.5634723342623D-11   -9.6785548156770D-11   -1.0702434469423D-10
     3.4311347011792D-06   -1.2428844153021D-10   -1.3115055260955D-10
    -2.4287951743349D-07   -1.4146216831663D-10   -5.1456801116759D-07
    -1.4935109735344D-10   -1.5477706779244D-10   -1.6426238933830D-10
    -1.8264125876334D-10    1.9593522465934D-07   -2.5545346519719D-10
     8.0956841505917D-06   -2.5146543824882D-10   -1.8138488838507D-10
    -1.4185762035794D-06   -2.8003355235486D-11    4.7893860926348D-11
     1.2226967376814D-10    1.9558252404532D-10    2.6822920796183D-10
    -4.5985235293927D-07   -1.1722057303274D-06   -6.1735796765767D-06
    -3.0271223941756D-06   -2.8225190138293D-05   -2.0407480911661D-05
    -7.1590165928887D-05   -1.5747119468053D-04   -2.7062860072894D-04
    -5.8914753620279D-04   -1.3583494576949D-03   -2.8599323426425D-03
    -5.9932093569996D-03   -7.7539554861671D-03   -6.6288830265866D-03
    -4.2784098488092D-03   -2.6205339895707D-03   -1.9906671559652D-03
    -1.5949469453521D-03    1.9874741725302D-04    1.2972623510422D-03
     1.8922922275789D-03    2.4734491931640D-03    1.9948865583347D-03
     2.6689705603620D-03    2.3833448438017D-03    2.6257968232404D-03
     2.5885764190185D-03    2.4856964028698D-03    2.4746637236877D-03
     2.3353292128176D-03    1.8920967882051D-03    1.3366956473585D-03
     6.0833150685311D-04   -8.4904128539315D-12   -2.5427827198617D-11
    -4.2225489767398D-11   -5.8773326953796D-11   -7.4954126378105D-11
     9.4083810887539D-07   -1.0571986454850D-10   -1.2005055647932D-10
    -1.3351287283356D-10    3.7221479500620D-06   -1.5740262614307D-10
    -1.6768357214839D-10   -2.6294284948293D-07   -1.8502526845341D-10
    -5.5663282681861D-07   -1.9971026740770D-10   -2.0748135596179D-10
    -2.1646438187446D-10   -2.2450265820839D-10    2.1420764264007D-07
    -2.0925918313218D-10    8.7626394216104D-06   -2.4886712631865D-10
    -1.7931103406576D-10   -2.6698470456445D-06   -1.8641949504520D-11
     6.3213432061097D-11    1.4461801535982D-10    2.2584317109634D-10
     3.0715524856247D-10   -2.0285629210416D-07    1.9076293275548D-06
    -8.6704419249779D-06   -8.4619336426573D-06   -3.6484435904687D-05
    -5.5338433816414D-05   -1.2916375307582D-04   -1.5695092798783D-04
    -3.0835265401348D-04   -7.3764584312576D-04   -1.5111618837662D-03
    -3.0873368593775D-03   -6.5684043988318D-03   -8.8622565474389D-03
    -7.0755343827392D-03   -6.1320461071486D-03   -3.8754272038606D-03
    -2.2102249532197D-03   -1.1952258942250D-03    1.2011907548277D-03
     2.5103251016176D-04    1.1187263635104D-03    1.1198077780324D-03
     2.6903373137781D-03    2.6066173903588D-03    3.3535241945310D-03
     2.9736214045236D-03    2.8209270606818D-03    2.8176206182294D-03
     2.7333177008443D-03    2.3178535356462D-03    2.2393101900231D-03
     1.5635937443566D-03    6.5833529774985D-04   -1.0258730336479D-11
    -3.0736750309998D-11   -5.1084951192515D-11   -7.1196618342882D-11
    -9.0957021378041D-11    1.0179340055545D-06   -1.2893707237747D-10
    -1.4689774656074D-10   -1.6400251237838D-10    4.0310974506345D-06
    -1.9519111415656D-10   -2.0909125290785D-10   -2.8415747058892D-07
    -2.3325034846600D-10   -6.0216258264478D-07   -2.5224669390991D-10
    -2.5902959088959D-10   -2.6100262271837D-10   -2.4530821859178D-10
     2.3409245838555D-07   -1.1423492022551D-10    5.1529391832766D-06
     2.1827013635465D-06   -1.4377678518679D-10   -2.9014360746826D-06
     1.9460966402681D-11    1.0559237955016D-10    1.9255248113092D-10
     6.2331345920657D-07    3.6904679391581D-10    1.3978584864958D-07
    -1.0164267244941D-06   -7.3244948964712D-06   -8.8359833524258D-06
    -5.5834385322500D-05   -8.6709224039953D-05   -1.0069668891403D-04
    -2.1143895147272D-04   -4.3514764141133D-04   -8.0368078560318D-04
    -1.5806347639434D-03   -3.5523791041141D-03   -7.5954172735130D-03
    -9.4516210800876D-03   -8.2742581182417D-03   -5.0460553719032D-03
    -3.8607825755075D-03   -2.9438973416863D-03   -1.4894929962160D-03
    -6.7666267531910D-04    7.7171774066954D-04    1.8926384764022D-03
     2.2878161314794D-03    2.6143605088370D-03    2.8576356515251D-03
     3.1299188666276D-03    3.5317406760210D-03    3.4770279958241D-03
     3.3004894491125D-03    3.1965289523026D-03    2.9802198567295D-03
     2.3385650414654D-03    1.6427936353670D-03    7.3111167310858D-04
    -1.2261745444105D-11   -3.6748365948928D-11   -6.1110691543505D-11
    -8.5241754315921D-11   -1.0902472617079D-10    1.0983752607582D-06
    -1.5503946855524D-10   -1.7700044278791D-10   -3.6539761701236D-07
     4.3596338666352D-06   -2.3693567663155D-10   -2.5439022394362D-10
    -2.5398478260731D-07   -2.8417535312832D-10   -6.5234470441120D-07
    -3.0319506480633D-10   -3.0421694936478D-10   -2.9075454185804D-10
    -2.3604938523941D-10    1.9666163637676D-07    2.6862457528105D-11
     1.6762998333895D-06    6.3456840705279D-06   -6.8711122405736D-11
    -3.1407642964118D-06   -5.9036584169616D-06    1.7891150223571D-10
     2.6941870834200D-10    8.1073625716553D-07    4.5606275461397D-10
     4.0711513457913D-07   -8.6293731223224D-06   -6.9794868104902D-06
    -2.4624781067243D-05   -3.4089898060593D-05   -7.5327697251794D-05
    -1.2259025947887D-04   -2.8033733898087D-04   -4.4031363085173D-04
    -9.2499963006965D-04   -1.8353869327811D-03   -3.9245933217559D-03
    -7.8174995609829D-03   -9.7580127305478D-03   -7.8573111042917D-03
    -7.1318561554255D-03   -5.7946708655626D-03   -2.6570583267812D-03
    -7.5971015567392D-04   -4.4009929583042D-04    1.1711626199798D-03
     2.0889269729803D-03    2.7653198991477D-03    2.8773725267616D-03
     3.0974416336261D-03    3.3590589162428D-03    3.5603840557082D-03
     3.7468504512687D-03    3.3110086500648D-03    3.2437348142874D-03
     3.0500347814021D-03    2.7244231063749D-03    1.9223662411267D-03
     8.3251128472123D-04   -1.4473007198440D-11   -4.3382445612866D-11
    -7.2166076149396D-11   -1.0071129548247D-10   -1.2889239964008D-10
     1.1837214491537D-06   -1.8359524338305D-10   -2.0979601097351D-10
    -6.8701486237671D-07    4.7152474301901D-06   -2.8136456458162D-10
    -3.0192536665992D-10   -3.2009100616462D-10   -3.3501075057486D-10
    -7.0657500269609D-07   -3.4778475852106D-10   -3.3679883519140D-10
    -2.9770117197635D-10   -1.8763311542697D-10   -3.3811020275833D-05
     2.0771924968266D-10    2.7617891761673D-06    3.2213868314499D-06
     4.9989407588618D-11   -3.3838196010553D-06   -4.0792852485103D-06
    -8.5748908657151D-07    3.7513745798653D-10    4.1477564912937D-07
     5.6606697808270D-10   -3.5281596096926D-06   -2.2842708751094D-05
    -1.5041400948193D-05   -1.4429032051978D-05   -3.7020740210798D-05
    -8.1319300745569D-05   -6.6719184762124D-05   -2.1572104156402D-04
    -5.8194474417570D-04   -1.0926567832356D-03   -2.2009702324913D-03
    -4.8935617273313D-03   -8.5584109671781D-03   -1.0607315106287D-02
    -8.2364514337337D-03   -5.8608764484798D-03   -3.9397112211042D-03
    -1.6032606039684D-03   -1.0712301157330D-03   -4.1650050403413D-05
     9.1515403955935D-04    1.7330500411634D-03    2.4847892500497D-03
     3.2154616982020D-03    3.4174797580971D-03    3.5493305795341D-03
     3.5477204088300D-03    3.8096654046433D-03    4.1146583709627D-03
     3.7884974212543D-03    3.6369148107742D-03    2.9738232631821D-03
     2.0211826577630D-03    8.7511386681154D-04   -1.6846493403695D-11
    -5.0498879269805D-11   -8.4010778794968D-11   -1.1725432162904D-10
    -1.5008351504237D-10    1.2764998414646D-06   -2.1380907817042D-10
    -2.4428869349808D-10   -7.4031489036951D-07    5.1009960205448D-06
    -3.2659084726051D-10    3.1390215675819D-06   -3.6839923719029D-10
     1.1342227892420D-05   -8.2250538185862D-07    3.1082521871431D-08
    -3.4974317704100D-10   -2.7355620691217D-10    3.7601009171798D-07
    -2.1490920353564D-05    4.1821282387019D-10    2.9676411639580D-06
     2.8941142461692D-08    2.1237078421367D-10   -3.6345228933736D-06
     3.3677522831315D-10   -5.4034676557528D-06    5.0497031249625D-10
     5.9644959056213D-10    6.9137312164345D-10   -3.5170758173458D-06
    -1.3565002184901D-06   -1.6779482405987D-05   -2.0491147267853D-05
    -4.1193849843704D-05   -8.1930394658643D-05   -1.3197966425822D-04
    -2.4192482374920D-04   -6.6572177118367D-04   -1.2799655386029D-03
    -2.7535171740926D-03   -5.5927830692115D-03   -9.7758763963528D-03
    -1.1693983709815D-02   -7.8059422355960D-03   -6.3538813734311D-03
    -4.7848299774580D-03   -2.8341811191434D-03   -1.6625787390573D-03
    -7.6017795968299D-05    1.1481610762625D-03    1.8722329742701D-03
     3.2447627440902D-03    3.2918037068963D-03    3.9016674618118D-03
     4.2622656881366D-03    4.3786007922581D-03    4.2938673680815D-03
     4.1718394976418D-03    4.1174986938043D-03    3.6890531453455D-03
     3.2656462928471D-03    2.2533749246158D-03    1.0027104103296D-03
    -1.9307072264052D-11   -6.2572543984845D-07   -9.6259407303371D-11
    -1.3431745234141D-10   -1.7186240863333D-10    1.3761286060574D-06
    -2.4451629646988D-10   -2.7905362878610D-10   -7.9693958310676D-07
     3.0240634502772D-06   -3.7010760364852D-10    5.3983321716339D-06
    -4.1154807064198D-10   -1.4819344575282D-07   -8.9719354347101D-07
     1.3161915012820D-07   -3.3601985724441D-10   -2.1148795314153D-10
     1.3438285983003D-06    6.5577017896481D-07    6.4431448812481D-10
     3.1860075351412D-06   -3.5317694267816D-07   -2.1337674170713D-06
    -1.7051200909482D-06    5.0184341717867D-10   -5.7916993196252D-06
     6.4821845712118D-10    7.3097666606938D-10   -4.0882987114157D-07
    -1.3464491029220D-05    1.8020654096370D-07   -1.3663498673953D-05
    -3.8777356991508D-05   -4.4058193138793D-05   -1.2445160929068D-04
    -1.4976405641061D-04   -2.6428681279248D-04   -7.1946301892458D-04
    -1.6552639389177D-03   -3.4694936978926D-03   -6.9865192778201D-03
    -1.0789589645008D-02   -1.1844879622986D-02   -8.8516346344910D-03
    -6.5147808492619D-03   -4.3930257951797D-03   -3.6556611109938D-03
    -1.4242456132034D-03    7.2590651038217D-04    1.8175279042824D-03
     3.1885594493271D-03    3.3289234003053D-03    4.1677563694588D-03
     4.9936421918126D-03    4.5261777836716D-03    4.6951292562761D-03
     4.6871599765508D-03    4.4663697607089D-03    4.4149800535999D-03
     4.1399075647843D-03    3.5099830614632D-03    2.4594071142075D-03
     1.1000298089760D-03   -2.1751206448234D-11   -5.7440393014269D-08
    -2.0455524899243D-06   -1.2870365105228D-06    7.9568231524955D-07
     3.6537922482140D-07   -2.7418630060415D-10   -3.1224764515429D-10
    -8.5697491660492D-07   -2.7005816851620D-07   -4.0887921989947D-10
     5.8230462944883D-06   -4.4542168527656D-10   -2.0463708342783D-07
    -3.3783014334817D-07    1.4227745044548D-07   -2.9026972704539D-10
    -1.0815848285401D-10    1.4600106305263D-06    7.1418059207517D-07
     8.6809532274777D-10    2.9805079820875D-06   -1.7862015282391D-07
    -1.0170245552466D-07    6.4234078032108D-10    6.7708415662733D-10
    -6.1875938051239D-06    7.8721269457821D-10    8.5371094294219D-10
     9.2476544927096D-10   -8.2551539151927D-06   -2.6330729753303D-05
    -2.2243568819823D-05   -5.1136797206478D-05   -5.5674828446281D-05
    -1.7045343667547D-04   -2.2910279228549D-04   -4.4988982996730D-04
    -9.7651470363181D-04   -2.1160568262612D-03   -4.6221266614647D-03
    -9.0346443448697D-03   -1.2187220919685D-02   -1.0653037207092D-02
    -8.9548752467834D-03   -6.0024708363999D-03   -4.5384178742205D-03
    -1.6689068551685D-03   -8.0105576598824D-04   -3.3569984762786D-06
     1.4073001926175D-03    2.2189003320282D-03    3.4481351563855D-03
     4.2798484960273D-03    4.0702073549684D-03    4.6520656064600D-03
     4.6487183065300D-03    4.8174672974943D-03    4.9206998688433D-03
     4.4480487049786D-03    4.2297119083011D-03    3.5829569494555D-03
     2.5588646813853D-03    1.1296870761763D-03   -2.4048636937775D-11
     5.1210010167178D-06   -4.3284954977772D-06   -1.6681427422356D-10
     5.8861240836674D-07   -2.5787450026118D-10   -3.0098254888063D-10
    -3.4169689507583D-10   -9.2050578450199D-07   -2.9030098001918D-07
     4.1162346675112D-06    2.1185080769942D-06   -4.6584060896216D-10
    -2.8850533305990D-07   -8.0836779783903D-08    1.5395979553701D-07
    -2.1081374969911D-10    3.3076128411123D-11    1.5832838430714D-06
     7.7550512500159D-07    1.0675398224018D-09    1.7342805245980D-06
     1.2325345631801D-06    8.4791479302368D-10    8.3074923601755D-10
     8.3828313762836D-10   -6.5897513915396D-06    8.9711394002148D-10
     9.3911169175060D-10    9.8589115689696D-10    1.1031754752986D-06
    -1.5414174967169D-05   -3.6716953352916D-05   -5.3393434867383D-05
    -1.0478371358067D-04   -1.4151203432704D-04   -2.7007961404808D-04
    -6.3487585347906D-04   -1.4377046504619D-03   -2.9838648973139D-03
    -5.8491741304903D-03   -1.0562528750422D-02   -1.3277270873092D-02
    -1.1479539553815D-02   -8.5508022421924D-03   -6.6563421474916D-03
    -5.2388302663907D-03   -3.6367887133008D-03   -1.1278910289306D-03
     7.1839564972098D-04    1.8927734668920D-03    3.1914417605634D-03
     4.6593089816938D-03    4.4443114932325D-03    5.1607075528418D-03
     5.3992749954012D-03    5.2720053422809D-03    4.8806684413453D-03
     4.7294069644828D-03    4.8631639360398D-03    4.5020855664588D-03
     3.8660203203385D-03    2.6130668257743D-03    1.1930780608871D-03
    -2.6049512000286D-11    2.5736302513274D-06   -4.6723891280163D-06
    -1.8024885302393D-10    4.4063577712952D-07   -1.7431025903186D-05
    -1.8689845115185D-05   -1.0974363115204D-06   -9.8484401408532D-07
    -3.1113204510483D-07    6.6844207874477D-06   -4.7212647833207D-10
    -4.6989970167718D-10   -3.1137365058978D-07   -7.1010501958633D-08
     1.6646343486248D-07   -1.0267921306167D-10    1.9880734140961D-10
     1.7128921855792D-06    2.4868074020051D-06    1.2167696341234D-09
    -2.3193452211471D-06    1.6819458707831D-06    1.0210197367856D-09
     9.7617877897885D-10    9.5247617930577D-10   -2.2146056426359D-06
    -4.8678802754418D-06    9.5709768342641D-10   -2.1184615533610D-06
     1.5157021518355D-06   -4.2703108835800D-06   -3.1948309036676D-05
    -7.0107672148011D-05   -1.3462358407256D-04   -2.5651053095395D-04
    -4.6978812675006D-04   -9.7897990403966D-04   -1.9036812819790D-03
    -3.7672935611663D-03   -7.3326200368236D-03   -1.2504221940182D-02
    -1.3173851116498D-02   -1.0775141081527D-02   -8.8978815953320D-03
    -6.4360692792486D-03   -5.1978919321489D-03   -3.3602433456251D-03
    -6.3246778354831D-04    1.7190693716762D-03    2.9188490222540D-03
     4.0229528085831D-03    4.6592948379737D-03    5.0227644904084D-03
     5.1750339235480D-03    5.8974520856543D-03    6.0949686310304D-03
     5.6991868346388D-03    5.3621710942431D-03    5.1951395552329D-03
     4.7911312304839D-03    4.1118930754610D-03    2.7906305763995D-03
     1.2419791653829D-03   -2.7593388055962D-11    1.4125580835659D-06
    -3.2326174417008D-06    1.0952673113450D-07    1.1417544218117D-06
    -2.9161704126317D-10    4.7545080041141D-07    4.1446689523147D-06
    -1.0557607199425D-06   -3.3387799727594D-07    3.8792478313982D-06
    -4.7071231129141D-10   -4.5692744361411D-10   -3.3577987928527D-07
    -6.7653482176963D-08    6.3401196634678D-08    1.9237076944211D-11
     3.6290908856857D-10    1.5121705801886D-06    5.0226863371397D-06
     1.2860878146607D-09   -2.4619374302723D-06    1.1020264283883D-06
     1.1077397872607D-09    1.0366375299641D-09    9.8038212995554D-10
     9.3694305723598D-10   -7.5235197729105D-06    8.7634644348436D-10
    -7.5790060889250D-06   -1.5495544074178D-06   -9.4410538829645D-06
    -5.6810767667125D-05   -6.9937223720991D-05   -1.7693716399503D-04
    -3.4839580498345D-04   -6.9117264006535D-04   -1.3751552384537D-03
    -2.9480421197880D-03   -5.4136593539665D-03   -9.8449348887024D-03
    -1.3038046454163D-02   -1.2315384592011D-02   -1.0108724354655D-02
    -1.0029347253929D-02   -7.4410529646257D-03   -5.4249691349635D-03
    -2.4949841867247D-03   -1.1264277256980D-03    7.3365980043490D-04
     2.6146760448198D-03    3.9282131706962D-03    4.2647273736648D-03
     4.9308753046855D-03    6.0473172054971D-03    5.3739079331728D-03
     5.5410125812624D-03    5.6119193530430D-03    5.7138867850843D-03
     5.1543758686694D-03    4.7383057722771D-03    3.9818516251860D-03
     2.7596678618477D-03    1.2379419181276D-03   -2.8563988433285D-11
     1.5169604820011D-06   -7.7553132232622D-07   -1.9641294604178D-10
     3.1266743760962D-06   -2.9921647973429D-10    6.8767970312333D-06
    -3.8645658045611D-10   -6.2780925219466D-07   -8.6357203476724D-07
    -4.5907026767918D-10   -4.5586608634377D-10   -4.3042185757391D-10
    -3.6177692712807D-07   -7.2578763187182D-08   -2.7625552083204D-06
     1.2789537120519D-10    6.9499164189866D-07    9.8783572248159D-10
     4.6242316460599D-06    1.2430046923884D-09    2.2839933580801D-06
     1.0268132350632D-06    1.0628916546577D-09    9.6848504309920D-10
    -7.8952051624359D-07   -5.1035149640569D-08   -9.8237633349988D-06
     6.6875037006042D-10   -4.6506023064223D-06   -2.8069109963787D-05
    -2.9463544103637D-05   -4.6022687111588D-05   -9.2455594658854D-05
    -2.1883998637987D-04   -4.5211942826939D-04   -9.6182337964203D-04
    -1.9494747025229D-03   -3.4510067007168D-03   -7.2882211240251D-03
    -1.2915477782046D-02   -1.3291936622654D-02   -1.1386705070854D-02
    -1.0775246651410D-02   -8.5484921972549D-03   -7.7030035316925D-03
    -4.9936151350048D-03   -2.2487902308870D-03    1.1113129664809D-05
     2.0014957106795D-03    3.0959290533987D-03    4.0492001689127D-03
     5.0405704120134D-03    5.8556256102281D-03    5.9026491218266D-03
     5.8561719864876D-03    5.6358390598194D-03    5.8078273324776D-03
     5.6540162965331D-03    5.3005224926377D-03    4.8077943164911D-03
     4.0381391078668D-03    2.7415542835274D-03    1.2195326883032D-03
    -2.8905020890976D-11    1.6287428932716D-06   -8.2984209072366D-07
    -1.9812244664290D-10    3.1441207845463D-06   -3.0022174564349D-10
     5.4278659560849D-06   -2.9699988977193D-07   -4.1555423778224D-10
    -1.5995668643468D-06   -4.4424272648703D-10   -4.3399264421352D-10
    -3.9995333440023D-10   -3.8943261206908D-07   -1.0677110923536D-07
    -3.3920424954522D-06   -1.6782351615006D-06    4.9571726401252D-06
     9.4710176324403D-10    6.3980818317726D-06    1.0557311464523D-09
     6.4707471287774D-07    8.7182986648535D-07    8.7448882247860D-07
     7.3448379494753D-10   -1.3777758800441D-06   -4.2230181503361D-08
     3.3263975579809D-07   -8.0673376166718D-06   -2.2394285654620D-05
    -1.9483502132578D-05   -2.8130228796437D-05   -3.7170384510769D-05
    -1.7025652346453D-04   -3.1849393527766D-04   -5.8168621402668D-04
    -1.2885800031034D-03   -2.6329973692516D-03   -5.3602545457292D-03
    -1.0107815089355D-02   -1.4113645462046D-02   -1.3301470112436D-02
    -1.2391491602146D-02   -9.5419110048298D-03   -6.9987238441160D-03
    -5.7497349994295D-03   -4.1140626908971D-03   -2.2266428784807D-03
     6.4681195120176D-04    2.9408379759830D-03    4.3872436637438D-03
     4.8814830051266D-03    4.6660158034720D-03    5.3461336468871D-03
     5.7873317813446D-03    6.0983670658633D-03    5.9212717984471D-03
     5.6642475648835D-03    5.4445263050879D-03    5.2272908578260D-03
     4.7082835226788D-03    3.8457191821675D-03    2.5482434619095D-03
     1.1624375877640D-03   -2.8681292087515D-11    1.4861944488156D-06
    -2.0191165010985D-07   -1.9616187348187D-10    3.3769177711580D-06
    -2.9622624584440D-10    3.8041877662814D-07   -3.5234447760803D-06
    -4.0629045956677D-10   -1.7107104341296D-06   -4.3017857559126D-10
    -4.1776241577905D-10   -3.8259884264342D-10   -4.1880939526346D-07
    -1.1594925991898D-07   -4.3365635365476D-06    1.3985944946707D-10
     5.3027150218384D-06    7.0684489992131D-10    1.5570062607812D-05
     6.9831487965462D-10    6.8046422963074D-07   -9.6869666497330D-08
     1.4928382900270D-06    3.1239673459298D-10   -2.4674403425624D-08
     5.9567015606601D-06    2.0119278153246D-06   -1.1253781198264D-05
    -4.0006022141425D-06   -1.3845323864676D-05   -1.4866778527821D-05
    -5.6815260663428D-05   -1.5107540993495D-04   -3.2614015923728D-04
    -8.3391125819308D-04   -1.7966358747934D-03   -3.4239225262642D-03
    -6.9767864157165D-03   -1.2524442155570D-02   -1.5148325890592D-02
    -1.3436084729319D-02   -1.0135520828228D-02   -8.8863731838927D-03
    -7.1865415929857D-03   -5.0955476294610D-03   -3.4254756414710D-03
    -1.1424562685654D-03    6.8649598004809D-04    2.1484215113207D-03
     3.0800347525764D-03    4.3187729546063D-03    5.3613513499205D-03
     5.3166768688919D-03    5.4797253229835D-03    5.4890206982862D-03
     5.8354064600369D-03    5.8257182702367D-03    5.4180279590360D-03
     5.0466975264657D-03    4.5464439378565D-03    3.6410256563064D-03
     2.4437777912758D-03    1.1188613596233D-03   -2.8128340258345D-11
    -8.4084150672408D-11   -3.8930378657038D-07   -1.9247015902560D-10
     3.7464210399754D-06   -2.9101017871796D-10   -3.3419580641798D-10
    -3.7888147847477D-06   -4.0180499465974D-10   -1.5529813622252D-06
    -4.3174736807827D-10   -4.2619456786601D-10   -4.0246939362924D-10
    -4.4949361725229D-07   -1.2426012375455D-07   -5.7902730920715D-06
    -5.3266045150475D-11    2.3451160146387D-07    5.5445213567600D-06
     1.5678378884119D-05    1.5735116400920D-10   -2.1579199641470D-08
    -1.3047616877205D-06    4.1899937363870D-06   -2.9836329184858D-10
    -4.3922493524770D-10    8.4997732899938D-06   -2.1057091493590D-06
    -1.6756950777791D-05   -1.7800891825344D-05   -1.9433724119162D-06
    -1.5210604910779D-05   -6.1253785412831D-05   -1.8612960017819D-04
    -5.1085298101624D-04   -9.3817886416521D-04   -2.2543397922448D-03
    -4.8406886801658D-03   -9.7361862635878D-03   -1.5721811742065D-02
    -1.5093587048879D-02   -1.0830114232542D-02   -8.3091526157476D-03
    -7.6651932507734D-03   -6.2634998936167D-03   -4.4188984317744D-03
    -1.7292097729418D-03   -9.6853067835392D-06    1.6500266706754D-03
     3.1363369040367D-03    4.3716405973171D-03    4.5960774939950D-03
     5.1870505886130D-03    5.7215367846205D-03    5.9135986143963D-03
     5.8465578712428D-03    5.5537041696374D-03    5.4445151580073D-03
     5.3729981387807D-03    5.0154879786027D-03    4.4585017324699D-03
     3.5591580065976D-03    2.2798531002603D-03    1.0514509446863D-03
    -2.7670158455208D-11   -8.2782571503373D-11   -4.1672039039614D-07
    -1.9033226717439D-10    3.1695590102974D-07   -2.9051864339156D-10
    -3.3617271522261D-10   -4.0708286985685D-06   -4.0689821514940D-08
    -1.4881519418739D-06   -4.6783047491624D-10   -4.8229963643703D-10
     9.4539744329066D-06   -4.7661936533210D-06   -1.3326590571900D-07
    -2.2032427724884D-06   -4.3128462075973D-10   -4.4086711446215D-10
     6.1673716575878D-06    4.8099464264370D-06   -1.5866895952582D-07
    -6.0110175295637D-07   -5.5081191508278D-06    1.0821644984333D-05
    -1.0740097789110D-09   -1.2163996603645D-09   -9.8632148939865D-07
    -1.3399045575405D-06   -1.2839663588585D-06   -6.2006421730252D-06
    -3.6104115918278D-05   -6.8260968740567D-05   -7.6848933540381D-05
    -2.2655884098522D-04   -6.2957914385291D-04   -1.4223040411675D-03
    -3.0152595355816D-03   -6.7602490102367D-03   -1.2438047439411D-02
    -1.6104164407789D-02   -1.3322230332571D-02   -1.0276154416857D-02
    -8.7147413192869D-03   -6.0958155975632D-03   -4.8381436615035D-03
    -3.9759922523969D-03   -6.4674272338224D-04    8.9346286768043D-04
     1.5420764798024D-03    2.5317529784237D-03    3.4236395612733D-03
     4.1817849593315D-03    4.5289428197968D-03    5.1131495527999D-03
     4.9492334860010D-03    5.5110090756482D-03    5.5461304434874D-03
     5.2624030706335D-03    4.8010259413289D-03    4.4872232718999D-03
     3.8976070435458D-03    3.1139068356311D-03    2.0345783916312D-03
     9.5246424035171D-04   -2.7856363807697D-11   -8.3494598029441D-11
    -6.2685527023946D-08   -1.9385585810869D-10   -7.0299159701076D-07
     4.2700118442218D-06    6.7463672612523D-06   -4.3765456457155D-06
    -2.5144489832138D-06   -1.0632597360442D-06   -5.5615680245072D-10
    -1.7780986327268D-06    6.3168222178423D-06   -3.0804749795752D-06
    -4.7185406695293D-06   -8.7492291973755D-10   -3.9449611681848D-06
    -2.9229017764299D-06    6.6557186665055D-06    4.6478388675634D-06
    -2.0661893478947D-07   -6.3858417779580D-07   -8.5101198871609D-06
     1.0311380553519D-05   -1.9681112141150D-09   -2.1051420381640D-09
    -2.2885243300331D-06   -2.0684677005171D-06   -1.4978220516919D-05
    -1.8400048139879D-05   -1.2988741692119D-05   -4.1394499986410D-05
    -1.8418399190089D-04   -3.6026956371447D-04   -7.8143957916314D-04
    -1.8131746033429D-03   -4.1287954772198D-03   -8.0094261135378D-03
    -1.4710790656097D-02   -1.6319374634779D-02   -9.7436648322563D-03
    -7.2023624280962D-03   -6.1606835562611D-03   -6.0138047394891D-03
    -3.2534005229026D-03   -1.2551024163019D-03   -1.6313458836219D-04
     8.9226460526088D-04    2.9431717605547D-03    3.6929516231416D-03
     3.9155535658331D-03    4.3053060503655D-03    4.4460833797288D-03
     4.6812227558823D-03    4.8781748396448D-03    4.6772727107568D-03
     4.7328211165154D-03    4.7283308845843D-03    4.4128811954919D-03
     4.0807699405604D-03    3.5783400390115D-03    2.7739729713921D-03
     1.8011688371683D-03    8.3161357623752D-04   -2.9196307050499D-11
    -8.7746993940155D-11   -1.4676428482048D-10   -2.0657939767746D-10
    -2.6759994461666D-10   -3.3034460708274D-10    2.2750792681871D-05
    -7.3987209956404D-06   -2.7055914051000D-06   -6.1604764887333D-10
    -7.0369002037876D-10   -4.1322403683084D-07   -9.1874725092041D-10
     1.0495683120791D-05    1.6061458678826D-06    5.3204264097048D-07
    -8.5479864092516D-06    9.2536878171623D-07    3.9276554047405D-06
    -2.5382268052019D-06   -3.7113584007378D-06   -4.0475087578603D-06
     5.1751998791611D-06   -2.7827423530586D-09   -2.9141167659626D-09
     2.6898304876427D-07   -5.1654919323465D-06   -1.3691125255259D-05
    -3.3513136693178D-06   -4.8429240908157D-06   -3.8908247634761D-05
    -6.2000277560683D-05   -1.5362432857263D-04   -4.1925099348031D-04
    -8.6028599914929D-04   -2.1295434508295D-03   -4.9594990168561D-03
    -1.0735196719459D-02   -1.6698548059067D-02   -1.3986773556196D-02
    -8.0276415776056D-03   -5.0406414714119D-03   -4.7865657066653D-03
    -4.4317103294685D-03   -2.7467300313917D-03   -1.2390369926993D-03
    -2.6383385770276D-04    1.8565357422663D-03    2.5661387084036D-03
     3.0488320447694D-03    4.1959715206493D-03    4.3208388496621D-03
     4.4551689258039D-03    4.4725654965109D-03    4.3839030877162D-03
     4.4238714287880D-03    4.1195399703569D-03    4.0155198198098D-03
     3.7788709048209D-03    3.4752235336210D-03    3.0719069563422D-03
     2.3428452937048D-03    1.4750730119168D-03    6.8710186924281D-04
    -3.1839233680148D-11   -9.5951404052728D-11   -1.6136916302816D-10
    -2.2902606747122D-10   -3.0000008902017D-10   -3.7557836827245D-10
    -4.5733647805734D-10   -8.1730328001492D-06   -1.1254419429522D-05
    -7.6209219699296D-10   -8.9428600179605D-10    4.9073761372106D-06
    -1.2349529828412D-09    2.6168526731171D-06    1.6436621500372D-06
    -6.8637583270399D-07   -3.4583537429774D-06    6.7656271916504D-06
    -4.1330649737086D-06   -2.8489661196041D-05   -5.8259875491325D-06
    -8.4290211364517D-06    1.2033180920529D-05   -2.4333902014038D-05
    -2.4301756328840D-05   -6.3819018554577D-07   -4.8667136436217D-06
    -6.4476006593540D-06   -4.3216459224176D-09   -2.5378023210881D-06
    -2.4854426002319D-05   -8.6678887278705D-05   -2.1907020695280D-04
    -5.3308570957594D-04   -1.2074803135008D-03   -2.7261524045150D-03
    -6.1039075977743D-03   -1.1918867194423D-02   -1.6143726535963D-02
    -9.5667867499390D-03   -2.3731216101300D-03   -8.7094610896369D-04
    -2.4809308439934D-03   -1.1737770808755D-03   -1.2499644126889D-03
    -3.5661902079900D-04    5.7878768709613D-04    1.5064395844071D-03
     2.4185724625895D-03    2.4110830007647D-03    2.7928610827249D-03
     3.0915658131532D-03    3.2260946581003D-03    3.3344423405313D-03
     3.5787688602139D-03    3.3802143349908D-03    3.2852180022600D-03
     3.1600823081801D-03    3.0811345779992D-03    2.7729434282174D-03
     2.3190066682486D-03    1.7622194100277D-03    1.0908367884099D-03
     5.0184629195730D-04   -3.5311347425897D-11   -1.0660162300393D-10
    -1.7990773254376D-10   -2.5666943826953D-10   -3.3852433435981D-10
    -4.2739467075992D-10   -5.2558982256402D-10   -2.5021000408343D-06
    -3.8075524592229D-06   -9.0781161133459D-10   -1.0790738086402D-09
     1.9216983260823D-06   -1.5262905811388D-09   -2.5457822271551D-06
     1.1846392874882D-06   -7.4379076213268D-06   -3.1639050854607D-09
     1.1494811915744D-05   -4.6211802361594D-06   -1.7836118046761D-05
    -3.9654393984265D-06    1.2665081513671D-05    2.3883121353235D-06
    -4.4621013630448D-09   -4.5833319832918D-09   -4.7001302688045D-09
     1.9747787540077D-06   -1.5210195540036D-06   -5.0836326988877D-09
    -3.5823485556075D-06   -2.0943830680642D-05   -7.8684461406565D-05
    -2.2113093890499D-04   -5.5148397513069D-04   -1.2055592525561D-03
    -2.6262083573729D-03   -5.9402042223631D-03   -1.1515934137139D-02
    -1.2450576935756D-02   -2.3627999564682D-03    3.1853071515054D-03
     1.9662130613831D-03    3.5142051302822D-04    1.4464355246882D-04
    -1.0137045210522D-04    4.9537603801228D-04    9.9900097250314D-04
     1.1527901128011D-03    1.2127263801478D-03    1.6936988289047D-03
     1.5964703884181D-03    1.6754182931254D-03    1.7903840702286D-03
     1.5917927891470D-03    1.6257601265594D-03    1.5555004816674D-03
     1.5583280100093D-03    1.5337788719580D-03    1.3792994236092D-03
     1.2548113252413D-03    1.0462204665892D-03    7.4281694189527D-04
     4.3549741573291D-04    1.8195639045831D-04
     6.2422292348239D-02   -3.6116770434159D-02   -3.6119464663806D-02
    -3.6123564763808D-02   -3.6129132089650D-02   -5.0277679228196D-02
    -1.2905862329117D-02   -3.6155578010211D-02   -3.6168097634124D-02
   -0.12438189216313   -3.6199930703416D-02   -3.6219825672532D-02
    -5.7739651671017D-02   -3.6269284647501D-02   -3.6300022601142D-02
    -3.6335662411674D-02   -3.6376596357869D-02   -3.6422491050361D-02
     2.3750032794682D-02   -3.6521952096477D-02   -5.7987540036065D-02
     9.3941928341853D-02   -5.0198014949447D-02   -4.7404969477325D-02
    -4.5060590556179D-02   -4.3055724664699D-02   -2.9934466579658D-02
    -3.9834890446891D-02   -3.8562008788927D-02   -3.7492960159679D-02
    -5.7901850565788D-03   0.20648753339372    1.3621889326445D-02
     9.5666372956633D-02   0.29594029114403   0.45468937752891   0.48034063424913
     1.8655383000614    5.6088769425784    3.2557615488341   -2.6688874294984
    -27.442664100536   -42.186403011943    3.7103553218918    24.871594059233
     10.993571438891   0.17206429102272  -0.21335444920298   -1.5196344552911
    0.45969678346945   -3.1246460902355   -4.8004690486335   -4.8439368325003
    0.94794863133502   -2.9598098072356  -0.84090633522012   -2.3189668920406
   -0.17881056881115   0.46376489507636   0.44918490017101   -1.1716238527016
     1.0878349029250    4.0293445767696    3.2617011566731    6.1744903908979D-02
    -3.4418848977746D-02   -3.4426081864733D-02   -3.4437087219410D-02
    -3.4452030736184D-02   -4.3408559177058D-02   -3.4494681069931D-02
    -3.4523041678770D-02   -3.4556682371315D-02  -0.11187301702717
    -3.4642344189290D-02   -3.4696072779484D-02   -5.0972660213802D-02
    -3.4831270355656D-02   -3.4916032656187D-02   -3.5014885346684D-02
    -3.5129462809001D-02   -3.5259765281468D-02    2.5641697679356D-02
    -3.5550985237028D-02   -5.4876360741962D-02    5.4635498567404D-02
    -4.7610600031034D-02   -4.4996194701046D-02   -4.2795332924124D-02
    -4.0910719410884D-02    4.2056864153122D-02   -3.7881165612444D-02
    -3.6686333304124D-02   -3.5684493660302D-02   -1.1700038480784D-02
    0.16992826215974    6.3267891707956D-02   0.33883877821956   0.20027342884509
    0.79611110742417   0.40854968174285    3.2748543130238    4.8333814229527
     4.7810890753040    8.9260600491124   -11.309121956286   -28.070257057062
     7.2743641437234    20.640976133579    6.6274704846408  -0.76171835258877
    -1.0226190924932   -5.0942665158304   -4.4965289148865  -10.2967129527245
    -6.8476986950691   -4.1488417523102   -8.9086260276657   -4.0871175187721
    -3.5493893752803   -3.9709197853269   -2.9146810839652   -1.2135721904888
     1.1547523228790  -0.55653038449225    1.8300954836069    4.3088634583484
     3.1063968435087    4.8841214168335D-02   -2.0989712394971D-02
    -3.2866886128787D-02   -3.2883847318244D-02   -3.2906865608300D-02
    -3.7484616194052D-02   -3.2972503244595D-02   -3.3016108207029D-02
    -3.3067792417740D-02   -1.0080385032687D-01   -3.3199231643431D-02
    -3.3281580364070D-02   -4.5079844788328D-02   -3.3488684871521D-02
    -3.3618536558263D-02   -3.3770337190679D-02   -3.3947594105848D-02
    -3.4152449427760D-02    2.7044972157953D-02   -3.4631909734073D-02
    -5.1675810248274D-02    1.8070624159686D-02   -4.5020506114285D-02
    -4.2605832197694D-02   -4.0563126774712D-02   -3.8810544362495D-02
     8.8074212427917D-02    8.2335251498147D-03   -3.4883548581857D-02
    -3.3958161424702D-02   -9.5617841565345D-03   0.14902750478453
    -3.0520470094790D-02   0.29817123322545   0.31577298701482   0.61624446711320
     1.3258935535402    3.9978258921371    4.1344172540682    9.0218130817168
     13.523801802103   -4.2370728152013   -22.859487915767    5.7403685557012
     24.213832234444    12.231138086329    6.3391429466593  -10.0281556861326
    -1.4120124524888   -4.5187871173661   -11.404260367458   -5.4794180181555
    -9.0153239494166   -4.5994010571778   -4.5097523018961   -3.9406741400077
   -0.95436567590812   -3.9720125698697   -2.1226899570284    1.4917017764074
    0.77113124708479    1.1970266527527    3.8553206310364    2.9160937851272
    -3.1395980578845D-02    5.9232233861604D-02   -3.1418101937352D-02
    -3.1440573502796D-02   -3.1471034881881D-02   -3.2468589273434D-02
    -3.1557697481394D-02   -3.1615115456528D-02   -3.1683017601184D-02
    -9.1060764925550D-02   -3.1854970006972D-02   -3.1962191044471D-02
    -4.0041240301570D-02   -3.2230437613166D-02   -3.2397882810368D-02
    -3.2593523089013D-02   -3.2823168379610D-02   -3.3092985236404D-02
     2.7892516019857D-02   -3.3764249831036D-02   -4.8408724753466D-02
     7.6069415147168D-02   -4.2418624684295D-02   -4.0212865503312D-02
    -3.8336639927085D-02   -3.6724324956497D-02   0.83892480886080
    -3.4137497384350D-02   -3.3118940342609D-02   -3.2275871795157D-02
    -8.8886514955428D-03    1.0324518948129D-01    1.0022864275080D-01
    0.41987824107642   0.32452555201950   0.36450572254525    1.4271053075795
     3.4647744145050    6.5477463769740   10.3351752895754    16.381772631935
    -1.6273474964887   -25.983714157338    2.6613621860689    18.605941381248
     19.415240818392    12.032020394956    2.9241495172516    4.3247688412508
    -8.3509418828318   -3.4498413243810   -4.0765913702074   -7.3762683772732
    -3.5058951191642   -9.9110793359779  -0.85662291057022   -3.4860494612564
    -4.6442981077776D-02   -4.1939930927971  -0.90135203823940  -0.40652549842123
     2.0249832247528    4.0370567564657    3.1309279312276   -3.0034511680148D-02
     5.7305723272492D-02   -3.0062269724795D-02   -3.0090423062438D-02
    -3.0128523039731D-02   -2.8299487445838D-02   -3.0236536332026D-02
    -3.0307794099795D-02   -3.0391750788983D-02   -8.2537782937906D-02
    -3.0602867744383D-02   -3.0733447667399D-02   -3.5787941000440D-02
    -3.1057058700310D-02   -3.1257233799695D-02   -3.1490049065027D-02
    -3.1763516195451D-02   -3.2088933276654D-02    2.8241424019658D-02
    -3.2957605602722D-02   -4.5082997241627D-02   0.18167462515371
    -3.9781933399967D-02   -3.7786547920484D-02   -3.6082135796146D-02
    -3.4617299739845D-02    3.1172485710155D-02   -3.2275481377182D-02
    -3.1359803751992D-02   -3.0602527892188D-02   -3.3774290815731D-02
    0.12332454128443   0.13065358357887   0.39245834125181   0.52500360727280
    0.38157805770161    1.3788203068612    2.9149945271395    5.8984864617978
     11.324705937908    16.087503541394    8.9085434824605   -24.580991314964
    -1.8872255987989    21.002334469013    9.2115843140997    4.6341523885440
     5.5126978178381  -0.20824021589164   -4.3469812311437   -3.5567609762561
    -7.0335135295076   -3.9843072081435   -3.2172141647984   -8.3172458388208
    -2.4496252047347   -1.2134509971269  -0.43772921400970   -3.4629268405489
   -0.25076603524767    1.0733073120926    3.8281058143831    3.7160214444099
     3.3221540464281   -2.8761081444144D-02    5.5257689883241D-02
    -2.8795123207411D-02   -2.8829607723779D-02   -2.8876209710769D-02
    -2.4742464365650D-02   -2.9007900093047D-02   -2.9094414487222D-02
    -2.9195954031135D-02   -7.5031947659472D-02   -2.9449290262383D-02
    -2.9604501119697D-02   -3.2151993612708D-02   -2.9984355737125D-02
    -3.0216181116926D-02   -3.0483384553178D-02   -3.0795424923877D-02
    -3.1168377143404D-02    2.8268219418674D-02   -3.2236809868311D-02
    -3.7575382657616D-02   0.17514801468360   -3.7078599814354D-02
    -3.5293138041965D-02   -3.3767017862758D-02   -3.2458677640799D-02
     2.9610974846161D-02   -3.0380135182909D-02   -2.9575216988453D-02
    -2.8916187244235D-02   -2.8403969562354D-02    9.1908216554947D-02
    0.12609922284248   0.39470777838917   0.52681021094813   0.61826471858508
     1.7431836353433    3.8257584072763    6.1073565979198    9.7774135637441
     14.173788087206    12.006073818256   -25.895085222338   -6.3062228727702
     14.417861311660    22.975636571220   0.39447732297994    1.0269230031926
    -3.7176401956055   0.67232189093995   0.95330924268826    2.0311378879110
    0.69143485530108   -8.4505559473160  -10.2679904113452   -4.9385887045316
    -1.3609406958637   -1.8761628287020   -2.9269219282078  -0.40164389887338
   -0.11375079107799    2.4073685886156    3.3246776991769    2.7055648417967
    -2.7555685522372D-02    5.3143741068286D-02   -2.7596909049062D-02
    -2.7638664939883D-02   -2.7695079427751D-02   -2.1703626823867D-02
    -2.7854352868501D-02   -2.7958816622150D-02   -2.8081186247206D-02
    -6.8418344027331D-02   -2.8384988124771D-02   -2.8569781412412D-02
    -2.9064178708989D-02   -2.9016724399932D-02   -9.3377552243653D-03
    -2.9591134931157D-02   -2.9943428643775D-02   -3.0360956898529D-02
     2.3742728549552D-02   -3.1624851639509D-02   -2.1137963149259D-02
    0.16925297943123   -3.4273598722067D-02   -3.2703661681666D-02
    -3.1368447940725D-02   -3.0230420113693D-02   -2.6161863619339D-02
    -2.8438727632362D-02   -2.7753721424255D-02   -2.7200618481347D-02
    -2.6781118548767D-02   0.10980583383940    6.1889968203362D-02
    0.30359764287428   0.74676977004970   0.89916080780352    1.4867052871898
     3.2302944404902    5.8234670515953    9.7579904756746    15.987219409369
     16.003283515919   -14.606423068329   -18.332558832723    18.316554876723
     13.577071645695    18.849906843802   0.17287567714984   -1.0252299431844
     2.8532622525240    3.1112107920580   0.49052073743208   -1.9948250621560
    -3.6159082192285   -3.9535055408844   -1.6407805477692    7.1042258674983D-03
    -3.2347807778539   -4.3299024135695  -0.70196547360359   -9.1373883939170D-02
     1.8468943440591    4.0751794252891    3.4814641409007   -2.6398097924707D-02
    -7.5391255943086D-02   -2.6447140754075D-02   -2.6496885415539D-02
    -2.6564187608405D-02   -1.9093685595453D-02   -2.6754714538202D-02
    -2.6880032047877D-02   -2.7027119752270D-02   -6.2576851239724D-02
     6.5293082284834D-02   -2.7616006156134D-02   -2.6454398884106D-02
    -2.8153352286428D-02   -8.5816341122404D-03   -2.8832627195982D-02
    -2.9240021623916D-02   -2.9712593550616D-02   -3.0298741369484D-02
    -3.1165181265506D-02   -2.0081250019348D-02   0.17139778982683
    -3.1337573528761D-02   -3.0004770057062D-02   -2.8884863622376D-02
    -2.7938461775037D-02   -2.7137359565626D-02   -2.6463890408075D-02
    -2.5908523951971D-02   -2.5468377693362D-02   -2.5146593763272D-02
    0.15798290177358    2.6076750310441D-02   0.15301616306165   0.93158443860855
     1.0613285479166    1.1347611702102    2.3111160891138    7.8312534868312
     9.2636535475329    15.622950809402    15.963500554625   -13.719111666985
    -2.9556829484486    16.348856505550    19.053041411765    8.8995281653837
     8.7043289702639D-02   -5.8098415210436    2.2003701110351   -3.4818511195070
    -5.9812856122252   -3.6051797937764   -6.2278800027191   -7.5978023261164
    -5.9206577826547    1.7484291186883    4.8684592748936D-02  -0.90606968441342
    -1.0806727497577   -2.3425983140622  -0.11756796108086    3.2935295653444
     3.2486266547617   -2.5265695728134D-02  -0.17127409454682   -2.5322018998678D-02
    -2.5379283492193D-02   -2.5456960035356D-02   -1.6915539442110D-02
    -2.5678075505730D-02   -2.5824491679549D-02   -2.5997338740968D-02
    -5.7451802039229D-02   0.27811163450232   -2.6700098545722D-02
    -2.4357335633419D-02   -2.7355417277764D-02   -9.5519515475687D-03
    -2.8199362896115D-02   -2.8705652680399D-02   -2.9281867270510D-02
    -2.9966591687067D-02   -3.6832178383423D-02   -4.2698502356113D-02
    0.21779783916988   -2.8262194184635D-02   -2.7219226732065D-02
    -2.6355971831351D-02   -2.5630344102113D-02   -2.5017239888142D-02
    -2.4503246933801D-02   -2.4084014682168D-02    1.1965859347075D-03
    -2.3536585333588D-02    6.9823065252075D-02   0.19183842098130
    0.12903356811585    1.0029874877623    1.0295234871035   0.92733476631741
     2.5495364895294    7.8436863061146    11.850023206074    16.829889665921
     19.340898622198   -11.897311039433   -15.082558963497    15.951257253842
     16.551804800437    12.104598052691   -2.9736966342475   -4.6130014296864
   -0.77270530185687   0.47030604454172   -1.5617116430468  -0.36778027370623
    -4.5338599979449   0.20835365712532   -2.5629381381331   -2.2835006416875
    -4.7826881782511   -1.0809307162351   0.17568426357573   -1.6241157130832
    0.73407577474394    3.1956302519990    3.3246094908685   -2.4146080506774D-02
    -2.4166851386100D-02   -2.4208842975717D-02   -2.4272804477034D-02
    -2.4359792388484D-02   -1.5062058075178D-02   -2.4608854268501D-02
    -2.4774994494124D-02   -2.4972453022694D-02   -5.2854368020930D-02
    0.26495407980662   -2.5792142683102D-02   -2.2529884946247D-02
    -2.6586399839877D-02   -7.9204776053684D-03   -2.7665536758577D-02
    -2.8348774400592D-02   -2.9155787913661D-02   -3.0119355480471D-02
    -3.5364111829686D-02   0.13647240251291   0.26222087786432   -2.5110142878989D-02
     2.2161962166279D-02   -2.3899192618459D-02   -2.3417631608744D-02
    -2.3000254398852D-02   -2.2645444806538D-02   -2.2356388728398D-02
     9.3922523896524D-03   -1.8284190988774D-02    2.5071475118932D-02
    0.33179831442970   0.36757510418934   0.92818776870652   0.56901772179716
     1.5538431097751    3.4192862699187    6.0969624397617    11.114135342291
     16.520217904372    18.856396839554   0.70630260108990   -23.767283365096
     15.960296039684    7.3638142573187  -0.16909745120372    2.3887425003441
    -2.4302187460497   -3.1550462113245   -4.2368488386757    1.7273523221415
    -1.9384858376501  -0.74994173479009  -0.88534550847257   -1.4373863367413
    -4.6890726106552   -3.2986560527396  -0.35814820273149   0.23630063374696
    -3.0307461223958   0.83331520670749    2.7924856030496    2.5633365536330
    -1.8256623625220D-02   -1.8274100247115D-02   -1.8309462846820D-02
    -1.8363395891765D-02   -1.8436872203989D-02   -1.0693895576944D-02
    -1.8648058841877D-02   -1.8789626538128D-02   -1.8958646289145D-02
    -3.8714265235009D-02   0.20004946139316   -1.9670554807849D-02
    -1.6569560808339D-02   -2.0380732341703D-02   -5.2449950789695D-03
    -2.1395693395168D-02   -2.2086499938892D-02   -2.2984825899628D-02
    -2.4256714441771D-02   -2.8290631582251D-02    4.9954693593190D-02
    0.16899093271303   -1.7731135913433D-02   -7.9298284935626D-03
     1.9483412604500D-02   -1.7092220748919D-02   -1.6877154619419D-02
    -1.6687260172271D-02   -1.6532261528755D-02    7.8397926833223D-03
     2.2626088100788D-02    9.9838751528319D-03   0.22117381756250
    0.25684002575663   0.75857912428891   0.76791346737039    1.1806536070701
     2.2032448419671    4.4246137808420    7.2467249018348    13.068192667905
     17.636106481084  -0.52404567865314   -7.9164842345776    18.651863086592
     9.9713170412047    5.6991485194092    3.2466209031370   -9.4613324145827
    -8.9102082188284    3.7929914121735   0.49338498231127  -0.81393779269673
     2.5277369809581   -1.7247977146815   -2.9004847646662   -2.3649766831983
   -0.60243639577787   -9.4059224785748D-02   -1.4078645561846   -2.4036008611327
    0.82337446347507    2.1244975337122    2.0062605302275   -2.0030285621031D-02
    -2.0051055091907D-02   -2.0093103656615D-02   -2.0157284574634D-02
    -2.0244814942247D-02   -1.1060972983022D-02   -2.0496978759634D-02
    -2.0666504629374D-02   -2.0869433728754D-02   0.14718412299916
     2.9488458609691D-02   -2.1730958754348D-02   -1.7710396156684D-02
    -2.2602466997482D-02   -4.9710718487149D-03   -2.3870646408170D-02
    -2.4743933369693D-02   -2.5882971706234D-02   -2.7477852430483D-02
    -3.0130921989399D-02   -1.9363189189413D-02   0.18511370483913
    -1.8894802214045D-02   -1.8718871416357D-02   -1.8529375095010D-02
    -1.8334962446915D-02   -1.8150831604011D-02   -1.7988668065191D-02
    -1.7859560732006D-02    7.0706317586343D-02    3.0440615631673D-02
     1.1343460843462D-02   0.26742861676433   0.24675008209731    1.0017405299938
    0.48538080382459    1.5440312206125    2.7562289742060    5.3339445438947
     8.5333111628256    14.006732980680    18.512027044720    4.8679523752458
    -11.771667497933    1.0250674235639    12.172142706017    1.4462676891304
     2.5853953222660    5.8377194308074   -6.1959385172313    3.5974680682823
    -6.8412561060672    1.6438152447699   -2.2476605967468  -0.98519685915049
    -4.2742317869295   -3.7159011049568   -1.3738508002066   -2.3519694840222
    0.53547489962196    2.5452005374644    2.2357038569733    2.8116281437476
     2.0462417719362   -2.1955466358720D-02   -2.1979894228593D-02
    -2.2029366224813D-02   -2.2104914089510D-02   -2.2208011085349D-02
    -1.1329243046865D-02   -2.2505409407775D-02   -2.2705658165846D-02
    -2.2945683403278D-02   0.21842496352581   -2.3568748463995D-02
    -2.3968287898076D-02   -1.8820955218280D-02   -2.5007409881946D-02
    -4.4733949647522D-03   -2.6512238321315D-02   -2.7545876230959D-02
    -2.8879035083231D-02   -3.0677898114316D-02   -3.1077175700080D-02
    -2.1577948175848D-02   0.19845623261126   -2.0599394127396D-02
    -2.0321978628109D-02    2.3990088874106D-02   -1.9860432002551D-02
    -1.9666069362091D-02   -1.9503341818994D-02   -1.9380644480565D-02
    -1.9307717360577D-02   -5.3005047776015D-03    1.2127289909865D-02
    0.23868568220515   0.33109865413610    1.1153540275701   0.63660429968954
     2.4551015712924    3.5238221688649    5.9226614603138    9.2030311904532
     16.605354723710    20.401101230331   -6.6569667424174D-02   -14.308456650789
     9.6636092117848    9.8009505749725    11.705908570674    2.6393915241263
    -1.8180456765603    6.0035205585225    6.3887874368207   -5.5409127549158
    -2.0340504784206   0.69252948422244   0.69306709227502   -4.0079176019004
    -1.2382198559076    1.0824692886056    1.2018420371591   -2.7881445512012
   -0.97709521617025    1.6897742560137    3.0789652592104    2.3485538203792
    -2.4034508685745D-02   -2.4062908646635D-02   -2.4120432527711D-02
    -2.4208291907462D-02   -2.4328215876089D-02   -1.1460645605377D-02
    -2.4674293788061D-02   -2.4907416033098D-02   -2.5186921260571D-02
    0.24160179766340   -2.5912668014162D-02   -2.6376586287200D-02
    -1.9906793640763D-02   -2.7576507546702D-02   -3.7763349773506D-03
    -2.9314563398011D-02   -3.0497120848028D-02   -3.1999294413393D-02
    -3.3971261254898D-02   -3.1654634307768D-02   -2.4049335363267D-02
    0.21095305723640   -2.2727705343564D-02   -2.2326701499557D-02
     6.0622323412189D-02   -2.1714758520169D-02   -2.1477925104600D-02
    -2.1287862683578D-02   -2.1150060787538D-02   -2.1072656560926D-02
     1.8733803156936D-02    7.4844201033252D-02   0.26119631363080
    0.45526298580083   0.67061507336966    1.7315392259214    3.6240265193614
     4.1388538524062    7.1724286733409    11.710071315097    18.471724203479
     25.587205754456    6.0716953467853   -19.763909817566    1.8272459727181
     20.260292844631    16.688159815876    3.8337367722882    4.1205373954950
   -10.2068637060081   -3.3786633304675   -11.624487352521   -3.5794467752872
    -2.6532515039962  -0.12887620616841   -3.9998654239591   -1.7094788453686
    -4.9102717947865   0.40086223412180   -1.0451965396263   -1.4978302924107
     5.9889098569966D-02    3.1195045207607    2.5366103323139   -2.6267168423459D-02
    -2.6299806150376D-02   -2.6365910785322D-02   -2.6466870740241D-02
    -2.6604665348827D-02   -1.1411605557252D-02   -2.7002228004139D-02
    -2.7268585592578D-02   -2.7587158706227D-02   0.26687432482172
    -2.8413481909733D-02   -2.8942497692912D-02   -2.0944253582373D-02
    -3.0312640280643D-02   -2.6709473778282D-03   -3.2284276555324D-02
    -3.3614102659946D-02   -3.5286887581174D-02   -3.7453144114752D-02
    -3.2128873274410D-02   -2.6689381873166D-02   0.20111732688665
    -6.3742640368286D-03   -2.4669526564596D-02    6.5166141007705D-02
    -2.3891474950869D-02   -2.3596745241513D-02   -2.3363279745867D-02
     9.9794757963694D-02   -2.3099720558982D-02    1.2768278988618D-02
     1.1375405383146D-02   0.24360618343451   0.19630942792581    1.6048927556746
     3.3874659951793    2.9876582803442    3.6566933251424    9.7148487308252
     15.387391164870    20.973120323859    24.736493534529    9.5580947005831
    -18.701975812893   -6.2116052964412    23.004682244659    11.970003228209
     7.6080704489334   0.26584755256589   0.93722971653984   -2.3748145370885
    -8.3035281374606   -7.8485784444920    3.5899942411594    5.3358153283881D-02
     2.2562719928180  -0.46408178936004   -3.2686092798746   -3.3157082169754
    -1.3075882472376    1.1098197056025   -6.3533030881044D-02    3.0220600011850
     2.8227161414296   -2.8645702436080D-02   -2.8682548448299D-02
    -2.8757163805756D-02   -2.8871098576791D-02   -2.9026560876424D-02
    -1.1257570524007D-02   -2.9474843984705D-02   -2.9776498755640D-02
    -5.6121662179971D-02   0.29455302009240   -3.1073859739685D-02
    -3.1672222945254D-02   -2.3669557326779D-02   -3.3218407446111D-02
    -1.0819001940903D-03   -3.5433512230490D-02   -3.6920710186104D-02
    -3.8784347452843D-02   -4.1189659561583D-02   -3.5321116677518D-02
    -2.9471951771161D-02   0.18380936735366    2.5550126379463D-02
    -2.7291335326204D-02    6.9643805286472D-02    1.0418897638433D-01
    -2.6001132749830D-02   -2.5718171516301D-02   0.14951775095320
    -2.5391218805948D-02   0.10734254783831   0.21385771487038   0.20808570864095
    0.72774595377934   0.70480191706326    2.8192910682302    2.1660651339907
     4.4251586325024    12.353959065976    17.095975299947    24.654043719703
     24.651525689530    7.6411629532317   -27.100905538464    1.8968339234066
     19.464675500760    8.8812860840067    10.988955048942   0.11401851560664
    -9.7910631945307   -6.2230751836944   -9.3400996429645   0.70624795383229
     7.5835462549716   -2.3759560208499   -3.1224452614117   -5.5744231894697
    -1.0812077524298    2.7445194366621  -0.46817335654398   0.19870807806358
     3.2314873883865    3.9489113076276    3.5700911583366   -3.1163736501548D-02
    -3.1205256551209D-02   -3.1289318944391D-02   -3.1417648966478D-02
    -3.1592705789460D-02   -1.0879444371791D-02   -3.2097226205810D-02
    -3.2436522051114D-02   -7.9243953245515D-02   0.32541104826943
    -3.3894126666712D-02   -3.4565594654434D-02   -3.5358542761378D-02
    -3.6298785586398D-02    1.0324688129350D-03   -3.8778300910651D-02
    -4.0442059018510D-02   -4.2527465849047D-02   -4.5216008662820D-02
     2.0340258554750   -3.2391137339059D-02   0.19897173124141   -6.7844734549284D-03
    -3.0140819229679D-02    7.3985633502923D-02    1.9674627634135D-02
    -1.8058965034822D-02   -2.8318866226510D-02   0.12017262350514
    -2.7923465916204D-02   0.11621020271672    5.5460175434607D-02
    0.37728018758708   0.54522406463189    1.2708630863636    2.7468874546940
     2.2419041132068    4.5302024445118    11.748190094063    19.312602147917
     31.446109430937    28.373508983018    2.8068345864799   -15.812292796527
    10.3173853579734    7.8856309621314    4.0714563116574    2.9606977150392
    -1.9569483825738   -8.9604342573983    5.8313304322817    3.8174941564909
    -1.1049841120860   -4.6728877530327   -2.9007244996140   0.43722757401778
     3.3457050225454    2.2341996744312    2.8258898952022   -3.2803559058097
    0.18008892858004    5.9081447908636    6.2421324982465    4.7554423775544
    -3.3823173819052D-02   -3.3869650162166D-02   -3.3963725617964D-02
    -3.4107310423329D-02   -3.4303133096600D-02   -1.0193024232675D-02
    -3.4867297321437D-02   -3.5246573433899D-02   -8.2788088819931D-02
    0.35978124794167   -3.6875225685342D-02   -2.4722360584267D-02
    -3.8511255743703D-02   0.30652121615191    2.1298327736403D-02
    -3.5404293546204D-02   -4.4198687653664D-02   -4.6533185942776D-02
    -3.9328026966964D-02    1.1598741863115   -3.5453384041242D-02
    0.21297173656667   -3.7567400119858D-02   -3.3166967164334D-02
     7.8488543941786D-02   -3.1970891244521D-02    3.4969323794783D-02
    -3.1117781590768D-02   -3.0831967879730D-02   -3.0653781717550D-02
    0.12184987544652   0.47088422363432   0.32010130734064   0.58274599817487
     1.4735330372444    2.8496982182505    4.8323466591110    5.6452600838823
     12.848652582703    21.026583280705    33.271550715109    33.108550538514
    -16.183469541252   -6.6244908176875    10.951543132185    12.250476072039
     6.6514559379034    5.8473414274170    2.4175284740955   -6.3269993829113
     5.2442912927008   -6.0944301466376   -2.8775018571604   -4.0502241487477
    -7.1122623004560   -2.1417645561902   -7.9268883935139   -2.1723439403936
    0.15509089816356   0.87644263306062    1.2587042652961    2.1255480980179
     4.9415973545498    4.5717300553599   -3.6622062233623D-02   -2.4014741308027D-02
    -3.6778650524964D-02   -3.6938579912439D-02   -3.7156665024363D-02
    -9.1579094968384D-03   -3.7784889488966D-02   -3.8207223164134D-02
    -8.6168441116365D-02   0.20066109472931   -4.0021370479031D-02
    -1.2935862580728D-02   -4.1845910053207D-02   -6.3472096347216D-02
     2.9871025133767D-02   -1.5457261230310D-02   -4.8203263749390D-02
    -5.0836565275308D-02   -1.5705721747295D-02    2.4142772601236D-02
    -3.8672000585409D-02   0.22826478260228   -1.8976403028943D-02
     2.7845073996575D-02    1.6461103214900D-02   -3.5015237716427D-02
     3.6773970154895D-02   -3.4058979556847D-02   -3.3733107483362D-02
    -2.3147796397828D-02   0.35063852973616   -4.7855814063144D-03
    0.21193617006689    1.0043633523312    1.7929149448870    2.3265218894022
     4.0981622279716    6.2053676233196    16.733975458063    26.520574193321
     36.598359637006    19.285101175788   -26.817761636363   -5.2908245562888
     13.118292689436    3.8530173911205    18.842748881952    9.2094465448477
    -2.9841743189091  -0.95978324389021  -0.20301602625615   -1.9997417638951
    -7.1110877455813    2.7627797516140    2.3474067372148    2.4833132276067
    -4.1870994913381   -3.5269059495154   -2.5057603513402   -1.6478411558324
     2.0818649462179   0.63253835895639    5.5084003476065    4.5392573122500
    -3.9562620496950D-02   -4.6598062635939D-02    2.6917967448757D-02
     2.0813561259379D-03    6.8110238162530D-02   -3.2398733287283D-02
    -4.0854389495654D-02   -4.1323688409626D-02   -8.9374338494930D-02
    -6.0570430637794D-02   -4.3341483435911D-02   -7.8154316927127D-03
    -4.5373514060267D-02   -1.6041832987313D-02   -4.5491681751948D-03
    -1.5340528687381D-02   -5.2484635736847D-02   -5.5452972398205D-02
    -1.5341325915851D-02    2.7268163045284D-02   -4.2060391029626D-02
    0.19964953194648   -1.9168324882383D-02   -3.6486407594850D-02
    -3.8818088373065D-02   -3.8146096686919D-02    3.8954709057579D-02
    -3.7083704959656D-02   -3.6717392424259D-02   -3.6482738764721D-02
     2.9710760409613D-02   0.59089871773341   0.41727260182825   0.81242980920950
     2.7721167872379    3.8796932833730    5.7358062835940    8.1103046014369
     19.304590256759    31.222974846309    33.504391695845    6.1391661469212
    -32.665798384976    4.1808352070502    20.472066200519    13.680670632238
   -0.77660246345445    2.5582973013249   -4.5986864015837   -7.9574921987007
    -4.9376901112722  -0.89549957159099    1.4123989284120    6.3524980458197
   -0.65924082166623   -3.2795096217602   0.63313073025834    1.4477688375187
     3.4950396183283    4.4421509189784    4.0032941897715    5.1540657984815
     5.4924250114985    5.1060870436355   -4.2653076348162D-02  -0.19740679401570
     3.9514060474339D-02   -4.3043143856219D-02   0.26185355391098
    -4.3657334319930D-02   -4.4086234153855D-02   -4.4607194733250D-02
    -9.2413619212432D-02   -6.2380400488800D-02   -1.7845243030493D-02
    -3.2389904295694D-02   -4.9096367790760D-02    6.0522210746768D-02
    -2.1990176742407D-02   -1.5034007787937D-02   -5.7056739756681D-02
    -6.0387457669041D-02   -1.4823325281126D-02    3.0645838895591D-02
    -4.5618175169122D-02    8.4508169813301D-02    5.3223905340792D-02
    -4.2869971059290D-02   -4.2051566274704D-02   -4.1314062907502D-02
     4.1630784737285D-02   -4.0136955067098D-02   -3.9727957023554D-02
    -3.9464886860018D-02  -0.37281770854732   0.51298572652968   0.99749172716766
     1.3552669910219    2.8810897533946    4.2932472699577    6.8110670119700
     12.378917776926    26.651332523741    33.038715890274    29.594534046339
    -6.2903028009870   -25.956043792136    33.359357924800    15.015439636113
     23.461704038530    14.233078268039   -6.8577017192837   -11.122127397495
    10.1460793729543   -6.7874291437042    7.6828135644999   -4.2482835440094
     4.3493506578940   -1.0428010636130   0.93569087541974   -4.0571377862414
    -5.9749243159982   -1.3641363619225   -2.2839231905248   -2.2738281182812
    0.18811505927879    4.7979237470941    4.3953065962706   -4.5908771577217D-02
    -5.7109271906994D-02    4.9847632025148D-02   -4.6338865947993D-02
    0.31237699696717   0.31631922541355   0.34373604773155   -1.0171685675974D-01
    -9.5421863962857D-02   -6.4165260393909D-02    3.4162371946114D-03
    -5.1688886826298D-02   -5.3049333641285D-02    6.8168512971084D-02
    -2.0516824864874D-02   -1.4548094645626D-02   -6.1927423844939D-02
    -6.5632396106152D-02   -1.4146577757784D-02    7.2502719233645D-02
    -4.9336882927778D-02   -8.5736069676648D-02   0.22089823159379
    -4.6201713596035D-02   -4.5297166427305D-02   -4.4481288729385D-02
    -1.5758859937945D-02    2.0260407981234D-02   -4.2721048736508D-02
     1.3452076467104D-02    2.9476539372839D-02   0.35855238698152
    0.32792991166444    1.4870813977080    3.6313985656285    6.7251408963143
     9.3088692569550    16.751217204534    32.396575847493    33.060167124621
     26.904798121889   -31.190688310953   -8.2514668528534    17.120167811137
     14.370983673952   0.42649505400224    7.1494012848212    3.0638911388413
     1.4483379813287   0.88914274807027   -4.2212821735947    7.7774514723634
    -6.7614836167472   -11.593229311987   -8.1770063659666    1.2374831015056
   -0.95109923285818   0.77330990123911   -4.9252167812058   -1.5353262968284
     2.7310142299932    2.2355040380593    5.2800204982622    5.1859323270971
    -4.9340275621520D-02    7.5182557804866D-03   -7.4133158202535D-04
    -5.2104742520295D-02   0.31167729265802   -5.0566644105327D-02
    -3.1381157922154D-02    6.2885454521769D-02   -9.8312155353965D-02
    -6.5823830177539D-02   -1.9225844194988D-02   -5.5748150629074D-02
    -5.7258313500651D-02    7.6602747338878D-02   -1.5584302908885D-02
    -4.6198652814956D-02   -6.7096200480145D-02   -7.1167145708169D-02
    -2.4899507952692D-02   0.17767894482812   -5.3198278022649D-02
    -1.0290330142656D-01   0.25189680175601   -4.9554869102488D-02
    -4.8539144348896D-02   -4.7627352529204D-02   -4.6833451719189D-02
     5.3265177451608D-02   -4.5674460565702D-02   0.14467814644302
     9.0174443276256D-02   0.56208670373491   0.92006195248035    1.7189560462859
     3.7542721839510    6.8648009722099    12.688934859680    21.810797516290
     28.228839306804    30.169530320936   -6.9072761569612   -39.146229064484
     1.2822711871035    24.484604666709    13.380722838226    20.494456292317
    -11.619490717190   -10.796484040602   -12.857561893229    1.2315850429604
    -1.6215081411717   -7.1944581676133    4.7394996203705   -6.0532632534992
    -3.6218081583894   -1.1242348932696   -4.8996229556949  -0.38835433358107
    -1.6594242650953   -1.9013283486676   -2.6991231296189    3.4021788766750
     6.1613441193490    5.5756747172201   -5.3000236183546D-02    1.0448865603645D-02
    -9.0223870059169D-02   -5.3527018882562D-02   0.12520534001615
    -5.4356364478261D-02   0.23592250250662   -5.5640073101739D-02
    -8.1313728542845D-02   -8.7093671161918D-02   -5.8677820837592D-02
    -6.0084950016799D-02   -6.1753136343172D-02    8.5807815635331D-02
    -1.0857617173557D-02  -0.14282917523334   -7.2553982699008D-02
    -6.3641197160032D-02   -8.2510995212286D-02   0.20185590628805
    -5.7175590031120D-02   -1.9397776605931D-02   0.10958028792277
    -5.2934291775798D-02   -5.1781034256866D-02   -2.2681574676353D-02
    -5.1692743333869D-02    7.4605190255118D-02   -4.8595662701558D-02
    0.12921564990150   0.99562365858608   0.52281676011205    1.5048417303494
     2.5193061914376    4.5545182459183    7.1326440591019    15.778211642865
     20.846359353820    33.366493270634    22.404951058397   -29.907290346643
    -28.183054624430    14.236219001095    22.304875660455    8.7663169380780
   -0.86231023043239   -11.425736221326   -18.930238985978   -18.504682728039
     4.4415185447922    4.9034874556967    1.3748262164763   -5.1204723270162
    -8.5798297385673   -3.5414885924530   -9.4910639695265   -2.3165542731153
     1.8653978894109   -4.8238397723240   -1.5031306959681    1.2035536245589
     7.2171931461806    8.3861945944849    4.9728429616742   -5.6938128011789D-02
     1.3699803764961D-02   -9.1619073082352D-02   -5.7519235995008D-02
    0.23449070838179   -5.8433592420073D-02   0.34619455664409   -4.6821112927953D-02
    -6.0777838932336D-02  -0.11198415825156   -6.3190626979371D-02
    -6.4736212243291D-02   -6.6565605085170D-02    9.5753887598926D-02
    -2.0437397367535D-02  -0.14936068937933    3.1658293558133D-03
     1.5564237223930D-02   -8.8836528653386D-02   0.13900857274568
    -6.1248931747960D-02   -6.2356665840591D-02    9.3845844355224D-02
   -0.11064233884198   -5.5048709117313D-02   -6.6365186559163D-02
    -5.4360928674763D-02    8.1425485128312D-02    5.4775906163980D-02
    0.55321649765280    1.1777041734046   0.72180226619269    1.0374777474961
     3.2385270742031    5.1046284144112    11.496960666949    19.081268062340
     25.001460804344    18.838229424223   -6.9653192882544   -39.282826143003
     12.091783116378    38.148491520436    32.944122135569    11.394584185441
    -6.7410975740359    4.3505324171782   -12.212409573384   -17.710103267529
    -1.7270622791856   -2.7066037129609   -9.3465011575166   -6.7579652268745
    -5.8005112960723   -2.9662031605876   -3.5651669566874   -2.0580939979731
    -2.1537288494826   -2.5386872892618    1.2057288378185    2.0670299151531
     6.3441864278361    7.4568833803547    5.4640332310954   -6.1215236733842D-02
     5.4310596780828D-03  -0.18632852526242   -6.1853646341465D-02
    0.26174967271664   -6.2857137393559D-02   -4.6814439999480D-02
     9.4552669737712D-02   -6.5425039594604D-02  -0.11240781875418
    -6.8060324498533D-02   -6.9743828400843D-02   -7.1729856770253D-02
    0.10603238395647   -2.1053620552983D-02    5.9478797844716D-02
    -8.4268639272466D-02    1.9700329758134D-02   -9.5341528544387D-02
     1.0009009108501   -6.5421242823750D-02   -6.1737151005412D-02
     2.4114698624728D-02  -0.14565643833546   -5.8392933683799D-02
    -5.1466017306755D-02   0.13072779497310   -1.4131210801917D-02
    0.11015066612101    3.3669188123321D-02   0.83239001476579   0.45687812273418
     1.6426327741564    2.2573909185011    4.2334155401979    11.072919044966
     24.634803871449    27.612249682879    19.261948275058   -31.576031600898
    -31.158529295706    30.640092518976    44.272577815609    13.533979188517
     31.046402842816   -4.2591579053049   0.19154394054612   -7.6239712513624
    -3.2494872674979   -10.666016465989   -9.4799542077220   0.35241893748479
     3.9213169006984   -7.6071369085691   -5.9410757063443   -5.4136768380202
    -5.4011979400774   -6.0856928849243   0.62938700223450   -1.1370253673589
   -0.53438560163944    5.1810937146400    6.6120783419311    4.6578508311356
    -6.5903271383747D-02   -6.6017621054733D-02  -0.31499324808786
    -6.6600621711367D-02   0.30953118090621   -6.7695071899379D-02
    -6.8457610369871D-02   0.10570989221880   -7.0487288069628D-02
   -0.11232268845199   -7.3331441479716D-02   -7.5140917073492D-02
    -7.7269815520631D-02   0.11652035687739   -2.1034846957917D-02
     3.5782414975791D-02   -9.0553419147273D-02   -9.0759736594515D-02
     1.7863476060726D-02    1.2943519190429   -6.9728940650992D-02
    -3.2296462312189D-02   -2.2994395890980D-02    3.1227979332232D-02
    -6.1889266855610D-02   -6.0474172454328D-02   0.20922209851177
   -0.16291460997617    9.8432602877279D-02   0.27937585639248   0.67308708766976
    0.65125962569641   0.55691139709645    2.6462442435582    4.7748867113132
     12.966674203113    23.102628658273    26.587715784072   -3.2724418013515
    -60.487362495526   -17.836677644742    46.621417061695    25.185967131491
     22.910828871636    11.460698301190  -10.0494756089593    4.3850260736121
    -11.028951119782   -12.378635942320   -2.6076372060109    1.7582279892346
     7.6219102490520   -10.735662182648   -5.9664433769704   -6.1783206634757
    -3.5322168684336    1.1909066990759   -3.0477737856591   -2.9969903034382
    -4.6911242280282D-02    2.9752368904753    4.6678414343947    4.7842198541799
     3.9628492211679   -7.1081631399398D-02   -7.1205341161525D-02
   -0.32377778527303   -7.1835495735087D-02   0.43497700959085   -7.3016206666870D-02
    -7.3837209782164D-02   0.11695955189073   -7.4917919102839D-02
   -0.11638396867944   -7.9063724932027D-02   -8.0994118318226D-02
    -7.5129430232041D-02    8.2938213664610D-02   -2.1103909205289D-02
    -8.9006062201610D-02   -9.7187614972459D-02   -1.0254204370598D-01
     2.7284839152923D-02    1.0240325406290    9.2380334769558D-02
    -1.0403962027873D-02   -4.7418259424939D-02   0.46658140721737
    -6.5637483221497D-02   -6.4100624025467D-02  -0.11218908501286
   -0.12205730494215   -7.6902520487559D-02    6.7180753971818D-02
    0.67677890923857    1.1774434757667    1.2203928253046    3.5231157015608
     8.1121772700134    18.968597583651    30.590751058678    20.824031805583
    -18.233162355495   -52.481438712934    20.247466159355    62.630481378879
     26.172449399829    15.854479922243    35.546014974374   -4.3201755840334
    -6.5868227896159   -3.2225587092203   -14.732424489029   -1.3460622605253
     3.7505794055885    3.4677806783845   -3.3055631547686   -4.2837618313355
    -6.0538797376885   -2.8011533991987   -1.4711187393472  -0.35314860228671
    -1.5432792440390    1.1254640863239    4.6998349862598    6.4389212692334
     6.7960701034331    4.2216499229006   -7.6825481509956D-02   -7.6958795297911D-02
   -0.11343693953014   -7.7637163853713D-02    1.0598570496624D-03
    0.11340031220449   0.22449143373539   0.12875348800183   -1.1286629186481D-02
   -0.10907936362229   -8.5348699473433D-02    2.6789511967516D-02
    -7.9612796643326D-02    1.0433858885807D-01   -6.2354096973900D-02
    -9.9690494090900D-02   -4.6395117251289D-02   0.28463517382408
     2.6196504565001D-02   0.91026952704912   0.13890590209042   -1.0150390783225D-02
    -1.2088109132415D-02   0.43988608296620   -6.9773563440539D-02
    -6.8126468933048D-02  -0.17869340157897   -9.1861413479122D-02
    0.21193413186664   0.22513315852646   0.22829743727598   0.89793073337871
     2.7754910240945    4.9178673439854    9.6763482360824    20.218249696955
     29.868710923387    20.185351388439   -40.268878033625   -27.820828319186
     56.955985344294    52.292703510307    21.117949482832    23.868180976229
     1.4643059935450   -8.8148287976599   -1.8498898626456   -7.5733516644128
    -5.7196908692284   -1.1816210866404   -6.5129168992860   -2.1095879086925
     3.1004259894012   -2.7823365289062   -7.7295038483379  -0.66375575670699
    -2.9500764877052   -1.4190123699872   0.63739170148871    1.3973806515404
     4.6879357847422    5.9922377653439    5.5918073526216    3.6371664282657
    -8.3253220476876D-02   -8.3396103662859D-02   -8.3684328818941D-02
    -8.4122372454604D-02   -8.4716859196986D-02   -8.5476819172985D-02
    0.94863493349810   0.18611802715688   -1.0657843440509D-02   -9.0460834782421D-02
    -9.2302464312167D-02    2.6818229388813D-02   -9.6944632236567D-02
    0.45578685676762   -9.5840319002903D-02   -9.7762972506044D-02
    -1.9126638995634D-02   0.26080629969810    3.2065134159604D-02
    0.83618492976564   0.55524113201860   -2.9857219182667D-02   0.54607717438561
    -7.6549548850953D-02   -7.4477546096017D-02    4.5151656970631D-02
   -0.19272919680940   0.11683606815636   -6.2802825419464D-03    4.3830113316008D-02
    0.72939155524043    1.2975762242574    3.4093703712408    6.4502828290081
    10.1703122275269    19.419072435467    21.217322330972    3.7336661664457
    -70.974230863807   -14.052418885336    66.628064049434    40.580291722611
     27.341710313427   -1.0047988985600    1.6355779730593   -10.888594856922
    -8.3941093424051   -9.2215664114022    1.9098313431652   -7.9811952689231
    -4.2575308698111   -3.1306532536017   -1.0812366460950   -7.0228002862007
    -1.1888221855570   -1.1567211816745   -3.2361738523516   -2.3896579128645
   -0.40502967944575   -2.2141158997781D-02    2.8523199626291    4.8127118981363
     5.5818261434049    2.9676379433486   -9.0487467333149D-02   -9.0640468715121D-02
    -9.0948950818250D-02   -9.1417409301416D-02   -9.2052486880861D-02
    -9.2863233301021D-02   -9.3861477015881D-02   0.20786729880380
    0.37802695471393   -9.8153503678426D-02   -1.0009849759447D-01
    -1.9074524122877D-02  -0.10498498643908  -0.25620629756753    7.4959252120212D-02
   -0.13467641845978    4.4797731122348D-03   0.60268514538241    6.3851945841357D-03
     1.7578959653954   0.24135970455871   0.25962915654033   0.62428073514238
    0.67994420172277   0.76140491768204   -5.6027181283975D-02   -1.0177277904551D-01
   -0.15132761038995   -7.4896598311056D-02    4.3952279926744D-02
    0.64917188182760    1.9622235005521    3.4867019792419    8.6203346344269
     12.630088613651    23.213350226973    26.296025880851   -13.122403286521
    -58.460049219408    13.740901188146    55.208606174028    39.317192301413
     17.343261755158    11.987394760354   -8.4580562427275   0.20927581057339
     1.2933485860979   0.90920126232763   -4.7128304773640   -8.9675393224304
    -5.0752485354800   0.89558485221829   -6.2565060013474   -5.5299219190691
    -6.1030313708872   -1.7130644288578   -4.9585931235017   -1.6856284622864
    0.77009701122658    1.4569031276938    2.1664965070405    3.6328826219776
     5.0698326051903    2.8238007595807   -9.8687731770747D-02   -9.8852681682081D-02
    -9.9185148993772D-02   -9.9689775650359D-02   -1.0037341381082D-01
    -1.0124539913160D-01   -1.0231794464885D-01   -1.0158763763469D-02
     1.0403704884471D-01  -0.10691753313422  -0.10899679327780   -7.8322194180407D-02
   -0.11421190308234  -0.91206121463825  -0.14585935364223  -0.75534352685815
   -0.13115839853358   0.81446789183105  -0.12886059260942    1.4510192921040
     3.3980631785292D-02    1.7950309874590    9.3850096004662D-02
    -8.9027085859993D-02   -8.6634636818295D-02   -8.4621035406074D-02
    -7.5662323475661D-02  -0.15252125519032   -8.1186768323380D-02
     6.5549210961188D-02   0.73845564446014    1.1660621075811    3.3094707314365
     5.9494411282295    11.639200254708    14.045188535748    3.7711014303340
    -65.647342421367  -100.595313343871    7.9399226923909    48.014061839677
     19.292279379582    2.5385679794306    1.2657637996726   -9.4631252300572
    -4.6466845011020   -5.8109062604657   -3.8618195953146   -7.3816555864728
    -5.2776168061888   -6.3095404383742   -6.4226933808863   -8.5131276022734
    -4.7700296167376  -0.30877748982334   0.47938106267119   -1.2026551203456
    -4.0312475211846   -1.6433971388320   0.69904448674698    3.0694110011865
     3.4422360425507    4.2878915295804    2.8812503947996
    -1.9989729691529D-02   -4.3879927566944D-04   -4.3885669799106D-04
    -4.3894419169963D-04   -4.3906320487263D-04   -2.6556817844518D-02
    -2.8862451292229D-02   -4.3963078827574D-04   -4.3989998572677D-04
    -3.4809731979392D-02   -4.4058262304745D-04   -4.4100641590091D-04
    -2.2311016629813D-02   -4.4204823947561D-04   -4.4267735393361D-04
    -4.4338098642400D-04   -4.4415111247174D-04   -4.4496341673407D-04
    -1.5418897933090D-02   -4.4651164503085D-04   -1.3596905371788D-03
    -4.3574599714784D-02   -1.1969422049189D-03   -1.1425440283296D-03
    -1.0974868817691D-03   -1.0590569234743D-03   -1.0226727452656D-01
    -9.9640115525591D-04   -9.7004479461599D-04   -9.4700886043428D-04
    -1.3965205724760D-02  -0.14327951197927  -0.15776294669430  -0.79264793882671
    -1.0181789446020   -1.9704092302112   -3.8920911488410   -8.9370390814057
    -16.683201460017   -43.854729944104   -115.62708577359   -296.07260526949
    -365.67119840922   -170.56152735279   -57.954823741421   -19.991489863336
    -7.2700840600164   -1.6870151057349    1.0477244399802    2.4296314140988
     3.1047564705092    3.3668002789937    3.4339590839915    3.4366873418105
     3.4051450655090    3.2492498169477    3.1159595407202    3.0280554824502
     2.8930674262675    2.7041143678967    2.3428013368541    1.6358487862761
    0.61273792512050    4.9292141622048D-02   -1.8785942736567D-02
    -4.2498025051799D-04   -4.2514231908294D-04   -4.2538934317108D-04
    -4.2572549290225D-04   -2.4976014951417D-02   -4.2668842024434D-04
    -4.2733057137942D-04   -4.2809296426845D-04   -3.2801080962452D-02
    -4.3002971096602D-04   -4.3123477513231D-04   -2.1085522504837D-02
    -4.3420642024188D-04   -4.3600856575113D-04   -4.3803386824944D-04
    -4.4026601975599D-04   -4.4264385271331D-04   -1.4714522233142D-02
    -4.4727400920392D-04   -1.2824311175954D-03   -3.2936711432157D-02
    -1.1328570532226D-03   -1.0827582245890D-03   -1.0410499888668D-03
    -1.0053773568070D-03   -3.4226772431481D-02   -9.4753420462069D-04
    -9.2310224911299D-04   -9.0181145102951D-04   -1.4573172442215D-02
   -0.12760762598959   -9.5784005771945D-02  -0.10812599718900  -0.54850025072638
   -0.92857950974651   -2.1866509242057   -5.5015773644201   -13.250188004781
    -31.748367756035   -73.062880092586   -195.90370377966   -282.46905310735
    -157.06727596201   -59.300135033224   -22.164329882731   -8.9084693943168
    -2.9956389392332    8.8465518949014D-02    1.7067169886620    2.4517619840888
     2.7584558471452    2.9405819262312    2.9772128857507    2.8900267784645
     2.9520815536170    2.8733098133982    2.8078586613545    2.7139893421909
     2.5669326556341    2.2339784625596    1.5559664401385   0.58300952525798
     4.4306887714003D-02   -1.5471614492193D-02   -2.5989434868166D-03
    -4.1198017822476D-04   -4.1236845398450D-04   -4.1289694249197D-04
    -2.3493117743304D-02   -4.1441151778555D-04   -4.1542212510556D-04
    -4.1662262675825D-04   -3.0909415608519D-02   -4.1967619733710D-04
    -4.2157964671670D-04   -1.9924919142870D-02   -4.2628924410847D-04
    -4.2916051235601D-04   -4.3240759058841D-04   -4.3602134418775D-04
    -4.3992893214638D-04   -1.4037697605081D-02   -4.4781102192552D-04
    -1.2004216292893D-03   -2.2980953155871D-02   -1.0674785369814D-03
    -1.0226400948631D-03   -9.8494483453290D-04   -9.5254201724740D-04
    -2.0223661313190D-02   -9.1645064792251D-03   -8.7847050190674D-04
    -8.5930840576322D-04   -1.1692760312532D-02   -7.4867677756862D-02
    -9.7460848682172D-02   -7.8825483028928D-02  -0.38629415770148
    -1.0693089424190   -2.4046516121659   -5.2937584132569   -10.721634683494
    -27.388498942459   -74.257179974297   -174.55222048471   -268.61226859751
    -156.49859262105   -62.338650942633   -24.521496737834   -10.621789073206
    -4.1329498663803  -0.72385716652496    1.0155330320164    1.8505230643853
     2.2925855871826    2.5787192831781    2.6839681249293    2.7213691191727
     2.7175541583478    2.6609829993276    2.6096018558837    2.5592387256142
     2.4079561434572    2.1241877294747    1.4895274352711   0.55734590953445
     3.7010192093489D-02   -3.9907982674080D-04   -1.6576201451675D-02
    -3.9958748896676D-04   -4.0010545281212D-04   -4.0081037682706D-04
    -2.2060688518819D-02   -4.0282998396073D-04   -4.0417717915407D-04
    -4.0577729538742D-04   -2.9069015387836D-02   -4.0984773968916D-04
    -4.1238681190973D-04   -1.8785805580320D-02   -4.1868396060146D-04
    -4.2254139709140D-04   -4.2693217746909D-04   -4.3187279214224D-04
    -4.3731263682505D-04   -1.3358534228278D-02   -4.4881951832860D-04
    -1.1158048937134D-03   -2.5332458343088D-02   -1.0018472890774D-03
    -9.6275569154690D-04   -9.2942225385122D-04   -9.0057663783884D-04
   -0.18604117565851   -8.5388295707081D-04   -8.3532848694664D-04
    -8.1880727096071D-04   -1.1408978705157D-02   -8.1356454502244D-02
   -0.12035272241632  -0.15381990452817  -0.67898787967328  -0.72694133094851
    -1.7690381705142   -3.9840842860146  -10.4649975713380   -24.919265435879
    -67.729818038949   -164.81438855065   -265.20328770719   -165.73994496824
    -66.706031434842   -27.920192351577   -12.247762430390   -5.1273974234992
    -1.4360720240394   0.47547045694679    1.5076493769016    1.9476569435793
     2.2608353587538    2.4634098960280    2.5131049587328    2.5462128076998
     2.5338960372649    2.4167976745487    2.4632053230700    2.3134071935367
     2.0419725324627    1.4330449701603   0.53023658873979    3.4681832282598D-02
    -3.8738618032605D-04   -1.5521838712035D-02   -3.8801105967651D-04
    -3.8864858266796D-04   -3.8951606119084D-04   -2.0665772564768D-02
    -3.9200023729579D-04   -3.9365644063666D-04   -3.9562285938387D-04
    -2.7268170230615D-02   -4.0062356332420D-04   -4.0374356885758D-04
    -1.7664047630905D-02   -4.1149578842113D-04   -4.1626505497812D-04
    -4.2172844256828D-04   -4.2794591346170D-04   -4.3492705910596D-04
    -1.2677785206443D-02   -4.5056941775935D-04   -1.0302494894418D-03
    -2.1861736251677D-02   -9.3665378111822D-04   -9.0342391347588D-04
    -8.7456568741037D-04   -8.4940018759866D-04   -9.4832557506471D-02
    -8.0873012774766D-04   -7.9276149517991D-04   -7.7953524013627D-04
    -3.4005887919421D-02  -0.13772045318619   -9.2604162743011D-02
   -0.19076374680674  -0.37566696906540  -0.65953192145386   -1.6217278942145
    -4.1770170791834   -10.771449947998   -25.450637808325   -60.228747118507
    -151.56654637393   -261.23403326071   -178.65456574150   -73.975414258571
    -31.244650522970   -13.907938222598   -6.0899775005082   -2.0723175792128
     6.7549376439846D-04    1.1531314379474    1.7022166817545    2.0547018310264
     2.2784339963760    2.3126485878790    2.3998300929254    2.3733443777679
     2.3939519875780    2.3507549832050    2.2312373239397    1.9771752882938
     1.3895206907461   0.51520412290812    3.2544371028626D-02   -3.7594951803438D-04
    -1.4539936103227D-02   -3.7668690872810D-04   -3.7743918029718D-04
    -3.7846260576204D-04   -1.9363991149360D-02   -3.8139187727416D-04
    -3.8334357334958D-04   -3.8565962587805D-04   -2.5578639144032D-02
    -3.9154500821963D-04   -3.9521557780453D-04   -1.6604357387546D-02
    -4.0434381249196D-04   -4.0997684553133D-04   -4.1646392440860D-04
    -4.2392153266100D-04   -4.3245366586946D-04   -1.2024551523012D-02
    -4.5282231274148D-04   -5.0476780299371D-03   -2.1396636600047D-02
    -8.7226919231116D-04   -8.4476631537273D-04   -8.2035206378500D-04
    -7.9889125047201D-04   -9.3316206647318D-02   -7.6434063643132D-04
    -7.5100618334859D-04   -7.4021261994440D-04   -7.3197125164172D-04
   -0.11518460590981   -9.7379520752690D-02  -0.21003196261112  -0.42157302417801
   -0.83717086744718   -1.6351047452622   -5.1557566415670   -11.771514837370
    -25.746171197921   -58.466485584346   -142.82724087389   -264.04152143943
    -198.85033665607   -83.202316975046   -35.270696043163   -15.368022999960
    -7.0470530339803   -2.6527792306066  -0.33852741782604   0.85337311864107
     1.5078855103518    1.8918830008228    2.1312423547328    2.2228572704182
     2.2882675446199    2.2759268052291    2.2792026025066    2.2336943968769
     2.1376993740048    1.9055921169216    1.3592800546095   0.50785510824146
     3.0948996164970D-02   -3.6464470118888D-04   -1.3626857710143D-02
    -3.6549210843084D-04   -3.6635680637240D-04   -3.6753331854906D-04
    -1.8150843240343D-02   -3.7090109454753D-04   -3.7314497177022D-04
    -3.7580759778309D-04   -2.3995095683121D-02   -3.8257250811284D-04
    -3.8679134591695D-04   -1.5603431293849D-02   -3.9729023086541D-04
    -3.1988644550263D-02   -4.1128860845806D-04   -4.1998654061528D-04
    -4.3009738216878D-04   -1.0609571169022D-02   -4.5582867061972D-04
    -1.8895385242564D-02   -2.0978322030932D-02   -8.0825365949647D-04
    -7.8657464482144D-04   -7.6671809230401D-04   -7.4895705881599D-04
    -5.6265260646127D-03   -7.2055099130313D-04   -7.0985402032870D-04
    -7.0148614136561D-04   -6.9550015737284D-04   -4.3905990427796D-02
    -5.4983775631379D-02  -0.19830169296930  -0.69176364192840  -0.71497178323363
    -1.8812489250231   -4.1455791300732  -10.3814627501344   -24.357798522540
    -53.887356617284   -135.73667811385   -264.97273426886   -214.31729555013
    -92.861224282211   -38.544578873767   -16.747372273940   -7.7925536866578
    -3.0587655845567  -0.64214370789719   0.63725163850301    1.2986073518763
     1.6702654885953    1.9622770348886    2.0975486726135    2.1991279620450
     2.2162030405690    2.1910146150026    2.1521666813275    2.0715070822871
     1.8511225996950    1.3304220835269   0.49647585308487    3.1145164364925D-02
    -3.5334915057851D-04   -5.1233430928085D-02   -3.5430238150970D-04
    -3.5527573283053D-04   -3.5660095887453D-04   -1.7022533409279D-02
    -3.6039935773414D-04   -3.6293383459605D-04   -3.6594478963744D-04
    -2.2513920499455D-02   -1.3597210660492D-02   -3.7840052694224D-04
    -1.4659131027216D-02   -3.9035428237769D-04   -2.8888412805150D-02
    -4.0643213862640D-04   -4.1650097218594D-04   -4.2833538568762D-04
    -4.4248779013404D-04   -4.6019012023918D-04   -1.7155328688453D-02
    -3.5124653411098D-02   -7.4456797490785D-04   -7.2817838468887D-04
    -7.1290017866731D-04   -6.9936583327140D-04   -6.8752109535064D-04
    -6.7740265788856D-04   -6.6931807368108D-04   -6.6332601494492D-04
    -6.5952457168210D-04   -6.1648074440575D-02   -4.2268165134936D-02
   -0.29196079478492  -0.84196546528565  -0.51179682595218   -1.4344127130993
    -4.1190228471088  -10.0088705278481   -21.979913477013   -52.025537607949
    -133.30086449105   -261.49578395494   -229.97294527752  -101.985691206943
    -41.960951216218   -18.232425910722   -8.5553323517296   -3.6128571794688
   -0.93295403978616   0.40142283700169    1.1158208798834    1.5754625033382
     1.7973723671597    1.9635742362090    2.0814770923280    2.1063301159541
     2.1105755240035    2.0805089448820    1.9995682396002    1.7952864493447
     1.2931302561662   0.49153471341757    3.0164296888765D-02   -3.4214324006848D-04
    -6.7989031275074D-02   -3.4320477304761D-04   -3.4428979995898D-04
    -3.4576865302946D-04   -1.5938000124780D-02   -3.5001710510498D-04
    -3.5285983873508D-04   -3.5624532522554D-04   -2.1056931175318D-02
    -4.2862997612341D-02   -3.7034794301984D-04   -1.3703008829508D-02
    -3.8403222357887D-04   -2.3673652147419D-02   -4.0259564475922D-04
    -4.1434526693857D-04   -4.2830093696484D-04   -4.4528367142840D-04
    -2.1245934238360D-02   -2.7022776707376D-02   -1.0430184459274D-01
    -6.8150614098496D-04   -6.7055469459302D-04   -6.5980853190090D-04
    -6.5011851957492D-04   -6.4187237179438D-04   -6.3526511315079D-04
    -6.2972173425702D-04   -5.9800283549072D-02   -6.2424214934524D-04
    -3.2529159052730D-02   -9.6165262527350D-02  -0.39640864941387
   -0.74229193029783  -0.69982579285192   -1.5647883247701   -4.4766956896311
    -9.8742257532012   -20.804263557834   -48.599010426230   -117.12228527807
    -249.51950463676   -240.77616341134   -111.80248684266   -45.709434569500
    -19.210786183832   -9.1384213780112   -4.0053032002017   -1.1666958309955
    0.24116395989685    1.0240387850370    1.4740726403440    1.6954279601702
     1.8728501103211    1.9918937545485    2.0064822875729    2.0002724008091
     2.0053373774191    1.9355643988585    1.7481476263783    1.2587106127300
    0.47938501848812    3.2083850012674D-02   -3.3104369764883D-04
    -3.3142212622441D-04   -3.3218945322407D-04   -3.3336192723327D-04
    -3.3496199508573D-04   -1.4905690540585D-02   -3.3957157500512D-04
    -3.4266694031054D-04   -3.4636538272848D-04   -1.9685864832348D-02
    -4.0052198224925D-02   -3.6193007561576D-04   -1.2810528713040D-02
    -3.7732506269484D-04   -2.2101524032981D-02   -3.9878813282558D-04
    -4.1278049179623D-04   -4.2984526934711D-04   -4.5122682896597D-04
    -2.5181207856003D-02  -0.13596249370379  -0.13389406404244   -6.1933951440980D-04
   -0.13568234040287   -6.0881415601546D-04   -6.0309070378294D-04
    -5.9809385100443D-04   -5.9419641814369D-04   -5.9168190592471D-04
    -7.6260807849881D-02   -2.2885101682487D-03   -3.0538419544941D-02
   -0.16018159791355  -0.21465436933740  -0.76601312338657  -0.77751987816928
    -1.3622133153673   -4.7138207130407   -9.7639303828187   -18.693675529135
    -46.583098067798   -112.45333911388   -243.62678177461   -244.67961819137
    -117.90125534619   -48.338474503133   -20.071190204196   -9.2456156326129
    -3.9813530408809   -1.2654453766886   0.19103221617106   0.97138345244497
     1.3445204025783    1.5151571668455    1.8045512192787    1.8985537828464
     1.9249141808019    1.9330692579778    1.9235120690220    1.8704658946314
     1.6857312142740    1.2248889210851   0.47647093503514    3.2206363403624D-02
    -2.5303808992071D-04   -2.5335133746923D-04   -2.5398679715320D-04
    -2.5495842992307D-04   -2.5628560641411D-04   -1.1080292289302D-02
    -2.6011668117181D-04   -2.6269586562390D-04   -2.6578491242679D-04
    -1.4629815628476D-02   -2.9753237580618D-02   -2.7888560385881D-04
    -9.5205062921954D-03   -2.9204610094902D-04   -1.6404889492360D-02
    -3.1088892272249D-04   -3.2364069681195D-04   -3.3997912511823D-04
    -3.6259410216114D-04   -1.8076517390694D-02   -3.3646034851905D-02
    -8.3354058308760D-02   -4.4693238361827D-04   -2.8124956543848D-02
    -9.6042362321599D-02   -4.4521669177045D-04   -4.4320681952831D-04
    -4.4169564717507D-04   -4.4101765699953D-04   -5.9100518099795D-02
    -9.1103098655232D-03   -2.0822714376685D-02  -0.13091290707837
   -0.15502165402354  -0.46719972377447  -0.69234886545900   -1.3806899419353
    -3.6663349929950   -8.7946372914699   -14.460121013023   -33.352302560553
    -83.311852405476   -184.87603263263   -192.62255372554   -96.068645608664
    -39.549751389059   -16.335861916625   -7.4007932600246   -3.2702476365208
    -1.0864062308635    8.5126592336228D-02   0.68364163575496    1.0142358488345
     1.2124849525084    1.3678034654981    1.4335452742897    1.4616022168660
     1.4732619955509    1.4650302898227    1.4226499596343    1.2757735347985
    0.93646918591519   0.36234662086584    2.4483043267440D-02   -2.8043409325667D-04
    -2.8080357858297D-04   -2.8155336139773D-04   -2.8270031319362D-04
    -2.8426790131678D-04   -1.1986113351073D-02   -2.8879891693888D-04
    -2.9185439493474D-04   -2.9551947490244D-04   -4.0872475059960D-02
    -7.0373399593186D-03   -3.1113712011315D-04   -1.0299749582220D-02
    -3.2696437894777D-04   -1.7734694984681D-02   -3.4990576103298D-04
    -3.6571521765114D-04   -3.8628101767943D-04   -4.1473736128046D-04
    -1.9439590158890D-02   -4.4769314642020D-04   -9.2450364241701D-02
    -4.7775740438615D-04   -4.8068744236131D-04   -4.8102674057349D-04
    -4.8014218878595D-04   -4.7909817056988D-04   -4.7846515755609D-04
    -4.7864664738719D-04   -3.4171621419730D-02   -1.0787778721014D-02
    -2.3222024548726D-02  -0.17461699152690  -0.14892038654622  -0.55606297907446
   -0.62370075874825   -1.6579577854198   -4.1263409953765   -8.3094675167461
    -17.153064986892   -37.586980539628   -92.158200394411   -210.82902645026
    -220.93600899910   -111.43502691339   -45.717566652313   -18.789225870921
    -8.5380817971867   -3.7058090041870   -1.2979720716995    5.4290163755315D-03
    0.59689164459939    1.0542489123777    1.3239562611198    1.4753558483905
     1.5615770728405    1.6025135622240    1.6291994797743    1.6127716727449
     1.5695796642517    1.4158728939743    1.0370891523702   0.40387547073790
     2.5424449344881D-02   -3.1091170985188D-04   -3.1134598615588D-04
    -3.1222744434686D-04   -3.1357624689775D-04   -3.1542047731049D-04
    -1.2957397373268D-02   -3.2075587599978D-04   -3.2435776199925D-04
    -3.2868252437233D-04   -5.1418921272315D-02   -3.3993548084563D-04
    -3.4716429811386D-04   -1.1140791366671D-02   -3.6598170218502D-04
    -1.9152503081495D-02   -3.9362794263082D-04   -4.1267684446389D-04
    -4.3734748206412D-04   -4.7129629748136D-04   -2.1120826821203D-02
    -4.8502335942903D-04   -1.0055611771992D-01   -5.1642835548218D-04
    -5.1953272527229D-04   -1.2270000767446D-02   -5.1985347962250D-04
    -5.1934351326914D-04   -5.1931921971267D-04   -5.2020111405160D-04
    -5.2231472187948D-04   -7.0936296864103D-03   -2.5476602084569D-02
   -0.15704916926797  -0.20226302979226  -0.82478832293565  -0.81643961685130
    -1.8958085752833   -4.9529764722730   -9.0314261123917   -19.226712545659
    -42.995033753348  -101.698648005014   -233.29283667093   -251.47809820037
    -127.78767357908   -52.563135925038   -21.469999763695   -9.7837261948017
    -4.2173640493527   -1.4098485054571  -0.10721998256857   0.70648285130134
     1.1573560886940    1.4526941711447    1.6284941807855    1.6966585237188
     1.7632202431075    1.7546658993232    1.7686210022745    1.7199927245739
     1.5609492903202    1.1465387620544   0.45096996565310    2.9951928752750D-02
    -3.4478089318544D-04   -3.4528915463012D-04   -3.4632090899058D-04
    -3.4789997729224D-04   -3.5005956124403D-04   -1.3999203083246D-02
    -3.5631042952043D-04   -3.6053292285062D-04   -3.6560554620367D-04
    -5.5542735177456D-02   -3.7881784801987D-04   -3.8735058326211D-04
    -1.2025968932012D-02   -4.0972546658231D-04   -2.0626596382803D-02
    -4.4240132629399D-04   -4.6489398415500D-04   -4.9400426098005D-04
    -5.3401849531662D-04   -2.3029732803314D-02   -5.2731075677967D-04
   -0.10835655520887   -5.6175185212121D-04   -5.6485683245733D-04
    -2.2674708288897D-02   -5.6516363528625D-04   -5.6481982009796D-04
    -5.6511505283676D-04   -5.6647965444171D-04   -5.6925271013056D-04
    -2.4943302236750D-02   -2.2188525503466D-02  -0.23894045963780
   -0.25344810288078  -0.81943269080528   -1.3071742389670   -2.7720109665218
    -5.4297812148329   -11.668925582245   -22.468046870467   -50.231690292202
    -115.90961825099   -254.92791965228   -278.98213098960   -141.97634770093
    -58.627682174581   -24.329520329923   -11.169786299553   -4.7026912772779
    -1.6608274764756  -0.24377970964102   0.64703460073656    1.2862499936107
     1.5469623566605    1.7361807108350    1.8708238498613    1.9224743227837
     1.9442951494509    1.9378357935315    1.8877101187790    1.7202159796545
     1.2568788880899   0.49932695327309    3.5639018377995D-02   -3.8237303040036D-04
    -3.8296529452353D-04   -3.8416761251827D-04   -3.8600785448687D-04
    -3.8852488935828D-04   -1.5117145643850D-02   -3.9581212661445D-04
    -4.0077056699646D-04   -4.0674610034850D-04   -5.9836738214455D-02
    -4.2232313217227D-04   -4.3235109042256D-04   -1.2953322901007D-02
    -4.5852712745693D-04   -2.2227089580471D-02   -4.9680067510864D-04
    -5.2317810358126D-04   -5.5736939124851D-04   -6.0455397443609D-04
    -2.5093054188399D-02   -5.7410549981867D-04   -1.0132082081498D-01
    -2.4486043349188D-02   -6.1607685890908D-04   -2.4568913057197D-02
    -6.1622274286101D-04   -6.1587084150252D-04   -6.1630716543070D-04
    -4.7886963076540D-02   -6.2127779297545D-04   -1.7120538228445D-02
    -3.1301205116044D-02  -0.20133393607730  -0.23724105064999  -0.78363205847595
    -1.6668500138163   -2.4388863310251   -6.1740636729473   -14.832393264345
    -24.917002464777   -56.847762794670   -130.66044169722   -291.19621768755
    -308.54392997220   -154.70451085886   -64.386081966656   -26.983355958494
    -12.503650151325   -5.3803636877664   -1.9586596917299  -0.27451240902524
    0.69603321045429    1.4043128631185    1.7082844962332    1.8733632040568
     2.0390638357937    2.1009435868414    2.1281080634530    2.1209202060077
     2.0510141012011    1.8763562330293    1.3792960554941   0.55148354384312
     4.0884430070985D-02   -4.2418526562207D-04   -4.2487975835922D-04
    -4.2628956796018D-04   -4.2844745619126D-04   -4.3139919657799D-04
    -1.6263558901702D-02   -4.3994704200249D-04   -4.4572490764983D-04
    -1.6338402284383D-02   -6.4323956728504D-02   -4.7078356934655D-04
    -4.8245123186540D-04   -1.1624329279957D-02   -5.1293744484510D-04
    -2.3962958633132D-02   -5.5760740933629D-04   -5.8847882278850D-04
    -6.2863520402384D-04   -6.8441186878358D-04   -2.1185515036806D-02
    -6.2583819460861D-04   -3.8859100812837D-02   -6.9656349322663D-02
    -6.7268273188304D-04   -2.6465310282579D-02   -7.2204130310498D-02
    -6.7243229942432D-04   -6.7294315878243D-04   -6.6711457492764D-02
    -6.7856545124556D-04   -2.8612717775118D-02  -0.13187615278403
   -0.19276722566585  -0.47651991437989  -0.71897147519731   -1.7810039593765
    -4.4285011404814   -7.6404627624466   -17.955304447647   -32.144254205933
    -69.042622000660   -155.63701966543   -326.29307958080   -328.15857651001
    -163.14720311705   -67.540094252420   -28.984059274538   -13.558107851831
    -5.9328881186304   -2.2551849161632  -0.34335099400021   0.80625818935653
     1.5011960039910    1.8583905582243    2.0548397820931    2.1728628945150
     2.2707646356352    2.3164884149796    2.3074693344085    2.2398657249960
     2.0470532144626    1.5086765891256   0.59671274479277    4.4158231044505D-02
    -4.7070385873599D-04   -4.7150803462385D-04   -4.7314035598161D-04
    -4.7563873319023D-04   -4.7905624314104D-04   -1.7475517639963D-02
    -4.8895396336754D-04   -4.9564567667641D-04   -3.0316135217978D-02
    -6.9131043460569D-02   -5.2468724841192D-04   -5.3822316616164D-04
    -5.5433908663105D-04   -5.7364275921486D-04   -2.5842654101940D-02
    -6.2570670032275D-04   -6.6182940516079D-04   -7.0902674867864D-04
    -7.7511716241114D-04  -0.17840516479490   -6.8342108509567D-04
    -2.6313584314287D-02   -5.1423280318386D-02   -7.3432154413742D-04
    -2.8305767154229D-02   -4.4030394891404D-02   -9.7211731319581D-03
    -7.3477136944151D-04   -5.2347945160388D-02   -7.4094514553455D-04
    -3.7997755003960D-02  -0.51139639649569  -0.29221843599733  -0.55438920792496
    -1.0523655092946   -2.4039336909773   -3.5202018691383   -7.5767637903918
    -21.151562124219   -38.347944259309   -85.016612098213   -195.80928410366
    -369.67840256417   -333.95413050318   -162.13357058838   -69.988710128149
    -30.392850130271   -14.448995875172   -6.4391740203818   -2.4401906059466
   -0.31773871472864   0.85223330612286    1.5409429109980    1.9488606749149
     2.2359018921604    2.3548202742576    2.3476698153465    2.4872714297479
     2.4979649488737    2.4255277802840    2.2218095631333    1.6323130517782
    0.64334602725537    4.6952000242870D-02   -5.2225011051123D-04
    -5.2317897356035D-04   -5.2506414780357D-04   -5.2794937462764D-04
    -5.3189609059662D-04   -1.8770825850516D-02   -5.4332831907064D-04
    -5.5105986427449D-04   -3.2574141067149D-02   -7.4281154557650D-02
    -5.8464611064417D-04   -3.3168301268045D-02   -6.1900683597862D-04
    -6.5481800501969D-02   -4.0662475177449D-02   -4.1734688945042D-03
    -7.4436185791113D-04   -7.9993145003323D-04   -6.1441511366501D-03
   -0.25547739509907   -7.4791984803832D-04   -2.8032275835481D-02
    -4.1961523965087D-02   -8.0055062895924D-04   -3.0150703320392D-02
    -8.0111429942432D-04   -5.6990401733776D-02   -8.0133359586618D-04
    -8.0356527645792D-04   -8.0767355035346D-04   -4.3636658729051D-02
   -0.21540090948958  -0.46102526679703  -0.66770692392356   -1.3313047269092
    -2.4751712480676   -5.4916160388748   -9.7924608076173   -23.073516120817
    -51.363981535373   -107.16262994436   -235.14875805492   -413.26896131931
    -333.40785791616   -155.35439283780   -67.187497736383   -30.323460604928
    -14.883270875372   -6.5711910808629   -2.5717277232633  -0.42104101450321
    0.86956866648539    1.6075477377205    2.0721140194408    2.3391783741495
     2.4664973064763    2.6014602441023    2.6669707412287    2.6719712100272
     2.6194602164505    2.3770277502591    1.7426688725452   0.68661483203747
     5.0310656602778D-02   -5.7934906704565D-04   -1.2087733114972D-02
    -5.8259309895348D-04   -5.8591879863757D-04   -5.9046812494772D-04
    -2.0155601199461D-02   -6.0364880184779D-04   -6.1256641119665D-04
    -3.4991646042171D-02   -5.6818306117302D-02   -6.5135074954759D-04
    -5.6450030485786D-02   -6.9112223574596D-04   -2.5478200971655D-02
    -4.5407554978300D-02   -1.5270065780700D-02   -8.3730621940071D-04
    -9.0235395684638D-04   -1.9674037879987D-02   -1.3017542399628D-02
    -8.2029697889715D-04   -2.9825830176337D-02   -6.8258520778770D-02
    -1.8140717840252D-02   -1.4509815236397D-02   -8.7192132444813D-04
    -6.0587563368121D-02   -8.7201816081751D-04   -8.7430188403793D-04
    -3.8652063805411D-03  -0.12846573826398  -0.38806749943435  -0.28298575225564
   -0.64260947923644   -1.4538911455691   -4.1421681969461   -6.5375844214378
    -13.247964733951   -29.666890108959   -61.770759461323   -134.46539714259
    -293.72277489666   -444.60002408822   -307.10721428587   -140.08516850013
    -62.089107542840   -28.926921843507   -14.932466833528   -6.7353540301732
    -2.6106928764980  -0.29353412874314   0.94240827392069    1.5874141061862
     2.1487864700591    2.4571216920226    2.6367338674744    2.7618223545382
     2.8135762607601    2.8412945232968    2.7597762511243    2.5268187504783
     1.8242788973328   0.71635366456360    5.3343815034053D-02   -6.4260716195136D-04
    -3.3832848861203D-02   -1.5064369055439D-02   -9.7165880734680D-03
    -2.6438654116412D-02   -5.8337388926188D-03   -6.7057892264538D-04
    -6.8084968871663D-04   -3.7579396885625D-02   -2.8613792774550D-02
    -7.2557537648665D-04   -6.0700737835179D-02   -7.7157105689367D-04
    -2.5718817413293D-02   -2.6539473184697D-02   -1.6428221924523D-02
    -9.4158249440092D-04   -1.0172896956036D-03   -2.1273126742495D-02
    -1.4106791189246D-02   -9.0127146456098D-04   -2.5280875863224D-02
    -7.3196684973362D-02   -1.7657050066407D-03   -9.4721740873092D-04
    -9.4650819277042D-04   -6.4158138121885D-02   -9.4612191806649D-04
    -9.4756818721914D-04   -9.5099410585338D-04  -0.28125268447889
   -0.49472403627827  -0.34012651264520  -0.81798571787461   -1.8700561509479
    -4.3200175151836   -7.8013711978938   -18.519286990795   -38.225416417563
    -81.905235723214   -181.09655656742   -373.87098268077   -453.24449021135
    -266.32270582870   -121.91286847167   -55.352995822883   -26.795505779911
    -13.837027766433   -6.3142627791641   -2.4309488374688  -0.32696110875941
     1.0071528044043    1.7600277393976    2.2518650254240    2.6159129496975
     2.8344538569180    2.9209473194322    2.8695111492524    2.9913136914771
     2.9250477801155    2.6281088534918    1.8977219333093   0.73306852478415
     5.4123935909338D-02   -7.1271961958394D-04  -0.10705583273161
    -7.0398518332651D-02   -7.2141043454409D-04   -5.4435269071363D-02
    -7.3519084810812D-04   -7.4486851641439D-04   -7.5667857944556D-04
    -4.0348251820837D-02   -3.0718095356421D-02   -4.3092026907715D-02
    -2.2545677833366D-02   -8.6150907456549D-04   -2.5091292621730D-02
    -1.8562883478910D-02   -1.7666849101707D-02   -1.0580934733294D-03
    -1.1454504815103D-03   -2.2964183309264D-02   -1.5241744202666D-02
    -9.9097855954955D-04   -1.1837772816849D-02  -0.11416916039474
    -1.0257021530860D-03   -1.0257957946339D-03   -1.0243954524109D-03
    -6.7690037146562D-02   -1.0223533369142D-03   -1.0229958809064D-03
    -1.0261505434393D-03  -0.37939072072350  -0.35503228407989  -0.63074974829688
    -1.3045786128286   -2.4134841947326   -5.6114150396063   -11.303913566189
    -25.022087033449   -51.784001691845   -115.47103131764   -245.08175522874
    -440.29914399774   -426.52060890086   -223.14471812077  -102.982847099270
    -46.724584905160   -24.041357821192   -12.340673705281   -5.7916656058282
    -2.1632541033841  -0.31417240124590    1.0815841682211    1.8978730623939
     2.3746554858089    2.7153280056393    2.8945849894077    3.0002730574997
     3.0925488129450    3.0935718761408    2.9881118714087    2.6700294209663
     1.9118734492397   0.72896262665003    5.4167637919905D-02   -7.9051145947735D-04
    -4.8987378681324D-02   -7.6427393666450D-02   -8.0052258185795D-04
    -6.3911378370594D-02  -0.11985766922754  -0.12830164029937   -4.3204043550665D-02
    -4.3106524466082D-02   -3.2827906277863D-02   -6.9150131616822D-02
    -9.2835540015111D-04   -9.6168335587352D-04   -2.6891458897824D-02
    -4.5422643893392D-02   -1.8985655120210D-02   -1.1874888323499D-03
    -1.2870747282808D-03   -2.4735032581803D-02   -4.2553623643574D-02
    -1.0892099637223D-03   -5.8146916259928D-02  -0.14127024593528
    -1.1095636762216D-03   -1.1079337315257D-03   -1.1052222201966D-03
    -2.3256505482502D-02   -4.9036507123287D-02   -1.1000271251542D-03
    -5.1711628820206D-02   -6.0599871399836D-02  -0.20969335926723
   -0.82271801076521   -1.8318483954799   -3.0507537134430  -10.3818062392312
    -16.720491151612   -34.631906619506   -71.620856496943   -155.80113958831
    -322.87303784998   -492.09776006084   -370.08106778332   -173.21102676509
    -81.280323942372   -39.284573000901   -21.154574312346   -10.701612988756
    -5.0725429257504   -1.8016712797789   -4.7790450228439D-02    1.1957677780601
     1.9426649055586    2.4384318920582    2.7592671330425    2.9865626430497
     3.0704674855639    3.1122472906149    3.1258775376564    3.0382595976070
     2.6807272854198    1.8690787015334   0.69811753905573    4.9279614750820D-02
    -8.7719771404065D-04   -2.2026831902356D-02   -6.9130176097697D-02
    -3.2310270631650D-03   -1.0255449199071D-01   -9.0681093724872D-04
    -4.5858913998858D-03   -6.8039933259655D-02   -4.6019907394318D-02
    -3.5070163349930D-02   -4.0336288156679D-02   -1.0348832951990D-03
    -1.0729928869034D-03   -2.8802466846326D-02   -6.2235948292359D-02
    -8.0074737392620D-03   -1.3300323046454D-03   -1.4418447530645D-03
    -2.1975442965151D-02   -8.6856523689643D-02   -1.1953835538693D-03
   -0.13641508364418  -0.13306171379221   -1.1979618626178D-03   -1.1936127319376D-03
    -1.1882905633840D-03   -1.1831481473016D-03   -7.4271751095896D-02
    -1.1783445802873D-03   -6.6273835076793D-02   -5.7035915268845D-02
   -0.29773336108027   -1.0219222421598   -2.0127500183232   -3.6516933264430
    -12.281189849686   -22.495053704171   -48.134489906263  -105.140021838297
    -213.82632171764   -433.06644034401   -493.38528180830   -286.94957891590
    -129.79754917096   -61.440325532056   -31.693593420029   -17.552498570112
    -8.9383799700491   -4.1704690604967   -1.3430541338645   0.23125090672250
     1.3183963232174    2.0696884899387    2.5414322123763    2.8360533237012
     3.0173364593391    3.1062812395002    3.1547406531553    3.1295454825555
     3.0243468618767    2.6359538516466    1.7991676196355   0.65254541727338
     4.1754701606806D-02   -9.7355130201164D-04   -2.3498803326916D-02
    -5.5210478755618D-02   -9.8661477116895D-04   -7.1157470242659D-02
    -1.0073010770094D-03   -5.3521850210398D-02   -1.0395427662718D-03
    -2.7738134882517D-02   -5.8918390763419D-02   -1.1167826002329D-03
    -1.1529819546467D-03   -1.1962296406300D-03   -3.0825223885014D-02
    -6.6578371879049D-02   -6.7288047649604D-02   -1.4854725966969D-03
    -7.9824225923263D-03   -1.7698126384016D-03  -0.10735047253977
    -1.3085306393011D-03  -0.15666833529745  -0.17963712028188   -1.2910827144577D-03
    -1.2823839276107D-03   -6.1262309215983D-02   -4.2353442209515D-03
    -1.0008069659758D-01   -1.2581686017358D-03  -0.12490559584893
   -0.50951961752372  -0.34108589049574  -0.99036696677263   -2.1804861043805
    -5.3596064261223   -13.211571444970   -30.412732614723   -64.680377442210
    -136.87312395166   -299.09366132652   -518.94334106984   -435.77179374961
    -217.96463771628  -100.401325472430   -47.102053776643   -25.344234095940
    -13.556760122668   -7.0316818791737   -3.2966354387320  -0.84441092783253
    0.53566295971318    1.3685629263051    2.1179079075361    2.5254541322545
     2.8265008257499    2.9950244516185    3.0784161580636    3.1096245863308
     3.1182013625432    2.9594722941113    2.5367040118519    1.6819045837309
    0.59298873175231    3.2736766941707D-02   -1.0806503551956D-03
    -2.5069925116704D-02   -5.8846025009172D-02   -1.0954680162390D-03
    -9.1930432512646D-02   -1.1189068923099D-03   -8.0009368198696D-02
    -4.6044685015833D-03   -1.1795227846416D-03   -9.1437160333531D-02
    -1.2426125121430D-03   -1.2833797258826D-03   -1.3319805029992D-03
    -3.2961261612914D-02   -2.6643629667331D-02   -7.9364388688106D-02
    -5.1101010104588D-02   -4.6777358963662D-02   -1.9583667789872D-03
   -0.19134104787002   -1.4276901616297D-03  -0.10904486541544  -0.16960023152742
   -0.14781419578118   -1.3748042980325D-03  -0.15911403307887   -3.7743232804611D-03
    -6.4328250037577D-02   -8.0249637809885D-02  -0.33748569483638
   -0.39990385292755  -0.41590243140537   -1.1359744746354   -3.6573947375164
    -8.2009851011269   -18.132451106955   -41.063006315039   -86.278107023737
    -198.07053828171   -402.96690583147   -545.16317041276   -349.65477299564
    -154.68465274867   -70.237559999351   -35.609721449228   -19.661059559517
   -10.2246151823858   -5.2524560409269   -2.2568673606398  -0.48412104875758
    0.82688414948361    1.5684660783297    2.1289245258507    2.5701230179029
     2.8188776038230    2.9509448201256    3.0341116816061    3.0559806923745
     3.0217091438996    2.8306510284659    2.3847191704580    1.5155290651377
    0.51590690384502    2.3848628879288D-02   -1.1995898034268D-03
    -2.2916817081814D-02  -0.13596196075862   -1.2162836053482D-03
    -9.7993837801725D-02   -1.2426505545382D-03   -4.1144686433180D-03
    -4.1916292924994D-02   -1.3106636193464D-03   -9.7534123082951D-02
    -1.3811891518128D-03   -1.4266097322961D-03   -1.4805830474431D-03
    -3.5122709686843D-02   -2.6067399577460D-02   -3.5020180924809D-02
    -1.8312247033252D-03   -4.9581427816810D-02   -2.1552245509599D-03
   -0.27933546226941   -1.5522897071411D-03  -0.11432990769911   -8.6842773080969D-02
   -0.24952052214582   -1.4721912370772D-03   -2.7618494794334D-02
    -3.9335917902814D-02  -0.13600680118901  -0.11943845584984   -9.9652214563271D-02
   -0.23560409096079  -0.38922274298674   -1.2549388207526   -3.4965161992590
   -10.5394354748606   -24.523221427358   -54.179899607232   -119.67685373940
    -279.98750305690   -516.38673400228   -500.33143836713   -267.00852972182
    -114.06501081600   -50.881227897299   -26.849583283188   -14.508913269744
    -7.5244722908273   -3.6194250012275   -1.4456316686563    4.8010640417188D-02
     1.0765028066180    1.8086856514702    2.2527401045695    2.6083887743062
     2.7874529685200    2.9028061772719    2.9545970404526    2.9765040213508
     2.8925789499492    2.6802934135702    2.1725407144116    1.3504814344729
    0.44057584427322    1.5275047641067D-02   -1.3313914550738D-03
    -1.3344434085700D-03  -0.18677986689751   -1.3500429795627D-03
   -0.11621851300829   -1.3794446201953D-03   -1.4000061653975D-03
    -4.4745039288900D-02   -1.4550146810262D-03   -7.5976626547946D-02
    -1.5329437304157D-03   -1.5829004717501D-03   -1.6420339793491D-03
    -3.7289112190979D-02   -2.7687909130511D-02   -5.6605430956560D-02
    -2.0199430674678D-03   -4.2535810485977D-03   -5.1105574282445D-02
   -0.29795175018157   -1.6820465978688D-03   -7.0199634652995D-02
    -5.5535137769107D-02  -0.19983002205141   -1.5752979200518D-03
    -1.5554386053442D-03   -5.4666447372229D-02  -0.11891620069728
   -0.21200722756580  -0.22565974126051  -0.28548915347317  -0.59377902560346
    -2.1988567743280   -4.8603161286172   -13.810197744302   -28.870536120834
    -69.739077551401   -169.27170446115   -372.13626180269   -572.28426574969
    -426.98745836052   -184.31458673787   -80.119805648660   -37.465597543877
    -20.459698056422  -10.3113291650575   -5.1969490945757   -2.2692492348469
   -0.49406872033475   0.69111153207592    1.5793605750219    2.0518386733733
     2.4135774423292    2.6432317328866    2.8094098860846    2.8340985860215
     2.8936537560971    2.8602052167748    2.7635827238315    2.4990754427582
     1.9893062366328    1.1891814857474   0.36224083938193    1.9531707684224D-03
    -1.4769017520560D-03   -1.4802826173862D-03  -0.19917972066612
    -1.4975430084269D-03  -0.21216134298636   -1.5300011069803D-03
    -1.5526481005723D-03   -4.7605531363043D-02   -2.1946530935679D-03
    -6.3626201356402D-02   -1.6981421665637D-03   -1.7524256303676D-03
   -0.13472768272178  -0.12635452482442   -2.9404519806246D-02   -2.9711248126140D-02
    -2.2188545348811D-03   -2.3772852250036D-03   -5.6179358448452D-02
   -0.20845911552502   -8.2949436288180D-02   -3.5286784687959D-02
   -0.12460366406286   -6.5874085870675D-02   -1.6860706801509D-03
    -1.6632467088343D-03   -5.6698533135587D-02   -7.2802483099229D-02
    -4.7833126988980D-02  -0.12006828902559  -0.56520261001393   -1.2838667188757
    -2.1432986404322   -6.3288874253098   -16.517544098773   -39.786894846065
    -94.311375647608   -224.81741492545   -465.67706816473   -580.78073119732
    -327.23235274376   -134.05715861371   -56.734931508360   -28.676077397760
    -14.577877038552   -7.3473892088334   -3.2508260773598  -0.93744096371398
    0.52099994767051    1.3352982305954    1.9066913712662    2.3141373974038
     2.5392363192494    2.6790729490996    2.8077704796958    2.8105201652189
     2.7925627511292    2.7404140175716    2.6127684789891    2.3382250930363
     1.8155386382669    1.0444673606968   0.27940448210704   -4.8287464293999D-03
    -1.6366474065145D-03   -1.6403565008101D-03   -3.1171850581816D-02
    -1.6592693631288D-03   -3.7048035702981D-02   -2.8372686071381D-02
    -4.3778127114312D-02   -5.0688346673645D-02   -3.7739176503342D-02
    -4.5812142867824D-02   -1.8769747183255D-03   -3.0527385548011D-02
    -9.0167029621502D-02  -0.27263906065763  -0.12298355284554   -2.2927990168749D-03
   -0.13456914045151  -0.16013725754585   -6.4156256698623D-02  -0.28044849093860
    -1.0484737161691D-01   -3.6968382098844D-02  -0.20293215827562
    -6.2000901478381D-02   -1.8073711335281D-03   -1.7806170319124D-03
   -0.12791056405496   -7.6573628649931D-02  -0.14424784297289  -0.22350077913468
   -0.31848461448457  -0.93713480409863   -3.8847547467876   -8.5110140747879
    -20.488490162608   -50.642561015326   -126.15076528072   -282.64952339879
    -539.95476941708   -516.26350367861   -248.28013349924   -99.291930451208
    -42.911455374039   -21.700615037878  -10.2253302282108   -4.7026310077520
    -1.5856846524751   0.23393615791105    1.2041852720421    1.9310664073903
     2.3011818814656    2.5882019235480    2.7493100434331    2.8291293850976
     2.8436511555325    2.8244529485012    2.7694436735719    2.6806493150468
     2.5192470824810    2.2078554663728    1.6770217269354   0.92484858712485
    0.25432483907609   -9.1082868420170D-03   -1.8106846438207D-03
    -1.8147212163572D-03   -1.8228729220711D-03   -1.8352789068995D-03
    -1.8521438430233D-03   -1.8737463765412D-03  -0.14223390520905
    -9.4528863159614D-02   -4.0333400362130D-02   -2.0164892335501D-03
    -2.0696651633818D-03   -4.0678595070803D-02   -2.2046477352549D-03
   -0.22375722142763  -0.26694029344405   -1.7036146596185D-02  -0.34004363142532
   -0.16669456278936   -4.8879988719470D-02  -0.22876132465835  -0.15843654692303
    -9.6556580396695D-02  -0.21894709127965   -1.9786971915858D-03
    -1.9426648025919D-03  -0.20378176376576  -0.27652564480108  -0.18962467210369
    -4.5465796504103D-02   -6.9977769241448D-02  -0.43232517066196
    -1.6893318567438   -3.8777861683689   -9.2516448086381   -23.123855467630
    -59.820977381693   -149.07264126524   -353.43013634469   -608.98406589570
    -458.03005528069   -188.63991235028   -74.636938847111   -33.532240580028
    -15.471351505402   -6.8090807328313   -2.5610600866359   -1.2298413948604D-02
     1.2239563900717    1.9728265619830    2.4896647413369    2.7341829542182
     2.9068632405835    2.9871308278726    2.9887729483423    2.9823021397825
     2.8752023124376    2.7844177294472    2.6731668394749    2.4769486235653
     2.1363147532459    1.5752850551911   0.82949946232341   0.21539135807883
    -1.2909438777020D-02   -1.9983931657655D-03   -2.0027675370529D-03
    -2.0115965723506D-03   -2.0250223738786D-03   -2.0432538108821D-03
    -2.0665750564090D-03   -2.0953575770627D-03   -1.0415584086658D-01
   -0.16712933455879   -2.2198907731386D-03   -2.2767082747427D-03
    -5.9558620122017D-02   -2.4203916956289D-03  -0.45836967094370
   -0.40813277041869  -0.13935964001286  -0.13884618906961  -0.30947478099021
    -9.4331703805318D-02  -0.58448099595385  -0.19372719126213  -0.23893452226674
   -0.12401015165645  -0.20777716161104  -0.12555492239798   -5.2097744340468D-03
   -0.19880620262011  -0.34279617484804   -1.9871010976102D-03   -6.5070504914980D-02
   -0.33101455716728   -2.2154279512493   -4.6114381742908   -13.183447010155
    -29.490045778252   -75.038073830218   -184.29839548894   -425.90783631123
    -638.41996207892   -394.96682670137   -153.31376901519   -59.012542889532
    -25.532361980444   -10.886732099091   -3.7234969689016  -0.24368749551929
     1.5135309188500    2.3903447028642    2.8655204415412    3.1572271029641
     3.3672765566665    3.2753480867204    3.2721259289780    3.2575888069129
     3.1740441688126    3.0481807116595    2.9159920500064    2.7600301239948
     2.5139187757111    2.1316979893091    1.5305147665861   0.79270846418276
    0.19703166809171   -1.4822299895377D-02   -2.1982579589802D-03
    -2.2030075177862D-03   -2.2125905630143D-03   -2.2271555012698D-03
    -2.2469203568805D-03   -2.2721817153096D-03   -2.3033273633008D-03
    -3.3444800505937D-02   -8.4495743524642D-02   -2.4377364068687D-03
    -2.4989027043438D-03   -2.4908029716102D-02   -2.6532771597223D-03
   -0.74248922761055  -0.30182519290180  -0.80094682216507   -3.1609840156601D-03
   -0.31137609543931  -0.12148457678374  -0.27002483027694   -8.6289600879627D-02
   -0.20995385965714   -6.6838873437787D-02   -2.3220990886809D-03
    -2.2755401148774D-03   -2.2361941541076D-03   -7.1323472996194D-02
   -0.44573603940231   -2.1557446010701D-03   -4.9359746089249D-02
   -0.70602709673625   -2.3363376394041   -7.7185534696223   -17.147878955686
    -40.275565618527   -99.150918610012   -254.42505896175   -607.99362871267
    -811.45897993305   -406.44077439559   -140.76938685856   -48.493433912821
    -18.996187737291   -6.2594982890598  -0.55452856324807    2.1737402965562
     3.3737770378992    3.9411009452496    4.0917777910132    4.1638333995062
     4.1185333131088    3.9716029869203    3.8300907716323    3.6747494392239
     3.5395506691861    3.3544593855170    3.1916339446114    2.9666558610403
     2.6623035522460    2.2454233817270    1.6063638791299   0.82021631516723
    0.20839438048319   -8.8511285977493D-03
