h20 + h2+ -> h2+ + h20
  1.81390e-09  1.93508e-09  2.09004e-09  2.25497e-09  2.44323e-09  2.65516e-09
  2.89061e-09  3.14514e-09  3.42418e-09  3.72152e-09  4.03396e-09  4.36150e-09
  4.69361e-09  5.03036e-09  5.36910e-09  5.70853e-09  6.04916e-09  6.39358e-09
  6.74684e-09  7.11659e-09  7.51333e-09  7.95060e-09  8.44531e-09  9.01816e-09
  9.69427e-09  1.05038e-08  1.14827e-08  1.26730e-08  1.41226e-08  1.58835e-08
  1.80088e-08  2.05461e-08  2.35284e-08  2.69611e-08  3.08070e-08  3.49723e-08
  3.92961e-08  4.35496e-08  4.74477e-08  5.06731e-08  5.29076e-08  5.38687e-08
  5.33479e-08  5.12570e-08  4.76788e-08  4.29066e-08  3.74349e-08  3.18751e-08

  1.90481e-09  2.01964e-09  2.16723e-09  2.32474e-09  2.50587e-09  2.71089e-09
  2.93966e-09  3.19133e-09  3.46431e-09  3.75268e-09  4.06033e-09  4.38006e-09
  4.71186e-09  5.04541e-09  5.38153e-09  5.71881e-09  6.05765e-09  6.40060e-09
  6.75263e-09  7.12137e-09  7.51729e-09  7.95390e-09  8.44810e-09  9.02058e-09
  9.69643e-09  1.05058e-08  1.14846e-08  1.26748e-08  1.41243e-08  1.58852e-08
  1.80104e-08  2.05477e-08  2.35299e-08  2.69624e-08  3.08082e-08  3.49733e-08
  3.92969e-08  4.35502e-08  4.74481e-08  5.06733e-08  5.29077e-08  5.38687e-08
  5.33479e-08  5.12569e-08  4.76788e-08  4.29066e-08  3.74350e-08  3.18752e-08

  2.02709e-09  2.12170e-09  2.24868e-09  2.41008e-09  2.58249e-09  2.77911e-09
  2.99981e-09  3.24381e-09  3.50957e-09  3.79476e-09  4.09641e-09  4.40744e-09
  4.73467e-09  5.06425e-09  5.39709e-09  5.73168e-09  6.06831e-09  6.40942e-09
  6.75992e-09  7.12740e-09  7.52228e-09  7.95807e-09  8.45163e-09  9.02364e-09
  9.69915e-09  1.05083e-08  1.14870e-08  1.26771e-08  1.41265e-08  1.58873e-08
  1.80125e-08  2.05497e-08  2.35317e-08  2.69641e-08  3.08097e-08  3.49746e-08
  3.92979e-08  4.35509e-08  4.74487e-08  5.06736e-08  5.29078e-08  5.38686e-08
  5.33478e-08  5.12569e-08  4.76788e-08  4.29067e-08  3.74351e-08  3.18753e-08

  2.15901e-09  2.25738e-09  2.37506e-09  2.51396e-09  2.67591e-09  2.86234e-09
  3.07326e-09  3.30798e-09  3.56506e-09  3.84226e-09  4.13665e-09  4.44477e-09
  4.76297e-09  5.08776e-09  5.41654e-09  5.74780e-09  6.08167e-09  6.42050e-09
  6.76911e-09  7.13500e-09  7.52859e-09  7.96334e-09  8.45610e-09  9.02750e-09
  9.70259e-09  1.05115e-08  1.14899e-08  1.26800e-08  1.41293e-08  1.58900e-08
  1.80151e-08  2.05522e-08  2.35341e-08  2.69662e-08  3.08116e-08  3.49762e-08
  3.92992e-08  4.35519e-08  4.74493e-08  5.06740e-08  5.29080e-08  5.38686e-08
  5.33477e-08  5.12568e-08  4.76787e-08  4.29067e-08  3.74352e-08  3.18754e-08

  2.31562e-09  2.40452e-09  2.51162e-09  2.63922e-09  2.78931e-09  2.96351e-09
  3.16261e-09  3.38611e-09  3.63270e-09  3.90028e-09  4.18600e-09  4.48641e-09
  4.79788e-09  5.11694e-09  5.44080e-09  5.76793e-09  6.09841e-09  6.43443e-09
  6.78068e-09  7.14461e-09  7.53658e-09  7.97002e-09  8.46175e-09  9.03239e-09
  9.70693e-09  1.05154e-08  1.14937e-08  1.26836e-08  1.41328e-08  1.58935e-08
  1.80184e-08  2.05553e-08  2.35370e-08  2.69689e-08  3.08139e-08  3.49782e-08
  3.93008e-08  4.35530e-08  4.74501e-08  5.06744e-08  5.29081e-08  5.38686e-08
  5.33476e-08  5.12567e-08  4.76787e-08  4.29067e-08  3.74353e-08  3.18755e-08

  2.49919e-09  2.57811e-09  2.67400e-09  2.78913e-09  2.92578e-09  3.08592e-09
  3.27089e-09  3.48088e-09  3.71481e-09  3.97076e-09  4.24603e-09  4.53724e-09
  4.84071e-09  5.15288e-09  5.47088e-09  5.79303e-09  6.11934e-09  6.45189e-09
  6.79524e-09  7.15674e-09  7.54668e-09  7.97848e-09  8.46892e-09  9.03859e-09
  9.71244e-09  1.05205e-08  1.14984e-08  1.26881e-08  1.41372e-08  1.58977e-08
  1.80226e-08  2.05593e-08  2.35407e-08  2.69723e-08  3.08169e-08  3.49807e-08
  3.93028e-08  4.35545e-08  4.74511e-08  5.06750e-08  5.29084e-08  5.38686e-08
  5.33475e-08  5.12565e-08  4.76786e-08  4.29068e-08  3.74354e-08  3.18757e-08

  2.71174e-09  2.78027e-09  2.86432e-09  2.96628e-09  3.08839e-09  3.23282e-09
  3.40147e-09  3.59535e-09  3.81408e-09  4.05601e-09  4.31867e-09  4.59880e-09
  4.89274e-09  5.19680e-09  5.50789e-09  5.82414e-09  6.14543e-09  6.47376e-09
  6.81356e-09  7.17206e-09  7.55949e-09  7.98922e-09  8.47803e-09  9.04645e-09
  9.71941e-09  1.05268e-08  1.15044e-08  1.26938e-08  1.41428e-08  1.59032e-08
  1.80278e-08  2.05643e-08  2.35454e-08  2.69765e-08  3.08206e-08  3.49838e-08
  3.93053e-08  4.35564e-08  4.74524e-08  5.06757e-08  5.29086e-08  5.38686e-08
  5.33473e-08  5.12564e-08  4.76786e-08  4.29069e-08  3.74356e-08  3.18759e-08

  2.95449e-09  3.01257e-09  3.08440e-09  3.17253e-09  3.27936e-09  3.40704e-09
  3.55765e-09  3.73293e-09  3.93359e-09  4.15872e-09  4.40617e-09  4.67293e-09
  4.95541e-09  5.24984e-09  5.55290e-09  5.86235e-09  6.17778e-09  6.50106e-09
  6.83656e-09  7.19140e-09  7.57572e-09  8.00288e-09  8.48961e-09  9.05645e-09
  9.72825e-09  1.05349e-08  1.15119e-08  1.27011e-08  1.41498e-08  1.59100e-08
  1.80344e-08  2.05706e-08  2.35513e-08  2.69819e-08  3.08254e-08  3.49878e-08
  3.93085e-08  4.35588e-08  4.74540e-08  5.06767e-08  5.29090e-08  5.38686e-08
  5.33471e-08  5.12562e-08  4.76785e-08  4.29070e-08  3.74358e-08  3.18762e-08

  3.22748e-09  3.27544e-09  3.33517e-09  3.40919e-09  3.50013e-09  3.61036e-09
  3.74197e-09  3.89689e-09  4.07675e-09  4.28196e-09  4.51120e-09  4.76182e-09
  5.03047e-09  5.31336e-09  5.60696e-09  5.90863e-09  6.21747e-09  6.53496e-09
  6.86536e-09  7.21578e-09  7.59631e-09  8.02026e-09  8.50438e-09  9.06919e-09
  9.73950e-09  1.05451e-08  1.15215e-08  1.27102e-08  1.41586e-08  1.59185e-08
  1.80427e-08  2.05785e-08  2.35586e-08  2.69886e-08  3.08313e-08  3.49928e-08
  3.93125e-08  4.35618e-08  4.74560e-08  5.06778e-08  5.29095e-08  5.38685e-08
  5.33468e-08  5.12559e-08  4.76784e-08  4.29071e-08  3.74361e-08  3.18765e-08

  3.52940e-09  3.56787e-09  3.61612e-09  3.67641e-09  3.75135e-09  3.84367e-09
  3.95571e-09  4.08946e-09  4.24677e-09  4.42912e-09  4.63678e-09  4.86806e-09
  5.11999e-09  5.38895e-09  5.67127e-09  5.96390e-09  6.26538e-09  6.57654e-09
  6.90121e-09  7.24644e-09  7.62239e-09  8.04240e-09  8.52325e-09  9.08547e-09
  9.75384e-09  1.05581e-08  1.15336e-08  1.27217e-08  1.41698e-08  1.59294e-08
  1.80531e-08  2.05884e-08  2.35679e-08  2.69971e-08  3.08387e-08  3.49991e-08
  3.93175e-08  4.35656e-08  4.74585e-08  5.06792e-08  5.29100e-08  5.38685e-08
  5.33465e-08  5.12556e-08  4.76783e-08  4.29073e-08  3.74365e-08  3.18769e-08

  3.85748e-09  3.88735e-09  3.92508e-09  3.97262e-09  4.03232e-09  4.10688e-09
  4.19912e-09  4.31136e-09  4.44552e-09  4.60335e-09  4.78634e-09  4.99468e-09
  5.22648e-09  5.47855e-09  5.74724e-09  6.02919e-09  6.32228e-09  6.62660e-09
  6.94524e-09  7.28476e-09  7.65538e-09  8.07063e-09  8.54741e-09  9.10632e-09
  9.77218e-09  1.05746e-08  1.15489e-08  1.27363e-08  1.41838e-08  1.59430e-08
  1.80663e-08  2.06009e-08  2.35796e-08  2.70077e-08  3.08481e-08  3.50070e-08
  3.93239e-08  4.35703e-08  4.74617e-08  5.06811e-08  5.29107e-08  5.38685e-08
  5.33461e-08  5.12552e-08  4.76781e-08  4.29075e-08  3.74370e-08  3.18775e-08

  4.20737e-09  4.22979e-09  4.25826e-09  4.29443e-09  4.34032e-09  4.39834e-09
  4.47131e-09  4.56213e-09  4.67313e-09  4.80617e-09  4.96298e-09  5.14517e-09
  5.35303e-09  5.58462e-09  5.83668e-09  6.10572e-09  6.38903e-09  6.68582e-09
  6.99821e-09  7.33196e-09  7.69684e-09  8.10655e-09  8.57837e-09  9.13312e-09
  9.79571e-09  1.05958e-08  1.15685e-08  1.27548e-08  1.42016e-08  1.59601e-08
  1.80828e-08  2.06167e-08  2.35944e-08  2.70211e-08  3.08599e-08  3.50170e-08
  3.93319e-08  4.35763e-08  4.74657e-08  5.06834e-08  5.29116e-08  5.38684e-08
  5.33456e-08  5.12546e-08  4.76779e-08  4.29077e-08  3.74375e-08  3.18781e-08

  4.57338e-09  4.58960e-09  4.61033e-09  4.63683e-09  4.67078e-09  4.71424e-09
  4.76969e-09  4.84009e-09  4.92844e-09  5.03711e-09  5.16790e-09  5.32265e-09
  5.50326e-09  5.71033e-09  5.94203e-09  6.19518e-09  6.46669e-09  6.75486e-09
  7.06068e-09  7.38881e-09  7.74813e-09  8.15200e-09  8.61804e-09  9.16763e-09
  9.82601e-09  1.06229e-08  1.15934e-08  1.27782e-08  1.42240e-08  1.59818e-08
  1.81036e-08  2.06365e-08  2.36129e-08  2.70380e-08  3.08748e-08  3.50296e-08
  3.93419e-08  4.35838e-08  4.74708e-08  5.06862e-08  5.29128e-08  5.38683e-08
  5.33449e-08  5.12540e-08  4.76777e-08  4.29080e-08  3.74383e-08  3.18790e-08

  4.94886e-09  4.96022e-09  4.97478e-09  4.99352e-09  5.01771e-09  5.04901e-09
  5.08953e-09  5.14185e-09  5.20907e-09  5.29435e-09  5.40010e-09  5.52814e-09
  5.68050e-09  5.85962e-09  6.06664e-09  6.30002e-09  6.55684e-09  6.83467e-09
  7.13323e-09  7.45581e-09  7.81009e-09  8.20855e-09  8.66856e-09  9.21209e-09
  9.86514e-09  1.06578e-08  1.16252e-08  1.28080e-08  1.42524e-08  1.60091e-08
  1.81299e-08  2.06615e-08  2.36362e-08  2.70592e-08  3.08935e-08  3.50454e-08
  3.93546e-08  4.35932e-08  4.74772e-08  5.06899e-08  5.29142e-08  5.38682e-08
  5.33441e-08  5.12531e-08  4.76774e-08  4.29084e-08  3.74392e-08  3.18801e-08

  5.32689e-09  5.33464e-09  5.34460e-09  5.35746e-09  5.37416e-09  5.39595e-09
  5.42450e-09  5.46196e-09  5.51103e-09  5.57498e-09  5.65719e-09  5.76011e-09
  5.88563e-09  6.03617e-09  6.21495e-09  6.42394e-09  6.66204e-09  6.92676e-09
  7.21669e-09  7.53348e-09  7.88323e-09  8.27716e-09  8.73183e-09  9.26910e-09
  9.91579e-09  1.07030e-08  1.16662e-08  1.28460e-08  1.42884e-08  1.60436e-08
  1.81630e-08  2.06929e-08  2.36656e-08  2.70859e-08  3.09170e-08  3.50652e-08
  3.93705e-08  4.36051e-08  4.74852e-08  5.06944e-08  5.29160e-08  5.38681e-08
  5.33431e-08  5.12521e-08  4.76770e-08  4.29089e-08  3.74403e-08  3.18814e-08

  5.70107e-09  5.70631e-09  5.71305e-09  5.72178e-09  5.73314e-09  5.74803e-09
  5.76768e-09  5.79377e-09  5.82852e-09  5.87474e-09  5.93595e-09  6.01575e-09
  6.11674e-09  6.24090e-09  6.39123e-09  6.57205e-09  6.78643e-09  7.03391e-09
  7.31266e-09  7.62267e-09  7.96810e-09  8.35845e-09  8.80903e-09  9.34095e-09
  9.98107e-09  1.07616e-08  1.17192e-08  1.28948e-08  1.43343e-08  1.60873e-08
  1.82047e-08  2.07325e-08  2.37025e-08  2.71195e-08  3.09466e-08  3.50902e-08
  3.93905e-08  4.36201e-08  4.74953e-08  5.07002e-08  5.29182e-08  5.38680e-08
  5.33417e-08  5.12508e-08  4.76764e-08  4.29095e-08  3.74418e-08  3.18831e-08

  6.06636e-09  6.07000e-09  6.07468e-09  6.08073e-09  6.08860e-09  6.09890e-09
  6.11250e-09  6.13063e-09  6.15500e-09  6.18788e-09  6.23225e-09  6.29191e-09
  6.37080e-09  6.47163e-09  6.59662e-09  6.74952e-09  6.93612e-09  7.16092e-09
  7.42424e-09  7.72520e-09  8.06574e-09  8.45316e-09  8.90097e-09  9.42912e-09
  1.00638e-08  1.08374e-08  1.17879e-08  1.29577e-08  1.43928e-08  1.61427e-08
  1.82574e-08  2.07824e-08  2.37489e-08  2.71618e-08  3.09838e-08  3.51217e-08
  3.94157e-08  4.36389e-08  4.75080e-08  5.07074e-08  5.29210e-08  5.38678e-08
  5.33401e-08  5.12491e-08  4.76758e-08  4.29102e-08  3.74436e-08  3.18852e-08

  6.41989e-09  6.42262e-09  6.42613e-09  6.43063e-09  6.43645e-09  6.44402e-09
  6.45395e-09  6.46710e-09  6.48470e-09  6.50850e-09  6.54089e-09  6.58503e-09
  6.64506e-09  6.72534e-09  6.82879e-09  6.95789e-09  7.11744e-09  7.31508e-09
  7.55703e-09  7.84464e-09  8.17834e-09  8.56268e-09  9.00876e-09  9.53481e-09
  1.01659e-08  1.09339e-08  1.18769e-08  1.30391e-08  1.44680e-08  1.62132e-08
  1.83240e-08  2.08452e-08  2.38074e-08  2.72149e-08  3.10306e-08  3.51612e-08
  3.94474e-08  4.36625e-08  4.75239e-08  5.07165e-08  5.29246e-08  5.38675e-08
  5.33380e-08  5.12470e-08  4.76750e-08  4.29111e-08  3.74459e-08  3.18879e-08

  6.76158e-09  6.76390e-09  6.76685e-09  6.77061e-09  6.77543e-09  6.78163e-09
  6.78965e-09  6.80012e-09  6.81393e-09  6.83234e-09  6.85718e-09  6.89096e-09
  6.93708e-09  7.00014e-09  7.08501e-09  7.19485e-09  7.33256e-09  7.50426e-09
  7.71985e-09  7.98761e-09  8.31018e-09  8.68982e-09  9.13442e-09  9.65968e-09
  1.02891e-08  1.10535e-08  1.19906e-08  1.31446e-08  1.45651e-08  1.63033e-08
  1.84085e-08  2.09244e-08  2.38809e-08  2.72817e-08  3.10894e-08  3.52109e-08
  3.94872e-08  4.36923e-08  4.75440e-08  5.07279e-08  5.29291e-08  5.38672e-08
  5.33354e-08  5.12444e-08  4.76739e-08  4.29123e-08  3.74488e-08  3.18912e-08

  7.09463e-09  7.09683e-09  7.09962e-09  7.10315e-09  7.10764e-09  7.11336e-09
  7.12066e-09  7.13004e-09  7.14217e-09  7.15799e-09  7.17886e-09  7.20674e-09
  7.24431e-09  7.29526e-09  7.36474e-09  7.45827e-09  7.57936e-09  7.73149e-09
  7.92241e-09  8.16469e-09  8.46908e-09  8.83983e-09  9.28167e-09  9.80668e-09
  1.04359e-08  1.11988e-08  1.21322e-08  1.32796e-08  1.46909e-08  1.64193e-08
  1.85161e-08  2.10246e-08  2.39735e-08  2.73656e-08  3.11632e-08  3.52733e-08
  3.95373e-08  4.37297e-08  4.75692e-08  5.07423e-08  5.29347e-08  5.38669e-08
  5.33321e-08  5.12410e-08  4.76726e-08  4.29137e-08  3.74524e-08  3.18954e-08

  7.42566e-09  7.42791e-09  7.43076e-09  7.43435e-09  7.43889e-09  7.44464e-09
  7.45191e-09  7.46115e-09  7.47292e-09  7.48799e-09  7.50742e-09  7.53270e-09
  7.56598e-09  7.61021e-09  7.66944e-09  7.74948e-09  7.85669e-09  7.99506e-09
  8.16886e-09  8.38782e-09  8.66765e-09  9.02193e-09  9.45700e-09  9.98083e-09
  1.06106e-08  1.13735e-08  1.23050e-08  1.34480e-08  1.48516e-08  1.65690e-08
  1.86540e-08  2.11517e-08  2.40902e-08  2.74712e-08  3.12560e-08  3.53517e-08
  3.96001e-08  4.37766e-08  4.76009e-08  5.07603e-08  5.29417e-08  5.38664e-08
  5.33279e-08  5.12368e-08  4.76709e-08  4.29155e-08  3.74569e-08  3.19007e-08

  7.76479e-09  7.76718e-09  7.77018e-09  7.77396e-09  7.77873e-09  7.78474e-09
  7.79232e-09  7.80189e-09  7.81398e-09  7.82930e-09  7.84875e-09  7.87359e-09
  7.90551e-09  7.94696e-09  8.00121e-09  8.07279e-09  8.16835e-09  8.29526e-09
  8.45822e-09  8.66257e-09  8.92042e-09  9.25103e-09  9.67129e-09  1.01902e-08
  1.08198e-08  1.15834e-08  1.25144e-08  1.36548e-08  1.50526e-08  1.67603e-08
  1.88315e-08  2.13140e-08  2.42379e-08  2.76039e-08  3.13725e-08  3.54501e-08
  3.96790e-08  4.38356e-08  4.76407e-08  5.07830e-08  5.29506e-08  5.38658e-08
  5.33226e-08  5.12314e-08  4.76687e-08  4.29177e-08  3.74625e-08  3.19073e-08

  8.12566e-09  8.12819e-09  8.13137e-09  8.13537e-09  8.14041e-09  8.14675e-09
  8.15474e-09  8.16480e-09  8.17747e-09  8.19343e-09  8.21358e-09  8.23903e-09
  8.27129e-09  8.31240e-09  8.36517e-09  8.43334e-09  8.52206e-09  8.63899e-09
  8.79276e-09  8.98908e-09  9.23474e-09  9.54463e-09  9.94203e-09  1.04476e-08
  1.10736e-08  1.18373e-08  1.27684e-08  1.39069e-08  1.53001e-08  1.69996e-08
  1.90577e-08  2.15221e-08  2.44256e-08  2.77714e-08  3.15188e-08  3.55735e-08
  3.97780e-08  4.39095e-08  4.76906e-08  5.08115e-08  5.29618e-08  5.38650e-08
  5.33160e-08  5.12246e-08  4.76659e-08  4.29204e-08  3.74695e-08  3.19155e-08

  8.52537e-09  8.52802e-09  8.53136e-09  8.53555e-09  8.54084e-09  8.54749e-09
  8.55585e-09  8.56638e-09  8.57963e-09  8.59631e-09  8.61729e-09  8.64370e-09
  8.67697e-09  8.71897e-09  8.77216e-09  8.83987e-09  8.92649e-09  9.03794e-09
  9.18313e-09  9.37226e-09  9.61240e-09  9.91229e-09  1.02901e-08  1.07734e-08
  1.13872e-08  1.21479e-08  1.30783e-08  1.42150e-08  1.56037e-08  1.72953e-08
  1.93409e-08  2.17868e-08  2.46656e-08  2.79835e-08  3.17028e-08  3.57282e-08
  3.99020e-08  4.40023e-08  4.77533e-08  5.08473e-08  5.29758e-08  5.38639e-08
  5.33075e-08  5.12159e-08  4.76622e-08  4.29236e-08  3.74781e-08  3.19258e-08

  8.98467e-09  8.98741e-09  8.99087e-09  8.99521e-09  9.00069e-09  9.00757e-09
  9.01624e-09  9.02715e-09  9.04087e-09  9.05813e-09  9.07984e-09  9.10714e-09
  9.14148e-09  9.18467e-09  9.23904e-09  9.30765e-09  9.39453e-09  9.50488e-09
  9.64565e-09  9.82724e-09  1.00618e-08  1.03582e-08  1.07277e-08  1.11922e-08
  1.17840e-08  1.25329e-08  1.34597e-08  1.45936e-08  1.59769e-08  1.76593e-08
  1.96913e-08  2.21179e-08  2.49701e-08  2.82538e-08  3.19352e-08  3.59224e-08
  4.00572e-08  4.41183e-08  4.78317e-08  5.08921e-08  5.29933e-08  5.38626e-08
  5.32969e-08  5.12049e-08  4.76574e-08  4.29275e-08  3.74889e-08  3.19386e-08

  9.52832e-09  9.53113e-09  9.53467e-09  9.53912e-09  9.54472e-09  9.55177e-09
  9.56065e-09  9.57181e-09  9.58586e-09  9.60354e-09  9.62577e-09  9.65373e-09
  9.68889e-09  9.73309e-09  9.78865e-09  9.85852e-09  9.94646e-09  1.00575e-08
  1.01978e-08  1.03756e-08  1.06033e-08  1.08951e-08  1.12625e-08  1.17198e-08
  1.22930e-08  1.30194e-08  1.39336e-08  1.50614e-08  1.64377e-08  1.81087e-08
  2.01240e-08  2.25279e-08  2.53504e-08  2.85958e-08  3.22303e-08  3.61669e-08
  4.02516e-08  4.42634e-08  4.79298e-08  5.09482e-08  5.30153e-08  5.38609e-08
  5.32833e-08  5.11908e-08  4.76510e-08  4.29320e-08  3.75021e-08  3.19546e-08

  1.01858e-08  1.01887e-08  1.01923e-08  1.01968e-08  1.02024e-08  1.02096e-08
  1.02186e-08  1.02299e-08  1.02441e-08  1.02621e-08  1.02846e-08  1.03130e-08
  1.03486e-08  1.03935e-08  1.04499e-08  1.05207e-08  1.06098e-08  1.07217e-08
  1.08627e-08  1.10403e-08  1.12645e-08  1.15495e-08  1.19126e-08  1.23681e-08
  1.29342e-08  1.36410e-08  1.45310e-08  1.56435e-08  1.70086e-08  1.86650e-08
  2.06594e-08  2.30350e-08  2.58214e-08  2.90222e-08  3.26026e-08  3.64764e-08
  4.04957e-08  4.44448e-08  4.80524e-08  5.10182e-08  5.30427e-08  5.38587e-08
  5.32662e-08  5.11728e-08  4.76425e-08  4.29372e-08  3.75183e-08  3.19744e-08

  1.09924e-08  1.09953e-08  1.09989e-08  1.10034e-08  1.10091e-08  1.10163e-08
  1.10253e-08  1.10367e-08  1.10510e-08  1.10690e-08  1.10917e-08  1.11202e-08
  1.11561e-08  1.12013e-08  1.12580e-08  1.13294e-08  1.14190e-08  1.15316e-08
  1.16731e-08  1.18509e-08  1.20745e-08  1.23557e-08  1.27114e-08  1.31617e-08
  1.37247e-08  1.44229e-08  1.52908e-08  1.63751e-08  1.77189e-08  1.93552e-08
  2.13228e-08  2.36629e-08  2.64040e-08  2.95500e-08  3.30659e-08  3.68658e-08
  4.08039e-08  4.46720e-08  4.82052e-08  5.11056e-08  5.30769e-08  5.38557e-08
  5.32443e-08  5.11497e-08  4.76312e-08  4.29430e-08  3.75379e-08  3.19987e-08

  1.19902e-08  1.19931e-08  1.19967e-08  1.20012e-08  1.20069e-08  1.20141e-08
  1.20231e-08  1.20345e-08  1.20488e-08  1.20668e-08  1.20894e-08  1.21179e-08
  1.21537e-08  1.21988e-08  1.22556e-08  1.23269e-08  1.24165e-08  1.25291e-08
  1.26704e-08  1.28478e-08  1.30706e-08  1.33501e-08  1.37005e-08  1.41417e-08
  1.46971e-08  1.53888e-08  1.62436e-08  1.73003e-08  1.86083e-08  2.02127e-08
  2.21455e-08  2.44406e-08  2.71249e-08  3.02021e-08  3.36382e-08  3.73489e-08
  4.11903e-08  4.49580e-08  4.83962e-08  5.12143e-08  5.31193e-08  5.38517e-08
  5.32165e-08  5.11199e-08  4.76159e-08  4.29490e-08  3.75615e-08  3.20287e-08

  1.32301e-08  1.32329e-08  1.32365e-08  1.32410e-08  1.32467e-08  1.32538e-08
  1.32627e-08  1.32740e-08  1.32882e-08  1.33060e-08  1.33285e-08  1.33568e-08
  1.33923e-08  1.34371e-08  1.34933e-08  1.35641e-08  1.36530e-08  1.37647e-08
  1.39050e-08  1.40810e-08  1.43017e-08  1.45784e-08  1.49248e-08  1.53578e-08
  1.59003e-08  1.65794e-08  1.74210e-08  1.84562e-08  1.97263e-08  2.12816e-08
  2.31650e-08  2.54029e-08  2.80161e-08  3.10072e-08  3.43439e-08  3.79443e-08
  4.16683e-08  4.53157e-08  4.86362e-08  5.13499e-08  5.31718e-08  5.38462e-08
  5.31809e-08  5.10813e-08  4.75949e-08  4.29546e-08  3.75894e-08  3.20651e-08

  1.47728e-08  1.47755e-08  1.47791e-08  1.47835e-08  1.47890e-08  1.47960e-08
  1.48049e-08  1.48160e-08  1.48299e-08  1.48475e-08  1.48696e-08  1.48974e-08
  1.49324e-08  1.49765e-08  1.50319e-08  1.51015e-08  1.51890e-08  1.52990e-08
  1.54370e-08  1.56102e-08  1.58273e-08  1.60991e-08  1.64391e-08  1.68637e-08
  1.73928e-08  1.80521e-08  1.88721e-08  1.98822e-08  2.11163e-08  2.26163e-08
  2.44293e-08  2.65909e-08  2.91148e-08  3.19991e-08  3.52123e-08  3.86759e-08
  4.22552e-08  4.57562e-08  4.89354e-08  5.15202e-08  5.32371e-08  5.38386e-08
  5.31352e-08  5.10311e-08  4.75661e-08  4.29587e-08  3.76219e-08  3.21090e-08

  1.66897e-08  1.66925e-08  1.66959e-08  1.67002e-08  1.67056e-08  1.67124e-08
  1.67210e-08  1.67318e-08  1.67455e-08  1.67626e-08  1.67842e-08  1.68113e-08
  1.68454e-08  1.68883e-08  1.69423e-08  1.70101e-08  1.70954e-08  1.72025e-08
  1.73369e-08  1.75054e-08  1.77167e-08  1.79811e-08  1.83114e-08  1.87236e-08
  1.92366e-08  1.98731e-08  2.06616e-08  2.16349e-08  2.28245e-08  2.42653e-08
  2.59956e-08  2.80546e-08  3.04639e-08  3.32157e-08  3.62766e-08  3.95719e-08
  4.29730e-08  4.62946e-08  4.93022e-08  5.17319e-08  5.33193e-08  5.38285e-08
  5.30764e-08  5.09655e-08  4.75259e-08  4.29594e-08  3.76585e-08  3.21613e-08

  1.90630e-08  1.90657e-08  1.90689e-08  1.90731e-08  1.90783e-08  1.90849e-08
  1.90931e-08  1.91035e-08  1.91166e-08  1.91331e-08  1.91538e-08  1.91799e-08
  1.92127e-08  1.92539e-08  1.93057e-08  1.93709e-08  1.94528e-08  1.95556e-08
  1.96846e-08  1.98464e-08  2.00490e-08  2.03024e-08  2.06189e-08  2.10134e-08
  2.15038e-08  2.21116e-08  2.28618e-08  2.37844e-08  2.49131e-08  2.62796e-08
  2.79156e-08  2.98519e-08  3.21129e-08  3.46989e-08  3.75730e-08  4.06625e-08
  4.38464e-08  4.69490e-08  4.97475e-08  5.19895e-08  5.34212e-08  5.38160e-08
  5.30009e-08  5.08793e-08  4.74698e-08  4.29535e-08  3.76982e-08  3.22224e-08

  2.19818e-08  2.19843e-08  2.19874e-08  2.19913e-08  2.19962e-08  2.20024e-08
  2.20102e-08  2.20200e-08  2.20323e-08  2.20478e-08  2.20673e-08  2.20919e-08
  2.21228e-08  2.21616e-08  2.22104e-08  2.22718e-08  2.23488e-08  2.24456e-08
  2.25669e-08  2.27190e-08  2.29095e-08  2.31476e-08  2.34448e-08  2.38148e-08
  2.42744e-08  2.48433e-08  2.55446e-08  2.64044e-08  2.74529e-08  2.87223e-08
  3.02408e-08  3.20328e-08  3.41161e-08  3.64940e-08  3.91389e-08  4.19790e-08
  4.49000e-08  4.77382e-08  5.02839e-08  5.22988e-08  5.35424e-08  5.37994e-08
  5.29049e-08  5.07660e-08  4.73909e-08  4.29358e-08  3.77384e-08  3.22922e-08

  2.55347e-08  2.55369e-08  2.55398e-08  2.55433e-08  2.55478e-08  2.55535e-08
  2.55606e-08  2.55696e-08  2.55808e-08  2.55950e-08  2.56129e-08  2.56353e-08
  2.56635e-08  2.56991e-08  2.57437e-08  2.57998e-08  2.58702e-08  2.59586e-08
  2.60695e-08  2.62085e-08  2.63824e-08  2.65997e-08  2.68708e-08  2.72082e-08
  2.76268e-08  2.81444e-08  2.87818e-08  2.95623e-08  3.05115e-08  3.16575e-08
  3.30277e-08  3.46430e-08  3.65161e-08  3.86460e-08  4.10106e-08  4.35499e-08
  4.61565e-08  4.86787e-08  5.09226e-08  5.26658e-08  5.36831e-08  5.37734e-08
  5.27817e-08  5.06174e-08  4.72799e-08  4.28987e-08  3.77744e-08  3.23690e-08

  2.97943e-08  2.97962e-08  2.97987e-08  2.98018e-08  2.98058e-08  2.98107e-08
  2.98170e-08  2.98248e-08  2.98347e-08  2.98471e-08  2.98628e-08  2.98824e-08
  2.99072e-08  2.99383e-08  2.99774e-08  3.00265e-08  3.00882e-08  3.01656e-08
  3.02627e-08  3.03843e-08  3.05366e-08  3.07267e-08  3.09639e-08  3.12588e-08
  3.16247e-08  3.20768e-08  3.26329e-08  3.33132e-08  3.41398e-08  3.51355e-08
  3.63233e-08  3.77227e-08  3.93436e-08  4.11827e-08  4.32174e-08  4.53975e-08
  4.76316e-08  4.97814e-08  5.16698e-08  5.30927e-08  5.38418e-08  5.37318e-08
  5.26204e-08  5.04218e-08  4.71247e-08  4.28308e-08  3.77981e-08  3.24491e-08

  3.47926e-08  3.47943e-08  3.47963e-08  3.47989e-08  3.48021e-08  3.48062e-08
  3.48113e-08  3.48177e-08  3.48258e-08  3.48360e-08  3.48489e-08  3.48650e-08
  3.48853e-08  3.49109e-08  3.49430e-08  3.49833e-08  3.50340e-08  3.50976e-08
  3.51773e-08  3.52772e-08  3.54022e-08  3.55583e-08  3.57530e-08  3.59952e-08
  3.62955e-08  3.66666e-08  3.71229e-08  3.76808e-08  3.83583e-08  3.91739e-08
  4.01454e-08  4.12879e-08  4.26106e-08  4.41096e-08  4.57640e-08  4.75289e-08
  4.93284e-08  5.10458e-08  5.25225e-08  5.35744e-08  5.40116e-08  5.36655e-08
  5.24082e-08  5.01620e-08  4.69076e-08  4.27158e-08  3.77970e-08  3.25253e-08

  4.04847e-08  4.04859e-08  4.04874e-08  4.04893e-08  4.04917e-08  4.04947e-08
  4.04985e-08  4.05033e-08  4.05093e-08  4.05168e-08  4.05263e-08  4.05383e-08
  4.05533e-08  4.05722e-08  4.05960e-08  4.06258e-08  4.06633e-08  4.07104e-08
  4.07694e-08  4.08434e-08  4.09360e-08  4.10517e-08  4.11960e-08  4.13755e-08
  4.15983e-08  4.18736e-08  4.22123e-08  4.26267e-08  4.31301e-08  4.37362e-08
  4.44581e-08  4.53065e-08  4.62874e-08  4.73980e-08  4.86208e-08  4.99183e-08
  5.12271e-08  5.24523e-08  5.34618e-08  5.40932e-08  5.41761e-08  5.35585e-08
  5.21279e-08  4.98174e-08  4.66045e-08  4.25307e-08  3.77522e-08  3.25850e-08

  4.67028e-08  4.67035e-08  4.67044e-08  4.67056e-08  4.67070e-08  4.67089e-08
  4.67112e-08  4.67141e-08  4.67177e-08  4.67223e-08  4.67281e-08  4.67353e-08
  4.67445e-08  4.67559e-08  4.67704e-08  4.67885e-08  4.68114e-08  4.68400e-08
  4.68759e-08  4.69210e-08  4.69774e-08  4.70479e-08  4.71360e-08  4.72458e-08
  4.73821e-08  4.75508e-08  4.77587e-08  4.80136e-08  4.83237e-08  4.86978e-08
  4.91440e-08  4.96687e-08  5.02748e-08  5.09590e-08  5.17083e-08  5.24938e-08
  5.32665e-08  5.39515e-08  5.44446e-08  5.46118e-08  5.43037e-08  5.33841e-08
  5.17548e-08  4.93617e-08  4.61852e-08  4.22431e-08  3.76358e-08  3.26089e-08

  5.31098e-08  5.31101e-08  5.31104e-08  5.31108e-08  5.31112e-08  5.31119e-08
  5.31126e-08  5.31136e-08  5.31148e-08  5.31164e-08  5.31183e-08  5.31208e-08
  5.31239e-08  5.31278e-08  5.31327e-08  5.31388e-08  5.31466e-08  5.31563e-08
  5.31685e-08  5.31838e-08  5.32031e-08  5.32272e-08  5.32575e-08  5.32953e-08
  5.33425e-08  5.34013e-08  5.34741e-08  5.35640e-08  5.36741e-08  5.38078e-08
  5.39680e-08  5.41567e-08  5.43737e-08  5.46150e-08  5.48706e-08  5.51206e-08
  5.53306e-08  5.54471e-08  5.53928e-08  5.50648e-08  5.43403e-08  5.30988e-08
  5.12528e-08  4.87610e-08  4.56128e-08  4.18126e-08  3.74084e-08  3.25670e-08

  5.91707e-08  5.91705e-08  5.91703e-08  5.91700e-08  5.91696e-08  5.91691e-08
  5.91684e-08  5.91677e-08  5.91667e-08  5.91654e-08  5.91639e-08  5.91619e-08
  5.91595e-08  5.91564e-08  5.91525e-08  5.91476e-08  5.91415e-08  5.91338e-08
  5.91242e-08  5.91121e-08  5.90971e-08  5.90784e-08  5.90552e-08  5.90265e-08
  5.89910e-08  5.89474e-08  5.88942e-08  5.88296e-08  5.87517e-08  5.86583e-08
  5.85471e-08  5.84153e-08  5.82593e-08  5.80738e-08  5.78509e-08  5.75776e-08
  5.72330e-08  5.67839e-08  5.61803e-08  5.53507e-08  5.42029e-08  5.26360e-08
  5.05700e-08  4.79714e-08  4.48430e-08  4.11896e-08  3.70192e-08  3.24161e-08

  6.41673e-08  6.41668e-08  6.41661e-08  6.41653e-08  6.41642e-08  6.41628e-08
  6.41611e-08  6.41589e-08  6.41562e-08  6.41528e-08  6.41485e-08  6.41431e-08
  6.41362e-08  6.41277e-08  6.41169e-08  6.41033e-08  6.40863e-08  6.40650e-08
  6.40382e-08  6.40046e-08  6.39626e-08  6.39101e-08  6.38445e-08  6.37629e-08
  6.36615e-08  6.35360e-08  6.33814e-08  6.31917e-08  6.29603e-08  6.26801e-08
  6.23435e-08  6.19426e-08  6.14697e-08  6.09174e-08  6.02780e-08  5.95431e-08
  5.87018e-08  5.77380e-08  5.66256e-08  5.53246e-08  5.37756e-08  5.19024e-08
  4.96339e-08  4.69368e-08  4.38248e-08  4.03176e-08  3.64055e-08  3.20977e-08

  6.72849e-08  6.72842e-08  6.72832e-08  6.72820e-08  6.72805e-08  6.72787e-08
  6.72763e-08  6.72733e-08  6.72696e-08  6.72649e-08  6.72589e-08  6.72515e-08
  6.72421e-08  6.72303e-08  6.72154e-08  6.71968e-08  6.71733e-08  6.71438e-08
  6.71069e-08  6.70604e-08  6.70023e-08  6.69294e-08  6.68384e-08  6.67247e-08
  6.65832e-08  6.64074e-08  6.61897e-08  6.59215e-08  6.55924e-08  6.51913e-08
  6.47059e-08  6.41238e-08  6.34324e-08  6.26207e-08  6.16792e-08  6.06009e-08
  5.93805e-08  5.80129e-08  5.64903e-08  5.47983e-08  5.29099e-08  5.07799e-08
  4.83514e-08  4.55879e-08  4.25035e-08  3.91391e-08  3.54972e-08  3.15373e-08

  6.77795e-08  6.77787e-08  6.77777e-08  6.77765e-08  6.77749e-08  6.77729e-08
  6.77704e-08  6.77672e-08  6.77633e-08  6.77583e-08  6.77520e-08  6.77441e-08
  6.77342e-08  6.77217e-08  6.77059e-08  6.76861e-08  6.76613e-08  6.76300e-08
  6.75907e-08  6.75414e-08  6.74795e-08  6.74019e-08  6.73048e-08  6.71832e-08
  6.70314e-08  6.68423e-08  6.66073e-08  6.63161e-08  6.59570e-08  6.55162e-08
  6.49786e-08  6.43279e-08  6.35475e-08  6.26218e-08  6.15374e-08  6.02846e-08
  5.88585e-08  5.72588e-08  5.54877e-08  5.35467e-08  5.14336e-08  4.91343e-08
  4.66168e-08  4.38457e-08  4.08240e-08  3.76053e-08  3.42290e-08  3.06506e-08

  6.51982e-08  6.51975e-08  6.51967e-08  6.51956e-08  6.51942e-08  6.51925e-08
  6.51903e-08  6.51875e-08  6.51840e-08  6.51796e-08  6.51741e-08  6.51672e-08
  6.51585e-08  6.51475e-08  6.51337e-08  6.51163e-08  6.50945e-08  6.50670e-08
  6.50325e-08  6.49891e-08  6.49345e-08  6.48661e-08  6.47802e-08  6.46725e-08
  6.45377e-08  6.43692e-08  6.41589e-08  6.38971e-08  6.35721e-08  6.31702e-08
  6.26757e-08  6.20708e-08  6.13364e-08  6.04532e-08  5.94029e-08  5.81706e-08
  5.67465e-08  5.51280e-08  5.33190e-08  5.13275e-08  4.91625e-08  4.68307e-08
  4.43281e-08  4.16338e-08  3.87383e-08  3.56881e-08  3.25614e-08  2.93625e-08

  5.95767e-08  5.95761e-08  5.95755e-08  5.95747e-08  5.95737e-08  5.95724e-08
  5.95708e-08  5.95688e-08  5.95663e-08  5.95631e-08  5.95590e-08  5.95540e-08
  5.95476e-08  5.95395e-08  5.95294e-08  5.95167e-08  5.95007e-08  5.94805e-08
  5.94552e-08  5.94233e-08  5.93832e-08  5.93328e-08  5.92694e-08  5.91898e-08
  5.90898e-08  5.89644e-08  5.88072e-08  5.86104e-08  5.83645e-08  5.80579e-08
  5.76767e-08  5.72047e-08  5.66233e-08  5.59120e-08  5.50496e-08  5.40157e-08
  5.27934e-08  5.13718e-08  4.97485e-08  4.79292e-08  4.59241e-08  4.37446e-08
  4.14015e-08  3.88951e-08  3.62156e-08  3.33877e-08  3.05034e-08  2.76428e-08

  5.15144e-08  5.15141e-08  5.15137e-08  5.15132e-08  5.15127e-08  5.15119e-08
  5.15110e-08  5.15098e-08  5.15083e-08  5.15064e-08  5.15040e-08  5.15010e-08
  5.14973e-08  5.14925e-08  5.14866e-08  5.14791e-08  5.14696e-08  5.14577e-08
  5.14427e-08  5.14238e-08  5.14000e-08  5.13701e-08  5.13324e-08  5.12849e-08
  5.12250e-08  5.11496e-08  5.10546e-08  5.09349e-08  5.07841e-08  5.05942e-08
  5.03552e-08  5.00549e-08  4.96782e-08  4.92074e-08  4.86223e-08  4.79004e-08
  4.70196e-08  4.59600e-08  4.47074e-08  4.32570e-08  4.16129e-08  3.97831e-08
  3.77757e-08  3.55985e-08  3.32494e-08  3.07322e-08  2.81184e-08  2.55429e-08

  4.20628e-08  4.20627e-08  4.20626e-08  4.20624e-08  4.20621e-08  4.20618e-08
  4.20614e-08  4.20609e-08  4.20603e-08  4.20595e-08  4.20585e-08  4.20573e-08
  4.20557e-08  4.20538e-08  4.20513e-08  4.20481e-08  4.20442e-08  4.20392e-08
  4.20330e-08  4.20251e-08  4.20151e-08  4.20025e-08  4.19866e-08  4.19665e-08
  4.19409e-08  4.19086e-08  4.18675e-08  4.18151e-08  4.17484e-08  4.16630e-08
  4.15534e-08  4.14125e-08  4.12310e-08  4.09967e-08  4.06943e-08  4.03050e-08
  3.98069e-08  3.91759e-08  3.83887e-08  3.74264e-08  3.62788e-08  3.49456e-08
  3.34295e-08  3.17307e-08  2.98450e-08  2.77599e-08  2.54996e-08  2.31966e-08

he0 + he+ -> he+ + he0
  2.20161e-09  2.33056e-09  2.49491e-09  2.66926e-09  2.86680e-09  3.08858e-09
  3.33571e-09  3.60584e-09  3.90766e-09  4.23840e-09  4.59931e-09  4.99532e-09
  5.42119e-09  5.88108e-09  6.37623e-09  6.90797e-09  7.47776e-09  8.08719e-09
  8.73798e-09  9.43204e-09  1.01715e-08  1.09585e-08  1.17957e-08  1.26857e-08
  1.36312e-08  1.46353e-08  1.57010e-08  1.68312e-08  1.80287e-08  1.92960e-08
  2.06347e-08  2.20457e-08  2.35281e-08  2.50791e-08  2.66930e-08  2.83603e-08
  3.00667e-08  3.17919e-08  3.35084e-08  3.51801e-08  3.67619e-08  3.81986e-08
  3.94260e-08  4.03722e-08  4.09612e-08  4.11178e-08  4.07749e-08  3.98819e-08

  2.30105e-09  2.42182e-09  2.57610e-09  2.74234e-09  2.93253e-09  3.14765e-09
  3.38869e-09  3.65669e-09  3.95278e-09  4.27491e-09  4.63131e-09  5.01948e-09
  5.44467e-09  5.90112e-09  6.39329e-09  6.92247e-09  7.49006e-09  8.09759e-09
  8.74677e-09  9.43946e-09  1.01777e-08  1.09638e-08  1.18001e-08  1.26894e-08
  1.36343e-08  1.46380e-08  1.57032e-08  1.68330e-08  1.80303e-08  1.92973e-08
  2.06358e-08  2.20466e-08  2.35289e-08  2.50798e-08  2.66936e-08  2.83608e-08
  3.00671e-08  3.17922e-08  3.35086e-08  3.51803e-08  3.67620e-08  3.81987e-08
  3.94260e-08  4.03722e-08  4.09612e-08  4.11178e-08  4.07749e-08  3.98819e-08

  2.43263e-09  2.53090e-09  2.66282e-09  2.83111e-09  3.01226e-09  3.21923e-09
  3.45290e-09  3.71421e-09  4.00414e-09  4.32379e-09  4.67437e-09  5.05404e-09
  5.47425e-09  5.92637e-09  6.41480e-09  6.94074e-09  7.50555e-09  8.11071e-09
  8.75785e-09  9.44882e-09  1.01856e-08  1.09704e-08  1.18057e-08  1.26941e-08
  1.36383e-08  1.46413e-08  1.57060e-08  1.68354e-08  1.80322e-08  1.92989e-08
  2.06372e-08  2.20478e-08  2.35298e-08  2.50806e-08  2.66942e-08  2.83613e-08
  3.00675e-08  3.17926e-08  3.35089e-08  3.51805e-08  3.67621e-08  3.81988e-08
  3.94261e-08  4.03723e-08  4.09612e-08  4.11178e-08  4.07749e-08  3.98819e-08

  2.57488e-09  2.67498e-09  2.79531e-09  2.93917e-09  3.10906e-09  3.30598e-09
  3.53065e-09  3.78386e-09  4.06645e-09  4.37936e-09  4.72365e-09  5.10055e-09
  5.51153e-09  5.95821e-09  6.44191e-09  6.96378e-09  7.52509e-09  8.12724e-09
  8.77183e-09  9.46061e-09  1.01956e-08  1.09788e-08  1.18128e-08  1.27000e-08
  1.36433e-08  1.46455e-08  1.57095e-08  1.68384e-08  1.80347e-08  1.93010e-08
  2.06389e-08  2.20492e-08  2.35311e-08  2.50816e-08  2.66950e-08  2.83620e-08
  3.00681e-08  3.17930e-08  3.35092e-08  3.51808e-08  3.67624e-08  3.81989e-08
  3.94262e-08  4.03723e-08  4.09613e-08  4.11178e-08  4.07749e-08  3.98819e-08

  2.74082e-09  2.83068e-09  2.93959e-09  3.07047e-09  3.22680e-09  3.41124e-09
  3.62480e-09  3.86810e-09  4.14181e-09  4.44671e-09  4.78367e-09  5.15371e-09
  5.55809e-09  5.99832e-09  6.47610e-09  6.99284e-09  7.54972e-09  8.14809e-09
  8.78945e-09  9.47548e-09  1.02081e-08  1.09894e-08  1.18217e-08  1.27075e-08
  1.36496e-08  1.46508e-08  1.57140e-08  1.68421e-08  1.80379e-08  1.93036e-08
  2.06411e-08  2.20511e-08  2.35326e-08  2.50828e-08  2.66961e-08  2.83628e-08
  3.00688e-08  3.17936e-08  3.35097e-08  3.51811e-08  3.67626e-08  3.81991e-08
  3.94263e-08  4.03724e-08  4.09613e-08  4.11178e-08  4.07749e-08  3.98818e-08

  2.93272e-09  3.01207e-09  3.10960e-09  3.22778e-09  3.36974e-09  3.53919e-09
  3.73895e-09  3.97001e-09  4.23287e-09  4.52809e-09  4.85633e-09  5.21841e-09
  5.61535e-09  6.04842e-09  6.51921e-09  7.02951e-09  7.58081e-09  8.17440e-09
  8.81168e-09  9.49423e-09  1.02239e-08  1.10027e-08  1.18329e-08  1.27169e-08
  1.36575e-08  1.46574e-08  1.57196e-08  1.68468e-08  1.80418e-08  1.93070e-08
  2.06439e-08  2.20534e-08  2.35345e-08  2.50844e-08  2.66974e-08  2.83639e-08
  3.00696e-08  3.17943e-08  3.35102e-08  3.51815e-08  3.67629e-08  3.81993e-08
  3.94265e-08  4.03725e-08  4.09613e-08  4.11179e-08  4.07749e-08  3.98818e-08

  3.15265e-09  3.22150e-09  3.30738e-09  3.41293e-09  3.54083e-09  3.69441e-09
  3.87763e-09  4.09349e-09  4.34292e-09  4.62629e-09  4.94401e-09  5.29666e-09
  5.68498e-09  6.11000e-09  6.57303e-09  7.07575e-09  7.62008e-09  8.20762e-09
  8.83973e-09  9.51790e-09  1.02438e-08  1.10195e-08  1.18470e-08  1.27288e-08
  1.36675e-08  1.46658e-08  1.57266e-08  1.68527e-08  1.80468e-08  1.93111e-08
  2.06474e-08  2.20563e-08  2.35369e-08  2.50864e-08  2.66991e-08  2.83653e-08
  3.00707e-08  3.17951e-08  3.35109e-08  3.51821e-08  3.67633e-08  3.81996e-08
  3.94267e-08  4.03726e-08  4.09614e-08  4.11179e-08  4.07749e-08  3.98818e-08

  3.40190e-09  3.46105e-09  3.53533e-09  3.62803e-09  3.74199e-09  3.88005e-09
  4.04578e-09  4.24343e-09  4.47616e-09  4.74485e-09  5.04969e-09  5.39094e-09
  5.76908e-09  6.18481e-09  6.63916e-09  7.13349e-09  7.66962e-09  8.24960e-09
  8.87518e-09  9.54779e-09  1.02690e-08  1.10407e-08  1.18648e-08  1.27438e-08
  1.36801e-08  1.46764e-08  1.57355e-08  1.68602e-08  1.80530e-08  1.93164e-08
  2.06518e-08  2.20600e-08  2.35400e-08  2.50890e-08  2.67012e-08  2.83670e-08
  3.00721e-08  3.17963e-08  3.35118e-08  3.51828e-08  3.67638e-08  3.82000e-08
  3.94269e-08  4.03728e-08  4.09615e-08  4.11179e-08  4.07749e-08  3.98817e-08

  3.68145e-09  3.73197e-09  3.79557e-09  3.87550e-09  3.97532e-09  4.09806e-09
  4.24672e-09  4.42514e-09  4.63788e-09  4.88828e-09  5.17714e-09  5.50443e-09
  5.87028e-09  6.27505e-09  6.71942e-09  7.20441e-09  7.73148e-09  8.30261e-09
  8.92001e-09  9.58557e-09  1.03008e-08  1.10674e-08  1.18873e-08  1.27627e-08
  1.36960e-08  1.46898e-08  1.57467e-08  1.68696e-08  1.80609e-08  1.93230e-08
  2.06573e-08  2.20646e-08  2.35438e-08  2.50922e-08  2.67038e-08  2.83691e-08
  3.00739e-08  3.17977e-08  3.35129e-08  3.51836e-08  3.67645e-08  3.82005e-08
  3.94272e-08  4.03730e-08  4.09616e-08  4.11179e-08  4.07749e-08  3.98817e-08

  3.99221e-09  4.03512e-09  4.08928e-09  4.15750e-09  4.24331e-09  4.35054e-09
  4.48243e-09  4.64216e-09  4.83381e-09  5.06232e-09  5.33120e-09  5.64116e-09
  5.99194e-09  6.38349e-09  6.81610e-09  7.29039e-09  7.80744e-09  8.36882e-09
  8.97666e-09  9.63339e-09  1.03410e-08  1.11012e-08  1.19157e-08  1.27866e-08
  1.37160e-08  1.47066e-08  1.57608e-08  1.68814e-08  1.80709e-08  1.93313e-08
  2.06643e-08  2.20704e-08  2.35487e-08  2.50962e-08  2.67071e-08  2.83718e-08
  3.00761e-08  3.17994e-08  3.35143e-08  3.51847e-08  3.67653e-08  3.82010e-08
  3.94276e-08  4.03732e-08  4.09617e-08  4.11180e-08  4.07748e-08  3.98816e-08

  4.33504e-09  4.37134e-09  4.41720e-09  4.47511e-09  4.54813e-09  4.64005e-09
  4.75500e-09  4.89642e-09  5.06767e-09  5.27313e-09  5.51810e-09  5.80632e-09
  6.13834e-09  6.51368e-09  6.93212e-09  7.39383e-09  7.89944e-09  8.45008e-09
  9.04745e-09  9.69387e-09  1.03920e-08  1.11440e-08  1.19517e-08  1.28167e-08
  1.37413e-08  1.47278e-08  1.57787e-08  1.68964e-08  1.80834e-08  1.93418e-08
  2.06731e-08  2.20777e-08  2.35548e-08  2.51012e-08  2.67113e-08  2.83753e-08
  3.00788e-08  3.18016e-08  3.35160e-08  3.51860e-08  3.67663e-08  3.82018e-08
  3.94281e-08  4.03735e-08  4.09619e-08  4.11180e-08  4.07748e-08  3.98815e-08

  4.71072e-09  4.74135e-09  4.78004e-09  4.82896e-09  4.89077e-09  4.96876e-09
  5.06702e-09  5.19001e-09  5.34136e-09  5.52463e-09  5.74447e-09  6.00663e-09
  6.31507e-09  6.67019e-09  7.07123e-09  7.51779e-09  8.00997e-09  8.54841e-09
  9.13429e-09  9.76948e-09  1.04565e-08  1.11983e-08  1.19971e-08  1.28548e-08
  1.37733e-08  1.47546e-08  1.58011e-08  1.69152e-08  1.80992e-08  1.93550e-08
  2.06841e-08  2.20870e-08  2.35625e-08  2.51076e-08  2.67165e-08  2.83796e-08
  3.00823e-08  3.18044e-08  3.35182e-08  3.51877e-08  3.67676e-08  3.82027e-08
  3.94288e-08  4.03739e-08  4.09621e-08  4.11181e-08  4.07747e-08  3.98814e-08

  5.12007e-09  5.14587e-09  5.17845e-09  5.21962e-09  5.27170e-09  5.33756e-09
  5.42070e-09  5.52556e-09  5.65692e-09  5.81863e-09  6.01441e-09  6.24926e-09
  6.52938e-09  6.85899e-09  7.23828e-09  7.66624e-09  8.14226e-09  8.66639e-09
  9.23927e-09  9.86221e-09  1.05372e-08  1.12670e-08  1.20548e-08  1.29032e-08
  1.38137e-08  1.47885e-08  1.58295e-08  1.69390e-08  1.81191e-08  1.93717e-08
  2.06981e-08  2.20986e-08  2.35721e-08  2.51156e-08  2.67231e-08  2.83850e-08
  3.00867e-08  3.18079e-08  3.35210e-08  3.51899e-08  3.67692e-08  3.82038e-08
  3.94295e-08  4.03744e-08  4.09623e-08  4.11181e-08  4.07747e-08  3.98813e-08

  5.56395e-09  5.58566e-09  5.61305e-09  5.64766e-09  5.69141e-09  5.74677e-09
  5.81682e-09  5.90533e-09  6.01706e-09  6.15714e-09  6.32965e-09  6.53849e-09
  6.78901e-09  7.08790e-09  7.43968e-09  7.84432e-09  8.30048e-09  8.80742e-09
  9.36510e-09  9.97419e-09  1.06361e-08  1.13531e-08  1.21281e-08  1.29645e-08
  1.38650e-08  1.48314e-08  1.58654e-08  1.69691e-08  1.81443e-08  1.93928e-08
  2.07157e-08  2.21133e-08  2.35844e-08  2.51257e-08  2.67315e-08  2.83918e-08
  3.00922e-08  3.18124e-08  3.35245e-08  3.51926e-08  3.67712e-08  3.82053e-08
  3.94305e-08  4.03750e-08  4.09626e-08  4.11182e-08  4.07746e-08  3.98811e-08

  6.04330e-09  6.06154e-09  6.08456e-09  6.11362e-09  6.15033e-09  6.19676e-09
  6.25554e-09  6.32996e-09  6.42405e-09  6.54294e-09  6.69214e-09  6.87594e-09
  7.09842e-09  7.36530e-09  7.68386e-09  8.05888e-09  8.49011e-09  8.97590e-09
  9.51530e-09  1.01083e-08  1.07555e-08  1.14585e-08  1.22197e-08  1.30424e-08
  1.39302e-08  1.48858e-08  1.59109e-08  1.70071e-08  1.81761e-08  1.94193e-08
  2.07379e-08  2.21318e-08  2.35997e-08  2.51385e-08  2.67420e-08  2.84004e-08
  3.00992e-08  3.18179e-08  3.35289e-08  3.51960e-08  3.67737e-08  3.82071e-08
  3.94318e-08  4.03758e-08  4.09630e-08  4.11183e-08  4.07745e-08  3.98809e-08

  6.55914e-09  6.57447e-09  6.59380e-09  6.61818e-09  6.64897e-09  6.68788e-09
  6.73711e-09  6.79946e-09  6.87844e-09  6.97836e-09  7.10474e-09  7.26348e-09
  7.45908e-09  7.69584e-09  7.97986e-09  8.31904e-09  8.71847e-09  9.17763e-09
  9.69455e-09  1.02681e-08  1.08982e-08  1.15857e-08  1.23321e-08  1.31400e-08
  1.40130e-08  1.49550e-08  1.59685e-08  1.70552e-08  1.82162e-08  1.94529e-08
  2.07659e-08  2.21551e-08  2.36191e-08  2.51545e-08  2.67552e-08  2.84112e-08
  3.01080e-08  3.18250e-08  3.35344e-08  3.52002e-08  3.67769e-08  3.82094e-08
  3.94334e-08  4.03768e-08  4.09635e-08  4.11185e-08  4.07744e-08  3.98806e-08

  7.11263e-09  7.12550e-09  7.14172e-09  7.16218e-09  7.18800e-09  7.22061e-09
  7.26182e-09  7.31398e-09  7.38007e-09  7.46382e-09  7.56986e-09  7.70407e-09
  7.87281e-09  8.08080e-09  8.33252e-09  8.63453e-09  8.99535e-09  9.42045e-09
  9.90901e-09  1.04587e-08  1.10683e-08  1.17376e-08  1.24674e-08  1.32596e-08
  1.41169e-08  1.50430e-08  1.60419e-08  1.71162e-08  1.82671e-08  1.94953e-08
  2.08012e-08  2.21845e-08  2.36436e-08  2.51748e-08  2.67719e-08  2.84248e-08
  3.01190e-08  3.18338e-08  3.35414e-08  3.52056e-08  3.67810e-08  3.82123e-08
  3.94353e-08  4.03780e-08  4.09642e-08  4.11187e-08  4.07743e-08  3.98802e-08

  7.70502e-09  7.71583e-09  7.72945e-09  7.74662e-09  7.76828e-09  7.79561e-09
  7.83013e-09  7.87377e-09  7.92900e-09  7.99902e-09  8.08779e-09  8.20024e-09
  8.34270e-09  8.52194e-09  8.74295e-09  9.01039e-09  9.33129e-09  9.71490e-09
  1.01670e-08  1.06866e-08  1.12708e-08  1.19183e-08  1.26290e-08  1.34036e-08
  1.42442e-08  1.51535e-08  1.61354e-08  1.71940e-08  1.83317e-08  1.95491e-08
  2.08460e-08  2.22217e-08  2.36745e-08  2.52003e-08  2.67929e-08  2.84420e-08
  3.01330e-08  3.18450e-08  3.35502e-08  3.52124e-08  3.67860e-08  3.82160e-08
  3.94378e-08  4.03795e-08  4.09650e-08  4.11189e-08  4.07741e-08  3.98798e-08

  8.33778e-09  8.34685e-09  8.35829e-09  8.37270e-09  8.39087e-09  8.41379e-09
  8.44272e-09  8.47926e-09  8.52546e-09  8.58394e-09  8.65810e-09  8.75216e-09
  8.87137e-09  9.02251e-09  9.21282e-09  9.44753e-09  9.73153e-09  1.00723e-08
  1.04799e-08  1.09606e-08  1.15128e-08  1.21335e-08  1.28210e-08  1.35753e-08
  1.43973e-08  1.52888e-08  1.62527e-08  1.72931e-08  1.84140e-08  1.96173e-08
  2.09026e-08  2.22688e-08  2.37135e-08  2.52326e-08  2.68194e-08  2.84637e-08
  3.01505e-08  3.18590e-08  3.35612e-08  3.52209e-08  3.67924e-08  3.82206e-08
  3.94410e-08  4.03815e-08  4.09659e-08  4.11192e-08  4.07738e-08  3.98792e-08

  9.01251e-09  9.02013e-09  9.02974e-09  9.04184e-09  9.05709e-09  9.07633e-09
  9.10059e-09  9.13121e-09  9.16989e-09  9.21880e-09  9.28072e-09  9.35927e-09
  9.45892e-09  9.58527e-09  9.74557e-09  9.94757e-09  1.01967e-08  1.04982e-08
  1.08600e-08  1.12929e-08  1.18036e-08  1.23903e-08  1.30495e-08  1.37793e-08
  1.45797e-08  1.54514e-08  1.63965e-08  1.74177e-08  1.85191e-08  1.97043e-08
  2.09746e-08  2.23284e-08  2.37628e-08  2.52733e-08  2.68529e-08  2.84910e-08
  3.01726e-08  3.18767e-08  3.35752e-08  3.52317e-08  3.68005e-08  3.82264e-08
  3.94449e-08  4.03839e-08  4.09672e-08  4.11195e-08  4.07735e-08  3.98785e-08

  9.73105e-09  9.73746e-09  9.74553e-09  9.75570e-09  9.76851e-09  9.78466e-09
  9.80503e-09  9.83071e-09  9.86314e-09  9.90409e-09  9.95588e-09  1.00215e-08
  1.01046e-08  1.02102e-08  1.03441e-08  1.05141e-08  1.07285e-08  1.09930e-08
  1.13129e-08  1.16968e-08  1.21565e-08  1.26990e-08  1.33220e-08  1.40218e-08
  1.47963e-08  1.56451e-08  1.65691e-08  1.75702e-08  1.86512e-08  1.98154e-08
  2.10664e-08  2.24041e-08  2.38253e-08  2.53248e-08  2.68951e-08  2.85255e-08
  3.02005e-08  3.18990e-08  3.35928e-08  3.52452e-08  3.68107e-08  3.82338e-08
  3.94499e-08  4.03870e-08  4.09688e-08  4.11200e-08  4.07732e-08  3.98776e-08

  1.04955e-08  1.05008e-08  1.05076e-08  1.05162e-08  1.05269e-08  1.05405e-08
  1.05576e-08  1.05792e-08  1.06064e-08  1.06407e-08  1.06841e-08  1.07390e-08
  1.08084e-08  1.08966e-08  1.10085e-08  1.11504e-08  1.13307e-08  1.15581e-08
  1.18387e-08  1.21782e-08  1.25855e-08  1.30735e-08  1.36495e-08  1.43109e-08
  1.50535e-08  1.58749e-08  1.67746e-08  1.77534e-08  1.88128e-08  1.99552e-08
  2.11837e-08  2.25007e-08  2.39046e-08  2.53900e-08  2.69486e-08  2.85691e-08
  3.02358e-08  3.19272e-08  3.36149e-08  3.52623e-08  3.68235e-08  3.82430e-08
  3.94562e-08  4.03909e-08  4.09708e-08  4.11205e-08  4.07727e-08  3.98764e-08

  1.13080e-08  1.13126e-08  1.13183e-08  1.13255e-08  1.13345e-08  1.13459e-08
  1.13603e-08  1.13784e-08  1.14013e-08  1.14301e-08  1.14665e-08  1.15125e-08
  1.15706e-08  1.16442e-08  1.17376e-08  1.18562e-08  1.20066e-08  1.21978e-08
  1.24391e-08  1.27369e-08  1.30969e-08  1.35291e-08  1.40469e-08  1.46583e-08
  1.53602e-08  1.61477e-08  1.70183e-08  1.79712e-08  1.90068e-08  2.01263e-08
  2.13314e-08  2.26243e-08  2.40060e-08  2.54729e-08  2.70163e-08  2.86242e-08
  3.02803e-08  3.19627e-08  3.36429e-08  3.52838e-08  3.68396e-08  3.82546e-08
  3.94641e-08  4.03958e-08  4.09733e-08  4.11212e-08  4.07721e-08  3.98750e-08

  1.21713e-08  1.21751e-08  1.21799e-08  1.21860e-08  1.21936e-08  1.22032e-08
  1.22153e-08  1.22306e-08  1.22498e-08  1.22740e-08  1.23046e-08  1.23432e-08
  1.23919e-08  1.24535e-08  1.25315e-08  1.26305e-08  1.27562e-08  1.29157e-08
  1.31184e-08  1.33744e-08  1.36903e-08  1.40722e-08  1.45305e-08  1.50798e-08
  1.57284e-08  1.64728e-08  1.73074e-08  1.82293e-08  1.92374e-08  2.03315e-08
  2.15121e-08  2.27799e-08  2.41358e-08  2.55788e-08  2.71024e-08  2.86941e-08
  3.03366e-08  3.20076e-08  3.36782e-08  3.53110e-08  3.68600e-08  3.82693e-08
  3.94740e-08  4.04019e-08  4.09765e-08  4.11222e-08  4.07714e-08  3.98732e-08

  1.30882e-08  1.30914e-08  1.30954e-08  1.31005e-08  1.31069e-08  1.31150e-08
  1.31252e-08  1.31380e-08  1.31542e-08  1.31746e-08  1.32003e-08  1.32327e-08
  1.32736e-08  1.33253e-08  1.33906e-08  1.34733e-08  1.35783e-08  1.37115e-08
  1.38806e-08  1.40956e-08  1.43672e-08  1.47022e-08  1.51071e-08  1.55930e-08
  1.61754e-08  1.68631e-08  1.76518e-08  1.85355e-08  1.95106e-08  2.05752e-08
  2.17286e-08  2.29702e-08  2.42992e-08  2.57144e-08  2.72124e-08  2.87828e-08
  3.04079e-08  3.20645e-08  3.37228e-08  3.53454e-08  3.68857e-08  3.82878e-08
  3.94866e-08  4.04097e-08  4.09805e-08  4.11233e-08  4.07705e-08  3.98710e-08

  1.40616e-08  1.40643e-08  1.40677e-08  1.40720e-08  1.40774e-08  1.40843e-08
  1.40928e-08  1.41036e-08  1.41172e-08  1.41344e-08  1.41560e-08  1.41833e-08
  1.42176e-08  1.42610e-08  1.43158e-08  1.43851e-08  1.44728e-08  1.45841e-08
  1.47253e-08  1.49046e-08  1.51325e-08  1.54205e-08  1.57757e-08  1.62049e-08
  1.67197e-08  1.73367e-08  1.80652e-08  1.89000e-08  1.98343e-08  2.08638e-08
  2.19857e-08  2.31981e-08  2.44989e-08  2.58853e-08  2.73535e-08  2.88963e-08
  3.04986e-08  3.21364e-08  3.37792e-08  3.53887e-08  3.69181e-08  3.83112e-08
  3.95025e-08  4.04196e-08  4.09856e-08  4.11248e-08  4.07694e-08  3.98682e-08

  1.50950e-08  1.50973e-08  1.51002e-08  1.51038e-08  1.51084e-08  1.51141e-08
  1.51213e-08  1.51304e-08  1.51419e-08  1.51563e-08  1.51745e-08  1.51974e-08
  1.52264e-08  1.52628e-08  1.53088e-08  1.53669e-08  1.54403e-08  1.55333e-08
  1.56513e-08  1.58010e-08  1.59910e-08  1.62326e-08  1.65378e-08  1.69142e-08
  1.73687e-08  1.79137e-08  1.85668e-08  1.93374e-08  2.02197e-08  2.12056e-08
  2.22898e-08  2.34684e-08  2.47380e-08  2.60941e-08  2.75312e-08  2.90419e-08
  3.06146e-08  3.22280e-08  3.38507e-08  3.54436e-08  3.69592e-08  3.83407e-08
  3.95226e-08  4.04320e-08  4.09920e-08  4.11267e-08  4.07680e-08  3.98646e-08

  1.61919e-08  1.61939e-08  1.61963e-08  1.61993e-08  1.62032e-08  1.62080e-08
  1.62141e-08  1.62217e-08  1.62314e-08  1.62435e-08  1.62588e-08  1.62781e-08
  1.63024e-08  1.63331e-08  1.63717e-08  1.64205e-08  1.64821e-08  1.65599e-08
  1.66584e-08  1.67834e-08  1.69420e-08  1.71432e-08  1.73990e-08  1.77223e-08
  1.81207e-08  1.86016e-08  1.91778e-08  1.98680e-08  2.06817e-08  2.16121e-08
  2.26497e-08  2.37879e-08  2.50211e-08  2.63436e-08  2.77481e-08  2.92254e-08
  3.07635e-08  3.23452e-08  3.39417e-08  3.55132e-08  3.70111e-08  3.83780e-08
  3.95480e-08  4.04477e-08  4.10001e-08  4.11290e-08  4.07663e-08  3.98602e-08

  1.73560e-08  1.73576e-08  1.73597e-08  1.73622e-08  1.73655e-08  1.73695e-08
  1.73746e-08  1.73811e-08  1.73892e-08  1.73994e-08  1.74123e-08  1.74285e-08
  1.74489e-08  1.74747e-08  1.75071e-08  1.75481e-08  1.75997e-08  1.76649e-08
  1.77473e-08  1.78516e-08  1.79838e-08  1.81517e-08  1.83646e-08  1.86351e-08
  1.89770e-08  1.93982e-08  1.99061e-08  2.05143e-08  2.12421e-08  2.20992e-08
  2.30775e-08  2.41658e-08  2.53554e-08  2.66387e-08  2.80069e-08  2.94491e-08
  3.09513e-08  3.24958e-08  3.40583e-08  3.56019e-08  3.70771e-08  3.84254e-08
  3.95801e-08  4.04677e-08  4.10105e-08  4.11321e-08  4.07642e-08  3.98546e-08

  1.85910e-08  1.85924e-08  1.85941e-08  1.85962e-08  1.85989e-08  1.86024e-08
  1.86067e-08  1.86121e-08  1.86189e-08  1.86275e-08  1.86383e-08  1.86519e-08
  1.86690e-08  1.86906e-08  1.87179e-08  1.87522e-08  1.87955e-08  1.88501e-08
  1.89190e-08  1.90060e-08  1.91163e-08  1.92560e-08  1.94333e-08  1.96581e-08
  1.99438e-08  2.03046e-08  2.07489e-08  2.12842e-08  2.19245e-08  2.26898e-08
  2.35897e-08  2.46143e-08  2.57503e-08  2.69866e-08  2.83126e-08  2.97155e-08
  3.11798e-08  3.26857e-08  3.42084e-08  3.57156e-08  3.71611e-08  3.84855e-08
  3.96209e-08  4.04929e-08  4.10236e-08  4.11361e-08  4.07616e-08  3.98477e-08

  1.99006e-08  1.99017e-08  1.99031e-08  1.99049e-08  1.99072e-08  1.99101e-08
  1.99137e-08  1.99182e-08  1.99239e-08  1.99311e-08  1.99402e-08  1.99516e-08
  1.99659e-08  1.99840e-08  2.00068e-08  2.00355e-08  2.00717e-08  2.01174e-08
  2.01749e-08  2.02476e-08  2.03394e-08  2.04556e-08  2.06029e-08  2.07898e-08
  2.10265e-08  2.13274e-08  2.17072e-08  2.21745e-08  2.27369e-08  2.34086e-08
  2.42102e-08  2.51509e-08  2.62185e-08  2.73969e-08  2.86721e-08  3.00294e-08
  3.14513e-08  3.29163e-08  3.43976e-08  3.58623e-08  3.72691e-08  3.85623e-08
  3.96728e-08  4.05251e-08  4.10404e-08  4.11412e-08  4.07584e-08  3.98391e-08

  2.12880e-08  2.12890e-08  2.12902e-08  2.12917e-08  2.12936e-08  2.12960e-08
  2.12990e-08  2.13028e-08  2.13075e-08  2.13135e-08  2.13211e-08  2.13306e-08
  2.13426e-08  2.13577e-08  2.13767e-08  2.14007e-08  2.14309e-08  2.14689e-08
  2.15169e-08  2.15774e-08  2.16537e-08  2.17502e-08  2.18722e-08  2.20269e-08
  2.22231e-08  2.24716e-08  2.27872e-08  2.31855e-08  2.36751e-08  2.42634e-08
  2.49648e-08  2.58001e-08  2.67776e-08  2.78825e-08  2.90952e-08  3.03976e-08
  3.17702e-08  3.31894e-08  3.46268e-08  3.60472e-08  3.74089e-08  3.86613e-08
  3.97394e-08  4.05663e-08  4.10619e-08  4.11480e-08  4.07546e-08  3.98283e-08

  2.27562e-08  2.27570e-08  2.27580e-08  2.27592e-08  2.27608e-08  2.27628e-08
  2.27653e-08  2.27684e-08  2.27724e-08  2.27774e-08  2.27837e-08  2.27916e-08
  2.28015e-08  2.28141e-08  2.28299e-08  2.28498e-08  2.28748e-08  2.29064e-08
  2.29462e-08  2.29963e-08  2.30596e-08  2.31394e-08  2.32403e-08  2.33678e-08
  2.35295e-08  2.37344e-08  2.39939e-08  2.43234e-08  2.47390e-08  2.52491e-08
  2.58610e-08  2.65888e-08  2.74533e-08  2.84613e-08  2.95947e-08  3.08296e-08
  3.21428e-08  3.35087e-08  3.48969e-08  3.62703e-08  3.75850e-08  3.87899e-08
  3.98256e-08  4.06193e-08  4.10897e-08  4.11569e-08  4.07501e-08  3.98150e-08

  2.43069e-08  2.43075e-08  2.43084e-08  2.43094e-08  2.43107e-08  2.43123e-08
  2.43144e-08  2.43170e-08  2.43203e-08  2.43244e-08  2.43295e-08  2.43361e-08
  2.43443e-08  2.43546e-08  2.43677e-08  2.43841e-08  2.44047e-08  2.44307e-08
  2.44635e-08  2.45049e-08  2.45569e-08  2.46226e-08  2.47055e-08  2.48102e-08
  2.49426e-08  2.51104e-08  2.53230e-08  2.55922e-08  2.59339e-08  2.63645e-08
  2.68923e-08  2.75239e-08  2.82729e-08  2.91595e-08  3.01887e-08  3.13380e-08
  3.25782e-08  3.38801e-08  3.52108e-08  3.65316e-08  3.77965e-08  3.89521e-08
  3.99384e-08  4.06888e-08  4.11260e-08  4.11689e-08  4.07449e-08  3.97986e-08

  2.59404e-08  2.59410e-08  2.59416e-08  2.59425e-08  2.59435e-08  2.59449e-08
  2.59466e-08  2.59487e-08  2.59513e-08  2.59547e-08  2.59589e-08  2.59643e-08
  2.59710e-08  2.59794e-08  2.59901e-08  2.60035e-08  2.60204e-08  2.60416e-08
  2.60684e-08  2.61021e-08  2.61446e-08  2.61982e-08  2.62658e-08  2.63511e-08
  2.64588e-08  2.65949e-08  2.67675e-08  2.69861e-08  2.72628e-08  2.76139e-08
  2.80560e-08  2.85970e-08  2.92423e-08  3.00048e-08  3.09034e-08  3.19405e-08
  3.30884e-08  3.43115e-08  3.55733e-08  3.68327e-08  3.80418e-08  3.91453e-08
  4.00807e-08  4.07807e-08  4.11746e-08  4.11855e-08  4.07393e-08  3.97785e-08

  2.76550e-08  2.76554e-08  2.76559e-08  2.76566e-08  2.76575e-08  2.76586e-08
  2.76599e-08  2.76616e-08  2.76638e-08  2.76665e-08  2.76699e-08  2.76742e-08
  2.76796e-08  2.76864e-08  2.76950e-08  2.77058e-08  2.77194e-08  2.77366e-08
  2.77582e-08  2.77854e-08  2.78196e-08  2.78628e-08  2.79173e-08  2.79859e-08
  2.80725e-08  2.81819e-08  2.83202e-08  2.84954e-08  2.87175e-08  2.89984e-08
  2.93548e-08  2.98033e-08  3.03508e-08  3.10015e-08  3.17665e-08  3.26633e-08
  3.36904e-08  3.48140e-08  3.59912e-08  3.71769e-08  3.83211e-08  3.93663e-08
  4.02482e-08  4.08967e-08  4.12405e-08  4.12095e-08  4.07339e-08  3.97543e-08

  2.94456e-08  2.94460e-08  2.94464e-08  2.94469e-08  2.94476e-08  2.94485e-08
  2.94495e-08  2.94509e-08  2.94526e-08  2.94548e-08  2.94575e-08  2.94609e-08
  2.94652e-08  2.94706e-08  2.94774e-08  2.94859e-08  2.94967e-08  2.95103e-08
  2.95274e-08  2.95490e-08  2.95761e-08  2.96103e-08  2.96534e-08  2.97077e-08
  2.97762e-08  2.98627e-08  2.99719e-08  3.01099e-08  3.02850e-08  3.05067e-08
  3.07874e-08  3.11432e-08  3.15909e-08  3.21358e-08  3.27803e-08  3.35332e-08
  3.44095e-08  3.54034e-08  3.64739e-08  3.75694e-08  3.86357e-08  3.96132e-08
  4.04355e-08  4.10305e-08  4.13240e-08  4.12450e-08  4.07305e-08  3.97256e-08

  3.13033e-08  3.13036e-08  3.13039e-08  3.13044e-08  3.13049e-08  3.13055e-08
  3.13064e-08  3.13074e-08  3.13087e-08  3.13104e-08  3.13125e-08  3.13151e-08
  3.13185e-08  3.13226e-08  3.13279e-08  3.13345e-08  3.13428e-08  3.13533e-08
  3.13666e-08  3.13832e-08  3.14042e-08  3.14306e-08  3.14639e-08  3.15059e-08
  3.15588e-08  3.16255e-08  3.17097e-08  3.18161e-08  3.19507e-08  3.21215e-08
  3.23379e-08  3.26119e-08  3.29595e-08  3.33965e-08  3.39267e-08  3.45496e-08
  3.52715e-08  3.61037e-08  3.70354e-08  3.80172e-08  3.89882e-08  3.98848e-08
  4.06381e-08  4.11742e-08  4.14163e-08  4.12902e-08  4.07319e-08  3.96933e-08

  3.32135e-08  3.32137e-08  3.32140e-08  3.32143e-08  3.32147e-08  3.32152e-08
  3.32158e-08  3.32166e-08  3.32175e-08  3.32188e-08  3.32203e-08  3.32223e-08
  3.32248e-08  3.32279e-08  3.32318e-08  3.32367e-08  3.32430e-08  3.32508e-08
  3.32606e-08  3.32730e-08  3.32887e-08  3.33084e-08  3.33332e-08  3.33644e-08
  3.34039e-08  3.34536e-08  3.35163e-08  3.35955e-08  3.36957e-08  3.38226e-08
  3.39836e-08  3.41881e-08  3.44471e-08  3.47761e-08  3.51898e-08  3.56896e-08
  3.62716e-08  3.69384e-08  3.76976e-08  3.85318e-08  3.93831e-08  4.01808e-08
  4.08520e-08  4.13202e-08  4.15064e-08  4.13339e-08  4.07346e-08  3.96589e-08

  3.51543e-08  3.51545e-08  3.51547e-08  3.51549e-08  3.51552e-08  3.51555e-08
  3.51559e-08  3.51565e-08  3.51572e-08  3.51581e-08  3.51592e-08  3.51605e-08
  3.51623e-08  3.51645e-08  3.51672e-08  3.51707e-08  3.51751e-08  3.51806e-08
  3.51875e-08  3.51963e-08  3.52073e-08  3.52212e-08  3.52386e-08  3.52607e-08
  3.52885e-08  3.53235e-08  3.53678e-08  3.54236e-08  3.54943e-08  3.55837e-08
  3.56972e-08  3.58417e-08  3.60256e-08  3.62591e-08  3.65565e-08  3.69309e-08
  3.73807e-08  3.78979e-08  3.84808e-08  3.91323e-08  3.98284e-08  4.05020e-08
  4.10729e-08  4.14606e-08  4.15834e-08  4.13617e-08  4.07244e-08  3.96170e-08

  3.70950e-08  3.70951e-08  3.70952e-08  3.70953e-08  3.70955e-08  3.70957e-08
  3.70960e-08  3.70963e-08  3.70968e-08  3.70973e-08  3.70980e-08  3.70989e-08
  3.71000e-08  3.71014e-08  3.71032e-08  3.71054e-08  3.71082e-08  3.71117e-08
  3.71162e-08  3.71218e-08  3.71288e-08  3.71377e-08  3.71488e-08  3.71630e-08
  3.71807e-08  3.72032e-08  3.72316e-08  3.72674e-08  3.73128e-08  3.73704e-08
  3.74435e-08  3.75366e-08  3.76559e-08  3.78085e-08  3.80034e-08  3.82533e-08
  3.85691e-08  3.89454e-08  3.93696e-08  3.98350e-08  4.03394e-08  4.08524e-08
  4.12977e-08  4.15874e-08  4.16353e-08  4.13588e-08  4.06834e-08  3.95502e-08

  3.89933e-08  3.89934e-08  3.89934e-08  3.89935e-08  3.89936e-08  3.89937e-08
  3.89939e-08  3.89940e-08  3.89943e-08  3.89946e-08  3.89949e-08  3.89954e-08
  3.89960e-08  3.89967e-08  3.89976e-08  3.89987e-08  3.90002e-08  3.90020e-08
  3.90043e-08  3.90072e-08  3.90109e-08  3.90155e-08  3.90213e-08  3.90287e-08
  3.90380e-08  3.90497e-08  3.90646e-08  3.90834e-08  3.91074e-08  3.91379e-08
  3.91768e-08  3.92268e-08  3.92912e-08  3.93748e-08  3.94835e-08  3.96242e-08
  3.98077e-08  4.00422e-08  4.03179e-08  4.06172e-08  4.09279e-08  4.12429e-08
  4.15256e-08  4.16923e-08  4.16493e-08  4.13089e-08  4.05925e-08  3.94371e-08

  4.07942e-08  4.07942e-08  4.07942e-08  4.07942e-08  4.07943e-08  4.07943e-08
  4.07943e-08  4.07944e-08  4.07944e-08  4.07945e-08  4.07945e-08  4.07946e-08
  4.07948e-08  4.07949e-08  4.07951e-08  4.07954e-08  4.07957e-08  4.07961e-08
  4.07966e-08  4.07973e-08  4.07981e-08  4.07992e-08  4.08005e-08  4.08022e-08
  4.08044e-08  4.08071e-08  4.08107e-08  4.08153e-08  4.08214e-08  4.08293e-08
  4.08397e-08  4.08536e-08  4.08724e-08  4.08983e-08  4.09342e-08  4.09843e-08
  4.10531e-08  4.11490e-08  4.12770e-08  4.14226e-08  4.15625e-08  4.16796e-08
  4.17623e-08  4.17694e-08  4.16120e-08  4.11940e-08  4.04310e-08  3.92546e-08

  4.24273e-08  4.24273e-08  4.24273e-08  4.24272e-08  4.24272e-08  4.24272e-08
  4.24271e-08  4.24270e-08  4.24269e-08  4.24268e-08  4.24267e-08  4.24265e-08
  4.24262e-08  4.24259e-08  4.24256e-08  4.24251e-08  4.24245e-08  4.24237e-08
  4.24228e-08  4.24216e-08  4.24201e-08  4.24183e-08  4.24159e-08  4.24130e-08
  4.24094e-08  4.24048e-08  4.23992e-08  4.23922e-08  4.23836e-08  4.23730e-08
  4.23602e-08  4.23448e-08  4.23265e-08  4.23054e-08  4.22818e-08  4.22569e-08
  4.22323e-08  4.22101e-08  4.21958e-08  4.21908e-08  4.21760e-08  4.21223e-08
  4.20082e-08  4.18194e-08  4.15121e-08  4.09956e-08  4.01759e-08  3.89772e-08

  4.38064e-08  4.38064e-08  4.38063e-08  4.38062e-08  4.38062e-08  4.38061e-08
  4.38059e-08  4.38058e-08  4.38055e-08  4.38053e-08  4.38050e-08  4.38045e-08
  4.38040e-08  4.38034e-08  4.38025e-08  4.38015e-08  4.38002e-08  4.37985e-08
  4.37964e-08  4.37938e-08  4.37905e-08  4.37864e-08  4.37812e-08  4.37747e-08
  4.37665e-08  4.37562e-08  4.37433e-08  4.37273e-08  4.37072e-08  4.36822e-08
  4.36511e-08  4.36127e-08  4.35654e-08  4.35074e-08  4.34372e-08  4.33530e-08
  4.32536e-08  4.31382e-08  4.30059e-08  4.28590e-08  4.26957e-08  4.24919e-08
  4.22138e-08  4.18366e-08  4.13453e-08  4.06973e-08  3.98036e-08  3.85775e-08

  4.48295e-08  4.48294e-08  4.48294e-08  4.48293e-08  4.48292e-08  4.48290e-08
  4.48288e-08  4.48286e-08  4.48283e-08  4.48279e-08  4.48275e-08  4.48269e-08
  4.48262e-08  4.48252e-08  4.48241e-08  4.48226e-08  4.48208e-08  4.48185e-08
  4.48155e-08  4.48119e-08  4.48073e-08  4.48015e-08  4.47942e-08  4.47850e-08
  4.47735e-08  4.47591e-08  4.47409e-08  4.47182e-08  4.46897e-08  4.46541e-08
  4.46097e-08  4.45544e-08  4.44857e-08  4.44007e-08  4.42960e-08  4.41680e-08
  4.40127e-08  4.38265e-08  4.36054e-08  4.33458e-08  4.30470e-08  4.27039e-08
  4.22884e-08  4.17629e-08  4.11011e-08  4.02907e-08  3.92937e-08  3.80276e-08

  4.53816e-08  4.53816e-08  4.53815e-08  4.53814e-08  4.53812e-08  4.53811e-08
  4.53809e-08  4.53806e-08  4.53802e-08  4.53798e-08  4.53793e-08  4.53786e-08
  4.53777e-08  4.53766e-08  4.53752e-08  4.53735e-08  4.53713e-08  4.53686e-08
  4.53652e-08  4.53608e-08  4.53554e-08  4.53485e-08  4.53399e-08  4.53290e-08
  4.53154e-08  4.52982e-08  4.52767e-08  4.52497e-08  4.52159e-08  4.51734e-08
  4.51203e-08  4.50540e-08  4.49714e-08  4.48686e-08  4.47413e-08  4.45843e-08
  4.43917e-08  4.41572e-08  4.38745e-08  4.35369e-08  4.31376e-08  4.26736e-08
  4.21373e-08  4.14975e-08  4.07140e-08  3.97620e-08  3.86350e-08  3.73039e-08

  4.53408e-08  4.53407e-08  4.53407e-08  4.53405e-08  4.53404e-08  4.53402e-08
  4.53400e-08  4.53397e-08  4.53393e-08  4.53388e-08  4.53383e-08  4.53375e-08
  4.53366e-08  4.53354e-08  4.53340e-08  4.53321e-08  4.53298e-08  4.53268e-08
  4.53231e-08  4.53185e-08  4.53127e-08  4.53053e-08  4.52961e-08  4.52844e-08
  4.52698e-08  4.52514e-08  4.52283e-08  4.51993e-08  4.51628e-08  4.51172e-08
  4.50599e-08  4.49883e-08  4.48989e-08  4.47873e-08  4.46486e-08  4.44767e-08
  4.42644e-08  4.40039e-08  4.36865e-08  4.33031e-08  4.28446e-08  4.23015e-08
  4.16690e-08  4.09380e-08  4.00754e-08  3.90408e-08  3.78130e-08  3.63952e-08

he0 + he++ -> he++ + he0
  8.62544e-10  9.08442e-10  9.66551e-10  1.02793e-09  1.09675e-09  1.17324e-09
  1.25779e-09  1.34980e-09  1.45256e-09  1.56547e-09  1.68939e-09  1.82647e-09
  1.97546e-09  2.13810e-09  2.31511e-09  2.50721e-09  2.71507e-09  2.93926e-09
  3.18027e-09  3.43847e-09  3.71409e-09  4.00723e-09  4.31786e-09  4.64588e-09
  4.99108e-09  5.35324e-09  5.73215e-09  6.12767e-09  6.53972e-09  6.96831e-09
  7.41347e-09  7.87518e-09  8.35313e-09  8.84641e-09  9.35309e-09  9.86954e-09
  1.03897e-08  1.09041e-08  1.13988e-08  1.18547e-08  1.22467e-08  1.25446e-08
  1.27137e-08  1.27189e-08  1.25283e-08  1.21198e-08  1.14858e-08  1.06370e-08

  8.98823e-10  9.41337e-10  9.95274e-10  1.05347e-09  1.11963e-09  1.19383e-09
  1.27637e-09  1.36771e-09  1.46849e-09  1.57843e-09  1.70076e-09  1.83508e-09
  1.98370e-09  2.14509e-09  2.32107e-09  2.51230e-09  2.71941e-09  2.94296e-09
  3.18343e-09  3.44116e-09  3.71637e-09  4.00916e-09  4.31949e-09  4.64725e-09
  4.99223e-09  5.35420e-09  5.73295e-09  6.12834e-09  6.54027e-09  6.96877e-09
  7.41385e-09  7.87550e-09  8.35339e-09  8.84662e-09  9.35326e-09  9.86968e-09
  1.03898e-08  1.09042e-08  1.13988e-08  1.18547e-08  1.22468e-08  1.25446e-08
  1.27137e-08  1.27189e-08  1.25283e-08  1.21198e-08  1.14858e-08  1.06369e-08

  9.46118e-10  9.80300e-10  1.02605e-09  1.08432e-09  1.14710e-09  1.21849e-09
  1.29862e-09  1.38781e-09  1.48660e-09  1.59571e-09  1.71600e-09  1.84737e-09
  1.99416e-09  2.15397e-09  2.32861e-09  2.51871e-09  2.72488e-09  2.94763e-09
  3.18740e-09  3.44454e-09  3.71924e-09  4.01159e-09  4.32154e-09  4.64898e-09
  4.99368e-09  5.35541e-09  5.73397e-09  6.12918e-09  6.54097e-09  6.96935e-09
  7.41433e-09  7.87589e-09  8.35371e-09  8.84688e-09  9.35347e-09  9.86985e-09
  1.03899e-08  1.09043e-08  1.13989e-08  1.18548e-08  1.22468e-08  1.25446e-08
  1.27138e-08  1.27189e-08  1.25283e-08  1.21198e-08  1.14858e-08  1.06369e-08

  9.97194e-10  1.03132e-09  1.07247e-09  1.12182e-09  1.18029e-09  1.24810e-09
  1.32524e-09  1.41186e-09  1.50836e-09  1.61533e-09  1.73353e-09  1.86390e-09
  2.00745e-09  2.16526e-09  2.33817e-09  2.52683e-09  2.73179e-09  2.95351e-09
  3.19241e-09  3.44879e-09  3.72285e-09  4.01464e-09  4.32413e-09  4.65115e-09
  4.99550e-09  5.35694e-09  5.73524e-09  6.13024e-09  6.54186e-09  6.97008e-09
  7.41493e-09  7.87639e-09  8.35411e-09  8.84722e-09  9.35374e-09  9.87006e-09
  1.03901e-08  1.09044e-08  1.13990e-08  1.18548e-08  1.22468e-08  1.25446e-08
  1.27138e-08  1.27189e-08  1.25283e-08  1.21198e-08  1.14857e-08  1.06369e-08

  1.05603e-09  1.08627e-09  1.12304e-09  1.16740e-09  1.22067e-09  1.28387e-09
  1.35720e-09  1.44064e-09  1.53439e-09  1.63888e-09  1.75477e-09  1.88288e-09
  2.02414e-09  2.17961e-09  2.35034e-09  2.53713e-09  2.74052e-09  2.96094e-09
  3.19873e-09  3.45416e-09  3.72740e-09  4.01850e-09  4.32738e-09  4.65389e-09
  4.99780e-09  5.35886e-09  5.73685e-09  6.13158e-09  6.54296e-09  6.97099e-09
  7.41569e-09  7.87701e-09  8.35463e-09  8.84763e-09  9.35407e-09  9.87033e-09
  1.03903e-08  1.09045e-08  1.13991e-08  1.18549e-08  1.22469e-08  1.25447e-08
  1.27138e-08  1.27189e-08  1.25283e-08  1.21198e-08  1.14857e-08  1.06369e-08

  1.12318e-09  1.14957e-09  1.18223e-09  1.22193e-09  1.26983e-09  1.32742e-09
  1.39581e-09  1.47519e-09  1.56554e-09  1.66707e-09  1.78028e-09  1.90587e-09
  2.04467e-09  2.19764e-09  2.36582e-09  2.55023e-09  2.75160e-09  2.97032e-09
  3.20670e-09  3.46093e-09  3.73314e-09  4.02335e-09  4.33147e-09  4.65733e-09
  5.00069e-09  5.36128e-09  5.73887e-09  6.13326e-09  6.54436e-09  6.97215e-09
  7.41665e-09  7.87779e-09  8.35527e-09  8.84816e-09  9.35450e-09  9.87067e-09
  1.03906e-08  1.09048e-08  1.13993e-08  1.18550e-08  1.22470e-08  1.25447e-08
  1.27138e-08  1.27189e-08  1.25283e-08  1.21197e-08  1.14857e-08  1.06369e-08

  1.19918e-09  1.22186e-09  1.25043e-09  1.28577e-09  1.32870e-09  1.38051e-09
  1.44286e-09  1.51694e-09  1.60293e-09  1.70081e-09  1.81081e-09  1.93349e-09
  2.06955e-09  2.21983e-09  2.38528e-09  2.56691e-09  2.76568e-09  2.98221e-09
  3.21676e-09  3.46946e-09  3.74037e-09  4.02946e-09  4.33663e-09  4.66168e-09
  5.00434e-09  5.36433e-09  5.74141e-09  6.13538e-09  6.54612e-09  6.97361e-09
  7.41785e-09  7.87878e-09  8.35608e-09  8.84882e-09  9.35503e-09  9.87109e-09
  1.03909e-08  1.09050e-08  1.13995e-08  1.18552e-08  1.22471e-08  1.25448e-08
  1.27138e-08  1.27189e-08  1.25283e-08  1.21197e-08  1.14856e-08  1.06368e-08

  1.28439e-09  1.30378e-09  1.32837e-09  1.35935e-09  1.39765e-09  1.44416e-09
  1.50028e-09  1.56783e-09  1.64813e-09  1.74132e-09  1.84737e-09  1.96655e-09
  2.09943e-09  2.24671e-09  2.40923e-09  2.58788e-09  2.78362e-09  2.99733e-09
  3.22951e-09  3.48023e-09  3.74948e-09  4.03717e-09  4.34313e-09  4.66714e-09
  5.00892e-09  5.36817e-09  5.74462e-09  6.13805e-09  6.54834e-09  6.97544e-09
  7.41936e-09  7.88003e-09  8.35710e-09  8.84965e-09  9.35570e-09  9.87163e-09
  1.03913e-08  1.09053e-08  1.13997e-08  1.18553e-08  1.22472e-08  1.25448e-08
  1.27138e-08  1.27188e-08  1.25282e-08  1.21197e-08  1.14856e-08  1.06368e-08

  1.37909e-09  1.39574e-09  1.41682e-09  1.44352e-09  1.47716e-09  1.51872e-09
  1.56916e-09  1.62999e-09  1.70323e-09  1.79029e-09  1.89128e-09  2.00616e-09
  2.13521e-09  2.27901e-09  2.43825e-09  2.61369e-09  2.80618e-09  3.01659e-09
  3.24571e-09  3.49387e-09  3.76099e-09  4.04688e-09  4.35132e-09  4.67403e-09
  5.01470e-09  5.37301e-09  5.74866e-09  6.14141e-09  6.55113e-09  6.97775e-09
  7.42127e-09  7.88160e-09  8.35838e-09  8.85069e-09  9.35655e-09  9.87231e-09
  1.03919e-08  1.09057e-08  1.14000e-08  1.18555e-08  1.22473e-08  1.25449e-08
  1.27139e-08  1.27188e-08  1.25282e-08  1.21196e-08  1.14855e-08  1.06367e-08

  1.48377e-09  1.49810e-09  1.51624e-09  1.53917e-09  1.56820e-09  1.60475e-09
  1.64988e-09  1.70461e-09  1.77059e-09  1.85000e-09  1.94436e-09  2.05375e-09
  2.17811e-09  2.31771e-09  2.47311e-09  2.64496e-09  2.83395e-09  3.04082e-09
  3.26634e-09  3.51119e-09  3.77554e-09  4.05914e-09  4.36164e-09  4.68271e-09
  5.02199e-09  5.37911e-09  5.75374e-09  6.14564e-09  6.55464e-09  6.98066e-09
  7.42367e-09  7.88357e-09  8.36000e-09  8.85201e-09  9.35761e-09  9.87316e-09
  1.03925e-08  1.09063e-08  1.14004e-08  1.18558e-08  1.22475e-08  1.25450e-08
  1.27139e-08  1.27188e-08  1.25281e-08  1.21195e-08  1.14854e-08  1.06366e-08

  1.59906e-09  1.61142e-09  1.62705e-09  1.64680e-09  1.67176e-09  1.70333e-09
  1.74306e-09  1.79206e-09  1.85146e-09  1.92301e-09  2.00908e-09  2.11128e-09
  2.22966e-09  2.36411e-09  2.51490e-09  2.68253e-09  2.86757e-09  3.07062e-09
  3.29229e-09  3.53324e-09  3.79401e-09  4.07463e-09  4.37466e-09  4.69365e-09
  5.03116e-09  5.38678e-09  5.76015e-09  6.15098e-09  6.55907e-09  6.98433e-09
  7.42670e-09  7.88606e-09  8.36204e-09  8.85367e-09  9.35895e-09  9.87423e-09
  1.03934e-08  1.09069e-08  1.14009e-08  1.18562e-08  1.22477e-08  1.25451e-08
  1.27139e-08  1.27188e-08  1.25281e-08  1.21195e-08  1.14853e-08  1.06365e-08

  1.72571e-09  1.73640e-09  1.74988e-09  1.76691e-09  1.78842e-09  1.81557e-09
  1.84990e-09  1.89305e-09  1.94624e-09  2.01066e-09  2.08821e-09  2.18142e-09
  2.29198e-09  2.41990e-09  2.56503e-09  2.72758e-09  2.90797e-09  3.10669e-09
  3.32420e-09  3.56097e-09  3.81753e-09  4.09429e-09  4.39112e-09  4.70745e-09
  5.04273e-09  5.39646e-09  5.76823e-09  6.15770e-09  6.56465e-09  6.98895e-09
  7.43051e-09  7.88920e-09  8.36461e-09  8.85576e-09  9.36064e-09  9.87558e-09
  1.03945e-08  1.09077e-08  1.14015e-08  1.18566e-08  1.22480e-08  1.25453e-08
  1.27140e-08  1.27188e-08  1.25280e-08  1.21193e-08  1.14852e-08  1.06364e-08

  1.86462e-09  1.87385e-09  1.88549e-09  1.90017e-09  1.91871e-09  1.94211e-09
  1.97162e-09  2.00889e-09  2.05572e-09  2.11338e-09  2.18318e-09  2.26712e-09
  2.36791e-09  2.48731e-09  2.62529e-09  2.78161e-09  2.95642e-09  3.15004e-09
  3.36281e-09  3.59505e-09  3.84709e-09  4.11930e-09  4.41199e-09  4.72489e-09
  5.05732e-09  5.40866e-09  5.77840e-09  6.16617e-09  6.57168e-09  6.99477e-09
  7.43532e-09  7.89315e-09  8.36785e-09  8.85840e-09  9.36277e-09  9.87729e-09
  1.03958e-08  1.09088e-08  1.14023e-08  1.18571e-08  1.22484e-08  1.25455e-08
  1.27141e-08  1.27187e-08  1.25279e-08  1.21192e-08  1.14851e-08  1.06363e-08

  2.01675e-09  2.02472e-09  2.03475e-09  2.04740e-09  2.06335e-09  2.08348e-09
  2.10889e-09  2.14091e-09  2.18131e-09  2.23203e-09  2.29444e-09  2.36993e-09
  2.46063e-09  2.56940e-09  2.69809e-09  2.84658e-09  3.01454e-09  3.20202e-09
  3.40920e-09  3.63627e-09  3.88339e-09  4.15073e-09  4.43853e-09  4.74699e-09
  5.07574e-09  5.42404e-09  5.79123e-09  6.17685e-09  6.58055e-09  7.00211e-09
  7.44137e-09  7.89813e-09  8.37193e-09  8.86172e-09  9.36546e-09  9.87943e-09
  1.03975e-08  1.09101e-08  1.14032e-08  1.18578e-08  1.22488e-08  1.25457e-08
  1.27141e-08  1.27187e-08  1.25278e-08  1.21190e-08  1.14849e-08  1.06361e-08

  2.18310e-09  2.18996e-09  2.19860e-09  2.20947e-09  2.22318e-09  2.24046e-09
  2.26227e-09  2.28977e-09  2.32443e-09  2.36812e-09  2.42293e-09  2.49033e-09
  2.57179e-09  2.66957e-09  2.78668e-09  2.92502e-09  3.08439e-09  3.26434e-09
  3.46480e-09  3.68577e-09  3.92728e-09  4.18930e-09  4.47187e-09  4.77509e-09
  5.09910e-09  5.44347e-09  5.80742e-09  6.19032e-09  6.59173e-09  7.01136e-09
  7.44901e-09  7.90442e-09  8.37707e-09  8.86591e-09  9.36884e-09  9.88214e-09
  1.03996e-08  1.09117e-08  1.14045e-08  1.18587e-08  1.22494e-08  1.25460e-08
  1.27143e-08  1.27187e-08  1.25276e-08  1.21188e-08  1.14846e-08  1.06358e-08

  2.36471e-09  2.37058e-09  2.37799e-09  2.38731e-09  2.39905e-09  2.41385e-09
  2.43251e-09  2.45605e-09  2.48573e-09  2.52312e-09  2.57023e-09  2.62929e-09
  2.70187e-09  2.78953e-09  2.89466e-09  3.02039e-09  3.16868e-09  3.33923e-09
  3.53144e-09  3.74506e-09  3.97994e-09  4.23589e-09  4.51274e-09  4.81036e-09
  5.12879e-09  5.46810e-09  5.82787e-09  6.20731e-09  6.60583e-09  7.02304e-09
  7.45865e-09  7.91234e-09  8.38356e-09  8.87119e-09  9.37311e-09  9.88554e-09
  1.04023e-08  1.09138e-08  1.14060e-08  1.18598e-08  1.22501e-08  1.25464e-08
  1.27144e-08  1.27186e-08  1.25274e-08  1.21185e-08  1.14843e-08  1.06355e-08

  2.56253e-09  2.56755e-09  2.57387e-09  2.58182e-09  2.59184e-09  2.60447e-09
  2.62038e-09  2.64044e-09  2.66574e-09  2.69766e-09  2.73784e-09  2.78847e-09
  2.85190e-09  2.92981e-09  3.02385e-09  3.13652e-09  3.27108e-09  3.42954e-09
  3.61146e-09  3.81608e-09  4.04297e-09  4.29175e-09  4.56207e-09  4.85357e-09
  5.16602e-09  5.49940e-09  5.85379e-09  6.22879e-09  6.62364e-09  7.03778e-09
  7.47081e-09  7.92234e-09  8.39174e-09  8.87785e-09  9.37849e-09  9.88984e-09
  1.04057e-08  1.09164e-08  1.14079e-08  1.18611e-08  1.22510e-08  1.25469e-08
  1.27146e-08  1.27185e-08  1.25272e-08  1.21182e-08  1.14839e-08  1.06351e-08

  2.77749e-09  2.78175e-09  2.78711e-09  2.79387e-09  2.80238e-09  2.81310e-09
  2.82660e-09  2.84362e-09  2.86509e-09  2.89218e-09  2.92634e-09  2.96936e-09
  3.02355e-09  3.09141e-09  3.17475e-09  3.27528e-09  3.39561e-09  3.53913e-09
  3.70788e-09  3.90129e-09  4.11840e-09  4.35854e-09  4.62115e-09  4.90566e-09
  5.21159e-09  5.53862e-09  5.88672e-09  6.25602e-09  6.64616e-09  7.05640e-09
  7.48617e-09  7.93497e-09  8.40208e-09  8.88626e-09  9.38528e-09  9.89527e-09
  1.04099e-08  1.09197e-08  1.14104e-08  1.18629e-08  1.22521e-08  1.25475e-08
  1.27148e-08  1.27184e-08  1.25269e-08  1.21177e-08  1.14834e-08  1.06347e-08

  3.01037e-09  3.01397e-09  3.01850e-09  3.02420e-09  3.03139e-09  3.04044e-09
  3.05184e-09  3.06621e-09  3.08433e-09  3.10718e-09  3.13604e-09  3.17244e-09
  3.21828e-09  3.27604e-09  3.34837e-09  3.43715e-09  3.54421e-09  3.67225e-09
  3.82479e-09  4.00388e-09  4.20881e-09  4.43838e-09  4.69170e-09  4.96797e-09
  5.26647e-09  5.58660e-09  5.92798e-09  6.29062e-09  6.67472e-09  7.07996e-09
  7.50560e-09  7.95093e-09  8.41514e-09  8.89689e-09  9.39386e-09  9.90212e-09
  1.04153e-08  1.09238e-08  1.14135e-08  1.18651e-08  1.22535e-08  1.25483e-08
  1.27151e-08  1.27183e-08  1.25265e-08  1.21172e-08  1.14828e-08  1.06341e-08

  3.26182e-09  3.26484e-09  3.26864e-09  3.27343e-09  3.27946e-09  3.28705e-09
  3.29663e-09  3.30869e-09  3.32390e-09  3.34308e-09  3.36728e-09  3.39786e-09
  3.43645e-09  3.48508e-09  3.54636e-09  3.62312e-09  3.71734e-09  3.83090e-09
  3.96662e-09  4.12815e-09  4.31756e-09  4.53396e-09  4.77590e-09  5.04226e-09
  5.33201e-09  5.64429e-09  5.97840e-09  6.33395e-09  6.71101e-09  7.10986e-09
  7.53019e-09  7.97113e-09  8.43167e-09  8.91033e-09  9.40470e-09  9.91077e-09
  1.04221e-08  1.09290e-08  1.14174e-08  1.18678e-08  1.22553e-08  1.25493e-08
  1.27154e-08  1.27182e-08  1.25260e-08  1.21165e-08  1.14820e-08  1.06333e-08

  3.53230e-09  3.53481e-09  3.53798e-09  3.54198e-09  3.54701e-09  3.55334e-09
  3.56133e-09  3.57139e-09  3.58408e-09  3.60008e-09  3.62027e-09  3.64577e-09
  3.67799e-09  3.71869e-09  3.77002e-09  3.83476e-09  3.91587e-09  4.01544e-09
  4.13543e-09  4.27873e-09  4.44917e-09  4.64881e-09  4.87659e-09  5.13079e-09
  5.41002e-09  5.71308e-09  6.03893e-09  6.38685e-09  6.75645e-09  7.14787e-09
  7.56143e-09  7.99674e-09  8.45260e-09  8.92734e-09  9.41842e-09  9.92172e-09
  1.04307e-08  1.09356e-08  1.14223e-08  1.18713e-08  1.22576e-08  1.25506e-08
  1.27159e-08  1.27180e-08  1.25254e-08  1.21156e-08  1.14810e-08  1.06323e-08

  3.82204e-09  3.82413e-09  3.82676e-09  3.83007e-09  3.83424e-09  3.83949e-09
  3.84611e-09  3.85445e-09  3.86497e-09  3.87824e-09  3.89497e-09  3.91611e-09
  3.94282e-09  3.97660e-09  4.01932e-09  4.07324e-09  4.14130e-09  4.22665e-09
  4.33145e-09  4.45773e-09  4.60849e-09  4.78769e-09  4.99746e-09  5.23650e-09
  5.50283e-09  5.79478e-09  6.11097e-09  6.45026e-09  6.81188e-09  7.19546e-09
  7.60117e-09  8.02930e-09  8.47915e-09  8.94891e-09  9.43581e-09  9.93558e-09
  1.04416e-08  1.09440e-08  1.14285e-08  1.18757e-08  1.22604e-08  1.25522e-08
  1.27164e-08  1.27178e-08  1.25246e-08  1.21145e-08  1.14798e-08  1.06311e-08

  4.13108e-09  4.13280e-09  4.13497e-09  4.13770e-09  4.14113e-09  4.14546e-09
  4.15092e-09  4.15779e-09  4.16646e-09  4.17739e-09  4.19118e-09  4.20860e-09
  4.23060e-09  4.25843e-09  4.29367e-09  4.33828e-09  4.39465e-09  4.46591e-09
  4.55535e-09  4.66524e-09  4.79764e-09  4.95568e-09  5.14350e-09  5.36326e-09
  5.61346e-09  5.89180e-09  6.19637e-09  6.52559e-09  6.87823e-09  7.25347e-09
  7.65095e-09  8.07077e-09  8.51298e-09  8.97632e-09  9.45788e-09  9.95316e-09
  1.04554e-08  1.09546e-08  1.14364e-08  1.18812e-08  1.22640e-08  1.25542e-08
  1.27171e-08  1.27175e-08  1.25236e-08  1.21131e-08  1.14782e-08  1.06296e-08

  4.45922e-09  4.46063e-09  4.46241e-09  4.46464e-09  4.46746e-09  4.47101e-09
  4.47548e-09  4.48111e-09  4.48822e-09  4.49717e-09  4.50848e-09  4.52274e-09
  4.54077e-09  4.56356e-09  4.59242e-09  4.62900e-09  4.67537e-09  4.73406e-09
  4.80835e-09  4.90173e-09  5.01655e-09  5.15491e-09  5.32006e-09  5.51634e-09
  5.74599e-09  6.00727e-09  6.29756e-09  6.61467e-09  6.95686e-09  7.32279e-09
  7.71157e-09  8.12273e-09  8.55611e-09  9.01129e-09  9.48597e-09  9.97551e-09
  1.04729e-08  1.09680e-08  1.14463e-08  1.18883e-08  1.22686e-08  1.25567e-08
  1.27180e-08  1.27172e-08  1.25224e-08  1.21114e-08  1.14763e-08  1.06277e-08

  4.80607e-09  4.80722e-09  4.80867e-09  4.81049e-09  4.81279e-09  4.81568e-09
  4.81933e-09  4.82392e-09  4.82972e-09  4.83702e-09  4.84624e-09  4.85787e-09
  4.87256e-09  4.89114e-09  4.91464e-09  4.94443e-09  4.98225e-09  5.03026e-09
  5.09113e-09  5.16832e-09  5.26550e-09  5.38509e-09  5.52924e-09  5.70134e-09
  5.90598e-09  6.14545e-09  6.41779e-09  6.72000e-09  7.04965e-09  7.40477e-09
  7.78389e-09  8.18595e-09  8.61019e-09  9.05596e-09  9.52187e-09  1.00040e-08
  1.04952e-08  1.09851e-08  1.14590e-08  1.18972e-08  1.22744e-08  1.25599e-08
  1.27192e-08  1.27168e-08  1.25209e-08  1.21092e-08  1.14738e-08  1.06253e-08

  5.17106e-09  5.17199e-09  5.17317e-09  5.17465e-09  5.17652e-09  5.17887e-09
  5.18183e-09  5.18557e-09  5.19028e-09  5.19621e-09  5.20370e-09  5.21314e-09
  5.22507e-09  5.24015e-09  5.25922e-09  5.28338e-09  5.31403e-09  5.35299e-09
  5.40254e-09  5.46547e-09  5.54544e-09  5.64630e-09  5.77055e-09  5.92037e-09
  6.09931e-09  6.31222e-09  6.56152e-09  6.84493e-09  7.15911e-09  7.50127e-09
  7.86923e-09  8.26126e-09  8.67595e-09  9.11201e-09  9.56783e-09  1.00405e-08
  1.05237e-08  1.10068e-08  1.14751e-08  1.19086e-08  1.22818e-08  1.25641e-08
  1.27207e-08  1.27162e-08  1.25190e-08  1.21064e-08  1.14707e-08  1.06223e-08

  5.55353e-09  5.55429e-09  5.55524e-09  5.55644e-09  5.55796e-09  5.55987e-09
  5.56227e-09  5.56530e-09  5.56911e-09  5.57392e-09  5.57999e-09  5.58765e-09
  5.59731e-09  5.60951e-09  5.62495e-09  5.64448e-09  5.66925e-09  5.70071e-09
  5.74076e-09  5.79177e-09  5.85668e-09  5.93935e-09  6.04383e-09  6.17267e-09
  6.32809e-09  6.51381e-09  6.73498e-09  6.99415e-09  7.28870e-09  7.61485e-09
  7.96943e-09  8.34990e-09  8.75414e-09  9.18012e-09  9.62555e-09  1.00873e-08
  1.05603e-08  1.10347e-08  1.14957e-08  1.19230e-08  1.22912e-08  1.25693e-08
  1.27226e-08  1.27156e-08  1.25166e-08  1.21029e-08  1.14668e-08  1.06185e-08

  5.95280e-09  5.95342e-09  5.95419e-09  5.95516e-09  5.95639e-09  5.95794e-09
  5.95989e-09  5.96234e-09  5.96543e-09  5.96933e-09  5.97424e-09  5.98044e-09
  5.98826e-09  5.99813e-09  6.01061e-09  6.02640e-09  6.04639e-09  6.07175e-09
  6.10400e-09  6.14511e-09  6.19756e-09  6.26443e-09  6.34978e-09  6.45786e-09
  6.59129e-09  6.75230e-09  6.94478e-09  7.17425e-09  7.44335e-09  7.74907e-09
  8.08708e-09  8.45372e-09  8.84594e-09  9.26093e-09  9.69563e-09  1.01462e-08
  1.06073e-08  1.10706e-08  1.15221e-08  1.19416e-08  1.23032e-08  1.25760e-08
  1.27251e-08  1.27149e-08  1.25136e-08  1.20986e-08  1.14619e-08  1.06137e-08

  6.36826e-09  6.36876e-09  6.36939e-09  6.37018e-09  6.37117e-09  6.37243e-09
  6.37401e-09  6.37600e-09  6.37851e-09  6.38167e-09  6.38565e-09  6.39067e-09
  6.39701e-09  6.40500e-09  6.41510e-09  6.42787e-09  6.44402e-09  6.46448e-09
  6.49046e-09  6.52353e-09  6.56572e-09  6.61963e-09  6.68848e-09  6.77654e-09
  6.88827e-09  7.02634e-09  7.19297e-09  7.39224e-09  7.63004e-09  7.90908e-09
  8.22584e-09  8.57531e-09  8.95316e-09  9.35556e-09  9.77859e-09  1.02176e-08
  1.06666e-08  1.11170e-08  1.15563e-08  1.19655e-08  1.23187e-08  1.25846e-08
  1.27283e-08  1.27140e-08  1.25098e-08  1.20931e-08  1.14558e-08  1.06077e-08

  6.79945e-09  6.79985e-09  6.80036e-09  6.80101e-09  6.80182e-09  6.80284e-09
  6.80412e-09  6.80574e-09  6.80778e-09  6.81035e-09  6.81359e-09  6.81767e-09
  6.82282e-09  6.82931e-09  6.83751e-09  6.84785e-09  6.86094e-09  6.87749e-09
  6.89848e-09  6.92513e-09  6.95906e-09  7.00241e-09  7.05785e-09  7.12876e-09
  7.21961e-09  7.33509e-09  7.47789e-09  7.65019e-09  7.85624e-09  8.10230e-09
  8.39109e-09  8.71844e-09  9.07841e-09  9.46574e-09  9.87542e-09  1.03019e-08
  1.07384e-08  1.11755e-08  1.16007e-08  1.19967e-08  1.23388e-08  1.25959e-08
  1.27325e-08  1.27130e-08  1.25052e-08  1.20863e-08  1.14480e-08  1.06002e-08

  7.24615e-09  7.24648e-09  7.24690e-09  7.24743e-09  7.24809e-09  7.24892e-09
  7.24997e-09  7.25129e-09  7.25296e-09  7.25506e-09  7.25770e-09  7.26103e-09
  7.26523e-09  7.27052e-09  7.27719e-09  7.28562e-09  7.29626e-09  7.30971e-09
  7.32673e-09  7.34830e-09  7.37570e-09  7.41059e-09  7.45519e-09  7.51227e-09
  7.58533e-09  7.67909e-09  7.79843e-09  7.94601e-09  8.12396e-09  8.33666e-09
  8.59069e-09  8.88866e-09  9.22548e-09  9.59405e-09  9.98777e-09  1.03999e-08
  1.08227e-08  1.12461e-08  1.16568e-08  1.20374e-08  1.23653e-08  1.26106e-08
  1.27383e-08  1.27120e-08  1.24995e-08  1.20778e-08  1.14383e-08  1.05907e-08

  7.70846e-09  7.70873e-09  7.70908e-09  7.70951e-09  7.71005e-09  7.71074e-09
  7.71160e-09  7.71268e-09  7.71405e-09  7.71576e-09  7.71793e-09  7.72066e-09
  7.72410e-09  7.72843e-09  7.73389e-09  7.74078e-09  7.74948e-09  7.76045e-09
  7.77432e-09  7.79187e-09  7.81411e-09  7.84235e-09  7.87830e-09  7.92426e-09
  7.98309e-09  8.05840e-09  8.15513e-09  8.27837e-09  8.43070e-09  8.61409e-09
  8.83301e-09  9.09423e-09  9.40009e-09  9.74429e-09  1.01181e-08  1.05131e-08
  1.09203e-08  1.13287e-08  1.17242e-08  1.20890e-08  1.24002e-08  1.26305e-08
  1.27461e-08  1.27110e-08  1.24925e-08  1.20671e-08  1.14262e-08  1.05788e-08

  8.18678e-09  8.18701e-09  8.18729e-09  8.18764e-09  8.18809e-09  8.18865e-09
  8.18936e-09  8.19025e-09  8.19138e-09  8.19279e-09  8.19457e-09  8.19682e-09
  8.19964e-09  8.20320e-09  8.20769e-09  8.21335e-09  8.22048e-09  8.22948e-09
  8.24083e-09  8.25517e-09  8.27331e-09  8.29628e-09  8.32543e-09  8.36253e-09
  8.40991e-09  8.47054e-09  8.54813e-09  8.64780e-09  8.77480e-09  8.93156e-09
  9.11981e-09  9.34397e-09  9.61086e-09  9.92223e-09  1.02701e-08  1.06438e-08
  1.10322e-08  1.14234e-08  1.18024e-08  1.21506e-08  1.24447e-08  1.26573e-08
  1.27573e-08  1.27105e-08  1.24840e-08  1.20540e-08  1.14110e-08  1.05639e-08

  8.68177e-09  8.68195e-09  8.68218e-09  8.68247e-09  8.68284e-09  8.68331e-09
  8.68389e-09  8.68463e-09  8.68555e-09  8.68672e-09  8.68818e-09  8.69003e-09
  8.69236e-09  8.69529e-09  8.69898e-09  8.70363e-09  8.70950e-09  8.71689e-09
  8.72620e-09  8.73796e-09  8.75280e-09  8.77155e-09  8.79527e-09  8.82535e-09
  8.86359e-09  8.91237e-09  8.97472e-09  9.05443e-09  9.15675e-09  9.28703e-09
  9.44745e-09  9.63936e-09  9.86690e-09  1.01367e-08  1.04496e-08  1.07954e-08
  1.11606e-08  1.15312e-08  1.18911e-08  1.22211e-08  1.24972e-08  1.26916e-08
  1.27735e-08  1.27113e-08  1.24741e-08  1.20378e-08  1.13922e-08  1.05453e-08

  9.19416e-09  9.19431e-09  9.19451e-09  9.19475e-09  9.19505e-09  9.19543e-09
  9.19591e-09  9.19651e-09  9.19727e-09  9.19823e-09  9.19944e-09  9.20096e-09
  9.20287e-09  9.20528e-09  9.20831e-09  9.21212e-09  9.21693e-09  9.22299e-09
  9.23062e-09  9.24024e-09  9.25237e-09  9.26767e-09  9.28699e-09  9.31140e-09
  9.34230e-09  9.38153e-09  9.43150e-09  9.49525e-09  9.57658e-09  9.68084e-09
  9.81335e-09  9.97592e-09  1.01693e-08  1.03971e-08  1.06653e-08  1.09734e-08
  1.13084e-08  1.16535e-08  1.19906e-08  1.22995e-08  1.25559e-08  1.27313e-08
  1.27946e-08  1.27146e-08  1.24632e-08  1.20181e-08  1.13688e-08  1.05220e-08

  9.72453e-09  9.72465e-09  9.72480e-09  9.72500e-09  9.72525e-09  9.72556e-09
  9.72595e-09  9.72644e-09  9.72706e-09  9.72784e-09  9.72882e-09  9.73006e-09
  9.73162e-09  9.73358e-09  9.73604e-09  9.73915e-09  9.74306e-09  9.74799e-09
  9.75419e-09  9.76201e-09  9.77185e-09  9.78425e-09  9.79987e-09  9.81957e-09
  9.84444e-09  9.87587e-09  9.91568e-09  9.96629e-09  1.00307e-08  1.01127e-08
  1.02175e-08  1.03503e-08  1.05124e-08  1.07036e-08  1.09266e-08  1.11865e-08
  1.14807e-08  1.17927e-08  1.21017e-08  1.23855e-08  1.26189e-08  1.27734e-08
  1.28176e-08  1.27196e-08  1.24519e-08  1.19950e-08  1.13401e-08  1.04930e-08

  1.02727e-08  1.02728e-08  1.02730e-08  1.02731e-08  1.02733e-08  1.02736e-08
  1.02739e-08  1.02743e-08  1.02748e-08  1.02754e-08  1.02762e-08  1.02772e-08
  1.02784e-08  1.02800e-08  1.02819e-08  1.02844e-08  1.02876e-08  1.02915e-08
  1.02964e-08  1.03027e-08  1.03105e-08  1.03204e-08  1.03329e-08  1.03485e-08
  1.03682e-08  1.03931e-08  1.04244e-08  1.04640e-08  1.05142e-08  1.05780e-08
  1.06588e-08  1.07617e-08  1.08918e-08  1.10492e-08  1.12326e-08  1.14435e-08
  1.16855e-08  1.19530e-08  1.22259e-08  1.24787e-08  1.26849e-08  1.28153e-08
  1.28384e-08  1.27223e-08  1.24388e-08  1.19687e-08  1.13058e-08  1.04573e-08

  1.08373e-08  1.08374e-08  1.08375e-08  1.08376e-08  1.08377e-08  1.08379e-08
  1.08382e-08  1.08385e-08  1.08389e-08  1.08393e-08  1.08400e-08  1.08407e-08
  1.08417e-08  1.08429e-08  1.08444e-08  1.08463e-08  1.08488e-08  1.08518e-08
  1.08556e-08  1.08605e-08  1.08665e-08  1.08741e-08  1.08837e-08  1.08958e-08
  1.09110e-08  1.09301e-08  1.09540e-08  1.09842e-08  1.10223e-08  1.10704e-08
  1.11312e-08  1.12080e-08  1.13054e-08  1.14279e-08  1.15744e-08  1.17421e-08
  1.19306e-08  1.21414e-08  1.23660e-08  1.25795e-08  1.27524e-08  1.28542e-08
  1.28531e-08  1.27174e-08  1.24187e-08  1.19369e-08  1.12655e-08  1.04142e-08

  1.14143e-08  1.14144e-08  1.14145e-08  1.14145e-08  1.14147e-08  1.14148e-08
  1.14150e-08  1.14152e-08  1.14155e-08  1.14158e-08  1.14163e-08  1.14168e-08
  1.14175e-08  1.14184e-08  1.14195e-08  1.14209e-08  1.14227e-08  1.14249e-08
  1.14277e-08  1.14312e-08  1.14357e-08  1.14412e-08  1.14482e-08  1.14570e-08
  1.14680e-08  1.14819e-08  1.14992e-08  1.15211e-08  1.15484e-08  1.15828e-08
  1.16261e-08  1.16807e-08  1.17491e-08  1.18356e-08  1.19436e-08  1.20706e-08
  1.22117e-08  1.23644e-08  1.25274e-08  1.26890e-08  1.28200e-08  1.28872e-08
  1.28577e-08  1.26998e-08  1.23852e-08  1.18934e-08  1.12163e-08  1.03629e-08

  1.19963e-08  1.19963e-08  1.19964e-08  1.19964e-08  1.19965e-08  1.19966e-08
  1.19967e-08  1.19969e-08  1.19970e-08  1.19973e-08  1.19976e-08  1.19979e-08
  1.19984e-08  1.19990e-08  1.19997e-08  1.20006e-08  1.20018e-08  1.20032e-08
  1.20050e-08  1.20073e-08  1.20102e-08  1.20138e-08  1.20184e-08  1.20241e-08
  1.20313e-08  1.20403e-08  1.20516e-08  1.20657e-08  1.20833e-08  1.21054e-08
  1.21331e-08  1.21677e-08  1.22112e-08  1.22654e-08  1.23335e-08  1.24178e-08
  1.25139e-08  1.26146e-08  1.27148e-08  1.28105e-08  1.28867e-08  1.29108e-08
  1.28473e-08  1.26637e-08  1.23317e-08  1.18305e-08  1.11511e-08  1.03001e-08

  1.25702e-08  1.25702e-08  1.25702e-08  1.25703e-08  1.25703e-08  1.25704e-08
  1.25704e-08  1.25705e-08  1.25706e-08  1.25707e-08  1.25708e-08  1.25710e-08
  1.25712e-08  1.25715e-08  1.25719e-08  1.25724e-08  1.25729e-08  1.25736e-08
  1.25746e-08  1.25757e-08  1.25771e-08  1.25789e-08  1.25812e-08  1.25840e-08
  1.25876e-08  1.25920e-08  1.25976e-08  1.26045e-08  1.26132e-08  1.26240e-08
  1.26374e-08  1.26540e-08  1.26749e-08  1.27008e-08  1.27328e-08  1.27729e-08
  1.28218e-08  1.28731e-08  1.29171e-08  1.29460e-08  1.29534e-08  1.29217e-08
  1.28165e-08  1.26026e-08  1.22510e-08  1.17404e-08  1.10610e-08  1.02176e-08

  1.31157e-08  1.31157e-08  1.31157e-08  1.31157e-08  1.31157e-08  1.31157e-08
  1.31157e-08  1.31157e-08  1.31157e-08  1.31157e-08  1.31157e-08  1.31157e-08
  1.31157e-08  1.31157e-08  1.31157e-08  1.31158e-08  1.31158e-08  1.31158e-08
  1.31159e-08  1.31159e-08  1.31160e-08  1.31161e-08  1.31162e-08  1.31163e-08
  1.31165e-08  1.31167e-08  1.31169e-08  1.31172e-08  1.31175e-08  1.31178e-08
  1.31181e-08  1.31184e-08  1.31186e-08  1.31189e-08  1.31193e-08  1.31194e-08
  1.31199e-08  1.31199e-08  1.31108e-08  1.30804e-08  1.30188e-08  1.29180e-08
  1.27593e-08  1.25088e-08  1.21346e-08  1.16144e-08  1.09372e-08  1.01059e-08

  1.36025e-08  1.36025e-08  1.36025e-08  1.36025e-08  1.36024e-08  1.36024e-08
  1.36024e-08  1.36023e-08  1.36022e-08  1.36021e-08  1.36020e-08  1.36019e-08
  1.36017e-08  1.36014e-08  1.36011e-08  1.36008e-08  1.36003e-08  1.35997e-08
  1.35990e-08  1.35980e-08  1.35969e-08  1.35954e-08  1.35935e-08  1.35912e-08
  1.35882e-08  1.35845e-08  1.35799e-08  1.35740e-08  1.35667e-08  1.35574e-08
  1.35458e-08  1.35313e-08  1.35131e-08  1.34904e-08  1.34625e-08  1.34279e-08
  1.33852e-08  1.33336e-08  1.32704e-08  1.31851e-08  1.30638e-08  1.28953e-08
  1.26712e-08  1.23741e-08  1.19731e-08  1.14426e-08  1.07697e-08  9.95504e-09

  1.39890e-08  1.39890e-08  1.39890e-08  1.39889e-08  1.39889e-08  1.39888e-08
  1.39887e-08  1.39886e-08  1.39884e-08  1.39883e-08  1.39880e-08  1.39877e-08
  1.39874e-08  1.39869e-08  1.39864e-08  1.39856e-08  1.39847e-08  1.39836e-08
  1.39822e-08  1.39803e-08  1.39781e-08  1.39752e-08  1.39716e-08  1.39671e-08
  1.39614e-08  1.39543e-08  1.39454e-08  1.39341e-08  1.39201e-08  1.39025e-08
  1.38804e-08  1.38530e-08  1.38187e-08  1.37762e-08  1.37237e-08  1.36592e-08
  1.35802e-08  1.34839e-08  1.33681e-08  1.32289e-08  1.30546e-08  1.28303e-08
  1.25449e-08  1.21917e-08  1.17565e-08  1.12143e-08  1.05477e-08  9.75441e-09

  1.42206e-08  1.42205e-08  1.42205e-08  1.42204e-08  1.42203e-08  1.42202e-08
  1.42201e-08  1.42200e-08  1.42198e-08  1.42195e-08  1.42192e-08  1.42188e-08
  1.42183e-08  1.42177e-08  1.42169e-08  1.42159e-08  1.42146e-08  1.42130e-08
  1.42110e-08  1.42085e-08  1.42054e-08  1.42014e-08  1.41964e-08  1.41901e-08
  1.41822e-08  1.41723e-08  1.41599e-08  1.41444e-08  1.41249e-08  1.41005e-08
  1.40700e-08  1.40320e-08  1.39848e-08  1.39263e-08  1.38540e-08  1.37652e-08
  1.36569e-08  1.35254e-08  1.33669e-08  1.31783e-08  1.29550e-08  1.26850e-08
  1.23539e-08  1.19522e-08  1.14766e-08  1.09183e-08  1.02596e-08  9.49255e-09

  1.42310e-08  1.42310e-08  1.42309e-08  1.42309e-08  1.42308e-08  1.42306e-08
  1.42305e-08  1.42303e-08  1.42301e-08  1.42298e-08  1.42294e-08  1.42289e-08
  1.42283e-08  1.42276e-08  1.42266e-08  1.42254e-08  1.42239e-08  1.42220e-08
  1.42196e-08  1.42166e-08  1.42129e-08  1.42081e-08  1.42022e-08  1.41947e-08
  1.41853e-08  1.41735e-08  1.41587e-08  1.41401e-08  1.41168e-08  1.40877e-08
  1.40514e-08  1.40061e-08  1.39499e-08  1.38802e-08  1.37941e-08  1.36885e-08
  1.35595e-08  1.34032e-08  1.32152e-08  1.29911e-08  1.27276e-08  1.24202e-08
  1.20579e-08  1.16278e-08  1.11235e-08  1.05465e-08  9.89465e-09  9.15794e-09

  1.39477e-08  1.39477e-08  1.39476e-08  1.39475e-08  1.39474e-08  1.39473e-08
  1.39472e-08  1.39470e-08  1.39467e-08  1.39464e-08  1.39460e-08  1.39455e-08
  1.39448e-08  1.39440e-08  1.39430e-08  1.39417e-08  1.39401e-08  1.39381e-08
  1.39355e-08  1.39323e-08  1.39283e-08  1.39232e-08  1.39168e-08  1.39088e-08
  1.38987e-08  1.38860e-08  1.38701e-08  1.38502e-08  1.38252e-08  1.37940e-08
  1.37550e-08  1.37064e-08  1.36460e-08  1.35711e-08  1.34786e-08  1.33649e-08
  1.32260e-08  1.30574e-08  1.28547e-08  1.26133e-08  1.23284e-08  1.19975e-08
  1.16173e-08  1.11782e-08  1.06702e-08  1.00904e-08  9.44587e-09  8.74096e-09

  1.33023e-08  1.33023e-08  1.33022e-08  1.33021e-08  1.33020e-08  1.33019e-08
  1.33018e-08  1.33016e-08  1.33013e-08  1.33010e-08  1.33006e-08  1.33001e-08
  1.32995e-08  1.32987e-08  1.32977e-08  1.32965e-08  1.32949e-08  1.32929e-08
  1.32904e-08  1.32873e-08  1.32834e-08  1.32784e-08  1.32722e-08  1.32644e-08
  1.32546e-08  1.32423e-08  1.32268e-08  1.32074e-08  1.31830e-08  1.31526e-08
  1.31145e-08  1.30671e-08  1.30080e-08  1.29347e-08  1.28440e-08  1.27324e-08
  1.25958e-08  1.24296e-08  1.22291e-08  1.19897e-08  1.17069e-08  1.13766e-08
  1.09973e-08  1.05675e-08  1.00796e-08  9.52616e-09  8.90821e-09  8.23770e-09

he0 + h+ -> he+ + h0
  3.33373e-17  7.87431e-17  1.54304e-15  4.71257e-15  1.00633e-14  2.89186e-14
  7.60067e-14  1.57345e-13  2.79253e-13  4.75045e-13  8.22505e-13  1.32734e-12
  2.06414e-12  3.07370e-12  4.44725e-12  6.26707e-12  8.62110e-12  1.16047e-11
  1.53275e-11  1.99343e-11  2.56245e-11  3.26849e-11  4.15622e-11  5.29697e-11
  6.80435e-11  8.86182e-11  1.17693e-10  1.60222e-10  2.24434e-10  3.23979e-10
  4.81242e-10  7.31986e-10  1.13097e-09  1.75640e-09  2.71232e-09  4.11263e-09
  6.02486e-09  8.62054e-09  1.18566e-08  1.49340e-08  1.89498e-08  2.41387e-08
  3.02871e-08  3.60135e-08  4.04508e-08  4.54587e-08  5.11264e-08  5.75647e-08

  3.53081e-17  1.79217e-16  1.67012e-15  4.53878e-15  1.02815e-14  3.51820e-14
  7.87626e-14  1.60157e-13  2.82631e-13  4.86203e-13  8.31169e-13  1.33805e-12
  2.07478e-12  3.08536e-12  4.45948e-12  6.27938e-12  8.63307e-12  1.16161e-11
  1.53382e-11  1.99450e-11  2.56356e-11  3.26942e-11  4.15737e-11  5.29820e-11
  6.80569e-11  8.86331e-11  1.17710e-10  1.60242e-10  2.24458e-10  3.24009e-10
  4.81280e-10  7.32033e-10  1.13103e-09  1.75647e-09  2.71241e-09  4.11273e-09
  6.02497e-09  8.62065e-09  1.18567e-08  1.49341e-08  1.89500e-08  2.41388e-08
  3.02872e-08  3.60135e-08  4.04508e-08  4.54587e-08  5.11265e-08  5.75647e-08

  3.76854e-17  4.19369e-16  1.82411e-15  4.80504e-15  1.17727e-14  3.71963e-14
  8.20951e-14  1.62669e-13  2.86879e-13  5.01841e-13  8.41833e-13  1.35120e-12
  2.08817e-12  3.10004e-12  4.47486e-12  6.29486e-12  8.64815e-12  1.16304e-11
  1.53517e-11  1.99617e-11  2.56495e-11  3.27083e-11  4.15881e-11  5.29974e-11
  6.80737e-11  8.86519e-11  1.17732e-10  1.60268e-10  2.24488e-10  3.24047e-10
  4.81327e-10  7.32093e-10  1.13110e-09  1.75656e-09  2.71252e-09  4.11285e-09
  6.02510e-09  8.62079e-09  1.18569e-08  1.49343e-08  1.89501e-08  2.41390e-08
  3.02872e-08  3.60136e-08  4.04509e-08  4.54588e-08  5.11265e-08  5.75648e-08

  4.05699e-17  4.74766e-16  2.01193e-15  5.12664e-15  1.50339e-14  3.96710e-14
  8.61457e-14  1.64888e-13  2.92222e-13  5.10787e-13  8.55006e-13  1.36739e-12
  2.10502e-12  3.11849e-12  4.49421e-12  6.31434e-12  8.66712e-12  1.16484e-11
  1.53695e-11  1.99789e-11  2.56670e-11  3.27260e-11  4.16063e-11  5.30168e-11
  6.80949e-11  8.86755e-11  1.17759e-10  1.60299e-10  2.24526e-10  3.24094e-10
  4.81386e-10  7.32168e-10  1.13120e-09  1.75668e-09  2.71266e-09  4.11301e-09
  6.02528e-09  8.62096e-09  1.18570e-08  1.49345e-08  1.89503e-08  2.41391e-08
  3.02873e-08  3.60136e-08  4.04509e-08  4.54589e-08  5.11266e-08  5.75649e-08

  4.40911e-17  8.90953e-16  2.68427e-15  5.51727e-15  1.60081e-14  4.27299e-14
  9.10952e-14  1.70980e-13  3.01826e-13  5.22003e-13  8.71339e-13  1.38740e-12
  2.12349e-12  3.14170e-12  4.51853e-12  6.33883e-12  8.69098e-12  1.16711e-11
  1.53930e-11  2.00006e-11  2.56889e-11  3.27457e-11  4.16292e-11  5.30412e-11
  6.81215e-11  8.87052e-11  1.17793e-10  1.60339e-10  2.24574e-10  3.24153e-10
  4.81461e-10  7.32262e-10  1.13131e-09  1.75683e-09  2.71283e-09  4.11321e-09
  6.02549e-09  8.62118e-09  1.18572e-08  1.49347e-08  1.89505e-08  2.41393e-08
  3.02874e-08  3.60137e-08  4.04510e-08  4.54589e-08  5.11266e-08  5.75649e-08

  1.49807e-16  1.03655e-15  3.00420e-15  5.99447e-15  2.19489e-14  4.65337e-14
  9.71757e-14  1.78514e-13  3.17652e-13  5.48279e-13  8.91661e-13  1.41219e-12
  2.15065e-12  3.17088e-12  4.54911e-12  6.36964e-12  8.72100e-12  1.16997e-11
  1.54231e-11  2.00278e-11  2.57163e-11  3.27738e-11  4.16579e-11  5.30720e-11
  6.81551e-11  8.87427e-11  1.17836e-10  1.60389e-10  2.24635e-10  3.24228e-10
  4.81555e-10  7.32380e-10  1.13146e-09  1.75701e-09  2.71305e-09  4.11346e-09
  6.02577e-09  8.62146e-09  1.18575e-08  1.49351e-08  1.89508e-08  2.41395e-08
  3.02875e-08  3.60138e-08  4.04511e-08  4.54590e-08  5.11267e-08  5.75651e-08

  4.19603e-16  1.62296e-15  3.40244e-15  1.05874e-14  2.46882e-14  5.68743e-14
  1.04686e-13  1.84384e-13  3.30554e-13  5.67858e-13  9.17035e-13  1.43172e-12
  2.17925e-12  3.20754e-12  4.58754e-12  6.40836e-12  8.75876e-12  1.17365e-11
  1.54582e-11  2.00621e-11  2.57508e-11  3.28090e-11  4.16934e-11  5.31107e-11
  6.81973e-11  8.87898e-11  1.17890e-10  1.60453e-10  2.24711e-10  3.24322e-10
  4.81673e-10  7.32530e-10  1.13165e-09  1.75724e-09  2.71333e-09  4.11378e-09
  6.02611e-09  8.62181e-09  1.18578e-08  1.49355e-08  1.89512e-08  2.41398e-08
  3.02876e-08  3.60139e-08  4.04512e-08  4.54591e-08  5.11269e-08  5.75652e-08

  8.43614e-16  1.93141e-15  3.90445e-15  1.23416e-14  3.30206e-14  6.34989e-14
  1.14014e-13  1.99557e-13  3.57057e-13  5.92608e-13  9.48823e-13  1.47059e-12
  2.22290e-12  3.25360e-12  4.63580e-12  6.45702e-12  8.80624e-12  1.17840e-11
  1.55024e-11  2.01091e-11  2.57942e-11  3.28533e-11  4.17392e-11  5.31594e-11
  6.82504e-11  8.88490e-11  1.17957e-10  1.60532e-10  2.24807e-10  3.24441e-10
  4.81822e-10  7.32718e-10  1.13189e-09  1.75753e-09  2.71367e-09  4.11417e-09
  6.02654e-09  8.62224e-09  1.18582e-08  1.49360e-08  1.89517e-08  2.41402e-08
  3.02878e-08  3.60140e-08  4.04514e-08  4.54593e-08  5.11270e-08  5.75654e-08

  1.05702e-15  2.33089e-15  5.87899e-15  1.91356e-14  3.86023e-14  7.18282e-14
  1.25662e-13  2.23077e-13  3.80768e-13  6.23984e-13  9.88777e-13  1.51898e-12
  2.27729e-12  3.31142e-12  4.69639e-12  6.51814e-12  8.86675e-12  1.18446e-11
  1.55620e-11  2.01640e-11  2.58488e-11  3.29089e-11  4.17953e-11  5.32207e-11
  6.83173e-11  8.89237e-11  1.18043e-10  1.60632e-10  2.24928e-10  3.24591e-10
  4.82009e-10  7.32955e-10  1.13218e-09  1.75790e-09  2.71411e-09  4.11462e-09
  6.02709e-09  8.62280e-09  1.18588e-08  1.49366e-08  1.89523e-08  2.41406e-08
  3.02880e-08  3.60142e-08  4.04515e-08  4.54595e-08  5.11272e-08  5.75656e-08

  1.74083e-15  2.85202e-15  1.04995e-14  2.34011e-14  4.58437e-14  8.23835e-14
  1.43659e-13  2.55960e-13  4.22502e-13  6.77937e-13  1.03915e-12  1.57943e-12
  2.33665e-12  3.38172e-12  4.77239e-12  6.59486e-12  8.94413e-12  1.19182e-11
  1.56331e-11  2.02334e-11  2.59176e-11  3.29787e-11  4.18680e-11  5.32978e-11
  6.84014e-11  8.90176e-11  1.18150e-10  1.60759e-10  2.25081e-10  3.24779e-10
  4.82245e-10  7.33253e-10  1.13256e-09  1.75836e-09  2.71466e-09  4.11518e-09
  6.02778e-09  8.62349e-09  1.18594e-08  1.49374e-08  1.89531e-08  2.41412e-08
  3.02883e-08  3.60144e-08  4.04518e-08  4.54597e-08  5.11275e-08  5.75658e-08

  2.24193e-15  8.53216e-15  1.81127e-14  3.47776e-14  6.07054e-14  9.92765e-14
  1.72085e-13  2.87707e-13  4.65304e-13  7.31649e-13  1.11670e-12  1.65518e-12
  2.42267e-12  3.46734e-12  4.86767e-12  6.69394e-12  9.04246e-12  1.20144e-11
  1.57228e-11  2.03209e-11  2.60042e-11  3.30666e-11  4.19594e-11  5.33941e-11
  6.85073e-11  8.91358e-11  1.18285e-10  1.60918e-10  2.25272e-10  3.25015e-10
  4.82543e-10  7.33628e-10  1.13303e-09  1.75894e-09  2.71535e-09  4.11586e-09
  6.02864e-09  8.62437e-09  1.18603e-08  1.49384e-08  1.89540e-08  2.41420e-08
  3.02886e-08  3.60147e-08  4.04520e-08  4.54600e-08  5.11278e-08  5.75662e-08

  7.24086e-15  1.57572e-14  2.90163e-14  4.42443e-14  7.75272e-14  1.26663e-13
  2.13358e-13  3.42895e-13  5.20252e-13  7.99639e-13  1.19939e-12  1.75034e-12
  2.52993e-12  3.58353e-12  4.98973e-12  6.81851e-12  9.16346e-12  1.21325e-11
  1.58404e-11  2.04314e-11  2.61136e-11  3.31772e-11  4.20717e-11  5.35163e-11
  6.86404e-11  8.92845e-11  1.18456e-10  1.61118e-10  2.25514e-10  3.25314e-10
  4.82917e-10  7.34101e-10  1.13362e-09  1.75967e-09  2.71622e-09  4.11670e-09
  6.02973e-09  8.62547e-09  1.18613e-08  1.49396e-08  1.89552e-08  2.41429e-08
  3.02890e-08  3.60151e-08  4.04524e-08  4.54603e-08  5.11282e-08  5.75666e-08

  1.51097e-14  2.18501e-14  3.89731e-14  6.58017e-14  1.05893e-13  1.74004e-13
  2.69358e-13  4.01477e-13  6.07557e-13  8.85884e-13  1.30473e-12  1.87020e-12
  2.66395e-12  3.73102e-12  5.14080e-12  6.97259e-12  9.31997e-12  1.22814e-11
  1.59848e-11  2.05746e-11  2.62516e-11  3.33166e-11  4.22165e-11  5.36686e-11
  6.88079e-11  8.94716e-11  1.18670e-10  1.61370e-10  2.25818e-10  3.25689e-10
  4.83389e-10  7.34696e-10  1.13437e-09  1.76059e-09  2.71731e-09  4.11778e-09
  6.03110e-09  8.62686e-09  1.18625e-08  1.49412e-08  1.89568e-08  2.41440e-08
  3.02896e-08  3.60155e-08  4.04528e-08  4.54608e-08  5.11287e-08  5.75671e-08

  2.68906e-14  4.02792e-14  6.39674e-14  1.06955e-13  1.50900e-13  2.34181e-13
  3.32371e-13  4.93461e-13  7.01854e-13  1.01429e-12  1.43922e-12  2.03389e-12
  2.83518e-12  3.91589e-12  5.33182e-12  7.17030e-12  9.51327e-12  1.24741e-11
  1.61674e-11  2.07522e-11  2.64261e-11  3.34924e-11  4.23986e-11  5.38622e-11
  6.90179e-11  8.97070e-11  1.18940e-10  1.61687e-10  2.26201e-10  3.26162e-10
  4.83982e-10  7.35446e-10  1.13531e-09  1.76175e-09  2.71869e-09  4.11917e-09
  6.03282e-09  8.62861e-09  1.18635e-08  1.49432e-08  1.89587e-08  2.41455e-08
  3.02902e-08  3.60161e-08  4.04534e-08  4.54614e-08  5.11293e-08  5.75678e-08

  5.13522e-14  8.38161e-14  1.11235e-13  1.61486e-13  2.24176e-13  3.05141e-13
  4.33483e-13  6.02384e-13  8.30023e-13  1.16946e-12  1.61394e-12  2.23319e-12
  3.05167e-12  4.14871e-12  5.57050e-12  7.41859e-12  9.76150e-12  1.27133e-11
  1.64022e-11  2.09769e-11  2.66466e-11  3.37142e-11  4.26277e-11  5.41055e-11
  6.92830e-11  9.00031e-11  1.19279e-10  1.62086e-10  2.26683e-10  3.26758e-10
  4.84730e-10  7.36390e-10  1.13649e-09  1.76320e-09  2.72043e-09  4.12090e-09
  6.03500e-09  8.63081e-09  1.18641e-08  1.49457e-08  1.89611e-08  2.41473e-08
  3.02911e-08  3.60167e-08  4.04541e-08  4.54621e-08  5.11301e-08  5.75686e-08

  1.13657e-13  1.42230e-13  1.80271e-13  2.37707e-13  3.23844e-13  4.24252e-13
  5.66225e-13  7.54420e-13  1.02255e-12  1.37268e-12  1.84495e-12  2.48717e-12
  3.32711e-12  4.44209e-12  5.87838e-12  7.72615e-12  1.00701e-11  1.30192e-11
  1.66961e-11  2.12616e-11  2.69256e-11  3.39944e-11  4.29163e-11  5.44114e-11
  6.96146e-11  9.03755e-11  1.19706e-10  1.62589e-10  2.27291e-10  3.27509e-10
  4.85672e-10  7.37580e-10  1.13799e-09  1.76504e-09  2.72261e-09  4.12307e-09
  6.03773e-09  8.63358e-09  1.18647e-08  1.49489e-08  1.89641e-08  2.41497e-08
  3.02922e-08  3.60176e-08  4.04550e-08  4.54630e-08  5.11310e-08  5.75697e-08

  2.09631e-13  2.50506e-13  3.03882e-13  3.76495e-13  4.67310e-13  6.00122e-13
  7.66555e-13  9.80272e-13  1.26656e-12  1.64524e-12  2.15289e-12  2.81347e-12
  3.67810e-12  4.80956e-12  6.26081e-12  8.11963e-12  1.04633e-11  1.34025e-11
  1.70682e-11  2.16222e-11  2.72830e-11  3.43486e-11  4.32800e-11  5.47962e-11
  7.00339e-11  9.08433e-11  1.20244e-10  1.63223e-10  2.28057e-10  3.28455e-10
  4.86859e-10  7.39078e-10  1.13987e-09  1.76735e-09  2.72537e-09  4.12586e-09
  6.04117e-09  8.63706e-09  1.18647e-08  1.49529e-08  1.89679e-08  2.41526e-08
  3.02935e-08  3.60187e-08  4.04561e-08  4.54642e-08  5.11323e-08  5.75710e-08

  3.80718e-13  4.35451e-13  5.04296e-13  5.88737e-13  7.05995e-13  8.51097e-13
  1.03854e-12  1.28015e-12  1.59257e-12  2.01647e-12  2.54692e-12  3.23641e-12
  4.12634e-12  5.27980e-12  6.74729e-12  8.60563e-12  1.09528e-11  1.38865e-11
  1.75425e-11  2.20836e-11  2.77320e-11  3.47965e-11  4.37388e-11  5.52805e-11
  7.05607e-11  9.14325e-11  1.20920e-10  1.64021e-10  2.29021e-10  3.29647e-10
  4.88355e-10  7.40965e-10  1.14223e-09  1.77026e-09  2.72883e-09  4.12942e-09
  6.04550e-09  8.64145e-09  1.18652e-08  1.49579e-08  1.89727e-08  2.41563e-08
  3.02952e-08  3.60201e-08  4.04575e-08  4.54656e-08  5.11338e-08  5.75727e-08

  6.66238e-13  7.34287e-13  8.19253e-13  9.25753e-13  1.05970e-12  1.22906e-12
  1.44241e-12  1.71234e-12  2.06155e-12  2.50325e-12  3.06377e-12  3.78371e-12
  4.69941e-12  5.87721e-12  7.36049e-12  9.22911e-12  1.15767e-11  1.45019e-11
  1.81406e-11  2.26651e-11  2.83012e-11  3.53634e-11  4.43180e-11  5.58907e-11
  7.12233e-11  9.21716e-11  1.21772e-10  1.65026e-10  2.30237e-10  3.31149e-10
  4.90240e-10  7.43344e-10  1.14521e-09  1.77393e-09  2.73320e-09  4.13395e-09
  6.05096e-09  8.64698e-09  1.18663e-08  1.49642e-08  1.89788e-08  2.41609e-08
  3.02973e-08  3.60219e-08  4.04592e-08  4.54674e-08  5.11358e-08  5.75748e-08

  1.13379e-12  1.20880e-12  1.30656e-12  1.41985e-12  1.57421e-12  1.76618e-12
  2.00586e-12  2.30054e-12  2.67806e-12  3.15193e-12  3.74692e-12  4.49377e-12
  5.44741e-12  6.63839e-12  8.13596e-12  1.00127e-11  1.23597e-11  1.52720e-11
  1.88967e-11  2.34020e-11  2.90229e-11  3.60839e-11  4.50533e-11  5.66602e-11
  7.20572e-11  9.31039e-11  1.22844e-10  1.66292e-10  2.31770e-10  3.33044e-10
  4.92617e-10  7.46342e-10  1.14897e-09  1.77855e-09  2.73870e-09  4.13972e-09
  6.05783e-09  8.65393e-09  1.18675e-08  1.49721e-08  1.89864e-08  2.41667e-08
  3.03000e-08  3.60241e-08  4.04614e-08  4.54697e-08  5.11382e-08  5.75775e-08

  1.84020e-12  1.92692e-12  2.03287e-12  2.16833e-12  2.33672e-12  2.54392e-12
  2.80508e-12  3.12476e-12  3.52917e-12  4.03145e-12  4.65549e-12  5.43197e-12
  6.40235e-12  7.61040e-12  9.11893e-12  1.10001e-11  1.33367e-11  1.62492e-11
  1.98556e-11  2.43395e-11  2.99422e-11  3.69955e-11  4.59806e-11  5.76317e-11
  7.31079e-11  9.42771e-11  1.24193e-10  1.67887e-10  2.33702e-10  3.35434e-10
  4.95615e-10  7.50122e-10  1.15371e-09  1.78438e-09  2.74562e-09  4.14706e-09
  6.06648e-09  8.66269e-09  1.18689e-08  1.49821e-08  1.89959e-08  2.41740e-08
  3.03034e-08  3.60268e-08  4.04642e-08  4.54726e-08  5.11413e-08  5.75808e-08

  2.89459e-12  2.98620e-12  3.10047e-12  3.24239e-12  3.42068e-12  3.63977e-12
  3.91517e-12  4.25596e-12  4.67577e-12  5.19816e-12  5.83844e-12  6.63714e-12
  7.62667e-12  8.84940e-12  1.03654e-11  1.22460e-11  1.45780e-11  1.74762e-11
  2.10624e-11  2.55228e-11  3.11053e-11  3.81519e-11  4.71553e-11  5.88597e-11
  7.44335e-11  9.57553e-11  1.25893e-10  1.69898e-10  2.36140e-10  3.38450e-10
  4.99398e-10  7.54891e-10  1.15968e-09  1.79171e-09  2.75435e-09  4.15639e-09
  6.07737e-09  8.67372e-09  1.18717e-08  1.49947e-08  1.90079e-08  2.41832e-08
  3.03076e-08  3.60281e-08  4.04677e-08  4.54763e-08  5.11452e-08  5.75850e-08

  4.39880e-12  4.49134e-12  4.60709e-12  4.75189e-12  4.93254e-12  5.15622e-12
  5.43646e-12  5.78356e-12  6.21051e-12  6.74174e-12  7.39459e-12  8.20274e-12
  9.20096e-12  1.04240e-11  1.19405e-11  1.38154e-11  1.61349e-11  1.90172e-11
  2.25838e-11  2.70220e-11  3.25824e-11  3.96216e-11  4.86448e-11  6.04141e-11
  7.61084e-11  9.76205e-11  1.28037e-10  1.72434e-10  2.39217e-10  3.42258e-10
  5.04174e-10  7.60908e-10  1.16721e-09  1.80096e-09  2.76534e-09  4.16822e-09
  6.09108e-09  8.68760e-09  1.18764e-08  1.50105e-08  1.90231e-08  2.41948e-08
  3.03129e-08  3.60248e-08  4.04721e-08  4.54809e-08  5.11501e-08  5.75904e-08

  6.45698e-12  6.54671e-12  6.65926e-12  6.80026e-12  6.97662e-12  7.19711e-12
  7.47203e-12  7.81299e-12  8.23847e-12  8.76500e-12  9.41564e-12  1.02187e-11
  1.12072e-11  1.24297e-11  1.39363e-11  1.57960e-11  1.80966e-11  2.09492e-11
  2.44928e-11  2.89086e-11  3.44528e-11  4.14877e-11  5.05400e-11  6.23883e-11
  7.82310e-11  9.99804e-11  1.30745e-10  1.75637e-10  2.43103e-10  3.47068e-10
  5.10208e-10  7.68507e-10  1.17671e-09  1.81263e-09  2.77919e-09  4.18323e-09
  6.10835e-09  8.70507e-09  1.18837e-08  1.50304e-08  1.90421e-08  2.42093e-08
  3.03196e-08  3.60195e-08  4.04777e-08  4.54867e-08  5.11563e-08  5.75970e-08

  9.16591e-12  9.25027e-12  9.35625e-12  9.48934e-12  9.65634e-12  9.86568e-12
  1.01277e-11  1.04554e-11  1.08641e-11  1.13720e-11  1.20048e-11  1.27885e-11
  1.37582e-11  1.49572e-11  1.64382e-11  1.82730e-11  2.05454e-11  2.33677e-11
  2.68842e-11  3.12813e-11  3.68137e-11  4.38569e-11  5.29493e-11  6.48965e-11
  8.09234e-11  1.02969e-10  1.34173e-10  1.79689e-10  2.48018e-10  3.53152e-10
  5.17836e-10  7.78108e-10  1.18870e-09  1.82734e-09  2.79665e-09  4.20225e-09
  6.13009e-09  8.72707e-09  1.18944e-08  1.50554e-08  1.90660e-08  2.42276e-08
  3.03281e-08  3.60097e-08  4.04847e-08  4.54940e-08  5.11641e-08  5.76055e-08

  1.26145e-11  1.26923e-11  1.27901e-11  1.29132e-11  1.30681e-11  1.32626e-11
  1.35071e-11  1.38139e-11  1.41986e-11  1.46803e-11  1.52823e-11  1.60324e-11
  1.69678e-11  1.81299e-11  1.95741e-11  2.13693e-11  2.36014e-11  2.63883e-11
  2.98745e-11  3.42549e-11  3.97914e-11  4.68596e-11  5.60152e-11  6.80917e-11
  8.43506e-11  1.06766e-10  1.38523e-10  1.84825e-10  2.54244e-10  3.60855e-10
  5.27490e-10  7.90250e-10  1.20385e-09  1.84591e-09  2.81867e-09  4.22632e-09
  6.15748e-09  8.75476e-09  1.19095e-08  1.50868e-08  1.90960e-08  2.42506e-08
  3.03387e-08  3.59944e-08  4.04936e-08  4.55032e-08  5.11739e-08  5.76161e-08

  1.68888e-11  1.69601e-11  1.70499e-11  1.71629e-11  1.73053e-11  1.74846e-11
  1.77104e-11  1.79947e-11  1.83525e-11  1.88026e-11  1.93683e-11  2.00788e-11
  2.09696e-11  2.20847e-11  2.34804e-11  2.52261e-11  2.74123e-11  3.01535e-11
  3.36094e-11  3.79777e-11  4.35320e-11  5.06549e-11  5.99152e-11  7.21691e-11
  8.87245e-11  1.11608e-10  1.44059e-10  1.91353e-10  2.62148e-10  3.70625e-10
  5.39723e-10  8.05619e-10  1.22301e-09  1.86937e-09  2.84645e-09  4.25678e-09
  6.19197e-09  8.78963e-09  1.19305e-08  1.51263e-08  1.91338e-08  2.42794e-08
  3.03520e-08  3.59779e-08  4.05048e-08  4.55148e-08  5.11863e-08  5.76294e-08

  2.20849e-11  2.21507e-11  2.22337e-11  2.23382e-11  2.24699e-11  2.26359e-11
  2.28453e-11  2.31094e-11  2.34426e-11  2.38631e-11  2.43940e-11  2.50640e-11
  2.59096e-11  2.69762e-11  2.83196e-11  3.00148e-11  3.21520e-11  3.48527e-11
  3.82781e-11  4.26404e-11  4.82325e-11  5.54489e-11  6.48686e-11  7.73772e-11
  9.43221e-11  1.17802e-10  1.51132e-10  1.99679e-10  2.72213e-10  3.83045e-10
  5.55250e-10  8.25103e-10  1.24726e-09  1.89901e-09  2.88152e-09  4.29537e-09
  6.23542e-09  8.83352e-09  1.19572e-08  1.51760e-08  1.91811e-08  2.43156e-08
  3.03686e-08  3.59602e-08  4.05188e-08  4.55294e-08  5.12019e-08  5.76462e-08

  2.83298e-11  2.83918e-11  2.84699e-11  2.85684e-11  2.86925e-11  2.88491e-11
  2.90467e-11  2.92962e-11  2.96113e-11  3.00097e-11  3.05137e-11  3.11520e-11
  3.19608e-11  3.29864e-11  3.42880e-11  3.59406e-11  3.80395e-11  4.07118e-11
  4.41228e-11  4.85017e-11  5.41562e-11  6.15103e-11  7.11690e-11  8.40359e-11
  1.01505e-10  1.25754e-10  1.60204e-10  2.10340e-10  2.85073e-10  3.98881e-10
  5.75006e-10  8.49840e-10  1.27800e-09  1.93651e-09  2.92580e-09  4.34425e-09
  6.29016e-09  8.88878e-09  1.19930e-08  1.52383e-08  1.92405e-08  2.43610e-08
  3.03822e-08  3.59417e-08  4.05366e-08  4.55478e-08  5.12215e-08  5.76673e-08

  3.58124e-11  3.58726e-11  3.59485e-11  3.60441e-11  3.61647e-11  3.63167e-11
  3.65087e-11  3.67510e-11  3.70573e-11  3.74447e-11  3.79353e-11  3.85573e-11
  3.93471e-11  4.03515e-11  4.16310e-11  4.32639e-11  4.53518e-11  4.80266e-11
  5.14621e-11  5.58980e-11  6.16617e-11  6.92153e-11  7.92013e-11  9.25655e-11
  1.10750e-10  1.36007e-10  1.71892e-10  2.24050e-10  3.01574e-10  4.19146e-10
  6.00217e-10  8.81319e-10  1.31701e-09  1.98399e-09  2.98176e-09  4.40616e-09
  6.35913e-09  8.95835e-09  1.20412e-08  1.53165e-08  1.93149e-08  2.44179e-08
  3.03881e-08  3.59121e-08  4.05591e-08  4.55711e-08  5.12463e-08  5.76939e-08

  4.48291e-11  4.48897e-11  4.49661e-11  4.50625e-11  4.51839e-11  4.53371e-11
  4.55303e-11  4.57744e-11  4.60827e-11  4.64728e-11  4.69666e-11  4.75928e-11
  4.83882e-11  4.94004e-11  5.06918e-11  5.23435e-11  5.44622e-11  5.71891e-11
  6.07110e-11  6.52788e-11  7.12391e-11  7.90857e-11  8.95226e-11  1.03559e-10
  1.22702e-10  1.49295e-10  1.87034e-10  2.41774e-10  3.22844e-10  4.45187e-10
  6.32502e-10  9.21489e-10  1.36663e-09  2.04420e-09  3.05240e-09  4.48459e-09
  6.44606e-09  9.04592e-09  1.21053e-08  1.54141e-08  1.94081e-08  2.44891e-08
  3.03945e-08  3.58813e-08  4.05875e-08  4.56005e-08  5.12775e-08  5.77274e-08

  5.58490e-11  5.59125e-11  5.59925e-11  5.60934e-11  5.62206e-11  5.63809e-11
  5.65832e-11  5.68386e-11  5.71612e-11  5.75690e-11  5.80852e-11  5.87394e-11
  5.95700e-11  6.06266e-11  6.19741e-11  6.36978e-11  6.59103e-11  6.87617e-11
  7.24538e-11  7.72594e-11  8.35501e-11  9.18489e-11  1.02914e-10  1.17846e-10
  1.38264e-10  1.66627e-10  2.06786e-10  2.64837e-10  3.50424e-10  4.78814e-10
  6.74017e-10  9.72924e-10  1.42991e-09  2.12069e-09  3.14136e-09  4.58397e-09
  6.55565e-09  9.15552e-09  1.21899e-08  1.55333e-08  1.95245e-08  2.45780e-08
  3.03922e-08  3.58501e-08  4.06234e-08  4.56377e-08  5.13170e-08  5.77695e-08

  6.96130e-11  6.96821e-11  6.97691e-11  6.98787e-11  7.00169e-11  7.01911e-11
  7.04109e-11  7.06883e-11  7.10386e-11  7.14812e-11  7.20412e-11  7.27505e-11
  7.36502e-11  7.47938e-11  7.62509e-11  7.81128e-11  8.05007e-11  8.35762e-11
  8.75572e-11  9.27412e-11  9.95379e-11  1.08516e-10  1.20486e-10  1.36641e-10
  1.58744e-10  1.89432e-10  2.32762e-10  2.95091e-10  3.86440e-10  5.22503e-10
  7.27668e-10  1.03905e-09  1.51085e-09  2.21806e-09  3.25412e-09  4.70996e-09
  6.69367e-09  9.28798e-09  1.23009e-08  1.56747e-08  1.96697e-08  2.46888e-08
  3.03988e-08  3.58197e-08  4.06689e-08  4.56848e-08  5.13667e-08  5.78225e-08

  8.72869e-11  8.73646e-11  8.74624e-11  8.75857e-11  8.77411e-11  8.79370e-11
  8.81841e-11  8.84958e-11  8.88893e-11  8.93864e-11  9.00150e-11  9.08107e-11
  9.18193e-11  9.31003e-11  9.47305e-11  9.68110e-11  9.94753e-11  1.02901e-10
  1.07329e-10  1.13085e-10  1.20621e-10  1.30571e-10  1.43827e-10  1.61681e-10
  1.86048e-10  2.19793e-10  2.67261e-10  3.35147e-10  4.33885e-10  5.79689e-10
  7.97423e-10  1.12444e-09  1.61474e-09  2.34234e-09  3.39673e-09  4.86978e-09
  6.86733e-09  9.44984e-09  1.24457e-08  1.58521e-08  1.98505e-08  2.48266e-08
  3.04135e-08  3.57921e-08  4.07267e-08  4.57444e-08  5.14295e-08  5.78892e-08

  1.10709e-10  1.10799e-10  1.10913e-10  1.11056e-10  1.11236e-10  1.11463e-10
  1.11749e-10  1.12110e-10  1.12566e-10  1.13142e-10  1.13869e-10  1.14790e-10
  1.15956e-10  1.17436e-10  1.19318e-10  1.21717e-10  1.24783e-10  1.28719e-10
  1.33795e-10  1.40378e-10  1.48973e-10  1.60289e-10  1.75326e-10  1.95519e-10
  2.22960e-10  2.60774e-10  3.13658e-10  3.88752e-10  4.97006e-10  6.55203e-10
  8.88782e-10  1.23538e-09  1.74868e-09  2.50145e-09  3.57859e-09  5.07267e-09
  7.08584e-09  9.64917e-09  1.26335e-08  1.60696e-08  2.00749e-08  2.49976e-08
  3.04218e-08  3.57701e-08  4.07929e-08  4.58199e-08  5.15089e-08  5.79730e-08

  1.42803e-10  1.42910e-10  1.43045e-10  1.43216e-10  1.43431e-10  1.43701e-10
  1.44042e-10  1.44473e-10  1.45016e-10  1.45701e-10  1.46568e-10  1.47663e-10
  1.49050e-10  1.50809e-10  1.53043e-10  1.55888e-10  1.59519e-10  1.64172e-10
  1.70158e-10  1.77901e-10  1.87980e-10  2.01196e-10  2.18683e-10  2.42058e-10
  2.73658e-10  3.16914e-10  3.76942e-10  4.61416e-10  5.81922e-10  7.55923e-10
  1.00946e-09  1.38048e-09  1.92225e-09  2.70588e-09  3.81109e-09  5.33049e-09
  7.36164e-09  9.89945e-09  1.28762e-08  1.63355e-08  2.03525e-08  2.51976e-08
  3.04518e-08  3.57580e-08  4.08624e-08  4.59159e-08  5.16093e-08  5.80783e-08

  1.88278e-10  1.88410e-10  1.88575e-10  1.88784e-10  1.89046e-10  1.89378e-10
  1.89795e-10  1.90321e-10  1.90985e-10  1.91823e-10  1.92881e-10  1.94219e-10
  1.95912e-10  1.98058e-10  2.00780e-10  2.04242e-10  2.08656e-10  2.14301e-10
  2.21548e-10  2.30896e-10  2.43020e-10  2.58855e-10  2.79701e-10  3.07400e-10
  3.44595e-10  3.95118e-10  4.64587e-10  5.61312e-10  6.97616e-10  8.91745e-10
  1.17041e-09  1.57177e-09  2.14852e-09  2.96925e-09  4.10786e-09  5.65846e-09
  7.70836e-09  1.02217e-08  1.31883e-08  1.66680e-08  2.06946e-08  2.54129e-08
  3.05125e-08  3.57617e-08  4.09318e-08  4.60379e-08  5.17362e-08  5.82106e-08

  2.54850e-10  2.55015e-10  2.55222e-10  2.55483e-10  2.55813e-10  2.56227e-10
  2.56750e-10  2.57410e-10  2.58241e-10  2.59290e-10  2.60615e-10  2.62289e-10
  2.64405e-10  2.67085e-10  2.70484e-10  2.74800e-10  2.80295e-10  2.87309e-10
  2.96294e-10  3.07848e-10  3.22782e-10  3.42200e-10  3.67626e-10  4.01191e-10
  4.45914e-10  5.06117e-10  5.88039e-10  7.00741e-10  8.57402e-10  1.07712e-09
  1.38726e-09  1.82611e-09  2.44546e-09  3.30955e-09  4.48957e-09  6.07609e-09
  8.13481e-09  1.06209e-08  1.35882e-08  1.70823e-08  2.11138e-08  2.56673e-08
  3.06154e-08  3.57900e-08  4.10248e-08  4.61934e-08  5.18967e-08  5.83764e-08

  3.55353e-10  3.55565e-10  3.55830e-10  3.56165e-10  3.56587e-10  3.57118e-10
  3.57788e-10  3.58632e-10  3.59696e-10  3.61039e-10  3.62733e-10  3.64873e-10
  3.67578e-10  3.70999e-10  3.75333e-10  3.80831e-10  3.87820e-10  3.96723e-10
  4.08099e-10  4.22686e-10  4.41468e-10  4.65775e-10  4.97422e-10  5.38911e-10
  5.93733e-10  6.66803e-10  7.65093e-10  8.98538e-10  1.08128e-09  1.33333e-09
  1.68264e-09  2.16737e-09  2.83794e-09  3.75270e-09  4.98197e-09  6.60841e-09
  8.66708e-09  1.11318e-08  1.40981e-08  1.75964e-08  2.16104e-08  2.59699e-08
  3.07636e-08  3.58550e-08  4.11328e-08  4.63915e-08  5.20997e-08  5.85840e-08

  5.11443e-10  5.11718e-10  5.12065e-10  5.12502e-10  5.13052e-10  5.13745e-10
  5.14619e-10  5.15719e-10  5.17107e-10  5.18857e-10  5.21064e-10  5.23850e-10
  5.27368e-10  5.31816e-10  5.37443e-10  5.44573e-10  5.53621e-10  5.65124e-10
  5.79783e-10  5.98519e-10  6.22548e-10  6.53495e-10  6.93545e-10  7.45669e-10
  8.13941e-10  9.03991e-10  1.02364e-09  1.18380e-09  1.39962e-09  1.69203e-09
  2.08941e-09  2.62944e-09  3.35995e-09  4.33331e-09  5.61897e-09  7.28545e-09
  9.32601e-09  1.17878e-08  1.47450e-08  1.82314e-08  2.21610e-08  2.63644e-08
  3.09596e-08  3.59735e-08  4.12633e-08  4.66431e-08  5.23563e-08  5.88431e-08

  7.59944e-10  7.60308e-10  7.60767e-10  7.61344e-10  7.62071e-10  7.62987e-10
  7.64141e-10  7.65595e-10  7.67426e-10  7.69736e-10  7.72647e-10  7.76320e-10
  7.80956e-10  7.86811e-10  7.94210e-10  8.03572e-10  8.15431e-10  8.30475e-10
  8.49596e-10  8.73952e-10  9.05060e-10  9.44919e-10  9.96182e-10  1.06240e-09
  1.14834e-09  1.26047e-09  1.40757e-09  1.60158e-09  1.85865e-09  2.20044e-09
  2.65549e-09  3.26047e-09  4.05795e-09  5.09852e-09  6.44382e-09  8.13223e-09
  1.01704e-08  1.26255e-08  1.55609e-08  1.90100e-08  2.27950e-08  2.68130e-08
  3.12538e-08  3.61683e-08  4.14511e-08  4.69390e-08  5.26799e-08  5.91655e-08

  1.16347e-09  1.16395e-09  1.16456e-09  1.16533e-09  1.16629e-09  1.16751e-09
  1.16904e-09  1.17097e-09  1.17340e-09  1.17646e-09  1.18032e-09  1.18518e-09
  1.19132e-09  1.19906e-09  1.20883e-09  1.22117e-09  1.23679e-09  1.25655e-09
  1.28159e-09  1.31338e-09  1.35382e-09  1.40536e-09  1.47123e-09  1.55565e-09
  1.66422e-09  1.80431e-09  1.98572e-09  2.22140e-09  2.52836e-09  2.92866e-09
  3.45044e-09  4.12799e-09  4.99788e-09  6.10931e-09  7.51102e-09  9.20315e-09
  1.12313e-08  1.36698e-08  1.65743e-08  1.99121e-08  2.35293e-08  2.74097e-08
  3.16783e-08  3.64692e-08  4.17202e-08  4.72846e-08  5.30867e-08  5.95643e-08

  1.82708e-09  1.82772e-09  1.82852e-09  1.82953e-09  1.83080e-09  1.83240e-09
  1.83442e-09  1.83696e-09  1.84016e-09  1.84419e-09  1.84926e-09  1.85566e-09
  1.86372e-09  1.87388e-09  1.88669e-09  1.90286e-09  1.92326e-09  1.94904e-09
  1.98161e-09  2.02282e-09  2.07501e-09  2.14120e-09  2.22525e-09  2.33216e-09
  2.46839e-09  2.64227e-09  2.86454e-09  3.14900e-09  3.51318e-09  3.97902e-09
  4.57330e-09  5.32501e-09  6.27000e-09  7.44941e-09  8.87271e-09  1.05649e-08
  1.25819e-08  1.49868e-08  1.78151e-08  2.09667e-08  2.44256e-08  2.81827e-08
  3.22731e-08  3.69143e-08  4.21024e-08  4.77046e-08  5.35956e-08  6.00545e-08

  2.92158e-09  2.92240e-09  2.92343e-09  2.92474e-09  2.92637e-09  2.92843e-09
  2.93103e-09  2.93430e-09  2.93841e-09  2.94359e-09  2.95012e-09  2.95833e-09
  2.96868e-09  2.98171e-09  2.99813e-09  3.01882e-09  3.04488e-09  3.07773e-09
  3.11915e-09  3.17137e-09  3.23725e-09  3.32038e-09  3.42533e-09  3.55784e-09
  3.72521e-09  3.93660e-09  4.20351e-09  4.54019e-09  4.96410e-09  5.49631e-09
  6.15888e-09  6.97906e-09  7.98880e-09  9.19882e-09  1.06189e-08  1.23029e-08
  1.43046e-08  1.66306e-08  1.92701e-08  2.22212e-08  2.54784e-08  2.91082e-08
  3.30858e-08  3.75502e-08  4.26378e-08  4.82456e-08  5.42143e-08  6.06420e-08

  4.70862e-09  4.70963e-09  4.71090e-09  4.71250e-09  4.71451e-09  4.71705e-09
  4.72024e-09  4.72425e-09  4.72931e-09  4.73568e-09  4.74369e-09  4.75378e-09
  4.76647e-09  4.78245e-09  4.80255e-09  4.82786e-09  4.85969e-09  4.89974e-09
  4.95010e-09  5.01343e-09  5.09303e-09  5.19303e-09  5.31857e-09  5.47606e-09
  5.67337e-09  5.92020e-09  6.22829e-09  6.61175e-09  7.08707e-09  7.67118e-09
  8.38508e-09  9.25337e-09  1.02759e-08  1.14689e-08  1.28793e-08  1.45130e-08
  1.64302e-08  1.85872e-08  2.09854e-08  2.37375e-08  2.68392e-08  3.02718e-08
  3.41518e-08  3.84304e-08  4.33738e-08  4.89427e-08  5.49343e-08  6.13271e-08

  7.54886e-09  7.55001e-09  7.55146e-09  7.55328e-09  7.55557e-09  7.55846e-09
  7.56209e-09  7.56667e-09  7.57242e-09  7.57967e-09  7.58878e-09  7.60025e-09
  7.61467e-09  7.63282e-09  7.65564e-09  7.68432e-09  7.72036e-09  7.76562e-09
  7.82244e-09  7.89371e-09  7.98301e-09  8.09478e-09  8.23445e-09  8.40866e-09
  8.62543e-09  8.89433e-09  9.22666e-09  9.63499e-09  1.01323e-08  1.07349e-08
  1.14574e-08  1.22956e-08  1.32690e-08  1.44179e-08  1.57410e-08  1.72704e-08
  1.89649e-08  2.09027e-08  2.30722e-08  2.56210e-08  2.84829e-08  3.17827e-08
  3.54734e-08  3.96115e-08  4.43598e-08  4.97933e-08  5.57300e-08  6.21396e-08

  1.18504e-08  1.18516e-08  1.18530e-08  1.18549e-08  1.18572e-08  1.18601e-08
  1.18637e-08  1.18683e-08  1.18741e-08  1.18814e-08  1.18905e-08  1.19021e-08
  1.19165e-08  1.19347e-08  1.19576e-08  1.19864e-08  1.20224e-08  1.20677e-08
  1.21244e-08  1.21954e-08  1.22842e-08  1.23950e-08  1.25329e-08  1.27042e-08
  1.29161e-08  1.31769e-08  1.34951e-08  1.38820e-08  1.43470e-08  1.48860e-08
  1.55173e-08  1.62604e-08  1.71269e-08  1.81231e-08  1.92530e-08  2.04971e-08
  2.19972e-08  2.36479e-08  2.56328e-08  2.79191e-08  3.05604e-08  3.37044e-08
  3.71630e-08  4.11314e-08  4.56111e-08  5.08290e-08  5.66543e-08  6.30714e-08

  1.78934e-08  1.78943e-08  1.78955e-08  1.78970e-08  1.78988e-08  1.79012e-08
  1.79042e-08  1.79079e-08  1.79126e-08  1.79185e-08  1.79260e-08  1.79353e-08
  1.79471e-08  1.79619e-08  1.79805e-08  1.80038e-08  1.80330e-08  1.80697e-08
  1.81156e-08  1.81730e-08  1.82447e-08  1.83339e-08  1.84445e-08  1.85802e-08
  1.87472e-08  1.89490e-08  1.91839e-08  1.94632e-08  1.97898e-08  2.01951e-08
  2.06465e-08  2.11672e-08  2.17844e-08  2.24866e-08  2.33362e-08  2.43425e-08
  2.55544e-08  2.69912e-08  2.86896e-08  3.07273e-08  3.31674e-08  3.59443e-08
  3.92066e-08  4.29964e-08  4.71668e-08  5.21375e-08  5.77909e-08  6.41667e-08

h20 + h+ -> h0 + h2 +
  2.61993e-11  3.50269e-11  4.69184e-11  6.29301e-11  7.77727e-11  8.66299e-11
  9.24319e-11  9.69791e-11  9.83186e-11  8.87112e-11  7.64763e-11  7.57347e-11
  9.06653e-11  1.22551e-10  1.74020e-10  2.50344e-10  3.60084e-10  5.15420e-10
  7.31517e-10  1.02958e-09  1.44411e-09  2.02007e-09  2.81726e-09  3.91999e-09
  5.44665e-09  7.55755e-09  1.04561e-08  1.43762e-08  1.95485e-08  2.61431e-08
  3.41993e-08  4.35726e-08  5.39354e-08  6.48294e-08  7.57018e-08  8.58507e-08
  9.43324e-08  1.00033e-07  1.02035e-07  1.00105e-07  9.49077e-08  8.77292e-08
  7.98807e-08  7.21553e-08  6.50253e-08  5.93273e-08  5.51238e-08  4.99870e-08

  2.88511e-11  3.88341e-11  5.18914e-11  6.74872e-11  8.11958e-11  8.77825e-11
  9.04542e-11  9.25715e-11  9.41307e-11  8.86057e-11  7.84694e-11  7.82777e-11
  9.34345e-11  1.25047e-10  1.75782e-10  2.51268e-10  3.60357e-10  5.15376e-10
  7.32218e-10  1.03138e-09  1.44618e-09  2.02216e-09  2.81943e-09  3.92231e-09
  5.44921e-09  7.56038e-09  1.04592e-08  1.43796e-08  1.95520e-08  2.61467e-08
  3.42027e-08  4.35757e-08  5.39381e-08  6.48315e-08  7.57031e-08  8.58513e-08
  9.43323e-08  1.00032e-07  1.02034e-07  1.00105e-07  9.49081e-08  8.77298e-08
  7.98813e-08  7.21558e-08  6.50256e-08  5.93273e-08  5.51235e-08  4.99866e-08

  3.33318e-11  4.46955e-11  5.80913e-11  7.19787e-11  8.35368e-11  8.82857e-11
  8.84244e-11  8.85143e-11  8.97289e-11  8.82478e-11  8.12542e-11  8.16437e-11
  9.66225e-11  1.27646e-10  1.77587e-10  2.52350e-10  3.60953e-10  5.15740e-10
  7.33071e-10  1.03351e-09  1.44877e-09  2.02480e-09  2.82216e-09  3.92524e-09
  5.45242e-09  7.56394e-09  1.04631e-08  1.43838e-08  1.95565e-08  2.61511e-08
  3.42070e-08  4.35796e-08  5.39415e-08  6.48342e-08  7.57048e-08  8.58520e-08
  9.43322e-08  1.00032e-07  1.02034e-07  1.00105e-07  9.49084e-08  8.77305e-08
  7.98821e-08  7.21564e-08  6.50260e-08  5.93273e-08  5.51232e-08  4.99861e-08

  4.03964e-11  5.23862e-11  6.48065e-11  7.59651e-11  8.46504e-11  8.80305e-11
  8.64421e-11  8.50447e-11  8.59025e-11  8.77200e-11  8.48116e-11  8.57581e-11
  1.00106e-10  1.30301e-10  1.79477e-10  2.53664e-10  3.61957e-10  5.16644e-10
  7.34253e-10  1.03600e-09  1.45199e-09  2.02812e-09  2.82560e-09  3.92893e-09
  5.45647e-09  7.56843e-09  1.04681e-08  1.43891e-08  1.95621e-08  2.61567e-08
  3.42124e-08  4.35846e-08  5.39458e-08  6.48375e-08  7.57070e-08  8.58529e-08
  9.43321e-08  1.00031e-07  1.02033e-07  1.00105e-07  9.49089e-08  8.77314e-08
  7.98831e-08  7.21573e-08  6.50264e-08  5.93274e-08  5.51228e-08  4.99855e-08

  4.99427e-11  6.10207e-11  7.11585e-11  7.90492e-11  8.47096e-11  8.70500e-11
  8.48681e-11  8.26899e-11  8.34916e-11  8.72085e-11  8.87194e-11  9.04092e-11
  1.03772e-10  1.33017e-10  1.81530e-10  2.55313e-10  3.63483e-10  5.18206e-10
  7.36037e-10  1.03888e-09  1.45597e-09  2.03232e-09  2.82995e-09  3.93358e-09
  5.46157e-09  7.57409e-09  1.04743e-08  1.43958e-08  1.95691e-08  2.61638e-08
  3.42191e-08  4.35908e-08  5.39511e-08  6.48417e-08  7.57097e-08  8.58541e-08
  9.43320e-08  1.00030e-07  1.02032e-07  1.00105e-07  9.49096e-08  8.77325e-08
  7.98843e-08  7.21583e-08  6.50270e-08  5.93274e-08  5.51223e-08  4.99847e-08

  6.07791e-11  6.94087e-11  7.64584e-11  8.12386e-11  8.44119e-11  8.59100e-11
  8.44268e-11  8.20955e-11  8.28589e-11  8.70029e-11  9.21419e-11  9.52920e-11
  1.07581e-10  1.35880e-10  1.83863e-10  2.57435e-10  3.65674e-10  5.20568e-10
  7.38712e-10  1.04230e-09  1.46080e-09  2.03760e-09  2.83543e-09  3.93944e-09
  5.46800e-09  7.58120e-09  1.04821e-08  1.44043e-08  1.95779e-08  2.61727e-08
  3.42277e-08  4.35986e-08  5.39579e-08  6.48469e-08  7.57132e-08  8.58555e-08
  9.43318e-08  1.00029e-07  1.02032e-07  1.00105e-07  9.49104e-08  8.77339e-08
  7.98859e-08  7.21595e-08  6.50277e-08  5.93274e-08  5.51216e-08  4.99837e-08

  7.14867e-11  7.69810e-11  8.10828e-11  8.35598e-11  8.50538e-11  8.57943e-11
  8.56292e-11  8.33717e-11  8.36360e-11  8.72872e-11  9.42101e-11  1.00013e-10
  1.11626e-10  1.39047e-10  1.86626e-10  2.60212e-10  3.68711e-10  5.23916e-10
  7.42532e-10  1.04664e-09  1.46657e-09  2.04423e-09  2.84235e-09  3.94683e-09
  5.47610e-09  7.59017e-09  1.04920e-08  1.44150e-08  1.95891e-08  2.61839e-08
  3.42384e-08  4.36085e-08  5.39663e-08  6.48536e-08  7.57175e-08  8.58574e-08
  9.43316e-08  1.00028e-07  1.02030e-07  1.00105e-07  9.49113e-08  8.77357e-08
  7.98878e-08  7.21611e-08  6.50286e-08  5.93274e-08  5.51208e-08  4.99825e-08

  8.23694e-11  8.50925e-11  8.68168e-11  8.74260e-11  8.75938e-11  8.74775e-11
  8.79257e-11  8.57399e-11  8.50286e-11  8.79248e-11  9.48671e-11  1.04044e-10
  1.16081e-10  1.42707e-10  1.90041e-10  2.63897e-10  3.72814e-10  5.28487e-10
  7.47750e-10  1.05238e-09  1.47344e-09  2.05249e-09  2.85109e-09  3.95616e-09
  5.48631e-09  7.60147e-09  1.05044e-08  1.44284e-08  1.96031e-08  2.61980e-08
  3.42520e-08  4.36209e-08  5.39770e-08  6.48619e-08  7.57229e-08  8.58597e-08
  9.43313e-08  1.00026e-07  1.02029e-07  1.00105e-07  9.49126e-08  8.77380e-08
  7.98903e-08  7.21631e-08  6.50298e-08  5.93275e-08  5.51198e-08  4.99809e-08

  9.51164e-11  9.50562e-11  9.41347e-11  9.26629e-11  9.16075e-11  9.03816e-11
  9.00357e-11  8.79598e-11  8.64627e-11  8.88345e-11  9.49815e-11  1.06659e-10
  1.20981e-10  1.47168e-10  1.94480e-10  2.68789e-10  3.78231e-10  5.34576e-10
  7.54671e-10  1.06000e-09  1.48189e-09  2.06261e-09  2.86213e-09  3.96793e-09
  5.49918e-09  7.61570e-09  1.05201e-08  1.44453e-08  1.96207e-08  2.62157e-08
  3.42690e-08  4.36365e-08  5.39905e-08  6.48724e-08  7.57298e-08  8.58626e-08
  9.43309e-08  1.00024e-07  1.02027e-07  1.00104e-07  9.49142e-08  8.77408e-08
  7.98934e-08  7.21657e-08  6.50312e-08  5.93275e-08  5.51185e-08  4.99789e-08

  1.08456e-10  1.05171e-10  1.01493e-10  9.81581e-11  9.58390e-11  9.30805e-11
  9.10061e-11  8.90069e-11  8.78443e-11  8.99512e-11  9.51125e-11  1.08054e-10
  1.26213e-10  1.53011e-10  2.00372e-10  2.75138e-10  3.85250e-10  5.42575e-10
  7.63729e-10  1.07003e-09  1.49268e-09  2.07487e-09  2.87602e-09  3.98281e-09
  5.51542e-09  7.63364e-09  1.05398e-08  1.44665e-08  1.96429e-08  2.62380e-08
  3.42905e-08  4.36561e-08  5.40074e-08  6.48857e-08  7.57384e-08  8.58663e-08
  9.43305e-08  1.00022e-07  1.02025e-07  1.00104e-07  9.49161e-08  8.77443e-08
  7.98973e-08  7.21689e-08  6.50330e-08  5.93276e-08  5.51168e-08  4.99765e-08

  1.17494e-10  1.11947e-10  1.06542e-10  1.01907e-10  9.81713e-11  9.39890e-11
  9.04940e-11  8.90218e-11  8.94403e-11  9.14750e-11  9.60691e-11  1.09837e-10
  1.30990e-10  1.60434e-10  2.07892e-10  2.83192e-10  3.94344e-10  5.53058e-10
  7.75505e-10  1.08301e-09  1.50647e-09  2.09004e-09  2.89328e-09  4.00162e-09
  5.53591e-09  7.65625e-09  1.05647e-08  1.44933e-08  1.96709e-08  2.62661e-08
  3.43175e-08  4.36808e-08  5.40287e-08  6.49023e-08  7.57493e-08  8.58709e-08
  9.43299e-08  1.00018e-07  1.02022e-07  1.00104e-07  9.49186e-08  8.77488e-08
  7.99023e-08  7.21729e-08  6.50352e-08  5.93277e-08  5.51148e-08  4.99734e-08

  1.16581e-10  1.10791e-10  1.05519e-10  1.00991e-10  9.71390e-11  9.31554e-11
  8.98887e-11  8.97736e-11  9.12966e-11  9.37507e-11  9.83706e-11  1.12275e-10
  1.35572e-10  1.69268e-10  2.17758e-10  2.93847e-10  4.06439e-10  5.66799e-10
  7.90682e-10  1.09956e-09  1.52418e-09  2.10934e-09  2.91450e-09  4.02537e-09
  5.56181e-09  7.68476e-09  1.05959e-08  1.45270e-08  1.97061e-08  2.63014e-08
  3.43514e-08  4.37119e-08  5.40555e-08  6.49233e-08  7.57629e-08  8.58768e-08
  9.43292e-08  1.00014e-07  1.02018e-07  1.00103e-07  9.49217e-08  8.77544e-08
  7.99085e-08  7.21779e-08  6.50381e-08  5.93278e-08  5.51122e-08  4.99694e-08

  1.08875e-10  1.03703e-10  9.89793e-11  9.51448e-11  9.22942e-11  8.98288e-11
  8.82911e-11  8.98026e-11  9.22912e-11  9.64482e-11  1.02078e-10  1.16285e-10
  1.42616e-10  1.78855e-10  2.31119e-10  3.08242e-10  4.22365e-10  5.84438e-10
  8.09947e-10  1.12050e-09  1.54685e-09  2.13369e-09  2.94109e-09  4.05511e-09
  5.59455e-09  7.72074e-09  1.06354e-08  1.45694e-08  1.97503e-08  2.63458e-08
  3.43941e-08  4.37511e-08  5.40892e-08  6.49496e-08  7.57801e-08  8.58841e-08
  9.43283e-08  1.00009e-07  1.02014e-07  1.00102e-07  9.49256e-08  8.77615e-08
  7.99163e-08  7.21843e-08  6.50417e-08  5.93279e-08  5.51090e-08  4.99645e-08

  9.49192e-11  9.33279e-11  9.09266e-11  8.79862e-11  8.53551e-11  8.33755e-11
  8.29944e-11  8.57842e-11  9.05085e-11  9.68524e-11  1.06275e-10  1.22725e-10
  1.51848e-10  1.90229e-10  2.47339e-10  3.26435e-10  4.42153e-10  6.06329e-10
  8.34049e-10  1.14690e-09  1.57567e-09  2.16465e-09  2.97502e-09  4.09196e-09
  5.63592e-09  7.76618e-09  1.06851e-08  1.46228e-08  1.98060e-08  2.64018e-08
  3.44479e-08  4.38003e-08  5.41316e-08  6.49828e-08  7.58018e-08  8.58934e-08
  9.43273e-08  1.00003e-07  1.02008e-07  1.00102e-07  9.49306e-08  8.77704e-08
  7.99260e-08  7.21922e-08  6.50462e-08  5.93281e-08  5.51049e-08  4.99583e-08

  7.81507e-11  7.92040e-11  8.03728e-11  8.12417e-11  8.15321e-11  8.13786e-11
  8.21174e-11  8.50752e-11  9.04582e-11  9.79704e-11  1.11544e-10  1.31327e-10
  1.63184e-10  2.06448e-10  2.65681e-10  3.50561e-10  4.68084e-10  6.34445e-10
  8.64761e-10  1.18053e-09  1.61237e-09  2.20423e-09  3.01788e-09  4.13869e-09
  5.68781e-09  7.82360e-09  1.07477e-08  1.46900e-08  1.98761e-08  2.64721e-08
  3.45155e-08  4.38622e-08  5.41850e-08  6.50245e-08  7.58291e-08  8.59051e-08
  9.43260e-08  9.99949e-08  1.02001e-07  1.00100e-07  9.49367e-08  8.77815e-08
  7.99384e-08  7.22023e-08  6.50519e-08  5.93283e-08  5.50997e-08  4.99505e-08

  6.69847e-11  6.92515e-11  7.14262e-11  7.41927e-11  7.78638e-11  8.19279e-11
  8.60121e-11  9.09402e-11  9.87154e-11  1.08586e-10  1.23233e-10  1.46202e-10
  1.79258e-10  2.26005e-10  2.88604e-10  3.79702e-10  5.01634e-10  6.71043e-10
  9.04960e-10  1.22422e-09  1.65953e-09  2.25484e-09  3.07225e-09  4.19819e-09
  5.75260e-09  7.89612e-09  1.08268e-08  1.47748e-08  1.99643e-08  2.65606e-08
  3.46005e-08  4.39401e-08  5.42520e-08  6.50770e-08  7.58634e-08  8.59199e-08
  9.43244e-08  9.99849e-08  1.01992e-07  1.00099e-07  9.49445e-08  8.77955e-08
  7.99538e-08  7.22149e-08  6.50590e-08  5.93286e-08  5.50933e-08  4.99407e-08

  6.41018e-11  6.66542e-11  6.98949e-11  7.35790e-11  7.75338e-11  8.31172e-11
  9.06487e-11  9.98779e-11  1.10466e-10  1.22975e-10  1.41315e-10  1.68279e-10
  2.03678e-10  2.52876e-10  3.20016e-10  4.12868e-10  5.43736e-10  7.17182e-10
  9.55076e-10  1.27887e-09  1.71905e-09  2.31901e-09  3.14131e-09  4.27340e-09
  5.83520e-09  7.98701e-09  1.09267e-08  1.48815e-08  2.00753e-08  2.66718e-08
  3.47074e-08  4.40379e-08  5.43364e-08  6.51430e-08  7.59065e-08  8.59385e-08
  9.43225e-08  9.99724e-08  1.01981e-07  1.00097e-07  9.49542e-08  8.78131e-08
  7.99732e-08  7.22307e-08  6.50680e-08  5.93289e-08  5.50852e-08  4.99284e-08

  7.14897e-11  7.40552e-11  7.73349e-11  8.15783e-11  8.70899e-11  9.35609e-11
  1.01140e-10  1.12068e-10  1.26587e-10  1.44846e-10  1.66081e-10  1.94627e-10
  2.36437e-10  2.89816e-10  3.62084e-10  4.59629e-10  5.95084e-10  7.75718e-10
  1.01852e-09  1.34796e-09  1.79337e-09  2.39943e-09  3.22860e-09  4.36862e-09
  5.93990e-09  8.10144e-09  1.10525e-08  1.50160e-08  2.02150e-08  2.68117e-08
  3.48417e-08  4.41609e-08  5.44424e-08  6.52260e-08  7.59609e-08  8.59621e-08
  9.43203e-08  9.99567e-08  1.01967e-07  1.00095e-07  9.49664e-08  8.78351e-08
  7.99976e-08  7.22505e-08  6.50792e-08  5.93294e-08  5.50750e-08  4.99129e-08

  9.05876e-11  9.34593e-11  9.71477e-11  1.01885e-10  1.07923e-10  1.15800e-10
  1.25945e-10  1.37982e-10  1.53290e-10  1.74528e-10  2.02046e-10  2.36957e-10
  2.80780e-10  3.39718e-10  4.17943e-10  5.22070e-10  6.61125e-10  8.51300e-10
  1.09955e-09  1.43504e-09  1.88830e-09  2.50217e-09  3.33930e-09  4.48937e-09
  6.07245e-09  8.24698e-09  1.12103e-08  1.51857e-08  2.03907e-08  2.69875e-08
  3.50104e-08  4.43154e-08  5.45755e-08  6.53302e-08  7.60293e-08  8.59919e-08
  9.43177e-08  9.99373e-08  1.01949e-07  1.00092e-07  9.49816e-08  8.78627e-08
  8.00281e-08  7.22754e-08  6.50934e-08  5.93300e-08  5.50623e-08  4.98935e-08

  1.25360e-10  1.28806e-10  1.33182e-10  1.38752e-10  1.45860e-10  1.54914e-10
  1.66431e-10  1.81394e-10  2.00324e-10  2.23113e-10  2.53454e-10  2.93138e-10
  3.44812e-10  4.11419e-10  4.93071e-10  6.03921e-10  7.50253e-10  9.45169e-10
  1.20483e-09  1.54686e-09  2.00833e-09  2.63235e-09  3.48153e-09  4.64368e-09
  6.24072e-09  8.43122e-09  1.14100e-08  1.53989e-08  2.06120e-08  2.72084e-08
  3.52223e-08  4.45093e-08  5.47425e-08  6.54611e-08  7.61153e-08  8.60296e-08
  9.43148e-08  9.99131e-08  1.01927e-07  1.00089e-07  9.50006e-08  8.78973e-08
  8.00663e-08  7.23066e-08  6.51111e-08  5.93307e-08  5.50463e-08  4.98690e-08

  1.83218e-10  1.87372e-10  1.92614e-10  1.99233e-10  2.07599e-10  2.18190e-10
  2.31617e-10  2.48571e-10  2.70146e-10  2.97803e-10  3.32219e-10  3.74958e-10
  4.30950e-10  5.03906e-10  5.98066e-10  7.13977e-10  8.66561e-10  1.06870e-09
  1.33834e-09  1.69106e-09  2.16237e-09  2.79837e-09  3.66143e-09  4.84037e-09
  6.45590e-09  8.66498e-09  1.16628e-08  1.56670e-08  2.08905e-08  2.74861e-08
  3.54882e-08  4.47525e-08  5.49521e-08  6.56254e-08  7.62235e-08  8.60774e-08
  9.43118e-08  9.98833e-08  1.01899e-07  1.00085e-07  9.50243e-08  8.79404e-08
  8.01140e-08  7.23456e-08  6.51334e-08  5.93317e-08  5.50263e-08  4.98384e-08

  2.75499e-10  2.80360e-10  2.86475e-10  2.94165e-10  3.03839e-10  3.16009e-10
  3.31325e-10  3.50619e-10  3.74916e-10  4.05455e-10  4.44228e-10  4.93353e-10
  5.53810e-10  6.31104e-10  7.31626e-10  8.59315e-10  1.02239e-09  1.23138e-09
  1.50852e-09  1.87641e-09  2.36013e-09  3.01109e-09  3.89180e-09  5.09060e-09
  6.72845e-09  8.96250e-09  1.19834e-08  1.60061e-08  2.12400e-08  2.78352e-08
  3.58219e-08  4.50573e-08  5.52146e-08  6.58314e-08  7.63595e-08  8.61382e-08
  9.43089e-08  9.98465e-08  1.01865e-07  1.00079e-07  9.50537e-08  8.79941e-08
  8.01735e-08  7.23943e-08  6.51612e-08  5.93331e-08  5.50013e-08  4.98000e-08

  4.17562e-10  4.23007e-10  4.29850e-10  4.38445e-10  4.49238e-10  4.62785e-10
  4.79786e-10  5.01114e-10  5.27878e-10  5.61481e-10  6.03617e-10  6.56641e-10
  7.23672e-10  8.07606e-10  9.13237e-10  1.04874e-09  1.22119e-09  1.44481e-09
  1.73315e-09  2.11267e-09  2.61474e-09  3.28387e-09  4.18683e-09  5.41099e-09
  7.07641e-09  9.33913e-09  1.23886e-08  1.64349e-08  2.16804e-08  2.82733e-08
  3.62405e-08  4.54390e-08  5.55431e-08  6.60893e-08  7.65305e-08  8.62154e-08
  9.43066e-08  9.98015e-08  1.01823e-07  1.00072e-07  9.50901e-08  8.80608e-08
  8.02476e-08  7.24551e-08  6.51960e-08  5.93349e-08  5.49701e-08  4.97519e-08

  6.28305e-10  6.34138e-10  6.41469e-10  6.50682e-10  6.62255e-10  6.76787e-10
  6.95025e-10  7.17907e-10  7.46606e-10  7.82598e-10  8.27756e-10  8.84430e-10
  9.55625e-10  1.04539e-09  1.15885e-09  1.30204e-09  1.48423e-09  1.71815e-09
  2.02247e-09  2.41958e-09  2.94182e-09  3.63490e-09  4.56524e-09  5.82127e-09
  7.52129e-09  9.81936e-09  1.29020e-08  1.69749e-08  2.22349e-08  2.88231e-08
  3.67649e-08  4.59166e-08  5.59535e-08  6.64118e-08  7.67451e-08  8.63139e-08
  9.43060e-08  9.97470e-08  1.01770e-07  1.00063e-07  9.51350e-08  8.81435e-08
  8.03396e-08  7.25306e-08  6.52395e-08  5.93373e-08  5.49313e-08  4.96919e-08

  9.29379e-10  9.35413e-10  9.43005e-10  9.52558e-10  9.64574e-10  9.79686e-10
  9.98690e-10  1.02258e-09  1.05262e-09  1.09037e-09  1.13783e-09  1.19752e-09
  1.27266e-09  1.36736e-09  1.48707e-09  1.63911e-09  1.83245e-09  2.07945e-09
  2.39877e-09  2.81555e-09  3.36341e-09  4.08743e-09  5.05211e-09  6.34755e-09
  8.09057e-09  1.04320e-08  1.35544e-08  1.76580e-08  2.29325e-08  2.95129e-08
  3.74212e-08  4.65133e-08  5.64656e-08  6.68142e-08  7.70143e-08  8.64396e-08
  9.43086e-08  9.96815e-08  1.01706e-07  1.00051e-07  9.51900e-08  8.82454e-08
  8.04533e-08  7.26243e-08  6.52937e-08  5.93405e-08  5.48832e-08  4.96169e-08

  1.34520e-09  1.35135e-09  1.35910e-09  1.36886e-09  1.38116e-09  1.39665e-09
  1.41618e-09  1.44079e-09  1.47182e-09  1.51095e-09  1.56033e-09  1.62266e-09
  1.70142e-09  1.80108e-09  1.92739e-09  2.08796e-09  2.29301e-09  2.55578e-09
  2.89417e-09  3.33414e-09  3.91070e-09  4.67157e-09  5.68036e-09  7.02437e-09
  8.82017e-09  1.12144e-08  1.43840e-08  1.85225e-08  2.38117e-08  3.03788e-08
  3.82417e-08  4.72573e-08  5.71031e-08  6.73155e-08  7.73515e-08  8.66004e-08
  9.43170e-08  9.96039e-08  1.01628e-07  1.00036e-07  9.52569e-08  8.83704e-08
  8.05933e-08  7.27399e-08  6.53609e-08  5.93450e-08  5.48236e-08  4.95236e-08

  1.90542e-09  1.91176e-09  1.91975e-09  1.92981e-09  1.94251e-09  1.95852e-09
  1.97873e-09  2.00425e-09  2.03649e-09  2.07725e-09  2.12883e-09  2.19417e-09
  2.27703e-09  2.38226e-09  2.51614e-09  2.68685e-09  2.90519e-09  3.18562e-09
  3.54733e-09  4.01618e-09  4.62824e-09  5.43209e-09  6.49316e-09  7.89736e-09
  9.75711e-09  1.22149e-08  1.54401e-08  1.96175e-08  2.49198e-08  3.14655e-08
  3.92676e-08  4.81837e-08  5.78949e-08  6.79382e-08  7.77730e-08  8.68064e-08
  9.43353e-08  9.95138e-08  1.01533e-07  1.00017e-07  9.53375e-08  8.85226e-08
  8.07645e-08  7.28818e-08  6.54441e-08  5.93511e-08  5.47503e-08  4.94079e-08

  2.65127e-09  2.65799e-09  2.66647e-09  2.67715e-09  2.69063e-09  2.70763e-09
  2.72910e-09  2.75622e-09  2.79050e-09  2.83388e-09  2.88883e-09  2.95854e-09
  3.04709e-09  3.15977e-09  3.30342e-09  3.48697e-09  3.72206e-09  4.02408e-09
  4.41354e-09  4.91774e-09  5.57326e-09  6.42953e-09  7.55214e-09  9.02702e-09
  1.09632e-08  1.34959e-08  1.67853e-08  2.10047e-08  2.63159e-08  3.28280e-08
  4.05484e-08  4.93357e-08  5.88760e-08  6.87094e-08  7.82988e-08  8.70705e-08
  9.43697e-08  9.94116e-08  1.01420e-07  9.99925e-08  9.54333e-08  8.87065e-08
  8.09724e-08  7.30551e-08  6.55466e-08  5.93595e-08  5.46605e-08  4.92647e-08

  3.64616e-09  3.65356e-09  3.66288e-09  3.67462e-09  3.68944e-09  3.70812e-09
  3.73170e-09  3.76147e-09  3.79909e-09  3.84667e-09  3.90690e-09  3.98326e-09
  4.08021e-09  4.20350e-09  4.36061e-09  4.56123e-09  4.81801e-09  5.14751e-09
  5.57143e-09  6.11846e-09  6.82646e-09  7.74537e-09  8.94074e-09  1.04970e-08
  1.25203e-08  1.51385e-08  1.84994e-08  2.27621e-08  2.80741e-08  3.45342e-08
  4.21443e-08  5.07646e-08  6.00883e-08  6.96618e-08  7.89530e-08  8.74093e-08
  9.44292e-08  9.92999e-08  1.01286e-07  9.99603e-08  9.55454e-08  8.89260e-08
  8.12226e-08  7.32649e-08  6.56720e-08  5.93712e-08  5.45514e-08  4.90885e-08

  4.99077e-09  4.99915e-09  5.00971e-09  5.02301e-09  5.03977e-09  5.06091e-09
  5.08756e-09  5.12119e-09  5.16364e-09  5.21726e-09  5.28506e-09  5.37086e-09
  5.47957e-09  5.61751e-09  5.79283e-09  6.01607e-09  6.30091e-09  6.66510e-09
  7.13173e-09  7.73078e-09  8.50120e-09  9.49346e-09  1.07725e-08  1.24205e-08
  1.45391e-08  1.72486e-08  2.06839e-08  2.49862e-08  3.02852e-08  3.66667e-08
  4.41276e-08  5.25313e-08  6.15811e-08  7.08335e-08  7.97648e-08  8.78439e-08
  9.45270e-08  9.91837e-08  1.01132e-07  9.99183e-08  9.56735e-08  8.91845e-08
  8.15203e-08  7.35165e-08  6.58242e-08  5.93872e-08  5.44199e-08  4.88730e-08

  6.84262e-09  6.85227e-09  6.86443e-09  6.87974e-09  6.89903e-09  6.92334e-09
  6.95398e-09  6.99260e-09  7.04130e-09  7.10275e-09  7.18031e-09  7.27827e-09
  7.40211e-09  7.55879e-09  7.75724e-09  8.00893e-09  8.32856e-09  8.73508e-09
  9.25281e-09  9.91299e-09  1.07555e-08  1.18308e-08  1.32024e-08  1.49491e-08
  1.71665e-08  1.99658e-08  2.34685e-08  2.77969e-08  3.30593e-08  3.93245e-08
  4.65840e-08  5.47071e-08  6.34112e-08  7.22689e-08  8.07684e-08  8.84010e-08
  9.46818e-08  9.90722e-08  1.00957e-07  9.98631e-08  9.58157e-08  8.94830e-08
  8.18692e-08  7.38143e-08  6.60073e-08  5.94089e-08  5.42629e-08  4.86112e-08

  9.44030e-09  9.45145e-09  9.46548e-09  9.48315e-09  9.50540e-09  9.53342e-09
  9.56872e-09  9.61318e-09  9.66920e-09  9.73980e-09  9.82878e-09  9.94096e-09
  1.00824e-08  1.02609e-08  1.04863e-08  1.07708e-08  1.11304e-08  1.15851e-08
  1.21601e-08  1.28877e-08  1.38080e-08  1.49711e-08  1.64383e-08  1.82837e-08
  2.05944e-08  2.34701e-08  2.70182e-08  3.13420e-08  3.65275e-08  4.26234e-08
  4.96125e-08  5.73730e-08  6.56428e-08  7.40174e-08  8.20031e-08  8.91132e-08
  9.49190e-08  9.89801e-08  1.00765e-07  9.97904e-08  9.59664e-08  8.98196e-08
  8.22706e-08  7.41615e-08  6.62244e-08  5.94381e-08  5.40777e-08  4.82961e-08

  1.31301e-08  1.31428e-08  1.31587e-08  1.31789e-08  1.32042e-08  1.32361e-08
  1.32763e-08  1.33268e-08  1.33905e-08  1.34706e-08  1.35714e-08  1.36983e-08
  1.38581e-08  1.40592e-08  1.43122e-08  1.46305e-08  1.50308e-08  1.55342e-08
  1.61665e-08  1.69603e-08  1.79554e-08  1.92002e-08  2.07529e-08  2.26817e-08
  2.50641e-08  2.79855e-08  3.15356e-08  3.57998e-08  4.08430e-08  4.66939e-08
  5.33238e-08  6.06191e-08  6.83456e-08  7.61323e-08  8.35116e-08  9.00181e-08
  9.52714e-08  9.89296e-08  1.00563e-07  9.96936e-08  9.61154e-08  9.01867e-08
  8.27214e-08  7.45582e-08  6.64778e-08  5.94763e-08  5.38623e-08  4.79212e-08

  1.83853e-08  1.83993e-08  1.84170e-08  1.84393e-08  1.84673e-08  1.85025e-08
  1.85469e-08  1.86027e-08  1.86729e-08  1.87612e-08  1.88722e-08  1.90117e-08
  1.91870e-08  1.94072e-08  1.96835e-08  2.00299e-08  2.04639e-08  2.10069e-08
  2.16850e-08  2.25302e-08  2.35810e-08  2.48830e-08  2.64895e-08  2.84615e-08
  3.08663e-08  3.37744e-08  3.72557e-08  4.13745e-08  4.61775e-08  5.16767e-08
  5.78336e-08  6.45399e-08  7.15929e-08  7.86685e-08  8.53369e-08  9.11550e-08
  9.57778e-08  9.89512e-08  1.00360e-07  9.95645e-08  9.62452e-08  9.05686e-08
  8.32120e-08  7.50004e-08  6.67671e-08  5.95245e-08  5.36153e-08  4.74810e-08

  2.57961e-08  2.58108e-08  2.58294e-08  2.58528e-08  2.58822e-08  2.59192e-08
  2.59658e-08  2.60243e-08  2.60979e-08  2.61904e-08  2.63066e-08  2.64525e-08
  2.66355e-08  2.68650e-08  2.71524e-08  2.75118e-08  2.79605e-08  2.85198e-08
  2.92149e-08  3.00763e-08  3.11399e-08  3.24472e-08  3.40454e-08  3.59867e-08
  3.83267e-08  4.11218e-08  4.44240e-08  4.82760e-08  5.27051e-08  5.77108e-08
  6.32501e-08  6.92225e-08  7.54546e-08  8.16779e-08  8.75179e-08  9.25596e-08
  9.64771e-08  9.90815e-08  1.00176e-07  9.93938e-08  9.63289e-08  9.09381e-08
  8.37235e-08  7.54777e-08  6.70882e-08  5.95823e-08  5.33365e-08  4.69727e-08

  3.59870e-08  3.60013e-08  3.60193e-08  3.60420e-08  3.60705e-08  3.61063e-08
  3.61514e-08  3.62081e-08  3.62793e-08  3.63688e-08  3.64812e-08  3.66221e-08
  3.67988e-08  3.70201e-08  3.72968e-08  3.76422e-08  3.80726e-08  3.86074e-08
  3.92700e-08  4.00878e-08  4.10927e-08  4.23206e-08  4.38115e-08  4.56082e-08
  4.77542e-08  5.02917e-08  5.32578e-08  5.66787e-08  6.05645e-08  6.49039e-08
  6.96534e-08  7.47261e-08  7.99793e-08  8.51992e-08  9.00819e-08  9.42553e-08
  9.73996e-08  9.93563e-08  1.00034e-07  9.91730e-08  9.63302e-08  9.12526e-08
  8.42240e-08  7.59712e-08  6.74319e-08  5.96464e-08  5.30260e-08  4.63964e-08

  4.94124e-08  4.94246e-08  4.94400e-08  4.94594e-08  4.94838e-08  4.95144e-08
  4.95530e-08  4.96014e-08  4.96623e-08  4.97388e-08  4.98348e-08  4.99552e-08
  5.01061e-08  5.02950e-08  5.05310e-08  5.08255e-08  5.11920e-08  5.16469e-08
  5.22097e-08  5.29031e-08  5.37531e-08  5.47889e-08  5.60420e-08  5.75455e-08
  5.93322e-08  6.14318e-08  6.38686e-08  6.66577e-08  6.98002e-08  7.32788e-08
  7.70533e-08  8.10524e-08  8.51664e-08  8.92355e-08  9.30298e-08  9.62401e-08
  9.85527e-08  9.97994e-08  9.99567e-08  9.88959e-08  9.62054e-08  9.14528e-08
  8.46647e-08  7.64515e-08  6.77822e-08  5.97096e-08  5.26831e-08  4.57562e-08

  6.60085e-08  6.60170e-08  6.60277e-08  6.60411e-08  6.60580e-08  6.60793e-08
  6.61060e-08  6.61396e-08  6.61818e-08  6.62349e-08  6.63015e-08  6.63851e-08
  6.64898e-08  6.66210e-08  6.67850e-08  6.69898e-08  6.72449e-08  6.75618e-08
  6.79544e-08  6.84385e-08  6.90327e-08  6.97577e-08  7.06360e-08  7.16908e-08
  7.29449e-08  7.44189e-08  7.61284e-08  7.80819e-08  8.02781e-08  8.27026e-08
  8.53247e-08  8.80928e-08  9.09278e-08  9.37197e-08  9.63105e-08  9.84672e-08
  9.99006e-08  1.00403e-07  9.99576e-08  9.85595e-08  9.59072e-08  9.14632e-08
  8.49772e-08  7.68746e-08  6.81147e-08  5.97590e-08  5.23056e-08  4.50591e-08

  8.47880e-08  8.47916e-08  8.47962e-08  8.48019e-08  8.48092e-08  8.48183e-08
  8.48298e-08  8.48443e-08  8.48625e-08  8.48853e-08  8.49141e-08  8.49502e-08
  8.49956e-08  8.50525e-08  8.51240e-08  8.52135e-08  8.53256e-08  8.54656e-08
  8.56401e-08  8.58572e-08  8.61261e-08  8.64577e-08  8.68641e-08  8.73587e-08
  8.79550e-08  8.86659e-08  8.95019e-08  9.04699e-08  9.15711e-08  9.27996e-08
  9.41407e-08  9.55675e-08  9.70347e-08  9.84733e-08  9.97864e-08  1.00822e-07
  1.01341e-07  1.01100e-07  1.00019e-07  9.81619e-08  9.53945e-08  9.11963e-08
  8.50710e-08  7.71781e-08  6.83946e-08  5.97758e-08  5.18878e-08  4.43138e-08

  1.03622e-07  1.03621e-07  1.03620e-07  1.03618e-07  1.03616e-07  1.03613e-07
  1.03610e-07  1.03606e-07  1.03601e-07  1.03594e-07  1.03586e-07  1.03576e-07
  1.03563e-07  1.03548e-07  1.03529e-07  1.03505e-07  1.03477e-07  1.03442e-07
  1.03401e-07  1.03353e-07  1.03298e-07  1.03236e-07  1.03167e-07  1.03096e-07
  1.03024e-07  1.02957e-07  1.02901e-07  1.02863e-07  1.02848e-07  1.02862e-07
  1.02906e-07  1.02981e-07  1.03076e-07  1.03166e-07  1.03201e-07  1.03096e-07
  1.02691e-07  1.01737e-07  1.00055e-07  9.76813e-08  9.46404e-08  9.05673e-08
  8.48339e-08  7.72761e-08  6.85714e-08  5.97339e-08  5.14221e-08  4.35292e-08

  1.19535e-07  1.19531e-07  1.19525e-07  1.19518e-07  1.19510e-07  1.19499e-07
  1.19486e-07  1.19469e-07  1.19447e-07  1.19421e-07  1.19387e-07  1.19345e-07
  1.19292e-07  1.19226e-07  1.19144e-07  1.19041e-07  1.18913e-07  1.18755e-07
  1.18560e-07  1.18320e-07  1.18027e-07  1.17672e-07  1.17246e-07  1.16739e-07
  1.16145e-07  1.15458e-07  1.14676e-07  1.13802e-07  1.12844e-07  1.11813e-07
  1.10725e-07  1.09600e-07  1.08458e-07  1.07315e-07  1.06168e-07  1.04986e-07
  1.03686e-07  1.02069e-07  9.98808e-08  9.70344e-08  9.36195e-08  8.95096e-08
  8.41407e-08  7.70506e-08  6.85714e-08  5.95971e-08  5.08997e-08  4.27148e-08

  1.29623e-07  1.29618e-07  1.29611e-07  1.29603e-07  1.29592e-07  1.29579e-07
  1.29562e-07  1.29540e-07  1.29514e-07  1.29480e-07  1.29438e-07  1.29385e-07
  1.29318e-07  1.29235e-07  1.29130e-07  1.28999e-07  1.28836e-07  1.28632e-07
  1.28378e-07  1.28064e-07  1.27676e-07  1.27200e-07  1.26618e-07  1.25914e-07
  1.25069e-07  1.24066e-07  1.22893e-07  1.21541e-07  1.20011e-07  1.18312e-07
  1.16463e-07  1.14493e-07  1.12435e-07  1.10331e-07  1.08221e-07  1.06122e-07
  1.04018e-07  1.01801e-07  9.92180e-08  9.60346e-08  9.22647e-08  8.79771e-08
  8.28676e-08  7.63448e-08  6.82827e-08  5.93117e-08  5.03113e-08  4.18839e-08

  1.32233e-07  1.32228e-07  1.32222e-07  1.32215e-07  1.32206e-07  1.32194e-07
  1.32180e-07  1.32161e-07  1.32138e-07  1.32109e-07  1.32073e-07  1.32027e-07
  1.31970e-07  1.31897e-07  1.31807e-07  1.31693e-07  1.31550e-07  1.31371e-07
  1.31147e-07  1.30868e-07  1.30519e-07  1.30087e-07  1.29552e-07  1.28894e-07
  1.28088e-07  1.27111e-07  1.25938e-07  1.24547e-07  1.22923e-07  1.21060e-07
  1.18967e-07  1.16665e-07  1.14186e-07  1.11573e-07  1.08876e-07  1.06146e-07
  1.03417e-07  1.00678e-07  9.77769e-08  9.44114e-08  9.04225e-08  8.59193e-08
  8.09121e-08  7.49600e-08  6.75294e-08  5.87906e-08  4.96422e-08  4.10548e-08

  1.27668e-07  1.27665e-07  1.27662e-07  1.27657e-07  1.27651e-07  1.27643e-07
  1.27634e-07  1.27622e-07  1.27607e-07  1.27588e-07  1.27565e-07  1.27535e-07
  1.27497e-07  1.27450e-07  1.27391e-07  1.27316e-07  1.27222e-07  1.27104e-07
  1.26955e-07  1.26768e-07  1.26533e-07  1.26239e-07  1.25869e-07  1.25407e-07
  1.24831e-07  1.24116e-07  1.23233e-07  1.22152e-07  1.20844e-07  1.19284e-07
  1.17456e-07  1.15359e-07  1.13008e-07  1.10431e-07  1.07660e-07  1.04733e-07
  1.01693e-07  9.85829e-08  9.53942e-08  9.19267e-08  8.78838e-08  8.32508e-08
  7.82200e-08  7.26940e-08  6.60456e-08  5.78740e-08  4.88543e-08  4.02447e-08

  1.17955e-07  1.17953e-07  1.17951e-07  1.17949e-07  1.17946e-07  1.17943e-07
  1.17938e-07  1.17932e-07  1.17925e-07  1.17916e-07  1.17905e-07  1.17890e-07
  1.17872e-07  1.17850e-07  1.17821e-07  1.17784e-07  1.17739e-07  1.17681e-07
  1.17607e-07  1.17515e-07  1.17397e-07  1.17248e-07  1.17058e-07  1.16817e-07
  1.16509e-07  1.16117e-07  1.15618e-07  1.14984e-07  1.14182e-07  1.13177e-07
  1.11934e-07  1.10421e-07  1.08622e-07  1.06535e-07  1.04172e-07  1.01541e-07
  9.86411e-08  9.54813e-08  9.21060e-08  8.85194e-08  8.45076e-08  7.98800e-08
  7.48024e-08  6.94601e-08  6.35303e-08  5.62837e-08  4.78320e-08  3.94425e-08

  1.05843e-07  1.05842e-07  1.05842e-07  1.05841e-07  1.05840e-07  1.05839e-07
  1.05838e-07  1.05836e-07  1.05834e-07  1.05831e-07  1.05828e-07  1.05824e-07
  1.05819e-07  1.05812e-07  1.05803e-07  1.05792e-07  1.05779e-07  1.05761e-07
  1.05739e-07  1.05710e-07  1.05673e-07  1.05625e-07  1.05562e-07  1.05481e-07
  1.05373e-07  1.05229e-07  1.05038e-07  1.04780e-07  1.04433e-07  1.03964e-07
  1.03336e-07  1.02503e-07  1.01419e-07  1.00043e-07  9.83491e-08  9.63252e-08
  9.39508e-08  9.11718e-08  8.79417e-08  8.43098e-08  8.03129e-08  7.57880e-08
  7.07268e-08  6.53952e-08  5.98763e-08  5.36883e-08  4.63243e-08  3.85390e-08

  9.37287e-08  9.37288e-08  9.37288e-08  9.37289e-08  9.37290e-08  9.37291e-08
  9.37292e-08  9.37293e-08  9.37295e-08  9.37297e-08  9.37300e-08  9.37303e-08
  9.37307e-08  9.37312e-08  9.37318e-08  9.37325e-08  9.37333e-08  9.37342e-08
  9.37351e-08  9.37360e-08  9.37365e-08  9.37363e-08  9.37348e-08  9.37308e-08
  9.37226e-08  9.37070e-08  9.36792e-08  9.36314e-08  9.35513e-08  9.34201e-08
  9.32101e-08  9.28823e-08  9.23854e-08  9.16574e-08  9.06310e-08  8.92488e-08
  8.74783e-08  8.52858e-08  8.25782e-08  7.92622e-08  7.53932e-08  7.10277e-08
  6.60934e-08  6.07729e-08  5.53860e-08  4.99856e-08  4.40149e-08  3.72899e-08

  8.29935e-08  8.29936e-08  8.29937e-08  8.29939e-08  8.29941e-08  8.29943e-08
  8.29946e-08  8.29950e-08  8.29955e-08  8.29961e-08  8.29969e-08  8.29978e-08
  8.29990e-08  8.30005e-08  8.30024e-08  8.30047e-08  8.30076e-08  8.30111e-08
  8.30155e-08  8.30208e-08  8.30273e-08  8.30350e-08  8.30441e-08  8.30544e-08
  8.30658e-08  8.30773e-08  8.30874e-08  8.30931e-08  8.30889e-08  8.30654e-08
  8.30071e-08  8.28888e-08  8.26723e-08  8.23034e-08  8.17105e-08  8.08079e-08
  7.95119e-08  7.77795e-08  7.55990e-08  7.28878e-08  6.95369e-08  6.55676e-08
  6.09735e-08  5.58298e-08  5.05664e-08  4.55640e-08  4.07571e-08  3.54197e-08

h0 + h+ -> 2h+ + e
  1.77756e-20  1.90510e-20  2.06419e-20  2.24163e-20  2.44683e-20  2.68267e-20
  2.95246e-20  3.25805e-20  3.60820e-20  4.00541e-20  4.45524e-20  4.96601e-20
  5.54103e-20  6.18958e-20  6.92027e-20  7.74279e-20  8.66804e-20  9.70832e-20
  1.08774e-19  1.21909e-19  1.62430e-19  1.11879e-15  5.80689e-14  1.81662e-13
  9.80896e-13  1.03146e-11  2.10150e-11  3.37141e-11  1.40000e-10  3.08910e-10
  4.57076e-10  6.88557e-10  1.14692e-09  2.08410e-09  3.08290e-09  4.10744e-09
  5.49035e-09  7.57584e-09  1.04521e-08  1.38034e-08  1.71306e-08  2.01763e-08
  2.31246e-08  2.70005e-08  3.37111e-08  3.74630e-08  2.91758e-08  2.76207e-08

  1.87357e-20  1.99446e-20  2.14535e-20  2.31606e-20  2.51515e-20  2.74539e-20
  3.01000e-20  3.31272e-20  3.65785e-20  4.04846e-20  4.49415e-20  4.99886e-20
  5.57195e-20  6.21714e-20  6.94483e-20  7.76467e-20  8.68755e-20  9.72571e-20
  1.08929e-19  1.22047e-19  1.74459e-19  1.20419e-15  5.82568e-14  1.81677e-13
  1.00384e-12  1.03154e-11  2.10134e-11  3.39069e-11  1.40124e-10  3.08867e-10
  4.57182e-10  6.88755e-10  1.14797e-09  2.08401e-09  3.08297e-09  4.10782e-09
  5.49089e-09  7.57631e-09  1.04524e-08  1.38035e-08  1.71306e-08  2.01766e-08
  2.31251e-08  2.70008e-08  3.37111e-08  3.74624e-08  2.91763e-08  2.76210e-08

  1.99662e-20  2.10218e-20  2.23782e-20  2.40713e-20  2.59867e-20  2.82205e-20
  3.08038e-20  3.37728e-20  3.71693e-20  4.10417e-20  4.54454e-20  5.04252e-20
  5.61089e-20  6.25183e-20  6.97574e-20  7.79223e-20  8.71211e-20  9.74759e-20
  1.09124e-19  1.22221e-19  1.94421e-19  1.31344e-15  5.84926e-14  1.81713e-13
  1.03259e-12  1.03165e-11  2.10113e-11  3.41503e-11  1.40279e-10  3.08814e-10
  4.57315e-10  6.89006e-10  1.14927e-09  2.08390e-09  3.08306e-09  4.10829e-09
  5.49158e-09  7.57691e-09  1.04526e-08  1.38036e-08  1.71307e-08  2.01769e-08
  2.31257e-08  2.70011e-08  3.37111e-08  3.74617e-08  2.91768e-08  2.76213e-08

  2.13626e-20  2.24025e-20  2.36641e-20  2.51870e-20  2.70084e-20  2.91575e-20
  3.16639e-20  3.45624e-20  3.78937e-20  4.17047e-20  4.60495e-20  5.09906e-20
  5.65990e-20  6.29552e-20  7.01467e-20  7.82691e-20  8.74302e-20  9.77514e-20
  1.09370e-19  1.22439e-19  2.28806e-19  1.45363e-15  5.87880e-14  1.81787e-13
  1.06859e-12  1.03181e-11  2.10088e-11  3.44579e-11  1.40476e-10  3.08748e-10
  4.57483e-10  6.89326e-10  1.15090e-09  2.08377e-09  3.08317e-09  4.10889e-09
  5.49243e-09  7.57767e-09  1.04530e-08  1.38037e-08  1.71308e-08  2.01773e-08
  2.31264e-08  2.70016e-08  3.37111e-08  3.74608e-08  2.91775e-08  2.76217e-08

  2.30139e-20  2.39692e-20  2.51360e-20  2.65516e-20  2.82603e-20  3.03039e-20
  3.27153e-20  3.55275e-20  3.87797e-20  4.25174e-20  4.67934e-20  5.16684e-20
  5.72123e-20  6.35051e-20  7.06369e-20  7.87059e-20  8.78194e-20  9.80983e-20
  1.09679e-19  1.22715e-19  2.90359e-19  1.63418e-15  5.91577e-14  1.81928e-13
  1.11358e-12  1.03203e-11  2.10058e-11  3.48466e-11  1.40725e-10  3.08665e-10
  4.57694e-10  6.89734e-10  1.15294e-09  2.08362e-09  3.08331e-09  4.10964e-09
  5.49352e-09  7.57862e-09  1.04534e-08  1.38038e-08  1.71310e-08  2.01778e-08
  2.31273e-08  2.70021e-08  3.37111e-08  3.74596e-08  2.91784e-08  2.76222e-08

  2.49537e-20  2.58220e-20  2.68939e-20  2.82031e-20  2.97913e-20  3.17085e-20
  3.40016e-20  3.67071e-20  3.98625e-20  4.35115e-20  4.77053e-20  5.25030e-20
  5.79729e-20  6.41933e-20  7.12539e-20  7.92559e-20  8.83095e-20  9.85350e-20
  1.10068e-19  1.23062e-19  4.04914e-19  1.86759e-15  5.96197e-14  1.82191e-13
  1.16974e-12  1.03236e-11  2.10022e-11  3.53380e-11  1.41040e-10  3.08561e-10
  4.57959e-10  6.90256e-10  1.15546e-09  2.08343e-09  3.08349e-09  4.11059e-09
  5.49488e-09  7.57981e-09  1.04540e-08  1.38039e-08  1.71312e-08  2.01785e-08
  2.31284e-08  2.70028e-08  3.37111e-08  3.74582e-08  2.91795e-08  2.76229e-08

  2.72177e-20  2.79985e-20  2.89727e-20  3.01754e-20  3.16444e-20  3.34264e-20
  3.55776e-20  3.81504e-20  4.11861e-20  4.47265e-20  4.88207e-20  5.35262e-20
  5.89094e-20  6.50467e-20  7.20261e-20  7.99482e-20  8.89266e-20  9.90848e-20
  1.10558e-19  1.23498e-19  6.26456e-19  2.17058e-15  6.01956e-14  1.82670e-13
  1.23966e-12  1.03285e-11  2.09982e-11  3.59598e-11  1.41440e-10  3.08432e-10
  4.58293e-10  6.90930e-10  1.15859e-09  2.08322e-09  3.08371e-09  4.11178e-09
  5.49659e-09  7.58132e-09  1.04547e-08  1.38041e-08  1.71314e-08  2.01793e-08
  2.31298e-08  2.70037e-08  3.37111e-08  3.74563e-08  2.91809e-08  2.76237e-08

  2.98402e-20  3.05388e-20  3.14148e-20  3.25080e-20  3.38574e-20  3.55056e-20
  3.75051e-20  3.99187e-20  4.28054e-20  4.62115e-20  5.01839e-20  5.47778e-20
  6.00574e-20  6.60974e-20  7.29836e-20  8.08146e-20  8.97034e-20  9.97773e-20
  1.11175e-19  1.24048e-19  1.07098e-18  2.56542e-15  6.09118e-14  1.83533e-13
  1.32650e-12  1.03355e-11  2.09941e-11  3.67464e-11  1.41947e-10  3.08272e-10
  4.58712e-10  6.91802e-10  1.16245e-09  2.08299e-09  3.08399e-09  4.11328e-09
  5.49874e-09  7.58321e-09  1.04556e-08  1.38043e-08  1.71317e-08  2.01803e-08
  2.31316e-08  2.70048e-08  3.37110e-08  3.74540e-08  2.91826e-08  2.76247e-08

  3.28571e-20  3.34812e-20  3.42651e-20  3.52480e-20  3.64745e-20  3.79886e-20
  3.98379e-20  4.20814e-20  4.47895e-20  4.80285e-20  5.18502e-20  5.63073e-20
  6.14616e-20  6.73855e-20  7.41625e-20  8.18890e-20  9.06754e-20  1.00649e-19
  1.11952e-19  1.24740e-19  1.99382e-18  3.08177e-15  6.17991e-14  1.85085e-13
  1.43399e-12  1.03460e-11  2.09908e-11  3.77415e-11  1.42589e-10  3.08074e-10
  4.59239e-10  6.92938e-10  1.16719e-09  2.08276e-09  3.08433e-09  4.11516e-09
  5.50145e-09  7.58559e-09  1.04568e-08  1.38046e-08  1.71320e-08  2.01817e-08
  2.31338e-08  2.70063e-08  3.37110e-08  3.74511e-08  2.91848e-08  2.76260e-08

  3.63095e-20  3.68662e-20  3.75666e-20  3.84461e-20  3.95489e-20  4.09251e-20
  4.26239e-20  4.46989e-20  4.72161e-20  5.02547e-20  5.38888e-20  5.81769e-20
  6.31778e-20  6.89611e-20  7.56078e-20  8.32117e-20  9.18809e-20  1.01740e-19
  1.12930e-19  1.25612e-19  3.96753e-18  3.75879e-15  6.28935e-14  1.87868e-13
  1.56652e-12  1.03614e-11  2.09902e-11  3.89992e-11  1.43404e-10  3.07831e-10
  4.59900e-10  6.94431e-10  1.17298e-09  2.08254e-09  3.08477e-09  4.11753e-09
  5.50485e-09  7.58858e-09  1.04582e-08  1.38050e-08  1.71325e-08  2.01834e-08
  2.31365e-08  2.70081e-08  3.37110e-08  3.74474e-08  2.91876e-08  2.76276e-08

  4.02437e-20  4.07399e-20  4.13646e-20  4.21504e-20  4.31372e-20  4.43746e-20
  4.59187e-20  4.78248e-20  5.01529e-20  5.29773e-20  5.63867e-20  6.04643e-20
  6.52755e-20  7.08867e-20  7.73756e-20  8.48333e-20  9.33651e-20  1.03092e-19
  1.14154e-19  1.26709e-19  8.29118e-18  4.64755e-15  6.42356e-14  1.92856e-13
  1.72911e-12  1.03841e-11  2.09965e-11  4.05856e-11  1.44436e-10  3.07535e-10
  4.60730e-10  6.96411e-10  1.18002e-09  2.08240e-09  3.08531e-09  4.12050e-09
  5.50914e-09  7.59235e-09  1.04600e-08  1.38054e-08  1.71331e-08  2.01856e-08
  2.31400e-08  2.70103e-08  3.37109e-08  3.74428e-08  2.91911e-08  2.76296e-08

  4.47119e-20  4.51542e-20  4.57109e-20  4.64118e-20  4.72935e-20  4.84007e-20
  4.97891e-20  5.15216e-20  5.36604e-20  5.62725e-20  5.94415e-20  6.32669e-20
  6.78420e-20  7.32404e-20  7.95362e-20  8.68169e-20  9.51846e-20  1.04757e-19
  1.15671e-19  1.28101e-19  1.79204e-17  5.81333e-15  6.58696e-14  2.01769e-13
  1.92740e-12  1.04174e-11  2.10188e-11  4.25804e-11  1.45740e-10  3.07180e-10
  4.61771e-10  6.99059e-10  1.18851e-09  2.08240e-09  3.08599e-09  4.12425e-09
  5.51452e-09  7.59708e-09  1.04622e-08  1.38060e-08  1.71338e-08  2.01884e-08
  2.31442e-08  2.70132e-08  3.37108e-08  3.74370e-08  2.91954e-08  2.76322e-08

  4.97735e-20  5.01676e-20  5.06638e-20  5.12885e-20  5.20750e-20  5.30642e-20
  5.43065e-20  5.58643e-20  5.78082e-20  6.02079e-20  6.31388e-20  6.66945e-20
  7.09866e-20  7.61200e-20  8.21770e-20  8.92411e-20  9.74102e-20  1.06799e-19
  1.17540e-19  1.30015e-19  3.95243e-17  7.33722e-15  6.78429e-14  2.17606e-13
  2.16746e-12  1.04657e-11  2.10750e-11  4.50760e-11  1.47381e-10  3.06762e-10
  4.63077e-10  7.02631e-10  1.19867e-09  2.08268e-09  3.08683e-09  4.12895e-09
  5.52128e-09  7.60303e-09  1.04651e-08  1.38068e-08  1.71347e-08  2.01919e-08
  2.31496e-08  2.70169e-08  3.37107e-08  3.74296e-08  2.92009e-08  2.76354e-08

  5.54955e-20  5.58467e-20  5.62890e-20  5.68457e-20  5.75467e-20  5.84291e-20
  5.95390e-20  6.09329e-20  6.26807e-20  6.48619e-20  6.75544e-20  7.08429e-20
  7.48324e-20  7.96483e-20  8.54081e-20  9.22041e-20  1.00130e-19  1.09296e-19
  1.19830e-19  1.33926e-19  8.78319e-17  9.31615e-15  7.02091e-14  2.45437e-13
  2.45556e-12  1.05348e-11  2.12003e-11  4.81760e-11  1.49430e-10  3.06286e-10
  4.64713e-10  7.07479e-10  1.21075e-09  2.08345e-09  3.08788e-09  4.13485e-09
  5.52976e-09  7.61050e-09  1.04687e-08  1.38077e-08  1.71359e-08  2.01965e-08
  2.31561e-08  2.70216e-08  3.37106e-08  3.74204e-08  2.92078e-08  2.76395e-08

  6.19538e-20  6.22669e-20  6.26611e-20  6.31573e-20  6.37820e-20  6.45684e-20
  6.55585e-20  6.68038e-20  6.83678e-20  7.03289e-20  7.27763e-20  7.57973e-20
  7.94871e-20  8.39634e-20  8.93668e-20  9.58294e-20  1.03455e-19  1.12348e-19
  1.22632e-19  1.51694e-19  1.94194e-16  1.18599e-14  7.30543e-14  2.93504e-13
  2.79771e-12  1.06322e-11  2.14603e-11  5.19895e-11  1.51967e-10  3.05772e-10
  4.66769e-10  7.14081e-10  1.22498e-09  2.08500e-09  3.08921e-09  4.14226e-09
  5.54041e-09  7.61988e-09  1.04732e-08  1.38090e-08  1.71375e-08  2.02022e-08
  2.31642e-08  2.70277e-08  3.37104e-08  3.74089e-08  2.92165e-08  2.76446e-08

  6.92343e-20  6.95134e-20  6.98646e-20  7.03069e-20  7.08636e-20  7.15645e-20
  7.24470e-20  7.35578e-20  7.49551e-20  7.67100e-20  7.89104e-20  8.16563e-20
  8.50459e-20  8.91859e-20  9.42085e-20  1.00271e-19  1.07522e-19  1.16078e-19
  1.26056e-19  2.73949e-19  4.21790e-16  1.50838e-14  7.66166e-14  3.74467e-13
  3.19914e-12  1.07667e-11  2.19707e-11  5.66233e-11  1.55067e-10  3.05268e-10
  4.69370e-10  7.23053e-10  1.24161e-09  2.08773e-09  3.09088e-09  4.15155e-09
  5.55376e-09  7.63165e-09  1.04790e-08  1.38105e-08  1.71395e-08  2.02095e-08
  2.31742e-08  2.70354e-08  3.37102e-08  3.73943e-08  2.92273e-08  2.76510e-08

  7.74335e-20  7.76822e-20  7.79953e-20  7.83894e-20  7.88856e-20  7.95103e-20
  8.02967e-20  8.12868e-20  8.25332e-20  8.41010e-20  8.60700e-20  8.85389e-20
  9.16199e-20  9.54231e-20  1.00068e-19  1.05704e-19  1.12506e-19  1.20642e-19
  1.30242e-19  1.12517e-18  8.88771e-16  1.90976e-14  8.17313e-14  5.06389e-13
  3.66368e-12  1.09502e-11  2.29208e-11  6.21707e-11  1.58806e-10  3.04875e-10
  4.72719e-10  7.35150e-10  1.26089e-09  2.09218e-09  3.09305e-09  4.16317e-09
  5.57047e-09  7.64639e-09  1.04862e-08  1.38125e-08  1.71422e-08  2.02187e-08
  2.31864e-08  2.70453e-08  3.37098e-08  3.73761e-08  2.92409e-08  2.76591e-08

  8.66602e-20  8.68818e-20  8.71609e-20  8.75121e-20  8.79544e-20  8.85111e-20
  8.92120e-20  9.00944e-20  9.12053e-20  9.26038e-20  9.43629e-20  9.65721e-20
  9.93423e-20  1.02799e-19  1.07067e-19  1.12278e-19  1.18601e-19  1.26234e-19
  1.35403e-19  6.41799e-18  1.79553e-15  2.39901e-14  9.12250e-14  7.12649e-13
  4.19330e-12  1.12045e-11  2.45925e-11  6.87004e-11  1.63255e-10  3.04778e-10
  4.77177e-10  7.51226e-10  1.28310e-09  2.09897e-09  3.09593e-09  4.17769e-09
  5.59137e-09  7.66486e-09  1.04954e-08  1.38151e-08  1.71458e-08  2.02301e-08
  2.32014e-08  2.70582e-08  3.37093e-08  3.73531e-08  2.92578e-08  2.76693e-08

  9.70368e-20  9.72343e-20  9.74830e-20  9.77961e-20  9.81902e-20  9.86864e-20
  9.93111e-20  1.00098e-19  1.01088e-19  1.02334e-19  1.03903e-19  1.05877e-19
  1.08356e-19  1.11464e-19  1.15343e-19  1.20131e-19  1.25978e-19  1.33073e-19
  1.44071e-19  3.44714e-17  3.44218e-15  2.98256e-14  1.13421e-13  1.01986e-12
  4.78805e-12  1.15880e-11  2.73584e-11  7.62479e-11  1.68497e-10  3.05287e-10
  4.83403e-10  7.72160e-10  1.30856e-09  2.10882e-09  3.09994e-09  4.19579e-09
  5.61744e-09  7.68794e-09  1.05070e-08  1.38185e-08  1.71508e-08  2.02441e-08
  2.32197e-08  2.70750e-08  3.37085e-08  3.73244e-08  2.92790e-08  2.76822e-08

  1.08701e-19  1.08877e-19  1.09099e-19  1.09378e-19  1.09729e-19  1.10171e-19
  1.10728e-19  1.11429e-19  1.12311e-19  1.13422e-19  1.14821e-19  1.16581e-19
  1.18796e-19  1.21577e-19  1.25065e-19  1.29417e-19  1.34789e-19  1.41350e-19
  2.33469e-19  1.57584e-16  6.21245e-15  3.67766e-14  1.68728e-13  1.45333e-12
  5.44708e-12  1.22637e-11  3.16419e-11  8.48166e-11  1.74642e-10  3.06889e-10
  4.92526e-10  7.98753e-10  1.33765e-09  2.12247e-09  3.10581e-09  4.21829e-09
  5.64992e-09  7.71674e-09  1.05217e-08  1.38230e-08  1.71577e-08  2.02614e-08
  2.32423e-08  2.70967e-08  3.37075e-08  3.72883e-08  2.93053e-08  2.76983e-08

  1.21808e-19  1.21965e-19  1.22162e-19  1.22411e-19  1.22724e-19  1.23118e-19
  1.23614e-19  1.24239e-19  1.25025e-19  1.26015e-19  1.27262e-19  1.28831e-19
  1.30806e-19  1.33291e-19  1.36412e-19  1.40325e-19  1.45208e-19  1.51260e-19
  1.98749e-18  5.96166e-16  1.05047e-14  4.63341e-14  2.97344e-13  2.03107e-12
  6.17546e-12  1.36178e-11  3.78340e-11  9.43921e-11  1.81856e-10  3.10342e-10
  5.06223e-10  8.31634e-10  1.37091e-09  2.14080e-09  3.11485e-09  4.24613e-09
  5.69026e-09  7.75262e-09  1.05405e-08  1.38291e-08  1.71672e-08  2.02825e-08
  2.32700e-08  2.71247e-08  3.37062e-08  3.72430e-08  2.93379e-08  2.77186e-08

  1.36531e-19  1.36670e-19  1.36846e-19  1.37068e-19  1.37347e-19  1.37698e-19
  1.38141e-19  1.38697e-19  1.39398e-19  1.40281e-19  1.41392e-19  1.42790e-19
  1.44551e-19  1.46767e-19  1.49555e-19  1.53056e-19  1.57447e-19  1.69750e-19
  2.47882e-17  1.85189e-15  1.66401e-14  6.77047e-14  5.60386e-13  2.75895e-12
  7.02780e-12  1.63600e-11  4.61940e-11  1.04974e-10  1.90390e-10  3.16946e-10
  5.26556e-10  8.71239e-10  1.40907e-09  2.16485e-09  3.12911e-09  4.28045e-09
  5.74017e-09  7.79719e-09  1.05643e-08  1.38377e-08  1.71798e-08  2.03081e-08
  2.33041e-08  2.71606e-08  3.37045e-08  3.71864e-08  2.93783e-08  2.77442e-08

  1.53065e-19  1.53190e-19  1.53347e-19  1.53544e-19  1.53793e-19  1.54106e-19
  1.54500e-19  1.54996e-19  1.55621e-19  1.56407e-19  1.57397e-19  1.58644e-19
  1.60213e-19  1.62189e-19  1.64675e-19  1.67804e-19  1.71748e-19  7.65507e-19
  2.06535e-16  4.74373e-15  2.53229e-14  1.36913e-13  1.02527e-12  3.63239e-12
  8.28872e-12  2.14455e-11  5.67838e-11  1.16629e-10  2.00675e-10  3.29084e-10
  5.55562e-10  9.17888e-10  1.45316e-09  2.19606e-09  3.15147e-09  4.32259e-09
  5.80166e-09  7.85240e-09  1.05947e-08  1.38503e-08  1.71962e-08  2.03391e-08
  2.33463e-08  2.72063e-08  3.37025e-08  3.71156e-08  2.94281e-08  2.77764e-08

  1.71631e-19  1.71742e-19  1.71882e-19  1.72058e-19  1.72279e-19  1.72559e-19
  1.72910e-19  1.73352e-19  1.73909e-19  1.74610e-19  1.75492e-19  1.76603e-19
  1.78001e-19  1.79762e-19  1.81979e-19  1.84769e-19  2.04632e-19  1.96127e-17
  1.10951e-15  1.01928e-14  4.46205e-14  3.41952e-13  1.73875e-12  4.68472e-12
  1.08443e-11  2.97327e-11  6.94961e-11  1.29565e-10  2.13804e-10  3.50516e-10
  5.94923e-10  9.71972e-10  1.50466e-09  2.23636e-09  3.18521e-09  4.37435e-09
  5.87697e-09  7.92056e-09  1.06340e-08  1.38684e-08  1.72170e-08  2.03768e-08
  2.33987e-08  2.72641e-08  3.37007e-08  3.70273e-08  2.94890e-08  2.78170e-08

  1.92474e-19  1.92573e-19  1.92698e-19  1.92855e-19  1.93052e-19  1.93301e-19
  1.93614e-19  1.94008e-19  1.94504e-19  1.95129e-19  1.95915e-19  1.96905e-19
  1.98152e-19  1.99721e-19  2.01696e-19  2.05466e-19  2.82148e-18  2.72229e-16
  4.03455e-15  2.03255e-14  1.25692e-13  8.11864e-13  2.71598e-12  6.31577e-12
  1.63239e-11  4.16098e-11  8.42086e-11  1.44353e-10  2.32916e-10  3.85442e-10
  6.45968e-10  1.03423e-09  1.56561e-09  2.28838e-09  3.23375e-09  4.43860e-09
  5.96850e-09  8.00450e-09  1.06856e-08  1.38941e-08  1.72430e-08  2.04227e-08
  2.34637e-08  2.73370e-08  3.36993e-08  3.69173e-08  2.95630e-08  2.78680e-08

  2.15871e-19  2.15959e-19  2.16070e-19  2.16210e-19  2.16386e-19  2.16608e-19
  2.16887e-19  2.17238e-19  2.17681e-19  2.18237e-19  2.18938e-19  2.19821e-19
  2.20931e-19  2.22330e-19  2.24697e-19  1.11268e-18  9.98601e-17  1.84898e-15
  1.11491e-14  6.15567e-14  4.20629e-13  1.64694e-12  4.11853e-12  1.01091e-11
  2.63492e-11  5.69366e-11  1.01088e-10  1.63199e-10  2.64136e-10  4.36702e-10
  7.09789e-10  1.10602e-09  1.63883e-09  2.35565e-09  3.30094e-09  4.52018e-09
  6.07873e-09  8.10813e-09  1.07538e-08  1.39293e-08  1.72754e-08  2.04791e-08
  2.35448e-08  2.74283e-08  3.36986e-08  3.67811e-08  2.96523e-08  2.79323e-08

  2.42133e-19  2.42211e-19  2.42310e-19  2.42435e-19  2.42592e-19  2.42789e-19
  2.43038e-19  2.43351e-19  2.43745e-19  2.44242e-19  2.44866e-19  2.45653e-19
  2.46643e-19  2.50124e-19  1.31308e-18  7.44757e-17  1.21524e-15  7.66475e-15
  4.33092e-14  2.81247e-13  1.14068e-12  3.00216e-12  7.32270e-12  1.88259e-11
  4.14907e-11  7.53415e-11  1.21812e-10  1.92914e-10  3.13871e-10  5.05344e-10
  7.87788e-10  1.18983e-09  1.72818e-09  2.44290e-09  3.39181e-09  4.62593e-09
  6.21064e-09  8.23678e-09  1.08429e-08  1.39767e-08  1.73164e-08  2.05488e-08
  2.36459e-08  2.75421e-08  3.36981e-08  3.66136e-08  2.97588e-08  2.80132e-08

  2.71607e-19  2.71677e-19  2.71766e-19  2.71877e-19  2.72017e-19  2.72193e-19
  2.72414e-19  2.72693e-19  2.73045e-19  2.73487e-19  2.74044e-19  2.74832e-19
  3.17182e-19  4.53498e-18  1.24378e-16  1.32570e-15  7.85412e-15  4.80182e-14
  2.70091e-13  9.89996e-13  2.59937e-12  6.45518e-12  1.59891e-11  3.42503e-11
  6.14764e-11  9.82759e-11  1.53913e-10  2.43666e-10  3.85056e-10  5.91563e-10
  8.83029e-10  1.29022e-09  1.83872e-09  2.55631e-09  3.51297e-09  4.76357e-09
  6.36929e-09  8.39577e-09  1.09575e-08  1.40400e-08  1.73693e-08  2.06354e-08
  2.37721e-08  2.76834e-08  3.36969e-08  3.64102e-08  2.98841e-08  2.81153e-08

  3.04686e-19  3.04748e-19  3.04827e-19  3.04926e-19  3.05051e-19  3.05208e-19
  3.05405e-19  3.05654e-19  3.05967e-19  3.06663e-19  3.41878e-19  2.00842e-18
  3.76004e-17  4.07306e-16  2.75661e-15  1.65197e-14  9.22618e-14  3.85187e-13
  1.16696e-12  2.98265e-12  7.37733e-12  1.68702e-11  3.32105e-11  5.66198e-11
  8.86685e-11  1.36504e-10  2.10547e-10  3.21182e-10  4.78287e-10  6.97366e-10
  1.00028e-09  1.41497e-09  1.97689e-09  2.70413e-09  3.67358e-09  4.94240e-09
  6.56251e-09  8.58883e-09  1.11025e-08  1.41256e-08  1.74389e-08  2.07441e-08
  2.39291e-08  2.78577e-08  3.36938e-08  3.61658e-08  3.00294e-08  2.82439e-08

  3.41808e-19  3.41863e-19  3.41933e-19  3.42022e-19  3.42133e-19  3.42301e-19
  3.43601e-19  3.72556e-19  9.10349e-19  7.94099e-18  7.31256e-17  5.30261e-16
  3.23470e-15  1.73670e-14  7.82621e-14  2.82216e-13  8.31881e-13  2.15421e-12
  5.17874e-12  1.14157e-11  2.22854e-11  3.86325e-11  6.14140e-11  9.31951e-11
  1.39853e-10  2.06859e-10  2.99119e-10  4.26172e-10  5.94932e-10  8.30210e-10
  1.14550e-09  1.57581e-09  2.15229e-09  2.89939e-09  3.88705e-09  5.17107e-09
  6.79901e-09  8.81844e-09  1.12852e-08  1.42424e-08  1.75328e-08  2.08813e-08
  2.41241e-08  2.80709e-08  3.36864e-08  3.58754e-08  3.01957e-08  2.84060e-08

  3.88034e-19  4.09152e-19  5.19167e-19  1.10175e-18  4.10171e-18  1.90432e-17
  9.01784e-17  4.08770e-16  1.73380e-15  6.78822e-15  2.42603e-14  7.84834e-14
  2.29232e-13  6.07468e-13  1.47450e-12  3.30232e-12  6.82701e-12  1.29773e-11
  2.26848e-11  3.68600e-11  5.66712e-11  8.37197e-11  1.20320e-10  1.69612e-10
  2.33580e-10  3.14654e-10  4.20941e-10  5.60353e-10  7.45397e-10  9.98748e-10
  1.33403e-09  1.79055e-09  2.38392e-09  3.15998e-09  4.16587e-09  5.45657e-09
  7.08586e-09  9.08933e-09  1.15151e-08  1.44020e-08  1.76631e-08  2.10548e-08
  2.43651e-08  2.83290e-08  3.36711e-08  3.55348e-08  3.03843e-08  2.86102e-08

  1.57086e-14  2.34844e-14  3.65708e-14  5.91047e-14  9.86192e-14  1.68765e-13
  2.93962e-13  5.16976e-13  9.10496e-13  1.59342e-12  2.75131e-12  4.65826e-12
  7.69408e-12  1.23489e-11  1.92091e-11  2.89289e-11  4.22006e-11  5.97402e-11
  8.22768e-11  1.10540e-10  1.45289e-10  1.87400e-10  2.37877e-10  2.98065e-10
  3.71271e-10  4.64495e-10  5.85020e-10  7.40138e-10  9.48243e-10  1.22960e-09
  1.59720e-09  2.07956e-09  2.69403e-09  3.49929e-09  4.51839e-09  5.80748e-09
  7.43393e-09  9.41478e-09  1.18026e-08  1.46225e-08  1.78461e-08  2.12742e-08
  2.46612e-08  2.86367e-08  3.36420e-08  3.51428e-08  3.05950e-08  2.88676e-08

  2.82089e-11  2.97197e-11  3.16108e-11  3.39741e-11  3.69210e-11  4.05853e-11
  4.51253e-11  5.07249e-11  5.75924e-11  6.59578e-11  7.60662e-11  8.81687e-11
  1.02512e-10  1.19326e-10  1.38820e-10  1.61179e-10  1.86579e-10  2.15221e-10
  2.47389e-10  2.83556e-10  3.24534e-10  3.71696e-10  4.27274e-10  4.94719e-10
  5.78967e-10  6.86219e-10  8.24249e-10  1.00592e-09  1.24829e-09  1.56020e-09
  1.95368e-09  2.46075e-09  3.10417e-09  3.92901e-09  4.95419e-09  6.23691e-09
  7.85445e-09  9.81196e-09  1.21640e-08  1.49246e-08  1.81011e-08  2.15536e-08
  2.50215e-08  2.89962e-08  3.35910e-08  3.47039e-08  3.08274e-08  2.91934e-08

  4.62568e-10  4.62887e-10  4.63303e-10  4.63848e-10  4.64567e-10  4.65517e-10
  4.66775e-10  4.68440e-10  4.70636e-10  4.73515e-10  4.77262e-10  4.82088e-10
  4.88235e-10  4.95981e-10  5.05656e-10  5.17655e-10  5.32458e-10  5.50669e-10
  5.73090e-10  6.00843e-10  6.35527e-10  6.79396e-10  7.35576e-10  8.08301e-10
  9.03119e-10  1.02709e-09  1.18906e-09  1.39951e-09  1.66881e-09  2.00591e-09
  2.42916e-09  2.96821e-09  3.63565e-09  4.46432e-09  5.48818e-09  6.76618e-09
  8.36881e-09  1.03039e-08  1.26220e-08  1.53309e-08  1.84570e-08  2.19126e-08
  2.54523e-08  2.94051e-08  3.35084e-08  3.42303e-08  3.10803e-08  2.96038e-08

  1.01567e-09  1.01543e-09  1.01514e-09  1.01478e-09  1.01433e-09  1.01377e-09
  1.01308e-09  1.01223e-09  1.01122e-09  1.01003e-09  1.00868e-09  1.00724e-09
  1.00585e-09  1.00481e-09  1.00456e-09  1.00583e-09  1.00959e-09  1.01711e-09
  1.02998e-09  1.05039e-09  1.08126e-09  1.12619e-09  1.18917e-09  1.27465e-09
  1.38793e-09  1.53537e-09  1.72416e-09  1.96237e-09  2.25867e-09  2.62306e-09
  3.07305e-09  3.62895e-09  4.30241e-09  5.12537e-09  6.14865e-09  7.42658e-09
  9.01062e-09  1.09270e-08  1.32138e-08  1.58715e-08  1.89451e-08  2.23682e-08
  2.59560e-08  2.98551e-08  3.33844e-08  3.37443e-08  3.13544e-08  3.01148e-08

  1.45132e-09  1.45202e-09  1.45291e-09  1.45402e-09  1.45543e-09  1.45718e-09
  1.45939e-09  1.46216e-09  1.46564e-09  1.46998e-09  1.47542e-09  1.48220e-09
  1.49065e-09  1.50114e-09  1.51416e-09  1.53032e-09  1.55038e-09  1.57543e-09
  1.60694e-09  1.64707e-09  1.69865e-09  1.76484e-09  1.84902e-09  1.95551e-09
  2.09054e-09  2.26156e-09  2.47548e-09  2.73841e-09  3.05707e-09  3.44144e-09
  3.90581e-09  4.46619e-09  5.14000e-09  5.96133e-09  6.98885e-09  8.26009e-09
  9.82353e-09  1.17159e-08  1.39645e-08  1.65757e-08  1.95872e-08  2.29404e-08
  2.65378e-08  3.03328e-08  3.32137e-08  3.32800e-08  3.16565e-08  3.07374e-08

  2.26671e-09  2.26785e-09  2.26928e-09  2.27108e-09  2.27334e-09  2.27619e-09
  2.27977e-09  2.28426e-09  2.28991e-09  2.29701e-09  2.30590e-09  2.31705e-09
  2.33101e-09  2.34846e-09  2.37021e-09  2.39727e-09  2.43082e-09  2.47223e-09
  2.52309e-09  2.58521e-09  2.66066e-09  2.75174e-09  2.86154e-09  2.99424e-09
  3.15391e-09  3.34439e-09  3.56932e-09  3.83534e-09  4.15323e-09  4.53501e-09
  4.99454e-09  5.54761e-09  6.21610e-09  7.03537e-09  8.05751e-09  9.31603e-09
  1.08588e-08  1.27175e-08  1.49214e-08  1.74886e-08  2.04103e-08  2.36612e-08
  2.72100e-08  3.08153e-08  3.29981e-08  3.28823e-08  3.20011e-08  3.14627e-08

  3.85110e-09  3.85218e-09  3.85353e-09  3.85523e-09  3.85737e-09  3.86006e-09
  3.86345e-09  3.86770e-09  3.87303e-09  3.87973e-09  3.88812e-09  3.89864e-09
  3.91179e-09  3.92821e-09  3.94869e-09  3.97416e-09  4.00575e-09  4.04480e-09
  4.09288e-09  4.15179e-09  4.22356e-09  4.31043e-09  4.41493e-09  4.53965e-09
  4.68734e-09  4.86263e-09  5.07164e-09  5.32005e-09  5.61610e-09  5.96874e-09
  6.39522e-09  6.91861e-09  7.56752e-09  8.37804e-09  9.39139e-09  1.06421e-08
  1.21598e-08  1.39797e-08  1.61268e-08  1.86277e-08  2.14366e-08  2.45432e-08
  2.79720e-08  3.12623e-08  3.27569e-08  3.26071e-08  3.24116e-08  3.22473e-08

  6.24946e-09  6.24995e-09  6.25057e-09  6.25136e-09  6.25235e-09  6.25359e-09
  6.25516e-09  6.25713e-09  6.25962e-09  6.26276e-09  6.26671e-09  6.27169e-09
  6.27797e-09  6.28589e-09  6.29589e-09  6.30850e-09  6.32443e-09  6.34454e-09
  6.36994e-09  6.40199e-09  6.44245e-09  6.49345e-09  6.55764e-09  6.63824e-09
  6.73929e-09  6.86582e-09  7.02317e-09  7.21934e-09  7.46781e-09  7.78050e-09
  8.17478e-09  8.67199e-09  9.29982e-09  1.00922e-08  1.10831e-08  1.23083e-08
  1.37866e-08  1.55489e-08  1.76170e-08  2.00204e-08  2.26923e-08  2.56068e-08
  2.88381e-08  3.16503e-08  3.25474e-08  3.25205e-08  3.29143e-08  3.29908e-08

  8.97850e-09  8.97857e-09  8.97865e-09  8.97876e-09  8.97890e-09  8.97907e-09
  8.97930e-09  8.97959e-09  8.97996e-09  8.98044e-09  8.98107e-09  8.98189e-09
  8.98298e-09  8.98443e-09  8.98638e-09  8.98904e-09  8.99268e-09  8.99774e-09
  9.00481e-09  9.01478e-09  9.02889e-09  9.04893e-09  9.07743e-09  9.11783e-09
  9.17482e-09  9.25457e-09  9.36516e-09  9.51726e-09  9.72283e-09  9.99706e-09
  1.03645e-08  1.08460e-08  1.14655e-08  1.22470e-08  1.32194e-08  1.44120e-08
  1.58298e-08  1.74957e-08  1.94479e-08  2.16955e-08  2.41801e-08  2.68847e-08
  2.97975e-08  3.19787e-08  3.24702e-08  3.26984e-08  3.35223e-08  3.35200e-08

  1.15832e-08  1.15834e-08  1.15836e-08  1.15839e-08  1.15843e-08  1.15848e-08
  1.15855e-08  1.15863e-08  1.15873e-08  1.15885e-08  1.15901e-08  1.15922e-08
  1.15947e-08  1.15980e-08  1.16021e-08  1.16074e-08  1.16142e-08  1.16229e-08
  1.16342e-08  1.16488e-08  1.16680e-08  1.16934e-08  1.17272e-08  1.17725e-08
  1.18339e-08  1.19173e-08  1.20310e-08  1.21857e-08  1.23947e-08  1.26749e-08
  1.30437e-08  1.35209e-08  1.41352e-08  1.49050e-08  1.58477e-08  1.69748e-08
  1.83014e-08  1.98512e-08  2.16436e-08  2.36803e-08  2.59295e-08  2.83906e-08
  3.08202e-08  3.22976e-08  3.26438e-08  3.31817e-08  3.41689e-08  3.35924e-08

  1.43516e-08  1.43522e-08  1.43528e-08  1.43537e-08  1.43548e-08  1.43562e-08
  1.43579e-08  1.43601e-08  1.43629e-08  1.43664e-08  1.43707e-08  1.43762e-08
  1.43831e-08  1.43918e-08  1.44027e-08  1.44165e-08  1.44337e-08  1.44554e-08
  1.44826e-08  1.45167e-08  1.45595e-08  1.46131e-08  1.46803e-08  1.47644e-08
  1.48697e-08  1.50015e-08  1.51668e-08  1.53740e-08  1.56338e-08  1.59587e-08
  1.63629e-08  1.68615e-08  1.74669e-08  1.81920e-08  1.90584e-08  2.00764e-08
  2.12617e-08  2.26238e-08  2.41940e-08  2.59817e-08  2.79661e-08  3.01112e-08
  3.19041e-08  3.27370e-08  3.31958e-08  3.39654e-08  3.46564e-08  3.29946e-08

  1.81771e-08  1.81779e-08  1.81789e-08  1.81801e-08  1.81816e-08  1.81836e-08
  1.81860e-08  1.81891e-08  1.81930e-08  1.81978e-08  1.82039e-08  1.82116e-08
  1.82213e-08  1.82335e-08  1.82487e-08  1.82679e-08  1.82919e-08  1.83220e-08
  1.83597e-08  1.84068e-08  1.84655e-08  1.85385e-08  1.86290e-08  1.87409e-08
  1.88784e-08  1.90466e-08  1.92508e-08  1.94971e-08  1.97916e-08  2.01411e-08
  2.05522e-08  2.10322e-08  2.15890e-08  2.22294e-08  2.29574e-08  2.37894e-08
  2.47516e-08  2.58693e-08  2.71632e-08  2.86351e-08  3.03142e-08  3.19795e-08
  3.30383e-08  3.35080e-08  3.41756e-08  3.48841e-08  3.46165e-08  3.17364e-08

  2.38956e-08  2.38963e-08  2.38971e-08  2.38982e-08  2.38995e-08  2.39011e-08
  2.39032e-08  2.39058e-08  2.39091e-08  2.39133e-08  2.39185e-08  2.39250e-08
  2.39332e-08  2.39436e-08  2.39565e-08  2.39727e-08  2.39931e-08  2.40185e-08
  2.40503e-08  2.40899e-08  2.41391e-08  2.42001e-08  2.42754e-08  2.43679e-08
  2.44809e-08  2.46179e-08  2.47826e-08  2.49786e-08  2.52093e-08  2.54775e-08
  2.57854e-08  2.61353e-08  2.65304e-08  2.69781e-08  2.74919e-08  2.80878e-08
  2.87826e-08  2.96108e-08  3.05882e-08  3.17376e-08  3.29817e-08  3.39283e-08
  3.43598e-08  3.47620e-08  3.54080e-08  3.54876e-08  3.37078e-08  3.01026e-08

  3.13495e-08  3.13497e-08  3.13498e-08  3.13501e-08  3.13503e-08  3.13507e-08
  3.13511e-08  3.13517e-08  3.13524e-08  3.13532e-08  3.13543e-08  3.13557e-08
  3.13574e-08  3.13596e-08  3.13623e-08  3.13657e-08  3.13700e-08  3.13753e-08
  3.13820e-08  3.13904e-08  3.14009e-08  3.14139e-08  3.14301e-08  3.14501e-08
  3.14749e-08  3.15054e-08  3.15430e-08  3.15890e-08  3.16455e-08  3.17148e-08
  3.18002e-08  3.19067e-08  3.20419e-08  3.22174e-08  3.24513e-08  3.27720e-08
  3.32090e-08  3.37722e-08  3.44548e-08  3.52121e-08  3.58116e-08  3.60212e-08
  3.61043e-08  3.63836e-08  3.63813e-08  3.50940e-08  3.20476e-08  2.84372e-08

  3.85233e-08  3.85229e-08  3.85224e-08  3.85218e-08  3.85211e-08  3.85201e-08
  3.85189e-08  3.85174e-08  3.85155e-08  3.85131e-08  3.85102e-08  3.85064e-08
  3.85017e-08  3.84958e-08  3.84884e-08  3.84792e-08  3.84677e-08  3.84533e-08
  3.84354e-08  3.84132e-08  3.83858e-08  3.83522e-08  3.83111e-08  3.82614e-08
  3.82018e-08  3.81313e-08  3.80492e-08  3.79558e-08  3.78523e-08  3.77424e-08
  3.76322e-08  3.75320e-08  3.74566e-08  3.74260e-08  3.74639e-08  3.75905e-08
  3.78158e-08  3.81373e-08  3.84986e-08  3.87109e-08  3.86071e-08  3.83482e-08
  3.81414e-08  3.76855e-08  3.62117e-08  3.35109e-08  3.02310e-08  2.69297e-08

  4.28593e-08  4.28591e-08  4.28587e-08  4.28583e-08  4.28577e-08  4.28570e-08
  4.28561e-08  4.28550e-08  4.28536e-08  4.28518e-08  4.28496e-08  4.28468e-08
  4.28433e-08  4.28389e-08  4.28334e-08  4.28265e-08  4.28179e-08  4.28072e-08
  4.27938e-08  4.27771e-08  4.27565e-08  4.27312e-08  4.27002e-08  4.26626e-08
  4.26174e-08  4.25640e-08  4.25019e-08  4.24318e-08  4.23554e-08  4.22767e-08
  4.22026e-08  4.21433e-08  4.21121e-08  4.21223e-08  4.21817e-08  4.22830e-08
  4.23935e-08  4.24317e-08  4.22661e-08  4.18359e-08  4.12502e-08  4.05442e-08
  3.93876e-08  3.73803e-08  3.46114e-08  3.14875e-08  2.86687e-08  2.57367e-08

  4.49925e-08  4.49928e-08  4.49932e-08  4.49936e-08  4.49941e-08  4.49948e-08
  4.49956e-08  4.49967e-08  4.49980e-08  4.49997e-08  4.50018e-08  4.50045e-08
  4.50078e-08  4.50120e-08  4.50173e-08  4.50240e-08  4.50324e-08  4.50429e-08
  4.50562e-08  4.50728e-08  4.50937e-08  4.51198e-08  4.51526e-08  4.51936e-08
  4.52448e-08  4.53087e-08  4.53880e-08  4.54859e-08  4.56061e-08  4.57518e-08
  4.59248e-08  4.61232e-08  4.63377e-08  4.65453e-08  4.67044e-08  4.67483e-08
  4.65842e-08  4.61255e-08  4.53579e-08  4.43105e-08  4.29133e-08  4.09698e-08
  3.83783e-08  3.54225e-08  3.24889e-08  2.97256e-08  2.74190e-08  2.47924e-08

he0 + h+ -> he+ + h+ + e
  5.48273E-16  5.08357E-16  5.19484E-16  5.83534E-16  7.16212E-16  9.52469E-16
  1.35886E-15  2.05746E-15  3.26979E-15  5.39547E-15  9.14935E-15  1.57941E-14
  2.75220E-14  4.80595E-14  8.35880E-14  1.44098E-13  2.45307E-13  4.11316E-13
  6.78217E-13  1.09899E-12  1.75018E-12  2.74126E-12  4.22780E-12  6.43057E-12
  9.66317E-12  1.43724E-11  2.11968E-11  3.10517E-11  4.52511E-11  6.56815E-11
  9.50463E-11  1.37206E-10  1.97640E-10  2.84073E-10  4.07280E-10  5.82134E-10
  8.28886E-10  1.17473E-09  1.65563E-09  2.31849E-09  3.22359E-09  4.44762E-09
  6.08739E-09  8.26473E-09  1.11332E-08  1.48870E-08  1.97734E-08  2.61065E-08

  4.77223E-16  4.45940E-16  4.60224E-16  5.22874E-16  6.49695E-16  8.75071E-16
  1.26441E-15  1.93822E-15  3.11641E-15  5.19787E-15  8.89967E-15  1.54932E-14
  2.71919E-14  4.77633E-14  8.34594E-14  1.44375E-13  2.46367E-13  4.13686E-13
  6.82542E-13  1.10593E-12  1.76021E-12  2.75432E-12  4.24286E-12  6.44506E-12
  9.67233E-12  1.43687E-11  2.11694E-11  3.09866E-11  4.51315E-11  6.54897E-11
  9.47674E-11  1.36834E-10  1.97187E-10  2.83583E-10  4.06848E-10  5.81916E-10
  8.29121E-10  1.17573E-09  1.65776E-09  2.32207E-09  3.22881E-09  4.45431E-09
  6.09481E-09  8.27138E-09  1.11367E-08  1.48845E-08  1.97621E-08  2.60857E-08

  4.04422E-16  3.82337E-16  3.99802E-16  4.60687E-16  5.80861E-16  7.93953E-16
  1.16388E-15  1.80894E-15  2.94651E-15  4.97341E-15  8.60706E-15  1.51256E-14
  2.67620E-14  4.73258E-14  8.31447E-14  1.44434E-13  2.47217E-13  4.15945E-13
  6.87027E-13  1.11358E-12  1.77189E-12  2.77054E-12  4.26327E-12  6.46782E-12
  9.69337E-12  1.43808E-11  2.11616E-11  3.09431E-11  4.50318E-11  6.53095E-11
  9.44806E-11  1.36418E-10  1.96633E-10  2.82907E-10  4.06113E-10  5.81259E-10
  8.28773E-10  1.17604E-09  1.65919E-09  2.32516E-09  3.23402E-09  4.46189E-09
  6.10445E-09  8.28188E-09  1.11457E-08  1.48883E-08  1.97563E-08  2.60665E-08

  3.38648E-16  3.24859E-16  3.44969E-16  4.03830E-16  5.17290E-16  7.18122E-16
  1.06857E-15  1.68447E-15  2.78010E-15  4.74926E-15  8.30831E-15  1.47399E-14
  2.62939E-14  4.68191E-14  8.27181E-14  1.44329E-13  2.47856E-13  4.17981E-13
  6.91364E-13  1.12132E-12  1.78423E-12  2.78844E-12  4.28704E-12  6.49650E-12
  9.72392E-12  1.44072E-11  2.11735E-11  3.09252E-11  4.49627E-11  6.51614E-11
  9.42208E-11  1.36012E-10  1.96053E-10  2.82143E-10  4.05196E-10  5.80288E-10
  8.27949E-10  1.17570E-09  1.65984E-09  2.32743E-09  3.23861E-09  4.46936E-09
  6.11492E-09  8.29458E-09  1.11585E-08  1.48973E-08  1.97559E-08  2.60511E-08

  2.84409E-16  2.77377E-16  2.99474E-16  3.56351E-16  4.63773E-16  6.53674E-16
  9.86699E-16  1.57629E-15  2.63361E-15  4.54921E-15  8.03754E-15  1.43841E-14
  2.58523E-14  4.63251E-14  8.22731E-14  1.44151E-13  2.48339E-13  4.19756E-13
  6.95339E-13  1.12868E-12  1.79632E-12  2.80657E-12  4.31214E-12  6.52852E-12
  9.76112E-12  1.44451E-11  2.12039E-11  3.09347E-11  4.49313E-11  6.50615E-11
  9.40172E-11  1.35663E-10  1.95517E-10  2.81389E-10  4.04219E-10  5.79141E-10
  8.26783E-10  1.17481E-09  1.65969E-09  2.32868E-09  3.24208E-09  4.47585E-09
  6.12492E-09  8.30780E-09  1.11732E-08  1.49100E-08  1.97609E-08  2.60413E-08

  2.43007E-16  2.41179E-16  2.64791E-16  3.20118E-16  4.22850E-16  6.04254E-16
  9.23699E-16  1.49270E-15  2.51987E-15  4.39305E-15  7.82495E-15  1.41030E-14
  2.55014E-14  4.59310E-14  8.19191E-14  1.44021E-13  2.48773E-13  4.21315E-13
  6.98858E-13  1.13529E-12  1.80743E-12  2.82371E-12  4.33670E-12  6.56136E-12
  9.80191E-12  1.44915E-11  2.12503E-11  3.09709E-11  4.49410E-11  6.50203E-11
  9.38914E-11  1.35410E-10  1.95086E-10  2.80729E-10  4.03294E-10  5.77956E-10
  8.25419E-10  1.17347E-09  1.65877E-09  2.32880E-09  3.24407E-09  4.48064E-09
  6.13334E-09  8.32008E-09  1.11884E-08  1.49251E-08  1.97705E-08  2.60383E-08

  2.14015E-16  2.16151E-16  2.41134E-16  2.95753E-16  3.95733E-16  5.71996E-16
  8.83198E-16  1.43978E-15  2.44901E-15  4.29742E-15  7.69732E-15  1.39386E-14
  2.53045E-14  4.57272E-14  8.17775E-14  1.44088E-13  2.49318E-13  4.22791E-13
  7.01963E-13  1.14102E-12  1.81709E-12  2.83889E-12  4.35916E-12  6.59273E-12
  9.84328E-12  1.45427E-11  2.13091E-11  3.10314E-11  4.49919E-11  6.50430E-11
  9.38572E-11  1.35278E-10  1.94803E-10  2.80233E-10  4.02521E-10  5.76858E-10
  8.24002E-10  1.17184E-09  1.65720E-09  2.32778E-09  3.24437E-09  4.48326E-09
  6.13933E-09  8.33019E-09  1.12024E-08  1.49411E-08  1.97842E-08  2.60427E-08

  1.96495E-16  2.01789E-16  2.28371E-16  2.83532E-16  3.83247E-16  5.58561E-16
  8.68220E-16  1.42283E-15  2.43010E-15  4.27757E-15  7.67983E-15  1.39314E-14
  2.53243E-14  4.58075E-14  8.19808E-14  1.44527E-13  2.50187E-13  4.24412E-13
  7.04843E-13  1.14593E-12  1.82513E-12  2.85156E-12  4.37837E-12  6.62075E-12
  9.88254E-12  1.45954E-11  2.13763E-11  3.11121E-11  4.50813E-11  6.51297E-11
  9.39205E-11  1.35284E-10  1.94701E-10  2.79951E-10  4.01975E-10  5.75956E-10
  8.22670E-10  1.17007E-09  1.65511E-09  2.32571E-09  3.24294E-09  4.48344E-09
  6.14234E-09  8.33724E-09  1.12142E-08  1.49570E-08  1.98010E-08  2.60546E-08

  1.89853E-16  1.97936E-16  2.26741E-16  2.84141E-16  3.86684E-16  5.66157E-16
  8.82431E-16  1.44789E-15  2.47306E-15  4.34976E-15  7.79883E-15  1.41234E-14
  2.56266E-14  4.62711E-14  8.26734E-14  1.45538E-13  2.51641E-13  4.26491E-13
  7.07839E-13  1.15032E-12  1.83172E-12  2.86161E-12  4.39377E-12  6.64418E-12
  9.91752E-12  1.46462E-11  2.14476E-11  3.12079E-11  4.52036E-11  6.52760E-11
  9.40797E-11  1.35432E-10  1.94792E-10  2.79916E-10  4.01711E-10  5.75332E-10
  8.21541E-10  1.16831E-09  1.65268E-09  2.32274E-09  3.23988E-09  4.48115E-09
  6.14211E-09  8.34069E-09  1.12229E-08  1.49715E-08  1.98201E-08  2.60736E-08

  1.94437E-16  2.05370E-16  2.37467E-16  2.99368E-16  4.08631E-16  5.98575E-16
  9.31478E-16  1.52352E-15  2.59100E-15  4.53423E-15  8.08562E-15  1.45627E-14
  2.62846E-14  4.72276E-14  8.40155E-14  1.47349E-13  2.53989E-13  4.29430E-13
  7.11440E-13  1.15475E-12  1.83738E-12  2.86941E-12  4.40539E-12  6.66247E-12
  9.94682E-12  1.46926E-11  2.15188E-11  3.13131E-11  4.53517E-11  6.54736E-11
  9.43268E-11  1.35716E-10  1.95079E-10  2.80139E-10  4.01760E-10  5.75046E-10
  8.20710E-10  1.16670E-09  1.65008E-09  2.31910E-09  3.23542E-09  4.47654E-09
  6.13866E-09  8.34034E-09  1.12279E-08  1.49839E-08  1.98403E-08  2.60987E-08

  2.12127E-16  2.26426E-16  2.63458E-16  3.32927E-16  4.53982E-16  6.62457E-16
  1.02463E-15  1.66291E-15  2.80303E-15  4.85887E-15  8.58107E-15  1.53094E-14
  2.73859E-14  4.88043E-14  8.61904E-14  1.50219E-13  2.57592E-13  4.33718E-13
  7.16277E-13  1.15998E-12  1.84301E-12  2.87586E-12  4.41399E-12  6.67594E-12
  9.96996E-12  1.47328E-11  2.15866E-11  3.14219E-11  4.55172E-11  6.57114E-11
  9.46485E-11  1.36122E-10  1.95548E-10  2.80614E-10  4.02130E-10  5.75131E-10
  8.20248E-10  1.16537E-09  1.64752E-09  2.31506E-09  3.22987E-09  4.46998E-09
  6.13231E-09  8.33633E-09  1.12292E-08  1.49937E-08  1.98607E-08  2.61286E-08

  2.47211E-16  2.65942E-16  3.10374E-16  3.91700E-16  5.31426E-16  7.69151E-16
  1.17710E-15  1.88691E-15  3.13809E-15  5.36415E-15  9.34194E-15  1.64429E-14
  2.90419E-14  5.11571E-14  8.94156E-14  1.54452E-13  2.62872E-13  4.39929E-13
  7.23122E-13  1.16702E-12  1.84982E-12  2.88237E-12  4.42098E-12  6.68582E-12
  9.98755E-12  1.47663E-11  2.16486E-11  3.15293E-11  4.56915E-11  6.59767E-11
  9.50275E-11  1.36628E-10  1.96176E-10  2.81319E-10  4.02808E-10  5.75593E-10
  8.20201E-10  1.16441E-09  1.64518E-09  2.31089E-09  3.22364E-09  4.46195E-09
  6.12356E-09  8.32908E-09  1.12269E-08  1.50005E-08  1.98804E-08  2.61618E-08

  3.07938E-16  3.32933E-16  3.88475E-16  4.87853E-16  6.55941E-16  9.37702E-16
  1.41376E-15  2.22857E-15  3.64060E-15  6.11014E-15  1.04495E-14  1.80731E-14
  3.14004E-14  5.44847E-14  9.39593E-14  1.60412E-13  2.70325E-13  4.48742E-13
  7.32890E-13  1.17708E-12  1.85936E-12  2.89081E-12  4.42852E-12  6.69425E-12
  1.00014E-11  1.47940E-11  2.17036E-11  3.16314E-11  4.58667E-11  6.62562E-11
  9.54441E-11  1.37209E-10  1.96930E-10  2.82219E-10  4.03762E-10  5.76416E-10
  8.20583E-10  1.16390E-09  1.64322E-09  2.30688E-09  3.21716E-09  4.45302E-09
  6.11309E-09  8.31924E-09  1.12214E-08  1.50043E-08  1.98984E-08  2.61964E-08

  4.09449E-16  4.43686E-16  5.15996E-16  6.42613E-16  8.53132E-16  1.19994E-15
  1.77512E-15  2.74036E-15  4.37922E-15  7.18704E-15  1.20222E-14  2.03547E-14
  3.46630E-14  5.90493E-14  1.00163E-13  1.68547E-13  2.80544E-13  4.60953E-13
  7.46656E-13  1.19158E-12  1.87352E-12  2.90356E-12  4.43941E-12  6.70435E-12
  1.00145E-11  1.48181E-11  2.17525E-11  3.17262E-11  4.60364E-11  6.65374E-11
  9.58782E-11  1.37835E-10  1.97773E-10  2.83269E-10  4.04946E-10  5.77562E-10
  8.21387E-10  1.16389E-09  1.64179E-09  2.30332E-09  3.21088E-09  4.44384E-09
  6.10167E-09  8.30762E-09  1.12133E-08  1.50051E-08  1.99141E-08  2.62305E-08

  5.79322E-16  6.27575E-16  7.25396E-16  8.93149E-16  1.16696E-15  1.60933E-15
  2.32762E-15  3.50611E-15  5.46075E-15  8.73137E-15  1.42343E-14  2.35095E-14
  3.91104E-14  6.52048E-14  1.08474E-13  1.79424E-13  2.94262E-13  4.77519E-13
  7.65683E-13  1.21222E-12  1.89449E-12  2.92343E-12  4.45713E-12  6.72016E-12
  1.00312E-11  1.48427E-11  2.17982E-11  3.18140E-11  4.61968E-11  6.68103E-11
  9.63111E-11  1.38477E-10  1.98663E-10  2.84416E-10  4.06302E-10  5.78980E-10
  8.22581E-10  1.16441E-09  1.64099E-09  2.30045E-09  3.20522E-09  4.43503E-09
  6.09015E-09  8.29516E-09  1.12035E-08  1.50034E-08  1.99269E-08  2.62624E-08

  8.68172E-16  9.38052E-16  1.07500E-15  1.30516E-15  1.67361E-15  2.25639E-15
  3.18099E-15  4.66076E-15  7.05251E-15  1.09514E-14  1.73449E-14  2.78584E-14
  4.51383E-14  7.34371E-14  1.19488E-13  1.93780E-13  3.12398E-13  4.99604E-13
  7.91472E-13  1.24094E-12  1.92482E-12  2.95371E-12  4.48581E-12  6.74665E-12
  1.00571E-11  1.48737E-11  2.18458E-11  3.18980E-11  4.63471E-11  6.70681E-11
  9.67276E-11  1.39109E-10  1.99562E-10  2.85609E-10  4.07766E-10  5.80603E-10
  8.24116E-10  1.16543E-09  1.64089E-09  2.29847E-09  3.20058E-09  4.42721E-09
  6.07935E-09  8.28281E-09  1.11928E-08  1.49996E-08  1.99364E-08  2.62903E-08

  1.36990E-15  1.47348E-15  1.67080E-15  1.99605E-15  2.50644E-15  3.29602E-15
  4.51827E-15  6.42338E-15  9.41885E-15  1.41672E-14  2.17416E-14  3.38697E-14
  5.33101E-14  8.44221E-14  1.34015E-13  2.12590E-13  3.36132E-13  5.28663E-13
  8.25846E-13  1.28006E-12  1.96749E-12  2.99821E-12  4.53026E-12  6.78972E-12
  1.00992E-11  1.49187E-11  2.19030E-11  3.19847E-11  4.64911E-11  6.73092E-11
  9.71176E-11  1.39709E-10  2.00432E-10  2.86797E-10  4.09275E-10  5.82360E-10
  8.25927E-10  1.16694E-09  1.64153E-09  2.29753E-09  3.19728E-09  4.42093E-09
  6.07003E-09  8.27151E-09  1.11822E-08  1.49943E-08  1.99423E-08  2.63128E-08

  2.26035E-15  2.41656E-15  2.70717E-15  3.17750E-15  3.90106E-15  4.99538E-15
  6.64714E-15  9.15245E-15  1.29806E-14  1.88749E-14  2.80097E-14  4.22331E-14
  6.44363E-14  9.91102E-14  1.53169E-13  2.37161E-13  3.67015E-13  5.66552E-13
  8.71061E-13  1.33237E-12  2.02600E-12  3.06135E-12  4.59604E-12  6.85627E-12
  1.01658E-11  1.49873E-11  2.19802E-11  3.20845E-11  4.66373E-11  6.75380E-11
  9.74786E-11  1.40264E-10  2.01249E-10  2.87936E-10  4.10769E-10  5.84180E-10
  8.27942E-10  1.16887E-09  1.64292E-09  2.29774E-09  3.19556E-09  4.41662E-09
  6.06288E-09  8.26212E-09  1.11726E-08  1.49881E-08  1.99447E-08  2.63288E-08

  3.87054E-15  4.10850E-15  4.54257E-15  5.23339E-15  6.27600E-15  7.81814E-15
  1.00881E-14  1.34384E-14  1.84123E-14  2.58484E-14  3.70389E-14  5.39711E-14
  7.96917E-14  1.18850E-13  1.78499E-13  2.69277E-13  4.07110E-13  6.15684E-13
  9.29976E-13  1.40131E-12  2.10455E-12  3.14833E-12  4.68960E-12  6.95430E-12
  1.02667E-11  1.50911E-11  2.20907E-11  3.22115E-11  4.67995E-11  6.77660E-11
  9.78169E-11  1.40771E-10  2.01996E-10  2.88996E-10  4.12199E-10  5.85999E-10
  8.30088E-10  1.17116E-09  1.64502E-09  2.29913E-09  3.19560E-09  4.41464E-09
  6.05843E-09  8.25537E-09  1.11647E-08  1.49817E-08  1.99437E-08  2.63375E-08

  6.82357E-15  7.18657E-15  7.83844E-15  8.86060E-15  1.03762E-14  1.25711E-14
  1.57249E-14  2.02576E-14  2.68002E-14  3.63018E-14  5.01898E-14  7.06113E-14
  1.00792E-13  1.45570E-13  2.12177E-13  3.11391E-13  4.59204E-13  6.79247E-13
  1.00628E-12  1.49121E-12  2.20829E-12  3.26537E-12  4.81857E-12  7.09318E-12
  1.04133E-11  1.52439E-11  2.22508E-11  3.23842E-11  4.69976E-11  6.80128E-11
  9.81495E-11  1.41243E-10  2.02675E-10  2.89962E-10  4.13535E-10  5.87765E-10
  8.32299E-10  1.17375E-09  1.64778E-09  2.30170E-09  3.19746E-09  4.41518E-09
  6.05708E-09  8.25185E-09  1.11594E-08  1.49759E-08  1.99398E-08  2.63385E-08

  1.22849E-14  1.28343E-14  1.38094E-14  1.53195E-14  1.75241E-14  2.06561E-14
  2.50572E-14  3.12272E-14  3.98989E-14  5.21477E-14  6.95551E-14  9.44495E-14
  1.30263E-13  1.82054E-13  2.57280E-13  3.66918E-13  5.27106E-13  7.61520E-13
  1.10482E-12  1.60763E-12  2.34369E-12  3.42009E-12  4.99207E-12  7.28393E-12
  1.06190E-11  1.54622E-11  2.24801E-11  3.26257E-11  4.72578E-11  6.83067E-11
  9.85048E-11  1.41703E-10  2.03304E-10  2.90843E-10  4.14765E-10  5.89449E-10
  8.34522E-10  1.17655E-09  1.65111E-09  2.30539E-09  3.20115E-09  4.41835E-09
  6.05906E-09  8.25194E-09  1.11571E-08  1.49711E-08  1.99333E-08  2.63320E-08

  2.24073E-14  2.32242E-14  2.46623E-14  2.68693E-14  3.00502E-14  3.44962E-14
  4.06222E-14  4.90212E-14  6.05424E-14  7.64050E-14  9.83639E-14  1.28953E-13
  1.71839E-13  2.32344E-13  3.18198E-13  4.40649E-13  6.16072E-13  8.68311E-13
  1.23207E-12  1.75785E-12  2.51901E-12  3.62205E-12  5.22126E-12  7.53982E-12
  1.08998E-11  1.57651E-11  2.28018E-11  3.29639E-11  4.76129E-11  6.86854E-11
  9.89241E-11  1.42196E-10  2.03924E-10  2.91671E-10  4.15911E-10  5.91048E-10
  8.36730E-10  1.17951E-09  1.65494E-09  2.31009E-09  3.20657E-09  4.42409E-09
  6.06442E-09  8.25587E-09  1.11582E-08  1.49681E-08  1.99250E-08  2.63187E-08

  4.10924E-14  4.22736E-14  4.43434E-14  4.75015E-14  5.20126E-14  5.82382E-14
  6.66806E-14  7.80401E-14  9.32988E-14  1.13838E-13  1.41609E-13  1.79377E-13
  2.31081E-13  3.02347E-13  4.01242E-13  5.39364E-13  7.33432E-13  1.00759E-12
  1.39677E-12  1.95151E-12  2.74505E-12  3.88342E-12  5.52012E-12  7.87713E-12
  1.12750E-11  1.61758E-11  2.32440E-11  3.34325E-11  4.81035E-11  6.91966E-11
  9.94623E-11  1.42781E-10  2.04598E-10  2.92507E-10  4.17023E-10  5.92598E-10
  8.38928E-10  1.18261E-09  1.65919E-09  2.31569E-09  3.21358E-09  4.43226E-09
  6.07305E-09  8.26365E-09  1.11631E-08  1.49673E-08  1.99157E-08  2.62994E-08

  7.52389E-14  7.68829E-14  7.97570E-14  8.41348E-14  9.03597E-14  9.88825E-14
  1.10310E-13  1.25469E-13  1.45493E-13  1.71949E-13  2.07010E-13  2.53707E-13
  3.16290E-13  4.00744E-13  5.15543E-13  6.72727E-13  8.89479E-13  1.19040E-12
  1.61083E-12  2.20160E-12  3.03605E-12  4.22003E-12  5.90644E-12  8.31616E-12
  1.17681E-11  1.67220E-11  2.38398E-11  3.40717E-11  4.87780E-11  6.98988E-11
  1.00189E-10  1.43539E-10  2.05415E-10  2.93444E-10  4.18191E-10  5.94174E-10
  8.41165E-10  1.18584E-09  1.66380E-09  2.32206E-09  3.22196E-09  4.44261E-09
  6.08472E-09  8.27512E-09  1.11717E-08  1.49691E-08  1.99063E-08  2.62757E-08

  1.36683E-13  1.38865E-13  1.42670E-13  1.48478E-13  1.56745E-13  1.68039E-13
  1.83101E-13  2.02910E-13  2.28781E-13  2.62495E-13  3.06481E-13  3.64078E-13
  4.39896E-13  5.40346E-13  6.74386E-13  8.54607E-13  1.09879E-12  1.43217E-12
  1.89070E-12  2.52578E-12  3.41114E-12  4.65277E-12  6.40331E-12  8.88280E-12
  1.24085E-11  1.74379E-11  2.46295E-11  3.49297E-11  4.96949E-11  7.08625E-11
  1.01188E-10  1.44569E-10  2.06490E-10  2.94610E-10  4.19547E-10  5.95899E-10
  8.43538E-10  1.18925E-09  1.66875E-09  2.32909E-09  3.23152E-09  4.45482E-09
  6.09907E-09  8.28997E-09  1.11839E-08  1.49739E-08  1.98979E-08  2.62494E-08

  2.45050E-13  2.47796E-13  2.52535E-13  2.59809E-13  2.70239E-13  2.84566E-13
  3.03709E-13  3.28849E-13  3.61525E-13  4.03778E-13  4.58342E-13  5.28917E-13
  6.20539E-13  7.40117E-13  8.97194E-13  1.10503E-12  1.38215E-12  1.75462E-12
  2.25925E-12  2.94829E-12  3.89622E-12  5.20959E-12  7.04118E-12  9.61062E-12
  1.32340E-11  1.83663E-11  2.56628E-11  3.60650E-11  5.09241E-11  7.21722E-11
  1.02562E-10  1.45994E-10  2.07965E-10  2.96166E-10  4.21268E-10  5.97952E-10
  8.46210E-10  1.19297E-09  1.67409E-09  2.33670E-09  3.24204E-09  4.46857E-09
  6.11566E-09  8.30779E-09  1.11995E-08  1.49820E-08  1.98914E-08  2.62225E-08

  4.31696E-13  4.34980E-13  4.40457E-13  4.48912E-13  4.61217E-13  4.78374E-13
  5.01570E-13  5.32263E-13  5.72294E-13  6.24037E-13  6.90603E-13  7.76127E-13
  8.86151E-13  1.02818E-12  1.21245E-12  1.45303E-12  1.76937E-12  2.18856E-12
  2.74853E-12  3.50273E-12  4.52678E-12  5.92824E-12  7.86062E-12  1.05437E-11
  1.42929E-11  1.95616E-11  2.70015E-11  3.75495E-11  5.25503E-11  7.39292E-11
  1.04433E-10  1.47960E-10  2.10015E-10  2.98313E-10  4.23577E-10  6.00570E-10
  8.49409E-10  1.19718E-09  1.67992E-09  2.34492E-09  3.25338E-09  4.48354E-09
  6.13405E-09  8.32811E-09  1.12183E-08  1.49935E-08  1.98880E-08  2.61973E-08

  7.44856E-13  7.48677E-13  7.54480E-13  7.63396E-13  7.76679E-13  7.95728E-13
  8.22138E-13  8.57780E-13  9.04923E-13  9.66389E-13  1.04578E-12  1.14777E-12
  1.27853E-12  1.44627E-12  1.66205E-12  1.94092E-12  2.30343E-12  2.77794E-12
  3.40382E-12  4.23603E-12  5.35183E-12  6.86035E-12  8.91646E-12  1.17409E-11
  1.56493E-11  2.10940E-11  2.87244E-11  3.94729E-11  5.46778E-11  7.62562E-11
  1.06946E-10  1.50641E-10  2.12848E-10  3.01296E-10  4.26751E-10  6.04055E-10
  8.53446E-10  1.20218E-09  1.68649E-09  2.35383E-09  3.26549E-09  4.49948E-09
  6.15383E-09  8.35045E-09  1.12400E-08  1.50086E-08  1.98889E-08  2.61764E-08

  1.25603E-12  1.26065E-12  1.26631E-12  1.27458E-12  1.28727E-12  1.30636E-12
  1.33405E-12  1.37285E-12  1.42565E-12  1.49589E-12  1.58785E-12  1.70691E-12
  1.86000E-12  2.05623E-12  2.30765E-12  2.63046E-12  3.04656E-12  3.58584E-12
  4.28942E-12  5.21424E-12  6.43967E-12  8.07705E-12  1.02834E-11  1.32815E-11
  1.73881E-11  2.30559E-11  3.09332E-11  4.19490E-11  5.74361E-11  7.93033E-11
  1.10279E-10  1.54248E-10  2.16710E-10  3.05405E-10  4.31127E-10  6.08781E-10
  8.58717E-10  1.20835E-09  1.69412E-09  2.36368E-09  3.27844E-09  4.51629E-09
  6.17471E-09  8.37443E-09  1.12642E-08  1.50277E-08  1.98951E-08  2.61621E-08

  2.06779E-12  2.07419E-12  2.07961E-12  2.08613E-12  2.09625E-12  2.11275E-12
  2.13870E-12  2.17751E-12  2.23296E-12  2.30944E-12  2.41213E-12  2.54737E-12
  2.72311E-12  2.94955E-12  3.23998E-12  3.61200E-12  4.08913E-12  4.70313E-12
  5.49726E-12  6.53089E-12  7.88611E-12  9.67725E-12  1.20644E-11  1.52734E-11
  1.96237E-11  2.55700E-11  3.37611E-11  4.51248E-11  6.09896E-11  8.32576E-11
  1.14647E-10  1.59030E-10  2.21898E-10  3.10987E-10  4.37105E-10  6.15203E-10
  8.65719E-10  1.21622E-09  1.70332E-09  2.37490E-09  3.29252E-09  4.53406E-09
  6.19659E-09  8.39984E-09  1.12908E-08  1.50509E-08  1.99079E-08  2.61569E-08

  3.32339E-12  3.33400E-12  3.34033E-12  3.34489E-12  3.35091E-12  3.36213E-12
  3.38276E-12  3.41738E-12  3.47109E-12  3.54952E-12  3.65917E-12  3.80770E-12
  4.00444E-12  4.26103E-12  4.59234E-12  5.01772E-12  5.56267E-12  6.26124E-12
  7.15930E-12  8.31923E-12  9.82658E-12  1.17995E-11  1.44023E-11  1.78651E-11
  2.25120E-11  2.88015E-11  3.73853E-11  4.91925E-11  6.55502E-11  8.83555E-11
  1.20317E-10  1.65296E-10  2.28767E-10  3.18454E-10  4.45165E-10  6.23869E-10
  8.75064E-10  1.22642E-09  1.71474E-09  2.38810E-09  3.30826E-09  4.55316E-09
  6.21966E-09  8.42673E-09  1.13200E-08  1.50786E-08  1.99283E-08  2.61632E-08

  5.21961E-12  5.23914E-12  5.25000E-12  5.25481E-12  5.25728E-12  5.26211E-12
  5.27469E-12  5.30111E-12  5.34804E-12  5.42289E-12  5.53391E-12  5.69062E-12
  5.90424E-12  6.18839E-12  6.56003E-12  7.04078E-12  7.65868E-12  8.45061E-12
  9.46569E-12  1.07701E-11  1.24536E-11  1.46392E-11  1.74969E-11  2.12627E-11
  2.62671E-11  3.29749E-11  4.20438E-11  5.44073E-11  7.13947E-11  9.49013E-11
  1.27630E-10  1.73428E-10  2.37753E-10  3.28308E-10  4.55881E-10  6.35437E-10
  8.87494E-10  1.23979E-09  1.72925E-09  2.40415E-09  3.32646E-09  4.57430E-09
  6.24447E-09  8.45555E-09  1.13521E-08  1.51116E-08  1.99578E-08  2.61832E-08

  8.02509E-12  8.06127E-12  8.08422E-12  8.09589E-12  8.09991E-12  8.10140E-12
  8.10677E-12  8.12350E-12  8.16011E-12  8.22610E-12  8.33209E-12  8.49008E-12
  8.71391E-12  9.01994E-12  9.42805E-12  9.96290E-12  1.06559E-11  1.15475E-11
  1.26912E-11  1.41576E-11  1.60421E-11  1.84738E-11  2.16298E-11  2.57540E-11
  3.11856E-11  3.83987E-11  4.80601E-11  6.11119E-11  7.88898E-11  1.03292E-10
  1.37019E-10  1.83908E-10  2.49397E-10  3.41160E-10  4.69951E-10  6.50701E-10
  9.03908E-10  1.25733E-09  1.74796E-09  2.42422E-09  3.34832E-09  4.59860E-09
  6.27206E-09  8.48719E-09  1.13880E-08  1.51509E-08  1.99976E-08  2.62190E-08

  1.21085E-11  1.21722E-11  1.22199E-11  1.22517E-11  1.22699E-11  1.22789E-11
  1.22852E-11  1.22972E-11  1.23249E-11  1.23801E-11  1.24763E-11  1.26285E-11
  1.28541E-11  1.31734E-11  1.36102E-11  1.41935E-11  1.49592E-11  1.59528E-11
  1.72331E-11  1.88770E-11  2.09866E-11  2.36990E-11  2.72002E-11  3.17444E-11
  3.76821E-11  4.55000E-11  5.58781E-11  6.97716E-11  8.85280E-11  1.14054E-10
  1.49053E-10  1.97355E-10  2.64380E-10  3.57770E-10  4.88228E-10  6.70626E-10
  9.25401E-10  1.28027E-09  1.77223E-09  2.44981E-09  3.37540E-09  4.62768E-09
  6.30401E-09  8.52316E-09  1.14291E-08  1.51977E-08  2.00492E-08  2.62725E-08

  1.79829E-11  1.80869E-11  1.81775E-11  1.82509E-11  1.83062E-11  1.83453E-11
  1.83728E-11  1.83965E-11  1.84271E-11  1.84779E-11  1.85651E-11  1.87077E-11
  1.89274E-11  1.92496E-11  1.97038E-11  2.03248E-11  2.11551E-11  2.22470E-11
  2.36666E-11  2.54989E-11  2.78549E-11  3.08819E-11  3.47772E-11  3.98081E-11
  4.63398E-11  5.48752E-11  6.61122E-11  8.10243E-11  1.00977E-10  1.27891E-10
  1.64480E-10  2.14575E-10  2.83579E-10  3.79098E-10  5.11776E-10  6.96401E-10
  9.53310E-10  1.31012E-09  1.80377E-09  2.48280E-09  3.40978E-09  4.66373E-09
  6.34256E-09  8.56567E-09  1.14775E-08  1.52540E-08  2.01145E-08  2.63455E-08

  2.63748E-11  2.65309E-11  2.66861E-11  2.68311E-11  2.69589E-11  2.70656E-11
  2.71515E-11  2.72207E-11  2.72823E-11  2.73498E-11  2.74413E-11  2.75792E-11
  2.77906E-11  2.81071E-11  2.85656E-11  2.92095E-11  3.00900E-11  3.12690E-11
  3.28227E-11  3.48471E-11  3.74652E-11  4.08373E-11  4.51753E-11  5.07631E-11
  5.79844E-11  6.73630E-11  7.96195E-11  9.57518E-11  1.17150E-10  1.45758E-10
  1.84306E-10  2.36632E-10  3.08130E-10  4.06372E-10  5.41936E-10  7.29507E-10
  9.89287E-10  1.34874E-09  1.84467E-09  2.52555E-09  3.45407E-09  4.70961E-09
  6.39071E-09  8.61773E-09  1.15361E-08  1.53225E-08  2.01957E-08  2.64397E-08

  3.83324E-11  3.85450E-11  3.87860E-11  3.90381E-11  3.92849E-11  3.95132E-11
  3.97143E-11  3.98851E-11  4.00292E-11  4.01568E-11  4.02856E-11  4.04406E-11
  4.06536E-11  4.09636E-11  4.14168E-11  4.20674E-11  4.29788E-11  4.42262E-11
  4.58998E-11  4.81106E-11  5.09976E-11  5.47384E-11  5.95639E-11  6.57789E-11
  7.37906E-11  8.41489E-11  9.76032E-11  1.15183E-10  1.38309E-10  1.68959E-10
  2.09887E-10  2.64949E-10  3.39539E-10  4.41196E-10  5.80433E-10  7.71821E-10
  1.03540E-09  1.39843E-09  1.89750E-09  2.58097E-09  3.51154E-09  4.76889E-09
  6.45232E-09  8.68329E-09  1.16087E-08  1.54064E-08  2.02953E-08  2.65571E-08

  5.53898E-11  5.56460E-11  5.59844E-11  5.63771E-11  5.67952E-11  5.72118E-11
  5.76043E-11  5.79568E-11  5.82619E-11  5.85219E-11  5.87498E-11  5.89698E-11
  5.92168E-11  5.95368E-11  5.99865E-11  6.06333E-11  6.15565E-11  6.28488E-11
  6.46197E-11  6.70005E-11  7.01520E-11  7.42747E-11  7.96244E-11  8.65327E-11
  9.54365E-11  1.06918E-10  1.21763E-10  1.41039E-10  1.66209E-10  1.99291E-10
  2.43076E-10  3.01448E-10  3.79809E-10  4.85680E-10  6.29510E-10  8.25752E-10
  1.09426E-09  1.46206E-09  1.96549E-09  2.65266E-09  3.58621E-09  4.84606E-09
  6.53222E-09  8.76740E-09  1.17002E-08  1.55101E-08  2.04168E-08  2.66997E-08

  7.98154E-11  8.00707E-11  8.04933E-11  8.10439E-11  8.16782E-11  8.23514E-11
  8.30220E-11  8.36552E-11  8.42260E-11  8.47219E-11  8.51451E-11  8.55132E-11
  8.58603E-11  8.62369E-11  8.67093E-11  8.73596E-11  8.82858E-11  8.96030E-11
  9.14455E-11  9.39719E-11  9.73718E-11  1.01877E-10  1.07774E-10  1.15432E-10
  1.25324E-10  1.38073E-10  1.54509E-10  1.75749E-10  2.03306E-10  2.39249E-10
  2.86422E-10  3.48746E-10  4.31647E-10  5.42641E-10  6.92124E-10  8.94434E-10
  1.16924E-09  1.54330E-09  2.05264E-09  2.74508E-09  3.68305E-09  4.94662E-09
  6.63637E-09  8.87628E-09  1.18168E-08  1.56394E-08  2.05648E-08  2.68706E-08

  1.14980E-10  1.15139E-10  1.15585E-10  1.16271E-10  1.17134E-10  1.18111E-10
  1.19136E-10  1.20151E-10  1.21105E-10  1.21965E-10  1.22714E-10  1.23353E-10
  1.23911E-10  1.24434E-10  1.24997E-10  1.25694E-10  1.26642E-10  1.27983E-10
  1.29881E-10  1.32530E-10  1.36155E-10  1.41030E-10  1.47485E-10  1.55932E-10
  1.66893E-10  1.81044E-10  1.99270E-10  2.22747E-10  2.53052E-10  2.92319E-10
  3.43455E-10  4.10438E-10  4.98737E-10  6.15877E-10  7.72219E-10  9.82004E-10
  1.26472E-09  1.64685E-09  2.16406E-09  2.86380E-09  3.80821E-09  5.07731E-09
  6.77209E-09  9.01761E-09  1.19661E-08  1.58011E-08  2.07448E-08  2.70737E-08

  1.65891E-10  1.65785E-10  1.66119E-10  1.66839E-10  1.67872E-10  1.69136E-10
  1.70543E-10  1.72005E-10  1.73446E-10  1.74800E-10  1.76022E-10  1.77092E-10
  1.78017E-10  1.78835E-10  1.79615E-10  1.80460E-10  1.81504E-10  1.82912E-10
  1.84882E-10  1.87649E-10  1.91485E-10  1.96714E-10  2.03721E-10  2.12977E-10
  2.25067E-10  2.40732E-10  2.60927E-10  2.86904E-10  3.20318E-10  3.63385E-10
  4.19093E-10  4.91499E-10  5.86131E-10  7.10551E-10  8.75111E-10  1.09397E-09
  1.38646E-09  1.77880E-09  2.30627E-09  3.01587E-09  3.96934E-09  5.24642E-09
  6.94827E-09  9.20070E-09  1.21574E-08  1.60040E-08  2.09644E-08  2.73145E-08

  2.39944E-10  2.39322E-10  2.39295E-10  2.39822E-10  2.40834E-10  2.42241E-10
  2.43939E-10  2.45818E-10  2.47772E-10  2.49703E-10  2.51531E-10  2.53201E-10
  2.54689E-10  2.56007E-10  2.57208E-10  2.58388E-10  2.59685E-10  2.61284E-10
  2.63413E-10  2.66347E-10  2.70413E-10  2.75995E-10  2.83547E-10  2.93614E-10
  3.06861E-10  3.24116E-10  3.46423E-10  3.75128E-10  4.11987E-10  4.59319E-10
  5.20219E-10  5.98842E-10  7.00807E-10  8.33743E-10  1.00802E-09  1.23777E-09
  1.54217E-09  1.94718E-09  2.48772E-09  3.21027E-09  4.17601E-09  5.46420E-09
  7.17579E-09  9.43689E-09  1.24023E-08  1.62591E-08  2.12333E-08  2.76012E-08

  3.47939E-10  3.46479E-10  3.45706E-10  3.45632E-10  3.46221E-10  3.47406E-10
  3.49090E-10  3.51158E-10  3.53486E-10  3.55948E-10  3.58426E-10  3.60824E-10
  3.63072E-10  3.65140E-10  3.67041E-10  3.68844E-10  3.70671E-10  3.72707E-10
  3.75197E-10  3.78450E-10  3.82844E-10  3.88830E-10  3.96943E-10  4.07819E-10
  4.22226E-10  4.41099E-10  4.65601E-10  4.97200E-10  5.37782E-10  5.89798E-10
  6.56479E-10  7.42116E-10  8.52452E-10  9.95218E-10  1.18085E-09  1.42347E-09
  1.74217E-09  2.16267E-09  2.71950E-09  3.45858E-09  4.44037E-09  5.74340E-09
  7.46797E-09  9.73997E-09  1.27145E-08  1.65801E-08  2.15643E-08  2.79451E-08

  5.05351E-10  5.02745E-10  5.00724E-10  4.99415E-10  4.98888E-10  4.99154E-10
  5.00177E-10  5.01876E-10  5.04139E-10  5.06831E-10  5.09807E-10  5.12926E-10
  5.16062E-10  5.19122E-10  5.22055E-10  5.24870E-10  5.27641E-10  5.30519E-10
  5.33738E-10  5.37619E-10  5.42577E-10  5.49125E-10  5.57884E-10  5.69596E-10
  5.85153E-10  6.05630E-10  6.32339E-10  6.66911E-10  7.11399E-10  7.68431E-10
  8.41415E-10  9.34820E-10  1.05456E-09  1.20851E-09  1.40723E-09  1.66488E-09
  2.00048E-09  2.43957E-09  3.01626E-09  3.77585E-09  4.77796E-09  6.10003E-09
  7.84131E-09  1.01268E-08  1.31113E-08  1.69840E-08  2.19741E-08  2.83622E-08

  7.33760E-10  7.29927E-10  7.26149E-10  7.22782E-10  7.20113E-10  7.18344E-10
  7.17591E-10  7.17887E-10  7.19193E-10  7.21407E-10  7.24383E-10  7.27947E-10
  7.31913E-10  7.36106E-10  7.40383E-10  7.44653E-10  7.48898E-10  7.53187E-10
  7.57696E-10  7.62718E-10  7.68671E-10  7.76109E-10  7.85729E-10  7.98388E-10
  8.15119E-10  8.37168E-10  8.66040E-10  9.03572E-10  9.52039E-10  1.01430E-09
  1.09400E-09  1.19584E-09  1.32596E-09  1.49246E-09  1.70603E-09  1.98094E-09
  2.33620E-09  2.79716E-09  3.39751E-09  4.18185E-09  5.20876E-09  6.55435E-09
  8.31631E-09  1.06182E-08  1.36137E-08  1.74922E-08  2.24846E-08  2.88752E-08

  1.06217E-09  1.05764E-09  1.05188E-09  1.04564E-09  1.03958E-09  1.03428E-09
  1.03015E-09  1.02746E-09  1.02635E-09  1.02684E-09  1.02883E-09  1.03214E-09
  1.03654E-09  1.04175E-09  1.04752E-09  1.05363E-09  1.05989E-09  1.06626E-09
  1.07277E-09  1.07964E-09  1.08723E-09  1.09610E-09  1.10699E-09  1.12086E-09
  1.13890E-09  1.16255E-09  1.19353E-09  1.23397E-09  1.28640E-09  1.35400E-09
  1.44071E-09  1.55154E-09  1.69293E-09  1.87324E-09  2.10339E-09  2.39778E-09
  2.77544E-09  3.26153E-09  3.88930E-09  4.70255E-09  5.75866E-09  7.13211E-09
  8.91865E-09  1.12398E-08  1.42479E-08  1.81319E-08  2.31246E-08  2.95152E-08

  1.52770E-09  1.52411E-09  1.51697E-09  1.50754E-09  1.49708E-09  1.48674E-09
  1.47742E-09  1.46984E-09  1.46444E-09  1.46147E-09  1.46097E-09  1.46282E-09
  1.46676E-09  1.47244E-09  1.47949E-09  1.48750E-09  1.49612E-09  1.50510E-09
  1.51430E-09  1.52377E-09  1.53377E-09  1.54477E-09  1.55755E-09  1.57311E-09
  1.59279E-09  1.61823E-09  1.65143E-09  1.69480E-09  1.75124E-09  1.82429E-09
  1.91826E-09  2.03857E-09  2.19200E-09  2.38725E-09  2.63553E-09  2.95140E-09
  3.35390E-09  3.86800E-09  4.52645E-09  5.37217E-09  6.46116E-09  7.86612E-09
  9.68061E-09  1.20240E-08  1.50468E-08  1.89380E-08  2.39326E-08  3.03256E-08

  2.17507E-09  2.17543E-09  2.16892E-09  2.15738E-09  2.14278E-09  2.12695E-09
  2.11149E-09  2.09767E-09  2.08642E-09  2.07835E-09  2.07374E-09  2.07261E-09
  2.07476E-09  2.07981E-09  2.08727E-09  2.09661E-09  2.10728E-09  2.11882E-09
  2.13089E-09  2.14335E-09  2.15627E-09  2.17004E-09  2.18536E-09  2.20328E-09
  2.22522E-09  2.25301E-09  2.28891E-09  2.33563E-09  2.39647E-09  2.47536E-09
  2.57706E-09  2.70741E-09  2.87363E-09  3.08478E-09  3.35237E-09  3.69114E-09
  4.12014E-09  4.66410E-09  5.35522E-09  6.23546E-09  7.35943E-09  8.79801E-09
  1.06427E-08  1.30109E-08  1.60522E-08  1.99558E-08  2.49603E-08  3.13667E-08

h20 + h+ -> h2+ + h+ + e
  1.00000e-20  1.00000e-20  1.00000e-20  3.00574e-18  5.61997e-17  1.40049e-16
  2.22703e-15  7.99357e-15  1.66835e-14  3.84147e-14  1.27517e-13  2.45662e-13
  3.90013e-13  6.13543e-13  1.05586e-12  1.76101e-12  2.78634e-12  4.27022e-12
  6.50808e-12  9.87111e-12  1.49116e-11  2.24492e-11  3.36949e-11  5.04286e-11
  7.52776e-11  1.11969e-10  1.65851e-10  2.44589e-10  3.58987e-10  5.24188e-10
  7.61252e-10  1.09918e-09  1.57742e-09  2.24861e-09  3.18134e-09  4.46181e-09
  6.19311e-09  8.49012e-09  1.14678e-08  1.52223e-08  1.98058e-08  2.52020e-08
  3.13133e-08  3.79692e-08  4.49624e-08  5.21139e-08  5.94252e-08  6.78899e-08

  1.00000e-20  1.00000e-20  1.00000e-20  9.99140e-18  5.83896e-17  1.35742e-16
  2.34002e-15  8.22891e-15  1.68642e-14  5.05949e-14  1.30447e-13  2.44776e-13
  3.92893e-13  6.16972e-13  1.06476e-12  1.77259e-12  2.79759e-12  4.28365e-12
  6.52404e-12  9.89001e-12  1.49340e-11  2.24757e-11  3.37262e-11  5.04711e-11
  7.53228e-11  1.12017e-10  1.65912e-10  2.44659e-10  3.59068e-10  5.24281e-10
  7.61357e-10  1.09930e-09  1.57755e-09  2.24876e-09  3.18151e-09  4.46199e-09
  6.19330e-09  8.49031e-09  1.14680e-08  1.52225e-08  1.98060e-08  2.52022e-08
  3.13135e-08  3.79693e-08  4.49625e-08  5.21140e-08  5.94252e-08  6.78900e-08

  1.00000e-20  1.00000e-20  1.00000e-20  2.02151e-17  6.09697e-17  1.38484e-16
  3.59300e-15  8.50741e-15  1.70920e-14  5.23665e-14  1.33934e-13  2.48014e-13
  3.96521e-13  6.29609e-13  1.07558e-12  1.78673e-12  2.81176e-12  4.30057e-12
  6.54413e-12  9.91383e-12  1.49622e-11  2.25090e-11  3.37656e-11  5.05257e-11
  7.53795e-11  1.12083e-10  1.65988e-10  2.44748e-10  3.59171e-10  5.24398e-10
  7.61490e-10  1.09945e-09  1.57772e-09  2.24894e-09  3.18171e-09  4.46221e-09
  6.19353e-09  8.49056e-09  1.14683e-08  1.52228e-08  1.98062e-08  2.52024e-08
  3.13137e-08  3.79695e-08  4.49626e-08  5.21140e-08  5.94253e-08  6.78901e-08

  1.00000e-20  1.00000e-20  1.00000e-20  2.16669e-17  6.40240e-17  4.15426e-16
  3.80542e-15  8.83847e-15  1.71233e-14  5.44912e-14  1.38106e-13  2.45102e-13
  4.01094e-13  6.54628e-13  1.08878e-12  1.77124e-12  2.82962e-12  4.32188e-12
  6.56945e-12  9.94382e-12  1.49977e-11  2.25511e-11  3.38153e-11  5.05855e-11
  7.54509e-11  1.12159e-10  1.66085e-10  2.44860e-10  3.59299e-10  5.24545e-10
  7.61657e-10  1.09964e-09  1.57793e-09  2.24918e-09  3.18196e-09  4.46248e-09
  6.19383e-09  8.49086e-09  1.14686e-08  1.52231e-08  1.98065e-08  2.52027e-08
  3.13139e-08  3.79697e-08  4.49627e-08  5.21142e-08  5.94254e-08  6.78902e-08

  1.00000e-20  1.00000e-20  1.00000e-20  2.34041e-17  6.76584e-17  1.05988e-15
  4.05918e-15  9.23399e-15  2.03136e-14  7.09603e-14  1.43120e-13  2.50654e-13
  4.06858e-13  6.63985e-13  1.10495e-12  1.79336e-12  2.84410e-12  4.34874e-12
  6.60134e-12  9.98161e-12  1.50424e-11  2.26040e-11  3.38779e-11  5.06607e-11
  7.55405e-11  1.12264e-10  1.66206e-10  2.45001e-10  3.59461e-10  5.24730e-10
  7.61867e-10  1.09988e-09  1.57819e-09  2.24947e-09  3.18229e-09  4.46283e-09
  6.19420e-09  8.49125e-09  1.14690e-08  1.52235e-08  1.98069e-08  2.52030e-08
  3.13142e-08  3.79699e-08  4.49629e-08  5.21143e-08  5.94255e-08  6.78903e-08

  1.00000e-20  1.00000e-20  3.03552e-18  3.73746e-17  7.20067e-17  1.15901e-15
  4.36410e-15  9.70896e-15  2.89634e-14  7.49531e-14  1.49176e-13  2.46776e-13
  4.14127e-13  7.04272e-13  1.16234e-12  1.82046e-12  2.87327e-12  4.38259e-12
  6.64153e-12  1.00292e-11  1.50988e-11  2.26707e-11  3.39591e-11  5.07646e-11
  7.56532e-11  1.12397e-10  1.66360e-10  2.45178e-10  3.59665e-10  5.24964e-10
  7.62132e-10  1.10017e-09  1.57852e-09  2.24984e-09  3.18269e-09  4.46327e-09
  6.19467e-09  8.49174e-09  1.14695e-08  1.52240e-08  1.98073e-08  2.52034e-08
  3.13146e-08  3.79702e-08  4.49632e-08  5.21145e-08  5.94256e-08  6.78904e-08

  1.00000e-20  1.00000e-20  1.03793e-17  4.07927e-17  7.72398e-17  2.23436e-15
  4.73271e-15  1.02825e-14  3.09270e-14  7.98140e-14  1.56531e-13  2.55866e-13
  4.31671e-13  7.21604e-13  1.18856e-12  1.85377e-12  2.89305e-12  4.42527e-12
  6.69219e-12  1.00892e-11  1.51698e-11  2.27547e-11  3.40642e-11  5.08844e-11
  7.57950e-11  1.12563e-10  1.66552e-10  2.45402e-10  3.59922e-10  5.25257e-10
  7.62465e-10  1.10055e-09  1.57894e-09  2.25031e-09  3.18320e-09  4.46382e-09
  6.19525e-09  8.49235e-09  1.14701e-08  1.52246e-08  1.98079e-08  2.52040e-08
  3.13150e-08  3.79706e-08  4.49635e-08  5.21147e-08  5.94257e-08  6.78906e-08

  1.00000e-20  1.00000e-20  2.14356e-17  4.49660e-17  3.75715e-16  2.48801e-15
  6.42406e-15  1.43093e-14  4.45150e-14  8.57670e-14  1.65512e-13  2.66979e-13
  4.60513e-13  7.76912e-13  1.22102e-12  1.89487e-12  2.94072e-12  4.47910e-12
  6.75606e-12  1.01648e-11  1.52592e-11  2.28605e-11  3.41979e-11  5.10351e-11
  7.59733e-11  1.12772e-10  1.66793e-10  2.45683e-10  3.60246e-10  5.25627e-10
  7.62885e-10  1.10102e-09  1.57947e-09  2.25089e-09  3.18384e-09  4.46452e-09
  6.19599e-09  8.49312e-09  1.14709e-08  1.52253e-08  1.98087e-08  2.52047e-08
  3.13156e-08  3.79711e-08  4.49639e-08  5.21150e-08  5.94259e-08  6.78908e-08

  1.00000e-20  3.13313e-18  2.43260e-17  5.00972e-17  1.11039e-15  3.93245e-15
  7.05026e-15  2.34633e-14  4.90815e-14  1.07798e-13  1.76541e-13  2.80630e-13
  5.06902e-13  8.07423e-13  1.26138e-12  1.94578e-12  3.00024e-12  4.54702e-12
  6.83661e-12  1.02602e-11  1.53720e-11  2.29963e-11  3.43578e-11  5.12249e-11
  7.61977e-11  1.13035e-10  1.67094e-10  2.46037e-10  3.60653e-10  5.26092e-10
  7.63413e-10  1.10162e-09  1.58014e-09  2.25163e-09  3.18465e-09  4.46539e-09
  6.19693e-09  8.49409e-09  1.14719e-08  1.52263e-08  1.98096e-08  2.52055e-08
  3.13164e-08  3.79717e-08  4.49644e-08  5.21153e-08  5.94262e-08  6.78911e-08

  1.00000e-20  1.10663e-17  3.96028e-17  3.54900e-16  2.25703e-15  4.45824e-15
  7.83329e-15  3.73779e-14  6.91449e-14  1.18141e-13  1.90166e-13  3.25229e-13
  5.28343e-13  8.45736e-13  1.31176e-12  2.00909e-12  3.04967e-12  4.62497e-12
  6.93828e-12  1.03805e-11  1.55143e-11  2.31707e-11  3.45684e-11  5.14743e-11
  7.64904e-11  1.13367e-10  1.67480e-10  2.46483e-10  3.61166e-10  5.26679e-10
  7.64079e-10  1.10237e-09  1.58098e-09  2.25256e-09  3.18567e-09  4.46649e-09
  6.19810e-09  8.49532e-09  1.14731e-08  1.52276e-08  1.98108e-08  2.52066e-08
  3.13173e-08  3.79725e-08  4.49650e-08  5.21158e-08  5.94265e-08  6.78915e-08

  9.66318e-18  2.35565e-17  4.58145e-17  1.10420e-15  2.64218e-15  5.12033e-15
  2.05980e-14  4.30032e-14  7.82588e-14  1.30534e-13  2.15280e-13  3.51418e-13
  5.97939e-13  8.94027e-13  1.37491e-12  2.08810e-12  3.14512e-12  4.73462e-12
  7.06665e-12  1.05323e-11  1.57013e-11  2.33926e-11  3.48236e-11  5.17765e-11
  7.68466e-11  1.13784e-10  1.67966e-10  2.47044e-10  3.61812e-10  5.27417e-10
  7.64916e-10  1.10331e-09  1.58203e-09  2.25373e-09  3.18695e-09  4.46788e-09
  6.19958e-09  8.49686e-09  1.14747e-08  1.52291e-08  1.98122e-08  2.52080e-08
  3.13185e-08  3.79735e-08  4.49657e-08  5.21163e-08  5.94269e-08  6.78920e-08

  1.17604e-17  2.81863e-17  9.91245e-16  2.31188e-15  4.32787e-15  9.58125e-15
  3.56154e-14  6.38488e-14  8.98140e-14  1.46904e-13  2.58288e-13  4.15828e-13
  6.49493e-13  9.91229e-13  1.45439e-12  2.18713e-12  3.26457e-12  4.85668e-12
  7.22886e-12  1.07264e-11  1.59295e-11  2.36637e-11  3.51455e-11  5.21574e-11
  7.72953e-11  1.14310e-10  1.68571e-10  2.47750e-10  3.62626e-10  5.28346e-10
  7.65971e-10  1.10450e-09  1.58336e-09  2.25520e-09  3.18857e-09  4.46963e-09
  6.20144e-09  8.49880e-09  1.14767e-08  1.52310e-08  1.98141e-08  2.52097e-08
  3.13200e-08  3.79747e-08  4.49667e-08  5.21170e-08  5.94274e-08  6.78926e-08

  2.59037e-17  3.51432e-16  2.15949e-15  2.82914e-15  8.72521e-15  2.19536e-14
  4.30389e-14  7.57867e-14  1.20384e-13  1.96490e-13  3.21170e-13  4.98324e-13
  7.15042e-13  1.07519e-12  1.59250e-12  2.31177e-12  3.41458e-12  5.03388e-12
  7.43637e-12  1.09752e-11  1.62267e-11  2.40167e-11  3.55619e-11  5.26379e-11
  7.78609e-11  1.14972e-10  1.69342e-10  2.48636e-10  3.63651e-10  5.29517e-10
  7.67300e-10  1.10600e-09  1.58503e-09  2.25705e-09  3.19060e-09  4.47183e-09
  6.20378e-09  8.50124e-09  1.14792e-08  1.52335e-08  1.98164e-08  2.52118e-08
  3.13219e-08  3.79763e-08  4.49679e-08  5.21179e-08  5.94280e-08  6.78933e-08

  9.77790e-16  2.13563e-15  2.72590e-15  8.46394e-15  1.99058e-14  4.06266e-14
  6.92620e-14  9.13915e-14  1.71619e-13  2.59867e-13  3.72352e-13  5.68353e-13
  8.27325e-13  1.17566e-12  1.72416e-12  2.46935e-12  3.60371e-12  5.25965e-12
  7.69623e-12  1.12930e-11  1.66034e-11  2.44517e-11  3.60767e-11  5.32442e-11
  7.85742e-11  1.15807e-10  1.70314e-10  2.49760e-10  3.64942e-10  5.30992e-10
  7.68973e-10  1.10788e-09  1.58714e-09  2.25939e-09  3.19316e-09  4.47460e-09
  6.20672e-09  8.50431e-09  1.14823e-08  1.52366e-08  1.98194e-08  2.52145e-08
  3.13243e-08  3.79783e-08  4.49695e-08  5.21190e-08  5.94288e-08  6.78942e-08

  2.26128e-15  6.11406e-15  1.67159e-14  3.19044e-14  4.09463e-14  6.67627e-14
  9.52847e-14  1.60732e-13  2.39896e-13  3.62544e-13  4.79785e-13  6.59245e-13
  9.44484e-13  1.31453e-12  1.88949e-12  2.66953e-12  3.85105e-12  5.55676e-12
  8.02130e-12  1.16972e-11  1.70705e-11  2.50133e-11  3.67277e-11  5.40206e-11
  7.94743e-11  1.16859e-10  1.71539e-10  2.51177e-10  3.66566e-10  5.32850e-10
  7.71080e-10  1.11026e-09  1.58979e-09  2.26233e-09  3.19638e-09  4.47808e-09
  6.21043e-09  8.50818e-09  1.14862e-08  1.52405e-08  1.98231e-08  2.52179e-08
  3.13273e-08  3.79808e-08  4.49714e-08  5.21204e-08  5.94298e-08  6.78954e-08

  1.60737e-14  3.00134e-14  3.54916e-14  5.79034e-14  7.90696e-14  1.18784e-13
  1.92367e-13  2.38109e-13  3.52244e-13  4.47950e-13  6.17259e-13  8.24086e-13
  1.09657e-12  1.53645e-12  2.11501e-12  2.93431e-12  4.16711e-12  5.93039e-12
  8.46289e-12  1.21932e-11  1.76745e-11  2.57136e-11  3.75514e-11  5.49904e-11
  8.06109e-11  1.18187e-10  1.73083e-10  2.52962e-10  3.68617e-10  5.35190e-10
  7.73735e-10  1.11325e-09  1.59314e-09  2.26603e-09  3.20044e-09  4.48247e-09
  6.21510e-09  8.51305e-09  1.14912e-08  1.52454e-08  1.98278e-08  2.52222e-08
  3.13310e-08  3.79839e-08  4.49738e-08  5.21221e-08  5.94311e-08  6.78969e-08

  3.64071e-14  8.55151e-14  9.75964e-14  1.41442e-13  1.81539e-13  2.47716e-13
  2.93717e-13  3.69627e-13  4.89214e-13  6.05702e-13  7.65825e-13  1.00304e-12
  1.35182e-12  1.79406e-12  2.40165e-12  3.32272e-12  4.57513e-12  6.37369e-12
  9.02492e-12  1.28499e-11  1.84316e-11  2.66026e-11  3.86074e-11  5.62177e-11
  8.20474e-11  1.19864e-10  1.75031e-10  2.55212e-10  3.71197e-10  5.38138e-10
  7.77080e-10  1.11701e-09  1.59735e-09  2.27069e-09  3.20555e-09  4.48800e-09
  6.22099e-09  8.51918e-09  1.14974e-08  1.52515e-08  1.98336e-08  2.52276e-08
  3.13358e-08  3.79878e-08  4.49769e-08  5.21243e-08  5.94326e-08  6.78988e-08

  1.93917e-13  2.12133e-13  2.35815e-13  2.63840e-13  3.43111e-13  4.05169e-13
  4.74908e-13  5.56609e-13  6.61396e-13  8.07982e-13  1.04483e-12  1.29976e-12
  1.64566e-12  2.13138e-12  2.80147e-12  3.77578e-12  5.10355e-12  6.98969e-12
  9.73356e-12  1.36764e-11  1.94080e-11  2.77463e-11  3.99357e-11  5.77728e-11
  8.38746e-11  1.21984e-10  1.77490e-10  2.58051e-10  3.74457e-10  5.41857e-10
  7.81295e-10  1.12176e-09  1.60265e-09  2.27656e-09  3.21198e-09  4.49496e-09
  6.22839e-09  8.52690e-09  1.15053e-08  1.52593e-08  1.98410e-08  2.52344e-08
  3.13417e-08  3.79928e-08  4.49807e-08  5.21271e-08  5.94346e-08  6.79011e-08

  4.49753e-13  4.76614e-13  5.09450e-13  5.49878e-13  5.99984e-13  6.62575e-13
  7.42681e-13  8.43052e-13  9.71630e-13  1.15307e-12  1.37467e-12  1.66638e-12
  2.05634e-12  2.62913e-12  3.35918e-12  4.37552e-12  5.79161e-12  7.78504e-12
  1.06574e-11  1.47347e-11  2.06403e-11  2.91921e-11  4.16252e-11  5.97565e-11
  8.61792e-11  1.24664e-10  1.80596e-10  2.61635e-10  3.78569e-10  5.46545e-10
  7.86608e-10  1.12774e-09  1.60933e-09  2.28396e-09  3.22008e-09  4.50372e-09
  6.23771e-09  8.53663e-09  1.15151e-08  1.52691e-08  1.98504e-08  2.52430e-08
  3.13492e-08  3.79990e-08  4.49856e-08  5.21306e-08  5.94371e-08  6.79041e-08

  8.24706e-13  8.55793e-13  8.94172e-13  9.16253e-13  9.77400e-13  1.05366e-12
  1.14940e-12  1.27047e-12  1.42246e-12  1.62073e-12  1.87404e-12  2.21072e-12
  2.64828e-12  3.25571e-12  4.06252e-12  5.16227e-12  6.69167e-12  8.84736e-12
  1.18512e-11  1.61173e-11  2.22423e-11  3.10523e-11  4.37913e-11  6.22696e-11
  8.91036e-11  1.28060e-10  1.84525e-10  2.66162e-10  3.83759e-10  5.52456e-10
  7.93306e-10  1.13527e-09  1.61774e-09  2.29327e-09  3.23029e-09  4.51476e-09
  6.24946e-09  8.54887e-09  1.15276e-08  1.52813e-08  1.98621e-08  2.52537e-08
  3.13587e-08  3.80069e-08  4.49917e-08  5.21350e-08  5.94403e-08  6.79078e-08

  1.35539e-12  1.38169e-12  1.42407e-12  1.47841e-12  1.54678e-12  1.61536e-12
  1.70969e-12  1.85289e-12  2.03441e-12  2.26714e-12  2.54002e-12  2.92872e-12
  3.44829e-12  4.12192e-12  5.01814e-12  6.22958e-12  7.88713e-12  1.02085e-11
  1.34058e-11  1.78970e-11  2.42964e-11  3.34244e-11  4.65503e-11  6.54730e-11
  9.28212e-11  1.32366e-10  1.89508e-10  2.71887e-10  3.90314e-10  5.59921e-10
  8.01757e-10  1.14478e-09  1.62835e-09  2.30501e-09  3.24315e-09  4.52866e-09
  6.26424e-09  8.56428e-09  1.15433e-08  1.52968e-08  1.98769e-08  2.52673e-08
  3.13706e-08  3.80168e-08  4.49994e-08  5.21405e-08  5.94442e-08  6.79125e-08

  2.12264e-12  2.16166e-12  2.21071e-12  2.27357e-12  2.35031e-12  2.44441e-12
  2.57426e-12  2.73879e-12  2.94029e-12  3.20960e-12  3.53849e-12  3.98783e-12
  4.57104e-12  5.33546e-12  6.34537e-12  7.69431e-12  9.52305e-12  1.20116e-11
  1.54470e-11  2.02324e-11  2.69518e-11  3.65018e-11  5.01003e-11  6.95774e-11
  9.75673e-11  1.37849e-10  1.95818e-10  2.79134e-10  3.98600e-10  5.69350e-10
  8.12422e-10  1.15676e-09  1.64173e-09  2.31981e-09  3.25935e-09  4.54617e-09
  6.28286e-09  8.58368e-09  1.15630e-08  1.53163e-08  1.98954e-08  2.52843e-08
  3.13855e-08  3.80292e-08  4.50090e-08  5.21475e-08  5.94492e-08  6.79184e-08

  3.28787e-12  3.33419e-12  3.39270e-12  3.46637e-12  3.56000e-12  3.67856e-12
  3.82844e-12  4.01709e-12  4.26140e-12  4.56696e-12  4.96768e-12  5.47532e-12
  6.14399e-12  6.99728e-12  8.14277e-12  9.65715e-12  1.16867e-11  1.44193e-11
  1.81493e-11  2.32881e-11  3.04361e-11  4.04849e-11  5.46678e-11  7.48349e-11
  1.03624e-10  1.44823e-10  2.03834e-10  2.88320e-10  4.09087e-10  5.81266e-10
  8.25884e-10  1.17189e-09  1.65859e-09  2.33847e-09  3.27977e-09  4.56823e-09
  6.30632e-09  8.60812e-09  1.15878e-08  1.53408e-08  1.99188e-08  2.53058e-08
  3.14044e-08  3.80449e-08  4.50212e-08  5.21563e-08  5.94555e-08  6.79258e-08

  5.04698e-12  5.10161e-12  5.17055e-12  5.25764e-12  5.36774e-12  5.50707e-12
  5.68341e-12  5.90758e-12  6.19261e-12  6.55261e-12  7.01828e-12  7.61525e-12
  8.37798e-12  9.37601e-12  1.06702e-11  1.23799e-11  1.46335e-11  1.76649e-11
  2.17537e-11  2.73299e-11  3.50007e-11  4.56739e-11  6.05912e-11  8.16070e-11
  1.11397e-10  1.53735e-10  2.14038e-10  2.99985e-10  4.22377e-10  5.96344e-10
  8.42905e-10  1.19099e-09  1.67988e-09  2.36199e-09  3.30550e-09  4.59602e-09
  6.33586e-09  8.63889e-09  1.16191e-08  1.53717e-08  1.99483e-08  2.53328e-08
  3.14281e-08  3.80646e-08  4.50365e-08  5.21673e-08  5.94634e-08  6.79352e-08

  7.68487e-12  7.74938e-12  7.83078e-12  7.93353e-12  8.06335e-12  8.22749e-12
  8.43526e-12  8.69862e-12  9.03277e-12  9.45826e-12  1.00009e-11  1.06920e-11
  1.15845e-11  1.27348e-11  1.42257e-11  1.61705e-11  1.87208e-11  2.21096e-11
  2.66367e-11  3.27408e-11  4.10574e-11  5.24792e-11  6.83026e-11  9.03847e-11
  1.21401e-10  1.65152e-10  2.27071e-10  3.14835e-10  4.39252e-10  6.15451e-10
  8.64442e-10  1.21513e-09  1.70675e-09  2.39167e-09  3.33795e-09  4.63106e-09
  6.37308e-09  8.67765e-09  1.16585e-08  1.54105e-08  1.99853e-08  2.53668e-08
  3.14579e-08  3.80894e-08  4.50558e-08  5.21813e-08  5.94734e-08  6.79471e-08

  1.16277e-11  1.17042e-11  1.18005e-11  1.19222e-11  1.20757e-11  1.22697e-11
  1.25150e-11  1.28255e-11  1.32191e-11  1.37189e-11  1.43547e-11  1.51661e-11
  1.62041e-11  1.75345e-11  1.92552e-11  2.14852e-11  2.43935e-11  2.82140e-11
  3.32662e-11  4.00200e-11  4.91168e-11  6.14748e-11  7.84104e-11  1.01802e-10
  1.34331e-10  1.79841e-10  2.43757e-10  3.33773e-10  4.60711e-10  6.39692e-10
  8.91715e-10  1.24565e-09  1.74071e-09  2.42914e-09  3.37889e-09  4.67522e-09
  6.41997e-09  8.72646e-09  1.17081e-08  1.54594e-08  2.00320e-08  2.54096e-08
  3.14954e-08  3.81206e-08  4.50801e-08  5.21988e-08  5.94860e-08  6.79620e-08

  1.75168e-11  1.76075e-11  1.77220e-11  1.78663e-11  1.80484e-11  1.82783e-11
  1.85687e-11  1.89360e-11  1.94009e-11  1.99901e-11  2.07382e-11  2.16901e-11
  2.29039e-11  2.44569e-11  2.64507e-11  2.90192e-11  3.23517e-11  3.66945e-11
  4.23934e-11  4.99273e-11  5.99633e-11  7.34639e-11  9.17573e-11  1.16751e-10
  1.51153e-10  1.98819e-10  2.65202e-10  3.58011e-10  4.88073e-10  6.70510e-10
  9.26310e-10  1.28431e-09  1.78364e-09  2.47647e-09  3.43055e-09  4.73092e-09
  6.47908e-09  8.78795e-09  1.17705e-08  1.55210e-08  2.00907e-08  2.54634e-08
  3.15426e-08  3.81598e-08  4.51106e-08  5.22209e-08  5.95018e-08  6.79808e-08

  2.63174e-11  2.64254e-11  2.65614e-11  2.67329e-11  2.69492e-11  2.72221e-11
  2.75665e-11  2.80016e-11  2.85517e-11  2.92479e-11  3.01301e-11  3.12499e-11
  3.26740e-11  3.44893e-11  3.68108e-11  3.97891e-11  4.36261e-11  4.85918e-11
  5.50598e-11  6.35337e-11  7.47159e-11  8.95820e-11  1.09522e-10  1.36465e-10
  1.73152e-10  2.23461e-10  2.92882e-10  3.89133e-10  5.23058e-10  7.09783e-10
  9.70274e-10  1.33333e-09  1.83800e-09  2.53630e-09  3.49579e-09  4.80119e-09
  6.55359e-09  8.86541e-09  1.18491e-08  1.55985e-08  2.01645e-08  2.55311e-08
  3.16020e-08  3.82092e-08  4.51490e-08  5.22486e-08  5.95218e-08  6.80046e-08

  3.94789e-11  3.96071e-11  3.97688e-11  3.99725e-11  4.02292e-11  4.05530e-11
  4.09614e-11  4.14768e-11  4.21278e-11  4.29506e-11  4.39917e-11  4.53104e-11
  4.69835e-11  4.91101e-11  5.18194e-11  5.52804e-11  5.97169e-11  6.54259e-11
  7.28039e-11  8.23990e-11  9.49453e-11  1.11464e-10  1.33379e-10  1.62666e-10
  2.02123e-10  2.55657e-10  3.28781e-10  4.29263e-10  5.67944e-10  7.59962e-10
  1.02626e-09  1.39559e-09  1.90689e-09  2.61201e-09  3.57824e-09  4.88990e-09
  6.64756e-09  8.96302e-09  1.19481e-08  1.56960e-08  2.02574e-08  2.56163e-08
  3.16767e-08  3.82713e-08  4.51974e-08  5.22836e-08  5.95470e-08  6.80347e-08

  5.91633e-11  5.93153e-11  5.95068e-11  5.97480e-11  6.00520e-11  6.04352e-11
  6.09183e-11  6.15277e-11  6.22966e-11  6.32674e-11  6.44941e-11  6.60456e-11
  6.80100e-11  7.05009e-11  7.36647e-11  7.76921e-11  8.28319e-11  8.94119e-11
  9.78678e-11  1.08782e-10  1.22939e-10  1.41416e-10  1.65683e-10  1.97787e-10
  2.40558e-10  2.97988e-10  3.75622e-10  4.81254e-10  6.25761e-10  8.24285e-10
  1.09775e-09  1.47484e-09  1.99436e-09  2.70794e-09  3.68252e-09  5.00193e-09
  6.76610e-09  9.08604e-09  1.20727e-08  1.58187e-08  2.03743e-08  2.57234e-08
  3.17706e-08  3.83494e-08  4.52582e-08  5.23277e-08  5.95789e-08  6.80728e-08

  8.85697e-11  8.87490e-11  8.89748e-11  8.92593e-11  8.96177e-11  9.00692e-11
  9.06382e-11  9.13556e-11  9.22602e-11  9.34015e-11  9.48421e-11  9.66618e-11
  9.89622e-11  1.01873e-10  1.05563e-10  1.10245e-10  1.16199e-10  1.23790e-10
  1.33496e-10  1.45949e-10  1.61994e-10  1.82763e-10  2.09809e-10  2.45241e-10
  2.91974e-10  3.54055e-10  4.37104e-10  5.48971e-10  7.00573e-10  9.07049e-10
  1.18931e-09  1.57595e-09  2.10562e-09  2.82966e-09  3.81456e-09  5.14355e-09
  6.91572e-09  9.24113e-09  1.22297e-08  1.59732e-08  2.05213e-08  2.58581e-08
  3.18887e-08  3.84476e-08  4.53348e-08  5.23833e-08  5.96190e-08  6.81210e-08

  1.32385e-10  1.32595e-10  1.32860e-10  1.33193e-10  1.33613e-10  1.34142e-10
  1.34808e-10  1.35648e-10  1.36706e-10  1.38041e-10  1.39724e-10  1.41848e-10
  1.44529e-10  1.47919e-10  1.52205e-10  1.57634e-10  1.64518e-10  1.73266e-10
  1.84404e-10  1.98627e-10  2.16846e-10  2.40279e-10  2.70556e-10  3.09883e-10
  3.61272e-10  4.28864e-10  5.18376e-10  6.37725e-10  7.97876e-10  1.01400e-09
  1.30698e-09  1.70532e-09  2.24745e-09  2.98435e-09  3.98196e-09  5.32272e-09
  7.10469e-09  9.43670e-09  1.24274e-08  1.61675e-08  2.07061e-08  2.60273e-08
  3.20370e-08  3.85710e-08  4.54310e-08  5.24532e-08  5.96698e-08  6.81821e-08

  1.97402e-10  1.97647e-10  1.97955e-10  1.98343e-10  1.98831e-10  1.99446e-10
  2.00221e-10  2.01197e-10  2.02426e-10  2.03976e-10  2.05930e-10  2.08394e-10
  2.11502e-10  2.15425e-10  2.20381e-10  2.26647e-10  2.34577e-10  2.44627e-10
  2.57384e-10  2.73612e-10  2.94307e-10  3.20778e-10  3.54766e-10  3.98594e-10
  4.55399e-10  5.29442e-10  6.26563e-10  7.54784e-10  9.25158e-10  1.15289e-09
  1.45884e-09  1.87138e-09  2.42870e-09  3.18133e-09  4.19449e-09  5.54961e-09
  7.34348e-09  9.68340e-09  1.26765e-08  1.64120e-08  2.09383e-08  2.62398e-08
  3.22232e-08  3.87259e-08  4.55520e-08  5.25414e-08  5.97341e-08  6.82599e-08

  2.93364e-10  2.93646e-10  2.94002e-10  2.94449e-10  2.95013e-10  2.95722e-10
  2.96616e-10  2.97742e-10  2.99160e-10  3.00947e-10  3.03198e-10  3.06036e-10
  3.09614e-10  3.14127e-10  3.19822e-10  3.27013e-10  3.36101e-10  3.47597e-10
  3.62156e-10  3.80624e-10  4.04092e-10  4.33987e-10  4.72176e-10  5.21130e-10
  5.84143e-10  6.65640e-10  7.71618e-10  9.10244e-10  1.09269e-09  1.33423e-09
  1.65570e-09  2.08534e-09  2.66103e-09  3.43272e-09  4.46475e-09  5.83728e-09
  7.64548e-09  9.99474e-09  1.29902e-08  1.67195e-08  2.12302e-08  2.65066e-08
  3.24569e-08  3.89204e-08  4.57041e-08  5.26525e-08  5.98155e-08  6.83590e-08

  4.34101e-10  4.34424e-10  4.34831e-10  4.35343e-10  4.35988e-10  4.36801e-10
  4.37824e-10  4.39112e-10  4.40735e-10  4.42779e-10  4.45354e-10  4.48599e-10
  4.52688e-10  4.57843e-10  4.64345e-10  4.72547e-10  4.82902e-10  4.95982e-10
  5.12521e-10  5.33456e-10  5.59993e-10  5.93689e-10  6.36568e-10  6.91277e-10
  7.61305e-10  8.51289e-10  9.67432e-10  1.11810e-09  1.31461e-09  1.57236e-09
  1.91218e-09  2.36218e-09  2.95982e-09  3.75438e-09  4.80907e-09  6.20247e-09
  8.02769e-09  1.03878e-08  1.33854e-08  1.71063e-08  2.15967e-08  2.68414e-08
  3.27500e-08  3.91644e-08  4.58951e-08  5.27926e-08  5.99187e-08  6.84857e-08

  6.39085e-10  6.39452e-10  6.39914e-10  6.40497e-10  6.41230e-10  6.42153e-10
  6.43315e-10  6.44779e-10  6.46622e-10  6.48944e-10  6.51868e-10  6.55552e-10
  6.60193e-10  6.66041e-10  6.73414e-10  6.82710e-10  6.94436e-10  7.09235e-10
  7.27926e-10  7.51549e-10  7.81438e-10  8.19303e-10  8.67347e-10  9.28428e-10
  1.00627e-09  1.10577e-09  1.23340e-09  1.39779e-09  1.61046e-09  1.88697e-09
  2.24817e-09  2.72200e-09  3.34551e-09  4.16710e-09  5.24863e-09  6.66668e-09
  8.51182e-09  1.08841e-08  1.38833e-08  1.75925e-08  2.20568e-08  2.72612e-08
  3.31172e-08  3.94702e-08  4.61350e-08  5.29693e-08  6.00499e-08  6.86482e-08

  9.35542e-10  9.35957e-10  9.36479e-10  9.37136e-10  9.37963e-10  9.39005e-10
  9.40317e-10  9.41968e-10  9.44048e-10  9.46667e-10  9.49965e-10  9.54120e-10
  9.59353e-10  9.65945e-10  9.74253e-10  9.84723e-10  9.97924e-10  1.01457e-09
  1.03558e-09  1.06211e-09  1.09562e-09  1.13801e-09  1.19168e-09  1.25972e-09
  1.34614e-09  1.45616e-09  1.59656e-09  1.77630e-09  2.00722e-09  2.30504e-09
  2.69070e-09  3.19196e-09  3.84537e-09  4.69831e-09  5.81100e-09  7.25760e-09
  9.12549e-09  1.15111e-08  1.45104e-08  1.82035e-08  2.26338e-08  2.77868e-08
  3.35768e-08  3.98530e-08  4.64360e-08  5.31921e-08  6.02167e-08  6.88577e-08

  1.36134e-09  1.36180e-09  1.36239e-09  1.36313e-09  1.36405e-09  1.36522e-09
  1.36669e-09  1.36855e-09  1.37088e-09  1.37381e-09  1.37751e-09  1.38217e-09
  1.38803e-09  1.39542e-09  1.40472e-09  1.41645e-09  1.43123e-09  1.44985e-09
  1.47334e-09  1.50298e-09  1.54038e-09  1.58762e-09  1.64733e-09  1.72288e-09
  1.81859e-09  1.94002e-09  2.09437e-09  2.29098e-09  2.54205e-09  2.86360e-09
  3.27664e-09  3.80875e-09  4.49588e-09  5.38427e-09  6.53218e-09  8.01087e-09
  9.90385e-09  1.23030e-08  1.52997e-08  1.89704e-08  2.33566e-08  2.84444e-08
  3.41512e-08  4.03317e-08  4.68133e-08  5.34731e-08  6.04296e-08  6.91292e-08

  1.96888e-09  1.96939e-09  1.97005e-09  1.97087e-09  1.97190e-09  1.97320e-09
  1.97484e-09  1.97691e-09  1.97951e-09  1.98278e-09  1.98690e-09  1.99209e-09
  1.99862e-09  2.00685e-09  2.01721e-09  2.03026e-09  2.04671e-09  2.06743e-09
  2.09354e-09  2.12646e-09  2.16798e-09  2.22037e-09  2.28649e-09  2.37002e-09
  2.47561e-09  2.60922e-09  2.77847e-09  2.99318e-09  3.26597e-09  3.61320e-09
  4.05602e-09  4.62182e-09  5.34584e-09  6.27295e-09  7.45917e-09  8.97239e-09
  1.08915e-08  1.33030e-08  1.62926e-08  1.99321e-08  2.42608e-08  2.92655e-08
  3.48679e-08  4.09293e-08  4.72858e-08  5.38277e-08  6.07017e-08  6.94834e-08

  2.83020e-09  2.83077e-09  2.83149e-09  2.83240e-09  2.83355e-09  2.83499e-09
  2.83680e-09  2.83909e-09  2.84196e-09  2.84559e-09  2.85014e-09  2.85589e-09
  2.86311e-09  2.87222e-09  2.88368e-09  2.89811e-09  2.91629e-09  2.93919e-09
  2.96803e-09  3.00437e-09  3.05017e-09  3.10790e-09  3.18069e-09  3.27250e-09
  3.38834e-09  3.53460e-09  3.71935e-09  3.95289e-09  4.24833e-09  4.62238e-09
  5.09639e-09  5.69749e-09  6.46014e-09  7.42759e-09  8.65324e-09  1.02011e-08
  1.21450e-08  1.45648e-08  1.75397e-08  2.11357e-08  2.53893e-08  3.02885e-08
  3.57602e-08  4.16740e-08  4.78769e-08  5.42752e-08  6.10507e-08  6.99495e-08

  4.04333e-09  4.04396e-09  4.04475e-09  4.04575e-09  4.04701e-09  4.04859e-09
  4.05058e-09  4.05308e-09  4.05624e-09  4.06021e-09  4.06521e-09  4.07151e-09
  4.07944e-09  4.08942e-09  4.10198e-09  4.11781e-09  4.13773e-09  4.16281e-09
  4.19440e-09  4.23417e-09  4.28426e-09  4.34734e-09  4.42680e-09  4.52688e-09
  4.65297e-09  4.81184e-09  5.01202e-09  5.26428e-09  5.58220e-09  5.98285e-09
  6.48771e-09  7.12366e-09  7.92421e-09  8.93074e-09  1.01936e-08  1.17725e-08
  1.37353e-08  1.61550e-08  1.91027e-08  2.26380e-08  2.67937e-08  3.15591e-08
  3.68675e-08  4.25993e-08  4.86148e-08  5.48399e-08  6.14994e-08  7.05692e-08

  5.73931e-09  5.73999e-09  5.74085e-09  5.74193e-09  5.74329e-09  5.74500e-09
  5.74716e-09  5.74988e-09  5.75329e-09  5.75760e-09  5.76301e-09  5.76983e-09
  5.77842e-09  5.78923e-09  5.80283e-09  5.81996e-09  5.84152e-09  5.86866e-09
  5.90282e-09  5.94581e-09  5.99992e-09  6.06802e-09  6.15371e-09  6.26152e-09
  6.39714e-09  6.56770e-09  6.78214e-09  7.05164e-09  7.39013e-09  7.81497e-09
  8.34765e-09  9.01467e-09  9.84845e-09  1.08883e-08  1.21810e-08  1.37813e-08
  1.57508e-08  1.81547e-08  2.10559e-08  2.45063e-08  2.85343e-08  3.31306e-08
  3.82363e-08  4.37449e-08  4.95338e-08  5.55521e-08  6.20784e-08  7.14038e-08

  8.08824e-09  8.08896e-09  8.08988e-09  8.09103e-09  8.09247e-09  8.09430e-09
  8.09659e-09  8.09948e-09  8.10311e-09  8.10769e-09  8.11345e-09  8.12070e-09
  8.12983e-09  8.14132e-09  8.15578e-09  8.17399e-09  8.19689e-09  8.22572e-09
  8.26199e-09  8.30763e-09  8.36503e-09  8.43722e-09  8.52799e-09  8.64207e-09
  8.78539e-09  8.96534e-09  9.19115e-09  9.47424e-09  9.82876e-09  1.02721e-08
  1.08256e-08  1.15151e-08  1.23717e-08  1.34322e-08  1.47398e-08  1.63438e-08
  1.82985e-08  2.06612e-08  2.34864e-08  2.68180e-08  3.06797e-08  3.50633e-08
  3.99191e-08  4.51565e-08  5.06739e-08  5.64489e-08  6.28277e-08  7.25461e-08

  1.13008e-08  1.13015e-08  1.13024e-08  1.13036e-08  1.13051e-08  1.13070e-08
  1.13094e-08  1.13124e-08  1.13161e-08  1.13209e-08  1.13268e-08  1.13344e-08
  1.13438e-08  1.13557e-08  1.13707e-08  1.13895e-08  1.14132e-08  1.14430e-08
  1.14805e-08  1.15276e-08  1.15869e-08  1.16615e-08  1.17551e-08  1.18727e-08
  1.20202e-08  1.22053e-08  1.24371e-08  1.27271e-08  1.30893e-08  1.35410e-08
  1.41028e-08  1.47996e-08  1.56608e-08  1.67205e-08  1.80178e-08  1.95963e-08
  2.15031e-08  2.37868e-08  2.64934e-08  2.96597e-08  3.33051e-08  3.74229e-08
  4.19731e-08  4.68844e-08  5.20807e-08  5.75751e-08  6.38002e-08  7.41422e-08

  1.56182e-08  1.56189e-08  1.56199e-08  1.56211e-08  1.56226e-08  1.56244e-08
  1.56268e-08  1.56298e-08  1.56335e-08  1.56382e-08  1.56442e-08  1.56516e-08
  1.56610e-08  1.56729e-08  1.56877e-08  1.57065e-08  1.57300e-08  1.57597e-08
  1.57970e-08  1.58438e-08  1.59028e-08  1.59768e-08  1.60697e-08  1.61864e-08
  1.63327e-08  1.65159e-08  1.67451e-08  1.70315e-08  1.73885e-08  1.78326e-08
  1.83835e-08  1.90643e-08  1.99023e-08  2.09285e-08  2.21778e-08  2.36881e-08
  2.54994e-08  2.76516e-08  3.01824e-08  3.31224e-08  3.64883e-08  4.02761e-08
  4.44571e-08  4.89815e-08  5.38041e-08  5.89825e-08  6.50646e-08  7.64338e-08

  2.12817e-08  2.12824e-08  2.12833e-08  2.12844e-08  2.12858e-08  2.12876e-08
  2.12898e-08  2.12926e-08  2.12961e-08  2.13006e-08  2.13062e-08  2.13132e-08
  2.13220e-08  2.13331e-08  2.13471e-08  2.13647e-08  2.13869e-08  2.14148e-08
  2.14498e-08  2.14939e-08  2.15492e-08  2.16188e-08  2.17061e-08  2.18156e-08
  2.19528e-08  2.21246e-08  2.23394e-08  2.26074e-08  2.29412e-08  2.33558e-08
  2.38691e-08  2.45022e-08  2.52793e-08  2.62280e-08  2.73785e-08  2.87634e-08
  3.04160e-08  3.23691e-08  3.46526e-08  3.72914e-08  4.03014e-08  4.36845e-08
  4.74254e-08  5.14983e-08  5.58951e-08  6.07297e-08  6.67123e-08  7.98472e-08

  2.84693e-08  2.84699e-08  2.84706e-08  2.84716e-08  2.84728e-08  2.84743e-08
  2.84763e-08  2.84787e-08  2.84817e-08  2.84856e-08  2.84904e-08  2.84965e-08
  2.85041e-08  2.85138e-08  2.85259e-08  2.85412e-08  2.85604e-08  2.85845e-08
  2.86148e-08  2.86530e-08  2.87009e-08  2.87612e-08  2.88367e-08  2.89316e-08
  2.90504e-08  2.91991e-08  2.93850e-08  2.96170e-08  2.99058e-08  3.02643e-08
  3.07080e-08  3.12550e-08  3.19258e-08  3.27440e-08  3.37351e-08  3.49263e-08
  3.63453e-08  3.80192e-08  3.99725e-08  4.22262e-08  4.47964e-08  4.76932e-08
  5.09192e-08  5.44770e-08  5.84016e-08  6.28807e-08  6.88680e-08  8.52007e-08

  3.71952e-08  3.71957e-08  3.71963e-08  3.71970e-08  3.71979e-08  3.71991e-08
  3.72006e-08  3.72024e-08  3.72048e-08  3.72077e-08  3.72114e-08  3.72160e-08
  3.72219e-08  3.72292e-08  3.72385e-08  3.72502e-08  3.72648e-08  3.72833e-08
  3.73065e-08  3.73356e-08  3.73723e-08  3.74184e-08  3.74762e-08  3.75488e-08
  3.76397e-08  3.77537e-08  3.78962e-08  3.80742e-08  3.82960e-08  3.85717e-08
  3.89133e-08  3.93352e-08  3.98537e-08  4.04875e-08  4.12572e-08  4.21851e-08
  4.32940e-08  4.46070e-08  4.61457e-08  4.79305e-08  4.99801e-08  5.23140e-08
  5.49557e-08  5.79426e-08  6.13632e-08  6.55057e-08  7.17178e-08  9.42372e-08

h0+he+ -> h+ + he+ + e
  1.00000E-20  1.00000E-20  1.00000E-20  1.00000E-20  1.00000E-20  1.00000E-20
  1.00000E-20  1.00000E-20  1.00000E-20  1.00000E-20  1.00000E-20  1.00000E-20
  1.00000E-20  1.00000E-20  1.00000E-20  1.00000E-20  1.00000E-20  1.94188E-19
  3.56687E-18  5.18798E-17  5.92191E-16  5.28963E-15  3.70929E-14  2.06031E-13
  9.19104E-13  3.35207E-12  1.02030E-11  2.65015E-11  6.00924E-11  1.21620E-10
  2.24287E-10  3.83908E-10  6.19537E-10  9.54493E-10  1.41710E-09  2.04020E-09
  2.85841E-09  3.90231E-09  5.18975E-09  6.71598E-09  8.44662E-09  1.03182E-08
  1.22498E-08  1.41633E-08  1.60058E-08  1.77622E-08  1.94469E-08  2.10663E-08

  1.00000E-20  1.00000E-20  1.00000E-20  1.00000E-20  1.00000E-20  1.00000E-20
  1.00000E-20  1.00000E-20  1.00000E-20  1.00000E-20  1.00000E-20  1.00000E-20
  1.00000E-20  1.00000E-20  1.00000E-20  1.00000E-20  1.00000E-20  4.65012E-20
  1.18108E-18  2.26342E-17  3.24907E-16  3.49366E-15  2.83394E-14  1.75746E-13
  8.48884E-13  3.26684E-12  1.02747E-11  2.71296E-11  6.17859E-11  1.24570E-10
  2.27750E-10  3.85707E-10  6.15999E-10  9.41012E-10  1.38941E-09  1.99634E-09
  2.80126E-09  3.84201E-09  5.14487E-09  6.71168E-09  8.50826E-09  1.04607E-08
  1.24655E-08  1.44140E-08  1.62239E-08  1.78632E-08  1.93535E-08  2.07445E-08

  1.00000E-20  1.00000E-20  1.00000E-20  1.00000E-20  1.00000E-20  1.00000E-20
  1.00000E-20  1.00000E-20  1.00000E-20  1.00000E-20  1.00000E-20  1.00000E-20
  1.00000E-20  1.00000E-20  1.00000E-20  1.00000E-20  1.00000E-20  1.25811E-20
  4.33067E-19  1.07231E-17  1.90103E-16  2.42166E-15  2.24161E-14  1.53498E-13
  7.95918E-13  3.21178E-12  1.03934E-11  2.78247E-11  6.35633E-11  1.27617E-10
  2.31362E-10  3.87861E-10  6.13336E-10  9.29320E-10  1.36465E-09  1.95624E-09
  2.74742E-09  3.78224E-09  5.09465E-09  6.69328E-09  8.54579E-09  1.05708E-08
  1.26458E-08  1.46351E-08  1.64289E-08  1.79796E-08  1.93142E-08  2.05174E-08

  1.00000E-20  1.00000E-20  1.00000E-20  1.00000E-20  1.00000E-20  1.00000E-20
  1.00000E-20  1.00000E-20  1.00000E-20  1.00000E-20  1.00000E-20  1.00000E-20
  1.00000E-20  1.00000E-20  1.00000E-20  1.00000E-20  1.00000E-20  1.00000E-20
  1.82791E-19  5.66843E-18  1.20782E-16  1.78142E-15  1.84685E-14  1.37612E-13
  7.57650E-13  3.18133E-12  1.05402E-11  2.85330E-11  6.53140E-11  1.30600E-10
  2.34975E-10  3.90365E-10  6.11859E-10  9.20237E-10  1.34434E-09  1.92230E-09
  2.70029E-09  3.72718E-09  5.04337E-09  6.66386E-09  8.55939E-09  1.06442E-08
  1.27818E-08  1.48140E-08  1.66080E-08  1.81012E-08  1.93231E-08  2.03834E-08

  1.00000E-20  1.00000E-20  1.00000E-20  1.00000E-20  1.00000E-20  1.00000E-20
  1.00000E-20  1.00000E-20  1.00000E-20  1.00000E-20  1.00000E-20  1.00000E-20
  1.00000E-20  1.00000E-20  1.00000E-20  1.00000E-20  1.00000E-20  1.00000E-20
  9.10858E-20  3.40151E-18  8.42555E-17  1.39968E-15  1.58977E-14  1.26729E-13
  7.31716E-13  3.16996E-12  1.06968E-11  2.92022E-11  6.69323E-11  1.33368E-10
  2.38447E-10  3.93185E-10  6.11759E-10  9.14306E-10  1.32952E-09  1.89619E-09
  2.66231E-09  3.68009E-09  4.99482E-09  6.62693E-09  8.55088E-09  1.06797E-08
  1.28682E-08  1.49424E-08  1.67512E-08  1.82185E-08  1.93722E-08  2.03365E-08

  1.00000E-20  1.00000E-20  1.00000E-20  1.00000E-20  1.00000E-20  1.00000E-20
  1.00000E-20  1.00000E-20  1.00000E-20  1.00000E-20  1.00000E-20  1.00000E-20
  1.00000E-20  1.00000E-20  1.00000E-20  1.00000E-20  1.00000E-20  1.00000E-20
  5.43594E-20  2.33892E-18  6.48947E-17  1.17799E-15  1.43112E-14  1.19844E-13
  7.16172E-13  3.17287E-12  1.08466E-11  2.97865E-11  6.83257E-11  1.35788E-10
  2.41646E-10  3.96257E-10  6.13115E-10  9.11813E-10  1.32077E-09  1.87890E-09
  2.63506E-09  3.64333E-09  4.95213E-09  6.58601E-09  8.52334E-09  1.06787E-08
  1.29038E-08  1.50159E-08  1.68515E-08  1.83231E-08  1.94526E-08  2.03673E-08

  1.00000E-20  1.00000E-20  1.00000E-20  1.00000E-20  1.00000E-20  1.00000E-20
  1.00000E-20  1.00000E-20  1.00000E-20  1.00000E-20  1.00000E-20  1.00000E-20
  1.00000E-20  1.00000E-20  1.00000E-20  1.00000E-20  1.00000E-20  1.00000E-20
  3.90762E-20  1.84885E-18  5.52691E-17  1.06227E-15  1.34664E-14  1.16273E-13
  7.09581E-13  3.18633E-12  1.09772E-11  3.02502E-11  6.94219E-11  1.37752E-10
  2.44456E-10  3.99492E-10  6.15900E-10  9.12823E-10  1.31827E-09  1.87087E-09
  2.61938E-09  3.61840E-09  4.91770E-09  6.54444E-09  8.48066E-09  1.06448E-08
  1.28905E-08  1.50339E-08  1.69056E-08  1.84086E-08  1.95551E-08  2.04646E-08

  1.00000E-20  1.00000E-20  1.00000E-20  1.00000E-20  1.00000E-20  1.00000E-20
  1.00000E-20  1.00000E-20  1.00000E-20  1.00000E-20  1.00000E-20  1.00000E-20
  1.00000E-20  1.00000E-20  1.00000E-20  1.00000E-20  1.00000E-20  1.00000E-20
  3.38017E-20  1.67775E-18  5.19703E-17  1.02485E-15  1.32276E-14  1.15604E-13
  7.11031E-13  3.20801E-12  1.10808E-11  3.05719E-11  7.01756E-11  1.39187E-10
  2.46782E-10  4.02782E-10  6.19996E-10  9.17209E-10  1.32192E-09  1.87203E-09
  2.61547E-09  3.60601E-09  4.89316E-09  6.50512E-09  8.42710E-09  1.05831E-08
  1.28335E-08  1.49998E-08  1.69132E-08  1.84705E-08  1.96707E-08  2.06160E-08

  1.00000E-20  1.00000E-20  1.00000E-20  1.00000E-20  1.00000E-20  1.00000E-20
  1.00000E-20  1.00000E-20  1.00000E-20  1.00000E-20  1.00000E-20  1.00000E-20
  1.00000E-20  1.00000E-20  1.00000E-20  1.00000E-20  1.00000E-20  1.00000E-20
  3.49728E-20  1.73941E-18  5.37585E-17  1.05510E-15  1.35398E-14  1.17661E-13
  7.20156E-13  3.23728E-12  1.11559E-11  3.07465E-11  7.05730E-11  1.40062E-10
  2.48558E-10  4.06009E-10  6.25207E-10  9.24679E-10  1.33132E-09  1.88196E-09
  2.62299E-09  3.60622E-09  4.87944E-09  6.47045E-09  8.36699E-09  1.04997E-08
  1.27397E-08  1.49195E-08  1.68771E-08  1.85062E-08  1.97912E-08  2.08083E-08

  1.00000E-20  1.00000E-20  1.00000E-20  1.00000E-20  1.00000E-20  1.00000E-20
  1.00000E-20  1.00000E-20  1.00000E-20  1.00000E-20  1.00000E-20  1.00000E-20
  1.00000E-20  1.00000E-20  1.00000E-20  1.00000E-20  1.00000E-20  1.00000E-20
  4.28605E-20  2.04551E-18  6.08652E-17  1.15535E-15  1.44155E-14  1.22489E-13
  7.37161E-13  3.27529E-12  1.12073E-11  3.07862E-11  7.06328E-11  1.40388E-10
  2.49755E-10  4.09056E-10  6.31282E-10  9.34806E-10  1.34584E-09  1.89988E-09
  2.64111E-09  3.61849E-09  4.87681E-09  6.44225E-09  8.30443E-09  1.04015E-08
  1.26177E-08  1.48014E-08  1.68024E-08  1.85153E-08  1.99091E-08  2.10283E-08

  1.00000E-20  1.00000E-20  1.00000E-20  1.00000E-20  1.00000E-20  1.00000E-20
  1.00000E-20  1.00000E-20  1.00000E-20  1.00000E-20  1.00000E-20  1.00000E-20
  1.00000E-20  1.00000E-20  1.00000E-20  1.00000E-20  1.00000E-20  1.00000E-20
  6.14579E-20  2.70460E-18  7.49843E-17  1.34086E-15  1.59360E-14  1.30367E-13
  7.62885E-13  3.32515E-12  1.12459E-11  3.07193E-11  7.04052E-11  1.40219E-10
  2.50385E-10  4.11823E-10  6.37935E-10  9.47054E-10  1.36469E-09  1.92471E-09
  2.66864E-09  3.64177E-09  4.88495E-09  6.42174E-09  8.24310E-09  1.02949E-08
  1.24764E-08  1.46550E-08  1.66962E-08  1.84991E-08  2.00183E-08  2.12629E-08

  1.00000E-20  1.00000E-20  1.00000E-20  1.00000E-20  1.00000E-20  1.00000E-20
  1.00000E-20  1.00000E-20  1.00000E-20  1.00000E-20  1.00000E-20  1.00000E-20
  1.00000E-20  1.00000E-20  1.00000E-20  1.00000E-20  1.00000E-20  1.00000E-20
  1.01679E-19  3.98182E-18  9.98900E-17  1.64347E-15  1.82642E-14  1.41844E-13
  7.98900E-13  3.39197E-12  1.12884E-11  3.05886E-11  6.99679E-11  1.39650E-10
  2.50504E-10  4.14238E-10  6.44865E-10  9.60818E-10  1.38689E-09  1.95515E-09
  2.70404E-09  3.67461E-09  4.90304E-09  6.40962E-09  8.18615E-09  1.01864E-08
  1.23251E-08  1.44905E-08  1.65669E-08  1.84605E-08  2.01142E-08  2.14997E-08

  1.00000E-20  1.00000E-20  1.00000E-20  1.00000E-20  1.00000E-20  1.00000E-20
  1.00000E-20  1.00000E-20  1.00000E-20  1.00000E-20  1.00000E-20  1.00000E-20
  1.00000E-20  1.00000E-20  1.00000E-20  1.00000E-20  1.00000E-20  1.00000E-20
  1.91235E-19  6.46119E-18  1.42971E-16  2.12011E-15  2.16759E-14  1.57828E-13
  8.47680E-13  3.48301E-12  1.13565E-11  3.04477E-11  6.94203E-11  1.38814E-10
  2.50215E-10  4.16271E-10  6.51791E-10  9.75451E-10  1.41136E-09  1.98968E-09
  2.74550E-09  3.71518E-09  4.92982E-09  6.40602E-09  8.13612E-09  1.00814E-08
  1.21722E-08  1.43180E-08  1.64231E-08  1.84038E-08  2.01933E-08  2.17272E-08

  1.00000E-20  1.00000E-20  1.00000E-20  1.00000E-20  1.00000E-20  1.00000E-20
  1.00000E-20  1.00000E-20  1.00000E-20  1.00000E-20  1.00000E-20  1.00000E-20
  1.00000E-20  1.00000E-20  1.00000E-20  1.00000E-20  1.00000E-20  1.00000E-20
  4.02689E-19  1.14376E-17  2.18484E-16  2.86943E-15  2.66144E-14  1.79716E-13
  9.12869E-13  3.60795E-12  1.14765E-11  3.03588E-11  6.88782E-11  1.37871E-10
  2.49665E-10  4.17948E-10  6.58474E-10  9.90319E-10  1.43699E-09  2.02670E-09
  2.79099E-09  3.76140E-09  4.96370E-09  6.41066E-09  8.09491E-09  9.98477E-09
  1.20256E-08  1.41470E-08  1.62739E-08  1.83340E-08  2.02538E-08  2.19357E-08

  1.00000E-20  1.00000E-20  1.00000E-20  1.00000E-20  1.00000E-20  1.00000E-20
  1.00000E-20  1.00000E-20  1.00000E-20  1.00000E-20  1.00000E-20  1.00000E-20
  1.00000E-20  1.00000E-20  1.00000E-20  1.00000E-20  1.00000E-20  2.72960E-20
  9.35127E-19  2.18654E-17  3.54330E-16  4.06257E-15  3.37878E-14  2.09627E-13
  9.99708E-13  3.77939E-12  1.16793E-11  3.03908E-11  6.84690E-11  1.37005E-10
  2.49048E-10  4.19359E-10  6.64751E-10  1.00484E-09  1.46267E-09  2.06451E-09
  2.83842E-09  3.81103E-09  5.00285E-09  6.42284E-09  8.06377E-09  9.90038E-09
  1.18915E-08  1.39859E-08  1.61275E-08  1.82563E-08  2.02951E-08  2.21169E-08

  1.00000E-20  1.00000E-20  1.00000E-20  1.00000E-20  1.00000E-20  1.00000E-20
  1.00000E-20  1.00000E-20  1.00000E-20  1.00000E-20  1.00000E-20  1.00000E-20
  1.00000E-20  1.00000E-20  1.00000E-20  1.00000E-20  1.00000E-20  8.79089E-20
  2.35974E-18  4.47042E-17  6.06329E-16  6.00084E-15  4.43331E-14  2.50765E-13
  1.11570E-12  4.01388E-12  1.20011E-11  3.06185E-11  6.83284E-11  1.36419E-10
  2.48595E-10  4.20667E-10  6.70561E-10  1.01856E-09  1.48737E-09  2.10152E-09
  2.88566E-09  3.86176E-09  5.04528E-09  6.44156E-09  8.04340E-09  9.83112E-09
  1.17755E-08  1.38417E-08  1.59915E-08  1.81765E-08  2.03181E-08  2.22648E-08

  1.00000E-20  1.00000E-20  1.00000E-20  1.00000E-20  1.00000E-20  1.00000E-20
  1.00000E-20  1.00000E-20  1.00000E-20  1.00000E-20  1.00000E-20  1.00000E-20
  1.00000E-20  1.00000E-20  1.00000E-20  1.00000E-20  1.07305E-20  3.07267E-19
  6.37987E-18  9.68399E-17  1.08879E-15  9.22460E-15  6.01031E-14  3.08023E-13
  1.27166E-12  4.33338E-12  1.24852E-11  3.11248E-11  6.86010E-11  1.36332E-10
  2.48578E-10  4.22114E-10  6.75965E-10  1.03116E-09  1.51027E-09  2.13627E-09
  2.93077E-09  3.91139E-09  5.08900E-09  6.46563E-09  8.03394E-09  9.77894E-09
  1.16813E-08  1.37202E-08  1.58721E-08  1.80997E-08  2.03242E-08  2.23754E-08

  1.00000E-20  1.00000E-20  1.00000E-20  1.00000E-20  1.00000E-20  1.00000E-20
  1.00000E-20  1.00000E-20  1.00000E-20  1.00000E-20  1.00000E-20  1.00000E-20
  1.00000E-20  1.00000E-20  1.00000E-20  1.00000E-20  5.39605E-20  1.14374E-18
  1.82344E-17  2.20308E-16  2.04106E-15  1.47223E-14  8.41673E-14  3.88958E-13
  1.48337E-12  4.76783E-12  1.31857E-11  3.20038E-11  6.94431E-11  1.36982E-10
  2.49308E-10  4.24022E-10  6.81168E-10  1.04257E-09  1.53079E-09  2.16764E-09
  2.97207E-09  3.95795E-09  5.13212E-09  6.49370E-09  8.03509E-09  9.74491E-09
  1.16116E-08  1.36254E-08  1.57746E-08  1.80307E-08  2.03161E-08  2.24468E-08

  1.00000E-20  1.00000E-20  1.00000E-20  1.00000E-20  1.00000E-20  1.00000E-20
  1.00000E-20  1.00000E-20  1.00000E-20  1.00000E-20  1.00000E-20  1.00000E-20
  1.00000E-20  1.00000E-20  1.00000E-20  1.41472E-20  2.84544E-19  4.45424E-18
  5.44037E-17  5.21959E-16  3.97444E-15  2.43374E-14  1.21703E-13  5.05429E-13
  1.77422E-12  5.35889E-12  1.41723E-11  3.33679E-11  7.10299E-11  1.38627E-10
  2.51134E-10  4.26796E-10  6.86533E-10  1.05293E-09  1.54872E-09  2.19488E-09
  3.00831E-09  3.99984E-09  5.17301E-09  6.52444E-09  8.04616E-09  9.72929E-09
  1.15679E-08  1.35600E-08  1.57025E-08  1.79735E-08  2.02966E-08  2.24794E-08

  1.00000E-20  1.00000E-20  1.00000E-20  1.00000E-20  1.00000E-20  1.00000E-20
  1.00000E-20  1.00000E-20  1.00000E-20  1.00000E-20  1.00000E-20  1.00000E-20
  1.00000E-20  1.00000E-20  1.00000E-20  1.07079E-19  1.53934E-18  1.78539E-17
  1.67460E-16  1.27767E-15  8.00002E-15  4.15702E-14  1.81594E-13  6.76335E-13
  2.17935E-12  6.16589E-12  1.55384E-11  3.53573E-11  7.35667E-11  1.41561E-10
  2.54454E-10  4.30929E-10  6.92581E-10  1.06266E-09  1.56423E-09  2.21777E-09
  3.03883E-09  4.03602E-09  5.21039E-09  6.55663E-09  8.06620E-09  9.73162E-09
  1.15503E-08  1.35252E-08  1.56581E-08  1.79312E-08  2.02690E-08  2.24754E-08

  1.00000E-20  1.00000E-20  1.00000E-20  1.00000E-20  1.00000E-20  1.00000E-20
  1.00000E-20  1.00000E-20  1.00000E-20  1.00000E-20  1.00000E-20  1.00000E-20
  1.00000E-20  1.00000E-20  6.50741E-20  8.07353E-19  8.37518E-18  7.25540E-17
  5.25985E-16  3.20695E-15  1.65660E-14  7.31757E-14  2.79349E-13  9.32273E-13
  2.75243E-12  7.27482E-12  1.74125E-11  3.81547E-11  7.73056E-11  1.46129E-10
  2.59730E-10  4.37011E-10  7.00005E-10  1.07250E-09  1.57791E-09  2.23667E-09
  3.06362E-09  4.06607E-09  5.24351E-09  6.58925E-09  8.09407E-09  9.75081E-09
  1.15582E-08  1.35208E-08  1.56424E-08  1.79061E-08  2.02368E-08  2.24388E-08

  1.00000E-20  1.00000E-20  1.00000E-20  1.00000E-20  1.00000E-20  1.00000E-20
  1.00000E-20  1.00000E-20  1.00000E-20  1.00000E-20  1.00000E-20  1.00000E-20
  1.00000E-20  6.64013E-20  6.73933E-19  5.92809E-18  4.50166E-17  2.94851E-16
  1.66873E-15  8.19419E-15  3.51205E-14  1.32368E-13  4.42440E-13  1.32351E-12
  3.57654E-12  8.81243E-12  1.99756E-11  4.20053E-11  8.25683E-11  1.52746E-10
  2.67504E-10  4.45738E-10  7.09667E-10  1.08342E-09  1.59081E-09  2.25252E-09
  3.08337E-09  4.09033E-09  5.27223E-09  6.62163E-09  8.12858E-09  9.78531E-09
  1.15898E-08  1.35456E-08  1.56549E-08  1.78993E-08  2.02031E-08  2.23748E-08

  1.00000E-20  1.00000E-20  1.00000E-20  1.00000E-20  1.00000E-20  1.00000E-20
  1.00000E-20  1.00000E-20  1.00000E-20  1.00000E-20  1.00000E-20  1.30346E-20
  1.14770E-19  9.13907E-19  6.52629E-18  4.15590E-17  2.35281E-16  1.18348E-15
  5.29704E-15  2.11654E-14  7.58557E-14  2.45268E-13  7.20168E-13  1.93373E-12
  4.78206E-12  1.09680E-11  2.34867E-11  4.72463E-11  8.97788E-11  1.61939E-10
  2.78432E-10  4.57942E-10  7.22616E-10  1.09672E-09  1.60441E-09  2.26690E-09
  3.09957E-09  4.10992E-09  5.29709E-09  6.65353E-09  8.16865E-09  9.83317E-09
  1.16426E-08  1.35970E-08  1.56940E-08  1.79111E-08  2.01711E-08  2.22895E-08

  1.00000E-20  1.00000E-20  1.00000E-20  1.00000E-20  1.00000E-20  1.00000E-20
  1.00000E-20  1.00000E-20  1.00000E-20  1.00000E-20  5.04499E-20  3.28518E-19
  1.99585E-18  1.12143E-17  5.78988E-17  2.73492E-16  1.17927E-15  4.63968E-15
  1.66758E-14  5.48919E-14  1.66077E-13  4.63860E-13  1.20188E-12  2.90380E-12
  6.57579E-12  1.40276E-11  2.83211E-11  5.43487E-11  9.95077E-11  1.74389E-10
  2.93332E-10  4.74625E-10  7.40108E-10  1.11396E-09  1.62060E-09  2.28192E-09
  3.11439E-09  4.12678E-09  5.31940E-09  6.68530E-09  8.21338E-09  9.89231E-09
  1.17136E-08  1.36716E-08  1.57570E-08  1.79406E-08  2.01432E-08  2.21899E-08

  1.00000E-20  1.00000E-20  1.00000E-20  1.00000E-20  1.00000E-20  1.00000E-20
  1.00000E-20  1.23864E-20  6.25843E-20  3.09249E-19  1.47761E-18  6.75951E-18
  2.93613E-17  1.20306E-16  4.62747E-16  1.66558E-15  5.60066E-15  1.75893E-14
  5.16404E-14  1.41997E-13  3.66654E-13  8.91839E-13  2.05058E-12  4.47288E-12
  9.28880E-12  1.84272E-11  3.50286E-11  6.39781E-11  1.12535E-10  1.90994E-10
  3.13241E-10  4.97017E-10  7.63647E-10  1.13701E-09  1.64167E-09  2.30028E-09
  3.13071E-09  4.14362E-09  5.34124E-09  6.71790E-09  8.26226E-09  9.96059E-09
  1.17994E-08  1.37654E-08  1.58402E-08  1.79863E-08  2.01218E-08  2.20828E-08

  1.00000E-20  1.00000E-20  1.00000E-20  1.00000E-20  1.66088E-20  5.88547E-20
  2.11426E-19  7.62464E-19  2.73359E-18  9.65377E-18  3.33028E-17  1.11412E-16
  3.59284E-16  1.11158E-15  3.28807E-15  9.27835E-15  2.49485E-14  6.39146E-14
  1.56112E-13  3.64027E-13  8.11873E-13  1.73553E-12  3.56428E-12  7.04896E-12
  1.34545E-11  2.48365E-11  4.44194E-11  7.70828E-11  1.29941E-10  2.12960E-10
  3.39507E-10  5.26657E-10  7.95052E-10  1.16809E-09  1.67033E-09  2.32515E-09
  3.15201E-09  4.16388E-09  5.36548E-09  6.75300E-09  8.31527E-09  1.00361E-08
  1.18963E-08  1.38737E-08  1.59393E-08  1.80459E-08  2.01084E-08  2.19751E-08

  4.39182E-20  1.04437E-19  2.55980E-19  6.45444E-19  1.66701E-18  4.38419E-18
  1.16623E-17  3.11568E-17  8.30173E-17  2.19180E-16  5.70036E-16  1.45307E-15
  3.61538E-15  8.75209E-15  2.05665E-14  4.68458E-14  1.03358E-13  2.20886E-13
  4.57470E-13  9.19031E-13  1.79305E-12  3.40211E-12  6.28657E-12  1.13289E-11
  1.99348E-11  3.42882E-11  5.76947E-11  9.50225E-11  1.53227E-10  2.41922E-10
  3.73904E-10  5.65501E-10  8.36550E-10  1.20981E-09  1.70969E-09  2.36019E-09
  3.18237E-09  4.19169E-09  5.39574E-09  6.79305E-09  8.37307E-09  1.01173E-08
  1.20008E-08  1.39918E-08  1.60496E-08  1.81166E-08  2.01044E-08  2.18735E-08

  6.52011E-18  1.23694E-17  2.40047E-17  4.75778E-17  9.60072E-17  1.96428E-16
  4.05594E-16  8.41178E-16  1.74410E-15  3.59973E-15  7.36759E-15  1.49049E-14
  2.97269E-14  5.83340E-14  1.12473E-13  2.12900E-13  3.95510E-13  7.21152E-13
  1.29108E-12  2.27094E-12  3.92745E-12  6.68370E-12  1.12011E-11  1.84987E-11
  3.01220E-11  4.83769E-11  7.66397E-11  1.19753E-10  1.84497E-10  2.80112E-10
  4.18795E-10  6.16080E-10  8.90920E-10  1.26533E-09  1.76339E-09  2.40957E-09
  3.22642E-09  4.23182E-09  5.43639E-09  6.84130E-09  8.43710E-09  1.02035E-08
  1.21097E-08  1.41148E-08  1.61662E-08  1.81954E-08  2.01104E-08  2.17837E-08

  4.71696E-16  7.44760E-16  1.19481E-15  1.94529E-15  3.20750E-15  5.34187E-15
  8.95988E-15  1.50909E-14  2.54513E-14  4.28725E-14  7.19710E-14  1.20186E-13
  1.99363E-13  3.28160E-13  5.35667E-13  8.66820E-13  1.39049E-12  2.21152E-12
  3.48850E-12  5.46003E-12  8.48317E-12  1.30892E-11  2.00635E-11  3.05591E-11
  4.62530E-11  6.95588E-11  1.03906E-10  1.54092E-10  2.26704E-10  3.30596E-10
  4.77357E-10  6.81707E-10  9.61685E-10  1.33847E-09  1.83570E-09  2.47808E-09
  3.28936E-09  4.28966E-09  5.49250E-09  6.90185E-09  8.50973E-09  1.02946E-08
  1.22210E-08  1.42389E-08  1.62845E-08  1.82791E-08  2.01268E-08  2.17107E-08

  1.72417E-14  2.35564E-14  3.25144E-14  4.53043E-14  6.36452E-14  9.00150E-14
  1.27970E-13  1.82593E-13  2.61111E-13  3.73765E-13  5.35015E-13  7.65222E-13
  1.09302E-12  1.55868E-12  2.21880E-12  3.15309E-12  4.47397E-12  6.34026E-12
  8.97672E-12  1.27018E-11  1.79671E-11  2.54124E-11  3.59432E-11  5.08365E-11
  7.18858E-11  1.01593E-10  1.43417E-10  2.02091E-10  2.83996E-10  3.97593E-10
  5.53873E-10  7.66759E-10  1.05337E-09  1.43401E-09  1.93172E-09  2.57121E-09
  3.37708E-09  4.37129E-09  5.56993E-09  6.97968E-09  8.59435E-09  1.03920E-08
  1.23332E-08  1.43608E-08  1.64008E-08  1.83651E-08  2.01537E-08  2.16588E-08

  3.34838E-13  4.09874E-13  5.04552E-13  6.24331E-13  7.76126E-13  9.68714E-13
  1.21325E-12  1.52397E-12  1.91905E-12  2.42188E-12  3.06271E-12  3.88085E-12
  4.92776E-12  6.27126E-12  8.00125E-12  1.02377E-11  1.31416E-11  1.69301E-11
  2.18970E-11  2.84420E-11  3.71096E-11  4.86436E-11  6.40598E-11  8.47458E-11
  1.12592E-10  1.50167E-10  2.00938E-10  2.69554E-10  3.62183E-10  4.86906E-10
  6.54140E-10  8.77047E-10  1.17185E-09  1.55795E-09  2.05767E-09  2.69545E-09
  3.49632E-09  4.48354E-09  5.67530E-09  7.08070E-09  8.69550E-09  1.04981E-08
  1.24468E-08  1.44788E-08  1.65123E-08  1.84510E-08  2.01911E-08  2.16310E-08

  3.67269E-12  4.15112E-12  4.70210E-12  5.33695E-12  6.06908E-12  6.91463E-12
  7.89327E-12  9.02913E-12  1.03522E-11  1.19000E-11  1.37198E-11  1.58715E-11
  1.84317E-11  2.14984E-11  2.51981E-11  2.96943E-11  3.51999E-11  4.19928E-11
  5.04378E-11  6.10150E-11  7.43586E-11  9.13091E-11  1.12982E-10  1.40858E-10
  1.76909E-10  2.23747E-10  2.84832E-10  3.64718E-10  4.69365E-10  6.06494E-10
  7.85990E-10  1.02030E-09  1.32480E-09  1.71794E-09  2.22122E-09  2.85853E-09
  3.65487E-09  4.63420E-09  5.81613E-09  7.21181E-09  8.81896E-09  1.06171E-08
  1.25639E-08  1.45932E-08  1.66179E-08  1.85356E-08  2.02388E-08  2.16290E-08

  2.43730E-11  2.60834E-11  2.79099E-11  2.98600E-11  3.19466E-11  3.41894E-11
  3.66155E-11  3.92606E-11  4.21707E-11  4.54037E-11  4.90318E-11  5.31447E-11
  5.78537E-11  6.32971E-11  6.96472E-11  7.71200E-11  8.59871E-11  9.65927E-11
  1.09374E-10  1.24892E-10  1.43866E-10  1.67225E-10  1.96171E-10  2.32268E-10
  2.77547E-10  3.34653E-10  4.07027E-10  4.99129E-10  6.16724E-10  7.67203E-10
  9.59963E-10  1.20679E-09  1.52222E-09  1.92378E-09  2.43197E-09  3.06985E-09
  3.86193E-09  4.83220E-09  6.00104E-09  7.38104E-09  8.97186E-09  1.07548E-08
  1.26885E-08  1.47063E-08  1.67185E-08  1.86189E-08  2.02969E-08  2.16537E-08

  1.05292E-10  1.08850E-10  1.12367E-10  1.15838E-10  1.19280E-10  1.22733E-10
  1.26258E-10  1.29930E-10  1.33845E-10  1.38115E-10  1.42868E-10  1.48253E-10
  1.54442E-10  1.61635E-10  1.70069E-10  1.80025E-10  1.91842E-10  2.05935E-10
  2.22817E-10  2.43125E-10  2.67657E-10  2.97421E-10  3.33699E-10  3.78118E-10
  4.32763E-10  5.00301E-10  5.84150E-10  6.88684E-10  8.19486E-10  9.83650E-10
  1.19012E-09  1.45006E-09  1.77718E-09  2.18801E-09  2.70195E-09  3.34091E-09
  4.12845E-09  5.08796E-09  6.23990E-09  7.59771E-09  9.16279E-09  1.09189E-08
  1.28271E-08  1.48229E-08  1.68171E-08  1.87024E-08  2.03655E-08  2.17047E-08

  3.18972E-10  3.23388E-10  3.27265E-10  3.30584E-10  3.33394E-10  3.35791E-10
  3.37914E-10  3.39932E-10  3.42039E-10  3.44450E-10  3.47396E-10  3.51125E-10
  3.55906E-10  3.62031E-10  3.69824E-10  3.79654E-10  3.91942E-10  4.07186E-10
  4.25978E-10  4.49035E-10  4.77236E-10  5.11666E-10  5.53677E-10  6.04962E-10
  6.67650E-10  7.44429E-10  8.38695E-10  9.54740E-10  1.09798E-09  1.27522E-09
  1.49498E-09  1.76778E-09  2.10651E-09  2.52662E-09  3.04623E-09  3.68584E-09
  4.46760E-09  5.41376E-09  6.54417E-09  7.87260E-09  9.40198E-09  1.11189E-08
  1.29885E-08  1.49504E-08  1.69193E-08  1.87893E-08  2.04455E-08  2.17803E-08

  7.28637E-10  7.32157E-10  7.34555E-10  7.35762E-10  7.35806E-10  7.34799E-10
  7.32922E-10  7.30413E-10  7.27551E-10  7.24654E-10  7.22069E-10  7.20169E-10
  7.19355E-10  7.20057E-10  7.22737E-10  7.27900E-10  7.36107E-10  7.47986E-10
  7.64259E-10  7.85768E-10  8.13506E-10  8.48667E-10  8.92701E-10  9.47382E-10
  1.01490E-09  1.09797E-09  1.19997E-09  1.32511E-09  1.47863E-09  1.66706E-09
  1.89843E-09  2.18263E-09  2.53163E-09  2.95971E-09  3.48352E-09  4.12189E-09
  4.89519E-09  5.82405E-09  6.92719E-09  8.21824E-09  9.70146E-09  1.13666E-08
  1.31838E-08  1.50991E-08  1.70334E-08  1.88848E-08  2.05379E-08  2.18781E-08

  1.34350E-09  1.34672E-09  1.34893E-09  1.34982E-09  1.34918E-09  1.34691E-09
  1.34300E-09  1.33753E-09  1.33068E-09  1.32273E-09  1.31405E-09  1.30508E-09
  1.29637E-09  1.28851E-09  1.28219E-09  1.27816E-09  1.27723E-09  1.28029E-09
  1.28834E-09  1.30246E-09  1.32387E-09  1.35399E-09  1.39445E-09  1.44717E-09
  1.51444E-09  1.59906E-09  1.70438E-09  1.83455E-09  1.99460E-09  2.19072E-09
  2.43045E-09  2.72294E-09  3.07914E-09  3.51204E-09  4.03664E-09  4.66988E-09
  5.43008E-09  6.33588E-09  7.40454E-09  8.64920E-09  1.00753E-08  1.16759E-08
  1.34268E-08  1.52818E-08  1.71700E-08  1.89958E-08  2.06447E-08  2.19943E-08

  2.12558E-09  2.13232E-09  2.13971E-09  2.14700E-09  2.15343E-09  2.15828E-09
  2.16094E-09  2.16094E-09  2.15798E-09  2.15196E-09  2.14299E-09  2.13139E-09
  2.11773E-09  2.10274E-09  2.08736E-09  2.07266E-09  2.05987E-09  2.05033E-09
  2.04549E-09  2.04688E-09  2.05618E-09  2.07518E-09  2.10586E-09  2.15041E-09
  2.21136E-09  2.29160E-09  2.39454E-09  2.52423E-09  2.68550E-09  2.88416E-09
  3.12716E-09  3.42282E-09  3.78098E-09  4.21317E-09  4.73267E-09  5.35434E-09
  6.09430E-09  6.96908E-09  7.99425E-09  9.18232E-09  1.05397E-08  1.20629E-08
  1.37335E-08  1.55139E-08  1.73422E-08  1.91311E-08  2.07684E-08  2.21247E-08

  3.04025E-09  3.05426E-09  3.07265E-09  3.09407E-09  3.11693E-09  3.13960E-09
  3.16049E-09  3.17814E-09  3.19134E-09  3.19919E-09  3.20114E-09  3.19706E-09
  3.18724E-09  3.17236E-09  3.15349E-09  3.13202E-09  3.10961E-09  3.08815E-09
  3.06970E-09  3.05643E-09  3.05063E-09  3.05468E-09  3.07108E-09  3.10247E-09
  3.15169E-09  3.22187E-09  3.31651E-09  3.43959E-09  3.59574E-09  3.79033E-09
  4.02968E-09  4.32121E-09  4.67358E-09  5.09682E-09  5.60239E-09  6.20312E-09
  6.91291E-09  7.74619E-09  8.71692E-09  9.83691E-09  1.11135E-08  1.25462E-08
  1.41225E-08  1.58129E-08  1.75653E-08  1.93011E-08  2.09123E-08  2.22644E-08

  4.09914E-09  4.11986E-09  4.15053E-09  4.18913E-09  4.23323E-09  4.28015E-09
  4.32716E-09  4.37164E-09  4.41120E-09  4.44385E-09  4.46811E-09  4.48305E-09
  4.48837E-09  4.48439E-09  4.47205E-09  4.45281E-09  4.42861E-09  4.40178E-09
  4.37489E-09  4.35075E-09  4.33228E-09  4.32249E-09  4.32447E-09  4.34136E-09
  4.37642E-09  4.43304E-09  4.51488E-09  4.62589E-09  4.77048E-09  4.95363E-09
  5.18101E-09  5.45914E-09  5.79554E-09  6.19879E-09  6.67867E-09  7.24610E-09
  7.91300E-09  8.69195E-09  9.59543E-09  1.06347E-08  1.18177E-08  1.31468E-08
  1.46144E-08  1.61984E-08  1.78559E-08  1.95173E-08  2.10803E-08  2.24083E-08

  5.37128E-09  5.39137E-09  5.42789E-09  5.47827E-09  5.53933E-09  5.60749E-09
  5.67904E-09  5.75031E-09  5.81787E-09  5.87872E-09  5.93039E-09  5.97110E-09
  5.99981E-09  6.01624E-09  6.02089E-09  6.01499E-09  6.00036E-09  5.97937E-09
  5.95480E-09  5.92971E-09  5.90738E-09  5.89121E-09  5.88466E-09  5.89124E-09
  5.91450E-09  5.95806E-09  6.02566E-09  6.12124E-09  6.24903E-09  6.41362E-09
  6.62016E-09  6.87439E-09  7.18285E-09  7.55294E-09  7.99303E-09  8.51253E-09
  9.12177E-09  9.83182E-09  1.06540E-08  1.15990E-08  1.26754E-08  1.38875E-08
  1.52314E-08  1.66912E-08  1.82318E-08  1.97919E-08  2.12766E-08  2.25513E-08

  6.97098E-09  6.97608E-09  7.00356E-09  7.05056E-09  7.11346E-09  7.18819E-09
  7.27049E-09  7.35616E-09  7.44118E-09  7.52197E-09  7.59548E-09  7.65930E-09
  7.71178E-09  7.75204E-09  7.77996E-09  7.79618E-09  7.80200E-09  7.79930E-09
  7.79045E-09  7.77819E-09  7.76552E-09  7.75566E-09  7.75194E-09  7.75777E-09
  7.77665E-09  7.81212E-09  7.86785E-09  7.94765E-09  8.05555E-09  8.19587E-09
  8.37336E-09  8.59326E-09  8.86147E-09  9.18462E-09  9.57016E-09  1.00265E-08
  1.05629E-08  1.11893E-08  1.19162E-08  1.27538E-08  1.37107E-08  1.47920E-08
  1.59966E-08  1.73124E-08  1.87104E-08  2.01370E-08  2.15057E-08  2.26893E-08

  9.03143E-09  9.00244E-09  8.99916E-09  9.01901E-09  9.05862E-09  9.11418E-09
  9.18171E-09  9.25724E-09  9.33702E-09  9.41757E-09  9.49590E-09  9.56949E-09
  9.63639E-09  9.69525E-09  9.74534E-09  9.78647E-09  9.81902E-09  9.84385E-09
  9.86228E-09  9.87596E-09  9.88688E-09  9.89730E-09  9.90969E-09  9.92671E-09
  9.95123E-09  9.98628E-09  1.00351E-08  1.01012E-08  1.01884E-08  1.03007E-08
  1.04429E-08  1.06199E-08  1.08374E-08  1.11017E-08  1.14201E-08  1.18003E-08
  1.22510E-08  1.27815E-08  1.34014E-08  1.41201E-08  1.49457E-08  1.58830E-08
  1.69316E-08  1.80813E-08  1.93074E-08  2.05630E-08  2.17716E-08  2.28192E-08

  1.16578E-08  1.15780E-08  1.15214E-08  1.14868E-08  1.14726E-08  1.14766E-08
  1.14963E-08  1.15292E-08  1.15728E-08  1.16247E-08  1.16826E-08  1.17445E-08
  1.18084E-08  1.18728E-08  1.19362E-08  1.19975E-08  1.20557E-08  1.21104E-08
  1.21611E-08  1.22079E-08  1.22509E-08  1.22909E-08  1.23286E-08  1.23655E-08
  1.24031E-08  1.24437E-08  1.24896E-08  1.25441E-08  1.26104E-08  1.26929E-08
  1.27959E-08  1.29249E-08  1.30856E-08  1.32845E-08  1.35287E-08  1.38260E-08
  1.41844E-08  1.46125E-08  1.51189E-08  1.57114E-08  1.63964E-08  1.71774E-08
  1.80527E-08  1.90124E-08  2.00339E-08  2.10770E-08  2.20772E-08  2.29400E-08

  1.48483E-08  1.47184E-08  1.45986E-08  1.44915E-08  1.43992E-08  1.43233E-08
  1.42647E-08  1.42240E-08  1.42012E-08  1.41960E-08  1.42075E-08  1.42344E-08
  1.42752E-08  1.43279E-08  1.43905E-08  1.44605E-08  1.45357E-08  1.46135E-08
  1.46917E-08  1.47682E-08  1.48409E-08  1.49086E-08  1.49703E-08  1.50256E-08
  1.50748E-08  1.51190E-08  1.51601E-08  1.52007E-08  1.52442E-08  1.52949E-08
  1.53577E-08  1.54381E-08  1.55424E-08  1.56772E-08  1.58495E-08  1.60667E-08
  1.63361E-08  1.66647E-08  1.70591E-08  1.75246E-08  1.80646E-08  1.86794E-08
  1.93647E-08  2.01092E-08  2.08922E-08  2.16802E-08  2.24236E-08  2.30533E-08

  1.83964E-08  1.82543E-08  1.80952E-08  1.79273E-08  1.77591E-08  1.75983E-08
  1.74517E-08  1.73246E-08  1.72209E-08  1.71433E-08  1.70929E-08  1.70695E-08
  1.70721E-08  1.70984E-08  1.71455E-08  1.72095E-08  1.72866E-08  1.73722E-08
  1.74621E-08  1.75518E-08  1.76375E-08  1.77159E-08  1.77845E-08  1.78417E-08
  1.78868E-08  1.79204E-08  1.79443E-08  1.79613E-08  1.79751E-08  1.79906E-08
  1.80132E-08  1.80489E-08  1.81041E-08  1.81852E-08  1.82986E-08  1.84503E-08
  1.86455E-08  1.88886E-08  1.91825E-08  1.95284E-08  1.99251E-08  2.03681E-08
  2.08492E-08  2.13556E-08  2.18687E-08  2.23635E-08  2.28082E-08  2.31642E-08

  2.18436E-08  2.17735E-08  2.16470E-08  2.14787E-08  2.12843E-08  2.10791E-08
  2.08766E-08  2.06884E-08  2.05231E-08  2.03869E-08  2.02836E-08  2.02144E-08
  2.01786E-08  2.01738E-08  2.01963E-08  2.02410E-08  2.03023E-08  2.03742E-08
  2.04506E-08  2.05256E-08  2.05941E-08  2.06516E-08  2.06952E-08  2.07231E-08
  2.07348E-08  2.07317E-08  2.07163E-08  2.06925E-08  2.06652E-08  2.06401E-08
  2.06233E-08  2.06212E-08  2.06397E-08  2.06843E-08  2.07595E-08  2.08686E-08
  2.10133E-08  2.11932E-08  2.14060E-08  2.16467E-08  2.19079E-08  2.21794E-08
  2.24489E-08  2.27022E-08  2.29245E-08  2.31018E-08  2.32230E-08  2.32823E-08

  2.46010E-08  2.47015E-08  2.47086E-08  2.46397E-08  2.45151E-08  2.43552E-08
  2.41789E-08  2.40024E-08  2.38386E-08  2.36967E-08  2.35828E-08  2.34995E-08
  2.34469E-08  2.34227E-08  2.34225E-08  2.34411E-08  2.34718E-08  2.35081E-08
  2.35433E-08  2.35713E-08  2.35872E-08  2.35872E-08  2.35693E-08  2.35330E-08
  2.34797E-08  2.34124E-08  2.33355E-08  2.32548E-08  2.31766E-08  2.31074E-08
  2.30541E-08  2.30224E-08  2.30175E-08  2.30427E-08  2.30997E-08  2.31877E-08
  2.33033E-08  2.34405E-08  2.35901E-08  2.37401E-08  2.38763E-08  2.39831E-08
  2.40446E-08  2.40473E-08  2.39819E-08  2.38470E-08  2.36524E-08  2.34223E-08

h0+he++ -> h+ + he++ + e
  1.10621E-14  1.24690E-14  1.21311E-14  1.04052E-14  8.08147E-15  5.85444E-15
  4.07791E-15  2.81290E-15  1.97465E-15  1.44520E-15  1.12541E-15  9.47700E-16
  8.73287E-16  8.87290E-16  9.97504E-16  1.24047E-15  1.70025E-15  2.55197E-15
  4.15770E-15  7.27523E-15  1.35125E-14  2.63093E-14  5.30251E-14  1.09271E-13
  2.27590E-13  4.74078E-13  9.78622E-13  1.98672E-12  3.94299E-12  7.61796E-12
  1.42908E-11  2.60039E-11  4.59148E-11  7.87897E-11  1.31717E-10  2.15165E-10
  3.44559E-10  5.42598E-10  8.42568E-10  1.29281E-09  1.96236E-09  2.94716E-09
  4.37575E-09  6.41202E-09  9.25298E-09  1.31216E-08  1.82622E-08  2.49626E-08

  1.12695E-14  1.21233E-14  1.12029E-14  9.11274E-15  6.72110E-15  4.64138E-15
  3.09990E-15  2.06545E-15  1.41240E-15  1.01604E-15  7.84830E-16  6.61405E-16
  6.15008E-16  6.35224E-16  7.30545E-16  9.34069E-16  1.32120E-15  2.05118E-15
  3.45998E-15  6.26661E-15  1.20299E-14  2.41500E-14  5.00232E-14  1.05541E-13
  2.24117E-13  4.73907E-13  9.88830E-13  2.02096E-12  4.02348E-12  7.77411E-12
  1.45505E-11  2.63731E-11  4.63439E-11  7.91319E-11  1.31695E-10  2.14373E-10
  3.42546E-10  5.39082E-10  8.37827E-10  1.28828E-09  1.96130E-09  2.95509E-09
  4.39982E-09  6.45805E-09  9.31898E-09  1.31877E-08  1.82819E-08  2.48658E-08

  1.00287E-14  1.02024E-14  8.89305E-15  6.82791E-15  4.76974E-15  3.13792E-15
  2.01197E-15  1.29868E-15  8.68895E-16  6.17912E-16  4.76713E-16  4.05215E-16
  3.83502E-16  4.06400E-16  4.82763E-16  6.40960E-16  9.45012E-16  1.53278E-15
  2.70337E-15  5.11630E-15  1.02439E-14  2.13853E-14  4.58869E-14  9.98370E-14
  2.17539E-13  4.69573E-13  9.95040E-13  2.05519E-12  4.11645E-12  7.97087E-12
  1.49033E-11  2.69201E-11  4.70693E-11  7.99105E-11  1.32232E-10  2.14166E-10
  3.40901E-10  5.35257E-10  8.31356E-10  1.27956E-09  1.95244E-09  2.95086E-09
  4.40803E-09  6.48827E-09  9.37788E-09  1.32704E-08  1.83614E-08  2.48893E-08

  8.00651E-15  7.65976E-15  6.27585E-15  4.54071E-15  3.00459E-15  1.88608E-15
  1.16429E-15  7.30909E-16  4.80778E-16  3.39862E-16  2.63466E-16  2.27343E-16
  2.20461E-16  2.41335E-16  2.98157E-16  4.13879E-16  6.40348E-16  1.09223E-15
  2.02693E-15  4.03285E-15  8.47022E-15  1.84875E-14  4.12991E-14  9.30854E-14
  2.08982E-13  4.62169E-13  9.97716E-13  2.08798E-12  4.21621E-12  8.19418E-12
  1.53204E-11  2.75927E-11  4.80068E-11  8.10054E-11  1.33183E-10  2.14410E-10
  3.39592E-10  5.31335E-10  8.23810E-10  1.26797E-09  1.93792E-09  2.93735E-09
  4.40347E-09  6.50470E-09  9.42857E-09  1.33624E-08  1.84838E-08  2.50036E-08

  5.91750E-15  5.31224E-15  4.08983E-15  2.79198E-15  1.75438E-15  1.05451E-15
  6.29382E-16  3.86086E-16  2.50923E-16  1.77213E-16  1.38734E-16  1.22115E-16
  1.21894E-16  1.38433E-16  1.78578E-16  2.60117E-16  4.23729E-16  7.62343E-16
  1.49270E-15  3.13010E-15  6.91222E-15  1.58074E-14  3.68357E-14  8.61678E-14
  1.99662E-13  4.53100E-13  9.97907E-13  2.11870E-12  4.31789E-12  8.43043E-12
  1.57726E-11  2.83372E-11  4.90692E-11  8.22915E-11  1.34395E-10  2.14965E-10
  3.38570E-10  5.27508E-10  8.15833E-10  1.25487E-09  1.92003E-09  2.91776E-09
  4.38979E-09  6.51017E-09  9.47068E-09  1.34566E-08  1.86316E-08  2.51779E-08

  4.18569E-15  3.52934E-15  2.55980E-15  1.65507E-15  9.92185E-16  5.73993E-16
  3.33001E-16  2.00662E-16  1.29493E-16  9.17792E-17  7.28416E-17  6.56121E-17
  6.75841E-17  7.97717E-17  1.07572E-16  1.64506E-16  2.82158E-16  5.35242E-16
  1.10501E-15  2.43990E-15  5.65936E-15  1.35463E-14  3.28974E-14  7.98013E-14
  1.90719E-13  4.43911E-13  9.97164E-13  2.14772E-12  4.41801E-12  8.66762E-12
  1.62323E-11  2.91015E-11  5.01713E-11  8.36476E-11  1.35721E-10  2.15693E-10
  3.37782E-10  5.23940E-10  8.08011E-10  1.24152E-09  1.90093E-09  2.89524E-09
  4.37073E-09  6.50782E-09  9.50440E-09  1.35468E-08  1.87881E-08  2.53829E-08

  2.92813E-15  2.32768E-15  1.59851E-15  9.84710E-16  5.66798E-16  3.17638E-16
  1.80230E-16  1.07282E-16  6.90735E-17  4.93183E-17  3.97910E-17  3.67381E-17
  3.90707E-17  4.79042E-17  6.74277E-17  1.08010E-16  1.94474E-16  3.87609E-16
  8.40479E-16  1.94627E-15  4.72256E-15  1.17854E-14  2.97181E-14  7.45086E-14
  1.83138E-13  4.36166E-13  9.97440E-13  2.17639E-12  4.51493E-12  8.89658E-12
  1.66759E-11  2.98392E-11  5.12367E-11  8.49652E-11  1.37031E-10  2.16471E-10
  3.37181E-10  5.20771E-10  8.00839E-10  1.22899E-09  1.88252E-09  2.87262E-09
  4.34980E-09  6.50080E-09  9.53036E-09  1.36278E-08  1.89385E-08  2.55917E-08

  2.08895E-15  1.57502E-15  1.03144E-15  6.10032E-16  3.39775E-16  1.85832E-16
  1.03825E-16  6.14008E-17  3.96214E-17  2.85885E-17  2.34875E-17  2.22322E-17
  2.43810E-17  3.09722E-17  4.53325E-17  7.56994E-17  1.42279E-16  2.96105E-16
  6.69940E-16  1.61604E-15  4.07474E-15  1.05337E-14  2.74144E-14  7.06522E-14
  1.77745E-13  4.31392E-13  1.00100E-12  2.20712E-12  4.60922E-12  9.11203E-12
  1.70861E-11  3.05139E-11  5.22034E-11  8.61558E-11  1.38218E-10  2.17204E-10
  3.36732E-10  5.18113E-10  7.94711E-10  1.21814E-09  1.86633E-09  2.85224E-09
  4.32999E-09  6.49197E-09  9.54949E-09  1.36958E-08  1.90706E-08  2.57820E-08

  1.56173E-15  1.12563E-15  7.09056E-16  4.06254E-16  2.20883E-16  1.18861E-16
  6.58543E-17  3.89162E-17  2.52742E-17  1.84750E-17  1.54673E-17  1.49940E-17
  1.69096E-17  2.21607E-17  3.35374E-17  5.79823E-17  1.12881E-16  2.43241E-16
  5.69180E-16  1.41747E-15  3.68121E-15  9.77437E-15  2.60465E-14  6.85022E-14
  1.75261E-13  4.31095E-13  1.01041E-12  2.24330E-12  4.70379E-12  9.31339E-12
  1.74541E-11  3.11024E-11  5.30296E-11  8.71586E-11  1.39211E-10  2.17828E-10
  3.36414E-10  5.16053E-10  7.89919E-10  1.20962E-09  1.85352E-09  2.83592E-09
  4.31370E-09  6.48375E-09  9.56290E-09  1.37480E-08  1.91755E-08  2.59365E-08

  1.25189E-15  8.70465E-16  5.32600E-16  2.98531E-16  1.59936E-16  8.53988E-17
  4.72595E-17  2.80641E-17  1.84140E-17  1.36622E-17  1.16544E-17  1.15468E-17
  1.33389E-17  1.79329E-17  2.78613E-17  4.94537E-17  9.87910E-17  2.18201E-16
  5.22545E-16  1.32927E-15  3.51860E-15  9.49969E-15  2.56760E-14  6.83187E-14
  1.76399E-13  4.36838E-13  1.02853E-12  2.28932E-12  4.80401E-12  9.50518E-12
  1.77803E-11  3.15974E-11  5.36974E-11  8.79452E-11  1.39975E-10  2.18314E-10
  3.36230E-10  5.14659E-10  7.86661E-10  1.20384E-09  1.84485E-09  2.82486E-09
  4.30261E-09  6.47803E-09  9.57175E-09  1.37834E-08  1.92475E-08  2.60439E-08

  1.09554E-15  7.42217E-16  4.45700E-16  2.46915E-16  1.31606E-16  7.03268E-17
  3.91503E-17  2.34878E-17  1.56235E-17  1.17816E-17  1.02327E-17  1.03322E-17
  1.21679E-17  1.66714E-17  2.63745E-17  4.76100E-17  9.65716E-17  2.16191E-16
  5.23727E-16  1.34499E-15  3.58697E-15  9.73815E-15  2.64187E-14  7.04406E-14
  1.81987E-13  4.50386E-13  1.05866E-12  2.35058E-12  4.91764E-12  9.69715E-12
  1.80753E-11  3.20089E-11  5.42149E-11  8.85220E-11  1.40518E-10  2.18675E-10
  3.36205E-10  5.13989E-10  7.85054E-10  1.20103E-09  1.84074E-09  2.81979E-09
  4.29779E-09  6.47609E-09  9.57716E-09  1.38020E-08  1.92845E-08  2.60991E-08

  1.06025E-15  7.07099E-16  4.21137E-16  2.32971E-16  1.24720E-16  6.72590E-17
  3.79232E-17  2.31013E-17  1.56249E-17  1.19865E-17  1.05863E-17  1.08577E-17
  1.29660E-17  1.79757E-17  2.87058E-17  5.21724E-17  1.06272E-16  2.38303E-16
  5.76897E-16  1.47738E-15  3.92184E-15  1.05823E-14  2.85016E-14  7.53876E-14
  1.93133E-13  4.73913E-13  1.10473E-12  2.43366E-12  5.05486E-12  9.90404E-12
  1.83595E-11  3.23635E-11  5.46159E-11  8.89301E-11  1.40887E-10  2.18964E-10
  3.36393E-10  5.14097E-10  7.85154E-10  1.20127E-09  1.84131E-09  2.82092E-09
  4.29965E-09  6.47867E-09  9.58017E-09  1.38051E-08  1.92875E-08  2.61025E-08

  1.14367E-15  7.58487E-16  4.52676E-16  2.52554E-16  1.37042E-16  7.51756E-17
  4.32058E-17  2.68464E-17  1.85116E-17  1.44540E-17  1.29607E-17  1.34533E-17
  1.62006E-17  2.25609E-17  3.60467E-17  6.52961E-17  1.32084E-16  2.93188E-16
  7.00646E-16  1.76732E-15  4.61339E-15  1.22284E-14  3.23382E-14  8.39938E-14
  2.11430E-13  5.10302E-13  1.17169E-12  2.54663E-12  5.22841E-12  1.01454E-11
  1.86618E-11  3.27032E-11  5.49577E-11  8.92428E-11  1.41168E-10  2.19271E-10
  3.36879E-10  5.15038E-10  7.86968E-10  1.20448E-09  1.84643E-09  2.82809E-09
  4.30809E-09  6.48594E-09  9.58163E-09  1.37946E-08  1.92602E-08  2.60596E-08

  1.37909E-15  9.18345E-16  5.54556E-16  3.14940E-16  1.74691E-16  9.81886E-17
  5.78564E-17  3.68196E-17  2.59396E-17  2.06194E-17  1.87387E-17  1.96131E-17
  2.36859E-17  3.28963E-17  5.21365E-17  9.32075E-17  1.85237E-16  4.02391E-16
  9.38133E-16  2.30323E-15  5.84335E-15  1.50437E-14  3.86475E-14  9.76039E-14
  2.39264E-13  5.63560E-13  1.26597E-12  2.69958E-12  5.45399E-12  1.04456E-11
  1.90198E-11  3.30833E-11  5.53179E-11  8.95610E-11  1.41482E-10  2.19725E-10
  3.37776E-10  5.16882E-10  7.90481E-10  1.21053E-09  1.85577E-09  2.84081E-09
  4.32258E-09  6.49765E-09  9.58229E-09  1.37734E-08  1.92085E-08  2.59797E-08

  1.85626E-15  1.25211E-15  7.71782E-16  4.49906E-16  2.57036E-16  1.48991E-16
  9.04661E-17  5.91726E-17  4.26689E-17  3.45297E-17  3.17464E-17  3.33860E-17
  4.02239E-17  5.53424E-17  8.63085E-17  1.50900E-16  2.91708E-16  6.13624E-16
  1.38051E-15  3.26277E-15  7.95808E-15  1.96916E-14  4.86569E-14  1.18384E-13
  2.80256E-13  6.39426E-13  1.39629E-12  2.90552E-12  5.75104E-12  1.08342E-11
  1.94783E-11  3.35706E-11  5.57908E-11  9.00095E-11  1.41979E-10  2.20488E-10
  3.39233E-10  5.19724E-10  7.95674E-10  1.21921E-09  1.86888E-09  2.85833E-09
  4.34222E-09  6.51319E-09  9.58269E-09  1.37445E-08  1.91397E-08  2.58749E-08

  2.77378E-15  1.90992E-15  1.21087E-15  7.29803E-16  4.32248E-16  2.59816E-16
  1.63266E-16  1.10078E-16  8.13589E-17  6.70168E-17  6.22256E-17  6.55363E-17
  7.84038E-17  1.06223E-16  1.61848E-16  2.74504E-16  5.11619E-16  1.03242E-15
  2.21977E-15  5.00125E-15  1.16144E-14  2.73640E-14  6.44570E-14  1.49837E-13
  3.39969E-13  7.46286E-13  1.57480E-12  3.18164E-12  6.14412E-12  1.13470E-11
  2.00904E-11  3.42428E-11  5.64859E-11  9.07327E-11  1.42836E-10  2.21756E-10
  3.41433E-10  5.23689E-10  8.02547E-10  1.23030E-09  1.88524E-09  2.87981E-09
  4.36593E-09  6.53172E-09  9.58330E-09  1.37114E-08  1.90619E-08  2.57589E-08

  4.56122E-15  3.22669E-15  2.11742E-15  1.32731E-15  8.19326E-16  5.12974E-16
  3.34748E-16  2.33174E-16  1.76825E-16  1.48217E-16  1.38765E-16  1.45949E-16
  1.72679E-16  2.29196E-16  3.39123E-16  5.54155E-16  9.88375E-16  1.89825E-15
  3.86867E-15  8.24071E-15  1.80725E-14  4.02209E-14  8.96332E-14  1.97662E-13
  4.27026E-13  8.96560E-13  1.81867E-12  3.55127E-12  6.66501E-12  1.20282E-11
  2.09190E-11  3.51891E-11  5.75267E-11  9.18938E-11  1.44254E-10  2.23754E-10
  3.44602E-10  5.28949E-10  8.11140E-10  1.24362E-09  1.90433E-09  2.90432E-09
  4.39252E-09  6.55232E-09  9.58449E-09  1.36775E-08  1.89832E-08  2.56455E-08

  8.16026E-15  5.96055E-15  4.06836E-15  2.66446E-15  1.72105E-15  1.12613E-15
  7.65075E-16  5.51478E-16  4.29372E-16  3.66109E-16  3.45145E-16  3.61673E-16
  4.21819E-16  5.46272E-16  7.81148E-16  1.22317E-15  2.07542E-15  3.77001E-15
  7.23604E-15  1.44774E-14  2.97887E-14  6.22259E-14  1.30395E-13  2.71215E-13
  5.54912E-13  1.10885E-12  2.15267E-12  4.04673E-12  7.35595E-12  1.29340E-11
  2.20400E-11  3.65134E-11  5.90533E-11  9.36756E-11  1.46459E-10  2.26744E-10
  3.49008E-10  5.35730E-10  8.21563E-10  1.25905E-09  1.92569E-09  2.93102E-09
  4.42091E-09  6.57410E-09  9.58667E-09  1.36459E-08  1.89116E-08  2.55480E-08

  1.56722E-14  1.18617E-14  8.44936E-15  5.79932E-15  3.93033E-15  2.69358E-15
  1.90827E-15  1.42479E-15  1.13926E-15  9.87752E-16  9.36632E-16  9.76139E-16
  1.11958E-15  1.41049E-15  1.94252E-15  2.90342E-15  4.66691E-15  7.98235E-15
  1.43625E-14  2.68634E-14  5.16163E-14  1.00736E-13  1.97603E-13  3.85991E-13
  7.44903E-13  1.41130E-12  2.61293E-12  4.71357E-12  8.27426E-12  1.41374E-11
  2.35482E-11  3.83398E-11  6.12280E-11  9.62863E-11  1.49710E-10  2.31026E-10
  3.54973E-10  5.44332E-10  8.34017E-10  1.27660E-09  1.94902E-09  2.95926E-09
  4.45019E-09  6.59642E-09  9.59037E-09  1.36199E-08  1.88542E-08  2.54783E-08

  3.18423E-14  2.50233E-14  1.86369E-14  1.34277E-14  9.56123E-15  6.87031E-15
  5.07906E-15  3.92934E-15  3.22654E-15  2.84325E-15  2.70964E-15  2.80524E-15
  3.15932E-15  3.86500E-15  5.11582E-15  7.28203E-15  1.10609E-14  1.77669E-14
  2.98854E-14  5.21091E-14  9.32335E-14  1.69516E-13  3.10400E-13  5.67846E-13
  1.03084E-12  1.84690E-12  3.25273E-12  5.61694E-12  9.49941E-12  1.57362E-11
  2.55653E-11  4.08216E-11  6.42445E-11  9.99687E-11  1.54303E-10  2.36952E-10
  3.62886E-10  5.55145E-10  8.48827E-10  1.29643E-09  1.97425E-09  2.98867E-09
  4.47984E-09  6.61897E-09  9.59634E-09  1.36023E-08  1.88173E-08  2.54464E-08

  6.74122E-14  5.50383E-14  4.28774E-14  3.24366E-14  2.42684E-14  1.82826E-14
  1.41012E-14  1.13003E-14  9.52527E-15  8.52713E-15  8.16278E-15  8.38986E-15
  9.27207E-15  1.10072E-14  1.39926E-14  1.89540E-14  2.71838E-14  4.09726E-14
  6.43740E-14  1.04541E-13  1.73999E-13  2.94419E-13  5.02667E-13  8.60165E-13
  1.46690E-12  2.48176E-12  4.15138E-12  6.85104E-12  1.11432E-11  1.78637E-11
  2.82520E-11  4.41544E-11  6.83423E-11  1.05016E-10  1.60593E-10  2.44937E-10
  3.73217E-10  5.68664E-10  8.66467E-10  1.31893E-09  2.00160E-09  3.01931E-09
  4.50985E-09  6.64203E-09  9.60569E-09  1.35960E-08  1.88062E-08  2.54601E-08

  1.46479E-13  1.24159E-13  1.01082E-13  8.02044E-14  6.29811E-14  4.96887E-14
  3.99432E-14  3.31268E-14  2.86433E-14  2.60358E-14  2.50275E-14  2.55367E-14
  2.76985E-14  3.19201E-14  3.89930E-14  5.02991E-14  6.81711E-14  9.64998E-14
  1.41744E-13  2.14573E-13  3.32489E-13  5.23914E-13  8.34412E-13  1.33593E-12
  2.14026E-12  3.41836E-12  5.42799E-12  8.55365E-12  1.33652E-11  2.07056E-11
  3.18263E-11  4.85957E-11  7.38274E-11  1.11792E-10  1.69012E-10  2.55489E-10
  3.86545E-10  5.85527E-10  8.87602E-10  1.34475E-09  2.03168E-09  3.05175E-09
  4.54086E-09  6.66653E-09  9.62005E-09  1.36037E-08  1.88248E-08  2.55251E-08

  3.22000E-13  2.82824E-13  2.40114E-13  1.99382E-13  1.63962E-13  1.35190E-13
  1.13060E-13  9.68989E-14  8.58553E-14  7.91932E-14  7.64384E-14  7.74580E-14
  8.25302E-14  9.24499E-14  1.08711E-13  1.33815E-13  1.71778E-13  2.28930E-13
  3.15165E-13  4.45857E-13  6.44742E-13  9.48197E-13  1.41150E-12  2.11788E-12
  3.19152E-12  4.81625E-12  7.26266E-12  1.09279E-11  1.63951E-11  2.45238E-11
  3.65880E-11  5.44916E-11  8.11012E-11  1.20764E-10  1.80103E-10  2.69235E-10
  4.03588E-10  6.06543E-10  9.13127E-10  1.37486E-09  2.06555E-09  3.08719E-09
  4.57430E-09  6.69427E-09  9.64169E-09  1.36281E-08  1.88766E-08  2.56447E-08

  7.06694E-13  6.41360E-13  5.66026E-13  4.90270E-13  4.20884E-13  3.61624E-13
  3.13848E-13  2.77426E-13  2.51547E-13  2.35306E-13  2.28068E-13  2.29707E-13
  2.40784E-13  2.62746E-13  2.98212E-13  3.51400E-13  4.28781E-13  5.40055E-13
  6.99597E-13  9.28568E-13  1.25796E-12  1.73295E-12  2.41918E-12  3.41164E-12
  4.84752E-12  6.92476E-12  9.92934E-12  1.42757E-11  2.05677E-11  2.96913E-11
  4.29565E-11  6.23158E-11  9.07014E-11  1.32544E-10  1.94564E-10  2.86973E-10
  4.25256E-10  6.32747E-10  9.44223E-10  1.41063E-09  2.10481E-09  3.12753E-09
  4.61247E-09  6.72798E-09  9.67369E-09  1.36724E-08  1.89641E-08  2.58201E-08

  1.53057E-12  1.43004E-12  1.30673E-12  1.17583E-12  1.04960E-12  9.36356E-13
  8.40734E-13  7.64642E-13  7.08359E-13  6.71487E-13  6.53663E-13  6.55077E-13
  6.76872E-13  7.21511E-13  7.93202E-13  8.98464E-13  1.04691E-12  1.25236E-12
  1.53443E-12  1.92075E-12  2.45012E-12  3.17695E-12  4.17760E-12  5.55933E-12
  7.47341E-12  1.01341E-11  1.38464E-11  1.90485E-11  2.63736E-11  3.67458E-11
  5.15245E-11  7.27257E-11  1.03360E-10  1.47950E-10  2.13312E-10  3.09734E-10
  4.52713E-10  6.65467E-10  9.82428E-10  1.45388E-09  2.15165E-09  3.17548E-09
  4.65867E-09  6.77152E-09  9.72012E-09  1.37402E-08  1.90894E-08  2.60511E-08

  3.23979E-12  3.10320E-12  2.92253E-12  2.71912E-12  2.51233E-12  2.31742E-12
  2.14499E-12  2.00164E-12  1.89101E-12  1.81501E-12  1.77488E-12  1.77211E-12
  1.80912E-12  1.88994E-12  2.02082E-12  2.21098E-12  2.47354E-12  2.82673E-12
  3.29565E-12  3.91458E-12  4.73026E-12  5.80658E-12  7.23111E-12  9.12453E-12
  1.16543E-11  1.50544E-11  1.96548E-11  2.59247E-11  3.45373E-11  4.64671E-11
  6.31376E-11  8.66431E-11  1.20087E-10  1.68092E-10  2.37570E-10  3.38872E-10
  4.87475E-10  7.06425E-10  1.02974E-09  1.50698E-09  2.20900E-09  3.23463E-09
  4.71727E-09  6.82992E-09  9.78623E-09  1.38359E-08  1.92548E-08  2.63363E-08

  6.65199E-12  6.50249E-12  6.28031E-12  6.01087E-12  5.71992E-12  5.43045E-12
  5.16123E-12  4.92645E-12  4.73640E-12  4.59840E-12  4.51805E-12  4.50030E-12
  4.55051E-12  4.67545E-12  4.88417E-12  5.18905E-12  5.60694E-12  6.16058E-12
  6.88059E-12  7.80798E-12  8.99782E-12  1.05242E-11  1.24874E-11  1.50239E-11
  1.83211E-11  2.26382E-11  2.83371E-11  3.59274E-11  4.61336E-11  5.99945E-11
  7.90117E-11  1.05373E-10  1.42289E-10  1.94491E-10  2.68992E-10  3.76196E-10
  5.31541E-10  7.57868E-10  1.08875E-09  1.57301E-09  2.28060E-09  3.30960E-09
  4.79387E-09  6.90961E-09  9.87866E-09  1.39652E-08  1.94631E-08  2.66737E-08

  1.31789E-11  1.30870E-11  1.28964E-11  1.26300E-11  1.23138E-11  1.19747E-11
  1.16376E-11  1.13248E-11  1.10552E-11  1.08446E-11  1.07066E-11  1.06533E-11
  1.06964E-11  1.08483E-11  1.11233E-11  1.15388E-11  1.21169E-11  1.28864E-11
  1.38847E-11  1.51611E-11  1.67808E-11  1.88308E-11  2.14272E-11  2.47267E-11
  2.89423E-11  3.43654E-11  4.13985E-11  5.06023E-11  6.27644E-11  7.90010E-11
  1.00907E-10  1.30778E-10  1.71944E-10  2.29259E-10  3.09841E-10  4.24149E-10
  5.87581E-10  8.22769E-10  1.16285E-09  1.65597E-09  2.37124E-09  3.40623E-09
  4.89543E-09  7.01855E-09  1.00057E-08  1.41353E-08  1.97182E-08  2.70618E-08

  2.51197E-11  2.52268E-11  2.52364E-11  2.51553E-11  2.49964E-11  2.47769E-11
  2.45174E-11  2.42404E-11  2.39689E-11  2.37267E-11  2.35371E-11  2.34233E-11
  2.34089E-11  2.35183E-11  2.37774E-11  2.42154E-11  2.48660E-11  2.57699E-11
  2.69770E-11  2.85505E-11  3.05715E-11  3.31453E-11  3.64102E-11  4.05497E-11
  4.58099E-11  5.25227E-11  6.11409E-11  7.22865E-11  8.68223E-11  1.05955E-10
  1.31385E-10  1.65532E-10  2.11857E-10  2.75351E-10  3.63246E-10  4.86074E-10
  6.59207E-10  9.05104E-10  1.25652E-09  1.76103E-09  2.48705E-09  3.53181E-09
  5.03060E-09  7.16655E-09  1.01776E-08  1.43555E-08  2.00262E-08  2.75006E-08

  4.60292E-11  4.65545E-11  4.70527E-11  4.74944E-11  4.78553E-11  4.81182E-11
  4.82746E-11  4.83255E-11  4.82813E-11  4.81620E-11  4.79958E-11  4.78180E-11
  4.76704E-11  4.75996E-11  4.76565E-11  4.78968E-11  4.83813E-11  4.91773E-11
  5.03618E-11  5.20248E-11  5.42749E-11  5.72466E-11  6.11104E-11  6.60862E-11
  7.24617E-11  8.06191E-11  9.10707E-11  1.04510E-10  1.21886E-10  1.44508E-10
  1.74195E-10  2.13500E-10  2.66034E-10  3.36938E-10  4.33583E-10  5.66596E-10
  7.51369E-10  1.01026E-09  1.37575E-09  1.89498E-09  2.63591E-09  3.69556E-09
  5.21008E-09  7.36569E-09  1.04072E-08  1.46376E-08  2.03955E-08  2.79926E-08

  8.11856E-11  8.23944E-11  8.37716E-11  8.52246E-11  8.66592E-11  8.79869E-11
  8.91314E-11  9.00340E-11  9.06589E-11  9.09955E-11  9.10592E-11  9.08904E-11
  9.05517E-11  9.01238E-11  8.97019E-11  8.93918E-11  8.93074E-11  8.95697E-11
  9.03078E-11  9.16620E-11  9.37891E-11  9.68706E-11  1.01124E-10  1.06819E-10
  1.14296E-10  1.23998E-10  1.36506E-10  1.52596E-10  1.73312E-10  2.00076E-10
  2.34838E-10  2.80301E-10  3.40239E-10  4.19965E-10  5.27020E-10  6.72177E-10
  8.70921E-10  1.14561E-09  1.52863E-09  2.06688E-09  2.82807E-09  3.90921E-09
  5.44725E-09  7.63090E-09  1.07103E-08  1.49969E-08  2.08384E-08  2.85443E-08

  1.38245E-10  1.40358E-10  1.43018E-10  1.46036E-10  1.49211E-10  1.52338E-10
  1.55227E-10  1.57709E-10  1.59657E-10  1.60988E-10  1.61674E-10  1.61739E-10
  1.61262E-10  1.60363E-10  1.59200E-10  1.57953E-10  1.56822E-10  1.56018E-10
  1.55754E-10  1.56257E-10  1.57759E-10  1.60516E-10  1.64814E-10  1.70991E-10
  1.79458E-10  1.90730E-10  2.05469E-10  2.24544E-10  2.49106E-10  2.80700E-10
  3.21422E-10  3.74139E-10  4.42812E-10  5.32962E-10  6.52345E-10  8.11952E-10
  1.02746E-09  1.32140E-09  1.72623E-09  2.28888E-09  3.07709E-09  4.18798E-09
  5.75912E-09  7.98085E-09  1.11067E-08  1.54530E-08  2.13719E-08  2.91677E-08

  2.28261E-10  2.31304E-10  2.35492E-10  2.40510E-10  2.46010E-10  2.51633E-10
  2.57028E-10  2.61875E-10  2.65905E-10  2.68921E-10  2.70812E-10  2.71557E-10
  2.71227E-10  2.69975E-10  2.68023E-10  2.65641E-10  2.63139E-10  2.60843E-10
  2.59091E-10  2.58224E-10  2.58592E-10  2.60553E-10  2.64495E-10  2.70850E-10
  2.80120E-10  2.92914E-10  3.09994E-10  3.32338E-10  3.61219E-10  3.98323E-10
  4.45911E-10  5.07043E-10  5.85903E-10  6.88265E-10  8.22176E-10  9.98942E-10
  1.23459E-09  1.55197E-09  1.98391E-09  2.57764E-09  3.40115E-09  4.55183E-09
  6.16757E-09  8.43923E-09  1.16212E-08  1.60308E-08  2.20191E-08  2.98818E-08

  3.67395E-10  3.70994E-10  3.76553E-10  3.83603E-10  3.91631E-10  4.00097E-10
  4.08470E-10  4.16251E-10  4.23007E-10  4.28395E-10  4.32190E-10  4.34292E-10
  4.34731E-10  4.33661E-10  4.31343E-10  4.28124E-10  4.24414E-10  4.20663E-10
  4.17341E-10  4.14933E-10  4.13926E-10  4.14819E-10  4.18131E-10  4.24423E-10
  4.34321E-10  4.48560E-10  4.68033E-10  4.93852E-10  5.27446E-10  5.70674E-10
  6.25999E-10  6.96717E-10  7.87294E-10  9.03837E-10  1.05478E-09  1.25189E-09
  1.51171E-09  1.85767E-09  2.32321E-09  2.95615E-09  3.82501E-09  5.02747E-09
  6.70130E-09  9.03657E-09  1.22857E-08  1.67623E-08  2.28106E-08  3.07145E-08

  5.79775E-10  5.82947E-10  5.89018E-10  5.97382E-10  6.07368E-10  6.18276E-10
  6.29410E-10  6.40115E-10  6.49804E-10  6.57995E-10  6.64337E-10  6.68625E-10
  6.70813E-10  6.71002E-10  6.69437E-10  6.66481E-10  6.62591E-10  6.58295E-10
  6.54168E-10  6.50819E-10  6.48874E-10  6.48983E-10  6.51822E-10  6.58112E-10
  6.68645E-10  6.84327E-10  7.06225E-10  7.35645E-10  7.74222E-10  8.24052E-10
  8.87866E-10  9.69280E-10  1.07313E-09  1.20598E-09  1.37680E-09  1.59799E-09
  1.88682E-09  2.26758E-09  2.77459E-09  3.45657E-09  4.38273E-09  5.65101E-09
  7.39843E-09  9.81265E-09  1.31411E-08  1.76886E-08  2.37868E-08  3.17049E-08

  9.02212E-10  9.03178E-10  9.07892E-10  9.15690E-10  9.25835E-10  9.37555E-10
  9.50078E-10  9.62671E-10  9.74666E-10  9.85491E-10  9.94695E-10  1.00197E-09
  1.00714E-09  1.01021E-09  1.01132E-09  1.01074E-09  1.00886E-09  1.00619E-09
  1.00331E-09  1.00086E-09  9.99562E-10  1.00018E-09  1.00353E-09  1.01051E-09
  1.02213E-09  1.03949E-09  1.06393E-09  1.09702E-09  1.14070E-09  1.19741E-09
  1.27026E-09  1.36334E-09  1.48199E-09  1.63342E-09  1.82731E-09  2.07693E-09
  2.40056E-09  2.82359E-09  3.38154E-09  4.12424E-09  5.12171E-09  6.47188E-09
  8.31020E-09  1.08201E-08  1.42405E-08  1.88628E-08  2.50004E-08  3.29049E-08

  1.39170E-09  1.38783E-09  1.38801E-09  1.39176E-09  1.39851E-09  1.40762E-09
  1.41843E-09  1.43031E-09  1.44265E-09  1.45490E-09  1.46656E-09  1.47726E-09
  1.48668E-09  1.49463E-09  1.50106E-09  1.50601E-09  1.50965E-09  1.51226E-09
  1.51428E-09  1.51622E-09  1.51873E-09  1.52259E-09  1.52870E-09  1.53810E-09
  1.55198E-09  1.57176E-09  1.59909E-09  1.63593E-09  1.68469E-09  1.74831E-09
  1.83050E-09  1.93598E-09  2.07090E-09  2.24328E-09  2.46384E-09  2.74697E-09
  3.11223E-09  3.58642E-09  4.20649E-09  5.02353E-09  6.10828E-09  7.55822E-09
  9.50610E-09  1.21289E-08  1.56538E-08  2.03538E-08  2.65192E-08  3.43827E-08

  2.13699E-09  2.12495E-09  2.11597E-09  2.11019E-09  2.10764E-09  2.10823E-09
  2.11180E-09  2.11811E-09  2.12685E-09  2.13765E-09  2.15011E-09  2.16381E-09
  2.17831E-09  2.19317E-09  2.20800E-09  2.22246E-09  2.23628E-09  2.24932E-09
  2.26157E-09  2.27318E-09  2.28450E-09  2.29610E-09  2.30879E-09  2.32364E-09
  2.34204E-09  2.36569E-09  2.39667E-09  2.43751E-09  2.49124E-09  2.56160E-09
  2.65316E-09  2.77160E-09  2.92414E-09  3.12001E-09  3.37125E-09  3.69373E-09
  4.10858E-09  4.64426E-09  5.33929E-09  6.24603E-09  7.43564E-09  9.00434E-09
  1.10807E-08  1.38330E-08  1.74731E-08  2.22515E-08  2.84316E-08  3.62258E-08

  3.27551E-09  3.25199E-09  3.22796E-09  3.20495E-09  3.18437E-09  3.16740E-09
  3.15498E-09  3.14774E-09  3.14607E-09  3.15006E-09  3.15958E-09  3.17425E-09
  3.19350E-09  3.21659E-09  3.24269E-09  3.27088E-09  3.30021E-09  3.32981E-09
  3.35894E-09  3.38702E-09  3.41377E-09  3.43924E-09  3.46390E-09  3.48867E-09
  3.51499E-09  3.54485E-09  3.58085E-09  3.62622E-09  3.68494E-09  3.76181E-09
  3.86262E-09  3.99446E-09  4.16601E-09  4.38812E-09  4.67454E-09  5.04295E-09
  5.51636E-09  6.12505E-09  6.90914E-09  7.92200E-09  9.23457E-09  1.09407E-08
  1.31631E-08  1.60585E-08  1.98204E-08  2.46733E-08  3.08511E-08  3.85459E-08

  5.01644E-09  4.97975E-09  4.93460E-09  4.88502E-09  4.83495E-09  4.78794E-09
  4.74695E-09  4.71430E-09  4.69163E-09  4.67994E-09  4.67959E-09  4.69043E-09
  4.71178E-09  4.74256E-09  4.78136E-09  4.82646E-09  4.87601E-09  4.92810E-09
  4.98084E-09  5.03260E-09  5.08204E-09  5.12834E-09  5.17126E-09  5.21131E-09
  5.24982E-09  5.28900E-09  5.33201E-09  5.38296E-09  5.44701E-09  5.53040E-09
  5.64058E-09  5.78644E-09  5.97863E-09  6.23007E-09  6.55661E-09  6.97810E-09
  7.51960E-09  8.21327E-09  9.10060E-09  1.02354E-08  1.16875E-08  1.35467E-08
  1.59278E-08  1.89735E-08  2.28562E-08  2.77722E-08  3.39241E-08  4.14839E-08

  7.66823E-09  7.62124E-09  7.55143E-09  7.46661E-09  7.37468E-09  7.28295E-09
  7.19771E-09  7.12401E-09  7.06562E-09  7.02503E-09  7.00358E-09  7.00155E-09
  7.01828E-09  7.05234E-09  7.10163E-09  7.16349E-09  7.23489E-09  7.31258E-09
  7.39325E-09  7.47379E-09  7.55148E-09  7.62422E-09  7.69078E-09  7.75095E-09
  7.80575E-09  7.85749E-09  7.90987E-09  7.96801E-09  8.03842E-09  8.12907E-09
  8.24944E-09  8.41065E-09  8.62573E-09  8.91003E-09  9.28189E-09  9.76348E-09
  1.03820E-08  1.11712E-08  1.21736E-08  1.34425E-08  1.50450E-08  1.70656E-08
  1.96086E-08  2.28006E-08  2.67907E-08  3.17456E-08  3.78371E-08  4.52162E-08

  1.16629E-08  1.16172E-08  1.15270E-08  1.14046E-08  1.12631E-08  1.11147E-08
  1.09705E-08  1.08395E-08  1.07284E-08  1.06423E-08  1.05840E-08  1.05547E-08
  1.05539E-08  1.05802E-08  1.06307E-08  1.07019E-08  1.07893E-08  1.08884E-08
  1.09942E-08  1.11019E-08  1.12073E-08  1.13068E-08  1.13979E-08  1.14797E-08
  1.15525E-08  1.16188E-08  1.16825E-08  1.17498E-08  1.18286E-08  1.19286E-08
  1.20614E-08  1.22406E-08  1.24817E-08  1.28027E-08  1.32245E-08  1.37715E-08
  1.44728E-08  1.53633E-08  1.64856E-08  1.78914E-08  1.96437E-08  2.18195E-08
  2.45109E-08  2.78269E-08  3.18923E-08  3.68444E-08  4.28238E-08  4.99586E-08

  1.75588E-08  1.75389E-08  1.74481E-08  1.73025E-08  1.71199E-08  1.69177E-08
  1.67120E-08  1.65163E-08  1.63413E-08  1.61952E-08  1.60830E-08  1.60077E-08
  1.59697E-08  1.59678E-08  1.59990E-08  1.60592E-08  1.61431E-08  1.62450E-08
  1.63587E-08  1.64781E-08  1.65978E-08  1.67128E-08  1.68198E-08  1.69167E-08
  1.70036E-08  1.70825E-08  1.71578E-08  1.72361E-08  1.73262E-08  1.74394E-08
  1.75889E-08  1.77902E-08  1.80612E-08  1.84219E-08  1.88954E-08  1.95079E-08
  2.02898E-08  2.12763E-08  2.25089E-08  2.40365E-08  2.59169E-08  2.82179E-08
  3.10188E-08  3.44101E-08  3.84928E-08  4.33754E-08  4.91671E-08  5.59672E-08

  2.59906E-08  2.60330E-08  2.59844E-08  2.58606E-08  2.56803E-08  2.54630E-08
  2.52272E-08  2.49893E-08  2.47633E-08  2.45601E-08  2.43876E-08  2.42512E-08
  2.41532E-08  2.40939E-08  2.40716E-08  2.40829E-08  2.41234E-08  2.41874E-08
  2.42691E-08  2.43624E-08  2.44618E-08  2.45621E-08  2.46596E-08  2.47521E-08
  2.48391E-08  2.49222E-08  2.50055E-08  2.50952E-08  2.52002E-08  2.53318E-08
  2.55038E-08  2.57321E-08  2.60355E-08  2.64349E-08  2.69544E-08  2.76208E-08
  2.84647E-08  2.95206E-08  3.08283E-08  3.24330E-08  3.43865E-08  3.67478E-08
  3.95834E-08  4.29666E-08  4.69759E-08  5.16914E-08  5.71878E-08  6.35246E-08

  3.75313E-08  3.76721E-08  3.77308E-08  3.77146E-08  3.76342E-08  3.75020E-08
  3.73313E-08  3.71354E-08  3.69264E-08  3.67154E-08  3.65118E-08  3.63231E-08
  3.61548E-08  3.60109E-08  3.58934E-08  3.58030E-08  3.57390E-08  3.56997E-08
  3.56826E-08  3.56848E-08  3.57032E-08  3.57348E-08  3.57772E-08  3.58288E-08
  3.58890E-08  3.59588E-08  3.60409E-08  3.61397E-08  3.62620E-08  3.64169E-08
  3.66158E-08  3.68727E-08  3.72046E-08  3.76308E-08  3.81742E-08  3.88606E-08
  3.97195E-08  4.07841E-08  4.20921E-08  4.36858E-08  4.56122E-08  4.79233E-08
  5.06751E-08  5.39260E-08  5.77335E-08  6.21480E-08  6.72030E-08  7.29001E-08

  5.24621E-08  5.27062E-08  5.29393E-08  5.31475E-08  5.33190E-08  5.34446E-08
  5.35181E-08  5.35367E-08  5.35004E-08  5.34122E-08  5.32776E-08  5.31038E-08
  5.28994E-08  5.26739E-08  5.24369E-08  5.21979E-08  5.19654E-08  5.17474E-08
  5.15503E-08  5.13795E-08  5.12389E-08  5.11311E-08  5.10577E-08  5.10194E-08
  5.10160E-08  5.10473E-08  5.11133E-08  5.12143E-08  5.13520E-08  5.15296E-08
  5.17523E-08  5.20281E-08  5.23681E-08  5.27870E-08  5.33033E-08  5.39402E-08
  5.47251E-08  5.56903E-08  5.68730E-08  5.83149E-08  6.00618E-08  6.21626E-08
  6.46666E-08  6.76204E-08  7.10604E-08  7.50031E-08  7.94283E-08  8.42559E-08

  7.05302E-08  7.08117E-08  7.12420E-08  7.17731E-08  7.23555E-08  7.29420E-08
  7.34900E-08  7.39638E-08  7.43359E-08  7.45882E-08  7.47119E-08  7.47071E-08
  7.45820E-08  7.43514E-08  7.40347E-08  7.36547E-08  7.32354E-08  7.28005E-08
  7.23725E-08  7.19709E-08  7.16123E-08  7.13093E-08  7.10706E-08  7.09010E-08
  7.08018E-08  7.07711E-08  7.08044E-08  7.08954E-08  7.10373E-08  7.12233E-08
  7.14482E-08  7.17095E-08  7.20084E-08  7.23512E-08  7.27501E-08  7.32242E-08
  7.37993E-08  7.45087E-08  7.53921E-08  7.64952E-08  7.78674E-08  7.95590E-08
  8.16167E-08  8.40762E-08  8.69512E-08  9.02163E-08  9.37831E-08  9.74665E-08

  9.08977E-08  9.10647E-08  9.16148E-08  9.24591E-08  9.35039E-08  9.46557E-08
  9.58265E-08  9.69373E-08  9.79219E-08  9.87296E-08  9.93268E-08  9.96972E-08
  9.98413E-08  9.97740E-08  9.95221E-08  9.91210E-08  9.86109E-08  9.80341E-08
  9.74314E-08  9.68403E-08  9.62926E-08  9.58137E-08  9.54217E-08  9.51270E-08
  9.49329E-08  9.48358E-08  9.48261E-08  9.48899E-08  9.50097E-08  9.51671E-08
  9.53439E-08  9.55248E-08  9.56995E-08  9.58646E-08  9.60253E-08  9.61969E-08
  9.64052E-08  9.66866E-08  9.70865E-08  9.76573E-08  9.84548E-08  9.95328E-08
  1.00936E-07  1.02687E-07  1.04773E-07  1.07121E-07  1.09567E-07  1.11818E-07

he0+he+->he+ + he+ + e
  1.00000E-20  1.00000E-20  1.00000E-20  1.72680E-20  1.80618E-18  7.48964E-17
  1.47801E-15  1.61014E-14  1.09160E-13  5.07071E-13  1.74295E-12  4.71304E-12
  1.05254E-11  2.01771E-11  3.42377E-11  5.27041E-11  7.50715E-11  1.00555E-10
  1.28356E-10  1.57884E-10  1.88907E-10  2.21618E-10  2.56651E-10  2.95069E-10
  3.38355E-10  3.88411E-10  4.47579E-10  5.18677E-10  6.05034E-10  7.10510E-10
  8.39466E-10  9.96678E-10  1.18716E-09  1.41594E-09  1.68778E-09  2.00707E-09
  2.37797E-09  2.80503E-09  3.29459E-09  3.85702E-09  4.50992E-09  5.28246E-09
  6.22086E-09  7.39545E-09  8.90901E-09  1.09052E-08  1.35709E-08  1.71159E-08

  1.00000E-20  1.00000E-20  1.00000E-20  2.09992E-19  1.03904E-17  2.47953E-16
  3.27710E-15  2.68459E-14  1.49325E-13  6.07030E-13  1.91350E-12  4.90529E-12
  1.06256E-11  2.00601E-11  3.38465E-11  5.21005E-11  7.44276E-11  1.00096E-10
  1.28290E-10  1.58346E-10  1.89936E-10  2.23156E-10  2.58559E-10  2.97149E-10
  3.40360E-10  3.90056E-10  4.48542E-10  5.18595E-10  6.03507E-10  7.07112E-10
  8.33782E-10  9.88369E-10  1.17607E-09  1.40224E-09  1.67217E-09  1.99095E-09
  2.36354E-09  2.79532E-09  3.29320E-09  3.86762E-09  4.53543E-09  5.32391E-09
  6.27593E-09  7.45655E-09  8.96107E-09  1.09236E-08  1.35222E-08  1.69678E-08

  1.00000E-20  1.00000E-20  3.58627E-20  1.89254E-18  4.98213E-17  7.41945E-16
  6.92847E-15  4.41254E-14  2.05205E-13  7.36558E-13  2.13445E-12  5.17973E-12
  1.08454E-11  2.00801E-11  3.35530E-11  5.14741E-11  7.35671E-11  9.91956E-11
  1.27584E-10  1.58056E-10  1.90221E-10  2.24091E-10  2.60131E-10  2.99256E-10
  3.42822E-10  3.92615E-10  4.50862E-10  5.20262E-10  6.04022E-10  7.05902E-10
  8.30224E-10  9.81851E-10  1.16610E-09  1.38861E-09  1.65517E-09  1.97159E-09
  2.34379E-09  2.77817E-09  3.28255E-09  3.86785E-09  4.55067E-09  5.35686E-09
  6.32633E-09  7.51924E-09  9.02365E-09  1.09643E-08  1.35094E-08  1.68681E-08

  1.00000E-20  1.02449E-20  5.12440E-19  1.34656E-17  2.07802E-16  2.06408E-15
  1.42266E-14  7.23561E-14  2.85532E-13  9.10886E-13  2.42946E-12  5.56955E-12
  1.12301E-11  2.03041E-11  3.34610E-11  5.09789E-11  7.26953E-11  9.80936E-11
  1.26486E-10  1.57231E-10  1.89918E-10  2.24498E-10  2.61346E-10  3.01279E-10
  3.45546E-10  3.95831E-10  4.54253E-10  5.23401E-10  6.06365E-10  7.06792E-10
  8.28910E-10  9.77539E-10  1.15806E-09  1.37631E-09  1.63853E-09  1.95122E-09
  2.32125E-09  2.75616E-09  3.26490E-09  3.85925E-09  4.55598E-09  5.38011E-09
  6.36919E-09  7.57905E-09  9.09112E-09  1.10211E-08  1.35274E-08  1.68140E-08

  1.00000E-20  2.28246E-19  5.41230E-18  7.93149E-17  7.77592E-16  5.44389E-15
  2.87141E-14  1.19235E-13  4.04129E-13  1.15176E-12  2.82903E-12  6.11368E-12
  1.18285E-11  2.07973E-11  3.36662E-11  5.07559E-11  7.20055E-11  9.70274E-11
  1.25252E-10  1.56112E-10  1.89219E-10  2.24488E-10  2.62221E-10  3.03131E-10
  3.48354E-10  3.99451E-10  4.58413E-10  5.27694E-10  6.10249E-10  7.09582E-10
  8.29796E-10  9.75629E-10  1.15245E-09  1.36627E-09  1.62364E-09  1.93170E-09
  2.29820E-09  2.73182E-09  3.24275E-09  3.84385E-09  4.55254E-09  5.39353E-09
  6.40272E-09  7.63245E-09  9.15834E-09  1.10878E-08  1.35693E-08  1.67999E-08

  1.79082E-19  3.48602E-18  4.45866E-17  4.00416E-16  2.66711E-15  1.37838E-14
  5.73598E-14  1.98162E-13  5.82874E-13  1.49072E-12  3.37406E-12  6.86063E-12
  1.26958E-11  2.16265E-11  3.42576E-11  5.09308E-11  7.16698E-11  9.62134E-11
  1.24125E-10  1.54941E-10  1.88328E-10  2.24199E-10  2.62801E-10  3.04759E-10
  3.51094E-10  4.03235E-10  4.63036E-10  5.32804E-10  6.15338E-10  7.13987E-10
  8.32709E-10  9.76123E-10  1.14956E-09  1.35908E-09  1.61151E-09  1.91449E-09
  2.27655E-09  2.70741E-09  3.21850E-09  3.82393E-09  4.54204E-09  5.39779E-09
  6.42616E-09  7.67690E-09  9.22086E-09  1.11581E-08  1.36279E-08  1.68183E-08

  3.75100E-18  3.88330E-17  2.98227E-16  1.77586E-15  8.50391E-15  3.37443E-14
  1.13734E-13  3.32330E-13  8.56326E-13  1.97392E-12  4.12061E-12  7.87324E-12
  1.38993E-11  2.28645E-11  3.53218E-11  5.16160E-11  7.18373E-11  9.58402E-11
  1.23323E-10  1.53944E-10  1.87450E-10  2.23782E-10  2.63162E-10  3.06144E-10
  3.53645E-10  4.06971E-10  4.67832E-10  5.38384E-10  6.21266E-10  7.19661E-10
  8.37366E-10  9.78862E-10  1.14939E-09  1.35503E-09  1.60277E-09  1.90062E-09
  2.25775E-09  2.68479E-09  3.19434E-09  3.80173E-09  4.52646E-09  5.39416E-09
  6.43959E-09  7.71087E-09  9.27520E-09  1.12266E-08  1.36956E-08  1.68608E-08

  5.33792E-17  3.30834E-16  1.66806E-15  7.03690E-15  2.54176E-14  8.01131E-14
  2.23812E-13  5.61466E-13  1.27873E-12  2.66879E-12  5.14600E-12  9.23422E-12
  1.55231E-11  2.45963E-11  3.69489E-11  5.29161E-11  7.26379E-11  9.60691E-11
  1.23036E-10  1.53325E-10  1.86780E-10  2.23397E-10  2.63399E-10  3.07298E-10
  3.55928E-10  4.10481E-10  4.72538E-10  5.44103E-10  6.27657E-10  7.26215E-10
  8.43405E-10  9.83555E-10  1.15179E-09  1.35415E-09  1.59770E-09  1.89070E-09
  2.24281E-09  2.66540E-09  3.17205E-09  3.77930E-09  4.50785E-09  5.38432E-09
  6.44383E-09  7.73376E-09  9.31888E-09  1.12885E-08  1.37655E-08  1.69186E-08

  5.46146E-16  2.23472E-15  7.96996E-15  2.51901E-14  7.15209E-14  1.84455E-13
  4.36094E-13  9.52436E-13  1.93417E-12  3.67311E-12  6.55654E-12  1.10525E-11
  1.76737E-11  2.69238E-11  3.92382E-11  5.49349E-11  7.41886E-11  9.70386E-11
  1.23427E-10  1.53263E-10  1.86499E-10  2.23202E-10  2.63628E-10  3.08269E-10
  3.57905E-10  4.13638E-10  4.76933E-10  5.49659E-10  6.34143E-10  7.33239E-10
  8.50406E-10  9.89810E-10  1.15644E-09  1.35624E-09  1.59629E-09  1.88497E-09
  2.23229E-09  2.65017E-09  3.15301E-09  3.75838E-09  4.48817E-09  5.37014E-09
  6.44023E-09  7.74586E-09  9.35052E-09  1.13401E-08  1.38315E-08  1.69837E-08

  4.19980E-15  1.23008E-14  3.30290E-14  8.20220E-14  1.89716E-13  4.11051E-13
  8.38203E-13  1.61504E-12  2.95047E-12  5.12656E-12  8.49668E-12  1.34706E-11
  2.04862E-11  2.99713E-11  4.23042E-11  5.77812E-11  7.66013E-11  9.88716E-11
  1.24635E-10  1.53915E-10  1.86771E-10  2.23357E-10  2.63976E-10  3.09135E-10
  3.59585E-10  4.16367E-10  4.80853E-10  5.54797E-10  6.40389E-10  7.40332E-10
  8.57922E-10  9.97160E-10  1.16288E-09  1.36091E-09  1.59825E-09  1.88336E-09
  2.22638E-09  2.63965E-09  3.13816E-09  3.74035E-09  4.46917E-09  5.35355E-09
  6.43054E-09  7.74821E-09  9.36975E-09  1.13791E-08  1.38885E-08  1.70483E-08

  2.51379E-14  5.63429E-14  1.20025E-13  2.43909E-13  4.74168E-13  8.83758E-13
  1.58196E-12  2.72376E-12  4.51694E-12  7.22436E-12  1.11592E-11  1.66717E-11
  2.41291E-11  3.38901E-11  4.62807E-11  6.15753E-11  7.99889E-11  1.01683E-10
  1.26784E-10  1.55419E-10  1.87747E-10  2.24014E-10  2.64588E-10  3.10008E-10
  3.61027E-10  4.18654E-10  4.84199E-10  5.59324E-10  6.46109E-10  7.47120E-10
  8.65504E-10  1.00510E-09  1.17058E-09  1.36763E-09  1.60313E-09  1.88549E-09
  2.22493E-09  2.63397E-09  3.12804E-09  3.72620E-09  4.45230E-09  5.33639E-09
  6.41670E-09  7.74239E-09  9.37719E-09  1.14043E-08  1.39328E-08  1.71063E-08

  1.20436E-13  2.18289E-13  3.85536E-13  6.63914E-13  1.11501E-12  1.82632E-12
  2.91736E-12  4.54463E-12  6.90437E-12  1.02316E-11  1.47949E-11  2.08865E-11
  2.88092E-11  3.88615E-11  5.13244E-11  6.64524E-11  8.44717E-11  1.05586E-10
  1.29992E-10  1.57901E-10  1.89569E-10  2.25326E-10  2.65614E-10  3.11025E-10
  3.62335E-10  4.20549E-10  4.86944E-10  5.63126E-10  6.51086E-10  7.53283E-10
  8.72731E-10  1.01312E-09  1.17896E-09  1.37577E-09  1.61029E-09  1.89080E-09
  2.22749E-09  2.63294E-09  3.12279E-09  3.71654E-09  4.43872E-09  5.32030E-09
  6.40073E-09  7.73042E-09  9.37421E-09  1.14156E-08  1.39623E-08  1.71526E-08

  4.72533E-13  7.24841E-13  1.10150E-12  1.65650E-12  2.46241E-12  3.61406E-12
  5.23176E-12  7.46322E-12  1.04839E-11  1.44952E-11  1.97202E-11  2.63975E-11
  3.47743E-11  4.50992E-11  5.76170E-11  7.25663E-11  9.01814E-11  1.10700E-10
  1.34373E-10  1.61484E-10  1.92370E-10  2.27443E-10  2.67219E-10  3.12350E-10
  3.63656E-10  4.22161E-10  4.89142E-10  5.66173E-10  6.55194E-10  7.58581E-10
  8.79243E-10  1.02074E-09  1.18743E-09  1.38466E-09  1.61900E-09  1.89856E-09
  2.23342E-09  2.63608E-09  3.12225E-09  3.71164E-09  4.42922E-09  5.30671E-09
  6.38456E-09  7.71452E-09  9.36283E-09  1.14141E-08  1.39759E-08  1.71837E-08

  1.54781E-12  2.08615E-12  2.81427E-12  3.79314E-12  5.09905E-12  6.82539E-12
  9.08392E-12  1.20053E-11  1.57384E-11  2.04492E-11  2.63183E-11  3.35384E-11
  4.23115E-11  5.28478E-11  6.53649E-11  8.00899E-11  9.72645E-11  1.17152E-10
  1.40047E-10  1.66291E-10  1.96287E-10  2.30520E-10  2.69576E-10  3.14171E-10
  3.65179E-10  4.23663E-10  4.90921E-10  5.68528E-10  6.58402E-10  7.62871E-10
  8.84769E-10  1.02755E-09  1.19544E-09  1.39362E-09  1.62849E-09  1.90797E-09
  2.24192E-09  2.64272E-09  3.12598E-09  3.71144E-09  4.42430E-09  5.29672E-09
  6.36998E-09  7.69697E-09  9.34544E-09  1.14016E-08  1.39741E-08  1.71975E-08

  4.30455E-12  5.25694E-12  6.46292E-12  7.98348E-12  9.89085E-12  1.22692E-11
  1.52150E-11  1.88371E-11  2.32566E-11  2.86066E-11  3.50315E-11  4.26873E-11
  5.17425E-11  6.23793E-11  7.47969E-11  8.92156E-11  1.05883E-10  1.25084E-10
  1.47145E-10  1.72452E-10  2.01462E-10  2.34719E-10  2.72871E-10  3.16698E-10
  3.67128E-10  4.25279E-10  4.92484E-10  5.70348E-10  6.60791E-10  7.66129E-10
  8.89152E-10  1.03324E-09  1.20253E-09  1.40204E-09  1.63801E-09  1.91815E-09
  2.25211E-09  2.65204E-09  3.13333E-09  3.71563E-09  4.42411E-09  5.29114E-09
  6.35849E-09  7.67996E-09  9.32463E-09  1.13806E-08  1.39583E-08  1.71937E-08

  1.03207E-11  1.17112E-11  1.34124E-11  1.54780E-11  1.79693E-11  2.09556E-11
  2.45144E-11  2.87319E-11  3.37033E-11  3.95340E-11  4.63400E-11  5.42507E-11
  6.34109E-11  7.39846E-11  8.61595E-11  1.00153E-10  1.16218E-10  1.34654E-10
  1.55812E-10  1.80112E-10  2.08049E-10  2.40214E-10  2.77308E-10  3.20163E-10
  3.69765E-10  4.27284E-10  4.94106E-10  5.71876E-10  6.62548E-10  7.68451E-10
  8.92369E-10  1.03765E-09  1.20835E-09  1.40940E-09  1.64688E-09  1.92830E-09
  2.26309E-09  2.66313E-09  3.14354E-09  3.72369E-09  4.42855E-09  5.29045E-09
  6.35131E-09  7.66545E-09  9.30303E-09  1.13538E-08  1.39309E-08  1.71730E-08

  2.16432E-11  2.32876E-11  2.53021E-11  2.77256E-11  3.06027E-11  3.39836E-11
  3.79254E-11  4.24925E-11  4.77577E-11  5.38041E-11  6.07272E-11  6.86377E-11
  7.76651E-11  8.79621E-11  9.97103E-11  1.13126E-10  1.28466E-10  1.46040E-10
  1.66217E-10  1.89437E-10  2.16224E-10  2.47202E-10  2.83110E-10  3.24824E-10
  3.73380E-10  4.29999E-10  4.96120E-10  5.73443E-10  6.63969E-10  7.70067E-10
  8.94547E-10  1.04076E-09  1.21274E-09  1.41535E-09  1.65455E-09  1.93771E-09
  2.27402E-09  2.67510E-09  3.15573E-09  3.73492E-09  4.43729E-09  5.29483E-09
  6.34930E-09  7.65513E-09  9.28308E-09  1.13244E-08  1.38947E-08  1.71375E-08

  4.02539E-11  4.17432E-11  4.36757E-11  4.60704E-11  4.89510E-11  5.23467E-11
  5.62934E-11  6.08352E-11  6.60261E-11  7.19318E-11  7.86329E-11  8.62275E-11
  9.48357E-11  1.04604E-10  1.15710E-10  1.28369E-10  1.42842E-10  1.59445E-10
  1.78553E-10  2.00622E-10  2.26190E-10  2.55903E-10  2.90526E-10  3.30966E-10
  3.78297E-10  4.33784E-10  4.98918E-10  5.75452E-10  6.65447E-10  7.71330E-10
  8.95964E-10  1.04274E-09  1.21570E-09  1.41971E-09  1.66067E-09  1.94582E-09
  2.28419E-09  2.68711E-09  3.16905E-09  3.74857E-09  4.44979E-09  5.30417E-09
  6.35296E-09  7.65026E-09  9.26693E-09  1.12951E-08  1.38533E-08  1.70902E-08

  6.73134E-11  6.81415E-11  6.94916E-11  7.13647E-11  7.37645E-11  7.67002E-11
  8.01889E-11  8.42573E-11  8.89441E-11  9.43023E-11  1.00402E-10  1.07334E-10
  1.15212E-10  1.24180E-10  1.34413E-10  1.46126E-10  1.59581E-10  1.75095E-10
  1.93047E-10  2.13895E-10  2.38187E-10  2.66576E-10  2.99842E-10  3.38909E-10
  3.84877E-10  4.39043E-10  5.02941E-10  5.78376E-10  6.67469E-10  7.72716E-10
  8.97050E-10  1.04394E-09  1.21747E-09  1.42256E-09  1.66511E-09  1.95231E-09
  2.29306E-09  2.69848E-09  3.18269E-09  3.76382E-09  4.46538E-09  5.31811E-09
  6.36243E-09  7.65170E-09  9.25633E-09  1.12689E-08  1.38100E-08  1.70345E-08

  1.02581E-10  1.02372E-10  1.02732E-10  1.03656E-10  1.05137E-10  1.07171E-10
  1.09762E-10  1.12926E-10  1.16694E-10  1.21111E-10  1.26243E-10  1.32176E-10
  1.39025E-10  1.46930E-10  1.56067E-10  1.66650E-10  1.78940E-10  1.93252E-10
  2.09965E-10  2.29533E-10  2.52502E-10  2.79526E-10  3.11386E-10  3.49014E-10
  3.93519E-10  4.46221E-10  5.08682E-10  5.82750E-10  6.70603E-10  7.74806E-10
  8.98377E-10  1.04487E-09  1.21849E-09  1.42421E-09  1.66802E-09  1.95711E-09
  2.30035E-09  2.70870E-09  3.19600E-09  3.77992E-09  4.48332E-09  5.33606E-09
  6.37752E-09  7.65989E-09  9.25257E-09  1.12479E-08  1.37683E-08  1.69745E-08

  1.44375E-10  1.43080E-10  1.42324E-10  1.42109E-10  1.42432E-10  1.43289E-10
  1.44684E-10  1.46633E-10  1.49168E-10  1.52335E-10  1.56204E-10  1.60865E-10
  1.66434E-10  1.73057E-10  1.80909E-10  1.90206E-10  2.01206E-10  2.14222E-10
  2.29626E-10  2.47867E-10  2.69482E-10  2.95117E-10  3.25546E-10  3.61695E-10
  4.04675E-10  4.55812E-10  5.16685E-10  5.89170E-10  6.75493E-10  7.78284E-10
  9.00648E-10  1.04625E-09  1.21940E-09  1.42522E-09  1.66981E-09  1.96047E-09
  2.30608E-09  2.71755E-09  3.20850E-09  3.79620E-09  4.50283E-09  5.35730E-09
  6.39773E-09  7.67479E-09  9.25642E-09  1.12341E-08  1.37312E-08  1.69144E-08

  1.90122E-10  1.88078E-10  1.86435E-10  1.85215E-10  1.84431E-10  1.84093E-10
  1.84219E-10  1.84838E-10  1.85996E-10  1.87753E-10  1.90191E-10  1.93412E-10
  1.97544E-10  2.02738E-10  2.09178E-10  2.17081E-10  2.26706E-10  2.38361E-10
  2.52411E-10  2.69297E-10  2.89544E-10  3.13784E-10  3.42777E-10  3.77436E-10
  4.18861E-10  4.68372E-10  5.27552E-10  5.98294E-10  6.82857E-10  7.83926E-10
  9.04685E-10  1.04891E-09  1.22105E-09  1.42639E-09  1.67118E-09  1.96291E-09
  2.31056E-09  2.72508E-09  3.21997E-09  3.81215E-09  4.52318E-09  5.38099E-09
  6.42228E-09  7.69599E-09  9.26813E-09  1.12287E-08  1.37015E-08  1.68582E-08

  2.37226E-10  2.35044E-10  2.33031E-10  2.31228E-10  2.29665E-10  2.28377E-10
  2.27406E-10  2.26806E-10  2.26647E-10  2.27016E-10  2.28016E-10  2.29771E-10
  2.32427E-10  2.36151E-10  2.41136E-10  2.47607E-10  2.55826E-10  2.66098E-10
  2.78784E-10  2.94313E-10  3.13199E-10  3.36056E-10  3.63626E-10  3.96803E-10
  4.36670E-10  4.84531E-10  5.41960E-10  6.10855E-10  6.93491E-10  7.92595E-10
  9.11421E-10  1.05384E-09  1.22446E-09  1.42873E-09  1.67311E-09  1.96529E-09
  2.31447E-09  2.73170E-09  3.23048E-09  3.82750E-09  4.54378E-09  5.40626E-09
  6.45023E-09  7.72269E-09  9.28745E-09  1.12325E-08  1.36814E-08  1.68098E-08

  2.83837E-10  2.82207E-10  2.80464E-10  2.78652E-10  2.76818E-10  2.75017E-10
  2.73319E-10  2.71807E-10  2.70584E-10  2.69766E-10  2.69489E-10  2.69904E-10
  2.71182E-10  2.73510E-10  2.77099E-10  2.82184E-10  2.89034E-10  2.97956E-10
  3.09307E-10  3.23510E-10  3.41065E-10  3.62571E-10  3.88749E-10  4.20474E-10
  4.58802E-10  5.05018E-10  5.60680E-10  6.27673E-10  7.08280E-10  8.05252E-10
  9.21897E-10  1.06218E-09  1.23082E-09  1.43347E-09  1.67680E-09  1.96875E-09
  2.31877E-09  2.73814E-09  3.24044E-09  3.84225E-09  4.56417E-09  5.43229E-09
  6.48050E-09  7.75383E-09  9.31370E-09  1.12458E-08  1.36725E-08  1.67726E-08

  3.29291E-10  3.28783E-10  3.27889E-10  3.26638E-10  3.25078E-10  3.23277E-10
  3.21326E-10  3.19335E-10  3.17437E-10  3.15780E-10  3.14532E-10  3.13874E-10
  3.14002E-10  3.15129E-10  3.17485E-10  3.21320E-10  3.26914E-10  3.34579E-10
  3.44675E-10  3.57617E-10  3.73899E-10  3.94106E-10  4.18941E-10  4.49256E-10
  4.86085E-10  5.30687E-10  5.84597E-10  6.49683E-10  7.28219E-10  8.22967E-10
  9.37268E-10  1.07516E-09  1.24147E-09  1.44201E-09  1.68369E-09  1.97469E-09
  2.32477E-09  2.74546E-09  3.25057E-09  3.85670E-09  4.58417E-09  5.45840E-09
  6.51200E-09  7.78815E-09  9.34585E-09  1.12682E-08  1.36760E-08  1.67495E-08

  3.74170E-10  3.75116E-10  3.75458E-10  3.75194E-10  3.74361E-10  3.73030E-10
  3.71299E-10  3.69298E-10  3.67180E-10  3.65119E-10  3.63305E-10  3.61947E-10
  3.61263E-10  3.61489E-10  3.62872E-10  3.65681E-10  3.70207E-10  3.76772E-10
  3.85740E-10  3.97529E-10  4.12625E-10  4.31606E-10  4.55162E-10  4.84126E-10
  5.19511E-10  5.62550E-10  6.14753E-10  6.77965E-10  7.54443E-10  8.46944E-10
  9.58826E-10  1.09417E-09  1.25789E-09  1.45594E-09  1.69541E-09  1.98476E-09
  2.33402E-09  2.75507E-09  3.26197E-09  3.87151E-09  4.60391E-09  5.48412E-09
  6.54375E-09  7.82434E-09  9.38262E-09  1.12991E-08  1.36924E-08  1.67429E-08

  4.20125E-10  4.22580E-10  4.24291E-10  4.25226E-10  4.25400E-10  4.24875E-10
  4.23752E-10  4.22163E-10  4.20270E-10  4.18257E-10  4.16328E-10  4.14704E-10
  4.13617E-10  4.13318E-10  4.14068E-10  4.16148E-10  4.19863E-10  4.25543E-10
  4.33562E-10  4.44342E-10  4.58371E-10  4.76223E-10  4.98581E-10  5.26267E-10
  5.60275E-10  6.01819E-10  6.52383E-10  7.13787E-10  7.88266E-10  8.78559E-10
  9.88022E-10  1.12075E-09  1.28173E-09  1.47700E-09  1.71379E-09  2.00081E-09
  2.34836E-09  2.76864E-09  3.27608E-09  3.88771E-09  4.62387E-09  5.50931E-09
  6.57498E-09  7.86115E-09  9.42262E-09  1.13374E-08  1.37217E-08  1.67547E-08

  4.69638E-10  4.73397E-10  4.76363E-10  4.78473E-10  4.79727E-10  4.80173E-10
  4.79903E-10  4.79042E-10  4.77747E-10  4.76196E-10  4.74589E-10  4.73143E-10
  4.72092E-10  4.71686E-10  4.72190E-10  4.73892E-10  4.77103E-10  4.82163E-10
  4.89454E-10  4.99407E-10  5.12515E-10  5.29358E-10  5.50618E-10  5.77112E-10
  6.09825E-10  6.49955E-10  6.98967E-10  7.58657E-10  8.31231E-10  9.19405E-10
  1.02652E-09  1.15665E-09  1.31482E-09  1.50710E-09  1.74085E-09  2.02491E-09
  2.36985E-09  2.78817E-09  3.29465E-09  3.90670E-09  4.64495E-09  5.53424E-09
  6.60529E-09  7.89760E-09  9.46457E-09  1.13821E-08  1.37637E-08  1.67862E-08

  5.25823E-10  5.30474E-10  5.34364E-10  5.37420E-10  5.39629E-10  5.41030E-10
  5.41700E-10  5.41749E-10  5.41315E-10  5.40554E-10  5.39646E-10  5.38787E-10
  5.38192E-10  5.38096E-10  5.38756E-10  5.40452E-10  5.43495E-10  5.48230E-10
  5.55045E-10  5.64381E-10  5.76742E-10  5.92717E-10  6.12995E-10  6.38399E-10
  6.69911E-10  7.08725E-10  7.56289E-10  8.14379E-10  8.85174E-10  9.71357E-10
  1.07623E-09  1.20385E-09  1.35921E-09  1.54838E-09  1.77878E-09  2.05934E-09
  2.40079E-09  2.81589E-09  3.31977E-09  3.93027E-09  4.66850E-09  5.55968E-09
  6.63478E-09  7.93315E-09  9.50746E-09  1.14321E-08  1.38180E-08  1.68382E-08

  5.92340E-10  5.97309E-10  6.01629E-10  6.05234E-10  6.08111E-10  6.10292E-10
  6.11841E-10  6.12843E-10  6.13407E-10  6.13655E-10  6.13728E-10  6.13786E-10
  6.14007E-10  6.14596E-10  6.15783E-10  6.17831E-10  6.21040E-10  6.25751E-10
  6.32354E-10  6.41299E-10  6.53104E-10  6.68370E-10  6.87803E-10  7.12236E-10
  7.42660E-10  7.80269E-10  8.26506E-10  8.83129E-10  9.52291E-10  1.03664E-09
  1.13942E-09  1.26464E-09  1.41724E-09  1.60325E-09  1.83004E-09  2.10658E-09
  2.44368E-09  2.85430E-09  3.35385E-09  3.96064E-09  4.69637E-09  5.58699E-09
  6.66419E-09  7.96788E-09  9.55082E-09  1.14867E-08  1.38840E-08  1.69111E-08

  6.73395E-10  6.77991E-10  6.82130E-10  6.85770E-10  6.88909E-10  6.91577E-10
  6.93818E-10  6.95692E-10  6.97266E-10  6.98617E-10  6.99836E-10  7.01031E-10
  7.02330E-10  7.03891E-10  7.05907E-10  7.08610E-10  7.12276E-10  7.17235E-10
  7.23877E-10  7.32655E-10  7.44099E-10  7.58829E-10  7.77569E-10  8.01170E-10
  8.30639E-10  8.67177E-10  9.12227E-10  9.67534E-10  1.03522E-09  1.11790E-09
  1.21875E-09  1.34171E-09  1.49161E-09  1.67440E-09  1.89737E-09  2.16940E-09
  2.50131E-09  2.90615E-09  3.39959E-09  4.00038E-09  4.73093E-09  5.61819E-09
  6.69503E-09  8.00267E-09  9.59492E-09  1.15456E-08  1.39614E-08  1.70051E-08

  7.73795E-10  7.77255E-10  7.80536E-10  7.83634E-10  7.86563E-10  7.89346E-10
  7.92007E-10  7.94569E-10  7.97051E-10  7.99475E-10  8.01871E-10  8.04285E-10
  8.06788E-10  8.09481E-10  8.12508E-10  8.16062E-10  8.20391E-10  8.25805E-10
  8.32687E-10  8.41491E-10  8.52759E-10  8.67127E-10  8.85340E-10  9.08270E-10
  9.36941E-10  9.72568E-10  1.01659E-09  1.07075E-09  1.13714E-09  1.21832E-09
  1.31739E-09  1.43820E-09  1.58545E-09  1.76495E-09  1.98383E-09  2.25086E-09
  2.57674E-09  2.97452E-09  3.46007E-09  4.05255E-09  4.77515E-09  5.65603E-09
  6.72972E-09  8.03945E-09  9.64101E-09  1.16094E-08  1.40504E-08  1.71206E-08

  8.99010E-10  9.00554E-10  9.02300E-10  9.04280E-10  9.06520E-10  9.09027E-10
  9.11793E-10  9.14789E-10  9.17979E-10  9.21321E-10  9.24779E-10  9.28334E-10
  9.31993E-10  9.35801E-10  9.39852E-10  9.44298E-10  9.49355E-10  9.55314E-10
  9.62546E-10  9.71507E-10  9.82747E-10  9.96914E-10  1.01477E-09  1.03721E-09
  1.06527E-09  1.10018E-09  1.14338E-09  1.19658E-09  1.26185E-09  1.34168E-09
  1.43910E-09  1.55782E-09  1.70241E-09  1.87847E-09  2.09296E-09  2.35440E-09
  2.67337E-09  3.06282E-09  3.53873E-09  4.12064E-09  4.83258E-09  5.70408E-09
  6.77170E-09  8.08131E-09  9.69161E-09  1.16799E-08  1.41519E-08  1.72577E-08

  1.05517E-09  1.05410E-09  1.05373E-09  1.05411E-09  1.05526E-09  1.05715E-09
  1.05971E-09  1.06286E-09  1.06648E-09  1.07047E-09  1.07471E-09  1.07914E-09
  1.08370E-09  1.08838E-09  1.09324E-09  1.09840E-09  1.10405E-09  1.11047E-09
  1.11803E-09  1.12718E-09  1.13846E-09  1.15256E-09  1.17023E-09  1.19238E-09
  1.22005E-09  1.25447E-09  1.29706E-09  1.34952E-09  1.41385E-09  1.49248E-09
  1.58832E-09  1.70495E-09  1.84674E-09  2.01911E-09  2.22875E-09  2.48395E-09
  2.79505E-09  3.17489E-09  3.63948E-09  4.20874E-09  4.90751E-09  5.76682E-09
  6.82554E-09  8.13269E-09  9.75069E-09  1.17602E-08  1.42677E-08  1.74174E-08

  1.24895E-09  1.24482E-09  1.24200E-09  1.24053E-09  1.24038E-09  1.24145E-09
  1.24358E-09  1.24661E-09  1.25034E-09  1.25458E-09  1.25917E-09  1.26398E-09
  1.26892E-09  1.27396E-09  1.27914E-09  1.28456E-09  1.29042E-09  1.29699E-09
  1.30465E-09  1.31386E-09  1.32517E-09  1.33926E-09  1.35689E-09  1.37895E-09
  1.40648E-09  1.44068E-09  1.48293E-09  1.53488E-09  1.59845E-09  1.67597E-09
  1.77023E-09  1.88465E-09  2.02339E-09  2.19164E-09  2.39582E-09  2.64397E-09
  2.94616E-09  3.31511E-09  3.76681E-09  4.32156E-09  5.00501E-09  5.84974E-09
  6.89709E-09  8.19956E-09  9.82390E-09  1.18550E-08  1.44012E-08  1.76011E-08

  1.48734E-09  1.48016E-09  1.47501E-09  1.47186E-09  1.47055E-09  1.47086E-09
  1.47252E-09  1.47524E-09  1.47874E-09  1.48275E-09  1.48707E-09  1.49153E-09
  1.49606E-09  1.50061E-09  1.50527E-09  1.51017E-09  1.51553E-09  1.52166E-09
  1.52897E-09  1.53793E-09  1.54911E-09  1.56317E-09  1.58085E-09  1.60302E-09
  1.63068E-09  1.66494E-09  1.70714E-09  1.75881E-09  1.82179E-09  1.89824E-09
  1.99083E-09  2.10276E-09  2.23801E-09  2.40151E-09  2.59943E-09  2.83955E-09
  3.13172E-09  3.48850E-09  3.92594E-09  4.46466E-09  5.13116E-09  5.95954E-09
  6.99364E-09  8.28960E-09  9.91881E-09  1.19711E-08  1.45575E-08  1.78117E-08

  1.77725E-09  1.76781E-09  1.76116E-09  1.75711E-09  1.75532E-09  1.75536E-09
  1.75679E-09  1.75918E-09  1.76214E-09  1.76537E-09  1.76862E-09  1.77177E-09
  1.77477E-09  1.77767E-09  1.78061E-09  1.78384E-09  1.78767E-09  1.79248E-09
  1.79872E-09  1.80690E-09  1.81762E-09  1.83150E-09  1.84926E-09  1.87170E-09
  1.89972E-09  1.93434E-09  1.97676E-09  2.02838E-09  2.09086E-09  2.16621E-09
  2.25688E-09  2.36590E-09  2.49701E-09  2.65492E-09  2.84558E-09  3.07655E-09
  3.35752E-09  3.70096E-09  4.12302E-09  4.64467E-09  5.29323E-09  6.10430E-09
  7.12411E-09  8.41236E-09  1.00452E-08  1.21174E-08  1.47435E-08  1.80533E-08

  2.12516E-09  2.11522E-09  2.10884E-09  2.10553E-09  2.10462E-09  2.10544E-09
  2.10729E-09  2.10958E-09  2.11184E-09  2.11371E-09  2.11500E-09  2.11565E-09
  2.11575E-09  2.11550E-09  2.11524E-09  2.11534E-09  2.11629E-09  2.11860E-09
  2.12280E-09  2.12949E-09  2.13924E-09  2.15267E-09  2.17043E-09  2.19321E-09
  2.22178E-09  2.25698E-09  2.29983E-09  2.35152E-09  2.41350E-09  2.48755E-09
  2.57591E-09  2.68137E-09  2.80749E-09  2.95878E-09  3.14103E-09  3.36166E-09
  3.63030E-09  3.95944E-09  4.36540E-09  4.86957E-09  5.50007E-09  6.29387E-09
  7.29942E-09  8.57967E-09  1.02151E-08  1.23056E-08  1.49691E-08  1.83324E-08

  2.53682E-09  2.52930E-09  2.52601E-09  2.52597E-09  2.52810E-09  2.53134E-09
  2.53473E-09  2.53749E-09  2.53905E-09  2.53908E-09  2.53748E-09  2.53438E-09
  2.53008E-09  2.52507E-09  2.51991E-09  2.51527E-09  2.51184E-09  2.51032E-09
  2.51138E-09  2.51569E-09  2.52385E-09  2.53643E-09  2.55399E-09  2.57705E-09
  2.60620E-09  2.64206E-09  2.68538E-09  2.73709E-09  2.79835E-09  2.87069E-09
  2.95610E-09  3.05715E-09  3.17724E-09  3.32074E-09  3.49337E-09  3.70255E-09
  3.95796E-09  4.27225E-09  4.66202E-09  5.14915E-09  5.76252E-09  6.54032E-09
  7.53289E-09  8.80594E-09  1.04436E-08  1.25502E-08  1.52467E-08  1.86578E-08

  3.01751E-09  3.01631E-09  3.01976E-09  3.02625E-09  3.03415E-09  3.04196E-09
  3.04839E-09  3.05247E-09  3.05358E-09  3.05148E-09  3.04626E-09  3.03831E-09
  3.02830E-09  3.01704E-09  3.00548E-09  2.99462E-09  2.98545E-09  2.97889E-09
  2.97579E-09  2.97689E-09  2.98281E-09  2.99406E-09  3.01106E-09  3.03416E-09
  3.06368E-09  3.09998E-09  3.14348E-09  3.19479E-09  3.25477E-09  3.32465E-09
  3.40618E-09  3.50175E-09  3.61463E-09  3.74917E-09  3.91112E-09  4.10806E-09
  4.34986E-09  4.64948E-09  5.02392E-09  5.49558E-09  6.09407E-09  6.85860E-09
  7.84095E-09  9.10886E-09  1.07492E-08  1.28694E-08  1.55927E-08  1.90419E-08

  3.57299E-09  3.58234E-09  3.59636E-09  3.61271E-09  3.62913E-09  3.64364E-09
  3.65465E-09  3.66102E-09  3.66216E-09  3.65797E-09  3.64883E-09  3.63550E-09
  3.61907E-09  3.60079E-09  3.58204E-09  3.56420E-09  3.54857E-09  3.53633E-09
  3.52850E-09  3.52589E-09  3.52910E-09  3.53858E-09  3.55457E-09  3.57720E-09
  3.60652E-09  3.64256E-09  3.68542E-09  3.73537E-09  3.79296E-09  3.85916E-09
  3.93551E-09  4.02429E-09  4.12876E-09  4.25335E-09  4.40401E-09  4.58857E-09
  4.81731E-09  5.10358E-09  5.46490E-09  5.92421E-09  6.51173E-09  7.26742E-09
  8.24396E-09  9.51022E-09  1.11545E-08  1.32855E-08  1.60274E-08  1.95011E-08

  4.21149E-09  4.23476E-09  4.26212E-09  4.29051E-09  4.31712E-09  4.33956E-09
  4.35601E-09  4.36531E-09  4.36696E-09  4.36111E-09  4.34850E-09  4.33030E-09
  4.30803E-09  4.28338E-09  4.25814E-09  4.23402E-09  4.21261E-09  4.19528E-09
  4.18317E-09  4.17711E-09  4.17767E-09  4.18516E-09  4.19965E-09  4.22102E-09
  4.24906E-09  4.28349E-09  4.32412E-09  4.37095E-09  4.42428E-09  4.48493E-09
  4.55436E-09  4.63487E-09  4.72983E-09  4.84394E-09  4.98347E-09  5.15669E-09
  5.37432E-09  5.65028E-09  6.00257E-09  6.45464E-09  7.03718E-09  7.79049E-09
  8.76748E-09  1.00371E-08  1.16873E-08  1.38262E-08  1.65765E-08  2.00569E-08

  4.94681E-09  4.98475E-09  5.02539E-09  5.06516E-09  5.10096E-09  5.13027E-09
  5.15131E-09  5.16310E-09  5.16539E-09  5.15868E-09  5.14403E-09  5.12299E-09
  5.09741E-09  5.06927E-09  5.04060E-09  5.01329E-09  4.98902E-09  4.96922E-09
  4.95499E-09  4.94710E-09  4.94599E-09  4.95180E-09  4.96439E-09  4.98346E-09
  5.00853E-09  5.03917E-09  5.07500E-09  5.11590E-09  5.16216E-09  5.21463E-09
  5.27491E-09  5.34555E-09  5.43026E-09  5.53413E-09  5.66393E-09  5.82845E-09
  6.03896E-09  6.30990E-09  6.65973E-09  7.11226E-09  7.69834E-09  8.45811E-09
  9.44388E-09  1.07233E-08  1.23822E-08  1.45254E-08  1.72720E-08  2.07374E-08

  5.80239E-09  5.85117E-09  5.90012E-09  5.94577E-09  5.98531E-09  6.01666E-09
  6.03853E-09  6.05043E-09  6.05259E-09  6.04588E-09  6.03164E-09  6.01160E-09
  5.98766E-09  5.96176E-09  5.93581E-09  5.91153E-09  5.89036E-09  5.87347E-09
  5.86170E-09  5.85553E-09  5.85514E-09  5.86043E-09  5.87107E-09  5.88659E-09
  5.90645E-09  5.93020E-09  5.95758E-09  5.98866E-09  6.02403E-09  6.06492E-09
  6.11343E-09  6.17266E-09  6.24691E-09  6.34191E-09  6.46502E-09  6.62564E-09
  6.83555E-09  7.10963E-09  7.46662E-09  7.93040E-09  8.53150E-09  9.30924E-09
  1.03143E-08  1.16114E-08  1.32821E-08  1.54254E-08  1.81539E-08  2.15794E-08

  6.81625E-09  6.86548E-09  6.91107E-09  6.95067E-09  6.98271E-09  7.00635E-09
  7.02146E-09  7.02846E-09  7.02827E-09  7.02211E-09  7.01146E-09  6.99784E-09
  6.98278E-09  6.96770E-09  6.95382E-09  6.94212E-09  6.93332E-09  6.92786E-09
  6.92588E-09  6.92729E-09  6.93178E-09  6.93890E-09  6.94812E-09  6.95893E-09
  6.97095E-09  6.98406E-09  6.99848E-09  7.01496E-09  7.03486E-09  7.06031E-09
  7.09434E-09  7.14101E-09  7.20552E-09  7.29444E-09  7.41589E-09  7.57984E-09
  7.79854E-09  8.08709E-09  8.46421E-09  8.95337E-09  9.58415E-09  1.03941E-08
  1.14309E-08  1.27547E-08  1.44404E-08  1.65785E-08  1.92728E-08  2.26305E-08

  8.04603E-09  8.07775E-09  8.10096E-09  8.11584E-09  8.12330E-09  8.12475E-09
  8.12184E-09  8.11633E-09  8.10991E-09  8.10410E-09  8.10017E-09  8.09907E-09
  8.10140E-09  8.10742E-09  8.11704E-09  8.12984E-09  8.14514E-09  8.16204E-09
  8.17949E-09  8.19637E-09  8.21159E-09  8.22418E-09  8.23341E-09  8.23889E-09
  8.24070E-09  8.23945E-09  8.23639E-09  8.23350E-09  8.23353E-09  8.24007E-09
  8.25760E-09  8.29156E-09  8.34842E-09  8.43581E-09  8.56267E-09  8.73960E-09
  8.97912E-09  9.29633E-09  9.70949E-09  1.02410E-08  1.09188E-08  1.17772E-08
  1.28596E-08  1.42195E-08  1.59229E-08  1.80496E-08  2.06923E-08  2.39534E-08

  9.57323E-09  9.56334E-09  9.53997E-09  9.50743E-09  9.47028E-09  9.43289E-09
  9.39918E-09  9.37235E-09  9.35480E-09  9.34810E-09  9.35297E-09  9.36935E-09
  9.39644E-09  9.43279E-09  9.47641E-09  9.52491E-09  9.57559E-09  9.62563E-09
  9.67225E-09  9.71286E-09  9.74526E-09  9.76781E-09  9.77956E-09  9.78040E-09
  9.77114E-09  9.75357E-09  9.73047E-09  9.70559E-09  9.68362E-09  9.67011E-09
  9.67147E-09  9.69487E-09  9.74830E-09  9.84066E-09  9.98183E-09  1.01830E-08
  1.04568E-08  1.08180E-08  1.12841E-08  1.18756E-08  1.26178E-08  1.35408E-08
  1.46818E-08  1.60861E-08  1.78089E-08  1.99175E-08  2.24927E-08  2.56311E-08

  1.15033E-08  1.14292E-08  1.13387E-08  1.12409E-08  1.11445E-08  1.10568E-08
  1.09837E-08  1.09296E-08  1.08971E-08  1.08876E-08  1.09009E-08  1.09356E-08
  1.09894E-08  1.10589E-08  1.11401E-08  1.12282E-08  1.13186E-08  1.14063E-08
  1.14865E-08  1.15551E-08  1.16086E-08  1.16448E-08  1.16625E-08  1.16619E-08
  1.16448E-08  1.16141E-08  1.15745E-08  1.15316E-08  1.14922E-08  1.14639E-08
  1.14552E-08  1.14749E-08  1.15328E-08  1.16390E-08  1.18042E-08  1.20402E-08
  1.23597E-08  1.27771E-08  1.33084E-08  1.39722E-08  1.47900E-08  1.57873E-08
  1.69943E-08  1.84470E-08  2.01895E-08  2.22761E-08  2.47753E-08  2.77753E-08

he0+he++->he+ + he++ + e
  2.62126E-15  2.64662E-15  2.48336E-15  2.19080E-15  1.84371E-15  1.50411E-15
  1.20924E-15  9.73475E-16  7.96425E-16  6.70925E-16  5.88493E-16  5.42274E-16
  5.28426E-16  5.46928E-16  6.02575E-16  7.06830E-16  8.81373E-16  1.16467E-15
  1.62393E-15  2.37664E-15  3.62925E-15  5.74640E-15  9.37388E-15  1.56556E-14
  2.66124E-14  4.57954E-14  7.94035E-14  1.38173E-13  2.40556E-13  4.18045E-13
  7.24102E-13  1.24918E-12  2.14610E-12  3.67326E-12  6.26835E-12  1.06746E-11
  1.81569E-11  3.08694E-11  5.24750E-11  8.91715E-11  1.51348E-10  2.56168E-10
  4.31387E-10  7.20647E-10  1.19015E-09  1.93610E-09  3.09194E-09  4.83499E-09

  2.73239E-15  2.75171E-15  2.57537E-15  2.26641E-15  1.90297E-15  1.54922E-15
  1.24318E-15  9.99155E-16  8.16276E-16  6.86813E-16  6.01803E-16  5.54041E-16
  5.39463E-16  5.57941E-16  6.14269E-16  7.20020E-16  8.97115E-16  1.18445E-15
  1.64992E-15  2.41207E-15  3.67895E-15  5.81746E-15  9.47643E-15  1.58033E-14
  2.68221E-14  4.60843E-14  7.97814E-14  1.38625E-13  2.41010E-13  4.18315E-13
  7.23801E-13  1.24759E-12  2.14202E-12  3.66486E-12  6.25310E-12  1.06496E-11
  1.81197E-11  3.08204E-11  5.24224E-11  8.91401E-11  1.51393E-10  2.56392E-10
  4.31954E-10  7.21771E-10  1.19202E-09  1.93870E-09  3.09473E-09  4.83669E-09

  2.75694E-15  2.76485E-15  2.57828E-15  2.26217E-15  1.89498E-15  1.54015E-15
  1.23464E-15  9.91869E-16  8.10393E-16  6.82218E-16  5.98296E-16  5.51433E-16
  5.37618E-16  5.56802E-16  6.13869E-16  7.20511E-16  8.98824E-16  1.18797E-15
  1.65625E-15  2.42290E-15  3.69704E-15  5.84719E-15  9.52460E-15  1.58800E-14
  2.69410E-14  4.62628E-14  8.00364E-14  1.38964E-13  2.41410E-13  4.18681E-13
  7.23895E-13  1.24692E-12  2.13966E-12  3.65922E-12  6.24165E-12  1.06286E-11
  1.80842E-11  3.07652E-11  5.23441E-11  8.90429E-11  1.51301E-10  2.56369E-10
  4.32140E-10  7.22422E-10  1.19354E-09  1.94164E-09  3.09962E-09  4.84366E-09

  2.69119E-15  2.68430E-15  2.49217E-15  2.17944E-15  1.82177E-15  1.47909E-15
  1.18565E-15  9.53335E-16  7.80183E-16  6.58275E-16  5.78889E-16  5.35201E-16
  5.23526E-16  5.44060E-16  6.01864E-16  7.08756E-16  8.86926E-16  1.17563E-15
  1.64333E-15  2.40952E-15  3.68384E-15  5.83583E-15  9.51846E-15  1.58854E-14
  2.69690E-14  4.63305E-14  8.01690E-14  1.39193E-13  2.41765E-13  4.19170E-13
  7.24457E-13  1.24732E-12  2.13936E-12  3.65703E-12  6.23532E-12  1.06141E-11
  1.80551E-11  3.07113E-11  5.22519E-11  8.88975E-11  1.51095E-10  2.56125E-10
  4.31958E-10  7.22566E-10  1.19457E-09  1.94455E-09  3.10587E-09  4.85464E-09

  2.54501E-15  2.52252E-15  2.33067E-15  2.03155E-15  1.69523E-15  1.37600E-15
  1.10419E-15  8.89818E-16  7.30536E-16  6.18840E-16  5.46696E-16  5.07949E-16
  4.99452E-16  5.21782E-16  5.80239E-16  6.86755E-16  8.63536E-16  1.14978E-15
  1.61384E-15  2.37511E-15  3.64326E-15  5.78820E-15  9.46407E-15  1.58272E-14
  2.69150E-14  4.62983E-14  8.01912E-14  1.39325E-13  2.42090E-13  4.19801E-13
  7.25512E-13  1.24887E-12  2.14126E-12  3.65865E-12  6.23495E-12  1.06080E-11
  1.80358E-11  3.06656E-11  5.21580E-11  8.87241E-11  1.50806E-10  2.55700E-10
  4.31447E-10  7.22213E-10  1.19502E-09  1.94713E-09  3.11274E-09  4.86830E-09

  2.33877E-15  2.30232E-15  2.11674E-15  1.83958E-15  1.53339E-15  1.24551E-15
  1.00177E-15  8.10221E-16  6.68353E-16  5.69351E-16  5.06123E-16  4.73386E-16
  4.68665E-16  4.92997E-16  5.51946E-16  6.57542E-16  8.31935E-16  1.11413E-15
  1.57215E-15  2.32501E-15  3.58196E-15  5.71278E-15  9.37222E-15  1.57189E-14
  2.67961E-14  4.61864E-14  8.01258E-14  1.39382E-13  2.42403E-13  4.20578E-13
  7.27050E-13  1.25153E-12  2.14535E-12  3.66414E-12  6.24086E-12  1.06112E-11
  1.80289E-11  3.06336E-11  5.20735E-11  8.85430E-11  1.50467E-10  2.55142E-10
  4.30667E-10  7.21406E-10  1.19485E-09  1.94912E-09  3.11957E-09  4.88336E-09

  2.09785E-15  2.05073E-15  1.87653E-15  1.62688E-15  1.35581E-15  1.10326E-15
  8.90529E-16  7.23903E-16  6.00888E-16  5.15545E-16  4.61857E-16  4.35498E-16
  4.34723E-16  4.61050E-16  5.20308E-16  6.24595E-16  7.95953E-16  1.07310E-15
  1.52360E-15  2.26583E-15  3.50838E-15  5.62049E-15  9.25714E-15  1.55790E-14
  2.66355E-14  4.60229E-14  8.00045E-14  1.39397E-13  2.42726E-13  4.21503E-13
  7.29027E-13  1.25519E-12  2.15143E-12  3.67326E-12  6.25292E-12  1.06241E-11
  1.80360E-11  3.06195E-11  5.20081E-11  8.83732E-11  1.50113E-10  2.54506E-10
  4.29692E-10  7.20221E-10  1.19408E-09  1.95035E-09  3.12580E-09  4.89861E-09

  1.84707E-15  1.79325E-15  1.63398E-15  1.41429E-15  1.17960E-15  9.62773E-16
  7.80953E-16  6.38939E-16  5.34435E-16  4.62447E-16  4.18055E-16  3.97884E-16
  4.00898E-16  4.29082E-16  4.88509E-16  5.91328E-16  7.59441E-16  1.03124E-15
  1.47377E-15  2.20470E-15  3.43181E-15  5.52364E-15  9.13519E-15  1.54291E-14
  2.64611E-14  4.58424E-14  7.98669E-14  1.39408E-13  2.43090E-13  4.22575E-13
  7.31387E-13  1.25969E-12  2.15921E-12  3.68556E-12  6.27057E-12  1.06462E-11
  1.80574E-11  3.06261E-11  5.19692E-11  8.82315E-11  1.49775E-10  2.53848E-10
  4.28604E-10  7.18754E-10  1.19277E-09  1.95073E-09  3.13100E-09  4.91303E-09

  1.60671E-15  1.54990E-15  1.40731E-15  1.21729E-15  1.01731E-15  8.33888E-16
  6.80644E-16  5.61225E-16  4.73645E-16  4.13839E-16  3.77917E-16  3.63380E-16
  3.69844E-16  3.99716E-16  4.59294E-16  5.60768E-16  7.25917E-16  9.92832E-16
  1.42809E-15  2.14870E-15  3.36171E-15  5.43505E-15  9.02381E-15  1.52927E-14
  2.63039E-14  4.56842E-14  7.97597E-14  1.39465E-13  2.43533E-13  4.23803E-13
  7.34066E-13  1.26485E-12  2.16831E-12  3.70041E-12  6.29289E-12  1.06765E-11
  1.80925E-11  3.06542E-11  5.19618E-11  8.81315E-11  1.49483E-10  2.53221E-10
  4.27487E-10  7.17119E-10  1.19102E-09  1.95028E-09  3.13486E-09  4.92578E-09

  1.39067E-15  1.33380E-15  1.20797E-15  1.04536E-15  8.76453E-16  7.22470E-16
  5.94170E-16  4.94366E-16  4.21439E-16  3.72180E-16  3.43606E-16  3.33990E-16
  3.43517E-16  3.74973E-16  4.34865E-16  5.35446E-16  6.98429E-16  9.61711E-16
  1.39155E-15  2.10455E-15  3.30731E-15  5.36756E-15  8.94090E-15  1.51945E-14
  2.61974E-14  4.55919E-14  7.97365E-14  1.39628E-13  2.44110E-13  4.25211E-13
  7.37015E-13  1.27048E-12  2.17831E-12  3.71706E-12  6.31877E-12  1.07136E-11
  1.81399E-11  3.07036E-11  5.19889E-11  8.80833E-11  1.49262E-10  2.52672E-10
  4.26425E-10  7.15434E-10  1.18897E-09  1.94905E-09  3.13724E-09  4.93626E-09

  1.20665E-15  1.15166E-15  1.04146E-15  9.02793E-16  7.60352E-16  6.31109E-16
  5.23610E-16  4.40101E-16  3.79335E-16  3.38850E-16  3.16439E-16  3.11030E-16
  3.23296E-16  3.56367E-16  4.16964E-16  5.17460E-16  6.79613E-16  9.41313E-16
  1.36879E-15  2.07864E-15  3.27760E-15  5.33392E-15  8.90461E-15  1.51602E-14
  2.61771E-14  4.56132E-14  7.98577E-14  1.39966E-13  2.44891E-13  4.26845E-13
  7.40217E-13  1.27643E-12  2.18883E-12  3.73475E-12  6.34696E-12  1.07557E-11
  1.81975E-11  3.07724E-11  5.20510E-11  8.80934E-11  1.49129E-10  2.52244E-10
  4.25494E-10  7.13820E-10  1.18678E-09  1.94718E-09  3.13812E-09  4.94407E-09

  1.05755E-15  1.00544E-15  9.08937E-16  7.90256E-16  6.69451E-16  5.60202E-16
  4.69408E-16  3.98951E-16  3.47939E-16  3.14541E-16  2.97199E-16  2.95387E-16
  3.10210E-16  3.45116E-16  4.07079E-16  5.08685E-16  6.71907E-16  9.34903E-16
  1.36429E-15  2.07727E-15  3.28158E-15  5.34710E-15  8.93365E-15  1.52166E-14
  2.62809E-14  4.57998E-14  8.01914E-14  1.40564E-13  2.45967E-13  4.28785E-13
  7.43698E-13  1.28260E-12  2.19953E-12  3.75278E-12  6.37619E-12  1.08008E-11
  1.82627E-11  3.08581E-11  5.21465E-11  8.81646E-11  1.49099E-10  2.51969E-10
  4.24758E-10  7.12391E-10  1.18461E-09  1.94485E-09  3.13758E-09  4.94906E-09

  9.43205E-16  8.94236E-16  8.09136E-16  7.06470E-16  6.02711E-16  5.09059E-16
  4.31228E-16  3.70885E-16  3.27469E-16  2.99677E-16  2.86486E-16  2.87837E-16
  3.05223E-16  3.42423E-16  4.06727E-16  5.11073E-16  6.77883E-16  9.45953E-16
  1.38284E-15  2.10719E-15  3.32886E-15  5.42096E-15  9.04806E-15  1.53925E-14
  2.65497E-14  4.62091E-14  8.08148E-14  1.41521E-13  2.47456E-13  4.31153E-13
  7.47551E-13  1.28898E-12  2.21022E-12  3.77061E-12  6.40538E-12  1.08471E-11
  1.83328E-11  3.09572E-11  5.22726E-11  8.82968E-11  1.49178E-10  2.51871E-10
  4.24274E-10  7.11246E-10  1.18261E-09  1.94228E-09  3.13583E-09  4.95125E-09

  8.62131E-16  8.16029E-16  7.39943E-16  6.49591E-16  5.58754E-16  4.76821E-16
  4.08681E-16  3.55909E-16  3.18241E-16  2.94822E-16  2.85081E-16  2.89373E-16
  3.09562E-16  3.49803E-16  4.17803E-16  5.27038E-16  7.00688E-16  9.78659E-16
  1.43016E-15  2.17631E-15  3.43060E-15  5.57137E-15  9.27051E-15  1.57204E-14
  2.70297E-14  4.69055E-14  8.18164E-14  1.42953E-13  2.49506E-13  4.34120E-13
  7.51949E-13  1.29572E-12  2.22088E-12  3.78791E-12  6.43372E-12  1.08931E-11
  1.84052E-11  3.10661E-11  5.24250E-11  8.84869E-11  1.49368E-10  2.51965E-10
  4.24080E-10  7.10473E-10  1.18094E-09  1.93968E-09  3.13313E-09  4.95084E-09

  8.12900E-16  7.69048E-16  6.99650E-16  6.18281E-16  5.36757E-16  4.63192E-16
  4.01939E-16  3.54571E-16  3.21108E-16  3.01082E-16  2.94324E-16  3.01577E-16
  3.25099E-16  3.69490E-16  4.43025E-16  5.59965E-16  7.44636E-16  1.03864E-15
  1.51374E-15  2.29478E-15  3.60074E-15  5.81769E-15  9.62815E-15  1.62384E-14
  2.77744E-14  4.79641E-14  8.32997E-14  1.45001E-13  2.52300E-13  4.37918E-13
  7.57162E-13  1.30307E-12  2.23173E-12  3.80472E-12  6.46081E-12  1.09376E-11
  1.84780E-11  3.11816E-11  5.25992E-11  8.87300E-11  1.49668E-10  2.52257E-10
  4.24205E-10  7.10136E-10  1.17974E-09  1.93727E-09  3.12978E-09  4.94817E-09

  7.95282E-16  7.52838E-16  6.87921E-16  6.12558E-16  5.37192E-16  4.69090E-16
  4.12306E-16  3.68491E-16  3.37950E-16  3.20576E-16  3.16580E-16  3.27103E-16
  3.54851E-16  4.04985E-16  4.86548E-16  6.14909E-16  8.16022E-16  1.13392E-15
  1.64398E-15  2.47638E-15  3.85777E-15  6.18503E-15  1.01553E-14  1.69937E-14
  2.88491E-14  4.94747E-14  8.53886E-14  1.47834E-13  2.56069E-13  4.42849E-13
  7.63573E-13  1.31151E-12  2.24326E-12  3.82146E-12  6.48687E-12  1.09803E-11
  1.85497E-11  3.13008E-11  5.27906E-11  8.90201E-11  1.50071E-10  2.52746E-10
  4.24660E-10  7.10281E-10  1.17910E-09  1.93528E-09  3.12613E-09  4.94368E-09

  8.11287E-16  7.69247E-16  7.06701E-16  6.34632E-16  5.62595E-16  4.97367E-16
  4.42900E-16  4.01016E-16  3.72328E-16  3.57090E-16  3.55911E-16  3.70372E-16
  4.03729E-16  4.61871E-16  5.54878E-16  6.99633E-16  9.24333E-16  1.27635E-15
  1.83598E-15  2.74062E-15  4.22724E-15  6.70717E-15  1.08970E-14  1.80468E-14
  3.03353E-14  5.15481E-14  8.82341E-14  1.51660E-13  2.61093E-13  4.49296E-13
  7.71695E-13  1.32169E-12  2.25628E-12  3.83907E-12  6.51280E-12  1.10219E-11
  1.86202E-11  3.14223E-11  5.29959E-11  8.93509E-11  1.50569E-10  2.53423E-10
  4.25447E-10  7.10934E-10  1.17911E-09  1.93386E-09  3.12250E-09  4.93786E-09

  8.66406E-16  8.23616E-16  7.61357E-16  6.90000E-16  6.18629E-16  5.53841E-16
  4.99681E-16  4.58242E-16  4.30499E-16  4.17113E-16  4.19139E-16  4.38699E-16
  4.79741E-16  5.49124E-16  6.58319E-16  8.26250E-16  1.08413E-15  1.48378E-15
  2.11202E-15  3.11571E-15  4.74533E-15  7.43095E-15  1.19143E-14  1.94778E-14
  3.23387E-14  5.43249E-14  9.20250E-14  1.56733E-13  2.67724E-13  4.57741E-13
  7.82189E-13  1.33451E-12  2.27198E-12  3.85904E-12  6.54033E-12  1.10642E-11
  1.86911E-11  3.15466E-11  5.32130E-11  8.97175E-11  1.51152E-10  2.54277E-10
  4.26553E-10  7.12101E-10  1.17983E-09  1.93319E-09  3.11923E-09  4.93125E-09

  9.71466E-16  9.26590E-16  8.62446E-16  7.89188E-16  7.15805E-16  6.49010E-16
  5.93146E-16  5.50712E-16  5.23141E-16  5.11588E-16  5.17666E-16  5.44184E-16
  5.96009E-16  6.81293E-16  8.13370E-16  1.01389E-15  1.31806E-15  1.78352E-15
  2.50558E-15  3.64327E-15  5.46431E-15  8.42260E-15  1.32918E-14  2.13952E-14
  3.49996E-14  5.79879E-14  9.70019E-14  1.63376E-13  2.76398E-13  4.68787E-13
  7.95891E-13  1.35113E-12  2.29194E-12  3.88345E-12  6.57212E-12  1.11102E-11
  1.87655E-11  3.16760E-11  5.34429E-11  9.01170E-11  1.51813E-10  2.55292E-10
  4.27961E-10  7.13769E-10  1.18127E-09  1.93337E-09  3.11658E-09  4.92440E-09

  1.14571E-15  1.09717E-15  1.02874E-15  9.50753E-16  8.72466E-16  8.01023E-16
  7.41304E-16  6.96402E-16  6.68363E-16  6.58989E-16  6.70631E-16  7.07016E-16
  7.74251E-16  8.82225E-16  1.04677E-15  1.29315E-15  1.66179E-15  2.21790E-15
  3.06763E-15  4.38547E-15  6.46078E-15  9.77725E-15  1.51484E-14  2.39486E-14
  3.85074E-14  6.27790E-14  1.03478E-13  1.72001E-13  2.87669E-13  4.83188E-13
  8.13850E-13  1.37302E-12  2.31821E-12  3.91511E-12  6.61186E-12  1.11645E-11
  1.88488E-11  3.18163E-11  5.36898E-11  9.05503E-11  1.52545E-10  2.56454E-10
  4.29649E-10  7.15916E-10  1.18344E-09  1.93448E-09  3.11482E-09  4.91782E-09

  1.42220E-15  1.36805E-15  1.29257E-15  1.20660E-15  1.12009E-15  1.04097E-15
  9.74977E-16  9.26046E-16  8.97085E-16  8.90791E-16  9.10530E-16  9.61296E-16
  1.05089E-15  1.19155E-15  1.40246E-15  1.71362E-15  2.17229E-15  2.85337E-15
  3.87678E-15  5.43638E-15  7.84846E-15  1.16335E-14  1.76539E-14  2.73477E-14
  4.31228E-14  6.90253E-14  1.11869E-13  1.83143E-13  3.02240E-13  5.01893E-13
  8.37370E-13  1.40199E-12  2.35332E-12  3.95755E-12  6.66435E-12  1.12336E-11
  1.89488E-11  3.19761E-11  5.39624E-11  9.10237E-11  1.53350E-10  2.57754E-10
  4.31592E-10  7.18511E-10  1.18631E-09  1.93657E-09  3.11415E-09  4.91200E-09

  1.85732E-15  1.79521E-15  1.70932E-15  1.61150E-15  1.51282E-15  1.42244E-15
  1.34736E-15  1.29275E-15  1.26276E-15  1.26134E-15  1.29332E-15  1.36546E-15
  1.48790E-15  1.67608E-15  1.95363E-15  2.35684E-15  2.94175E-15  3.79567E-15
  5.05586E-15  6.94025E-15  9.79834E-15  1.41956E-14  2.10544E-14  3.18905E-14
  4.92096E-14  7.71748E-14  1.22732E-13  1.97511E-13  3.21029E-13  5.26116E-13
  8.68094E-13  1.44031E-12  2.40045E-12  4.01518E-12  6.73569E-12  1.13255E-11
  1.90760E-11  3.21682E-11  5.42747E-11  9.15500E-11  1.54235E-10  2.59190E-10
  4.33775E-10  7.21521E-10  1.18986E-09  1.93966E-09  3.11473E-09  4.90739E-09

  2.54801E-15  2.47503E-15  2.37470E-15  2.26035E-15  2.14474E-15  2.03884E-15
  1.95145E-15  1.88956E-15  1.85908E-15  1.86585E-15  1.91676E-15  2.02109E-15
  2.19225E-15  2.45002E-15  2.82398E-15  3.35862E-15  4.12137E-15  5.21524E-15
  6.79921E-15  9.12103E-15  1.25708E-14  1.77689E-14  2.57104E-14  3.80061E-14
  5.72823E-14  8.78510E-14  1.36834E-13  2.16057E-13  3.45244E-13  5.57426E-13
  9.08105E-13  1.49081E-12  2.46349E-12  4.09344E-12  6.83339E-12  1.14505E-11
  1.92440E-11  3.24098E-11  5.46467E-11  9.21507E-11  1.55219E-10  2.60771E-10
  4.36193E-10  7.24925E-10  1.19407E-09  1.94375E-09  3.11672E-09  4.90439E-09

  3.66275E-15  3.57549E-15  3.45596E-15  3.31959E-15  3.18149E-15  3.05516E-15
  2.95202E-15  2.88164E-15  2.85255E-15  2.87332E-15  2.95387E-15  3.10709E-15
  3.35091E-15  3.71105E-15  4.22502E-15  4.94803E-15  5.96209E-15  7.39012E-15
  9.41815E-15  1.23307E-14  1.65674E-14  2.28152E-14  3.21575E-14  4.63206E-14
  6.80797E-14  1.01934E-13  1.55235E-13  2.40081E-13  3.76507E-13  5.97887E-13
  9.60092E-13  1.55706E-12  2.54730E-12  4.19899E-12  6.96667E-12  1.16213E-11
  1.94698E-11  3.27229E-11  5.51059E-11  9.28571E-11  1.56334E-10  2.62524E-10
  4.38859E-10  7.28719E-10  1.19891E-09  1.94887E-09  3.12023E-09  4.90338E-09

  5.49824E-15  5.39302E-15  5.24913E-15  5.08476E-15  4.91820E-15  4.76642E-15
  4.64447E-15  4.56567E-15  4.54236E-15  4.58711E-15  4.71426E-15  4.94187E-15
  5.29419E-15  5.80501E-15  6.52239E-15  7.51551E-15  8.88507E-15  1.07790E-14
  1.34171E-14  1.71289E-14  2.24146E-14  3.00419E-14  4.12012E-14  5.77596E-14
  8.26755E-14  1.20683E-13  1.79431E-13  2.71385E-13  4.17026E-13  6.50259E-13
  1.02758E-12  1.64367E-12  2.65800E-12  4.34012E-12  7.14686E-12  1.18534E-11
  1.97745E-11  3.31356E-11  5.56880E-11  9.37126E-11  1.57628E-10  2.64499E-10
  4.41814E-10  7.32928E-10  1.20440E-09  1.95504E-09  3.12539E-09  4.90472E-09

  8.58279E-15  8.45648E-15  8.28371E-15  8.08608E-15  7.88597E-15  7.70499E-15
  7.56317E-15  7.47906E-15  7.47052E-15  7.55594E-15  7.75610E-15  8.09642E-15
  8.60999E-15  9.34158E-15  1.03533E-14  1.17324E-14  1.36035E-14  1.61461E-14
  1.96216E-14  2.44154E-14  3.11016E-14  4.05458E-14  5.40688E-14  7.37096E-14
  1.02653E-13  1.45927E-13  2.11561E-13  3.12507E-13  4.69863E-13  7.18301E-13
  1.11527E-12  1.75666E-12  2.80345E-12  4.52728E-12  7.38804E-12  1.21658E-11
  2.01839E-11  3.36826E-11  5.64386E-11  9.47744E-11  1.59170E-10  2.66770E-10
  4.45135E-10  7.37621E-10  1.21060E-09  1.96234E-09  3.13236E-09  4.90877E-09

  1.38652E-14  1.37172E-14  1.35141E-14  1.32815E-14  1.30468E-14  1.28373E-14
  1.26798E-14  1.25999E-14  1.26232E-14  1.27765E-14  1.30898E-14  1.35990E-14
  1.43494E-14  1.54009E-14  1.68340E-14  1.87599E-14  2.13336E-14  2.47743E-14
  2.93958E-14  3.56518E-14  4.42072E-14  5.60479E-14  7.26539E-14  9.62753E-14
  1.30376E-13  1.80354E-13  2.54724E-13  3.67072E-13  5.39322E-13  8.07213E-13
  1.22957E-12  1.90404E-12  2.99390E-12  4.77383E-12  7.70792E-12  1.25824E-11
  2.07302E-11  3.44070E-11  5.74148E-11  9.61164E-11  1.61053E-10  2.69446E-10
  4.48940E-10  7.42924E-10  1.21764E-09  1.97091E-09  3.14137E-09  4.91596E-09

  2.30581E-14  2.28941E-14  2.26674E-14  2.24076E-14  2.21474E-14  2.19211E-14
  2.17635E-14  2.17096E-14  2.17954E-14  2.20595E-14  2.25447E-14  2.33018E-14
  2.43933E-14  2.58994E-14  2.79257E-14  3.06143E-14  3.41597E-14  3.88317E-14
  4.50094E-14  5.32322E-14  6.42773E-14  7.92790E-14  9.99138E-14  1.28693E-13
  1.69428E-13  2.27980E-13  3.13480E-13  4.40334E-13  6.31551E-13  9.24308E-13
  1.37932E-12  2.09671E-12  3.24302E-12  5.09722E-12  8.12919E-12  1.31331E-11
  2.14533E-11  3.53623E-11  5.86878E-11  9.78322E-11  1.63394E-10  2.72675E-10
  4.53406E-10  7.49033E-10  1.22574E-09  1.98101E-09  3.15274E-09  4.92679E-09

  3.92553E-14  3.90943E-14  3.88681E-14  3.86090E-14  3.83544E-14  3.81453E-14
  3.80254E-14  3.80410E-14  3.82416E-14  3.86812E-14  3.94207E-14  4.05312E-14
  4.20992E-14  4.42331E-14  4.70723E-14  5.08004E-14  5.56636E-14  6.19969E-14
  7.02630E-14  8.11095E-14  9.54548E-14  1.14618E-13  1.40523E-13  1.76004E-13
  2.25310E-13  2.94883E-13  3.94637E-13  5.40027E-13  7.55472E-13  1.08004E-12
  1.57696E-12  2.34974E-12  3.56937E-12  5.52073E-12  8.68154E-12  1.38564E-11
  2.24037E-11  3.66154E-11  6.03469E-11  1.00040E-10  1.66349E-10  2.76653E-10
  4.58773E-10  7.56236E-10  1.23523E-09  1.99302E-09  3.16694E-09  4.94189E-09

  6.80284E-14  6.79140E-14  6.77447E-14  6.75518E-14  6.73740E-14  6.72568E-14
  6.72516E-14  6.74164E-14  6.78161E-14  6.85243E-14  6.96255E-14  7.12192E-14
  7.34251E-14  7.63908E-14  8.03029E-14  8.54016E-14  9.20026E-14  1.00527E-13
  1.11548E-13  1.25851E-13  1.44537E-13  1.69159E-13  2.01950E-13  2.46158E-13
  3.06579E-13  3.90392E-13  5.08501E-13  6.77700E-13  9.24219E-13  1.28957E-12
  1.84030E-12  2.68433E-12  3.99863E-12  6.07599E-12  9.40454E-12  1.48026E-11
  2.36464E-11  3.82515E-11  6.25041E-11  1.02887E-10  1.70112E-10  2.81631E-10
  4.65360E-10  7.64924E-10  1.24657E-09  2.00749E-09  3.18463E-09  4.96209E-09

  1.19339E-13  1.19354E-13  1.19351E-13  1.19352E-13  1.19389E-13  1.19505E-13
  1.19754E-13  1.20203E-13  1.20930E-13  1.22032E-13  1.23624E-13  1.25842E-13
  1.28853E-13  1.32859E-13  1.38115E-13  1.44940E-13  1.53747E-13  1.65075E-13
  1.79644E-13  1.98425E-13  2.22753E-13  2.54487E-13  2.96258E-13  3.51840E-13
  4.26723E-13  5.29024E-13  6.70903E-13  8.70858E-13  1.15743E-12  1.57526E-12
  2.19516E-12  3.13082E-12  4.56696E-12  6.80673E-12  1.03520E-11  1.60389E-11
  2.52668E-11  4.03803E-11  6.53023E-11  1.06562E-10  1.74930E-10  2.87932E-10
  4.73582E-10  7.75620E-10  1.26041E-09  2.02518E-09  3.20672E-09  4.98848E-09

  2.10809E-13  2.11089E-13  2.11435E-13  2.11846E-13  2.12333E-13  2.12922E-13
  2.13655E-13  2.14596E-13  2.15835E-13  2.17488E-13  2.19706E-13  2.22673E-13
  2.26620E-13  2.31829E-13  2.38649E-13  2.47518E-13  2.58985E-13  2.73757E-13
  2.92759E-13  3.17212E-13  3.48768E-13  3.89687E-13  4.43120E-13  5.13516E-13
  6.07264E-13  7.33672E-13  9.06502E-13  1.14642E-12  1.48489E-12  1.97056E-12
  2.67966E-12  3.73327E-12  5.32607E-12  7.77457E-12  1.15984E-11  1.76567E-11
  2.73785E-11  4.31456E-11  6.89261E-11  1.11304E-10  1.81114E-10  2.95964E-10
  4.83969E-10  7.89000E-10  1.27758E-09  2.04712E-09  3.23441E-09  5.02247E-09

  3.73187E-13  3.73921E-13  3.74880E-13  3.76021E-13  3.77310E-13  3.78728E-13
  3.80285E-13  3.82021E-13  3.84018E-13  3.86406E-13  3.89369E-13  3.93152E-13
  3.98070E-13  4.04517E-13  4.12981E-13  4.24069E-13  4.38535E-13  4.57327E-13
  4.81659E-13  5.13107E-13  5.53754E-13  6.06402E-13  6.74888E-13  7.64551E-13
  8.82938E-13  1.04089E-12  1.25422E-12  1.54635E-12  1.95246E-12  2.52627E-12
  3.35089E-12  4.55673E-12  6.35115E-12  9.06767E-12  1.32485E-11  1.97826E-11
  3.01367E-11  4.67400E-11  7.36182E-11  1.17423E-10  1.89067E-10  3.06249E-10
  4.97196E-10  8.05933E-10  1.29919E-09  2.07465E-09  3.26928E-09  5.06589E-09

  6.59329E-13  6.60714E-13  6.62589E-13  6.64847E-13  6.67380E-13  6.70091E-13
  6.72918E-13  6.75842E-13  6.78908E-13  6.82235E-13  6.86033E-13  6.90609E-13
  6.96384E-13  7.03903E-13  7.13851E-13  7.27081E-13  7.44642E-13  7.67840E-13
  7.98306E-13  8.38121E-13  8.89971E-13  9.57405E-13  1.04519E-12  1.15983E-12
  1.31041E-12  1.50975E-12  1.77630E-12  2.13700E-12  2.63176E-12  3.32070E-12
  4.29560E-12  5.69868E-12  7.75322E-12  1.08142E-11  1.54525E-11  2.25946E-11
  3.37556E-11  5.14253E-11  7.97030E-11  1.25326E-10  1.99306E-10  3.19453E-10
  5.14124E-10  8.27520E-10  1.32663E-09  2.10947E-09  3.31339E-09  5.12109E-09

  1.15870E-12  1.16080E-12  1.16378E-12  1.16746E-12  1.17165E-12  1.17612E-12
  1.18071E-12  1.18528E-12  1.18979E-12  1.19431E-12  1.19904E-12  1.20434E-12
  1.21074E-12  1.21897E-12  1.22999E-12  1.24498E-12  1.26542E-12  1.29313E-12
  1.33035E-12  1.37989E-12  1.44528E-12  1.53113E-12  1.64346E-12  1.79039E-12
  1.98301E-12  2.23674E-12  2.57344E-12  3.02457E-12  3.63608E-12  4.47618E-12
  5.64760E-12  7.30735E-12  9.69870E-12  1.32036E-11  1.84287E-11  2.63479E-11
  3.85374E-11  5.75643E-11  8.76223E-11  1.35560E-10  2.12516E-10  3.36440E-10
  5.35854E-10  8.55164E-10  1.36165E-09  2.15376E-09  3.36931E-09  5.19105E-09

  2.02067E-12  2.02309E-12  2.02689E-12  2.03188E-12  2.03778E-12  2.04425E-12
  2.05097E-12  2.05764E-12  2.06408E-12  2.07021E-12  2.07616E-12  2.08230E-12
  2.08924E-12  2.09791E-12  2.10957E-12  2.12585E-12  2.14881E-12  2.18098E-12
  2.22547E-12  2.28612E-12  2.36771E-12  2.47631E-12  2.61973E-12  2.80825E-12
  3.05568E-12  3.38093E-12  3.81031E-12  4.38111E-12  5.14700E-12  6.18647E-12
  7.61608E-12  9.61140E-12  1.24407E-11  1.65196E-11  2.24995E-11  3.14134E-11
  4.49146E-11  6.56678E-11  9.79874E-11  1.48866E-10  2.29607E-10  3.58346E-10
  5.63811E-10  8.90660E-10  1.40651E-09  2.21028E-09  3.44032E-09  5.27951E-09

  3.49202E-12  3.49332E-12  3.49652E-12  3.50158E-12  3.50828E-12  3.51627E-12
  3.52507E-12  3.53420E-12  3.54324E-12  3.55190E-12  3.56009E-12  3.56804E-12
  3.57637E-12  3.58611E-12  3.59883E-12  3.61666E-12  3.64237E-12  3.67943E-12
  3.73215E-12  3.80582E-12  3.90699E-12  4.04379E-12  4.22656E-12  4.46862E-12
  4.78752E-12  5.20681E-12  5.75871E-12  6.48816E-12  7.45877E-12  8.76220E-12
  1.05325E-11  1.29685E-11  1.63699E-11  2.11940E-11  2.81481E-11  3.83390E-11
  5.35161E-11  7.64670E-11  1.11659E-10  1.66271E-10  2.51822E-10  3.86688E-10
  5.99867E-10  9.36325E-10  1.46406E-09  2.28250E-09  3.53056E-09  5.39118E-09

  5.97832E-12  5.97504E-12  5.97394E-12  5.97562E-12  5.98028E-12  5.98781E-12
  5.99776E-12  6.00951E-12  6.02235E-12  6.03562E-12  6.04884E-12  6.06185E-12
  6.07500E-12  6.08924E-12  6.10624E-12  6.12856E-12  6.15973E-12  6.20435E-12
  6.26826E-12  6.35873E-12  6.48472E-12  6.65736E-12  6.89051E-12  7.20178E-12
  7.61391E-12  8.15683E-12  8.87073E-12  9.81064E-12  1.10532E-11  1.27069E-11
  1.49281E-11  1.79451E-11  2.20969E-11  2.78929E-11  3.61099E-11  4.79461E-11
  6.52707E-11  9.10251E-11  1.29870E-10  1.89221E-10  2.80874E-10  4.23522E-10
  6.46512E-10  9.95191E-10  1.53800E-09  2.37487E-09  3.64523E-09  5.53197E-09

  1.01466E-11  1.01319E-11  1.01190E-11  1.01100E-11  1.01064E-11  1.01089E-11
  1.01176E-11  1.01319E-11  1.01508E-11  1.01733E-11  1.01980E-11  1.02241E-11
  1.02512E-11  1.02795E-11  1.03105E-11  1.03468E-11  1.03924E-11  1.04531E-11
  1.05366E-11  1.06525E-11  1.08131E-11  1.10337E-11  1.13331E-11  1.17349E-11
  1.22692E-11  1.29748E-11  1.39028E-11  1.51218E-11  1.67255E-11  1.88446E-11
  2.16639E-11  2.54494E-11  3.05891E-11  3.76579E-11  4.75189E-11  6.14841E-11
  8.15709E-11  1.10912E-10  1.54411E-10  2.19781E-10  3.19172E-10  4.71687E-10
  7.07117E-10  1.07128E-09  1.63312E-09  2.49306E-09  3.79093E-09  5.70931E-09

  1.71019E-11  1.70640E-11  1.70259E-11  1.69931E-11  1.69698E-11  1.69589E-11
  1.69618E-11  1.69784E-11  1.70080E-11  1.70486E-11  1.70980E-11  1.71539E-11
  1.72143E-11  1.72780E-11  1.73453E-11  1.74179E-11  1.74997E-11  1.75974E-11
  1.77202E-11  1.78807E-11  1.80955E-11  1.83850E-11  1.87752E-11  1.92982E-11
  1.99942E-11  2.09146E-11  2.21255E-11  2.37141E-11  2.57972E-11  2.85345E-11
  3.21480E-11  3.69515E-11  4.33958E-11  5.21378E-11  6.41480E-11  8.08797E-11
  1.04534E-10  1.38482E-10  1.87926E-10  2.60951E-10  3.70157E-10  5.35160E-10
  7.86314E-10  1.17002E-09  1.75577E-09  2.64446E-09  3.97611E-09  5.93257E-09

  2.86970E-11  2.86178E-11  2.85339E-11  2.84566E-11  2.83954E-11  2.83575E-11
  2.83472E-11  2.83664E-11  2.84146E-11  2.84895E-11  2.85872E-11  2.87033E-11
  2.88331E-11  2.89726E-11  2.91191E-11  2.92722E-11  2.94343E-11  2.96116E-11
  2.98145E-11  3.00586E-11  3.03649E-11  3.07612E-11  3.12824E-11  3.19724E-11
  3.28860E-11  3.40918E-11  3.56773E-11  3.77551E-11  4.04736E-11  4.40313E-11
  4.86990E-11  5.48529E-11  6.30235E-11  7.39712E-11  8.88016E-11  1.09143E-10
  1.37424E-10  1.77308E-10  2.34369E-10  3.17153E-10  4.38812E-10  6.19602E-10
  8.90574E-10  1.29883E-09  1.91447E-09  2.83877E-09  4.21165E-09  6.21369E-09

  4.80888E-11  4.79445E-11  4.77863E-11  4.76356E-11  4.75110E-11  4.74269E-11
  4.73934E-11  4.74159E-11  4.74957E-11  4.76302E-11  4.78139E-11  4.80391E-11
  4.82970E-11  4.85788E-11  4.88769E-11  4.91861E-11  4.95052E-11  4.98378E-11
  5.01942E-11  5.05918E-11  5.10569E-11  5.16251E-11  5.23435E-11  5.32715E-11
  5.44836E-11  5.60732E-11  5.81569E-11  6.08832E-11  6.44436E-11  6.90891E-11
  7.51558E-11  8.31012E-11  9.35589E-11  1.07421E-10  1.25963E-10  1.51030E-10
  1.85334E-10  2.32896E-10  2.99745E-10  3.94989E-10  5.32457E-10  7.33183E-10
  1.02906E-09  1.46800E-09  2.12076E-09  3.08889E-09  4.51178E-09  6.56799E-09

  8.07435E-11  8.05097E-11  8.02461E-11  7.99892E-11  7.97710E-11  7.96178E-11
  7.95489E-11  7.95762E-11  7.97046E-11  7.99323E-11  8.02524E-11  8.06531E-11
  8.11202E-11  8.16378E-11  8.21907E-11  8.27663E-11  8.33564E-11  8.39595E-11
  8.45829E-11  8.52445E-11  8.59750E-11  8.68193E-11  8.78388E-11  8.91132E-11
  9.07434E-11  9.28560E-11  9.56085E-11  9.91986E-11  1.03877E-10  1.09967E-10
  1.17891E-10  1.28214E-10  1.41705E-10  1.59424E-10  1.82860E-10  2.14131E-10
  2.56295E-10  3.13814E-10  3.93268E-10  5.04444E-10  6.61984E-10  8.87848E-10
  1.21492E-09  1.69203E-09  2.39060E-09  3.41223E-09  4.89527E-09  7.01535E-09

  1.36264E-10  1.35931E-10  1.35545E-10  1.35159E-10  1.34824E-10  1.34582E-10
  1.34466E-10  1.34497E-10  1.34688E-10  1.35039E-10  1.35542E-10  1.36183E-10
  1.36942E-10  1.37793E-10  1.38713E-10  1.39678E-10  1.40671E-10  1.41682E-10
  1.42714E-10  1.43782E-10  1.44921E-10  1.46186E-10  1.47654E-10  1.49432E-10
  1.51653E-10  1.54488E-10  1.58149E-10  1.62900E-10  1.69074E-10  1.77089E-10
  1.87486E-10  2.00973E-10  2.18492E-10  2.41321E-10  2.71218E-10  3.10644E-10
  3.63081E-10  4.33527E-10  5.29226E-10  6.60775E-10  8.43770E-10  1.10125E-09
  1.46722E-09  1.99153E-09  2.74618E-09  3.83254E-09  5.38725E-09  7.58183E-09

  2.31671E-10  2.31286E-10  2.30813E-10  2.30322E-10  2.29883E-10  2.29554E-10
  2.29383E-10  2.29405E-10  2.29642E-10  2.30101E-10  2.30779E-10  2.31659E-10
  2.32717E-10  2.33924E-10  2.35246E-10  2.36652E-10  2.38116E-10  2.39620E-10
  2.41160E-10  2.42752E-10  2.44433E-10  2.46271E-10  2.48362E-10  2.50842E-10
  2.53888E-10  2.57725E-10  2.62635E-10  2.68970E-10  2.77167E-10  2.87774E-10
  3.01487E-10  3.19198E-10  3.42079E-10  3.71685E-10  4.10116E-10  4.60255E-10
  5.26109E-10  6.13321E-10  7.29925E-10  8.87464E-10  1.10264E-09  1.39971E-09
  1.81391E-09  2.39610E-09  3.21876E-09  4.38258E-09  6.02162E-09  8.30201E-09

  3.97140E-10  3.96880E-10  3.96492E-10  3.96044E-10  3.95608E-10  3.95250E-10
  3.95026E-10  3.94985E-10  3.95160E-10  3.95572E-10  3.96226E-10  3.97117E-10
  3.98229E-10  3.99538E-10  4.01014E-10  4.02630E-10  4.04360E-10  4.06188E-10
  4.08114E-10  4.10160E-10  4.12372E-10  4.14834E-10  4.17668E-10  4.21045E-10
  4.25191E-10  4.30398E-10  4.37032E-10  4.45551E-10  4.56525E-10  4.70664E-10
  4.88861E-10  5.12250E-10  5.42290E-10  5.80888E-10  6.30574E-10  6.94751E-10
  7.78062E-10  8.86921E-10  1.03029E-09  1.22080E-09  1.47639E-09  1.82265E-09
  2.29609E-09  2.94855E-09  3.85268E-09  5.10790E-09  6.84465E-09  9.22217E-09

  6.85397E-10  6.85692E-10  6.85830E-10  6.85820E-10  6.85689E-10  6.85471E-10
  6.85210E-10  6.84951E-10  6.84737E-10  6.84611E-10  6.84607E-10  6.84755E-10
  6.85074E-10  6.85581E-10  6.86284E-10  6.87192E-10  6.88315E-10  6.89669E-10
  6.91283E-10  6.93207E-10  6.95516E-10  6.98324E-10  7.01787E-10  7.06120E-10
  7.11604E-10  7.18603E-10  7.27577E-10  7.39105E-10  7.53911E-10  7.72897E-10
  7.97196E-10  8.28235E-10  8.67830E-10  9.18324E-10  9.82770E-10  1.06521E-09
  1.17103E-09  1.30757E-09  1.48485E-09  1.71672E-09  2.02248E-09  2.42911E-09
  2.97437E-09  3.71087E-09  4.71102E-09  6.07215E-09  7.91988E-09  1.04049E-08

  1.18508E-09  1.18672E-09  1.18821E-09  1.18940E-09  1.19016E-09  1.19041E-09
  1.19012E-09  1.18931E-09  1.18801E-09  1.18630E-09  1.18426E-09  1.18202E-09
  1.17969E-09  1.17740E-09  1.17525E-09  1.17337E-09  1.17188E-09  1.17087E-09
  1.17047E-09  1.17080E-09  1.17200E-09  1.17423E-09  1.17771E-09  1.18271E-09
  1.18956E-09  1.19870E-09  1.21069E-09  1.22623E-09  1.24620E-09  1.27173E-09
  1.30421E-09  1.34541E-09  1.39757E-09  1.46356E-09  1.54704E-09  1.65280E-09
  1.78715E-09  1.95844E-09  2.17789E-09  2.46071E-09  2.82760E-09  3.30693E-09
  3.93757E-09  4.77256E-09  5.88343E-09  7.36446E-09  9.33499E-09  1.19356E-08

h20+he+->h2+ + he+ + e
  7.49137E-17  3.74974E-16  1.62889E-15  6.19296E-15  2.08000E-14  6.23165E-14
  1.68174E-13  4.12733E-13  9.29576E-13  1.93773E-12  3.76779E-12  6.88214E-12
  1.18833E-11  1.95046E-11  3.05789E-11  4.59854E-11  6.65746E-11  9.30816E-11
  1.26036E-10  1.65688E-10  2.11961E-10  2.64451E-10  3.22486E-10  3.85230E-10
  4.51842E-10  5.21654E-10  5.94367E-10  6.70233E-10  7.50226E-10  8.36203E-10
  9.31076E-10  1.03904E-09  1.16591E-09  1.31958E-09  1.51082E-09  1.75439E-09
  2.07070E-09  2.48827E-09  3.04711E-09  3.80352E-09  4.83629E-09  6.25431E-09
  8.20474E-09  1.08790E-08  1.45119E-08  1.93637E-08  2.56744E-08  3.35750E-08

  2.16245E-16  8.84079E-16  3.23829E-15  1.06774E-14  3.18752E-14  8.67142E-14
  2.16430E-13  4.98996E-13  1.06981E-12  2.14629E-12  4.05306E-12  7.24295E-12
  1.23078E-11  1.99726E-11  3.10685E-11  4.64814E-11  6.70773E-11  9.36125E-11
  1.26639E-10  1.66421E-10  2.12889E-10  2.65634E-10  3.23962E-10  3.87012E-10
  4.53912E-10  5.23967E-10  5.96859E-10  6.72830E-10  7.52853E-10  8.38789E-10
  9.33561E-10  1.04137E-09  1.16803E-09  1.32145E-09  1.51237E-09  1.75554E-09
  2.07135E-09  2.48826E-09  3.04627E-09  3.80169E-09  4.83340E-09  6.25058E-09
  8.20101E-09  1.08774E-08  1.45163E-08  1.93807E-08  2.57123E-08  3.36399E-08

  6.43086E-16  2.16699E-15  6.72591E-15  1.92657E-14  5.10855E-14  1.25885E-13
  2.89534E-13  6.24376E-13  1.26819E-12  2.43682E-12  4.44798E-12  7.74212E-12
  1.28949E-11  2.06153E-11  3.17225E-11  4.70999E-11  6.76231E-11  9.40704E-11
  1.27026E-10  1.66791E-10  2.13330E-10  2.66257E-10  3.24892E-10  3.88363E-10
  4.55776E-10  5.26399E-10  5.99868E-10  6.76377E-10  7.56851E-10  8.43106E-10
  9.38024E-10  1.04577E-09  1.17210E-09  1.32488E-09  1.51480E-09  1.75652E-09
  2.07033E-09  2.48463E-09  3.03938E-09  3.79098E-09  4.81872E-09  6.23278E-09
  8.18294E-09  1.08654E-08  1.45220E-08  1.94218E-08  2.58092E-08  3.38033E-08

  1.93748E-15  5.44449E-15  1.44286E-14  3.60588E-14  8.50724E-14  1.89837E-13
  4.01640E-13  8.07847E-13  1.54909E-12  2.83982E-12  4.99030E-12  8.42676E-12
  1.37049E-11  2.15106E-11  3.26427E-11  4.79713E-11  6.83727E-11  9.46426E-11
  1.27400E-10  1.66996E-10  2.13450E-10  2.66429E-10  3.25290E-10  3.89182E-10
  4.57199E-10  5.28574E-10  6.02885E-10  6.80250E-10  7.61510E-10  8.48395E-10
  9.43702E-10  1.05151E-09  1.17750E-09  1.32943E-09  1.51789E-09  1.75742E-09
  2.06817E-09  2.47841E-09  3.02805E-09  3.77364E-09  4.79508E-09  6.20403E-09
  8.15328E-09  1.08443E-08  1.45268E-08  1.94787E-08  2.59483E-08  3.40394E-08

  5.82191E-15  1.38322E-14  3.16063E-14  6.93634E-14  1.46160E-13  2.95843E-13
  5.75764E-13  1.07877E-12  1.94864E-12  3.39855E-12  5.73108E-12  9.35716E-12
  1.48098E-11  2.27471E-11  3.39393E-11  4.92338E-11  6.94966E-11  9.55323E-11
  1.27991E-10  1.67276E-10  2.13476E-10  2.66332E-10  3.25265E-10  3.89469E-10
  4.58049E-10  5.30216E-10  6.05488E-10  6.83896E-10  7.66172E-10  8.53932E-10
  9.49852E-10  1.05789E-09  1.18361E-09  1.33465E-09  1.52145E-09  1.75838E-09
  2.06544E-09  2.47073E-09  3.01408E-09  3.75220E-09  4.76567E-09  6.16793E-09
  8.11539E-09  1.08159E-08  1.45287E-08  1.95428E-08  2.61119E-08  3.43207E-08

  1.72036E-14  3.50859E-14  6.99188E-14  1.35864E-13  2.57129E-13  4.73693E-13
  8.49381E-13  1.48270E-12  2.52064E-12  4.17506E-12  6.74074E-12  1.06127E-11
  1.62996E-11  2.44284E-11  3.57346E-11  5.10339E-11  7.11714E-11  9.69492E-11
  1.29039E-10  1.67895E-10  2.13676E-10  2.66210E-10  3.25006E-10  3.89324E-10
  4.58311E-10  5.31173E-10  6.07382E-10  6.86883E-10  7.70293E-10  8.59091E-10
  9.55812E-10  1.06427E-09  1.18988E-09  1.34013E-09  1.52529E-09  1.75956E-09
  2.06273E-09  2.46272E-09  2.99925E-09  3.72915E-09  4.73370E-09  6.12817E-09
  8.07276E-09  1.07822E-08  1.45264E-08  1.96066E-08  2.62830E-08  3.46203E-08

  4.93722E-14  8.78298E-14  1.54580E-13  2.68530E-13  4.59668E-13  7.74474E-13
  1.28334E-12  2.09030E-12  3.34530E-12  5.25871E-12  8.11731E-12  1.22999E-11
  1.82900E-11  2.66807E-11  3.81687E-11  5.35309E-11  7.35811E-11  9.91068E-11
  1.30790E-10  1.69124E-10  2.14337E-10  2.66347E-10  3.24764E-10  3.88939E-10
  4.58084E-10  5.31428E-10  6.08420E-10  6.88934E-10  7.73476E-10  8.63388E-10
  9.61047E-10  1.07011E-09  1.19582E-09  1.34551E-09  1.52926E-09  1.76109E-09
  2.06057E-09  2.45540E-09  2.98517E-09  3.70679E-09  4.70215E-09  6.08820E-09
  8.02884E-09  1.07456E-08  1.45190E-08  1.96635E-08  2.64464E-08  3.49134E-08

  1.36154E-13  2.14756E-13  3.38285E-13  5.30933E-13  8.28759E-13  1.28476E-12
  1.97564E-12  3.01053E-12  4.54184E-12  6.77802E-12  9.99757E-12  1.45629E-11
  2.09316E-11  2.96620E-11  4.14087E-11  5.69040E-11  7.69221E-11  1.02224E-10
  1.33490E-10  1.71238E-10  2.15757E-10  2.67053E-10  3.24842E-10  3.88581E-10
  4.57570E-10  5.31095E-10  6.08608E-10  6.89939E-10  7.75502E-10  8.66509E-10
  9.65184E-10  1.07502E-09  1.20109E-09  1.35053E-09  1.53327E-09  1.76311E-09
  2.05940E-09  2.44963E-09  2.97321E-09  3.68706E-09  4.67355E-09  6.05105E-09
  7.98673E-09  1.07084E-08  1.45065E-08  1.97084E-08  2.65895E-08  3.51787E-08

  3.57631E-13  5.08369E-13  7.26518E-13  1.04172E-12  1.49605E-12  2.14868E-12
  3.08211E-12  4.40987E-12  6.28614E-12  8.91685E-12  1.25718E-11  1.75966E-11
  2.44230E-11  3.35733E-11  4.56583E-11  6.13619E-11  8.14117E-11  1.06533E-10
  1.37389E-10  1.74512E-10  2.18237E-10  2.68649E-10  3.25569E-10  3.88570E-10
  4.57061E-10  5.30406E-10  6.08100E-10  6.89958E-10  7.76331E-10  8.68325E-10
  9.68024E-10  1.07876E-09  1.20543E-09  1.35502E-09  1.53724E-09  1.76570E-09
  2.05955E-09  2.44604E-09  2.96440E-09  3.67148E-09  4.64991E-09  6.01918E-09
  7.94909E-09  1.06727E-08  1.44894E-08  1.97382E-08  2.67027E-08  3.53994E-08

  8.88551E-13  1.15642E-12  1.51977E-12  2.01354E-12  2.68545E-12  3.60035E-12
  4.84576E-12  6.53882E-12  8.83460E-12  1.19357E-11  1.61026E-11  2.16639E-11
  2.90248E-11  3.86718E-11  5.11704E-11  6.71538E-11  8.72981E-11  1.12285E-10
  1.42751E-10  1.79226E-10  2.22079E-10  2.71462E-10  3.27294E-10  3.89266E-10
  4.56908E-10  5.29690E-10  6.07174E-10  6.89201E-10  7.76096E-10  8.68885E-10
  9.69542E-10  1.08125E-09  1.20876E-09  1.35886E-09  1.54112E-09  1.76893E-09
  2.06124E-09  2.44509E-09  2.95947E-09  3.66110E-09  4.63270E-09  5.99444E-09
  7.91804E-09  1.06406E-08  1.44687E-08  1.97513E-08  2.67803E-08  3.55642E-08

  2.07745E-12  2.51288E-12  3.07691E-12  3.80941E-12  4.76324E-12  6.00822E-12
  7.63605E-12  9.76648E-12  1.25544E-11  1.61981E-11  2.09479E-11  2.71147E-11
  3.50772E-11  4.52855E-11  5.82598E-11  7.45809E-11  9.48710E-11  1.19762E-10
  1.49855E-10  1.85669E-10  2.27588E-10  2.75821E-10  3.30372E-10  3.91050E-10
  4.57509E-10  5.29342E-10  6.06208E-10  6.88008E-10  7.75075E-10  8.68402E-10
  9.69875E-10  1.08257E-09  1.21108E-09  1.36206E-09  1.54490E-09  1.77282E-09
  2.06458E-09  2.44698E-09  2.95880E-09  3.65653E-09  4.62280E-09  5.97806E-09
  7.89511E-09  1.06137E-08  1.44457E-08  1.97477E-08  2.68196E-08  3.56669E-08

  4.55499E-12  5.19265E-12  5.99788E-12  7.01493E-12  8.30104E-12  9.93003E-12
  1.19967E-11  1.46220E-11  1.79594E-11  2.22013E-11  2.75869E-11  3.44086E-11
  4.30179E-11  5.38287E-11  6.73159E-11  8.40082E-11  1.04472E-10  1.29287E-10
  1.59013E-10  1.94145E-10  2.35077E-10  2.82055E-10  3.35162E-10  3.94311E-10
  4.59283E-10  5.29803E-10  6.05649E-10  6.86810E-10  7.73669E-10  8.67218E-10
  9.69301E-10  1.08291E-09  1.21253E-09  1.36468E-09  1.54860E-09  1.77736E-09
  2.06953E-09  2.45173E-09  2.96246E-09  3.65796E-09  4.62058E-09  5.97064E-09
  7.88125E-09  1.05934E-08  1.44220E-08  1.97292E-08  2.68215E-08  3.57067E-08

  9.34851E-12  1.01721E-11  1.12118E-11  1.25154E-11  1.41431E-11  1.61713E-11
  1.86961E-11  2.18379E-11  2.57467E-11  3.06073E-11  3.66460E-11  4.41354E-11
  5.33995E-11  6.48160E-11  7.88151E-11  9.58739E-11  1.16504E-10  1.41231E-10
  1.70569E-10  2.04987E-10  2.44873E-10  2.90503E-10  3.42022E-10  3.99440E-10
  4.62659E-10  5.31536E-10  6.05985E-10  6.86104E-10  7.72358E-10  8.65778E-10
  9.68203E-10  1.08258E-09  1.21332E-09  1.36683E-09  1.55224E-09  1.78249E-09
  2.07599E-09  2.45915E-09  2.97026E-09  3.66519E-09  4.62592E-09  5.97224E-09
  7.87684E-09  1.05807E-08  1.43995E-08  1.96985E-08  2.67896E-08  3.56875E-08

  1.79521E-11  1.88561E-11  2.00397E-11  2.15532E-11  2.34583E-11  2.58317E-11
  2.87683E-11  3.23854E-11  3.68268E-11  4.22674E-11  4.89184E-11  5.70315E-11
  6.69021E-11  7.88720E-11  9.33278E-11  1.10696E-10  1.31436E-10  1.56019E-10
  1.84913E-10  2.18555E-10  2.57323E-10  3.01512E-10  3.51315E-10  4.06826E-10
  4.68061E-10  5.35008E-10  6.07716E-10  6.86414E-10  7.71670E-10  8.64588E-10
  9.67041E-10  1.08197E-09  1.21374E-09  1.36871E-09  1.55590E-09  1.78815E-09
  2.08374E-09  2.46892E-09  2.98173E-09  3.67771E-09  4.63827E-09  5.98243E-09
  7.88176E-09  1.05760E-08  1.43798E-08  1.96590E-08  2.67297E-08  3.56170E-08

  3.22831E-11  3.30546E-11  3.41858E-11  3.57295E-11  3.77477E-11  4.03155E-11
  4.35241E-11  4.74848E-11  5.23324E-11  5.82295E-11  6.53701E-11  7.39830E-11
  8.43352E-11  9.67324E-11  1.11519E-10  1.29074E-10  1.49804E-10  1.74132E-10
  2.02479E-10  2.35248E-10  2.72801E-10  3.15443E-10  3.63407E-10  4.16857E-10
  4.75910E-10  5.40676E-10  6.11342E-10  6.88270E-10  7.72153E-10  8.64190E-10
  9.66320E-10  1.08151E-09  1.21414E-09  1.37052E-09  1.55963E-09  1.79423E-09
  2.09252E-09  2.48059E-09  2.99627E-09  3.69472E-09  4.65676E-09  6.00035E-09
  7.89545E-09  1.05795E-08  1.43646E-08  1.96149E-08  2.66493E-08  3.55059E-08

  5.44726E-11  5.48212E-11  5.56138E-11  5.69094E-11  5.87721E-11  6.12756E-11
  6.45070E-11  6.85702E-11  7.35897E-11  7.97137E-11  8.71179E-11  9.60078E-11
  1.06621E-10  1.19230E-10  1.34137E-10  1.51677E-10  1.72208E-10  1.96104E-10
  2.23744E-10  2.55496E-10  2.91704E-10  3.32675E-10  3.78671E-10  4.29917E-10
  4.86613E-10  5.48984E-10  6.17343E-10  6.92190E-10  7.74346E-10  8.65127E-10
  9.66562E-10  1.08168E-09  1.21490E-09  1.37253E-09  1.56354E-09  1.80066E-09
  2.10203E-09  2.49363E-09  3.01311E-09  3.71527E-09  4.68024E-09  6.02482E-09
  7.91698E-09  1.05911E-08  1.43554E-08  1.95705E-08  2.65567E-08  3.53666E-08

  8.64921E-11  8.61396E-11  8.62862E-11  8.70064E-11  8.83738E-11  9.04666E-11
  9.33716E-11  9.71883E-11  1.02033E-10  1.08041E-10  1.15370E-10  1.24204E-10
  1.34755E-10  1.47259E-10  1.61984E-10  1.79222E-10  1.99286E-10  2.22507E-10
  2.49220E-10  2.79762E-10  3.14455E-10  3.53605E-10  3.97493E-10  4.46389E-10
  5.00570E-10  5.60355E-10  6.26177E-10  6.98664E-10  7.78769E-10  8.67930E-10
  9.68285E-10  1.08295E-09  1.21641E-09  1.37501E-09  1.56776E-09  1.80738E-09
  2.11198E-09  2.50751E-09  3.03144E-09  3.73825E-09  4.70741E-09  6.05446E-09
  7.94514E-09  1.06103E-08  1.43533E-08  1.95299E-08  2.64604E-08  3.52125E-08

  1.29704E-10  1.28514E-10  1.27797E-10  1.27659E-10  1.28195E-10  1.29501E-10
  1.31674E-10  1.34819E-10  1.39052E-10  1.44503E-10  1.51318E-10  1.59663E-10
  1.69726E-10  1.81717E-10  1.95869E-10  2.12436E-10  2.31693E-10  2.53927E-10
  2.79437E-10  3.08527E-10  3.41496E-10  3.78642E-10  4.20262E-10  4.66660E-10
  5.18170E-10  5.75198E-10  6.38277E-10  7.08154E-10  7.85908E-10  8.73102E-10
  9.71990E-10  1.08580E-09  1.21908E-09  1.37828E-09  1.57245E-09  1.81435E-09
  2.12213E-09  2.52170E-09  3.05045E-09  3.76257E-09  4.73692E-09  6.08777E-09
  7.97860E-09  1.06364E-08  1.43593E-08  1.94971E-08  2.63689E-08  3.50567E-08

  1.84477E-10  1.82572E-10  1.80985E-10  1.79861E-10  1.79334E-10  1.79536E-10
  1.80592E-10  1.82630E-10  1.85782E-10  1.90183E-10  1.95981E-10  2.03334E-10
  2.12415E-10  2.23413E-10  2.36534E-10  2.52000E-10  2.70050E-10  2.90934E-10
  3.14917E-10  3.42269E-10  3.73269E-10  4.08204E-10  4.47375E-10  4.91112E-10
  5.39796E-10  5.93901E-10  6.54048E-10  7.21088E-10  7.96216E-10  8.81114E-10
  9.78156E-10  1.09068E-09  1.22334E-09  1.38268E-09  1.57783E-09  1.82165E-09
  2.13232E-09  2.53581E-09  3.06944E-09  3.78723E-09  4.76747E-09  6.12329E-09
  8.01596E-09  1.06687E-08  1.43740E-08  1.94755E-08  2.62896E-08  3.49115E-08

  2.50014E-10  2.47825E-10  2.45640E-10  2.43644E-10  2.42023E-10  2.40960E-10
  2.40630E-10  2.41206E-10  2.42854E-10  2.45738E-10  2.50023E-10  2.55874E-10
  2.63461E-10  2.72964E-10  2.84570E-10  2.98476E-10  3.14891E-10  3.34035E-10
  3.56138E-10  3.81443E-10  4.10204E-10  4.42697E-10  4.79221E-10  5.20124E-10
  5.65821E-10  6.16840E-10  6.73875E-10  7.37869E-10  8.10116E-10  8.92410E-10
  9.87238E-10  1.09805E-09  1.22962E-09  1.38860E-09  1.58421E-09  1.82942E-09
  2.14253E-09  2.54957E-09  3.08789E-09  3.81139E-09  4.79796E-09  6.15972E-09
  8.05595E-09  1.07064E-08  1.43979E-08  1.94678E-08  2.62291E-08  3.47874E-08

  3.24455E-10  3.22663E-10  3.20415E-10  3.17926E-10  3.15430E-10  3.13168E-10
  3.11385E-10  3.10314E-10  3.10181E-10  3.11199E-10  3.13569E-10  3.17482E-10
  3.23124E-10  3.30675E-10  3.40316E-10  3.52228E-10  3.66599E-10  3.83621E-10
  4.03498E-10  4.26445E-10  4.52695E-10  4.82506E-10  5.16178E-10  5.54064E-10
  5.96607E-10  6.44377E-10  6.98128E-10  7.58877E-10  8.28007E-10  9.07411E-10
  9.99680E-10  1.10837E-09  1.23838E-09  1.39645E-09  1.59195E-09  1.83796E-09
  2.15291E-09  2.56296E-09  3.10555E-09  3.83456E-09  4.82761E-09  6.19609E-09
  8.09756E-09  1.07486E-08  1.44312E-08  1.94763E-08  2.61925E-08  3.46932E-08

  4.05241E-10  4.04620E-10  4.03001E-10  4.00594E-10  3.97666E-10  3.94515E-10
  3.91453E-10  3.88790E-10  3.86824E-10  3.85834E-10  3.86076E-10  3.87785E-10
  3.91176E-10  3.96446E-10  4.03780E-10  4.13355E-10  4.25346E-10  4.39925E-10
  4.57273E-10  4.77584E-10  5.01070E-10  5.27976E-10  5.58593E-10  5.93282E-10
  6.32506E-10  6.76866E-10  7.27166E-10  7.84485E-10  8.50281E-10  9.26532E-10
  1.01592E-09  1.12212E-09  1.25010E-09  1.40675E-09  1.60155E-09  1.84772E-09
  2.16384E-09  2.57624E-09  3.12252E-09  3.85663E-09  4.85611E-09  6.23186E-09
  8.14019E-09  1.07951E-08  1.44742E-08  1.95025E-08  2.61838E-08  3.46354E-08

  4.89612E-10  4.90830E-10  4.90507E-10  4.88819E-10  4.86036E-10  4.82492E-10
  4.78556E-10  4.74608E-10  4.71022E-10  4.68149E-10  4.66310E-10  4.65793E-10
  4.66853E-10  4.69717E-10  4.74585E-10  4.81640E-10  4.91049E-10  5.02976E-10
  5.17586E-10  5.35055E-10  5.55579E-10  5.79391E-10  6.06780E-10  6.38110E-10
  6.73858E-10  7.14657E-10  7.61350E-10  8.15069E-10  8.77337E-10  9.50206E-10
  1.03644E-09  1.13980E-09  1.26537E-09  1.42012E-09  1.61367E-09  1.85937E-09
  2.17599E-09  2.59003E-09  3.13932E-09  3.87800E-09  4.88371E-09  6.26715E-09
  8.18381E-09  1.08458E-08  1.45272E-08  1.95476E-08  2.62054E-08  3.46184E-08

  5.75112E-10  5.78543E-10  5.79986E-10  5.79550E-10  5.77480E-10  5.74115E-10
  5.69859E-10  5.65144E-10  5.60401E-10  5.56046E-10  5.52458E-10  5.49979E-10
  5.48908E-10  5.49503E-10  5.51985E-10  5.56550E-10  5.63366E-10  5.72595E-10
  5.84392E-10  5.98923E-10  6.16375E-10  6.36976E-10  6.61011E-10  6.88855E-10
  7.21001E-10  7.58109E-10  8.01060E-10  8.51034E-10  9.09611E-10  9.78907E-10
  1.06176E-09  1.16201E-09  1.28482E-09  1.43728E-09  1.62911E-09  1.87381E-09
  2.19031E-09  2.60534E-09  3.15699E-09  3.89969E-09  4.91136E-09  6.30278E-09
  8.22914E-09  1.09014E-08  1.45908E-08  1.96122E-08  2.62585E-08  3.46440E-08

  6.59983E-10  6.65599E-10  6.68944E-10  6.70049E-10  6.69109E-10  6.66444E-10
  6.62459E-10  6.57604E-10  6.52345E-10  6.47133E-10  6.42388E-10  6.38489E-10
  6.35767E-10  6.34507E-10  6.34950E-10  6.37301E-10  6.41737E-10  6.48419E-10
  6.57500E-10  6.69142E-10  6.83531E-10  7.00896E-10  7.21530E-10  7.45821E-10
  7.74285E-10  8.07611E-10  8.46721E-10  8.92842E-10  9.47607E-10  1.01319E-09
  1.09251E-09  1.18945E-09  1.30928E-09  1.45916E-09  1.64893E-09  1.89222E-09
  2.20813E-09  2.62364E-09  3.17711E-09  3.92339E-09  4.94077E-09  6.34045E-09
  8.27776E-09  1.09631E-08  1.46658E-08  1.96971E-08  2.63433E-08  3.47124E-08

  7.43400E-10  7.50752E-10  7.55756E-10  7.58368E-10  7.58728E-10  7.57115E-10
  7.53907E-10  7.49538E-10  7.44469E-10  7.39153E-10  7.34018E-10  7.29451E-10
  7.25794E-10  7.23340E-10  7.22336E-10  7.22992E-10  7.25487E-10  7.29981E-10
  7.36630E-10  7.45597E-10  7.57074E-10  7.71299E-10  7.88583E-10  8.09335E-10
  8.34104E-10  8.63617E-10  8.98842E-10  9.41057E-10  9.91952E-10  1.05376E-09
  1.12946E-09  1.22301E-09  1.33975E-09  1.48692E-09  1.67445E-09  1.91612E-09
  2.23119E-09  2.64689E-09  3.20190E-09  3.95150E-09  4.97455E-09  6.38285E-09
  8.33226E-09  1.10332E-08  1.47542E-08  1.98029E-08  2.64594E-08  3.48219E-08

  8.25556E-10  8.33845E-10  8.39917E-10  8.43682E-10  8.45229E-10  8.44788E-10
  8.42686E-10  8.39315E-10  8.35091E-10  8.30432E-10  8.25734E-10  8.21358E-10
  8.17623E-10  8.14803E-10  8.13132E-10  8.12805E-10  8.13992E-10  8.16849E-10
  8.21529E-10  8.28200E-10  8.37064E-10  8.48377E-10  8.62476E-10  8.79806E-10
  9.00957E-10  9.26707E-10  9.58077E-10  9.96409E-10  1.04345E-09  1.10152E-09
  1.17363E-09  1.26382E-09  1.37751E-09  1.52201E-09  1.70735E-09  1.94744E-09
  2.26171E-09  2.67762E-09  3.23422E-09  3.98725E-09  5.01622E-09  6.43372E-09
  8.39642E-09  1.11153E-08  1.48584E-08  1.99308E-08  2.66058E-08  3.49698E-08

  9.07647E-10  9.15843E-10  9.22147E-10  9.26454E-10  9.28821E-10  9.29429E-10
  9.28547E-10  9.26498E-10  9.23627E-10  9.20281E-10  9.16787E-10  9.13443E-10
  9.10512E-10  9.08216E-10  9.06745E-10  9.06261E-10  9.06905E-10  9.08814E-10
  9.12133E-10  9.17029E-10  9.23718E-10  9.32479E-10  9.43683E-10  9.57820E-10
  9.75535E-10  9.97669E-10  1.02531E-09  1.05988E-09  1.10320E-09  1.15765E-09
  1.22633E-09  1.31336E-09  1.42421E-09  1.56630E-09  1.74975E-09  1.98859E-09
  2.30245E-09  2.71901E-09  3.27770E-09  4.03474E-09  5.07034E-09  6.49796E-09
  8.47527E-09  1.12141E-08  1.49824E-08  2.00828E-08  2.67821E-08  3.51526E-08

  9.91812E-10  9.98801E-10  1.00438E-09  1.00847E-09  1.01111E-09  1.01245E-09
  1.01269E-09  1.01207E-09  1.01086E-09  1.00929E-09  1.00761E-09  1.00601E-09
  1.00467E-09  1.00373E-09  1.00331E-09  1.00351E-09  1.00442E-09  1.00613E-09
  1.00878E-09  1.01253E-09  1.01759E-09  1.02427E-09  1.03298E-09  1.04427E-09
  1.05885E-09  1.07763E-09  1.10180E-09  1.13284E-09  1.17269E-09  1.22379E-09
  1.28936E-09  1.37357E-09  1.48202E-09  1.62219E-09  1.80434E-09  2.04262E-09
  2.35685E-09  2.77499E-09  3.33680E-09  4.09903E-09  5.14257E-09  6.58176E-09
  8.57530E-09  1.13359E-08  1.51313E-08  2.02623E-08  2.69882E-08  3.53671E-08

  1.08111E-09  1.08582E-09  1.08974E-09  1.09281E-09  1.09510E-09  1.09672E-09
  1.09782E-09  1.09855E-09  1.09907E-09  1.09953E-09  1.10004E-09  1.10069E-09
  1.10155E-09  1.10264E-09  1.10399E-09  1.10562E-09  1.10755E-09  1.10981E-09
  1.11250E-09  1.11575E-09  1.11979E-09  1.12495E-09  1.13167E-09  1.14057E-09
  1.15243E-09  1.16825E-09  1.18930E-09  1.21720E-09  1.25396E-09  1.30216E-09
  1.36509E-09  1.44706E-09  1.55375E-09  1.69279E-09  1.87454E-09  2.11335E-09
  2.42923E-09  2.85041E-09  3.41703E-09  4.18634E-09  5.23988E-09  6.69278E-09
  8.70459E-09  1.14886E-08  1.53125E-08  2.04740E-08  2.72258E-08  3.56108E-08

  1.17954E-09  1.18109E-09  1.18252E-09  1.18385E-09  1.18517E-09  1.18658E-09
  1.18815E-09  1.18999E-09  1.19214E-09  1.19464E-09  1.19749E-09  1.20064E-09
  1.20405E-09  1.20762E-09  1.21127E-09  1.21490E-09  1.21846E-09  1.22190E-09
  1.22526E-09  1.22866E-09  1.23230E-09  1.23653E-09  1.24183E-09  1.24888E-09
  1.25854E-09  1.27191E-09  1.29038E-09  1.31566E-09  1.34990E-09  1.39580E-09
  1.45680E-09  1.53732E-09  1.64318E-09  1.78216E-09  1.96482E-09  2.20567E-09
  2.52498E-09  2.95130E-09  3.52515E-09  4.30426E-09  5.37074E-09  6.84033E-09
  8.87311E-09  1.16825E-08  1.55351E-08  2.07254E-08  2.74985E-08  3.58835E-08

  1.29228E-09  1.29002E-09  1.28833E-09  1.28734E-09  1.28717E-09  1.28788E-09
  1.28953E-09  1.29213E-09  1.29565E-09  1.30001E-09  1.30510E-09  1.31076E-09
  1.31681E-09  1.32303E-09  1.32923E-09  1.33521E-09  1.34080E-09  1.34588E-09
  1.35043E-09  1.35451E-09  1.35832E-09  1.36220E-09  1.36669E-09  1.37250E-09
  1.38058E-09  1.39214E-09  1.40867E-09  1.43203E-09  1.46450E-09  1.50894E-09
  1.56892E-09  1.64904E-09  1.75531E-09  1.89569E-09  2.08095E-09  2.32586E-09
  2.65101E-09  3.08527E-09  3.66960E-09  4.46217E-09  5.54553E-09  7.03579E-09
  9.09303E-09  1.19300E-08  1.58111E-08  2.10265E-08  2.78130E-08  3.61875E-08

  1.42597E-09  1.41955E-09  1.41439E-09  1.41071E-09  1.40865E-09  1.40828E-09
  1.40961E-09  1.41259E-09  1.41711E-09  1.42300E-09  1.43004E-09  1.43796E-09
  1.44647E-09  1.45526E-09  1.46399E-09  1.47238E-09  1.48015E-09  1.48711E-09
  1.49316E-09  1.49832E-09  1.50276E-09  1.50683E-09  1.51109E-09  1.51630E-09
  1.52350E-09  1.53398E-09  1.54939E-09  1.57170E-09  1.60336E-09  1.64739E-09
  1.70756E-09  1.78866E-09  1.89692E-09  2.04056E-09  2.23062E-09  2.48220E-09
  2.81625E-09  3.26206E-09  3.86103E-09  4.67174E-09  5.77706E-09  7.29309E-09
  9.37925E-09  1.22464E-08  1.61555E-08  2.13905E-08  2.81795E-08  3.65293E-08

  1.58933E-09  1.57879E-09  1.57013E-09  1.56363E-09  1.55948E-09  1.55775E-09
  1.55842E-09  1.56138E-09  1.56647E-09  1.57343E-09  1.58196E-09  1.59170E-09
  1.60227E-09  1.61324E-09  1.62421E-09  1.63479E-09  1.64462E-09  1.65344E-09
  1.66108E-09  1.66752E-09  1.67291E-09  1.67760E-09  1.68217E-09  1.68743E-09
  1.69449E-09  1.70476E-09  1.71999E-09  1.74231E-09  1.77434E-09  1.81930E-09
  1.88117E-09  1.96499E-09  2.07726E-09  2.22651E-09  2.42415E-09  2.68567E-09
  3.03246E-09  3.49433E-09  4.11312E-09  4.94782E-09  6.08141E-09  7.62952E-09
  9.75010E-09  1.26509E-08  1.65873E-08  2.18351E-08  2.86129E-08  3.69201E-08

  1.79414E-09  1.77996E-09  1.76810E-09  1.75896E-09  1.75275E-09  1.74954E-09
  1.74930E-09  1.75188E-09  1.75706E-09  1.76454E-09  1.77395E-09  1.78487E-09
  1.79684E-09  1.80937E-09  1.82200E-09  1.83425E-09  1.84572E-09  1.85610E-09
  1.86517E-09  1.87288E-09  1.87937E-09  1.88498E-09  1.89032E-09  1.89626E-09
  1.90398E-09  1.91497E-09  1.93112E-09  1.95472E-09  1.98858E-09  2.03612E-09
  2.10158E-09  2.19030E-09  2.30911E-09  2.46692E-09  2.67559E-09  2.95111E-09
  3.31541E-09  3.79886E-09  4.44382E-09  5.30959E-09  6.47903E-09  8.06679E-09
  1.02284E-08  1.31668E-08  1.71297E-08  2.23827E-08  2.91335E-08  3.73773E-08

  2.05666E-09  2.03983E-09  2.02556E-09  2.01432E-09  2.00635E-09  2.00174E-09
  2.00045E-09  2.00232E-09  2.00710E-09  2.01445E-09  2.02398E-09  2.03523E-09
  2.04771E-09  2.06090E-09  2.07430E-09  2.08741E-09  2.09981E-09  2.11115E-09
  2.12121E-09  2.12993E-09  2.13745E-09  2.14415E-09  2.15063E-09  2.15785E-09
  2.16703E-09  2.17979E-09  2.19813E-09  2.22451E-09  2.26194E-09  2.31409E-09
  2.38549E-09  2.48183E-09  2.61033E-09  2.78038E-09  3.00436E-09  3.29887E-09
  3.68649E-09  4.19822E-09  4.87693E-09  5.78217E-09  6.99636E-09  8.63255E-09
  1.08427E-08  1.38232E-08  1.78120E-08  2.30616E-08  2.97679E-08  3.79251E-08

  2.39992E-09  2.38208E-09  2.36675E-09  2.35441E-09  2.34536E-09  2.33968E-09
  2.33736E-09  2.33824E-09  2.34207E-09  2.34854E-09  2.35725E-09  2.36775E-09
  2.37958E-09  2.39221E-09  2.40518E-09  2.41799E-09  2.43025E-09  2.44164E-09
  2.45195E-09  2.46117E-09  2.46945E-09  2.47719E-09  2.48509E-09  2.49412E-09
  2.50561E-09  2.52128E-09  2.54327E-09  2.57421E-09  2.61733E-09  2.67658E-09
  2.75682E-09  2.86414E-09  3.00624E-09  3.19307E-09  3.43764E-09  3.75724E-09
  4.17518E-09  4.72315E-09  5.44455E-09  6.39897E-09  7.66804E-09  9.36247E-09
  1.16293E-08  1.46569E-08  1.86705E-08  2.39073E-08  3.05504E-08  3.85957E-08

  2.85717E-09  2.84081E-09  2.82649E-09  2.81469E-09  2.80569E-09  2.79962E-09
  2.79648E-09  2.79616E-09  2.79848E-09  2.80316E-09  2.80988E-09  2.81827E-09
  2.82793E-09  2.83842E-09  2.84935E-09  2.86032E-09  2.87100E-09  2.88114E-09
  2.89064E-09  2.89952E-09  2.90802E-09  2.91662E-09  2.92605E-09  2.93740E-09
  2.95208E-09  2.97192E-09  2.99922E-09  3.03681E-09  3.08817E-09  3.15754E-09
  3.25018E-09  3.37263E-09  3.53315E-09  3.74232E-09  4.01387E-09  4.36588E-09
  4.82246E-09  5.41601E-09  6.19034E-09  7.20488E-09  8.53995E-09  1.03030E-08
  1.26351E-08  1.57140E-08  1.97505E-08  2.49642E-08  3.15239E-08  3.94303E-08

  3.47727E-09  3.46591E-09  3.45562E-09  3.44676E-09  3.43959E-09  3.43424E-09
  3.43077E-09  3.42917E-09  3.42934E-09  3.43116E-09  3.43445E-09  3.43900E-09
  3.44456E-09  3.45088E-09  3.45770E-09  3.46481E-09  3.47202E-09  3.47923E-09
  3.48645E-09  3.49385E-09  3.50177E-09  3.51079E-09  3.52176E-09  3.53585E-09
  3.55462E-09  3.58003E-09  3.61455E-09  3.66123E-09  3.72384E-09  3.80696E-09
  3.91629E-09  4.05889E-09  4.24364E-09  4.48183E-09  4.78798E-09  5.18102E-09
  5.68587E-09  6.33556E-09  7.17418E-09  8.26061E-09  9.67321E-09  1.15153E-08
  1.39201E-08  1.70535E-08  2.11092E-08  2.62873E-08  3.27418E-08  4.04801E-08

  4.33297E-09  4.33137E-09  4.32922E-09  4.32667E-09  4.32384E-09  4.32088E-09
  4.31791E-09  4.31505E-09  4.31243E-09  4.31014E-09  4.30827E-09  4.30687E-09
  4.30597E-09  4.30561E-09  4.30580E-09  4.30656E-09  4.30795E-09  4.31010E-09
  4.31321E-09  4.31763E-09  4.32388E-09  4.33267E-09  4.34500E-09  4.36220E-09
  4.38595E-09  4.41841E-09  4.46226E-09  4.52080E-09  4.59810E-09  4.69918E-09
  4.83020E-09  4.99879E-09  5.21452E-09  5.48943E-09  5.83889E-09  6.28266E-09
  6.84640E-09  7.56364E-09  8.47840E-09  9.64850E-09  1.11496E-08  1.30795E-08
  1.55624E-08  1.87504E-08  2.28183E-08  2.79451E-08  3.42697E-08  4.18077E-08

  5.53356E-09  5.54766E-09  5.55885E-09  5.56687E-09  5.57164E-09  5.57326E-09
  5.57196E-09  5.56809E-09  5.56206E-09  5.55434E-09  5.54540E-09  5.53571E-09
  5.52573E-09  5.51589E-09  5.50658E-09  5.49820E-09  5.49114E-09  5.48582E-09
  5.48273E-09  5.48244E-09  5.48569E-09  5.49340E-09  5.50676E-09  5.52726E-09
  5.55681E-09  5.59777E-09  5.65308E-09  5.72634E-09  5.82201E-09  5.94553E-09
  6.10360E-09  6.30449E-09  6.55845E-09  6.87833E-09  7.28027E-09  7.78480E-09
  8.41816E-09  9.21407E-09  1.02160E-08  1.14800E-08  1.30780E-08  1.51012E-08
  1.76632E-08  2.09005E-08  2.49680E-08  3.00224E-08  3.61878E-08  4.34885E-08

  7.24367E-09  7.27993E-09  7.31010E-09  7.33331E-09  7.34920E-09  7.35781E-09
  7.35955E-09  7.35506E-09  7.34520E-09  7.33093E-09  7.31326E-09  7.29323E-09
  7.27185E-09  7.25007E-09  7.22878E-09  7.20882E-09  7.19100E-09  7.17609E-09
  7.16491E-09  7.15832E-09  7.15731E-09  7.16305E-09  7.17695E-09  7.20076E-09
  7.23660E-09  7.28712E-09  7.35558E-09  7.44594E-09  7.56309E-09  7.71298E-09
  7.90288E-09  8.14171E-09  8.44043E-09  8.81262E-09  9.27513E-09  9.84905E-09
  1.05609E-08  1.14440E-08  1.25408E-08  1.39046E-08  1.56025E-08  1.77177E-08
  2.03519E-08  2.36250E-08  2.76707E-08  3.26238E-08  3.85932E-08  4.56122E-08

  9.70974E-09  9.77300E-09  9.82618E-09  9.86775E-09  9.89707E-09  9.91424E-09
  9.91991E-09  9.91520E-09  9.90152E-09  9.88044E-09  9.85363E-09  9.82278E-09
  9.78949E-09  9.75528E-09  9.72156E-09  9.68962E-09  9.66064E-09  9.63577E-09
  9.61612E-09  9.60283E-09  9.59715E-09  9.60049E-09  9.61453E-09  9.64126E-09
  9.68314E-09  9.74315E-09  9.82492E-09  9.93290E-09  1.00724E-08  1.02501E-08
  1.04738E-08  1.07530E-08  1.10996E-08  1.15275E-08  1.20543E-08  1.27013E-08
  1.34947E-08  1.44671E-08  1.56588E-08  1.71195E-08  1.89101E-08  2.11049E-08
  2.37924E-08  2.70749E-08  3.10650E-08  3.58760E-08  4.16021E-08  4.82841E-08

  1.32932E-08  1.33817E-08  1.34556E-08  1.35131E-08  1.35537E-08  1.35776E-08
  1.35861E-08  1.35810E-08  1.35642E-08  1.35381E-08  1.35049E-08  1.34669E-08
  1.34260E-08  1.33841E-08  1.33430E-08  1.33042E-08  1.32690E-08  1.32387E-08
  1.32144E-08  1.31976E-08  1.31895E-08  1.31916E-08  1.32060E-08  1.32349E-08
  1.32811E-08  1.33479E-08  1.34396E-08  1.35611E-08  1.37184E-08  1.39189E-08
  1.41711E-08  1.44853E-08  1.48739E-08  1.53516E-08  1.59361E-08  1.66485E-08
  1.75145E-08  1.85650E-08  1.98373E-08  2.13765E-08  2.32364E-08  2.54810E-08
  2.81850E-08  3.14330E-08  3.53168E-08  3.99291E-08  4.53498E-08  5.16246E-08

  1.85011E-08  1.85969E-08  1.86744E-08  1.87323E-08  1.87711E-08  1.87921E-08
  1.87975E-08  1.87899E-08  1.87719E-08  1.87464E-08  1.87157E-08  1.86821E-08
  1.86476E-08  1.86137E-08  1.85816E-08  1.85525E-08  1.85271E-08  1.85063E-08
  1.84906E-08  1.84811E-08  1.84789E-08  1.84852E-08  1.85022E-08  1.85321E-08
  1.85783E-08  1.86445E-08  1.87356E-08  1.88575E-08  1.90171E-08  1.92226E-08
  1.94837E-08  1.98115E-08  2.02192E-08  2.07221E-08  2.13380E-08  2.20877E-08
  2.29956E-08  2.40904E-08  2.54058E-08  2.69811E-08  2.88624E-08  3.11028E-08
  3.37627E-08  3.69094E-08  4.06151E-08  4.49524E-08  4.99873E-08  5.57660E-08

  2.59844E-08  2.60397E-08  2.60763E-08  2.60956E-08  2.61007E-08  2.60951E-08
  2.60825E-08  2.60665E-08  2.60503E-08  2.60362E-08  2.60263E-08  2.60216E-08
  2.60227E-08  2.60295E-08  2.60414E-08  2.60575E-08  2.60767E-08  2.60978E-08
  2.61199E-08  2.61425E-08  2.61653E-08  2.61889E-08  2.62148E-08  2.62452E-08
  2.62836E-08  2.63346E-08  2.64038E-08  2.64985E-08  2.66270E-08  2.67990E-08
  2.70258E-08  2.73201E-08  2.76962E-08  2.81703E-08  2.87606E-08  2.94876E-08
  3.03743E-08  3.14468E-08  3.27346E-08  3.42711E-08  3.60941E-08  3.82455E-08
  4.07720E-08  4.37243E-08  4.71558E-08  5.11205E-08  5.56690E-08  6.08428E-08

  3.64316E-08  3.63588E-08  3.62744E-08  3.61864E-08  3.61024E-08  3.60294E-08
  3.59731E-08  3.59378E-08  3.59263E-08  3.59400E-08  3.59785E-08  3.60403E-08
  3.61225E-08  3.62213E-08  3.63321E-08  3.64499E-08  3.65694E-08  3.66855E-08
  3.67935E-08  3.68895E-08  3.69705E-08  3.70348E-08  3.70825E-08  3.71149E-08
  3.71355E-08  3.71495E-08  3.71639E-08  3.71877E-08  3.72314E-08  3.73073E-08
  3.74293E-08  3.76123E-08  3.78732E-08  3.82296E-08  3.87008E-08  3.93074E-08
  4.00715E-08  4.10168E-08  4.21689E-08  4.35553E-08  4.52055E-08  4.71512E-08
  4.94260E-08  5.20650E-08  5.51042E-08  5.85794E-08  6.25245E-08  6.69692E-08

  5.02249E-08  4.99179E-08  4.96194E-08  4.93459E-08  4.91115E-08  4.89265E-08
  4.87985E-08  4.87316E-08  4.87270E-08  4.87834E-08  4.88967E-08  4.90607E-08
  4.92677E-08  4.95080E-08  4.97712E-08  5.00461E-08  5.03214E-08  5.05858E-08
  5.08291E-08  5.10420E-08  5.12172E-08  5.13493E-08  5.14354E-08  5.14753E-08
  5.14716E-08  5.14297E-08  5.13579E-08  5.12670E-08  5.11704E-08  5.10832E-08
  5.10225E-08  5.10069E-08  5.10559E-08  5.11900E-08  5.14302E-08  5.17980E-08
  5.23154E-08  5.30046E-08  5.38878E-08  5.49878E-08  5.63270E-08  5.79281E-08
  5.98134E-08  6.20043E-08  6.45211E-08  6.73822E-08  7.06033E-08  7.41965E-08

h20+he++->h2+ + he++ + e
  1.00000e-20  1.00000e-20  8.24031e-18  3.11258e-17  5.55338e-17  1.74254e-15
  3.48821e-15  7.27971e-15  2.22043e-14  5.64414e-14  1.06919e-13  1.64443e-13
  2.65051e-13  4.25966e-13  6.78279e-13  1.00859e-12  1.51170e-12  2.20931e-12
  3.18778e-12  4.59797e-12  6.62897e-12  9.55277e-12  1.37675e-11  1.98416e-11
  2.85753e-11  4.11499e-11  5.92296e-11  8.52016e-11  1.22493e-10  1.75961e-10
  2.52479e-10  3.61722e-10  5.17230e-10  7.37815e-10  1.04942e-09  1.48750e-09
  2.10003e-09  2.95127e-09  4.12617e-09  5.73573e-09  7.92292e-09  1.08694e-08
  1.48028e-08  2.00050e-08  2.68218e-08  3.56764e-08  4.70889e-08  6.17113e-08

  1.00000e-20  1.00000e-20  1.69177e-17  3.36316e-17  2.93230e-16  1.89888e-15
  4.75403e-15  1.03684e-14  3.24828e-14  5.98624e-14  1.11863e-13  1.70180e-13
  2.84094e-13  4.64208e-13  6.94828e-13  1.02872e-12  1.53357e-12  2.23243e-12
  3.21424e-12  4.62823e-12  6.66354e-12  9.59228e-12  1.38195e-11  1.98952e-11
  2.86371e-11  4.12207e-11  5.93081e-11  8.52932e-11  1.22597e-10  1.76079e-10
  2.52614e-10  3.61875e-10  5.17402e-10  7.38009e-10  1.04964e-09  1.48774e-09
  2.10030e-09  2.95156e-09  4.12650e-09  5.73608e-09  7.92329e-09  1.08698e-08
  1.48032e-08  2.00054e-08  2.68223e-08  3.56769e-08  4.70894e-08  6.17118e-08

  1.00000e-20  2.49813e-18  1.87112e-17  3.66539e-17  8.67899e-16  3.00188e-15
  5.11714e-15  1.74296e-14  3.51787e-14  7.59015e-14  1.17865e-13  1.77176e-13
  3.15837e-13  4.80001e-13  7.15177e-13  1.05343e-12  1.56076e-12  2.26159e-12
  3.24760e-12  4.66637e-12  6.70712e-12  9.64404e-12  1.38778e-11  1.99625e-11
  2.87148e-11  4.13097e-11  5.94054e-11  8.54084e-11  1.22729e-10  1.76229e-10
  2.52783e-10  3.62067e-10  5.17619e-10  7.38253e-10  1.04991e-09  1.48804e-09
  2.10064e-09  2.95193e-09  4.12690e-09  5.73652e-09  7.92377e-09  1.08703e-08
  1.48037e-08  2.00059e-08  2.68229e-08  3.56774e-08  4.70900e-08  6.17124e-08

  1.00000e-20  8.66951e-18  3.03486e-17  2.80586e-16  1.75447e-15  3.31780e-15
  5.56524e-15  2.80825e-14  4.99757e-14  8.17525e-14  1.25194e-13  2.08072e-13
  3.24922e-13  4.99583e-13  7.40299e-13  1.08390e-12  1.57399e-12  2.29198e-12
  3.28968e-12  4.71445e-12  6.76203e-12  9.71165e-12  1.39586e-11  2.00556e-11
  2.88208e-11  4.14217e-11  5.95331e-11  8.55536e-11  1.22894e-10  1.76417e-10
  2.52997e-10  3.62310e-10  5.17893e-10  7.38561e-10  1.05025e-09  1.48843e-09
  2.10106e-09  2.95240e-09  4.12741e-09  5.73707e-09  7.92436e-09  1.08709e-08
  1.48044e-08  2.00066e-08  2.68236e-08  3.56782e-08  4.70907e-08  6.17131e-08

  7.77849e-18  1.82275e-17  3.40831e-17  8.64400e-16  1.98962e-15  3.70591e-15
  1.55057e-14  3.14607e-14  5.52558e-14  8.84899e-14  1.34193e-13  2.21953e-13
  3.70706e-13  5.23956e-13  7.71443e-13  1.12161e-12  1.61769e-12  2.33929e-12
  3.34277e-12  4.77509e-12  6.83329e-12  9.79828e-12  1.40519e-11  2.01630e-11
  2.89440e-11  4.15626e-11  5.96939e-11  8.57364e-11  1.23102e-10  1.76655e-10
  2.53267e-10  3.62615e-10  5.18237e-10  7.38948e-10  1.05069e-09  1.48891e-09
  2.10160e-09  2.95299e-09  4.12805e-09  5.73777e-09  7.92511e-09  1.08717e-08
  1.48052e-08  2.00075e-08  2.68245e-08  3.56791e-08  4.70917e-08  6.17141e-08

  9.09784e-18  2.10309e-17  7.90939e-16  1.78576e-15  3.23461e-15  7.07347e-15
  2.68364e-14  4.66990e-14  6.17942e-14  9.74359e-14  1.69051e-13  2.63923e-13
  3.97774e-13  5.83199e-13  8.10217e-13  1.16847e-12  1.67204e-12  2.38533e-12
  3.40980e-12  4.85350e-12  6.92581e-12  9.90018e-12  1.41694e-11  2.02981e-11
  2.90990e-11  4.17399e-11  5.98902e-11  8.59651e-11  1.23365e-10  1.76953e-10
  2.53606e-10  3.62999e-10  5.18671e-10  7.39435e-10  1.05123e-09  1.48952e-09
  2.10227e-09  2.95373e-09  4.12886e-09  5.73864e-09  7.92605e-09  1.08727e-08
  1.48063e-08  2.00086e-08  2.68256e-08  3.56803e-08  4.70928e-08  6.17153e-08

  1.96537e-17  2.76501e-16  1.69098e-15  2.09820e-15  6.57250e-15  1.63619e-14
  3.12666e-14  5.36414e-14  8.25982e-14  1.31573e-13  2.10430e-13  3.17027e-13
  4.31660e-13  6.25425e-13  8.89045e-13  1.22694e-12  1.73989e-12  2.46214e-12
  3.49636e-12  4.95513e-12  7.04437e-12  1.00370e-11  1.43257e-11  2.04684e-11
  2.92943e-11  4.19632e-11  6.01455e-11  8.62514e-11  1.23696e-10  1.77329e-10
  2.54033e-10  3.63482e-10  5.19216e-10  7.40049e-10  1.05192e-09  1.49028e-09
  2.10312e-09  2.95466e-09  4.12988e-09  5.73975e-09  7.92723e-09  1.08740e-08
  1.48076e-08  2.00100e-08  2.68271e-08  3.56818e-08  4.70943e-08  6.17168e-08

  7.82471e-16  1.67366e-15  2.03661e-15  6.42192e-15  1.48946e-14  2.98908e-14
  4.99259e-14  6.24418e-14  1.17981e-13  1.73574e-13  2.38166e-13  3.54288e-13
  4.96895e-13  6.73029e-13  9.52519e-13  1.30022e-12  1.82490e-12  2.56050e-12
  3.60293e-12  5.08556e-12  7.19448e-12  1.02007e-11  1.45136e-11  2.06830e-11
  2.95403e-11  4.22445e-11  6.04668e-11  8.66178e-11  1.24112e-10  1.77803e-10
  2.54571e-10  3.64091e-10  5.19904e-10  7.40822e-10  1.05278e-09  1.49124e-09
  2.10418e-09  2.95583e-09  4.13116e-09  5.74113e-09  7.92872e-09  1.08755e-08
  1.48093e-08  2.00118e-08  2.68289e-08  3.56836e-08  4.70962e-08  6.17187e-08

  1.75188e-15  4.76936e-15  1.29750e-14  2.44356e-14  3.01082e-14  4.82466e-14
  6.67858e-14  1.11943e-13  1.63115e-13  2.42372e-13  3.05039e-13  4.01647e-13
  5.56748e-13  7.41243e-13  1.03027e-12  1.39245e-12  1.93812e-12  2.69344e-12
  3.73372e-12  5.25138e-12  7.37587e-12  1.04162e-11  1.47509e-11  2.09624e-11
  2.98504e-11  4.25989e-11  6.08716e-11  8.70792e-11  1.24635e-10  1.78400e-10
  2.55248e-10  3.64858e-10  5.20769e-10  7.41795e-10  1.05387e-09  1.49246e-09
  2.10553e-09  2.95731e-09  4.13277e-09  5.74288e-09  7.93060e-09  1.08775e-08
  1.48114e-08  2.00140e-08  2.68311e-08  3.56860e-08  4.70986e-08  6.17211e-08

  1.25906e-14  2.33032e-14  2.66329e-14  4.31107e-14  5.73676e-14  8.48872e-14
  1.36944e-13  1.62499e-13  2.37793e-13  2.89114e-13  3.87970e-13  4.97798e-13
  6.33021e-13  8.60171e-13  1.13937e-12  1.51623e-12  2.08172e-12  2.85790e-12
  3.92168e-12  5.44681e-12  7.61444e-12  1.06794e-11  1.50507e-11  2.13054e-11
  3.02417e-11  4.30459e-11  6.13817e-11  8.76607e-11  1.25297e-10  1.79152e-10
  2.56102e-10  3.65824e-10  5.21860e-10  7.43020e-10  1.05525e-09  1.49398e-09
  2.10722e-09  2.95917e-09  4.13480e-09  5.74508e-09  7.93296e-09  1.08801e-08
  1.48140e-08  2.00167e-08  2.68340e-08  3.56889e-08  4.71016e-08  6.17242e-08

  2.72097e-14  6.53860e-14  7.26144e-14  1.04401e-13  1.31348e-13  1.77023e-13
  2.02779e-13  2.48339e-13  3.22325e-13  3.83550e-13  4.66361e-13  5.90984e-13
  7.69634e-13  9.90968e-13  1.27396e-12  1.71141e-12  2.26616e-12  3.03842e-12
  4.15950e-12  5.71460e-12  7.90781e-12  1.10127e-11  1.54393e-11  2.17390e-11
  3.07358e-11  4.36100e-11  6.20249e-11  8.83937e-11  1.26128e-10  1.80098e-10
  2.57177e-10  3.67042e-10  5.23233e-10  7.44564e-10  1.05697e-09  1.49591e-09
  2.10934e-09  2.96151e-09  4.13736e-09  5.74785e-09  7.93593e-09  1.08832e-08
  1.48174e-08  2.00202e-08  2.68376e-08  3.56926e-08  4.71054e-08  6.17280e-08

  1.46467e-13  1.57221e-13  1.71234e-13  1.87187e-13  2.38354e-13  2.80593e-13
  3.20547e-13  3.64430e-13  4.19093e-13  4.96604e-13  6.31080e-13  7.56773e-13
  9.23456e-13  1.15572e-12  1.46705e-12  1.91988e-12  2.50301e-12  3.30604e-12
  4.45332e-12  6.04521e-12  8.28953e-12  1.14456e-11  1.59218e-11  2.22875e-11
  3.13681e-11  4.43224e-11  6.28365e-11  8.93181e-11  1.27180e-10  1.81294e-10
  2.58532e-10  3.68575e-10  5.24962e-10  7.46507e-10  1.05915e-09  1.49833e-09
  2.11202e-09  2.96445e-09  4.14057e-09  5.75133e-09  7.93968e-09  1.08872e-08
  1.48216e-08  2.00246e-08  2.68422e-08  3.56973e-08  4.71101e-08  6.17328e-08

  3.27018e-13  3.42048e-13  3.60208e-13  3.82288e-13  4.09284e-13  4.42523e-13
  4.84761e-13  5.36448e-13  6.01540e-13  6.96231e-13  8.05167e-13  9.45435e-13
  1.12934e-12  1.40949e-12  1.74078e-12  2.19398e-12  2.80804e-12  3.64815e-12
  4.83852e-12  6.46497e-12  8.76197e-12  1.19858e-11  1.65340e-11  2.29905e-11
  3.21596e-11  4.52228e-11  6.38614e-11  9.04848e-11  1.28507e-10  1.82801e-10
  2.60241e-10  3.70507e-10  5.27142e-10  7.48956e-10  1.06189e-09  1.50138e-09
  2.11540e-09  2.96816e-09  4.14463e-09  5.75572e-09  7.94439e-09  1.08922e-08
  1.48269e-08  2.00301e-08  2.68479e-08  3.57031e-08  4.71161e-08  6.17389e-08

  5.64778e-13  5.80826e-13  6.00506e-13  6.03850e-13  6.35016e-13  6.73529e-13
  7.21400e-13  7.81287e-13  8.54856e-13  9.50564e-13  1.06983e-12  1.22776e-12
  1.42719e-12  1.70689e-12  2.06638e-12  2.54568e-12  3.20096e-12  4.11067e-12
  5.33162e-12  7.01853e-12  9.38232e-12  1.26829e-11  1.73217e-11  2.38746e-11
  3.31627e-11  4.63623e-11  6.51569e-11  9.19584e-11  1.30182e-10  1.84698e-10
  2.62394e-10  3.72943e-10  5.29888e-10  7.52041e-10  1.06534e-09  1.50522e-09
  2.11965e-09  2.97284e-09  4.14973e-09  5.76125e-09  7.95033e-09  1.08985e-08
  1.48335e-08  2.00371e-08  2.68551e-08  3.57105e-08  4.71236e-08  6.17465e-08

  8.64820e-13  8.74846e-13  8.94819e-13  9.20731e-13  9.46580e-13  9.79491e-13
  1.01835e-12  1.08630e-12  1.17169e-12  1.28048e-12  1.39723e-12  1.57472e-12
  1.81275e-12  2.11206e-12  2.50238e-12  3.02091e-12  3.71737e-12  4.68365e-12
  5.96730e-12  7.72175e-12  1.01691e-11  1.35608e-11  1.83167e-11  2.49991e-11
  3.44359e-11  4.78063e-11  6.68026e-11  9.38212e-11  1.32297e-10  1.87098e-10
  2.65112e-10  3.76015e-10  5.33350e-10  7.55929e-10  1.06968e-09  1.51006e-09
  2.12500e-09  2.97872e-09  4.15615e-09  5.76821e-09  7.95780e-09  1.09065e-08
  1.48419e-08  2.00458e-08  2.68641e-08  3.57198e-08  4.71331e-08  6.17561e-08

  1.25946e-12  1.27713e-12  1.29923e-12  1.32782e-12  1.36160e-12  1.40177e-12
  1.46091e-12  1.53552e-12  1.62356e-12  1.74467e-12  1.88515e-12  2.08462e-12
  2.34060e-12  2.67206e-12  3.10324e-12  3.66974e-12  4.42676e-12  5.43300e-12
  6.79293e-12  8.64314e-12  1.11765e-11  1.47030e-11  1.95964e-11  2.64398e-11
  3.60624e-11  4.96465e-11  6.88815e-11  9.61787e-11  1.34971e-10  1.90129e-10
  2.68542e-10  3.79888e-10  5.37714e-10  7.60829e-10  1.07516e-09  1.51615e-09
  2.13174e-09  2.98613e-09  4.16424e-09  5.77697e-09  7.96721e-09  1.09165e-08
  1.48525e-08  2.00569e-08  2.68756e-08  3.57315e-08  4.71450e-08  6.17682e-08

  1.82828e-12  1.84871e-12  1.87450e-12  1.90683e-12  1.94800e-12  2.00005e-12
  2.06550e-12  2.14686e-12  2.25344e-12  2.38361e-12  2.55692e-12  2.77182e-12
  3.05678e-12  3.40983e-12  3.88767e-12  4.51011e-12  5.33347e-12  6.41883e-12
  7.87261e-12  9.83234e-12  1.24983e-11  1.61712e-11  2.12316e-11  2.82756e-11
  3.81297e-11  5.19801e-11  7.15204e-11  9.91661e-11  1.38354e-10  1.93959e-10
  2.72870e-10  3.84778e-10  5.43218e-10  7.67007e-10  1.08207e-09  1.52383e-09
  2.14024e-09  2.99547e-09  4.17443e-09  5.78800e-09  7.97906e-09  1.09291e-08
  1.48658e-08  2.00708e-08  2.68899e-08  3.57462e-08  4.71600e-08  6.17834e-08

  2.65194e-12  2.67529e-12  2.70473e-12  2.74189e-12  2.78880e-12  2.84806e-12
  2.92280e-12  3.01772e-12  3.13802e-12  3.28795e-12  3.48306e-12  3.73160e-12
  4.04409e-12  4.45335e-12  4.97534e-12  5.66060e-12  6.54689e-12  7.72746e-12
  9.29174e-12  1.13868e-11  1.42106e-11  1.80698e-11  2.33450e-11  3.06307e-11
  4.07783e-11  5.49597e-11  7.48767e-11  1.02958e-10  1.42641e-10  1.98807e-10
  2.78346e-10  3.90954e-10  5.50167e-10  7.74799e-10  1.09077e-09  1.53351e-09
  2.15094e-09  3.00723e-09  4.18726e-09  5.80190e-09  7.99398e-09  1.09450e-08
  1.48825e-08  2.00882e-08  2.69080e-08  3.57648e-08  4.71789e-08  6.18025e-08

  3.84163e-12  3.86829e-12  3.90189e-12  3.94428e-12  3.99775e-12  4.06527e-12
  4.15057e-12  4.25844e-12  4.39481e-12  4.56799e-12  4.78790e-12  5.06531e-12
  5.42325e-12  5.88101e-12  6.46897e-12  7.22796e-12  8.20867e-12  9.49899e-12
  1.11968e-11  1.34489e-11  1.64675e-11  2.05383e-11  2.60779e-11  3.36746e-11
  4.41755e-11  5.87668e-11  7.91619e-11  1.07786e-10  1.48087e-10  2.04952e-10
  2.85279e-10  3.98760e-10  5.58941e-10  7.84631e-10  1.10175e-09  1.54571e-09
  2.16443e-09  3.02205e-09  4.20343e-09  5.81940e-09  8.01277e-09  1.09650e-08
  1.49036e-08  2.01103e-08  2.69308e-08  3.57882e-08  4.72027e-08  6.18267e-08

  5.55685e-12  5.58727e-12  5.62562e-12  5.67396e-12  5.73493e-12  5.81187e-12
  5.90900e-12  6.03173e-12  6.18693e-12  6.38343e-12  6.63239e-12  6.94888e-12
  7.35167e-12  7.86339e-12  8.52248e-12  9.36911e-12  1.04621e-11  1.18819e-11
  1.37330e-11  1.61787e-11  1.94265e-11  2.37709e-11  2.96338e-11  3.76105e-11
  4.85459e-11  6.36553e-11  8.46390e-11  1.13936e-10  1.55009e-10  2.12748e-10
  2.94057e-10  4.08635e-10  5.70030e-10  7.97048e-10  1.11560e-09  1.56110e-09
  2.18143e-09  3.04072e-09  4.22379e-09  5.84144e-09  8.03643e-09  1.09902e-08
  1.49301e-08  2.01380e-08  2.69595e-08  3.58176e-08  4.72327e-08  6.18570e-08

  8.02670e-12  8.06144e-12  8.10520e-12  8.16037e-12  8.22992e-12  8.31764e-12
  8.42833e-12  8.56808e-12  8.74466e-12  8.96798e-12  9.25074e-12  9.60926e-12
  1.00645e-11  1.06443e-11  1.13842e-11  1.23297e-11  1.35488e-11  1.51228e-11
  1.71674e-11  1.98402e-11  2.33559e-11  2.80336e-11  3.42899e-11  4.27311e-11
  5.42117e-11  6.99507e-11  9.16649e-11  1.21804e-10  1.63834e-10  2.22660e-10
  3.05196e-10  4.21144e-10  5.84057e-10  8.12738e-10  1.13309e-09  1.58051e-09
  2.20287e-09  3.06426e-09  4.24945e-09  5.86921e-09  8.06623e-09  1.10219e-08
  1.49635e-08  2.01729e-08  2.69956e-08  3.58546e-08  4.72704e-08  6.18952e-08

  1.15809e-11  1.16206e-11  1.16705e-11  1.17335e-11  1.18129e-11  1.19130e-11
  1.20393e-11  1.21986e-11  1.23997e-11  1.26538e-11  1.29753e-11  1.33823e-11
  1.38983e-11  1.45537e-11  1.53883e-11  1.64537e-11  1.78180e-11  1.95705e-11
  2.18376e-11  2.47819e-11  2.86310e-11  3.36966e-11  4.04291e-11  4.94353e-11
  6.15821e-11  7.80940e-11  1.00715e-10  1.31893e-10  1.75115e-10  2.35295e-10
  3.19358e-10  4.37015e-10  6.01822e-10  8.32583e-10  1.15519e-09  1.60502e-09
  2.22992e-09  3.09393e-09  4.28180e-09  5.90420e-09  8.10378e-09  1.10618e-08
  1.50056e-08  2.02168e-08  2.70410e-08  3.59012e-08  4.73179e-08  6.19434e-08

  1.66943e-11  1.67397e-11  1.67968e-11  1.68688e-11  1.69595e-11  1.70738e-11
  1.72179e-11  1.73996e-11  1.76290e-11  1.79186e-11  1.82845e-11  1.87473e-11
  1.93334e-11  2.00765e-11  2.10204e-11  2.22220e-11  2.37562e-11  2.57209e-11
  2.82448e-11  3.15095e-11  3.57494e-11  4.12916e-11  4.85922e-11  5.82735e-11
  7.12301e-11  8.86950e-11  1.12418e-10  1.44886e-10  1.89581e-10  2.51441e-10
  3.37403e-10  4.57188e-10  6.24356e-10  8.57712e-10  1.18314e-09  1.63598e-09
  2.26406e-09  3.13136e-09  4.32258e-09  5.94830e-09  8.15108e-09  1.11121e-08
  1.50586e-08  2.02721e-08  2.70983e-08  3.59599e-08  4.73776e-08  6.20040e-08

  2.40518e-11  2.41036e-11  2.41689e-11  2.42512e-11  2.43549e-11  2.44855e-11
  2.46501e-11  2.48577e-11  2.51195e-11  2.54499e-11  2.58670e-11  2.63941e-11
  2.70607e-11  2.79047e-11  2.89750e-11  3.03346e-11  3.20654e-11  3.42746e-11
  3.71041e-11  4.07419e-11  4.54392e-11  5.15430e-11  5.95198e-11  7.00238e-11
  8.39466e-11  1.02569e-10  1.27650e-10  1.61693e-10  2.08205e-10  2.72142e-10
  3.60457e-10  4.82885e-10  6.52993e-10  8.89580e-10  1.21852e-09  1.67513e-09
  2.30718e-09  3.17861e-09  4.37401e-09  6.00389e-09  8.21069e-09  1.11755e-08
  1.51254e-08  2.03418e-08  2.71703e-08  3.60338e-08  4.74529e-08  6.20802e-08

  3.46406e-11  3.46999e-11  3.47746e-11  3.48687e-11  3.49873e-11  3.51366e-11
  3.53248e-11  3.55620e-11  3.58610e-11  3.62382e-11  3.67141e-11  3.73150e-11
  3.80743e-11  3.90345e-11  4.02503e-11  4.17919e-11  4.37501e-11  4.62427e-11
  4.94240e-11  5.34978e-11  5.87348e-11  6.54952e-11  7.42773e-11  8.57532e-11
  1.00849e-10  1.20859e-10  1.47578e-10  1.83540e-10  2.32287e-10  2.98781e-10
  3.90002e-10  5.15702e-10  6.89456e-10  9.30060e-10  1.26337e-09  1.72467e-09
  2.36168e-09  3.23826e-09  4.43890e-09  6.07399e-09  8.28582e-09  1.12553e-08
  1.52095e-08  2.04296e-08  2.72611e-08  3.61269e-08  4.75477e-08  6.21763e-08

  4.98841e-11  4.99520e-11  5.00374e-11  5.01451e-11  5.02806e-11  5.04514e-11
  5.06666e-11  5.09376e-11  5.12793e-11  5.17101e-11  5.22534e-11  5.29390e-11
  5.38045e-11  5.48981e-11  5.62811e-11  5.80320e-11  6.02520e-11  6.30714e-11
  6.66599e-11  7.12392e-11  7.71015e-11  8.46352e-11  9.43611e-11  1.06984e-10
  1.23468e-10  1.45140e-10  1.73840e-10  2.12130e-10  2.63586e-10  3.33211e-10
  4.28006e-10  5.57742e-10  7.36004e-10  9.81588e-10  1.32033e-09  1.78747e-09
  2.43065e-09  3.31366e-09  4.52084e-09  6.16243e-09  8.38056e-09  1.13560e-08
  1.53155e-08  2.05401e-08  2.73754e-08  3.62441e-08  4.76670e-08  6.22972e-08

  7.18322e-11  7.19098e-11  7.20076e-11  7.21306e-11  7.22856e-11  7.24809e-11
  7.27268e-11  7.30366e-11  7.34269e-11  7.39189e-11  7.45392e-11  7.53215e-11
  7.63085e-11  7.75546e-11  7.91290e-11  8.11197e-11  8.36399e-11  8.68345e-11
  9.08912e-11  9.60534e-11  1.02639e-10  1.11067e-10  1.21894e-10  1.35864e-10
  1.53984e-10  1.77628e-10  2.08685e-10  2.49767e-10  3.04501e-10  3.77933e-10
  4.77096e-10  6.11786e-10  7.95602e-10  1.04733e-09  1.39279e-09  1.86717e-09
  2.51803e-09  3.40903e-09  4.62436e-09  6.27406e-09  8.50005e-09  1.14828e-08
  1.54490e-08  2.06794e-08  2.75194e-08  3.63917e-08  4.78173e-08  6.24495e-08

  1.03432e-10  1.03521e-10  1.03633e-10  1.03773e-10  1.03951e-10  1.04174e-10
  1.04454e-10  1.04808e-10  1.05254e-10  1.05816e-10  1.06523e-10  1.07416e-10
  1.08541e-10  1.09961e-10  1.11753e-10  1.14017e-10  1.16880e-10  1.20504e-10
  1.25096e-10  1.30926e-10  1.38343e-10  1.47802e-10  1.59902e-10  1.75437e-10
  1.95469e-10  2.21432e-10  2.55276e-10  2.99681e-10  3.58337e-10  4.36355e-10
  5.40816e-10  6.81549e-10  8.72168e-10  1.13146e-09  1.48521e-09  1.96854e-09
  2.62890e-09  3.52981e-09  4.75526e-09  6.41506e-09  8.65085e-09  1.16428e-08
  1.56173e-08  2.08549e-08  2.77007e-08  3.65776e-08  4.80065e-08  6.26412e-08

  1.48914e-10  1.49015e-10  1.49142e-10  1.49303e-10  1.49505e-10  1.49759e-10
  1.50080e-10  1.50483e-10  1.50992e-10  1.51632e-10  1.52439e-10  1.53456e-10
  1.54738e-10  1.56355e-10  1.58394e-10  1.60968e-10  1.64220e-10  1.68330e-10
  1.73532e-10  1.80124e-10  1.88489e-10  1.99127e-10  2.12688e-10  2.30026e-10
  2.52271e-10  2.80932e-10  3.18043e-10  3.66364e-10  4.29672e-10  5.13160e-10
  6.23985e-10  7.72027e-10  9.70925e-10  1.23946e-09  1.60338e-09  2.09772e-09
  2.76982e-09  3.68298e-09  4.92097e-09  6.59331e-09  8.84126e-09  1.18447e-08
  1.58295e-08  2.10760e-08  2.79292e-08  3.68117e-08  4.82448e-08  6.28827e-08

  2.14327e-10  2.14442e-10  2.14587e-10  2.14770e-10  2.15000e-10  2.15290e-10
  2.15655e-10  2.16114e-10  2.16693e-10  2.17422e-10  2.18340e-10  2.19498e-10
  2.20956e-10  2.22794e-10  2.25112e-10  2.28035e-10  2.31725e-10  2.36386e-10
  2.42276e-10  2.49728e-10  2.59168e-10  2.71145e-10  2.86369e-10  3.05765e-10
  3.30546e-10  3.62316e-10  4.03211e-10  4.56100e-10  5.24868e-10  6.14817e-10
  7.33206e-10  8.89998e-10  1.09888e-09  1.37863e-09  1.75494e-09  2.26277e-09
  2.94928e-09  3.87754e-09  5.13102e-09  6.81885e-09  9.08188e-09  1.20995e-08
  1.60972e-08  2.13548e-08  2.82171e-08  3.71067e-08  4.85450e-08  6.31868e-08

  3.08296e-10  3.08427e-10  3.08592e-10  3.08799e-10  3.09061e-10  3.09390e-10
  3.09805e-10  3.10327e-10  3.10984e-10  3.11812e-10  3.12855e-10  3.14169e-10
  3.15824e-10  3.17910e-10  3.20539e-10  3.23853e-10  3.28034e-10  3.33310e-10
  3.39972e-10  3.48390e-10  3.59038e-10  3.72521e-10  3.89620e-10  4.11344e-10
  4.39004e-10  4.74316e-10  5.19545e-10  5.77697e-10  6.52802e-10  7.50299e-10
  8.77580e-10  1.04473e-09  1.26551e-09  1.55873e-09  1.95005e-09  2.47427e-09
  3.17838e-09  4.12514e-09  5.39765e-09  7.10456e-09  9.38620e-09  1.24214e-08
  1.64349e-08  2.17064e-08  2.85800e-08  3.74784e-08  4.89231e-08  6.35698e-08

  4.43063e-10  4.43212e-10  4.43399e-10  4.43634e-10  4.43930e-10  4.44303e-10
  4.44773e-10  4.45364e-10  4.46109e-10  4.47046e-10  4.48227e-10  4.49715e-10
  4.51588e-10  4.53948e-10  4.56922e-10  4.60670e-10  4.65396e-10  4.71355e-10
  4.78874e-10  4.88367e-10  5.00359e-10  5.15522e-10  5.34716e-10  5.59046e-10
  5.89937e-10  6.29240e-10  6.79372e-10  7.43512e-10  8.25871e-10  9.32073e-10
  1.06968e-09  1.24894e-09  1.48374e-09  1.79295e-09  2.20221e-09  2.74620e-09
  3.47162e-09  4.44092e-09  5.73669e-09  7.46699e-09  9.77149e-09  1.28283e-08
  1.68615e-08  2.21500e-08  2.90376e-08  3.79468e-08  4.93995e-08  6.40523e-08

  6.35918e-10  6.36085e-10  6.36296e-10  6.36562e-10  6.36896e-10  6.37317e-10
  6.37847e-10  6.38514e-10  6.39354e-10  6.40412e-10  6.41745e-10  6.43423e-10
  6.45536e-10  6.48197e-10  6.51550e-10  6.55775e-10  6.61098e-10  6.67809e-10
  6.76272e-10  6.86947e-10  7.00420e-10  7.17437e-10  7.38945e-10  7.66160e-10
  8.00636e-10  8.44380e-10  8.99990e-10  9.70849e-10  1.06139e-09  1.17749e-09
  1.32693e-09  1.52015e-09  1.77124e-09  2.09918e-09  2.52962e-09  3.09713e-09
  3.84814e-09  4.84463e-09  6.16862e-09  7.92743e-09  1.02599e-08  1.33431e-08
  1.74004e-08  2.27098e-08  2.96147e-08  3.85372e-08  4.99998e-08  6.46602e-08

  9.11127e-10  9.11315e-10  9.11552e-10  9.11851e-10  9.12226e-10  9.12699e-10
  9.13295e-10  9.14044e-10  9.14988e-10  9.16177e-10  9.17674e-10  9.19558e-10
  9.21931e-10  9.24920e-10  9.28685e-10  9.33426e-10  9.39400e-10  9.46928e-10
  9.56416e-10  9.68378e-10  9.83464e-10  1.00250e-09  1.02654e-09  1.05690e-09
  1.09531e-09  1.14393e-09  1.20557e-09  1.28386e-09  1.38351e-09  1.51066e-09
  1.67342e-09  1.88251e-09  2.15224e-09  2.50177e-09  2.95683e-09  3.55194e-09
  4.33324e-09  5.36221e-09  6.72012e-09  8.51338e-09  1.08797e-08  1.39952e-08
  1.80819e-08  2.34169e-08  3.03428e-08  3.92818e-08  5.07565e-08  6.54263e-08

  1.30252e-09  1.30273e-09  1.30300e-09  1.30333e-09  1.30375e-09  1.30428e-09
  1.30495e-09  1.30578e-09  1.30684e-09  1.30817e-09  1.30984e-09  1.31195e-09
  1.31460e-09  1.31794e-09  1.32214e-09  1.32744e-09  1.33411e-09  1.34251e-09
  1.35310e-09  1.36645e-09  1.38327e-09  1.40447e-09  1.43123e-09  1.46499e-09
  1.50763e-09  1.56153e-09  1.62972e-09  1.71610e-09  1.82569e-09  1.96500e-09
  2.14249e-09  2.36926e-09  2.65995e-09  3.03397e-09  3.51719e-09  4.14411e-09
  4.96068e-09  6.02785e-09  7.42601e-09  9.26048e-09  1.16676e-08  1.48221e-08
  1.89444e-08  2.43106e-08  3.12622e-08  4.02211e-08  5.17107e-08  6.63919e-08

  1.85690e-09  1.85713e-09  1.85742e-09  1.85780e-09  1.85826e-09  1.85885e-09
  1.85959e-09  1.86052e-09  1.86169e-09  1.86317e-09  1.86503e-09  1.86737e-09
  1.87031e-09  1.87402e-09  1.87869e-09  1.88457e-09  1.89198e-09  1.90131e-09
  1.91306e-09  1.92786e-09  1.94651e-09  1.97002e-09  1.99965e-09  2.03702e-09
  2.08416e-09  2.14367e-09  2.21883e-09  2.31386e-09  2.43412e-09  2.58653e-09
  2.77999e-09  3.02607e-09  3.33983e-09  3.74106e-09  4.25586e-09  4.91879e-09
  5.77563e-09  6.88686e-09  8.33202e-09  1.02151e-08  1.26707e-08  1.58718e-08
  2.00371e-08  2.54408e-08  3.24235e-08  4.14066e-08  5.29142e-08  6.76094e-08

  2.63837e-09  2.63863e-09  2.63895e-09  2.63936e-09  2.63988e-09  2.64053e-09
  2.64134e-09  2.64237e-09  2.64366e-09  2.64529e-09  2.64734e-09  2.64992e-09
  2.65317e-09  2.65727e-09  2.66242e-09  2.66891e-09  2.67707e-09  2.68736e-09
  2.70032e-09  2.71663e-09  2.73718e-09  2.76307e-09  2.79570e-09  2.83681e-09
  2.88864e-09  2.95399e-09  3.03645e-09  3.14053e-09  3.27201e-09  3.43823e-09
  3.64863e-09  3.91529e-09  4.25384e-09  4.68459e-09  5.23400e-09  5.93678e-09
  6.83863e-09  7.99960e-09  9.49840e-09  1.14376e-08  1.39500e-08  1.72062e-08
  2.14226e-08  2.68713e-08  3.38914e-08  4.29036e-08  5.44329e-08  6.91452e-08

  3.73391e-09  3.73419e-09  3.73455e-09  3.73500e-09  3.73556e-09  3.73627e-09
  3.73716e-09  3.73829e-09  3.73970e-09  3.74149e-09  3.74373e-09  3.74656e-09
  3.75012e-09  3.75460e-09  3.76024e-09  3.76734e-09  3.77628e-09  3.78754e-09
  3.80171e-09  3.81956e-09  3.84204e-09  3.87035e-09  3.90601e-09  3.95093e-09
  4.00752e-09  4.07884e-09  4.16873e-09  4.28207e-09  4.42504e-09  4.60548e-09
  4.83337e-09  5.12141e-09  5.48591e-09  5.94779e-09  6.53406e-09  7.27980e-09
  8.23068e-09  9.44641e-09  1.10049e-08  1.30074e-08  1.55848e-08  1.89047e-08
  2.31810e-08  2.86830e-08  3.57476e-08  4.47947e-08  5.63503e-08  7.10834e-08

  5.26007e-09  5.26038e-09  5.26076e-09  5.26125e-09  5.26186e-09  5.26263e-09
  5.26360e-09  5.26482e-09  5.26636e-09  5.26830e-09  5.27073e-09  5.27380e-09
  5.27766e-09  5.28252e-09  5.28864e-09  5.29635e-09  5.30605e-09  5.31827e-09
  5.33365e-09  5.35301e-09  5.37739e-09  5.40809e-09  5.44674e-09  5.49542e-09
  5.55672e-09  5.63394e-09  5.73120e-09  5.85374e-09  6.00815e-09  6.20279e-09
  6.44820e-09  6.75779e-09  7.14858e-09  7.64224e-09  8.26652e-09  9.05703e-09
  1.00597e-08  1.13339e-08  1.29569e-08  1.50287e-08  1.76780e-08  2.10701e-08
  2.54150e-08  3.09789e-08  3.80959e-08  4.71847e-08  5.87720e-08  7.35305e-08

  7.37099e-09  7.37132e-09  7.37173e-09  7.37225e-09  7.37291e-09  7.37374e-09
  7.37478e-09  7.37609e-09  7.37775e-09  7.37983e-09  7.38245e-09  7.38574e-09
  7.38989e-09  7.39512e-09  7.40170e-09  7.40998e-09  7.42040e-09  7.43353e-09
  7.45005e-09  7.47085e-09  7.49704e-09  7.53002e-09  7.57153e-09  7.62379e-09
  7.68959e-09  7.77244e-09  7.87676e-09  8.00811e-09  8.17351e-09  8.38181e-09
  8.64416e-09  8.97465e-09  9.39108e-09  9.91598e-09  1.05779e-08  1.14132e-08
  1.24684e-08  1.38029e-08  1.54932e-08  1.76381e-08  2.03645e-08  2.38349e-08
  2.82563e-08  3.38904e-08  4.10680e-08  5.02059e-08  6.18312e-08  7.66213e-08

  1.02674e-08  1.02678e-08  1.02682e-08  1.02688e-08  1.02695e-08  1.02704e-08
  1.02715e-08  1.02729e-08  1.02746e-08  1.02768e-08  1.02796e-08  1.02831e-08
  1.02875e-08  1.02931e-08  1.03001e-08  1.03089e-08  1.03200e-08  1.03339e-08
  1.03515e-08  1.03736e-08  1.04014e-08  1.04365e-08  1.04806e-08  1.05361e-08
  1.06060e-08  1.06940e-08  1.08048e-08  1.09442e-08  1.11197e-08  1.13405e-08
  1.16185e-08  1.19683e-08  1.24086e-08  1.29627e-08  1.36602e-08  1.45383e-08
  1.56441e-08  1.70376e-08  1.87950e-08  2.10139e-08  2.38193e-08  2.73714e-08
  3.18739e-08  3.75847e-08  4.48305e-08  5.40253e-08  6.56965e-08  8.05262e-08

  1.42066e-08  1.42070e-08  1.42074e-08  1.42080e-08  1.42088e-08  1.42097e-08
  1.42109e-08  1.42123e-08  1.42142e-08  1.42165e-08  1.42194e-08  1.42231e-08
  1.42277e-08  1.42336e-08  1.42409e-08  1.42502e-08  1.42618e-08  1.42765e-08
  1.42949e-08  1.43182e-08  1.43474e-08  1.43842e-08  1.44305e-08  1.44889e-08
  1.45623e-08  1.46547e-08  1.47710e-08  1.49173e-08  1.51015e-08  1.53332e-08
  1.56247e-08  1.59913e-08  1.64524e-08  1.70322e-08  1.77612e-08  1.86775e-08
  1.98292e-08  2.12769e-08  2.30971e-08  2.53867e-08  2.82690e-08  3.19018e-08
  3.64858e-08  4.22759e-08  4.95950e-08  5.88539e-08  7.05798e-08  8.54599e-08

  1.95121e-08  1.95125e-08  1.95129e-08  1.95135e-08  1.95143e-08  1.95153e-08
  1.95165e-08  1.95180e-08  1.95199e-08  1.95223e-08  1.95254e-08  1.95292e-08
  1.95340e-08  1.95400e-08  1.95477e-08  1.95573e-08  1.95693e-08  1.95845e-08
  1.96037e-08  1.96278e-08  1.96581e-08  1.96963e-08  1.97444e-08  1.98049e-08
  1.98811e-08  1.99769e-08  2.00975e-08  2.02493e-08  2.04403e-08  2.06805e-08
  2.09827e-08  2.13627e-08  2.18404e-08  2.24408e-08  2.31953e-08  2.41429e-08
  2.53326e-08  2.68260e-08  2.87000e-08  3.10517e-08  3.40035e-08  3.77108e-08
  4.23715e-08  4.82379e-08  5.56307e-08  6.49586e-08  7.67486e-08  9.16933e-08

  2.65830e-08  2.65834e-08  2.65839e-08  2.65845e-08  2.65853e-08  2.65863e-08
  2.65875e-08  2.65891e-08  2.65911e-08  2.65935e-08  2.65966e-08  2.66005e-08
  2.66055e-08  2.66117e-08  2.66195e-08  2.66293e-08  2.66417e-08  2.66573e-08
  2.66769e-08  2.67015e-08  2.67326e-08  2.67717e-08  2.68209e-08  2.68829e-08
  2.69609e-08  2.70590e-08  2.71825e-08  2.73380e-08  2.75335e-08  2.77795e-08
  2.80889e-08  2.84780e-08  2.89671e-08  2.95819e-08  3.03541e-08  3.13239e-08
  3.25411e-08  3.40681e-08  3.59827e-08  3.83826e-08  4.13900e-08  4.51593e-08
  4.98860e-08  5.58200e-08  6.32808e-08  7.26779e-08  8.45405e-08  9.95678e-08

  3.59027e-08  3.59031e-08  3.59036e-08  3.59042e-08  3.59050e-08  3.59060e-08
  3.59073e-08  3.59089e-08  3.59108e-08  3.59133e-08  3.59165e-08  3.59204e-08
  3.59254e-08  3.59317e-08  3.59396e-08  3.59495e-08  3.59620e-08  3.59777e-08
  3.59975e-08  3.60225e-08  3.60539e-08  3.60934e-08  3.61432e-08  3.62058e-08
  3.62846e-08  3.63838e-08  3.65087e-08  3.66658e-08  3.68635e-08  3.71122e-08
  3.74250e-08  3.78185e-08  3.83132e-08  3.89351e-08  3.97165e-08  4.06980e-08
  4.19301e-08  4.34760e-08  4.54147e-08  4.78443e-08  5.08881e-08  5.47005e-08
  5.94765e-08  6.54641e-08  7.29824e-08  8.24436e-08  9.43843e-08  1.09516e-07

  4.80460e-08  4.80464e-08  4.80469e-08  4.80475e-08  4.80483e-08  4.80493e-08
  4.80505e-08  4.80521e-08  4.80541e-08  4.80565e-08  4.80597e-08  4.80636e-08
  4.80686e-08  4.80749e-08  4.80827e-08  4.80926e-08  4.81051e-08  4.81208e-08
  4.81406e-08  4.81655e-08  4.81969e-08  4.82363e-08  4.82860e-08  4.83485e-08
  4.84272e-08  4.85262e-08  4.86509e-08  4.88078e-08  4.90052e-08  4.92537e-08
  4.95663e-08  4.99595e-08  5.04540e-08  5.10759e-08  5.18577e-08  5.28401e-08
  5.40741e-08  5.56236e-08  5.75681e-08  6.00071e-08  6.30649e-08  6.68973e-08
  7.17006e-08  7.77238e-08  8.52868e-08  9.48060e-08  1.06830e-07  1.22090e-07

  6.36883e-08  6.36887e-08  6.36892e-08  6.36898e-08  6.36906e-08  6.36916e-08
  6.36928e-08  6.36944e-08  6.36963e-08  6.36988e-08  6.37019e-08  6.37058e-08
  6.37107e-08  6.37168e-08  6.37246e-08  6.37344e-08  6.37468e-08  6.37623e-08
  6.37818e-08  6.38064e-08  6.38374e-08  6.38764e-08  6.39254e-08  6.39872e-08
  6.40650e-08  6.41628e-08  6.42860e-08  6.44411e-08  6.46363e-08  6.48820e-08
  6.51911e-08  6.55801e-08  6.60696e-08  6.66854e-08  6.74599e-08  6.84340e-08
  6.96586e-08  7.11979e-08  7.31319e-08  7.55612e-08  7.86117e-08  8.24414e-08
  8.72498e-08  9.32899e-08  1.00887e-07  1.10463e-07  1.22583e-07  1.38005e-07

  8.36228e-08  8.36232e-08  8.36236e-08  8.36242e-08  8.36250e-08  8.36260e-08
  8.36272e-08  8.36287e-08  8.36306e-08  8.36330e-08  8.36361e-08  8.36399e-08
  8.36447e-08  8.36508e-08  8.36584e-08  8.36680e-08  8.36801e-08  8.36954e-08
  8.37145e-08  8.37387e-08  8.37691e-08  8.38073e-08  8.38555e-08  8.39161e-08
  8.39925e-08  8.40885e-08  8.42095e-08  8.43618e-08  8.45535e-08  8.47948e-08
  8.50986e-08  8.54810e-08  8.59624e-08  8.65682e-08  8.73308e-08  8.82906e-08
  8.94985e-08  9.10186e-08  9.29315e-08  9.53386e-08  9.83675e-08  1.02179e-07
  1.06979e-07  1.13025e-07  1.20653e-07  1.30301e-07  1.42551e-07  1.58195e-07

h0 + h+ -> h+ + h0
  1.10368e-08  1.16403e-08  1.24069e-08  1.32213e-08  1.41413e-08  1.51684e-08
  1.63073e-08  1.75477e-08  1.89301e-08  2.04397e-08  2.20781e-08  2.38607e-08
  2.57513e-08  2.77570e-08  2.98657e-08  3.20660e-08  3.43478e-08  3.67036e-08
  3.91296e-08  4.16270e-08  4.42031e-08  4.68725e-08  4.96569e-08  5.25851e-08
  5.56920e-08  5.90165e-08  6.25979e-08  6.64719e-08  7.06629e-08  7.51763e-08
  7.99867e-08  8.50253e-08  9.01664e-08  9.52169e-08  9.99105e-08  1.03914e-07
  1.06846e-07  1.08316e-07  1.07970e-07  1.05545e-07  1.00920e-07  9.41528e-08
  8.55058e-08  7.54616e-08  6.47108e-08  5.40877e-08  4.44284e-08  3.63711e-08

  1.15095e-08  1.20715e-08  1.27900e-08  1.35609e-08  1.44466e-08  1.54445e-08
  1.65565e-08  1.77874e-08  1.91426e-08  2.06103e-08  2.22253e-08  2.39684e-08
  2.58537e-08  2.78411e-08  2.99354e-08  3.21241e-08  3.43963e-08  3.67440e-08
  3.91633e-08  4.16550e-08  4.42264e-08  4.68918e-08  4.96729e-08  5.25983e-08
  5.57030e-08  5.90256e-08  6.26055e-08  6.64782e-08  7.06682e-08  7.51807e-08
  7.99903e-08  8.50282e-08  9.01687e-08  9.52186e-08  9.99117e-08  1.03915e-07
  1.06847e-07  1.08317e-07  1.07970e-07  1.05545e-07  1.00920e-07  9.41525e-08
  8.55056e-08  7.54614e-08  6.47107e-08  5.40877e-08  4.44284e-08  3.63711e-08

  1.21298e-08  1.25834e-08  1.31941e-08  1.39736e-08  1.48141e-08  1.57756e-08
  1.68560e-08  1.80572e-08  1.93832e-08  2.08380e-08  2.24242e-08  2.41244e-08
  2.59844e-08  2.79482e-08  3.00236e-08  3.21972e-08  3.44572e-08  3.67949e-08
  3.92056e-08  4.16902e-08  4.42557e-08  4.69161e-08  4.96930e-08  5.26151e-08
  5.57169e-08  5.90371e-08  6.26151e-08  6.64861e-08  7.06748e-08  7.51862e-08
  7.99948e-08  8.50318e-08  9.01716e-08  9.52208e-08  9.99133e-08  1.03916e-07
  1.06847e-07  1.08317e-07  1.07970e-07  1.05545e-07  1.00920e-07  9.41521e-08
  8.55053e-08  7.54612e-08  6.47106e-08  5.40877e-08  4.44284e-08  3.63710e-08

  1.27956e-08  1.32554e-08  1.38123e-08  1.44762e-08  1.52599e-08  1.61736e-08
  1.72146e-08  1.83809e-08  1.96740e-08  2.10964e-08  2.26501e-08  2.43352e-08
  2.61491e-08  2.80850e-08  3.01356e-08  3.22896e-08  3.45339e-08  3.68588e-08
  3.92589e-08  4.17346e-08  4.42926e-08  4.69468e-08  4.97185e-08  5.26361e-08
  5.57343e-08  5.90516e-08  6.26271e-08  6.64961e-08  7.06831e-08  7.51931e-08
  8.00005e-08  8.50364e-08  9.01752e-08  9.52235e-08  9.99152e-08  1.03917e-07
  1.06848e-07  1.08317e-07  1.07970e-07  1.05544e-07  1.00919e-07  9.41516e-08
  8.55049e-08  7.54610e-08  6.47105e-08  5.40877e-08  4.44284e-08  3.63709e-08

  1.35717e-08  1.39807e-08  1.44797e-08  1.50826e-08  1.58034e-08  1.66554e-08
  1.76451e-08  1.87681e-08  2.00222e-08  2.14078e-08  2.29259e-08  2.45756e-08
  2.63546e-08  2.82582e-08  3.02785e-08  3.24066e-08  3.46306e-08  3.69392e-08
  3.93259e-08  4.17904e-08  4.43391e-08  4.69854e-08  4.97505e-08  5.26627e-08
  5.57564e-08  5.90698e-08  6.26423e-08  6.65087e-08  7.06936e-08  7.52017e-08
  8.00076e-08  8.50422e-08  9.01797e-08  9.52270e-08  9.99177e-08  1.03918e-07
  1.06849e-07  1.08317e-07  1.07969e-07  1.05544e-07  1.00918e-07  9.41510e-08
  8.55044e-08  7.54607e-08  6.47104e-08  5.40876e-08  4.44283e-08  3.63708e-08

  1.44632e-08  1.48239e-08  1.52694e-08  1.58107e-08  1.64628e-08  1.72432e-08
  1.81656e-08  1.92327e-08  2.04387e-08  2.17806e-08  2.32576e-08  2.48681e-08
  2.66089e-08  2.84750e-08  3.04599e-08  3.25557e-08  3.47529e-08  3.70404e-08
  3.94102e-08  4.18607e-08  4.43976e-08  4.70340e-08  4.97909e-08  5.26962e-08
  5.57842e-08  5.90929e-08  6.26614e-08  6.65246e-08  7.07068e-08  7.52127e-08
  8.00166e-08  8.50494e-08  9.01855e-08  9.52313e-08  9.99207e-08  1.03920e-07
  1.06850e-07  1.08317e-07  1.07969e-07  1.05543e-07  1.00918e-07  9.41502e-08
  8.55038e-08  7.54603e-08  6.47102e-08  5.40876e-08  4.44283e-08  3.63707e-08

  1.54785e-08  1.57925e-08  1.61855e-08  1.66694e-08  1.72550e-08  1.79587e-08
  1.88003e-08  1.97936e-08  2.09382e-08  2.22265e-08  2.36544e-08  2.52193e-08
  2.69173e-08  2.87424e-08  3.06875e-08  3.27453e-08  3.49084e-08  3.71682e-08
  3.95162e-08  4.19490e-08  4.44712e-08  4.70953e-08  4.98418e-08  5.27385e-08
  5.58192e-08  5.91220e-08  6.26855e-08  6.65447e-08  7.07234e-08  7.52265e-08
  8.00279e-08  8.50586e-08  9.01927e-08  9.52368e-08  9.99246e-08  1.03923e-07
  1.06851e-07  1.08317e-07  1.07969e-07  1.05542e-07  1.00916e-07  9.41492e-08
  8.55030e-08  7.54599e-08  6.47100e-08  5.40875e-08  4.44282e-08  3.63705e-08

  1.66261e-08  1.68967e-08  1.72374e-08  1.76635e-08  1.81867e-08  1.88177e-08
  1.95739e-08  2.04771e-08  2.15406e-08  2.27610e-08  2.41290e-08  2.56393e-08
  2.72871e-08  2.90658e-08  3.09674e-08  3.29833e-08  3.51062e-08  3.73303e-08
  3.96498e-08  4.20601e-08  4.45638e-08  4.71725e-08  4.99061e-08  5.27919e-08
  5.58635e-08  5.91587e-08  6.27160e-08  6.65700e-08  7.07444e-08  7.52439e-08
  8.00422e-08  8.50702e-08  9.02018e-08  9.52437e-08  9.99295e-08  1.03926e-07
  1.06853e-07  1.08318e-07  1.07968e-07  1.05541e-07  1.00915e-07  9.41480e-08
  8.55021e-08  7.54593e-08  6.47097e-08  5.40875e-08  4.44282e-08  3.63703e-08

  1.79118e-08  1.81445e-08  1.84367e-08  1.88040e-08  1.92630e-08  1.98253e-08
  2.05016e-08  2.13099e-08  2.22733e-08  2.34048e-08  2.46977e-08  2.61415e-08
  2.77289e-08  2.94530e-08  3.13051e-08  3.32752e-08  3.53544e-08  3.75366e-08
  3.98191e-08  4.22000e-08  4.46804e-08  4.72698e-08  4.99871e-08  5.28592e-08
  5.59194e-08  5.92051e-08  6.27545e-08  6.66019e-08  7.07709e-08  7.52658e-08
  8.00602e-08  8.50847e-08  9.02133e-08  9.52523e-08  9.99356e-08  1.03930e-07
  1.06855e-07  1.08318e-07  1.07967e-07  1.05540e-07  1.00914e-07  9.41465e-08
  8.55009e-08  7.54585e-08  6.47094e-08  5.40874e-08  4.44281e-08  3.63700e-08

  1.93419e-08  1.95405e-08  1.97899e-08  2.01028e-08  2.04958e-08  2.09864e-08
  2.15864e-08  2.23066e-08  2.31652e-08  2.41862e-08  2.53818e-08  2.67428e-08
  2.82569e-08  2.99152e-08  3.17086e-08  3.36264e-08  3.56581e-08  3.77953e-08
  4.00344e-08  4.23772e-08  4.48273e-08  4.73924e-08  5.00894e-08  5.29444e-08
  5.59902e-08  5.92638e-08  6.28032e-08  6.66423e-08  7.08044e-08  7.52935e-08
  8.00829e-08  8.51031e-08  9.02277e-08  9.52632e-08  9.99434e-08  1.03935e-07
  1.06857e-07  1.08319e-07  1.07967e-07  1.05538e-07  1.00912e-07  9.41445e-08
  8.54993e-08  7.54576e-08  6.47090e-08  5.40873e-08  4.44280e-08  3.63697e-08

  2.09216e-08  2.10892e-08  2.12999e-08  2.15647e-08  2.18966e-08  2.23133e-08
  2.28333e-08  2.34686e-08  2.42299e-08  2.51357e-08  2.62102e-08  2.74649e-08
  2.88884e-08  3.04669e-08  3.21895e-08  3.40453e-08  3.60226e-08  3.81110e-08
  4.03041e-08  4.26023e-08  4.50131e-08  4.75469e-08  5.02184e-08  5.30520e-08
  5.60797e-08  5.93382e-08  6.28649e-08  6.66935e-08  7.08468e-08  7.53284e-08
  8.01116e-08  8.51262e-08  9.02459e-08  9.52770e-08  9.99531e-08  1.03941e-07
  1.06860e-07  1.08320e-07  1.07965e-07  1.05536e-07  1.00909e-07  9.41420e-08
  8.54974e-08  7.54564e-08  6.47085e-08  5.40871e-08  4.44279e-08  3.63692e-08

  2.26537e-08  2.27932e-08  2.29688e-08  2.31899e-08  2.34678e-08  2.38164e-08
  2.42540e-08  2.48002e-08  2.54671e-08  2.62658e-08  2.72145e-08  2.83376e-08
  2.96458e-08  3.11259e-08  3.27626e-08  3.45436e-08  3.64563e-08  3.84888e-08
  4.06324e-08  4.28840e-08  4.52492e-08  4.77425e-08  5.03814e-08  5.31881e-08
  5.61931e-08  5.94324e-08  6.29431e-08  6.67582e-08  7.09004e-08  7.53726e-08
  8.01477e-08  8.51554e-08  9.02689e-08  9.52943e-08  9.99653e-08  1.03949e-07
  1.06864e-07  1.08320e-07  1.07964e-07  1.05533e-07  1.00906e-07  9.41390e-08
  8.54950e-08  7.54549e-08  6.47078e-08  5.40869e-08  4.44277e-08  3.63687e-08

  2.45370e-08  2.46514e-08  2.47956e-08  2.49772e-08  2.52063e-08  2.54947e-08
  2.58569e-08  2.63120e-08  2.68805e-08  2.75747e-08  2.84061e-08  2.93927e-08
  3.05590e-08  3.19149e-08  3.34462e-08  3.51361e-08  3.69709e-08  3.89373e-08
  4.10244e-08  4.32262e-08  4.55443e-08  4.79909e-08  5.05879e-08  5.33604e-08
  5.63369e-08  5.95520e-08  6.30423e-08  6.68404e-08  7.09683e-08  7.54286e-08
  8.01935e-08  8.51922e-08  9.02978e-08  9.53161e-08  9.99808e-08  1.03958e-07
  1.06869e-07  1.08322e-07  1.07962e-07  1.05530e-07  1.00902e-07  9.41351e-08
  8.54920e-08  7.54530e-08  6.47070e-08  5.40867e-08  4.44275e-08  3.63680e-08

  2.65657e-08  2.66580e-08  2.67744e-08  2.69214e-08  2.71069e-08  2.73414e-08
  2.76372e-08  2.80096e-08  2.84785e-08  2.90649e-08  2.97820e-08  3.06411e-08
  3.16605e-08  3.28646e-08  3.42633e-08  3.58414e-08  3.75812e-08  3.94679e-08
  4.14884e-08  4.36338e-08  4.59022e-08  4.83012e-08  5.08503e-08  5.35792e-08
  5.65194e-08  5.97041e-08  6.31685e-08  6.69449e-08  7.10545e-08  7.54995e-08
  8.02513e-08  8.52387e-08  9.03343e-08  9.53436e-08  1.00000e-07  1.03971e-07
  1.06875e-07  1.08323e-07  1.07960e-07  1.05525e-07  1.00896e-07  9.41302e-08
  8.54882e-08  7.54506e-08  6.47059e-08  5.40864e-08  4.44272e-08  3.63671e-08

  2.87292e-08  2.88025e-08  2.88950e-08  2.90120e-08  2.91599e-08  2.93470e-08
  2.95842e-08  2.98844e-08  3.02636e-08  3.07423e-08  3.13426e-08  3.20780e-08
  3.29603e-08  3.40078e-08  3.52454e-08  3.66834e-08  3.83061e-08  4.00953e-08
  4.20355e-08  4.41149e-08  4.63277e-08  4.86773e-08  5.11782e-08  5.38574e-08
  5.67518e-08  5.98977e-08  6.33294e-08  6.70779e-08  7.11642e-08  7.55895e-08
  8.03246e-08  8.52975e-08  9.03803e-08  9.53783e-08  1.00025e-07  1.03986e-07
  1.06883e-07  1.08325e-07  1.07958e-07  1.05520e-07  1.00890e-07  9.41240e-08
  8.54834e-08  7.54477e-08  6.47046e-08  5.40860e-08  4.44268e-08  3.63660e-08

  3.10125e-08  3.10698e-08  3.11423e-08  3.12339e-08  3.13500e-08  3.14972e-08
  3.16840e-08  3.19215e-08  3.22234e-08  3.26061e-08  3.30914e-08  3.37020e-08
  3.44520e-08  3.53537e-08  3.64258e-08  3.76944e-08  3.91705e-08  4.08388e-08
  4.26805e-08  4.46803e-08  4.68286e-08  4.91238e-08  5.15754e-08  5.42054e-08
  5.70479e-08  6.01449e-08  6.35348e-08  6.72479e-08  7.13041e-08  7.57040e-08
  8.04176e-08  8.53719e-08  9.04385e-08  9.54220e-08  1.00056e-07  1.04006e-07
  1.06893e-07  1.08327e-07  1.07954e-07  1.05513e-07  1.00882e-07  9.41162e-08
  8.54773e-08  7.54439e-08  6.47029e-08  5.40856e-08  4.44264e-08  3.63646e-08

  3.33971e-08  3.34414e-08  3.34975e-08  3.35685e-08  3.36585e-08  3.37727e-08
  3.39178e-08  3.41028e-08  3.43389e-08  3.46403e-08  3.50244e-08  3.55138e-08
  3.61323e-08  3.68946e-08  3.78136e-08  3.89089e-08  4.02082e-08  4.17245e-08
  4.34430e-08  4.53447e-08  4.74153e-08  4.96481e-08  5.20466e-08  5.46272e-08
  5.74187e-08  6.04608e-08  6.37981e-08  6.74656e-08  7.14831e-08  7.58501e-08
  8.05359e-08  8.54664e-08  9.05121e-08  9.54772e-08  1.00094e-07  1.04030e-07
  1.06906e-07  1.08330e-07  1.07950e-07  1.05505e-07  1.00871e-07  9.41064e-08
  8.54696e-08  7.54391e-08  6.47008e-08  5.40850e-08  4.44259e-08  3.63629e-08

  3.58630e-08  3.58971e-08  3.59402e-08  3.59948e-08  3.60641e-08  3.61520e-08
  3.62638e-08  3.64064e-08  3.65887e-08  3.68225e-08  3.71224e-08  3.75068e-08
  3.79993e-08  3.86250e-08  3.93994e-08  4.03357e-08  4.14553e-08  4.27885e-08
  4.43508e-08  4.61285e-08  4.81027e-08  5.02606e-08  5.25990e-08  5.51275e-08
  5.78689e-08  6.08573e-08  6.41355e-08  6.77456e-08  7.17130e-08  7.60374e-08
  8.06868e-08  8.55864e-08  9.06054e-08  9.55470e-08  1.00143e-07  1.04061e-07
  1.06921e-07  1.08333e-07  1.07945e-07  1.05494e-07  1.00858e-07  9.40940e-08
  8.54600e-08  7.54331e-08  6.46981e-08  5.40842e-08  4.44252e-08  3.63607e-08

  3.83907e-08  3.84170e-08  3.84502e-08  3.84923e-08  3.85456e-08  3.86132e-08
  3.86992e-08  3.88089e-08  3.89491e-08  3.91291e-08  3.93608e-08  3.96598e-08
  4.00450e-08  4.05415e-08  4.11758e-08  4.19643e-08  4.29209e-08  4.40692e-08
  4.54431e-08  4.70617e-08  4.89123e-08  5.09763e-08  5.32429e-08  5.57134e-08
  5.84030e-08  6.13394e-08  6.45600e-08  6.81055e-08  7.20095e-08  7.62782e-08
  8.08803e-08  8.57395e-08  9.07238e-08  9.56353e-08  1.00205e-07  1.04100e-07
  1.06941e-07  1.08338e-07  1.07938e-07  1.05480e-07  1.00842e-07  9.40785e-08
  8.54479e-08  7.54256e-08  6.46947e-08  5.40832e-08  4.44243e-08  3.63579e-08

  4.09640e-08  4.09844e-08  4.10103e-08  4.10430e-08  4.10845e-08  4.11370e-08
  4.12038e-08  4.12888e-08  4.13973e-08  4.15364e-08  4.17155e-08  4.19470e-08
  4.22469e-08  4.26353e-08  4.31391e-08  4.37860e-08  4.45936e-08  4.55767e-08
  4.67616e-08  4.81871e-08  4.98765e-08  5.18183e-08  5.39943e-08  5.63957e-08
  5.90284e-08  6.19120e-08  6.50773e-08  6.85597e-08  7.23920e-08  7.65898e-08
  8.11296e-08  8.59357e-08  9.08747e-08  9.57472e-08  1.00284e-07  1.04150e-07
  1.06966e-07  1.08343e-07  1.07929e-07  1.05463e-07  1.00821e-07  9.40588e-08
  8.54325e-08  7.54160e-08  6.46904e-08  5.40820e-08  4.44232e-08  3.63545e-08

  4.35720e-08  4.35883e-08  4.36089e-08  4.36349e-08  4.36679e-08  4.37095e-08
  4.37624e-08  4.38296e-08  4.39151e-08  4.40245e-08  4.41648e-08  4.43457e-08
  4.45801e-08  4.48848e-08  4.52811e-08  4.57975e-08  4.64639e-08  4.72987e-08
  4.83178e-08  4.95510e-08  5.10431e-08  5.28222e-08  5.48776e-08  5.71913e-08
  5.97567e-08  6.25830e-08  6.56926e-08  6.91144e-08  7.28760e-08  7.69931e-08
  8.14528e-08  8.61886e-08  9.10680e-08  9.58897e-08  1.00383e-07  1.04212e-07
  1.06997e-07  1.08350e-07  1.07918e-07  1.05441e-07  1.00795e-07  9.40341e-08
  8.54132e-08  7.54040e-08  6.46850e-08  5.40804e-08  4.44219e-08  3.63501e-08

  4.62125e-08  4.62259e-08  4.62428e-08  4.62641e-08  4.62911e-08  4.63251e-08
  4.63683e-08  4.64229e-08  4.64924e-08  4.65808e-08  4.66937e-08  4.68385e-08
  4.70253e-08  4.72674e-08  4.75826e-08  4.79934e-08  4.85303e-08  4.92257e-08
  5.00989e-08  5.11669e-08  5.24637e-08  5.40412e-08  5.59323e-08  5.81269e-08
  6.06061e-08  6.33650e-08  6.64144e-08  6.97750e-08  7.34682e-08  7.75048e-08
  8.18725e-08  8.65173e-08  9.13172e-08  9.60719e-08  1.00508e-07  1.04290e-07
  1.07036e-07  1.08358e-07  1.07904e-07  1.05413e-07  1.00762e-07  9.40028e-08
  8.53888e-08  7.53887e-08  6.46780e-08  5.40784e-08  4.44201e-08  3.63447e-08

  4.88930e-08  4.89044e-08  4.89187e-08  4.89369e-08  4.89597e-08  4.89886e-08
  4.90250e-08  4.90711e-08  4.91295e-08  4.92036e-08  4.92977e-08  4.94177e-08
  4.95714e-08  4.97692e-08  5.00253e-08  5.03583e-08  5.07922e-08  5.13599e-08
  5.20962e-08  5.30217e-08  5.41547e-08  5.55336e-08  5.72180e-08  5.92459e-08
  6.16062e-08  6.42782e-08  6.72569e-08  7.05512e-08  7.41744e-08  7.81317e-08
  8.24064e-08  8.69456e-08  9.16418e-08  9.63071e-08  1.00669e-07  1.04389e-07
  1.07086e-07  1.08369e-07  1.07887e-07  1.05379e-07  1.00721e-07  9.39634e-08
  8.53579e-08  7.53693e-08  6.46692e-08  5.40758e-08  4.44179e-08  3.63379e-08

  5.16327e-08  5.16427e-08  5.16554e-08  5.16713e-08  5.16913e-08  5.17166e-08
  5.17485e-08  5.17888e-08  5.18396e-08  5.19039e-08  5.19853e-08  5.20886e-08
  5.22198e-08  5.23874e-08  5.26024e-08  5.28798e-08  5.32394e-08  5.37066e-08
  5.43172e-08  5.51086e-08  5.61026e-08  5.73187e-08  5.88004e-08  6.06147e-08
  6.28042e-08  6.53550e-08  6.82428e-08  7.14589e-08  7.50052e-08  7.88798e-08
  8.30607e-08  8.74914e-08  9.20663e-08  9.66141e-08  1.00877e-07  1.04516e-07
  1.07148e-07  1.08382e-07  1.07864e-07  1.05335e-07  1.00668e-07  9.39135e-08
  8.53188e-08  7.53447e-08  6.46579e-08  5.40725e-08  4.44151e-08  3.63294e-08

  5.44630e-08  5.44720e-08  5.44834e-08  5.44978e-08  5.45158e-08  5.45386e-08
  5.45673e-08  5.46034e-08  5.46490e-08  5.47065e-08  5.47791e-08  5.48709e-08
  5.49869e-08  5.51340e-08  5.53211e-08  5.55600e-08  5.58670e-08  5.62628e-08
  5.67749e-08  5.74415e-08  5.83035e-08  5.93833e-08  6.07019e-08  6.23073e-08
  6.42739e-08  6.66469e-08  6.94071e-08  7.25233e-08  7.59787e-08  7.97606e-08
  8.38413e-08  8.81601e-08  9.26082e-08  9.70175e-08  1.01149e-07  1.04680e-07
  1.07228e-07  1.08398e-07  1.07836e-07  1.05279e-07  1.00602e-07  9.38505e-08
  8.52693e-08  7.53135e-08  6.46435e-08  5.40681e-08  4.44116e-08  3.63188e-08

  5.74268e-08  5.74351e-08  5.74455e-08  5.74587e-08  5.74753e-08  5.74961e-08
  5.75224e-08  5.75555e-08  5.75971e-08  5.76496e-08  5.77157e-08  5.77991e-08
  5.79042e-08  5.80368e-08  5.82045e-08  5.84168e-08  5.86868e-08  5.90318e-08
  5.94740e-08  6.00426e-08  6.07789e-08  6.17268e-08  6.29096e-08  6.43491e-08
  6.60971e-08  6.82341e-08  7.08052e-08  7.37822e-08  7.71222e-08  8.07939e-08
  8.47603e-08  8.89565e-08  9.32712e-08  9.75336e-08  1.01509e-07  1.04898e-07
  1.07333e-07  1.08419e-07  1.07799e-07  1.05208e-07  1.00518e-07  9.37706e-08
  8.52065e-08  7.52737e-08  6.46249e-08  5.40623e-08  4.44071e-08  3.63056e-08

  6.05780e-08  6.05857e-08  6.05953e-08  6.06075e-08  6.06228e-08  6.06420e-08
  6.06663e-08  6.06968e-08  6.07352e-08  6.07835e-08  6.08444e-08  6.09210e-08
  6.10174e-08  6.11387e-08  6.12916e-08  6.14842e-08  6.17274e-08  6.20351e-08
  6.24262e-08  6.29244e-08  6.35606e-08  6.43791e-08  6.54267e-08  6.67273e-08
  6.83024e-08  7.02064e-08  7.25230e-08  7.52936e-08  7.84757e-08  8.20088e-08
  8.58383e-08  8.98924e-08  9.40576e-08  9.81627e-08  1.01971e-07  1.05189e-07
  1.07474e-07  1.08449e-07  1.07754e-07  1.05119e-07  1.00411e-07  9.36694e-08
  8.51266e-08  7.52228e-08  6.46008e-08  5.40546e-08  4.44014e-08  3.62892e-08

  6.39790e-08  6.39861e-08  6.39950e-08  6.40062e-08  6.40203e-08  6.40381e-08
  6.40604e-08  6.40885e-08  6.41239e-08  6.41685e-08  6.42245e-08  6.42950e-08
  6.43836e-08  6.44950e-08  6.46351e-08  6.48113e-08  6.50327e-08  6.53113e-08
  6.56625e-08  6.61065e-08  6.66686e-08  6.73812e-08  6.82914e-08  6.94486e-08
  7.08760e-08  7.25941e-08  7.46570e-08  7.71476e-08  8.00983e-08  8.34460e-08
  8.71052e-08  9.09882e-08  9.49779e-08  9.89037e-08  1.02531e-07  1.05565e-07
  1.07670e-07  1.08495e-07  1.07699e-07  1.05006e-07  1.00276e-07  9.35409e-08
  8.50249e-08  7.51575e-08  6.45695e-08  5.40443e-08  4.43940e-08  3.62689e-08

  6.76978e-08  6.77042e-08  6.77124e-08  6.77226e-08  6.77355e-08  6.77518e-08
  6.77722e-08  6.77979e-08  6.78303e-08  6.78710e-08  6.79222e-08  6.79866e-08
  6.80676e-08  6.81693e-08  6.82971e-08  6.84576e-08  6.86590e-08  6.89118e-08
  6.92289e-08  6.96271e-08  7.01280e-08  7.07586e-08  7.15523e-08  7.25583e-08
  7.38275e-08  7.53813e-08  7.72370e-08  7.94449e-08  8.20816e-08  8.51637e-08
  8.86002e-08  9.22723e-08  9.60503e-08  9.97636e-08  1.03182e-07  1.06014e-07
  1.07925e-07  1.08571e-07  1.07637e-07  1.04865e-07  1.00105e-07  9.33775e-08
  8.48950e-08  7.50735e-08  6.45285e-08  5.40304e-08  4.43846e-08  3.62438e-08

  7.18032e-08  7.18090e-08  7.18163e-08  7.18256e-08  7.18372e-08  7.18518e-08
  7.18702e-08  7.18934e-08  7.19226e-08  7.19592e-08  7.20054e-08  7.20634e-08
  7.21363e-08  7.22279e-08  7.23429e-08  7.24873e-08  7.26685e-08  7.28955e-08
  7.31799e-08  7.35357e-08  7.39811e-08  7.45388e-08  7.52367e-08  7.61092e-08
  7.72059e-08  7.85780e-08  8.02430e-08  8.22122e-08  8.45271e-08  8.72512e-08
  9.03776e-08  9.37801e-08  9.72992e-08  1.00756e-07  1.03926e-07  1.06524e-07
  1.08222e-07  1.08677e-07  1.07578e-07  1.04695e-07  9.98899e-08  9.31697e-08
  8.47287e-08  7.49647e-08  6.44744e-08  5.40113e-08  4.43723e-08  3.62130e-08

  7.63583e-08  7.63634e-08  7.63699e-08  7.63780e-08  7.63882e-08  7.64011e-08
  7.64174e-08  7.64378e-08  7.64635e-08  7.64958e-08  7.65364e-08  7.65875e-08
  7.66518e-08  7.67325e-08  7.68339e-08  7.69611e-08  7.71207e-08  7.73207e-08
  7.75710e-08  7.78839e-08  7.82745e-08  7.87617e-08  7.93692e-08  8.01251e-08
  8.10633e-08  8.22325e-08  8.36816e-08  8.54215e-08  8.74538e-08  8.98056e-08
  9.25196e-08  9.55577e-08  9.87524e-08  1.01899e-07  1.04769e-07  1.07088e-07
  1.08538e-07  1.08783e-07  1.07513e-07  1.04498e-07  9.96245e-08  9.29061e-08
  8.45152e-08  7.48233e-08  6.44023e-08  5.39847e-08  4.43563e-08  3.61755e-08

  8.14106e-08  8.14150e-08  8.14205e-08  8.14275e-08  8.14362e-08  8.14472e-08
  8.14611e-08  8.14785e-08  8.15005e-08  8.15281e-08  8.15628e-08  8.16064e-08
  8.16613e-08  8.17302e-08  8.18168e-08  8.19255e-08  8.20619e-08  8.22327e-08
  8.24466e-08  8.27138e-08  8.30473e-08  8.34624e-08  8.39785e-08  8.46190e-08
  8.54114e-08  8.63873e-08  8.75922e-08  8.90696e-08  9.08207e-08  9.28330e-08
  9.51128e-08  9.76747e-08  1.00444e-07  1.03207e-07  1.05717e-07  1.07703e-07
  1.08858e-07  1.08860e-07  1.07405e-07  1.04259e-07  9.93062e-08  9.25767e-08
  8.42413e-08  7.46385e-08  6.43054e-08  5.39473e-08  4.43350e-08  3.61299e-08

  8.69786e-08  8.69822e-08  8.69867e-08  8.69924e-08  8.69995e-08  8.70085e-08
  8.70198e-08  8.70340e-08  8.70519e-08  8.70745e-08  8.71028e-08  8.71384e-08
  8.71832e-08  8.72395e-08  8.73102e-08  8.73989e-08  8.75102e-08  8.76498e-08
  8.78244e-08  8.80427e-08  8.83151e-08  8.86541e-08  8.90751e-08  8.95963e-08
  9.02401e-08  9.10311e-08  9.19972e-08  9.31774e-08  9.46064e-08  9.62718e-08
  9.81427e-08  1.00200e-07  1.02423e-07  1.04698e-07  1.06772e-07  1.08360e-07
  1.09165e-07  1.08880e-07  1.07212e-07  1.03931e-07  9.89120e-08  9.21738e-08
  8.38939e-08  7.43963e-08  6.41740e-08  5.38938e-08  4.43063e-08  3.60750e-08

  9.30323e-08  9.30350e-08  9.30385e-08  9.30428e-08  9.30482e-08  9.30550e-08
  9.30636e-08  9.30745e-08  9.30881e-08  9.31052e-08  9.31268e-08  9.31539e-08
  9.31880e-08  9.32308e-08  9.32846e-08  9.33522e-08  9.34369e-08  9.35432e-08
  9.36762e-08  9.38425e-08  9.40499e-08  9.43083e-08  9.46290e-08  9.50258e-08
  9.55149e-08  9.61154e-08  9.68475e-08  9.77324e-08  9.87999e-08  1.00072e-07
  1.01519e-07  1.03090e-07  1.04734e-07  1.06397e-07  1.07928e-07  1.09042e-07
  1.09435e-07  1.08812e-07  1.06896e-07  1.03463e-07  9.83865e-08  9.16679e-08
  8.34609e-08  7.40819e-08  6.39949e-08  5.38165e-08  4.42669e-08  3.60093e-08

  9.94686e-08  9.94704e-08  9.94727e-08  9.94757e-08  9.94793e-08  9.94839e-08
  9.94897e-08  9.94970e-08  9.95062e-08  9.95177e-08  9.95322e-08  9.95505e-08
  9.95735e-08  9.96023e-08  9.96386e-08  9.96841e-08  9.97412e-08  9.98128e-08
  9.99024e-08  1.00014e-07  1.00154e-07  1.00329e-07  1.00545e-07  1.00812e-07
  1.01142e-07  1.01545e-07  1.02037e-07  1.02631e-07  1.03338e-07  1.04176e-07
  1.05151e-07  1.06217e-07  1.07297e-07  1.08313e-07  1.09181e-07  1.09718e-07
  1.09629e-07  1.08614e-07  1.06410e-07  1.02804e-07  9.76691e-08  9.09956e-08
  8.29073e-08  7.36800e-08  6.37528e-08  5.37041e-08  4.42114e-08  3.59308e-08

  1.06081e-07  1.06082e-07  1.06083e-07  1.06085e-07  1.06086e-07  1.06089e-07
  1.06092e-07  1.06096e-07  1.06100e-07  1.06106e-07  1.06114e-07  1.06123e-07
  1.06135e-07  1.06149e-07  1.06168e-07  1.06191e-07  1.06220e-07  1.06257e-07
  1.06303e-07  1.06360e-07  1.06432e-07  1.06521e-07  1.06631e-07  1.06767e-07
  1.06935e-07  1.07140e-07  1.07389e-07  1.07688e-07  1.08042e-07  1.08451e-07
  1.08920e-07  1.09438e-07  1.09939e-07  1.10327e-07  1.10501e-07  1.10352e-07
  1.09690e-07  1.08226e-07  1.05694e-07  1.01892e-07  9.66966e-08  9.00871e-08
  8.21623e-08  7.31505e-08  6.34305e-08  5.35428e-08  4.41319e-08  3.58373e-08

  1.12527e-07  1.12527e-07  1.12528e-07  1.12528e-07  1.12528e-07  1.12528e-07
  1.12528e-07  1.12529e-07  1.12529e-07  1.12529e-07  1.12530e-07  1.12531e-07
  1.12532e-07  1.12533e-07  1.12534e-07  1.12536e-07  1.12538e-07  1.12541e-07
  1.12544e-07  1.12549e-07  1.12554e-07  1.12560e-07  1.12568e-07  1.12577e-07
  1.12588e-07  1.12600e-07  1.12612e-07  1.12624e-07  1.12632e-07  1.12632e-07
  1.12611e-07  1.12561e-07  1.12454e-07  1.12213e-07  1.11725e-07  1.10877e-07
  1.09552e-07  1.07568e-07  1.04671e-07  1.00654e-07  9.53954e-08  8.88680e-08
  8.11472e-08  7.24166e-08  6.29849e-08  5.33158e-08  4.40182e-08  3.57251e-08

  1.18304e-07  1.18303e-07  1.18302e-07  1.18301e-07  1.18299e-07  1.18298e-07
  1.18295e-07  1.18293e-07  1.18289e-07  1.18285e-07  1.18279e-07  1.18272e-07
  1.18263e-07  1.18252e-07  1.18238e-07  1.18220e-07  1.18198e-07  1.18170e-07
  1.18135e-07  1.18091e-07  1.18036e-07  1.17967e-07  1.17881e-07  1.17774e-07
  1.17641e-07  1.17476e-07  1.17271e-07  1.17018e-07  1.16707e-07  1.16326e-07
  1.15858e-07  1.15282e-07  1.14576e-07  1.13704e-07  1.12579e-07  1.11087e-07
  1.09111e-07  1.06547e-07  1.03242e-07  9.89954e-08  9.36774e-08  8.72527e-08
  7.97762e-08  7.13900e-08  6.23336e-08  5.29793e-08  4.38569e-08  3.55900e-08

  1.22736e-07  1.22735e-07  1.22733e-07  1.22731e-07  1.22728e-07  1.22725e-07
  1.22721e-07  1.22715e-07  1.22708e-07  1.22700e-07  1.22689e-07  1.22676e-07
  1.22659e-07  1.22637e-07  1.22611e-07  1.22577e-07  1.22535e-07  1.22481e-07
  1.22415e-07  1.22331e-07  1.22227e-07  1.22096e-07  1.21933e-07  1.21729e-07
  1.21477e-07  1.21164e-07  1.20777e-07  1.20303e-07  1.19722e-07  1.19016e-07
  1.18164e-07  1.17140e-07  1.15916e-07  1.14464e-07  1.12744e-07  1.10670e-07
  1.08135e-07  1.05038e-07  1.01299e-07  9.68099e-08  9.14421e-08  8.51439e-08
  7.79525e-08  6.99735e-08  6.13802e-08  5.24487e-08  4.36079e-08  3.54263e-08

  1.25014e-07  1.25012e-07  1.25010e-07  1.25007e-07  1.25003e-07  1.24999e-07
  1.24993e-07  1.24986e-07  1.24977e-07  1.24966e-07  1.24952e-07  1.24934e-07
  1.24911e-07  1.24883e-07  1.24847e-07  1.24803e-07  1.24746e-07  1.24676e-07
  1.24587e-07  1.24476e-07  1.24337e-07  1.24163e-07  1.23946e-07  1.23675e-07
  1.23339e-07  1.22921e-07  1.22405e-07  1.21771e-07  1.20996e-07  1.20053e-07
  1.18916e-07  1.17555e-07  1.15941e-07  1.14042e-07  1.11831e-07  1.09271e-07
  1.06289e-07  1.02793e-07  9.87065e-08  9.39861e-08  8.85827e-08  8.24395e-08
  7.55721e-08  6.80588e-08  6.00155e-08  5.16214e-08  4.31896e-08  3.52025e-08

  1.24278e-07  1.24276e-07  1.24273e-07  1.24270e-07  1.24266e-07  1.24261e-07
  1.24255e-07  1.24247e-07  1.24237e-07  1.24225e-07  1.24209e-07  1.24189e-07
  1.24164e-07  1.24133e-07  1.24093e-07  1.24043e-07  1.23981e-07  1.23903e-07
  1.23804e-07  1.23681e-07  1.23526e-07  1.23332e-07  1.23090e-07  1.22788e-07
  1.22411e-07  1.21944e-07  1.21365e-07  1.20652e-07  1.19778e-07  1.18712e-07
  1.17422e-07  1.15875e-07  1.14038e-07  1.11880e-07  1.09371e-07  1.06491e-07
  1.03214e-07  9.94825e-08  9.52266e-08  9.03997e-08  8.50019e-08  7.90451e-08
  7.25382e-08  6.55375e-08  5.81199e-08  5.03784e-08  4.24984e-08  3.48465e-08

  1.19784e-07  1.19782e-07  1.19780e-07  1.19776e-07  1.19773e-07  1.19768e-07
  1.19762e-07  1.19754e-07  1.19744e-07  1.19732e-07  1.19717e-07  1.19698e-07
  1.19674e-07  1.19643e-07  1.19605e-07  1.19557e-07  1.19496e-07  1.19420e-07
  1.19324e-07  1.19204e-07  1.19054e-07  1.18865e-07  1.18629e-07  1.18334e-07
  1.17966e-07  1.17508e-07  1.16939e-07  1.16235e-07  1.15369e-07  1.14309e-07
  1.13019e-07  1.11463e-07  1.09605e-07  1.07409e-07  1.04847e-07  1.01896e-07
  9.85438e-08  9.47800e-08  9.05629e-08  8.58440e-08  8.06061e-08  7.48948e-08
  6.87814e-08  6.23241e-08  5.55820e-08  4.85902e-08  4.14102e-08  3.42613e-08

  1.11122e-07  1.11120e-07  1.11118e-07  1.11115e-07  1.11112e-07  1.11108e-07
  1.11103e-07  1.11096e-07  1.11088e-07  1.11078e-07  1.11065e-07  1.11048e-07
  1.11028e-07  1.11002e-07  1.10969e-07  1.10928e-07  1.10877e-07  1.10812e-07
  1.10730e-07  1.10628e-07  1.10500e-07  1.10338e-07  1.10136e-07  1.09883e-07
  1.09567e-07  1.09172e-07  1.08680e-07  1.08068e-07  1.07312e-07  1.06381e-07
  1.05239e-07  1.03851e-07  1.02176e-07  1.00177e-07  9.78211e-08  9.50814e-08
  9.19413e-08  8.83993e-08  8.44557e-08  8.00812e-08  7.52417e-08  6.99459e-08
  6.42852e-08  5.83863e-08  5.23322e-08  4.61432e-08  3.97896e-08  3.33258e-08

  9.84401e-08  9.84389e-08  9.84374e-08  9.84355e-08  9.84331e-08  9.84301e-08
  9.84263e-08  9.84216e-08  9.84156e-08  9.84080e-08  9.83985e-08  9.83865e-08
  9.83715e-08  9.83525e-08  9.83286e-08  9.82986e-08  9.82608e-08  9.82133e-08
  9.81535e-08  9.80784e-08  9.79839e-08  9.78652e-08  9.77161e-08  9.75290e-08
  9.72943e-08  9.70004e-08  9.66327e-08  9.61737e-08  9.56018e-08  9.48917e-08
  9.40133e-08  9.29327e-08  9.16121e-08  9.00122e-08  8.80947e-08  8.58267e-08
  8.31838e-08  8.01529e-08  7.67377e-08  7.29438e-08  6.87451e-08  6.41120e-08
  5.90748e-08  5.37736e-08  4.83850e-08  4.29857e-08  3.75218e-08  3.19048e-08

  8.25870e-08  8.25863e-08  8.25854e-08  8.25843e-08  8.25829e-08  8.25811e-08
  8.25788e-08  8.25760e-08  8.25724e-08  8.25679e-08  8.25623e-08  8.25551e-08
  8.25462e-08  8.25349e-08  8.25207e-08  8.25028e-08  8.24802e-08  8.24519e-08
  8.24162e-08  8.23712e-08  8.23146e-08  8.22434e-08  8.21536e-08  8.20407e-08
  8.18985e-08  8.17194e-08  8.14942e-08  8.12108e-08  8.08546e-08  8.04074e-08
  7.98468e-08  7.91459e-08  7.82732e-08  7.71926e-08  7.58654e-08  7.42526e-08
  7.23199e-08  7.00406e-08  6.74002e-08  6.44016e-08  6.10477e-08  5.73044e-08
  5.31357e-08  4.85920e-08  4.38682e-08  3.91824e-08  3.45704e-08  2.98852e-08

  6.50586e-08  6.50583e-08  6.50580e-08  6.50575e-08  6.50569e-08  6.50562e-08
  6.50553e-08  6.50542e-08  6.50527e-08  6.50509e-08  6.50487e-08  6.50458e-08
  6.50422e-08  6.50376e-08  6.50319e-08  6.50247e-08  6.50156e-08  6.50041e-08
  6.49896e-08  6.49713e-08  6.49482e-08  6.49189e-08  6.48820e-08  6.48351e-08
  6.47757e-08  6.47001e-08  6.46039e-08  6.44810e-08  6.43239e-08  6.41224e-08
  6.38633e-08  6.35298e-08  6.31001e-08  6.25470e-08  6.18377e-08  6.09344e-08
  5.97967e-08  5.83860e-08  5.66696e-08  5.46258e-08  5.22512e-08  4.95390e-08
  4.64361e-08  4.28896e-08  3.89722e-08  3.49426e-08  3.10445e-08  2.72400e-08

  4.77131e-08  4.77131e-08  4.77131e-08  4.77131e-08  4.77131e-08  4.77131e-08
  4.77132e-08  4.77132e-08  4.77133e-08  4.77133e-08  4.77134e-08  4.77135e-08
  4.77136e-08  4.77137e-08  4.77139e-08  4.77141e-08  4.77143e-08  4.77145e-08
  4.77148e-08  4.77152e-08  4.77155e-08  4.77157e-08  4.77158e-08  4.77156e-08
  4.77148e-08  4.77130e-08  4.77093e-08  4.77027e-08  4.76912e-08  4.76719e-08
  4.76402e-08  4.75891e-08  4.75082e-08  4.73826e-08  4.71910e-08  4.69051e-08
  4.64889e-08  4.59004e-08  4.50953e-08  4.40319e-08  4.26779e-08  4.10208e-08
  3.90407e-08  3.66552e-08  3.37859e-08  3.05334e-08  2.72244e-08  2.41049e-08

  3.23089e-08  3.23090e-08  3.23092e-08  3.23095e-08  3.23098e-08  3.23102e-08
  3.23107e-08  3.23113e-08  3.23121e-08  3.23131e-08  3.23143e-08  3.23159e-08
  3.23178e-08  3.23203e-08  3.23234e-08  3.23273e-08  3.23322e-08  3.23383e-08
  3.23461e-08  3.23557e-08  3.23679e-08  3.23831e-08  3.24020e-08  3.24256e-08
  3.24550e-08  3.24913e-08  3.25361e-08  3.25910e-08  3.26578e-08  3.27381e-08
  3.28334e-08  3.29445e-08  3.30703e-08  3.32075e-08  3.33484e-08  3.34791e-08
  3.35771e-08  3.36102e-08  3.35363e-08  3.33061e-08  3.28682e-08  3.21791e-08
  3.12191e-08  2.99561e-08  2.82707e-08  2.60519e-08  2.34337e-08  2.08052e-08

e + h20 -> 2h0 + e
  1.07603e-12  7.55471e-12  3.86312e-11  1.49274e-10  4.50821e-10  1.09741e-09
  2.21423e-09  3.79789e-09  5.66498e-09  7.49924e-09  8.97089e-09  9.85291e-09
  1.00750e-08  9.70758e-09  8.90523e-09  7.84588e-09  6.68749e-09  5.54756e-09
  4.50027e-09  3.58345e-09  2.80882e-09  2.17175e-09  1.65878e-09  1.25277e-09
  9.36093e-10  6.92298e-10  5.06900e-10  3.67583e-10  2.64136e-10  1.88241e-10
  1.33226e-10  9.38200e-11  6.59157e-11  4.63670e-11  3.28045e-11  2.34769e-11
  1.71146e-11  1.28162e-11  9.95765e-12  8.12122e-12  7.04720e-12  6.60787e-12
  6.81380e-12  7.88151e-12  1.04559e-11  1.63074e-11  3.07299e-11  7.21099e-11

e + h20 -> h2+ + 2e
  3.64059e-15  4.64071e-14  4.30104e-13  2.98777e-12  1.60049e-11  6.78897e-11
  2.33727e-10  6.68187e-10  1.62016e-09  3.39743e-09  6.27262e-09  1.03649e-08
  1.55585e-08  2.15047e-08  2.77042e-08  3.36318e-08  3.88475e-08  4.30638e-08
  4.61595e-08  4.81542e-08  4.91644e-08  4.93570e-08  4.89122e-08  4.79976e-08
  4.67549e-08  4.52945e-08  4.36960e-08  4.20119e-08  4.02732e-08  3.84944e-08
  3.66789e-08  3.48239e-08  3.29245e-08  3.09770e-08  2.89818e-08  2.69452e-08
  2.48806e-08  2.28081e-08  2.07537e-08  1.87473e-08  1.68205e-08  1.50038e-08
  1.33245e-08  1.18048e-08  1.04607e-08  9.30262e-09  8.33604e-09  7.56408e-09

e + h20 -> h0 + h+ + 2e
  3.66702e-16  2.64696e-15  1.58126e-14  7.92220e-14  3.37099e-13  1.23295e-12
  3.92051e-12  1.09553e-11  2.71772e-11  6.04304e-11  1.21536e-10  2.22972e-10
  3.76149e-10  5.87873e-10  8.57162e-10  1.17363e-09  1.51821e-09  1.86599e-09
  2.19046e-09  2.46774e-09  2.67995e-09  2.81699e-09  2.87665e-09  2.86350e-09
  2.78706e-09  2.65970e-09  2.49476e-09  2.30513e-09  2.10224e-09  1.89556e-09
  1.69244e-09  1.49823e-09  1.31649e-09  1.14935e-09  9.97761e-10  8.61859e-10
  7.41181e-10  6.34876e-10  5.41870e-10  4.60976e-10  3.90979e-10  3.30690e-10
  2.78982e-10  2.34810e-10  1.97216e-10  1.65339e-10  1.38407e-10  1.15735e-10

e + h0 -> h+ + 2e
  3.35388e-14  2.73916e-13  1.72686e-12  8.61074e-12  3.47412e-11  1.15849e-10
  3.25659e-10  7.85996e-10  1.65665e-09  3.09737e-09  5.21136e-09  7.99510e-09
  1.13194e-08  1.49515e-08  1.86071e-08  2.20108e-08  2.49448e-08  2.72731e-08
  2.89440e-08  2.99750e-08  3.04316e-08  3.04043e-08  2.99911e-08  2.92849e-08
  2.83660e-08  2.72994e-08  2.61346e-08  2.49074e-08  2.36420e-08  2.23541e-08
  2.10534e-08  1.97457e-08  1.84352e-08  1.71262e-08  1.58236e-08  1.45343e-08
  1.32670e-08  1.20323e-08  1.08417e-08  9.70756e-09  8.64166e-09  7.65450e-09
  6.75457e-09  5.94786e-09  5.23773e-09  4.62505e-09  4.10881e-09  3.68687e-09

e + he0 -> he+ + 2e
  1.86084e-17  3.63027e-16  5.00871e-15  5.04303e-14  3.81593e-13  2.23045e-12
  1.03325e-11  3.88512e-11  1.21231e-10  3.20437e-10  7.31139e-10  1.46535e-09
  2.62109e-09  4.24554e-09  6.30989e-09  8.70811e-09  1.12794e-08  1.38441e-08
  1.62379e-08  1.83368e-08  2.00661e-08  2.13982e-08  2.23425e-08  2.29329e-08
  2.32160e-08  2.32412e-08  2.30551e-08  2.26976e-08  2.22007e-08  2.15887e-08
  2.08791e-08  2.00847e-08  1.92149e-08  1.82775e-08  1.72807e-08  1.62337e-08
  1.51480e-08  1.40376e-08  1.29188e-08  1.18098e-08  1.07295e-08  9.69649e-09
  8.72804e-09  7.83910e-09  7.04178e-09  6.34530e-09  5.75648e-09  5.28077e-09

e + h2+ -> 2h0
  5.56404e-08  4.84210e-08  4.21383e-08  3.66708e-08  3.19127e-08  2.77720e-08
  2.41686e-08  2.10327e-08  1.83037e-08  1.59287e-08  1.38620e-08  1.20634e-08
  1.04981e-08  9.13599e-09  7.95059e-09  6.91900e-09  6.02125e-09  5.23999e-09
  4.56010e-09  3.96842e-09  3.45351e-09  3.00542e-09  2.61546e-09  2.27610e-09
  1.98078e-09  1.72377e-09  1.50011e-09  1.30547e-09  1.13608e-09  9.88676e-10
  8.60394e-10  7.48757e-10  6.51605e-10  5.67059e-10  4.93482e-10  4.29453e-10
  3.73731e-10  3.25239e-10  2.83039e-10  2.46314e-10  2.14355e-10  1.86542e-10
  1.62338e-10  1.41274e-10  1.22944e-10  1.06992e-10  9.31094e-11  8.10284e-11

e + h2+ -> h0 + h+ + e
  1.80787e-08  2.68039e-08  3.73213e-08  4.91519e-08  6.16334e-08  7.40327e-08
  8.56613e-08  9.59648e-08  1.04573e-07  1.11308e-07  1.16165e-07  1.19269e-07
  1.20832e-07  1.21111e-07  1.20371e-07  1.18866e-07  1.16817e-07  1.14413e-07
  1.11802e-07  1.09097e-07  1.06379e-07  1.03698e-07  1.01084e-07  9.85464e-08
  9.60804e-08  9.36699e-08  9.12911e-08  8.89154e-08  8.65117e-08  8.40493e-08
  8.14997e-08  7.88392e-08  7.60505e-08  7.31241e-08  7.00598e-08  6.68670e-08
  6.35648e-08  6.01813e-08  5.67525e-08  5.33205e-08  4.99313e-08  4.66328e-08
  4.34724e-08  4.04956e-08  3.77445e-08  3.52575e-08  3.30697e-08  3.12147e-08

e + h2+ -> 2h+ +2e
  9.37117e-16  8.24474e-15  5.73299e-14  3.21214e-13  1.47683e-12  5.66813e-12
  1.84556e-11  5.17561e-11  1.26792e-10  2.74956e-10  5.34345e-10  9.41328e-10
  1.51924e-09  2.26848e-09  3.16216e-09  4.14922e-09  5.16378e-09  6.13729e-09
  7.00973e-09  7.73711e-09  8.29458e-09  8.67544e-09  8.88767e-09  8.94926e-09
  8.88371e-09  8.71627e-09  8.47117e-09  8.17004e-09  7.83106e-09  7.46877e-09
  7.09434e-09  6.71596e-09  6.33939e-09  5.96852e-09  5.60584e-09  5.25288e-09
  4.91059e-09  4.57956e-09  4.26028e-09  3.95327e-09  3.65913e-09  3.37864e-09
  3.11268e-09  2.86223e-09  2.62834e-09  2.41204e-09  2.21430e-09  2.03603e-09

e + fe0 -> fe+ ++ 2e
  2.03814e-11  9.14691e-11  3.42290e-10  1.08431e-09  2.95003e-09  6.98892e-09
  1.46088e-08  2.72817e-08  4.60603e-08  7.10963e-08  1.01395e-07  1.34938e-07
  1.69130e-07  2.01378e-07  2.29595e-07  2.52491e-07  2.69620e-07  2.81248e-07
  2.88127e-07  2.91258e-07  2.91699e-07  2.90424e-07  2.88249e-07  2.85797e-07
  2.83488e-07  2.81545e-07  2.80005e-07  2.78725e-07  2.77385e-07  2.75491e-07
  2.72389e-07  2.67292e-07  2.59342e-07  2.47710e-07  2.31745e-07  2.11154e-07
  1.86191e-07  1.57780e-07  1.27516e-07  9.74747e-08  6.98481e-08  4.64717e-08
  2.84149e-08  1.57943e-08  7.88928e-09  3.49838e-09  1.35961e-09  4.56898e-10

e + cu0 -> cu+ ++ 2e
  2.05070e-11  9.00827e-11  3.29003e-10  1.01512e-09  2.68675e-09  6.18939e-09
  1.25832e-08  2.28747e-08  3.76475e-08  5.67562e-08  7.92431e-08  1.03524e-07
  1.27764e-07  1.50282e-07  1.69851e-07  1.85830e-07  1.98138e-07  2.07123e-07
  2.13398e-07  2.17693e-07  2.20730e-07  2.23158e-07  2.25503e-07  2.28153e-07
  2.31354e-07  2.35195e-07  2.39607e-07  2.44343e-07  2.48959e-07  2.52798e-07
  2.54987e-07  2.54466e-07  2.50074e-07  2.40706e-07  2.25541e-07  2.04323e-07
  1.77616e-07  1.46938e-07  1.14650e-07  8.35596e-08  5.62970e-08  3.46747e-08
  1.92950e-08  9.57934e-09  4.18725e-09  1.58914e-09  5.16010e-10  1.41168e-10

e + ar0 -> ar+ ++ 2e
  2.01821e-10  3.89632e-10  7.27197e-10  1.31096e-09  2.28144e-09  3.83130e-09
  6.20771e-09  9.70481e-09  1.46426e-08  2.13307e-08  3.00197e-08  4.08455e-08
  5.37784e-08  6.85867e-08  8.48276e-08  1.01869e-07  1.18944e-07  1.35224e-07
  1.49911e-07  1.62314e-07  1.71919e-07  1.78423e-07  1.81742e-07  1.82001e-07
  1.79485e-07  1.74600e-07  1.67817e-07  1.59622e-07  1.50485e-07  1.40826e-07
  1.31002e-07  1.21298e-07  1.11930e-07  1.03049e-07  9.47503e-08  8.70826e-08
  8.00587e-08  7.36641e-08  6.78644e-08  6.26120e-08  5.78505e-08  5.35187e-08
  4.95534e-08  4.58913e-08  4.24707e-08  3.92332e-08  3.61251e-08  3.30996e-08


 ndfits created 14:22:55 on 07/10/86
