  Ionization Rate(jt,jn) (cm**3 s**-1)  Te(jt) = 10**(-1.2 + (jt-1)/10) jt=1,60
  jn =   1; jt = 1 -> 60 going by rows   ne(jn) = 10**(10 + 0.5*(jn-1)) jn=1,15 
  1.00000E-99  1.93927E-83  3.55450E-68  4.80970E-56  2.12248E-46  9.93194E-39
  1.25671E-32  9.04272E-28  6.67849E-24  8.09276E-21  2.33559E-18  2.15830E-16
  8.07709E-15  1.47468E-13  1.52338E-12  9.98876E-12  4.56711E-11  1.56456E-10
  4.25654E-10  9.62855E-10  1.87782E-09  3.24949E-09  5.10418E-09  7.40867E-09
  1.00762E-08  1.29813E-08  1.59765E-08  1.89101E-08  2.16417E-08  2.40537E-08
  2.60594E-08  2.76056E-08  2.86722E-08  2.92677E-08  2.94234E-08  2.91866E-08
  2.86139E-08  2.77659E-08  2.67026E-08  2.54802E-08  2.41490E-08  2.27526E-08
  2.13275E-08  1.99032E-08  1.85028E-08  1.71439E-08  1.58392E-08  1.45974E-08
  1.34241E-08  1.23219E-08  1.12919E-08  1.03333E-08  9.44439E-09  8.62252E-09
  7.86463E-09  7.16724E-09  6.52676E-09  5.93948E-09  5.40174E-09  4.90998E-09

  jn =   2
  1.00000E-99  3.08822E-83  5.22659E-68  6.61133E-56  2.75890E-46  1.23328E-38
  1.50370E-32  1.05014E-27  7.57140E-24  8.99853E-21  2.55652E-18  2.33238E-16
  8.63699E-15  1.56314E-13  1.60288E-12  1.04450E-11  4.75045E-11  1.62005E-10
  4.39057E-10  9.89916E-10  1.92520E-09  3.32359E-09  5.21005E-09  7.54939E-09
  1.02526E-08  1.31920E-08  1.62183E-08  1.91782E-08  2.19304E-08  2.43568E-08
  2.63705E-08  2.79188E-08  2.89823E-08  2.95704E-08  2.97152E-08  2.94648E-08
  2.88769E-08  2.80126E-08  2.69325E-08  2.56932E-08  2.43454E-08  2.29331E-08
  2.14926E-08  2.00538E-08  1.86398E-08  1.72682E-08  1.59518E-08  1.46991E-08
  1.35157E-08  1.24044E-08  1.13659E-08  1.03996E-08  9.50369E-09  8.67546E-09
  7.91177E-09  7.20915E-09  6.56393E-09  5.97238E-09  5.43079E-09  4.93557E-09

  jn =   3
  1.00000E-99  5.61422E-83  8.68897E-68  1.01617E-55  3.96572E-46  1.67632E-38
  1.95213E-32  1.31334E-27  9.18674E-24  1.06524E-20  2.96542E-18  2.65949E-16
  9.70417E-15  1.73366E-13  1.75717E-12  1.13319E-11  5.10534E-11  1.72640E-10
  4.64360E-10  1.04000E-09  2.01084E-09  3.45397E-09  5.39107E-09  7.78303E-09
  1.05371E-08  1.35228E-08  1.65886E-08  1.95800E-08  2.23551E-08  2.47957E-08
  2.68154E-08  2.83623E-08  2.94179E-08  2.99927E-08  3.01202E-08  2.98495E-08
  2.92393E-08  2.83516E-08  2.72476E-08  2.59846E-08  2.46137E-08  2.31790E-08
  2.17174E-08  2.02586E-08  1.88260E-08  1.74370E-08  1.61045E-08  1.48371E-08
  1.36402E-08  1.25165E-08  1.14667E-08  1.04902E-08  9.58490E-09  8.74823E-09
  7.97691E-09  7.26738E-09  6.61593E-09  6.01877E-09  5.47213E-09  4.97236E-09

  jn =   4
  1.00000E-99  1.21494E-82  1.72056E-67  1.85402E-55  6.72607E-46  2.66810E-38
  2.94241E-32  1.88978E-27  1.27039E-23  1.42319E-20  3.84334E-18  3.35411E-16
  1.19385E-14  2.08474E-13  2.06894E-12  1.30891E-11  5.79470E-11  1.92897E-10
  5.11637E-10  1.13183E-09  2.16493E-09  3.68410E-09  5.70438E-09  8.17928E-09
  1.10098E-08  1.40608E-08  1.71785E-08  2.02074E-08  2.30060E-08  2.54572E-08
  2.74761E-08  2.90125E-08  3.00497E-08  3.06000E-08  3.06984E-08  3.03955E-08
  2.97512E-08  2.88285E-08  2.76896E-08  2.63922E-08  2.49881E-08  2.35216E-08
  2.20299E-08  2.05428E-08  1.90838E-08  1.76704E-08  1.63153E-08  1.50272E-08
  1.38113E-08  1.26703E-08  1.16049E-08  1.06140E-08  9.69587E-09  8.84753E-09
  8.06570E-09  7.34671E-09  6.68675E-09  6.08194E-09  5.52844E-09  5.02253E-09

  jn =   5
  1.00000E-99  3.20326E-82  4.19614E-67  4.17419E-55  1.40017E-45  5.15562E-38
  5.30545E-32  3.19824E-27  2.03002E-23  2.15960E-20  5.56744E-18  4.66037E-16
  1.59779E-14  2.69758E-13  2.59685E-12  1.59883E-11  6.90761E-11  2.25027E-10
  5.85581E-10  1.27391E-09  2.40141E-09  4.03517E-09  6.18017E-09  8.77886E-09
  1.17226E-08  1.48695E-08  1.80619E-08  2.11433E-08  2.39726E-08  2.64350E-08
  2.84480E-08  2.99646E-08  3.09708E-08  3.14817E-08  3.15348E-08  3.11827E-08
  3.04870E-08  2.95123E-08  2.83217E-08  2.69739E-08  2.55213E-08  2.40087E-08
  2.24734E-08  2.09456E-08  1.94486E-08  1.80002E-08  1.66128E-08  1.52950E-08
  1.40520E-08  1.28864E-08  1.17985E-08  1.07874E-08  9.85088E-09  8.98600E-09
  8.18927E-09  7.45689E-09  6.78491E-09  6.16933E-09  5.60620E-09  5.09166E-09

  jn =   6
  1.00000E-99  9.60603E-82  1.17238E-66  1.07503E-54  3.30757E-45  1.11726E-37
  1.05895E-31  5.91685E-27  3.50662E-23  3.50876E-20  8.56592E-18  6.83095E-16
  2.24279E-14  3.64279E-13  3.38701E-12  2.02183E-11  8.49743E-11  2.70157E-10
  6.88131E-10  1.46926E-09  2.72502E-09  4.51502E-09  6.83168E-09  9.60338E-09
  1.27087E-08  1.59962E-08  1.93020E-08  2.24667E-08  2.53491E-08  2.78361E-08
  2.98485E-08  3.13427E-08  3.23090E-08  3.27664E-08  3.27558E-08  3.23335E-08
  3.15635E-08  3.05129E-08  2.92466E-08  2.78246E-08  2.63004E-08  2.47196E-08
  2.31199E-08  2.15318E-08  1.99788E-08  1.84786E-08  1.70436E-08  1.56822E-08
  1.43995E-08  1.31977E-08  1.20770E-08  1.10363E-08  1.00730E-08  9.18405E-09
  8.36568E-09  7.61388E-09  6.92451E-09  6.29336E-09  5.71632E-09  5.18937E-09

  jn =   7
  1.00000E-99  3.08145E-81  3.53223E-66  2.99907E-54  8.47080E-45  2.61892E-37
  2.27504E-31  1.17026E-26  6.42592E-23  6.00169E-20  1.37804E-17  1.04097E-15
  3.25825E-14  5.07304E-13  4.54289E-12  2.62321E-11  1.07048E-10  3.31644E-10
  8.25893E-10  1.72927E-09  3.15379E-09  5.15075E-09  7.69827E-09  1.07081E-08
  1.40430E-08  1.75382E-08  2.10201E-08  2.43231E-08  2.73033E-08  2.98478E-08
  3.18797E-08  3.33596E-08  3.42828E-08  3.46737E-08  3.45788E-08  3.40592E-08
  3.31837E-08  3.20229E-08  3.06450E-08  2.91125E-08  2.74808E-08  2.57968E-08
  2.40993E-08  2.24192E-08  2.07805E-08  1.92009E-08  1.76929E-08  1.62647E-08
  1.49210E-08  1.36638E-08  1.24930E-08  1.14070E-08  1.04030E-08  9.47746E-09
  8.62630E-09  7.84517E-09  7.12960E-09  6.47509E-09  5.87724E-09  5.33177E-09

  jn =   8
  1.07692E-99  1.06914E-80  1.16937E-65  9.31623E-54  2.43053E-44  6.86354E-37
  5.42270E-31  2.54316E-26  1.28180E-22  1.10798E-19  2.37322E-17  1.68411E-15
  4.98252E-14  7.37485E-13  6.31270E-12  3.50362E-11  1.38142E-10  4.15606E-10
  1.00973E-09  2.07118E-09  3.71393E-09  5.98199E-09  8.83947E-09  1.21805E-08
  1.58490E-08  1.96621E-08  2.34301E-08  2.69748E-08  3.01436E-08  3.28191E-08
  3.49241E-08  3.64223E-08  3.73144E-08  3.76321E-08  3.74298E-08  3.67764E-08
  3.57482E-08  3.44228E-08  3.28740E-08  3.11692E-08  2.93675E-08  2.75188E-08
  2.56639E-08  2.38353E-08  2.20577E-08  2.03494E-08  1.87229E-08  1.71863E-08
  1.57439E-08  1.43972E-08  1.31457E-08  1.19869E-08  1.09177E-08  9.93364E-09
  9.03023E-09  8.20248E-09  7.44539E-09  6.75396E-09  6.12332E-09  5.54878E-09

  jn =   9
  4.08911E-99  3.97911E-80  4.21938E-65  3.20737E-53  7.84092E-44  2.04406E-36
  1.47771E-30  6.31555E-26  2.89687E-22  2.28027E-19  4.46147E-17  2.90921E-15
  7.97650E-14  1.10521E-12  8.94796E-12  4.74362E-11  1.80183E-10  5.26083E-10
  1.24804E-09  2.51251E-09  4.44020E-09  7.07207E-09  1.03606E-08  1.41811E-08
  1.83537E-08  2.26688E-08  2.69097E-08  3.08740E-08  3.43903E-08  3.73287E-08
  3.96065E-08  4.11885E-08  4.20815E-08  4.23267E-08  4.19903E-08  4.11539E-08
  3.99062E-08  3.83357E-08  3.65265E-08  3.45544E-08  3.24850E-08  3.03737E-08
  2.82654E-08  2.61954E-08  2.41903E-08  2.22695E-08  2.04460E-08  1.87281E-08
  1.71197E-08  1.56220E-08  1.42336E-08  1.29514E-08  1.17711E-08  1.06877E-08
  9.69543E-09  8.78859E-09  7.96123E-09  7.20752E-09  6.52178E-09  5.89858E-09

  jn =  10
  1.60275E-98  1.53712E-79  1.59185E-64  1.17021E-52  2.73287E-43  6.71183E-36
  4.50313E-30  1.76014E-25  7.30267E-22  5.17588E-19  9.14042E-17  5.42192E-15
  1.36732E-13  1.76382E-12  1.34498E-11  6.78529E-11  2.47409E-10  6.98634E-10
  1.61333E-09  3.17938E-09  5.52692E-09  8.69420E-09  1.26203E-08  1.71579E-08
  2.20965E-08  2.71901E-08  3.21834E-08  3.68371E-08  4.09481E-08  4.43633E-08
  4.69861E-08  4.87766E-08  4.97453E-08  4.99439E-08  4.94536E-08  4.83735E-08
  4.68108E-08  4.48724E-08  4.26592E-08  4.02620E-08  3.77593E-08  3.52167E-08
  3.26876E-08  3.02132E-08  2.78247E-08  2.55442E-08  2.33866E-08  2.13604E-08
  1.94698E-08  1.77150E-08  1.60935E-08  1.46009E-08  1.32313E-08  1.19782E-08
  1.08342E-08  9.79198E-09  8.84412E-09  7.98336E-09  7.20270E-09  6.49549E-09

  jn =  11
  5.70455E-98  5.52759E-79  5.69141E-64  4.11807E-52  9.38040E-43  2.22208E-35
  1.41791E-29  5.19819E-25  2.00139E-21  1.30748E-18  2.11763E-16  1.14814E-14
  2.64572E-13  3.13002E-12  2.20425E-11  1.03645E-10  3.55800E-10  9.55719E-10
  2.12010E-09  4.04923E-09  6.87392E-09  1.06254E-08  1.52306E-08  2.05254E-08
  2.62768E-08  3.22114E-08  3.80428E-08  4.34999E-08  4.83494E-08  5.24123E-08
  5.55721E-08  5.77760E-08  5.90285E-08  5.93815E-08  5.89215E-08  5.77574E-08
  5.60087E-08  5.37968E-08  5.12375E-08  4.84367E-08  4.54875E-08  4.24691E-08
  3.94468E-08  3.64727E-08  3.35872E-08  3.08199E-08  2.81918E-08  2.57163E-08
  2.34009E-08  2.12483E-08  1.92573E-08  1.74240E-08  1.57426E-08  1.42056E-08
  1.28048E-08  1.15314E-08  1.03763E-08  9.33055E-09  8.38532E-09  7.53217E-09

  jn =  12
  1.66044E-97  1.66724E-78  1.76435E-63  1.29049E-51  2.94149E-42  6.89931E-35
  4.31661E-29  1.53638E-24  5.67408E-21  3.48515E-18  5.16367E-16  2.50010E-14
  5.09167E-13  5.34930E-12  3.39350E-11  1.46359E-10  4.69203E-10  1.19595E-09
  2.55114E-09  4.73485E-09  7.87392E-09  1.19951E-08  1.70209E-08  2.27819E-08
  2.90374E-08  3.55035E-08  4.18807E-08  4.78830E-08  5.32623E-08  5.78251E-08
  6.14427E-08  6.40520E-08  6.56502E-08  6.62842E-08  6.60382E-08  6.50207E-08
  6.33530E-08  6.11593E-08  5.85593E-08  5.56637E-08  5.25708E-08  4.93655E-08
  4.61188E-08  4.28884E-08  3.97204E-08  3.66500E-08  3.37033E-08  3.08989E-08
  2.82487E-08  2.57598E-08  2.34350E-08  2.12738E-08  1.92733E-08  1.74287E-08
  1.57339E-08  1.41817E-08  1.27643E-08  1.14736E-08  1.03011E-08  9.23853E-09

  jn =  13
  3.46781E-97  3.74561E-78  4.36529E-63  3.36711E-51  7.89354E-42  1.89118E-34
  1.19031E-28  4.20855E-24  1.50517E-20  8.51894E-18  1.10094E-15  4.53929E-14
  7.97720E-13  7.45110E-12  4.33144E-11  1.75421E-10  5.37901E-10  1.32893E-09
  2.77388E-09  5.07107E-09  8.34548E-09  1.26226E-08  1.78244E-08  2.37803E-08
  3.02479E-08  3.69403E-08  4.35538E-08  4.97979E-08  5.54191E-08  6.02190E-08
  6.40643E-08  6.68879E-08  6.86839E-08  6.94968E-08  6.94092E-08  6.85287E-08
  6.69762E-08  6.48758E-08  6.23477E-08  5.95031E-08  5.64411E-08  5.32473E-08
  4.99938E-08  4.67392E-08  4.35305E-08  4.04039E-08  3.73866E-08  3.44980E-08
  3.17514E-08  2.91547E-08  2.67120E-08  2.44239E-08  2.22889E-08  2.03033E-08
  1.84624E-08  1.67602E-08  1.51905E-08  1.37462E-08  1.24205E-08  1.12061E-08

  jn =  14
  4.77554E-97  5.52374E-78  7.50684E-63  6.41605E-51  1.61197E-41  4.03557E-34
  2.64348E-28  9.42976E-24  3.24188E-20  1.62494E-17  1.77112E-15  6.26962E-14
  9.89176E-13  8.61367E-12  4.78694E-11  1.88313E-10  5.66415E-10  1.38158E-09
  2.85906E-09  5.19721E-09  8.51975E-09  1.28533E-08  1.81181E-08  2.41442E-08
  3.06868E-08  3.74592E-08  4.41567E-08  5.04872E-08  5.61956E-08  6.10822E-08
  6.50120E-08  6.79170E-08  6.97901E-08  7.06752E-08  7.06545E-08  6.98352E-08
  6.83379E-08  6.62870E-08  6.38026E-08  6.09961E-08  5.79669E-08  5.48007E-08
  5.15697E-08  4.83328E-08  4.51372E-08  4.20193E-08  3.90063E-08  3.61178E-08
  3.33672E-08  3.07625E-08  2.83077E-08  2.60038E-08  2.38490E-08  2.18399E-08
  1.99718E-08  1.82388E-08  1.66347E-08  1.51526E-08  1.37858E-08  1.25273E-08

  jn =  15
  5.85568E-97  6.43345E-78  8.11277E-63  7.34903E-51  2.15553E-41  6.07369E-34
  4.17951E-28  1.53067E-23  5.09786E-20  2.28853E-17  2.20151E-15  7.15024E-14
  1.07253E-12  9.07487E-12  4.95765E-11  1.92961E-10  5.76369E-10  1.39969E-09
  2.88810E-09  5.23919E-09  8.57713E-09  1.29294E-08  1.82140E-08  2.42618E-08
  3.08333E-08  3.76338E-08  4.43648E-08  5.07265E-08  5.64665E-08  6.13808E-08
  6.53377E-08  6.82688E-08  7.01668E-08  7.10755E-08  7.10768E-08  7.02781E-08
  6.87999E-08  6.67665E-08  6.42981E-08  6.15063E-08  5.84903E-08  5.53361E-08
  5.21159E-08  4.88887E-08  4.57016E-08  4.25911E-08  3.95846E-08  3.67018E-08
  3.39558E-08  3.13549E-08  2.89030E-08  2.66011E-08  2.44476E-08  2.24389E-08
  2.05702E-08  1.88358E-08  1.72294E-08  1.57443E-08  1.43734E-08  1.31099E-08

  Recombination Rate(jt,jn) (cm**3 s**-1)
  jn =   1
  1.14268E-11  7.70523E-12  5.35457E-12  3.83013E-12  2.81268E-12  2.11381E-12
  1.62043E-12  1.26317E-12  9.98467E-13  7.98282E-13  6.44139E-13  5.23577E-13
  4.28005E-13  3.51374E-13  2.89340E-13  2.38722E-13  1.97153E-13  1.62841E-13
  1.34408E-13  1.10782E-13  9.11178E-14  7.47414E-14  6.11084E-14  4.97750E-14
  4.03747E-14  3.26024E-14  2.62010E-14  2.09524E-14  1.66705E-14  1.31962E-14
  1.03930E-14  8.14444E-15  6.35121E-15  4.92942E-15  3.80853E-15  2.92973E-15
  2.24440E-15  1.71266E-15  1.30206E-15  9.86463E-16  7.44921E-16  5.60801E-16
  4.20982E-16  3.15177E-16  2.35375E-16  1.75368E-16  1.30375E-16  9.67291E-17
  7.16298E-17  5.29493E-17  3.90756E-17  2.87924E-17  2.11846E-17  1.55657E-17
  1.14226E-17  8.37218E-18  6.12947E-18  4.48276E-18  3.27517E-18  2.39063E-18

  jn =   2
  2.01417E-11  1.24825E-11  8.05046E-12  5.39556E-12  3.74579E-12  2.68295E-12
  1.97440E-12  1.48689E-12  1.14168E-12  8.90862E-13  7.04403E-13  5.62975E-13
  4.53811E-13  3.68270E-13  3.00373E-13  2.45892E-13  2.01779E-13  1.65797E-13
  1.36274E-13  1.11941E-13  9.18237E-14  7.51599E-14  6.13475E-14  4.99042E-14
  4.04384E-14  3.26283E-14  2.62061E-14  2.09469E-14  1.66605E-14  1.31849E-14
  1.03822E-14  8.13482E-15  6.34310E-15  4.92280E-15  3.80325E-15  2.92560E-15
  2.24121E-15  1.71021E-15  1.30021E-15  9.85073E-16  7.43883E-16  5.60030E-16
  4.20412E-16  3.14758E-16  2.35067E-16  1.75144E-16  1.30212E-16  9.66106E-17
  7.15440E-17  5.28874E-17  3.90311E-17  2.87604E-17  2.11616E-17  1.55493E-17
  1.14109E-17  8.36388E-18  6.12358E-18  4.47860E-18  3.27223E-18  2.38856E-18

  jn =   3
  3.92670E-11  2.22413E-11  1.32091E-11  8.22152E-12  5.34662E-12  3.61736E-12
  2.53418E-12  1.82966E-12  1.35536E-12  1.02597E-12  7.90748E-13  6.18576E-13
  4.89779E-13  3.91580E-13  3.15466E-13  2.55631E-13  2.08025E-13  1.69767E-13
  1.38767E-13  1.13482E-13  9.27560E-14  7.57082E-14  6.16573E-14  5.00688E-14
  4.05169E-14  3.26575E-14  2.62087E-14  2.09364E-14  1.66446E-14  1.31679E-14
  1.03663E-14  8.12094E-15  6.33150E-15  4.91339E-15  3.79579E-15  2.91979E-15
  2.23673E-15  1.70681E-15  1.29764E-15  9.83146E-16  7.42447E-16  5.58967E-16
  4.19627E-16  3.14182E-16  2.34646E-16  1.74836E-16  1.29988E-16  9.64480E-17
  7.14264E-17  5.28023E-17  3.89697E-17  2.87163E-17  2.11299E-17  1.55266E-17
  1.13946E-17  8.35222E-18  6.11526E-18  4.47266E-18  3.26801E-18  2.38556E-18

  jn =   4
  8.59420E-11  4.43864E-11  2.41115E-11  1.38090E-11  8.32579E-12  5.26530E-12
  3.47617E-12  2.38366E-12  1.68908E-12  1.23099E-12  9.18668E-13  6.99325E-13
  5.41164E-13  4.24432E-13  3.36502E-13  2.69080E-13  2.16584E-13  1.75171E-13
  1.42140E-13  1.15555E-13  9.40028E-14  7.64361E-14  6.20643E-14  5.02814E-14
  4.06150E-14  3.26907E-14  2.62072E-14  2.09183E-14  1.66202E-14  1.31427E-14
  1.03431E-14  8.10088E-15  6.31486E-15  4.89998E-15  3.78520E-15  2.91156E-15
  2.23042E-15  1.70201E-15  1.29403E-15  9.80445E-16  7.40440E-16  5.57483E-16
  4.18535E-16  3.13381E-16  2.34061E-16  1.74410E-16  1.29679E-16  9.62241E-17
  7.12645E-17  5.26856E-17  3.88857E-17  2.86559E-17  2.10866E-17  1.54955E-17
  1.13724E-17  8.33633E-18  6.10391E-18  4.46457E-18  3.26224E-18  2.38145E-18

  jn =   5
  2.11301E-10  1.00084E-10  4.96522E-11  2.59944E-11  1.43929E-11  8.41619E-12
  5.17821E-12  3.33601E-12  2.23851E-12  1.55625E-12  1.11536E-12  8.20275E-13
  6.16479E-13  4.71734E-13  3.66351E-13  2.87936E-13  2.28465E-13  1.82610E-13
  1.46750E-13  1.18368E-13  9.56832E-14  7.74094E-14  6.26028E-14  5.05579E-14
  4.07381E-14  3.27277E-14  2.61989E-14  2.08887E-14  1.65831E-14  1.31055E-14
  1.03092E-14  8.07191E-15  6.29096E-15  4.88078E-15  3.77009E-15  2.89983E-15
  2.22144E-15  1.69520E-15  1.28891E-15  9.76623E-16  7.37603E-16  5.55389E-16
  4.16996E-16  3.12254E-16  2.33239E-16  1.73813E-16  1.29246E-16  9.59108E-17
  7.10385E-17  5.25229E-17  3.87687E-17  2.85720E-17  2.10265E-17  1.54525E-17
  1.13417E-17  8.31443E-18  6.08830E-18  4.45346E-18  3.25434E-18  2.37584E-18

  jn =   6
  5.72799E-10  2.53159E-10  1.15698E-10  5.54041E-11  2.80182E-11  1.50096E-11
  8.51239E-12  5.09424E-12  3.20162E-12  2.10155E-12  1.43275E-12  1.00918E-12
  7.30860E-13  5.41868E-13  4.09710E-13  3.14854E-13  2.45180E-13  1.92948E-13
  1.53090E-13  1.22202E-13  9.79534E-14  7.87122E-14  6.33151E-14  5.09170E-14
  4.08918E-14  3.27671E-14  2.61789E-14  2.08417E-14  1.65273E-14  1.30506E-14
  1.02600E-14  8.02998E-15  6.25652E-15  4.85320E-15  3.74841E-15  2.88305E-15
  2.20861E-15  1.68548E-15  1.28161E-15  9.71177E-16  7.33565E-16  5.52410E-16
  4.14809E-16  3.10655E-16  2.32073E-16  1.72966E-16  1.28632E-16  9.54676E-17
  7.07190E-17  5.22930E-17  3.86038E-17  2.84537E-17  2.09419E-17  1.53921E-17
  1.12986E-17  8.28372E-18  6.06645E-18  4.43792E-18  3.24331E-18  2.36801E-18

  jn =   7
  1.65467E-09  7.00143E-10  3.00695E-10  1.33289E-10  6.18191E-11  3.02671E-11
  1.57058E-11  8.63816E-12  5.02266E-12  3.07436E-12  1.97077E-12  1.31575E-12
  9.09885E-13  6.48422E-13  4.74004E-13  3.53980E-13  2.69074E-13  2.07521E-13
  1.61918E-13  1.27483E-13  1.01048E-13  8.04686E-14  6.42620E-14  5.13837E-14
  4.10820E-14  3.28050E-14  2.61391E-14  2.07677E-14  1.64435E-14  1.29699E-14
  1.01882E-14  7.96929E-15  6.20687E-15  4.81354E-15  3.71732E-15  2.85902E-15
  2.19024E-15  1.67158E-15  1.27117E-15  9.63392E-16  7.27793E-16  5.48153E-16
  4.11683E-16  3.08369E-16  2.30408E-16  1.71756E-16  1.27756E-16  9.48348E-17
  7.02631E-17  5.19653E-17  3.83687E-17  2.82854E-17  2.08215E-17  1.53062E-17
  1.12374E-17  8.24014E-18  6.03547E-18  4.41593E-18  3.22770E-18  2.35695E-18

  jn =   8
  4.90518E-09  2.03975E-09  8.45958E-10  3.55242E-10  1.53314E-10  6.89332E-11
  3.26506E-11  1.64051E-11  8.76018E-12  4.95947E-12  2.96185E-12  1.85492E-12
  1.21123E-12  8.20398E-13  5.73736E-13  4.12506E-13  3.03690E-13  2.28063E-13
  1.74084E-13  1.34626E-13  1.05168E-13  8.27729E-14  6.54844E-14  5.19717E-14
  4.13080E-14  3.28338E-14  2.60687E-14  2.06550E-14  1.63202E-14  1.28526E-14
  1.00846E-14  7.88186E-15  6.13538E-15  4.75643E-15  3.67250E-15  2.82435E-15
  2.16373E-15  1.65151E-15  1.25610E-15  9.52152E-16  7.19464E-16  5.42012E-16
  4.07178E-16  3.05077E-16  2.28011E-16  1.70017E-16  1.26498E-16  9.39268E-17
  6.96093E-17  5.14956E-17  3.80318E-17  2.80442E-17  2.06492E-17  1.51832E-17
  1.11497E-17  8.17778E-18  5.99115E-18  4.38447E-18  3.20540E-18  2.34116E-18

  jn =   9
  1.44649E-08  6.03340E-09  2.47712E-09  1.01159E-09  4.16207E-10  1.75411E-10
  7.70061E-11  3.56175E-11  1.74348E-11  9.03037E-12  4.93915E-12  2.84592E-12
  1.72304E-12  1.09263E-12  7.22674E-13  4.96070E-13  3.51523E-13  2.55805E-13
  1.90250E-13  1.44001E-13  1.10517E-13  8.57279E-14  6.70253E-14  5.26902E-14
  4.15621E-14  3.28381E-14  2.59504E-14  2.04871E-14  1.61431E-14  1.26870E-14
  9.93957E-15  7.76003E-15  6.03600E-15  4.67710E-15  3.61021E-15  2.77609E-15
  2.12674E-15  1.62342E-15  1.23493E-15  9.36311E-16  7.07678E-16  5.33290E-16
  4.00753E-16  3.00365E-16  2.24569E-16  1.67512E-16  1.24680E-16  9.26123E-17
  6.86614E-17  5.08138E-17  3.75427E-17  2.76941E-17  2.03991E-17  1.50049E-17
  1.10228E-17  8.08754E-18  5.92710E-18  4.33906E-18  3.17324E-18  2.31841E-18

  jn =  10
  4.11461E-08  1.75680E-08  7.28598E-09  2.96521E-09  1.19691E-09  4.86403E-10
  2.02129E-10  8.68966E-11  3.89622E-11  1.83387E-11  9.10838E-12  4.78998E-12
  2.66974E-12  1.57419E-12  9.77640E-13  6.35602E-13  4.29734E-13  3.00269E-13
  2.15645E-13  1.58431E-13  1.18585E-13  9.00994E-14  6.92614E-14  5.37110E-14
  4.19098E-14  3.28308E-14  2.57718E-14  2.02415E-14  1.58868E-14  1.24485E-14
  9.73133E-15  7.58543E-15  5.89373E-15  4.56361E-15  3.52117E-15  2.70717E-15
  2.07399E-15  1.58342E-15  1.20484E-15  9.13828E-16  6.90981E-16  5.20955E-16
  3.91682E-16  2.93721E-16  2.19719E-16  1.63983E-16  1.22120E-16  9.07590E-17
  6.73231E-17  4.98494E-17  3.68490E-17  2.71961E-17  2.00421E-17  1.47495E-17
  1.08404E-17  7.95747E-18  5.83449E-18  4.27323E-18  3.12652E-18  2.28530E-18

  jn =  11
  1.05425E-07  4.79848E-08  2.06965E-08  8.60736E-09  3.49552E-09  1.40521E-09
  5.66698E-10  2.32111E-10  9.77052E-11  4.27266E-11  1.95532E-11  9.41380E-12
  4.78889E-12  2.58056E-12  1.47212E-12  8.85935E-13  5.59581E-13  3.68866E-13
  2.52334E-13  1.78168E-13  1.29174E-13  9.56959E-14  7.21158E-14  5.50602E-14
  4.24415E-14  3.29303E-14  2.56554E-14  2.00296E-14  1.56456E-14  1.22126E-14
  9.51756E-15  7.40038E-15  5.73843E-15  4.43624E-15  3.41855E-15  2.62568E-15
  2.01007E-15  1.53381E-15  1.16670E-15  8.84752E-16  6.68985E-16  5.04430E-16
  3.79348E-16  2.84570E-16  2.12967E-16  1.59025E-16  1.18497E-16  8.81228E-17
  6.54121E-17  4.84691E-17  3.58551E-17  2.64825E-17  1.95310E-17  1.43842E-17
  1.05798E-17  7.77192E-18  5.70254E-18  4.17951E-18  3.06002E-18  2.23816E-18

  jn =  12
  2.34598E-07  1.17480E-07  5.46379E-08  2.38643E-08  9.99465E-09  4.07271E-09
  1.63952E-09  6.60644E-10  2.69259E-10  1.11377E-10  4.67752E-11  2.01239E-11
  9.03445E-12  4.30961E-12  2.20497E-12  1.21096E-12  7.10449E-13  4.41999E-13
  2.89229E-13  1.97452E-13  1.39560E-13  1.01420E-13  7.53178E-14  5.68584E-14
  4.34403E-14  3.34664E-14  2.59215E-14  2.01386E-14  1.56648E-14  1.21827E-14
  9.46308E-15  7.33621E-15  5.67328E-15  4.37495E-15  3.36356E-15  2.57792E-15
  1.96959E-15  1.50016E-15  1.13916E-15  8.62512E-16  6.51228E-16  4.90398E-16
  3.68359E-16  2.76035E-16  2.06389E-16  1.53992E-16  1.14672E-16  8.52335E-17
  6.32430E-17  4.68499E-17  3.46531E-17  2.55948E-17  1.88787E-17  1.39072E-17
  1.02325E-17  7.52015E-18  5.52076E-18  4.04876E-18  2.96630E-18  2.17120E-18

  jn =  13
  4.07314E-07  2.34339E-07  1.26297E-07  6.04995E-08  2.68523E-08  1.14330E-08
  4.70879E-09  1.90804E-09  7.59501E-10  2.91046E-10  1.06913E-10  3.91929E-11
  1.51646E-11  6.41450E-12  2.99667E-12  1.53893E-12  8.59759E-13  5.16112E-13
  3.28992E-13  2.20260E-13  1.53402E-13  1.10213E-13  8.11035E-14  6.07649E-14
  4.61243E-14  3.53293E-14  2.72197E-14  2.10423E-14  1.62904E-14  1.26117E-14
  9.75358E-15  7.52964E-15  5.79937E-15  4.45492E-15  3.41244E-15  2.60625E-15
  1.98465E-15  1.50689E-15  1.14089E-15  8.61408E-16  6.48676E-16  4.87253E-16
  3.65128E-16  2.72996E-16  2.03679E-16  1.51659E-16  1.12714E-16  8.36222E-17
  6.19375E-17  4.58056E-17  3.38266E-17  2.49468E-17  1.83750E-17  1.35185E-17
  9.93467E-18  7.29342E-18  5.34921E-18  3.91970E-18  2.86977E-18  2.09937E-18

  jn =  14
  5.23778E-07  3.51929E-07  2.36033E-07  1.31480E-07  6.47968E-08  2.95784E-08
  1.29129E-08  5.34673E-09  2.06311E-09  7.03605E-10  2.18424E-10  6.87134E-11
  2.38081E-11  9.34851E-12  4.15185E-12  2.05764E-12  1.11957E-12  6.58592E-13
  4.13073E-13  2.72917E-13  1.87906E-13  1.33638E-13  9.74116E-14  7.23234E-14
  5.44071E-14  4.13010E-14  3.15331E-14  2.41532E-14  1.85253E-14  1.42080E-14
  1.08858E-14  8.32643E-15  6.35550E-15  4.83978E-15  3.67648E-15  2.78582E-15
  2.10570E-15  1.58776E-15  1.19440E-15  8.96468E-16  6.71392E-16  5.01786E-16
  3.74286E-16  2.78660E-16  2.07097E-16  1.53652E-16  1.13817E-16  8.41818E-17
  6.21738E-17  4.58573E-17  3.37796E-17  2.48528E-17  1.82643E-17  1.34080E-17
  9.83297E-18  7.20431E-18  5.27363E-18  3.85710E-18  2.81882E-18  2.05849E-18

  jn =  15
  6.35259E-07  4.67222E-07  3.23831E-07  2.07310E-07  1.26677E-07  6.80288E-08
  3.22185E-08  1.40146E-08  5.32300E-09  1.64293E-09  4.52786E-10  1.30955E-10
  4.30833E-11  1.63716E-11  7.10227E-12  3.45400E-12  1.84846E-12  1.07129E-12
  6.62555E-13  4.31844E-13  2.93447E-13  2.06011E-13  1.48192E-13  1.08537E-13
  8.05099E-14  6.02090E-14  4.52512E-14  3.40865E-14  2.56894E-14  1.93455E-14
  1.45457E-14  1.09151E-14  8.17294E-15  6.10629E-15  4.55271E-15  3.38785E-15
  2.51663E-15  1.86653E-15  1.38244E-15  1.02262E-15  7.55610E-16  5.57743E-16
  4.11301E-16  3.03038E-16  2.23084E-16  1.64091E-16  1.20604E-16  8.85726E-17
  6.49995E-17  4.76649E-17  3.49277E-17  2.55759E-17  1.87148E-17  1.36848E-17
  1.00000E-17  7.30261E-18  5.32936E-18  3.88689E-18  2.83313E-18  2.06384E-18

  Neutral Electron Losses(jt,jn)  (erg s**-1)
  jn =   1
  7.39511E-79  1.83809E-64  4.91311E-53  5.76842E-44  9.10015E-37  4.68992E-31
  1.59948E-26  6.32485E-23  4.52808E-20  8.36426E-18  5.28377E-16  1.42768E-14
  1.96962E-13  1.59511E-12  8.46334E-12  3.20861E-11  9.31264E-11  2.18682E-10
  4.34320E-10  7.55929E-10  1.18583E-09  1.71369E-09  2.31992E-09  2.97926E-09
  3.66364E-09  4.34443E-09  4.99438E-09  5.58948E-09  6.11032E-09  6.54312E-09
  6.87997E-09  7.11855E-09  7.26132E-09  7.31451E-09  7.28695E-09  7.18904E-09
  7.03182E-09  6.82628E-09  6.58281E-09  6.31093E-09  6.01909E-09  5.71459E-09
  5.40359E-09  5.09120E-09  4.78155E-09  4.47794E-09  4.18288E-09  3.89828E-09
  3.62550E-09  3.36546E-09  3.11872E-09  2.88554E-09  2.66597E-09  2.45985E-09
  2.26690E-09  2.08672E-09  1.91884E-09  1.76273E-09  1.61784E-09  1.48358E-09

  jn =   2
  2.33854E-78  5.81255E-64  1.55366E-52  1.82413E-43  2.87772E-36  1.48308E-30
  5.05798E-26  2.00009E-22  1.43190E-19  2.64495E-17  1.67073E-15  4.51357E-14
  6.22474E-13  5.03825E-12  2.67103E-11  1.01160E-10  2.93267E-10  6.87825E-10
  1.36448E-09  2.37236E-09  3.71822E-09  5.36955E-09  7.26528E-09  9.32688E-09
  1.14670E-08  1.35967E-08  1.56310E-08  1.74950E-08  1.91280E-08  2.04868E-08
  2.15464E-08  2.22993E-08  2.27527E-08  2.29258E-08  2.28460E-08  2.25454E-08
  2.20584E-08  2.14194E-08  2.06608E-08  1.98124E-08  1.89007E-08  1.79486E-08
  1.69754E-08  1.59974E-08  1.50274E-08  1.40759E-08  1.31508E-08  1.22582E-08
  1.14024E-08  1.05863E-08  9.81179E-09  9.07965E-09  8.39007E-09  7.74260E-09
  7.13637E-09  6.57016E-09  6.04250E-09  5.55177E-09  5.09621E-09  4.67400E-09

  jn =   3
  7.39509E-78  1.83809E-63  4.91309E-52  5.76841E-43  9.10012E-36  4.68991E-30
  1.59947E-25  6.32483E-22  4.52802E-19  8.36370E-17  5.28243E-15  1.42663E-13
  1.96620E-12  1.58966E-11  8.41420E-11  3.18038E-10  9.19957E-10  2.15282E-09
  4.26188E-09  7.39714E-09  1.15785E-08  1.67066E-08  2.25950E-08  2.90035E-08
  3.56638E-08  4.23006E-08  4.86497E-08  5.44770E-08  5.95919E-08  6.38580E-08
  6.71953E-08  6.95782E-08  7.10280E-08  7.16026E-08  7.13861E-08  7.04780E-08
  6.89849E-08  6.70134E-08  6.46647E-08  6.20318E-08  5.91976E-08  5.62339E-08
  5.32014E-08  5.01508E-08  4.71231E-08  4.41509E-08  4.12597E-08  3.84685E-08
  3.57910E-08  3.32367E-08  3.08115E-08  2.85181E-08  2.63574E-08  2.43279E-08
  2.24272E-08  2.06515E-08  1.89962E-08  1.74564E-08  1.60266E-08  1.47012E-08

  jn =   4
  2.33851E-77  5.81249E-63  1.55365E-51  1.82412E-42  2.87769E-35  1.48307E-29
  5.05795E-25  2.00007E-21  1.43186E-18  2.64459E-16  1.66987E-14  4.50680E-13
  6.20292E-12  5.00381E-11  2.64028E-10  9.94162E-10  2.86382E-09  6.67461E-09
  1.31664E-08  2.27882E-08  3.56018E-08  5.13182E-08  6.93919E-08  8.91116E-08
  1.09670E-07  1.30226E-07  1.49960E-07  1.68138E-07  1.84155E-07  1.97572E-07
  2.08127E-07  2.15728E-07  2.20430E-07  2.22406E-07  2.21910E-07  2.19248E-07
  2.14750E-07  2.08744E-07  2.01547E-07  1.93447E-07  1.84703E-07  1.75541E-07
  1.66151E-07  1.56691E-07  1.47291E-07  1.38055E-07  1.29061E-07  1.20373E-07
  1.12032E-07  1.04070E-07  9.65053E-08  8.93485E-08  8.26018E-08  7.62622E-08
  7.03220E-08  6.47700E-08  5.95928E-08  5.47748E-08  5.02996E-08  4.61497E-08

  jn =   5
  7.39481E-77  1.83802E-62  4.91295E-51  5.76825E-42  9.09990E-35  4.68980E-29
  1.59944E-24  6.32467E-21  4.52771E-18  8.36130E-16  5.27696E-14  1.42246E-12
  1.95318E-11  1.56970E-10  8.24047E-10  3.08412E-09  8.82719E-09  2.04463E-08
  4.01164E-08  6.91444E-08  1.07728E-07  1.55077E-07  2.09675E-07  2.69497E-07
  3.32188E-07  3.95225E-07  4.56098E-07  5.12503E-07  5.62515E-07  6.04706E-07
  6.38192E-07  6.62622E-07  6.78113E-07  6.85154E-07  6.84503E-07  6.77083E-07
  6.63900E-07  6.45967E-07  6.24258E-07  5.99672E-07  5.73014E-07  5.44985E-07
  5.16183E-07  4.87107E-07  4.58163E-07  4.29678E-07  4.01907E-07  3.75043E-07
  3.49229E-07  3.24562E-07  3.01107E-07  2.78897E-07  2.57945E-07  2.38242E-07
  2.19769E-07  2.02492E-07  1.86372E-07  1.71363E-07  1.57413E-07  1.44472E-07

  jn =   6
  2.33824E-76  5.81188E-62  1.55350E-50  1.82396E-41  2.87747E-34  1.48297E-28
  5.05762E-24  1.99993E-20  1.43163E-17  2.64311E-15  1.66674E-13  4.48414E-12
  6.13495E-11  4.90311E-10  2.55522E-09  9.48212E-09  2.68979E-08  6.17757E-08
  1.20319E-07  2.06206E-07  3.20063E-07  4.59876E-07  6.21644E-07  7.99866E-07
  9.87892E-07  1.17836E-06  1.36370E-06  1.53681E-06  1.69160E-06  1.82344E-06
  1.92935E-06  2.00797E-06  2.05943E-06  2.08502E-06  2.08691E-06  2.06783E-06
  2.03078E-06  1.97882E-06  1.91491E-06  1.84182E-06  1.76203E-06  1.67769E-06
  1.59068E-06  1.50255E-06  1.41457E-06  1.32779E-06  1.24300E-06  1.16084E-06
  1.08175E-06  1.00606E-06  9.33996E-07  8.65672E-07  8.01140E-07  7.40393E-07
  6.83377E-07  6.30004E-07  5.80160E-07  5.33709E-07  4.90505E-07  4.50391E-07

  jn =   7
  7.39206E-76  1.83741E-61  4.91149E-50  5.76670E-41  9.09768E-34  4.68876E-28
  1.59911E-23  6.32330E-20  4.52604E-17  8.35228E-15  5.25978E-13  1.41079E-11
  1.91980E-10  1.52214E-09  7.85185E-09  2.87991E-08  8.07135E-08  1.83269E-07
  3.53450E-07  6.01143E-07  9.28263E-07  1.33011E-06  1.79687E-06  2.31438E-06
  2.86468E-06  3.42702E-06  3.97930E-06  4.50019E-06  4.97093E-06  5.37679E-06
  5.70784E-06  5.95904E-06  6.12980E-06  6.22321E-06  6.24510E-06  6.20313E-06
  6.10597E-06  5.96259E-06  5.78176E-06  5.57173E-06  5.33997E-06  5.09309E-06
  4.83677E-06  4.57581E-06  4.31420E-06  4.05516E-06  3.80126E-06  3.55448E-06
  3.31632E-06  3.08786E-06  2.86984E-06  2.66271E-06  2.46671E-06  2.28187E-06
  2.10810E-06  1.94518E-06  1.79280E-06  1.65060E-06  1.51816E-06  1.39504E-06

  jn =   8
  2.33549E-75  5.80579E-61  1.55204E-49  1.82242E-40  2.87526E-33  1.48192E-27
  5.05431E-23  1.99861E-19  1.43027E-16  2.63714E-14  1.65669E-12  4.42103E-11
  5.96506E-10  4.67329E-09  2.37573E-08  8.57530E-08  2.36509E-07  5.29106E-07
  1.00757E-06  1.69672E-06  2.60177E-06  3.71255E-06  5.00651E-06  6.44940E-06
  7.99537E-06  9.58911E-06  1.11698E-05  1.26771E-05  1.40563E-05  1.52633E-05
  1.62669E-05  1.70493E-05  1.76056E-05  1.79416E-05  1.80712E-05  1.80142E-05
  1.77938E-05  1.74344E-05  1.69606E-05  1.63956E-05  1.57609E-05  1.50757E-05
  1.43566E-05  1.36181E-05  1.28721E-05  1.21286E-05  1.13955E-05  1.06792E-05
  9.98462E-06  9.31543E-06  8.67425E-06  8.06287E-06  7.48233E-06  6.93312E-06
  6.41526E-06  5.92838E-06  5.47183E-06  5.04474E-06  4.64607E-06  4.27465E-06

  jn =   9
  7.36465E-75  1.83134E-60  4.89692E-49  5.75127E-40  9.07557E-33  4.67833E-27
  1.59581E-22  6.31037E-19  4.51394E-16  8.30772E-14  5.19493E-12  1.37429E-10
  1.83009E-09  1.40981E-08  7.02980E-08  2.48608E-07  6.71835E-07  1.47430E-06
  2.75922E-06  4.57822E-06  6.93723E-06  9.81061E-06  1.31483E-05  1.68748E-05
  2.08862E-05  2.50531E-05  2.92289E-05  3.32632E-05  3.70158E-05  4.03681E-05
  4.32306E-05  4.55465E-05  4.72899E-05  4.84632E-05  4.90910E-05  4.92146E-05
  4.88866E-05  4.81652E-05  4.71109E-05  4.57829E-05  4.42372E-05  4.25250E-05
  4.06923E-05  3.87790E-05  3.68197E-05  3.48435E-05  3.28743E-05  3.09320E-05
  2.90321E-05  2.71870E-05  2.54061E-05  2.36963E-05  2.20621E-05  2.05068E-05
  1.90318E-05  1.76375E-05  1.63235E-05  1.50882E-05  1.39299E-05  1.28462E-05

  jn =  10
  2.30835E-74  5.74557E-60  1.53759E-48  1.80709E-39  2.85329E-32  1.47155E-26
  5.02151E-22  1.98583E-18  1.41900E-15  2.60106E-13  1.61142E-11  4.19538E-10
  5.46205E-09  4.09123E-08  1.97564E-07  6.74972E-07  1.76063E-06  3.73219E-06
  6.76313E-06  1.09040E-05  1.61251E-05  2.23606E-05  2.95237E-05  3.74947E-05
  4.61061E-05  5.51395E-05  6.43341E-05  7.34090E-05  8.20871E-05  9.01177E-05
  9.72935E-05  1.03460E-04  1.08518E-04  1.12422E-04  1.15172E-04  1.16808E-04
  1.17398E-04  1.17032E-04  1.15810E-04  1.13842E-04  1.11235E-04  1.08098E-04
  1.04531E-04  1.00627E-04  9.64721E-05  9.21419E-05  8.77037E-05  8.32157E-05
  7.87280E-05  7.42825E-05  6.99144E-05  6.56520E-05  6.15180E-05  5.75299E-05
  5.37009E-05  5.00402E-05  4.65536E-05  4.32443E-05  4.01129E-05  3.71582E-05

  jn =  11
  7.10137E-74  1.77273E-59  4.75590E-48  5.60139E-39  8.86021E-32  4.57653E-26
  1.56354E-21  6.18498E-18  4.40692E-15  7.99389E-13  4.83981E-11  1.21330E-09
  1.50094E-08  1.05835E-07  4.78826E-07  1.53168E-06  3.75136E-06  7.50779E-06
  1.29378E-05  1.99964E-05  2.85766E-05  3.85852E-05  4.99449E-05  6.25553E-05
  7.62542E-05  9.08021E-05  1.05887E-04  1.21151E-04  1.36218E-04  1.50730E-04
  1.64362E-04  1.76848E-04  1.87981E-04  1.97618E-04  2.05676E-04  2.12123E-04
  2.16970E-04  2.20265E-04  2.22078E-04  2.22501E-04  2.21638E-04  2.19601E-04
  2.16505E-04  2.12466E-04  2.07601E-04  2.02021E-04  1.95837E-04  1.89151E-04
  1.82064E-04  1.74667E-04  1.67048E-04  1.59286E-04  1.51454E-04  1.43618E-04
  1.35838E-04  1.28165E-04  1.20645E-04  1.13315E-04  1.06208E-04  9.93489E-05

  jn =  12
  2.06803E-73  5.20564E-59  1.40662E-47  1.66694E-38  2.65072E-31  1.37532E-25
  4.71526E-21  1.86682E-17  1.31935E-14  2.32475E-12  1.32548E-10  3.03889E-09
  3.38285E-08  2.14334E-07  8.78678E-07  2.58012E-06  5.88366E-06  1.11141E-05
  1.82982E-05  2.73008E-05  3.79862E-05  5.02853E-05  6.41719E-05  7.96000E-05
  9.64506E-05  1.14511E-04  1.33479E-04  1.52989E-04  1.72649E-04  1.92069E-04
  2.10890E-04  2.28806E-04  2.45566E-04  2.60983E-04  2.74926E-04  2.87318E-04
  2.98123E-04  3.07338E-04  3.14988E-04  3.21113E-04  3.25769E-04  3.29016E-04
  3.30918E-04  3.31542E-04  3.30955E-04  3.29223E-04  3.26412E-04  3.22585E-04
  3.17810E-04  3.12150E-04  3.05673E-04  2.98447E-04  2.90542E-04  2.82029E-04
  2.72983E-04  2.63478E-04  2.53591E-04  2.43398E-04  2.32977E-04  2.22401E-04

  jn =  13
  5.23121E-73  1.34296E-58  3.69252E-47  4.44338E-38  7.16094E-31  3.75859E-25
  1.30053E-20  5.16059E-17  3.57118E-14  5.86495E-12  2.94734E-10  5.80548E-09
  5.61395E-08  3.17624E-07  1.19536E-06  3.29593E-06  7.17700E-06  1.31093E-05
  2.10608E-05  3.08707E-05  4.24066E-05  5.56252E-05  7.05334E-05  8.71170E-05
  1.05283E-04  1.24838E-04  1.45493E-04  1.66891E-04  1.88644E-04  2.10365E-04
  2.31696E-04  2.52329E-04  2.72013E-04  2.90561E-04  3.07843E-04  3.23780E-04
  3.38337E-04  3.51512E-04  3.63328E-04  3.73825E-04  3.83053E-04  3.91066E-04
  3.97920E-04  4.03669E-04  4.08362E-04  4.12044E-04  4.14754E-04  4.16526E-04
  4.17388E-04  4.17362E-04  4.16469E-04  4.14724E-04  4.12141E-04  4.08732E-04
  4.04511E-04  3.99490E-04  3.93686E-04  3.87116E-04  3.79802E-04  3.71772E-04

  jn =  14
  1.01320E-72  2.68370E-58  7.59618E-47  9.38821E-38  1.55020E-30  8.31525E-25
  2.92906E-20  1.16761E-16  7.76129E-14  1.13182E-11  4.80895E-10  8.15288E-09
  7.09227E-08  3.74751E-07  1.34938E-06  3.61236E-06  7.71376E-06  1.39003E-05
  2.21214E-05  3.21993E-05  4.40197E-05  5.75354E-05  7.27838E-05  8.97543E-05
  1.08377E-04  1.28457E-04  1.49710E-04  1.71785E-04  1.94297E-04  2.16861E-04
  2.39123E-04  2.60777E-04  2.81578E-04  3.01341E-04  3.19942E-04  3.37308E-04
  3.53410E-04  3.68255E-04  3.81874E-04  3.94316E-04  4.05641E-04  4.15913E-04
  4.25200E-04  4.33565E-04  4.41070E-04  4.47770E-04  4.53713E-04  4.58942E-04
  4.63494E-04  4.67397E-04  4.70675E-04  4.73345E-04  4.75418E-04  4.76903E-04
  4.77801E-04  4.78111E-04  4.77828E-04  4.76946E-04  4.75452E-04  4.73337E-04

  jn =  15
  1.43971E-72  3.92182E-58  1.14110E-46  1.44861E-37  2.45417E-30  1.34853E-24
  4.85015E-20  1.94537E-16  1.23626E-13  1.60589E-11  6.01950E-10  9.35267E-09
  7.74224E-08  3.97222E-07  1.40575E-06  3.72415E-06  7.90311E-06  1.41740E-05
  2.24839E-05  3.26607E-05  4.45795E-05  5.81883E-05  7.35552E-05  9.06612E-05
  1.09400E-04  1.29639E-04  1.51048E-04  1.73327E-04  1.96068E-04  2.18915E-04
  2.41491E-04  2.63492E-04  2.84674E-04  3.04853E-04  3.23908E-04  3.41769E-04
  3.58411E-04  3.73843E-04  3.88100E-04  4.01237E-04  4.13319E-04  4.24416E-04
  4.34601E-04  4.43947E-04  4.52520E-04  4.60385E-04  4.67600E-04  4.74216E-04
  4.80279E-04  4.85830E-04  4.90901E-04  4.95522E-04  4.99718E-04  5.03506E-04
  5.06902E-04  5.09917E-04  5.12559E-04  5.14831E-04  5.16733E-04  5.18264E-04

  Continuum Electron Losses(jt,jn)  (erg s**-1)
  jn =   1
  2.47800E-12  1.67243E-12  1.16357E-12  8.33546E-13  6.13282E-13  4.62004E-13
  3.55235E-13  2.77958E-13  2.20742E-13  1.77514E-13  1.44271E-13  1.18314E-13
  9.77781E-14  8.13504E-14  6.80859E-14  5.72913E-14  4.84485E-14  4.11638E-14
  3.51329E-14  3.01179E-14  2.59300E-14  2.24182E-14  1.94607E-14  1.69589E-14
  1.48326E-14  1.30165E-14  1.14575E-14  1.01123E-14  8.94578E-15  7.92944E-15
  7.03999E-15  6.25853E-15  5.56955E-15  4.96034E-15  4.42035E-15  3.94079E-15
  3.51425E-15  3.13442E-15  2.79592E-15  2.49406E-15  2.22478E-15  1.98450E-15
  1.77008E-15  1.57873E-15  1.40796E-15  1.25558E-15  1.11961E-15  9.98306E-16
  8.90090E-16  7.93562E-16  7.07468E-16  6.30688E-16  5.62220E-16  5.01169E-16
  4.46734E-16  3.98203E-16  3.54936E-16  3.16365E-16  2.81982E-16  2.51332E-16

  jn =   2
  1.37611E-11  8.53533E-12  5.51087E-12  3.69880E-12  2.57261E-12  1.84701E-12
  1.36330E-12  1.03054E-12  7.95012E-13  6.23990E-13  4.96977E-13  4.00767E-13
  3.26631E-13  2.68659E-13  2.22751E-13  1.86007E-13  1.56327E-13  1.32164E-13
  1.12358E-13  9.60228E-14  8.24738E-14  7.11747E-14  6.17014E-14  5.37160E-14
  4.69478E-14  4.11792E-14  3.62351E-14  3.19741E-14  2.82823E-14  2.50674E-14
  2.22551E-14  1.97847E-14  1.76070E-14  1.56815E-14  1.39748E-14  1.24591E-14
  1.11108E-14  9.91025E-15  8.84021E-15  7.88597E-15  7.03467E-15  6.27503E-15
  5.59711E-15  4.99209E-15  4.45216E-15  3.97034E-15  3.54041E-15  3.15684E-15
  2.81465E-15  2.50942E-15  2.23718E-15  1.99439E-15  1.77788E-15  1.58482E-15
  1.41269E-15  1.25922E-15  1.12240E-15  1.00043E-15  8.91703E-16  7.94781E-16

  jn =   3
  8.44047E-11  4.78455E-11  2.84450E-11  1.77290E-11  1.15502E-11  7.83268E-12
  5.50354E-12  3.98842E-12  2.96846E-12  2.26031E-12  1.75490E-12  1.38529E-12
  1.10914E-12  8.98945E-13  7.36348E-13  6.08807E-13  5.07555E-13  4.26330E-13
  3.60574E-13  3.06905E-13  2.62775E-13  2.26233E-13  1.95772E-13  1.70213E-13
  1.48628E-13  1.30282E-13  1.14591E-13  1.01089E-13  8.94027E-14  7.92342E-14
  7.03430E-14  6.25352E-14  5.56535E-14  4.95692E-14  4.41763E-14  3.93866E-14
  3.51260E-14  3.13317E-14  2.79497E-14  2.49335E-14  2.22425E-14  1.98411E-14
  1.76979E-14  1.57851E-14  1.40780E-14  1.25546E-14  1.11953E-14  9.98245E-15
  8.90046E-15  7.93530E-15  7.07445E-15  6.30672E-15  5.62208E-15  5.01160E-15
  4.46728E-15  3.98198E-15  3.54933E-15  3.16363E-15  2.81980E-15  2.51331E-15

  jn =   4
  5.79982E-10  2.99774E-10  1.63006E-10  9.34798E-11  5.64591E-11  3.57860E-11
  2.36951E-11  1.63087E-11  1.16113E-11  8.51257E-12  6.40007E-12  4.91697E-12
  3.84831E-12  3.06043E-12  2.46781E-12  2.01418E-12  1.66160E-12  1.38387E-12
  1.16251E-12  9.84203E-13  8.39194E-13  7.20215E-13  6.21771E-13  5.39664E-13
  4.70650E-13  4.12207E-13  3.62359E-13  3.19551E-13  2.82554E-13  2.50393E-13
  2.22290E-13  1.97621E-13  1.75881E-13  1.56662E-13  1.39627E-13  1.24497E-13
  1.11036E-13  9.90474E-14  8.83605E-14  7.88285E-14  7.03235E-14  6.27331E-14
  5.59584E-14  4.99116E-14  4.45147E-14  3.96984E-14  3.54005E-14  3.15658E-14
  2.81446E-14  2.50928E-14  2.23708E-14  1.99432E-14  1.77783E-14  1.58479E-14
  1.41266E-14  1.25920E-14  1.12239E-14  1.00042E-14  8.91696E-15  7.94776E-15

  jn =   5
  4.46299E-09  2.11565E-09  1.05065E-09  5.50758E-10  3.05466E-10  1.79015E-10
  1.10459E-10  7.14265E-11  4.81557E-11  3.36801E-11  2.43208E-11  1.80550E-11
  1.37276E-11  1.06551E-11  8.41963E-12  6.75785E-12  5.49893E-12  4.52912E-12
  3.77088E-12  3.17009E-12  2.68826E-12  2.29749E-12  1.97727E-12  1.71224E-12
  1.49086E-12  1.30428E-12  1.14571E-12  1.00990E-12  8.92751E-13  7.91045E-13
  7.02244E-13  6.24331E-13  5.55690E-13  4.95012E-13  4.41226E-13  3.93449E-13
  3.50940E-13  3.13073E-13  2.79314E-13  2.49198E-13  2.22323E-13  1.98336E-13
  1.76924E-13  1.57811E-13  1.40751E-13  1.25525E-13  1.11937E-13  9.98131E-14
  8.89963E-14  7.93470E-14  7.07402E-14  6.30641E-14  5.62186E-14  5.01144E-14
  4.46717E-14  3.98190E-14  3.54927E-14  3.16359E-14  2.81977E-14  2.51329E-14

  jn =   6
  3.76911E-08  1.66742E-08  7.62875E-09  3.65802E-09  1.85300E-09  9.94831E-10
  5.65799E-10  3.39851E-10  2.14606E-10  1.41726E-10  9.73683E-11  6.92469E-11
  5.07535E-11  3.81877E-11  2.93978E-11  2.30884E-11  1.84542E-11  1.49801E-11
  1.23275E-11  1.02681E-11  8.64505E-12  7.34794E-12  6.29783E-12  5.43736E-12
  4.72425E-12  4.12697E-12  3.62177E-12  3.19059E-12  2.81956E-12  2.49800E-12
  2.21754E-12  1.97162E-12  1.75504E-12  1.56359E-12  1.39388E-12  1.24311E-12
  1.10894E-12  9.89395E-13  8.82793E-13  7.87678E-13  7.02783E-13  6.26997E-13
  5.59338E-13  4.98936E-13  4.45016E-13  3.96888E-13  3.53936E-13  3.15607E-13
  2.81410E-13  2.50902E-13  2.23689E-13  1.99418E-13  1.77773E-13  1.58472E-13
  1.41261E-13  1.25917E-13  1.12236E-13  1.00040E-13  8.91683E-14  7.94766E-14

  jn =   7
  3.36998E-07  1.42758E-07  6.13853E-08  2.72478E-08  1.26588E-08  6.21121E-09
  3.23210E-09  1.78420E-09  1.04242E-09  6.42033E-10  4.14842E-10  2.79748E-10
  1.95889E-10  1.41770E-10  1.05610E-10  8.06891E-11  6.30358E-11  5.02190E-11
  4.07051E-11  3.34993E-11  2.79401E-11  2.35775E-11  2.00993E-11  1.72849E-11
  1.49761E-11  1.30578E-11  1.14451E-11  1.00749E-11  8.89976E-12  7.88347E-12
  6.99833E-12  6.22284E-12  5.54009E-12  4.93665E-12  4.40167E-12  3.92628E-12
  3.50311E-12  3.12596E-12  2.78954E-12  2.48929E-12  2.22123E-12  1.98188E-12
  1.76815E-12  1.57731E-12  1.40692E-12  1.25482E-12  1.11906E-12  9.97907E-13
  8.89801E-13  7.93354E-13  7.07318E-13  6.30580E-13  5.62142E-13  5.01113E-13
  4.46694E-13  3.98174E-13  3.54916E-13  3.16351E-13  2.81971E-13  2.51325E-13

  jn =   8
  3.06768E-06  1.27675E-06  5.29996E-07  2.22799E-07  9.62895E-08  4.33769E-08
  2.06002E-08  1.03881E-08  5.57432E-09  3.17628E-09  1.91288E-09  1.21085E-09
  8.01353E-10  5.51876E-10  3.93867E-10  2.90216E-10  2.20009E-10  1.71038E-10
  1.35944E-10  1.10163E-10  9.07871E-11  7.59156E-11  6.42770E-11  5.50030E-11
  4.74889E-11  4.13067E-11  3.61488E-11  3.17912E-11  2.80690E-11  2.48589E-11
  2.20681E-11  1.96255E-11  1.74760E-11  1.55764E-11  1.38920E-11  1.23948E-11
  1.10616E-11  9.87285E-12  8.81204E-12  7.86489E-12  7.01900E-12  6.26344E-12
  5.58857E-12  4.98583E-12  4.44758E-12  3.96700E-12  3.53799E-12  3.15508E-12
  2.81338E-12  2.50850E-12  2.23652E-12  1.99391E-12  1.77754E-12  1.58458E-12
  1.41251E-12  1.25910E-12  1.12231E-12  1.00037E-12  8.91657E-13  7.94748E-13

  jn =   9
  2.75225E-05  1.14717E-05  4.70744E-06  1.92202E-06  7.91060E-07  3.33763E-07
  1.46838E-07  6.81535E-08  3.35325E-08  1.74921E-08  9.65802E-09  5.63279E-09
  3.46249E-09  2.23695E-09  1.51328E-09  1.06718E-09  7.80803E-10  5.89939E-10
  4.58335E-10  3.64775E-10  2.96405E-10  2.45177E-10  2.05902E-10  1.75144E-10
  1.50578E-10  1.30598E-10  1.14079E-10  1.00217E-10  8.84335E-11  7.83054E-11
  6.95186E-11  6.18372E-11  5.50811E-11  4.91106E-11  4.38154E-11  3.91065E-11
  3.49111E-11  3.11683E-11  2.78265E-11  2.48412E-11  2.21738E-11  1.97902E-11
  1.76604E-11  1.57576E-11  1.40579E-11  1.25399E-11  1.11846E-11  9.97467E-12
  8.89483E-12  7.93123E-12  7.07152E-12  6.30460E-12  5.62056E-12  5.01051E-12
  4.46650E-12  3.98142E-12  3.54893E-12  3.16334E-12  2.81960E-12  2.51316E-12

  jn =  10
  2.34197E-04  9.97696E-05  4.13008E-05  1.67867E-05  6.77224E-06  2.75330E-06
  1.14604E-06  4.94262E-07  2.22741E-07  1.05615E-07  5.29889E-08  2.82374E-08
  1.60042E-08  9.63365E-09  6.13461E-09  4.10980E-09  2.87931E-09  2.09768E-09
  1.58127E-09  1.22799E-09  9.78591E-10  7.97390E-10  6.62155E-10  5.58654E-10
  4.77551E-10  4.12598E-10  3.59534E-10  3.15405E-10  2.78134E-10  2.46237E-10
  2.18639E-10  1.94548E-10  1.73371E-10  1.54657E-10  1.38051E-10  1.23274E-10
  1.10099E-10  9.83352E-11  8.78235E-11  7.84262E-11  7.00238E-11  6.25110E-11
  5.57945E-11  4.97911E-11  4.44265E-11  3.96339E-11  3.53536E-11  3.15317E-11
  2.81199E-11  2.50749E-11  2.23579E-11  1.99338E-11  1.77716E-11  1.58430E-11
  1.41232E-11  1.25895E-11  1.12221E-11  1.00029E-11  8.91604E-12  7.94710E-12

  jn =  11
  1.75650E-03  7.99665E-04  3.45050E-04  1.43600E-04  5.83787E-05  2.35047E-05
  9.50003E-06  3.90331E-06  1.65043E-06  7.26351E-07  3.35409E-07  1.63495E-07
  8.45584E-08  4.65504E-08  2.72798E-08  1.69699E-08  1.11550E-08  7.70814E-09
  5.56908E-09  4.18443E-09  3.25249E-09  2.60206E-09  2.13249E-09  1.78266E-09
  1.51434E-09  1.30299E-09  1.13250E-09  9.92028E-10  8.74166E-10  7.73749E-10
  6.87110E-10  6.11602E-10  5.45274E-10  4.86663E-10  4.34640E-10  3.88320E-10
  3.46989E-10  3.10057E-10  2.77028E-10  2.47478E-10  2.21036E-10  1.97378E-10
  1.76214E-10  1.57288E-10  1.40366E-10  1.25243E-10  1.11732E-10  9.96634E-11
  8.88876E-11  7.92682E-11  7.06832E-11  6.30229E-11  5.61889E-11  5.00930E-11
  4.46563E-11  3.98079E-11  3.54848E-11  3.16302E-11  2.81936E-11  2.51299E-11

  jn =  12
  1.10156E-02  5.57047E-03  2.61325E-03  1.15021E-03  4.85040E-04  1.98873E-04
  8.05132E-05  3.26193E-05  1.33703E-05  5.56750E-06  2.35855E-06  1.02683E-06
  4.68573E-07  2.28482E-07  1.20293E-07  6.84886E-08  4.19874E-08  2.75190E-08
  1.91238E-08  1.39733E-08  1.06497E-08  8.40469E-09  6.82417E-09  5.66906E-09
  4.79589E-09  4.11559E-09  3.57118E-09  3.12523E-09  2.75258E-09  2.43597E-09
  2.16329E-09  1.92589E-09  1.71746E-09  1.53331E-09  1.36984E-09  1.22425E-09
  1.09429E-09  9.78107E-10  8.74161E-10  7.81119E-10  6.97828E-10  6.23272E-10
  5.56550E-10  4.96858E-10  4.43473E-10  3.95747E-10  3.53094E-10  3.14988E-10
  2.80956E-10  2.50570E-10  2.23447E-10  1.99242E-10  1.77645E-10  1.58378E-10
  1.41194E-10  1.25868E-10  1.12201E-10  1.00015E-10  8.91498E-11  7.94633E-11

  jn =  13
  4.76879E-02  2.82816E-02  1.56563E-02  7.67856E-03  3.47902E-03  1.50802E-03
  6.30774E-04  2.59055E-04  1.04372E-04  4.04690E-05  1.50566E-05  5.60482E-06
  2.21148E-06  9.59488E-07  4.63059E-07  2.47630E-07  1.45283E-07  9.23627E-08
  6.28643E-08  4.52886E-08  3.41902E-08  2.68122E-08  2.16789E-08  1.79599E-08
  1.51667E-08  1.30008E-08  1.12734E-08  9.86188E-09  8.68440E-09  7.68511E-09
  6.82507E-09  6.07662E-09  5.41964E-09  4.83920E-09  4.32392E-09  3.86494E-09
  3.45516E-09  3.08877E-09  2.76089E-09  2.46734E-09  2.20451E-09  1.96919E-09
  1.75856E-09  1.57009E-09  1.40151E-09  1.25077E-09  1.11604E-09  9.95657E-10
  8.88131E-10  7.92116E-10  7.06403E-10  6.29904E-10  5.61644E-10  5.00746E-10
  4.46425E-10  3.97976E-10  3.54771E-10  3.16245E-10  2.81894E-10  2.51268E-10

  jn =  14
  1.18165E-01  8.44728E-02  5.99247E-02  3.51090E-02  1.80997E-02  8.59713E-03
  3.88571E-03  1.65811E-03  6.56936E-04  2.29508E-04  7.29466E-05  2.35309E-05
  8.39029E-06  3.40901E-06  1.57777E-06  8.21535E-07  4.73595E-07  2.97665E-07
  2.01088E-07  1.44191E-07  1.08513E-07  8.49296E-08  6.85780E-08  5.67654E-08
  4.79101E-08  4.10547E-08  3.55938E-08  3.11352E-08  2.74179E-08  2.42642E-08
  2.15504E-08  1.91889E-08  1.71160E-08  1.52844E-08  1.36582E-08  1.22096E-08
  1.09161E-08  9.75935E-09  8.72406E-09  7.79706E-09  6.96694E-09  6.22365E-09
  5.55827E-09  4.96282E-09  4.43017E-09  3.95385E-09  3.52809E-09  3.14764E-09
  2.80779E-09  2.50432E-09  2.23339E-09  1.99157E-09  1.77579E-09  1.58328E-09
  1.41154E-09  1.25837E-09  1.12177E-09  9.99967E-10  8.91359E-10  7.94526E-10

  jn =  15
  2.03300E-01  1.63630E-01  1.23324E-01  8.52996E-02  5.59440E-02  3.20270E-02
  1.60578E-02  7.34549E-03  2.91708E-03  9.37438E-04  2.68452E-04  8.07146E-05
  2.76854E-05  1.10269E-05  5.04922E-06  2.61307E-06  1.50058E-06  9.41285E-07
  6.35142E-07  4.55049E-07  3.42320E-07  2.67899E-07  2.16296E-07  1.79036E-07
  1.51131E-07  1.29518E-07  1.12308E-07  9.82526E-08  8.65341E-08  7.65905E-08
  6.80338E-08  6.05869E-08  5.40490E-08  4.82713E-08  4.31407E-08  3.85694E-08
  3.44867E-08  3.08353E-08  2.75666E-08  2.46393E-08  2.20176E-08  1.96699E-08
  1.75680E-08  1.56868E-08  1.40038E-08  1.24987E-08  1.11532E-08  9.95083E-09
  8.87674E-09  7.91753E-09  7.06114E-09  6.29675E-09  5.61463E-09  5.00602E-09
  4.46311E-09  3.97886E-09  3.54700E-09  3.16188E-09  2.81849E-09  2.51233E-09

  Neutral n=3 / n=1 (jt,jn)
  jn =   1
  1.04583E-89  1.32470E-72  5.06346E-59  3.09393E-48  1.13649E-39  7.18966E-33
  1.80765E-27  3.50948E-23  8.91389E-20  4.50018E-17  6.29203E-15  3.16989E-13
  7.09163E-12  8.31865E-11  5.83999E-10  2.72662E-09  9.20967E-09  2.40696E-08
  5.13587E-08  9.33842E-08  1.49699E-07  2.17330E-07  2.91827E-07  3.68419E-07
  4.42834E-07  5.11696E-07  5.72598E-07  6.24024E-07  6.65203E-07  6.95967E-07
  7.16613E-07  7.27781E-07  7.30349E-07  7.25337E-07  7.13832E-07  6.96921E-07
  6.75646E-07  6.50975E-07  6.23778E-07  5.94823E-07  5.64770E-07  5.34178E-07
  5.03509E-07  4.73141E-07  4.43373E-07  4.14439E-07  3.86517E-07  3.59735E-07
  3.34180E-07  3.09907E-07  2.86945E-07  2.65298E-07  2.44955E-07  2.25891E-07
  2.08070E-07  1.91449E-07  1.75978E-07  1.61604E-07  1.48273E-07  1.35929E-07

  jn =   2
  3.30738E-89  4.18927E-72  1.60128E-58  9.78428E-48  3.59404E-39  2.27362E-32
  5.71625E-27  1.10970E-22  2.81816E-19  1.42238E-16  1.98797E-14  1.00102E-12
  2.23807E-11  2.62344E-10  1.84032E-09  8.58522E-09  2.89742E-08  7.56627E-08
  1.61320E-07  2.93111E-07  4.69559E-07  6.81294E-07  9.14356E-07  1.15383E-06
  1.38638E-06  1.60151E-06  1.79174E-06  1.95241E-06  2.08113E-06  2.17740E-06
  2.24217E-06  2.27741E-06  2.28586E-06  2.27066E-06  2.23518E-06  2.18280E-06
  2.11673E-06  2.04000E-06  1.95531E-06  1.86505E-06  1.77129E-06  1.67578E-06
  1.57996E-06  1.48503E-06  1.39193E-06  1.30139E-06  1.21398E-06  1.13011E-06
  1.05004E-06  9.73975E-07  9.01988E-07  8.34105E-07  7.70295E-07  7.10480E-07
  6.54550E-07  6.02373E-07  5.53797E-07  5.08657E-07  4.66782E-07  4.27997E-07

  jn =   3
  1.04606E-88  1.32497E-71  5.06444E-58  3.09447E-47  1.13667E-38  7.19045E-32
  1.80767E-26  3.50873E-22  8.90798E-19  4.49374E-16  6.27577E-14  3.15678E-12
  7.04872E-11  8.24995E-10  5.77773E-09  2.69075E-08  9.06571E-08  2.36366E-07
  5.03241E-07  9.13262E-07  1.46160E-06  2.11912E-06  2.84258E-06  3.58592E-06
  4.30801E-06  4.97642E-06  5.56807E-06  6.06843E-06  6.47015E-06  6.77159E-06
  6.97552E-06  7.08801E-06  7.11736E-06  7.07325E-06  6.96598E-06  6.80592E-06
  6.60305E-06  6.36665E-06  6.10512E-06  5.82588E-06  5.53538E-06  5.23906E-06
  4.94146E-06  4.64632E-06  4.35660E-06  4.07465E-06  3.80222E-06  3.54064E-06
  3.29080E-06  3.05329E-06  2.82840E-06  2.61624E-06  2.41671E-06  2.22960E-06
  2.05457E-06  1.89123E-06  1.73910E-06  1.59769E-06  1.46647E-06  1.34490E-06

  jn =   4
  3.30962E-88  4.19198E-71  1.60225E-57  9.78971E-47  3.59578E-38  2.27446E-31
  5.71699E-26  1.10928E-21  2.81427E-18  1.41802E-15  1.97686E-13  9.92052E-12
  2.20880E-10  2.57686E-09  1.79847E-08  8.34673E-08  2.80293E-07  7.28612E-07
  1.54730E-06  2.80222E-06  4.47799E-06  6.48623E-06  8.69669E-06  1.09707E-05
  1.31844E-05  1.52394E-05  1.70651E-05  1.86162E-05  1.98688E-05  2.08165E-05
  2.14664E-05  2.18359E-05  2.19493E-05  2.18356E-05  2.15257E-05  2.10512E-05
  2.04424E-05  1.97277E-05  1.89331E-05  1.80815E-05  1.71928E-05  1.62841E-05
  1.53696E-05  1.44610E-05  1.35676E-05  1.26969E-05  1.18546E-05  1.10448E-05
  1.02706E-05  9.53389E-06  8.83569E-06  8.17643E-06  7.55595E-06  6.97366E-06
  6.42862E-06  5.91963E-06  5.44532E-06  5.00418E-06  4.59461E-06  4.21497E-06

  jn =   5
  1.04829E-87  1.32768E-70  5.07414E-57  3.09989E-46  1.13841E-37  7.19903E-31
  1.80866E-25  3.50615E-21  8.88046E-18  4.46275E-15  6.19834E-13  3.09568E-11
  6.85380E-10  7.94637E-09  5.51024E-08  2.54098E-07  8.48139E-07  2.19273E-06
  4.63500E-06  8.36329E-06  1.33292E-05  1.92756E-05  2.58278E-05  3.25881E-05
  3.92001E-05  4.53775E-05  5.09103E-05  5.56584E-05  5.95423E-05  6.25328E-05
  6.46413E-05  6.59104E-05  6.64058E-05  6.62081E-05  6.54065E-05  6.40928E-05
  6.23569E-05  6.02843E-05  5.79531E-05  5.54337E-05  5.27873E-05  5.00668E-05
  4.73169E-05  4.45742E-05  4.18688E-05  3.92245E-05  3.66599E-05  3.41887E-05
  3.18211E-05  2.95638E-05  2.74210E-05  2.53945E-05  2.34845E-05  2.16895E-05
  2.00074E-05  1.84347E-05  1.69675E-05  1.56016E-05  1.43322E-05  1.31546E-05

  jn =   6
  3.33186E-87  4.21890E-70  1.61189E-56  9.84352E-46  3.61310E-37  2.28310E-30
  5.72842E-25  1.10785E-20  2.79490E-17  1.39623E-14  1.92369E-12  9.51226E-11
  2.08190E-09  2.38377E-08  1.63179E-07  7.42984E-07  2.45051E-06  6.26788E-06
  1.31289E-05  2.35187E-05  3.72879E-05  5.37493E-05  7.19254E-05  9.07881E-05
  1.09411E-04  1.27037E-04  1.43084E-04  1.57139E-04  1.68935E-04  1.78335E-04
  1.85314E-04  1.89934E-04  1.92335E-04  1.92706E-04  1.91270E-04  1.88269E-04
  1.83948E-04  1.78547E-04  1.72290E-04  1.65383E-04  1.58010E-04  1.50332E-04
  1.42486E-04  1.34590E-04  1.26740E-04  1.19016E-04  1.11479E-04  1.04177E-04
  9.71488E-05  9.04190E-05  8.40056E-05  7.79190E-05  7.21639E-05  6.67398E-05
  6.16428E-05  5.68658E-05  5.23994E-05  4.82324E-05  4.43526E-05  4.07466E-05

  jn =   7
  1.07014E-86  1.35407E-69  5.16849E-56  3.15250E-45  1.15532E-36  7.28339E-30
  1.82026E-24  3.49689E-20  8.73047E-17  4.29752E-14  5.80942E-12  2.80806E-10
  5.99121E-09  6.67697E-08  4.44753E-07  1.97241E-06  6.34945E-06  1.58979E-05
  3.27148E-05  5.78014E-05  9.07553E-05  1.30071E-04  1.73697E-04  2.19512E-04
  2.65585E-04  3.10275E-04  3.52228E-04  3.90363E-04  4.23857E-04  4.52138E-04
  4.74875E-04  4.91963E-04  5.03496E-04  5.09733E-04  5.11062E-04  5.07959E-04
  5.00953E-04  4.90596E-04  4.77435E-04  4.61997E-04  4.44773E-04  4.26210E-04
  4.06711E-04  3.86626E-04  3.66259E-04  3.45868E-04  3.25667E-04  3.05833E-04
  2.86507E-04  2.67800E-04  2.49796E-04  2.32556E-04  2.16122E-04  2.00519E-04
  1.85757E-04  1.71837E-04  1.58747E-04  1.46473E-04  1.34990E-04  1.24271E-04

  jn =   8
  3.53860E-86  4.46733E-69  1.70026E-55  1.03341E-44  3.76990E-36  2.36021E-29
  5.83089E-24  1.09953E-19  2.67134E-16  1.26822E-13  1.64041E-11  7.54281E-10
  1.52625E-08  1.61307E-07  1.02171E-06  4.32947E-06  1.33998E-05  3.24819E-05
  6.51769E-05  1.13078E-04  1.75495E-04  2.50105E-04  3.33858E-04  4.23618E-04
  5.16450E-04  6.09667E-04  7.00809E-04  7.87631E-04  8.68150E-04  9.40696E-04
  1.00397E-03  1.05710E-03  1.09958E-03  1.13134E-03  1.15258E-03  1.16380E-03
  1.16570E-03  1.15909E-03  1.14489E-03  1.12404E-03  1.09749E-03  1.06615E-03
  1.03090E-03  9.92538E-04  9.51824E-04  9.09430E-04  8.65961E-04  8.21950E-04
  7.77863E-04  7.34103E-04  6.91009E-04  6.48866E-04  6.07907E-04  5.68317E-04
  5.30241E-04  4.93785E-04  4.59023E-04  4.25999E-04  3.94734E-04  3.65226E-04

  jn =   9
  1.24624E-85  1.56262E-68  5.90038E-55  3.55396E-44  1.28190E-35  7.89036E-29
  1.89622E-23  3.42768E-19  7.85836E-16  3.47356E-13  4.14744E-11  1.75582E-09
  3.28124E-08  3.22678E-07  1.92092E-06  7.73505E-06  2.29979E-05  5.40965E-05
  1.06288E-04  1.82009E-04  2.80739E-04  3.99967E-04  5.36293E-04  6.86079E-04
  8.45631E-04  1.01116E-03  1.17873E-03  1.34433E-03  1.50405E-03  1.65431E-03
  1.79201E-03  1.91474E-03  2.02080E-03  2.10921E-03  2.17963E-03  2.23230E-03
  2.26788E-03  2.28737E-03  2.29198E-03  2.28303E-03  2.26193E-03  2.23006E-03
  2.18876E-03  2.13933E-03  2.08297E-03  2.02080E-03  1.95386E-03  1.88308E-03
  1.80934E-03  1.73344E-03  1.65608E-03  1.57793E-03  1.49957E-03  1.42154E-03
  1.34432E-03  1.26832E-03  1.19392E-03  1.12144E-03  1.05115E-03  9.83281E-04

  jn =  10
  4.70505E-85  5.80819E-68  2.15832E-54  1.27876E-43  4.52479E-35  2.70904E-28
  6.23401E-23  1.05835E-18  2.24055E-15  9.05299E-13  9.85687E-11  3.81981E-09
  6.58691E-08  6.03922E-07  3.38944E-06  1.30090E-05  3.72422E-05  8.51256E-05
  1.63861E-04  2.76908E-04  4.24172E-04  6.03370E-04  8.11278E-04  1.04425E-03
  1.29819E-03  1.56831E-03  1.84900E-03  2.13403E-03  2.41682E-03  2.69089E-03
  2.95028E-03  3.18988E-03  3.40566E-03  3.59474E-03  3.75539E-03  3.88691E-03
  3.98951E-03  4.06409E-03  4.11214E-03  4.13550E-03  4.13627E-03  4.11666E-03
  4.07892E-03  4.02525E-03  3.95774E-03  3.87837E-03  3.78894E-03  3.69112E-03
  3.58637E-03  3.47603E-03  3.36127E-03  3.24312E-03  3.12248E-03  3.00016E-03
  2.87686E-03  2.75319E-03  2.62971E-03  2.50691E-03  2.38523E-03  2.26509E-03

  jn =  11
  1.73520E-84  2.10200E-67  7.67628E-54  4.47458E-43  1.55557E-34  9.08608E-28
  2.01364E-22  3.24515E-18  6.44993E-15  2.42873E-12  2.45016E-10  8.75666E-09
  1.38980E-07  1.17507E-06  6.11670E-06  2.19601E-05  5.94015E-05  1.29650E-04
  2.40749E-04  3.96130E-04  5.95615E-04  8.37267E-04  1.11863E-03  1.43695E-03
  1.78882E-03  2.16966E-03  2.57349E-03  2.99304E-03  3.42013E-03  3.84622E-03
  4.26294E-03  4.66258E-03  5.03846E-03  5.38510E-03  5.69834E-03  5.97525E-03
  6.21408E-03  6.41411E-03  6.57548E-03  6.69900E-03  6.78608E-03  6.83852E-03
  6.85844E-03  6.84815E-03  6.81013E-03  6.74690E-03  6.66101E-03  6.55500E-03
  6.43134E-03  6.29242E-03  6.14051E-03  5.97777E-03  5.80622E-03  5.62770E-03
  5.44390E-03  5.25636E-03  5.06643E-03  4.87532E-03  4.68406E-03  4.49354E-03

  jn =  12
  5.60312E-84  6.74225E-67  2.44842E-53  1.42024E-42  4.90914E-34  2.83961E-27
  6.18774E-22  9.72148E-18  1.86203E-14  6.62698E-12  6.15023E-10  1.97319E-08
  2.78109E-07  2.09599E-06  9.85749E-06  3.25323E-05  8.23216E-05  1.70753E-04
  3.05334E-04  4.88936E-04  7.21352E-04  1.00123E-03  1.32711E-03  1.69738E-03
  2.10969E-03  2.56034E-03  3.04394E-03  3.55351E-03  4.08087E-03  4.61722E-03
  5.15369E-03  5.68191E-03  6.19434E-03  6.68455E-03  7.14730E-03  7.57855E-03
  7.97533E-03  8.33566E-03  8.65834E-03  8.94284E-03  9.18914E-03  9.39761E-03
  9.56891E-03  9.70389E-03  9.80358E-03  9.86912E-03  9.90172E-03  9.90271E-03
  9.87347E-03  9.81547E-03  9.73026E-03  9.61947E-03  9.48482E-03  9.32812E-03
  9.15125E-03  8.95617E-03  8.74487E-03  8.51941E-03  8.28183E-03  8.03418E-03

  jn =  13
  1.47763E-83  1.80142E-66  6.62057E-53  3.88220E-42  1.35440E-33  7.88293E-27
  1.72030E-21  2.68202E-17  4.97527E-14  1.63357E-11  1.32477E-09  3.62784E-08
  4.42112E-07  2.96743E-06  1.27964E-05  3.96842E-05  9.60588E-05  1.93188E-04
  3.38119E-04  5.33623E-04  7.79587E-04  1.07507E-03  1.41919E-03  1.81095E-03
  2.24858E-03  2.72891E-03  3.24701E-03  3.79626E-03  4.36877E-03  4.95598E-03
  5.54919E-03  6.14016E-03  6.72149E-03  7.28683E-03  7.83105E-03  8.35015E-03
  8.84127E-03  9.30246E-03  9.73256E-03  1.01310E-02  1.04978E-02  1.08332E-02
  1.11376E-02  1.14116E-02  1.16559E-02  1.18711E-02  1.20578E-02  1.22164E-02
  1.23476E-02  1.24516E-02  1.25287E-02  1.25794E-02  1.26037E-02  1.26019E-02
  1.25742E-02  1.25210E-02  1.24424E-02  1.23390E-02  1.22112E-02  1.20597E-02

  jn =  14
  2.90328E-83  3.64330E-66  1.37583E-52  8.27489E-42  2.95574E-33  1.75758E-26
  3.89526E-21  6.08184E-17  1.07880E-13  3.13394E-11  2.14061E-09  5.03116E-08
  5.50521E-07  3.44978E-06  1.42320E-05  4.28410E-05  1.01790E-04  2.02165E-04
  3.50885E-04  5.50284E-04  8.00794E-04  1.10106E-03  1.45107E-03  1.84975E-03
  2.29613E-03  2.78685E-03  3.31713E-03  3.88054E-03  4.46933E-03  5.07507E-03
  5.68919E-03  6.30359E-03  6.91098E-03  7.50517E-03  8.08118E-03  8.63520E-03
  9.16456E-03  9.66753E-03  1.01432E-02  1.05913E-02  1.10120E-02  1.14060E-02
  1.17739E-02  1.21167E-02  1.24354E-02  1.27309E-02  1.30040E-02  1.32558E-02
  1.34867E-02  1.36976E-02  1.38888E-02  1.40608E-02  1.42137E-02  1.43479E-02
  1.44631E-02  1.45596E-02  1.46370E-02  1.46951E-02  1.47337E-02  1.47524E-02

  jn =  15
  4.14475E-83  5.34493E-66  2.07366E-52  1.28115E-41  4.70186E-33  2.86878E-26
  6.51087E-21  1.02388E-16  1.73146E-13  4.46330E-11  2.68701E-09  5.76663E-08
  6.00558E-07  3.64497E-06  1.47685E-05  4.40096E-05  1.04034E-04  2.05635E-04
  3.55786E-04  5.57066E-04  8.09479E-04  1.11134E-03  1.46373E-03  1.86518E-03
  2.31307E-03  2.80664E-03  3.33905E-03  3.90613E-03  4.49917E-03  5.11106E-03
  5.73222E-03  6.35456E-03  6.97083E-03  7.57492E-03  8.16188E-03  8.72801E-03
  9.27069E-03  9.78831E-03  1.02801E-02  1.07458E-02  1.11860E-02  1.16012E-02
  1.19924E-02  1.23608E-02  1.27075E-02  1.30337E-02  1.33405E-02  1.36292E-02
  1.39005E-02  1.41556E-02  1.43951E-02  1.46199E-02  1.48305E-02  1.50274E-02
  1.52110E-02  1.53817E-02  1.55397E-02  1.56851E-02  1.58179E-02  1.59383E-02

  Continuum n=3 / n=1 (jt,jn)
  jn =   1
  2.57698E-10  1.73215E-10  1.19872E-10  8.52896E-11  6.22136E-11  4.63661E-11
  3.51805E-11  2.70843E-11  2.10907E-11  1.65658E-11  1.30924E-11  1.03895E-11
  8.26331E-12  6.57735E-12  5.23293E-12  4.15722E-12  3.29521E-12  2.60450E-12
  2.05179E-12  1.61054E-12  1.25937E-12  9.80915E-13  7.61003E-13  5.88068E-13
  4.52671E-13  3.47133E-13  2.65230E-13  2.01941E-13  1.53240E-13  1.15914E-13
  8.74164E-14  6.57374E-14  4.93024E-14  3.68833E-14  2.75273E-14  2.04992E-14
  1.52337E-14  1.12988E-14  8.36496E-15  6.18238E-15  4.56196E-15  3.36122E-15
  2.47303E-15  1.81713E-15  1.33354E-15  9.77495E-16  7.15723E-16  5.23508E-16
  3.82539E-16  2.79270E-16  2.03700E-16  1.48456E-16  1.08108E-16  7.86674E-17
  5.72033E-17  4.15672E-17  3.01856E-17  2.19069E-17  1.58893E-17  1.15181E-17

  jn =   2
  1.45744E-09  9.00543E-10  5.78532E-10  3.85780E-10  2.66090E-10  1.89035E-10
  1.37706E-10  1.02421E-10  7.74676E-11  5.93739E-11  4.59669E-11  3.58497E-11
  2.80999E-11  2.20929E-11  1.73953E-11  1.36984E-11  1.07774E-11  8.46470E-12
  6.63271E-12  5.18270E-12  4.03708E-12  3.13424E-12  2.42491E-12  1.86954E-12
  1.43631E-12  1.09966E-12  8.39074E-13  6.38139E-13  4.83791E-13  3.65669E-13
  2.75593E-13  2.07138E-13  1.55285E-13  1.16129E-13  8.66470E-14  6.45102E-14
  4.79315E-14  3.55457E-14  2.63133E-14  1.94462E-14  1.43486E-14  1.05716E-14
  7.77805E-15  5.71520E-15  4.19428E-15  3.07455E-15  2.25128E-15  1.64676E-15
  1.20340E-15  8.78594E-16  6.40898E-16  4.67122E-16  3.40198E-16  2.47576E-16
  1.80044E-16  1.30845E-16  9.50287E-17  6.89742E-17  5.00339E-17  3.62743E-17

  jn =   3
  9.18780E-09  5.18890E-09  3.07010E-09  1.90161E-09  1.22895E-09  8.24884E-10
  5.72136E-10  4.07995E-10  2.97700E-10  2.21294E-10  1.66930E-10  1.27346E-10
  9.79619E-11  7.58002E-11  5.88753E-11  4.58264E-11  3.56970E-11  2.77983E-11
  2.16231E-11  1.67904E-11  1.30090E-11  1.00537E-11  7.74834E-12  5.95423E-12
  4.56188E-12  3.48459E-12  2.65372E-12  2.01500E-12  1.52561E-12  1.15186E-12
  8.67349E-13  6.51436E-13  4.88076E-13  3.64834E-13  2.72112E-13  2.02534E-13
  1.50451E-13  1.11556E-13  8.25717E-14  6.10182E-14  4.50213E-14  3.31701E-14
  2.44051E-14  1.79331E-14  1.31615E-14  9.64839E-15  7.06540E-15  5.16862E-15
  3.77741E-15  2.75814E-15  2.01216E-15  1.46673E-15  1.06832E-15  7.77554E-16
  5.65527E-16  4.11040E-16  2.98564E-16  2.16733E-16  1.57239E-16  1.14012E-16

  jn =   4
  6.60841E-08  3.40137E-08  1.84025E-08  1.04876E-08  6.28433E-09  3.94346E-09
  2.57808E-09  1.74628E-09  1.21884E-09  8.72065E-10  6.36606E-10  4.72168E-10
  3.54528E-10  2.68654E-10  2.04931E-10  1.57028E-10  1.20661E-10  9.28514E-11
  7.14811E-11  5.50076E-11  4.22881E-11  3.24621E-11  2.48743E-11  1.90209E-11
  1.45125E-11  1.10466E-11  8.38810E-12  6.35378E-12  4.80105E-12  3.61899E-12
  2.72150E-12  2.04187E-12  1.52855E-12  1.14184E-12  8.51215E-13  6.33326E-13
  4.70338E-13  3.48681E-13  2.58061E-13  1.90691E-13  1.40699E-13  1.03667E-13
  7.62796E-14  5.60570E-14  4.11467E-14  3.01682E-14  2.20954E-14  1.61665E-14
  1.18172E-14  8.63012E-15  6.29718E-15  4.59114E-15  3.34470E-15  2.43485E-15
  1.77126E-15  1.28765E-15  9.35486E-16  6.79219E-16  4.92865E-16  3.57441E-16

  jn =   5
  5.54503E-07  2.61186E-07  1.28851E-07  6.70548E-08  3.68773E-08  2.13915E-08
  1.30329E-08  8.29443E-09  5.48177E-09  3.74019E-09  2.61996E-09  1.87470E-09
  1.36416E-09  1.00562E-09  7.48612E-10  5.61307E-10  4.23025E-10  3.19927E-10
  2.42501E-10  1.84052E-10  1.39770E-10  1.06144E-10  8.05735E-11  6.11162E-11
  4.63088E-11  3.50442E-11  2.64808E-11  1.99779E-11  1.50460E-11  1.13114E-11
  8.48824E-12  6.35792E-12  4.75349E-12  3.54748E-12  2.64274E-12  1.96533E-12
  1.45912E-12  1.08154E-12  8.00433E-13  5.91512E-13  4.36503E-13  3.21681E-13
  2.36758E-13  1.74043E-13  1.27791E-13  9.37273E-14  6.86713E-14  5.02633E-14
  3.67548E-14  2.68525E-14  1.96012E-14  1.42963E-14  1.04190E-14  7.58760E-15
  5.52173E-15  4.01560E-15  2.91840E-15  2.11968E-15  1.53864E-15  1.11624E-15

  jn =   6
  5.61147E-06  2.45128E-06  1.10860E-06  5.25757E-07  2.63389E-07  1.39729E-07
  7.83865E-08  4.63102E-08  2.86479E-08  1.84365E-08  1.22632E-08  8.37954E-09
  5.85011E-09  4.15356E-09  2.98764E-09  2.17048E-09  1.58880E-09  1.16972E-09
  8.64978E-10  6.41808E-10  4.77482E-10  3.55971E-10  2.65813E-10  1.98733E-10
  1.48709E-10  1.11335E-10  8.33714E-11  6.24258E-11  4.67258E-11  3.49539E-11
  2.61272E-11  1.95109E-11  1.45544E-11  1.08443E-11  8.06995E-12  5.99762E-12
  4.45161E-12  3.29975E-12  2.44273E-12  1.80595E-12  1.33347E-12  9.83382E-13
  7.24333E-13  5.32903E-13  3.91624E-13  2.87489E-13  2.10824E-13  1.54450E-13
  1.13041E-13  8.26590E-14  6.03896E-14  4.40828E-14  3.21535E-14  2.34344E-14
  1.70671E-14  1.24211E-14  9.03374E-15  6.56592E-15  4.76930E-15  3.46223E-15

  jn =   7
  6.95734E-05  2.88421E-05  1.21647E-05  5.30616E-06  2.42519E-06  1.17087E-06
  5.98872E-07  3.24115E-07  1.84865E-07  1.10479E-07  6.87164E-08  4.41772E-08
  2.91667E-08  1.96652E-08  1.34792E-08  9.35980E-09  6.56715E-09  4.64700E-09
  3.31173E-09  2.37459E-09  1.71177E-09  1.23984E-09  9.01859E-10  6.58526E-10
  4.82490E-10  3.54573E-10  2.61245E-10  1.92902E-10  1.42691E-10  1.05697E-10
  7.83741E-11  5.81545E-11  4.31679E-11  3.20471E-11  2.37883E-11  1.76522E-11
  1.30925E-11  9.70443E-12  7.18778E-12  5.31935E-12  3.93306E-12  2.90529E-12
  2.14398E-12  1.58058E-12  1.16405E-12  8.56418E-13  6.29451E-13  4.62175E-13
  3.39021E-13  2.48446E-13  1.81900E-13  1.33059E-13  9.72460E-14  7.10123E-14
  5.18133E-14  3.77752E-14  2.75197E-14  2.00339E-14  1.45742E-14  1.05953E-14

  jn =   8
  9.04871E-04  3.67391E-04  1.49072E-04  6.13660E-05  2.60023E-05  1.14863E-05
  5.34193E-06  2.62958E-06  1.37010E-06  7.52244E-07  4.32169E-07  2.57817E-07
  1.58612E-07  1.00074E-07  6.44845E-08  4.23024E-08  2.81829E-08  1.90299E-08
  1.30007E-08  8.97271E-09  6.24808E-09  4.38483E-09  3.09839E-09  2.20270E-09
  1.57441E-09  1.13077E-09  8.15674E-10  5.90672E-10  4.29231E-10  3.12889E-10
  2.28714E-10  1.67592E-10  1.23066E-10  9.05337E-11  6.67036E-11  4.92079E-11
  3.63373E-11  2.68533E-11  1.98550E-11  1.46851E-11  1.08626E-11  8.03465E-12
  5.94160E-12  4.39221E-12  3.24529E-12  2.39645E-12  1.76844E-12  1.30402E-12
  9.60782E-13  7.07284E-13  5.20207E-13  3.82262E-13  2.80636E-13  2.05835E-13
  1.50832E-13  1.10425E-13  8.07688E-14  5.90248E-14  4.30971E-14  3.14408E-14

  jn =   9
  9.46149E-03  3.83370E-03  1.53199E-03  6.10422E-04  2.45649E-04  1.01443E-04
  4.36595E-05  1.97721E-05  9.44374E-06  4.74476E-06  2.49626E-06  1.36884E-06
  7.79149E-07  4.58678E-07  2.78303E-07  1.73449E-07  1.10664E-07  7.20469E-08
  4.77188E-08  3.20671E-08  2.18127E-08  1.49893E-08  1.03888E-08  7.25248E-09
  5.09423E-09  3.59726E-09  2.55194E-09  1.81779E-09  1.29958E-09  9.32174E-10
  6.70668E-10  4.83876E-10  3.50019E-10  2.53809E-10  1.84465E-10  1.34354E-10
  9.80527E-11  7.16937E-11  5.25118E-11  3.85235E-11  2.83025E-11  2.08205E-11
  1.53340E-11  1.13045E-11  8.34075E-12  6.15811E-12  4.54891E-12  3.36134E-12
  2.48424E-12  1.83605E-12  1.35682E-12  1.00241E-12  7.40289E-13  5.46435E-13
  4.03099E-13  2.97155E-13  2.18887E-13  1.61099E-13  1.18463E-13  8.70299E-14

  jn =  10
  6.76489E-02  2.75139E-02  1.09148E-02  4.27254E-03  1.66926E-03  6.60723E-04
  2.68900E-04  1.13675E-04  5.02280E-05  2.32925E-05  1.13607E-05  5.82672E-06
  3.13522E-06  1.76309E-06  1.03136E-06  6.24422E-07  3.89320E-07  2.48805E-07
  1.62299E-07  1.07672E-07  7.24253E-08  4.92700E-08  3.38289E-08  2.34039E-08
  1.62932E-08  1.14023E-08  8.01464E-09  5.65462E-09  4.00252E-09  2.84121E-09
  2.02202E-09  1.44238E-09  1.03113E-09  7.38630E-10  5.30127E-10  3.81189E-10
  2.74590E-10  1.98150E-10  1.43238E-10  1.03719E-10  7.52299E-11  5.46563E-11
  3.97738E-11  2.89899E-11  2.11629E-11  1.54725E-11  1.13288E-11  8.30639E-12
  6.09846E-12  4.48300E-12  3.29926E-12  2.43063E-12  1.79236E-12  1.32275E-12
  9.76838E-13  7.21766E-13  5.33503E-13  3.94438E-13  2.91648E-13  2.15631E-13

  jn =  11
  2.97758E-01  1.25731E-01  5.07326E-02  1.99405E-02  7.74075E-03  3.00980E-03
  1.18781E-03  4.81669E-04  2.03215E-04  9.02235E-05  4.24005E-05  2.10944E-05
  1.10731E-05  6.10346E-06  3.51310E-06  2.09946E-06  1.29528E-06  8.20680E-07
  5.31505E-07  3.50449E-07  2.34458E-07  1.58718E-07  1.08475E-07  7.47109E-08
  5.17795E-08  3.60702E-08  2.52322E-08  1.77119E-08  1.24691E-08  8.79976E-09
  6.22344E-09  4.40963E-09  3.12970E-09  2.22471E-09  1.58368E-09  1.12892E-09
  8.05815E-10  5.75941E-10  4.12179E-10  2.95365E-10  2.11934E-10  1.52272E-10
  1.09551E-10  7.89233E-11  5.69361E-11  4.11313E-11  2.97553E-11  2.15560E-11
  1.56382E-11  1.13611E-11  8.26556E-12  6.02195E-12  4.39351E-12  3.20988E-12
  2.34833E-12  1.72032E-12  1.26189E-12  9.26782E-13  6.81477E-13  5.01664E-13

  jn =  12
  8.45083E-01  3.85739E-01  1.65464E-01  6.75634E-02  2.68445E-02  1.05382E-02
  4.15467E-03  1.67326E-03  7.01746E-04  3.10689E-04  1.45582E-04  7.19387E-05
  3.73671E-05  2.03580E-05  1.15936E-05  6.86767E-06  4.20768E-06  2.65151E-06
  1.70991E-06  1.12356E-06  7.49547E-07  5.06160E-07  3.45159E-07  2.37222E-07
  1.64066E-07  1.14045E-07  7.95978E-08  5.57385E-08  3.91357E-08  2.75388E-08
  1.94138E-08  1.37069E-08  9.69038E-09  6.85867E-09  4.85942E-09  3.44616E-09
  2.44608E-09  1.73770E-09  1.23550E-09  8.79164E-10  6.26134E-10  4.46317E-10
  3.18428E-10  2.27398E-10  1.62550E-10  1.16314E-10  8.33176E-11  5.97479E-11
  4.28951E-11  3.08324E-11  2.21889E-11  1.59886E-11  1.15356E-11  8.33362E-12
  6.02836E-12  4.36659E-12  3.16713E-12  2.30022E-12  1.67284E-12  1.21820E-12

  jn =  13
  1.60469E+00  8.35118E-01  4.12639E-01  1.83958E-01  7.72236E-02  3.16398E-02
  1.28105E-02  5.28715E-03  2.28484E-03  1.03992E-03  4.92141E-04  2.41164E-04
  1.23423E-04  6.63645E-05  3.74422E-05  2.20426E-05  1.34507E-05  8.45332E-06
  5.44119E-06  3.57044E-06  2.37933E-06  1.60529E-06  1.09379E-06  7.51170E-07
  5.19125E-07  3.60566E-07  2.51443E-07  1.75909E-07  1.23383E-07  8.67201E-08
  6.10539E-08  4.30426E-08  3.03788E-08  2.14608E-08  1.51726E-08  1.07342E-08
  7.59862E-09  5.38185E-09  3.81367E-09  2.70370E-09  1.91767E-09  1.36078E-09
  9.66068E-10  6.86183E-10  4.87636E-10  3.46729E-10  2.46682E-10  1.75614E-10
  1.25105E-10  8.91874E-11  6.36314E-11  4.54361E-11  3.24727E-11  2.32299E-11
  1.66346E-11  1.19244E-11  8.55742E-12  6.14828E-12  4.42269E-12  3.18537E-12

  jn =  14
  2.12608E+00  1.28872E+00  7.90746E-01  4.09295E-01  1.90592E-01  8.37671E-02
  3.62372E-02  1.58283E-02  7.28115E-03  3.44075E-03  1.62495E-03  7.82393E-04
  3.94992E-04  2.10861E-04  1.18589E-04  6.97327E-05  4.25375E-05  2.67332E-05
  1.72089E-05  1.12932E-05  7.52602E-06  5.07759E-06  3.45950E-06  2.37558E-06
  1.64149E-06  1.13990E-06  7.94731E-07  5.55835E-07  3.89735E-07  2.73821E-07
  1.92693E-07  1.35777E-07  9.57724E-08  6.76113E-08  4.77634E-08  3.37610E-08
  2.38748E-08  1.68901E-08  1.19529E-08  8.46143E-09  5.99142E-09  4.24350E-09
  3.00622E-09  2.13020E-09  1.50980E-09  1.07035E-09  7.59004E-10  5.38367E-10
  3.81980E-10  2.71107E-10  1.92483E-10  1.36712E-10  9.71411E-11  6.90554E-11
  4.91145E-11  3.49509E-11  2.48868E-11  1.77322E-11  1.26434E-11  9.02189E-12

  jn =  15
  2.60322E+00  1.72573E+00  1.09353E+00  6.50168E-01  3.75290E-01  1.94266E-01
  9.20344E-02  4.39884E-02  2.19907E-02  1.07545E-02  5.05894E-03  2.42278E-03
  1.22345E-03  6.55289E-04  3.69953E-04  2.18283E-04  1.33521E-04  8.40891E-05
  5.42145E-05  3.56176E-05  2.37553E-05  1.60359E-05  1.09299E-05  7.50723E-06
  5.18817E-06  3.60312E-06  2.51213E-06  1.75695E-06  1.23185E-06  8.65401E-07
  6.08925E-07  4.29001E-07  3.02547E-07  2.13539E-07  1.50814E-07  1.06570E-07
  7.53373E-08  5.32764E-08  3.76861E-08  2.66643E-08  1.88696E-08  1.33558E-08
  9.45452E-09  6.69372E-09  4.73968E-09  3.35645E-09  2.37718E-09  1.68381E-09
  1.19283E-09  8.45113E-10  5.98839E-10  4.24394E-10  3.00813E-10  2.13255E-10
  1.51212E-10  1.07242E-10  7.60756E-11  5.39809E-11  3.83143E-11  2.72033E-11

  Neutral n=2 / n=1 (jt,jn)
  jn =   1
  9.62628E-77  2.39266E-62  6.39543E-51  7.50880E-42  1.18457E-34  6.10479E-29
  2.08176E-24  8.22723E-21  5.87879E-18  1.08065E-15  6.75879E-14  1.79553E-12
  2.41669E-11  1.89640E-10  9.70575E-10  3.54441E-09  9.92665E-09  2.25922E-08
  4.37610E-08  7.48176E-08  1.16121E-07  1.67101E-07  2.26430E-07  2.92155E-07
  3.61811E-07  4.32604E-07  5.01621E-07  5.66111E-07  6.23711E-07  6.72624E-07
  7.11701E-07  7.40432E-07  7.58881E-07  7.67569E-07  7.67351E-07  7.59290E-07
  7.44551E-07  7.24317E-07  6.99724E-07  6.71822E-07  6.41548E-07  6.09719E-07
  5.77027E-07  5.44050E-07  5.11256E-07  4.79018E-07  4.47627E-07  4.17300E-07
  3.88197E-07  3.60425E-07  3.34053E-07  3.09115E-07  2.85621E-07  2.63558E-07
  2.42897E-07  2.23600E-07  2.05617E-07  1.88893E-07  1.73369E-07  1.58983E-07

  jn =   2
  3.04409E-76  7.56625E-62  2.02241E-50  2.37449E-41  3.74594E-34  1.93050E-28
  6.58309E-24  2.60168E-20  1.85903E-17  3.41728E-15  2.13726E-13  5.67750E-12
  7.64074E-11  5.99460E-10  3.06711E-09  1.11962E-08  3.13420E-08  7.12950E-08
  1.38028E-07  2.35873E-07  3.65944E-07  5.26448E-07  7.13221E-07  9.20136E-07
  1.13947E-06  1.36242E-06  1.57986E-06  1.78310E-06  1.96471E-06  2.11901E-06
  2.24238E-06  2.33318E-06  2.39161E-06  2.41929E-06  2.41889E-06  2.39376E-06
  2.34756E-06  2.28401E-06  2.20669E-06  2.11890E-06  2.02360E-06  1.92337E-06
  1.82040E-06  1.71649E-06  1.61315E-06  1.51154E-06  1.41258E-06  1.31696E-06
  1.22519E-06  1.13761E-06  1.05444E-06  9.75781E-07  9.01669E-07  8.32065E-07
  7.66882E-07  7.05996E-07  6.49252E-07  5.96478E-07  5.47487E-07  5.02084E-07

  jn =   3
  9.62624E-76  2.39265E-61  6.39541E-50  7.50878E-41  1.18457E-33  6.10478E-28
  2.08175E-23  8.22721E-20  5.87876E-17  1.08062E-14  6.75824E-13  1.79510E-11
  2.41530E-10  1.89421E-09  9.68591E-09  3.53301E-08  9.88097E-08  2.24549E-07
  4.34325E-07  7.41629E-07  1.14992E-06  1.65367E-06  2.23998E-06  2.88982E-06
  3.57907E-06  4.28020E-06  4.96444E-06  5.60448E-06  6.17686E-06  6.66363E-06
  7.05327E-06  7.34058E-06  7.52604E-06  7.61472E-06  7.61496E-06  7.53724E-06
  7.39306E-06  7.19410E-06  6.95162E-06  6.67603E-06  6.37665E-06  6.06159E-06
  5.73775E-06  5.41088E-06  5.08565E-06  4.76579E-06  4.45421E-06  4.15310E-06
  3.86403E-06  3.58812E-06  3.32605E-06  3.07817E-06  2.84458E-06  2.62518E-06
  2.41970E-06  2.22773E-06  2.04881E-06  1.88239E-06  1.72789E-06  1.58469E-06

  jn =   4
  3.04406E-75  7.56617E-61  2.02239E-49  2.37447E-40  3.74591E-33  1.93049E-27
  6.58304E-23  2.60166E-19  1.85901E-16  3.41711E-14  2.13690E-12  5.67470E-11
  7.63175E-10  5.98044E-09  3.05447E-08  1.11245E-07  3.10587E-07  7.04566E-07
  1.36057E-06  2.32018E-06  3.59428E-06  5.16643E-06  6.99768E-06  9.02984E-06
  1.11884E-05  1.33874E-05  1.55368E-05  1.75504E-05  1.93539E-05  2.08903E-05
  2.21226E-05  2.30342E-05  2.36258E-05  2.39131E-05  2.39221E-05  2.36853E-05
  2.32389E-05  2.26195E-05  2.18624E-05  2.10005E-05  2.00630E-05  1.90755E-05
  1.80597E-05  1.70339E-05  1.60127E-05  1.50079E-05  1.40288E-05  1.30822E-05
  1.21733E-05  1.13055E-05  1.04810E-05  9.70098E-06  8.96581E-06  8.27514E-06
  7.62817E-06  7.02367E-06  6.46016E-06  5.93594E-06  5.44919E-06  4.99799E-06

  jn =   5
  9.62589E-75  2.39257E-60  6.39522E-49  7.50858E-40  1.18454E-32  6.10464E-27
  2.08171E-22  8.22704E-19  5.87855E-16  1.08051E-13  6.75584E-12  1.79333E-10
  2.40980E-09  1.88579E-08  9.61271E-08  3.49242E-07  9.72379E-07  2.19975E-06
  4.23731E-06  7.21156E-06  1.11568E-05  1.60261E-05  2.17051E-05  2.80195E-05
  3.47422E-05  4.16082E-05  4.83357E-05  5.46539E-05  6.03274E-05  6.51744E-05
  6.90759E-05  7.19760E-05  7.38752E-05  7.48200E-05  7.48902E-05  7.41872E-05
  7.28231E-05  7.09127E-05  6.85666E-05  6.58876E-05  6.29677E-05  5.98875E-05
  5.67154E-05  5.35086E-05  5.03138E-05  4.71684E-05  4.41014E-05  4.11348E-05
  3.82849E-05  3.55627E-05  3.29754E-05  3.05269E-05  2.82184E-05  2.60489E-05
  2.40161E-05  2.21162E-05  2.03448E-05  1.86964E-05  1.71656E-05  1.57462E-05

  jn =   6
  3.04370E-74  7.56537E-60  2.02220E-48  2.37427E-39  3.74562E-32  1.93035E-26
  6.58261E-22  2.60149E-18  1.85883E-15  3.41631E-13  2.13542E-11  5.66448E-10
  7.60157E-09  5.93595E-08  3.01693E-07  1.09215E-06  3.02883E-06  6.82503E-06
  1.31004E-05  2.22328E-05  3.43283E-05  4.92588E-05  6.66977E-05  8.61348E-05
  1.06890E-04  1.28157E-04  1.49065E-04  1.68770E-04  1.86530E-04  2.01767E-04
  2.14096E-04  2.23331E-04  2.29459E-04  2.32615E-04  2.33040E-04  2.31042E-04
  2.26967E-04  2.21170E-04  2.13994E-04  2.05760E-04  1.96756E-04  1.87232E-04
  1.77405E-04  1.67454E-04  1.57527E-04  1.47742E-04  1.38191E-04  1.28944E-04
  1.20053E-04  1.11555E-04  1.03472E-04  9.58184E-05  8.85980E-05  8.18091E-05
  7.54446E-05  6.94938E-05  6.39427E-05  5.87754E-05  5.39745E-05  4.95219E-05

  jn =   7
  9.62230E-74  2.39178E-59  6.39332E-48  7.50657E-39  1.18425E-31  6.10328E-26
  2.08128E-21  8.22534E-18  5.87699E-15  1.07993E-12  6.74664E-11  1.78748E-09
  2.39351E-08  1.86281E-07  9.42533E-07  3.39385E-06  9.35771E-06  2.09660E-05
  4.00363E-05  6.76597E-05  1.04150E-04  1.49168E-04  2.01814E-04  2.60643E-04
  3.23676E-04  3.88517E-04  4.52543E-04  5.13173E-04  5.68114E-04  6.15553E-04
  6.54257E-04  6.83588E-04  7.03454E-04  7.14212E-04  7.16555E-04  7.11397E-04
  6.99772E-04  6.82754E-04  6.61388E-04  6.36655E-04  6.09442E-04  5.80528E-04
  5.50583E-04  5.20170E-04  4.89750E-04  4.59698E-04  4.30308E-04  4.01805E-04
  3.74356E-04  3.48081E-04  3.23058E-04  2.99335E-04  2.76930E-04  2.55842E-04
  2.36054E-04  2.17536E-04  2.00247E-04  1.84141E-04  1.69167E-04  1.55269E-04

  jn =   8
  3.04012E-73  7.55744E-59  2.02030E-47  2.37226E-38  3.74274E-31  1.92899E-25
  6.57830E-21  2.59981E-17  1.85739E-14  3.41164E-12  2.12892E-10  5.62691E-09
  7.50392E-08  5.80576E-07  2.91567E-06  1.04091E-05  2.84427E-05  6.31662E-05
  1.19655E-04  2.00837E-04  3.07499E-04  4.38722E-04  5.92119E-04  7.63798E-04
  9.48325E-04  1.13899E-03  1.32831E-03  1.50882E-03  1.67378E-03  1.81772E-03
  1.93680E-03  2.02888E-03  2.09340E-03  2.13112E-03  2.14384E-03  2.13404E-03
  2.10461E-03  2.05860E-03  1.99905E-03  1.92882E-03  1.85054E-03  1.76655E-03
  1.67888E-03  1.58924E-03  1.49908E-03  1.40957E-03  1.32165E-03  1.23604E-03
  1.15331E-03  1.07386E-03  9.97969E-04  9.25827E-04  8.57524E-04  7.93091E-04
  7.32502E-04  6.75690E-04  6.22554E-04  5.72972E-04  5.26801E-04  4.83889E-04

  jn =   9
  9.58663E-73  2.38387E-58  6.37436E-47  7.48648E-38  1.18137E-30  6.08969E-25
  2.07697E-20  8.20869E-17  5.86296E-14  1.07569E-11  6.69327E-10  1.75952E-08
  2.32693E-07  1.78044E-06  8.82313E-06  3.10351E-05  8.34901E-05  1.82546E-04
  3.40696E-04  5.64205E-04  8.53916E-04  1.20692E-03  1.61732E-03  2.07591E-03
  2.56984E-03  3.08295E-03  3.59683E-03  4.09263E-03  4.55277E-03  4.96243E-03
  5.31053E-03  5.59006E-03  5.79798E-03  5.93476E-03  6.00366E-03  6.01003E-03
  5.96059E-03  5.86277E-03  5.72422E-03  5.55242E-03  5.35443E-03  5.13667E-03
  4.90487E-03  4.66405E-03  4.41847E-03  4.17172E-03  3.92676E-03  3.68599E-03
  3.45130E-03  3.22415E-03  3.00564E-03  2.79654E-03  2.59738E-03  2.40844E-03
  2.22986E-03  2.06160E-03  1.90354E-03  1.75543E-03  1.61699E-03  1.48786E-03

  jn =  10
  3.00479E-72  7.47906E-58  2.00149E-46  2.35231E-37  3.71414E-30  1.91549E-24
  6.53553E-20  2.58326E-16  1.84346E-13  3.37093E-11  2.08128E-09  5.39755E-08
  6.99967E-07  5.22388E-06  2.51432E-05  8.56477E-05  2.22814E-04  4.71202E-04
  8.52110E-04  1.37149E-03  2.02543E-03  2.80579E-03  3.70181E-03  4.69857E-03
  5.77499E-03  6.90348E-03  8.05108E-03  9.18230E-03  1.02622E-02  1.12594E-02
  1.21478E-02  1.29082E-02  1.35284E-02  1.40030E-02  1.43324E-02  1.45218E-02
  1.45801E-02  1.45188E-02  1.43507E-02  1.40898E-02  1.37498E-02  1.33442E-02
  1.28859E-02  1.23865E-02  1.18569E-02  1.13066E-02  1.07440E-02  1.01764E-02
  9.61010E-03  9.05029E-03  8.50135E-03  7.96679E-03  7.44941E-03  6.95135E-03
  6.47419E-03  6.01903E-03  5.58654E-03  5.17702E-03  4.79050E-03  4.42674E-03

  jn =  11
  9.24391E-72  2.30758E-57  6.19079E-46  7.29137E-37  1.15334E-29  5.95716E-24
  2.03495E-19  8.04578E-16  5.72600E-13  1.03658E-10  6.25955E-09  1.56482E-07
  1.93059E-06  1.35795E-05  6.12977E-05  1.95658E-04  4.78204E-04  9.55128E-04
  1.64281E-03  2.53473E-03  3.61698E-03  4.87774E-03  6.30738E-03  7.89332E-03
  9.61505E-03  1.14422E-02  1.33352E-02  1.52487E-02  1.71353E-02  1.89496E-02
  2.06512E-02  2.22063E-02  2.35894E-02  2.47829E-02  2.57766E-02  2.65668E-02
  2.71555E-02  2.75486E-02  2.77558E-02  2.77885E-02  2.76603E-02  2.73852E-02
  2.69779E-02  2.64533E-02  2.58259E-02  2.51100E-02  2.43193E-02  2.34669E-02
  2.25653E-02  2.16262E-02  2.06603E-02  1.96778E-02  1.86878E-02  1.76986E-02
  1.67175E-02  1.57511E-02  1.48050E-02  1.38839E-02  1.29919E-02  1.21321E-02

  jn =  12
  2.69197E-71  6.77623E-57  1.83101E-45  2.16987E-36  3.45046E-29  1.79022E-23
  6.13689E-19  2.42848E-15  1.71437E-12  3.01527E-10  1.71524E-08  3.92302E-07
  4.35713E-06  2.75489E-05  1.12719E-04  3.30354E-04  7.51894E-04  1.41760E-03
  2.32958E-03  3.46973E-03  4.82035E-03  6.37268E-03  8.12357E-03  1.00673E-02
  1.21889E-02  1.44612E-02  1.68458E-02  1.92965E-02  2.17634E-02  2.41975E-02
  2.65537E-02  2.87933E-02  3.08852E-02  3.28060E-02  3.45397E-02  3.60769E-02
  3.74134E-02  3.85494E-02  3.94881E-02  4.02350E-02  4.07972E-02  4.11826E-02
  4.13995E-02  4.14564E-02  4.13617E-02  4.11240E-02  4.07515E-02  4.02524E-02
  3.96351E-02  3.89078E-02  3.80788E-02  3.71569E-02  3.61507E-02  3.50694E-02
  3.39221E-02  3.27184E-02  3.14678E-02  3.01799E-02  2.88644E-02  2.75306E-02

  jn =  13
  6.80951E-71  1.74815E-56  4.80658E-45  5.78399E-36  9.32143E-29  4.89246E-23
  1.69264E-18  6.71323E-15  4.64052E-12  7.60764E-10  3.81471E-08  7.49688E-07
  7.23406E-06  4.08485E-05  1.53448E-04  4.22326E-04  9.17925E-04  1.67351E-03
  2.68362E-03  3.92681E-03  5.38580E-03  7.05513E-03  8.93586E-03  1.10263E-02
  1.33147E-02  1.57764E-02  1.83746E-02  2.10642E-02  2.37959E-02  2.65207E-02
  2.91936E-02  3.17760E-02  3.42365E-02  3.65518E-02  3.87059E-02  4.06892E-02
  4.24978E-02  4.41316E-02  4.55939E-02  4.68900E-02  4.80263E-02  4.90100E-02
  4.98482E-02  5.05477E-02  5.11151E-02  5.15560E-02  5.18753E-02  5.20774E-02
  5.21658E-02  5.21434E-02  5.20128E-02  5.17760E-02  5.14347E-02  5.09905E-02
  5.04451E-02  4.98002E-02  4.90577E-02  4.82199E-02  4.72896E-02  4.62702E-02

  jn =  14
  1.31888E-70  3.49339E-56  9.88801E-45  1.22207E-35  2.01790E-28  1.08238E-22
  3.81215E-18  1.51889E-14  1.00853E-11  1.46815E-09  6.22451E-08  1.05292E-06
  9.14029E-06  4.82037E-05  1.73254E-04  4.62980E-04  9.86816E-04  1.77493E-03
  2.81948E-03  4.09687E-03  5.59211E-03  7.29930E-03  9.22328E-03  1.13629E-02
  1.37092E-02  1.62374E-02  1.89115E-02  2.16867E-02  2.45142E-02  2.73456E-02
  3.01361E-02  3.28474E-02  3.54487E-02  3.79172E-02  4.02374E-02  4.24007E-02
  4.44038E-02  4.62477E-02  4.79367E-02  4.94773E-02  5.08771E-02  5.21447E-02
  5.32884E-02  5.43166E-02  5.52370E-02  5.60566E-02  5.67816E-02  5.74175E-02
  5.79688E-02  5.84391E-02  5.88315E-02  5.91481E-02  5.93905E-02  5.95594E-02
  5.96554E-02  5.96781E-02  5.96270E-02  5.95012E-02  5.92993E-02  5.90199E-02

  jn =  15
  1.87408E-70  5.10507E-56  1.48538E-44  1.88566E-35  3.19460E-28  1.75534E-22
  6.31243E-18  2.53064E-14  1.60642E-11  2.08305E-09  7.79115E-08  1.20785E-06
  9.97776E-06  5.10948E-05  1.80496E-04  4.77319E-04  1.01105E-03  1.80990E-03
  2.86573E-03  4.15563E-03  5.66332E-03  7.38231E-03  9.32128E-03  1.14780E-02
  1.38392E-02  1.63877E-02  1.90817E-02  2.18828E-02  2.47395E-02  2.76067E-02
  3.04368E-02  3.31919E-02  3.58412E-02  3.83621E-02  4.07396E-02  4.29653E-02
  4.50362E-02  4.69540E-02  4.87233E-02  5.03513E-02  5.18463E-02  5.32175E-02
  5.44741E-02  5.56254E-02  5.66800E-02  5.76460E-02  5.85306E-02  5.93405E-02
  6.00815E-02  6.07585E-02  6.13759E-02  6.19374E-02  6.24458E-02  6.29037E-02
  6.33128E-02  6.36747E-02  6.39901E-02  6.42596E-02  6.44832E-02  6.46607E-02

  Continuum n=2 / n=1 (jt,jn)
  jn =   1
  9.33972E-11  6.29159E-11  4.36644E-11  3.11797E-11  2.28466E-11  1.71218E-11
  1.30792E-11  1.01508E-11  7.97999E-12  6.33749E-12  5.07230E-12  4.08275E-12
  3.29884E-12  2.67135E-12  2.16501E-12  1.75400E-12  1.41904E-12  1.14547E-12
  9.21917E-13  7.39391E-13  5.90663E-13  4.69840E-13  3.72057E-13  2.93268E-13
  2.30088E-13  1.79683E-13  1.39680E-13  1.08101E-13  8.33022E-14  6.39282E-14
  4.88674E-14  3.72155E-14  2.82420E-14  2.13611E-14  1.61062E-14  1.21084E-14
  9.07803E-15  6.78859E-15  5.06437E-15  3.76961E-15  2.80001E-15  2.07573E-15
  1.53599E-15  1.13465E-15  8.36842E-16  6.16273E-16  4.53203E-16  3.32843E-16
  2.44146E-16  1.78877E-16  1.30913E-16  9.57118E-17  6.99075E-17  5.10132E-17
  3.71932E-17  2.70949E-17  1.97229E-17  1.43461E-17  1.04277E-17  7.57450E-18

  jn =   2
  5.22673E-10  3.23624E-10  2.08465E-10  1.39492E-10  9.66367E-11  6.90292E-11
  5.06240E-11  3.79586E-11  2.89883E-11  2.24689E-11  1.76217E-11  1.39455E-11
  1.11101E-11  8.89189E-12  7.13669E-12  5.73538E-12  4.60923E-12  3.70017E-12
  2.96453E-12  2.36871E-12  1.88644E-12  1.49679E-12  1.18284E-12  9.30792E-13
  7.29273E-13  5.68882E-13  4.41837E-13  3.41698E-13  2.63158E-13  2.01860E-13
  1.54246E-13  1.17432E-13  8.90956E-14  6.73754E-14  5.07934E-14  3.81816E-14
  2.86233E-14  2.14033E-14  1.59665E-14  1.18842E-14  8.82722E-15  6.54387E-15
  4.84234E-15  3.57714E-15  2.63831E-15  1.94297E-15  1.42889E-15  1.04945E-15
  7.69823E-16  5.64047E-16  4.12824E-16  3.01834E-16  2.20471E-16  1.60892E-16
  1.17312E-16  8.54658E-17  6.22164E-17  4.52581E-17  3.28991E-17  2.38990E-17

  jn =   3
  3.24034E-09  1.83384E-09  1.08789E-09  6.76102E-10  4.38810E-10  2.96116E-10
  2.06754E-10  1.48638E-10  1.09518E-10  8.23506E-11  6.29528E-11  4.87593E-11
  3.81506E-11  3.00762E-11  2.38370E-11  1.89563E-11  1.51015E-11  1.20354E-11
  9.58477E-12  7.62039E-12  6.04403E-12  4.77945E-12  3.76655E-12  2.95725E-12
  2.31273E-12  1.80139E-12  1.39740E-12  1.07963E-12  8.30824E-13  6.36894E-13
  4.86421E-13  3.70180E-13  2.80766E-13  2.12268E-13  1.59996E-13  1.20252E-13
  9.01395E-14  6.73977E-14  5.02750E-14  3.74198E-14  2.77942E-14  2.06047E-14
  1.52474E-14  1.12639E-14  8.30795E-15  6.11862E-15  4.49995E-15  3.30517E-15
  2.42463E-15  1.77662E-15  1.30038E-15  9.50830E-16  6.94565E-16  5.06904E-16
  3.69626E-16  2.69304E-16  1.96059E-16  1.42629E-16  1.03688E-16  7.53279E-17

  jn =   4
  2.26148E-08  1.16703E-08  6.33274E-09  3.62174E-09  2.17954E-09  1.37495E-09
  9.04822E-10  6.17869E-10  4.35515E-10  3.15295E-10  2.33373E-10  1.75878E-10
  1.34467E-10  1.03963E-10  8.10573E-11  6.35807E-11  5.00721E-11  3.95240E-11
  3.12247E-11  2.46603E-11  1.94512E-11  1.53113E-11  1.20211E-11  9.40906E-12
  7.33983E-12  5.70524E-12  4.41836E-12  3.40902E-12  2.62053E-12  2.00710E-12
  1.53184E-12  1.16514E-12  8.83330E-13  6.67605E-13  5.03078E-13  3.78043E-13
  2.83339E-13  2.11836E-13  1.58011E-13  1.17605E-13  8.73540E-14  6.47601E-14
  4.79242E-14  3.54056E-14  2.61160E-14  1.92353E-14  1.41478E-14  1.03923E-14
  7.62438E-15  5.58722E-15  4.08992E-15  2.99081E-15  2.18495E-15  1.59477E-15
  1.16300E-15  8.47429E-16  6.17007E-16  4.48906E-16  3.26375E-16  2.37131E-16

  jn =   5
  1.78179E-07  8.43185E-08  4.17848E-08  2.18451E-08  1.20736E-08  7.04323E-09
  4.31993E-09  2.77176E-09  1.85016E-09  1.27774E-09  9.08167E-10  6.61108E-10
  4.90747E-10  3.70027E-10  2.82439E-10  2.17599E-10  1.68788E-10  1.31540E-10
  1.02810E-10  8.04683E-11  6.29952E-11  4.92782E-11  3.84884E-11  2.99964E-11
  2.33172E-11  1.80722E-11  1.39629E-11  1.07527E-11  8.25298E-12  6.31330E-12
  4.81367E-12  3.65853E-12  2.77200E-12  2.09408E-12  1.57747E-12  1.18512E-12
  8.88087E-13  6.63904E-13  4.95188E-13  3.68561E-13  2.73765E-13  2.02969E-13
  1.50215E-13  1.10988E-13  8.18766E-14  6.03127E-14  4.43669E-14  3.25947E-14
  2.39170E-14  1.75293E-14  1.28337E-14  9.38636E-15  6.85837E-15  5.00666E-15
  3.65173E-15  2.66129E-15  1.93797E-15  1.41020E-15  1.02543E-15  7.45152E-16

  jn =   6
  1.56283E-06  6.89903E-07  3.14900E-07  1.50573E-07  7.60062E-08  4.06208E-08
  2.29657E-08  1.36879E-08  8.55709E-09  5.57886E-09  3.77098E-09  2.62806E-09
  1.87879E-09  1.37152E-09  1.01825E-09  7.66139E-10  5.82425E-10  4.46189E-10
  3.43707E-10  2.65733E-10  2.05887E-10  1.59660E-10  1.23796E-10  9.58978E-11
  7.41703E-11  5.72482E-11  4.40809E-11  3.38524E-11  2.59245E-11  1.97960E-11
  1.50723E-11  1.14426E-11  8.66245E-12  6.53970E-12  4.92404E-12  3.69810E-12
  2.77065E-12  2.07101E-12  1.54466E-12  1.14971E-12  8.54068E-13  6.33284E-13
  4.68762E-13  3.46415E-13  2.55607E-13  1.88331E-13  1.38572E-13  1.01829E-13
  7.47382E-14  5.47918E-14  4.01253E-14  2.93547E-14  2.14544E-14  1.56660E-14
  1.14294E-14  8.33160E-15  6.06869E-15  4.41710E-15  3.21272E-15  2.33515E-15

  jn =   7
  1.49004E-05  6.29720E-06  2.70125E-06  1.19573E-06  5.53602E-07  2.70405E-07
  1.39861E-07  7.65877E-08  4.42747E-08  2.68977E-08  1.70789E-08  1.12684E-08
  7.68125E-09  5.38066E-09  3.85459E-09  2.81199E-09  2.08134E-09  1.55811E-09
  1.17657E-09  8.94199E-10  6.82707E-10  5.22816E-10  4.01076E-10  3.07906E-10
  2.36353E-10  1.81285E-10  1.38867E-10  1.06192E-10  8.10443E-11  6.17157E-11
  4.68872E-11  3.55361E-11  2.68675E-11  2.02645E-11  1.52479E-11  1.14467E-11
  8.57383E-12  6.40818E-12  4.77967E-12  3.55802E-12  2.64366E-12  1.96079E-12
  1.45186E-12  1.07332E-12  7.92280E-13  5.83995E-13  4.29888E-13  3.16044E-13
  2.32069E-13  1.70212E-13  1.24708E-13  9.12756E-14  6.67410E-14  4.87564E-14
  3.55869E-14  2.59529E-14  1.89121E-14  1.37710E-14  1.00203E-14  7.28611E-15

  jn =   8
  1.51617E-04  6.31577E-05  2.62323E-05  1.10254E-05  4.75793E-06  2.13627E-06
  1.00872E-06  5.04234E-07  2.67258E-07  1.49798E-07  8.83289E-08  5.44615E-08
  3.49081E-08  2.31370E-08  1.57812E-08  1.10275E-08  7.86167E-09  5.69658E-09
  4.18151E-09  3.10059E-09  2.31701E-09  1.74159E-09  1.31467E-09  9.95349E-10
  7.55027E-10  5.73323E-10  4.35487E-10  3.30702E-10  2.50947E-10  1.90217E-10
  1.43986E-10  1.08819E-10  8.20985E-11  6.18264E-11  4.64725E-11  3.48652E-11
  2.61075E-11  1.95131E-11  1.45576E-11  1.08413E-11  8.05981E-12  5.98199E-12
  4.43275E-12  3.27973E-12  2.42308E-12  1.78768E-12  1.31715E-12  9.69235E-13
  7.12359E-13  5.22961E-13  3.83500E-13  2.80937E-13  2.05600E-13  1.50324E-13
  1.09811E-13  8.01473E-14  5.84493E-14  4.25925E-14  3.10145E-14  2.25678E-14

  jn =   9
  1.64173E-03  6.92363E-04  2.87007E-04  1.18106E-04  4.88413E-05  2.06241E-05
  9.03804E-06  4.15561E-06  2.01310E-06  1.02714E-06  5.50924E-07  3.09989E-07
  1.82575E-07  1.12222E-07  7.16854E-08  4.73386E-08  3.21349E-08  2.23043E-08
  1.57562E-08  1.12865E-08  8.17481E-09  5.97377E-09  4.39674E-09  3.25482E-09
  2.42067E-09  1.80688E-09  1.35249E-09  1.01443E-09  7.61912E-10  5.72713E-10
  4.30631E-10  3.23765E-10  2.43312E-10  1.82720E-10  1.37089E-10  1.02739E-10
  7.69018E-11  5.74858E-11  4.29124E-11  3.19881E-11  2.38106E-11  1.76982E-11
  1.31363E-11  9.73658E-12  7.20688E-12  5.32733E-12  3.93288E-12  2.89981E-12
  2.13552E-12  1.57084E-12  1.15418E-12  8.47124E-13  6.21114E-13  4.54950E-13
  3.32921E-13  2.43401E-13  1.77795E-13  1.29764E-13  9.46316E-14  6.89577E-14

  jn =  10
  1.83205E-02  7.97248E-03  3.35977E-03  1.38474E-03  5.63946E-04  2.30269E-04
  9.57038E-05  4.09411E-05  1.81646E-05  8.40882E-06  4.08153E-06  2.08446E-06
  1.12159E-06  6.34916E-07  3.76502E-07  2.32394E-07  1.48268E-07  9.71527E-08
  6.50416E-08  4.43154E-08  3.06401E-08  2.14512E-08  1.51809E-08  1.08445E-08
  7.81027E-09  5.66492E-09  4.13401E-09  3.03261E-09  2.23451E-09  1.65253E-09
  1.22583E-09  9.11508E-10  6.79058E-10  5.06590E-10  3.78288E-10  2.82642E-10
  2.11229E-10  1.57850E-10  1.17925E-10  8.80527E-11  6.57019E-11  4.89835E-11
  3.64844E-11  2.71463E-11  2.01758E-11  1.49777E-11  1.11056E-11  8.22453E-12
  6.08350E-12  4.49437E-12  3.31639E-12  2.44428E-12  1.79943E-12  1.32323E-12
  9.71987E-13  7.13228E-13  5.22822E-13  3.82872E-13  2.80118E-13  2.04754E-13

  jn =  11
  1.77608E-01  8.22975E-02  3.60177E-02  1.51518E-02  6.20502E-03  2.50758E-03
  1.01326E-03  4.14325E-04  1.73362E-04  7.49538E-05  3.36907E-05  1.58100E-05
  7.77411E-06  4.01412E-06  2.17461E-06  1.23142E-06  7.25087E-07  4.41556E-07
  2.76745E-07  1.77769E-07  1.16621E-07  7.78968E-08  5.28392E-08  3.63180E-08
  2.52465E-08  1.77219E-08  1.25452E-08  8.94597E-09  6.42051E-09  4.63418E-09
  3.36171E-09  2.44957E-09  1.79206E-09  1.31571E-09  9.69023E-10  7.15677E-10
  5.29849E-10  3.93090E-10  2.92142E-10  2.17432E-10  1.62011E-10  1.20819E-10
  9.01521E-11  6.72906E-11  5.02304E-11  3.74903E-11  2.79720E-11  2.08594E-11
  1.55450E-11  1.15751E-11  8.61110E-12  6.39955E-12  4.75077E-12  3.52272E-12
  2.60898E-12  1.92989E-12  1.42580E-12  1.05206E-12  7.75340E-13  5.70707E-13

  jn =  12
  1.29135E+00  6.59350E-01  3.11648E-01  1.37940E-01  5.83912E-02  2.39904E-02
  9.71392E-03  3.92663E-03  1.60017E-03  6.58820E-04  2.73690E-04  1.15534E-04
  5.03994E-05  2.31061E-05  1.12298E-05  5.78842E-06  3.14978E-06  1.79741E-06
  1.06816E-06  6.56799E-07  4.15475E-07  2.69054E-07  1.77631E-07  1.19151E-07
  8.09768E-08  5.56320E-08  3.85658E-08  2.69383E-08  1.89380E-08  1.33879E-08
  9.51066E-09  6.78576E-09  4.86076E-09  3.49459E-09  2.52101E-09  1.82458E-09
  1.32464E-09  9.64560E-10  7.04381E-10  5.15806E-10  3.78720E-10  2.78770E-10
  2.05690E-10  1.52107E-10  1.12715E-10  8.36814E-11  6.22301E-11  4.63450E-11
  3.45571E-11  2.57930E-11  1.92662E-11  1.43984E-11  1.07636E-11  8.04691E-12
  6.01500E-12  4.49459E-12  3.35669E-12  2.50512E-12  1.86800E-12  1.39154E-12

  jn =  13
  5.93825E+00  3.53983E+00  1.96727E+00  9.67625E-01  4.39293E-01  1.90640E-01
  7.97603E-02  3.27204E-02  1.31353E-02  5.05147E-03  1.84996E-03  6.70309E-04
  2.53658E-04  1.03674E-04  4.61875E-05  2.23184E-05  1.15784E-05  6.37637E-06
  3.68898E-06  2.22184E-06  1.38259E-06  8.83333E-07  5.76484E-07  3.82722E-07
  2.57613E-07  1.75342E-07  1.20425E-07  8.33168E-08  5.79907E-08  4.05644E-08
  2.84933E-08  2.00856E-08  1.42025E-08  1.00700E-08  7.15770E-09  5.09938E-09
  3.64092E-09  2.60512E-09  1.86791E-09  1.34213E-09  9.66402E-10  6.97368E-10
  5.04348E-10  3.65581E-10  2.65612E-10  1.93437E-10  1.41214E-10  1.03340E-10
  7.58074E-11  5.57443E-11  4.10881E-11  3.03548E-11  2.24747E-11  1.66749E-11
  1.23957E-11  9.23097E-12  6.88508E-12  5.14241E-12  3.84525E-12  2.87796E-12

  jn =  14
  1.50253E+01  1.07777E+01  7.66515E+00  4.49931E+00  2.32261E+00  1.10414E+00
  4.99183E-01  2.12859E-01  8.40958E-02  2.91735E-02  9.13989E-03  2.87401E-03
  9.84074E-04  3.77002E-04  1.61114E-04  7.57513E-05  3.85728E-05  2.09669E-05
  1.20161E-05  7.18612E-06  4.44707E-06  2.82845E-06  1.83879E-06  1.21652E-06
  8.16168E-07  5.53727E-07  3.79052E-07  2.61348E-07  1.81236E-07  1.26269E-07
  8.83066E-08  6.19495E-08  4.35710E-08  3.07109E-08  2.16863E-08  1.53381E-08
  1.08637E-08  7.70451E-09  5.47070E-09  3.88910E-09  2.76795E-09  1.97229E-09
  1.40703E-09  1.00502E-09  7.18800E-10  5.14803E-10  3.69241E-10  2.65250E-10
  1.90863E-10  1.37579E-10  9.93561E-11  7.18943E-11  5.21310E-11  3.78826E-11
  2.75907E-11  2.01417E-11  1.47388E-11  1.08113E-11  7.94960E-12  5.85955E-12

  jn =  15
  2.60277E+01  2.10078E+01  1.58661E+01  1.09910E+01  7.21646E+00  4.13432E+00
  2.07346E+00  9.47937E-01  3.75484E-01  1.19864E-01  3.38511E-02  9.92630E-03
  3.27148E-03  1.22886E-03  5.19622E-04  2.42842E-04  1.23204E-04  6.68114E-05
  3.82256E-05  2.28313E-05  1.41142E-05  8.96870E-06  5.82554E-06  3.85080E-06
  2.58127E-06  1.74966E-06  1.19655E-06  8.24111E-07  5.70822E-07  3.97177E-07
  2.77362E-07  1.94258E-07  1.36376E-07  9.59256E-08  6.75794E-08  4.76717E-08
  3.36652E-08  2.37962E-08  1.68339E-08  1.19173E-08  8.44213E-09  5.98405E-09
  4.24421E-09  3.01198E-09  2.13878E-09  1.51966E-09  1.08045E-09  7.68709E-10
  5.47317E-10  3.89996E-10  2.78136E-10  1.98546E-10  1.41876E-10  1.01495E-10
  7.26946E-11  5.21355E-11  3.74442E-11  2.69342E-11  1.94063E-11  1.40072E-11

 Neutral n=4 / n=1 (jt,jn)
  jn =   1
  3.93070E-94  4.33157E-76  9.27634E-62  2.24125E-50  2.46936E-41  3.76059E-34
  1.90891E-28  6.49568E-24  2.58060E-20  1.85974E-17  3.45057E-15  2.17718E-13
  5.82822E-12  7.89195E-11  6.21651E-10  3.18333E-09  1.15759E-08  3.20679E-08
  7.15615E-08  1.34484E-07  2.20483E-07  3.24322E-07  4.37671E-07  5.51502E-07
  6.58008E-07  7.51572E-07  8.28921E-07  8.88783E-07  9.31362E-07  9.57820E-07
  9.69865E-07  9.69448E-07  9.58561E-07  9.39114E-07  9.12863E-07  8.81375E-07
  8.46013E-07  8.07944E-07  7.68149E-07  7.27442E-07  6.86488E-07  6.45820E-07
  6.05862E-07  5.66944E-07  5.29315E-07  4.93156E-07  4.58596E-07  4.25715E-07
  3.94560E-07  3.65143E-07  3.37457E-07  3.11474E-07  2.87150E-07  2.64432E-07
  2.43260E-07  2.23564E-07  2.05275E-07  1.88319E-07  1.72623E-07  1.58112E-07

  jn =   2
  1.24339E-93  1.37015E-75  2.93416E-61  7.08876E-50  7.80922E-41  1.18895E-33
  6.03251E-28  2.05139E-23  8.14261E-20  5.86187E-17  1.08630E-14  6.84524E-13
  1.82992E-11  2.47438E-10  1.94631E-09  9.95266E-09  3.61432E-08  9.99969E-08
  2.22887E-07  4.18418E-07  6.85330E-07  1.00725E-06  1.35827E-06  1.71044E-06
  2.03964E-06  2.32859E-06  2.56732E-06  2.75201E-06  2.88342E-06  2.96522E-06
  3.00272E-06  3.00195E-06  2.96903E-06  2.90980E-06  2.82962E-06  2.73327E-06
  2.62490E-06  2.50807E-06  2.38580E-06  2.26057E-06  2.13443E-06  2.00903E-06
  1.88570E-06  1.76546E-06  1.64909E-06  1.53717E-06  1.43011E-06  1.32817E-06
  1.23151E-06  1.14018E-06  1.05417E-06  9.73405E-07  8.97751E-07  8.27054E-07
  7.61130E-07  6.99775E-07  6.42774E-07  5.89904E-07  5.40938E-07  4.95652E-07

  jn =   3
  3.93585E-93  4.33665E-75  9.28590E-61  2.24307E-49  2.47029E-40  3.75886E-33
  1.90532E-27  6.46980E-23  2.56305E-19  1.84064E-16  3.40120E-14  2.13628E-12
  5.69085E-11  7.66685E-10  6.00834E-09  3.06139E-08  1.10801E-07  3.05630E-07
  6.79475E-07  1.27290E-06  2.08162E-06  3.05612E-06  4.11857E-06  5.18517E-06
  6.18360E-06  7.06198E-06  7.79009E-06  8.35626E-06  8.76240E-06  9.01926E-06
  9.14249E-06  9.14994E-06  9.05978E-06  8.88935E-06  8.65463E-06  8.36986E-06
  8.04751E-06  7.69831E-06  7.33134E-06  6.95420E-06  6.57317E-06  6.19336E-06
  5.81888E-06  5.45296E-06  5.09809E-06  4.75616E-06  4.42850E-06  4.11602E-06
  3.81928E-06  3.53853E-06  3.27379E-06  3.02488E-06  2.79148E-06  2.57315E-06
  2.36937E-06  2.17954E-06  2.00303E-06  1.83919E-06  1.68734E-06  1.54680E-06

  jn =   4
  1.24850E-92  1.37520E-74  2.94367E-60  7.10726E-49  7.82046E-40  1.18808E-32
  6.00620E-27  2.03140E-22  8.00425E-19  5.70950E-16  1.04666E-13  6.51575E-12
  1.71927E-10  2.29366E-09  1.78017E-08  8.98726E-08  3.22561E-07  8.83297E-07
  1.95213E-06  3.64075E-06  5.93631E-06  8.70236E-06  1.17259E-05  1.47775E-05
  1.76576E-05  2.02206E-05  2.23782E-05  2.40918E-05  2.53604E-05  2.62076E-05
  2.66721E-05  2.67997E-05  2.66386E-05  2.62357E-05  2.56353E-05  2.48775E-05
  2.39980E-05  2.30282E-05  2.19950E-05  2.09213E-05  1.98265E-05  1.87265E-05
  1.76345E-05  1.65609E-05  1.55142E-05  1.45008E-05  1.35255E-05  1.25918E-05
  1.17019E-05  1.08573E-05  1.00585E-05  9.30550E-06  8.59765E-06  7.93401E-06
  7.31330E-06  6.73399E-06  6.19437E-06  5.69265E-06  5.22694E-06  4.79533E-06

  jn =   5
  3.98584E-92  4.38595E-74  9.37823E-60  2.26063E-48  2.48013E-39  3.74808E-32
  1.87908E-26  6.28070E-22  2.43733E-18  1.70712E-15  3.06569E-13  1.86668E-11
  4.81419E-10  6.27833E-09  4.76781E-08  2.35915E-07  8.31769E-07  2.24369E-06
  4.89977E-06  9.05908E-06  1.46909E-05  2.14861E-05  2.89662E-05  3.66144E-05
  4.39745E-05  5.07001E-05  5.65642E-05  6.14452E-05  6.53035E-05  6.81581E-05
  7.00665E-05  7.11098E-05  7.13811E-05  7.09782E-05  6.99983E-05  6.85346E-05
  6.66740E-05  6.44962E-05  6.20730E-05  5.94682E-05  5.67376E-05  5.39299E-05
  5.10864E-05  4.82421E-05  4.54262E-05  4.26626E-05  3.99705E-05  3.73650E-05
  3.48575E-05  3.24563E-05  3.01672E-05  2.79936E-05  2.59369E-05  2.39972E-05
  2.21731E-05  2.04623E-05  1.88615E-05  1.73671E-05  1.59747E-05  1.46798E-05

  jn =   6
  1.29522E-91  1.42127E-73  3.02869E-59  7.25987E-48  7.88498E-39  1.17203E-31
  5.73632E-26  1.85842E-21  6.94923E-18  4.67081E-15  8.03216E-13  4.68221E-11
  1.15772E-09  1.45157E-08  1.06383E-07  5.10281E-07  1.75256E-06  4.62842E-06
  9.94547E-06  1.81814E-05  2.92879E-05  4.27308E-05  5.76877E-05  7.32670E-05
  8.86663E-05  1.03249E-04  1.16559E-04  1.28304E-04  1.38320E-04  1.46546E-04
  1.52994E-04  1.57726E-04  1.60844E-04  1.62470E-04  1.62741E-04  1.61801E-04
  1.59796E-04  1.56867E-04  1.53153E-04  1.48782E-04  1.43874E-04  1.38542E-04
  1.32886E-04  1.26998E-04  1.20961E-04  1.14846E-04  1.08718E-04  1.02632E-04
  9.66342E-05  9.07643E-05  8.50552E-05  7.95331E-05  7.42185E-05  6.91269E-05
  6.42693E-05  5.96523E-05  5.52793E-05  5.11508E-05  4.72645E-05  4.36163E-05

  jn =   7
  4.37613E-91  4.77312E-73  1.00837E-58  2.38008E-47  2.51673E-38  3.59268E-31
  1.66767E-25  5.07882E-21  1.77764E-17  1.11841E-14  1.80619E-12  9.94068E-11
  2.33543E-09  2.80084E-08  1.97633E-07  9.18427E-07  3.07401E-06  7.95529E-06
  1.68376E-05  3.04657E-05  4.87917E-05  7.10649E-05  9.61270E-05  1.22717E-04
  1.49676E-04  1.76043E-04  2.01071E-04  2.24207E-04  2.45066E-04  2.63396E-04
  2.79062E-04  2.92017E-04  3.02294E-04  3.09981E-04  3.15214E-04  3.18157E-04
  3.18998E-04  3.17931E-04  3.15157E-04  3.10869E-04  3.05258E-04  2.98503E-04
  2.90769E-04  2.82215E-04  2.72983E-04  2.63205E-04  2.53002E-04  2.42485E-04
  2.31755E-04  2.20902E-04  2.10011E-04  1.99154E-04  1.88399E-04  1.77807E-04
  1.67428E-04  1.57308E-04  1.47487E-04  1.37996E-04  1.28862E-04  1.20106E-04

  jn =   8
  1.56183E-90  1.68987E-72  3.51984E-58  8.08521E-47  8.16505E-38  1.09270E-30
  4.69631E-25  1.31833E-20  4.26039E-17  2.48737E-14  3.75113E-12  1.94040E-10
  4.31241E-09  4.92434E-08  3.33037E-07  1.49326E-06  4.85394E-06  1.22768E-05
  2.55480E-05  4.57055E-05  7.27478E-05  1.05793E-04  1.43461E-04  1.84231E-04
  2.26660E-04  2.69473E-04  3.11576E-04  3.52046E-04  3.90117E-04  4.25173E-04
  4.56744E-04  4.84505E-04  5.08270E-04  5.27973E-04  5.43657E-04  5.55450E-04
  5.63547E-04  5.68191E-04  5.69655E-04  5.68228E-04  5.64204E-04  5.57874E-04
  5.49516E-04  5.39397E-04  5.27763E-04  5.14844E-04  5.00849E-04  4.85967E-04
  4.70370E-04  4.54209E-04  4.37623E-04  4.20733E-04  4.03647E-04  3.86462E-04
  3.69264E-04  3.52129E-04  3.35127E-04  3.18321E-04  3.01767E-04  2.85517E-04

  jn =   9
  5.87121E-90  6.29807E-72  1.29109E-57  2.87820E-46  2.76858E-37  3.46922E-30
  1.38010E-24  3.56221E-20  1.05464E-16  5.63368E-14  7.78597E-12  3.70943E-10
  7.65444E-09  8.19847E-08  5.25815E-07  2.25987E-06  7.11075E-06  1.75615E-05
  3.59577E-05  6.37161E-05  1.01030E-04  1.47087E-04  2.00500E-04  2.59662E-04
  3.22940E-04  3.88748E-04  4.55546E-04  5.21862E-04  5.86315E-04  6.47662E-04
  7.04842E-04  7.57008E-04  8.03550E-04  8.44081E-04  8.78431E-04  9.06607E-04
  9.28766E-04  9.45176E-04  9.56183E-04  9.62183E-04  9.63598E-04  9.60857E-04
  9.54384E-04  9.44587E-04  9.31854E-04  9.16548E-04  8.99008E-04  8.79545E-04
  8.58448E-04  8.35981E-04  8.12386E-04  7.87882E-04  7.62672E-04  7.36936E-04
  7.10841E-04  6.84533E-04  6.58143E-04  6.31789E-04  6.05572E-04  5.79581E-04

  jn =  10
  2.29429E-89  2.42648E-71  4.88263E-57  1.05962E-45  9.80371E-37  1.16495E-29
  4.32734E-24  1.02726E-19  2.76497E-16  1.33597E-13  1.67317E-11  7.27686E-10
  1.38558E-08  1.38624E-07  8.40646E-07  3.45472E-06  1.04981E-05  2.52582E-05
  5.07705E-05  8.89187E-05  1.40185E-04  2.03962E-04  2.79015E-04  3.63817E-04
  4.56668E-04  5.55715E-04  6.58932E-04  7.64155E-04  8.69159E-04  9.71768E-04
  1.06997E-03  1.16201E-03  1.24648E-03  1.32232E-03  1.38883E-03  1.44566E-03
  1.49276E-03  1.53031E-03  1.55868E-03  1.57842E-03  1.59013E-03  1.59450E-03
  1.59223E-03  1.58401E-03  1.57052E-03  1.55243E-03  1.53031E-03  1.50475E-03
  1.47622E-03  1.44521E-03  1.41210E-03  1.37725E-03  1.34100E-03  1.30361E-03
  1.26534E-03  1.22641E-03  1.18700E-03  1.14730E-03  1.10745E-03  1.06761E-03

  jn =  11
  8.58042E-89  8.92111E-71  1.76413E-56  3.75361E-45  3.38627E-36  3.88578E-29
  1.37539E-23  3.06864E-19  7.68741E-16  3.43512E-13  3.96006E-11  1.58022E-09
  2.75998E-08  2.54237E-07  1.42991E-06  5.50266E-06  1.58261E-05  3.64301E-05
  7.07796E-05  1.20928E-04  1.87465E-04  2.69974E-04  3.67518E-04  4.78891E-04
  6.02656E-04  7.37076E-04  8.80046E-04  1.02912E-03  1.18160E-03  1.33467E-03
  1.48555E-03  1.63165E-03  1.77068E-03  1.90071E-03  2.02020E-03  2.12803E-03
  2.22344E-03  2.30600E-03  2.37560E-03  2.43236E-03  2.47658E-03  2.50876E-03
  2.52949E-03  2.53946E-03  2.53943E-03  2.53020E-03  2.51258E-03  2.48740E-03
  2.45549E-03  2.41764E-03  2.37465E-03  2.32725E-03  2.27613E-03  2.22197E-03
  2.16535E-03  2.10683E-03  2.04690E-03  1.98599E-03  1.92449E-03  1.86274E-03

  jn =  12
  2.78462E-88  2.87922E-70  5.66612E-56  1.19927E-44  1.07322E-35  1.21517E-28
  4.21176E-23  9.12400E-19  2.19342E-15  9.22489E-13  9.74362E-11  3.47698E-09
  5.37827E-08  4.40905E-07  2.23983E-06  7.92803E-06  2.13547E-05  4.67805E-05
  8.76508E-05  1.45941E-04  2.22274E-04  3.16424E-04  4.27766E-04  5.55462E-04
  6.98432E-04  8.55240E-04  1.02401E-03  1.20242E-03  1.38782E-03  1.57734E-03
  1.76809E-03  1.95729E-03  2.14239E-03  2.32116E-03  2.49176E-03  2.65267E-03
  2.80274E-03  2.94112E-03  3.06724E-03  3.18075E-03  3.28147E-03  3.36937E-03
  3.44452E-03  3.50709E-03  3.55730E-03  3.59544E-03  3.62183E-03  3.63684E-03
  3.64088E-03  3.63439E-03  3.61786E-03  3.59180E-03  3.55679E-03  3.51342E-03
  3.46232E-03  3.40418E-03  3.33968E-03  3.26954E-03  3.19448E-03  3.11522E-03

  jn =  13
  7.35628E-88  7.71411E-70  1.53898E-55  3.29901E-44  2.98451E-35  3.39340E-28
  1.17566E-22  2.52240E-18  5.85893E-15  2.26836E-12  2.08948E-10  6.35499E-09
  8.48827E-08  6.19209E-07  2.88167E-06  9.58405E-06  2.46935E-05  5.24693E-05
  9.62629E-05  1.58062E-04  2.38507E-04  3.37493E-04  4.54568E-04  5.89087E-04
  7.40160E-04  9.06534E-04  1.08649E-03  1.27784E-03  1.47806E-03  1.68436E-03
  1.89394E-03  2.10409E-03  2.31231E-03  2.51644E-03  2.71467E-03  2.90554E-03
  3.08793E-03  3.26104E-03  3.42432E-03  3.57742E-03  3.72017E-03  3.85251E-03
  3.97446E-03  4.08610E-03  4.18753E-03  4.27886E-03  4.36021E-03  4.43167E-03
  4.49333E-03  4.54525E-03  4.58748E-03  4.62006E-03  4.64302E-03  4.65640E-03
  4.66023E-03  4.65456E-03  4.63947E-03  4.61508E-03  4.58153E-03  4.53903E-03

  jn =  14
  1.44631E-87  1.56290E-69  3.21432E-55  7.10585E-44  6.61781E-35  7.73023E-28
  2.70629E-22  5.80768E-18  1.28501E-14  4.39787E-12  3.40182E-10  8.86222E-09
  1.06128E-07  7.22763E-07  3.21586E-06  1.03661E-05  2.62118E-05  5.49832E-05
  1.00008E-04  1.63054E-04  2.44993E-04  3.45460E-04  4.64396E-04  6.01067E-04
  7.54986E-04  9.24747E-04  1.10869E-03  1.30469E-03  1.51025E-03  1.72267E-03
  1.93918E-03  2.15711E-03  2.37405E-03  2.58787E-03  2.79683E-03  2.99953E-03
  3.19495E-03  3.38236E-03  3.56129E-03  3.73151E-03  3.89295E-03  4.04565E-03
  4.18977E-03  4.32548E-03  4.45303E-03  4.57264E-03  4.68455E-03  4.78897E-03
  4.88607E-03  4.97602E-03  5.05894E-03  5.13491E-03  5.20399E-03  5.26618E-03
  5.32147E-03  5.36981E-03  5.41112E-03  5.44528E-03  5.47217E-03  5.49166E-03

  jn =  15
  2.06519E-87  2.29476E-69  4.87423E-55  1.12405E-43  1.09070E-34  1.30912E-27
  4.73758E-22  1.02675E-17  2.15351E-14  6.48878E-12  4.42911E-10  1.04476E-08
  1.19084E-07  7.80056E-07  3.39697E-06  1.08208E-05  2.71983E-05  5.66406E-05
  1.02494E-04  1.66616E-04  2.49625E-04  3.50911E-04  4.70971E-04  6.08837E-04
  7.63083E-04  9.33693E-04  1.11789E-03  1.31478E-03  1.52136E-03  1.73572E-03
  1.95449E-03  2.17500E-03  2.39484E-03  2.61191E-03  2.82449E-03  3.03122E-03
  3.23110E-03  3.42344E-03  3.60782E-03  3.78406E-03  3.95213E-03  4.11215E-03
  4.26432E-03  4.40891E-03  4.54623E-03  4.67659E-03  4.80031E-03  4.91771E-03
  5.02907E-03  5.13467E-03  5.23473E-03  5.32948E-03  5.41909E-03  5.50371E-03
  5.58347E-03  5.65844E-03  5.72869E-03  5.79425E-03  5.85513E-03  5.91129E-03

 Continuum n=4 / n=1 (jt,jn)
  jn =   1
  5.96747E-10  3.99809E-10  2.75547E-10  1.95050E-10  1.41392E-10  1.04594E-10
  7.86732E-11  5.99646E-11  4.61702E-11  3.58126E-11  2.79187E-11  2.18313E-11
  1.70954E-11  1.33882E-11  1.04751E-11  8.18181E-12  6.37585E-12  4.95503E-12
  3.83935E-12  2.96552E-12  2.28318E-12  1.75213E-12  1.34028E-12  1.02200E-12
  7.76902E-13  5.88827E-13  4.45004E-13  3.35387E-13  2.52110E-13  1.89038E-13
  1.41410E-13  1.05545E-13  7.86100E-14  5.84319E-14  4.33516E-14  3.21063E-14
  2.37384E-14  1.75239E-14  1.29172E-14  9.50829E-15  6.98984E-15  5.13210E-15
  3.76373E-15  2.75717E-15  2.01770E-15  1.47511E-15  1.07742E-15  7.86260E-16
  5.73300E-16  4.17689E-16  3.04085E-16  2.21220E-16  1.60825E-16  1.16842E-16
  8.48347E-17  6.15583E-17  4.46427E-17  3.23575E-17  2.34407E-17  1.69725E-17

  jn =   2
  3.45163E-09  2.12633E-09  1.36072E-09  9.02916E-10  6.18992E-10  4.36493E-10
  3.15176E-10  2.32019E-10  1.73442E-10  1.31193E-10  1.00107E-10  7.68575E-11
  5.92440E-11  4.57696E-11  3.53900E-11  2.73583E-11  2.11275E-11  1.62894E-11
  1.25338E-11  9.62191E-12  7.36835E-12  5.62820E-12  4.28787E-12  3.25825E-12
  2.46950E-12  1.86695E-12  1.40793E-12  1.05922E-12  7.95016E-13  5.95379E-13
  4.44915E-13  3.31793E-13  2.46948E-13  1.83456E-13  1.36048E-13  1.00721E-13
  7.44495E-14  5.49476E-14  4.04966E-14  2.98061E-14  2.19099E-14  1.60863E-14
  1.17971E-14  8.64233E-15  6.32475E-15  4.62422E-15  3.37781E-15  2.46523E-15
  1.79771E-15  1.30991E-15  9.53767E-16  6.93958E-16  5.04580E-16  3.66646E-16
  2.66253E-16  1.93235E-16  1.40162E-16  1.01611E-16  7.36249E-17  5.33201E-17

  jn =   3
  2.27186E-08  1.27943E-08  7.54300E-09  4.65086E-09  2.98836E-09  1.99141E-09
  1.36913E-09  9.66143E-10  6.96377E-10  5.10449E-10  3.79049E-10  2.84214E-10
  2.14588E-10  1.62777E-10  1.23831E-10  9.43412E-11  7.19045E-11  5.47853E-11
  4.17058E-11  3.17104E-11  2.40760E-11  1.82509E-11  1.38122E-11  1.04351E-11
  7.86982E-12  5.92458E-12  4.45211E-12  3.33953E-12  2.50045E-12  1.86883E-12
  1.39429E-12  1.03844E-12  7.72106E-13  5.73139E-13  4.24773E-13  3.14335E-13
  2.32271E-13  1.71393E-13  1.26302E-13  9.29556E-14  6.83306E-14  5.01713E-14
  3.67976E-14  2.69606E-14  1.97338E-14  1.44305E-14  1.05429E-14  7.69610E-15
  5.61341E-15  4.09115E-15  2.97950E-15  2.16838E-15  1.57701E-15  1.14618E-15
  8.32537E-16  6.04365E-16  4.38480E-16  3.17954E-16  2.30438E-16  1.66927E-16

  jn =   4
  1.80021E-07  9.23829E-08  4.98177E-08  2.82764E-08  1.68559E-08  1.05063E-08
  6.80993E-09  4.56362E-09  3.14394E-09  2.21478E-09  1.58787E-09  1.15381E-09
  8.46789E-10  6.25908E-10  4.64902E-10  3.46407E-10  2.58609E-10  1.93268E-10
  1.44509E-10  1.08070E-10  8.08178E-11  6.04308E-11  4.51780E-11  3.37662E-11
  2.52283E-11  1.88408E-11  1.40627E-11  1.04891E-11  7.81746E-12  5.82100E-12
  4.33009E-12  3.21758E-12  2.38821E-12  1.77055E-12  1.31107E-12  9.69666E-13
  7.16305E-13  5.28517E-13  3.89506E-13  2.86730E-13  2.10840E-13  1.54869E-13
  1.13638E-13  8.33013E-14  6.10042E-14  4.46341E-14  3.26278E-14  2.38308E-14
  1.73915E-14  1.26822E-14  9.24118E-15  6.72898E-15  4.89636E-15  3.56051E-15
  2.58748E-15  1.87923E-15  1.36406E-15  9.89564E-16  7.17502E-16  5.19973E-16

  jn =   5
  1.85552E-06  8.71249E-07  4.28456E-07  2.22100E-07  1.21487E-07  6.99372E-08
  4.21658E-08  2.64651E-08  1.71828E-08  1.14700E-08  7.82791E-09  5.43534E-09
  3.82411E-09  2.71720E-09  1.94486E-09  1.39960E-09  1.01128E-09  7.32985E-10
  5.32627E-10  3.87888E-10  2.83050E-10  2.06941E-10  1.51573E-10  1.11213E-10
  8.17335E-11  6.01574E-11  4.43348E-11  3.27099E-11  2.41543E-11  1.78481E-11
  1.31939E-11  9.75549E-12  7.21324E-12  5.33263E-12  3.94107E-12  2.91132E-12
  2.14942E-12  1.58586E-12  1.16921E-12  8.61339E-13  6.34008E-13  4.66272E-13
  3.42610E-13  2.51521E-13  1.84484E-13  1.35195E-13  9.89873E-14  7.24144E-14
  5.29304E-14  3.86572E-14  2.82104E-14  2.05709E-14  1.49891E-14  1.09140E-14
  7.94136E-15  5.77453E-15  4.19624E-15  3.04746E-15  2.21187E-15  1.60449E-15

  jn =   6
  2.35534E-05  1.03292E-05  4.67728E-06  2.21271E-06  1.10051E-06  5.76361E-07
  3.17207E-07  1.82641E-07  1.09387E-07  6.77359E-08  4.31197E-08  2.80777E-08
  1.86233E-08  1.25393E-08  8.54724E-09  5.88521E-09  4.08633E-09  2.85729E-09
  2.00985E-09  1.42106E-09  1.00932E-09  7.19793E-10  5.15208E-10  3.70019E-10
  2.66576E-10  1.92609E-10  1.39540E-10  1.01344E-10  7.37710E-11  5.38110E-11
  3.93244E-11  2.87853E-11  2.11010E-11  1.54871E-11  1.13784E-11  8.36667E-12
  6.15603E-12  4.53154E-12  3.33668E-12  2.45717E-12  1.80945E-12  1.33226E-12
  9.80636E-13  7.21538E-13  5.30641E-13  3.90030E-13  2.86498E-13  2.10304E-13
  1.54261E-13  1.13066E-13  8.28067E-14  6.05970E-14  4.43082E-14  3.23717E-14
  2.36319E-14  1.72379E-14  1.25642E-14  9.15064E-15  6.65960E-15  4.84320E-15

  jn =   7
  2.61771E-04  1.11323E-04  4.77690E-05  2.09931E-05  9.56319E-06  4.55033E-06
  2.26872E-06  1.18500E-06  6.46869E-07  3.67710E-07  2.16751E-07  1.31908E-07
  8.25173E-08  5.28456E-08  3.45182E-08  2.29214E-08  1.54301E-08  1.05053E-08
  7.21958E-09  5.00032E-09  3.48589E-09  2.44356E-09  1.72100E-09  1.21708E-09
  8.63816E-10  6.15071E-10  4.39238E-10  3.14514E-10  2.25767E-10  1.62440E-10
  1.17132E-10  8.46360E-11  6.12752E-11  4.44447E-11  3.22935E-11  2.35031E-11
  1.71320E-11  1.25060E-11  9.14122E-12  6.68988E-12  4.90126E-12  3.59434E-12
  2.63813E-12  1.93768E-12  1.42403E-12  1.04700E-12  7.70030E-13  5.66426E-13
  4.16676E-13  3.06491E-13  2.25399E-13  1.65712E-13  1.21781E-13  8.94512E-14
  6.56664E-14  4.81747E-14  3.53174E-14  2.58721E-14  1.89378E-14  1.38508E-14

  jn =   8
  1.90118E-03  8.11545E-04  3.41997E-04  1.44198E-04  6.16849E-05  2.71385E-05
  1.24271E-05  5.97240E-06  3.02310E-06  1.61024E-06  8.99012E-07  5.23244E-07
  3.15608E-07  1.96176E-07  1.25025E-07  8.13410E-08  5.38241E-08  3.61132E-08
  2.45063E-08  1.67848E-08  1.15838E-08  8.04457E-09  5.61564E-09  3.93708E-09
  2.77036E-09  1.95549E-09  1.38408E-09  9.82007E-10  6.98252E-10  4.97481E-10
  3.55099E-10  2.53913E-10  1.81867E-10  1.30476E-10  9.37562E-11  6.74753E-11
  4.86358E-11  3.51094E-11  2.53827E-11  1.83776E-11  1.33250E-11  9.67513E-12
  7.03469E-12  5.12170E-12  3.73373E-12  2.72528E-12  1.99154E-12  1.45697E-12
  1.06699E-12  7.82133E-13  5.73821E-13  4.21311E-13  3.09538E-13  2.27542E-13
  1.67339E-13  1.23102E-13  9.05768E-14  6.66496E-14  4.90404E-14  3.60775E-14

  jn =   9
  8.82255E-03  3.84694E-03  1.63132E-03  6.79470E-04  2.81965E-04  1.18912E-04
  5.20307E-05  2.39690E-05  1.16936E-05  6.03583E-06  3.28064E-06  1.86608E-06
  1.10379E-06  6.74886E-07  4.24241E-07  2.72883E-07  1.78875E-07  1.19078E-07
  8.02727E-08  5.46672E-08  3.75377E-08  2.59483E-08  1.80345E-08  1.25898E-08
  8.82078E-09  6.19865E-09  4.36693E-09  3.08304E-09  2.18061E-09  1.54481E-09
  1.09597E-09  7.78571E-10  5.53775E-10  3.94348E-10  2.81140E-10  2.00657E-10
  1.43375E-10  1.02561E-10  7.34497E-11  5.26627E-11  3.78034E-11  2.71698E-11
  1.95513E-11  1.40868E-11  1.01625E-11  7.34090E-12  5.30958E-12  3.84535E-12
  2.78853E-12  2.02476E-12  1.47205E-12  1.07156E-12  7.80983E-13  5.69876E-13
  4.16310E-13  3.04459E-13  2.22892E-13  1.63337E-13  1.19803E-13  8.79462E-14

  jn =  10
  3.00773E-02  1.35569E-02  5.86665E-03  2.46719E-03  1.02495E-03  4.30478E-04
  1.87026E-04  8.52983E-05  4.10747E-05  2.08861E-05  1.11817E-05  6.27317E-06
  3.66741E-06  2.22117E-06  1.38583E-06  8.86190E-07  5.78228E-07  3.83517E-07
  2.57762E-07  1.75097E-07  1.19967E-07  8.27611E-08  5.74105E-08  4.00024E-08
  2.79730E-08  1.96181E-08  1.37912E-08  9.71397E-09  6.85322E-09  4.84157E-09
  3.42440E-09  2.42452E-09  1.71815E-09  1.21858E-09  8.64927E-10  6.14361E-10
  4.36693E-10  3.10623E-10  2.21105E-10  1.57498E-10  1.12272E-10  8.00946E-11
  5.71849E-11  4.08622E-11  2.92242E-11  2.09200E-11  1.49898E-11  1.07515E-11
  7.71963E-12  5.54878E-12  3.99290E-12  2.87665E-12  2.07493E-12  1.49849E-12
  1.08353E-12  7.84472E-13  5.68672E-13  4.12758E-13  2.99967E-13  2.18269E-13

  jn =  11
  8.20592E-02  3.95897E-02  1.79102E-02  7.76503E-03  3.29859E-03  1.40851E-03
  6.18110E-04  2.82659E-04  1.35653E-04  6.85548E-05  3.64640E-05  2.03399E-05
  1.18349E-05  7.14085E-06  4.44212E-06  2.83397E-06  1.84571E-06  1.22235E-06
  8.20514E-07  5.56775E-07  3.81103E-07  2.62678E-07  1.82061E-07  1.26748E-07
  8.85553E-08  6.20481E-08  4.35754E-08  3.06593E-08  2.16042E-08  1.52424E-08
  1.07650E-08  7.60930E-09  5.38263E-09  3.80996E-09  2.69829E-09  1.91197E-09
  1.35543E-09  9.61318E-10  6.82100E-10  4.84191E-10  3.43854E-10  2.44300E-10
  1.73649E-10  1.23489E-10  8.78614E-11  6.25456E-11  4.45487E-11  3.17487E-11
  2.26405E-11  1.61559E-11  1.15366E-11  8.24414E-12  5.89592E-12  4.22004E-12
  3.02316E-12  2.16773E-12  1.55587E-12  1.11784E-12  8.03986E-13  5.78893E-13

  jn =  12
  1.86384E-01  9.90817E-02  4.84425E-02  2.21540E-02  9.78769E-03  4.29697E-03
  1.92133E-03  8.88541E-04  4.29318E-04  2.17912E-04  1.16201E-04  6.48653E-05
  3.77198E-05  2.27332E-05  1.41252E-05  9.00257E-06  5.85852E-06  3.87744E-06
  2.60141E-06  1.76447E-06  1.20728E-06  8.31830E-07  5.76339E-07  4.01099E-07
  2.80133E-07  1.96204E-07  1.37732E-07  9.68603E-08  6.82165E-08  4.80996E-08
  3.39473E-08  2.39775E-08  1.69465E-08  1.19835E-08  8.47776E-09  5.99993E-09
  4.24773E-09  3.00815E-09  2.13091E-09  1.50989E-09  1.07013E-09  7.58653E-10
  5.37974E-10  3.81589E-10  2.70740E-10  1.92148E-10  1.36413E-10  9.68758E-11
  6.88221E-11  4.89105E-11  3.47735E-11  2.47331E-11  1.75996E-11  1.25295E-11
  8.92458E-12  6.36025E-12  4.53533E-12  3.23598E-12  2.31038E-12  1.65065E-12

  jn =  13
  3.25708E-01  1.99023E-01  1.12851E-01  5.66956E-02  2.66314E-02  1.22832E-02
  5.66863E-03  2.68297E-03  1.32146E-03  6.80891E-04  3.66181E-04  2.04956E-04
  1.19208E-04  7.18312E-05  4.46323E-05  2.84507E-05  1.85187E-05  1.22590E-05
  8.22598E-06  5.58004E-06  3.81819E-06  2.63081E-06  1.82274E-06  1.26845E-06
  8.85835E-07  6.20368E-07  4.35429E-07  3.06168E-07  2.15586E-07  1.51976E-07
  1.07232E-07  7.57169E-08  5.34954E-08  3.78136E-08  2.67392E-08  1.89142E-08
  1.33827E-08  9.47101E-09  6.70402E-09  4.74624E-09  3.36072E-09  2.38001E-09
  1.68573E-09  1.19414E-09  8.46031E-10  5.99487E-10  4.24854E-10  3.01142E-10
  2.13490E-10  1.51379E-10  1.07360E-10  7.61573E-11  5.40363E-11  3.83506E-11
  2.72258E-11  1.93339E-11  1.37341E-11  9.75958E-12  6.93788E-12  4.93398E-12

  jn =  14
  4.19586E-01  2.99458E-01  2.11357E-01  1.23539E-01  6.44979E-02  3.19559E-02
  1.57092E-02  7.75040E-03  3.95630E-03  2.08817E-03  1.13489E-03  6.37615E-04
  3.71904E-04  2.24740E-04  1.40006E-04  8.94374E-05  5.83113E-05  3.86485E-05
  2.59572E-05  1.76192E-05  1.20616E-05  8.31334E-06  5.76107E-06  4.00973E-06
  2.80047E-06  1.96131E-06  1.37663E-06  9.67951E-07  6.81550E-07  4.80427E-07
  3.38957E-07  2.39316E-07  1.69062E-07  1.19486E-07  8.44788E-08  5.97457E-08
  4.22639E-08  2.99032E-08  2.11609E-08  1.49765E-08  1.06007E-08  7.50414E-09
  5.31258E-09  3.76136E-09  2.66327E-09  1.88590E-09  1.33552E-09  9.45835E-10
  6.69904E-10  4.74509E-10  3.36134E-10  2.38134E-10  1.68723E-10  1.19557E-10
  8.47283E-11  6.00538E-11  4.25712E-11  3.01830E-11  2.14036E-11  1.51809E-11

  jn =  15
  5.08732E-01  3.97397E-01  2.89814E-01  1.94667E-01  1.26023E-01  7.35106E-02
  3.93522E-02  2.08384E-02  1.12771E-02  6.16513E-03  3.40584E-03  1.93554E-03
  1.13984E-03  6.94320E-04  4.35240E-04  2.79348E-04  1.82763E-04  1.21443E-04
  8.17129E-05  5.55382E-05  3.80555E-05  2.62468E-05  1.81973E-05  1.26696E-05
  8.85069E-06  6.19956E-06  4.35190E-06  3.06015E-06  2.15479E-06  1.51894E-06
  1.07167E-06  7.56624E-07  5.34494E-07  3.77746E-07  2.67061E-07  1.88862E-07
  1.33591E-07  9.45128E-08  6.68756E-08  4.73256E-08  3.34940E-08  2.37068E-08
  1.67806E-08  1.18786E-08  8.40904E-09  5.95313E-09  4.21464E-09  2.98396E-09
  2.11271E-09  1.49589E-09  1.05920E-09  7.50017E-10  5.31106E-10  3.76105E-10
  2.66353E-10  1.88637E-10  1.33605E-10  9.46328E-11  6.70335E-11  4.74870E-11

 Neutral n=5 / n=1 (jt,jn)
  jn =   1
  4.95430E-96  1.51589E-77  7.31147E-63  3.36381E-51  6.16713E-42  1.40260E-34
  9.75263E-29  4.24474E-24  2.04342E-20  1.71025E-17  3.56453E-15  2.46117E-13
  7.06221E-12  1.00835E-10  8.26575E-10  4.35828E-09  1.61785E-08  4.54302E-08
  1.02175E-07  1.92615E-07  3.15584E-07  4.62543E-07  6.20561E-07  7.76170E-07
  9.18272E-07  1.03947E-06  1.13606E-06  1.20729E-06  1.25440E-06  1.27980E-06
  1.28644E-06  1.27736E-06  1.25549E-06  1.22352E-06  1.18378E-06  1.13832E-06
  1.08882E-06  1.03672E-06  9.83151E-07  9.29065E-07  8.75201E-07  8.22147E-07
  7.70357E-07  7.20174E-07  6.71855E-07  6.25578E-07  5.81463E-07  5.39580E-07
  4.99960E-07  4.62600E-07  4.27472E-07  3.94530E-07  3.63709E-07  3.34935E-07
  3.08125E-07  2.83190E-07  2.60038E-07  2.38574E-07  2.18705E-07  2.00336E-07

  jn =   2
  1.56630E-95  4.79036E-77  2.30884E-62  1.06102E-50  1.94199E-41  4.40662E-34
  3.05520E-28  1.32516E-23  6.35412E-20  5.29480E-17  1.09832E-14  7.54564E-13
  2.15409E-11  3.05989E-10  2.49587E-09  1.30994E-08  4.84277E-08  1.35521E-07
  3.03978E-07  5.71982E-07  9.36170E-07  1.37174E-06  1.84111E-06  2.30499E-06
  2.73082E-06  3.09659E-06  3.39091E-06  3.61100E-06  3.75995E-06  3.84438E-06
  3.87258E-06  3.85332E-06  3.79509E-06  3.70572E-06  3.59216E-06  3.46045E-06
  3.31570E-06  3.16221E-06  3.00350E-06  2.84246E-06  2.68141E-06  2.52220E-06
  2.36628E-06  2.21477E-06  2.06850E-06  1.92809E-06  1.79395E-06  1.66635E-06
  1.54542E-06  1.43121E-06  1.32366E-06  1.22266E-06  1.12804E-06  1.03959E-06
  9.57091E-07  8.80278E-07  8.08885E-07  7.42635E-07  6.81248E-07  6.24446E-07

  jn =   3
  4.94954E-95  1.51184E-76  7.27189E-62  3.33134E-50  6.06991E-41  1.36904E-33
  9.41989E-28  4.04869E-23  1.92108E-19  1.58226E-16  3.24120E-14  2.19772E-12
  6.19106E-11  8.68051E-10  6.99377E-09  3.62986E-08  1.32908E-07  3.69045E-07
  8.23027E-07  1.54299E-06  2.52136E-06  3.69557E-06  4.96995E-06  6.24344E-06
  7.43067E-06  8.47180E-06  9.33328E-06  1.00032E-05  1.04853E-05  1.07928E-05
  1.09444E-05  1.09608E-05  1.08629E-05  1.06709E-05  1.04030E-05  1.00756E-05
  9.70307E-06  9.29779E-06  8.87024E-06  8.42923E-06  7.98207E-06  7.53476E-06
  7.09219E-06  6.65824E-06  6.23598E-06  5.82776E-06  5.43534E-06  5.05995E-06
  4.70242E-06  4.36321E-06  4.04248E-06  3.74017E-06  3.45602E-06  3.18961E-06
  2.94043E-06  2.70785E-06  2.49118E-06  2.28970E-06  2.10266E-06  1.92928E-06

  jn =   4
  1.56251E-94  4.75550E-76  2.27433E-61  1.03283E-49  1.85868E-40  4.12443E-33
  2.78158E-27  1.16797E-22  5.40011E-19  4.32625E-16  8.61314E-14  5.67698E-12
  1.55622E-10  2.12739E-09  1.67549E-08  8.52740E-08  3.07249E-07  8.42601E-07
  1.86278E-06  3.47429E-06  5.66687E-06  8.31593E-06  1.12269E-05  1.41906E-05
  1.70252E-05  1.95968E-05  2.18222E-05  2.36614E-05  2.51062E-05  2.61701E-05
  2.68794E-05  2.72677E-05  2.73716E-05  2.72281E-05  2.68731E-05  2.63406E-05
  2.56617E-05  2.48647E-05  2.39749E-05  2.30150E-05  2.20047E-05  2.09613E-05
  1.98997E-05  1.88329E-05  1.77718E-05  1.67254E-05  1.57014E-05  1.47058E-05
  1.37436E-05  1.28185E-05  1.19332E-05  1.10895E-05  1.02887E-05  9.53101E-06
  8.81654E-06  8.14473E-06  7.51471E-06  6.92531E-06  6.37514E-06  5.86264E-06

  jn =   5
  4.93053E-94  1.48687E-75  7.00630E-61  3.11117E-49  5.43023E-40  1.16014E-32
  7.49155E-27  3.00211E-22  1.32342E-18  1.01198E-15  1.92821E-13  1.22094E-11
  3.22983E-10  4.28128E-09  3.28553E-08  1.63714E-07  5.80161E-07  1.57160E-06
  3.44582E-06  6.39756E-06  1.04226E-05  1.53229E-05  2.07798E-05  2.64438E-05
  3.20029E-05  3.72171E-05  4.19244E-05  4.60315E-05  4.94976E-05  5.23192E-05
  5.45171E-05  5.61274E-05  5.71950E-05  5.77690E-05  5.78998E-05  5.76373E-05
  5.70293E-05  5.61212E-05  5.49552E-05  5.35704E-05  5.20026E-05  5.02849E-05
  4.84473E-05  4.65171E-05  4.45194E-05  4.24766E-05  4.04089E-05  3.83347E-05
  3.62701E-05  3.42293E-05  3.22247E-05  3.02669E-05  2.83651E-05  2.65265E-05
  2.47572E-05  2.30617E-05  2.14433E-05  1.99041E-05  1.84454E-05  1.70673E-05

  jn =   6
  1.56964E-93  4.64431E-75  2.12279E-60  9.02151E-49  1.48980E-39  2.99019E-32
  1.80985E-26  6.80879E-22  2.82951E-18  2.05089E-15  3.72635E-13  2.26353E-11
  5.77734E-10  7.42898E-09  5.55851E-08  2.71317E-07  9.45978E-07  2.53157E-06
  5.50433E-06  1.01700E-05  1.65420E-05  2.43514E-05  3.31528E-05  4.24489E-05
  5.17849E-05  6.07959E-05  6.92179E-05  7.68770E-05  8.36717E-05  8.95543E-05
  9.45160E-05  9.85752E-05  1.01769E-04  1.04147E-04  1.05767E-04  1.06689E-04
  1.06977E-04  1.06694E-04  1.05898E-04  1.04650E-04  1.03001E-04  1.01005E-04
  9.87064E-05  9.61507E-05  9.33774E-05  9.04235E-05  8.73227E-05  8.41060E-05
  8.08017E-05  7.74356E-05  7.40313E-05  7.06103E-05  6.71923E-05  6.37952E-05
  6.04352E-05  5.71271E-05  5.38841E-05  5.07179E-05  4.76390E-05  4.46564E-05

  jn =   7
  5.20062E-93  1.49816E-74  6.56957E-60  2.63688E-48  4.06404E-39  7.56475E-32
  4.24076E-26  1.48145E-21  5.74635E-18  3.91408E-15  6.73325E-13  3.90164E-11
  9.56760E-10  1.18971E-08  8.65848E-08  4.13240E-07  1.41545E-06  3.73725E-06
  8.04882E-06  1.47844E-05  2.39872E-05  3.53312E-05  4.82585E-05  6.21368E-05
  7.63735E-05  9.04722E-05  1.04047E-04  1.16811E-04  1.28565E-04  1.39174E-04
  1.48561E-04  1.56690E-04  1.63562E-04  1.69205E-04  1.73670E-04  1.77020E-04
  1.79330E-04  1.80681E-04  1.81155E-04  1.80833E-04  1.79794E-04  1.78114E-04
  1.75864E-04  1.73110E-04  1.69915E-04  1.66335E-04  1.62422E-04  1.58225E-04
  1.53788E-04  1.49152E-04  1.44354E-04  1.39430E-04  1.34409E-04  1.29322E-04
  1.24193E-04  1.19048E-04  1.13908E-04  1.08792E-04  1.03718E-04  9.87038E-05

  jn =   8
  1.84677E-92  5.19788E-74  2.19593E-59  8.34506E-48  1.19722E-38  2.04868E-31
  1.05032E-25  3.36163E-21  1.20238E-17  7.61526E-15  1.22841E-12  6.72696E-11
  1.57012E-09  1.87091E-08  1.31322E-07  6.08241E-07  2.03383E-06  5.27163E-06
  1.12036E-05  2.04057E-05  3.29729E-05  4.85589E-05  6.65426E-05  8.62046E-05
  1.06847E-04  1.27849E-04  1.48684E-04  1.68908E-04  1.88157E-04  2.06137E-04
  2.22623E-04  2.37452E-04  2.50523E-04  2.61790E-04  2.71256E-04  2.78961E-04
  2.84976E-04  2.89397E-04  2.92331E-04  2.93897E-04  2.94217E-04  2.93411E-04
  2.91597E-04  2.88888E-04  2.85390E-04  2.81202E-04  2.76414E-04  2.71108E-04
  2.65360E-04  2.59236E-04  2.52797E-04  2.46098E-04  2.39184E-04  2.32101E-04
  2.24885E-04  2.17570E-04  2.10188E-04  2.02767E-04  1.95330E-04  1.87902E-04

  jn =   9
  6.96811E-92  1.93092E-73  7.94171E-59  2.89054E-47  3.89882E-38  6.17760E-31
  2.90607E-25  8.49916E-21  2.77424E-17  1.60491E-14  2.37301E-12  1.19894E-10
  2.60562E-09  2.92211E-08  1.95200E-07  8.69547E-07  2.82297E-06  7.16273E-06
  1.50078E-05  2.71143E-05  4.36914E-05  6.44557E-05  8.88122E-05  1.16030E-04
  1.45349E-04  1.76032E-04  2.07370E-04  2.38691E-04  2.69369E-04  2.98837E-04
  3.26608E-04  3.52286E-04  3.75577E-04  3.96284E-04  4.14304E-04  4.29614E-04
  4.42260E-04  4.52336E-04  4.59976E-04  4.65337E-04  4.68591E-04  4.69916E-04
  4.69490E-04  4.67486E-04  4.64069E-04  4.59398E-04  4.53618E-04  4.46868E-04
  4.39273E-04  4.30950E-04  4.22009E-04  4.12547E-04  4.02655E-04  3.92415E-04
  3.81902E-04  3.71182E-04  3.60317E-04  3.49358E-04  3.38352E-04  3.27340E-04

  jn =  10
  2.73320E-91  7.44912E-73  2.99506E-58  1.05570E-46  1.36207E-37  2.03572E-30
  8.89847E-25  2.38312E-20  7.04573E-17  3.67573E-14  4.91434E-12  2.26362E-10
  4.53734E-09  4.75436E-08  3.00532E-07  1.28152E-06  4.02272E-06  9.95510E-06
  2.04984E-05  3.66366E-05  5.87403E-05  8.66502E-05  1.19870E-04  1.57731E-04
  1.99469E-04  2.44253E-04  2.91184E-04  3.39305E-04  3.87632E-04  4.35198E-04
  4.81098E-04  5.24536E-04  5.64852E-04  6.01541E-04  6.34254E-04  6.62790E-04
  6.87079E-04  7.07165E-04  7.23179E-04  7.35319E-04  7.43833E-04  7.48997E-04
  7.51103E-04  7.50447E-04  7.47321E-04  7.42005E-04  7.34762E-04  7.25837E-04
  7.15455E-04  7.03820E-04  6.91115E-04  6.77502E-04  6.63130E-04  6.48126E-04
  6.32606E-04  6.16671E-04  6.00413E-04  5.83914E-04  5.67246E-04  5.50477E-04

  jn =  11
  1.02536E-90  2.74717E-72  1.08428E-57  3.73938E-46  4.69254E-37  6.75549E-30
  2.80665E-24  7.04446E-20  1.93350E-16  9.30344E-14  1.14177E-11  4.81289E-10
  8.83098E-09  8.50863E-08  4.98584E-07  1.99127E-06  5.92033E-06  1.40316E-05
  2.79579E-05  4.87991E-05  7.70113E-05  1.12546E-04  1.55053E-04  2.04020E-04
  2.58813E-04  3.18668E-04  3.82672E-04  4.49762E-04  5.18765E-04  5.88446E-04
  6.57579E-04  7.25004E-04  7.89678E-04  8.50707E-04  9.07366E-04  9.59101E-04
  1.00552E-03  1.04638E-03  1.08157E-03  1.11109E-03  1.13503E-03  1.15356E-03
  1.16692E-03  1.17537E-03  1.17923E-03  1.17883E-03  1.17451E-03  1.16663E-03
  1.15555E-03  1.14163E-03  1.12521E-03  1.10662E-03  1.08618E-03  1.06418E-03
  1.04091E-03  1.01662E-03  9.91529E-04  9.65851E-04  9.39764E-04  9.13426E-04

  jn =  12
  3.33751E-90  8.91552E-72  3.50646E-57  1.20278E-45  1.49465E-36  2.11948E-29
  8.60780E-24  2.09462E-19  5.50606E-16  2.48822E-13  2.79157E-11  1.04962E-09
  1.70239E-08  1.45774E-07  7.71191E-07  2.83330E-06  7.89339E-06  1.78171E-05
  3.42637E-05  5.83297E-05  9.05015E-05  1.30819E-04  1.79071E-04  2.34904E-04
  2.97845E-04  3.67269E-04  4.42369E-04  5.22154E-04  6.05480E-04  6.91106E-04
  7.77763E-04  8.64220E-04  9.49334E-04  1.03209E-03  1.11163E-03  1.18723E-03
  1.25832E-03  1.32449E-03  1.38541E-03  1.44088E-03  1.49075E-03  1.53498E-03
  1.57353E-03  1.60645E-03  1.63379E-03  1.65565E-03  1.67214E-03  1.68338E-03
  1.68955E-03  1.69082E-03  1.68739E-03  1.67948E-03  1.66732E-03  1.65118E-03
  1.63134E-03  1.60810E-03  1.58177E-03  1.55267E-03  1.52113E-03  1.48748E-03

  jn =  13
  8.85351E-90  2.41602E-71  9.67997E-57  3.37152E-45  4.24605E-36  6.01593E-29
  2.43680E-23  5.85954E-19  1.48404E-15  6.15958E-13  6.01424E-11  1.92445E-09
  2.69097E-08  2.04790E-07  9.90889E-07  3.41812E-06  9.10213E-06  1.99238E-05
  3.75136E-05  6.29924E-05  9.68537E-05  1.39188E-04  1.89856E-04  2.48586E-04
  3.14989E-04  3.88521E-04  4.68448E-04  5.53842E-04  6.43616E-04  7.36576E-04
  8.31497E-04  9.27182E-04  1.02252E-03  1.11654E-03  1.20838E-03  1.29738E-03
  1.38297E-03  1.46477E-03  1.54246E-03  1.61586E-03  1.68482E-03  1.74929E-03
  1.80921E-03  1.86460E-03  1.91545E-03  1.96179E-03  2.00363E-03  2.04098E-03
  2.07387E-03  2.10228E-03  2.12623E-03  2.14571E-03  2.16071E-03  2.17124E-03
  2.17728E-03  2.17886E-03  2.17599E-03  2.16871E-03  2.15708E-03  2.14117E-03

  jn =  14
  1.74841E-89  4.97202E-71  2.08040E-56  7.55178E-45  9.85933E-36  1.44894E-28
  5.85722E-23  1.40647E-18  3.36946E-15  1.23378E-12  1.00515E-10  2.74304E-09
  3.42677E-08  2.43014E-07  1.12134E-06  3.73642E-06  9.74905E-06  2.10345E-05
  3.92156E-05  6.52737E-05  9.98207E-05  1.42776E-04  1.94217E-04  2.53812E-04
  3.21437E-04  3.96435E-04  4.78092E-04  5.65507E-04  6.57614E-04  7.53247E-04
  8.51203E-04  9.50311E-04  1.04949E-03  1.14779E-03  1.24439E-03  1.33865E-03
  1.43006E-03  1.51826E-03  1.60299E-03  1.68409E-03  1.76150E-03  1.83519E-03
  1.90518E-03  1.97153E-03  2.03429E-03  2.09356E-03  2.14940E-03  2.20189E-03
  2.25107E-03  2.29701E-03  2.33975E-03  2.37929E-03  2.41565E-03  2.44883E-03
  2.47879E-03  2.50551E-03  2.52893E-03  2.54900E-03  2.56564E-03  2.57877E-03

  jn =  15
  2.50025E-89  7.36318E-71  3.27394E-56  1.29168E-44  1.78729E-35  2.67862E-28
  1.14130E-22  2.79155E-18  6.30721E-15  2.00152E-12  1.44372E-10  3.50212E-09
  4.15380E-08  2.78748E-07  1.24696E-06  4.07938E-06  1.05223E-05  2.23809E-05
  4.12747E-05  6.82052E-05  1.03602E-04  1.47183E-04  1.99351E-04  2.59637E-04
  3.27295E-04  4.02518E-04  4.83940E-04  5.71420E-04  6.63617E-04  7.59963E-04
  8.58819E-04  9.58989E-04  1.05939E-03  1.15907E-03  1.25723E-03  1.35323E-03
  1.44658E-03  1.53694E-03  1.62408E-03  1.70785E-03  1.78821E-03  1.86518E-03
  1.93879E-03  2.00914E-03  2.07633E-03  2.14048E-03  2.20170E-03  2.26011E-03
  2.31582E-03  2.36893E-03  2.41955E-03  2.46773E-03  2.51357E-03  2.55710E-03
  2.59839E-03  2.63745E-03  2.67430E-03  2.70896E-03  2.74141E-03  2.77164E-03

 Continuum n=5 / n=1 (jt,jn)
  jn =   1
  1.21846E-09  8.13119E-10  5.57619E-10  3.92327E-10  2.82343E-10  2.07103E-10
  1.54281E-10  1.16329E-10  8.85109E-11  6.77794E-11  5.21228E-11  4.01785E-11
  3.09998E-11  2.39127E-11  1.84259E-11  1.41739E-11  1.08800E-11  8.33181E-12
  6.36442E-12  4.84918E-12  3.68532E-12  2.79383E-12  2.11286E-12  1.59411E-12
  1.19999E-12  9.01320E-13  6.75548E-13  5.05292E-13  3.77198E-13  2.81042E-13
  2.09017E-13  1.55180E-13  1.15018E-13  8.51159E-14  6.28924E-14  4.64048E-14
  3.41929E-14  2.51622E-14  1.84939E-14  1.35770E-14  9.95630E-15  7.29354E-15
  5.33761E-15  3.90252E-15  2.85071E-15  2.08061E-15  1.51731E-15  1.10566E-15
  8.05094E-16  5.85821E-16  4.25981E-16  3.09553E-16  2.24807E-16  1.63165E-16
  1.18358E-16  8.58078E-17  6.21769E-17  4.50309E-17  3.25971E-17  2.35854E-17

  jn =   2
  7.42053E-09  4.55651E-09  2.90356E-09  1.91627E-09  1.30489E-09  9.12699E-10
  6.52713E-10  4.75183E-10  3.50776E-10  2.61652E-10  1.96638E-10  1.48523E-10
  1.12524E-10  8.53767E-11  6.47993E-11  4.91552E-11  3.72472E-11  2.81835E-11
  2.12915E-11  1.60586E-11  1.20924E-11  9.09165E-12  6.82540E-12  5.11670E-12
  3.83038E-12  2.86345E-12  2.13764E-12  1.59359E-12  1.18635E-12  8.81944E-13
  6.54738E-13  4.85396E-13  3.59366E-13  2.65705E-13  1.96201E-13  1.44696E-13
  1.06582E-13  7.84152E-14  5.76271E-14  4.23041E-14  3.10232E-14  2.27279E-14
  1.66348E-14  1.21642E-14  8.88726E-15  6.48774E-15  4.73231E-15  3.44924E-15
  2.51223E-15  1.82849E-15  1.32996E-15  9.66731E-16  7.02277E-16  5.09867E-16
  3.69966E-16  2.68306E-16  1.94480E-16  1.40897E-16  1.02028E-16  7.38470E-17

  jn =   3
  5.50645E-08  3.09465E-08  1.81922E-08  1.11713E-08  7.13779E-09  4.72104E-09
  3.21464E-09  2.24137E-09  1.59231E-09  1.14752E-09  8.35771E-10  6.13270E-10
  4.52241E-10  3.34506E-10  2.47822E-10  1.83718E-10  1.36201E-10  1.00946E-10
  7.47884E-11  5.53903E-11  4.10143E-11  3.03665E-11  2.24832E-11  1.66478E-11
  1.23280E-11  9.12965E-12  6.76098E-12  5.00628E-12  3.70613E-12  2.74268E-12
  2.02875E-12  1.49980E-12  1.10803E-12  8.17985E-13  6.03381E-13  4.44701E-13
  3.27462E-13  2.40912E-13  1.77076E-13  1.30035E-13  9.54031E-14  6.99317E-14
  5.12154E-14  3.74758E-14  2.73991E-14  2.00155E-14  1.46101E-14  1.06563E-14
  7.76681E-15  5.65679E-15  4.11719E-15  2.99467E-15  2.17682E-15  1.58137E-15
  1.14813E-15  8.33122E-16  6.04216E-16  4.37977E-16  3.17319E-16  2.29791E-16

  jn =   4
  5.49910E-07  2.81507E-07  1.51171E-07  8.52442E-08  5.03292E-08  3.09565E-08
  1.97189E-08  1.29298E-08  8.67825E-09  5.93254E-09  4.11333E-09  2.88273E-09
  2.03656E-09  1.44737E-09  1.03320E-09  7.40003E-10  5.31383E-10  3.82384E-10
  2.75673E-10  1.99083E-10  1.44013E-10  1.04351E-10  7.57408E-11  5.50683E-11
  4.01053E-11  2.92555E-11  2.13736E-11  1.56373E-11  1.14550E-11  8.40056E-12
  6.16627E-12  4.52960E-12  3.32922E-12  2.44791E-12  1.80031E-12  1.32412E-12
  9.73820E-13  7.16050E-13  5.26348E-13  3.86745E-13  2.84028E-13  2.08475E-13
  1.52924E-13  1.12100E-13  8.21163E-14  6.01087E-14  4.39665E-14  3.21351E-14
  2.34698E-14  1.71283E-14  1.24910E-14  9.10258E-15  6.62863E-15  4.82374E-15
  3.50794E-15  2.54941E-15  1.85164E-15  1.34404E-15  9.75024E-16  7.06933E-16

  jn =   5
  6.52139E-06  3.04773E-06  1.48257E-06  7.55300E-07  4.03372E-07  2.25272E-07
  1.30987E-07  7.88962E-08  4.89759E-08  3.11865E-08  2.02862E-08  1.34314E-08
  9.02374E-09  6.13574E-09  4.21328E-09  2.91656E-09  2.03233E-09  1.42396E-09
  1.00230E-09  7.08273E-10  5.02214E-10  3.57192E-10  2.54753E-10  1.82160E-10
  1.30567E-10  9.38010E-11  6.75342E-11  4.87237E-11  3.52218E-11  2.55090E-11
  1.85072E-11  1.34495E-11  9.78894E-12  7.13476E-12  5.20692E-12  3.80438E-12
  2.78246E-12  2.03685E-12  1.49215E-12  1.09378E-12  8.02139E-13  5.88461E-13
  4.31793E-13  3.16861E-13  2.32513E-13  1.70592E-13  1.25131E-13  9.17526E-14
  6.72491E-14  4.92648E-14  3.60695E-14  2.63921E-14  1.92983E-14  1.41014E-14
  1.02966E-14  7.51278E-15  5.47754E-15  3.99067E-15  2.90525E-15  2.11351E-15

  jn =   6
  6.15096E-05  2.68875E-05  1.20225E-05  5.57057E-06  2.69587E-06  1.36736E-06
  7.26790E-07  4.03789E-07  2.33534E-07  1.39933E-07  8.64421E-08  5.47932E-08
  3.54874E-08  2.33964E-08  1.56521E-08  1.05970E-08  7.24492E-09  4.99279E-09
  3.46331E-09  2.41535E-09  1.69208E-09  1.18988E-09  8.39453E-10  5.93902E-10
  4.21231E-10  2.99439E-10  2.13304E-10  1.52241E-10  1.08858E-10  7.79752E-11
  5.59484E-11  4.02101E-11  2.89454E-11  2.08692E-11  1.50694E-11  1.08978E-11
  7.89238E-12  5.72386E-12  4.15680E-12  3.02267E-12  2.20069E-12  1.60410E-12
  1.17050E-12  8.54966E-13  6.25056E-13  4.57343E-13  3.34868E-13  2.45340E-13
  1.79836E-13  1.31872E-13  9.67269E-14  7.09594E-14  5.20587E-14  3.81900E-14
  2.80114E-14  2.05401E-14  1.50562E-14  1.10314E-14  8.07834E-15  5.91228E-15

  jn =   7
  3.70806E-04  1.57343E-04  6.71144E-05  2.93213E-05  1.33206E-05  6.35174E-06
  3.18979E-06  1.68528E-06  9.33225E-07  5.38878E-07  3.22690E-07  1.99305E-07
  1.26333E-07  8.18189E-08  5.39333E-08  3.60678E-08  2.44044E-08  1.66702E-08
  1.14750E-08  7.94839E-09  5.53367E-09  3.86863E-09  2.71390E-09  1.90931E-09
  1.34652E-09  9.51604E-10  6.73736E-10  4.77781E-10  3.39320E-10  2.41316E-10
  1.71840E-10  1.22520E-10  8.74611E-11  6.25095E-11  4.47300E-11  3.20460E-11
  2.29866E-11  1.65086E-11  1.18710E-11  8.54689E-12  6.16141E-12  4.44741E-12
  3.21433E-12  2.32610E-12  1.68546E-12  1.22279E-12  8.88213E-13  6.45954E-13
  4.70314E-13  3.42810E-13  2.50135E-13  1.82694E-13  1.33558E-13  9.77192E-14
  7.15513E-14  5.24257E-14  3.84343E-14  2.81904E-14  2.06845E-14  1.51812E-14

  jn =   8
  1.53602E-03  6.52833E-04  2.76621E-04  1.19203E-04  5.30779E-05  2.46775E-05
  1.20494E-05  6.19085E-06  3.34219E-06  1.88839E-06  1.11072E-06  6.76158E-07
  4.23643E-07  2.71817E-07  1.77826E-07  1.18187E-07  7.95589E-08  5.41106E-08
  3.71090E-08  2.56200E-08  1.77835E-08  1.23978E-08  8.67362E-09  6.08562E-09
  4.27989E-09  3.01585E-09  2.12862E-09  1.50450E-09  1.06467E-09  7.54221E-10
  5.34816E-10  3.79575E-10  2.69624E-10  1.91677E-10  1.36373E-10  9.71028E-11
  6.91961E-11  4.93497E-11  3.52250E-11  2.51646E-11  1.79936E-11  1.28779E-11
  9.22547E-12  6.61553E-12  4.74884E-12  3.41251E-12  2.45492E-12  1.76804E-12
  1.27482E-12  9.20283E-13  6.65141E-13  4.81319E-13  3.48722E-13  2.52961E-13
  1.83718E-13  1.33586E-13  9.72469E-14  7.08721E-14  5.17062E-14  3.77620E-14

  jn =   9
  5.14449E-03  2.22697E-03  9.58639E-04  4.17510E-04  1.86270E-04  8.60193E-05
  4.15065E-05  2.10494E-05  1.12280E-05  6.27904E-06  3.66161E-06  2.21324E-06
  1.37860E-06  8.80309E-07  5.73665E-07  3.80061E-07  2.55180E-07  1.73184E-07
  1.18555E-07  8.17227E-08  5.66469E-08  3.94404E-08  2.75587E-08  1.93119E-08
  1.35643E-08  9.54525E-09  6.72735E-09  4.74734E-09  3.35362E-09  2.37118E-09
  1.67783E-09  1.18802E-09  8.41708E-10  5.96678E-10  4.23199E-10  3.00308E-10
  2.13208E-10  1.51445E-10  1.07628E-10  7.65274E-11  5.44430E-11  3.87535E-11
  2.76015E-11  1.96709E-11  1.40280E-11  1.00107E-11  7.14905E-12  5.10929E-12
  3.65442E-12  2.61601E-12  1.87431E-12  1.34413E-12  9.64841E-13  6.93269E-13
  4.98649E-13  3.59048E-13  2.58813E-13  1.86771E-13  1.34938E-13  9.76043E-14

  jn =  10
  1.52904E-02  6.82892E-03  3.01162E-03  1.33620E-03  6.03272E-04  2.80211E-04
  1.35420E-04  6.85933E-05  3.64788E-05  2.03207E-05  1.18027E-05  7.10846E-06
  4.41456E-06  2.81224E-06  1.82925E-06  1.21017E-06  8.11622E-07  5.50335E-07
  3.76461E-07  2.59339E-07  1.79662E-07  1.25024E-07  8.73153E-08  6.11549E-08
  4.29309E-08  3.01931E-08  2.12662E-08  1.49966E-08  1.05857E-08  7.47818E-09
  5.28638E-09  3.73906E-09  2.64590E-09  1.87311E-09  1.32652E-09  9.39738E-10
  6.65942E-10  4.72057E-10  3.34718E-10  2.37405E-10  1.68433E-10  1.19536E-10
  8.48608E-11  6.02644E-11  4.28122E-11  3.04256E-11  2.16314E-11  1.53857E-11
  1.09484E-11  7.79467E-12  5.55231E-12  3.95726E-12  2.82212E-12  2.01387E-12
  1.43808E-12  1.02765E-12  7.34905E-13  5.25973E-13  3.76753E-13  2.70103E-13

  jn =  11
  3.97445E-02  1.89801E-02  8.75510E-03  4.00861E-03  1.85073E-03  8.73293E-04
  4.26422E-04  2.17223E-04  1.15776E-04  6.45212E-05  3.74661E-05  2.25555E-05
  1.40020E-05  8.91665E-06  5.79820E-06  3.83492E-06  2.57137E-06  1.74321E-06
  1.19223E-06  8.21157E-07  5.68768E-07  3.95724E-07  2.76314E-07  1.93488E-07
  1.35798E-07  9.54825E-08  6.72336E-08  4.73974E-08  3.34449E-08  2.36175E-08
  1.66880E-08  1.17976E-08  8.34377E-09  5.90311E-09  4.17760E-09  2.95722E-09
  2.09381E-09  1.48279E-09  1.05027E-09  7.44047E-10  5.27199E-10  3.73614E-10
  2.64817E-10  1.87735E-10  1.33115E-10  9.44037E-11  6.69639E-11  4.75102E-11
  3.37158E-11  2.39325E-11  1.69926E-11  1.20685E-11  8.57405E-12  6.09344E-12
  4.33209E-12  3.08107E-12  2.19224E-12  1.56053E-12  1.11140E-12  7.91940E-13

  jn =  12
  8.88454E-02  4.67291E-02  2.32897E-02  1.12420E-02  5.39080E-03  2.61134E-03
  1.29861E-03  6.69709E-04  3.59968E-04  2.01797E-04  1.17660E-04  7.10236E-05
  4.41621E-05  2.81515E-05  1.83179E-05  1.21207E-05  8.12948E-06  5.51228E-06
  3.77045E-06  2.59711E-06  1.79892E-06  1.25160E-06  8.73907E-07  6.11920E-07
  4.29443E-07  3.01924E-07  2.12576E-07  1.49840E-07  1.05716E-07  7.46399E-08
  5.27298E-08  3.72690E-08  2.63515E-08  1.86380E-08  1.31857E-08  9.33035E-09
  6.60346E-09  4.67425E-09  3.30911E-09  2.34294E-09  1.65905E-09  1.17491E-09
  8.32135E-10  5.89421E-10  4.17543E-10  2.95817E-10  2.09600E-10  1.48528E-10
  1.05264E-10  7.46117E-11  5.28924E-11  3.75010E-11  2.65927E-11  1.88606E-11
  1.33791E-11  9.49255E-12  6.73645E-12  4.78166E-12  3.39494E-12  2.41102E-12

  jn =  13
  1.54455E-01  9.33615E-02  5.39564E-02  2.86019E-02  1.45736E-02  7.41116E-03
  3.80185E-03  2.00496E-03  1.09606E-03  6.22193E-04  3.65824E-04  2.21952E-04
  1.38460E-04  8.84670E-05  5.76639E-05  3.82045E-05  2.56486E-05  1.74033E-05
  1.19099E-05  8.20650E-06  5.68572E-06  3.95652E-06  2.76286E-06  1.93472E-06
  1.35782E-06  9.54642E-07  6.72129E-07  4.73757E-07  3.34234E-07  2.35970E-07
  1.66691E-07  1.17806E-07  8.32882E-08  5.89015E-08  4.16651E-08  2.94782E-08
  2.08593E-08  1.47623E-08  1.04485E-08  7.39592E-09  5.23559E-09  3.70655E-09
  2.62422E-09  1.85805E-09  1.31564E-09  9.31624E-10  6.59734E-10  4.67220E-10
  3.30903E-10  2.34373E-10  1.66013E-10  1.17601E-10  8.33127E-11  5.90269E-11
  4.18243E-11  2.96381E-11  2.10049E-11  1.48882E-11  1.05540E-11  7.48263E-12

  jn =  14
  1.98576E-01  1.40186E-01  1.00840E-01  6.21871E-02  3.52120E-02  1.92333E-02
  1.05005E-02  5.75622E-03  3.24289E-03  1.87944E-03  1.11950E-03  6.84929E-04
  4.29949E-04  2.76036E-04  1.80584E-04  1.19971E-04  8.07031E-05  5.48385E-05
  3.75676E-05  2.59050E-05  1.79572E-05  1.25005E-05  8.73146E-06  6.11538E-06
  4.29243E-06  3.01812E-06  2.12507E-06  1.49792E-06  1.05679E-06  7.46100E-07
  5.27047E-07  3.72474E-07  2.63329E-07  1.86220E-07  1.31721E-07  9.31881E-08
  6.59373E-08  4.66609E-08  3.30231E-08  2.33731E-08  1.65440E-08  1.17109E-08
  8.29011E-09  5.86876E-09  4.15478E-09  2.94146E-09  2.08252E-09  1.47445E-09
  1.04396E-09  7.39174E-10  5.23388E-10  3.70608E-10  2.62434E-10  1.85841E-10
  1.31607E-10  9.32044E-11  6.60107E-11  4.67536E-11  3.31162E-11  2.34581E-11

  jn =  15
  2.40346E-01  1.85694E-01  1.38031E-01  9.78337E-02  6.86555E-02  4.41634E-02
  2.62474E-02  1.53902E-02  9.13695E-03  5.48136E-03  3.33383E-03  2.07097E-03
  1.31515E-03  8.51904E-04  5.61052E-04  3.74576E-04  2.52883E-04  1.72286E-04
  1.18248E-04  8.16482E-05  5.66524E-05  3.94643E-05  2.75787E-05  1.93224E-05
  1.35658E-05  9.54008E-06  6.71799E-06  4.73578E-06  3.34131E-06  2.35907E-06
  1.66649E-06  1.17775E-06  8.32642E-07  5.88823E-07  4.16494E-07  2.94652E-07
  2.08484E-07  1.47532E-07  1.04409E-07  7.38963E-08  5.23038E-08  3.70224E-08
  2.62067E-08  1.85513E-08  1.31325E-08  9.29677E-09  6.58148E-09  4.65933E-09
  3.29860E-09  2.33530E-09  1.65333E-09  1.17054E-09  8.28734E-10  5.86748E-10
  4.15428E-10  2.94135E-10  2.08259E-10  1.47459E-10  1.04411E-10  7.39325E-11

 Neutral n=6 / n=1 (jt,jn)
  jn =   1
  3.59711E-97  1.70854E-78  1.15055E-63  6.79630E-52  1.49757E-42  3.88760E-35
  2.96499E-29  1.37360E-24  6.88614E-21  5.91233E-18  1.25242E-15  8.74997E-14
  2.53933E-12  3.67704E-11  3.07300E-10  1.66368E-09  6.39398E-09  1.87559E-08
  4.44654E-08  8.91243E-08  1.56455E-07  2.47246E-07  3.59263E-07  4.87826E-07
  6.26634E-07  7.68583E-07  9.06501E-07  1.03380E-06  1.14505E-06  1.23633E-06
  1.30546E-06  1.35193E-06  1.37665E-06  1.38158E-06  1.36932E-06  1.34277E-06
  1.30481E-06  1.25816E-06  1.20519E-06  1.14798E-06  1.08822E-06  1.02729E-06
  9.66291E-07  9.06063E-07  8.47251E-07  7.90328E-07  7.35632E-07  6.83391E-07
  6.33746E-07  5.86771E-07  5.42487E-07  5.00874E-07  4.61882E-07  4.25437E-07
  3.91450E-07  3.59817E-07  3.30431E-07  3.03176E-07  2.77937E-07  2.54598E-07

  jn =   2
  1.14501E-96  5.44600E-78  3.66912E-63  2.16598E-51  4.76447E-42  1.23357E-34
  9.37834E-29  4.33030E-24  2.16403E-20  1.85288E-17  3.91587E-15  2.73018E-13
  7.90667E-12  1.14198E-10  9.51045E-10  5.12401E-09  1.95675E-08  5.69412E-08
  1.33727E-07  2.65246E-07  4.60558E-07  7.19991E-07  1.03573E-06  1.39415E-06
  1.77833E-06  2.17015E-06  2.55172E-06  2.90664E-06  3.22104E-06  3.48451E-06
  3.69058E-06  3.83685E-06  3.92454E-06  3.95773E-06  3.94243E-06  3.88570E-06
  3.79488E-06  3.67710E-06  3.53887E-06  3.38592E-06  3.22318E-06  3.05474E-06
  2.88394E-06  2.71346E-06  2.54541E-06  2.38140E-06  2.22266E-06  2.07005E-06
  1.92419E-06  1.78546E-06  1.65407E-06  1.53009E-06  1.41349E-06  1.30414E-06
  1.20185E-06  1.10637E-06  1.01746E-06  9.34793E-07  8.58079E-07  7.86997E-07

  jn =   3
  3.68777E-96  1.75909E-77  1.18519E-62  6.97437E-51  1.52480E-41  3.91508E-34
  2.94779E-28  1.34728E-23  6.66493E-20  5.65076E-17  1.18283E-14  8.16762E-13
  2.34160E-11  3.34532E-10  2.75282E-09  1.46379E-08  5.51085E-08  1.57951E-07
  3.65122E-07  7.12596E-07  1.21751E-06  1.87379E-06  2.65628E-06  3.52881E-06
  4.45142E-06  5.38504E-06  6.29371E-06  7.14564E-06  7.91404E-06  8.57796E-06
  9.12307E-06  9.54203E-06  9.83408E-06  1.00041E-05  1.00614E-05  1.00178E-05
  9.88688E-06  9.68233E-06  9.41753E-06  9.10491E-06  8.75570E-06  8.37980E-06
  7.98582E-06  7.58110E-06  7.17184E-06  6.76321E-06  6.35945E-06  5.96398E-06
  5.57952E-06  5.20819E-06  4.85154E-06  4.51071E-06  4.18643E-06  3.87912E-06
  3.58892E-06  3.31575E-06  3.05937E-06  2.81937E-06  2.59525E-06  2.38641E-06

  jn =   4
  1.21510E-95  5.80461E-77  3.88435E-62  2.25306E-50  4.82721E-41  1.21017E-33
  8.88019E-28  3.95299E-23  1.90459E-19  1.57302E-16  3.20824E-14  2.15913E-12
  6.03557E-11  8.41328E-10  6.76192E-09  3.51656E-08  1.29685E-07  3.64721E-07
  8.28665E-07  1.59213E-06  2.68181E-06  4.07438E-06  5.70866E-06  7.50492E-06
  9.38141E-06  1.12640E-05  1.30895E-05  1.48062E-05  1.63727E-05  1.77576E-05
  1.89391E-05  1.99051E-05  2.06527E-05  2.11867E-05  2.15181E-05  2.16625E-05
  2.16381E-05  2.14642E-05  2.11603E-05  2.07451E-05  2.02362E-05  1.96498E-05
  1.90007E-05  1.83022E-05  1.75661E-05  1.68030E-05  1.60224E-05  1.52325E-05
  1.44406E-05  1.36531E-05  1.28755E-05  1.21126E-05  1.13683E-05  1.06461E-05
  9.94866E-06  9.27817E-06  8.63630E-06  8.02421E-06  7.44267E-06  6.89203E-06

  jn =   5
  4.09623E-95  1.93937E-76  1.26655E-61  7.08365E-50  1.45199E-40  3.46820E-33
  2.42126E-27  1.02581E-22  4.71161E-19  3.71898E-16  7.27202E-14  4.70904E-12
  1.27150E-10  1.71877E-09  1.34485E-08  6.83431E-08  2.47151E-07  6.83801E-07
  1.53284E-06  2.91300E-06  4.86370E-06  7.33756E-06  1.02237E-05  1.33821E-05
  1.66724E-05  1.99703E-05  2.31737E-05  2.62020E-05  2.89937E-05  3.15041E-05
  3.37032E-05  3.55743E-05  3.71131E-05  3.83252E-05  3.92245E-05  3.98305E-05
  4.01661E-05  4.02563E-05  4.01262E-05  3.98005E-05  3.93025E-05  3.86541E-05
  3.78756E-05  3.69853E-05  3.60004E-05  3.49362E-05  3.38068E-05  3.26249E-05
  3.14023E-05  3.01494E-05  2.88760E-05  2.75907E-05  2.63016E-05  2.50159E-05
  2.37400E-05  2.24799E-05  2.12409E-05  2.00277E-05  1.88445E-05  1.76948E-05

  jn =   6
  1.38376E-94  6.39091E-76  3.99418E-61  2.10710E-49  4.04001E-40  9.00164E-33
  5.87123E-27  2.33390E-22  1.01152E-18  7.58007E-16  1.41565E-13  8.80516E-12
  2.29557E-10  3.01057E-09  2.29552E-08  1.14145E-07  4.05429E-07  1.10555E-06
  2.45030E-06  4.61716E-06  7.66322E-06  1.15174E-05  1.60165E-05  2.09551E-05
  2.61270E-05  3.13481E-05  3.64655E-05  4.13574E-05  4.59299E-05  5.01131E-05
  5.38594E-05  5.71400E-05  5.99438E-05  6.22741E-05  6.41457E-05  6.55820E-05
  6.66118E-05  6.72671E-05  6.75812E-05  6.75869E-05  6.73161E-05  6.67986E-05
  6.60625E-05  6.51335E-05  6.40353E-05  6.27893E-05  6.14153E-05  5.99309E-05
  5.83524E-05  5.66945E-05  5.49706E-05  5.31931E-05  5.13732E-05  4.95212E-05
  4.76465E-05  4.57581E-05  4.38640E-05  4.19718E-05  4.00883E-05  3.82200E-05

  jn =   7
  4.73045E-94  2.11479E-75  1.25639E-60  6.20742E-49  1.10460E-39  2.27670E-32
  1.37505E-26  5.08161E-22  2.05945E-18  1.45307E-15  2.57367E-13  1.52900E-11
  3.83280E-10  4.86231E-09  3.60555E-08  1.75195E-07  6.10690E-07  1.64065E-06
  3.59528E-06  6.72014E-06  1.10965E-05  1.66355E-05  2.31281E-05  3.03089E-05
  3.79072E-05  4.56754E-05  5.33997E-05  6.09013E-05  6.80342E-05  7.46834E-05
  8.07631E-05  8.62153E-05  9.10076E-05  9.51302E-05  9.85918E-05  1.01416E-04
  1.03635E-04  1.05290E-04  1.06424E-04  1.07081E-04  1.07305E-04  1.07139E-04
  1.06622E-04  1.05792E-04  1.04684E-04  1.03328E-04  1.01755E-04  9.99914E-05
  9.80609E-05  9.59862E-05  9.37875E-05  9.14834E-05  8.90908E-05  8.66250E-05
  8.41001E-05  8.15285E-05  7.89219E-05  7.62905E-05  7.36437E-05  7.09901E-05

  jn =   8
  1.70071E-93  7.40398E-75  4.21904E-60  1.96630E-48  3.25020E-39  6.15566E-32
  3.40287E-26  1.15404E-21  4.32125E-18  2.84054E-15  4.72566E-13  2.65652E-11
  6.34329E-10  7.71344E-09  5.51571E-08  2.59966E-07  8.83940E-07  2.32886E-06
  5.02978E-06  9.30848E-06  1.52819E-05  2.28621E-05  3.18180E-05  4.18479E-05
  5.26333E-05  6.38676E-05  7.52665E-05  8.65721E-05  9.75545E-05  1.08016E-04
  1.17792E-04  1.26758E-04  1.34826E-04  1.41946E-04  1.48098E-04  1.53290E-04
  1.57553E-04  1.60929E-04  1.63476E-04  1.65253E-04  1.66326E-04  1.66759E-04
  1.66616E-04  1.65958E-04  1.64842E-04  1.63321E-04  1.61445E-04  1.59259E-04
  1.56802E-04  1.54112E-04  1.51221E-04  1.48158E-04  1.44950E-04  1.41620E-04
  1.38188E-04  1.34673E-04  1.31091E-04  1.27457E-04  1.23786E-04  1.20088E-04

  jn =   9
  6.44595E-93  2.75869E-74  1.52760E-59  6.80852E-48  1.05724E-38  1.85407E-31
  9.41133E-26  2.92025E-21  9.99481E-18  6.01082E-15  9.17938E-13  4.76616E-11
  1.06043E-09  1.21405E-08  8.26227E-08  3.74445E-07  1.23560E-06  3.18477E-06
  6.77610E-06  1.24281E-05  2.03250E-05  3.04217E-05  4.25102E-05  5.62917E-05
  7.14240E-05  8.75456E-05  1.04285E-04  1.21269E-04  1.38134E-04  1.54543E-04
  1.70197E-04  1.84845E-04  1.98297E-04  2.10421E-04  2.21139E-04  2.30421E-04
  2.38280E-04  2.44756E-04  2.49914E-04  2.53834E-04  2.56603E-04  2.58313E-04
  2.59058E-04  2.58928E-04  2.58012E-04  2.56392E-04  2.54147E-04  2.51348E-04
  2.48065E-04  2.44360E-04  2.40290E-04  2.35908E-04  2.31264E-04  2.26402E-04
  2.21362E-04  2.16181E-04  2.10891E-04  2.05521E-04  2.00098E-04  1.94642E-04

  jn =  10
  2.53357E-92  1.06534E-73  5.76168E-59  2.48533E-47  3.69030E-38  6.10450E-31
  2.88044E-25  8.19060E-21  2.54177E-17  1.38021E-14  1.90838E-12  9.04491E-11
  1.85808E-09  1.98916E-08  1.28162E-07  5.56089E-07  1.77406E-06  4.45821E-06
  9.31643E-06  1.68914E-05  2.74615E-05  4.10573E-05  5.75330E-05  7.66316E-05
  9.80182E-05  1.21293E-04  1.45992E-04  1.71603E-04  1.97584E-04  2.23389E-04
  2.48505E-04  2.72472E-04  2.94908E-04  3.15514E-04  3.34078E-04  3.50472E-04
  3.64641E-04  3.76593E-04  3.86383E-04  3.94108E-04  3.99890E-04  4.03866E-04
  4.06188E-04  4.07007E-04  4.06474E-04  4.04735E-04  4.01929E-04  3.98184E-04
  3.93620E-04  3.88344E-04  3.82454E-04  3.76038E-04  3.69174E-04  3.61932E-04
  3.54375E-04  3.46559E-04  3.38532E-04  3.30341E-04  3.22024E-04  3.13620E-04

  jn =  11
  9.56618E-92  3.95433E-73  2.09698E-58  8.83674E-47  1.27444E-37  2.02857E-30
  9.09184E-25  2.42138E-20  6.97892E-17  3.49813E-14  4.44460E-12  1.93012E-10
  3.63382E-09  3.58060E-08  2.13999E-07  8.69906E-07  2.62829E-06  6.32321E-06
  1.27790E-05  2.26109E-05  3.61538E-05  5.35052E-05  7.46018E-05  9.92735E-05
  1.27258E-04  1.58198E-04  1.91629E-04  2.26992E-04  2.63651E-04  3.00931E-04
  3.38153E-04  3.74674E-04  4.09911E-04  4.43364E-04  4.74624E-04  5.03373E-04
  5.29384E-04  5.52509E-04  5.72672E-04  5.89858E-04  6.04100E-04  6.15474E-04
  6.24090E-04  6.30082E-04  6.33603E-04  6.34822E-04  6.33915E-04  6.31067E-04
  6.26463E-04  6.20287E-04  6.12720E-04  6.03939E-04  5.94111E-04  5.83395E-04
  5.71938E-04  5.59877E-04  5.47335E-04  5.34424E-04  5.21242E-04  5.07876E-04

  jn =  12
  3.14948E-91  1.30468E-72  6.89791E-58  2.88800E-46  4.11239E-37  6.43393E-30
  2.81368E-24  7.25656E-20  2.00017E-16  9.40623E-14  1.09189E-11  4.22635E-10
  7.03284E-09  6.15850E-08  3.32397E-07  1.24306E-06  3.51879E-06  8.06002E-06
  1.57152E-05  2.71076E-05  4.25938E-05  6.23195E-05  8.62933E-05  1.14429E-04
  1.46548E-04  1.82367E-04  2.21482E-04  2.63374E-04  3.07428E-04  3.52970E-04
  3.99304E-04  4.45754E-04  4.91690E-04  5.36551E-04  5.79860E-04  6.21217E-04
  6.60306E-04  6.96882E-04  7.30764E-04  7.61823E-04  7.89974E-04  8.15169E-04
  8.37386E-04  8.56626E-04  8.72911E-04  8.86275E-04  8.96767E-04  9.04450E-04
  9.09397E-04  9.11693E-04  9.11436E-04  9.08736E-04  9.03715E-04  8.96506E-04
  8.87256E-04  8.76118E-04  8.63258E-04  8.48845E-04  8.33055E-04  8.16067E-04

  jn =  13
  8.52234E-91  3.66476E-72  1.98136E-57  8.43424E-46  1.22212E-36  1.89284E-29
  8.23184E-24  2.08908E-19  5.52232E-16  2.37683E-13  2.39421E-11  7.87129E-10
  1.12703E-08  8.75692E-08  4.31201E-07  1.51142E-06  4.08148E-06  9.05298E-06
  1.72609E-05  2.93512E-05  4.56832E-05  6.64280E-05  9.16298E-05  1.21244E-04
  1.55136E-04  1.93064E-04  2.34663E-04  2.79448E-04  3.26836E-04  3.76178E-04
  4.26806E-04  4.78062E-04  5.29338E-04  5.80092E-04  6.29861E-04  6.78265E-04
  7.25002E-04  7.69841E-04  8.12611E-04  8.53192E-04  8.91503E-04  9.27493E-04
  9.61132E-04  9.92405E-04  1.02131E-03  1.04783E-03  1.07198E-03  1.09375E-03
  1.11314E-03  1.13015E-03  1.14475E-03  1.15695E-03  1.16674E-03  1.17410E-03
  1.17902E-03  1.18151E-03  1.18158E-03  1.17922E-03  1.17448E-03  1.16738E-03

  jn =  14
  1.72009E-90  7.90779E-72  4.54522E-57  2.04236E-45  3.09878E-36  5.07495E-29
  2.16182E-23  5.47896E-19  1.35586E-15  5.12870E-13  4.26005E-11  1.18483E-09
  1.50510E-08  1.08387E-07  5.05885E-07  1.70128E-06  4.48092E-06  9.75613E-06
  1.83545E-05  3.08160E-05  4.75582E-05  6.86320E-05  9.42096E-05  1.24213E-04
  1.58719E-04  1.97398E-04  2.39889E-04  2.85717E-04  3.34311E-04  3.85036E-04
  4.37234E-04  4.90265E-04  5.43534E-04  5.96517E-04  6.48768E-04  6.99927E-04
  7.49712E-04  7.97915E-04  8.44391E-04  8.89045E-04  9.31825E-04  9.72709E-04
  1.01170E-03  1.04881E-03  1.08407E-03  1.11751E-03  1.14916E-03  1.17905E-03
  1.20721E-03  1.23364E-03  1.25837E-03  1.28141E-03  1.30274E-03  1.32236E-03
  1.34024E-03  1.35638E-03  1.37073E-03  1.38325E-03  1.39392E-03  1.40267E-03

  jn =  15
  2.47781E-90  1.20096E-71  7.72193E-57  3.98701E-45  6.53965E-36  1.08120E-28
  5.03632E-23  1.32665E-18  3.11359E-15  1.00032E-12  7.43164E-11  1.78914E-09
  2.14936E-08  1.42528E-07  6.33931E-07  2.06531E-06  5.30396E-06  1.12108E-05
  2.05910E-05  3.39550E-05  5.15624E-05  7.32712E-05  9.94582E-05  1.29961E-04
  1.64400E-04  2.02998E-04  2.45024E-04  2.90506E-04  3.38752E-04  3.89654E-04
  4.42194E-04  4.95685E-04  5.49515E-04  6.03157E-04  6.56165E-04  7.08186E-04
  7.58945E-04  8.08243E-04  8.55946E-04  9.01972E-04  9.46283E-04  9.88872E-04
  1.02976E-03  1.06897E-03  1.10657E-03  1.14259E-03  1.17710E-03  1.21014E-03
  1.24178E-03  1.27205E-03  1.30101E-03  1.32869E-03  1.35511E-03  1.38031E-03
  1.40431E-03  1.42712E-03  1.44874E-03  1.46917E-03  1.48841E-03  1.50644E-03

 Continuum n=6 / n=1 (jt,jn)
  jn =   1
  2.33798E-09  1.55431E-09  1.06074E-09  7.41828E-10  5.30012E-10  3.85492E-10
  2.84408E-10  2.12140E-10  1.59505E-10  1.20587E-10  9.14705E-11  6.94983E-11
  5.28198E-11  4.01156E-11  3.04240E-11  2.30312E-11  1.73987E-11  1.31157E-11
  9.86679E-12  7.40846E-12  5.55294E-12  4.15561E-12  3.10544E-12  2.31760E-12
  1.72746E-12  1.28604E-12  9.56276E-13  7.10227E-13  5.26860E-13  3.90370E-13
  2.88896E-13  2.13547E-13  1.57665E-13  1.16272E-13  8.56489E-14  6.30215E-14
  4.63222E-14  3.40124E-14  2.49487E-14  1.82826E-14  1.33851E-14  9.79072E-15
  7.15540E-15  5.22509E-15  3.81249E-15  2.77967E-15  2.02516E-15  1.47442E-15
  1.07273E-15  7.79974E-16  5.66759E-16  4.11582E-16  2.98720E-16  2.16686E-16
  1.57096E-16  1.13835E-16  8.24455E-17  5.96828E-17  4.31846E-17  3.12329E-17

  jn =   2
  1.60915E-08  9.86279E-09  6.26586E-09  4.11644E-09  2.78521E-09  1.93171E-09
  1.36684E-09  9.82340E-10  7.14288E-10  5.23715E-10  3.86122E-10  2.85629E-10
  2.11638E-10  1.56880E-10  1.16244E-10  8.60581E-11  6.36426E-11  4.70155E-11
  3.47005E-11  2.55934E-11  1.88680E-11  1.39070E-11  1.02502E-11  7.55569E-12
  5.57047E-12  4.10760E-12  3.02933E-12  2.23426E-12  1.64781E-12  1.21513E-12
  8.95834E-13  6.60206E-13  4.86333E-13  3.58058E-13  2.63455E-13  1.93717E-13
  1.42336E-13  1.04505E-13  7.66687E-14  5.62024E-14  4.11665E-14  3.01292E-14
  2.20336E-14  1.61008E-14  1.17564E-14  8.57790E-15  6.25419E-15  4.55675E-15
  3.31775E-15  2.41406E-15  1.75540E-15  1.27567E-15  9.26495E-16  6.72515E-16
  4.87892E-16  3.53766E-16  2.56382E-16  1.85714E-16  1.34461E-16  9.73081E-17

  jn =   3
  1.48878E-07  8.32570E-08  4.85603E-08  2.94812E-08  1.85486E-08  1.20300E-08
  7.99948E-09  5.42672E-09  3.73938E-09  2.60775E-09  1.83507E-09  1.30000E-09
  9.25453E-10  6.61151E-10  4.73542E-10  3.39808E-10  2.44198E-10  1.75703E-10
  1.26562E-10  9.12664E-11  6.58917E-11  4.76319E-11  3.44784E-11  2.49924E-11
  1.81425E-11  1.31890E-11  9.60152E-12  6.99924E-12  5.10861E-12  3.73289E-12
  2.73036E-12  1.99878E-12  1.46425E-12  1.07326E-12  7.86992E-13  5.77228E-13
  4.23426E-13  3.10603E-13  2.27815E-13  1.67054E-13  1.22460E-13  8.97334E-14
  6.57215E-14  4.81091E-14  3.51960E-14  2.57329E-14  1.88019E-14  1.37284E-14
  1.00171E-14  7.30411E-15  5.32221E-15  3.87544E-15  2.82006E-15  2.05074E-15
  1.49034E-15  1.08241E-15  7.85662E-16  5.69939E-16  4.13218E-16  2.99431E-16

  jn =   4
  1.58596E-06  7.97496E-07  4.18108E-07  2.28859E-07  1.30508E-07  7.72323E-08
  4.72145E-08  2.96804E-08  1.91033E-08  1.25401E-08  8.36678E-09  5.65717E-09
  3.86667E-09  2.66608E-09  1.85127E-09  1.29283E-09  9.07034E-10  6.38801E-10
  4.51337E-10  3.19769E-10  2.27109E-10  1.61657E-10  1.15307E-10  8.24076E-11
  5.90066E-11  4.23283E-11  3.04185E-11  2.18979E-11  1.57908E-11  1.14056E-11
  8.25133E-12  5.97844E-12  4.33790E-12  3.15182E-12  2.29295E-12  1.67007E-12
  1.21770E-12  8.88715E-13  6.49158E-13  4.74520E-13  3.47074E-13  2.53982E-13
  1.85928E-13  1.36143E-13  9.97021E-14  7.30174E-14  5.34704E-14  3.91493E-14
  2.86561E-14  2.09679E-14  1.53359E-14  1.12110E-14  8.19111E-15  5.98107E-15
  4.36453E-15  3.18278E-15  2.31940E-15  1.68904E-15  1.22914E-15  8.93827E-16

  jn =   5
  1.30487E-05  5.99146E-06  2.85300E-06  1.41980E-06  7.40258E-07  4.03889E-07
  2.29817E-07  1.35757E-07  8.28436E-08  5.19726E-08  3.33713E-08  2.18442E-08
  1.45271E-08  9.78683E-09  6.66311E-09  4.57532E-09  3.16356E-09  2.19977E-09
  1.53667E-09  1.07756E-09  7.58018E-10  5.34680E-10  3.78028E-10  2.67826E-10
  1.90103E-10  1.35167E-10  9.62615E-11  6.86590E-11  4.90439E-11  3.50832E-11
  2.51321E-11  1.80289E-11  1.29513E-11  9.31658E-12  6.71113E-12  4.84089E-12
  3.49653E-12  2.52885E-12  1.83134E-12  1.32789E-12  9.64012E-13  7.00660E-13
  5.09814E-13  3.71336E-13  2.70733E-13  1.97560E-13  1.44280E-13  1.05443E-13
  7.71070E-14  5.64147E-14  4.12921E-14  3.02325E-14  2.21395E-14  1.62144E-14
  1.18750E-14  8.69593E-15  6.36666E-15  4.65993E-15  3.40944E-15  2.49338E-15

  jn =   6
  7.14019E-05  3.13499E-05  1.41671E-05  6.67207E-06  3.29578E-06  1.71024E-06
  9.30571E-07  5.28823E-07  3.12284E-07  1.90611E-07  1.19638E-07  7.68546E-08
  5.03234E-08  3.34693E-08  2.25437E-08  1.53411E-08  1.05265E-08  7.27127E-09
  5.04992E-09  3.52258E-09  2.46598E-09  1.73137E-09  1.21857E-09  8.59411E-10
  6.07171E-10  4.29619E-10  3.04399E-10  2.15941E-10  1.53363E-10  1.09037E-10
  7.76027E-11  5.52866E-11  3.94276E-11  2.81461E-11  2.01132E-11  1.43877E-11
  1.03030E-11  7.38586E-12  5.30053E-12  3.80826E-12  2.73925E-12  1.97263E-12
  1.42223E-12  1.02663E-12  7.41954E-13  5.36858E-13  3.88917E-13  2.82074E-13
  2.04817E-13  1.48886E-13  1.08345E-13  7.89235E-14  5.75473E-14  4.19986E-14
  3.06764E-14  2.24234E-14  1.64017E-14  1.20040E-14  8.78974E-15  6.43865E-15

  jn =   7
  2.88952E-04  1.26369E-04  5.63513E-05  2.59795E-05  1.25075E-05  6.32138E-06
  3.35610E-06  1.86645E-06  1.08217E-06  6.50533E-07  4.03223E-07  2.56391E-07
  1.66488E-07  1.09979E-07  7.36667E-08  4.99009E-08  3.41090E-08  2.34847E-08
  1.62642E-08  1.13166E-08  7.90391E-09  5.53721E-09  3.88880E-09  2.73665E-09
  1.92907E-09  1.36170E-09  9.62339E-10  6.80794E-10  4.82049E-10  3.41597E-10
  2.42246E-10  1.71910E-10  1.22077E-10  8.67456E-11  6.16800E-11  4.38861E-11
  3.12465E-11  2.22627E-11  1.58732E-11  1.13261E-11  8.08784E-12  5.78018E-12
  4.13448E-12  2.95998E-12  2.12109E-12  1.52142E-12  1.09238E-12  7.85142E-13
  5.64916E-13  4.06904E-13  2.93416E-13  2.11820E-13  1.53090E-13  1.10772E-13
  8.02434E-14  5.81954E-14  4.22533E-14  3.07125E-14  2.23482E-14  1.62789E-14

  jn =   8
  9.85578E-04  4.36646E-04  1.95933E-04  9.02811E-05  4.32039E-05  2.16253E-05
  1.13515E-05  6.24221E-06  3.58295E-06  2.13578E-06  1.31488E-06  8.31588E-07
  5.37709E-07  3.54009E-07  2.36488E-07  1.59845E-07  1.09064E-07  7.49794E-08
  5.18593E-08  3.60422E-08  2.51465E-08  1.75992E-08  1.23478E-08  8.68084E-09
  6.11277E-09  4.31012E-09  3.04238E-09  2.14946E-09  1.51975E-09  1.07523E-09
  7.61152E-10  5.39091E-10  3.81989E-10  2.70786E-10  1.92034E-10  1.36240E-10
  9.66948E-11  6.86557E-11  4.87674E-11  3.46553E-11  2.46379E-11  1.75244E-11
  1.24709E-11  8.87940E-12  6.32577E-12  4.50922E-12  3.21636E-12  2.29573E-12
  1.63978E-12  1.17213E-12  8.38517E-13  6.00358E-13  4.30219E-13  3.08579E-13
  2.21542E-13  1.59212E-13  1.14536E-13  8.24826E-14  5.94637E-14  4.29161E-14

  jn =   9
  3.06005E-03  1.38174E-03  6.29614E-04  2.93234E-04  1.41032E-04  7.05773E-05
  3.69251E-05  2.02187E-05  1.15583E-05  6.86610E-06  4.21506E-06  2.65964E-06
  1.71651E-06  1.12837E-06  7.52851E-07  5.08351E-07  3.46567E-07  2.38094E-07
  1.64581E-07  1.14326E-07  7.97277E-08  5.57744E-08  3.91153E-08  2.74870E-08
  1.93466E-08  1.36346E-08  9.61901E-09  6.79182E-09  4.79890E-09  3.39269E-09
  2.39968E-09  1.69800E-09  1.20192E-09  8.51032E-10  6.02750E-10  4.27013E-10
  3.02587E-10  2.14469E-10  1.52048E-10  1.07821E-10  7.64769E-11  5.42588E-11
  3.85059E-11  2.73343E-11  1.94098E-11  1.37871E-11  9.79660E-12  6.96367E-12
  4.95190E-12  3.52281E-12  2.50729E-12  1.78537E-12  1.27197E-12  9.06704E-13
  6.46710E-13  4.61558E-13  3.29634E-13  2.35584E-13  1.68494E-13  1.20605E-13

  jn =  10
  8.85729E-03  4.12124E-03  1.91970E-03  9.09108E-04  4.42320E-04  2.22919E-04
  1.17079E-04  6.42222E-05  3.67315E-05  2.18148E-05  1.33847E-05  8.44050E-06
  5.44447E-06  3.57737E-06  2.38597E-06  1.61062E-06  1.09777E-06  7.54024E-07
  5.21122E-07  3.61936E-07  2.52365E-07  1.76518E-07  1.23774E-07  8.69636E-08
  6.11977E-08  4.31205E-08  3.04141E-08  2.14694E-08  1.51653E-08  1.07180E-08
  7.57816E-09  5.36005E-09  3.79230E-09  2.68376E-09  1.89967E-09  1.34491E-09
  9.52315E-10  6.74426E-10  4.77695E-10  3.38397E-10  2.39752E-10  1.69886E-10
  1.20397E-10  8.53365E-11  6.04954E-11  4.28925E-11  3.04170E-11  2.15741E-11
  1.53052E-11  1.08602E-11  7.70802E-12  5.47213E-12  3.88589E-12  2.76028E-12
  1.96135E-12  1.39413E-12  9.91324E-13  7.05178E-13  5.01841E-13  3.57298E-13

  jn =  11
  2.28227E-02  1.13473E-02  5.52200E-03  2.69495E-03  1.33920E-03  6.85042E-04
  3.63478E-04  2.00716E-04  1.15268E-04  6.86339E-05  4.21828E-05  2.66319E-05
  1.71927E-05  1.13032E-05  7.54183E-06  5.09240E-06  3.47153E-06  2.38476E-06
  1.64826E-06  1.14481E-06  7.98236E-07  5.58318E-07  3.91479E-07  2.75039E-07
  1.93537E-07  1.36358E-07  9.61681E-08  6.78781E-08  4.79410E-08  3.38772E-08
  2.39490E-08  1.69361E-08  1.19799E-08  8.47606E-09  5.99809E-09  4.24521E-09
  3.00498E-09  2.12732E-09  1.50615E-09  1.06646E-09  7.55191E-10  5.34816E-10
  3.78779E-10  2.68289E-10  1.90044E-10  1.34630E-10  9.53817E-11  6.75818E-11
  4.78891E-11  3.39382E-11  2.40541E-11  1.70508E-11  1.20880E-11  8.57095E-12
  6.07813E-12  4.31107E-12  3.05830E-12  2.17001E-12  1.54006E-12  1.09324E-12

  jn =  12
  5.08703E-02  2.78499E-02  1.46364E-02  7.52639E-03  3.88150E-03  2.03677E-03
  1.10032E-03  6.15336E-04  3.56587E-04  2.13708E-04  1.31961E-04  8.35870E-05
  5.40843E-05  3.56138E-05  2.37890E-05  1.60755E-05  1.09649E-05  7.53524E-06
  5.20951E-06  3.61896E-06  2.52370E-06  1.76532E-06  1.23786E-06  8.69695E-07
  6.11983E-07  4.31172E-07  3.04082E-07  2.14622E-07  1.51577E-07  1.07105E-07
  7.57108E-08  5.35363E-08  3.78661E-08  2.67882E-08  1.89544E-08  1.34133E-08
  9.49314E-09  6.71933E-09  4.75638E-09  3.36711E-09  2.38377E-09  1.68769E-09
  1.19494E-09  8.46094E-10  5.99117E-10  4.24253E-10  3.00441E-10  2.12771E-10
  1.50692E-10  1.06731E-10  7.55985E-11  5.35505E-11  3.79351E-11  2.68751E-11
  1.90410E-11  1.34917E-11  9.56049E-12  6.77540E-12  4.80213E-12  3.40393E-12

  jn =  13
  8.83316E-02  5.55736E-02  3.38618E-02  1.91192E-02  1.04757E-02  5.76885E-03
  3.21409E-03  1.83774E-03  1.08251E-03  6.56563E-04  4.08854E-04  2.60488E-04
  1.69237E-04  1.11770E-04  7.48196E-05  5.06384E-05  3.45787E-05  2.37822E-05
  1.64514E-05  1.14332E-05  7.97527E-06  5.57980E-06  3.91316E-06  2.74957E-06
  1.93492E-06  1.36330E-06  9.61486E-07  6.78626E-07  4.79277E-07  3.38655E-07
  2.39387E-07  1.69269E-07  1.19720E-07  8.46919E-08  5.99221E-08  4.24022E-08
  3.00079E-08  2.12383E-08  1.50326E-08  1.06407E-08  7.53236E-09  5.33222E-09
  3.77485E-09  2.67243E-09  1.89201E-09  1.33953E-09  9.48407E-10  6.71501E-10
  4.75456E-10  3.36655E-10  2.38381E-10  1.68800E-10  1.19533E-10  8.46477E-11
  5.99460E-11  4.24544E-11  3.00679E-11  2.12964E-11  1.50844E-11  1.06851E-11

  jn =  14
  1.13389E-01  8.33276E-02  6.32001E-02  4.15249E-02  2.52877E-02  1.49613E-02
  8.86856E-03  5.26721E-03  3.19233E-03  1.97518E-03  1.24703E-03  8.02201E-04
  5.24912E-04  3.48516E-04  2.34218E-04  1.58976E-04  1.08783E-04  7.49295E-05
  5.18880E-05  3.60879E-05  2.51869E-05  1.76285E-05  1.23664E-05  8.69085E-06
  6.11674E-06  4.31011E-06  3.03995E-06  2.14572E-06  1.51545E-06  1.07083E-06
  7.56946E-07  5.35235E-07  3.78556E-07  2.67794E-07  1.89470E-07  1.34071E-07
  9.48795E-08  6.71498E-08  4.75276E-08  3.36410E-08  2.38128E-08  1.68565E-08
  1.19326E-08  8.44725E-09  5.98004E-09  4.23350E-09  2.99711E-09  2.12183E-09
  1.50220E-09  1.06352E-09  7.52963E-10  5.33096E-10  3.77437E-10  2.67232E-10
  1.89209E-10  1.33968E-10  9.48566E-11  6.71652E-11  4.75588E-11  3.36766E-11

  jn =  15
  1.36639E-01  1.09931E-01  8.62360E-02  6.51730E-02  4.91619E-02  3.43004E-02
  2.21484E-02  1.40595E-02  8.96423E-03  5.74109E-03  3.70603E-03  2.42311E-03
  1.60486E-03  1.07532E-03  7.27579E-04  4.96314E-04  3.40851E-04  2.35395E-04
  1.63318E-04  1.13740E-04  7.94599E-05  5.56527E-05  3.90594E-05  2.74597E-05
  1.93313E-05  1.36240E-05  9.61027E-06  6.78389E-06  4.79152E-06  3.38586E-06
  2.39346E-06  1.69244E-06  1.19703E-06  8.46796E-07  5.99127E-07  4.23948E-07
  3.00019E-07  2.12333E-07  1.50285E-07  1.06374E-07  7.52956E-08  5.32991E-08
  3.77295E-08  2.67086E-08  1.89073E-08  1.33849E-08  9.47552E-09  6.70805E-09
  4.74891E-09  3.36198E-09  2.38012E-09  1.68502E-09  1.19293E-09  8.44555E-10
  5.97920E-10  4.23313E-10  2.99698E-10  2.12182E-10  1.50223E-10  1.06358E-10

 Neutral n=7 / n=1 (jt,jn)
  jn =   1
  9.18089E-98  6.04053E-79  5.25081E-64  3.78211E-52  9.70808E-43  2.83050E-35
  2.35533E-29  1.16353E-24  6.10840E-21  5.41508E-18  1.17156E-15  8.29186E-14
  2.42379E-12  3.52214E-11  2.94839E-10  1.59821E-09  6.15474E-09  1.81185E-08
  4.31924E-08  8.72298E-08  1.54575E-07  2.46942E-07  3.63096E-07  4.99164E-07
  6.49243E-07  8.06124E-07  9.62059E-07  1.10952E-06  1.24191E-06  1.35415E-06
  1.44297E-06  1.50701E-06  1.54658E-06  1.56332E-06  1.55974E-06  1.53883E-06
  1.50371E-06  1.45739E-06  1.40261E-06  1.34178E-06  1.27694E-06  1.20979E-06
  1.14169E-06  1.07374E-06  1.00680E-06  9.41510E-07  8.78359E-07  8.17693E-07
  7.59748E-07  7.04673E-07  6.52544E-07  6.03385E-07  5.57174E-07  5.13856E-07
  4.73354E-07  4.35570E-07  4.00392E-07  3.67703E-07  3.37377E-07  3.09288E-07

  jn =   2
  2.89823E-97  1.89151E-78  1.62438E-63  1.15138E-51  2.89868E-42  8.26940E-35
  6.72420E-29  3.24529E-24  1.66587E-20  1.44634E-17  3.07155E-15  2.13931E-13
  6.16938E-12  8.86439E-11  7.34987E-10  3.95085E-09  1.50978E-08  4.41165E-08
  1.04407E-07  2.09391E-07  3.68687E-07  5.85842E-07  8.58042E-07  1.17712E-06
  1.53097E-06  1.90487E-06  2.28275E-06  2.64850E-06  2.98724E-06  3.28654E-06
  3.53736E-06  3.73442E-06  3.87610E-06  3.96390E-06  4.00163E-06  3.99464E-06
  3.94902E-06  3.87107E-06  3.76684E-06  3.64195E-06  3.50140E-06  3.34955E-06
  3.19016E-06  3.02638E-06  2.86085E-06  2.69572E-06  2.53276E-06  2.37337E-06
  2.21864E-06  2.06940E-06  1.92627E-06  1.78968E-06  1.65990E-06  1.53706E-06
  1.42119E-06  1.31225E-06  1.21011E-06  1.11459E-06  1.02546E-06  9.42470E-07

  jn =   3
  9.10070E-97  5.81498E-78  4.85509E-63  3.33010E-51  8.09683E-42  2.23221E-34
  1.75882E-28  8.25914E-24  4.14483E-20  3.53524E-17  7.40715E-15  5.10702E-13
  1.46112E-11  2.08484E-10  1.71652E-09  9.15417E-09  3.46576E-08  1.00174E-07
  2.34161E-07  4.63307E-07  8.04319E-07  1.26016E-06  1.82119E-06  2.46892E-06
  3.17974E-06  3.92757E-06  4.68556E-06  5.42729E-06  6.12815E-06  6.76678E-06
  7.32640E-06  7.79564E-06  8.16873E-06  8.44499E-06  8.62788E-06  8.72385E-06
  8.74122E-06  8.68921E-06  8.57723E-06  8.41438E-06  8.20919E-06  7.96944E-06
  7.70210E-06  7.41338E-06  7.10874E-06  6.79296E-06  6.47020E-06  6.14409E-06
  5.81776E-06  5.49389E-06  5.17478E-06  4.86237E-06  4.55828E-06  4.26383E-06
  3.98008E-06  3.70785E-06  3.44776E-06  3.20021E-06  2.96544E-06  2.74353E-06

  jn =   4
  2.86530E-96  1.77104E-77  1.42083E-62  9.34567E-51  2.18295E-41  5.80507E-34
  4.43421E-28  2.02857E-23  9.95923E-20  8.33534E-17  1.71700E-14  1.16499E-12
  3.28097E-11  4.60807E-10  3.73376E-09  1.95933E-08  7.29901E-08  2.07602E-07
  4.77603E-07  9.30227E-07  1.59013E-06  2.45402E-06  3.49548E-06  4.67441E-06
  5.94566E-06  7.26450E-06  8.58907E-06  9.88125E-06  1.11072E-05  1.22382E-05
  1.32517E-05  1.41317E-05  1.48693E-05  1.54622E-05  1.59131E-05  1.62291E-05
  1.64200E-05  1.64970E-05  1.64720E-05  1.63568E-05  1.61627E-05  1.59003E-05
  1.55792E-05  1.52083E-05  1.47957E-05  1.43484E-05  1.38730E-05  1.33754E-05
  1.28607E-05  1.23338E-05  1.17988E-05  1.12596E-05  1.07197E-05  1.01822E-05
  9.64991E-06  9.12524E-06  8.61044E-06  8.10745E-06  7.61799E-06  7.14351E-06

  jn =   5
  9.31250E-96  5.55968E-77  4.26476E-62  2.66934E-50  5.92772E-41  1.50078E-33
  1.09414E-27  4.79124E-23  2.25824E-19  1.81991E-16  3.62059E-14  2.37968E-12
  6.51164E-11  8.91205E-10  7.05678E-09  3.62856E-08  1.32780E-07  3.71807E-07
  8.43769E-07  1.62384E-06  2.74656E-06  4.19875E-06  5.92966E-06  7.86806E-06
  9.93761E-06  1.20662E-05  1.41902E-05  1.62548E-05  1.82142E-05  2.00314E-05
  2.16781E-05  2.31348E-05  2.43909E-05  2.54436E-05  2.62966E-05  2.69584E-05
  2.74410E-05  2.77582E-05  2.79247E-05  2.79553E-05  2.78642E-05  2.76648E-05
  2.73695E-05  2.69898E-05  2.65362E-05  2.60180E-05  2.54440E-05  2.48220E-05
  2.41591E-05  2.34618E-05  2.27361E-05  2.19873E-05  2.12204E-05  2.04399E-05
  1.96500E-05  1.88545E-05  1.80570E-05  1.72608E-05  1.64688E-05  1.56838E-05

  jn =   6
  3.10334E-95  1.78446E-76  1.29728E-61  7.61396E-50  1.57771E-40  3.72679E-33
  2.54333E-27  1.04805E-22  4.67705E-19  3.59086E-16  6.84539E-14  4.33416E-12
  1.14793E-10  1.52726E-09  1.18021E-08  5.94373E-08  2.13726E-07  5.89854E-07
  1.32291E-06  2.52220E-06  4.23516E-06  6.43911E-06  9.05739E-06  1.19847E-05
  1.51091E-05  1.83255E-05  2.15414E-05  2.46784E-05  2.76715E-05  3.04687E-05
  3.30305E-05  3.53300E-05  3.73518E-05  3.90910E-05  4.05510E-05  4.17423E-05
  4.26797E-05  4.33806E-05  4.38642E-05  4.41497E-05  4.42560E-05  4.42011E-05
  4.40017E-05  4.36735E-05  4.32308E-05  4.26864E-05  4.20522E-05  4.13389E-05
  4.05562E-05  3.97128E-05  3.88169E-05  3.78755E-05  3.68955E-05  3.58827E-05
  3.48429E-05  3.37811E-05  3.27020E-05  3.16101E-05  3.05094E-05  2.94036E-05

  jn =   7
  1.05716E-94  5.85259E-76  4.02689E-61  2.20701E-49  4.23802E-40  9.25727E-33
  5.85308E-27  2.24474E-22  9.38046E-19  6.79128E-16  1.22965E-13  7.44641E-12
  1.89849E-10  2.44546E-09  1.83898E-08  9.05342E-08  3.19520E-07  8.68666E-07
  1.92551E-06  3.63923E-06  6.07425E-06  9.20199E-06  1.29235E-05  1.71022E-05
  2.15916E-05  2.62512E-05  3.09540E-05  3.55887E-05  4.00602E-05  4.42896E-05
  4.82149E-05  5.17911E-05  5.49898E-05  5.77976E-05  6.02136E-05  6.22474E-05
  6.39157E-05  6.52400E-05  6.62447E-05  6.69554E-05  6.73979E-05  6.75968E-05
  6.75760E-05  6.73576E-05  6.69622E-05  6.64086E-05  6.57144E-05  6.48955E-05
  6.39664E-05  6.29403E-05  6.18295E-05  6.06449E-05  5.93966E-05  5.80937E-05
  5.67445E-05  5.53565E-05  5.39365E-05  5.24905E-05  5.10240E-05  4.95421E-05

  jn =   8
  3.79654E-94  2.04253E-75  1.34555E-60  6.94702E-49  1.23810E-39  2.48421E-32
  1.43773E-26  5.06211E-22  1.95573E-18  1.32014E-15  2.24689E-13  1.28841E-11
  3.13090E-10  3.86748E-09  2.80542E-08  1.33986E-07  4.61264E-07  1.22959E-06
  2.68542E-06  5.02311E-06  8.33101E-06  1.25853E-05  1.76785E-05  2.34564E-05
  2.97473E-05  3.63784E-05  4.31835E-05  5.00059E-05  5.67023E-05  6.31453E-05
  6.92275E-05  7.48640E-05  7.99933E-05  8.45768E-05  8.85966E-05  9.20520E-05
  9.49562E-05  9.73325E-05  9.92112E-05  1.00627E-04  1.01616E-04  1.02217E-04
  1.02467E-04  1.02399E-04  1.02050E-04  1.01449E-04  1.00626E-04  9.96074E-05
  9.84171E-05  9.70770E-05  9.56066E-05  9.40233E-05  9.23428E-05  9.05789E-05
  8.87441E-05  8.68495E-05  8.49050E-05  8.29197E-05  8.09016E-05  7.88580E-05

  jn =   9
  1.43787E-93  7.59943E-75  4.86181E-60  2.39929E-48  4.01554E-39  7.45885E-32
  3.96374E-26  1.27708E-21  4.51117E-18  2.78706E-15  4.35638E-13  2.30834E-11
  5.22880E-10  6.08301E-09  4.20043E-08  1.92921E-07  6.44551E-07  1.68077E-06
  3.61558E-06  6.70057E-06  1.10662E-05  1.67175E-05  2.35642E-05  3.14576E-05
  4.02156E-05  4.96363E-05  5.95052E-05  6.96010E-05  7.97040E-05  8.96061E-05
  9.91205E-05  1.08090E-04  1.16391E-04  1.23936E-04  1.30672E-04  1.36574E-04
  1.41643E-04  1.45899E-04  1.49376E-04  1.52118E-04  1.54173E-04  1.55595E-04
  1.56436E-04  1.56750E-04  1.56586E-04  1.55994E-04  1.55018E-04  1.53701E-04
  1.52084E-04  1.50203E-04  1.48092E-04  1.45783E-04  1.43305E-04  1.40684E-04
  1.37945E-04  1.35110E-04  1.32198E-04  1.29227E-04  1.26212E-04  1.23167E-04

  jn =  10
  5.65564E-93  2.93327E-74  1.83173E-59  8.74649E-48  1.39958E-38  2.45213E-31
  1.21136E-25  3.57702E-21  1.14589E-17  6.39395E-15  9.05183E-13  4.37982E-11
  9.16359E-10  9.97185E-09  6.52062E-08  2.86771E-07  9.26328E-07  2.35496E-06
  4.97474E-06  9.11147E-06  1.49544E-05  2.25570E-05  3.18697E-05  4.27722E-05
  5.50908E-05  6.86055E-05  8.30522E-05  9.81314E-05  1.13521E-04  1.28896E-04
  1.43943E-04  1.58384E-04  1.71981E-04  1.84549E-04  1.95953E-04  2.06108E-04
  2.14974E-04  2.22547E-04  2.28854E-04  2.33945E-04  2.37888E-04  2.40759E-04
  2.42644E-04  2.43629E-04  2.43802E-04  2.43246E-04  2.42041E-04  2.40263E-04
  2.37982E-04  2.35261E-04  2.32157E-04  2.28722E-04  2.25004E-04  2.21044E-04
  2.16879E-04  2.12542E-04  2.08064E-04  2.03472E-04  1.98790E-04  1.94040E-04

  jn =  11
  2.16548E-92  1.10221E-73  6.73211E-59  3.13238E-47  4.85739E-38  8.17407E-31
  3.83011E-25  1.05762E-20  3.14583E-17  1.62044E-14  2.10849E-12  9.35039E-11
  1.79349E-09  1.79692E-08  1.09021E-07  4.49252E-07  1.37438E-06  3.34475E-06
  6.83205E-06  1.22089E-05  1.97024E-05  2.94086E-05  4.13290E-05  5.53962E-05
  7.14815E-05  8.93920E-05  1.08867E-04  1.29583E-04  1.51167E-04  1.73220E-04
  1.95336E-04  2.17131E-04  2.38251E-04  2.58394E-04  2.77308E-04  2.94798E-04
  3.10720E-04  3.24977E-04  3.37516E-04  3.48319E-04  3.57398E-04  3.64791E-04
  3.70555E-04  3.74764E-04  3.77502E-04  3.78865E-04  3.78953E-04  3.77871E-04
  3.75726E-04  3.72625E-04  3.68675E-04  3.63977E-04  3.58632E-04  3.52731E-04
  3.46364E-04  3.39611E-04  3.32546E-04  3.25236E-04  3.17742E-04  3.10114E-04

  jn =  12
  7.31810E-92  3.75621E-73  2.28576E-58  1.05435E-46  1.60661E-37  2.64828E-30
  1.20690E-24  3.21893E-20  9.12752E-17  4.39913E-14  5.21826E-12  2.05771E-10
  3.48346E-09  3.09817E-08  1.69708E-07  6.43278E-07  1.84356E-06  4.27096E-06
  8.41513E-06  1.46572E-05  2.32393E-05  3.42865E-05  4.78420E-05  6.38874E-05
  8.23431E-05  1.03061E-04  1.25816E-04  1.50310E-04  1.76184E-04  2.03042E-04
  2.30472E-04  2.58069E-04  2.85458E-04  3.12301E-04  3.38308E-04  3.63238E-04
  3.86895E-04  4.09127E-04  4.29818E-04  4.48885E-04  4.66269E-04  4.81935E-04
  4.95862E-04  5.08043E-04  5.18484E-04  5.27199E-04  5.34212E-04  5.39552E-04
  5.43258E-04  5.45377E-04  5.45961E-04  5.45071E-04  5.42777E-04  5.39156E-04
  5.34290E-04  5.28269E-04  5.21190E-04  5.13154E-04  5.04263E-04  4.94623E-04

  jn =  13
  2.06911E-91  1.12692E-72  7.03209E-58  3.30497E-46  5.16758E-37  8.32237E-30
  3.76098E-24  9.79691E-20  2.64308E-16  1.15823E-13  1.18507E-11  3.95032E-10
  5.72767E-09  4.50229E-08  2.23902E-07  7.92489E-07  2.15886E-06  4.82972E-06
  9.28508E-06  1.59265E-05  2.49967E-05  3.66347E-05  5.09035E-05  6.78084E-05
  8.72944E-05  1.09238E-04  1.33436E-04  1.59611E-04  1.87425E-04  2.16496E-04
  2.46429E-04  2.76833E-04  3.07344E-04  3.37639E-04  3.67438E-04  3.96511E-04
  4.24673E-04  4.51781E-04  4.77727E-04  5.02434E-04  5.25848E-04  5.47930E-04
  5.68659E-04  5.88017E-04  6.05996E-04  6.22588E-04  6.37787E-04  6.51587E-04
  6.63980E-04  6.74958E-04  6.84511E-04  6.92629E-04  6.99301E-04  7.04518E-04
  7.08271E-04  7.10556E-04  7.11373E-04  7.10726E-04  7.08627E-04  7.05095E-04

  jn =  14
  4.37036E-91  2.62904E-72  1.78111E-57  8.98968E-46  1.49489E-36  2.63105E-29
  1.14200E-23  2.98690E-19  7.46603E-16  2.86207E-13  2.37360E-11  6.61032E-10
  8.40384E-09  6.05247E-08  2.81920E-07  9.45950E-07  2.48910E-06  5.41971E-06
  1.02071E-05  1.71596E-05  2.65377E-05  3.83906E-05  5.28557E-05  6.99266E-05
  8.97473E-05  1.12117E-04  1.36828E-04  1.63606E-04  1.92117E-04  2.21987E-04
  2.52828E-04  2.84259E-04  3.15926E-04  3.47513E-04  3.78755E-04  4.09432E-04
  4.39374E-04  4.68450E-04  4.96570E-04  5.23672E-04  5.49719E-04  5.74693E-04
  5.98588E-04  6.21410E-04  6.43168E-04  6.63875E-04  6.83546E-04  7.02193E-04
  7.19826E-04  7.36454E-04  7.52079E-04  7.66702E-04  7.80316E-04  7.92914E-04
  8.04481E-04  8.15000E-04  8.24449E-04  8.32803E-04  8.40033E-04  8.46110E-04

  jn =  15
  6.39502E-91  4.15249E-72  3.34055E-57  2.05061E-45  3.76812E-36  6.63391E-29
  3.30512E-23  9.23875E-19  2.23745E-15  7.18334E-13  5.44059E-11  1.28388E-09
  1.54310E-08  9.94493E-08  4.32977E-07  1.38359E-06  3.47515E-06  7.17500E-06
  1.29110E-05  2.09177E-05  3.12971E-05  4.38929E-05  5.89662E-05  7.64669E-05
  9.61690E-05  1.18239E-04  1.42302E-04  1.68422E-04  1.96267E-04  2.25990E-04
  2.56869E-04  2.88450E-04  3.20352E-04  3.52247E-04  3.83866E-04  4.14989E-04
  4.45448E-04  4.75120E-04  5.03918E-04  5.31788E-04  5.58701E-04  5.84648E-04
  6.09634E-04  6.33674E-04  6.56791E-04  6.79011E-04  7.00362E-04  7.20871E-04
  7.40567E-04  7.59473E-04  7.77613E-04  7.95005E-04  8.11666E-04  8.27608E-04
  8.42839E-04  8.57365E-04  8.71187E-04  8.84303E-04  8.96706E-04  9.08387E-04

 Continuum n=7 / n=1 (jt,jn)
  jn =   1
  4.53834E-09  3.01014E-09  2.04672E-09  1.42387E-09  1.01027E-09  7.28413E-10
  5.31781E-10  3.91805E-10  2.90496E-10  2.16221E-10  1.61250E-10  1.20307E-10
  8.97023E-11  6.67909E-11  4.96425E-11  3.68254E-11  2.72660E-11  2.01541E-11
  1.48765E-11  1.09693E-11  8.08228E-12  5.95247E-12  4.38295E-12  3.22710E-12
  2.37616E-12  1.74972E-12  1.28851E-12  9.48868E-13  6.98701E-13  5.14405E-13
  3.78621E-13  2.78580E-13  2.04882E-13  1.50603E-13  1.10639E-13  8.12285E-14
  5.95953E-14  4.36925E-14  3.20098E-14  2.34334E-14  1.71420E-14  1.25303E-14
  9.15250E-15  6.68035E-15  4.87244E-15  3.55131E-15  2.58662E-15  1.88273E-15
  1.36951E-15  9.95563E-16  7.23286E-16  5.25166E-16  3.81099E-16  2.76402E-16
  2.00361E-16  1.45165E-16  1.05123E-16  7.60890E-17  5.50483E-17  3.98079E-17

  jn =   2
  3.80893E-08  2.31848E-08  1.45783E-08  9.44408E-09  6.27717E-09  4.26151E-09
  2.94231E-09  2.05819E-09  1.45395E-09  1.03453E-09  7.39860E-10  5.30975E-10
  3.81937E-10  2.75121E-10  1.98345E-10  1.43063E-10  1.03223E-10  7.44984E-11
  5.37871E-11  3.88531E-11  2.80842E-11  2.03171E-11  1.47125E-11  1.06657E-11
  7.74118E-12  5.62540E-12  4.09287E-12  2.98134E-12  2.17408E-12  1.58701E-12
  1.15950E-12  8.47807E-13  6.20298E-13  4.54069E-13  3.32508E-13  2.43548E-13
  1.78407E-13  1.30689E-13  9.57217E-14  7.00951E-14  5.13136E-14  3.75499E-14
  2.74656E-14  2.00793E-14  1.46712E-14  1.07134E-14  7.81842E-15  5.70210E-15
  4.15594E-15  3.02706E-15  2.20338E-15  1.60279E-15  1.16517E-15  8.46513E-16
  6.14630E-16  4.46003E-16  3.23456E-16  2.34452E-16  1.69848E-16  1.22983E-16

  jn =   3
  3.68063E-07  2.00724E-07  1.13639E-07  6.67179E-08  4.04905E-08  2.52991E-08
  1.62062E-08  1.06012E-08  7.05605E-09  4.76357E-09  3.25306E-09  2.24208E-09
  1.55667E-09  1.08710E-09  7.62687E-10  5.37064E-10  3.79317E-10  2.68567E-10
  1.90554E-10  1.35454E-10  9.64522E-11  6.87916E-11  4.91408E-11  3.51581E-11
  2.51931E-11  1.80806E-11  1.29961E-11  9.35581E-12  6.74543E-12  4.87063E-12
  3.52201E-12  2.55038E-12  1.84928E-12  1.34261E-12  9.75914E-13  7.10153E-13
  5.17283E-13  3.77134E-13  2.75174E-13  2.00917E-13  1.46782E-13  1.07282E-13
  7.84391E-14  5.73636E-14  4.19559E-14  3.06871E-14  2.24431E-14  1.64109E-14
  1.19968E-14  8.76693E-15  6.40397E-15  4.67566E-15  3.41196E-15  2.48837E-15
  1.81368E-15  1.32107E-15  9.61626E-16  6.99513E-16  5.08503E-16  3.69402E-16

  jn =   4
  2.80133E-06  1.38167E-06  7.10035E-07  3.81115E-07  2.13376E-07  1.24178E-07
  7.47887E-08  4.63963E-08  2.95138E-08  1.91720E-08  1.26714E-08  8.49444E-09
  5.76028E-09  3.94274E-09  2.71903E-09  1.88651E-09  1.31532E-09  9.20728E-10
  6.46622E-10  4.55356E-10  3.21405E-10  2.27312E-10  1.61049E-10  1.14285E-10
  8.12212E-11  5.78042E-11  4.11943E-11  2.93961E-11  2.10043E-11  1.50276E-11
  1.07655E-11  7.72214E-12  5.54632E-12  3.98874E-12  2.87228E-12  2.07099E-12
  1.49515E-12  1.08078E-12  7.82209E-13  5.66802E-13  4.11192E-13  2.98635E-13
  2.17118E-13  1.58008E-13  1.15097E-13  8.39101E-14  6.12198E-14  4.46950E-14
  3.26493E-14  2.38613E-14  1.74452E-14  1.27578E-14  9.33145E-15  6.82578E-15
  4.99278E-15  3.65156E-15  2.67006E-15  1.95178E-15  1.42619E-15  1.04166E-15

  jn =   5
  1.49123E-05  6.95085E-06  3.37014E-06  1.71053E-06  9.09919E-07  5.06179E-07
  2.93243E-07  1.76033E-07  1.08934E-07  6.91550E-08  4.48411E-08  2.95853E-08
  1.97982E-08  1.34018E-08  9.15643E-09  6.30282E-09  4.36474E-09  3.03731E-09
  2.12189E-09  1.48711E-09  1.04496E-09  7.35868E-10  5.19145E-10  3.66820E-10
  2.59541E-10  1.83858E-10  1.30387E-10  9.25607E-11  6.57719E-11  4.67800E-11
  3.33028E-11  2.37301E-11  1.69247E-11  1.20823E-11  8.63369E-12  6.17549E-12
  4.42165E-12  3.16919E-12  2.27392E-12  1.63333E-12  1.17451E-12  8.45534E-13
  6.09400E-13  4.39720E-13  3.17653E-13  2.29738E-13  1.66345E-13  1.20580E-13
  8.75029E-14  6.35672E-14  4.62265E-14  3.36492E-14  2.45165E-14  1.78778E-14
  1.30470E-14  9.52834E-15  6.96296E-15  5.09101E-15  3.72397E-15  2.72496E-15

  jn =   6
  6.11544E-05  2.79872E-05  1.32383E-05  6.53647E-06  3.38311E-06  1.83499E-06
  1.03971E-06  6.12471E-07  3.73113E-07  2.33833E-07  1.50035E-07  9.81460E-08
  6.52209E-08  4.38969E-08  2.98498E-08  2.04661E-08  1.41256E-08  9.80139E-09
  6.83005E-09  4.77586E-09  3.34876E-09  2.35338E-09  1.65690E-09  1.16832E-09
  8.24843E-10  5.82969E-10  4.12401E-10  2.91974E-10  2.06864E-10  1.46661E-10
  1.04045E-10  7.38561E-11  5.24579E-11  3.72815E-11  2.65117E-11  1.88647E-11
  1.34320E-11  9.57011E-12  6.82331E-12  4.86842E-12  3.47625E-12  2.48416E-12
  1.77668E-12  1.27180E-12  9.11219E-13  6.53488E-13  4.69115E-13  3.37101E-13
  2.42491E-13  1.74620E-13  1.25883E-13  9.08494E-14  6.56391E-14  4.74778E-14
  3.43800E-14  2.49233E-14  1.80876E-14  1.31408E-14  9.55690E-15  6.95742E-15

  jn =   7
  2.14509E-04  9.85044E-05  4.64311E-05  2.27191E-05  1.16180E-05  6.22251E-06
  3.48471E-06  2.03213E-06  1.22761E-06  7.64104E-07  4.87576E-07  3.17538E-07
  2.10263E-07  1.41111E-07  9.57308E-08  6.55107E-08  4.51431E-08  3.12813E-08
  2.17726E-08  1.52084E-08  1.06535E-08  7.47991E-09  5.26138E-09  3.70638E-09
  2.61413E-09  1.84559E-09  1.30407E-09  9.22080E-10  6.52367E-10  4.61784E-10
  3.27027E-10  2.31692E-10  1.64212E-10  1.16429E-10  8.25805E-11  5.85936E-11
  4.15895E-11  2.95313E-11  2.09774E-11  1.49074E-11  1.05984E-11  7.53847E-12
  5.36461E-12  3.81962E-12  2.72109E-12  1.93965E-12  1.38349E-12  9.87451E-13
  7.05280E-13  5.04115E-13  3.60610E-13  2.58168E-13  1.84987E-13  1.32670E-13
  9.52376E-14  6.84333E-14  4.92225E-14  3.54412E-14  2.55455E-14  1.84328E-14

  jn =   8
  6.88568E-04  3.20134E-04  1.52014E-04  7.45612E-05  3.80764E-05  2.03178E-05
  1.13247E-05  6.57301E-06  3.95425E-06  2.45284E-06  1.56091E-06  1.01440E-06
  6.70585E-07  4.49451E-07  3.04593E-07  2.08263E-07  1.43412E-07  9.93171E-08
  6.90919E-08  4.82391E-08  3.37773E-08  2.37056E-08  1.66677E-08  1.17367E-08
  8.27423E-09  5.83884E-09  4.12347E-09  2.91390E-09  2.06023E-09  1.45728E-09
  1.03118E-09  7.29901E-10  5.16792E-10  3.65998E-10  2.59265E-10  1.83698E-10
  1.30185E-10  9.22805E-11  6.54266E-11  4.63976E-11  3.29107E-11  2.33500E-11
  1.65710E-11  1.17633E-11  8.35297E-12  5.93321E-12  4.21586E-12  2.99669E-12
  2.13093E-12  1.51593E-12  1.07892E-12  7.68260E-13  5.47336E-13  3.90158E-13
  2.78282E-13  1.98611E-13  1.41844E-13  1.01374E-13  7.25046E-14  5.18974E-14

  jn =   9
  2.09003E-03  9.88632E-04  4.75907E-04  2.35707E-04  1.21046E-04  6.47299E-05
  3.60826E-05  2.09273E-05  1.25782E-05  7.79580E-06  4.95744E-06  3.21977E-06
  2.12738E-06  1.42523E-06  9.65530E-07  6.59970E-07  4.54345E-07  3.14575E-07
  2.18797E-07  1.52734E-07  1.06927E-07  7.50309E-08  5.27464E-08  3.71351E-08
  2.61749E-08  1.84669E-08  1.30386E-08  9.21148E-09  6.51092E-09  4.60393E-09
  3.25655E-09  2.30412E-09  1.63062E-09  1.15421E-09  8.17132E-10  5.78584E-10
  4.09733E-10  2.90197E-10  2.05561E-10  1.45628E-10  1.03182E-10  7.31168E-11
  5.18192E-11  3.67304E-11  2.60392E-11  1.84628E-11  1.30931E-11  9.28687E-12
  6.58843E-12  4.67507E-12  3.31814E-12  2.35565E-12  1.67280E-12  1.18824E-12
  8.44306E-13  6.00129E-13  4.26726E-13  3.03547E-13  2.16016E-13  1.53796E-13

  jn =  10
  6.00266E-03  2.92271E-03  1.43630E-03  7.22476E-04  3.75174E-04  2.02136E-04
  1.13229E-04  6.58762E-05  3.96714E-05  2.46167E-05  1.56653E-05  1.01788E-05
  6.72725E-06  4.50770E-06  3.05410E-06  2.08771E-06  1.43730E-06  9.95156E-07
  6.92158E-07  4.83160E-07  3.38243E-07  2.37337E-07  1.66839E-07  1.17453E-07
  8.27815E-08  5.83993E-08  4.12291E-08  2.91244E-08  2.05834E-08  1.45527E-08
  1.02921E-08  7.28066E-09  5.15144E-09  3.64552E-09  2.58019E-09  1.82640E-09
  1.29296E-09  9.15406E-10  6.48155E-10  4.58963E-10  3.25019E-10  2.30182E-10
  1.63029E-10  1.15476E-10  8.17991E-11  5.79485E-11  4.10556E-11  2.90900E-11
  2.06137E-11  1.46088E-11  1.03544E-11  7.33982E-12  5.20363E-12  3.68969E-12
  2.61663E-12  1.85596E-12  1.31667E-12  9.34268E-13  6.63071E-13  4.70706E-13

  jn =  11
  1.54278E-02  8.02353E-03  4.11680E-03  2.13260E-03  1.13043E-03  6.17973E-04
  3.49732E-04  2.04931E-04  1.24014E-04  7.72140E-05  4.92546E-05  3.20590E-05
  2.12141E-05  1.42273E-05  9.64538E-06  6.59625E-06  4.54262E-06  3.14588E-06
  2.18837E-06  1.52773E-06  1.06957E-06  7.50520E-07  5.27595E-07  3.71420E-07
  2.61777E-07  1.84670E-07  1.30370E-07  9.20903E-08  6.50807E-08  4.60100E-08
  3.25374E-08  2.30153E-08  1.62830E-08  1.15218E-08  8.15383E-09  5.77097E-09
  4.08483E-09  2.89155E-09  2.04699E-09  1.44919E-09  1.02602E-09  7.26447E-10
  5.14367E-10  3.64216E-10  2.57908E-10  1.82636E-10  1.29338E-10  9.15985E-11
  6.48737E-11  4.59485E-11  3.25459E-11  2.30541E-11  1.63315E-11  1.15700E-11
  8.19732E-12  5.80826E-12  4.11584E-12  2.91684E-12  2.06734E-12  1.46542E-12

  jn =  12
  3.43523E-02  1.96712E-02  1.08978E-02  5.94724E-03  3.27056E-03  1.83358E-03
  1.05645E-03  6.27027E-04  3.82988E-04  2.40073E-04  1.53892E-04  1.00518E-04
  6.66805E-05  4.47987E-05  3.04095E-05  2.08150E-05  1.43437E-05  9.93788E-06
  6.91526E-06  4.82872E-06  3.38115E-06  2.37280E-06  1.66813E-06  1.17440E-06
  8.27740E-07  5.83935E-07  4.12238E-07  2.91193E-07  2.05785E-07  1.45481E-07
  1.02878E-07  7.27686E-08  5.14808E-08  3.64260E-08  2.57769E-08  1.82428E-08
  1.29118E-08  9.13924E-09  6.46929E-09  4.57956E-09  3.24195E-09  2.29511E-09
  1.62486E-09  1.15037E-09  8.14462E-10  5.76654E-10  4.08291E-10  2.89091E-10
  2.04697E-10  1.44943E-10  1.02635E-10  7.26787E-11  5.14673E-11  3.64476E-11
  2.58121E-11  1.82807E-11  1.29473E-11  9.17036E-12  6.49551E-12  4.60112E-12

  jn =  13
  5.95956E-02  3.92222E-02  2.51921E-02  1.50975E-02  8.82183E-03  5.18962E-03
  3.08346E-03  1.87114E-03  1.16150E-03  7.36703E-04  4.76273E-04  3.12978E-04
  2.08527E-04  1.40539E-04  9.56158E-05  6.55556E-05  4.52279E-05  3.13620E-05
  2.18363E-05  1.52542E-05  1.06844E-05  7.49964E-06  5.27321E-06  3.71284E-06
  2.61707E-06  1.84632E-06  1.30348E-06  9.20758E-07  6.50703E-07  4.60019E-07
  3.25307E-07  2.30097E-07  1.62782E-07  1.15177E-07  8.15034E-08  5.76802E-08
  4.08235E-08  2.88948E-08  2.04527E-08  1.44777E-08  1.02485E-08  7.25497E-09
  5.13594E-09  3.63590E-09  2.57402E-09  1.82230E-09  1.29013E-09  9.13381E-10
  6.46662E-10  4.57834E-10  3.24149E-10  2.29503E-10  1.62494E-10  1.15052E-10
  8.14627E-11  5.76808E-11  4.08425E-11  2.89203E-11  2.04788E-11  1.45016E-11

  jn =  14
  7.62765E-02  5.86716E-02  4.69288E-02  3.27522E-02  2.12800E-02  1.34549E-02
  8.50465E-03  5.35980E-03  3.42147E-03  2.21333E-03  1.45113E-03  9.63232E-04
  6.46542E-04  4.38134E-04  2.99283E-04  2.05791E-04  1.42278E-04  9.88073E-05
  6.88703E-05  4.81476E-05  3.37422E-05  2.36936E-05  1.66642E-05  1.17355E-05
  8.27312E-06  5.83717E-06  4.12125E-06  2.91133E-06  2.05751E-06  1.45460E-06
  1.02865E-06  7.27592E-07  5.14737E-07  3.64204E-07  2.57723E-07  1.82390E-07
  1.29087E-07  9.13665E-08  6.46714E-08  4.57777E-08  3.24047E-08  2.29390E-08
  1.62386E-08  1.14955E-08  8.13797E-09  5.76114E-09  4.07854E-09  2.88738E-09
  2.04413E-09  1.44715E-09  1.02453E-09  7.25333E-10  5.13515E-10  3.63557E-10
  2.57392E-10  1.82230E-10  1.29018E-10  9.13449E-11  6.46730E-11  4.57895E-11

  jn =  15
  9.09691E-02  7.67473E-02  6.36517E-02  5.11853E-02  4.11867E-02  3.07875E-02
  2.12218E-02  1.42949E-02  9.59511E-03  6.42585E-03  4.30972E-03  2.90858E-03
  1.97643E-03  1.35172E-03  9.29659E-04  6.42453E-04  4.45792E-04  3.10405E-04
  2.16767E-04  1.51749E-04  1.06450E-04  7.48000E-05  5.26341E-05  3.70795E-05
  2.61462E-05  1.84509E-05  1.30286E-05  9.20446E-06  6.50543E-06  4.59935E-06
  3.25262E-06  2.30071E-06  1.62767E-06  1.15167E-06  8.14966E-07  5.76752E-07
  4.08196E-07  2.88917E-07  2.04502E-07  1.44756E-07  1.02468E-07  7.25359E-08
  5.13480E-08  3.63497E-08  2.57326E-08  1.82167E-08  1.28962E-08  9.12965E-09
  6.46323E-09  4.57560E-09  3.23927E-09  2.29324E-09  1.62350E-09  1.14936E-09
  8.13697E-10  5.76064E-10  4.07830E-10  2.88729E-10  2.04410E-10  1.44716E-10

 Neutral n=8 / n=1 (jt,jn)
  jn =   1
  3.98615E-98  3.20791E-79  3.25006E-64  2.62526E-52  7.33035E-43  2.27032E-35
  1.97040E-29  1.00118E-24  5.35033E-21  4.79187E-18  1.04191E-15  7.38571E-14
  2.15802E-12  3.13208E-11  2.61883E-10  1.41897E-09  5.46873E-09  1.61352E-08
  3.86114E-08  7.83969E-08  1.39866E-07  2.25232E-07  3.34159E-07  4.63878E-07
  6.09603E-07  7.65063E-07  9.23141E-07  1.07656E-06  1.21860E-06  1.34368E-06
  1.44780E-06  1.52873E-06  1.58586E-06  1.61998E-06  1.63289E-06  1.62704E-06
  1.60514E-06  1.56996E-06  1.52417E-06  1.47016E-06  1.41007E-06  1.34573E-06
  1.27872E-06  1.21031E-06  1.14159E-06  1.07340E-06  1.00645E-06  9.41257E-07
  8.78242E-07  8.17705E-07  7.59858E-07  7.04839E-07  6.52724E-07  6.03540E-07
  5.57273E-07  5.13876E-07  4.73279E-07  4.35391E-07  4.00107E-07  3.67314E-07

  jn =   2
  1.21678E-97  9.51767E-79  9.32048E-64  7.25171E-52  1.94760E-42  5.80436E-35
  4.85663E-29  2.38614E-24  1.23760E-20  1.08018E-17  2.29850E-15  1.60101E-13
  4.61358E-12  6.62413E-11  5.49210E-10  2.95554E-09  1.13239E-08  3.32309E-08
  7.91144E-08  1.59861E-07  2.83985E-07  4.55774E-07  6.74799E-07  9.36349E-07
  1.23224E-06  1.55168E-06  1.88213E-06  2.21038E-06  2.52359E-06  2.81047E-06
  3.06210E-06  3.27248E-06  3.43858E-06  3.56005E-06  3.63863E-06  3.67755E-06
  3.68094E-06  3.65329E-06  3.59915E-06  3.52287E-06  3.42845E-06  3.31952E-06
  3.19927E-06  3.07052E-06  2.93572E-06  2.79698E-06  2.65613E-06  2.51471E-06
  2.37406E-06  2.23529E-06  2.09933E-06  1.96697E-06  1.83881E-06  1.71537E-06
  1.59701E-06  1.48401E-06  1.37656E-06  1.27474E-06  1.17859E-06  1.08809E-06

  jn =   3
  3.57572E-97  2.66454E-78  2.47868E-63  1.83359E-51  4.69937E-42  1.34387E-34
  1.08595E-28  5.18808E-24  2.63392E-20  2.26381E-17  4.76751E-15  3.29905E-13
  9.46729E-12  1.35507E-10  1.11979E-09  5.99943E-09  2.28445E-08  6.64906E-08
  1.56695E-07  3.12913E-07  5.48788E-07  8.69256E-07  1.27074E-06  1.74308E-06
  2.27175E-06  2.83942E-06  3.42712E-06  4.01523E-06  4.58465E-06  5.11803E-06
  5.60104E-06  6.02316E-06  6.37801E-06  6.66310E-06  6.87922E-06  7.02965E-06
  7.11929E-06  7.15393E-06  7.13974E-06  7.08283E-06  6.98899E-06  6.86362E-06
  6.71160E-06  6.53734E-06  6.34476E-06  6.13735E-06  5.91822E-06  5.69012E-06
  5.45552E-06  5.21658E-06  4.97527E-06  4.73331E-06  4.49224E-06  4.25344E-06
  4.01813E-06  3.78736E-06  3.56207E-06  3.34306E-06  3.13103E-06  2.92653E-06

  jn =   4
  1.05173E-96  7.42822E-78  6.54677E-63  4.60612E-51  1.12997E-41  3.11587E-34
  2.44559E-28  1.14210E-23  5.69677E-20  4.82792E-17  1.00473E-14  6.87706E-13
  1.95223E-11  2.76279E-10  2.25567E-09  1.19299E-08  4.48084E-08  1.28554E-07
  2.98455E-07  5.86880E-07  1.01323E-06  1.57981E-06  2.27391E-06  3.07309E-06
  3.95023E-06  4.87688E-06  5.82499E-06  6.76770E-06  7.68007E-06  8.54000E-06
  9.32923E-06  1.00341E-05  1.06459E-05  1.11607E-05  1.15787E-05  1.19030E-05
  1.21393E-05  1.22943E-05  1.23754E-05  1.23903E-05  1.23462E-05  1.22501E-05
  1.21083E-05  1.19266E-05  1.17104E-05  1.14643E-05  1.11926E-05  1.08993E-05
  1.05878E-05  1.02611E-05  9.92228E-06  9.57380E-06  9.21805E-06  8.85717E-06
  8.49315E-06  8.12778E-06  7.76271E-06  7.39947E-06  7.03944E-06  6.68390E-06

  jn =   5
  3.28376E-96  2.21511E-77  1.85336E-62  1.23635E-50  2.88101E-41  7.57178E-34
  5.68597E-28  2.54998E-23  1.22562E-19  1.00400E-16  2.02548E-14  1.34765E-12
  3.72848E-11  5.15521E-10  4.12172E-09  2.13934E-08  7.90105E-08  2.23278E-07
  5.11354E-07  9.93140E-07  1.69520E-06  2.61521E-06  3.72688E-06  4.98967E-06
  6.35784E-06  7.78633E-06  9.23354E-06  1.06622E-05  1.20398E-05  1.33386E-05
  1.45365E-05  1.56175E-05  1.65716E-05  1.73941E-05  1.80856E-05  1.86502E-05
  1.90944E-05  1.94266E-05  1.96560E-05  1.97917E-05  1.98430E-05  1.98184E-05
  1.97259E-05  1.95730E-05  1.93664E-05  1.91122E-05  1.88161E-05  1.84831E-05
  1.81177E-05  1.77242E-05  1.73064E-05  1.68675E-05  1.64109E-05  1.59395E-05
  1.54557E-05  1.49622E-05  1.44611E-05  1.39544E-05  1.34443E-05  1.29324E-05

  jn =   6
  1.07727E-95  6.96386E-77  5.50314E-62  3.43590E-50  7.46634E-41  1.83144E-33
  1.28871E-27  5.44662E-23  2.48277E-19  1.94094E-16  3.75835E-14  2.41253E-12
  6.46899E-11  8.70426E-10  6.79734E-09  3.45748E-08  1.25516E-07  3.49610E-07
  7.91135E-07  1.52152E-06  2.57657E-06  3.94978E-06  5.60044E-06  7.46808E-06
  9.48562E-06  1.15878E-05  1.37153E-05  1.58158E-05  1.78444E-05  1.97638E-05
  2.15447E-05  2.31658E-05  2.46137E-05  2.58824E-05  2.69718E-05  2.78869E-05
  2.86359E-05  2.92293E-05  2.96788E-05  2.99964E-05  3.01940E-05  3.02831E-05
  3.02744E-05  3.01780E-05  3.00029E-05  2.97575E-05  2.94495E-05  2.90856E-05
  2.86722E-05  2.82149E-05  2.77189E-05  2.71887E-05  2.66286E-05  2.60426E-05
  2.54341E-05  2.48064E-05  2.41625E-05  2.35052E-05  2.28370E-05  2.21603E-05

  jn =   7
  3.65027E-95  2.26738E-76  1.69323E-61  9.86156E-50  1.98472E-40  4.50109E-33
  2.93487E-27  1.15492E-22  4.93288E-19  3.63903E-16  6.69759E-14  4.11481E-12
  1.06273E-10  1.38511E-09  1.05298E-08  5.23684E-08  1.86608E-07  5.11983E-07
  1.14483E-06  2.18192E-06  3.67108E-06  5.60403E-06  7.92795E-06  1.05643E-05
  1.34254E-05  1.64242E-05  1.94801E-05  2.25202E-05  2.54803E-05  2.83061E-05
  3.09536E-05  3.33898E-05  3.55927E-05  3.75503E-05  3.92596E-05  4.07245E-05
  4.19541E-05  4.29611E-05  4.37602E-05  4.43674E-05  4.47985E-05  4.50693E-05
  4.51948E-05  4.51889E-05  4.50648E-05  4.48346E-05  4.45094E-05  4.40995E-05
  4.36141E-05  4.30619E-05  4.24505E-05  4.17872E-05  4.10783E-05  4.03298E-05
  3.95470E-05  3.87347E-05  3.78974E-05  3.70389E-05  3.61628E-05  3.52724E-05

  jn =   8
  1.30794E-94  7.89031E-76  5.63834E-61  3.09203E-49  5.77359E-40  1.20252E-32
  7.17690E-27  2.59313E-22  1.02423E-18  7.04701E-16  1.21962E-13  7.09764E-12
  1.74774E-10  2.18501E-09  1.60258E-08  7.73279E-08  2.68785E-07  7.23032E-07
  1.59272E-06  3.00352E-06  5.01985E-06  7.63841E-06  1.08029E-05  1.44253E-05
  1.84032E-05  2.26305E-05  2.70020E-05  3.14168E-05  3.57805E-05  4.00081E-05
  4.40267E-05  4.77777E-05  5.12175E-05  5.43180E-05  5.70643E-05  5.94534E-05
  6.14916E-05  6.31921E-05  6.45728E-05  6.56549E-05  6.64609E-05  6.70143E-05
  6.73381E-05  6.74547E-05  6.73853E-05  6.71497E-05  6.67665E-05  6.62524E-05
  6.56229E-05  6.48920E-05  6.40721E-05  6.31745E-05  6.22093E-05  6.11855E-05
  6.01111E-05  5.89934E-05  5.78388E-05  5.66533E-05  5.54420E-05  5.42099E-05

  jn =   9
  4.94523E-94  2.93062E-75  2.03367E-60  1.06592E-48  1.86896E-39  3.60346E-32
  1.97471E-26  6.52937E-22  2.35824E-18  1.48531E-15  2.36128E-13  1.27010E-11
  2.91598E-10  3.43398E-09  2.39787E-08  1.11277E-07  3.75380E-07  9.87754E-07
  2.14291E-06  4.00314E-06  6.66088E-06  1.01328E-05  1.43754E-05  1.93060E-05
  2.48172E-05  3.07861E-05  3.70782E-05  4.35527E-05  5.00678E-05  5.64876E-05
  6.26888E-05  6.85667E-05  7.40383E-05  7.90433E-05  8.35435E-05  8.75200E-05
  9.09702E-05  9.39043E-05  9.63416E-05  9.83083E-05  9.98343E-05  1.00952E-04
  1.01694E-04  1.02093E-04  1.02181E-04  1.01989E-04  1.01544E-04  1.00875E-04
  1.00006E-04  9.89601E-05  9.77603E-05  9.64264E-05  9.49769E-05  9.34290E-05
  9.17985E-05  9.00994E-05  8.83446E-05  8.65456E-05  8.47126E-05  8.28546E-05

  jn =  10
  1.94741E-93  1.13059E-74  7.65356E-60  3.88127E-48  6.50684E-39  1.18343E-31
  6.02922E-26  1.82730E-21  5.98589E-18  3.40561E-15  4.90445E-13  2.40943E-11
  5.11038E-10  5.63041E-09  3.72365E-08  1.65481E-07  5.39732E-07  1.38455E-06
  2.94948E-06  5.44457E-06  9.00125E-06  1.36690E-05  1.94323E-05  2.62284E-05
  3.39574E-05  4.24867E-05  5.16529E-05  6.12671E-05  7.11242E-05  8.10145E-05
  9.07363E-05  1.00107E-04  1.08971E-04  1.17205E-04  1.24719E-04  1.31453E-04
  1.37377E-04  1.42484E-04  1.46790E-04  1.50321E-04  1.53118E-04  1.55228E-04
  1.56703E-04  1.57597E-04  1.57964E-04  1.57856E-04  1.57324E-04  1.56416E-04
  1.55175E-04  1.53642E-04  1.51854E-04  1.49843E-04  1.47641E-04  1.45273E-04
  1.42763E-04  1.40135E-04  1.37405E-04  1.34594E-04  1.31716E-04  1.28786E-04

  jn =  11
  7.64142E-93  4.33818E-74  2.86091E-59  1.40818E-47  2.27974E-38  3.97064E-31
  1.91425E-25  5.41101E-21  1.64460E-17  8.63638E-15  1.14316E-12  5.14769E-11
  1.00108E-09  1.01563E-08  6.23275E-08  2.59549E-07  8.01749E-07  1.96871E-06
  4.05482E-06  7.30188E-06  1.18675E-05  1.78301E-05  2.52076E-05  3.39720E-05
  4.40532E-05  5.53373E-05  6.76644E-05  8.08324E-05  9.46057E-05  1.08729E-04
  1.22944E-04  1.37001E-04  1.50671E-04  1.63758E-04  1.76096E-04  1.87556E-04
  1.98040E-04  2.07482E-04  2.15843E-04  2.23106E-04  2.29276E-04  2.34372E-04
  2.38426E-04  2.41483E-04  2.43593E-04  2.44815E-04  2.45211E-04  2.44845E-04
  2.43785E-04  2.42098E-04  2.39851E-04  2.37110E-04  2.33937E-04  2.30392E-04
  2.26532E-04  2.22408E-04  2.18070E-04  2.13559E-04  2.08916E-04  2.04173E-04

  jn =  12
  2.69776E-92  1.55750E-73  1.02285E-58  4.97864E-47  7.86907E-38  1.33612E-30
  6.23410E-25  1.69448E-20  4.88272E-17  2.38719E-14  2.86878E-12  1.14377E-10
  1.95732E-09  1.75863E-08  9.73602E-08  3.72769E-07  1.07836E-06  2.52001E-06
  5.00536E-06  8.78338E-06  1.40223E-05  2.08190E-05  2.92179E-05  3.92219E-05
  5.07920E-05  6.38431E-05  7.82385E-05  9.37930E-05  1.10281E-04  1.27451E-04
  1.45039E-04  1.62788E-04  1.80454E-04  1.97819E-04  2.14695E-04  2.30924E-04
  2.46376E-04  2.60951E-04  2.74569E-04  2.87173E-04  2.98722E-04  3.09187E-04
  3.18552E-04  3.26808E-04  3.33954E-04  3.39996E-04  3.44945E-04  3.48818E-04
  3.51635E-04  3.53423E-04  3.54214E-04  3.54045E-04  3.52957E-04  3.50998E-04
  3.48221E-04  3.44682E-04  3.40441E-04  3.35562E-04  3.30113E-04  3.24160E-04

  jn =  13
  8.15818E-92  5.13372E-73  3.47426E-58  1.73288E-46  2.85340E-37  4.66500E-30
  2.15696E-24  5.66673E-20  1.53666E-16  6.76396E-14  6.94329E-12  2.32049E-10
  3.37320E-09  2.65922E-08  1.32528E-07  4.70467E-07  1.28540E-06  2.88559E-06
  5.56941E-06  9.60509E-06  1.51601E-05  2.23394E-05  3.11991E-05  4.17563E-05
  5.39870E-05  6.78213E-05  8.31368E-05  9.97615E-05  1.17482E-04  1.36059E-04
  1.55238E-04  1.74770E-04  1.94423E-04  2.13987E-04  2.33281E-04  2.52156E-04
  2.70490E-04  2.88188E-04  3.05179E-04  3.21409E-04  3.36839E-04  3.51443E-04
  3.65201E-04  3.78100E-04  3.90131E-04  4.01285E-04  4.11556E-04  4.20936E-04
  4.29418E-04  4.36993E-04  4.43651E-04  4.49384E-04  4.54182E-04  4.58036E-04
  4.60938E-04  4.62884E-04  4.63869E-04  4.63896E-04  4.62969E-04  4.61099E-04

  jn =  14
  1.83545E-91  1.31750E-72  9.91371E-58  5.42307E-46  9.67764E-37  1.80642E-29
  7.91266E-24  2.11638E-19  5.29691E-16  2.03674E-13  1.66623E-11  4.59225E-10
  5.77233E-09  4.10038E-08  1.88107E-07  6.22167E-07  1.61583E-06  3.48019E-06
  6.49835E-06  1.08471E-05  1.66795E-05  2.40297E-05  3.29898E-05  4.35856E-05
  5.59997E-05  7.00902E-05  8.57229E-05  1.02724E-04  1.20880E-04  1.39956E-04
  1.59702E-04  1.79876E-04  2.00251E-04  2.20625E-04  2.40824E-04  2.60708E-04
  2.80164E-04  2.99107E-04  3.17476E-04  3.35228E-04  3.52337E-04  3.68789E-04
  3.84576E-04  3.99698E-04  4.14161E-04  4.27969E-04  4.41128E-04  4.53644E-04
  4.65522E-04  4.76764E-04  4.87370E-04  4.97338E-04  5.06662E-04  5.15334E-04
  5.23343E-04  5.30677E-04  5.37318E-04  5.43249E-04  5.48450E-04  5.52900E-04

  jn =  15
  2.74998E-91  2.17847E-72  2.05259E-57  1.42964E-45  2.87337E-36  5.31245E-29
  2.79340E-23  8.19007E-19  2.04417E-15  6.56227E-13  5.04364E-11  1.17189E-09
  1.40448E-08  8.80018E-08  3.73895E-07  1.16573E-06  2.83687E-06  5.66275E-06
  9.86460E-06  1.55002E-05  2.25492E-05  3.08132E-05  4.04447E-05  5.14597E-05
  6.37179E-05  7.73114E-05  9.21050E-05  1.08147E-04  1.25339E-04  1.44014E-04
  1.63586E-04  1.83713E-04  2.04125E-04  2.24603E-04  2.44963E-04  2.65062E-04
  2.84786E-04  3.04054E-04  3.22805E-04  3.41003E-04  3.58624E-04  3.75661E-04
  3.92113E-04  4.07988E-04  4.23296E-04  4.38052E-04  4.52272E-04  4.65971E-04
  4.79164E-04  4.91866E-04  5.04088E-04  5.15841E-04  5.27133E-04  5.37972E-04
  5.48360E-04  5.58300E-04  5.67791E-04  5.76830E-04  5.85411E-04  5.93527E-04

 Continuum n=8 / n=1 (jt,jn)
  jn =   1
  9.41854E-09  6.20551E-09  4.17845E-09  2.86954E-09  2.00366E-09  1.41776E-09
  1.01337E-09  7.29667E-10  5.28039E-10  3.83344E-10  2.78787E-10  2.02889E-10
  1.47648E-10  1.07391E-10  7.80517E-11  5.66806E-11  4.11298E-11  2.98280E-11
  2.16241E-11  1.56754E-11  1.13653E-11  8.24386E-12  5.98359E-12  4.34655E-12
  3.16028E-12  2.30002E-12  1.67558E-12  1.22184E-12  8.91762E-13  6.51379E-13
  4.76124E-13  3.48222E-13  2.54793E-13  1.86492E-13  1.36526E-13  9.99553E-14
  7.31777E-14  5.35661E-14  3.92011E-14  2.86791E-14  2.09731E-14  1.53305E-14
  1.12003E-14  8.17831E-15  5.96816E-15  4.35263E-15  3.17242E-15  2.31075E-15
  1.68204E-15  1.22361E-15  8.89561E-16  6.46306E-16  4.69285E-16  3.40546E-16
  2.46982E-16  1.79024E-16  1.29694E-16  9.39073E-17  6.79607E-17  4.91590E-17

  jn =   2
  8.44680E-08  5.00774E-08  3.05667E-08  1.91772E-08  1.23291E-08  8.09430E-09
  5.40805E-09  3.66564E-09  2.51365E-09  1.73970E-09  1.21283E-09  8.50306E-10
  5.98742E-10  4.23010E-10  2.99623E-10  2.12651E-10  1.51168E-10  1.07607E-10
  7.66916E-11  5.47213E-11  3.90898E-11  2.79563E-11  2.00183E-11  1.43526E-11
  1.03041E-11  7.40775E-12  5.33295E-12  3.84468E-12  2.77563E-12  2.00661E-12
  1.45260E-12  1.05291E-12  7.64130E-13  5.55192E-13  4.03813E-13  2.93993E-13
  2.14225E-13  1.56218E-13  1.13992E-13  8.32238E-14  6.07859E-14  4.44110E-14
  3.24536E-14  2.37177E-14  1.73330E-14  1.26656E-14  9.25313E-15  6.75812E-15
  4.93407E-15  3.60079E-15  2.62650E-15  1.91480E-15  1.39515E-15  1.01591E-15
  7.39286E-16  5.37640E-16  3.90740E-16  2.83792E-16  2.05983E-16  1.49412E-16

  jn =   3
  6.26903E-07  3.34711E-07  1.85581E-07  1.06816E-07  6.36457E-08  3.91058E-08
  2.46733E-08  1.59202E-08  1.04660E-08  6.98686E-09  4.72302E-09  3.22517E-09
  2.22034E-09  1.53856E-09  1.07170E-09  7.49638E-10  5.26131E-10  3.70282E-10
  2.61195E-10  1.84604E-10  1.30692E-10  9.26645E-11  6.57936E-11  4.67761E-11
  3.32978E-11  2.37327E-11  1.69361E-11  1.21008E-11  8.65678E-12  6.20069E-12
  4.44703E-12  3.19339E-12  2.29608E-12  1.65301E-12  1.19155E-12  8.60003E-13
  6.21476E-13  4.49651E-13  3.25716E-13  2.36208E-13  1.71483E-13  1.24622E-13
  9.06527E-14  6.60011E-14  4.80915E-14  3.50666E-14  2.55852E-14  1.86772E-14
  1.36400E-14  9.96461E-15  7.28116E-15  5.32098E-15  3.88858E-15  2.84156E-15
  2.07610E-15  1.51645E-15  1.10729E-15  8.08193E-16  5.89603E-16  4.29902E-16

  jn =   4
  3.36228E-06  1.67792E-06  8.73189E-07  4.74673E-07  2.69011E-07  1.58317E-07
  9.62975E-08  6.02469E-08  3.85937E-08  2.52114E-08  1.67357E-08  1.12554E-08
  7.65017E-09  5.24419E-09  3.61960E-09  2.51208E-09  1.75117E-09  1.22510E-09
  8.59563E-10  6.04524E-10  4.25995E-10  3.00688E-10  2.12542E-10  1.50423E-10
  1.06578E-10  7.55908E-11  5.36646E-11  3.81337E-11  2.71220E-11  1.93074E-11
  1.37568E-11  9.81082E-12  7.00323E-12  5.00387E-12  3.57882E-12  2.56218E-12
  1.83624E-12  1.31738E-12  9.46161E-13  6.80299E-13  4.89693E-13  3.52893E-13
  2.54601E-13  1.83897E-13  1.32980E-13  9.62692E-14  6.97700E-14  5.06195E-14
  3.67636E-14  2.67270E-14  1.94486E-14  1.41648E-14  1.03248E-14  7.53136E-15
  5.49728E-15  4.01484E-15  2.93356E-15  2.14431E-15  1.56785E-15  1.14657E-15

  jn =   5
  1.41215E-05  6.82746E-06  3.43682E-06  1.80954E-06  9.96288E-07  5.71779E-07
  3.40466E-07  2.09264E-07  1.32105E-07  8.52645E-08  5.60426E-08  3.73852E-08
  2.52399E-08  1.72057E-08  1.18203E-08  8.17137E-09  5.67716E-09  3.96012E-09
  2.77132E-09  1.94444E-09  1.36715E-09  9.62918E-10  6.79171E-10  4.79606E-10
  3.39022E-10  2.39856E-10  1.69828E-10  1.20329E-10  8.53120E-11  6.05226E-11
  4.29618E-11  3.05142E-11  2.16858E-11  1.54210E-11  1.09727E-11  7.81262E-12
  5.56631E-12  3.96864E-12  2.83161E-12  2.02189E-12  1.44487E-12  1.03340E-12
  7.39754E-13  5.30035E-13  3.80131E-13  2.72892E-13  1.96105E-13  1.41072E-13
  1.01591E-13  7.32389E-14  5.28575E-14  3.81903E-14  2.76236E-14  2.00027E-14
  1.45001E-14  1.05225E-14  7.64400E-15  5.55853E-15  4.04592E-15  2.94763E-15

  jn =   6
  5.10346E-05  2.44715E-05  1.21600E-05  6.30706E-06  3.42100E-06  1.93679E-06
  1.13980E-06  6.93740E-07  4.34457E-07  2.78604E-07  1.82170E-07  1.21014E-07
  8.14232E-08  5.53519E-08  3.79407E-08  2.61789E-08  1.81592E-08  1.26497E-08
  8.84173E-09  6.19685E-09  4.35261E-09  3.06260E-09  2.15798E-09  1.52232E-09
  1.07492E-09  7.59611E-10  5.37147E-10  3.80051E-10  2.69034E-10  1.90531E-10
  1.34990E-10  9.56759E-11  6.78367E-11  4.81153E-11  3.41398E-11  2.42325E-11
  1.72069E-11  1.22230E-11  8.68636E-12  6.17574E-12  4.39282E-12  3.12618E-12
  2.22595E-12  1.58585E-12  1.13050E-12  8.06406E-13  5.75614E-13  4.11168E-13
  2.93924E-13  2.10279E-13  1.50563E-13  1.07900E-13  7.73957E-14  5.55680E-14
  3.99354E-14  2.87297E-14  2.06896E-14  1.49154E-14  1.07643E-14  7.77700E-15

  jn =   7
  1.68792E-04  8.13194E-05  4.03995E-05  2.08712E-05  1.12541E-05  6.33150E-06
  3.70462E-06  2.24377E-06  1.39954E-06  8.94591E-07  5.83439E-07  3.86781E-07
  2.59818E-07  1.76393E-07  1.20779E-07  8.32644E-08  5.77151E-08  4.01796E-08
  2.80690E-08  1.96630E-08  1.38049E-08  9.70917E-09  6.83829E-09  4.82178E-09
  3.40304E-09  2.40353E-09  1.69863E-09  1.20106E-09  8.49603E-10  6.01205E-10
  4.25563E-10  3.01318E-10  2.13400E-10  1.51169E-10  1.07110E-10  7.59085E-11
  5.38077E-11  3.81500E-11  2.70547E-11  1.91909E-11  1.36162E-11  9.66342E-12
  6.86010E-12  4.87149E-12  3.46046E-12  2.45900E-12  1.74802E-12  1.24311E-12
  8.84425E-13  6.29526E-13  4.48314E-13  3.19434E-13  2.27733E-13  1.62455E-13
  1.15963E-13  8.28327E-14  5.92103E-14  4.23567E-14  3.03246E-14  2.17287E-14

  jn =   8
  5.28860E-04  2.57630E-04  1.28910E-04  6.68297E-05  3.60635E-05  2.02717E-05
  1.18421E-05  7.15987E-06  4.45884E-06  2.84638E-06  1.85444E-06  1.22836E-06
  8.24615E-07  5.59555E-07  3.82978E-07  2.63932E-07  1.82894E-07  1.27294E-07
  8.89066E-08  6.22687E-08  4.37090E-08  3.07355E-08  2.16433E-08  1.52580E-08
  1.07663E-08  7.60233E-09  5.37135E-09  3.79686E-09  2.68494E-09  1.89925E-09
  1.34383E-09  9.51050E-10  6.73202E-10  4.76608E-10  3.37475E-10  2.38992E-10
  1.69271E-10  1.19904E-10  8.49461E-11  6.01876E-11  4.26508E-11  3.02278E-11
  2.14264E-11  1.51900E-11  1.07705E-11  7.63826E-12  5.41793E-12  3.84381E-12
  2.72764E-12  1.93605E-12  1.37455E-12  9.76166E-13  6.93459E-13  4.92788E-13
  3.50310E-13  2.49122E-13  1.77234E-13  1.26146E-13  8.98269E-14  6.39966E-14

  jn =   9
  1.59101E-03  7.87632E-04  3.99125E-04  2.08823E-04  1.13356E-04  6.39313E-05
  3.74104E-05  2.26384E-05  1.41049E-05  9.00655E-06  5.86872E-06  3.88767E-06
  2.60988E-06  1.77095E-06  1.21205E-06  8.35258E-07  5.78767E-07  4.02799E-07
  2.81313E-07  1.97016E-07  1.38285E-07  9.72335E-08  6.84650E-08  4.82624E-08
  3.40517E-08  2.40424E-08  1.69850E-08  1.20048E-08  8.48793E-09  6.00315E-09
  4.24680E-09  3.00490E-09  2.12652E-09  1.50512E-09  1.06542E-09  7.54250E-10
  5.34011E-10  3.78112E-10  2.67747E-10  1.89610E-10  1.34285E-10  9.51106E-11
  6.73692E-11  4.77230E-11  3.38089E-11  2.39536E-11  1.69727E-11  1.20275E-11
  8.52404E-12  6.04181E-12  4.28295E-12  3.03654E-12  2.15317E-12  1.52703E-12
  1.08317E-12  7.68464E-13  5.45308E-13  3.87042E-13  2.74776E-13  1.95126E-13

  jn =  10
  4.55524E-03  2.31985E-03  1.19931E-03  6.36928E-04  3.49561E-04  1.98686E-04
  1.16897E-04  7.10052E-05  4.43547E-05  2.83728E-05  1.85105E-05  1.22725E-05
  8.24371E-06  5.59612E-06  3.83113E-06  2.64066E-06  1.83002E-06  1.27373E-06
  8.89622E-07  6.23061E-07  4.37332E-07  3.07506E-07  2.16523E-07  1.52629E-07
  1.07685E-07  7.60292E-08  5.37095E-08  3.79592E-08  2.68374E-08  1.89796E-08
  1.34257E-08  9.49875E-09  6.72143E-09  4.75676E-09  3.36670E-09  2.38306E-09
  1.68693E-09  1.19422E-09  8.45465E-10  5.98589E-10  4.23820E-10  3.00090E-10
  2.12491E-10  1.50469E-10  1.06555E-10  7.54603E-11  5.34421E-11  3.78503E-11
  2.68088E-11  1.89894E-11  1.34515E-11  9.52922E-12  6.75112E-12  4.78331E-12
  3.38936E-12  2.40185E-12  1.70223E-12  1.20653E-12  8.55277E-13  6.06362E-13

  jn =  11
  1.16958E-02  6.36085E-03  3.43233E-03  1.87665E-03  1.05108E-03  6.06103E-04
  3.60301E-04  2.20476E-04  1.38445E-04  8.88920E-05  5.81493E-05  3.86275E-05
  2.59828E-05  1.76555E-05  1.20955E-05  8.34118E-06  5.78259E-06  4.02581E-06
  2.81226E-06  1.96985E-06  1.38276E-06  9.72330E-07  6.84664E-07  4.82635E-07
  3.40518E-07  2.40417E-07  1.69837E-07  1.20031E-07  8.48605E-08  6.00125E-08
  4.24499E-08  3.00324E-08  2.12504E-08  1.50381E-08  1.06430E-08  7.53294E-09
  5.33205E-09  3.77438E-09  2.67188E-09  1.89149E-09  1.33908E-09  9.48028E-10
  6.71193E-10  4.75208E-10  3.36458E-10  2.38226E-10  1.68677E-10  1.19436E-10
  8.45715E-11  5.98860E-11  4.24071E-11  3.00306E-11  2.12669E-11  1.50613E-11
  1.06668E-11  7.55484E-12  5.35102E-12  3.79026E-12  2.68489E-12  1.90200E-12

  jn =  12
  2.60247E-02  1.55861E-02  9.08010E-03  5.23030E-03  3.03872E-03  1.79683E-03
  1.08744E-03  6.74069E-04  4.27275E-04  2.76228E-04  1.81598E-04  1.21067E-04
  8.16453E-05  5.55806E-05  3.81275E-05  2.63177E-05  1.82570E-05  1.27165E-05
  8.88616E-06  6.22577E-06  4.37101E-06  3.07395E-06  2.16469E-06  1.52602E-06
  1.07671E-06  7.60209E-07  5.37039E-07  3.79549E-07  2.68337E-07  1.89765E-07
  1.34229E-07  9.49627E-08  6.71927E-08  4.75488E-08  3.36510E-08  2.38170E-08
  1.68578E-08  1.19327E-08  8.44676E-09  5.97939E-09  4.23287E-09  2.99656E-09
  2.12139E-09  1.50185E-09  1.06325E-09  7.52757E-10  5.32940E-10  3.77319E-10
  2.67144E-10  1.89141E-10  1.33917E-10  9.48179E-11  6.71355E-11  4.75359E-11
  3.36588E-11  2.38333E-11  1.68764E-11  1.19504E-11  8.46252E-12  5.99276E-12

  jn =  13
  4.50927E-02  3.10487E-02  2.09743E-02  1.32713E-02  8.19434E-03  5.08405E-03
  3.17282E-03  2.01090E-03  1.29531E-03  8.47281E-04  5.61788E-04  3.76840E-04
  2.55269E-04  1.74337E-04  1.19872E-04  8.28801E-05  5.75644E-05  4.01293E-05
  2.80590E-05  1.96671E-05  1.38121E-05  9.71562E-06  6.84283E-06  4.82444E-06
  3.40422E-06  2.40367E-06  1.69810E-06  1.20015E-06  8.48507E-07  6.00058E-07
  4.24449E-07  3.00284E-07  2.12471E-07  1.50354E-07  1.06407E-07  7.53103E-08
  5.33045E-08  3.77305E-08  2.67078E-08  1.89058E-08  1.33833E-08  9.47415E-09
  6.70693E-09  4.74803E-09  3.36131E-09  2.37962E-09  1.68466E-09  1.19267E-09
  8.44363E-10  5.97782E-10  4.23214E-10  2.99627E-10  2.12131E-10  1.50187E-10
  1.06332E-10  7.52837E-11  5.33017E-11  3.77387E-11  2.67201E-11  1.89188E-11

  jn =  14
  5.74079E-02  4.62628E-02  3.89592E-02  2.87469E-02  1.97499E-02  1.31766E-02
  8.74865E-03  5.75853E-03  3.81393E-03  2.54425E-03  1.71100E-03  1.15950E-03
  7.91365E-04  5.43463E-04  3.75189E-04  2.60169E-04  1.81082E-04  1.26427E-04
  8.84953E-05  6.20757E-05  4.36195E-05  3.06944E-05  2.16244E-05  1.52490E-05
  1.07615E-05  7.59926E-06  5.36894E-06  3.79474E-06  2.68298E-06  1.89743E-06
  1.34216E-06  9.49545E-07  6.71870E-07  4.75447E-07  3.36478E-07  2.38145E-07
  1.68558E-07  1.19310E-07  8.44536E-08  5.97823E-08  4.23192E-08  2.99578E-08
  2.12075E-08  1.50132E-08  1.06282E-08  7.52407E-09  5.32657E-09  3.77090E-09
  2.66959E-09  1.88993E-09  1.33798E-09  9.47230E-10  6.70599E-10  4.74757E-10
  3.36111E-10  2.37955E-10  1.68465E-10  1.19269E-10  8.44395E-11  5.97816E-11

  jn =  15
  6.70761E-02  5.95804E-02  5.22869E-02  4.45966E-02  3.79765E-02  3.00747E-02
  2.18069E-02  1.53476E-02  1.06881E-02  7.38300E-03  5.08020E-03  3.50082E-03
  2.41901E-03  1.67664E-03  1.16542E-03  8.12205E-04  5.67373E-04  3.97171E-04
  2.78536E-04  1.95646E-04  1.37610E-04  9.69010E-05  6.83008E-05  4.81807E-05
  3.40103E-05  2.40207E-05  1.69730E-05  1.19975E-05  8.48302E-06  5.99953E-06
  4.24394E-06  3.00255E-06  2.12455E-06  1.50345E-06  1.06401E-06  7.53063E-07
  5.33016E-07  3.77283E-07  2.67061E-07  1.89045E-07  1.33822E-07  9.47325E-08
  6.70620E-08  4.74743E-08  3.36082E-08  2.37922E-08  1.68433E-08  1.19239E-08
  8.44143E-09  5.97604E-09  4.23070E-09  2.99510E-09  2.12037E-09  1.50112E-09
  1.06271E-09  7.52350E-10  5.32628E-10  3.77077E-10  2.66954E-10  1.88992E-10

 Neutral n=9 / n=1 (jt,jn)
  jn =   1
  2.27145E-98  2.05986E-79  2.27410E-64  1.95124E-52  5.67825E-43  1.80749E-35
  1.59621E-29  8.19479E-25  4.40369E-21  3.95360E-18  8.60113E-16  6.09464E-14
  1.77965E-12  2.58195E-11  2.15941E-10  1.17137E-09  4.52426E-09  1.33921E-08
  3.21864E-08  6.57021E-08  1.17954E-07  1.91292E-07  2.86010E-07  4.00350E-07
  5.30757E-07  6.72250E-07  8.18902E-07  9.64401E-07  1.10265E-06  1.22835E-06
  1.33741E-06  1.42715E-06  1.49636E-06  1.54505E-06  1.57423E-06  1.58557E-06
  1.58109E-06  1.56299E-06  1.53344E-06  1.49450E-06  1.44803E-06  1.39571E-06
  1.33902E-06  1.27922E-06  1.21740E-06  1.15451E-06  1.09134E-06  1.02853E-06
  9.66652E-07  9.06145E-07  8.47377E-07  7.90633E-07  7.36134E-07  6.84040E-07
  6.34460E-07  5.87459E-07  5.43063E-07  5.01267E-07  4.62036E-07  4.25316E-07

  jn =   2
  6.44415E-98  5.56227E-79  5.83643E-64  4.76518E-52  1.32343E-42  4.03699E-35
  3.43255E-29  1.70518E-24  8.91113E-21  7.81810E-18  1.66968E-15  1.16623E-13
  3.36872E-12  4.84847E-11  4.03102E-10  2.17656E-09  8.37348E-09  2.46932E-08
  5.91244E-08  1.20240E-07  2.15116E-07  3.47870E-07  5.19149E-07  7.26307E-07
  9.63867E-07  1.22408E-06  1.49756E-06  1.77401E-06  2.04314E-06  2.29556E-06
  2.52352E-06  2.72145E-06  2.88604E-06  3.01612E-06  3.11225E-06  3.17626E-06
  3.21080E-06  3.21894E-06  3.20388E-06  3.16877E-06  3.11655E-06  3.04992E-06
  2.97133E-06  2.88296E-06  2.78672E-06  2.68432E-06  2.57727E-06  2.46689E-06
  2.35435E-06  2.24070E-06  2.12683E-06  2.01357E-06  1.90160E-06  1.79156E-06
  1.68396E-06  1.57927E-06  1.47788E-06  1.38010E-06  1.28618E-06  1.19632E-06

  jn =   3
  1.74610E-97  1.41606E-78  1.39973E-63  1.08233E-51  2.86643E-42  8.40098E-35
  6.91588E-29  3.35096E-24  1.71970E-20  1.49049E-17  3.15993E-15  2.19886E-13
  6.34156E-12  9.12040E-11  7.57407E-10  4.07939E-09  1.56233E-08  4.57603E-08
  1.08581E-07  2.18424E-07  3.86036E-07  6.16362E-07  9.08398E-07  1.25629E-06
  1.65068E-06  2.07974E-06  2.52996E-06  2.98692E-06  3.43615E-06  3.86422E-06
  4.25965E-06  4.61370E-06  4.92064E-06  5.17765E-06  5.38447E-06  5.54274E-06
  5.65544E-06  5.72633E-06  5.75952E-06  5.75918E-06  5.72931E-06  5.67366E-06
  5.59563E-06  5.49833E-06  5.38451E-06  5.25664E-06  5.11693E-06  4.96734E-06
  4.80964E-06  4.64541E-06  4.47606E-06  4.30290E-06  4.12710E-06  3.94972E-06
  3.77173E-06  3.59403E-06  3.41742E-06  3.24265E-06  3.07040E-06  2.90128E-06

  jn =   4
  4.85722E-97  3.70411E-78  3.45390E-63  2.53577E-51  6.42858E-42  1.81894E-34
  1.45713E-28  6.91718E-24  3.49646E-20  2.99595E-17  6.29327E-15  4.34303E-13
  1.24214E-11  1.77040E-10  1.45552E-09  7.75182E-09  2.93220E-08  8.47330E-08
  1.98174E-07  3.92623E-07  6.83025E-07  1.07313E-06  1.55646E-06  2.11945E-06
  2.74470E-06  3.41316E-06  4.10535E-06  4.80203E-06  5.48483E-06  6.13707E-06
  6.74458E-06  7.29644E-06  7.78528E-06  8.20719E-06  8.56136E-06  8.84933E-06
  9.07441E-06  9.24093E-06  9.35381E-06  9.41811E-06  9.43880E-06  9.42057E-06
  9.36781E-06  9.28449E-06  9.17424E-06  9.04032E-06  8.88566E-06  8.71291E-06
  8.52445E-06  8.32241E-06  8.10875E-06  7.88523E-06  7.65345E-06  7.41488E-06
  7.17086E-06  6.92264E-06  6.67136E-06  6.41806E-06  6.16374E-06  5.90929E-06

  jn =   5
  1.47523E-96  1.06955E-77  9.44108E-63  6.56291E-51  1.58001E-41  4.26338E-34
  3.27152E-28  1.49378E-23  7.28924E-20  6.04903E-17  1.23418E-14  8.29448E-13
  2.31586E-11  3.22943E-10  2.60299E-09  1.36166E-08  5.06741E-08  1.44278E-07
  3.32873E-07  6.51206E-07  1.11951E-06  1.73921E-06  2.49552E-06  3.36342E-06
  4.31345E-06  5.31564E-06  6.34149E-06  7.36474E-06  8.36176E-06  9.31204E-06
  1.01987E-05  1.10091E-05  1.17347E-05  1.23713E-05  1.29180E-05  1.33769E-05
  1.37519E-05  1.40483E-05  1.42721E-05  1.44295E-05  1.45266E-05  1.45692E-05
  1.45629E-05  1.45125E-05  1.44229E-05  1.42980E-05  1.41418E-05  1.39578E-05
  1.37490E-05  1.35182E-05  1.32681E-05  1.30010E-05  1.27190E-05  1.24241E-05
  1.21180E-05  1.18025E-05  1.14789E-05  1.11488E-05  1.08133E-05  1.04737E-05

  jn =   6
  4.78851E-96  3.31988E-77  2.76363E-62  1.79638E-50  4.03139E-41  1.01533E-33
  7.30368E-28  3.14493E-23  1.45665E-19  1.15462E-16  2.26312E-14  1.46859E-12
  3.97696E-11  5.40019E-10  4.25339E-09  2.18117E-08  7.98023E-08  2.23956E-07
  5.10475E-07  9.88630E-07  1.68547E-06  2.60051E-06  3.71024E-06  4.97700E-06
  6.35751E-06  7.80853E-06  9.28966E-06  1.07645E-05  1.22010E-05  1.35721E-05
  1.48558E-05  1.60356E-05  1.71008E-05  1.80457E-05  1.88691E-05  1.95734E-05
  2.01636E-05  2.06462E-05  2.10289E-05  2.13196E-05  2.15263E-05  2.16567E-05
  2.17179E-05  2.17169E-05  2.16598E-05  2.15522E-05  2.13995E-05  2.12062E-05
  2.09766E-05  2.07146E-05  2.04237E-05  2.01070E-05  1.97676E-05  1.94079E-05
  1.90305E-05  1.86376E-05  1.82312E-05  1.78132E-05  1.73854E-05  1.69493E-05

  jn =   7
  1.61606E-95  1.07582E-76  8.45772E-62  5.12573E-50  1.06500E-40  2.47951E-33
  1.65279E-27  6.62756E-23  2.87713E-19  2.15284E-16  4.01233E-14  2.49293E-12
  6.50457E-11  8.55785E-10  6.56309E-09  3.29116E-08  1.18199E-07  3.26726E-07
  7.35801E-07  1.41188E-06  2.39081E-06  3.67196E-06  5.22468E-06  7.00002E-06
  8.94134E-06  1.09912E-05  1.30950E-05  1.52025E-05  1.72686E-05  1.92546E-05
  2.11283E-05  2.28654E-05  2.44487E-05  2.58686E-05  2.71214E-05  2.82087E-05
  2.91357E-05  2.99104E-05  3.05423E-05  3.10417E-05  3.14192E-05  3.16853E-05
  3.18500E-05  3.19228E-05  3.19124E-05  3.18272E-05  3.16745E-05  3.14614E-05
  3.11941E-05  3.08786E-05  3.05202E-05  3.01236E-05  2.96934E-05  2.92335E-05
  2.87478E-05  2.82394E-05  2.77115E-05  2.71667E-05  2.66075E-05  2.60361E-05

  jn =   8
  5.77750E-95  3.73521E-76  2.80966E-61  1.60310E-49  3.08991E-40  6.60615E-33
  4.03051E-27  1.48402E-22  5.95830E-19  4.15883E-16  7.29000E-14  4.29128E-12
  1.06774E-10  1.34770E-09  9.97272E-09  4.85230E-08  1.69991E-07  4.60684E-07
  1.02196E-06  1.94000E-06  3.26263E-06  4.99361E-06  7.10100E-06  9.53035E-06
  1.22159E-05  1.50877E-05  1.80751E-05  2.11092E-05  2.41247E-05  2.70619E-05
  2.98693E-05  3.25046E-05  3.49362E-05  3.71429E-05  3.91128E-05  4.08424E-05
  4.23346E-05  4.35974E-05  4.46419E-05  4.54820E-05  4.61325E-05  4.66087E-05
  4.69260E-05  4.70994E-05  4.71431E-05  4.70704E-05  4.68939E-05  4.66249E-05
  4.62739E-05  4.58504E-05  4.53629E-05  4.48191E-05  4.42260E-05  4.35897E-05
  4.29159E-05  4.22093E-05  4.14747E-05  4.07160E-05  3.99369E-05  3.91409E-05

  jn =   9
  2.17955E-94  1.38470E-75  1.01172E-60  5.51809E-49  9.98829E-40  1.97696E-32
  1.10757E-26  3.73218E-22  1.37034E-18  8.75687E-16  1.41018E-13  7.67365E-12
  1.78042E-10  2.11710E-09  1.49165E-08  6.98050E-08  2.37341E-07  6.29165E-07
  1.37449E-06  2.58445E-06  4.32655E-06  6.61900E-06  9.43965E-06  1.27385E-05
  1.64475E-05  2.04861E-05  2.47649E-05  2.91883E-05  3.36594E-05  3.80845E-05
  4.23779E-05  4.64660E-05  5.02901E-05  5.38067E-05  5.69877E-05  5.98181E-05
  6.22943E-05  6.44216E-05  6.62119E-05  6.76816E-05  6.88501E-05  6.97385E-05
  7.03686E-05  7.07619E-05  7.09397E-05  7.09221E-05  7.07286E-05  7.03773E-05
  6.98852E-05  6.92683E-05  6.85414E-05  6.77184E-05  6.68119E-05  6.58337E-05
  6.47947E-05  6.37045E-05  6.25721E-05  6.14055E-05  6.02118E-05  5.89972E-05

  jn =  10
  8.60135E-94  5.34042E-75  3.80353E-60  2.00724E-48  3.47451E-39  6.48826E-32
  3.37992E-26  1.04409E-21  3.47748E-18  2.00762E-15  2.92909E-13  1.45597E-11
  3.12127E-10  3.47278E-09  2.31765E-08  1.03871E-07  3.41470E-07  8.82445E-07
  1.89284E-06  3.51655E-06  5.84840E-06  8.93001E-06  1.27592E-05  1.73007E-05
  2.24927E-05  2.82494E-05  3.44627E-05  4.10059E-05  4.77399E-05  5.45216E-05
  6.12123E-05  6.76860E-05  7.38344E-05  7.95706E-05  8.48304E-05  8.95708E-05
  9.37683E-05  9.74163E-05  1.00522E-04  1.03102E-04  1.05182E-04  1.06792E-04
  1.07968E-04  1.08743E-04  1.09154E-04  1.09236E-04  1.09024E-04  1.08548E-04
  1.07839E-04  1.06923E-04  1.05827E-04  1.04572E-04  1.03179E-04  1.01666E-04
  1.00050E-04  9.83459E-05  9.65671E-05  9.47258E-05  9.28332E-05  9.08995E-05

  jn =  11
  3.50479E-93  2.11712E-74  1.46086E-59  7.44108E-48  1.23729E-38  2.20244E-31
  1.08154E-25  3.10315E-21  9.57520E-18  5.10011E-15  6.83833E-13  3.11561E-11
  6.12422E-10  6.27472E-09  3.88592E-08  1.63193E-07  5.08079E-07  1.25674E-06
  2.60602E-06  4.72243E-06  7.71974E-06  1.16600E-05  1.65644E-05  2.24220E-05
  2.91916E-05  3.68011E-05  4.51457E-05  5.40905E-05  6.34771E-05  7.31326E-05
  8.28801E-05  9.25490E-05  1.01982E-04  1.11043E-04  1.19617E-04  1.27612E-04
  1.34959E-04  1.41610E-04  1.47534E-04  1.52719E-04  1.57164E-04  1.60878E-04
  1.63883E-04  1.66205E-04  1.67877E-04  1.68937E-04  1.69427E-04  1.69388E-04
  1.68867E-04  1.67908E-04  1.66555E-04  1.64854E-04  1.62847E-04  1.60575E-04
  1.58077E-04  1.55388E-04  1.52541E-04  1.49567E-04  1.46492E-04  1.43340E-04

  jn =  12
  1.31675E-92  8.18841E-74  5.63571E-59  2.83390E-47  4.56660E-38  7.87990E-31
  3.72014E-25  1.01948E-20  2.95684E-17  1.45434E-14  1.75816E-12  7.04220E-11
  1.21169E-09  1.09488E-08  6.10678E-08  2.35578E-07  6.86425E-07  1.61507E-06
  3.22839E-06  5.69873E-06  9.14743E-06  1.36492E-05  1.92428E-05  2.59380E-05
  3.37147E-05  4.25202E-05  5.22657E-05  6.28285E-05  7.40573E-05  8.57821E-05
  9.78245E-05  1.10008E-04  1.22167E-04  1.34151E-04  1.45830E-04  1.57094E-04
  1.67853E-04  1.78035E-04  1.87585E-04  1.96458E-04  2.04626E-04  2.12065E-04
  2.18761E-04  2.24707E-04  2.29897E-04  2.34335E-04  2.38024E-04  2.40974E-04
  2.43197E-04  2.44710E-04  2.45531E-04  2.45684E-04  2.45198E-04  2.44102E-04
  2.42431E-04  2.40224E-04  2.37521E-04  2.34366E-04  2.30804E-04  2.26881E-04

  jn =  13
  4.33230E-92  3.02553E-73  2.16508E-58  1.12748E-46  1.93574E-37  3.17813E-30
  1.49292E-24  3.91226E-20  1.05551E-16  4.62017E-14  4.71027E-12  1.56265E-10
  2.25611E-09  1.76851E-08  8.76329E-08  3.09763E-07  8.43566E-07  1.88965E-06
  3.64471E-06  6.30015E-06  9.97591E-06  1.47510E-05  2.06714E-05  2.77555E-05
  3.59930E-05  4.53410E-05  5.57202E-05  6.70170E-05  7.90885E-05  9.17725E-05
  1.04898E-04  1.18296E-04  1.31808E-04  1.45289E-04  1.58617E-04  1.71687E-04
  1.84416E-04  1.96736E-04  2.08598E-04  2.19962E-04  2.30799E-04  2.41090E-04
  2.50819E-04  2.59974E-04  2.68548E-04  2.76532E-04  2.83919E-04  2.90702E-04
  2.96874E-04  3.02427E-04  3.07353E-04  3.11643E-04  3.15288E-04  3.18281E-04
  3.20614E-04  3.22282E-04  3.23280E-04  3.23609E-04  3.23270E-04  3.22269E-04

  jn =  14
  1.04571E-91  8.55282E-73  6.96764E-58  4.06158E-46  7.68533E-37  1.50762E-29
  6.67041E-24  1.81748E-19  4.55452E-16  1.75087E-13  1.40999E-11  3.83114E-10
  4.73624E-09  3.29158E-08  1.47464E-07  4.76604E-07  1.20905E-06  2.54941E-06
  4.67365E-06  7.67731E-06  1.16357E-05  1.65705E-05  2.25324E-05  2.95680E-05
  3.78946E-05  4.73988E-05  5.79829E-05  6.95266E-05  8.18859E-05  9.48998E-05
  1.08400E-04  1.22222E-04  1.36210E-04  1.50228E-04  1.64156E-04  1.77898E-04
  1.91376E-04  2.04531E-04  2.17320E-04  2.29712E-04  2.41687E-04  2.53234E-04
  2.64346E-04  2.75023E-04  2.85264E-04  2.95072E-04  3.04450E-04  3.13399E-04
  3.21922E-04  3.30018E-04  3.37685E-04  3.44921E-04  3.51720E-04  3.58075E-04
  3.63978E-04  3.69416E-04  3.74379E-04  3.78852E-04  3.82820E-04  3.86265E-04

  jn =  15
  1.61747E-91  1.48332E-72  1.57140E-57  1.20219E-45  2.59908E-36  4.98914E-29
  2.73237E-23  8.30108E-19  2.12752E-15  6.84746E-13  5.32283E-11  1.22814E-09
  1.46926E-08  9.03439E-08  3.76935E-07  1.15178E-06  2.72289E-06  5.26247E-06
  8.86221E-06  1.34500E-05  1.89028E-05  2.49717E-05  3.17112E-05  3.91902E-05
  4.73265E-05  5.61317E-05  6.56634E-05  7.59297E-05  8.70093E-05  9.93895E-05
  1.12537E-04  1.26158E-04  1.40042E-04  1.54023E-04  1.67970E-04  1.81779E-04
  1.95369E-04  2.08682E-04  2.21674E-04  2.34318E-04  2.46596E-04  2.58501E-04
  2.70030E-04  2.81187E-04  2.91977E-04  3.02408E-04  3.12490E-04  3.22232E-04
  3.31642E-04  3.40728E-04  3.49498E-04  3.57958E-04  3.66111E-04  3.73962E-04
  3.81511E-04  3.88760E-04  3.95705E-04  4.02344E-04  4.08672E-04  4.14682E-04

 Continuum n=9 / n=1 (jt,jn)
  jn =   1
  1.91406E-08  1.23224E-08  8.08475E-09  5.39950E-09  3.66267E-09  2.51713E-09
  1.74827E-09  1.22445E-09  8.63110E-10  6.11341E-10  4.34535E-10  3.09630E-10
  2.21002E-10  1.57920E-10  1.12927E-10  8.07935E-11  5.78262E-11  4.14036E-11
  2.96580E-11  2.12560E-11  1.52446E-11  1.09422E-11  7.86151E-12  5.65421E-12
  4.07140E-12  2.93531E-12  2.11895E-12  1.53162E-12  1.10851E-12  8.03302E-13
  5.82830E-13  4.23351E-13  3.07836E-13  2.24056E-13  1.63217E-13  1.18988E-13
  8.67988E-14  6.33503E-14  4.62548E-14  3.37820E-14  2.46767E-14  1.80265E-14
  1.31679E-14  9.61735E-15  7.02251E-15  5.12615E-15  3.74043E-15  2.72806E-15
  1.98868E-15  1.44890E-15  1.05501E-15  7.67730E-16  5.58325E-16  4.05776E-16
  2.94717E-16  2.13917E-16  1.55171E-16  1.12487E-16  8.14947E-17  5.90064E-17

  jn =   2
  1.43890E-07  8.32563E-08  4.96307E-08  3.04470E-08  1.91696E-08  1.23453E-08
  8.10445E-09  5.40607E-09  3.65366E-09  2.49566E-09  1.71925E-09  1.19244E-09
  8.31506E-10  5.82278E-10  4.09118E-10  2.88218E-10  2.03482E-10  1.43914E-10
  1.01937E-10  7.23008E-11  5.13435E-11  3.65034E-11  2.59822E-11  1.85144E-11
  1.32083E-11  9.43386E-12  6.74611E-12  4.83002E-12  3.46247E-12  2.48526E-12
  1.78614E-12  1.28533E-12  9.26136E-13  6.68170E-13  4.82664E-13  3.49088E-13
  2.52780E-13  1.83251E-13  1.32990E-13  9.66135E-14  7.02533E-14  5.11294E-14
  3.72403E-14  2.71426E-14  1.97945E-14  1.44426E-14  1.05417E-14  7.69658E-15
  5.62026E-15  4.10434E-15  2.99720E-15  2.18843E-15  1.59754E-15  1.16584E-15
  8.50470E-16  6.20130E-16  4.51942E-16  3.29181E-16  2.39620E-16  1.74312E-16

  jn =   3
  7.99402E-07  4.28311E-07  2.38403E-07  1.37756E-07  8.23779E-08  5.07722E-08
  3.21126E-08  2.07571E-08  1.36609E-08  9.12443E-09  6.16801E-09  4.21013E-09
  2.89623E-09  2.00486E-09  1.39479E-09  9.74266E-10  6.82725E-10  4.79677E-10
  3.37739E-10  2.38224E-10  1.68284E-10  1.19032E-10  8.42929E-11  5.97550E-11
  4.24019E-11  3.01166E-11  2.14105E-11  1.52350E-11  1.08507E-11  7.73524E-12
  5.51954E-12  3.94235E-12  2.81865E-12  2.01732E-12  1.44532E-12  1.03663E-12
  7.44333E-13  5.35054E-13  3.85057E-13  2.77430E-13  2.00118E-13  1.44517E-13
  1.04485E-13  7.56265E-14  5.47993E-14  3.97503E-14  2.88636E-14  2.09789E-14
  1.52620E-14  1.11123E-14  8.09719E-15  5.90422E-15  4.30775E-15  3.14456E-15
  2.29641E-15  1.67754E-15  1.22572E-15  8.95694E-16  6.54536E-16  4.78268E-16

  jn =   4
  3.47275E-06  1.78229E-06  9.53112E-07  5.31465E-07  3.08188E-07  1.85061E-07
  1.14522E-07  7.26944E-08  4.71281E-08  3.10879E-08  2.07989E-08  1.40753E-08
  9.61355E-09  6.61497E-09  4.57882E-09  3.18455E-09  2.22331E-09  1.55699E-09
  1.09306E-09  7.68910E-10  5.41777E-10  3.82257E-10  2.70015E-10  1.90917E-10
  1.35106E-10  9.56826E-11  6.78103E-11  4.80887E-11  3.41243E-11  2.42300E-11
  1.72151E-11  1.22387E-11  8.70640E-12  6.19767E-12  4.41485E-12  3.14713E-12
  2.24512E-12  1.60289E-12  1.14532E-12  8.19070E-13  5.86280E-13  4.20044E-13
  3.01234E-13  2.16247E-13  1.55397E-13  1.11788E-13  8.05039E-14  5.80382E-14
  4.18883E-14  3.02659E-14  2.18926E-14  1.58532E-14  1.14923E-14  8.33984E-15
  6.05831E-15  4.40525E-15  3.20622E-15  2.33559E-15  1.70274E-15  1.24228E-15

  jn =   5
  1.29370E-05  6.51434E-06  3.41408E-06  1.86742E-06  1.06444E-06  6.29856E-07
  3.85039E-07  2.41967E-07  1.55591E-07  1.01955E-07  6.78440E-08  4.57103E-08
  3.11077E-08  2.13411E-08  1.47355E-08  1.02272E-08  7.12751E-09  4.98371E-09
  3.49395E-09  2.45473E-09  1.72756E-09  1.21748E-09  8.58986E-10  6.06616E-10
  4.28726E-10  3.03202E-10  2.14552E-10  1.51898E-10  1.07589E-10  7.62368E-11
  5.40426E-11  3.83245E-11  2.71884E-11  1.92957E-11  1.36997E-11  9.73066E-12
  6.91452E-12  4.91564E-12  3.49630E-12  2.48805E-12  1.77153E-12  1.26209E-12
  8.99699E-13  6.41784E-13  4.58123E-13  3.27260E-13  2.33959E-13  1.67394E-13
  1.19870E-13  8.59147E-14  6.16351E-14  4.42596E-14  3.18141E-14  2.28917E-14
  1.64889E-14  1.18897E-14  8.58267E-15  6.20227E-15  4.48701E-15  3.24968E-15

  jn =   6
  4.39896E-05  2.20633E-05  1.14797E-05  6.22533E-06  3.51838E-06  2.06607E-06
  1.25486E-06  7.84406E-07  5.02240E-07  3.27984E-07  2.17655E-07  1.46327E-07
  9.94068E-08  6.81000E-08  4.69667E-08  3.25657E-08  2.26772E-08  1.58453E-08
  1.11018E-08  7.79536E-09  5.48320E-09  3.86224E-09  2.72354E-09  1.92230E-09
  1.35779E-09  9.59634E-10  6.78576E-10  4.80038E-10  3.39711E-10  2.40482E-10
  1.70285E-10  1.20611E-10  8.54476E-11  6.05503E-11  4.29174E-11  3.04265E-11
  2.15762E-11  1.53040E-11  1.08580E-11  7.70573E-12  5.47022E-12  3.88448E-12
  2.75935E-12  1.96082E-12  1.39392E-12  9.91331E-13  7.05332E-13  5.02085E-13
  3.57589E-13  2.54817E-13  1.81689E-13  1.29628E-13  9.25459E-14  6.61181E-14
  4.72723E-14  3.38246E-14  2.42223E-14  1.73609E-14  1.24543E-14  8.94280E-15

  jn =   7
  1.41498E-04  7.13163E-05  3.71535E-05  2.01208E-05  1.13411E-05  6.63961E-06
  4.02142E-06  2.50783E-06  1.60263E-06  1.04498E-06  6.92617E-07  4.65186E-07
  3.15778E-07  2.16192E-07  1.49026E-07  1.03288E-07  7.18992E-08  5.02232E-08
  3.51790E-08  2.46956E-08  1.73667E-08  1.22300E-08  8.62224E-09  6.08421E-09
  4.29637E-09  3.03565E-09  2.14589E-09  1.51751E-09  1.07348E-09  7.59573E-10
  5.37582E-10  3.80544E-10  2.69427E-10  1.90785E-10  1.35118E-10  9.57064E-11
  6.77998E-11  4.80369E-11  3.40395E-11  2.41242E-11  1.70998E-11  1.21226E-11
  8.59562E-12  6.09591E-12  4.32400E-12  3.06779E-12  2.17703E-12  1.54530E-12
  1.09718E-12  7.79240E-13  5.53605E-13  3.93438E-13  2.79713E-13  1.98939E-13
  1.41551E-13  1.00763E-13  7.17637E-14  5.11370E-14  3.64593E-14  2.60101E-14

  jn =   8
  4.38344E-04  2.23196E-04  1.17091E-04  6.36701E-05  3.59582E-05  2.10656E-05
  1.27586E-05  7.95407E-06  5.08121E-06  3.31203E-06  2.19461E-06  1.47362E-06
  1.00013E-06  6.84609E-07  4.71848E-07  3.26991E-07  2.27595E-07  1.58964E-07
  1.11337E-07  7.81511E-08  5.49535E-08  3.86958E-08  2.72783E-08  1.92468E-08
  1.35896E-08  9.60075E-09  6.78580E-09  4.79796E-09  3.39345E-09  2.40067E-09
  1.69867E-09  1.20215E-09  8.50882E-10  6.02326E-10  4.26422E-10  3.01918E-10
  2.13784E-10  1.51390E-10  1.07215E-10  7.59357E-11  5.37863E-11  3.81007E-11
  2.69918E-11  1.91236E-11  1.35504E-11  9.60235E-12  6.80538E-12  4.82370E-12
  3.41952E-12  2.42445E-12  1.71921E-12  1.21932E-12  8.64943E-13  6.13682E-13
  4.35506E-13  3.09134E-13  2.19488E-13  1.55881E-13  1.10740E-13  7.86971E-14

  jn =   9
  1.31318E-03  6.79066E-04  3.60596E-04  1.97844E-04  1.12423E-04  6.61239E-05
  4.01499E-05  2.50722E-05  1.60347E-05  1.04599E-05  6.93463E-06  4.65816E-06
  3.16222E-06  2.16496E-06  1.49229E-06  1.03423E-06  7.19876E-07  5.02806E-07
  3.52160E-07  2.47192E-07  1.73815E-07  1.22390E-07  8.62754E-08  6.08713E-08
  4.29778E-08  3.03613E-08  2.14581E-08  1.51711E-08  1.07293E-08  7.58968E-09
  5.36979E-09  3.79977E-09  2.68913E-09  1.90332E-09  1.34725E-09  9.53707E-10
  6.75167E-10  4.78004E-10  3.38434E-10  2.39628E-10  1.69677E-10  1.20151E-10
  8.50843E-11  6.02550E-11  4.26735E-11  3.02236E-11  2.14071E-11  1.51633E-11
  1.07413E-11  7.60939E-12  5.39107E-12  3.81975E-12  2.70665E-12  1.91810E-12
  1.35943E-12  9.63581E-13  6.83084E-13  4.84304E-13  3.43420E-13  2.43558E-13

  jn =  10
  3.75396E-03  1.99637E-03  1.08120E-03  6.02000E-04  3.45849E-04  2.05043E-04
  1.25215E-04  7.85130E-05  5.03583E-05  3.29178E-05  2.18553E-05  1.46958E-05
  9.98358E-06  6.83860E-06  4.71551E-06  3.26889E-06  2.27572E-06  1.58970E-06
  1.11351E-06  7.81646E-07  5.49641E-07  3.87032E-07  2.72830E-07  1.92494E-07
  1.35908E-07  9.60100E-08  6.78547E-08  4.79730E-08  3.39263E-08  2.39979E-08
  1.69781E-08  1.20135E-08  8.50158E-09  6.01688E-09  4.25869E-09  3.01445E-09
  2.13385E-09  1.51057E-09  1.06938E-09  7.57073E-10  5.35991E-10  3.79481E-10
  2.68679E-10  1.90234E-10  1.34696E-10  9.53743E-11  6.75337E-11  4.78214E-11
  3.38639E-11  2.39809E-11  1.69828E-11  1.20274E-11  8.51823E-12  6.03320E-12
  4.27333E-12  3.02697E-12  2.14425E-12  1.51904E-12  1.07620E-12  7.62520E-13

  jn =  11
  9.63373E-03  5.47073E-03  3.09203E-03  1.77217E-03  1.03889E-03  6.24866E-04
  3.85575E-04  2.43588E-04  1.57082E-04  1.03080E-04  6.86311E-05  4.62418E-05
  3.14598E-05  2.15718E-05  1.48857E-05  1.03245E-05  7.19032E-06  5.02410E-06
  3.51977E-06  2.47109E-06  1.73779E-06  1.22374E-06  8.62688E-07  6.08682E-07
  4.29760E-07  3.03599E-07  2.14567E-07  1.51698E-07  1.07279E-07  7.58835E-08
  5.36855E-08  3.79864E-08  2.68811E-08  1.90243E-08  1.34648E-08  9.53052E-09
  6.74613E-09  4.77541E-09  3.38049E-09  2.39311E-09  1.69416E-09  1.19937E-09
  8.49108E-10  6.01144E-10  4.25600E-10  3.01322E-10  2.13337E-10  1.51045E-10
  1.06944E-10  7.57199E-11  5.36132E-11  3.79614E-11  2.68794E-11  1.90330E-11
  1.34773E-11  9.54354E-12  6.75815E-12  4.78585E-12  3.38925E-12  2.40029E-12

  jn =  12
  2.14216E-02  1.33995E-02  8.17651E-03  4.93771E-03  3.00245E-03  1.85174E-03
  1.16327E-03  7.44479E-04  4.84654E-04  3.20242E-04  2.14291E-04  1.44908E-04
  9.88433E-05  6.79029E-05  4.69192E-05  3.25734E-05  2.27006E-05  1.58692E-05
  1.11214E-05  7.80978E-06  5.49314E-06  3.86872E-06  2.72751E-06  1.92455E-06
  1.35888E-06  9.59992E-07  6.78483E-07  4.79687E-07  3.39232E-07  2.39955E-07
  1.69761E-07  1.20117E-07  8.50007E-08  6.01558E-08  4.25759E-08  3.01352E-08
  2.13307E-08  1.50991E-08  1.06884E-08  7.56626E-09  5.35625E-09  3.79181E-09
  2.68435E-09  1.90037E-09  1.34537E-09  9.52461E-10  6.74308E-10  4.77390E-10
  3.37980E-10  2.39284E-10  1.69410E-10  1.19941E-10  8.49187E-11  6.01231E-11
  4.25681E-11  3.01392E-11  2.13395E-11  1.51092E-11  1.06981E-11  7.57493E-12

  jn =  13
  3.70500E-02  2.66600E-02  1.88702E-02  1.25232E-02  8.09495E-03  5.23847E-03
  3.39346E-03  2.22064E-03  1.46902E-03  9.82100E-04  6.62809E-04  4.50992E-04
  3.09012E-04  2.12975E-04  1.47506E-04  1.02578E-04  7.15733E-05  5.00776E-05
  3.51167E-05  2.46707E-05  1.73579E-05  1.22275E-05  8.62193E-06  6.08435E-06
  4.29636E-06  3.03535E-06  2.14534E-06  1.51680E-06  1.07269E-06  7.58771E-07
  5.36811E-07  3.79832E-07  2.68787E-07  1.90223E-07  1.34632E-07  9.52919E-08
  6.74503E-08  4.77449E-08  3.37973E-08  2.39248E-08  1.69364E-08  1.19895E-08
  8.48764E-09  6.00865E-09  4.25374E-09  3.01139E-09  2.13190E-09  1.50928E-09
  1.06850E-09  7.56449E-10  5.35536E-10  3.79140E-10  2.68418E-10  1.90032E-10
  1.34538E-10  9.52498E-11  6.74352E-11  4.77432E-11  3.38018E-11  2.39316E-11

  jn =  14
  4.67563E-02  3.94782E-02  3.49046E-02  2.70708E-02  1.94892E-02  1.35699E-02
  9.35430E-03  6.35794E-03  4.32440E-03  2.94843E-03  2.01833E-03  1.38752E-03
  9.57921E-04  6.63889E-04  4.61674E-04  3.21998E-04  2.25149E-04  1.57768E-04
  1.10754E-04  7.78685E-05  5.48171E-05  3.86301E-05  2.72466E-05  1.92313E-05
  1.35817E-05  9.59634E-06  6.78302E-06  4.79595E-06  3.39184E-06  2.39929E-06
  1.69747E-06  1.20109E-06  8.49956E-07  6.01524E-07  4.25734E-07  3.01333E-07
  2.13292E-07  1.50979E-07  1.06874E-07  7.56546E-08  5.35559E-08  3.79127E-08
  2.68391E-08  1.90000E-08  1.34507E-08  9.52220E-09  6.74112E-09  4.77231E-09
  3.37853E-09  2.39181E-09  1.69328E-09  1.19876E-09  8.48660E-10  6.00812E-10
  4.25348E-10  3.01128E-10  2.13186E-10  1.50927E-10  1.06851E-10  7.56468E-11

  jn =  15
  5.25547E-02  4.94581E-02  4.60061E-02  4.14973E-02  3.71249E-02  3.08700E-02
  2.32834E-02  1.69325E-02  1.21124E-02  8.55362E-03  5.99196E-03  4.18904E-03
  2.92806E-03  2.04814E-03  1.43406E-03  1.00522E-03  7.05442E-04  4.95629E-04
  3.48594E-04  2.45420E-04  1.72936E-04  1.21954E-04  8.60585E-05  6.07631E-05
  4.29233E-05  3.03334E-05  2.14433E-05  1.51629E-05  1.07243E-05  7.58641E-06
  5.36745E-06  3.79798E-06  2.68769E-06  1.90213E-06  1.34626E-06  9.52883E-07
  6.74479E-07  4.77432E-07  3.37961E-07  2.39238E-07  1.69356E-07  1.19889E-07
  8.48713E-08  6.00823E-08  4.25339E-08  3.01111E-08  2.13167E-08  1.50909E-08
  1.06834E-08  7.56326E-09  5.35435E-09  3.79059E-09  2.68353E-09  1.89979E-09
  1.34495E-09  9.52158E-10  6.74080E-10  4.77215E-10  3.37845E-10  2.39178E-10

