  Ionization Rate(jt,jn) (cm**3 s**-1)  Te(jt) = 10**(-1.2 + (jt-1)/10) jt=1,60 
  jn =   1; jt = 1 -> 60 going by rows   ne(jn) = 10**(10 + 0.5*(jn-1)) jn=1,15 
  1.00000E-72  1.00000E-72  4.77000E-68  1.09000E-55  7.35000E-46  1.88000E-38
  2.46000E-32  1.72000E-27  1.10000E-23  1.20000E-20  3.24000E-18  2.81000E-16
  9.91000E-15  1.73000E-13  1.72000E-12  1.09000E-11  4.88000E-11  1.65000E-10
  4.43000E-10  9.95000E-10  1.93000E-09  3.34000E-09  5.23000E-09  7.56000E-09
  1.02000E-08  1.30000E-08  1.59000E-08  1.87000E-08  2.11000E-08  2.32000E-08
  2.48000E-08  2.59000E-08  2.64000E-08  2.65000E-08  2.61000E-08  2.55000E-08
  2.48000E-08  2.39000E-08  2.31000E-08  2.22000E-08  2.14000E-08  2.05000E-08
  1.97000E-08  1.89000E-08  1.81000E-08  1.73000E-08  1.66000E-08  1.59000E-08
  1.52000E-08  1.46000E-08  1.39000E-08  1.33000E-08  1.27000E-08  1.22000E-08
  1.17000E-08  1.12000E-08  1.07000E-08  1.02000E-08  9.77000E-09  9.34000E-09
 
  jn =   2
  1.00000E-72  1.00000E-72  6.99000E-68  1.56000E-55  1.04000E-45  2.53000E-38
  3.23000E-32  2.21000E-27  1.36000E-23  1.44000E-20  3.82000E-18  3.23000E-16
  1.12000E-14  1.92000E-13  1.88000E-12  1.18000E-11  5.21000E-11  1.74000E-10
  4.64000E-10  1.04000E-09  2.00000E-09  3.44000E-09  5.37000E-09  7.74000E-09
  1.04000E-08  1.33000E-08  1.62000E-08  1.90000E-08  2.15000E-08  2.35000E-08
  2.52000E-08  2.62000E-08  2.68000E-08  2.68000E-08  2.65000E-08  2.58000E-08
  2.50000E-08  2.42000E-08  2.33000E-08  2.25000E-08  2.16000E-08  2.07000E-08
  1.99000E-08  1.91000E-08  1.83000E-08  1.75000E-08  1.68000E-08  1.60000E-08
  1.53000E-08  1.47000E-08  1.41000E-08  1.34000E-08  1.29000E-08  1.23000E-08
  1.18000E-08  1.13000E-08  1.08000E-08  1.03000E-08  9.84000E-09  9.42000E-09
 
  jn =   3
  1.00000E-72  1.00000E-72  1.08000E-67  2.32000E-55  1.52000E-45  3.57000E-38
  4.39000E-32  2.91000E-27  1.74000E-23  1.79000E-20  4.60000E-18  3.81000E-16
  1.29000E-14  2.17000E-13  2.09000E-12  1.29000E-11  5.64000E-11  1.86000E-10
  4.92000E-10  1.09000E-09  2.09000E-09  3.58000E-09  5.56000E-09  7.98000E-09
  1.07000E-08  1.36000E-08  1.66000E-08  1.94000E-08  2.19000E-08  2.40000E-08
  2.56000E-08  2.67000E-08  2.72000E-08  2.73000E-08  2.69000E-08  2.62000E-08
  2.54000E-08  2.46000E-08  2.37000E-08  2.28000E-08  2.19000E-08  2.10000E-08
  2.02000E-08  1.93000E-08  1.85000E-08  1.77000E-08  1.70000E-08  1.63000E-08
  1.56000E-08  1.49000E-08  1.42000E-08  1.36000E-08  1.30000E-08  1.25000E-08
  1.19000E-08  1.14000E-08  1.09000E-08  1.04000E-08  9.97000E-09  9.53000E-09
 
  jn =   4
  1.00000E-72  1.00000E-72  1.73000E-67  3.53000E-55  2.35000E-45  5.40000E-38
  6.28000E-32  3.99000E-27  2.31000E-23  2.30000E-20  5.76000E-18  4.66000E-16
  1.55000E-14  2.56000E-13  2.42000E-12  1.47000E-11  6.32000E-11  2.06000E-10
  5.38000E-10  1.18000E-09  2.24000E-09  3.80000E-09  5.86000E-09  8.36000E-09
  1.12000E-08  1.42000E-08  1.72000E-08  2.00000E-08  2.25000E-08  2.46000E-08
  2.63000E-08  2.74000E-08  2.79000E-08  2.79000E-08  2.75000E-08  2.68000E-08
  2.60000E-08  2.51000E-08  2.42000E-08  2.32000E-08  2.23000E-08  2.14000E-08
  2.05000E-08  1.97000E-08  1.89000E-08  1.81000E-08  1.73000E-08  1.66000E-08
  1.58000E-08  1.52000E-08  1.45000E-08  1.39000E-08  1.33000E-08  1.27000E-08
  1.21000E-08  1.16000E-08  1.11000E-08  1.06000E-08  1.02000E-08  9.71000E-09
 
  jn =   5
  1.00000E-72  1.00000E-72  2.71000E-67  5.15000E-55  3.88000E-45  9.22000E-38
  9.89000E-32  5.93000E-27  3.35000E-23  3.25000E-20  7.95000E-18  6.31000E-16
  2.06000E-14  3.34000E-13  3.10000E-12  1.85000E-11  7.81000E-11  2.49000E-10
  6.40000E-10  1.38000E-09  2.58000E-09  4.30000E-09  6.55000E-09  9.24000E-09
  1.22000E-08  1.53000E-08  1.84000E-08  2.14000E-08  2.39000E-08  2.60000E-08
  2.76000E-08  2.87000E-08  2.91000E-08  2.91000E-08  2.86000E-08  2.78000E-08
  2.69000E-08  2.59000E-08  2.49000E-08  2.40000E-08  2.30000E-08  2.20000E-08
  2.11000E-08  2.02000E-08  1.94000E-08  1.85000E-08  1.77000E-08  1.69000E-08
  1.62000E-08  1.55000E-08  1.48000E-08  1.42000E-08  1.36000E-08  1.30000E-08
  1.24000E-08  1.19000E-08  1.13000E-08  1.08000E-08  1.04000E-08  9.92000E-09
 
  jn =   6
  1.35000E-72  1.00000E-72  3.71000E-67  6.88000E-55  7.28000E-45  1.90000E-37
  1.87000E-31  1.05000E-26  5.86000E-23  5.59000E-20  1.33000E-17  1.04000E-15
  3.33000E-14  5.29000E-13  4.81000E-12  2.80000E-11  1.15000E-10  3.58000E-10
  8.95000E-10  1.88000E-09  3.43000E-09  5.59000E-09  8.33000E-09  1.15000E-08
  1.50000E-08  1.85000E-08  2.19000E-08  2.50000E-08  2.76000E-08  2.98000E-08
  3.14000E-08  3.23000E-08  3.26000E-08  3.23000E-08  3.16000E-08  3.05000E-08
  2.94000E-08  2.82000E-08  2.70000E-08  2.58000E-08  2.46000E-08  2.35000E-08
  2.25000E-08  2.14000E-08  2.04000E-08  1.95000E-08  1.86000E-08  1.77000E-08
  1.69000E-08  1.61000E-08  1.54000E-08  1.47000E-08  1.40000E-08  1.34000E-08
  1.28000E-08  1.22000E-08  1.17000E-08  1.11000E-08  1.06000E-08  1.02000E-08
 
  jn =   7
  1.74000E-72  1.00000E-72  4.33000E-67  8.70000E-55  1.70000E-44  4.86000E-37
  4.46000E-31  2.39000E-26  1.30000E-22  1.21000E-19  2.76000E-17  2.08000E-15
  6.46000E-14  9.93000E-13  8.74000E-12  4.94000E-11  1.97000E-10  5.96000E-10
  1.45000E-09  2.97000E-09  5.29000E-09  8.44000E-09  1.23000E-08  1.67000E-08
  2.12000E-08  2.57000E-08  3.00000E-08  3.37000E-08  3.69000E-08  3.93000E-08
  4.09000E-08  4.17000E-08  4.17000E-08  4.10000E-08  3.97000E-08  3.81000E-08
  3.64000E-08  3.46000E-08  3.28000E-08  3.11000E-08  2.95000E-08  2.79000E-08
  2.64000E-08  2.50000E-08  2.36000E-08  2.24000E-08  2.12000E-08  2.00000E-08
  1.90000E-08  1.80000E-08  1.71000E-08  1.62000E-08  1.53000E-08  1.46000E-08
  1.38000E-08  1.31000E-08  1.25000E-08  1.19000E-08  1.13000E-08  1.08000E-08
 
  jn =   8
  1.92000E-72  1.00000E-72  4.60000E-67  1.21000E-54  4.92000E-44  1.47000E-36
  1.29000E-30  6.57000E-26  3.44000E-22  3.01000E-19  6.47000E-17  4.58000E-15
  1.35000E-13  1.97000E-12  1.65000E-11  8.97000E-11  3.46000E-10  1.02000E-09
  2.41000E-09  4.84000E-09  8.48000E-09  1.33000E-08  1.92000E-08  2.57000E-08
  3.25000E-08  3.91000E-08  4.52000E-08  5.06000E-08  5.51000E-08  5.86000E-08
  6.08000E-08  6.19000E-08  6.17000E-08  6.06000E-08  5.86000E-08  5.61000E-08
  5.34000E-08  5.05000E-08  4.77000E-08  4.50000E-08  4.23000E-08  3.98000E-08
  3.73000E-08  3.50000E-08  3.28000E-08  3.08000E-08  2.88000E-08  2.70000E-08
  2.53000E-08  2.37000E-08  2.22000E-08  2.08000E-08  1.95000E-08  1.83000E-08
  1.72000E-08  1.61000E-08  1.52000E-08  1.43000E-08  1.34000E-08  1.27000E-08
 
  jn =   9
  1.99000E-72  1.00000E-72  4.69000E-67  2.23000E-54  1.61000E-43  4.83000E-36
  4.12000E-30  2.01000E-25  9.89000E-22  7.97000E-19  1.57000E-16  1.02000E-14
  2.77000E-13  3.78000E-12  3.00000E-11  1.55000E-10  5.74000E-10  1.64000E-09
  3.80000E-09  7.50000E-09  1.30000E-08  2.02000E-08  2.90000E-08  3.87000E-08
  4.88000E-08  5.88000E-08  6.80000E-08  7.65000E-08  8.38000E-08  8.96000E-08
  9.37000E-08  9.60000E-08  9.65000E-08  9.54000E-08  9.31000E-08  8.99000E-08
  8.61000E-08  8.21000E-08  7.81000E-08  7.41000E-08  7.01000E-08  6.61000E-08
  6.23000E-08  5.86000E-08  5.50000E-08  5.16000E-08  4.83000E-08  4.51000E-08
  4.21000E-08  3.93000E-08  3.66000E-08  3.41000E-08  3.17000E-08  2.95000E-08
  2.74000E-08  2.54000E-08  2.36000E-08  2.19000E-08  2.04000E-08  1.89000E-08
 
  jn =  10
  2.01000E-72  1.00000E-72  4.72000E-67  2.86000E-53  5.50000E-43  1.65000E-35
  1.38000E-29  6.45000E-25  2.94000E-21  2.14000E-18  3.78000E-16  2.23000E-14
  5.56000E-13  7.05000E-12  5.27000E-11  2.60000E-10  9.25000E-10  2.56000E-09
  5.82000E-09  1.13000E-08  1.93000E-08  2.99000E-08  4.26000E-08  5.68000E-08
  7.18000E-08  8.66000E-08  1.00000E-07  1.13000E-07  1.25000E-07  1.35000E-07
  1.42000E-07  1.47000E-07  1.49000E-07  1.49000E-07  1.47000E-07  1.43000E-07
  1.39000E-07  1.34000E-07  1.29000E-07  1.24000E-07  1.19000E-07  1.13000E-07
  1.08000E-07  1.03000E-07  9.78000E-08  9.28000E-08  8.79000E-08  8.31000E-08
  7.84000E-08  7.38000E-08  6.94000E-08  6.52000E-08  6.11000E-08  5.71000E-08
  5.33000E-08  4.97000E-08  4.63000E-08  4.30000E-08  3.99000E-08  3.70000E-08
 
  jn =  11
  2.02000E-72  1.00000E-72  3.15000E-66  1.02000E-51  1.84000E-42  5.56000E-35
  4.60000E-29  2.08000E-24  8.83000E-21  5.85000E-18  9.37000E-16  5.05000E-14
  1.17000E-12  1.38000E-11  9.63000E-11  4.48000E-10  1.52000E-09  4.02000E-09
  8.83000E-09  1.67000E-08  2.79000E-08  4.24000E-08  5.97000E-08  7.91000E-08
  9.94000E-08  1.20000E-07  1.39000E-07  1.57000E-07  1.74000E-07  1.89000E-07
  2.01000E-07  2.09000E-07  2.15000E-07  2.17000E-07  2.16000E-07  2.13000E-07
  2.09000E-07  2.04000E-07  1.99000E-07  1.94000E-07  1.88000E-07  1.82000E-07
  1.76000E-07  1.70000E-07  1.64000E-07  1.58000E-07  1.52000E-07  1.46000E-07
  1.40000E-07  1.34000E-07  1.28000E-07  1.22000E-07  1.16000E-07  1.10000E-07
  1.05000E-07  9.93000E-08  9.39000E-08  8.86000E-08  8.34000E-08  7.85000E-08
 
  jn =  12
  2.03000E-72  1.00000E-72  5.84000E-66  2.19000E-51  5.65000E-42  1.72000E-34
  1.43000E-28  6.36000E-24  2.60000E-20  1.61000E-17  2.39000E-15  1.18000E-13
  2.46000E-12  2.62000E-11  1.67000E-10  7.16000E-10  2.26000E-09  5.67000E-09
  1.19000E-08  2.17000E-08  3.54000E-08  5.28000E-08  7.34000E-08  9.62000E-08
  1.20000E-07  1.44000E-07  1.67000E-07  1.89000E-07  2.10000E-07  2.29000E-07
  2.45000E-07  2.57000E-07  2.65000E-07  2.70000E-07  2.72000E-07  2.71000E-07
  2.69000E-07  2.66000E-07  2.62000E-07  2.58000E-07  2.54000E-07  2.49000E-07
  2.44000E-07  2.39000E-07  2.34000E-07  2.28000E-07  2.23000E-07  2.17000E-07
  2.11000E-07  2.05000E-07  1.99000E-07  1.93000E-07  1.87000E-07  1.81000E-07
  1.75000E-07  1.68000E-07  1.62000E-07  1.56000E-07  1.49000E-07  1.43000E-07
 
  jn =  13
  2.03000E-72  1.00000E-72  1.39000E-65  5.48000E-51  1.48000E-41  4.61000E-34
  3.89000E-28  1.74000E-23  7.02000E-20  4.13000E-17  5.53000E-15  2.38000E-13
  4.33000E-12  4.08000E-11  2.36000E-10  9.38000E-10  2.81000E-09  6.76000E-09
  1.38000E-08  2.46000E-08  3.94000E-08  5.82000E-08  8.02000E-08  1.05000E-07
  1.30000E-07  1.56000E-07  1.81000E-07  2.05000E-07  2.28000E-07  2.48000E-07
  2.66000E-07  2.80000E-07  2.90000E-07  2.97000E-07  3.00000E-07  3.01000E-07
  3.01000E-07  2.99000E-07  2.97000E-07  2.94000E-07  2.91000E-07  2.88000E-07
  2.85000E-07  2.81000E-07  2.78000E-07  2.73000E-07  2.69000E-07  2.65000E-07
  2.60000E-07  2.56000E-07  2.51000E-07  2.46000E-07  2.41000E-07  2.36000E-07
  2.30000E-07  2.24000E-07  2.19000E-07  2.13000E-07  2.07000E-07  2.01000E-07
 
  jn =  14
  2.04000E-72  1.00000E-72  2.47000E-65  1.00000E-50  2.99000E-41  9.57000E-34
  8.31000E-28  3.81000E-23  1.53000E-19  8.44000E-17  9.89000E-15  3.65000E-13
  5.85000E-12  5.05000E-11  2.75000E-10  1.05000E-09  3.06000E-09  7.23000E-09
  1.45000E-08  2.57000E-08  4.10000E-08  6.02000E-08  8.28000E-08  1.08000E-07
  1.34000E-07  1.60000E-07  1.85000E-07  2.10000E-07  2.34000E-07  2.55000E-07
  2.74000E-07  2.88000E-07  2.99000E-07  3.07000E-07  3.11000E-07  3.13000E-07
  3.13000E-07  3.12000E-07  3.10000E-07  3.09000E-07  3.07000E-07  3.04000E-07
  3.02000E-07  2.99000E-07  2.96000E-07  2.93000E-07  2.90000E-07  2.86000E-07
  2.83000E-07  2.79000E-07  2.75000E-07  2.71000E-07  2.67000E-07  2.62000E-07
  2.58000E-07  2.53000E-07  2.48000E-07  2.43000E-07  2.37000E-07  2.32000E-07
 
  jn =  15
  2.04000E-72  1.00000E-72  3.28000E-65  1.44000E-50  4.38000E-41  1.44000E-33
  1.29000E-27  6.09000E-23  2.45000E-19  1.27000E-16  1.33000E-14  4.42000E-13
  6.60000E-12  5.47000E-11  2.90000E-10  1.09000E-09  3.15000E-09  7.40000E-09
  1.48000E-08  2.61000E-08  4.15000E-08  6.09000E-08  8.36000E-08  1.09000E-07
  1.35000E-07  1.62000E-07  1.87000E-07  2.12000E-07  2.36000E-07  2.58000E-07
  2.76000E-07  2.91000E-07  3.03000E-07  3.10000E-07  3.15000E-07  3.17000E-07
  3.17000E-07  3.16000E-07  3.15000E-07  3.14000E-07  3.12000E-07  3.10000E-07
  3.08000E-07  3.05000E-07  3.03000E-07  3.00000E-07  2.97000E-07  2.94000E-07
  2.91000E-07  2.87000E-07  2.84000E-07  2.80000E-07  2.76000E-07  2.72000E-07
  2.68000E-07  2.64000E-07  2.59000E-07  2.54000E-07  2.49000E-07  2.44000E-07
 
  Recombination Rate(jt,jn) (cm**3 s**-1)                                       
  jn =   1
  2.90000E-11  1.62000E-11  9.08000E-12  5.08000E-12  3.10000E-12  2.52000E-12
  1.80000E-12  1.34000E-12  1.05000E-12  8.35000E-13  6.65000E-13  5.36000E-13
  4.36000E-13  3.56000E-13  2.93000E-13  2.41000E-13  1.99000E-13  1.64000E-13
  1.35000E-13  1.12000E-13  9.17000E-14  7.52000E-14  6.14000E-14  5.00000E-14
  4.05000E-14  3.27000E-14  2.62000E-14  2.09000E-14  1.65000E-14  1.30000E-14
  1.02000E-14  7.94000E-15  6.14000E-15  4.72000E-15  3.61000E-15  2.75000E-15
  2.09000E-15  1.59000E-15  1.20000E-15  9.16000E-16  6.96000E-16  5.29000E-16
  4.03000E-16  3.06000E-16  2.33000E-16  1.77000E-16  1.35000E-16  1.03000E-16
  7.82000E-17  5.96000E-17  4.54000E-17  3.45000E-17  2.63000E-17  2.00000E-17
  1.53000E-17  1.16000E-17  8.87000E-18  6.76000E-18  5.16000E-18  3.93000E-18
 
  jn =   2
  4.64000E-11  2.46000E-11  1.31000E-11  6.94000E-12  4.02000E-12  3.13000E-12
  2.15000E-12  1.56000E-12  1.19000E-12  9.21000E-13  7.21000E-13  5.72000E-13
  4.59000E-13  3.71000E-13  3.02000E-13  2.47000E-13  2.03000E-13  1.67000E-13
  1.37000E-13  1.13000E-13  9.23000E-14  7.55000E-14  6.16000E-14  5.01000E-14
  4.06000E-14  3.27000E-14  2.62000E-14  2.09000E-14  1.65000E-14  1.30000E-14
  1.02000E-14  7.93000E-15  6.13000E-15  4.71000E-15  3.60000E-15  2.74000E-15
  2.08000E-15  1.58000E-15  1.20000E-15  9.14000E-16  6.95000E-16  5.29000E-16
  4.02000E-16  3.06000E-16  2.33000E-16  1.77000E-16  1.35000E-16  1.03000E-16
  7.81000E-17  5.95000E-17  4.53000E-17  3.45000E-17  2.63000E-17  2.00000E-17
  1.53000E-17  1.16000E-17  8.86000E-18  6.76000E-18  5.15000E-18  3.93000E-18
 
  jn =   3
  4.74000E-11  2.79000E-11  1.64000E-11  9.67000E-12  5.87000E-12  3.97000E-12
  2.67000E-12  1.89000E-12  1.39000E-12  1.04000E-12  7.99000E-13  6.22000E-13
  4.92000E-13  3.93000E-13  3.17000E-13  2.57000E-13  2.09000E-13  1.71000E-13
  1.40000E-13  1.14000E-13  9.35000E-14  7.63000E-14  6.21000E-14  5.04000E-14
  4.07000E-14  3.28000E-14  2.63000E-14  2.09000E-14  1.65000E-14  1.30000E-14
  1.02000E-14  7.92000E-15  6.13000E-15  4.71000E-15  3.60000E-15  2.74000E-15
  2.08000E-15  1.58000E-15  1.20000E-15  9.13000E-16  6.94000E-16  5.28000E-16
  4.01000E-16  3.05000E-16  2.32000E-16  1.77000E-16  1.34000E-16  1.02000E-16
  7.79000E-17  5.94000E-17  4.52000E-17  3.44000E-17  2.62000E-17  2.00000E-17
  1.52000E-17  1.16000E-17  8.85000E-18  6.74000E-18  5.14000E-18  3.92000E-18
 
  jn =   4
  9.27000E-11  5.07000E-11  2.78000E-11  1.52000E-11  8.61000E-12  5.52000E-12
  3.54000E-12  2.40000E-12  1.69000E-12  1.23000E-12  9.20000E-13  7.02000E-13
  5.45000E-13  4.29000E-13  3.41000E-13  2.74000E-13  2.21000E-13  1.79000E-13
  1.46000E-13  1.18000E-13  9.63000E-14  7.82000E-14  6.34000E-14  5.13000E-14
  4.14000E-14  3.32000E-14  2.66000E-14  2.11000E-14  1.66000E-14  1.31000E-14
  1.02000E-14  7.95000E-15  6.14000E-15  4.71000E-15  3.60000E-15  2.74000E-15
  2.08000E-15  1.58000E-15  1.20000E-15  9.12000E-16  6.93000E-16  5.27000E-16
  4.01000E-16  3.05000E-16  2.32000E-16  1.76000E-16  1.34000E-16  1.02000E-16
  7.78000E-17  5.92000E-17  4.51000E-17  3.44000E-17  2.62000E-17  1.99000E-17
  1.52000E-17  1.16000E-17  8.83000E-18  6.73000E-18  5.13000E-18  3.91000E-18
 
  jn =   5
  1.68000E-10  9.05000E-11  4.88000E-11  2.63000E-11  1.44000E-11  8.36000E-12
  5.13000E-12  3.34000E-12  2.27000E-12  1.60000E-12  1.16000E-12  8.63000E-13
  6.57000E-13  5.08000E-13  3.97000E-13  3.14000E-13  2.50000E-13  2.00000E-13
  1.61000E-13  1.29000E-13  1.04000E-13  8.36000E-14  6.72000E-14  5.40000E-14
  4.32000E-14  3.45000E-14  2.74000E-14  2.17000E-14  1.70000E-14  1.33000E-14
  1.04000E-14  8.07000E-15  6.22000E-15  4.77000E-15  3.63000E-15  2.76000E-15
  2.09000E-15  1.59000E-15  1.21000E-15  9.15000E-16  6.95000E-16  5.28000E-16
  4.01000E-16  3.05000E-16  2.32000E-16  1.76000E-16  1.34000E-16  1.02000E-16
  7.77000E-17  5.92000E-17  4.51000E-17  3.43000E-17  2.61000E-17  1.99000E-17
  1.52000E-17  1.16000E-17  8.82000E-18  6.72000E-18  5.12000E-18  3.91000E-18
 
  jn =   6
  4.58000E-10  2.24000E-10  1.10000E-10  5.38000E-11  2.71000E-11  1.53000E-11
  8.97000E-12  5.60000E-12  3.68000E-12  2.51000E-12  1.76000E-12  1.27000E-12
  9.40000E-13  7.07000E-13  5.39000E-13  4.15000E-13  3.22000E-13  2.52000E-13
  1.98000E-13  1.55000E-13  1.23000E-13  9.70000E-14  7.68000E-14  6.07000E-14
  4.80000E-14  3.79000E-14  2.98000E-14  2.33000E-14  1.82000E-14  1.41000E-14
  1.09000E-14  8.43000E-15  6.46000E-15  4.93000E-15  3.74000E-15  2.83000E-15
  2.14000E-15  1.62000E-15  1.23000E-15  9.28000E-16  7.03000E-16  5.33000E-16
  4.05000E-16  3.07000E-16  2.33000E-16  1.77000E-16  1.35000E-16  1.03000E-16
  7.80000E-17  5.93000E-17  4.52000E-17  3.44000E-17  2.62000E-17  1.99000E-17
  1.52000E-17  1.16000E-17  8.82000E-18  6.72000E-18  5.13000E-18  3.91000E-18
 
  jn =   7
  1.21000E-09  5.76000E-10  2.75000E-10  1.31000E-10  6.42000E-11  3.51000E-11
  2.01000E-11  1.22000E-11  7.69000E-12  5.02000E-12  3.36000E-12  2.31000E-12
  1.63000E-12  1.17000E-12  8.56000E-13  6.34000E-13  4.74000E-13  3.58000E-13
  2.72000E-13  2.08000E-13  1.60000E-13  1.23000E-13  9.56000E-14  7.42000E-14
  5.76000E-14  4.47000E-14  3.46000E-14  2.67000E-14  2.06000E-14  1.58000E-14
  1.21000E-14  9.23000E-15  7.01000E-15  5.30000E-15  4.00000E-15  3.00000E-15
  2.26000E-15  1.70000E-15  1.28000E-15  9.63000E-16  7.27000E-16  5.49000E-16
  4.15000E-16  3.14000E-16  2.38000E-16  1.80000E-16  1.37000E-16  1.04000E-16
  7.89000E-17  5.99000E-17  4.55000E-17  3.46000E-17  2.63000E-17  2.00000E-17
  1.53000E-17  1.16000E-17  8.85000E-18  6.74000E-18  5.14000E-18  3.92000E-18
 
  jn =   8
  3.24000E-09  1.57000E-09  7.61000E-10  3.69000E-10  1.81000E-10  9.59000E-11
  5.41000E-11  3.18000E-11  1.91000E-11  1.17000E-11  7.31000E-12  4.69000E-12
  3.09000E-12  2.09000E-12  1.44000E-12  1.02000E-12  7.27000E-13  5.28000E-13
  3.88000E-13  2.88000E-13  2.15000E-13  1.63000E-13  1.23000E-13  9.40000E-14
  7.18000E-14  5.49000E-14  4.20000E-14  3.20000E-14  2.43000E-14  1.85000E-14
  1.40000E-14  1.06000E-14  7.97000E-15  5.97000E-15  4.46000E-15  3.33000E-15
  2.48000E-15  1.85000E-15  1.39000E-15  1.04000E-15  7.78000E-16  5.84000E-16
  4.39000E-16  3.31000E-16  2.49000E-16  1.88000E-16  1.42000E-16  1.07000E-16
  8.12000E-17  6.15000E-17  4.66000E-17  3.53000E-17  2.68000E-17  2.04000E-17
  1.55000E-17  1.18000E-17  8.94000E-18  6.80000E-18  5.18000E-18  3.94000E-18
 
  jn =   9
  1.03000E-08  4.92000E-09  2.35000E-09  1.12000E-09  5.46000E-10  2.88000E-10
  1.59000E-10  9.02000E-11  5.11000E-11  2.88000E-11  1.64000E-11  9.64000E-12
  5.83000E-12  3.65000E-12  2.36000E-12  1.57000E-12  1.07000E-12  7.46000E-13
  5.30000E-13  3.82000E-13  2.80000E-13  2.07000E-13  1.54000E-13  1.16000E-13
  8.73000E-14  6.60000E-14  5.00000E-14  3.79000E-14  2.86000E-14  2.16000E-14
  1.62000E-14  1.22000E-14  9.14000E-15  6.82000E-15  5.08000E-15  3.77000E-15
  2.80000E-15  2.08000E-15  1.55000E-15  1.15000E-15  8.59000E-16  6.41000E-16
  4.79000E-16  3.59000E-16  2.69000E-16  2.02000E-16  1.52000E-16  1.14000E-16
  8.58000E-17  6.47000E-17  4.88000E-17  3.68000E-17  2.78000E-17  2.11000E-17
  1.59000E-17  1.21000E-17  9.16000E-18  6.95000E-18  5.28000E-18  4.01000E-18
 
  jn =  10
  3.18000E-08  1.52000E-08  8.09000E-09  3.50000E-09  1.70000E-09  8.90000E-10
  4.86000E-10  2.65000E-10  1.40000E-10  7.12000E-11  3.64000E-11  1.92000E-11
  1.06000E-11  6.12000E-12  3.70000E-12  2.33000E-12  1.51000E-12  1.01000E-12
  6.97000E-13  4.90000E-13  3.50000E-13  2.54000E-13  1.86000E-13  1.38000E-13
  1.03000E-13  7.69000E-14  5.78000E-14  4.34000E-14  3.26000E-14  2.45000E-14
  1.83000E-14  1.37000E-14  1.03000E-14  7.64000E-15  5.68000E-15  4.21000E-15
  3.12000E-15  2.31000E-15  1.72000E-15  1.28000E-15  9.49000E-16  7.07000E-16
  5.27000E-16  3.94000E-16  2.94000E-16  2.20000E-16  1.65000E-16  1.23000E-16
  9.26000E-17  6.95000E-17  5.22000E-17  3.93000E-17  2.96000E-17  2.23000E-17
  1.68000E-17  1.27000E-17  9.58000E-18  7.24000E-18  5.48000E-18  4.15000E-18
 
  jn =  11
  1.00000E-07  4.81000E-08  2.51000E-08  1.10000E-08  5.36000E-09  2.79000E-09
  1.51000E-09  7.94000E-10  3.90000E-10  1.80000E-10  8.32000E-11  3.99000E-11
  2.02000E-11  1.08000E-11  6.06000E-12  3.57000E-12  2.19000E-12  1.40000E-12
  9.23000E-13  6.26000E-13  4.34000E-13  3.07000E-13  2.21000E-13  1.61000E-13
  1.18000E-13  8.77000E-14  6.53000E-14  4.87000E-14  3.64000E-14  2.72000E-14
  2.03000E-14  1.52000E-14  1.13000E-14  8.40000E-15  6.23000E-15  4.61000E-15
  3.41000E-15  2.53000E-15  1.87000E-15  1.39000E-15  1.03000E-15  7.69000E-16
  5.73000E-16  4.27000E-16  3.19000E-16  2.38000E-16  1.78000E-16  1.33000E-16
  9.96000E-17  7.46000E-17  5.60000E-17  4.20000E-17  3.16000E-17  2.37000E-17
  1.78000E-17  1.34000E-17  1.01000E-17  7.63000E-18  5.76000E-18  4.35000E-18
 
  jn =  12
  3.19000E-07  1.52000E-07  7.88000E-08  3.48000E-08  1.69000E-08  8.80000E-09
  4.71000E-09  2.43000E-09  1.14000E-09  4.89000E-10  2.07000E-10  9.00000E-11
  4.10000E-11  1.97000E-11  1.00000E-11  5.41000E-12  3.10000E-12  1.86000E-12
  1.17000E-12  7.66000E-13  5.17000E-13  3.58000E-13  2.53000E-13  1.82000E-13
  1.32000E-13  9.72000E-14  7.20000E-14  5.34000E-14  3.97000E-14  2.96000E-14
  2.20000E-14  1.64000E-14  1.22000E-14  9.06000E-15  6.72000E-15  4.97000E-15
  3.67000E-15  2.72000E-15  2.01000E-15  1.49000E-15  1.11000E-15  8.25000E-16
  6.14000E-16  4.57000E-16  3.41000E-16  2.54000E-16  1.90000E-16  1.42000E-16
  1.06000E-16  7.94000E-17  5.95000E-17  4.46000E-17  3.35000E-17  2.51000E-17
  1.89000E-17  1.42000E-17  1.07000E-17  8.03000E-18  6.05000E-18  4.56000E-18
 
  jn =  13
  1.01000E-06  4.82000E-07  2.48000E-07  1.10000E-07  5.33000E-08  2.78000E-08
  1.48000E-08  7.56000E-09  3.43000E-09  1.38000E-09  5.24000E-10  1.98000E-10
  7.76000E-11  3.27000E-11  1.50000E-11  7.52000E-12  4.05000E-12  2.34000E-12
  1.42000E-12  9.09000E-13  6.03000E-13  4.12000E-13  2.88000E-13  2.06000E-13
  1.49000E-13  1.09000E-13  8.01000E-14  5.92000E-14  4.39000E-14  3.26000E-14
  2.42000E-14  1.80000E-14  1.34000E-14  9.89000E-15  7.31000E-15  5.39000E-15
  3.98000E-15  2.94000E-15  2.17000E-15  1.61000E-15  1.19000E-15  8.86000E-16
  6.58000E-16  4.89000E-16  3.64000E-16  2.71000E-16  2.02000E-16  1.51000E-16
  1.13000E-16  8.43000E-17  6.30000E-17  4.72000E-17  3.53000E-17  2.65000E-17
  1.99000E-17  1.49000E-17  1.12000E-17  8.42000E-18  6.34000E-18  4.77000E-18
 
  jn =  14
  3.20000E-06  1.53000E-06  7.85000E-07  3.47000E-07  1.68000E-07  8.76000E-08
  4.68000E-08  2.37000E-08  1.04000E-08  3.83000E-09  1.25000E-09  4.00000E-10
  1.37000E-10  5.25000E-11  2.25000E-11  1.07000E-11  5.58000E-12  3.14000E-12
  1.88000E-12  1.19000E-12  7.79000E-13  5.28000E-13  3.67000E-13  2.61000E-13
  1.87000E-13  1.36000E-13  9.98000E-14  7.34000E-14  5.42000E-14  4.01000E-14
  2.96000E-14  2.19000E-14  1.61000E-14  1.19000E-14  8.71000E-15  6.39000E-15
  4.68000E-15  3.43000E-15  2.52000E-15  1.86000E-15  1.37000E-15  1.01000E-15
  7.47000E-16  5.53000E-16  4.09000E-16  3.03000E-16  2.25000E-16  1.67000E-16
  1.24000E-16  9.26000E-17  6.90000E-17  5.15000E-17  3.84000E-17  2.87000E-17
  2.14000E-17  1.60000E-17  1.20000E-17  9.00000E-18  6.75000E-18  5.07000E-18
 
  jn =  15
  1.01000E-05  4.83000E-06  2.50000E-06  1.10000E-06  5.32000E-07  2.77000E-07
  1.48000E-07  7.43000E-08  3.17000E-08  1.06000E-08  3.04000E-09  8.65000E-10
  2.74000E-10  9.94000E-11  4.11000E-11  1.90000E-11  9.71000E-12  5.37000E-12
  3.18000E-12  1.99000E-12  1.30000E-12  8.75000E-13  6.05000E-13  4.27000E-13
  3.05000E-13  2.20000E-13  1.60000E-13  1.17000E-13  8.56000E-14  6.29000E-14
  4.61000E-14  3.37000E-14  2.46000E-14  1.79000E-14  1.30000E-14  9.39000E-15
  6.79000E-15  4.92000E-15  3.57000E-15  2.59000E-15  1.89000E-15  1.38000E-15
  1.01000E-15  7.36000E-16  5.39000E-16  3.95000E-16  2.90000E-16  2.13000E-16
  1.57000E-16  1.16000E-16  8.54000E-17  6.31000E-17  4.67000E-17  3.45000E-17
  2.56000E-17  1.90000E-17  1.41000E-17  1.05000E-17  7.81000E-18  5.82000E-18
 
  Neutral Electron Losses(jt,jn)  (erg s**-1)                                   
  jn =   1
  1.00000E-72  1.00000E-72  1.00000E-72  8.34000E-44  1.28000E-36  6.41000E-31
  2.10000E-26  7.87000E-23  5.31000E-20  9.37000E-18  5.80000E-16  1.57000E-14
  2.17000E-13  1.75000E-12  9.21000E-12  3.45000E-11  9.90000E-11  2.30000E-10
  4.53000E-10  7.82000E-10  1.21000E-09  1.73000E-09  2.29000E-09  2.88000E-09
  3.45000E-09  3.98000E-09  4.43000E-09  4.86000E-09  5.24000E-09  5.57000E-09
  5.82000E-09  5.98000E-09  6.08000E-09  6.10000E-09  6.06000E-09  5.99000E-09
  5.89000E-09  5.77000E-09  5.65000E-09  5.53000E-09  5.40000E-09  5.27000E-09
  5.14000E-09  5.00000E-09  4.87000E-09  4.75000E-09  4.62000E-09  4.50000E-09
  4.38000E-09  4.26000E-09  4.14000E-09  4.03000E-09  3.92000E-09  3.82000E-09
  3.71000E-09  3.61000E-09  3.51000E-09  3.42000E-09  3.32000E-09  3.23000E-09
 
  jn =   2
  1.00000E-72  1.00000E-72  1.00000E-72  2.63544E-43  4.04480E-36  2.02556E-30
  6.63600E-26  2.48692E-22  1.67796E-19  2.96092E-17  1.83280E-15  4.96120E-14
  6.85720E-13  5.53000E-12  2.91036E-11  1.09020E-10  3.12840E-10  7.26800E-10
  1.43148E-09  2.47112E-09  3.82360E-09  5.46680E-09  7.23640E-09  9.10080E-09
  1.09020E-08  1.25768E-08  1.39988E-08  1.53260E-08  1.65584E-08  1.76012E-08
  1.83596E-08  1.88968E-08  1.91812E-08  1.92760E-08  1.91496E-08  1.89284E-08
  1.86124E-08  1.82332E-08  1.78540E-08  1.74748E-08  1.70640E-08  1.66532E-08
  1.62108E-08  1.58000E-08  1.53892E-08  1.50100E-08  1.45992E-08  1.42200E-08
  1.38408E-08  1.34616E-08  1.30824E-08  1.27348E-08  1.23872E-08  1.20712E-08
  1.17236E-08  1.14076E-08  1.10916E-08  1.08072E-08  1.04912E-08  1.02068E-08
 
  jn =   3
  1.00000E-72  1.00000E-72  1.00000E-72  8.34000E-43  1.28000E-35  6.41000E-30
  2.10000E-25  7.87000E-22  5.31000E-19  9.37000E-17  5.80000E-15  1.57000E-13
  2.17000E-12  1.75000E-11  9.21000E-11  3.45000E-10  9.89000E-10  2.30000E-09
  4.53000E-09  7.81000E-09  1.21000E-08  1.72000E-08  2.29000E-08  2.87000E-08
  3.45000E-08  3.97000E-08  4.43000E-08  4.85000E-08  5.24000E-08  5.56000E-08
  5.81000E-08  5.98000E-08  6.07000E-08  6.09000E-08  6.06000E-08  5.98000E-08
  5.89000E-08  5.77000E-08  5.65000E-08  5.53000E-08  5.40000E-08  5.27000E-08
  5.13000E-08  5.00000E-08  4.87000E-08  4.75000E-08  4.62000E-08  4.50000E-08
  4.38000E-08  4.26000E-08  4.14000E-08  4.03000E-08  3.92000E-08  3.82000E-08
  3.71000E-08  3.61000E-08  3.51000E-08  3.42000E-08  3.32000E-08  3.23000E-08
 
  jn =   4
  1.00000E-72  1.00000E-72  1.00000E-72  2.63544E-42  4.04480E-35  2.02556E-29
  6.63600E-25  2.48692E-21  1.67796E-18  2.96092E-16  1.83280E-14  4.96120E-13
  6.85720E-12  5.53000E-11  2.90720E-10  1.09020E-09  3.12208E-09  7.23640E-09
  1.42832E-08  2.46164E-08  3.82360E-08  5.43520E-08  7.20480E-08  9.06920E-08
  1.08704E-07  1.25452E-07  1.39672E-07  1.52944E-07  1.65268E-07  1.75696E-07
  1.83280E-07  1.88652E-07  1.91496E-07  1.92444E-07  1.91180E-07  1.88968E-07
  1.85808E-07  1.82332E-07  1.78540E-07  1.74432E-07  1.70324E-07  1.66216E-07
  1.62108E-07  1.58000E-07  1.53892E-07  1.49784E-07  1.45992E-07  1.42200E-07
  1.38408E-07  1.34616E-07  1.30824E-07  1.27348E-07  1.23872E-07  1.20712E-07
  1.17236E-07  1.14076E-07  1.10916E-07  1.08072E-07  1.04912E-07  1.02068E-07
 
  jn =   5
  1.00000E-72  1.00000E-72  1.00000E-72  8.34000E-42  1.28000E-34  6.41000E-29
  2.10000E-24  7.87000E-21  5.31000E-18  9.37000E-16  5.80000E-14  1.57000E-12
  2.17000E-11  1.75000E-10  9.18000E-10  3.44000E-09  9.84000E-09  2.28000E-08
  4.49000E-08  7.74000E-08  1.20000E-07  1.71000E-07  2.27000E-07  2.85000E-07
  3.41000E-07  3.94000E-07  4.39000E-07  4.81000E-07  5.20000E-07  5.53000E-07
  5.78000E-07  5.95000E-07  6.04000E-07  6.07000E-07  6.03000E-07  5.96000E-07
  5.87000E-07  5.76000E-07  5.64000E-07  5.51000E-07  5.38000E-07  5.26000E-07
  5.13000E-07  5.00000E-07  4.87000E-07  4.74000E-07  4.62000E-07  4.49000E-07
  4.37000E-07  4.26000E-07  4.14000E-07  4.03000E-07  3.92000E-07  3.81000E-07
  3.71000E-07  3.61000E-07  3.51000E-07  3.42000E-07  3.32000E-07  3.23000E-07
 
  jn =   6
  1.00000E-72  1.00000E-72  1.00000E-72  2.63544E-41  4.04480E-34  2.02556E-28
  6.63600E-24  2.48692E-20  1.67796E-17  2.96092E-15  1.83280E-13  4.92960E-12
  6.82560E-11  5.49840E-10  2.88508E-09  1.07756E-08  3.07152E-08  7.11000E-08
  1.39672E-07  2.40160E-07  3.72880E-07  5.27720E-07  7.01520E-07  8.81640E-07
  1.05860E-06  1.21976E-06  1.36196E-06  1.49468E-06  1.61792E-06  1.72220E-06
  1.80120E-06  1.85808E-06  1.88652E-06  1.89600E-06  1.88968E-06  1.86756E-06
  1.83912E-06  1.80436E-06  1.76960E-06  1.73168E-06  1.69376E-06  1.65268E-06
  1.61160E-06  1.57368E-06  1.53260E-06  1.49468E-06  1.45360E-06  1.41568E-06
  1.37776E-06  1.34300E-06  1.30508E-06  1.27032E-06  1.23556E-06  1.20396E-06
  1.17236E-06  1.14076E-06  1.10916E-06  1.07756E-06  1.04912E-06  1.02068E-06
 
  jn =   7
  1.00000E-72  1.00000E-72  1.00000E-72  8.34000E-41  1.28000E-33  6.41000E-28
  2.10000E-23  7.87000E-20  5.31000E-17  9.37000E-15  5.80000E-13  1.56000E-11
  2.15000E-10  1.73000E-09  9.00000E-09  3.34000E-08  9.47000E-08  2.18000E-07
  4.25000E-07  7.28000E-07  1.12000E-06  1.59000E-06  2.11000E-06  2.65000E-06
  3.19000E-06  3.69000E-06  4.12000E-06  4.53000E-06  4.91000E-06  5.24000E-06
  5.50000E-06  5.68000E-06  5.79000E-06  5.83000E-06  5.82000E-06  5.77000E-06
  5.69000E-06  5.60000E-06  5.49000E-06  5.39000E-06  5.27000E-06  5.16000E-06
  5.04000E-06  4.92000E-06  4.80000E-06  4.68000E-06  4.56000E-06  4.45000E-06
  4.33000E-06  4.22000E-06  4.11000E-06  4.00000E-06  3.89000E-06  3.79000E-06
  3.69000E-06  3.59000E-06  3.50000E-06  3.40000E-06  3.31000E-06  3.22000E-06
 
  jn =   8
  1.00000E-72  1.00000E-72  1.00000E-72  2.63228E-40  4.04480E-33  2.02240E-27
  6.63600E-23  2.48376E-19  1.67796E-16  2.95776E-14  1.82964E-12  4.89800E-11
  6.73080E-10  5.37200E-09  2.76500E-08  1.01436E-07  2.84400E-07  6.47800E-07
  1.24820E-06  2.12036E-06  3.25480E-06  4.58200E-06  6.06720E-06  7.61560E-06
  9.16400E-06  1.05860E-05  1.18500E-05  1.30824E-05  1.42200E-05  1.51996E-05
  1.60212E-05  1.66216E-05  1.70008E-05  1.71904E-05  1.72220E-05  1.71272E-05
  1.69692E-05  1.67480E-05  1.64952E-05  1.62424E-05  1.59580E-05  1.56420E-05
  1.53260E-05  1.50100E-05  1.46940E-05  1.43464E-05  1.40304E-05  1.37144E-05
  1.33668E-05  1.30508E-05  1.27348E-05  1.24188E-05  1.21028E-05  1.18184E-05
  1.15024E-05  1.12180E-05  1.09336E-05  1.06492E-05  1.03648E-05  1.01120E-05
 
  jn =   9
  1.00000E-72  1.00000E-72  1.00000E-72  8.31000E-40  1.28000E-32  6.39000E-27
  2.09000E-22  7.85000E-19  5.30000E-16  9.34000E-14  5.75000E-12  1.54000E-10
  2.08000E-09  1.64000E-08  8.32000E-08  3.00000E-07  8.27000E-07  1.85000E-06
  3.52000E-06  5.89000E-06  8.93000E-06  1.25000E-05  1.64000E-05  2.05000E-05
  2.45000E-05  2.84000E-05  3.17000E-05  3.50000E-05  3.82000E-05  4.10000E-05
  4.33000E-05  4.51000E-05  4.64000E-05  4.71000E-05  4.75000E-05  4.75000E-05
  4.73000E-05  4.70000E-05  4.66000E-05  4.61000E-05  4.55000E-05  4.49000E-05
  4.42000E-05  4.35000E-05  4.28000E-05  4.21000E-05  4.13000E-05  4.05000E-05
  3.98000E-05  3.90000E-05  3.82000E-05  3.74000E-05  3.66000E-05  3.58000E-05
  3.50000E-05  3.42000E-05  3.34000E-05  3.26000E-05  3.19000E-05  3.11000E-05
 
  jn =  10
  1.00000E-72  1.00000E-72  1.00000E-72  2.60384E-39  4.01320E-32  2.00660E-26
  6.57280E-22  2.46796E-18  1.66532E-15  2.92932E-13  1.79488E-11  4.74000E-10
  6.32000E-09  4.83480E-08  2.40160E-07  8.43720E-07  2.25940E-06  4.92960E-06
  9.10080E-06  1.48836E-05  2.20252E-05  3.02412E-05  3.91840E-05  4.83480E-05
  5.71960E-05  6.57280E-05  7.36280E-05  8.12120E-05  8.84800E-05  9.54320E-05
  1.01120E-04  1.06176E-04  1.09968E-04  1.12496E-04  1.14392E-04  1.15656E-04
  1.16288E-04  1.16288E-04  1.16288E-04  1.16288E-04  1.15656E-04  1.15340E-04
  1.14392E-04  1.13444E-04  1.12496E-04  1.11548E-04  1.10284E-04  1.09020E-04
  1.07756E-04  1.06492E-04  1.05228E-04  1.03648E-04  1.02068E-04  1.00488E-04
  9.89080E-05  9.73280E-05  9.57480E-05  9.41680E-05  9.22720E-05  9.06920E-05
 
  jn =  11
  1.00000E-72  1.00000E-72  1.08000E-47  8.01000E-39  1.24000E-31  6.21000E-26
  2.04000E-21  7.67000E-18  5.18000E-15  9.06000E-13  5.47000E-11  1.41000E-09
  1.81000E-08  1.33000E-07  6.24000E-07  2.08000E-06  5.28000E-06  1.09000E-05
  1.93000E-05  3.02000E-05  4.32000E-05  5.76000E-05  7.27000E-05  8.81000E-05
  1.03000E-04  1.18000E-04  1.31000E-04  1.44000E-04  1.57000E-04  1.70000E-04
  1.82000E-04  1.92000E-04  2.01000E-04  2.09000E-04  2.15000E-04  2.20000E-04
  2.25000E-04  2.29000E-04  2.32000E-04  2.35000E-04  2.37000E-04  2.39000E-04
  2.41000E-04  2.42000E-04  2.43000E-04  2.44000E-04  2.44000E-04  2.45000E-04
  2.45000E-04  2.44000E-04  2.44000E-04  2.43000E-04  2.42000E-04  2.41000E-04
  2.40000E-04  2.39000E-04  2.37000E-04  2.35000E-04  2.33000E-04  2.31000E-04
 
  jn =  12
  1.00000E-72  1.00000E-72  2.15196E-47  2.33208E-38  3.63400E-31  1.83596E-25
  6.06720E-21  2.29732E-17  1.55156E-14  2.67968E-12  1.56104E-10  3.76040E-09
  4.45560E-08  2.97988E-07  1.27980E-06  3.91840E-06  9.25880E-06  1.80120E-05
  3.02096E-05  4.51880E-05  6.25680E-05  8.12120E-05  1.00488E-04  1.20080E-04
  1.39040E-04  1.57368E-04  1.74432E-04  1.91812E-04  2.10140E-04  2.28152E-04
  2.44900E-04  2.61016E-04  2.75552E-04  2.88508E-04  3.00832E-04  3.11892E-04
  3.22320E-04  3.31800E-04  3.41280E-04  3.50760E-04  3.60240E-04  3.66560E-04
  3.76040E-04  3.82360E-04  3.88680E-04  3.98160E-04  4.04480E-04  4.10800E-04
  4.17120E-04  4.20280E-04  4.26600E-04  4.32920E-04  4.36080E-04  4.39240E-04
  4.42400E-04  4.45560E-04  4.48720E-04  4.51880E-04  4.55040E-04  4.55040E-04
 
  jn =  13
  1.00000E-72  1.00000E-72  5.38000E-47  5.91000E-38  9.38000E-31  4.82000E-25
  1.62000E-20  6.23000E-17  4.22000E-14  7.05000E-12  3.78000E-10  8.06000E-09
  8.33000E-08  4.94000E-07  1.93000E-06  5.48000E-06  1.22000E-05  2.28000E-05
  3.69000E-05  5.39000E-05  7.31000E-05  9.35000E-05  1.14000E-04  1.36000E-04
  1.57000E-04  1.77000E-04  1.95000E-04  2.15000E-04  2.35000E-04  2.56000E-04
  2.76000E-04  2.95000E-04  3.12000E-04  3.29000E-04  3.45000E-04  3.60000E-04
  3.74000E-04  3.89000E-04  4.03000E-04  4.16000E-04  4.30000E-04  4.44000E-04
  4.57000E-04  4.71000E-04  4.84000E-04  4.98000E-04  5.11000E-04  5.24000E-04
  5.37000E-04  5.50000E-04  5.62000E-04  5.75000E-04  5.87000E-04  5.98000E-04
  6.10000E-04  6.21000E-04  6.32000E-04  6.42000E-04  6.52000E-04  6.62000E-04
 
  jn =  14
  1.00000E-72  1.00000E-72  9.66960E-47  1.14392E-37  1.87388E-30  9.92240E-25
  3.44440E-20  1.35564E-16  9.22720E-14  1.45360E-11  6.85720E-10  1.25768E-08
  1.14708E-07  6.22520E-07  2.29100E-06  6.25680E-06  1.35880E-05  2.48060E-05
  3.95000E-05  5.75120E-05  7.71040E-05  9.79600E-05  1.19764E-04  1.41568E-04
  1.63056E-04  1.83596E-04  2.02872E-04  2.23096E-04  2.44584E-04  2.66072E-04
  2.86928E-04  3.06836E-04  3.25480E-04  3.44440E-04  3.60240E-04  3.79200E-04
  3.95000E-04  4.10800E-04  4.26600E-04  4.42400E-04  4.58200E-04  4.74000E-04
  4.89800E-04  5.08760E-04  5.24560E-04  5.40360E-04  5.56160E-04  5.75120E-04
  5.90920E-04  6.06720E-04  6.25680E-04  6.41480E-04  6.57280E-04  6.76240E-04
  6.92040E-04  7.07840E-04  7.23640E-04  7.39440E-04  7.55240E-04  7.71040E-04
 
  jn =  15
  1.00000E-72  1.00000E-72  1.29000E-46  1.63000E-37  2.74000E-30  1.49000E-24
  5.34000E-20  2.16000E-16  1.48000E-13  2.19000E-11  9.23000E-10  1.53000E-08
  1.31000E-07  6.81000E-07  2.44000E-06  6.56000E-06  1.41000E-05  2.55000E-05
  4.06000E-05  5.86000E-05  7.86000E-05  9.98000E-05  1.22000E-04  1.44000E-04
  1.65000E-04  1.86000E-04  2.06000E-04  2.26000E-04  2.48000E-04  2.70000E-04
  2.91000E-04  3.11000E-04  3.31000E-04  3.49000E-04  3.67000E-04  3.84000E-04
  4.01000E-04  4.18000E-04  4.35000E-04  4.52000E-04  4.69000E-04  4.86000E-04
  5.03000E-04  5.21000E-04  5.39000E-04  5.56000E-04  5.74000E-04  5.93000E-04
  6.11000E-04  6.29000E-04  6.48000E-04  6.67000E-04  6.86000E-04  7.04000E-04
  7.23000E-04  7.42000E-04  7.61000E-04  7.79000E-04  7.97000E-04  8.16000E-04
 
  Continuum Electron Losses(jt,jn)  (erg s**-1)                                 
  jn =   1
  5.27980E-04  1.47360E-09  1.01470E-12  5.37020E-13  3.83400E-13  2.72160E-13
  2.02110E-13  1.52690E-13  1.16760E-13  9.05320E-14  7.09920E-14  5.60960E-14
  4.45710E-14  3.55400E-14  2.83950E-14  2.27010E-14  1.81410E-14  1.44750E-14
  1.15240E-14  9.14490E-15  7.22840E-15  5.69180E-15  4.46680E-15  3.49400E-15
  2.71920E-15  2.10560E-15  1.62670E-15  1.24950E-15  9.54550E-16  7.26530E-16
  5.51110E-16  4.16360E-16  3.13080E-16  2.34400E-16  1.74920E-16  1.30230E-16
  9.68530E-17  7.20140E-17  5.35520E-17  3.98260E-17  2.96220E-17  2.20340E-17
  1.63910E-17  1.21950E-17  9.07340E-18  6.75160E-18  5.02450E-18  3.73950E-18
  2.78340E-18  2.07190E-18  1.54240E-18  1.14840E-18  8.55060E-19  6.36730E-19
  4.74170E-19  3.53150E-19  2.63040E-19  1.95940E-19  1.45960E-19  1.08750E-19
 
  jn =   2
  1.87698E-03  3.57270E-09  3.83150E-12  2.33432E-12  1.61874E-12  1.08040E-12
  7.77455E-13  5.70601E-13  4.23977E-13  3.21024E-13  2.46982E-13  1.92017E-13
  1.50504E-13  1.18667E-13  9.39215E-14  7.45002E-14  5.91426E-14  4.69323E-14
  3.71869E-14  2.93956E-14  2.31587E-14  1.81852E-14  1.42377E-14  1.11147E-14
  8.63533E-15  6.67708E-15  5.15206E-15  3.95316E-15  3.01736E-15  2.29489E-15
  1.73967E-15  1.31355E-15  9.87279E-16  7.38871E-16  5.51199E-16  4.10294E-16
  3.05066E-16  2.26793E-16  1.68621E-16  1.25382E-16  9.32421E-17  6.93462E-17
  5.15807E-17  3.83687E-17  2.85468E-17  2.12399E-17  1.58051E-17  1.17618E-17
  8.75415E-18  6.51592E-18  4.85060E-18  3.61093E-18  2.68869E-18  2.00202E-18
  1.49089E-18  1.11033E-18  8.27004E-19  6.16010E-19  4.58895E-19  3.41880E-19
 
  jn =   3
  7.69320E-02  3.54850E-08  1.46960E-11  1.06110E-11  7.78070E-12  4.45990E-12
  3.16060E-12  2.27110E-12  1.61800E-12  1.18620E-12  8.92890E-13  6.80510E-13
  5.24470E-13  4.07870E-13  3.19100E-13  2.50630E-13  1.97290E-13  1.55420E-13
  1.22380E-13  9.62030E-14  7.54320E-14  5.89860E-14  4.60140E-14  3.58060E-14
  2.77400E-14  2.13960E-14  1.64720E-14  1.26140E-14  9.61050E-15  7.29780E-15
  5.52440E-15  4.16610E-15  3.12790E-15  2.33870E-15  1.74320E-15  1.29670E-15
  9.63540E-16  7.15920E-16  5.32010E-16  3.95400E-16  2.93920E-16  2.18510E-16
  1.62470E-16  1.20810E-16  8.98540E-17  6.68360E-17  4.97200E-17  3.69930E-17
  2.75260E-17  2.04840E-17  1.52460E-17  1.13490E-17  8.44840E-18  6.29010E-18
  4.68370E-18  3.48790E-18  2.59760E-18  1.93480E-18  1.44120E-18  1.07370E-18
 
  jn =   4
  1.36025E-01  4.15951E-07  9.15610E-11  5.80492E-11  3.75692E-11  2.12744E-11
  1.41243E-11  9.63452E-12  6.63884E-12  4.72388E-12  3.45862E-12  2.57635E-12
  1.94823E-12  1.49095E-12  1.15059E-12  8.92858E-13  6.95168E-13  5.42130E-13
  4.22871E-13  3.29525E-13  2.56327E-13  1.98995E-13  1.54199E-13  1.19246E-13
  9.18612E-14  7.04838E-14  5.40012E-14  4.11653E-14  3.12369E-14  2.36302E-14
  1.78262E-14  1.34006E-14  1.00327E-14  7.48256E-15  5.56476E-15  4.13107E-15
  3.06406E-15  2.27283E-15  1.68640E-15  1.25161E-15  9.29166E-16  6.89986E-16
  5.12489E-16  3.80748E-16  2.82921E-16  2.10279E-16  1.56322E-16  1.16231E-16
  8.64386E-17  6.42965E-17  4.78329E-17  3.55911E-17  2.64871E-17  1.97143E-17
  1.46760E-17  1.09266E-17  8.13637E-18  6.05930E-18  4.51311E-18  3.36192E-18
 
  jn =   5
  3.30880E-02  5.61070E-09  6.33220E-10  3.62940E-10  2.18300E-10  1.16000E-10
  7.29900E-11  4.76590E-11  3.16430E-11  2.18150E-11  1.55410E-11  1.13020E-11
  8.36830E-12  6.28670E-12  4.77010E-12  3.64220E-12  2.79090E-12  2.14200E-12
  1.64470E-12  1.26240E-12  9.67840E-13  7.41160E-13  5.66900E-13  4.33010E-13
  3.29730E-13  2.50240E-13  1.89690E-13  1.43190E-13  1.07640E-13  8.07210E-14
  6.03970E-14  4.50630E-14  3.35060E-14  2.48350E-14  1.83650E-14  1.35620E-14
  1.00120E-14  7.39510E-15  5.46570E-15  4.04230E-15  2.99150E-15  2.21500E-15
  1.64100E-15  1.21640E-15  9.02010E-16  6.69180E-16  4.96660E-16  3.68760E-16
  2.73890E-16  2.03490E-16  1.51240E-16  1.12440E-16  8.36140E-17  6.21940E-17
  4.62730E-17  3.44350E-17  2.56320E-17  1.90830E-17  1.42100E-17  1.05830E-17
 
  jn =   6
  1.57017E-01  1.13703E-07  5.48355E-09  2.75786E-09  1.46842E-09  7.86398E-10
  4.68091E-10  2.92654E-10  1.89316E-10  1.26915E-10  8.76742E-11  6.19486E-11
  4.46413E-11  3.26776E-11  2.41873E-11  1.80269E-11  1.34878E-11  1.01111E-11
  7.58748E-12  5.69622E-12  4.27643E-12  3.21024E-12  2.40915E-12  1.80673E-12
  1.35191E-12  1.00892E-12  7.52112E-13  5.58593E-13  4.13454E-13  3.05360E-13
  2.25128E-13  1.65619E-13  1.21524E-13  8.89666E-14  6.50328E-14  4.75074E-14
  3.47126E-14  2.53969E-14  1.86083E-14  1.36531E-14  1.00298E-14  7.37765E-15
  5.43267E-15  4.00467E-15  2.95517E-15  2.18264E-15  1.61346E-15  1.19366E-15
  8.83726E-16  6.54720E-16  4.85376E-16  3.60019E-16  2.67194E-16  1.98397E-16
  1.47379E-16  1.09529E-16  8.14269E-17  6.05582E-17  4.50521E-17  3.35244E-17
 
  jn =   7
  5.65270E-01  1.64350E-06  5.15930E-08  2.38390E-08  1.19700E-08  6.39850E-09
  3.69030E-09  2.23540E-09  1.40180E-09  9.04370E-10  5.98430E-10  4.04980E-10
  2.79880E-10  1.96840E-10  1.40360E-10  1.01070E-10  7.32740E-11  5.33790E-11
  3.90370E-11  2.86320E-11  2.10480E-11  1.55040E-11  1.14340E-11  8.43700E-12
  6.21820E-12  4.57410E-12  3.36090E-12  2.46080E-12  1.79540E-12  1.30660E-12
  9.48960E-13  6.87600E-13  4.97020E-13  3.58510E-13  2.58240E-13  1.85880E-13
  1.33840E-13  9.65260E-14  6.97480E-14  5.04960E-14  3.66250E-14  2.66140E-14
  1.93740E-14  1.41280E-14  1.03190E-14  7.55000E-15  5.53230E-15  4.05980E-15
  2.98340E-15  2.19520E-15  1.61720E-15  1.19280E-15  8.80730E-16  6.50930E-16
  4.81530E-16  3.56510E-16  2.64160E-16  1.95870E-16  1.45330E-16  1.07880E-16
 
  jn =   8
  1.55504E+00  2.33878E-06  4.84302E-07  2.19168E-07  1.09017E-07  5.73445E-08
  3.24911E-08  1.91227E-08  1.14657E-08  6.98265E-09  4.33710E-09  2.75441E-09
  1.79200E-09  1.19192E-09  8.08360E-10  5.57076E-10  3.88933E-10  2.74430E-10
  1.95427E-10  1.40203E-10  1.01190E-10  7.34163E-11  5.34767E-11  3.90576E-11
  2.85440E-11  2.08528E-11  1.52312E-11  1.10913E-11  8.04915E-12  5.82609E-12
  4.20659E-12  3.02949E-12  2.17560E-12  1.55851E-12  1.11425E-12  7.95246E-13
  5.67188E-13  4.04859E-13  2.89364E-13  2.07087E-13  1.48406E-13  1.06514E-13
  7.65573E-14  5.51072E-14  3.97338E-14  2.86950E-14  2.07590E-14  1.50441E-14
  1.09216E-14  7.94234E-15  5.78596E-15  4.22208E-15  3.08606E-15  2.25927E-15
  1.65654E-15  1.21635E-15  8.94406E-16  6.58544E-16  4.85439E-16  3.58281E-16
 
  jn =   9
  2.50660E+00  2.51040E-05  4.63440E-06  2.07430E-06  1.01630E-06  5.36370E-07
  2.98600E-07  1.69870E-07  9.63770E-08  5.43690E-08  3.09770E-08  1.80610E-08
  1.08510E-08  6.72200E-09  4.28820E-09  2.80710E-09  1.87840E-09  1.28050E-09
  8.87110E-10  6.22610E-10  4.41590E-10  3.16060E-10  2.27840E-10  1.65120E-10
  1.20020E-10  8.73900E-11  6.37340E-11  4.63920E-11  3.36870E-11  2.44140E-11
  1.76610E-11  1.27480E-11  9.17840E-12  6.59330E-12  4.72650E-12  3.38050E-12
  2.41420E-12  1.72430E-12  1.23200E-12  8.80680E-13  6.29760E-13  4.50600E-13
  3.22510E-13  2.30920E-13  1.65440E-13  1.18600E-13  8.50940E-14  6.11080E-14
  4.39270E-14  3.16110E-14  2.27760E-14  1.64310E-14  1.18710E-14  8.58820E-15
  6.22290E-15  4.51610E-15  3.28260E-15  2.38990E-15  1.74280E-15  1.27300E-15
 
  jn =  10
  2.15774E+02  1.39972E-04  4.33931E-05  1.94062E-05  9.51760E-06  5.00070E-06
  2.74974E-06  1.51076E-06  8.00080E-07  4.09568E-07  2.09808E-07  1.10603E-07
  6.08490E-08  3.50002E-08  2.09998E-08  1.30717E-08  8.39422E-09  5.53411E-09
  3.73164E-09  2.56216E-09  1.78489E-09  1.25901E-09  8.97029E-10  6.44134E-10
  4.64931E-10  3.36856E-10  2.44891E-10  1.77955E-10  1.29162E-10  9.36656E-11
  6.78673E-11  4.91096E-11  3.54773E-11  2.55906E-11  1.84313E-11  1.32483E-11
  9.51002E-12  6.82718E-12  4.90369E-12  3.52308E-12  2.53179E-12  1.82007E-12
  1.30830E-12  9.40321E-13  6.75766E-13  4.85597E-13  3.48990E-13  2.50831E-13
  1.80291E-13  1.29604E-13  9.31821E-14  6.70173E-14  4.82121E-14  3.47000E-14
  2.49896E-14  1.80082E-14  1.29870E-14  9.37382E-15  6.77283E-15  4.89863E-15
 
  jn =  11
  4.83390E+02  1.12010E-03  4.02590E-04  1.80120E-04  8.83000E-05  4.63510E-05
  2.52130E-05  1.33910E-05  6.62010E-06  3.08190E-06  1.42960E-06  6.87820E-07
  3.48760E-07  1.86440E-07  1.04750E-07  6.15370E-08  3.75820E-08  2.37440E-08
  1.54510E-08  1.03000E-08  7.00450E-09  4.84490E-09  3.39800E-09  2.40960E-09
  1.72240E-09  1.23890E-09  8.95900E-10  6.48650E-10  4.69710E-10  3.40220E-10
  2.46470E-10  1.78470E-10  1.29130E-10  9.33470E-11  6.74190E-11  4.86110E-11
  3.50120E-11  2.52250E-11  1.81870E-11  1.31190E-11  9.46680E-12  6.83560E-12
  4.93560E-12  3.56330E-12  2.57250E-12  1.85710E-12  1.34070E-12  9.67940E-13
  6.98750E-13  5.04370E-13  3.64040E-13  2.62730E-13  1.89600E-13  1.36820E-13
  9.87250E-14  7.12390E-14  5.14090E-14  3.71030E-14  2.67820E-14  1.93370E-14
 
  jn =  12
  3.07225E+02  9.38141E-03  3.58534E-03  1.61419E-03  7.94930E-04  4.19269E-04
  2.27520E-04  1.18667E-04  5.61564E-05  2.44274E-05  1.04210E-05  4.55925E-06
  2.08731E-06  1.00826E-06  5.16344E-07  2.80030E-07  1.60124E-07  9.59597E-08
  5.98978E-08  3.86689E-08  2.56541E-08  1.74141E-08  1.20405E-08  8.44668E-09
  5.98978E-09  4.28306E-09  3.08463E-09  2.22726E-09  1.61021E-09  1.16547E-09
  8.44384E-10  6.11902E-10  4.43316E-10  3.21119E-10  2.32475E-10  1.68068E-10
  1.21395E-10  8.77279E-11  6.34433E-11  4.59148E-11  3.32432E-11  2.40846E-11
  1.74508E-11  1.26435E-11  9.15989E-12  6.63663E-12  4.80857E-12  3.48422E-12
  2.52465E-12  1.82913E-12  1.32508E-12  9.59818E-13  6.95168E-13  5.03420E-13
  3.64538E-13  2.63923E-13  1.91069E-13  1.38310E-13  1.00115E-13  7.24651E-14
 
  jn =  13
  1.64180E+02  6.92360E-02  2.78830E-02  1.27850E-02  6.40480E-03  3.43510E-03
  1.88810E-03  9.88610E-04  4.59700E-04  1.89070E-04  7.27890E-05  2.77940E-05
  1.10500E-05  4.72000E-06  2.19400E-06  1.10680E-06  6.00180E-07  3.46100E-07
  2.10100E-07  1.32930E-07  8.69260E-08  5.83910E-08  4.00680E-08  2.79530E-08
  1.97430E-08  1.40770E-08  1.01190E-08  7.29770E-09  5.27250E-09  3.81560E-09
  2.76490E-09  2.00480E-09  1.45390E-09  1.05440E-09  7.64530E-10  5.53680E-10
  4.00680E-10  2.90140E-10  2.10280E-10  1.52510E-10  1.10680E-10  8.03840E-11
  5.83890E-11  4.24150E-11  3.08120E-11  2.23840E-11  1.62640E-11  1.18190E-11
  8.58880E-12  6.24090E-12  4.53470E-12  3.29460E-12  2.39340E-12  1.73850E-12
  1.26260E-12  9.16890E-13  6.65750E-13  4.83320E-13  3.50840E-13  2.54650E-13
 
  jn =  14
  6.60819E+01  3.90766E-01  1.65366E-01  7.79920E-02  4.02300E-02  2.22259E-02
  1.25673E-02  6.73112E-03  3.11977E-03  1.20023E-03  4.03627E-04  1.32170E-04
  4.62814E-05  1.80812E-05  7.92117E-06  3.84288E-06  2.03049E-06  1.15043E-06
  6.89954E-07  4.32888E-07  2.81420E-07  1.88266E-07  1.28811E-07  8.96745E-08
  6.32411E-08  4.50490E-08  3.23584E-08  2.33262E-08  1.68494E-08  1.21925E-08
  8.83599E-09  6.40848E-09  4.64899E-09  3.37362E-09  2.44761E-09  1.77380E-09
  1.28463E-09  9.30999E-10  6.75355E-10  4.90274E-10  3.56195E-10  2.58984E-10
  1.88336E-10  1.36980E-10  9.96380E-11  7.24809E-11  5.27404E-11  3.83814E-11
  2.79341E-11  2.03308E-11  1.47967E-11  1.07686E-11  7.83680E-12  5.70254E-12
  4.14940E-12  3.01894E-12  2.19620E-12  1.59754E-12  1.16193E-12  8.45016E-13
 
  jn =  15
  2.33180E+01  1.65410E+00  7.29620E-01  3.50350E-01  1.85570E-01  1.05490E-01
  6.14420E-02  3.38130E-02  1.57000E-02  5.66680E-03  1.70020E-03  5.02060E-04
  1.64100E-04  6.15140E-05  2.62900E-05  1.25620E-05  6.57340E-06  3.70070E-06
  2.21000E-06  1.38250E-06  8.97020E-07  5.99270E-07  4.09630E-07  2.84980E-07
  2.00870E-07  1.43040E-07  1.02720E-07  7.40390E-08  5.34750E-08  3.86950E-08
  2.80440E-08  2.03400E-08  1.47580E-08  1.07100E-08  7.77190E-09  5.63360E-09
  4.08090E-09  2.95830E-09  2.14650E-09  1.55880E-09  1.13280E-09  8.23940E-10
  5.99430E-10  4.36140E-10  3.17380E-10  2.30990E-10  1.68150E-10  1.22440E-10
  8.91620E-11  6.49310E-11  4.72860E-11  3.44360E-11  2.50770E-11  1.82610E-11
  1.32970E-11  9.68180E-12  7.04900E-12  5.13170E-12  3.73560E-12  2.71900E-12
 
  Neutral n=3 / n=1 (jt,jn)                                                     
  jn =   1
  1.00000E-72  1.00000E-72  1.00000E-72  1.00000E-72  1.82590E-39  1.05900E-32
  2.44320E-27  4.35430E-23  1.01740E-19  4.76730E-17  6.27670E-15  3.01610E-13
  6.49490E-12  7.37700E-11  5.04410E-10  2.30870E-09  7.69930E-09  2.00180E-08
  4.27720E-08  7.80970E-08  1.25630E-07  1.82600E-07  2.44680E-07  3.07130E-07
  3.65930E-07  4.17830E-07  4.61220E-07  4.99410E-07  5.32150E-07  5.57610E-07
  5.75140E-07  5.85150E-07  5.88140E-07  5.85180E-07  5.77640E-07  5.66790E-07
  5.53790E-07  5.39580E-07  5.24650E-07  5.09310E-07  4.93780E-07  4.78230E-07
  4.62800E-07  4.47570E-07  4.32630E-07  4.18010E-07  4.03750E-07  3.89890E-07
  3.76420E-07  3.63360E-07  3.50710E-07  3.38470E-07  3.26630E-07  3.15180E-07
  3.04120E-07  2.93440E-07  2.83130E-07  2.73170E-07  2.63550E-07  2.54280E-07
 
  jn =   2
  1.00000E-72  1.00000E-72  1.00000E-72  1.00000E-72  5.77400E-39  3.34880E-32
  7.72620E-27  1.37700E-22  3.21740E-19  1.50750E-16  1.98480E-14  9.53710E-13
  2.05360E-11  2.33240E-10  1.59470E-09  7.29880E-09  2.43390E-08  6.32760E-08
  1.35200E-07  2.46850E-07  3.97080E-07  5.77130E-07  7.73340E-07  9.70750E-07
  1.15660E-06  1.32070E-06  1.45780E-06  1.57860E-06  1.68210E-06  1.76260E-06
  1.81810E-06  1.84980E-06  1.85930E-06  1.85000E-06  1.82620E-06  1.79190E-06
  1.75090E-06  1.70600E-06  1.65880E-06  1.61030E-06  1.56120E-06  1.51210E-06
  1.46330E-06  1.41520E-06  1.36790E-06  1.32170E-06  1.27670E-06  1.23280E-06
  1.19030E-06  1.14900E-06  1.10900E-06  1.07030E-06  1.03280E-06  9.96660E-07
  9.61690E-07  9.27910E-07  8.95290E-07  8.63800E-07  8.33410E-07  8.04070E-07
 
  jn =   3
  1.00000E-72  1.00000E-72  1.00000E-72  1.00000E-72  1.82600E-38  1.05910E-31
  2.44340E-26  4.35450E-22  1.01740E-18  4.76700E-16  6.27570E-14  3.01520E-12
  6.49180E-11  7.37190E-10  5.03940E-09  2.30600E-08  7.68830E-08  1.99850E-07
  4.26940E-07  7.79440E-07  1.25370E-06  1.82210E-06  2.44150E-06  3.06480E-06
  3.65160E-06  4.16990E-06  4.60340E-06  4.98500E-06  5.31240E-06  5.56710E-06
  5.74290E-06  5.84340E-06  5.87400E-06  5.84510E-06  5.77030E-06  5.66250E-06
  5.53310E-06  5.39150E-06  5.24270E-06  5.08980E-06  4.93480E-06  4.77970E-06
  4.62570E-06  4.47370E-06  4.32450E-06  4.17850E-06  4.03620E-06  3.89770E-06
  3.76320E-06  3.63270E-06  3.50630E-06  3.38400E-06  3.26570E-06  3.15130E-06
  3.04080E-06  2.93400E-06  2.83090E-06  2.73140E-06  2.63530E-06  2.54250E-06
 
  jn =   4
  1.00000E-72  1.00000E-72  1.00000E-72  1.00000E-72  5.77580E-38  3.34970E-31
  7.72780E-26  1.37710E-21  3.21740E-18  1.50720E-15  1.98380E-13  9.52820E-12
  2.05050E-10  2.32730E-09  1.59000E-08  7.27140E-08  2.42290E-07  6.29490E-07
  1.34420E-06  2.45320E-06  3.94500E-06  5.73280E-06  7.68130E-06  9.64260E-06
  1.14900E-05  1.31230E-05  1.44900E-05  1.56950E-05  1.67300E-05  1.75370E-05
  1.80960E-05  1.84180E-05  1.85190E-05  1.84330E-05  1.82010E-05  1.78650E-05
  1.74600E-05  1.70170E-05  1.65500E-05  1.60700E-05  1.55830E-05  1.50950E-05
  1.46100E-05  1.41320E-05  1.36620E-05  1.32020E-05  1.27530E-05  1.23170E-05
  1.18920E-05  1.14810E-05  1.10820E-05  1.06960E-05  1.03220E-05  9.96130E-06
  9.61230E-06  9.27510E-06  8.94950E-06  8.63510E-06  8.33150E-06  8.03850E-06
 
  jn =   5
  1.00000E-72  1.00000E-72  1.00000E-72  1.00000E-72  1.82790E-37  1.06000E-30
  2.44500E-25  4.35620E-21  1.01740E-17  4.76390E-15  6.26550E-13  3.00620E-11
  6.46070E-10  7.32060E-09  4.99240E-08  2.27890E-07  7.58030E-07  1.96630E-06
  4.19320E-06  7.64460E-06  1.22840E-05  1.78430E-05  2.39030E-05  3.00100E-05
  3.57720E-05  4.08760E-05  4.51640E-05  4.89570E-05  5.22270E-05  5.47930E-05
  5.65870E-05  5.76430E-05  5.80080E-05  5.77830E-05  5.71000E-05  5.60850E-05
  5.48490E-05  5.34880E-05  5.20490E-05  5.05640E-05  4.90540E-05  4.75380E-05
  4.60290E-05  4.45370E-05  4.30700E-05  4.16320E-05  4.02270E-05  3.88590E-05
  3.75290E-05  3.62370E-05  3.49850E-05  3.37710E-05  3.25970E-05  3.14610E-05
  3.03620E-05  2.93010E-05  2.82750E-05  2.72840E-05  2.63270E-05  2.54030E-05
 
  jn =   6
  1.00000E-72  1.00000E-72  1.00000E-72  1.40130E-45  5.79390E-37  3.35870E-30
  7.74390E-25  1.37880E-20  3.21690E-17  1.50380E-14  1.97320E-12  9.43570E-11
  2.01920E-09  2.27640E-08  1.54400E-07  7.00960E-07  2.31950E-06  5.98850E-06
  1.27200E-05  2.31170E-05  3.70620E-05  5.37570E-05  7.19810E-05  9.03950E-05
  1.07850E-04  1.23420E-04  1.36630E-04  1.48430E-04  1.58720E-04  1.66940E-04
  1.72860E-04  1.76540E-04  1.78100E-04  1.77840E-04  1.76140E-04  1.73380E-04
  1.69900E-04  1.65990E-04  1.61790E-04  1.57420E-04  1.52940E-04  1.48400E-04
  1.43860E-04  1.39350E-04  1.34890E-04  1.30500E-04  1.26200E-04  1.22000E-04
  1.17910E-04  1.13920E-04  1.10040E-04  1.06280E-04  1.02630E-04  9.90970E-05
  9.56740E-05  9.23610E-05  8.91550E-05  8.60560E-05  8.30600E-05  8.01640E-05
 
  jn =   7
  1.00000E-72  1.00000E-72  1.00000E-72  5.60520E-45  1.84560E-36  1.06880E-29
  2.46090E-24  4.37210E-20  1.01640E-16  4.72590E-14  6.15270E-12  2.91160E-10
  6.15090E-09  6.83460E-08  4.56620E-07  2.04250E-06  6.66610E-06  1.70010E-05
  3.57400E-05  6.44220E-05  1.02670E-04  1.48390E-04  1.98410E-04  2.49340E-04
  2.98190E-04  3.42510E-04  3.81060E-04  4.16350E-04  4.48020E-04  4.74360E-04
  4.94570E-04  5.08620E-04  5.16650E-04  5.19330E-04  5.17640E-04  5.12590E-04
  5.05120E-04  4.96070E-04  4.85900E-04  4.74890E-04  4.63290E-04  4.51280E-04
  4.39020E-04  4.26620E-04  4.14190E-04  4.01810E-04  3.89540E-04  3.77420E-04
  3.65500E-04  3.53810E-04  3.42360E-04  3.31170E-04  3.20260E-04  3.09630E-04
  2.99290E-04  2.89240E-04  2.79470E-04  2.69990E-04  2.60800E-04  2.51900E-04
 
  jn =   8
  1.00000E-72  1.00000E-72  1.00000E-72  1.82170E-44  5.96000E-36  3.44280E-29
  7.89690E-24  1.39350E-19  3.20200E-16  1.46280E-13  1.85990E-11  8.54550E-10
  1.74540E-08  1.87200E-07  1.20800E-06  5.23230E-06  1.65940E-05  4.12960E-05
  8.51040E-05  1.51090E-04  2.38300E-04  3.42360E-04  4.57000E-04  5.75500E-04
  6.91790E-04  8.00620E-04  8.99320E-04  9.93550E-04  1.08230E-03  1.16100E-03
  1.22710E-03  1.27970E-03  1.31820E-03  1.34330E-03  1.35710E-03  1.36150E-03
  1.35860E-03  1.35030E-03  1.33780E-03  1.32170E-03  1.30270E-03  1.28120E-03
  1.25760E-03  1.23250E-03  1.20600E-03  1.17840E-03  1.15020E-03  1.12140E-03
  1.09220E-03  1.06290E-03  1.03350E-03  1.00420E-03  9.75020E-04  9.46170E-04
  9.17670E-04  8.89580E-04  8.61970E-04  8.34880E-04  8.08340E-04  7.82390E-04
 
  jn =   9
  1.00000E-72  1.00000E-72  1.00000E-72  5.88550E-44  1.98130E-35  1.13940E-28
  2.59140E-23  4.49310E-19  9.99960E-16  4.36100E-13  5.23600E-11  2.25730E-09
  4.32080E-08  4.35810E-07  2.66230E-06  1.10030E-05  3.35730E-05  8.10550E-05
  1.63330E-04  2.85550E-04  4.46310E-04  6.38910E-04  8.53840E-04  1.08080E-03
  1.31010E-03  1.53240E-03  1.74240E-03  1.95160E-03  2.15810E-03  2.35240E-03
  2.52810E-03  2.68180E-03  2.81030E-03  2.91400E-03  2.99540E-03  3.05780E-03
  3.10480E-03  3.13990E-03  3.16490E-03  3.18070E-03  3.18800E-03  3.18760E-03
  3.17980E-03  3.16510E-03  3.14400E-03  3.11700E-03  3.08480E-03  3.04760E-03
  3.00590E-03  2.96010E-03  2.91060E-03  2.85790E-03  2.80240E-03  2.74440E-03
  2.68450E-03  2.62280E-03  2.55980E-03  2.49590E-03  2.43140E-03  2.36640E-03
 
  jn =  10
  1.00000E-72  1.00000E-72  1.00000E-72  2.03190E-43  6.77270E-35  3.88240E-28
  8.73120E-23  1.46830E-18  3.07880E-15  1.23530E-12  1.35350E-10  5.34410E-09
  9.45850E-08  8.92000E-07  5.15240E-06  2.03460E-05  5.98890E-05  1.40720E-04
  2.78180E-04  4.80280E-04  7.45300E-04  1.06410E-03  1.42360E-03  1.80960E-03
  2.20850E-03  2.60560E-03  2.99070E-03  3.38650E-03  3.79090E-03  4.18680E-03
  4.56140E-03  4.90720E-03  5.21630E-03  5.48730E-03  5.72380E-03  5.93070E-03
  6.11430E-03  6.28110E-03  6.43400E-03  6.57370E-03  6.70090E-03  6.81660E-03
  6.91990E-03  7.01080E-03  7.08950E-03  7.15590E-03  7.21020E-03  7.25230E-03
  7.28180E-03  7.29850E-03  7.30240E-03  7.29340E-03  7.27160E-03  7.23720E-03
  7.19040E-03  7.13170E-03  7.06140E-03  6.98010E-03  6.88850E-03  6.78730E-03
 
  jn =  11
  1.00000E-72  1.00000E-72  1.00000E-72  6.74020E-43  2.26240E-34  1.30100E-27
  2.90850E-22  4.75140E-18  9.35170E-15  3.43830E-12  3.44450E-10  1.25370E-08
  2.06230E-07  1.81810E-06  9.87480E-06  3.69130E-05  1.03620E-04  2.34040E-04
  4.48120E-04  7.54590E-04  1.14920E-03  1.61910E-03  2.14760E-03  2.71780E-03
  3.31360E-03  3.91650E-03  4.51260E-03  5.14100E-03  5.80180E-03  6.46990E-03
  7.12660E-03  7.75990E-03  8.35660E-03  8.91240E-03  9.43110E-03  9.91790E-03
  1.03810E-02  1.08310E-02  1.12720E-02  1.17030E-02  1.21260E-02  1.25430E-02
  1.29510E-02  1.33500E-02  1.37380E-02  1.41150E-02  1.44820E-02  1.48370E-02
  1.51780E-02  1.55040E-02  1.58120E-02  1.61010E-02  1.63700E-02  1.66170E-02
  1.68390E-02  1.70360E-02  1.72050E-02  1.73450E-02  1.74550E-02  1.75330E-02
 
  jn =  12
  1.00000E-72  1.00000E-72  1.00000E-72  2.04170E-42  6.93660E-34  4.02730E-27
  9.03690E-22  1.45890E-17  2.76540E-14  9.56370E-12  8.87670E-10  2.95760E-08
  4.41530E-07  3.52770E-06  1.74810E-05  6.03250E-05  1.58430E-04  3.39040E-04
  6.22090E-04  1.01370E-03  1.50650E-03  2.08510E-03  2.73170E-03  3.42930E-03
  4.16220E-03  4.91090E-03  5.66110E-03  6.46640E-03  7.33000E-03  8.22330E-03
  9.12550E-03  1.00240E-02  1.09040E-02  1.17600E-02  1.25980E-02  1.34220E-02
  1.42440E-02  1.50750E-02  1.59210E-02  1.67840E-02  1.76650E-02  1.85690E-02
  1.94920E-02  2.04340E-02  2.13950E-02  2.23760E-02  2.33760E-02  2.43960E-02
  2.54320E-02  2.64820E-02  2.75450E-02  2.86160E-02  2.96940E-02  3.07730E-02
  3.18520E-02  3.29240E-02  3.39850E-02  3.50300E-02  3.60540E-02  3.70500E-02
 
  jn =  13
  1.00000E-72  1.00000E-72  1.00000E-72  5.24650E-42  1.82010E-33  1.07730E-26
  2.45670E-21  3.99560E-17  7.46980E-14  2.45190E-11  2.06160E-09  6.01520E-08
  7.81550E-07  5.52750E-06  2.48630E-05  7.97490E-05  1.98420E-04  4.08050E-04
  7.27160E-04  1.16010E-03  1.69810E-03  2.32540E-03  3.02420E-03  3.77830E-03
  4.57260E-03  5.38760E-03  6.20980E-03  7.09980E-03  8.06320E-03  9.07040E-03
  1.01010E-02  1.11430E-02  1.21820E-02  1.32150E-02  1.42480E-02  1.52890E-02
  1.63500E-02  1.74450E-02  1.85820E-02  1.97680E-02  2.10050E-02  2.23010E-02
  2.36560E-02  2.50730E-02  2.65550E-02  2.81070E-02  2.97340E-02  3.14390E-02
  3.32230E-02  3.50890E-02  3.70380E-02  3.90730E-02  4.11940E-02  4.34020E-02
  4.56980E-02  4.80810E-02  5.05500E-02  5.31020E-02  5.57350E-02  5.84460E-02
 
  jn =  14
  1.00000E-72  1.00000E-72  1.00000E-72  1.02250E-41  3.65830E-33  2.23260E-26
  5.24470E-21  8.73810E-17  1.63070E-13  5.01480E-11  3.68920E-09  9.24210E-08
  1.05850E-06  6.84970E-06  2.90370E-05  8.95420E-05  2.16950E-04  4.38100E-04
  7.70790E-04  1.21880E-03  1.77300E-03  2.41750E-03  3.13480E-03  3.90900E-03
  4.72530E-03  5.56420E-03  6.41280E-03  7.33420E-03  8.33490E-03  9.38540E-03
  1.04650E-02  1.15630E-02  1.26650E-02  1.37700E-02  1.48840E-02  1.60160E-02
  1.71790E-02  1.83900E-02  1.96570E-02  2.09890E-02  2.23910E-02  2.38730E-02
  2.54380E-02  2.70900E-02  2.88370E-02  3.06870E-02  3.26480E-02  3.47300E-02
  3.69360E-02  3.92760E-02  4.17570E-02  4.43870E-02  4.71740E-02  5.01270E-02
  5.32540E-02  5.65640E-02  6.00650E-02  6.37670E-02  6.76770E-02  7.18050E-02
 
  jn =  15
  1.00000E-72  1.00000E-72  1.00000E-72  1.45680E-41  5.35610E-33  3.36430E-26
  8.14530E-21  1.39500E-16  2.60940E-13  7.53340E-11  4.94720E-09  1.11820E-07
  1.19590E-06  7.42560E-06  3.07080E-05  9.32510E-05  2.23710E-04  4.48770E-04
  7.86000E-04  1.23890E-03  1.79850E-03  2.44860E-03  3.17190E-03  3.95270E-03
  4.77630E-03  5.62310E-03  6.48050E-03  7.41230E-03  8.42560E-03  9.49060E-03
  1.05870E-02  1.17040E-02  1.28280E-02  1.39570E-02  1.50990E-02  1.62630E-02
  1.74620E-02  1.87140E-02  2.00280E-02  2.14120E-02  2.28740E-02  2.44240E-02
  2.60660E-02  2.78060E-02  2.96530E-02  3.16160E-02  3.37070E-02  3.59340E-02
  3.83080E-02  4.08370E-02  4.35330E-02  4.64070E-02  4.94720E-02  5.27410E-02
  5.62260E-02  5.99430E-02  6.39070E-02  6.81330E-02  7.26390E-02  7.74410E-02
 
  Continuum n=3 / n=1 (jt,jn)                                                   
  jn =   1
  3.73530E-10  2.33600E-10  1.55510E-10  1.04530E-10  7.31000E-11  5.27450E-11
  3.89080E-11  2.92690E-11  2.23700E-11  1.73100E-11  1.35270E-11  1.06480E-11
  8.42220E-12  6.67840E-12  5.30060E-12  4.20560E-12  3.33220E-12  2.63420E-12
  2.07650E-12  1.63140E-12  1.27700E-12  9.95880E-13  7.73840E-13  5.99080E-13
  4.61580E-13  3.54150E-13  2.71130E-13  2.06230E-13  1.56070E-13  1.17880E-13
  8.88910E-14  6.68110E-14  4.99720E-14  3.71950E-14  2.75810E-14  2.03990E-14
  1.50660E-14  1.11240E-14  8.21420E-15  6.06550E-15  4.47900E-15  3.30760E-15
  2.44260E-15  1.80380E-15  1.33220E-15  9.83860E-16  7.26630E-16  5.36670E-16
  3.96390E-16  2.92780E-16  2.16250E-16  1.59740E-16  1.17990E-16  8.71580E-17
  6.43840E-17  4.75620E-17  3.51360E-17  2.59560E-17  1.91760E-17  1.41670E-17
 
  jn =   2
  2.03577E-09  1.17761E-09  7.11916E-10  4.56746E-10  3.04387E-10  2.09875E-10
  1.49250E-10  1.08805E-10  8.09434E-11  6.12250E-11  4.69418E-11  3.63684E-11
  2.83844E-11  2.22590E-11  1.75039E-11  1.37808E-11  1.08476E-11  8.52884E-12
  6.69193E-12  5.23675E-12  4.08556E-12  3.17738E-12  2.46306E-12  1.90292E-12
  1.46362E-12  1.12129E-12  8.57340E-13  6.51402E-13  4.92486E-13  3.71711E-13
  2.80102E-13  2.10412E-13  1.57305E-13  1.17040E-13  8.67610E-14  6.41512E-14
  4.73716E-14  3.49717E-14  2.58191E-14  1.90624E-14  1.40743E-14  1.03917E-14
  7.67311E-15  5.66588E-15  4.18384E-15  3.08953E-15  2.28155E-15  1.68491E-15
  1.24434E-15  9.18991E-16  6.78736E-16  5.01302E-16  3.70289E-16  2.73498E-16
  2.02019E-16  1.49228E-16  1.10233E-16  8.14300E-17  6.01569E-17  4.44391E-17
 
  jn =   3
  1.20110E-08  6.39090E-09  3.62390E-09  2.16040E-09  1.35470E-09  8.87540E-10
  6.03380E-10  4.23310E-10  3.04880E-10  2.24380E-10  1.68100E-10  1.27740E-10
  9.80980E-11  7.59000E-11  5.90180E-11  4.60260E-11  3.59400E-11  2.80630E-11
  2.18890E-11  1.70420E-11  1.32370E-11  1.02540E-11  7.92220E-12  6.10230E-12
  4.68130E-12  3.57810E-12  2.73010E-12  2.07050E-12  1.56280E-12  1.17780E-12
  8.86380E-13  6.65070E-13  4.96710E-13  3.69240E-13  2.73510E-13  2.02110E-13
  1.49160E-13  1.10070E-13  8.12200E-14  5.99380E-14  4.42350E-14  3.26480E-14
  2.40980E-14  1.77880E-14  1.31310E-14  9.69340E-15  7.15630E-15  5.28350E-15
  3.90100E-15  2.88040E-15  2.12690E-15  1.57060E-15  1.15980E-15  8.56540E-16
  6.32590E-16  4.67210E-16  3.45080E-16  2.54880E-16  1.88270E-16  1.39070E-16
 
  jn =   4
  8.20589E-08  3.96896E-08  2.05372E-08  1.13220E-08  6.61767E-09  4.07514E-09
  2.62678E-09  1.76091E-09  1.22046E-09  8.69885E-10  6.34623E-10  4.71693E-10
  3.55721E-10  2.71084E-10  2.08114E-10  1.60522E-10  1.24128E-10  9.60703E-11
  7.43327E-11  5.74488E-11  4.43222E-11  3.41280E-11  2.62182E-11  2.00916E-11
  1.53399E-11  1.16734E-11  8.87012E-12  6.70173E-12  5.04115E-12  3.78663E-12
  2.84128E-12  2.12602E-12  1.58389E-12  1.17482E-12  8.68494E-13  6.40627E-13
  4.72041E-13  3.47790E-13  2.56295E-13  1.88898E-13  1.39245E-13  1.02662E-13
  7.56978E-14  5.58246E-14  4.11748E-14  3.03727E-14  2.24069E-14  1.65325E-14
  1.21992E-14  9.00284E-15  6.64453E-15  4.90432E-15  3.62041E-15  2.67263E-15
  1.97320E-15  1.45692E-15  1.07582E-15  7.94456E-16  5.86717E-16  4.33331E-16
 
  jn =   5
  6.72450E-07  2.94570E-07  1.38660E-07  6.99060E-08  3.77460E-08  2.17040E-08
  1.31950E-08  8.42010E-09  5.60020E-09  3.85810E-09  2.73730E-09  1.98790E-09
  1.46980E-09  1.10110E-09  8.32330E-10  6.32690E-10  4.82390E-10  3.68220E-10
  2.81080E-10  2.14420E-10  1.63380E-10  1.24310E-10  9.44270E-11  7.15850E-11
  5.41040E-11  4.07760E-11  3.06950E-11  2.29910E-11  1.71540E-11  1.27850E-11
  9.52200E-12  7.07620E-12  5.23920E-12  3.86440E-12  2.84240E-12  2.08700E-12
  1.53140E-12  1.12400E-12  8.25430E-13  6.06460E-13  4.45790E-13  3.27820E-13
  2.41160E-13  1.77480E-13  1.30660E-13  9.62180E-14  7.08770E-14  5.22240E-14
  3.84900E-14  2.83750E-14  2.09220E-14  1.54300E-14  1.13820E-14  8.39720E-15
  6.19630E-15  4.57290E-15  3.37530E-15  2.49170E-15  1.83960E-15  1.35830E-15
 
  jn =   6
  6.99024E-06  2.79998E-06  1.20519E-06  5.60521E-07  2.82292E-07  1.53017E-07
  8.84073E-08  5.38812E-08  3.43334E-08  2.27492E-08  1.56000E-08  1.09908E-08
  7.90569E-09  5.76984E-09  4.25368E-09  3.15542E-09  2.34889E-09  1.75146E-09
  1.30707E-09  9.75524E-10  7.27811E-10  5.42698E-10  4.04259E-10  3.00715E-10
  2.23159E-10  1.65214E-10  1.22159E-10  8.99494E-11  6.60124E-11  4.83986E-11
  3.54678E-11  2.59550E-11  1.89436E-11  1.37899E-11  1.00204E-11  7.27495E-12
  5.28226E-12  3.84003E-12  2.79543E-12  2.03754E-12  1.48691E-12  1.08628E-12
  7.94424E-13  5.81535E-13  4.26063E-13  3.12404E-13  2.29239E-13  1.68330E-13
  1.23682E-13  9.09290E-14  6.68846E-14  4.92233E-14  3.62389E-14  2.66925E-14
  1.96675E-14  1.44962E-14  1.06878E-14  7.88199E-15  5.81440E-15  4.29002E-15
 
  jn =   7
  8.72750E-05  3.31780E-05  1.35570E-05  6.02820E-06  2.92320E-06  1.53170E-06
  8.54650E-07  5.00080E-07  3.03590E-07  1.90860E-07  1.24330E-07  8.34350E-08
  5.73110E-08  4.00190E-08  2.82960E-08  2.01910E-08  1.45020E-08  1.04680E-08
  7.58650E-09  5.51400E-09  4.01530E-09  2.92810E-09  2.13630E-09  1.55800E-09
  1.13450E-09  8.24570E-10  5.98260E-10  4.32320E-10  3.11290E-10  2.23680E-10
  1.60490E-10  1.14930E-10  8.21180E-11  5.85490E-11  4.16890E-11  2.96650E-11
  2.11200E-11  1.50650E-11  1.07690E-11  7.71530E-12  5.53920E-12  3.98520E-12
  2.87280E-12  2.07500E-12  1.50150E-12  1.08850E-12  7.90380E-13  5.74840E-13
  4.18710E-13  3.05400E-13  2.23050E-13  1.63100E-13  1.19390E-13  8.74840E-14
  6.41640E-14  4.71000E-14  3.46000E-14  2.54350E-14  1.87100E-14  1.37700E-14
 
  jn =   8
  1.03948E-03  3.92946E-04  1.59596E-04  7.06892E-05  3.41849E-05  1.78164E-05
  9.80327E-06  5.57234E-06  3.22415E-06  1.90087E-06  1.15261E-06  7.19279E-07
  4.60665E-07  3.01218E-07  2.00644E-07  1.35792E-07  9.31473E-08  6.46378E-08
  4.53239E-08  3.20487E-08  2.28136E-08  1.63337E-08  1.17429E-08  8.46374E-09
  6.10607E-09  4.40472E-09  3.17580E-09  2.28199E-09  1.63391E-09  1.16655E-09
  8.30732E-10  5.89877E-10  4.17531E-10  2.94683E-10  2.07476E-10  1.45752E-10
  1.02277E-10  7.18110E-11  5.04747E-11  3.55216E-11  2.50313E-11  1.76657E-11
  1.24861E-11  8.83978E-12  6.26944E-12  4.45497E-12  3.17201E-12  2.26335E-12
  1.61839E-12  1.15969E-12  8.32786E-13  5.99326E-13  4.32193E-13  3.12306E-13
  2.26114E-13  1.64017E-13  1.19183E-13  8.67483E-14  6.32411E-14  4.61676E-14
 
  jn =   9
  9.47080E-03  3.66110E-03  1.51940E-03  6.87690E-04  3.39470E-04  1.79840E-04
  9.95270E-05  5.57910E-05  3.09560E-05  1.70150E-05  9.44830E-06  5.37230E-06
  3.14720E-06  1.89980E-06  1.18120E-06  7.54310E-07  4.93160E-07  3.29070E-07
  2.23590E-07  1.54240E-07  1.07740E-07  7.60860E-08  5.41930E-08  3.88470E-08
  2.79590E-08  2.01740E-08  1.45870E-08  1.05290E-08  7.58270E-09  5.45020E-09
  3.91000E-09  2.79840E-09  1.99740E-09  1.42190E-09  1.00960E-09  7.14670E-10
  5.04750E-10  3.56240E-10  2.51350E-10  1.77280E-10  1.24990E-10  8.81170E-11
  6.20910E-11  4.37380E-11  3.08040E-11  2.16950E-11  1.52830E-11  1.07700E-11
  7.59360E-12  5.35780E-12  3.78370E-12  2.67500E-12  1.89360E-12  1.34240E-12
  9.53150E-13  6.77970E-13  4.83150E-13  3.44990E-13  2.46840E-13  1.76990E-13
 
  jn =  10
  5.93322E-02  2.36908E-02  1.01562E-02  4.74822E-03  2.41968E-03  1.31914E-03
  7.43643E-04  4.14940E-04  2.21042E-04  1.12572E-04  5.68231E-05  2.93652E-05
  1.58139E-05  8.91215E-06  5.24781E-06  3.21182E-06  2.03131E-06  1.32097E-06
  8.79934E-07  5.97967E-07  4.13138E-07  2.89510E-07  2.05207E-07  1.46741E-07
  1.05566E-07  7.62729E-08  5.53190E-08  4.01099E-08  2.90486E-08  2.10203E-08
  1.51990E-08  1.09753E-08  7.91232E-09  5.69527E-09  4.09220E-09  2.93318E-09
  2.09840E-09  1.50053E-09  1.07285E-09  7.66837E-10  5.47849E-10  3.91303E-10
  2.79256E-10  1.99108E-10  1.41833E-10  1.00946E-10  7.17889E-11  5.10119E-11
  3.62199E-11  2.56952E-11  1.82152E-11  1.29039E-11  9.13619E-12  6.46536E-12
  4.57378E-12  3.23521E-12  2.28816E-12  1.61858E-12  1.14534E-12  8.10856E-13
 
  jn =  11
  2.63670E-01  1.08030E-01  4.75740E-02  2.28750E-02  1.19990E-02  6.72740E-03
  3.87170E-03  2.15970E-03  1.11220E-03  5.32320E-04  2.50410E-04  1.21540E-04
  6.22830E-05  3.38140E-05  1.93620E-05  1.16020E-05  7.21980E-06  4.63720E-06
  3.05980E-06  2.06450E-06  1.41890E-06  9.90560E-07  7.00390E-07  5.00180E-07
  3.59690E-07  2.60000E-07  1.88820E-07  1.37180E-07  9.96080E-08  7.23110E-08
  5.24860E-08  3.80720E-08  2.75890E-08  1.99740E-08  1.44460E-08  1.04280E-08
  7.51670E-09  5.41870E-09  3.90760E-09  2.81850E-09  2.03300E-09  1.46690E-09
  1.05800E-09  7.62650E-10  5.49490E-10  3.95700E-10  2.84830E-10  2.04920E-10
  1.47330E-10  1.05850E-10  7.59950E-11  5.45160E-11  3.90760E-11  2.79860E-11
  2.00270E-11  1.43190E-11  1.02300E-11  7.30230E-12  5.20860E-12  3.71250E-12
 
  jn =  12
  9.52045E-01  3.94937E-01  1.76287E-01  8.60215E-02  4.58421E-02  2.61244E-02
  1.52385E-02  8.52789E-03  4.33331E-03  2.02085E-03  9.24237E-04  4.37597E-04
  2.19566E-04  1.17087E-04  6.60440E-05  3.90924E-05  2.40956E-05  1.53620E-05
  1.00798E-05  6.77251E-06  4.64014E-06  3.23205E-06  2.28184E-06  1.62803E-06
  1.17018E-06  8.45806E-07  6.14494E-07  4.46729E-07  3.24658E-07  2.35989E-07
  1.71553E-07  1.24665E-07  9.05308E-08  6.57027E-08  4.76496E-08  3.44977E-08
  2.49495E-08  1.80493E-08  1.30657E-08  9.46294E-09  6.85594E-09  4.97036E-09
  3.60303E-09  2.61130E-09  1.89230E-09  1.37103E-09  9.93314E-10  7.19564E-10
  5.21116E-10  3.77304E-10  2.73068E-10  1.97557E-10  1.42864E-10  1.03266E-10
  7.46076E-11  5.38748E-11  3.88838E-11  2.80469E-11  2.02189E-11  1.45670E-11
 
  jn =  13
  3.15530E+00  1.31450E+00  5.89630E-01  2.89290E-01  1.55130E-01  8.90160E-02
  5.23340E-02  2.95640E-02  1.51790E-02  7.12820E-03  3.25270E-03  1.52010E-03
  7.48710E-04  3.92220E-04  2.18140E-04  1.27810E-04  7.82110E-05  4.96160E-05
  3.24430E-05  2.17460E-05  1.48740E-05  1.03480E-05  7.29990E-06  5.20560E-06
  3.74050E-06  2.70340E-06  1.96410E-06  1.42820E-06  1.03830E-06  7.55020E-07
  5.49160E-07  3.99330E-07  2.90210E-07  2.10820E-07  1.53040E-07  1.10930E-07
  8.03270E-08  5.81910E-08  4.21860E-08  3.06030E-08  2.22120E-08  1.61330E-08
  1.17190E-08  8.51280E-09  6.18370E-09  4.49190E-09  3.26340E-09  2.37110E-09
  1.72270E-09  1.25150E-09  9.09110E-10  6.60280E-10  4.79470E-10  3.48110E-10
  2.52680E-10  1.83370E-10  1.33040E-10  9.64930E-11  6.99670E-11  5.07180E-11
 
  jn =  14
  1.01265E+01  4.22334E+00  1.89685E+00  9.32168E-01  5.00892E-01  2.88258E-01
  1.70605E-01  9.80896E-02  5.19283E-02  2.49454E-02  1.13125E-02  5.15712E-03
  2.47899E-03  1.27696E-03  7.02879E-04  4.09252E-04  2.49491E-04  1.57896E-04
  1.03089E-04  6.90270E-05  4.71820E-05  3.28103E-05  2.31385E-05  1.64968E-05
  1.18525E-05  8.56581E-06  6.22362E-06  4.52544E-06  3.29051E-06  2.39294E-06
  1.74075E-06  1.26605E-06  9.20318E-07  6.68719E-07  4.85629E-07  3.52119E-07
  2.55069E-07  1.84857E-07  1.34079E-07  9.73154E-08  7.06734E-08  5.13690E-08
  3.73386E-08  2.71450E-08  1.97348E-08  1.43489E-08  1.04353E-08  7.59064E-09
  5.52147E-09  4.01636E-09  2.92164E-09  2.12519E-09  1.54575E-09  1.12423E-09
  8.17587E-10  5.94522E-10  4.32256E-10  3.14256E-10  2.28430E-10  1.66020E-10
 
  jn =  15
  3.22210E+01  1.34380E+01  6.03590E+00  2.96700E+00  1.59510E+00  9.19280E-01
  5.47160E-01  3.20670E-01  1.75540E-01  8.56410E-02  3.81280E-02  1.69430E-02
  8.00750E-03  4.08730E-03  2.23900E-03  1.30030E-03  7.91540E-04  5.00510E-04
  3.26610E-04  2.18620E-04  1.49400E-04  1.03880E-04  7.32500E-05  5.22210E-05
  3.75190E-05  2.71140E-05  1.97000E-05  1.43250E-05  1.04150E-05  7.57470E-06
  5.51040E-06  4.00780E-06  2.91350E-06  2.11710E-06  1.53750E-06  1.11490E-06
  8.07650E-07  5.85380E-07  4.24630E-07  3.08240E-07  2.23880E-07  1.62750E-07
  1.18330E-07  8.60380E-08  6.25660E-08  4.55030E-08  3.31020E-08  2.40860E-08
  1.75270E-08  1.27550E-08  9.28200E-09  6.75490E-09  4.91580E-09  3.57740E-09
  2.60320E-09  1.89430E-09  1.37830E-09  1.00280E-09  7.29580E-10  5.30740E-10
 
  Neutral n=2 / n=1 (jt,jn)                                                     
  jn =   1
  1.00000E-72  1.00000E-72  1.00000E-72  1.08640E-41  1.67260E-34  8.34940E-29
  2.73150E-24  1.02420E-20  6.90340E-18  1.21210E-15  7.44200E-14  1.98080E-12
  2.69150E-11  2.12550E-10  1.09100E-09  3.98830E-09  1.11730E-08  2.54410E-08
  4.92820E-08  8.39660E-08  1.29120E-07  1.82900E-07  2.42450E-07  3.04560E-07
  3.66070E-07  4.23290E-07  4.72850E-07  5.19650E-07  5.63200E-07  6.00240E-07
  6.28950E-07  6.49000E-07  6.60310E-07  6.63830E-07  6.61210E-07  6.54110E-07
  6.44170E-07  6.32750E-07  6.20450E-07  6.07550E-07  5.94270E-07  5.80770E-07
  5.67190E-07  5.53630E-07  5.40160E-07  5.26840E-07  5.13710E-07  5.00810E-07
  4.88150E-07  4.75750E-07  4.63620E-07  4.51770E-07  4.40190E-07  4.28890E-07
  4.17870E-07  4.07120E-07  3.96640E-07  3.86430E-07  3.76470E-07  3.66780E-07
 
  jn =   2
  1.00000E-72  1.00000E-72  1.00000E-72  3.43560E-41  5.28930E-34  2.64030E-28
  8.63780E-24  3.23880E-20  2.18300E-17  3.83310E-15  2.35340E-13  6.26370E-12
  8.51110E-11  6.72120E-10  3.44980E-09  1.26120E-08  3.53310E-08  8.04450E-08
  1.55830E-07  2.65500E-07  4.08270E-07  5.78300E-07  7.66620E-07  9.62980E-07
  1.15750E-06  1.33840E-06  1.49510E-06  1.64310E-06  1.78090E-06  1.89800E-06
  1.98880E-06  2.05220E-06  2.08800E-06  2.09910E-06  2.09080E-06  2.06840E-06
  2.03700E-06  2.00090E-06  1.96200E-06  1.92120E-06  1.87920E-06  1.83650E-06
  1.79360E-06  1.75070E-06  1.70810E-06  1.66600E-06  1.62450E-06  1.58370E-06
  1.54360E-06  1.50440E-06  1.46610E-06  1.42860E-06  1.39200E-06  1.35630E-06
  1.32140E-06  1.28740E-06  1.25430E-06  1.22200E-06  1.19050E-06  1.15980E-06
 
  jn =   3
  1.00000E-72  1.00000E-72  1.00000E-72  1.08640E-40  1.67260E-33  8.34940E-28
  2.73150E-23  1.02420E-19  6.90330E-17  1.21210E-14  7.44190E-13  1.98070E-11
  2.69140E-10  2.12530E-09  1.09080E-08  3.98760E-08  1.11710E-07  2.54330E-07
  4.92630E-07  8.39300E-07  1.29060E-06  1.82810E-06  2.42340E-06  3.04410E-06
  3.65900E-06  4.23100E-06  4.72660E-06  5.19450E-06  5.63000E-06  6.00040E-06
  6.28760E-06  6.48820E-06  6.60140E-06  6.63680E-06  6.61060E-06  6.53990E-06
  6.44060E-06  6.32650E-06  6.20360E-06  6.07470E-06  5.94200E-06  5.80710E-06
  5.67130E-06  5.53580E-06  5.40120E-06  5.26800E-06  5.13680E-06  5.00780E-06
  4.88120E-06  4.75730E-06  4.63600E-06  4.51750E-06  4.40170E-06  4.28870E-06
  4.17850E-06  4.07110E-06  3.96630E-06  3.86420E-06  3.76470E-06  3.66770E-06
 
  jn =   4
  1.00000E-72  1.00000E-72  1.00000E-72  3.43550E-40  5.28920E-33  2.64030E-27
  8.63770E-23  3.23880E-19  2.18300E-16  3.83300E-14  2.35330E-12  6.26340E-11
  8.51020E-10  6.71970E-09  3.44850E-08  1.26050E-07  3.53040E-07  8.03660E-07
  1.55650E-06  2.65140E-06  4.07680E-06  5.77430E-06  7.65450E-06  9.61540E-06
  1.15580E-05  1.33660E-05  1.49320E-05  1.64110E-05  1.77880E-05  1.89600E-05
  1.98680E-05  2.05030E-05  2.08630E-05  2.09750E-05  2.08940E-05  2.06710E-05
  2.03580E-05  1.99980E-05  1.96110E-05  1.92040E-05  1.87850E-05  1.83590E-05
  1.79300E-05  1.75020E-05  1.70760E-05  1.66560E-05  1.62410E-05  1.58340E-05
  1.54340E-05  1.50420E-05  1.46590E-05  1.42840E-05  1.39180E-05  1.35610E-05
  1.32130E-05  1.28730E-05  1.25420E-05  1.22190E-05  1.19040E-05  1.15980E-05
 
  jn =   5
  1.00000E-72  1.00000E-72  1.00000E-72  1.08640E-39  1.67260E-32  8.34920E-27
  2.73140E-22  1.02420E-18  6.90320E-16  1.21210E-13  7.44150E-12  1.98040E-10
  2.69050E-09  2.12390E-08  1.08960E-07  3.98090E-07  1.11450E-06  2.53570E-06
  4.90880E-06  8.35910E-06  1.28500E-05  1.81970E-05  2.41210E-05  3.03010E-05
  3.64270E-05  4.21290E-05  4.70730E-05  5.17470E-05  5.61000E-05  5.98060E-05
  6.26850E-05  6.47000E-05  6.58450E-05  6.62110E-05  6.59640E-05  6.52700E-05
  6.42910E-05  6.31620E-05  6.19440E-05  6.06650E-05  5.93470E-05  5.80060E-05
  5.66560E-05  5.53070E-05  5.39660E-05  5.26400E-05  5.13320E-05  5.00460E-05
  4.87840E-05  4.75470E-05  4.63370E-05  4.51540E-05  4.39990E-05  4.28710E-05
  4.17710E-05  4.06980E-05  3.96510E-05  3.86310E-05  3.76370E-05  3.66690E-05
 
  jn =   6
  1.00000E-72  1.00000E-72  1.00000E-72  3.43510E-39  5.28870E-32  2.64000E-26
  8.63700E-22  3.23860E-18  2.18290E-15  3.83270E-13  2.35290E-11  6.26060E-10
  8.50190E-09  6.70710E-08  3.43760E-07  1.25440E-06  3.50720E-06  7.96920E-06
  1.54080E-05  2.62120E-05  4.02610E-05  5.69880E-05  7.55250E-05  9.48760E-05
  1.14080E-04  1.31980E-04  1.47520E-04  1.62250E-04  1.75990E-04  1.87710E-04
  1.96850E-04  2.03280E-04  2.06980E-04  2.08230E-04  2.07550E-04  2.05450E-04
  2.02450E-04  1.98970E-04  1.95190E-04  1.91220E-04  1.87120E-04  1.82940E-04
  1.78720E-04  1.74510E-04  1.70310E-04  1.66150E-04  1.62050E-04  1.58010E-04
  1.54050E-04  1.50160E-04  1.46360E-04  1.42640E-04  1.39000E-04  1.35450E-04
  1.31980E-04  1.28600E-04  1.25300E-04  1.22080E-04  1.18950E-04  1.15890E-04
 
  jn =   7
  1.00000E-72  1.00000E-72  1.00000E-72  1.08600E-38  1.67200E-31  8.34670E-26
  2.73070E-21  1.02390E-17  6.90160E-15  1.21170E-12  7.43720E-11  1.97790E-09
  2.68320E-08  2.11320E-07  1.08060E-06  3.93210E-06  1.09590E-05  2.48240E-05
  4.78570E-05  8.12060E-05  1.24490E-04  1.75960E-04  2.32990E-04  2.92610E-04
  3.51880E-04  4.07270E-04  4.55540E-04  5.01450E-04  5.44480E-04  5.81420E-04
  6.10450E-04  6.31160E-04  6.43420E-04  6.48080E-04  6.46690E-04  6.40870E-04
  6.32170E-04  6.21910E-04  6.10700E-04  5.98790E-04  5.86410E-04  5.73740E-04
  5.60910E-04  5.48010E-04  5.35150E-04  5.22370E-04  5.09720E-04  4.97250E-04
  4.84970E-04  4.72920E-04  4.61090E-04  4.49500E-04  4.38170E-04  4.27080E-04
  4.16250E-04  4.05670E-04  3.95340E-04  3.85260E-04  3.75430E-04  3.65840E-04
 
  jn =   8
  1.00000E-72  1.00000E-72  1.00000E-72  3.43110E-38  5.28310E-31  2.63760E-25
  8.62980E-21  3.23610E-17  2.18130E-14  3.82910E-12  2.34890E-10  6.23820E-09
  8.44150E-08  6.62330E-07  3.37010E-06  1.21920E-05  3.37690E-05  7.60120E-05
  1.45670E-04  2.45860E-04  3.75210E-04  5.28500E-04  6.98090E-04  8.75360E-04
  1.05200E-03  1.21750E-03  1.36260E-03  1.50150E-03  1.63290E-03  1.74690E-03
  1.83790E-03  1.90460E-03  1.94620E-03  1.96510E-03  1.96570E-03  1.95280E-03
  1.93090E-03  1.90400E-03  1.87380E-03  1.84110E-03  1.80660E-03  1.77100E-03
  1.73440E-03  1.69740E-03  1.66020E-03  1.62290E-03  1.58580E-03  1.54900E-03
  1.51250E-03  1.47650E-03  1.44110E-03  1.40620E-03  1.37190E-03  1.33820E-03
  1.30520E-03  1.27290E-03  1.24130E-03  1.21030E-03  1.18000E-03  1.15040E-03
 
  jn =   9
  1.00000E-72  1.00000E-72  1.00000E-72  1.08200E-37  1.66650E-30  8.32200E-25
  2.72350E-20  1.02150E-16  6.88560E-14  1.20820E-11  7.39950E-10  1.95840E-08
  2.63480E-07  2.05070E-06  1.03320E-05  3.69630E-05  1.01180E-04  2.25060E-04
  4.26310E-04  7.11780E-04  1.07590E-03  1.50320E-03  1.97270E-03  2.46180E-03
  2.94900E-03  3.40700E-03  3.81100E-03  4.20260E-03  4.57830E-03  4.91060E-03
  5.18340E-03  5.39190E-03  5.53340E-03  5.61310E-03  5.64210E-03  5.63230E-03
  5.59600E-03  5.54400E-03  5.48110E-03  5.40940E-03  5.33100E-03  5.24730E-03
  5.15960E-03  5.06870E-03  4.97560E-03  4.88090E-03  4.78510E-03  4.68870E-03
  4.59200E-03  4.49550E-03  4.39920E-03  4.30350E-03  4.20840E-03  4.11430E-03
  4.02110E-03  3.92910E-03  3.83830E-03  3.74880E-03  3.66060E-03  3.57390E-03
 
  jn =  10
  1.00000E-72  1.00000E-72  1.00000E-72  3.39140E-37  5.22830E-30  2.61310E-24
  8.55840E-20  3.21200E-16  2.16530E-13  3.79400E-11  2.31320E-09  6.06800E-08
  8.05220E-07  6.15460E-06  3.03490E-05  1.06040E-04  2.83120E-04  6.14000E-04
  1.13430E-03  1.84980E-03  2.73750E-03  3.75610E-03  4.85710E-03  5.99360E-03
  7.12210E-03  8.18670E-03  9.13840E-03  1.00810E-02  1.10100E-02  1.18600E-02
  1.25920E-02  1.31940E-02  1.36540E-02  1.39790E-02  1.41890E-02  1.43070E-02
  1.43570E-02  1.43630E-02  1.43350E-02  1.42780E-02  1.41970E-02  1.40950E-02
  1.39750E-02  1.38400E-02  1.36910E-02  1.35310E-02  1.33620E-02  1.31830E-02
  1.29980E-02  1.28060E-02  1.26090E-02  1.24080E-02  1.22020E-02  1.19940E-02
  1.17820E-02  1.15690E-02  1.13540E-02  1.11380E-02  1.09210E-02  1.07040E-02
 
  jn =  11
  1.00000E-72  1.00000E-72  1.40130E-45  1.04340E-36  1.61310E-29  8.08340E-24
  2.65370E-19  9.97860E-16  6.72900E-13  1.17390E-10  7.06480E-09  1.80910E-07
  2.31720E-06  1.69440E-05  7.94900E-05  2.63670E-04  6.68670E-04  1.38020E-03
  2.43520E-03  3.81120E-03  5.44610E-03  7.26050E-03  9.17840E-03  1.11370E-02
  1.30770E-02  1.49200E-02  1.66030E-02  1.83220E-02  2.00760E-02  2.17540E-02
  2.32900E-02  2.46600E-02  2.58390E-02  2.68270E-02  2.76460E-02  2.83230E-02
  2.88870E-02  2.93710E-02  2.97890E-02  3.01460E-02  3.04470E-02  3.06970E-02
  3.09000E-02  3.10570E-02  3.11730E-02  3.12480E-02  3.12860E-02  3.12880E-02
  3.12560E-02  3.11910E-02  3.10950E-02  3.09690E-02  3.08150E-02  3.06330E-02
  3.04250E-02  3.01920E-02  2.99360E-02  2.96580E-02  2.93590E-02  2.90400E-02
 
  jn =  12
  1.00000E-72  1.00000E-72  2.80260E-45  3.03950E-36  4.73700E-29  2.39140E-23
  7.90490E-19  2.98950E-15  2.01750E-12  3.47430E-10  2.01710E-08  4.85410E-07
  5.72390E-06  3.81890E-05  1.63720E-04  5.00170E-04  1.18030E-03  2.29080E-03
  3.83750E-03  5.75650E-03  7.95440E-03  1.03330E-02  1.28100E-02  1.53270E-02
  1.78250E-02  2.02170E-02  2.24410E-02  2.47720E-02  2.72130E-02  2.96270E-02
  3.19320E-02  3.41000E-02  3.61040E-02  3.79390E-02  3.96250E-02  4.11870E-02
  4.26520E-02  4.40540E-02  4.54040E-02  4.67070E-02  4.79660E-02  4.91860E-02
  5.03660E-02  5.15070E-02  5.26080E-02  5.36700E-02  5.46920E-02  5.56720E-02
  5.66100E-02  5.75020E-02  5.83470E-02  5.91440E-02  5.98890E-02  6.05810E-02
  6.12180E-02  6.17980E-02  6.23190E-02  6.27800E-02  6.31790E-02  6.35140E-02
 
  jn =  13
  1.00000E-72  1.00000E-72  7.00650E-45  7.69370E-36  1.22210E-28  6.28190E-23
  2.11230E-18  8.10490E-15  5.48080E-12  9.13620E-10  4.88100E-08  1.03830E-06
  1.07060E-05  6.33400E-05  2.46470E-04  6.98810E-04  1.55830E-03  2.89660E-03
  4.69460E-03  6.86810E-03  9.31480E-03  1.19340E-02  1.46480E-02  1.74030E-02
  2.01440E-02  2.27800E-02  2.52580E-02  2.78840E-02  3.06710E-02  3.34670E-02
  3.61890E-02  3.88110E-02  4.13070E-02  4.36760E-02  4.59380E-02  4.81190E-02
  5.02490E-02  5.23590E-02  5.44630E-02  5.65700E-02  5.86850E-02  6.08140E-02
  6.29580E-02  6.51210E-02  6.73030E-02  6.95070E-02  7.17330E-02  7.39820E-02
  7.62510E-02  7.85390E-02  8.08440E-02  8.31640E-02  8.54950E-02  8.78340E-02
  9.01780E-02  9.25210E-02  9.48600E-02  9.71880E-02  9.95000E-02  1.01790E-01
 
  jn =  14
  1.00000E-72  1.00000E-72  1.26120E-44  1.49170E-35  2.44210E-28  1.29380E-22
  4.48260E-18  1.76620E-14  1.19890E-11  1.88500E-09  8.85830E-08  1.62300E-06
  1.47730E-05  8.00120E-05  2.93380E-04  7.99260E-04  1.73400E-03  3.16130E-03
  5.05180E-03  7.31520E-03  9.84790E-03  1.25500E-02  1.53450E-02  1.81830E-02
  2.10090E-02  2.37330E-02  2.63020E-02  2.90390E-02  3.19550E-02  3.48990E-02
  3.77830E-02  4.05860E-02  4.32820E-02  4.58720E-02  4.83780E-02  5.08270E-02
  5.32510E-02  5.56820E-02  5.81360E-02  6.06240E-02  6.31530E-02  6.57340E-02
  6.83710E-02  7.10690E-02  7.38350E-02  7.66730E-02  7.95880E-02  8.25840E-02
  8.56640E-02  8.88320E-02  9.20900E-02  9.54400E-02  9.88850E-02  1.02430E-01
  1.06070E-01  1.09810E-01  1.13650E-01  1.17590E-01  1.21630E-01  1.25780E-01
 
  jn =  15
  1.00000E-72  1.00000E-72  1.68160E-44  2.12150E-35  3.56880E-28  1.94570E-22
  6.94820E-18  2.81660E-14  1.91970E-11  2.83990E-09  1.19330E-07  1.97470E-06
  1.67910E-05  8.72770E-05  3.12180E-04  8.37330E-04  1.79820E-03  3.25530E-03
  5.17640E-03  7.46900E-03  1.00290E-02  1.27580E-02  1.55790E-02  1.84440E-02
  2.12980E-02  2.40510E-02  2.66510E-02  2.94240E-02  3.23840E-02  3.53780E-02
  3.83170E-02  4.11820E-02  4.39470E-02  4.66130E-02  4.92050E-02  5.17490E-02
  5.42770E-02  5.68230E-02  5.94030E-02  6.20300E-02  6.47120E-02  6.74610E-02
  7.02830E-02  7.31840E-02  7.61740E-02  7.92580E-02  8.24440E-02  8.57380E-02
  8.91460E-02  9.26750E-02  9.63290E-02  1.00120E-01  1.04040E-01  1.08110E-01
  1.12330E-01  1.16710E-01  1.21250E-01  1.25960E-01  1.30840E-01  1.35910E-01
 
  Continuum n=2 / n=1 (jt,jn)                                                   
  jn =   1
  6.87470E-02  1.91800E-07  8.36620E-11  3.73700E-11  2.72520E-11  1.91820E-11
  1.44010E-11  1.09820E-11  8.45810E-12  6.61410E-12  5.23760E-12  4.18030E-12
  3.35630E-12  2.70600E-12  2.18690E-12  1.76900E-12  1.43050E-12  1.15500E-12
  9.30290E-13  7.46460E-13  5.96150E-13  4.74020E-13  3.75510E-13  2.96450E-13
  2.32730E-13  1.81640E-13  1.41350E-13  1.09320E-13  8.40460E-14  6.43230E-14
  4.90240E-14  3.71940E-14  2.80800E-14  2.11050E-14  1.58090E-14  1.18150E-14
  8.81950E-15  6.58210E-15  4.91270E-15  3.66700E-15  2.73740E-15  2.04360E-15
  1.52570E-15  1.13920E-15  8.50650E-16  6.35230E-16  4.74400E-16  3.54310E-16
  2.64640E-16  1.97680E-16  1.47670E-16  1.10320E-16  8.24200E-17  6.15810E-17
  4.60130E-17  3.43830E-17  2.56940E-17  1.92020E-17  1.43510E-17  1.07270E-17
 
  jn =   2
  2.44394E-01  4.64804E-07  2.70705E-10  1.58490E-10  1.14379E-10  7.45918E-11
  5.45637E-11  4.05460E-11  3.03161E-11  2.31498E-11  1.80035E-11  1.41483E-11
  1.12145E-11  8.94722E-12  7.16846E-12  5.75752E-12  4.62845E-12  3.71932E-12
  2.98364E-12  2.38627E-12  1.90068E-12  1.50798E-12  1.19246E-12  9.39974E-13
  7.37007E-13  5.74614E-13  4.46792E-13  3.45293E-13  2.65314E-13  2.02954E-13
  1.54622E-13  1.17271E-13  8.85116E-14  6.65117E-14  4.98142E-14  3.72248E-14
  2.77846E-14  2.07347E-14  1.54748E-14  1.15504E-14  8.62174E-15  6.43629E-15
  4.80510E-15  3.58755E-15  2.67886E-15  2.00041E-15  1.49392E-15  1.11573E-15
  8.33355E-16  6.22488E-16  4.64994E-16  3.47379E-16  2.59537E-16  1.93917E-16
  1.44895E-16  1.08274E-16  8.09150E-17  6.04698E-17  4.51943E-17  3.37804E-17
 
  jn =   3
  1.00170E+01  4.61830E-06  7.06490E-10  6.64860E-10  5.65890E-10  2.89500E-10
  2.14920E-10  1.58880E-10  1.13010E-10  8.33040E-11  6.35370E-11  4.89980E-11
  3.82220E-11  3.01130E-11  2.38750E-11  1.90080E-11  1.51700E-11  1.21170E-11
  9.67110E-12  7.70190E-12  6.11290E-12  4.83530E-12  3.81380E-12  2.99980E-12
  2.34770E-12  1.82750E-12  1.41900E-12  1.09540E-12  8.40730E-13  6.42550E-13
  4.89150E-13  3.70740E-13  2.79660E-13  2.10050E-13  1.57250E-13  1.17470E-13
  8.76530E-14  6.53960E-14  4.87960E-14  3.64130E-14  2.71760E-14  2.02840E-14
  1.51410E-14  1.13030E-14  8.43880E-15  6.30100E-15  4.70510E-15  3.51380E-15
  2.62430E-15  1.96010E-15  1.46420E-15  1.09380E-15  8.17150E-16  6.10530E-16
  4.56190E-16  3.40890E-16  2.54750E-16  1.90390E-16  1.42290E-16  1.06360E-16
 
  jn =   4
  1.77115E+01  5.41434E-05  4.55451E-09  3.50665E-09  2.53053E-09  1.32116E-09
  9.09574E-10  6.35128E-10  4.38355E-10  3.14227E-10  2.33262E-10  1.76072E-10
  1.34970E-10  1.04792E-10  8.20810E-11  6.46789E-11  5.11604E-11  4.05428E-11
  3.21340E-11  2.54339E-11  2.00774E-11  1.58057E-11  1.24137E-11  9.72680E-12
  7.58621E-12  5.88740E-12  4.55862E-12  3.51013E-12  2.68824E-12  2.05040E-12
  1.55804E-12  1.17893E-12  8.87992E-13  6.66096E-13  4.98111E-13  3.71711E-13
  2.77113E-13  2.06579E-13  1.54025E-13  1.14863E-13  8.56708E-14  6.39078E-14
  4.76812E-14  3.55816E-14  2.65541E-14  1.98202E-14  1.47958E-14  1.10464E-14
  8.24823E-15  6.15947E-15  4.60033E-15  3.43618E-15  2.56674E-15  1.91755E-15
  1.43268E-15  1.07051E-15  7.99986E-16  5.97840E-16  4.46824E-16  3.33980E-16
 
  jn =   5
  4.30830E+00  6.16030E-07  2.82540E-08  1.97670E-08  1.34950E-08  6.47810E-09
  4.24070E-09  2.84060E-09  1.88360E-09  1.30670E-09  9.44740E-10  6.96910E-10
  5.23810E-10  3.99850E-10  3.08480E-10  2.39700E-10  1.87100E-10  1.46400E-10
  1.14650E-10  8.97310E-11  7.01070E-11  5.46740E-11  4.25700E-11  3.30880E-11
  2.56190E-11  1.97490E-11  1.51960E-11  1.16340E-11  8.86280E-12  6.72730E-12
  5.08940E-12  3.83570E-12  2.87880E-12  2.15250E-12  1.60490E-12  1.19450E-12
  8.88440E-13  6.60890E-13  4.91820E-13  3.66140E-13  2.72680E-13  2.03130E-13
  1.51380E-13  1.12840E-13  8.41310E-14  6.27440E-14  4.68040E-14  3.49220E-14
  2.60610E-14  1.94520E-14  1.45220E-14  1.08430E-14  8.09730E-15  6.04770E-15
  4.51760E-15  3.37500E-15  2.52170E-15  1.88440E-15  1.40830E-15  1.05260E-15
 
  jn =   6
  2.04446E+01  1.37498E-05  2.50885E-07  1.39350E-07  7.83048E-08  3.99835E-08
  2.41993E-08  1.53045E-08  9.90818E-09  6.68308E-09  4.67332E-09  3.34676E-09
  2.44714E-09  1.81969E-09  1.36951E-09  1.03913E-09  7.92591E-10  6.06499E-10
  4.65026E-10  3.56796E-10  2.73700E-10  2.09871E-10  1.60860E-10  1.23205E-10
  9.41048E-11  7.16372E-11  5.44594E-11  4.12254E-11  3.10802E-11  2.33603E-11
  1.75102E-11  1.30846E-11  9.74386E-12  7.23387E-12  5.35873E-12  3.96454E-12
  2.93229E-12  2.17032E-12  1.60778E-12  1.19205E-12  8.84452E-13  6.56711E-13
  4.87936E-13  3.62736E-13  2.69826E-13  2.00812E-13  1.49519E-13  1.11374E-13
  8.29942E-14  6.18696E-14  4.61360E-14  3.44124E-14  2.56772E-14  1.91635E-14
  1.43056E-14  1.06814E-14  7.97679E-15  5.95818E-15  4.45118E-15  3.32590E-15
 
  jn =   7
  7.36020E+01  2.04010E-04  2.52250E-06  1.18370E-06  5.99040E-07  3.14200E-07
  1.81060E-07  1.09550E-07  6.85210E-08  4.42810E-08  2.94910E-08  2.01390E-08
  1.40690E-08  1.00150E-08  7.23610E-09  5.28640E-09  3.89400E-09  2.88600E-09
  2.14960E-09  1.60670E-09  1.20370E-09  9.03580E-10  6.79210E-10  5.10910E-10
  3.83820E-10  2.87710E-10  2.15490E-10  1.60830E-10  1.19610E-10  8.87160E-11
  6.56510E-11  4.84560E-11  3.56640E-11  2.61840E-11  1.91920E-11  1.40540E-11
  1.02930E-11  7.54810E-12  5.54320E-12  4.07660E-12  3.00190E-12  2.21340E-12
  1.63390E-12  1.20750E-12  8.93320E-13  6.61530E-13  4.90340E-13  3.63760E-13
  2.70070E-13  2.00650E-13  1.49180E-13  1.10980E-13  8.26100E-14  6.15230E-14
  4.58400E-14  3.41700E-14  2.54810E-14  1.90080E-14  1.41840E-14  1.05870E-14
 
  jn =   8
  2.02474E+02  2.15610E-04  2.61376E-05  1.17941E-05  5.88455E-06  3.00326E-06
  1.68633E-06  9.82950E-07  5.82072E-07  3.51708E-07  2.18110E-07  1.38752E-07
  9.06162E-08  6.05898E-08  4.13612E-08  2.87276E-08  2.02449E-08  1.44406E-08
  1.04084E-08  7.56346E-09  5.53063E-09  4.06566E-09  3.00083E-09  2.22116E-09
  1.64513E-09  1.21786E-09  9.01674E-10  6.65749E-10  4.89990E-10  3.59798E-10
  2.63604E-10  1.92656E-10  1.40424E-10  1.02115E-10  7.41304E-11  5.37484E-11
  3.89660E-11  2.82823E-11  2.05580E-11  1.49654E-11  1.09102E-11  7.96541E-12
  5.82388E-12  4.26379E-12  3.12612E-12  2.29511E-12  1.68725E-12  1.24204E-12
  9.15420E-13  6.75513E-13  4.99059E-13  3.69088E-13  2.73258E-13  2.02502E-13
  1.50201E-13  1.11501E-13  8.28394E-14  6.15884E-14  4.58168E-14  3.41059E-14
 
  jn =   9
  3.26370E+02  2.57780E-03  3.13630E-04  1.37310E-04  6.57750E-05  3.38590E-05
  1.84140E-05  1.02320E-05  5.67510E-06  3.14330E-06  1.76940E-06  1.02380E-06
  6.11950E-07  3.77580E-07  2.40170E-07  1.56980E-07  1.05070E-07  7.17790E-08
  4.99180E-08  3.52070E-08  2.51060E-08  1.80700E-08  1.31010E-08  9.55100E-09
  6.98480E-09  5.11720E-09  3.75580E-09  2.75250E-09  2.01300E-09  1.46980E-09
  1.07150E-09  7.79520E-10  5.65810E-10  4.09840E-10  2.96360E-10  2.13950E-10
  1.54350E-10  1.11430E-10  8.05330E-11  5.82590E-11  4.21870E-11  3.05830E-11
  2.21900E-11  1.61160E-11  1.17170E-11  8.52790E-12  6.21400E-12  4.53330E-12
  3.31120E-12  2.42150E-12  1.77310E-12  1.30000E-12  9.54310E-13  7.01430E-13
  5.16200E-13  3.80350E-13  2.80580E-13  2.07220E-13  1.53210E-13  1.13400E-13
 
  jn =  10
  2.80952E+04  1.40876E-02  3.86910E-03  1.68987E-03  8.09244E-04  4.13486E-04
  2.21225E-04  1.18070E-04  6.06910E-05  3.02611E-05  1.51933E-05  7.88199E-06
  4.27327E-06  2.42154E-06  1.43097E-06  8.77785E-07  5.56286E-07  3.62673E-07
  2.42407E-07  1.65252E-07  1.14430E-07  8.03051E-08  5.69748E-08  4.07703E-08
  2.93529E-08  2.12305E-08  1.54176E-08  1.12013E-08  8.13416E-09  5.90509E-09
  4.28464E-09  3.10584E-09  2.24802E-09  1.62494E-09  1.17312E-09  8.45648E-10
  6.09122E-10  4.39019E-10  3.16758E-10  2.28708E-10  1.65268E-10  1.19530E-10
  8.64924E-11  6.26186E-11  4.53586E-11  3.28735E-11  2.38431E-11  1.73051E-11
  1.25683E-11  9.13493E-12  6.64453E-12  4.83733E-12  3.52466E-12  2.57053E-12
  1.87660E-12  1.37144E-12  1.00333E-12  7.34826E-13  5.38812E-13  3.95537E-13
 
  jn =  11
  6.29410E+04  1.27490E-01  4.43250E-02  1.95510E-02  9.43930E-03  4.86910E-03
  2.59940E-03  1.35190E-03  6.53060E-04  2.97200E-04  1.35070E-04  6.36940E-05
  3.15870E-05  1.64580E-05  8.98790E-06  5.12500E-06  3.03910E-06  1.86770E-06
  1.18550E-06  7.73030E-07  5.15480E-07  3.50520E-07  2.42250E-07  1.69640E-07
  1.20010E-07  8.56070E-08  6.14900E-08  4.42930E-08  3.19550E-08  2.30830E-08
  1.66900E-08  1.20680E-08  8.72270E-09  6.30120E-09  4.54880E-09  3.27930E-09
  2.36230E-09  1.70270E-09  1.22850E-09  8.86970E-10  6.40820E-10  4.63360E-10
  3.35140E-10  2.42460E-10  1.75460E-10  1.27010E-10  9.19810E-11  6.66400E-11
  4.82970E-11  3.50160E-11  2.53970E-11  1.84290E-11  1.33780E-11  9.71640E-12
  7.06080E-12  5.13400E-12  3.73540E-12  2.71970E-12  1.98160E-12  1.44500E-12
 
  jn =  12
  4.00024E+04  1.15498E+00  4.37123E-01  1.95661E-01  9.57354E-02  5.01208E-02
  2.69715E-02  1.39277E-02  6.51118E-03  2.79233E-03  1.17182E-03  5.02219E-04
  2.23918E-04  1.04675E-04  5.16154E-05  2.68733E-05  1.47417E-05  8.48808E-06
  5.10656E-06  3.18939E-06  2.05533E-06  1.36060E-06  9.20856E-07  6.34433E-07
  4.43285E-07  3.13254E-07  2.23469E-07  1.60193E-07  1.15198E-07  8.30574E-08
  6.00052E-08  4.34026E-08  3.14060E-08  2.27318E-08  1.64516E-08  1.18933E-08
  8.59236E-09  6.21161E-09  4.49447E-09  3.25448E-09  2.35777E-09  1.70943E-09
  1.23951E-09  8.98799E-10  6.51750E-10  4.72673E-10  3.42828E-10  2.48705E-10
  1.80433E-10  1.30906E-10  9.49801E-11  6.89164E-11  5.00102E-11  3.62958E-11
  2.63443E-11  1.91253E-11  1.38873E-11  1.00861E-11  7.32772E-12  5.32555E-12
 
  jn =  13
  2.13770E+04  8.79420E+00  3.53150E+00  1.61610E+00  8.07750E-01  4.32100E-01
  2.36770E-01  1.23470E-01  5.70710E-02  2.32620E-02  8.83370E-03  3.30530E-03
  1.27750E-03  5.26370E-04  2.34550E-04  1.12990E-04  5.84460E-05  3.21920E-05
  1.87290E-05  1.14060E-05  7.21370E-06  4.70880E-06  3.15370E-06  2.15590E-06
  1.49760E-06  1.05380E-06  7.49590E-07  5.36300E-07  3.85230E-07  2.77630E-07
  2.00610E-07  1.45200E-07  1.05200E-07  7.62740E-08  5.53170E-08  4.00860E-08
  2.90340E-08  2.10460E-08  1.52710E-08  1.10890E-08  8.05750E-09  5.85960E-09
  4.26180E-09  3.09980E-09  2.25470E-09  1.64010E-09  1.19320E-09  8.68160E-10
  6.31650E-10  4.59540E-10  3.34310E-10  2.43180E-10  1.76880E-10  1.28640E-10
  9.35460E-11  6.80220E-11  4.94580E-11  3.59580E-11  2.61420E-11  1.90060E-11
 
  jn =  14
  8.60247E+03  5.01713E+01  2.12134E+01  9.99856E+00  5.15364E+00  2.84488E+00
  1.60683E+00  8.59046E-01  3.96738E-01  1.51569E-01  5.03388E-02  1.61546E-02
  5.49587E-03  2.06863E-03  8.67294E-04  4.01036E-04  2.01681E-04  1.08903E-04
  6.24637E-05  3.76514E-05  2.36365E-05  1.53459E-05  1.02375E-05  6.97791E-06
  4.83701E-06  3.39858E-06  2.41497E-06  1.72669E-06  1.23986E-06  8.93427E-07
  6.45651E-07  4.67490E-07  3.38878E-07  2.45889E-07  1.78493E-07  1.29478E-07
  9.38868E-08  6.81391E-08  4.95046E-08  3.59956E-08  2.61932E-08  1.90772E-08
  1.38967E-08  1.01243E-08  7.37670E-09  5.37516E-09  3.91745E-09  2.85547E-09
  2.08143E-09  1.51718E-09  1.10584E-09  8.05958E-10  5.87349E-10  4.27990E-10
  3.11832E-10  2.27172E-10  1.65477E-10  1.20519E-10  8.77658E-11  6.39078E-11
 
  jn =  15
  3.03070E+03  2.13120E+02  9.39890E+01  4.51200E+01  2.38940E+01  1.35790E+01
  7.90560E+00  4.34590E+00  2.01230E+00  7.21790E-01  2.13950E-01  6.19220E-02
  1.96600E-02  7.09710E-03  2.90120E-03  1.32030E-03  6.57110E-04  3.52310E-04
  2.01060E-04  1.20770E-04  7.56240E-05  4.90100E-05  3.26520E-05  2.22350E-05
  1.54020E-05  1.08170E-05  7.68340E-06  5.49250E-06  3.94340E-06  2.84150E-06
  2.05360E-06  1.48700E-06  1.07820E-06  7.82470E-07  5.68170E-07  4.12280E-07
  2.99060E-07  2.17130E-07  1.57810E-07  1.14800E-07  8.35800E-08  6.09050E-08
  4.43910E-08  3.23590E-08  2.35910E-08  1.72010E-08  1.25440E-08  9.15010E-09
  6.67460E-09  4.86880E-09  3.55150E-09  2.59050E-09  1.88940E-09  1.37790E-09
  1.00480E-09  7.32630E-10  5.34130E-10  3.89360E-10  2.83790E-10  2.06820E-10
 
 Neutral n=4 / n=1 (jt,jn)                                                      
  jn =   1
  1.00000E-72  1.00000E-72  1.00000E-72  1.00000E-72  4.19390E-41  5.79720E-34
  2.66470E-28  8.18600E-24  2.93610E-20  1.93040E-17  3.32980E-15  1.98480E-13
  5.07080E-12  6.58840E-11  5.00270E-10  2.48190E-09  8.79130E-09  2.38600E-08
  5.24570E-08  9.75460E-08  1.58710E-07  2.31990E-07  3.11010E-07  3.88690E-07
  4.59230E-07  5.19500E-07  5.69830E-07  6.11120E-07  6.43720E-07  6.68000E-07
  6.84190E-07  6.92380E-07  6.92670E-07  6.86110E-07  6.74320E-07  6.58830E-07
  6.40940E-07  6.21740E-07  6.01810E-07  5.81530E-07  5.61170E-07  5.40940E-07
  5.20980E-07  5.01430E-07  4.82340E-07  4.63780E-07  4.45780E-07  4.28370E-07
  4.11540E-07  3.95310E-07  3.79670E-07  3.64610E-07  3.50110E-07  3.36170E-07
  3.22760E-07  3.09880E-07  2.97500E-07  2.85610E-07  2.74180E-07  2.63210E-07
 
  jn =   2
  1.00000E-72  1.00000E-72  1.00000E-72  1.00000E-72  1.32670E-40  1.83380E-33
  8.42870E-28  2.58920E-23  9.28620E-20  6.10480E-17  1.05290E-14  6.27520E-13
  1.60290E-11  2.08220E-10  1.58070E-09  7.84010E-09  2.77640E-08  7.53370E-08
  1.65610E-07  3.07920E-07  5.00950E-07  7.32220E-07  9.81600E-07  1.22680E-06
  1.44950E-06  1.63990E-06  1.79900E-06  1.92950E-06  2.03260E-06  2.10950E-06
  2.16080E-06  2.18690E-06  2.18800E-06  2.16750E-06  2.13040E-06  2.08160E-06
  2.02530E-06  1.96470E-06  1.90190E-06  1.83790E-06  1.77360E-06  1.70980E-06
  1.64680E-06  1.58500E-06  1.52470E-06  1.46610E-06  1.40930E-06  1.35430E-06
  1.30110E-06  1.24980E-06  1.20040E-06  1.15280E-06  1.10700E-06  1.06290E-06
  1.02050E-06  9.79800E-07  9.40670E-07  9.03070E-07  8.66960E-07  8.32270E-07
 
  jn =   3
  1.00000E-72  1.00000E-72  1.00000E-72  1.00000E-72  4.19940E-40  5.80440E-33
  2.66770E-27  8.19360E-23  2.93790E-19  1.93080E-16  3.32890E-14  1.98310E-12
  5.06290E-11  6.57230E-10  4.98550E-09  2.47080E-08  8.74350E-08  2.37100E-07
  5.20940E-07  9.68250E-07  1.57490E-06  2.30160E-06  3.08550E-06  3.85660E-06
  4.55770E-06  5.15780E-06  5.65960E-06  6.07200E-06  6.39860E-06  6.64250E-06
  6.80620E-06  6.89030E-06  6.89580E-06  6.83290E-06  6.71790E-06  6.56570E-06
  6.38940E-06  6.19970E-06  6.00250E-06  5.80160E-06  5.59960E-06  5.39880E-06
  5.20050E-06  5.00610E-06  4.81630E-06  4.63160E-06  4.45240E-06  4.27890E-06
  4.11130E-06  3.94950E-06  3.79350E-06  3.64330E-06  3.49870E-06  3.35960E-06
  3.22580E-06  3.09720E-06  2.97360E-06  2.85480E-06  2.74080E-06  2.63120E-06
 
  jn =   4
  1.00000E-72  1.00000E-72  1.00000E-72  1.00000E-72  1.33180E-39  1.84060E-32
  8.45710E-27  2.59620E-22  9.30160E-19  6.10680E-16  1.05160E-13  6.25550E-12
  1.59420E-10  2.06520E-09  1.56300E-08  7.72800E-08  2.72880E-07  7.38670E-07
  1.62070E-06  3.00940E-06  4.89170E-06  7.14700E-06  9.58130E-06  1.19800E-05
  1.41670E-05  1.60460E-05  1.76230E-05  1.89240E-05  1.99600E-05  2.07410E-05
  2.12710E-05  2.15520E-05  2.15870E-05  2.14080E-05  2.10640E-05  2.06020E-05
  2.00620E-05  1.94780E-05  1.88700E-05  1.82480E-05  1.76210E-05  1.69960E-05
  1.63790E-05  1.57720E-05  1.51790E-05  1.46010E-05  1.40400E-05  1.34970E-05
  1.29710E-05  1.24630E-05  1.19730E-05  1.15010E-05  1.10460E-05  1.06090E-05
  1.01870E-05  9.78250E-06  9.39310E-06  9.01890E-06  8.65930E-06  8.31380E-06
 
  jn =   5
  1.00000E-72  1.00000E-72  1.00000E-72  1.00000E-72  4.24530E-39  5.86340E-32
  2.69130E-26  8.24760E-22  2.94740E-18  1.92860E-15  3.30740E-13  1.95780E-11
  4.96110E-10  6.38590E-09  4.80120E-08  2.35910E-07  8.28410E-07  2.23240E-06
  4.88240E-06  9.04680E-06  1.46890E-05  2.14550E-05  2.87810E-05  3.60350E-05
  4.27010E-05  4.84880E-05  5.33900E-05  5.74850E-05  6.07980E-05  6.33400E-05
  6.51220E-05  6.61430E-05  6.64050E-05  6.59990E-05  6.50740E-05  6.37710E-05
  6.22140E-05  6.05060E-05  5.87060E-05  5.68500E-05  5.49690E-05  5.30830E-05
  5.12100E-05  4.93630E-05  4.75500E-05  4.57780E-05  4.40520E-05  4.23760E-05
  4.07510E-05  3.91780E-05  3.76580E-05  3.61900E-05  3.47750E-05  3.34100E-05
  3.20960E-05  3.08300E-05  2.96120E-05  2.84410E-05  2.73140E-05  2.62300E-05
 
  jn =   6
  1.00000E-72  1.00000E-72  1.00000E-72  1.00000E-72  1.36850E-38  1.88520E-31
  8.62050E-26  2.62690E-21  9.31150E-18  6.02790E-15  1.02030E-12  5.94890E-11
  1.48300E-09  1.87730E-08  1.38920E-07  6.73020E-07  2.33590E-06  6.24000E-06
  1.35690E-05  2.50660E-05  4.06640E-05  5.94650E-05  7.99980E-05  1.00610E-04
  1.19900E-04  1.37040E-04  1.51910E-04  1.64700E-04  1.75420E-04  1.84000E-04
  1.90400E-04  1.94560E-04  1.96460E-04  1.96330E-04  1.94580E-04  1.91600E-04
  1.87760E-04  1.83350E-04  1.78570E-04  1.73530E-04  1.68320E-04  1.63020E-04
  1.57680E-04  1.52360E-04  1.47090E-04  1.41890E-04  1.36790E-04  1.31800E-04
  1.26930E-04  1.22200E-04  1.17610E-04  1.13150E-04  1.08830E-04  1.04660E-04
  1.00630E-04  9.67340E-05  9.29780E-05  8.93560E-05  8.58650E-05  8.25020E-05
 
  jn =   7
  1.00000E-72  1.00000E-72  1.00000E-72  1.00000E-72  4.50580E-38  6.16270E-31
  2.78910E-25  8.36880E-21  2.90200E-17  1.82600E-14  2.99010E-12  1.68260E-10
  4.04830E-09  4.95660E-08  3.56120E-07  1.68330E-06  5.73150E-06  1.51060E-05
  3.25890E-05  6.00030E-05  9.73790E-05  1.42920E-04  1.93510E-04  2.45530E-04
  2.95800E-04  3.42220E-04  3.84220E-04  4.22230E-04  4.55980E-04  4.84850E-04
  5.08370E-04  5.26110E-04  5.37750E-04  5.43710E-04  5.44890E-04  5.42220E-04
  5.36620E-04  5.28930E-04  5.19630E-04  5.09060E-04  4.97490E-04  4.85190E-04
  4.72300E-04  4.59000E-04  4.45450E-04  4.31760E-04  4.18030E-04  4.04360E-04
  3.90790E-04  3.77400E-04  3.64210E-04  3.51280E-04  3.38630E-04  3.26280E-04
  3.14250E-04  3.02550E-04  2.91190E-04  2.80180E-04  2.69510E-04  2.59190E-04
 
  jn =   8
  1.00000E-72  1.00000E-72  1.00000E-72  1.00000E-72  1.52290E-37  2.06010E-30
  9.16020E-25  2.67120E-20  8.87950E-17  5.29290E-14  8.16300E-12  4.32580E-10
  9.83780E-09  1.14510E-07  7.87930E-07  3.59550E-06  1.19150E-05  3.08070E-05
  6.56730E-05  1.20200E-04  1.94880E-04  2.86960E-04  3.91300E-04  5.01660E-04
  6.12350E-04  7.19230E-04  8.20710E-04  9.18090E-04  1.01040E-03  1.09520E-03
  1.17050E-03  1.23460E-03  1.28580E-03  1.32440E-03  1.35170E-03  1.36920E-03
  1.37870E-03  1.38210E-03  1.38010E-03  1.37350E-03  1.36270E-03  1.34830E-03
  1.33050E-03  1.30980E-03  1.28650E-03  1.26110E-03  1.23380E-03  1.20510E-03
  1.17510E-03  1.14410E-03  1.11230E-03  1.08010E-03  1.04750E-03  1.01470E-03
  9.81960E-04  9.49390E-04  9.17110E-04  8.85240E-04  8.53870E-04  8.23080E-04
 
  jn =   9
  1.00000E-72  1.00000E-72  1.00000E-72  1.00000E-72  5.25040E-37  7.02890E-30
  3.06430E-24  8.61260E-20  2.69680E-16  1.48580E-13  2.10300E-11  1.02490E-09
  2.15890E-08  2.35000E-07  1.52870E-06  6.66860E-06  2.13500E-05  5.38530E-05
  1.12980E-04  2.04960E-04  3.31290E-04  4.88730E-04  6.70500E-04  8.67880E-04
  1.07270E-03  1.27810E-03  1.48100E-03  1.68520E-03  1.88930E-03  2.08750E-03
  2.27480E-03  2.44700E-03  2.59940E-03  2.73140E-03  2.84450E-03  2.94060E-03
  3.02260E-03  3.09360E-03  3.15470E-03  3.20630E-03  3.24870E-03  3.28260E-03
  3.30720E-03  3.32270E-03  3.32930E-03  3.32740E-03  3.31750E-03  3.29990E-03
  3.27470E-03  3.24240E-03  3.20330E-03  3.15790E-03  3.10670E-03  3.05020E-03
  2.98900E-03  2.92370E-03  2.85480E-03  2.78290E-03  2.70850E-03  2.63220E-03
 
  jn =  10
  1.00000E-72  1.00000E-72  1.00000E-72  1.40130E-45  1.82760E-36  2.43290E-29
  1.04290E-23  2.81430E-19  8.17850E-16  4.07520E-13  5.18810E-11  2.29370E-09
  4.44390E-08  4.51030E-07  2.77130E-06  1.15530E-05  3.57170E-05  8.78200E-05
  1.81090E-04  3.25090E-04  5.22740E-04  7.70580E-04  1.06030E-03  1.38060E-03
  1.72100E-03  2.07150E-03  2.42590E-03  2.79490E-03  3.17700E-03  3.56150E-03
  3.93930E-03  4.30180E-03  4.64010E-03  4.95190E-03  5.23920E-03  5.50470E-03
  5.75360E-03  5.99180E-03  6.22120E-03  6.44210E-03  6.65420E-03  6.85880E-03
  7.05230E-03  7.23410E-03  7.40350E-03  7.55990E-03  7.70330E-03  7.83250E-03
  7.94610E-03  8.04310E-03  8.12260E-03  8.18400E-03  8.22660E-03  8.25010E-03
  8.25420E-03  8.23890E-03  8.20430E-03  8.15090E-03  8.07920E-03  7.98990E-03
 
  jn =  11
  1.00000E-72  1.00000E-72  1.00000E-72  5.60520E-45  6.14820E-36  8.20320E-29
  3.48830E-23  9.10800E-19  2.46940E-15  1.11950E-12  1.29520E-10  5.25460E-09
  9.43050E-08  8.92490E-07  5.14650E-06  2.02830E-05  5.97640E-05  1.41230E-04
  2.82170E-04  4.94350E-04  7.80770E-04  1.13680E-03  1.55250E-03  2.01470E-03
  2.51150E-03  3.03110E-03  3.56540E-03  4.13590E-03  4.74320E-03  5.37230E-03
  6.01010E-03  6.64490E-03  7.26300E-03  7.85990E-03  8.43800E-03  9.00040E-03
  9.55440E-03  1.01100E-02  1.06700E-02  1.12360E-02  1.18070E-02  1.23870E-02
  1.29690E-02  1.35520E-02  1.41350E-02  1.47160E-02  1.52960E-02  1.58730E-02
  1.64420E-02  1.70010E-02  1.75460E-02  1.80740E-02  1.85810E-02  1.90650E-02
  1.95210E-02  1.99450E-02  2.03350E-02  2.06860E-02  2.09950E-02  2.12590E-02
 
  jn =  12
  1.00000E-72  1.00000E-72  1.00000E-72  1.96180E-44  1.88960E-35  2.54480E-28
  1.08550E-22  2.79680E-18  7.28740E-15  3.09960E-12  3.31430E-10  1.22830E-08
  1.99700E-07  1.71010E-06  8.98580E-06  3.26640E-05  8.99910E-05  2.01470E-04
  3.85810E-04  6.54390E-04  1.00910E-03  1.44420E-03  1.94910E-03  2.51070E-03
  3.11750E-03  3.75730E-03  4.42310E-03  5.14590E-03  5.92960E-03  6.75810E-03
  7.61790E-03  8.49720E-03  9.38130E-03  1.02670E-02  1.11570E-02  1.20560E-02
  1.29750E-02  1.39270E-02  1.49180E-02  1.59520E-02  1.70300E-02  1.81610E-02
  1.93360E-02  2.05570E-02  2.18240E-02  2.31390E-02  2.45040E-02  2.59200E-02
  2.73820E-02  2.88880E-02  3.04340E-02  3.20190E-02  3.36370E-02  3.52830E-02
  3.69530E-02  3.86380E-02  4.03320E-02  4.20270E-02  4.37130E-02  4.53820E-02
 
  jn =  13
  1.00000E-72  1.00000E-72  1.00000E-72  4.90450E-44  4.96200E-35  6.81200E-28
  2.95230E-22  7.66020E-18  1.96710E-14  7.93440E-12  7.67890E-10  2.49000E-08
  3.52080E-07  2.66710E-06  1.27150E-05  4.29430E-05  1.12060E-04  2.41090E-04
  4.48430E-04  7.44790E-04  1.13150E-03  1.60260E-03  2.14760E-03  2.75390E-03
  3.41030E-03  4.10520E-03  4.83260E-03  5.62830E-03  6.49840E-03  7.42710E-03
  8.40160E-03  9.41140E-03  1.04430E-02  1.14950E-02  1.25720E-02  1.36820E-02
  1.48380E-02  1.60550E-02  1.73460E-02  1.87160E-02  2.01730E-02  2.17290E-02
  2.33800E-02  2.51320E-02  2.69920E-02  2.89680E-02  3.10690E-02  3.33020E-02
  3.56710E-02  3.81800E-02  4.08350E-02  4.36390E-02  4.65990E-02  4.97150E-02
  5.29930E-02  5.64320E-02  6.00350E-02  6.38000E-02  6.77250E-02  7.18080E-02
 
  jn =  14
  1.00000E-72  1.00000E-72  1.00000E-72  9.52880E-44  9.97570E-35  1.41210E-27
  6.30370E-22  1.67530E-17  4.29330E-14  1.62200E-11  1.37300E-09  3.82180E-08
  4.76230E-07  3.30000E-06  1.48230E-05  4.81270E-05  1.22290E-04  2.58340E-04
  4.74440E-04  7.81040E-04  1.17930E-03  1.66330E-03  2.22270E-03  2.84500E-03
  3.51920E-03  4.23410E-03  4.98400E-03  5.80670E-03  6.70910E-03  7.67570E-03
  8.69420E-03  9.75480E-03  1.08450E-02  1.19630E-02  1.31170E-02  1.43150E-02
  1.55710E-02  1.69040E-02  1.83260E-02  1.98470E-02  2.14770E-02  2.32310E-02
  2.51090E-02  2.71210E-02  2.92770E-02  3.15900E-02  3.40760E-02  3.67500E-02
  3.96190E-02  4.26980E-02  4.60000E-02  4.95400E-02  5.33330E-02  5.73940E-02
  6.17390E-02  6.63840E-02  7.13460E-02  7.66420E-02  8.22880E-02  8.83020E-02
 
  jn =  15
  1.00000E-72  1.00000E-72  1.00000E-72  1.35930E-43  1.46070E-34  2.12800E-27
  9.79040E-22  2.67460E-17  6.86970E-14  2.43620E-11  1.84070E-09  4.62240E-08
  5.37780E-07  3.57570E-06  1.56680E-05  5.00910E-05  1.26030E-04  2.64470E-04
  4.83510E-04  7.93500E-04  1.19560E-03  1.68380E-03  2.24790E-03  2.87540E-03
  3.55560E-03  4.27710E-03  5.03450E-03  5.86620E-03  6.77950E-03  7.75880E-03
  8.79210E-03  9.86990E-03  1.09800E-02  1.21210E-02  1.33010E-02  1.45300E-02
  1.58210E-02  1.71940E-02  1.86640E-02  2.02390E-02  2.19310E-02  2.37580E-02
  2.57190E-02  2.78270E-02  3.00930E-02  3.25340E-02  3.51680E-02  3.80110E-02
  4.10770E-02  4.43810E-02  4.79440E-02  5.17830E-02  5.59210E-02  6.03780E-02
  6.51790E-02  7.03480E-02  7.59120E-02  8.18990E-02  8.83380E-02  9.52600E-02
 
 Continuum n=4 / n=1 (jt,jn)                                                    
  jn =   1
  8.86810E-10  5.50070E-10  3.57030E-10  2.40290E-10  1.67100E-10  1.19440E-10
  8.73150E-11  6.49920E-11  4.90650E-11  3.74600E-11  2.88600E-11  2.23820E-11
  1.74300E-11  1.36010E-11  1.06190E-11  8.28710E-12  6.45830E-12  5.02290E-12
  3.89680E-12  3.01470E-12  2.32520E-12  1.78770E-12  1.36990E-12  1.04610E-12
  7.95480E-13  6.03090E-13  4.57210E-13  3.45070E-13  2.59290E-13  1.94280E-13
  1.45210E-13  1.08210E-13  8.03450E-14  5.94600E-14  4.38920E-14  3.23400E-14
  2.38050E-14  1.75190E-14  1.28940E-14  9.48960E-15  6.98440E-15  5.14070E-15
  3.78380E-15  2.78510E-15  2.05010E-15  1.50910E-15  1.11080E-15  8.17730E-16
  6.01970E-16  4.43150E-16  3.26240E-16  2.40180E-16  1.76830E-16  1.30190E-16
  9.58490E-17  7.05710E-17  5.19600E-17  3.82580E-17  2.81700E-17  2.07430E-17
 
  jn =   2
  4.85502E-09  2.79989E-09  1.70125E-09  1.07965E-09  7.13180E-10  4.87556E-10
  3.43018E-10  2.47093E-10  1.81416E-10  1.35270E-10  1.02144E-10  7.78782E-11
  5.97746E-11  4.60728E-11  3.55942E-11  2.75280E-11  2.12864E-11  1.64437E-11
  1.26827E-11  9.76187E-12  7.49584E-12  5.74046E-12  4.38418E-12  3.33791E-12
  2.53179E-12  1.91512E-12  1.44892E-12  1.09165E-12  8.19040E-13  6.12882E-13
  4.57568E-13  3.40616E-13  2.52702E-13  1.86882E-13  1.37868E-13  1.01537E-13
  7.47119E-14  5.49650E-14  4.04385E-14  2.97517E-14  2.18906E-14  1.61072E-14
  1.18522E-14  8.72128E-15  6.41796E-15  4.72294E-15  3.47568E-15  2.55802E-15
  1.88266E-15  1.38566E-15  1.01986E-15  7.50690E-16  5.52558E-16  4.06724E-16
  2.99404E-16  2.20404E-16  1.62253E-16  1.19448E-16  8.79396E-17  6.47421E-17
 
  jn =   3
  3.08080E-08  1.62530E-08  9.11290E-09  5.38550E-09  3.34180E-09  2.16340E-09
  1.45190E-09  1.00430E-09  7.12320E-10  5.15850E-10  3.80060E-10  2.83810E-10
  2.14040E-10  1.62500E-10  1.23920E-10  9.47530E-11  7.25380E-11  5.55380E-11
  4.24950E-11  3.24750E-11  2.47760E-11  1.88660E-11  1.43330E-11  1.08620E-11
  8.20350E-12  6.18120E-12  4.65940E-12  3.49890E-12  2.61730E-12  1.95320E-12
  1.45460E-12  1.08050E-12  8.00020E-13  5.90620E-13  4.35050E-13  3.19980E-13
  2.35180E-13  1.72830E-13  1.27030E-13  9.33710E-14  6.86380E-14  5.04600E-14
  3.71000E-14  2.72790E-14  2.00600E-14  1.47520E-14  1.08490E-14  7.97950E-15
  5.86930E-15  4.31750E-15  3.17610E-15  2.33660E-15  1.71910E-15  1.26490E-15
  9.30730E-16  6.84880E-16  5.04000E-16  3.70910E-16  2.72980E-16  2.00920E-16
 
  jn =   4
  2.40672E-07  1.14809E-07  5.86085E-08  3.18086E-08  1.82869E-08  1.10666E-08
  7.00256E-09  4.60380E-09  3.12802E-09  2.18681E-09  1.56635E-09  1.14332E-09
  8.46122E-10  6.32000E-10  4.75043E-10  3.58439E-10  2.71014E-10  2.05043E-10
  1.55109E-10  1.17236E-10  8.84990E-11  6.67108E-11  5.01998E-11  3.76988E-11
  2.82311E-11  2.10952E-11  1.57703E-11  1.17508E-11  8.72666E-12  6.46789E-12
  4.78614E-12  3.53383E-12  2.60235E-12  1.91164E-12  1.40174E-12  1.02678E-12
  7.51859E-13  5.50662E-13  4.03437E-13  2.95665E-13  2.16757E-13  1.58951E-13
  1.16595E-13  8.55444E-14  6.27797E-14  4.60823E-14  3.38341E-14  2.48468E-14
  1.82499E-14  1.34069E-14  9.85067E-15  7.23924E-15  5.32081E-15  3.91113E-15
  2.87554E-15  2.11439E-15  1.55488E-15  1.14360E-15  8.41192E-16  6.18823E-16
 
  jn =   5
  2.47170E-06  1.06880E-06  4.95350E-07  2.45570E-07  1.30040E-07  7.31600E-08
  4.34390E-08  2.70280E-08  1.75220E-08  1.17990E-08  8.22110E-09  5.87690E-09
  4.27630E-09  3.14520E-09  2.32870E-09  1.73030E-09  1.28730E-09  9.57710E-10
  7.12030E-10  5.28700E-10  3.91950E-10  2.90160E-10  2.14490E-10  1.58290E-10
  1.16510E-10  8.55510E-11  6.27920E-11  4.59580E-11  3.35430E-11  2.44410E-11
  1.77860E-11  1.29250E-11  9.37560E-12  6.79100E-12  4.91490E-12  3.55660E-12
  2.57510E-12  1.86650E-12  1.35460E-12  9.84190E-13  7.15850E-13  5.21190E-13
  3.79820E-13  2.77040E-13  2.02240E-13  1.47740E-13  1.08010E-13  7.90100E-14
  5.78320E-14  4.23550E-14  3.10350E-14  2.27520E-14  1.66860E-14  1.22430E-14
  8.98600E-15  6.59780E-15  4.84580E-15  3.56010E-15  2.61620E-15  1.92300E-15
 
  jn =   6
  2.82602E-05  1.14597E-05  4.96752E-06  2.31498E-06  1.16218E-06  6.25332E-07
  3.57491E-07  2.14975E-07  1.34840E-07  8.79396E-08  5.94902E-08  4.13834E-08
  2.93558E-08  2.10747E-08  1.52473E-08  1.10786E-08  8.06432E-09  5.87223E-09
  4.27580E-09  3.11153E-09  2.26202E-09  1.64342E-09  1.19312E-09  8.65240E-10
  6.25933E-10  4.51406E-10  3.24848E-10  2.32936E-10  1.66447E-10  1.18601E-10
  8.43151E-11  5.98156E-11  4.23535E-11  2.99445E-11  2.11568E-11  1.49477E-11
  1.05711E-11  7.49078E-12  5.31986E-12  3.78663E-12  2.70117E-12  1.93114E-12
  1.38357E-12  9.93346E-13  7.14571E-13  5.15048E-13  3.71900E-13  2.69017E-13
  1.94912E-13  1.41435E-13  1.02779E-13  7.47846E-14  5.44847E-14  3.97402E-14
  2.90145E-14  2.12045E-14  1.55102E-14  1.13542E-14  8.31775E-15  6.09722E-15
 
  jn =   7
  2.53890E-04  1.01060E-04  4.29440E-05  1.97150E-05  9.81350E-06  5.26200E-06
  3.00190E-06  1.79620E-06  1.11210E-06  7.06470E-07  4.59770E-07  3.05900E-07
  2.07600E-07  1.43160E-07  9.99780E-08  7.04480E-08  4.99450E-08  3.55620E-08
  2.54130E-08  1.82090E-08  1.30750E-08  9.40940E-09  6.78270E-09  4.89360E-09
  3.52690E-09  2.53610E-09  1.81990E-09  1.30080E-09  9.25750E-10  6.56330E-10
  4.63680E-10  3.26440E-10  2.29040E-10  1.60240E-10  1.11830E-10  7.78870E-11
  5.41910E-11  3.77250E-11  2.62890E-11  1.83420E-11  1.28140E-11  8.96640E-12
  6.28410E-12  4.41190E-12  3.10350E-12  2.18760E-12  1.54530E-12  1.09400E-12
  7.76290E-13  5.52120E-13  3.93590E-13  2.81230E-13  2.01400E-13  1.44550E-13
  1.03970E-13  7.49390E-14  5.41190E-14  3.91570E-14  2.83810E-14  2.06040E-14
 
  jn =   8
  1.51099E-03  6.07952E-04  2.61180E-04  1.21641E-04  6.16958E-05  3.38088E-05
  1.96912E-05  1.19410E-05  7.37765E-06  4.57536E-06  2.85244E-06  1.80452E-06
  1.16626E-06  7.70534E-07  5.19062E-07  3.55089E-07  2.45864E-07  1.71853E-07
  1.21110E-07  8.59267E-08  6.13072E-08  4.39746E-08  3.16790E-08  2.28955E-08
  1.65612E-08  1.19732E-08  8.65334E-09  6.23278E-09  4.47235E-09  3.19824E-09
  2.27969E-09  1.61953E-09  1.14654E-09  8.09055E-10  5.69179E-10  3.99108E-10
  2.79164E-10  1.95108E-10  1.36307E-10  9.51918E-11  6.64580E-11  4.63951E-11
  3.23774E-11  2.25949E-11  1.57687E-11  1.10079E-11  7.68796E-12  5.37263E-12
  3.75787E-12  2.63086E-12  1.84399E-12  1.29418E-12  9.09638E-13  6.40437E-13
  4.51690E-13  3.19160E-13  2.25975E-13  1.60323E-13  1.13988E-13  8.12183E-14
 
  jn =   9
  6.39650E-03  2.60970E-03  1.13880E-03  5.41140E-04  2.82110E-04  1.60230E-04
  9.70840E-05  6.07690E-05  3.79270E-05  2.31210E-05  1.39020E-05  8.42840E-06
  5.22910E-06  3.33350E-06  2.18000E-06  1.45640E-06  9.89950E-07  6.82430E-07
  4.76150E-07  3.35540E-07  2.38430E-07  1.70710E-07  1.23010E-07  8.90780E-08
  6.46620E-08  4.69850E-08  3.41860E-08  2.48110E-08  1.79530E-08  1.29590E-08
  9.33340E-09  6.70510E-09  4.80360E-09  3.43250E-09  2.44650E-09  1.73830E-09
  1.23200E-09  8.72370E-10  6.17360E-10  4.36600E-10  3.08530E-10  2.17900E-10
  1.53730E-10  1.08350E-10  7.62950E-11  5.36750E-11  3.77340E-11  2.65100E-11
  1.86120E-11  1.30610E-11  9.16080E-12  6.42350E-12  4.50350E-12  3.15730E-12
  2.21380E-12  1.55280E-12  1.08960E-12  7.65080E-13  5.37640E-13  3.78170E-13
 
  jn =  10
  2.25327E-02  9.26164E-03  4.08146E-03  1.97102E-03  1.05759E-03  6.28714E-04
  4.02868E-04  2.64059E-04  1.67202E-04  9.99476E-05  5.78564E-05  3.36572E-05
  2.01257E-05  1.24510E-05  7.95625E-06  5.22380E-06  3.50570E-06  2.39433E-06
  1.65979E-06  1.16455E-06  8.25266E-07  5.90098E-07  4.25146E-07  3.08147E-07
  2.24082E-07  1.63261E-07  1.19224E-07  8.69032E-08  6.31937E-08  4.58737E-08
  3.32558E-08  2.40637E-08  1.73781E-08  1.25278E-08  9.01453E-09  6.47010E-09
  4.63477E-09  3.31863E-09  2.37613E-09  1.70087E-09  1.21704E-09  8.70675E-10
  6.22362E-10  4.44486E-10  3.17138E-10  2.26092E-10  1.61040E-10  1.14607E-10
  8.14806E-11  5.78722E-11  4.10610E-11  2.91055E-11  2.06108E-11  1.45818E-11
  1.03076E-11  7.28032E-12  5.13848E-12  3.62420E-12  2.55511E-12  1.80060E-12
 
  jn =  11
  7.39600E-02  3.04910E-02  1.35030E-02  6.59220E-03  3.62160E-03  2.24330E-03
  1.51290E-03  1.03060E-03  6.55680E-04  3.82090E-04  2.13440E-04  1.20230E-04
  7.01230E-05  4.25970E-05  2.68640E-05  1.74720E-05  1.16470E-05  7.91660E-06
  5.46960E-06  3.82890E-06  2.70940E-06  1.93580E-06  1.39430E-06  1.01070E-06
  7.35420E-07  5.36360E-07  3.92260E-07  2.86440E-07  2.08730E-07  1.51900E-07
  1.10430E-07  8.01730E-08  5.81150E-08  4.20710E-08  3.04140E-08  2.19410E-08
  1.58050E-08  1.13850E-08  8.20370E-09  5.91300E-09  4.26250E-09  3.07380E-09
  2.21580E-09  1.59660E-09  1.15000E-09  8.27920E-10  5.95840E-10  4.28640E-10
  3.08180E-10  2.21430E-10  1.58980E-10  1.14070E-10  8.17760E-11  5.85780E-11
  4.19250E-11  2.99800E-11  2.14190E-11  1.52890E-11  1.09040E-11  7.76940E-12
 
  jn =  12
  2.36640E-01  9.76345E-02  4.33141E-02  2.12561E-02  1.18254E-02  7.49489E-03
  5.20199E-03  3.61852E-03  2.30592E-03  1.32553E-03  7.27716E-04  4.03753E-04
  2.32642E-04  1.39969E-04  8.76173E-05  5.66683E-05  3.76198E-05  2.54974E-05
  1.75800E-05  1.22889E-05  8.68747E-06  6.20308E-06  4.46634E-06  3.23742E-06
  2.35581E-06  1.71863E-06  1.25749E-06  9.18833E-07  6.70078E-07  4.88062E-07
  3.55216E-07  2.58216E-07  1.87448E-07  1.35924E-07  9.84466E-08  7.11664E-08
  5.13784E-08  3.71016E-08  2.68088E-08  1.93803E-08  1.40159E-08  1.01430E-08
  7.33973E-09  5.31070E-09  3.84193E-09  2.77935E-09  2.01058E-09  1.45445E-09
  1.05193E-09  7.60612E-10  5.49840E-10  3.97338E-10  2.87032E-10  2.07268E-10
  1.49604E-10  1.07933E-10  7.78340E-11  5.60963E-11  4.04069E-11  2.90906E-11
 
  jn =  13
  7.52450E-01  3.10430E-01  1.37760E-01  6.77190E-02  3.78560E-02  2.42140E-02
  1.70140E-02  1.19780E-02  7.70020E-03  4.43930E-03  2.42800E-03  1.33500E-03
  7.61060E-04  4.53700E-04  2.82110E-04  1.81640E-04  1.20220E-04  8.13250E-05
  5.60010E-05  3.91140E-05  2.76360E-05  1.97260E-05  1.42000E-05  1.02910E-05
  7.48870E-06  5.46350E-06  3.99820E-06  2.92190E-06  2.13140E-06  1.55300E-06
  1.13060E-06  8.22240E-07  5.97190E-07  4.33290E-07  3.14030E-07  2.27180E-07
  1.64140E-07  1.18640E-07  8.58110E-08  6.21030E-08  4.49680E-08  3.25860E-08
  2.36150E-08  1.71140E-08  1.24030E-08  8.99000E-09  6.51710E-09  4.72520E-09
  3.42610E-09  2.48400E-09  1.80090E-09  1.30550E-09  9.46320E-10  6.85860E-10
  4.97000E-10  3.60090E-10  2.60840E-10  1.88910E-10  1.36780E-10  9.90070E-11
 
  jn =  14
  2.38330E+00  9.82855E-01  4.36080E-01  2.14428E-01  1.20042E-01  7.70282E-02
  5.44342E-02  3.87700E-02  2.53874E-02  1.48150E-02  8.05832E-03  4.36491E-03
  2.45586E-03  1.45180E-03  8.98388E-04  5.76858E-04  3.81222E-04  2.57647E-04
  1.77320E-04  1.23806E-04  8.74530E-05  6.24132E-05  4.49257E-05  3.25575E-05
  2.36908E-05  1.72843E-05  1.26488E-05  9.24426E-06  6.74376E-06  4.91380E-06
  3.57807E-06  2.60232E-06  1.89031E-06  1.37172E-06  9.94357E-07  7.19469E-07
  5.19978E-07  3.75914E-07  2.71978E-07  1.96903E-07  1.42627E-07  1.03398E-07
  7.49678E-08  5.43615E-08  3.94210E-08  2.85914E-08  2.07419E-08  1.50511E-08
  1.09225E-08  7.92718E-09  5.75310E-09  4.17562E-09  3.03060E-09  2.19955E-09
  1.59634E-09  1.15849E-09  8.40686E-10  6.10038E-10  4.42621E-10  3.21119E-10
 
  jn =  15
  7.55390E+00  3.11360E+00  1.38090E+00  6.78910E-01  3.80180E-01  2.44210E-01
  1.73130E-01  1.24650E-01  8.32860E-02  4.90450E-02  2.63640E-02  1.40690E-02
  7.84340E-03  4.61570E-03  2.85000E-03  1.82810E-03  1.20740E-03  8.15730E-04
  5.61300E-04  3.91860E-04  2.76780E-04  1.97520E-04  1.42170E-04  1.03030E-04
  7.49710E-05  5.46960E-05  4.00280E-05  2.92540E-05  2.13400E-05  1.55500E-05
  1.13230E-05  8.23520E-06  5.98210E-06  4.34100E-06  3.14680E-06  2.27690E-06
  1.64560E-06  1.18970E-06  8.60800E-07  6.23220E-07  4.51470E-07  3.27320E-07
  2.37350E-07  1.72120E-07  1.24840E-07  9.05570E-08  6.57080E-08  4.76910E-08
  3.46180E-08  2.51310E-08  1.82450E-08  1.32470E-08  9.61800E-09  6.98360E-09
  5.07080E-09  3.68200E-09  2.67350E-09  1.94120E-09  1.40950E-09  1.02340E-09
 
 Neutral n=5 / n=1 (jt,jn)                                                      
  jn =   1
  1.00000E-72  1.00000E-72  1.00000E-72  1.00000E-72  1.12570E-41  2.28500E-34
  1.41970E-28  5.52250E-24  2.38380E-20  1.81450E-17  3.51630E-15  2.29170E-13
  6.23470E-12  8.40810E-11  6.49490E-10  3.23200E-09  1.13830E-08  3.06040E-08
  6.66040E-08  1.22420E-07  1.96450E-07  2.82980E-07  3.74150E-07  4.62410E-07
  5.43040E-07  6.12550E-07  6.67100E-07  7.10300E-07  7.43530E-07  7.66920E-07
  7.80950E-07  7.86290E-07  7.83540E-07  7.73980E-07  7.59270E-07  7.40890E-07
  7.20080E-07  6.97840E-07  6.74810E-07  6.51400E-07  6.27930E-07  6.04630E-07
  5.81690E-07  5.59240E-07  5.37350E-07  5.16090E-07  4.95500E-07  4.75600E-07
  4.56400E-07  4.37900E-07  4.20090E-07  4.02960E-07  3.86490E-07  3.70670E-07
  3.55480E-07  3.40900E-07  3.26900E-07  3.13470E-07  3.00590E-07  2.88230E-07
 
  jn =   2
  1.00000E-72  1.00000E-72  1.00000E-72  1.00000E-72  3.55400E-41  7.21580E-34
  4.48350E-28  1.74410E-23  7.52780E-20  5.72880E-17  1.10990E-14  7.23140E-13
  1.96680E-11  2.65210E-10  2.04860E-09  1.01950E-08  3.59160E-08  9.65850E-08
  2.10250E-07  3.86560E-07  6.20520E-07  8.94110E-07  1.18250E-06  1.46190E-06
  1.71710E-06  1.93730E-06  2.11010E-06  2.24720E-06  2.35260E-06  2.42690E-06
  2.47160E-06  2.48870E-06  2.48010E-06  2.44990E-06  2.40340E-06  2.34520E-06
  2.27930E-06  2.20880E-06  2.13590E-06  2.06180E-06  1.98740E-06  1.91370E-06
  1.84100E-06  1.76990E-06  1.70060E-06  1.63330E-06  1.56810E-06  1.50510E-06
  1.44430E-06  1.38570E-06  1.32930E-06  1.27510E-06  1.22290E-06  1.17280E-06
  1.12480E-06  1.07860E-06  1.03430E-06  9.91770E-07  9.50990E-07  9.11860E-07
 
  jn =   3
  1.00000E-72  1.00000E-72  1.00000E-72  1.00000E-72  1.11870E-40  2.27230E-33
  1.41220E-27  5.49360E-23  2.37050E-19  1.80290E-16  3.48980E-14  2.27170E-12
  6.17380E-11  8.32160E-10  6.42780E-09  3.19990E-08  1.12790E-07  3.03520E-07
  6.61220E-07  1.21670E-06  1.95500E-06  2.81960E-06  3.73250E-06  4.61800E-06
  5.42790E-06  6.12660E-06  6.67700E-06  7.11440E-06  7.45170E-06  7.69020E-06
  7.83430E-06  7.89030E-06  7.86440E-06  7.76930E-06  7.62210E-06  7.43750E-06
  7.22840E-06  7.00490E-06  6.77330E-06  6.53790E-06  6.30190E-06  6.06770E-06
  5.83700E-06  5.61120E-06  5.39110E-06  5.17730E-06  4.97030E-06  4.77020E-06
  4.57710E-06  4.39120E-06  4.21210E-06  4.04000E-06  3.87450E-06  3.71550E-06
  3.56290E-06  3.41640E-06  3.27590E-06  3.14100E-06  3.01160E-06  2.88760E-06
 
  jn =   4
  1.00000E-72  1.00000E-72  1.00000E-72  1.00000E-72  3.49340E-40  7.10320E-33
  4.41690E-27  1.71790E-22  7.40580E-19  5.62210E-16  1.08550E-13  7.04680E-12
  1.91100E-10  2.57270E-09  1.98690E-08  9.89810E-08  3.49350E-07  9.41770E-07
  2.05570E-06  3.79120E-06  6.10610E-06  8.82880E-06  1.17170E-05  1.45300E-05
  1.71090E-05  1.93400E-05  2.11120E-05  2.25320E-05  2.36350E-05  2.44230E-05
  2.49080E-05  2.51080E-05  2.50410E-05  2.47490E-05  2.42860E-05  2.37020E-05
  2.30370E-05  2.23260E-05  2.15870E-05  2.08370E-05  2.00830E-05  1.93350E-05
  1.85980E-05  1.78760E-05  1.71720E-05  1.64890E-05  1.58260E-05  1.51860E-05
  1.45690E-05  1.39740E-05  1.34020E-05  1.28510E-05  1.23220E-05  1.18140E-05
  1.13270E-05  1.08590E-05  1.04100E-05  9.97910E-06  9.56620E-06  9.17030E-06
 
  jn =   5
  1.00000E-72  1.00000E-72  1.00000E-72  1.00000E-72  1.07590E-39  2.19080E-32
  1.36270E-26  5.29270E-22  2.27390E-18  1.71680E-15  3.29220E-13  2.12280E-11
  5.72520E-10  7.68160E-09  5.92470E-08  2.95280E-07  1.04410E-06  2.82250E-06
  6.18220E-06  1.14480E-05  1.85270E-05  2.69290E-05  3.59330E-05  4.47970E-05
  5.29920E-05  6.01420E-05  6.59540E-05  7.07090E-05  7.44880E-05  7.72740E-05
  7.90860E-05  7.99640E-05  7.99500E-05  7.91770E-05  7.78220E-05  7.60460E-05
  7.39880E-05  7.17620E-05  6.94370E-05  6.70570E-05  6.46590E-05  6.22690E-05
  5.99050E-05  5.75830E-05  5.53140E-05  5.31060E-05  5.09630E-05  4.88900E-05
  4.68880E-05  4.49580E-05  4.31000E-05  4.13120E-05  3.95940E-05  3.79440E-05
  3.63600E-05  3.48410E-05  3.33840E-05  3.19870E-05  3.06480E-05  2.93650E-05
 
  jn =   6
  1.00000E-72  1.00000E-72  1.00000E-72  1.00000E-72  3.30270E-39  6.71880E-32
  4.16580E-26  1.60740E-21  6.83180E-18  5.08460E-15  9.59530E-13  6.09240E-11
  1.62140E-09  2.15290E-08  1.64810E-07  8.17510E-07  2.88450E-06  7.79870E-06
  1.71180E-05  3.18300E-05  5.18210E-05  7.58900E-05  1.02140E-04  1.28520E-04
  1.53410E-04  1.75660E-04  1.94550E-04  2.10700E-04  2.24180E-04  2.34810E-04
  2.42500E-04  2.47250E-04  2.49080E-04  2.48360E-04  2.45600E-04  2.41310E-04
  2.35920E-04  2.29840E-04  2.23270E-04  2.16390E-04  2.09310E-04  2.02130E-04
  1.94930E-04  1.87750E-04  1.80650E-04  1.73680E-04  1.66850E-04  1.60200E-04
  1.53730E-04  1.47460E-04  1.41390E-04  1.35520E-04  1.29860E-04  1.24410E-04
  1.19170E-04  1.14130E-04  1.09290E-04  1.04640E-04  1.00180E-04  9.59100E-05
 
  jn =   7
  1.00000E-72  1.00000E-72  1.00000E-72  1.00000E-72  1.04600E-38  2.11310E-31
  1.29580E-25  4.91250E-21  2.03510E-17  1.46690E-14  2.67450E-12  1.64210E-10
  4.23760E-09  5.47580E-08  4.09760E-07  1.99670E-06  6.95650E-06  1.86650E-05
  4.08460E-05  7.60380E-05  1.24370E-04  1.83540E-04  2.49570E-04  3.17880E-04
  3.84550E-04  4.46590E-04  5.02330E-04  5.53040E-04  5.98390E-04  6.37260E-04
  6.68890E-04  6.92730E-04  7.08390E-04  7.16480E-04  7.18210E-04  7.14750E-04
  7.07310E-04  6.97010E-04  6.84490E-04  6.70180E-04  6.54460E-04  6.37690E-04
  6.20020E-04  6.01700E-04  5.82950E-04  5.63940E-04  5.44850E-04  5.25780E-04
  5.06830E-04  4.88090E-04  4.69620E-04  4.51490E-04  4.33750E-04  4.16440E-04
  3.99580E-04  3.83210E-04  3.67330E-04  3.51970E-04  3.37120E-04  3.22800E-04
 
  jn =   8
  1.00000E-72  1.00000E-72  1.00000E-72  1.00000E-72  3.46890E-38  6.92860E-31
  4.17130E-25  1.53460E-20  6.07970E-17  4.14220E-14  7.11010E-12  4.11700E-10
  1.00670E-08  1.24020E-07  8.91290E-07  4.20420E-06  1.42910E-05  3.76950E-05
  8.16680E-05  1.51400E-04  2.47800E-04  3.67530E-04  5.04140E-04  6.49850E-04
  7.97500E-04  9.41200E-04  1.07760E-03  1.20960E-03  1.33610E-03  1.45310E-03
  1.55760E-03  1.64720E-03  1.71970E-03  1.77530E-03  1.81580E-03  1.84310E-03
  1.85950E-03  1.86750E-03  1.86820E-03  1.86230E-03  1.85060E-03  1.83380E-03
  1.81190E-03  1.78560E-03  1.75530E-03  1.72150E-03  1.68500E-03  1.64600E-03
  1.60490E-03  1.56200E-03  1.51780E-03  1.47260E-03  1.42660E-03  1.38010E-03
  1.33350E-03  1.28700E-03  1.24060E-03  1.19480E-03  1.14950E-03  1.10500E-03
 
  jn =   9
  1.00000E-72  1.00000E-72  1.00000E-72  1.00000E-72  1.18750E-37  2.34690E-30
  1.38480E-24  4.90690E-20  1.82940E-16  1.15100E-13  1.81260E-11  9.65500E-10
  2.18810E-08  2.52250E-07  1.71490E-06  7.73740E-06  2.54240E-05  6.54580E-05
  1.39630E-04  2.56700E-04  4.19100E-04  6.23060E-04  8.60310E-04  1.12020E-03
  1.39260E-03  1.66790E-03  1.94010E-03  2.21690E-03  2.49620E-03  2.76950E-03
  3.02960E-03  3.27040E-03  3.48550E-03  3.67400E-03  3.83810E-03  3.97980E-03
  4.10300E-03  4.21180E-03  4.30790E-03  4.39140E-03  4.46250E-03  4.52230E-03
  4.56890E-03  4.60220E-03  4.62280E-03  4.63080E-03  4.62700E-03  4.61180E-03
  4.58510E-03  4.54740E-03  4.49920E-03  4.44120E-03  4.37390E-03  4.29830E-03
  4.21490E-03  4.12480E-03  4.02870E-03  3.92740E-03  3.82180E-03  3.71270E-03
 
  jn =  10
  1.00000E-72  1.00000E-72  1.00000E-72  1.00000E-72  4.12380E-37  8.10340E-30
  4.70110E-24  1.59890E-19  5.53060E-16  3.14570E-13  4.45510E-11  2.15270E-09
  4.48720E-08  4.82320E-07  3.09700E-06  1.33530E-05  4.23640E-05  1.06320E-04
  2.22910E-04  4.05490E-04  6.58570E-04  9.78350E-04  1.35490E-03  1.77510E-03
  2.22570E-03  2.69300E-03  3.16660E-03  3.66440E-03  4.18480E-03  4.71230E-03
  5.23390E-03  5.73770E-03  6.21140E-03  6.65220E-03  7.06280E-03  7.44630E-03
  7.80950E-03  8.16090E-03  8.50320E-03  8.83620E-03  9.15940E-03  9.47500E-03
  9.77630E-03  1.00620E-02  1.03310E-02  1.05830E-02  1.08170E-02  1.10310E-02
  1.12230E-02  1.13910E-02  1.15330E-02  1.16490E-02  1.17370E-02  1.17960E-02
  1.18260E-02  1.18260E-02  1.17960E-02  1.17380E-02  1.16510E-02  1.15370E-02
 
  jn =  11
  1.00000E-72  1.00000E-72  1.00000E-72  1.40130E-45  1.38620E-36  2.73020E-29
  1.57110E-23  5.17000E-19  1.66820E-15  8.63220E-13  1.11080E-10  4.92500E-09
  9.50850E-08  9.52860E-07  5.74100E-06  2.33960E-05  7.07270E-05  1.70560E-04
  3.46430E-04  6.14940E-04  9.80930E-04  1.43930E-03  1.97840E-03  2.58320E-03
  3.23930E-03  3.92990E-03  4.64180E-03  5.40880E-03  6.23290E-03  7.09220E-03
  7.96850E-03  8.84530E-03  9.70430E-03  1.05400E-02  1.13570E-02  1.21570E-02
  1.29510E-02  1.37530E-02  1.45690E-02  1.53990E-02  1.62430E-02  1.71060E-02
  1.79770E-02  1.88540E-02  1.97350E-02  2.06180E-02  2.15050E-02  2.23910E-02
  2.32700E-02  2.41370E-02  2.49870E-02  2.58160E-02  2.66170E-02  2.73850E-02
  2.81140E-02  2.87980E-02  2.94310E-02  3.00070E-02  3.05220E-02  3.09700E-02
 
  jn =  12
  1.00000E-72  1.00000E-72  1.00000E-72  2.80260E-45  4.25930E-36  8.46740E-29
  4.88750E-23  1.58710E-18  4.92130E-15  2.38900E-12  2.84120E-10  1.15070E-08
  2.01240E-07  1.82450E-06  1.00160E-05  3.76400E-05  1.06380E-04  2.43020E-04
  4.73080E-04  8.12950E-04  1.26610E-03  1.82600E-03  2.48060E-03  3.21510E-03
  4.01570E-03  4.86530E-03  5.75140E-03  6.72180E-03  7.78330E-03  8.91230E-03
  1.00900E-02  1.13000E-02  1.25230E-02  1.37550E-02  1.50020E-02  1.62700E-02
  1.75730E-02  1.89310E-02  2.03540E-02  2.18470E-02  2.34130E-02  2.50650E-02
  2.67900E-02  2.85880E-02  3.04620E-02  3.24140E-02  3.44490E-02  3.65670E-02
  3.87620E-02  4.10300E-02  4.33680E-02  4.57710E-02  4.82310E-02  5.07420E-02
  5.32960E-02  5.58810E-02  5.84880E-02  6.11030E-02  6.37140E-02  6.63050E-02
 
  jn =  13
  1.00000E-72  1.00000E-72  1.00000E-72  7.00650E-45  1.11840E-35  2.26640E-28
  1.32920E-22  4.34660E-18  1.32830E-14  6.11470E-12  6.58190E-10  2.33230E-08
  3.54730E-07  2.84490E-06  1.41680E-05  4.94680E-05  1.32420E-04  2.90670E-04
  5.49610E-04  9.24810E-04  1.41900E-03  2.02530E-03  2.73200E-03  3.52490E-03
  4.39090E-03  5.31340E-03  6.28100E-03  7.34870E-03  8.52640E-03  9.79060E-03
  1.11240E-02  1.25110E-02  1.39350E-02  1.53950E-02  1.69000E-02  1.84580E-02
  2.00890E-02  2.18170E-02  2.36590E-02  2.56250E-02  2.77260E-02  2.99820E-02
  3.23850E-02  3.49440E-02  3.76700E-02  4.05740E-02  4.36730E-02  4.69790E-02
  5.04960E-02  5.42310E-02  5.81940E-02  6.23920E-02  6.68320E-02  7.15190E-02
  7.64600E-02  8.16560E-02  8.71100E-02  9.28220E-02  9.87900E-02  1.05010E-01
 
  jn =  14
  1.00000E-72  1.00000E-72  1.00000E-72  1.26120E-44  2.24840E-35  4.69790E-28
  2.83810E-22  9.50560E-18  2.89890E-14  1.24990E-11  1.17680E-09  3.57950E-08
  4.79780E-07  3.51980E-06  1.65160E-05  5.54330E-05  1.44490E-04  3.11420E-04
  5.81390E-04  9.69650E-04  1.47870E-03  2.10170E-03  2.82700E-03  3.64080E-03
  4.53050E-03  5.47940E-03  6.47690E-03  7.58060E-03  8.80170E-03  1.01170E-02
  1.15090E-02  1.29660E-02  1.44690E-02  1.60200E-02  1.76300E-02  1.93090E-02
  2.10790E-02  2.29670E-02  2.49930E-02  2.71710E-02  2.95150E-02  3.20520E-02
  3.47780E-02  3.77060E-02  4.08550E-02  4.42440E-02  4.78990E-02  5.18410E-02
  5.60840E-02  6.06490E-02  6.55570E-02  7.08310E-02  7.64950E-02  8.25720E-02
  8.90880E-02  9.60690E-02  1.03540E-01  1.11530E-01  1.20060E-01  1.29170E-01
 
  jn =  15
  1.00000E-72  1.00000E-72  1.00000E-72  1.82170E-44  3.29210E-35  7.07990E-28
  4.40790E-22  1.51760E-17  4.63850E-14  1.87740E-11  1.57770E-09  4.32930E-08
  5.41780E-07  3.81370E-06  1.74560E-05  5.76920E-05  1.48890E-04  3.18790E-04
  5.92460E-04  9.85070E-04  1.49900E-03  2.12750E-03  2.85890E-03  3.67970E-03
  4.57710E-03  5.53480E-03  6.54220E-03  7.65790E-03  8.89360E-03  1.02260E-02
  1.16390E-02  1.31180E-02  1.46490E-02  1.62310E-02  1.78770E-02  1.95990E-02
  2.14170E-02  2.33610E-02  2.54530E-02  2.77060E-02  3.01380E-02  3.27780E-02
  3.56210E-02  3.86860E-02  4.19940E-02  4.55660E-02  4.94320E-02  5.36200E-02
  5.81470E-02  6.30400E-02  6.83270E-02  7.40390E-02  8.02080E-02  8.68680E-02
  9.40560E-02  1.01810E-01  1.10170E-01  1.19190E-01  1.28900E-01  1.39360E-01
 
 Continuum n=5 / n=1 (jt,jn)                                                    
  jn =   1
  1.82280E-09  1.12590E-09  7.27070E-10  4.86320E-10  3.35720E-10  2.37920E-10
  1.72220E-10  1.26780E-10  9.45380E-11  7.12260E-11  5.41190E-11  4.13850E-11
  3.17740E-11  2.44420E-11  1.88150E-11  1.44790E-11  1.11310E-11  8.54430E-12
  6.54690E-12  5.00550E-12  3.81760E-12  2.90490E-12  2.20580E-12  1.67110E-12
  1.26020E-12  9.45880E-13  7.09520E-13  5.31080E-13  3.96450E-13  2.95210E-13
  2.19260E-13  1.62400E-13  1.19930E-13  8.83360E-14  6.49270E-14  4.76460E-14
  3.49350E-14  2.56100E-14  1.87750E-14  1.37650E-14  1.00920E-14  7.39920E-15
  5.42510E-15  3.97780E-15  2.91670E-15  2.13870E-15  1.56830E-15  1.15010E-15
  8.43370E-16  6.18490E-16  4.53580E-16  3.32650E-16  2.43970E-16  1.78940E-16
  1.31240E-16  9.62620E-17  7.06070E-17  5.17910E-17  3.79910E-17  2.78680E-17
 
  jn =   2
  1.03462E-08  5.95028E-09  3.60335E-09  2.27662E-09  1.49550E-09  1.01531E-09
  7.08314E-10  5.05158E-10  3.66623E-10  2.69798E-10  2.00834E-10  1.50881E-10
  1.14114E-10  8.66946E-11  6.60440E-11  5.03736E-11  3.84224E-11  2.92872E-11
  2.22963E-11  1.69458E-11  1.28546E-11  9.73248E-12  7.35585E-12  5.54864E-12
  4.16741E-12  3.11608E-12  2.32879E-12  1.73680E-12  1.29203E-12  9.58902E-13
  7.09957E-13  5.24307E-13  3.86120E-13  2.83667E-13  2.07998E-13  1.52309E-13
  1.11450E-13  8.15438E-14  5.96671E-14  4.36617E-14  3.19539E-14  2.33856E-14
  1.71165E-14  1.25288E-14  9.17158E-15  6.71437E-15  4.91570E-15  3.59924E-15
  2.63538E-15  1.92981E-15  1.41325E-15  1.03503E-15  7.58052E-16  5.55244E-16
  4.06724E-16  2.97947E-16  2.18277E-16  1.59918E-16  1.17170E-16  8.58540E-17
 
  jn =   3
  6.84980E-08  3.62620E-08  2.04020E-08  1.20920E-08  7.51880E-09  4.87050E-09
  3.26470E-09  2.25070E-09  1.58700E-09  1.13880E-09  8.28810E-10  6.10550E-10
  4.54300E-10  3.40640E-10  2.56750E-10  1.94030E-10  1.46740E-10  1.10900E-10
  8.37130E-11  6.30890E-11  4.74610E-11  3.56450E-11  2.67250E-11  1.99970E-11
  1.49020E-11  1.10600E-11  8.20210E-12  6.06970E-12  4.48060E-12  3.30040E-12
  2.42590E-12  1.77910E-12  1.30180E-12  9.50520E-13  6.92990E-13  5.04760E-13
  3.67510E-13  2.67600E-13  1.94900E-13  1.41980E-13  1.03450E-13  7.53980E-14
  5.49620E-14  4.00730E-14  2.92240E-14  2.13170E-14  1.55520E-14  1.13490E-14
  8.28290E-15  6.04650E-15  4.41480E-15  3.22410E-15  2.35500E-15  1.72040E-15
  1.25710E-15  9.18710E-16  6.71530E-16  4.90930E-16  3.58970E-16  2.62520E-16
 
  jn =   4
  5.25413E-07  2.56633E-07  1.34313E-07  7.47877E-08  4.41136E-08  2.73523E-08
  1.76887E-08  1.18468E-08  8.15659E-09  5.72908E-09  4.08493E-09  2.95274E-09
  2.16286E-09  1.60253E-09  1.19663E-09  8.96776E-10  6.72385E-10  5.03293E-10
  3.75882E-10  2.80058E-10  2.08235E-10  1.54533E-10  1.14433E-10  8.45205E-11
  6.21762E-11  4.55546E-11  3.33222E-11  2.43077E-11  1.76821E-11  1.28337E-11
  9.29672E-12  6.72227E-12  4.85218E-12  3.49717E-12  2.51817E-12  1.81280E-12
  1.30527E-12  9.40353E-13  6.77883E-13  4.89010E-13  3.52972E-13  2.54961E-13
  1.84279E-13  1.33273E-13  9.64464E-14  6.98392E-14  5.06042E-14  3.66876E-14
  2.66135E-14  1.93168E-14  1.40285E-14  1.01935E-14  7.41083E-15  5.39064E-15
  3.92314E-15  2.85639E-15  2.08070E-15  1.51636E-15  1.10556E-15  8.06400E-16
 
  jn =   5
  4.16010E-06  1.90950E-06  9.43590E-07  5.00630E-07  2.84290E-07  1.71410E-07
  1.08710E-07  7.19060E-08  4.90630E-08  3.40870E-08  2.39290E-08  1.69950E-08
  1.22510E-08  8.96670E-09  6.63190E-09  4.92800E-09  3.66310E-09  2.71590E-09
  2.00700E-09  1.47900E-09  1.08770E-09  7.98300E-10  5.84380E-10  4.26380E-10
  3.09790E-10  2.24140E-10  1.61730E-10  1.16210E-10  8.31700E-11  5.93430E-11
  4.22360E-11  2.99950E-11  2.12610E-11  1.50480E-11  1.06420E-11  7.52430E-12
  5.32220E-12  3.76830E-12  2.67130E-12  1.89590E-12  1.34730E-12  9.58670E-13
  6.83000E-13  4.87230E-13  3.48020E-13  2.48900E-13  1.78250E-13  1.27810E-13
  9.17610E-14  6.59610E-14  4.74720E-14  3.42060E-14  2.46760E-14  1.78210E-14
  1.28840E-14  9.32390E-15  6.75450E-15  4.89780E-15  3.55470E-15  2.58210E-15
 
  jn =   6
  2.66088E-05  1.17783E-05  5.64060E-06  2.93469E-06  1.65549E-06  1.00204E-06
  6.42080E-07  4.30044E-07  2.96345E-07  2.06076E-07  1.43236E-07  1.00169E-07
  7.10874E-08  5.13532E-08  3.75661E-08  2.76437E-08  2.03627E-08  1.49664E-08
  1.09674E-08  8.01945E-09  5.85706E-09  4.27264E-09  3.11036E-09  2.25712E-09
  1.63163E-09  1.17482E-09  8.43151E-10  6.01980E-10  4.27643E-10  3.02573E-10
  2.13354E-10  1.49977E-10  1.05133E-10  7.35300E-11  5.13374E-11  3.57965E-11
  2.49491E-11  1.74002E-11  1.21483E-11  8.49060E-12  5.94143E-12  4.16298E-12
  2.92063E-12  2.05185E-12  1.44358E-12  1.01720E-12  7.17857E-13  5.07433E-13
  3.59260E-13  2.54791E-13  1.80995E-13  1.28789E-13  9.17948E-14  6.55352E-14
  4.68628E-14  3.35655E-14  2.40773E-14  1.72978E-14  1.24457E-14  8.96713E-15
 
  jn =   7
  1.23420E-04  5.41670E-05  2.60480E-05  1.38390E-05  8.07580E-06  5.08410E-06
  3.38120E-06  2.33200E-06  1.63550E-06  1.14150E-06  7.87260E-07  5.43090E-07
  3.79460E-07  2.69800E-07  1.94370E-07  1.41040E-07  1.02630E-07  7.46620E-08
  5.42650E-08  3.94310E-08  2.86680E-08  2.08560E-08  1.51650E-08  1.10080E-08
  7.96890E-09  5.75150E-09  4.13960E-09  2.96400E-09  2.11130E-09  1.49730E-09
  1.05790E-09  7.44660E-10  5.22350E-10  3.65290E-10  2.54780E-10  1.77230E-10
  1.23080E-10  8.54600E-11  5.93530E-11  4.12350E-11  2.86600E-11  1.99310E-11
  1.38690E-11  9.65660E-12  6.72910E-12  4.69340E-12  3.27700E-12  2.29070E-12
  1.60320E-12  1.12360E-12  7.88520E-13  5.54200E-13  3.90110E-13  2.75050E-13
  1.94240E-13  1.37400E-13  9.73560E-14  6.91010E-14  4.91300E-14  3.49900E-14
 
  jn =   8
  4.58927E-04  2.03833E-04  1.00896E-04  5.60900E-05  3.45546E-05  2.29760E-05
  1.60209E-05  1.14234E-05  8.12815E-06  5.65008E-06  3.83498E-06  2.58965E-06
  1.76821E-06  1.22880E-06  8.66788E-07  6.17622E-07  4.42779E-07  3.18433E-07
  2.29536E-07  1.65853E-07  1.20178E-07  8.73140E-08  6.35286E-08  4.62340E-08
  3.36066E-08  2.43873E-08  1.76701E-08  1.27462E-08  9.15168E-09  6.54562E-09
  4.66574E-09  3.31421E-09  2.34617E-09  1.65568E-09  1.16500E-09  8.17050E-10
  5.71644E-10  3.99614E-10  2.79221E-10  1.95019E-10  1.36152E-10  9.50307E-11
  6.62936E-11  4.62308E-11  3.22320E-11  2.24673E-11  1.56616E-11  1.09191E-11
  7.61434E-12  5.31133E-12  3.70700E-12  2.58858E-12  1.80897E-12  1.26523E-12
  8.85780E-13  6.20814E-13  4.35606E-13  3.06062E-13  2.15326E-13  1.51708E-13
 
  jn =   9
  1.54430E-03  6.94930E-04  3.52920E-04  2.03620E-04  1.31210E-04  9.16650E-05
  6.71050E-05  4.96870E-05  3.59110E-05  2.47710E-05  1.64590E-05  1.08290E-05
  7.20270E-06  4.88340E-06  3.37160E-06  2.36050E-06  1.66910E-06  1.18820E-06
  8.50350E-07  6.11520E-07  4.41850E-07  3.20660E-07  2.33420E-07  1.70190E-07
  1.24110E-07  9.04600E-08  6.59140E-08  4.78540E-08  3.46090E-08  2.49540E-08
  1.79450E-08  1.28690E-08  9.20260E-09  6.56430E-09  4.67080E-09  3.31330E-09
  2.34490E-09  1.65820E-09  1.17210E-09  8.28120E-10  5.84720E-10  4.12680E-10
  2.90990E-10  2.04990E-10  1.44280E-10  1.01470E-10  7.13100E-11  5.00810E-11
  3.51480E-11  2.46520E-11  1.72820E-11  1.21090E-11  8.48190E-12  5.93970E-12
  4.15900E-12  2.91210E-12  2.03930E-12  1.42840E-12  1.00090E-12  7.01740E-13
 
  jn =  10
  4.98490E-03  2.25814E-03  1.16165E-03  6.83950E-04  4.54282E-04  3.31516E-04
  2.55954E-04  1.98287E-04  1.45723E-04  9.91734E-05  6.40564E-05  4.08714E-05
  2.64388E-05  1.75140E-05  1.18731E-05  8.19830E-06  5.73856E-06  4.05554E-06
  2.88815E-06  2.07018E-06  1.49278E-06  1.08230E-06  7.87820E-07  5.74899E-07
  4.19901E-07  3.06744E-07  2.24196E-07  1.63359E-07  1.18639E-07  8.59520E-08
  6.21477E-08  4.48404E-08  3.22826E-08  2.31982E-08  1.66396E-08  1.19053E-08
  8.50230E-09  6.07004E-09  4.33426E-09  3.09437E-09  2.20881E-09  1.57665E-09
  1.12468E-09  8.01692E-10  5.71044E-10  4.06408E-10  2.89067E-10  2.05451E-10
  1.45894E-10  1.03512E-10  7.33752E-11  5.19630E-11  3.67698E-11  2.59942E-11
  1.83615E-11  1.29601E-11  9.14093E-12  6.44292E-12  4.53871E-12  3.19571E-12
 
  jn =  11
  1.58860E-02  7.21420E-03  3.73030E-03  2.21780E-03  1.50160E-03  1.13450E-03
  9.17700E-04  7.38410E-04  5.46770E-04  3.64660E-04  2.28810E-04  1.42240E-04
  9.01890E-05  5.88640E-05  3.94790E-05  2.70510E-05  1.88310E-05  1.32580E-05
  9.41680E-06  6.73800E-06  4.85320E-06  3.51640E-06  2.55920E-06  1.86790E-06
  1.36510E-06  9.98060E-07  7.30370E-07  5.32980E-07  3.87770E-07  2.81520E-07
  2.04050E-07  1.47640E-07  1.06620E-07  7.68900E-08  5.53700E-08  3.97870E-08
  2.85480E-08  2.04870E-08  1.47090E-08  1.05650E-08  7.59010E-09  5.45580E-09
  3.92080E-09  2.81690E-09  2.02320E-09  1.45270E-09  1.04290E-09  7.48450E-10
  5.36900E-10  3.84950E-10  2.75850E-10  1.97550E-10  1.41380E-10  1.01110E-10
  7.22560E-11  5.15960E-11  3.68150E-11  2.62460E-11  1.86960E-11  1.33070E-11
 
  jn =  12
  5.03546E-02  2.28803E-02  1.18494E-02  7.07176E-03  4.83322E-03  3.72122E-03
  3.08988E-03  2.53871E-03  1.88586E-03  1.24337E-03  7.68702E-04  4.71851E-04
  2.96162E-04  1.91758E-04  1.27816E-04  8.71781E-05  6.04887E-05  4.24894E-05
  3.01303E-05  2.15357E-05  1.55004E-05  1.12256E-05  8.16765E-06  5.96134E-06
  4.35701E-06  3.18623E-06  2.33268E-06  1.70318E-06  1.23995E-06  9.00884E-07
  6.53583E-07  4.73400E-07  3.42291E-07  2.47191E-07  1.78284E-07  1.28334E-07
  9.22625E-08  6.63505E-08  4.77476E-08  3.43840E-08  2.47722E-08  1.78613E-08
  1.28792E-08  9.28692E-09  6.69667E-09  4.82911E-09  3.48264E-09  2.51207E-09
  1.81175E-09  1.30653E-09  9.42028E-10  6.79084E-10  4.89421E-10  3.52624E-10
  2.53976E-10  1.82860E-10  1.31608E-10  9.46799E-11  6.80790E-11  4.89294E-11
 
  jn =  13
  1.59680E-01  7.25430E-02  3.75750E-02  2.24490E-02  1.53950E-02  1.19410E-02
  1.00270E-02  8.33310E-03  6.23980E-03  4.12310E-03  2.53970E-03  1.54680E-03
  9.62260E-04  6.18320E-04  4.09890E-04  2.78550E-04  1.92820E-04  1.35240E-04
  9.58090E-05  6.84360E-05  4.92370E-05  3.56490E-05  2.59340E-05  1.89270E-05
  1.38330E-05  1.01170E-05  7.40740E-06  5.40920E-06  3.93880E-06  2.86250E-06
  2.07730E-06  1.50510E-06  1.08880E-06  7.86650E-07  5.67680E-07  4.08880E-07
  2.94150E-07  2.11700E-07  1.52480E-07  1.09900E-07  7.92660E-08  5.72200E-08
  4.13130E-08  2.98320E-08  2.15450E-08  1.55630E-08  1.12450E-08  8.12790E-09
  5.87520E-09  4.24720E-09  3.07050E-09  2.21990E-09  1.60490E-09  1.16020E-09
  8.38690E-10  6.06230E-10  4.38150E-10  3.16640E-10  2.28790E-10  1.65280E-10
 
  jn =  14
  5.05505E-01  2.29539E-01  1.18857E-01  7.10147E-02  4.87462E-02  3.79042E-02
  3.19855E-02  2.68537E-02  2.04297E-02  1.36354E-02  8.35630E-03  5.02503E-03
  3.09200E-03  1.97317E-03  1.30296E-03  8.83568E-04  6.10891E-04  4.28148E-04
  3.03193E-04  2.16514E-04  1.55747E-04  1.12752E-04  8.20210E-05  5.98567E-05
  4.37470E-05  3.19950E-05  2.34267E-05  1.71079E-05  1.24583E-05  9.05435E-06
  6.57122E-06  4.76180E-06  3.44503E-06  2.48923E-06  1.79659E-06  1.29424E-06
  9.31252E-07  6.70362E-07  4.82943E-07  3.48200E-07  2.51211E-07  1.81409E-07
  1.31033E-07  9.46641E-08  6.84045E-08  4.94382E-08  3.57459E-08  2.58545E-08
  1.87037E-08  1.35330E-08  9.79316E-09  7.08756E-09  5.12994E-09  3.71332E-09
  2.68815E-09  1.94605E-09  1.40885E-09  1.01995E-09  7.38429E-10  5.34577E-10
 
  jn =  15
  1.60230E+00  7.27230E-01  3.76390E-01  2.24820E-01  1.54330E-01  1.20100E-01
  1.01610E-01  8.60920E-02  6.66380E-02  4.48140E-02  2.71830E-02  1.61400E-02
  9.85690E-03  6.26700E-03  4.13100E-03  2.79900E-03  1.93430E-03  1.35530E-03
  9.59650E-04  6.85250E-04  4.92890E-04  3.56820E-04  2.59560E-04  1.89420E-04
  1.38430E-04  1.01250E-04  7.41320E-05  5.41370E-05  3.94230E-05  2.86520E-05
  2.07940E-05  1.50680E-05  1.09010E-05  7.87700E-06  5.68520E-06  4.09550E-06
  2.94690E-06  2.12130E-06  1.52830E-06  1.10190E-06  7.95050E-07  5.74170E-07
  4.14760E-07  2.99670E-07  2.16560E-07  1.56550E-07  1.13210E-07  8.18950E-08
  5.92580E-08  4.28860E-08  3.10430E-08  2.24740E-08  1.62720E-08  1.17840E-08
  8.53390E-09  6.18100E-09  4.47720E-09  3.24330E-09  2.34960E-09  1.70220E-09
 
 Neutral n=6 / n=1 (jt,jn)                                                      
  jn =   1                                                                      
  3.59711E-97  1.70854E-78  1.15055E-63  6.79630E-52  1.49757E-42  3.88760E-35  
  2.96499E-29  1.37360E-24  6.88614E-21  5.91233E-18  1.25242E-15  8.74997E-14  
  2.53933E-12  3.67704E-11  3.07300E-10  1.66368E-09  6.39398E-09  1.87559E-08  
  4.44654E-08  8.91243E-08  1.56455E-07  2.47246E-07  3.59263E-07  4.87826E-07  
  6.26634E-07  7.68583E-07  9.06501E-07  1.03380E-06  1.14505E-06  1.23633E-06  
  1.30546E-06  1.35193E-06  1.37665E-06  1.38158E-06  1.36932E-06  1.34277E-06  
  1.30481E-06  1.25816E-06  1.20519E-06  1.14798E-06  1.08822E-06  1.02729E-06  
  9.66291E-07  9.06063E-07  8.47251E-07  7.90328E-07  7.35632E-07  6.83391E-07  
  6.33746E-07  5.86771E-07  5.42487E-07  5.00874E-07  4.61882E-07  4.25437E-07  
  3.91450E-07  3.59817E-07  3.30431E-07  3.03176E-07  2.77937E-07  2.54598E-07  
                                                                                
  jn =   2                                                                      
  1.14501E-96  5.44600E-78  3.66912E-63  2.16598E-51  4.76447E-42  1.23357E-34  
  9.37834E-29  4.33030E-24  2.16403E-20  1.85288E-17  3.91587E-15  2.73018E-13  
  7.90667E-12  1.14198E-10  9.51045E-10  5.12401E-09  1.95675E-08  5.69412E-08  
  1.33727E-07  2.65246E-07  4.60558E-07  7.19991E-07  1.03573E-06  1.39415E-06  
  1.77833E-06  2.17015E-06  2.55172E-06  2.90664E-06  3.22104E-06  3.48451E-06  
  3.69058E-06  3.83685E-06  3.92454E-06  3.95773E-06  3.94243E-06  3.88570E-06  
  3.79488E-06  3.67710E-06  3.53887E-06  3.38592E-06  3.22318E-06  3.05474E-06  
  2.88394E-06  2.71346E-06  2.54541E-06  2.38140E-06  2.22266E-06  2.07005E-06  
  1.92419E-06  1.78546E-06  1.65407E-06  1.53009E-06  1.41349E-06  1.30414E-06  
  1.20185E-06  1.10637E-06  1.01746E-06  9.34793E-07  8.58079E-07  7.86997E-07  
                                                                                
  jn =   3                                                                      
  3.68777E-96  1.75909E-77  1.18519E-62  6.97437E-51  1.52480E-41  3.91508E-34  
  2.94779E-28  1.34728E-23  6.66493E-20  5.65076E-17  1.18283E-14  8.16762E-13  
  2.34160E-11  3.34532E-10  2.75282E-09  1.46379E-08  5.51085E-08  1.57951E-07  
  3.65122E-07  7.12596E-07  1.21751E-06  1.87379E-06  2.65628E-06  3.52881E-06  
  4.45142E-06  5.38504E-06  6.29371E-06  7.14564E-06  7.91404E-06  8.57796E-06  
  9.12307E-06  9.54203E-06  9.83408E-06  1.00041E-05  1.00614E-05  1.00178E-05  
  9.88688E-06  9.68233E-06  9.41753E-06  9.10491E-06  8.75570E-06  8.37980E-06  
  7.98582E-06  7.58110E-06  7.17184E-06  6.76321E-06  6.35945E-06  5.96398E-06  
  5.57952E-06  5.20819E-06  4.85154E-06  4.51071E-06  4.18643E-06  3.87912E-06  
  3.58892E-06  3.31575E-06  3.05937E-06  2.81937E-06  2.59525E-06  2.38641E-06  
                                                                                
  jn =   4                                                                      
  1.21510E-95  5.80461E-77  3.88435E-62  2.25306E-50  4.82721E-41  1.21017E-33  
  8.88019E-28  3.95299E-23  1.90459E-19  1.57302E-16  3.20824E-14  2.15913E-12  
  6.03557E-11  8.41328E-10  6.76192E-09  3.51656E-08  1.29685E-07  3.64721E-07  
  8.28665E-07  1.59213E-06  2.68181E-06  4.07438E-06  5.70866E-06  7.50492E-06  
  9.38141E-06  1.12640E-05  1.30895E-05  1.48062E-05  1.63727E-05  1.77576E-05  
  1.89391E-05  1.99051E-05  2.06527E-05  2.11867E-05  2.15181E-05  2.16625E-05  
  2.16381E-05  2.14642E-05  2.11603E-05  2.07451E-05  2.02362E-05  1.96498E-05  
  1.90007E-05  1.83022E-05  1.75661E-05  1.68030E-05  1.60224E-05  1.52325E-05  
  1.44406E-05  1.36531E-05  1.28755E-05  1.21126E-05  1.13683E-05  1.06461E-05  
  9.94866E-06  9.27817E-06  8.63630E-06  8.02421E-06  7.44267E-06  6.89203E-06  
                                                                                
  jn =   5                                                                      
  4.09623E-95  1.93937E-76  1.26655E-61  7.08365E-50  1.45199E-40  3.46820E-33  
  2.42126E-27  1.02581E-22  4.71161E-19  3.71898E-16  7.27202E-14  4.70904E-12  
  1.27150E-10  1.71877E-09  1.34485E-08  6.83431E-08  2.47151E-07  6.83801E-07  
  1.53284E-06  2.91300E-06  4.86370E-06  7.33756E-06  1.02237E-05  1.33821E-05  
  1.66724E-05  1.99703E-05  2.31737E-05  2.62020E-05  2.89937E-05  3.15041E-05  
  3.37032E-05  3.55743E-05  3.71131E-05  3.83252E-05  3.92245E-05  3.98305E-05  
  4.01661E-05  4.02563E-05  4.01262E-05  3.98005E-05  3.93025E-05  3.86541E-05  
  3.78756E-05  3.69853E-05  3.60004E-05  3.49362E-05  3.38068E-05  3.26249E-05  
  3.14023E-05  3.01494E-05  2.88760E-05  2.75907E-05  2.63016E-05  2.50159E-05  
  2.37400E-05  2.24799E-05  2.12409E-05  2.00277E-05  1.88445E-05  1.76948E-05  
                                                                                
  jn =   6                                                                      
  1.38376E-94  6.39091E-76  3.99418E-61  2.10710E-49  4.04001E-40  9.00164E-33  
  5.87123E-27  2.33390E-22  1.01152E-18  7.58007E-16  1.41565E-13  8.80516E-12  
  2.29557E-10  3.01057E-09  2.29552E-08  1.14145E-07  4.05429E-07  1.10555E-06  
  2.45030E-06  4.61716E-06  7.66322E-06  1.15174E-05  1.60165E-05  2.09551E-05  
  2.61270E-05  3.13481E-05  3.64655E-05  4.13574E-05  4.59299E-05  5.01131E-05  
  5.38594E-05  5.71400E-05  5.99438E-05  6.22741E-05  6.41457E-05  6.55820E-05  
  6.66118E-05  6.72671E-05  6.75812E-05  6.75869E-05  6.73161E-05  6.67986E-05  
  6.60625E-05  6.51335E-05  6.40353E-05  6.27893E-05  6.14153E-05  5.99309E-05  
  5.83524E-05  5.66945E-05  5.49706E-05  5.31931E-05  5.13732E-05  4.95212E-05  
  4.76465E-05  4.57581E-05  4.38640E-05  4.19718E-05  4.00883E-05  3.82200E-05  
                                                                                
  jn =   7                                                                      
  4.73045E-94  2.11479E-75  1.25639E-60  6.20742E-49  1.10460E-39  2.27670E-32  
  1.37505E-26  5.08161E-22  2.05945E-18  1.45307E-15  2.57367E-13  1.52900E-11  
  3.83280E-10  4.86231E-09  3.60555E-08  1.75195E-07  6.10690E-07  1.64065E-06  
  3.59528E-06  6.72014E-06  1.10965E-05  1.66355E-05  2.31281E-05  3.03089E-05  
  3.79072E-05  4.56754E-05  5.33997E-05  6.09013E-05  6.80342E-05  7.46834E-05  
  8.07631E-05  8.62153E-05  9.10076E-05  9.51302E-05  9.85918E-05  1.01416E-04  
  1.03635E-04  1.05290E-04  1.06424E-04  1.07081E-04  1.07305E-04  1.07139E-04  
  1.06622E-04  1.05792E-04  1.04684E-04  1.03328E-04  1.01755E-04  9.99914E-05  
  9.80609E-05  9.59862E-05  9.37875E-05  9.14834E-05  8.90908E-05  8.66250E-05  
  8.41001E-05  8.15285E-05  7.89219E-05  7.62905E-05  7.36437E-05  7.09901E-05  
                                                                                
  jn =   8                                                                      
  1.70071E-93  7.40398E-75  4.21904E-60  1.96630E-48  3.25020E-39  6.15566E-32  
  3.40287E-26  1.15404E-21  4.32125E-18  2.84054E-15  4.72566E-13  2.65652E-11  
  6.34329E-10  7.71344E-09  5.51571E-08  2.59966E-07  8.83940E-07  2.32886E-06  
  5.02978E-06  9.30848E-06  1.52819E-05  2.28621E-05  3.18180E-05  4.18479E-05  
  5.26333E-05  6.38676E-05  7.52665E-05  8.65721E-05  9.75545E-05  1.08016E-04  
  1.17792E-04  1.26758E-04  1.34826E-04  1.41946E-04  1.48098E-04  1.53290E-04  
  1.57553E-04  1.60929E-04  1.63476E-04  1.65253E-04  1.66326E-04  1.66759E-04  
  1.66616E-04  1.65958E-04  1.64842E-04  1.63321E-04  1.61445E-04  1.59259E-04  
  1.56802E-04  1.54112E-04  1.51221E-04  1.48158E-04  1.44950E-04  1.41620E-04  
  1.38188E-04  1.34673E-04  1.31091E-04  1.27457E-04  1.23786E-04  1.20088E-04  
                                                                                
  jn =   9                                                                      
  6.44595E-93  2.75869E-74  1.52760E-59  6.80852E-48  1.05724E-38  1.85407E-31  
  9.41133E-26  2.92025E-21  9.99481E-18  6.01082E-15  9.17938E-13  4.76616E-11  
  1.06043E-09  1.21405E-08  8.26227E-08  3.74445E-07  1.23560E-06  3.18477E-06  
  6.77610E-06  1.24281E-05  2.03250E-05  3.04217E-05  4.25102E-05  5.62917E-05  
  7.14240E-05  8.75456E-05  1.04285E-04  1.21269E-04  1.38134E-04  1.54543E-04  
  1.70197E-04  1.84845E-04  1.98297E-04  2.10421E-04  2.21139E-04  2.30421E-04  
  2.38280E-04  2.44756E-04  2.49914E-04  2.53834E-04  2.56603E-04  2.58313E-04  
  2.59058E-04  2.58928E-04  2.58012E-04  2.56392E-04  2.54147E-04  2.51348E-04  
  2.48065E-04  2.44360E-04  2.40290E-04  2.35908E-04  2.31264E-04  2.26402E-04  
  2.21362E-04  2.16181E-04  2.10891E-04  2.05521E-04  2.00098E-04  1.94642E-04  
                                                                                
  jn =  10                                                                      
  2.53357E-92  1.06534E-73  5.76168E-59  2.48533E-47  3.69030E-38  6.10450E-31  
  2.88044E-25  8.19060E-21  2.54177E-17  1.38021E-14  1.90838E-12  9.04491E-11  
  1.85808E-09  1.98916E-08  1.28162E-07  5.56089E-07  1.77406E-06  4.45821E-06  
  9.31643E-06  1.68914E-05  2.74615E-05  4.10573E-05  5.75330E-05  7.66316E-05  
  9.80182E-05  1.21293E-04  1.45992E-04  1.71603E-04  1.97584E-04  2.23389E-04  
  2.48505E-04  2.72472E-04  2.94908E-04  3.15514E-04  3.34078E-04  3.50472E-04  
  3.64641E-04  3.76593E-04  3.86383E-04  3.94108E-04  3.99890E-04  4.03866E-04  
  4.06188E-04  4.07007E-04  4.06474E-04  4.04735E-04  4.01929E-04  3.98184E-04  
  3.93620E-04  3.88344E-04  3.82454E-04  3.76038E-04  3.69174E-04  3.61932E-04  
  3.54375E-04  3.46559E-04  3.38532E-04  3.30341E-04  3.22024E-04  3.13620E-04  
                                                                                
  jn =  11                                                                      
  9.56618E-92  3.95433E-73  2.09698E-58  8.83674E-47  1.27444E-37  2.02857E-30  
  9.09184E-25  2.42138E-20  6.97892E-17  3.49813E-14  4.44460E-12  1.93012E-10  
  3.63382E-09  3.58060E-08  2.13999E-07  8.69906E-07  2.62829E-06  6.32321E-06  
  1.27790E-05  2.26109E-05  3.61538E-05  5.35052E-05  7.46018E-05  9.92735E-05  
  1.27258E-04  1.58198E-04  1.91629E-04  2.26992E-04  2.63651E-04  3.00931E-04  
  3.38153E-04  3.74674E-04  4.09911E-04  4.43364E-04  4.74624E-04  5.03373E-04  
  5.29384E-04  5.52509E-04  5.72672E-04  5.89858E-04  6.04100E-04  6.15474E-04  
  6.24090E-04  6.30082E-04  6.33603E-04  6.34822E-04  6.33915E-04  6.31067E-04  
  6.26463E-04  6.20287E-04  6.12720E-04  6.03939E-04  5.94111E-04  5.83395E-04  
  5.71938E-04  5.59877E-04  5.47335E-04  5.34424E-04  5.21242E-04  5.07876E-04  
                                                                                
  jn =  12                                                                      
  3.14948E-91  1.30468E-72  6.89791E-58  2.88800E-46  4.11239E-37  6.43393E-30  
  2.81368E-24  7.25656E-20  2.00017E-16  9.40623E-14  1.09189E-11  4.22635E-10  
  7.03284E-09  6.15850E-08  3.32397E-07  1.24306E-06  3.51879E-06  8.06002E-06  
  1.57152E-05  2.71076E-05  4.25938E-05  6.23195E-05  8.62933E-05  1.14429E-04  
  1.46548E-04  1.82367E-04  2.21482E-04  2.63374E-04  3.07428E-04  3.52970E-04  
  3.99304E-04  4.45754E-04  4.91690E-04  5.36551E-04  5.79860E-04  6.21217E-04  
  6.60306E-04  6.96882E-04  7.30764E-04  7.61823E-04  7.89974E-04  8.15169E-04  
  8.37386E-04  8.56626E-04  8.72911E-04  8.86275E-04  8.96767E-04  9.04450E-04  
  9.09397E-04  9.11693E-04  9.11436E-04  9.08736E-04  9.03715E-04  8.96506E-04  
  8.87256E-04  8.76118E-04  8.63258E-04  8.48845E-04  8.33055E-04  8.16067E-04  
                                                                                
  jn =  13                                                                      
  8.52234E-91  3.66476E-72  1.98136E-57  8.43424E-46  1.22212E-36  1.89284E-29  
  8.23184E-24  2.08908E-19  5.52232E-16  2.37683E-13  2.39421E-11  7.87129E-10  
  1.12703E-08  8.75692E-08  4.31201E-07  1.51142E-06  4.08148E-06  9.05298E-06  
  1.72609E-05  2.93512E-05  4.56832E-05  6.64280E-05  9.16298E-05  1.21244E-04  
  1.55136E-04  1.93064E-04  2.34663E-04  2.79448E-04  3.26836E-04  3.76178E-04  
  4.26806E-04  4.78062E-04  5.29338E-04  5.80092E-04  6.29861E-04  6.78265E-04  
  7.25002E-04  7.69841E-04  8.12611E-04  8.53192E-04  8.91503E-04  9.27493E-04  
  9.61132E-04  9.92405E-04  1.02131E-03  1.04783E-03  1.07198E-03  1.09375E-03  
  1.11314E-03  1.13015E-03  1.14475E-03  1.15695E-03  1.16674E-03  1.17410E-03  
  1.17902E-03  1.18151E-03  1.18158E-03  1.17922E-03  1.17448E-03  1.16738E-03  
                                                                                
  jn =  14                                                                      
  1.72009E-90  7.90779E-72  4.54522E-57  2.04236E-45  3.09878E-36  5.07495E-29  
  2.16182E-23  5.47896E-19  1.35586E-15  5.12870E-13  4.26005E-11  1.18483E-09  
  1.50510E-08  1.08387E-07  5.05885E-07  1.70128E-06  4.48092E-06  9.75613E-06  
  1.83545E-05  3.08160E-05  4.75582E-05  6.86320E-05  9.42096E-05  1.24213E-04  
  1.58719E-04  1.97398E-04  2.39889E-04  2.85717E-04  3.34311E-04  3.85036E-04  
  4.37234E-04  4.90265E-04  5.43534E-04  5.96517E-04  6.48768E-04  6.99927E-04  
  7.49712E-04  7.97915E-04  8.44391E-04  8.89045E-04  9.31825E-04  9.72709E-04  
  1.01170E-03  1.04881E-03  1.08407E-03  1.11751E-03  1.14916E-03  1.17905E-03  
  1.20721E-03  1.23364E-03  1.25837E-03  1.28141E-03  1.30274E-03  1.32236E-03  
  1.34024E-03  1.35638E-03  1.37073E-03  1.38325E-03  1.39392E-03  1.40267E-03  
                                                                                
  jn =  15                                                                      
  2.47781E-90  1.20096E-71  7.72193E-57  3.98701E-45  6.53965E-36  1.08120E-28  
  5.03632E-23  1.32665E-18  3.11359E-15  1.00032E-12  7.43164E-11  1.78914E-09  
  2.14936E-08  1.42528E-07  6.33931E-07  2.06531E-06  5.30396E-06  1.12108E-05  
  2.05910E-05  3.39550E-05  5.15624E-05  7.32712E-05  9.94582E-05  1.29961E-04  
  1.64400E-04  2.02998E-04  2.45024E-04  2.90506E-04  3.38752E-04  3.89654E-04  
  4.42194E-04  4.95685E-04  5.49515E-04  6.03157E-04  6.56165E-04  7.08186E-04  
  7.58945E-04  8.08243E-04  8.55946E-04  9.01972E-04  9.46283E-04  9.88872E-04  
  1.02976E-03  1.06897E-03  1.10657E-03  1.14259E-03  1.17710E-03  1.21014E-03  
  1.24178E-03  1.27205E-03  1.30101E-03  1.32869E-03  1.35511E-03  1.38031E-03  
  1.40431E-03  1.42712E-03  1.44874E-03  1.46917E-03  1.48841E-03  1.50644E-03  
                                                                                
 Continuum n=6 / n=1 (jt,jn)                                                    
  jn =   1                                                                      
  2.33798E-09  1.55431E-09  1.06074E-09  7.41828E-10  5.30012E-10  3.85492E-10  
  2.84408E-10  2.12140E-10  1.59505E-10  1.20587E-10  9.14705E-11  6.94983E-11  
  5.28198E-11  4.01156E-11  3.04240E-11  2.30312E-11  1.73987E-11  1.31157E-11  
  9.86679E-12  7.40846E-12  5.55294E-12  4.15561E-12  3.10544E-12  2.31760E-12  
  1.72746E-12  1.28604E-12  9.56276E-13  7.10227E-13  5.26860E-13  3.90370E-13  
  2.88896E-13  2.13547E-13  1.57665E-13  1.16272E-13  8.56489E-14  6.30215E-14  
  4.63222E-14  3.40124E-14  2.49487E-14  1.82826E-14  1.33851E-14  9.79072E-15  
  7.15540E-15  5.22509E-15  3.81249E-15  2.77967E-15  2.02516E-15  1.47442E-15  
  1.07273E-15  7.79974E-16  5.66759E-16  4.11582E-16  2.98720E-16  2.16686E-16  
  1.57096E-16  1.13835E-16  8.24455E-17  5.96828E-17  4.31846E-17  3.12329E-17  
                                                                                
  jn =   2                                                                      
  1.60915E-08  9.86279E-09  6.26586E-09  4.11644E-09  2.78521E-09  1.93171E-09  
  1.36684E-09  9.82340E-10  7.14288E-10  5.23715E-10  3.86122E-10  2.85629E-10  
  2.11638E-10  1.56880E-10  1.16244E-10  8.60581E-11  6.36426E-11  4.70155E-11  
  3.47005E-11  2.55934E-11  1.88680E-11  1.39070E-11  1.02502E-11  7.55569E-12  
  5.57047E-12  4.10760E-12  3.02933E-12  2.23426E-12  1.64781E-12  1.21513E-12  
  8.95834E-13  6.60206E-13  4.86333E-13  3.58058E-13  2.63455E-13  1.93717E-13  
  1.42336E-13  1.04505E-13  7.66687E-14  5.62024E-14  4.11665E-14  3.01292E-14  
  2.20336E-14  1.61008E-14  1.17564E-14  8.57790E-15  6.25419E-15  4.55675E-15  
  3.31775E-15  2.41406E-15  1.75540E-15  1.27567E-15  9.26495E-16  6.72515E-16  
  4.87892E-16  3.53766E-16  2.56382E-16  1.85714E-16  1.34461E-16  9.73081E-17  
                                                                                
  jn =   3                                                                      
  1.48878E-07  8.32570E-08  4.85603E-08  2.94812E-08  1.85486E-08  1.20300E-08  
  7.99948E-09  5.42672E-09  3.73938E-09  2.60775E-09  1.83507E-09  1.30000E-09  
  9.25453E-10  6.61151E-10  4.73542E-10  3.39808E-10  2.44198E-10  1.75703E-10  
  1.26562E-10  9.12664E-11  6.58917E-11  4.76319E-11  3.44784E-11  2.49924E-11  
  1.81425E-11  1.31890E-11  9.60152E-12  6.99924E-12  5.10861E-12  3.73289E-12  
  2.73036E-12  1.99878E-12  1.46425E-12  1.07326E-12  7.86992E-13  5.77228E-13  
  4.23426E-13  3.10603E-13  2.27815E-13  1.67054E-13  1.22460E-13  8.97334E-14  
  6.57215E-14  4.81091E-14  3.51960E-14  2.57329E-14  1.88019E-14  1.37284E-14  
  1.00171E-14  7.30411E-15  5.32221E-15  3.87544E-15  2.82006E-15  2.05074E-15  
  1.49034E-15  1.08241E-15  7.85662E-16  5.69939E-16  4.13218E-16  2.99431E-16  
                                                                                
  jn =   4                                                                      
  1.58596E-06  7.97496E-07  4.18108E-07  2.28859E-07  1.30508E-07  7.72323E-08  
  4.72145E-08  2.96804E-08  1.91033E-08  1.25401E-08  8.36678E-09  5.65717E-09  
  3.86667E-09  2.66608E-09  1.85127E-09  1.29283E-09  9.07034E-10  6.38801E-10  
  4.51337E-10  3.19769E-10  2.27109E-10  1.61657E-10  1.15307E-10  8.24076E-11  
  5.90066E-11  4.23283E-11  3.04185E-11  2.18979E-11  1.57908E-11  1.14056E-11  
  8.25133E-12  5.97844E-12  4.33790E-12  3.15182E-12  2.29295E-12  1.67007E-12  
  1.21770E-12  8.88715E-13  6.49158E-13  4.74520E-13  3.47074E-13  2.53982E-13  
  1.85928E-13  1.36143E-13  9.97021E-14  7.30174E-14  5.34704E-14  3.91493E-14  
  2.86561E-14  2.09679E-14  1.53359E-14  1.12110E-14  8.19111E-15  5.98107E-15  
  4.36453E-15  3.18278E-15  2.31940E-15  1.68904E-15  1.22914E-15  8.93827E-16  
                                                                                
  jn =   5                                                                      
  1.30487E-05  5.99146E-06  2.85300E-06  1.41980E-06  7.40258E-07  4.03889E-07  
  2.29817E-07  1.35757E-07  8.28436E-08  5.19726E-08  3.33713E-08  2.18442E-08  
  1.45271E-08  9.78683E-09  6.66311E-09  4.57532E-09  3.16356E-09  2.19977E-09  
  1.53667E-09  1.07756E-09  7.58018E-10  5.34680E-10  3.78028E-10  2.67826E-10  
  1.90103E-10  1.35167E-10  9.62615E-11  6.86590E-11  4.90439E-11  3.50832E-11  
  2.51321E-11  1.80289E-11  1.29513E-11  9.31658E-12  6.71113E-12  4.84089E-12  
  3.49653E-12  2.52885E-12  1.83134E-12  1.32789E-12  9.64012E-13  7.00660E-13  
  5.09814E-13  3.71336E-13  2.70733E-13  1.97560E-13  1.44280E-13  1.05443E-13  
  7.71070E-14  5.64147E-14  4.12921E-14  3.02325E-14  2.21395E-14  1.62144E-14  
  1.18750E-14  8.69593E-15  6.36666E-15  4.65993E-15  3.40944E-15  2.49338E-15  
                                                                                
  jn =   6                                                                      
  7.14019E-05  3.13499E-05  1.41671E-05  6.67207E-06  3.29578E-06  1.71024E-06  
  9.30571E-07  5.28823E-07  3.12284E-07  1.90611E-07  1.19638E-07  7.68546E-08  
  5.03234E-08  3.34693E-08  2.25437E-08  1.53411E-08  1.05265E-08  7.27127E-09  
  5.04992E-09  3.52258E-09  2.46598E-09  1.73137E-09  1.21857E-09  8.59411E-10  
  6.07171E-10  4.29619E-10  3.04399E-10  2.15941E-10  1.53363E-10  1.09037E-10  
  7.76027E-11  5.52866E-11  3.94276E-11  2.81461E-11  2.01132E-11  1.43877E-11  
  1.03030E-11  7.38586E-12  5.30053E-12  3.80826E-12  2.73925E-12  1.97263E-12  
  1.42223E-12  1.02663E-12  7.41954E-13  5.36858E-13  3.88917E-13  2.82074E-13  
  2.04817E-13  1.48886E-13  1.08345E-13  7.89235E-14  5.75473E-14  4.19986E-14  
  3.06764E-14  2.24234E-14  1.64017E-14  1.20040E-14  8.78974E-15  6.43865E-15  
                                                                                
  jn =   7                                                                      
  2.88952E-04  1.26369E-04  5.63513E-05  2.59795E-05  1.25075E-05  6.32138E-06  
  3.35610E-06  1.86645E-06  1.08217E-06  6.50533E-07  4.03223E-07  2.56391E-07  
  1.66488E-07  1.09979E-07  7.36667E-08  4.99009E-08  3.41090E-08  2.34847E-08  
  1.62642E-08  1.13166E-08  7.90391E-09  5.53721E-09  3.88880E-09  2.73665E-09  
  1.92907E-09  1.36170E-09  9.62339E-10  6.80794E-10  4.82049E-10  3.41597E-10  
  2.42246E-10  1.71910E-10  1.22077E-10  8.67456E-11  6.16800E-11  4.38861E-11  
  3.12465E-11  2.22627E-11  1.58732E-11  1.13261E-11  8.08784E-12  5.78018E-12  
  4.13448E-12  2.95998E-12  2.12109E-12  1.52142E-12  1.09238E-12  7.85142E-13  
  5.64916E-13  4.06904E-13  2.93416E-13  2.11820E-13  1.53090E-13  1.10772E-13  
  8.02434E-14  5.81954E-14  4.22533E-14  3.07125E-14  2.23482E-14  1.62789E-14  
                                                                                
  jn =   8                                                                      
  9.85578E-04  4.36646E-04  1.95933E-04  9.02811E-05  4.32039E-05  2.16253E-05  
  1.13515E-05  6.24221E-06  3.58295E-06  2.13578E-06  1.31488E-06  8.31588E-07  
  5.37709E-07  3.54009E-07  2.36488E-07  1.59845E-07  1.09064E-07  7.49794E-08  
  5.18593E-08  3.60422E-08  2.51465E-08  1.75992E-08  1.23478E-08  8.68084E-09  
  6.11277E-09  4.31012E-09  3.04238E-09  2.14946E-09  1.51975E-09  1.07523E-09  
  7.61152E-10  5.39091E-10  3.81989E-10  2.70786E-10  1.92034E-10  1.36240E-10  
  9.66948E-11  6.86557E-11  4.87674E-11  3.46553E-11  2.46379E-11  1.75244E-11  
  1.24709E-11  8.87940E-12  6.32577E-12  4.50922E-12  3.21636E-12  2.29573E-12  
  1.63978E-12  1.17213E-12  8.38517E-13  6.00358E-13  4.30219E-13  3.08579E-13  
  2.21542E-13  1.59212E-13  1.14536E-13  8.24826E-14  5.94637E-14  4.29161E-14  
                                                                                
  jn =   9                                                                      
  3.06005E-03  1.38174E-03  6.29614E-04  2.93234E-04  1.41032E-04  7.05773E-05  
  3.69251E-05  2.02187E-05  1.15583E-05  6.86610E-06  4.21506E-06  2.65964E-06  
  1.71651E-06  1.12837E-06  7.52851E-07  5.08351E-07  3.46567E-07  2.38094E-07  
  1.64581E-07  1.14326E-07  7.97277E-08  5.57744E-08  3.91153E-08  2.74870E-08  
  1.93466E-08  1.36346E-08  9.61901E-09  6.79182E-09  4.79890E-09  3.39269E-09  
  2.39968E-09  1.69800E-09  1.20192E-09  8.51032E-10  6.02750E-10  4.27013E-10  
  3.02587E-10  2.14469E-10  1.52048E-10  1.07821E-10  7.64769E-11  5.42588E-11  
  3.85059E-11  2.73343E-11  1.94098E-11  1.37871E-11  9.79660E-12  6.96367E-12  
  4.95190E-12  3.52281E-12  2.50729E-12  1.78537E-12  1.27197E-12  9.06704E-13  
  6.46710E-13  4.61558E-13  3.29634E-13  2.35584E-13  1.68494E-13  1.20605E-13  
                                                                                
  jn =  10                                                                      
  8.85729E-03  4.12124E-03  1.91970E-03  9.09108E-04  4.42320E-04  2.22919E-04  
  1.17079E-04  6.42222E-05  3.67315E-05  2.18148E-05  1.33847E-05  8.44050E-06  
  5.44447E-06  3.57737E-06  2.38597E-06  1.61062E-06  1.09777E-06  7.54024E-07  
  5.21122E-07  3.61936E-07  2.52365E-07  1.76518E-07  1.23774E-07  8.69636E-08  
  6.11977E-08  4.31205E-08  3.04141E-08  2.14694E-08  1.51653E-08  1.07180E-08  
  7.57816E-09  5.36005E-09  3.79230E-09  2.68376E-09  1.89967E-09  1.34491E-09  
  9.52315E-10  6.74426E-10  4.77695E-10  3.38397E-10  2.39752E-10  1.69886E-10  
  1.20397E-10  8.53365E-11  6.04954E-11  4.28925E-11  3.04170E-11  2.15741E-11  
  1.53052E-11  1.08602E-11  7.70802E-12  5.47213E-12  3.88589E-12  2.76028E-12  
  1.96135E-12  1.39413E-12  9.91324E-13  7.05178E-13  5.01841E-13  3.57298E-13  
                                                                                
  jn =  11                                                                      
  2.28227E-02  1.13473E-02  5.52200E-03  2.69495E-03  1.33920E-03  6.85042E-04  
  3.63478E-04  2.00716E-04  1.15268E-04  6.86339E-05  4.21828E-05  2.66319E-05  
  1.71927E-05  1.13032E-05  7.54183E-06  5.09240E-06  3.47153E-06  2.38476E-06  
  1.64826E-06  1.14481E-06  7.98236E-07  5.58318E-07  3.91479E-07  2.75039E-07  
  1.93537E-07  1.36358E-07  9.61681E-08  6.78781E-08  4.79410E-08  3.38772E-08  
  2.39490E-08  1.69361E-08  1.19799E-08  8.47606E-09  5.99809E-09  4.24521E-09  
  3.00498E-09  2.12732E-09  1.50615E-09  1.06646E-09  7.55191E-10  5.34816E-10  
  3.78779E-10  2.68289E-10  1.90044E-10  1.34630E-10  9.53817E-11  6.75818E-11  
  4.78891E-11  3.39382E-11  2.40541E-11  1.70508E-11  1.20880E-11  8.57095E-12  
  6.07813E-12  4.31107E-12  3.05830E-12  2.17001E-12  1.54006E-12  1.09324E-12  
                                                                                
  jn =  12                                                                      
  5.08703E-02  2.78499E-02  1.46364E-02  7.52639E-03  3.88150E-03  2.03677E-03  
  1.10032E-03  6.15336E-04  3.56587E-04  2.13708E-04  1.31961E-04  8.35870E-05  
  5.40843E-05  3.56138E-05  2.37890E-05  1.60755E-05  1.09649E-05  7.53524E-06  
  5.20951E-06  3.61896E-06  2.52370E-06  1.76532E-06  1.23786E-06  8.69695E-07  
  6.11983E-07  4.31172E-07  3.04082E-07  2.14622E-07  1.51577E-07  1.07105E-07  
  7.57108E-08  5.35363E-08  3.78661E-08  2.67882E-08  1.89544E-08  1.34133E-08  
  9.49314E-09  6.71933E-09  4.75638E-09  3.36711E-09  2.38377E-09  1.68769E-09  
  1.19494E-09  8.46094E-10  5.99117E-10  4.24253E-10  3.00441E-10  2.12771E-10  
  1.50692E-10  1.06731E-10  7.55985E-11  5.35505E-11  3.79351E-11  2.68751E-11  
  1.90410E-11  1.34917E-11  9.56049E-12  6.77540E-12  4.80213E-12  3.40393E-12  
                                                                                
  jn =  13                                                                      
  8.83316E-02  5.55736E-02  3.38618E-02  1.91192E-02  1.04757E-02  5.76885E-03  
  3.21409E-03  1.83774E-03  1.08251E-03  6.56563E-04  4.08854E-04  2.60488E-04  
  1.69237E-04  1.11770E-04  7.48196E-05  5.06384E-05  3.45787E-05  2.37822E-05  
  1.64514E-05  1.14332E-05  7.97527E-06  5.57980E-06  3.91316E-06  2.74957E-06  
  1.93492E-06  1.36330E-06  9.61486E-07  6.78626E-07  4.79277E-07  3.38655E-07  
  2.39387E-07  1.69269E-07  1.19720E-07  8.46919E-08  5.99221E-08  4.24022E-08  
  3.00079E-08  2.12383E-08  1.50326E-08  1.06407E-08  7.53236E-09  5.33222E-09  
  3.77485E-09  2.67243E-09  1.89201E-09  1.33953E-09  9.48407E-10  6.71501E-10  
  4.75456E-10  3.36655E-10  2.38381E-10  1.68800E-10  1.19533E-10  8.46477E-11  
  5.99460E-11  4.24544E-11  3.00679E-11  2.12964E-11  1.50844E-11  1.06851E-11  
                                                                                
  jn =  14                                                                      
  1.13389E-01  8.33276E-02  6.32001E-02  4.15249E-02  2.52877E-02  1.49613E-02  
  8.86856E-03  5.26721E-03  3.19233E-03  1.97518E-03  1.24703E-03  8.02201E-04  
  5.24912E-04  3.48516E-04  2.34218E-04  1.58976E-04  1.08783E-04  7.49295E-05  
  5.18880E-05  3.60879E-05  2.51869E-05  1.76285E-05  1.23664E-05  8.69085E-06  
  6.11674E-06  4.31011E-06  3.03995E-06  2.14572E-06  1.51545E-06  1.07083E-06  
  7.56946E-07  5.35235E-07  3.78556E-07  2.67794E-07  1.89470E-07  1.34071E-07  
  9.48795E-08  6.71498E-08  4.75276E-08  3.36410E-08  2.38128E-08  1.68565E-08  
  1.19326E-08  8.44725E-09  5.98004E-09  4.23350E-09  2.99711E-09  2.12183E-09  
  1.50220E-09  1.06352E-09  7.52963E-10  5.33096E-10  3.77437E-10  2.67232E-10  
  1.89209E-10  1.33968E-10  9.48566E-11  6.71652E-11  4.75588E-11  3.36766E-11  
                                                                                
  jn =  15                                                                      
  1.36639E-01  1.09931E-01  8.62360E-02  6.51730E-02  4.91619E-02  3.43004E-02  
  2.21484E-02  1.40595E-02  8.96423E-03  5.74109E-03  3.70603E-03  2.42311E-03  
  1.60486E-03  1.07532E-03  7.27579E-04  4.96314E-04  3.40851E-04  2.35395E-04  
  1.63318E-04  1.13740E-04  7.94599E-05  5.56527E-05  3.90594E-05  2.74597E-05  
  1.93313E-05  1.36240E-05  9.61027E-06  6.78389E-06  4.79152E-06  3.38586E-06  
  2.39346E-06  1.69244E-06  1.19703E-06  8.46796E-07  5.99127E-07  4.23948E-07  
  3.00019E-07  2.12333E-07  1.50285E-07  1.06374E-07  7.52956E-08  5.32991E-08  
  3.77295E-08  2.67086E-08  1.89073E-08  1.33849E-08  9.47552E-09  6.70805E-09  
  4.74891E-09  3.36198E-09  2.38012E-09  1.68502E-09  1.19293E-09  8.44555E-10  
  5.97920E-10  4.23313E-10  2.99698E-10  2.12182E-10  1.50223E-10  1.06358E-10  
                                                                                
 Neutral n=7 / n=1 (jt,jn)                                                      
  jn =   1                                                                      
  9.18089E-98  6.04053E-79  5.25081E-64  3.78211E-52  9.70808E-43  2.83050E-35  
  2.35533E-29  1.16353E-24  6.10840E-21  5.41508E-18  1.17156E-15  8.29186E-14  
  2.42379E-12  3.52214E-11  2.94839E-10  1.59821E-09  6.15474E-09  1.81185E-08  
  4.31924E-08  8.72298E-08  1.54575E-07  2.46942E-07  3.63096E-07  4.99164E-07  
  6.49243E-07  8.06124E-07  9.62059E-07  1.10952E-06  1.24191E-06  1.35415E-06  
  1.44297E-06  1.50701E-06  1.54658E-06  1.56332E-06  1.55974E-06  1.53883E-06  
  1.50371E-06  1.45739E-06  1.40261E-06  1.34178E-06  1.27694E-06  1.20979E-06  
  1.14169E-06  1.07374E-06  1.00680E-06  9.41510E-07  8.78359E-07  8.17693E-07  
  7.59748E-07  7.04673E-07  6.52544E-07  6.03385E-07  5.57174E-07  5.13856E-07  
  4.73354E-07  4.35570E-07  4.00392E-07  3.67703E-07  3.37377E-07  3.09288E-07  
                                                                                
  jn =   2                                                                      
  2.89823E-97  1.89151E-78  1.62438E-63  1.15138E-51  2.89868E-42  8.26940E-35  
  6.72420E-29  3.24529E-24  1.66587E-20  1.44634E-17  3.07155E-15  2.13931E-13  
  6.16938E-12  8.86439E-11  7.34987E-10  3.95085E-09  1.50978E-08  4.41165E-08  
  1.04407E-07  2.09391E-07  3.68687E-07  5.85842E-07  8.58042E-07  1.17712E-06  
  1.53097E-06  1.90487E-06  2.28275E-06  2.64850E-06  2.98724E-06  3.28654E-06  
  3.53736E-06  3.73442E-06  3.87610E-06  3.96390E-06  4.00163E-06  3.99464E-06  
  3.94902E-06  3.87107E-06  3.76684E-06  3.64195E-06  3.50140E-06  3.34955E-06  
  3.19016E-06  3.02638E-06  2.86085E-06  2.69572E-06  2.53276E-06  2.37337E-06  
  2.21864E-06  2.06940E-06  1.92627E-06  1.78968E-06  1.65990E-06  1.53706E-06  
  1.42119E-06  1.31225E-06  1.21011E-06  1.11459E-06  1.02546E-06  9.42470E-07  
                                                                                
  jn =   3                                                                      
  9.10070E-97  5.81498E-78  4.85509E-63  3.33010E-51  8.09683E-42  2.23221E-34  
  1.75882E-28  8.25914E-24  4.14483E-20  3.53524E-17  7.40715E-15  5.10702E-13  
  1.46112E-11  2.08484E-10  1.71652E-09  9.15417E-09  3.46576E-08  1.00174E-07  
  2.34161E-07  4.63307E-07  8.04319E-07  1.26016E-06  1.82119E-06  2.46892E-06  
  3.17974E-06  3.92757E-06  4.68556E-06  5.42729E-06  6.12815E-06  6.76678E-06  
  7.32640E-06  7.79564E-06  8.16873E-06  8.44499E-06  8.62788E-06  8.72385E-06  
  8.74122E-06  8.68921E-06  8.57723E-06  8.41438E-06  8.20919E-06  7.96944E-06  
  7.70210E-06  7.41338E-06  7.10874E-06  6.79296E-06  6.47020E-06  6.14409E-06  
  5.81776E-06  5.49389E-06  5.17478E-06  4.86237E-06  4.55828E-06  4.26383E-06  
  3.98008E-06  3.70785E-06  3.44776E-06  3.20021E-06  2.96544E-06  2.74353E-06  
                                                                                
  jn =   4                                                                      
  2.86530E-96  1.77104E-77  1.42083E-62  9.34567E-51  2.18295E-41  5.80507E-34  
  4.43421E-28  2.02857E-23  9.95923E-20  8.33534E-17  1.71700E-14  1.16499E-12  
  3.28097E-11  4.60807E-10  3.73376E-09  1.95933E-08  7.29901E-08  2.07602E-07  
  4.77603E-07  9.30227E-07  1.59013E-06  2.45402E-06  3.49548E-06  4.67441E-06  
  5.94566E-06  7.26450E-06  8.58907E-06  9.88125E-06  1.11072E-05  1.22382E-05  
  1.32517E-05  1.41317E-05  1.48693E-05  1.54622E-05  1.59131E-05  1.62291E-05  
  1.64200E-05  1.64970E-05  1.64720E-05  1.63568E-05  1.61627E-05  1.59003E-05  
  1.55792E-05  1.52083E-05  1.47957E-05  1.43484E-05  1.38730E-05  1.33754E-05  
  1.28607E-05  1.23338E-05  1.17988E-05  1.12596E-05  1.07197E-05  1.01822E-05  
  9.64991E-06  9.12524E-06  8.61044E-06  8.10745E-06  7.61799E-06  7.14351E-06  
                                                                                
  jn =   5                                                                      
  9.31250E-96  5.55968E-77  4.26476E-62  2.66934E-50  5.92772E-41  1.50078E-33  
  1.09414E-27  4.79124E-23  2.25824E-19  1.81991E-16  3.62059E-14  2.37968E-12  
  6.51164E-11  8.91205E-10  7.05678E-09  3.62856E-08  1.32780E-07  3.71807E-07  
  8.43769E-07  1.62384E-06  2.74656E-06  4.19875E-06  5.92966E-06  7.86806E-06  
  9.93761E-06  1.20662E-05  1.41902E-05  1.62548E-05  1.82142E-05  2.00314E-05  
  2.16781E-05  2.31348E-05  2.43909E-05  2.54436E-05  2.62966E-05  2.69584E-05  
  2.74410E-05  2.77582E-05  2.79247E-05  2.79553E-05  2.78642E-05  2.76648E-05  
  2.73695E-05  2.69898E-05  2.65362E-05  2.60180E-05  2.54440E-05  2.48220E-05  
  2.41591E-05  2.34618E-05  2.27361E-05  2.19873E-05  2.12204E-05  2.04399E-05  
  1.96500E-05  1.88545E-05  1.80570E-05  1.72608E-05  1.64688E-05  1.56838E-05  
                                                                                
  jn =   6                                                                      
  3.10334E-95  1.78446E-76  1.29728E-61  7.61396E-50  1.57771E-40  3.72679E-33  
  2.54333E-27  1.04805E-22  4.67705E-19  3.59086E-16  6.84539E-14  4.33416E-12  
  1.14793E-10  1.52726E-09  1.18021E-08  5.94373E-08  2.13726E-07  5.89854E-07  
  1.32291E-06  2.52220E-06  4.23516E-06  6.43911E-06  9.05739E-06  1.19847E-05  
  1.51091E-05  1.83255E-05  2.15414E-05  2.46784E-05  2.76715E-05  3.04687E-05  
  3.30305E-05  3.53300E-05  3.73518E-05  3.90910E-05  4.05510E-05  4.17423E-05  
  4.26797E-05  4.33806E-05  4.38642E-05  4.41497E-05  4.42560E-05  4.42011E-05  
  4.40017E-05  4.36735E-05  4.32308E-05  4.26864E-05  4.20522E-05  4.13389E-05  
  4.05562E-05  3.97128E-05  3.88169E-05  3.78755E-05  3.68955E-05  3.58827E-05  
  3.48429E-05  3.37811E-05  3.27020E-05  3.16101E-05  3.05094E-05  2.94036E-05  
                                                                                
  jn =   7                                                                      
  1.05716E-94  5.85259E-76  4.02689E-61  2.20701E-49  4.23802E-40  9.25727E-33  
  5.85308E-27  2.24474E-22  9.38046E-19  6.79128E-16  1.22965E-13  7.44641E-12  
  1.89849E-10  2.44546E-09  1.83898E-08  9.05342E-08  3.19520E-07  8.68666E-07  
  1.92551E-06  3.63923E-06  6.07425E-06  9.20199E-06  1.29235E-05  1.71022E-05  
  2.15916E-05  2.62512E-05  3.09540E-05  3.55887E-05  4.00602E-05  4.42896E-05  
  4.82149E-05  5.17911E-05  5.49898E-05  5.77976E-05  6.02136E-05  6.22474E-05  
  6.39157E-05  6.52400E-05  6.62447E-05  6.69554E-05  6.73979E-05  6.75968E-05  
  6.75760E-05  6.73576E-05  6.69622E-05  6.64086E-05  6.57144E-05  6.48955E-05  
  6.39664E-05  6.29403E-05  6.18295E-05  6.06449E-05  5.93966E-05  5.80937E-05  
  5.67445E-05  5.53565E-05  5.39365E-05  5.24905E-05  5.10240E-05  4.95421E-05  
                                                                                
  jn =   8                                                                      
  3.79654E-94  2.04253E-75  1.34555E-60  6.94702E-49  1.23810E-39  2.48421E-32  
  1.43773E-26  5.06211E-22  1.95573E-18  1.32014E-15  2.24689E-13  1.28841E-11  
  3.13090E-10  3.86748E-09  2.80542E-08  1.33986E-07  4.61264E-07  1.22959E-06  
  2.68542E-06  5.02311E-06  8.33101E-06  1.25853E-05  1.76785E-05  2.34564E-05  
  2.97473E-05  3.63784E-05  4.31835E-05  5.00059E-05  5.67023E-05  6.31453E-05  
  6.92275E-05  7.48640E-05  7.99933E-05  8.45768E-05  8.85966E-05  9.20520E-05  
  9.49562E-05  9.73325E-05  9.92112E-05  1.00627E-04  1.01616E-04  1.02217E-04  
  1.02467E-04  1.02399E-04  1.02050E-04  1.01449E-04  1.00626E-04  9.96074E-05  
  9.84171E-05  9.70770E-05  9.56066E-05  9.40233E-05  9.23428E-05  9.05789E-05  
  8.87441E-05  8.68495E-05  8.49050E-05  8.29197E-05  8.09016E-05  7.88580E-05  
                                                                                
  jn =   9                                                                      
  1.43787E-93  7.59943E-75  4.86181E-60  2.39929E-48  4.01554E-39  7.45885E-32  
  3.96374E-26  1.27708E-21  4.51117E-18  2.78706E-15  4.35638E-13  2.30834E-11  
  5.22880E-10  6.08301E-09  4.20043E-08  1.92921E-07  6.44551E-07  1.68077E-06  
  3.61558E-06  6.70057E-06  1.10662E-05  1.67175E-05  2.35642E-05  3.14576E-05  
  4.02156E-05  4.96363E-05  5.95052E-05  6.96010E-05  7.97040E-05  8.96061E-05  
  9.91205E-05  1.08090E-04  1.16391E-04  1.23936E-04  1.30672E-04  1.36574E-04  
  1.41643E-04  1.45899E-04  1.49376E-04  1.52118E-04  1.54173E-04  1.55595E-04  
  1.56436E-04  1.56750E-04  1.56586E-04  1.55994E-04  1.55018E-04  1.53701E-04  
  1.52084E-04  1.50203E-04  1.48092E-04  1.45783E-04  1.43305E-04  1.40684E-04  
  1.37945E-04  1.35110E-04  1.32198E-04  1.29227E-04  1.26212E-04  1.23167E-04  
                                                                                
  jn =  10                                                                      
  5.65564E-93  2.93327E-74  1.83173E-59  8.74649E-48  1.39958E-38  2.45213E-31  
  1.21136E-25  3.57702E-21  1.14589E-17  6.39395E-15  9.05183E-13  4.37982E-11  
  9.16359E-10  9.97185E-09  6.52062E-08  2.86771E-07  9.26328E-07  2.35496E-06  
  4.97474E-06  9.11147E-06  1.49544E-05  2.25570E-05  3.18697E-05  4.27722E-05  
  5.50908E-05  6.86055E-05  8.30522E-05  9.81314E-05  1.13521E-04  1.28896E-04  
  1.43943E-04  1.58384E-04  1.71981E-04  1.84549E-04  1.95953E-04  2.06108E-04  
  2.14974E-04  2.22547E-04  2.28854E-04  2.33945E-04  2.37888E-04  2.40759E-04  
  2.42644E-04  2.43629E-04  2.43802E-04  2.43246E-04  2.42041E-04  2.40263E-04  
  2.37982E-04  2.35261E-04  2.32157E-04  2.28722E-04  2.25004E-04  2.21044E-04  
  2.16879E-04  2.12542E-04  2.08064E-04  2.03472E-04  1.98790E-04  1.94040E-04  
                                                                                
  jn =  11                                                                      
  2.16548E-92  1.10221E-73  6.73211E-59  3.13238E-47  4.85739E-38  8.17407E-31  
  3.83011E-25  1.05762E-20  3.14583E-17  1.62044E-14  2.10849E-12  9.35039E-11  
  1.79349E-09  1.79692E-08  1.09021E-07  4.49252E-07  1.37438E-06  3.34475E-06  
  6.83205E-06  1.22089E-05  1.97024E-05  2.94086E-05  4.13290E-05  5.53962E-05  
  7.14815E-05  8.93920E-05  1.08867E-04  1.29583E-04  1.51167E-04  1.73220E-04  
  1.95336E-04  2.17131E-04  2.38251E-04  2.58394E-04  2.77308E-04  2.94798E-04  
  3.10720E-04  3.24977E-04  3.37516E-04  3.48319E-04  3.57398E-04  3.64791E-04  
  3.70555E-04  3.74764E-04  3.77502E-04  3.78865E-04  3.78953E-04  3.77871E-04  
  3.75726E-04  3.72625E-04  3.68675E-04  3.63977E-04  3.58632E-04  3.52731E-04  
  3.46364E-04  3.39611E-04  3.32546E-04  3.25236E-04  3.17742E-04  3.10114E-04  
                                                                                
  jn =  12                                                                      
  7.31810E-92  3.75621E-73  2.28576E-58  1.05435E-46  1.60661E-37  2.64828E-30  
  1.20690E-24  3.21893E-20  9.12752E-17  4.39913E-14  5.21826E-12  2.05771E-10  
  3.48346E-09  3.09817E-08  1.69708E-07  6.43278E-07  1.84356E-06  4.27096E-06  
  8.41513E-06  1.46572E-05  2.32393E-05  3.42865E-05  4.78420E-05  6.38874E-05  
  8.23431E-05  1.03061E-04  1.25816E-04  1.50310E-04  1.76184E-04  2.03042E-04  
  2.30472E-04  2.58069E-04  2.85458E-04  3.12301E-04  3.38308E-04  3.63238E-04  
  3.86895E-04  4.09127E-04  4.29818E-04  4.48885E-04  4.66269E-04  4.81935E-04  
  4.95862E-04  5.08043E-04  5.18484E-04  5.27199E-04  5.34212E-04  5.39552E-04  
  5.43258E-04  5.45377E-04  5.45961E-04  5.45071E-04  5.42777E-04  5.39156E-04  
  5.34290E-04  5.28269E-04  5.21190E-04  5.13154E-04  5.04263E-04  4.94623E-04  
                                                                                
  jn =  13                                                                      
  2.06911E-91  1.12692E-72  7.03209E-58  3.30497E-46  5.16758E-37  8.32237E-30  
  3.76098E-24  9.79691E-20  2.64308E-16  1.15823E-13  1.18507E-11  3.95032E-10  
  5.72767E-09  4.50229E-08  2.23902E-07  7.92489E-07  2.15886E-06  4.82972E-06  
  9.28508E-06  1.59265E-05  2.49967E-05  3.66347E-05  5.09035E-05  6.78084E-05  
  8.72944E-05  1.09238E-04  1.33436E-04  1.59611E-04  1.87425E-04  2.16496E-04  
  2.46429E-04  2.76833E-04  3.07344E-04  3.37639E-04  3.67438E-04  3.96511E-04  
  4.24673E-04  4.51781E-04  4.77727E-04  5.02434E-04  5.25848E-04  5.47930E-04  
  5.68659E-04  5.88017E-04  6.05996E-04  6.22588E-04  6.37787E-04  6.51587E-04  
  6.63980E-04  6.74958E-04  6.84511E-04  6.92629E-04  6.99301E-04  7.04518E-04  
  7.08271E-04  7.10556E-04  7.11373E-04  7.10726E-04  7.08627E-04  7.05095E-04  
                                                                                
  jn =  14                                                                      
  4.37036E-91  2.62904E-72  1.78111E-57  8.98968E-46  1.49489E-36  2.63105E-29  
  1.14200E-23  2.98690E-19  7.46603E-16  2.86207E-13  2.37360E-11  6.61032E-10  
  8.40384E-09  6.05247E-08  2.81920E-07  9.45950E-07  2.48910E-06  5.41971E-06  
  1.02071E-05  1.71596E-05  2.65377E-05  3.83906E-05  5.28557E-05  6.99266E-05  
  8.97473E-05  1.12117E-04  1.36828E-04  1.63606E-04  1.92117E-04  2.21987E-04  
  2.52828E-04  2.84259E-04  3.15926E-04  3.47513E-04  3.78755E-04  4.09432E-04  
  4.39374E-04  4.68450E-04  4.96570E-04  5.23672E-04  5.49719E-04  5.74693E-04  
  5.98588E-04  6.21410E-04  6.43168E-04  6.63875E-04  6.83546E-04  7.02193E-04  
  7.19826E-04  7.36454E-04  7.52079E-04  7.66702E-04  7.80316E-04  7.92914E-04  
  8.04481E-04  8.15000E-04  8.24449E-04  8.32803E-04  8.40033E-04  8.46110E-04  
                                                                                
  jn =  15                                                                      
  6.39502E-91  4.15249E-72  3.34055E-57  2.05061E-45  3.76812E-36  6.63391E-29  
  3.30512E-23  9.23875E-19  2.23745E-15  7.18334E-13  5.44059E-11  1.28388E-09  
  1.54310E-08  9.94493E-08  4.32977E-07  1.38359E-06  3.47515E-06  7.17500E-06  
  1.29110E-05  2.09177E-05  3.12971E-05  4.38929E-05  5.89662E-05  7.64669E-05  
  9.61690E-05  1.18239E-04  1.42302E-04  1.68422E-04  1.96267E-04  2.25990E-04  
  2.56869E-04  2.88450E-04  3.20352E-04  3.52247E-04  3.83866E-04  4.14989E-04  
  4.45448E-04  4.75120E-04  5.03918E-04  5.31788E-04  5.58701E-04  5.84648E-04  
  6.09634E-04  6.33674E-04  6.56791E-04  6.79011E-04  7.00362E-04  7.20871E-04  
  7.40567E-04  7.59473E-04  7.77613E-04  7.95005E-04  8.11666E-04  8.27608E-04  
  8.42839E-04  8.57365E-04  8.71187E-04  8.84303E-04  8.96706E-04  9.08387E-04  
                                                                                
 Continuum n=7 / n=1 (jt,jn)                                                    
  jn =   1                                                                      
  4.53834E-09  3.01014E-09  2.04672E-09  1.42387E-09  1.01027E-09  7.28413E-10  
  5.31781E-10  3.91805E-10  2.90496E-10  2.16221E-10  1.61250E-10  1.20307E-10  
  8.97023E-11  6.67909E-11  4.96425E-11  3.68254E-11  2.72660E-11  2.01541E-11  
  1.48765E-11  1.09693E-11  8.08228E-12  5.95247E-12  4.38295E-12  3.22710E-12  
  2.37616E-12  1.74972E-12  1.28851E-12  9.48868E-13  6.98701E-13  5.14405E-13  
  3.78621E-13  2.78580E-13  2.04882E-13  1.50603E-13  1.10639E-13  8.12285E-14  
  5.95953E-14  4.36925E-14  3.20098E-14  2.34334E-14  1.71420E-14  1.25303E-14  
  9.15250E-15  6.68035E-15  4.87244E-15  3.55131E-15  2.58662E-15  1.88273E-15  
  1.36951E-15  9.95563E-16  7.23286E-16  5.25166E-16  3.81099E-16  2.76402E-16  
  2.00361E-16  1.45165E-16  1.05123E-16  7.60890E-17  5.50483E-17  3.98079E-17  
                                                                                
  jn =   2                                                                      
  3.80893E-08  2.31848E-08  1.45783E-08  9.44408E-09  6.27717E-09  4.26151E-09  
  2.94231E-09  2.05819E-09  1.45395E-09  1.03453E-09  7.39860E-10  5.30975E-10  
  3.81937E-10  2.75121E-10  1.98345E-10  1.43063E-10  1.03223E-10  7.44984E-11  
  5.37871E-11  3.88531E-11  2.80842E-11  2.03171E-11  1.47125E-11  1.06657E-11  
  7.74118E-12  5.62540E-12  4.09287E-12  2.98134E-12  2.17408E-12  1.58701E-12  
  1.15950E-12  8.47807E-13  6.20298E-13  4.54069E-13  3.32508E-13  2.43548E-13  
  1.78407E-13  1.30689E-13  9.57217E-14  7.00951E-14  5.13136E-14  3.75499E-14  
  2.74656E-14  2.00793E-14  1.46712E-14  1.07134E-14  7.81842E-15  5.70210E-15  
  4.15594E-15  3.02706E-15  2.20338E-15  1.60279E-15  1.16517E-15  8.46513E-16  
  6.14630E-16  4.46003E-16  3.23456E-16  2.34452E-16  1.69848E-16  1.22983E-16  
                                                                                
  jn =   3                                                                      
  3.68063E-07  2.00724E-07  1.13639E-07  6.67179E-08  4.04905E-08  2.52991E-08  
  1.62062E-08  1.06012E-08  7.05605E-09  4.76357E-09  3.25306E-09  2.24208E-09  
  1.55667E-09  1.08710E-09  7.62687E-10  5.37064E-10  3.79317E-10  2.68567E-10  
  1.90554E-10  1.35454E-10  9.64522E-11  6.87916E-11  4.91408E-11  3.51581E-11  
  2.51931E-11  1.80806E-11  1.29961E-11  9.35581E-12  6.74543E-12  4.87063E-12  
  3.52201E-12  2.55038E-12  1.84928E-12  1.34261E-12  9.75914E-13  7.10153E-13  
  5.17283E-13  3.77134E-13  2.75174E-13  2.00917E-13  1.46782E-13  1.07282E-13  
  7.84391E-14  5.73636E-14  4.19559E-14  3.06871E-14  2.24431E-14  1.64109E-14  
  1.19968E-14  8.76693E-15  6.40397E-15  4.67566E-15  3.41196E-15  2.48837E-15  
  1.81368E-15  1.32107E-15  9.61626E-16  6.99513E-16  5.08503E-16  3.69402E-16  
                                                                                
  jn =   4                                                                      
  2.80133E-06  1.38167E-06  7.10035E-07  3.81115E-07  2.13376E-07  1.24178E-07  
  7.47887E-08  4.63963E-08  2.95138E-08  1.91720E-08  1.26714E-08  8.49444E-09  
  5.76028E-09  3.94274E-09  2.71903E-09  1.88651E-09  1.31532E-09  9.20728E-10  
  6.46622E-10  4.55356E-10  3.21405E-10  2.27312E-10  1.61049E-10  1.14285E-10  
  8.12212E-11  5.78042E-11  4.11943E-11  2.93961E-11  2.10043E-11  1.50276E-11  
  1.07655E-11  7.72214E-12  5.54632E-12  3.98874E-12  2.87228E-12  2.07099E-12  
  1.49515E-12  1.08078E-12  7.82209E-13  5.66802E-13  4.11192E-13  2.98635E-13  
  2.17118E-13  1.58008E-13  1.15097E-13  8.39101E-14  6.12198E-14  4.46950E-14  
  3.26493E-14  2.38613E-14  1.74452E-14  1.27578E-14  9.33145E-15  6.82578E-15  
  4.99278E-15  3.65156E-15  2.67006E-15  1.95178E-15  1.42619E-15  1.04166E-15  
                                                                                
  jn =   5                                                                      
  1.49123E-05  6.95085E-06  3.37014E-06  1.71053E-06  9.09919E-07  5.06179E-07  
  2.93243E-07  1.76033E-07  1.08934E-07  6.91550E-08  4.48411E-08  2.95853E-08  
  1.97982E-08  1.34018E-08  9.15643E-09  6.30282E-09  4.36474E-09  3.03731E-09  
  2.12189E-09  1.48711E-09  1.04496E-09  7.35868E-10  5.19145E-10  3.66820E-10  
  2.59541E-10  1.83858E-10  1.30387E-10  9.25607E-11  6.57719E-11  4.67800E-11  
  3.33028E-11  2.37301E-11  1.69247E-11  1.20823E-11  8.63369E-12  6.17549E-12  
  4.42165E-12  3.16919E-12  2.27392E-12  1.63333E-12  1.17451E-12  8.45534E-13  
  6.09400E-13  4.39720E-13  3.17653E-13  2.29738E-13  1.66345E-13  1.20580E-13  
  8.75029E-14  6.35672E-14  4.62265E-14  3.36492E-14  2.45165E-14  1.78778E-14  
  1.30470E-14  9.52834E-15  6.96296E-15  5.09101E-15  3.72397E-15  2.72496E-15  
                                                                                
  jn =   6                                                                      
  6.11544E-05  2.79872E-05  1.32383E-05  6.53647E-06  3.38311E-06  1.83499E-06  
  1.03971E-06  6.12471E-07  3.73113E-07  2.33833E-07  1.50035E-07  9.81460E-08  
  6.52209E-08  4.38969E-08  2.98498E-08  2.04661E-08  1.41256E-08  9.80139E-09  
  6.83005E-09  4.77586E-09  3.34876E-09  2.35338E-09  1.65690E-09  1.16832E-09  
  8.24843E-10  5.82969E-10  4.12401E-10  2.91974E-10  2.06864E-10  1.46661E-10  
  1.04045E-10  7.38561E-11  5.24579E-11  3.72815E-11  2.65117E-11  1.88647E-11  
  1.34320E-11  9.57011E-12  6.82331E-12  4.86842E-12  3.47625E-12  2.48416E-12  
  1.77668E-12  1.27180E-12  9.11219E-13  6.53488E-13  4.69115E-13  3.37101E-13  
  2.42491E-13  1.74620E-13  1.25883E-13  9.08494E-14  6.56391E-14  4.74778E-14  
  3.43800E-14  2.49233E-14  1.80876E-14  1.31408E-14  9.55690E-15  6.95742E-15  
                                                                                
  jn =   7                                                                      
  2.14509E-04  9.85044E-05  4.64311E-05  2.27191E-05  1.16180E-05  6.22251E-06  
  3.48471E-06  2.03213E-06  1.22761E-06  7.64104E-07  4.87576E-07  3.17538E-07  
  2.10263E-07  1.41111E-07  9.57308E-08  6.55107E-08  4.51431E-08  3.12813E-08  
  2.17726E-08  1.52084E-08  1.06535E-08  7.47991E-09  5.26138E-09  3.70638E-09  
  2.61413E-09  1.84559E-09  1.30407E-09  9.22080E-10  6.52367E-10  4.61784E-10  
  3.27027E-10  2.31692E-10  1.64212E-10  1.16429E-10  8.25805E-11  5.85936E-11  
  4.15895E-11  2.95313E-11  2.09774E-11  1.49074E-11  1.05984E-11  7.53847E-12  
  5.36461E-12  3.81962E-12  2.72109E-12  1.93965E-12  1.38349E-12  9.87451E-13  
  7.05280E-13  5.04115E-13  3.60610E-13  2.58168E-13  1.84987E-13  1.32670E-13  
  9.52376E-14  6.84333E-14  4.92225E-14  3.54412E-14  2.55455E-14  1.84328E-14  
                                                                                
  jn =   8                                                                      
  6.88568E-04  3.20134E-04  1.52014E-04  7.45612E-05  3.80764E-05  2.03178E-05  
  1.13247E-05  6.57301E-06  3.95425E-06  2.45284E-06  1.56091E-06  1.01440E-06  
  6.70585E-07  4.49451E-07  3.04593E-07  2.08263E-07  1.43412E-07  9.93171E-08  
  6.90919E-08  4.82391E-08  3.37773E-08  2.37056E-08  1.66677E-08  1.17367E-08  
  8.27423E-09  5.83884E-09  4.12347E-09  2.91390E-09  2.06023E-09  1.45728E-09  
  1.03118E-09  7.29901E-10  5.16792E-10  3.65998E-10  2.59265E-10  1.83698E-10  
  1.30185E-10  9.22805E-11  6.54266E-11  4.63976E-11  3.29107E-11  2.33500E-11  
  1.65710E-11  1.17633E-11  8.35297E-12  5.93321E-12  4.21586E-12  2.99669E-12  
  2.13093E-12  1.51593E-12  1.07892E-12  7.68260E-13  5.47336E-13  3.90158E-13  
  2.78282E-13  1.98611E-13  1.41844E-13  1.01374E-13  7.25046E-14  5.18974E-14  
                                                                                
  jn =   9                                                                      
  2.09003E-03  9.88632E-04  4.75907E-04  2.35707E-04  1.21046E-04  6.47299E-05  
  3.60826E-05  2.09273E-05  1.25782E-05  7.79580E-06  4.95744E-06  3.21977E-06  
  2.12738E-06  1.42523E-06  9.65530E-07  6.59970E-07  4.54345E-07  3.14575E-07  
  2.18797E-07  1.52734E-07  1.06927E-07  7.50309E-08  5.27464E-08  3.71351E-08  
  2.61749E-08  1.84669E-08  1.30386E-08  9.21148E-09  6.51092E-09  4.60393E-09  
  3.25655E-09  2.30412E-09  1.63062E-09  1.15421E-09  8.17132E-10  5.78584E-10  
  4.09733E-10  2.90197E-10  2.05561E-10  1.45628E-10  1.03182E-10  7.31168E-11  
  5.18192E-11  3.67304E-11  2.60392E-11  1.84628E-11  1.30931E-11  9.28687E-12  
  6.58843E-12  4.67507E-12  3.31814E-12  2.35565E-12  1.67280E-12  1.18824E-12  
  8.44306E-13  6.00129E-13  4.26726E-13  3.03547E-13  2.16016E-13  1.53796E-13  
                                                                                
  jn =  10                                                                      
  6.00266E-03  2.92271E-03  1.43630E-03  7.22476E-04  3.75174E-04  2.02136E-04  
  1.13229E-04  6.58762E-05  3.96714E-05  2.46167E-05  1.56653E-05  1.01788E-05  
  6.72725E-06  4.50770E-06  3.05410E-06  2.08771E-06  1.43730E-06  9.95156E-07  
  6.92158E-07  4.83160E-07  3.38243E-07  2.37337E-07  1.66839E-07  1.17453E-07  
  8.27815E-08  5.83993E-08  4.12291E-08  2.91244E-08  2.05834E-08  1.45527E-08  
  1.02921E-08  7.28066E-09  5.15144E-09  3.64552E-09  2.58019E-09  1.82640E-09  
  1.29296E-09  9.15406E-10  6.48155E-10  4.58963E-10  3.25019E-10  2.30182E-10  
  1.63029E-10  1.15476E-10  8.17991E-11  5.79485E-11  4.10556E-11  2.90900E-11  
  2.06137E-11  1.46088E-11  1.03544E-11  7.33982E-12  5.20363E-12  3.68969E-12  
  2.61663E-12  1.85596E-12  1.31667E-12  9.34268E-13  6.63071E-13  4.70706E-13  
                                                                                
  jn =  11                                                                      
  1.54278E-02  8.02353E-03  4.11680E-03  2.13260E-03  1.13043E-03  6.17973E-04  
  3.49732E-04  2.04931E-04  1.24014E-04  7.72140E-05  4.92546E-05  3.20590E-05  
  2.12141E-05  1.42273E-05  9.64538E-06  6.59625E-06  4.54262E-06  3.14588E-06  
  2.18837E-06  1.52773E-06  1.06957E-06  7.50520E-07  5.27595E-07  3.71420E-07  
  2.61777E-07  1.84670E-07  1.30370E-07  9.20903E-08  6.50807E-08  4.60100E-08  
  3.25374E-08  2.30153E-08  1.62830E-08  1.15218E-08  8.15383E-09  5.77097E-09  
  4.08483E-09  2.89155E-09  2.04699E-09  1.44919E-09  1.02602E-09  7.26447E-10  
  5.14367E-10  3.64216E-10  2.57908E-10  1.82636E-10  1.29338E-10  9.15985E-11  
  6.48737E-11  4.59485E-11  3.25459E-11  2.30541E-11  1.63315E-11  1.15700E-11  
  8.19732E-12  5.80826E-12  4.11584E-12  2.91684E-12  2.06734E-12  1.46542E-12  
                                                                                
  jn =  12                                                                      
  3.43523E-02  1.96712E-02  1.08978E-02  5.94724E-03  3.27056E-03  1.83358E-03  
  1.05645E-03  6.27027E-04  3.82988E-04  2.40073E-04  1.53892E-04  1.00518E-04  
  6.66805E-05  4.47987E-05  3.04095E-05  2.08150E-05  1.43437E-05  9.93788E-06  
  6.91526E-06  4.82872E-06  3.38115E-06  2.37280E-06  1.66813E-06  1.17440E-06  
  8.27740E-07  5.83935E-07  4.12238E-07  2.91193E-07  2.05785E-07  1.45481E-07  
  1.02878E-07  7.27686E-08  5.14808E-08  3.64260E-08  2.57769E-08  1.82428E-08  
  1.29118E-08  9.13924E-09  6.46929E-09  4.57956E-09  3.24195E-09  2.29511E-09  
  1.62486E-09  1.15037E-09  8.14462E-10  5.76654E-10  4.08291E-10  2.89091E-10  
  2.04697E-10  1.44943E-10  1.02635E-10  7.26787E-11  5.14673E-11  3.64476E-11  
  2.58121E-11  1.82807E-11  1.29473E-11  9.17036E-12  6.49551E-12  4.60112E-12  
                                                                                
  jn =  13                                                                      
  5.95956E-02  3.92222E-02  2.51921E-02  1.50975E-02  8.82183E-03  5.18962E-03  
  3.08346E-03  1.87114E-03  1.16150E-03  7.36703E-04  4.76273E-04  3.12978E-04  
  2.08527E-04  1.40539E-04  9.56158E-05  6.55556E-05  4.52279E-05  3.13620E-05  
  2.18363E-05  1.52542E-05  1.06844E-05  7.49964E-06  5.27321E-06  3.71284E-06  
  2.61707E-06  1.84632E-06  1.30348E-06  9.20758E-07  6.50703E-07  4.60019E-07  
  3.25307E-07  2.30097E-07  1.62782E-07  1.15177E-07  8.15034E-08  5.76802E-08  
  4.08235E-08  2.88948E-08  2.04527E-08  1.44777E-08  1.02485E-08  7.25497E-09  
  5.13594E-09  3.63590E-09  2.57402E-09  1.82230E-09  1.29013E-09  9.13381E-10  
  6.46662E-10  4.57834E-10  3.24149E-10  2.29503E-10  1.62494E-10  1.15052E-10  
  8.14627E-11  5.76808E-11  4.08425E-11  2.89203E-11  2.04788E-11  1.45016E-11  
                                                                                
  jn =  14                                                                      
  7.62765E-02  5.86716E-02  4.69288E-02  3.27522E-02  2.12800E-02  1.34549E-02  
  8.50465E-03  5.35980E-03  3.42147E-03  2.21333E-03  1.45113E-03  9.63232E-04  
  6.46542E-04  4.38134E-04  2.99283E-04  2.05791E-04  1.42278E-04  9.88073E-05  
  6.88703E-05  4.81476E-05  3.37422E-05  2.36936E-05  1.66642E-05  1.17355E-05  
  8.27312E-06  5.83717E-06  4.12125E-06  2.91133E-06  2.05751E-06  1.45460E-06  
  1.02865E-06  7.27592E-07  5.14737E-07  3.64204E-07  2.57723E-07  1.82390E-07  
  1.29087E-07  9.13665E-08  6.46714E-08  4.57777E-08  3.24047E-08  2.29390E-08  
  1.62386E-08  1.14955E-08  8.13797E-09  5.76114E-09  4.07854E-09  2.88738E-09  
  2.04413E-09  1.44715E-09  1.02453E-09  7.25333E-10  5.13515E-10  3.63557E-10  
  2.57392E-10  1.82230E-10  1.29018E-10  9.13449E-11  6.46730E-11  4.57895E-11  
                                                                                
  jn =  15                                                                      
  9.09691E-02  7.67473E-02  6.36517E-02  5.11853E-02  4.11867E-02  3.07875E-02  
  2.12218E-02  1.42949E-02  9.59511E-03  6.42585E-03  4.30972E-03  2.90858E-03  
  1.97643E-03  1.35172E-03  9.29659E-04  6.42453E-04  4.45792E-04  3.10405E-04  
  2.16767E-04  1.51749E-04  1.06450E-04  7.48000E-05  5.26341E-05  3.70795E-05  
  2.61462E-05  1.84509E-05  1.30286E-05  9.20446E-06  6.50543E-06  4.59935E-06  
  3.25262E-06  2.30071E-06  1.62767E-06  1.15167E-06  8.14966E-07  5.76752E-07  
  4.08196E-07  2.88917E-07  2.04502E-07  1.44756E-07  1.02468E-07  7.25359E-08  
  5.13480E-08  3.63497E-08  2.57326E-08  1.82167E-08  1.28962E-08  9.12965E-09  
  6.46323E-09  4.57560E-09  3.23927E-09  2.29324E-09  1.62350E-09  1.14936E-09  
  8.13697E-10  5.76064E-10  4.07830E-10  2.88729E-10  2.04410E-10  1.44716E-10  
                                                                                
 Neutral n=8 / n=1 (jt,jn)                                                      
  jn =   1                                                                      
  3.98615E-98  3.20791E-79  3.25006E-64  2.62526E-52  7.33035E-43  2.27032E-35  
  1.97040E-29  1.00118E-24  5.35033E-21  4.79187E-18  1.04191E-15  7.38571E-14  
  2.15802E-12  3.13208E-11  2.61883E-10  1.41897E-09  5.46873E-09  1.61352E-08  
  3.86114E-08  7.83969E-08  1.39866E-07  2.25232E-07  3.34159E-07  4.63878E-07  
  6.09603E-07  7.65063E-07  9.23141E-07  1.07656E-06  1.21860E-06  1.34368E-06  
  1.44780E-06  1.52873E-06  1.58586E-06  1.61998E-06  1.63289E-06  1.62704E-06  
  1.60514E-06  1.56996E-06  1.52417E-06  1.47016E-06  1.41007E-06  1.34573E-06  
  1.27872E-06  1.21031E-06  1.14159E-06  1.07340E-06  1.00645E-06  9.41257E-07  
  8.78242E-07  8.17705E-07  7.59858E-07  7.04839E-07  6.52724E-07  6.03540E-07  
  5.57273E-07  5.13876E-07  4.73279E-07  4.35391E-07  4.00107E-07  3.67314E-07  
                                                                                
  jn =   2                                                                      
  1.21678E-97  9.51767E-79  9.32048E-64  7.25171E-52  1.94760E-42  5.80436E-35  
  4.85663E-29  2.38614E-24  1.23760E-20  1.08018E-17  2.29850E-15  1.60101E-13  
  4.61358E-12  6.62413E-11  5.49210E-10  2.95554E-09  1.13239E-08  3.32309E-08  
  7.91144E-08  1.59861E-07  2.83985E-07  4.55774E-07  6.74799E-07  9.36349E-07  
  1.23224E-06  1.55168E-06  1.88213E-06  2.21038E-06  2.52359E-06  2.81047E-06  
  3.06210E-06  3.27248E-06  3.43858E-06  3.56005E-06  3.63863E-06  3.67755E-06  
  3.68094E-06  3.65329E-06  3.59915E-06  3.52287E-06  3.42845E-06  3.31952E-06  
  3.19927E-06  3.07052E-06  2.93572E-06  2.79698E-06  2.65613E-06  2.51471E-06  
  2.37406E-06  2.23529E-06  2.09933E-06  1.96697E-06  1.83881E-06  1.71537E-06  
  1.59701E-06  1.48401E-06  1.37656E-06  1.27474E-06  1.17859E-06  1.08809E-06  
                                                                                
  jn =   3                                                                      
  3.57572E-97  2.66454E-78  2.47868E-63  1.83359E-51  4.69937E-42  1.34387E-34  
  1.08595E-28  5.18808E-24  2.63392E-20  2.26381E-17  4.76751E-15  3.29905E-13  
  9.46729E-12  1.35507E-10  1.11979E-09  5.99943E-09  2.28445E-08  6.64906E-08  
  1.56695E-07  3.12913E-07  5.48788E-07  8.69256E-07  1.27074E-06  1.74308E-06  
  2.27175E-06  2.83942E-06  3.42712E-06  4.01523E-06  4.58465E-06  5.11803E-06  
  5.60104E-06  6.02316E-06  6.37801E-06  6.66310E-06  6.87922E-06  7.02965E-06  
  7.11929E-06  7.15393E-06  7.13974E-06  7.08283E-06  6.98899E-06  6.86362E-06  
  6.71160E-06  6.53734E-06  6.34476E-06  6.13735E-06  5.91822E-06  5.69012E-06  
  5.45552E-06  5.21658E-06  4.97527E-06  4.73331E-06  4.49224E-06  4.25344E-06  
  4.01813E-06  3.78736E-06  3.56207E-06  3.34306E-06  3.13103E-06  2.92653E-06  
                                                                                
  jn =   4                                                                      
  1.05173E-96  7.42822E-78  6.54677E-63  4.60612E-51  1.12997E-41  3.11587E-34  
  2.44559E-28  1.14210E-23  5.69677E-20  4.82792E-17  1.00473E-14  6.87706E-13  
  1.95223E-11  2.76279E-10  2.25567E-09  1.19299E-08  4.48084E-08  1.28554E-07  
  2.98455E-07  5.86880E-07  1.01323E-06  1.57981E-06  2.27391E-06  3.07309E-06  
  3.95023E-06  4.87688E-06  5.82499E-06  6.76770E-06  7.68007E-06  8.54000E-06  
  9.32923E-06  1.00341E-05  1.06459E-05  1.11607E-05  1.15787E-05  1.19030E-05  
  1.21393E-05  1.22943E-05  1.23754E-05  1.23903E-05  1.23462E-05  1.22501E-05  
  1.21083E-05  1.19266E-05  1.17104E-05  1.14643E-05  1.11926E-05  1.08993E-05  
  1.05878E-05  1.02611E-05  9.92228E-06  9.57380E-06  9.21805E-06  8.85717E-06  
  8.49315E-06  8.12778E-06  7.76271E-06  7.39947E-06  7.03944E-06  6.68390E-06  
                                                                                
  jn =   5                                                                      
  3.28376E-96  2.21511E-77  1.85336E-62  1.23635E-50  2.88101E-41  7.57178E-34  
  5.68597E-28  2.54998E-23  1.22562E-19  1.00400E-16  2.02548E-14  1.34765E-12  
  3.72848E-11  5.15521E-10  4.12172E-09  2.13934E-08  7.90105E-08  2.23278E-07  
  5.11354E-07  9.93140E-07  1.69520E-06  2.61521E-06  3.72688E-06  4.98967E-06  
  6.35784E-06  7.78633E-06  9.23354E-06  1.06622E-05  1.20398E-05  1.33386E-05  
  1.45365E-05  1.56175E-05  1.65716E-05  1.73941E-05  1.80856E-05  1.86502E-05  
  1.90944E-05  1.94266E-05  1.96560E-05  1.97917E-05  1.98430E-05  1.98184E-05  
  1.97259E-05  1.95730E-05  1.93664E-05  1.91122E-05  1.88161E-05  1.84831E-05  
  1.81177E-05  1.77242E-05  1.73064E-05  1.68675E-05  1.64109E-05  1.59395E-05  
  1.54557E-05  1.49622E-05  1.44611E-05  1.39544E-05  1.34443E-05  1.29324E-05  
                                                                                
  jn =   6                                                                      
  1.07727E-95  6.96386E-77  5.50314E-62  3.43590E-50  7.46634E-41  1.83144E-33  
  1.28871E-27  5.44662E-23  2.48277E-19  1.94094E-16  3.75835E-14  2.41253E-12  
  6.46899E-11  8.70426E-10  6.79734E-09  3.45748E-08  1.25516E-07  3.49610E-07  
  7.91135E-07  1.52152E-06  2.57657E-06  3.94978E-06  5.60044E-06  7.46808E-06  
  9.48562E-06  1.15878E-05  1.37153E-05  1.58158E-05  1.78444E-05  1.97638E-05  
  2.15447E-05  2.31658E-05  2.46137E-05  2.58824E-05  2.69718E-05  2.78869E-05  
  2.86359E-05  2.92293E-05  2.96788E-05  2.99964E-05  3.01940E-05  3.02831E-05  
  3.02744E-05  3.01780E-05  3.00029E-05  2.97575E-05  2.94495E-05  2.90856E-05  
  2.86722E-05  2.82149E-05  2.77189E-05  2.71887E-05  2.66286E-05  2.60426E-05  
  2.54341E-05  2.48064E-05  2.41625E-05  2.35052E-05  2.28370E-05  2.21603E-05  
                                                                                
  jn =   7                                                                      
  3.65027E-95  2.26738E-76  1.69323E-61  9.86156E-50  1.98472E-40  4.50109E-33  
  2.93487E-27  1.15492E-22  4.93288E-19  3.63903E-16  6.69759E-14  4.11481E-12  
  1.06273E-10  1.38511E-09  1.05298E-08  5.23684E-08  1.86608E-07  5.11983E-07  
  1.14483E-06  2.18192E-06  3.67108E-06  5.60403E-06  7.92795E-06  1.05643E-05  
  1.34254E-05  1.64242E-05  1.94801E-05  2.25202E-05  2.54803E-05  2.83061E-05  
  3.09536E-05  3.33898E-05  3.55927E-05  3.75503E-05  3.92596E-05  4.07245E-05  
  4.19541E-05  4.29611E-05  4.37602E-05  4.43674E-05  4.47985E-05  4.50693E-05  
  4.51948E-05  4.51889E-05  4.50648E-05  4.48346E-05  4.45094E-05  4.40995E-05  
  4.36141E-05  4.30619E-05  4.24505E-05  4.17872E-05  4.10783E-05  4.03298E-05  
  3.95470E-05  3.87347E-05  3.78974E-05  3.70389E-05  3.61628E-05  3.52724E-05  
                                                                                
  jn =   8                                                                      
  1.30794E-94  7.89031E-76  5.63834E-61  3.09203E-49  5.77359E-40  1.20252E-32  
  7.17690E-27  2.59313E-22  1.02423E-18  7.04701E-16  1.21962E-13  7.09764E-12  
  1.74774E-10  2.18501E-09  1.60258E-08  7.73279E-08  2.68785E-07  7.23032E-07  
  1.59272E-06  3.00352E-06  5.01985E-06  7.63841E-06  1.08029E-05  1.44253E-05  
  1.84032E-05  2.26305E-05  2.70020E-05  3.14168E-05  3.57805E-05  4.00081E-05  
  4.40267E-05  4.77777E-05  5.12175E-05  5.43180E-05  5.70643E-05  5.94534E-05  
  6.14916E-05  6.31921E-05  6.45728E-05  6.56549E-05  6.64609E-05  6.70143E-05  
  6.73381E-05  6.74547E-05  6.73853E-05  6.71497E-05  6.67665E-05  6.62524E-05  
  6.56229E-05  6.48920E-05  6.40721E-05  6.31745E-05  6.22093E-05  6.11855E-05  
  6.01111E-05  5.89934E-05  5.78388E-05  5.66533E-05  5.54420E-05  5.42099E-05  
                                                                                
  jn =   9                                                                      
  4.94523E-94  2.93062E-75  2.03367E-60  1.06592E-48  1.86896E-39  3.60346E-32  
  1.97471E-26  6.52937E-22  2.35824E-18  1.48531E-15  2.36128E-13  1.27010E-11  
  2.91598E-10  3.43398E-09  2.39787E-08  1.11277E-07  3.75380E-07  9.87754E-07  
  2.14291E-06  4.00314E-06  6.66088E-06  1.01328E-05  1.43754E-05  1.93060E-05  
  2.48172E-05  3.07861E-05  3.70782E-05  4.35527E-05  5.00678E-05  5.64876E-05  
  6.26888E-05  6.85667E-05  7.40383E-05  7.90433E-05  8.35435E-05  8.75200E-05  
  9.09702E-05  9.39043E-05  9.63416E-05  9.83083E-05  9.98343E-05  1.00952E-04  
  1.01694E-04  1.02093E-04  1.02181E-04  1.01989E-04  1.01544E-04  1.00875E-04  
  1.00006E-04  9.89601E-05  9.77603E-05  9.64264E-05  9.49769E-05  9.34290E-05  
  9.17985E-05  9.00994E-05  8.83446E-05  8.65456E-05  8.47126E-05  8.28546E-05  
                                                                                
  jn =  10                                                                      
  1.94741E-93  1.13059E-74  7.65356E-60  3.88127E-48  6.50684E-39  1.18343E-31  
  6.02922E-26  1.82730E-21  5.98589E-18  3.40561E-15  4.90445E-13  2.40943E-11  
  5.11038E-10  5.63041E-09  3.72365E-08  1.65481E-07  5.39732E-07  1.38455E-06  
  2.94948E-06  5.44457E-06  9.00125E-06  1.36690E-05  1.94323E-05  2.62284E-05  
  3.39574E-05  4.24867E-05  5.16529E-05  6.12671E-05  7.11242E-05  8.10145E-05  
  9.07363E-05  1.00107E-04  1.08971E-04  1.17205E-04  1.24719E-04  1.31453E-04  
  1.37377E-04  1.42484E-04  1.46790E-04  1.50321E-04  1.53118E-04  1.55228E-04  
  1.56703E-04  1.57597E-04  1.57964E-04  1.57856E-04  1.57324E-04  1.56416E-04  
  1.55175E-04  1.53642E-04  1.51854E-04  1.49843E-04  1.47641E-04  1.45273E-04  
  1.42763E-04  1.40135E-04  1.37405E-04  1.34594E-04  1.31716E-04  1.28786E-04  
                                                                                
  jn =  11                                                                      
  7.64142E-93  4.33818E-74  2.86091E-59  1.40818E-47  2.27974E-38  3.97064E-31  
  1.91425E-25  5.41101E-21  1.64460E-17  8.63638E-15  1.14316E-12  5.14769E-11  
  1.00108E-09  1.01563E-08  6.23275E-08  2.59549E-07  8.01749E-07  1.96871E-06  
  4.05482E-06  7.30188E-06  1.18675E-05  1.78301E-05  2.52076E-05  3.39720E-05  
  4.40532E-05  5.53373E-05  6.76644E-05  8.08324E-05  9.46057E-05  1.08729E-04  
  1.22944E-04  1.37001E-04  1.50671E-04  1.63758E-04  1.76096E-04  1.87556E-04  
  1.98040E-04  2.07482E-04  2.15843E-04  2.23106E-04  2.29276E-04  2.34372E-04  
  2.38426E-04  2.41483E-04  2.43593E-04  2.44815E-04  2.45211E-04  2.44845E-04  
  2.43785E-04  2.42098E-04  2.39851E-04  2.37110E-04  2.33937E-04  2.30392E-04  
  2.26532E-04  2.22408E-04  2.18070E-04  2.13559E-04  2.08916E-04  2.04173E-04  
                                                                                
  jn =  12                                                                      
  2.69776E-92  1.55750E-73  1.02285E-58  4.97864E-47  7.86907E-38  1.33612E-30  
  6.23410E-25  1.69448E-20  4.88272E-17  2.38719E-14  2.86878E-12  1.14377E-10  
  1.95732E-09  1.75863E-08  9.73602E-08  3.72769E-07  1.07836E-06  2.52001E-06  
  5.00536E-06  8.78338E-06  1.40223E-05  2.08190E-05  2.92179E-05  3.92219E-05  
  5.07920E-05  6.38431E-05  7.82385E-05  9.37930E-05  1.10281E-04  1.27451E-04  
  1.45039E-04  1.62788E-04  1.80454E-04  1.97819E-04  2.14695E-04  2.30924E-04  
  2.46376E-04  2.60951E-04  2.74569E-04  2.87173E-04  2.98722E-04  3.09187E-04  
  3.18552E-04  3.26808E-04  3.33954E-04  3.39996E-04  3.44945E-04  3.48818E-04  
  3.51635E-04  3.53423E-04  3.54214E-04  3.54045E-04  3.52957E-04  3.50998E-04  
  3.48221E-04  3.44682E-04  3.40441E-04  3.35562E-04  3.30113E-04  3.24160E-04  
                                                                                
  jn =  13                                                                      
  8.15818E-92  5.13372E-73  3.47426E-58  1.73288E-46  2.85340E-37  4.66500E-30  
  2.15696E-24  5.66673E-20  1.53666E-16  6.76396E-14  6.94329E-12  2.32049E-10  
  3.37320E-09  2.65922E-08  1.32528E-07  4.70467E-07  1.28540E-06  2.88559E-06  
  5.56941E-06  9.60509E-06  1.51601E-05  2.23394E-05  3.11991E-05  4.17563E-05  
  5.39870E-05  6.78213E-05  8.31368E-05  9.97615E-05  1.17482E-04  1.36059E-04  
  1.55238E-04  1.74770E-04  1.94423E-04  2.13987E-04  2.33281E-04  2.52156E-04  
  2.70490E-04  2.88188E-04  3.05179E-04  3.21409E-04  3.36839E-04  3.51443E-04  
  3.65201E-04  3.78100E-04  3.90131E-04  4.01285E-04  4.11556E-04  4.20936E-04  
  4.29418E-04  4.36993E-04  4.43651E-04  4.49384E-04  4.54182E-04  4.58036E-04  
  4.60938E-04  4.62884E-04  4.63869E-04  4.63896E-04  4.62969E-04  4.61099E-04  
                                                                                
  jn =  14                                                                      
  1.83545E-91  1.31750E-72  9.91371E-58  5.42307E-46  9.67764E-37  1.80642E-29  
  7.91266E-24  2.11638E-19  5.29691E-16  2.03674E-13  1.66623E-11  4.59225E-10  
  5.77233E-09  4.10038E-08  1.88107E-07  6.22167E-07  1.61583E-06  3.48019E-06  
  6.49835E-06  1.08471E-05  1.66795E-05  2.40297E-05  3.29898E-05  4.35856E-05  
  5.59997E-05  7.00902E-05  8.57229E-05  1.02724E-04  1.20880E-04  1.39956E-04  
  1.59702E-04  1.79876E-04  2.00251E-04  2.20625E-04  2.40824E-04  2.60708E-04  
  2.80164E-04  2.99107E-04  3.17476E-04  3.35228E-04  3.52337E-04  3.68789E-04  
  3.84576E-04  3.99698E-04  4.14161E-04  4.27969E-04  4.41128E-04  4.53644E-04  
  4.65522E-04  4.76764E-04  4.87370E-04  4.97338E-04  5.06662E-04  5.15334E-04  
  5.23343E-04  5.30677E-04  5.37318E-04  5.43249E-04  5.48450E-04  5.52900E-04  
                                                                                
  jn =  15                                                                      
  2.74998E-91  2.17847E-72  2.05259E-57  1.42964E-45  2.87337E-36  5.31245E-29  
  2.79340E-23  8.19007E-19  2.04417E-15  6.56227E-13  5.04364E-11  1.17189E-09  
  1.40448E-08  8.80018E-08  3.73895E-07  1.16573E-06  2.83687E-06  5.66275E-06  
  9.86460E-06  1.55002E-05  2.25492E-05  3.08132E-05  4.04447E-05  5.14597E-05  
  6.37179E-05  7.73114E-05  9.21050E-05  1.08147E-04  1.25339E-04  1.44014E-04  
  1.63586E-04  1.83713E-04  2.04125E-04  2.24603E-04  2.44963E-04  2.65062E-04  
  2.84786E-04  3.04054E-04  3.22805E-04  3.41003E-04  3.58624E-04  3.75661E-04  
  3.92113E-04  4.07988E-04  4.23296E-04  4.38052E-04  4.52272E-04  4.65971E-04  
  4.79164E-04  4.91866E-04  5.04088E-04  5.15841E-04  5.27133E-04  5.37972E-04  
  5.48360E-04  5.58300E-04  5.67791E-04  5.76830E-04  5.85411E-04  5.93527E-04  
                                                                                
 Continuum n=8 / n=1 (jt,jn)                                                    
  jn =   1                                                                      
  9.41854E-09  6.20551E-09  4.17845E-09  2.86954E-09  2.00366E-09  1.41776E-09  
  1.01337E-09  7.29667E-10  5.28039E-10  3.83344E-10  2.78787E-10  2.02889E-10  
  1.47648E-10  1.07391E-10  7.80517E-11  5.66806E-11  4.11298E-11  2.98280E-11  
  2.16241E-11  1.56754E-11  1.13653E-11  8.24386E-12  5.98359E-12  4.34655E-12  
  3.16028E-12  2.30002E-12  1.67558E-12  1.22184E-12  8.91762E-13  6.51379E-13  
  4.76124E-13  3.48222E-13  2.54793E-13  1.86492E-13  1.36526E-13  9.99553E-14  
  7.31777E-14  5.35661E-14  3.92011E-14  2.86791E-14  2.09731E-14  1.53305E-14  
  1.12003E-14  8.17831E-15  5.96816E-15  4.35263E-15  3.17242E-15  2.31075E-15  
  1.68204E-15  1.22361E-15  8.89561E-16  6.46306E-16  4.69285E-16  3.40546E-16  
  2.46982E-16  1.79024E-16  1.29694E-16  9.39073E-17  6.79607E-17  4.91590E-17  
                                                                                
  jn =   2                                                                      
  8.44680E-08  5.00774E-08  3.05667E-08  1.91772E-08  1.23291E-08  8.09430E-09  
  5.40805E-09  3.66564E-09  2.51365E-09  1.73970E-09  1.21283E-09  8.50306E-10  
  5.98742E-10  4.23010E-10  2.99623E-10  2.12651E-10  1.51168E-10  1.07607E-10  
  7.66916E-11  5.47213E-11  3.90898E-11  2.79563E-11  2.00183E-11  1.43526E-11  
  1.03041E-11  7.40775E-12  5.33295E-12  3.84468E-12  2.77563E-12  2.00661E-12  
  1.45260E-12  1.05291E-12  7.64130E-13  5.55192E-13  4.03813E-13  2.93993E-13  
  2.14225E-13  1.56218E-13  1.13992E-13  8.32238E-14  6.07859E-14  4.44110E-14  
  3.24536E-14  2.37177E-14  1.73330E-14  1.26656E-14  9.25313E-15  6.75812E-15  
  4.93407E-15  3.60079E-15  2.62650E-15  1.91480E-15  1.39515E-15  1.01591E-15  
  7.39286E-16  5.37640E-16  3.90740E-16  2.83792E-16  2.05983E-16  1.49412E-16  
                                                                                
  jn =   3                                                                      
  6.26903E-07  3.34711E-07  1.85581E-07  1.06816E-07  6.36457E-08  3.91058E-08  
  2.46733E-08  1.59202E-08  1.04660E-08  6.98686E-09  4.72302E-09  3.22517E-09  
  2.22034E-09  1.53856E-09  1.07170E-09  7.49638E-10  5.26131E-10  3.70282E-10  
  2.61195E-10  1.84604E-10  1.30692E-10  9.26645E-11  6.57936E-11  4.67761E-11  
  3.32978E-11  2.37327E-11  1.69361E-11  1.21008E-11  8.65678E-12  6.20069E-12  
  4.44703E-12  3.19339E-12  2.29608E-12  1.65301E-12  1.19155E-12  8.60003E-13  
  6.21476E-13  4.49651E-13  3.25716E-13  2.36208E-13  1.71483E-13  1.24622E-13  
  9.06527E-14  6.60011E-14  4.80915E-14  3.50666E-14  2.55852E-14  1.86772E-14  
  1.36400E-14  9.96461E-15  7.28116E-15  5.32098E-15  3.88858E-15  2.84156E-15  
  2.07610E-15  1.51645E-15  1.10729E-15  8.08193E-16  5.89603E-16  4.29902E-16  
                                                                                
  jn =   4                                                                      
  3.36228E-06  1.67792E-06  8.73189E-07  4.74673E-07  2.69011E-07  1.58317E-07  
  9.62975E-08  6.02469E-08  3.85937E-08  2.52114E-08  1.67357E-08  1.12554E-08  
  7.65017E-09  5.24419E-09  3.61960E-09  2.51208E-09  1.75117E-09  1.22510E-09  
  8.59563E-10  6.04524E-10  4.25995E-10  3.00688E-10  2.12542E-10  1.50423E-10  
  1.06578E-10  7.55908E-11  5.36646E-11  3.81337E-11  2.71220E-11  1.93074E-11  
  1.37568E-11  9.81082E-12  7.00323E-12  5.00387E-12  3.57882E-12  2.56218E-12  
  1.83624E-12  1.31738E-12  9.46161E-13  6.80299E-13  4.89693E-13  3.52893E-13  
  2.54601E-13  1.83897E-13  1.32980E-13  9.62692E-14  6.97700E-14  5.06195E-14  
  3.67636E-14  2.67270E-14  1.94486E-14  1.41648E-14  1.03248E-14  7.53136E-15  
  5.49728E-15  4.01484E-15  2.93356E-15  2.14431E-15  1.56785E-15  1.14657E-15  
                                                                                
  jn =   5                                                                      
  1.41215E-05  6.82746E-06  3.43682E-06  1.80954E-06  9.96288E-07  5.71779E-07  
  3.40466E-07  2.09264E-07  1.32105E-07  8.52645E-08  5.60426E-08  3.73852E-08  
  2.52399E-08  1.72057E-08  1.18203E-08  8.17137E-09  5.67716E-09  3.96012E-09  
  2.77132E-09  1.94444E-09  1.36715E-09  9.62918E-10  6.79171E-10  4.79606E-10  
  3.39022E-10  2.39856E-10  1.69828E-10  1.20329E-10  8.53120E-11  6.05226E-11  
  4.29618E-11  3.05142E-11  2.16858E-11  1.54210E-11  1.09727E-11  7.81262E-12  
  5.56631E-12  3.96864E-12  2.83161E-12  2.02189E-12  1.44487E-12  1.03340E-12  
  7.39754E-13  5.30035E-13  3.80131E-13  2.72892E-13  1.96105E-13  1.41072E-13  
  1.01591E-13  7.32389E-14  5.28575E-14  3.81903E-14  2.76236E-14  2.00027E-14  
  1.45001E-14  1.05225E-14  7.64400E-15  5.55853E-15  4.04592E-15  2.94763E-15  
                                                                                
  jn =   6                                                                      
  5.10346E-05  2.44715E-05  1.21600E-05  6.30706E-06  3.42100E-06  1.93679E-06  
  1.13980E-06  6.93740E-07  4.34457E-07  2.78604E-07  1.82170E-07  1.21014E-07  
  8.14232E-08  5.53519E-08  3.79407E-08  2.61789E-08  1.81592E-08  1.26497E-08  
  8.84173E-09  6.19685E-09  4.35261E-09  3.06260E-09  2.15798E-09  1.52232E-09  
  1.07492E-09  7.59611E-10  5.37147E-10  3.80051E-10  2.69034E-10  1.90531E-10  
  1.34990E-10  9.56759E-11  6.78367E-11  4.81153E-11  3.41398E-11  2.42325E-11  
  1.72069E-11  1.22230E-11  8.68636E-12  6.17574E-12  4.39282E-12  3.12618E-12  
  2.22595E-12  1.58585E-12  1.13050E-12  8.06406E-13  5.75614E-13  4.11168E-13  
  2.93924E-13  2.10279E-13  1.50563E-13  1.07900E-13  7.73957E-14  5.55680E-14  
  3.99354E-14  2.87297E-14  2.06896E-14  1.49154E-14  1.07643E-14  7.77700E-15  
                                                                                
  jn =   7                                                                      
  1.68792E-04  8.13194E-05  4.03995E-05  2.08712E-05  1.12541E-05  6.33150E-06  
  3.70462E-06  2.24377E-06  1.39954E-06  8.94591E-07  5.83439E-07  3.86781E-07  
  2.59818E-07  1.76393E-07  1.20779E-07  8.32644E-08  5.77151E-08  4.01796E-08  
  2.80690E-08  1.96630E-08  1.38049E-08  9.70917E-09  6.83829E-09  4.82178E-09  
  3.40304E-09  2.40353E-09  1.69863E-09  1.20106E-09  8.49603E-10  6.01205E-10  
  4.25563E-10  3.01318E-10  2.13400E-10  1.51169E-10  1.07110E-10  7.59085E-11  
  5.38077E-11  3.81500E-11  2.70547E-11  1.91909E-11  1.36162E-11  9.66342E-12  
  6.86010E-12  4.87149E-12  3.46046E-12  2.45900E-12  1.74802E-12  1.24311E-12  
  8.84425E-13  6.29526E-13  4.48314E-13  3.19434E-13  2.27733E-13  1.62455E-13  
  1.15963E-13  8.28327E-14  5.92103E-14  4.23567E-14  3.03246E-14  2.17287E-14  
                                                                                
  jn =   8                                                                      
  5.28860E-04  2.57630E-04  1.28910E-04  6.68297E-05  3.60635E-05  2.02717E-05  
  1.18421E-05  7.15987E-06  4.45884E-06  2.84638E-06  1.85444E-06  1.22836E-06  
  8.24615E-07  5.59555E-07  3.82978E-07  2.63932E-07  1.82894E-07  1.27294E-07  
  8.89066E-08  6.22687E-08  4.37090E-08  3.07355E-08  2.16433E-08  1.52580E-08  
  1.07663E-08  7.60233E-09  5.37135E-09  3.79686E-09  2.68494E-09  1.89925E-09  
  1.34383E-09  9.51050E-10  6.73202E-10  4.76608E-10  3.37475E-10  2.38992E-10  
  1.69271E-10  1.19904E-10  8.49461E-11  6.01876E-11  4.26508E-11  3.02278E-11  
  2.14264E-11  1.51900E-11  1.07705E-11  7.63826E-12  5.41793E-12  3.84381E-12  
  2.72764E-12  1.93605E-12  1.37455E-12  9.76166E-13  6.93459E-13  4.92788E-13  
  3.50310E-13  2.49122E-13  1.77234E-13  1.26146E-13  8.98269E-14  6.39966E-14  
                                                                                
  jn =   9                                                                      
  1.59101E-03  7.87632E-04  3.99125E-04  2.08823E-04  1.13356E-04  6.39313E-05  
  3.74104E-05  2.26384E-05  1.41049E-05  9.00655E-06  5.86872E-06  3.88767E-06  
  2.60988E-06  1.77095E-06  1.21205E-06  8.35258E-07  5.78767E-07  4.02799E-07  
  2.81313E-07  1.97016E-07  1.38285E-07  9.72335E-08  6.84650E-08  4.82624E-08  
  3.40517E-08  2.40424E-08  1.69850E-08  1.20048E-08  8.48793E-09  6.00315E-09  
  4.24680E-09  3.00490E-09  2.12652E-09  1.50512E-09  1.06542E-09  7.54250E-10  
  5.34011E-10  3.78112E-10  2.67747E-10  1.89610E-10  1.34285E-10  9.51106E-11  
  6.73692E-11  4.77230E-11  3.38089E-11  2.39536E-11  1.69727E-11  1.20275E-11  
  8.52404E-12  6.04181E-12  4.28295E-12  3.03654E-12  2.15317E-12  1.52703E-12  
  1.08317E-12  7.68464E-13  5.45308E-13  3.87042E-13  2.74776E-13  1.95126E-13  
                                                                                
  jn =  10                                                                      
  4.55524E-03  2.31985E-03  1.19931E-03  6.36928E-04  3.49561E-04  1.98686E-04  
  1.16897E-04  7.10052E-05  4.43547E-05  2.83728E-05  1.85105E-05  1.22725E-05  
  8.24371E-06  5.59612E-06  3.83113E-06  2.64066E-06  1.83002E-06  1.27373E-06  
  8.89622E-07  6.23061E-07  4.37332E-07  3.07506E-07  2.16523E-07  1.52629E-07  
  1.07685E-07  7.60292E-08  5.37095E-08  3.79592E-08  2.68374E-08  1.89796E-08  
  1.34257E-08  9.49875E-09  6.72143E-09  4.75676E-09  3.36670E-09  2.38306E-09  
  1.68693E-09  1.19422E-09  8.45465E-10  5.98589E-10  4.23820E-10  3.00090E-10  
  2.12491E-10  1.50469E-10  1.06555E-10  7.54603E-11  5.34421E-11  3.78503E-11  
  2.68088E-11  1.89894E-11  1.34515E-11  9.52922E-12  6.75112E-12  4.78331E-12  
  3.38936E-12  2.40185E-12  1.70223E-12  1.20653E-12  8.55277E-13  6.06362E-13  
                                                                                
  jn =  11                                                                      
  1.16958E-02  6.36085E-03  3.43233E-03  1.87665E-03  1.05108E-03  6.06103E-04  
  3.60301E-04  2.20476E-04  1.38445E-04  8.88920E-05  5.81493E-05  3.86275E-05  
  2.59828E-05  1.76555E-05  1.20955E-05  8.34118E-06  5.78259E-06  4.02581E-06  
  2.81226E-06  1.96985E-06  1.38276E-06  9.72330E-07  6.84664E-07  4.82635E-07  
  3.40518E-07  2.40417E-07  1.69837E-07  1.20031E-07  8.48605E-08  6.00125E-08  
  4.24499E-08  3.00324E-08  2.12504E-08  1.50381E-08  1.06430E-08  7.53294E-09  
  5.33205E-09  3.77438E-09  2.67188E-09  1.89149E-09  1.33908E-09  9.48028E-10  
  6.71193E-10  4.75208E-10  3.36458E-10  2.38226E-10  1.68677E-10  1.19436E-10  
  8.45715E-11  5.98860E-11  4.24071E-11  3.00306E-11  2.12669E-11  1.50613E-11  
  1.06668E-11  7.55484E-12  5.35102E-12  3.79026E-12  2.68489E-12  1.90200E-12  
                                                                                
  jn =  12                                                                      
  2.60247E-02  1.55861E-02  9.08010E-03  5.23030E-03  3.03872E-03  1.79683E-03  
  1.08744E-03  6.74069E-04  4.27275E-04  2.76228E-04  1.81598E-04  1.21067E-04  
  8.16453E-05  5.55806E-05  3.81275E-05  2.63177E-05  1.82570E-05  1.27165E-05  
  8.88616E-06  6.22577E-06  4.37101E-06  3.07395E-06  2.16469E-06  1.52602E-06  
  1.07671E-06  7.60209E-07  5.37039E-07  3.79549E-07  2.68337E-07  1.89765E-07  
  1.34229E-07  9.49627E-08  6.71927E-08  4.75488E-08  3.36510E-08  2.38170E-08  
  1.68578E-08  1.19327E-08  8.44676E-09  5.97939E-09  4.23287E-09  2.99656E-09  
  2.12139E-09  1.50185E-09  1.06325E-09  7.52757E-10  5.32940E-10  3.77319E-10  
  2.67144E-10  1.89141E-10  1.33917E-10  9.48179E-11  6.71355E-11  4.75359E-11  
  3.36588E-11  2.38333E-11  1.68764E-11  1.19504E-11  8.46252E-12  5.99276E-12  
                                                                                
  jn =  13                                                                      
  4.50927E-02  3.10487E-02  2.09743E-02  1.32713E-02  8.19434E-03  5.08405E-03  
  3.17282E-03  2.01090E-03  1.29531E-03  8.47281E-04  5.61788E-04  3.76840E-04  
  2.55269E-04  1.74337E-04  1.19872E-04  8.28801E-05  5.75644E-05  4.01293E-05  
  2.80590E-05  1.96671E-05  1.38121E-05  9.71562E-06  6.84283E-06  4.82444E-06  
  3.40422E-06  2.40367E-06  1.69810E-06  1.20015E-06  8.48507E-07  6.00058E-07  
  4.24449E-07  3.00284E-07  2.12471E-07  1.50354E-07  1.06407E-07  7.53103E-08  
  5.33045E-08  3.77305E-08  2.67078E-08  1.89058E-08  1.33833E-08  9.47415E-09  
  6.70693E-09  4.74803E-09  3.36131E-09  2.37962E-09  1.68466E-09  1.19267E-09  
  8.44363E-10  5.97782E-10  4.23214E-10  2.99627E-10  2.12131E-10  1.50187E-10  
  1.06332E-10  7.52837E-11  5.33017E-11  3.77387E-11  2.67201E-11  1.89188E-11  
                                                                                
  jn =  14                                                                      
  5.74079E-02  4.62628E-02  3.89592E-02  2.87469E-02  1.97499E-02  1.31766E-02  
  8.74865E-03  5.75853E-03  3.81393E-03  2.54425E-03  1.71100E-03  1.15950E-03  
  7.91365E-04  5.43463E-04  3.75189E-04  2.60169E-04  1.81082E-04  1.26427E-04  
  8.84953E-05  6.20757E-05  4.36195E-05  3.06944E-05  2.16244E-05  1.52490E-05  
  1.07615E-05  7.59926E-06  5.36894E-06  3.79474E-06  2.68298E-06  1.89743E-06  
  1.34216E-06  9.49545E-07  6.71870E-07  4.75447E-07  3.36478E-07  2.38145E-07  
  1.68558E-07  1.19310E-07  8.44536E-08  5.97823E-08  4.23192E-08  2.99578E-08  
  2.12075E-08  1.50132E-08  1.06282E-08  7.52407E-09  5.32657E-09  3.77090E-09  
  2.66959E-09  1.88993E-09  1.33798E-09  9.47230E-10  6.70599E-10  4.74757E-10  
  3.36111E-10  2.37955E-10  1.68465E-10  1.19269E-10  8.44395E-11  5.97816E-11  
                                                                                
  jn =  15                                                                      
  6.70761E-02  5.95804E-02  5.22869E-02  4.45966E-02  3.79765E-02  3.00747E-02  
  2.18069E-02  1.53476E-02  1.06881E-02  7.38300E-03  5.08020E-03  3.50082E-03  
  2.41901E-03  1.67664E-03  1.16542E-03  8.12205E-04  5.67373E-04  3.97171E-04  
  2.78536E-04  1.95646E-04  1.37610E-04  9.69010E-05  6.83008E-05  4.81807E-05  
  3.40103E-05  2.40207E-05  1.69730E-05  1.19975E-05  8.48302E-06  5.99953E-06  
  4.24394E-06  3.00255E-06  2.12455E-06  1.50345E-06  1.06401E-06  7.53063E-07  
  5.33016E-07  3.77283E-07  2.67061E-07  1.89045E-07  1.33822E-07  9.47325E-08  
  6.70620E-08  4.74743E-08  3.36082E-08  2.37922E-08  1.68433E-08  1.19239E-08  
  8.44143E-09  5.97604E-09  4.23070E-09  2.99510E-09  2.12037E-09  1.50112E-09  
  1.06271E-09  7.52350E-10  5.32628E-10  3.77077E-10  2.66954E-10  1.88992E-10  
                                                                                
 Neutral n=9 / n=1 (jt,jn)                                                      
  jn =   1                                                                      
  2.27145E-98  2.05986E-79  2.27410E-64  1.95124E-52  5.67825E-43  1.80749E-35  
  1.59621E-29  8.19479E-25  4.40369E-21  3.95360E-18  8.60113E-16  6.09464E-14  
  1.77965E-12  2.58195E-11  2.15941E-10  1.17137E-09  4.52426E-09  1.33921E-08  
  3.21864E-08  6.57021E-08  1.17954E-07  1.91292E-07  2.86010E-07  4.00350E-07  
  5.30757E-07  6.72250E-07  8.18902E-07  9.64401E-07  1.10265E-06  1.22835E-06  
  1.33741E-06  1.42715E-06  1.49636E-06  1.54505E-06  1.57423E-06  1.58557E-06  
  1.58109E-06  1.56299E-06  1.53344E-06  1.49450E-06  1.44803E-06  1.39571E-06  
  1.33902E-06  1.27922E-06  1.21740E-06  1.15451E-06  1.09134E-06  1.02853E-06  
  9.66652E-07  9.06145E-07  8.47377E-07  7.90633E-07  7.36134E-07  6.84040E-07  
  6.34460E-07  5.87459E-07  5.43063E-07  5.01267E-07  4.62036E-07  4.25316E-07  
                                                                                
  jn =   2                                                                      
  6.44415E-98  5.56227E-79  5.83643E-64  4.76518E-52  1.32343E-42  4.03699E-35  
  3.43255E-29  1.70518E-24  8.91113E-21  7.81810E-18  1.66968E-15  1.16623E-13  
  3.36872E-12  4.84847E-11  4.03102E-10  2.17656E-09  8.37348E-09  2.46932E-08  
  5.91244E-08  1.20240E-07  2.15116E-07  3.47870E-07  5.19149E-07  7.26307E-07  
  9.63867E-07  1.22408E-06  1.49756E-06  1.77401E-06  2.04314E-06  2.29556E-06  
  2.52352E-06  2.72145E-06  2.88604E-06  3.01612E-06  3.11225E-06  3.17626E-06  
  3.21080E-06  3.21894E-06  3.20388E-06  3.16877E-06  3.11655E-06  3.04992E-06  
  2.97133E-06  2.88296E-06  2.78672E-06  2.68432E-06  2.57727E-06  2.46689E-06  
  2.35435E-06  2.24070E-06  2.12683E-06  2.01357E-06  1.90160E-06  1.79156E-06  
  1.68396E-06  1.57927E-06  1.47788E-06  1.38010E-06  1.28618E-06  1.19632E-06  
                                                                                
  jn =   3                                                                      
  1.74610E-97  1.41606E-78  1.39973E-63  1.08233E-51  2.86643E-42  8.40098E-35  
  6.91588E-29  3.35096E-24  1.71970E-20  1.49049E-17  3.15993E-15  2.19886E-13  
  6.34156E-12  9.12040E-11  7.57407E-10  4.07939E-09  1.56233E-08  4.57603E-08  
  1.08581E-07  2.18424E-07  3.86036E-07  6.16362E-07  9.08398E-07  1.25629E-06  
  1.65068E-06  2.07974E-06  2.52996E-06  2.98692E-06  3.43615E-06  3.86422E-06  
  4.25965E-06  4.61370E-06  4.92064E-06  5.17765E-06  5.38447E-06  5.54274E-06  
  5.65544E-06  5.72633E-06  5.75952E-06  5.75918E-06  5.72931E-06  5.67366E-06  
  5.59563E-06  5.49833E-06  5.38451E-06  5.25664E-06  5.11693E-06  4.96734E-06  
  4.80964E-06  4.64541E-06  4.47606E-06  4.30290E-06  4.12710E-06  3.94972E-06  
  3.77173E-06  3.59403E-06  3.41742E-06  3.24265E-06  3.07040E-06  2.90128E-06  
                                                                                
  jn =   4                                                                      
  4.85722E-97  3.70411E-78  3.45390E-63  2.53577E-51  6.42858E-42  1.81894E-34  
  1.45713E-28  6.91718E-24  3.49646E-20  2.99595E-17  6.29327E-15  4.34303E-13  
  1.24214E-11  1.77040E-10  1.45552E-09  7.75182E-09  2.93220E-08  8.47330E-08  
  1.98174E-07  3.92623E-07  6.83025E-07  1.07313E-06  1.55646E-06  2.11945E-06  
  2.74470E-06  3.41316E-06  4.10535E-06  4.80203E-06  5.48483E-06  6.13707E-06  
  6.74458E-06  7.29644E-06  7.78528E-06  8.20719E-06  8.56136E-06  8.84933E-06  
  9.07441E-06  9.24093E-06  9.35381E-06  9.41811E-06  9.43880E-06  9.42057E-06  
  9.36781E-06  9.28449E-06  9.17424E-06  9.04032E-06  8.88566E-06  8.71291E-06  
  8.52445E-06  8.32241E-06  8.10875E-06  7.88523E-06  7.65345E-06  7.41488E-06  
  7.17086E-06  6.92264E-06  6.67136E-06  6.41806E-06  6.16374E-06  5.90929E-06  
                                                                                
  jn =   5                                                                      
  1.47523E-96  1.06955E-77  9.44108E-63  6.56291E-51  1.58001E-41  4.26338E-34  
  3.27152E-28  1.49378E-23  7.28924E-20  6.04903E-17  1.23418E-14  8.29448E-13  
  2.31586E-11  3.22943E-10  2.60299E-09  1.36166E-08  5.06741E-08  1.44278E-07  
  3.32873E-07  6.51206E-07  1.11951E-06  1.73921E-06  2.49552E-06  3.36342E-06  
  4.31345E-06  5.31564E-06  6.34149E-06  7.36474E-06  8.36176E-06  9.31204E-06  
  1.01987E-05  1.10091E-05  1.17347E-05  1.23713E-05  1.29180E-05  1.33769E-05  
  1.37519E-05  1.40483E-05  1.42721E-05  1.44295E-05  1.45266E-05  1.45692E-05  
  1.45629E-05  1.45125E-05  1.44229E-05  1.42980E-05  1.41418E-05  1.39578E-05  
  1.37490E-05  1.35182E-05  1.32681E-05  1.30010E-05  1.27190E-05  1.24241E-05  
  1.21180E-05  1.18025E-05  1.14789E-05  1.11488E-05  1.08133E-05  1.04737E-05  
                                                                                
  jn =   6                                                                      
  4.78851E-96  3.31988E-77  2.76363E-62  1.79638E-50  4.03139E-41  1.01533E-33  
  7.30368E-28  3.14493E-23  1.45665E-19  1.15462E-16  2.26312E-14  1.46859E-12  
  3.97696E-11  5.40019E-10  4.25339E-09  2.18117E-08  7.98023E-08  2.23956E-07  
  5.10475E-07  9.88630E-07  1.68547E-06  2.60051E-06  3.71024E-06  4.97700E-06  
  6.35751E-06  7.80853E-06  9.28966E-06  1.07645E-05  1.22010E-05  1.35721E-05  
  1.48558E-05  1.60356E-05  1.71008E-05  1.80457E-05  1.88691E-05  1.95734E-05  
  2.01636E-05  2.06462E-05  2.10289E-05  2.13196E-05  2.15263E-05  2.16567E-05  
  2.17179E-05  2.17169E-05  2.16598E-05  2.15522E-05  2.13995E-05  2.12062E-05  
  2.09766E-05  2.07146E-05  2.04237E-05  2.01070E-05  1.97676E-05  1.94079E-05  
  1.90305E-05  1.86376E-05  1.82312E-05  1.78132E-05  1.73854E-05  1.69493E-05  
                                                                                
  jn =   7                                                                      
  1.61606E-95  1.07582E-76  8.45772E-62  5.12573E-50  1.06500E-40  2.47951E-33  
  1.65279E-27  6.62756E-23  2.87713E-19  2.15284E-16  4.01233E-14  2.49293E-12  
  6.50457E-11  8.55785E-10  6.56309E-09  3.29116E-08  1.18199E-07  3.26726E-07  
  7.35801E-07  1.41188E-06  2.39081E-06  3.67196E-06  5.22468E-06  7.00002E-06  
  8.94134E-06  1.09912E-05  1.30950E-05  1.52025E-05  1.72686E-05  1.92546E-05  
  2.11283E-05  2.28654E-05  2.44487E-05  2.58686E-05  2.71214E-05  2.82087E-05  
  2.91357E-05  2.99104E-05  3.05423E-05  3.10417E-05  3.14192E-05  3.16853E-05  
  3.18500E-05  3.19228E-05  3.19124E-05  3.18272E-05  3.16745E-05  3.14614E-05  
  3.11941E-05  3.08786E-05  3.05202E-05  3.01236E-05  2.96934E-05  2.92335E-05  
  2.87478E-05  2.82394E-05  2.77115E-05  2.71667E-05  2.66075E-05  2.60361E-05  
                                                                                
  jn =   8                                                                      
  5.77750E-95  3.73521E-76  2.80966E-61  1.60310E-49  3.08991E-40  6.60615E-33  
  4.03051E-27  1.48402E-22  5.95830E-19  4.15883E-16  7.29000E-14  4.29128E-12  
  1.06774E-10  1.34770E-09  9.97272E-09  4.85230E-08  1.69991E-07  4.60684E-07  
  1.02196E-06  1.94000E-06  3.26263E-06  4.99361E-06  7.10100E-06  9.53035E-06  
  1.22159E-05  1.50877E-05  1.80751E-05  2.11092E-05  2.41247E-05  2.70619E-05  
  2.98693E-05  3.25046E-05  3.49362E-05  3.71429E-05  3.91128E-05  4.08424E-05  
  4.23346E-05  4.35974E-05  4.46419E-05  4.54820E-05  4.61325E-05  4.66087E-05  
  4.69260E-05  4.70994E-05  4.71431E-05  4.70704E-05  4.68939E-05  4.66249E-05  
  4.62739E-05  4.58504E-05  4.53629E-05  4.48191E-05  4.42260E-05  4.35897E-05  
  4.29159E-05  4.22093E-05  4.14747E-05  4.07160E-05  3.99369E-05  3.91409E-05  
                                                                                
  jn =   9                                                                      
  2.17955E-94  1.38470E-75  1.01172E-60  5.51809E-49  9.98829E-40  1.97696E-32  
  1.10757E-26  3.73218E-22  1.37034E-18  8.75687E-16  1.41018E-13  7.67365E-12  
  1.78042E-10  2.11710E-09  1.49165E-08  6.98050E-08  2.37341E-07  6.29165E-07  
  1.37449E-06  2.58445E-06  4.32655E-06  6.61900E-06  9.43965E-06  1.27385E-05  
  1.64475E-05  2.04861E-05  2.47649E-05  2.91883E-05  3.36594E-05  3.80845E-05  
  4.23779E-05  4.64660E-05  5.02901E-05  5.38067E-05  5.69877E-05  5.98181E-05  
  6.22943E-05  6.44216E-05  6.62119E-05  6.76816E-05  6.88501E-05  6.97385E-05  
  7.03686E-05  7.07619E-05  7.09397E-05  7.09221E-05  7.07286E-05  7.03773E-05  
  6.98852E-05  6.92683E-05  6.85414E-05  6.77184E-05  6.68119E-05  6.58337E-05  
  6.47947E-05  6.37045E-05  6.25721E-05  6.14055E-05  6.02118E-05  5.89972E-05  
                                                                                
  jn =  10                                                                      
  8.60135E-94  5.34042E-75  3.80353E-60  2.00724E-48  3.47451E-39  6.48826E-32  
  3.37992E-26  1.04409E-21  3.47748E-18  2.00762E-15  2.92909E-13  1.45597E-11  
  3.12127E-10  3.47278E-09  2.31765E-08  1.03871E-07  3.41470E-07  8.82445E-07  
  1.89284E-06  3.51655E-06  5.84840E-06  8.93001E-06  1.27592E-05  1.73007E-05  
  2.24927E-05  2.82494E-05  3.44627E-05  4.10059E-05  4.77399E-05  5.45216E-05  
  6.12123E-05  6.76860E-05  7.38344E-05  7.95706E-05  8.48304E-05  8.95708E-05  
  9.37683E-05  9.74163E-05  1.00522E-04  1.03102E-04  1.05182E-04  1.06792E-04  
  1.07968E-04  1.08743E-04  1.09154E-04  1.09236E-04  1.09024E-04  1.08548E-04  
  1.07839E-04  1.06923E-04  1.05827E-04  1.04572E-04  1.03179E-04  1.01666E-04  
  1.00050E-04  9.83459E-05  9.65671E-05  9.47258E-05  9.28332E-05  9.08995E-05  
                                                                                
  jn =  11                                                                      
  3.50479E-93  2.11712E-74  1.46086E-59  7.44108E-48  1.23729E-38  2.20244E-31  
  1.08154E-25  3.10315E-21  9.57520E-18  5.10011E-15  6.83833E-13  3.11561E-11  
  6.12422E-10  6.27472E-09  3.88592E-08  1.63193E-07  5.08079E-07  1.25674E-06  
  2.60602E-06  4.72243E-06  7.71974E-06  1.16600E-05  1.65644E-05  2.24220E-05  
  2.91916E-05  3.68011E-05  4.51457E-05  5.40905E-05  6.34771E-05  7.31326E-05  
  8.28801E-05  9.25490E-05  1.01982E-04  1.11043E-04  1.19617E-04  1.27612E-04  
  1.34959E-04  1.41610E-04  1.47534E-04  1.52719E-04  1.57164E-04  1.60878E-04  
  1.63883E-04  1.66205E-04  1.67877E-04  1.68937E-04  1.69427E-04  1.69388E-04  
  1.68867E-04  1.67908E-04  1.66555E-04  1.64854E-04  1.62847E-04  1.60575E-04  
  1.58077E-04  1.55388E-04  1.52541E-04  1.49567E-04  1.46492E-04  1.43340E-04  
                                                                                
  jn =  12                                                                      
  1.31675E-92  8.18841E-74  5.63571E-59  2.83390E-47  4.56660E-38  7.87990E-31  
  3.72014E-25  1.01948E-20  2.95684E-17  1.45434E-14  1.75816E-12  7.04220E-11  
  1.21169E-09  1.09488E-08  6.10678E-08  2.35578E-07  6.86425E-07  1.61507E-06  
  3.22839E-06  5.69873E-06  9.14743E-06  1.36492E-05  1.92428E-05  2.59380E-05  
  3.37147E-05  4.25202E-05  5.22657E-05  6.28285E-05  7.40573E-05  8.57821E-05  
  9.78245E-05  1.10008E-04  1.22167E-04  1.34151E-04  1.45830E-04  1.57094E-04  
  1.67853E-04  1.78035E-04  1.87585E-04  1.96458E-04  2.04626E-04  2.12065E-04  
  2.18761E-04  2.24707E-04  2.29897E-04  2.34335E-04  2.38024E-04  2.40974E-04  
  2.43197E-04  2.44710E-04  2.45531E-04  2.45684E-04  2.45198E-04  2.44102E-04  
  2.42431E-04  2.40224E-04  2.37521E-04  2.34366E-04  2.30804E-04  2.26881E-04  
                                                                                
  jn =  13                                                                      
  4.33230E-92  3.02553E-73  2.16508E-58  1.12748E-46  1.93574E-37  3.17813E-30  
  1.49292E-24  3.91226E-20  1.05551E-16  4.62017E-14  4.71027E-12  1.56265E-10  
  2.25611E-09  1.76851E-08  8.76329E-08  3.09763E-07  8.43566E-07  1.88965E-06  
  3.64471E-06  6.30015E-06  9.97591E-06  1.47510E-05  2.06714E-05  2.77555E-05  
  3.59930E-05  4.53410E-05  5.57202E-05  6.70170E-05  7.90885E-05  9.17725E-05  
  1.04898E-04  1.18296E-04  1.31808E-04  1.45289E-04  1.58617E-04  1.71687E-04  
  1.84416E-04  1.96736E-04  2.08598E-04  2.19962E-04  2.30799E-04  2.41090E-04  
  2.50819E-04  2.59974E-04  2.68548E-04  2.76532E-04  2.83919E-04  2.90702E-04  
  2.96874E-04  3.02427E-04  3.07353E-04  3.11643E-04  3.15288E-04  3.18281E-04  
  3.20614E-04  3.22282E-04  3.23280E-04  3.23609E-04  3.23270E-04  3.22269E-04  
                                                                                
  jn =  14                                                                      
  1.04571E-91  8.55282E-73  6.96764E-58  4.06158E-46  7.68533E-37  1.50762E-29  
  6.67041E-24  1.81748E-19  4.55452E-16  1.75087E-13  1.40999E-11  3.83114E-10  
  4.73624E-09  3.29158E-08  1.47464E-07  4.76604E-07  1.20905E-06  2.54941E-06  
  4.67365E-06  7.67731E-06  1.16357E-05  1.65705E-05  2.25324E-05  2.95680E-05  
  3.78946E-05  4.73988E-05  5.79829E-05  6.95266E-05  8.18859E-05  9.48998E-05  
  1.08400E-04  1.22222E-04  1.36210E-04  1.50228E-04  1.64156E-04  1.77898E-04  
  1.91376E-04  2.04531E-04  2.17320E-04  2.29712E-04  2.41687E-04  2.53234E-04  
  2.64346E-04  2.75023E-04  2.85264E-04  2.95072E-04  3.04450E-04  3.13399E-04  
  3.21922E-04  3.30018E-04  3.37685E-04  3.44921E-04  3.51720E-04  3.58075E-04  
  3.63978E-04  3.69416E-04  3.74379E-04  3.78852E-04  3.82820E-04  3.86265E-04  
                                                                                
  jn =  15                                                                      
  1.61747E-91  1.48332E-72  1.57140E-57  1.20219E-45  2.59908E-36  4.98914E-29  
  2.73237E-23  8.30108E-19  2.12752E-15  6.84746E-13  5.32283E-11  1.22814E-09  
  1.46926E-08  9.03439E-08  3.76935E-07  1.15178E-06  2.72289E-06  5.26247E-06  
  8.86221E-06  1.34500E-05  1.89028E-05  2.49717E-05  3.17112E-05  3.91902E-05  
  4.73265E-05  5.61317E-05  6.56634E-05  7.59297E-05  8.70093E-05  9.93895E-05  
  1.12537E-04  1.26158E-04  1.40042E-04  1.54023E-04  1.67970E-04  1.81779E-04  
  1.95369E-04  2.08682E-04  2.21674E-04  2.34318E-04  2.46596E-04  2.58501E-04  
  2.70030E-04  2.81187E-04  2.91977E-04  3.02408E-04  3.12490E-04  3.22232E-04  
  3.31642E-04  3.40728E-04  3.49498E-04  3.57958E-04  3.66111E-04  3.73962E-04  
  3.81511E-04  3.88760E-04  3.95705E-04  4.02344E-04  4.08672E-04  4.14682E-04  
                                                                                
 Continuum n=9 / n=1 (jt,jn)                                                    
  jn =   1                                                                      
  1.91406E-08  1.23224E-08  8.08475E-09  5.39950E-09  3.66267E-09  2.51713E-09  
  1.74827E-09  1.22445E-09  8.63110E-10  6.11341E-10  4.34535E-10  3.09630E-10  
  2.21002E-10  1.57920E-10  1.12927E-10  8.07935E-11  5.78262E-11  4.14036E-11  
  2.96580E-11  2.12560E-11  1.52446E-11  1.09422E-11  7.86151E-12  5.65421E-12  
  4.07140E-12  2.93531E-12  2.11895E-12  1.53162E-12  1.10851E-12  8.03302E-13  
  5.82830E-13  4.23351E-13  3.07836E-13  2.24056E-13  1.63217E-13  1.18988E-13  
  8.67988E-14  6.33503E-14  4.62548E-14  3.37820E-14  2.46767E-14  1.80265E-14  
  1.31679E-14  9.61735E-15  7.02251E-15  5.12615E-15  3.74043E-15  2.72806E-15  
  1.98868E-15  1.44890E-15  1.05501E-15  7.67730E-16  5.58325E-16  4.05776E-16  
  2.94717E-16  2.13917E-16  1.55171E-16  1.12487E-16  8.14947E-17  5.90064E-17  
                                                                                
  jn =   2                                                                      
  1.43890E-07  8.32563E-08  4.96307E-08  3.04470E-08  1.91696E-08  1.23453E-08  
  8.10445E-09  5.40607E-09  3.65366E-09  2.49566E-09  1.71925E-09  1.19244E-09  
  8.31506E-10  5.82278E-10  4.09118E-10  2.88218E-10  2.03482E-10  1.43914E-10  
  1.01937E-10  7.23008E-11  5.13435E-11  3.65034E-11  2.59822E-11  1.85144E-11  
  1.32083E-11  9.43386E-12  6.74611E-12  4.83002E-12  3.46247E-12  2.48526E-12  
  1.78614E-12  1.28533E-12  9.26136E-13  6.68170E-13  4.82664E-13  3.49088E-13  
  2.52780E-13  1.83251E-13  1.32990E-13  9.66135E-14  7.02533E-14  5.11294E-14  
  3.72403E-14  2.71426E-14  1.97945E-14  1.44426E-14  1.05417E-14  7.69658E-15  
  5.62026E-15  4.10434E-15  2.99720E-15  2.18843E-15  1.59754E-15  1.16584E-15  
  8.50470E-16  6.20130E-16  4.51942E-16  3.29181E-16  2.39620E-16  1.74312E-16  
                                                                                
  jn =   3                                                                      
  7.99402E-07  4.28311E-07  2.38403E-07  1.37756E-07  8.23779E-08  5.07722E-08  
  3.21126E-08  2.07571E-08  1.36609E-08  9.12443E-09  6.16801E-09  4.21013E-09  
  2.89623E-09  2.00486E-09  1.39479E-09  9.74266E-10  6.82725E-10  4.79677E-10  
  3.37739E-10  2.38224E-10  1.68284E-10  1.19032E-10  8.42929E-11  5.97550E-11  
  4.24019E-11  3.01166E-11  2.14105E-11  1.52350E-11  1.08507E-11  7.73524E-12  
  5.51954E-12  3.94235E-12  2.81865E-12  2.01732E-12  1.44532E-12  1.03663E-12  
  7.44333E-13  5.35054E-13  3.85057E-13  2.77430E-13  2.00118E-13  1.44517E-13  
  1.04485E-13  7.56265E-14  5.47993E-14  3.97503E-14  2.88636E-14  2.09789E-14  
  1.52620E-14  1.11123E-14  8.09719E-15  5.90422E-15  4.30775E-15  3.14456E-15  
  2.29641E-15  1.67754E-15  1.22572E-15  8.95694E-16  6.54536E-16  4.78268E-16  
                                                                                
  jn =   4                                                                      
  3.47275E-06  1.78229E-06  9.53112E-07  5.31465E-07  3.08188E-07  1.85061E-07  
  1.14522E-07  7.26944E-08  4.71281E-08  3.10879E-08  2.07989E-08  1.40753E-08  
  9.61355E-09  6.61497E-09  4.57882E-09  3.18455E-09  2.22331E-09  1.55699E-09  
  1.09306E-09  7.68910E-10  5.41777E-10  3.82257E-10  2.70015E-10  1.90917E-10  
  1.35106E-10  9.56826E-11  6.78103E-11  4.80887E-11  3.41243E-11  2.42300E-11  
  1.72151E-11  1.22387E-11  8.70640E-12  6.19767E-12  4.41485E-12  3.14713E-12  
  2.24512E-12  1.60289E-12  1.14532E-12  8.19070E-13  5.86280E-13  4.20044E-13  
  3.01234E-13  2.16247E-13  1.55397E-13  1.11788E-13  8.05039E-14  5.80382E-14  
  4.18883E-14  3.02659E-14  2.18926E-14  1.58532E-14  1.14923E-14  8.33984E-15  
  6.05831E-15  4.40525E-15  3.20622E-15  2.33559E-15  1.70274E-15  1.24228E-15  
                                                                                
  jn =   5                                                                      
  1.29370E-05  6.51434E-06  3.41408E-06  1.86742E-06  1.06444E-06  6.29856E-07  
  3.85039E-07  2.41967E-07  1.55591E-07  1.01955E-07  6.78440E-08  4.57103E-08  
  3.11077E-08  2.13411E-08  1.47355E-08  1.02272E-08  7.12751E-09  4.98371E-09  
  3.49395E-09  2.45473E-09  1.72756E-09  1.21748E-09  8.58986E-10  6.06616E-10  
  4.28726E-10  3.03202E-10  2.14552E-10  1.51898E-10  1.07589E-10  7.62368E-11  
  5.40426E-11  3.83245E-11  2.71884E-11  1.92957E-11  1.36997E-11  9.73066E-12  
  6.91452E-12  4.91564E-12  3.49630E-12  2.48805E-12  1.77153E-12  1.26209E-12  
  8.99699E-13  6.41784E-13  4.58123E-13  3.27260E-13  2.33959E-13  1.67394E-13  
  1.19870E-13  8.59147E-14  6.16351E-14  4.42596E-14  3.18141E-14  2.28917E-14  
  1.64889E-14  1.18897E-14  8.58267E-15  6.20227E-15  4.48701E-15  3.24968E-15  
                                                                                
  jn =   6                                                                      
  4.39896E-05  2.20633E-05  1.14797E-05  6.22533E-06  3.51838E-06  2.06607E-06  
  1.25486E-06  7.84406E-07  5.02240E-07  3.27984E-07  2.17655E-07  1.46327E-07  
  9.94068E-08  6.81000E-08  4.69667E-08  3.25657E-08  2.26772E-08  1.58453E-08  
  1.11018E-08  7.79536E-09  5.48320E-09  3.86224E-09  2.72354E-09  1.92230E-09  
  1.35779E-09  9.59634E-10  6.78576E-10  4.80038E-10  3.39711E-10  2.40482E-10  
  1.70285E-10  1.20611E-10  8.54476E-11  6.05503E-11  4.29174E-11  3.04265E-11  
  2.15762E-11  1.53040E-11  1.08580E-11  7.70573E-12  5.47022E-12  3.88448E-12  
  2.75935E-12  1.96082E-12  1.39392E-12  9.91331E-13  7.05332E-13  5.02085E-13  
  3.57589E-13  2.54817E-13  1.81689E-13  1.29628E-13  9.25459E-14  6.61181E-14  
  4.72723E-14  3.38246E-14  2.42223E-14  1.73609E-14  1.24543E-14  8.94280E-15  
                                                                                
  jn =   7                                                                      
  1.41498E-04  7.13163E-05  3.71535E-05  2.01208E-05  1.13411E-05  6.63961E-06  
  4.02142E-06  2.50783E-06  1.60263E-06  1.04498E-06  6.92617E-07  4.65186E-07  
  3.15778E-07  2.16192E-07  1.49026E-07  1.03288E-07  7.18992E-08  5.02232E-08  
  3.51790E-08  2.46956E-08  1.73667E-08  1.22300E-08  8.62224E-09  6.08421E-09  
  4.29637E-09  3.03565E-09  2.14589E-09  1.51751E-09  1.07348E-09  7.59573E-10  
  5.37582E-10  3.80544E-10  2.69427E-10  1.90785E-10  1.35118E-10  9.57064E-11  
  6.77998E-11  4.80369E-11  3.40395E-11  2.41242E-11  1.70998E-11  1.21226E-11  
  8.59562E-12  6.09591E-12  4.32400E-12  3.06779E-12  2.17703E-12  1.54530E-12  
  1.09718E-12  7.79240E-13  5.53605E-13  3.93438E-13  2.79713E-13  1.98939E-13  
  1.41551E-13  1.00763E-13  7.17637E-14  5.11370E-14  3.64593E-14  2.60101E-14  
                                                                                
  jn =   8                                                                      
  4.38344E-04  2.23196E-04  1.17091E-04  6.36701E-05  3.59582E-05  2.10656E-05  
  1.27586E-05  7.95407E-06  5.08121E-06  3.31203E-06  2.19461E-06  1.47362E-06  
  1.00013E-06  6.84609E-07  4.71848E-07  3.26991E-07  2.27595E-07  1.58964E-07  
  1.11337E-07  7.81511E-08  5.49535E-08  3.86958E-08  2.72783E-08  1.92468E-08  
  1.35896E-08  9.60075E-09  6.78580E-09  4.79796E-09  3.39345E-09  2.40067E-09  
  1.69867E-09  1.20215E-09  8.50882E-10  6.02326E-10  4.26422E-10  3.01918E-10  
  2.13784E-10  1.51390E-10  1.07215E-10  7.59357E-11  5.37863E-11  3.81007E-11  
  2.69918E-11  1.91236E-11  1.35504E-11  9.60235E-12  6.80538E-12  4.82370E-12  
  3.41952E-12  2.42445E-12  1.71921E-12  1.21932E-12  8.64943E-13  6.13682E-13  
  4.35506E-13  3.09134E-13  2.19488E-13  1.55881E-13  1.10740E-13  7.86971E-14  
                                                                                
  jn =   9                                                                      
  1.31318E-03  6.79066E-04  3.60596E-04  1.97844E-04  1.12423E-04  6.61239E-05  
  4.01499E-05  2.50722E-05  1.60347E-05  1.04599E-05  6.93463E-06  4.65816E-06  
  3.16222E-06  2.16496E-06  1.49229E-06  1.03423E-06  7.19876E-07  5.02806E-07  
  3.52160E-07  2.47192E-07  1.73815E-07  1.22390E-07  8.62754E-08  6.08713E-08  
  4.29778E-08  3.03613E-08  2.14581E-08  1.51711E-08  1.07293E-08  7.58968E-09  
  5.36979E-09  3.79977E-09  2.68913E-09  1.90332E-09  1.34725E-09  9.53707E-10  
  6.75167E-10  4.78004E-10  3.38434E-10  2.39628E-10  1.69677E-10  1.20151E-10  
  8.50843E-11  6.02550E-11  4.26735E-11  3.02236E-11  2.14071E-11  1.51633E-11  
  1.07413E-11  7.60939E-12  5.39107E-12  3.81975E-12  2.70665E-12  1.91810E-12  
  1.35943E-12  9.63581E-13  6.83084E-13  4.84304E-13  3.43420E-13  2.43558E-13  
                                                                                
  jn =  10                                                                      
  3.75396E-03  1.99637E-03  1.08120E-03  6.02000E-04  3.45849E-04  2.05043E-04  
  1.25215E-04  7.85130E-05  5.03583E-05  3.29178E-05  2.18553E-05  1.46958E-05  
  9.98358E-06  6.83860E-06  4.71551E-06  3.26889E-06  2.27572E-06  1.58970E-06  
  1.11351E-06  7.81646E-07  5.49641E-07  3.87032E-07  2.72830E-07  1.92494E-07  
  1.35908E-07  9.60100E-08  6.78547E-08  4.79730E-08  3.39263E-08  2.39979E-08  
  1.69781E-08  1.20135E-08  8.50158E-09  6.01688E-09  4.25869E-09  3.01445E-09  
  2.13385E-09  1.51057E-09  1.06938E-09  7.57073E-10  5.35991E-10  3.79481E-10  
  2.68679E-10  1.90234E-10  1.34696E-10  9.53743E-11  6.75337E-11  4.78214E-11  
  3.38639E-11  2.39809E-11  1.69828E-11  1.20274E-11  8.51823E-12  6.03320E-12  
  4.27333E-12  3.02697E-12  2.14425E-12  1.51904E-12  1.07620E-12  7.62520E-13  
                                                                                
  jn =  11                                                                      
  9.63373E-03  5.47073E-03  3.09203E-03  1.77217E-03  1.03889E-03  6.24866E-04  
  3.85575E-04  2.43588E-04  1.57082E-04  1.03080E-04  6.86311E-05  4.62418E-05  
  3.14598E-05  2.15718E-05  1.48857E-05  1.03245E-05  7.19032E-06  5.02410E-06  
  3.51977E-06  2.47109E-06  1.73779E-06  1.22374E-06  8.62688E-07  6.08682E-07  
  4.29760E-07  3.03599E-07  2.14567E-07  1.51698E-07  1.07279E-07  7.58835E-08  
  5.36855E-08  3.79864E-08  2.68811E-08  1.90243E-08  1.34648E-08  9.53052E-09  
  6.74613E-09  4.77541E-09  3.38049E-09  2.39311E-09  1.69416E-09  1.19937E-09  
  8.49108E-10  6.01144E-10  4.25600E-10  3.01322E-10  2.13337E-10  1.51045E-10  
  1.06944E-10  7.57199E-11  5.36132E-11  3.79614E-11  2.68794E-11  1.90330E-11  
  1.34773E-11  9.54354E-12  6.75815E-12  4.78585E-12  3.38925E-12  2.40029E-12  
                                                                                
  jn =  12                                                                      
  2.14216E-02  1.33995E-02  8.17651E-03  4.93771E-03  3.00245E-03  1.85174E-03  
  1.16327E-03  7.44479E-04  4.84654E-04  3.20242E-04  2.14291E-04  1.44908E-04  
  9.88433E-05  6.79029E-05  4.69192E-05  3.25734E-05  2.27006E-05  1.58692E-05  
  1.11214E-05  7.80978E-06  5.49314E-06  3.86872E-06  2.72751E-06  1.92455E-06  
  1.35888E-06  9.59992E-07  6.78483E-07  4.79687E-07  3.39232E-07  2.39955E-07  
  1.69761E-07  1.20117E-07  8.50007E-08  6.01558E-08  4.25759E-08  3.01352E-08  
  2.13307E-08  1.50991E-08  1.06884E-08  7.56626E-09  5.35625E-09  3.79181E-09  
  2.68435E-09  1.90037E-09  1.34537E-09  9.52461E-10  6.74308E-10  4.77390E-10  
  3.37980E-10  2.39284E-10  1.69410E-10  1.19941E-10  8.49187E-11  6.01231E-11  
  4.25681E-11  3.01392E-11  2.13395E-11  1.51092E-11  1.06981E-11  7.57493E-12  
                                                                                
  jn =  13                                                                      
  3.70500E-02  2.66600E-02  1.88702E-02  1.25232E-02  8.09495E-03  5.23847E-03  
  3.39346E-03  2.22064E-03  1.46902E-03  9.82100E-04  6.62809E-04  4.50992E-04  
  3.09012E-04  2.12975E-04  1.47506E-04  1.02578E-04  7.15733E-05  5.00776E-05  
  3.51167E-05  2.46707E-05  1.73579E-05  1.22275E-05  8.62193E-06  6.08435E-06  
  4.29636E-06  3.03535E-06  2.14534E-06  1.51680E-06  1.07269E-06  7.58771E-07  
  5.36811E-07  3.79832E-07  2.68787E-07  1.90223E-07  1.34632E-07  9.52919E-08  
  6.74503E-08  4.77449E-08  3.37973E-08  2.39248E-08  1.69364E-08  1.19895E-08  
  8.48764E-09  6.00865E-09  4.25374E-09  3.01139E-09  2.13190E-09  1.50928E-09  
  1.06850E-09  7.56449E-10  5.35536E-10  3.79140E-10  2.68418E-10  1.90032E-10  
  1.34538E-10  9.52498E-11  6.74352E-11  4.77432E-11  3.38018E-11  2.39316E-11  
                                                                                
  jn =  14                                                                      
  4.67563E-02  3.94782E-02  3.49046E-02  2.70708E-02  1.94892E-02  1.35699E-02  
  9.35430E-03  6.35794E-03  4.32440E-03  2.94843E-03  2.01833E-03  1.38752E-03  
  9.57921E-04  6.63889E-04  4.61674E-04  3.21998E-04  2.25149E-04  1.57768E-04  
  1.10754E-04  7.78685E-05  5.48171E-05  3.86301E-05  2.72466E-05  1.92313E-05  
  1.35817E-05  9.59634E-06  6.78302E-06  4.79595E-06  3.39184E-06  2.39929E-06  
  1.69747E-06  1.20109E-06  8.49956E-07  6.01524E-07  4.25734E-07  3.01333E-07  
  2.13292E-07  1.50979E-07  1.06874E-07  7.56546E-08  5.35559E-08  3.79127E-08  
  2.68391E-08  1.90000E-08  1.34507E-08  9.52220E-09  6.74112E-09  4.77231E-09  
  3.37853E-09  2.39181E-09  1.69328E-09  1.19876E-09  8.48660E-10  6.00812E-10  
  4.25348E-10  3.01128E-10  2.13186E-10  1.50927E-10  1.06851E-10  7.56468E-11  
                                                                                
  jn =  15                                                                      
  5.25547E-02  4.94581E-02  4.60061E-02  4.14973E-02  3.71249E-02  3.08700E-02  
  2.32834E-02  1.69325E-02  1.21124E-02  8.55362E-03  5.99196E-03  4.18904E-03  
  2.92806E-03  2.04814E-03  1.43406E-03  1.00522E-03  7.05442E-04  4.95629E-04  
  3.48594E-04  2.45420E-04  1.72936E-04  1.21954E-04  8.60585E-05  6.07631E-05  
  4.29233E-05  3.03334E-05  2.14433E-05  1.51629E-05  1.07243E-05  7.58641E-06  
  5.36745E-06  3.79798E-06  2.68769E-06  1.90213E-06  1.34626E-06  9.52883E-07  
  6.74479E-07  4.77432E-07  3.37961E-07  2.39238E-07  1.69356E-07  1.19889E-07  
  8.48713E-08  6.00823E-08  4.25339E-08  3.01111E-08  2.13167E-08  1.50909E-08  
  1.06834E-08  7.56326E-09  5.35435E-09  3.79059E-09  2.68353E-09  1.89979E-09  
  1.34495E-09  9.52158E-10  6.74080E-10  4.77215E-10  3.37845E-10  2.39178E-10  
                                                                                
