  8.27750E-01 
 
  1.99146E+00  2.25513E+00  2.32691E+00  2.36544E+00  2.40806E+00
 
  5.16532E-01  6.99576E-01  8.11503E-01  8.99906E-01  9.67300E-01
  3.70481E-01  6.11799E-01  7.63020E-01  8.72539E-01  9.61285E-01
  3.80010E-01  6.18834E-01  7.63825E-01  8.75375E-01  9.61256E-01
  3.57688E-01  5.95520E-01  7.51752E-01  8.59766E-01  9.57489E-01
  3.48497E-01  5.17881E-01  6.53833E-01  7.79846E-01  9.23956E-01
 
 -9.54674E-01 -5.93616E-01 -4.55439E-03  6.11607E-01  9.54292E-01
 -9.39719E-01 -5.34726E-01  7.70975E-02  5.91124E-01  9.38723E-01
 -9.47749E-01 -5.99118E-01 -5.34413E-03  5.58645E-01  9.59176E-01
 -9.52932E-01 -5.09963E-01  1.11845E-01  6.68895E-01  9.59592E-01
 -9.63812E-01 -6.32861E-01  2.84474E-02  6.49311E-01  9.65024E-01
 -9.49486E-01 -5.27460E-01  4.71202E-02  5.40823E-01  9.43092E-01
 -9.18789E-01 -5.34890E-01  3.87104E-03  5.97719E-01  9.43635E-01
 -9.35546E-01 -5.66353E-01 -6.17420E-02  5.65376E-01  9.28863E-01
 -9.39133E-01 -5.88361E-01  4.03247E-02  5.36441E-01  9.41553E-01
 -9.42917E-01 -5.66390E-01  4.88304E-03  5.72368E-01  9.58254E-01
 -9.59566E-01 -6.35221E-01 -7.50576E-02  5.72627E-01  9.59374E-01
 -9.43053E-01 -6.23133E-01 -8.35145E-02  5.13894E-01  9.33565E-01
 -9.42753E-01 -6.40605E-01 -1.50300E-02  5.51493E-01  9.32335E-01
 -9.28625E-01 -5.03451E-01  3.69856E-02  6.04412E-01  9.51354E-01
 -9.47567E-01 -5.75171E-01  6.78900E-02  6.17675E-01  9.61149E-01
 -9.42125E-01 -6.25972E-01 -6.74072E-02  5.10579E-01  9.26111E-01
 -9.24288E-01 -5.62514E-01 -6.67559E-02  5.49679E-01  9.57450E-01
 -9.45958E-01 -5.88903E-01  6.07203E-02  5.98492E-01  9.45981E-01
 -9.64714E-01 -6.17340E-01 -2.49212E-02  5.61052E-01  9.49261E-01
 -9.59291E-01 -6.47473E-01 -8.40439E-02  4.58677E-01  9.33637E-01
 -9.43142E-01 -5.25077E-01  4.79891E-02  6.22436E-01  9.53027E-01
 -9.43214E-01 -5.90395E-01  2.32011E-02  5.42675E-01  9.35411E-01
 -9.40994E-01 -4.99927E-01  7.81558E-02  6.19613E-01  9.44418E-01
 -9.35018E-01 -5.38589E-01  8.60652E-02  6.47157E-01  9.51505E-01
 -9.49873E-01 -5.38587E-01  8.93784E-02  6.39298E-01  9.66431E-01

  8.41850E-01 
 
  2.02710E+00  2.27014E+00  2.33413E+00  2.37272E+00  2.41752E+00
 
  4.92879E-01  6.90262E-01  8.10100E-01  8.95603E-01  9.68495E-01
  3.49827E-01  6.15765E-01  7.54176E-01  8.68686E-01  9.58867E-01
  3.53473E-01  5.90937E-01  7.43857E-01  8.63381E-01  9.59851E-01
  3.60316E-01  5.88889E-01  7.27762E-01  8.47416E-01  9.51566E-01
  3.28128E-01  5.01751E-01  6.42434E-01  7.76016E-01  9.19094E-01
 
 -9.23179E-01 -5.18565E-01  6.50574E-02  6.28299E-01  9.61849E-01
 -9.37487E-01 -6.00910E-01 -3.39575E-02  5.28112E-01  9.59070E-01
 -9.28730E-01 -5.39779E-01  1.23971E-01  7.06712E-01  9.75209E-01
 -9.47518E-01 -5.24254E-01  3.05197E-02  6.40543E-01  9.62190E-01
 -9.25963E-01 -5.93253E-01 -3.16017E-02  5.97654E-01  9.40175E-01
 -9.34155E-01 -5.27287E-01  4.73474E-02  5.95116E-01  9.41175E-01
 -9.42454E-01 -5.99649E-01 -6.52319E-02  6.57177E-01  9.62226E-01
 -9.35237E-01 -5.48276E-01 -1.82800E-02  5.59975E-01  9.46839E-01
 -9.32836E-01 -5.82272E-01  1.88539E-03  6.29455E-01  9.30411E-01
 -9.50893E-01 -5.73580E-01  5.43134E-02  5.23626E-01  9.52592E-01
 -9.21544E-01 -5.40514E-01  6.44568E-02  6.58751E-01  9.59452E-01
 -9.42921E-01 -4.95754E-01  1.27172E-01  5.85376E-01  9.59638E-01
 -9.64020E-01 -6.74933E-01 -3.19060E-02  5.62677E-01  9.44101E-01
 -9.48704E-01 -5.15269E-01  1.87171E-01  6.18704E-01  9.59563E-01
 -9.47649E-01 -5.55305E-01  3.80163E-02  6.15804E-01  9.53721E-01
 -7.28021E-01  2.69913E-02  5.02207E-01  8.49334E-01  9.79212E-01
 -8.77975E-01 -2.94057E-01  2.25631E-01  7.59041E-01  9.72652E-01
 -9.19285E-01 -4.09462E-01  2.28313E-01  6.96194E-01  9.65545E-01
 -9.04761E-01 -3.94783E-01  1.95861E-01  6.50418E-01  9.57512E-01
 -8.97654E-01 -4.64357E-01  1.72081E-01  6.67940E-01  9.71549E-01
 -3.04408E-01  3.11727E-01  6.61309E-01  8.62136E-01  9.87635E-01
 -4.23637E-01  2.56388E-01  6.35216E-01  8.59649E-01  9.86496E-01
 -5.41232E-01  1.66229E-01  6.08222E-01  8.81781E-01  9.87232E-01
 -7.49304E-01  4.13052E-02  5.85728E-01  8.57754E-01  9.86217E-01
 -8.32449E-01 -2.87412E-01  3.44962E-01  7.59200E-01  9.74044E-01

  8.89150E-01 
 
  2.11177E+00  2.29730E+00  2.35201E+00  2.39011E+00  2.43733E+00
 
  4.26403E-01  6.69928E-01  7.92430E-01  8.88187E-01  9.63685E-01
  3.16996E-01  5.81057E-01  7.34891E-01  8.59896E-01  9.57884E-01
  3.34473E-01  5.84848E-01  7.30446E-01  8.56055E-01  9.57574E-01
  3.15229E-01  5.37205E-01  6.76910E-01  8.02893E-01  9.28842E-01
  2.73483E-01  4.43681E-01  5.80253E-01  7.35529E-01  8.92902E-01
 
 -9.01489E-01 -4.84062E-01  1.43418E-01  6.90155E-01  9.70508E-01
 -9.21509E-01 -4.91653E-01  8.72683E-02  6.20871E-01  9.48320E-01
 -9.37443E-01 -5.92281E-01 -1.88021E-02  6.28560E-01  9.39083E-01
 -9.42391E-01 -5.69418E-01 -5.58015E-02  5.27393E-01  9.40639E-01
 -9.58179E-01 -5.43782E-01 -3.32677E-02  5.42593E-01  9.41954E-01
 -8.22579E-01 -1.90531E-01  3.59603E-01  7.53464E-01  9.73477E-01
 -9.56569E-01 -6.45233E-01 -1.25493E-01  4.91881E-01  9.29818E-01
 -9.46970E-01 -6.37961E-01 -6.91367E-02  5.34756E-01  9.31079E-01
 -9.51268E-01 -5.68631E-01  7.64875E-02  6.28165E-01  9.53724E-01
 -9.27174E-01 -5.21091E-01  3.27466E-02  5.83707E-01  9.50229E-01
 -5.70949E-01  1.64190E-01  5.95316E-01  8.56474E-01  9.85676E-01
 -9.20567E-01 -4.39913E-01  2.10442E-01  7.02101E-01  9.64073E-01
 -8.93795E-01 -4.38215E-01  1.65702E-01  6.76110E-01  9.71795E-01
 -9.09182E-01 -4.60758E-01  1.28572E-01  6.74445E-01  9.56314E-01
 -9.20377E-01 -5.07339E-01  1.07867E-01  6.29896E-01  9.57674E-01
 -1.77756E-01  3.94767E-01  7.21085E-01  9.02276E-01  9.87399E-01
 -5.87137E-01  4.78388E-02  5.43120E-01  8.33478E-01  9.87770E-01
 -5.78105E-01  9.59516E-02  5.87510E-01  8.62067E-01  9.81400E-01
 -5.05286E-01  1.62803E-01  5.69389E-01  8.30155E-01  9.84829E-01
 -7.41196E-01 -5.57780E-02  5.08636E-01  8.37209E-01  9.78568E-01
  5.51443E-01  7.75776E-01  9.08889E-01  9.72373E-01  9.96964E-01
  3.95006E-01  7.19994E-01  8.59922E-01  9.48416E-01  9.92171E-01
  1.44505E-01  6.09514E-01  8.04135E-01  9.41687E-01  9.93317E-01
 -1.85938E-01  4.00926E-01  6.95579E-01  9.09984E-01  9.90891E-01
 -3.31856E-01  1.85283E-01  5.61843E-01  8.27523E-01  9.75951E-01

  9.52200E-01 
 
  2.20575E+00  2.32608E+00  2.37152E+00  2.41177E+00  2.46379E+00
 
  2.94752E-01  5.93502E-01  7.47362E-01  8.63182E-01  9.56331E-01
  2.51209E-01  5.11306E-01  6.78568E-01  8.20760E-01  9.46619E-01
  2.89937E-01  5.27098E-01  6.85099E-01  8.17006E-01  9.41078E-01
  2.45073E-01  4.76486E-01  6.30121E-01  7.65775E-01  9.25474E-01
  1.71917E-01  3.31630E-01  4.91035E-01  6.45107E-01  8.11678E-01
 
 -8.44517E-01 -6.70505E-02  4.58606E-01  7.98558E-01  9.78883E-01
 -9.22413E-01 -4.62685E-01  3.06952E-01  7.84477E-01  9.82451E-01
 -9.46107E-01 -5.65681E-01  9.58700E-02  6.43526E-01  9.70093E-01
 -9.46762E-01 -5.58468E-01 -1.20879E-02  5.54341E-01  9.65548E-01
 -9.35795E-01 -5.50933E-01  3.91293E-02  5.71653E-01  9.43983E-01
 -3.40263E-01  2.40280E-01  6.44977E-01  8.69324E-01  9.70131E-01
 -8.87196E-01 -2.75829E-01  3.38633E-01  7.47767E-01  9.79087E-01
 -9.16934E-01 -4.70502E-01  1.67924E-01  7.16242E-01  9.77355E-01
 -9.59446E-01 -5.92725E-01  7.68941E-02  6.49169E-01  9.52883E-01
 -9.27964E-01 -5.73993E-01  6.20660E-02  5.92365E-01  9.49308E-01
  3.39332E-02  5.63555E-01  8.11278E-01  9.53639E-01  9.95827E-01
 -5.89577E-01  9.94998E-02  6.04270E-01  8.62429E-01  9.85582E-01
 -6.96685E-01 -6.90325E-02  5.09822E-01  8.12176E-01  9.86661E-01
 -7.14122E-01 -2.05117E-02  4.83368E-01  8.44351E-01  9.75457E-01
 -8.68190E-01 -1.80192E-01  3.52086E-01  7.54760E-01  9.73673E-01
  5.34867E-01  7.83679E-01  9.02444E-01  9.69366E-01  9.97168E-01
  2.09221E-01  5.77712E-01  8.20089E-01  9.32009E-01  9.92950E-01
  1.56192E-01  6.12993E-01  8.23808E-01  9.38024E-01  9.95622E-01
 -2.75304E-01  4.20071E-01  7.32308E-01  9.05090E-01  9.88191E-01
 -8.27193E-01 -9.14418E-02  5.14460E-01  8.39730E-01  9.84510E-01
  8.72333E-01  9.35546E-01  9.72367E-01  9.89186E-01  9.98748E-01
  7.57093E-01  8.89837E-01  9.54042E-01  9.85110E-01  9.98309E-01
  6.52337E-01  8.41592E-01  9.38413E-01  9.77134E-01  9.98131E-01
  5.89884E-01  7.87905E-01  9.02312E-01  9.71240E-01  9.96824E-01
  4.57047E-01  7.31358E-01  8.74502E-01  9.56562E-01  9.95060E-01

  9.96750E-01 
 
  2.25605E+00  2.33351E+00  2.37820E+00  2.42011E+00  2.47141E+00
 
  2.49804E-01  4.92027E-01  6.74477E-01  8.11123E-01  9.36166E-01
  2.85517E-01  4.77309E-01  6.33551E-01  7.76436E-01  9.22538E-01
  2.96133E-01  4.49265E-01  5.94933E-01  7.64664E-01  9.27206E-01
  3.09128E-01  4.24878E-01  5.50946E-01  7.03002E-01  8.60875E-01
  3.09671E-01  3.74628E-01  4.47612E-01  5.31310E-01  6.77859E-01
 
 -2.94166E-01  2.15996E-01  5.80571E-01  8.14908E-01  9.19967E-01
 -8.93878E-01 -4.08142E-01  2.06101E-01  6.67725E-01  9.81433E-01
 -9.39122E-01 -5.22140E-01  1.25425E-01  6.99612E-01  9.65698E-01
 -9.32864E-01 -4.83481E-01  7.27236E-02  6.50556E-01  9.49786E-01
 -9.36088E-01 -5.09254E-01  1.52651E-01  6.33849E-01  9.60196E-01
  5.22958E-01  7.63531E-01  8.62195E-01  9.23753E-01  9.53778E-01
  1.25476E-01  5.23591E-01  8.16198E-01  9.55473E-01  9.95258E-01
 -1.93508E-01  3.20154E-01  6.89020E-01  8.91939E-01  9.86570E-01
 -7.06787E-01  9.79690E-02  5.92902E-01  8.61728E-01  9.87711E-01
 -8.24204E-01 -1.82142E-01  4.29341E-01  8.08724E-01  9.77572E-01
  7.15758E-01  8.28452E-01  9.02141E-01  9.38845E-01  9.64025E-01
  5.65796E-01  8.02443E-01  9.15419E-01  9.77333E-01  9.96013E-01
  3.50133E-01  6.94531E-01  8.83158E-01  9.61024E-01  9.95583E-01
  3.07252E-02  5.03354E-01  7.81393E-01  9.30020E-01  9.92835E-01
 -5.08315E-01  1.24486E-01  5.30347E-01  8.22742E-01  9.73103E-01
  8.38429E-01  9.02071E-01  9.36137E-01  9.56559E-01  9.77454E-01
  8.02197E-01  9.00059E-01  9.53616E-01  9.82247E-01  9.97965E-01
  7.08538E-01  8.74836E-01  9.42350E-01  9.78229E-01  9.98142E-01
  5.96935E-01  7.76160E-01  8.92459E-01  9.60955E-01  9.96268E-01
  4.70126E-01  7.05638E-01  8.55419E-01  9.50565E-01  9.91822E-01
  9.29456E-01  9.53918E-01  9.66637E-01  9.77037E-01  9.87907E-01
  9.28554E-01  9.64216E-01  9.83948E-01  9.94607E-01  9.99209E-01
  9.11653E-01  9.58823E-01  9.81741E-01  9.93157E-01  9.99086E-01
  8.74758E-01  9.40966E-01  9.70105E-01  9.92133E-01  9.99191E-01
  8.70034E-01  9.40077E-01  9.72049E-01  9.89775E-01  9.98806E-01

  6.67600E-01 
 
  2.67483E+00  3.36721E+00  3.63453E+00  3.75715E+00  3.82449E+00
 
  5.44412E-01  7.22860E-01  8.32462E-01  9.09735E-01  9.72676E-01
  5.30284E-01  7.09495E-01  8.20173E-01  9.01976E-01  9.69067E-01
  4.60535E-01  6.68153E-01  7.94542E-01  8.86791E-01  9.64047E-01
  3.81569E-01  6.05131E-01  7.42499E-01  8.55320E-01  9.57267E-01
  3.37697E-01  5.12594E-01  6.39081E-01  7.66033E-01  9.06557E-01
 
 -9.62387E-01 -5.67175E-01 -5.64267E-02  5.17475E-01  9.45311E-01
 -9.62427E-01 -6.37318E-01 -4.47206E-02  6.29175E-01  9.48603E-01
 -9.18830E-01 -5.72281E-01  2.58307E-02  6.14037E-01  9.56510E-01
 -9.54013E-01 -5.16830E-01  1.10012E-01  6.30299E-01  9.57648E-01
 -9.51977E-01 -5.86118E-01 -9.49250E-03  5.62564E-01  9.49839E-01
 -9.17033E-01 -4.67327E-01  9.45826E-02  5.90088E-01  9.43610E-01
 -9.45402E-01 -6.18580E-01 -9.05709E-02  4.50896E-01  9.18440E-01
 -9.18562E-01 -5.82278E-01 -4.49336E-02  5.73742E-01  9.47792E-01
 -9.50301E-01 -6.46747E-01 -2.20304E-02  5.87314E-01  9.53743E-01
 -9.35777E-01 -5.95722E-01 -9.93963E-02  5.30551E-01  9.59680E-01
 -9.35395E-01 -5.25082E-01  3.06849E-02  5.49208E-01  9.39873E-01
 -9.60025E-01 -6.13896E-01 -8.85979E-02  5.54647E-01  9.46803E-01
 -9.46306E-01 -5.62654E-01  6.97551E-02  6.29123E-01  9.67714E-01
 -9.29114E-01 -6.06245E-01 -1.68178E-03  5.93243E-01  9.57507E-01
 -9.66558E-01 -6.73628E-01 -9.31237E-02  4.88284E-01  9.27976E-01
 -9.39708E-01 -5.93872E-01 -7.63026E-02  5.34589E-01  9.21462E-01
 -9.63124E-01 -6.23421E-01 -3.46855E-02  5.68625E-01  9.51622E-01
 -9.22051E-01 -5.30304E-01  1.33157E-02  6.02220E-01  9.70298E-01
 -9.42453E-01 -5.89494E-01 -9.03656E-02  5.53831E-01  9.28134E-01
 -9.55544E-01 -6.34433E-01 -6.79041E-02  4.92223E-01  9.35243E-01
 -9.39712E-01 -5.43243E-01  2.06503E-02  6.23869E-01  9.46614E-01
 -9.43492E-01 -6.07815E-01 -1.10048E-01  5.34124E-01  9.42134E-01
 -9.33051E-01 -4.91564E-01  8.12359E-02  6.01608E-01  9.59608E-01
 -9.07036E-01 -5.03441E-01  2.24768E-02  5.56015E-01  9.41941E-01
 -9.38809E-01 -5.16214E-01  9.44306E-02  6.25556E-01  9.50055E-01

  6.96350E-01 
 
  2.78337E+00  3.43511E+00  3.66975E+00  3.77061E+00  3.83418E+00
 
  5.53105E-01  7.29994E-01  8.32619E-01  9.07607E-01  9.72541E-01
  5.32351E-01  7.10261E-01  8.22937E-01  9.02453E-01  9.70146E-01
  4.35676E-01  6.58143E-01  7.80931E-01  8.71396E-01  9.56421E-01
  3.71834E-01  5.91325E-01  7.32406E-01  8.50019E-01  9.54067E-01
  3.20022E-01  4.96365E-01  6.29406E-01  7.54264E-01  9.03826E-01
 
 -9.39371E-01 -6.25757E-01 -2.51359E-03  6.25560E-01  9.58257E-01
 -9.51583E-01 -6.25548E-01 -3.36796E-02  5.83345E-01  9.27821E-01
 -9.28818E-01 -5.25742E-01 -1.71759E-02  6.16692E-01  9.55513E-01
 -9.52677E-01 -4.95815E-01  1.06331E-01  6.39140E-01  9.70610E-01
 -9.33455E-01 -5.93914E-01 -1.54183E-02  6.13117E-01  9.60571E-01
 -9.56098E-01 -5.73788E-01  1.07951E-01  6.19637E-01  9.74331E-01
 -9.61833E-01 -6.52469E-01 -4.73284E-02  5.65094E-01  9.47624E-01
 -9.52121E-01 -5.91814E-01  5.77150E-02  6.38469E-01  9.45045E-01
 -9.40596E-01 -6.02135E-01 -6.96044E-02  5.37902E-01  9.40765E-01
 -9.39757E-01 -5.54656E-01  6.87674E-03  5.48972E-01  9.46101E-01
 -9.37769E-01 -5.01857E-01  6.36098E-02  6.30751E-01  9.50453E-01
 -9.45969E-01 -5.71324E-01  1.13012E-02  5.02010E-01  9.42857E-01
 -9.35311E-01 -5.67585E-01  7.75096E-03  5.51354E-01  9.58697E-01
 -9.48159E-01 -6.19788E-01  4.13481E-02  6.12727E-01  9.27302E-01
 -9.62833E-01 -6.19150E-01 -5.53393E-03  5.54301E-01  9.27151E-01
 -9.06314E-01 -3.87293E-01  2.45705E-01  6.62354E-01  9.58842E-01
 -8.79077E-01 -4.17564E-01  1.68135E-01  6.13537E-01  9.71654E-01
 -9.27344E-01 -5.47931E-01  1.04802E-01  6.69483E-01  9.59153E-01
 -8.80585E-01 -5.80727E-01 -6.65662E-02  5.51896E-01  9.22310E-01
 -9.29899E-01 -4.91169E-01  9.41880E-02  5.81891E-01  9.39025E-01
 -3.50019E-01  3.15654E-01  6.57168E-01  8.81158E-01  9.85259E-01
 -7.07189E-01  1.99681E-02  5.12184E-01  8.48437E-01  9.88088E-01
 -5.36109E-01  9.29282E-02  5.17548E-01  8.28819E-01  9.87551E-01
 -7.06074E-01  4.78587E-02  5.07046E-01  8.05647E-01  9.80842E-01
 -7.82507E-01 -9.54552E-02  4.28571E-01  7.66974E-01  9.74026E-01

  7.82800E-01 
 
  3.01575E+00  3.59503E+00  3.74319E+00  3.80740E+00  3.86319E+00
 
  5.43651E-01  7.28859E-01  8.32378E-01  9.03277E-01  9.69359E-01
  4.50871E-01  6.58039E-01  7.77083E-01  8.78492E-01  9.60765E-01
  3.46415E-01  5.57721E-01  7.13446E-01  8.30167E-01  9.43507E-01
  3.24417E-01  5.23177E-01  6.63272E-01  7.98190E-01  9.27373E-01
  2.88556E-01  4.53968E-01  5.82926E-01  7.08116E-01  8.63568E-01
 
 -9.40901E-01 -6.12705E-01 -2.06388E-02  5.19218E-01  9.57381E-01
 -9.45928E-01 -6.10663E-01  1.39747E-02  6.06974E-01  9.47795E-01
 -9.54993E-01 -5.45772E-01  1.82873E-02  6.53489E-01  9.73138E-01
 -9.18221E-01 -4.70921E-01  1.52188E-01  6.95516E-01  9.65654E-01
 -9.53186E-01 -4.94154E-01  5.03554E-02  6.39783E-01  9.61488E-01
 -9.64135E-01 -5.69701E-01  6.39119E-03  6.40161E-01  9.61696E-01
 -9.60983E-01 -6.63131E-01 -3.98674E-02  5.11915E-01  9.59565E-01
 -9.45061E-01 -5.87679E-01 -6.34322E-03  5.30381E-01  9.58338E-01
 -9.40188E-01 -5.96337E-01  4.44636E-02  5.92189E-01  9.52688E-01
 -9.55127E-01 -6.80322E-01 -1.09831E-01  5.20332E-01  9.48244E-01
 -8.29632E-01 -1.94708E-01  3.77124E-01  7.75772E-01  9.74825E-01
 -9.41685E-01 -5.29372E-01  6.84764E-02  6.88960E-01  9.62484E-01
 -9.20972E-01 -5.41573E-01  6.12586E-02  5.88219E-01  9.29694E-01
 -9.49330E-01 -6.53276E-01 -9.99995E-02  4.97723E-01  9.51599E-01
 -9.40180E-01 -6.02084E-01  1.09185E-02  5.99164E-01  9.56565E-01
 -2.43389E-01  4.32704E-01  7.44640E-01  9.05772E-01  9.90016E-01
 -6.24052E-01  1.87580E-01  6.25207E-01  8.72330E-01  9.84711E-01
 -5.92800E-01  1.91221E-02  5.12815E-01  8.40754E-01  9.86154E-01
 -5.53720E-01  3.14000E-02  5.00410E-01  8.52278E-01  9.88088E-01
 -7.62108E-01 -6.39042E-02  4.61013E-01  8.04628E-01  9.69672E-01
  4.86059E-01  8.12855E-01  9.17616E-01  9.74314E-01  9.97068E-01
  3.19149E-01  6.81204E-01  8.52096E-01  9.56289E-01  9.94458E-01
  2.52918E-01  6.59561E-01  8.45673E-01  9.42077E-01  9.95033E-01
  4.03329E-03  6.27420E-01  8.60864E-01  9.48949E-01  9.94199E-01
 -3.05012E-01  2.64866E-01  6.10555E-01  8.57696E-01  9.86779E-01

  9.02700E-01 
 
  3.45847E+00  3.73662E+00  3.80269E+00  3.84853E+00  3.90220E+00
 
  4.32899E-01  6.55593E-01  7.74714E-01  8.77599E-01  9.61110E-01
  2.48783E-01  4.89030E-01  6.48610E-01  7.90121E-01  9.29272E-01
  2.77583E-01  4.77951E-01  6.28605E-01  7.71393E-01  9.24430E-01
  2.60805E-01  4.38777E-01  5.81310E-01  7.09399E-01  8.79883E-01
  2.09707E-01  3.51623E-01  4.68082E-01  5.85234E-01  7.65217E-01
 
 -9.19765E-01 -5.00329E-01  2.46273E-01  7.30831E-01  9.80607E-01
 -9.51392E-01 -6.26679E-01 -3.39912E-02  6.29204E-01  9.34950E-01
 -9.66809E-01 -6.73541E-01 -2.01412E-01  4.16161E-01  9.28435E-01
 -9.29625E-01 -6.10092E-01 -4.27151E-02  5.55189E-01  9.51029E-01
 -9.57377E-01 -5.72820E-01  3.40661E-02  6.51984E-01  9.59191E-01
 -4.41101E-01  2.84578E-01  6.54593E-01  8.90792E-01  9.91689E-01
 -9.01817E-01 -4.11692E-01  2.46356E-01  7.41467E-01  9.70949E-01
 -8.79977E-01 -4.68107E-01  1.28356E-01  6.91755E-01  9.74526E-01
 -9.49230E-01 -5.89353E-01 -7.46883E-02  5.61576E-01  9.37382E-01
 -9.56376E-01 -6.66916E-01 -7.43449E-02  5.71254E-01  9.41543E-01
  2.24088E-01  6.91535E-01  8.71570E-01  9.60411E-01  9.93860E-01
 -3.30366E-01  4.26035E-01  7.46127E-01  9.22993E-01  9.91162E-01
 -4.61705E-01  2.06129E-01  5.97989E-01  8.64701E-01  9.84576E-01
 -4.93949E-01  1.42636E-01  5.18495E-01  8.35576E-01  9.80217E-01
 -7.45213E-01 -1.44962E-01  4.50976E-01  7.57015E-01  9.70104E-01
  6.53508E-01  8.60552E-01  9.39078E-01  9.76618E-01  9.97734E-01
  4.20345E-01  7.44420E-01  8.95538E-01  9.65803E-01  9.97365E-01
  3.05000E-01  6.68364E-01  8.52368E-01  9.49656E-01  9.96728E-01
  2.49282E-01  6.24571E-01  8.28369E-01  9.43872E-01  9.92073E-01
 -5.09802E-01  2.36288E-01  6.85617E-01  8.96876E-01  9.86305E-01
  8.36506E-01  9.27212E-01  9.68263E-01  9.88556E-01  9.98652E-01
  7.47480E-01  8.79198E-01  9.48875E-01  9.82155E-01  9.97773E-01
  7.07473E-01  8.84038E-01  9.45146E-01  9.83253E-01  9.97468E-01
  6.42423E-01  8.47904E-01  9.33132E-01  9.74694E-01  9.97321E-01
  5.34382E-01  7.89018E-01  9.03612E-01  9.65518E-01  9.96280E-01

  9.92900E-01 
 
  3.69841E+00  3.78532E+00  3.83420E+00  3.88140E+00  3.94177E+00
 
  1.19826E-01  3.55859E-01  5.37137E-01  7.06314E-01  8.88459E-01
  1.57696E-01  3.48147E-01  5.00762E-01  6.56254E-01  8.68294E-01
  1.49850E-01  3.17177E-01  4.57626E-01  6.06262E-01  8.25744E-01
  1.42198E-01  2.78578E-01  4.03793E-01  5.40007E-01  7.39307E-01
  1.16306E-01  1.85904E-01  2.65493E-01  3.76346E-01  5.30873E-01
 
  4.36745E-01  8.37149E-01  9.36274E-01  9.80959E-01  9.95469E-01
 -3.83154E-01  1.31580E-01  6.27456E-01  9.09159E-01  9.91675E-01
 -6.69729E-01 -8.70474E-02  4.41147E-01  8.17065E-01  9.74957E-01
 -8.37338E-01 -3.31863E-01  2.13940E-01  7.11589E-01  9.75060E-01
 -8.56883E-01 -3.54662E-01  1.56593E-01  6.75670E-01  9.66108E-01
  8.46301E-01  9.41454E-01  9.76108E-01  9.92268E-01  9.99020E-01
  5.04535E-01  7.99766E-01  9.25866E-01  9.77696E-01  9.97930E-01
  3.18881E-01  7.37107E-01  8.92714E-01  9.64690E-01  9.96306E-01
  1.90923E-01  6.77500E-01  8.58389E-01  9.50684E-01  9.93954E-01
 -5.98598E-01  4.03671E-02  5.55730E-01  8.46835E-01  9.87707E-01
  9.05284E-01  9.57893E-01  9.77370E-01  9.91586E-01  9.99076E-01
  7.76333E-01  8.97330E-01  9.50197E-01  9.83107E-01  9.97131E-01
  6.73656E-01  8.63982E-01  9.41554E-01  9.79622E-01  9.97407E-01
  6.06646E-01  8.54120E-01  9.25801E-01  9.75716E-01  9.97265E-01
  2.67354E-01  5.94228E-01  8.08121E-01  9.42062E-01  9.94208E-01
  9.52305E-01  9.77088E-01  9.89269E-01  9.95698E-01  9.99340E-01
  8.79352E-01  9.40701E-01  9.73917E-01  9.92551E-01  9.99098E-01
  8.51505E-01  9.30415E-01  9.68418E-01  9.91638E-01  9.99086E-01
  7.72582E-01  8.94593E-01  9.54757E-01  9.86243E-01  9.98333E-01
  7.51355E-01  8.67576E-01  9.37545E-01  9.78518E-01  9.98299E-01
  9.85088E-01  9.91853E-01  9.95423E-01  9.98581E-01  9.99718E-01
  9.71366E-01  9.86688E-01  9.93229E-01  9.97041E-01  9.99519E-01
  9.52877E-01  9.77213E-01  9.90597E-01  9.96916E-01  9.99722E-01
  9.41589E-01  9.74818E-01  9.89005E-01  9.95891E-01  9.99459E-01
  9.28167E-01  9.68321E-01  9.85924E-01  9.95114E-01  9.99460E-01

  5.79000E-01 
 
  3.49486E+00  4.53075E+00  4.99212E+00  5.26721E+00  5.42379E+00
 
  5.53107E-01  7.35305E-01  8.31910E-01  9.08908E-01  9.72369E-01
  5.35812E-01  7.18515E-01  8.20896E-01  8.97463E-01  9.69906E-01
  5.03021E-01  6.93759E-01  8.02186E-01  8.90366E-01  9.65445E-01
  4.43575E-01  6.39769E-01  7.75573E-01  8.76738E-01  9.61854E-01
  3.16529E-01  4.89755E-01  6.17234E-01  7.53665E-01  8.92655E-01
 
 -9.30208E-01 -5.88284E-01 -3.88926E-02  5.51193E-01  9.39599E-01
 -9.26572E-01 -5.94980E-01  1.29515E-03  6.54134E-01  9.40956E-01
 -9.53248E-01 -5.80285E-01 -3.54940E-02  5.75526E-01  9.14903E-01
 -9.44447E-01 -5.97838E-01 -2.04143E-02  5.46716E-01  9.59626E-01
 -9.28648E-01 -5.54766E-01 -2.06289E-02  4.87781E-01  9.35424E-01
 -9.12614E-01 -5.10326E-01  1.19635E-02  6.19011E-01  9.59155E-01
 -9.17102E-01 -5.56785E-01 -7.85824E-02  5.89681E-01  9.54132E-01
 -9.40568E-01 -5.28795E-01  1.41769E-01  6.18896E-01  9.57648E-01
 -8.99939E-01 -5.38836E-01 -7.97566E-03  6.42182E-01  9.51929E-01
 -9.50262E-01 -5.78393E-01 -4.80520E-02  5.12683E-01  9.42870E-01
 -9.40155E-01 -5.71712E-01  4.65824E-02  5.52992E-01  9.46598E-01
 -9.45600E-01 -5.02929E-01  6.65308E-02  5.91390E-01  9.27288E-01
 -9.24612E-01 -5.07620E-01  9.67155E-03  5.93461E-01  9.19618E-01
 -9.45888E-01 -5.04324E-01  1.07732E-01  5.94609E-01  8.99593E-01
 -9.50165E-01 -5.75327E-01  4.81281E-02  6.48783E-01  9.43406E-01
 -9.69224E-01 -6.34869E-01 -7.23063E-02  5.67278E-01  9.42495E-01
 -9.24978E-01 -4.15997E-01  1.53719E-01  6.51812E-01  9.50309E-01
 -9.26935E-01 -5.35313E-01 -3.34191E-02  5.28683E-01  9.64626E-01
 -9.32503E-01 -4.49666E-01  1.44480E-01  6.66639E-01  9.65431E-01
 -9.40393E-01 -6.12305E-01 -4.20862E-02  5.72063E-01  9.49643E-01
 -9.43370E-01 -6.28930E-01 -7.74135E-02  5.13506E-01  9.29083E-01
 -9.44604E-01 -6.21303E-01 -4.68299E-02  5.91845E-01  9.30759E-01
 -9.16249E-01 -6.01529E-01  6.19694E-03  6.02901E-01  9.59334E-01
 -9.41836E-01 -5.35207E-01  1.24140E-01  5.85405E-01  9.31741E-01
 -9.46323E-01 -5.30326E-01  6.75078E-02  6.10027E-01  9.67919E-01

  6.05350E-01 
 
  3.55762E+00  4.55406E+00  5.02378E+00  5.29000E+00  5.43376E+00
 
  5.54457E-01  7.30185E-01  8.31280E-01  9.07889E-01  9.73267E-01
  5.20120E-01  7.15228E-01  8.20845E-01  8.99901E-01  9.69978E-01
  5.13010E-01  6.89264E-01  7.96706E-01  8.88655E-01  9.67670E-01
  4.35746E-01  6.29152E-01  7.51614E-01  8.58355E-01  9.52629E-01
  3.21749E-01  4.91744E-01  6.29464E-01  7.61287E-01  8.90210E-01
 
 -9.44284E-01 -5.57495E-01 -5.58068E-02  6.03546E-01  9.54612E-01
 -9.51586E-01 -5.56125E-01  1.59389E-02  5.12910E-01  9.25666E-01
 -9.14678E-01 -5.26685E-01  3.76455E-02  6.14763E-01  9.45262E-01
 -9.50033E-01 -5.48396E-01  2.98049E-02  6.27249E-01  9.56599E-01
 -9.48535E-01 -6.25285E-01 -1.02026E-01  4.88477E-01  9.25065E-01
 -9.62522E-01 -5.26088E-01  1.32476E-01  6.99908E-01  9.54895E-01
 -9.40351E-01 -5.19177E-01  1.15717E-01  6.42569E-01  9.49410E-01
 -9.35005E-01 -5.28375E-01  1.57664E-01  6.57662E-01  9.60408E-01
 -9.56645E-01 -5.53530E-01  2.09226E-02  5.63157E-01  9.42743E-01
 -9.28263E-01 -4.62851E-01  6.44552E-02  6.84772E-01  9.68064E-01
 -9.38377E-01 -5.20449E-01  3.03024E-02  5.77073E-01  9.54533E-01
 -9.24931E-01 -4.90454E-01  1.45214E-01  6.16533E-01  9.60345E-01
 -9.53422E-01 -5.69497E-01 -3.30842E-02  5.72924E-01  9.28252E-01
 -9.29624E-01 -5.26797E-01  3.58163E-02  6.26742E-01  9.54447E-01
 -9.35629E-01 -6.20784E-01  2.14782E-03  6.19536E-01  9.66868E-01
 -9.32283E-01 -5.95394E-01  7.45217E-02  5.61094E-01  9.52102E-01
 -9.03345E-01 -5.15777E-01  1.73947E-01  6.56986E-01  9.68617E-01
 -9.12679E-01 -5.53338E-01  1.83698E-01  6.69786E-01  9.68461E-01
 -9.49221E-01 -6.29171E-01  8.12910E-03  5.39153E-01  9.22438E-01
 -9.55443E-01 -6.74025E-01 -1.03668E-01  5.82985E-01  9.23646E-01
 -5.21063E-01  1.59188E-01  5.56833E-01  8.58750E-01  9.73558E-01
 -6.26140E-01  7.79873E-02  5.57695E-01  8.51599E-01  9.79668E-01
 -7.24850E-01 -2.99899E-02  4.85779E-01  7.75032E-01  9.71839E-01
 -5.95026E-01  1.40434E-02  4.46781E-01  7.87798E-01  9.78121E-01
 -7.63910E-01 -2.10934E-01  3.19426E-01  7.28102E-01  9.71546E-01

  6.87600E-01 
 
  3.87878E+00  4.82550E+00  5.20543E+00  5.37966E+00  5.47526E+00
 
  5.54561E-01  7.30353E-01  8.31664E-01  9.10556E-01  9.72584E-01
  4.98852E-01  6.81530E-01  7.95779E-01  8.88169E-01  9.64763E-01
  4.30879E-01  6.26629E-01  7.52287E-01  8.57038E-01  9.54069E-01
  3.36619E-01  5.39676E-01  6.82986E-01  8.13830E-01  9.36576E-01
  2.93596E-01  4.52951E-01  5.77204E-01  7.02777E-01  8.58645E-01
 
 -9.33892E-01 -5.59414E-01  3.66310E-02  5.96123E-01  9.68807E-01
 -9.64619E-01 -6.28375E-01 -4.50798E-02  6.86142E-01  9.67639E-01
 -9.43828E-01 -5.86590E-01  3.44035E-02  6.40195E-01  9.66030E-01
 -9.59051E-01 -6.23850E-01 -9.02849E-02  4.54291E-01  9.25857E-01
 -9.64557E-01 -6.00268E-01  1.52654E-02  6.25494E-01  9.52364E-01
 -9.55849E-01 -5.80702E-01  6.74779E-02  6.25425E-01  9.39444E-01
 -9.55916E-01 -5.88215E-01  8.12065E-02  6.05395E-01  8.98857E-01
 -9.36531E-01 -6.23554E-01 -7.02450E-02  5.52247E-01  9.53910E-01
 -9.47416E-01 -5.20317E-01  6.94421E-02  6.25826E-01  9.41173E-01
 -9.67822E-01 -5.73666E-01  8.41853E-03  5.29122E-01  9.47609E-01
 -9.45780E-01 -6.43482E-01  1.05357E-02  6.12717E-01  9.59579E-01
 -9.37354E-01 -5.74357E-01 -1.05174E-02  5.71866E-01  9.59093E-01
 -9.52461E-01 -6.07416E-01  8.59309E-03  5.99970E-01  9.49301E-01
 -9.51423E-01 -6.54507E-01  9.74191E-02  6.39312E-01  9.69976E-01
 -9.49787E-01 -6.06465E-01  2.13424E-02  6.06322E-01  9.53431E-01
 -6.67297E-01  9.47688E-03  4.65161E-01  7.85335E-01  9.77629E-01
 -8.57236E-01 -2.99379E-01  3.07459E-01  7.97619E-01  9.76867E-01
 -8.74361E-01 -3.43792E-01  3.02615E-01  7.22454E-01  9.82579E-01
 -9.28022E-01 -4.79785E-01  3.97770E-02  6.65490E-01  9.66519E-01
 -9.13590E-01 -4.23918E-01  1.74982E-01  6.25670E-01  9.35270E-01
  3.97718E-01  7.36977E-01  8.69788E-01  9.59286E-01  9.95874E-01
  1.84434E-01  6.22758E-01  8.41427E-01  9.46084E-01  9.94712E-01
  2.67923E-02  4.95089E-01  7.82668E-01  9.13319E-01  9.92388E-01
  5.33146E-02  5.64786E-01  8.18079E-01  9.26776E-01  9.91912E-01
 -1.92104E-01  4.50206E-01  7.55448E-01  9.03246E-01  9.88581E-01

  8.38000E-01 
 
  4.53589E+00  5.26319E+00  5.39845E+00  5.46438E+00  5.52846E+00
 
  5.24664E-01  7.06488E-01  8.09373E-01  8.95604E-01  9.64895E-01
  3.11523E-01  5.26648E-01  6.63516E-01  7.92730E-01  9.29716E-01
  2.60371E-01  4.50844E-01  5.95174E-01  7.55728E-01  9.15624E-01
  2.59684E-01  4.18310E-01  5.51812E-01  6.92275E-01  8.71010E-01
  2.26414E-01  3.51523E-01  4.55366E-01  5.70565E-01  7.45936E-01
 
 -9.41313E-01 -5.72868E-01 -2.70799E-02  5.48358E-01  9.46798E-01
 -9.31665E-01 -4.93190E-01  2.44872E-02  6.18147E-01  9.66168E-01
 -9.38689E-01 -5.40529E-01  8.66968E-02  6.22125E-01  9.49938E-01
 -9.29492E-01 -5.33844E-01  8.67990E-03  5.81512E-01  9.56931E-01
 -9.39602E-01 -5.59311E-01  7.32643E-02  6.18364E-01  9.45061E-01
 -8.02048E-01 -2.49715E-01  2.54646E-01  6.79927E-01  9.66984E-01
 -9.44074E-01 -5.95666E-01  1.14198E-02  6.20414E-01  9.35926E-01
 -9.53066E-01 -6.48108E-01  2.03779E-02  5.57968E-01  9.28853E-01
 -9.53153E-01 -6.49410E-01 -1.01401E-01  5.05375E-01  9.41912E-01
 -9.74646E-01 -6.48097E-01 -4.79485E-02  5.46063E-01  9.39423E-01
  1.73694E-01  6.69351E-01  8.81704E-01  9.67333E-01  9.96851E-01
 -4.28044E-01  3.27554E-01  6.76394E-01  9.01869E-01  9.89099E-01
 -5.99238E-01  5.48753E-02  5.45266E-01  8.25602E-01  9.82536E-01
 -7.62481E-01 -1.32471E-01  4.04968E-01  7.77090E-01  9.76332E-01
 -8.57641E-01 -3.05312E-01  2.20244E-01  6.53508E-01  9.64075E-01
  6.42715E-01  8.46746E-01  9.42227E-01  9.81797E-01  9.98654E-01
  3.83447E-01  7.47729E-01  8.93070E-01  9.60766E-01  9.95004E-01
  2.33699E-01  6.44052E-01  8.49964E-01  9.51186E-01  9.91861E-01
  1.32891E-01  5.95616E-01  8.29960E-01  9.42447E-01  9.93664E-01
 -4.45356E-01  3.24764E-01  7.08148E-01  9.15720E-01  9.91207E-01
  8.11612E-01  9.31148E-01  9.71147E-01  9.90821E-01  9.98861E-01
  7.33277E-01  8.91261E-01  9.54961E-01  9.85247E-01  9.98684E-01
  7.13505E-01  8.71887E-01  9.45981E-01  9.82697E-01  9.97986E-01
  6.78138E-01  8.54973E-01  9.42559E-01  9.81515E-01  9.97855E-01
  5.38219E-01  8.05846E-01  9.09131E-01  9.75923E-01  9.97679E-01

  9.90250E-01 
 
  5.29319E+00  5.40902E+00  5.46398E+00  5.51319E+00  5.57455E+00
 
  7.15487E-02  2.37853E-01  3.97271E-01  6.03147E-01  8.38119E-01
  1.26429E-01  2.58612E-01  3.86277E-01  5.43843E-01  7.91134E-01
  1.31991E-01  2.57440E-01  3.72433E-01  5.12348E-01  7.47589E-01
  1.30144E-01  2.40831E-01  3.45090E-01  4.60810E-01  6.65603E-01
  1.08606E-01  1.98684E-01  2.70005E-01  3.63354E-01  5.17302E-01
 
  9.01134E-01  9.74814E-01  9.91294E-01  9.96923E-01  9.99488E-01
  9.92053E-02  8.51551E-01  9.78960E-01  9.94907E-01  9.99534E-01
 -3.32842E-01  3.70629E-01  8.31540E-01  9.73613E-01  9.98535E-01
 -7.19641E-01 -9.42254E-02  4.53020E-01  8.38058E-01  9.81898E-01
 -8.90321E-01 -3.48466E-01  1.78257E-01  6.88925E-01  9.71044E-01
  9.25740E-01  9.73567E-01  9.89753E-01  9.96511E-01  9.99574E-01
  7.88294E-01  9.37396E-01  9.76764E-01  9.93732E-01  9.99382E-01
  6.57191E-01  8.73070E-01  9.51538E-01  9.86301E-01  9.98220E-01
  3.77390E-01  7.75658E-01  9.23345E-01  9.74939E-01  9.98314E-01
 -2.63701E-01  3.34800E-01  7.01789E-01  8.99209E-01  9.89927E-01
  9.34890E-01  9.77529E-01  9.91665E-01  9.96860E-01  9.99594E-01
  8.63470E-01  9.44399E-01  9.79027E-01  9.93048E-01  9.99349E-01
  7.20681E-01  9.15844E-01  9.64746E-01  9.89448E-01  9.99052E-01
  6.57995E-01  8.72064E-01  9.52355E-01  9.85037E-01  9.97807E-01
  4.53313E-01  7.27449E-01  8.79670E-01  9.63413E-01  9.96442E-01
  9.60481E-01  9.84736E-01  9.93941E-01  9.98046E-01  9.99830E-01
  9.21784E-01  9.68702E-01  9.86913E-01  9.95510E-01  9.99608E-01
  8.79574E-01  9.48816E-01  9.76301E-01  9.92690E-01  9.99024E-01
  8.02234E-01  9.25341E-01  9.70801E-01  9.92206E-01  9.99265E-01
  7.51079E-01  8.85803E-01  9.47777E-01  9.80634E-01  9.97649E-01
  9.85605E-01  9.93803E-01  9.97830E-01  9.99451E-01  9.99908E-01
  9.66988E-01  9.86238E-01  9.94346E-01  9.97743E-01  9.99852E-01
  9.55813E-01  9.82681E-01  9.91750E-01  9.97406E-01  9.99728E-01
  9.50724E-01  9.76879E-01  9.89848E-01  9.96725E-01  9.99561E-01
  9.24640E-01  9.65000E-01  9.85744E-01  9.94968E-01  9.99280E-01

  5.23800E-01 
 
  4.47953E+00  6.07506E+00  6.81854E+00  7.30008E+00  7.66796E+00
 
  5.50787E-01  7.16220E-01  8.20878E-01  8.97969E-01  9.69259E-01
  5.18745E-01  6.93027E-01  8.05658E-01  8.93049E-01  9.68566E-01
  4.83040E-01  6.55740E-01  7.78752E-01  8.77304E-01  9.60581E-01
  4.89647E-01  6.53383E-01  7.66375E-01  8.66940E-01  9.59575E-01
  3.50915E-01  5.18172E-01  6.51901E-01  7.80777E-01  9.14038E-01
 
 -9.31333E-01 -5.20678E-01  7.71146E-03  5.90610E-01  9.42799E-01
 -9.44713E-01 -5.98128E-01  2.63932E-02  6.26638E-01  9.22981E-01
 -9.40617E-01 -6.61591E-01 -1.47083E-01  4.55265E-01  9.24844E-01
 -9.52299E-01 -6.64056E-01 -9.04615E-02  5.99583E-01  9.41948E-01
 -9.46413E-01 -6.19308E-01 -3.80615E-02  6.37699E-01  9.52030E-01
 -9.36462E-01 -4.86099E-01  1.24353E-01  6.58345E-01  9.80980E-01
 -9.08708E-01 -4.19034E-01  1.70473E-01  6.10921E-01  9.22172E-01
 -9.58323E-01 -4.95364E-01  5.12531E-02  6.12416E-01  9.49684E-01
 -9.44251E-01 -6.20762E-01  8.86642E-02  6.02736E-01  9.45183E-01
 -9.28918E-01 -5.59748E-01  4.73606E-02  6.15247E-01  9.44667E-01
 -9.09594E-01 -6.12837E-01 -2.97447E-02  5.96600E-01  9.53281E-01
 -9.47440E-01 -5.17278E-01 -4.86394E-02  4.78726E-01  9.30093E-01
 -9.48826E-01 -5.88318E-01  3.17818E-02  6.09609E-01  9.41202E-01
 -9.46196E-01 -5.46006E-01  1.20194E-01  6.39651E-01  9.65509E-01
 -9.39936E-01 -6.37618E-01 -3.13205E-02  5.35235E-01  9.38446E-01
 -9.45266E-01 -5.23145E-01  1.39166E-01  6.45466E-01  9.27016E-01
 -9.51195E-01 -5.88694E-01  5.20737E-02  5.64588E-01  9.68421E-01
 -9.57483E-01 -6.36074E-01  4.27029E-02  6.39133E-01  9.63282E-01
 -9.42798E-01 -6.10776E-01  6.64830E-02  5.52989E-01  9.40198E-01
 -9.33528E-01 -5.88347E-01 -2.33186E-03  5.39325E-01  9.55869E-01
 -8.98134E-01 -5.29164E-01  8.39271E-04  6.24804E-01  9.31639E-01
 -9.59154E-01 -5.58760E-01  3.38661E-02  6.22101E-01  9.54185E-01
 -9.16978E-01 -4.70108E-01  7.14005E-02  6.49516E-01  9.31197E-01
 -9.19122E-01 -5.32369E-01  4.94972E-02  6.45176E-01  9.73709E-01
 -9.44308E-01 -4.92202E-01  1.07713E-01  6.18205E-01  9.59562E-01

  5.41250E-01 
 
  4.58910E+00  6.12965E+00  6.86619E+00  7.33628E+00  7.67664E+00
 
  5.40638E-01  7.16420E-01  8.15861E-01  9.00538E-01  9.70959E-01
  5.09016E-01  6.85103E-01  7.97952E-01  8.90042E-01  9.68091E-01
  4.95437E-01  6.64569E-01  7.87372E-01  8.83655E-01  9.63619E-01
  4.56926E-01  6.50964E-01  7.69330E-01  8.60153E-01  9.56947E-01
  3.36402E-01  5.15631E-01  6.49366E-01  7.78448E-01  9.18002E-01
 
 -9.66184E-01 -5.59001E-01  3.92836E-02  6.25678E-01  9.60882E-01
 -9.28423E-01 -4.56831E-01  1.11309E-01  6.56643E-01  9.58386E-01
 -9.31460E-01 -5.90914E-01  3.96005E-02  6.28125E-01  9.69986E-01
 -9.28433E-01 -5.51368E-01  3.90726E-02  5.84261E-01  9.32555E-01
 -9.17820E-01 -4.90794E-01 -1.75422E-02  6.03713E-01  9.66987E-01
 -9.26582E-01 -5.39369E-01  1.08080E-01  6.14347E-01  9.42901E-01
 -9.38169E-01 -5.48861E-01  2.84404E-02  6.08400E-01  9.48347E-01
 -9.46287E-01 -6.21703E-01 -2.25447E-02  5.37440E-01  9.12793E-01
 -9.36758E-01 -5.53817E-01  1.10845E-01  6.28784E-01  9.66221E-01
 -9.10646E-01 -5.73350E-01 -1.26620E-02  5.32596E-01  9.47799E-01
 -9.39750E-01 -5.59249E-01 -6.94030E-02  5.34153E-01  9.51518E-01
 -9.66494E-01 -6.71740E-01 -8.93708E-02  5.99002E-01  9.57540E-01
 -9.53745E-01 -5.73803E-01 -1.93235E-02  5.31643E-01  9.17598E-01
 -9.40382E-01 -4.96857E-01  7.02285E-02  5.96543E-01  9.78331E-01
 -9.26658E-01 -4.68841E-01  9.59207E-02  7.00213E-01  9.58601E-01
 -9.19399E-01 -4.89971E-01 -8.72904E-03  5.81776E-01  9.67550E-01
 -9.39606E-01 -5.50967E-01 -1.80794E-02  6.23684E-01  9.62736E-01
 -9.11846E-01 -5.05496E-01  8.23882E-02  6.26531E-01  9.74026E-01
 -9.54529E-01 -5.84179E-01 -8.93263E-02  5.99174E-01  9.47315E-01
 -9.41617E-01 -5.68883E-01  8.45074E-04  5.57906E-01  9.29206E-01
 -6.62048E-01 -6.41234E-02  4.60497E-01  8.08209E-01  9.76175E-01
 -9.21700E-01 -5.91430E-02  4.52201E-01  8.21351E-01  9.72718E-01
 -7.72600E-01 -1.69428E-01  3.47955E-01  7.38060E-01  9.79146E-01
 -7.41160E-01 -3.17553E-01  2.88519E-01  7.14716E-01  9.74977E-01
 -8.27968E-01 -2.96785E-01  2.47272E-01  7.45911E-01  9.75452E-01

  6.08900E-01 
 
  4.89014E+00  6.43010E+00  7.12563E+00  7.51198E+00  7.75045E+00
 
  5.40133E-01  7.07792E-01  8.15160E-01  8.97590E-01  9.68901E-01
  5.05559E-01  6.83983E-01  7.94169E-01  8.87185E-01  9.64722E-01
  4.66690E-01  6.50990E-01  7.66565E-01  8.68346E-01  9.54647E-01
  4.03281E-01  5.94031E-01  7.15602E-01  8.29475E-01  9.44412E-01
  2.97356E-01  4.43887E-01  5.67130E-01  7.03676E-01  8.65314E-01
 
 -9.45830E-01 -6.15747E-01 -6.30495E-02  5.34773E-01  9.43823E-01
 -9.56422E-01 -6.91645E-01 -1.26965E-01  5.08287E-01  9.04113E-01
 -9.31655E-01 -5.46052E-01  5.43845E-02  6.60733E-01  9.48017E-01
 -9.38590E-01 -5.50974E-01 -2.05814E-02  5.67460E-01  9.47649E-01
 -9.36777E-01 -6.14899E-01 -5.15211E-02  5.91041E-01  9.50845E-01
 -9.45597E-01 -5.57565E-01 -6.71555E-02  5.73214E-01  9.53498E-01
 -9.49414E-01 -5.69865E-01 -2.50423E-02  5.38758E-01  9.26512E-01
 -9.33055E-01 -5.13707E-01 -2.45235E-02  5.35365E-01  9.43683E-01
 -9.48984E-01 -5.76738E-01  5.81357E-03  4.99388E-01  9.52134E-01
 -9.58293E-01 -6.28487E-01 -3.75380E-02  6.15263E-01  9.57085E-01
 -9.43128E-01 -3.86556E-01  1.89027E-01  7.27888E-01  9.56083E-01
 -9.20605E-01 -4.91208E-01  1.66367E-01  6.90311E-01  9.60117E-01
 -9.47516E-01 -4.77663E-01  5.20016E-02  6.25862E-01  9.37776E-01
 -9.23101E-01 -4.34375E-01  1.08271E-01  5.88411E-01  9.31144E-01
 -9.39871E-01 -5.93849E-01  5.57540E-02  5.78470E-01  9.47005E-01
 -8.66308E-01 -4.12199E-01  1.85039E-01  7.24683E-01  9.53898E-01
 -9.01730E-01 -2.94914E-01  2.27995E-01  6.75576E-01  9.54688E-01
 -8.72669E-01 -2.34481E-01  3.71397E-01  7.25426E-01  9.57422E-01
 -9.16340E-01 -3.07874E-01  3.00881E-01  6.77665E-01  9.56481E-01
 -9.51458E-01 -5.73847E-01  1.44233E-01  6.51806E-01  9.52783E-01
 -2.14100E-04  5.41579E-01  8.00582E-01  9.46507E-01  9.94942E-01
 -1.48135E-01  3.61679E-01  7.22207E-01  9.04752E-01  9.87043E-01
 -1.94320E-01  2.42402E-01  6.50717E-01  8.77171E-01  9.88854E-01
 -2.06553E-01  2.78781E-01  6.04060E-01  8.61961E-01  9.85825E-01
 -3.70868E-01  2.06783E-01  6.73315E-01  8.92586E-01  9.85620E-01

  7.55750E-01 
 
  5.70911E+00  7.11136E+00  7.56624E+00  7.73145E+00  7.83356E+00
 
  5.37872E-01  7.08441E-01  8.05551E-01  8.95214E-01  9.66018E-01
  4.57189E-01  6.26912E-01  7.50426E-01  8.57326E-01  9.54507E-01
  3.33051E-01  4.97729E-01  6.34795E-01  7.72689E-01  9.15719E-01
  2.40111E-01  3.95822E-01  5.29187E-01  6.90333E-01  8.83123E-01
  2.22829E-01  3.50177E-01  4.51486E-01  5.65053E-01  7.41590E-01
 
 -9.62570E-01 -6.45872E-01  4.25650E-02  6.14623E-01  9.49516E-01
 -9.20046E-01 -5.63444E-01  9.83358E-02  6.26898E-01  9.46145E-01
 -9.31295E-01 -5.71854E-01 -1.79317E-03  5.96058E-01  9.43690E-01
 -9.52903E-01 -5.88503E-01 -2.50472E-02  5.73851E-01  9.41571E-01
 -9.61306E-01 -5.96008E-01  2.01095E-02  6.19951E-01  9.61037E-01
 -9.17450E-01 -5.74800E-01  4.54917E-02  6.42315E-01  9.44950E-01
 -9.33648E-01 -5.84259E-01  9.25788E-02  6.37898E-01  9.51588E-01
 -9.09261E-01 -5.67751E-01  6.74083E-02  6.13741E-01  9.43207E-01
 -9.42439E-01 -5.89488E-01  4.41969E-02  6.16653E-01  9.62118E-01
 -9.28459E-01 -4.96576E-01  9.06498E-02  6.82689E-01  9.58425E-01
 -7.34122E-01 -8.60989E-02  4.35368E-01  8.17128E-01  9.81822E-01
 -8.59786E-01 -2.98392E-01  3.39919E-01  7.62475E-01  9.79114E-01
 -8.92094E-01 -2.20793E-01  4.22762E-01  7.88530E-01  9.72922E-01
 -8.80024E-01 -2.96346E-01  3.83903E-01  8.19558E-01  9.86256E-01
 -9.27093E-01 -5.16444E-01  1.27290E-01  6.25568E-01  9.56834E-01
  4.12530E-01  7.78838E-01  9.18220E-01  9.74344E-01  9.97173E-01
  1.11138E-01  5.75426E-01  8.61579E-01  9.52321E-01  9.96495E-01
 -7.42493E-02  5.36410E-01  8.06488E-01  9.31399E-01  9.91732E-01
 -2.27069E-01  2.52817E-01  6.46572E-01  8.74850E-01  9.84244E-01
 -6.55710E-01 -1.66394E-02  4.45295E-01  8.02023E-01  9.75792E-01
  7.88414E-01  9.19106E-01  9.70237E-01  9.90074E-01  9.98953E-01
  7.25718E-01  8.84397E-01  9.56774E-01  9.86207E-01  9.97958E-01
  6.01907E-01  8.33284E-01  9.32518E-01  9.79482E-01  9.97633E-01
  6.16315E-01  8.22165E-01  9.23298E-01  9.72411E-01  9.97450E-01
  5.51001E-01  7.75282E-01  8.99088E-01  9.67178E-01  9.95022E-01

  9.79400E-01 
 
  7.58799E+00  7.71642E+00  7.77697E+00  7.83103E+00  7.89640E+00
 
  8.11722E-02  2.29665E-01  3.85242E-01  5.66506E-01  8.34703E-01
  1.10603E-01  2.06387E-01  3.05639E-01  4.29641E-01  6.96476E-01
  1.17518E-01  2.08086E-01  2.95643E-01  4.12039E-01  6.34312E-01
  1.19061E-01  2.04730E-01  2.82668E-01  3.83298E-01  5.74553E-01
  1.10115E-01  1.80329E-01  2.46168E-01  3.23112E-01  4.62717E-01
 
  9.16824E-01  9.85294E-01  9.94735E-01  9.98425E-01  9.99817E-01
  8.18518E-02  6.41164E-01  8.59372E-01  9.79334E-01  9.98568E-01
 -2.38378E-01  2.31444E-01  6.52414E-01  8.95785E-01  9.88571E-01
 -4.74481E-01  3.26127E-02  4.39086E-01  8.24543E-01  9.78039E-01
 -9.06874E-01 -4.19796E-01  1.54963E-01  6.58057E-01  9.61639E-01
  9.45547E-01  9.83516E-01  9.93518E-01  9.97892E-01  9.99829E-01
  8.79731E-01  9.60940E-01  9.85967E-01  9.96089E-01  9.99651E-01
  8.06318E-01  9.38162E-01  9.78663E-01  9.93208E-01  9.99037E-01
  5.16046E-01  8.55192E-01  9.47655E-01  9.85355E-01  9.98681E-01
  1.01859E-02  5.26365E-01  7.90542E-01  9.35567E-01  9.90241E-01
  9.67936E-01  9.88198E-01  9.95533E-01  9.98489E-01  9.99878E-01
  9.12453E-01  9.68173E-01  9.87411E-01  9.95812E-01  9.99488E-01
  8.73271E-01  9.60442E-01  9.83769E-01  9.94258E-01  9.99122E-01
  7.88352E-01  9.26463E-01  9.71174E-01  9.91206E-01  9.99328E-01
  5.52893E-01  8.29093E-01  9.22566E-01  9.76889E-01  9.97971E-01
  9.73328E-01  9.89946E-01  9.96112E-01  9.98788E-01  9.99881E-01
  9.41189E-01  9.77846E-01  9.91473E-01  9.97732E-01  9.99762E-01
  9.08212E-01  9.69995E-01  9.89389E-01  9.96675E-01  9.99542E-01
  8.53917E-01  9.43670E-01  9.77511E-01  9.93633E-01  9.99583E-01
  7.41328E-01  8.89836E-01  9.56522E-01  9.86864E-01  9.98939E-01
  9.87129E-01  9.95246E-01  9.98098E-01  9.99417E-01  9.99932E-01
  9.72105E-01  9.90462E-01  9.96417E-01  9.98803E-01  9.99862E-01
  9.59518E-01  9.85848E-01  9.94392E-01  9.98041E-01  9.99797E-01
  9.44034E-01  9.76688E-01  9.89228E-01  9.96630E-01  9.99589E-01
  9.17078E-01  9.58456E-01  9.82404E-01  9.94809E-01  9.99239E-01

  4.68650E-01 
 
  5.94400E+00  8.08422E+00  9.28069E+00  1.00860E+01  1.07781E+01
 
  5.32521E-01  7.14689E-01  8.14792E-01  9.00795E-01  9.70561E-01
  5.00005E-01  6.71919E-01  7.92699E-01  8.83647E-01  9.63377E-01
  4.67534E-01  6.67407E-01  7.80597E-01  8.74476E-01  9.57514E-01
  4.54651E-01  6.36654E-01  7.54595E-01  8.61070E-01  9.53645E-01
  3.40760E-01  5.13629E-01  6.47711E-01  7.81593E-01  9.26751E-01
 
 -9.52753E-01 -5.14606E-01  7.32960E-02  6.96402E-01  9.78735E-01
 -9.35394E-01 -6.06104E-01 -4.77392E-02  5.29189E-01  9.37053E-01
 -9.25410E-01 -5.48666E-01  7.80877E-02  6.42702E-01  9.61575E-01
 -9.34514E-01 -5.22337E-01  1.01838E-01  6.77117E-01  9.42522E-01
 -9.46041E-01 -5.13115E-01  9.25286E-02  6.13781E-01  9.65367E-01
 -8.87742E-01 -5.33787E-01  3.74522E-02  6.16824E-01  9.59630E-01
 -9.41609E-01 -5.46252E-01  3.08126E-02  5.11458E-01  9.68315E-01
 -9.57459E-01 -5.84986E-01  4.01724E-02  6.11993E-01  9.42648E-01
 -9.61307E-01 -5.74991E-01  1.31963E-01  6.47744E-01  9.28942E-01
 -9.59550E-01 -5.95160E-01  5.85367E-02  5.69263E-01  9.54047E-01
 -9.64511E-01 -7.08397E-01 -9.72861E-02  4.70647E-01  9.00275E-01
 -9.39893E-01 -5.29227E-01 -2.69395E-02  5.45229E-01  9.50952E-01
 -9.53520E-01 -5.68939E-01  3.88646E-02  5.83814E-01  9.34840E-01
 -9.44445E-01 -5.88153E-01 -9.32587E-02  5.65599E-01  9.39059E-01
 -9.46010E-01 -5.34003E-01  1.36063E-01  6.38674E-01  9.62459E-01
 -9.62972E-01 -5.92001E-01 -8.04990E-02  4.47451E-01  9.23535E-01
 -9.46884E-01 -6.12295E-01 -1.14406E-02  5.60008E-01  9.52036E-01
 -9.75092E-01 -4.51474E-01  4.14897E-02  5.86346E-01  9.50483E-01
 -9.38750E-01 -5.37767E-01  2.58459E-03  5.48685E-01  9.26312E-01
 -9.71866E-01 -6.57099E-01 -6.53833E-03  5.11502E-01  9.42245E-01
 -9.26491E-01 -5.89890E-01  6.95426E-02  5.78096E-01  9.64704E-01
 -9.21203E-01 -5.55336E-01  4.20335E-02  7.10967E-01  9.45870E-01
 -9.25497E-01 -5.89017E-01 -4.78440E-03  6.53561E-01  9.61441E-01
 -9.54717E-01 -6.41404E-01 -1.16595E-01  5.40134E-01  9.15653E-01
 -9.03781E-01 -4.80738E-01  8.77792E-02  6.99918E-01  9.56207E-01

  4.90300E-01 
 
  6.09742E+00  8.26890E+00  9.40639E+00  1.01493E+01  1.07999E+01
 
  5.24262E-01  7.20431E-01  8.23086E-01  9.05238E-01  9.68776E-01
  4.86404E-01  6.52828E-01  7.77675E-01  8.75784E-01  9.59215E-01
  4.72573E-01  6.43429E-01  7.73961E-01  8.71483E-01  9.57858E-01
  4.43331E-01  6.28858E-01  7.56740E-01  8.62116E-01  9.53163E-01
  3.37379E-01  4.96648E-01  6.33778E-01  7.69437E-01  9.13215E-01
 
 -9.48519E-01 -6.58923E-01 -1.47542E-01  6.23565E-01  9.46974E-01
 -9.54272E-01 -6.18904E-01  6.17120E-02  5.75865E-01  9.48063E-01
 -9.11120E-01 -5.68902E-01 -5.06551E-02  5.91330E-01  9.60961E-01
 -9.19388E-01 -5.51097E-01  1.15171E-01  6.05620E-01  9.43990E-01
 -9.42957E-01 -5.58534E-01  2.33251E-02  5.88872E-01  9.60400E-01
 -9.33604E-01 -5.16163E-01  1.00722E-01  5.88910E-01  9.53833E-01
 -9.28528E-01 -5.65403E-01 -1.41698E-02  5.42052E-01  9.36096E-01
 -9.51930E-01 -5.57045E-01 -1.01429E-03  5.18537E-01  9.40921E-01
 -9.22515E-01 -5.14082E-01  2.87278E-02  6.00760E-01  9.07282E-01
 -8.83522E-01 -5.29684E-01  5.07133E-03  6.27156E-01  9.51352E-01
 -8.81291E-01 -3.81889E-01  1.52671E-01  6.75639E-01  9.64543E-01
 -9.19925E-01 -5.24211E-01  7.73957E-02  5.43556E-01  9.18779E-01
 -9.60724E-01 -5.67611E-01  9.25032E-02  6.65564E-01  9.61710E-01
 -9.09965E-01 -4.82731E-01  3.69542E-02  5.92750E-01  9.61355E-01
 -9.41751E-01 -6.52665E-01 -1.28365E-01  6.26324E-01  9.64677E-01
 -8.72632E-01 -4.12832E-01  5.78546E-02  5.86520E-01  9.41124E-01
 -9.19530E-01 -3.97173E-01  2.60966E-01  6.76130E-01  9.45796E-01
 -9.35168E-01 -4.80193E-01  1.12911E-01  6.66697E-01  9.57105E-01
 -8.81186E-01 -3.68285E-01  2.64966E-01  6.50012E-01  9.70161E-01
 -9.33222E-01 -4.80832E-01  1.38776E-01  6.60927E-01  9.58711E-01
 -7.48064E-01 -7.84734E-02  4.55942E-01  8.72674E-01  9.87395E-01
 -8.20089E-01 -2.05636E-01  3.52799E-01  7.93607E-01  9.75227E-01
 -8.57030E-01 -2.62847E-01  3.37287E-01  7.91337E-01  9.67882E-01
 -9.16929E-01 -3.72584E-01  1.53275E-01  6.47373E-01  9.73032E-01
 -9.18913E-01 -3.27864E-01  2.69889E-01  6.85771E-01  9.73349E-01

  5.54250E-01 
 
  6.35174E+00  8.62083E+00  9.72189E+00  1.04086E+01  1.09207E+01
 
  5.16739E-01  6.90778E-01  8.01918E-01  8.91838E-01  9.68243E-01
  4.81417E-01  6.74454E-01  7.86134E-01  8.75638E-01  9.59668E-01
  4.21595E-01  6.30284E-01  7.55857E-01  8.54205E-01  9.47521E-01
  4.07230E-01  5.80050E-01  7.10247E-01  8.24534E-01  9.43772E-01
  2.93500E-01  4.43283E-01  5.83965E-01  7.19047E-01  8.93008E-01
 
 -9.57533E-01 -5.85358E-01 -4.22437E-03  5.54318E-01  9.46557E-01
 -9.38095E-01 -5.43260E-01 -1.31842E-02  5.48460E-01  9.17919E-01
 -9.53428E-01 -5.69733E-01  4.80075E-02  5.65177E-01  9.52222E-01
 -9.46750E-01 -5.39721E-01 -7.55862E-02  5.81359E-01  9.55858E-01
 -9.24340E-01 -4.35359E-01  1.50660E-01  6.26588E-01  9.62887E-01
 -9.44328E-01 -5.60950E-01  6.14977E-02  6.58038E-01  9.56104E-01
 -9.52394E-01 -5.47714E-01  1.19262E-02  5.77036E-01  9.44568E-01
 -9.51508E-01 -5.28383E-01  7.26813E-02  5.99049E-01  9.41674E-01
 -9.21807E-01 -5.13496E-01  2.83927E-01  7.58688E-01  9.73062E-01
 -9.40129E-01 -5.95788E-01 -6.11679E-02  4.82689E-01  9.40537E-01
 -9.05417E-01 -4.64716E-01  1.40341E-01  6.63578E-01  9.54835E-01
 -9.18596E-01 -4.36986E-01  2.42237E-01  6.70884E-01  9.72835E-01
 -9.15257E-01 -4.44441E-01  1.25271E-01  6.71001E-01  9.73122E-01
 -9.21101E-01 -5.64161E-01  9.91427E-02  6.66406E-01  9.64228E-01
 -9.10554E-01 -5.11318E-01  4.03807E-02  5.80171E-01  9.35542E-01
 -8.45564E-01 -3.14226E-01  3.10411E-01  7.76302E-01  9.81730E-01
 -8.49549E-01 -1.72148E-01  4.11163E-01  7.38269E-01  9.79790E-01
 -8.89330E-01 -3.00598E-01  3.87556E-01  7.63837E-01  9.66110E-01
 -8.42015E-01 -3.17556E-01  3.40922E-01  7.36450E-01  9.56727E-01
 -9.28942E-01 -4.89669E-01  1.21184E-01  6.63237E-01  9.63500E-01
 -2.69967E-01  4.03858E-01  7.56014E-01  9.24155E-01  9.93799E-01
 -4.37357E-01  3.14418E-01  7.48002E-01  9.19455E-01  9.93314E-01
 -4.15002E-01  2.73634E-01  7.01260E-01  8.67268E-01  9.88663E-01
 -5.44416E-01  6.88672E-02  5.09215E-01  8.47871E-01  9.84785E-01
 -7.17620E-01 -5.90839E-02  4.79361E-01  8.31929E-01  9.80694E-01

  6.75750E-01 
 
  7.25349E+00  9.46436E+00  1.03678E+01  1.08323E+01  1.10872E+01
 
  5.11358E-01  6.86095E-01  8.06899E-01  8.97068E-01  9.70040E-01
  4.43043E-01  6.22850E-01  7.51077E-01  8.56959E-01  9.53743E-01
  3.76427E-01  5.45801E-01  6.79581E-01  8.07784E-01  9.38793E-01
  2.95906E-01  4.57087E-01  5.91271E-01  7.33676E-01  9.03615E-01
  2.20119E-01  3.32511E-01  4.54986E-01  5.81569E-01  7.83810E-01
 
 -9.49522E-01 -5.86961E-01  2.54604E-02  6.00959E-01  9.48519E-01
 -9.70271E-01 -6.16943E-01 -5.20818E-02  5.84161E-01  9.48296E-01
 -9.56808E-01 -5.27496E-01  1.16194E-01  6.10723E-01  9.59313E-01
 -9.53090E-01 -6.15221E-01 -3.42473E-02  5.09630E-01  9.57363E-01
 -9.24986E-01 -5.48358E-01 -9.01971E-03  5.68466E-01  9.64184E-01
 -9.37144E-01 -5.59306E-01  2.51336E-03  6.27332E-01  9.54644E-01
 -9.41276E-01 -6.28084E-01  4.72394E-02  6.59547E-01  9.56425E-01
 -9.27400E-01 -5.77388E-01  1.72566E-02  6.06682E-01  9.54375E-01
 -9.04825E-01 -3.82273E-01  1.73314E-01  6.53597E-01  9.59667E-01
 -9.32199E-01 -5.53820E-01  1.15904E-01  6.60040E-01  9.53614E-01
 -8.24169E-01 -2.18233E-01  3.29200E-01  7.92332E-01  9.83309E-01
 -8.35018E-01 -2.29733E-01  4.11738E-01  7.94892E-01  9.82307E-01
 -8.74776E-01 -2.61368E-01  3.17149E-01  7.42153E-01  9.60628E-01
 -9.38843E-01 -4.81153E-01  2.81341E-01  7.05209E-01  9.65383E-01
 -9.41279E-01 -4.41047E-01  1.74458E-01  7.65253E-01  9.68051E-01
 -4.24081E-01  2.31479E-01  7.06493E-01  9.30568E-01  9.92145E-01
 -7.00671E-01  1.89409E-01  7.06566E-01  9.08666E-01  9.89430E-01
 -7.31853E-01  1.72885E-01  6.96042E-01  8.98578E-01  9.92676E-01
 -7.21503E-01 -2.32681E-02  5.70865E-01  8.30748E-01  9.78890E-01
 -8.67302E-01 -4.00575E-01  2.90810E-01  7.47071E-01  9.64000E-01
  6.82148E-01  8.92763E-01  9.53621E-01  9.83140E-01  9.98540E-01
  4.96495E-01  7.91631E-01  9.25136E-01  9.78657E-01  9.97873E-01
  3.66217E-01  7.49537E-01  9.02149E-01  9.71647E-01  9.97973E-01
  3.80336E-01  7.24611E-01  8.61921E-01  9.45151E-01  9.94558E-01
  1.67814E-01  6.10757E-01  7.95467E-01  9.30083E-01  9.93314E-01

  9.58600E-01 
 
  1.07416E+01  1.09613E+01  1.10380E+01  1.11036E+01  1.11834E+01
 
  1.54204E-01  3.11293E-01  4.45357E-01  6.02690E-01  8.31264E-01
  9.81974E-02  1.71452E-01  2.43425E-01  3.54757E-01  6.59885E-01
  1.09622E-01  1.77231E-01  2.41180E-01  3.40543E-01  5.88497E-01
  1.14572E-01  1.81094E-01  2.45952E-01  3.41154E-01  5.54308E-01
  1.19899E-01  1.84356E-01  2.43008E-01  3.29400E-01  5.00292E-01
 
  9.40424E-02  5.51642E-01  7.89598E-01  9.70113E-01  9.97217E-01
 -7.19087E-02  2.45338E-01  6.39898E-01  8.68950E-01  9.87502E-01
 -2.98989E-01  1.64141E-01  5.31167E-01  8.38230E-01  9.76681E-01
 -6.36489E-01 -1.40748E-01  3.28738E-01  7.76928E-01  9.72290E-01
 -9.01069E-01 -3.92071E-01  2.52483E-01  7.44007E-01  9.78305E-01
  9.62554E-01  9.89035E-01  9.96169E-01  9.98743E-01  9.99839E-01
  9.03544E-01  9.72689E-01  9.89735E-01  9.96501E-01  9.99594E-01
  8.09957E-01  9.49689E-01  9.83196E-01  9.94193E-01  9.99361E-01
  5.11128E-01  8.73129E-01  9.59916E-01  9.87275E-01  9.98134E-01
 -9.62831E-02  3.95345E-01  7.13186E-01  8.95147E-01  9.87272E-01
  9.76072E-01  9.92330E-01  9.96559E-01  9.98701E-01  9.99874E-01
  9.28745E-01  9.80356E-01  9.92924E-01  9.97637E-01  9.99685E-01
  8.92643E-01  9.68036E-01  9.87297E-01  9.96376E-01  9.99573E-01
  7.95820E-01  9.39124E-01  9.78124E-01  9.91632E-01  9.99290E-01
  4.60621E-01  7.87228E-01  9.10124E-01  9.73017E-01  9.96720E-01
  9.76871E-01  9.92090E-01  9.96515E-01  9.98972E-01  9.99913E-01
  9.50152E-01  9.83408E-01  9.92978E-01  9.98062E-01  9.99785E-01
  9.18805E-01  9.74381E-01  9.89710E-01  9.97149E-01  9.99770E-01
  8.56445E-01  9.51270E-01  9.80559E-01  9.93416E-01  9.99075E-01
  6.82539E-01  8.69314E-01  9.45365E-01  9.82281E-01  9.98428E-01
  9.85539E-01  9.94706E-01  9.97690E-01  9.99319E-01  9.99902E-01
  9.69838E-01  9.88308E-01  9.94695E-01  9.98565E-01  9.99815E-01
  9.53359E-01  9.81589E-01  9.91793E-01  9.97565E-01  9.99687E-01
  9.09651E-01  9.67130E-01  9.86826E-01  9.94670E-01  9.99413E-01
  8.79589E-01  9.48090E-01  9.75375E-01  9.93010E-01  9.99465E-01

  3.89550E-01 
 
  8.54199E+00  1.19688E+01  1.39113E+01  1.53615E+01  1.67514E+01
 
  4.92350E-01  6.68960E-01  7.92563E-01  8.84553E-01  9.60143E-01
  4.46387E-01  6.44113E-01  7.73907E-01  8.78726E-01  9.63214E-01
  4.45381E-01  6.36013E-01  7.73902E-01  8.78081E-01  9.54594E-01
  4.03054E-01  6.03818E-01  7.40035E-01  8.54086E-01  9.47822E-01
  3.27456E-01  5.18553E-01  6.64750E-01  7.93949E-01  9.25406E-01
 
 -8.86411E-01 -4.84661E-01  1.00649E-01  6.12694E-01  9.56567E-01
 -9.01736E-01 -3.82430E-01  1.01683E-01  6.45690E-01  9.78032E-01
 -9.54201E-01 -4.96216E-01  4.95403E-03  5.88548E-01  9.24431E-01
 -9.61543E-01 -5.65441E-01  2.13275E-02  6.19738E-01  9.25937E-01
 -9.05186E-01 -5.07314E-01  1.75335E-01  6.36321E-01  9.42219E-01
 -9.07408E-01 -4.56531E-01  1.12373E-01  5.95045E-01  9.54273E-01
 -9.70482E-01 -7.20838E-01 -1.83317E-01  5.81175E-01  9.23817E-01
 -9.26282E-01 -5.87659E-01  6.54606E-02  6.08082E-01  9.34368E-01
 -9.59466E-01 -5.08202E-01  8.89835E-02  6.10699E-01  9.20197E-01
 -9.27978E-01 -6.69876E-01 -2.20059E-01  4.81993E-01  9.00316E-01
 -9.46030E-01 -5.67485E-01  7.03387E-02  5.93866E-01  9.52454E-01
 -9.37512E-01 -5.86552E-01  1.98386E-02  6.40507E-01  9.81271E-01
 -9.31756E-01 -4.64413E-01  5.73932E-02  6.10228E-01  9.64070E-01
 -9.41370E-01 -5.25843E-01  3.34696E-02  5.86564E-01  9.60702E-01
 -9.48243E-01 -5.20051E-01  6.54848E-02  5.48040E-01  9.68255E-01
 -9.52663E-01 -6.19898E-01 -3.98336E-02  6.17731E-01  9.70752E-01
 -8.84145E-01 -4.25874E-01  1.03272E-01  5.37948E-01  9.38194E-01
 -9.52544E-01 -4.90197E-01  4.52478E-02  5.86176E-01  9.39051E-01
 -9.19159E-01 -6.05395E-01  7.74488E-02  5.79744E-01  9.18592E-01
 -8.96799E-01 -4.69122E-01  2.74314E-02  6.63853E-01  9.48465E-01
 -9.34179E-01 -6.77122E-01  7.18835E-03  4.99007E-01  9.36704E-01
 -9.26004E-01 -5.53191E-01  2.58306E-02  6.40285E-01  9.58465E-01
 -9.08669E-01 -5.12719E-01  2.12165E-02  5.38022E-01  9.25990E-01
 -9.63895E-01 -5.70992E-01 -2.33560E-02  5.00434E-01  9.55683E-01
 -8.88547E-01 -5.16010E-01  1.22343E-01  5.54317E-01  9.27688E-01

  4.15350E-01 
 
  8.76244E+00  1.21645E+01  1.40659E+01  1.54910E+01  1.68079E+01
 
  4.80576E-01  6.73372E-01  7.91985E-01  8.87209E-01  9.66444E-01
  4.37182E-01  6.30178E-01  7.60377E-01  8.67448E-01  9.63531E-01
  4.61125E-01  6.46037E-01  7.69386E-01  8.67271E-01  9.55731E-01
  4.20924E-01  6.17970E-01  7.51484E-01  8.47534E-01  9.54425E-01
  3.30002E-01  5.11613E-01  6.44323E-01  7.77567E-01  9.16119E-01
 
 -9.42917E-01 -4.82326E-01 -2.57573E-02  5.55751E-01  9.38556E-01
 -9.07817E-01 -5.05860E-01  7.94117E-02  5.53313E-01  9.20522E-01
 -9.34388E-01 -5.01813E-01  2.41647E-02  5.14620E-01  9.59411E-01
 -9.03429E-01 -5.46251E-01 -1.97839E-02  5.26426E-01  9.39057E-01
 -9.25834E-01 -5.28142E-01  1.49055E-02  5.09920E-01  9.65868E-01
 -9.44714E-01 -5.38204E-01 -1.57812E-02  5.69534E-01  9.81418E-01
 -9.35611E-01 -4.45323E-01  1.12691E-01  5.21865E-01  9.36851E-01
 -9.29610E-01 -5.38920E-01  2.78401E-02  5.56646E-01  9.41768E-01
 -9.41631E-01 -6.25671E-01  1.64047E-02  6.03787E-01  9.35549E-01
 -9.72853E-01 -7.26526E-01 -1.71583E-02  6.05404E-01  8.80874E-01
 -9.28308E-01 -5.98145E-01  1.02069E-01  6.16131E-01  9.53300E-01
 -9.59129E-01 -5.42441E-01  7.37628E-02  6.36457E-01  9.79991E-01
 -9.44000E-01 -6.29463E-01 -5.45257E-02  4.35908E-01  9.63147E-01
 -9.61588E-01 -6.02607E-01 -1.01175E-01  5.37495E-01  9.42659E-01
 -9.51922E-01 -6.05786E-01 -1.18438E-01  5.14950E-01  9.25580E-01
 -9.06728E-01 -4.58378E-01  1.64965E-01  6.32390E-01  9.77513E-01
 -9.30097E-01 -5.25720E-01  1.14719E-01  6.08777E-01  9.54034E-01
 -9.34031E-01 -5.54033E-01  1.69917E-02  5.63624E-01  9.07995E-01
 -9.18573E-01 -4.91048E-01  1.01989E-01  6.39910E-01  9.71822E-01
 -9.20604E-01 -4.39842E-01  2.95272E-01  6.96188E-01  9.55587E-01
 -7.85846E-01 -2.09707E-01  4.12655E-01  7.94032E-01  9.87326E-01
 -8.73625E-01 -2.89623E-01  3.60869E-01  7.67372E-01  9.78731E-01
 -8.84661E-01 -3.04873E-01  3.72454E-01  8.49916E-01  9.69903E-01
 -9.17360E-01 -3.65109E-01  1.21910E-01  6.41923E-01  9.42841E-01
 -9.05632E-01 -4.50274E-01  9.35492E-02  6.56949E-01  9.65574E-01

  4.74700E-01 
 
  9.31062E+00  1.28060E+01  1.46581E+01  1.59674E+01  1.70744E+01
 
  4.96449E-01  6.73749E-01  7.86565E-01  8.79978E-01  9.63045E-01
  4.29079E-01  6.31995E-01  7.55424E-01  8.61364E-01  9.58106E-01
  4.01416E-01  5.98615E-01  7.33241E-01  8.43744E-01  9.50491E-01
  3.80807E-01  5.64279E-01  6.96896E-01  8.16353E-01  9.40697E-01
  2.88620E-01  4.48906E-01  5.94281E-01  7.34787E-01  8.94137E-01
 
 -9.05935E-01 -4.57141E-01  1.56992E-01  6.15356E-01  9.66838E-01
 -9.56458E-01 -6.55354E-01  2.83296E-04  5.97984E-01  9.34299E-01
 -9.41174E-01 -5.45156E-01  8.27457E-02  7.04060E-01  9.58966E-01
 -9.40081E-01 -5.57930E-01  3.22096E-02  5.09964E-01  9.51858E-01
 -9.48012E-01 -5.57800E-01  8.16310E-03  5.57223E-01  9.35805E-01
 -9.25631E-01 -6.01187E-01 -1.00741E-01  5.92127E-01  9.57167E-01
 -9.37288E-01 -5.88715E-01  5.04659E-02  6.42106E-01  9.47039E-01
 -9.04010E-01 -4.59483E-01  1.68904E-01  5.55647E-01  9.53518E-01
 -9.25609E-01 -5.61548E-01  6.02026E-03  5.52436E-01  9.19879E-01
 -9.64389E-01 -6.33730E-01 -8.45631E-02  5.66380E-01  9.50431E-01
 -9.23328E-01 -3.96805E-01  1.27974E-01  6.81477E-01  9.53380E-01
 -9.36037E-01 -4.67037E-01  2.18395E-01  6.88696E-01  9.78838E-01
 -9.12758E-01 -4.96328E-01  2.18018E-01  6.70529E-01  9.33979E-01
 -9.12830E-01 -5.56839E-01  5.48305E-02  5.81805E-01  9.47814E-01
 -9.19896E-01 -5.69062E-01  5.53074E-02  6.51810E-01  9.73130E-01
 -8.67927E-01 -4.11411E-01  2.13291E-01  7.29839E-01  9.69846E-01
 -8.39623E-01 -2.34281E-01  3.45229E-01  7.48491E-01  9.76027E-01
 -9.43785E-01 -3.57706E-01  2.62209E-01  7.47311E-01  9.74523E-01
 -9.43247E-01 -4.60341E-01  1.45135E-01  6.68743E-01  9.56715E-01
 -9.49282E-01 -5.30955E-01  1.25430E-01  6.57574E-01  9.28814E-01
 -5.22831E-01  3.01290E-01  6.78394E-01  8.97708E-01  9.86834E-01
 -4.96787E-01  2.44279E-01  6.37289E-01  8.85400E-01  9.88234E-01
 -6.59457E-01  1.60156E-01  6.67312E-01  8.73799E-01  9.85087E-01
 -7.29371E-01  1.37513E-01  6.04190E-01  8.13613E-01  9.74615E-01
 -7.96855E-01 -2.12696E-01  3.14016E-01  7.21219E-01  9.61691E-01

  5.93250E-01 
 
  1.01455E+01  1.38352E+01  1.56357E+01  1.66810E+01  1.74172E+01
 
  4.75330E-01  6.58091E-01  7.81493E-01  8.79078E-01  9.66425E-01
  4.03504E-01  6.13776E-01  7.48991E-01  8.59907E-01  9.59011E-01
  3.52624E-01  5.36997E-01  6.87626E-01  8.12086E-01  9.34977E-01
  3.25341E-01  4.73735E-01  6.10225E-01  7.47705E-01  9.00616E-01
  2.22542E-01  3.41745E-01  4.67462E-01  6.19003E-01  8.31850E-01
 
 -9.30867E-01 -5.73376E-01 -9.64557E-02  5.55014E-01  9.45644E-01
 -9.45506E-01 -6.39230E-01 -5.63539E-02  5.38639E-01  9.46835E-01
 -9.23688E-01 -4.97429E-01  1.02004E-01  5.88676E-01  9.51695E-01
 -9.41839E-01 -6.20627E-01  4.64534E-03  6.06018E-01  9.63261E-01
 -9.09597E-01 -5.46566E-01  5.42770E-02  5.90156E-01  9.55427E-01
 -9.33585E-01 -4.14758E-01  1.51591E-01  6.27561E-01  9.48768E-01
 -9.39744E-01 -5.57834E-01  1.03109E-01  6.32592E-01  9.60404E-01
 -9.35703E-01 -6.17956E-01  4.70452E-02  6.19834E-01  9.53862E-01
 -9.12615E-01 -5.21861E-01 -1.98851E-02  5.57696E-01  9.61622E-01
 -9.05822E-01 -4.70261E-01  1.03534E-01  6.63101E-01  9.63869E-01
 -8.96335E-01 -2.04531E-01  4.23793E-01  7.99703E-01  9.82702E-01
 -8.18549E-01 -2.87789E-01  3.40085E-01  7.36903E-01  9.73820E-01
 -8.57586E-01 -1.64855E-01  4.18902E-01  8.14259E-01  9.71534E-01
 -9.16734E-01 -4.18618E-01  1.97253E-01  6.73660E-01  9.68371E-01
 -9.31168E-01 -3.73024E-01  2.13138E-01  6.57848E-01  9.51684E-01
 -6.97602E-01  3.81969E-01  7.69224E-01  9.29027E-01  9.94665E-01
 -6.14003E-01  2.35555E-01  6.82979E-01  9.04426E-01  9.85152E-01
 -8.35178E-01  7.21119E-02  6.32342E-01  8.82146E-01  9.86919E-01
 -8.12453E-01 -1.93238E-01  4.90582E-01  8.46614E-01  9.82345E-01
 -8.57528E-01 -1.61419E-01  4.29137E-01  7.82660E-01  9.70863E-01
  2.87082E-01  7.35884E-01  9.04611E-01  9.75498E-01  9.97364E-01
  6.91615E-02  6.90684E-01  8.89692E-01  9.63996E-01  9.95921E-01
 -5.80294E-02  6.77771E-01  8.92902E-01  9.67677E-01  9.95569E-01
 -1.58482E-01  5.30167E-01  8.02323E-01  9.41799E-01  9.93245E-01
 -3.80969E-01  1.38827E-01  5.85727E-01  8.58320E-01  9.76319E-01

  8.73850E-01 
 
  1.50244E+01  1.72618E+01  1.74862E+01  1.76067E+01  1.77371E+01
 
  3.62081E-01  5.36016E-01  6.68982E-01  7.95166E-01  9.32611E-01
  1.24058E-01  2.09239E-01  2.97390E-01  4.40352E-01  7.38975E-01
  9.92771E-02  1.50156E-01  2.01105E-01  2.91886E-01  5.56931E-01
  1.04945E-01  1.55071E-01  2.12190E-01  2.98419E-01  5.31777E-01
  1.18348E-01  1.76804E-01  2.32353E-01  3.19435E-01  4.95744E-01
 
 -7.69326E-01 -1.61077E-01  3.39663E-01  7.59039E-01  9.72260E-01
 -8.99367E-01 -2.08777E-01  3.75826E-01  8.09168E-01  9.74373E-01
 -9.14565E-01 -3.73295E-01  2.61212E-01  7.32942E-01  9.73699E-01
 -9.24004E-01 -4.58228E-01  1.48559E-01  6.81997E-01  9.65456E-01
 -9.40982E-01 -4.74354E-01  1.09343E-01  6.76043E-01  9.59266E-01
  5.23712E-01  8.83661E-01  9.71933E-01  9.94031E-01  9.99245E-01
  3.71702E-01  8.46172E-01  9.47548E-01  9.84706E-01  9.98707E-01
  8.03250E-02  7.52242E-01  9.10641E-01  9.73108E-01  9.96844E-01
 -1.92720E-01  5.65365E-01  8.43901E-01  9.62400E-01  9.96559E-01
 -7.21929E-01 -3.00950E-02  5.92570E-01  8.91646E-01  9.86321E-01
  9.66441E-01  9.89877E-01  9.96180E-01  9.98946E-01  9.99867E-01
  9.18074E-01  9.77356E-01  9.92819E-01  9.97704E-01  9.99758E-01
  8.67213E-01  9.68956E-01  9.87963E-01  9.96431E-01  9.99681E-01
  7.45267E-01  9.37200E-01  9.76625E-01  9.92665E-01  9.99103E-01
  2.21294E-01  6.71124E-01  8.37635E-01  9.45951E-01  9.95872E-01
  9.73527E-01  9.92038E-01  9.96868E-01  9.98953E-01  9.99853E-01
  9.42164E-01  9.82987E-01  9.93700E-01  9.98090E-01  9.99741E-01
  9.08915E-01  9.71217E-01  9.88530E-01  9.96714E-01  9.99638E-01
  8.15924E-01  9.47242E-01  9.81781E-01  9.94557E-01  9.99395E-01
  6.38709E-01  8.51707E-01  9.30318E-01  9.81526E-01  9.98281E-01
  9.78418E-01  9.91147E-01  9.96385E-01  9.98819E-01  9.99907E-01
  9.51217E-01  9.83215E-01  9.92311E-01  9.97711E-01  9.99858E-01
  9.25054E-01  9.76107E-01  9.91008E-01  9.96589E-01  9.99627E-01
  8.80795E-01  9.63293E-01  9.83971E-01  9.94529E-01  9.99504E-01
  8.30658E-01  9.24325E-01  9.66075E-01  9.86916E-01  9.98483E-01

  3.30300E-01 
 
  1.13891E+01  1.59155E+01  1.87028E+01  2.10380E+01  2.34035E+01
 
  4.67577E-01  6.46409E-01  7.73140E-01  8.66709E-01  9.60481E-01
  4.35564E-01  6.34083E-01  7.76583E-01  8.78490E-01  9.63980E-01
  4.33355E-01  6.43046E-01  7.76041E-01  8.76599E-01  9.61798E-01
  3.94166E-01  5.81379E-01  7.24961E-01  8.47551E-01  9.54744E-01
  3.28970E-01  5.00586E-01  6.60581E-01  7.83766E-01  9.28926E-01
 
 -9.17147E-01 -4.64085E-01  2.06445E-02  5.92425E-01  9.74906E-01
 -8.86114E-01 -4.49054E-01  7.23537E-02  6.32355E-01  9.39499E-01
 -9.37132E-01 -6.12103E-01 -3.88311E-03  5.86987E-01  9.06827E-01
 -9.51690E-01 -5.69562E-01  1.64063E-02  5.82631E-01  9.52599E-01
 -9.56527E-01 -5.43571E-01  9.74039E-02  7.28879E-01  9.51998E-01
 -9.18477E-01 -5.67276E-01  5.32999E-02  6.60193E-01  9.57777E-01
 -9.01627E-01 -5.24026E-01  1.43720E-01  6.08477E-01  9.40047E-01
 -9.28486E-01 -6.04200E-01 -7.33242E-02  5.50773E-01  9.48174E-01
 -8.86866E-01 -4.30106E-01  4.64227E-02  5.87439E-01  9.54491E-01
 -9.43487E-01 -5.75982E-01 -7.66373E-03  6.90974E-01  9.37071E-01
 -8.89021E-01 -3.47561E-01  8.06185E-02  5.96756E-01  8.99169E-01
 -9.12500E-01 -5.33506E-01  6.24769E-02  5.76522E-01  9.62399E-01
 -9.02945E-01 -5.01713E-01 -8.61823E-02  5.70426E-01  9.62647E-01
 -9.36575E-01 -5.41662E-01  5.15780E-02  5.37531E-01  9.50323E-01
 -9.37479E-01 -6.07846E-01 -3.06146E-02  5.59885E-01  9.60868E-01
 -8.85851E-01 -5.04865E-01  1.03691E-01  6.34094E-01  9.56136E-01
 -9.11076E-01 -5.60565E-01  3.33406E-02  6.21300E-01  9.43510E-01
 -9.52709E-01 -7.09777E-01 -1.29750E-02  5.70769E-01  9.56002E-01
 -9.52301E-01 -4.82881E-01  1.70780E-01  6.28177E-01  9.41617E-01
 -9.35226E-01 -5.69397E-01  1.19904E-01  6.08027E-01  8.93819E-01
 -9.25456E-01 -6.30024E-01 -1.35799E-01  4.26640E-01  9.38082E-01
 -9.55259E-01 -6.24218E-01  1.07207E-01  7.08164E-01  9.60290E-01
 -9.10454E-01 -5.01435E-01  1.17376E-01  6.32076E-01  9.78282E-01
 -9.20703E-01 -5.13732E-01  3.43741E-02  6.58371E-01  9.63485E-01
 -9.11570E-01 -4.50530E-01  5.23388E-02  5.59069E-01  9.72409E-01

  3.57100E-01 
 
  1.14316E+01  1.61285E+01  1.89396E+01  2.12347E+01  2.35078E+01
 
  4.62300E-01  6.50796E-01  7.66301E-01  8.77056E-01  9.64838E-01
  4.30045E-01  6.14308E-01  7.61113E-01  8.70213E-01  9.60025E-01
  4.07345E-01  6.24220E-01  7.62037E-01  8.63220E-01  9.63298E-01
  3.74191E-01  5.91321E-01  7.27147E-01  8.34477E-01  9.49117E-01
  3.30797E-01  5.09410E-01  6.49970E-01  7.91600E-01  9.32210E-01
 
 -9.52001E-01 -5.67383E-01  2.99766E-02  5.91105E-01  9.75363E-01
 -9.15076E-01 -5.69468E-01  9.70088E-03  5.65097E-01  9.08892E-01
 -9.38641E-01 -5.45367E-01  1.78418E-01  6.08540E-01  9.42985E-01
 -9.34706E-01 -5.69755E-01 -3.01385E-02  5.69679E-01  9.49986E-01
 -9.38723E-01 -5.95888E-01  1.09047E-01  5.88132E-01  9.50491E-01
 -9.28867E-01 -4.77847E-01  8.72851E-02  5.30166E-01  9.51405E-01
 -9.38385E-01 -5.68402E-01  1.24224E-01  6.42105E-01  9.60051E-01
 -9.50592E-01 -6.32066E-01 -6.14633E-02  5.51584E-01  9.32789E-01
 -9.24954E-01 -5.46751E-01 -4.44823E-02  6.02084E-01  9.43837E-01
 -9.17629E-01 -5.57528E-01  9.21892E-03  6.19838E-01  9.61013E-01
 -9.40151E-01 -5.81337E-01  5.62603E-02  7.07594E-01  9.71846E-01
 -8.22890E-01 -2.93582E-01  2.15647E-01  7.25133E-01  9.65267E-01
 -9.10629E-01 -5.07470E-01  3.30762E-02  5.82431E-01  9.30693E-01
 -9.47530E-01 -5.98704E-01 -3.96042E-02  5.59932E-01  9.38538E-01
 -9.46925E-01 -5.32278E-01  4.45678E-02  6.33249E-01  9.61418E-01
 -8.84821E-01 -4.51260E-01  1.98716E-01  6.87214E-01  9.66101E-01
 -9.31774E-01 -5.48639E-01  1.27753E-01  6.85128E-01  9.80695E-01
 -9.14676E-01 -3.87329E-01  1.72508E-01  6.52267E-01  9.68755E-01
 -9.18691E-01 -3.59611E-01  1.97561E-01  6.82593E-01  9.65051E-01
 -8.96699E-01 -4.83247E-01 -4.21940E-02  4.93882E-01  9.47136E-01
 -7.55872E-01 -1.46128E-01  4.43435E-01  8.36355E-01  9.80951E-01
 -8.61578E-01 -2.69645E-01  3.56125E-01  7.31084E-01  9.70993E-01
 -8.73642E-01 -3.65748E-01  3.71117E-01  7.92740E-01  9.85592E-01
 -8.79749E-01 -3.58436E-01  2.23476E-01  7.30047E-01  9.37075E-01
 -9.20042E-01 -3.93670E-01  2.17801E-01  6.33472E-01  9.62397E-01

  4.17400E-01 
 
  1.20574E+01  1.67464E+01  1.96053E+01  2.18396E+01  2.38218E+01
 
  4.66619E-01  6.48339E-01  7.68349E-01  8.70301E-01  9.57083E-01
  4.12579E-01  6.17486E-01  7.55828E-01  8.63118E-01  9.58719E-01
  4.02543E-01  5.97525E-01  7.29596E-01  8.43913E-01  9.54416E-01
  3.70390E-01  5.57826E-01  7.06009E-01  8.27675E-01  9.50492E-01
  2.89649E-01  4.65939E-01  6.06682E-01  7.42615E-01  9.01719E-01
 
 -9.36305E-01 -4.92544E-01  7.77626E-02  6.26327E-01  9.73346E-01
 -9.27959E-01 -5.85704E-01 -5.63060E-02  6.00461E-01  9.55238E-01
 -9.51902E-01 -5.08819E-01  1.53192E-01  6.17352E-01  9.23381E-01
 -9.31672E-01 -5.69783E-01  2.87427E-02  6.28526E-01  9.57314E-01
 -9.54561E-01 -6.47096E-01 -2.52630E-02  5.36574E-01  9.54310E-01
 -9.19499E-01 -6.39618E-01 -9.24406E-02  4.73696E-01  9.20536E-01
 -9.00624E-01 -4.64155E-01  7.18099E-02  5.41888E-01  9.21569E-01
 -9.01235E-01 -5.31227E-01 -8.42672E-02  5.88850E-01  9.41967E-01
 -9.09828E-01 -5.49256E-01  1.10466E-02  5.29227E-01  9.34448E-01
 -9.28115E-01 -4.73244E-01  1.81702E-01  6.76908E-01  9.34983E-01
 -8.94653E-01 -4.34348E-01  2.83310E-01  7.02736E-01  9.73214E-01
 -8.67690E-01 -3.75133E-01  1.70561E-01  6.26365E-01  9.75298E-01
 -9.18806E-01 -4.93175E-01  1.95879E-01  6.65984E-01  9.54867E-01
 -9.47166E-01 -5.52258E-01  1.10078E-01  5.73566E-01  9.36961E-01
 -9.64586E-01 -6.31047E-01 -4.80154E-03  5.24992E-01  9.65120E-01
 -8.40975E-01 -2.12972E-01  3.94739E-01  8.20719E-01  9.85007E-01
 -8.61857E-01 -2.54656E-01  3.37909E-01  7.75078E-01  9.74143E-01
 -7.52309E-01 -2.04017E-01  4.10552E-01  7.66588E-01  9.78328E-01
 -9.14285E-01 -3.69141E-01  2.81608E-01  7.26915E-01  9.75525E-01
 -9.11629E-01 -3.65308E-01  1.88258E-01  7.18797E-01  9.57288E-01
 -5.31384E-01  3.02237E-01  7.03357E-01  9.22459E-01  9.93912E-01
 -5.37569E-01  2.83471E-01  6.38871E-01  8.77739E-01  9.87831E-01
 -7.65177E-01 -6.35502E-02  4.97238E-01  8.80713E-01  9.85969E-01
 -7.54982E-01 -2.84273E-02  4.83413E-01  8.30887E-01  9.79664E-01
 -9.07991E-01 -2.24767E-01  3.08298E-01  7.42372E-01  9.59870E-01

  5.35400E-01 
 
  1.33487E+01  1.85449E+01  2.12478E+01  2.30363E+01  2.44769E+01
 
  4.56619E-01  6.50894E-01  7.75592E-01  8.70553E-01  9.62517E-01
  3.97291E-01  5.96282E-01  7.29938E-01  8.43483E-01  9.43291E-01
  3.57098E-01  5.49548E-01  6.83299E-01  8.08400E-01  9.37291E-01
  3.02334E-01  4.67600E-01  5.99839E-01  7.50261E-01  9.18674E-01
  2.15781E-01  3.55080E-01  4.99224E-01  6.48331E-01  8.48998E-01
 
 -9.38009E-01 -5.39071E-01  5.57013E-02  6.23557E-01  9.55942E-01
 -9.60659E-01 -6.00582E-01 -2.57293E-02  5.60514E-01  9.43235E-01
 -8.92041E-01 -4.17410E-01  1.58513E-01  6.87294E-01  9.59974E-01
 -9.30391E-01 -5.77218E-01  4.16208E-02  6.10169E-01  9.67895E-01
 -9.48665E-01 -5.32148E-01  1.18022E-02  5.75117E-01  9.51832E-01
 -8.94429E-01 -4.29709E-01  1.68716E-01  6.33476E-01  9.53602E-01
 -9.47224E-01 -4.48444E-01  2.07498E-01  6.65336E-01  9.67673E-01
 -9.13491E-01 -5.10493E-01  4.88877E-02  6.25756E-01  9.55237E-01
 -9.32989E-01 -4.94322E-01  1.88538E-01  6.94590E-01  9.64014E-01
 -9.22190E-01 -5.56020E-01 -5.17361E-03  5.59481E-01  9.46911E-01
 -7.70311E-01 -1.16013E-01  4.99358E-01  8.35142E-01  9.77154E-01
 -8.61870E-01 -2.61571E-01  3.62063E-01  7.98597E-01  9.76648E-01
 -8.30838E-01 -2.05777E-01  4.35407E-01  8.03598E-01  9.73052E-01
 -8.46320E-01 -2.57410E-01  3.21316E-01  7.61559E-01  9.61647E-01
 -9.51998E-01 -4.78723E-01  1.14592E-01  5.88181E-01  9.40723E-01
 -4.60966E-01  4.01301E-01  7.47001E-01  9.11369E-01  9.86989E-01
 -3.89215E-01  4.12819E-01  7.60311E-01  9.31990E-01  9.92163E-01
 -6.58541E-01  2.49621E-01  6.71406E-01  9.01580E-01  9.90915E-01
 -7.97359E-01  4.45436E-02  6.22710E-01  8.80631E-01  9.87483E-01
 -8.91805E-01 -3.11778E-01  4.57923E-01  8.04134E-01  9.78500E-01
  1.46821E-01  7.05730E-01  9.13814E-01  9.73718E-01  9.97129E-01
  4.72246E-02  6.13292E-01  8.52101E-01  9.55634E-01  9.95940E-01
  3.58671E-02  6.85836E-01  8.74928E-01  9.59536E-01  9.95104E-01
 -3.01670E-01  5.22273E-01  8.19331E-01  9.36663E-01  9.94801E-01
 -6.21767E-01 -5.87863E-02  4.67093E-01  7.97028E-01  9.81286E-01

  7.82900E-01 
 
  1.79829E+01  2.31246E+01  2.44649E+01  2.48683E+01  2.51241E+01
 
  3.97343E-01  5.93569E-01  7.31113E-01  8.44457E-01  9.52022E-01
  2.35328E-01  3.73828E-01  5.01016E-01  6.52582E-01  8.52090E-01
  1.32173E-01  2.10084E-01  3.00540E-01  4.43957E-01  7.45998E-01
  9.06081E-02  1.38688E-01  1.93460E-01  2.87487E-01  5.70286E-01
  1.04997E-01  1.56098E-01  2.14879E-01  3.08334E-01  5.09385E-01
 
 -8.97163E-01 -3.52256E-01  2.76586E-01  6.65362E-01  9.70896E-01
 -9.21597E-01 -3.98003E-01  2.15011E-01  6.64938E-01  9.59148E-01
 -9.26056E-01 -4.19352E-01  1.69377E-01  5.82395E-01  9.28125E-01
 -9.20308E-01 -5.65750E-01  1.11359E-01  6.61050E-01  9.47051E-01
 -9.42464E-01 -6.28599E-01  4.81769E-02  5.75388E-01  9.44745E-01
 -2.24805E-01  6.72713E-01  8.63639E-01  9.46598E-01  9.94139E-01
 -3.91660E-01  4.96181E-01  7.90456E-01  9.29117E-01  9.93194E-01
 -3.10386E-01  4.41948E-01  7.83036E-01  9.26060E-01  9.91538E-01
 -7.15332E-01  1.97807E-01  7.03520E-01  9.13671E-01  9.93694E-01
 -7.90460E-01 -1.71020E-01  4.28489E-01  7.89185E-01  9.85486E-01
  6.92652E-01  9.44318E-01  9.79516E-01  9.93924E-01  9.99588E-01
  5.90853E-01  8.97464E-01  9.65662E-01  9.90049E-01  9.99011E-01
  2.04623E-01  8.17618E-01  9.51786E-01  9.85596E-01  9.98762E-01
 -5.19715E-02  7.16849E-01  8.97855E-01  9.74429E-01  9.97226E-01
 -5.89997E-01  2.28057E-01  6.45434E-01  8.99816E-01  9.89135E-01
  9.62398E-01  9.87173E-01  9.95923E-01  9.98820E-01  9.99924E-01
  9.32225E-01  9.83183E-01  9.93741E-01  9.98396E-01  9.99805E-01
  8.39666E-01  9.63445E-01  9.86969E-01  9.96451E-01  9.99619E-01
  7.58344E-01  9.27022E-01  9.77710E-01  9.93836E-01  9.99522E-01
  3.57641E-01  6.98468E-01  8.71002E-01  9.66576E-01  9.94322E-01
  9.71012E-01  9.90372E-01  9.95896E-01  9.98888E-01  9.99858E-01
  9.43671E-01  9.80924E-01  9.92821E-01  9.97833E-01  9.99812E-01
  9.15209E-01  9.66690E-01  9.88151E-01  9.95791E-01  9.99522E-01
  8.47067E-01  9.34916E-01  9.77022E-01  9.93285E-01  9.99324E-01
  7.58734E-01  8.91211E-01  9.53325E-01  9.86737E-01  9.98553E-01

  7.91350E-01 
 
  2.35637E+00  2.71024E+00  2.81332E+00  2.86306E+00  2.90390E+00
 
  5.12930E-01  7.02743E-01  8.11926E-01  8.96577E-01  9.68634E-01
  4.45856E-01  6.62256E-01  7.89538E-01  8.81693E-01  9.62127E-01
  3.99312E-01  6.65023E-01  8.06044E-01  9.03216E-01  9.70128E-01
  3.69163E-01  5.97173E-01  7.26763E-01  8.24548E-01  9.38741E-01
  2.98814E-01  4.53980E-01  5.77895E-01  7.12689E-01  8.41374E-01
 
 -9.28048E-01 -5.75300E-01  7.22634E-02  6.34714E-01  9.47156E-01
 -9.44599E-01 -5.77345E-01  2.70979E-02  6.38907E-01  9.58504E-01
 -9.42747E-01 -5.84279E-01 -4.97472E-02  5.93816E-01  9.53888E-01
 -9.28401E-01 -5.72066E-01  9.15708E-03  6.14202E-01  9.48741E-01
 -9.50071E-01 -5.70897E-01  3.52338E-02  5.97037E-01  9.45947E-01
 -9.58925E-01 -6.25951E-01  4.52472E-02  5.82613E-01  9.49800E-01
 -9.51271E-01 -4.71077E-01  1.42463E-01  6.16004E-01  9.51690E-01
 -9.28944E-01 -5.32936E-01  3.07393E-02  5.81140E-01  9.64771E-01
 -9.37585E-01 -5.83948E-01  7.95299E-04  5.04338E-01  9.51378E-01
 -9.64863E-01 -6.30321E-01 -9.93347E-02  5.29549E-01  9.33612E-01
 -9.38355E-01 -5.43195E-01  2.86323E-02  6.47061E-01  9.46778E-01
 -9.06368E-01 -4.64354E-01  3.37279E-02  6.26089E-01  9.45137E-01
 -9.44446E-01 -5.30181E-01  1.14186E-01  6.48160E-01  9.65447E-01
 -9.48138E-01 -5.37806E-01 -2.71297E-02  6.07472E-01  9.46944E-01
 -9.39206E-01 -5.73682E-01  3.42733E-02  5.29930E-01  9.52603E-01
 -9.29465E-01 -5.35823E-01 -2.03580E-02  5.38221E-01  9.46979E-01
 -9.37926E-01 -5.51236E-01 -8.58845E-03  6.39665E-01  9.53448E-01
 -9.26318E-01 -5.55457E-01  1.40024E-02  5.31671E-01  9.32536E-01
 -9.58822E-01 -5.96313E-01  3.49930E-02  5.68373E-01  9.49898E-01
 -9.46357E-01 -5.80842E-01  2.89201E-03  6.48099E-01  9.67019E-01
 -9.36877E-01 -6.06141E-01 -1.05496E-01  5.46113E-01  9.68343E-01
 -9.32640E-01 -6.30705E-01 -6.32827E-02  5.70184E-01  9.54693E-01
 -9.43905E-01 -5.88611E-01 -6.10998E-02  5.34787E-01  9.39382E-01
 -9.07454E-01 -5.13647E-01  6.91358E-02  6.21986E-01  9.60459E-01
 -9.42239E-01 -6.04496E-01  1.45797E-02  6.35224E-01  9.54550E-01

  8.07550E-01 
 
  2.37973E+00  2.73077E+00  2.82837E+00  2.87624E+00  2.92412E+00
 
  4.97911E-01  6.91616E-01  8.13577E-01  9.03741E-01  9.70240E-01
  4.18020E-01  6.50129E-01  7.73605E-01  8.74797E-01  9.62770E-01
  3.96423E-01  6.50593E-01  7.97263E-01  8.90749E-01  9.71209E-01
  3.40176E-01  5.56639E-01  7.08098E-01  8.28169E-01  9.40778E-01
  2.75707E-01  4.45509E-01  5.68409E-01  6.97620E-01  8.37308E-01
 
 -9.36087E-01 -5.61596E-01  7.11771E-02  6.53852E-01  9.53718E-01
 -9.30707E-01 -5.19043E-01  6.40884E-02  6.02830E-01  9.45948E-01
 -9.55967E-01 -5.98263E-01 -2.39230E-02  6.19344E-01  9.57389E-01
 -9.33809E-01 -5.25952E-01  5.18506E-02  6.17580E-01  9.30014E-01
 -9.29003E-01 -5.45834E-01  3.66027E-02  6.07396E-01  9.75423E-01
 -9.45421E-01 -6.22686E-01 -5.22212E-02  6.27083E-01  9.55722E-01
 -9.51406E-01 -6.34584E-01 -1.00343E-01  5.28752E-01  9.10566E-01
 -9.37941E-01 -5.49146E-01 -1.44300E-02  5.74444E-01  9.29253E-01
 -9.29319E-01 -5.52518E-01 -4.37375E-02  5.76882E-01  9.53028E-01
 -9.20388E-01 -5.09066E-01  1.03037E-01  6.15271E-01  9.61705E-01
 -9.65679E-01 -6.97311E-01 -2.20159E-01  4.05740E-01  9.28318E-01
 -9.63053E-01 -6.96486E-01 -1.88172E-01  3.61506E-01  8.96763E-01
 -9.62369E-01 -6.92403E-01 -2.09743E-01  3.81358E-01  9.05413E-01
 -9.61141E-01 -7.43464E-01 -3.67338E-01  3.93598E-01  9.26564E-01
 -9.62095E-01 -6.77435E-01 -1.45493E-01  4.76806E-01  9.08820E-01
 -8.97576E-01 -4.15725E-01  9.59224E-02  5.95148E-01  9.36748E-01
 -8.64648E-01 -5.10919E-01 -2.35458E-02  5.05192E-01  9.40989E-01
 -7.97299E-01 -2.48419E-01  2.65689E-01  6.40857E-01  9.42165E-01
 -8.58180E-01 -2.12985E-01  3.64844E-01  7.46452E-01  9.71783E-01
 -8.75424E-01 -2.47838E-01  3.82218E-01  7.62233E-01  9.78625E-01
  7.95414E-02  4.70788E-01  7.14154E-01  9.02561E-01  9.89915E-01
 -7.31838E-02  4.14725E-01  6.69630E-01  8.81936E-01  9.82720E-01
 -6.93869E-02  4.77279E-01  7.25659E-01  9.04909E-01  9.91445E-01
  1.23598E-02  4.33353E-01  7.06577E-01  8.77724E-01  9.91844E-01
  2.12515E-01  5.72047E-01  7.92201E-01  9.32153E-01  9.90390E-01

  8.67850E-01 
 
  2.51075E+00  2.78458E+00  2.86227E+00  2.91398E+00  2.97096E+00
 
  4.72830E-01  6.85439E-01  8.07605E-01  8.97723E-01  9.69449E-01
  3.84134E-01  6.26389E-01  7.62935E-01  8.71714E-01  9.59371E-01
  3.66815E-01  5.99764E-01  7.49488E-01  8.63135E-01  9.55459E-01
  2.88771E-01  5.23278E-01  6.77223E-01  7.99314E-01  9.29278E-01
  2.27675E-01  3.79095E-01  4.95287E-01  6.20022E-01  7.71134E-01
 
 -9.37157E-01 -5.50074E-01  1.18296E-02  5.93771E-01  9.56914E-01
 -9.50679E-01 -6.11255E-01 -3.36201E-02  4.95371E-01  9.48834E-01
 -9.53137E-01 -5.42870E-01  8.67613E-03  6.05615E-01  9.54313E-01
 -9.60145E-01 -6.35229E-01 -1.26911E-02  5.25083E-01  9.44892E-01
 -9.39113E-01 -4.69909E-01  2.13557E-02  5.65245E-01  9.38096E-01
 -9.65865E-01 -7.34162E-01 -2.81011E-01  3.55810E-01  9.26277E-01
 -9.69531E-01 -7.64709E-01 -3.64930E-01  3.34372E-01  8.83470E-01
 -9.72362E-01 -7.65278E-01 -3.31407E-01  3.76905E-01  9.18102E-01
 -9.74197E-01 -7.33097E-01 -2.59586E-01  5.14516E-01  9.41415E-01
 -9.57487E-01 -6.46812E-01 -1.30502E-01  5.21402E-01  9.36463E-01
 -7.18580E-01 -3.48243E-01  1.65717E-01  6.44581E-01  9.56990E-01
 -8.03168E-01 -4.53563E-01 -8.64340E-02  4.74059E-01  9.35020E-01
 -8.06654E-01 -4.28459E-01  1.84865E-02  5.55222E-01  9.27111E-01
 -8.88668E-01 -4.67910E-01  7.18274E-02  5.48541E-01  9.45896E-01
 -9.34658E-01 -5.10022E-01  3.15548E-02  5.66995E-01  9.32086E-01
  4.69799E-02  4.23942E-01  6.84325E-01  8.76792E-01  9.87245E-01
 -1.33123E-01  2.56987E-01  5.82962E-01  8.46287E-01  9.80153E-01
 -1.21959E-01  3.35102E-01  6.52755E-01  8.66951E-01  9.86199E-01
 -1.17547E-01  3.95204E-01  6.94763E-01  8.81703E-01  9.87910E-01
 -2.67936E-01  2.65080E-01  5.86761E-01  8.28329E-01  9.74521E-01
  6.28222E-01  8.08581E-01  9.01456E-01  9.68313E-01  9.95945E-01
  5.63737E-01  7.59014E-01  8.79132E-01  9.66623E-01  9.96720E-01
  5.49773E-01  7.72749E-01  8.93155E-01  9.62649E-01  9.96270E-01
  5.33696E-01  7.61661E-01  8.85092E-01  9.59380E-01  9.96123E-01
  5.47753E-01  8.08283E-01  9.05414E-01  9.71286E-01  9.97010E-01

  9.40450E-01 
 
  2.66741E+00  2.84319E+00  2.90973E+00  2.95753E+00  3.01619E+00
 
  3.99422E-01  6.21263E-01  7.59755E-01  8.68530E-01  9.57234E-01
  3.44852E-01  5.98729E-01  7.43072E-01  8.55238E-01  9.56755E-01
  2.71923E-01  5.40670E-01  7.18126E-01  8.40453E-01  9.49623E-01
  2.33636E-01  4.57422E-01  6.02903E-01  7.30813E-01  8.77441E-01
  1.47075E-01  2.87889E-01  4.10519E-01  5.40306E-01  6.92711E-01
 
 -9.50652E-01 -5.85197E-01 -4.99031E-02  6.63842E-01  9.63201E-01
 -9.48297E-01 -5.93349E-01 -4.02452E-03  6.18398E-01  9.61425E-01
 -9.38923E-01 -6.91424E-01 -1.54845E-01  4.75150E-01  9.13708E-01
 -9.47586E-01 -6.25769E-01 -7.04326E-02  5.60197E-01  9.43741E-01
 -9.53741E-01 -6.95419E-01 -1.18664E-01  5.09429E-01  9.36002E-01
 -6.33073E-01 -2.46826E-01  1.76666E-01  6.50112E-01  9.61431E-01
 -8.41897E-01 -5.68751E-01 -1.83656E-01  5.66439E-01  9.68274E-01
 -9.14284E-01 -6.51573E-01 -2.60110E-01  4.41664E-01  9.48396E-01
 -9.29808E-01 -6.50249E-01 -2.90117E-01  3.78643E-01  9.27927E-01
 -9.38233E-01 -6.36279E-01 -1.22047E-01  4.59822E-01  9.25404E-01
  1.96402E-01  5.24018E-01  7.31520E-01  9.11486E-01  9.93137E-01
 -8.10681E-02  2.74018E-01  5.52012E-01  8.23587E-01  9.80842E-01
 -1.87458E-01  2.61028E-01  5.33196E-01  8.06411E-01  9.70082E-01
 -3.21317E-01  1.66038E-01  5.61420E-01  8.29783E-01  9.77287E-01
 -5.90519E-01 -2.53514E-02  4.45755E-01  8.39382E-01  9.85255E-01
  5.58368E-01  7.76133E-01  9.05059E-01  9.66466E-01  9.96337E-01
  4.10908E-01  6.55514E-01  8.39705E-01  9.52125E-01  9.95608E-01
  4.30006E-01  6.90972E-01  8.44053E-01  9.44594E-01  9.94780E-01
  3.81150E-01  6.62571E-01  8.54942E-01  9.43142E-01  9.93498E-01
  4.12317E-01  6.56276E-01  8.49313E-01  9.47530E-01  9.93547E-01
  8.73591E-01  9.36933E-01  9.71191E-01  9.90096E-01  9.99264E-01
  7.80853E-01  8.91675E-01  9.47466E-01  9.81306E-01  9.98217E-01
  7.59060E-01  8.79572E-01  9.42558E-01  9.80206E-01  9.97932E-01
  7.23940E-01  8.73914E-01  9.34762E-01  9.77526E-01  9.98087E-01
  7.56323E-01  8.92562E-01  9.49794E-01  9.84755E-01  9.98134E-01

  9.96050E-01 
 
  2.79242E+00  2.89333E+00  2.94574E+00  2.98997E+00  3.04516E+00
 
  3.24487E-01  5.73398E-01  7.30196E-01  8.44301E-01  9.48278E-01
  2.94105E-01  5.28776E-01  6.92649E-01  8.35932E-01  9.50703E-01
  2.85401E-01  4.39621E-01  5.82591E-01  7.30795E-01  8.86130E-01
  2.85236E-01  3.99583E-01  5.09012E-01  6.38369E-01  7.93734E-01
  2.94439E-01  3.52219E-01  4.06532E-01  4.79124E-01  5.91991E-01
 
 -5.02252E-01 -1.78555E-01  1.53856E-01  5.89485E-01  8.93569E-01
 -7.61849E-01 -5.31358E-01 -2.30623E-01  3.09150E-01  9.13697E-01
 -8.83620E-01 -5.67105E-01 -1.92066E-01  4.17971E-01  8.78296E-01
 -9.62532E-01 -6.66617E-01 -2.53547E-01  4.11360E-01  9.15909E-01
 -9.45053E-01 -6.22119E-01 -1.02265E-01  5.26522E-01  9.20938E-01
  4.30876E-01  6.52166E-01  8.00717E-01  9.04373E-01  9.54908E-01
  2.03204E-01  4.54834E-01  6.78197E-01  9.02685E-01  9.93760E-01
  7.39664E-02  4.13454E-01  6.76408E-01  8.58601E-01  9.84976E-01
 -1.95407E-01  2.21218E-01  5.69046E-01  8.62318E-01  9.80836E-01
 -5.44584E-01 -9.91069E-02  3.85487E-01  7.32002E-01  9.74979E-01
  7.08811E-01  8.24006E-01  8.89860E-01  9.30746E-01  9.63761E-01
  6.19724E-01  7.80464E-01  8.91694E-01  9.66936E-01  9.96994E-01
  5.37960E-01  7.36614E-01  8.85145E-01  9.68237E-01  9.96482E-01
  4.58882E-01  6.92768E-01  8.54407E-01  9.53204E-01  9.94906E-01
  4.75947E-01  6.82792E-01  8.37418E-01  9.37688E-01  9.94935E-01
  8.32356E-01  8.84801E-01  9.24014E-01  9.45844E-01  9.69223E-01
  8.19202E-01  8.97444E-01  9.51804E-01  9.83928E-01  9.97929E-01
  7.77218E-01  8.97917E-01  9.51592E-01  9.81997E-01  9.98172E-01
  7.07095E-01  8.46558E-01  9.22161E-01  9.73075E-01  9.96632E-01
  7.64775E-01  8.63147E-01  9.33276E-01  9.78378E-01  9.97506E-01
  9.23768E-01  9.49299E-01  9.61107E-01  9.71769E-01  9.81911E-01
  9.31444E-01  9.63319E-01  9.83161E-01  9.94554E-01  9.99196E-01
  9.26201E-01  9.63358E-01  9.83283E-01  9.92731E-01  9.99032E-01
  9.12794E-01  9.56308E-01  9.81639E-01  9.93226E-01  9.99197E-01
  9.16686E-01  9.64389E-01  9.82637E-01  9.94424E-01  9.99128E-01
 
  6.09750E-01 
 
  3.18140E+00  4.03856E+00  4.37804E+00  4.53867E+00  4.61257E+00
 
  5.57522E-01  7.32381E-01  8.36668E-01  9.15516E-01  9.78030E-01
  5.24461E-01  7.09531E-01  8.22277E-01  9.04202E-01  9.69590E-01
  4.98891E-01  6.88796E-01  8.04111E-01  8.92253E-01  9.65452E-01
  4.26293E-01  6.59112E-01  7.83658E-01  8.76639E-01  9.56183E-01
  2.88151E-01  4.52275E-01  5.52816E-01  6.64020E-01  7.87000E-01
 
 -9.55601E-01 -6.13925E-01  2.66336E-02  5.81080E-01  9.36692E-01
 -9.47878E-01 -6.45949E-01 -1.58092E-03  5.91687E-01  9.55132E-01
 -9.50437E-01 -5.83061E-01  2.86813E-02  5.92060E-01  9.29979E-01
 -9.57779E-01 -6.19328E-01 -1.64821E-01  4.51135E-01  9.32251E-01
 -9.52265E-01 -6.39135E-01  6.61348E-02  6.39722E-01  9.49305E-01
 -9.42825E-01 -5.42326E-01  5.20998E-02  5.88253E-01  9.29832E-01
 -9.23697E-01 -5.83946E-01 -1.87475E-02  5.69868E-01  9.26191E-01
 -9.38155E-01 -6.28620E-01 -3.01530E-02  6.00594E-01  9.62319E-01
 -9.00005E-01 -5.09851E-01  1.36127E-01  5.82120E-01  9.47267E-01
 -9.43403E-01 -5.64022E-01  2.78962E-02  5.94710E-01  9.33503E-01
 -9.45978E-01 -5.53001E-01 -3.35473E-02  5.01713E-01  9.13761E-01
 -9.33859E-01 -5.96248E-01 -4.18166E-02  5.41172E-01  9.56049E-01
 -9.51756E-01 -6.05118E-01 -2.27473E-03  6.50119E-01  9.55086E-01
 -9.62202E-01 -5.56694E-01  3.49599E-02  5.63804E-01  9.53595E-01
 -9.49336E-01 -5.98496E-01  1.62611E-02  5.35456E-01  9.45382E-01
 -9.59285E-01 -5.21275E-01  1.46029E-01  6.85987E-01  9.38296E-01
 -9.44593E-01 -6.11165E-01 -1.79930E-02  5.16069E-01  9.47414E-01
 -9.49655E-01 -5.47783E-01  1.11553E-01  6.41871E-01  9.57356E-01
 -9.47137E-01 -5.78167E-01 -6.95749E-02  4.92377E-01  9.47731E-01
 -9.36501E-01 -5.50101E-01 -5.17468E-02  5.43420E-01  9.14639E-01
 -9.41098E-01 -5.38421E-01  4.76290E-02  6.25954E-01  9.55575E-01
 -8.95495E-01 -4.65888E-01  1.78761E-01  7.04439E-01  9.66941E-01
 -9.44675E-01 -6.27249E-01 -1.03033E-02  5.58739E-01  9.39409E-01
 -9.50210E-01 -6.68996E-01 -6.82314E-02  5.33715E-01  9.31202E-01
 -9.45031E-01 -4.89091E-01  2.62564E-02  5.36572E-01  9.54000E-01

  6.51050E-01 
 
  3.25251E+00  4.09306E+00  4.42221E+00  4.55646E+00  4.64245E+00
 
  5.66736E-01  7.44726E-01  8.38263E-01  9.11756E-01  9.70191E-01
  5.27150E-01  7.12649E-01  8.23272E-01  8.99765E-01  9.70666E-01
  4.87080E-01  6.82758E-01  8.00330E-01  8.88199E-01  9.62226E-01
  4.05628E-01  6.15040E-01  7.50548E-01  8.64030E-01  9.54871E-01
  2.92043E-01  4.43033E-01  5.68425E-01  6.73408E-01  8.09688E-01
 
 -9.12988E-01 -5.84509E-01 -8.90496E-02  5.53597E-01  9.33779E-01
 -9.21612E-01 -4.95420E-01  7.14196E-02  5.92720E-01  9.44076E-01
 -9.34655E-01 -5.22425E-01  4.79126E-03  5.86178E-01  9.46642E-01
 -9.40721E-01 -5.13688E-01  3.28391E-02  5.78285E-01  9.51863E-01
 -9.60270E-01 -6.32653E-01 -1.39242E-01  5.97862E-01  9.40382E-01
 -9.39423E-01 -5.51061E-01  2.48395E-02  6.30929E-01  9.58085E-01
 -9.33633E-01 -5.44190E-01  3.83479E-02  6.53327E-01  9.62150E-01
 -9.62196E-01 -5.96856E-01 -5.16261E-02  6.69357E-01  9.68186E-01
 -9.30956E-01 -6.26872E-01 -4.54067E-02  5.71811E-01  9.47140E-01
 -9.36539E-01 -4.94403E-01  6.90992E-02  6.39880E-01  9.29359E-01
 -9.64052E-01 -6.84669E-01 -2.20294E-01  4.91251E-01  9.23966E-01
 -9.63955E-01 -7.06429E-01 -9.49454E-02  4.98005E-01  9.35911E-01
 -9.65015E-01 -7.25365E-01 -1.46075E-01  5.47588E-01  9.44400E-01
 -9.48950E-01 -6.50938E-01 -1.28487E-01  4.86819E-01  9.25161E-01
 -9.70598E-01 -6.52321E-01 -1.58128E-01  4.90998E-01  9.19788E-01
 -9.59893E-01 -7.52418E-01 -4.20626E-01  1.96794E-01  9.18751E-01
 -9.64601E-01 -7.46726E-01 -3.96261E-01  2.25983E-01  8.28546E-01
 -9.15631E-01 -5.85208E-01 -2.00627E-01  4.05621E-01  9.31812E-01
 -8.72096E-01 -4.19420E-01  2.82508E-02  5.46884E-01  9.39019E-01
 -9.02422E-01 -3.49114E-01  2.01752E-01  7.05189E-01  9.60110E-01
 -9.31713E-02  3.50478E-01  6.38418E-01  8.69031E-01  9.82486E-01
 -3.78895E-02  3.37950E-01  6.05748E-01  8.02610E-01  9.77054E-01
 -1.32691E-02  4.13747E-01  7.12930E-01  8.83184E-01  9.87196E-01
  7.51631E-02  5.41423E-01  7.68681E-01  9.23395E-01  9.91836E-01
  1.68627E-01  5.93226E-01  8.20320E-01  9.37821E-01  9.96242E-01

  7.46200E-01 
 
  3.58661E+00  4.33800E+00  4.53998E+00  4.63575E+00  4.71993E+00
 
  5.55805E-01  7.35579E-01  8.32610E-01  9.10465E-01  9.71306E-01
  4.77350E-01  6.75294E-01  7.97177E-01  8.85467E-01  9.64076E-01
  4.14257E-01  6.22005E-01  7.51330E-01  8.58238E-01  9.57381E-01
  3.40541E-01  5.51973E-01  6.91087E-01  8.06201E-01  9.10266E-01
  2.37497E-01  3.83173E-01  4.93650E-01  5.90989E-01  7.33488E-01
 
 -9.42860E-01 -5.23435E-01  4.58189E-02  6.03548E-01  9.37202E-01
 -9.45301E-01 -5.59472E-01 -9.46801E-03  5.45815E-01  9.50224E-01
 -9.40775E-01 -5.75601E-01  1.09331E-02  5.91996E-01  9.50616E-01
 -9.49794E-01 -5.73917E-01  5.92757E-02  5.61930E-01  9.42290E-01
 -9.44379E-01 -4.96157E-01  1.97639E-01  6.68685E-01  9.63894E-01
 -9.66263E-01 -6.88834E-01 -1.61655E-01  4.06268E-01  9.20881E-01
 -9.48388E-01 -6.65912E-01 -1.63394E-01  5.41249E-01  9.44807E-01
 -9.46791E-01 -6.15621E-01 -1.84091E-01  4.47953E-01  9.18520E-01
 -9.64496E-01 -6.70608E-01 -3.12993E-02  5.64847E-01  9.35276E-01
 -9.47990E-01 -5.60278E-01  4.76383E-05  5.78939E-01  9.39569E-01
 -8.55380E-01 -6.50736E-01 -2.96336E-01  2.14762E-01  8.82691E-01
 -8.73083E-01 -6.34370E-01 -2.31991E-01  3.37657E-01  9.06921E-01
 -8.79626E-01 -6.12284E-01 -2.71213E-01  2.74279E-01  9.24482E-01
 -9.38058E-01 -6.24814E-01 -1.84064E-01  3.27466E-01  9.03067E-01
 -9.55376E-01 -6.16925E-01 -1.05049E-01  5.24922E-01  9.28334E-01
 -5.45629E-02  3.00114E-01  5.86740E-01  8.44450E-01  9.81699E-01
 -1.09808E-01  2.26923E-01  5.00719E-01  7.90168E-01  9.78134E-01
 -3.29646E-02  3.26255E-01  5.60283E-01  7.83709E-01  9.65444E-01
 -2.87120E-02  3.79103E-01  6.87426E-01  8.74543E-01  9.87158E-01
  1.27169E-02  4.71194E-01  7.12820E-01  8.91055E-01  9.79918E-01
  6.25511E-01  8.24266E-01  9.12961E-01  9.67350E-01  9.96032E-01
  5.85425E-01  7.73958E-01  8.81087E-01  9.59496E-01  9.96648E-01
  6.14588E-01  7.85463E-01  8.96308E-01  9.60640E-01  9.96418E-01
  6.27360E-01  8.09505E-01  9.05305E-01  9.66973E-01  9.96184E-01
  6.31536E-01  8.49901E-01  9.38066E-01  9.76983E-01  9.97581E-01

  8.86800E-01 
 
  4.17042E+00  4.55176E+00  4.66054E+00  4.72667E+00  4.79146E+00
 
  4.69782E-01  6.66465E-01  7.86877E-01  8.83287E-01  9.63089E-01
  3.59425E-01  5.79286E-01  7.25097E-01  8.41504E-01  9.49794E-01
  2.90248E-01  5.17349E-01  6.73752E-01  8.01109E-01  9.26452E-01
  2.36396E-01  4.15430E-01  5.51804E-01  6.65100E-01  8.04510E-01
  1.83375E-01  3.02198E-01  3.97170E-01  4.95908E-01  6.36017E-01
 
 -9.73797E-01 -7.32685E-01 -2.73375E-01  3.67984E-01  9.41820E-01
 -9.73881E-01 -7.33058E-01 -2.76922E-01  4.43582E-01  9.26975E-01
 -9.53622E-01 -6.10629E-01 -1.20892E-01  4.94642E-01  9.20611E-01
 -9.53270E-01 -6.70949E-01 -1.24182E-01  5.30711E-01  9.25322E-01
 -9.50353E-01 -6.10568E-01 -7.40936E-02  5.27394E-01  9.35815E-01
 -6.06886E-01 -3.49039E-01 -9.79265E-03  4.73549E-01  9.43748E-01
 -7.57702E-01 -5.20748E-01 -1.89980E-01  2.86207E-01  8.93351E-01
 -7.69934E-01 -5.22595E-01 -1.61390E-01  3.79101E-01  9.13268E-01
 -9.21155E-01 -6.51979E-01 -3.08035E-01  2.64089E-01  9.02047E-01
 -9.63517E-01 -6.61591E-01 -1.44632E-01  4.12002E-01  9.11399E-01
  1.98655E-01  5.13923E-01  7.46734E-01  9.12605E-01  9.88986E-01
  5.41343E-02  3.35958E-01  5.89893E-01  8.44671E-01  9.85159E-01
  9.47173E-02  3.88082E-01  6.55219E-01  8.58436E-01  9.85371E-01
  7.80628E-02  4.43134E-01  6.55431E-01  8.44823E-01  9.72458E-01
 -2.10031E-02  4.27817E-01  7.15347E-01  8.86225E-01  9.82027E-01
  6.54537E-01  8.34021E-01  9.21228E-01  9.71902E-01  9.97598E-01
  5.28681E-01  7.43622E-01  8.84512E-01  9.53552E-01  9.94552E-01
  5.20112E-01  7.47681E-01  8.77506E-01  9.58019E-01  9.94021E-01
  5.93967E-01  7.86896E-01  8.83621E-01  9.60145E-01  9.94078E-01
  6.20004E-01  8.05008E-01  9.05151E-01  9.63714E-01  9.95806E-01
  8.72771E-01  9.40128E-01  9.71252E-01  9.90298E-01  9.99099E-01
  8.10913E-01  9.06009E-01  9.55205E-01  9.83973E-01  9.98601E-01
  8.04755E-01  9.09467E-01  9.55944E-01  9.84775E-01  9.98067E-01
  8.08206E-01  9.15270E-01  9.60720E-01  9.86407E-01  9.97952E-01
  7.97744E-01  9.23685E-01  9.67002E-01  9.86888E-01  9.98825E-01

  9.91850E-01 
 
  4.56967E+00  4.69214E+00  4.74872E+00  4.79605E+00  4.85804E+00
 
  2.30483E-01  4.85017E-01  6.54557E-01  8.03527E-01  9.37173E-01
  1.58950E-01  3.66889E-01  5.29146E-01  6.69793E-01  8.48648E-01
  1.40524E-01  3.00532E-01  4.34905E-01  5.58069E-01  7.38255E-01
  1.34732E-01  2.61435E-01  3.68636E-01  4.79637E-01  6.30420E-01
  1.03914E-01  1.66630E-01  2.35791E-01  3.21059E-01  4.49991E-01
 
 -1.23111E-01  2.51808E-01  5.95310E-01  7.88693E-01  9.80225E-01
 -4.38290E-01 -1.29970E-01  1.85556E-01  5.30349E-01  9.50518E-01
 -4.66762E-01 -2.34317E-01  7.16568E-02  3.85678E-01  8.84023E-01
 -5.93152E-01 -2.70565E-01  7.79921E-02  4.80084E-01  9.48497E-01
 -7.89991E-01 -3.86987E-01  4.83266E-03  4.75440E-01  8.96289E-01
  7.87368E-01  8.91974E-01  9.51971E-01  9.83283E-01  9.97955E-01
  5.81260E-01  7.86141E-01  9.09889E-01  9.71503E-01  9.96425E-01
  5.16636E-01  7.34514E-01  8.76522E-01  9.54586E-01  9.94529E-01
  5.00458E-01  7.44516E-01  8.72700E-01  9.51548E-01  9.92975E-01
  5.15859E-01  7.17123E-01  8.55148E-01  9.48400E-01  9.94957E-01
  9.09656E-01  9.58464E-01  9.80954E-01  9.93741E-01  9.99101E-01
  8.03224E-01  8.95837E-01  9.56865E-01  9.86386E-01  9.98277E-01
  7.77997E-01  9.03306E-01  9.54976E-01  9.82524E-01  9.98411E-01
  7.38829E-01  8.82869E-01  9.46102E-01  9.82177E-01  9.98716E-01
  7.80753E-01  8.82987E-01  9.44356E-01  9.80534E-01  9.98360E-01
  9.55530E-01  9.76868E-01  9.87075E-01  9.94503E-01  9.99373E-01
  8.95353E-01  9.44202E-01  9.73585E-01  9.90423E-01  9.99174E-01
  8.73137E-01  9.24366E-01  9.62692E-01  9.88109E-01  9.98485E-01
  8.68547E-01  9.36084E-01  9.72320E-01  9.90812E-01  9.98843E-01
  8.90416E-01  9.44866E-01  9.74651E-01  9.92253E-01  9.99428E-01
  9.85290E-01  9.91451E-01  9.94837E-01  9.97684E-01  9.99678E-01
  9.73762E-01  9.86423E-01  9.93785E-01  9.97669E-01  9.99741E-01
  9.63125E-01  9.81369E-01  9.91478E-01  9.96815E-01  9.99640E-01
  9.57946E-01  9.79801E-01  9.90631E-01  9.96567E-01  9.99685E-01
  9.51635E-01  9.81008E-01  9.91051E-01  9.97189E-01  9.99655E-01

  5.33600E-01 
 
  4.14796E+00  5.43136E+00  6.01222E+00  6.34972E+00  6.53511E+00
 
  5.55615E-01  7.30122E-01  8.33068E-01  9.07914E-01  9.72892E-01
  5.27205E-01  7.13938E-01  8.21469E-01  9.00366E-01  9.70520E-01
  5.05029E-01  6.84957E-01  8.01173E-01  8.85867E-01  9.62672E-01
  4.99026E-01  6.88997E-01  8.06735E-01  8.92685E-01  9.66537E-01
  3.38775E-01  4.79995E-01  5.82141E-01  6.74107E-01  7.90920E-01
 
 -9.55600E-01 -5.76667E-01 -6.47741E-03  6.03588E-01  9.49299E-01
 -9.38220E-01 -5.86609E-01 -9.17488E-02  5.01725E-01  9.21081E-01
 -9.33387E-01 -5.37984E-01  1.51195E-02  5.29199E-01  9.18403E-01
 -9.47814E-01 -5.99912E-01 -5.42763E-02  5.10378E-01  9.49255E-01
 -9.40743E-01 -5.11007E-01  1.92819E-01  6.65997E-01  9.47559E-01
 -9.24703E-01 -5.68625E-01 -2.23915E-02  5.79727E-01  9.36458E-01
 -9.54706E-01 -5.76301E-01  4.13930E-02  5.76660E-01  9.53131E-01
 -9.43172E-01 -6.17221E-01 -1.08521E-01  5.11090E-01  9.16170E-01
 -9.24470E-01 -4.99517E-01  8.04717E-02  6.55091E-01  9.63264E-01
 -9.43805E-01 -6.00098E-01 -8.05098E-02  4.96404E-01  9.42011E-01
 -9.39374E-01 -5.96620E-01 -2.06845E-02  5.79261E-01  9.31816E-01
 -9.56848E-01 -6.29250E-01 -6.67243E-02  5.39674E-01  9.14811E-01
 -8.88740E-01 -5.05576E-01  1.95047E-01  6.93118E-01  9.60451E-01
 -9.53685E-01 -5.95527E-01  5.20529E-02  5.89837E-01  9.48754E-01
 -9.29367E-01 -5.75353E-01 -2.20431E-02  5.44215E-01  9.58069E-01
 -9.44805E-01 -5.78528E-01 -4.10664E-02  5.49971E-01  9.51292E-01
 -9.51224E-01 -5.50495E-01 -2.71032E-02  6.06977E-01  9.41420E-01
 -9.10720E-01 -5.51067E-01  2.76381E-02  5.55206E-01  9.55897E-01
 -9.36527E-01 -5.33237E-01  6.90861E-02  6.11501E-01  9.53653E-01
 -9.70330E-01 -6.86663E-01 -1.00030E-01  4.36884E-01  9.35164E-01
 -9.41227E-01 -5.92032E-01 -1.01730E-02  5.77624E-01  9.45891E-01
 -9.43979E-01 -5.46351E-01  7.14162E-02  6.34735E-01  9.50453E-01
 -9.53262E-01 -5.17653E-01 -3.26586E-03  6.39338E-01  9.38098E-01
 -9.58854E-01 -5.94062E-01 -4.72912E-02  5.17195E-01  9.53039E-01
 -9.25116E-01 -6.08899E-01 -1.08388E-01  5.15289E-01  9.53503E-01

  5.51100E-01 
 
  4.27911E+00  5.49799E+00  6.08575E+00  6.40254E+00  6.57093E+00
 
  5.42904E-01  7.23581E-01  8.33829E-01  9.10329E-01  9.72135E-01
  5.33967E-01  7.15642E-01  8.23851E-01  9.05280E-01  9.68874E-01
  5.17544E-01  6.86873E-01  7.97089E-01  8.86244E-01  9.65529E-01
  4.85421E-01  6.81434E-01  8.00294E-01  8.84311E-01  9.64262E-01
  2.87259E-01  4.57054E-01  5.74225E-01  6.75922E-01  8.05054E-01
 
 -9.19152E-01 -5.39597E-01  7.31937E-02  6.29191E-01  9.70191E-01
 -9.34679E-01 -6.24823E-01 -2.59598E-02  5.19596E-01  9.51259E-01
 -9.26511E-01 -5.46458E-01  1.62095E-03  5.78196E-01  9.40935E-01
 -9.50240E-01 -6.12260E-01  4.39258E-02  6.21150E-01  9.33649E-01
 -9.43785E-01 -6.36726E-01 -3.98095E-02  6.43484E-01  9.61940E-01
 -9.29806E-01 -4.94490E-01  8.55774E-02  5.90647E-01  9.52895E-01
 -9.31099E-01 -6.39818E-01 -8.21533E-02  5.46088E-01  9.44530E-01
 -9.58622E-01 -6.58756E-01  5.64275E-02  5.80780E-01  9.39278E-01
 -9.48835E-01 -6.45348E-01 -1.43116E-01  5.20801E-01  9.25499E-01
 -9.15420E-01 -4.98317E-01  2.48954E-03  5.55575E-01  9.43236E-01
 -9.55055E-01 -6.71660E-01 -9.17936E-02  4.69127E-01  9.38963E-01
 -9.55662E-01 -5.87121E-01 -4.74751E-02  5.22838E-01  9.24441E-01
 -9.54393E-01 -5.63347E-01  1.53444E-02  5.48167E-01  9.29183E-01
 -9.41718E-01 -5.72181E-01 -4.09140E-02  5.65223E-01  9.21343E-01
 -9.40440E-01 -6.00781E-01 -4.45030E-02  4.72878E-01  9.50831E-01
 -9.40439E-01 -6.54262E-01 -1.97091E-01  5.14943E-01  9.25755E-01
 -9.49220E-01 -7.28033E-01 -2.24702E-01  4.15143E-01  9.12767E-01
 -9.57100E-01 -6.92058E-01 -1.72797E-01  3.85536E-01  8.97159E-01
 -9.49287E-01 -6.36529E-01 -2.84292E-02  5.47511E-01  9.46352E-01
 -9.56453E-01 -5.91553E-01 -4.88655E-02  5.34124E-01  9.40052E-01
 -3.65619E-01  3.58188E-02  3.30818E-01  6.13412E-01  9.09110E-01
 -3.25443E-01  1.26559E-01  4.69203E-01  7.05837E-01  9.67631E-01
 -2.43234E-01  2.33535E-01  5.19750E-01  7.73668E-01  9.49394E-01
 -9.74613E-02  4.50953E-01  7.16761E-01  8.91451E-01  9.87541E-01
  5.57891E-02  4.50651E-01  7.63287E-01  9.15134E-01  9.89261E-01

  6.44750E-01 
 
  4.60311E+00  5.81763E+00  6.30781E+00  6.52578E+00  6.68415E+00
 
  5.57622E-01  7.29848E-01  8.29001E-01  9.06083E-01  9.70630E-01
  5.15801E-01  6.89614E-01  8.03094E-01  8.94451E-01  9.66324E-01
  4.54372E-01  6.45000E-01  7.61773E-01  8.62601E-01  9.54608E-01
  3.74662E-01  5.80842E-01  7.19149E-01  8.39074E-01  9.39249E-01
  2.59921E-01  4.04007E-01  5.06017E-01  6.04175E-01  7.34491E-01
 
 -9.80393E-01 -6.61907E-01 -9.23067E-02  5.11619E-01  9.35620E-01
 -9.58226E-01 -6.24878E-01 -6.09124E-02  5.87366E-01  9.65170E-01
 -9.26631E-01 -5.23090E-01  3.34356E-02  6.05832E-01  9.41612E-01
 -9.21688E-01 -5.79721E-01  2.48682E-03  6.12174E-01  9.30994E-01
 -9.54220E-01 -6.21026E-01 -1.95338E-02  5.75179E-01  9.20505E-01
 -9.47618E-01 -6.81985E-01 -2.84742E-03  5.29140E-01  9.53519E-01
 -9.51936E-01 -5.38856E-01  3.89087E-02  5.82610E-01  9.31508E-01
 -9.30044E-01 -6.11849E-01 -1.58679E-02  6.14144E-01  9.50020E-01
 -9.49145E-01 -5.94910E-01 -3.01943E-03  5.54979E-01  9.44807E-01
 -9.24562E-01 -5.45555E-01  1.55695E-01  6.53435E-01  9.32001E-01
 -9.76142E-01 -7.80635E-01 -3.66583E-01  2.60156E-01  8.64606E-01
 -9.75396E-01 -7.70779E-01 -2.59330E-01  4.10543E-01  8.99144E-01
 -9.61806E-01 -7.39123E-01 -2.89143E-01  5.05719E-01  9.26040E-01
 -9.53870E-01 -6.33818E-01 -1.16813E-01  5.14627E-01  9.26634E-01
 -9.56259E-01 -6.61069E-01 -1.30181E-01  5.53362E-01  9.46271E-01
 -5.70267E-01 -3.06972E-01  4.50866E-02  4.53408E-01  9.51302E-01
 -4.86496E-01 -1.76119E-01  1.83665E-01  6.44630E-01  9.52036E-01
 -4.36613E-01 -9.80164E-02  2.74839E-01  6.33055E-01  9.51782E-01
 -4.13261E-01 -3.84938E-02  2.95095E-01  6.56291E-01  9.24674E-01
 -4.31548E-01  1.69013E-02  3.82371E-01  7.41880E-01  9.54226E-01
  5.06703E-01  6.89802E-01  8.48583E-01  9.38069E-01  9.96567E-01
  4.83405E-01  6.90110E-01  8.33636E-01  9.50174E-01  9.89734E-01
  5.05105E-01  6.99104E-01  8.35652E-01  9.27673E-01  9.89122E-01
  6.03363E-01  7.91637E-01  8.95490E-01  9.53298E-01  9.92108E-01
  6.23372E-01  8.15413E-01  9.21486E-01  9.68541E-01  9.97226E-01

  8.10500E-01 
 
  5.46652E+00  6.39605E+00  6.60976E+00  6.71440E+00  6.79171E+00
 
  5.19490E-01  6.89471E-01  8.07015E-01  8.95341E-01  9.68750E-01
  3.95355E-01  5.92848E-01  7.20272E-01  8.30426E-01  9.41144E-01
  3.20778E-01  5.15892E-01  6.64451E-01  8.00505E-01  9.30059E-01
  2.35881E-01  3.96922E-01  5.26420E-01  6.36695E-01  7.74122E-01
  1.94762E-01  3.04191E-01  3.87928E-01  4.68146E-01  5.94775E-01
 
 -9.60236E-01 -6.66673E-01 -1.01559E-01  5.13010E-01  9.53082E-01
 -9.36414E-01 -6.56034E-01 -9.79278E-02  5.10684E-01  9.34621E-01
 -9.37681E-01 -5.63491E-01  6.28391E-02  6.43435E-01  9.43879E-01
 -9.27088E-01 -4.82321E-01  3.73788E-02  5.57270E-01  9.27329E-01
 -9.58754E-01 -5.57232E-01 -7.09262E-03  6.27131E-01  9.67702E-01
 -8.97438E-01 -6.82998E-01 -4.18762E-01  3.61425E-02  7.95182E-01
 -9.18021E-01 -6.93250E-01 -3.58181E-01  3.02523E-01  8.94862E-01
 -9.27893E-01 -7.05073E-01 -3.52659E-01  3.02600E-01  8.98421E-01
 -9.60443E-01 -7.06130E-01 -2.98509E-01  3.21754E-01  8.92162E-01
 -9.71764E-01 -6.87911E-01 -2.89777E-01  3.57894E-01  8.96428E-01
  7.56365E-02  3.59324E-01  6.15271E-01  8.19329E-01  9.89980E-01
 -6.04628E-02  1.98165E-01  4.44881E-01  7.65162E-01  9.78718E-01
 -7.00979E-03  2.69845E-01  5.31025E-01  8.02235E-01  9.65042E-01
 -3.49451E-02  2.75055E-01  4.97616E-01  7.44670E-01  9.63331E-01
 -1.81766E-01  3.08607E-01  6.41824E-01  8.82660E-01  9.85278E-01
  6.34272E-01  8.25421E-01  9.22971E-01  9.74262E-01  9.97405E-01
  5.25522E-01  7.07018E-01  8.45993E-01  9.43743E-01  9.95529E-01
  5.47944E-01  7.23218E-01  8.47094E-01  9.45352E-01  9.96597E-01
  6.17502E-01  7.78916E-01  8.86444E-01  9.54785E-01  9.95585E-01
  6.58750E-01  8.18096E-01  9.17625E-01  9.71945E-01  9.96314E-01
  8.61699E-01  9.41786E-01  9.77442E-01  9.92771E-01  9.98863E-01
  8.12398E-01  9.17684E-01  9.64432E-01  9.86744E-01  9.98999E-01
  8.15480E-01  9.03049E-01  9.54131E-01  9.85819E-01  9.99074E-01
  8.29760E-01  9.20142E-01  9.62141E-01  9.87656E-01  9.98322E-01
  8.41708E-01  9.24588E-01  9.65541E-01  9.87446E-01  9.98808E-01

  9.86900E-01 
 
  6.54686E+00  6.70313E+00  6.76220E+00  6.81150E+00  6.87134E+00
 
  1.25909E-01  3.42020E-01  5.45156E-01  7.35038E-01  9.28397E-01
  1.26095E-01  2.74845E-01  4.11108E-01  5.63580E-01  7.65372E-01
  1.31922E-01  2.51891E-01  3.58945E-01  4.83603E-01  6.47232E-01
  1.12655E-01  2.16707E-01  3.02086E-01  3.99244E-01  5.49632E-01
  9.54300E-02  1.73111E-01  2.39628E-01  3.15742E-01  4.28309E-01
 
  5.76603E-01  9.67811E-01  9.91303E-01  9.97367E-01  9.99734E-01
 -2.27908E-01  2.06963E-01  5.33186E-01  8.51474E-01  9.89304E-01
 -3.87930E-01 -5.26488E-02  2.54455E-01  6.17360E-01  9.61547E-01
 -4.36876E-01 -1.13961E-01  1.56257E-01  5.58565E-01  9.38179E-01
 -4.96076E-01 -1.31862E-01  2.08363E-01  5.84495E-01  9.51994E-01
  9.17681E-01  9.73207E-01  9.89674E-01  9.97054E-01  9.99629E-01
  7.38135E-01  9.08307E-01  9.65724E-01  9.89867E-01  9.98989E-01
  6.58308E-01  8.42555E-01  9.36738E-01  9.80575E-01  9.98631E-01
  6.21208E-01  8.06302E-01  9.20411E-01  9.72833E-01  9.97837E-01
  6.50866E-01  8.15428E-01  9.08394E-01  9.66505E-01  9.97502E-01
  9.43432E-01  9.81641E-01  9.92320E-01  9.97752E-01  9.99741E-01
  8.64632E-01  9.48390E-01  9.81931E-01  9.93753E-01  9.99171E-01
  8.09261E-01  9.22544E-01  9.63581E-01  9.88981E-01  9.98898E-01
  7.94611E-01  8.99790E-01  9.54091E-01  9.85192E-01  9.97756E-01
  8.16937E-01  9.10344E-01  9.57698E-01  9.86181E-01  9.98763E-01
  9.67190E-01  9.85765E-01  9.94486E-01  9.98008E-01  9.99784E-01
  9.36279E-01  9.71302E-01  9.88305E-01  9.95254E-01  9.99612E-01
  9.13488E-01  9.60403E-01  9.82417E-01  9.93932E-01  9.99446E-01
  8.90793E-01  9.49218E-01  9.79412E-01  9.92449E-01  9.99218E-01
  9.07674E-01  9.51836E-01  9.78251E-01  9.92938E-01  9.99254E-01
  9.87286E-01  9.94237E-01  9.97496E-01  9.99100E-01  9.99931E-01
  9.70465E-01  9.86239E-01  9.93594E-01  9.97933E-01  9.99735E-01
  9.62314E-01  9.85476E-01  9.92711E-01  9.97397E-01  9.99725E-01
  9.58524E-01  9.82999E-01  9.91960E-01  9.96789E-01  9.99547E-01
  9.61373E-01  9.82322E-01  9.92161E-01  9.97543E-01  9.99775E-01

  4.85900E-01 
 
  5.50415E+00  7.39440E+00  8.26211E+00  8.83439E+00  9.22686E+00
 
  5.39705E-01  7.23804E-01  8.26257E-01  9.03211E-01  9.71055E-01
  5.13152E-01  6.88911E-01  8.02685E-01  8.87984E-01  9.65285E-01
  5.04879E-01  6.74789E-01  7.93846E-01  8.81782E-01  9.60193E-01
  4.84433E-01  6.68739E-01  7.84277E-01  8.78962E-01  9.60083E-01
  3.63126E-01  5.22590E-01  6.28420E-01  7.24893E-01  8.38934E-01
 
 -9.34727E-01 -5.44988E-01  6.20521E-02  6.35473E-01  9.57451E-01
 -9.63230E-01 -6.37167E-01 -7.22417E-02  5.17332E-01  9.42375E-01
 -9.51481E-01 -7.29304E-01 -8.55941E-03  4.64708E-01  9.55341E-01
 -9.44157E-01 -5.63936E-01  8.54572E-02  6.53006E-01  9.62079E-01
 -9.13298E-01 -5.78161E-01  6.46528E-02  6.14714E-01  9.54959E-01
 -9.54854E-01 -5.30124E-01  4.23597E-02  5.93435E-01  9.67212E-01
 -9.58587E-01 -6.26632E-01 -8.98396E-02  5.66478E-01  9.35557E-01
 -9.16226E-01 -5.70440E-01 -7.56400E-02  3.75402E-01  9.14312E-01
 -9.62421E-01 -6.34388E-01 -1.20747E-01  4.64586E-01  9.48949E-01
 -9.53013E-01 -6.86148E-01 -5.91973E-02  5.27196E-01  9.31075E-01
 -8.84563E-01 -5.97949E-01  1.33513E-02  5.70577E-01  9.47375E-01
 -9.46496E-01 -6.32808E-01  2.62731E-02  6.43544E-01  9.68906E-01
 -9.36607E-01 -5.88608E-01  2.10599E-02  6.75870E-01  9.54297E-01
 -9.45516E-01 -4.99338E-01  6.03859E-02  6.05458E-01  9.65543E-01
 -9.36534E-01 -5.48319E-01  8.56342E-02  6.22780E-01  9.63414E-01
 -9.17904E-01 -4.91739E-01 -5.48922E-03  5.29099E-01  9.27963E-01
 -9.22105E-01 -6.09124E-01  7.85126E-02  6.18902E-01  9.62890E-01
 -9.31688E-01 -5.32584E-01 -3.66696E-02  5.84974E-01  9.34582E-01
 -9.59788E-01 -6.20344E-01 -5.23921E-02  6.39233E-01  9.60938E-01
 -9.40361E-01 -4.72612E-01  3.35415E-02  5.18016E-01  9.44156E-01
 -9.42618E-01 -5.71101E-01  4.56802E-02  6.19266E-01  9.45718E-01
 -9.22885E-01 -5.56648E-01 -1.43218E-03  5.74373E-01  9.26033E-01
 -9.35554E-01 -5.06085E-01  1.33557E-02  6.21943E-01  9.47296E-01
 -9.30422E-01 -5.92320E-01 -4.10665E-02  6.29986E-01  9.62787E-01
 -9.41638E-01 -6.18599E-01 -1.15679E-01  5.41121E-01  8.93334E-01

  5.04400E-01 
 
  5.51420E+00  7.39590E+00  8.32107E+00  8.89506E+00  9.27212E+00
 
  5.37409E-01  7.20799E-01  8.28051E-01  9.04819E-01  9.70314E-01
  5.11423E-01  6.91457E-01  8.06623E-01  8.94744E-01  9.66811E-01
  4.88269E-01  6.74818E-01  7.85018E-01  8.76900E-01  9.63052E-01
  4.84011E-01  6.62257E-01  7.77873E-01  8.78810E-01  9.65071E-01
  3.28305E-01  4.90050E-01  6.13014E-01  7.25313E-01  8.44538E-01
 
 -9.68588E-01 -5.38130E-01  7.29885E-02  5.74366E-01  9.10124E-01
 -9.07247E-01 -5.23123E-01  1.09354E-01  6.65859E-01  9.53833E-01
 -9.40740E-01 -5.93696E-01 -1.01047E-02  5.81734E-01  9.43517E-01
 -9.48143E-01 -5.32589E-01 -1.03141E-02  6.30063E-01  9.36491E-01
 -9.28480E-01 -4.68460E-01  1.29578E-01  6.68400E-01  9.50456E-01
 -8.99613E-01 -5.15733E-01  9.02770E-02  6.20993E-01  9.55998E-01
 -9.43324E-01 -6.15676E-01  4.89798E-02  6.19212E-01  9.54214E-01
 -9.35631E-01 -4.83738E-01  1.18255E-01  6.94468E-01  9.64798E-01
 -9.33383E-01 -5.39969E-01  1.34666E-01  6.86156E-01  9.60722E-01
 -9.51551E-01 -6.08825E-01  1.36463E-02  6.15637E-01  9.71786E-01
 -8.78087E-01 -4.52679E-01  5.69191E-02  5.76311E-01  9.42850E-01
 -9.44863E-01 -5.78263E-01  8.00611E-02  6.00036E-01  9.52580E-01
 -9.13782E-01 -5.67663E-01  7.86180E-02  6.13924E-01  9.65340E-01
 -9.38963E-01 -5.09754E-01  1.90123E-02  6.00182E-01  9.70263E-01
 -9.62264E-01 -6.61393E-01 -1.98490E-01  4.39546E-01  9.23844E-01
 -9.54338E-01 -6.18047E-01  1.58946E-01  6.65752E-01  9.53673E-01
 -8.86125E-01 -4.83914E-01  2.14824E-02  6.48801E-01  9.51706E-01
 -9.39606E-01 -6.45427E-01 -2.99919E-02  6.16555E-01  9.71159E-01
 -9.53308E-01 -5.35302E-01  1.39622E-01  6.10641E-01  9.63326E-01
 -9.38612E-01 -5.70805E-01  3.01793E-02  5.56707E-01  9.56573E-01
 -4.94826E-01 -1.73988E-01  1.76995E-01  6.38505E-01  9.69843E-01
 -5.79092E-01 -1.18221E-01  3.26306E-01  6.92952E-01  9.65607E-01
 -5.46704E-01 -1.02776E-02  4.09443E-01  7.48811E-01  9.55445E-01
 -3.90895E-01  1.11669E-01  4.80192E-01  8.12268E-01  9.78349E-01
 -2.18031E-01  3.35504E-01  6.53713E-01  8.63155E-01  9.84765E-01

  5.77100E-01 
 
  5.86527E+00  7.77325E+00  8.62419E+00  9.10257E+00  9.42376E+00
 
  5.49181E-01  7.15486E-01  8.18713E-01  8.99505E-01  9.68281E-01
  4.95035E-01  6.68714E-01  7.89182E-01  8.78592E-01  9.62735E-01
  4.85623E-01  6.54189E-01  7.70092E-01  8.70568E-01  9.59116E-01
  4.24551E-01  6.12214E-01  7.33119E-01  8.47918E-01  9.54568E-01
  2.90069E-01  4.25077E-01  5.41290E-01  6.51985E-01  7.93080E-01
 
 -9.34158E-01 -5.40364E-01  8.75233E-02  6.23132E-01  9.60284E-01
 -9.04144E-01 -5.35300E-01  1.08663E-01  6.50043E-01  9.57422E-01
 -9.47684E-01 -6.05968E-01  3.89131E-02  6.40316E-01  9.57787E-01
 -9.36291E-01 -6.18444E-01 -3.31401E-02  5.81236E-01  9.23990E-01
 -9.27296E-01 -5.12809E-01  1.56015E-01  6.92153E-01  9.63394E-01
 -9.51808E-01 -6.70767E-01 -4.43403E-02  6.15513E-01  9.44834E-01
 -9.28583E-01 -5.82160E-01  3.14912E-02  6.49917E-01  9.64917E-01
 -9.42854E-01 -6.18238E-01 -7.44871E-03  5.93101E-01  9.53066E-01
 -9.20112E-01 -5.12304E-01 -7.36523E-02  5.48453E-01  9.44195E-01
 -9.13466E-01 -5.38802E-01  2.27593E-02  6.35301E-01  9.65314E-01
 -9.50642E-01 -5.59109E-01 -3.75583E-02  6.09466E-01  9.48050E-01
 -9.50977E-01 -6.06570E-01 -4.43126E-02  5.66864E-01  9.26004E-01
 -9.35681E-01 -5.70741E-01 -1.36938E-02  5.78398E-01  9.38892E-01
 -9.30927E-01 -5.45955E-01  7.90887E-02  5.95973E-01  9.35466E-01
 -9.43024E-01 -4.94802E-01  6.90401E-02  6.28099E-01  9.69980E-01
 -9.44541E-01 -6.72270E-01 -2.56284E-01  3.31223E-01  9.20157E-01
 -8.81244E-01 -5.27140E-01  1.52838E-03  6.13320E-01  9.60478E-01
 -8.60531E-01 -4.42258E-01  1.90868E-01  6.83768E-01  9.59884E-01
 -8.62869E-01 -5.17944E-01 -1.08403E-02  5.82898E-01  9.43998E-01
 -8.88907E-01 -4.45435E-01  1.66233E-01  6.39227E-01  9.36467E-01
  1.91552E-01  4.71433E-01  6.81731E-01  8.52521E-01  9.79296E-01
  2.06959E-01  5.07820E-01  7.23669E-01  9.07835E-01  9.84860E-01
  2.51747E-01  5.55263E-01  7.50465E-01  8.97306E-01  9.92260E-01
  4.01077E-01  6.54482E-01  8.25364E-01  9.33463E-01  9.92002E-01
  4.22018E-01  7.38935E-01  8.58285E-01  9.45075E-01  9.94545E-01

  7.36450E-01 
 
  6.92196E+00  8.67767E+00  9.21398E+00  9.47487E+00  9.61485E+00
 
  5.20803E-01  7.01438E-01  8.10220E-01  8.94709E-01  9.66997E-01
  4.41348E-01  6.13057E-01  7.41512E-01  8.45161E-01  9.51364E-01
  3.78880E-01  5.48297E-01  6.80356E-01  8.18917E-01  9.42720E-01
  2.70258E-01  4.39018E-01  5.69326E-01  6.95473E-01  8.35241E-01
  1.98269E-01  3.00290E-01  3.93047E-01  4.79495E-01  5.96457E-01
 
 -9.48015E-01 -5.54935E-01 -8.04145E-02  5.42659E-01  9.41374E-01
 -9.34709E-01 -5.72059E-01 -9.69159E-03  6.90587E-01  9.54409E-01
 -9.11676E-01 -6.09340E-01 -2.97766E-02  5.56138E-01  9.61947E-01
 -9.55417E-01 -6.10449E-01 -6.12834E-02  5.18638E-01  9.45556E-01
 -9.42425E-01 -5.95989E-01  8.92330E-02  5.66836E-01  9.52853E-01
 -9.77066E-01 -7.29786E-01 -2.92897E-01  3.74038E-01  9.22374E-01
 -9.44434E-01 -6.43310E-01 -9.77928E-02  5.10568E-01  9.42765E-01
 -9.51155E-01 -6.05967E-01  5.73091E-02  5.68329E-01  9.43153E-01
 -9.70611E-01 -5.64695E-01  3.90466E-02  6.04322E-01  9.60671E-01
 -9.51101E-01 -5.82870E-01  6.06434E-02  5.98518E-01  9.61653E-01
 -6.48011E-01 -3.21880E-01  3.80184E-03  5.27044E-01  9.42757E-01
 -6.16720E-01 -3.14413E-01  1.09975E-01  6.24766E-01  9.55605E-01
 -6.26895E-01 -2.73287E-01  1.52842E-01  7.20111E-01  9.66459E-01
 -6.76576E-01 -2.87463E-01  1.77805E-01  6.41716E-01  9.55991E-01
 -8.38879E-01 -3.87745E-01  1.66628E-01  6.63216E-01  9.59854E-01
  3.61907E-01  5.78884E-01  7.67410E-01  9.14919E-01  9.93978E-01
  2.88670E-01  5.38540E-01  7.43700E-01  9.31109E-01  9.89960E-01
  3.23535E-01  5.70800E-01  7.51671E-01  9.05426E-01  9.90341E-01
  3.81499E-01  5.90420E-01  7.80131E-01  9.14047E-01  9.83303E-01
  5.14524E-01  7.35528E-01  8.71604E-01  9.56954E-01  9.92318E-01
  8.32800E-01  9.29404E-01  9.67620E-01  9.89055E-01  9.98775E-01
  7.99676E-01  9.11003E-01  9.57667E-01  9.85231E-01  9.98040E-01
  7.87820E-01  8.97968E-01  9.50649E-01  9.79972E-01  9.98104E-01
  7.94079E-01  9.07285E-01  9.55491E-01  9.82449E-01  9.98288E-01
  8.39560E-01  9.29250E-01  9.70753E-01  9.90170E-01  9.99237E-01

  9.78500E-01 
 
  9.36713E+00  9.55122E+00  9.61658E+00  9.66822E+00  9.73089E+00
 
  1.59068E-01  3.44622E-01  5.12838E-01  6.98534E-01  8.98871E-01
  1.07943E-01  2.11321E-01  3.17010E-01  4.52226E-01  6.78568E-01
  1.14722E-01  2.00740E-01  2.85251E-01  3.82409E-01  5.42188E-01
  1.11061E-01  1.88045E-01  2.57947E-01  3.44344E-01  4.81789E-01
  1.06208E-01  1.67382E-01  2.21782E-01  2.81038E-01  3.75386E-01
 
  1.58004E-01  6.23165E-01  7.61735E-01  8.59341E-01  9.85072E-01
 -1.88015E-01  1.89713E-01  4.88379E-01  7.51714E-01  9.48382E-01
 -3.03948E-01  8.14029E-02  4.04788E-01  7.10734E-01  9.51799E-01
 -3.33004E-01 -4.16480E-02  3.09948E-01  5.96686E-01  9.53976E-01
 -3.42854E-01 -3.41657E-02  3.32768E-01  6.41623E-01  9.58087E-01
  9.49324E-01  9.84754E-01  9.94798E-01  9.98270E-01  9.99805E-01
  8.61877E-01  9.49599E-01  9.83812E-01  9.94998E-01  9.99588E-01
  7.72377E-01  9.09930E-01  9.64811E-01  9.90268E-01  9.98838E-01
  7.00886E-01  8.61885E-01  9.45319E-01  9.82926E-01  9.97958E-01
  7.11091E-01  8.39781E-01  9.18690E-01  9.68630E-01  9.97801E-01
  9.63366E-01  9.86747E-01  9.94527E-01  9.98414E-01  9.99838E-01
  9.21647E-01  9.69491E-01  9.87122E-01  9.95934E-01  9.99726E-01
  8.87582E-01  9.58122E-01  9.85469E-01  9.94464E-01  9.99274E-01
  8.32718E-01  9.36962E-01  9.74671E-01  9.91569E-01  9.98843E-01
  8.46905E-01  9.29594E-01  9.64080E-01  9.89721E-01  9.99053E-01
  9.75491E-01  9.89272E-01  9.96050E-01  9.98777E-01  9.99840E-01
  9.47040E-01  9.80317E-01  9.91919E-01  9.97099E-01  9.99645E-01
  9.31919E-01  9.72592E-01  9.88944E-01  9.96150E-01  9.99720E-01
  9.23827E-01  9.65789E-01  9.84382E-01  9.95108E-01  9.99580E-01
  9.10792E-01  9.57667E-01  9.82847E-01  9.93934E-01  9.99477E-01
  9.89737E-01  9.95288E-01  9.98098E-01  9.99378E-01  9.99947E-01
  9.76691E-01  9.90680E-01  9.96655E-01  9.98931E-01  9.99861E-01
  9.67968E-01  9.88050E-01  9.94983E-01  9.98252E-01  9.99817E-01
  9.60986E-01  9.82964E-01  9.92396E-01  9.97743E-01  9.99834E-01
  9.63108E-01  9.84048E-01  9.93059E-01  9.98060E-01  9.99776E-01

  4.31950E-01 
 
  7.57067E+00  9.99100E+00  1.12980E+01  1.22381E+01  1.29767E+01
 
  5.10410E-01  6.93078E-01  8.09594E-01  8.92635E-01  9.67205E-01
  4.84345E-01  6.81688E-01  8.00927E-01  8.86854E-01  9.65426E-01
  4.75307E-01  6.49712E-01  7.72659E-01  8.68146E-01  9.60931E-01
  4.64592E-01  6.47470E-01  7.64217E-01  8.64162E-01  9.52208E-01
  3.34289E-01  5.08802E-01  6.31254E-01  7.53342E-01  8.86664E-01
 
 -9.46007E-01 -5.09627E-01 -4.94468E-02  5.29912E-01  9.29326E-01
 -9.22443E-01 -5.75761E-01  2.70333E-02  5.49798E-01  9.51918E-01
 -9.48095E-01 -6.29144E-01  1.46945E-02  5.34318E-01  9.50736E-01
 -9.50072E-01 -5.56376E-01  3.79646E-02  5.54780E-01  9.44255E-01
 -9.59445E-01 -5.73648E-01  1.30258E-01  6.68227E-01  9.56730E-01
 -9.51002E-01 -6.30305E-01 -1.34872E-01  5.59092E-01  9.50051E-01
 -9.44753E-01 -6.10722E-01 -7.73950E-03  4.64321E-01  9.37824E-01
 -9.36234E-01 -4.65396E-01  3.06210E-02  5.70312E-01  9.51286E-01
 -9.32284E-01 -5.51922E-01 -2.95627E-03  5.74095E-01  9.73431E-01
 -9.38809E-01 -5.29744E-01  1.14960E-01  5.87896E-01  9.40809E-01
 -9.30773E-01 -5.24921E-01  1.16084E-01  6.02509E-01  9.51094E-01
 -9.34643E-01 -6.45375E-01 -1.75894E-02  4.70041E-01  9.32529E-01
 -9.44768E-01 -5.86163E-01 -4.07847E-02  6.02072E-01  9.69421E-01
 -9.34137E-01 -5.36377E-01 -6.24577E-02  5.13264E-01  9.49438E-01
 -9.47393E-01 -5.25401E-01 -2.53619E-02  5.71425E-01  9.64610E-01
 -9.09483E-01 -5.49191E-01  5.43872E-03  5.95976E-01  9.14223E-01
 -9.39488E-01 -6.24259E-01 -6.75689E-02  6.59574E-01  9.63026E-01
 -9.66956E-01 -5.82572E-01 -8.09019E-02  5.83935E-01  9.25556E-01
 -9.40082E-01 -5.70224E-01  1.94218E-02  5.55859E-01  9.44961E-01
 -9.37640E-01 -4.85204E-01  4.58209E-02  6.53724E-01  9.58883E-01
 -9.34306E-01 -6.08524E-01 -3.42988E-02  5.88921E-01  9.49059E-01
 -9.19874E-01 -5.42901E-01  7.20111E-03  6.04242E-01  9.32362E-01
 -9.34255E-01 -5.44830E-01  8.21507E-02  6.14030E-01  9.71572E-01
 -9.21673E-01 -4.10886E-01  1.23224E-01  6.50320E-01  9.69603E-01
 -9.24341E-01 -4.77509E-01  6.41796E-02  6.17207E-01  9.53177E-01

  4.54650E-01 
 
  7.68480E+00  1.01766E+01  1.15059E+01  1.23748E+01  1.30384E+01
 
  5.30609E-01  6.94593E-01  8.08252E-01  8.91440E-01  9.66207E-01
  4.70149E-01  6.61354E-01  7.87079E-01  8.80942E-01  9.54595E-01
  4.51362E-01  6.43717E-01  7.67669E-01  8.74688E-01  9.60200E-01
  4.42038E-01  6.23633E-01  7.60213E-01  8.57270E-01  9.57452E-01
  3.46082E-01  4.99277E-01  6.20943E-01  7.49672E-01  8.77973E-01
 
 -9.44311E-01 -5.50475E-01 -7.55886E-02  4.65464E-01  9.28712E-01
 -9.42442E-01 -6.38398E-01 -7.37665E-02  5.01673E-01  9.25321E-01
 -9.66394E-01 -5.99573E-01  2.99429E-02  5.95228E-01  9.59628E-01
 -9.51866E-01 -6.70405E-01 -6.56957E-02  5.54798E-01  9.37557E-01
 -9.49409E-01 -6.59684E-01 -1.19638E-01  5.77498E-01  9.40341E-01
 -9.51949E-01 -5.64437E-01  1.14318E-01  5.86257E-01  9.48960E-01
 -9.33101E-01 -5.78330E-01  2.83787E-02  6.65771E-01  9.11600E-01
 -9.11365E-01 -5.03376E-01  1.27517E-01  6.72049E-01  9.48058E-01
 -9.32663E-01 -6.28233E-01 -4.91246E-03  6.39175E-01  9.61876E-01
 -9.05219E-01 -5.57842E-01  5.05486E-02  6.73119E-01  9.67901E-01
 -9.24221E-01 -5.71262E-01  1.03125E-02  5.82146E-01  9.38107E-01
 -9.25691E-01 -5.24289E-01  1.26951E-02  5.97077E-01  9.60900E-01
 -9.24272E-01 -4.43755E-01  7.53271E-02  6.08943E-01  9.43721E-01
 -9.57800E-01 -5.67457E-01 -5.26384E-02  5.13427E-01  9.47757E-01
 -9.00757E-01 -5.61314E-01  3.22004E-04  5.43853E-01  9.59209E-01
 -9.46201E-01 -5.03482E-01  1.13714E-01  6.65691E-01  9.64445E-01
 -9.30392E-01 -4.68083E-01  2.14514E-01  6.68409E-01  9.57740E-01
 -9.45641E-01 -4.88056E-01  1.06177E-01  7.26199E-01  9.49816E-01
 -9.38833E-01 -5.91920E-01 -4.07962E-02  5.84312E-01  9.36869E-01
 -8.98999E-01 -5.16470E-01  7.23528E-02  6.33114E-01  9.69166E-01
 -8.62976E-01 -2.36222E-01  3.83778E-01  6.97177E-01  9.49054E-01
 -7.34117E-01 -1.16026E-01  3.73642E-01  7.19317E-01  9.86525E-01
 -7.75171E-01 -2.60022E-01  2.93028E-01  7.76269E-01  9.74522E-01
 -6.05502E-01 -1.19529E-01  3.20753E-01  7.51450E-01  9.71611E-01
 -5.10958E-01 -9.80877E-02  3.71415E-01  8.18929E-01  9.85002E-01

  5.19400E-01 
 
  7.95875E+00  1.05966E+01  1.18739E+01  1.26673E+01  1.32555E+01
 
  5.22718E-01  6.91244E-01  7.98421E-01  8.86791E-01  9.66104E-01
  4.85814E-01  6.60472E-01  7.84555E-01  8.78773E-01  9.64997E-01
  4.62008E-01  6.35502E-01  7.69480E-01  8.69151E-01  9.59721E-01
  4.30872E-01  6.11471E-01  7.37751E-01  8.42987E-01  9.46366E-01
  3.00443E-01  4.50017E-01  5.78918E-01  6.95495E-01  8.33872E-01
 
 -9.26927E-01 -5.76684E-01  3.66868E-03  5.35860E-01  9.51280E-01
 -9.46770E-01 -5.71858E-01 -2.55243E-02  5.77878E-01  9.44677E-01
 -9.51999E-01 -5.63714E-01  8.78160E-02  5.92595E-01  9.33816E-01
 -9.22101E-01 -5.34799E-01  8.14936E-02  5.87224E-01  9.61642E-01
 -9.57214E-01 -6.52230E-01 -3.32825E-02  5.18871E-01  9.30213E-01
 -9.51503E-01 -6.21641E-01  6.14346E-02  5.85619E-01  9.42850E-01
 -9.26654E-01 -4.49014E-01  7.70958E-02  6.35869E-01  9.13585E-01
 -9.53323E-01 -5.89417E-01  6.16114E-03  5.82690E-01  9.28554E-01
 -9.39187E-01 -5.65413E-01  3.23891E-02  5.99302E-01  9.55609E-01
 -9.62906E-01 -6.55934E-01  1.04713E-02  5.64460E-01  9.49099E-01
 -9.27414E-01 -4.85597E-01  1.02064E-01  6.22428E-01  9.38944E-01
 -9.43430E-01 -5.81922E-01  1.58674E-02  6.44846E-01  9.56883E-01
 -9.53717E-01 -6.56163E-01 -9.25339E-03  5.18635E-01  9.10143E-01
 -9.44712E-01 -5.17656E-01  1.68386E-01  6.37536E-01  9.60641E-01
 -9.16864E-01 -5.47592E-01  5.80896E-02  6.56121E-01  9.62918E-01
 -9.25409E-01 -5.07221E-01  1.13711E-01  6.90393E-01  9.56159E-01
 -9.42217E-01 -4.32988E-01  2.43888E-01  7.20968E-01  9.83235E-01
 -8.96212E-01 -4.32226E-01  5.18117E-02  6.59934E-01  9.58159E-01
 -9.50512E-01 -5.12534E-01  1.02966E-01  6.12912E-01  9.60818E-01
 -8.80189E-01 -4.31347E-01  1.56881E-01  5.76701E-01  9.45102E-01
 -1.42320E-01  3.27494E-01  6.40121E-01  8.58663E-01  9.82806E-01
 -8.08820E-02  4.23816E-01  7.66387E-01  9.11773E-01  9.87772E-01
 -6.50208E-02  3.32749E-01  6.24519E-01  8.61974E-01  9.95665E-01
  7.46750E-02  4.98737E-01  7.57421E-01  9.05049E-01  9.91371E-01
 -4.22782E-02  4.28591E-01  7.25912E-01  9.09436E-01  9.89367E-01

  6.49850E-01 
 
  9.09963E+00  1.16212E+01  1.26844E+01  1.32298E+01  1.35932E+01
 
  4.87712E-01  6.82259E-01  8.02121E-01  8.91658E-01  9.65481E-01
  4.24533E-01  6.31235E-01  7.55320E-01  8.59270E-01  9.55585E-01
  3.88827E-01  5.60426E-01  6.93124E-01  8.08923E-01  9.34581E-01
  3.34459E-01  4.97797E-01  6.31180E-01  7.67063E-01  9.14320E-01
  2.08683E-01  3.22042E-01  4.13274E-01  5.13809E-01  6.41268E-01
 
 -9.46621E-01 -5.76270E-01  5.79028E-03  5.63933E-01  9.28661E-01
 -9.30323E-01 -5.75336E-01 -1.88597E-02  5.63553E-01  9.14128E-01
 -9.43880E-01 -5.05367E-01  7.87281E-02  5.89064E-01  9.36237E-01
 -9.51027E-01 -5.48011E-01  8.80578E-02  5.89429E-01  9.55310E-01
 -9.11592E-01 -4.82917E-01  5.60574E-02  5.92089E-01  9.36489E-01
 -9.58830E-01 -5.17476E-01  1.03905E-01  5.92977E-01  9.54953E-01
 -9.24205E-01 -5.88998E-01  1.76492E-02  5.84074E-01  9.52957E-01
 -9.39753E-01 -6.20564E-01  4.16965E-02  6.08559E-01  9.31482E-01
 -9.31979E-01 -5.30069E-01  1.05181E-01  5.69361E-01  9.55126E-01
 -9.30223E-01 -5.52968E-01  1.29631E-01  6.98267E-01  9.58339E-01
 -9.27448E-01 -5.00234E-01  1.78036E-01  6.12538E-01  9.43712E-01
 -9.13173E-01 -4.93099E-01  5.38733E-02  6.15532E-01  9.48789E-01
 -9.24613E-01 -4.50207E-01  2.38027E-01  7.15270E-01  9.67770E-01
 -9.37625E-01 -3.96402E-01  2.00106E-01  6.98532E-01  9.58499E-01
 -9.38249E-01 -5.50340E-01  1.42158E-01  6.66093E-01  9.57098E-01
 -1.60277E-01  1.26109E-01  4.99503E-01  8.44599E-01  9.85660E-01
 -1.05816E-01  2.74228E-01  6.22666E-01  8.77885E-01  9.84605E-01
 -1.33409E-01  3.29343E-01  6.69203E-01  8.80801E-01  9.86305E-01
 -1.95746E-01  2.12966E-01  5.77569E-01  8.53258E-01  9.87046E-01
 -2.74949E-01  1.81305E-01  5.99338E-01  8.48286E-01  9.74708E-01
  7.16674E-01  8.45691E-01  9.38896E-01  9.79849E-01  9.96739E-01
  6.57013E-01  8.05911E-01  9.05566E-01  9.68237E-01  9.97192E-01
  6.55058E-01  8.09986E-01  8.98650E-01  9.58660E-01  9.97311E-01
  7.12280E-01  8.42841E-01  9.33039E-01  9.70975E-01  9.97331E-01
  7.68933E-01  8.90867E-01  9.51627E-01  9.81989E-01  9.97912E-01

  9.53950E-01 
 
  1.31806E+01  1.35603E+01  1.36438E+01  1.37053E+01  1.37798E+01
 
  2.14560E-01  3.98348E-01  5.71672E-01  7.39545E-01  9.21731E-01
  9.27678E-02  1.74485E-01  2.61203E-01  3.88975E-01  6.39101E-01
  1.01232E-01  1.69809E-01  2.30416E-01  3.22271E-01  5.01978E-01
  1.07283E-01  1.71523E-01  2.30947E-01  3.12992E-01  4.63171E-01
  1.06708E-01  1.58757E-01  2.08240E-01  2.69533E-01  3.69342E-01
 
 -1.15147E-01  1.25454E-01  3.49402E-01  6.78415E-01  9.81559E-01
 -3.31292E-01 -1.60677E-02  3.21547E-01  7.57933E-01  9.75379E-01
 -3.89103E-01 -7.07595E-02  3.17725E-01  7.23236E-01  9.78574E-01
 -4.17025E-01 -1.09894E-01  3.06681E-01  7.38804E-01  9.62245E-01
 -5.61336E-01 -1.52320E-01  2.88673E-01  6.92520E-01  9.54812E-01
  9.56908E-01  9.86063E-01  9.94098E-01  9.97969E-01  9.99726E-01
  8.50293E-01  9.56113E-01  9.84913E-01  9.95327E-01  9.99566E-01
  7.58787E-01  9.07934E-01  9.66319E-01  9.89822E-01  9.98569E-01
  6.56588E-01  8.20735E-01  9.24643E-01  9.78016E-01  9.97644E-01
  6.73425E-01  8.13775E-01  9.00769E-01  9.70645E-01  9.96248E-01
  9.71196E-01  9.91368E-01  9.96228E-01  9.98556E-01  9.99815E-01
  9.30071E-01  9.78005E-01  9.91420E-01  9.96988E-01  9.99567E-01
  9.06010E-01  9.69187E-01  9.88414E-01  9.96400E-01  9.99505E-01
  8.43598E-01  9.48290E-01  9.81748E-01  9.94619E-01  9.99293E-01
  8.30825E-01  9.09223E-01  9.59161E-01  9.85774E-01  9.97993E-01
  9.78310E-01  9.92856E-01  9.97210E-01  9.98973E-01  9.99860E-01
  9.59220E-01  9.86400E-01  9.94807E-01  9.98209E-01  9.99819E-01
  9.37287E-01  9.76211E-01  9.90497E-01  9.96743E-01  9.99613E-01
  9.05347E-01  9.67286E-01  9.85345E-01  9.95733E-01  9.99618E-01
  9.00209E-01  9.55285E-01  9.80218E-01  9.93106E-01  9.99198E-01
  9.88407E-01  9.95710E-01  9.98040E-01  9.99315E-01  9.99934E-01
  9.77263E-01  9.92128E-01  9.96924E-01  9.98921E-01  9.99888E-01
  9.65149E-01  9.87380E-01  9.94743E-01  9.98312E-01  9.99788E-01
  9.51761E-01  9.81931E-01  9.92043E-01  9.97453E-01  9.99733E-01
  9.53928E-01  9.80473E-01  9.91517E-01  9.97209E-01  9.99681E-01

  3.72750E-01 
 
  1.12421E+01  1.50272E+01  1.72426E+01  1.88030E+01  2.02224E+01
 
  4.72535E-01  6.70930E-01  7.81689E-01  8.81025E-01  9.62960E-01
  4.36079E-01  6.42925E-01  7.77673E-01  8.71531E-01  9.62437E-01
  4.48465E-01  6.34550E-01  7.68816E-01  8.67212E-01  9.59139E-01
  4.17168E-01  6.15380E-01  7.48490E-01  8.57913E-01  9.48658E-01
  3.49114E-01  5.28822E-01  6.58697E-01  7.89840E-01  9.23116E-01
 
 -9.05215E-01 -4.97320E-01  1.42359E-01  6.91843E-01  9.58073E-01
 -9.26386E-01 -6.07330E-01 -8.72320E-02  6.05590E-01  9.48468E-01
 -9.47894E-01 -6.04908E-01 -7.58895E-02  5.30199E-01  9.30422E-01
 -9.06279E-01 -5.41323E-01  1.34574E-02  5.54905E-01  9.17529E-01
 -9.09276E-01 -5.71282E-01 -1.30299E-01  4.31306E-01  9.49179E-01
 -9.64851E-01 -6.40984E-01  1.83471E-02  5.27473E-01  9.64000E-01
 -8.95208E-01 -5.46228E-01  5.21990E-02  5.75110E-01  9.24070E-01
 -9.04091E-01 -5.41369E-01  5.32626E-02  5.45545E-01  9.57733E-01
 -9.18431E-01 -5.21609E-01 -1.24726E-02  6.08828E-01  9.54852E-01
 -9.49705E-01 -6.69128E-01  3.11869E-02  5.77446E-01  9.45445E-01
 -9.13403E-01 -4.86544E-01  5.74566E-02  6.60884E-01  9.69128E-01
 -9.08999E-01 -4.90532E-01  1.40719E-01  6.30662E-01  9.42100E-01
 -9.36352E-01 -5.29416E-01  7.78002E-02  7.07562E-01  9.26676E-01
 -9.49229E-01 -6.47208E-01 -9.25496E-03  5.95704E-01  9.28369E-01
 -9.58108E-01 -6.11335E-01 -1.80610E-01  4.51300E-01  9.46618E-01
 -9.47653E-01 -5.58813E-01 -2.26336E-02  5.60078E-01  9.64829E-01
 -9.41095E-01 -4.94226E-01  1.16538E-01  6.96602E-01  9.66464E-01
 -9.42942E-01 -5.71449E-01  7.11049E-02  6.75676E-01  9.55617E-01
 -9.44201E-01 -6.06695E-01  1.08475E-02  5.86043E-01  9.24096E-01
 -9.31692E-01 -5.35786E-01  1.08691E-01  5.94444E-01  9.41269E-01
 -9.38217E-01 -6.15734E-01 -6.00348E-02  4.78881E-01  9.29533E-01
 -9.26844E-01 -5.47597E-01  7.76895E-03  5.45132E-01  9.40005E-01
 -9.35856E-01 -5.15811E-01  8.71475E-02  7.01475E-01  9.72270E-01
 -9.15269E-01 -5.68353E-01 -6.70567E-03  5.89225E-01  9.35411E-01
 -9.27815E-01 -6.50306E-01 -1.16225E-01  3.90651E-01  9.05133E-01

  4.01250E-01 
 
  1.06450E+01  1.50145E+01  1.73516E+01  1.90319E+01  2.04053E+01
 
  5.02807E-01  6.83577E-01  8.06050E-01  8.89729E-01  9.66511E-01
  4.40798E-01  6.36225E-01  7.67153E-01  8.72641E-01  9.59060E-01
  4.36182E-01  6.36207E-01  7.69936E-01  8.71295E-01  9.56591E-01
  4.06281E-01  6.02792E-01  7.52361E-01  8.57751E-01  9.52910E-01
  3.28166E-01  5.06939E-01  6.29016E-01  7.62150E-01  9.04775E-01
 
 -9.50396E-01 -6.79735E-01 -1.02367E-01  5.38721E-01  9.42747E-01
 -8.99270E-01 -5.49357E-01 -6.00394E-02  5.96605E-01  9.41572E-01
 -9.44291E-01 -5.77769E-01  2.07669E-01  6.49095E-01  9.52215E-01
 -9.27752E-01 -5.24217E-01 -9.85086E-03  5.81046E-01  9.35423E-01
 -9.68438E-01 -5.83260E-01  8.62855E-02  6.08684E-01  9.57626E-01
 -9.64130E-01 -5.82879E-01  2.93705E-02  5.51162E-01  9.09892E-01
 -9.54116E-01 -4.79279E-01  1.95288E-01  7.06901E-01  9.55235E-01
 -9.38818E-01 -6.48265E-01 -1.34879E-01  5.19864E-01  9.19557E-01
 -8.83923E-01 -5.32914E-01  2.24628E-01  6.81103E-01  9.80365E-01
 -9.40904E-01 -5.58003E-01  7.14765E-02  6.87640E-01  9.36383E-01
 -9.45405E-01 -5.62564E-01 -1.26422E-01  5.42626E-01  9.47980E-01
 -9.18594E-01 -5.93320E-01  2.13069E-02  6.22556E-01  9.47914E-01
 -8.86307E-01 -5.24435E-01  1.15462E-01  6.42203E-01  9.74069E-01
 -9.19091E-01 -5.28349E-01 -6.09393E-02  6.07944E-01  9.51416E-01
 -9.43952E-01 -6.55825E-01  1.04143E-02  6.60096E-01  9.59838E-01
 -9.04015E-01 -5.91731E-01  1.27364E-01  7.30544E-01  9.56872E-01
 -9.42682E-01 -6.73399E-01 -8.65038E-02  5.83243E-01  9.38684E-01
 -9.28449E-01 -4.08410E-01  1.08028E-01  7.30260E-01  9.60100E-01
 -9.28546E-01 -5.52120E-01  8.73654E-02  5.64029E-01  9.50393E-01
 -8.85278E-01 -4.63070E-01  1.88235E-01  7.01400E-01  9.65523E-01
 -8.42767E-01 -1.63267E-01  3.84004E-01  7.50699E-01  9.85663E-01
 -7.64177E-01 -1.51078E-01  4.01346E-01  7.78735E-01  9.69913E-01
 -8.44336E-01 -1.96268E-01  3.66084E-01  7.05712E-01  9.69330E-01
 -8.84694E-01 -1.67062E-01  4.70400E-01  8.19912E-01  9.82612E-01
 -8.10585E-01 -1.94102E-01  2.24196E-01  6.78960E-01  9.58311E-01

  4.70350E-01 
 
  1.12575E+01  1.57101E+01  1.80705E+01  1.95141E+01  2.07084E+01
 
  4.68514E-01  6.60588E-01  7.85353E-01  8.78520E-01  9.62227E-01
  4.40317E-01  6.24371E-01  7.66170E-01  8.63586E-01  9.57096E-01
  4.07156E-01  6.11988E-01  7.50118E-01  8.60700E-01  9.54710E-01
  3.76021E-01  5.73046E-01  7.16875E-01  8.38443E-01  9.48114E-01
  2.95555E-01  4.53368E-01  5.87286E-01  7.04706E-01  8.70298E-01
 
 -9.49358E-01 -6.40550E-01 -7.07280E-02  5.35365E-01  9.53154E-01
 -9.52923E-01 -5.49546E-01  3.80026E-02  5.75730E-01  9.55444E-01
 -9.22578E-01 -4.95176E-01  2.68400E-02  5.35158E-01  9.60842E-01
 -9.53657E-01 -5.66534E-01  3.90313E-02  5.68478E-01  9.55680E-01
 -9.12972E-01 -4.76037E-01  7.50339E-02  6.67765E-01  9.48466E-01
 -9.39395E-01 -5.32077E-01  2.55502E-02  5.97064E-01  9.60373E-01
 -9.39458E-01 -6.09117E-01 -4.20117E-02  5.87106E-01  9.14358E-01
 -9.51088E-01 -4.87170E-01  1.24149E-01  6.27707E-01  9.66389E-01
 -9.15101E-01 -5.96598E-01  2.79503E-02  6.67721E-01  9.70061E-01
 -9.30154E-01 -5.53774E-01  1.55483E-02  6.56663E-01  9.65719E-01
 -8.88449E-01 -3.79323E-01  1.78120E-01  6.43048E-01  9.54697E-01
 -9.48727E-01 -6.11975E-01 -1.04942E-01  5.11635E-01  9.23658E-01
 -9.22192E-01 -4.54331E-01  8.61919E-02  6.69648E-01  9.74806E-01
 -9.31185E-01 -5.66449E-01  3.93023E-02  5.61238E-01  9.28360E-01
 -9.31715E-01 -5.92163E-01 -1.23783E-01  6.02499E-01  9.62402E-01
 -8.33912E-01 -3.22090E-01  2.67253E-01  7.31435E-01  9.80361E-01
 -8.93148E-01 -3.98763E-01  2.37925E-01  7.57887E-01  9.65321E-01
 -9.08757E-01 -3.91265E-01  1.95571E-01  6.94523E-01  9.76506E-01
 -9.31055E-01 -5.39981E-01  1.68703E-01  7.07298E-01  9.57603E-01
 -9.58449E-01 -5.47330E-01 -1.63619E-03  6.00343E-01  9.56547E-01
 -4.48269E-01  2.74257E-01  6.66155E-01  8.82412E-01  9.89316E-01
 -2.69537E-01  3.67910E-01  6.94769E-01  8.97394E-01  9.90713E-01
 -3.02589E-01  2.92646E-01  6.98918E-01  9.21531E-01  9.92313E-01
 -3.85533E-01  1.90511E-01  5.89761E-01  8.56140E-01  9.88131E-01
 -3.13548E-01  6.72748E-02  5.81841E-01  8.39752E-01  9.87045E-01

  5.90500E-01 
 
  1.26734E+01  1.72715E+01  1.92415E+01  2.04450E+01  2.13042E+01
 
  4.87648E-01  6.66227E-01  7.93532E-01  8.84882E-01  9.62366E-01
  4.23112E-01  6.30215E-01  7.56655E-01  8.60624E-01  9.56456E-01
  3.74613E-01  5.59339E-01  6.97352E-01  8.23595E-01  9.42439E-01
  3.24271E-01  4.79648E-01  6.13842E-01  7.67328E-01  9.17336E-01
  2.26535E-01  3.42992E-01  4.46825E-01  5.67458E-01  7.41011E-01
 
 -9.29406E-01 -5.71888E-01 -2.71239E-02  6.02880E-01  9.42608E-01
 -9.11386E-01 -4.62658E-01  7.10039E-02  6.03237E-01  9.43962E-01
 -9.36243E-01 -5.99645E-01 -1.00564E-01  5.29815E-01  9.40907E-01
 -9.56519E-01 -5.67382E-01 -1.03043E-02  5.21641E-01  9.29574E-01
 -9.50389E-01 -6.37825E-01 -1.13299E-01  5.46370E-01  9.19773E-01
 -9.27116E-01 -6.00020E-01  2.28720E-02  5.45046E-01  9.38189E-01
 -9.46814E-01 -5.77389E-01 -6.45850E-02  5.33043E-01  9.36264E-01
 -9.47826E-01 -4.56831E-01  1.15799E-01  6.41857E-01  9.57693E-01
 -9.42957E-01 -5.82051E-01  2.30350E-02  6.28715E-01  9.50347E-01
 -9.11765E-01 -4.02760E-01  1.88070E-01  6.54710E-01  9.56597E-01
 -9.20618E-01 -4.36490E-01  3.15457E-01  7.96290E-01  9.77083E-01
 -8.84085E-01 -3.23157E-01  2.41299E-01  6.83512E-01  9.58857E-01
 -9.37238E-01 -5.02342E-01  1.20065E-01  6.52954E-01  9.55535E-01
 -9.28618E-01 -5.48777E-01  1.43967E-01  7.03222E-01  9.52705E-01
 -8.63647E-01 -4.54695E-01  1.18215E-01  6.26017E-01  9.70992E-01
 -6.61562E-01  1.01936E-01  6.52666E-01  8.99696E-01  9.92575E-01
 -6.65791E-01  1.73778E-01  6.07455E-01  8.80632E-01  9.86896E-01
 -6.40820E-01  3.86666E-02  5.75813E-01  8.38456E-01  9.79829E-01
 -7.39671E-01 -1.08382E-01  4.27470E-01  8.03255E-01  9.77049E-01
 -8.65861E-01 -3.23961E-01  2.13943E-01  6.45015E-01  9.63255E-01
  4.20811E-01  7.36875E-01  8.82117E-01  9.66903E-01  9.95876E-01
  4.09389E-01  7.47442E-01  8.95297E-01  9.67205E-01  9.94769E-01
  3.96643E-01  7.24084E-01  8.70149E-01  9.60416E-01  9.96444E-01
  4.25044E-01  7.10070E-01  8.59143E-01  9.49681E-01  9.94826E-01
  4.06899E-01  7.11156E-01  8.67444E-01  9.67218E-01  9.97892E-01

  8.69150E-01 
 
  1.85707E+01  2.12587E+01  2.15943E+01  2.17158E+01  2.18303E+01
 
  3.59893E-01  5.38477E-01  6.75517E-01  8.09035E-01  9.37484E-01
  1.68695E-01  2.76388E-01  3.98855E-01  5.63198E-01  8.19342E-01
  9.88563E-02  1.55633E-01  2.14285E-01  3.10370E-01  5.54683E-01
  9.74813E-02  1.47125E-01  1.99530E-01  2.74169E-01  4.43542E-01
  1.09380E-01  1.54420E-01  2.01883E-01  2.59755E-01  3.79675E-01
 
 -9.36158E-01 -5.65730E-01 -5.13610E-02  6.28815E-01  9.63882E-01
 -8.71762E-01 -4.09391E-01  2.51935E-01  7.19001E-01  9.67720E-01
 -9.37409E-01 -5.26059E-01  1.53859E-01  6.87503E-01  9.62410E-01
 -9.42270E-01 -5.52049E-01  1.03612E-01  6.41616E-01  9.25689E-01
 -9.40263E-01 -5.26510E-01  3.86785E-02  6.29473E-01  9.56763E-01
  3.96341E-01  6.81682E-01  8.66834E-01  9.66526E-01  9.98049E-01
  2.64431E-01  6.69607E-01  8.65282E-01  9.53712E-01  9.95896E-01
  2.00220E-01  6.45231E-01  8.53118E-01  9.55773E-01  9.95878E-01
  7.76787E-02  4.42103E-01  7.62711E-01  9.23991E-01  9.90320E-01
 -8.80540E-02  2.82484E-01  5.81342E-01  8.24980E-01  9.75466E-01
  9.59326E-01  9.86877E-01  9.95647E-01  9.98525E-01  9.99916E-01
  8.98229E-01  9.69152E-01  9.90408E-01  9.97006E-01  9.99750E-01
  8.45032E-01  9.56463E-01  9.84145E-01  9.94864E-01  9.99473E-01
  7.38210E-01  9.13437E-01  9.68467E-01  9.90231E-01  9.99229E-01
  7.47755E-01  8.56881E-01  9.32026E-01  9.79499E-01  9.97917E-01
  9.77268E-01  9.93009E-01  9.96932E-01  9.99084E-01  9.99918E-01
  9.54958E-01  9.87475E-01  9.95327E-01  9.98402E-01  9.99832E-01
  9.21963E-01  9.72838E-01  9.89419E-01  9.96920E-01  9.99754E-01
  8.84924E-01  9.49315E-01  9.81873E-01  9.93532E-01  9.99336E-01
  8.64480E-01  9.36696E-01  9.70011E-01  9.91034E-01  9.99282E-01
  9.82189E-01  9.93966E-01  9.97648E-01  9.99271E-01  9.99909E-01
  9.65163E-01  9.89626E-01  9.95927E-01  9.98694E-01  9.99793E-01
  9.49680E-01  9.83112E-01  9.92554E-01  9.97554E-01  9.99827E-01
  9.42322E-01  9.79235E-01  9.90855E-01  9.97093E-01  9.99527E-01
  9.42299E-01  9.71290E-01  9.88598E-01  9.96308E-01  9.99753E-01

  3.28600E-01 
 
  1.45831E+01  2.00691E+01  2.33418E+01  2.58467E+01  2.83004E+01
 
  4.54189E-01  6.52993E-01  7.78530E-01  8.79424E-01  9.60050E-01
  4.52986E-01  6.31678E-01  7.68403E-01  8.63030E-01  9.53408E-01
  4.11749E-01  6.16463E-01  7.62599E-01  8.67895E-01  9.59698E-01
  3.89640E-01  5.92512E-01  7.50748E-01  8.58292E-01  9.54744E-01
  3.22452E-01  5.14785E-01  6.52784E-01  7.88373E-01  9.17193E-01
 
 -9.07532E-01 -5.62713E-01  2.49705E-02  5.16734E-01  9.09499E-01
 -9.70489E-01 -5.84860E-01  8.05242E-02  6.20436E-01  9.42623E-01
 -9.57251E-01 -6.02729E-01 -1.29443E-01  5.63226E-01  9.32578E-01
 -9.10233E-01 -5.48319E-01 -7.24630E-03  5.64323E-01  9.43780E-01
 -9.28076E-01 -5.51735E-01  2.45938E-02  6.23978E-01  9.72196E-01
 -9.18133E-01 -6.08062E-01 -8.02676E-02  5.55392E-01  9.45452E-01
 -8.83871E-01 -4.95741E-01  5.82079E-02  5.43846E-01  9.61253E-01
 -9.07563E-01 -6.66626E-01 -1.69723E-01  5.14374E-01  9.03449E-01
 -9.43777E-01 -6.11901E-01  1.07854E-01  5.83117E-01  9.51719E-01
 -9.22376E-01 -4.15537E-01  1.79305E-01  6.30130E-01  9.45256E-01
 -9.24446E-01 -5.30094E-01  9.08942E-02  6.59421E-01  9.41678E-01
 -9.57180E-01 -6.51336E-01  6.69216E-03  5.14542E-01  9.39216E-01
 -9.05208E-01 -5.69283E-01 -1.06074E-01  4.37606E-01  9.10348E-01
 -8.81056E-01 -4.22000E-01  1.10902E-01  6.14343E-01  9.55030E-01
 -9.41466E-01 -6.31725E-01 -5.81638E-02  5.18137E-01  8.82002E-01
 -9.36443E-01 -5.84327E-01 -4.09053E-02  5.98481E-01  9.68237E-01
 -9.12338E-01 -4.00758E-01  1.16010E-01  6.04253E-01  9.46587E-01
 -9.66324E-01 -5.56668E-01  6.07141E-02  6.38783E-01  9.58508E-01
 -9.40067E-01 -4.66624E-01  1.04287E-01  6.13544E-01  9.52156E-01
 -9.40799E-01 -5.28818E-01 -1.52586E-01  4.07984E-01  9.07264E-01
 -9.66540E-01 -6.31348E-01 -8.11897E-02  6.34518E-01  9.67528E-01
 -9.26515E-01 -4.39932E-01  2.22985E-02  6.22455E-01  9.53471E-01
 -9.00069E-01 -5.02870E-01  7.31859E-02  5.93691E-01  9.70177E-01
 -9.18270E-01 -6.14385E-01  9.89833E-02  5.61128E-01  9.46895E-01
 -9.42364E-01 -5.61615E-01 -2.70612E-02  5.90851E-01  9.36133E-01

  3.46350E-01 
 
  1.46513E+01  2.05272E+01  2.38112E+01  2.62448E+01  2.84410E+01
 
  4.49349E-01  6.41228E-01  7.58821E-01  8.64355E-01  9.61205E-01
  4.17502E-01  6.30882E-01  7.69121E-01  8.82332E-01  9.60446E-01
  4.05745E-01  6.19733E-01  7.48146E-01  8.63948E-01  9.58008E-01
  3.99086E-01  5.89667E-01  7.27561E-01  8.47816E-01  9.49765E-01
  3.13359E-01  4.91249E-01  6.47332E-01  7.83947E-01  9.15223E-01
 
 -9.06926E-01 -3.68340E-01  8.94538E-02  6.69744E-01  9.50987E-01
 -9.42229E-01 -5.33111E-01  1.28866E-02  5.43013E-01  9.62142E-01
 -9.58264E-01 -6.24902E-01 -1.17862E-01  5.70917E-01  9.33871E-01
 -9.37060E-01 -5.92311E-01  9.08920E-02  5.85042E-01  9.49669E-01
 -9.43444E-01 -5.72727E-01  4.82290E-02  5.53477E-01  9.13783E-01
 -9.29942E-01 -5.64654E-01  8.24251E-02  6.60039E-01  9.69874E-01
 -9.36394E-01 -5.36847E-01  1.41793E-01  6.34588E-01  9.57589E-01
 -9.40763E-01 -5.54157E-01  6.47935E-02  6.88054E-01  9.63487E-01
 -9.43263E-01 -4.58433E-01  1.18811E-01  6.77930E-01  9.80670E-01
 -9.32826E-01 -4.81235E-01  1.75604E-01  6.93138E-01  9.43842E-01
 -8.83659E-01 -4.98210E-01  2.15886E-01  7.59911E-01  9.85861E-01
 -9.04282E-01 -4.07346E-01  2.46049E-01  7.33254E-01  9.76558E-01
 -9.22462E-01 -5.57281E-01  5.87908E-02  5.74247E-01  9.34388E-01
 -9.48871E-01 -3.62055E-01  1.29561E-01  6.59745E-01  9.58950E-01
 -9.62585E-01 -6.79532E-01  2.58361E-03  5.48679E-01  9.00152E-01
 -8.69950E-01 -4.96600E-01  3.73317E-02  6.97909E-01  9.69258E-01
 -8.80712E-01 -3.13434E-01  3.08936E-01  7.79798E-01  9.81957E-01
 -8.85966E-01 -4.18058E-01  2.57297E-01  6.52661E-01  9.63118E-01
 -9.54196E-01 -4.32526E-01  2.37388E-01  6.88748E-01  9.74940E-01
 -8.62992E-01 -3.89459E-01  9.74093E-02  6.69728E-01  9.14701E-01
 -8.45474E-01 -1.79560E-01  3.07655E-01  7.64986E-01  9.86711E-01
 -7.52929E-01 -5.31671E-02  3.93445E-01  8.06470E-01  9.83863E-01
 -8.92864E-01 -2.53767E-01  3.59150E-01  7.26182E-01  9.82433E-01
 -8.10013E-01 -3.44490E-01  2.78017E-01  6.70568E-01  9.74259E-01
 -9.00624E-01 -4.06875E-01  1.25194E-01  6.24794E-01  9.75015E-01

  4.21800E-01 
 
  1.52884E+01  2.12298E+01  2.44840E+01  2.69062E+01  2.90254E+01
 
  4.53378E-01  6.52999E-01  7.78404E-01  8.78905E-01  9.61888E-01
  4.21221E-01  6.16209E-01  7.50539E-01  8.63583E-01  9.61379E-01
  3.95630E-01  5.94111E-01  7.41811E-01  8.53593E-01  9.52417E-01
  3.80515E-01  5.59670E-01  7.01111E-01  8.28760E-01  9.47576E-01
  2.87003E-01  4.49630E-01  5.80159E-01  7.30917E-01  8.88677E-01
 
 -9.24858E-01 -6.02675E-01 -7.62900E-02  5.90771E-01  9.44961E-01
 -9.35245E-01 -4.77210E-01  8.10343E-02  6.75400E-01  9.65169E-01
 -9.58799E-01 -6.31780E-01 -1.40509E-01  5.34807E-01  9.67659E-01
 -9.57052E-01 -4.75859E-01 -1.65394E-03  5.75948E-01  9.39564E-01
 -9.30322E-01 -4.83610E-01  4.52706E-02  6.23262E-01  9.69894E-01
 -9.28809E-01 -5.77439E-01  2.79086E-02  5.69516E-01  9.63855E-01
 -9.40070E-01 -6.48558E-01 -9.57097E-02  5.70734E-01  9.28017E-01
 -9.02380E-01 -5.07270E-01  7.88569E-02  6.44499E-01  9.42784E-01
 -9.65932E-01 -5.96368E-01  2.19929E-02  6.04467E-01  9.52678E-01
 -8.80363E-01 -4.54177E-01  1.78354E-01  6.53621E-01  9.66129E-01
 -9.41593E-01 -5.62967E-01  3.56769E-02  5.96492E-01  9.45625E-01
 -9.22594E-01 -5.63774E-01 -4.68925E-02  5.73117E-01  9.63477E-01
 -9.58875E-01 -4.05258E-01  8.97543E-02  6.09438E-01  9.48628E-01
 -8.72686E-01 -5.00129E-01  9.24311E-02  6.01738E-01  9.64164E-01
 -9.43622E-01 -4.09409E-01  1.54989E-01  7.19263E-01  9.51696E-01
 -9.05498E-01 -2.34214E-01  3.82107E-01  7.90493E-01  9.78921E-01
 -8.37366E-01 -3.90128E-01  1.52545E-01  6.77049E-01  9.76223E-01
 -8.57601E-01 -2.05677E-01  2.46275E-01  7.39700E-01  9.58259E-01
 -9.10703E-01 -4.11537E-01  2.47409E-01  7.21204E-01  9.74682E-01
 -9.02644E-01 -5.36986E-01  1.60511E-01  6.42032E-01  9.28711E-01
 -2.39030E-01  3.97100E-01  6.65709E-01  8.74160E-01  9.86856E-01
 -3.85427E-01  2.57528E-01  6.40091E-01  8.61986E-01  9.88558E-01
 -4.46039E-01  2.49544E-01  6.16651E-01  8.67807E-01  9.84580E-01
 -5.93042E-01  1.09030E-01  5.64078E-01  8.36631E-01  9.80518E-01
 -5.63843E-01 -7.82212E-02  4.47238E-01  7.73325E-01  9.68749E-01

  5.33500E-01 
 
  1.71662E+01  2.32426E+01  2.64327E+01  2.84455E+01  2.98606E+01
 
  4.46953E-01  6.40266E-01  7.71346E-01  8.68479E-01  9.60065E-01
  3.99698E-01  6.21283E-01  7.36048E-01  8.50052E-01  9.54226E-01
  3.53018E-01  5.43536E-01  6.83004E-01  8.09672E-01  9.34084E-01
  3.07144E-01  4.73930E-01  6.10377E-01  7.58436E-01  9.11869E-01
  2.24662E-01  3.55825E-01  4.64908E-01  6.11924E-01  7.93575E-01
 
 -9.51869E-01 -6.22840E-01 -4.63546E-02  5.43727E-01  9.58386E-01
 -9.59550E-01 -5.12322E-01 -8.15535E-03  6.25494E-01  9.43381E-01
 -9.55131E-01 -6.67902E-01 -5.55285E-02  5.45109E-01  9.18800E-01
 -9.25533E-01 -5.24480E-01  1.98133E-01  6.44558E-01  9.67198E-01
 -9.25557E-01 -5.52836E-01  1.46826E-02  5.50877E-01  9.69777E-01
 -9.31407E-01 -5.41868E-01  9.97397E-02  6.36244E-01  9.40141E-01
 -9.13008E-01 -4.37393E-01  2.39815E-01  6.71043E-01  9.70705E-01
 -9.16112E-01 -5.68936E-01  4.43937E-02  6.58459E-01  9.62436E-01
 -9.31229E-01 -4.71255E-01  1.06375E-01  6.91707E-01  9.60955E-01
 -9.36670E-01 -5.73544E-01 -6.92518E-02  5.01646E-01  9.37512E-01
 -8.38239E-01 -2.28584E-01  3.74760E-01  7.61508E-01  9.74414E-01
 -9.08549E-01 -2.99907E-01  2.76967E-01  7.74266E-01  9.65026E-01
 -8.71714E-01 -2.76803E-01  3.29083E-01  7.67523E-01  9.73252E-01
 -8.94947E-01 -4.69843E-01  2.10188E-01  7.15192E-01  9.63626E-01
 -9.35699E-01 -5.46434E-01  1.69498E-01  6.69005E-01  9.68421E-01
 -6.21019E-01  3.40728E-01  7.45222E-01  9.01540E-01  9.90328E-01
 -6.85785E-01  1.29113E-01  6.74119E-01  8.98433E-01  9.88429E-01
 -6.65367E-01  1.75304E-01  6.30278E-01  9.00515E-01  9.91116E-01
 -7.57205E-01  2.72185E-02  6.05926E-01  8.49012E-01  9.83793E-01
 -8.49429E-01 -2.10996E-01  4.40438E-01  7.77730E-01  9.68905E-01
  2.69979E-01  7.67672E-01  9.09822E-01  9.71887E-01  9.96949E-01
  4.36078E-01  7.51055E-01  8.93551E-01  9.59341E-01  9.95759E-01
  2.43386E-01  6.74621E-01  8.54377E-01  9.53980E-01  9.93033E-01
  1.66399E-01  6.24334E-01  8.22628E-01  9.47489E-01  9.95905E-01
 -5.46469E-02  4.30381E-01  7.46758E-01  9.20265E-01  9.92711E-01

  7.81100E-01 
 
  2.29601E+01  2.86461E+01  3.01427E+01  3.06540E+01  3.09084E+01
 
  3.95005E-01  5.83416E-01  7.23119E-01  8.40658E-01  9.48877E-01
  2.40269E-01  3.93902E-01  5.30704E-01  6.83156E-01  8.72329E-01
  1.57540E-01  2.44547E-01  3.46329E-01  4.89835E-01  7.46949E-01
  9.43550E-02  1.44037E-01  1.99525E-01  2.88999E-01  4.94757E-01
  9.71978E-02  1.38971E-01  1.86957E-01  2.50553E-01  3.92800E-01
 
 -9.33427E-01 -4.91246E-01  1.39483E-01  6.55920E-01  9.53076E-01
 -9.49494E-01 -4.80141E-01  1.81302E-01  6.80956E-01  9.61555E-01
 -9.27352E-01 -5.18642E-01  1.14265E-01  6.49942E-01  9.66266E-01
 -9.51449E-01 -5.39431E-01  1.40168E-01  7.06596E-01  9.51951E-01
 -9.36943E-01 -5.83649E-01  1.61282E-02  6.46215E-01  9.71895E-01
 -5.93034E-01  3.34125E-01  7.76090E-01  9.14221E-01  9.96344E-01
 -4.70595E-01  4.14444E-01  7.55273E-01  9.28750E-01  9.92035E-01
 -4.83435E-01  2.50459E-01  6.77063E-01  9.05634E-01  9.91029E-01
 -7.51980E-01  3.62832E-02  5.18645E-01  8.44572E-01  9.79824E-01
 -9.11837E-01 -2.95882E-01  3.40327E-01  8.07312E-01  9.73958E-01
  5.22750E-01  8.51936E-01  9.50282E-01  9.83899E-01  9.98124E-01
  5.79019E-01  8.88722E-01  9.59917E-01  9.88080E-01  9.98742E-01
  4.59251E-01  8.26069E-01  9.38363E-01  9.83186E-01  9.98256E-01
  3.11593E-01  7.14722E-01  8.71690E-01  9.64765E-01  9.91329E-01
  1.57306E-01  5.19890E-01  7.78431E-01  9.16356E-01  9.86764E-01
  9.27704E-01  9.84291E-01  9.93882E-01  9.98443E-01  9.99775E-01
  9.03719E-01  9.73516E-01  9.89124E-01  9.96396E-01  9.99705E-01
  8.40984E-01  9.52625E-01  9.80867E-01  9.94081E-01  9.99360E-01
  7.68739E-01  9.19189E-01  9.70085E-01  9.89615E-01  9.98848E-01
  7.55931E-01  8.77313E-01  9.48818E-01  9.82632E-01  9.97763E-01
  9.74799E-01  9.91481E-01  9.96838E-01  9.98911E-01  9.99932E-01
  9.62241E-01  9.86138E-01  9.95071E-01  9.98717E-01  9.99817E-01
  9.35949E-01  9.76109E-01  9.90800E-01  9.96696E-01  9.99637E-01
  9.16678E-01  9.65201E-01  9.87706E-01  9.95410E-01  9.99418E-01
  9.13539E-01  9.61965E-01  9.83939E-01  9.94693E-01  9.99059E-01

  7.64500E-01 
 
  1.81283E+00  2.14046E+00  2.24482E+00  2.29055E+00  2.32974E+00
 
  5.12824E-01  7.02784E-01  8.10965E-01  8.98576E-01  9.67734E-01
  4.61438E-01  6.62077E-01  7.96438E-01  8.88007E-01  9.65435E-01
  4.86659E-01  7.21119E-01  8.40533E-01  9.19134E-01  9.76860E-01
  4.00293E-01  6.18219E-01  7.22449E-01  8.25437E-01  9.16593E-01
  2.46081E-01  3.99857E-01  5.03576E-01  6.20627E-01  7.74998E-01
 
 -9.21281E-01 -5.36029E-01  5.83305E-02  6.46677E-01  9.55211E-01
 -9.31789E-01 -5.37805E-01  1.48765E-02  5.44111E-01  9.42127E-01
 -9.54017E-01 -5.80889E-01  1.67361E-02  5.92143E-01  9.51202E-01
 -9.58068E-01 -5.97132E-01  2.79739E-02  5.99215E-01  9.45605E-01
 -9.28632E-01 -5.30097E-01  9.55049E-02  6.38247E-01  9.72643E-01
 -9.54634E-01 -5.80839E-01 -2.53262E-02  5.48290E-01  9.43002E-01
 -9.09601E-01 -5.57745E-01  2.49178E-02  5.71004E-01  9.29040E-01
 -9.07950E-01 -4.68644E-01  1.16521E-01  6.68273E-01  9.49366E-01
 -9.50741E-01 -5.63542E-01 -7.64865E-02  6.08151E-01  9.63594E-01
 -9.26696E-01 -5.75012E-01  5.93467E-03  6.06942E-01  9.52081E-01
 -9.32041E-01 -5.70481E-01 -2.08790E-02  6.45036E-01  9.50280E-01
 -9.30008E-01 -5.73837E-01  4.72969E-02  5.91765E-01  9.60484E-01
 -9.55570E-01 -5.78173E-01 -3.42484E-02  5.66174E-01  9.47792E-01
 -9.51111E-01 -5.75684E-01  1.26670E-02  6.29121E-01  9.56018E-01
 -9.27192E-01 -5.73957E-01 -4.25351E-02  6.01295E-01  9.46905E-01
 -9.25956E-01 -5.05664E-01  4.01384E-02  5.24870E-01  9.37590E-01
 -9.46360E-01 -5.48834E-01  6.14188E-02  6.58073E-01  9.53381E-01
 -9.47580E-01 -5.38501E-01  1.03545E-01  6.43483E-01  9.56320E-01
 -9.45920E-01 -5.86594E-01 -7.37389E-02  4.48526E-01  9.44930E-01
 -9.38613E-01 -5.66018E-01 -2.18985E-03  5.36390E-01  9.42088E-01
 -9.39184E-01 -5.21499E-01  1.93839E-02  5.73618E-01  9.35625E-01
 -9.48023E-01 -6.23779E-01 -2.49556E-02  6.02890E-01  9.45625E-01
 -9.43676E-01 -5.04821E-01  3.36048E-02  5.59548E-01  9.55800E-01
 -9.31163E-01 -5.81529E-01 -7.40920E-02  5.73283E-01  9.61425E-01
 -9.50889E-01 -5.59654E-01  1.07819E-03  5.70165E-01  9.61827E-01

  7.88800E-01 
 
  1.85788E+00  2.16854E+00  2.26006E+00  2.30666E+00  2.35881E+00
 
  5.02392E-01  6.88732E-01  8.06811E-01  8.95070E-01  9.66937E-01
  4.59494E-01  6.75017E-01  7.97364E-01  8.93756E-01  9.68016E-01
  4.15490E-01  6.71540E-01  8.05483E-01  8.98182E-01  9.68358E-01
  3.28155E-01  5.48009E-01  6.83868E-01  8.04628E-01  9.21328E-01
  2.36540E-01  4.02135E-01  5.19127E-01  6.38455E-01  7.91636E-01
 
 -9.22472E-01 -5.14549E-01  6.00884E-03  6.08148E-01  9.58683E-01
 -9.50334E-01 -5.57078E-01 -3.56940E-02  5.96689E-01  9.56340E-01
 -9.49096E-01 -6.21957E-01 -3.57170E-02  5.79136E-01  9.32517E-01
 -9.22111E-01 -5.92107E-01 -2.46202E-02  5.80187E-01  9.45919E-01
 -9.14490E-01 -4.66038E-01  7.35168E-02  6.45299E-01  9.44660E-01
 -9.62864E-01 -7.33202E-01 -1.86120E-01  5.39316E-01  9.56571E-01
 -9.62830E-01 -6.55082E-01 -2.81180E-02  4.95849E-01  9.44222E-01
 -9.55480E-01 -5.80619E-01 -4.31173E-02  5.44291E-01  9.45246E-01
 -9.22794E-01 -5.71146E-01  4.34493E-02  5.79769E-01  9.32630E-01
 -9.36617E-01 -5.40388E-01  3.14940E-02  6.23369E-01  9.52872E-01
 -9.86241E-01 -8.20778E-01 -4.72960E-01  2.56929E-01  9.22786E-01
 -9.71690E-01 -7.91912E-01 -4.42453E-01  2.54618E-01  8.99627E-01
 -9.75128E-01 -7.43561E-01 -3.99127E-01  7.47972E-02  7.99074E-01
 -9.49891E-01 -6.84233E-01 -2.62629E-01  3.11629E-01  9.17105E-01
 -9.44607E-01 -6.55103E-01 -8.15315E-02  4.72237E-01  8.93672E-01
 -7.90523E-01 -4.39115E-01 -9.02561E-02  3.50443E-01  8.67509E-01
 -7.32367E-01 -3.54789E-01 -1.19386E-02  3.94672E-01  8.66764E-01
 -6.53664E-01 -1.10559E-01  3.41287E-01  7.14485E-01  9.41841E-01
 -4.19304E-01 -5.73163E-03  4.04854E-01  7.86579E-01  9.51872E-01
 -3.25002E-01  2.59172E-01  6.73591E-01  8.64625E-01  9.79321E-01
  2.48766E-01  5.86751E-01  7.73245E-01  8.97548E-01  9.93029E-01
  1.98486E-01  5.40765E-01  7.58543E-01  9.09744E-01  9.86460E-01
  1.46795E-01  5.89655E-01  8.14117E-01  9.24888E-01  9.90571E-01
  2.25645E-01  6.32025E-01  7.99558E-01  9.32558E-01  9.90273E-01
  2.45268E-02  5.81775E-01  7.89750E-01  9.42422E-01  9.91984E-01

  8.44100E-01 
 
  1.96334E+00  2.22304E+00  2.29560E+00  2.35351E+00  2.40949E+00
 
  4.85050E-01  6.91499E-01  8.06223E-01  8.98127E-01  9.71503E-01
  4.15300E-01  6.38273E-01  7.69870E-01  8.68662E-01  9.60424E-01
  4.05832E-01  6.50171E-01  7.88941E-01  8.91607E-01  9.67705E-01
  3.07701E-01  5.40788E-01  6.72867E-01  7.81119E-01  8.98693E-01
  2.07418E-01  3.47250E-01  4.63672E-01  5.74841E-01  7.31273E-01
 
 -9.36942E-01 -5.29842E-01 -1.87658E-02  5.49771E-01  9.42335E-01
 -9.32214E-01 -5.60439E-01 -4.40579E-04  6.27632E-01  9.60767E-01
 -9.26979E-01 -5.78411E-01 -2.17490E-02  5.52637E-01  9.26064E-01
 -9.63434E-01 -6.05244E-01 -1.31112E-02  6.19901E-01  9.50171E-01
 -9.59587E-01 -5.99922E-01 -4.66222E-02  5.85590E-01  9.28247E-01
 -9.87403E-01 -8.44597E-01 -5.01356E-01  1.14626E-01  8.53677E-01
 -9.83482E-01 -8.45704E-01 -5.64918E-01  1.22029E-01  8.59611E-01
 -9.76149E-01 -8.34471E-01 -4.64009E-01  2.83352E-01  8.90236E-01
 -9.67099E-01 -7.69863E-01 -3.91831E-01  2.76135E-01  8.81531E-01
 -9.61433E-01 -7.35321E-01 -2.34639E-01  3.89640E-01  9.14937E-01
 -6.59616E-01 -3.83206E-01 -1.34509E-01  3.05534E-01  8.92032E-01
 -6.71868E-01 -3.44170E-01 -7.86626E-02  3.72467E-01  9.02979E-01
 -6.78783E-01 -3.27517E-01 -3.26527E-03  3.55416E-01  9.46780E-01
 -6.66882E-01 -2.22602E-01  1.57052E-01  5.85933E-01  9.21146E-01
 -7.55295E-01 -2.10949E-01  2.55814E-01  6.66113E-01  9.53721E-01
  7.68006E-02  3.38261E-01  5.63740E-01  8.09081E-01  9.74820E-01
  1.71793E-02  3.40416E-01  5.82398E-01  7.99359E-01  9.76794E-01
  4.28598E-02  4.30475E-01  7.12916E-01  8.71602E-01  9.83635E-01
  2.21511E-01  5.72071E-01  8.18672E-01  9.33052E-01  9.93598E-01
  3.01204E-02  5.38013E-01  7.99138E-01  9.41151E-01  9.94404E-01
  6.87730E-01  8.27156E-01  9.10714E-01  9.69244E-01  9.95621E-01
  6.07089E-01  7.71418E-01  8.81733E-01  9.60105E-01  9.94854E-01
  6.07777E-01  7.86298E-01  8.88190E-01  9.60470E-01  9.96510E-01
  6.20044E-01  8.31481E-01  9.17986E-01  9.68415E-01  9.96854E-01
  5.48314E-01  8.05053E-01  9.09031E-01  9.72081E-01  9.97018E-01

  9.34200E-01 
 
  2.11636E+00  2.28499E+00  2.35838E+00  2.40710E+00  2.45793E+00
 
  4.09199E-01  6.32407E-01  7.63763E-01  8.71533E-01  9.62564E-01
  3.94412E-01  6.29793E-01  7.71942E-01  8.76907E-01  9.63542E-01
  3.30641E-01  5.88528E-01  7.39418E-01  8.43739E-01  9.43264E-01
  2.28206E-01  4.45888E-01  5.77986E-01  6.88789E-01  8.20516E-01
  1.35417E-01  2.62307E-01  3.63703E-01  4.80881E-01  6.23779E-01
 
 -9.50505E-01 -6.93226E-01 -2.13738E-01  3.55999E-01  9.27489E-01
 -9.37683E-01 -6.57320E-01 -1.73263E-01  4.85607E-01  9.39239E-01
 -9.56652E-01 -6.43635E-01 -1.30444E-01  4.85031E-01  9.09118E-01
 -9.44946E-01 -6.58573E-01 -1.64032E-01  4.34423E-01  9.26780E-01
 -9.55154E-01 -6.25502E-01 -1.65823E-01  5.43412E-01  9.42767E-01
 -6.49146E-01 -4.26808E-01 -1.49155E-01  4.24921E-01  9.25093E-01
 -7.46268E-01 -5.22627E-01 -2.92938E-01  3.23423E-01  9.15600E-01
 -7.94798E-01 -5.59710E-01 -2.77544E-01  2.18167E-01  8.58540E-01
 -9.08320E-01 -6.43500E-01 -3.15081E-01  1.89545E-01  8.74280E-01
 -9.53453E-01 -6.97350E-01 -3.07980E-01  3.53921E-01  9.17065E-01
  7.42031E-02  3.04077E-01  5.54458E-01  8.03389E-01  9.81466E-01
  8.01094E-03  2.84830E-01  4.91778E-01  7.77645E-01  9.71689E-01
  3.68155E-02  3.75078E-01  5.96819E-01  8.18409E-01  9.79653E-01
  2.44325E-02  4.23252E-01  6.81581E-01  8.89203E-01  9.82404E-01
 -1.30392E-01  4.35639E-01  7.34469E-01  9.07122E-01  9.89125E-01
  5.55780E-01  7.53301E-01  8.65487E-01  9.42179E-01  9.94396E-01
  4.77952E-01  6.74631E-01  8.27273E-01  9.42180E-01  9.94964E-01
  5.09257E-01  7.31652E-01  8.47062E-01  9.48107E-01  9.94922E-01
  5.17731E-01  7.43388E-01  8.84507E-01  9.63648E-01  9.95057E-01
  4.96949E-01  8.03869E-01  9.15622E-01  9.70648E-01  9.95205E-01
  8.83371E-01  9.32304E-01  9.68189E-01  9.89449E-01  9.98770E-01
  8.04808E-01  8.98448E-01  9.46725E-01  9.79040E-01  9.97754E-01
  8.00084E-01  8.97655E-01  9.52805E-01  9.83217E-01  9.98234E-01
  8.04677E-01  9.05709E-01  9.56686E-01  9.83564E-01  9.98410E-01
  7.62102E-01  9.15645E-01  9.67574E-01  9.88090E-01  9.98699E-01

  9.95250E-01 
 
  2.26065E+00  2.36290E+00  2.41194E+00  2.44794E+00  2.49016E+00
 
  3.84026E-01  6.26235E-01  7.65886E-01  8.65970E-01  9.56589E-01
  3.21632E-01  5.70841E-01  7.22081E-01  8.46417E-01  9.43540E-01
  2.68050E-01  4.44195E-01  5.81228E-01  7.13319E-01  8.48610E-01
  2.67957E-01  3.80206E-01  4.76490E-01  5.86961E-01  7.36839E-01
  2.79876E-01  3.39333E-01  3.87571E-01  4.48426E-01  5.45510E-01
 
 -5.99243E-01 -3.96657E-01 -1.54163E-01  2.04041E-01  8.24932E-01
 -6.85378E-01 -4.78612E-01 -2.46782E-01  1.96470E-01  8.56374E-01
 -8.05656E-01 -5.90168E-01 -3.50079E-01  1.16651E-01  8.79862E-01
 -9.20297E-01 -6.83232E-01 -3.55142E-01  2.57896E-01  8.75955E-01
 -9.40302E-01 -6.42281E-01 -2.20053E-01  3.76675E-01  9.18602E-01
  3.79899E-01  5.48216E-01  6.58399E-01  8.21080E-01  9.45821E-01
  2.47117E-01  4.31794E-01  5.94078E-01  7.68426E-01  9.72007E-01
  1.83809E-01  4.14799E-01  6.41218E-01  8.27314E-01  9.77223E-01
  2.15117E-01  4.58258E-01  6.80902E-01  8.73826E-01  9.82887E-01
  6.87097E-02  4.79933E-01  7.13632E-01  8.82902E-01  9.80841E-01
  7.08966E-01  7.89550E-01  8.65748E-01  9.18223E-01  9.52487E-01
  6.48941E-01  7.73988E-01  8.69871E-01  9.55239E-01  9.95724E-01
  6.05521E-01  7.67099E-01  8.84527E-01  9.57070E-01  9.95994E-01
  6.11179E-01  7.55923E-01  8.73237E-01  9.53595E-01  9.95076E-01
  6.90660E-01  8.28659E-01  9.15891E-01  9.71833E-01  9.97266E-01
  8.36348E-01  8.86526E-01  9.20030E-01  9.41367E-01  9.65217E-01
  8.35886E-01  9.00684E-01  9.46640E-01  9.80495E-01  9.97803E-01
  8.14700E-01  8.98561E-01  9.50697E-01  9.82839E-01  9.98449E-01
  7.90986E-01  8.96616E-01  9.48277E-01  9.79918E-01  9.96792E-01
  8.30859E-01  9.18423E-01  9.60849E-01  9.85307E-01  9.98017E-01
  9.18379E-01  9.41637E-01  9.53820E-01  9.63307E-01  9.77121E-01
  9.33530E-01  9.64555E-01  9.81951E-01  9.93135E-01  9.99164E-01
  9.34518E-01  9.65301E-01  9.84717E-01  9.94233E-01  9.99296E-01
  9.33137E-01  9.69147E-01  9.84588E-01  9.94355E-01  9.99357E-01
  9.41054E-01  9.71717E-01  9.86767E-01  9.95486E-01  9.99625E-01

  5.71300E-01 
 
  2.44175E+00  3.17161E+00  3.48186E+00  3.61994E+00  3.69667E+00
 
  5.51882E-01  7.26931E-01  8.26467E-01  9.03798E-01  9.71720E-01
  5.22957E-01  7.04630E-01  8.14994E-01  9.02397E-01  9.67036E-01
  5.35730E-01  7.12486E-01  8.19926E-01  8.98528E-01  9.70587E-01
  5.20500E-01  7.06336E-01  8.00766E-01  8.70898E-01  9.41531E-01
  2.78275E-01  4.15217E-01  5.07147E-01  6.18110E-01  7.51960E-01
 
 -9.39405E-01 -4.74321E-01  2.00027E-01  6.59747E-01  9.63550E-01
 -9.45919E-01 -6.29387E-01 -9.13573E-02  4.91099E-01  9.28004E-01
 -9.45429E-01 -5.14403E-01  7.08410E-02  6.15112E-01  9.47121E-01
 -9.29559E-01 -5.21292E-01  1.25442E-01  6.69379E-01  9.65697E-01
 -9.31636E-01 -5.36927E-01  1.07473E-01  5.94047E-01  9.33265E-01
 -9.42817E-01 -5.26434E-01  1.02053E-02  6.06268E-01  9.66130E-01
 -9.30205E-01 -5.58033E-01 -9.14965E-02  4.54472E-01  9.49057E-01
 -9.17822E-01 -6.29542E-01 -5.05399E-02  5.96997E-01  9.53107E-01
 -9.12242E-01 -4.14503E-01  1.48182E-01  7.11330E-01  9.53797E-01
 -9.49015E-01 -5.51255E-01  1.27656E-02  5.71644E-01  9.61901E-01
 -9.53966E-01 -5.46340E-01 -1.37753E-03  5.44707E-01  9.39958E-01
 -9.57082E-01 -5.20627E-01  7.86974E-02  6.32420E-01  9.50906E-01
 -9.10585E-01 -4.56937E-01  8.27297E-02  6.02130E-01  9.59616E-01
 -9.49703E-01 -5.66263E-01 -6.76786E-02  5.92076E-01  9.40359E-01
 -9.18401E-01 -5.45520E-01 -1.24799E-03  6.48554E-01  9.63355E-01
 -9.33819E-01 -6.09985E-01 -1.32981E-02  5.15983E-01  9.37217E-01
 -9.71694E-01 -6.62075E-01 -4.06732E-02  5.81185E-01  9.48857E-01
 -9.47468E-01 -5.74002E-01  1.16601E-01  5.85738E-01  9.51131E-01
 -9.09863E-01 -4.53682E-01  8.86906E-02  6.06855E-01  9.43310E-01
 -9.66470E-01 -6.20628E-01  2.12106E-03  5.10015E-01  9.53168E-01
 -9.34527E-01 -4.68282E-01  9.80299E-02  6.34801E-01  9.55963E-01
 -9.30008E-01 -5.41308E-01 -3.81093E-02  5.04955E-01  9.12467E-01
 -9.25266E-01 -4.54946E-01  2.03575E-01  7.02118E-01  9.73409E-01
 -9.24103E-01 -5.79609E-01  1.03373E-01  6.61289E-01  9.55730E-01
 -9.44562E-01 -6.24153E-01 -3.38381E-03  5.88313E-01  9.44767E-01

  6.07250E-01 
 
  2.54894E+00  3.25306E+00  3.53427E+00  3.64461E+00  3.74324E+00
 
  5.55291E-01  7.26723E-01  8.32753E-01  9.12934E-01  9.73716E-01
  5.29776E-01  7.11625E-01  8.14987E-01  8.97398E-01  9.68217E-01
  5.16663E-01  7.08574E-01  8.24115E-01  9.05621E-01  9.69456E-01
  4.32210E-01  6.13196E-01  7.42555E-01  8.42650E-01  9.42109E-01
  2.72902E-01  4.21521E-01  5.29523E-01  6.36832E-01  7.86907E-01
 
 -9.38590E-01 -6.11171E-01  5.96744E-02  6.48983E-01  9.52293E-01
 -9.35298E-01 -5.19417E-01 -4.03431E-02  6.30012E-01  9.47770E-01
 -9.50430E-01 -5.76012E-01  7.49558E-02  6.52135E-01  9.59927E-01
 -9.38271E-01 -5.57190E-01  7.01742E-02  5.60005E-01  9.46788E-01
 -9.54295E-01 -6.02212E-01 -1.03122E-01  4.94358E-01  9.55646E-01
 -9.20512E-01 -5.31534E-01 -1.06897E-02  5.82824E-01  9.30118E-01
 -9.45419E-01 -6.03166E-01 -3.43226E-02  5.84781E-01  9.58656E-01
 -9.40732E-01 -5.89558E-01 -2.12865E-02  6.02307E-01  9.46990E-01
 -9.46622E-01 -6.13212E-01  7.75303E-03  5.71927E-01  9.35896E-01
 -9.45466E-01 -5.14594E-01  3.28766E-02  5.65522E-01  9.47433E-01
 -9.78409E-01 -7.58688E-01 -3.91168E-01  3.48013E-01  9.31452E-01
 -9.69007E-01 -7.66842E-01 -2.49218E-01  3.90984E-01  8.83151E-01
 -9.79059E-01 -7.92298E-01 -3.14970E-01  3.53869E-01  9.04468E-01
 -9.66559E-01 -7.12799E-01 -2.26145E-01  3.54555E-01  8.78050E-01
 -9.47686E-01 -6.07328E-01 -1.77438E-01  4.27986E-01  9.26867E-01
 -9.36479E-01 -7.42934E-01 -5.24784E-01 -1.71775E-01  7.57456E-01
 -9.25926E-01 -6.23709E-01 -3.06752E-01  1.64695E-01  8.10220E-01
 -7.34998E-01 -3.46509E-01  6.37876E-02  4.75960E-01  8.99974E-01
 -5.71357E-01 -7.81125E-02  3.14107E-01  6.46928E-01  9.55832E-01
 -4.78008E-01  3.58594E-02  4.86311E-01  8.23492E-01  9.84490E-01
  1.30514E-01  4.09162E-01  5.98869E-01  7.90873E-01  9.79039E-01
  1.73869E-01  5.29411E-01  7.62892E-01  8.92279E-01  9.87216E-01
  1.54918E-01  5.61105E-01  7.68398E-01  9.08346E-01  9.88112E-01
  1.82765E-01  6.39216E-01  8.38572E-01  9.51653E-01  9.95376E-01
  1.85011E-01  6.35692E-01  8.41588E-01  9.48223E-01  9.94756E-01

  7.19500E-01 
 
  2.82319E+00  3.45458E+00  3.63409E+00  3.74618E+00  3.83671E+00
 
  5.48164E-01  7.22078E-01  8.31064E-01  9.08927E-01  9.75585E-01
  4.77962E-01  6.62082E-01  7.81230E-01  8.70361E-01  9.59650E-01
  4.35817E-01  6.46440E-01  7.81796E-01  8.81903E-01  9.64706E-01
  3.46653E-01  5.44527E-01  6.68288E-01  7.81485E-01  8.83782E-01
  2.20552E-01  3.59971E-01  4.62657E-01  5.66574E-01  7.20541E-01
 
 -9.38656E-01 -5.27281E-01  8.79020E-02  5.91543E-01  9.48524E-01
 -9.41879E-01 -5.25881E-01  3.90379E-02  6.15285E-01  9.58133E-01
 -9.40913E-01 -5.18072E-01  1.38795E-01  6.40803E-01  9.56795E-01
 -9.25476E-01 -5.18562E-01  1.25061E-01  5.94061E-01  9.55098E-01
 -9.29971E-01 -4.84735E-01  4.82366E-02  6.04547E-01  9.45677E-01
 -9.84591E-01 -8.12378E-01 -3.50939E-01  1.95469E-01  8.91778E-01
 -9.70434E-01 -8.23158E-01 -4.06858E-01  1.70057E-01  8.92870E-01
 -9.66049E-01 -7.26410E-01 -2.68120E-01  3.25291E-01  9.06785E-01
 -9.59729E-01 -7.14175E-01 -2.15012E-01  4.24055E-01  9.41462E-01
 -9.54016E-01 -6.39307E-01 -7.08477E-02  5.25005E-01  9.50785E-01
 -7.81644E-01 -6.02455E-01 -3.64651E-01  1.20398E-02  6.90117E-01
 -7.64410E-01 -5.78877E-01 -3.11005E-01  1.12357E-01  8.22299E-01
 -7.39612E-01 -4.54266E-01 -1.72204E-01  2.47121E-01  9.04080E-01
 -7.58877E-01 -4.27859E-01 -7.49326E-02  3.59141E-01  8.91021E-01
 -8.21853E-01 -5.46198E-01 -1.32659E-01  3.70706E-01  9.13399E-01
  1.23672E-02  2.54951E-01  4.76658E-01  7.25710E-01  9.54617E-01
  9.87170E-02  3.42294E-01  5.42957E-01  7.83282E-01  9.70093E-01
  7.77944E-02  4.97473E-01  7.05353E-01  8.86726E-01  9.79362E-01
  1.75774E-01  5.91707E-01  7.77773E-01  9.16768E-01  9.90977E-01
  2.08492E-01  6.36401E-01  8.20477E-01  9.44063E-01  9.92210E-01
  6.68492E-01  8.33756E-01  9.11097E-01  9.63594E-01  9.95042E-01
  6.32145E-01  8.07535E-01  9.00824E-01  9.57842E-01  9.94846E-01
  6.76508E-01  8.54814E-01  9.21651E-01  9.78728E-01  9.97706E-01
  6.25080E-01  8.51111E-01  9.33796E-01  9.77602E-01  9.98041E-01
  6.08425E-01  8.17752E-01  9.22558E-01  9.73046E-01  9.96263E-01

  8.73700E-01 
 
  3.30110E+00  3.65651E+00  3.78389E+00  3.85497E+00  3.91203E+00
 
  4.69458E-01  6.58315E-01  7.83551E-01  8.81737E-01  9.60533E-01
  4.22052E-01  6.14536E-01  7.48584E-01  8.63327E-01  9.54825E-01
  3.22915E-01  5.45348E-01  6.87190E-01  7.91414E-01  8.91816E-01
  2.41950E-01  4.16492E-01  5.26432E-01  6.29759E-01  7.53706E-01
  1.59954E-01  2.76084E-01  3.66739E-01  4.60874E-01  5.80971E-01
 
 -9.87443E-01 -8.14134E-01 -3.74147E-01  1.51905E-01  8.64505E-01
 -9.56973E-01 -7.26719E-01 -3.30178E-01  2.50993E-01  8.46146E-01
 -9.65109E-01 -6.85460E-01 -2.99465E-01  3.48782E-01  9.20564E-01
 -9.57196E-01 -6.56803E-01 -1.47156E-01  4.08938E-01  9.14133E-01
 -9.58828E-01 -6.70008E-01 -1.58729E-01  4.44097E-01  9.22009E-01
 -6.22964E-01 -3.85588E-01 -1.62504E-01  2.30616E-01  8.84153E-01
 -6.33917E-01 -4.13474E-01 -2.01481E-01  1.73194E-01  8.54804E-01
 -7.17423E-01 -4.53638E-01 -1.73389E-01  2.24157E-01  8.89972E-01
 -7.59168E-01 -4.09569E-01 -1.28608E-01  2.41652E-01  8.54798E-01
 -8.84019E-01 -5.52892E-01 -1.80245E-01  2.55736E-01  8.81308E-01
  1.99178E-01  4.14705E-01  6.22567E-01  8.59426E-01  9.86200E-01
  1.70590E-01  4.12086E-01  5.81956E-01  8.19717E-01  9.79014E-01
  2.45838E-01  5.21764E-01  6.92540E-01  8.32217E-01  9.65679E-01
  3.25067E-01  6.08687E-01  7.64545E-01  9.01399E-01  9.87348E-01
  3.50657E-01  7.01770E-01  8.77957E-01  9.50407E-01  9.94315E-01
  6.32921E-01  7.73717E-01  8.74862E-01  9.45252E-01  9.94063E-01
  5.82345E-01  7.68318E-01  8.70233E-01  9.42535E-01  9.93727E-01
  6.15383E-01  7.76707E-01  8.72613E-01  9.44833E-01  9.93746E-01
  6.51605E-01  8.22130E-01  9.14376E-01  9.67092E-01  9.95210E-01
  7.04470E-01  8.66278E-01  9.45888E-01  9.81034E-01  9.98364E-01
  8.79370E-01  9.40764E-01  9.74949E-01  9.90079E-01  9.98902E-01
  8.42299E-01  9.20024E-01  9.64695E-01  9.89183E-01  9.98517E-01
  8.62754E-01  9.35387E-01  9.71763E-01  9.90562E-01  9.98862E-01
  8.25155E-01  9.29749E-01  9.69032E-01  9.88317E-01  9.98520E-01
  8.24945E-01  9.28690E-01  9.67256E-01  9.90030E-01  9.98845E-01

  9.90700E-01 
 
  3.71209E+00  3.84299E+00  3.89167E+00  3.92977E+00  3.97621E+00
 
  3.24657E-01  5.57607E-01  7.10652E-01  8.40599E-01  9.46499E-01
  1.79034E-01  4.15065E-01  5.51603E-01  6.81153E-01  8.11930E-01
  1.38610E-01  3.05368E-01  4.32152E-01  5.40998E-01  6.81153E-01
  1.22681E-01  2.34407E-01  3.38858E-01  4.40590E-01  5.69981E-01
  1.03476E-01  1.58712E-01  2.22216E-01  2.93527E-01  4.11475E-01
 
 -3.18117E-01 -3.48015E-02  2.77982E-01  5.52619E-01  8.82244E-01
 -4.06570E-01 -1.91312E-01  7.06841E-02  3.67920E-01  8.43018E-01
 -4.23360E-01 -1.73959E-01  1.19191E-01  4.33361E-01  8.91838E-01
 -3.70854E-01 -9.65096E-02  1.70654E-01  4.61349E-01  8.83180E-01
 -3.85435E-01 -9.40686E-02  2.05878E-01  5.43259E-01  9.19560E-01
  7.40679E-01  8.54218E-01  9.21199E-01  9.68901E-01  9.96797E-01
  6.06893E-01  7.37218E-01  8.69282E-01  9.49026E-01  9.94786E-01
  6.01355E-01  7.34964E-01  8.55051E-01  9.41443E-01  9.91572E-01
  6.14075E-01  7.70873E-01  8.77176E-01  9.52718E-01  9.94039E-01
  7.42731E-01  8.59295E-01  9.36972E-01  9.74843E-01  9.97154E-01
  8.99755E-01  9.51102E-01  9.77153E-01  9.91569E-01  9.98685E-01
  8.10183E-01  8.87202E-01  9.46196E-01  9.81196E-01  9.98102E-01
  8.06431E-01  8.89839E-01  9.46253E-01  9.79907E-01  9.97231E-01
  8.11067E-01  8.96394E-01  9.54823E-01  9.85490E-01  9.97992E-01
  8.41680E-01  9.18242E-01  9.58934E-01  9.86984E-01  9.98716E-01
  9.52212E-01  9.73154E-01  9.86447E-01  9.95377E-01  9.99452E-01
  9.11765E-01  9.57176E-01  9.81269E-01  9.93602E-01  9.99490E-01
  8.96778E-01  9.37851E-01  9.70149E-01  9.91086E-01  9.98569E-01
  8.99697E-01  9.47745E-01  9.76846E-01  9.93102E-01  9.99266E-01
  9.06865E-01  9.52148E-01  9.77867E-01  9.93298E-01  9.99423E-01
  9.84055E-01  9.90666E-01  9.94870E-01  9.97480E-01  9.99680E-01
  9.74710E-01  9.87077E-01  9.94152E-01  9.97662E-01  9.99781E-01
  9.67616E-01  9.82492E-01  9.91467E-01  9.96996E-01  9.99600E-01
  9.66265E-01  9.84090E-01  9.92603E-01  9.97064E-01  9.99814E-01
  9.59712E-01  9.83003E-01  9.92880E-01  9.97575E-01  9.99713E-01

  4.81550E-01 
 
  3.25452E+00  4.28905E+00  4.79076E+00  5.08750E+00  5.24143E+00
 
  5.67504E-01  7.40070E-01  8.35143E-01  9.13381E-01  9.74911E-01
  5.55454E-01  7.22113E-01  8.31533E-01  9.04319E-01  9.70771E-01
  5.11192E-01  6.90044E-01  7.98086E-01  8.93335E-01  9.64748E-01
  5.34134E-01  7.21764E-01  8.26028E-01  8.96095E-01  9.61872E-01
  3.32386E-01  4.47785E-01  5.31288E-01  6.25407E-01  7.62315E-01
 
 -9.35228E-01 -5.55991E-01  2.97668E-02  5.58534E-01  9.32815E-01
 -9.32100E-01 -5.52147E-01  7.59576E-03  6.01015E-01  9.19436E-01
 -9.44012E-01 -5.77737E-01  2.94139E-02  5.36634E-01  9.43460E-01
 -9.48623E-01 -5.15837E-01  8.70735E-03  5.50158E-01  9.25192E-01
 -9.33292E-01 -5.30165E-01  9.10180E-03  5.77989E-01  9.22187E-01
 -9.57960E-01 -6.43515E-01 -3.72595E-02  6.10460E-01  9.45042E-01
 -9.30227E-01 -5.36860E-01  1.41415E-01  6.59218E-01  9.66904E-01
 -9.27228E-01 -5.23212E-01  8.13111E-02  6.42506E-01  9.27274E-01
 -9.45718E-01 -5.86690E-01 -4.04108E-02  6.34586E-01  9.77464E-01
 -9.19127E-01 -5.36640E-01  4.17047E-02  5.34054E-01  9.60801E-01
 -9.37466E-01 -4.99938E-01  3.76931E-02  5.65938E-01  9.42071E-01
 -9.51469E-01 -6.19676E-01 -6.43300E-02  5.27690E-01  8.87470E-01
 -9.59605E-01 -6.05275E-01 -1.41560E-01  5.08387E-01  9.71682E-01
 -9.28090E-01 -5.69489E-01 -9.79492E-02  5.35224E-01  9.23556E-01
 -9.34561E-01 -5.24618E-01  3.43290E-02  6.31856E-01  9.49488E-01
 -9.30092E-01 -5.10122E-01  1.27543E-01  6.82824E-01  9.51801E-01
 -9.32906E-01 -5.69145E-01  6.48875E-02  6.03247E-01  9.70306E-01
 -9.45346E-01 -4.95799E-01  1.07412E-02  5.56921E-01  9.41934E-01
 -9.51689E-01 -5.75378E-01 -6.16001E-03  5.85012E-01  9.62661E-01
 -9.36515E-01 -6.06851E-01 -7.67614E-02  5.88118E-01  9.36403E-01
 -9.48297E-01 -5.68517E-01 -6.03063E-03  6.32304E-01  9.48996E-01
 -9.37667E-01 -5.48054E-01 -4.13914E-02  5.49967E-01  9.42531E-01
 -9.47482E-01 -4.98360E-01  9.78212E-02  6.57593E-01  9.51272E-01
 -9.42185E-01 -5.96343E-01 -3.45371E-02  5.18889E-01  9.40249E-01
 -9.25913E-01 -5.80657E-01 -3.92103E-02  5.66250E-01  9.25646E-01

  5.07550E-01 
 
  3.33883E+00  4.35751E+00  4.84227E+00  5.11560E+00  5.28967E+00
 
  5.51375E-01  7.24264E-01  8.27029E-01  9.07426E-01  9.73858E-01
  5.31520E-01  7.11419E-01  8.12207E-01  8.96745E-01  9.67608E-01
  5.08193E-01  6.89154E-01  7.98147E-01  8.90965E-01  9.64928E-01
  4.99782E-01  6.74002E-01  7.88117E-01  8.77242E-01  9.59186E-01
  2.85925E-01  4.28110E-01  5.37819E-01  6.43554E-01  7.78839E-01
 
 -9.36593E-01 -5.36507E-01 -2.97459E-02  6.36958E-01  9.74997E-01
 -9.44999E-01 -5.82392E-01 -4.28604E-02  5.76548E-01  9.52921E-01
 -9.23428E-01 -5.17206E-01 -5.12830E-02  5.28341E-01  9.39412E-01
 -9.39488E-01 -5.52851E-01  3.95468E-02  6.79589E-01  9.39902E-01
 -9.49287E-01 -5.15153E-01  6.49198E-02  6.38277E-01  9.47133E-01
 -9.70105E-01 -6.02244E-01 -2.50812E-02  6.52385E-01  9.71827E-01
 -9.26032E-01 -5.55588E-01  5.44434E-02  6.71847E-01  9.58411E-01
 -9.52255E-01 -6.06387E-01 -4.25957E-02  5.80730E-01  9.55504E-01
 -9.42498E-01 -5.75788E-01 -1.52720E-01  4.52260E-01  9.63647E-01
 -9.54751E-01 -6.05097E-01 -5.09208E-02  5.53518E-01  9.36244E-01
 -9.40769E-01 -6.41395E-01 -3.86022E-02  5.62837E-01  9.64894E-01
 -9.41634E-01 -5.72354E-01  7.58259E-02  6.31366E-01  9.62628E-01
 -9.26438E-01 -4.21825E-01  1.91155E-01  6.84428E-01  9.55701E-01
 -9.46350E-01 -6.35702E-01  2.36412E-02  6.05497E-01  9.64241E-01
 -9.38595E-01 -4.58466E-01  1.05612E-01  6.55154E-01  9.67486E-01
 -9.84963E-01 -8.23152E-01 -4.35141E-01  8.86716E-02  8.44027E-01
 -9.66124E-01 -7.73943E-01 -2.76002E-01  3.60786E-01  8.94096E-01
 -9.44600E-01 -6.62670E-01 -2.96088E-01  2.96178E-01  8.73494E-01
 -8.41536E-01 -4.66257E-01  7.00941E-03  5.11383E-01  9.10028E-01
 -6.93468E-01 -2.41953E-01  2.00942E-01  6.46839E-01  9.25663E-01
 -2.60430E-01  1.22086E-01  3.74354E-01  6.11188E-01  9.17241E-01
 -2.06622E-01  2.17265E-01  5.00874E-01  7.15525E-01  9.35080E-01
 -7.81267E-02  4.21198E-01  6.79693E-01  8.88103E-01  9.85239E-01
  1.51536E-01  5.42396E-01  7.89522E-01  9.39465E-01  9.94242E-01
  2.20049E-01  6.40819E-01  8.48106E-01  9.47265E-01  9.94679E-01

  6.10000E-01 
 
  3.64346E+00  4.62462E+00  5.05058E+00  5.25055E+00  5.42239E+00
 
  5.52908E-01  7.28611E-01  8.32103E-01  9.09401E-01  9.72123E-01
  5.23492E-01  6.98845E-01  8.03986E-01  8.94189E-01  9.63904E-01
  4.59506E-01  6.41845E-01  7.59384E-01  8.61594E-01  9.61727E-01
  4.07915E-01  5.97632E-01  7.23651E-01  8.26706E-01  9.24794E-01
  2.54777E-01  3.90692E-01  4.93564E-01  5.88042E-01  7.20453E-01
 
 -9.51302E-01 -5.76276E-01 -3.69353E-02  6.68357E-01  9.57766E-01
 -9.42994E-01 -5.93203E-01 -5.66337E-02  4.92073E-01  9.33896E-01
 -9.43279E-01 -5.28355E-01  3.20850E-02  6.41836E-01  9.48937E-01
 -9.21999E-01 -5.36705E-01  7.60315E-02  6.32785E-01  9.22728E-01
 -9.13211E-01 -5.45184E-01  5.62274E-02  6.39710E-01  9.52240E-01
 -9.50295E-01 -6.53273E-01 -1.13085E-01  4.89997E-01  8.98306E-01
 -9.52733E-01 -6.10028E-01 -7.77624E-02  4.74880E-01  9.47641E-01
 -9.28278E-01 -5.89013E-01 -7.12724E-02  5.30041E-01  9.42341E-01
 -9.40719E-01 -6.08635E-01  6.63310E-03  5.76636E-01  9.58877E-01
 -9.51712E-01 -6.09078E-01 -6.87926E-02  4.78282E-01  9.43208E-01
 -9.86576E-01 -8.52071E-01 -5.52747E-01  1.14865E-01  8.50177E-01
 -9.59413E-01 -7.60875E-01 -4.11740E-01  3.33808E-01  9.14744E-01
 -9.76271E-01 -7.91968E-01 -4.21545E-01  2.09178E-01  8.95492E-01
 -9.75536E-01 -7.68934E-01 -3.81880E-01  2.85622E-01  9.09433E-01
 -9.73403E-01 -7.29060E-01 -2.56312E-01  3.74557E-01  8.64742E-01
 -3.88522E-01 -1.34137E-01  6.90888E-02  3.47802E-01  8.92581E-01
 -3.13229E-01  3.48289E-02  2.55790E-01  6.36223E-01  9.22368E-01
 -2.55307E-01  1.23849E-01  3.98987E-01  7.14557E-01  9.62489E-01
 -1.47577E-01  2.55940E-01  5.40364E-01  7.80516E-01  9.61729E-01
 -3.17083E-01  2.70053E-01  6.32442E-01  8.52674E-01  9.89145E-01
  5.55006E-01  7.35575E-01  8.47710E-01  9.42734E-01  9.92756E-01
  4.94694E-01  7.33013E-01  8.55486E-01  9.42155E-01  9.89927E-01
  5.99128E-01  8.00598E-01  9.03537E-01  9.65024E-01  9.95919E-01
  5.78668E-01  8.01459E-01  9.10340E-01  9.67732E-01  9.95668E-01
  5.57542E-01  8.12451E-01  9.16679E-01  9.69788E-01  9.97224E-01

  7.96450E-01 
 
  4.38601E+00  5.14433E+00  5.36486E+00  5.47867E+00  5.55064E+00
 
  5.03922E-01  6.86306E-01  8.04681E-01  8.92354E-01  9.66035E-01
  4.07197E-01  5.88607E-01  7.31500E-01  8.50105E-01  9.50377E-01
  3.51001E-01  5.33239E-01  6.66861E-01  7.89122E-01  8.99030E-01
  2.52363E-01  4.03277E-01  5.11450E-01  6.03199E-01  7.22741E-01
  1.75619E-01  2.77012E-01  3.53889E-01  4.31606E-01  5.42093E-01
 
 -9.53580E-01 -6.76137E-01 -2.37104E-01  4.05822E-01  9.30292E-01
 -9.56529E-01 -6.99481E-01 -1.51721E-01  5.61556E-01  9.50198E-01
 -9.55451E-01 -6.74491E-01 -1.83013E-01  4.84092E-01  9.43674E-01
 -9.30085E-01 -6.00051E-01 -4.84848E-02  4.98190E-01  9.59382E-01
 -9.43012E-01 -5.37960E-01  1.02726E-01  6.28490E-01  9.55874E-01
 -7.61616E-01 -6.01626E-01 -3.82276E-01 -5.62296E-03  7.31259E-01
 -7.70167E-01 -5.91328E-01 -3.72275E-01  1.90268E-02  8.60181E-01
 -8.03269E-01 -5.72745E-01 -2.97016E-01  2.53886E-01  8.84922E-01
 -8.59304E-01 -6.21197E-01 -2.92746E-01  2.96346E-01  9.04040E-01
 -9.62787E-01 -6.77556E-01 -2.50013E-01  3.82009E-01  9.13115E-01
  9.82753E-02  3.08262E-01  4.63909E-01  7.36270E-01  9.74934E-01
  6.85304E-02  3.28004E-01  5.06799E-01  7.25710E-01  9.49382E-01
  1.38729E-01  4.11395E-01  6.22625E-01  7.89147E-01  9.61731E-01
  2.12203E-01  4.89807E-01  6.79929E-01  8.27908E-01  9.75372E-01
  2.10951E-01  6.06346E-01  8.03735E-01  9.36520E-01  9.92881E-01
  6.40425E-01  7.85872E-01  8.86715E-01  9.54952E-01  9.93747E-01
  6.19996E-01  7.56716E-01  8.48209E-01  9.33141E-01  9.90075E-01
  6.27566E-01  7.93095E-01  8.88537E-01  9.61559E-01  9.96369E-01
  6.90342E-01  8.33340E-01  9.15839E-01  9.72807E-01  9.97639E-01
  7.32457E-01  8.86966E-01  9.50639E-01  9.82708E-01  9.98463E-01
  8.98970E-01  9.48835E-01  9.77852E-01  9.91034E-01  9.99150E-01
  8.63278E-01  9.31493E-01  9.64404E-01  9.87973E-01  9.98369E-01
  8.42825E-01  9.23999E-01  9.63701E-01  9.87848E-01  9.98720E-01
  8.58259E-01  9.38548E-01  9.71839E-01  9.91113E-01  9.98720E-01
  8.86712E-01  9.47876E-01  9.77544E-01  9.92456E-01  9.99100E-01

  9.86400E-01 
 
  5.33044E+00  5.49317E+00  5.54469E+00  5.58407E+00  5.62904E+00
 
  1.90687E-01  4.39577E-01  6.39544E-01  7.91548E-01  9.31117E-01
  1.35272E-01  2.95892E-01  4.35913E-01  5.74038E-01  7.19594E-01
  1.25044E-01  2.44738E-01  3.52204E-01  4.55158E-01  5.90992E-01
  1.11051E-01  2.09925E-01  2.88653E-01  3.70995E-01  4.93383E-01
  8.77826E-02  1.56820E-01  2.18348E-01  2.81419E-01  3.75347E-01
 
  7.15396E-03  5.81761E-01  7.38127E-01  8.77791E-01  9.96544E-01
 -2.83126E-01  1.56452E-02  3.26999E-01  5.53334E-01  9.57242E-01
 -3.20841E-01 -2.76939E-02  2.64532E-01  5.51357E-01  8.93169E-01
 -2.78165E-01  1.53436E-02  2.77873E-01  5.58164E-01  9.09212E-01
 -2.10798E-01  1.20302E-01  4.08905E-01  6.85038E-01  9.35502E-01
  8.70220E-01  9.62618E-01  9.88753E-01  9.96947E-01  9.99549E-01
  7.12690E-01  8.61458E-01  9.41324E-01  9.85692E-01  9.98083E-01
  6.91387E-01  8.01873E-01  9.02913E-01  9.68167E-01  9.96103E-01
  7.15631E-01  8.28136E-01  9.11911E-01  9.70248E-01  9.96394E-01
  8.02322E-01  8.98218E-01  9.53085E-01  9.80365E-01  9.98124E-01
  9.28613E-01  9.75274E-01  9.90491E-01  9.97476E-01  9.99770E-01
  8.82477E-01  9.45225E-01  9.79722E-01  9.92666E-01  9.99267E-01
  8.47261E-01  9.26820E-01  9.66801E-01  9.88024E-01  9.98582E-01
  8.65374E-01  9.29599E-01  9.65478E-01  9.88364E-01  9.98480E-01
  8.89426E-01  9.45040E-01  9.75782E-01  9.90965E-01  9.98990E-01
  9.64098E-01  9.83214E-01  9.93265E-01  9.97886E-01  9.99700E-01
  9.37306E-01  9.73102E-01  9.88451E-01  9.96184E-01  9.99607E-01
  9.20132E-01  9.65124E-01  9.84080E-01  9.94409E-01  9.99347E-01
  9.19710E-01  9.61082E-01  9.81933E-01  9.93075E-01  9.99370E-01
  9.29751E-01  9.68052E-01  9.85125E-01  9.94426E-01  9.99350E-01
  9.86989E-01  9.94498E-01  9.97373E-01  9.99026E-01  9.99893E-01
  9.75449E-01  9.89534E-01  9.95521E-01  9.98665E-01  9.99875E-01
  9.69796E-01  9.85763E-01  9.92755E-01  9.97781E-01  9.99793E-01
  9.70662E-01  9.86695E-01  9.93451E-01  9.97456E-01  9.99717E-01
  9.66237E-01  9.86403E-01  9.94183E-01  9.98210E-01  9.99812E-01

  4.35600E-01 
 
  4.41324E+00  5.83839E+00  6.58252E+00  7.05736E+00  7.38333E+00
 
  5.60824E-01  7.19120E-01  8.18619E-01  9.03114E-01  9.66303E-01
  5.20517E-01  6.90544E-01  8.03907E-01  8.92704E-01  9.64868E-01
  4.91626E-01  6.74211E-01  7.85372E-01  8.78396E-01  9.63340E-01
  5.26356E-01  6.92808E-01  8.11458E-01  8.98112E-01  9.68588E-01
  3.66825E-01  5.01046E-01  5.88438E-01  6.78290E-01  8.10273E-01
 
 -8.99801E-01 -4.02187E-01  1.52407E-01  7.02316E-01  9.64475E-01
 -9.28603E-01 -4.62078E-01  8.55255E-02  6.15462E-01  9.50278E-01
 -9.49188E-01 -5.28707E-01  4.30276E-02  6.40816E-01  9.74290E-01
 -9.61254E-01 -5.74950E-01  1.43472E-01  6.09241E-01  9.55739E-01
 -9.43862E-01 -6.46177E-01 -4.86538E-02  5.59487E-01  9.56868E-01
 -9.51692E-01 -6.41185E-01  2.16758E-02  6.31541E-01  9.36326E-01
 -9.13554E-01 -5.74334E-01  3.96983E-03  5.21792E-01  9.33877E-01
 -9.32408E-01 -5.67297E-01  2.00065E-02  6.56623E-01  9.64471E-01
 -9.24063E-01 -5.56572E-01 -1.13366E-01  5.47187E-01  9.48092E-01
 -9.36520E-01 -6.03602E-01  5.79200E-02  6.75848E-01  9.71076E-01
 -9.40058E-01 -6.03208E-01 -2.14400E-02  5.40266E-01  9.47623E-01
 -9.28008E-01 -6.04294E-01 -1.11496E-01  4.85948E-01  9.39096E-01
 -9.51557E-01 -6.17925E-01 -1.15785E-01  5.23164E-01  9.38705E-01
 -9.35500E-01 -5.00180E-01  2.27511E-02  5.32441E-01  9.44836E-01
 -9.12445E-01 -5.36410E-01 -5.04619E-02  5.82234E-01  9.60308E-01
 -9.35583E-01 -5.04421E-01 -1.63178E-02  5.80302E-01  9.56115E-01
 -9.32823E-01 -4.92694E-01  6.68756E-02  5.86414E-01  9.54284E-01
 -9.68598E-01 -6.65548E-01 -1.48340E-01  4.83050E-01  9.11449E-01
 -9.58923E-01 -5.72110E-01 -6.73141E-02  6.02776E-01  9.47454E-01
 -9.06516E-01 -4.46728E-01  2.16933E-01  7.09531E-01  9.73325E-01
 -9.54048E-01 -5.09725E-01  1.25368E-02  6.51647E-01  9.49782E-01
 -9.51558E-01 -5.25434E-01  1.03977E-01  5.67197E-01  9.17752E-01
 -9.45608E-01 -5.38399E-01  1.75150E-01  6.41145E-01  9.41308E-01
 -9.31213E-01 -6.65349E-01 -1.40094E-01  5.09527E-01  9.55052E-01
 -9.14810E-01 -5.76995E-01  4.86256E-02  6.09778E-01  9.48576E-01

  4.51100E-01 
 
  4.50091E+00  5.91213E+00  6.63695E+00  7.10454E+00  7.42512E+00
 
  5.41032E-01  7.13894E-01  8.12616E-01  8.95400E-01  9.67513E-01
  5.10065E-01  6.85416E-01  8.01698E-01  8.91456E-01  9.68109E-01
  4.93836E-01  6.59621E-01  7.88857E-01  8.87174E-01  9.65368E-01
  5.13568E-01  6.75548E-01  7.90867E-01  8.83569E-01  9.61082E-01
  3.26116E-01  4.71157E-01  5.97654E-01  7.03671E-01  8.32710E-01
 
 -9.34748E-01 -5.84885E-01  1.19838E-03  6.66041E-01  9.73111E-01
 -9.27281E-01 -5.11217E-01 -4.72247E-02  6.09073E-01  9.34522E-01
 -9.22800E-01 -5.46573E-01  1.15877E-01  6.63787E-01  9.63247E-01
 -9.25229E-01 -5.16996E-01  1.22044E-02  5.13467E-01  9.23233E-01
 -9.36936E-01 -4.56473E-01  1.82412E-01  6.75362E-01  9.68092E-01
 -9.52402E-01 -6.03660E-01 -6.94703E-02  5.07353E-01  9.30064E-01
 -9.39834E-01 -4.85491E-01  4.42455E-02  6.34088E-01  9.54872E-01
 -8.91842E-01 -4.80752E-01  1.36054E-01  6.87157E-01  9.75367E-01
 -9.51642E-01 -5.90637E-01  3.08774E-02  5.99427E-01  9.19852E-01
 -9.59575E-01 -6.12003E-01 -1.80791E-01  4.20559E-01  9.08635E-01
 -9.50942E-01 -6.44896E-01 -5.52403E-02  5.55252E-01  9.29014E-01
 -9.54684E-01 -6.42839E-01 -1.06263E-01  5.27995E-01  9.30860E-01
 -9.40649E-01 -5.57218E-01 -3.81548E-03  5.51546E-01  9.20043E-01
 -9.43073E-01 -5.64078E-01 -1.30049E-01  5.20584E-01  9.13179E-01
 -9.20302E-01 -4.78602E-01  9.97349E-02  6.22281E-01  9.71609E-01
 -9.60601E-01 -6.95939E-01 -1.30568E-01  5.34618E-01  9.64491E-01
 -9.37522E-01 -6.99356E-01 -7.95397E-02  4.94046E-01  9.34373E-01
 -9.44858E-01 -6.18876E-01 -2.29623E-01  4.77262E-01  9.53618E-01
 -9.64659E-01 -6.72294E-01 -2.33797E-01  5.17954E-01  9.33036E-01
 -9.37627E-01 -5.50131E-01  7.76473E-02  5.70347E-01  9.55661E-01
 -5.68566E-01 -2.16962E-01  5.78472E-02  3.94860E-01  8.61983E-01
 -5.31606E-01 -8.40598E-02  2.37813E-01  6.14660E-01  9.55705E-01
 -3.68572E-01  1.39716E-01  4.93176E-01  7.76307E-01  9.68489E-01
 -2.18283E-01  3.52480E-01  6.36519E-01  8.76958E-01  9.82171E-01
 -1.70748E-02  4.42708E-01  7.29648E-01  9.18261E-01  9.91894E-01

  5.30500E-01 
 
  4.79178E+00  6.26790E+00  6.92298E+00  7.31020E+00  7.64586E+00
 
  5.44962E-01  7.18431E-01  8.22804E-01  9.01943E-01  9.69394E-01
  4.88445E-01  6.77312E-01  7.86558E-01  8.79670E-01  9.59918E-01
  4.80997E-01  6.54758E-01  7.76771E-01  8.65507E-01  9.58999E-01
  4.26554E-01  6.11102E-01  7.39788E-01  8.56262E-01  9.54275E-01
  2.87246E-01  4.16589E-01  5.17200E-01  6.14606E-01  7.46573E-01
 
 -9.22128E-01 -5.76255E-01  6.57976E-04  4.81651E-01  9.38362E-01
 -9.22731E-01 -6.09968E-01 -7.37447E-02  5.52750E-01  9.61818E-01
 -9.39332E-01 -5.35345E-01 -6.41961E-02  5.46244E-01  9.31186E-01
 -9.38276E-01 -5.93503E-01 -6.46729E-02  4.94788E-01  9.39927E-01
 -9.50783E-01 -6.29338E-01 -6.23585E-02  6.15573E-01  9.58980E-01
 -9.54629E-01 -5.98377E-01 -1.36343E-02  6.09035E-01  9.50356E-01
 -9.64546E-01 -5.91227E-01  6.62950E-02  5.50366E-01  9.36531E-01
 -9.45586E-01 -5.28476E-01 -6.60113E-02  5.23703E-01  9.40037E-01
 -9.09935E-01 -5.72026E-01  2.91398E-02  6.59071E-01  9.51389E-01
 -9.40639E-01 -5.68004E-01 -5.05778E-02  5.76364E-01  9.58267E-01
 -9.50141E-01 -6.52068E-01 -7.36645E-02  5.14266E-01  9.48643E-01
 -9.48811E-01 -6.66259E-01 -7.18725E-02  5.44430E-01  9.57669E-01
 -9.49247E-01 -6.91991E-01 -1.01396E-01  4.67342E-01  9.41915E-01
 -9.21432E-01 -5.62738E-01  9.11012E-02  6.05676E-01  9.61926E-01
 -8.94702E-01 -5.43304E-01  3.89032E-02  5.39101E-01  9.60717E-01
 -7.67745E-01 -5.20145E-01 -1.06027E-01  5.31874E-01  9.56772E-01
 -7.34304E-01 -3.12661E-01  8.72560E-02  5.55877E-01  9.50466E-01
 -6.40728E-01 -2.85011E-01  1.58765E-01  6.10913E-01  9.65155E-01
 -5.85507E-01 -2.18913E-01  2.23755E-01  6.73854E-01  9.50770E-01
 -7.53313E-01 -2.60486E-01  2.00272E-01  6.33761E-01  9.53011E-01
  3.35545E-01  5.52721E-01  6.94900E-01  7.90152E-01  9.63459E-01
  3.86787E-01  6.22353E-01  7.99771E-01  8.94181E-01  9.92222E-01
  4.32272E-01  6.79940E-01  8.37343E-01  9.56050E-01  9.95014E-01
  5.20613E-01  7.48110E-01  8.79348E-01  9.57690E-01  9.97699E-01
  5.23893E-01  8.01732E-01  9.15799E-01  9.67494E-01  9.97832E-01

  6.98700E-01 
 
  5.56163E+00  6.96242E+00  7.43064E+00  7.70547E+00  7.85338E+00
 
  5.16489E-01  6.95214E-01  8.02076E-01  8.89725E-01  9.65357E-01
  4.28756E-01  6.12664E-01  7.33085E-01  8.38695E-01  9.50436E-01
  3.93218E-01  5.85703E-01  7.19839E-01  8.37008E-01  9.44938E-01
  2.97156E-01  4.56734E-01  5.70064E-01  6.76041E-01  7.89191E-01
  1.88923E-01  2.88721E-01  3.66892E-01  4.43889E-01  5.47155E-01
 
 -9.50028E-01 -5.29360E-01 -7.88233E-03  6.19586E-01  9.34475E-01
 -9.50635E-01 -6.61098E-01  6.09304E-02  6.03981E-01  9.59582E-01
 -9.38552E-01 -5.18094E-01  5.93840E-02  5.79025E-01  9.43431E-01
 -9.44916E-01 -6.39678E-01  7.53554E-02  6.33978E-01  9.49377E-01
 -9.47421E-01 -5.28152E-01  4.95925E-02  6.18403E-01  9.51781E-01
 -9.78111E-01 -7.87048E-01 -3.71723E-01  1.66818E-01  8.54258E-01
 -9.62891E-01 -7.16107E-01 -2.73996E-01  3.50615E-01  9.39719E-01
 -9.67445E-01 -7.56800E-01 -2.03479E-01  4.19866E-01  9.40531E-01
 -9.61938E-01 -7.13831E-01 -1.42682E-01  4.73402E-01  9.25279E-01
 -9.65235E-01 -6.57009E-01 -1.44386E-01  5.40594E-01  9.35406E-01
 -4.63550E-01 -2.18455E-01  3.36212E-02  4.23118E-01  9.12270E-01
 -4.39061E-01 -1.21039E-01  1.81690E-01  6.17447E-01  9.61876E-01
 -4.59362E-01 -1.31896E-01  2.49348E-01  6.92502E-01  9.60052E-01
 -4.49136E-01 -6.29506E-02  3.05297E-01  6.91362E-01  9.74549E-01
 -6.10006E-01 -1.79583E-01  1.91595E-01  6.06393E-01  9.16715E-01
  4.00154E-01  5.55042E-01  7.19870E-01  8.83749E-01  9.87271E-01
  3.74303E-01  5.48515E-01  7.07099E-01  8.84228E-01  9.77032E-01
  4.38696E-01  6.34078E-01  7.56022E-01  8.88367E-01  9.87491E-01
  4.96773E-01  7.04692E-01  8.36476E-01  9.25013E-01  9.92202E-01
  5.80796E-01  8.09208E-01  9.12947E-01  9.70672E-01  9.96732E-01
  8.53414E-01  9.21792E-01  9.60432E-01  9.84295E-01  9.98531E-01
  8.19969E-01  9.11748E-01  9.55388E-01  9.81726E-01  9.97884E-01
  7.99458E-01  9.08147E-01  9.53575E-01  9.84005E-01  9.98572E-01
  8.27930E-01  9.19617E-01  9.65659E-01  9.89976E-01  9.98824E-01
  8.58789E-01  9.41527E-01  9.72913E-01  9.88384E-01  9.99049E-01

  9.77650E-01 
 
  7.63355E+00  7.83604E+00  7.88838E+00  7.92670E+00  7.97214E+00
 
  2.21101E-01  4.27580E-01  5.92260E-01  7.62288E-01  8.92772E-01
  1.04891E-01  2.18834E-01  3.32795E-01  4.55295E-01  6.22532E-01
  1.13287E-01  1.99446E-01  2.83186E-01  3.74904E-01  4.99249E-01
  1.05683E-01  1.80471E-01  2.44263E-01  3.17183E-01  4.23338E-01
  9.74343E-02  1.51976E-01  2.01399E-01  2.54725E-01  3.31362E-01
 
 -1.88679E-02  3.23074E-01  5.59468E-01  7.73217E-01  9.75914E-01
 -2.24561E-01  1.57977E-01  4.29942E-01  6.35211E-01  9.20474E-01
 -2.48796E-01  1.04768E-01  3.88998E-01  6.22464E-01  9.18952E-01
 -2.21649E-01  9.64955E-02  4.31004E-01  6.85979E-01  9.52493E-01
 -1.33832E-01  1.68779E-01  5.57941E-01  8.26085E-01  9.80384E-01
  9.28317E-01  9.81043E-01  9.93257E-01  9.98044E-01  9.99789E-01
  8.32243E-01  9.32874E-01  9.73622E-01  9.93037E-01  9.99414E-01
  7.81080E-01  8.88155E-01  9.38284E-01  9.80343E-01  9.97884E-01
  7.82975E-01  8.74822E-01  9.35816E-01  9.77653E-01  9.97170E-01
  8.51000E-01  9.12835E-01  9.56835E-01  9.86185E-01  9.98576E-01
  9.58984E-01  9.86936E-01  9.93898E-01  9.98293E-01  9.99772E-01
  9.24726E-01  9.66356E-01  9.86209E-01  9.96138E-01  9.99520E-01
  9.02999E-01  9.60772E-01  9.83090E-01  9.94802E-01  9.99302E-01
  8.88311E-01  9.48565E-01  9.77788E-01  9.92605E-01  9.99250E-01
  9.15992E-01  9.58396E-01  9.80684E-01  9.93045E-01  9.99374E-01
  9.77365E-01  9.90092E-01  9.95438E-01  9.98255E-01  9.99860E-01
  9.52347E-01  9.80836E-01  9.91910E-01  9.97360E-01  9.99774E-01
  9.36864E-01  9.74340E-01  9.89020E-01  9.96599E-01  9.99562E-01
  9.35264E-01  9.72246E-01  9.87450E-01  9.95893E-01  9.99716E-01
  9.47961E-01  9.72089E-01  9.87883E-01  9.96030E-01  9.99640E-01
  9.89161E-01  9.95629E-01  9.98179E-01  9.99493E-01  9.99933E-01
  9.80044E-01  9.91493E-01  9.96732E-01  9.99152E-01  9.99917E-01
  9.73289E-01  9.89099E-01  9.94988E-01  9.98636E-01  9.99871E-01
  9.72843E-01  9.88288E-01  9.94647E-01  9.98491E-01  9.99850E-01
  9.73124E-01  9.87909E-01  9.94942E-01  9.98296E-01  9.99796E-01

  3.90250E-01 
 
  5.69466E+00  7.90747E+00  9.06348E+00  9.81894E+00  1.03694E+01
 
  5.27031E-01  7.09327E-01  8.20575E-01  8.96738E-01  9.61751E-01
  4.81901E-01  6.66562E-01  7.85256E-01  8.83205E-01  9.65100E-01
  4.68416E-01  6.44828E-01  7.58831E-01  8.70213E-01  9.60204E-01
  4.68535E-01  6.48356E-01  7.77397E-01  8.76432E-01  9.62021E-01
  3.67582E-01  5.33165E-01  6.51885E-01  7.42729E-01  8.46781E-01
 
 -9.18968E-01 -5.48008E-01  4.18183E-02  5.31270E-01  9.20069E-01
 -9.48519E-01 -5.64304E-01 -2.56864E-02  5.45143E-01  9.42936E-01
 -9.41941E-01 -6.34295E-01  7.95851E-03  5.60252E-01  9.41162E-01
 -9.26536E-01 -5.27182E-01 -4.14586E-02  6.88962E-01  9.57518E-01
 -9.52375E-01 -5.56107E-01 -2.49323E-02  5.88697E-01  9.40621E-01
 -9.29713E-01 -4.52076E-01  1.77263E-01  6.65216E-01  9.54333E-01
 -9.39613E-01 -5.10317E-01  7.84036E-02  5.13472E-01  9.58306E-01
 -9.52054E-01 -5.87205E-01  8.51330E-02  6.04069E-01  9.51917E-01
 -9.50098E-01 -6.41646E-01 -8.18754E-02  6.44470E-01  9.67142E-01
 -9.54034E-01 -4.70356E-01  1.10081E-01  6.35922E-01  9.46858E-01
 -9.10281E-01 -5.78647E-01  9.24168E-02  6.56964E-01  9.74724E-01
 -9.53539E-01 -6.68476E-01 -1.28822E-01  5.61247E-01  9.63749E-01
 -9.45499E-01 -6.61862E-01 -6.98403E-02  5.57753E-01  9.61739E-01
 -8.93431E-01 -4.10461E-01  1.32151E-01  6.21034E-01  9.32635E-01
 -9.29753E-01 -5.43923E-01 -6.32285E-02  6.08934E-01  9.40440E-01
 -9.03348E-01 -4.00789E-01  1.37177E-01  6.13035E-01  9.49576E-01
 -9.17962E-01 -5.56295E-01  1.55679E-01  6.25224E-01  9.46565E-01
 -9.07542E-01 -5.36637E-01  1.52831E-01  6.76300E-01  9.53692E-01
 -9.07348E-01 -5.02885E-01  5.00066E-02  6.34526E-01  9.50924E-01
 -9.23869E-01 -5.27535E-01  4.20277E-02  6.12072E-01  9.37213E-01
 -9.39753E-01 -5.25781E-01 -9.23057E-02  5.07222E-01  9.18105E-01
 -9.33311E-01 -5.21434E-01  2.04913E-02  6.43363E-01  9.70782E-01
 -9.06778E-01 -5.41659E-01  5.86429E-04  5.55234E-01  8.93673E-01
 -9.18076E-01 -5.23994E-01  1.08453E-01  6.53277E-01  9.54386E-01
 -9.68286E-01 -5.84821E-01 -5.83116E-02  4.52378E-01  9.06463E-01

  4.02550E-01 
 
  6.12264E+00  8.06203E+00  9.15953E+00  9.90889E+00  1.04585E+01
 
  5.30998E-01  6.98465E-01  8.08082E-01  8.95947E-01  9.64787E-01
  4.88722E-01  6.61295E-01  7.86900E-01  8.84178E-01  9.60249E-01
  4.64997E-01  6.54576E-01  7.79672E-01  8.84373E-01  9.63274E-01
  4.62485E-01  6.38804E-01  7.66274E-01  8.70606E-01  9.58013E-01
  3.32885E-01  4.82415E-01  6.03296E-01  7.24631E-01  8.60318E-01
 
 -9.36355E-01 -5.35959E-01  1.03754E-01  6.15107E-01  9.47424E-01
 -9.53197E-01 -6.16477E-01 -6.31809E-02  6.08377E-01  9.46897E-01
 -8.94330E-01 -4.62043E-01  5.17742E-02  5.27270E-01  9.43100E-01
 -9.48114E-01 -5.46364E-01 -2.68083E-03  6.30557E-01  9.73085E-01
 -9.57700E-01 -5.72711E-01  2.91761E-02  6.61991E-01  9.68111E-01
 -9.52090E-01 -5.74211E-01 -1.28117E-01  5.69166E-01  9.35863E-01
 -9.27740E-01 -6.40137E-01 -6.84686E-02  5.16108E-01  9.05984E-01
 -9.34777E-01 -5.56756E-01  2.83251E-02  6.07838E-01  9.50428E-01
 -9.36812E-01 -5.48881E-01  2.23029E-02  5.75888E-01  9.76932E-01
 -9.43389E-01 -6.81832E-01 -1.84454E-01  5.49322E-01  9.61977E-01
 -8.92367E-01 -4.72992E-01  1.75567E-01  6.46174E-01  9.64634E-01
 -9.45596E-01 -5.39312E-01 -5.25306E-02  4.73641E-01  9.34419E-01
 -9.19686E-01 -4.80488E-01  5.73191E-02  6.41726E-01  9.63806E-01
 -9.37036E-01 -4.93403E-01  5.26509E-02  5.91447E-01  9.63720E-01
 -9.12943E-01 -5.66843E-01  7.27975E-02  5.76248E-01  9.33659E-01
 -9.44469E-01 -5.94286E-01  1.76509E-02  4.86062E-01  9.38882E-01
 -9.12787E-01 -5.64619E-01 -6.34358E-02  5.01978E-01  9.45087E-01
 -9.32424E-01 -6.11550E-01  9.02329E-02  6.86148E-01  9.67199E-01
 -9.32246E-01 -6.58099E-01 -1.19883E-01  4.14086E-01  8.83913E-01
 -9.11725E-01 -5.43292E-01  5.19799E-03  5.19030E-01  9.60429E-01
 -7.86246E-01 -3.09099E-01  2.73519E-01  7.29355E-01  9.73917E-01
 -5.91938E-01 -7.25858E-02  3.14362E-01  7.25919E-01  9.34371E-01
 -6.27277E-01 -7.33745E-02  4.01029E-01  7.27137E-01  9.80104E-01
 -3.55277E-01  1.86266E-01  5.23753E-01  8.02462E-01  9.86741E-01
 -3.65055E-01  2.16977E-01  5.50495E-01  8.23127E-01  9.73964E-01

  4.92100E-01 
 
  6.18581E+00  8.51340E+00  9.55311E+00  1.02061E+01  1.07222E+01
 
  5.18108E-01  6.85422E-01  7.98087E-01  8.87797E-01  9.63036E-01
  4.88900E-01  6.63206E-01  7.74987E-01  8.86002E-01  9.62559E-01
  4.62897E-01  6.42864E-01  7.62875E-01  8.73027E-01  9.60403E-01
  4.21709E-01  6.02494E-01  7.38065E-01  8.50779E-01  9.52385E-01
  2.90162E-01  4.33627E-01  5.47954E-01  6.58717E-01  7.92776E-01
 
 -9.32439E-01 -5.69000E-01 -1.15373E-02  5.27477E-01  9.30592E-01
 -9.28634E-01 -6.37582E-01 -6.89410E-02  5.69545E-01  9.63975E-01
 -9.34748E-01 -5.72722E-01 -1.44639E-02  5.71110E-01  9.27737E-01
 -9.47318E-01 -5.90397E-01 -4.58937E-02  4.90572E-01  9.43209E-01
 -9.31775E-01 -5.55559E-01  1.25229E-01  6.11295E-01  9.31530E-01
 -9.16319E-01 -5.25369E-01 -4.70206E-02  5.60330E-01  9.47318E-01
 -9.44308E-01 -4.83052E-01  7.10847E-02  6.47237E-01  9.49550E-01
 -9.14835E-01 -5.46068E-01  3.27681E-02  5.96659E-01  9.11164E-01
 -9.46971E-01 -5.91989E-01  3.95731E-02  5.96042E-01  9.68536E-01
 -9.57502E-01 -6.10238E-01 -2.21602E-02  5.81437E-01  9.45265E-01
 -9.57734E-01 -6.18114E-01 -9.93861E-02  6.17656E-01  9.42290E-01
 -9.61446E-01 -5.61142E-01  4.49009E-02  6.80991E-01  9.59843E-01
 -9.40859E-01 -6.22082E-01  3.00021E-02  6.08812E-01  9.38623E-01
 -9.50793E-01 -5.85924E-01  6.79378E-04  5.93300E-01  9.79307E-01
 -9.35102E-01 -5.53498E-01  4.79307E-02  5.20857E-01  9.24744E-01
 -9.33528E-01 -6.54831E-01 -7.74759E-02  5.29778E-01  9.35817E-01
 -8.61044E-01 -4.58632E-01  1.28112E-01  6.16241E-01  9.52053E-01
 -8.90741E-01 -4.79169E-01 -3.03333E-02  5.14353E-01  9.26319E-01
 -8.51266E-01 -5.20682E-01  6.95840E-02  6.08285E-01  9.20085E-01
 -9.27165E-01 -5.61436E-01  1.37031E-01  5.79556E-01  9.64479E-01
  6.03060E-02  3.80296E-01  6.51643E-01  8.63342E-01  9.75200E-01
  1.30236E-01  5.24449E-01  7.26086E-01  8.77347E-01  9.90633E-01
  2.21386E-01  5.41754E-01  7.58324E-01  9.20323E-01  9.92968E-01
  2.80327E-01  6.73110E-01  8.74806E-01  9.40715E-01  9.94244E-01
  3.52176E-01  6.92437E-01  8.45752E-01  9.52039E-01  9.91788E-01

  6.28200E-01 
 
  7.33723E+00  9.40428E+00  1.02407E+01  1.07406E+01  1.10948E+01
 
  4.96899E-01  6.68881E-01  7.90414E-01  8.86310E-01  9.64474E-01
  4.55493E-01  6.33365E-01  7.56129E-01  8.58148E-01  9.55140E-01
  4.01947E-01  5.83314E-01  7.14432E-01  8.33968E-01  9.49269E-01
  3.37532E-01  5.03436E-01  6.40055E-01  7.64439E-01  8.91473E-01
  2.11397E-01  3.16207E-01  3.94030E-01  4.76091E-01  5.94363E-01
 
 -9.32322E-01 -5.63767E-01 -2.65768E-02  5.23874E-01  9.52736E-01
 -9.33977E-01 -5.19077E-01  1.29827E-03  5.80923E-01  9.51546E-01
 -9.31630E-01 -5.60367E-01  4.53590E-02  6.26008E-01  9.72771E-01
 -9.32811E-01 -5.42591E-01  5.45457E-02  6.47900E-01  9.45684E-01
 -9.34064E-01 -5.70304E-01 -2.96114E-02  5.95889E-01  9.48196E-01
 -9.59393E-01 -7.12753E-01 -1.53650E-01  5.23214E-01  9.56621E-01
 -9.67873E-01 -6.64846E-01 -1.42840E-01  4.49164E-01  9.21351E-01
 -9.56040E-01 -5.85560E-01  5.19997E-02  6.14743E-01  9.56129E-01
 -9.68118E-01 -6.55284E-01 -5.25561E-02  5.04151E-01  9.43470E-01
 -9.52445E-01 -6.33640E-01 -8.41914E-02  5.29954E-01  9.16183E-01
 -8.54568E-01 -5.77924E-01 -2.02428E-02  5.52734E-01  9.12053E-01
 -8.45112E-01 -4.45996E-01  2.62239E-03  6.92097E-01  9.65542E-01
 -8.46051E-01 -4.49194E-01  7.45865E-02  5.89771E-01  9.31950E-01
 -8.74008E-01 -4.01029E-01  1.23710E-01  6.97177E-01  9.75652E-01
 -9.15276E-01 -5.10337E-01  1.71977E-01  6.69875E-01  9.48732E-01
  5.39238E-03  2.58125E-01  5.57060E-01  8.59341E-01  9.80897E-01
  5.22346E-02  3.84276E-01  6.90440E-01  8.92044E-01  9.89486E-01
  5.84170E-02  4.25179E-01  6.61003E-01  8.48673E-01  9.78321E-01
  1.56276E-01  5.09657E-01  7.01535E-01  8.72842E-01  9.84051E-01
  1.88037E-01  5.52896E-01  7.53429E-01  8.99076E-01  9.82579E-01
  7.19712E-01  8.44725E-01  9.11086E-01  9.64885E-01  9.95829E-01
  7.30269E-01  8.39065E-01  8.96608E-01  9.64276E-01  9.96097E-01
  7.50291E-01  8.65036E-01  9.27118E-01  9.65411E-01  9.94944E-01
  7.87888E-01  8.93670E-01  9.44013E-01  9.82765E-01  9.98554E-01
  8.18531E-01  9.23398E-01  9.66052E-01  9.90147E-01  9.98612E-01

  9.50850E-01 
 
  1.06723E+01  1.11213E+01  1.11911E+01  1.12359E+01  1.12864E+01
 
  2.69482E-01  4.52454E-01  6.15733E-01  7.80430E-01  9.18821E-01
  9.76516E-02  1.97423E-01  2.92411E-01  4.25663E-01  6.08041E-01
  1.01365E-01  1.71103E-01  2.30549E-01  3.17448E-01  4.53820E-01
  1.04562E-01  1.63981E-01  2.19108E-01  2.88261E-01  3.97323E-01
  9.86227E-02  1.47337E-01  1.92455E-01  2.38372E-01  3.13284E-01
 
 -2.69860E-01  4.17107E-02  2.89053E-01  5.69877E-01  8.67317E-01
 -2.93196E-01 -2.08884E-02  2.74766E-01  6.19089E-01  9.39816E-01
 -3.87942E-01 -7.89259E-02  2.17331E-01  5.81542E-01  9.49621E-01
 -3.18006E-01 -2.04450E-02  3.25189E-01  6.87017E-01  9.53330E-01
 -3.14049E-01 -2.28544E-02  3.22884E-01  6.82159E-01  9.63835E-01
  9.34685E-01  9.79045E-01  9.92328E-01  9.97750E-01  9.99794E-01
  8.01094E-01  9.06629E-01  9.67033E-01  9.91831E-01  9.99157E-01
  7.70984E-01  8.67627E-01  9.36554E-01  9.79998E-01  9.97875E-01
  7.56899E-01  8.45802E-01  9.15198E-01  9.71649E-01  9.95250E-01
  8.43662E-01  9.14879E-01  9.55923E-01  9.84329E-01  9.98069E-01
  9.71248E-01  9.89591E-01  9.96501E-01  9.98885E-01  9.99898E-01
  9.34532E-01  9.79464E-01  9.90915E-01  9.97317E-01  9.99596E-01
  9.08376E-01  9.61184E-01  9.86044E-01  9.95170E-01  9.99337E-01
  8.91241E-01  9.59391E-01  9.81354E-01  9.93868E-01  9.99233E-01
  9.11788E-01  9.56112E-01  9.81097E-01  9.93364E-01  9.99095E-01
  9.78664E-01  9.91333E-01  9.96520E-01  9.99117E-01  9.99870E-01
  9.66628E-01  9.87000E-01  9.94844E-01  9.98208E-01  9.99857E-01
  9.45711E-01  9.80461E-01  9.92345E-01  9.97483E-01  9.99762E-01
  9.42834E-01  9.75473E-01  9.90085E-01  9.96961E-01  9.99806E-01
  9.40264E-01  9.73839E-01  9.87975E-01  9.96182E-01  9.99343E-01
  9.88982E-01  9.95354E-01  9.98226E-01  9.99473E-01  9.99948E-01
  9.80567E-01  9.91724E-01  9.95893E-01  9.98691E-01  9.99826E-01
  9.76478E-01  9.89772E-01  9.95455E-01  9.98403E-01  9.99844E-01
  9.68529E-01  9.87361E-01  9.94976E-01  9.98130E-01  9.99784E-01
  9.69086E-01  9.87108E-01  9.94064E-01  9.98307E-01  9.99756E-01

  3.45450E-01 
 
  9.23573E+00  1.21353E+01  1.39176E+01  1.52127E+01  1.62559E+01
 
  4.84804E-01  6.69732E-01  7.86642E-01  8.85172E-01  9.64452E-01
  4.25335E-01  6.28588E-01  7.69238E-01  8.64673E-01  9.60196E-01
  4.23973E-01  6.22743E-01  7.48936E-01  8.54668E-01  9.56227E-01
  4.22051E-01  6.39781E-01  7.71535E-01  8.68744E-01  9.60825E-01
  3.42536E-01  5.15563E-01  6.53445E-01  7.63339E-01  8.94413E-01
 
 -9.48966E-01 -6.51633E-01 -1.21689E-02  6.51390E-01  9.76746E-01
 -9.50677E-01 -5.95228E-01 -1.17453E-01  4.12262E-01  9.23158E-01
 -9.26262E-01 -6.66249E-01 -5.98403E-02  6.35323E-01  9.40028E-01
 -9.39859E-01 -4.82206E-01  3.36259E-02  5.60920E-01  9.50647E-01
 -9.38830E-01 -5.94946E-01 -8.79936E-02  6.02964E-01  9.71136E-01
 -8.97049E-01 -5.06676E-01  1.38173E-01  6.47607E-01  9.53344E-01
 -8.91923E-01 -4.87017E-01  1.43647E-01  6.17951E-01  9.57795E-01
 -9.19144E-01 -5.79907E-01  9.79251E-02  6.32390E-01  9.49838E-01
 -9.37101E-01 -5.31581E-01  5.38178E-02  6.13909E-01  9.72153E-01
 -9.34001E-01 -6.72765E-01 -2.33822E-01  3.72168E-01  9.27662E-01
 -9.45215E-01 -5.79542E-01  5.12498E-02  5.83486E-01  9.18748E-01
 -9.04677E-01 -5.97059E-01  6.65988E-02  6.26896E-01  9.20845E-01
 -9.08938E-01 -5.65319E-01  5.51529E-02  6.67894E-01  9.38174E-01
 -9.50968E-01 -5.41718E-01  8.03214E-02  5.79529E-01  9.35508E-01
 -9.29445E-01 -5.13059E-01 -6.10834E-02  5.74414E-01  9.71436E-01
 -9.40143E-01 -5.68585E-01 -3.38467E-02  4.46931E-01  9.40175E-01
 -9.27150E-01 -6.49495E-01 -1.94273E-01  4.51894E-01  9.35672E-01
 -9.38055E-01 -5.03688E-01  1.08205E-01  6.95836E-01  9.49988E-01
 -9.42364E-01 -5.62942E-01  1.46099E-02  6.57926E-01  9.69401E-01
 -9.41004E-01 -6.11327E-01 -5.67324E-02  5.82916E-01  9.60668E-01
 -9.00729E-01 -5.42447E-01  2.51655E-02  6.98008E-01  9.50796E-01
 -9.10114E-01 -4.33544E-01  2.69796E-01  6.09318E-01  9.65909E-01
 -9.53833E-01 -5.50382E-01  1.01424E-01  5.83458E-01  9.22239E-01
 -9.55833E-01 -6.08868E-01  1.06388E-01  6.03756E-01  9.45715E-01
 -9.43997E-01 -6.09320E-01 -9.30134E-02  5.69835E-01  8.96008E-01

  3.65650E-01 
 
  9.29701E+00  1.22299E+01  1.40349E+01  1.53344E+01  1.63770E+01
 
  4.96082E-01  6.63761E-01  7.91989E-01  8.87812E-01  9.64290E-01
  4.45021E-01  6.54319E-01  7.84634E-01  8.78167E-01  9.62055E-01
  4.18660E-01  6.18880E-01  7.49142E-01  8.61930E-01  9.55892E-01
  4.33101E-01  6.27582E-01  7.54349E-01  8.53617E-01  9.54618E-01
  3.47998E-01  5.09404E-01  6.30575E-01  7.50216E-01  8.79660E-01
 
 -9.41265E-01 -5.70057E-01  3.86390E-02  6.11944E-01  9.62693E-01
 -8.95155E-01 -5.09022E-01  2.13181E-01  7.20142E-01  9.77694E-01
 -9.73121E-01 -6.27236E-01 -1.84212E-02  5.66527E-01  9.39268E-01
 -9.27393E-01 -6.15485E-01 -2.38722E-02  6.12618E-01  9.30911E-01
 -9.31120E-01 -5.71758E-01  6.55747E-02  5.69001E-01  9.65214E-01
 -9.43476E-01 -5.33674E-01  1.00779E-01  5.67312E-01  9.62088E-01
 -9.35094E-01 -5.97081E-01  2.27199E-02  5.89102E-01  9.63577E-01
 -9.24820E-01 -5.84466E-01  6.45582E-02  6.15524E-01  9.25359E-01
 -9.49047E-01 -5.43640E-01  1.06684E-02  6.03856E-01  9.26255E-01
 -9.61385E-01 -5.72281E-01  1.11718E-02  5.93962E-01  9.21307E-01
 -9.46162E-01 -6.00645E-01 -3.85603E-03  5.72942E-01  9.79032E-01
 -9.24837E-01 -5.69646E-01  1.47521E-01  6.47281E-01  9.61690E-01
 -9.58242E-01 -6.64184E-01  3.63918E-03  5.19118E-01  9.39676E-01
 -9.40341E-01 -6.03984E-01 -1.13563E-01  4.71911E-01  8.97910E-01
 -9.11586E-01 -5.85188E-01  4.03938E-02  5.45411E-01  9.38009E-01
 -9.03693E-01 -5.37904E-01  2.93292E-02  6.39896E-01  9.68130E-01
 -9.01231E-01 -5.11669E-01  3.66792E-02  6.26804E-01  9.58411E-01
 -8.75153E-01 -4.91020E-01  1.82472E-01  5.86526E-01  9.25357E-01
 -9.43478E-01 -6.18823E-01  5.97248E-04  4.85250E-01  9.39517E-01
 -8.89682E-01 -4.86855E-01  5.64725E-02  6.71137E-01  9.64522E-01
 -7.93752E-01 -2.36155E-01  2.82359E-01  7.60167E-01  9.83062E-01
 -6.85984E-01 -6.37842E-02  3.99006E-01  8.05511E-01  9.88724E-01
 -7.06064E-01 -1.36258E-01  4.37874E-01  8.12572E-01  9.82854E-01
 -6.67830E-01 -1.21468E-01  5.00773E-01  7.89752E-01  9.59591E-01
 -5.23746E-01 -2.84973E-02  4.56707E-01  7.92911E-01  9.69745E-01

  4.34100E-01 
 
  9.65566E+00  1.29034E+01  1.46436E+01  1.58003E+01  1.67590E+01
 
  4.73369E-01  6.59687E-01  7.81855E-01  8.78723E-01  9.61533E-01
  4.26874E-01  6.24664E-01  7.62067E-01  8.66245E-01  9.56598E-01
  4.11126E-01  6.10989E-01  7.42118E-01  8.56758E-01  9.55462E-01
  4.09482E-01  5.83230E-01  7.23547E-01  8.40186E-01  9.47954E-01
  3.01694E-01  4.50457E-01  5.83069E-01  7.14489E-01  8.49412E-01
 
 -9.58390E-01 -5.72112E-01  2.08998E-04  6.26556E-01  9.59772E-01
 -9.38689E-01 -5.19539E-01  7.03490E-02  5.75438E-01  9.41543E-01
 -9.25358E-01 -4.55697E-01  1.01968E-01  6.25694E-01  9.59253E-01
 -9.34730E-01 -5.71338E-01  2.75479E-02  5.33944E-01  9.54415E-01
 -9.07590E-01 -4.51528E-01  1.41835E-01  6.38924E-01  9.61404E-01
 -9.21035E-01 -4.65693E-01  1.13119E-01  6.27258E-01  9.36701E-01
 -9.52700E-01 -5.25877E-01 -5.65141E-02  5.04618E-01  9.20901E-01
 -9.51540E-01 -5.45449E-01  3.14401E-02  6.47348E-01  9.60204E-01
 -9.26537E-01 -5.73369E-01  9.39150E-03  5.50245E-01  9.33987E-01
 -9.15583E-01 -4.84866E-01  5.12535E-02  5.92302E-01  9.81498E-01
 -9.14116E-01 -4.39709E-01  1.35221E-01  6.42449E-01  9.51946E-01
 -9.49178E-01 -5.62629E-01  1.43855E-01  6.87456E-01  9.46591E-01
 -9.40235E-01 -6.07289E-01 -1.69483E-01  4.25055E-01  9.35547E-01
 -9.35605E-01 -5.76919E-01 -6.08982E-03  5.12185E-01  9.35731E-01
 -9.46665E-01 -5.23326E-01  1.65167E-01  6.70046E-01  9.75113E-01
 -8.53240E-01 -1.92483E-01  3.82414E-01  7.71071E-01  9.75272E-01
 -8.97786E-01 -4.55367E-01  1.12920E-01  6.27873E-01  9.47905E-01
 -9.10133E-01 -3.74353E-01  1.13463E-01  6.86566E-01  9.37286E-01
 -9.09917E-01 -4.75391E-01  1.40007E-01  6.19015E-01  9.51574E-01
 -9.47645E-01 -6.63099E-01 -4.54296E-02  5.76551E-01  9.67147E-01
 -3.43155E-01  1.36144E-01  5.78240E-01  8.45677E-01  9.72303E-01
 -1.03731E-01  3.13565E-01  7.04324E-01  8.81087E-01  9.91221E-01
 -9.23418E-02  3.75011E-01  7.11033E-01  9.21794E-01  9.94654E-01
 -3.78845E-02  4.29165E-01  6.36666E-01  8.47401E-01  9.84707E-01
 -1.35514E-01  4.00890E-01  6.86672E-01  9.03894E-01  9.91584E-01

  5.54200E-01 
 
  1.05868E+01  1.40003E+01  1.55917E+01  1.65781E+01  1.73633E+01
 
  4.59727E-01  6.54824E-01  7.75057E-01  8.72234E-01  9.62329E-01
  4.11826E-01  6.06328E-01  7.34822E-01  8.45061E-01  9.52752E-01
  3.69415E-01  5.56832E-01  7.01694E-01  8.30972E-01  9.42260E-01
  3.36436E-01  4.96250E-01  6.40454E-01  7.70117E-01  9.18444E-01
  2.32768E-01  3.39464E-01  4.33888E-01  5.43212E-01  6.87144E-01
 
 -9.61577E-01 -5.96750E-01  2.40591E-02  5.26503E-01  9.32888E-01
 -9.51279E-01 -6.42676E-01  1.57398E-02  5.27283E-01  9.22476E-01
 -9.34709E-01 -5.40973E-01  3.74458E-04  6.05684E-01  9.54065E-01
 -9.17150E-01 -5.39450E-01  3.40755E-02  6.05447E-01  9.68022E-01
 -9.16626E-01 -5.27520E-01 -6.54227E-03  6.43150E-01  9.51383E-01
 -9.41606E-01 -6.01622E-01 -7.61190E-03  6.08038E-01  9.44501E-01
 -9.38387E-01 -5.70694E-01  1.25781E-01  6.08855E-01  9.32968E-01
 -9.47506E-01 -6.00430E-01 -3.76059E-02  6.37032E-01  9.67682E-01
 -9.29934E-01 -5.07729E-01  1.01904E-01  6.40165E-01  9.49225E-01
 -9.44441E-01 -6.03075E-01  3.95808E-02  5.98271E-01  9.27460E-01
 -9.30212E-01 -5.33592E-01  6.29297E-02  6.30026E-01  9.54725E-01
 -9.71269E-01 -5.22019E-01  5.54915E-02  5.96832E-01  9.64856E-01
 -9.32327E-01 -5.28292E-01  1.49947E-01  6.29832E-01  9.45129E-01
 -9.28195E-01 -5.58304E-01  7.45540E-02  6.35464E-01  9.53184E-01
 -9.38631E-01 -5.25352E-01  2.16817E-01  6.71843E-01  9.57142E-01
 -4.23388E-01  6.69225E-02  5.36796E-01  8.04030E-01  9.86413E-01
 -3.75115E-01  2.09028E-01  6.15120E-01  8.60314E-01  9.78807E-01
 -3.54927E-01  1.74800E-01  6.06741E-01  8.66481E-01  9.88066E-01
 -4.16206E-01  3.64328E-02  5.14460E-01  8.42010E-01  9.83950E-01
 -6.66730E-01 -1.36193E-01  3.97680E-01  7.23779E-01  9.74518E-01
  4.88794E-01  7.16969E-01  8.70828E-01  9.48167E-01  9.94276E-01
  5.97974E-01  7.76398E-01  8.99383E-01  9.61161E-01  9.92403E-01
  5.68110E-01  7.90890E-01  9.05873E-01  9.67615E-01  9.96796E-01
  6.29071E-01  8.06354E-01  9.04341E-01  9.65012E-01  9.95357E-01
  6.20163E-01  8.20201E-01  9.21357E-01  9.79069E-01  9.98266E-01

  8.63350E-01 
 
  1.52210E+01  1.73619E+01  1.77062E+01  1.77996E+01  1.78798E+01
 
  3.49714E-01  5.38548E-01  6.79607E-01  8.10957E-01  9.34019E-01
  1.91474E-01  3.11969E-01  4.36544E-01  5.99112E-01  8.12802E-01
  1.03629E-01  1.69116E-01  2.28892E-01  3.21499E-01  5.01605E-01
  9.70551E-02  1.43949E-01  1.89770E-01  2.54001E-01  3.84920E-01
  1.02298E-01  1.45208E-01  1.83176E-01  2.31644E-01  3.10089E-01
 
 -9.26657E-01 -6.04828E-01 -1.05310E-01  4.67507E-01  9.50614E-01
 -8.99864E-01 -4.19132E-01  1.79378E-01  6.51661E-01  9.54534E-01
 -8.77648E-01 -5.04725E-01  1.28880E-01  6.47954E-01  9.69948E-01
 -9.26353E-01 -4.99569E-01  1.98610E-01  7.27181E-01  9.71252E-01
 -9.46686E-01 -6.25263E-01 -3.62748E-02  6.39895E-01  9.56636E-01
  3.59269E-01  6.03788E-01  7.82469E-01  9.20932E-01  9.92866E-01
  3.65054E-01  6.25966E-01  8.29146E-01  9.46985E-01  9.96345E-01
  3.95488E-01  5.98011E-01  7.82868E-01  9.34190E-01  9.94992E-01
  3.46717E-01  5.87746E-01  7.37507E-01  9.06469E-01  9.90117E-01
  2.33609E-01  6.12182E-01  7.82402E-01  9.22708E-01  9.90295E-01
  9.34568E-01  9.79574E-01  9.92430E-01  9.98267E-01  9.99847E-01
  8.67559E-01  9.43986E-01  9.81653E-01  9.94693E-01  9.99335E-01
  8.42260E-01  9.35650E-01  9.74921E-01  9.92000E-01  9.99298E-01
  8.17739E-01  9.06663E-01  9.51810E-01  9.86560E-01  9.98622E-01
  8.74154E-01  9.36857E-01  9.70492E-01  9.89718E-01  9.98431E-01
  9.75934E-01  9.91481E-01  9.96865E-01  9.99078E-01  9.99895E-01
  9.51523E-01  9.82346E-01  9.92764E-01  9.98127E-01  9.99833E-01
  9.39244E-01  9.79227E-01  9.91473E-01  9.97396E-01  9.99594E-01
  9.22589E-01  9.69479E-01  9.87813E-01  9.95782E-01  9.99734E-01
  9.27263E-01  9.64497E-01  9.82339E-01  9.94334E-01  9.99615E-01
  9.86174E-01  9.93884E-01  9.97124E-01  9.98991E-01  9.99880E-01
  9.73389E-01  9.90741E-01  9.96070E-01  9.98652E-01  9.99840E-01
  9.67116E-01  9.87056E-01  9.95557E-01  9.98306E-01  9.99827E-01
  9.62976E-01  9.83640E-01  9.93652E-01  9.97982E-01  9.99771E-01
  9.66605E-01  9.84481E-01  9.92933E-01  9.97501E-01  9.99701E-01

  3.09500E-01 
 
  1.18080E+01  1.63293E+01  1.90310E+01  2.09499E+01  2.27745E+01
 
  4.91707E-01  6.72152E-01  7.97740E-01  8.90249E-01  9.64669E-01
  4.07734E-01  6.13426E-01  7.72546E-01  8.73690E-01  9.55992E-01
  4.18361E-01  6.14758E-01  7.49611E-01  8.62521E-01  9.54733E-01
  3.99538E-01  6.18202E-01  7.50710E-01  8.63333E-01  9.56191E-01
  3.11300E-01  5.02100E-01  6.46548E-01  7.75890E-01  9.04076E-01
 
 -9.27234E-01 -6.00550E-01 -7.46298E-02  6.16517E-01  9.53087E-01
 -9.46980E-01 -6.02834E-01 -3.50884E-02  5.67753E-01  9.35301E-01
 -9.28905E-01 -4.96984E-01  1.22693E-01  5.44855E-01  9.30230E-01
 -9.29102E-01 -4.76712E-01 -5.25450E-02  6.23087E-01  9.56218E-01
 -9.36371E-01 -6.30022E-01  8.66470E-02  5.75457E-01  9.24892E-01
 -9.27357E-01 -5.03506E-01  8.36008E-02  6.06099E-01  9.36496E-01
 -9.15124E-01 -5.27125E-01  1.68277E-02  5.02306E-01  9.05087E-01
 -9.34144E-01 -6.56562E-01 -1.76887E-01  5.01010E-01  9.54995E-01
 -9.18525E-01 -6.64846E-01 -8.87071E-02  4.59336E-01  9.37165E-01
 -9.46783E-01 -6.21584E-01 -2.66225E-02  5.55129E-01  9.15021E-01
 -9.08466E-01 -5.18243E-01 -3.46777E-02  6.08740E-01  9.68277E-01
 -9.51859E-01 -6.12917E-01 -1.02943E-01  4.54313E-01  9.11230E-01
 -8.93679E-01 -4.05702E-01  9.66379E-02  6.19326E-01  9.47515E-01
 -9.22737E-01 -6.01799E-01 -6.16995E-02  5.00402E-01  9.37181E-01
 -9.28544E-01 -4.88142E-01  3.56120E-02  5.71378E-01  9.50377E-01
 -9.34327E-01 -6.12389E-01 -7.03810E-02  4.83697E-01  9.06302E-01
 -9.24192E-01 -5.08712E-01 -1.73421E-02  6.03789E-01  9.61146E-01
 -9.52933E-01 -6.64907E-01 -9.80386E-02  6.00445E-01  9.56049E-01
 -9.41127E-01 -5.20453E-01  5.29901E-02  6.97909E-01  9.42653E-01
 -9.33823E-01 -5.84438E-01 -6.98432E-02  3.82237E-01  9.50459E-01
 -9.25438E-01 -5.11266E-01  6.86361E-02  6.56561E-01  9.51138E-01
 -8.98360E-01 -5.05701E-01  1.56688E-01  6.28108E-01  9.18797E-01
 -9.27787E-01 -5.70087E-01  1.31049E-01  6.83752E-01  9.31034E-01
 -9.38921E-01 -6.13762E-01  1.31873E-01  6.26315E-01  9.63700E-01
 -9.44591E-01 -6.15071E-01 -2.91284E-02  5.87871E-01  9.27253E-01

  3.29400E-01 
 
  1.19191E+01  1.64592E+01  1.91275E+01  2.11292E+01  2.28921E+01
 
  4.64169E-01  6.65328E-01  7.88447E-01  8.90909E-01  9.61865E-01
  4.17937E-01  6.37717E-01  7.62069E-01  8.64062E-01  9.58871E-01
  4.32075E-01  6.19516E-01  7.57502E-01  8.68611E-01  9.60883E-01
  4.14441E-01  6.05822E-01  7.47300E-01  8.56575E-01  9.53032E-01
  3.22445E-01  4.93976E-01  6.32529E-01  7.53370E-01  9.02750E-01
 
 -9.42803E-01 -4.92195E-01  1.18242E-01  6.18051E-01  9.23076E-01
 -9.49547E-01 -5.76232E-01 -1.71633E-02  5.44387E-01  9.30051E-01
 -9.46792E-01 -6.37918E-01  1.83510E-02  6.01829E-01  9.31460E-01
 -9.04218E-01 -4.68769E-01 -9.52576E-03  5.03641E-01  9.19280E-01
 -9.05193E-01 -4.35451E-01 -7.13573E-04  5.92134E-01  9.08091E-01
 -9.23861E-01 -6.12036E-01  8.95756E-02  6.41255E-01  9.41478E-01
 -8.93690E-01 -5.26871E-01 -2.66079E-02  6.10620E-01  9.36835E-01
 -9.46745E-01 -5.78128E-01  6.51274E-03  5.59201E-01  9.42687E-01
 -9.31983E-01 -6.21158E-01 -1.04119E-01  4.98007E-01  9.27783E-01
 -9.12268E-01 -5.55258E-01 -1.82590E-02  5.41131E-01  9.66509E-01
 -9.66892E-01 -6.30102E-01 -8.23769E-02  5.91838E-01  9.69482E-01
 -9.66344E-01 -6.00528E-01 -1.18125E-01  5.82118E-01  9.07893E-01
 -9.35728E-01 -6.24670E-01 -6.43090E-02  5.31899E-01  9.45170E-01
 -9.64425E-01 -5.50641E-01  9.14978E-02  7.00787E-01  9.68112E-01
 -9.38404E-01 -6.01831E-01 -4.96378E-02  4.95426E-01  9.14821E-01
 -8.94036E-01 -3.94470E-01  2.82819E-01  6.72019E-01  9.59355E-01
 -9.38467E-01 -5.05263E-01  1.95898E-01  7.13513E-01  9.83176E-01
 -9.44312E-01 -5.79253E-01  1.47449E-01  7.65532E-01  9.80543E-01
 -9.23024E-01 -5.82011E-01  9.10636E-02  5.80158E-01  9.60589E-01
 -8.90689E-01 -5.75907E-01  6.64585E-02  7.07833E-01  9.69014E-01
 -7.57782E-01 -1.95676E-01  4.35338E-01  8.28142E-01  9.81404E-01
 -8.03374E-01 -1.62970E-01  4.59242E-01  7.43437E-01  9.63695E-01
 -7.24869E-01 -1.52753E-01  5.41483E-01  8.07397E-01  9.72744E-01
 -8.49537E-01 -2.72635E-02  5.91067E-01  8.57785E-01  9.78744E-01
 -8.63664E-01 -3.73286E-01  2.48623E-01  7.11707E-01  9.83051E-01

  3.98900E-01 
 
  1.27856E+01  1.74782E+01  2.00589E+01  2.18671E+01  2.34241E+01
 
  4.36086E-01  6.46839E-01  7.76065E-01  8.84729E-01  9.68454E-01
  4.05431E-01  6.19029E-01  7.60511E-01  8.66867E-01  9.56331E-01
  3.98643E-01  6.02367E-01  7.47204E-01  8.55483E-01  9.55849E-01
  3.90688E-01  5.81899E-01  7.14067E-01  8.31924E-01  9.42060E-01
  2.88982E-01  4.60518E-01  5.81040E-01  7.19349E-01  8.72621E-01
 
 -9.09967E-01 -5.25037E-01  7.31301E-02  6.49713E-01  9.65010E-01
 -9.36794E-01 -6.42019E-01 -1.31288E-02  5.89405E-01  9.55674E-01
 -9.60700E-01 -5.88533E-01 -2.46575E-02  4.96528E-01  9.26493E-01
 -9.13972E-01 -5.19843E-01  6.75174E-02  5.46908E-01  9.48931E-01
 -9.53194E-01 -5.16041E-01 -1.05456E-02  5.89076E-01  9.30678E-01
 -9.51434E-01 -6.30808E-01 -3.43275E-02  5.38271E-01  9.45317E-01
 -9.50838E-01 -5.88954E-01 -5.13327E-03  6.50690E-01  9.57463E-01
 -9.42565E-01 -5.46076E-01  2.70381E-02  5.14433E-01  9.07361E-01
 -9.35764E-01 -6.35388E-01 -3.77485E-02  6.10228E-01  9.64722E-01
 -9.03998E-01 -4.45435E-01 -2.26558E-02  6.00736E-01  9.55575E-01
 -9.45146E-01 -5.39240E-01  2.32858E-02  6.24722E-01  9.62195E-01
 -9.27899E-01 -4.70751E-01  1.45119E-01  6.96772E-01  9.81829E-01
 -9.48423E-01 -5.67274E-01  1.94790E-02  6.41692E-01  9.58779E-01
 -9.41171E-01 -6.40697E-01  1.84040E-02  6.44023E-01  9.58564E-01
 -9.23703E-01 -5.61631E-01  6.01799E-02  6.05713E-01  9.72608E-01
 -9.03025E-01 -3.89359E-01  2.15332E-01  7.28777E-01  9.74258E-01
 -9.01262E-01 -3.18451E-01  2.25897E-01  7.50382E-01  9.82718E-01
 -8.47483E-01 -2.27703E-01  2.41178E-01  7.34261E-01  9.55550E-01
 -7.04168E-01 -1.94724E-01  3.45917E-01  7.15495E-01  9.80027E-01
 -9.08200E-01 -4.59574E-01  1.34867E-01  7.30700E-01  9.63871E-01
 -4.26857E-01  2.72484E-01  6.56091E-01  8.85840E-01  9.74439E-01
 -2.68897E-01  3.30509E-01  7.22991E-01  8.95215E-01  9.91871E-01
 -2.55155E-01  2.96373E-01  6.78244E-01  8.93513E-01  9.91408E-01
 -1.73765E-01  3.24569E-01  6.81479E-01  8.60991E-01  9.80887E-01
 -2.71042E-01  1.66459E-01  5.18900E-01  7.92685E-01  9.78081E-01

  5.12350E-01 
 
  1.41100E+01  1.89749E+01  2.14902E+01  2.30362E+01  2.43567E+01
 
  4.34921E-01  6.29552E-01  7.69735E-01  8.71591E-01  9.60783E-01
  4.00728E-01  5.97059E-01  7.39557E-01  8.53687E-01  9.50122E-01
  3.47292E-01  5.39882E-01  6.89631E-01  8.14382E-01  9.38381E-01
  3.20696E-01  4.94347E-01  6.30433E-01  7.67378E-01  9.16439E-01
  2.18546E-01  3.40383E-01  4.47259E-01  5.71129E-01  7.37161E-01
 
 -9.11325E-01 -4.63890E-01  1.49940E-01  6.57229E-01  9.48812E-01
 -9.54555E-01 -6.18305E-01  9.23476E-03  6.40784E-01  9.53301E-01
 -9.34243E-01 -5.28201E-01  2.63063E-02  5.76422E-01  9.35633E-01
 -9.51536E-01 -6.00445E-01 -1.01464E-01  4.44452E-01  9.40508E-01
 -9.35039E-01 -5.83776E-01  9.89959E-02  6.54571E-01  9.65875E-01
 -9.09132E-01 -4.98483E-01  1.59631E-01  6.85857E-01  9.56635E-01
 -9.20227E-01 -5.64981E-01 -4.84567E-02  5.60037E-01  9.59893E-01
 -9.10824E-01 -5.50148E-01  1.22543E-01  6.03125E-01  9.57498E-01
 -9.44545E-01 -6.10777E-01 -3.02263E-03  6.07425E-01  9.44742E-01
 -9.43122E-01 -4.72912E-01  1.68795E-01  6.78290E-01  9.73913E-01
 -8.86836E-01 -4.04289E-01  3.15871E-01  7.22932E-01  9.69138E-01
 -9.15176E-01 -3.72423E-01  2.60464E-01  7.19150E-01  9.74924E-01
 -8.90800E-01 -4.09652E-01  1.66676E-01  6.88848E-01  9.63489E-01
 -9.20430E-01 -4.43066E-01  2.51045E-01  7.39802E-01  9.68142E-01
 -9.55925E-01 -5.46250E-01  1.60524E-01  6.56314E-01  9.35547E-01
 -5.60392E-01  1.76038E-01  6.56569E-01  8.45130E-01  9.86171E-01
 -5.15201E-01  1.35958E-01  6.00833E-01  8.88394E-01  9.93627E-01
 -5.42480E-01  1.23587E-01  5.83689E-01  8.78392E-01  9.87726E-01
 -6.97863E-01  5.13223E-02  5.60126E-01  8.78192E-01  9.86374E-01
 -8.09894E-01 -1.95867E-01  3.56131E-01  7.89286E-01  9.71276E-01
  4.12034E-01  7.27253E-01  9.15692E-01  9.73594E-01  9.95939E-01
  4.91625E-01  7.97277E-01  9.19338E-01  9.71790E-01  9.97558E-01
  4.96025E-01  7.53799E-01  8.84474E-01  9.60569E-01  9.95225E-01
  4.63392E-01  7.22523E-01  8.69996E-01  9.61839E-01  9.96530E-01
  4.61227E-01  7.18150E-01  8.97732E-01  9.66575E-01  9.94810E-01

  7.76400E-01 
 
  1.86551E+01  2.32976E+01  2.46648E+01  2.51196E+01  2.53061E+01
 
  4.09391E-01  5.97593E-01  7.38198E-01  8.54588E-01  9.52836E-01
  2.56425E-01  4.12627E-01  5.56370E-01  7.16570E-01  8.91779E-01
  1.69311E-01  2.55097E-01  3.54126E-01  4.85762E-01  7.25207E-01
  9.72757E-02  1.48584E-01  2.09612E-01  3.03892E-01  4.81015E-01
  9.14857E-02  1.29248E-01  1.67406E-01  2.23808E-01  3.26655E-01
 
 -9.08218E-01 -4.63600E-01  1.43071E-01  6.06981E-01  9.34770E-01
 -9.46906E-01 -5.10207E-01  5.37209E-02  5.83078E-01  9.45493E-01
 -9.24051E-01 -4.90008E-01  1.56572E-01  6.45360E-01  9.59872E-01
 -9.39096E-01 -5.71604E-01  4.65070E-03  6.11243E-01  9.49873E-01
 -9.54477E-01 -5.77053E-01 -2.48641E-02  6.20085E-01  9.48651E-01
 -5.10130E-01 -3.55319E-03  5.40932E-01  8.62680E-01  9.80469E-01
 -4.26702E-01  2.21207E-01  6.15497E-01  8.85228E-01  9.93136E-01
 -4.27058E-01  1.73798E-01  6.06246E-01  8.80988E-01  9.85715E-01
 -6.11772E-01  1.04480E-02  5.00551E-01  8.40486E-01  9.80229E-01
 -7.77122E-01 -2.35637E-01  3.07128E-01  7.29007E-01  9.80352E-01
  5.95906E-01  8.35550E-01  9.36480E-01  9.81245E-01  9.98255E-01
  5.38315E-01  8.26360E-01  9.32481E-01  9.74805E-01  9.98259E-01
  5.57329E-01  8.05015E-01  9.27122E-01  9.79638E-01  9.97258E-01
  5.27728E-01  7.49119E-01  9.00048E-01  9.68601E-01  9.96332E-01
  5.79286E-01  7.66857E-01  8.83830E-01  9.54164E-01  9.95695E-01
  9.24623E-01  9.77740E-01  9.92521E-01  9.98362E-01  9.99858E-01
  9.06447E-01  9.68659E-01  9.89242E-01  9.96887E-01  9.99537E-01
  8.80023E-01  9.53233E-01  9.80656E-01  9.94849E-01  9.99568E-01
  8.35978E-01  9.20492E-01  9.66671E-01  9.90529E-01  9.99114E-01
  8.84940E-01  9.36879E-01  9.68250E-01  9.91361E-01  9.99140E-01
  9.79147E-01  9.92972E-01  9.96932E-01  9.99103E-01  9.99889E-01
  9.69468E-01  9.87659E-01  9.95551E-01  9.98649E-01  9.99876E-01
  9.54480E-01  9.86587E-01  9.94269E-01  9.97854E-01  9.99741E-01
  9.50643E-01  9.77375E-01  9.91027E-01  9.96938E-01  9.99647E-01
  9.50327E-01  9.76420E-01  9.89371E-01  9.95460E-01  9.99437E-01

  8.53300E-01 
 
  1.48859E+00  1.76858E+00  1.85769E+00  1.90240E+00  1.94328E+00
 
  4.53764E-01  6.58751E-01  7.80970E-01  8.82602E-01  9.66634E-01
  4.28684E-01  6.56484E-01  7.82880E-01  8.77329E-01  9.62895E-01
  4.05278E-01  6.92237E-01  8.20212E-01  8.97939E-01  9.66275E-01
  3.26738E-01  5.65082E-01  6.92848E-01  8.28375E-01  9.27212E-01
  2.46051E-01  3.90608E-01  5.09133E-01  6.36531E-01  7.66821E-01
 
 -9.33698E-01 -5.11300E-01  4.26553E-02  6.25577E-01  9.48382E-01
 -9.59793E-01 -5.81313E-01  6.31000E-02  5.57638E-01  9.31407E-01
 -9.39038E-01 -5.66931E-01 -1.75823E-02  5.39889E-01  9.35350E-01
 -9.41855E-01 -5.08877E-01  1.06689E-01  6.26936E-01  9.59178E-01
 -9.54259E-01 -5.78852E-01  6.16110E-02  6.49535E-01  9.63234E-01
 -9.51468E-01 -6.14637E-01 -3.24870E-02  5.53624E-01  9.35337E-01
 -9.30963E-01 -5.03231E-01  1.11760E-01  6.29063E-01  9.58266E-01
 -9.56865E-01 -5.43126E-01 -7.83293E-03  5.74033E-01  9.39110E-01
 -9.51866E-01 -5.53538E-01  1.06403E-01  6.00978E-01  9.47779E-01
 -9.45203E-01 -5.46417E-01  4.41286E-02  5.82789E-01  9.15399E-01
 -9.32764E-01 -4.87366E-01  1.01220E-01  5.74628E-01  9.59894E-01
 -9.41413E-01 -5.60920E-01 -7.91760E-03  6.26815E-01  9.57437E-01
 -9.61516E-01 -5.68551E-01 -6.84771E-02  5.07279E-01  9.20859E-01
 -9.37460E-01 -5.52364E-01  2.47600E-02  6.04609E-01  9.47165E-01
 -9.54344E-01 -6.39894E-01 -1.83096E-02  5.95543E-01  9.46046E-01
 -9.51807E-01 -4.94344E-01  9.66268E-02  6.20293E-01  9.54123E-01
 -9.58184E-01 -6.55730E-01 -1.46870E-01  5.19574E-01  9.44376E-01
 -9.41976E-01 -5.57120E-01 -3.00085E-02  5.81776E-01  9.43867E-01
 -9.28171E-01 -5.39434E-01  1.01420E-02  6.01732E-01  9.50137E-01
 -9.55624E-01 -6.15115E-01 -1.98381E-03  6.00752E-01  9.57222E-01
 -9.35301E-01 -5.15083E-01 -3.45877E-02  6.48703E-01  9.55371E-01
 -9.38026E-01 -6.07119E-01 -7.14070E-02  5.07201E-01  9.22598E-01
 -9.19288E-01 -4.74141E-01  1.48513E-01  6.27225E-01  9.48946E-01
 -9.27727E-01 -5.50593E-01  2.66087E-02  5.59338E-01  9.30169E-01
 -9.43158E-01 -5.36279E-01  1.85078E-02  6.09510E-01  9.52506E-01

  8.68450E-01 
 
  1.52389E+00  1.78428E+00  1.86736E+00  1.91511E+00  1.97270E+00
 
  4.46730E-01  6.56052E-01  7.86832E-01  8.86076E-01  9.65890E-01
  4.18695E-01  6.63583E-01  7.91208E-01  8.83814E-01  9.61555E-01
  3.79091E-01  6.54362E-01  7.88383E-01  8.83866E-01  9.65498E-01
  3.17936E-01  5.49216E-01  6.97354E-01  8.25020E-01  9.34861E-01
  2.43933E-01  3.96189E-01  5.18819E-01  6.44839E-01  7.90072E-01
 
 -9.34790E-01 -5.65821E-01  2.24237E-02  6.11802E-01  9.41345E-01
 -9.39562E-01 -5.61736E-01  7.68279E-02  6.43670E-01  9.60152E-01
 -9.10820E-01 -4.69123E-01  1.00337E-01  6.43746E-01  9.49471E-01
 -9.52468E-01 -5.78146E-01 -3.93515E-02  5.51078E-01  9.41570E-01
 -9.65330E-01 -6.49541E-01 -4.79675E-02  5.38810E-01  9.43129E-01
 -9.57723E-01 -6.65545E-01 -1.35702E-01  5.35248E-01  9.35758E-01
 -9.51243E-01 -6.18451E-01 -1.10646E-01  5.44566E-01  9.31914E-01
 -9.62637E-01 -7.07660E-01 -2.31346E-01  4.06900E-01  8.98554E-01
 -9.26240E-01 -5.69155E-01 -9.79595E-02  4.66358E-01  9.27895E-01
 -9.49853E-01 -6.21334E-01 -6.49383E-02  5.24760E-01  9.54701E-01
 -9.82475E-01 -8.33976E-01 -5.03075E-01 -2.43953E-02  8.26249E-01
 -9.81837E-01 -8.43787E-01 -4.92063E-01  2.00335E-01  8.47722E-01
 -9.54756E-01 -6.68884E-01 -3.24748E-01  2.33970E-01  9.16090E-01
 -9.55162E-01 -6.14939E-01 -9.44029E-02  3.96630E-01  8.91046E-01
 -9.50786E-01 -6.10060E-01 -2.82941E-02  5.56468E-01  9.40785E-01
 -7.98384E-01 -3.82244E-01 -1.60334E-02  4.37997E-01  8.93947E-01
 -8.11316E-01 -3.67028E-01  6.59824E-03  4.94589E-01  9.31831E-01
 -7.61493E-01 -2.26210E-01  2.78086E-01  6.98571E-01  9.54399E-01
 -6.02139E-01 -1.38652E-01  2.95702E-01  7.58318E-01  9.71288E-01
 -5.18898E-01  7.48529E-02  4.96535E-01  7.90788E-01  9.72459E-01
  1.20992E-01  5.23558E-01  7.56201E-01  8.90955E-01  9.91971E-01
  7.38759E-02  4.80805E-01  7.20081E-01  8.79770E-01  9.85041E-01
  1.10300E-01  5.51974E-01  7.75021E-01  9.26979E-01  9.89027E-01
  1.58298E-01  6.15741E-01  8.18422E-01  9.37147E-01  9.93008E-01
  1.98618E-01  6.06583E-01  8.08752E-01  9.40386E-01  9.93725E-01

  9.03000E-01 
 
  1.57486E+00  1.81832E+00  1.89776E+00  1.95923E+00  2.02685E+00
 
  4.26314E-01  6.56698E-01  7.82063E-01  8.80974E-01  9.63644E-01
  3.77622E-01  6.40259E-01  7.79077E-01  8.79193E-01  9.62182E-01
  3.54752E-01  6.42485E-01  7.81053E-01  8.87554E-01  9.63905E-01
  2.93956E-01  5.37435E-01  6.81653E-01  7.96291E-01  9.12172E-01
  1.92227E-01  3.54048E-01  4.81501E-01  6.08954E-01  7.50142E-01
 
 -9.33790E-01 -5.26959E-01  6.11821E-02  6.24853E-01  9.56840E-01
 -9.12780E-01 -5.38650E-01  3.09334E-02  5.91552E-01  9.58216E-01
 -9.36101E-01 -4.89423E-01  7.00766E-02  6.23048E-01  9.56316E-01
 -9.42257E-01 -5.67303E-01 -3.09446E-02  5.05262E-01  9.22815E-01
 -9.46658E-01 -5.53536E-01  7.05227E-02  6.25299E-01  9.37922E-01
 -9.70860E-01 -8.39504E-01 -5.24195E-01  1.61660E-01  8.43858E-01
 -9.81935E-01 -8.00849E-01 -4.36796E-01  2.76191E-01  8.85798E-01
 -9.75287E-01 -7.64860E-01 -3.59552E-01  2.67113E-01  9.06440E-01
 -9.76724E-01 -8.04159E-01 -4.82606E-01  1.99471E-01  9.10650E-01
 -9.63287E-01 -7.16801E-01 -2.33070E-01  4.35160E-01  9.18115E-01
 -6.58742E-01 -4.00556E-01 -8.62514E-02  3.33069E-01  8.93874E-01
 -7.40341E-01 -4.55736E-01 -1.47421E-01  2.75815E-01  8.96921E-01
 -7.43909E-01 -3.43775E-01  2.71407E-02  3.74231E-01  9.18797E-01
 -8.23906E-01 -3.80119E-01  9.99207E-02  5.51272E-01  9.38945E-01
 -8.75059E-01 -4.48618E-01  1.24643E-01  6.33442E-01  9.43717E-01
 -6.93862E-03  2.72436E-01  5.25127E-01  7.88559E-01  9.80763E-01
 -7.43855E-02  2.53458E-01  5.07611E-01  7.61263E-01  9.66691E-01
 -6.02245E-02  3.65131E-01  6.62631E-01  8.41800E-01  9.79457E-01
  2.60309E-02  3.88800E-01  7.13072E-01  8.99468E-01  9.84517E-01
 -3.37246E-02  5.12136E-01  7.74029E-01  9.23811E-01  9.93532E-01
  6.29669E-01  8.02160E-01  8.99997E-01  9.66660E-01  9.96253E-01
  5.17893E-01  7.37174E-01  8.65308E-01  9.40162E-01  9.90812E-01
  5.46170E-01  7.74401E-01  9.02493E-01  9.61771E-01  9.96533E-01
  5.60929E-01  7.81285E-01  8.94277E-01  9.54215E-01  9.93741E-01
  5.91382E-01  8.25012E-01  9.26595E-01  9.75720E-01  9.97476E-01

  9.55400E-01 
 
  1.67510E+00  1.87149E+00  1.95448E+00  2.01943E+00  2.08920E+00
 
  4.13451E-01  6.27992E-01  7.69220E-01  8.78101E-01  9.64224E-01
  3.89235E-01  6.31738E-01  7.74592E-01  8.73535E-01  9.58080E-01
  3.13108E-01  5.92849E-01  7.55260E-01  8.67219E-01  9.60466E-01
  2.36465E-01  4.36081E-01  6.00101E-01  7.30781E-01  8.69047E-01
  1.74346E-01  2.69624E-01  3.67097E-01  4.68600E-01  6.23206E-01
 
 -9.49328E-01 -6.56365E-01 -1.78016E-01  4.20865E-01  9.20481E-01
 -9.67134E-01 -7.00359E-01 -1.71212E-01  4.71427E-01  9.23969E-01
 -9.36272E-01 -5.85566E-01 -3.05827E-02  5.27884E-01  9.44191E-01
 -9.54125E-01 -5.41397E-01  1.92604E-02  5.47286E-01  9.38909E-01
 -9.54631E-01 -6.28837E-01 -5.59018E-02  5.60660E-01  9.47379E-01
 -7.22899E-01 -5.31590E-01 -3.43863E-01  6.28407E-02  8.65577E-01
 -8.46945E-01 -7.01019E-01 -4.89579E-01 -1.38233E-01  8.42894E-01
 -9.24033E-01 -7.28810E-01 -4.75073E-01  2.66234E-01  8.56457E-01
 -9.60639E-01 -7.81144E-01 -4.35686E-01  1.21332E-01  8.96517E-01
 -9.70881E-01 -7.51847E-01 -2.54543E-01  4.04451E-01  9.09106E-01
  8.50011E-03  2.64781E-01  5.07137E-01  7.54363E-01  9.61279E-01
 -1.80230E-01  1.13142E-01  3.34855E-01  5.64210E-01  9.57592E-01
 -1.87063E-01  2.17971E-01  4.80616E-01  7.30703E-01  9.53955E-01
 -2.12763E-01  2.65140E-01  5.92098E-01  8.48583E-01  9.79773E-01
 -3.81230E-01  5.90025E-02  4.00536E-01  7.60791E-01  9.76959E-01
  5.41750E-01  7.35751E-01  8.61745E-01  9.44823E-01  9.91041E-01
  4.14779E-01  6.13723E-01  7.78654E-01  9.19073E-01  9.90788E-01
  3.82762E-01  6.61113E-01  8.27607E-01  9.41763E-01  9.93460E-01
  3.90903E-01  6.32711E-01  8.03770E-01  9.30497E-01  9.91775E-01
  5.48546E-01  7.96105E-01  8.94224E-01  9.58455E-01  9.95738E-01
  8.36818E-01  9.03520E-01  9.47421E-01  9.74153E-01  9.94145E-01
  8.13884E-01  8.99047E-01  9.48539E-01  9.79403E-01  9.97337E-01
  8.14899E-01  9.11191E-01  9.56078E-01  9.84660E-01  9.98308E-01
  8.05827E-01  8.98039E-01  9.48453E-01  9.81554E-01  9.97822E-01
  7.79940E-01  9.11780E-01  9.58078E-01  9.86318E-01  9.98742E-01

  9.95750E-01 
 
  1.80809E+00  1.93187E+00  1.99369E+00  2.04303E+00  2.10161E+00
 
  3.86263E-01  6.23301E-01  7.63296E-01  8.67847E-01  9.57277E-01
  3.63752E-01  6.34519E-01  7.71313E-01  8.86167E-01  9.67697E-01
  3.59180E-01  5.35832E-01  6.73435E-01  8.05160E-01  9.29941E-01
  3.60888E-01  5.06851E-01  6.00414E-01  7.02115E-01  8.31278E-01
  4.00387E-01  4.83484E-01  5.31739E-01  5.92905E-01  6.95783E-01
 
 -7.27378E-01 -5.49185E-01 -3.15397E-01 -6.10011E-03  7.66054E-01
 -8.85936E-01 -7.14634E-01 -4.90088E-01 -8.47583E-02  7.67958E-01
 -9.50085E-01 -7.60113E-01 -4.32253E-01  1.10555E-01  8.76095E-01
 -9.76082E-01 -7.76540E-01 -3.99790E-01  2.01466E-01  8.47719E-01
 -9.58413E-01 -6.41106E-01 -2.36242E-01  3.81935E-01  9.32523E-01
  2.04430E-01  3.99868E-01  5.16451E-01  6.63799E-01  8.25855E-01
 -4.83659E-02  1.78861E-01  3.71530E-01  6.32592E-01  9.48585E-01
 -2.09086E-01  1.01932E-01  4.01856E-01  7.19624E-01  9.67439E-01
 -4.30975E-01 -9.17636E-02  2.66647E-01  6.77929E-01  9.55661E-01
 -6.91418E-01 -2.91513E-01  1.77998E-01  6.21333E-01  9.36474E-01
  5.36734E-01  6.45702E-01  7.42065E-01  8.09228E-01  8.69488E-01
  4.67254E-01  6.71747E-01  7.95817E-01  9.07932E-01  9.80739E-01
  4.33183E-01  6.86764E-01  8.42162E-01  9.33286E-01  9.91248E-01
  3.39437E-01  5.87660E-01  7.92379E-01  9.23554E-01  9.88572E-01
  3.24568E-01  6.20103E-01  7.91075E-01  9.21004E-01  9.92362E-01
  7.02619E-01  7.65039E-01  8.19647E-01  8.53600E-01  8.91777E-01
  7.14403E-01  8.27884E-01  9.01231E-01  9.58329E-01  9.90065E-01
  6.93943E-01  8.34453E-01  9.18017E-01  9.70355E-01  9.97074E-01
  6.74750E-01  8.38248E-01  9.21131E-01  9.72594E-01  9.96493E-01
  7.20919E-01  8.49401E-01  9.38949E-01  9.78421E-01  9.96687E-01
  8.40918E-01  8.72119E-01  8.95393E-01  9.13180E-01  9.34748E-01
  8.78183E-01  9.35962E-01  9.61136E-01  9.79769E-01  9.93249E-01
  8.82078E-01  9.44338E-01  9.74361E-01  9.89387E-01  9.98633E-01
  8.88336E-01  9.46199E-01  9.77707E-01  9.91932E-01  9.99080E-01
  8.91375E-01  9.49336E-01  9.74941E-01  9.92849E-01  9.99355E-01

  6.59550E-01 
 
  2.14353E+00  2.73493E+00  2.94095E+00  3.02825E+00  3.09809E+00
 
  5.16152E-01  7.14114E-01  8.21283E-01  9.03057E-01  9.70451E-01
  5.00040E-01  6.79038E-01  8.00300E-01  8.86208E-01  9.64974E-01
  5.14247E-01  7.38045E-01  8.40776E-01  9.19782E-01  9.78268E-01
  4.22007E-01  6.33437E-01  7.31459E-01  8.30751E-01  9.12691E-01
  2.57893E-01  4.04359E-01  5.05007E-01  6.25837E-01  7.81443E-01
 
 -9.47084E-01 -5.68379E-01 -1.91697E-02  6.27159E-01  9.54795E-01
 -8.88499E-01 -5.00854E-01 -7.07026E-04  5.74781E-01  9.57689E-01
 -9.53472E-01 -6.10452E-01 -8.71001E-02  4.96138E-01  9.35376E-01
 -9.32206E-01 -5.35996E-01  7.98953E-03  6.04336E-01  9.71341E-01
 -9.44045E-01 -6.08311E-01 -6.91781E-02  5.43643E-01  9.35224E-01
 -9.42554E-01 -6.09622E-01  2.33801E-03  5.87979E-01  9.55175E-01
 -9.49368E-01 -6.62364E-01 -4.19476E-02  5.68589E-01  9.58698E-01
 -9.43422E-01 -5.01956E-01  3.46495E-02  6.47947E-01  9.65719E-01
 -9.39717E-01 -5.76370E-01  1.26122E-01  7.00470E-01  9.60455E-01
 -9.50211E-01 -5.83047E-01 -3.31458E-02  6.40515E-01  9.72519E-01
 -9.57521E-01 -5.57721E-01  1.28977E-01  5.96606E-01  9.55210E-01
 -9.42705E-01 -4.85264E-01  1.97685E-01  7.08363E-01  9.65212E-01
 -9.53256E-01 -5.63448E-01  8.45460E-02  6.13855E-01  9.55764E-01
 -9.40385E-01 -5.55454E-01  1.23856E-02  6.00584E-01  9.46830E-01
 -9.47236E-01 -5.29294E-01  5.36227E-02  6.39536E-01  9.65277E-01
 -9.33957E-01 -5.32986E-01 -1.60024E-02  5.66503E-01  9.36683E-01
 -9.57155E-01 -5.72141E-01  2.02743E-02  5.86506E-01  9.41879E-01
 -9.12960E-01 -5.31315E-01  3.41831E-02  5.82196E-01  9.55030E-01
 -9.39107E-01 -5.01519E-01  5.90027E-02  5.93898E-01  9.53269E-01
 -9.27971E-01 -5.20508E-01  1.21378E-01  6.36997E-01  9.52017E-01
 -9.15638E-01 -4.83122E-01  1.76121E-01  6.70306E-01  9.69025E-01
 -9.35326E-01 -5.81032E-01 -6.69734E-03  5.99035E-01  9.44118E-01
 -9.52075E-01 -5.72781E-01 -4.39303E-02  5.64214E-01  9.50777E-01
 -9.37059E-01 -6.00362E-01  4.83323E-03  5.38989E-01  9.59605E-01
 -9.39401E-01 -5.72172E-01 -3.95005E-02  5.58142E-01  9.48360E-01

  7.00200E-01 
 
  2.21269E+00  2.79233E+00  2.97229E+00  3.05368E+00  3.15029E+00
 
  5.23716E-01  7.11089E-01  8.20432E-01  9.01890E-01  9.72210E-01
  4.89333E-01  6.89529E-01  8.10269E-01  8.95123E-01  9.66152E-01
  4.60338E-01  6.83429E-01  8.13765E-01  9.05515E-01  9.68355E-01
  3.33161E-01  5.61768E-01  7.07112E-01  8.09905E-01  9.20165E-01
  2.51289E-01  4.11051E-01  5.37401E-01  6.50155E-01  8.03558E-01
 
 -9.31521E-01 -6.23928E-01 -9.85460E-03  6.33426E-01  9.48955E-01
 -9.52166E-01 -6.36660E-01 -6.92667E-02  5.53687E-01  9.67622E-01
 -9.60087E-01 -6.22521E-01 -1.49746E-01  4.64837E-01  9.33229E-01
 -9.19025E-01 -5.39753E-01  4.00036E-02  6.22321E-01  9.55545E-01
 -9.48245E-01 -5.75114E-01  2.44377E-02  5.88457E-01  9.61658E-01
 -9.19060E-01 -6.09331E-01 -1.41638E-01  4.59995E-01  9.48674E-01
 -9.72068E-01 -7.08810E-01 -1.64388E-01  4.61118E-01  9.17513E-01
 -9.37432E-01 -6.06512E-01 -4.96290E-02  5.30406E-01  9.20641E-01
 -9.38315E-01 -5.62082E-01 -1.27980E-02  5.72558E-01  9.40570E-01
 -9.35449E-01 -5.83837E-01  1.91945E-03  5.73268E-01  9.66236E-01
 -9.79027E-01 -8.03087E-01 -3.96938E-01  2.61255E-01  8.71781E-01
 -9.77323E-01 -7.78850E-01 -4.13064E-01  2.51824E-01  8.61696E-01
 -9.83845E-01 -8.12588E-01 -4.72245E-01  1.23965E-01  7.95009E-01
 -9.44797E-01 -6.94963E-01 -3.00429E-01  2.76748E-01  8.33620E-01
 -9.49930E-01 -6.44189E-01 -1.20701E-01  4.27462E-01  9.24317E-01
 -8.24347E-01 -5.83496E-01 -2.66459E-01  1.45745E-01  8.56133E-01
 -7.87513E-01 -4.03723E-01 -8.89504E-02  3.21937E-01  9.02956E-01
 -6.54325E-01 -1.45399E-01  2.75699E-01  6.37882E-01  9.55428E-01
 -4.16474E-01  1.32551E-01  5.20563E-01  8.33749E-01  9.82154E-01
 -3.91985E-01  1.85391E-01  6.04966E-01  8.42107E-01  9.79584E-01
  2.37279E-01  4.94002E-01  6.94198E-01  8.80583E-01  9.84076E-01
  2.13793E-01  5.97927E-01  7.86593E-01  9.08867E-01  9.88623E-01
  1.99631E-01  6.14226E-01  8.06859E-01  9.22193E-01  9.89717E-01
  2.10624E-01  6.48484E-01  8.33735E-01  9.51393E-01  9.94890E-01
  5.33681E-02  5.68788E-01  8.25221E-01  9.30907E-01  9.91825E-01

  7.89000E-01 
 
  2.43744E+00  2.91331E+00  3.04879E+00  3.15250E+00  3.24799E+00
 
  5.02164E-01  7.02242E-01  8.16883E-01  9.00475E-01  9.70257E-01
  4.31560E-01  6.43266E-01  7.72203E-01  8.78344E-01  9.60524E-01
  3.95976E-01  6.26288E-01  7.72860E-01  8.76277E-01  9.58599E-01
  3.21374E-01  5.42593E-01  6.73920E-01  7.75631E-01  8.85121E-01
  1.98551E-01  3.48308E-01  4.57277E-01  5.66818E-01  7.21625E-01
 
 -9.30373E-01 -4.80626E-01  2.66742E-02  5.64913E-01  9.47932E-01
 -9.41904E-01 -6.07041E-01 -7.28045E-03  6.41826E-01  9.65749E-01
 -9.52360E-01 -5.84275E-01  2.98786E-02  5.84845E-01  9.60711E-01
 -9.43498E-01 -6.38251E-01 -1.37906E-02  5.95720E-01  9.51982E-01
 -9.37012E-01 -5.07367E-01  7.54467E-02  6.17225E-01  9.50197E-01
 -9.86663E-01 -8.58476E-01 -5.73837E-01  2.47780E-02  8.27021E-01
 -9.86821E-01 -8.47204E-01 -5.57075E-01  1.44404E-01  9.26127E-01
 -9.67915E-01 -7.74715E-01 -4.82499E-01  1.49265E-01  9.07665E-01
 -9.71829E-01 -8.03019E-01 -4.87435E-01  2.86197E-01  8.96120E-01
 -9.58545E-01 -7.11276E-01 -2.91067E-01  3.81123E-01  9.09450E-01
 -6.03802E-01 -3.71315E-01 -1.02789E-01  3.86516E-01  8.82678E-01
 -5.81255E-01 -2.45155E-01  6.07256E-03  3.85215E-01  8.84990E-01
 -5.88569E-01 -2.45330E-01  2.85713E-02  4.34573E-01  8.73480E-01
 -5.63586E-01 -1.07843E-01  2.43118E-01  6.29908E-01  9.35501E-01
 -6.42311E-01 -1.91365E-01  2.54206E-01  6.64564E-01  9.52302E-01
  7.32591E-02  3.34115E-01  6.03830E-01  7.94500E-01  9.69273E-01
  1.29066E-01  4.27629E-01  6.34273E-01  8.34669E-01  9.83157E-01
  1.68516E-01  5.47948E-01  7.54177E-01  8.96523E-01  9.90262E-01
  2.57743E-01  6.21435E-01  8.18069E-01  9.36545E-01  9.94271E-01
  9.38732E-02  6.19713E-01  8.27574E-01  9.31993E-01  9.93382E-01
  7.07969E-01  8.49621E-01  9.22845E-01  9.70299E-01  9.95332E-01
  6.64626E-01  8.19570E-01  9.07388E-01  9.59368E-01  9.96940E-01
  5.96655E-01  8.37877E-01  9.19506E-01  9.70978E-01  9.96857E-01
  6.16534E-01  8.30893E-01  9.22628E-01  9.76772E-01  9.97217E-01
  5.63491E-01  8.27069E-01  9.20044E-01  9.71356E-01  9.97295E-01

  9.11650E-01 
 
  2.73970E+00  3.04124E+00  3.17078E+00  3.25162E+00  3.33195E+00
 
  4.34553E-01  6.41135E-01  7.70170E-01  8.72757E-01  9.60691E-01
  4.05218E-01  6.26977E-01  7.74224E-01  8.81849E-01  9.63265E-01
  3.21545E-01  5.64312E-01  7.08505E-01  8.16330E-01  9.21616E-01
  2.27271E-01  4.30089E-01  5.55888E-01  6.66798E-01  7.94996E-01
  1.50021E-01  2.77569E-01  3.79669E-01  4.80003E-01  6.09909E-01
 
 -9.59553E-01 -7.49843E-01 -3.20779E-01  3.87484E-01  9.54760E-01
 -9.73993E-01 -7.47411E-01 -2.96073E-01  2.79220E-01  9.00812E-01
 -9.72648E-01 -7.48723E-01 -3.05981E-01  4.07110E-01  9.31146E-01
 -9.72523E-01 -7.44464E-01 -2.58640E-01  3.82045E-01  9.09675E-01
 -9.42802E-01 -6.12978E-01 -1.21994E-02  4.94188E-01  9.32799E-01
 -6.00723E-01 -3.65333E-01 -1.02175E-01  4.41894E-01  9.12961E-01
 -6.57047E-01 -4.47095E-01 -1.98774E-01  3.23778E-01  8.55390E-01
 -6.80334E-01 -4.24241E-01 -1.51829E-01  2.45429E-01  8.83324E-01
 -8.03990E-01 -5.07571E-01 -1.58011E-01  2.88414E-01  8.93033E-01
 -9.51669E-01 -6.05446E-01 -1.38673E-01  3.82071E-01  8.80584E-01
  1.58714E-01  3.82524E-01  6.33726E-01  8.59963E-01  9.83056E-01
  1.11494E-01  3.72508E-01  5.66810E-01  8.05352E-01  9.73924E-01
  1.52560E-01  4.69614E-01  6.50917E-01  8.19883E-01  9.80183E-01
  2.04931E-01  5.06109E-01  7.57432E-01  9.05663E-01  9.87890E-01
  1.13305E-01  5.93383E-01  7.87946E-01  9.14044E-01  9.91794E-01
  6.13042E-01  7.59299E-01  8.74469E-01  9.47280E-01  9.92036E-01
  5.22561E-01  7.23500E-01  8.49871E-01  9.37981E-01  9.94814E-01
  5.47246E-01  7.65694E-01  8.81008E-01  9.56371E-01  9.96724E-01
  6.14199E-01  7.97848E-01  9.02925E-01  9.70654E-01  9.96326E-01
  5.40998E-01  8.13673E-01  9.16663E-01  9.69483E-01  9.94510E-01
  8.60450E-01  9.25950E-01  9.67851E-01  9.87204E-01  9.98486E-01
  8.16737E-01  8.95905E-01  9.50870E-01  9.83478E-01  9.98213E-01
  8.22068E-01  9.16673E-01  9.62201E-01  9.86166E-01  9.98453E-01
  8.28182E-01  9.17177E-01  9.59630E-01  9.88054E-01  9.99086E-01
  7.95389E-01  9.11460E-01  9.64906E-01  9.87215E-01  9.98737E-01

  9.94450E-01 
 
  3.03012E+00  3.20083E+00  3.27626E+00  3.33469E+00  3.40367E+00
 
  3.64973E-01  6.02453E-01  7.60078E-01  8.72697E-01  9.60143E-01
  2.63702E-01  5.12449E-01  6.64718E-01  7.95176E-01  9.06974E-01
  2.22167E-01  3.86572E-01  5.22199E-01  6.45613E-01  7.84673E-01
  2.02510E-01  3.08216E-01  4.13571E-01  5.25616E-01  6.61945E-01
  2.04508E-01  2.51842E-01  3.06587E-01  3.72827E-01  4.76326E-01
 
 -4.69347E-01 -2.56444E-01  4.44707E-03  3.28907E-01  8.26710E-01
 -5.99256E-01 -3.85584E-01 -1.21472E-01  2.45157E-01  8.83460E-01
 -6.60780E-01 -4.21933E-01 -2.00216E-01  1.36094E-01  8.24399E-01
 -7.85263E-01 -4.89249E-01 -1.85673E-01  3.05273E-01  8.95950E-01
 -9.46540E-01 -6.27054E-01 -2.08672E-01  3.74156E-01  8.92953E-01
  5.24225E-01  6.74412E-01  7.88830E-01  8.97140E-01  9.72928E-01
  4.00653E-01  5.71930E-01  7.10734E-01  8.71356E-01  9.85306E-01
  3.91805E-01  5.93849E-01  7.54450E-01  8.95858E-01  9.87750E-01
  3.77114E-01  5.96378E-01  7.91496E-01  9.19385E-01  9.90630E-01
  5.19345E-01  7.10778E-01  8.40174E-01  9.39412E-01  9.90664E-01
  7.96480E-01  8.82292E-01  9.34604E-01  9.65315E-01  9.85065E-01
  6.94397E-01  8.12147E-01  9.16375E-01  9.77355E-01  9.97344E-01
  7.01658E-01  8.30447E-01  9.11328E-01  9.68893E-01  9.95509E-01
  6.99186E-01  8.17324E-01  9.11567E-01  9.66604E-01  9.95472E-01
  7.75928E-01  8.71683E-01  9.33588E-01  9.81142E-01  9.97912E-01
  8.97360E-01  9.37584E-01  9.60447E-01  9.75277E-01  9.87149E-01
  8.61128E-01  9.27355E-01  9.64323E-01  9.88212E-01  9.98571E-01
  8.50319E-01  9.19539E-01  9.61510E-01  9.86811E-01  9.98439E-01
  8.36123E-01  9.07986E-01  9.58695E-01  9.85561E-01  9.97871E-01
  8.71317E-01  9.41913E-01  9.72018E-01  9.90046E-01  9.98667E-01
  9.54710E-01  9.69824E-01  9.78565E-01  9.85869E-01  9.91669E-01
  9.52020E-01  9.75894E-01  9.87507E-01  9.95262E-01  9.99369E-01
  9.49398E-01  9.74607E-01  9.88056E-01  9.96002E-01  9.99546E-01
  9.50438E-01  9.74546E-01  9.87552E-01  9.95804E-01  9.99544E-01
  9.49412E-01  9.75720E-01  9.88139E-01  9.96491E-01  9.99608E-01
 
  5.12100E-01 
 
  2.81494E+00  3.71286E+00  4.10539E+00  4.28785E+00  4.40475E+00
 
  5.49800E-01  7.39001E-01  8.42134E-01  9.17210E-01  9.77094E-01
  5.32658E-01  7.14872E-01  8.19932E-01  9.01664E-01  9.72658E-01
  5.26907E-01  7.24585E-01  8.31475E-01  9.14324E-01  9.74431E-01
  5.28938E-01  6.96019E-01  7.79670E-01  8.53626E-01  9.24704E-01
  2.70329E-01  3.95861E-01  4.88315E-01  5.93677E-01  7.57071E-01
 
 -9.70182E-01 -6.16299E-01 -8.95377E-02  6.12171E-01  9.30368E-01
 -9.44714E-01 -5.83464E-01 -7.42891E-03  5.64132E-01  9.53000E-01
 -9.23605E-01 -5.34880E-01  9.70851E-03  5.11687E-01  9.40991E-01
 -9.54166E-01 -5.00395E-01  1.07616E-01  6.71189E-01  9.70420E-01
 -9.47032E-01 -5.45190E-01  4.99788E-02  6.48186E-01  9.70044E-01
 -9.44465E-01 -5.97470E-01  5.19028E-02  5.89600E-01  8.95548E-01
 -9.44398E-01 -6.40750E-01 -2.09400E-01  4.37018E-01  9.54039E-01
 -9.08505E-01 -6.11378E-01 -7.97524E-02  5.31116E-01  9.25852E-01
 -9.03032E-01 -4.24782E-01  1.84690E-01  6.92572E-01  9.68273E-01
 -9.22354E-01 -5.19389E-01  9.31458E-03  5.86559E-01  9.57049E-01
 -9.04685E-01 -5.21002E-01 -7.29523E-02  6.09019E-01  9.44922E-01
 -9.22449E-01 -5.26723E-01 -2.14997E-03  5.73187E-01  9.56498E-01
 -9.43617E-01 -5.67230E-01 -1.49046E-02  6.31869E-01  9.41823E-01
 -9.43388E-01 -5.54213E-01  1.02887E-01  6.79678E-01  9.58121E-01
 -9.49120E-01 -6.13141E-01  6.00581E-02  5.66228E-01  9.59461E-01
 -9.28996E-01 -4.90178E-01  1.53102E-01  7.11544E-01  9.32230E-01
 -9.54763E-01 -5.38348E-01  1.19834E-01  5.92473E-01  9.35532E-01
 -9.39733E-01 -6.20151E-01 -4.90796E-02  5.15199E-01  9.47800E-01
 -9.69144E-01 -6.22619E-01 -1.27047E-01  5.63028E-01  9.44492E-01
 -9.32774E-01 -5.19101E-01  1.08789E-01  6.45195E-01  9.45890E-01
 -9.14901E-01 -5.33420E-01  6.20423E-02  5.63184E-01  9.46029E-01
 -9.46393E-01 -5.77956E-01 -3.01624E-02  5.68787E-01  9.53216E-01
 -9.22623E-01 -4.44568E-01  1.15870E-01  6.69068E-01  9.61248E-01
 -9.54742E-01 -5.40747E-01 -2.73401E-02  5.41287E-01  9.48996E-01
 -9.17386E-01 -5.71378E-01 -5.68680E-02  5.21889E-01  9.57022E-01

  5.55550E-01 
 
  2.88265E+00  3.76853E+00  4.15192E+00  4.31892E+00  4.47048E+00
 
  5.60318E-01  7.28825E-01  8.29738E-01  9.10696E-01  9.72537E-01
  5.07927E-01  7.04157E-01  8.13296E-01  8.96170E-01  9.67807E-01
  5.13958E-01  6.96106E-01  8.13561E-01  9.03479E-01  9.72894E-01
  4.11051E-01  5.98421E-01  7.26310E-01  8.33559E-01  9.26262E-01
  2.81066E-01  4.26838E-01  5.31688E-01  6.37774E-01  7.78429E-01
 
 -9.75489E-01 -6.56862E-01 -6.18376E-02  5.35356E-01  9.12552E-01
 -9.48027E-01 -5.09128E-01  1.18557E-02  6.00696E-01  9.33174E-01
 -9.39552E-01 -6.59631E-01  5.69841E-02  5.69809E-01  9.02694E-01
 -9.36499E-01 -5.55013E-01  1.72627E-02  6.20829E-01  9.55037E-01
 -9.40184E-01 -5.72686E-01  6.80565E-02  6.21062E-01  9.39677E-01
 -9.30158E-01 -5.98322E-01  3.26173E-02  5.38090E-01  9.29169E-01
 -9.37728E-01 -4.71993E-01  1.20567E-01  6.74827E-01  9.62170E-01
 -9.23213E-01 -4.84750E-01  3.47812E-02  5.61305E-01  9.40608E-01
 -9.41713E-01 -6.07400E-01 -1.29998E-02  5.70384E-01  9.61148E-01
 -9.16459E-01 -5.71680E-01  2.86142E-02  5.87365E-01  9.54001E-01
 -9.67244E-01 -7.43771E-01 -3.93140E-01  2.04526E-01  8.96378E-01
 -9.59704E-01 -7.07502E-01 -2.31300E-01  2.78903E-01  8.80992E-01
 -9.54623E-01 -7.05910E-01 -2.24321E-01  3.86669E-01  8.86467E-01
 -9.54062E-01 -7.16657E-01 -3.12847E-01  3.13787E-01  8.94248E-01
 -9.59295E-01 -7.20642E-01 -2.35462E-01  4.14301E-01  9.33116E-01
 -9.70881E-01 -8.17891E-01 -5.24349E-01 -8.91710E-02  7.89594E-01
 -8.70202E-01 -5.98906E-01 -3.06848E-01  8.30923E-02  8.38035E-01
 -7.80576E-01 -3.93699E-01 -3.00625E-02  3.67349E-01  8.77578E-01
 -6.37547E-01 -7.82067E-02  2.98615E-01  6.66523E-01  9.48731E-01
 -5.56886E-01  4.41304E-02  4.13149E-01  7.59077E-01  9.63513E-01
  8.18858E-02  3.97447E-01  6.20697E-01  7.72838E-01  9.67692E-01
  1.03854E-01  4.50617E-01  7.06767E-01  8.92492E-01  9.91187E-01
  1.41079E-01  5.38996E-01  7.55326E-01  9.04525E-01  9.88458E-01
  1.56996E-01  5.78638E-01  8.33634E-01  9.37582E-01  9.92725E-01
  1.46911E-01  5.96357E-01  8.34330E-01  9.40599E-01  9.94377E-01

  6.72400E-01 
 
  3.22504E+00  4.03684E+00  4.30076E+00  4.47289E+00  4.62002E+00
 
  5.36332E-01  7.20956E-01  8.25610E-01  9.11302E-01  9.70358E-01
  4.81716E-01  6.66099E-01  7.81275E-01  8.76471E-01  9.60844E-01
  4.02023E-01  6.26629E-01  7.67809E-01  8.79766E-01  9.64487E-01
  3.65687E-01  5.60934E-01  6.80681E-01  7.71941E-01  8.81653E-01
  2.19264E-01  3.75730E-01  4.73031E-01  5.77850E-01  7.22269E-01
 
 -9.48452E-01 -6.09358E-01  2.95435E-03  5.64107E-01  9.61945E-01
 -9.48646E-01 -6.03175E-01  3.12913E-02  5.53724E-01  9.40555E-01
 -9.50076E-01 -6.48690E-01 -8.12994E-02  4.94539E-01  9.55554E-01
 -9.39099E-01 -5.59498E-01 -2.16353E-02  5.87255E-01  9.51332E-01
 -9.46486E-01 -6.03129E-01 -5.93137E-03  5.35901E-01  9.42840E-01
 -9.66308E-01 -8.17686E-01 -5.06604E-01  1.16561E-01  8.75073E-01
 -9.75554E-01 -8.05441E-01 -4.15716E-01  3.12319E-01  9.26000E-01
 -9.53068E-01 -7.47440E-01 -3.66686E-01  3.38811E-01  8.82905E-01
 -9.77383E-01 -7.76619E-01 -3.44826E-01  3.52457E-01  9.09667E-01
 -9.51432E-01 -7.32704E-01 -1.31257E-01  4.05499E-01  9.12721E-01
 -8.04075E-01 -6.20225E-01 -3.90997E-01 -1.62274E-02  7.16697E-01
 -7.72645E-01 -5.43185E-01 -2.83040E-01  2.12957E-01  9.07825E-01
 -7.33784E-01 -4.65063E-01 -1.84667E-01  1.84763E-01  9.14690E-01
 -7.14471E-01 -3.83530E-01 -6.44063E-02  3.57501E-01  8.72773E-01
 -7.95062E-01 -3.90949E-01  6.01616E-02  5.09155E-01  8.93184E-01
 -3.30070E-02  2.14494E-01  4.21001E-01  6.88587E-01  9.43899E-01
  2.56822E-02  3.33817E-01  5.71557E-01  7.75002E-01  9.75324E-01
  1.11481E-01  5.27731E-01  7.00700E-01  8.64227E-01  9.87422E-01
  1.33492E-01  5.66565E-01  7.84738E-01  9.04816E-01  9.85986E-01
  1.64187E-01  5.96101E-01  8.07746E-01  9.36286E-01  9.92479E-01
  6.58691E-01  8.08274E-01  8.89023E-01  9.50385E-01  9.88062E-01
  5.87937E-01  8.09181E-01  8.93259E-01  9.56210E-01  9.95867E-01
  6.05746E-01  8.51824E-01  9.32871E-01  9.76431E-01  9.96367E-01
  6.00513E-01  8.28712E-01  9.20871E-01  9.76582E-01  9.96612E-01
  6.04294E-01  8.19963E-01  9.21521E-01  9.70763E-01  9.96903E-01

  8.46700E-01 
 
  3.81918E+00  4.34694E+00  4.54433E+00  4.65540E+00  4.74372E+00
 
  4.67892E-01  6.58404E-01  7.78217E-01  8.75756E-01  9.57773E-01
  4.07280E-01  6.07250E-01  7.55083E-01  8.65318E-01  9.57441E-01
  3.11661E-01  5.20459E-01  6.72575E-01  7.81059E-01  8.83637E-01
  2.37966E-01  4.03300E-01  5.22616E-01  6.26881E-01  7.56929E-01
  1.66331E-01  2.78600E-01  3.68251E-01  4.52968E-01  5.80441E-01
 
 -9.63208E-01 -6.99993E-01 -3.30891E-01  2.01443E-01  8.57028E-01
 -9.63252E-01 -6.85901E-01 -2.31903E-01  4.02312E-01  9.04360E-01
 -9.76495E-01 -7.51545E-01 -3.39735E-01  3.30991E-01  9.08699E-01
 -9.62824E-01 -7.14317E-01 -2.22377E-01  4.05933E-01  9.38869E-01
 -9.53762E-01 -6.43478E-01 -1.01035E-01  5.72402E-01  9.48800E-01
 -5.75180E-01 -3.65666E-01 -1.24658E-01  3.27278E-01  8.87990E-01
 -6.39770E-01 -3.85693E-01 -1.58142E-01  2.23631E-01  8.39995E-01
 -6.85869E-01 -3.97608E-01 -1.47295E-01  2.37862E-01  8.48935E-01
 -6.92262E-01 -3.48825E-01 -9.11387E-02  4.04235E-01  9.14904E-01
 -8.91683E-01 -5.20908E-01 -8.06256E-02  4.44049E-01  9.25488E-01
  2.47139E-01  4.63660E-01  6.74391E-01  8.58670E-01  9.85199E-01
  2.04005E-01  4.19982E-01  5.81980E-01  7.98002E-01  9.72754E-01
  2.29756E-01  5.00793E-01  6.32010E-01  8.21254E-01  9.81515E-01
  3.82853E-01  6.39046E-01  8.07914E-01  9.26462E-01  9.93564E-01
  4.06848E-01  7.25308E-01  8.81508E-01  9.55232E-01  9.93012E-01
  6.65514E-01  8.12060E-01  9.03110E-01  9.65824E-01  9.96499E-01
  6.10660E-01  7.55930E-01  8.41559E-01  9.32605E-01  9.93151E-01
  6.17319E-01  8.06163E-01  8.98388E-01  9.59962E-01  9.93098E-01
  6.72048E-01  8.52931E-01  9.33930E-01  9.75717E-01  9.97376E-01
  6.80962E-01  8.56495E-01  9.39347E-01  9.76461E-01  9.97053E-01
  8.89847E-01  9.47336E-01  9.76827E-01  9.90962E-01  9.99278E-01
  8.41591E-01  9.24083E-01  9.66946E-01  9.90127E-01  9.98676E-01
  8.50270E-01  9.33631E-01  9.70060E-01  9.88532E-01  9.98873E-01
  8.38853E-01  9.29519E-01  9.69336E-01  9.89767E-01  9.99243E-01
  8.51768E-01  9.33470E-01  9.67477E-01  9.89702E-01  9.98524E-01

  9.90100E-01 
 
  4.43260E+00  4.63937E+00  4.71516E+00  4.77511E+00  4.84954E+00
 
  3.19093E-01  5.50558E-01  7.06013E-01  8.39319E-01  9.47784E-01
  1.72317E-01  3.87682E-01  5.33866E-01  6.68670E-01  8.01852E-01
  1.24533E-01  2.94902E-01  4.12234E-01  5.14583E-01  6.61957E-01
  1.21201E-01  2.43583E-01  3.42035E-01  4.34306E-01  5.54994E-01
  8.28009E-02  1.44316E-01  2.07572E-01  2.83030E-01  3.99247E-01
 
 -2.81140E-01  5.41499E-02  3.41708E-01  7.04552E-01  9.54570E-01
 -3.70576E-01 -1.21996E-01  1.32099E-01  3.85933E-01  8.50228E-01
 -4.00484E-01 -1.60796E-01  1.05461E-01  4.41722E-01  8.94159E-01
 -3.77407E-01 -1.19788E-01  1.65439E-01  5.01966E-01  9.27936E-01
 -3.92923E-01 -1.03423E-01  2.21617E-01  5.32720E-01  8.90248E-01
  7.75363E-01  8.91960E-01  9.48684E-01  9.81772E-01  9.98135E-01
  6.18708E-01  7.48457E-01  8.61607E-01  9.49915E-01  9.93991E-01
  6.20579E-01  7.45302E-01  8.62713E-01  9.45076E-01  9.92709E-01
  6.56137E-01  7.92718E-01  8.81275E-01  9.59307E-01  9.94882E-01
  7.47405E-01  8.65439E-01  9.33615E-01  9.77000E-01  9.97128E-01
  9.10971E-01  9.54027E-01  9.78819E-01  9.92716E-01  9.99029E-01
  8.24502E-01  8.99402E-01  9.54349E-01  9.85006E-01  9.98130E-01
  8.14681E-01  8.96506E-01  9.56008E-01  9.85960E-01  9.98150E-01
  8.33809E-01  9.08647E-01  9.57321E-01  9.83407E-01  9.97765E-01
  8.68591E-01  9.29210E-01  9.67082E-01  9.89736E-01  9.98750E-01
  9.58214E-01  9.80176E-01  9.89665E-01  9.96038E-01  9.99431E-01
  9.07176E-01  9.47347E-01  9.74739E-01  9.90663E-01  9.99102E-01
  9.04589E-01  9.44460E-01  9.75372E-01  9.91313E-01  9.99073E-01
  8.92123E-01  9.43553E-01  9.73350E-01  9.91762E-01  9.99228E-01
  9.08444E-01  9.58425E-01  9.81305E-01  9.94238E-01  9.99328E-01
  9.87474E-01  9.93373E-01  9.96589E-01  9.98664E-01  9.99803E-01
  9.77132E-01  9.89117E-01  9.94939E-01  9.98054E-01  9.99777E-01
  9.68168E-01  9.85913E-01  9.93139E-01  9.97493E-01  9.99825E-01
  9.62399E-01  9.83362E-01  9.91349E-01  9.97320E-01  9.99701E-01
  9.61029E-01  9.84589E-01  9.92736E-01  9.97275E-01  9.99659E-01

  4.40500E-01 
 
  3.62003E+00  4.93491E+00  5.57550E+00  6.00078E+00  6.23860E+00
 
  5.51301E-01  7.16548E-01  8.31006E-01  9.08830E-01  9.71713E-01
  5.31302E-01  7.22170E-01  8.27595E-01  9.08273E-01  9.74406E-01
  5.11062E-01  6.89887E-01  8.07750E-01  8.83995E-01  9.61912E-01
  5.41984E-01  7.27611E-01  8.24706E-01  8.97510E-01  9.63202E-01
  3.22313E-01  4.43569E-01  5.34027E-01  6.22508E-01  7.65966E-01
 
 -9.26812E-01 -5.86337E-01 -1.13968E-01  5.05797E-01  9.39768E-01
 -9.15944E-01 -4.68349E-01  1.12759E-01  6.21724E-01  9.54709E-01
 -8.70349E-01 -4.77070E-01  1.00526E-01  6.75888E-01  9.28354E-01
 -9.46360E-01 -5.80691E-01  1.49554E-02  5.87007E-01  9.54886E-01
 -9.50821E-01 -6.28039E-01  6.19252E-02  5.90575E-01  9.33986E-01
 -9.44669E-01 -6.08470E-01  3.17316E-02  5.50464E-01  9.42333E-01
 -9.50989E-01 -6.40715E-01 -1.15975E-01  4.92361E-01  9.44634E-01
 -9.46726E-01 -5.68491E-01 -7.78829E-03  5.67341E-01  9.64095E-01
 -9.51738E-01 -5.28030E-01  1.42077E-01  6.42453E-01  9.53229E-01
 -9.42733E-01 -5.00304E-01  9.58500E-02  5.72188E-01  9.35089E-01
 -9.54854E-01 -6.15212E-01 -1.65552E-02  5.98736E-01  9.54986E-01
 -9.32349E-01 -5.89108E-01  6.90022E-03  6.61856E-01  9.57735E-01
 -8.86457E-01 -4.42816E-01  9.06381E-02  5.91448E-01  9.52898E-01
 -9.21319E-01 -5.88404E-01  9.88042E-02  6.68393E-01  9.62578E-01
 -9.52573E-01 -5.30103E-01  3.63002E-02  6.17339E-01  9.73843E-01
 -9.35164E-01 -5.44825E-01 -6.96975E-03  5.26023E-01  9.41798E-01
 -9.06436E-01 -4.15287E-01  1.99936E-01  6.74231E-01  9.56250E-01
 -9.44146E-01 -5.44333E-01 -2.46076E-03  5.70654E-01  9.54432E-01
 -9.51364E-01 -6.30815E-01 -3.10798E-02  5.91189E-01  9.18724E-01
 -9.45337E-01 -6.30832E-01 -1.09413E-01  5.39038E-01  8.93169E-01
 -9.48383E-01 -7.47610E-01 -1.63828E-01  5.71467E-01  9.64216E-01
 -9.15367E-01 -5.47684E-01  4.11539E-02  6.44682E-01  9.44079E-01
 -9.48052E-01 -6.41462E-01  7.84707E-02  5.98960E-01  9.48166E-01
 -9.62960E-01 -6.40807E-01 -1.37694E-02  6.85462E-01  9.74895E-01
 -9.66712E-01 -5.82864E-01 -5.69843E-02  5.73351E-01  9.68938E-01

  4.62500E-01 
 
  3.65214E+00  5.00957E+00  5.67005E+00  6.05838E+00  6.32265E+00
 
  5.50654E-01  7.36801E-01  8.38208E-01  9.06292E-01  9.69105E-01
  5.38125E-01  7.08026E-01  8.17630E-01  8.98321E-01  9.66057E-01
  5.22285E-01  6.85537E-01  7.91311E-01  8.86944E-01  9.66595E-01
  4.84238E-01  6.51049E-01  7.73166E-01  8.72385E-01  9.60714E-01
  2.91356E-01  4.26657E-01  5.31002E-01  6.34972E-01  7.80915E-01
 
 -9.25849E-01 -5.23009E-01  4.92226E-02  5.90700E-01  9.45553E-01
 -8.97335E-01 -5.53229E-01  1.58883E-01  5.92801E-01  9.47661E-01
 -9.36355E-01 -5.75057E-01 -1.65074E-02  5.63373E-01  9.71094E-01
 -9.09307E-01 -6.04763E-01 -1.10443E-02  5.65927E-01  9.47916E-01
 -9.46240E-01 -5.72348E-01  7.43509E-02  6.57193E-01  9.53662E-01
 -9.44505E-01 -5.24075E-01 -5.68314E-02  5.50519E-01  9.20149E-01
 -9.29092E-01 -4.58385E-01  1.31063E-01  6.57055E-01  9.47721E-01
 -9.14527E-01 -4.39861E-01  4.44137E-02  5.86558E-01  9.34329E-01
 -9.47395E-01 -5.77121E-01 -2.61268E-02  6.31457E-01  9.52168E-01
 -8.95788E-01 -4.54703E-01  1.03551E-01  6.87762E-01  9.51120E-01
 -9.45407E-01 -6.12369E-01 -3.25969E-02  5.67953E-01  9.13367E-01
 -9.70901E-01 -6.88501E-01 -2.78225E-01  4.71198E-01  9.42998E-01
 -9.35503E-01 -6.57265E-01 -7.84302E-02  5.29285E-01  9.11610E-01
 -9.34275E-01 -5.90729E-01  1.69461E-02  5.75343E-01  9.51050E-01
 -9.42125E-01 -6.09866E-01 -8.01604E-02  5.61695E-01  9.54943E-01
 -9.73065E-01 -7.58427E-01 -3.44925E-01  1.25654E-01  8.64464E-01
 -9.52425E-01 -7.22158E-01 -3.23076E-01  2.18840E-01  8.35818E-01
 -9.06824E-01 -6.35228E-01 -2.82411E-01  2.83258E-01  8.80708E-01
 -8.32868E-01 -4.47451E-01 -8.03310E-02  4.84450E-01  9.21189E-01
 -7.57835E-01 -3.19611E-01  1.60806E-01  6.13891E-01  9.04881E-01
 -2.26422E-01  1.10864E-01  3.60300E-01  6.48212E-01  8.68808E-01
 -9.05724E-02  2.84265E-01  5.67363E-01  7.62260E-01  9.56380E-01
  2.73439E-02  4.63340E-01  7.06126E-01  8.88529E-01  9.84650E-01
  1.38591E-01  5.69891E-01  7.67225E-01  9.26375E-01  9.91892E-01
  8.74350E-02  5.90605E-01  8.01369E-01  9.35953E-01  9.94635E-01

  5.71050E-01 
 
  3.99570E+00  5.36671E+00  5.95734E+00  6.25989E+00  6.53442E+00
 
  5.51399E-01  7.19534E-01  8.26569E-01  9.03614E-01  9.69654E-01
  5.22344E-01  7.00855E-01  8.09034E-01  8.95096E-01  9.67630E-01
  4.50806E-01  6.26957E-01  7.54765E-01  8.65134E-01  9.56932E-01
  4.11651E-01  6.00596E-01  7.26627E-01  8.33498E-01  9.28720E-01
  2.54931E-01  3.90678E-01  4.86345E-01  5.79345E-01  7.14035E-01
 
 -9.32644E-01 -5.29275E-01 -5.22114E-02  5.83858E-01  9.64193E-01
 -9.22621E-01 -6.18692E-01 -3.29539E-02  5.95130E-01  9.36682E-01
 -9.48280E-01 -5.87594E-01  2.76664E-02  6.35575E-01  9.72139E-01
 -9.48195E-01 -5.55532E-01  6.43457E-02  6.35628E-01  9.53633E-01
 -9.42119E-01 -5.94861E-01 -7.00737E-02  5.48244E-01  9.20618E-01
 -9.56345E-01 -6.07606E-01 -1.35459E-01  4.31154E-01  8.67392E-01
 -9.48522E-01 -6.25391E-01 -1.28658E-02  6.27816E-01  9.70862E-01
 -9.32937E-01 -6.38986E-01 -8.84320E-02  5.18244E-01  9.54956E-01
 -9.52926E-01 -5.90709E-01 -8.32251E-02  5.55579E-01  9.55114E-01
 -9.43410E-01 -5.16419E-01  1.13763E-03  6.12269E-01  9.39646E-01
 -9.87924E-01 -8.89294E-01 -5.94160E-01  1.78186E-01  8.03109E-01
 -9.69843E-01 -8.32897E-01 -4.14686E-01  1.55292E-01  8.41149E-01
 -9.74239E-01 -7.67969E-01 -3.42792E-01  3.61775E-01  9.30763E-01
 -9.60427E-01 -7.55121E-01 -2.90298E-01  4.29631E-01  9.05798E-01
 -9.67380E-01 -7.21940E-01 -2.43174E-01  5.09041E-01  9.40640E-01
 -3.71520E-01 -1.35477E-01  9.98474E-02  4.16928E-01  9.28171E-01
 -2.53275E-01  6.60479E-02  3.43677E-01  6.73845E-01  9.48768E-01
 -1.91790E-01  1.76047E-01  4.74772E-01  7.56743E-01  9.51075E-01
 -9.14515E-02  3.58732E-01  6.27433E-01  8.64221E-01  9.81429E-01
 -1.35047E-01  3.82457E-01  6.55807E-01  8.70706E-01  9.82829E-01
  5.30995E-01  6.79518E-01  8.10877E-01  9.02999E-01  9.90956E-01
  5.95737E-01  7.71354E-01  8.70430E-01  9.43799E-01  9.94569E-01
  5.54238E-01  7.85498E-01  8.87486E-01  9.54090E-01  9.94423E-01
  5.93988E-01  8.06309E-01  9.23591E-01  9.78313E-01  9.97903E-01
  5.98339E-01  8.27744E-01  9.15280E-01  9.73819E-01  9.97369E-01

  7.66200E-01 
 
  4.95130E+00  6.05861E+00  6.41376E+00  6.60989E+00  6.73334E+00
 
  5.10783E-01  6.93832E-01  8.01236E-01  8.91422E-01  9.66667E-01
  4.02101E-01  5.90251E-01  7.23916E-01  8.37824E-01  9.42254E-01
  3.67207E-01  5.49168E-01  6.90265E-01  8.05751E-01  9.11684E-01
  2.46835E-01  4.18768E-01  5.31468E-01  6.20229E-01  7.36352E-01
  1.85619E-01  2.83913E-01  3.60533E-01  4.39721E-01  5.48251E-01
 
 -9.68016E-01 -7.14790E-01 -2.99018E-01  4.21799E-01  9.42519E-01
 -9.48396E-01 -5.87057E-01 -8.82771E-02  5.35930E-01  9.44043E-01
 -9.67001E-01 -7.16519E-01 -2.38524E-01  5.23996E-01  9.41253E-01
 -9.35564E-01 -5.89077E-01 -3.28315E-02  5.64479E-01  9.52491E-01
 -9.33253E-01 -5.12745E-01  1.50054E-02  5.38449E-01  9.33347E-01
 -7.83737E-01 -6.22487E-01 -4.34411E-01 -3.72924E-02  7.92585E-01
 -8.26792E-01 -6.33642E-01 -4.50845E-01  9.69397E-02  8.30743E-01
 -8.78920E-01 -6.52209E-01 -4.18139E-01  4.46759E-02  8.66810E-01
 -9.13076E-01 -6.71997E-01 -2.69643E-01  2.58836E-01  9.05233E-01
 -9.56744E-01 -6.56753E-01 -1.20116E-01  3.93902E-01  8.58125E-01
  4.15309E-02  2.64570E-01  4.51906E-01  6.60866E-01  9.29839E-01
  5.97540E-02  2.78745E-01  4.88517E-01  7.52517E-01  9.74647E-01
  7.83354E-02  3.73469E-01  5.68820E-01  7.76159E-01  9.72513E-01
  1.87156E-01  4.88711E-01  6.64144E-01  8.13609E-01  9.70195E-01
  7.69290E-02  5.32498E-01  7.60679E-01  8.90434E-01  9.82863E-01
  6.28449E-01  7.56080E-01  8.49194E-01  9.41054E-01  9.94619E-01
  5.71600E-01  7.29354E-01  8.42097E-01  9.34015E-01  9.91727E-01
  6.17258E-01  7.81237E-01  8.69023E-01  9.49939E-01  9.92439E-01
  6.65902E-01  8.30101E-01  9.11187E-01  9.66557E-01  9.95002E-01
  7.38712E-01  8.82075E-01  9.47598E-01  9.83331E-01  9.97861E-01
  8.89456E-01  9.45683E-01  9.76789E-01  9.91845E-01  9.98929E-01
  8.51973E-01  9.32059E-01  9.63802E-01  9.88959E-01  9.98765E-01
  8.42762E-01  9.25033E-01  9.64112E-01  9.87296E-01  9.99115E-01
  8.57201E-01  9.38306E-01  9.71643E-01  9.90330E-01  9.99251E-01
  8.48451E-01  9.38579E-01  9.72620E-01  9.92014E-01  9.99388E-01

  9.85700E-01 
 
  6.40764E+00  6.65109E+00  6.73216E+00  6.79259E+00  6.86158E+00
 
  2.09786E-01  4.55389E-01  6.40371E-01  7.94065E-01  9.20824E-01
  1.21674E-01  2.84356E-01  4.22475E-01  5.56246E-01  7.09719E-01
  1.26991E-01  2.35178E-01  3.33609E-01  4.35803E-01  5.73266E-01
  1.17133E-01  2.04951E-01  2.87936E-01  3.68640E-01  4.83006E-01
  9.22416E-02  1.59659E-01  2.17378E-01  2.79072E-01  3.71028E-01
 
 -5.49535E-02  3.70863E-01  7.31338E-01  8.12425E-01  9.79588E-01
 -2.97780E-01  9.43965E-03  3.28150E-01  6.03441E-01  9.21996E-01
 -2.82673E-01 -1.60485E-02  2.48705E-01  5.39223E-01  8.86252E-01
 -2.64331E-01 -1.67795E-02  3.26864E-01  5.81703E-01  9.39037E-01
 -1.98947E-01  1.66802E-01  4.60965E-01  7.44566E-01  9.53470E-01
  8.87194E-01  9.68106E-01  9.89732E-01  9.96973E-01  9.99525E-01
  7.14956E-01  8.43248E-01  9.22465E-01  9.82905E-01  9.97814E-01
  6.98267E-01  8.22314E-01  9.06711E-01  9.73422E-01  9.95770E-01
  7.17791E-01  8.21710E-01  9.07805E-01  9.59044E-01  9.95841E-01
  8.14634E-01  9.02178E-01  9.50033E-01  9.82439E-01  9.98177E-01
  9.39545E-01  9.78257E-01  9.91639E-01  9.97981E-01  9.99790E-01
  8.82666E-01  9.48054E-01  9.81837E-01  9.94873E-01  9.99427E-01
  8.58714E-01  9.31702E-01  9.71648E-01  9.90965E-01  9.99061E-01
  8.67142E-01  9.33711E-01  9.69153E-01  9.89639E-01  9.98570E-01
  8.94483E-01  9.48908E-01  9.75588E-01  9.92471E-01  9.99065E-01
  9.66117E-01  9.84303E-01  9.93133E-01  9.97803E-01  9.99820E-01
  9.32073E-01  9.70181E-01  9.89532E-01  9.97041E-01  9.99639E-01
  9.19599E-01  9.64835E-01  9.84874E-01  9.94540E-01  9.99636E-01
  9.24680E-01  9.61804E-01  9.82610E-01  9.94331E-01  9.99326E-01
  9.33924E-01  9.72127E-01  9.86443E-01  9.94704E-01  9.99405E-01
  9.85902E-01  9.94244E-01  9.97258E-01  9.99217E-01  9.99924E-01
  9.76149E-01  9.89927E-01  9.95906E-01  9.98659E-01  9.99855E-01
  9.68518E-01  9.86864E-01  9.94145E-01  9.98005E-01  9.99816E-01
  9.67252E-01  9.84783E-01  9.93033E-01  9.97515E-01  9.99830E-01
  9.68637E-01  9.86008E-01  9.93529E-01  9.98180E-01  9.99736E-01

  3.86550E-01 
 
  4.81909E+00  6.72951E+00  7.67395E+00  8.33907E+00  8.81656E+00
 
  5.42692E-01  7.22334E-01  8.28607E-01  9.10112E-01  9.73366E-01
  5.08663E-01  6.84004E-01  8.01825E-01  8.93562E-01  9.66254E-01
  4.90402E-01  6.83608E-01  7.98188E-01  8.82647E-01  9.63725E-01
  4.99813E-01  6.88323E-01  8.04625E-01  8.94548E-01  9.69245E-01
  3.58832E-01  4.73568E-01  5.65409E-01  6.51654E-01  7.86862E-01
 
 -9.50295E-01 -5.24271E-01 -9.04483E-03  4.68990E-01  9.48643E-01
 -9.44390E-01 -5.18698E-01  1.06575E-01  6.19148E-01  9.36499E-01
 -9.00181E-01 -5.56047E-01  9.23020E-02  6.38333E-01  9.36798E-01
 -9.31804E-01 -5.33451E-01  1.60022E-02  5.38688E-01  9.11944E-01
 -8.94486E-01 -4.90615E-01  7.71608E-02  6.90742E-01  9.42145E-01
 -9.07662E-01 -5.47079E-01 -3.34713E-02  5.62535E-01  9.57294E-01
 -9.39857E-01 -5.80601E-01  7.67047E-02  6.35446E-01  9.56051E-01
 -9.46149E-01 -6.18082E-01  4.91907E-02  6.01303E-01  9.57098E-01
 -9.28208E-01 -5.05216E-01  2.40711E-02  5.20698E-01  9.54703E-01
 -9.23090E-01 -6.76702E-01 -8.30424E-02  5.81790E-01  9.42974E-01
 -9.55630E-01 -5.13811E-01  2.19006E-01  6.67456E-01  9.58182E-01
 -9.63945E-01 -6.85977E-01 -1.02865E-01  6.02361E-01  9.66714E-01
 -9.30118E-01 -4.35327E-01  1.84044E-01  7.44253E-01  9.74655E-01
 -9.57456E-01 -5.52729E-01 -5.76964E-02  5.65820E-01  9.10431E-01
 -9.15743E-01 -4.82578E-01  7.71616E-02  6.27463E-01  9.38000E-01
 -9.30289E-01 -6.20220E-01 -3.20799E-03  5.51329E-01  9.40000E-01
 -9.46266E-01 -6.21697E-01  9.78233E-03  4.92585E-01  9.26711E-01
 -9.51474E-01 -5.94721E-01 -1.01837E-01  4.86375E-01  8.96228E-01
 -9.41454E-01 -5.38035E-01  1.77074E-02  5.63847E-01  9.56097E-01
 -9.37615E-01 -5.89654E-01 -6.41473E-03  4.90872E-01  9.32028E-01
 -8.60089E-01 -3.48225E-01  2.66752E-01  7.35323E-01  9.59673E-01
 -9.22796E-01 -5.15999E-01  5.23122E-02  6.68998E-01  9.63380E-01
 -9.23998E-01 -4.97528E-01  1.24691E-01  5.94404E-01  9.46644E-01
 -8.93169E-01 -4.82414E-01  7.90490E-02  6.24618E-01  9.38701E-01
 -9.44276E-01 -5.96286E-01  1.82273E-02  6.25948E-01  9.49070E-01

  4.09100E-01 
 
  4.93795E+00  6.81359E+00  7.79755E+00  8.42628E+00  8.87056E+00
 
  5.42016E-01  7.16502E-01  8.27478E-01  9.05629E-01  9.72580E-01
  5.04972E-01  6.89165E-01  7.88567E-01  8.82629E-01  9.63703E-01
  4.89460E-01  6.68254E-01  7.80441E-01  8.80581E-01  9.61231E-01
  5.05987E-01  6.85713E-01  7.95181E-01  8.88773E-01  9.64678E-01
  3.20818E-01  4.62682E-01  5.77010E-01  6.91759E-01  8.28796E-01
 
 -9.41034E-01 -5.98797E-01  1.14828E-01  6.56101E-01  9.59259E-01
 -9.18873E-01 -5.33119E-01  1.89693E-01  6.81982E-01  9.77394E-01
 -9.43053E-01 -5.92721E-01  2.04528E-02  5.01869E-01  9.35007E-01
 -9.01050E-01 -5.18849E-01  8.35380E-02  6.43863E-01  9.66190E-01
 -9.53167E-01 -5.46670E-01  3.53942E-02  5.45622E-01  9.23326E-01
 -9.18367E-01 -4.55761E-01  1.37429E-01  7.32763E-01  9.63398E-01
 -9.20139E-01 -6.10636E-01 -1.92062E-02  5.67790E-01  9.40884E-01
 -9.11628E-01 -5.22951E-01  1.29440E-01  6.51633E-01  9.53118E-01
 -9.12954E-01 -5.62081E-01 -3.49693E-02  5.88371E-01  9.49127E-01
 -9.03290E-01 -5.59528E-01 -5.77708E-02  6.11111E-01  9.32457E-01
 -9.64201E-01 -7.31698E-01 -1.35863E-01  5.18753E-01  9.58053E-01
 -9.71598E-01 -6.96807E-01 -1.87195E-02  5.37634E-01  8.89311E-01
 -9.51704E-01 -5.45798E-01  5.91809E-02  6.67522E-01  9.67902E-01
 -9.18334E-01 -5.35613E-01  1.33345E-02  5.26472E-01  9.08487E-01
 -9.11529E-01 -4.56299E-01  1.36016E-01  6.21625E-01  9.47651E-01
 -9.64713E-01 -6.79128E-01 -5.80842E-02  5.75557E-01  9.51343E-01
 -9.48784E-01 -6.89967E-01 -1.85310E-01  4.49246E-01  9.13172E-01
 -9.58227E-01 -6.94609E-01 -2.08895E-01  4.25306E-01  9.28183E-01
 -9.40598E-01 -6.07995E-01 -1.45423E-01  4.37203E-01  9.35685E-01
 -9.49609E-01 -6.35604E-01 -8.28731E-02  4.27366E-01  9.03584E-01
 -5.21345E-01 -1.68414E-01  1.19314E-01  5.06191E-01  8.04827E-01
 -4.40400E-01  4.25567E-02  3.67110E-01  6.62810E-01  9.80107E-01
 -1.70286E-01  3.18704E-01  6.00088E-01  8.36801E-01  9.79109E-01
 -2.24957E-02  4.36091E-01  7.23839E-01  8.95468E-01  9.84691E-01
 -2.07108E-02  4.58352E-01  7.70165E-01  9.32224E-01  9.92259E-01

  4.88100E-01 
 
  5.26103E+00  7.20463E+00  8.13833E+00  8.68998E+00  9.19682E+00
 
  5.29788E-01  7.12332E-01  8.16410E-01  8.99906E-01  9.73160E-01
  4.97981E-01  6.71164E-01  7.87513E-01  8.79971E-01  9.61177E-01
  4.91140E-01  6.71717E-01  7.90387E-01  8.80521E-01  9.62644E-01
  4.22384E-01  6.07056E-01  7.36411E-01  8.50399E-01  9.50722E-01
  2.81870E-01  4.27037E-01  5.24509E-01  6.18583E-01  7.44512E-01
 
 -9.27627E-01 -5.51574E-01  2.65642E-02  5.82506E-01  9.68187E-01
 -9.38993E-01 -5.64396E-01  7.47038E-02  6.02053E-01  9.56506E-01
 -8.98054E-01 -5.40702E-01  4.54818E-02  6.40196E-01  9.54842E-01
 -9.46587E-01 -5.68811E-01 -6.53580E-02  5.61588E-01  9.46760E-01
 -9.52383E-01 -5.36000E-01  4.64351E-02  5.52258E-01  9.27383E-01
 -9.41990E-01 -4.96860E-01  2.64859E-02  6.01673E-01  9.61133E-01
 -9.46823E-01 -5.26623E-01  8.81459E-02  5.83864E-01  9.54045E-01
 -9.35117E-01 -4.69429E-01  1.00224E-01  6.27036E-01  9.48875E-01
 -9.46074E-01 -5.94211E-01 -6.73563E-02  5.92799E-01  8.97557E-01
 -9.53539E-01 -6.15033E-01 -2.29724E-03  6.55908E-01  9.58570E-01
 -9.42317E-01 -6.71990E-01 -1.93869E-01  3.58569E-01  9.12258E-01
 -9.65009E-01 -6.40014E-01  3.81183E-02  5.75668E-01  9.27764E-01
 -9.29468E-01 -6.55677E-01 -1.36220E-01  4.22171E-01  9.38840E-01
 -9.53304E-01 -6.46507E-01 -1.41997E-01  4.82732E-01  9.38343E-01
 -9.47140E-01 -5.97407E-01  3.18481E-02  6.06062E-01  9.53833E-01
 -7.74914E-01 -5.76448E-01 -2.69411E-01  3.93443E-01  8.80548E-01
 -6.70414E-01 -3.07477E-01  5.90283E-02  5.25524E-01  9.43704E-01
 -5.70979E-01 -2.68824E-01  1.34409E-01  6.74682E-01  9.49084E-01
 -5.83795E-01 -2.28431E-01  1.89694E-01  6.76992E-01  9.59150E-01
 -6.35343E-01 -1.33011E-01  2.24180E-01  5.81096E-01  9.53092E-01
  3.48695E-01  5.99047E-01  7.12893E-01  8.14094E-01  9.74135E-01
  3.51509E-01  6.24356E-01  7.87006E-01  9.00078E-01  9.87094E-01
  4.08907E-01  7.12592E-01  8.59719E-01  9.41021E-01  9.93960E-01
  4.91058E-01  7.65414E-01  8.92829E-01  9.52684E-01  9.92945E-01
  4.54937E-01  7.53062E-01  8.62409E-01  9.61121E-01  9.96183E-01

  6.70900E-01 
 
  6.18356E+00  8.11879E+00  8.85373E+00  9.29212E+00  9.53375E+00
 
  5.28107E-01  7.02284E-01  8.09816E-01  8.94602E-01  9.66995E-01
  4.44375E-01  6.19779E-01  7.42519E-01  8.50950E-01  9.53144E-01
  4.05718E-01  5.86372E-01  7.23980E-01  8.46574E-01  9.44959E-01
  3.03870E-01  4.60082E-01  5.74175E-01  6.81127E-01  7.98026E-01
  1.84415E-01  2.85351E-01  3.62921E-01  4.40414E-01  5.46453E-01
 
 -9.44302E-01 -6.46330E-01 -8.01100E-02  5.08299E-01  9.22456E-01
 -9.06485E-01 -5.05993E-01  4.46783E-02  6.38690E-01  9.53340E-01
 -9.37980E-01 -5.60869E-01 -7.01245E-03  6.06760E-01  9.59032E-01
 -9.45994E-01 -5.67425E-01  1.91306E-02  5.63136E-01  9.46032E-01
 -9.33256E-01 -5.37499E-01  3.54822E-02  5.79517E-01  9.59835E-01
 -9.75586E-01 -8.17075E-01 -4.06820E-01  2.54259E-01  8.14142E-01
 -9.69028E-01 -7.95661E-01 -3.62735E-01  3.15812E-01  9.21652E-01
 -9.66839E-01 -7.19445E-01 -2.85579E-01  3.64872E-01  9.23593E-01
 -9.59729E-01 -6.88471E-01 -6.22218E-02  5.25110E-01  9.50979E-01
 -9.58938E-01 -6.46624E-01 -8.92182E-02  4.26376E-01  9.01164E-01
 -4.39807E-01 -1.81246E-01  9.30565E-02  5.26112E-01  9.28738E-01
 -4.22337E-01 -1.46685E-01  1.90442E-01  6.48611E-01  9.58073E-01
 -4.71639E-01 -1.44155E-01  2.13917E-01  7.08561E-01  9.66805E-01
 -4.87946E-01 -1.01645E-01  1.98567E-01  6.59752E-01  9.60043E-01
 -6.37451E-01 -2.29731E-01  1.28371E-01  5.33286E-01  9.24529E-01
  3.63950E-01  5.34053E-01  6.48992E-01  8.45875E-01  9.72213E-01
  3.47327E-01  5.70896E-01  7.27425E-01  8.76757E-01  9.86944E-01
  4.59233E-01  6.69160E-01  8.28522E-01  9.30005E-01  9.92825E-01
  4.83565E-01  7.36664E-01  8.55924E-01  9.45976E-01  9.93469E-01
  5.99161E-01  8.10720E-01  9.16018E-01  9.72789E-01  9.96787E-01
  8.35473E-01  9.08012E-01  9.51027E-01  9.79481E-01  9.97538E-01
  8.24936E-01  9.16829E-01  9.52977E-01  9.81384E-01  9.98142E-01
  8.31306E-01  9.10201E-01  9.55213E-01  9.80638E-01  9.96930E-01
  8.29539E-01  9.27259E-01  9.71657E-01  9.91649E-01  9.99076E-01
  8.77336E-01  9.36990E-01  9.69940E-01  9.88930E-01  9.98992E-01

  9.71850E-01 
 
  9.16431E+00  9.50741E+00  9.59267E+00  9.65295E+00  9.72415E+00
 
  2.20461E-01  4.30642E-01  5.97273E-01  7.55191E-01  8.94268E-01
  1.01073E-01  2.26067E-01  3.41312E-01  4.71315E-01  6.32079E-01
  1.11040E-01  1.95682E-01  2.75627E-01  3.66918E-01  4.93803E-01
  1.05811E-01  1.79247E-01  2.41929E-01  3.15205E-01  4.20638E-01
  9.64321E-02  1.48872E-01  1.96540E-01  2.49259E-01  3.26355E-01
 
 -8.77367E-02  2.99914E-01  5.38187E-01  6.88079E-01  9.53395E-01
 -2.59472E-01  7.93928E-02  3.26778E-01  5.82940E-01  9.05839E-01
 -2.45856E-01  2.37017E-02  3.01237E-01  5.56771E-01  9.18888E-01
 -2.26141E-01  6.63035E-02  4.19148E-01  6.50573E-01  9.50531E-01
 -1.36479E-01  1.74761E-01  5.30891E-01  7.87315E-01  9.71855E-01
  9.29320E-01  9.80811E-01  9.92823E-01  9.97955E-01  9.99830E-01
  8.10063E-01  9.16436E-01  9.69692E-01  9.90218E-01  9.99119E-01
  7.64850E-01  8.76834E-01  9.36271E-01  9.82110E-01  9.98672E-01
  7.84053E-01  8.70560E-01  9.34290E-01  9.76087E-01  9.98110E-01
  8.56053E-01  9.23410E-01  9.62537E-01  9.85964E-01  9.97719E-01
  9.54710E-01  9.84749E-01  9.94984E-01  9.98494E-01  9.99845E-01
  9.22814E-01  9.74452E-01  9.88448E-01  9.97063E-01  9.99650E-01
  8.95693E-01  9.56275E-01  9.82303E-01  9.94335E-01  9.99253E-01
  8.91513E-01  9.46684E-01  9.75931E-01  9.90928E-01  9.98881E-01
  9.13660E-01  9.56007E-01  9.77306E-01  9.92941E-01  9.99232E-01
  9.79504E-01  9.91072E-01  9.96216E-01  9.98577E-01  9.99835E-01
  9.54374E-01  9.80642E-01  9.92339E-01  9.97595E-01  9.99800E-01
  9.47794E-01  9.77689E-01  9.90423E-01  9.96634E-01  9.99677E-01
  9.35919E-01  9.70117E-01  9.87165E-01  9.95597E-01  9.99614E-01
  9.49538E-01  9.75661E-01  9.87030E-01  9.95090E-01  9.99532E-01
  9.88201E-01  9.95077E-01  9.97879E-01  9.99335E-01  9.99920E-01
  9.81315E-01  9.91946E-01  9.96435E-01  9.98846E-01  9.99876E-01
  9.75748E-01  9.89453E-01  9.95681E-01  9.98446E-01  9.99849E-01
  9.72445E-01  9.88498E-01  9.95129E-01  9.98320E-01  9.99852E-01
  9.74612E-01  9.88561E-01  9.95198E-01  9.98570E-01  9.99824E-01

  3.26400E-01 
 
  7.16085E+00  1.00669E+01  1.17079E+01  1.28521E+01  1.37946E+01
 
  5.21308E-01  7.10204E-01  8.18055E-01  8.91802E-01  9.67728E-01
  4.86207E-01  6.61530E-01  7.77507E-01  8.75401E-01  9.64319E-01
  4.63021E-01  6.47218E-01  7.79115E-01  8.76054E-01  9.59854E-01
  4.64264E-01  6.35395E-01  7.67929E-01  8.70811E-01  9.61146E-01
  3.36735E-01  4.92814E-01  6.08640E-01  7.22133E-01  8.37392E-01
 
 -9.23877E-01 -5.08506E-01  7.68628E-02  6.67722E-01  9.76365E-01
 -9.17100E-01 -5.68651E-01 -7.21226E-02  5.93413E-01  9.68863E-01
 -9.32063E-01 -4.48654E-01  2.15525E-02  5.50240E-01  9.36996E-01
 -8.85060E-01 -4.50039E-01  2.35109E-01  7.34817E-01  9.53897E-01
 -9.37507E-01 -6.19086E-01  4.89590E-02  6.60384E-01  9.46675E-01
 -8.79693E-01 -6.05540E-01  6.76264E-02  6.66449E-01  9.58940E-01
 -9.23125E-01 -5.75682E-01  3.31725E-02  5.85996E-01  9.43555E-01
 -9.45647E-01 -6.96598E-01 -2.69374E-01  4.45240E-01  9.28625E-01
 -9.51792E-01 -6.38389E-01 -5.59902E-02  5.24783E-01  9.19043E-01
 -9.28688E-01 -4.51904E-01  1.17033E-01  5.88515E-01  9.35603E-01
 -8.66820E-01 -5.35222E-01  1.17561E-01  6.69665E-01  9.75945E-01
 -9.62174E-01 -6.37839E-01 -9.57404E-02  4.97927E-01  9.57354E-01
 -9.27216E-01 -5.98766E-01 -5.39381E-02  6.59797E-01  9.73323E-01
 -9.56794E-01 -5.30446E-01  1.68121E-01  6.76531E-01  9.69211E-01
 -8.52643E-01 -4.39320E-01  8.62743E-02  5.66422E-01  9.70404E-01
 -9.43767E-01 -6.74504E-01 -1.42104E-01  4.32622E-01  9.03363E-01
 -8.78360E-01 -4.95374E-01  4.16559E-02  6.59073E-01  9.61271E-01
 -9.59962E-01 -5.72336E-01  3.47460E-02  5.61624E-01  9.34153E-01
 -9.61470E-01 -4.91786E-01  2.30406E-01  7.46950E-01  9.69709E-01
 -9.48069E-01 -6.53804E-01 -1.00133E-01  5.51366E-01  9.26784E-01
 -9.52344E-01 -6.61204E-01 -2.34467E-01  4.52180E-01  9.37965E-01
 -9.04178E-01 -5.64551E-01 -2.67277E-02  5.08441E-01  9.38168E-01
 -9.15184E-01 -4.66045E-01  2.16441E-01  6.70583E-01  9.52488E-01
 -9.59815E-01 -5.78455E-01  8.23428E-02  7.04328E-01  9.63464E-01
 -9.17227E-01 -5.25630E-01  4.16137E-02  6.70741E-01  9.81314E-01

  3.57400E-01 
 
  7.40883E+00  1.02476E+01  1.18402E+01  1.29800E+01  1.39017E+01
 
  5.06139E-01  6.91794E-01  7.99812E-01  8.89169E-01  9.63469E-01
  4.75025E-01  6.62860E-01  7.73975E-01  8.79927E-01  9.59293E-01
  4.42892E-01  6.26692E-01  7.62444E-01  8.68761E-01  9.56479E-01
  4.28052E-01  6.34871E-01  7.57348E-01  8.72128E-01  9.56358E-01
  3.56172E-01  4.98969E-01  6.26978E-01  7.34080E-01  8.55853E-01
 
 -9.39184E-01 -5.38843E-01  1.07825E-01  6.77497E-01  9.42233E-01
 -9.42492E-01 -5.39278E-01 -3.79432E-03  6.22342E-01  9.67998E-01
 -9.22848E-01 -5.15850E-01  2.00581E-01  7.27438E-01  9.75260E-01
 -9.02678E-01 -4.24251E-01  1.16752E-01  7.10698E-01  9.60171E-01
 -9.20279E-01 -5.22257E-01  1.43112E-02  5.70414E-01  9.32830E-01
 -9.36246E-01 -5.94666E-01 -1.60657E-02  5.19874E-01  9.40628E-01
 -8.94048E-01 -4.93359E-01  2.66945E-01  7.61898E-01  9.63715E-01
 -9.45353E-01 -3.74490E-01  1.57970E-01  6.23814E-01  9.76636E-01
 -9.39569E-01 -5.97500E-01  3.08701E-02  5.71256E-01  9.63819E-01
 -9.08249E-01 -5.30710E-01 -4.97629E-02  4.95350E-01  9.45583E-01
 -9.37067E-01 -6.67266E-01 -1.30804E-02  6.33888E-01  9.35838E-01
 -9.40357E-01 -5.70104E-01 -7.79488E-03  5.26080E-01  9.52699E-01
 -9.61140E-01 -7.38327E-01 -1.89773E-01  3.80279E-01  9.49122E-01
 -9.43913E-01 -6.16585E-01 -2.83465E-02  5.56053E-01  9.57287E-01
 -9.41174E-01 -6.40899E-01  2.22331E-02  5.73297E-01  9.29688E-01
 -9.28796E-01 -5.41999E-01  9.25815E-02  5.80427E-01  9.70128E-01
 -9.17775E-01 -5.45419E-01 -8.74681E-02  4.96003E-01  9.21649E-01
 -9.38311E-01 -5.98715E-01 -9.78710E-03  6.40395E-01  9.74303E-01
 -9.29542E-01 -5.98057E-01  4.43392E-02  5.53534E-01  9.47334E-01
 -9.50754E-01 -5.84722E-01  7.56641E-02  6.28714E-01  9.78341E-01
 -8.51166E-01 -3.70981E-01  2.92723E-01  7.22299E-01  9.55228E-01
 -6.00358E-01 -8.96332E-02  4.02805E-01  7.35239E-01  9.68900E-01
 -4.66964E-01  4.98398E-02  4.47469E-01  8.20679E-01  9.69857E-01
 -2.92561E-01  1.93548E-01  5.97583E-01  8.74820E-01  9.85710E-01
 -3.19749E-01  1.09694E-01  5.94954E-01  8.36196E-01  9.85292E-01

  4.22450E-01 
 
  7.96137E+00  1.08497E+01  1.24130E+01  1.34655E+01  1.43581E+01
 
  5.17310E-01  6.88049E-01  8.02461E-01  8.90474E-01  9.66170E-01
  4.56662E-01  6.51583E-01  7.68553E-01  8.71350E-01  9.58900E-01
  4.52100E-01  6.40747E-01  7.67304E-01  8.63717E-01  9.58288E-01
  4.11278E-01  6.00808E-01  7.37231E-01  8.48001E-01  9.52544E-01
  3.03318E-01  4.42188E-01  5.52271E-01  6.71713E-01  8.04937E-01
 
 -9.20872E-01 -4.58947E-01  8.52413E-02  6.42896E-01  9.78137E-01
 -9.20712E-01 -3.84280E-01  1.49256E-01  6.60030E-01  9.63805E-01
 -9.55502E-01 -6.05564E-01 -6.47385E-02  6.08212E-01  9.34415E-01
 -9.23679E-01 -5.74354E-01  6.28328E-02  6.17629E-01  9.30436E-01
 -9.23257E-01 -4.14138E-01  1.28237E-01  6.04862E-01  9.49952E-01
 -9.82966E-01 -6.53572E-01 -8.23381E-02  5.06438E-01  9.43006E-01
 -9.29277E-01 -4.95802E-01  8.42183E-02  6.19810E-01  9.56414E-01
 -8.93039E-01 -3.92394E-01  8.58719E-02  7.00065E-01  9.71937E-01
 -9.28949E-01 -5.84099E-01 -6.22753E-02  5.62341E-01  9.71008E-01
 -9.58718E-01 -6.81720E-01 -1.14794E-01  5.68617E-01  9.66490E-01
 -9.33511E-01 -5.30659E-01  2.46540E-02  5.58367E-01  9.42355E-01
 -9.20329E-01 -5.71912E-01  5.17080E-02  6.52602E-01  9.11137E-01
 -9.48362E-01 -6.57515E-01 -9.44120E-02  5.61730E-01  9.37604E-01
 -9.50185E-01 -5.73407E-01 -5.05689E-02  6.65090E-01  9.42596E-01
 -9.19966E-01 -5.57864E-01  1.80918E-02  6.02669E-01  9.41433E-01
 -9.65669E-01 -5.32462E-01  7.50148E-02  6.36252E-01  9.70693E-01
 -9.02067E-01 -4.63561E-01  4.37291E-02  6.78268E-01  9.45991E-01
 -7.99246E-01 -3.27555E-01  2.43001E-01  7.20620E-01  9.58294E-01
 -8.53754E-01 -2.80901E-01  2.35374E-01  7.15734E-01  9.65009E-01
 -8.65431E-01 -3.89819E-01  1.19446E-01  6.73958E-01  9.51076E-01
  4.46399E-02  4.13392E-01  6.41661E-01  8.92360E-01  9.93425E-01
  9.83310E-02  4.51205E-01  7.25880E-01  9.11831E-01  9.90491E-01
  1.77438E-01  4.91632E-01  7.30528E-01  8.78357E-01  9.86161E-01
  3.27316E-01  6.44530E-01  8.17894E-01  9.15152E-01  9.90852E-01
  2.87396E-01  6.93245E-01  8.69171E-01  9.61325E-01  9.97745E-01

  5.67850E-01 
 
  8.83971E+00  1.19597E+01  1.34193E+01  1.43126E+01  1.50052E+01
 
  4.97560E-01  6.78934E-01  7.94928E-01  8.85769E-01  9.65960E-01
  4.31524E-01  6.20695E-01  7.46961E-01  8.60070E-01  9.59715E-01
  3.91283E-01  5.68614E-01  7.03824E-01  8.25695E-01  9.45981E-01
  3.40881E-01  4.96910E-01  6.34626E-01  7.66573E-01  9.03674E-01
  2.20292E-01  3.20327E-01  4.12852E-01  5.01202E-01  6.15141E-01
 
 -9.53569E-01 -5.95052E-01  2.97996E-02  5.67839E-01  9.53007E-01
 -9.21779E-01 -5.60333E-01  1.02282E-01  6.22030E-01  9.60703E-01
 -9.35529E-01 -5.33983E-01  4.25460E-02  5.22061E-01  9.47603E-01
 -9.48485E-01 -5.54043E-01  4.79623E-02  5.93895E-01  9.41289E-01
 -9.43189E-01 -5.92589E-01 -7.60994E-02  5.96544E-01  9.59593E-01
 -9.44171E-01 -6.65766E-01 -1.24985E-02  6.07606E-01  9.64599E-01
 -9.59178E-01 -5.84571E-01 -3.70641E-02  5.61801E-01  9.52853E-01
 -9.34113E-01 -5.32296E-01 -1.27235E-02  6.15683E-01  9.56412E-01
 -9.40968E-01 -5.72829E-01  1.70487E-02  5.52564E-01  9.46599E-01
 -9.32994E-01 -6.30793E-01 -5.34030E-02  4.92982E-01  9.41077E-01
 -9.16588E-01 -5.62543E-01  8.57543E-03  5.93765E-01  9.51748E-01
 -8.83116E-01 -4.72069E-01  1.36231E-01  6.47712E-01  9.44090E-01
 -8.58736E-01 -5.19804E-01  5.68142E-02  6.05387E-01  9.49592E-01
 -9.19301E-01 -5.20515E-01  1.62403E-01  5.96449E-01  9.48393E-01
 -9.34298E-01 -6.02813E-01 -4.81817E-03  6.36977E-01  9.47623E-01
 -9.86014E-02  2.68260E-01  5.99359E-01  8.65115E-01  9.88916E-01
 -9.33374E-02  2.65040E-01  5.70675E-01  8.34447E-01  9.85609E-01
  1.14190E-02  3.63078E-01  6.93459E-01  8.76007E-01  9.81533E-01
  6.56849E-02  4.34031E-01  6.38174E-01  8.72496E-01  9.85328E-01
 -7.84553E-02  3.22161E-01  6.32494E-01  8.54114E-01  9.80206E-01
  6.75728E-01  8.02320E-01  8.97264E-01  9.60957E-01  9.96391E-01
  6.82486E-01  8.26362E-01  9.01512E-01  9.71914E-01  9.98339E-01
  7.19664E-01  8.24810E-01  9.09274E-01  9.66336E-01  9.96975E-01
  7.37436E-01  8.74601E-01  9.36203E-01  9.81243E-01  9.97693E-01
  7.79121E-01  9.07637E-01  9.55140E-01  9.81260E-01  9.97463E-01

  9.22900E-01 
 
  1.39933E+01  1.50902E+01  1.52397E+01  1.53227E+01  1.54111E+01
 
  2.95032E-01  4.77026E-01  6.29684E-01  7.85455E-01  9.28140E-01
  1.22127E-01  2.18984E-01  3.16105E-01  4.54649E-01  6.49870E-01
  1.02707E-01  1.66807E-01  2.33084E-01  3.20643E-01  4.65793E-01
  1.04175E-01  1.61819E-01  2.08865E-01  2.74799E-01  3.82234E-01
  1.01465E-01  1.48829E-01  1.90812E-01  2.38904E-01  3.18218E-01
 
 -4.82682E-01 -1.49947E-01  8.59150E-02  4.48759E-01  9.03160E-01
 -4.84551E-01 -1.70410E-01  1.69587E-01  5.79597E-01  9.36975E-01
 -5.09650E-01 -1.71950E-01  1.89588E-01  6.33207E-01  9.58055E-01
 -5.17980E-01 -1.37898E-01  2.69824E-01  6.62860E-01  9.54767E-01
 -6.33668E-01 -2.71055E-01  1.90384E-01  6.92044E-01  9.56886E-01
  8.34976E-01  9.32921E-01  9.73082E-01  9.89741E-01  9.99119E-01
  7.38715E-01  8.53328E-01  9.23243E-01  9.77513E-01  9.97484E-01
  7.12258E-01  8.33970E-01  9.07280E-01  9.62027E-01  9.94947E-01
  7.28227E-01  8.22960E-01  8.95709E-01  9.58337E-01  9.93840E-01
  8.14509E-01  9.05253E-01  9.48489E-01  9.78124E-01  9.96656E-01
  9.69703E-01  9.90710E-01  9.96099E-01  9.98891E-01  9.99874E-01
  9.37133E-01  9.76197E-01  9.90450E-01  9.96848E-01  9.99636E-01
  8.92396E-01  9.54539E-01  9.81103E-01  9.94149E-01  9.99602E-01
  8.75745E-01  9.42699E-01  9.76887E-01  9.92207E-01  9.99088E-01
  9.02896E-01  9.46833E-01  9.75874E-01  9.92108E-01  9.99263E-01
  9.77856E-01  9.92626E-01  9.96976E-01  9.99070E-01  9.99895E-01
  9.59970E-01  9.85172E-01  9.93876E-01  9.97984E-01  9.99834E-01
  9.48193E-01  9.80946E-01  9.92500E-01  9.97774E-01  9.99643E-01
  9.30280E-01  9.71863E-01  9.88619E-01  9.96418E-01  9.99656E-01
  9.36449E-01  9.68666E-01  9.85332E-01  9.95233E-01  9.99651E-01
  9.87139E-01  9.95290E-01  9.97696E-01  9.99193E-01  9.99898E-01
  9.81383E-01  9.92275E-01  9.96658E-01  9.98750E-01  9.99850E-01
  9.69806E-01  9.87099E-01  9.95508E-01  9.98729E-01  9.99824E-01
  9.66668E-01  9.85797E-01  9.93619E-01  9.97756E-01  9.99818E-01
  9.73367E-01  9.87449E-01  9.95083E-01  9.98692E-01  9.99842E-01

  2.88150E-01 
 
  9.91844E+00  1.39183E+01  1.62061E+01  1.78823E+01  1.93138E+01
 
  5.02542E-01  6.60333E-01  7.92897E-01  8.85861E-01  9.67110E-01
  4.61191E-01  6.56738E-01  7.76253E-01  8.78519E-01  9.66511E-01
  4.53348E-01  6.36552E-01  7.60883E-01  8.74299E-01  9.63937E-01
  4.16333E-01  6.23309E-01  7.46724E-01  8.61138E-01  9.54028E-01
  3.25974E-01  5.13076E-01  6.32729E-01  7.58514E-01  8.86548E-01
 
 -9.60185E-01 -6.32157E-01 -5.92660E-02  5.74307E-01  9.47833E-01
 -9.09369E-01 -4.72024E-01 -1.58105E-02  5.58378E-01  9.21361E-01
 -9.03994E-01 -6.06227E-01 -1.09145E-02  4.86746E-01  9.59404E-01
 -9.49347E-01 -4.81606E-01  1.81038E-01  7.41570E-01  9.56521E-01
 -9.08934E-01 -4.78689E-01  1.13100E-01  6.24499E-01  9.16632E-01
 -9.30072E-01 -4.57572E-01  5.68254E-02  6.56769E-01  9.75446E-01
 -9.42158E-01 -5.01239E-01  1.07106E-01  6.37303E-01  9.31494E-01
 -9.56426E-01 -7.43777E-01 -2.07109E-01  5.16900E-01  9.47302E-01
 -9.28007E-01 -6.00344E-01 -8.61206E-02  4.57000E-01  9.24893E-01
 -9.40056E-01 -6.17485E-01  6.58631E-02  6.28235E-01  9.51646E-01
 -9.33458E-01 -5.06410E-01 -3.50093E-03  6.88122E-01  9.66928E-01
 -9.34200E-01 -4.08008E-01  1.77578E-01  6.46559E-01  9.44799E-01
 -8.96757E-01 -5.75062E-01 -3.33254E-03  6.38787E-01  9.60740E-01
 -9.77159E-01 -7.10302E-01 -1.01065E-01  6.10447E-01  9.26980E-01
 -8.94053E-01 -4.92772E-01  1.13313E-01  6.20982E-01  9.68631E-01
 -9.27588E-01 -5.31955E-01  3.35023E-02  6.96590E-01  9.66549E-01
 -9.44235E-01 -6.22675E-01 -7.75758E-02  4.41998E-01  9.13351E-01
 -9.01408E-01 -5.02140E-01 -1.11937E-01  5.22288E-01  9.14079E-01
 -9.16726E-01 -5.68497E-01 -4.03546E-02  6.17735E-01  9.01844E-01
 -9.09667E-01 -5.39330E-01 -7.22067E-03  5.85212E-01  9.34726E-01
 -9.16506E-01 -4.97678E-01  6.55834E-02  5.84829E-01  9.35560E-01
 -9.02479E-01 -5.53009E-01  9.52452E-02  6.02980E-01  9.48364E-01
 -9.49792E-01 -6.41465E-01  8.16156E-02  6.41245E-01  9.41244E-01
 -9.29127E-01 -4.70787E-01  1.30433E-01  5.88897E-01  9.36136E-01
 -9.43146E-01 -6.08522E-01 -1.03463E-01  4.82360E-01  9.05253E-01

  3.13150E-01 
 
  1.00182E+01  1.40523E+01  1.63067E+01  1.80569E+01  1.94686E+01
 
  4.91023E-01  6.82676E-01  7.98314E-01  8.83604E-01  9.59915E-01
  4.37105E-01  6.31774E-01  7.63759E-01  8.64171E-01  9.59440E-01
  4.37946E-01  6.24482E-01  7.69908E-01  8.74585E-01  9.55554E-01
  4.29319E-01  6.12024E-01  7.40421E-01  8.57745E-01  9.58607E-01
  3.24310E-01  4.94396E-01  6.18566E-01  7.48951E-01  8.89595E-01
 
 -9.35111E-01 -4.25837E-01  1.15647E-01  5.44046E-01  9.44526E-01
 -9.32415E-01 -6.02061E-01  5.45142E-02  5.65337E-01  9.36382E-01
 -8.80046E-01 -4.65531E-01  1.21083E-01  6.25614E-01  9.76035E-01
 -8.84405E-01 -4.89804E-01  4.82040E-02  6.18430E-01  9.72420E-01
 -9.60088E-01 -5.36474E-01 -4.53184E-02  5.41525E-01  9.34502E-01
 -9.66322E-01 -6.46492E-01 -1.29063E-01  5.36595E-01  9.47439E-01
 -9.44186E-01 -5.88408E-01 -2.48580E-02  5.02034E-01  9.30212E-01
 -9.49631E-01 -6.55791E-01 -8.42499E-02  6.44079E-01  9.54878E-01
 -9.03901E-01 -5.56123E-01  9.84462E-02  6.34222E-01  9.49641E-01
 -9.48963E-01 -4.83001E-01  1.97984E-02  5.94527E-01  9.50762E-01
 -9.14479E-01 -5.41270E-01  1.24571E-01  5.78319E-01  9.56525E-01
 -9.20171E-01 -4.57688E-01  5.54482E-02  6.05760E-01  9.41968E-01
 -9.39249E-01 -6.64081E-01  7.11479E-02  6.84694E-01  9.58648E-01
 -8.99165E-01 -4.79907E-01  1.33920E-01  5.97990E-01  9.60042E-01
 -9.19143E-01 -3.99005E-01  9.68539E-02  6.49849E-01  9.75438E-01
 -9.39885E-01 -5.51876E-01  6.51419E-02  6.82910E-01  9.65239E-01
 -9.24218E-01 -4.31733E-01  2.65016E-01  7.59192E-01  9.70957E-01
 -9.53827E-01 -5.87254E-01  1.08089E-01  6.33177E-01  9.59591E-01
 -9.07603E-01 -5.24098E-01  3.69378E-02  5.63958E-01  9.53689E-01
 -9.60450E-01 -6.73532E-01  1.99751E-02  5.60711E-01  8.95047E-01
 -6.75861E-01 -1.21674E-01  3.57180E-01  6.94379E-01  9.84932E-01
 -6.96247E-01 -8.11953E-02  3.98438E-01  8.10084E-01  9.78767E-01
 -6.89194E-01 -6.77478E-02  3.69113E-01  7.92405E-01  9.81818E-01
 -5.65089E-01 -7.64318E-02  4.26127E-01  8.01484E-01  9.48226E-01
 -4.48723E-01  6.22195E-02  4.58891E-01  7.84209E-01  9.79227E-01

  3.82850E-01 
 
  1.06210E+01  1.47311E+01  1.70558E+01  1.86547E+01  2.00735E+01
 
  4.91765E-01  6.65931E-01  7.89908E-01  8.74731E-01  9.59455E-01
  4.32188E-01  6.39514E-01  7.68248E-01  8.67608E-01  9.57565E-01
  4.24460E-01  6.23736E-01  7.50871E-01  8.58035E-01  9.47967E-01
  4.06142E-01  5.87828E-01  7.24360E-01  8.43971E-01  9.51591E-01
  2.81591E-01  4.26315E-01  5.61637E-01  6.88075E-01  8.33502E-01
 
 -9.33172E-01 -5.28186E-01  4.39776E-02  5.41349E-01  9.78525E-01
 -9.02551E-01 -5.50661E-01 -3.13820E-02  6.13654E-01  9.39400E-01
 -9.18614E-01 -5.38831E-01  3.71962E-02  5.60677E-01  9.58561E-01
 -9.58029E-01 -6.11066E-01 -8.08650E-02  5.87600E-01  9.29024E-01
 -8.98494E-01 -5.82735E-01  6.20824E-03  5.39256E-01  9.26625E-01
 -9.25809E-01 -5.67055E-01  6.09780E-02  6.32933E-01  9.73365E-01
 -9.43574E-01 -5.55893E-01  6.85570E-02  5.22438E-01  9.37754E-01
 -9.42625E-01 -5.39315E-01  9.19419E-02  6.44608E-01  9.52233E-01
 -9.42001E-01 -5.90688E-01  6.25661E-02  6.25843E-01  9.69486E-01
 -9.63082E-01 -6.42544E-01 -2.50739E-02  5.87648E-01  9.66042E-01
 -9.63567E-01 -6.78900E-01 -1.25886E-01  5.14567E-01  9.13158E-01
 -8.83018E-01 -3.23238E-01  3.10983E-01  7.69767E-01  9.57708E-01
 -9.31791E-01 -6.17083E-01 -1.54132E-01  6.07524E-01  9.65003E-01
 -9.26208E-01 -4.92699E-01  2.10861E-01  6.81445E-01  9.69616E-01
 -9.10694E-01 -6.59549E-01 -1.07493E-01  6.04364E-01  9.18918E-01
 -9.10812E-01 -4.35439E-01  3.01541E-01  7.06594E-01  9.61754E-01
 -8.87044E-01 -4.48026E-01  2.47316E-01  7.35973E-01  9.78311E-01
 -9.07107E-01 -4.67341E-01  1.93895E-01  6.98402E-01  9.75206E-01
 -9.21192E-01 -3.93198E-01  2.32547E-01  6.80587E-01  9.48943E-01
 -9.23046E-01 -4.40693E-01  1.79953E-01  5.91162E-01  9.58218E-01
 -1.74316E-01  2.06048E-01  6.27212E-01  8.48906E-01  9.86965E-01
  3.64256E-02  3.98425E-01  7.21887E-01  9.04559E-01  9.83759E-01
  5.17416E-03  4.05649E-01  7.20681E-01  9.08822E-01  9.84193E-01
  1.32605E-01  5.29014E-01  7.70283E-01  9.07071E-01  9.88198E-01
  5.45440E-02  5.10176E-01  7.75309E-01  9.19796E-01  9.96227E-01

  5.16000E-01 
 
  1.19888E+01  1.63374E+01  1.84992E+01  1.98698E+01  2.10420E+01
 
  4.70383E-01  6.56744E-01  7.83046E-01  8.76184E-01  9.61920E-01
  4.18884E-01  6.07138E-01  7.46102E-01  8.54120E-01  9.49849E-01
  3.74573E-01  5.69670E-01  7.03848E-01  8.20327E-01  9.40762E-01
  3.18407E-01  4.92769E-01  6.29684E-01  7.73685E-01  9.04540E-01
  2.24180E-01  3.31117E-01  4.34753E-01  5.35494E-01  6.78662E-01
 
 -9.40779E-01 -4.78005E-01  1.03366E-02  5.84212E-01  9.69261E-01
 -9.52560E-01 -6.14584E-01  1.84242E-02  6.02082E-01  9.49517E-01
 -9.38377E-01 -6.00991E-01  3.08452E-02  6.12037E-01  9.43561E-01
 -9.28348E-01 -5.37993E-01  4.75713E-02  5.84091E-01  9.35457E-01
 -9.46109E-01 -5.26214E-01 -8.37006E-03  6.40545E-01  9.47984E-01
 -9.37541E-01 -5.86630E-01 -7.29135E-02  5.49509E-01  9.42789E-01
 -8.96241E-01 -5.84199E-01  3.17770E-02  5.52846E-01  9.46399E-01
 -8.90151E-01 -5.42028E-01 -6.02435E-03  6.15545E-01  9.56179E-01
 -9.20744E-01 -5.09246E-01  7.19335E-02  5.82658E-01  9.38048E-01
 -9.50486E-01 -5.70022E-01  6.58734E-02  6.35233E-01  9.63714E-01
 -9.36060E-01 -5.83680E-01  1.38965E-01  6.78199E-01  9.55992E-01
 -9.32968E-01 -3.92144E-01  1.87032E-01  7.53668E-01  9.66000E-01
 -8.80869E-01 -3.10159E-01  3.92580E-01  7.35076E-01  9.62249E-01
 -9.48366E-01 -5.44389E-01  5.27180E-02  6.98649E-01  9.64544E-01
 -9.61557E-01 -5.85661E-01  1.54453E-01  6.45663E-01  9.56102E-01
 -2.99587E-01  2.18222E-01  6.33942E-01  8.44840E-01  9.85156E-01
 -2.00975E-01  2.44450E-01  6.39073E-01  8.97379E-01  9.90182E-01
 -2.93056E-01  2.00806E-01  5.80997E-01  8.20795E-01  9.83031E-01
 -3.33985E-01  2.12626E-01  5.97271E-01  8.63400E-01  9.90634E-01
 -4.42199E-01  4.31412E-03  3.81576E-01  7.87631E-01  9.86132E-01
  5.12949E-01  7.75068E-01  8.94390E-01  9.68428E-01  9.97556E-01
  5.79065E-01  7.59247E-01  9.12359E-01  9.74558E-01  9.97061E-01
  6.28978E-01  8.21155E-01  9.14293E-01  9.66087E-01  9.94475E-01
  6.29214E-01  8.08269E-01  8.90886E-01  9.57229E-01  9.95943E-01
  6.46552E-01  8.48411E-01  9.21012E-01  9.75200E-01  9.96043E-01

  8.37650E-01 
 
  1.75518E+01  2.08988E+01  2.15299E+01  2.16948E+01  2.18304E+01
 
  3.63166E-01  5.44380E-01  6.93823E-01  8.16777E-01  9.31987E-01
  2.07854E-01  3.32771E-01  4.62550E-01  6.22403E-01  8.25013E-01
  1.06397E-01  1.72599E-01  2.41909E-01  3.52184E-01  5.42942E-01
  9.46034E-02  1.45371E-01  1.94536E-01  2.58321E-01  3.90302E-01
  1.00387E-01  1.38619E-01  1.78336E-01  2.27873E-01  3.19707E-01
 
 -9.50011E-01 -5.11803E-01 -6.48346E-02  5.25477E-01  9.53977E-01
 -9.24550E-01 -5.13643E-01  1.17975E-01  6.81218E-01  9.63452E-01
 -8.69645E-01 -4.33444E-01  1.08521E-01  6.79013E-01  9.70983E-01
 -9.39287E-01 -5.46323E-01  1.25888E-01  6.54631E-01  9.62435E-01
 -9.55106E-01 -5.59063E-01  1.13252E-02  5.36981E-01  9.37623E-01
  2.91550E-01  5.45977E-01  7.45740E-01  9.31314E-01  9.95916E-01
  2.92180E-01  5.86995E-01  7.83885E-01  9.35714E-01  9.93196E-01
  2.88607E-01  5.88209E-01  7.89841E-01  9.36184E-01  9.94693E-01
  2.69088E-01  5.25396E-01  7.13555E-01  8.99930E-01  9.88748E-01
  1.51490E-01  5.22262E-01  7.56218E-01  8.86440E-01  9.86892E-01
  9.19247E-01  9.73982E-01  9.89879E-01  9.96128E-01  9.99706E-01
  8.47974E-01  9.28555E-01  9.73328E-01  9.92888E-01  9.99374E-01
  8.28566E-01  9.21988E-01  9.66648E-01  9.89422E-01  9.98648E-01
  8.12129E-01  8.93216E-01  9.52745E-01  9.85268E-01  9.98560E-01
  8.65299E-01  9.23603E-01  9.54737E-01  9.80883E-01  9.97775E-01
  9.73287E-01  9.91181E-01  9.96374E-01  9.99064E-01  9.99899E-01
  9.45609E-01  9.81032E-01  9.93365E-01  9.97792E-01  9.99779E-01
  9.20775E-01  9.73843E-01  9.89445E-01  9.96344E-01  9.99703E-01
  9.13466E-01  9.62875E-01  9.84844E-01  9.95227E-01  9.99394E-01
  9.22333E-01  9.64027E-01  9.83586E-01  9.94861E-01  9.99554E-01
  9.82575E-01  9.94552E-01  9.97949E-01  9.99299E-01  9.99924E-01
  9.76878E-01  9.91265E-01  9.96261E-01  9.99167E-01  9.99891E-01
  9.66522E-01  9.86962E-01  9.94211E-01  9.98423E-01  9.99856E-01
  9.62809E-01  9.83824E-01  9.93160E-01  9.97341E-01  9.99736E-01
  9.64661E-01  9.85035E-01  9.92457E-01  9.97653E-01  9.99786E-01
 
 
