     1     1   1.5462E+11   1.7885E-01   8.9344E-07   2.7073E-01   0.0000E+00   0.0000E+00
     1     2   1.8186E+11   1.9572E-01   1.0061E-06   2.7837E-01   0.0000E+00   0.0000E+00
     1     3   3.0705E+11   1.7228E-01   1.6250E-06   2.3701E-01   0.0000E+00   0.0000E+00
     1     4   4.8456E+11   1.7291E-01   1.8426E-06   2.6228E-01   0.0000E+00   0.0000E+00
     1     5   7.4880E+11   1.3281E-01   1.7287E-06   2.1315E-01   0.0000E+00   0.0000E+00
     1     6   1.4581E+12   1.1697E-01   2.3339E-06   1.7774E-01   0.0000E+00   0.0000E+00
     1     7   3.0948E+12   9.6372E-02   3.7389E-06   1.5401E-01   0.0000E+00   0.0000E+00
     1     8   6.0403E+12   8.0679E-02   5.1613E-06   1.2983E-01   0.0000E+00   0.0000E+00
     1     9   1.2120E+13   6.5381E-02   8.5774E-06   1.5448E-01   0.0000E+00   0.0000E+00
     1    10   2.4908E+13   5.3366E-02   1.1524E-05   1.1803E-01   0.0000E+00   0.0000E+00
     1    11   5.3019E+13   4.3899E-02   1.6713E-05   1.0081E-01   0.0000E+00   0.0000E+00
     1    12   1.1418E+14   3.6992E-02   2.5474E-05   8.6089E-02   0.0000E+00   0.0000E+00
     1    13   2.4146E+14   3.1591E-02   4.6274E-05   1.2165E-01   0.0000E+00   0.0000E+00
     1    14   4.6719E+14   2.7450E-02   5.8775E-05   7.4246E-02   0.0000E+00   0.0000E+00
     1    15   8.1683E+14   2.4997E-02   7.4088E-05   8.1936E-02   0.0000E+00   0.0000E+00
     1    16   1.3175E+15   2.3431E-02   9.1166E-05   8.2880E-02   0.0000E+00   0.0000E+00
     1    17   1.9393E+15   2.2652E-02   1.0090E-04   5.7683E-02   0.0000E+00   0.0000E+00
     1    18   2.6240E+15   2.2188E-02   1.1262E-04   5.2720E-02   0.0000E+00   0.0000E+00
     1    19   3.3327E+15   2.2090E-02   1.2901E-04   5.2135E-02   0.0000E+00   0.0000E+00
     1    20   4.0303E+15   2.1891E-02   1.6218E-04   1.1442E-01   0.0000E+00   0.0000E+00
     1    21   4.8016E+15   2.2272E-02   1.8128E-04   1.2123E-01   0.0000E+00   0.0000E+00
     1    22   5.6564E+15   2.2114E-02   1.8125E-04   8.6207E-02   0.0000E+00   0.0000E+00
     1    23   6.6812E+15   2.2124E-02   1.8944E-04   7.1943E-02   0.0000E+00   0.0000E+00
     1    24   7.9352E+15   2.2068E-02   1.9998E-04   6.2411E-02   0.0000E+00   0.0000E+00
     1    25   9.6703E+15   2.2484E-02   2.1826E-04   5.3341E-02   0.0000E+00   0.0000E+00
     1    26   1.1530E+16   2.3407E-02   2.4172E-04   6.8628E-02   0.0000E+00   0.0000E+00
     1    27   1.3418E+16   2.4726E-02   2.4401E-04   4.3612E-02   0.0000E+00   0.0000E+00
     1    28   1.5611E+16   2.5994E-02   2.5889E-04   4.3474E-02   0.0000E+00   0.0000E+00
     1    29   1.7754E+16   2.8234E-02   2.9249E-04   4.5015E-02   0.0000E+00   0.0000E+00
     1    30   1.9952E+16   3.0510E-02   3.1197E-04   4.4294E-02   0.0000E+00   0.0000E+00
     1    31   2.1572E+16   3.1019E-02   3.2189E-04   5.2430E-02   0.0000E+00   0.0000E+00
     1    32   2.2659E+16   3.0693E-02   3.2163E-04   4.2331E-02   0.0000E+00   0.0000E+00
     1    33   2.3832E+16   3.1954E-02   3.4319E-04   4.3959E-02   0.0000E+00   0.0000E+00
     1    34   2.4502E+16   3.3580E-02   3.5573E-04   5.0270E-02   0.0000E+00   0.0000E+00
     1    35   2.5386E+16   3.3524E-02   3.4780E-04   4.4191E-02   0.0000E+00   0.0000E+00
     1    36   2.6637E+16   3.6619E-02   3.3523E-04   3.9422E-02   0.0000E+00   0.0000E+00
     1    37   2.8419E+16   3.7174E-02   3.5563E-04   4.0503E-02   0.0000E+00   0.0000E+00
     1    38   3.0307E+16   3.9640E-02   3.7058E-04   4.2687E-02   0.0000E+00   0.0000E+00
     1    39   2.9193E+16   3.6644E-02   3.4904E-04   3.8705E-02   0.0000E+00   0.0000E+00
     1    40   3.1461E+16   4.1264E-02   3.5591E-04   4.0247E-02   0.0000E+00   0.0000E+00
     1    41   3.2202E+16   4.1064E-02   3.7137E-04   4.6614E-02   0.0000E+00   0.0000E+00
     1    42   3.3493E+16   4.3479E-02   3.5769E-04   4.3538E-02   0.0000E+00   0.0000E+00
     1    43   3.3374E+16   4.3658E-02   3.6274E-04   5.0280E-02   0.0000E+00   0.0000E+00
     1    44   3.1713E+16   4.4936E-02   3.5381E-04   4.9775E-02   0.0000E+00   0.0000E+00
     1    45   3.1022E+16   6.6349E-02   3.5257E-04   6.2876E-02   0.0000E+00   0.0000E+00
     2     1   1.2189E+11   1.4089E-01   6.9602E-07   2.2896E-01   0.0000E+00   0.0000E+00
     2     2   1.3088E+11   1.4832E-01   5.6990E-07   1.8244E-01   0.0000E+00   0.0000E+00
     2     3   2.4582E+11   1.4430E-01   1.1767E-06   1.9111E-01   0.0000E+00   0.0000E+00
     2     4   4.4746E+11   1.3548E-01   1.4661E-06   1.6501E-01   0.0000E+00   0.0000E+00
     2     5   9.9103E+11   1.3594E-01   2.9708E-06   1.9980E-01   0.0000E+00   0.0000E+00
     2     6   1.6948E+12   1.1573E-01   3.8632E-06   1.7901E-01   0.0000E+00   0.0000E+00
     2     7   3.0942E+12   9.8467E-02   5.0109E-06   1.7290E-01   0.0000E+00   0.0000E+00
     2     8   5.9639E+12   8.3302E-02   6.7989E-06   1.5068E-01   0.0000E+00   0.0000E+00
     2     9   1.2135E+13   6.6469E-02   1.1760E-05   1.4003E-01   0.0000E+00   0.0000E+00
     2    10   2.3936E+13   5.7630E-02   1.5512E-05   1.0806E-01   0.0000E+00   0.0000E+00
     2    11   4.6424E+13   4.8200E-02   1.9652E-05   9.3731E-02   0.0000E+00   0.0000E+00
     2    12   9.7005E+13   4.0330E-02   2.6567E-05   8.1317E-02   0.0000E+00   0.0000E+00
     2    13   2.0021E+14   3.4676E-02   3.8412E-05   1.2855E-01   0.0000E+00   0.0000E+00
     2    14   3.8894E+14   3.0836E-02   5.2024E-05   9.5044E-02   0.0000E+00   0.0000E+00
     2    15   6.7631E+14   2.8309E-02   6.4196E-05   7.1484E-02   0.0000E+00   0.0000E+00
     2    16   1.0721E+15   2.6639E-02   7.4642E-05   6.0399E-02   0.0000E+00   0.0000E+00
     2    17   1.5625E+15   2.5729E-02   9.6234E-05   8.3270E-02   0.0000E+00   0.0000E+00
     2    18   2.1294E+15   2.5157E-02   1.1288E-04   6.6946E-02   0.0000E+00   0.0000E+00
     2    19   2.7194E+15   2.4597E-02   1.1986E-04   5.6109E-02   0.0000E+00   0.0000E+00
     2    20   3.3041E+15   2.4469E-02   1.2573E-04   4.9612E-02   0.0000E+00   0.0000E+00
     2    21   3.9716E+15   2.4525E-02   1.3961E-04   5.4886E-02   0.0000E+00   0.0000E+00
     2    22   4.7341E+15   2.4822E-02   1.4684E-04   5.1850E-02   0.0000E+00   0.0000E+00
     2    23   5.5930E+15   2.4823E-02   1.5715E-04   5.2771E-02   0.0000E+00   0.0000E+00
     2    24   6.7831E+15   2.4942E-02   1.7863E-04   7.1254E-02   0.0000E+00   0.0000E+00
     2    25   8.5917E+15   2.4877E-02   1.8756E-04   4.5996E-02   0.0000E+00   0.0000E+00
     2    26   1.0434E+16   2.5977E-02   2.1633E-04   5.6593E-02   0.0000E+00   0.0000E+00
     2    27   1.2162E+16   2.6667E-02   2.2291E-04   4.8858E-02   0.0000E+00   0.0000E+00
     2    28   1.4099E+16   2.7744E-02   2.4373E-04   4.6211E-02   0.0000E+00   0.0000E+00
     2    29   1.6030E+16   2.8847E-02   2.5867E-04   4.2920E-02   0.0000E+00   0.0000E+00
     2    30   1.7364E+16   2.9725E-02   2.6970E-04   4.2721E-02   0.0000E+00   0.0000E+00
     2    31   1.9256E+16   3.2572E-02   2.9987E-04   5.2813E-02   0.0000E+00   0.0000E+00
     2    32   2.0839E+16   3.2909E-02   2.9211E-04   4.3925E-02   0.0000E+00   0.0000E+00
     2    33   2.1538E+16   3.2004E-02   3.0482E-04   4.4400E-02   0.0000E+00   0.0000E+00
     2    34   2.3951E+16   3.5033E-02   3.2664E-04   4.6021E-02   0.0000E+00   0.0000E+00
     2    35   2.5272E+16   3.3293E-02   3.1164E-04   4.5054E-02   0.0000E+00   0.0000E+00
     2    36   2.5820E+16   3.3050E-02   3.3233E-04   4.0643E-02   0.0000E+00   0.0000E+00
     2    37   2.7607E+16   3.5684E-02   3.3523E-04   4.4917E-02   0.0000E+00   0.0000E+00
     2    38   2.9699E+16   3.5951E-02   3.5189E-04   4.5014E-02   0.0000E+00   0.0000E+00
     2    39   2.9420E+16   3.6448E-02   3.6042E-04   4.5866E-02   0.0000E+00   0.0000E+00
     2    40   3.2048E+16   3.8074E-02   3.5887E-04   4.1683E-02   0.0000E+00   0.0000E+00
     2    41   3.2184E+16   3.7645E-02   3.4619E-04   4.0408E-02   0.0000E+00   0.0000E+00
     2    42   3.2648E+16   3.6971E-02   3.5495E-04   4.5757E-02   0.0000E+00   0.0000E+00
     2    43   3.4069E+16   3.8450E-02   3.4718E-04   3.9754E-02   0.0000E+00   0.0000E+00
     2    44   3.0605E+16   4.0293E-02   3.1284E-04   3.5052E-02   0.0000E+00   0.0000E+00
     2    45   2.9937E+16   6.2285E-02   3.0448E-04   4.1724E-02   0.0000E+00   0.0000E+00
     3     1   1.2525E+11   1.3732E-01   7.0725E-07   2.2842E-01   0.0000E+00   0.0000E+00
     3     2   1.4803E+11   1.7286E-01   6.2315E-07   2.1411E-01   0.0000E+00   0.0000E+00
     3     3   2.4589E+11   1.6412E-01   1.1703E-06   2.1183E-01   0.0000E+00   0.0000E+00
     3     4   4.9170E+11   1.5513E-01   1.6153E-06   1.9401E-01   0.0000E+00   0.0000E+00
     3     5   9.6335E+11   1.3589E-01   2.4973E-06   1.8720E-01   0.0000E+00   0.0000E+00
     3     6   1.8577E+12   1.2057E-01   4.1279E-06   2.0654E-01   0.0000E+00   0.0000E+00
     3     7   3.1592E+12   1.0570E-01   4.7236E-06   1.5218E-01   0.0000E+00   0.0000E+00
     3     8   6.3912E+12   8.4426E-02   7.4324E-06   1.3348E-01   0.0000E+00   0.0000E+00
     3     9   1.2461E+13   6.8643E-02   9.7628E-06   1.0795E-01   0.0000E+00   0.0000E+00
     3    10   2.4750E+13   5.6831E-02   1.5285E-05   1.4091E-01   0.0000E+00   0.0000E+00
     3    11   5.1908E+13   4.8219E-02   1.8267E-05   9.0117E-02   0.0000E+00   0.0000E+00
     3    12   1.0495E+14   4.1371E-02   3.0294E-05   1.1467E-01   0.0000E+00   0.0000E+00
     3    13   2.1186E+14   3.6073E-02   4.0647E-05   9.9814E-02   0.0000E+00   0.0000E+00
     3    14   4.0053E+14   3.2063E-02   5.1568E-05   7.8240E-02   0.0000E+00   0.0000E+00
     3    15   6.9490E+14   2.9180E-02   6.4894E-05   6.0721E-02   0.0000E+00   0.0000E+00
     3    16   1.0836E+15   2.7535E-02   8.4086E-05   6.6506E-02   0.0000E+00   0.0000E+00
     3    17   1.5756E+15   2.6555E-02   9.9454E-05   6.8791E-02   0.0000E+00   0.0000E+00
     3    18   2.1226E+15   2.6114E-02   1.0815E-04   5.5989E-02   0.0000E+00   0.0000E+00
     3    19   2.7082E+15   2.5878E-02   1.2336E-04   6.4752E-02   0.0000E+00   0.0000E+00
     3    20   3.3354E+15   2.5598E-02   1.3066E-04   6.3855E-02   0.0000E+00   0.0000E+00
     3    21   4.0283E+15   2.5508E-02   1.4306E-04   5.3983E-02   0.0000E+00   0.0000E+00
     3    22   4.7855E+15   2.5220E-02   1.4850E-04   4.8685E-02   0.0000E+00   0.0000E+00
     3    23   5.7504E+15   2.5157E-02   1.5749E-04   4.6313E-02   0.0000E+00   0.0000E+00
     3    24   7.0632E+15   2.5169E-02   1.8108E-04   7.3503E-02   0.0000E+00   0.0000E+00
     3    25   8.7635E+15   2.5302E-02   1.9017E-04   5.2012E-02   0.0000E+00   0.0000E+00
     3    26   1.0614E+16   2.7276E-02   2.1906E-04   5.2923E-02   0.0000E+00   0.0000E+00
     3    27   1.2389E+16   2.7223E-02   2.4105E-04   5.6369E-02   0.0000E+00   0.0000E+00
     3    28   1.4254E+16   2.7787E-02   2.6374E-04   5.3842E-02   0.0000E+00   0.0000E+00
     3    29   1.6768E+16   2.9370E-02   2.7926E-04   5.5791E-02   0.0000E+00   0.0000E+00
     3    30   1.8855E+16   3.0348E-02   2.9101E-04   4.5316E-02   0.0000E+00   0.0000E+00
     3    31   2.0113E+16   3.1763E-02   3.0856E-04   4.6284E-02   0.0000E+00   0.0000E+00
     3    32   2.0962E+16   3.2956E-02   3.0731E-04   4.6357E-02   0.0000E+00   0.0000E+00
     3    33   2.2681E+16   3.3595E-02   3.2579E-04   5.0016E-02   0.0000E+00   0.0000E+00
     3    34   2.2498E+16   3.2938E-02   3.1822E-04   5.3357E-02   0.0000E+00   0.0000E+00
     3    35   2.5591E+16   3.4140E-02   3.4897E-04   4.7404E-02   0.0000E+00   0.0000E+00
     3    36   2.7480E+16   3.4282E-02   3.4002E-04   4.2156E-02   0.0000E+00   0.0000E+00
     3    37   2.8215E+16   3.4710E-02   3.3719E-04   4.1392E-02   0.0000E+00   0.0000E+00
     3    38   3.0795E+16   3.4618E-02   3.6346E-04   4.7549E-02   0.0000E+00   0.0000E+00
     3    39   3.1086E+16   3.4753E-02   3.5950E-04   4.4799E-02   0.0000E+00   0.0000E+00
     3    40   3.1668E+16   3.5374E-02   3.4981E-04   4.2388E-02   0.0000E+00   0.0000E+00
     3    41   3.1133E+16   3.8146E-02   3.4004E-04   3.9549E-02   0.0000E+00   0.0000E+00
     3    42   3.1449E+16   3.7980E-02   3.5526E-04   4.9062E-02   0.0000E+00   0.0000E+00
     3    43   3.2972E+16   3.7984E-02   3.4585E-04   3.7696E-02   0.0000E+00   0.0000E+00
     3    44   3.1733E+16   3.8154E-02   3.4511E-04   4.2048E-02   0.0000E+00   0.0000E+00
     3    45   3.2753E+16   4.9438E-02   3.4526E-04   4.4131E-02   0.0000E+00   0.0000E+00
     4     1   1.2632E+11   1.6138E-01   6.8837E-07   2.1141E-01   0.0000E+00   0.0000E+00
     4     2   1.5987E+11   1.6577E-01   9.2287E-07   2.5902E-01   0.0000E+00   0.0000E+00
     4     3   2.6089E+11   1.6603E-01   1.2378E-06   2.6634E-01   0.0000E+00   0.0000E+00
     4     4   5.3487E+11   1.4318E-01   2.0127E-06   2.0207E-01   0.0000E+00   0.0000E+00
     4     5   1.0910E+12   1.3538E-01   2.9634E-06   1.7650E-01   0.0000E+00   0.0000E+00
     4     6   1.9401E+12   1.3096E-01   4.1636E-06   1.8572E-01   0.0000E+00   0.0000E+00
     4     7   3.7583E+12   1.0726E-01   6.2355E-06   1.7121E-01   0.0000E+00   0.0000E+00
     4     8   6.7621E+12   9.4436E-02   7.5562E-06   1.5550E-01   0.0000E+00   0.0000E+00
     4     9   1.2176E+13   7.6430E-02   1.0371E-05   1.3272E-01   0.0000E+00   0.0000E+00
     4    10   2.3354E+13   6.3099E-02   1.4955E-05   1.2460E-01   0.0000E+00   0.0000E+00
     4    11   4.5704E+13   5.3469E-02   2.2565E-05   1.2779E-01   0.0000E+00   0.0000E+00
     4    12   9.2539E+13   4.5380E-02   3.4730E-05   1.3099E-01   0.0000E+00   0.0000E+00
     4    13   1.8531E+14   3.9659E-02   3.9622E-05   9.0995E-02   0.0000E+00   0.0000E+00
     4    14   3.4527E+14   3.5436E-02   5.2967E-05   8.3097E-02   0.0000E+00   0.0000E+00
     4    15   6.0681E+14   3.2386E-02   6.2760E-05   6.8595E-02   0.0000E+00   0.0000E+00
     4    16   9.4805E+14   3.0349E-02   7.5170E-05   6.5757E-02   0.0000E+00   0.0000E+00
     4    17   1.3782E+15   2.9038E-02   8.0302E-05   5.8697E-02   0.0000E+00   0.0000E+00
     4    18   1.8768E+15   2.8593E-02   8.7576E-05   5.6486E-02   0.0000E+00   0.0000E+00
     4    19   2.3980E+15   2.7721E-02   1.0150E-04   5.7712E-02   0.0000E+00   0.0000E+00
     4    20   2.9573E+15   2.7350E-02   1.1060E-04   5.7340E-02   0.0000E+00   0.0000E+00
     4    21   3.6299E+15   2.8020E-02   1.3367E-04   7.1880E-02   0.0000E+00   0.0000E+00
     4    22   4.2536E+15   2.7023E-02   1.4517E-04   6.8246E-02   0.0000E+00   0.0000E+00
     4    23   5.1487E+15   2.7157E-02   1.5286E-04   6.4076E-02   0.0000E+00   0.0000E+00
     4    24   6.2545E+15   2.7276E-02   1.7087E-04   6.8181E-02   0.0000E+00   0.0000E+00
     4    25   7.8564E+15   2.7854E-02   1.9292E-04   5.7270E-02   0.0000E+00   0.0000E+00
     4    26   9.8469E+15   2.8704E-02   2.0980E-04   6.9743E-02   0.0000E+00   0.0000E+00
     4    27   1.1407E+16   2.9874E-02   2.0940E-04   4.9413E-02   0.0000E+00   0.0000E+00
     4    28   1.3393E+16   3.1052E-02   2.4986E-04   6.3445E-02   0.0000E+00   0.0000E+00
     4    29   1.6088E+16   3.2800E-02   2.6257E-04   5.4616E-02   0.0000E+00   0.0000E+00
     4    30   1.7657E+16   3.3662E-02   2.7715E-04   6.5729E-02   0.0000E+00   0.0000E+00
     4    31   1.9945E+16   3.4168E-02   2.8867E-04   5.5668E-02   0.0000E+00   0.0000E+00
     4    32   2.1063E+16   3.5106E-02   3.1174E-04   5.8863E-02   0.0000E+00   0.0000E+00
     4    33   2.2048E+16   3.4985E-02   3.2425E-04   7.1568E-02   0.0000E+00   0.0000E+00
     4    34   2.3266E+16   3.6691E-02   3.1423E-04   4.5720E-02   0.0000E+00   0.0000E+00
     4    35   2.3564E+16   3.4617E-02   3.2899E-04   4.4729E-02   0.0000E+00   0.0000E+00
     4    36   2.4390E+16   3.7961E-02   3.1973E-04   4.3892E-02   0.0000E+00   0.0000E+00
     4    37   2.5954E+16   3.7256E-02   3.3057E-04   4.2899E-02   0.0000E+00   0.0000E+00
     4    38   2.7689E+16   3.8609E-02   3.3790E-04   5.1341E-02   0.0000E+00   0.0000E+00
     4    39   2.8127E+16   3.6915E-02   3.4425E-04   4.2633E-02   0.0000E+00   0.0000E+00
     4    40   2.9533E+16   3.7861E-02   3.4769E-04   4.2236E-02   0.0000E+00   0.0000E+00
     4    41   2.9504E+16   3.8018E-02   3.5249E-04   4.2818E-02   0.0000E+00   0.0000E+00
     4    42   3.0025E+16   4.0191E-02   3.6190E-04   5.0465E-02   0.0000E+00   0.0000E+00
     4    43   3.0650E+16   3.9729E-02   3.3864E-04   3.8504E-02   0.0000E+00   0.0000E+00
     4    44   2.9612E+16   4.0665E-02   3.2407E-04   3.7273E-02   0.0000E+00   0.0000E+00
     4    45   2.9601E+16   5.4566E-02   3.1226E-04   4.1739E-02   0.0000E+00   0.0000E+00
     5     1   1.3612E+11   1.7952E-01   7.3343E-07   2.1424E-01   0.0000E+00   0.0000E+00
     5     2   2.0057E+11   1.8504E-01   8.4216E-07   2.5417E-01   0.0000E+00   0.0000E+00
     5     3   3.8321E+11   1.6276E-01   1.9462E-06   2.1823E-01   0.0000E+00   0.0000E+00
     5     4   5.9545E+11   1.5447E-01   2.3396E-06   2.1499E-01   0.0000E+00   0.0000E+00
     5     5   1.0093E+12   1.3905E-01   2.5551E-06   1.9674E-01   0.0000E+00   0.0000E+00
     5     6   1.9194E+12   1.1717E-01   3.6716E-06   1.7728E-01   0.0000E+00   0.0000E+00
     5     7   3.6654E+12   1.1382E-01   6.8002E-06   1.6552E-01   0.0000E+00   0.0000E+00
     5     8   6.1082E+12   9.5605E-02   8.8776E-06   1.5052E-01   0.0000E+00   0.0000E+00
     5     9   1.1283E+13   8.1514E-02   1.0309E-05   1.5091E-01   0.0000E+00   0.0000E+00
     5    10   2.2799E+13   6.7553E-02   1.4575E-05   1.3119E-01   0.0000E+00   0.0000E+00
     5    11   4.4594E+13   5.5653E-02   1.9234E-05   1.3647E-01   0.0000E+00   0.0000E+00
     5    12   9.1983E+13   4.7181E-02   2.5878E-05   1.3638E-01   0.0000E+00   0.0000E+00
     5    13   1.8691E+14   4.1822E-02   3.1569E-05   1.0246E-01   0.0000E+00   0.0000E+00
     5    14   3.3824E+14   3.8090E-02   4.1148E-05   7.6194E-02   0.0000E+00   0.0000E+00
     5    15   5.4725E+14   3.6104E-02   5.2668E-05   6.8367E-02   0.0000E+00   0.0000E+00
     5    16   8.2265E+14   3.3576E-02   6.6770E-05   6.7033E-02   0.0000E+00   0.0000E+00
     5    17   1.1453E+15   3.3391E-02   7.6288E-05   6.0896E-02   0.0000E+00   0.0000E+00
     5    18   1.4850E+15   3.2082E-02   9.5087E-05   6.9592E-02   0.0000E+00   0.0000E+00
     5    19   1.8654E+15   3.1579E-02   1.1427E-04   7.3504E-02   0.0000E+00   0.0000E+00
     5    20   2.2554E+15   3.1125E-02   1.2526E-04   8.0570E-02   0.0000E+00   0.0000E+00
     5    21   2.7042E+15   3.3471E-02   1.2214E-04   6.3654E-02   0.0000E+00   0.0000E+00
     5    22   3.1364E+15   3.1591E-02   1.2850E-04   6.5109E-02   0.0000E+00   0.0000E+00
     5    23   3.8826E+15   3.1266E-02   1.3654E-04   5.1542E-02   0.0000E+00   0.0000E+00
     5    24   4.9859E+15   3.1648E-02   1.7838E-04   7.7052E-02   0.0000E+00   0.0000E+00
     5    25   6.3837E+15   3.1897E-02   1.8489E-04   6.4269E-02   0.0000E+00   0.0000E+00
     5    26   7.9718E+15   3.2876E-02   2.1523E-04   7.8795E-02   0.0000E+00   0.0000E+00
     5    27   9.5997E+15   3.4209E-02   2.2509E-04   6.0417E-02   0.0000E+00   0.0000E+00
     5    28   1.1527E+16   3.5233E-02   2.5218E-04   6.4021E-02   0.0000E+00   0.0000E+00
     5    29   1.3492E+16   3.7282E-02   2.8852E-04   9.7340E-02   0.0000E+00   0.0000E+00
     5    30   1.5816E+16   4.0933E-02   2.7792E-04   5.5109E-02   0.0000E+00   0.0000E+00
     5    31   1.6552E+16   4.0508E-02   2.8074E-04   5.9970E-02   0.0000E+00   0.0000E+00
     5    32   1.8897E+16   4.0704E-02   3.1259E-04   6.8279E-02   0.0000E+00   0.0000E+00
     5    33   1.9514E+16   4.0241E-02   3.0143E-04   5.7948E-02   0.0000E+00   0.0000E+00
     5    34   2.1540E+16   4.0345E-02   2.9818E-04   4.9080E-02   0.0000E+00   0.0000E+00
     5    35   2.1707E+16   3.9640E-02   2.7144E-04   4.3488E-02   0.0000E+00   0.0000E+00
     5    36   2.3460E+16   4.2166E-02   2.9186E-04   4.5717E-02   0.0000E+00   0.0000E+00
     5    37   2.2179E+16   4.1608E-02   3.0763E-04   5.0514E-02   0.0000E+00   0.0000E+00
     5    38   2.3948E+16   4.2206E-02   3.4629E-04   5.9169E-02   0.0000E+00   0.0000E+00
     5    39   2.4578E+16   4.4598E-02   3.1657E-04   4.3374E-02   0.0000E+00   0.0000E+00
     5    40   2.4917E+16   4.2830E-02   3.2357E-04   4.7382E-02   0.0000E+00   0.0000E+00
     5    41   2.7016E+16   4.3208E-02   3.3282E-04   4.3059E-02   0.0000E+00   0.0000E+00
     5    42   2.6515E+16   4.5615E-02   3.3392E-04   4.6511E-02   0.0000E+00   0.0000E+00
     5    43   2.8052E+16   4.5388E-02   3.3844E-04   5.6550E-02   0.0000E+00   0.0000E+00
     5    44   2.8374E+16   4.4541E-02   3.1964E-04   4.5545E-02   0.0000E+00   0.0000E+00
     5    45   2.6350E+16   5.4185E-02   3.1557E-04   5.2911E-02   0.0000E+00   0.0000E+00
     6     1   1.3647E+11   1.4618E-01   6.6482E-07   1.6834E-01   0.0000E+00   0.0000E+00
     6     2   1.6481E+11   1.7158E-01   8.3008E-07   2.4107E-01   0.0000E+00   0.0000E+00
     6     3   2.7253E+11   1.4037E-01   1.3254E-06   1.7920E-01   0.0000E+00   0.0000E+00
     6     4   5.1780E+11   1.7461E-01   1.6410E-06   2.1951E-01   0.0000E+00   0.0000E+00
     6     5   9.7387E+11   1.5579E-01   2.4069E-06   1.9933E-01   0.0000E+00   0.0000E+00
     6     6   2.0764E+12   1.2991E-01   4.3846E-06   1.6735E-01   0.0000E+00   0.0000E+00
     6     7   3.5536E+12   1.1720E-01   5.4628E-06   1.5535E-01   0.0000E+00   0.0000E+00
     6     8   6.6353E+12   9.7416E-02   7.8457E-06   1.4293E-01   0.0000E+00   0.0000E+00
     6     9   1.2268E+13   8.0073E-02   1.0801E-05   1.5210E-01   0.0000E+00   0.0000E+00
     6    10   2.1740E+13   6.4870E-02   1.3774E-05   1.3725E-01   0.0000E+00   0.0000E+00
     6    11   4.6837E+13   5.5879E-02   1.9402E-05   1.2314E-01   0.0000E+00   0.0000E+00
     6    12   9.0700E+13   4.9245E-02   2.2554E-05   1.0403E-01   0.0000E+00   0.0000E+00
     6    13   1.6871E+14   4.4872E-02   3.0172E-05   9.4399E-02   0.0000E+00   0.0000E+00
     6    14   3.0977E+14   4.1004E-02   4.2125E-05   8.3109E-02   0.0000E+00   0.0000E+00
     6    15   5.1075E+14   3.7540E-02   5.3860E-05   8.1919E-02   0.0000E+00   0.0000E+00
     6    16   7.7975E+14   3.5462E-02   7.2342E-05   7.9194E-02   0.0000E+00   0.0000E+00
     6    17   1.1161E+15   3.3996E-02   8.7025E-05   8.1097E-02   0.0000E+00   0.0000E+00
     6    18   1.5112E+15   3.3361E-02   9.4385E-05   6.8331E-02   0.0000E+00   0.0000E+00
     6    19   1.8835E+15   3.2732E-02   9.5441E-05   6.4456E-02   0.0000E+00   0.0000E+00
     6    20   2.3042E+15   3.2661E-02   1.0781E-04   6.4524E-02   0.0000E+00   0.0000E+00
     6    21   2.7824E+15   3.2075E-02   1.2424E-04   6.6150E-02   0.0000E+00   0.0000E+00
     6    22   3.3620E+15   3.3055E-02   1.3168E-04   6.1222E-02   0.0000E+00   0.0000E+00
     6    23   4.0827E+15   3.1919E-02   1.6259E-04   7.7851E-02   0.0000E+00   0.0000E+00
     6    24   4.9802E+15   3.2553E-02   1.6514E-04   7.2976E-02   0.0000E+00   0.0000E+00
     6    25   6.3300E+15   3.2978E-02   1.7549E-04   6.8231E-02   0.0000E+00   0.0000E+00
     6    26   7.9485E+15   3.4506E-02   2.0079E-04   6.4527E-02   0.0000E+00   0.0000E+00
     6    27   9.7161E+15   3.7181E-02   2.3841E-04   8.4252E-02   0.0000E+00   0.0000E+00
     6    28   1.1548E+16   3.7121E-02   2.4269E-04   7.2101E-02   0.0000E+00   0.0000E+00
     6    29   1.3435E+16   3.7965E-02   2.4323E-04   9.8839E-02   0.0000E+00   0.0000E+00
     6    30   1.5587E+16   3.9566E-02   2.8841E-04   9.5434E-02   0.0000E+00   0.0000E+00
     6    31   1.7374E+16   3.9727E-02   2.6973E-04   6.2838E-02   0.0000E+00   0.0000E+00
     6    32   1.9137E+16   4.2141E-02   3.0379E-04   6.2595E-02   0.0000E+00   0.0000E+00
     6    33   2.1226E+16   4.1239E-02   2.7502E-04   4.6055E-02   0.0000E+00   0.0000E+00
     6    34   2.1833E+16   4.0981E-02   2.8840E-04   4.7483E-02   0.0000E+00   0.0000E+00
     6    35   2.2409E+16   4.0632E-02   2.5809E-04   4.0602E-02   0.0000E+00   0.0000E+00
     6    36   2.4217E+16   4.1327E-02   2.8361E-04   5.6034E-02   0.0000E+00   0.0000E+00
     6    37   2.5871E+16   4.4318E-02   2.9064E-04   5.1190E-02   0.0000E+00   0.0000E+00
     6    38   2.5045E+16   4.2290E-02   3.0034E-04   5.3365E-02   0.0000E+00   0.0000E+00
     6    39   2.6019E+16   4.4475E-02   2.9744E-04   4.6812E-02   0.0000E+00   0.0000E+00
     6    40   2.6748E+16   4.3255E-02   3.2362E-04   5.3004E-02   0.0000E+00   0.0000E+00
     6    41   2.6247E+16   4.3463E-02   3.0704E-04   5.6624E-02   0.0000E+00   0.0000E+00
     6    42   2.9350E+16   4.7074E-02   3.3019E-04   4.4996E-02   0.0000E+00   0.0000E+00
     6    43   2.7150E+16   4.4987E-02   3.2849E-04   4.7986E-02   0.0000E+00   0.0000E+00
     6    44   2.9836E+16   4.4014E-02   3.3577E-04   4.4449E-02   0.0000E+00   0.0000E+00
     6    45   2.7477E+16   5.1947E-02   3.1650E-04   4.6256E-02   0.0000E+00   0.0000E+00
     7     1   2.3228E+11   1.8995E-01   1.4478E-06   2.5235E-01   0.0000E+00   0.0000E+00
     7     2   2.0124E+11   1.7090E-01   1.0761E-06   2.4100E-01   0.0000E+00   0.0000E+00
     7     3   3.6922E+11   1.6821E-01   1.5025E-06   1.9490E-01   0.0000E+00   0.0000E+00
     7     4   6.0289E+11   1.3755E-01   2.0883E-06   1.9943E-01   0.0000E+00   0.0000E+00
     7     5   1.0184E+12   1.2851E-01   2.4519E-06   1.8266E-01   0.0000E+00   0.0000E+00
     7     6   1.7154E+12   1.3586E-01   2.5160E-06   1.5612E-01   0.0000E+00   0.0000E+00
     7     7   3.3031E+12   1.1935E-01   4.8715E-06   1.5644E-01   0.0000E+00   0.0000E+00
     7     8   5.8734E+12   1.0217E-01   7.0132E-06   1.4398E-01   0.0000E+00   0.0000E+00
     7     9   1.0521E+13   9.1966E-02   9.0822E-06   1.5867E-01   0.0000E+00   0.0000E+00
     7    10   2.0510E+13   7.3469E-02   1.1312E-05   1.3393E-01   0.0000E+00   0.0000E+00
     7    11   3.7733E+13   6.2937E-02   1.6487E-05   1.2834E-01   0.0000E+00   0.0000E+00
     7    12   7.8345E+13   5.3569E-02   2.0807E-05   1.2106E-01   0.0000E+00   0.0000E+00
     7    13   1.6051E+14   4.6571E-02   3.0619E-05   1.1187E-01   0.0000E+00   0.0000E+00
     7    14   3.0307E+14   4.2034E-02   4.1952E-05   8.6832E-02   0.0000E+00   0.0000E+00
     7    15   5.0889E+14   3.9239E-02   5.0064E-05   8.2944E-02   0.0000E+00   0.0000E+00
     7    16   7.8120E+14   3.6408E-02   7.2022E-05   1.0255E-01   0.0000E+00   0.0000E+00
     7    17   1.1026E+15   3.5038E-02   7.1238E-05   8.0489E-02   0.0000E+00   0.0000E+00
     7    18   1.5140E+15   3.4047E-02   9.1550E-05   8.1353E-02   0.0000E+00   0.0000E+00
     7    19   1.9244E+15   3.4170E-02   9.6286E-05   7.2959E-02   0.0000E+00   0.0000E+00
     7    20   2.3477E+15   3.3077E-02   1.1076E-04   7.5892E-02   0.0000E+00   0.0000E+00
     7    21   2.9116E+15   3.3790E-02   1.1793E-04   8.8394E-02   0.0000E+00   0.0000E+00
     7    22   3.4488E+15   3.2819E-02   1.2512E-04   8.0889E-02   0.0000E+00   0.0000E+00
     7    23   4.2161E+15   3.2965E-02   1.3191E-04   7.0037E-02   0.0000E+00   0.0000E+00
     7    24   5.4515E+15   3.2806E-02   1.5919E-04   5.6322E-02   0.0000E+00   0.0000E+00
     7    25   7.1098E+15   3.2860E-02   1.9600E-04   6.5874E-02   0.0000E+00   0.0000E+00
     7    26   8.9427E+15   3.4223E-02   2.3175E-04   1.0734E-01   0.0000E+00   0.0000E+00
     7    27   1.0693E+16   3.5484E-02   2.1697E-04   6.2433E-02   0.0000E+00   0.0000E+00
     7    28   1.2742E+16   3.7485E-02   2.3330E-04   6.8745E-02   0.0000E+00   0.0000E+00
     7    29   1.4535E+16   4.0271E-02   2.5729E-04   9.0882E-02   0.0000E+00   0.0000E+00
     7    30   1.6788E+16   4.5192E-02   2.7015E-04   7.6381E-02   0.0000E+00   0.0000E+00
     7    31   1.8051E+16   4.1696E-02   2.6802E-04   5.9381E-02   0.0000E+00   0.0000E+00
     7    32   1.9887E+16   3.9825E-02   2.7744E-04   5.6577E-02   0.0000E+00   0.0000E+00
     7    33   2.1400E+16   4.0466E-02   2.7833E-04   6.5158E-02   0.0000E+00   0.0000E+00
     7    34   2.3993E+16   4.0408E-02   2.9470E-04   5.0252E-02   0.0000E+00   0.0000E+00
     7    35   2.4784E+16   4.0399E-02   2.9484E-04   4.7487E-02   0.0000E+00   0.0000E+00
     7    36   2.4922E+16   4.0340E-02   3.1849E-04   6.6220E-02   0.0000E+00   0.0000E+00
     7    37   2.6062E+16   4.0321E-02   3.1371E-04   4.8347E-02   0.0000E+00   0.0000E+00
     7    38   2.7552E+16   4.1208E-02   3.1694E-04   4.8592E-02   0.0000E+00   0.0000E+00
     7    39   2.8704E+16   4.2370E-02   3.1354E-04   5.0576E-02   0.0000E+00   0.0000E+00
     7    40   2.9729E+16   4.5310E-02   3.3129E-04   8.0075E-02   0.0000E+00   0.0000E+00
     7    41   2.8102E+16   4.2437E-02   3.1389E-04   4.6196E-02   0.0000E+00   0.0000E+00
     7    42   3.0736E+16   4.5403E-02   3.2352E-04   4.6586E-02   0.0000E+00   0.0000E+00
     7    43   3.1118E+16   4.3644E-02   3.3031E-04   4.5351E-02   0.0000E+00   0.0000E+00
     7    44   3.1307E+16   4.3315E-02   3.3939E-04   4.6343E-02   0.0000E+00   0.0000E+00
     7    45   3.0705E+16   6.4457E-02   3.1485E-04   4.9152E-02   0.0000E+00   0.0000E+00
     8     1   2.4696E+11   2.3006E-01   1.5680E-06   2.8582E-01   0.0000E+00   0.0000E+00
     8     2   2.1463E+11   1.8640E-01   9.9485E-07   3.2663E-01   0.0000E+00   0.0000E+00
     8     3   3.1214E+11   1.5200E-01   1.3105E-06   1.9742E-01   0.0000E+00   0.0000E+00
     8     4   5.7561E+11   1.6218E-01   2.2802E-06   2.4247E-01   0.0000E+00   0.0000E+00
     8     5   8.4977E+11   1.4299E-01   2.2356E-06   1.7475E-01   0.0000E+00   0.0000E+00
     8     6   1.3859E+12   1.5943E-01   2.5483E-06   1.7926E-01   0.0000E+00   0.0000E+00
     8     7   3.0364E+12   1.2607E-01   4.1165E-06   1.6331E-01   0.0000E+00   0.0000E+00
     8     8   6.3484E+12   9.8439E-02   7.3137E-06   1.3892E-01   0.0000E+00   0.0000E+00
     8     9   1.1631E+13   8.2455E-02   1.0699E-05   1.3991E-01   0.0000E+00   0.0000E+00
     8    10   2.1307E+13   7.0510E-02   1.3438E-05   1.3542E-01   0.0000E+00   0.0000E+00
     8    11   4.1787E+13   6.1295E-02   1.6997E-05   1.4739E-01   0.0000E+00   0.0000E+00
     8    12   8.6574E+13   5.2556E-02   1.9492E-05   1.1578E-01   0.0000E+00   0.0000E+00
     8    13   1.8202E+14   4.5946E-02   2.7321E-05   1.0107E-01   0.0000E+00   0.0000E+00
     8    14   3.3790E+14   4.1680E-02   4.0729E-05   9.9300E-02   0.0000E+00   0.0000E+00
     8    15   5.7495E+14   3.7801E-02   5.8826E-05   1.0207E-01   0.0000E+00   0.0000E+00
     8    16   8.9324E+14   3.4941E-02   6.8346E-05   7.0284E-02   0.0000E+00   0.0000E+00
     8    17   1.3066E+15   3.3698E-02   1.1015E-04   1.7881E-01   0.0000E+00   0.0000E+00
     8    18   1.7011E+15   3.2452E-02   1.0098E-04   1.0899E-01   0.0000E+00   0.0000E+00
     8    19   2.1974E+15   3.1929E-02   1.0385E-04   8.0023E-02   0.0000E+00   0.0000E+00
     8    20   2.7608E+15   3.1639E-02   1.2983E-04   9.6920E-02   0.0000E+00   0.0000E+00
     8    21   3.3132E+15   3.1565E-02   1.3440E-04   7.1651E-02   0.0000E+00   0.0000E+00
     8    22   3.9745E+15   3.1818E-02   1.3551E-04   6.0654E-02   0.0000E+00   0.0000E+00
     8    23   4.8570E+15   3.2047E-02   1.6251E-04   6.6350E-02   0.0000E+00   0.0000E+00
     8    24   6.0049E+15   3.2133E-02   1.8827E-04   6.5384E-02   0.0000E+00   0.0000E+00
     8    25   7.9168E+15   3.2579E-02   2.1699E-04   8.8562E-02   0.0000E+00   0.0000E+00
     8    26   1.0024E+16   3.3675E-02   2.3752E-04   8.9647E-02   0.0000E+00   0.0000E+00
     8    27   1.2602E+16   3.5190E-02   2.3819E-04   5.4619E-02   0.0000E+00   0.0000E+00
     8    28   1.5399E+16   3.5028E-02   2.5851E-04   5.4391E-02   0.0000E+00   0.0000E+00
     8    29   1.8368E+16   3.6371E-02   3.0368E-04   6.3882E-02   0.0000E+00   0.0000E+00
     8    30   2.1205E+16   3.8007E-02   3.0011E-04   6.2878E-02   0.0000E+00   0.0000E+00
     8    31   2.1734E+16   3.6976E-02   2.8105E-04   4.7119E-02   0.0000E+00   0.0000E+00
     8    32   2.2973E+16   3.8122E-02   3.0981E-04   5.2505E-02   0.0000E+00   0.0000E+00
     8    33   2.4295E+16   3.8856E-02   3.3439E-04   6.2360E-02   0.0000E+00   0.0000E+00
     8    34   2.4748E+16   3.9306E-02   3.1076E-04   5.0454E-02   0.0000E+00   0.0000E+00
     8    35   2.6147E+16   3.8602E-02   3.2521E-04   4.7026E-02   0.0000E+00   0.0000E+00
     8    36   2.8992E+16   3.9891E-02   3.3157E-04   4.7682E-02   0.0000E+00   0.0000E+00
     8    37   3.0714E+16   3.9407E-02   3.4622E-04   5.8333E-02   0.0000E+00   0.0000E+00
     8    38   3.2057E+16   4.0773E-02   3.3239E-04   4.7322E-02   0.0000E+00   0.0000E+00
     8    39   3.1904E+16   4.6140E-02   3.2893E-04   5.0928E-02   0.0000E+00   0.0000E+00
     8    40   3.1132E+16   4.2378E-02   3.2356E-04   7.6544E-02   0.0000E+00   0.0000E+00
     8    41   3.0952E+16   4.1952E-02   3.1053E-04   4.5187E-02   0.0000E+00   0.0000E+00
     8    42   3.1258E+16   4.2053E-02   3.3009E-04   4.8325E-02   0.0000E+00   0.0000E+00
     8    43   3.3263E+16   4.5304E-02   3.3308E-04   4.6208E-02   0.0000E+00   0.0000E+00
     8    44   3.4627E+16   4.5690E-02   3.1274E-04   5.1773E-02   0.0000E+00   0.0000E+00
     8    45   3.6626E+16   6.5874E-02   3.1677E-04   5.9422E-02   0.0000E+00   0.0000E+00
     9     1   2.0396E+11   2.0820E-01   1.5860E-06   4.2106E-01   0.0000E+00   0.0000E+00
     9     2   1.7429E+11   2.1212E-01   7.1228E-07   2.6700E-01   0.0000E+00   0.0000E+00
     9     3   3.3780E+11   1.4224E-01   1.2448E-06   1.8097E-01   0.0000E+00   0.0000E+00
     9     4   7.9398E+11   1.5516E-01   2.4882E-06   2.1873E-01   0.0000E+00   0.0000E+00
     9     5   1.4215E+12   1.4494E-01   3.0601E-06   1.6353E-01   0.0000E+00   0.0000E+00
     9     6   2.0082E+12   1.3473E-01   3.1477E-06   1.6991E-01   0.0000E+00   0.0000E+00
     9     7   3.1536E+12   1.1967E-01   4.3174E-06   1.3951E-01   0.0000E+00   0.0000E+00
     9     8   5.6779E+12   1.0378E-01   6.1354E-06   1.5833E-01   0.0000E+00   0.0000E+00
     9     9   1.3052E+13   7.8900E-02   1.3081E-05   1.4235E-01   0.0000E+00   0.0000E+00
     9    10   2.5780E+13   6.6633E-02   1.6526E-05   1.4404E-01   0.0000E+00   0.0000E+00
     9    11   5.3066E+13   5.7236E-02   1.7585E-05   1.0663E-01   0.0000E+00   0.0000E+00
     9    12   1.0789E+14   4.9820E-02   2.3969E-05   1.0091E-01   0.0000E+00   0.0000E+00
     9    13   2.0813E+14   4.5575E-02   3.7229E-05   1.1798E-01   0.0000E+00   0.0000E+00
     9    14   3.6325E+14   4.1485E-02   4.5740E-05   8.3912E-02   0.0000E+00   0.0000E+00
     9    15   6.0640E+14   3.9370E-02   6.5768E-05   1.1590E-01   0.0000E+00   0.0000E+00
     9    16   9.4318E+14   3.5239E-02   7.1602E-05   7.7179E-02   0.0000E+00   0.0000E+00
     9    17   1.3586E+15   3.3330E-02   1.0499E-04   2.1951E-01   0.0000E+00   0.0000E+00
     9    18   1.8896E+15   3.2047E-02   1.0867E-04   1.7258E-01   0.0000E+00   0.0000E+00
     9    19   2.4679E+15   3.1346E-02   1.0965E-04   9.3259E-02   0.0000E+00   0.0000E+00
     9    20   3.0711E+15   3.1164E-02   1.1155E-04   6.3431E-02   0.0000E+00   0.0000E+00
     9    21   3.7683E+15   3.0781E-02   1.4836E-04   7.5945E-02   0.0000E+00   0.0000E+00
     9    22   4.5599E+15   3.0814E-02   1.5655E-04   6.5025E-02   0.0000E+00   0.0000E+00
     9    23   5.7400E+15   3.1226E-02   1.6447E-04   6.2696E-02   0.0000E+00   0.0000E+00
     9    24   7.4168E+15   3.0333E-02   1.8336E-04   6.0530E-02   0.0000E+00   0.0000E+00
     9    25   9.8817E+15   3.0776E-02   2.1761E-04   6.8293E-02   0.0000E+00   0.0000E+00
     9    26   1.2179E+16   3.1907E-02   2.5080E-04   7.0798E-02   0.0000E+00   0.0000E+00
     9    27   1.4519E+16   3.2276E-02   2.4670E-04   6.4170E-02   0.0000E+00   0.0000E+00
     9    28   1.7304E+16   3.3106E-02   2.5071E-04   4.9591E-02   0.0000E+00   0.0000E+00
     9    29   1.9540E+16   3.4150E-02   2.8080E-04   5.1488E-02   0.0000E+00   0.0000E+00
     9    30   2.1766E+16   3.4295E-02   3.0853E-04   5.1333E-02   0.0000E+00   0.0000E+00
     9    31   2.4081E+16   3.5263E-02   3.0159E-04   4.8846E-02   0.0000E+00   0.0000E+00
     9    32   2.7111E+16   3.5628E-02   3.3449E-04   5.5339E-02   0.0000E+00   0.0000E+00
     9    33   2.8373E+16   3.6171E-02   3.3169E-04   5.2509E-02   0.0000E+00   0.0000E+00
     9    34   2.9234E+16   3.6069E-02   3.2637E-04   4.9966E-02   0.0000E+00   0.0000E+00
     9    35   3.0691E+16   3.8166E-02   3.3810E-04   4.9200E-02   0.0000E+00   0.0000E+00
     9    36   3.2341E+16   3.7561E-02   3.3872E-04   4.2313E-02   0.0000E+00   0.0000E+00
     9    37   3.2016E+16   3.6067E-02   3.4080E-04   4.4115E-02   0.0000E+00   0.0000E+00
     9    38   3.4280E+16   3.9753E-02   3.4811E-04   5.0907E-02   0.0000E+00   0.0000E+00
     9    39   3.6998E+16   4.0525E-02   3.6617E-04   5.9250E-02   0.0000E+00   0.0000E+00
     9    40   3.5600E+16   4.1079E-02   3.5829E-04   5.2885E-02   0.0000E+00   0.0000E+00
     9    41   3.6675E+16   4.1965E-02   3.6101E-04   5.7292E-02   0.0000E+00   0.0000E+00
     9    42   3.5264E+16   4.4086E-02   3.2076E-04   5.0004E-02   0.0000E+00   0.0000E+00
     9    43   3.4528E+16   4.4289E-02   3.3728E-04   5.6345E-02   0.0000E+00   0.0000E+00
     9    44   3.5975E+16   4.4394E-02   3.3426E-04   4.8182E-02   0.0000E+00   0.0000E+00
     9    45   3.6728E+16   5.2677E-02   3.3537E-04   5.4330E-02   0.0000E+00   0.0000E+00
    10     1   1.8781E+11   1.5326E-01   1.2144E-06   2.3218E-01   0.0000E+00   0.0000E+00
    10     2   2.5940E+11   2.7307E-01   1.2805E-06   4.1831E-01   0.0000E+00   0.0000E+00
    10     3   3.2122E+11   1.8233E-01   1.3556E-06   2.3803E-01   0.0000E+00   0.0000E+00
    10     4   6.6226E+11   1.6531E-01   2.2884E-06   2.5070E-01   0.0000E+00   0.0000E+00
    10     5   1.1299E+12   1.5550E-01   3.1301E-06   2.2584E-01   0.0000E+00   0.0000E+00
    10     6   2.0014E+12   1.5647E-01   5.0034E-06   2.1045E-01   0.0000E+00   0.0000E+00
    10     7   2.8516E+12   1.1702E-01   4.9028E-06   1.9866E-01   0.0000E+00   0.0000E+00
    10     8   6.1412E+12   1.0231E-01   8.0388E-06   1.7737E-01   0.0000E+00   0.0000E+00
    10     9   1.1986E+13   8.0050E-02   1.1354E-05   1.5693E-01   0.0000E+00   0.0000E+00
    10    10   2.5156E+13   6.5878E-02   1.5746E-05   1.4018E-01   0.0000E+00   0.0000E+00
    10    11   5.2484E+13   5.8987E-02   2.5124E-05   1.4537E-01   0.0000E+00   0.0000E+00
    10    12   1.0621E+14   5.1578E-02   3.3134E-05   1.2892E-01   0.0000E+00   0.0000E+00
    10    13   2.1221E+14   4.5264E-02   3.7226E-05   1.0193E-01   0.0000E+00   0.0000E+00
    10    14   4.0868E+14   4.0175E-02   5.3934E-05   9.3164E-02   0.0000E+00   0.0000E+00
    10    15   7.1068E+14   3.6443E-02   6.6759E-05   1.0157E-01   0.0000E+00   0.0000E+00
    10    16   1.1008E+15   3.3688E-02   7.2168E-05   7.3614E-02   0.0000E+00   0.0000E+00
    10    17   1.6147E+15   3.2110E-02   8.8155E-05   7.0216E-02   0.0000E+00   0.0000E+00
    10    18   2.2126E+15   3.0987E-02   1.1027E-04   6.8728E-02   0.0000E+00   0.0000E+00
    10    19   2.8316E+15   3.0504E-02   1.2954E-04   8.2581E-02   0.0000E+00   0.0000E+00
    10    20   3.5915E+15   3.0220E-02   1.3484E-04   6.5106E-02   0.0000E+00   0.0000E+00
    10    21   4.4386E+15   2.9799E-02   1.5728E-04   6.8027E-02   0.0000E+00   0.0000E+00
    10    22   5.4356E+15   2.9732E-02   1.7104E-04   6.6839E-02   0.0000E+00   0.0000E+00
    10    23   6.5650E+15   2.9903E-02   1.7558E-04   5.6050E-02   0.0000E+00   0.0000E+00
    10    24   8.1014E+15   2.9953E-02   1.8989E-04   5.5925E-02   0.0000E+00   0.0000E+00
    10    25   1.0476E+16   3.0033E-02   2.1936E-04   6.2548E-02   0.0000E+00   0.0000E+00
    10    26   1.3213E+16   3.1502E-02   2.2613E-04   5.9180E-02   0.0000E+00   0.0000E+00
    10    27   1.5279E+16   3.1659E-02   2.4518E-04   6.2437E-02   0.0000E+00   0.0000E+00
    10    28   1.8374E+16   3.2802E-02   2.6488E-04   6.3565E-02   0.0000E+00   0.0000E+00
    10    29   2.1394E+16   3.3492E-02   2.9511E-04   5.1289E-02   0.0000E+00   0.0000E+00
    10    30   2.3864E+16   3.5470E-02   3.3291E-04   5.4735E-02   0.0000E+00   0.0000E+00
    10    31   2.6019E+16   3.4836E-02   3.6124E-04   5.3576E-02   0.0000E+00   0.0000E+00
    10    32   2.8188E+16   3.4365E-02   3.6804E-04   5.7727E-02   0.0000E+00   0.0000E+00
    10    33   3.1131E+16   3.3495E-02   3.5850E-04   5.1627E-02   0.0000E+00   0.0000E+00
    10    34   3.3567E+16   3.5628E-02   3.6924E-04   4.6834E-02   0.0000E+00   0.0000E+00
    10    35   3.4652E+16   3.6668E-02   3.9581E-04   4.4264E-02   0.0000E+00   0.0000E+00
    10    36   3.5064E+16   3.5855E-02   3.9365E-04   4.7406E-02   0.0000E+00   0.0000E+00
    10    37   3.6136E+16   3.5049E-02   3.8557E-04   4.7556E-02   0.0000E+00   0.0000E+00
    10    38   3.9219E+16   3.6259E-02   3.7874E-04   4.5289E-02   0.0000E+00   0.0000E+00
    10    39   3.8435E+16   3.8664E-02   3.4852E-04   4.5614E-02   0.0000E+00   0.0000E+00
    10    40   3.7096E+16   4.3147E-02   3.7803E-04   6.0259E-02   0.0000E+00   0.0000E+00
    10    41   3.8316E+16   4.5830E-02   3.5347E-04   5.1943E-02   0.0000E+00   0.0000E+00
    10    42   4.0041E+16   4.6199E-02   3.8107E-04   6.9126E-02   0.0000E+00   0.0000E+00
    10    43   4.0466E+16   4.5058E-02   4.0078E-04   5.7736E-02   0.0000E+00   0.0000E+00
    10    44   3.9004E+16   4.5789E-02   3.8636E-04   4.7920E-02   0.0000E+00   0.0000E+00
    10    45   3.8330E+16   7.1904E-02   3.8537E-04   7.0909E-02   0.0000E+00   0.0000E+00
    11     1   2.5638E+11   1.4890E-01   1.4192E-06   1.9261E-01   0.0000E+00   0.0000E+00
    11     2   2.0502E+11   1.5969E-01   1.0522E-06   2.1366E-01   0.0000E+00   0.0000E+00
    11     3   4.3838E+11   2.2670E-01   1.7819E-06   3.6170E-01   0.0000E+00   0.0000E+00
    11     4   6.1513E+11   2.1976E-01   2.4236E-06   3.5747E-01   0.0000E+00   0.0000E+00
    11     5   1.0896E+12   1.8775E-01   4.2417E-06   3.0336E-01   0.0000E+00   0.0000E+00
    11     6   2.0693E+12   1.3323E-01   6.0993E-06   2.5003E-01   0.0000E+00   0.0000E+00
    11     7   4.1725E+12   1.1491E-01   8.6182E-06   2.1350E-01   0.0000E+00   0.0000E+00
    11     8   7.0500E+12   1.0128E-01   1.0301E-05   1.9208E-01   0.0000E+00   0.0000E+00
    11     9   1.3885E+13   7.8003E-02   1.2789E-05   1.5358E-01   0.0000E+00   0.0000E+00
    11    10   2.9070E+13   6.5172E-02   1.7067E-05   1.4272E-01   0.0000E+00   0.0000E+00
    11    11   5.7366E+13   5.5604E-02   2.1804E-05   1.4795E-01   0.0000E+00   0.0000E+00
    11    12   1.2227E+14   4.8942E-02   3.2864E-05   1.2771E-01   0.0000E+00   0.0000E+00
    11    13   2.4139E+14   4.4594E-02   4.5369E-05   1.1146E-01   0.0000E+00   0.0000E+00
    11    14   4.4412E+14   3.9829E-02   5.6048E-05   9.0257E-02   0.0000E+00   0.0000E+00
    11    15   7.7347E+14   3.5270E-02   7.7320E-05   1.0407E-01   0.0000E+00   0.0000E+00
    11    16   1.2228E+15   3.2598E-02   8.5477E-05   8.3127E-02   0.0000E+00   0.0000E+00
    11    17   1.8421E+15   3.1109E-02   9.7067E-05   6.7660E-02   0.0000E+00   0.0000E+00
    11    18   2.5115E+15   3.0384E-02   1.0800E-04   6.3267E-02   0.0000E+00   0.0000E+00
    11    19   3.2907E+15   3.0019E-02   1.2650E-04   6.4970E-02   0.0000E+00   0.0000E+00
    11    20   4.2243E+15   2.9439E-02   1.7046E-04   8.9978E-02   0.0000E+00   0.0000E+00
    11    21   5.2109E+15   2.9315E-02   1.5641E-04   6.1017E-02   0.0000E+00   0.0000E+00
    11    22   6.4001E+15   2.8486E-02   1.7934E-04   6.7032E-02   0.0000E+00   0.0000E+00
    11    23   8.0436E+15   2.8498E-02   1.8076E-04   4.7996E-02   0.0000E+00   0.0000E+00
    11    24   1.0017E+16   2.8570E-02   2.1599E-04   7.1365E-02   0.0000E+00   0.0000E+00
    11    25   1.2678E+16   2.8862E-02   2.2170E-04   4.8743E-02   0.0000E+00   0.0000E+00
    11    26   1.5763E+16   2.9455E-02   2.4317E-04   4.9930E-02   0.0000E+00   0.0000E+00
    11    27   1.8271E+16   3.0257E-02   2.7295E-04   5.8625E-02   0.0000E+00   0.0000E+00
    11    28   2.1817E+16   3.0830E-02   3.0037E-04   5.7923E-02   0.0000E+00   0.0000E+00
    11    29   2.4752E+16   3.1763E-02   3.3212E-04   6.2387E-02   0.0000E+00   0.0000E+00
    11    30   2.8430E+16   3.3003E-02   3.1084E-04   4.1930E-02   0.0000E+00   0.0000E+00
    11    31   3.0892E+16   3.4115E-02   3.3899E-04   4.8113E-02   0.0000E+00   0.0000E+00
    11    32   3.2003E+16   3.3383E-02   3.5254E-04   6.1886E-02   0.0000E+00   0.0000E+00
    11    33   3.2353E+16   3.3492E-02   3.6508E-04   5.1654E-02   0.0000E+00   0.0000E+00
    11    34   3.3929E+16   3.3302E-02   3.7074E-04   5.1393E-02   0.0000E+00   0.0000E+00
    11    35   3.8152E+16   3.2965E-02   3.9075E-04   4.4460E-02   0.0000E+00   0.0000E+00
    11    36   4.0866E+16   3.4623E-02   4.0334E-04   5.1709E-02   0.0000E+00   0.0000E+00
    11    37   4.0743E+16   3.2751E-02   4.1596E-04   4.6151E-02   0.0000E+00   0.0000E+00
    11    38   4.0343E+16   3.8753E-02   4.2536E-04   5.5571E-02   0.0000E+00   0.0000E+00
    11    39   4.0771E+16   3.8717E-02   4.0354E-04   5.7707E-02   0.0000E+00   0.0000E+00
    11    40   4.2491E+16   4.5279E-02   3.7696E-04   5.0245E-02   0.0000E+00   0.0000E+00
    11    41   3.9281E+16   4.2989E-02   4.0033E-04   6.4840E-02   0.0000E+00   0.0000E+00
    11    42   4.2751E+16   4.4205E-02   4.3123E-04   5.7136E-02   0.0000E+00   0.0000E+00
    11    43   4.4147E+16   4.5564E-02   4.4313E-04   6.9412E-02   0.0000E+00   0.0000E+00
    11    44   4.5031E+16   4.3138E-02   4.1404E-04   5.5092E-02   0.0000E+00   0.0000E+00
    11    45   4.5179E+16   6.5407E-02   4.1730E-04   6.9767E-02   0.0000E+00   0.0000E+00
    12     1   2.6460E+11   1.4600E-01   1.7799E-06   2.3204E-01   0.0000E+00   0.0000E+00
    12     2   2.2141E+11   1.4314E-01   1.1346E-06   1.9984E-01   0.0000E+00   0.0000E+00
    12     3   3.6137E+11   1.5031E-01   1.6896E-06   2.6761E-01   0.0000E+00   0.0000E+00
    12     4   6.6559E+11   1.5691E-01   2.6671E-06   2.5726E-01   0.0000E+00   0.0000E+00
    12     5   1.1860E+12   1.5923E-01   4.0867E-06   2.4645E-01   0.0000E+00   0.0000E+00
    12     6   1.9921E+12   1.3639E-01   4.0860E-06   2.0801E-01   0.0000E+00   0.0000E+00
    12     7   3.9090E+12   1.2382E-01   6.1363E-06   2.2966E-01   0.0000E+00   0.0000E+00
    12     8   7.1418E+12   1.0015E-01   8.2207E-06   1.7141E-01   0.0000E+00   0.0000E+00
    12     9   1.5372E+13   8.2803E-02   1.4462E-05   1.5988E-01   0.0000E+00   0.0000E+00
    12    10   2.9621E+13   6.7173E-02   2.0289E-05   1.4649E-01   0.0000E+00   0.0000E+00
    12    11   6.1160E+13   5.6026E-02   2.4611E-05   1.3268E-01   0.0000E+00   0.0000E+00
    12    12   1.2889E+14   4.8098E-02   3.1093E-05   1.2690E-01   0.0000E+00   0.0000E+00
    12    13   2.8123E+14   4.0894E-02   4.8509E-05   1.1057E-01   0.0000E+00   0.0000E+00
    12    14   5.5008E+14   3.6005E-02   6.2869E-05   7.8871E-02   0.0000E+00   0.0000E+00
    12    15   9.6821E+14   3.2575E-02   9.4662E-05   9.8678E-02   0.0000E+00   0.0000E+00
    12    16   1.5370E+15   3.0555E-02   1.1513E-04   8.3488E-02   0.0000E+00   0.0000E+00
    12    17   2.2592E+15   2.8864E-02   1.2112E-04   7.0086E-02   0.0000E+00   0.0000E+00
    12    18   3.1681E+15   2.8051E-02   1.3336E-04   6.9803E-02   0.0000E+00   0.0000E+00
    12    19   4.0979E+15   2.7593E-02   1.4338E-04   6.2678E-02   0.0000E+00   0.0000E+00
    12    20   5.1520E+15   2.7331E-02   1.5636E-04   5.7092E-02   0.0000E+00   0.0000E+00
    12    21   6.2865E+15   2.7245E-02   1.8608E-04   7.4215E-02   0.0000E+00   0.0000E+00
    12    22   7.4547E+15   2.7431E-02   1.9131E-04   6.7694E-02   0.0000E+00   0.0000E+00
    12    23   9.0515E+15   2.7519E-02   1.9502E-04   8.0363E-02   0.0000E+00   0.0000E+00
    12    24   1.1124E+16   2.7478E-02   2.0787E-04   4.8721E-02   0.0000E+00   0.0000E+00
    12    25   1.4436E+16   2.7323E-02   2.5933E-04   4.7842E-02   0.0000E+00   0.0000E+00
    12    26   1.8095E+16   2.7937E-02   3.2345E-04   7.3334E-02   0.0000E+00   0.0000E+00
    12    27   2.1729E+16   2.8617E-02   3.1964E-04   5.7208E-02   0.0000E+00   0.0000E+00
    12    28   2.4398E+16   2.9849E-02   3.0707E-04   4.6127E-02   0.0000E+00   0.0000E+00
    12    29   2.8872E+16   3.0739E-02   3.5876E-04   4.9649E-02   0.0000E+00   0.0000E+00
    12    30   3.1678E+16   3.1142E-02   3.5893E-04   4.7139E-02   0.0000E+00   0.0000E+00
    12    31   3.5330E+16   3.3656E-02   3.7769E-04   4.6827E-02   0.0000E+00   0.0000E+00
    12    32   3.6929E+16   3.4032E-02   3.8381E-04   4.3515E-02   0.0000E+00   0.0000E+00
    12    33   3.8195E+16   3.1349E-02   4.0697E-04   5.3518E-02   0.0000E+00   0.0000E+00
    12    34   4.1522E+16   3.2091E-02   3.9133E-04   4.1256E-02   0.0000E+00   0.0000E+00
    12    35   4.1768E+16   3.0431E-02   3.9388E-04   4.9707E-02   0.0000E+00   0.0000E+00
    12    36   4.3983E+16   3.0968E-02   4.1218E-04   4.9452E-02   0.0000E+00   0.0000E+00
    12    37   4.6648E+16   3.3147E-02   4.2040E-04   4.1820E-02   0.0000E+00   0.0000E+00
    12    38   4.5925E+16   3.4049E-02   4.4185E-04   4.7736E-02   0.0000E+00   0.0000E+00
    12    39   4.2953E+16   3.8213E-02   4.1226E-04   4.7495E-02   0.0000E+00   0.0000E+00
    12    40   4.3993E+16   4.5502E-02   4.0911E-04   5.2773E-02   0.0000E+00   0.0000E+00
    12    41   4.3158E+16   4.3024E-02   4.0321E-04   5.4398E-02   0.0000E+00   0.0000E+00
    12    42   4.5844E+16   4.2124E-02   4.2002E-04   5.0044E-02   0.0000E+00   0.0000E+00
    12    43   4.3560E+16   4.3892E-02   4.3085E-04   5.8932E-02   0.0000E+00   0.0000E+00
    12    44   4.4726E+16   4.3457E-02   4.1051E-04   6.4589E-02   0.0000E+00   0.0000E+00
    12    45   4.6881E+16   5.9413E-02   5.1284E-04   1.6430E-01   0.0000E+00   0.0000E+00
    13     1   2.4742E+11   1.3647E-01   1.5309E-06   2.3797E-01   0.0000E+00   0.0000E+00
    13     2   2.9461E+11   1.6814E-01   1.7785E-06   2.7723E-01   0.0000E+00   0.0000E+00
    13     3   3.5937E+11   1.7412E-01   1.5686E-06   2.5926E-01   0.0000E+00   0.0000E+00
    13     4   7.1584E+11   1.4911E-01   2.7539E-06   2.4719E-01   0.0000E+00   0.0000E+00
    13     5   1.2066E+12   1.3463E-01   3.9602E-06   2.5697E-01   0.0000E+00   0.0000E+00
    13     6   2.3153E+12   1.4423E-01   3.8816E-06   1.9957E-01   0.0000E+00   0.0000E+00
    13     7   4.1347E+12   1.1638E-01   5.1838E-06   1.4145E-01   0.0000E+00   0.0000E+00
    13     8   8.4024E+12   9.7718E-02   1.0841E-05   1.7862E-01   0.0000E+00   0.0000E+00
    13     9   1.5066E+13   8.0715E-02   1.1843E-05   1.4719E-01   0.0000E+00   0.0000E+00
    13    10   3.0822E+13   6.5849E-02   1.4394E-05   1.1501E-01   0.0000E+00   0.0000E+00
    13    11   6.7707E+13   5.5635E-02   2.5502E-05   1.2509E-01   0.0000E+00   0.0000E+00
    13    12   1.4809E+14   4.7098E-02   4.1506E-05   1.1532E-01   0.0000E+00   0.0000E+00
    13    13   3.0394E+14   4.0576E-02   5.3645E-05   9.9048E-02   0.0000E+00   0.0000E+00
    13    14   5.9085E+14   3.5708E-02   7.3518E-05   9.1932E-02   0.0000E+00   0.0000E+00
    13    15   1.0561E+15   3.1699E-02   1.0582E-04   1.0886E-01   0.0000E+00   0.0000E+00
    13    16   1.7528E+15   2.8889E-02   1.0937E-04   6.7508E-02   0.0000E+00   0.0000E+00
    13    17   2.6832E+15   2.7384E-02   1.2447E-04   5.9953E-02   0.0000E+00   0.0000E+00
    13    18   3.8041E+15   2.6319E-02   1.5903E-04   6.6838E-02   0.0000E+00   0.0000E+00
    13    19   4.9586E+15   2.5878E-02   1.8088E-04   6.2469E-02   0.0000E+00   0.0000E+00
    13    20   6.2853E+15   2.5706E-02   1.8882E-04   5.7137E-02   0.0000E+00   0.0000E+00
    13    21   7.5450E+15   2.5739E-02   1.9917E-04   5.5499E-02   0.0000E+00   0.0000E+00
    13    22   9.0314E+15   2.5431E-02   2.2556E-04   7.0547E-02   0.0000E+00   0.0000E+00
    13    23   1.1034E+16   2.5439E-02   2.4612E-04   6.2745E-02   0.0000E+00   0.0000E+00
    13    24   1.3679E+16   2.5471E-02   2.6424E-04   5.2067E-02   0.0000E+00   0.0000E+00
    13    25   1.7296E+16   2.5719E-02   3.2492E-04   7.3878E-02   0.0000E+00   0.0000E+00
    13    26   2.1206E+16   2.6030E-02   3.1844E-04   5.2179E-02   0.0000E+00   0.0000E+00
    13    27   2.6055E+16   2.6847E-02   3.5757E-04   4.9674E-02   0.0000E+00   0.0000E+00
    13    28   3.0541E+16   2.7611E-02   3.8063E-04   4.5240E-02   0.0000E+00   0.0000E+00
    13    29   3.2839E+16   2.8110E-02   3.9718E-04   5.0797E-02   0.0000E+00   0.0000E+00
    13    30   3.6259E+16   2.9791E-02   3.8479E-04   4.1531E-02   0.0000E+00   0.0000E+00
    13    31   3.9404E+16   2.9969E-02   4.0396E-04   4.3877E-02   0.0000E+00   0.0000E+00
    13    32   4.0095E+16   2.8832E-02   4.0915E-04   4.2706E-02   0.0000E+00   0.0000E+00
    13    33   4.1853E+16   2.8546E-02   4.2295E-04   4.7191E-02   0.0000E+00   0.0000E+00
    13    34   4.3671E+16   2.9388E-02   3.9694E-04   4.4193E-02   0.0000E+00   0.0000E+00
    13    35   4.5498E+16   3.0789E-02   4.0624E-04   4.9393E-02   0.0000E+00   0.0000E+00
    13    36   4.7854E+16   2.9556E-02   4.0631E-04   4.1794E-02   0.0000E+00   0.0000E+00
    13    37   5.1290E+16   3.0152E-02   4.5581E-04   5.4753E-02   0.0000E+00   0.0000E+00
    13    38   4.9329E+16   3.2097E-02   4.4995E-04   4.6340E-02   0.0000E+00   0.0000E+00
    13    39   4.5359E+16   3.4998E-02   4.1773E-04   4.9982E-02   0.0000E+00   0.0000E+00
    13    40   4.5644E+16   4.0550E-02   4.0485E-04   5.0291E-02   0.0000E+00   0.0000E+00
    13    41   4.5196E+16   4.2028E-02   4.3350E-04   5.2529E-02   0.0000E+00   0.0000E+00
    13    42   4.8386E+16   4.2411E-02   4.0954E-04   5.4268E-02   0.0000E+00   0.0000E+00
    13    43   5.0383E+16   4.0979E-02   4.2088E-04   5.1712E-02   0.0000E+00   0.0000E+00
    13    44   4.8974E+16   4.2010E-02   4.4407E-04   6.3049E-02   0.0000E+00   0.0000E+00
    13    45   4.7336E+16   5.3564E-02   4.5076E-04   7.9781E-02   0.0000E+00   0.0000E+00
    14     1   2.1347E+11   1.3714E-01   1.1256E-06   2.1746E-01   0.0000E+00   0.0000E+00
    14     2   3.5220E+11   1.5995E-01   1.6627E-06   2.1208E-01   0.0000E+00   0.0000E+00
    14     3   4.0037E+11   1.4040E-01   1.4254E-06   1.7384E-01   0.0000E+00   0.0000E+00
    14     4   8.7296E+11   1.4651E-01   2.8798E-06   2.1484E-01   0.0000E+00   0.0000E+00
    14     5   1.6750E+12   1.2475E-01   4.2780E-06   1.6794E-01   0.0000E+00   0.0000E+00
    14     6   2.3767E+12   1.2563E-01   5.5307E-06   2.2517E-01   0.0000E+00   0.0000E+00
    14     7   4.4260E+12   1.1294E-01   7.5463E-06   1.9457E-01   0.0000E+00   0.0000E+00
    14     8   8.4245E+12   9.6013E-02   1.0072E-05   1.5764E-01   0.0000E+00   0.0000E+00
    14     9   1.6633E+13   7.9274E-02   1.6078E-05   1.8004E-01   0.0000E+00   0.0000E+00
    14    10   3.4303E+13   6.5936E-02   1.9306E-05   1.4861E-01   0.0000E+00   0.0000E+00
    14    11   7.3248E+13   5.4603E-02   2.6620E-05   1.5316E-01   0.0000E+00   0.0000E+00
    14    12   1.5185E+14   4.6747E-02   3.5928E-05   1.2030E-01   0.0000E+00   0.0000E+00
    14    13   3.2844E+14   3.9529E-02   5.8483E-05   1.0391E-01   0.0000E+00   0.0000E+00
    14    14   6.2884E+14   3.5055E-02   7.1465E-05   8.7296E-02   0.0000E+00   0.0000E+00
    14    15   1.1149E+15   3.1372E-02   9.0831E-05   1.0383E-01   0.0000E+00   0.0000E+00
    14    16   1.8154E+15   2.9288E-02   1.0571E-04   8.4663E-02   0.0000E+00   0.0000E+00
    14    17   2.6813E+15   2.8293E-02   1.1962E-04   6.7485E-02   0.0000E+00   0.0000E+00
    14    18   3.7636E+15   2.7374E-02   1.5080E-04   6.8571E-02   0.0000E+00   0.0000E+00
    14    19   4.9872E+15   2.7071E-02   1.8131E-04   6.6377E-02   0.0000E+00   0.0000E+00
    14    20   6.3548E+15   2.6075E-02   1.8418E-04   5.4552E-02   0.0000E+00   0.0000E+00
    14    21   7.8985E+15   2.5817E-02   2.1466E-04   5.7086E-02   0.0000E+00   0.0000E+00
    14    22   9.7520E+15   2.5770E-02   2.5538E-04   7.0671E-02   0.0000E+00   0.0000E+00
    14    23   1.2107E+16   2.5166E-02   2.7690E-04   5.3082E-02   0.0000E+00   0.0000E+00
    14    24   1.5330E+16   2.4863E-02   3.2479E-04   6.5567E-02   0.0000E+00   0.0000E+00
    14    25   1.9568E+16   2.5172E-02   3.6307E-04   6.6283E-02   0.0000E+00   0.0000E+00
    14    26   2.4053E+16   2.5953E-02   3.4759E-04   5.0616E-02   0.0000E+00   0.0000E+00
    14    27   2.6820E+16   2.6304E-02   3.6225E-04   4.6865E-02   0.0000E+00   0.0000E+00
    14    28   3.1802E+16   2.6787E-02   4.0044E-04   4.7727E-02   0.0000E+00   0.0000E+00
    14    29   3.6820E+16   2.7157E-02   4.5360E-04   5.2165E-02   0.0000E+00   0.0000E+00
    14    30   4.1571E+16   2.7452E-02   4.6021E-04   4.2121E-02   0.0000E+00   0.0000E+00
    14    31   4.4479E+16   2.8278E-02   4.6788E-04   4.3140E-02   0.0000E+00   0.0000E+00
    14    32   4.6764E+16   2.8355E-02   4.7369E-04   4.4292E-02   0.0000E+00   0.0000E+00
    14    33   4.7910E+16   2.9211E-02   4.7683E-04   4.5468E-02   0.0000E+00   0.0000E+00
    14    34   5.0628E+16   2.9125E-02   4.7247E-04   4.5800E-02   0.0000E+00   0.0000E+00
    14    35   5.3023E+16   2.8392E-02   4.6697E-04   4.3966E-02   0.0000E+00   0.0000E+00
    14    36   5.4728E+16   2.8921E-02   4.7200E-04   3.8480E-02   0.0000E+00   0.0000E+00
    14    37   5.3809E+16   2.7893E-02   4.8939E-04   4.2713E-02   0.0000E+00   0.0000E+00
    14    38   5.3062E+16   2.9034E-02   4.6500E-04   4.2138E-02   0.0000E+00   0.0000E+00
    14    39   5.0331E+16   3.4557E-02   4.8501E-04   6.3098E-02   0.0000E+00   0.0000E+00
    14    40   5.2069E+16   3.8357E-02   4.7562E-04   5.2553E-02   0.0000E+00   0.0000E+00
    14    41   4.9375E+16   3.8655E-02   4.3379E-04   4.5329E-02   0.0000E+00   0.0000E+00
    14    42   5.1482E+16   4.8814E-02   4.3568E-04   4.8432E-02   0.0000E+00   0.0000E+00
    14    43   5.0466E+16   4.0348E-02   4.6012E-04   5.5410E-02   0.0000E+00   0.0000E+00
    14    44   5.3777E+16   3.9403E-02   4.9108E-04   5.2043E-02   0.0000E+00   0.0000E+00
    14    45   5.7277E+16   6.7688E-02   4.7117E-04   8.4503E-02   0.0000E+00   0.0000E+00
    15     1   2.3589E+11   2.0444E-01   1.0104E-06   2.5232E-01   0.0000E+00   0.0000E+00
    15     2   3.4165E+11   1.5789E-01   1.6780E-06   2.0710E-01   0.0000E+00   0.0000E+00
    15     3   5.4496E+11   1.8936E-01   2.6052E-06   2.4346E-01   0.0000E+00   0.0000E+00
    15     4   7.1566E+11   1.2851E-01   2.9881E-06   2.0054E-01   0.0000E+00   0.0000E+00
    15     5   1.5821E+12   1.4257E-01   3.8556E-06   1.7378E-01   0.0000E+00   0.0000E+00
    15     6   2.7952E+12   1.3460E-01   6.4891E-06   2.3052E-01   0.0000E+00   0.0000E+00
    15     7   4.6709E+12   1.1116E-01   6.8363E-06   1.7017E-01   0.0000E+00   0.0000E+00
    15     8   9.2070E+12   9.5350E-02   1.1672E-05   2.0663E-01   0.0000E+00   0.0000E+00
    15     9   1.8125E+13   7.6972E-02   1.5552E-05   1.4277E-01   0.0000E+00   0.0000E+00
    15    10   3.5937E+13   6.5173E-02   2.1456E-05   1.5308E-01   0.0000E+00   0.0000E+00
    15    11   7.2756E+13   5.4551E-02   2.8789E-05   1.2189E-01   0.0000E+00   0.0000E+00
    15    12   1.5921E+14   4.7138E-02   3.9385E-05   1.2867E-01   0.0000E+00   0.0000E+00
    15    13   3.3164E+14   4.0107E-02   5.9261E-05   1.0876E-01   0.0000E+00   0.0000E+00
    15    14   6.7036E+14   3.4406E-02   8.0506E-05   1.0899E-01   0.0000E+00   0.0000E+00
    15    15   1.2541E+15   3.0769E-02   1.1001E-04   9.1530E-02   0.0000E+00   0.0000E+00
    15    16   2.1708E+15   2.8112E-02   1.4504E-04   8.8865E-02   0.0000E+00   0.0000E+00
    15    17   3.2898E+15   2.6198E-02   1.5596E-04   7.3236E-02   0.0000E+00   0.0000E+00
    15    18   4.6434E+15   2.5429E-02   1.6834E-04   6.4189E-02   0.0000E+00   0.0000E+00
    15    19   6.1724E+15   2.5196E-02   1.9655E-04   6.4226E-02   0.0000E+00   0.0000E+00
    15    20   7.7849E+15   2.4643E-02   2.1690E-04   5.9510E-02   0.0000E+00   0.0000E+00
    15    21   9.6236E+15   2.4539E-02   2.5837E-04   8.1474E-02   0.0000E+00   0.0000E+00
    15    22   1.1839E+16   2.4578E-02   2.7324E-04   5.7791E-02   0.0000E+00   0.0000E+00
    15    23   1.4308E+16   2.4328E-02   3.0197E-04   6.5429E-02   0.0000E+00   0.0000E+00
    15    24   1.7456E+16   2.4227E-02   3.2345E-04   5.4288E-02   0.0000E+00   0.0000E+00
    15    25   2.2612E+16   2.3948E-02   4.0301E-04   6.5777E-02   0.0000E+00   0.0000E+00
    15    26   2.8338E+16   2.4247E-02   4.3856E-04   5.4318E-02   0.0000E+00   0.0000E+00
    15    27   3.3532E+16   2.4675E-02   4.6016E-04   4.9433E-02   0.0000E+00   0.0000E+00
    15    28   3.8367E+16   2.5149E-02   4.5970E-04   4.3206E-02   0.0000E+00   0.0000E+00
    15    29   4.2877E+16   2.5976E-02   4.8910E-04   4.9523E-02   0.0000E+00   0.0000E+00
    15    30   4.5852E+16   2.6769E-02   5.0847E-04   4.7535E-02   0.0000E+00   0.0000E+00
    15    31   4.9448E+16   2.8104E-02   5.1443E-04   5.5008E-02   0.0000E+00   0.0000E+00
    15    32   5.0421E+16   2.6335E-02   4.9276E-04   4.2086E-02   0.0000E+00   0.0000E+00
    15    33   5.3967E+16   2.6843E-02   5.1207E-04   4.2656E-02   0.0000E+00   0.0000E+00
    15    34   5.7405E+16   2.7912E-02   5.1402E-04   3.8492E-02   0.0000E+00   0.0000E+00
    15    35   6.0288E+16   2.7675E-02   5.0454E-04   3.7214E-02   0.0000E+00   0.0000E+00
    15    36   6.1819E+16   2.8457E-02   5.0659E-04   4.8272E-02   0.0000E+00   0.0000E+00
    15    37   5.6052E+16   2.5027E-02   5.1527E-04   4.7969E-02   0.0000E+00   0.0000E+00
    15    38   5.6440E+16   2.9370E-02   4.7545E-04   4.2703E-02   0.0000E+00   0.0000E+00
    15    39   5.1554E+16   3.2314E-02   4.6613E-04   5.1222E-02   0.0000E+00   0.0000E+00
    15    40   5.5067E+16   3.6104E-02   4.8239E-04   5.0723E-02   0.0000E+00   0.0000E+00
    15    41   5.8951E+16   3.8064E-02   4.4773E-04   4.3558E-02   0.0000E+00   0.0000E+00
    15    42   5.8273E+16   3.9378E-02   4.8094E-04   5.7050E-02   0.0000E+00   0.0000E+00
    15    43   5.5766E+16   4.0743E-02   4.8892E-04   5.3060E-02   0.0000E+00   0.0000E+00
    15    44   5.1720E+16   3.7337E-02   4.5735E-04   4.5733E-02   0.0000E+00   0.0000E+00
    15    45   5.7738E+16   5.7014E-02   4.9615E-04   6.4466E-02   0.0000E+00   0.0000E+00
    16     1   2.3504E+11   1.7455E-01   8.6580E-07   1.8252E-01   0.0000E+00   0.0000E+00
    16     2   3.2032E+11   1.4750E-01   1.4785E-06   2.2104E-01   0.0000E+00   0.0000E+00
    16     3   4.5690E+11   1.6106E-01   2.1128E-06   2.2367E-01   0.0000E+00   0.0000E+00
    16     4   8.9270E+11   1.6472E-01   3.2019E-06   2.4304E-01   0.0000E+00   0.0000E+00
    16     5   1.5429E+12   1.5529E-01   4.7865E-06   2.2627E-01   0.0000E+00   0.0000E+00
    16     6   2.8810E+12   1.2540E-01   6.8928E-06   2.2434E-01   0.0000E+00   0.0000E+00
    16     7   5.0465E+12   1.1312E-01   9.6957E-06   2.0545E-01   0.0000E+00   0.0000E+00
    16     8   8.8602E+12   9.7691E-02   9.9684E-06   1.5813E-01   0.0000E+00   0.0000E+00
    16     9   1.8454E+13   8.3703E-02   1.4716E-05   1.6779E-01   0.0000E+00   0.0000E+00
    16    10   3.9664E+13   6.6363E-02   2.3182E-05   1.3263E-01   0.0000E+00   0.0000E+00
    16    11   8.4636E+13   5.4837E-02   3.1914E-05   1.2283E-01   0.0000E+00   0.0000E+00
    16    12   1.7207E+14   4.6519E-02   3.8378E-05   1.1339E-01   0.0000E+00   0.0000E+00
    16    13   3.7009E+14   3.9146E-02   5.8162E-05   9.6256E-02   0.0000E+00   0.0000E+00
    16    14   7.5446E+14   3.3307E-02   9.2273E-05   1.1373E-01   0.0000E+00   0.0000E+00
    16    15   1.3951E+15   2.9891E-02   1.1233E-04   1.0048E-01   0.0000E+00   0.0000E+00
    16    16   2.3278E+15   2.7745E-02   1.3913E-04   9.8599E-02   0.0000E+00   0.0000E+00
    16    17   3.5875E+15   2.6193E-02   1.7176E-04   8.0467E-02   0.0000E+00   0.0000E+00
    16    18   5.1452E+15   2.5778E-02   1.9140E-04   6.9998E-02   0.0000E+00   0.0000E+00
    16    19   6.7855E+15   2.4824E-02   2.0893E-04   6.7822E-02   0.0000E+00   0.0000E+00
    16    20   8.7902E+15   2.4225E-02   2.4167E-04   6.8326E-02   0.0000E+00   0.0000E+00
    16    21   1.0816E+16   2.4297E-02   2.7032E-04   7.2743E-02   0.0000E+00   0.0000E+00
    16    22   1.3057E+16   2.4570E-02   3.1052E-04   7.3041E-02   0.0000E+00   0.0000E+00
    16    23   1.5700E+16   2.3627E-02   3.0016E-04   5.6404E-02   0.0000E+00   0.0000E+00
    16    24   1.9769E+16   2.3538E-02   3.4616E-04   5.6686E-02   0.0000E+00   0.0000E+00
    16    25   2.5180E+16   2.3406E-02   4.2924E-04   6.1850E-02   0.0000E+00   0.0000E+00
    16    26   3.0267E+16   2.3743E-02   4.4698E-04   6.9270E-02   0.0000E+00   0.0000E+00
    16    27   3.5907E+16   2.4432E-02   4.4480E-04   5.2626E-02   0.0000E+00   0.0000E+00
    16    28   4.1635E+16   2.4703E-02   5.0711E-04   4.7842E-02   0.0000E+00   0.0000E+00
    16    29   4.6975E+16   2.5491E-02   5.4173E-04   4.8213E-02   0.0000E+00   0.0000E+00
    16    30   5.0842E+16   2.5409E-02   5.2886E-04   4.8835E-02   0.0000E+00   0.0000E+00
    16    31   5.3487E+16   2.6279E-02   4.9384E-04   4.3300E-02   0.0000E+00   0.0000E+00
    16    32   5.4670E+16   2.6337E-02   4.9100E-04   4.2565E-02   0.0000E+00   0.0000E+00
    16    33   5.8297E+16   2.6866E-02   5.1016E-04   4.0800E-02   0.0000E+00   0.0000E+00
    16    34   6.3562E+16   2.7484E-02   5.4392E-04   4.3046E-02   0.0000E+00   0.0000E+00
    16    35   6.3472E+16   2.6879E-02   5.1902E-04   4.2621E-02   0.0000E+00   0.0000E+00
    16    36   6.5796E+16   2.6329E-02   5.3864E-04   4.4033E-02   0.0000E+00   0.0000E+00
    16    37   6.2603E+16   2.5204E-02   5.2274E-04   4.1556E-02   0.0000E+00   0.0000E+00
    16    38   5.8955E+16   3.4619E-02   5.1514E-04   4.5676E-02   0.0000E+00   0.0000E+00
    16    39   5.8071E+16   3.2087E-02   5.0598E-04   4.3332E-02   0.0000E+00   0.0000E+00
    16    40   5.4721E+16   3.5284E-02   5.0663E-04   5.2013E-02   0.0000E+00   0.0000E+00
    16    41   5.5984E+16   3.7243E-02   4.8622E-04   5.4494E-02   0.0000E+00   0.0000E+00
    16    42   5.8008E+16   3.7226E-02   4.9386E-04   5.5774E-02   0.0000E+00   0.0000E+00
    16    43   6.1250E+16   3.7097E-02   5.1100E-04   5.0208E-02   0.0000E+00   0.0000E+00
    16    44   6.0550E+16   3.9577E-02   4.9417E-04   4.7116E-02   0.0000E+00   0.0000E+00
    16    45   5.8293E+16   4.5982E-02   4.6061E-04   5.0717E-02   0.0000E+00   0.0000E+00
    17     1   2.6731E+11   1.5767E-01   1.2001E-06   2.6975E-01   0.0000E+00   0.0000E+00
    17     2   3.2954E+11   1.8933E-01   1.6676E-06   2.9386E-01   0.0000E+00   0.0000E+00
    17     3   5.5525E+11   1.8229E-01   1.9786E-06   2.0922E-01   0.0000E+00   0.0000E+00
    17     4   7.3741E+11   1.6126E-01   2.8100E-06   2.1782E-01   0.0000E+00   0.0000E+00
    17     5   1.3748E+12   1.3109E-01   4.2551E-06   2.0937E-01   0.0000E+00   0.0000E+00
    17     6   3.4064E+12   1.3864E-01   9.0541E-06   2.3492E-01   0.0000E+00   0.0000E+00
    17     7   6.5692E+12   1.1489E-01   1.1561E-05   2.2748E-01   0.0000E+00   0.0000E+00
    17     8   1.2556E+13   9.3919E-02   1.3978E-05   1.8194E-01   0.0000E+00   0.0000E+00
    17     9   2.2707E+13   8.1587E-02   1.8076E-05   1.6775E-01   0.0000E+00   0.0000E+00
    17    10   4.1019E+13   6.5025E-02   2.5319E-05   1.6748E-01   0.0000E+00   0.0000E+00
    17    11   8.3565E+13   5.3768E-02   3.5033E-05   1.2124E-01   0.0000E+00   0.0000E+00
    17    12   1.8381E+14   4.5508E-02   4.9221E-05   1.1989E-01   0.0000E+00   0.0000E+00
    17    13   3.8886E+14   3.7799E-02   5.7576E-05   1.0633E-01   0.0000E+00   0.0000E+00
    17    14   8.2597E+14   3.2506E-02   8.2356E-05   9.4366E-02   0.0000E+00   0.0000E+00
    17    15   1.5878E+15   2.8883E-02   1.1710E-04   7.8275E-02   0.0000E+00   0.0000E+00
    17    16   2.6837E+15   2.6590E-02   1.6436E-04   8.5045E-02   0.0000E+00   0.0000E+00
    17    17   4.1814E+15   2.5050E-02   1.8941E-04   7.3008E-02   0.0000E+00   0.0000E+00
    17    18   5.9458E+15   2.4395E-02   2.1973E-04   6.4608E-02   0.0000E+00   0.0000E+00
    17    19   7.9182E+15   2.3782E-02   2.2735E-04   6.1907E-02   0.0000E+00   0.0000E+00
    17    20   9.9704E+15   2.3226E-02   2.5943E-04   7.8153E-02   0.0000E+00   0.0000E+00
    17    21   1.2566E+16   2.3072E-02   3.1718E-04   7.5562E-02   0.0000E+00   0.0000E+00
    17    22   1.5222E+16   2.2786E-02   3.3147E-04   6.7565E-02   0.0000E+00   0.0000E+00
    17    23   1.8301E+16   2.2644E-02   3.4298E-04   5.8878E-02   0.0000E+00   0.0000E+00
    17    24   2.2747E+16   2.2763E-02   4.0614E-04   7.4236E-02   0.0000E+00   0.0000E+00
    17    25   2.8475E+16   2.2637E-02   4.6204E-04   6.1747E-02   0.0000E+00   0.0000E+00
    17    26   3.4842E+16   2.3049E-02   4.8176E-04   5.4026E-02   0.0000E+00   0.0000E+00
    17    27   4.0550E+16   2.3580E-02   5.2662E-04   5.0743E-02   0.0000E+00   0.0000E+00
    17    28   4.6704E+16   2.3615E-02   5.7685E-04   5.5987E-02   0.0000E+00   0.0000E+00
    17    29   5.2122E+16   2.3957E-02   5.6019E-04   4.6980E-02   0.0000E+00   0.0000E+00
    17    30   5.6234E+16   2.4762E-02   5.7014E-04   4.4838E-02   0.0000E+00   0.0000E+00
    17    31   5.9635E+16   2.5293E-02   5.6964E-04   4.6540E-02   0.0000E+00   0.0000E+00
    17    32   6.2114E+16   2.5777E-02   5.6388E-04   4.8637E-02   0.0000E+00   0.0000E+00
    17    33   6.4659E+16   2.6610E-02   5.6530E-04   4.0273E-02   0.0000E+00   0.0000E+00
    17    34   6.7290E+16   2.5710E-02   5.9159E-04   4.6261E-02   0.0000E+00   0.0000E+00
    17    35   6.9361E+16   2.5692E-02   6.0535E-04   5.0172E-02   0.0000E+00   0.0000E+00
    17    36   6.8821E+16   2.3034E-02   5.9511E-04   4.7436E-02   0.0000E+00   0.0000E+00
    17    37   6.7913E+16   2.3580E-02   5.5954E-04   4.4727E-02   0.0000E+00   0.0000E+00
    17    38   6.1127E+16   2.6520E-02   5.7673E-04   1.0876E-01   0.0000E+00   0.0000E+00
    17    39   6.1036E+16   3.0458E-02   5.2742E-04   5.7367E-02   0.0000E+00   0.0000E+00
    17    40   6.0816E+16   3.2973E-02   5.3310E-04   5.2319E-02   0.0000E+00   0.0000E+00
    17    41   5.9522E+16   3.3983E-02   5.2447E-04   5.6817E-02   0.0000E+00   0.0000E+00
    17    42   6.1810E+16   3.5794E-02   5.4476E-04   7.4674E-02   0.0000E+00   0.0000E+00
    17    43   6.0098E+16   3.4737E-02   4.8576E-04   4.9205E-02   0.0000E+00   0.0000E+00
    17    44   6.1629E+16   3.6150E-02   4.6371E-04   4.5467E-02   0.0000E+00   0.0000E+00
    17    45   6.1056E+16   4.4065E-02   4.3626E-04   5.7697E-02   0.0000E+00   0.0000E+00
    18     1   2.7373E+11   2.0121E-01   1.4811E-06   3.7831E-01   0.0000E+00   0.0000E+00
    18     2   3.9818E+11   2.0686E-01   2.1873E-06   3.2145E-01   0.0000E+00   0.0000E+00
    18     3   5.1167E+11   1.5358E-01   1.9462E-06   2.1079E-01   0.0000E+00   0.0000E+00
    18     4   9.4048E+11   1.7205E-01   2.3525E-06   2.3158E-01   0.0000E+00   0.0000E+00
    18     5   1.7285E+12   1.4856E-01   5.3950E-06   2.2021E-01   0.0000E+00   0.0000E+00
    18     6   3.2114E+12   1.2102E-01   6.3474E-06   1.9510E-01   0.0000E+00   0.0000E+00
    18     7   6.1988E+12   1.1502E-01   9.0546E-06   2.2649E-01   0.0000E+00   0.0000E+00
    18     8   1.1972E+13   9.0843E-02   1.2938E-05   1.4461E-01   0.0000E+00   0.0000E+00
    18     9   2.2492E+13   7.7533E-02   1.7849E-05   1.3089E-01   0.0000E+00   0.0000E+00
    18    10   4.7241E+13   6.2148E-02   2.6452E-05   1.2620E-01   0.0000E+00   0.0000E+00
    18    11   9.7856E+13   5.1451E-02   3.4164E-05   1.2875E-01   0.0000E+00   0.0000E+00
    18    12   2.0763E+14   4.3806E-02   4.8969E-05   1.1788E-01   0.0000E+00   0.0000E+00
    18    13   4.4370E+14   3.6898E-02   8.7895E-05   1.0293E-01   0.0000E+00   0.0000E+00
    18    14   8.8655E+14   3.2091E-02   9.5940E-05   8.7492E-02   0.0000E+00   0.0000E+00
    18    15   1.7022E+15   2.8203E-02   1.1560E-04   7.7608E-02   0.0000E+00   0.0000E+00
    18    16   2.9416E+15   2.5995E-02   1.5009E-04   7.0647E-02   0.0000E+00   0.0000E+00
    18    17   4.6458E+15   2.4309E-02   2.0613E-04   8.3469E-02   0.0000E+00   0.0000E+00
    18    18   6.6897E+15   2.3228E-02   2.4581E-04   6.8482E-02   0.0000E+00   0.0000E+00
    18    19   8.8545E+15   2.2867E-02   2.7172E-04   6.1986E-02   0.0000E+00   0.0000E+00
    18    20   1.1022E+16   2.2455E-02   2.8434E-04   5.8805E-02   0.0000E+00   0.0000E+00
    18    21   1.3604E+16   2.2475E-02   3.5389E-04   1.0386E-01   0.0000E+00   0.0000E+00
    18    22   1.6436E+16   2.2247E-02   3.4187E-04   5.8394E-02   0.0000E+00   0.0000E+00
    18    23   2.0029E+16   2.1969E-02   3.8651E-04   7.3479E-02   0.0000E+00   0.0000E+00
    18    24   2.4733E+16   2.1923E-02   4.3186E-04   6.6029E-02   0.0000E+00   0.0000E+00
    18    25   3.1513E+16   2.1777E-02   4.6638E-04   5.6779E-02   0.0000E+00   0.0000E+00
    18    26   3.7964E+16   2.2035E-02   4.7270E-04   4.2225E-02   0.0000E+00   0.0000E+00
    18    27   4.3548E+16   2.2418E-02   5.1831E-04   4.6439E-02   0.0000E+00   0.0000E+00
    18    28   5.0805E+16   2.2478E-02   5.5300E-04   4.6809E-02   0.0000E+00   0.0000E+00
    18    29   5.6927E+16   2.3009E-02   5.8575E-04   4.2913E-02   0.0000E+00   0.0000E+00
    18    30   6.0600E+16   2.3842E-02   5.9993E-04   4.3606E-02   0.0000E+00   0.0000E+00
    18    31   6.4592E+16   2.3987E-02   6.5046E-04   4.9625E-02   0.0000E+00   0.0000E+00
    18    32   6.8780E+16   2.4423E-02   6.3489E-04   3.9539E-02   0.0000E+00   0.0000E+00
    18    33   7.0491E+16   2.3555E-02   6.4796E-04   5.7836E-02   0.0000E+00   0.0000E+00
    18    34   7.5038E+16   2.4126E-02   6.6359E-04   4.5606E-02   0.0000E+00   0.0000E+00
    18    35   7.6178E+16   2.4361E-02   6.4813E-04   4.1803E-02   0.0000E+00   0.0000E+00
    18    36   7.8042E+16   2.3893E-02   6.3788E-04   4.2228E-02   0.0000E+00   0.0000E+00
    18    37   6.9587E+16   2.2591E-02   6.1669E-04   5.3073E-02   0.0000E+00   0.0000E+00
    18    38   6.7870E+16   2.3412E-02   5.9280E-04   4.7069E-02   0.0000E+00   0.0000E+00
    18    39   6.1860E+16   3.0629E-02   5.2351E-04   4.4024E-02   0.0000E+00   0.0000E+00
    18    40   6.4707E+16   3.5376E-02   5.2605E-04   4.7136E-02   0.0000E+00   0.0000E+00
    18    41   6.5416E+16   3.4092E-02   5.0948E-04   5.8625E-02   0.0000E+00   0.0000E+00
    18    42   6.7456E+16   3.5039E-02   4.9675E-04   6.1276E-02   0.0000E+00   0.0000E+00
    18    43   7.0203E+16   3.6069E-02   5.4646E-04   7.0833E-02   0.0000E+00   0.0000E+00
    18    44   7.0365E+16   3.3713E-02   5.3920E-04   6.8049E-02   0.0000E+00   0.0000E+00
    18    45   6.9627E+16   3.9848E-02   5.5707E-04   6.2932E-02   0.0000E+00   0.0000E+00
    19     1   2.9048E+11   1.7444E-01   1.3292E-06   2.7484E-01   0.0000E+00   0.0000E+00
    19     2   3.4512E+11   1.7886E-01   1.4944E-06   2.1951E-01   0.0000E+00   0.0000E+00
    19     3   7.4954E+11   1.8558E-01   2.2993E-06   2.6296E-01   0.0000E+00   0.0000E+00
    19     4   1.1916E+12   1.4771E-01   3.1431E-06   2.2450E-01   0.0000E+00   0.0000E+00
    19     5   2.1057E+12   1.3514E-01   4.8268E-06   1.9516E-01   0.0000E+00   0.0000E+00
    19     6   3.0679E+12   1.2132E-01   5.9723E-06   1.7099E-01   0.0000E+00   0.0000E+00
    19     7   6.1367E+12   1.0795E-01   1.0777E-05   1.7430E-01   0.0000E+00   0.0000E+00
    19     8   1.1674E+13   8.7512E-02   1.3406E-05   2.0224E-01   0.0000E+00   0.0000E+00
    19     9   2.6017E+13   7.3570E-02   2.4203E-05   1.8510E-01   0.0000E+00   0.0000E+00
    19    10   5.3472E+13   5.8923E-02   2.6566E-05   1.2699E-01   0.0000E+00   0.0000E+00
    19    11   1.1116E+14   5.0003E-02   3.4826E-05   1.0817E-01   0.0000E+00   0.0000E+00
    19    12   2.4314E+14   4.1326E-02   5.5508E-05   9.8049E-02   0.0000E+00   0.0000E+00
    19    13   5.2994E+14   3.4657E-02   8.0037E-05   8.5168E-02   0.0000E+00   0.0000E+00
    19    14   1.0941E+15   2.9891E-02   1.1257E-04   8.2334E-02   0.0000E+00   0.0000E+00
    19    15   2.0258E+15   2.6606E-02   1.3505E-04   7.9566E-02   0.0000E+00   0.0000E+00
    19    16   3.4519E+15   2.4434E-02   1.8456E-04   7.3020E-02   0.0000E+00   0.0000E+00
    19    17   5.2207E+15   2.3425E-02   2.1009E-04   6.5374E-02   0.0000E+00   0.0000E+00
    19    18   7.1375E+15   2.2903E-02   2.5241E-04   8.2243E-02   0.0000E+00   0.0000E+00
    19    19   9.3585E+15   2.2787E-02   2.6813E-04   7.2485E-02   0.0000E+00   0.0000E+00
    19    20   1.1840E+16   2.2752E-02   2.8416E-04   5.8971E-02   0.0000E+00   0.0000E+00
    19    21   1.4412E+16   2.2241E-02   3.7266E-04   7.9487E-02   0.0000E+00   0.0000E+00
    19    22   1.7096E+16   2.2192E-02   3.5878E-04   7.2430E-02   0.0000E+00   0.0000E+00
    19    23   2.0591E+16   2.2421E-02   3.6660E-04   5.9796E-02   0.0000E+00   0.0000E+00
    19    24   2.5487E+16   2.2497E-02   4.3806E-04   7.2452E-02   0.0000E+00   0.0000E+00
    19    25   3.2062E+16   2.1869E-02   4.4336E-04   4.1233E-02   0.0000E+00   0.0000E+00
    19    26   3.8394E+16   2.2191E-02   4.7650E-04   5.5120E-02   0.0000E+00   0.0000E+00
    19    27   4.4993E+16   2.2573E-02   4.9603E-04   3.8652E-02   0.0000E+00   0.0000E+00
    19    28   5.0776E+16   2.2819E-02   5.8220E-04   4.7993E-02   0.0000E+00   0.0000E+00
    19    29   5.7388E+16   2.2922E-02   5.9230E-04   4.6656E-02   0.0000E+00   0.0000E+00
    19    30   6.3752E+16   2.3577E-02   6.0629E-04   5.3514E-02   0.0000E+00   0.0000E+00
    19    31   6.7591E+16   2.4025E-02   6.2367E-04   4.5170E-02   0.0000E+00   0.0000E+00
    19    32   7.1621E+16   2.3971E-02   6.6732E-04   4.3247E-02   0.0000E+00   0.0000E+00
    19    33   7.6029E+16   2.3721E-02   7.2635E-04   6.6758E-02   0.0000E+00   0.0000E+00
    19    34   7.9292E+16   2.3582E-02   7.1520E-04   5.9183E-02   0.0000E+00   0.0000E+00
    19    35   8.2241E+16   2.3742E-02   6.7329E-04   4.1053E-02   0.0000E+00   0.0000E+00
    19    36   8.0344E+16   2.0492E-02   6.7708E-04   4.5256E-02   0.0000E+00   0.0000E+00
    19    37   7.6455E+16   2.1848E-02   5.9966E-04   3.9308E-02   0.0000E+00   0.0000E+00
    19    38   7.0556E+16   2.1949E-02   5.4983E-04   3.8831E-02   0.0000E+00   0.0000E+00
    19    39   6.9536E+16   2.6827E-02   5.6466E-04   5.3380E-02   0.0000E+00   0.0000E+00
    19    40   6.7251E+16   3.1700E-02   5.5439E-04   4.8750E-02   0.0000E+00   0.0000E+00
    19    41   6.7093E+16   3.0614E-02   5.7529E-04   5.9048E-02   0.0000E+00   0.0000E+00
    19    42   6.8389E+16   3.2098E-02   5.5072E-04   4.9567E-02   0.0000E+00   0.0000E+00
    19    43   6.9391E+16   3.1451E-02   5.7820E-04   4.9018E-02   0.0000E+00   0.0000E+00
    19    44   6.7180E+16   3.2531E-02   5.7745E-04   6.7157E-02   0.0000E+00   0.0000E+00
    19    45   7.1934E+16   6.0144E-02   5.5240E-04   6.1092E-02   0.0000E+00   0.0000E+00
    20     1   3.8072E+11   1.7558E-01   2.3377E-06   2.8628E-01   0.0000E+00   0.0000E+00
    20     2   4.0455E+11   2.0277E-01   1.8415E-06   2.2063E-01   0.0000E+00   0.0000E+00
    20     3   6.1705E+11   1.6221E-01   3.2257E-06   3.0851E-01   0.0000E+00   0.0000E+00
    20     4   1.3632E+12   1.5759E-01   3.9782E-06   2.9315E-01   0.0000E+00   0.0000E+00
    20     5   2.6880E+12   1.3701E-01   6.8203E-06   2.1609E-01   0.0000E+00   0.0000E+00
    20     6   4.4761E+12   1.2989E-01   9.2914E-06   1.9904E-01   0.0000E+00   0.0000E+00
    20     7   6.8806E+12   1.0686E-01   9.3952E-06   1.4969E-01   0.0000E+00   0.0000E+00
    20     8   1.2543E+13   9.0384E-02   1.4962E-05   2.0522E-01   0.0000E+00   0.0000E+00
    20     9   2.2420E+13   7.2119E-02   1.5546E-05   1.9796E-01   0.0000E+00   0.0000E+00
    20    10   4.7087E+13   6.0600E-02   2.8314E-05   1.9970E-01   0.0000E+00   0.0000E+00
    20    11   1.0566E+14   4.9853E-02   3.8287E-05   1.1267E-01   0.0000E+00   0.0000E+00
    20    12   2.4642E+14   4.0925E-02   4.7782E-05   8.7275E-02   0.0000E+00   0.0000E+00
    20    13   5.6047E+14   3.3691E-02   8.0516E-05   8.1541E-02   0.0000E+00   0.0000E+00
    20    14   1.1665E+15   2.9214E-02   1.1066E-04   7.6948E-02   0.0000E+00   0.0000E+00
    20    15   2.2018E+15   2.6264E-02   1.4411E-04   6.5380E-02   0.0000E+00   0.0000E+00
    20    16   3.6697E+15   2.4295E-02   1.6830E-04   5.5906E-02   0.0000E+00   0.0000E+00
    20    17   5.6385E+15   2.3158E-02   1.9796E-04   5.5792E-02   0.0000E+00   0.0000E+00
    20    18   7.9176E+15   2.2326E-02   2.7683E-04   9.8006E-02   0.0000E+00   0.0000E+00
    20    19   1.0216E+16   2.1993E-02   2.7582E-04   6.2026E-02   0.0000E+00   0.0000E+00
    20    20   1.2908E+16   2.1917E-02   3.1885E-04   6.4291E-02   0.0000E+00   0.0000E+00
    20    21   1.5690E+16   2.1653E-02   3.4871E-04   7.1753E-02   0.0000E+00   0.0000E+00
    20    22   1.8943E+16   2.1193E-02   4.0292E-04   7.7338E-02   0.0000E+00   0.0000E+00
    20    23   2.2957E+16   2.0804E-02   4.4461E-04   7.6743E-02   0.0000E+00   0.0000E+00
    20    24   2.8286E+16   2.0959E-02   4.6386E-04   5.3230E-02   0.0000E+00   0.0000E+00
    20    25   3.5541E+16   2.1025E-02   4.7315E-04   4.1147E-02   0.0000E+00   0.0000E+00
    20    26   4.3415E+16   2.1450E-02   5.4016E-04   5.1114E-02   0.0000E+00   0.0000E+00
    20    27   4.9924E+16   2.1872E-02   5.4464E-04   4.4032E-02   0.0000E+00   0.0000E+00
    20    28   5.5660E+16   2.2380E-02   6.0398E-04   5.2008E-02   0.0000E+00   0.0000E+00
    20    29   6.1800E+16   2.2883E-02   6.0778E-04   4.5049E-02   0.0000E+00   0.0000E+00
    20    30   6.6598E+16   2.2826E-02   6.1739E-04   4.2231E-02   0.0000E+00   0.0000E+00
    20    31   7.2256E+16   2.2408E-02   6.5964E-04   4.5047E-02   0.0000E+00   0.0000E+00
    20    32   7.6803E+16   2.2740E-02   6.6211E-04   4.3532E-02   0.0000E+00   0.0000E+00
    20    33   7.8513E+16   2.3040E-02   7.0041E-04   4.4398E-02   0.0000E+00   0.0000E+00
    20    34   8.1261E+16   2.3039E-02   6.8753E-04   4.1537E-02   0.0000E+00   0.0000E+00
    20    35   8.2886E+16   2.2255E-02   7.0535E-04   5.0004E-02   0.0000E+00   0.0000E+00
    20    36   8.4299E+16   2.0591E-02   6.9006E-04   4.2012E-02   0.0000E+00   0.0000E+00
    20    37   8.2493E+16   2.0057E-02   6.2374E-04   3.4113E-02   0.0000E+00   0.0000E+00
    20    38   7.6190E+16   2.6677E-02   5.5337E-04   3.5737E-02   0.0000E+00   0.0000E+00
    20    39   7.6070E+16   2.9565E-02   5.5725E-04   3.9403E-02   0.0000E+00   0.0000E+00
    20    40   7.6469E+16   2.9788E-02   5.4708E-04   4.3433E-02   0.0000E+00   0.0000E+00
    20    41   7.5514E+16   2.8631E-02   5.8586E-04   6.2716E-02   0.0000E+00   0.0000E+00
    20    42   7.6362E+16   2.8597E-02   5.6453E-04   5.0120E-02   0.0000E+00   0.0000E+00
    20    43   7.8034E+16   2.9403E-02   5.6381E-04   4.1498E-02   0.0000E+00   0.0000E+00
    20    44   7.9093E+16   2.9026E-02   5.7399E-04   4.1357E-02   0.0000E+00   0.0000E+00
    20    45   7.6465E+16   3.2458E-02   5.6879E-04   4.6491E-02   0.0000E+00   0.0000E+00
    21     1   3.2752E+11   1.6876E-01   1.7671E-06   2.8331E-01   0.0000E+00   0.0000E+00
    21     2   3.5627E+11   2.2877E-01   2.1809E-06   3.3336E-01   0.0000E+00   0.0000E+00
    21     3   7.7358E+11   2.0304E-01   3.2828E-06   2.6401E-01   0.0000E+00   0.0000E+00
    21     4   1.1423E+12   1.6100E-01   2.4144E-06   1.9503E-01   0.0000E+00   0.0000E+00
    21     5   2.3180E+12   1.5640E-01   4.8965E-06   1.7953E-01   0.0000E+00   0.0000E+00
    21     6   4.6207E+12   1.3442E-01   8.5404E-06   1.7501E-01   0.0000E+00   0.0000E+00
    21     7   7.9967E+12   1.2169E-01   1.1728E-05   1.4568E-01   0.0000E+00   0.0000E+00
    21     8   1.5112E+13   9.6225E-02   1.7400E-05   1.3848E-01   0.0000E+00   0.0000E+00
    21     9   2.8691E+13   7.7661E-02   2.5109E-05   1.5540E-01   0.0000E+00   0.0000E+00
    21    10   5.5045E+13   5.9518E-02   2.7983E-05   1.2239E-01   0.0000E+00   0.0000E+00
    21    11   1.0956E+14   4.8554E-02   4.7011E-05   1.7222E-01   0.0000E+00   0.0000E+00
    21    12   2.4348E+14   4.0216E-02   5.8626E-05   1.0268E-01   0.0000E+00   0.0000E+00
    21    13   5.6013E+14   3.3625E-02   8.5424E-05   8.6896E-02   0.0000E+00   0.0000E+00
    21    14   1.2044E+15   2.8830E-02   1.1369E-04   7.4828E-02   0.0000E+00   0.0000E+00
    21    15   2.2762E+15   2.5908E-02   1.4383E-04   6.4442E-02   0.0000E+00   0.0000E+00
    21    16   3.8310E+15   2.3985E-02   1.8692E-04   6.4289E-02   0.0000E+00   0.0000E+00
    21    17   5.8815E+15   2.2930E-02   2.1405E-04   6.0907E-02   0.0000E+00   0.0000E+00
    21    18   8.2240E+15   2.2241E-02   2.7345E-04   7.2243E-02   0.0000E+00   0.0000E+00
    21    19   1.0949E+16   2.1885E-02   3.0684E-04   7.2507E-02   0.0000E+00   0.0000E+00
    21    20   1.3712E+16   2.1428E-02   3.2620E-04   5.8391E-02   0.0000E+00   0.0000E+00
    21    21   1.6615E+16   2.1730E-02   3.6767E-04   8.1786E-02   0.0000E+00   0.0000E+00
    21    22   1.9614E+16   2.1160E-02   4.2194E-04   7.4311E-02   0.0000E+00   0.0000E+00
    21    23   2.3905E+16   2.1029E-02   4.4872E-04   6.9657E-02   0.0000E+00   0.0000E+00
    21    24   2.9121E+16   2.1041E-02   4.5234E-04   5.0733E-02   0.0000E+00   0.0000E+00
    21    25   3.6069E+16   2.1210E-02   5.1338E-04   6.1358E-02   0.0000E+00   0.0000E+00
    21    26   4.3833E+16   2.1703E-02   6.1713E-04   5.4793E-02   0.0000E+00   0.0000E+00
    21    27   5.0151E+16   2.1829E-02   5.7330E-04   4.0495E-02   0.0000E+00   0.0000E+00
    21    28   5.6761E+16   2.1891E-02   6.3373E-04   4.8235E-02   0.0000E+00   0.0000E+00
    21    29   6.2841E+16   2.2271E-02   6.0874E-04   3.5026E-02   0.0000E+00   0.0000E+00
    21    30   6.7332E+16   2.2579E-02   6.4325E-04   4.2268E-02   0.0000E+00   0.0000E+00
    21    31   7.2490E+16   2.2993E-02   6.8695E-04   4.8610E-02   0.0000E+00   0.0000E+00
    21    32   7.6410E+16   2.3293E-02   6.9218E-04   3.9081E-02   0.0000E+00   0.0000E+00
    21    33   8.1656E+16   2.2452E-02   7.1331E-04   4.3403E-02   0.0000E+00   0.0000E+00
    21    34   8.5724E+16   2.2616E-02   7.0190E-04   4.8016E-02   0.0000E+00   0.0000E+00
    21    35   8.9820E+16   2.2183E-02   6.6516E-04   3.7689E-02   0.0000E+00   0.0000E+00
    21    36   8.8467E+16   1.8432E-02   6.8606E-04   3.2560E-02   0.0000E+00   0.0000E+00
    21    37   8.5817E+16   2.0512E-02   6.3182E-04   3.4421E-02   0.0000E+00   0.0000E+00
    21    38   8.2922E+16   2.0701E-02   6.2602E-04   3.6129E-02   0.0000E+00   0.0000E+00
    21    39   7.9534E+16   2.4574E-02   5.9673E-04   4.0024E-02   0.0000E+00   0.0000E+00
    21    40   7.7506E+16   2.9231E-02   5.7256E-04   4.1470E-02   0.0000E+00   0.0000E+00
    21    41   7.9960E+16   2.7806E-02   6.1105E-04   4.1752E-02   0.0000E+00   0.0000E+00
    21    42   8.2338E+16   2.8893E-02   5.9601E-04   4.8198E-02   0.0000E+00   0.0000E+00
    21    43   8.5110E+16   3.6772E-02   5.6869E-04   3.6666E-02   0.0000E+00   0.0000E+00
    21    44   8.6107E+16   2.8389E-02   5.7513E-04   3.8570E-02   0.0000E+00   0.0000E+00
    21    45   8.5470E+16   3.2050E-02   5.9352E-04   5.4922E-02   0.0000E+00   0.0000E+00
    22     1   3.3311E+11   1.4245E-01   1.4115E-06   1.9034E-01   0.0000E+00   0.0000E+00
    22     2   4.6139E+11   1.8042E-01   1.5987E-06   2.4926E-01   0.0000E+00   0.0000E+00
    22     3   7.9029E+11   1.5947E-01   2.4374E-06   2.3022E-01   0.0000E+00   0.0000E+00
    22     4   1.4658E+12   1.6416E-01   4.6384E-06   2.2191E-01   0.0000E+00   0.0000E+00
    22     5   2.5295E+12   1.5977E-01   4.5072E-06   2.0582E-01   0.0000E+00   0.0000E+00
    22     6   4.5591E+12   1.3823E-01   7.6446E-06   1.8923E-01   0.0000E+00   0.0000E+00
    22     7   8.1511E+12   1.1457E-01   1.4141E-05   1.7488E-01   0.0000E+00   0.0000E+00
    22     8   1.5221E+13   9.3153E-02   1.7009E-05   1.5242E-01   0.0000E+00   0.0000E+00
    22     9   3.1560E+13   7.5371E-02   2.9752E-05   1.5805E-01   0.0000E+00   0.0000E+00
    22    10   6.3536E+13   5.9278E-02   3.6553E-05   1.1608E-01   0.0000E+00   0.0000E+00
    22    11   1.2789E+14   4.6680E-02   5.0895E-05   1.0679E-01   0.0000E+00   0.0000E+00
    22    12   2.7959E+14   3.8998E-02   6.7744E-05   1.1292E-01   0.0000E+00   0.0000E+00
    22    13   6.1370E+14   3.3198E-02   8.8175E-05   1.1390E-01   0.0000E+00   0.0000E+00
    22    14   1.2988E+15   2.8059E-02   1.2231E-04   8.3402E-02   0.0000E+00   0.0000E+00
    22    15   2.4084E+15   2.5260E-02   1.4615E-04   6.5570E-02   0.0000E+00   0.0000E+00
    22    16   3.9945E+15   2.3668E-02   1.7117E-04   6.1411E-02   0.0000E+00   0.0000E+00
    22    17   6.0380E+15   2.2859E-02   2.0676E-04   5.8082E-02   0.0000E+00   0.0000E+00
    22    18   8.4030E+15   2.2210E-02   2.5174E-04   6.8167E-02   0.0000E+00   0.0000E+00
    22    19   1.0957E+16   2.1917E-02   2.7124E-04   7.9806E-02   0.0000E+00   0.0000E+00
    22    20   1.3818E+16   2.1587E-02   3.2443E-04   7.2985E-02   0.0000E+00   0.0000E+00
    22    21   1.6865E+16   2.1363E-02   3.3436E-04   6.8658E-02   0.0000E+00   0.0000E+00
    22    22   2.0351E+16   2.1430E-02   3.8538E-04   7.2638E-02   0.0000E+00   0.0000E+00
    22    23   2.4833E+16   2.1395E-02   3.8786E-04   5.2246E-02   0.0000E+00   0.0000E+00
    22    24   3.0558E+16   2.0965E-02   4.8105E-04   8.0259E-02   0.0000E+00   0.0000E+00
    22    25   3.8515E+16   2.0950E-02   5.2759E-04   4.9852E-02   0.0000E+00   0.0000E+00
    22    26   4.6363E+16   2.1516E-02   5.7012E-04   5.3247E-02   0.0000E+00   0.0000E+00
    22    27   5.2070E+16   2.1948E-02   5.8440E-04   4.6054E-02   0.0000E+00   0.0000E+00
    22    28   6.0129E+16   2.2480E-02   6.2201E-04   4.6527E-02   0.0000E+00   0.0000E+00
    22    29   6.7394E+16   2.2630E-02   6.0213E-04   4.3019E-02   0.0000E+00   0.0000E+00
    22    30   7.3698E+16   2.2366E-02   6.8344E-04   4.1259E-02   0.0000E+00   0.0000E+00
    22    31   7.8440E+16   2.2536E-02   7.2755E-04   4.1844E-02   0.0000E+00   0.0000E+00
    22    32   8.1016E+16   2.2282E-02   7.3344E-04   4.5386E-02   0.0000E+00   0.0000E+00
    22    33   8.5415E+16   2.4698E-02   7.7426E-04   4.9505E-02   0.0000E+00   0.0000E+00
    22    34   8.7682E+16   2.3498E-02   7.2037E-04   4.3424E-02   0.0000E+00   0.0000E+00
    22    35   9.2662E+16   2.2012E-02   7.0828E-04   3.5820E-02   0.0000E+00   0.0000E+00
    22    36   9.4717E+16   1.8774E-02   7.0605E-04   3.2100E-02   0.0000E+00   0.0000E+00
    22    37   9.0262E+16   1.8780E-02   6.6046E-04   3.0430E-02   0.0000E+00   0.0000E+00
    22    38   8.7137E+16   1.9036E-02   6.1307E-04   3.2547E-02   0.0000E+00   0.0000E+00
    22    39   8.7416E+16   2.4934E-02   6.4474E-04   3.9284E-02   0.0000E+00   0.0000E+00
    22    40   8.8482E+16   2.6912E-02   6.4073E-04   4.0701E-02   0.0000E+00   0.0000E+00
    22    41   8.8878E+16   2.5243E-02   6.3156E-04   3.7385E-02   0.0000E+00   0.0000E+00
    22    42   8.9863E+16   2.5174E-02   6.5984E-04   4.6281E-02   0.0000E+00   0.0000E+00
    22    43   8.9679E+16   2.5104E-02   6.2557E-04   4.3125E-02   0.0000E+00   0.0000E+00
    22    44   9.2262E+16   2.5991E-02   6.2494E-04   3.7655E-02   0.0000E+00   0.0000E+00
    22    45   9.6442E+16   3.1924E-02   6.2737E-04   4.2356E-02   0.0000E+00   0.0000E+00
    23     1   2.8612E+11   1.5517E-01   1.3333E-06   2.6622E-01   0.0000E+00   0.0000E+00
    23     2   4.8466E+11   1.7585E-01   1.8538E-06   2.3144E-01   0.0000E+00   0.0000E+00
    23     3   6.7793E+11   1.5624E-01   2.2754E-06   3.0306E-01   0.0000E+00   0.0000E+00
    23     4   1.4914E+12   1.5912E-01   4.8128E-06   2.1564E-01   0.0000E+00   0.0000E+00
    23     5   2.2032E+12   1.4741E-01   3.6570E-06   1.7997E-01   0.0000E+00   0.0000E+00
    23     6   4.2565E+12   1.2341E-01   5.6631E-06   1.4102E-01   0.0000E+00   0.0000E+00
    23     7   8.8941E+12   1.0352E-01   1.3754E-05   1.4858E-01   0.0000E+00   0.0000E+00
    23     8   1.5079E+13   8.8871E-02   1.7979E-05   1.6905E-01   0.0000E+00   0.0000E+00
    23     9   2.9989E+13   7.0110E-02   2.2163E-05   1.3501E-01   0.0000E+00   0.0000E+00
    23    10   6.2528E+13   5.6300E-02   3.7296E-05   1.5898E-01   0.0000E+00   0.0000E+00
    23    11   1.3788E+14   4.6943E-02   4.7688E-05   9.9809E-02   0.0000E+00   0.0000E+00
    23    12   2.9797E+14   3.8386E-02   6.3320E-05   9.9475E-02   0.0000E+00   0.0000E+00
    23    13   6.7337E+14   3.2588E-02   8.2411E-05   7.9917E-02   0.0000E+00   0.0000E+00
    23    14   1.3673E+15   2.7716E-02   1.2358E-04   7.9680E-02   0.0000E+00   0.0000E+00
    23    15   2.5738E+15   2.4869E-02   1.6268E-04   8.0030E-02   0.0000E+00   0.0000E+00
    23    16   4.3288E+15   2.3129E-02   1.7834E-04   6.6642E-02   0.0000E+00   0.0000E+00
    23    17   6.6949E+15   2.1905E-02   2.3432E-04   6.2718E-02   0.0000E+00   0.0000E+00
    23    18   9.3696E+15   2.1339E-02   2.8314E-04   6.2077E-02   0.0000E+00   0.0000E+00
    23    19   1.2217E+16   2.1072E-02   3.1699E-04   5.8164E-02   0.0000E+00   0.0000E+00
    23    20   1.5350E+16   2.0724E-02   3.7519E-04   9.1718E-02   0.0000E+00   0.0000E+00
    23    21   1.8890E+16   2.1031E-02   3.9922E-04   7.1470E-02   0.0000E+00   0.0000E+00
    23    22   2.2591E+16   2.0472E-02   4.1471E-04   5.7500E-02   0.0000E+00   0.0000E+00
    23    23   2.6728E+16   2.0436E-02   4.3140E-04   4.8557E-02   0.0000E+00   0.0000E+00
    23    24   3.2418E+16   2.0529E-02   5.0188E-04   1.0180E-01   0.0000E+00   0.0000E+00
    23    25   3.9922E+16   2.0529E-02   5.6533E-04   1.0530E-01   0.0000E+00   0.0000E+00
    23    26   4.8986E+16   2.0937E-02   6.0620E-04   7.2193E-02   0.0000E+00   0.0000E+00
    23    27   5.7212E+16   2.1128E-02   6.3633E-04   6.0797E-02   0.0000E+00   0.0000E+00
    23    28   6.3818E+16   2.1625E-02   6.5581E-04   4.9113E-02   0.0000E+00   0.0000E+00
    23    29   6.9679E+16   2.2001E-02   6.8150E-04   4.5147E-02   0.0000E+00   0.0000E+00
    23    30   7.5578E+16   2.2269E-02   7.2485E-04   4.9917E-02   0.0000E+00   0.0000E+00
    23    31   8.1571E+16   2.2610E-02   7.0185E-04   3.7583E-02   0.0000E+00   0.0000E+00
    23    32   8.6191E+16   2.3028E-02   7.2821E-04   4.0995E-02   0.0000E+00   0.0000E+00
    23    33   8.7487E+16   2.2758E-02   7.5317E-04   4.8437E-02   0.0000E+00   0.0000E+00
    23    34   9.1735E+16   2.2324E-02   7.3436E-04   4.3005E-02   0.0000E+00   0.0000E+00
    23    35   9.7132E+16   2.2497E-02   7.0883E-04   3.7425E-02   0.0000E+00   0.0000E+00
    23    36   9.7771E+16   1.8039E-02   6.7584E-04   2.7966E-02   0.0000E+00   0.0000E+00
    23    37   9.5846E+16   1.8093E-02   7.0444E-04   3.1066E-02   0.0000E+00   0.0000E+00
    23    38   9.1580E+16   1.8508E-02   6.7023E-04   3.3416E-02   0.0000E+00   0.0000E+00
    23    39   9.1174E+16   2.2353E-02   6.2664E-04   3.4231E-02   0.0000E+00   0.0000E+00
    23    40   9.3200E+16   2.5716E-02   6.0749E-04   3.2380E-02   0.0000E+00   0.0000E+00
    23    41   9.5138E+16   2.5549E-02   6.5810E-04   3.5901E-02   0.0000E+00   0.0000E+00
    23    42   9.5537E+16   2.3782E-02   6.6634E-04   3.3008E-02   0.0000E+00   0.0000E+00
    23    43   9.7858E+16   2.3951E-02   7.1522E-04   3.7822E-02   0.0000E+00   0.0000E+00
    23    44   9.8198E+16   2.6420E-02   6.7493E-04   4.1491E-02   0.0000E+00   0.0000E+00
    23    45   9.7846E+16   2.8646E-02   6.3767E-04   4.2424E-02   0.0000E+00   0.0000E+00
    24     1   2.8407E+11   1.5985E-01   1.4970E-06   2.5119E-01   0.0000E+00   0.0000E+00
    24     2   3.7907E+11   1.6468E-01   1.6339E-06   2.4369E-01   0.0000E+00   0.0000E+00
    24     3   7.1140E+11   1.6562E-01   2.1774E-06   2.0542E-01   0.0000E+00   0.0000E+00
    24     4   1.2851E+12   1.5710E-01   4.3262E-06   2.7176E-01   0.0000E+00   0.0000E+00
    24     5   2.5245E+12   1.4926E-01   5.4016E-06   1.9892E-01   0.0000E+00   0.0000E+00
    24     6   4.8211E+12   1.2281E-01   8.7396E-06   1.8545E-01   0.0000E+00   0.0000E+00
    24     7   9.1283E+12   1.0145E-01   1.2159E-05   1.4119E-01   0.0000E+00   0.0000E+00
    24     8   1.7127E+13   8.4558E-02   1.6846E-05   1.5163E-01   0.0000E+00   0.0000E+00
    24     9   3.2695E+13   7.1517E-02   2.2628E-05   1.2615E-01   0.0000E+00   0.0000E+00
    24    10   6.5726E+13   5.7467E-02   3.3664E-05   1.1701E-01   0.0000E+00   0.0000E+00
    24    11   1.4163E+14   4.5823E-02   5.5169E-05   1.3333E-01   0.0000E+00   0.0000E+00
    24    12   3.1262E+14   3.7994E-02   7.3065E-05   9.1301E-02   0.0000E+00   0.0000E+00
    24    13   6.8319E+14   3.2009E-02   9.7596E-05   7.6304E-02   0.0000E+00   0.0000E+00
    24    14   1.4230E+15   2.7381E-02   1.2669E-04   6.8895E-02   0.0000E+00   0.0000E+00
    24    15   2.6629E+15   2.4456E-02   1.8047E-04   8.1206E-02   0.0000E+00   0.0000E+00
    24    16   4.4705E+15   2.2684E-02   1.9897E-04   6.5354E-02   0.0000E+00   0.0000E+00
    24    17   6.7274E+15   2.1743E-02   2.3040E-04   5.2124E-02   0.0000E+00   0.0000E+00
    24    18   9.3871E+15   2.1279E-02   2.7391E-04   5.7485E-02   0.0000E+00   0.0000E+00
    24    19   1.2366E+16   2.0958E-02   3.0502E-04   5.5308E-02   0.0000E+00   0.0000E+00
    24    20   1.5445E+16   2.0674E-02   3.6713E-04   6.3822E-02   0.0000E+00   0.0000E+00
    24    21   1.8875E+16   2.0535E-02   4.0643E-04   6.2567E-02   0.0000E+00   0.0000E+00
    24    22   2.2772E+16   2.0440E-02   4.2910E-04   6.0893E-02   0.0000E+00   0.0000E+00
    24    23   2.7684E+16   2.0241E-02   4.4188E-04   4.7184E-02   0.0000E+00   0.0000E+00
    24    24   3.4016E+16   2.0335E-02   4.8948E-04   4.5375E-02   0.0000E+00   0.0000E+00
    24    25   4.2752E+16   2.0425E-02   5.6264E-04   6.3800E-02   0.0000E+00   0.0000E+00
    24    26   5.0746E+16   2.1196E-02   6.0933E-04   6.0987E-02   0.0000E+00   0.0000E+00
    24    27   5.7877E+16   2.1476E-02   6.3703E-04   5.9498E-02   0.0000E+00   0.0000E+00
    24    28   6.6361E+16   2.1421E-02   6.6897E-04   5.8338E-02   0.0000E+00   0.0000E+00
    24    29   7.5747E+16   2.1829E-02   6.7631E-04   4.4209E-02   0.0000E+00   0.0000E+00
    24    30   8.1547E+16   2.1943E-02   6.7951E-04   4.1927E-02   0.0000E+00   0.0000E+00
    24    31   8.5736E+16   2.1744E-02   7.0367E-04   4.2218E-02   0.0000E+00   0.0000E+00
    24    32   9.0826E+16   2.2129E-02   7.7187E-04   6.5600E-02   0.0000E+00   0.0000E+00
    24    33   9.4258E+16   2.2240E-02   7.3050E-04   4.2081E-02   0.0000E+00   0.0000E+00
    24    34   9.7607E+16   2.2686E-02   7.6029E-04   4.0741E-02   0.0000E+00   0.0000E+00
    24    35   1.0092E+17   2.2739E-02   7.5411E-04   4.3050E-02   0.0000E+00   0.0000E+00
    24    36   1.0196E+17   1.9092E-02   6.9927E-04   2.9510E-02   0.0000E+00   0.0000E+00
    24    37   1.0069E+17   1.7231E-02   6.7377E-04   2.6231E-02   0.0000E+00   0.0000E+00
    24    38   9.8006E+16   1.8549E-02   6.9223E-04   2.7621E-02   0.0000E+00   0.0000E+00
    24    39   9.2740E+16   2.0339E-02   6.7164E-04   3.5274E-02   0.0000E+00   0.0000E+00
    24    40   9.6532E+16   2.2195E-02   6.7615E-04   3.9943E-02   0.0000E+00   0.0000E+00
    24    41   9.9242E+16   2.2684E-02   6.7148E-04   3.6196E-02   0.0000E+00   0.0000E+00
    24    42   1.0275E+17   2.3066E-02   6.6848E-04   3.4875E-02   0.0000E+00   0.0000E+00
    24    43   1.0391E+17   2.2331E-02   6.6328E-04   3.3580E-02   0.0000E+00   0.0000E+00
    24    44   1.0760E+17   2.3212E-02   6.9394E-04   4.5293E-02   0.0000E+00   0.0000E+00
    24    45   1.0997E+17   3.2107E-02   7.0927E-04   5.5705E-02   0.0000E+00   0.0000E+00
    25     1   2.9569E+11   1.9964E-01   1.2599E-06   2.3883E-01   0.0000E+00   0.0000E+00
    25     2   4.1180E+11   1.8345E-01   1.6993E-06   2.1093E-01   0.0000E+00   0.0000E+00
    25     3   7.3362E+11   1.4277E-01   2.1890E-06   1.7711E-01   0.0000E+00   0.0000E+00
    25     4   1.1983E+12   1.6244E-01   3.7649E-06   2.0719E-01   0.0000E+00   0.0000E+00
    25     5   2.5251E+12   1.2980E-01   8.9422E-06   2.3884E-01   0.0000E+00   0.0000E+00
    25     6   4.3813E+12   1.1991E-01   7.7720E-06   1.7563E-01   0.0000E+00   0.0000E+00
    25     7   7.7801E+12   1.1040E-01   9.4194E-06   1.4473E-01   0.0000E+00   0.0000E+00
    25     8   1.6309E+13   9.0517E-02   1.4590E-05   1.4720E-01   0.0000E+00   0.0000E+00
    25     9   3.3330E+13   7.0272E-02   2.7659E-05   1.3566E-01   0.0000E+00   0.0000E+00
    25    10   6.7409E+13   5.8105E-02   3.6987E-05   1.0933E-01   0.0000E+00   0.0000E+00
    25    11   1.3710E+14   4.7343E-02   5.0717E-05   9.6033E-02   0.0000E+00   0.0000E+00
    25    12   2.9389E+14   3.8606E-02   7.0776E-05   1.2359E-01   0.0000E+00   0.0000E+00
    25    13   6.8567E+14   3.1568E-02   1.0177E-04   9.1056E-02   0.0000E+00   0.0000E+00
    25    14   1.4159E+15   2.7150E-02   1.2917E-04   7.2257E-02   0.0000E+00   0.0000E+00
    25    15   2.6170E+15   2.4351E-02   1.7428E-04   1.3267E-01   0.0000E+00   0.0000E+00
    25    16   4.4591E+15   2.2704E-02   2.0619E-04   5.7902E-02   0.0000E+00   0.0000E+00
    25    17   6.7198E+15   2.1832E-02   2.2261E-04   5.5953E-02   0.0000E+00   0.0000E+00
    25    18   9.4561E+15   2.1224E-02   2.6356E-04   5.5292E-02   0.0000E+00   0.0000E+00
    25    19   1.2470E+16   2.0990E-02   3.3263E-04   7.5352E-02   0.0000E+00   0.0000E+00
    25    20   1.5649E+16   2.0547E-02   3.9149E-04   1.0803E-01   0.0000E+00   0.0000E+00
    25    21   1.9248E+16   2.0352E-02   4.1655E-04   1.3396E-01   0.0000E+00   0.0000E+00
    25    22   2.3302E+16   2.0335E-02   4.3546E-04   1.0160E-01   0.0000E+00   0.0000E+00
    25    23   2.8370E+16   2.0211E-02   4.7446E-04   8.6680E-02   0.0000E+00   0.0000E+00
    25    24   3.4405E+16   2.0104E-02   4.8912E-04   7.2981E-02   0.0000E+00   0.0000E+00
    25    25   4.2220E+16   2.0517E-02   5.5321E-04   6.3736E-02   0.0000E+00   0.0000E+00
    25    26   5.1396E+16   2.0689E-02   6.6049E-04   6.3369E-02   0.0000E+00   0.0000E+00
    25    27   5.9103E+16   2.0839E-02   7.1049E-04   6.1853E-02   0.0000E+00   0.0000E+00
    25    28   6.6998E+16   2.1207E-02   6.9997E-04   5.4844E-02   0.0000E+00   0.0000E+00
    25    29   7.4200E+16   2.1108E-02   6.8106E-04   4.2945E-02   0.0000E+00   0.0000E+00
    25    30   8.0358E+16   2.1372E-02   7.0544E-04   4.4420E-02   0.0000E+00   0.0000E+00
    25    31   8.7206E+16   2.2360E-02   7.2943E-04   4.2918E-02   0.0000E+00   0.0000E+00
    25    32   9.2582E+16   2.2143E-02   7.2747E-04   4.8253E-02   0.0000E+00   0.0000E+00
    25    33   9.5907E+16   2.1035E-02   7.5439E-04   4.6021E-02   0.0000E+00   0.0000E+00
    25    34   9.9940E+16   2.1345E-02   7.3493E-04   3.6721E-02   0.0000E+00   0.0000E+00
    25    35   1.0567E+17   2.2948E-02   7.5546E-04   3.9235E-02   0.0000E+00   0.0000E+00
    25    36   1.0720E+17   1.9493E-02   7.8539E-04   3.4571E-02   0.0000E+00   0.0000E+00
    25    37   1.0706E+17   1.6854E-02   7.2235E-04   2.8677E-02   0.0000E+00   0.0000E+00
    25    38   1.0292E+17   1.6865E-02   6.7667E-04   2.6273E-02   0.0000E+00   0.0000E+00
    25    39   9.9968E+16   1.9245E-02   6.8147E-04   2.9862E-02   0.0000E+00   0.0000E+00
    25    40   1.0017E+17   2.1617E-02   7.3721E-04   3.9457E-02   0.0000E+00   0.0000E+00
    25    41   1.0328E+17   2.1234E-02   7.6519E-04   3.9491E-02   0.0000E+00   0.0000E+00
    25    42   1.0384E+17   2.2510E-02   7.0775E-04   3.0641E-02   0.0000E+00   0.0000E+00
    25    43   1.0623E+17   2.2248E-02   7.2852E-04   3.2300E-02   0.0000E+00   0.0000E+00
    25    44   1.1107E+17   2.2111E-02   7.1929E-04   3.3570E-02   0.0000E+00   0.0000E+00
    25    45   1.1152E+17   2.2059E-02   6.9899E-04   3.1396E-02   0.0000E+00   0.0000E+00
    26     1   3.1124E+11   2.1065E-01   1.1772E-06   2.5008E-01   0.0000E+00   0.0000E+00
    26     2   3.5175E+11   1.9205E-01   1.5382E-06   2.6083E-01   0.0000E+00   0.0000E+00
    26     3   7.2851E+11   1.6338E-01   2.3825E-06   2.2940E-01   0.0000E+00   0.0000E+00
    26     4   1.3675E+12   1.3991E-01   3.7728E-06   1.9472E-01   0.0000E+00   0.0000E+00
    26     5   2.5236E+12   1.2648E-01   6.2753E-06   1.9815E-01   0.0000E+00   0.0000E+00
    26     6   4.1393E+12   1.2513E-01   8.1212E-06   2.4532E-01   0.0000E+00   0.0000E+00
    26     7   8.0784E+12   1.0746E-01   1.2588E-05   1.9062E-01   0.0000E+00   0.0000E+00
    26     8   1.7073E+13   8.2676E-02   1.8102E-05   1.3561E-01   0.0000E+00   0.0000E+00
    26     9   3.2283E+13   6.7109E-02   2.2786E-05   1.1734E-01   0.0000E+00   0.0000E+00
    26    10   6.2531E+13   5.5962E-02   3.3417E-05   1.2416E-01   0.0000E+00   0.0000E+00
    26    11   1.3610E+14   4.6004E-02   4.5252E-05   1.0383E-01   0.0000E+00   0.0000E+00
    26    12   3.0566E+14   3.7154E-02   8.0737E-05   1.4714E-01   0.0000E+00   0.0000E+00
    26    13   6.6362E+14   3.1021E-02   1.1226E-04   1.1090E-01   0.0000E+00   0.0000E+00
    26    14   1.4264E+15   2.6664E-02   1.4061E-04   9.7124E-02   0.0000E+00   0.0000E+00
    26    15   2.7129E+15   2.3914E-02   1.6689E-04   7.3193E-02   0.0000E+00   0.0000E+00
    26    16   4.6429E+15   2.2280E-02   2.1722E-04   9.9407E-02   0.0000E+00   0.0000E+00
    26    17   7.2433E+15   2.1179E-02   2.6095E-04   9.5314E-02   0.0000E+00   0.0000E+00
    26    18   1.0277E+16   2.0601E-02   3.3067E-04   7.5434E-02   0.0000E+00   0.0000E+00
    26    19   1.3614E+16   2.0086E-02   3.5045E-04   7.3498E-02   0.0000E+00   0.0000E+00
    26    20   1.7197E+16   1.9897E-02   4.0373E-04   1.7360E-01   0.0000E+00   0.0000E+00
    26    21   2.0708E+16   1.9987E-02   4.0407E-04   1.0591E-01   0.0000E+00   0.0000E+00
    26    22   2.4692E+16   1.9729E-02   4.5676E-04   7.7180E-02   0.0000E+00   0.0000E+00
    26    23   2.9471E+16   1.9736E-02   4.9849E-04   6.1925E-02   0.0000E+00   0.0000E+00
    26    24   3.6304E+16   1.9667E-02   5.5228E-04   5.5998E-02   0.0000E+00   0.0000E+00
    26    25   4.5706E+16   1.9780E-02   6.0340E-04   5.0068E-02   0.0000E+00   0.0000E+00
    26    26   5.4576E+16   2.0450E-02   5.9490E-04   4.0223E-02   0.0000E+00   0.0000E+00
    26    27   6.2324E+16   2.0782E-02   6.6164E-04   5.0517E-02   0.0000E+00   0.0000E+00
    26    28   7.0625E+16   2.1207E-02   7.1839E-04   4.7171E-02   0.0000E+00   0.0000E+00
    26    29   7.7952E+16   2.1081E-02   6.8088E-04   3.6228E-02   0.0000E+00   0.0000E+00
    26    30   8.3901E+16   2.1484E-02   7.3240E-04   3.9086E-02   0.0000E+00   0.0000E+00
    26    31   8.9145E+16   2.2829E-02   7.7235E-04   4.3689E-02   0.0000E+00   0.0000E+00
    26    32   9.2646E+16   2.2166E-02   7.6792E-04   4.3123E-02   0.0000E+00   0.0000E+00
    26    33   9.6379E+16   2.1795E-02   7.2601E-04   3.7695E-02   0.0000E+00   0.0000E+00
    26    34   1.0079E+17   2.2133E-02   7.4743E-04   3.6402E-02   0.0000E+00   0.0000E+00
    26    35   1.0445E+17   2.2059E-02   7.4937E-04   3.3462E-02   0.0000E+00   0.0000E+00
    26    36   1.0821E+17   1.9312E-02   7.4011E-04   3.0201E-02   0.0000E+00   0.0000E+00
    26    37   1.0860E+17   1.5803E-02   7.3828E-04   2.8647E-02   0.0000E+00   0.0000E+00
    26    38   1.1124E+17   1.7141E-02   7.3083E-04   2.9415E-02   0.0000E+00   0.0000E+00
    26    39   1.0933E+17   1.9146E-02   7.2557E-04   3.2165E-02   0.0000E+00   0.0000E+00
    26    40   1.0891E+17   1.9585E-02   7.2419E-04   3.5775E-02   0.0000E+00   0.0000E+00
    26    41   1.1134E+17   1.9978E-02   7.0892E-04   3.1186E-02   0.0000E+00   0.0000E+00
    26    42   1.1069E+17   1.9092E-02   6.8726E-04   2.8731E-02   0.0000E+00   0.0000E+00
    26    43   1.1220E+17   1.8978E-02   7.1055E-04   2.8871E-02   0.0000E+00   0.0000E+00
    26    44   1.1436E+17   2.0721E-02   7.5576E-04   3.1623E-02   0.0000E+00   0.0000E+00
    26    45   1.1482E+17   2.3078E-02   7.5049E-04   3.3181E-02   0.0000E+00   0.0000E+00
    27     1   3.2987E+11   2.7674E-01   1.4951E-06   3.4530E-01   0.0000E+00   0.0000E+00
    27     2   3.9186E+11   1.8091E-01   2.0643E-06   2.4197E-01   0.0000E+00   0.0000E+00
    27     3   5.6234E+11   1.6982E-01   2.5500E-06   2.3971E-01   0.0000E+00   0.0000E+00
    27     4   1.1932E+12   1.4339E-01   3.3617E-06   2.0597E-01   0.0000E+00   0.0000E+00
    27     5   2.1166E+12   1.2953E-01   4.0028E-06   1.9836E-01   0.0000E+00   0.0000E+00
    27     6   4.9429E+12   1.1972E-01   8.8166E-06   2.3297E-01   0.0000E+00   0.0000E+00
    27     7   9.3000E+12   9.4298E-02   1.0725E-05   1.1940E-01   0.0000E+00   0.0000E+00
    27     8   1.7250E+13   7.9116E-02   1.7454E-05   1.1374E-01   0.0000E+00   0.0000E+00
    27     9   3.2560E+13   6.8088E-02   2.7723E-05   1.3596E-01   0.0000E+00   0.0000E+00
    27    10   6.1585E+13   5.5677E-02   3.2676E-05   1.3004E-01   0.0000E+00   0.0000E+00
    27    11   1.3186E+14   4.5630E-02   4.2161E-05   1.1605E-01   0.0000E+00   0.0000E+00
    27    12   3.1770E+14   3.6468E-02   6.6748E-05   9.8504E-02   0.0000E+00   0.0000E+00
    27    13   7.1410E+14   3.0717E-02   8.7257E-05   7.7932E-02   0.0000E+00   0.0000E+00
    27    14   1.4932E+15   2.6557E-02   1.1299E-04   7.1107E-02   0.0000E+00   0.0000E+00
    27    15   2.8592E+15   2.3536E-02   1.8058E-04   7.9823E-02   0.0000E+00   0.0000E+00
    27    16   4.8218E+15   2.2026E-02   2.3232E-04   1.0144E-01   0.0000E+00   0.0000E+00
    27    17   7.4997E+15   2.1075E-02   2.7347E-04   6.9193E-02   0.0000E+00   0.0000E+00
    27    18   1.0576E+16   2.0325E-02   3.0974E-04   6.1908E-02   0.0000E+00   0.0000E+00
    27    19   1.3877E+16   1.9938E-02   3.6121E-04   7.6644E-02   0.0000E+00   0.0000E+00
    27    20   1.7228E+16   1.9864E-02   3.6696E-04   6.4792E-02   0.0000E+00   0.0000E+00
    27    21   2.1185E+16   1.9761E-02   4.0438E-04   6.5759E-02   0.0000E+00   0.0000E+00
    27    22   2.5618E+16   1.9457E-02   4.3359E-04   5.8637E-02   0.0000E+00   0.0000E+00
    27    23   3.0201E+16   1.9497E-02   4.6125E-04   5.5017E-02   0.0000E+00   0.0000E+00
    27    24   3.6805E+16   1.9687E-02   5.2050E-04   5.5144E-02   0.0000E+00   0.0000E+00
    27    25   4.5803E+16   1.9779E-02   5.9187E-04   4.7553E-02   0.0000E+00   0.0000E+00
    27    26   5.5162E+16   2.0437E-02   6.8924E-04   4.9317E-02   0.0000E+00   0.0000E+00
    27    27   6.3246E+16   2.0527E-02   6.8761E-04   4.0669E-02   0.0000E+00   0.0000E+00
    27    28   7.0303E+16   2.0764E-02   7.7919E-04   6.3122E-02   0.0000E+00   0.0000E+00
    27    29   7.8281E+16   2.1067E-02   7.5382E-04   4.1736E-02   0.0000E+00   0.0000E+00
    27    30   8.5036E+16   2.1378E-02   7.6762E-04   3.9010E-02   0.0000E+00   0.0000E+00
    27    31   9.0609E+16   2.1487E-02   7.6627E-04   4.1988E-02   0.0000E+00   0.0000E+00
    27    32   9.3388E+16   2.0858E-02   8.1353E-04   4.4687E-02   0.0000E+00   0.0000E+00
    27    33   9.8606E+16   2.1354E-02   8.5050E-04   3.9895E-02   0.0000E+00   0.0000E+00
    27    34   1.0413E+17   2.0955E-02   8.2637E-04   3.7991E-02   0.0000E+00   0.0000E+00
    27    35   1.0797E+17   2.1879E-02   7.9830E-04   3.7556E-02   0.0000E+00   0.0000E+00
    27    36   1.1015E+17   2.0165E-02   7.8877E-04   3.4608E-02   0.0000E+00   0.0000E+00
    27    37   1.1243E+17   1.8370E-02   7.6700E-04   3.1222E-02   0.0000E+00   0.0000E+00
    27    38   1.1297E+17   1.6575E-02   7.5525E-04   2.5577E-02   0.0000E+00   0.0000E+00
    27    39   1.1458E+17   1.7039E-02   7.3549E-04   2.9178E-02   0.0000E+00   0.0000E+00
    27    40   1.1567E+17   1.8133E-02   7.3918E-04   2.8216E-02   0.0000E+00   0.0000E+00
    27    41   1.2068E+17   1.9409E-02   7.4890E-04   2.6551E-02   0.0000E+00   0.0000E+00
    27    42   1.2264E+17   1.9128E-02   7.4309E-04   2.7290E-02   0.0000E+00   0.0000E+00
    27    43   1.2562E+17   1.9241E-02   7.7138E-04   3.1610E-02   0.0000E+00   0.0000E+00
    27    44   1.2799E+17   2.0789E-02   7.7742E-04   3.8706E-02   0.0000E+00   0.0000E+00
    27    45   1.2770E+17   2.1164E-02   9.9448E-04   2.3939E-01   0.0000E+00   0.0000E+00
    28     1   4.9048E+11   2.8158E-01   1.8910E-06   3.3214E-01   0.0000E+00   0.0000E+00
    28     2   4.7501E+11   2.0878E-01   1.9788E-06   2.3816E-01   0.0000E+00   0.0000E+00
    28     3   7.0589E+11   1.9991E-01   2.5794E-06   2.5429E-01   0.0000E+00   0.0000E+00
    28     4   1.1721E+12   1.5931E-01   2.5693E-06   1.9033E-01   0.0000E+00   0.0000E+00
    28     5   2.4138E+12   1.4558E-01   3.9592E-06   1.8981E-01   0.0000E+00   0.0000E+00
    28     6   5.0216E+12   1.1134E-01   7.4887E-06   1.6340E-01   0.0000E+00   0.0000E+00
    28     7   1.0174E+13   9.8055E-02   1.5821E-05   1.8815E-01   0.0000E+00   0.0000E+00
    28     8   1.7767E+13   8.4155E-02   1.7744E-05   1.2865E-01   0.0000E+00   0.0000E+00
    28     9   2.9742E+13   6.9748E-02   2.0806E-05   1.3419E-01   0.0000E+00   0.0000E+00
    28    10   6.4659E+13   5.5731E-02   3.3352E-05   1.1407E-01   0.0000E+00   0.0000E+00
    28    11   1.4253E+14   4.4335E-02   4.4936E-05   1.0590E-01   0.0000E+00   0.0000E+00
    28    12   3.1595E+14   3.7344E-02   6.2639E-05   9.0457E-02   0.0000E+00   0.0000E+00
    28    13   7.2406E+14   3.1014E-02   9.8131E-05   8.3885E-02   0.0000E+00   0.0000E+00
    28    14   1.5113E+15   2.6333E-02   1.3388E-04   9.0904E-02   0.0000E+00   0.0000E+00
    28    15   2.8486E+15   2.3421E-02   1.6484E-04   6.1346E-02   0.0000E+00   0.0000E+00
    28    16   4.8869E+15   2.1800E-02   2.1489E-04   8.2742E-02   0.0000E+00   0.0000E+00
    28    17   7.6138E+15   2.0688E-02   2.7966E-04   7.0975E-02   0.0000E+00   0.0000E+00
    28    18   1.0619E+16   2.0280E-02   3.2377E-04   7.5530E-02   0.0000E+00   0.0000E+00
    28    19   1.4163E+16   1.9851E-02   3.5626E-04   7.1326E-02   0.0000E+00   0.0000E+00
    28    20   1.7844E+16   1.9532E-02   3.7895E-04   5.8283E-02   0.0000E+00   0.0000E+00
    28    21   2.1816E+16   1.9516E-02   3.7640E-04   4.5866E-02   0.0000E+00   0.0000E+00
    28    22   2.6286E+16   1.9631E-02   4.2036E-04   6.7635E-02   0.0000E+00   0.0000E+00
    28    23   3.1497E+16   1.9351E-02   4.6215E-04   6.3147E-02   0.0000E+00   0.0000E+00
    28    24   3.7776E+16   1.9292E-02   5.0070E-04   6.0634E-02   0.0000E+00   0.0000E+00
    28    25   4.7316E+16   1.9481E-02   5.6599E-04   4.7653E-02   0.0000E+00   0.0000E+00
    28    26   5.6463E+16   1.9886E-02   6.0983E-04   4.7729E-02   0.0000E+00   0.0000E+00
    28    27   6.4697E+16   2.0003E-02   6.8146E-04   4.7581E-02   0.0000E+00   0.0000E+00
    28    28   7.4818E+16   2.0083E-02   7.3085E-04   4.8122E-02   0.0000E+00   0.0000E+00
    28    29   8.2466E+16   2.0624E-02   7.9883E-04   5.4296E-02   0.0000E+00   0.0000E+00
    28    30   8.9278E+16   2.1108E-02   7.2446E-04   4.0121E-02   0.0000E+00   0.0000E+00
    28    31   9.4371E+16   2.0679E-02   7.6175E-04   4.0360E-02   0.0000E+00   0.0000E+00
    28    32   9.6881E+16   2.0882E-02   7.6322E-04   4.0152E-02   0.0000E+00   0.0000E+00
    28    33   9.9829E+16   2.0403E-02   8.2728E-04   3.9825E-02   0.0000E+00   0.0000E+00
    28    34   1.0627E+17   2.1868E-02   8.3939E-04   3.8202E-02   0.0000E+00   0.0000E+00
    28    35   1.0936E+17   2.2199E-02   8.5306E-04   4.0972E-02   0.0000E+00   0.0000E+00
    28    36   1.0989E+17   2.0464E-02   8.1397E-04   3.8125E-02   0.0000E+00   0.0000E+00
    28    37   1.1364E+17   1.8066E-02   8.1704E-04   3.5933E-02   0.0000E+00   0.0000E+00
    28    38   1.1778E+17   1.6202E-02   8.2516E-04   3.3270E-02   0.0000E+00   0.0000E+00
    28    39   1.1954E+17   1.8908E-02   8.0900E-04   2.9524E-02   0.0000E+00   0.0000E+00
    28    40   1.2209E+17   1.7799E-02   8.1982E-04   2.9913E-02   0.0000E+00   0.0000E+00
    28    41   1.2453E+17   1.7536E-02   8.0359E-04   3.2181E-02   0.0000E+00   0.0000E+00
    28    42   1.2457E+17   1.6477E-02   8.1301E-04   3.0672E-02   0.0000E+00   0.0000E+00
    28    43   1.2835E+17   1.7220E-02   7.9140E-04   2.7756E-02   0.0000E+00   0.0000E+00
    28    44   1.3152E+17   1.8633E-02   7.7944E-04   2.7573E-02   0.0000E+00   0.0000E+00
    28    45   1.3120E+17   1.8176E-02   7.7461E-04   3.4678E-02   0.0000E+00   0.0000E+00
    29     1   4.8478E+11   2.5294E-01   3.2205E-06   5.2490E-01   0.0000E+00   0.0000E+00
    29     2   7.3129E+11   2.4533E-01   3.7179E-06   3.4528E-01   0.0000E+00   0.0000E+00
    29     3   9.5667E+11   2.1508E-01   3.8834E-06   2.8410E-01   0.0000E+00   0.0000E+00
    29     4   1.8244E+12   1.6692E-01   4.6910E-06   2.2413E-01   0.0000E+00   0.0000E+00
    29     5   3.1160E+12   1.4022E-01   5.6098E-06   1.9622E-01   0.0000E+00   0.0000E+00
    29     6   5.3446E+12   1.1815E-01   8.9384E-06   1.6865E-01   0.0000E+00   0.0000E+00
    29     7   1.0050E+13   1.0186E-01   1.4474E-05   1.4840E-01   0.0000E+00   0.0000E+00
    29     8   1.6012E+13   8.8981E-02   1.9107E-05   1.8202E-01   0.0000E+00   0.0000E+00
    29     9   3.3112E+13   7.3139E-02   2.3913E-05   1.4922E-01   0.0000E+00   0.0000E+00
    29    10   7.1125E+13   5.5400E-02   3.3432E-05   1.1518E-01   0.0000E+00   0.0000E+00
    29    11   1.5118E+14   4.5806E-02   5.3935E-05   9.9863E-02   0.0000E+00   0.0000E+00
    29    12   3.1303E+14   3.7209E-02   7.0772E-05   9.7357E-02   0.0000E+00   0.0000E+00
    29    13   6.9990E+14   3.0459E-02   8.7692E-05   8.1972E-02   0.0000E+00   0.0000E+00
    29    14   1.4645E+15   2.6374E-02   1.3646E-04   7.5401E-02   0.0000E+00   0.0000E+00
    29    15   2.8583E+15   2.3412E-02   1.8030E-04   7.3935E-02   0.0000E+00   0.0000E+00
    29    16   4.8897E+15   2.1742E-02   2.4448E-04   7.6325E-02   0.0000E+00   0.0000E+00
    29    17   7.5233E+15   2.0827E-02   2.7698E-04   8.2793E-02   0.0000E+00   0.0000E+00
    29    18   1.0854E+16   2.0249E-02   3.1355E-04   6.6499E-02   0.0000E+00   0.0000E+00
    29    19   1.4497E+16   1.9779E-02   4.5158E-04   9.4711E-02   0.0000E+00   0.0000E+00
    29    20   1.8171E+16   1.9642E-02   4.4994E-04   1.3404E-01   0.0000E+00   0.0000E+00
    29    21   2.2076E+16   1.9414E-02   4.2053E-04   7.7966E-02   0.0000E+00   0.0000E+00
    29    22   2.6542E+16   1.9196E-02   4.6294E-04   6.2637E-02   0.0000E+00   0.0000E+00
    29    23   3.1846E+16   1.9457E-02   4.9006E-04   5.2196E-02   0.0000E+00   0.0000E+00
    29    24   3.8353E+16   1.9375E-02   4.9664E-04   3.9407E-02   0.0000E+00   0.0000E+00
    29    25   4.6780E+16   1.9299E-02   5.8141E-04   4.7347E-02   0.0000E+00   0.0000E+00
    29    26   5.6071E+16   1.9861E-02   6.1268E-04   4.3903E-02   0.0000E+00   0.0000E+00
    29    27   6.4312E+16   2.0040E-02   6.4095E-04   4.4227E-02   0.0000E+00   0.0000E+00
    29    28   7.1531E+16   2.0249E-02   7.0159E-04   4.7383E-02   0.0000E+00   0.0000E+00
    29    29   8.0101E+16   2.0712E-02   7.1417E-04   4.1442E-02   0.0000E+00   0.0000E+00
    29    30   8.7786E+16   2.0840E-02   7.3881E-04   4.4075E-02   0.0000E+00   0.0000E+00
    29    31   9.0890E+16   2.0785E-02   7.5258E-04   4.7533E-02   0.0000E+00   0.0000E+00
    29    32   9.7421E+16   2.1037E-02   7.9583E-04   4.0530E-02   0.0000E+00   0.0000E+00
    29    33   1.0217E+17   2.1208E-02   7.6558E-04   3.5360E-02   0.0000E+00   0.0000E+00
    29    34   1.0902E+17   2.1350E-02   7.6321E-04   3.5730E-02   0.0000E+00   0.0000E+00
    29    35   1.1207E+17   2.0729E-02   7.6921E-04   3.4711E-02   0.0000E+00   0.0000E+00
    29    36   1.1666E+17   2.1675E-02   7.9264E-04   3.5985E-02   0.0000E+00   0.0000E+00
    29    37   1.1742E+17   1.9774E-02   8.0992E-04   3.2448E-02   0.0000E+00   0.0000E+00
    29    38   1.1779E+17   1.5829E-02   7.9169E-04   2.8269E-02   0.0000E+00   0.0000E+00
    29    39   1.1994E+17   1.6344E-02   7.9826E-04   3.0177E-02   0.0000E+00   0.0000E+00
    29    40   1.2266E+17   1.8416E-02   7.8969E-04   2.8661E-02   0.0000E+00   0.0000E+00
    29    41   1.2602E+17   1.8124E-02   7.9710E-04   3.4401E-02   0.0000E+00   0.0000E+00
    29    42   1.3053E+17   1.8890E-02   7.8272E-04   2.8504E-02   0.0000E+00   0.0000E+00
    29    43   1.3240E+17   1.7751E-02   7.8314E-04   2.7974E-02   0.0000E+00   0.0000E+00
    29    44   1.3424E+17   1.8247E-02   7.9671E-04   2.8960E-02   0.0000E+00   0.0000E+00
    29    45   1.3450E+17   1.7545E-02   8.0397E-04   3.1168E-02   0.0000E+00   0.0000E+00
    30     1   4.3024E+11   1.9744E-01   2.3706E-06   2.6075E-01   0.0000E+00   0.0000E+00
    30     2   4.7712E+11   1.8193E-01   1.5713E-06   1.8608E-01   0.0000E+00   0.0000E+00
    30     3   8.3866E+11   2.4412E-01   3.0884E-06   2.5087E-01   0.0000E+00   0.0000E+00
    30     4   1.5642E+12   2.0285E-01   5.4458E-06   2.5869E-01   0.0000E+00   0.0000E+00
    30     5   3.0583E+12   1.5585E-01   6.6521E-06   2.0611E-01   0.0000E+00   0.0000E+00
    30     6   5.5283E+12   1.2465E-01   9.5747E-06   1.8233E-01   0.0000E+00   0.0000E+00
    30     7   7.8412E+12   1.0874E-01   1.1915E-05   1.7957E-01   0.0000E+00   0.0000E+00
    30     8   1.6005E+13   8.9424E-02   1.8957E-05   1.4661E-01   0.0000E+00   0.0000E+00
    30     9   3.2588E+13   6.9315E-02   2.3785E-05   1.2853E-01   0.0000E+00   0.0000E+00
    30    10   6.7399E+13   5.5456E-02   3.8160E-05   1.2549E-01   0.0000E+00   0.0000E+00
    30    11   1.4304E+14   4.4748E-02   5.1512E-05   1.0464E-01   0.0000E+00   0.0000E+00
    30    12   3.2033E+14   3.6543E-02   7.7101E-05   9.5525E-02   0.0000E+00   0.0000E+00
    30    13   6.9952E+14   3.0775E-02   1.0207E-04   7.8609E-02   0.0000E+00   0.0000E+00
    30    14   1.4622E+15   2.6166E-02   1.3291E-04   8.5999E-02   0.0000E+00   0.0000E+00
    30    15   2.7891E+15   2.3415E-02   1.8047E-04   7.2844E-02   0.0000E+00   0.0000E+00
    30    16   4.8612E+15   2.1774E-02   2.3188E-04   7.9820E-02   0.0000E+00   0.0000E+00
    30    17   7.5628E+15   2.0861E-02   2.9605E-04   6.1978E-02   0.0000E+00   0.0000E+00
    30    18   1.0744E+16   2.0181E-02   3.6855E-04   6.9063E-02   0.0000E+00   0.0000E+00
    30    19   1.4246E+16   1.9841E-02   4.6777E-04   1.2434E-01   0.0000E+00   0.0000E+00
    30    20   1.7804E+16   1.9547E-02   4.0644E-04   7.1474E-02   0.0000E+00   0.0000E+00
    30    21   2.1284E+16   1.9554E-02   4.3816E-04   6.6188E-02   0.0000E+00   0.0000E+00
    30    22   2.5134E+16   1.9499E-02   4.5381E-04   5.8626E-02   0.0000E+00   0.0000E+00
    30    23   3.0116E+16   1.9695E-02   4.7107E-04   4.9443E-02   0.0000E+00   0.0000E+00
    30    24   3.6749E+16   1.9310E-02   5.3167E-04   4.7743E-02   0.0000E+00   0.0000E+00
    30    25   4.5934E+16   1.9247E-02   5.9398E-04   4.4539E-02   0.0000E+00   0.0000E+00
    30    26   5.4881E+16   1.9517E-02   6.7041E-04   4.9727E-02   0.0000E+00   0.0000E+00
    30    27   6.4018E+16   1.9942E-02   6.9033E-04   4.4473E-02   0.0000E+00   0.0000E+00
    30    28   7.1841E+16   2.0300E-02   7.2671E-04   4.4516E-02   0.0000E+00   0.0000E+00
    30    29   7.8882E+16   2.1598E-02   7.2394E-04   4.0251E-02   0.0000E+00   0.0000E+00
    30    30   8.4662E+16   2.0886E-02   7.2681E-04   4.0971E-02   0.0000E+00   0.0000E+00
    30    31   8.9810E+16   2.1504E-02   7.5056E-04   3.8322E-02   0.0000E+00   0.0000E+00
    30    32   9.4366E+16   2.0789E-02   7.5794E-04   4.1330E-02   0.0000E+00   0.0000E+00
    30    33   1.0032E+17   2.1423E-02   7.9055E-04   4.0744E-02   0.0000E+00   0.0000E+00
    30    34   1.0550E+17   2.0605E-02   7.8999E-04   3.6498E-02   0.0000E+00   0.0000E+00
    30    35   1.1027E+17   2.1961E-02   7.8468E-04   3.4862E-02   0.0000E+00   0.0000E+00
    30    36   1.1451E+17   2.2655E-02   7.8337E-04   3.3844E-02   0.0000E+00   0.0000E+00
    30    37   1.1952E+17   2.1840E-02   8.0474E-04   3.3602E-02   0.0000E+00   0.0000E+00
    30    38   1.2019E+17   1.8403E-02   8.3339E-04   3.0577E-02   0.0000E+00   0.0000E+00
    30    39   1.2139E+17   1.6322E-02   8.0991E-04   2.8815E-02   0.0000E+00   0.0000E+00
    30    40   1.2518E+17   1.7922E-02   8.0519E-04   2.7286E-02   0.0000E+00   0.0000E+00
    30    41   1.2881E+17   1.7593E-02   8.3260E-04   2.8560E-02   0.0000E+00   0.0000E+00
    30    42   1.3143E+17   1.7590E-02   8.2323E-04   2.6593E-02   0.0000E+00   0.0000E+00
    30    43   1.3380E+17   1.7392E-02   8.2101E-04   2.6797E-02   0.0000E+00   0.0000E+00
    30    44   1.3679E+17   1.8923E-02   8.2585E-04   2.6922E-02   0.0000E+00   0.0000E+00
    30    45   1.3683E+17   1.8530E-02   8.1157E-04   3.0195E-02   0.0000E+00   0.0000E+00
    31     1   4.2358E+11   2.3804E-01   3.0891E-06   2.7537E-01   0.0000E+00   0.0000E+00
    31     2   4.3193E+11   1.7998E-01   1.8079E-06   2.3827E-01   0.0000E+00   0.0000E+00
    31     3   5.5174E+11   1.7066E-01   1.6811E-06   2.3256E-01   0.0000E+00   0.0000E+00
    31     4   9.8336E+11   1.6623E-01   2.4023E-06   1.9999E-01   0.0000E+00   0.0000E+00
    31     5   2.1580E+12   1.5148E-01   6.0702E-06   2.3556E-01   0.0000E+00   0.0000E+00
    31     6   3.8552E+12   1.2770E-01   8.1353E-06   2.1167E-01   0.0000E+00   0.0000E+00
    31     7   8.6952E+12   9.9637E-02   1.3895E-05   1.6533E-01   0.0000E+00   0.0000E+00
    31     8   1.6731E+13   8.2308E-02   1.6789E-05   1.5178E-01   0.0000E+00   0.0000E+00
    31     9   3.1836E+13   6.9837E-02   2.3030E-05   1.4154E-01   0.0000E+00   0.0000E+00
    31    10   6.3856E+13   5.3351E-02   3.0447E-05   1.0529E-01   0.0000E+00   0.0000E+00
    31    11   1.3953E+14   4.5268E-02   4.8403E-05   1.1332E-01   0.0000E+00   0.0000E+00
    31    12   3.1355E+14   3.6900E-02   7.0376E-05   1.0008E-01   0.0000E+00   0.0000E+00
    31    13   7.1512E+14   3.0170E-02   1.0578E-04   9.5391E-02   0.0000E+00   0.0000E+00
    31    14   1.5270E+15   2.5727E-02   1.3763E-04   8.2198E-02   0.0000E+00   0.0000E+00
    31    15   2.8842E+15   2.3202E-02   1.7479E-04   8.2401E-02   0.0000E+00   0.0000E+00
    31    16   4.9638E+15   2.1379E-02   2.6097E-04   8.6210E-02   0.0000E+00   0.0000E+00
    31    17   7.7027E+15   2.0498E-02   3.0372E-04   7.1687E-02   0.0000E+00   0.0000E+00
    31    18   1.0788E+16   2.0103E-02   3.7469E-04   1.1757E-01   0.0000E+00   0.0000E+00
    31    19   1.4357E+16   1.9759E-02   3.7087E-04   6.9559E-02   0.0000E+00   0.0000E+00
    31    20   1.7717E+16   1.9430E-02   3.9577E-04   6.3280E-02   0.0000E+00   0.0000E+00
    31    21   2.1350E+16   1.9557E-02   4.0116E-04   5.2987E-02   0.0000E+00   0.0000E+00
    31    22   2.5848E+16   1.9403E-02   4.2941E-04   5.5723E-02   0.0000E+00   0.0000E+00
    31    23   3.0924E+16   1.9314E-02   4.6066E-04   4.6197E-02   0.0000E+00   0.0000E+00
    31    24   3.7618E+16   1.9117E-02   5.2866E-04   4.3976E-02   0.0000E+00   0.0000E+00
    31    25   4.5784E+16   1.8981E-02   5.6844E-04   4.1206E-02   0.0000E+00   0.0000E+00
    31    26   5.4934E+16   1.9742E-02   6.2241E-04   4.0684E-02   0.0000E+00   0.0000E+00
    31    27   6.2129E+16   1.9896E-02   6.3382E-04   3.8351E-02   0.0000E+00   0.0000E+00
    31    28   6.9778E+16   1.9863E-02   6.6488E-04   3.6712E-02   0.0000E+00   0.0000E+00
    31    29   7.8181E+16   2.0309E-02   7.1348E-04   3.7249E-02   0.0000E+00   0.0000E+00
    31    30   8.5700E+16   2.0723E-02   7.8253E-04   4.6626E-02   0.0000E+00   0.0000E+00
    31    31   8.9520E+16   2.0921E-02   7.8864E-04   4.0146E-02   0.0000E+00   0.0000E+00
    31    32   9.5202E+16   2.0798E-02   7.7546E-04   3.6733E-02   0.0000E+00   0.0000E+00
    31    33   9.9373E+16   2.0281E-02   7.8842E-04   3.8566E-02   0.0000E+00   0.0000E+00
    31    34   1.0221E+17   1.9939E-02   7.7544E-04   4.1297E-02   0.0000E+00   0.0000E+00
    31    35   1.0624E+17   2.0568E-02   8.2904E-04   6.7360E-02   0.0000E+00   0.0000E+00
    31    36   1.1200E+17   2.0534E-02   8.3082E-04   4.6139E-02   0.0000E+00   0.0000E+00
    31    37   1.1517E+17   1.9894E-02   8.1522E-04   4.0514E-02   0.0000E+00   0.0000E+00
    31    38   1.1936E+17   1.8450E-02   8.1335E-04   3.6091E-02   0.0000E+00   0.0000E+00
    31    39   1.2181E+17   1.7179E-02   8.2188E-04   3.3576E-02   0.0000E+00   0.0000E+00
    31    40   1.2443E+17   1.6833E-02   8.0789E-04   2.7334E-02   0.0000E+00   0.0000E+00
    31    41   1.2767E+17   1.7985E-02   8.0152E-04   2.9305E-02   0.0000E+00   0.0000E+00
    31    42   1.3151E+17   1.9146E-02   8.0205E-04   3.3168E-02   0.0000E+00   0.0000E+00
    31    43   1.3398E+17   1.7982E-02   8.1045E-04   3.1496E-02   0.0000E+00   0.0000E+00
    31    44   1.3818E+17   1.9410E-02   8.1187E-04   2.7084E-02   0.0000E+00   0.0000E+00
    31    45   1.3882E+17   1.9048E-02   8.2804E-04   3.0643E-02   0.0000E+00   0.0000E+00
    32     1   4.1774E+11   2.3264E-01   3.0801E-06   2.8371E-01   0.0000E+00   0.0000E+00
    32     2   3.6735E+11   2.1758E-01   1.5682E-06   3.0163E-01   0.0000E+00   0.0000E+00
    32     3   6.4287E+11   1.7908E-01   1.7112E-06   2.2839E-01   0.0000E+00   0.0000E+00
    32     4   1.1357E+12   1.6895E-01   2.5465E-06   1.8355E-01   0.0000E+00   0.0000E+00
    32     5   2.4259E+12   1.4154E-01   4.7409E-06   1.7886E-01   0.0000E+00   0.0000E+00
    32     6   4.6248E+12   1.2009E-01   7.0410E-06   1.4939E-01   0.0000E+00   0.0000E+00
    32     7   8.6250E+12   1.0125E-01   1.2093E-05   1.3702E-01   0.0000E+00   0.0000E+00
    32     8   1.5670E+13   8.2963E-02   1.7031E-05   1.4564E-01   0.0000E+00   0.0000E+00
    32     9   3.3817E+13   6.6897E-02   2.8145E-05   1.3122E-01   0.0000E+00   0.0000E+00
    32    10   6.7463E+13   5.5098E-02   3.5038E-05   1.1435E-01   0.0000E+00   0.0000E+00
    32    11   1.3614E+14   4.5449E-02   4.8474E-05   1.0951E-01   0.0000E+00   0.0000E+00
    32    12   3.0335E+14   3.7066E-02   6.6780E-05   9.5799E-02   0.0000E+00   0.0000E+00
    32    13   6.8797E+14   3.0580E-02   1.0999E-04   8.9124E-02   0.0000E+00   0.0000E+00
    32    14   1.4385E+15   2.6135E-02   1.4134E-04   1.0078E-01   0.0000E+00   0.0000E+00
    32    15   2.7818E+15   2.3188E-02   1.7749E-04   6.8757E-02   0.0000E+00   0.0000E+00
    32    16   4.7604E+15   2.1414E-02   2.4100E-04   7.9572E-02   0.0000E+00   0.0000E+00
    32    17   7.4480E+15   2.0442E-02   2.5832E-04   5.2428E-02   0.0000E+00   0.0000E+00
    32    18   1.0508E+16   2.0149E-02   3.4452E-04   7.4142E-02   0.0000E+00   0.0000E+00
    32    19   1.3477E+16   1.9799E-02   3.5847E-04   7.2668E-02   0.0000E+00   0.0000E+00
    32    20   1.7121E+16   1.9613E-02   3.7438E-04   5.0814E-02   0.0000E+00   0.0000E+00
    32    21   2.1069E+16   1.9356E-02   4.0678E-04   4.8862E-02   0.0000E+00   0.0000E+00
    32    22   2.5273E+16   1.9443E-02   4.6253E-04   5.4149E-02   0.0000E+00   0.0000E+00
    32    23   3.0074E+16   1.9139E-02   4.8460E-04   5.0422E-02   0.0000E+00   0.0000E+00
    32    24   3.6343E+16   1.8970E-02   5.0662E-04   4.0071E-02   0.0000E+00   0.0000E+00
    32    25   4.4935E+16   1.9070E-02   5.9154E-04   4.2566E-02   0.0000E+00   0.0000E+00
    32    26   5.2454E+16   1.9523E-02   6.1736E-04   4.5787E-02   0.0000E+00   0.0000E+00
    32    27   5.9851E+16   1.9782E-02   6.3280E-04   4.4555E-02   0.0000E+00   0.0000E+00
    32    28   6.8154E+16   2.0343E-02   6.5155E-04   3.6349E-02   0.0000E+00   0.0000E+00
    32    29   7.5373E+16   2.0271E-02   7.2242E-04   4.8215E-02   0.0000E+00   0.0000E+00
    32    30   8.4899E+16   2.1498E-02   7.5757E-04   4.9847E-02   0.0000E+00   0.0000E+00
    32    31   8.8659E+16   2.1227E-02   7.2364E-04   4.1187E-02   0.0000E+00   0.0000E+00
    32    32   9.3388E+16   2.1142E-02   7.6806E-04   4.0771E-02   0.0000E+00   0.0000E+00
    32    33   9.7298E+16   2.1469E-02   7.2848E-04   3.4302E-02   0.0000E+00   0.0000E+00
    32    34   1.0052E+17   2.2060E-02   7.7019E-04   3.7991E-02   0.0000E+00   0.0000E+00
    32    35   1.0302E+17   1.9808E-02   7.6523E-04   3.4469E-02   0.0000E+00   0.0000E+00
    32    36   1.0756E+17   2.0434E-02   7.5879E-04   3.3231E-02   0.0000E+00   0.0000E+00
    32    37   1.1155E+17   2.0433E-02   7.6306E-04   3.5349E-02   0.0000E+00   0.0000E+00
    32    38   1.1634E+17   2.0326E-02   7.7659E-04   3.3480E-02   0.0000E+00   0.0000E+00
    32    39   1.2035E+17   2.1095E-02   7.6507E-04   3.2462E-02   0.0000E+00   0.0000E+00
    32    40   1.2611E+17   1.9401E-02   7.8122E-04   3.0318E-02   0.0000E+00   0.0000E+00
    32    41   1.2934E+17   1.8642E-02   7.9600E-04   3.0129E-02   0.0000E+00   0.0000E+00
    32    42   1.3457E+17   1.9238E-02   7.9663E-04   3.5717E-02   0.0000E+00   0.0000E+00
    32    43   1.4199E+17   2.0240E-02   8.3429E-04   2.8982E-02   0.0000E+00   0.0000E+00
    32    44   1.4613E+17   2.0423E-02   8.3584E-04   2.8983E-02   0.0000E+00   0.0000E+00
    32    45   1.4483E+17   2.0128E-02   8.0645E-04   2.9425E-02   0.0000E+00   0.0000E+00
    33     1   2.5966E+11   1.6946E-01   1.5348E-06   1.8396E-01   0.0000E+00   0.0000E+00
    33     2   5.6039E+11   2.3596E-01   3.2975E-06   3.2867E-01   0.0000E+00   0.0000E+00
    33     3   5.9919E+11   1.7200E-01   2.1239E-06   2.4544E-01   0.0000E+00   0.0000E+00
    33     4   1.2738E+12   1.3674E-01   2.8839E-06   1.9860E-01   0.0000E+00   0.0000E+00
    33     5   2.0130E+12   1.1748E-01   3.5122E-06   1.4285E-01   0.0000E+00   0.0000E+00
    33     6   3.8224E+12   1.0847E-01   6.5124E-06   1.4966E-01   0.0000E+00   0.0000E+00
    33     7   7.2524E+12   1.0032E-01   1.1309E-05   1.3888E-01   0.0000E+00   0.0000E+00
    33     8   1.5428E+13   8.4566E-02   1.7240E-05   1.3897E-01   0.0000E+00   0.0000E+00
    33     9   3.0984E+13   6.8099E-02   2.5664E-05   1.3156E-01   0.0000E+00   0.0000E+00
    33    10   6.3390E+13   5.5933E-02   4.1787E-05   1.2685E-01   0.0000E+00   0.0000E+00
    33    11   1.2932E+14   4.6761E-02   5.1894E-05   1.0698E-01   0.0000E+00   0.0000E+00
    33    12   2.7586E+14   3.8673E-02   7.6049E-05   1.1933E-01   0.0000E+00   0.0000E+00
    33    13   6.0843E+14   3.1529E-02   9.7964E-05   8.9595E-02   0.0000E+00   0.0000E+00
    33    14   1.3362E+15   2.6484E-02   1.3807E-04   6.8147E-02   0.0000E+00   0.0000E+00
    33    15   2.6561E+15   2.3316E-02   1.7145E-04   5.9391E-02   0.0000E+00   0.0000E+00
    33    16   4.6239E+15   2.1694E-02   2.1554E-04   7.1050E-02   0.0000E+00   0.0000E+00
    33    17   7.0247E+15   2.0903E-02   2.4360E-04   5.5617E-02   0.0000E+00   0.0000E+00
    33    18   9.8930E+15   2.0145E-02   3.0233E-04   7.1268E-02   0.0000E+00   0.0000E+00
    33    19   1.3065E+16   1.9912E-02   3.3455E-04   5.6885E-02   0.0000E+00   0.0000E+00
    33    20   1.6170E+16   1.9586E-02   3.8329E-04   6.7975E-02   0.0000E+00   0.0000E+00
    33    21   1.9542E+16   1.9358E-02   3.9950E-04   5.1031E-02   0.0000E+00   0.0000E+00
    33    22   2.3376E+16   1.9506E-02   4.3033E-04   5.2217E-02   0.0000E+00   0.0000E+00
    33    23   2.7915E+16   1.9440E-02   4.4186E-04   5.1248E-02   0.0000E+00   0.0000E+00
    33    24   3.3675E+16   1.9249E-02   4.6563E-04   4.6273E-02   0.0000E+00   0.0000E+00
    33    25   4.2296E+16   1.9097E-02   5.7477E-04   5.3368E-02   0.0000E+00   0.0000E+00
    33    26   5.0954E+16   1.9458E-02   5.7927E-04   4.6646E-02   0.0000E+00   0.0000E+00
    33    27   5.9113E+16   1.9745E-02   5.9560E-04   3.7087E-02   0.0000E+00   0.0000E+00
    33    28   6.7110E+16   2.0012E-02   6.2851E-04   3.4972E-02   0.0000E+00   0.0000E+00
    33    29   7.3770E+16   2.0240E-02   6.9421E-04   4.4590E-02   0.0000E+00   0.0000E+00
    33    30   8.0547E+16   2.0590E-02   7.3398E-04   4.0882E-02   0.0000E+00   0.0000E+00
    33    31   8.6358E+16   2.1160E-02   7.0809E-04   3.3468E-02   0.0000E+00   0.0000E+00
    33    32   9.1284E+16   2.0691E-02   7.1125E-04   3.1536E-02   0.0000E+00   0.0000E+00
    33    33   9.5386E+16   2.1118E-02   7.2320E-04   3.5780E-02   0.0000E+00   0.0000E+00
    33    34   1.0023E+17   2.1022E-02   7.8001E-04   3.9015E-02   0.0000E+00   0.0000E+00
    33    35   1.0510E+17   2.0932E-02   7.8378E-04   3.6179E-02   0.0000E+00   0.0000E+00
    33    36   1.1077E+17   2.0791E-02   7.9783E-04   3.7204E-02   0.0000E+00   0.0000E+00
    33    37   1.1378E+17   2.1202E-02   7.6292E-04   3.5175E-02   0.0000E+00   0.0000E+00
    33    38   1.1577E+17   2.0761E-02   7.6769E-04   3.2187E-02   0.0000E+00   0.0000E+00
    33    39   1.2145E+17   2.1907E-02   8.1301E-04   4.0320E-02   0.0000E+00   0.0000E+00
    33    40   1.2228E+17   1.9658E-02   7.8831E-04   3.2304E-02   0.0000E+00   0.0000E+00
    33    41   1.2533E+17   1.9851E-02   8.1281E-04   3.4697E-02   0.0000E+00   0.0000E+00
    33    42   1.2839E+17   1.9359E-02   7.8827E-04   3.0073E-02   0.0000E+00   0.0000E+00
    33    43   1.3003E+17   2.0934E-02   7.6497E-04   3.0156E-02   0.0000E+00   0.0000E+00
    33    44   1.3205E+17   2.1941E-02   7.8169E-04   3.1021E-02   0.0000E+00   0.0000E+00
    33    45   1.3275E+17   2.1211E-02   7.6029E-04   3.2034E-02   0.0000E+00   0.0000E+00
    34     1   2.8623E+11   1.9624E-01   2.7478E-06   5.6352E-01   0.0000E+00   0.0000E+00
    34     2   3.5629E+11   1.9934E-01   2.4777E-06   3.4819E-01   0.0000E+00   0.0000E+00
    34     3   7.1107E+11   2.0181E-01   3.2007E-06   3.3689E-01   0.0000E+00   0.0000E+00
    34     4   1.2803E+12   1.8817E-01   4.4806E-06   3.1089E-01   0.0000E+00   0.0000E+00
    34     5   2.7220E+12   1.4166E-01   7.0616E-06   2.4530E-01   0.0000E+00   0.0000E+00
    34     6   4.8219E+12   1.1719E-01   1.0808E-05   1.6952E-01   0.0000E+00   0.0000E+00
    34     7   8.3395E+12   9.8472E-02   1.1694E-05   1.5849E-01   0.0000E+00   0.0000E+00
    34     8   1.5789E+13   7.8780E-02   1.5045E-05   1.3324E-01   0.0000E+00   0.0000E+00
    34     9   2.9137E+13   6.9656E-02   2.1224E-05   1.4392E-01   0.0000E+00   0.0000E+00
    34    10   6.0327E+13   5.7325E-02   3.3024E-05   1.1305E-01   0.0000E+00   0.0000E+00
    34    11   1.2451E+14   4.6297E-02   4.9479E-05   1.1165E-01   0.0000E+00   0.0000E+00
    34    12   2.7374E+14   3.7599E-02   6.4679E-05   8.8876E-02   0.0000E+00   0.0000E+00
    34    13   6.4198E+14   3.0569E-02   9.7298E-05   7.4982E-02   0.0000E+00   0.0000E+00
    34    14   1.3875E+15   2.6253E-02   1.3717E-04   6.6988E-02   0.0000E+00   0.0000E+00
    34    15   2.6232E+15   2.3565E-02   1.6948E-04   6.5110E-02   0.0000E+00   0.0000E+00
    34    16   4.3809E+15   2.2061E-02   1.9290E-04   5.7055E-02   0.0000E+00   0.0000E+00
    34    17   6.6952E+15   2.0981E-02   2.4890E-04   5.6462E-02   0.0000E+00   0.0000E+00
    34    18   9.4124E+15   2.0388E-02   2.8612E-04   6.7009E-02   0.0000E+00   0.0000E+00
    34    19   1.2253E+16   1.9972E-02   3.0770E-04   5.0603E-02   0.0000E+00   0.0000E+00
    34    20   1.5259E+16   1.9746E-02   3.5470E-04   5.4184E-02   0.0000E+00   0.0000E+00
    34    21   1.8631E+16   1.9522E-02   3.9112E-04   6.3497E-02   0.0000E+00   0.0000E+00
    34    22   2.2480E+16   1.9323E-02   4.2302E-04   5.2889E-02   0.0000E+00   0.0000E+00
    34    23   2.7337E+16   1.9372E-02   4.8021E-04   5.3615E-02   0.0000E+00   0.0000E+00
    34    24   3.3458E+16   1.8987E-02   5.0951E-04   4.7459E-02   0.0000E+00   0.0000E+00
    34    25   4.2032E+16   1.8881E-02   5.7575E-04   5.5622E-02   0.0000E+00   0.0000E+00
    34    26   5.1002E+16   1.9211E-02   6.2044E-04   4.8463E-02   0.0000E+00   0.0000E+00
    34    27   5.8147E+16   1.9649E-02   6.4608E-04   4.2282E-02   0.0000E+00   0.0000E+00
    34    28   6.5310E+16   1.9855E-02   6.6683E-04   4.4218E-02   0.0000E+00   0.0000E+00
    34    29   7.2798E+16   2.0372E-02   6.7649E-04   3.8912E-02   0.0000E+00   0.0000E+00
    34    30   7.9979E+16   2.0835E-02   6.9505E-04   4.0286E-02   0.0000E+00   0.0000E+00
    34    31   8.2493E+16   2.0270E-02   6.9847E-04   4.5932E-02   0.0000E+00   0.0000E+00
    34    32   8.7218E+16   2.0647E-02   6.8995E-04   3.5575E-02   0.0000E+00   0.0000E+00
    34    33   9.2353E+16   2.0985E-02   7.0342E-04   3.6733E-02   0.0000E+00   0.0000E+00
    34    34   9.5360E+16   2.0112E-02   7.3871E-04   3.6946E-02   0.0000E+00   0.0000E+00
    34    35   9.9920E+16   2.0699E-02   7.8967E-04   3.7819E-02   0.0000E+00   0.0000E+00
    34    36   1.0230E+17   1.9836E-02   7.6389E-04   3.4799E-02   0.0000E+00   0.0000E+00
    34    37   1.0870E+17   2.1523E-02   7.5384E-04   3.2944E-02   0.0000E+00   0.0000E+00
    34    38   1.0718E+17   1.9917E-02   7.2145E-04   3.1571E-02   0.0000E+00   0.0000E+00
    34    39   1.1073E+17   2.0038E-02   7.6365E-04   3.3803E-02   0.0000E+00   0.0000E+00
    34    40   1.1316E+17   1.9800E-02   7.4567E-04   3.1697E-02   0.0000E+00   0.0000E+00
    34    41   1.1442E+17   2.1120E-02   7.7683E-04   3.9186E-02   0.0000E+00   0.0000E+00
    34    42   1.1751E+17   2.2605E-02   7.6287E-04   3.1684E-02   0.0000E+00   0.0000E+00
    34    43   1.2168E+17   2.2476E-02   7.6582E-04   3.1525E-02   0.0000E+00   0.0000E+00
    34    44   1.2667E+17   2.0392E-02   7.4654E-04   2.9316E-02   0.0000E+00   0.0000E+00
    34    45   1.2919E+17   2.2193E-02   7.5057E-04   4.0637E-02   0.0000E+00   0.0000E+00
    35     1   2.7685E+11   2.1771E-01   2.5819E-06   5.6738E-01   0.0000E+00   0.0000E+00
    35     2   3.3182E+11   1.7977E-01   2.0819E-06   3.6420E-01   0.0000E+00   0.0000E+00
    35     3   5.7503E+11   1.8984E-01   2.9852E-06   3.9843E-01   0.0000E+00   0.0000E+00
    35     4   1.1931E+12   1.3479E-01   2.9675E-06   1.5206E-01   0.0000E+00   0.0000E+00
    35     5   2.1915E+12   1.2552E-01   5.2508E-06   1.6708E-01   0.0000E+00   0.0000E+00
    35     6   4.4728E+12   1.0814E-01   8.5902E-06   2.1117E-01   0.0000E+00   0.0000E+00
    35     7   8.0844E+12   9.3481E-02   9.9986E-06   1.9716E-01   0.0000E+00   0.0000E+00
    35     8   1.5442E+13   8.2605E-02   1.4165E-05   1.8470E-01   0.0000E+00   0.0000E+00
    35     9   3.0577E+13   6.9389E-02   2.1838E-05   1.5078E-01   0.0000E+00   0.0000E+00
    35    10   6.0158E+13   5.5055E-02   3.2304E-05   1.4562E-01   0.0000E+00   0.0000E+00
    35    11   1.2735E+14   4.6532E-02   4.9779E-05   1.1747E-01   0.0000E+00   0.0000E+00
    35    12   2.7623E+14   3.7850E-02   7.2765E-05   1.0957E-01   0.0000E+00   0.0000E+00
    35    13   6.0777E+14   3.1115E-02   1.1257E-04   1.0865E-01   0.0000E+00   0.0000E+00
    35    14   1.3107E+15   2.6330E-02   1.4923E-04   9.2370E-02   0.0000E+00   0.0000E+00
    35    15   2.4976E+15   2.3691E-02   1.7690E-04   8.1557E-02   0.0000E+00   0.0000E+00
    35    16   4.2366E+15   2.2026E-02   2.0150E-04   7.3115E-02   0.0000E+00   0.0000E+00
    35    17   6.3631E+15   2.1106E-02   2.5162E-04   7.4149E-02   0.0000E+00   0.0000E+00
    35    18   8.8874E+15   2.0448E-02   3.0164E-04   7.7488E-02   0.0000E+00   0.0000E+00
    35    19   1.1862E+16   2.0127E-02   3.3854E-04   6.6329E-02   0.0000E+00   0.0000E+00
    35    20   1.4757E+16   1.9815E-02   3.7126E-04   7.1122E-02   0.0000E+00   0.0000E+00
    35    21   1.7917E+16   1.9624E-02   3.6499E-04   6.0116E-02   0.0000E+00   0.0000E+00
    35    22   2.1751E+16   1.9291E-02   3.9526E-04   6.1293E-02   0.0000E+00   0.0000E+00
    35    23   2.6466E+16   1.9177E-02   4.3203E-04   5.1896E-02   0.0000E+00   0.0000E+00
    35    24   3.2028E+16   1.9308E-02   4.3729E-04   4.5381E-02   0.0000E+00   0.0000E+00
    35    25   3.9436E+16   1.9184E-02   4.9509E-04   4.3144E-02   0.0000E+00   0.0000E+00
    35    26   4.7446E+16   1.9354E-02   5.9605E-04   5.6541E-02   0.0000E+00   0.0000E+00
    35    27   5.4310E+16   1.9888E-02   5.9389E-04   5.2844E-02   0.0000E+00   0.0000E+00
    35    28   6.0900E+16   1.9976E-02   5.8214E-04   4.4153E-02   0.0000E+00   0.0000E+00
    35    29   6.9042E+16   2.0619E-02   6.2605E-04   3.9425E-02   0.0000E+00   0.0000E+00
    35    30   7.5836E+16   2.0920E-02   6.7375E-04   4.5547E-02   0.0000E+00   0.0000E+00
    35    31   8.0035E+16   2.0915E-02   6.6659E-04   3.7516E-02   0.0000E+00   0.0000E+00
    35    32   8.4635E+16   2.1814E-02   6.4419E-04   3.6225E-02   0.0000E+00   0.0000E+00
    35    33   8.7225E+16   2.0782E-02   6.6320E-04   4.0339E-02   0.0000E+00   0.0000E+00
    35    34   9.1185E+16   2.1098E-02   7.0774E-04   3.7840E-02   0.0000E+00   0.0000E+00
    35    35   9.4862E+16   2.0891E-02   7.2395E-04   3.5547E-02   0.0000E+00   0.0000E+00
    35    36   9.8919E+16   2.2434E-02   6.8770E-04   3.1591E-02   0.0000E+00   0.0000E+00
    35    37   1.0022E+17   2.1061E-02   6.8783E-04   3.3279E-02   0.0000E+00   0.0000E+00
    35    38   1.0431E+17   2.2058E-02   7.1420E-04   3.8306E-02   0.0000E+00   0.0000E+00
    35    39   1.1060E+17   2.2462E-02   7.0251E-04   3.4173E-02   0.0000E+00   0.0000E+00
    35    40   1.1433E+17   2.1130E-02   7.1797E-04   3.5002E-02   0.0000E+00   0.0000E+00
    35    41   1.1457E+17   1.9481E-02   7.0281E-04   3.8417E-02   0.0000E+00   0.0000E+00
    35    42   1.1616E+17   1.8723E-02   7.0647E-04   2.9628E-02   0.0000E+00   0.0000E+00
    35    43   1.1929E+17   2.0102E-02   6.9540E-04   2.7590E-02   0.0000E+00   0.0000E+00
    35    44   1.2166E+17   2.0962E-02   7.6500E-04   3.4343E-02   0.0000E+00   0.0000E+00
    35    45   1.2117E+17   2.1121E-02   7.3895E-04   3.1830E-02   0.0000E+00   0.0000E+00
    36     1   2.5635E+11   2.4603E-01   1.2562E-06   2.6874E-01   0.0000E+00   0.0000E+00
    36     2   3.5613E+11   2.3071E-01   2.5214E-06   5.4718E-01   0.0000E+00   0.0000E+00
    36     3   6.5262E+11   1.9739E-01   3.1834E-06   4.0281E-01   0.0000E+00   0.0000E+00
    36     4   1.1987E+12   1.5709E-01   5.7556E-06   3.0671E-01   0.0000E+00   0.0000E+00
    36     5   1.9237E+12   1.3329E-01   6.7850E-06   2.7882E-01   0.0000E+00   0.0000E+00
    36     6   3.9423E+12   1.1584E-01   7.9772E-06   2.2606E-01   0.0000E+00   0.0000E+00
    36     7   8.8494E+12   9.7471E-02   1.3777E-05   1.6396E-01   0.0000E+00   0.0000E+00
    36     8   1.5297E+13   8.2800E-02   1.7109E-05   1.5512E-01   0.0000E+00   0.0000E+00
    36     9   2.7580E+13   7.0709E-02   2.1127E-05   1.3319E-01   0.0000E+00   0.0000E+00
    36    10   5.4463E+13   5.8310E-02   3.1541E-05   1.4037E-01   0.0000E+00   0.0000E+00
    36    11   1.1452E+14   4.7503E-02   4.3896E-05   1.6103E-01   0.0000E+00   0.0000E+00
    36    12   2.5684E+14   3.8088E-02   6.0045E-05   1.0174E-01   0.0000E+00   0.0000E+00
    36    13   5.7425E+14   3.1523E-02   9.0251E-05   8.4819E-02   0.0000E+00   0.0000E+00
    36    14   1.1941E+15   2.7200E-02   1.2790E-04   7.9445E-02   0.0000E+00   0.0000E+00
    36    15   2.2614E+15   2.4448E-02   1.6558E-04   6.6981E-02   0.0000E+00   0.0000E+00
    36    16   3.8350E+15   2.2584E-02   2.0450E-04   6.5560E-02   0.0000E+00   0.0000E+00
    36    17   5.9116E+15   2.1478E-02   2.5212E-04   6.8639E-02   0.0000E+00   0.0000E+00
    36    18   8.2518E+15   2.0690E-02   2.8164E-04   7.5461E-02   0.0000E+00   0.0000E+00
    36    19   1.0782E+16   2.0417E-02   2.9043E-04   6.9948E-02   0.0000E+00   0.0000E+00
    36    20   1.3636E+16   2.0124E-02   2.9429E-04   4.9862E-02   0.0000E+00   0.0000E+00
    36    21   1.6491E+16   1.9920E-02   3.4012E-04   5.6405E-02   0.0000E+00   0.0000E+00
    36    22   1.9867E+16   1.9933E-02   3.6412E-04   6.1850E-02   0.0000E+00   0.0000E+00
    36    23   2.3789E+16   1.9513E-02   4.0664E-04   5.9065E-02   0.0000E+00   0.0000E+00
    36    24   2.9476E+16   1.9425E-02   4.3161E-04   4.5848E-02   0.0000E+00   0.0000E+00
    36    25   3.6899E+16   1.9425E-02   4.9373E-04   7.2901E-02   0.0000E+00   0.0000E+00
    36    26   4.4355E+16   1.9823E-02   5.1327E-04   7.6276E-02   0.0000E+00   0.0000E+00
    36    27   4.9942E+16   2.0257E-02   5.2112E-04   4.2787E-02   0.0000E+00   0.0000E+00
    36    28   5.7384E+16   2.0643E-02   5.6179E-04   4.0986E-02   0.0000E+00   0.0000E+00
    36    29   6.4779E+16   2.1128E-02   6.2316E-04   4.2228E-02   0.0000E+00   0.0000E+00
    36    30   7.0230E+16   2.1352E-02   6.4748E-04   4.2792E-02   0.0000E+00   0.0000E+00
    36    31   7.3856E+16   2.2104E-02   6.6570E-04   4.4539E-02   0.0000E+00   0.0000E+00
    36    32   7.6536E+16   2.1727E-02   6.3398E-04   3.6877E-02   0.0000E+00   0.0000E+00
    36    33   7.9556E+16   2.1194E-02   6.5115E-04   3.9955E-02   0.0000E+00   0.0000E+00
    36    34   8.4284E+16   2.1222E-02   6.4562E-04   3.5297E-02   0.0000E+00   0.0000E+00
    36    35   8.9034E+16   2.1338E-02   6.5054E-04   3.4853E-02   0.0000E+00   0.0000E+00
    36    36   9.2458E+16   2.1164E-02   6.4352E-04   3.0614E-02   0.0000E+00   0.0000E+00
    36    37   9.6224E+16   2.1230E-02   6.5415E-04   3.6040E-02   0.0000E+00   0.0000E+00
    36    38   9.7935E+16   2.1728E-02   6.5737E-04   3.2492E-02   0.0000E+00   0.0000E+00
    36    39   9.9743E+16   2.1198E-02   6.7520E-04   3.3777E-02   0.0000E+00   0.0000E+00
    36    40   1.0315E+17   2.1312E-02   6.8587E-04   3.3233E-02   0.0000E+00   0.0000E+00
    36    41   1.0405E+17   2.0616E-02   6.6597E-04   3.0887E-02   0.0000E+00   0.0000E+00
    36    42   1.0900E+17   2.1186E-02   6.8816E-04   3.6120E-02   0.0000E+00   0.0000E+00
    36    43   1.1346E+17   2.0573E-02   6.8829E-04   3.1680E-02   0.0000E+00   0.0000E+00
    36    44   1.1401E+17   1.8934E-02   7.0694E-04   3.5552E-02   0.0000E+00   0.0000E+00
    36    45   1.1501E+17   2.1750E-02   7.5566E-04   6.9936E-02   0.0000E+00   0.0000E+00
    37     1   2.4924E+11   2.5517E-01   9.9239E-07   2.2017E-01   0.0000E+00   0.0000E+00
    37     2   3.2861E+11   1.7195E-01   1.5607E-06   2.8026E-01   0.0000E+00   0.0000E+00
    37     3   5.4592E+11   1.9806E-01   2.5264E-06   3.3700E-01   0.0000E+00   0.0000E+00
    37     4   9.8087E+11   1.8061E-01   2.7033E-06   2.8888E-01   0.0000E+00   0.0000E+00
    37     5   2.2727E+12   1.3993E-01   5.0632E-06   1.9773E-01   0.0000E+00   0.0000E+00
    37     6   4.2053E+12   1.2076E-01   7.1895E-06   1.5981E-01   0.0000E+00   0.0000E+00
    37     7   7.2836E+12   1.0211E-01   1.0822E-05   1.8939E-01   0.0000E+00   0.0000E+00
    37     8   1.3231E+13   9.1315E-02   1.5538E-05   1.7118E-01   0.0000E+00   0.0000E+00
    37     9   2.6782E+13   7.2752E-02   2.3285E-05   1.4144E-01   0.0000E+00   0.0000E+00
    37    10   5.2337E+13   5.9725E-02   3.1825E-05   1.4138E-01   0.0000E+00   0.0000E+00
    37    11   1.0602E+14   4.9305E-02   3.5496E-05   1.1191E-01   0.0000E+00   0.0000E+00
    37    12   2.2362E+14   3.9941E-02   4.6572E-05   8.8544E-02   0.0000E+00   0.0000E+00
    37    13   5.3288E+14   3.2778E-02   8.0616E-05   7.9271E-02   0.0000E+00   0.0000E+00
    37    14   1.1419E+15   2.7961E-02   1.1456E-04   8.6936E-02   0.0000E+00   0.0000E+00
    37    15   2.1501E+15   2.4908E-02   1.2985E-04   6.5012E-02   0.0000E+00   0.0000E+00
    37    16   3.6424E+15   2.3128E-02   1.5784E-04   5.6460E-02   0.0000E+00   0.0000E+00
    37    17   5.5722E+15   2.1836E-02   2.0955E-04   6.9463E-02   0.0000E+00   0.0000E+00
    37    18   7.8022E+15   2.1168E-02   2.1998E-04   4.8518E-02   0.0000E+00   0.0000E+00
    37    19   1.0346E+16   2.0652E-02   2.8590E-04   7.0442E-02   0.0000E+00   0.0000E+00
    37    20   1.2839E+16   2.0391E-02   2.9425E-04   4.7661E-02   0.0000E+00   0.0000E+00
    37    21   1.5615E+16   2.0012E-02   3.2931E-04   5.3411E-02   0.0000E+00   0.0000E+00
    37    22   1.8709E+16   2.0129E-02   3.4278E-04   5.1985E-02   0.0000E+00   0.0000E+00
    37    23   2.2555E+16   1.9750E-02   4.0129E-04   5.8249E-02   0.0000E+00   0.0000E+00
    37    24   2.7690E+16   1.9696E-02   4.4872E-04   5.5304E-02   0.0000E+00   0.0000E+00
    37    25   3.4421E+16   1.9696E-02   4.6258E-04   4.0847E-02   0.0000E+00   0.0000E+00
    37    26   4.1163E+16   2.0187E-02   5.2512E-04   5.9332E-02   0.0000E+00   0.0000E+00
    37    27   4.7004E+16   2.0275E-02   5.4740E-04   5.8188E-02   0.0000E+00   0.0000E+00
    37    28   5.3527E+16   2.0967E-02   5.4471E-04   4.9301E-02   0.0000E+00   0.0000E+00
    37    29   5.9657E+16   2.1377E-02   5.5372E-04   4.4583E-02   0.0000E+00   0.0000E+00
    37    30   6.5922E+16   2.3475E-02   6.1012E-04   4.3797E-02   0.0000E+00   0.0000E+00
    37    31   7.0193E+16   2.2429E-02   6.2588E-04   3.7803E-02   0.0000E+00   0.0000E+00
    37    32   7.2238E+16   2.1967E-02   6.2006E-04   3.7479E-02   0.0000E+00   0.0000E+00
    37    33   7.4351E+16   2.1635E-02   6.2284E-04   3.7888E-02   0.0000E+00   0.0000E+00
    37    34   7.7861E+16   2.1686E-02   6.6998E-04   4.1760E-02   0.0000E+00   0.0000E+00
    37    35   7.9431E+16   2.1697E-02   6.3596E-04   3.8718E-02   0.0000E+00   0.0000E+00
    37    36   7.9856E+16   2.2143E-02   6.0377E-04   3.6419E-02   0.0000E+00   0.0000E+00
    37    37   8.1944E+16   2.1696E-02   6.0930E-04   3.8416E-02   0.0000E+00   0.0000E+00
    37    38   8.5838E+16   2.1761E-02   5.9164E-04   3.4145E-02   0.0000E+00   0.0000E+00
    37    39   8.8195E+16   2.2701E-02   5.6222E-04   3.1671E-02   0.0000E+00   0.0000E+00
    37    40   9.1898E+16   2.1972E-02   6.4962E-04   4.5400E-02   0.0000E+00   0.0000E+00
    37    41   9.4199E+16   2.2194E-02   6.7542E-04   4.6928E-02   0.0000E+00   0.0000E+00
    37    42   9.5522E+16   2.2893E-02   6.5834E-04   5.0002E-02   0.0000E+00   0.0000E+00
    37    43   9.6851E+16   2.0950E-02   6.1538E-04   3.7127E-02   0.0000E+00   0.0000E+00
    37    44   1.0066E+17   2.2351E-02   6.1319E-04   3.2183E-02   0.0000E+00   0.0000E+00
    37    45   1.1394E+17   1.1052E-01   6.5547E-04   8.4525E-02   0.0000E+00   0.0000E+00
    38     1   2.5247E+11   2.2939E-01   1.0401E-06   2.2046E-01   0.0000E+00   0.0000E+00
    38     2   4.6048E+11   2.2414E-01   1.3582E-06   2.4633E-01   0.0000E+00   0.0000E+00
    38     3   7.0916E+11   1.4717E-01   1.9337E-06   1.7852E-01   0.0000E+00   0.0000E+00
    38     4   9.5527E+11   1.5987E-01   2.0134E-06   1.7905E-01   0.0000E+00   0.0000E+00
    38     5   1.8463E+12   1.3691E-01   3.5258E-06   1.7203E-01   0.0000E+00   0.0000E+00
    38     6   3.4883E+12   1.2593E-01   6.0202E-06   1.8033E-01   0.0000E+00   0.0000E+00
    38     7   6.1728E+12   1.1155E-01   8.3653E-06   1.8645E-01   0.0000E+00   0.0000E+00
    38     8   1.0567E+13   9.0333E-02   9.7693E-06   1.4236E-01   0.0000E+00   0.0000E+00
    38     9   2.0886E+13   7.0500E-02   1.9080E-05   1.7063E-01   0.0000E+00   0.0000E+00
    38    10   4.6024E+13   6.1759E-02   2.4867E-05   1.4069E-01   0.0000E+00   0.0000E+00
    38    11   9.5503E+13   4.9529E-02   3.4973E-05   1.0884E-01   0.0000E+00   0.0000E+00
    38    12   2.1178E+14   4.0900E-02   4.8448E-05   1.0178E-01   0.0000E+00   0.0000E+00
    38    13   4.6678E+14   3.4207E-02   7.7915E-05   8.8598E-02   0.0000E+00   0.0000E+00
    38    14   9.4963E+14   2.9411E-02   9.8941E-05   7.7437E-02   0.0000E+00   0.0000E+00
    38    15   1.7545E+15   2.6421E-02   1.2242E-04   7.4061E-02   0.0000E+00   0.0000E+00
    38    16   2.9392E+15   2.4646E-02   1.5417E-04   6.8751E-02   0.0000E+00   0.0000E+00
    38    17   4.5541E+15   2.3480E-02   1.9047E-04   6.4665E-02   0.0000E+00   0.0000E+00
    38    18   6.4148E+15   2.2728E-02   2.0863E-04   5.6490E-02   0.0000E+00   0.0000E+00
    38    19   8.3450E+15   2.2303E-02   2.3832E-04   5.8642E-02   0.0000E+00   0.0000E+00
    38    20   1.0682E+16   2.1915E-02   2.7677E-04   6.3986E-02   0.0000E+00   0.0000E+00
    38    21   1.3204E+16   2.1548E-02   2.9770E-04   5.8060E-02   0.0000E+00   0.0000E+00
    38    22   1.5795E+16   2.1295E-02   3.1116E-04   5.6092E-02   0.0000E+00   0.0000E+00
    38    23   1.9235E+16   2.1020E-02   3.5555E-04   5.4828E-02   0.0000E+00   0.0000E+00
    38    24   2.3649E+16   2.1117E-02   3.8870E-04   5.7158E-02   0.0000E+00   0.0000E+00
    38    25   2.9811E+16   2.1070E-02   4.0873E-04   5.1427E-02   0.0000E+00   0.0000E+00
    38    26   3.6096E+16   2.0997E-02   4.6822E-04   4.8365E-02   0.0000E+00   0.0000E+00
    38    27   4.1786E+16   2.1419E-02   4.9624E-04   4.3008E-02   0.0000E+00   0.0000E+00
    38    28   4.7191E+16   2.1987E-02   5.3434E-04   4.1728E-02   0.0000E+00   0.0000E+00
    38    29   5.3251E+16   2.3098E-02   5.4151E-04   4.5246E-02   0.0000E+00   0.0000E+00
    38    30   5.7149E+16   2.3139E-02   5.7390E-04   4.5849E-02   0.0000E+00   0.0000E+00
    38    31   5.9949E+16   2.3694E-02   5.7787E-04   4.0864E-02   0.0000E+00   0.0000E+00
    38    32   6.2397E+16   2.3192E-02   5.6928E-04   4.0990E-02   0.0000E+00   0.0000E+00
    38    33   6.4748E+16   2.3220E-02   6.3303E-04   1.0551E-01   0.0000E+00   0.0000E+00
    38    34   6.8823E+16   2.3716E-02   6.1092E-04   6.7741E-02   0.0000E+00   0.0000E+00
    38    35   7.1782E+16   2.2770E-02   6.0823E-04   5.8099E-02   0.0000E+00   0.0000E+00
    38    36   7.4447E+16   2.2939E-02   5.8679E-04   4.8910E-02   0.0000E+00   0.0000E+00
    38    37   7.6787E+16   2.3594E-02   6.0224E-04   5.6248E-02   0.0000E+00   0.0000E+00
    38    38   7.8169E+16   2.3627E-02   5.7974E-04   4.4233E-02   0.0000E+00   0.0000E+00
    38    39   7.8558E+16   2.3026E-02   6.1392E-04   4.5114E-02   0.0000E+00   0.0000E+00
    38    40   8.0127E+16   2.3560E-02   6.2063E-04   6.4585E-02   0.0000E+00   0.0000E+00
    38    41   8.1412E+16   2.3352E-02   6.0962E-04   4.7442E-02   0.0000E+00   0.0000E+00
    38    42   8.0996E+16   2.3293E-02   5.9272E-04   4.2603E-02   0.0000E+00   0.0000E+00
    38    43   8.3875E+16   2.4344E-02   6.0535E-04   4.3677E-02   0.0000E+00   0.0000E+00
    38    44   8.5139E+16   2.3591E-02   5.7596E-04   4.3378E-02   0.0000E+00   0.0000E+00
    38    45   8.7034E+16   2.6601E-02   5.6044E-04   4.1604E-02   0.0000E+00   0.0000E+00
    39     1   2.6634E+11   1.8946E-01   1.0357E-06   2.2142E-01   0.0000E+00   0.0000E+00
    39     2   3.0475E+11   1.8536E-01   7.9427E-07   1.7691E-01   0.0000E+00   0.0000E+00
    39     3   6.1086E+11   2.0781E-01   1.9016E-06   2.1018E-01   0.0000E+00   0.0000E+00
    39     4   1.0349E+12   1.7146E-01   2.5798E-06   1.9319E-01   0.0000E+00   0.0000E+00
    39     5   1.6912E+12   1.6111E-01   3.3503E-06   1.7036E-01   0.0000E+00   0.0000E+00
    39     6   2.8950E+12   1.4450E-01   6.4971E-06   1.8630E-01   0.0000E+00   0.0000E+00
    39     7   5.0005E+12   1.1198E-01   8.1165E-06   2.0414E-01   0.0000E+00   0.0000E+00
    39     8   1.0219E+13   9.2077E-02   1.2211E-05   1.8610E-01   0.0000E+00   0.0000E+00
    39     9   2.2169E+13   7.4150E-02   1.9712E-05   1.3755E-01   0.0000E+00   0.0000E+00
    39    10   4.0181E+13   5.9456E-02   2.2526E-05   1.3885E-01   0.0000E+00   0.0000E+00
    39    11   8.2773E+13   5.1892E-02   2.8860E-05   1.1135E-01   0.0000E+00   0.0000E+00
    39    12   1.7560E+14   4.2807E-02   4.7392E-05   1.0059E-01   0.0000E+00   0.0000E+00
    39    13   3.9932E+14   3.5490E-02   7.1178E-05   9.2017E-02   0.0000E+00   0.0000E+00
    39    14   8.3882E+14   3.0882E-02   9.3170E-05   7.6326E-02   0.0000E+00   0.0000E+00
    39    15   1.5340E+15   2.7537E-02   1.2348E-04   6.7825E-02   0.0000E+00   0.0000E+00
    39    16   2.5861E+15   2.5320E-02   1.6280E-04   6.5554E-02   0.0000E+00   0.0000E+00
    39    17   3.9777E+15   2.4160E-02   1.7735E-04   5.8375E-02   0.0000E+00   0.0000E+00
    39    18   5.5353E+15   2.3405E-02   2.0368E-04   6.2824E-02   0.0000E+00   0.0000E+00
    39    19   7.2148E+15   2.2810E-02   2.2100E-04   5.9409E-02   0.0000E+00   0.0000E+00
    39    20   9.0377E+15   2.2643E-02   2.3589E-04   6.0437E-02   0.0000E+00   0.0000E+00
    39    21   1.1016E+16   2.2585E-02   2.5763E-04   5.6530E-02   0.0000E+00   0.0000E+00
    39    22   1.3378E+16   2.2566E-02   3.1771E-04   6.5124E-02   0.0000E+00   0.0000E+00
    39    23   1.6060E+16   2.2236E-02   3.2573E-04   5.4495E-02   0.0000E+00   0.0000E+00
    39    24   1.9680E+16   2.2349E-02   3.4440E-04   4.5227E-02   0.0000E+00   0.0000E+00
    39    25   2.4973E+16   2.2335E-02   4.0576E-04   4.6836E-02   0.0000E+00   0.0000E+00
    39    26   3.0479E+16   2.2803E-02   4.4284E-04   5.1020E-02   0.0000E+00   0.0000E+00
    39    27   3.4850E+16   2.3189E-02   4.6785E-04   5.2969E-02   0.0000E+00   0.0000E+00
    39    28   3.9479E+16   2.3902E-02   4.8723E-04   4.6596E-02   0.0000E+00   0.0000E+00
    39    29   4.2995E+16   2.4294E-02   5.0309E-04   4.8612E-02   0.0000E+00   0.0000E+00
    39    30   4.7302E+16   2.6236E-02   5.2561E-04   5.0542E-02   0.0000E+00   0.0000E+00
    39    31   5.1519E+16   2.7305E-02   5.1237E-04   4.4095E-02   0.0000E+00   0.0000E+00
    39    32   5.3129E+16   2.5021E-02   5.0419E-04   3.7968E-02   0.0000E+00   0.0000E+00
    39    33   5.5125E+16   2.4894E-02   4.9428E-04   3.9164E-02   0.0000E+00   0.0000E+00
    39    34   5.7378E+16   2.6043E-02   5.1197E-04   5.1049E-02   0.0000E+00   0.0000E+00
    39    35   5.8599E+16   2.6429E-02   4.9764E-04   3.9974E-02   0.0000E+00   0.0000E+00
    39    36   6.0689E+16   2.4915E-02   5.1938E-04   3.9849E-02   0.0000E+00   0.0000E+00
    39    37   6.4315E+16   2.6511E-02   5.2870E-04   3.9022E-02   0.0000E+00   0.0000E+00
    39    38   6.5030E+16   2.5554E-02   5.3385E-04   4.1719E-02   0.0000E+00   0.0000E+00
    39    39   6.5174E+16   2.5680E-02   5.1695E-04   3.9308E-02   0.0000E+00   0.0000E+00
    39    40   6.7974E+16   2.6190E-02   5.1347E-04   3.6514E-02   0.0000E+00   0.0000E+00
    39    41   6.8292E+16   2.5576E-02   4.9966E-04   3.5862E-02   0.0000E+00   0.0000E+00
    39    42   6.8880E+16   2.5538E-02   5.0670E-04   3.5694E-02   0.0000E+00   0.0000E+00
    39    43   7.0273E+16   2.6158E-02   5.1761E-04   3.9098E-02   0.0000E+00   0.0000E+00
    39    44   7.3140E+16   2.7114E-02   5.1032E-04   3.7060E-02   0.0000E+00   0.0000E+00
    39    45   7.5224E+16   3.7932E-02   5.1448E-04   4.4539E-02   0.0000E+00   0.0000E+00
    40     1   2.3601E+11   1.8091E-01   9.5730E-07   1.9072E-01   0.0000E+00   0.0000E+00
    40     2   3.0960E+11   1.9479E-01   1.1288E-06   2.0408E-01   0.0000E+00   0.0000E+00
    40     3   5.4202E+11   1.7667E-01   1.7730E-06   2.1053E-01   0.0000E+00   0.0000E+00
    40     4   1.1959E+12   1.7177E-01   3.5742E-06   2.2352E-01   0.0000E+00   0.0000E+00
    40     5   2.2715E+12   1.6232E-01   6.9128E-06   2.0210E-01   0.0000E+00   0.0000E+00
    40     6   3.3969E+12   1.4718E-01   8.7082E-06   2.3455E-01   0.0000E+00   0.0000E+00
    40     7   5.4004E+12   1.1853E-01   9.8333E-06   1.9656E-01   0.0000E+00   0.0000E+00
    40     8   1.0057E+13   9.1038E-02   1.4373E-05   1.6734E-01   0.0000E+00   0.0000E+00
    40     9   1.7811E+13   7.4648E-02   1.4874E-05   1.6197E-01   0.0000E+00   0.0000E+00
    40    10   3.6220E+13   6.1708E-02   1.9113E-05   1.4081E-01   0.0000E+00   0.0000E+00
    40    11   7.6596E+13   5.1355E-02   3.2777E-05   1.2110E-01   0.0000E+00   0.0000E+00
    40    12   1.6856E+14   4.3437E-02   4.3648E-05   1.0965E-01   0.0000E+00   0.0000E+00
    40    13   3.6744E+14   3.6626E-02   5.8856E-05   8.9159E-02   0.0000E+00   0.0000E+00
    40    14   7.4720E+14   3.1777E-02   8.4712E-05   8.3465E-02   0.0000E+00   0.0000E+00
    40    15   1.3117E+15   2.8666E-02   1.0250E-04   7.6806E-02   0.0000E+00   0.0000E+00
    40    16   2.1575E+15   2.6522E-02   1.2178E-04   7.5463E-02   0.0000E+00   0.0000E+00
    40    17   3.2813E+15   2.5370E-02   1.5096E-04   6.6802E-02   0.0000E+00   0.0000E+00
    40    18   4.5754E+15   2.4526E-02   1.6832E-04   6.3586E-02   0.0000E+00   0.0000E+00
    40    19   6.0206E+15   2.4168E-02   2.0222E-04   7.0839E-02   0.0000E+00   0.0000E+00
    40    20   7.5405E+15   2.4178E-02   2.2010E-04   7.7384E-02   0.0000E+00   0.0000E+00
    40    21   9.1156E+15   2.3738E-02   2.2757E-04   5.6983E-02   0.0000E+00   0.0000E+00
    40    22   1.0920E+16   2.3724E-02   2.4339E-04   5.7241E-02   0.0000E+00   0.0000E+00
    40    23   1.3208E+16   2.3855E-02   2.7301E-04   5.0743E-02   0.0000E+00   0.0000E+00
    40    24   1.6229E+16   2.3432E-02   3.0194E-04   4.8839E-02   0.0000E+00   0.0000E+00
    40    25   2.0496E+16   2.3566E-02   3.3620E-04   4.5188E-02   0.0000E+00   0.0000E+00
    40    26   2.5164E+16   2.4215E-02   3.6283E-04   5.5151E-02   0.0000E+00   0.0000E+00
    40    27   2.9001E+16   2.4462E-02   3.8301E-04   4.8056E-02   0.0000E+00   0.0000E+00
    40    28   3.3152E+16   2.5539E-02   3.7913E-04   4.2931E-02   0.0000E+00   0.0000E+00
    40    29   3.6866E+16   2.6089E-02   4.2892E-04   5.7758E-02   0.0000E+00   0.0000E+00
    40    30   4.1565E+16   2.6530E-02   4.3545E-04   4.4999E-02   0.0000E+00   0.0000E+00
    40    31   4.4260E+16   2.6903E-02   4.7007E-04   4.4368E-02   0.0000E+00   0.0000E+00
    40    32   4.5902E+16   2.7079E-02   4.7062E-04   4.4456E-02   0.0000E+00   0.0000E+00
    40    33   4.8062E+16   2.7799E-02   4.5949E-04   4.5219E-02   0.0000E+00   0.0000E+00
    40    34   5.1330E+16   2.9423E-02   4.6035E-04   4.5060E-02   0.0000E+00   0.0000E+00
    40    35   5.1748E+16   2.6649E-02   4.6845E-04   5.3992E-02   0.0000E+00   0.0000E+00
    40    36   5.3128E+16   2.6810E-02   4.7940E-04   4.9242E-02   0.0000E+00   0.0000E+00
    40    37   5.3316E+16   2.6567E-02   4.8864E-04   5.2031E-02   0.0000E+00   0.0000E+00
    40    38   5.7093E+16   2.7753E-02   4.9491E-04   4.5124E-02   0.0000E+00   0.0000E+00
    40    39   5.6422E+16   2.7431E-02   4.8140E-04   4.4242E-02   0.0000E+00   0.0000E+00
    40    40   5.7147E+16   2.7507E-02   4.7264E-04   3.8995E-02   0.0000E+00   0.0000E+00
    40    41   5.7868E+16   2.9150E-02   4.3854E-04   3.7633E-02   0.0000E+00   0.0000E+00
    40    42   5.7153E+16   2.9848E-02   4.4839E-04   3.9250E-02   0.0000E+00   0.0000E+00
    40    43   5.5718E+16   3.0559E-02   4.3565E-04   3.8985E-02   0.0000E+00   0.0000E+00
    40    44   5.4891E+16   3.1283E-02   4.1718E-04   3.8518E-02   0.0000E+00   0.0000E+00
    40    45   5.5035E+16   3.5435E-02   4.1084E-04   4.0925E-02   0.0000E+00   0.0000E+00
    41     1   4.6726E+11   3.2479E-01   2.4015E-06   4.1194E-01   0.0000E+00   0.0000E+00
    41     2   4.7819E+11   2.8515E-01   2.1637E-06   3.9387E-01   0.0000E+00   0.0000E+00
    41     3   6.8268E+11   2.1596E-01   2.7805E-06   2.9365E-01   0.0000E+00   0.0000E+00
    41     4   9.4800E+11   1.9297E-01   3.5346E-06   3.0464E-01   0.0000E+00   0.0000E+00
    41     5   1.3611E+12   1.4951E-01   3.7808E-06   2.6945E-01   0.0000E+00   0.0000E+00
    41     6   2.6287E+12   1.2444E-01   4.0638E-06   1.6073E-01   0.0000E+00   0.0000E+00
    41     7   4.8221E+12   1.1922E-01   6.7656E-06   1.8484E-01   0.0000E+00   0.0000E+00
    41     8   7.4479E+12   1.0428E-01   8.2022E-06   1.6510E-01   0.0000E+00   0.0000E+00
    41     9   1.4759E+13   7.6729E-02   1.2691E-05   1.3536E-01   0.0000E+00   0.0000E+00
    41    10   3.1582E+13   6.3397E-02   2.0522E-05   1.3708E-01   0.0000E+00   0.0000E+00
    41    11   6.6618E+13   5.2075E-02   2.3663E-05   1.0986E-01   0.0000E+00   0.0000E+00
    41    12   1.4621E+14   4.5182E-02   3.0571E-05   9.1388E-02   0.0000E+00   0.0000E+00
    41    13   3.1410E+14   3.9066E-02   5.2045E-05   8.4871E-02   0.0000E+00   0.0000E+00
    41    14   6.2221E+14   3.4193E-02   7.4743E-05   8.9662E-02   0.0000E+00   0.0000E+00
    41    15   1.1226E+15   3.0559E-02   1.1127E-04   8.4016E-02   0.0000E+00   0.0000E+00
    41    16   1.8301E+15   2.8273E-02   1.2301E-04   6.7913E-02   0.0000E+00   0.0000E+00
    41    17   2.6775E+15   2.7054E-02   1.3432E-04   6.0639E-02   0.0000E+00   0.0000E+00
    41    18   3.6644E+15   2.6217E-02   1.6039E-04   6.1631E-02   0.0000E+00   0.0000E+00
    41    19   4.8059E+15   2.5775E-02   1.8788E-04   6.9232E-02   0.0000E+00   0.0000E+00
    41    20   5.9735E+15   2.5714E-02   1.9386E-04   6.8960E-02   0.0000E+00   0.0000E+00
    41    21   7.3318E+15   2.5519E-02   1.9163E-04   4.9921E-02   0.0000E+00   0.0000E+00
    41    22   8.9785E+15   2.5375E-02   2.1655E-04   6.1543E-02   0.0000E+00   0.0000E+00
    41    23   1.1023E+16   2.5302E-02   2.2751E-04   4.7472E-02   0.0000E+00   0.0000E+00
    41    24   1.3486E+16   2.4969E-02   2.6054E-04   6.6124E-02   0.0000E+00   0.0000E+00
    41    25   1.7169E+16   2.5120E-02   2.8700E-04   5.5559E-02   0.0000E+00   0.0000E+00
    41    26   2.1245E+16   2.5652E-02   2.9815E-04   4.4860E-02   0.0000E+00   0.0000E+00
    41    27   2.4212E+16   2.6250E-02   3.2178E-04   4.6688E-02   0.0000E+00   0.0000E+00
    41    28   2.7944E+16   2.6952E-02   3.3522E-04   4.2203E-02   0.0000E+00   0.0000E+00
    41    29   3.2686E+16   2.7706E-02   3.8324E-04   5.7547E-02   0.0000E+00   0.0000E+00
    41    30   3.4506E+16   2.7906E-02   3.7749E-04   4.4614E-02   0.0000E+00   0.0000E+00
    41    31   3.7808E+16   2.8663E-02   3.9204E-04   4.5677E-02   0.0000E+00   0.0000E+00
    41    32   3.9596E+16   2.8075E-02   3.9570E-04   4.3821E-02   0.0000E+00   0.0000E+00
    41    33   4.1216E+16   2.8712E-02   4.2042E-04   4.5596E-02   0.0000E+00   0.0000E+00
    41    34   3.9918E+16   2.8834E-02   4.1500E-04   5.0350E-02   0.0000E+00   0.0000E+00
    41    35   4.0908E+16   2.8674E-02   4.2986E-04   5.3790E-02   0.0000E+00   0.0000E+00
    41    36   4.2683E+16   3.0363E-02   4.2907E-04   5.3126E-02   0.0000E+00   0.0000E+00
    41    37   4.4254E+16   3.2238E-02   4.5619E-04   5.4601E-02   0.0000E+00   0.0000E+00
    41    38   4.5624E+16   3.1393E-02   4.3381E-04   4.8514E-02   0.0000E+00   0.0000E+00
    41    39   4.5235E+16   3.2171E-02   4.0822E-04   5.1555E-02   0.0000E+00   0.0000E+00
    41    40   4.5723E+16   3.3122E-02   3.9866E-04   4.7588E-02   0.0000E+00   0.0000E+00
    41    41   4.4168E+16   3.2622E-02   3.8863E-04   5.1241E-02   0.0000E+00   0.0000E+00
    41    42   4.4691E+16   3.5534E-02   3.8587E-04   4.3226E-02   0.0000E+00   0.0000E+00
    41    43   4.6740E+16   3.3142E-02   3.6796E-04   3.9227E-02   0.0000E+00   0.0000E+00
    41    44   4.6582E+16   3.2020E-02   3.7598E-04   4.0810E-02   0.0000E+00   0.0000E+00
    41    45   4.5205E+16   3.4710E-02   3.8667E-04   5.3542E-02   0.0000E+00   0.0000E+00
    42     1   3.4322E+11   2.2775E-01   1.3864E-06   2.2580E-01   0.0000E+00   0.0000E+00
    42     2   3.3400E+11   2.5527E-01   1.1535E-06   2.4218E-01   0.0000E+00   0.0000E+00
    42     3   4.8541E+11   2.6067E-01   2.0945E-06   3.0302E-01   0.0000E+00   0.0000E+00
    42     4   8.2610E+11   2.0198E-01   2.8896E-06   2.1609E-01   0.0000E+00   0.0000E+00
    42     5   1.3545E+12   1.7807E-01   3.1537E-06   2.0134E-01   0.0000E+00   0.0000E+00
    42     6   2.1923E+12   1.5020E-01   3.6577E-06   2.0694E-01   0.0000E+00   0.0000E+00
    42     7   3.4658E+12   1.2441E-01   4.8031E-06   2.0602E-01   0.0000E+00   0.0000E+00
    42     8   7.5566E+12   1.0099E-01   7.7689E-06   1.6242E-01   0.0000E+00   0.0000E+00
    42     9   1.5903E+13   8.3408E-02   1.5004E-05   1.5226E-01   0.0000E+00   0.0000E+00
    42    10   3.1497E+13   6.5693E-02   1.7557E-05   1.4088E-01   0.0000E+00   0.0000E+00
    42    11   6.3889E+13   5.4321E-02   2.1940E-05   1.2795E-01   0.0000E+00   0.0000E+00
    42    12   1.3751E+14   4.7036E-02   3.5549E-05   1.1850E-01   0.0000E+00   0.0000E+00
    42    13   2.8448E+14   4.1195E-02   5.3024E-05   9.4121E-02   0.0000E+00   0.0000E+00
    42    14   5.3628E+14   3.6845E-02   6.8590E-05   8.9176E-02   0.0000E+00   0.0000E+00
    42    15   9.2640E+14   3.2954E-02   9.0166E-05   8.4763E-02   0.0000E+00   0.0000E+00
    42    16   1.4474E+15   3.0668E-02   1.0105E-04   7.1146E-02   0.0000E+00   0.0000E+00
    42    17   2.1084E+15   2.9475E-02   1.1696E-04   8.2766E-02   0.0000E+00   0.0000E+00
    42    18   2.9477E+15   2.8515E-02   1.4276E-04   9.6076E-02   0.0000E+00   0.0000E+00
    42    19   3.9162E+15   2.7893E-02   1.5475E-04   7.3055E-02   0.0000E+00   0.0000E+00
    42    20   4.9485E+15   2.7652E-02   1.6836E-04   6.1363E-02   0.0000E+00   0.0000E+00
    42    21   5.9485E+15   2.7414E-02   1.8715E-04   8.5603E-02   0.0000E+00   0.0000E+00
    42    22   7.2384E+15   2.7172E-02   1.9791E-04   7.8241E-02   0.0000E+00   0.0000E+00
    42    23   8.7163E+15   2.7401E-02   2.1991E-04   8.5388E-02   0.0000E+00   0.0000E+00
    42    24   1.1007E+16   2.7497E-02   2.3362E-04   6.6924E-02   0.0000E+00   0.0000E+00
    42    25   1.3933E+16   2.7347E-02   2.5506E-04   5.3922E-02   0.0000E+00   0.0000E+00
    42    26   1.6738E+16   2.8251E-02   2.8445E-04   6.9437E-02   0.0000E+00   0.0000E+00
    42    27   1.9443E+16   2.8742E-02   2.8055E-04   5.4646E-02   0.0000E+00   0.0000E+00
    42    28   2.2308E+16   2.9481E-02   3.0124E-04   4.9583E-02   0.0000E+00   0.0000E+00
    42    29   2.5367E+16   3.0588E-02   3.2444E-04   4.6464E-02   0.0000E+00   0.0000E+00
    42    30   2.6664E+16   3.0539E-02   3.6852E-04   5.9685E-02   0.0000E+00   0.0000E+00
    42    31   2.8522E+16   3.2857E-02   3.4073E-04   4.8801E-02   0.0000E+00   0.0000E+00
    42    32   3.0042E+16   3.2176E-02   3.5395E-04   5.0146E-02   0.0000E+00   0.0000E+00
    42    33   3.1575E+16   3.1947E-02   3.5512E-04   4.5699E-02   0.0000E+00   0.0000E+00
    42    34   3.3190E+16   3.1710E-02   3.5208E-04   5.2468E-02   0.0000E+00   0.0000E+00
    42    35   3.5547E+16   3.5002E-02   3.9770E-04   7.9570E-02   0.0000E+00   0.0000E+00
    42    36   3.5933E+16   3.3939E-02   3.3108E-04   4.5088E-02   0.0000E+00   0.0000E+00
    42    37   3.7781E+16   3.5460E-02   3.4749E-04   4.4414E-02   0.0000E+00   0.0000E+00
    42    38   3.7047E+16   3.4339E-02   3.5488E-04   4.6096E-02   0.0000E+00   0.0000E+00
    42    39   3.7110E+16   3.4721E-02   3.7176E-04   5.1957E-02   0.0000E+00   0.0000E+00
    42    40   3.8205E+16   3.4162E-02   3.6365E-04   4.4990E-02   0.0000E+00   0.0000E+00
    42    41   3.8591E+16   3.3580E-02   3.6093E-04   5.2393E-02   0.0000E+00   0.0000E+00
    42    42   3.9857E+16   3.5602E-02   3.7191E-04   4.7538E-02   0.0000E+00   0.0000E+00
    42    43   3.9225E+16   3.5160E-02   3.7263E-04   4.8026E-02   0.0000E+00   0.0000E+00
    42    44   3.8568E+16   3.7846E-02   3.7442E-04   4.8909E-02   0.0000E+00   0.0000E+00
    42    45   3.9185E+16   4.4282E-02   3.5880E-04   5.3636E-02   0.0000E+00   0.0000E+00
    43     1   2.1268E+11   1.8899E-01   8.0354E-07   2.2429E-01   0.0000E+00   0.0000E+00
    43     2   3.2311E+11   2.2019E-01   1.5825E-06   2.7945E-01   0.0000E+00   0.0000E+00
    43     3   4.2339E+11   1.9362E-01   1.7734E-06   2.3510E-01   0.0000E+00   0.0000E+00
    43     4   6.9144E+11   1.7697E-01   2.5674E-06   2.4304E-01   0.0000E+00   0.0000E+00
    43     5   1.2409E+12   1.4994E-01   3.0415E-06   2.2594E-01   0.0000E+00   0.0000E+00
    43     6   1.9149E+12   1.5021E-01   3.7868E-06   2.4857E-01   0.0000E+00   0.0000E+00
    43     7   3.9101E+12   1.1612E-01   6.4823E-06   1.8835E-01   0.0000E+00   0.0000E+00
    43     8   7.9031E+12   9.5750E-02   1.0773E-05   1.7556E-01   0.0000E+00   0.0000E+00
    43     9   1.4172E+13   7.9917E-02   1.1553E-05   1.5841E-01   0.0000E+00   0.0000E+00
    43    10   2.7166E+13   6.4992E-02   1.4693E-05   1.4397E-01   0.0000E+00   0.0000E+00
    43    11   5.7778E+13   5.5563E-02   2.2873E-05   1.3297E-01   0.0000E+00   0.0000E+00
    43    12   1.1517E+14   5.0025E-02   2.8004E-05   1.0917E-01   0.0000E+00   0.0000E+00
    43    13   2.3211E+14   4.4295E-02   4.0987E-05   1.1206E-01   0.0000E+00   0.0000E+00
    43    14   4.1456E+14   4.0154E-02   5.2088E-05   9.6449E-02   0.0000E+00   0.0000E+00
    43    15   6.7856E+14   3.7178E-02   6.6775E-05   8.5968E-02   0.0000E+00   0.0000E+00
    43    16   1.0606E+15   3.4835E-02   7.1332E-05   7.2786E-02   0.0000E+00   0.0000E+00
    43    17   1.5592E+15   3.2949E-02   8.8423E-05   7.5817E-02   0.0000E+00   0.0000E+00
    43    18   2.1640E+15   3.2706E-02   1.1737E-04   8.3243E-02   0.0000E+00   0.0000E+00
    43    19   2.6994E+15   3.2127E-02   1.2638E-04   8.7070E-02   0.0000E+00   0.0000E+00
    43    20   3.4105E+15   3.2103E-02   1.4775E-04   1.0524E-01   0.0000E+00   0.0000E+00
    43    21   4.2131E+15   3.2307E-02   1.5219E-04   7.5332E-02   0.0000E+00   0.0000E+00
    43    22   5.1022E+15   3.1178E-02   1.6916E-04   7.6463E-02   0.0000E+00   0.0000E+00
    43    23   6.3761E+15   3.1160E-02   1.8649E-04   7.4580E-02   0.0000E+00   0.0000E+00
    43    24   7.9946E+15   3.1527E-02   1.9909E-04   7.8910E-02   0.0000E+00   0.0000E+00
    43    25   1.0214E+16   3.1460E-02   2.0381E-04   5.1571E-02   0.0000E+00   0.0000E+00
    43    26   1.2947E+16   3.2707E-02   2.2433E-04   5.3913E-02   0.0000E+00   0.0000E+00
    43    27   1.5042E+16   3.3551E-02   2.4601E-04   5.1537E-02   0.0000E+00   0.0000E+00
    43    28   1.7150E+16   3.4685E-02   2.6799E-04   5.6425E-02   0.0000E+00   0.0000E+00
    43    29   1.9296E+16   3.4658E-02   2.6575E-04   5.1682E-02   0.0000E+00   0.0000E+00
    43    30   2.2128E+16   3.5474E-02   3.0122E-04   5.2407E-02   0.0000E+00   0.0000E+00
    43    31   2.4593E+16   3.6250E-02   3.1545E-04   6.3005E-02   0.0000E+00   0.0000E+00
    43    32   2.5437E+16   3.6438E-02   3.2816E-04   6.0106E-02   0.0000E+00   0.0000E+00
    43    33   2.7529E+16   3.6232E-02   3.2384E-04   7.1999E-02   0.0000E+00   0.0000E+00
    43    34   2.9024E+16   3.8775E-02   3.3431E-04   6.4529E-02   0.0000E+00   0.0000E+00
    43    35   2.8437E+16   3.8211E-02   3.2488E-04   6.2072E-02   0.0000E+00   0.0000E+00
    43    36   2.8458E+16   3.8271E-02   3.2677E-04   5.9490E-02   0.0000E+00   0.0000E+00
    43    37   2.8470E+16   3.9164E-02   3.2055E-04   5.6537E-02   0.0000E+00   0.0000E+00
    43    38   2.8677E+16   3.8808E-02   3.1852E-04   4.9309E-02   0.0000E+00   0.0000E+00
    43    39   3.0667E+16   3.8867E-02   3.2380E-04   4.8881E-02   0.0000E+00   0.0000E+00
    43    40   3.2250E+16   3.9350E-02   3.4066E-04   4.6444E-02   0.0000E+00   0.0000E+00
    43    41   3.1634E+16   4.0762E-02   3.4319E-04   5.2123E-02   0.0000E+00   0.0000E+00
    43    42   3.2008E+16   4.0916E-02   3.4356E-04   5.2032E-02   0.0000E+00   0.0000E+00
    43    43   3.0412E+16   4.1003E-02   3.2681E-04   4.9970E-02   0.0000E+00   0.0000E+00
    43    44   3.2227E+16   4.8601E-02   3.4733E-04   5.7646E-02   0.0000E+00   0.0000E+00
    43    45   3.0445E+16   5.6023E-02   3.1873E-04   5.2593E-02   0.0000E+00   0.0000E+00
    44     1   1.7988E+11   1.9146E-01   7.2400E-07   2.4892E-01   0.0000E+00   0.0000E+00
    44     2   2.1864E+11   1.8037E-01   8.5851E-07   2.3258E-01   0.0000E+00   0.0000E+00
    44     3   4.0192E+11   1.6611E-01   1.6648E-06   2.3761E-01   0.0000E+00   0.0000E+00
    44     4   6.6313E+11   1.6023E-01   2.2738E-06   2.4276E-01   0.0000E+00   0.0000E+00
    44     5   1.0006E+12   1.4427E-01   2.6256E-06   2.2053E-01   0.0000E+00   0.0000E+00
    44     6   1.6885E+12   1.4446E-01   4.0171E-06   2.3285E-01   0.0000E+00   0.0000E+00
    44     7   3.3601E+12   1.2090E-01   5.4645E-06   1.7065E-01   0.0000E+00   0.0000E+00
    44     8   6.0919E+12   1.0098E-01   6.9757E-06   1.5320E-01   0.0000E+00   0.0000E+00
    44     9   1.0682E+13   8.6338E-02   8.7646E-06   1.3884E-01   0.0000E+00   0.0000E+00
    44    10   2.2143E+13   7.2695E-02   1.4276E-05   1.3813E-01   0.0000E+00   0.0000E+00
    44    11   4.4463E+13   6.1249E-02   1.6872E-05   1.1765E-01   0.0000E+00   0.0000E+00
    44    12   8.8997E+13   5.3266E-02   2.2740E-05   1.2182E-01   0.0000E+00   0.0000E+00
    44    13   1.7515E+14   4.8174E-02   2.8718E-05   1.0489E-01   0.0000E+00   0.0000E+00
    44    14   3.1383E+14   4.4920E-02   3.9650E-05   1.0001E-01   0.0000E+00   0.0000E+00
    44    15   5.1701E+14   4.1260E-02   5.3599E-05   8.8148E-02   0.0000E+00   0.0000E+00
    44    16   8.2034E+14   3.8064E-02   6.5001E-05   7.2889E-02   0.0000E+00   0.0000E+00
    44    17   1.1803E+15   3.6063E-02   8.5799E-05   8.9022E-02   0.0000E+00   0.0000E+00
    44    18   1.6377E+15   3.4653E-02   9.7711E-05   7.7096E-02   0.0000E+00   0.0000E+00
    44    19   2.1619E+15   3.3682E-02   1.0511E-04   6.9998E-02   0.0000E+00   0.0000E+00
    44    20   2.7877E+15   3.5255E-02   1.2879E-04   7.8911E-02   0.0000E+00   0.0000E+00
    44    21   3.3361E+15   3.3246E-02   1.4377E-04   8.4652E-02   0.0000E+00   0.0000E+00
    44    22   4.0785E+15   3.4532E-02   1.4374E-04   7.1399E-02   0.0000E+00   0.0000E+00
    44    23   4.9507E+15   3.3765E-02   1.5121E-04   6.3636E-02   0.0000E+00   0.0000E+00
    44    24   6.1407E+15   3.3896E-02   1.7461E-04   9.3261E-02   0.0000E+00   0.0000E+00
    44    25   7.7791E+15   3.4193E-02   1.6946E-04   5.5847E-02   0.0000E+00   0.0000E+00
    44    26   9.8592E+15   3.5317E-02   1.9944E-04   6.2200E-02   0.0000E+00   0.0000E+00
    44    27   1.1890E+16   3.6891E-02   1.9372E-04   5.7735E-02   0.0000E+00   0.0000E+00
    44    28   1.4550E+16   3.8175E-02   2.1940E-04   5.7276E-02   0.0000E+00   0.0000E+00
    44    29   1.6789E+16   3.8343E-02   2.4018E-04   5.5994E-02   0.0000E+00   0.0000E+00
    44    30   1.8483E+16   4.0454E-02   2.4042E-04   7.7904E-02   0.0000E+00   0.0000E+00
    44    31   1.9140E+16   4.0994E-02   2.2532E-04   4.9779E-02   0.0000E+00   0.0000E+00
    44    32   2.0076E+16   4.0359E-02   2.7560E-04   9.2641E-02   0.0000E+00   0.0000E+00
    44    33   2.1102E+16   4.2022E-02   2.7066E-04   6.3567E-02   0.0000E+00   0.0000E+00
    44    34   2.1491E+16   4.1962E-02   2.9002E-04   6.6114E-02   0.0000E+00   0.0000E+00
    44    35   2.2646E+16   4.1903E-02   2.9141E-04   5.8936E-02   0.0000E+00   0.0000E+00
    44    36   2.3685E+16   4.3118E-02   3.1065E-04   6.9556E-02   0.0000E+00   0.0000E+00
    44    37   2.4597E+16   4.2545E-02   2.9194E-04   5.5699E-02   0.0000E+00   0.0000E+00
    44    38   2.5407E+16   4.2913E-02   2.9370E-04   5.2572E-02   0.0000E+00   0.0000E+00
    44    39   2.4868E+16   4.5218E-02   2.8794E-04   5.0968E-02   0.0000E+00   0.0000E+00
    44    40   2.5048E+16   4.6187E-02   3.0541E-04   5.6401E-02   0.0000E+00   0.0000E+00
    44    41   2.4357E+16   4.6724E-02   3.0178E-04   5.1504E-02   0.0000E+00   0.0000E+00
    44    42   2.3026E+16   4.7261E-02   2.9075E-04   4.8133E-02   0.0000E+00   0.0000E+00
    44    43   2.4302E+16   5.4948E-02   3.0335E-04   5.4058E-02   0.0000E+00   0.0000E+00
    44    44   2.4294E+16   5.2214E-02   2.9530E-04   5.6036E-02   0.0000E+00   0.0000E+00
    44    45   2.4955E+16   8.1883E-02   3.0137E-04   8.7076E-02   0.0000E+00   0.0000E+00
    45     1   1.7604E+11   2.7339E-01   9.2419E-07   4.6215E-01   0.0000E+00   0.0000E+00
    45     2   1.8195E+11   1.9194E-01   8.6820E-07   3.2659E-01   0.0000E+00   0.0000E+00
    45     3   2.9021E+11   1.5059E-01   1.1963E-06   2.1171E-01   0.0000E+00   0.0000E+00
    45     4   5.7887E+11   1.4877E-01   1.8835E-06   2.1653E-01   0.0000E+00   0.0000E+00
    45     5   1.1352E+12   1.5784E-01   2.9015E-06   2.0550E-01   0.0000E+00   0.0000E+00
    45     6   1.9138E+12   1.5589E-01   3.8700E-06   2.0247E-01   0.0000E+00   0.0000E+00
    45     7   3.0651E+12   1.2722E-01   4.5468E-06   1.7064E-01   0.0000E+00   0.0000E+00
    45     8   4.6521E+12   1.0762E-01   5.5766E-06   1.6459E-01   0.0000E+00   0.0000E+00
    45     9   1.0671E+13   8.7603E-02   1.1275E-05   1.5133E-01   0.0000E+00   0.0000E+00
    45    10   1.9510E+13   7.3564E-02   1.1387E-05   1.6082E-01   0.0000E+00   0.0000E+00
    45    11   3.4378E+13   6.2037E-02   1.2191E-05   1.5329E-01   0.0000E+00   0.0000E+00
    45    12   7.6294E+13   5.4772E-02   1.9277E-05   1.5173E-01   0.0000E+00   0.0000E+00
    45    13   1.6184E+14   4.9514E-02   2.8399E-05   1.2478E-01   0.0000E+00   0.0000E+00
    45    14   3.0185E+14   4.4853E-02   3.9894E-05   1.0058E-01   0.0000E+00   0.0000E+00
    45    15   4.9353E+14   4.1092E-02   5.1408E-05   9.6940E-02   0.0000E+00   0.0000E+00
    45    16   7.4418E+14   3.8813E-02   6.6070E-05   8.8513E-02   0.0000E+00   0.0000E+00
    45    17   1.0372E+15   3.7904E-02   7.2390E-05   8.1348E-02   0.0000E+00   0.0000E+00
    45    18   1.3397E+15   3.6505E-02   8.4175E-05   7.6350E-02   0.0000E+00   0.0000E+00
    45    19   1.7413E+15   3.6156E-02   9.9396E-05   9.7844E-02   0.0000E+00   0.0000E+00
    45    20   2.1590E+15   3.6024E-02   1.0604E-04   9.3624E-02   0.0000E+00   0.0000E+00
    45    21   2.6276E+15   3.5832E-02   1.0714E-04   7.4889E-02   0.0000E+00   0.0000E+00
    45    22   3.2180E+15   3.5517E-02   1.3894E-04   8.7736E-02   0.0000E+00   0.0000E+00
    45    23   3.8345E+15   3.5505E-02   1.3683E-04   6.7493E-02   0.0000E+00   0.0000E+00
    45    24   4.9329E+15   3.5700E-02   1.4465E-04   6.3277E-02   0.0000E+00   0.0000E+00
    45    25   6.5582E+15   3.6768E-02   1.7326E-04   8.8829E-02   0.0000E+00   0.0000E+00
    45    26   8.0234E+15   3.8286E-02   1.7038E-04   6.3385E-02   0.0000E+00   0.0000E+00
    45    27   9.2463E+15   3.9465E-02   1.7868E-04   6.5929E-02   0.0000E+00   0.0000E+00
    45    28   1.1247E+16   4.0747E-02   1.9444E-04   6.1601E-02   0.0000E+00   0.0000E+00
    45    29   1.3084E+16   4.2417E-02   2.0654E-04   6.1743E-02   0.0000E+00   0.0000E+00
    45    30   1.4464E+16   4.4967E-02   2.1502E-04   8.5437E-02   0.0000E+00   0.0000E+00
    45    31   1.5387E+16   4.4615E-02   2.1410E-04   5.6486E-02   0.0000E+00   0.0000E+00
    45    32   1.6949E+16   4.3207E-02   2.4849E-04   6.8489E-02   0.0000E+00   0.0000E+00
    45    33   1.7544E+16   4.3772E-02   2.6552E-04   6.7709E-02   0.0000E+00   0.0000E+00
    45    34   1.8964E+16   4.7322E-02   2.6212E-04   6.6414E-02   0.0000E+00   0.0000E+00
    45    35   1.9504E+16   4.3132E-02   2.5683E-04   5.0905E-02   0.0000E+00   0.0000E+00
    45    36   1.9695E+16   4.5535E-02   2.4629E-04   5.6002E-02   0.0000E+00   0.0000E+00
    45    37   2.1092E+16   5.0958E-02   2.6989E-04   6.0163E-02   0.0000E+00   0.0000E+00
    45    38   1.9329E+16   4.9336E-02   2.8742E-04   6.8649E-02   0.0000E+00   0.0000E+00
    45    39   2.0969E+16   5.1846E-02   2.6599E-04   5.4891E-02   0.0000E+00   0.0000E+00
    45    40   1.9838E+16   4.9050E-02   2.4076E-04   5.6769E-02   0.0000E+00   0.0000E+00
    45    41   1.8963E+16   4.8267E-02   2.4449E-04   5.0016E-02   0.0000E+00   0.0000E+00
    45    42   1.9196E+16   5.1674E-02   2.4590E-04   5.0019E-02   0.0000E+00   0.0000E+00
    45    43   2.2079E+16   5.6720E-02   2.6291E-04   5.0478E-02   0.0000E+00   0.0000E+00
    45    44   2.1534E+16   5.4388E-02   2.8833E-04   5.6329E-02   0.0000E+00   0.0000E+00
    45    45   2.0610E+16   6.6551E-02   2.5551E-04   5.5459E-02   0.0000E+00   0.0000E+00
    46     1   1.3680E+11   2.1420E-01   6.0156E-07   3.4601E-01   0.0000E+00   0.0000E+00
    46     2   1.4456E+11   1.6241E-01   5.2436E-07   1.7270E-01   0.0000E+00   0.0000E+00
    46     3   3.2425E+11   1.7362E-01   1.2764E-06   2.1553E-01   0.0000E+00   0.0000E+00
    46     4   4.6373E+11   1.8554E-01   1.5187E-06   2.0092E-01   0.0000E+00   0.0000E+00
    46     5   7.0513E+11   1.6421E-01   2.2149E-06   2.9012E-01   0.0000E+00   0.0000E+00
    46     6   1.6059E+12   1.3911E-01   3.3103E-06   2.3248E-01   0.0000E+00   0.0000E+00
    46     7   2.7238E+12   1.2756E-01   4.6505E-06   2.4406E-01   0.0000E+00   0.0000E+00
    46     8   4.8074E+12   1.0650E-01   6.3121E-06   1.6176E-01   0.0000E+00   0.0000E+00
    46     9   8.0440E+12   8.2142E-02   6.6263E-06   1.3866E-01   0.0000E+00   0.0000E+00
    46    10   1.6118E+13   7.5150E-02   7.8242E-06   1.7252E-01   0.0000E+00   0.0000E+00
    46    11   3.7017E+13   6.2642E-02   1.3297E-05   1.7350E-01   0.0000E+00   0.0000E+00
    46    12   7.8080E+13   5.4650E-02   1.7786E-05   1.1602E-01   0.0000E+00   0.0000E+00
    46    13   1.5531E+14   4.9579E-02   2.7926E-05   1.0755E-01   0.0000E+00   0.0000E+00
    46    14   2.7048E+14   4.6476E-02   3.4318E-05   1.0366E-01   0.0000E+00   0.0000E+00
    46    15   4.2280E+14   4.4494E-02   4.4052E-05   9.3798E-02   0.0000E+00   0.0000E+00
    46    16   6.0768E+14   4.2972E-02   8.1895E-05   2.7749E-01   0.0000E+00   0.0000E+00
    46    17   8.5702E+14   4.0736E-02   8.6467E-05   1.9863E-01   0.0000E+00   0.0000E+00
    46    18   1.1419E+15   3.9033E-02   7.8723E-05   8.6058E-02   0.0000E+00   0.0000E+00
    46    19   1.4210E+15   3.8409E-02   7.9935E-05   8.0073E-02   0.0000E+00   0.0000E+00
    46    20   1.7088E+15   3.8790E-02   9.4884E-05   1.1200E-01   0.0000E+00   0.0000E+00
    46    21   2.0976E+15   3.9815E-02   9.7247E-05   8.9749E-02   0.0000E+00   0.0000E+00
    46    22   2.6111E+15   3.8450E-02   1.1120E-04   8.5279E-02   0.0000E+00   0.0000E+00
    46    23   3.1395E+15   3.8468E-02   1.1729E-04   9.2727E-02   0.0000E+00   0.0000E+00
    46    24   3.9294E+15   3.8790E-02   1.2638E-04   8.8978E-02   0.0000E+00   0.0000E+00
    46    25   4.9538E+15   3.9819E-02   1.4918E-04   8.2249E-02   0.0000E+00   0.0000E+00
    46    26   6.2644E+15   4.1392E-02   1.5528E-04   7.0935E-02   0.0000E+00   0.0000E+00
    46    27   7.7828E+15   4.4037E-02   1.6891E-04   5.9912E-02   0.0000E+00   0.0000E+00
    46    28   9.1254E+15   4.3748E-02   1.7529E-04   5.5835E-02   0.0000E+00   0.0000E+00
    46    29   1.0992E+16   4.5017E-02   2.0962E-04   5.9879E-02   0.0000E+00   0.0000E+00
    46    30   1.1647E+16   4.7838E-02   1.9452E-04   5.4347E-02   0.0000E+00   0.0000E+00
    46    31   1.3184E+16   5.1179E-02   2.2847E-04   6.9203E-02   0.0000E+00   0.0000E+00
    46    32   1.3463E+16   5.2149E-02   2.0846E-04   5.0682E-02   0.0000E+00   0.0000E+00
    46    33   1.4803E+16   4.9063E-02   2.3189E-04   5.2273E-02   0.0000E+00   0.0000E+00
    46    34   1.5304E+16   4.9825E-02   2.5372E-04   6.7592E-02   0.0000E+00   0.0000E+00
    46    35   1.5204E+16   5.1282E-02   2.3777E-04   6.1895E-02   0.0000E+00   0.0000E+00
    46    36   1.6553E+16   5.6128E-02   2.4104E-04   6.0609E-02   0.0000E+00   0.0000E+00
    46    37   1.6445E+16   5.4598E-02   2.3038E-04   5.7863E-02   0.0000E+00   0.0000E+00
    46    38   1.6524E+16   5.3872E-02   2.3046E-04   6.1320E-02   0.0000E+00   0.0000E+00
    46    39   1.6063E+16   5.4543E-02   2.3141E-04   5.9334E-02   0.0000E+00   0.0000E+00
    46    40   1.6899E+16   5.3540E-02   2.3751E-04   5.7697E-02   0.0000E+00   0.0000E+00
    46    41   1.8146E+16   5.9669E-02   2.4598E-04   6.8979E-02   0.0000E+00   0.0000E+00
    46    42   1.8408E+16   5.7395E-02   2.2927E-04   5.3781E-02   0.0000E+00   0.0000E+00
    46    43   1.8656E+16   5.9298E-02   2.1723E-04   4.9888E-02   0.0000E+00   0.0000E+00
    46    44   1.6469E+16   6.4381E-02   2.0656E-04   5.8897E-02   0.0000E+00   0.0000E+00
    46    45   2.1488E+16   2.7401E-01   2.1762E-04   7.3657E-02   0.0000E+00   0.0000E+00
    47     1   1.0054E+11   1.8958E-01   4.7964E-07   2.1347E-01   0.0000E+00   0.0000E+00
    47     2   1.9187E+11   1.7587E-01   8.2159E-07   2.3202E-01   0.0000E+00   0.0000E+00
    47     3   2.4419E+11   2.0504E-01   1.0372E-06   2.4117E-01   0.0000E+00   0.0000E+00
    47     4   3.8545E+11   1.8390E-01   1.3959E-06   2.4297E-01   0.0000E+00   0.0000E+00
    47     5   8.4870E+11   1.6357E-01   2.8266E-06   2.6794E-01   0.0000E+00   0.0000E+00
    47     6   1.2123E+12   1.2503E-01   2.3953E-06   1.8009E-01   0.0000E+00   0.0000E+00
    47     7   2.0955E+12   1.0902E-01   3.3078E-06   1.9084E-01   0.0000E+00   0.0000E+00
    47     8   4.3320E+12   1.0372E-01   4.6758E-06   1.6793E-01   0.0000E+00   0.0000E+00
    47     9   8.4949E+12   8.9417E-02   6.6775E-06   1.9195E-01   0.0000E+00   0.0000E+00
    47    10   1.7338E+13   7.4875E-02   7.9285E-06   1.7436E-01   0.0000E+00   0.0000E+00
    47    11   3.4263E+13   6.4966E-02   1.1712E-05   1.8039E-01   0.0000E+00   0.0000E+00
    47    12   7.1082E+13   5.7581E-02   1.6197E-05   1.2881E-01   0.0000E+00   0.0000E+00
    47    13   1.3900E+14   5.1642E-02   2.6929E-05   1.1369E-01   0.0000E+00   0.0000E+00
    47    14   2.3725E+14   4.8309E-02   3.4400E-05   1.0235E-01   0.0000E+00   0.0000E+00
    47    15   3.8165E+14   4.5299E-02   4.1323E-05   9.0221E-02   0.0000E+00   0.0000E+00
    47    16   5.5355E+14   4.3257E-02   5.0193E-05   8.9215E-02   0.0000E+00   0.0000E+00
    47    17   7.6060E+14   4.2038E-02   6.8838E-05   1.3062E-01   0.0000E+00   0.0000E+00
    47    18   9.4722E+14   4.1187E-02   7.5632E-05   1.3413E-01   0.0000E+00   0.0000E+00
    47    19   1.1595E+15   4.1354E-02   7.6841E-05   8.9339E-02   0.0000E+00   0.0000E+00
    47    20   1.4083E+15   4.0924E-02   8.0870E-05   9.1842E-02   0.0000E+00   0.0000E+00
    47    21   1.7173E+15   4.0865E-02   8.0352E-05   6.8131E-02   0.0000E+00   0.0000E+00
    47    22   2.0673E+15   4.0623E-02   8.6731E-05   6.6307E-02   0.0000E+00   0.0000E+00
    47    23   2.5346E+15   4.0639E-02   9.9001E-05   7.0990E-02   0.0000E+00   0.0000E+00
    47    24   3.1048E+15   4.2139E-02   1.1777E-04   9.2559E-02   0.0000E+00   0.0000E+00
    47    25   4.0331E+15   4.2066E-02   1.2452E-04   6.7874E-02   0.0000E+00   0.0000E+00
    47    26   5.0892E+15   4.4499E-02   1.4018E-04   6.4800E-02   0.0000E+00   0.0000E+00
    47    27   5.9694E+15   4.7998E-02   1.5225E-04   7.2130E-02   0.0000E+00   0.0000E+00
    47    28   6.8939E+15   4.9855E-02   1.5574E-04   5.9435E-02   0.0000E+00   0.0000E+00
    47    29   7.7899E+15   5.0399E-02   1.7113E-04   6.2994E-02   0.0000E+00   0.0000E+00
    47    30   9.8528E+15   5.3743E-02   1.9211E-04   6.6834E-02   0.0000E+00   0.0000E+00
    47    31   1.0878E+16   5.4758E-02   1.8122E-04   5.6695E-02   0.0000E+00   0.0000E+00
    47    32   1.1972E+16   5.5594E-02   2.0053E-04   6.9070E-02   0.0000E+00   0.0000E+00
    47    33   1.1876E+16   5.5416E-02   2.0081E-04   7.1369E-02   0.0000E+00   0.0000E+00
    47    34   1.1496E+16   5.7236E-02   2.0255E-04   6.3755E-02   0.0000E+00   0.0000E+00
    47    35   1.3524E+16   6.0906E-02   2.2825E-04   7.0165E-02   0.0000E+00   0.0000E+00
    47    36   1.3463E+16   5.6607E-02   2.1903E-04   5.7549E-02   0.0000E+00   0.0000E+00
    47    37   1.4710E+16   5.7654E-02   2.3713E-04   5.7948E-02   0.0000E+00   0.0000E+00
    47    38   1.4011E+16   5.9924E-02   2.2128E-04   6.3119E-02   0.0000E+00   0.0000E+00
    47    39   1.4246E+16   6.1205E-02   2.2488E-04   6.2558E-02   0.0000E+00   0.0000E+00
    47    40   1.5575E+16   6.4601E-02   2.0872E-04   6.4578E-02   0.0000E+00   0.0000E+00
    47    41   1.5547E+16   6.4437E-02   1.9560E-04   5.5245E-02   0.0000E+00   0.0000E+00
    47    42   1.2499E+16   6.2927E-02   1.9611E-04   6.6454E-02   0.0000E+00   0.0000E+00
    47    43   1.3681E+16   6.3446E-02   2.0619E-04   5.3558E-02   0.0000E+00   0.0000E+00
    47    44   1.5472E+16   6.7038E-02   2.0298E-04   5.0286E-02   0.0000E+00   0.0000E+00
    47    45   1.7922E+16   1.3803E-01   2.0907E-04   6.6806E-02   0.0000E+00   0.0000E+00
    48     1   9.1751E+10   1.5602E-01   3.5864E-07   1.7056E-01   0.0000E+00   0.0000E+00
    48     2   1.8167E+11   1.9248E-01   7.8594E-07   2.1853E-01   0.0000E+00   0.0000E+00
    48     3   2.4042E+11   2.1300E-01   1.0037E-06   2.9902E-01   0.0000E+00   0.0000E+00
    48     4   3.7985E+11   1.6347E-01   1.5468E-06   2.4501E-01   0.0000E+00   0.0000E+00
    48     5   5.9421E+11   1.8411E-01   1.8276E-06   3.3050E-01   0.0000E+00   0.0000E+00
    48     6   1.1777E+12   1.5857E-01   3.8362E-06   3.0562E-01   0.0000E+00   0.0000E+00
    48     7   2.2655E+12   1.3472E-01   4.1325E-06   2.5504E-01   0.0000E+00   0.0000E+00
    48     8   4.1649E+12   1.0161E-01   5.0506E-06   2.4000E-01   0.0000E+00   0.0000E+00
    48     9   7.8643E+12   8.5653E-02   5.1289E-06   2.0764E-01   0.0000E+00   0.0000E+00
    48    10   1.4805E+13   7.4348E-02   7.2216E-06   1.8833E-01   0.0000E+00   0.0000E+00
    48    11   2.9773E+13   6.6267E-02   1.0882E-05   1.7856E-01   0.0000E+00   0.0000E+00
    48    12   6.1562E+13   5.9237E-02   1.5614E-05   1.3771E-01   0.0000E+00   0.0000E+00
    48    13   1.1879E+14   5.4340E-02   1.9194E-05   1.1398E-01   0.0000E+00   0.0000E+00
    48    14   2.1770E+14   4.9437E-02   2.8145E-05   1.2356E-01   0.0000E+00   0.0000E+00
    48    15   3.4556E+14   4.7288E-02   3.4318E-05   9.2508E-02   0.0000E+00   0.0000E+00
    48    16   5.0506E+14   4.4154E-02   4.3535E-05   8.4660E-02   0.0000E+00   0.0000E+00
    48    17   6.9754E+14   4.2456E-02   6.2898E-05   1.6139E-01   0.0000E+00   0.0000E+00
    48    18   8.9101E+14   4.1396E-02   6.0286E-05   7.1926E-02   0.0000E+00   0.0000E+00
    48    19   1.0829E+15   4.0866E-02   6.0392E-05   6.6255E-02   0.0000E+00   0.0000E+00
    48    20   1.2849E+15   4.0848E-02   6.8028E-05   7.2093E-02   0.0000E+00   0.0000E+00
    48    21   1.5419E+15   4.3826E-02   7.9353E-05   8.1320E-02   0.0000E+00   0.0000E+00
    48    22   1.7818E+15   4.1158E-02   8.9978E-05   7.7956E-02   0.0000E+00   0.0000E+00
    48    23   2.1448E+15   4.1045E-02   1.0905E-04   9.3042E-02   0.0000E+00   0.0000E+00
    48    24   2.5516E+15   4.2016E-02   1.1050E-04   6.6955E-02   0.0000E+00   0.0000E+00
    48    25   3.1202E+15   4.3216E-02   1.1758E-04   6.5103E-02   0.0000E+00   0.0000E+00
    48    26   4.0802E+15   4.5789E-02   1.2651E-04   6.7167E-02   0.0000E+00   0.0000E+00
    48    27   4.8669E+15   4.7699E-02   1.3293E-04   6.5766E-02   0.0000E+00   0.0000E+00
    48    28   5.8589E+15   4.9709E-02   1.4795E-04   8.0833E-02   0.0000E+00   0.0000E+00
    48    29   6.9976E+15   5.4064E-02   1.7261E-04   8.8654E-02   0.0000E+00   0.0000E+00
    48    30   7.9507E+15   5.4056E-02   1.6558E-04   6.8505E-02   0.0000E+00   0.0000E+00
    48    31   8.3469E+15   5.7312E-02   1.6594E-04   6.3676E-02   0.0000E+00   0.0000E+00
    48    32   9.0967E+15   5.8522E-02   1.8972E-04   6.9743E-02   0.0000E+00   0.0000E+00
    48    33   9.7351E+15   5.8648E-02   1.8961E-04   6.0188E-02   0.0000E+00   0.0000E+00
    48    34   9.9802E+15   5.6666E-02   1.9976E-04   6.6811E-02   0.0000E+00   0.0000E+00
    48    35   1.1408E+16   6.3297E-02   1.9460E-04   5.9983E-02   0.0000E+00   0.0000E+00
    48    36   1.1454E+16   6.2603E-02   1.8694E-04   5.8281E-02   0.0000E+00   0.0000E+00
    48    37   1.2122E+16   6.2732E-02   1.8792E-04   6.1593E-02   0.0000E+00   0.0000E+00
    48    38   1.1573E+16   6.2883E-02   2.0573E-04   6.1577E-02   0.0000E+00   0.0000E+00
    48    39   1.3679E+16   6.4692E-02   2.2326E-04   6.8438E-02   0.0000E+00   0.0000E+00
    48    40   1.2771E+16   6.1898E-02   2.1531E-04   5.8571E-02   0.0000E+00   0.0000E+00
    48    41   1.2181E+16   6.7930E-02   1.9994E-04   5.7042E-02   0.0000E+00   0.0000E+00
    48    42   1.1295E+16   7.0235E-02   1.8748E-04   5.9027E-02   0.0000E+00   0.0000E+00
    48    43   1.2007E+16   6.5202E-02   1.8942E-04   5.8392E-02   0.0000E+00   0.0000E+00
    48    44   1.2409E+16   7.4457E-02   1.8662E-04   6.2960E-02   0.0000E+00   0.0000E+00
    48    45   1.1292E+16   8.2658E-02   1.8642E-04   6.6940E-02   0.0000E+00   0.0000E+00
    49     1   1.3882E+11   2.4627E-01   4.7470E-07   2.3970E-01   0.0000E+00   0.0000E+00
    49     2   1.7525E+11   2.0526E-01   9.8399E-07   2.7891E-01   0.0000E+00   0.0000E+00
    49     3   2.4622E+11   2.3083E-01   1.2344E-06   3.1584E-01   0.0000E+00   0.0000E+00
    49     4   3.4224E+11   2.3400E-01   1.4068E-06   3.3296E-01   0.0000E+00   0.0000E+00
    49     5   5.5874E+11   1.7256E-01   1.2854E-06   1.9524E-01   0.0000E+00   0.0000E+00
    49     6   1.0372E+12   1.5147E-01   1.8721E-06   2.5290E-01   0.0000E+00   0.0000E+00
    49     7   2.1306E+12   1.3224E-01   3.4710E-06   3.1134E-01   0.0000E+00   0.0000E+00
    49     8   3.8546E+12   1.1372E-01   3.1012E-06   1.7388E-01   0.0000E+00   0.0000E+00
    49     9   8.0303E+12   9.2810E-02   4.1632E-06   1.5584E-01   0.0000E+00   0.0000E+00
    49    10   1.7407E+13   7.2262E-02   7.7584E-06   1.6860E-01   0.0000E+00   0.0000E+00
    49    11   3.4186E+13   6.2718E-02   1.1243E-05   1.3240E-01   0.0000E+00   0.0000E+00
    49    12   6.6623E+13   5.6310E-02   1.4196E-05   1.2086E-01   0.0000E+00   0.0000E+00
    49    13   1.2245E+14   5.2438E-02   2.1248E-05   1.0887E-01   0.0000E+00   0.0000E+00
    49    14   2.1182E+14   4.8597E-02   2.3731E-05   8.8141E-02   0.0000E+00   0.0000E+00
    49    15   3.2969E+14   4.7206E-02   3.3677E-05   1.0248E-01   0.0000E+00   0.0000E+00
    49    16   4.7755E+14   4.7709E-02   4.1820E-05   9.2473E-02   0.0000E+00   0.0000E+00
    49    17   6.2893E+14   4.3363E-02   5.1559E-05   8.8531E-02   0.0000E+00   0.0000E+00
    49    18   8.1187E+14   4.2355E-02   5.3319E-05   8.1285E-02   0.0000E+00   0.0000E+00
    49    19   1.0025E+15   4.2186E-02   5.9234E-05   7.5271E-02   0.0000E+00   0.0000E+00
    49    20   1.1932E+15   4.1811E-02   6.7248E-05   7.6721E-02   0.0000E+00   0.0000E+00
    49    21   1.3767E+15   4.2523E-02   8.0707E-05   1.0662E-01   0.0000E+00   0.0000E+00
    49    22   1.5754E+15   4.2843E-02   7.8489E-05   8.9597E-02   0.0000E+00   0.0000E+00
    49    23   1.7985E+15   4.3777E-02   8.4901E-05   1.0644E-01   0.0000E+00   0.0000E+00
    49    24   2.2059E+15   4.4439E-02   8.4939E-05   7.1114E-02   0.0000E+00   0.0000E+00
    49    25   2.8097E+15   4.5111E-02   9.8526E-05   6.8324E-02   0.0000E+00   0.0000E+00
    49    26   3.4223E+15   4.9378E-02   1.1273E-04   8.3427E-02   0.0000E+00   0.0000E+00
    49    27   3.8695E+15   5.1720E-02   1.0808E-04   6.3588E-02   0.0000E+00   0.0000E+00
    49    28   4.4884E+15   5.4975E-02   1.2610E-04   7.3017E-02   0.0000E+00   0.0000E+00
    49    29   5.4524E+15   5.9502E-02   1.5145E-04   1.0058E-01   0.0000E+00   0.0000E+00
    49    30   5.9723E+15   6.1098E-02   1.4000E-04   6.2110E-02   0.0000E+00   0.0000E+00
    49    31   6.4170E+15   6.2449E-02   1.4934E-04   6.3743E-02   0.0000E+00   0.0000E+00
    49    32   7.1674E+15   6.4737E-02   1.6059E-04   6.2643E-02   0.0000E+00   0.0000E+00
    49    33   7.4403E+15   6.1607E-02   1.5978E-04   6.4941E-02   0.0000E+00   0.0000E+00
    49    34   9.4809E+15   7.2715E-02   1.8166E-04   8.2282E-02   0.0000E+00   0.0000E+00
    49    35   9.4803E+15   6.4383E-02   1.6855E-04   5.8772E-02   0.0000E+00   0.0000E+00
    49    36   1.0336E+16   6.8594E-02   1.7269E-04   6.0146E-02   0.0000E+00   0.0000E+00
    49    37   9.0735E+15   6.5507E-02   1.6523E-04   5.8128E-02   0.0000E+00   0.0000E+00
    49    38   1.0850E+16   6.9863E-02   1.8111E-04   6.6268E-02   0.0000E+00   0.0000E+00
    49    39   1.0434E+16   6.6347E-02   1.9200E-04   7.3361E-02   0.0000E+00   0.0000E+00
    49    40   1.0278E+16   7.7339E-02   1.7098E-04   6.5120E-02   0.0000E+00   0.0000E+00
    49    41   1.0585E+16   7.0719E-02   1.7719E-04   6.0344E-02   0.0000E+00   0.0000E+00
    49    42   9.9954E+15   6.9453E-02   1.8015E-04   6.0545E-02   0.0000E+00   0.0000E+00
    49    43   1.0978E+16   7.1445E-02   1.8133E-04   5.8457E-02   0.0000E+00   0.0000E+00
    49    44   1.0429E+16   7.4586E-02   1.7894E-04   6.0492E-02   0.0000E+00   0.0000E+00
    49    45   1.0451E+16   1.0113E-01   1.7269E-04   6.1811E-02   0.0000E+00   0.0000E+00
    50     1   1.6758E+11   1.8414E-01   7.5836E-07   2.4751E-01   0.0000E+00   0.0000E+00
    50     2   1.9028E+11   2.4678E-01   9.2529E-07   2.5470E-01   0.0000E+00   0.0000E+00
    50     3   1.5656E+11   2.6792E-01   5.7687E-07   2.2387E-01   0.0000E+00   0.0000E+00
    50     4   2.5640E+11   2.0198E-01   9.2087E-07   2.7372E-01   0.0000E+00   0.0000E+00
    50     5   4.1095E+11   1.8244E-01   6.2305E-07   1.7327E-01   0.0000E+00   0.0000E+00
    50     6   8.6612E+11   1.4865E-01   1.3006E-06   2.3296E-01   0.0000E+00   0.0000E+00
    50     7   1.5610E+12   1.3115E-01   2.0449E-06   2.0626E-01   0.0000E+00   0.0000E+00
    50     8   3.3010E+12   1.0630E-01   3.0630E-06   3.1363E-01   0.0000E+00   0.0000E+00
    50     9   6.9119E+12   8.1183E-02   5.4682E-06   2.2835E-01   0.0000E+00   0.0000E+00
    50    10   1.4166E+13   7.0662E-02   7.0227E-06   1.9334E-01   0.0000E+00   0.0000E+00
    50    11   2.9144E+13   6.2660E-02   8.2068E-06   1.3730E-01   0.0000E+00   0.0000E+00
    50    12   5.7194E+13   5.8330E-02   1.0419E-05   1.1797E-01   0.0000E+00   0.0000E+00
    50    13   1.0884E+14   5.4307E-02   1.3600E-05   9.8113E-02   0.0000E+00   0.0000E+00
    50    14   1.9629E+14   4.9567E-02   2.1201E-05   8.4635E-02   0.0000E+00   0.0000E+00
    50    15   3.1121E+14   4.6807E-02   2.8046E-05   8.2493E-02   0.0000E+00   0.0000E+00
    50    16   4.4256E+14   4.4820E-02   3.3456E-05   7.0970E-02   0.0000E+00   0.0000E+00
    50    17   6.0986E+14   4.5516E-02   4.3667E-05   8.4552E-02   0.0000E+00   0.0000E+00
    50    18   7.6784E+14   4.2943E-02   5.8963E-05   1.0831E-01   0.0000E+00   0.0000E+00
    50    19   9.2459E+14   4.2946E-02   6.0886E-05   1.0102E-01   0.0000E+00   0.0000E+00
    50    20   1.0926E+15   4.3362E-02   6.3138E-05   8.3804E-02   0.0000E+00   0.0000E+00
    50    21   1.2691E+15   4.3265E-02   6.5719E-05   7.2076E-02   0.0000E+00   0.0000E+00
    50    22   1.4439E+15   4.3152E-02   7.1904E-05   8.1745E-02   0.0000E+00   0.0000E+00
    50    23   1.7433E+15   4.3935E-02   8.7471E-05   8.9149E-02   0.0000E+00   0.0000E+00
    50    24   2.0939E+15   4.4314E-02   8.7908E-05   7.2177E-02   0.0000E+00   0.0000E+00
    50    25   2.6141E+15   4.4986E-02   1.0765E-04   8.4373E-02   0.0000E+00   0.0000E+00
    50    26   2.9303E+15   4.7571E-02   1.0645E-04   6.6617E-02   0.0000E+00   0.0000E+00
    50    27   3.5053E+15   5.2153E-02   1.1834E-04   7.1539E-02   0.0000E+00   0.0000E+00
    50    28   4.2400E+15   5.5697E-02   1.3231E-04   1.2698E-01   0.0000E+00   0.0000E+00
    50    29   4.7361E+15   5.8969E-02   1.2275E-04   6.4053E-02   0.0000E+00   0.0000E+00
    50    30   5.2624E+15   6.6456E-02   1.2500E-04   6.8208E-02   0.0000E+00   0.0000E+00
    50    31   5.6496E+15   6.9831E-02   1.3911E-04   6.8388E-02   0.0000E+00   0.0000E+00
    50    32   6.5028E+15   6.9613E-02   1.5141E-04   6.9862E-02   0.0000E+00   0.0000E+00
    50    33   7.2270E+15   8.1139E-02   1.3444E-04   6.1877E-02   0.0000E+00   0.0000E+00
    50    34   7.1173E+15   7.0549E-02   1.5232E-04   7.3339E-02   0.0000E+00   0.0000E+00
    50    35   7.3185E+15   7.7061E-02   1.5335E-04   7.2274E-02   0.0000E+00   0.0000E+00
    50    36   7.8151E+15   6.7657E-02   1.5224E-04   5.7462E-02   0.0000E+00   0.0000E+00
    50    37   8.9896E+15   7.3150E-02   1.4844E-04   5.6143E-02   0.0000E+00   0.0000E+00
    50    38   7.5394E+15   6.9690E-02   1.6064E-04   7.0243E-02   0.0000E+00   0.0000E+00
    50    39   8.6532E+15   8.9956E-02   1.6215E-04   7.7242E-02   0.0000E+00   0.0000E+00
    50    40   9.3008E+15   7.1300E-02   1.6867E-04   5.8449E-02   0.0000E+00   0.0000E+00
    50    41   1.0348E+16   6.9989E-02   1.9543E-04   6.5190E-02   0.0000E+00   0.0000E+00
    50    42   9.5662E+15   6.9200E-02   1.7641E-04   5.7859E-02   0.0000E+00   0.0000E+00
    50    43   9.3069E+15   7.0052E-02   1.7120E-04   5.6534E-02   0.0000E+00   0.0000E+00
    50    44   1.0002E+16   7.3016E-02   1.7886E-04   5.8411E-02   0.0000E+00   0.0000E+00
    50    45   1.4176E+16   2.3220E-01   1.8566E-04   7.5842E-02   0.0000E+00   0.0000E+00
    51     1   1.2480E+11   2.1503E-01   5.8691E-07   2.6398E-01   0.0000E+00   0.0000E+00
    51     2   9.8020E+10   1.8607E-01   4.2734E-07   2.3033E-01   0.0000E+00   0.0000E+00
    51     3   1.4359E+11   1.7821E-01   5.8811E-07   2.1979E-01   0.0000E+00   0.0000E+00
    51     4   2.5114E+11   1.6841E-01   8.6764E-07   2.1143E-01   0.0000E+00   0.0000E+00
    51     5   4.7367E+11   1.9831E-01   1.1806E-06   2.6245E-01   0.0000E+00   0.0000E+00
    51     6   8.9619E+11   1.5686E-01   1.8168E-06   2.6892E-01   0.0000E+00   0.0000E+00
    51     7   1.7442E+12   1.3997E-01   3.0679E-06   2.2928E-01   0.0000E+00   0.0000E+00
    51     8   3.0995E+12   1.0988E-01   3.3324E-06   2.0057E-01   0.0000E+00   0.0000E+00
    51     9   6.8187E+12   8.7019E-02   3.8104E-06   1.5811E-01   0.0000E+00   0.0000E+00
    51    10   1.4084E+13   7.3526E-02   6.7207E-06   2.2479E-01   0.0000E+00   0.0000E+00
    51    11   2.8033E+13   6.4233E-02   8.5684E-06   1.8007E-01   0.0000E+00   0.0000E+00
    51    12   5.3488E+13   5.8596E-02   1.1163E-05   1.2033E-01   0.0000E+00   0.0000E+00
    51    13   1.0319E+14   5.4731E-02   1.5926E-05   1.0861E-01   0.0000E+00   0.0000E+00
    51    14   1.7872E+14   5.0562E-02   2.2545E-05   1.0488E-01   0.0000E+00   0.0000E+00
    51    15   2.8644E+14   4.7324E-02   2.9442E-05   9.0707E-02   0.0000E+00   0.0000E+00
    51    16   4.2144E+14   4.4902E-02   3.5124E-05   9.1515E-02   0.0000E+00   0.0000E+00
    51    17   5.8302E+14   4.2980E-02   4.4270E-05   1.1573E-01   0.0000E+00   0.0000E+00
    51    18   7.6211E+14   4.1658E-02   4.5616E-05   6.3874E-02   0.0000E+00   0.0000E+00
    51    19   9.0847E+14   4.1747E-02   5.2586E-05   7.0628E-02   0.0000E+00   0.0000E+00
    51    20   1.0824E+15   4.2723E-02   5.9017E-05   6.9030E-02   0.0000E+00   0.0000E+00
    51    21   1.2717E+15   4.1979E-02   6.9521E-05   6.8311E-02   0.0000E+00   0.0000E+00
    51    22   1.4769E+15   4.1744E-02   7.9722E-05   6.9520E-02   0.0000E+00   0.0000E+00
    51    23   1.6354E+15   4.2558E-02   8.1643E-05   6.9221E-02   0.0000E+00   0.0000E+00
    51    24   1.9137E+15   4.2868E-02   9.4933E-05   8.0243E-02   0.0000E+00   0.0000E+00
    51    25   2.2189E+15   4.4192E-02   9.8253E-05   6.9049E-02   0.0000E+00   0.0000E+00
    51    26   2.5622E+15   4.8508E-02   1.0673E-04   8.9256E-02   0.0000E+00   0.0000E+00
    51    27   3.1910E+15   4.9966E-02   1.1245E-04   6.5451E-02   0.0000E+00   0.0000E+00
    51    28   3.7022E+15   5.2114E-02   1.2987E-04   1.1931E-01   0.0000E+00   0.0000E+00
    51    29   4.3441E+15   5.7786E-02   1.2905E-04   7.5915E-02   0.0000E+00   0.0000E+00
    51    30   4.7146E+15   5.9313E-02   1.2874E-04   7.5189E-02   0.0000E+00   0.0000E+00
    51    31   5.9108E+15   6.6037E-02   1.3874E-04   7.4674E-02   0.0000E+00   0.0000E+00
    51    32   6.4656E+15   6.7094E-02   1.3268E-04   8.0286E-02   0.0000E+00   0.0000E+00
    51    33   6.3052E+15   6.5791E-02   1.3209E-04   6.8626E-02   0.0000E+00   0.0000E+00
    51    34   6.5683E+15   7.9063E-02   1.3936E-04   7.0824E-02   0.0000E+00   0.0000E+00
    51    35   6.9382E+15   6.4499E-02   1.5565E-04   6.7941E-02   0.0000E+00   0.0000E+00
    51    36   7.8162E+15   7.1521E-02   1.5770E-04   7.0201E-02   0.0000E+00   0.0000E+00
    51    37   6.4805E+15   6.8946E-02   1.6097E-04   6.3696E-02   0.0000E+00   0.0000E+00
    51    38   7.6283E+15   7.1485E-02   1.6432E-04   6.9425E-02   0.0000E+00   0.0000E+00
    51    39   7.6279E+15   6.9845E-02   1.6237E-04   9.1589E-02   0.0000E+00   0.0000E+00
    51    40   8.5666E+15   7.1467E-02   1.6488E-04   7.6625E-02   0.0000E+00   0.0000E+00
    51    41   7.9473E+15   7.2281E-02   1.5172E-04   5.8702E-02   0.0000E+00   0.0000E+00
    51    42   8.9701E+15   7.3969E-02   1.6361E-04   5.9729E-02   0.0000E+00   0.0000E+00
    51    43   7.9502E+15   6.5158E-02   1.5899E-04   5.7635E-02   0.0000E+00   0.0000E+00
    51    44   1.0383E+16   7.5054E-02   1.6758E-04   6.2153E-02   0.0000E+00   0.0000E+00
    51    45   1.0475E+16   1.2733E-01   1.6364E-04   6.7896E-02   0.0000E+00   0.0000E+00
    52     1   9.8958E+10   1.7931E-01   4.6103E-07   2.1998E-01   0.0000E+00   0.0000E+00
    52     2   8.5645E+10   1.8676E-01   4.0047E-07   2.4756E-01   0.0000E+00   0.0000E+00
    52     3   1.3136E+11   1.8672E-01   7.4259E-07   3.1822E-01   0.0000E+00   0.0000E+00
    52     4   2.9326E+11   1.7838E-01   1.0952E-06   3.2644E-01   0.0000E+00   0.0000E+00
    52     5   4.1309E+11   1.5480E-01   1.3149E-06   2.4451E-01   0.0000E+00   0.0000E+00
    52     6   7.2031E+11   1.5631E-01   1.3928E-06   2.4730E-01   0.0000E+00   0.0000E+00
    52     7   1.3151E+12   1.2376E-01   1.6364E-06   2.2293E-01   0.0000E+00   0.0000E+00
    52     8   3.1100E+12   1.0019E-01   2.7485E-06   2.1909E-01   0.0000E+00   0.0000E+00
    52     9   6.2069E+12   8.5186E-02   3.5239E-06   1.9837E-01   0.0000E+00   0.0000E+00
    52    10   1.3841E+13   6.8828E-02   5.4464E-06   1.8195E-01   0.0000E+00   0.0000E+00
    52    11   3.0819E+13   6.1820E-02   6.7004E-06   1.2640E-01   0.0000E+00   0.0000E+00
    52    12   6.4353E+13   5.3247E-02   1.1775E-05   1.3162E-01   0.0000E+00   0.0000E+00
    52    13   1.1977E+14   4.9596E-02   1.7404E-05   1.1386E-01   0.0000E+00   0.0000E+00
    52    14   2.0281E+14   4.7064E-02   2.4912E-05   1.0795E-01   0.0000E+00   0.0000E+00
    52    15   3.0749E+14   4.4809E-02   3.1662E-05   9.7360E-02   0.0000E+00   0.0000E+00
    52    16   4.2924E+14   4.3385E-02   3.9052E-05   1.3435E-01   0.0000E+00   0.0000E+00
    52    17   5.7283E+14   4.2564E-02   4.2294E-05   7.8948E-02   0.0000E+00   0.0000E+00
    52    18   7.1689E+14   4.2088E-02   5.5964E-05   1.2630E-01   0.0000E+00   0.0000E+00
    52    19   8.6101E+14   4.1728E-02   5.8975E-05   9.9061E-02   0.0000E+00   0.0000E+00
    52    20   1.0036E+15   4.2333E-02   6.6130E-05   9.6740E-02   0.0000E+00   0.0000E+00
    52    21   1.0738E+15   4.3323E-02   6.2275E-05   9.4465E-02   0.0000E+00   0.0000E+00
    52    22   1.2346E+15   4.3322E-02   6.0624E-05   6.2002E-02   0.0000E+00   0.0000E+00
    52    23   1.4499E+15   4.3962E-02   6.1747E-05   5.6792E-02   0.0000E+00   0.0000E+00
    52    24   1.7416E+15   4.5001E-02   7.7418E-05   8.3514E-02   0.0000E+00   0.0000E+00
    52    25   2.0645E+15   4.5584E-02   8.2390E-05   6.7637E-02   0.0000E+00   0.0000E+00
    52    26   2.4769E+15   4.7038E-02   9.4401E-05   7.2393E-02   0.0000E+00   0.0000E+00
    52    27   2.9397E+15   5.0870E-02   1.0801E-04   6.7291E-02   0.0000E+00   0.0000E+00
    52    28   2.9521E+15   5.3751E-02   1.1298E-04   1.0104E-01   0.0000E+00   0.0000E+00
    52    29   3.8208E+15   6.4876E-02   1.1448E-04   7.6000E-02   0.0000E+00   0.0000E+00
    52    30   4.3012E+15   6.7021E-02   1.2705E-04   8.0467E-02   0.0000E+00   0.0000E+00
    52    31   4.5057E+15   6.3318E-02   1.3325E-04   7.4440E-02   0.0000E+00   0.0000E+00
    52    32   5.0472E+15   7.0544E-02   1.2431E-04   6.7997E-02   0.0000E+00   0.0000E+00
    52    33   5.2677E+15   7.0378E-02   1.3296E-04   8.7425E-02   0.0000E+00   0.0000E+00
    52    34   6.0823E+15   7.1668E-02   1.3780E-04   7.2979E-02   0.0000E+00   0.0000E+00
    52    35   5.8064E+15   7.4257E-02   1.3161E-04   6.4993E-02   0.0000E+00   0.0000E+00
    52    36   6.0679E+15   7.0840E-02   1.4100E-04   6.7795E-02   0.0000E+00   0.0000E+00
    52    37   5.9795E+15   7.2730E-02   1.2944E-04   6.2735E-02   0.0000E+00   0.0000E+00
    52    38   6.3809E+15   7.5028E-02   1.4941E-04   6.3524E-02   0.0000E+00   0.0000E+00
    52    39   7.1182E+15   7.0799E-02   1.6633E-04   8.1862E-02   0.0000E+00   0.0000E+00
    52    40   7.4699E+15   7.3649E-02   1.5378E-04   6.3708E-02   0.0000E+00   0.0000E+00
    52    41   7.2321E+15   7.0657E-02   1.5338E-04   6.7218E-02   0.0000E+00   0.0000E+00
    52    42   7.4675E+15   6.4440E-02   1.5786E-04   6.7792E-02   0.0000E+00   0.0000E+00
    52    43   8.1917E+15   6.9910E-02   1.5002E-04   6.6382E-02   0.0000E+00   0.0000E+00
    52    44   8.6300E+15   6.9105E-02   1.4706E-04   5.6523E-02   0.0000E+00   0.0000E+00
    52    45   8.7256E+15   8.0262E-02   1.4494E-04   6.1191E-02   0.0000E+00   0.0000E+00
    53     1   7.9827E+10   1.7587E-01   4.5557E-07   2.1182E-01   0.0000E+00   0.0000E+00
    53     2   7.5614E+10   2.3107E-01   5.6928E-07   3.6973E-01   0.0000E+00   0.0000E+00
    53     3   1.1917E+11   2.1719E-01   7.0140E-07   3.5913E-01   0.0000E+00   0.0000E+00
    53     4   2.1002E+11   2.1805E-01   6.5359E-07   2.2035E-01   0.0000E+00   0.0000E+00
    53     5   5.0986E+11   1.8058E-01   1.5968E-06   2.3956E-01   0.0000E+00   0.0000E+00
    53     6   8.0235E+11   1.5612E-01   1.8959E-06   2.4960E-01   0.0000E+00   0.0000E+00
    53     7   1.2645E+12   1.3630E-01   1.5273E-06   2.1318E-01   0.0000E+00   0.0000E+00
    53     8   2.5206E+12   1.1917E-01   1.7235E-06   2.0302E-01   0.0000E+00   0.0000E+00
    53     9   5.3996E+12   9.0738E-02   2.7666E-06   1.7524E-01   0.0000E+00   0.0000E+00
    53    10   1.2093E+13   6.9906E-02   4.1876E-06   1.6841E-01   0.0000E+00   0.0000E+00
    53    11   2.6310E+13   6.1122E-02   6.4786E-06   1.8358E-01   0.0000E+00   0.0000E+00
    53    12   5.5350E+13   5.6496E-02   8.9840E-06   1.5253E-01   0.0000E+00   0.0000E+00
    53    13   1.0693E+14   5.0640E-02   1.2735E-05   1.1748E-01   0.0000E+00   0.0000E+00
    53    14   1.9042E+14   4.6537E-02   2.0530E-05   1.0911E-01   0.0000E+00   0.0000E+00
    53    15   3.0131E+14   4.3603E-02   2.9614E-05   1.1339E-01   0.0000E+00   0.0000E+00
    53    16   4.3058E+14   4.2173E-02   4.1806E-05   1.3276E-01   0.0000E+00   0.0000E+00
    53    17   5.6525E+14   4.3383E-02   4.2105E-05   1.1603E-01   0.0000E+00   0.0000E+00
    53    18   6.9673E+14   4.2331E-02   4.9809E-05   9.1558E-02   0.0000E+00   0.0000E+00
    53    19   8.2490E+14   4.1322E-02   6.0734E-05   1.8766E-01   0.0000E+00   0.0000E+00
    53    20   9.6319E+14   4.1647E-02   5.8018E-05   1.1754E-01   0.0000E+00   0.0000E+00
    53    21   1.1588E+15   4.2376E-02   5.8397E-05   7.1662E-02   0.0000E+00   0.0000E+00
    53    22   1.3179E+15   4.2483E-02   5.8854E-05   6.4174E-02   0.0000E+00   0.0000E+00
    53    23   1.5093E+15   4.4414E-02   6.1480E-05   6.0150E-02   0.0000E+00   0.0000E+00
    53    24   1.7480E+15   4.4922E-02   7.3445E-05   6.8408E-02   0.0000E+00   0.0000E+00
    53    25   1.9665E+15   4.4131E-02   7.7372E-05   7.1436E-02   0.0000E+00   0.0000E+00
    53    26   2.2968E+15   4.6851E-02   8.4285E-05   7.1952E-02   0.0000E+00   0.0000E+00
    53    27   2.5018E+15   4.8046E-02   8.9480E-05   7.6595E-02   0.0000E+00   0.0000E+00
    53    28   2.9085E+15   5.2841E-02   8.4664E-05   6.2576E-02   0.0000E+00   0.0000E+00
    53    29   3.3852E+15   5.6889E-02   9.8502E-05   8.8961E-02   0.0000E+00   0.0000E+00
    53    30   4.0546E+15   5.7803E-02   1.1012E-04   7.5710E-02   0.0000E+00   0.0000E+00
    53    31   4.4002E+15   6.1971E-02   1.1639E-04   6.2920E-02   0.0000E+00   0.0000E+00
    53    32   4.8009E+15   6.7828E-02   1.2743E-04   7.1866E-02   0.0000E+00   0.0000E+00
    53    33   4.4574E+15   6.0126E-02   1.2799E-04   6.4398E-02   0.0000E+00   0.0000E+00
    53    34   4.7594E+15   6.4391E-02   1.5697E-04   1.0097E-01   0.0000E+00   0.0000E+00
    53    35   5.2197E+15   6.8140E-02   1.2472E-04   6.6130E-02   0.0000E+00   0.0000E+00
    53    36   5.1525E+15   6.9601E-02   1.2370E-04   6.7870E-02   0.0000E+00   0.0000E+00
    53    37   5.7114E+15   7.1877E-02   1.3386E-04   7.0716E-02   0.0000E+00   0.0000E+00
    53    38   5.1833E+15   6.4664E-02   1.2969E-04   6.8768E-02   0.0000E+00   0.0000E+00
    53    39   6.7631E+15   7.7791E-02   1.4158E-04   7.1566E-02   0.0000E+00   0.0000E+00
    53    40   6.7905E+15   7.1420E-02   1.3499E-04   7.1438E-02   0.0000E+00   0.0000E+00
    53    41   7.0835E+15   6.3785E-02   1.5454E-04   6.7510E-02   0.0000E+00   0.0000E+00
    53    42   7.8934E+15   6.3723E-02   1.5711E-04   6.1142E-02   0.0000E+00   0.0000E+00
    53    43   7.3205E+15   6.2446E-02   1.4770E-04   6.3157E-02   0.0000E+00   0.0000E+00
    53    44   8.0376E+15   7.1082E-02   1.4518E-04   5.7761E-02   0.0000E+00   0.0000E+00
    53    45   7.7202E+15   9.1806E-02   1.3985E-04   6.0081E-02   0.0000E+00   0.0000E+00
    54     1   7.3786E+10   2.2089E-01   5.1787E-07   3.6757E-01   0.0000E+00   0.0000E+00
    54     2   7.6086E+10   1.6497E-01   4.7789E-07   2.7727E-01   0.0000E+00   0.0000E+00
    54     3   1.3678E+11   1.7530E-01   7.5474E-07   3.0960E-01   0.0000E+00   0.0000E+00
    54     4   1.8800E+11   2.2335E-01   6.2933E-07   3.7165E-01   0.0000E+00   0.0000E+00
    54     5   3.1808E+11   1.7391E-01   8.3972E-07   2.5538E-01   0.0000E+00   0.0000E+00
    54     6   7.3317E+11   1.6363E-01   1.4266E-06   2.1217E-01   0.0000E+00   0.0000E+00
    54     7   1.4762E+12   1.4051E-01   1.8662E-06   1.9670E-01   0.0000E+00   0.0000E+00
    54     8   2.8157E+12   1.1178E-01   2.4047E-06   2.0548E-01   0.0000E+00   0.0000E+00
    54     9   5.9436E+12   8.2857E-02   3.2871E-06   2.1146E-01   0.0000E+00   0.0000E+00
    54    10   1.3141E+13   6.7104E-02   4.4670E-06   1.6973E-01   0.0000E+00   0.0000E+00
    54    11   2.8447E+13   5.7277E-02   8.4189E-06   1.7708E-01   0.0000E+00   0.0000E+00
    54    12   6.0378E+13   5.1959E-02   9.8857E-06   1.1080E-01   0.0000E+00   0.0000E+00
    54    13   1.1742E+14   4.7574E-02   1.4577E-05   1.0056E-01   0.0000E+00   0.0000E+00
    54    14   2.0681E+14   4.4486E-02   2.0699E-05   9.9053E-02   0.0000E+00   0.0000E+00
    54    15   3.2331E+14   4.1450E-02   2.9208E-05   1.2359E-01   0.0000E+00   0.0000E+00
    54    16   4.8046E+14   3.9740E-02   3.7410E-05   1.1102E-01   0.0000E+00   0.0000E+00
    54    17   6.4274E+14   3.8797E-02   4.3329E-05   1.0399E-01   0.0000E+00   0.0000E+00
    54    18   7.8989E+14   3.8329E-02   4.1857E-05   7.0862E-02   0.0000E+00   0.0000E+00
    54    19   9.6181E+14   3.8562E-02   4.3532E-05   5.4278E-02   0.0000E+00   0.0000E+00
    54    20   1.1106E+15   3.8322E-02   5.5616E-05   8.3617E-02   0.0000E+00   0.0000E+00
    54    21   1.2475E+15   3.9235E-02   6.4628E-05   1.3036E-01   0.0000E+00   0.0000E+00
    54    22   1.4077E+15   3.9751E-02   7.2110E-05   1.1278E-01   0.0000E+00   0.0000E+00
    54    23   1.6168E+15   3.9425E-02   7.5406E-05   9.1969E-02   0.0000E+00   0.0000E+00
    54    24   1.8696E+15   3.9572E-02   7.5538E-05   7.3378E-02   0.0000E+00   0.0000E+00
    54    25   2.2413E+15   4.0842E-02   8.4379E-05   6.6264E-02   0.0000E+00   0.0000E+00
    54    26   2.5024E+15   4.1345E-02   9.0599E-05   6.4921E-02   0.0000E+00   0.0000E+00
    54    27   2.7709E+15   4.3562E-02   1.0181E-04   7.7377E-02   0.0000E+00   0.0000E+00
    54    28   3.1084E+15   4.9670E-02   1.0653E-04   7.1089E-02   0.0000E+00   0.0000E+00
    54    29   3.3250E+15   5.2297E-02   1.0220E-04   6.2441E-02   0.0000E+00   0.0000E+00
    54    30   3.7715E+15   5.5146E-02   1.1565E-04   8.1772E-02   0.0000E+00   0.0000E+00
    54    31   4.1906E+15   6.5225E-02   1.2932E-04   7.5154E-02   0.0000E+00   0.0000E+00
    54    32   4.1146E+15   5.9042E-02   1.2973E-04   6.9995E-02   0.0000E+00   0.0000E+00
    54    33   4.6071E+15   5.7955E-02   1.3201E-04   6.5024E-02   0.0000E+00   0.0000E+00
    54    34   4.8405E+15   5.7379E-02   1.3675E-04   6.4825E-02   0.0000E+00   0.0000E+00
    54    35   5.2226E+15   6.2658E-02   1.4437E-04   7.4539E-02   0.0000E+00   0.0000E+00
    54    36   5.4450E+15   5.9355E-02   1.4301E-04   6.6065E-02   0.0000E+00   0.0000E+00
    54    37   5.7359E+15   6.0818E-02   1.4624E-04   8.1517E-02   0.0000E+00   0.0000E+00
    54    38   5.7163E+15   5.9414E-02   1.2712E-04   6.8570E-02   0.0000E+00   0.0000E+00
    54    39   6.6805E+15   6.6647E-02   1.2941E-04   6.2098E-02   0.0000E+00   0.0000E+00
    54    40   6.4775E+15   6.4341E-02   1.4732E-04   7.3257E-02   0.0000E+00   0.0000E+00
    54    41   6.9979E+15   6.7604E-02   1.4248E-04   6.1960E-02   0.0000E+00   0.0000E+00
    54    42   7.0127E+15   6.6146E-02   1.5276E-04   6.4435E-02   0.0000E+00   0.0000E+00
    54    43   7.3385E+15   6.3949E-02   1.5144E-04   6.1211E-02   0.0000E+00   0.0000E+00
    54    44   8.0489E+15   6.9663E-02   1.4543E-04   5.7207E-02   0.0000E+00   0.0000E+00
    54    45   7.5891E+15   9.3346E-02   1.3570E-04   5.8242E-02   0.0000E+00   0.0000E+00
    55     1   7.0430E+10   2.6523E-01   5.6345E-07   4.2880E-01   0.0000E+00   0.0000E+00
    55     2   8.8397E+10   2.6839E-01   5.3107E-07   3.2557E-01   0.0000E+00   0.0000E+00
    55     3   1.1224E+11   2.1897E-01   5.9744E-07   3.4468E-01   0.0000E+00   0.0000E+00
    55     4   1.8358E+11   1.9539E-01   5.6423E-07   2.6335E-01   0.0000E+00   0.0000E+00
    55     5   3.4082E+11   1.8605E-01   7.6006E-07   2.5270E-01   0.0000E+00   0.0000E+00
    55     6   6.1074E+11   1.7351E-01   9.4639E-07   2.1592E-01   0.0000E+00   0.0000E+00
    55     7   1.1565E+12   1.3747E-01   1.5748E-06   2.4645E-01   0.0000E+00   0.0000E+00
    55     8   2.5190E+12   1.0998E-01   2.5922E-06   1.8500E-01   0.0000E+00   0.0000E+00
    55     9   5.8190E+12   8.6373E-02   4.0239E-06   1.6333E-01   0.0000E+00   0.0000E+00
    55    10   1.2491E+13   7.0446E-02   5.0820E-06   1.6417E-01   0.0000E+00   0.0000E+00
    55    11   2.6693E+13   5.8029E-02   7.0483E-06   1.7053E-01   0.0000E+00   0.0000E+00
    55    12   5.5212E+13   5.2759E-02   8.7401E-06   1.3837E-01   0.0000E+00   0.0000E+00
    55    13   1.0990E+14   4.8424E-02   1.1751E-05   1.0802E-01   0.0000E+00   0.0000E+00
    55    14   1.9671E+14   4.4576E-02   1.8748E-05   1.3058E-01   0.0000E+00   0.0000E+00
    55    15   3.1731E+14   4.1507E-02   2.7579E-05   1.3181E-01   0.0000E+00   0.0000E+00
    55    16   4.4840E+14   4.0238E-02   3.1480E-05   9.2498E-02   0.0000E+00   0.0000E+00
    55    17   5.9597E+14   3.9318E-02   4.0068E-05   8.6619E-02   0.0000E+00   0.0000E+00
    55    18   7.4939E+14   3.8621E-02   4.9289E-05   1.0331E-01   0.0000E+00   0.0000E+00
    55    19   9.0128E+14   3.8861E-02   5.4288E-05   9.9229E-02   0.0000E+00   0.0000E+00
    55    20   1.0475E+15   3.8325E-02   5.3019E-05   7.2716E-02   0.0000E+00   0.0000E+00
    55    21   1.2128E+15   3.8576E-02   5.6585E-05   6.8684E-02   0.0000E+00   0.0000E+00
    55    22   1.3690E+15   3.8770E-02   5.8559E-05   6.0971E-02   0.0000E+00   0.0000E+00
    55    23   1.5525E+15   3.9234E-02   6.4018E-05   6.3851E-02   0.0000E+00   0.0000E+00
    55    24   1.7951E+15   4.1953E-02   7.1411E-05   7.7972E-02   0.0000E+00   0.0000E+00
    55    25   2.0460E+15   4.1263E-02   8.1206E-05   8.9106E-02   0.0000E+00   0.0000E+00
    55    26   2.2656E+15   4.2450E-02   8.3697E-05   7.3475E-02   0.0000E+00   0.0000E+00
    55    27   2.4681E+15   4.3773E-02   9.2812E-05   8.9082E-02   0.0000E+00   0.0000E+00
    55    28   2.7828E+15   4.6624E-02   9.6136E-05   7.9322E-02   0.0000E+00   0.0000E+00
    55    29   3.2867E+15   5.4083E-02   1.0915E-04   8.0473E-02   0.0000E+00   0.0000E+00
    55    30   3.5444E+15   5.9352E-02   1.1240E-04   7.3901E-02   0.0000E+00   0.0000E+00
    55    31   4.0471E+15   5.8378E-02   1.3435E-04   9.1196E-02   0.0000E+00   0.0000E+00
    55    32   4.3944E+15   6.5136E-02   1.3438E-04   7.7681E-02   0.0000E+00   0.0000E+00
    55    33   4.3972E+15   6.0553E-02   1.2610E-04   6.7061E-02   0.0000E+00   0.0000E+00
    55    34   4.9985E+15   7.1243E-02   1.4518E-04   7.7229E-02   0.0000E+00   0.0000E+00
    55    35   4.7424E+15   6.4169E-02   1.2927E-04   7.0244E-02   0.0000E+00   0.0000E+00
    55    36   4.8378E+15   6.0367E-02   1.3517E-04   1.1569E-01   0.0000E+00   0.0000E+00
    55    37   5.5048E+15   6.7854E-02   1.5301E-04   9.6157E-02   0.0000E+00   0.0000E+00
    55    38   5.9038E+15   6.8830E-02   1.4392E-04   7.1155E-02   0.0000E+00   0.0000E+00
    55    39   6.0512E+15   6.7669E-02   1.4758E-04   7.1221E-02   0.0000E+00   0.0000E+00
    55    40   6.0964E+15   5.9127E-02   1.5403E-04   7.8061E-02   0.0000E+00   0.0000E+00
    55    41   6.4961E+15   7.1961E-02   1.3488E-04   6.2064E-02   0.0000E+00   0.0000E+00
    55    42   6.9211E+15   6.9976E-02   1.4388E-04   7.3142E-02   0.0000E+00   0.0000E+00
    55    43   7.3074E+15   6.9681E-02   1.4393E-04   6.7452E-02   0.0000E+00   0.0000E+00
    55    44   8.0069E+15   6.4261E-02   1.5271E-04   7.4709E-02   0.0000E+00   0.0000E+00
    55    45   8.0358E+15   6.5601E-02   1.4821E-04   6.7978E-02   0.0000E+00   0.0000E+00
     0     0   9.2560E+15   6.1932E-02   1.5373E-04   6.3756E-02   0.0000E+00   0.0000E+00
     0     0   7.8125E+15   7.0309E-02   1.8162E-04   8.1030E-02   0.0000E+00   0.0000E+00
     0     0   7.6234E+15   5.9280E-02   1.5403E-04   6.5244E-02   0.0000E+00   0.0000E+00
     0     0   7.5737E+15   7.1244E-02   1.5501E-04   6.2997E-02   0.0000E+00   0.0000E+00
     0     0   1.0261E+16   6.3092E-02   2.1424E-04   6.3242E-02   0.0000E+00   0.0000E+00
     0     0   9.2421E+15   6.1267E-02   1.8559E-04   5.7550E-02   0.0000E+00   0.0000E+00
     0     0   8.0674E+15   6.5519E-02   1.7694E-04   7.0355E-02   0.0000E+00   0.0000E+00
     0     0   2.0171E+17   1.7407E-02   8.7411E-04   2.1228E-02   0.0000E+00   0.0000E+00
     0     0   1.4744E+17   1.9581E-02   7.8813E-04   2.4558E-02   0.0000E+00   0.0000E+00
     0     0   1.8594E+17   2.2772E-02   8.0909E-04   2.3085E-02   0.0000E+00   0.0000E+00
     0     0   1.3877E+17   2.2888E-02   6.7850E-04   2.9615E-02   0.0000E+00   0.0000E+00
     0     0   1.4791E+17   2.1921E-02   6.9337E-04   2.5034E-02   0.0000E+00   0.0000E+00
     0     0   1.1537E+17   2.2690E-02   6.6431E-04   2.6668E-02   0.0000E+00   0.0000E+00
     0     0   1.0368E+16   5.8008E-02   2.0794E-04   5.6108E-02   0.0000E+00   0.0000E+00
     0     0   7.8220E+15   6.4014E-02   1.8580E-04   7.5825E-02   0.0000E+00   0.0000E+00
     0     0   4.6766E+16   3.6597E-02   3.6781E-04   4.4418E-02   0.0000E+00   0.0000E+00
     0     0   1.0086E+16   6.2298E-02   2.1464E-04   5.5538E-02   0.0000E+00   0.0000E+00
     0     0   7.4043E+16   3.0422E-02   4.6026E-04   3.5940E-02   0.0000E+00   0.0000E+00
     0     0   1.5227E+16   5.3070E-02   2.3451E-04   5.4708E-02   0.0000E+00   0.0000E+00
     0     0   1.8427E+16   5.1003E-02   2.3920E-04   4.9100E-02   0.0000E+00   0.0000E+00
     0     0   4.1231E+16   4.9224E-02   3.3893E-04   5.0075E-02   0.0000E+00   0.0000E+00
     0     0   8.3627E+16   3.0834E-02   5.3498E-04   4.9864E-02   0.0000E+00   0.0000E+00
     0     0   8.1958E+16   2.9887E-02   5.1347E-04   3.5990E-02   0.0000E+00   0.0000E+00
     0     0   1.8257E+17   2.4340E-02   7.9226E-04   3.1018E-02   0.0000E+00   0.0000E+00
     0     0   2.0510E+17   2.5839E-02   8.6390E-04   3.1910E-02   0.0000E+00   0.0000E+00
     0     0   2.5514E+17   1.9047E-01   8.9742E-04   3.1932E-02   0.0000E+00   0.0000E+00
     0     0   1.6927E+17   2.0802E-02   7.7469E-04   2.7024E-02   0.0000E+00   0.0000E+00
     0     0   2.0633E+17   1.8548E-02   8.7799E-04   2.2848E-02   0.0000E+00   0.0000E+00
     0     0   2.1085E+17   2.2183E-02   8.8619E-04   2.6611E-02   0.0000E+00   0.0000E+00
     0     0   2.4941E+16   5.8152E-02   2.3884E-04   5.4060E-02   0.0000E+00   0.0000E+00
     0     0   6.5226E+15   5.9362E-02   1.8849E-04   1.1558E-01   0.0000E+00   0.0000E+00
     0     0   9.6723E+15   6.6834E-02   1.7361E-04   6.2782E-02   0.0000E+00   0.0000E+00
     0     0   1.4996E+17   2.0039E-02   8.3934E-04   2.6964E-02   0.0000E+00   0.0000E+00
     0     0   3.9441E+16   3.3517E-02   3.5716E-04   4.4963E-02   0.0000E+00   0.0000E+00
     0     0   3.8532E+16   3.5113E-02   3.3889E-04   4.8884E-02   0.0000E+00   0.0000E+00
     0     0   4.7343E+16   3.3534E-02   4.4893E-04   4.7073E-02   0.0000E+00   0.0000E+00
     0     0   5.9254E+16   3.2714E-02   4.6211E-04   3.9654E-02   0.0000E+00   0.0000E+00
     0     0   4.3233E+16   3.0353E-02   3.9575E-04   3.8837E-02   0.0000E+00   0.0000E+00
     0     0   6.0785E+16   3.2175E-02   4.7695E-04   4.0866E-02   0.0000E+00   0.0000E+00
     0     0   6.1287E+16   3.3267E-02   4.6366E-04   4.5164E-02   0.0000E+00   0.0000E+00
     0     0   2.7805E+16   4.5101E-02   3.0230E-04   5.1909E-02   0.0000E+00   0.0000E+00
     0     0   3.0745E+16   3.8119E-02   3.3616E-04   5.2745E-02   0.0000E+00   0.0000E+00
     0     0   3.1122E+16   2.5218E-02   3.3047E-04   3.1793E-02   0.0000E+00   0.0000E+00
     0     0   3.7529E+16   3.6104E-02   3.7821E-04   4.8543E-02   0.0000E+00   0.0000E+00
     0     0   3.2930E+16   3.5960E-02   3.1774E-04   4.4062E-02   0.0000E+00   0.0000E+00
     0     0   3.0116E+16   4.0749E-02   3.2035E-04   4.5354E-02   0.0000E+00   0.0000E+00
     0     0   3.8112E+16   3.5745E-02   3.3395E-04   4.0135E-02   0.0000E+00   0.0000E+00
     0     0   2.7359E+16   3.6815E-02   3.1969E-04   5.1517E-02   0.0000E+00   0.0000E+00
     0     0   4.3532E+16   3.4074E-02   4.0516E-04   4.8022E-02   0.0000E+00   0.0000E+00
     0     0   1.7121E+17   2.0058E-02   8.2790E-04   2.5205E-02   0.0000E+00   0.0000E+00
     0     0   2.0575E+17   2.0768E-02   8.9378E-04   2.2198E-02   0.0000E+00   0.0000E+00
     0     0   2.1902E+17   2.3980E-02   9.1631E-04   3.1114E-02   0.0000E+00   0.0000E+00
     0     0   2.2010E+17   2.3750E-02   9.0586E-04   3.6831E-02   0.0000E+00   0.0000E+00
     0     0   2.1544E+17   2.1232E-02   8.8464E-04   3.0755E-02   0.0000E+00   0.0000E+00
     0     0   2.0778E+17   2.2118E-02   9.3779E-04   3.1914E-02   0.0000E+00   0.0000E+00
     0     0   1.7592E+17   1.8647E-02   8.4906E-04   2.5268E-02   0.0000E+00   0.0000E+00
     0     0   5.2802E+16   3.0982E-02   4.4155E-04   4.3161E-02   0.0000E+00   0.0000E+00
     0     0   6.8300E+16   2.3394E-02   5.1452E-04   3.5090E-02   0.0000E+00   0.0000E+00
     0     0   3.7197E+16   3.6847E-02   3.7597E-04   4.9243E-02   0.0000E+00   0.0000E+00
     0     0   7.6746E+16   3.0294E-02   5.8119E-04   4.2698E-02   0.0000E+00   0.0000E+00
     0     0   7.6151E+16   3.0831E-02   5.2116E-04   3.9847E-02   0.0000E+00   0.0000E+00
     0     0   2.3245E+16   4.0886E-02   2.7521E-04   5.4479E-02   0.0000E+00   0.0000E+00
     0     0   9.1980E+16   2.9636E-02   6.0950E-04   3.6728E-02   0.0000E+00   0.0000E+00
     0     0   7.8881E+16   2.5222E-02   5.8743E-04   3.2972E-02   0.0000E+00   0.0000E+00
     0     0   1.9778E+17   1.7330E-02   8.6721E-04   2.3045E-02   0.0000E+00   0.0000E+00
     0     0   1.6742E+17   2.2101E-02   7.9077E-04   2.4020E-02   0.0000E+00   0.0000E+00
     0     0   1.8724E+17   2.0906E-02   8.3557E-04   2.5336E-02   0.0000E+00   0.0000E+00
     0     0   2.1065E+17   2.0362E-02   8.9961E-04   2.6926E-02   0.0000E+00   0.0000E+00
     0     0   2.1525E+17   1.7968E-02   9.0709E-04   2.1654E-02   0.0000E+00   0.0000E+00
     0     0   2.1626E+17   2.2051E-02   9.0937E-04   2.7852E-02   0.0000E+00   0.0000E+00
     0     0   1.2579E+17   2.2684E-02   7.6227E-04   2.9981E-02   0.0000E+00   0.0000E+00
     0     0   1.7728E+17   2.0154E-02   8.3974E-04   2.3427E-02   0.0000E+00   0.0000E+00
     0     0   2.1104E+17   1.8149E-02   9.0323E-04   2.3128E-02   0.0000E+00   0.0000E+00
     0     0   1.9395E+17   1.6252E-02   8.7018E-04   2.1733E-02   0.0000E+00   0.0000E+00
     0     0   2.1559E+17   2.9590E-02   8.6091E-04   3.3435E-02   0.0000E+00   0.0000E+00
     0     0   2.1611E+17   2.1232E-02   8.9894E-04   2.7700E-02   0.0000E+00   0.0000E+00
     0     0   1.9833E+17   1.7505E-02   8.7971E-04   2.2882E-02   0.0000E+00   0.0000E+00
     0     0   2.0842E+17   1.8236E-02   8.9120E-04   2.3529E-02   0.0000E+00   0.0000E+00
     0     0   2.1634E+17   2.0313E-02   8.5977E-04   2.4624E-02   0.0000E+00   0.0000E+00
     0     0   2.1399E+17   2.0983E-02   9.2429E-04   2.9131E-02   0.0000E+00   0.0000E+00
     0     0   2.1826E+17   1.9791E-02   9.3866E-04   2.6776E-02   0.0000E+00   0.0000E+00
     0     0   2.1087E+17   1.9186E-02   8.5372E-04   2.3511E-02   0.0000E+00   0.0000E+00
     0     0   9.9652E+15   5.6484E-02   1.9671E-04   5.7711E-02   0.0000E+00   0.0000E+00
     0     0   7.6615E+15   5.3696E-02   1.6371E-04   5.6873E-02   0.0000E+00   0.0000E+00
     0     0   8.9947E+15   5.5121E-02   1.7639E-04   5.8828E-02   0.0000E+00   0.0000E+00
     0     0   9.7002E+15   5.8129E-02   1.6387E-04   5.3676E-02   0.0000E+00   0.0000E+00
     0     0   7.2724E+15   7.1671E-02   1.7307E-04   7.0720E-02   0.0000E+00   0.0000E+00
     0     0   7.0980E+15   6.2099E-02   1.6837E-04   6.4510E-02   0.0000E+00   0.0000E+00
     0     0   9.8323E+15   5.6611E-02   1.6891E-04   6.4974E-02   0.0000E+00   0.0000E+00
     0     0   9.8709E+15   5.8611E-02   2.0009E-04   5.6743E-02   0.0000E+00   0.0000E+00
     0     0   2.1580E+17   3.7293E-02   8.7567E-04   6.3747E-02   0.0000E+00   0.0000E+00
     0     0   2.1185E+16   3.8349E-02   2.2823E-04   4.2446E-02   0.0000E+00   0.0000E+00
     0     0   6.6410E+15   5.9938E-02   1.5642E-04   9.9094E-02   0.0000E+00   0.0000E+00
     0     0   9.5728E+15   5.8797E-02   2.1453E-04   5.9312E-02   0.0000E+00   0.0000E+00
     0     0   7.9515E+15   6.7609E-02   1.8444E-04   9.0970E-02   0.0000E+00   0.0000E+00
     0     0   1.6334E+16   3.4971E-01   1.6635E-04   7.3142E-02   0.0000E+00   0.0000E+00
     0     0   1.0495E+16   2.6625E-02   2.0349E-04   3.0843E-02   0.0000E+00   0.0000E+00
     0     0   2.2933E+17   3.6024E-02   8.8057E-04   4.3612E-02   0.0000E+00   0.0000E+00
     0     0   2.1911E+17   2.1958E-02   9.1790E-04   3.4051E-02   0.0000E+00   0.0000E+00
     0     0   2.1829E+17   2.4829E-02   8.8951E-04   2.9743E-02   0.0000E+00   0.0000E+00
     0     0   2.2977E+17   4.1931E-02   8.7532E-04   5.0006E-02   0.0000E+00   0.0000E+00
     0     0   2.2155E+17   2.0309E-02   9.2177E-04   2.8448E-02   0.0000E+00   0.0000E+00
     0     0   2.2294E+17   2.5334E-02   8.7541E-04   2.7567E-02   0.0000E+00   0.0000E+00
     0     0   2.1652E+17   1.7608E-02   8.8308E-04   1.9928E-02   0.0000E+00   0.0000E+00
     0     0   2.0908E+17   1.6220E-02   9.0385E-04   2.2386E-02   0.0000E+00   0.0000E+00
     0     0   2.1613E+17   3.2682E-02   9.1932E-04   4.3944E-02   0.0000E+00   0.0000E+00
     0     0   2.2154E+17   3.6492E-02   9.2441E-04   3.1538E-02   0.0000E+00   0.0000E+00
     0     0   2.1801E+17   2.1077E-02   9.1775E-04   2.8317E-02   0.0000E+00   0.0000E+00
     0     0   2.1420E+17   2.2840E-02   8.7414E-04   2.6716E-02   0.0000E+00   0.0000E+00
     0     0   2.0280E+17   2.0860E-02   8.8322E-04   2.9695E-02   0.0000E+00   0.0000E+00
     0     0   2.2139E+17   2.7851E-02   9.0762E-04   3.8053E-02   0.0000E+00   0.0000E+00
     0     0   2.2455E+17   2.2083E-02   9.1172E-04   2.7803E-02   0.0000E+00   0.0000E+00
     0     0   2.1360E+17   1.8592E-02   9.0807E-04   2.4815E-02   0.0000E+00   0.0000E+00
     0     0   2.1553E+17   2.7395E-02   8.8757E-04   3.4014E-02   0.0000E+00   0.0000E+00
     0     0   2.2032E+17   2.0299E-02   9.6031E-04   2.8531E-02   0.0000E+00   0.0000E+00
     0     0   2.0540E+17   3.9883E-02   8.6569E-04   2.3678E-02   0.0000E+00   0.0000E+00
     0     0   2.1162E+17   2.0944E-02   9.2350E-04   2.8284E-02   0.0000E+00   0.0000E+00
     0     0   1.9944E+17   2.4557E-02   8.3834E-04   2.7550E-02   0.0000E+00   0.0000E+00
     0     0   1.7746E+17   2.8536E-02   7.9125E-04   2.6045E-02   0.0000E+00   0.0000E+00
     0     0   1.8473E+17   2.1947E-02   8.5400E-04   3.1857E-02   0.0000E+00   0.0000E+00
     0     0   2.1964E+17   2.6268E-02   9.2150E-04   3.0664E-02   0.0000E+00   0.0000E+00
     0     0   4.9378E+16   3.4791E-02   3.9111E-04   4.5015E-02   0.0000E+00   0.0000E+00
     0     0   9.7331E+15   2.9272E-02   2.0376E-04   3.1236E-02   0.0000E+00   0.0000E+00
     0     0   1.2244E+16   5.4274E-02   2.2870E-04   6.3234E-02   0.0000E+00   0.0000E+00
     0     0   4.1777E+16   3.7377E-02   3.8506E-04   4.0891E-02   0.0000E+00   0.0000E+00
     0     0   2.1317E+16   4.4644E-02   2.8713E-04   5.3960E-02   0.0000E+00   0.0000E+00
     0     0   2.0389E+16   4.1895E-02   2.7062E-04   7.2724E-02   0.0000E+00   0.0000E+00
     0     0   3.5072E+16   3.8582E-02   3.4822E-04   4.3623E-02   0.0000E+00   0.0000E+00
     0     0   1.7196E+16   6.2464E-02   2.4817E-04   4.7660E-02   0.0000E+00   0.0000E+00
     0     0   1.0857E+17   2.2163E-02   6.6742E-04   3.5597E-02   0.0000E+00   0.0000E+00
     0     0   1.5130E+17   2.1321E-02   7.5676E-04   2.6975E-02   0.0000E+00   0.0000E+00
     0     0   2.2791E+17   2.4324E-02   9.2777E-04   2.8758E-02   0.0000E+00   0.0000E+00
     0     0   2.1716E+17   5.0591E-02   8.0094E-04   6.4882E-02   0.0000E+00   0.0000E+00
     0     0   2.4036E+17   3.7680E-02   9.3748E-04   4.5832E-02   0.0000E+00   0.0000E+00
     0     0   2.2893E+17   4.0287E-02   9.4451E-04   5.5064E-02   0.0000E+00   0.0000E+00
     0     0   2.3135E+17   2.8579E-02   9.3833E-04   4.0516E-02   0.0000E+00   0.0000E+00
     0     0   2.2825E+17   2.8549E-02   8.9910E-04   3.1154E-02   0.0000E+00   0.0000E+00
     0     0   1.8763E+17   2.0592E-02   8.5605E-04   2.3569E-02   0.0000E+00   0.0000E+00
     0     0   2.2499E+17   2.9825E-02   9.1550E-04   3.9453E-02   0.0000E+00   0.0000E+00
     0     0   2.2588E+17   3.1308E-02   9.2343E-04   4.2360E-02   0.0000E+00   0.0000E+00
     0     0   2.1861E+17   2.1685E-02   9.0436E-04   2.8687E-02   0.0000E+00   0.0000E+00
     0     0   1.4869E+17   1.8102E-02   7.9843E-04   2.5799E-02   0.0000E+00   0.0000E+00
     0     0   2.1878E+17   2.7934E-02   8.9193E-04   4.1718E-02   0.0000E+00   0.0000E+00
     0     0   2.2248E+17   2.2261E-02   9.2452E-04   3.1992E-02   0.0000E+00   0.0000E+00
     0     0   2.2797E+17   3.2698E-02   8.7796E-04   2.6387E-02   0.0000E+00   0.0000E+00
     0     0   1.9531E+17   1.8032E-02   8.7980E-04   2.2457E-02   0.0000E+00   0.0000E+00
     0     0   2.0719E+17   1.9894E-02   9.5540E-04   3.0704E-02   0.0000E+00   0.0000E+00
     0     0   2.1724E+17   2.0873E-02   9.0014E-04   2.7710E-02   0.0000E+00   0.0000E+00
     0     0   8.5436E+16   2.9082E-02   4.9095E-04   3.0184E-02   0.0000E+00   0.0000E+00
     0     0   1.7031E+17   3.0711E-02   7.6295E-04   4.1516E-02   0.0000E+00   0.0000E+00
     0     0   2.0398E+17   1.9795E-02   9.0120E-04   2.4318E-02   0.0000E+00   0.0000E+00
     0     0   2.1997E+17   1.9781E-02   9.0077E-04   2.3532E-02   0.0000E+00   0.0000E+00
     0     0   1.6599E+17   2.7175E-02   7.8404E-04   4.3652E-02   0.0000E+00   0.0000E+00
     0     0   9.1261E+16   2.7784E-02   5.2357E-04   3.9658E-02   0.0000E+00   0.0000E+00
     0     0   2.1450E+17   2.6227E-02   8.6176E-04   2.7495E-02   0.0000E+00   0.0000E+00
     0     0   1.1968E+17   2.5010E-02   6.6839E-04   3.1173E-02   0.0000E+00   0.0000E+00
     0     0   2.3099E+17   2.2248E-02   9.0822E-04   2.5724E-02   0.0000E+00   0.0000E+00
     0     0   2.3269E+17   4.5887E-02   9.0503E-04   2.9634E-02   0.0000E+00   0.0000E+00
     0     0   2.2304E+17   2.0614E-02   9.3707E-04   2.9223E-02   0.0000E+00   0.0000E+00
     0     0   1.9206E+17   1.9799E-02   9.0394E-04   2.6510E-02   0.0000E+00   0.0000E+00
     0     0   2.1363E+17   2.2774E-02   9.2336E-04   2.9295E-02   0.0000E+00   0.0000E+00
     0     0   2.1081E+17   1.7966E-02   9.0208E-04   2.1819E-02   0.0000E+00   0.0000E+00
     0     0   2.2487E+17   2.1447E-02   9.2309E-04   2.4900E-02   0.0000E+00   0.0000E+00
     0     0   1.6697E+17   1.9016E-02   8.2397E-04   2.5251E-02   0.0000E+00   0.0000E+00
     0     0   1.5497E+17   1.9675E-02   8.0574E-04   2.6721E-02   0.0000E+00   0.0000E+00
     0     0   2.0537E+17   1.8966E-02   8.8399E-04   2.3911E-02   0.0000E+00   0.0000E+00
     0     0   2.1537E+17   1.7817E-02   9.0615E-04   2.3126E-02   0.0000E+00   0.0000E+00
     0     0   2.0544E+17   1.7368E-02   8.4448E-04   2.0874E-02   0.0000E+00   0.0000E+00
     0     0   2.1391E+17   1.6939E-02   8.9060E-04   2.2943E-02   0.0000E+00   0.0000E+00
     0     0   1.5251E+17   2.0791E-02   8.4239E-04   2.6556E-02   0.0000E+00   0.0000E+00
     0     0   2.1339E+17   2.2295E-02   8.8612E-04   3.0259E-02   0.0000E+00   0.0000E+00
     0     0   1.7139E+17   2.0934E-02   7.8908E-04   2.3085E-02   0.0000E+00   0.0000E+00
     0     0   8.3508E+16   2.9734E-02   5.5588E-04   3.9618E-02   0.0000E+00   0.0000E+00
     0     0   1.0124E+17   2.6260E-02   6.5452E-04   4.9241E-02   0.0000E+00   0.0000E+00
     0     0   1.7296E+17   2.0805E-02   7.8497E-04   2.5450E-02   0.0000E+00   0.0000E+00
     0     0   1.9511E+17   1.8883E-02   8.3588E-04   2.4506E-02   0.0000E+00   0.0000E+00
     0     0   2.1424E+17   3.0390E-02   8.5906E-04   2.8106E-02   0.0000E+00   0.0000E+00
     0     0   2.1024E+17   2.0911E-02   8.6614E-04   2.5972E-02   0.0000E+00   0.0000E+00
     0     0   1.8504E+17   1.8439E-02   8.3810E-04   2.5185E-02   0.0000E+00   0.0000E+00
     0     0   2.0345E+17   1.5974E-02   8.6705E-04   1.9906E-02   0.0000E+00   0.0000E+00
     0     0   2.2327E+17   2.2263E-02   8.9559E-04   2.4958E-02   0.0000E+00   0.0000E+00
     0     0   2.2826E+17   4.6888E-02   8.6129E-04   2.3111E-02   0.0000E+00   0.0000E+00
     0     0   2.1954E+17   2.1234E-02   9.0957E-04   3.0794E-02   0.0000E+00   0.0000E+00
     0     0   2.1019E+17   1.7180E-02   9.2057E-04   2.2991E-02   0.0000E+00   0.0000E+00
     0     0   2.0586E+17   2.1582E-02   9.1678E-04   2.6016E-02   0.0000E+00   0.0000E+00
     0     0   2.1108E+17   1.7921E-02   8.8409E-04   2.2904E-02   0.0000E+00   0.0000E+00
     0     0   2.0559E+17   1.9101E-02   8.9279E-04   2.2673E-02   0.0000E+00   0.0000E+00
     0     0   2.0405E+17   1.9134E-02   8.9821E-04   2.3586E-02   0.0000E+00   0.0000E+00
     0     0   2.0548E+17   2.0576E-02   8.4428E-04   2.4455E-02   0.0000E+00   0.0000E+00
     0     0   1.4421E+17   2.1180E-02   8.0942E-04   3.0939E-02   0.0000E+00   0.0000E+00
     0     0   1.8529E+17   1.8336E-02   8.2033E-04   2.3347E-02   0.0000E+00   0.0000E+00
     0     0   2.1529E+17   1.9307E-02   9.3309E-04   2.5697E-02   0.0000E+00   0.0000E+00
     0     0   1.9973E+17   2.3329E-02   8.5077E-04   3.1460E-02   0.0000E+00   0.0000E+00
     0     0   1.5156E+17   2.1596E-02   7.2550E-04   2.5280E-02   0.0000E+00   0.0000E+00
     0     0   1.8992E+17   1.8202E-02   8.3514E-04   2.1510E-02   0.0000E+00   0.0000E+00
     0     0   1.5366E+17   1.7556E-02   8.2459E-04   2.4538E-02   0.0000E+00   0.0000E+00
     0     0   8.4441E+16   2.4738E-02   5.0677E-04   2.8802E-02   0.0000E+00   0.0000E+00
     0     0   1.3375E+17   2.0475E-02   6.7430E-04   2.6215E-02   0.0000E+00   0.0000E+00
     0     0   1.9926E+17   2.0191E-02   8.6778E-04   2.2240E-02   0.0000E+00   0.0000E+00
     0     0   1.4426E+17   2.2311E-02   7.7778E-04   3.0034E-02   0.0000E+00   0.0000E+00
     0     0   1.8696E+17   1.6775E-02   8.8495E-04   2.2967E-02   0.0000E+00   0.0000E+00
     0     0   1.1874E+17   2.2555E-02   6.7492E-04   2.7400E-02   0.0000E+00   0.0000E+00
     0     0   2.0216E+17   1.8487E-02   8.7066E-04   2.2684E-02   0.0000E+00   0.0000E+00
     0     0   2.1000E+17   1.7609E-02   8.7355E-04   2.0385E-02   0.0000E+00   0.0000E+00
     0     0   1.7154E+17   2.0176E-02   7.6673E-04   2.4196E-02   0.0000E+00   0.0000E+00
     0     0   1.2242E+17   2.6395E-02   6.2234E-04   3.0721E-02   0.0000E+00   0.0000E+00
     0     0   2.4684E+16   4.4944E-02   2.4250E-04   4.3665E-02   0.0000E+00   0.0000E+00
     0     0   5.9656E+15   6.2879E-02   1.5210E-04   6.8969E-02   0.0000E+00   0.0000E+00
     0     0   3.8596E+16   3.4674E-02   3.3047E-04   4.5692E-02   0.0000E+00   0.0000E+00
     0     0   4.5363E+16   3.0682E-02   4.1765E-04   4.0252E-02   0.0000E+00   0.0000E+00
     0     0   2.9400E+16   3.7935E-02   2.9059E-04   4.3545E-02   0.0000E+00   0.0000E+00
     0     0   5.4138E+16   3.3101E-02   4.5878E-04   4.5767E-02   0.0000E+00   0.0000E+00
     0     0   5.3118E+16   3.1483E-02   4.2078E-04   3.9352E-02   0.0000E+00   0.0000E+00
     0     0   6.5312E+16   2.6285E-02   5.0380E-04   4.4110E-02   0.0000E+00   0.0000E+00
     0     0   1.8661E+17   2.0381E-02   8.4386E-04   2.3076E-02   0.0000E+00   0.0000E+00
     0     0   1.3881E+17   1.8587E-02   8.3028E-04   2.6798E-02   0.0000E+00   0.0000E+00
     0     0   2.0898E+17   1.9818E-02   8.6770E-04   2.3901E-02   0.0000E+00   0.0000E+00
     0     0   2.0510E+17   1.9832E-02   8.7759E-04   2.4337E-02   0.0000E+00   0.0000E+00
     0     0   1.8538E+17   2.1142E-02   8.6872E-04   2.9283E-02   0.0000E+00   0.0000E+00
     0     0   1.7311E+17   1.8964E-02   8.2700E-04   2.6453E-02   0.0000E+00   0.0000E+00
     0     0   1.0001E+17   3.2101E-02   5.7374E-04   3.4921E-02   0.0000E+00   0.0000E+00
     0     0   3.8623E+16   3.6011E-02   3.4411E-04   4.7655E-02   0.0000E+00   0.0000E+00
     0     0   1.4905E+16   6.6905E-02   2.1467E-04   5.6517E-02   0.0000E+00   0.0000E+00
     0     0   9.2691E+15   6.3245E-02   1.9429E-04   5.2895E-02   0.0000E+00   0.0000E+00
     0     0   1.5818E+16   5.9794E-02   2.3075E-04   5.0035E-02   0.0000E+00   0.0000E+00
     0     0   6.2684E+15   6.5267E-02   1.5831E-04   6.4186E-02   0.0000E+00   0.0000E+00
     0     0   5.2330E+16   2.7715E-02   4.3758E-04   3.8319E-02   0.0000E+00   0.0000E+00
     0     0   5.8708E+16   2.7762E-02   4.7534E-04   4.3204E-02   0.0000E+00   0.0000E+00
     0     0   1.2678E+16   7.1720E-02   2.1950E-04   6.2732E-02   0.0000E+00   0.0000E+00
     0     0   2.0297E+16   5.8679E-02   2.8641E-04   7.0646E-02   0.0000E+00   0.0000E+00
     0     0   7.8949E+16   2.8363E-02   5.5470E-04   3.4536E-02   0.0000E+00   0.0000E+00
     0     0   6.6157E+16   3.4800E-02   4.7986E-04   4.5204E-02   0.0000E+00   0.0000E+00
     0     0   9.5886E+16   2.3629E-02   6.4330E-04   3.2742E-02   0.0000E+00   0.0000E+00
     0     0   1.3014E+17   2.3326E-02   6.9840E-04   3.0004E-02   0.0000E+00   0.0000E+00
     0     0   6.0271E+16   3.3911E-02   4.5444E-04   4.0959E-02   0.0000E+00   0.0000E+00
     0     0   5.0702E+16   3.0886E-02   4.3009E-04   4.1392E-02   0.0000E+00   0.0000E+00
     0     0   2.0181E+17   2.7330E-02   8.7845E-04   2.7358E-02   0.0000E+00   0.0000E+00
     0     0   1.9784E+17   1.9464E-02   8.8451E-04   2.3917E-02   0.0000E+00   0.0000E+00
     0     0   1.1497E+17   2.5855E-02   6.1711E-04   3.1772E-02   0.0000E+00   0.0000E+00
     0     0   5.0028E+16   3.1712E-02   3.6665E-04   3.7469E-02   0.0000E+00   0.0000E+00
     0     0   6.3205E+15   6.3067E-02   1.5906E-04   7.2038E-02   0.0000E+00   0.0000E+00
     0     0   6.5866E+15   6.1500E-02   1.5860E-04   6.2453E-02   0.0000E+00   0.0000E+00
     0     0   4.6163E+16   3.4557E-02   3.9543E-04   3.9036E-02   0.0000E+00   0.0000E+00
     0     0   4.4796E+16   3.2762E-02   3.7735E-04   3.9517E-02   0.0000E+00   0.0000E+00
     0     0   5.1132E+16   2.7262E-02   4.4609E-04   3.6207E-02   0.0000E+00   0.0000E+00
     0     0   4.8064E+16   3.3611E-02   3.8975E-04   3.9732E-02   0.0000E+00   0.0000E+00
     0     0   9.0426E+16   2.6752E-02   5.9565E-04   3.1022E-02   0.0000E+00   0.0000E+00
     0     0   8.1544E+16   2.5036E-02   5.2436E-04   3.0356E-02   0.0000E+00   0.0000E+00
     0     0   5.2194E+16   3.3592E-02   4.0797E-04   3.7254E-02   0.0000E+00   0.0000E+00
     0     0   4.9960E+16   3.3352E-02   3.9637E-04   3.8712E-02   0.0000E+00   0.0000E+00
     0     0   5.0494E+16   3.1429E-02   4.0089E-04   3.4274E-02   0.0000E+00   0.0000E+00
     0     0   5.3923E+16   3.3240E-02   3.9468E-04   3.8018E-02   0.0000E+00   0.0000E+00
     0     0   7.1940E+16   2.8192E-02   4.9632E-04   3.8885E-02   0.0000E+00   0.0000E+00
     0     0   7.0437E+16   2.7448E-02   5.1685E-04   4.0186E-02   0.0000E+00   0.0000E+00
     0     0   5.6399E+16   2.7536E-02   4.6595E-04   3.8684E-02   0.0000E+00   0.0000E+00
     0     0   5.4999E+16   3.1713E-02   4.2773E-04   4.6915E-02   0.0000E+00   0.0000E+00
     0     0   5.7460E+16   3.2682E-02   4.5043E-04   4.9632E-02   0.0000E+00   0.0000E+00
     0     0   5.5537E+16   3.1391E-02   4.3205E-04   4.2382E-02   0.0000E+00   0.0000E+00
     0     0   6.3113E+16   2.9035E-02   4.6945E-04   3.3155E-02   0.0000E+00   0.0000E+00
     0     0   5.8814E+16   3.1559E-02   4.7843E-04   4.2677E-02   0.0000E+00   0.0000E+00
     0     0   6.2800E+16   3.0808E-02   4.9812E-04   4.0012E-02   0.0000E+00   0.0000E+00
     0     0   6.3225E+16   3.1927E-02   4.7954E-04   4.0664E-02   0.0000E+00   0.0000E+00
     0     0   5.9655E+16   2.8474E-02   4.3862E-04   3.6210E-02   0.0000E+00   0.0000E+00
     0     0   5.6803E+16   3.7231E-02   4.4609E-04   4.2458E-02   0.0000E+00   0.0000E+00
     0     0   6.6884E+16   2.9919E-02   4.9216E-04   3.9924E-02   0.0000E+00   0.0000E+00
     0     0   6.8614E+16   2.9157E-02   5.2580E-04   4.6191E-02   0.0000E+00   0.0000E+00
     0     0   6.1739E+16   3.1478E-02   4.4669E-04   3.8119E-02   0.0000E+00   0.0000E+00
     0     0   6.0781E+16   2.6467E-02   4.4792E-04   3.3087E-02   0.0000E+00   0.0000E+00
     0     0   6.2052E+16   3.0793E-02   4.5156E-04   3.6682E-02   0.0000E+00   0.0000E+00
     0     0   6.5052E+16   3.0144E-02   4.7148E-04   4.1505E-02   0.0000E+00   0.0000E+00
     0     0   7.0351E+16   2.7045E-02   4.8281E-04   3.2860E-02   0.0000E+00   0.0000E+00
     0     0   6.2675E+16   3.0868E-02   4.7461E-04   3.9721E-02   0.0000E+00   0.0000E+00
     0     0   8.1166E+16   2.9458E-02   5.5512E-04   3.8809E-02   0.0000E+00   0.0000E+00
     0     0   8.4026E+16   2.6499E-02   5.1202E-04   3.2054E-02   0.0000E+00   0.0000E+00
     0     0   6.8727E+16   2.8392E-02   4.7358E-04   3.6224E-02   0.0000E+00   0.0000E+00
     0     0   6.5817E+16   2.6028E-02   4.7146E-04   3.3751E-02   0.0000E+00   0.0000E+00
     0     0   4.2047E+16   3.2469E-02   3.7139E-04   4.2066E-02   0.0000E+00   0.0000E+00
     0     0   3.9467E+16   3.7043E-02   3.6677E-04   4.4138E-02   0.0000E+00   0.0000E+00
     0     0   1.4566E+17   2.2017E-02   8.0038E-04   2.9321E-02   0.0000E+00   0.0000E+00
     0     0   1.6194E+17   1.8318E-02   8.6282E-04   2.5707E-02   0.0000E+00   0.0000E+00
     0     0   1.8711E+17   1.9231E-02   8.3194E-04   2.4678E-02   0.0000E+00   0.0000E+00
     0     0   1.6183E+17   1.7627E-02   8.1303E-04   2.2393E-02   0.0000E+00   0.0000E+00
     0     0   1.5537E+17   2.0335E-02   7.6457E-04   2.4120E-02   0.0000E+00   0.0000E+00
     0     0   1.3855E+17   1.9721E-02   7.3253E-04   2.8510E-02   0.0000E+00   0.0000E+00
     0     0   1.4148E+17   2.1964E-02   7.0887E-04   2.6979E-02   0.0000E+00   0.0000E+00
     0     0   8.5011E+16   2.4171E-02   5.5461E-04   3.6487E-02   0.0000E+00   0.0000E+00
     0     0   1.4713E+17   2.1420E-02   7.5376E-04   2.7340E-02   0.0000E+00   0.0000E+00
     0     0   1.5525E+17   1.9770E-02   7.8378E-04   2.9154E-02   0.0000E+00   0.0000E+00
     0     0   1.6584E+17   2.0696E-02   7.6284E-04   2.4301E-02   0.0000E+00   0.0000E+00
     0     0   1.3962E+17   2.0784E-02   6.9569E-04   2.5013E-02   0.0000E+00   0.0000E+00
     0     0   1.7926E+17   1.9976E-02   8.0579E-04   2.3707E-02   0.0000E+00   0.0000E+00
     0     0   1.4460E+17   2.2912E-02   7.3024E-04   2.6202E-02   0.0000E+00   0.0000E+00
     0     0   1.0317E+17   2.1697E-02   6.1038E-04   3.6025E-02   0.0000E+00   0.0000E+00
     0     0   6.1701E+16   3.7939E-02   4.2211E-04   4.0519E-02   0.0000E+00   0.0000E+00
     0     0   4.8971E+16   2.7201E-02   4.0183E-04   3.3941E-02   0.0000E+00   0.0000E+00
     0     0   9.0936E+16   2.5100E-02   6.0584E-04   4.6247E-02   0.0000E+00   0.0000E+00
     0     0   1.1171E+17   2.2462E-02   6.5253E-04   3.1068E-02   0.0000E+00   0.0000E+00
     0     0   1.7728E+17   2.1070E-02   8.6744E-04   2.8385E-02   0.0000E+00   0.0000E+00
     0     0   1.0875E+17   2.5440E-02   5.9339E-04   3.9305E-02   0.0000E+00   0.0000E+00
     0     0   9.0224E+16   2.9553E-02   5.5946E-04   3.8627E-02   0.0000E+00   0.0000E+00
     0     0   3.1433E+16   4.8284E-02   2.7489E-04   4.7441E-02   0.0000E+00   0.0000E+00
     0     0   1.0904E+16   6.4521E-02   2.1117E-04   5.9374E-02   0.0000E+00   0.0000E+00
     0     0   4.2019E+16   3.7663E-02   3.0357E-04   4.1394E-02   0.0000E+00   0.0000E+00
     0     0   3.9316E+16   3.9632E-02   3.1676E-04   4.5961E-02   0.0000E+00   0.0000E+00
     0     0   4.9867E+16   2.9167E-02   3.9827E-04   3.6640E-02   0.0000E+00   0.0000E+00
     0     0   4.7462E+16   3.3138E-02   3.8043E-04   3.8677E-02   0.0000E+00   0.0000E+00
     0     0   4.4082E+16   3.3645E-02   3.5181E-04   4.0046E-02   0.0000E+00   0.0000E+00
     0     0   3.8732E+16   3.3755E-02   3.4624E-04   4.0009E-02   0.0000E+00   0.0000E+00
     0     0   4.6673E+16   3.5275E-02   3.7967E-04   4.3283E-02   0.0000E+00   0.0000E+00
     0     0   4.0231E+16   3.3869E-02   3.4110E-04   4.1779E-02   0.0000E+00   0.0000E+00
     0     0   3.9742E+16   3.9539E-02   3.6334E-04   4.7817E-02   0.0000E+00   0.0000E+00
     0     0   3.4331E+16   3.1787E-02   3.4818E-04   4.3936E-02   0.0000E+00   0.0000E+00
     0     0   3.8680E+16   3.2923E-02   3.7111E-04   3.9915E-02   0.0000E+00   0.0000E+00
     0     0   4.1051E+16   3.4190E-02   3.9169E-04   4.0677E-02   0.0000E+00   0.0000E+00
     0     0   4.3846E+16   3.0844E-02   3.7842E-04   3.6290E-02   0.0000E+00   0.0000E+00
     0     0   2.6830E+16   4.8804E-02   3.2710E-04   6.5399E-02   0.0000E+00   0.0000E+00
     0     0   4.0203E+16   3.2457E-02   3.6217E-04   4.3785E-02   0.0000E+00   0.0000E+00
     0     0   3.5445E+16   3.7704E-02   3.6823E-04   5.2718E-02   0.0000E+00   0.0000E+00
     0     0   3.8158E+16   3.5595E-02   3.4884E-04   4.3077E-02   0.0000E+00   0.0000E+00
     0     0   3.2904E+16   3.6948E-02   3.2607E-04   4.4457E-02   0.0000E+00   0.0000E+00
     0     0   5.0226E+16   2.8881E-02   3.9527E-04   3.6378E-02   0.0000E+00   0.0000E+00
     0     0   3.8833E+16   3.3042E-02   3.5031E-04   4.0956E-02   0.0000E+00   0.0000E+00
     0     0   4.0210E+16   3.5618E-02   3.5403E-04   4.8117E-02   0.0000E+00   0.0000E+00
     0     0   3.7427E+16   3.5841E-02   3.3360E-04   4.2726E-02   0.0000E+00   0.0000E+00
     0     0   4.1380E+16   3.3157E-02   3.7541E-04   4.0440E-02   0.0000E+00   0.0000E+00
     0     0   3.9368E+16   3.7477E-02   3.7284E-04   4.3371E-02   0.0000E+00   0.0000E+00
     0     0   7.7514E+16   2.4596E-02   5.4320E-04   3.6221E-02   0.0000E+00   0.0000E+00
     0     0   7.3679E+16   2.6518E-02   5.2167E-04   3.1832E-02   0.0000E+00   0.0000E+00
     0     0   7.6670E+16   2.8937E-02   5.8830E-04   4.3790E-02   0.0000E+00   0.0000E+00
     0     0   7.3630E+16   2.7737E-02   5.3601E-04   4.5228E-02   0.0000E+00   0.0000E+00
     0     0   6.6045E+16   2.9555E-02   4.9358E-04   3.9302E-02   0.0000E+00   0.0000E+00
     0     0   6.5333E+16   3.0953E-02   5.0873E-04   4.3479E-02   0.0000E+00   0.0000E+00
     0     0   1.3687E+17   2.1573E-02   7.9639E-04   3.5152E-02   0.0000E+00   0.0000E+00
     0     0   1.5251E+17   1.7684E-02   8.1166E-04   2.4306E-02   0.0000E+00   0.0000E+00
     0     0   1.3315E+17   2.0220E-02   7.5271E-04   2.5086E-02   0.0000E+00   0.0000E+00
     0     0   1.5764E+17   1.9701E-02   7.8257E-04   2.4786E-02   0.0000E+00   0.0000E+00
     0     0   1.6550E+17   2.0947E-02   8.7603E-04   2.9224E-02   0.0000E+00   0.0000E+00
     0     0   1.6918E+17   1.8944E-02   8.6291E-04   2.7502E-02   0.0000E+00   0.0000E+00
     0     0   1.1581E+17   2.1541E-02   6.9774E-04   3.5879E-02   0.0000E+00   0.0000E+00
     0     0   1.4484E+17   2.4051E-02   6.9895E-04   2.7666E-02   0.0000E+00   0.0000E+00
     0     0   1.7903E+17   1.9254E-02   8.1681E-04   2.4185E-02   0.0000E+00   0.0000E+00
     0     0   1.6368E+17   1.9157E-02   7.9022E-04   2.1993E-02   0.0000E+00   0.0000E+00
     0     0   1.0045E+17   2.7859E-02   5.9431E-04   3.4241E-02   0.0000E+00   0.0000E+00
     0     0   9.7989E+16   2.7986E-02   5.6254E-04   3.7016E-02   0.0000E+00   0.0000E+00
     0     0   6.8948E+16   2.8610E-02   4.8611E-04   3.5513E-02   0.0000E+00   0.0000E+00
     0     0   6.6252E+16   3.0604E-02   4.4142E-04   3.4596E-02   0.0000E+00   0.0000E+00
     0     0   7.5987E+16   3.3933E-02   4.7362E-04   3.5820E-02   0.0000E+00   0.0000E+00
     0     0   7.5380E+16   3.0004E-02   4.8833E-04   3.4097E-02   0.0000E+00   0.0000E+00
     0     0   4.6219E+16   3.4067E-02   3.7660E-04   4.3419E-02   0.0000E+00   0.0000E+00
     0     0   1.2056E+17   2.2873E-02   6.0783E-04   2.6625E-02   0.0000E+00   0.0000E+00
     0     0   8.3854E+16   2.6928E-02   6.0591E-04   4.4190E-02   0.0000E+00   0.0000E+00
     0     0   8.8423E+16   2.3621E-02   5.8950E-04   3.4713E-02   0.0000E+00   0.0000E+00
     0     0   9.9831E+16   2.4472E-02   6.3897E-04   3.5223E-02   0.0000E+00   0.0000E+00
     0     0   9.5381E+16   2.3380E-02   5.9780E-04   3.0898E-02   0.0000E+00   0.0000E+00
     0     0   1.1287E+17   2.3635E-02   6.8078E-04   2.9066E-02   0.0000E+00   0.0000E+00
     0     0   1.6406E+17   2.2682E-02   7.9122E-04   2.4210E-02   0.0000E+00   0.0000E+00
     0     0   1.2601E+17   2.5410E-02   6.5189E-04   2.8305E-02   0.0000E+00   0.0000E+00
     0     0   7.3303E+16   2.8293E-02   5.1775E-04   3.5323E-02   0.0000E+00   0.0000E+00
     0     0   3.6134E+16   3.9968E-02   3.0399E-04   4.6247E-02   0.0000E+00   0.0000E+00
     0     0   2.0258E+16   4.8512E-02   2.5271E-04   5.8383E-02   0.0000E+00   0.0000E+00
     0     0   1.3546E+16   6.1291E-02   2.0258E-04   5.9861E-02   0.0000E+00   0.0000E+00
     0     0   2.3078E+16   5.1433E-02   2.4778E-04   5.0331E-02   0.0000E+00   0.0000E+00
     0     0   4.3341E+16   3.5216E-02   3.2717E-04   3.9385E-02   0.0000E+00   0.0000E+00
     0     0   1.5495E+16   5.3902E-02   2.5625E-04   5.9995E-02   0.0000E+00   0.0000E+00
     0     0   3.9797E+16   3.5009E-02   3.5330E-04   4.5138E-02   0.0000E+00   0.0000E+00
     0     0   3.9710E+16   3.3585E-02   3.7820E-04   4.8386E-02   0.0000E+00   0.0000E+00
     0     0   4.0176E+16   4.1271E-02   3.8955E-04   4.4882E-02   0.0000E+00   0.0000E+00
     0     0   3.7280E+16   3.5537E-02   3.5755E-04   4.3214E-02   0.0000E+00   0.0000E+00
     0     0   3.3100E+16   4.0303E-02   3.1108E-04   4.2162E-02   0.0000E+00   0.0000E+00
     0     0   3.2252E+16   3.6673E-02   3.0478E-04   4.4776E-02   0.0000E+00   0.0000E+00
     0     0   8.7094E+16   2.3174E-02   5.5571E-04   3.3174E-02   0.0000E+00   0.0000E+00
     0     0   7.3490E+16   2.7242E-02   5.0183E-04   3.2527E-02   0.0000E+00   0.0000E+00
     0     0   7.1092E+16   3.0992E-02   4.7926E-04   3.3434E-02   0.0000E+00   0.0000E+00
     0     0   7.5529E+16   2.6895E-02   5.3046E-04   3.6904E-02   0.0000E+00   0.0000E+00
     0     0   1.3740E+17   2.2110E-02   7.8781E-04   3.1155E-02   0.0000E+00   0.0000E+00
     0     0   1.5233E+17   1.8584E-02   8.3152E-04   2.6417E-02   0.0000E+00   0.0000E+00
     0     0   1.2886E+17   2.1379E-02   7.2612E-04   2.5545E-02   0.0000E+00   0.0000E+00
     0     0   1.4164E+17   2.2191E-02   7.4991E-04   3.2653E-02   0.0000E+00   0.0000E+00
     0     0   1.2733E+17   2.3391E-02   6.9832E-04   3.0650E-02   0.0000E+00   0.0000E+00
     0     0   1.3689E+17   1.9429E-02   7.5305E-04   2.7208E-02   0.0000E+00   0.0000E+00
     0     0   1.7332E+17   1.9387E-02   8.2176E-04   2.4508E-02   0.0000E+00   0.0000E+00
     0     0   1.8003E+17   2.0830E-02   8.6101E-04   2.5878E-02   0.0000E+00   0.0000E+00
     0     0   1.6729E+17   2.0782E-02   7.8548E-04   2.7078E-02   0.0000E+00   0.0000E+00
     0     0   1.4687E+17   2.1662E-02   7.2182E-04   2.9373E-02   0.0000E+00   0.0000E+00
     0     0   1.8200E+17   1.9927E-02   8.4994E-04   2.4007E-02   0.0000E+00   0.0000E+00
     0     0   1.5686E+17   2.1085E-02   7.8695E-04   2.6320E-02   0.0000E+00   0.0000E+00
     0     0   1.0576E+17   2.2221E-02   5.8867E-04   3.1592E-02   0.0000E+00   0.0000E+00
     0     0   8.5546E+16   2.9247E-02   5.1808E-04   3.2344E-02   0.0000E+00   0.0000E+00
     0     0   7.6648E+16   3.0479E-02   5.0219E-04   3.9327E-02   0.0000E+00   0.0000E+00
     0     0   6.2204E+16   3.2127E-02   4.3686E-04   4.0371E-02   0.0000E+00   0.0000E+00
     0     0   1.9844E+16   5.4495E-02   2.8659E-04   5.8306E-02   0.0000E+00   0.0000E+00
     0     0   3.1869E+16   4.6027E-02   3.0562E-04   4.7814E-02   0.0000E+00   0.0000E+00
     0     0   8.5480E+16   2.3974E-02   5.7233E-04   3.2947E-02   0.0000E+00   0.0000E+00
     0     0   8.8370E+16   3.3096E-02   5.9049E-04   3.7247E-02   0.0000E+00   0.0000E+00
     0     0   1.0215E+17   2.4736E-02   6.1864E-04   3.2927E-02   0.0000E+00   0.0000E+00
     0     0   1.0936E+17   2.4622E-02   6.8370E-04   3.7338E-02   0.0000E+00   0.0000E+00
     0     0   1.5645E+17   2.0952E-02   7.3978E-04   2.3760E-02   0.0000E+00   0.0000E+00
     0     0   1.4343E+17   2.3640E-02   7.1080E-04   2.8714E-02   0.0000E+00   0.0000E+00
     0     0   6.4298E+16   3.1186E-02   4.3357E-04   3.8774E-02   0.0000E+00   0.0000E+00
     0     0   2.9235E+16   4.2704E-02   2.8352E-04   4.5581E-02   0.0000E+00   0.0000E+00
     0     0   3.3733E+16   4.2534E-02   2.9517E-04   4.8081E-02   0.0000E+00   0.0000E+00
     0     0   4.8318E+16   3.3633E-02   3.6909E-04   4.1345E-02   0.0000E+00   0.0000E+00
     0     0   7.6652E+16   3.2944E-02   4.8975E-04   3.1397E-02   0.0000E+00   0.0000E+00
     0     0   3.6232E+16   3.7280E-02   2.9667E-04   3.9984E-02   0.0000E+00   0.0000E+00
     0     0   5.2070E+16   3.1251E-02   3.7634E-04   4.2836E-02   0.0000E+00   0.0000E+00
     0     0   4.7808E+16   4.1373E-02   3.6161E-04   4.6651E-02   0.0000E+00   0.0000E+00
     0     0   4.8029E+16   3.1204E-02   3.6246E-04   3.5097E-02   0.0000E+00   0.0000E+00
     0     0   5.2826E+16   2.9584E-02   4.1697E-04   4.0429E-02   0.0000E+00   0.0000E+00
     0     0   3.2456E+16   4.1323E-02   2.9769E-04   4.7219E-02   0.0000E+00   0.0000E+00
     0     0   2.3289E+16   4.0663E-02   2.6254E-04   4.7101E-02   0.0000E+00   0.0000E+00
     0     0   3.9127E+16   3.5338E-02   3.5150E-04   4.4528E-02   0.0000E+00   0.0000E+00
     0     0   4.1223E+16   3.7686E-02   3.8779E-04   4.5678E-02   0.0000E+00   0.0000E+00
     0     0   4.0296E+16   3.7161E-02   3.5467E-04   3.8635E-02   0.0000E+00   0.0000E+00
     0     0   3.7003E+16   3.9612E-02   3.3608E-04   4.4326E-02   0.0000E+00   0.0000E+00
     0     0   3.6406E+16   3.3022E-02   3.3456E-04   3.8564E-02   0.0000E+00   0.0000E+00
     0     0   2.0613E+16   4.3477E-02   2.5070E-04   5.3287E-02   0.0000E+00   0.0000E+00
     0     0   3.7823E+16   3.9769E-02   3.4868E-04   4.4903E-02   0.0000E+00   0.0000E+00
     0     0   3.5234E+16   3.8021E-02   3.3079E-04   4.5413E-02   0.0000E+00   0.0000E+00
     0     0   2.9157E+16   3.7583E-02   3.1843E-04   4.7957E-02   0.0000E+00   0.0000E+00
     0     0   3.9488E+16   3.6384E-02   3.2584E-04   3.8414E-02   0.0000E+00   0.0000E+00
     0     0   2.9278E+16   4.1063E-02   3.2046E-04   4.8913E-02   0.0000E+00   0.0000E+00
     0     0   3.4463E+16   4.2499E-02   3.0497E-04   4.7109E-02   0.0000E+00   0.0000E+00
     0     0   3.3697E+16   3.3227E-02   3.1988E-04   4.1838E-02   0.0000E+00   0.0000E+00
     0     0   3.5190E+16   3.6784E-02   3.3064E-04   4.2489E-02   0.0000E+00   0.0000E+00
     0     0   3.5559E+16   3.6373E-02   3.4074E-04   4.3261E-02   0.0000E+00   0.0000E+00
     0     0   3.5940E+16   4.0710E-02   3.2891E-04   4.1686E-02   0.0000E+00   0.0000E+00
     0     0   3.6397E+16   3.5122E-02   3.3323E-04   3.8670E-02   0.0000E+00   0.0000E+00
     0     0   3.4943E+16   3.8520E-02   3.3615E-04   4.6719E-02   0.0000E+00   0.0000E+00
     0     0   3.1482E+16   3.9077E-02   3.0136E-04   4.9213E-02   0.0000E+00   0.0000E+00
     0     0   3.1416E+16   3.4070E-02   3.1730E-04   5.2863E-02   0.0000E+00   0.0000E+00
     0     0   7.9560E+16   2.8639E-02   5.0840E-04   3.1779E-02   0.0000E+00   0.0000E+00
     0     0   6.9781E+16   2.9586E-02   4.8377E-04   3.3812E-02   0.0000E+00   0.0000E+00
     0     0   7.7886E+16   2.7652E-02   5.3562E-04   3.3687E-02   0.0000E+00   0.0000E+00
     0     0   7.8179E+16   2.6099E-02   5.5771E-04   3.8190E-02   0.0000E+00   0.0000E+00
     0     0   7.9402E+16   2.7824E-02   5.3423E-04   3.4767E-02   0.0000E+00   0.0000E+00
     0     0   8.6094E+16   2.8200E-02   5.5632E-04   3.4668E-02   0.0000E+00   0.0000E+00
     0     0   1.4478E+17   2.0462E-02   7.2443E-04   2.6361E-02   0.0000E+00   0.0000E+00
     0     0   1.6071E+17   2.4849E-02   7.7772E-04   2.9183E-02   0.0000E+00   0.0000E+00
     0     0   1.5961E+17   2.4755E-02   7.4883E-04   2.9464E-02   0.0000E+00   0.0000E+00
     0     0   1.9296E+17   2.0399E-02   8.8035E-04   2.7933E-02   0.0000E+00   0.0000E+00
     0     0   1.6954E+17   2.0034E-02   7.8126E-04   2.7246E-02   0.0000E+00   0.0000E+00
     0     0   1.5519E+17   2.5277E-02   7.5743E-04   3.5277E-02   0.0000E+00   0.0000E+00
     0     0   1.5682E+17   1.9683E-02   7.9529E-04   2.5600E-02   0.0000E+00   0.0000E+00
     0     0   1.4905E+17   2.2046E-02   7.9536E-04   2.8566E-02   0.0000E+00   0.0000E+00
     0     0   1.6858E+17   2.0711E-02   8.0022E-04   2.6018E-02   0.0000E+00   0.0000E+00
     0     0   1.7201E+17   1.9564E-02   8.1300E-04   2.7049E-02   0.0000E+00   0.0000E+00
     0     0   1.6460E+17   1.9391E-02   7.6950E-04   2.5707E-02   0.0000E+00   0.0000E+00
     0     0   1.6993E+17   2.1455E-02   7.8698E-04   2.5910E-02   0.0000E+00   0.0000E+00
     0     0   1.2880E+17   2.1683E-02   7.0861E-04   2.9289E-02   0.0000E+00   0.0000E+00
     0     0   1.6093E+17   1.9635E-02   7.8847E-04   2.5113E-02   0.0000E+00   0.0000E+00
     0     0   1.4966E+17   2.7906E-02   7.4173E-04   2.8402E-02   0.0000E+00   0.0000E+00
     0     0   1.5589E+17   2.0361E-02   7.8547E-04   2.5782E-02   0.0000E+00   0.0000E+00
     0     0   8.4756E+16   2.8822E-02   5.0708E-04   3.2772E-02   0.0000E+00   0.0000E+00
     0     0   6.6063E+16   3.4996E-02   4.4817E-04   3.7251E-02   0.0000E+00   0.0000E+00
     0     0   1.2061E+17   2.8846E-02   6.5588E-04   2.6685E-02   0.0000E+00   0.0000E+00
     0     0   1.3454E+17   2.1586E-02   7.0834E-04   2.5718E-02   0.0000E+00   0.0000E+00
     0     0   1.3220E+17   2.5296E-02   6.8834E-04   2.8413E-02   0.0000E+00   0.0000E+00
     0     0   1.4045E+17   2.3197E-02   7.2560E-04   3.3242E-02   0.0000E+00   0.0000E+00
     0     0   5.4216E+16   3.1677E-02   4.0665E-04   3.6423E-02   0.0000E+00   0.0000E+00
     0     0   6.5018E+16   3.3573E-02   4.3739E-04   3.5356E-02   0.0000E+00   0.0000E+00
     0     0   9.9220E+16   2.5435E-02   6.1041E-04   2.9630E-02   0.0000E+00   0.0000E+00
     0     0   1.0701E+17   2.5324E-02   6.6805E-04   3.9348E-02   0.0000E+00   0.0000E+00
     0     0   1.0465E+17   2.3504E-02   6.4056E-04   3.0512E-02   0.0000E+00   0.0000E+00
     0     0   1.0337E+17   2.4209E-02   6.1209E-04   3.0583E-02   0.0000E+00   0.0000E+00
     0     0   1.1944E+17   2.7873E-02   7.5009E-04   3.3214E-02   0.0000E+00   0.0000E+00
     0     0   1.2058E+17   2.6691E-02   6.7540E-04   3.1151E-02   0.0000E+00   0.0000E+00
     0     0   6.8780E+16   3.3626E-02   4.5026E-04   3.2599E-02   0.0000E+00   0.0000E+00
     0     0   5.4191E+16   4.4773E-02   3.9139E-04   4.5893E-02   0.0000E+00   0.0000E+00
     0     0   5.4844E+16   3.4558E-02   3.8967E-04   4.3683E-02   0.0000E+00   0.0000E+00
     0     0   4.7986E+16   3.0003E-02   4.0067E-04   3.6102E-02   0.0000E+00   0.0000E+00
     0     0   3.3282E+16   3.5064E-02   3.0311E-04   4.4131E-02   0.0000E+00   0.0000E+00
     0     0   3.1592E+16   4.1141E-02   3.3125E-04   4.7707E-02   0.0000E+00   0.0000E+00
     0     0   2.8154E+16   4.3532E-02   2.9091E-04   5.0627E-02   0.0000E+00   0.0000E+00
     0     0   9.4436E+15   8.2400E-02   2.1329E-04   9.6834E-02   0.0000E+00   0.0000E+00
     0     0   2.6462E+16   4.4902E-02   2.8073E-04   6.6721E-02   0.0000E+00   0.0000E+00
     0     0   2.1129E+16   5.1219E-02   2.7360E-04   5.4518E-02   0.0000E+00   0.0000E+00
     0     0   2.3385E+16   3.9755E-02   2.5816E-04   4.5705E-02   0.0000E+00   0.0000E+00
     0     0   2.2753E+16   4.2794E-02   2.6694E-04   5.4934E-02   0.0000E+00   0.0000E+00
     0     0   2.8359E+16   4.3272E-02   2.7290E-04   4.2360E-02   0.0000E+00   0.0000E+00
     0     0   1.8796E+16   4.5929E-02   2.3488E-04   4.2600E-02   0.0000E+00   0.0000E+00
     0     0   2.8941E+16   3.3066E-02   2.9363E-04   4.1881E-02   0.0000E+00   0.0000E+00
     0     0   3.3038E+16   3.9565E-02   3.4819E-04   5.1010E-02   0.0000E+00   0.0000E+00
     0     0   8.8124E+16   2.8082E-02   5.6748E-04   3.4987E-02   0.0000E+00   0.0000E+00
     0     0   9.7876E+16   2.7259E-02   6.0845E-04   3.8417E-02   0.0000E+00   0.0000E+00
     0     0   9.4580E+16   2.8527E-02   5.5786E-04   3.3275E-02   0.0000E+00   0.0000E+00
     0     0   5.1215E+16   3.7042E-02   4.0071E-04   3.9568E-02   0.0000E+00   0.0000E+00
     0     0   7.7781E+16   2.6572E-02   5.2626E-04   3.3089E-02   0.0000E+00   0.0000E+00
     0     0   7.1731E+16   3.1287E-02   5.1480E-04   3.8628E-02   0.0000E+00   0.0000E+00
     0     0   1.3303E+17   1.9617E-02   7.3920E-04   2.5563E-02   0.0000E+00   0.0000E+00
     0     0   1.5159E+17   2.2008E-02   7.3025E-04   4.1746E-02   0.0000E+00   0.0000E+00
     0     0   1.0482E+17   2.1892E-02   6.3335E-04   3.0826E-02   0.0000E+00   0.0000E+00
     0     0   1.3744E+17   2.2092E-02   6.9325E-04   2.7140E-02   0.0000E+00   0.0000E+00
     0     0   1.5877E+17   2.3883E-02   7.7120E-04   2.7049E-02   0.0000E+00   0.0000E+00
     0     0   1.6789E+17   2.1140E-02   7.8321E-04   2.9646E-02   0.0000E+00   0.0000E+00
     0     0   1.7776E+17   2.1018E-02   8.3961E-04   2.5736E-02   0.0000E+00   0.0000E+00
     0     0   1.7727E+17   2.0442E-02   8.2896E-04   2.5363E-02   0.0000E+00   0.0000E+00
     0     0   1.6493E+17   1.9638E-02   8.0783E-04   2.4455E-02   0.0000E+00   0.0000E+00
     0     0   1.8623E+17   1.9157E-02   8.3464E-04   2.1490E-02   0.0000E+00   0.0000E+00
     0     0   1.9321E+17   1.9151E-02   8.3802E-04   2.3533E-02   0.0000E+00   0.0000E+00
     0     0   1.8369E+17   2.0867E-02   8.4811E-04   2.5863E-02   0.0000E+00   0.0000E+00
     0     0   1.7519E+17   1.9488E-02   8.3128E-04   2.3804E-02   0.0000E+00   0.0000E+00
     0     0   1.5950E+17   1.8038E-02   8.3934E-04   2.6792E-02   0.0000E+00   0.0000E+00
     0     0   1.9345E+17   1.8490E-02   8.6333E-04   2.0346E-02   0.0000E+00   0.0000E+00
     0     0   1.7971E+17   1.8136E-02   8.4198E-04   2.2358E-02   0.0000E+00   0.0000E+00
     0     0   1.6648E+17   1.9345E-02   8.3460E-04   2.7755E-02   0.0000E+00   0.0000E+00
     0     0   1.6642E+17   2.0649E-02   8.3741E-04   2.4288E-02   0.0000E+00   0.0000E+00
     0     0   8.4749E+16   2.6823E-02   5.3724E-04   3.3611E-02   0.0000E+00   0.0000E+00
     0     0   1.2384E+17   2.1635E-02   6.4632E-04   2.4683E-02   0.0000E+00   0.0000E+00
     0     0   9.3411E+16   2.5191E-02   5.5880E-04   3.6442E-02   0.0000E+00   0.0000E+00
     0     0   7.6139E+16   2.6473E-02   5.1647E-04   3.5023E-02   0.0000E+00   0.0000E+00
     0     0   1.1860E+17   2.8308E-02   7.3809E-04   3.1045E-02   0.0000E+00   0.0000E+00
     0     0   1.0754E+17   2.2292E-02   6.7546E-04   3.3438E-02   0.0000E+00   0.0000E+00
     0     0   1.2186E+17   2.0071E-02   7.6810E-04   3.0772E-02   0.0000E+00   0.0000E+00
     0     0   1.1815E+17   2.3197E-02   6.9466E-04   3.1921E-02   0.0000E+00   0.0000E+00
     0     0   1.1940E+17   2.1292E-02   7.1888E-04   3.3548E-02   0.0000E+00   0.0000E+00
     0     0   1.1660E+17   2.2980E-02   6.9934E-04   4.4636E-02   0.0000E+00   0.0000E+00
     0     0   5.7697E+16   3.5803E-02   4.1447E-04   3.8058E-02   0.0000E+00   0.0000E+00
     0     0   6.0741E+16   2.8542E-02   4.4683E-04   3.5431E-02   0.0000E+00   0.0000E+00
     0     0   5.5177E+16   3.1631E-02   3.9885E-04   3.6693E-02   0.0000E+00   0.0000E+00
     0     0   5.9642E+16   3.3657E-02   4.0418E-04   3.7359E-02   0.0000E+00   0.0000E+00
     0     0   4.4343E+16   3.6660E-02   3.8605E-04   4.6400E-02   0.0000E+00   0.0000E+00
     0     0   3.9390E+16   4.0026E-02   3.4623E-04   4.4542E-02   0.0000E+00   0.0000E+00
     0     0   4.2395E+16   4.0796E-02   3.4847E-04   4.3388E-02   0.0000E+00   0.0000E+00
     0     0   3.3748E+16   3.7365E-02   3.1661E-04   4.4825E-02   0.0000E+00   0.0000E+00
     0     0   4.6016E+16   3.1644E-02   3.7096E-04   4.1516E-02   0.0000E+00   0.0000E+00
     0     0   4.2262E+16   3.4919E-02   3.7026E-04   4.3583E-02   0.0000E+00   0.0000E+00
     0     0   3.5455E+16   3.5344E-02   3.3802E-04   4.3663E-02   0.0000E+00   0.0000E+00
     0     0   3.2844E+16   3.5365E-02   3.1811E-04   4.9447E-02   0.0000E+00   0.0000E+00
     0     0   9.1111E+15   6.3875E-02   2.3074E-04   6.8245E-02   0.0000E+00   0.0000E+00
     0     0   8.8522E+15   8.1882E-02   1.7392E-04   6.7781E-02   0.0000E+00   0.0000E+00
     0     0   3.0556E+16   4.3634E-02   3.1044E-04   4.3312E-02   0.0000E+00   0.0000E+00
     0     0   3.3523E+16   3.4534E-02   3.3884E-04   4.2548E-02   0.0000E+00   0.0000E+00
     0     0   3.3980E+16   4.1352E-02   2.9217E-04   4.1886E-02   0.0000E+00   0.0000E+00
     0     0   3.3428E+16   4.3992E-02   3.1004E-04   4.9956E-02   0.0000E+00   0.0000E+00
     0     0   3.3063E+16   4.3947E-02   2.8690E-04   4.9310E-02   0.0000E+00   0.0000E+00
     0     0   3.1264E+16   3.8893E-02   3.1432E-04   4.5505E-02   0.0000E+00   0.0000E+00
     0     0   2.9462E+16   3.5522E-02   3.2678E-04   6.7532E-02   0.0000E+00   0.0000E+00
     0     0   3.1342E+16   4.5809E-02   3.0025E-04   4.9013E-02   0.0000E+00   0.0000E+00
     0     0   3.0055E+16   3.9506E-02   3.4001E-04   4.8959E-02   0.0000E+00   0.0000E+00
     0     0   3.1149E+16   3.6879E-02   3.4400E-04   4.7003E-02   0.0000E+00   0.0000E+00
     0     0   8.3164E+16   2.9468E-02   5.6971E-04   3.6902E-02   0.0000E+00   0.0000E+00
     0     0   8.7351E+16   2.9263E-02   5.8651E-04   3.8810E-02   0.0000E+00   0.0000E+00
     0     0   8.6684E+16   2.5710E-02   5.7852E-04   4.2145E-02   0.0000E+00   0.0000E+00
     0     0   9.8686E+16   2.4441E-02   6.3255E-04   3.3167E-02   0.0000E+00   0.0000E+00
     0     0   1.1546E+17   2.4411E-02   6.5368E-04   3.8540E-02   0.0000E+00   0.0000E+00
     0     0   1.0233E+17   2.3954E-02   5.8305E-04   2.9167E-02   0.0000E+00   0.0000E+00
     0     0   8.9483E+16   2.9363E-02   5.7549E-04   3.7065E-02   0.0000E+00   0.0000E+00
     0     0   7.4438E+16   3.0336E-02   4.8293E-04   3.4803E-02   0.0000E+00   0.0000E+00
     0     0   9.8913E+16   2.4583E-02   5.7854E-04   2.6492E-02   0.0000E+00   0.0000E+00
     0     0   8.8308E+16   3.1068E-02   5.6785E-04   3.5368E-02   0.0000E+00   0.0000E+00
     0     0   1.1943E+17   2.6322E-02   7.2031E-04   4.0507E-02   0.0000E+00   0.0000E+00
     0     0   1.2926E+17   1.9087E-02   7.1002E-04   2.8717E-02   0.0000E+00   0.0000E+00
     0     0   1.0098E+17   2.5930E-02   5.9208E-04   3.1433E-02   0.0000E+00   0.0000E+00
     0     0   1.1836E+17   2.3424E-02   6.7191E-04   3.0019E-02   0.0000E+00   0.0000E+00
     0     0   1.6210E+17   2.2742E-02   7.7734E-04   2.7243E-02   0.0000E+00   0.0000E+00
     0     0   1.7645E+17   2.0216E-02   8.0348E-04   2.5308E-02   0.0000E+00   0.0000E+00
     0     0   2.0118E+17   1.8865E-02   8.7786E-04   2.4801E-02   0.0000E+00   0.0000E+00
     0     0   1.8627E+17   2.1608E-02   8.6005E-04   3.3038E-02   0.0000E+00   0.0000E+00
     0     0   1.0295E+17   2.6495E-02   5.9628E-04   3.2688E-02   0.0000E+00   0.0000E+00
     0     0   1.0711E+17   2.2521E-02   5.4407E-04   2.5303E-02   0.0000E+00   0.0000E+00
     0     0   6.9204E+16   2.9158E-02   4.8096E-04   3.5864E-02   0.0000E+00   0.0000E+00
     0     0   9.2595E+16   2.7904E-02   5.3526E-04   3.2768E-02   0.0000E+00   0.0000E+00
     0     0   1.0288E+17   2.5641E-02   5.6691E-04   3.2651E-02   0.0000E+00   0.0000E+00
     0     0   1.1249E+17   2.6834E-02   6.1094E-04   2.7808E-02   0.0000E+00   0.0000E+00
     0     0   1.3049E+17   2.1427E-02   7.1764E-04   2.6527E-02   0.0000E+00   0.0000E+00
     0     0   1.2972E+17   2.5565E-02   7.1990E-04   2.9382E-02   0.0000E+00   0.0000E+00
     0     0   1.2272E+17   2.5813E-02   7.4164E-04   3.4248E-02   0.0000E+00   0.0000E+00
     0     0   1.6201E+17   1.9783E-02   8.2666E-04   2.6824E-02   0.0000E+00   0.0000E+00
     0     0   1.1516E+17   2.4137E-02   6.9773E-04   3.1443E-02   0.0000E+00   0.0000E+00
     0     0   1.1541E+17   2.6804E-02   7.2342E-04   3.5356E-02   0.0000E+00   0.0000E+00
     0     0   1.3484E+17   1.9403E-02   7.9423E-04   3.4781E-02   0.0000E+00   0.0000E+00
     0     0   1.2953E+17   2.3403E-02   7.3687E-04   3.1647E-02   0.0000E+00   0.0000E+00
     0     0   4.1008E+16   3.7412E-02   3.3526E-04   4.2650E-02   0.0000E+00   0.0000E+00
     0     0   4.0863E+16   3.5938E-02   3.7390E-04   5.1219E-02   0.0000E+00   0.0000E+00
     0     0   3.9802E+16   4.2365E-02   3.7561E-04   5.5850E-02   0.0000E+00   0.0000E+00
     0     0   3.6341E+16   4.3287E-02   3.3664E-04   5.3136E-02   0.0000E+00   0.0000E+00
     0     0   2.6843E+16   3.5186E-02   2.9450E-04   4.3262E-02   0.0000E+00   0.0000E+00
     0     0   2.7624E+16   4.2893E-02   2.7787E-04   5.6039E-02   0.0000E+00   0.0000E+00
     0     0   2.9659E+16   4.2561E-02   3.2350E-04   4.6062E-02   0.0000E+00   0.0000E+00
     0     0   3.0594E+16   4.2474E-02   2.9161E-04   4.7628E-02   0.0000E+00   0.0000E+00
     0     0   2.2782E+16   4.5118E-02   2.2631E-04   4.5890E-02   0.0000E+00   0.0000E+00
     0     0   2.9235E+16   3.9526E-02   2.8228E-04   4.5255E-02   0.0000E+00   0.0000E+00
     0     0   3.0028E+16   4.0536E-02   3.1589E-04   5.0569E-02   0.0000E+00   0.0000E+00
     0     0   3.6566E+16   3.7374E-02   3.3425E-04   4.3348E-02   0.0000E+00   0.0000E+00
     0     0   1.1883E+16   6.9378E-02   2.3477E-04   6.9350E-02   0.0000E+00   0.0000E+00
     0     0   7.3759E+15   6.3956E-02   1.6798E-04   6.3896E-02   0.0000E+00   0.0000E+00
     0     0   3.3012E+16   3.4039E-02   3.1825E-04   4.3804E-02   0.0000E+00   0.0000E+00
     0     0   3.5428E+16   3.5573E-02   3.4909E-04   4.3405E-02   0.0000E+00   0.0000E+00
     0     0   9.7013E+16   2.7967E-02   6.2542E-04   5.6762E-02   0.0000E+00   0.0000E+00
     0     0   1.0885E+17   2.5917E-02   6.1285E-04   2.9235E-02   0.0000E+00   0.0000E+00
     0     0   9.4040E+16   2.7178E-02   5.7726E-04   3.5851E-02   0.0000E+00   0.0000E+00
     0     0   1.0401E+17   2.4938E-02   6.4546E-04   3.1158E-02   0.0000E+00   0.0000E+00
     0     0   9.9021E+16   2.6596E-02   5.8397E-04   3.3234E-02   0.0000E+00   0.0000E+00
     0     0   9.5799E+16   2.6759E-02   5.9507E-04   3.4754E-02   0.0000E+00   0.0000E+00
     0     0   9.4663E+16   2.8111E-02   6.0985E-04   5.3208E-02   0.0000E+00   0.0000E+00
     0     0   9.1538E+16   2.3314E-02   5.4918E-04   3.1012E-02   0.0000E+00   0.0000E+00
     0     0   8.7487E+16   2.7197E-02   5.7234E-04   4.4366E-02   0.0000E+00   0.0000E+00
     0     0   8.2619E+16   2.6289E-02   5.4234E-04   3.9899E-02   0.0000E+00   0.0000E+00
     0     0   1.1887E+17   2.5713E-02   6.2623E-04   2.9748E-02   0.0000E+00   0.0000E+00
     0     0   1.0814E+17   2.9435E-02   6.1447E-04   3.3391E-02   0.0000E+00   0.0000E+00
     0     0   1.1875E+17   2.6775E-02   6.4288E-04   5.9755E-02   0.0000E+00   0.0000E+00
     0     0   1.3011E+17   2.3601E-02   6.8338E-04   2.9047E-02   0.0000E+00   0.0000E+00
     0     0   1.4858E+17   2.1289E-02   7.2116E-04   2.5893E-02   0.0000E+00   0.0000E+00
     0     0   1.2561E+17   2.6369E-02   6.3383E-04   2.8286E-02   0.0000E+00   0.0000E+00
     0     0   8.1869E+16   3.0022E-02   5.0841E-04   3.3975E-02   0.0000E+00   0.0000E+00
     0     0   4.8820E+16   3.6731E-02   3.7482E-04   3.6545E-02   0.0000E+00   0.0000E+00
     0     0   1.2241E+17   2.3986E-02   6.4963E-04   2.7675E-02   0.0000E+00   0.0000E+00
     0     0   1.2304E+17   2.5379E-02   6.6415E-04   2.9647E-02   0.0000E+00   0.0000E+00
     0     0   1.1669E+17   2.0120E-02   7.3838E-04   2.7036E-02   0.0000E+00   0.0000E+00
     0     0   1.2865E+17   2.4707E-02   7.1621E-04   3.4100E-02   0.0000E+00   0.0000E+00
     0     0   2.3000E+16   4.7303E-02   2.6349E-04   4.6780E-02   0.0000E+00   0.0000E+00
     0     0   8.9849E+15   5.4481E-02   1.9297E-04   5.5965E-02   0.0000E+00   0.0000E+00
     0     0   1.4659E+16   5.0422E-02   2.1234E-04   5.1500E-02   0.0000E+00   0.0000E+00
     0     0   8.9452E+15   6.5155E-02   2.0161E-04   1.0587E-01   0.0000E+00   0.0000E+00
     0     0   1.0139E+16   6.8900E-02   2.1449E-04   6.7256E-02   0.0000E+00   0.0000E+00
     0     0   9.3942E+15   7.3085E-02   1.9657E-04   6.2350E-02   0.0000E+00   0.0000E+00
     0     0   1.6047E+16   5.2773E-02   2.3218E-04   5.0169E-02   0.0000E+00   0.0000E+00
     0     0   9.2852E+15   6.2611E-02   2.0738E-04   5.9616E-02   0.0000E+00   0.0000E+00
     0     0   1.2226E+16   6.4591E-02   2.1148E-04   5.4965E-02   0.0000E+00   0.0000E+00
     0     0   9.3914E+15   6.9298E-02   1.9442E-04   6.4649E-02   0.0000E+00   0.0000E+00
     0     0   1.6092E+16   5.9981E-02   2.3494E-04   6.3406E-02   0.0000E+00   0.0000E+00
     0     0   7.6724E+15   6.0131E-02   2.1327E-04   7.8073E-02   0.0000E+00   0.0000E+00
     0     0   8.6145E+15   6.6610E-02   2.1494E-04   7.2363E-02   0.0000E+00   0.0000E+00
     0     0   9.9320E+15   7.7095E-02   2.1688E-04   8.0768E-02   0.0000E+00   0.0000E+00
     0     0   1.0506E+16   8.3907E-02   2.1091E-04   6.1728E-02   0.0000E+00   0.0000E+00
     0     0   1.0748E+16   6.1106E-02   2.1034E-04   5.5557E-02   0.0000E+00   0.0000E+00
     0     0   9.9608E+15   7.4342E-02   2.1099E-04   5.9883E-02   0.0000E+00   0.0000E+00
     0     0   6.0911E+15   6.7537E-02   1.3651E-04   7.7970E-02   0.0000E+00   0.0000E+00
     0     0   1.1832E+16   5.5818E-02   2.0439E-04   4.9196E-02   0.0000E+00   0.0000E+00
     0     0   6.8372E+15   5.9026E-02   1.6423E-04   5.9289E-02   0.0000E+00   0.0000E+00
     0     0   8.7086E+15   7.2103E-02   1.8834E-04   6.8745E-02   0.0000E+00   0.0000E+00
     0     0   8.2429E+15   6.6460E-02   1.8067E-04   6.4082E-02   0.0000E+00   0.0000E+00
     0     0   1.0876E+16   6.0189E-02   2.1153E-04   5.7499E-02   0.0000E+00   0.0000E+00
     0     0   9.8516E+15   5.9326E-02   2.1505E-04   5.7954E-02   0.0000E+00   0.0000E+00
     0     0   7.5889E+15   5.9804E-02   1.6754E-04   7.4362E-02   0.0000E+00   0.0000E+00
     0     0   8.4857E+15   1.2882E-01   1.5987E-04   3.4799E-02   0.0000E+00   0.0000E+00
     0     0   8.9522E+15   6.3283E-02   1.8965E-04   6.1282E-02   0.0000E+00   0.0000E+00
     0     0   7.2756E+15   5.4671E-02   1.8576E-04   5.7623E-02   0.0000E+00   0.0000E+00
     0     0   8.5656E+15   6.6839E-02   1.7563E-04   6.0905E-02   0.0000E+00   0.0000E+00
     0     0   7.2502E+15   5.3654E-02   1.7719E-04   6.2776E-02   0.0000E+00   0.0000E+00
     0     0   7.8938E+15   5.8616E-02   1.6963E-04   5.4983E-02   0.0000E+00   0.0000E+00
     0     0   7.9288E+15   5.6534E-02   1.9624E-04   6.4581E-02   0.0000E+00   0.0000E+00
     0     0   7.8479E+15   6.7007E-02   1.8014E-04   7.0913E-02   0.0000E+00   0.0000E+00
     0     0   6.9773E+15   6.3006E-02   1.6061E-04   6.6751E-02   0.0000E+00   0.0000E+00
     0     0   7.8477E+15   6.0708E-02   1.6689E-04   6.3377E-02   0.0000E+00   0.0000E+00
     0     0   9.9980E+15   5.5730E-02   2.1563E-04   5.1177E-02   0.0000E+00   0.0000E+00
     0     0   1.0310E+17   2.4856E-02   5.8488E-04   2.7450E-02   0.0000E+00   0.0000E+00
     0     0   8.9095E+16   2.4921E-02   5.6746E-04   3.5536E-02   0.0000E+00   0.0000E+00
     0     0   8.4468E+16   3.1117E-02   5.3802E-04   3.4145E-02   0.0000E+00   0.0000E+00
     0     0   9.9235E+16   3.2532E-02   5.6723E-04   3.6490E-02   0.0000E+00   0.0000E+00
     0     0   1.1242E+17   2.5159E-02   6.4664E-04   3.0923E-02   0.0000E+00   0.0000E+00
     0     0   1.3476E+17   2.3282E-02   6.9226E-04   2.6753E-02   0.0000E+00   0.0000E+00
     0     0   8.8736E+16   2.7152E-02   5.2593E-04   3.3619E-02   0.0000E+00   0.0000E+00
     0     0   9.3286E+16   2.3407E-02   5.7883E-04   2.9582E-02   0.0000E+00   0.0000E+00
     0     0   2.6905E+16   4.5019E-02   2.8515E-04   5.0537E-02   0.0000E+00   0.0000E+00
     0     0   1.8351E+16   4.6301E-02   2.3754E-04   4.6747E-02   0.0000E+00   0.0000E+00
     0     0   2.4385E+16   3.6306E-02   2.5321E-04   4.1341E-02   0.0000E+00   0.0000E+00
     0     0   2.0418E+16   4.5922E-02   2.3820E-04   4.5400E-02   0.0000E+00   0.0000E+00
     0     0   8.4159E+15   6.0482E-02   1.8375E-04   5.8257E-02   0.0000E+00   0.0000E+00
     0     0   7.8167E+15   6.1133E-02   1.9918E-04   6.0494E-02   0.0000E+00   0.0000E+00
     0     0   1.0790E+16   7.1988E-02   2.0714E-04   6.1443E-02   0.0000E+00   0.0000E+00
     0     0   7.7523E+15   6.2735E-02   1.7520E-04   6.4074E-02   0.0000E+00   0.0000E+00
     0     0   8.2597E+15   5.3598E-02   1.9267E-04   5.7034E-02   0.0000E+00   0.0000E+00
     0     0   8.0227E+15   6.4585E-02   1.8680E-04   6.7615E-02   0.0000E+00   0.0000E+00
     0     0   6.8580E+15   4.4937E-02   1.5908E-04   4.1135E-02   0.0000E+00   0.0000E+00
     0     0   1.0784E+16   1.7984E-01   1.8736E-04   7.2277E-02   0.0000E+00   0.0000E+00
     0     0   3.0000E+16   3.6196E-02   3.0530E-04   5.1870E-02   0.0000E+00   0.0000E+00
     0     0   2.7561E+16   4.4875E-02   2.9445E-04   4.7729E-02   0.0000E+00   0.0000E+00
     0     0   1.2867E+16   6.6067E-02   2.1730E-04   6.5377E-02   0.0000E+00   0.0000E+00
     0     0   1.2786E+16   5.9491E-02   1.9489E-04   4.8119E-02   0.0000E+00   0.0000E+00
     0     0   2.4767E+16   4.8248E-02   2.7396E-04   5.6677E-02   0.0000E+00   0.0000E+00
     0     0   2.2117E+16   3.7405E-02   2.5759E-04   4.4397E-02   0.0000E+00   0.0000E+00
     0     0   2.0987E+16   5.5382E-02   2.5125E-04   5.4191E-02   0.0000E+00   0.0000E+00
     0     0   1.4753E+16   5.2130E-02   2.2170E-04   5.0373E-02   0.0000E+00   0.0000E+00
     0     0   1.9895E+16   4.4438E-02   2.2034E-04   4.3797E-02   0.0000E+00   0.0000E+00
     0     0   2.1528E+16   4.7008E-02   2.3640E-04   4.8903E-02   0.0000E+00   0.0000E+00
     0     0   2.4562E+16   3.9264E-02   2.7009E-04   4.8026E-02   0.0000E+00   0.0000E+00
     0     0   2.8375E+16   4.0788E-02   2.7725E-04   4.6956E-02   0.0000E+00   0.0000E+00
     0     0   2.6746E+16   4.8187E-02   2.6678E-04   5.0310E-02   0.0000E+00   0.0000E+00
     0     0   2.4063E+16   4.1331E-02   2.5543E-04   4.2987E-02   0.0000E+00   0.0000E+00
     0     0   1.0262E+16   6.6162E-02   2.0528E-04   7.5109E-02   0.0000E+00   0.0000E+00
     0     0   7.7789E+15   6.5567E-02   1.7755E-04   6.0095E-02   0.0000E+00   0.0000E+00
     0     0   8.2651E+15   5.2554E-02   1.9124E-04   5.5550E-02   0.0000E+00   0.0000E+00
     0     0   7.2517E+15   6.4257E-02   1.7370E-04   7.0230E-02   0.0000E+00   0.0000E+00
     0     0   7.2175E+15   6.0531E-02   1.8302E-04   7.5344E-02   0.0000E+00   0.0000E+00
     0     0   8.7095E+15   6.1323E-02   1.9404E-04   7.0596E-02   0.0000E+00   0.0000E+00
     0     0   1.0080E+16   6.4726E-02   2.1201E-04   6.4322E-02   0.0000E+00   0.0000E+00
     0     0   8.0802E+15   5.8627E-02   1.9066E-04   6.9686E-02   0.0000E+00   0.0000E+00
     0     0   1.2103E+16   5.1858E-02   1.9012E-04   7.3173E-02   0.0000E+00   0.0000E+00
     0     0   8.8316E+15   5.8760E-02   1.9019E-04   5.7300E-02   0.0000E+00   0.0000E+00
     0     0   1.1117E+16   6.8057E-02   2.1043E-04   5.6497E-02   0.0000E+00   0.0000E+00
     0     0   1.5585E+16   5.1219E-02   2.3639E-04   4.7468E-02   0.0000E+00   0.0000E+00
     0     0   2.2620E+16   4.3646E-02   2.3834E-04   4.7870E-02   0.0000E+00   0.0000E+00
     0     0   2.4475E+16   4.7346E-02   2.6315E-04   6.4371E-02   0.0000E+00   0.0000E+00
     0     0   2.3690E+16   4.7797E-02   2.5258E-04   5.3696E-02   0.0000E+00   0.0000E+00
     0     0   2.5623E+16   4.7988E-02   2.5150E-04   5.6130E-02   0.0000E+00   0.0000E+00
     0     0   8.7497E+15   5.8615E-02   1.9960E-04   5.8156E-02   0.0000E+00   0.0000E+00
     0     0   8.1430E+15   6.5537E-02   1.8896E-04   5.5442E-02   0.0000E+00   0.0000E+00
     0     0   8.0853E+15   6.5042E-02   1.8159E-04   9.5674E-02   0.0000E+00   0.0000E+00
     0     0   7.3876E+15   6.0479E-02   1.8857E-04   6.5939E-02   0.0000E+00   0.0000E+00
     0     0   7.4284E+15   6.8979E-02   1.7562E-04   7.0975E-02   0.0000E+00   0.0000E+00
     0     0   7.9830E+15   5.7907E-02   1.8898E-04   5.7278E-02   0.0000E+00   0.0000E+00
     0     0   6.6478E+15   6.9184E-02   1.6029E-04   6.5677E-02   0.0000E+00   0.0000E+00
     0     0   5.9122E+15   6.5477E-02   1.5232E-04   6.8292E-02   0.0000E+00   0.0000E+00
     0     0   6.8518E+15   5.3609E-02   1.7060E-04   6.1492E-02   0.0000E+00   0.0000E+00
     0     0   6.6745E+15   7.5366E-02   1.6681E-04   7.4586E-02   0.0000E+00   0.0000E+00
     0     0   9.5620E+15   5.6665E-02   2.1211E-04   5.6701E-02   0.0000E+00   0.0000E+00
     0     0   6.0730E+15   6.2636E-02   1.8601E-04   1.7806E-01   0.0000E+00   0.0000E+00
     0     0   6.4985E+15   6.6308E-02   1.5062E-04   6.2129E-02   0.0000E+00   0.0000E+00
     0     0   7.2995E+15   5.6403E-02   1.7574E-04   5.6936E-02   0.0000E+00   0.0000E+00
     0     0   7.3834E+15   6.2428E-02   1.6012E-04   6.0514E-02   0.0000E+00   0.0000E+00
     0     0   6.8362E+15   6.2082E-02   1.6243E-04   6.2301E-02   0.0000E+00   0.0000E+00
     0     0   6.2985E+15   7.3050E-02   1.4998E-04   6.7118E-02   0.0000E+00   0.0000E+00
     0     0   6.0924E+15   6.2953E-02   1.6695E-04   7.6569E-02   0.0000E+00   0.0000E+00
     0     0   6.3583E+15   6.4938E-02   1.5867E-04   6.8609E-02   0.0000E+00   0.0000E+00
     0     0   6.5057E+15   6.2455E-02   1.6401E-04   8.8503E-02   0.0000E+00   0.0000E+00
     0     0   6.6787E+15   6.0500E-02   1.5122E-04   7.1352E-02   0.0000E+00   0.0000E+00
     0     0   7.5102E+15   6.8223E-02   1.7881E-04   8.0667E-02   0.0000E+00   0.0000E+00
     0     0   6.4146E+15   7.3842E-02   1.5734E-04   7.8856E-02   0.0000E+00   0.0000E+00
     0     0   6.0559E+15   6.2608E-02   1.6925E-04   1.1416E-01   0.0000E+00   0.0000E+00
     0     0   7.1839E+15   6.2486E-02   1.5526E-04   6.0471E-02   0.0000E+00   0.0000E+00
     0     0   6.7925E+15   6.2341E-02   1.5969E-04   6.3699E-02   0.0000E+00   0.0000E+00
     0     0   1.6229E+16   5.3072E-02   2.1801E-04   4.8666E-02   0.0000E+00   0.0000E+00
     0     0   1.0911E+16   5.5408E-02   2.0782E-04   5.6681E-02   0.0000E+00   0.0000E+00
     0     0   6.7421E+15   3.8052E-02   1.4435E-04   3.3430E-02   0.0000E+00   0.0000E+00
     0     0   6.3831E+15   5.5926E-02   1.5600E-04   6.9584E-02   0.0000E+00   0.0000E+00
     0     0   6.6825E+15   7.0571E-02   1.5658E-04   8.8902E-02   0.0000E+00   0.0000E+00
     0     0   6.9133E+15   6.2233E-02   1.9150E-04   7.2907E-02   0.0000E+00   0.0000E+00
     0     0   6.5174E+15   6.3328E-02   1.6094E-04   5.7437E-02   0.0000E+00   0.0000E+00
     0     0   6.3727E+15   4.4998E-02   1.5837E-04   5.1895E-02   0.0000E+00   0.0000E+00
     0     0   1.7356E+16   5.5570E-02   2.3798E-04   4.9944E-02   0.0000E+00   0.0000E+00
     0     0   1.4126E+16   6.3686E-02   2.3815E-04   6.6461E-02   0.0000E+00   0.0000E+00
     0     0   1.5160E+16   5.0782E-02   2.0937E-04   5.2722E-02   0.0000E+00   0.0000E+00
     0     0   1.2027E+16   5.5574E-02   2.0734E-04   5.4750E-02   0.0000E+00   0.0000E+00
     0     0   2.1357E+16   4.4094E-02   2.6170E-04   5.1610E-02   0.0000E+00   0.0000E+00
     0     0   1.5969E+16   6.2090E-02   2.4431E-04   6.1320E-02   0.0000E+00   0.0000E+00
     0     0   2.2923E+16   4.1770E-02   2.4768E-04   6.0587E-02   0.0000E+00   0.0000E+00
     0     0   1.6507E+16   5.1840E-02   2.5193E-04   6.8390E-02   0.0000E+00   0.0000E+00
     0     0   1.2934E+16   5.5154E-02   2.3019E-04   5.5270E-02   0.0000E+00   0.0000E+00
     0     0   1.0712E+16   6.7449E-02   2.0331E-04   6.6642E-02   0.0000E+00   0.0000E+00
     0     0   9.9244E+15   6.1145E-02   2.1507E-04   5.8757E-02   0.0000E+00   0.0000E+00
     0     0   8.3060E+15   7.0800E-02   1.8844E-04   6.5318E-02   0.0000E+00   0.0000E+00
     0     0   1.4927E+16   5.8941E-02   2.2582E-04   5.2447E-02   0.0000E+00   0.0000E+00
     0     0   1.0204E+16   4.9122E-02   2.0559E-04   4.8340E-02   0.0000E+00   0.0000E+00
     0     0   9.5966E+15   5.4882E-02   2.1259E-04   5.8519E-02   0.0000E+00   0.0000E+00
     0     0   8.3298E+15   6.2561E-02   1.8610E-04   5.5494E-02   0.0000E+00   0.0000E+00
     0     0   1.0814E+16   4.8694E-02   2.2825E-04   4.6861E-02   0.0000E+00   0.0000E+00
     0     0   8.7536E+15   5.9446E-02   1.9682E-04   7.4000E-02   0.0000E+00   0.0000E+00
     0     0   1.0343E+16   6.4797E-02   2.2153E-04   5.9097E-02   0.0000E+00   0.0000E+00
     0     0   8.0216E+15   5.7329E-02   1.8440E-04   5.6356E-02   0.0000E+00   0.0000E+00
     0     0   1.0593E+16   6.7424E-02   2.1348E-04   6.6990E-02   0.0000E+00   0.0000E+00
     0     0   7.5850E+15   5.3233E-02   1.7911E-04   7.1021E-02   0.0000E+00   0.0000E+00
     0     0   6.3050E+15   5.4727E-02   1.5447E-04   6.2144E-02   0.0000E+00   0.0000E+00
     0     0   6.7110E+15   5.5712E-02   1.4812E-04   5.8323E-02   0.0000E+00   0.0000E+00
     0     0   7.6890E+15   6.1263E-02   1.6347E-04   5.5263E-02   0.0000E+00   0.0000E+00
     0     0   8.4501E+15   7.1056E-02   1.7061E-04   6.9803E-02   0.0000E+00   0.0000E+00
     0     0   7.1023E+15   6.0086E-02   1.7218E-04   5.9490E-02   0.0000E+00   0.0000E+00
     0     0   7.2349E+15   6.3588E-02   1.7767E-04   6.9549E-02   0.0000E+00   0.0000E+00
     0     0   7.3769E+15   6.6626E-02   1.8704E-04   6.8550E-02   0.0000E+00   0.0000E+00
     0     0   7.5917E+15   6.3230E-02   1.7696E-04   7.2090E-02   0.0000E+00   0.0000E+00
     0     0   5.9829E+15   6.9233E-02   1.5353E-04   7.4036E-02   0.0000E+00   0.0000E+00
     0     0   6.0870E+15   6.7748E-02   1.6422E-04   9.6237E-02   0.0000E+00   0.0000E+00
     0     0   1.3464E+16   7.1949E-02   1.9615E-04   6.0544E-02   0.0000E+00   0.0000E+00
     0     0   1.0199E+16   5.8583E-02   1.8127E-04   5.6430E-02   0.0000E+00   0.0000E+00
     0     0   1.0723E+16   7.0401E-02   2.1218E-04   6.7416E-02   0.0000E+00   0.0000E+00
     0     0   1.0636E+16   5.5569E-02   2.2938E-04   7.4886E-02   0.0000E+00   0.0000E+00
     0     0   1.0921E+16   7.3913E-02   2.2449E-04   7.1670E-02   0.0000E+00   0.0000E+00
     0     0   9.6000E+15   6.3211E-02   1.9534E-04   5.6879E-02   0.0000E+00   0.0000E+00
     0     0   9.9664E+15   6.8982E-02   2.1292E-04   6.3963E-02   0.0000E+00   0.0000E+00
     0     0   9.3789E+15   6.6511E-02   1.8019E-04   7.2730E-02   0.0000E+00   0.0000E+00
     0     0   1.0345E+16   6.5173E-02   1.9963E-04   5.3273E-02   0.0000E+00   0.0000E+00
     0     0   9.0381E+15   7.4716E-02   1.8188E-04   6.6651E-02   0.0000E+00   0.0000E+00
     0     0   8.8140E+15   7.2745E-02   1.9708E-04   7.5213E-02   0.0000E+00   0.0000E+00
     0     0   8.5910E+15   7.6506E-02   1.8635E-04   6.6552E-02   0.0000E+00   0.0000E+00
     0     0   6.0709E+15   6.0065E-02   1.5259E-04   7.1633E-02   0.0000E+00   0.0000E+00
     0     0   6.4263E+15   6.2438E-02   1.5698E-04   6.9842E-02   0.0000E+00   0.0000E+00
     0     0   6.3187E+15   6.3318E-02   1.4856E-04   6.8239E-02   0.0000E+00   0.0000E+00
     0     0   7.0955E+15   6.1841E-02   1.8236E-04   7.4944E-02   0.0000E+00   0.0000E+00
     0     0   6.3221E+15   4.0133E-02   1.5119E-04   4.1107E-02   0.0000E+00   0.0000E+00
     0     0   7.3283E+15   6.0624E-02   1.7416E-04   6.3674E-02   0.0000E+00   0.0000E+00
     0     0   9.6176E+15   5.2337E-02   1.7220E-04   5.3311E-02   0.0000E+00   0.0000E+00
     0     0   8.4700E+15   6.5081E-02   1.9963E-04   7.5368E-02   0.0000E+00   0.0000E+00
     0     0   8.6958E+15   6.0182E-02   1.9924E-04   5.8394E-02   0.0000E+00   0.0000E+00
     0     0   8.2028E+15   5.4230E-02   1.8070E-04   5.6438E-02   0.0000E+00   0.0000E+00
     0     0   6.6197E+15   6.4494E-02   1.4717E-04   6.2073E-02   0.0000E+00   0.0000E+00
     0     0   6.0090E+15   6.2554E-02   1.4471E-04   7.1516E-02   0.0000E+00   0.0000E+00
     0     0   7.4408E+15   2.0470E-01   1.2709E-04   4.8902E-02   0.0000E+00   0.0000E+00
     0     0   6.3402E+15   8.0398E-02   1.2576E-04   6.3282E-02   0.0000E+00   0.0000E+00
     0     0   6.0848E+15   6.7411E-02   1.3652E-04   6.7682E-02   0.0000E+00   0.0000E+00
     0     0   6.2130E+15   5.7997E-02   1.3432E-04   6.1627E-02   0.0000E+00   0.0000E+00
     0     0   6.0480E+15   5.3704E-02   1.3464E-04   5.2009E-02   0.0000E+00   0.0000E+00
     0     0   6.5282E+15   6.5740E-02   1.4739E-04   6.5416E-02   0.0000E+00   0.0000E+00
     0     0   6.0236E+15   6.9999E-02   1.2092E-04   6.4952E-02   0.0000E+00   0.0000E+00
     0     0   6.4427E+15   5.8498E-02   1.2816E-04   5.2313E-02   0.0000E+00   0.0000E+00
     0     0   9.8807E+15   5.8229E-02   1.9634E-04   5.7818E-02   0.0000E+00   0.0000E+00
     0     0   1.7517E+16   5.0118E-02   2.3065E-04   5.2357E-02   0.0000E+00   0.0000E+00
     0     0   1.2185E+16   4.6929E-02   2.1078E-04   5.3736E-02   0.0000E+00   0.0000E+00
     0     0   9.6892E+15   6.2520E-02   1.8854E-04   6.1280E-02   0.0000E+00   0.0000E+00
     0     0   8.2776E+15   6.3312E-02   2.1885E-04   1.2247E-01   0.0000E+00   0.0000E+00
     0     0   7.6081E+15   6.7998E-02   1.6902E-04   6.1190E-02   0.0000E+00   0.0000E+00
     0     0   9.4049E+15   5.9288E-02   2.0237E-04   5.8017E-02   0.0000E+00   0.0000E+00
     0     0   8.3732E+15   7.0280E-02   2.0319E-04   6.8311E-02   0.0000E+00   0.0000E+00
     0     0   1.0971E+16   6.7862E-02   1.8078E-04   6.3822E-02   0.0000E+00   0.0000E+00
     0     0   9.7269E+15   5.3903E-02   2.1790E-04   5.5453E-02   0.0000E+00   0.0000E+00
     0     0   1.0607E+16   4.9944E-02   1.8081E-04   4.9262E-02   0.0000E+00   0.0000E+00
     0     0   9.1645E+15   5.7299E-02   2.0363E-04   9.7729E-02   0.0000E+00   0.0000E+00
     0     0   8.8315E+15   5.6369E-02   1.9929E-04   6.1628E-02   0.0000E+00   0.0000E+00
     0     0   9.3119E+15   6.1798E-02   2.3762E-04   1.7694E-01   0.0000E+00   0.0000E+00
     0     0   9.5432E+15   7.3664E-02   2.0081E-04   6.9157E-02   0.0000E+00   0.0000E+00
     0     0   7.4552E+15   6.4331E-02   1.7286E-04   5.7024E-02   0.0000E+00   0.0000E+00
     0     0   9.1239E+15   6.0046E-02   1.9120E-04   5.9556E-02   0.0000E+00   0.0000E+00
     0     0   8.8304E+15   6.3966E-02   1.9176E-04   6.2645E-02   0.0000E+00   0.0000E+00
     0     0   8.9723E+15   6.4101E-02   1.9225E-04   6.9265E-02   0.0000E+00   0.0000E+00
     0     0   6.6730E+15   5.9311E-02   1.6338E-04   5.7707E-02   0.0000E+00   0.0000E+00
     0     0   9.3914E+15   5.6500E-02   1.9086E-04   5.6034E-02   0.0000E+00   0.0000E+00
     0     0   9.3070E+15   8.1785E-02   1.8372E-04   6.2874E-02   0.0000E+00   0.0000E+00
     0     0   1.4691E+16   4.9870E-02   2.0118E-04   4.6878E-02   0.0000E+00   0.0000E+00
     0     0   1.1567E+16   5.2536E-02   1.7933E-04   5.6997E-02   0.0000E+00   0.0000E+00
     0     0   2.0251E+16   4.7442E-02   2.5158E-04   6.0653E-02   0.0000E+00   0.0000E+00
     0     0   1.7307E+16   4.7429E-02   2.2470E-04   5.3146E-02   0.0000E+00   0.0000E+00
     0     0   1.1716E+16   6.0225E-02   1.7829E-04   5.8984E-02   0.0000E+00   0.0000E+00
     0     0   1.5604E+16   5.9279E-02   2.2740E-04   6.1703E-02   0.0000E+00   0.0000E+00
     0     0   1.3608E+16   5.2570E-02   1.9324E-04   4.8847E-02   0.0000E+00   0.0000E+00
     0     0   1.0769E+16   6.2266E-02   2.0257E-04   5.8728E-02   0.0000E+00   0.0000E+00
     0     0   1.2310E+16   4.8443E-02   2.0860E-04   6.2281E-02   0.0000E+00   0.0000E+00
     0     0   1.7298E+16   4.7328E-02   2.1867E-04   4.8713E-02   0.0000E+00   0.0000E+00
     0     0   1.4270E+16   4.6032E-02   1.9503E-04   5.4472E-02   0.0000E+00   0.0000E+00
     0     0   1.1720E+16   6.2938E-02   1.7324E-04   6.5092E-02   0.0000E+00   0.0000E+00
     0     0   1.0792E+16   1.0921E-01   1.9066E-04   7.4053E-02   0.0000E+00   0.0000E+00
     0     0   9.0975E+15   6.2435E-02   1.7489E-04   6.1007E-02   0.0000E+00   0.0000E+00
     0     0   1.0253E+16   6.0648E-02   1.8740E-04   6.1035E-02   0.0000E+00   0.0000E+00
     0     0   7.6483E+15   6.7609E-02   1.7606E-04   5.8165E-02   0.0000E+00   0.0000E+00
     0     0   1.2527E+16   5.2661E-02   1.8211E-04   5.7635E-02   0.0000E+00   0.0000E+00
     0     0   1.2224E+16   5.7427E-02   1.8632E-04   5.5082E-02   0.0000E+00   0.0000E+00
     0     0   1.3892E+16   5.3304E-02   2.0631E-04   5.2209E-02   0.0000E+00   0.0000E+00
     0     0   2.0467E+16   3.7294E-02   2.1651E-04   3.9217E-02   0.0000E+00   0.0000E+00
     0     0   1.3818E+16   5.1080E-02   2.1218E-04   5.6171E-02   0.0000E+00   0.0000E+00
     0     0   1.3064E+16   6.2968E-02   2.1124E-04   6.4725E-02   0.0000E+00   0.0000E+00
     0     0   1.1874E+16   4.9913E-02   1.9426E-04   6.5264E-02   0.0000E+00   0.0000E+00
     0     0   8.2386E+15   6.3808E-02   1.9337E-04   6.7673E-02   0.0000E+00   0.0000E+00
     0     0   1.5018E+16   5.1657E-02   2.1078E-04   5.1326E-02   0.0000E+00   0.0000E+00
     0     0   1.7708E+16   4.3766E-02   2.1024E-04   4.8471E-02   0.0000E+00   0.0000E+00
     0     0   1.7565E+16   4.7337E-02   2.2407E-04   5.3545E-02   0.0000E+00   0.0000E+00
     0     0   1.4007E+16   4.7805E-02   2.1764E-04   5.2991E-02   0.0000E+00   0.0000E+00
     0     0   1.7318E+16   5.0227E-02   2.1649E-04   4.7941E-02   0.0000E+00   0.0000E+00
     0     0   1.5832E+16   5.1233E-02   2.0713E-04   5.5280E-02   0.0000E+00   0.0000E+00
     0     0   1.6835E+16   4.3549E-02   2.1918E-04   4.9035E-02   0.0000E+00   0.0000E+00
     0     0   1.7054E+16   5.2666E-02   2.1609E-04   6.0553E-02   0.0000E+00   0.0000E+00
     0     0   2.0926E+16   4.8299E-02   2.1958E-04   4.7437E-02   0.0000E+00   0.0000E+00
     0     0   2.1682E+16   3.8294E-02   2.5413E-04   4.7250E-02   0.0000E+00   0.0000E+00
     0     0   1.7078E+16   4.5664E-02   2.2560E-04   5.6205E-02   0.0000E+00   0.0000E+00
     0     0   1.5797E+16   4.8115E-02   2.1147E-04   5.0593E-02   0.0000E+00   0.0000E+00
     0     0   1.6976E+16   4.8402E-02   2.1845E-04   5.3390E-02   0.0000E+00   0.0000E+00
     0     0   1.5323E+16   4.4914E-02   2.0091E-04   4.7771E-02   0.0000E+00   0.0000E+00
     0     0   1.7628E+16   4.6383E-02   2.3860E-04   5.7739E-02   0.0000E+00   0.0000E+00
     0     0   1.7410E+16   5.6036E-02   2.2349E-04   5.0471E-02   0.0000E+00   0.0000E+00
     0     0   1.4207E+16   5.1415E-02   2.1691E-04   5.9410E-02   0.0000E+00   0.0000E+00
     0     0   1.1734E+16   5.5376E-02   1.9544E-04   5.7908E-02   0.0000E+00   0.0000E+00
     0     0   9.9199E+15   6.1479E-02   1.8609E-04   5.5956E-02   0.0000E+00   0.0000E+00
     0     0   7.9542E+15   6.1578E-02   1.7188E-04   6.5157E-02   0.0000E+00   0.0000E+00
     0     0   1.9079E+16   4.7286E-02   2.3146E-04   5.5066E-02   0.0000E+00   0.0000E+00
     0     0   1.9473E+16   3.7817E-02   2.3746E-04   4.7174E-02   0.0000E+00   0.0000E+00
     0     0   1.7575E+16   4.9985E-02   2.2364E-04   5.7231E-02   0.0000E+00   0.0000E+00
     0     0   1.8673E+16   3.7014E-02   2.3043E-04   4.5942E-02   0.0000E+00   0.0000E+00
     0     0   2.1067E+16   4.8199E-02   2.4531E-04   5.4633E-02   0.0000E+00   0.0000E+00
     0     0   1.9070E+16   3.9724E-02   2.3593E-04   5.2167E-02   0.0000E+00   0.0000E+00
     0     0   1.6645E+16   5.2227E-02   2.1440E-04   5.4681E-02   0.0000E+00   0.0000E+00
     0     0   1.1098E+16   5.8907E-02   1.9413E-04   6.3398E-02   0.0000E+00   0.0000E+00
     0     0   1.4988E+16   4.7626E-02   2.3027E-04   5.8780E-02   0.0000E+00   0.0000E+00
     0     0   1.3053E+16   5.6327E-02   2.0865E-04   6.2622E-02   0.0000E+00   0.0000E+00
     0     0   1.1285E+16   5.6676E-02   1.8627E-04   5.5486E-02   0.0000E+00   0.0000E+00
     0     0   8.9901E+15   6.0548E-02   1.8297E-04   6.0132E-02   0.0000E+00   0.0000E+00
     0     0   9.2334E+15   6.0614E-02   1.9049E-04   6.8632E-02   0.0000E+00   0.0000E+00
     0     0   9.9017E+15   6.3470E-02   1.8748E-04   6.1661E-02   0.0000E+00   0.0000E+00
     0     0   1.0726E+16   5.6182E-02   1.9268E-04   5.3932E-02   0.0000E+00   0.0000E+00
     0     0   9.2737E+15   5.8450E-02   1.7062E-04   5.4862E-02   0.0000E+00   0.0000E+00
     0     0   1.3056E+16   4.9279E-02   2.0606E-04   5.2422E-02   0.0000E+00   0.0000E+00
     0     0   1.0913E+16   6.1722E-02   1.8446E-04   5.9949E-02   0.0000E+00   0.0000E+00
     0     0   1.2106E+16   6.6978E-02   2.0477E-04   7.1559E-02   0.0000E+00   0.0000E+00
     0     0   1.1874E+16   6.2509E-02   1.8972E-04   6.0511E-02   0.0000E+00   0.0000E+00
     0     0   1.2828E+16   5.7747E-02   1.9050E-04   6.1225E-02   0.0000E+00   0.0000E+00
     0     0   1.2040E+16   5.6082E-02   2.0049E-04   6.2968E-02   0.0000E+00   0.0000E+00
     0     0   2.2231E+17   2.1691E-02   8.7715E-04   2.1425E-02   0.0000E+00   0.0000E+00
     0     0   2.0867E+17   1.6487E-02   8.8572E-04   2.0025E-02   0.0000E+00   0.0000E+00
     0     0   2.0232E+17   1.7595E-02   8.5683E-04   2.2899E-02   0.0000E+00   0.0000E+00
     0     0   1.8790E+17   2.0260E-02   8.3859E-04   2.2926E-02   0.0000E+00   0.0000E+00
     0     0   1.9991E+17   1.7572E-02   8.4902E-04   2.1109E-02   0.0000E+00   0.0000E+00
     0     0   1.8763E+17   1.8699E-02   8.7202E-04   2.3472E-02   0.0000E+00   0.0000E+00
     0     0   1.9595E+17   1.8115E-02   8.3989E-04   2.0997E-02   0.0000E+00   0.0000E+00
     0     0   1.8811E+17   1.8111E-02   8.5409E-04   2.1501E-02   0.0000E+00   0.0000E+00
     0     0   1.8334E+17   1.8698E-02   8.4700E-04   2.3309E-02   0.0000E+00   0.0000E+00
     0     0   1.8913E+17   1.6944E-02   8.7936E-04   2.3021E-02   0.0000E+00   0.0000E+00
     0     0   1.6651E+17   1.8403E-02   8.4980E-04   2.3663E-02   0.0000E+00   0.0000E+00
     0     0   1.4670E+17   2.8448E-02   8.2258E-04   3.0614E-02   0.0000E+00   0.0000E+00
     0     0   1.8757E+17   1.7516E-02   8.6408E-04   2.2239E-02   0.0000E+00   0.0000E+00
     0     0   1.8022E+17   2.3248E-02   8.2612E-04   2.4265E-02   0.0000E+00   0.0000E+00
     0     0   1.6873E+17   2.1223E-02   8.2024E-04   2.5733E-02   0.0000E+00   0.0000E+00
     0     0   1.4693E+17   2.4539E-02   7.8781E-04   3.0236E-02   0.0000E+00   0.0000E+00
     0     0   1.7933E+17   2.1532E-02   8.6760E-04   2.4910E-02   0.0000E+00   0.0000E+00
     0     0   1.6385E+17   2.0048E-02   8.1493E-04   2.6148E-02   0.0000E+00   0.0000E+00
     0     0   1.7723E+17   1.8010E-02   8.4129E-04   2.4484E-02   0.0000E+00   0.0000E+00
     0     0   1.6768E+17   2.1028E-02   8.5496E-04   2.6629E-02   0.0000E+00   0.0000E+00
     0     0   1.5300E+17   2.0456E-02   8.2854E-04   2.5893E-02   0.0000E+00   0.0000E+00
     0     0   1.6205E+17   1.8177E-02   7.9953E-04   2.2498E-02   0.0000E+00   0.0000E+00
     0     0   1.7473E+17   1.8255E-02   8.4336E-04   2.4535E-02   0.0000E+00   0.0000E+00
     0     0   1.6605E+17   1.9131E-02   8.2089E-04   2.3615E-02   0.0000E+00   0.0000E+00
     0     0   1.6148E+17   2.1613E-02   8.3184E-04   2.4269E-02   0.0000E+00   0.0000E+00
     0     0   1.4218E+17   1.7431E-02   8.2029E-04   2.6946E-02   0.0000E+00   0.0000E+00
     0     0   1.7680E+17   1.9826E-02   8.3514E-04   2.3758E-02   0.0000E+00   0.0000E+00
     0     0   1.7189E+17   2.0381E-02   8.3614E-04   2.2921E-02   0.0000E+00   0.0000E+00
     0     0   1.8384E+17   1.8578E-02   8.3332E-04   2.0561E-02   0.0000E+00   0.0000E+00
     0     0   1.8309E+17   1.8171E-02   8.5252E-04   2.3936E-02   0.0000E+00   0.0000E+00
     0     0   1.8391E+17   1.8302E-02   8.8278E-04   2.3483E-02   0.0000E+00   0.0000E+00
     0     0   1.7040E+17   1.9287E-02   8.4444E-04   2.5708E-02   0.0000E+00   0.0000E+00
     0     0   1.8794E+17   2.0780E-02   9.0028E-04   3.1882E-02   0.0000E+00   0.0000E+00
     0     0   1.8544E+17   1.8434E-02   8.4572E-04   2.4600E-02   0.0000E+00   0.0000E+00
     0     0   1.7080E+17   1.9719E-02   8.0642E-04   2.5112E-02   0.0000E+00   0.0000E+00
     0     0   1.3190E+17   2.2092E-02   7.7546E-04   3.0281E-02   0.0000E+00   0.0000E+00
     0     0   1.9758E+17   2.1359E-02   8.7830E-04   2.5707E-02   0.0000E+00   0.0000E+00
     0     0   1.7501E+17   2.0884E-02   8.6282E-04   3.1574E-02   0.0000E+00   0.0000E+00
     0     0   1.7960E+17   1.8888E-02   8.7898E-04   2.5354E-02   0.0000E+00   0.0000E+00
     0     0   1.6044E+17   2.2515E-02   7.9979E-04   2.6325E-02   0.0000E+00   0.0000E+00
     0     0   1.6028E+17   1.8397E-02   8.0764E-04   2.4090E-02   0.0000E+00   0.0000E+00
     0     0   1.3400E+17   1.7524E-02   7.5594E-04   2.3345E-02   0.0000E+00   0.0000E+00
     0     0   1.6213E+17   2.0422E-02   8.1374E-04   2.5429E-02   0.0000E+00   0.0000E+00
     0     0   1.5742E+17   1.9883E-02   8.0743E-04   2.5193E-02   0.0000E+00   0.0000E+00
     0     0   1.6826E+17   2.2057E-02   8.7383E-04   3.4050E-02   0.0000E+00   0.0000E+00
     0     0   1.6058E+17   2.4246E-02   8.2293E-04   2.9934E-02   0.0000E+00   0.0000E+00
     0     0   1.9637E+17   1.7509E-02   8.9796E-04   2.4325E-02   0.0000E+00   0.0000E+00
     0     0   2.0785E+17   1.7597E-02   8.9392E-04   2.1530E-02   0.0000E+00   0.0000E+00
     0     0   2.0353E+17   1.8893E-02   8.9723E-04   2.1928E-02   0.0000E+00   0.0000E+00
     0     0   1.9819E+17   1.8250E-02   8.6686E-04   2.5944E-02   0.0000E+00   0.0000E+00
     0     0   2.0511E+17   1.7258E-02   8.9267E-04   2.2140E-02   0.0000E+00   0.0000E+00
     0     0   1.8009E+17   2.1440E-02   8.4526E-04   2.6642E-02   0.0000E+00   0.0000E+00
     0     0   1.8057E+17   2.1548E-02   8.6397E-04   2.6866E-02   0.0000E+00   0.0000E+00
     0     0   1.9686E+17   1.8249E-02   8.6873E-04   2.1794E-02   0.0000E+00   0.0000E+00
     0     0   1.7004E+17   1.8557E-02   8.0693E-04   2.5877E-02   0.0000E+00   0.0000E+00
     0     0   1.6595E+17   1.9860E-02   7.9899E-04   2.4822E-02   0.0000E+00   0.0000E+00
     0     0   1.5002E+17   2.1272E-02   7.6836E-04   2.5133E-02   0.0000E+00   0.0000E+00
     0     0   1.6498E+17   1.8747E-02   7.9939E-04   2.7358E-02   0.0000E+00   0.0000E+00
     0     0   1.5548E+17   2.1720E-02   8.2359E-04   2.7221E-02   0.0000E+00   0.0000E+00
     0     0   1.4161E+17   1.9936E-02   8.0712E-04   2.7188E-02   0.0000E+00   0.0000E+00
     0     0   1.6720E+17   2.0715E-02   8.4129E-04   2.7652E-02   0.0000E+00   0.0000E+00
     0     0   1.4680E+17   1.9907E-02   7.8983E-04   2.5328E-02   0.0000E+00   0.0000E+00
     0     0   1.5076E+17   2.4428E-02   8.2516E-04   3.0832E-02   0.0000E+00   0.0000E+00
     0     0   1.4871E+17   2.2557E-02   7.8031E-04   2.7563E-02   0.0000E+00   0.0000E+00
     0     0   1.8024E+17   1.9437E-02   8.5657E-04   2.8560E-02   0.0000E+00   0.0000E+00
     0     0   1.9797E+17   2.0298E-02   8.5098E-04   2.3093E-02   0.0000E+00   0.0000E+00
     0     0   1.9555E+17   2.0143E-02   8.7159E-04   2.4509E-02   0.0000E+00   0.0000E+00
     0     0   1.8350E+17   1.8726E-02   8.6311E-04   2.4711E-02   0.0000E+00   0.0000E+00
     0     0   1.8058E+17   2.2532E-02   8.3437E-04   2.5626E-02   0.0000E+00   0.0000E+00
     0     0   1.7142E+17   2.1467E-02   8.2361E-04   2.5131E-02   0.0000E+00   0.0000E+00
     0     0   1.4592E+17   2.3946E-02   7.3896E-04   2.7240E-02   0.0000E+00   0.0000E+00
     0     0   1.3642E+17   2.0571E-02   7.7410E-04   4.0253E-02   0.0000E+00   0.0000E+00
     0     0   1.9105E+17   2.1345E-02   8.7492E-04   2.5447E-02   0.0000E+00   0.0000E+00
     0     0   1.7579E+17   2.2677E-02   8.4069E-04   2.6522E-02   0.0000E+00   0.0000E+00
     0     0   1.6641E+17   2.0878E-02   8.2420E-04   2.7166E-02   0.0000E+00   0.0000E+00
     0     0   1.5818E+17   2.2734E-02   7.8801E-04   2.7153E-02   0.0000E+00   0.0000E+00
     0     0   1.3970E+17   2.1275E-02   7.5862E-04   3.1479E-02   0.0000E+00   0.0000E+00
     0     0   1.4494E+17   2.0578E-02   7.5853E-04   2.6524E-02   0.0000E+00   0.0000E+00
     0     0   1.6505E+17   2.3484E-02   7.7651E-04   2.4090E-02   0.0000E+00   0.0000E+00
     0     0   1.4277E+17   2.1484E-02   7.4607E-04   2.9698E-02   0.0000E+00   0.0000E+00
     0     0   1.6568E+17   2.2182E-02   8.1270E-04   2.6620E-02   0.0000E+00   0.0000E+00
     0     0   1.5768E+17   2.2287E-02   7.6949E-04   2.6735E-02   0.0000E+00   0.0000E+00
     0     0   1.3231E+17   2.3009E-02   7.1668E-04   3.0073E-02   0.0000E+00   0.0000E+00
     0     0   1.2514E+17   1.9894E-02   6.8718E-04   2.7551E-02   0.0000E+00   0.0000E+00
     0     0   1.4271E+17   2.0896E-02   7.4072E-04   2.6355E-02   0.0000E+00   0.0000E+00
     0     0   1.2509E+17   2.2509E-02   6.8032E-04   2.8441E-02   0.0000E+00   0.0000E+00
     0     0   1.3250E+17   2.3698E-02   6.9417E-04   2.7229E-02   0.0000E+00   0.0000E+00
     0     0   1.2690E+17   2.5244E-02   6.8447E-04   3.1972E-02   0.0000E+00   0.0000E+00
     0     0   1.3615E+17   2.4467E-02   7.3613E-04   2.9269E-02   0.0000E+00   0.0000E+00
     0     0   1.3258E+17   2.1876E-02   7.1584E-04   2.9521E-02   0.0000E+00   0.0000E+00
     0     0   1.3621E+17   2.3277E-02   7.2235E-04   2.8931E-02   0.0000E+00   0.0000E+00
     0     0   1.2733E+17   2.2698E-02   8.1933E-04   8.3647E-02   0.0000E+00   0.0000E+00
     0     0   1.4722E+17   2.1331E-02   7.9446E-04   2.4199E-02   0.0000E+00   0.0000E+00
     0     0   1.5695E+17   2.1084E-02   7.8912E-04   2.4118E-02   0.0000E+00   0.0000E+00
     0     0   1.4478E+17   2.2671E-02   7.7096E-04   2.8693E-02   0.0000E+00   0.0000E+00
     0     0   1.5162E+17   2.0538E-02   7.6258E-04   2.7536E-02   0.0000E+00   0.0000E+00
     0     0   1.4510E+17   2.1915E-02   7.7305E-04   2.9016E-02   0.0000E+00   0.0000E+00
     0     0   1.4474E+17   2.0800E-02   7.5824E-04   2.6776E-02   0.0000E+00   0.0000E+00
     0     0   1.5097E+17   1.9214E-02   7.9179E-04   2.9321E-02   0.0000E+00   0.0000E+00
     0     0   1.3587E+17   2.4323E-02   6.9882E-04   3.0274E-02   0.0000E+00   0.0000E+00
     0     0   1.6164E+17   2.3404E-02   7.9002E-04   3.2035E-02   0.0000E+00   0.0000E+00
     0     0   1.4720E+17   1.8015E-02   7.8104E-04   2.6689E-02   0.0000E+00   0.0000E+00
     0     0   2.1186E+17   1.8738E-02   8.8338E-04   2.5611E-02   0.0000E+00   0.0000E+00
     0     0   1.9364E+17   2.0807E-02   8.6528E-04   2.3335E-02   0.0000E+00   0.0000E+00
     0     0   4.5184E+16   3.1578E-02   3.9380E-04   3.8661E-02   0.0000E+00   0.0000E+00
     0     0   5.5955E+16   2.9398E-02   4.4230E-04   3.9612E-02   0.0000E+00   0.0000E+00
     0     0   5.2771E+16   2.9656E-02   4.2791E-04   4.0145E-02   0.0000E+00   0.0000E+00
     0     0   5.0444E+16   3.1262E-02   4.0415E-04   3.7657E-02   0.0000E+00   0.0000E+00
     0     0   4.4730E+16   3.2000E-02   3.9733E-04   3.9832E-02   0.0000E+00   0.0000E+00
     0     0   4.7403E+16   3.3345E-02   3.6913E-04   3.5671E-02   0.0000E+00   0.0000E+00
     0     0   4.5568E+16   3.2904E-02   4.0816E-04   4.2777E-02   0.0000E+00   0.0000E+00
     0     0   4.3916E+16   3.1927E-02   3.9501E-04   4.3152E-02   0.0000E+00   0.0000E+00
     0     0   4.1919E+16   3.0836E-02   3.7292E-04   3.9028E-02   0.0000E+00   0.0000E+00
     0     0   4.1605E+16   3.7602E-02   3.7449E-04   3.9725E-02   0.0000E+00   0.0000E+00
     0     0   4.6086E+16   3.1317E-02   3.9741E-04   3.8683E-02   0.0000E+00   0.0000E+00
     0     0   4.1987E+16   3.2507E-02   3.7275E-04   3.8218E-02   0.0000E+00   0.0000E+00
     0     0   4.2251E+16   3.5702E-02   3.7035E-04   4.3202E-02   0.0000E+00   0.0000E+00
     0     0   5.1044E+16   3.8094E-02   4.0777E-04   4.6016E-02   0.0000E+00   0.0000E+00
     0     0   4.7282E+16   3.2736E-02   4.0740E-04   3.8560E-02   0.0000E+00   0.0000E+00
     0     0   4.0887E+16   3.6553E-02   3.5827E-04   4.1989E-02   0.0000E+00   0.0000E+00
     0     0   4.8168E+16   3.2385E-02   4.1675E-04   4.3218E-02   0.0000E+00   0.0000E+00
     0     0   5.7139E+16   3.7929E-02   4.3922E-04   4.7250E-02   0.0000E+00   0.0000E+00
     0     0   4.4870E+16   2.9376E-02   3.7657E-04   4.1628E-02   0.0000E+00   0.0000E+00
     0     0   3.2918E+16   3.8359E-02   3.2973E-04   4.2682E-02   0.0000E+00   0.0000E+00
     0     0   5.1286E+16   3.2338E-02   4.2058E-04   3.6499E-02   0.0000E+00   0.0000E+00
     0     0   5.2748E+16   2.7459E-02   4.2510E-04   3.6306E-02   0.0000E+00   0.0000E+00
     0     0   5.4904E+16   3.4268E-02   4.3480E-04   3.7990E-02   0.0000E+00   0.0000E+00
     0     0   5.6307E+16   3.8002E-02   4.3594E-04   4.3624E-02   0.0000E+00   0.0000E+00
     0     0   5.0410E+16   3.0432E-02   4.0531E-04   3.5010E-02   0.0000E+00   0.0000E+00
     0     0   5.0797E+16   2.9985E-02   4.2614E-04   3.9319E-02   0.0000E+00   0.0000E+00
     0     0   5.8546E+16   3.2677E-02   4.3675E-04   4.2423E-02   0.0000E+00   0.0000E+00
     0     0   5.5620E+16   2.8295E-02   4.3836E-04   4.4912E-02   0.0000E+00   0.0000E+00
     0     0   3.6273E+16   3.4000E-02   3.5146E-04   4.1727E-02   0.0000E+00   0.0000E+00
     0     0   3.9728E+16   3.1479E-02   3.6289E-04   3.8206E-02   0.0000E+00   0.0000E+00
     0     0   6.3549E+16   3.0800E-02   4.4201E-04   3.4929E-02   0.0000E+00   0.0000E+00
     0     0   5.4416E+16   3.0440E-02   4.0887E-04   3.4232E-02   0.0000E+00   0.0000E+00
     0     0   4.6044E+16   3.4224E-02   3.9113E-04   3.9004E-02   0.0000E+00   0.0000E+00
     0     0   4.5740E+16   3.2979E-02   3.9592E-04   4.8074E-02   0.0000E+00   0.0000E+00
     0     0   4.4452E+16   3.0182E-02   3.7809E-04   3.6410E-02   0.0000E+00   0.0000E+00
     0     0   3.9518E+16   3.5844E-02   3.4670E-04   4.0877E-02   0.0000E+00   0.0000E+00
     0     0   4.5893E+16   3.4840E-02   3.8032E-04   4.3426E-02   0.0000E+00   0.0000E+00
     0     0   4.1894E+16   3.3253E-02   3.5681E-04   4.3662E-02   0.0000E+00   0.0000E+00
     0     0   3.5475E+16   3.6682E-02   3.5265E-04   4.0958E-02   0.0000E+00   0.0000E+00
     0     0   3.8652E+16   3.4745E-02   3.7538E-04   4.3178E-02   0.0000E+00   0.0000E+00
     0     0   5.0434E+16   3.2115E-02   4.0379E-04   4.2895E-02   0.0000E+00   0.0000E+00
     0     0   5.3999E+16   3.6588E-02   4.4863E-04   4.8423E-02   0.0000E+00   0.0000E+00
     0     0   4.5715E+16   3.5189E-02   3.5944E-04   4.0586E-02   0.0000E+00   0.0000E+00
     0     0   4.9895E+16   3.7866E-02   3.9195E-04   4.6877E-02   0.0000E+00   0.0000E+00
     0     0   4.7424E+16   3.6076E-02   3.9623E-04   3.9461E-02   0.0000E+00   0.0000E+00
     0     0   4.3506E+16   3.0369E-02   3.6004E-04   4.0454E-02   0.0000E+00   0.0000E+00
     0     0   4.8781E+16   3.4480E-02   4.1101E-04   3.6549E-02   0.0000E+00   0.0000E+00
     0     0   3.5270E+16   3.4305E-02   3.1975E-04   4.4695E-02   0.0000E+00   0.0000E+00
     0     0   4.5971E+16   3.0279E-02   3.9139E-04   3.8520E-02   0.0000E+00   0.0000E+00
     0     0   3.8128E+16   3.5639E-02   3.4655E-04   3.9724E-02   0.0000E+00   0.0000E+00
     0     0   5.0699E+16   2.9919E-02   4.1605E-04   3.3659E-02   0.0000E+00   0.0000E+00
     0     0   4.3461E+16   3.4691E-02   3.9653E-04   3.8701E-02   0.0000E+00   0.0000E+00
     0     0   5.8791E+16   2.4602E-02   4.5441E-04   3.4942E-02   0.0000E+00   0.0000E+00
     0     0   4.9177E+16   3.4056E-02   4.2059E-04   4.1484E-02   0.0000E+00   0.0000E+00
     0     0   3.9268E+16   3.5408E-02   3.4706E-04   4.3272E-02   0.0000E+00   0.0000E+00
     0     0   3.7463E+16   3.3783E-02   3.6558E-04   4.7027E-02   0.0000E+00   0.0000E+00
     0     0   7.1649E+16   3.1223E-02   4.9660E-04   3.7052E-02   0.0000E+00   0.0000E+00
     0     0   6.0954E+16   2.6739E-02   4.7079E-04   3.3515E-02   0.0000E+00   0.0000E+00
     0     0   6.6072E+16   2.4656E-02   4.7703E-04   3.3205E-02   0.0000E+00   0.0000E+00
     0     0   6.4396E+16   2.5677E-02   4.6653E-04   3.4982E-02   0.0000E+00   0.0000E+00
     0     0   7.8162E+16   2.9862E-02   5.0920E-04   3.6175E-02   0.0000E+00   0.0000E+00
     0     0   8.7631E+16   2.6217E-02   5.4196E-04   4.2434E-02   0.0000E+00   0.0000E+00
     0     0   5.3376E+16   3.4775E-02   4.3720E-04   4.2290E-02   0.0000E+00   0.0000E+00
     0     0   5.1580E+16   3.3700E-02   4.2366E-04   3.9190E-02   0.0000E+00   0.0000E+00
     0     0   5.8925E+16   3.1135E-02   4.2074E-04   3.4993E-02   0.0000E+00   0.0000E+00
     0     0   5.3830E+16   3.4543E-02   4.1213E-04   3.7872E-02   0.0000E+00   0.0000E+00
     0     0   6.5215E+16   3.6906E-02   4.6767E-04   3.8762E-02   0.0000E+00   0.0000E+00
     0     0   4.3591E+16   3.8113E-02   3.5702E-04   4.4258E-02   0.0000E+00   0.0000E+00
     0     0   5.8989E+16   2.5292E-02   4.6088E-04   4.6261E-02   0.0000E+00   0.0000E+00
     0     0   5.5022E+16   3.4229E-02   4.4694E-04   4.7058E-02   0.0000E+00   0.0000E+00
     0     0   3.7245E+16   4.0915E-02   3.4762E-04   4.6932E-02   0.0000E+00   0.0000E+00
     0     0   3.7762E+16   3.3898E-02   3.7086E-04   4.5181E-02   0.0000E+00   0.0000E+00
     0     0   3.4909E+16   3.4989E-02   3.3740E-04   4.3165E-02   0.0000E+00   0.0000E+00
     0     0   3.3554E+16   4.0386E-02   3.1849E-04   4.2560E-02   0.0000E+00   0.0000E+00
     0     0   3.2766E+16   3.8563E-02   3.2541E-04   4.4904E-02   0.0000E+00   0.0000E+00
     0     0   3.1248E+16   4.0618E-02   3.1087E-04   4.4471E-02   0.0000E+00   0.0000E+00
     0     0   3.5828E+16   3.3647E-02   3.4572E-04   4.4440E-02   0.0000E+00   0.0000E+00
     0     0   3.4078E+16   3.7078E-02   3.4788E-04   4.9268E-02   0.0000E+00   0.0000E+00
     0     0   3.1570E+16   4.0976E-02   2.9617E-04   4.2592E-02   0.0000E+00   0.0000E+00
     0     0   3.2483E+16   3.5099E-02   3.4718E-04   4.5559E-02   0.0000E+00   0.0000E+00
     0     0   3.1366E+16   4.3395E-02   3.3066E-04   5.2430E-02   0.0000E+00   0.0000E+00
     0     0   3.2231E+16   3.5513E-02   3.4608E-04   4.9668E-02   0.0000E+00   0.0000E+00
     0     0   2.9783E+16   3.6648E-02   3.0096E-04   4.3191E-02   0.0000E+00   0.0000E+00
     0     0   3.1522E+16   3.9957E-02   3.1375E-04   4.7163E-02   0.0000E+00   0.0000E+00
     0     0   3.0146E+16   3.8148E-02   3.2586E-04   5.1744E-02   0.0000E+00   0.0000E+00
     0     0   3.1943E+16   3.8037E-02   3.4304E-04   4.6589E-02   0.0000E+00   0.0000E+00
     0     0   3.0582E+16   3.5575E-02   3.1155E-04   4.7954E-02   0.0000E+00   0.0000E+00
     0     0   2.9488E+16   3.5894E-02   3.1373E-04   4.5666E-02   0.0000E+00   0.0000E+00
     0     0   3.3364E+16   3.5132E-02   3.3414E-04   4.2318E-02   0.0000E+00   0.0000E+00
     0     0   3.3496E+16   3.4360E-02   3.2111E-04   4.1555E-02   0.0000E+00   0.0000E+00
     0     0   3.0654E+16   4.6867E-02   3.3327E-04   6.0349E-02   0.0000E+00   0.0000E+00
     0     0   3.1888E+16   3.5107E-02   3.4643E-04   4.6106E-02   0.0000E+00   0.0000E+00
     0     0   2.8529E+16   3.7534E-02   3.0937E-04   5.0705E-02   0.0000E+00   0.0000E+00
     0     0   2.9868E+16   4.1177E-02   3.2977E-04   6.1903E-02   0.0000E+00   0.0000E+00
     0     0   3.0843E+16   3.5639E-02   3.3623E-04   4.6990E-02   0.0000E+00   0.0000E+00
     0     0   2.9832E+16   3.5213E-02   3.4033E-04   4.3176E-02   0.0000E+00   0.0000E+00
     0     0   3.0877E+16   3.8594E-02   3.3233E-04   5.3396E-02   0.0000E+00   0.0000E+00
     0     0   3.0978E+16   3.8227E-02   3.4317E-04   5.1217E-02   0.0000E+00   0.0000E+00
     0     0   3.1553E+16   3.8771E-02   2.9600E-04   4.5176E-02   0.0000E+00   0.0000E+00
     0     0   3.0141E+16   3.9002E-02   3.3669E-04   4.7835E-02   0.0000E+00   0.0000E+00
     0     0   2.9990E+16   3.4216E-02   3.5024E-04   5.2184E-02   0.0000E+00   0.0000E+00
     0     0   2.9311E+16   3.5044E-02   3.2785E-04   4.4874E-02   0.0000E+00   0.0000E+00
     0     0   2.7830E+16   4.5950E-02   3.0109E-04   5.1748E-02   0.0000E+00   0.0000E+00
     0     0   2.7175E+16   4.0111E-02   3.0542E-04   5.3741E-02   0.0000E+00   0.0000E+00
     0     0   2.9552E+16   3.8958E-02   3.3309E-04   5.2705E-02   0.0000E+00   0.0000E+00
     0     0   2.8945E+16   3.5818E-02   3.1614E-04   4.7528E-02   0.0000E+00   0.0000E+00
     0     0   3.0104E+16   3.4354E-02   3.2507E-04   4.3991E-02   0.0000E+00   0.0000E+00
     0     0   2.7870E+16   4.5175E-02   3.3097E-04   5.3746E-02   0.0000E+00   0.0000E+00
     0     0   3.0799E+16   4.7271E-02   3.1856E-04   5.4937E-02   0.0000E+00   0.0000E+00
     0     0   2.8982E+16   3.9027E-02   2.9947E-04   4.7197E-02   0.0000E+00   0.0000E+00
     0     0   2.7900E+16   4.1596E-02   2.9281E-04   6.4550E-02   0.0000E+00   0.0000E+00
     0     0   2.9995E+16   3.5425E-02   2.9661E-04   3.9806E-02   0.0000E+00   0.0000E+00
     0     0   3.1921E+16   3.8784E-02   3.1265E-04   5.3098E-02   0.0000E+00   0.0000E+00
     0     0   2.8641E+16   3.9122E-02   3.0297E-04   4.7210E-02   0.0000E+00   0.0000E+00
     0     0   2.1199E+16   3.8862E-02   2.5733E-04   4.7202E-02   0.0000E+00   0.0000E+00
     0     0   2.3286E+16   4.1565E-02   2.5687E-04   4.9913E-02   0.0000E+00   0.0000E+00
     0     0   2.3655E+16   4.9141E-02   2.8200E-04   6.0336E-02   0.0000E+00   0.0000E+00
     0     0   2.9543E+16   4.1198E-02   3.2015E-04   6.8974E-02   0.0000E+00   0.0000E+00
     0     0   2.7768E+16   3.9797E-02   2.9412E-04   4.8666E-02   0.0000E+00   0.0000E+00
     0     0   2.8967E+16   4.0956E-02   3.0288E-04   5.4688E-02   0.0000E+00   0.0000E+00
     0     0   2.8307E+16   4.1118E-02   3.1170E-04   7.7695E-02   0.0000E+00   0.0000E+00
     0     0   2.8955E+16   3.9810E-02   3.2652E-04   5.7011E-02   0.0000E+00   0.0000E+00
     0     0   2.7455E+16   4.3588E-02   2.9622E-04   5.0162E-02   0.0000E+00   0.0000E+00
     0     0   2.7806E+16   3.9674E-02   3.0899E-04   4.6066E-02   0.0000E+00   0.0000E+00
     0     0   3.0511E+16   3.9983E-02   3.2544E-04   5.0608E-02   0.0000E+00   0.0000E+00
     0     0   2.9125E+16   3.9548E-02   3.3284E-04   4.9222E-02   0.0000E+00   0.0000E+00
     0     0   2.8615E+16   4.1161E-02   3.0359E-04   5.3076E-02   0.0000E+00   0.0000E+00
     0     0   2.8972E+16   4.6585E-02   3.1239E-04   5.4829E-02   0.0000E+00   0.0000E+00
     0     0   2.6731E+16   3.8141E-02   2.8765E-04   5.1127E-02   0.0000E+00   0.0000E+00
     0     0   2.2611E+16   3.9914E-02   2.5550E-04   5.4656E-02   0.0000E+00   0.0000E+00
     0     0   2.7882E+16   3.8586E-02   3.1067E-04   5.2963E-02   0.0000E+00   0.0000E+00
     0     0   2.6353E+16   4.6971E-02   2.8443E-04   5.4467E-02   0.0000E+00   0.0000E+00
     0     0   2.7765E+16   3.6445E-02   3.1263E-04   4.8237E-02   0.0000E+00   0.0000E+00
     0     0   2.6511E+16   4.2799E-02   2.7412E-04   5.6236E-02   0.0000E+00   0.0000E+00
     0     0   2.4490E+16   4.5648E-02   3.0552E-04   8.1118E-02   0.0000E+00   0.0000E+00
     0     0   2.5028E+16   4.2904E-02   2.6772E-04   5.0806E-02   0.0000E+00   0.0000E+00
     0     0   2.6871E+16   4.2471E-02   2.8834E-04   5.5302E-02   0.0000E+00   0.0000E+00
     0     0   2.6105E+16   4.0386E-02   2.6107E-04   4.3959E-02   0.0000E+00   0.0000E+00
     0     0   2.8769E+16   4.2821E-02   2.8722E-04   4.7775E-02   0.0000E+00   0.0000E+00
     0     0   3.5607E+16   3.7534E-02   3.4165E-04   4.1120E-02   0.0000E+00   0.0000E+00
     0     0   2.3899E+16   4.1516E-02   2.8616E-04   5.5807E-02   0.0000E+00   0.0000E+00
     0     0   2.3184E+16   4.3701E-02   2.6330E-04   4.9286E-02   0.0000E+00   0.0000E+00
     0     0   2.6085E+16   4.5937E-02   2.9728E-04   5.1679E-02   0.0000E+00   0.0000E+00
     0     0   2.6920E+16   3.8618E-02   2.8384E-04   4.5682E-02   0.0000E+00   0.0000E+00
     0     0   2.6503E+16   3.9405E-02   2.7580E-04   4.8798E-02   0.0000E+00   0.0000E+00
     0     0   2.5721E+16   3.6613E-02   2.9174E-04   4.7769E-02   0.0000E+00   0.0000E+00
     0     0   2.5451E+16   4.2459E-02   2.9471E-04   5.6805E-02   0.0000E+00   0.0000E+00
     0     0   2.7985E+16   4.7573E-02   3.0120E-04   5.3573E-02   0.0000E+00   0.0000E+00
     0     0   2.8455E+16   4.2825E-02   3.0194E-04   5.7800E-02   0.0000E+00   0.0000E+00
     0     0   2.4856E+16   4.7091E-02   2.7681E-04   5.1477E-02   0.0000E+00   0.0000E+00
     0     0   3.0681E+16   3.9398E-02   2.9849E-04   4.7735E-02   0.0000E+00   0.0000E+00
     0     0   2.8125E+16   3.9125E-02   3.0454E-04   4.8627E-02   0.0000E+00   0.0000E+00
     0     0   2.3676E+16   4.3789E-02   2.6895E-04   5.7268E-02   0.0000E+00   0.0000E+00
     0     0   2.1585E+16   4.6006E-02   2.4789E-04   4.8383E-02   0.0000E+00   0.0000E+00
     0     0   2.2173E+16   4.6912E-02   2.6298E-04   5.7567E-02   0.0000E+00   0.0000E+00
     0     0   2.2262E+16   4.5606E-02   2.3911E-04   4.9966E-02   0.0000E+00   0.0000E+00
     0     0   2.9798E+16   4.2187E-02   3.0734E-04   4.6796E-02   0.0000E+00   0.0000E+00
     0     0   2.9367E+16   4.2552E-02   2.9717E-04   4.3420E-02   0.0000E+00   0.0000E+00
     0     0   2.4249E+16   3.6653E-02   2.9166E-04   4.8108E-02   0.0000E+00   0.0000E+00
     0     0   2.8124E+16   4.2298E-02   3.0268E-04   5.2448E-02   0.0000E+00   0.0000E+00
     0     0   3.2200E+16   4.6955E-02   3.0847E-04   4.8688E-02   0.0000E+00   0.0000E+00
     0     0   3.4026E+16   3.6301E-02   3.1129E-04   4.3056E-02   0.0000E+00   0.0000E+00
     0     0   3.2986E+16   3.7275E-02   3.3203E-04   4.1849E-02   0.0000E+00   0.0000E+00
     0     0   2.1441E+16   3.9783E-02   2.6715E-04   4.6530E-02   0.0000E+00   0.0000E+00
     0     0   2.4202E+16   3.8519E-02   2.7650E-04   4.3928E-02   0.0000E+00   0.0000E+00
     0     0   3.0580E+16   3.7219E-02   3.2163E-04   4.7245E-02   0.0000E+00   0.0000E+00
     0     0   3.0371E+16   3.8022E-02   3.1423E-04   4.3865E-02   0.0000E+00   0.0000E+00
     0     0   3.5071E+16   3.8012E-02   3.3911E-04   4.3447E-02   0.0000E+00   0.0000E+00
     0     0   3.1170E+16   3.9789E-02   3.2246E-04   4.4488E-02   0.0000E+00   0.0000E+00
     0     0   3.5477E+16   4.0732E-02   3.5132E-04   4.4884E-02   0.0000E+00   0.0000E+00
     0     0   2.7537E+16   3.7042E-02   2.9464E-04   4.4516E-02   0.0000E+00   0.0000E+00
     0     0   2.0654E+16   4.3799E-02   2.9305E-04   4.5680E-02   0.0000E+00   0.0000E+00
     0     0   2.7838E+16   4.9500E-02   2.8939E-04   6.0665E-02   0.0000E+00   0.0000E+00
     0     0   3.2245E+16   4.1749E-02   3.2205E-04   4.4318E-02   0.0000E+00   0.0000E+00
     0     0   2.9906E+16   4.2626E-02   3.2017E-04   5.4075E-02   0.0000E+00   0.0000E+00
     0     0   3.0803E+16   3.7843E-02   3.2371E-04   4.2073E-02   0.0000E+00   0.0000E+00
     0     0   3.4250E+16   4.0891E-02   3.4347E-04   4.2251E-02   0.0000E+00   0.0000E+00
     0     0   2.8807E+16   3.9639E-02   3.1012E-04   4.6061E-02   0.0000E+00   0.0000E+00
     0     0   1.9083E+16   4.3797E-02   2.7243E-04   5.1329E-02   0.0000E+00   0.0000E+00
     0     0   2.8928E+16   4.2960E-02   3.2391E-04   5.2085E-02   0.0000E+00   0.0000E+00
     0     0   2.9657E+16   3.6690E-02   3.4362E-04   4.2272E-02   0.0000E+00   0.0000E+00
     0     0   2.5410E+16   4.3613E-02   3.0934E-04   4.6114E-02   0.0000E+00   0.0000E+00
     0     0   3.2151E+16   3.6308E-02   3.3048E-04   4.3670E-02   0.0000E+00   0.0000E+00
     0     0   3.2533E+16   4.5355E-02   3.4962E-04   4.4280E-02   0.0000E+00   0.0000E+00
     0     0   3.6006E+16   4.0436E-02   3.8316E-04   4.9169E-02   0.0000E+00   0.0000E+00
     0     0   3.4336E+16   4.0732E-02   3.6470E-04   4.8534E-02   0.0000E+00   0.0000E+00
     0     0   2.7501E+16   4.3607E-02   3.3684E-04   5.5285E-02   0.0000E+00   0.0000E+00
     0     0   3.4427E+16   4.8568E-02   3.6702E-04   5.0062E-02   0.0000E+00   0.0000E+00
     0     0   2.5246E+16   4.6317E-02   2.7100E-04   5.6667E-02   0.0000E+00   0.0000E+00
     0     0   2.0777E+16   4.5103E-02   2.6330E-04   5.1792E-02   0.0000E+00   0.0000E+00
     0     0   2.7671E+16   5.1801E-02   2.9635E-04   5.3753E-02   0.0000E+00   0.0000E+00
     0     0   2.1166E+16   4.7132E-02   2.5374E-04   5.5098E-02   0.0000E+00   0.0000E+00
     0     0   2.9216E+16   3.9805E-02   3.1921E-04   4.7861E-02   0.0000E+00   0.0000E+00
     0     0   2.0497E+16   4.1044E-02   2.4040E-04   5.2154E-02   0.0000E+00   0.0000E+00
     0     0   2.3004E+16   4.2969E-02   2.6705E-04   5.4973E-02   0.0000E+00   0.0000E+00
     0     0   2.2790E+16   4.5175E-02   2.7244E-04   4.9424E-02   0.0000E+00   0.0000E+00
     0     0   3.0592E+16   3.9098E-02   3.0450E-04   4.6381E-02   0.0000E+00   0.0000E+00
     0     0   3.4559E+16   3.7237E-02   3.1449E-04   4.8000E-02   0.0000E+00   0.0000E+00
     0     0   2.7434E+16   4.5455E-02   2.9744E-04   5.2374E-02   0.0000E+00   0.0000E+00
     0     0   2.3710E+16   4.1931E-02   2.5552E-04   5.2677E-02   0.0000E+00   0.0000E+00
     0     0   2.2644E+16   4.2800E-02   2.6712E-04   5.3089E-02   0.0000E+00   0.0000E+00
     0     0   2.4693E+16   5.0027E-02   2.5238E-04   5.4604E-02   0.0000E+00   0.0000E+00
     0     0   2.1124E+16   4.7437E-02   2.6238E-04   6.1836E-02   0.0000E+00   0.0000E+00
     0     0   3.0302E+16   5.2608E-02   3.2126E-04   5.7523E-02   0.0000E+00   0.0000E+00
     0     0   2.5388E+16   4.6146E-02   2.7698E-04   5.5727E-02   0.0000E+00   0.0000E+00
     0     0   2.6066E+16   4.4864E-02   2.6885E-04   5.3938E-02   0.0000E+00   0.0000E+00
     0     0   3.0463E+16   3.6009E-02   3.5103E-04   5.9814E-02   0.0000E+00   0.0000E+00
     0     0   3.2103E+16   3.9041E-02   3.2182E-04   5.6871E-02   0.0000E+00   0.0000E+00
     0     0   2.6832E+16   4.0527E-02   3.0434E-04   5.3391E-02   0.0000E+00   0.0000E+00
     0     0   2.8170E+16   4.1396E-02   3.1199E-04   4.8441E-02   0.0000E+00   0.0000E+00
     0     0   2.6684E+16   4.3119E-02   2.8878E-04   4.9212E-02   0.0000E+00   0.0000E+00
     0     0   2.7577E+16   4.0764E-02   3.0124E-04   5.4529E-02   0.0000E+00   0.0000E+00
     0     0   3.3462E+16   3.3530E-02   3.3156E-04   3.8067E-02   0.0000E+00   0.0000E+00
     0     0   2.7781E+16   4.5293E-02   2.9365E-04   5.4029E-02   0.0000E+00   0.0000E+00
     0     0   3.4044E+16   4.6231E-02   3.3345E-04   4.8324E-02   0.0000E+00   0.0000E+00
     0     0   2.9868E+16   4.1447E-02   3.1138E-04   4.3489E-02   0.0000E+00   0.0000E+00
     0     0   3.1868E+16   4.5728E-02   3.3701E-04   5.3641E-02   0.0000E+00   0.0000E+00
     0     0   3.1744E+16   3.8700E-02   3.3982E-04   6.2372E-02   0.0000E+00   0.0000E+00
     0     0   2.1881E+16   4.8929E-02   2.7852E-04   6.1269E-02   0.0000E+00   0.0000E+00
     0     0   2.1802E+16   4.4234E-02   2.5489E-04   5.2591E-02   0.0000E+00   0.0000E+00
     0     0   3.1010E+16   4.0113E-02   3.4236E-04   6.3475E-02   0.0000E+00   0.0000E+00
     0     0   3.0400E+16   4.1278E-02   3.3148E-04   5.0943E-02   0.0000E+00   0.0000E+00
     0     0   3.1676E+16   1.7224E-02   3.1014E-04   2.5075E-02   0.0000E+00   0.0000E+00
     0     0   3.0399E+16   1.9370E-02   3.0030E-04   2.4297E-02   0.0000E+00   0.0000E+00
     0     0   3.0733E+16   4.2320E-02   2.9614E-04   5.0051E-02   0.0000E+00   0.0000E+00
     0     0   2.7877E+16   5.0943E-02   2.8259E-04   5.1308E-02   0.0000E+00   0.0000E+00
     0     0   3.3311E+16   4.2103E-02   3.4657E-04   4.7117E-02   0.0000E+00   0.0000E+00
     0     0   3.2188E+16   4.1878E-02   3.3951E-04   4.9886E-02   0.0000E+00   0.0000E+00
     0     0   1.4357E+17   2.0428E-02   8.0320E-04   2.6976E-02   0.0000E+00   0.0000E+00
     0     0   1.5067E+17   2.4995E-02   7.9979E-04   3.0208E-02   0.0000E+00   0.0000E+00
     0     0   2.4387E+16   5.0926E-02   2.8238E-04   5.3075E-02   0.0000E+00   0.0000E+00
     0     0   3.9348E+16   3.3386E-02   3.2181E-04   3.9374E-02   0.0000E+00   0.0000E+00
     0     0   6.0073E+16   3.7728E-02   4.1287E-04   3.8295E-02   0.0000E+00   0.0000E+00
     0     0   3.2077E+16   4.0778E-02   3.4303E-04   4.9332E-02   0.0000E+00   0.0000E+00
     0     0   1.6432E+16   6.4863E-02   2.4556E-04   5.0869E-02   0.0000E+00   0.0000E+00
     0     0   1.8089E+16   5.5546E-02   2.7441E-04   5.6740E-02   0.0000E+00   0.0000E+00
     0     0   2.1225E+16   4.8745E-02   2.6940E-04   5.0938E-02   0.0000E+00   0.0000E+00
     0     0   3.0142E+16   3.4382E-02   3.0188E-04   4.0138E-02   0.0000E+00   0.0000E+00
     0     0   4.6490E+16   3.1397E-02   4.2168E-04   3.7012E-02   0.0000E+00   0.0000E+00
     0     0   5.9079E+16   3.3193E-02   4.5723E-04   4.1404E-02   0.0000E+00   0.0000E+00
     0     0   1.7227E+16   5.7500E-02   2.4666E-04   5.9782E-02   0.0000E+00   0.0000E+00
     0     0   3.2199E+16   3.9766E-02   2.9804E-04   4.3654E-02   0.0000E+00   0.0000E+00
     0     0   3.4344E+16   3.6929E-02   3.1390E-04   4.3400E-02   0.0000E+00   0.0000E+00
     0     0   4.7735E+16   3.5959E-02   3.6260E-04   4.1648E-02   0.0000E+00   0.0000E+00
     0     0   1.7217E+16   5.6465E-02   2.5737E-04   4.8446E-02   0.0000E+00   0.0000E+00
     0     0   3.3739E+16   3.8477E-02   3.1134E-04   4.4245E-02   0.0000E+00   0.0000E+00
     0     0   3.1813E+16   4.2048E-02   3.1318E-04   4.7078E-02   0.0000E+00   0.0000E+00
     0     0   3.0787E+16   3.4883E-02   2.9457E-04   4.0425E-02   0.0000E+00   0.0000E+00
     0     0   3.3641E+16   4.1805E-02   3.0717E-04   4.6651E-02   0.0000E+00   0.0000E+00
     0     0   3.4276E+16   4.2311E-02   3.1350E-04   5.0736E-02   0.0000E+00   0.0000E+00
     0     0   3.6940E+16   3.4741E-02   3.4326E-04   4.3753E-02   0.0000E+00   0.0000E+00
     0     0   3.5041E+16   3.7778E-02   3.4345E-04   4.5216E-02   0.0000E+00   0.0000E+00
     0     0   4.4180E+16   3.7694E-02   4.0212E-04   4.4830E-02   0.0000E+00   0.0000E+00
     0     0   1.3675E+16   4.7335E-02   2.3231E-04   5.6017E-02   0.0000E+00   0.0000E+00
     0     0   2.0869E+16   4.1892E-02   2.9780E-04   5.1518E-02   0.0000E+00   0.0000E+00
     0     0   2.7453E+16   3.7815E-02   2.9906E-04   4.7458E-02   0.0000E+00   0.0000E+00
     0     0   3.1795E+16   3.5672E-02   3.2728E-04   4.5942E-02   0.0000E+00   0.0000E+00
     0     0   3.0081E+16   3.6428E-02   3.1566E-04   4.5467E-02   0.0000E+00   0.0000E+00
     0     0   3.0837E+16   3.6783E-02   3.1881E-04   4.5623E-02   0.0000E+00   0.0000E+00
     0     0   2.9775E+16   4.2070E-02   3.0297E-04   5.0055E-02   0.0000E+00   0.0000E+00
     0     0   3.5213E+16   3.9081E-02   3.1696E-04   4.3594E-02   0.0000E+00   0.0000E+00
     0     0   2.8565E+16   3.8026E-02   3.0237E-04   4.8680E-02   0.0000E+00   0.0000E+00
     0     0   2.9585E+16   4.1728E-02   2.9698E-04   4.4623E-02   0.0000E+00   0.0000E+00
     0     0   2.9867E+16   3.7278E-02   3.1692E-04   4.6494E-02   0.0000E+00   0.0000E+00
     0     0   2.8427E+16   3.9493E-02   3.0316E-04   5.8438E-02   0.0000E+00   0.0000E+00
     0     0   2.9475E+16   4.0668E-02   3.1674E-04   5.1923E-02   0.0000E+00   0.0000E+00
     0     0   2.7169E+16   3.7362E-02   3.0282E-04   4.6962E-02   0.0000E+00   0.0000E+00
     0     0   2.9864E+16   3.9810E-02   2.9899E-04   4.8317E-02   0.0000E+00   0.0000E+00
     0     0   1.5994E+17   2.2147E-02   7.8288E-04   3.0386E-02   0.0000E+00   0.0000E+00
     0     0   1.8409E+17   2.4673E-02   8.4180E-04   3.0312E-02   0.0000E+00   0.0000E+00
     0     0   1.1131E+17   2.4929E-02   6.5683E-04   2.9920E-02   0.0000E+00   0.0000E+00
     0     0   1.1253E+17   2.1602E-02   6.0977E-04   2.6191E-02   0.0000E+00   0.0000E+00
     0     0   1.1007E+17   2.4756E-02   6.2211E-04   3.0573E-02   0.0000E+00   0.0000E+00
     0     0   1.1420E+17   2.6070E-02   6.6574E-04   2.9202E-02   0.0000E+00   0.0000E+00
     0     0   1.2503E+17   2.8403E-02   6.3976E-04   2.9898E-02   0.0000E+00   0.0000E+00
     0     0   1.2185E+17   2.4316E-02   6.5550E-04   3.0591E-02   0.0000E+00   0.0000E+00
     0     0   1.0318E+17   2.5945E-02   6.1590E-04   3.0042E-02   0.0000E+00   0.0000E+00
     0     0   1.1052E+17   2.6833E-02   6.7224E-04   3.3823E-02   0.0000E+00   0.0000E+00
     0     0   1.1222E+17   2.4611E-02   6.6491E-04   2.9315E-02   0.0000E+00   0.0000E+00
     0     0   1.1941E+17   2.1233E-02   6.9308E-04   3.2928E-02   0.0000E+00   0.0000E+00
     0     0   1.3694E+17   2.6672E-02   7.1656E-04   2.9266E-02   0.0000E+00   0.0000E+00
     0     0   1.2937E+17   2.8178E-02   7.3936E-04   3.2889E-02   0.0000E+00   0.0000E+00
     0     0   5.2958E+16   3.4420E-02   3.9450E-04   3.8495E-02   0.0000E+00   0.0000E+00
     0     0   6.2215E+16   2.7784E-02   4.5034E-04   3.4185E-02   0.0000E+00   0.0000E+00
     0     0   5.1294E+16   3.2183E-02   4.2195E-04   3.6272E-02   0.0000E+00   0.0000E+00
     0     0   6.3911E+16   3.1992E-02   4.6319E-04   3.4575E-02   0.0000E+00   0.0000E+00
     0     0   4.1702E+16   4.4248E-02   3.7281E-04   4.8153E-02   0.0000E+00   0.0000E+00
     0     0   5.5155E+16   3.5387E-02   4.0208E-04   3.6463E-02   0.0000E+00   0.0000E+00
     0     0   6.6236E+16   3.2949E-02   4.4323E-04   3.4477E-02   0.0000E+00   0.0000E+00
     0     0   7.7065E+16   2.5516E-02   5.1439E-04   3.1435E-02   0.0000E+00   0.0000E+00
     0     0   3.9122E+16   4.5038E-02   3.6633E-04   4.8055E-02   0.0000E+00   0.0000E+00
     0     0   4.3039E+16   2.7009E-02   3.8134E-04   3.5319E-02   0.0000E+00   0.0000E+00
     0     0   5.5095E+16   3.4782E-02   4.0158E-04   3.6312E-02   0.0000E+00   0.0000E+00
     0     0   6.4962E+16   3.1562E-02   4.4916E-04   3.2647E-02   0.0000E+00   0.0000E+00
     0     0   5.9347E+16   3.7074E-02   4.3748E-04   3.7083E-02   0.0000E+00   0.0000E+00
     0     0   6.9873E+16   3.0089E-02   4.6807E-04   3.2133E-02   0.0000E+00   0.0000E+00
     0     0   6.8386E+16   2.7159E-02   4.5812E-04   3.4743E-02   0.0000E+00   0.0000E+00
     0     0   7.7921E+16   2.8145E-02   4.8907E-04   3.1199E-02   0.0000E+00   0.0000E+00
     0     0   7.9602E+16   3.4014E-02   5.0527E-04   3.8529E-02   0.0000E+00   0.0000E+00
     0     0   7.3719E+16   3.0674E-02   4.8211E-04   3.6042E-02   0.0000E+00   0.0000E+00
     0     0   3.6989E+16   3.5097E-02   3.0610E-04   4.2995E-02   0.0000E+00   0.0000E+00
     0     0   3.6122E+16   4.6173E-02   3.3276E-04   4.6708E-02   0.0000E+00   0.0000E+00
     0     0   2.2220E+16   3.9393E-02   2.7236E-04   4.3677E-02   0.0000E+00   0.0000E+00
     0     0   2.7763E+16   4.3544E-02   2.9904E-04   7.4018E-02   0.0000E+00   0.0000E+00
     0     0   3.1038E+16   4.2333E-02   3.3767E-04   5.0008E-02   0.0000E+00   0.0000E+00
     0     0   3.7041E+16   3.4730E-02   3.4471E-04   4.2279E-02   0.0000E+00   0.0000E+00
     0     0   3.8443E+16   3.8758E-02   3.6354E-04   4.5474E-02   0.0000E+00   0.0000E+00
     0     0   3.6370E+16   3.7629E-02   3.4846E-04   4.2845E-02   0.0000E+00   0.0000E+00
     0     0   8.6393E+15   6.6023E-02   2.0701E-04   6.9706E-02   0.0000E+00   0.0000E+00
     0     0   7.6951E+15   6.8555E-02   1.7789E-04   6.4587E-02   0.0000E+00   0.0000E+00
     0     0   6.5105E+15   6.1797E-02   1.8158E-04   9.3412E-02   0.0000E+00   0.0000E+00
     0     0   6.0257E+15   6.0689E-02   1.6346E-04   8.6623E-02   0.0000E+00   0.0000E+00
     0     0   6.4151E+15   5.9846E-02   1.6839E-04   7.9475E-02   0.0000E+00   0.0000E+00
     0     0   6.0661E+15   6.8877E-02   1.7604E-04   1.5631E-01   0.0000E+00   0.0000E+00
     0     0   6.5170E+15   6.0561E-02   1.5037E-04   6.6011E-02   0.0000E+00   0.0000E+00
     0     0   6.1497E+15   6.2695E-02   1.4637E-04   6.7801E-02   0.0000E+00   0.0000E+00
     0     0   6.3988E+15   7.9189E-02   1.3380E-04   6.9881E-02   0.0000E+00   0.0000E+00
     0     0   6.1627E+15   6.1134E-02   1.3705E-04   6.4306E-02   0.0000E+00   0.0000E+00
     0     0   8.9294E+15   7.4492E-02   1.8511E-04   7.8845E-02   0.0000E+00   0.0000E+00
     0     0   7.9566E+15   6.0314E-02   1.7813E-04   5.7880E-02   0.0000E+00   0.0000E+00
     0     0   9.4094E+15   7.6597E-02   1.9949E-04   6.4257E-02   0.0000E+00   0.0000E+00
     0     0   1.0271E+16   7.3612E-02   1.8240E-04   6.9185E-02   0.0000E+00   0.0000E+00
     0     0   9.4200E+15   6.1227E-02   2.0227E-04   5.9327E-02   0.0000E+00   0.0000E+00
     0     0   9.1633E+15   6.1836E-02   1.7948E-04   5.9796E-02   0.0000E+00   0.0000E+00
     0     0   8.6188E+15   6.4794E-02   1.8877E-04   6.7946E-02   0.0000E+00   0.0000E+00
     0     0   7.6467E+15   5.8253E-02   1.9273E-04   6.6925E-02   0.0000E+00   0.0000E+00
     0     0   8.2540E+15   7.2302E-02   1.6870E-04   5.8716E-02   0.0000E+00   0.0000E+00
     0     0   7.0795E+15   6.5937E-02   1.8740E-04   7.2733E-02   0.0000E+00   0.0000E+00
     0     0   8.3547E+15   6.9126E-02   1.8271E-04   6.2623E-02   0.0000E+00   0.0000E+00
     0     0   8.4759E+15   6.2711E-02   2.0275E-04   6.2525E-02   0.0000E+00   0.0000E+00
     0     0   7.2999E+15   6.8742E-02   1.7410E-04   6.9050E-02   0.0000E+00   0.0000E+00
     0     0   7.5552E+15   6.2809E-02   1.7438E-04   1.0664E-01   0.0000E+00   0.0000E+00
     0     0   7.8571E+15   7.9167E-02   1.7902E-04   6.3010E-02   0.0000E+00   0.0000E+00
     0     0   7.6682E+15   5.9044E-02   1.7036E-04   6.0168E-02   0.0000E+00   0.0000E+00
     0     0   7.1743E+15   7.2670E-02   1.7608E-04   6.6585E-02   0.0000E+00   0.0000E+00
     0     0   8.3659E+15   9.3753E-02   1.7516E-04   7.2964E-02   0.0000E+00   0.0000E+00
     0     0   6.3401E+15   6.8046E-02   1.3585E-04   6.3555E-02   0.0000E+00   0.0000E+00
     0     0   6.6297E+15   6.3105E-02   1.3398E-04   6.0218E-02   0.0000E+00   0.0000E+00
     0     0   1.2514E+16   6.0011E-02   2.2600E-04   5.4606E-02   0.0000E+00   0.0000E+00
     0     0   1.8419E+16   5.1167E-02   2.2551E-04   4.5017E-02   0.0000E+00   0.0000E+00
     0     0   1.7739E+16   4.7213E-02   2.3612E-04   5.1646E-02   0.0000E+00   0.0000E+00
     0     0   1.5452E+16   4.7707E-02   2.0458E-04   4.8606E-02   0.0000E+00   0.0000E+00
     0     0   7.8683E+15   6.4992E-02   1.7678E-04   6.8166E-02   0.0000E+00   0.0000E+00
     0     0   8.4545E+15   6.8630E-02   1.9807E-04   7.0120E-02   0.0000E+00   0.0000E+00
     0     0   1.4259E+16   4.6112E-02   2.0122E-04   4.8757E-02   0.0000E+00   0.0000E+00
     0     0   1.3340E+16   6.0700E-02   1.9029E-04   5.3151E-02   0.0000E+00   0.0000E+00
     0     0   1.5147E+16   4.8497E-02   2.1679E-04   4.9975E-02   0.0000E+00   0.0000E+00
     0     0   1.6088E+16   4.9737E-02   2.1989E-04   5.4380E-02   0.0000E+00   0.0000E+00
     0     0   1.5326E+16   4.7621E-02   2.0828E-04   5.1588E-02   0.0000E+00   0.0000E+00
     0     0   1.4608E+16   4.8730E-02   2.1202E-04   5.7666E-02   0.0000E+00   0.0000E+00
     0     0   1.4901E+16   5.1685E-02   2.0191E-04   5.2345E-02   0.0000E+00   0.0000E+00
     0     0   1.6433E+16   5.4196E-02   2.2148E-04   6.2719E-02   0.0000E+00   0.0000E+00
     0     0   1.7205E+16   5.5664E-02   2.2685E-04   6.5430E-02   0.0000E+00   0.0000E+00
     0     0   1.5796E+16   5.8491E-02   2.0583E-04   5.4928E-02   0.0000E+00   0.0000E+00
     0     0   1.1529E+16   5.9628E-02   1.9500E-04   6.7923E-02   0.0000E+00   0.0000E+00
     0     0   1.1652E+16   5.3789E-02   1.8599E-04   6.1062E-02   0.0000E+00   0.0000E+00
     0     0   8.7446E+15   6.5491E-02   1.7565E-04   6.7944E-02   0.0000E+00   0.0000E+00
     0     0   9.0080E+15   5.8400E-02   1.8668E-04   6.0795E-02   0.0000E+00   0.0000E+00
     0     0   1.1621E+16   5.2948E-02   1.9242E-04   6.3043E-02   0.0000E+00   0.0000E+00
     0     0   1.0770E+16   6.1165E-02   1.8693E-04   5.7471E-02   0.0000E+00   0.0000E+00
     0     0   1.5102E+17   1.9737E-02   8.2149E-04   2.6972E-02   0.0000E+00   0.0000E+00
     0     0   1.4782E+17   2.2156E-02   7.9914E-04   2.7098E-02   0.0000E+00   0.0000E+00
     0     0   1.3391E+17   2.1325E-02   7.8132E-04   3.2697E-02   0.0000E+00   0.0000E+00
     0     0   1.5327E+17   2.4658E-02   8.0674E-04   2.7792E-02   0.0000E+00   0.0000E+00
     0     0   1.5092E+17   2.1870E-02   7.8111E-04   2.5795E-02   0.0000E+00   0.0000E+00
     0     0   1.4274E+17   2.3331E-02   8.0555E-04   2.9479E-02   0.0000E+00   0.0000E+00
     0     0   1.5103E+17   2.3709E-02   7.8823E-04   2.6342E-02   0.0000E+00   0.0000E+00
     0     0   1.4418E+17   1.9999E-02   8.1773E-04   2.7265E-02   0.0000E+00   0.0000E+00
     0     0   1.2844E+17   1.8174E-02   7.9963E-04   5.1872E-02   0.0000E+00   0.0000E+00
     0     0   1.3685E+17   2.3509E-02   7.7306E-04   2.8125E-02   0.0000E+00   0.0000E+00
     0     0   1.4505E+17   2.0106E-02   8.0457E-04   3.3218E-02   0.0000E+00   0.0000E+00
     0     0   1.4861E+17   2.3447E-02   7.9458E-04   3.0552E-02   0.0000E+00   0.0000E+00
     0     0   4.0934E+16   3.1671E-02   3.8442E-04   3.8959E-02   0.0000E+00   0.0000E+00
     0     0   4.0357E+16   3.1458E-02   3.6536E-04   4.4019E-02   0.0000E+00   0.0000E+00
     0     0   3.1947E+16   4.0424E-02   3.3728E-04   4.9603E-02   0.0000E+00   0.0000E+00
     0     0   2.8640E+16   3.9601E-02   3.1081E-04   5.0623E-02   0.0000E+00   0.0000E+00
     0     0   3.1720E+16   4.6627E-02   2.8874E-04   4.3268E-02   0.0000E+00   0.0000E+00
     0     0   4.0571E+16   3.8102E-02   3.6088E-04   4.3197E-02   0.0000E+00   0.0000E+00
     0     0   5.5896E+16   2.9735E-02   4.2090E-04   3.6470E-02   0.0000E+00   0.0000E+00
     0     0   6.0104E+16   3.2547E-02   4.2810E-04   3.4837E-02   0.0000E+00   0.0000E+00
     0     0   3.6422E+16   3.5777E-02   3.5192E-04   5.0467E-02   0.0000E+00   0.0000E+00
     0     0   3.7023E+16   3.5429E-02   3.7553E-04   4.9890E-02   0.0000E+00   0.0000E+00
     0     0   3.2376E+16   3.8478E-02   2.9978E-04   4.5638E-02   0.0000E+00   0.0000E+00
     0     0   2.9949E+16   3.3930E-02   3.0557E-04   4.1102E-02   0.0000E+00   0.0000E+00
     0     0   2.5631E+16   4.6484E-02   2.7669E-04   5.0857E-02   0.0000E+00   0.0000E+00
     0     0   2.5871E+16   4.2001E-02   2.9733E-04   5.0416E-02   0.0000E+00   0.0000E+00
     0     0   2.6809E+16   3.8537E-02   2.9703E-04   4.7638E-02   0.0000E+00   0.0000E+00
     0     0   2.9111E+16   3.8373E-02   3.0352E-04   4.8802E-02   0.0000E+00   0.0000E+00
     0     0   3.1546E+16   3.9084E-02   3.1415E-04   4.7987E-02   0.0000E+00   0.0000E+00
     0     0   3.0548E+16   3.9192E-02   3.0811E-04   4.5956E-02   0.0000E+00   0.0000E+00
     0     0   3.1273E+16   3.7946E-02   3.1346E-04   4.1901E-02   0.0000E+00   0.0000E+00
     0     0   3.1035E+16   4.3567E-02   3.0624E-04   5.0474E-02   0.0000E+00   0.0000E+00
     0     0   3.1260E+16   3.6013E-02   3.1073E-04   4.7723E-02   0.0000E+00   0.0000E+00
     0     0   2.8781E+16   4.1887E-02   2.9726E-04   5.2323E-02   0.0000E+00   0.0000E+00
     0     0   1.7135E+16   5.0673E-02   2.8738E-04   6.3672E-02   0.0000E+00   0.0000E+00
     0     0   2.3173E+16   4.1417E-02   2.8317E-04   4.7170E-02   0.0000E+00   0.0000E+00
     0     0   2.6538E+16   4.3124E-02   3.2706E-04   4.9919E-02   0.0000E+00   0.0000E+00
     0     0   1.9223E+16   5.3262E-02   2.9135E-04   5.3986E-02   0.0000E+00   0.0000E+00
     0     0   3.1018E+16   4.0722E-02   3.2855E-04   5.1325E-02   0.0000E+00   0.0000E+00
     0     0   3.2449E+16   2.9202E-02   3.3171E-04   4.2727E-02   0.0000E+00   0.0000E+00
     0     0   3.1834E+16   1.7353E-02   3.1386E-04   2.5942E-02   0.0000E+00   0.0000E+00
     0     0   3.2455E+16   1.9451E-02   3.1709E-04   2.7260E-02   0.0000E+00   0.0000E+00
     0     0   3.3346E+16   3.4846E-02   3.2713E-04   4.6027E-02   0.0000E+00   0.0000E+00
     0     0   3.3080E+16   3.4753E-02   3.3035E-04   4.7334E-02   0.0000E+00   0.0000E+00
     0     0   3.4704E+16   3.7366E-02   3.3462E-04   4.8417E-02   0.0000E+00   0.0000E+00
     0     0   3.4956E+16   3.7843E-02   3.0699E-04   4.2876E-02   0.0000E+00   0.0000E+00
     0     0   2.6515E+16   4.3014E-02   2.8663E-04   5.0973E-02   0.0000E+00   0.0000E+00
     0     0   3.0731E+16   4.1519E-02   3.1390E-04   5.3541E-02   0.0000E+00   0.0000E+00
     0     0   3.4323E+16   3.3601E-02   3.1366E-04   4.0083E-02   0.0000E+00   0.0000E+00
     0     0   3.3285E+16   3.6434E-02   3.5061E-04   5.1548E-02   0.0000E+00   0.0000E+00
     0     0   3.0467E+16   3.1953E-02   3.6046E-04   4.5426E-02   0.0000E+00   0.0000E+00
     0     0   2.7994E+16   3.9356E-02   3.4005E-04   5.0449E-02   0.0000E+00   0.0000E+00
     0     0   3.2512E+16   3.6866E-02   3.0713E-04   4.7583E-02   0.0000E+00   0.0000E+00
     0     0   3.1475E+16   3.7464E-02   3.2674E-04   4.2912E-02   0.0000E+00   0.0000E+00
     0     0   3.2652E+16   3.8276E-02   3.4707E-04   6.0390E-02   0.0000E+00   0.0000E+00
     0     0   3.6082E+16   3.4742E-02   3.2847E-04   4.3931E-02   0.0000E+00   0.0000E+00
     0     0   2.8131E+16   3.5454E-02   3.2596E-04   4.2027E-02   0.0000E+00   0.0000E+00
     0     0   2.7560E+16   3.9672E-02   3.0622E-04   5.0352E-02   0.0000E+00   0.0000E+00
     0     0   3.0713E+16   3.2871E-02   3.3857E-04   4.4988E-02   0.0000E+00   0.0000E+00
     0     0   2.8547E+16   3.5336E-02   3.1259E-04   3.8482E-02   0.0000E+00   0.0000E+00
     0     0   3.1837E+16   2.1281E-02   3.2529E-04   3.1692E-02   0.0000E+00   0.0000E+00
     0     0   3.1862E+16   2.5822E-02   3.4005E-04   3.4236E-02   0.0000E+00   0.0000E+00
     0     0   3.4151E+16   3.4479E-02   3.2668E-04   4.4651E-02   0.0000E+00   0.0000E+00
     0     0   3.2628E+16   2.9387E-02   3.2174E-04   3.8564E-02   0.0000E+00   0.0000E+00
     0     0   3.2104E+16   3.3830E-02   3.1996E-04   4.9759E-02   0.0000E+00   0.0000E+00
     0     0   3.2784E+16   3.3132E-02   3.1921E-04   4.2617E-02   0.0000E+00   0.0000E+00
     0     0   3.0105E+16   4.6969E-02   2.9540E-04   4.5264E-02   0.0000E+00   0.0000E+00
     0     0   2.8233E+16   4.2907E-02   3.0837E-04   5.5661E-02   0.0000E+00   0.0000E+00
     0     0   3.3797E+16   3.3034E-02   3.2461E-04   4.1840E-02   0.0000E+00   0.0000E+00
     0     0   2.8675E+16   3.3324E-02   3.3574E-04   4.3341E-02   0.0000E+00   0.0000E+00
     0     0   2.9242E+16   3.8783E-02   3.3718E-04   4.6558E-02   0.0000E+00   0.0000E+00
     0     0   2.8045E+16   3.7576E-02   3.2670E-04   5.0424E-02   0.0000E+00   0.0000E+00
     0     0   3.1562E+16   3.4207E-02   3.1722E-04   4.3090E-02   0.0000E+00   0.0000E+00
     0     0   3.0603E+16   3.4350E-02   3.1701E-04   3.5273E-02   0.0000E+00   0.0000E+00
     0     0   1.5826E+16   4.7147E-02   2.6161E-04   4.9630E-02   0.0000E+00   0.0000E+00
     0     0   1.2631E+16   5.6989E-02   2.2272E-04   5.0137E-02   0.0000E+00   0.0000E+00
     0     0   1.2636E+17   2.3385E-02   6.8375E-04   2.9332E-02   0.0000E+00   0.0000E+00
     0     0   1.2003E+17   2.4562E-02   6.8429E-04   3.0954E-02   0.0000E+00   0.0000E+00
     0     0   7.7732E+15   5.8323E-02   1.7351E-04   6.0181E-02   0.0000E+00   0.0000E+00
     0     0   7.1258E+15   6.4260E-02   1.7413E-04   7.6162E-02   0.0000E+00   0.0000E+00
     0     0   7.4875E+15   5.6155E-02   1.9336E-04   7.6523E-02   0.0000E+00   0.0000E+00
     0     0   6.7743E+15   5.9529E-02   1.7152E-04   6.5186E-02   0.0000E+00   0.0000E+00
     0     0   6.9673E+15   5.7683E-02   1.6995E-04   6.3133E-02   0.0000E+00   0.0000E+00
     0     0   7.7767E+15   5.8858E-02   1.7325E-04   7.0834E-02   0.0000E+00   0.0000E+00
     0     0   1.5916E+16   4.5554E-02   2.2372E-04   5.0038E-02   0.0000E+00   0.0000E+00
     0     0   1.3571E+16   5.6492E-02   2.1259E-04   5.3988E-02   0.0000E+00   0.0000E+00
     0     0   8.8950E+15   8.8896E-02   1.7225E-04   6.2024E-02   0.0000E+00   0.0000E+00
     0     0   7.8143E+15   7.3172E-02   1.6949E-04   6.2276E-02   0.0000E+00   0.0000E+00
     0     0   8.0516E+15   6.5728E-02   1.8246E-04   6.6653E-02   0.0000E+00   0.0000E+00
     0     0   7.6532E+15   6.4509E-02   1.7343E-04   5.8696E-02   0.0000E+00   0.0000E+00
     0     0   8.7350E+15   9.1169E-02   1.8036E-04   6.7825E-02   0.0000E+00   0.0000E+00
     0     0   8.6491E+15   6.5063E-02   1.8597E-04   6.5606E-02   0.0000E+00   0.0000E+00
     0     0   8.0838E+15   5.9989E-02   1.7596E-04   6.3946E-02   0.0000E+00   0.0000E+00
     0     0   8.2646E+15   7.0075E-02   1.8437E-04   5.9692E-02   0.0000E+00   0.0000E+00
     0     0   9.9391E+15   6.5691E-02   1.8832E-04   5.9413E-02   0.0000E+00   0.0000E+00
     0     0   8.4332E+15   6.4239E-02   1.7412E-04   6.9228E-02   0.0000E+00   0.0000E+00
     0     0   8.1240E+15   6.4890E-02   1.6432E-04   6.0275E-02   0.0000E+00   0.0000E+00
     0     0   8.6825E+15   6.8829E-02   1.9504E-04   7.0718E-02   0.0000E+00   0.0000E+00
     0     0   7.1014E+15   6.7297E-02   1.6030E-04   6.1831E-02   0.0000E+00   0.0000E+00
     0     0   7.6550E+15   5.9782E-02   1.7778E-04   6.2140E-02   0.0000E+00   0.0000E+00
     0     0   9.0437E+15   5.8986E-02   1.7677E-04   5.5960E-02   0.0000E+00   0.0000E+00
     0     0   7.0011E+15   6.1510E-02   1.5797E-04   5.8068E-02   0.0000E+00   0.0000E+00
     0     0   7.2541E+15   6.7874E-02   1.6677E-04   6.4244E-02   0.0000E+00   0.0000E+00
     0     0   7.2809E+15   5.8166E-02   1.7124E-04   5.8338E-02   0.0000E+00   0.0000E+00
     0     0   8.4772E+15   6.0356E-02   1.6241E-04   5.3084E-02   0.0000E+00   0.0000E+00
     0     0   6.9813E+15   6.2378E-02   1.6567E-04   7.3334E-02   0.0000E+00   0.0000E+00
     0     0   6.9306E+15   5.9076E-02   1.6903E-04   6.5416E-02   0.0000E+00   0.0000E+00
     0     0   7.5041E+15   6.6827E-02   1.7966E-04   6.3681E-02   0.0000E+00   0.0000E+00
     0     0   6.9988E+15   6.0447E-02   1.6428E-04   5.8087E-02   0.0000E+00   0.0000E+00
     0     0   7.7405E+15   6.4027E-02   1.8451E-04   7.0016E-02   0.0000E+00   0.0000E+00
     0     0   7.9244E+15   6.6986E-02   1.8546E-04   6.4068E-02   0.0000E+00   0.0000E+00
     0     0   7.1601E+15   6.4543E-02   1.6514E-04   6.7504E-02   0.0000E+00   0.0000E+00
     0     0   1.3055E+16   4.5096E-02   1.9778E-04   5.5560E-02   0.0000E+00   0.0000E+00
     0     0   1.3883E+16   4.9492E-02   2.1150E-04   5.6988E-02   0.0000E+00   0.0000E+00
     0     0   1.5347E+16   4.6970E-02   2.1685E-04   5.5290E-02   0.0000E+00   0.0000E+00
     0     0   1.2628E+16   5.7580E-02   1.8475E-04   5.8017E-02   0.0000E+00   0.0000E+00
     0     0   1.2449E+16   5.7714E-02   1.9648E-04   5.7907E-02   0.0000E+00   0.0000E+00
     0     0   1.2060E+16   5.8488E-02   2.0828E-04   6.4095E-02   0.0000E+00   0.0000E+00
     0     0   1.3890E+16   5.0339E-02   2.0604E-04   5.3493E-02   0.0000E+00   0.0000E+00
     0     0   1.2944E+16   5.7125E-02   2.1423E-04   6.1929E-02   0.0000E+00   0.0000E+00
     0     0   1.2742E+16   5.6090E-02   1.8019E-04   6.7971E-02   0.0000E+00   0.0000E+00
     0     0   1.3306E+16   5.3498E-02   1.9701E-04   5.4167E-02   0.0000E+00   0.0000E+00
     0     0   1.1016E+16   5.3034E-02   1.7431E-04   5.3942E-02   0.0000E+00   0.0000E+00
     0     0   1.0503E+16   5.5883E-02   1.9209E-04   5.2449E-02   0.0000E+00   0.0000E+00
     0     0   1.0419E+16   5.2839E-02   1.7524E-04   5.4359E-02   0.0000E+00   0.0000E+00
     0     0   1.0699E+16   5.7515E-02   1.8774E-04   5.8251E-02   0.0000E+00   0.0000E+00
     0     0   1.2337E+16   5.5509E-02   1.9422E-04   5.9901E-02   0.0000E+00   0.0000E+00
     0     0   1.1879E+16   5.8515E-02   2.0656E-04   5.9064E-02   0.0000E+00   0.0000E+00
     0     0   1.0621E+16   5.1174E-02   1.7715E-04   5.1467E-02   0.0000E+00   0.0000E+00
     0     0   9.9118E+15   6.4058E-02   1.9101E-04   5.8505E-02   0.0000E+00   0.0000E+00
     0     0   9.2889E+15   4.9693E-02   1.8575E-04   5.4062E-02   0.0000E+00   0.0000E+00
     0     0   9.7818E+15   5.6125E-02   1.8516E-04   6.2720E-02   0.0000E+00   0.0000E+00
     0     0   9.7251E+15   5.8908E-02   1.9296E-04   6.0951E-02   0.0000E+00   0.0000E+00
     0     0   6.4802E+15   7.1365E-02   1.4978E-04   6.6722E-02   0.0000E+00   0.0000E+00
     0     0   8.6287E+15   5.4052E-02   1.6712E-04   5.4650E-02   0.0000E+00   0.0000E+00
     0     0   8.0155E+15   7.1624E-02   1.6972E-04   6.5281E-02   0.0000E+00   0.0000E+00
     0     0   1.0919E+16   5.4985E-02   1.8067E-04   5.3032E-02   0.0000E+00   0.0000E+00
     0     0   1.0053E+16   6.3825E-02   1.6779E-04   5.5869E-02   0.0000E+00   0.0000E+00
     0     0   9.0976E+15   5.8474E-02   1.7729E-04   6.5422E-02   0.0000E+00   0.0000E+00
     0     0   9.3938E+15   5.1287E-02   1.8622E-04   5.7577E-02   0.0000E+00   0.0000E+00
     0     0   8.3566E+15   6.8121E-02   1.7307E-04   6.2358E-02   0.0000E+00   0.0000E+00
     0     0   7.7926E+15   6.4662E-02   1.7059E-04   6.4595E-02   0.0000E+00   0.0000E+00
     0     0   7.8608E+15   6.1838E-02   1.7253E-04   6.1372E-02   0.0000E+00   0.0000E+00
     0     0   8.4577E+15   7.2556E-02   1.7518E-04   6.1120E-02   0.0000E+00   0.0000E+00
     0     0   8.6134E+15   6.0078E-02   1.6680E-04   6.1628E-02   0.0000E+00   0.0000E+00
     0     0   8.7039E+15   7.9486E-02   1.8692E-04   7.8307E-02   0.0000E+00   0.0000E+00
     0     0   1.2999E+16   5.2505E-02   1.7982E-04   5.3377E-02   0.0000E+00   0.0000E+00
     0     0   1.2473E+16   5.3560E-02   1.7655E-04   5.9029E-02   0.0000E+00   0.0000E+00
     0     0   9.1310E+15   5.8203E-02   1.7093E-04   5.8924E-02   0.0000E+00   0.0000E+00
     0     0   8.8057E+15   6.8916E-02   1.8651E-04   6.5312E-02   0.0000E+00   0.0000E+00
     0     0   8.9387E+15   5.6646E-02   1.7873E-04   5.7146E-02   0.0000E+00   0.0000E+00
     0     0   7.3314E+15   6.1772E-02   1.8477E-04   7.1888E-02   0.0000E+00   0.0000E+00
     0     0   7.6039E+15   7.0161E-02   1.6993E-04   6.5430E-02   0.0000E+00   0.0000E+00
     0     0   8.4128E+15   6.6080E-02   1.6768E-04   6.0114E-02   0.0000E+00   0.0000E+00
     0     0   7.4760E+15   5.8791E-02   1.7678E-04   7.2999E-02   0.0000E+00   0.0000E+00
     0     0   7.2518E+15   6.7219E-02   1.6684E-04   7.0229E-02   0.0000E+00   0.0000E+00
     0     0   7.8655E+15   5.7393E-02   1.7222E-04   6.6293E-02   0.0000E+00   0.0000E+00
     0     0   9.0200E+15   6.9219E-02   1.7568E-04   5.6805E-02   0.0000E+00   0.0000E+00
     0     0   7.4945E+15   7.0455E-02   1.6382E-04   6.8035E-02   0.0000E+00   0.0000E+00
     0     0   7.2956E+15   5.2812E-02   1.5484E-04   4.8705E-02   0.0000E+00   0.0000E+00
     0     0   6.8003E+15   6.2999E-02   1.6778E-04   7.2517E-02   0.0000E+00   0.0000E+00
     0     0   8.2424E+15   7.6989E-02   1.7323E-04   8.6370E-02   0.0000E+00   0.0000E+00
     0     0   1.2104E+16   5.4520E-02   1.7249E-04   5.9740E-02   0.0000E+00   0.0000E+00
     0     0   1.1797E+16   4.8172E-02   1.7227E-04   5.0979E-02   0.0000E+00   0.0000E+00
     0     0   1.1430E+16   4.0600E-02   1.8776E-04   5.0152E-02   0.0000E+00   0.0000E+00
     0     0   1.0916E+16   5.4773E-02   1.6631E-04   5.6526E-02   0.0000E+00   0.0000E+00
     0     0   1.0322E+16   6.4600E-02   1.8052E-04   6.1564E-02   0.0000E+00   0.0000E+00
     0     0   9.1488E+15   6.3704E-02   1.7773E-04   6.0658E-02   0.0000E+00   0.0000E+00
     0     0   8.5537E+15   5.1461E-02   1.7841E-04   5.9210E-02   0.0000E+00   0.0000E+00
     0     0   8.8306E+15   5.3769E-02   1.6728E-04   6.0838E-02   0.0000E+00   0.0000E+00
     0     0   1.3302E+16   5.2371E-02   1.8182E-04   6.0722E-02   0.0000E+00   0.0000E+00
     0     0   1.2219E+16   5.2736E-02   1.9588E-04   6.7725E-02   0.0000E+00   0.0000E+00
     0     0   1.3452E+16   5.6403E-02   1.8120E-04   6.2316E-02   0.0000E+00   0.0000E+00
     0     0   1.3332E+16   4.7133E-02   1.8818E-04   5.2940E-02   0.0000E+00   0.0000E+00
     0     0   1.2540E+16   4.8014E-02   1.8750E-04   5.2298E-02   0.0000E+00   0.0000E+00
     0     0   1.1847E+16   5.4689E-02   1.8750E-04   6.0856E-02   0.0000E+00   0.0000E+00
     0     0   1.1323E+16   4.8611E-02   1.7660E-04   5.3777E-02   0.0000E+00   0.0000E+00
     0     0   1.0546E+16   5.1507E-02   1.6823E-04   5.3213E-02   0.0000E+00   0.0000E+00
     0     0   8.1019E+15   5.2926E-02   1.6577E-04   5.9007E-02   0.0000E+00   0.0000E+00
     0     0   7.5733E+15   5.7824E-02   1.7177E-04   6.3940E-02   0.0000E+00   0.0000E+00
     0     0   7.8574E+15   5.7643E-02   1.7799E-04   5.9107E-02   0.0000E+00   0.0000E+00
     0     0   7.7957E+15   6.3529E-02   1.8232E-04   6.0641E-02   0.0000E+00   0.0000E+00
     0     0   1.2862E+16   5.1565E-02   1.9119E-04   6.4457E-02   0.0000E+00   0.0000E+00
     0     0   1.1934E+16   4.9372E-02   1.7467E-04   5.4276E-02   0.0000E+00   0.0000E+00
     0     0   9.4647E+15   5.9336E-02   1.7242E-04   6.0833E-02   0.0000E+00   0.0000E+00
     0     0   1.1045E+16   5.6083E-02   1.8212E-04   5.9837E-02   0.0000E+00   0.0000E+00
     0     0   1.0977E+16   5.2731E-02   1.7814E-04   5.1213E-02   0.0000E+00   0.0000E+00
     0     0   9.9840E+15   5.6259E-02   1.5975E-04   5.9793E-02   0.0000E+00   0.0000E+00
     0     0   1.1488E+16   5.4987E-02   1.8993E-04   6.6641E-02   0.0000E+00   0.0000E+00
     0     0   1.1053E+16   5.1167E-02   1.6489E-04   5.5205E-02   0.0000E+00   0.0000E+00
     0     0   1.0172E+16   5.8403E-02   1.7715E-04   5.9938E-02   0.0000E+00   0.0000E+00
     0     0   8.3517E+15   6.2831E-02   1.8789E-04   7.3667E-02   0.0000E+00   0.0000E+00
     0     0   1.1157E+16   5.2668E-02   1.8947E-04   7.0319E-02   0.0000E+00   0.0000E+00
     0     0   9.8760E+15   4.7492E-02   1.7511E-04   5.1004E-02   0.0000E+00   0.0000E+00
     0     0   1.0680E+16   5.1160E-02   1.8597E-04   7.6973E-02   0.0000E+00   0.0000E+00
     0     0   1.1358E+16   5.4043E-02   1.7459E-04   5.6331E-02   0.0000E+00   0.0000E+00
     0     0   1.1271E+16   5.0775E-02   1.6929E-04   6.1589E-02   0.0000E+00   0.0000E+00
     0     0   1.0512E+16   5.6336E-02   1.5845E-04   6.2649E-02   0.0000E+00   0.0000E+00
     0     0   1.0957E+16   5.2774E-02   1.7400E-04   5.8410E-02   0.0000E+00   0.0000E+00
     0     0   1.0653E+16   5.5875E-02   1.8107E-04   6.6537E-02   0.0000E+00   0.0000E+00
     0     0   1.1855E+16   5.3587E-02   1.7905E-04   6.1705E-02   0.0000E+00   0.0000E+00
     0     0   1.1991E+16   5.9485E-02   1.7508E-04   5.5645E-02   0.0000E+00   0.0000E+00
     0     0   1.0924E+16   4.5218E-02   1.8736E-04   4.7739E-02   0.0000E+00   0.0000E+00
     0     0   1.1565E+16   5.4367E-02   1.7713E-04   6.7134E-02   0.0000E+00   0.0000E+00
     0     0   1.1864E+16   5.7554E-02   1.6905E-04   6.1021E-02   0.0000E+00   0.0000E+00
     0     0   1.0915E+16   4.7553E-02   1.7956E-04   6.0463E-02   0.0000E+00   0.0000E+00
     0     0   1.0875E+16   6.9892E-02   1.6952E-04   7.1279E-02   0.0000E+00   0.0000E+00
     0     0   8.9496E+15   5.0946E-02   1.7465E-04   6.3213E-02   0.0000E+00   0.0000E+00
     0     0   1.0569E+16   5.5829E-02   1.6656E-04   5.6343E-02   0.0000E+00   0.0000E+00
     0     0   1.0027E+16   5.7699E-02   1.5523E-04   6.7781E-02   0.0000E+00   0.0000E+00
     0     0   1.0188E+16   5.0946E-02   1.7640E-04   6.2063E-02   0.0000E+00   0.0000E+00
     0     0   1.0788E+16   4.9588E-02   1.7810E-04   6.1896E-02   0.0000E+00   0.0000E+00
     0     0   1.3682E+16   5.4329E-02   1.7909E-04   5.7288E-02   0.0000E+00   0.0000E+00
     0     0   1.1011E+16   6.1026E-02   1.9125E-04   6.4332E-02   0.0000E+00   0.0000E+00
     0     0   1.4198E+16   4.8810E-02   1.9967E-04   6.5322E-02   0.0000E+00   0.0000E+00
     0     0   1.3076E+16   4.7849E-02   1.8948E-04   5.6451E-02   0.0000E+00   0.0000E+00
     0     0   1.4030E+16   4.7366E-02   1.9243E-04   5.3045E-02   0.0000E+00   0.0000E+00
     0     0   1.2532E+16   6.5452E-02   1.8765E-04   6.0386E-02   0.0000E+00   0.0000E+00
     0     0   1.2652E+16   5.6821E-02   1.8205E-04   5.8236E-02   0.0000E+00   0.0000E+00
     0     0   1.3242E+16   5.2163E-02   1.8810E-04   5.1182E-02   0.0000E+00   0.0000E+00
     0     0   1.3482E+16   4.8603E-02   2.0810E-04   5.9651E-02   0.0000E+00   0.0000E+00
     0     0   1.1024E+16   6.3253E-02   1.6466E-04   5.6366E-02   0.0000E+00   0.0000E+00
     0     0   1.1521E+16   5.4950E-02   1.6108E-04   5.2543E-02   0.0000E+00   0.0000E+00
     0     0   1.2499E+16   4.7634E-02   1.8035E-04   5.5731E-02   0.0000E+00   0.0000E+00
     0     0   3.6002E+16   3.6105E-02   3.2402E-04   4.2395E-02   0.0000E+00   0.0000E+00
     0     0   3.3015E+16   3.1273E-02   3.1937E-04   3.6695E-02   0.0000E+00   0.0000E+00
     0     0   3.8536E+16   3.7010E-02   3.3837E-04   4.6973E-02   0.0000E+00   0.0000E+00
     0     0   3.6098E+16   3.9684E-02   3.6505E-04   4.4271E-02   0.0000E+00   0.0000E+00
     0     0   3.0544E+16   4.4213E-02   3.3114E-04   5.9047E-02   0.0000E+00   0.0000E+00
     0     0   2.9713E+16   3.8329E-02   2.9594E-04   4.3673E-02   0.0000E+00   0.0000E+00
     0     0   3.1716E+16   3.4784E-02   3.2060E-04   4.3800E-02   0.0000E+00   0.0000E+00
     0     0   3.2701E+16   3.3914E-02   3.1621E-04   3.5942E-02   0.0000E+00   0.0000E+00
     0     0   3.2434E+16   2.9379E-02   3.3074E-04   4.1563E-02   0.0000E+00   0.0000E+00
     0     0   3.2028E+16   3.4626E-02   3.1335E-04   3.9548E-02   0.0000E+00   0.0000E+00
     0     0   3.3167E+16   3.2023E-02   3.3148E-04   3.8666E-02   0.0000E+00   0.0000E+00
     0     0   3.3895E+16   2.9746E-02   3.2551E-04   3.8190E-02   0.0000E+00   0.0000E+00
     0     0   3.1702E+16   3.5285E-02   3.1269E-04   3.8976E-02   0.0000E+00   0.0000E+00
     0     0   2.8543E+16   3.6077E-02   3.1963E-04   4.4060E-02   0.0000E+00   0.0000E+00
     0     0   3.2386E+16   4.2565E-02   3.4377E-04   5.1210E-02   0.0000E+00   0.0000E+00
     0     0   3.0998E+16   4.1126E-02   3.0433E-04   4.7349E-02   0.0000E+00   0.0000E+00
     0     0   3.2070E+16   4.1441E-02   3.0212E-04   4.4290E-02   0.0000E+00   0.0000E+00
     0     0   2.9461E+16   4.0353E-02   3.4751E-04   5.3747E-02   0.0000E+00   0.0000E+00
     0     0   3.0040E+16   4.1984E-02   3.1012E-04   4.6346E-02   0.0000E+00   0.0000E+00
     0     0   3.1929E+16   4.1724E-02   3.1564E-04   4.8334E-02   0.0000E+00   0.0000E+00
     0     0   2.9580E+16   3.2897E-02   2.9501E-04   3.9295E-02   0.0000E+00   0.0000E+00
     0     0   3.0923E+16   3.9708E-02   3.3239E-04   4.7297E-02   0.0000E+00   0.0000E+00
     0     0   2.9007E+16   4.1269E-02   2.8682E-04   5.3750E-02   0.0000E+00   0.0000E+00
     0     0   1.8124E+16   4.6988E-02   2.9835E-04   7.5434E-02   0.0000E+00   0.0000E+00
     0     0   3.3353E+16   3.8289E-02   3.5372E-04   4.4089E-02   0.0000E+00   0.0000E+00
     0     0   3.4410E+16   3.9587E-02   3.4674E-04   4.9744E-02   0.0000E+00   0.0000E+00
     0     0   2.3430E+16   4.9130E-02   2.7756E-04   4.5100E-02   0.0000E+00   0.0000E+00
     0     0   1.4851E+16   5.1918E-02   2.5674E-04   5.5777E-02   0.0000E+00   0.0000E+00
     0     0   3.1137E+16   4.0923E-02   3.0042E-04   4.3023E-02   0.0000E+00   0.0000E+00
     0     0   1.5324E+16   4.9959E-02   2.6827E-04   5.2807E-02   0.0000E+00   0.0000E+00
     0     0   2.9948E+16   4.0113E-02   3.0050E-04   4.3821E-02   0.0000E+00   0.0000E+00
     0     0   2.6241E+16   4.4918E-02   3.0786E-04   5.0555E-02   0.0000E+00   0.0000E+00
     0     0   4.5276E+16   3.7424E-02   3.9131E-04   4.2665E-02   0.0000E+00   0.0000E+00
     0     0   3.7182E+16   3.6480E-02   3.3873E-04   4.4053E-02   0.0000E+00   0.0000E+00
     0     0   4.6967E+16   3.5002E-02   3.8195E-04   4.1274E-02   0.0000E+00   0.0000E+00
     0     0   4.0743E+16   3.8933E-02   3.5353E-04   4.5868E-02   0.0000E+00   0.0000E+00
     0     0   3.4368E+16   4.5083E-02   3.2739E-04   4.8412E-02   0.0000E+00   0.0000E+00
     0     0   3.8057E+16   3.4552E-02   3.6576E-04   4.5817E-02   0.0000E+00   0.0000E+00
     0     0   3.1393E+16   3.4944E-02   2.9902E-04   4.1717E-02   0.0000E+00   0.0000E+00
     0     0   3.1127E+16   4.0369E-02   3.0676E-04   4.1309E-02   0.0000E+00   0.0000E+00
     0     0   3.0685E+16   3.8201E-02   3.1885E-04   5.3004E-02   0.0000E+00   0.0000E+00
     0     0   3.6580E+16   4.3830E-02   3.5657E-04   5.0084E-02   0.0000E+00   0.0000E+00
     0     0   3.5676E+16   4.0226E-02   3.2440E-04   4.2790E-02   0.0000E+00   0.0000E+00
     0     0   3.2647E+16   4.7096E-02   3.0434E-04   4.7667E-02   0.0000E+00   0.0000E+00
     0     0   2.5284E+16   3.6814E-02   2.9199E-04   4.7858E-02   0.0000E+00   0.0000E+00
     0     0   3.0639E+16   4.2743E-02   3.2611E-04   4.5398E-02   0.0000E+00   0.0000E+00
     0     0   3.2589E+16   4.1468E-02   3.2619E-04   4.9208E-02   0.0000E+00   0.0000E+00
     0     0   3.2120E+16   4.4273E-02   3.2697E-04   5.9667E-02   0.0000E+00   0.0000E+00
     0     0   3.3708E+16   4.5768E-02   3.3822E-04   5.2065E-02   0.0000E+00   0.0000E+00
     0     0   3.2217E+16   4.1154E-02   2.9588E-04   4.4493E-02   0.0000E+00   0.0000E+00
     0     0   3.7858E+16   4.0205E-02   3.6069E-04   5.0688E-02   0.0000E+00   0.0000E+00
     0     0   2.7298E+16   4.5159E-02   2.7880E-04   4.4447E-02   0.0000E+00   0.0000E+00
     0     0   3.9692E+16   3.7835E-02   3.5745E-04   4.3853E-02   0.0000E+00   0.0000E+00
     0     0   3.6924E+16   3.8614E-02   3.3795E-04   4.6558E-02   0.0000E+00   0.0000E+00
     0     0   1.3098E+16   6.2382E-02   2.2913E-04   5.3046E-02   0.0000E+00   0.0000E+00
     0     0   2.5444E+16   4.4711E-02   2.6406E-04   4.3601E-02   0.0000E+00   0.0000E+00
     0     0   3.2819E+16   3.8974E-02   2.9139E-04   4.1605E-02   0.0000E+00   0.0000E+00
     0     0   2.3268E+16   4.3686E-02   2.6849E-04   4.9259E-02   0.0000E+00   0.0000E+00
     0     0   3.2065E+16   4.0085E-02   2.9405E-04   4.4223E-02   0.0000E+00   0.0000E+00
     0     0   2.7927E+16   4.4193E-02   2.7487E-04   3.9226E-02   0.0000E+00   0.0000E+00
     0     0   3.2592E+16   4.0050E-02   3.1764E-04   4.5307E-02   0.0000E+00   0.0000E+00
     0     0   2.6563E+16   4.1696E-02   2.8294E-04   4.1761E-02   0.0000E+00   0.0000E+00
     0     0   2.9740E+16   5.1805E-02   3.2256E-04   5.3964E-02   0.0000E+00   0.0000E+00
     0     0   2.3015E+16   3.7686E-02   2.7074E-04   4.3395E-02   0.0000E+00   0.0000E+00
     0     0   2.7161E+16   3.9791E-02   2.8503E-04   4.7481E-02   0.0000E+00   0.0000E+00
     0     0   3.0235E+16   3.9895E-02   3.2397E-04   4.8269E-02   0.0000E+00   0.0000E+00
     0     0   3.3212E+16   4.2202E-02   3.1287E-04   4.2782E-02   0.0000E+00   0.0000E+00
     0     0   3.3787E+16   4.1410E-02   3.5732E-04   5.1540E-02   0.0000E+00   0.0000E+00
     0     0   2.0584E+16   5.5075E-02   2.5825E-04   4.9271E-02   0.0000E+00   0.0000E+00
     0     0   1.8995E+16   4.2820E-02   2.6147E-04   4.3623E-02   0.0000E+00   0.0000E+00
     0     0   2.5387E+16   4.1209E-02   2.7341E-04   4.7717E-02   0.0000E+00   0.0000E+00
     0     0   2.3434E+16   4.3688E-02   2.7075E-04   4.5383E-02   0.0000E+00   0.0000E+00
     0     0   1.5881E+16   5.3451E-02   2.6087E-04   5.6750E-02   0.0000E+00   0.0000E+00
     0     0   1.1610E+16   5.1350E-02   2.1569E-04   5.0249E-02   0.0000E+00   0.0000E+00
     0     0   2.6923E+16   4.1513E-02   2.9322E-04   4.6966E-02   0.0000E+00   0.0000E+00
     0     0   1.9784E+16   5.8788E-02   2.7728E-04   5.4624E-02   0.0000E+00   0.0000E+00
     0     0   2.4539E+16   4.2834E-02   3.1696E-04   5.4165E-02   0.0000E+00   0.0000E+00
     0     0   2.2976E+16   3.8791E-02   2.7453E-04   4.2737E-02   0.0000E+00   0.0000E+00
     0     0   2.8855E+16   4.4273E-02   3.0918E-04   5.3579E-02   0.0000E+00   0.0000E+00
     0     0   2.1075E+16   4.1833E-02   2.8470E-04   4.5573E-02   0.0000E+00   0.0000E+00
     0     0   1.9323E+16   4.3477E-02   2.4483E-04   4.6671E-02   0.0000E+00   0.0000E+00
     0     0   2.3645E+16   4.2589E-02   3.1221E-04   5.1432E-02   0.0000E+00   0.0000E+00
     0     0   2.8124E+16   3.6699E-02   3.2308E-04   4.2754E-02   0.0000E+00   0.0000E+00
     0     0   2.2615E+16   3.8137E-02   3.0076E-04   4.9129E-02   0.0000E+00   0.0000E+00
     0     0   2.9008E+16   3.7531E-02   3.2641E-04   4.6799E-02   0.0000E+00   0.0000E+00
     0     0   2.8678E+16   3.8985E-02   3.2887E-04   5.0501E-02   0.0000E+00   0.0000E+00
     0     0   1.9316E+16   4.3490E-02   2.8955E-04   4.9587E-02   0.0000E+00   0.0000E+00
     0     0   1.9931E+16   4.5784E-02   2.8349E-04   5.3997E-02   0.0000E+00   0.0000E+00
     0     0   2.1272E+16   4.2774E-02   2.8702E-04   4.6350E-02   0.0000E+00   0.0000E+00
     0     0   1.7700E+16   5.8688E-02   2.6752E-04   5.6842E-02   0.0000E+00   0.0000E+00
     0     0   1.8701E+16   4.2498E-02   2.5201E-04   4.6112E-02   0.0000E+00   0.0000E+00
     0     0   2.1301E+16   3.3361E-02   2.6893E-04   3.7528E-02   0.0000E+00   0.0000E+00
     0     0   3.2164E+16   4.0742E-02   3.4744E-04   4.5645E-02   0.0000E+00   0.0000E+00
     0     0   2.9492E+16   3.7721E-02   3.4503E-04   4.7033E-02   0.0000E+00   0.0000E+00
     0     0   1.7512E+16   4.7904E-02   2.7150E-04   5.6416E-02   0.0000E+00   0.0000E+00
     0     0   1.8719E+16   4.3019E-02   2.5271E-04   4.5505E-02   0.0000E+00   0.0000E+00
     0     0   1.9523E+16   4.2399E-02   2.5189E-04   5.2037E-02   0.0000E+00   0.0000E+00
     0     0   1.9054E+16   4.6690E-02   2.5032E-04   4.6375E-02   0.0000E+00   0.0000E+00
     0     0   2.1028E+16   4.5246E-02   2.7971E-04   5.3136E-02   0.0000E+00   0.0000E+00
     0     0   2.0025E+16   4.5817E-02   2.5555E-04   5.5688E-02   0.0000E+00   0.0000E+00
     0     0   2.0960E+16   4.4522E-02   2.8106E-04   4.7497E-02   0.0000E+00   0.0000E+00
     0     0   1.8567E+16   4.5010E-02   2.7143E-04   4.8960E-02   0.0000E+00   0.0000E+00
     0     0   1.8293E+16   4.2070E-02   2.6846E-04   4.5046E-02   0.0000E+00   0.0000E+00
     0     0   1.7080E+16   5.1259E-02   2.5727E-04   5.6879E-02   0.0000E+00   0.0000E+00
     0     0   1.9775E+16   4.7617E-02   2.4726E-04   4.7725E-02   0.0000E+00   0.0000E+00
     0     0   1.8920E+16   4.8084E-02   2.6553E-04   5.1907E-02   0.0000E+00   0.0000E+00
     0     0   1.9886E+16   4.7090E-02   2.6272E-04   4.7479E-02   0.0000E+00   0.0000E+00
     0     0   1.7677E+16   4.7334E-02   2.4960E-04   5.1708E-02   0.0000E+00   0.0000E+00
     0     0   1.6882E+16   4.5422E-02   2.8779E-04   5.7561E-02   0.0000E+00   0.0000E+00
     0     0   1.8961E+16   4.1650E-02   2.5274E-04   4.5237E-02   0.0000E+00   0.0000E+00
     0     0   1.6404E+16   4.3395E-02   2.5260E-04   5.1844E-02   0.0000E+00   0.0000E+00
     0     0   1.4156E+16   4.7241E-02   2.4095E-04   5.4593E-02   0.0000E+00   0.0000E+00
     0     0   1.7444E+16   5.4861E-02   2.9484E-04   6.4794E-02   0.0000E+00   0.0000E+00
     0     0   1.9184E+16   5.5397E-02   2.7179E-04   5.6768E-02   0.0000E+00   0.0000E+00
     0     0   1.8696E+16   4.4676E-02   2.6408E-04   5.1061E-02   0.0000E+00   0.0000E+00
     0     0   1.9171E+16   4.8742E-02   2.8500E-04   5.3832E-02   0.0000E+00   0.0000E+00
     0     0   1.7447E+16   4.5107E-02   2.8407E-04   5.4576E-02   0.0000E+00   0.0000E+00
     0     0   1.8160E+16   4.8240E-02   2.5608E-04   4.7604E-02   0.0000E+00   0.0000E+00
     0     0   1.9611E+16   5.0270E-02   2.7536E-04   6.8938E-02   0.0000E+00   0.0000E+00
     0     0   1.8852E+16   4.6687E-02   2.6880E-04   5.8526E-02   0.0000E+00   0.0000E+00
     0     0   1.6513E+16   4.9449E-02   2.4170E-04   5.1058E-02   0.0000E+00   0.0000E+00
     0     0   1.5729E+16   4.9544E-02   2.5006E-04   5.0493E-02   0.0000E+00   0.0000E+00
     0     0   1.6576E+16   5.0155E-02   2.5940E-04   5.5181E-02   0.0000E+00   0.0000E+00
     0     0   1.4781E+16   4.7996E-02   2.4944E-04   5.5054E-02   0.0000E+00   0.0000E+00
     0     0   1.6725E+16   4.3773E-02   2.8322E-04   5.9439E-02   0.0000E+00   0.0000E+00
     0     0   1.9216E+16   4.4166E-02   2.6469E-04   5.2054E-02   0.0000E+00   0.0000E+00
     0     0   2.0465E+16   4.8838E-02   3.0282E-04   6.3399E-02   0.0000E+00   0.0000E+00
     0     0   1.3752E+16   4.9852E-02   2.3967E-04   5.9053E-02   0.0000E+00   0.0000E+00
     0     0   1.6676E+16   4.8269E-02   2.5568E-04   6.3648E-02   0.0000E+00   0.0000E+00
     0     0   1.5371E+16   7.4337E-02   2.4992E-04   5.5231E-02   0.0000E+00   0.0000E+00
     0     0   1.6828E+16   4.3045E-02   2.7434E-04   6.1235E-02   0.0000E+00   0.0000E+00
     0     0   1.3642E+16   5.4260E-02   2.3149E-04   6.5331E-02   0.0000E+00   0.0000E+00
     0     0   1.5299E+16   5.2774E-02   2.4324E-04   5.2277E-02   0.0000E+00   0.0000E+00
     0     0   1.9171E+16   4.1247E-02   2.5535E-04   4.9078E-02   0.0000E+00   0.0000E+00
     0     0   1.9785E+16   4.8291E-02   2.7803E-04   4.9192E-02   0.0000E+00   0.0000E+00
     0     0   1.7908E+16   4.2060E-02   2.9137E-04   5.0463E-02   0.0000E+00   0.0000E+00
     0     0   1.8878E+16   4.7794E-02   2.8207E-04   5.2657E-02   0.0000E+00   0.0000E+00
     0     0   1.6078E+16   4.9046E-02   2.4877E-04   5.1008E-02   0.0000E+00   0.0000E+00
     0     0   1.8548E+16   4.4983E-02   2.9890E-04   5.1619E-02   0.0000E+00   0.0000E+00
     0     0   1.6959E+16   4.9355E-02   2.6183E-04   5.8048E-02   0.0000E+00   0.0000E+00
     0     0   2.9303E+16   4.4843E-02   3.0456E-04   4.7912E-02   0.0000E+00   0.0000E+00
     0     0   2.9186E+16   3.9297E-02   3.4488E-04   5.7440E-02   0.0000E+00   0.0000E+00
     0     0   9.0137E+15   5.7880E-02   1.9104E-04   5.4391E-02   0.0000E+00   0.0000E+00
     0     0   8.7883E+15   6.5995E-02   1.7550E-04   8.0298E-02   0.0000E+00   0.0000E+00
     0     0   8.1292E+15   5.9802E-02   1.8723E-04   6.3198E-02   0.0000E+00   0.0000E+00
     0     0   6.4008E+15   6.4909E-02   1.7017E-04   7.9010E-02   0.0000E+00   0.0000E+00
     0     0   7.7936E+15   5.9973E-02   1.8529E-04   5.9508E-02   0.0000E+00   0.0000E+00
     0     0   8.6675E+15   6.5300E-02   1.8125E-04   5.8955E-02   0.0000E+00   0.0000E+00
     0     0   7.2729E+15   7.1355E-02   1.8710E-04   7.8496E-02   0.0000E+00   0.0000E+00
     0     0   8.7582E+15   6.3260E-02   1.9680E-04   6.9980E-02   0.0000E+00   0.0000E+00
     0     0   8.6901E+15   8.2906E-02   1.9697E-04   7.3764E-02   0.0000E+00   0.0000E+00
     0     0   7.0487E+15   6.1486E-02   1.5715E-04   5.8887E-02   0.0000E+00   0.0000E+00
     0     0   7.0585E+15   6.3586E-02   1.6154E-04   6.0855E-02   0.0000E+00   0.0000E+00
     0     0   6.2074E+15   6.7402E-02   1.6095E-04   7.1065E-02   0.0000E+00   0.0000E+00
     0     0   7.2691E+15   6.4653E-02   1.6965E-04   6.6570E-02   0.0000E+00   0.0000E+00
     0     0   6.6593E+15   5.3090E-02   1.6629E-04   6.0077E-02   0.0000E+00   0.0000E+00
     0     0   7.3288E+15   5.9381E-02   1.8507E-04   7.1767E-02   0.0000E+00   0.0000E+00
     0     0   7.2787E+15   6.5689E-02   1.8058E-04   6.6118E-02   0.0000E+00   0.0000E+00
     0     0   8.7792E+15   6.6146E-02   1.6682E-04   5.8795E-02   0.0000E+00   0.0000E+00
     0     0   8.7195E+15   6.0961E-02   1.6907E-04   6.4599E-02   0.0000E+00   0.0000E+00
     0     0   8.6951E+15   5.6364E-02   1.8186E-04   5.8944E-02   0.0000E+00   0.0000E+00
     0     0   7.0998E+15   8.1764E-02   1.5160E-04   5.6886E-02   0.0000E+00   0.0000E+00
     0     0   9.3167E+15   6.8156E-02   1.8559E-04   7.6171E-02   0.0000E+00   0.0000E+00
     0     0   9.2995E+15   6.4543E-02   1.9032E-04   6.4266E-02   0.0000E+00   0.0000E+00
     0     0   9.0861E+15   6.3751E-02   1.7583E-04   5.8416E-02   0.0000E+00   0.0000E+00
     0     0   8.7553E+15   6.4239E-02   1.7671E-04   6.0372E-02   0.0000E+00   0.0000E+00
     0     0   7.1972E+15   6.1193E-02   1.7975E-04   6.9384E-02   0.0000E+00   0.0000E+00
     0     0   7.9876E+15   6.7449E-02   1.6448E-04   6.4304E-02   0.0000E+00   0.0000E+00
     0     0   9.0000E+15   6.7326E-02   1.7320E-04   6.1355E-02   0.0000E+00   0.0000E+00
     0     0   9.3905E+15   5.4075E-02   1.7099E-04   5.1992E-02   0.0000E+00   0.0000E+00
     0     0   1.1008E+16   4.3530E-02   1.8368E-04   5.0423E-02   0.0000E+00   0.0000E+00
     0     0   1.1134E+16   6.0270E-02   1.9095E-04   6.2774E-02   0.0000E+00   0.0000E+00
     0     0   1.1150E+16   5.3525E-02   2.1445E-04   7.6980E-02   0.0000E+00   0.0000E+00
     0     0   9.7149E+15   4.7371E-02   1.6842E-04   5.8365E-02   0.0000E+00   0.0000E+00
     0     0   9.0179E+15   5.9956E-02   1.6505E-04   6.3857E-02   0.0000E+00   0.0000E+00
     0     0   1.0487E+16   5.0825E-02   1.8354E-04   5.8641E-02   0.0000E+00   0.0000E+00
     0     0   1.1158E+16   5.1408E-02   1.8756E-04   6.1368E-02   0.0000E+00   0.0000E+00
     0     0   1.1613E+16   5.4747E-02   1.8829E-04   6.2945E-02   0.0000E+00   0.0000E+00
     0     0   9.8120E+15   4.3805E-02   1.5950E-04   4.7331E-02   0.0000E+00   0.0000E+00
     0     0   6.3151E+15   5.7616E-02   1.5764E-04   6.7837E-02   0.0000E+00   0.0000E+00
     0     0   1.0723E+16   5.1966E-02   1.6593E-04   6.6801E-02   0.0000E+00   0.0000E+00
     0     0   8.6391E+15   5.5996E-02   1.6230E-04   5.6131E-02   0.0000E+00   0.0000E+00
     0     0   8.6038E+15   5.9734E-02   1.7494E-04   6.7324E-02   0.0000E+00   0.0000E+00
     0     0   9.7880E+15   5.7553E-02   1.4527E-04   5.3115E-02   0.0000E+00   0.0000E+00
     0     0   9.7883E+15   6.8185E-02   1.5464E-04   6.8824E-02   0.0000E+00   0.0000E+00
     0     0   1.0265E+16   6.3502E-02   1.5892E-04   5.5782E-02   0.0000E+00   0.0000E+00
     0     0   1.0034E+16   4.3242E-02   1.6619E-04   4.9191E-02   0.0000E+00   0.0000E+00
     0     0   1.0763E+16   4.5573E-02   1.6986E-04   5.3245E-02   0.0000E+00   0.0000E+00
     0     0   3.4399E+16   3.5436E-02   3.5200E-04   4.4806E-02   0.0000E+00   0.0000E+00
     0     0   3.3981E+16   4.1249E-02   3.6078E-04   4.6830E-02   0.0000E+00   0.0000E+00
     0     0   3.0409E+16   4.3884E-02   3.1518E-04   5.4817E-02   0.0000E+00   0.0000E+00
     0     0   2.9208E+16   3.9649E-02   2.9588E-04   4.7624E-02   0.0000E+00   0.0000E+00
     0     0   3.2325E+16   3.9380E-02   3.5539E-04   4.4217E-02   0.0000E+00   0.0000E+00
     0     0   3.2873E+16   4.2934E-02   3.1103E-04   4.7034E-02   0.0000E+00   0.0000E+00
     0     0   3.0406E+16   4.4193E-02   3.4295E-04   6.0069E-02   0.0000E+00   0.0000E+00
     0     0   2.8671E+16   4.0778E-02   3.0334E-04   5.6590E-02   0.0000E+00   0.0000E+00
     0     0   2.5195E+16   3.9956E-02   2.9203E-04   5.1936E-02   0.0000E+00   0.0000E+00
     0     0   2.7653E+16   4.7190E-02   3.3170E-04   5.1511E-02   0.0000E+00   0.0000E+00
     0     0   1.4010E+16   5.5553E-02   2.3232E-04   5.2762E-02   0.0000E+00   0.0000E+00
     0     0   1.4461E+16   6.3914E-02   2.3735E-04   4.9150E-02   0.0000E+00   0.0000E+00
     0     0   1.3986E+16   6.0021E-02   2.4501E-04   5.7698E-02   0.0000E+00   0.0000E+00
     0     0   1.5132E+16   5.9731E-02   2.6724E-04   6.9709E-02   0.0000E+00   0.0000E+00
     0     0   2.0641E+16   5.2276E-02   2.5827E-04   5.0106E-02   0.0000E+00   0.0000E+00
     0     0   2.5935E+16   4.6221E-02   2.7255E-04   5.1888E-02   0.0000E+00   0.0000E+00
     0     0   1.5446E+16   5.2632E-02   2.4325E-04   4.8992E-02   0.0000E+00   0.0000E+00
     0     0   1.0694E+16   5.4403E-02   2.0232E-04   5.1650E-02   0.0000E+00   0.0000E+00
     0     0   1.7031E+16   6.2383E-02   2.6361E-04   5.4884E-02   0.0000E+00   0.0000E+00
     0     0   1.4371E+16   4.7242E-02   2.4066E-04   5.3702E-02   0.0000E+00   0.0000E+00
     0     0   1.5352E+16   5.3478E-02   2.6869E-04   5.5864E-02   0.0000E+00   0.0000E+00
     0     0   1.2362E+16   5.2448E-02   2.2734E-04   5.6621E-02   0.0000E+00   0.0000E+00
     0     0   1.7731E+16   1.3304E-01   2.5129E-04   4.7421E-02   0.0000E+00   0.0000E+00
     0     0   1.6203E+16   5.6861E-02   2.6253E-04   5.7419E-02   0.0000E+00   0.0000E+00
     0     0   1.3711E+16   5.0296E-02   2.3150E-04   4.3650E-02   0.0000E+00   0.0000E+00
     0     0   1.1441E+16   5.3787E-02   2.0340E-04   2.6186E-02   0.0000E+00   0.0000E+00
     0     0   1.3790E+16   5.1990E-02   2.4329E-04   5.5660E-02   0.0000E+00   0.0000E+00
     0     0   1.7745E+16   7.4964E-02   2.5562E-04   5.5263E-02   0.0000E+00   0.0000E+00
     0     0   1.1091E+16   6.4656E-02   2.3937E-04   5.7590E-02   0.0000E+00   0.0000E+00
     0     0   2.0742E+16   5.0047E-02   2.5498E-04   5.1679E-02   0.0000E+00   0.0000E+00
     0     0   2.6950E+16   3.8966E-02   3.0822E-04   4.9360E-02   0.0000E+00   0.0000E+00
     0     0   2.7866E+16   3.8766E-02   3.2266E-04   5.0676E-02   0.0000E+00   0.0000E+00
     0     0   2.2500E+16   4.1352E-02   2.8724E-04   4.7555E-02   0.0000E+00   0.0000E+00
     0     0   2.1488E+16   4.8340E-02   3.0122E-04   6.1693E-02   0.0000E+00   0.0000E+00
     0     0   1.4914E+16   4.7225E-02   2.5291E-04   5.3405E-02   0.0000E+00   0.0000E+00
     0     0   1.4384E+16   5.3649E-02   2.6659E-04   6.2052E-02   0.0000E+00   0.0000E+00
     0     0   1.3483E+16   6.1815E-02   2.4539E-04   6.3717E-02   0.0000E+00   0.0000E+00
     0     0   1.4542E+16   6.0724E-02   2.3098E-04   5.7197E-02   0.0000E+00   0.0000E+00
     0     0   1.4107E+16   5.2280E-02   2.3929E-04   5.9250E-02   0.0000E+00   0.0000E+00
     0     0   1.5990E+16   4.0613E-02   2.7746E-04   6.0716E-02   0.0000E+00   0.0000E+00
     0     0   1.5414E+16   5.2155E-02   2.6334E-04   7.1022E-02   0.0000E+00   0.0000E+00
     0     0   1.4639E+16   4.8720E-02   2.5639E-04   6.2255E-02   0.0000E+00   0.0000E+00
     0     0   1.6749E+16   4.5265E-02   2.7656E-04   5.9775E-02   0.0000E+00   0.0000E+00
     0     0   1.5255E+16   6.4897E-02   2.4342E-04   5.4876E-02   0.0000E+00   0.0000E+00
     0     0   1.7640E+16   4.7724E-02   2.8044E-04   5.6692E-02   0.0000E+00   0.0000E+00
     0     0   1.2728E+16   5.4185E-02   2.4551E-04   5.6602E-02   0.0000E+00   0.0000E+00
     0     0   1.4981E+16   4.9008E-02   2.6048E-04   6.4273E-02   0.0000E+00   0.0000E+00
     0     0   1.4049E+16   6.0755E-02   2.5069E-04   5.7912E-02   0.0000E+00   0.0000E+00
     0     0   1.3187E+16   4.9732E-02   2.3499E-04   5.3084E-02   0.0000E+00   0.0000E+00
     0     0   1.3080E+16   4.5454E-02   2.3575E-04   4.7800E-02   0.0000E+00   0.0000E+00
     0     0   1.6444E+16   4.5254E-02   2.4680E-04   4.7266E-02   0.0000E+00   0.0000E+00
     0     0   2.2807E+16   3.0040E-02   2.8848E-04   3.3790E-02   0.0000E+00   0.0000E+00
     0     0   1.3444E+16   4.6649E-02   2.5148E-04   4.8305E-02   0.0000E+00   0.0000E+00
     0     0   1.5425E+16   4.8880E-02   2.3766E-04   4.7940E-02   0.0000E+00   0.0000E+00
     0     0   1.8552E+16   4.0129E-02   2.7128E-04   4.5457E-02   0.0000E+00   0.0000E+00
     0     0   1.8193E+16   1.9199E-02   2.8746E-04   2.1469E-02   0.0000E+00   0.0000E+00
     0     0   1.5747E+16   4.5503E-02   2.6018E-04   5.1142E-02   0.0000E+00   0.0000E+00
     0     0   1.9807E+16   4.1378E-02   2.6424E-04   4.7612E-02   0.0000E+00   0.0000E+00
     0     0   1.3185E+16   4.6167E-02   2.4310E-04   5.5342E-02   0.0000E+00   0.0000E+00
     0     0   1.5063E+16   4.8444E-02   2.5769E-04   4.7073E-02   0.0000E+00   0.0000E+00
     0     0   1.9901E+16   5.0256E-02   2.6743E-04   5.7262E-02   0.0000E+00   0.0000E+00
     0     0   2.1982E+16   3.9424E-02   2.8064E-04   4.7511E-02   0.0000E+00   0.0000E+00
     0     0   1.7433E+16   5.8323E-02   2.6325E-04   5.0153E-02   0.0000E+00   0.0000E+00
     0     0   1.7258E+16   5.1561E-02   2.5145E-04   4.9291E-02   0.0000E+00   0.0000E+00
     0     0   1.6758E+16   4.6914E-02   2.6146E-04   5.5082E-02   0.0000E+00   0.0000E+00
     0     0   2.1369E+16   4.8201E-02   2.5693E-04   4.2900E-02   0.0000E+00   0.0000E+00
     0     0   1.7607E+16   5.1136E-02   2.7607E-04   6.8754E-02   0.0000E+00   0.0000E+00
     0     0   1.6947E+16   4.8302E-02   2.7221E-04   8.3151E-02   0.0000E+00   0.0000E+00
     0     0   1.6824E+16   4.2765E-02   2.5357E-04   4.8959E-02   0.0000E+00   0.0000E+00
     0     0   1.7748E+16   3.9460E-02   2.5921E-04   4.5116E-02   0.0000E+00   0.0000E+00
     0     0   1.5584E+16   5.0422E-02   2.6152E-04   5.4418E-02   0.0000E+00   0.0000E+00
     0     0   1.5824E+16   4.9746E-02   2.8023E-04   5.9994E-02   0.0000E+00   0.0000E+00
     0     0   1.7861E+16   4.4627E-02   2.7298E-04   6.5348E-02   0.0000E+00   0.0000E+00
     0     0   1.7765E+16   4.3668E-02   2.7575E-04   6.2741E-02   0.0000E+00   0.0000E+00
     0     0   1.7479E+16   4.1124E-02   2.7058E-04   4.8558E-02   0.0000E+00   0.0000E+00
     0     0   2.0713E+16   4.2213E-02   2.9281E-04   4.9065E-02   0.0000E+00   0.0000E+00
     0     0   2.1995E+16   3.7500E-02   2.8011E-04   4.5272E-02   0.0000E+00   0.0000E+00
     0     0   2.0001E+16   4.6973E-02   2.6571E-04   4.7025E-02   0.0000E+00   0.0000E+00
     0     0   1.7953E+16   4.5733E-02   2.5814E-04   4.6881E-02   0.0000E+00   0.0000E+00
     0     0   1.5621E+16   5.1194E-02   2.5692E-04   5.1334E-02   0.0000E+00   0.0000E+00
     0     0   1.9891E+16   4.4648E-02   2.8798E-04   5.3406E-02   0.0000E+00   0.0000E+00
     0     0   1.8372E+16   4.8835E-02   2.9397E-04   5.5623E-02   0.0000E+00   0.0000E+00
     0     0   2.2407E+16   4.0915E-02   3.0267E-04   4.7660E-02   0.0000E+00   0.0000E+00
     0     0   2.1225E+16   4.8148E-02   2.9255E-04   5.3642E-02   0.0000E+00   0.0000E+00
     0     0   1.4257E+16   4.9012E-02   2.6208E-04   5.4288E-02   0.0000E+00   0.0000E+00
     0     0   1.2608E+16   5.1856E-02   2.7234E-04   7.3624E-02   0.0000E+00   0.0000E+00
     0     0   1.7041E+16   5.0573E-02   2.6437E-04   5.1722E-02   0.0000E+00   0.0000E+00
     0     0   1.1773E+16   4.8822E-02   2.5675E-04   5.7671E-02   0.0000E+00   0.0000E+00
     0     0   1.7868E+16   4.7823E-02   2.9351E-04   6.7003E-02   0.0000E+00   0.0000E+00
     0     0   2.0833E+16   5.3364E-02   2.8272E-04   6.1199E-02   0.0000E+00   0.0000E+00
     0     0   2.3805E+16   3.9170E-02   2.8517E-04   4.0824E-02   0.0000E+00   0.0000E+00
     0     0   3.0063E+16   4.2587E-02   3.2413E-04   4.9017E-02   0.0000E+00   0.0000E+00
     0     0   2.7464E+16   3.9828E-02   3.0111E-04   5.3494E-02   0.0000E+00   0.0000E+00
     0     0   2.3509E+16   5.0832E-02   2.8337E-04   4.9122E-02   0.0000E+00   0.0000E+00
     0     0   1.5905E+16   5.2144E-02   2.3332E-04   4.8271E-02   0.0000E+00   0.0000E+00
     0     0   1.4311E+16   5.2995E-02   2.4199E-04   5.6741E-02   0.0000E+00   0.0000E+00
     0     0   2.0664E+16   4.2673E-02   2.8415E-04   4.6646E-02   0.0000E+00   0.0000E+00
     0     0   1.4712E+16   5.6083E-02   2.4538E-04   6.0184E-02   0.0000E+00   0.0000E+00
     0     0   1.2209E+16   4.2097E-02   2.5003E-04   6.3980E-02   0.0000E+00   0.0000E+00
     0     0   1.4798E+16   4.5880E-02   2.3523E-04   5.4106E-02   0.0000E+00   0.0000E+00
     0     0   1.2549E+16   4.2641E-02   2.4210E-04   4.6443E-02   0.0000E+00   0.0000E+00
     0     0   1.3697E+16   8.5134E-02   2.3711E-04   5.0106E-02   0.0000E+00   0.0000E+00
     0     0   1.3949E+16   5.0625E-02   2.3276E-04   5.2508E-02   0.0000E+00   0.0000E+00
     0     0   1.2396E+16   4.3333E-02   2.7509E-04   5.5694E-02   0.0000E+00   0.0000E+00
     0     0   2.3274E+16   3.8820E-02   3.0810E-04   5.8816E-02   0.0000E+00   0.0000E+00
     0     0   2.4189E+16   4.6433E-02   2.9838E-04   5.4164E-02   0.0000E+00   0.0000E+00
     0     0   2.1627E+16   3.9573E-02   2.9146E-04   5.1904E-02   0.0000E+00   0.0000E+00
     0     0   2.1181E+16   4.5634E-02   2.9823E-04   4.8926E-02   0.0000E+00   0.0000E+00
     0     0   1.8248E+16   5.1304E-02   2.7407E-04   5.1818E-02   0.0000E+00   0.0000E+00
     0     0   1.6521E+16   4.6709E-02   2.4558E-04   4.8291E-02   0.0000E+00   0.0000E+00
     0     0   1.4712E+16   6.1436E-02   2.3081E-04   5.3275E-02   0.0000E+00   0.0000E+00
     0     0   1.4088E+16   5.3637E-02   2.6332E-04   5.9498E-02   0.0000E+00   0.0000E+00
     0     0   1.3276E+16   6.3074E-02   2.5733E-04   5.4662E-02   0.0000E+00   0.0000E+00
     0     0   1.2777E+16   4.8578E-02   2.3197E-04   5.2270E-02   0.0000E+00   0.0000E+00
     0     0   1.2708E+16   5.0576E-02   2.2771E-04   5.3251E-02   0.0000E+00   0.0000E+00
     0     0   1.2540E+16   4.6424E-02   2.4227E-04   5.0337E-02   0.0000E+00   0.0000E+00
     0     0   1.4139E+16   5.8106E-02   2.2874E-04   5.5755E-02   0.0000E+00   0.0000E+00
     0     0   1.3796E+16   4.9770E-02   2.2818E-04   4.8846E-02   0.0000E+00   0.0000E+00
     0     0   1.2943E+16   5.2639E-02   2.4606E-04   6.2643E-02   0.0000E+00   0.0000E+00
     0     0   1.3208E+16   5.1207E-02   2.3188E-04   5.5968E-02   0.0000E+00   0.0000E+00
     0     0   2.6441E+16   4.0662E-02   3.2032E-04   5.3640E-02   0.0000E+00   0.0000E+00
     0     0   2.7619E+16   3.6622E-02   3.3336E-04   4.5742E-02   0.0000E+00   0.0000E+00
     0     0   2.6342E+16   4.3882E-02   3.1553E-04   5.3937E-02   0.0000E+00   0.0000E+00
     0     0   2.5722E+16   4.1591E-02   3.1672E-04   5.3381E-02   0.0000E+00   0.0000E+00
     0     0   2.1771E+16   4.2752E-02   2.9923E-04   4.8488E-02   0.0000E+00   0.0000E+00
     0     0   2.1704E+16   5.0356E-02   2.7752E-04   4.7985E-02   0.0000E+00   0.0000E+00
     0     0   1.3837E+16   4.5181E-02   2.5689E-04   5.2254E-02   0.0000E+00   0.0000E+00
     0     0   1.1903E+16   4.8349E-02   2.7130E-04   5.5599E-02   0.0000E+00   0.0000E+00
     0     0   2.8738E+16   3.8250E-02   3.1243E-04   4.5048E-02   0.0000E+00   0.0000E+00
     0     0   2.6132E+16   4.0921E-02   3.4372E-04   8.7178E-02   0.0000E+00   0.0000E+00
     0     0   3.1253E+16   3.7003E-02   3.2359E-04   4.4713E-02   0.0000E+00   0.0000E+00
     0     0   2.9975E+16   3.7289E-02   3.2709E-04   4.8077E-02   0.0000E+00   0.0000E+00
     0     0   2.1403E+16   4.6114E-02   3.0243E-04   5.1677E-02   0.0000E+00   0.0000E+00
     0     0   1.9014E+16   4.7999E-02   2.7498E-04   5.1371E-02   0.0000E+00   0.0000E+00
     0     0   2.5937E+16   4.3050E-02   2.8407E-04   4.9333E-02   0.0000E+00   0.0000E+00
     0     0   2.0572E+16   4.3836E-02   2.8866E-04   5.0599E-02   0.0000E+00   0.0000E+00
     0     0   1.7230E+16   4.2381E-02   2.5783E-04   4.9459E-02   0.0000E+00   0.0000E+00
     0     0   1.4944E+16   5.1508E-02   2.7097E-04   5.3421E-02   0.0000E+00   0.0000E+00
     0     0   2.0857E+16   4.4133E-02   2.9688E-04   5.1711E-02   0.0000E+00   0.0000E+00
     0     0   1.7612E+16   4.5191E-02   2.8769E-04   4.7274E-02   0.0000E+00   0.0000E+00
     0     0   1.7252E+16   5.0107E-02   2.4901E-04   5.8257E-02   0.0000E+00   0.0000E+00
     0     0   1.6370E+16   4.7907E-02   2.4237E-04   4.8329E-02   0.0000E+00   0.0000E+00
     0     0   2.6752E+16   3.9489E-02   2.9139E-04   4.6960E-02   0.0000E+00   0.0000E+00
     0     0   2.5322E+16   4.4534E-02   2.6414E-04   4.6744E-02   0.0000E+00   0.0000E+00
     0     0   2.4130E+16   3.9335E-02   2.9280E-04   5.1103E-02   0.0000E+00   0.0000E+00
     0     0   1.7787E+16   4.2257E-02   2.9002E-04   4.9356E-02   0.0000E+00   0.0000E+00
     0     0   1.3609E+16   5.0947E-02   2.6838E-04   6.8948E-02   0.0000E+00   0.0000E+00
     0     0   1.3967E+16   4.5284E-02   2.4859E-04   5.8761E-02   0.0000E+00   0.0000E+00
     0     0   2.2862E+16   5.6632E-02   2.7582E-04   5.4068E-02   0.0000E+00   0.0000E+00
     0     0   1.9794E+16   4.3164E-02   3.0268E-04   4.8696E-02   0.0000E+00   0.0000E+00
     0     0   2.4455E+16   3.9366E-02   2.9975E-04   4.4311E-02   0.0000E+00   0.0000E+00
     0     0   1.8192E+16   4.5366E-02   2.4153E-04   4.5601E-02   0.0000E+00   0.0000E+00
     0     0   1.5015E+16   5.5021E-02   2.3047E-04   5.4404E-02   0.0000E+00   0.0000E+00
     0     0   1.4692E+16   5.1359E-02   2.2320E-04   5.5421E-02   0.0000E+00   0.0000E+00
     0     0   2.6421E+16   4.2697E-02   2.9743E-04   4.8578E-02   0.0000E+00   0.0000E+00
     0     0   2.4955E+16   4.2384E-02   2.9765E-04   4.6152E-02   0.0000E+00   0.0000E+00
     0     0   2.8917E+16   4.1324E-02   3.1802E-04   5.1858E-02   0.0000E+00   0.0000E+00
     0     0   2.8246E+16   3.4161E-02   3.1001E-04   4.3165E-02   0.0000E+00   0.0000E+00
     0     0   2.1866E+16   4.3514E-02   2.8029E-04   5.1053E-02   0.0000E+00   0.0000E+00
     0     0   2.1493E+16   3.9714E-02   2.8416E-04   4.5728E-02   0.0000E+00   0.0000E+00
     0     0   2.0181E+16   4.4769E-02   3.0072E-04   5.4483E-02   0.0000E+00   0.0000E+00
     0     0   1.6032E+16   4.8864E-02   2.6737E-04   4.7290E-02   0.0000E+00   0.0000E+00
     0     0   1.6070E+16   4.9435E-02   3.1408E-04   9.3217E-02   0.0000E+00   0.0000E+00
     0     0   1.2252E+16   5.4894E-02   2.5515E-04   5.7858E-02   0.0000E+00   0.0000E+00
     0     0   1.7215E+16   4.0538E-02   2.7757E-04   4.5442E-02   0.0000E+00   0.0000E+00
     0     0   1.4105E+16   4.6996E-02   2.6013E-04   6.0949E-02   0.0000E+00   0.0000E+00
     0     0   2.3253E+16   4.2429E-02   2.8106E-04   4.5554E-02   0.0000E+00   0.0000E+00
     0     0   2.1239E+16   4.3429E-02   2.9024E-04   4.6970E-02   0.0000E+00   0.0000E+00
     0     0   2.9581E+16   3.6989E-02   3.1591E-04   4.5625E-02   0.0000E+00   0.0000E+00
     0     0   2.9517E+16   4.3766E-02   3.1708E-04   4.9067E-02   0.0000E+00   0.0000E+00
     0     0   3.0420E+16   3.8917E-02   3.0242E-04   4.7435E-02   0.0000E+00   0.0000E+00
     0     0   2.7186E+16   3.2630E-02   2.9961E-04   4.2634E-02   0.0000E+00   0.0000E+00
     0     0   2.8673E+16   3.8686E-02   3.0833E-04   4.8733E-02   0.0000E+00   0.0000E+00
     0     0   2.9797E+16   4.1641E-02   3.1907E-04   5.5805E-02   0.0000E+00   0.0000E+00
     0     0   3.0933E+16   4.9531E-02   3.1679E-04   5.4164E-02   0.0000E+00   0.0000E+00
     0     0   2.8671E+16   4.1698E-02   3.3067E-04   4.9591E-02   0.0000E+00   0.0000E+00
     0     0   2.5761E+16   4.1881E-02   3.1306E-04   5.6365E-02   0.0000E+00   0.0000E+00
     0     0   2.1583E+16   4.3197E-02   2.7810E-04   5.1406E-02   0.0000E+00   0.0000E+00
     0     0   1.6290E+16   4.9541E-02   2.5482E-04   4.8516E-02   0.0000E+00   0.0000E+00
     0     0   1.5877E+16   4.5523E-02   2.4043E-04   4.7117E-02   0.0000E+00   0.0000E+00
     0     0   1.1557E+16   4.7318E-02   2.5781E-04   5.1830E-02   0.0000E+00   0.0000E+00
     0     0   1.1681E+16   5.2089E-02   2.3990E-04   5.6210E-02   0.0000E+00   0.0000E+00
     0     0   2.9547E+16   4.2986E-02   3.1382E-04   4.7688E-02   0.0000E+00   0.0000E+00
     0     0   2.6677E+16   3.9623E-02   3.0197E-04   5.3609E-02   0.0000E+00   0.0000E+00
     0     0   2.9715E+16   3.7659E-02   3.0515E-04   4.7800E-02   0.0000E+00   0.0000E+00
     0     0   3.0276E+16   4.7652E-02   3.0487E-04   4.9704E-02   0.0000E+00   0.0000E+00
     0     0   1.7622E+16   4.0909E-02   2.8640E-04   4.7156E-02   0.0000E+00   0.0000E+00
     0     0   1.7503E+16   4.8185E-02   2.6989E-04   5.6004E-02   0.0000E+00   0.0000E+00
     0     0   2.0383E+16   4.2570E-02   2.7952E-04   4.9542E-02   0.0000E+00   0.0000E+00
     0     0   1.8109E+16   4.5597E-02   2.5886E-04   4.7884E-02   0.0000E+00   0.0000E+00
     0     0   1.5133E+16   5.4035E-02   2.6647E-04   5.5134E-02   0.0000E+00   0.0000E+00
     0     0   1.3530E+16   5.2144E-02   2.4499E-04   4.9565E-02   0.0000E+00   0.0000E+00
     0     0   2.9990E+16   4.4902E-02   2.9848E-04   4.6082E-02   0.0000E+00   0.0000E+00
     0     0   3.0265E+16   4.3018E-02   3.1949E-04   4.3600E-02   0.0000E+00   0.0000E+00
     0     0   2.8588E+16   4.3653E-02   3.0555E-04   5.0695E-02   0.0000E+00   0.0000E+00
     0     0   2.9031E+16   4.2963E-02   2.9969E-04   4.4567E-02   0.0000E+00   0.0000E+00
     0     0   2.2621E+16   4.7203E-02   2.9777E-04   6.1517E-02   0.0000E+00   0.0000E+00
     0     0   2.6435E+16   4.2499E-02   3.1155E-04   5.1062E-02   0.0000E+00   0.0000E+00
     0     0   2.1173E+16   4.3521E-02   2.9192E-04   4.9888E-02   0.0000E+00   0.0000E+00
     0     0   1.9851E+16   5.1515E-02   2.5124E-04   5.3219E-02   0.0000E+00   0.0000E+00
     0     0   2.6762E+16   3.5399E-02   3.0409E-04   4.4669E-02   0.0000E+00   0.0000E+00
     0     0   2.8681E+16   4.1373E-02   3.0691E-04   5.1048E-02   0.0000E+00   0.0000E+00
     0     0   2.8888E+16   3.6973E-02   2.9957E-04   4.1897E-02   0.0000E+00   0.0000E+00
     0     0   2.9042E+16   3.5094E-02   2.9764E-04   4.4110E-02   0.0000E+00   0.0000E+00
     0     0   2.8686E+16   3.6452E-02   2.9657E-04   4.7344E-02   0.0000E+00   0.0000E+00
     0     0   2.6594E+16   4.6917E-02   2.8647E-04   5.4643E-02   0.0000E+00   0.0000E+00
     0     0   2.2400E+16   4.4082E-02   3.1481E-04   5.9196E-02   0.0000E+00   0.0000E+00
     0     0   2.6457E+16   4.1509E-02   2.9773E-04   5.2360E-02   0.0000E+00   0.0000E+00
     0     0   2.2908E+16   4.4166E-02   2.9944E-04   5.1058E-02   0.0000E+00   0.0000E+00
     0     0   2.6794E+16   4.2194E-02   2.9075E-04   4.9112E-02   0.0000E+00   0.0000E+00
     0     0   2.8281E+16   4.1376E-02   3.1175E-04   4.8420E-02   0.0000E+00   0.0000E+00
     0     0   2.9887E+16   4.1890E-02   3.3437E-04   4.9836E-02   0.0000E+00   0.0000E+00
     0     0   2.8623E+16   3.8648E-02   2.8902E-04   4.8191E-02   0.0000E+00   0.0000E+00
     0     0   2.7840E+16   4.1321E-02   2.8504E-04   5.1348E-02   0.0000E+00   0.0000E+00
     0     0   2.6619E+16   3.8754E-02   2.9555E-04   5.2163E-02   0.0000E+00   0.0000E+00
     0     0   2.5578E+16   4.7666E-02   3.0059E-04   5.8707E-02   0.0000E+00   0.0000E+00
     0     0   2.3040E+16   4.5661E-02   2.8700E-04   5.2032E-02   0.0000E+00   0.0000E+00
     0     0   2.5374E+16   4.4231E-02   2.8354E-04   5.2209E-02   0.0000E+00   0.0000E+00
     0     0   2.5169E+16   4.4504E-02   2.8620E-04   5.1586E-02   0.0000E+00   0.0000E+00
     0     0   2.7077E+16   3.9887E-02   2.8774E-04   4.4363E-02   0.0000E+00   0.0000E+00
     0     0   8.2339E+15   6.4885E-02   1.9415E-04   7.6941E-02   0.0000E+00   0.0000E+00
     0     0   7.9797E+15   5.8357E-02   1.9400E-04   6.6114E-02   0.0000E+00   0.0000E+00
     0     0   8.3240E+15   5.9906E-02   1.9219E-04   6.8262E-02   0.0000E+00   0.0000E+00
     0     0   7.5288E+15   6.6486E-02   1.7894E-04   6.4527E-02   0.0000E+00   0.0000E+00
     0     0   7.4844E+15   6.6473E-02   1.8045E-04   6.4514E-02   0.0000E+00   0.0000E+00
     0     0   6.7319E+15   5.9811E-02   1.6265E-04   6.0135E-02   0.0000E+00   0.0000E+00
     0     0   7.5158E+15   6.1353E-02   1.7600E-04   6.3446E-02   0.0000E+00   0.0000E+00
     0     0   7.5506E+15   5.7276E-02   1.6883E-04   5.8290E-02   0.0000E+00   0.0000E+00
     0     0   7.8971E+15   6.7154E-02   1.8296E-04   6.6875E-02   0.0000E+00   0.0000E+00
     0     0   7.4983E+15   5.6270E-02   1.8972E-04   6.3789E-02   0.0000E+00   0.0000E+00
     0     0   6.6478E+15   5.3988E-02   1.7451E-04   5.9193E-02   0.0000E+00   0.0000E+00
     0     0   7.0935E+15   5.7881E-02   1.7764E-04   5.6018E-02   0.0000E+00   0.0000E+00
     0     0   6.8743E+15   5.5397E-02   1.6148E-04   5.2173E-02   0.0000E+00   0.0000E+00
     0     0   7.8400E+15   6.9693E-02   1.7062E-04   5.6909E-02   0.0000E+00   0.0000E+00
     0     0   7.5298E+15   7.9332E-02   1.5394E-04   5.9193E-02   0.0000E+00   0.0000E+00
     0     0   7.1775E+15   6.6257E-02   1.6734E-04   7.3948E-02   0.0000E+00   0.0000E+00
     0     0   7.4506E+15   6.1399E-02   1.6684E-04   5.7444E-02   0.0000E+00   0.0000E+00
     0     0   7.3407E+15   6.0024E-02   1.7053E-04   6.1428E-02   0.0000E+00   0.0000E+00
     0     0   6.9886E+15   5.5677E-02   1.9540E-04   6.0033E-02   0.0000E+00   0.0000E+00
     0     0   6.6004E+15   5.7820E-02   1.5999E-04   6.3856E-02   0.0000E+00   0.0000E+00
     0     0   9.3722E+15   5.7017E-02   1.6387E-04   5.8616E-02   0.0000E+00   0.0000E+00
     0     0   7.0328E+15   5.3981E-02   1.6641E-04   5.7407E-02   0.0000E+00   0.0000E+00
     0     0   1.0059E+16   6.6862E-02   1.6236E-04   7.7713E-02   0.0000E+00   0.0000E+00
     0     0   1.0274E+16   6.2062E-02   1.6438E-04   6.2578E-02   0.0000E+00   0.0000E+00
     0     0   9.6144E+15   5.2610E-02   1.6396E-04   5.2896E-02   0.0000E+00   0.0000E+00
     0     0   9.5376E+15   5.7328E-02   1.6586E-04   5.8660E-02   0.0000E+00   0.0000E+00
     0     0   9.9320E+15   5.5822E-02   1.6952E-04   6.2837E-02   0.0000E+00   0.0000E+00
     0     0   8.2764E+15   6.4969E-02   1.6172E-04   6.4453E-02   0.0000E+00   0.0000E+00
     0     0   8.1514E+15   5.8963E-02   1.6707E-04   6.0461E-02   0.0000E+00   0.0000E+00
     0     0   9.0550E+15   8.3518E-02   1.7133E-04   6.0285E-02   0.0000E+00   0.0000E+00
     0     0   8.7142E+15   6.3022E-02   1.6053E-04   5.9830E-02   0.0000E+00   0.0000E+00
     0     0   9.1472E+15   6.4382E-02   1.5948E-04   5.7948E-02   0.0000E+00   0.0000E+00
     0     0   9.8959E+15   5.5407E-02   1.6260E-04   5.6135E-02   0.0000E+00   0.0000E+00
     0     0   9.6951E+15   5.2636E-02   1.5518E-04   5.6782E-02   0.0000E+00   0.0000E+00
     0     0   1.0468E+16   4.8415E-02   1.7097E-04   5.7319E-02   0.0000E+00   0.0000E+00
     0     0   1.0094E+16   4.8233E-02   1.5772E-04   5.4528E-02   0.0000E+00   0.0000E+00
     0     0   8.3326E+15   5.7399E-02   1.5982E-04   6.2677E-02   0.0000E+00   0.0000E+00
     0     0   9.5576E+15   5.6072E-02   1.5441E-04   6.3581E-02   0.0000E+00   0.0000E+00
     0     0   1.0238E+16   4.6306E-02   1.7037E-04   5.1496E-02   0.0000E+00   0.0000E+00
     0     0   8.5475E+15   5.6520E-02   1.6092E-04   6.3634E-02   0.0000E+00   0.0000E+00
     0     0   9.3118E+15   5.9805E-02   1.5055E-04   9.4461E-02   0.0000E+00   0.0000E+00
     0     0   7.0944E+15   6.0392E-02   1.6718E-04   6.4076E-02   0.0000E+00   0.0000E+00
     0     0   8.8656E+15   6.0581E-02   1.6236E-04   6.3754E-02   0.0000E+00   0.0000E+00
     0     0   8.5599E+15   5.5860E-02   1.7008E-04   6.5695E-02   0.0000E+00   0.0000E+00
     0     0   8.6645E+15   5.6852E-02   1.4129E-04   5.9088E-02   0.0000E+00   0.0000E+00
     0     0   8.4566E+15   5.4421E-02   1.6348E-04   6.2798E-02   0.0000E+00   0.0000E+00
     0     0   9.3817E+15   5.9078E-02   1.6859E-04   5.9654E-02   0.0000E+00   0.0000E+00
     0     0   7.3628E+15   6.9623E-02   1.6251E-04   6.7771E-02   0.0000E+00   0.0000E+00
     0     0   1.0090E+16   5.0628E-02   1.5901E-04   5.5646E-02   0.0000E+00   0.0000E+00
     0     0   7.8439E+15   6.2312E-02   1.6188E-04   7.9861E-02   0.0000E+00   0.0000E+00
     0     0   7.4758E+15   5.6653E-02   1.5041E-04   5.9233E-02   0.0000E+00   0.0000E+00
     0     0   8.6981E+15   6.5861E-02   1.6462E-04   5.3479E-02   0.0000E+00   0.0000E+00
     0     0   9.9814E+15   5.6459E-02   1.6260E-04   6.9402E-02   0.0000E+00   0.0000E+00
     0     0   8.3825E+15   5.6707E-02   1.4242E-04   5.6713E-02   0.0000E+00   0.0000E+00
     0     0   9.1952E+15   5.7080E-02   1.4659E-04   5.7225E-02   0.0000E+00   0.0000E+00
     0     0   9.8496E+15   5.4414E-02   1.4903E-04   5.6933E-02   0.0000E+00   0.0000E+00
     0     0   2.2850E+16   3.9336E-02   2.7136E-04   4.4934E-02   0.0000E+00   0.0000E+00
     0     0   2.2710E+16   5.3304E-02   2.5708E-04   5.0979E-02   0.0000E+00   0.0000E+00
     0     0   1.8277E+16   4.7092E-02   2.5342E-04   5.3196E-02   0.0000E+00   0.0000E+00
     0     0   2.1665E+16   4.6900E-02   2.6474E-04   4.8799E-02   0.0000E+00   0.0000E+00
     0     0   1.6562E+16   4.7648E-02   2.6433E-04   4.4136E-02   0.0000E+00   0.0000E+00
     0     0   1.1731E+16   5.9366E-02   2.2271E-04   5.2270E-02   0.0000E+00   0.0000E+00
     0     0   1.7743E+16   4.6591E-02   2.4568E-04   4.9608E-02   0.0000E+00   0.0000E+00
     0     0   1.4016E+16   5.4695E-02   2.4446E-04   6.1185E-02   0.0000E+00   0.0000E+00
     0     0   1.2202E+16   5.4511E-02   2.4074E-04   5.1981E-02   0.0000E+00   0.0000E+00
     0     0   1.4802E+16   5.4041E-02   2.3508E-04   4.8336E-02   0.0000E+00   0.0000E+00
     0     0   1.2631E+16   5.1823E-02   2.4757E-04   5.8425E-02   0.0000E+00   0.0000E+00
     0     0   1.3653E+16   5.1596E-02   2.3083E-04   6.3584E-02   0.0000E+00   0.0000E+00
     0     0   1.4961E+16   4.7415E-02   2.5326E-04   4.6092E-02   0.0000E+00   0.0000E+00
     0     0   1.3101E+16   5.2067E-02   2.4054E-04   5.1852E-02   0.0000E+00   0.0000E+00
     0     0   1.5824E+16   6.1745E-02   2.4645E-04   5.8955E-02   0.0000E+00   0.0000E+00
     0     0   1.5578E+16   4.4822E-02   2.7128E-04   5.0444E-02   0.0000E+00   0.0000E+00
     0     0   1.3215E+16   1.0940E-01   2.4374E-04   5.8602E-02   0.0000E+00   0.0000E+00
     0     0   1.2653E+16   4.2761E-02   2.4568E-04   5.0517E-02   0.0000E+00   0.0000E+00
     0     0   1.2250E+16   4.5146E-02   2.4231E-04   5.1418E-02   0.0000E+00   0.0000E+00
     0     0   1.2782E+16   5.7700E-02   2.3501E-04   5.3895E-02   0.0000E+00   0.0000E+00
     0     0   1.3095E+16   5.4620E-02   2.8059E-04   5.2624E-02   0.0000E+00   0.0000E+00
     0     0   1.1387E+16   5.4017E-02   2.3529E-04   5.3403E-02   0.0000E+00   0.0000E+00
     0     0   1.2080E+16   4.8364E-02   2.4541E-04   5.6422E-02   0.0000E+00   0.0000E+00
     0     0   1.1533E+16   4.5470E-02   2.4703E-04   5.7784E-02   0.0000E+00   0.0000E+00
     0     0   1.2659E+16   5.2828E-02   2.4441E-04   4.7376E-02   0.0000E+00   0.0000E+00
     0     0   1.3264E+16   5.0311E-02   2.5969E-04   5.3980E-02   0.0000E+00   0.0000E+00
     0     0   1.2520E+16   4.4220E-02   2.6867E-04   5.1428E-02   0.0000E+00   0.0000E+00
     0     0   1.1657E+16   5.5376E-02   2.4299E-04   5.2839E-02   0.0000E+00   0.0000E+00
     0     0   1.2860E+16   4.7348E-02   2.6413E-04   5.1799E-02   0.0000E+00   0.0000E+00
     0     0   1.5783E+16   7.0257E-02   2.5995E-04   4.7725E-02   0.0000E+00   0.0000E+00
     0     0   1.2785E+16   5.1305E-02   2.8445E-04   6.3662E-02   0.0000E+00   0.0000E+00
     0     0   1.1994E+16   4.7312E-02   2.6404E-04   5.5792E-02   0.0000E+00   0.0000E+00
     0     0   1.1077E+16   5.2272E-02   2.4096E-04   5.4067E-02   0.0000E+00   0.0000E+00
     0     0   1.2555E+16   4.7137E-02   2.5078E-04   5.1898E-02   0.0000E+00   0.0000E+00
     0     0   1.2221E+16   5.2958E-02   2.4551E-04   6.1951E-02   0.0000E+00   0.0000E+00
     0     0   1.1500E+16   4.9202E-02   2.3568E-04   6.0852E-02   0.0000E+00   0.0000E+00
     0     0   1.2931E+16   5.0927E-02   2.6586E-04   5.0912E-02   0.0000E+00   0.0000E+00
     0     0   1.1832E+16   4.8827E-02   2.5144E-04   7.1941E-02   0.0000E+00   0.0000E+00
     0     0   1.3226E+16   5.0882E-02   2.6622E-04   6.2647E-02   0.0000E+00   0.0000E+00
     0     0   1.1972E+16   5.5541E-02   2.4853E-04   6.0850E-02   0.0000E+00   0.0000E+00
     0     0   1.2655E+16   4.8532E-02   2.5900E-04   5.1540E-02   0.0000E+00   0.0000E+00
     0     0   1.2283E+16   5.0123E-02   2.4165E-04   5.3507E-02   0.0000E+00   0.0000E+00
     0     0   1.2938E+16   4.4180E-02   2.4512E-04   4.7490E-02   0.0000E+00   0.0000E+00
     0     0   1.2218E+16   5.3409E-02   2.5481E-04   5.6959E-02   0.0000E+00   0.0000E+00
     0     0   1.2401E+16   7.9254E-02   2.4056E-04   5.7816E-02   0.0000E+00   0.0000E+00
     0     0   1.3907E+16   5.1490E-02   2.2516E-04   4.6990E-02   0.0000E+00   0.0000E+00
     0     0   1.1939E+16   5.6806E-02   2.3073E-04   5.7763E-02   0.0000E+00   0.0000E+00
     0     0   1.0708E+16   5.3128E-02   2.2829E-04   5.1697E-02   0.0000E+00   0.0000E+00
     0     0   1.2752E+16   4.9899E-02   2.5717E-04   5.8935E-02   0.0000E+00   0.0000E+00
     0     0   1.2149E+16   5.2686E-02   2.3529E-04   5.4443E-02   0.0000E+00   0.0000E+00
     0     0   1.3881E+16   6.0715E-02   2.6639E-04   5.4289E-02   0.0000E+00   0.0000E+00
     0     0   1.2579E+16   5.2955E-02   2.5688E-04   5.3591E-02   0.0000E+00   0.0000E+00
     0     0   1.3070E+16   5.8390E-02   2.8266E-04   5.6604E-02   0.0000E+00   0.0000E+00
     0     0   1.2899E+16   6.3701E-02   2.3201E-04   5.6151E-02   0.0000E+00   0.0000E+00
     0     0   1.4096E+16   7.7143E-02   2.4197E-04   5.7969E-02   0.0000E+00   0.0000E+00
     0     0   1.5248E+16   5.0333E-02   2.7299E-04   4.7173E-02   0.0000E+00   0.0000E+00
     0     0   1.3629E+16   1.0469E-01   2.4705E-04   5.6669E-02   0.0000E+00   0.0000E+00
     0     0   1.2048E+16   5.0933E-02   2.5008E-04   5.1900E-02   0.0000E+00   0.0000E+00
     0     0   1.1711E+16   5.3153E-02   2.4385E-04   5.5096E-02   0.0000E+00   0.0000E+00
     0     0   1.2561E+16   5.2367E-02   2.3597E-04   4.9078E-02   0.0000E+00   0.0000E+00
     0     0   1.1725E+16   4.9472E-02   2.3050E-04   4.9412E-02   0.0000E+00   0.0000E+00
     0     0   1.2056E+16   4.9458E-02   2.5290E-04   5.3564E-02   0.0000E+00   0.0000E+00
     0     0   1.1835E+16   4.7078E-02   2.1974E-04   4.8565E-02   0.0000E+00   0.0000E+00
     0     0   1.2195E+16   5.2315E-02   2.4392E-04   4.7550E-02   0.0000E+00   0.0000E+00
     0     0   1.2839E+16   7.3217E-02   2.6032E-04   5.7445E-02   0.0000E+00   0.0000E+00
     0     0   1.2591E+16   7.7422E-02   2.4796E-04   6.0344E-02   0.0000E+00   0.0000E+00
     0     0   1.1831E+16   5.1941E-02   2.6726E-04   5.6531E-02   0.0000E+00   0.0000E+00
     0     0   1.1920E+16   5.4301E-02   2.5829E-04   5.0651E-02   0.0000E+00   0.0000E+00
     0     0   1.1418E+16   6.2763E-02   2.5754E-04   6.5196E-02   0.0000E+00   0.0000E+00
     0     0   1.0161E+16   5.5023E-02   2.2469E-04   6.0006E-02   0.0000E+00   0.0000E+00
     0     0   1.2724E+16   5.3981E-02   2.4275E-04   5.1522E-02   0.0000E+00   0.0000E+00
     0     0   1.5181E+16   8.1200E-02   2.4444E-04   5.4332E-02   0.0000E+00   0.0000E+00
     0     0   1.4688E+16   4.2252E-02   2.5415E-04   4.8104E-02   0.0000E+00   0.0000E+00
     0     0   1.3294E+16   5.1756E-02   2.4548E-04   5.3586E-02   0.0000E+00   0.0000E+00
     0     0   1.2633E+16   5.4581E-02   2.7100E-04   5.4333E-02   0.0000E+00   0.0000E+00
     0     0   1.1085E+16   5.1213E-02   2.1759E-04   4.9263E-02   0.0000E+00   0.0000E+00
     0     0   1.1135E+16   5.6758E-02   2.3308E-04   6.0658E-02   0.0000E+00   0.0000E+00
     0     0   1.5098E+16   8.7456E-02   2.4456E-04   4.6803E-02   0.0000E+00   0.0000E+00
     0     0   1.2410E+16   4.9625E-02   2.4288E-04   5.4594E-02   0.0000E+00   0.0000E+00
     0     0   1.0674E+16   4.9811E-02   2.3505E-04   5.8071E-02   0.0000E+00   0.0000E+00
     0     0   1.2396E+16   6.0663E-02   2.3592E-04   5.5449E-02   0.0000E+00   0.0000E+00
     0     0   1.1609E+16   5.3502E-02   2.3220E-04   5.1707E-02   0.0000E+00   0.0000E+00
     0     0   1.2448E+16   5.3104E-02   2.4020E-04   5.1294E-02   0.0000E+00   0.0000E+00
     0     0   1.0755E+16   5.2276E-02   2.2671E-04   5.6706E-02   0.0000E+00   0.0000E+00
     0     0   1.2023E+16   1.0889E-01   2.3607E-04   6.6547E-02   0.0000E+00   0.0000E+00
     0     0   1.5072E+16   5.4421E-02   2.7440E-04   5.1855E-02   0.0000E+00   0.0000E+00
     0     0   1.2010E+16   5.9576E-02   2.5910E-04   6.3902E-02   0.0000E+00   0.0000E+00
     0     0   1.0647E+16   5.3729E-02   2.3311E-04   5.8092E-02   0.0000E+00   0.0000E+00
     0     0   2.9739E+16   4.3275E-02   3.1655E-04   5.0665E-02   0.0000E+00   0.0000E+00
     0     0   3.0487E+16   4.0852E-02   3.2060E-04   5.1419E-02   0.0000E+00   0.0000E+00
     0     0   9.2040E+15   7.2336E-02   1.7538E-04   6.2482E-02   0.0000E+00   0.0000E+00
     0     0   7.4881E+15   6.2300E-02   1.7498E-04   6.6214E-02   0.0000E+00   0.0000E+00
     0     0   7.5094E+15   6.9276E-02   1.8441E-04   9.3733E-02   0.0000E+00   0.0000E+00
     0     0   7.7056E+15   5.9213E-02   1.8272E-04   6.3048E-02   0.0000E+00   0.0000E+00
     0     0   6.6272E+15   5.6278E-02   1.6639E-04   5.9483E-02   0.0000E+00   0.0000E+00
     0     0   6.1119E+15   6.7510E-02   1.5513E-04   6.7789E-02   0.0000E+00   0.0000E+00
     0     0   6.7297E+15   5.4703E-02   1.6649E-04   5.5727E-02   0.0000E+00   0.0000E+00
     0     0   6.1691E+15   6.1573E-02   1.7357E-04   6.4269E-02   0.0000E+00   0.0000E+00
     0     0   7.1128E+15   6.3868E-02   1.5684E-04   7.2369E-02   0.0000E+00   0.0000E+00
     0     0   6.5858E+15   5.9386E-02   1.5676E-04   5.5901E-02   0.0000E+00   0.0000E+00
     0     0   6.5082E+15   5.5138E-02   1.5793E-04   5.7214E-02   0.0000E+00   0.0000E+00
     0     0   6.5720E+15   5.3165E-02   1.7974E-04   5.5072E-02   0.0000E+00   0.0000E+00
     0     0   6.6002E+15   5.4600E-02   1.6118E-04   5.5018E-02   0.0000E+00   0.0000E+00
     0     0   6.4363E+15   7.1121E-02   1.5839E-04   7.2825E-02   0.0000E+00   0.0000E+00
     0     0   7.7445E+15   7.7109E-02   1.8156E-04   7.2007E-02   0.0000E+00   0.0000E+00
     0     0   6.5471E+15   5.5841E-02   1.5179E-04   5.2370E-02   0.0000E+00   0.0000E+00
     0     0   9.1423E+15   6.3071E-02   1.5614E-04   6.5314E-02   0.0000E+00   0.0000E+00
     0     0   9.8068E+15   5.0613E-02   1.5681E-04   5.4139E-02   0.0000E+00   0.0000E+00
     0     0   8.9688E+15   4.7487E-02   1.5304E-04   5.2284E-02   0.0000E+00   0.0000E+00
     0     0   9.8468E+15   5.4099E-02   1.7248E-04   6.2355E-02   0.0000E+00   0.0000E+00
     0     0   7.8349E+15   5.0946E-02   1.4730E-04   5.9357E-02   0.0000E+00   0.0000E+00
     0     0   9.5903E+15   5.7048E-02   1.5279E-04   6.1064E-02   0.0000E+00   0.0000E+00
     0     0   8.8946E+15   4.6366E-02   1.3793E-04   4.8143E-02   0.0000E+00   0.0000E+00
     0     0   9.2959E+15   5.8921E-02   1.5628E-04   6.2487E-02   0.0000E+00   0.0000E+00
     0     0   9.4284E+15   5.6553E-02   1.5940E-04   6.2919E-02   0.0000E+00   0.0000E+00
     0     0   9.4750E+15   5.4520E-02   1.5847E-04   5.6711E-02   0.0000E+00   0.0000E+00
     0     0   9.5127E+15   5.8175E-02   1.5200E-04   6.0308E-02   0.0000E+00   0.0000E+00
     0     0   9.4137E+15   5.9380E-02   1.6267E-04   6.1739E-02   0.0000E+00   0.0000E+00
     0     0   8.0137E+15   5.4027E-02   1.4191E-04   6.7620E-02   0.0000E+00   0.0000E+00
     0     0   8.5550E+15   5.5893E-02   1.5842E-04   5.6308E-02   0.0000E+00   0.0000E+00
     0     0   8.9357E+15   6.2947E-02   1.3845E-04   6.1687E-02   0.0000E+00   0.0000E+00
     0     0   8.8019E+15   5.6574E-02   1.3959E-04   5.4942E-02   0.0000E+00   0.0000E+00
     0     0   9.7416E+15   6.5284E-02   1.5402E-04   6.1040E-02   0.0000E+00   0.0000E+00
     0     0   9.2420E+15   5.1729E-02   1.6095E-04   5.3401E-02   0.0000E+00   0.0000E+00
     0     0   8.2849E+15   5.8407E-02   1.3754E-04   5.6816E-02   0.0000E+00   0.0000E+00
     0     0   8.1376E+15   5.5841E-02   1.3286E-04   5.8746E-02   0.0000E+00   0.0000E+00
     0     0   8.6807E+15   5.7727E-02   1.2960E-04   5.6502E-02   0.0000E+00   0.0000E+00
     0     0   8.8752E+15   5.8696E-02   1.3317E-04   5.1418E-02   0.0000E+00   0.0000E+00
     0     0   8.0676E+15   5.5639E-02   1.4281E-04   6.2554E-02   0.0000E+00   0.0000E+00
     0     0   6.4144E+15   5.4467E-02   1.6930E-04   6.5395E-02   0.0000E+00   0.0000E+00
     0     0   9.1173E+15   5.6386E-02   1.5290E-04   6.3661E-02   0.0000E+00   0.0000E+00
     0     0   8.1560E+15   5.0579E-02   1.3531E-04   5.5667E-02   0.0000E+00   0.0000E+00
     0     0   8.7786E+15   4.8754E-02   1.5747E-04   5.0965E-02   0.0000E+00   0.0000E+00
     0     0   8.1986E+15   5.6941E-02   1.5197E-04   6.8155E-02   0.0000E+00   0.0000E+00
     0     0   8.4651E+15   6.8001E-02   1.4016E-04   6.6911E-02   0.0000E+00   0.0000E+00
     0     0   9.1223E+15   5.5110E-02   1.5006E-04   5.6207E-02   0.0000E+00   0.0000E+00
     0     0   7.7189E+15   4.8461E-02   1.5345E-04   6.1987E-02   0.0000E+00   0.0000E+00
     0     0   7.4023E+15   4.9270E-02   1.3562E-04   5.0832E-02   0.0000E+00   0.0000E+00
     0     0   9.0219E+15   5.3218E-02   1.5834E-04   6.4136E-02   0.0000E+00   0.0000E+00
     0     0   9.9951E+15   5.0701E-02   1.8387E-04   5.4416E-02   0.0000E+00   0.0000E+00
     0     0   7.8616E+15   4.9464E-02   1.4780E-04   5.6932E-02   0.0000E+00   0.0000E+00
     0     0   8.6463E+15   7.3510E-02   1.3710E-04   6.2504E-02   0.0000E+00   0.0000E+00
     0     0   7.7888E+15   5.6902E-02   1.6412E-04   5.8018E-02   0.0000E+00   0.0000E+00
     0     0   9.3251E+15   5.1022E-02   1.7613E-04   4.7269E-02   0.0000E+00   0.0000E+00
     0     0   7.7318E+15   5.9660E-02   1.3986E-04   6.9329E-02   0.0000E+00   0.0000E+00
     0     0   8.9467E+15   6.4284E-02   1.4093E-04   6.4459E-02   0.0000E+00   0.0000E+00
     0     0   8.6051E+15   6.0448E-02   1.4981E-04   6.8075E-02   0.0000E+00   0.0000E+00
     0     0   8.6235E+15   5.2228E-02   1.5704E-04   6.0031E-02   0.0000E+00   0.0000E+00
     0     0   8.4267E+15   6.0101E-02   1.6457E-04   5.8847E-02   0.0000E+00   0.0000E+00
     0     0   8.7172E+15   5.9389E-02   1.5393E-04   6.3105E-02   0.0000E+00   0.0000E+00
     0     0   8.3119E+15   5.5293E-02   1.2535E-04   5.4536E-02   0.0000E+00   0.0000E+00
     0     0   8.8980E+15   5.8409E-02   1.4888E-04   6.7363E-02   0.0000E+00   0.0000E+00
     0     0   9.0427E+15   6.2744E-02   1.7371E-04   5.8092E-02   0.0000E+00   0.0000E+00
     0     0   6.7909E+15   5.4348E-02   1.7831E-04   6.7160E-02   0.0000E+00   0.0000E+00
     0     0   8.1865E+15   5.5230E-02   1.4515E-04   5.3258E-02   0.0000E+00   0.0000E+00
     0     0   7.7721E+15   6.1249E-02   1.4744E-04   6.2107E-02   0.0000E+00   0.0000E+00
     0     0   8.1145E+15   5.6087E-02   1.4714E-04   5.4700E-02   0.0000E+00   0.0000E+00
     0     0   8.7377E+15   5.8804E-02   1.6517E-04   6.3577E-02   0.0000E+00   0.0000E+00
     0     0   8.4383E+15   5.4151E-02   1.5058E-04   6.2102E-02   0.0000E+00   0.0000E+00
     0     0   8.3075E+15   6.0879E-02   1.4559E-04   5.5913E-02   0.0000E+00   0.0000E+00
     0     0   7.7550E+15   6.2585E-02   1.3920E-04   6.8113E-02   0.0000E+00   0.0000E+00
     0     0   8.9138E+15   7.0044E-02   1.4693E-04   6.4536E-02   0.0000E+00   0.0000E+00
     0     0   8.4783E+15   5.5281E-02   1.6216E-04   5.6518E-02   0.0000E+00   0.0000E+00
     0     0   9.2951E+15   5.9310E-02   1.6351E-04   6.2507E-02   0.0000E+00   0.0000E+00
     0     0   7.9780E+15   6.4122E-02   1.6476E-04   7.1541E-02   0.0000E+00   0.0000E+00
     0     0   8.2177E+15   5.8399E-02   1.4852E-04   5.4068E-02   0.0000E+00   0.0000E+00
     0     0   8.7379E+15   5.1886E-02   1.6763E-04   5.8879E-02   0.0000E+00   0.0000E+00
     0     0   7.4189E+15   6.1161E-02   1.5135E-04   6.3680E-02   0.0000E+00   0.0000E+00
     0     0   8.0782E+15   6.5902E-02   1.4577E-04   5.9611E-02   0.0000E+00   0.0000E+00
     0     0   9.7738E+15   5.5196E-02   1.5114E-04   5.5666E-02   0.0000E+00   0.0000E+00
     0     0   7.8774E+15   5.8949E-02   1.5999E-04   7.6020E-02   0.0000E+00   0.0000E+00
     0     0   8.4745E+15   5.9991E-02   1.4989E-04   5.5561E-02   0.0000E+00   0.0000E+00
     0     0   8.7020E+15   5.3688E-02   1.6361E-04   6.0682E-02   0.0000E+00   0.0000E+00
     0     0   7.3712E+15   6.3217E-02   1.5955E-04   6.0151E-02   0.0000E+00   0.0000E+00
     0     0   8.7863E+15   5.2086E-02   1.6453E-04   5.7037E-02   0.0000E+00   0.0000E+00
     0     0   8.6289E+15   5.2477E-02   1.4032E-04   5.1601E-02   0.0000E+00   0.0000E+00
     0     0   8.2209E+15   6.7545E-02   1.4402E-04   5.9343E-02   0.0000E+00   0.0000E+00
     0     0   6.1166E+15   6.3186E-02   1.4926E-04   6.3380E-02   0.0000E+00   0.0000E+00
     0     0   8.6829E+15   5.7295E-02   1.7679E-04   6.3379E-02   0.0000E+00   0.0000E+00
     0     0   8.2941E+15   5.8555E-02   1.4903E-04   5.7748E-02   0.0000E+00   0.0000E+00
     0     0   9.1828E+15   5.6024E-02   1.6383E-04   6.4590E-02   0.0000E+00   0.0000E+00
     0     0   8.8818E+15   6.2137E-02   1.5627E-04   5.9694E-02   0.0000E+00   0.0000E+00
     0     0   9.2052E+15   5.5690E-02   1.6262E-04   6.2195E-02   0.0000E+00   0.0000E+00
     0     0   9.2669E+15   5.6993E-02   1.6529E-04   5.5352E-02   0.0000E+00   0.0000E+00
     0     0   1.5744E+16   5.9309E-02   2.5978E-04   5.3745E-02   0.0000E+00   0.0000E+00
     0     0   1.4110E+16   6.9051E-02   2.2940E-04   6.1959E-02   0.0000E+00   0.0000E+00
     0     0   1.6641E+16   5.4557E-02   2.6564E-04   5.1640E-02   0.0000E+00   0.0000E+00
     0     0   1.6726E+16   6.3040E-02   2.6553E-04   4.9828E-02   0.0000E+00   0.0000E+00
     0     0   1.5144E+16   6.0080E-02   2.3670E-04   5.5093E-02   0.0000E+00   0.0000E+00
     0     0   1.3315E+16   5.2618E-02   2.6178E-04   5.0663E-02   0.0000E+00   0.0000E+00
     0     0   1.2681E+16   5.4312E-02   2.3375E-04   5.5325E-02   0.0000E+00   0.0000E+00
     0     0   1.3445E+16   7.6983E-02   2.3600E-04   6.2690E-02   0.0000E+00   0.0000E+00
     0     0   1.4365E+16   5.7848E-02   2.6239E-04   6.4680E-02   0.0000E+00   0.0000E+00
     0     0   1.2234E+16   6.1171E-02   2.3116E-04   5.4436E-02   0.0000E+00   0.0000E+00
     0     0   1.1990E+16   5.3524E-02   2.1031E-04   5.3471E-02   0.0000E+00   0.0000E+00
     0     0   1.2542E+16   5.8655E-02   2.3724E-04   5.6193E-02   0.0000E+00   0.0000E+00
     0     0   9.1017E+15   5.7986E-02   2.2271E-04   6.4518E-02   0.0000E+00   0.0000E+00
     0     0   1.0034E+16   6.2513E-02   2.1616E-04   5.6121E-02   0.0000E+00   0.0000E+00
     0     0   1.3231E+16   7.1334E-02   2.2177E-04   5.0742E-02   0.0000E+00   0.0000E+00
     0     0   1.1235E+16   5.7618E-02   2.0195E-04   5.0093E-02   0.0000E+00   0.0000E+00
     0     0   1.0948E+16   5.7008E-02   2.0362E-04   5.2201E-02   0.0000E+00   0.0000E+00
     0     0   1.0679E+16   5.5495E-02   2.5781E-04   6.0155E-02   0.0000E+00   0.0000E+00
     0     0   1.1483E+16   6.0056E-02   2.1387E-04   5.2143E-02   0.0000E+00   0.0000E+00
     0     0   1.0727E+16   5.6929E-02   2.1671E-04   6.0609E-02   0.0000E+00   0.0000E+00
     0     0   1.0426E+16   5.1731E-02   1.9838E-04   4.9065E-02   0.0000E+00   0.0000E+00
     0     0   1.0627E+16   4.7473E-02   2.1652E-04   4.8772E-02   0.0000E+00   0.0000E+00
     0     0   1.0646E+16   5.4163E-02   2.3172E-04   5.4334E-02   0.0000E+00   0.0000E+00
     0     0   1.2919E+16   6.7832E-02   2.3298E-04   4.7553E-02   0.0000E+00   0.0000E+00
     0     0   9.6915E+15   4.2903E-02   2.0436E-04   3.8753E-02   0.0000E+00   0.0000E+00
     0     0   1.0132E+16   5.3198E-02   2.1399E-04   5.4298E-02   0.0000E+00   0.0000E+00
     0     0   1.0859E+16   5.1983E-02   2.2190E-04   4.8508E-02   0.0000E+00   0.0000E+00
     0     0   1.0591E+16   4.7983E-02   2.1691E-04   5.0169E-02   0.0000E+00   0.0000E+00
     0     0   1.1184E+16   5.4180E-02   2.1379E-04   5.4112E-02   0.0000E+00   0.0000E+00
     0     0   9.9898E+15   4.9051E-02   2.2364E-04   5.3855E-02   0.0000E+00   0.0000E+00
     0     0   9.7601E+15   5.2327E-02   2.1541E-04   5.7040E-02   0.0000E+00   0.0000E+00
     0     0   1.0916E+16   5.3488E-02   2.5731E-04   6.8352E-02   0.0000E+00   0.0000E+00
     0     0   1.1523E+16   5.5532E-02   2.3113E-04   5.0777E-02   0.0000E+00   0.0000E+00
     0     0   1.2576E+16   4.8371E-02   2.3425E-04   4.5137E-02   0.0000E+00   0.0000E+00
     0     0   1.2053E+16   6.5768E-02   2.1182E-04   4.2933E-02   0.0000E+00   0.0000E+00
     0     0   1.0401E+16   4.6876E-02   2.1796E-04   4.9450E-02   0.0000E+00   0.0000E+00
     0     0   9.3964E+15   5.3605E-02   2.0377E-04   5.5187E-02   0.0000E+00   0.0000E+00
     0     0   9.8916E+15   5.5505E-02   2.2725E-04   5.9586E-02   0.0000E+00   0.0000E+00
     0     0   1.0824E+16   6.7586E-02   2.2428E-04   5.1162E-02   0.0000E+00   0.0000E+00
     0     0   1.1732E+16   5.6494E-02   2.3714E-04   5.2238E-02   0.0000E+00   0.0000E+00
     0     0   1.1657E+16   5.9304E-02   2.1837E-04   5.5207E-02   0.0000E+00   0.0000E+00
     0     0   1.0166E+16   5.5136E-02   2.2133E-04   5.7917E-02   0.0000E+00   0.0000E+00
     0     0   9.9824E+15   5.0715E-02   2.0132E-04   5.0166E-02   0.0000E+00   0.0000E+00
     0     0   1.0865E+16   5.2750E-02   2.5015E-04   5.6722E-02   0.0000E+00   0.0000E+00
     0     0   1.0057E+16   5.4240E-02   2.0135E-04   5.9005E-02   0.0000E+00   0.0000E+00
     0     0   1.2224E+16   7.1122E-02   2.1412E-04   5.2491E-02   0.0000E+00   0.0000E+00
     0     0   1.0211E+16   5.0399E-02   2.2394E-04   5.7454E-02   0.0000E+00   0.0000E+00
     0     0   1.2438E+16   6.6907E-02   2.3738E-04   5.8245E-02   0.0000E+00   0.0000E+00
     0     0   1.3195E+16   7.8219E-02   2.2244E-04   4.5695E-02   0.0000E+00   0.0000E+00
     0     0   1.2238E+16   5.4660E-02   2.3296E-04   5.0996E-02   0.0000E+00   0.0000E+00
     0     0   1.2032E+16   5.9032E-02   2.1654E-04   5.3126E-02   0.0000E+00   0.0000E+00
     0     0   1.0998E+16   4.8006E-02   2.1514E-04   4.5470E-02   0.0000E+00   0.0000E+00
     0     0   8.0478E+15   5.9577E-02   1.9701E-04   5.9374E-02   0.0000E+00   0.0000E+00
     0     0   1.0696E+16   5.3916E-02   2.0126E-04   5.9210E-02   0.0000E+00   0.0000E+00
     0     0   1.0117E+16   5.8525E-02   2.2309E-04   6.1513E-02   0.0000E+00   0.0000E+00
     0     0   1.0791E+16   5.3916E-02   2.2168E-04   5.6148E-02   0.0000E+00   0.0000E+00
     0     0   8.7712E+15   4.4902E-02   2.0102E-04   5.1225E-02   0.0000E+00   0.0000E+00
     0     0   9.6978E+15   5.7997E-02   2.0161E-04   5.2933E-02   0.0000E+00   0.0000E+00
     0     0   1.0784E+16   5.4698E-02   2.4722E-04   5.4135E-02   0.0000E+00   0.0000E+00
     0     0   1.0084E+16   5.3447E-02   2.1295E-04   5.6925E-02   0.0000E+00   0.0000E+00
     0     0   1.0817E+16   5.0081E-02   2.4553E-04   7.0972E-02   0.0000E+00   0.0000E+00
     0     0   1.1465E+16   6.1397E-02   2.3397E-04   5.4750E-02   0.0000E+00   0.0000E+00
     0     0   1.1224E+16   5.2276E-02   2.2220E-04   5.1866E-02   0.0000E+00   0.0000E+00
     0     0   1.1871E+16   5.9084E-02   2.3899E-04   5.8992E-02   0.0000E+00   0.0000E+00
     0     0   1.1631E+16   5.2544E-02   2.2514E-04   5.2928E-02   0.0000E+00   0.0000E+00
     0     0   1.0155E+16   4.9168E-02   2.1391E-04   5.4743E-02   0.0000E+00   0.0000E+00
     0     0   1.2286E+16   5.5287E-02   2.3414E-04   4.9777E-02   0.0000E+00   0.0000E+00
     0     0   1.4457E+16   5.9638E-02   2.4544E-04   5.2650E-02   0.0000E+00   0.0000E+00
     0     0   9.5612E+15   6.3531E-02   1.9762E-04   5.5009E-02   0.0000E+00   0.0000E+00
     0     0   1.0248E+16   7.1700E-02   2.0413E-04   6.0312E-02   0.0000E+00   0.0000E+00
     0     0   1.0435E+16   5.7353E-02   2.3966E-04   8.4998E-02   0.0000E+00   0.0000E+00
     0     0   9.9944E+15   5.5272E-02   2.4329E-04   5.9717E-02   0.0000E+00   0.0000E+00
     0     0   1.0278E+16   5.5439E-02   2.4344E-04   5.3067E-02   0.0000E+00   0.0000E+00
     0     0   1.0410E+16   6.3029E-02   2.2120E-04   5.8936E-02   0.0000E+00   0.0000E+00
     0     0   1.1483E+16   4.9950E-02   2.5064E-04   4.8837E-02   0.0000E+00   0.0000E+00
     0     0   1.1699E+16   5.2424E-02   2.2854E-04   6.3212E-02   0.0000E+00   0.0000E+00
     0     0   9.6683E+15   5.4867E-02   2.2280E-04   6.2729E-02   0.0000E+00   0.0000E+00
     0     0   9.5255E+15   5.3701E-02   2.0535E-04   6.9351E-02   0.0000E+00   0.0000E+00
     0     0   1.0386E+16   5.1890E-02   2.3259E-04   5.5121E-02   0.0000E+00   0.0000E+00
     0     0   1.1691E+16   7.5518E-02   2.3354E-04   5.5068E-02   0.0000E+00   0.0000E+00
     0     0   9.2973E+15   4.9499E-02   2.1455E-04   5.4241E-02   0.0000E+00   0.0000E+00
     0     0   1.1364E+16   5.4976E-02   2.5062E-04   5.8743E-02   0.0000E+00   0.0000E+00
     0     0   1.2035E+16   5.6307E-02   2.4936E-04   6.4146E-02   0.0000E+00   0.0000E+00
     0     0   1.4588E+16   5.0203E-02   2.4386E-04   4.9565E-02   0.0000E+00   0.0000E+00
     0     0   9.1738E+15   5.0890E-02   2.2593E-04   6.6698E-02   0.0000E+00   0.0000E+00
     0     0   9.3664E+15   5.1054E-02   2.2262E-04   5.1605E-02   0.0000E+00   0.0000E+00
     0     0   9.4777E+15   5.7187E-02   2.0217E-04   5.8131E-02   0.0000E+00   0.0000E+00
     0     0   9.2396E+15   5.0198E-02   2.0274E-04   5.2776E-02   0.0000E+00   0.0000E+00
     0     0   1.0383E+16   5.4746E-02   2.1822E-04   5.8942E-02   0.0000E+00   0.0000E+00
     0     0   1.1979E+16   6.2446E-02   2.2249E-04   4.9594E-02   0.0000E+00   0.0000E+00
     0     0   9.4783E+15   5.1315E-02   1.9507E-04   5.2259E-02   0.0000E+00   0.0000E+00
     0     0   9.9027E+15   6.3804E-02   2.3070E-04   5.8648E-02   0.0000E+00   0.0000E+00
     0     0   1.0975E+16   5.1839E-02   2.2680E-04   5.1306E-02   0.0000E+00   0.0000E+00
     0     0   1.2461E+16   5.5490E-02   2.4028E-04   5.8905E-02   0.0000E+00   0.0000E+00
     0     0   1.2947E+16   5.2963E-02   2.3493E-04   5.4900E-02   0.0000E+00   0.0000E+00
     0     0   1.5310E+16   6.5717E-02   2.5603E-04   5.6282E-02   0.0000E+00   0.0000E+00
     0     0   1.2841E+16   8.6451E-02   2.6589E-04   5.9076E-02   0.0000E+00   0.0000E+00
     0     0   1.2445E+16   6.0653E-02   2.4665E-04   5.3761E-02   0.0000E+00   0.0000E+00
     0     0   1.0029E+16   4.8644E-02   2.1851E-04   5.3279E-02   0.0000E+00   0.0000E+00
     0     0   1.1789E+16   6.4697E-02   2.6576E-04   6.1080E-02   0.0000E+00   0.0000E+00
     0     0   1.1143E+16   5.3871E-02   2.2771E-04   5.2478E-02   0.0000E+00   0.0000E+00
     0     0   1.2443E+16   5.7157E-02   2.4318E-04   5.1416E-02   0.0000E+00   0.0000E+00
     0     0   1.0155E+16   6.1150E-02   2.0309E-04   5.3451E-02   0.0000E+00   0.0000E+00
     0     0   9.9643E+15   5.5537E-02   2.1475E-04   6.8654E-02   0.0000E+00   0.0000E+00
     0     0   9.7085E+15   5.3650E-02   2.1341E-04   5.8898E-02   0.0000E+00   0.0000E+00
     0     0   9.7161E+15   5.8743E-02   2.0930E-04   5.6304E-02   0.0000E+00   0.0000E+00
     0     0   9.0554E+15   5.8445E-02   1.8564E-04   5.4187E-02   0.0000E+00   0.0000E+00
     0     0   9.8296E+15   5.1010E-02   2.2176E-04   5.4508E-02   0.0000E+00   0.0000E+00
     0     0   1.0560E+16   7.7443E-02   2.2196E-04   5.3839E-02   0.0000E+00   0.0000E+00
     0     0   1.1061E+16   5.2777E-02   2.3543E-04   5.4186E-02   0.0000E+00   0.0000E+00
     0     0   1.1986E+16   2.3542E-01   2.0545E-04   3.9142E-02   0.0000E+00   0.0000E+00
     0     0   8.8970E+15   5.4194E-02   1.9954E-04   6.0148E-02   0.0000E+00   0.0000E+00
     0     0   1.0474E+16   5.6184E-02   2.0961E-04   5.9712E-02   0.0000E+00   0.0000E+00
     0     0   9.7024E+15   6.0322E-02   2.1704E-04   5.7643E-02   0.0000E+00   0.0000E+00
     0     0   9.0816E+15   4.8888E-02   2.0384E-04   5.0265E-02   0.0000E+00   0.0000E+00
     0     0   1.0097E+16   5.2475E-02   2.1920E-04   4.9676E-02   0.0000E+00   0.0000E+00
     0     0   9.5511E+15   5.2614E-02   2.1583E-04   6.5887E-02   0.0000E+00   0.0000E+00
     0     0   9.2115E+15   4.9065E-02   1.8934E-04   5.0321E-02   0.0000E+00   0.0000E+00
     0     0   9.9490E+15   4.9970E-02   2.1318E-04   5.2676E-02   0.0000E+00   0.0000E+00
     0     0   9.8509E+15   5.6572E-02   2.1412E-04   5.4063E-02   0.0000E+00   0.0000E+00
     0     0   1.4524E+16   5.1037E-02   2.4985E-04   4.6718E-02   0.0000E+00   0.0000E+00
     0     0   1.3965E+16   8.3224E-02   2.3765E-04   5.4661E-02   0.0000E+00   0.0000E+00
     0     0   1.4060E+16   6.1857E-02   2.3928E-04   5.4554E-02   0.0000E+00   0.0000E+00
     0     0   1.3721E+16   5.2964E-02   2.5092E-04   7.1517E-02   0.0000E+00   0.0000E+00
     0     0   1.1914E+16   5.3232E-02   2.2231E-04   5.5145E-02   0.0000E+00   0.0000E+00
     0     0   1.2916E+16   5.6247E-02   2.3131E-04   5.9801E-02   0.0000E+00   0.0000E+00
     0     0   1.3317E+16   6.0262E-02   2.2900E-04   5.7209E-02   0.0000E+00   0.0000E+00
     0     0   1.1915E+16   4.8704E-02   2.3561E-04   5.8418E-02   0.0000E+00   0.0000E+00
     0     0   1.3208E+16   6.6607E-02   2.2372E-04   5.1016E-02   0.0000E+00   0.0000E+00
     0     0   1.0816E+16   4.9180E-02   1.9946E-04   4.9600E-02   0.0000E+00   0.0000E+00
     0     0   1.3239E+16   5.2800E-02   2.5348E-04   5.2083E-02   0.0000E+00   0.0000E+00
     0     0   1.4083E+16   5.1645E-02   2.4798E-04   5.5028E-02   0.0000E+00   0.0000E+00
     0     0   1.2126E+16   5.3503E-02   2.4332E-04   4.8551E-02   0.0000E+00   0.0000E+00
     0     0   1.1657E+16   4.9998E-02   2.5220E-04   5.7438E-02   0.0000E+00   0.0000E+00
     0     0   1.0992E+16   4.9220E-02   2.2947E-04   5.0239E-02   0.0000E+00   0.0000E+00
     0     0   1.2095E+16   5.3103E-02   2.3330E-04   5.2704E-02   0.0000E+00   0.0000E+00
     0     0   1.2301E+16   5.7652E-02   2.4859E-04   5.2313E-02   0.0000E+00   0.0000E+00
     0     0   1.2365E+16   5.0813E-02   2.4387E-04   4.7828E-02   0.0000E+00   0.0000E+00
     0     0   1.2571E+16   5.5285E-02   2.5081E-04   5.1393E-02   0.0000E+00   0.0000E+00
     0     0   1.1540E+16   6.3590E-02   2.4587E-04   5.2106E-02   0.0000E+00   0.0000E+00
     0     0   1.2938E+16   5.7076E-02   2.7115E-04   6.2461E-02   0.0000E+00   0.0000E+00
     0     0   1.4623E+16   5.4939E-02   2.6629E-04   5.1194E-02   0.0000E+00   0.0000E+00
     0     0   1.2169E+16   5.0332E-02   2.5152E-04   5.5144E-02   0.0000E+00   0.0000E+00
     0     0   1.3663E+16   4.7008E-02   2.5344E-04   4.6690E-02   0.0000E+00   0.0000E+00
     0     0   8.9493E+15   5.0519E-02   1.9655E-04   5.3012E-02   0.0000E+00   0.0000E+00
     0     0   1.0015E+16   6.7035E-02   1.9368E-04   5.2508E-02   0.0000E+00   0.0000E+00
     0     0   9.8837E+15   5.9933E-02   1.9956E-04   5.4062E-02   0.0000E+00   0.0000E+00
     0     0   9.3884E+15   6.2899E-02   1.9516E-04   6.2167E-02   0.0000E+00   0.0000E+00
     0     0   1.1003E+16   5.3255E-02   2.2967E-04   5.0335E-02   0.0000E+00   0.0000E+00
     0     0   1.0988E+16   6.0198E-02   2.2953E-04   6.0942E-02   0.0000E+00   0.0000E+00
     0     0   9.5061E+15   5.5633E-02   2.3187E-04   6.6840E-02   0.0000E+00   0.0000E+00
     0     0   9.8005E+15   1.0093E-01   1.9362E-04   5.4858E-02   0.0000E+00   0.0000E+00
     0     0   9.2644E+15   5.1418E-02   1.9568E-04   5.3129E-02   0.0000E+00   0.0000E+00
     0     0   1.0737E+16   7.5312E-02   2.1434E-04   5.5349E-02   0.0000E+00   0.0000E+00
     0     0   1.0400E+16   5.9370E-02   2.3261E-04   6.6200E-02   0.0000E+00   0.0000E+00
     0     0   1.0441E+16   5.5904E-02   2.0558E-04   5.3063E-02   0.0000E+00   0.0000E+00
     0     0   1.0920E+16   5.5786E-02   2.4260E-04   5.9688E-02   0.0000E+00   0.0000E+00
     0     0   1.0813E+16   4.8215E-02   2.2438E-04   4.9801E-02   0.0000E+00   0.0000E+00
     0     0   1.0926E+16   5.1269E-02   2.4971E-04   6.1865E-02   0.0000E+00   0.0000E+00
     0     0   1.1456E+16   5.2688E-02   2.2896E-04   4.8669E-02   0.0000E+00   0.0000E+00
     0     0   1.0460E+16   5.7547E-02   2.2598E-04   5.7735E-02   0.0000E+00   0.0000E+00
     0     0   1.1068E+16   5.7928E-02   2.2250E-04   5.6991E-02   0.0000E+00   0.0000E+00
     0     0   1.3225E+16   6.4692E-02   2.3729E-04   5.5930E-02   0.0000E+00   0.0000E+00
     0     0   1.2632E+16   5.9425E-02   2.4589E-04   5.6174E-02   0.0000E+00   0.0000E+00
     0     0   1.3755E+16   5.6234E-02   2.6425E-04   5.4477E-02   0.0000E+00   0.0000E+00
     0     0   1.3228E+16   6.6764E-02   2.4722E-04   5.4168E-02   0.0000E+00   0.0000E+00
     0     0   2.0058E+16   5.1942E-02   2.6746E-04   4.6918E-02   0.0000E+00   0.0000E+00
     0     0   1.4278E+16   5.6250E-02   2.3711E-04   4.8920E-02   0.0000E+00   0.0000E+00
     0     0   2.2096E+16   4.1128E-02   2.9018E-04   4.9823E-02   0.0000E+00   0.0000E+00
     0     0   2.1333E+16   5.5848E-02   2.6967E-04   5.3268E-02   0.0000E+00   0.0000E+00
     0     0   1.2593E+16   5.6724E-02   2.4205E-04   6.0762E-02   0.0000E+00   0.0000E+00
     0     0   1.2335E+16   6.6895E-02   2.4057E-04   5.4254E-02   0.0000E+00   0.0000E+00
     0     0   1.2446E+16   5.4962E-02   2.3649E-04   5.6162E-02   0.0000E+00   0.0000E+00
     0     0   1.3070E+16   5.2803E-02   2.5839E-04   6.2564E-02   0.0000E+00   0.0000E+00
     0     0   1.2725E+16   5.3675E-02   2.4880E-04   5.4627E-02   0.0000E+00   0.0000E+00
     0     0   1.2569E+16   5.3819E-02   2.5729E-04   5.7380E-02   0.0000E+00   0.0000E+00
     0     0   1.3307E+16   5.9601E-02   2.4349E-04   5.9842E-02   0.0000E+00   0.0000E+00
     0     0   1.2764E+16   4.5650E-02   2.4970E-04   5.1485E-02   0.0000E+00   0.0000E+00
     0     0   1.3200E+16   4.6466E-02   2.6318E-04   5.0021E-02   0.0000E+00   0.0000E+00
     0     0   1.2377E+16   4.9007E-02   2.4906E-04   5.1208E-02   0.0000E+00   0.0000E+00
     0     0   9.4010E+15   5.1168E-02   2.1355E-04   5.0374E-02   0.0000E+00   0.0000E+00
     0     0   8.7504E+15   6.3007E-02   2.0374E-04   6.3938E-02   0.0000E+00   0.0000E+00
     0     0   1.1500E+16   8.6363E-02   2.2439E-04   4.0733E-02   0.0000E+00   0.0000E+00
     0     0   1.0486E+16   5.4790E-02   2.2915E-04   6.7537E-02   0.0000E+00   0.0000E+00
     0     0   2.3695E+16   5.0986E-02   2.9428E-04   5.2195E-02   0.0000E+00   0.0000E+00
     0     0   2.6385E+16   4.6122E-02   2.8679E-04   4.4255E-02   0.0000E+00   0.0000E+00
     0     0   1.9530E+16   5.3490E-02   2.3751E-04   4.9745E-02   0.0000E+00   0.0000E+00
     0     0   1.7551E+16   5.7668E-02   2.5907E-04   5.2759E-02   0.0000E+00   0.0000E+00
     0     0   1.4870E+16   5.3495E-02   2.7175E-04   5.2581E-02   0.0000E+00   0.0000E+00
     0     0   1.3390E+16   4.3969E-02   2.7387E-04   5.3006E-02   0.0000E+00   0.0000E+00
     0     0   9.9004E+15   6.5157E-02   2.0138E-04   6.4343E-02   0.0000E+00   0.0000E+00
     0     0   1.0716E+16   5.8217E-02   2.2679E-04   5.5889E-02   0.0000E+00   0.0000E+00
     0     0   9.5409E+15   7.4157E-02   1.9028E-04   5.1691E-02   0.0000E+00   0.0000E+00
     0     0   1.0307E+16   6.2723E-02   2.2441E-04   6.0692E-02   0.0000E+00   0.0000E+00
     0     0   1.0713E+16   6.7364E-02   2.2414E-04   5.4765E-02   0.0000E+00   0.0000E+00
     0     0   1.1309E+16   5.8633E-02   2.3414E-04   5.3841E-02   0.0000E+00   0.0000E+00
     0     0   2.4501E+16   4.6558E-02   3.1341E-04   5.8241E-02   0.0000E+00   0.0000E+00
     0     0   2.7864E+16   4.3876E-02   2.9809E-04   5.8905E-02   0.0000E+00   0.0000E+00
     0     0   2.2284E+16   6.5012E-02   2.8060E-04   5.3232E-02   0.0000E+00   0.0000E+00
     0     0   2.1632E+16   5.1086E-02   2.7469E-04   5.4005E-02   0.0000E+00   0.0000E+00
     0     0   1.0493E+16   5.7273E-02   2.3753E-04   7.2088E-02   0.0000E+00   0.0000E+00
     0     0   1.0230E+16   6.0560E-02   2.3346E-04   6.3525E-02   0.0000E+00   0.0000E+00
     0     0   1.0196E+16   5.0839E-02   2.1516E-04   3.7825E-02   0.0000E+00   0.0000E+00
     0     0   1.2029E+16   5.7446E-02   2.6134E-04   8.6577E-02   0.0000E+00   0.0000E+00
     0     0   1.1025E+16   5.4572E-02   2.2470E-04   5.4999E-02   0.0000E+00   0.0000E+00
     0     0   1.0696E+16   5.2760E-02   2.4155E-04   7.0171E-02   0.0000E+00   0.0000E+00
     0     0   9.5349E+15   5.3012E-02   2.3000E-04   5.7662E-02   0.0000E+00   0.0000E+00
     0     0   1.0089E+16   4.9059E-02   2.2283E-04   4.8664E-02   0.0000E+00   0.0000E+00
     0     0   1.1059E+16   5.5953E-02   2.2724E-04   5.3754E-02   0.0000E+00   0.0000E+00
     0     0   1.0934E+16   5.5257E-02   2.2753E-04   4.6965E-02   0.0000E+00   0.0000E+00
     0     0   1.6835E+16   4.4111E-02   2.5716E-04   4.9464E-02   0.0000E+00   0.0000E+00
     0     0   1.6047E+16   5.0190E-02   2.8267E-04   5.4082E-02   0.0000E+00   0.0000E+00
     0     0   1.3711E+16   1.1125E-01   2.4458E-04   5.8961E-02   0.0000E+00   0.0000E+00
     0     0   1.6206E+16   5.3322E-02   2.7208E-04   4.4369E-02   0.0000E+00   0.0000E+00
     0     0   6.9784E+15   5.5087E-02   1.6805E-04   5.7476E-02   0.0000E+00   0.0000E+00
     0     0   6.5729E+15   7.0178E-02   1.7524E-04   7.4946E-02   0.0000E+00   0.0000E+00
     0     0   6.7125E+15   7.3393E-02   1.6894E-04   6.6066E-02   0.0000E+00   0.0000E+00
     0     0   8.3803E+15   7.4458E-02   1.7846E-04   7.9347E-02   0.0000E+00   0.0000E+00
     0     0   7.5144E+15   6.9140E-02   1.7670E-04   6.2017E-02   0.0000E+00   0.0000E+00
     0     0   7.6999E+15   6.9135E-02   1.6869E-04   6.5559E-02   0.0000E+00   0.0000E+00
     0     0   7.9493E+15   6.2293E-02   1.7916E-04   6.0784E-02   0.0000E+00   0.0000E+00
     0     0   7.5185E+15   6.1210E-02   1.7920E-04   5.9814E-02   0.0000E+00   0.0000E+00
     0     0   7.7396E+15   7.2416E-02   1.8520E-04   6.0137E-02   0.0000E+00   0.0000E+00
     0     0   7.1978E+15   6.3252E-02   1.6728E-04   6.5432E-02   0.0000E+00   0.0000E+00
     0     0   6.9299E+15   6.4064E-02   1.6586E-04   6.0674E-02   0.0000E+00   0.0000E+00
     0     0   6.5513E+15   6.3563E-02   1.6292E-04   5.8927E-02   0.0000E+00   0.0000E+00
     0     0   7.1546E+15   5.6508E-02   1.6588E-04   5.9891E-02   0.0000E+00   0.0000E+00
     0     0   6.7508E+15   6.8825E-02   1.4914E-04   6.7266E-02   0.0000E+00   0.0000E+00
     0     0   7.7579E+15   7.0805E-02   1.6270E-04   6.5777E-02   0.0000E+00   0.0000E+00
     0     0   7.0965E+15   5.8444E-02   1.6352E-04   6.1235E-02   0.0000E+00   0.0000E+00
     0     0   7.4360E+15   5.4329E-02   1.6137E-04   5.4501E-02   0.0000E+00   0.0000E+00
     0     0   6.6285E+15   5.9749E-02   1.5971E-04   5.6189E-02   0.0000E+00   0.0000E+00
     0     0   6.8480E+15   6.1880E-02   1.6147E-04   6.1545E-02   0.0000E+00   0.0000E+00
     0     0   6.1496E+15   5.7639E-02   1.4972E-04   6.1474E-02   0.0000E+00   0.0000E+00
     0     0   6.7317E+15   5.7732E-02   1.6340E-04   6.0938E-02   0.0000E+00   0.0000E+00
     0     0   7.0058E+15   6.3891E-02   1.6675E-04   7.4189E-02   0.0000E+00   0.0000E+00
     0     0   8.4547E+15   6.5144E-02   1.7350E-04   6.5944E-02   0.0000E+00   0.0000E+00
     0     0   6.1879E+15   5.4141E-02   1.6130E-04   5.9030E-02   0.0000E+00   0.0000E+00
     0     0   6.4432E+15   5.4585E-02   1.5177E-04   5.7153E-02   0.0000E+00   0.0000E+00
     0     0   6.8698E+15   6.6336E-02   1.5204E-04   7.0375E-02   0.0000E+00   0.0000E+00
     0     0   6.3473E+15   6.3999E-02   1.6001E-04   6.2791E-02   0.0000E+00   0.0000E+00
     0     0   7.2547E+15   7.4313E-02   1.6796E-04   6.7512E-02   0.0000E+00   0.0000E+00
     0     0   6.5345E+15   6.0629E-02   1.4757E-04   6.3011E-02   0.0000E+00   0.0000E+00
     0     0   7.1490E+15   9.1454E-02   1.5664E-04   6.4446E-02   0.0000E+00   0.0000E+00
     0     0   6.3043E+15   5.0541E-02   1.6166E-04   5.4009E-02   0.0000E+00   0.0000E+00
     0     0   6.3842E+15   5.9103E-02   1.4918E-04   5.7763E-02   0.0000E+00   0.0000E+00
     0     0   7.1849E+15   7.5828E-02   1.6988E-04   6.7213E-02   0.0000E+00   0.0000E+00
     0     0   6.6781E+15   5.8382E-02   1.6936E-04   5.9757E-02   0.0000E+00   0.0000E+00
     0     0   6.3130E+15   5.9053E-02   1.5492E-04   5.9086E-02   0.0000E+00   0.0000E+00
     0     0   6.8691E+15   6.3176E-02   1.6616E-04   7.0965E-02   0.0000E+00   0.0000E+00
     0     0   6.8738E+15   6.1457E-02   1.6906E-04   6.8874E-02   0.0000E+00   0.0000E+00
     0     0   6.4153E+15   6.1777E-02   1.4280E-04   6.2864E-02   0.0000E+00   0.0000E+00
     0     0   6.1438E+15   6.8017E-02   1.7645E-04   9.6035E-02   0.0000E+00   0.0000E+00
     0     0   7.1440E+15   5.5554E-02   1.7491E-04   7.0353E-02   0.0000E+00   0.0000E+00
     0     0   6.6309E+15   7.1326E-02   1.5654E-04   6.5713E-02   0.0000E+00   0.0000E+00
     0     0   5.6896E+15   5.9833E-02   1.4881E-04   6.6374E-02   0.0000E+00   0.0000E+00
     0     0   6.8952E+15   5.9439E-02   1.5410E-04   6.0370E-02   0.0000E+00   0.0000E+00
     0     0   6.3978E+15   6.0229E-02   1.6715E-04   6.1838E-02   0.0000E+00   0.0000E+00
     0     0   6.9657E+15   5.7085E-02   1.5299E-04   6.6513E-02   0.0000E+00   0.0000E+00
     0     0   7.1326E+15   6.0828E-02   1.6338E-04   6.3308E-02   0.0000E+00   0.0000E+00
     0     0   6.5869E+15   6.0921E-02   1.5530E-04   6.1428E-02   0.0000E+00   0.0000E+00
     0     0   6.9915E+15   6.1778E-02   1.6496E-04   6.4413E-02   0.0000E+00   0.0000E+00
     0     0   6.4076E+15   6.4222E-02   1.7289E-04   6.6102E-02   0.0000E+00   0.0000E+00
     0     0   7.0669E+15   5.9559E-02   1.6227E-04   6.1722E-02   0.0000E+00   0.0000E+00
     0     0   6.5577E+15   5.8954E-02   1.4968E-04   6.3229E-02   0.0000E+00   0.0000E+00
     0     0   6.8610E+15   7.0288E-02   1.6319E-04   5.8158E-02   0.0000E+00   0.0000E+00
     0     0   6.6203E+15   6.2373E-02   1.8106E-04   7.8142E-02   0.0000E+00   0.0000E+00
     0     0   6.4224E+15   6.4758E-02   1.5763E-04   6.0982E-02   0.0000E+00   0.0000E+00
     0     0   6.8551E+15   5.4189E-02   1.6057E-04   6.2871E-02   0.0000E+00   0.0000E+00
     0     0   6.7660E+15   6.3514E-02   1.5541E-04   6.0239E-02   0.0000E+00   0.0000E+00
     0     0   6.6785E+15   5.8257E-02   1.6974E-04   6.7716E-02   0.0000E+00   0.0000E+00
     0     0   6.6537E+15   5.8839E-02   1.6173E-04   6.4173E-02   0.0000E+00   0.0000E+00
     0     0   6.7270E+15   6.8360E-02   1.4975E-04   6.4350E-02   0.0000E+00   0.0000E+00
     0     0   6.6343E+15   6.1491E-02   1.7028E-04   6.7879E-02   0.0000E+00   0.0000E+00
     0     0   6.4950E+15   5.8722E-02   1.6768E-04   6.6090E-02   0.0000E+00   0.0000E+00
     0     0   6.2469E+15   5.9872E-02   1.6382E-04   6.7352E-02   0.0000E+00   0.0000E+00
     0     0   6.2540E+15   4.4254E-02   1.5918E-04   4.6963E-02   0.0000E+00   0.0000E+00
     0     0   6.9983E+15   5.8752E-02   1.5009E-04   5.5583E-02   0.0000E+00   0.0000E+00
     0     0   6.5303E+15   5.8535E-02   1.7206E-04   6.5271E-02   0.0000E+00   0.0000E+00
     0     0   6.9483E+15   5.8854E-02   1.6426E-04   6.3657E-02   0.0000E+00   0.0000E+00
     0     0   6.4845E+15   5.9226E-02   1.4799E-04   6.5607E-02   0.0000E+00   0.0000E+00
     0     0   6.3801E+15   7.0936E-02   1.6444E-04   6.9586E-02   0.0000E+00   0.0000E+00
     0     0   7.0314E+15   6.3065E-02   1.6978E-04   6.1114E-02   0.0000E+00   0.0000E+00
     0     0   6.7368E+15   6.4331E-02   1.6243E-04   6.6506E-02   0.0000E+00   0.0000E+00
     0     0   6.4309E+15   6.0652E-02   1.5881E-04   6.3461E-02   0.0000E+00   0.0000E+00
     0     0   6.7802E+15   6.1546E-02   1.6258E-04   6.2860E-02   0.0000E+00   0.0000E+00
     0     0   6.9208E+15   6.0075E-02   1.5911E-04   5.9542E-02   0.0000E+00   0.0000E+00
     0     0   7.0615E+15   8.3821E-02   1.6165E-04   6.1821E-02   0.0000E+00   0.0000E+00
     0     0   7.3151E+15   5.1415E-02   1.8564E-04   5.6469E-02   0.0000E+00   0.0000E+00
     0     0   6.8199E+15   6.2474E-02   1.5847E-04   5.6184E-02   0.0000E+00   0.0000E+00
     0     0   6.2383E+15   6.4301E-02   1.6560E-04   6.1908E-02   0.0000E+00   0.0000E+00
     0     0   7.0125E+15   6.1642E-02   1.6521E-04   6.0192E-02   0.0000E+00   0.0000E+00
     0     0   7.0336E+15   5.9423E-02   1.6405E-04   6.2095E-02   0.0000E+00   0.0000E+00
     0     0   6.6104E+15   5.9954E-02   1.6963E-04   6.1890E-02   0.0000E+00   0.0000E+00
     0     0   7.0425E+15   8.6937E-02   1.6810E-04   6.4173E-02   0.0000E+00   0.0000E+00
     0     0   7.0018E+15   6.2853E-02   1.5730E-04   5.4933E-02   0.0000E+00   0.0000E+00
     0     0   6.1919E+15   6.1337E-02   1.5512E-04   6.5876E-02   0.0000E+00   0.0000E+00
     0     0   6.7239E+15   7.3066E-02   1.5176E-04   5.5688E-02   0.0000E+00   0.0000E+00
     0     0   5.5872E+15   5.5398E-02   1.4431E-04   5.4060E-02   0.0000E+00   0.0000E+00
     0     0   6.8098E+15   8.4744E-02   1.5572E-04   4.4386E-02   0.0000E+00   0.0000E+00
     0     0   7.0762E+15   5.6756E-02   1.7180E-04   6.1643E-02   0.0000E+00   0.0000E+00
     0     0   7.0543E+15   5.9682E-02   1.7278E-04   6.1421E-02   0.0000E+00   0.0000E+00
     0     0   5.9072E+15   6.7801E-02   1.4606E-04   6.4961E-02   0.0000E+00   0.0000E+00
     0     0   6.5743E+15   5.3271E-02   1.5186E-04   4.7078E-02   0.0000E+00   0.0000E+00
     0     0   7.0548E+15   5.7274E-02   1.5769E-04   6.8660E-02   0.0000E+00   0.0000E+00
     0     0   5.7807E+15   5.3964E-02   1.6014E-04   6.1269E-02   0.0000E+00   0.0000E+00
     0     0   6.3871E+15   5.8649E-02   1.5685E-04   6.3976E-02   0.0000E+00   0.0000E+00
     0     0   6.1209E+15   5.7983E-02   1.5290E-04   6.2699E-02   0.0000E+00   0.0000E+00
     0     0   6.5823E+15   6.1645E-02   1.6607E-04   6.2052E-02   0.0000E+00   0.0000E+00
     0     0   6.0824E+15   6.8127E-02   1.4777E-04   6.4173E-02   0.0000E+00   0.0000E+00
     0     0   6.9244E+15   8.1930E-02   1.4507E-04   6.2376E-02   0.0000E+00   0.0000E+00
     0     0   6.4690E+15   6.2312E-02   1.5975E-04   5.8609E-02   0.0000E+00   0.0000E+00
     0     0   7.2951E+15   6.8095E-02   1.7970E-04   8.0061E-02   0.0000E+00   0.0000E+00
     0     0   7.0436E+15   6.1614E-02   1.7817E-04   8.1149E-02   0.0000E+00   0.0000E+00
     0     0   6.9160E+15   6.2083E-02   1.6799E-04   6.3120E-02   0.0000E+00   0.0000E+00
     0     0   6.9025E+15   6.3671E-02   1.8721E-04   7.7010E-02   0.0000E+00   0.0000E+00
     0     0   6.3635E+15   6.1737E-02   1.6467E-04   6.4306E-02   0.0000E+00   0.0000E+00
     0     0   6.5505E+15   5.4900E-02   1.6564E-04   5.9518E-02   0.0000E+00   0.0000E+00
     0     0   6.4641E+15   6.0382E-02   1.5357E-04   6.6308E-02   0.0000E+00   0.0000E+00
     0     0   6.9101E+15   6.5294E-02   1.6533E-04   6.9068E-02   0.0000E+00   0.0000E+00
     0     0   7.3306E+15   6.9318E-02   1.6943E-04   6.3525E-02   0.0000E+00   0.0000E+00
     0     0   6.7014E+15   6.6978E-02   1.8052E-04   7.6825E-02   0.0000E+00   0.0000E+00
     0     0   6.9817E+15   6.7308E-02   1.7802E-04   6.2456E-02   0.0000E+00   0.0000E+00
     0     0   7.2426E+15   5.8747E-02   1.6704E-04   6.4036E-02   0.0000E+00   0.0000E+00
     0     0   7.0325E+15   6.1921E-02   1.8451E-04   6.7047E-02   0.0000E+00   0.0000E+00
     0     0   7.2189E+15   5.8778E-02   1.7207E-04   6.4171E-02   0.0000E+00   0.0000E+00
     0     0   7.3610E+15   5.9287E-02   1.6977E-04   6.1076E-02   0.0000E+00   0.0000E+00
     0     0   7.4747E+15   6.8250E-02   1.6474E-04   5.8444E-02   0.0000E+00   0.0000E+00
     0     0   5.9701E+15   7.2804E-02   1.5660E-04   7.4421E-02   0.0000E+00   0.0000E+00
     0     0   5.9749E+15   5.9882E-02   1.5342E-04   6.1546E-02   0.0000E+00   0.0000E+00
     0     0   6.6040E+15   6.7820E-02   1.7246E-04   7.3277E-02   0.0000E+00   0.0000E+00
     0     0   7.3448E+15   7.7535E-02   1.7695E-04   7.5225E-02   0.0000E+00   0.0000E+00
     0     0   6.1202E+15   4.4528E-02   1.4830E-04   4.8264E-02   0.0000E+00   0.0000E+00
     0     0   6.8571E+15   5.3899E-02   1.7309E-04   5.7335E-02   0.0000E+00   0.0000E+00
     0     0   6.1581E+15   6.7070E-02   1.6734E-04   7.5489E-02   0.0000E+00   0.0000E+00
     0     0   6.3161E+15   6.2622E-02   1.5237E-04   6.7864E-02   0.0000E+00   0.0000E+00
     0     0   6.4362E+15   7.0869E-02   1.5749E-04   6.1986E-02   0.0000E+00   0.0000E+00
     0     0   5.6944E+15   6.3502E-02   1.5026E-04   6.3629E-02   0.0000E+00   0.0000E+00
     0     0   5.9357E+15   4.9853E-02   1.5257E-04   5.0464E-02   0.0000E+00   0.0000E+00
     0     0   6.6141E+15   5.9149E-02   1.5157E-04   6.1631E-02   0.0000E+00   0.0000E+00
     0     0   7.7020E+15   9.6973E-02   1.6154E-04   6.3895E-02   0.0000E+00   0.0000E+00
     0     0   6.6671E+15   5.8410E-02   1.7106E-04   6.1277E-02   0.0000E+00   0.0000E+00
     0     0   7.9017E+15   6.7251E-02   1.7505E-04   7.1852E-02   0.0000E+00   0.0000E+00
     0     0   6.5967E+15   6.5602E-02   1.4450E-04   7.4077E-02   0.0000E+00   0.0000E+00
     0     0   6.7101E+15   5.9484E-02   1.7057E-04   6.0356E-02   0.0000E+00   0.0000E+00
     0     0   6.0984E+15   5.7610E-02   1.4697E-04   5.3275E-02   0.0000E+00   0.0000E+00
     0     0   6.8731E+15   5.9507E-02   1.7763E-04   7.2519E-02   0.0000E+00   0.0000E+00
     0     0   6.8879E+15   7.4543E-02   1.6843E-04   6.6848E-02   0.0000E+00   0.0000E+00
     0     0   6.9994E+15   5.8971E-02   1.5967E-04   5.6954E-02   0.0000E+00   0.0000E+00
     0     0   6.8043E+15   6.2983E-02   1.6272E-04   6.6577E-02   0.0000E+00   0.0000E+00
     0     0   7.0941E+15   5.6846E-02   1.5965E-04   5.5587E-02   0.0000E+00   0.0000E+00
     0     0   7.1443E+15   6.0167E-02   1.8254E-04   6.8489E-02   0.0000E+00   0.0000E+00
     0     0   6.4732E+15   6.1504E-02   1.5828E-04   6.6908E-02   0.0000E+00   0.0000E+00
     0     0   6.9528E+15   6.3944E-02   1.6681E-04   6.5603E-02   0.0000E+00   0.0000E+00
     0     0   6.5906E+15   5.8700E-02   1.5926E-04   6.9060E-02   0.0000E+00   0.0000E+00
     0     0   6.9664E+15   6.7886E-02   1.6372E-04   7.7791E-02   0.0000E+00   0.0000E+00
     0     0   7.1545E+15   6.3686E-02   1.6396E-04   6.0693E-02   0.0000E+00   0.0000E+00
     0     0   7.0148E+15   6.6672E-02   1.7469E-04   6.9390E-02   0.0000E+00   0.0000E+00
     0     0   6.3859E+15   6.3985E-02   1.5247E-04   7.0007E-02   0.0000E+00   0.0000E+00
     0     0   6.9486E+15   6.1667E-02   1.7016E-04   8.7658E-02   0.0000E+00   0.0000E+00
     0     0   6.7345E+15   5.5955E-02   1.6885E-04   6.0183E-02   0.0000E+00   0.0000E+00
     0     0   6.8929E+15   7.2855E-02   1.7695E-04   6.7849E-02   0.0000E+00   0.0000E+00
     0     0   7.2284E+15   6.2730E-02   1.6493E-04   6.5825E-02   0.0000E+00   0.0000E+00
     0     0   8.0925E+15   6.4452E-02   1.7595E-04   6.4871E-02   0.0000E+00   0.0000E+00
     0     0   7.4581E+15   5.7387E-02   1.6858E-04   6.0151E-02   0.0000E+00   0.0000E+00
     0     0   6.8716E+15   5.9428E-02   1.7895E-04   8.0369E-02   0.0000E+00   0.0000E+00
     0     0   7.3831E+15   7.5811E-02   1.6930E-04   6.8703E-02   0.0000E+00   0.0000E+00
     0     0   7.1843E+15   6.8587E-02   1.6991E-04   7.8297E-02   0.0000E+00   0.0000E+00
     0     0   7.0772E+15   5.4874E-02   1.7112E-04   6.0194E-02   0.0000E+00   0.0000E+00
     0     0   7.2800E+15   6.6788E-02   1.7174E-04   5.6601E-02   0.0000E+00   0.0000E+00
     0     0   8.1055E+15   6.4379E-02   1.6658E-04   7.1223E-02   0.0000E+00   0.0000E+00
     0     0   8.2729E+15   6.2148E-02   1.5257E-04   5.6116E-02   0.0000E+00   0.0000E+00
     0     0   6.3961E+15   6.4752E-02   1.6091E-04   7.5808E-02   0.0000E+00   0.0000E+00
     0     0   6.8753E+15   6.5884E-02   1.7752E-04   6.2040E-02   0.0000E+00   0.0000E+00
     0     0   7.4428E+15   6.7925E-02   1.6170E-04   6.7444E-02   0.0000E+00   0.0000E+00
     0     0   7.9242E+15   6.2579E-02   1.7936E-04   7.7652E-02   0.0000E+00   0.0000E+00
     0     0   7.9759E+15   6.1469E-02   1.6543E-04   6.3368E-02   0.0000E+00   0.0000E+00
     0     0   8.4418E+15   6.1979E-02   1.9672E-04   6.8363E-02   0.0000E+00   0.0000E+00
     0     0   8.4287E+15   5.9501E-02   1.6877E-04   6.8503E-02   0.0000E+00   0.0000E+00
     0     0   7.2597E+15   5.6403E-02   1.7982E-04   6.5251E-02   0.0000E+00   0.0000E+00
     0     0   7.4661E+15   7.2086E-02   1.6823E-04   6.7051E-02   0.0000E+00   0.0000E+00
     0     0   8.0630E+15   6.3354E-02   1.9024E-04   6.1878E-02   0.0000E+00   0.0000E+00
     0     0   7.6617E+15   5.7792E-02   1.6470E-04   6.1970E-02   0.0000E+00   0.0000E+00
     0     0   7.0547E+15   6.6332E-02   1.7482E-04   6.8485E-02   0.0000E+00   0.0000E+00
     0     0   7.1313E+15   5.5960E-02   1.6669E-04   5.6240E-02   0.0000E+00   0.0000E+00
     0     0   7.3655E+15   5.7870E-02   1.8055E-04   6.4472E-02   0.0000E+00   0.0000E+00
     0     0   6.9080E+15   6.1984E-02   1.7980E-04   6.4035E-02   0.0000E+00   0.0000E+00
     0     0   7.0698E+15   6.8285E-02   1.8513E-04   7.1225E-02   0.0000E+00   0.0000E+00
     0     0   7.0229E+15   5.9690E-02   1.7542E-04   6.0601E-02   0.0000E+00   0.0000E+00
     0     0   7.4565E+15   7.6669E-02   1.7508E-04   6.1406E-02   0.0000E+00   0.0000E+00
     0     0   8.4440E+15   6.8172E-02   1.8848E-04   6.6741E-02   0.0000E+00   0.0000E+00
     0     0   8.5154E+15   6.5202E-02   1.6794E-04   5.7944E-02   0.0000E+00   0.0000E+00
     0     0   7.6228E+15   6.4711E-02   1.7412E-04   7.9759E-02   0.0000E+00   0.0000E+00
     0     0   8.0500E+15   5.7269E-02   1.5249E-04   8.1724E-02   0.0000E+00   0.0000E+00
     0     0   6.8783E+15   6.3323E-02   1.6464E-04   6.7906E-02   0.0000E+00   0.0000E+00
     0     0   7.1697E+15   5.5841E-02   1.8180E-04   7.5225E-02   0.0000E+00   0.0000E+00
     0     0   7.2556E+15   5.8691E-02   1.8281E-04   6.5154E-02   0.0000E+00   0.0000E+00
     0     0   6.9087E+15   6.5144E-02   1.7135E-04   6.5985E-02   0.0000E+00   0.0000E+00
     0     0   9.1434E+15   8.8206E-02   1.7263E-04   7.6823E-02   0.0000E+00   0.0000E+00
     0     0   8.5010E+15   5.3150E-02   1.7922E-04   5.9986E-02   0.0000E+00   0.0000E+00
     0     0   8.2298E+15   5.8355E-02   1.5952E-04   5.9675E-02   0.0000E+00   0.0000E+00
     0     0   8.3218E+15   5.5906E-02   1.6607E-04   5.5462E-02   0.0000E+00   0.0000E+00
     0     0   7.5386E+15   6.5500E-02   1.7207E-04   6.7040E-02   0.0000E+00   0.0000E+00
     0     0   7.2318E+15   5.7141E-02   1.5873E-04   5.8447E-02   0.0000E+00   0.0000E+00
     0     0   8.1594E+15   5.9515E-02   1.6264E-04   5.2839E-02   0.0000E+00   0.0000E+00
     0     0   7.5490E+15   6.0800E-02   1.6988E-04   6.3823E-02   0.0000E+00   0.0000E+00
     0     0   8.7976E+15   7.0420E-02   1.9210E-04   7.5186E-02   0.0000E+00   0.0000E+00
     0     0   8.8910E+15   8.3175E-02   1.7975E-04   7.0916E-02   0.0000E+00   0.0000E+00
     0     0   9.0111E+15   6.0634E-02   1.7846E-04   5.9447E-02   0.0000E+00   0.0000E+00
     0     0   8.6170E+15   6.8990E-02   1.7331E-04   6.9504E-02   0.0000E+00   0.0000E+00
     0     0   7.6962E+15   5.5536E-02   1.9184E-04   6.3295E-02   0.0000E+00   0.0000E+00
     0     0   7.3824E+15   5.5665E-02   1.7844E-04   7.1699E-02   0.0000E+00   0.0000E+00
     0     0   7.4393E+15   5.9798E-02   1.7042E-04   7.4381E-02   0.0000E+00   0.0000E+00
     0     0   6.7097E+15   5.4713E-02   1.6235E-04   6.8474E-02   0.0000E+00   0.0000E+00
     0     0   7.2336E+15   5.7144E-02   1.6331E-04   5.3975E-02   0.0000E+00   0.0000E+00
     0     0   6.9861E+15   6.3891E-02   1.6727E-04   7.1610E-02   0.0000E+00   0.0000E+00
     0     0   8.9299E+15   7.5677E-02   1.8723E-04   7.5483E-02   0.0000E+00   0.0000E+00
     0     0   8.1181E+15   7.3626E-02   1.6365E-04   5.8598E-02   0.0000E+00   0.0000E+00
     0     0   7.6567E+15   6.4007E-02   1.7116E-04   6.6027E-02   0.0000E+00   0.0000E+00
     0     0   8.3184E+15   6.4880E-02   1.7818E-04   6.3716E-02   0.0000E+00   0.0000E+00
     0     0   7.2488E+15   6.7265E-02   1.5989E-04   6.1921E-02   0.0000E+00   0.0000E+00
     0     0   6.5778E+15   5.3854E-02   1.6225E-04   6.2871E-02   0.0000E+00   0.0000E+00
     0     0   7.6765E+15   5.9716E-02   1.7181E-04   5.5747E-02   0.0000E+00   0.0000E+00
     0     0   6.9126E+15   5.6803E-02   1.7236E-04   6.0545E-02   0.0000E+00   0.0000E+00
     0     0   6.3407E+15   6.3895E-02   1.5378E-04   6.5974E-02   0.0000E+00   0.0000E+00
     0     0   6.9510E+15   6.5766E-02   1.6108E-04   6.2687E-02   0.0000E+00   0.0000E+00
     0     0   8.3794E+15   5.2614E-02   1.7599E-04   7.3139E-02   0.0000E+00   0.0000E+00
     0     0   6.5024E+15   6.4056E-02   1.7342E-04   7.1450E-02   0.0000E+00   0.0000E+00
     0     0   7.3434E+15   6.3604E-02   1.8097E-04   9.2787E-02   0.0000E+00   0.0000E+00
     0     0   6.0457E+15   5.4034E-02   1.5533E-04   6.0283E-02   0.0000E+00   0.0000E+00
     0     0   7.5597E+15   6.5357E-02   1.6435E-04   6.3755E-02   0.0000E+00   0.0000E+00
     0     0   6.4561E+15   6.1807E-02   1.7286E-04   7.8960E-02   0.0000E+00   0.0000E+00
     0     0   7.1767E+15   6.4741E-02   1.8558E-04   7.5933E-02   0.0000E+00   0.0000E+00
     0     0   6.2689E+15   6.2210E-02   1.4728E-04   6.3426E-02   0.0000E+00   0.0000E+00
     0     0   7.6181E+15   6.0785E-02   2.0127E-04   1.0620E-01   0.0000E+00   0.0000E+00
     0     0   6.7847E+15   4.5224E-02   1.7072E-04   4.7941E-02   0.0000E+00   0.0000E+00
     0     0   6.5774E+15   6.5051E-02   1.7014E-04   7.8558E-02   0.0000E+00   0.0000E+00
     0     0   6.4864E+15   5.4738E-02   1.6847E-04   5.8597E-02   0.0000E+00   0.0000E+00
     0     0   6.1290E+15   6.2423E-02   1.6743E-04   6.7802E-02   0.0000E+00   0.0000E+00
     0     0   6.4690E+15   6.0477E-02   1.5024E-04   5.9824E-02   0.0000E+00   0.0000E+00
     0     0   7.2049E+15   6.2557E-02   1.8147E-04   8.8957E-02   0.0000E+00   0.0000E+00
     0     0   7.3078E+15   5.6499E-02   1.7039E-04   6.6836E-02   0.0000E+00   0.0000E+00
     0     0   6.2756E+15   5.1517E-02   1.7365E-04   5.7268E-02   0.0000E+00   0.0000E+00
     0     0   6.9983E+15   7.6027E-02   1.6718E-04   6.6107E-02   0.0000E+00   0.0000E+00
     0     0   6.9815E+15   6.7205E-02   1.8262E-04   8.8805E-02   0.0000E+00   0.0000E+00
     0     0   7.1931E+15   6.2085E-02   1.7031E-04   6.8384E-02   0.0000E+00   0.0000E+00
     0     0   6.0148E+15   6.6407E-02   1.4444E-04   6.8405E-02   0.0000E+00   0.0000E+00
     0     0   6.5970E+15   5.9623E-02   1.4763E-04   6.6323E-02   0.0000E+00   0.0000E+00
     0     0   6.7764E+15   6.0536E-02   1.7443E-04   6.3978E-02   0.0000E+00   0.0000E+00
     0     0   6.5482E+15   5.4430E-02   1.5637E-04   6.0059E-02   0.0000E+00   0.0000E+00
     0     0   6.5720E+15   6.0654E-02   1.7174E-04   6.3798E-02   0.0000E+00   0.0000E+00
     0     0   6.2849E+15   5.8799E-02   1.6561E-04   6.5569E-02   0.0000E+00   0.0000E+00
     0     0   6.6805E+15   5.6921E-02   1.7989E-04   5.9452E-02   0.0000E+00   0.0000E+00
     0     0   6.1471E+15   6.1073E-02   1.6817E-04   6.6196E-02   0.0000E+00   0.0000E+00
     0     0   7.1806E+15   7.3242E-02   1.5285E-04   6.2527E-02   0.0000E+00   0.0000E+00
     0     0   6.2450E+15   5.7115E-02   1.5086E-04   5.6841E-02   0.0000E+00   0.0000E+00
     0     0   7.5474E+15   6.0455E-02   1.8242E-04   7.7804E-02   0.0000E+00   0.0000E+00
     0     0   6.2237E+15   6.6651E-02   1.6244E-04   7.2927E-02   0.0000E+00   0.0000E+00
     0     0   6.9056E+15   5.5961E-02   1.7183E-04   6.7902E-02   0.0000E+00   0.0000E+00
     0     0   6.8842E+15   6.4897E-02   1.7456E-04   6.4568E-02   0.0000E+00   0.0000E+00
     0     0   7.6583E+15   6.1375E-02   1.7678E-04   7.0406E-02   0.0000E+00   0.0000E+00
     0     0   7.3262E+15   6.0005E-02   1.8898E-04   8.9987E-02   0.0000E+00   0.0000E+00
     0     0   7.7946E+15   5.5475E-02   1.9371E-04   6.2390E-02   0.0000E+00   0.0000E+00
     0     0   7.2090E+15   6.5788E-02   1.7298E-04   6.7179E-02   0.0000E+00   0.0000E+00
     0     0   6.5633E+15   5.9034E-02   1.7119E-04   6.5230E-02   0.0000E+00   0.0000E+00
     0     0   6.1781E+15   5.9492E-02   1.7457E-04   6.5976E-02   0.0000E+00   0.0000E+00
     0     0   6.6419E+15   5.5340E-02   1.6204E-04   5.6423E-02   0.0000E+00   0.0000E+00
     0     0   6.1681E+15   6.3869E-02   1.6256E-04   8.5138E-02   0.0000E+00   0.0000E+00
     0     0   7.0409E+15   6.2661E-02   1.6410E-04   6.1396E-02   0.0000E+00   0.0000E+00
     0     0   6.3495E+15   6.2801E-02   1.6350E-04   6.3420E-02   0.0000E+00   0.0000E+00
     0     0   6.1147E+15   6.1294E-02   1.7542E-04   6.4635E-02   0.0000E+00   0.0000E+00
     0     0   6.3753E+15   5.6262E-02   1.6554E-04   5.7173E-02   0.0000E+00   0.0000E+00
     0     0   6.2740E+15   5.1568E-02   1.5129E-04   4.3589E-02   0.0000E+00   0.0000E+00
     0     0   6.1296E+15   7.0752E-02   1.6388E-04   7.2190E-02   0.0000E+00   0.0000E+00
     0     0   7.5261E+15   6.2329E-02   1.9753E-04   8.5403E-02   0.0000E+00   0.0000E+00
     0     0   6.7736E+15   3.9387E-02   1.5980E-04   4.1956E-02   0.0000E+00   0.0000E+00
     0     0   7.0894E+15   6.0405E-02   1.6873E-04   5.6756E-02   0.0000E+00   0.0000E+00
     0     0   6.9970E+15   6.9924E-02   1.7221E-04   5.6246E-02   0.0000E+00   0.0000E+00
     0     0   7.0726E+15   6.4416E-02   1.7625E-04   7.7430E-02   0.0000E+00   0.0000E+00
     0     0   6.0097E+15   5.9999E-02   1.5800E-04   6.2432E-02   0.0000E+00   0.0000E+00
     0     0   6.2605E+15   5.0636E-02   1.4776E-04   4.9744E-02   0.0000E+00   0.0000E+00
     0     0   6.3247E+15   5.8634E-02   1.5938E-04   6.4870E-02   0.0000E+00   0.0000E+00
     0     0   6.5885E+15   5.6223E-02   1.8111E-04   7.6095E-02   0.0000E+00   0.0000E+00
     0     0   7.2834E+15   5.0253E-02   1.8140E-04   5.5120E-02   0.0000E+00   0.0000E+00
     0     0   6.2957E+15   5.9215E-02   1.6092E-04   6.5776E-02   0.0000E+00   0.0000E+00
     0     0   7.1029E+15   1.0704E-01   1.6280E-04   6.4024E-02   0.0000E+00   0.0000E+00
     0     0   7.3068E+15   5.8795E-02   1.7925E-04   6.2737E-02   0.0000E+00   0.0000E+00
     0     0   6.8040E+15   6.3025E-02   1.7299E-04   6.6416E-02   0.0000E+00   0.0000E+00
     0     0   7.5617E+15   5.3981E-02   1.6468E-04   5.6117E-02   0.0000E+00   0.0000E+00
     0     0   7.2955E+15   5.3337E-02   1.6713E-04   5.2997E-02   0.0000E+00   0.0000E+00
     0     0   5.7747E+15   6.0470E-02   1.4841E-04   7.2577E-02   0.0000E+00   0.0000E+00
     0     0   6.3511E+15   5.9837E-02   1.5586E-04   6.3121E-02   0.0000E+00   0.0000E+00
     0     0   5.9137E+15   6.1692E-02   1.5308E-04   6.0577E-02   0.0000E+00   0.0000E+00
     0     0   6.4838E+15   5.9036E-02   1.7149E-04   6.1229E-02   0.0000E+00   0.0000E+00
     0     0   7.4503E+15   5.5774E-02   1.8847E-04   6.8206E-02   0.0000E+00   0.0000E+00
     0     0   7.4462E+15   5.7713E-02   1.8079E-04   5.6844E-02   0.0000E+00   0.0000E+00
     0     0   8.1336E+15   5.3217E-02   1.7847E-04   6.2186E-02   0.0000E+00   0.0000E+00
     0     0   8.4037E+15   1.1767E-01   1.6029E-04   5.1840E-02   0.0000E+00   0.0000E+00
     0     0   8.6888E+15   7.1498E-02   1.9121E-04   1.4336E-01   0.0000E+00   0.0000E+00
     0     0   7.7501E+15   6.5770E-02   1.8811E-04   6.6293E-02   0.0000E+00   0.0000E+00
     0     0   7.3053E+15   5.1900E-02   1.6589E-04   5.7315E-02   0.0000E+00   0.0000E+00
     0     0   9.0471E+15   5.7932E-02   1.6631E-04   5.5910E-02   0.0000E+00   0.0000E+00
     0     0   8.3951E+15   5.6751E-02   1.6241E-04   6.2179E-02   0.0000E+00   0.0000E+00
     0     0   8.9048E+15   5.9177E-02   1.4624E-04   5.9942E-02   0.0000E+00   0.0000E+00
     0     0   7.5850E+15   6.8417E-02   1.4498E-04   6.3346E-02   0.0000E+00   0.0000E+00
     0     0   8.4822E+15   5.2603E-02   1.5808E-04   5.3305E-02   0.0000E+00   0.0000E+00
     0     0   7.9503E+15   5.8486E-02   1.7200E-04   6.5969E-02   0.0000E+00   0.0000E+00
     0     0   7.7421E+15   6.0053E-02   1.6042E-04   5.8654E-02   0.0000E+00   0.0000E+00
     0     0   7.9091E+15   6.5330E-02   1.4649E-04   6.1009E-02   0.0000E+00   0.0000E+00
     0     0   7.7316E+15   5.5238E-02   1.5546E-04   5.5384E-02   0.0000E+00   0.0000E+00
     0     0   7.9939E+15   6.5052E-02   1.6259E-04   6.6587E-02   0.0000E+00   0.0000E+00
     0     0   7.4129E+15   6.5252E-02   1.5075E-04   5.9346E-02   0.0000E+00   0.0000E+00
     0     0   7.9196E+15   6.7862E-02   1.5831E-04   4.9713E-02   0.0000E+00   0.0000E+00
     0     0   7.8149E+15   6.0166E-02   1.6147E-04   6.7896E-02   0.0000E+00   0.0000E+00
     0     0   7.5876E+15   7.3715E-02   1.5314E-04   6.1337E-02   0.0000E+00   0.0000E+00
     0     0   7.5025E+15   5.4069E-02   1.5890E-04   5.1830E-02   0.0000E+00   0.0000E+00
     0     0   9.1512E+15   5.5740E-02   1.9961E-04   5.9559E-02   0.0000E+00   0.0000E+00
     0     0   9.6972E+15   5.2262E-02   1.9535E-04   6.3162E-02   0.0000E+00   0.0000E+00
     0     0   9.0483E+15   4.4046E-02   1.9584E-04   3.7422E-02   0.0000E+00   0.0000E+00
     0     0   8.9714E+15   5.3920E-02   2.1341E-04   6.3953E-02   0.0000E+00   0.0000E+00
     0     0   8.5418E+15   4.6735E-02   1.9683E-04   5.1575E-02   0.0000E+00   0.0000E+00
     0     0   1.1660E+16   1.9768E-01   1.9611E-04   4.1235E-02   0.0000E+00   0.0000E+00
     0     0   1.4245E+16   6.2010E-02   2.3555E-04   5.2496E-02   0.0000E+00   0.0000E+00
     0     0   1.2607E+16   5.8854E-02   2.4175E-04   6.0672E-02   0.0000E+00   0.0000E+00
     0     0   1.3288E+16   6.4194E-02   2.5959E-04   6.1377E-02   0.0000E+00   0.0000E+00
     0     0   1.1889E+16   5.3414E-02   2.3112E-04   5.0221E-02   0.0000E+00   0.0000E+00
     0     0   1.4642E+16   9.9812E-02   2.5673E-04   5.2590E-02   0.0000E+00   0.0000E+00
     0     0   1.3979E+16   1.1160E-01   2.3820E-04   5.2558E-02   0.0000E+00   0.0000E+00
     0     0   1.3276E+16   7.7115E-02   2.3763E-04   5.0969E-02   0.0000E+00   0.0000E+00
     0     0   1.1513E+16   6.4449E-02   2.3053E-04   5.9848E-02   0.0000E+00   0.0000E+00
     0     0   1.0474E+16   5.8649E-02   2.3479E-04   5.7913E-02   0.0000E+00   0.0000E+00
     0     0   1.1212E+16   9.1798E-02   2.1217E-04   5.6268E-02   0.0000E+00   0.0000E+00
     0     0   1.4157E+16   7.3366E-02   2.5638E-04   5.1832E-02   0.0000E+00   0.0000E+00
     0     0   1.5773E+16   5.4976E-02   2.6992E-04   5.5058E-02   0.0000E+00   0.0000E+00
     0     0   1.3489E+16   8.5687E-02   2.6625E-04   5.4440E-02   0.0000E+00   0.0000E+00
     0     0   1.4149E+16   5.1905E-02   2.4504E-04   5.2251E-02   0.0000E+00   0.0000E+00
     0     0   1.1560E+16   5.0768E-02   2.2910E-04   4.7777E-02   0.0000E+00   0.0000E+00
     0     0   1.1080E+16   5.1305E-02   2.2228E-04   4.0271E-02   0.0000E+00   0.0000E+00
     0     0   1.7264E+16   9.8779E-02   2.3787E-04   3.5609E-02   0.0000E+00   0.0000E+00
     0     0   1.7142E+16   7.0059E-02   2.4911E-04   3.3839E-02   0.0000E+00   0.0000E+00
     0     0   1.5828E+16   6.7687E-02   2.6395E-04   4.5394E-02   0.0000E+00   0.0000E+00
     0     0   1.4485E+16   3.8285E-02   2.6774E-04   4.5189E-02   0.0000E+00   0.0000E+00
     0     0   1.7898E+16   1.4994E-01   2.5383E-04   4.5961E-02   0.0000E+00   0.0000E+00
     0     0   1.6387E+16   1.0558E-01   2.5035E-04   4.9094E-02   0.0000E+00   0.0000E+00
     0     0   1.6843E+16   5.4070E-02   2.6621E-04   4.8713E-02   0.0000E+00   0.0000E+00
     0     0   1.5284E+16   4.9153E-02   2.7448E-04   5.9367E-02   0.0000E+00   0.0000E+00
     0     0   1.5347E+16   8.5903E-02   2.5553E-04   4.9838E-02   0.0000E+00   0.0000E+00
     0     0   1.5347E+16   5.1153E-02   2.8212E-04   4.7546E-02   0.0000E+00   0.0000E+00
     0     0   1.6089E+16   7.0388E-02   2.6634E-04   4.9149E-02   0.0000E+00   0.0000E+00
     0     0   1.7612E+16   1.6913E-01   2.6834E-04   5.1918E-02   0.0000E+00   0.0000E+00
     0     0   1.5020E+16   6.0788E-02   2.8931E-04   6.4591E-02   0.0000E+00   0.0000E+00
     0     0   1.5371E+16   4.4081E-02   2.6711E-04   4.6919E-02   0.0000E+00   0.0000E+00
     0     0   1.7456E+16   4.7364E-02   2.6970E-04   5.1881E-02   0.0000E+00   0.0000E+00
     0     0   1.6298E+16   4.9125E-02   2.6016E-04   4.9490E-02   0.0000E+00   0.0000E+00
     0     0   1.5512E+16   5.1166E-02   2.6193E-04   5.2635E-02   0.0000E+00   0.0000E+00
     0     0   1.7129E+16   4.6075E-02   2.7142E-04   5.1085E-02   0.0000E+00   0.0000E+00
     0     0   1.3456E+16   6.0444E-02   2.3730E-04   5.2879E-02   0.0000E+00   0.0000E+00
     0     0   1.6961E+16   5.2119E-02   2.7436E-04   5.8250E-02   0.0000E+00   0.0000E+00
     0     0   1.5530E+16   5.9656E-02   2.5798E-04   4.9963E-02   0.0000E+00   0.0000E+00
     0     0   1.4897E+16   4.8587E-02   2.4436E-04   5.1007E-02   0.0000E+00   0.0000E+00
     0     0   1.2212E+16   5.0293E-02   2.2762E-04   5.1512E-02   0.0000E+00   0.0000E+00
     0     0   1.4988E+16   5.7986E-02   2.3808E-04   5.3799E-02   0.0000E+00   0.0000E+00
     0     0   1.4679E+16   6.1334E-02   2.4147E-04   4.9496E-02   0.0000E+00   0.0000E+00
     0     0   1.5064E+16   7.0609E-02   2.5476E-04   4.6504E-02   0.0000E+00   0.0000E+00
     0     0   6.5092E+15   7.5316E-02   1.5741E-04   6.8672E-02   0.0000E+00   0.0000E+00
     0     0   6.2237E+15   6.5653E-02   1.6750E-04   6.6288E-02   0.0000E+00   0.0000E+00
     0     0   6.8435E+15   7.1107E-02   1.5529E-04   6.5744E-02   0.0000E+00   0.0000E+00
     0     0   6.3922E+15   5.5153E-02   1.5969E-04   5.1595E-02   0.0000E+00   0.0000E+00
     0     0   6.5371E+15   7.6850E-02   1.6263E-04   7.7153E-02   0.0000E+00   0.0000E+00
     0     0   7.0089E+15   6.8330E-02   1.5894E-04   6.7941E-02   0.0000E+00   0.0000E+00
     0     0   7.2653E+15   5.4222E-02   1.8167E-04   6.2024E-02   0.0000E+00   0.0000E+00
     0     0   6.9221E+15   7.2703E-02   1.8424E-04   5.8308E-02   0.0000E+00   0.0000E+00
     0     0   8.2863E+15   6.6342E-02   1.5781E-04   6.0622E-02   0.0000E+00   0.0000E+00
     0     0   7.5724E+15   6.2916E-02   1.7510E-04   6.5259E-02   0.0000E+00   0.0000E+00
     0     0   7.8609E+15   5.6119E-02   1.6426E-04   6.1581E-02   0.0000E+00   0.0000E+00
     0     0   7.9830E+15   5.4916E-02   1.5450E-04   6.5406E-02   0.0000E+00   0.0000E+00
     0     0   8.0202E+15   6.3810E-02   1.5150E-04   5.9797E-02   0.0000E+00   0.0000E+00
     0     0   7.6361E+15   5.9507E-02   1.6752E-04   6.6034E-02   0.0000E+00   0.0000E+00
     0     0   8.0249E+15   5.4801E-02   1.6676E-04   5.6090E-02   0.0000E+00   0.0000E+00
     0     0   7.7903E+15   5.1637E-02   1.7174E-04   8.8879E-02   0.0000E+00   0.0000E+00
     0     0   8.6580E+15   6.1693E-02   1.8379E-04   5.6522E-02   0.0000E+00   0.0000E+00
     0     0   7.3392E+15   5.4101E-02   1.6955E-04   5.6446E-02   0.0000E+00   0.0000E+00
     0     0   1.2649E+16   1.2354E-01   1.8037E-04   5.4470E-02   0.0000E+00   0.0000E+00
     0     0   9.1183E+15   1.0151E-01   1.7779E-04   6.3731E-02   0.0000E+00   0.0000E+00
     0     0   7.8081E+15   5.7394E-02   1.7869E-04   6.5237E-02   0.0000E+00   0.0000E+00
     0     0   8.1103E+15   5.5424E-02   1.9975E-04   6.2536E-02   0.0000E+00   0.0000E+00
     0     0   8.5396E+15   4.9177E-02   1.8767E-04   5.8425E-02   0.0000E+00   0.0000E+00
     0     0   8.5047E+15   5.3235E-02   1.8563E-04   1.1512E-01   0.0000E+00   0.0000E+00
     0     0   7.3474E+15   5.5722E-02   1.8042E-04   6.6964E-02   0.0000E+00   0.0000E+00
     0     0   7.5109E+15   7.5306E-02   1.7995E-04   7.0880E-02   0.0000E+00   0.0000E+00
     0     0   6.3320E+15   6.5246E-02   1.5322E-04   6.5821E-02   0.0000E+00   0.0000E+00
     0     0   6.3293E+15   6.6695E-02   1.5637E-04   6.4965E-02   0.0000E+00   0.0000E+00
     0     0   6.2006E+15   6.1953E-02   1.4682E-04   5.3568E-02   0.0000E+00   0.0000E+00
     0     0   6.7526E+15   6.4058E-02   1.6782E-04   6.5890E-02   0.0000E+00   0.0000E+00
     0     0   6.2053E+15   6.3679E-02   1.5442E-04   6.7278E-02   0.0000E+00   0.0000E+00
     0     0   5.8657E+15   7.1092E-02   1.4514E-04   6.2214E-02   0.0000E+00   0.0000E+00
     0     0   5.7370E+15   6.5300E-02   1.4206E-04   6.5519E-02   0.0000E+00   0.0000E+00
     0     0   6.5450E+15   7.1022E-02   1.6814E-04   6.3724E-02   0.0000E+00   0.0000E+00
     0     0   6.5780E+15   6.3824E-02   1.6577E-04   7.1890E-02   0.0000E+00   0.0000E+00
     0     0   6.2044E+15   5.9719E-02   1.4792E-04   6.2249E-02   0.0000E+00   0.0000E+00
     0     0   9.1309E+15   6.4229E-02   1.5752E-04   6.8926E-02   0.0000E+00   0.0000E+00
     0     0   8.8654E+15   6.4844E-02   1.5743E-04   6.7077E-02   0.0000E+00   0.0000E+00
     0     0   9.4644E+15   5.8442E-02   1.7767E-04   5.9913E-02   0.0000E+00   0.0000E+00
     0     0   6.9456E+15   5.6277E-02   1.7335E-04   1.1197E-01   0.0000E+00   0.0000E+00
     0     0   8.5362E+15   5.4278E-02   1.5982E-04   5.7889E-02   0.0000E+00   0.0000E+00
     0     0   7.9328E+15   5.2664E-02   1.7777E-04   6.0332E-02   0.0000E+00   0.0000E+00
     0     0   8.0476E+15   6.1421E-02   1.8651E-04   6.3678E-02   0.0000E+00   0.0000E+00
     0     0   8.7408E+15   5.3679E-02   2.1500E-04   5.6747E-02   0.0000E+00   0.0000E+00
     0     0   1.5868E+16   4.3187E-02   3.1419E-04   5.4533E-02   0.0000E+00   0.0000E+00
     0     0   1.6470E+16   4.5671E-02   2.8178E-04   4.3655E-02   0.0000E+00   0.0000E+00
     0     0   1.7311E+16   6.0669E-02   2.7189E-04   4.6243E-02   0.0000E+00   0.0000E+00
     0     0   1.4095E+16   4.2148E-02   2.9416E-04   5.7592E-02   0.0000E+00   0.0000E+00
     0     0   1.7426E+16   1.1132E-01   2.7524E-04   5.0280E-02   0.0000E+00   0.0000E+00
     0     0   1.5758E+16   4.4120E-02   2.7272E-04   4.8918E-02   0.0000E+00   0.0000E+00
     0     0   1.6757E+16   5.1226E-02   2.7142E-04   5.3523E-02   0.0000E+00   0.0000E+00
     0     0   1.7070E+16   4.7643E-02   2.8929E-04   6.0462E-02   0.0000E+00   0.0000E+00
     0     0   1.6129E+16   5.0373E-02   2.6076E-04   4.6952E-02   0.0000E+00   0.0000E+00
     0     0   1.6512E+16   4.5704E-02   2.8619E-04   4.9836E-02   0.0000E+00   0.0000E+00
     0     0   1.5929E+16   5.2594E-02   2.6999E-04   4.9224E-02   0.0000E+00   0.0000E+00
     0     0   1.6303E+16   8.0706E-02   2.4960E-04   4.7510E-02   0.0000E+00   0.0000E+00
     0     0   1.6851E+16   4.8042E-02   2.6457E-04   4.9475E-02   0.0000E+00   0.0000E+00
     0     0   1.7323E+16   5.5711E-02   2.9460E-04   5.9051E-02   0.0000E+00   0.0000E+00
     0     0   1.6250E+16   4.4108E-02   2.9981E-04   5.1792E-02   0.0000E+00   0.0000E+00
     0     0   1.5373E+16   4.4229E-02   2.8922E-04   4.9238E-02   0.0000E+00   0.0000E+00
     0     0   1.5508E+16   4.5050E-02   2.6354E-04   4.7802E-02   0.0000E+00   0.0000E+00
     0     0   1.8912E+16   1.1833E-01   2.6974E-04   5.0264E-02   0.0000E+00   0.0000E+00
     0     0   1.4875E+16   7.4213E-02   2.6460E-04   5.0322E-02   0.0000E+00   0.0000E+00
     0     0   2.0017E+16   4.1122E-02   2.9022E-04   4.5203E-02   0.0000E+00   0.0000E+00
     0     0   1.5320E+16   4.3547E-02   2.9913E-04   4.7407E-02   0.0000E+00   0.0000E+00
     0     0   1.6326E+16   4.4287E-02   2.6946E-04   5.7896E-02   0.0000E+00   0.0000E+00
     0     0   1.6021E+16   3.8358E-02   2.7130E-04   4.4479E-02   0.0000E+00   0.0000E+00
     0     0   1.7142E+16   4.2231E-02   2.6738E-04   5.2486E-02   0.0000E+00   0.0000E+00
     0     0   1.5640E+16   4.6209E-02   3.1539E-04   5.4019E-02   0.0000E+00   0.0000E+00
     0     0   1.7512E+16   5.2091E-02   2.7158E-04   5.0306E-02   0.0000E+00   0.0000E+00
     0     0   1.7162E+16   4.5301E-02   2.5537E-04   4.8903E-02   0.0000E+00   0.0000E+00
     0     0   1.7120E+16   4.7567E-02   2.6291E-04   5.0026E-02   0.0000E+00   0.0000E+00
     0     0   1.5772E+16   4.9427E-02   2.5177E-04   4.6492E-02   0.0000E+00   0.0000E+00
     0     0   1.5777E+16   4.5825E-02   2.6545E-04   5.2035E-02   0.0000E+00   0.0000E+00
     0     0   1.7488E+16   9.1815E-02   2.4170E-04   4.8387E-02   0.0000E+00   0.0000E+00
     0     0   1.5845E+16   6.8204E-02   2.7462E-04   4.6417E-02   0.0000E+00   0.0000E+00
     0     0   1.4642E+16   3.8860E-02   2.6977E-04   4.4586E-02   0.0000E+00   0.0000E+00
     0     0   1.4478E+16   4.6845E-02   2.7829E-04   4.7784E-02   0.0000E+00   0.0000E+00
     0     0   6.5290E+15   6.1248E-02   1.5445E-04   6.7970E-02   0.0000E+00   0.0000E+00
     0     0   6.8303E+15   7.1197E-02   1.4999E-04   6.3232E-02   0.0000E+00   0.0000E+00
     0     0   6.3389E+15   5.3510E-02   1.5029E-04   5.5105E-02   0.0000E+00   0.0000E+00
     0     0   6.0866E+15   8.2369E-02   1.4063E-04   6.4040E-02   0.0000E+00   0.0000E+00
     0     0   6.3803E+15   7.7911E-02   1.4718E-04   6.0327E-02   0.0000E+00   0.0000E+00
     0     0   6.9604E+15   5.4281E-02   1.7001E-04   5.6129E-02   0.0000E+00   0.0000E+00
     0     0   6.3142E+15   6.3325E-02   1.6158E-04   6.6859E-02   0.0000E+00   0.0000E+00
     0     0   5.9151E+15   4.6659E-02   1.6000E-04   4.9339E-02   0.0000E+00   0.0000E+00
     0     0   6.0854E+15   6.5553E-02   1.5367E-04   6.4443E-02   0.0000E+00   0.0000E+00
     0     0   5.6550E+15   6.3846E-02   1.5180E-04   6.4838E-02   0.0000E+00   0.0000E+00
     0     0   6.1983E+15   7.9205E-02   1.6811E-04   7.4836E-02   0.0000E+00   0.0000E+00
     0     0   7.1891E+15   6.1342E-02   1.7402E-04   7.6129E-02   0.0000E+00   0.0000E+00
     0     0   6.4885E+15   7.8645E-02   1.6284E-04   6.9060E-02   0.0000E+00   0.0000E+00
     0     0   6.6516E+15   7.0265E-02   1.6843E-04   7.3464E-02   0.0000E+00   0.0000E+00
     0     0   7.9820E+15   8.2168E-02   1.7930E-04   6.3593E-02   0.0000E+00   0.0000E+00
     0     0   7.5933E+15   7.3814E-02   1.7132E-04   6.5302E-02   0.0000E+00   0.0000E+00
     0     0   7.1345E+15   6.0210E-02   1.8085E-04   6.7357E-02   0.0000E+00   0.0000E+00
     0     0   8.2070E+15   6.5932E-02   2.0308E-04   7.5481E-02   0.0000E+00   0.0000E+00
     0     0   8.2319E+15   6.2972E-02   1.8535E-04   7.3166E-02   0.0000E+00   0.0000E+00
     0     0   7.5466E+15   5.7309E-02   1.6659E-04   6.6119E-02   0.0000E+00   0.0000E+00
     0     0   7.4192E+15   5.8324E-02   1.5546E-04   5.5292E-02   0.0000E+00   0.0000E+00
     0     0   7.9427E+15   6.3043E-02   1.7946E-04   1.0200E-01   0.0000E+00   0.0000E+00
     0     0   8.2545E+15   6.9434E-02   1.6090E-04   6.3201E-02   0.0000E+00   0.0000E+00
     0     0   8.1995E+15   6.2947E-02   1.7058E-04   6.4503E-02   0.0000E+00   0.0000E+00
     0     0   7.3387E+15   6.8226E-02   1.6951E-04   6.6145E-02   0.0000E+00   0.0000E+00
     0     0   7.7226E+15   5.9671E-02   1.7433E-04   5.8425E-02   0.0000E+00   0.0000E+00
     0     0   7.4924E+15   6.0447E-02   1.8666E-04   7.4353E-02   0.0000E+00   0.0000E+00
     0     0   8.5591E+15   5.1919E-02   1.8741E-04   7.4867E-02   0.0000E+00   0.0000E+00
     0     0   7.8504E+15   5.0003E-02   1.6948E-04   6.0745E-02   0.0000E+00   0.0000E+00
     0     0   7.6708E+15   5.3239E-02   1.7702E-04   6.2496E-02   0.0000E+00   0.0000E+00
     0     0   7.4570E+15   5.8538E-02   1.7577E-04   6.2055E-02   0.0000E+00   0.0000E+00
     0     0   7.7261E+15   5.6836E-02   1.7556E-04   5.6343E-02   0.0000E+00   0.0000E+00
     0     0   8.7744E+15   5.6034E-02   2.0128E-04   7.4409E-02   0.0000E+00   0.0000E+00
     0     0   7.7379E+15   5.3338E-02   1.7232E-04   5.8050E-02   0.0000E+00   0.0000E+00
     0     0   7.2455E+15   5.8793E-02   1.7770E-04   7.6075E-02   0.0000E+00   0.0000E+00
     0     0   7.9105E+15   6.8763E-02   1.8379E-04   5.4229E-02   0.0000E+00   0.0000E+00
     0     0   7.9019E+15   6.8505E-02   1.8397E-04   7.8341E-02   0.0000E+00   0.0000E+00
     0     0   7.0435E+15   5.2047E-02   1.8322E-04   5.3887E-02   0.0000E+00   0.0000E+00
     0     0   7.7362E+15   6.1034E-02   1.7094E-04   6.8353E-02   0.0000E+00   0.0000E+00
     0     0   6.9618E+15   6.2657E-02   1.4674E-04   6.1055E-02   0.0000E+00   0.0000E+00
     0     0   6.6620E+15   6.0582E-02   1.5957E-04   6.4195E-02   0.0000E+00   0.0000E+00
     0     0   7.1487E+15   6.4968E-02   1.6353E-04   7.3733E-02   0.0000E+00   0.0000E+00
     0     0   7.8483E+15   6.3867E-02   1.9427E-04   8.8450E-02   0.0000E+00   0.0000E+00
     0     0   8.9421E+15   9.7543E-02   1.9974E-04   6.3497E-02   0.0000E+00   0.0000E+00
     0     0   7.9157E+15   5.7263E-02   1.8557E-04   6.3674E-02   0.0000E+00   0.0000E+00
     0     0   8.6294E+15   4.9244E-02   1.9133E-04   5.6775E-02   0.0000E+00   0.0000E+00
     0     0   9.5594E+15   6.6807E-02   1.8012E-04   5.9535E-02   0.0000E+00   0.0000E+00
     0     0   1.0327E+16   5.8469E-02   1.9923E-04   7.1618E-02   0.0000E+00   0.0000E+00
     0     0   8.7986E+15   5.0640E-02   1.6743E-04   6.0401E-02   0.0000E+00   0.0000E+00
     0     0   8.5613E+15   6.3717E-02   1.4644E-04   8.0543E-02   0.0000E+00   0.0000E+00
     0     0   8.3931E+15   4.8092E-02   1.9437E-04   6.0107E-02   0.0000E+00   0.0000E+00
     0     0   8.0651E+15   5.4436E-02   1.7131E-04   1.3095E-01   0.0000E+00   0.0000E+00
     0     0   8.9642E+15   7.8929E-02   1.9069E-04   5.4294E-02   0.0000E+00   0.0000E+00
     0     0   7.3032E+15   6.0055E-02   1.7130E-04   6.6827E-02   0.0000E+00   0.0000E+00
     0     0   1.5396E+16   5.1460E-02   2.8759E-04   4.3968E-02   0.0000E+00   0.0000E+00
     0     0   1.6703E+16   1.0886E-01   2.6380E-04   4.5680E-02   0.0000E+00   0.0000E+00
     0     0   1.6961E+16   7.2738E-02   2.5130E-04   4.1660E-02   0.0000E+00   0.0000E+00
     0     0   2.4539E+16   2.0685E-01   2.4371E-04   3.5995E-02   0.0000E+00   0.0000E+00
     0     0   1.4732E+16   6.0368E-02   2.6312E-04   4.8695E-02   0.0000E+00   0.0000E+00
     0     0   1.4864E+16   5.3368E-02   2.3876E-04   5.1260E-02   0.0000E+00   0.0000E+00
     0     0   1.5476E+16   4.6134E-02   2.3885E-04   4.8425E-02   0.0000E+00   0.0000E+00
     0     0   1.5133E+16   7.1915E-02   2.5681E-04   5.1358E-02   0.0000E+00   0.0000E+00
     0     0   1.7232E+16   1.1138E-01   2.9182E-04   4.5825E-02   0.0000E+00   0.0000E+00
     0     0   1.6184E+16   4.1193E-02   3.1658E-04   4.7862E-02   0.0000E+00   0.0000E+00
     0     0   1.5350E+16   4.4972E-02   2.8006E-04   4.6721E-02   0.0000E+00   0.0000E+00
     0     0   1.5717E+16   4.1552E-02   3.0128E-04   4.8006E-02   0.0000E+00   0.0000E+00
     0     0   1.6208E+16   4.4416E-02   2.9034E-04   4.5353E-02   0.0000E+00   0.0000E+00
     0     0   1.5844E+16   4.5634E-02   2.9777E-04   4.4455E-02   0.0000E+00   0.0000E+00
     0     0   1.3686E+16   4.3314E-02   2.5598E-04   4.3757E-02   0.0000E+00   0.0000E+00
     0     0   1.4864E+16   4.6533E-02   2.7688E-04   4.8978E-02   0.0000E+00   0.0000E+00
     0     0   1.3948E+16   4.5079E-02   2.6544E-04   5.1360E-02   0.0000E+00   0.0000E+00
     0     0   1.6088E+16   5.6069E-02   3.1071E-04   6.7410E-02   0.0000E+00   0.0000E+00
     0     0   1.5572E+16   4.5248E-02   2.8175E-04   5.1661E-02   0.0000E+00   0.0000E+00
     0     0   1.5298E+16   4.1861E-02   3.0626E-04   5.4315E-02   0.0000E+00   0.0000E+00
     0     0   1.5457E+16   2.9775E-02   2.9658E-04   3.8303E-02   0.0000E+00   0.0000E+00
     0     0   1.5133E+16   3.8032E-02   2.9728E-04   3.7944E-02   0.0000E+00   0.0000E+00
     0     0   1.4160E+16   4.8094E-02   2.7849E-04   5.3128E-02   0.0000E+00   0.0000E+00
     0     0   1.4957E+16   8.4316E-02   2.7871E-04   5.0786E-02   0.0000E+00   0.0000E+00
     0     0   1.6790E+16   4.0502E-02   2.6967E-04   2.2485E-02   0.0000E+00   0.0000E+00
     0     0   1.4600E+16   2.5997E-02   2.8494E-04   2.3968E-02   0.0000E+00   0.0000E+00
     0     0   1.5289E+16   4.5976E-02   2.9805E-04   5.4719E-02   0.0000E+00   0.0000E+00
     0     0   1.7235E+16   5.6103E-02   3.0918E-04   4.7774E-02   0.0000E+00   0.0000E+00
     0     0   1.6626E+16   5.1851E-02   3.0306E-04   4.8850E-02   0.0000E+00   0.0000E+00
     0     0   1.5482E+16   2.3357E-02   2.9059E-04   2.3448E-02   0.0000E+00   0.0000E+00
     0     0   1.4862E+16   3.6487E-02   3.1020E-04   4.8176E-02   0.0000E+00   0.0000E+00
     0     0   1.6032E+16   5.1403E-02   2.7938E-04   4.8336E-02   0.0000E+00   0.0000E+00
     0     0   1.6145E+16   5.9872E-02   3.1554E-04   5.1945E-02   0.0000E+00   0.0000E+00
     0     0   1.4609E+16   3.9933E-02   2.9550E-04   4.8646E-02   0.0000E+00   0.0000E+00
     0     0   1.5337E+16   4.0827E-02   2.9261E-04   4.6350E-02   0.0000E+00   0.0000E+00
     0     0   1.6684E+16   4.4818E-02   3.0335E-04   4.3192E-02   0.0000E+00   0.0000E+00
     0     0   1.5253E+16   4.2352E-02   3.0208E-04   5.7864E-02   0.0000E+00   0.0000E+00
     0     0   1.7111E+16   4.4338E-02   2.9613E-04   5.9505E-02   0.0000E+00   0.0000E+00
     0     0   1.6774E+16   4.4442E-02   2.7449E-04   4.4958E-02   0.0000E+00   0.0000E+00
     0     0   1.6927E+16   3.0122E-02   2.9912E-04   3.7654E-02   0.0000E+00   0.0000E+00
     0     0   6.6816E+15   6.4709E-02   1.5164E-04   6.2055E-02   0.0000E+00   0.0000E+00
     0     0   6.6528E+15   5.8919E-02   1.6567E-04   7.1666E-02   0.0000E+00   0.0000E+00
     0     0   8.0082E+15   5.2722E-02   1.8307E-04   6.5826E-02   0.0000E+00   0.0000E+00
     0     0   8.1589E+15   5.5594E-02   1.6986E-04   6.0041E-02   0.0000E+00   0.0000E+00
     0     0   7.9902E+15   6.2305E-02   1.6486E-04   6.1710E-02   0.0000E+00   0.0000E+00
     0     0   7.1828E+15   5.9525E-02   1.6247E-04   6.7135E-02   0.0000E+00   0.0000E+00
     0     0   7.9103E+15   6.1320E-02   1.6417E-04   5.4497E-02   0.0000E+00   0.0000E+00
     0     0   7.5587E+15   6.2586E-02   1.4670E-04   5.4852E-02   0.0000E+00   0.0000E+00
     0     0   8.1036E+15   6.5735E-02   1.6152E-04   5.8701E-02   0.0000E+00   0.0000E+00
     0     0   7.5726E+15   5.8582E-02   1.8445E-04   7.5338E-02   0.0000E+00   0.0000E+00
     0     0   8.2446E+15   5.2942E-02   1.6311E-04   5.1606E-02   0.0000E+00   0.0000E+00
     0     0   7.2518E+15   5.1554E-02   1.8021E-04   6.5423E-02   0.0000E+00   0.0000E+00
     0     0   7.1949E+15   5.3672E-02   1.8557E-04   6.5562E-02   0.0000E+00   0.0000E+00
     0     0   7.1931E+15   6.2963E-02   1.8407E-04   6.0213E-02   0.0000E+00   0.0000E+00
     0     0   7.4726E+15   5.9779E-02   1.5993E-04   5.7620E-02   0.0000E+00   0.0000E+00
     0     0   7.9630E+15   6.4908E-02   1.4014E-04   5.6442E-02   0.0000E+00   0.0000E+00
     0     0   7.8764E+15   5.1828E-02   1.6149E-04   5.2912E-02   0.0000E+00   0.0000E+00
     0     0   7.9197E+15   7.0178E-02   1.6325E-04   9.0893E-02   0.0000E+00   0.0000E+00
     0     0   8.4744E+15   6.2785E-02   1.6967E-04   5.8608E-02   0.0000E+00   0.0000E+00
     0     0   8.3309E+15   6.8994E-02   1.5591E-04   6.0486E-02   0.0000E+00   0.0000E+00
     0     0   7.1872E+15   6.2041E-02   1.6949E-04   6.6350E-02   0.0000E+00   0.0000E+00
     0     0   8.7668E+15   6.5180E-02   1.7882E-04   6.0975E-02   0.0000E+00   0.0000E+00
     0     0   7.8438E+15   5.5554E-02   1.7561E-04   7.5321E-02   0.0000E+00   0.0000E+00
     0     0   7.6985E+15   5.7955E-02   1.7298E-04   5.7643E-02   0.0000E+00   0.0000E+00
     0     0   8.6761E+15   5.8359E-02   1.7610E-04   5.9215E-02   0.0000E+00   0.0000E+00
     0     0   9.1971E+15   5.3102E-02   1.7554E-04   4.9070E-02   0.0000E+00   0.0000E+00
     0     0   9.1253E+15   6.3009E-02   1.8335E-04   6.1490E-02   0.0000E+00   0.0000E+00
     0     0   8.1828E+15   5.5333E-02   1.7829E-04   6.4646E-02   0.0000E+00   0.0000E+00
     0     0   8.3835E+15   5.6756E-02   1.7417E-04   6.0383E-02   0.0000E+00   0.0000E+00
     0     0   7.4339E+15   5.9673E-02   1.6798E-04   6.4061E-02   0.0000E+00   0.0000E+00
     0     0   9.7830E+15   6.6015E-02   2.0119E-04   5.9717E-02   0.0000E+00   0.0000E+00
     0     0   8.5099E+15   7.5033E-02   1.7327E-04   5.5694E-02   0.0000E+00   0.0000E+00
     0     0   7.6745E+15   5.8164E-02   1.6449E-04   6.1325E-02   0.0000E+00   0.0000E+00
     0     0   8.7941E+15   7.4933E-02   1.6616E-04   5.6163E-02   0.0000E+00   0.0000E+00
     0     0   8.7168E+15   6.3668E-02   1.7635E-04   7.2007E-02   0.0000E+00   0.0000E+00
     0     0   7.3202E+15   5.8777E-02   1.6315E-04   5.9829E-02   0.0000E+00   0.0000E+00
     0     0   9.2664E+15   6.0908E-02   1.9030E-04   5.8895E-02   0.0000E+00   0.0000E+00
     0     0   8.5887E+15   5.4994E-02   1.8769E-04   5.8326E-02   0.0000E+00   0.0000E+00
     0     0   8.9576E+15   6.4455E-02   1.6904E-04   4.9178E-02   0.0000E+00   0.0000E+00
     0     0   8.6379E+15   5.9715E-02   1.6348E-04   5.9512E-02   0.0000E+00   0.0000E+00
     0     0   1.0777E+16   1.0547E-01   1.8210E-04   7.0540E-02   0.0000E+00   0.0000E+00
     0     0   8.1021E+15   6.9393E-02   1.5784E-04   6.3261E-02   0.0000E+00   0.0000E+00
     0     0   7.8531E+15   5.8408E-02   1.6323E-04   5.8363E-02   0.0000E+00   0.0000E+00
     0     0   8.4144E+15   7.1952E-02   1.7124E-04   5.9812E-02   0.0000E+00   0.0000E+00
     0     0   8.5315E+15   4.8636E-02   1.7623E-04   5.1264E-02   0.0000E+00   0.0000E+00
     0     0   9.0572E+15   6.2841E-02   1.6415E-04   6.1042E-02   0.0000E+00   0.0000E+00
     0     0   7.8943E+15   5.2859E-02   1.6143E-04   6.4036E-02   0.0000E+00   0.0000E+00
     0     0   8.7031E+15   5.8100E-02   1.5318E-04   5.7485E-02   0.0000E+00   0.0000E+00
     0     0   8.5644E+15   6.0027E-02   1.5256E-04   6.1720E-02   0.0000E+00   0.0000E+00
     0     0   8.4677E+15   5.1615E-02   1.4470E-04   6.0142E-02   0.0000E+00   0.0000E+00
     0     0   1.0452E+16   5.9013E-02   1.8602E-04   5.4223E-02   0.0000E+00   0.0000E+00
     0     0   1.0303E+16   6.7835E-02   1.7339E-04   5.7714E-02   0.0000E+00   0.0000E+00
     0     0   8.9686E+15   5.1241E-02   1.5770E-04   5.4843E-02   0.0000E+00   0.0000E+00
     0     0   9.5547E+15   5.5988E-02   1.7480E-04   5.5487E-02   0.0000E+00   0.0000E+00
     0     0   8.8511E+15   5.2849E-02   1.5508E-04   6.1988E-02   0.0000E+00   0.0000E+00
     0     0   8.7869E+15   5.6373E-02   1.6978E-04   6.4912E-02   0.0000E+00   0.0000E+00
     0     0   8.8983E+15   6.3733E-02   1.6579E-04   8.9729E-02   0.0000E+00   0.0000E+00
     0     0   9.0244E+15   5.9612E-02   1.6737E-04   6.4795E-02   0.0000E+00   0.0000E+00
     0     0   1.0176E+16   5.9977E-02   1.7294E-04   5.4632E-02   0.0000E+00   0.0000E+00
     0     0   9.5975E+15   7.8002E-02   1.9782E-04   8.2592E-02   0.0000E+00   0.0000E+00
     0     0   7.8839E+15   6.1105E-02   1.5040E-04   5.7398E-02   0.0000E+00   0.0000E+00
     0     0   8.2285E+15   5.7008E-02   1.6437E-04   5.5256E-02   0.0000E+00   0.0000E+00
     0     0   1.0139E+16   9.0097E-02   1.7464E-04   4.9342E-02   0.0000E+00   0.0000E+00
     0     0   8.9187E+15   5.6136E-02   1.7601E-04   4.9814E-02   0.0000E+00   0.0000E+00
     0     0   8.0073E+15   5.3734E-02   1.7751E-04   5.6559E-02   0.0000E+00   0.0000E+00
     0     0   8.3474E+15   7.6068E-02   1.8703E-04   6.8692E-02   0.0000E+00   0.0000E+00
     0     0   9.7012E+15   6.4357E-02   1.6728E-04   5.6040E-02   0.0000E+00   0.0000E+00
     0     0   9.3919E+15   7.3561E-02   1.6189E-04   5.7897E-02   0.0000E+00   0.0000E+00
     0     0   7.2219E+15   5.2556E-02   1.7393E-04   5.7399E-02   0.0000E+00   0.0000E+00
     0     0   7.4198E+15   5.4203E-02   1.6209E-04   6.0607E-02   0.0000E+00   0.0000E+00
     0     0   8.4345E+15   7.2805E-02   1.9004E-04   6.5557E-02   0.0000E+00   0.0000E+00
     0     0   1.1145E+16   9.8531E-02   1.8254E-04   6.0256E-02   0.0000E+00   0.0000E+00
     0     0   8.8243E+15   9.3644E-02   2.0608E-04   1.3740E-01   0.0000E+00   0.0000E+00
     0     0   9.8875E+15   6.5080E-02   1.7502E-04   5.1194E-02   0.0000E+00   0.0000E+00
     0     0   7.6913E+15   7.5268E-02   1.7307E-04   1.0712E-01   0.0000E+00   0.0000E+00
     0     0   7.9744E+15   5.5275E-02   1.8483E-04   6.8363E-02   0.0000E+00   0.0000E+00
     0     0   8.6491E+15   7.3835E-02   1.7783E-04   1.2646E-01   0.0000E+00   0.0000E+00
     0     0   8.3621E+15   6.1693E-02   1.7521E-04   1.2889E-01   0.0000E+00   0.0000E+00
     0     0   1.4539E+16   4.8329E-02   3.2582E-04   8.2975E-02   0.0000E+00   0.0000E+00
     0     0   1.5038E+16   5.6184E-02   3.0420E-04   4.9542E-02   0.0000E+00   0.0000E+00
     0     0   1.5912E+16   4.7986E-02   3.3104E-04   5.5813E-02   0.0000E+00   0.0000E+00
     0     0   1.6424E+16   4.2453E-02   2.7883E-04   4.4361E-02   0.0000E+00   0.0000E+00
     0     0   1.5052E+16   4.6548E-02   2.7812E-04   4.9432E-02   0.0000E+00   0.0000E+00
     0     0   1.5411E+16   4.7637E-02   2.8825E-04   4.9736E-02   0.0000E+00   0.0000E+00
     0     0   1.5535E+16   4.1278E-02   3.0306E-04   4.5716E-02   0.0000E+00   0.0000E+00
     0     0   1.6222E+16   4.0936E-02   2.7147E-04   4.5109E-02   0.0000E+00   0.0000E+00
     0     0   1.6701E+16   3.9475E-02   3.0452E-04   4.2836E-02   0.0000E+00   0.0000E+00
     0     0   1.6073E+16   3.8441E-02   2.8076E-04   4.9789E-02   0.0000E+00   0.0000E+00
     0     0   1.5836E+16   4.8795E-02   3.0694E-04   5.2349E-02   0.0000E+00   0.0000E+00
     0     0   1.6624E+16   4.8298E-02   2.8833E-04   4.6146E-02   0.0000E+00   0.0000E+00
     0     0   1.6088E+16   5.0613E-02   3.4535E-04   2.0698E-01   0.0000E+00   0.0000E+00
     0     0   1.6107E+16   4.5495E-02   2.6687E-04   5.4763E-02   0.0000E+00   0.0000E+00
     0     0   8.0830E+15   6.5243E-02   1.5752E-04   6.0122E-02   0.0000E+00   0.0000E+00
     0     0   7.4047E+15   5.6979E-02   1.7378E-04   6.1504E-02   0.0000E+00   0.0000E+00
     0     0   1.0851E+16   2.3711E-02   1.9497E-04   2.1681E-02   0.0000E+00   0.0000E+00
     0     0   1.0813E+16   5.4983E-02   1.9434E-04   5.3425E-02   0.0000E+00   0.0000E+00
     0     0   1.1079E+16   8.2953E-02   1.7729E-04   5.7384E-02   0.0000E+00   0.0000E+00
     0     0   1.1047E+16   6.4868E-02   2.2066E-04   7.6790E-02   0.0000E+00   0.0000E+00
     0     0   9.6536E+15   5.3764E-02   1.9272E-04   5.3188E-02   0.0000E+00   0.0000E+00
     0     0   1.1143E+16   8.4456E-02   1.9828E-04   5.7136E-02   0.0000E+00   0.0000E+00
     0     0   9.7360E+15   6.2258E-02   1.8884E-04   6.7962E-02   0.0000E+00   0.0000E+00
     0     0   8.2215E+15   5.1350E-02   1.8386E-04   5.6040E-02   0.0000E+00   0.0000E+00
     0     0   8.5776E+15   5.6836E-02   1.7306E-04   5.2520E-02   0.0000E+00   0.0000E+00
     0     0   8.4414E+15   6.6825E-02   1.7656E-04   6.8922E-02   0.0000E+00   0.0000E+00
     0     0   8.4369E+15   9.2306E-02   2.4928E-04   2.6881E-01   0.0000E+00   0.0000E+00
     0     0   7.9837E+15   7.1644E-02   2.0016E-04   7.5019E-02   0.0000E+00   0.0000E+00
     0     0   9.0365E+15   7.0561E-02   2.0382E-04   5.9209E-02   0.0000E+00   0.0000E+00
     0     0   9.8314E+15   7.3815E-02   2.1373E-04   6.9256E-02   0.0000E+00   0.0000E+00
     0     0   1.0020E+16   7.5126E-02   1.8313E-04   5.6761E-02   0.0000E+00   0.0000E+00
     0     0   9.0397E+15   5.0847E-02   2.0046E-04   6.0631E-02   0.0000E+00   0.0000E+00
     0     0   8.2444E+15   5.5424E-02   1.5879E-04   6.1962E-02   0.0000E+00   0.0000E+00
     0     0   9.4940E+15   5.1573E-02   1.7363E-04   5.1137E-02   0.0000E+00   0.0000E+00
     0     0   8.5168E+15   6.0218E-02   1.8383E-04   6.0095E-02   0.0000E+00   0.0000E+00
     0     0   1.1276E+16   9.0097E-02   1.9284E-04   5.7792E-02   0.0000E+00   0.0000E+00
     0     0   9.7348E+15   4.8119E-02   1.9460E-04   5.1458E-02   0.0000E+00   0.0000E+00
     0     0   1.0591E+16   2.2349E-02   2.0188E-04   2.3544E-02   0.0000E+00   0.0000E+00
     0     0   8.7948E+15   5.3763E-02   2.0569E-04   6.6664E-02   0.0000E+00   0.0000E+00
     0     0   8.9850E+15   7.2854E-02   2.0748E-04   7.1736E-02   0.0000E+00   0.0000E+00
     0     0   9.0609E+15   9.7845E-02   1.5975E-04   5.5151E-02   0.0000E+00   0.0000E+00
     0     0   8.8109E+15   7.5498E-02   1.8413E-04   8.2557E-02   0.0000E+00   0.0000E+00
     0     0   9.4388E+15   5.2884E-02   1.7577E-04   5.0756E-02   0.0000E+00   0.0000E+00
     0     0   1.0246E+16   6.4467E-02   1.8486E-04   6.6927E-02   0.0000E+00   0.0000E+00
     0     0   8.9070E+15   8.2732E-02   1.6271E-04   6.1865E-02   0.0000E+00   0.0000E+00
     0     0   9.6051E+15   6.9362E-02   1.8794E-04   6.2139E-02   0.0000E+00   0.0000E+00
     0     0   8.9469E+15   6.9363E-02   1.7383E-04   6.1405E-02   0.0000E+00   0.0000E+00
     0     0   9.7115E+15   9.8488E-02   1.6983E-04   5.8203E-02   0.0000E+00   0.0000E+00
     0     0   9.8323E+15   5.5734E-02   1.9127E-04   5.8379E-02   0.0000E+00   0.0000E+00
     0     0   1.1828E+16   6.5222E-02   2.3577E-04   8.2558E-02   0.0000E+00   0.0000E+00
     0     0   9.2005E+15   6.3477E-02   1.7898E-04   5.5468E-02   0.0000E+00   0.0000E+00
     0     0   1.0273E+16   5.4591E-02   2.0734E-04   7.1556E-02   0.0000E+00   0.0000E+00
     0     0   1.0300E+16   5.3945E-02   1.9763E-04   8.8998E-02   0.0000E+00   0.0000E+00
     0     0   9.6162E+15   6.5634E-02   2.0876E-04   5.4073E-02   0.0000E+00   0.0000E+00
     0     0   1.0360E+16   5.8943E-02   1.8854E-04   6.1715E-02   0.0000E+00   0.0000E+00
     0     0   9.3633E+15   5.8548E-02   1.9734E-04   6.3594E-02   0.0000E+00   0.0000E+00
     0     0   9.4869E+15   6.3785E-02   1.8324E-04   6.8880E-02   0.0000E+00   0.0000E+00
     0     0   9.4250E+15   5.2824E-02   2.2313E-04   6.1691E-02   0.0000E+00   0.0000E+00
     0     0   1.2783E+16   1.3603E-01   2.0463E-04   5.2076E-02   0.0000E+00   0.0000E+00
     0     0   1.3208E+16   1.8841E-01   1.9287E-04   6.2605E-02   0.0000E+00   0.0000E+00
     0     0   1.2741E+16   2.2695E-01   1.7626E-04   6.3163E-02   0.0000E+00   0.0000E+00
     0     0   1.0289E+16   6.5795E-02   1.8040E-04   5.6825E-02   0.0000E+00   0.0000E+00
     0     0   9.1974E+15   5.1280E-02   1.9892E-04   7.3118E-02   0.0000E+00   0.0000E+00
     0     0   1.1143E+16   1.0038E-01   2.1582E-04   6.1855E-02   0.0000E+00   0.0000E+00
     0     0   9.6914E+15   5.8932E-02   1.7939E-04   5.2860E-02   0.0000E+00   0.0000E+00
     0     0   1.0902E+16   8.2672E-02   1.9424E-04   6.3320E-02   0.0000E+00   0.0000E+00
     0     0   1.2865E+16   1.6346E-01   1.9149E-04   6.7007E-02   0.0000E+00   0.0000E+00
     0     0   1.0212E+16   5.7415E-02   1.8330E-04   5.0505E-02   0.0000E+00   0.0000E+00
     0     0   1.1281E+16   1.1212E-01   1.9313E-04   5.3366E-02   0.0000E+00   0.0000E+00
     0     0   1.2805E+16   9.6663E-02   2.0642E-04   5.9864E-02   0.0000E+00   0.0000E+00
     0     0   1.2289E+16   1.4911E-01   2.2045E-04   7.8161E-02   0.0000E+00   0.0000E+00
     0     0   1.0112E+16   8.0854E-02   2.0024E-04   6.1280E-02   0.0000E+00   0.0000E+00
     0     0   1.2333E+16   1.4424E-01   2.0635E-04   5.9857E-02   0.0000E+00   0.0000E+00
     0     0   1.1585E+16   1.1629E-01   2.0047E-04   6.1818E-02   0.0000E+00   0.0000E+00
     0     0   1.0328E+16   5.2441E-02   2.1297E-04   7.1779E-02   0.0000E+00   0.0000E+00
     0     0   1.1184E+16   6.6957E-02   2.1203E-04   5.1549E-02   0.0000E+00   0.0000E+00
     0     0   2.0643E+16   2.3809E-01   1.8074E-04   4.3900E-02   0.0000E+00   0.0000E+00
     0     0   8.5838E+15   6.0125E-02   1.7249E-04   6.6634E-02   0.0000E+00   0.0000E+00
     0     0   9.8522E+15   5.4964E-02   1.9443E-04   5.7769E-02   0.0000E+00   0.0000E+00
     0     0   1.1732E+16   5.8440E-02   1.8899E-04   6.0319E-02   0.0000E+00   0.0000E+00
     0     0   1.2863E+16   1.2483E-01   1.9217E-04   5.4795E-02   0.0000E+00   0.0000E+00
     0     0   1.0648E+16   1.9933E-01   1.6729E-04   6.0647E-02   0.0000E+00   0.0000E+00
     0     0   1.0066E+16   6.6275E-02   2.0639E-04   7.0435E-02   0.0000E+00   0.0000E+00
     0     0   1.0497E+16   6.0386E-02   1.8625E-04   6.0769E-02   0.0000E+00   0.0000E+00
     0     0   1.0050E+16   5.7654E-02   2.0505E-04   5.9824E-02   0.0000E+00   0.0000E+00
     0     0   1.1895E+16   9.6113E-02   1.9356E-04   7.7871E-02   0.0000E+00   0.0000E+00
     0     0   1.0769E+16   6.4777E-02   2.0221E-04   9.0001E-02   0.0000E+00   0.0000E+00
     0     0   1.0939E+16   5.3943E-02   1.9523E-04   5.8262E-02   0.0000E+00   0.0000E+00
     0     0   1.3327E+16   9.7547E-02   1.8860E-04   5.9035E-02   0.0000E+00   0.0000E+00
     0     0   1.1691E+16   7.0197E-02   1.8670E-04   6.1592E-02   0.0000E+00   0.0000E+00
     0     0   1.0159E+16   5.5459E-02   2.0448E-04   6.2678E-02   0.0000E+00   0.0000E+00
     0     0   1.1336E+16   7.0707E-02   1.9693E-04   5.7555E-02   0.0000E+00   0.0000E+00
     0     0   9.0941E+15   5.6440E-02   1.9140E-04   7.0739E-02   0.0000E+00   0.0000E+00
     0     0   9.5736E+15   4.8269E-02   1.8815E-04   5.4094E-02   0.0000E+00   0.0000E+00
     0     0   1.0416E+16   5.5064E-02   1.8380E-04   5.3225E-02   0.0000E+00   0.0000E+00
     0     0   1.0721E+16   5.7777E-02   1.9557E-04   6.3708E-02   0.0000E+00   0.0000E+00
     0     0   9.6093E+15   5.5313E-02   1.9675E-04   5.8749E-02   0.0000E+00   0.0000E+00
     0     0   1.0412E+16   5.9807E-02   1.9037E-04   5.1238E-02   0.0000E+00   0.0000E+00
     0     0   9.8582E+15   5.8517E-02   1.8012E-04   5.2518E-02   0.0000E+00   0.0000E+00
     0     0   1.0188E+16   4.9409E-02   1.8617E-04   4.9615E-02   0.0000E+00   0.0000E+00
     0     0   1.0695E+16   6.0714E-02   1.9810E-04   6.5938E-02   0.0000E+00   0.0000E+00
     0     0   1.0323E+16   5.5202E-02   2.0036E-04   5.2245E-02   0.0000E+00   0.0000E+00
     0     0   1.0807E+16   7.8744E-02   2.0811E-04   9.6491E-02   0.0000E+00   0.0000E+00
     0     0   1.0752E+16   5.5700E-02   2.0215E-04   5.1470E-02   0.0000E+00   0.0000E+00
     0     0   1.1468E+16   7.6963E-02   2.1780E-04   6.1289E-02   0.0000E+00   0.0000E+00
     0     0   1.0953E+16   5.9374E-02   1.9236E-04   5.1464E-02   0.0000E+00   0.0000E+00
     0     0   1.0169E+16   6.6817E-02   1.8233E-04   6.1588E-02   0.0000E+00   0.0000E+00
     0     0   1.1313E+16   6.6756E-02   1.9526E-04   5.7503E-02   0.0000E+00   0.0000E+00
     0     0   1.0516E+16   6.2478E-02   2.1529E-04   7.0529E-02   0.0000E+00   0.0000E+00
     0     0   1.0738E+16   6.5030E-02   2.0202E-04   5.6533E-02   0.0000E+00   0.0000E+00
     0     0   1.0854E+16   5.7045E-02   2.0184E-04   5.7379E-02   0.0000E+00   0.0000E+00
     0     0   1.1032E+16   5.7545E-02   2.0044E-04   5.9015E-02   0.0000E+00   0.0000E+00
     0     0   1.1165E+16   6.2230E-02   2.0240E-04   5.6624E-02   0.0000E+00   0.0000E+00
     0     0   1.4008E+16   1.6405E-01   1.8454E-04   4.0416E-02   0.0000E+00   0.0000E+00
     0     0   1.0938E+16   2.7679E-02   1.9911E-04   2.8585E-02   0.0000E+00   0.0000E+00
     0     0   1.1445E+16   5.4608E-02   1.9300E-04   4.9130E-02   0.0000E+00   0.0000E+00
     0     0   1.0788E+16   4.9496E-02   1.9574E-04   5.2956E-02   0.0000E+00   0.0000E+00
     0     0   1.0862E+16   5.0971E-02   1.8649E-04   5.2134E-02   0.0000E+00   0.0000E+00
     0     0   1.0975E+16   7.2670E-02   1.6481E-04   5.4949E-02   0.0000E+00   0.0000E+00
     0     0   9.4075E+15   5.1677E-02   1.8081E-04   4.9022E-02   0.0000E+00   0.0000E+00
     0     0   1.0786E+16   5.4042E-02   1.6491E-04   5.0371E-02   0.0000E+00   0.0000E+00
     0     0   1.0178E+16   5.3662E-02   1.6841E-04   5.1430E-02   0.0000E+00   0.0000E+00
     0     0   1.0196E+16   7.3687E-02   1.8131E-04   5.5573E-02   0.0000E+00   0.0000E+00
     0     0   9.8232E+15   7.0928E-02   1.7380E-04   5.5882E-02   0.0000E+00   0.0000E+00
     0     0   9.1390E+15   5.1099E-02   1.7672E-04   5.8336E-02   0.0000E+00   0.0000E+00
     0     0   1.0228E+16   5.4681E-02   1.8577E-04   5.5216E-02   0.0000E+00   0.0000E+00
     0     0   9.7852E+15   8.2396E-02   1.8569E-04   6.1933E-02   0.0000E+00   0.0000E+00
     0     0   9.5941E+15   5.0964E-02   1.9086E-04   5.3734E-02   0.0000E+00   0.0000E+00
     0     0   1.1827E+16   6.0090E-02   2.1046E-04   5.7610E-02   0.0000E+00   0.0000E+00
     0     0   1.0634E+16   7.3227E-02   1.9972E-04   5.6559E-02   0.0000E+00   0.0000E+00
     0     0   9.4645E+15   4.8431E-02   1.8277E-04   5.4544E-02   0.0000E+00   0.0000E+00
     0     0   1.0590E+16   7.6916E-02   1.9586E-04   6.1287E-02   0.0000E+00   0.0000E+00
     0     0   9.9009E+15   5.5041E-02   1.8184E-04   5.1552E-02   0.0000E+00   0.0000E+00
     0     0   1.0378E+16   6.0252E-02   2.1071E-04   6.6310E-02   0.0000E+00   0.0000E+00
     0     0   9.9714E+15   5.7766E-02   1.9656E-04   5.2118E-02   0.0000E+00   0.0000E+00
     0     0   1.0677E+16   1.0418E-01   1.8277E-04   5.5719E-02   0.0000E+00   0.0000E+00
     0     0   1.0433E+16   5.0485E-02   1.9184E-04   5.5131E-02   0.0000E+00   0.0000E+00
     0     0   9.3714E+15   6.7562E-02   1.6745E-04   5.4692E-02   0.0000E+00   0.0000E+00
     0     0   1.0245E+16   5.0691E-02   2.0099E-04   5.3581E-02   0.0000E+00   0.0000E+00
     0     0   1.0755E+16   4.7499E-02   1.9436E-04   5.2446E-02   0.0000E+00   0.0000E+00
     0     0   1.1334E+16   5.8642E-02   2.1280E-04   7.7562E-02   0.0000E+00   0.0000E+00
     0     0   9.8882E+15   7.7609E-02   1.7467E-04   5.5569E-02   0.0000E+00   0.0000E+00
     0     0   1.0797E+16   7.9831E-02   1.9987E-04   5.8362E-02   0.0000E+00   0.0000E+00
     0     0   1.1002E+16   6.5459E-02   2.2084E-04   5.4253E-02   0.0000E+00   0.0000E+00
     0     0   1.0557E+16   5.3859E-02   1.7560E-04   5.4234E-02   0.0000E+00   0.0000E+00
     0     0   1.0713E+16   7.5239E-02   1.8411E-04   5.2398E-02   0.0000E+00   0.0000E+00
     0     0   1.0829E+16   3.5391E-02   2.0036E-04   3.7411E-02   0.0000E+00   0.0000E+00
     0     0   1.0121E+16   6.0421E-02   1.9988E-04   5.9525E-02   0.0000E+00   0.0000E+00
     0     0   1.0761E+16   5.5395E-02   1.8963E-04   4.5223E-02   0.0000E+00   0.0000E+00
     0     0   1.1169E+16   4.1361E-02   1.9073E-04   3.5639E-02   0.0000E+00   0.0000E+00
     0     0   1.0612E+16   4.4080E-02   2.0348E-04   4.3346E-02   0.0000E+00   0.0000E+00
     0     0   1.1876E+16   8.8646E-02   2.0120E-04   4.0500E-02   0.0000E+00   0.0000E+00
     0     0   1.1049E+16   6.2837E-02   1.9594E-04   5.6767E-02   0.0000E+00   0.0000E+00
     0     0   1.1013E+16   5.3215E-02   1.9564E-04   5.3694E-02   0.0000E+00   0.0000E+00
     0     0   1.0870E+16   5.5695E-02   2.2635E-04   7.3526E-02   0.0000E+00   0.0000E+00
     0     0   1.0460E+16   4.9817E-02   2.1334E-04   5.3102E-02   0.0000E+00   0.0000E+00
     0     0   1.1079E+16   4.9144E-02   2.0678E-04   5.1824E-02   0.0000E+00   0.0000E+00
     0     0   1.0213E+16   6.7525E-02   2.1601E-04   5.6749E-02   0.0000E+00   0.0000E+00
     0     0   1.0909E+16   5.3735E-02   2.0665E-04   5.7608E-02   0.0000E+00   0.0000E+00
     0     0   1.0798E+16   5.8108E-02   2.2818E-04   1.1055E-01   0.0000E+00   0.0000E+00
     0     0   1.0029E+16   5.9484E-02   2.0738E-04   6.0661E-02   0.0000E+00   0.0000E+00
     0     0   1.1350E+16   6.4843E-02   2.1718E-04   7.5206E-02   0.0000E+00   0.0000E+00
     0     0   1.1823E+16   5.9797E-02   2.3038E-04   6.3881E-02   0.0000E+00   0.0000E+00
     0     0   1.0461E+16   8.3296E-02   2.1100E-04   6.2936E-02   0.0000E+00   0.0000E+00
     0     0   1.0898E+16   9.2995E-02   2.2337E-04   8.1681E-02   0.0000E+00   0.0000E+00
     0     0   9.7527E+15   5.4869E-02   2.0219E-04   5.3525E-02   0.0000E+00   0.0000E+00
     0     0   1.0714E+16   5.5177E-02   2.0627E-04   6.7726E-02   0.0000E+00   0.0000E+00
     0     0   1.0515E+16   5.5972E-02   1.9888E-04   5.6854E-02   0.0000E+00   0.0000E+00
     0     0   1.1404E+16   5.6840E-02   2.1796E-04   5.5973E-02   0.0000E+00   0.0000E+00
     0     0   1.0740E+16   5.4336E-02   2.0129E-04   6.0256E-02   0.0000E+00   0.0000E+00
     0     0   1.0558E+16   5.7021E-02   2.0890E-04   6.1529E-02   0.0000E+00   0.0000E+00
     0     0   1.1067E+16   6.1403E-02   1.9541E-04   5.3578E-02   0.0000E+00   0.0000E+00
     0     0   1.0983E+16   5.4713E-02   2.0252E-04   5.7597E-02   0.0000E+00   0.0000E+00
     0     0   1.1689E+16   5.9795E-02   2.0982E-04   6.1267E-02   0.0000E+00   0.0000E+00
     0     0   9.1605E+15   5.7743E-02   1.7468E-04   6.2122E-02   0.0000E+00   0.0000E+00
     0     0   9.5516E+15   5.3971E-02   1.7843E-04   5.4769E-02   0.0000E+00   0.0000E+00
     0     0   9.9117E+15   5.1790E-02   1.9427E-04   5.8716E-02   0.0000E+00   0.0000E+00
     0     0   9.3993E+15   5.7367E-02   1.9374E-04   6.5292E-02   0.0000E+00   0.0000E+00
     0     0   1.0089E+16   5.8061E-02   2.0867E-04   6.6342E-02   0.0000E+00   0.0000E+00
     0     0   1.0623E+16   5.1212E-02   2.2932E-04   1.3186E-01   0.0000E+00   0.0000E+00
     0     0   1.0955E+16   7.6721E-02   1.9736E-04   4.8901E-02   0.0000E+00   0.0000E+00
     0     0   1.0544E+16   5.4218E-02   2.1213E-04   6.2193E-02   0.0000E+00   0.0000E+00
     0     0   1.0398E+16   4.7185E-02   2.0985E-04   4.8620E-02   0.0000E+00   0.0000E+00
     0     0   1.0500E+16   4.8018E-02   1.9933E-04   6.1569E-02   0.0000E+00   0.0000E+00
     0     0   1.1575E+16   5.9091E-02   2.0584E-04   5.6224E-02   0.0000E+00   0.0000E+00
     0     0   1.1698E+16   6.3026E-02   1.9393E-04   5.3741E-02   0.0000E+00   0.0000E+00
     0     0   1.0659E+16   5.5419E-02   1.9139E-04   5.1392E-02   0.0000E+00   0.0000E+00
     0     0   1.0757E+16   7.1589E-02   1.9064E-04   5.2681E-02   0.0000E+00   0.0000E+00
     0     0   1.0421E+16   3.7718E-02   2.0566E-04   4.4971E-02   0.0000E+00   0.0000E+00
     0     0   1.0516E+16   3.8165E-02   1.9413E-04   3.8744E-02   0.0000E+00   0.0000E+00
     0     0   1.0854E+16   6.3180E-02   1.9667E-04   5.5995E-02   0.0000E+00   0.0000E+00
     0     0   1.1305E+16   6.4167E-02   2.1577E-04   6.0730E-02   0.0000E+00   0.0000E+00
     0     0   1.0228E+16   5.8568E-02   2.0051E-04   7.0696E-02   0.0000E+00   0.0000E+00
     0     0   1.1290E+16   6.6745E-02   2.1887E-04   5.6447E-02   0.0000E+00   0.0000E+00
     0     0   1.1106E+16   6.8483E-02   1.8451E-04   5.9784E-02   0.0000E+00   0.0000E+00
     0     0   1.1136E+16   7.9788E-02   2.0162E-04   6.9624E-02   0.0000E+00   0.0000E+00
     0     0   1.1175E+16   6.9004E-02   2.1269E-04   5.9883E-02   0.0000E+00   0.0000E+00
     0     0   1.1464E+16   6.3810E-02   1.9229E-04   5.2981E-02   0.0000E+00   0.0000E+00
     0     0   1.2331E+16   1.1091E-01   1.8259E-04   4.3811E-02   0.0000E+00   0.0000E+00
     0     0   1.0758E+16   4.6186E-02   1.7344E-04   4.7059E-02   0.0000E+00   0.0000E+00
     0     0   1.1228E+16   4.8526E-02   1.9915E-04   4.4157E-02   0.0000E+00   0.0000E+00
     0     0   1.1184E+16   1.2639E-01   1.9272E-04   5.4902E-02   0.0000E+00   0.0000E+00
     0     0   1.1399E+16   8.3664E-02   2.0852E-04   5.3220E-02   0.0000E+00   0.0000E+00
     0     0   1.0931E+16   4.8295E-02   2.0784E-04   4.9990E-02   0.0000E+00   0.0000E+00
     0     0   1.0614E+16   6.5223E-02   2.0416E-04   4.9077E-02   0.0000E+00   0.0000E+00
     0     0   1.0806E+16   6.3895E-02   2.0797E-04   5.9801E-02   0.0000E+00   0.0000E+00
     0     0   9.6172E+15   5.6480E-02   1.9274E-04   5.7804E-02   0.0000E+00   0.0000E+00
     0     0   1.1123E+16   6.5726E-02   2.1435E-04   7.9998E-02   0.0000E+00   0.0000E+00
     0     0   9.8187E+15   5.7813E-02   1.7922E-04   5.6105E-02   0.0000E+00   0.0000E+00
     0     0   1.0746E+16   4.8490E-02   1.8206E-04   5.1992E-02   0.0000E+00   0.0000E+00
     0     0   1.0903E+16   5.0565E-02   1.9944E-04   5.7011E-02   0.0000E+00   0.0000E+00
     0     0   1.0518E+16   5.9971E-02   1.9688E-04   6.5774E-02   0.0000E+00   0.0000E+00
     0     0   1.1439E+16   4.5986E-02   1.9832E-04   3.9147E-02   0.0000E+00   0.0000E+00
     0     0   1.0152E+16   4.4826E-02   1.9510E-04   5.1221E-02   0.0000E+00   0.0000E+00
     0     0   1.0465E+16   5.3327E-02   1.7905E-04   5.2229E-02   0.0000E+00   0.0000E+00
     0     0   1.0364E+16   5.6979E-02   1.8759E-04   6.4443E-02   0.0000E+00   0.0000E+00
     0     0   9.8217E+15   5.6398E-02   1.8039E-04   6.0302E-02   0.0000E+00   0.0000E+00
     0     0   9.9470E+15   5.6865E-02   1.6492E-04   5.8443E-02   0.0000E+00   0.0000E+00
     0     0   1.1264E+16   8.0081E-02   2.1754E-04   8.3394E-02   0.0000E+00   0.0000E+00
     0     0   1.2157E+16   8.5534E-02   2.1879E-04   7.5614E-02   0.0000E+00   0.0000E+00
     0     0   1.1245E+16   6.5904E-02   1.9705E-04   4.6779E-02   0.0000E+00   0.0000E+00
     0     0   1.0263E+16   5.5798E-02   2.1513E-04   7.1826E-02   0.0000E+00   0.0000E+00
     0     0   5.8155E+15   4.9384E-02   1.5392E-04   6.7898E-02   0.0000E+00   0.0000E+00
     0     0   6.3904E+15   5.8494E-02   1.6015E-04   6.6689E-02   0.0000E+00   0.0000E+00
     0     0   6.4459E+15   5.4647E-02   1.5789E-04   4.9657E-02   0.0000E+00   0.0000E+00
     0     0   6.0187E+15   6.1564E-02   1.4210E-04   6.1420E-02   0.0000E+00   0.0000E+00
     0     0   6.9833E+15   7.3368E-02   1.6281E-04   6.3794E-02   0.0000E+00   0.0000E+00
     0     0   6.4837E+15   6.1478E-02   1.5413E-04   6.0252E-02   0.0000E+00   0.0000E+00
     0     0   5.6263E+15   7.9417E-02   1.4980E-04   6.9790E-02   0.0000E+00   0.0000E+00
     0     0   6.3100E+15   4.6406E-02   1.4607E-04   4.7105E-02   0.0000E+00   0.0000E+00
     0     0   6.3964E+15   7.2150E-02   1.6237E-04   7.9852E-02   0.0000E+00   0.0000E+00
     0     0   6.1153E+15   7.1904E-02   1.7198E-04   7.4995E-02   0.0000E+00   0.0000E+00
     0     0   1.6606E+16   2.7367E-02   2.9600E-04   3.0706E-02   0.0000E+00   0.0000E+00
     0     0   1.7113E+16   2.3300E-02   2.7691E-04   2.6178E-02   0.0000E+00   0.0000E+00
     0     0   1.5206E+16   4.5517E-02   3.1887E-04   4.9437E-02   0.0000E+00   0.0000E+00
     0     0   1.4791E+16   5.1203E-02   3.0479E-04   4.8966E-02   0.0000E+00   0.0000E+00
     0     0   1.5493E+16   5.1331E-02   2.9007E-04   4.8043E-02   0.0000E+00   0.0000E+00
     0     0   1.4852E+16   5.7225E-02   2.8395E-04   4.8684E-02   0.0000E+00   0.0000E+00
     0     0   8.8082E+15   5.2379E-02   1.6691E-04   6.3706E-02   0.0000E+00   0.0000E+00
     0     0   1.0748E+16   4.7717E-02   1.7938E-04   5.4477E-02   0.0000E+00   0.0000E+00
     0     0   7.6904E+15   5.8743E-02   1.2734E-04   6.0989E-02   0.0000E+00   0.0000E+00
     0     0   8.0835E+15   4.9499E-02   1.5959E-04   6.5293E-02   0.0000E+00   0.0000E+00
     0     0   9.6677E+15   6.1898E-02   1.6826E-04   5.9087E-02   0.0000E+00   0.0000E+00
     0     0   7.6076E+15   5.8915E-02   1.4420E-04   6.7111E-02   0.0000E+00   0.0000E+00
     0     0   9.0606E+15   6.4894E-02   1.7500E-04   5.7032E-02   0.0000E+00   0.0000E+00
     0     0   9.3599E+15   5.7927E-02   1.6016E-04   5.9386E-02   0.0000E+00   0.0000E+00
     0     0   8.6789E+15   5.7307E-02   1.6249E-04   6.8491E-02   0.0000E+00   0.0000E+00
     0     0   8.4291E+15   5.8506E-02   1.6069E-04   6.1258E-02   0.0000E+00   0.0000E+00
     0     0   8.4065E+15   6.0747E-02   1.5306E-04   6.0634E-02   0.0000E+00   0.0000E+00
     0     0   8.5440E+15   5.6677E-02   1.5315E-04   6.6513E-02   0.0000E+00   0.0000E+00
     0     0   8.9052E+15   6.2853E-02   1.4409E-04   6.0598E-02   0.0000E+00   0.0000E+00
     0     0   8.5272E+15   5.8957E-02   1.6086E-04   6.4178E-02   0.0000E+00   0.0000E+00
     0     0   9.4554E+15   4.2794E-02   1.7032E-04   4.3132E-02   0.0000E+00   0.0000E+00
     0     0   1.0637E+16   4.5784E-02   1.8384E-04   5.2138E-02   0.0000E+00   0.0000E+00
     0     0   9.1485E+15   5.6629E-02   1.5873E-04   5.8098E-02   0.0000E+00   0.0000E+00
     0     0   1.0476E+16   6.6123E-02   1.7317E-04   6.3715E-02   0.0000E+00   0.0000E+00
     0     0   8.8998E+15   6.5071E-02   1.4215E-04   6.7038E-02   0.0000E+00   0.0000E+00
     0     0   7.7401E+15   6.5407E-02   1.2636E-04   6.4916E-02   0.0000E+00   0.0000E+00
     0     0   9.0209E+15   8.2456E-02   1.5368E-04   6.0396E-02   0.0000E+00   0.0000E+00
     0     0   9.0733E+15   6.2299E-02   1.4532E-04   5.5370E-02   0.0000E+00   0.0000E+00
     0     0   8.5658E+15   6.6613E-02   1.5352E-04   7.2977E-02   0.0000E+00   0.0000E+00
     0     0   1.0442E+16   4.1831E-02   1.8456E-04   5.0955E-02   0.0000E+00   0.0000E+00
     0     0   7.7854E+15   8.5166E-02   1.2820E-04   7.0309E-02   0.0000E+00   0.0000E+00
     0     0   8.6369E+15   5.9764E-02   1.5801E-04   6.7310E-02   0.0000E+00   0.0000E+00
     0     0   6.9899E+15   6.3902E-02   1.2434E-04   7.7312E-02   0.0000E+00   0.0000E+00
     0     0   8.3626E+15   6.9830E-02   1.4268E-04   7.2016E-02   0.0000E+00   0.0000E+00
     0     0   8.6619E+15   7.2487E-02   1.4312E-04   5.8963E-02   0.0000E+00   0.0000E+00
     0     0   7.8091E+15   5.6189E-02   1.4182E-04   7.5987E-02   0.0000E+00   0.0000E+00
     0     0   8.3323E+15   6.0493E-02   1.5181E-04   6.8691E-02   0.0000E+00   0.0000E+00
     0     0   7.6216E+15   7.8129E-02   1.3336E-04   6.2962E-02   0.0000E+00   0.0000E+00
     0     0   7.4494E+15   7.0720E-02   1.3005E-04   6.2656E-02   0.0000E+00   0.0000E+00
     0     0   7.4022E+15   5.6313E-02   1.4758E-04   6.3665E-02   0.0000E+00   0.0000E+00
     0     0   1.0511E+16   6.2578E-02   1.9974E-04   6.1885E-02   0.0000E+00   0.0000E+00
     0     0   1.2123E+16   7.2029E-02   2.0006E-04   5.5989E-02   0.0000E+00   0.0000E+00
     0     0   9.2387E+15   9.1091E-02   1.5360E-04   6.7379E-02   0.0000E+00   0.0000E+00
     0     0   7.1734E+15   6.8179E-02   1.2539E-04   6.4008E-02   0.0000E+00   0.0000E+00
     0     0   7.7075E+15   6.0303E-02   1.3933E-04   8.0707E-02   0.0000E+00   0.0000E+00
     0     0   9.0199E+15   5.5838E-02   1.5914E-04   6.7134E-02   0.0000E+00   0.0000E+00
     0     0   1.2681E+16   1.2996E-01   1.9493E-04   4.3740E-02   0.0000E+00   0.0000E+00
     0     0   1.2441E+16   1.3713E-01   2.0248E-04   6.0776E-02   0.0000E+00   0.0000E+00
     0     0   1.1060E+16   5.8368E-02   2.0647E-04   8.7292E-02   0.0000E+00   0.0000E+00
     0     0   1.1247E+16   5.2203E-02   2.2520E-04   6.5502E-02   0.0000E+00   0.0000E+00
     0     0   1.0537E+16   3.7328E-02   2.2425E-04   6.1235E-02   0.0000E+00   0.0000E+00
     0     0   1.0376E+16   6.5010E-02   1.8719E-04   5.1685E-02   0.0000E+00   0.0000E+00
     0     0   1.0776E+16   5.0200E-02   2.1194E-04   5.4461E-02   0.0000E+00   0.0000E+00
     0     0   1.1011E+16   5.1927E-02   1.9595E-04   5.7837E-02   0.0000E+00   0.0000E+00
     0     0   1.0637E+16   9.3277E-02   1.9149E-04   5.8741E-02   0.0000E+00   0.0000E+00
     0     0   1.0601E+16   5.2857E-02   1.8680E-04   5.4837E-02   0.0000E+00   0.0000E+00
     0     0   1.0722E+16   5.0109E-02   2.1108E-04   5.1321E-02   0.0000E+00   0.0000E+00
     0     0   1.1063E+16   5.2272E-02   2.0005E-04   6.1487E-02   0.0000E+00   0.0000E+00
     0     0   1.5388E+16   1.8182E-01   2.0013E-04   4.6268E-02   0.0000E+00   0.0000E+00
     0     0   1.1071E+16   5.7884E-02   1.9875E-04   4.5695E-02   0.0000E+00   0.0000E+00
