# Total number of walls
   62
# Number of points in each wall
         100         140         171         196         218         237
         255         272         280         286         293         299
         305         311         317         323         326         324
         323         322         321         320         320         319
         318         318         317         317         316         316
         315         315         315         314         314         314
         157         109         136          88         122          73
         110          61          99          51          89          41
          80          32          71          23          62          14
          54           6          45          37          28          20
          11         339
# Wall    1, psi=   1.028377E-02, psi/psi_sep =  0.130359
    1.200000E+00   -1.555714E-01
    1.200993E+00   -1.526135E-01
    1.201965E+00   -1.496490E-01
    1.202918E+00   -1.466779E-01
    1.203850E+00   -1.437003E-01
    1.204761E+00   -1.407165E-01
    1.205653E+00   -1.377265E-01
    1.206524E+00   -1.347306E-01
    1.207375E+00   -1.317289E-01
    1.208206E+00   -1.287216E-01
    1.209016E+00   -1.257087E-01
    1.209806E+00   -1.226905E-01
    1.210577E+00   -1.196670E-01
    1.211326E+00   -1.166385E-01
    1.212056E+00   -1.136050E-01
    1.212766E+00   -1.105668E-01
    1.213455E+00   -1.075239E-01
    1.214124E+00   -1.044765E-01
    1.214773E+00   -1.014248E-01
    1.215402E+00   -9.836883E-02
    1.216011E+00   -9.530877E-02
    1.216599E+00   -9.224477E-02
    1.217167E+00   -8.917695E-02
    1.217715E+00   -8.610546E-02
    1.218243E+00   -8.303044E-02
    1.218751E+00   -7.995201E-02
    1.219238E+00   -7.687031E-02
    1.219705E+00   -7.378548E-02
    1.220152E+00   -7.069765E-02
    1.220579E+00   -6.760696E-02
    1.220985E+00   -6.451354E-02
    1.221371E+00   -6.141752E-02
    1.221737E+00   -5.831904E-02
    1.222082E+00   -5.521823E-02
    1.222408E+00   -5.211522E-02
    1.222712E+00   -4.901016E-02
    1.222997E+00   -4.590316E-02
    1.223261E+00   -4.279437E-02
    1.223505E+00   -3.968392E-02
    1.223728E+00   -3.657193E-02
    1.223931E+00   -3.345855E-02
    1.224114E+00   -3.034391E-02
    1.224276E+00   -2.722814E-02
    1.224418E+00   -2.411138E-02
    1.224540E+00   -2.099375E-02
    1.224641E+00   -1.787539E-02
    1.224721E+00   -1.475644E-02
    1.224782E+00   -1.163703E-02
    1.224821E+00   -8.517284E-03
    1.224841E+00   -5.397350E-03
    1.224840E+00   -2.277356E-03
    1.224818E+00    8.425641E-04
    1.224776E+00    3.962275E-03
    1.224714E+00    7.081644E-03
    1.224631E+00    1.020053E-02
    1.224527E+00    1.331881E-02
    1.224403E+00    1.643635E-02
    1.224259E+00    1.955300E-02
    1.224094E+00    2.266863E-02
    1.223908E+00    2.578311E-02
    1.223703E+00    2.889630E-02
    1.223476E+00    3.200807E-02
    1.223229E+00    3.511828E-02
    1.222962E+00    3.822680E-02
    1.222674E+00    4.133348E-02
    1.222366E+00    4.443820E-02
    1.222037E+00    4.754081E-02
    1.221687E+00    5.064117E-02
    1.221317E+00    5.373916E-02
    1.220927E+00    5.683463E-02
    1.220516E+00    5.992744E-02
    1.220085E+00    6.301746E-02
    1.219633E+00    6.610455E-02
    1.219160E+00    6.918857E-02
    1.218667E+00    7.226937E-02
    1.218154E+00    7.534682E-02
    1.217620E+00    7.842078E-02
    1.217065E+00    8.149110E-02
    1.216490E+00    8.455765E-02
    1.215895E+00    8.762028E-02
    1.215279E+00    9.067884E-02
    1.214642E+00    9.373320E-02
    1.213985E+00    9.678321E-02
    1.213307E+00    9.982871E-02
    1.212609E+00    1.028696E-01
    1.211890E+00    1.059056E-01
    1.211151E+00    1.089368E-01
    1.210391E+00    1.119628E-01
    1.209610E+00    1.149836E-01
    1.208809E+00    1.179989E-01
    1.207987E+00    1.210088E-01
    1.207145E+00    1.240129E-01
    1.206282E+00    1.270111E-01
    1.205398E+00    1.300034E-01
    1.204494E+00    1.329894E-01
    1.203569E+00    1.359691E-01
    1.202623E+00    1.389422E-01
    1.201656E+00    1.419087E-01
    1.200669E+00    1.448684E-01
    1.200000E+00    1.468344E-01
# Wall    2, psi=   1.302794E-02, psi/psi_sep =  0.165145
    1.200000E+00   -2.146815E-01
    1.201296E+00   -2.118436E-01
    1.202574E+00   -2.089970E-01
    1.203832E+00   -2.061421E-01
    1.205072E+00   -2.032789E-01
    1.206292E+00   -2.004076E-01
    1.207494E+00   -1.975285E-01
    1.208678E+00   -1.946415E-01
    1.209842E+00   -1.917470E-01
    1.210988E+00   -1.888450E-01
    1.212115E+00   -1.859357E-01
    1.213223E+00   -1.830192E-01
    1.214313E+00   -1.800958E-01
    1.215384E+00   -1.771654E-01
    1.216437E+00   -1.742283E-01
    1.217471E+00   -1.712846E-01
    1.218486E+00   -1.683345E-01
    1.219483E+00   -1.653781E-01
    1.220461E+00   -1.624154E-01
    1.221421E+00   -1.594467E-01
    1.222362E+00   -1.564721E-01
    1.223285E+00   -1.534917E-01
    1.224189E+00   -1.505056E-01
    1.225075E+00   -1.475139E-01
    1.225942E+00   -1.445169E-01
    1.226791E+00   -1.415145E-01
    1.227621E+00   -1.385070E-01
    1.228433E+00   -1.354944E-01
    1.229226E+00   -1.324768E-01
    1.230000E+00   -1.294545E-01
    1.230756E+00   -1.264275E-01
    1.231494E+00   -1.233959E-01
    1.232212E+00   -1.203598E-01
    1.232913E+00   -1.173194E-01
    1.233594E+00   -1.142748E-01
    1.234257E+00   -1.112261E-01
    1.234902E+00   -1.081733E-01
    1.235527E+00   -1.051168E-01
    1.236135E+00   -1.020564E-01
    1.236723E+00   -9.899241E-02
    1.237293E+00   -9.592489E-02
    1.237844E+00   -9.285395E-02
    1.238376E+00   -8.977972E-02
    1.238890E+00   -8.670231E-02
    1.239385E+00   -8.362182E-02
    1.239861E+00   -8.053839E-02
    1.240319E+00   -7.745211E-02
    1.240757E+00   -7.436311E-02
    1.241177E+00   -7.127150E-02
    1.241578E+00   -6.817739E-02
    1.241961E+00   -6.508090E-02
    1.242324E+00   -6.198214E-02
    1.242669E+00   -5.888122E-02
    1.242994E+00   -5.577827E-02
    1.243301E+00   -5.267339E-02
    1.243589E+00   -4.956670E-02
    1.243858E+00   -4.645832E-02
    1.244108E+00   -4.334835E-02
    1.244339E+00   -4.023692E-02
    1.244551E+00   -3.712414E-02
    1.244744E+00   -3.401013E-02
    1.244918E+00   -3.089499E-02
    1.245073E+00   -2.777886E-02
    1.245209E+00   -2.466183E-02
    1.245326E+00   -2.154403E-02
    1.245424E+00   -1.842558E-02
    1.245503E+00   -1.530658E-02
    1.245563E+00   -1.218716E-02
    1.245604E+00   -9.067433E-03
    1.245626E+00   -5.947514E-03
    1.245629E+00   -2.827520E-03
    1.245612E+00    2.924325E-04
    1.245577E+00    3.412227E-03
    1.245522E+00    6.531745E-03
    1.245449E+00    9.650872E-03
    1.245356E+00    1.276949E-02
    1.245244E+00    1.588748E-02
    1.245113E+00    1.900473E-02
    1.244963E+00    2.212112E-02
    1.244794E+00    2.523653E-02
    1.244606E+00    2.835085E-02
    1.244399E+00    3.146395E-02
    1.244172E+00    3.457572E-02
    1.243927E+00    3.768605E-02
    1.243663E+00    4.079481E-02
    1.243379E+00    4.390189E-02
    1.243076E+00    4.700717E-02
    1.242754E+00    5.011053E-02
    1.242414E+00    5.321185E-02
    1.242054E+00    5.631102E-02
    1.241675E+00    5.940791E-02
    1.241277E+00    6.250242E-02
    1.240860E+00    6.559442E-02
    1.240424E+00    6.868379E-02
    1.239969E+00    7.177041E-02
    1.239494E+00    7.485418E-02
    1.239001E+00    7.793495E-02
    1.238489E+00    8.101263E-02
    1.237958E+00    8.408709E-02
    1.237408E+00    8.715820E-02
    1.236839E+00    9.022586E-02
    1.236251E+00    9.328993E-02
    1.235644E+00    9.635031E-02
    1.235018E+00    9.940686E-02
    1.234373E+00    1.024595E-01
    1.233709E+00    1.055080E-01
    1.233026E+00    1.085524E-01
    1.232324E+00    1.115924E-01
    1.231604E+00    1.146280E-01
    1.230864E+00    1.176591E-01
    1.230105E+00    1.206854E-01
    1.229328E+00    1.237070E-01
    1.228531E+00    1.267236E-01
    1.227716E+00    1.297351E-01
    1.226882E+00    1.327415E-01
    1.226028E+00    1.357426E-01
    1.225156E+00    1.387382E-01
    1.224265E+00    1.417282E-01
    1.223355E+00    1.447125E-01
    1.222426E+00    1.476910E-01
    1.221478E+00    1.506635E-01
    1.220511E+00    1.536299E-01
    1.219525E+00    1.565900E-01
    1.218520E+00    1.595438E-01
    1.217496E+00    1.624910E-01
    1.216454E+00    1.654316E-01
    1.215392E+00    1.683653E-01
    1.214311E+00    1.712921E-01
    1.213211E+00    1.742117E-01
    1.212092E+00    1.771241E-01
    1.210954E+00    1.800291E-01
    1.209796E+00    1.829265E-01
    1.208620E+00    1.858162E-01
    1.207424E+00    1.886980E-01
    1.206209E+00    1.915717E-01
    1.204975E+00    1.944372E-01
    1.203722E+00    1.972944E-01
    1.202449E+00    2.001429E-01
    1.201157E+00    2.029827E-01
    1.200000E+00    2.054817E-01
# Wall    3, psi=   1.577211E-02, psi/psi_sep =  0.199930
    1.200000E+00   -2.581611E-01
    1.201483E+00   -2.554162E-01
    1.202949E+00   -2.526618E-01
    1.204396E+00   -2.498979E-01
    1.205826E+00   -2.471247E-01
    1.207238E+00   -2.443425E-01
    1.208632E+00   -2.415514E-01
    1.210009E+00   -2.387515E-01
    1.211368E+00   -2.359431E-01
    1.212709E+00   -2.331262E-01
    1.214033E+00   -2.303010E-01
    1.215339E+00   -2.274676E-01
    1.216628E+00   -2.246263E-01
    1.217900E+00   -2.217772E-01
    1.219154E+00   -2.189203E-01
    1.220391E+00   -2.160559E-01
    1.221610E+00   -2.131840E-01
    1.222812E+00   -2.103048E-01
    1.223997E+00   -2.074185E-01
    1.225164E+00   -2.045251E-01
    1.226314E+00   -2.016248E-01
    1.227447E+00   -1.987177E-01
    1.228562E+00   -1.958039E-01
    1.229660E+00   -1.928836E-01
    1.230741E+00   -1.899569E-01
    1.231805E+00   -1.870238E-01
    1.232851E+00   -1.840845E-01
    1.233881E+00   -1.811392E-01
    1.234893E+00   -1.781878E-01
    1.235887E+00   -1.752306E-01
    1.236865E+00   -1.722677E-01
    1.237825E+00   -1.692991E-01
    1.238768E+00   -1.663251E-01
    1.239694E+00   -1.633456E-01
    1.240602E+00   -1.603607E-01
    1.241493E+00   -1.573707E-01
    1.242367E+00   -1.543756E-01
    1.243224E+00   -1.513756E-01
    1.244063E+00   -1.483706E-01
    1.244885E+00   -1.453608E-01
    1.245690E+00   -1.423464E-01
    1.246477E+00   -1.393274E-01
    1.247248E+00   -1.363040E-01
    1.248000E+00   -1.332761E-01
    1.248736E+00   -1.302440E-01
    1.249454E+00   -1.272078E-01
    1.250154E+00   -1.241675E-01
    1.250837E+00   -1.211232E-01
    1.251503E+00   -1.180750E-01
    1.252151E+00   -1.150231E-01
    1.252782E+00   -1.119676E-01
    1.253396E+00   -1.089084E-01
    1.253991E+00   -1.058458E-01
    1.254569E+00   -1.027799E-01
    1.255130E+00   -9.971069E-02
    1.255673E+00   -9.663832E-02
    1.256199E+00   -9.356289E-02
    1.256707E+00   -9.048451E-02
    1.257197E+00   -8.740326E-02
    1.257669E+00   -8.431926E-02
    1.258124E+00   -8.123260E-02
    1.258561E+00   -7.814338E-02
    1.258981E+00   -7.505170E-02
    1.259382E+00   -7.195767E-02
    1.259766E+00   -6.886139E-02
    1.260132E+00   -6.576294E-02
    1.260481E+00   -6.266245E-02
    1.260811E+00   -5.956001E-02
    1.261124E+00   -5.645571E-02
    1.261419E+00   -5.334967E-02
    1.261695E+00   -5.024198E-02
    1.261954E+00   -4.713275E-02
    1.262195E+00   -4.402208E-02
    1.262418E+00   -4.091007E-02
    1.262624E+00   -3.779683E-02
    1.262811E+00   -3.468245E-02
    1.262980E+00   -3.156704E-02
    1.263131E+00   -2.845071E-02
    1.263264E+00   -2.533356E-02
    1.263379E+00   -2.221569E-02
    1.263477E+00   -1.909721E-02
    1.263556E+00   -1.597822E-02
    1.263617E+00   -1.285882E-02
    1.263660E+00   -9.739118E-03
    1.263685E+00   -6.619222E-03
    1.263692E+00   -3.499234E-03
    1.263680E+00   -3.792580E-04
    1.263651E+00    2.740600E-03
    1.263604E+00    5.860236E-03
    1.263538E+00    8.979546E-03
    1.263455E+00    1.209842E-02
    1.263353E+00    1.521676E-02
    1.263233E+00    1.833446E-02
    1.263096E+00    2.145141E-02
    1.262940E+00    2.456751E-02
    1.262766E+00    2.768266E-02
    1.262574E+00    3.079674E-02
    1.262364E+00    3.390965E-02
    1.262136E+00    3.702129E-02
    1.261889E+00    4.013156E-02
    1.261625E+00    4.324034E-02
    1.261343E+00    4.634753E-02
    1.261042E+00    4.945303E-02
    1.260724E+00    5.255674E-02
    1.260387E+00    5.565854E-02
    1.260033E+00    5.875833E-02
    1.259660E+00    6.185602E-02
    1.259270E+00    6.495149E-02
    1.258862E+00    6.804463E-02
    1.258435E+00    7.113536E-02
    1.257991E+00    7.422355E-02
    1.257529E+00    7.730911E-02
    1.257048E+00    8.039193E-02
    1.256550E+00    8.347191E-02
    1.256034E+00    8.654894E-02
    1.255500E+00    8.962292E-02
    1.254949E+00    9.269374E-02
    1.254379E+00    9.576130E-02
    1.253792E+00    9.882549E-02
    1.253186E+00    1.018862E-01
    1.252563E+00    1.049434E-01
    1.251922E+00    1.079968E-01
    1.251264E+00    1.110465E-01
    1.250587E+00    1.140923E-01
    1.249893E+00    1.171341E-01
    1.249181E+00    1.201717E-01
    1.248451E+00    1.232052E-01
    1.247704E+00    1.262343E-01
    1.246939E+00    1.292590E-01
    1.246156E+00    1.322792E-01
    1.245355E+00    1.352948E-01
    1.244537E+00    1.383055E-01
    1.243701E+00    1.413115E-01
    1.242847E+00    1.443124E-01
    1.241976E+00    1.473083E-01
    1.241087E+00    1.502990E-01
    1.240181E+00    1.532843E-01
    1.239256E+00    1.562643E-01
    1.238314E+00    1.592387E-01
    1.237355E+00    1.622075E-01
    1.236378E+00    1.651705E-01
    1.235383E+00    1.681277E-01
    1.234370E+00    1.710788E-01
    1.233340E+00    1.740238E-01
    1.232293E+00    1.769626E-01
    1.231227E+00    1.798951E-01
    1.230144E+00    1.828210E-01
    1.229043E+00    1.857403E-01
    1.227925E+00    1.886529E-01
    1.226788E+00    1.915587E-01
    1.225634E+00    1.944574E-01
    1.224463E+00    1.973491E-01
    1.223273E+00    2.002334E-01
    1.222066E+00    2.031104E-01
    1.220841E+00    2.059799E-01
    1.219598E+00    2.088417E-01
    1.218338E+00    2.116957E-01
    1.217059E+00    2.145418E-01
    1.215763E+00    2.173797E-01
    1.214449E+00    2.202094E-01
    1.213117E+00    2.230307E-01
    1.211767E+00    2.258435E-01
    1.210398E+00    2.286475E-01
    1.209012E+00    2.314427E-01
    1.207608E+00    2.342288E-01
    1.206186E+00    2.370057E-01
    1.204745E+00    2.397732E-01
    1.203286E+00    2.425311E-01
    1.201809E+00    2.452793E-01
    1.200314E+00    2.480176E-01
    1.200000E+00    2.485866E-01
# Wall    4, psi=   1.851628E-02, psi/psi_sep =  0.234716
    1.200000E+00   -2.936021E-01
    1.201615E+00   -2.909326E-01
    1.203213E+00   -2.882528E-01
    1.204794E+00   -2.855630E-01
    1.206358E+00   -2.828633E-01
    1.207905E+00   -2.801538E-01
    1.209435E+00   -2.774349E-01
    1.210948E+00   -2.747065E-01
    1.212445E+00   -2.719689E-01
    1.213925E+00   -2.692222E-01
    1.215388E+00   -2.664667E-01
    1.216835E+00   -2.637023E-01
    1.218265E+00   -2.609294E-01
    1.219678E+00   -2.581480E-01
    1.221075E+00   -2.553582E-01
    1.222456E+00   -2.525603E-01
    1.223820E+00   -2.497543E-01
    1.225168E+00   -2.469403E-01
    1.226499E+00   -2.441186E-01
    1.227814E+00   -2.412892E-01
    1.229112E+00   -2.384523E-01
    1.230395E+00   -2.356080E-01
    1.231661E+00   -2.327563E-01
    1.232910E+00   -2.298975E-01
    1.234144E+00   -2.270317E-01
    1.235361E+00   -2.241589E-01
    1.236562E+00   -2.212793E-01
    1.237746E+00   -2.183930E-01
    1.238915E+00   -2.155000E-01
    1.240067E+00   -2.126006E-01
    1.241203E+00   -2.096948E-01
    1.242323E+00   -2.067828E-01
    1.243427E+00   -2.038645E-01
    1.244514E+00   -2.009402E-01
    1.245586E+00   -1.980099E-01
    1.246641E+00   -1.950737E-01
    1.247680E+00   -1.921318E-01
    1.248703E+00   -1.891842E-01
    1.249709E+00   -1.862310E-01
    1.250699E+00   -1.832723E-01
    1.251673E+00   -1.803083E-01
    1.252631E+00   -1.773389E-01
    1.253573E+00   -1.743644E-01
    1.254498E+00   -1.713848E-01
    1.255407E+00   -1.684001E-01
    1.256300E+00   -1.654106E-01
    1.257176E+00   -1.624162E-01
    1.258037E+00   -1.594172E-01
    1.258880E+00   -1.564134E-01
    1.259708E+00   -1.534052E-01
    1.260519E+00   -1.503925E-01
    1.261314E+00   -1.473754E-01
    1.262092E+00   -1.443541E-01
    1.262854E+00   -1.413286E-01
    1.263600E+00   -1.382990E-01
    1.264329E+00   -1.352654E-01
    1.265042E+00   -1.322279E-01
    1.265738E+00   -1.291865E-01
    1.266418E+00   -1.261415E-01
    1.267081E+00   -1.230928E-01
    1.267727E+00   -1.200405E-01
    1.268357E+00   -1.169847E-01
    1.268970E+00   -1.139256E-01
    1.269567E+00   -1.108632E-01
    1.270147E+00   -1.077976E-01
    1.270711E+00   -1.047289E-01
    1.271257E+00   -1.016572E-01
    1.271787E+00   -9.858248E-02
    1.272300E+00   -9.550497E-02
    1.272796E+00   -9.242471E-02
    1.273276E+00   -8.934178E-02
    1.273739E+00   -8.625628E-02
    1.274184E+00   -8.316830E-02
    1.274613E+00   -8.007793E-02
    1.275025E+00   -7.698526E-02
    1.275421E+00   -7.389038E-02
    1.275799E+00   -7.079339E-02
    1.276160E+00   -6.769436E-02
    1.276504E+00   -6.459340E-02
    1.276831E+00   -6.149060E-02
    1.277141E+00   -5.838605E-02
    1.277434E+00   -5.527984E-02
    1.277710E+00   -5.217207E-02
    1.277969E+00   -4.906283E-02
    1.278210E+00   -4.595220E-02
    1.278435E+00   -4.284029E-02
    1.278642E+00   -3.972719E-02
    1.278832E+00   -3.661300E-02
    1.279005E+00   -3.349780E-02
    1.279161E+00   -3.038169E-02
    1.279300E+00   -2.726477E-02
    1.279421E+00   -2.414714E-02
    1.279525E+00   -2.102887E-02
    1.279612E+00   -1.791009E-02
    1.279681E+00   -1.479086E-02
    1.279734E+00   -1.167131E-02
    1.279768E+00   -8.551505E-03
    1.279786E+00   -5.431559E-03
    1.279787E+00   -2.311563E-03
    1.279770E+00    8.083872E-04
    1.279735E+00    3.928195E-03
    1.279684E+00    7.047766E-03
    1.279615E+00    1.016700E-02
    1.279529E+00    1.328581E-02
    1.279425E+00    1.640409E-02
    1.279305E+00    1.952175E-02
    1.279166E+00    2.263868E-02
    1.279011E+00    2.575481E-02
    1.278838E+00    2.887002E-02
    1.278648E+00    3.198423E-02
    1.278441E+00    3.509734E-02
    1.278217E+00    3.820924E-02
    1.277975E+00    4.131985E-02
    1.277716E+00    4.442907E-02
    1.277439E+00    4.753681E-02
    1.277146E+00    5.064296E-02
    1.276835E+00    5.374744E-02
    1.276507E+00    5.685014E-02
    1.276162E+00    5.995098E-02
    1.275799E+00    6.304985E-02
    1.275420E+00    6.614667E-02
    1.275023E+00    6.924133E-02
    1.274609E+00    7.233375E-02
    1.274178E+00    7.542383E-02
    1.273730E+00    7.851147E-02
    1.273265E+00    8.159658E-02
    1.272782E+00    8.467907E-02
    1.272283E+00    8.775884E-02
    1.271766E+00    9.083581E-02
    1.271233E+00    9.390986E-02
    1.270683E+00    9.698092E-02
    1.270115E+00    1.000489E-01
    1.269531E+00    1.031137E-01
    1.268930E+00    1.061752E-01
    1.268311E+00    1.092333E-01
    1.267676E+00    1.122880E-01
    1.267024E+00    1.153390E-01
    1.266355E+00    1.183865E-01
    1.265669E+00    1.214302E-01
    1.264967E+00    1.244700E-01
    1.264247E+00    1.275059E-01
    1.263511E+00    1.305378E-01
    1.262758E+00    1.335656E-01
    1.261988E+00    1.365891E-01
    1.261202E+00    1.396083E-01
    1.260398E+00    1.426231E-01
    1.259578E+00    1.456335E-01
    1.258742E+00    1.486392E-01
    1.257888E+00    1.516402E-01
    1.257018E+00    1.546364E-01
    1.256131E+00    1.576277E-01
    1.255228E+00    1.606141E-01
    1.254308E+00    1.635953E-01
    1.253371E+00    1.665714E-01
    1.252418E+00    1.695422E-01
    1.251448E+00    1.725076E-01
    1.250461E+00    1.754675E-01
    1.249458E+00    1.784218E-01
    1.248438E+00    1.813704E-01
    1.247402E+00    1.843133E-01
    1.246349E+00    1.872502E-01
    1.245279E+00    1.901811E-01
    1.244193E+00    1.931059E-01
    1.243090E+00    1.960245E-01
    1.241971E+00    1.989368E-01
    1.240835E+00    2.018426E-01
    1.239682E+00    2.047418E-01
    1.238513E+00    2.076345E-01
    1.237327E+00    2.105203E-01
    1.236124E+00    2.133992E-01
    1.234905E+00    2.162712E-01
    1.233670E+00    2.191360E-01
    1.232417E+00    2.219936E-01
    1.231148E+00    2.248438E-01
    1.229862E+00    2.276865E-01
    1.228560E+00    2.305216E-01
    1.227240E+00    2.333489E-01
    1.225904E+00    2.361684E-01
    1.224551E+00    2.389798E-01
    1.223182E+00    2.417831E-01
    1.221795E+00    2.445781E-01
    1.220392E+00    2.473646E-01
    1.218971E+00    2.501426E-01
    1.217534E+00    2.529118E-01
    1.216080E+00    2.556721E-01
    1.214609E+00    2.584234E-01
    1.213120E+00    2.611655E-01
    1.211615E+00    2.638982E-01
    1.210092E+00    2.666214E-01
    1.208552E+00    2.693349E-01
    1.206995E+00    2.720386E-01
    1.205421E+00    2.747322E-01
    1.203829E+00    2.774157E-01
    1.202220E+00    2.800887E-01
    1.200593E+00    2.827512E-01
    1.200000E+00    2.837126E-01
# Wall    5, psi=   2.126045E-02, psi/psi_sep =  0.269502
    1.200000E+00   -3.240008E-01
    1.201715E+00   -3.213942E-01
    1.203413E+00   -3.187770E-01
    1.205095E+00   -3.161492E-01
    1.206761E+00   -3.135110E-01
    1.208410E+00   -3.108627E-01
    1.210043E+00   -3.082043E-01
    1.211661E+00   -3.055361E-01
    1.213262E+00   -3.028582E-01
    1.214847E+00   -3.001709E-01
    1.216416E+00   -2.974741E-01
    1.217969E+00   -2.947682E-01
    1.219506E+00   -2.920532E-01
    1.221028E+00   -2.893294E-01
    1.222533E+00   -2.865968E-01
    1.224023E+00   -2.838555E-01
    1.225498E+00   -2.811058E-01
    1.226956E+00   -2.783478E-01
    1.228399E+00   -2.755815E-01
    1.229827E+00   -2.728071E-01
    1.231238E+00   -2.700248E-01
    1.232635E+00   -2.672347E-01
    1.234015E+00   -2.644368E-01
    1.235380E+00   -2.616314E-01
    1.236730E+00   -2.588184E-01
    1.238064E+00   -2.559981E-01
    1.239383E+00   -2.531706E-01
    1.240687E+00   -2.503359E-01
    1.241975E+00   -2.474941E-01
    1.243247E+00   -2.446455E-01
    1.244505E+00   -2.417900E-01
    1.245746E+00   -2.389278E-01
    1.246973E+00   -2.360590E-01
    1.248184E+00   -2.331837E-01
    1.249380E+00   -2.303020E-01
    1.250561E+00   -2.274140E-01
    1.251726E+00   -2.245198E-01
    1.252876E+00   -2.216194E-01
    1.254010E+00   -2.187131E-01
    1.255130E+00   -2.158008E-01
    1.256234E+00   -2.128826E-01
    1.257323E+00   -2.099588E-01
    1.258396E+00   -2.070292E-01
    1.259454E+00   -2.040941E-01
    1.260497E+00   -2.011535E-01
    1.261524E+00   -1.982075E-01
    1.262536E+00   -1.952562E-01
    1.263533E+00   -1.922996E-01
    1.264514E+00   -1.893379E-01
    1.265480E+00   -1.863712E-01
    1.266430E+00   -1.833995E-01
    1.267365E+00   -1.804228E-01
    1.268284E+00   -1.774414E-01
    1.269188E+00   -1.744552E-01
    1.270077E+00   -1.714644E-01
    1.270950E+00   -1.684691E-01
    1.271807E+00   -1.654692E-01
    1.272649E+00   -1.624650E-01
    1.273476E+00   -1.594564E-01
    1.274286E+00   -1.564436E-01
    1.275082E+00   -1.534266E-01
    1.275861E+00   -1.504056E-01
    1.276625E+00   -1.473806E-01
    1.277373E+00   -1.443516E-01
    1.278106E+00   -1.413188E-01
    1.278823E+00   -1.382823E-01
    1.279524E+00   -1.352421E-01
    1.280209E+00   -1.321983E-01
    1.280879E+00   -1.291510E-01
    1.281532E+00   -1.261003E-01
    1.282170E+00   -1.230462E-01
    1.282792E+00   -1.199888E-01
    1.283398E+00   -1.169282E-01
    1.283988E+00   -1.138645E-01
    1.284563E+00   -1.107978E-01
    1.285121E+00   -1.077282E-01
    1.285663E+00   -1.046556E-01
    1.286189E+00   -1.015803E-01
    1.286699E+00   -9.850229E-02
    1.287193E+00   -9.542164E-02
    1.287671E+00   -9.233844E-02
    1.288132E+00   -8.925279E-02
    1.288578E+00   -8.616475E-02
    1.289007E+00   -8.307443E-02
    1.289420E+00   -7.998188E-02
    1.289817E+00   -7.688722E-02
    1.290197E+00   -7.379050E-02
    1.290561E+00   -7.069182E-02
    1.290909E+00   -6.759127E-02
    1.291241E+00   -6.448892E-02
    1.291556E+00   -6.138487E-02
    1.291854E+00   -5.827919E-02
    1.292136E+00   -5.517198E-02
    1.292402E+00   -5.206332E-02
    1.292651E+00   -4.895329E-02
    1.292884E+00   -4.584198E-02
    1.293100E+00   -4.272948E-02
    1.293300E+00   -3.961588E-02
    1.293483E+00   -3.650125E-02
    1.293649E+00   -3.338570E-02
    1.293799E+00   -3.026931E-02
    1.293932E+00   -2.715216E-02
    1.294049E+00   -2.403435E-02
    1.294149E+00   -2.091596E-02
    1.294233E+00   -1.779708E-02
    1.294299E+00   -1.467779E-02
    1.294349E+00   -1.155820E-02
    1.294383E+00   -8.438383E-03
    1.294400E+00   -5.318432E-03
    1.294400E+00   -2.198435E-03
    1.294383E+00    9.215171E-04
    1.294350E+00    4.041336E-03
    1.294300E+00    7.160933E-03
    1.294233E+00    1.028022E-02
    1.294150E+00    1.339910E-02
    1.294050E+00    1.651750E-02
    1.293934E+00    1.963531E-02
    1.293800E+00    2.275246E-02
    1.293650E+00    2.586884E-02
    1.293484E+00    2.898439E-02
    1.293300E+00    3.209899E-02
    1.293100E+00    3.521257E-02
    1.292884E+00    3.832503E-02
    1.292650E+00    4.143630E-02
    1.292400E+00    4.454627E-02
    1.292134E+00    4.765486E-02
    1.291851E+00    5.076198E-02
    1.291551E+00    5.386754E-02
    1.291235E+00    5.697146E-02
    1.290902E+00    6.007365E-02
    1.290552E+00    6.317401E-02
    1.290186E+00    6.627247E-02
    1.289804E+00    6.936893E-02
    1.289405E+00    7.246331E-02
    1.288989E+00    7.555553E-02
    1.288557E+00    7.864548E-02
    1.288109E+00    8.173310E-02
    1.287644E+00    8.481829E-02
    1.287163E+00    8.790097E-02
    1.286666E+00    9.098104E-02
    1.286152E+00    9.405843E-02
    1.285622E+00    9.713306E-02
    1.285075E+00    1.002048E-01
    1.284512E+00    1.032736E-01
    1.283933E+00    1.063394E-01
    1.283338E+00    1.094021E-01
    1.282727E+00    1.124616E-01
    1.282099E+00    1.155178E-01
    1.281455E+00    1.185707E-01
    1.280795E+00    1.216201E-01
    1.280119E+00    1.246659E-01
    1.279427E+00    1.277082E-01
    1.278719E+00    1.307467E-01
    1.277994E+00    1.337815E-01
    1.277254E+00    1.368124E-01
    1.276498E+00    1.398393E-01
    1.275725E+00    1.428622E-01
    1.274937E+00    1.458809E-01
    1.274133E+00    1.488955E-01
    1.273312E+00    1.519057E-01
    1.272476E+00    1.549116E-01
    1.271624E+00    1.579130E-01
    1.270756E+00    1.609098E-01
    1.269872E+00    1.639020E-01
    1.268973E+00    1.668895E-01
    1.268057E+00    1.698721E-01
    1.267126E+00    1.728499E-01
    1.266179E+00    1.758226E-01
    1.265216E+00    1.787903E-01
    1.264237E+00    1.817528E-01
    1.263242E+00    1.847100E-01
    1.262232E+00    1.876619E-01
    1.261206E+00    1.906084E-01
    1.260164E+00    1.935493E-01
    1.259107E+00    1.964846E-01
    1.258033E+00    1.994142E-01
    1.256944E+00    2.023379E-01
    1.255840E+00    2.052558E-01
    1.254719E+00    2.081677E-01
    1.253583E+00    2.110734E-01
    1.252431E+00    2.139730E-01
    1.251264E+00    2.168663E-01
    1.250080E+00    2.197532E-01
    1.248881E+00    2.226337E-01
    1.247667E+00    2.255075E-01
    1.246436E+00    2.283746E-01
    1.245190E+00    2.312350E-01
    1.243928E+00    2.340884E-01
    1.242651E+00    2.369349E-01
    1.241357E+00    2.397742E-01
    1.240048E+00    2.426062E-01
    1.238723E+00    2.454309E-01
    1.237383E+00    2.482481E-01
    1.236026E+00    2.510577E-01
    1.234653E+00    2.538596E-01
    1.233265E+00    2.566537E-01
    1.231861E+00    2.594398E-01
    1.230440E+00    2.622177E-01
    1.229004E+00    2.649875E-01
    1.227552E+00    2.677489E-01
    1.226084E+00    2.705018E-01
    1.224599E+00    2.732461E-01
    1.223099E+00    2.759817E-01
    1.221582E+00    2.787083E-01
    1.220050E+00    2.814259E-01
    1.218501E+00    2.841343E-01
    1.216936E+00    2.868333E-01
    1.215355E+00    2.895229E-01
    1.213757E+00    2.922028E-01
    1.212143E+00    2.948729E-01
    1.210512E+00    2.975330E-01
    1.208866E+00    3.001830E-01
    1.207202E+00    3.028226E-01
    1.205522E+00    3.054518E-01
    1.203826E+00    3.080702E-01
    1.202113E+00    3.106778E-01
    1.200383E+00    3.132744E-01
    1.200000E+00    3.138445E-01
# Wall    6, psi=   2.400462E-02, psi/psi_sep =  0.304287
    1.200000E+00   -3.509082E-01
    1.201794E+00   -3.483555E-01
    1.203572E+00   -3.457917E-01
    1.205334E+00   -3.432171E-01
    1.207081E+00   -3.406318E-01
    1.208812E+00   -3.380360E-01
    1.210527E+00   -3.354299E-01
    1.212227E+00   -3.328135E-01
    1.213911E+00   -3.301872E-01
    1.215580E+00   -3.275510E-01
    1.217233E+00   -3.249052E-01
    1.218871E+00   -3.222498E-01
    1.220494E+00   -3.195850E-01
    1.222102E+00   -3.169109E-01
    1.223694E+00   -3.142278E-01
    1.225271E+00   -3.115358E-01
    1.226833E+00   -3.088349E-01
    1.228380E+00   -3.061254E-01
    1.229912E+00   -3.034073E-01
    1.231428E+00   -3.006808E-01
    1.232930E+00   -2.979461E-01
    1.234417E+00   -2.952033E-01
    1.235889E+00   -2.924524E-01
    1.237347E+00   -2.896936E-01
    1.238789E+00   -2.869270E-01
    1.240217E+00   -2.841528E-01
    1.241629E+00   -2.813710E-01
    1.243028E+00   -2.785818E-01
    1.244411E+00   -2.757853E-01
    1.245780E+00   -2.729815E-01
    1.247133E+00   -2.701706E-01
    1.248473E+00   -2.673527E-01
    1.249797E+00   -2.645278E-01
    1.251107E+00   -2.616962E-01
    1.252403E+00   -2.588578E-01
    1.253684E+00   -2.560128E-01
    1.254950E+00   -2.531613E-01
    1.256201E+00   -2.503033E-01
    1.257438E+00   -2.474390E-01
    1.258661E+00   -2.445684E-01
    1.259869E+00   -2.416917E-01
    1.261062E+00   -2.388089E-01
    1.262240E+00   -2.359201E-01
    1.263405E+00   -2.330254E-01
    1.264554E+00   -2.301249E-01
    1.265689E+00   -2.272187E-01
    1.266810E+00   -2.243068E-01
    1.267915E+00   -2.213894E-01
    1.269007E+00   -2.184665E-01
    1.270083E+00   -2.155382E-01
    1.271145E+00   -2.126045E-01
    1.272193E+00   -2.096656E-01
    1.273226E+00   -2.067215E-01
    1.274244E+00   -2.037723E-01
    1.275247E+00   -2.008181E-01
    1.276236E+00   -1.978590E-01
    1.277210E+00   -1.948949E-01
    1.278170E+00   -1.919261E-01
    1.279115E+00   -1.889526E-01
    1.280044E+00   -1.859744E-01
    1.280960E+00   -1.829916E-01
    1.281860E+00   -1.800043E-01
    1.282745E+00   -1.770126E-01
    1.283616E+00   -1.740165E-01
    1.284472E+00   -1.710162E-01
    1.285313E+00   -1.680116E-01
    1.286138E+00   -1.650029E-01
    1.286949E+00   -1.619902E-01
    1.287746E+00   -1.589735E-01
    1.288527E+00   -1.559528E-01
    1.289293E+00   -1.529283E-01
    1.290044E+00   -1.499001E-01
    1.290780E+00   -1.468681E-01
    1.291501E+00   -1.438325E-01
    1.292206E+00   -1.407934E-01
    1.292897E+00   -1.377508E-01
    1.293572E+00   -1.347048E-01
    1.294233E+00   -1.316555E-01
    1.294878E+00   -1.286029E-01
    1.295507E+00   -1.255471E-01
    1.296122E+00   -1.224882E-01
    1.296721E+00   -1.194263E-01
    1.297305E+00   -1.163614E-01
    1.297873E+00   -1.132936E-01
    1.298426E+00   -1.102230E-01
    1.298964E+00   -1.071497E-01
    1.299486E+00   -1.040737E-01
    1.299993E+00   -1.009951E-01
    1.300484E+00   -9.791398E-02
    1.300959E+00   -9.483043E-02
    1.301419E+00   -9.174451E-02
    1.301863E+00   -8.865631E-02
    1.302292E+00   -8.556589E-02
    1.302705E+00   -8.247334E-02
    1.303102E+00   -7.937873E-02
    1.303483E+00   -7.628214E-02
    1.303849E+00   -7.318365E-02
    1.304199E+00   -7.008333E-02
    1.304533E+00   -6.698127E-02
    1.304851E+00   -6.387755E-02
    1.305154E+00   -6.077223E-02
    1.305440E+00   -5.766541E-02
    1.305711E+00   -5.455717E-02
    1.305965E+00   -5.144757E-02
    1.306204E+00   -4.833671E-02
    1.306426E+00   -4.522467E-02
    1.306633E+00   -4.211152E-02
    1.306824E+00   -3.899735E-02
    1.306998E+00   -3.588224E-02
    1.307157E+00   -3.276627E-02
    1.307299E+00   -2.964952E-02
    1.307425E+00   -2.653208E-02
    1.307535E+00   -2.341403E-02
    1.307630E+00   -2.029546E-02
    1.307708E+00   -1.717643E-02
    1.307769E+00   -1.405705E-02
    1.307815E+00   -1.093739E-02
    1.307845E+00   -7.817532E-03
    1.307858E+00   -4.697565E-03
    1.307855E+00   -1.577569E-03
    1.307836E+00    1.542370E-03
    1.307801E+00    4.662169E-03
    1.307750E+00    7.781745E-03
    1.307683E+00    1.090101E-02
    1.307599E+00    1.401989E-02
    1.307499E+00    1.713829E-02
    1.307383E+00    2.025614E-02
    1.307251E+00    2.337334E-02
    1.307103E+00    2.648981E-02
    1.306939E+00    2.960547E-02
    1.306758E+00    3.272025E-02
    1.306562E+00    3.583404E-02
    1.306349E+00    3.894677E-02
    1.306120E+00    4.205836E-02
    1.305875E+00    4.516873E-02
    1.305614E+00    4.827778E-02
    1.305337E+00    5.138545E-02
    1.305044E+00    5.449163E-02
    1.304734E+00    5.759627E-02
    1.304409E+00    6.069926E-02
    1.304068E+00    6.380053E-02
    1.303711E+00    6.690000E-02
    1.303337E+00    6.999759E-02
    1.302948E+00    7.309322E-02
    1.302543E+00    7.618680E-02
    1.302122E+00    7.927825E-02
    1.301685E+00    8.236750E-02
    1.301232E+00    8.545447E-02
    1.300764E+00    8.853907E-02
    1.300279E+00    9.162123E-02
    1.299779E+00    9.470086E-02
    1.299263E+00    9.777790E-02
    1.298731E+00    1.008522E-01
    1.298184E+00    1.039238E-01
    1.297621E+00    1.069926E-01
    1.297042E+00    1.100584E-01
    1.296447E+00    1.131213E-01
    1.295837E+00    1.161810E-01
    1.295212E+00    1.192377E-01
    1.294570E+00    1.222911E-01
    1.293914E+00    1.253412E-01
    1.293241E+00    1.283879E-01
    1.292554E+00    1.314311E-01
    1.291850E+00    1.344708E-01
    1.291132E+00    1.375070E-01
    1.290398E+00    1.405394E-01
    1.289648E+00    1.435680E-01
    1.288884E+00    1.465928E-01
    1.288103E+00    1.496137E-01
    1.287308E+00    1.526306E-01
    1.286497E+00    1.556435E-01
    1.285671E+00    1.586521E-01
    1.284830E+00    1.616566E-01
    1.283974E+00    1.646567E-01
    1.283102E+00    1.676525E-01
    1.282215E+00    1.706438E-01
    1.281313E+00    1.736305E-01
    1.280396E+00    1.766126E-01
    1.279463E+00    1.795901E-01
    1.278516E+00    1.825627E-01
    1.277553E+00    1.855305E-01
    1.276576E+00    1.884933E-01
    1.275583E+00    1.914512E-01
    1.274575E+00    1.944039E-01
    1.273552E+00    1.973514E-01
    1.272514E+00    2.002937E-01
    1.271461E+00    2.032307E-01
    1.270393E+00    2.061622E-01
    1.269310E+00    2.090882E-01
    1.268212E+00    2.120087E-01
    1.267099E+00    2.149235E-01
    1.265972E+00    2.178325E-01
    1.264829E+00    2.207356E-01
    1.263671E+00    2.236329E-01
    1.262498E+00    2.265241E-01
    1.261311E+00    2.294093E-01
    1.260108E+00    2.322882E-01
    1.258891E+00    2.351609E-01
    1.257658E+00    2.380272E-01
    1.256411E+00    2.408870E-01
    1.255149E+00    2.437402E-01
    1.253872E+00    2.465868E-01
    1.252579E+00    2.494266E-01
    1.251272E+00    2.522595E-01
    1.249950E+00    2.550855E-01
    1.248613E+00    2.579043E-01
    1.247260E+00    2.607160E-01
    1.245893E+00    2.635204E-01
    1.244510E+00    2.663175E-01
    1.243113E+00    2.691070E-01
    1.241700E+00    2.718889E-01
    1.240273E+00    2.746630E-01
    1.238830E+00    2.774293E-01
    1.237372E+00    2.801877E-01
    1.235898E+00    2.829379E-01
    1.234410E+00    2.856800E-01
    1.232906E+00    2.884137E-01
    1.231387E+00    2.911389E-01
    1.229853E+00    2.938556E-01
    1.228303E+00    2.965635E-01
    1.226738E+00    2.992626E-01
    1.225158E+00    3.019527E-01
    1.223562E+00    3.046336E-01
    1.221950E+00    3.073053E-01
    1.220323E+00    3.099675E-01
    1.218681E+00    3.126202E-01
    1.217023E+00    3.152631E-01
    1.215349E+00    3.178961E-01
    1.213660E+00    3.205191E-01
    1.211954E+00    3.231319E-01
    1.210233E+00    3.257342E-01
    1.208496E+00    3.283260E-01
    1.206744E+00    3.309071E-01
    1.204975E+00    3.334773E-01
    1.203190E+00    3.360363E-01
    1.201389E+00    3.385841E-01
    1.200000E+00    3.405260E-01
# Wall    7, psi=   2.674879E-02, psi/psi_sep =  0.339073
    1.200000E+00   -3.752622E-01
    1.201858E+00   -3.727561E-01
    1.203701E+00   -3.702386E-01
    1.205529E+00   -3.677102E-01
    1.207342E+00   -3.651708E-01
    1.209140E+00   -3.626206E-01
    1.210922E+00   -3.600600E-01
    1.212690E+00   -3.574889E-01
    1.214442E+00   -3.549076E-01
    1.216180E+00   -3.523162E-01
    1.217902E+00   -3.497149E-01
    1.219610E+00   -3.471039E-01
    1.221303E+00   -3.444832E-01
    1.222982E+00   -3.418530E-01
    1.224645E+00   -3.392136E-01
    1.226294E+00   -3.365649E-01
    1.227928E+00   -3.339072E-01
    1.229548E+00   -3.312405E-01
    1.231153E+00   -3.285651E-01
    1.232744E+00   -3.258811E-01
    1.234320E+00   -3.231885E-01
    1.235882E+00   -3.204875E-01
    1.237429E+00   -3.177783E-01
    1.238962E+00   -3.150609E-01
    1.240481E+00   -3.123354E-01
    1.241985E+00   -3.096021E-01
    1.243475E+00   -3.068610E-01
    1.244951E+00   -3.041122E-01
    1.246413E+00   -3.013558E-01
    1.247861E+00   -2.985920E-01
    1.249294E+00   -2.958209E-01
    1.250714E+00   -2.930424E-01
    1.252119E+00   -2.902569E-01
    1.253511E+00   -2.874643E-01
    1.254888E+00   -2.846648E-01
    1.256251E+00   -2.818584E-01
    1.257600E+00   -2.790452E-01
    1.258936E+00   -2.762254E-01
    1.260257E+00   -2.733990E-01
    1.261564E+00   -2.705662E-01
    1.262858E+00   -2.677269E-01
    1.264137E+00   -2.648813E-01
    1.265403E+00   -2.620295E-01
    1.266654E+00   -2.591715E-01
    1.267892E+00   -2.563075E-01
    1.269116E+00   -2.534375E-01
    1.270326E+00   -2.505616E-01
    1.271522E+00   -2.476799E-01
    1.272703E+00   -2.447925E-01
    1.273872E+00   -2.418994E-01
    1.275026E+00   -2.390007E-01
    1.276166E+00   -2.360965E-01
    1.277292E+00   -2.331869E-01
    1.278404E+00   -2.302719E-01
    1.279503E+00   -2.273516E-01
    1.280587E+00   -2.244262E-01
    1.281658E+00   -2.214956E-01
    1.282714E+00   -2.185599E-01
    1.283757E+00   -2.156193E-01
    1.284786E+00   -2.126737E-01
    1.285800E+00   -2.097233E-01
    1.286801E+00   -2.067680E-01
    1.287787E+00   -2.038080E-01
    1.288759E+00   -2.008434E-01
    1.289717E+00   -1.978742E-01
    1.290661E+00   -1.949004E-01
    1.291591E+00   -1.919222E-01
    1.292507E+00   -1.889396E-01
    1.293408E+00   -1.859527E-01
    1.294295E+00   -1.829614E-01
    1.295168E+00   -1.799660E-01
    1.296027E+00   -1.769665E-01
    1.296871E+00   -1.739629E-01
    1.297701E+00   -1.709553E-01
    1.298516E+00   -1.679437E-01
    1.299317E+00   -1.649283E-01
    1.300104E+00   -1.619091E-01
    1.300876E+00   -1.588862E-01
    1.301634E+00   -1.558596E-01
    1.302377E+00   -1.528294E-01
    1.303106E+00   -1.497957E-01
    1.303820E+00   -1.467585E-01
    1.304519E+00   -1.437179E-01
    1.305204E+00   -1.406740E-01
    1.305874E+00   -1.376268E-01
    1.306530E+00   -1.345765E-01
    1.307171E+00   -1.315230E-01
    1.307797E+00   -1.284665E-01
    1.308408E+00   -1.254069E-01
    1.309005E+00   -1.223445E-01
    1.309586E+00   -1.192792E-01
    1.310153E+00   -1.162111E-01
    1.310705E+00   -1.131403E-01
    1.311242E+00   -1.100668E-01
    1.311763E+00   -1.069908E-01
    1.312270E+00   -1.039122E-01
    1.312762E+00   -1.008312E-01
    1.313239E+00   -9.774788E-02
    1.313701E+00   -9.466223E-02
    1.314147E+00   -9.157435E-02
    1.314578E+00   -8.848431E-02
    1.314995E+00   -8.539219E-02
    1.315395E+00   -8.229806E-02
    1.315781E+00   -7.920199E-02
    1.316151E+00   -7.610405E-02
    1.316506E+00   -7.300432E-02
    1.316846E+00   -6.990287E-02
    1.317170E+00   -6.679977E-02
    1.317479E+00   -6.369510E-02
    1.317773E+00   -6.058894E-02
    1.318051E+00   -5.748135E-02
    1.318313E+00   -5.437242E-02
    1.318560E+00   -5.126222E-02
    1.318792E+00   -4.815082E-02
    1.319008E+00   -4.503831E-02
    1.319208E+00   -4.192475E-02
    1.319393E+00   -3.881023E-02
    1.319562E+00   -3.569483E-02
    1.319716E+00   -3.257861E-02
    1.319854E+00   -2.946167E-02
    1.319976E+00   -2.634407E-02
    1.320083E+00   -2.322589E-02
    1.320174E+00   -2.010722E-02
    1.320249E+00   -1.698813E-02
    1.320308E+00   -1.386871E-02
    1.320352E+00   -1.074902E-02
    1.320380E+00   -7.629148E-03
    1.320393E+00   -4.509176E-03
    1.320390E+00   -1.389181E-03
    1.320371E+00    1.730758E-03
    1.320336E+00    4.850561E-03
    1.320285E+00    7.970150E-03
    1.320219E+00    1.108944E-02
    1.320137E+00    1.420837E-02
    1.320040E+00    1.732683E-02
    1.319926E+00    2.044477E-02
    1.319797E+00    2.356210E-02
    1.319653E+00    2.667873E-02
    1.319492E+00    2.979460E-02
    1.319316E+00    3.290962E-02
    1.319124E+00    3.602371E-02
    1.318916E+00    3.913679E-02
    1.318693E+00    4.224879E-02
    1.318454E+00    4.535963E-02
    1.318200E+00    4.846923E-02
    1.317930E+00    5.157751E-02
    1.317644E+00    5.468439E-02
    1.317342E+00    5.778980E-02
    1.317026E+00    6.089366E-02
    1.316693E+00    6.399588E-02
    1.316345E+00    6.709641E-02
    1.315981E+00    7.019515E-02
    1.315602E+00    7.329204E-02
    1.315208E+00    7.638699E-02
    1.314798E+00    7.947994E-02
    1.314373E+00    8.257080E-02
    1.313932E+00    8.565951E-02
    1.313476E+00    8.874598E-02
    1.313004E+00    9.183015E-02
    1.312517E+00    9.491193E-02
    1.312015E+00    9.799127E-02
    1.311498E+00    1.010681E-01
    1.310965E+00    1.041423E-01
    1.310418E+00    1.072138E-01
    1.309855E+00    1.102826E-01
    1.309276E+00    1.133485E-01
    1.308683E+00    1.164116E-01
    1.308075E+00    1.194717E-01
    1.307451E+00    1.225288E-01
    1.306813E+00    1.255828E-01
    1.306159E+00    1.286335E-01
    1.305491E+00    1.316811E-01
    1.304807E+00    1.347253E-01
    1.304109E+00    1.377661E-01
    1.303396E+00    1.408035E-01
    1.302667E+00    1.438373E-01
    1.301924E+00    1.468676E-01
    1.301167E+00    1.498941E-01
    1.300394E+00    1.529169E-01
    1.299607E+00    1.559359E-01
    1.298804E+00    1.589510E-01
    1.297987E+00    1.619622E-01
    1.297156E+00    1.649693E-01
    1.296310E+00    1.679724E-01
    1.295449E+00    1.709712E-01
    1.294573E+00    1.739658E-01
    1.293683E+00    1.769561E-01
    1.292778E+00    1.799421E-01
    1.291859E+00    1.829235E-01
    1.290925E+00    1.859005E-01
    1.289976E+00    1.888728E-01
    1.289013E+00    1.918405E-01
    1.288036E+00    1.948034E-01
    1.287044E+00    1.977615E-01
    1.286037E+00    2.007147E-01
    1.285017E+00    2.036630E-01
    1.283981E+00    2.066062E-01
    1.282932E+00    2.095444E-01
    1.281868E+00    2.124773E-01
    1.280789E+00    2.154051E-01
    1.279697E+00    2.183275E-01
    1.278590E+00    2.212445E-01
    1.277469E+00    2.241561E-01
    1.276333E+00    2.270621E-01
    1.275183E+00    2.299625E-01
    1.274019E+00    2.328571E-01
    1.272841E+00    2.357461E-01
    1.271648E+00    2.386291E-01
    1.270441E+00    2.415062E-01
    1.269220E+00    2.443772E-01
    1.267984E+00    2.472422E-01
    1.266735E+00    2.501009E-01
    1.265471E+00    2.529534E-01
    1.264192E+00    2.557995E-01
    1.262899E+00    2.586391E-01
    1.261592E+00    2.614721E-01
    1.260271E+00    2.642985E-01
    1.258936E+00    2.671182E-01
    1.257586E+00    2.699310E-01
    1.256221E+00    2.727369E-01
    1.254843E+00    2.755358E-01
    1.253450E+00    2.783276E-01
    1.252042E+00    2.811121E-01
    1.250620E+00    2.838893E-01
    1.249184E+00    2.866590E-01
    1.247733E+00    2.894212E-01
    1.246268E+00    2.921758E-01
    1.244789E+00    2.949226E-01
    1.243294E+00    2.976616E-01
    1.241786E+00    3.003926E-01
    1.240262E+00    3.031154E-01
    1.238725E+00    3.058301E-01
    1.237172E+00    3.085364E-01
    1.235605E+00    3.112342E-01
    1.234023E+00    3.139234E-01
    1.232426E+00    3.166040E-01
    1.230815E+00    3.192756E-01
    1.229189E+00    3.219383E-01
    1.227548E+00    3.245918E-01
    1.225892E+00    3.272361E-01
    1.224221E+00    3.298710E-01
    1.222535E+00    3.324964E-01
    1.220834E+00    3.351120E-01
    1.219118E+00    3.377178E-01
    1.217388E+00    3.403136E-01
    1.215641E+00    3.428993E-01
    1.213880E+00    3.454746E-01
    1.212104E+00    3.480394E-01
    1.210312E+00    3.505936E-01
    1.208505E+00    3.531370E-01
    1.206682E+00    3.556693E-01
    1.204844E+00    3.581905E-01
    1.202991E+00    3.607003E-01
    1.201122E+00    3.631985E-01
    1.200000E+00    3.646825E-01
# Wall    8, psi=   2.949296E-02, psi/psi_sep =  0.373859
    1.200000E+00   -3.976776E-01
    1.201912E+00   -3.952124E-01
    1.203810E+00   -3.927358E-01
    1.205693E+00   -3.902480E-01
    1.207561E+00   -3.877490E-01
    1.209414E+00   -3.852392E-01
    1.211253E+00   -3.827186E-01
    1.213077E+00   -3.801875E-01
    1.214887E+00   -3.776459E-01
    1.216682E+00   -3.750941E-01
    1.218463E+00   -3.725323E-01
    1.220229E+00   -3.699605E-01
    1.221981E+00   -3.673789E-01
    1.223719E+00   -3.647876E-01
    1.225443E+00   -3.621869E-01
    1.227152E+00   -3.595768E-01
    1.228847E+00   -3.569575E-01
    1.230528E+00   -3.543291E-01
    1.232195E+00   -3.516917E-01
    1.233848E+00   -3.490456E-01
    1.235487E+00   -3.463907E-01
    1.237112E+00   -3.437272E-01
    1.238723E+00   -3.410553E-01
    1.240320E+00   -3.383750E-01
    1.241903E+00   -3.356866E-01
    1.243472E+00   -3.329900E-01
    1.245028E+00   -3.302855E-01
    1.246570E+00   -3.275731E-01
    1.248098E+00   -3.248530E-01
    1.249612E+00   -3.221252E-01
    1.251113E+00   -3.193898E-01
    1.252600E+00   -3.166471E-01
    1.254074E+00   -3.138970E-01
    1.255534E+00   -3.111396E-01
    1.256980E+00   -3.083752E-01
    1.258413E+00   -3.056037E-01
    1.259833E+00   -3.028252E-01
    1.261239E+00   -3.000400E-01
    1.262631E+00   -2.972479E-01
    1.264010E+00   -2.944493E-01
    1.265376E+00   -2.916440E-01
    1.266728E+00   -2.888322E-01
    1.268067E+00   -2.860140E-01
    1.269392E+00   -2.831895E-01
    1.270704E+00   -2.803588E-01
    1.272003E+00   -2.775219E-01
    1.273288E+00   -2.746789E-01
    1.274560E+00   -2.718299E-01
    1.275818E+00   -2.689750E-01
    1.277063E+00   -2.661142E-01
    1.278295E+00   -2.632477E-01
    1.279514E+00   -2.603755E-01
    1.280719E+00   -2.574976E-01
    1.281910E+00   -2.546142E-01
    1.283089E+00   -2.517253E-01
    1.284254E+00   -2.488310E-01
    1.285406E+00   -2.459314E-01
    1.286544E+00   -2.430265E-01
    1.287669E+00   -2.401164E-01
    1.288781E+00   -2.372012E-01
    1.289879E+00   -2.342810E-01
    1.290964E+00   -2.313557E-01
    1.292036E+00   -2.284255E-01
    1.293094E+00   -2.254905E-01
    1.294139E+00   -2.225506E-01
    1.295170E+00   -2.196060E-01
    1.296188E+00   -2.166567E-01
    1.297192E+00   -2.137027E-01
    1.298183E+00   -2.107442E-01
    1.299160E+00   -2.077812E-01
    1.300124E+00   -2.048138E-01
    1.301074E+00   -2.018419E-01
    1.302011E+00   -1.988658E-01
    1.302933E+00   -1.958853E-01
    1.303842E+00   -1.929007E-01
    1.304737E+00   -1.899119E-01
    1.305619E+00   -1.869190E-01
    1.306487E+00   -1.839220E-01
    1.307340E+00   -1.809211E-01
    1.308180E+00   -1.779163E-01
    1.309006E+00   -1.749077E-01
    1.309818E+00   -1.718952E-01
    1.310617E+00   -1.688791E-01
    1.311401E+00   -1.658593E-01
    1.312171E+00   -1.628358E-01
    1.312927E+00   -1.598089E-01
    1.313670E+00   -1.567785E-01
    1.314398E+00   -1.537446E-01
    1.315112E+00   -1.507074E-01
    1.315812E+00   -1.476670E-01
    1.316498E+00   -1.446233E-01
    1.317169E+00   -1.415764E-01
    1.317827E+00   -1.385264E-01
    1.318470E+00   -1.354734E-01
    1.319098E+00   -1.324175E-01
    1.319713E+00   -1.293586E-01
    1.320313E+00   -1.262968E-01
    1.320899E+00   -1.232323E-01
    1.321470E+00   -1.201651E-01
    1.322027E+00   -1.170952E-01
    1.322569E+00   -1.140227E-01
    1.323097E+00   -1.109476E-01
    1.323610E+00   -1.078701E-01
    1.324109E+00   -1.047903E-01
    1.324593E+00   -1.017080E-01
    1.325062E+00   -9.862354E-02
    1.325517E+00   -9.553685E-02
    1.325957E+00   -9.244802E-02
    1.326382E+00   -8.935713E-02
    1.326792E+00   -8.626424E-02
    1.327188E+00   -8.316941E-02
    1.327569E+00   -8.007272E-02
    1.327934E+00   -7.697424E-02
    1.328285E+00   -7.387404E-02
    1.328621E+00   -7.077217E-02
    1.328942E+00   -6.766872E-02
    1.329248E+00   -6.456376E-02
    1.329539E+00   -6.145735E-02
    1.329815E+00   -5.834957E-02
    1.330075E+00   -5.524048E-02
    1.330321E+00   -5.213017E-02
    1.330551E+00   -4.901869E-02
    1.330767E+00   -4.590614E-02
    1.330967E+00   -4.279256E-02
    1.331152E+00   -3.967805E-02
    1.331322E+00   -3.656267E-02
    1.331476E+00   -3.344650E-02
    1.331615E+00   -3.032961E-02
    1.331739E+00   -2.721208E-02
    1.331848E+00   -2.409397E-02
    1.331941E+00   -2.097537E-02
    1.332019E+00   -1.785635E-02
    1.332082E+00   -1.473699E-02
    1.332129E+00   -1.161735E-02
    1.332161E+00   -8.497518E-03
    1.332178E+00   -5.377566E-03
    1.332180E+00   -2.257570E-03
    1.332166E+00    8.623962E-04
    1.332136E+00    3.982256E-03
    1.332092E+00    7.101933E-03
    1.332032E+00    1.022135E-02
    1.331956E+00    1.334044E-02
    1.331866E+00    1.645912E-02
    1.331760E+00    1.957732E-02
    1.331638E+00    2.269495E-02
    1.331502E+00    2.581195E-02
    1.331350E+00    2.892824E-02
    1.331182E+00    3.204375E-02
    1.331000E+00    3.515840E-02
    1.330802E+00    3.827211E-02
    1.330589E+00    4.138481E-02
    1.330360E+00    4.449642E-02
    1.330116E+00    4.760688E-02
    1.329857E+00    5.071611E-02
    1.329583E+00    5.382403E-02
    1.329293E+00    5.693057E-02
    1.328989E+00    6.003565E-02
    1.328669E+00    6.313922E-02
    1.328334E+00    6.624118E-02
    1.327984E+00    6.934147E-02
    1.327619E+00    7.244002E-02
    1.327238E+00    7.553675E-02
    1.326843E+00    7.863160E-02
    1.326433E+00    8.172449E-02
    1.326007E+00    8.481535E-02
    1.325567E+00    8.790411E-02
    1.325112E+00    9.099071E-02
    1.324641E+00    9.407507E-02
    1.324156E+00    9.715712E-02
    1.323656E+00    1.002368E-01
    1.323141E+00    1.033140E-01
    1.322612E+00    1.063887E-01
    1.322067E+00    1.094609E-01
    1.321508E+00    1.125304E-01
    1.320934E+00    1.155971E-01
    1.320346E+00    1.186611E-01
    1.319743E+00    1.217222E-01
    1.319125E+00    1.247804E-01
    1.318492E+00    1.278357E-01
    1.317845E+00    1.308878E-01
    1.317184E+00    1.339369E-01
    1.316508E+00    1.369828E-01
    1.315817E+00    1.400254E-01
    1.315112E+00    1.430647E-01
    1.314393E+00    1.461006E-01
    1.313659E+00    1.491331E-01
    1.312911E+00    1.521621E-01
    1.312148E+00    1.551875E-01
    1.311372E+00    1.582092E-01
    1.310581E+00    1.612273E-01
    1.309775E+00    1.642415E-01
    1.308956E+00    1.672520E-01
    1.308122E+00    1.702585E-01
    1.307274E+00    1.732611E-01
    1.306412E+00    1.762596E-01
    1.305536E+00    1.792540E-01
    1.304645E+00    1.822442E-01
    1.303741E+00    1.852302E-01
    1.302822E+00    1.882119E-01
    1.301889E+00    1.911893E-01
    1.300943E+00    1.941622E-01
    1.299982E+00    1.971306E-01
    1.299007E+00    2.000945E-01
    1.298019E+00    2.030537E-01
    1.297016E+00    2.060083E-01
    1.296000E+00    2.089581E-01
    1.294970E+00    2.119031E-01
    1.293926E+00    2.148432E-01
    1.292868E+00    2.177784E-01
    1.291796E+00    2.207085E-01
    1.290711E+00    2.236336E-01
    1.289611E+00    2.265536E-01
    1.288499E+00    2.294683E-01
    1.287372E+00    2.323778E-01
    1.286232E+00    2.352820E-01
    1.285078E+00    2.381807E-01
    1.283910E+00    2.410739E-01
    1.282728E+00    2.439616E-01
    1.281533E+00    2.468436E-01
    1.280325E+00    2.497200E-01
    1.279102E+00    2.525905E-01
    1.277866E+00    2.554552E-01
    1.276616E+00    2.583139E-01
    1.275353E+00    2.611667E-01
    1.274076E+00    2.640133E-01
    1.272785E+00    2.668537E-01
    1.271480E+00    2.696878E-01
    1.270162E+00    2.725156E-01
    1.268830E+00    2.753370E-01
    1.267484E+00    2.781518E-01
    1.266124E+00    2.809600E-01
    1.264751E+00    2.837616E-01
    1.263364E+00    2.865563E-01
    1.261963E+00    2.893442E-01
    1.260549E+00    2.921251E-01
    1.259120E+00    2.948989E-01
    1.257678E+00    2.976656E-01
    1.256222E+00    3.004250E-01
    1.254752E+00    3.031770E-01
    1.253269E+00    3.059216E-01
    1.251771E+00    3.086587E-01
    1.250259E+00    3.113881E-01
    1.248734E+00    3.141097E-01
    1.247194E+00    3.168234E-01
    1.245641E+00    3.195291E-01
    1.244073E+00    3.222267E-01
    1.242492E+00    3.249161E-01
    1.240896E+00    3.275971E-01
    1.239286E+00    3.302697E-01
    1.237662E+00    3.329337E-01
    1.236024E+00    3.355890E-01
    1.234371E+00    3.382354E-01
    1.232704E+00    3.408729E-01
    1.231023E+00    3.435013E-01
    1.229328E+00    3.461205E-01
    1.227618E+00    3.487303E-01
    1.225894E+00    3.513306E-01
    1.224155E+00    3.539213E-01
    1.222402E+00    3.565021E-01
    1.220635E+00    3.590730E-01
    1.218852E+00    3.616339E-01
    1.217055E+00    3.641844E-01
    1.215244E+00    3.667246E-01
    1.213417E+00    3.692542E-01
    1.211576E+00    3.717730E-01
    1.209720E+00    3.742809E-01
    1.207849E+00    3.767776E-01
    1.205963E+00    3.792631E-01
    1.204062E+00    3.817372E-01
    1.202146E+00    3.841996E-01
    1.200215E+00    3.866502E-01
    1.200000E+00    3.869215E-01
# Wall    9, psi=   3.223713E-02, psi/psi_sep =  0.408644
    1.200000E+00    4.076655E-01
    1.201979E+00    4.052536E-01
    1.203944E+00    4.028297E-01
    1.205893E+00    4.003940E-01
    1.207829E+00    3.979468E-01
    1.209750E+00    3.954881E-01
    1.211656E+00    3.930182E-01
    1.213548E+00    3.905373E-01
    1.215425E+00    3.880454E-01
    1.217288E+00    3.855427E-01
    1.219137E+00    3.830295E-01
    1.220972E+00    3.805058E-01
    1.222792E+00    3.779719E-01
    1.224598E+00    3.754278E-01
    1.226390E+00    3.728738E-01
    1.228168E+00    3.703099E-01
    1.229932E+00    3.677364E-01
    1.231682E+00    3.651534E-01
    1.233418E+00    3.625610E-01
    1.235140E+00    3.599594E-01
    1.236848E+00    3.573486E-01
    1.238543E+00    3.547289E-01
    1.240224E+00    3.521003E-01
    1.241891E+00    3.494629E-01
    1.243544E+00    3.468170E-01
    1.245184E+00    3.441626E-01
    1.246810E+00    3.414998E-01
    1.248422E+00    3.388288E-01
    1.250021E+00    3.361496E-01
    1.251606E+00    3.334624E-01
    1.253178E+00    3.307673E-01
    1.254736E+00    3.280643E-01
    1.256281E+00    3.253537E-01
    1.257813E+00    3.226354E-01
    1.259331E+00    3.199096E-01
    1.260835E+00    3.171764E-01
    1.262327E+00    3.144359E-01
    1.263805E+00    3.116882E-01
    1.265269E+00    3.089333E-01
    1.266721E+00    3.061714E-01
    1.268159E+00    3.034026E-01
    1.269583E+00    3.006269E-01
    1.270995E+00    2.978444E-01
    1.272393E+00    2.950553E-01
    1.273778E+00    2.922595E-01
    1.275150E+00    2.894573E-01
    1.276508E+00    2.866486E-01
    1.277854E+00    2.838335E-01
    1.279186E+00    2.810122E-01
    1.280505E+00    2.781847E-01
    1.281811E+00    2.753511E-01
    1.283103E+00    2.725115E-01
    1.284383E+00    2.696659E-01
    1.285649E+00    2.668144E-01
    1.286902E+00    2.639571E-01
    1.288142E+00    2.610941E-01
    1.289369E+00    2.582255E-01
    1.290583E+00    2.553512E-01
    1.291783E+00    2.524715E-01
    1.292971E+00    2.495863E-01
    1.294145E+00    2.466957E-01
    1.295306E+00    2.437998E-01
    1.296454E+00    2.408987E-01
    1.297589E+00    2.379924E-01
    1.298711E+00    2.350810E-01
    1.299819E+00    2.321646E-01
    1.300914E+00    2.292431E-01
    1.301996E+00    2.263167E-01
    1.303065E+00    2.233855E-01
    1.304120E+00    2.204494E-01
    1.305163E+00    2.175086E-01
    1.306191E+00    2.145631E-01
    1.307207E+00    2.116129E-01
    1.308209E+00    2.086582E-01
    1.309197E+00    2.056989E-01
    1.310172E+00    2.027352E-01
    1.311134E+00    1.997671E-01
    1.312082E+00    1.967946E-01
    1.313016E+00    1.938178E-01
    1.313937E+00    1.908368E-01
    1.314844E+00    1.878516E-01
    1.315738E+00    1.848623E-01
    1.316618E+00    1.818690E-01
    1.317484E+00    1.788716E-01
    1.318336E+00    1.758703E-01
    1.319175E+00    1.728652E-01
    1.320000E+00    1.698563E-01
    1.320811E+00    1.668436E-01
    1.321609E+00    1.638272E-01
    1.322392E+00    1.608072E-01
    1.323162E+00    1.577836E-01
    1.323918E+00    1.547565E-01
    1.324660E+00    1.517260E-01
    1.325388E+00    1.486921E-01
    1.326102E+00    1.456549E-01
    1.326801E+00    1.426144E-01
    1.327487E+00    1.395708E-01
    1.328159E+00    1.365240E-01
    1.328817E+00    1.334741E-01
    1.329461E+00    1.304212E-01
    1.330090E+00    1.273654E-01
    1.330705E+00    1.243066E-01
    1.331306E+00    1.212451E-01
    1.331893E+00    1.181807E-01
    1.332465E+00    1.151137E-01
    1.333024E+00    1.120440E-01
    1.333567E+00    1.089718E-01
    1.334097E+00    1.058970E-01
    1.334612E+00    1.028198E-01
    1.335112E+00    9.974023E-02
    1.335598E+00    9.665833E-02
    1.336070E+00    9.357417E-02
    1.336527E+00    9.048782E-02
    1.336969E+00    8.739935E-02
    1.337397E+00    8.430882E-02
    1.337810E+00    8.121630E-02
    1.338209E+00    7.812186E-02
    1.338593E+00    7.502556E-02
    1.338962E+00    7.192748E-02
    1.339316E+00    6.882768E-02
    1.339656E+00    6.572622E-02
    1.339981E+00    6.262318E-02
    1.340291E+00    5.951862E-02
    1.340586E+00    5.641262E-02
    1.340866E+00    5.330524E-02
    1.341132E+00    5.019656E-02
    1.341382E+00    4.708664E-02
    1.341618E+00    4.397555E-02
    1.341838E+00    4.086337E-02
    1.342044E+00    3.775017E-02
    1.342235E+00    3.463601E-02
    1.342411E+00    3.152097E-02
    1.342572E+00    2.840513E-02
    1.342718E+00    2.528854E-02
    1.342848E+00    2.217129E-02
    1.342964E+00    1.905345E-02
    1.343065E+00    1.593508E-02
    1.343151E+00    1.281627E-02
    1.343222E+00    9.697074E-03
    1.343278E+00    6.577576E-03
    1.343319E+00    3.457846E-03
    1.343344E+00    3.379558E-04
    1.343355E+00   -2.782023E-03
    1.343351E+00   -5.902017E-03
    1.343332E+00   -9.021954E-03
    1.343297E+00   -1.214176E-02
    1.343248E+00   -1.526137E-02
    1.343184E+00   -1.838071E-02
    1.343105E+00   -2.149970E-02
    1.343010E+00   -2.461827E-02
    1.342901E+00   -2.773636E-02
    1.342777E+00   -3.085389E-02
    1.342638E+00   -3.397078E-02
    1.342484E+00   -3.708698E-02
    1.342315E+00   -4.020240E-02
    1.342132E+00   -4.331698E-02
    1.341933E+00   -4.643065E-02
    1.341719E+00   -4.954334E-02
    1.341491E+00   -5.265497E-02
    1.341248E+00   -5.576549E-02
    1.340990E+00   -5.887481E-02
    1.340718E+00   -6.198287E-02
    1.340430E+00   -6.508961E-02
    1.340128E+00   -6.819495E-02
    1.339812E+00   -7.129883E-02
    1.339480E+00   -7.440119E-02
    1.339134E+00   -7.750195E-02
    1.338774E+00   -8.060104E-02
    1.338399E+00   -8.369841E-02
    1.338009E+00   -8.679399E-02
    1.337605E+00   -8.988771E-02
    1.337186E+00   -9.297952E-02
    1.336754E+00   -9.606933E-02
    1.336306E+00   -9.915710E-02
    1.335845E+00   -1.022428E-01
    1.335369E+00   -1.053262E-01
    1.334878E+00   -1.084075E-01
    1.334374E+00   -1.114864E-01
    1.333855E+00   -1.145630E-01
    1.333323E+00   -1.176372E-01
    1.332776E+00   -1.207089E-01
    1.332215E+00   -1.237780E-01
    1.331639E+00   -1.268445E-01
    1.331050E+00   -1.299084E-01
    1.330447E+00   -1.329695E-01
    1.329830E+00   -1.360279E-01
    1.329199E+00   -1.390834E-01
    1.328554E+00   -1.421361E-01
    1.327896E+00   -1.451857E-01
    1.327223E+00   -1.482324E-01
    1.326537E+00   -1.512760E-01
    1.325837E+00   -1.543164E-01
    1.325123E+00   -1.573537E-01
    1.324395E+00   -1.603877E-01
    1.323654E+00   -1.634184E-01
    1.322900E+00   -1.664457E-01
    1.322131E+00   -1.694696E-01
    1.321349E+00   -1.724901E-01
    1.320554E+00   -1.755070E-01
    1.319745E+00   -1.785203E-01
    1.318923E+00   -1.815300E-01
    1.318087E+00   -1.845359E-01
    1.317238E+00   -1.875381E-01
    1.316375E+00   -1.905364E-01
    1.315499E+00   -1.935309E-01
    1.314609E+00   -1.965214E-01
    1.313707E+00   -1.995080E-01
    1.312791E+00   -2.024905E-01
    1.311861E+00   -2.054689E-01
    1.310919E+00   -2.084431E-01
    1.309963E+00   -2.114132E-01
    1.308994E+00   -2.143789E-01
    1.308012E+00   -2.173404E-01
    1.307017E+00   -2.202975E-01
    1.306009E+00   -2.232501E-01
    1.304988E+00   -2.261983E-01
    1.303954E+00   -2.291419E-01
    1.302907E+00   -2.320810E-01
    1.301847E+00   -2.350154E-01
    1.300774E+00   -2.379451E-01
    1.299688E+00   -2.408701E-01
    1.298590E+00   -2.437903E-01
    1.297478E+00   -2.467056E-01
    1.296354E+00   -2.496159E-01
    1.295217E+00   -2.525213E-01
    1.294067E+00   -2.554217E-01
    1.292904E+00   -2.583169E-01
    1.291728E+00   -2.612069E-01
    1.290540E+00   -2.640917E-01
    1.289339E+00   -2.669712E-01
    1.288125E+00   -2.698454E-01
    1.286898E+00   -2.727140E-01
    1.285658E+00   -2.755772E-01
    1.284406E+00   -2.784348E-01
    1.283141E+00   -2.812867E-01
    1.281863E+00   -2.841329E-01
    1.280572E+00   -2.869732E-01
    1.279268E+00   -2.898077E-01
    1.277951E+00   -2.926363E-01
    1.276621E+00   -2.954588E-01
    1.275279E+00   -2.982752E-01
    1.273923E+00   -3.010854E-01
    1.272555E+00   -3.038893E-01
    1.271174E+00   -3.066869E-01
    1.269780E+00   -3.094781E-01
    1.268373E+00   -3.122628E-01
    1.266953E+00   -3.150408E-01
    1.265519E+00   -3.178122E-01
    1.264073E+00   -3.205769E-01
    1.262614E+00   -3.233347E-01
    1.261142E+00   -3.260855E-01
    1.259657E+00   -3.288293E-01
    1.258159E+00   -3.315660E-01
    1.256647E+00   -3.342955E-01
    1.255123E+00   -3.370177E-01
    1.253585E+00   -3.397325E-01
    1.252034E+00   -3.424397E-01
    1.250470E+00   -3.451394E-01
    1.248893E+00   -3.478313E-01
    1.247302E+00   -3.505154E-01
    1.245698E+00   -3.531916E-01
    1.244081E+00   -3.558597E-01
    1.242451E+00   -3.585197E-01
    1.240806E+00   -3.611714E-01
    1.239149E+00   -3.638146E-01
    1.237478E+00   -3.664494E-01
    1.235793E+00   -3.690755E-01
    1.234095E+00   -3.716929E-01
    1.232383E+00   -3.743013E-01
    1.230658E+00   -3.769008E-01
    1.228919E+00   -3.794911E-01
    1.227166E+00   -3.820721E-01
    1.225399E+00   -3.846437E-01
    1.223618E+00   -3.872057E-01
    1.221824E+00   -3.897581E-01
    1.220016E+00   -3.923006E-01
    1.218193E+00   -3.948331E-01
    1.216357E+00   -3.973555E-01
    1.214507E+00   -3.998677E-01
    1.214409E+00   -4.000000E-01
# Wall   10, psi=   3.498130E-02, psi/psi_sep =  0.443430
    1.200000E+00    4.272298E-01
    1.202019E+00    4.248510E-01
    1.204023E+00    4.224602E-01
    1.206014E+00    4.200577E-01
    1.207990E+00    4.176435E-01
    1.209953E+00    4.152179E-01
    1.211901E+00    4.127810E-01
    1.213835E+00    4.103329E-01
    1.215756E+00    4.078739E-01
    1.217662E+00    4.054041E-01
    1.219554E+00    4.029236E-01
    1.221433E+00    4.004325E-01
    1.223298E+00    3.979311E-01
    1.225149E+00    3.954195E-01
    1.226986E+00    3.928977E-01
    1.228809E+00    3.903661E-01
    1.230619E+00    3.878246E-01
    1.232415E+00    3.852735E-01
    1.234198E+00    3.827129E-01
    1.235967E+00    3.801429E-01
    1.237722E+00    3.775636E-01
    1.239464E+00    3.749753E-01
    1.241193E+00    3.723779E-01
    1.242908E+00    3.697718E-01
    1.244610E+00    3.671569E-01
    1.246299E+00    3.645334E-01
    1.247975E+00    3.619015E-01
    1.249637E+00    3.592612E-01
    1.251286E+00    3.566126E-01
    1.252922E+00    3.539559E-01
    1.254545E+00    3.512912E-01
    1.256155E+00    3.486186E-01
    1.257751E+00    3.459382E-01
    1.259335E+00    3.432500E-01
    1.260906E+00    3.405543E-01
    1.262464E+00    3.378511E-01
    1.264009E+00    3.351404E-01
    1.265541E+00    3.324224E-01
    1.267060E+00    3.296972E-01
    1.268566E+00    3.269649E-01
    1.270059E+00    3.242255E-01
    1.271540E+00    3.214791E-01
    1.273007E+00    3.187258E-01
    1.274462E+00    3.159658E-01
    1.275904E+00    3.131990E-01
    1.277333E+00    3.104255E-01
    1.278750E+00    3.076456E-01
    1.280153E+00    3.048591E-01
    1.281544E+00    3.020662E-01
    1.282922E+00    2.992671E-01
    1.284287E+00    2.964616E-01
    1.285640E+00    2.936501E-01
    1.286980E+00    2.908324E-01
    1.288307E+00    2.880087E-01
    1.289621E+00    2.851791E-01
    1.290923E+00    2.823436E-01
    1.292212E+00    2.795024E-01
    1.293488E+00    2.766554E-01
    1.294752E+00    2.738028E-01
    1.296003E+00    2.709446E-01
    1.297242E+00    2.680809E-01
    1.298467E+00    2.652118E-01
    1.299681E+00    2.623373E-01
    1.300881E+00    2.594575E-01
    1.302069E+00    2.565725E-01
    1.303244E+00    2.536823E-01
    1.304407E+00    2.507870E-01
    1.305557E+00    2.478867E-01
    1.306694E+00    2.449813E-01
    1.307818E+00    2.420710E-01
    1.308930E+00    2.391558E-01
    1.310029E+00    2.362358E-01
    1.311115E+00    2.333110E-01
    1.312189E+00    2.303814E-01
    1.313249E+00    2.274472E-01
    1.314297E+00    2.245084E-01
    1.315332E+00    2.215650E-01
    1.316354E+00    2.186171E-01
    1.317363E+00    2.156647E-01
    1.318359E+00    2.127079E-01
    1.319341E+00    2.097468E-01
    1.320311E+00    2.067813E-01
    1.321268E+00    2.038116E-01
    1.322211E+00    2.008377E-01
    1.323142E+00    1.978597E-01
    1.324059E+00    1.948776E-01
    1.324963E+00    1.918915E-01
    1.325854E+00    1.889013E-01
    1.326732E+00    1.859073E-01
    1.327596E+00    1.829094E-01
    1.328447E+00    1.799077E-01
    1.329285E+00    1.769022E-01
    1.330109E+00    1.738931E-01
    1.330920E+00    1.708803E-01
    1.331717E+00    1.678639E-01
    1.332501E+00    1.648440E-01
    1.333272E+00    1.618207E-01
    1.334029E+00    1.587939E-01
    1.334772E+00    1.557638E-01
    1.335502E+00    1.527304E-01
    1.336218E+00    1.496937E-01
    1.336921E+00    1.466539E-01
    1.337610E+00    1.436110E-01
    1.338286E+00    1.405649E-01
    1.338947E+00    1.375159E-01
    1.339595E+00    1.344639E-01
    1.340229E+00    1.314090E-01
    1.340849E+00    1.283513E-01
    1.341456E+00    1.252908E-01
    1.342048E+00    1.222276E-01
    1.342627E+00    1.191617E-01
    1.343192E+00    1.160932E-01
    1.343742E+00    1.130222E-01
    1.344279E+00    1.099487E-01
    1.344802E+00    1.068728E-01
    1.345310E+00    1.037945E-01
    1.345805E+00    1.007140E-01
    1.346285E+00    9.763115E-02
    1.346751E+00    9.454615E-02
    1.347203E+00    9.145905E-02
    1.347640E+00    8.836990E-02
    1.348064E+00    8.527875E-02
    1.348473E+00    8.218568E-02
    1.348867E+00    7.909075E-02
    1.349248E+00    7.599402E-02
    1.349614E+00    7.289556E-02
    1.349965E+00    6.979542E-02
    1.350302E+00    6.669368E-02
    1.350625E+00    6.359041E-02
    1.350933E+00    6.048566E-02
    1.351226E+00    5.737950E-02
    1.351505E+00    5.427200E-02
    1.351770E+00    5.116323E-02
    1.352020E+00    4.805325E-02
    1.352255E+00    4.494213E-02
    1.352475E+00    4.182994E-02
    1.352681E+00    3.871675E-02
    1.352873E+00    3.560262E-02
    1.353049E+00    3.248763E-02
    1.353211E+00    2.937183E-02
    1.353358E+00    2.625531E-02
    1.353491E+00    2.313813E-02
    1.353609E+00    2.002036E-02
    1.353712E+00    1.690207E-02
    1.353800E+00    1.378332E-02
    1.353874E+00    1.066420E-02
    1.353933E+00    7.544757E-03
    1.353977E+00    4.425073E-03
    1.354007E+00    1.305216E-03
    1.354021E+00   -1.814746E-03
    1.354022E+00   -4.934743E-03
    1.354007E+00   -8.054706E-03
    1.353978E+00   -1.117456E-02
    1.353933E+00   -1.429425E-02
    1.353875E+00   -1.741369E-02
    1.353801E+00   -2.053283E-02
    1.353713E+00   -2.365158E-02
    1.353610E+00   -2.676988E-02
    1.353493E+00   -2.988767E-02
    1.353361E+00   -3.300487E-02
    1.353214E+00   -3.612141E-02
    1.353053E+00   -3.923723E-02
    1.352877E+00   -4.235226E-02
    1.352686E+00   -4.546644E-02
    1.352481E+00   -4.857969E-02
    1.352261E+00   -5.169194E-02
    1.352027E+00   -5.480314E-02
    1.351779E+00   -5.791322E-02
    1.351516E+00   -6.102210E-02
    1.351238E+00   -6.412973E-02
    1.350946E+00   -6.723604E-02
    1.350640E+00   -7.034096E-02
    1.350319E+00   -7.344444E-02
    1.349984E+00   -7.654640E-02
    1.349635E+00   -7.964678E-02
    1.349271E+00   -8.274553E-02
    1.348894E+00   -8.584258E-02
    1.348502E+00   -8.893786E-02
    1.348096E+00   -9.203133E-02
    1.347675E+00   -9.512290E-02
    1.347241E+00   -9.821253E-02
    1.346793E+00   -1.013002E-01
    1.346331E+00   -1.043857E-01
    1.345854E+00   -1.074692E-01
    1.345364E+00   -1.105504E-01
    1.344860E+00   -1.136294E-01
    1.344342E+00   -1.167061E-01
    1.343810E+00   -1.197805E-01
    1.343265E+00   -1.228524E-01
    1.342706E+00   -1.259219E-01
    1.342133E+00   -1.289888E-01
    1.341546E+00   -1.320531E-01
    1.340946E+00   -1.351148E-01
    1.340332E+00   -1.381738E-01
    1.339704E+00   -1.412301E-01
    1.339063E+00   -1.442835E-01
    1.338409E+00   -1.473341E-01
    1.337741E+00   -1.503818E-01
    1.337059E+00   -1.534264E-01
    1.336365E+00   -1.564681E-01
    1.335657E+00   -1.595067E-01
    1.334935E+00   -1.625421E-01
    1.334200E+00   -1.655744E-01
    1.333452E+00   -1.686034E-01
    1.332691E+00   -1.716291E-01
    1.331917E+00   -1.746515E-01
    1.331129E+00   -1.776704E-01
    1.330328E+00   -1.806859E-01
    1.329515E+00   -1.836979E-01
    1.328688E+00   -1.867063E-01
    1.327848E+00   -1.897111E-01
    1.326995E+00   -1.927123E-01
    1.326129E+00   -1.957097E-01
    1.325250E+00   -1.987033E-01
    1.324358E+00   -2.016931E-01
    1.323453E+00   -2.046791E-01
    1.322536E+00   -2.076611E-01
    1.321605E+00   -2.106391E-01
    1.320662E+00   -2.136131E-01
    1.319706E+00   -2.165830E-01
    1.318737E+00   -2.195488E-01
    1.317756E+00   -2.225104E-01
    1.316762E+00   -2.254678E-01
    1.315755E+00   -2.284209E-01
    1.314736E+00   -2.313697E-01
    1.313704E+00   -2.343141E-01
    1.312659E+00   -2.372541E-01
    1.311602E+00   -2.401896E-01
    1.310533E+00   -2.431206E-01
    1.309451E+00   -2.460470E-01
    1.308357E+00   -2.489688E-01
    1.307250E+00   -2.518859E-01
    1.306131E+00   -2.547983E-01
    1.304999E+00   -2.577059E-01
    1.303856E+00   -2.606087E-01
    1.302699E+00   -2.635066E-01
    1.301531E+00   -2.663995E-01
    1.300350E+00   -2.692875E-01
    1.299157E+00   -2.721703E-01
    1.297952E+00   -2.750481E-01
    1.296734E+00   -2.779206E-01
    1.295504E+00   -2.807879E-01
    1.294262E+00   -2.836499E-01
    1.293007E+00   -2.865065E-01
    1.291740E+00   -2.893576E-01
    1.290460E+00   -2.922032E-01
    1.289168E+00   -2.950431E-01
    1.287864E+00   -2.978774E-01
    1.286547E+00   -3.007060E-01
    1.285218E+00   -3.035287E-01
    1.283877E+00   -3.063456E-01
    1.282523E+00   -3.091565E-01
    1.281156E+00   -3.119613E-01
    1.279777E+00   -3.147601E-01
    1.278386E+00   -3.175526E-01
    1.276982E+00   -3.203389E-01
    1.275566E+00   -3.231188E-01
    1.274137E+00   -3.258924E-01
    1.272695E+00   -3.286594E-01
    1.271241E+00   -3.314199E-01
    1.269775E+00   -3.341737E-01
    1.268296E+00   -3.369209E-01
    1.266804E+00   -3.396612E-01
    1.265300E+00   -3.423946E-01
    1.263783E+00   -3.451211E-01
    1.262253E+00   -3.478405E-01
    1.260711E+00   -3.505527E-01
    1.259156E+00   -3.532577E-01
    1.257589E+00   -3.559553E-01
    1.256009E+00   -3.586455E-01
    1.254416E+00   -3.613282E-01
    1.252810E+00   -3.640032E-01
    1.251191E+00   -3.666704E-01
    1.249559E+00   -3.693298E-01
    1.247915E+00   -3.719812E-01
    1.246257E+00   -3.746245E-01
    1.244587E+00   -3.772596E-01
    1.242903E+00   -3.798863E-01
    1.241207E+00   -3.825047E-01
    1.239497E+00   -3.851144E-01
    1.237774E+00   -3.877155E-01
    1.236038E+00   -3.903078E-01
    1.234288E+00   -3.928912E-01
    1.232525E+00   -3.954655E-01
    1.230749E+00   -3.980306E-01
    1.229372E+00   -4.000000E-01
# Wall   11, psi=   3.772547E-02, psi/psi_sep =  0.478215
    1.200000E+00    4.458595E-01
    1.202053E+00    4.435103E-01
    1.204092E+00    4.411490E-01
    1.206118E+00    4.387761E-01
    1.208130E+00    4.363915E-01
    1.210128E+00    4.339954E-01
    1.212113E+00    4.315881E-01
    1.214084E+00    4.291696E-01
    1.216042E+00    4.267402E-01
    1.217986E+00    4.242999E-01
    1.219917E+00    4.218490E-01
    1.221834E+00    4.193875E-01
    1.223737E+00    4.169156E-01
    1.225628E+00    4.144334E-01
    1.227505E+00    4.119411E-01
    1.229368E+00    4.094388E-01
    1.231218E+00    4.069266E-01
    1.233055E+00    4.044047E-01
    1.234879E+00    4.018732E-01
    1.236690E+00    3.993322E-01
    1.238487E+00    3.967819E-01
    1.240271E+00    3.942224E-01
    1.242042E+00    3.916538E-01
    1.243800E+00    3.890762E-01
    1.245545E+00    3.864898E-01
    1.247277E+00    3.838947E-01
    1.248996E+00    3.812910E-01
    1.250702E+00    3.786789E-01
    1.252396E+00    3.760584E-01
    1.254076E+00    3.734297E-01
    1.255744E+00    3.707928E-01
    1.257399E+00    3.681480E-01
    1.259041E+00    3.654953E-01
    1.260671E+00    3.628348E-01
    1.262288E+00    3.601666E-01
    1.263893E+00    3.574908E-01
    1.265485E+00    3.548076E-01
    1.267064E+00    3.521169E-01
    1.268631E+00    3.494190E-01
    1.270186E+00    3.467139E-01
    1.271728E+00    3.440016E-01
    1.273258E+00    3.412823E-01
    1.274775E+00    3.385561E-01
    1.276280E+00    3.358230E-01
    1.277772E+00    3.330831E-01
    1.279252E+00    3.303365E-01
    1.280720E+00    3.275832E-01
    1.282175E+00    3.248234E-01
    1.283618E+00    3.220571E-01
    1.285049E+00    3.192843E-01
    1.286467E+00    3.165052E-01
    1.287872E+00    3.137199E-01
    1.289266E+00    3.109283E-01
    1.290647E+00    3.081306E-01
    1.292015E+00    3.053268E-01
    1.293372E+00    3.025171E-01
    1.294716E+00    2.997015E-01
    1.296048E+00    2.968800E-01
    1.297367E+00    2.940528E-01
    1.298675E+00    2.912198E-01
    1.299970E+00    2.883813E-01
    1.301252E+00    2.855373E-01
    1.302523E+00    2.826877E-01
    1.303782E+00    2.798328E-01
    1.305028E+00    2.769725E-01
    1.306262E+00    2.741070E-01
    1.307484E+00    2.712362E-01
    1.308694E+00    2.683603E-01
    1.309891E+00    2.654793E-01
    1.311077E+00    2.625932E-01
    1.312250E+00    2.597022E-01
    1.313411E+00    2.568063E-01
    1.314559E+00    2.539054E-01
    1.315696E+00    2.509998E-01
    1.316820E+00    2.480893E-01
    1.317932E+00    2.451742E-01
    1.319031E+00    2.422543E-01
    1.320119E+00    2.393298E-01
    1.321193E+00    2.364008E-01
    1.322256E+00    2.334672E-01
    1.323305E+00    2.305291E-01
    1.324343E+00    2.275866E-01
    1.325367E+00    2.246397E-01
    1.326380E+00    2.216885E-01
    1.327379E+00    2.187329E-01
    1.328366E+00    2.157732E-01
    1.329341E+00    2.128092E-01
    1.330302E+00    2.098411E-01
    1.331251E+00    2.068690E-01
    1.332188E+00    2.038928E-01
    1.333111E+00    2.009126E-01
    1.334022E+00    1.979284E-01
    1.334920E+00    1.949404E-01
    1.335804E+00    1.919486E-01
    1.336677E+00    1.889529E-01
    1.337536E+00    1.859536E-01
    1.338382E+00    1.829505E-01
    1.339215E+00    1.799438E-01
    1.340035E+00    1.769336E-01
    1.340843E+00    1.739198E-01
    1.341637E+00    1.709026E-01
    1.342418E+00    1.678819E-01
    1.343186E+00    1.648579E-01
    1.343940E+00    1.618305E-01
    1.344682E+00    1.587999E-01
    1.345410E+00    1.557661E-01
    1.346125E+00    1.527292E-01
    1.346827E+00    1.496891E-01
    1.347515E+00    1.466460E-01
    1.348191E+00    1.435999E-01
    1.348852E+00    1.405509E-01
    1.349500E+00    1.374990E-01
    1.350135E+00    1.344443E-01
    1.350757E+00    1.313868E-01
    1.351364E+00    1.283265E-01
    1.351959E+00    1.252637E-01
    1.352539E+00    1.221982E-01
    1.353106E+00    1.191301E-01
    1.353660E+00    1.160596E-01
    1.354199E+00    1.129866E-01
    1.354725E+00    1.099113E-01
    1.355238E+00    1.068336E-01
    1.355736E+00    1.037537E-01
    1.356221E+00    1.006716E-01
    1.356691E+00    9.758730E-02
    1.357148E+00    9.450093E-02
    1.357591E+00    9.141254E-02
    1.358020E+00    8.832217E-02
    1.358435E+00    8.522989E-02
    1.358836E+00    8.213577E-02
    1.359223E+00    7.903985E-02
    1.359596E+00    7.594221E-02
    1.359955E+00    7.284289E-02
    1.360299E+00    6.974198E-02
    1.360629E+00    6.663952E-02
    1.360946E+00    6.353558E-02
    1.361247E+00    6.043022E-02
    1.361535E+00    5.732351E-02
    1.361808E+00    5.421552E-02
    1.362068E+00    5.110629E-02
    1.362312E+00    4.799591E-02
    1.362543E+00    4.488443E-02
    1.362759E+00    4.177192E-02
    1.362960E+00    3.865844E-02
    1.363148E+00    3.554407E-02
    1.363320E+00    3.242886E-02
    1.363479E+00    2.931289E-02
    1.363623E+00    2.619622E-02
    1.363752E+00    2.307891E-02
    1.363867E+00    1.996104E-02
    1.363968E+00    1.684266E-02
    1.364054E+00    1.372386E-02
    1.364126E+00    1.060469E-02
    1.364183E+00    7.485214E-03
    1.364226E+00    4.365511E-03
    1.364255E+00    1.245643E-03
    1.364268E+00   -1.874323E-03
    1.364268E+00   -4.994320E-03
    1.364253E+00   -8.114282E-03
    1.364224E+00   -1.123414E-02
    1.364180E+00   -1.435383E-02
    1.364121E+00   -1.747328E-02
    1.364049E+00   -2.059243E-02
    1.363961E+00   -2.371121E-02
    1.363860E+00   -2.682955E-02
    1.363744E+00   -2.994739E-02
    1.363614E+00   -3.306467E-02
    1.363469E+00   -3.618131E-02
    1.363310E+00   -3.929725E-02
    1.363136E+00   -4.241242E-02
    1.362949E+00   -4.552677E-02
    1.362747E+00   -4.864022E-02
    1.362530E+00   -5.175271E-02
    1.362300E+00   -5.486418E-02
    1.362055E+00   -5.797456E-02
    1.361796E+00   -6.108379E-02
    1.361523E+00   -6.419181E-02
    1.361236E+00   -6.729855E-02
    1.360934E+00   -7.040396E-02
    1.360619E+00   -7.350797E-02
    1.360289E+00   -7.661051E-02
    1.359946E+00   -7.971154E-02
    1.359588E+00   -8.281099E-02
    1.359217E+00   -8.590880E-02
    1.358831E+00   -8.900491E-02
    1.358432E+00   -9.209926E-02
    1.358019E+00   -9.519180E-02
    1.357592E+00   -9.828246E-02
    1.357152E+00   -1.013712E-01
    1.356698E+00   -1.044579E-01
    1.356230E+00   -1.075426E-01
    1.355748E+00   -1.106252E-01
    1.355253E+00   -1.137057E-01
    1.354744E+00   -1.167839E-01
    1.354222E+00   -1.198599E-01
    1.353686E+00   -1.229335E-01
    1.353137E+00   -1.260048E-01
    1.352574E+00   -1.290737E-01
    1.351998E+00   -1.321400E-01
    1.351409E+00   -1.352038E-01
    1.350806E+00   -1.382651E-01
    1.350190E+00   -1.413237E-01
    1.349561E+00   -1.443796E-01
    1.348918E+00   -1.474327E-01
    1.348263E+00   -1.504831E-01
    1.347594E+00   -1.535306E-01
    1.346912E+00   -1.565752E-01
    1.346218E+00   -1.596168E-01
    1.345510E+00   -1.626554E-01
    1.344789E+00   -1.656910E-01
    1.344055E+00   -1.687235E-01
    1.343308E+00   -1.717528E-01
    1.342549E+00   -1.747789E-01
    1.341776E+00   -1.778018E-01
    1.340991E+00   -1.808213E-01
    1.340193E+00   -1.838375E-01
    1.339382E+00   -1.868503E-01
    1.338558E+00   -1.898597E-01
    1.337722E+00   -1.928655E-01
    1.336873E+00   -1.958678E-01
    1.336012E+00   -1.988665E-01
    1.335138E+00   -2.018615E-01
    1.334251E+00   -2.048529E-01
    1.333352E+00   -2.078405E-01
    1.332440E+00   -2.108243E-01
    1.331516E+00   -2.138043E-01
    1.330579E+00   -2.167804E-01
    1.329630E+00   -2.197526E-01
    1.328669E+00   -2.227208E-01
    1.327695E+00   -2.256850E-01
    1.326709E+00   -2.286451E-01
    1.325711E+00   -2.316011E-01
    1.324701E+00   -2.345529E-01
    1.323678E+00   -2.375006E-01
    1.322643E+00   -2.404439E-01
    1.321596E+00   -2.433830E-01
    1.320537E+00   -2.463177E-01
    1.319466E+00   -2.492481E-01
    1.318383E+00   -2.521740E-01
    1.317287E+00   -2.550954E-01
    1.316180E+00   -2.580124E-01
    1.315061E+00   -2.609247E-01
    1.313930E+00   -2.638324E-01
    1.312787E+00   -2.667355E-01
    1.311632E+00   -2.696339E-01
    1.310465E+00   -2.725275E-01
    1.309286E+00   -2.754163E-01
    1.308096E+00   -2.783002E-01
    1.306893E+00   -2.811791E-01
    1.305679E+00   -2.840531E-01
    1.304453E+00   -2.869221E-01
    1.303215E+00   -2.897859E-01
    1.301965E+00   -2.926446E-01
    1.300703E+00   -2.954981E-01
    1.299429E+00   -2.983462E-01
    1.298143E+00   -3.011889E-01
    1.296846E+00   -3.040262E-01
    1.295536E+00   -3.068580E-01
    1.294214E+00   -3.096842E-01
    1.292880E+00   -3.125048E-01
    1.291535E+00   -3.153196E-01
    1.290177E+00   -3.181287E-01
    1.288807E+00   -3.209318E-01
    1.287425E+00   -3.237290E-01
    1.286031E+00   -3.265203E-01
    1.284625E+00   -3.293054E-01
    1.283206E+00   -3.320845E-01
    1.281776E+00   -3.348573E-01
    1.280334E+00   -3.376239E-01
    1.278879E+00   -3.403841E-01
    1.277413E+00   -3.431380E-01
    1.275934E+00   -3.458853E-01
    1.274443E+00   -3.486261E-01
    1.272941E+00   -3.513603E-01
    1.271426E+00   -3.540878E-01
    1.269898E+00   -3.568085E-01
    1.268359E+00   -3.595224E-01
    1.266808E+00   -3.622292E-01
    1.265244E+00   -3.649291E-01
    1.263668E+00   -3.676218E-01
    1.262080E+00   -3.703072E-01
    1.260479E+00   -3.729853E-01
    1.258866E+00   -3.756560E-01
    1.257240E+00   -3.783191E-01
    1.255602E+00   -3.809746E-01
    1.253952E+00   -3.836223E-01
    1.252289E+00   -3.862622E-01
    1.250613E+00   -3.888940E-01
    1.248925E+00   -3.915178E-01
    1.247224E+00   -3.941334E-01
    1.245511E+00   -3.967407E-01
    1.243784E+00   -3.993395E-01
    1.243343E+00   -4.000000E-01
# Wall   12, psi=   4.046965E-02, psi/psi_sep =  0.513001
    1.200000E+00    4.637501E-01
    1.202083E+00    4.614275E-01
    1.204153E+00    4.590929E-01
    1.206209E+00    4.567465E-01
    1.208252E+00    4.543885E-01
    1.210282E+00    4.520190E-01
    1.212299E+00    4.496382E-01
    1.214302E+00    4.472464E-01
    1.216292E+00    4.448436E-01
    1.218269E+00    4.424299E-01
    1.220233E+00    4.400057E-01
    1.222184E+00    4.375708E-01
    1.224122E+00    4.351256E-01
    1.226047E+00    4.326702E-01
    1.227959E+00    4.302046E-01
    1.229858E+00    4.277290E-01
    1.231744E+00    4.252436E-01
    1.233617E+00    4.227484E-01
    1.235477E+00    4.202436E-01
    1.237324E+00    4.177292E-01
    1.239159E+00    4.152055E-01
    1.240980E+00    4.126725E-01
    1.242789E+00    4.101304E-01
    1.244585E+00    4.075792E-01
    1.246369E+00    4.050192E-01
    1.248139E+00    4.024503E-01
    1.249897E+00    3.998728E-01
    1.251643E+00    3.972867E-01
    1.253376E+00    3.946921E-01
    1.255096E+00    3.920893E-01
    1.256804E+00    3.894782E-01
    1.258499E+00    3.868590E-01
    1.260182E+00    3.842318E-01
    1.261853E+00    3.815968E-01
    1.263511E+00    3.789540E-01
    1.265157E+00    3.763035E-01
    1.266791E+00    3.736455E-01
    1.268413E+00    3.709801E-01
    1.270022E+00    3.683073E-01
    1.271619E+00    3.656272E-01
    1.273205E+00    3.629400E-01
    1.274778E+00    3.602457E-01
    1.276339E+00    3.575444E-01
    1.277888E+00    3.548362E-01
    1.279426E+00    3.521212E-01
    1.280951E+00    3.493994E-01
    1.282464E+00    3.466710E-01
    1.283966E+00    3.439359E-01
    1.285455E+00    3.411943E-01
    1.286932E+00    3.384463E-01
    1.288398E+00    3.356918E-01
    1.289851E+00    3.329310E-01
    1.291292E+00    3.301640E-01
    1.292722E+00    3.273907E-01
    1.294139E+00    3.246113E-01
    1.295545E+00    3.218258E-01
    1.296938E+00    3.190343E-01
    1.298320E+00    3.162369E-01
    1.299690E+00    3.134336E-01
    1.301047E+00    3.106244E-01
    1.302393E+00    3.078096E-01
    1.303727E+00    3.049891E-01
    1.305049E+00    3.021631E-01
    1.306359E+00    2.993315E-01
    1.307658E+00    2.964945E-01
    1.308944E+00    2.936521E-01
    1.310219E+00    2.908045E-01
    1.311482E+00    2.879516E-01
    1.312733E+00    2.850935E-01
    1.313973E+00    2.822303E-01
    1.315201E+00    2.793621E-01
    1.316417E+00    2.764888E-01
    1.317621E+00    2.736107E-01
    1.318814E+00    2.707276E-01
    1.319995E+00    2.678397E-01
    1.321164E+00    2.649470E-01
    1.322321E+00    2.620495E-01
    1.323466E+00    2.591473E-01
    1.324600E+00    2.562405E-01
    1.325721E+00    2.533290E-01
    1.326831E+00    2.504130E-01
    1.327928E+00    2.474924E-01
    1.329014E+00    2.445673E-01
    1.330087E+00    2.416379E-01
    1.331149E+00    2.387040E-01
    1.332198E+00    2.357657E-01
    1.333235E+00    2.328232E-01
    1.334260E+00    2.298764E-01
    1.335273E+00    2.269254E-01
    1.336274E+00    2.239702E-01
    1.337263E+00    2.210110E-01
    1.338239E+00    2.180476E-01
    1.339203E+00    2.150802E-01
    1.340154E+00    2.121089E-01
    1.341093E+00    2.091336E-01
    1.342020E+00    2.061545E-01
    1.342935E+00    2.031715E-01
    1.343837E+00    2.001848E-01
    1.344726E+00    1.971943E-01
    1.345603E+00    1.942001E-01
    1.346468E+00    1.912022E-01
    1.347320E+00    1.882008E-01
    1.348159E+00    1.851958E-01
    1.348986E+00    1.821873E-01
    1.349800E+00    1.791753E-01
    1.350601E+00    1.761599E-01
    1.351389E+00    1.731412E-01
    1.352165E+00    1.701191E-01
    1.352927E+00    1.670938E-01
    1.353677E+00    1.640652E-01
    1.354414E+00    1.610335E-01
    1.355138E+00    1.579987E-01
    1.355849E+00    1.549608E-01
    1.356547E+00    1.519199E-01
    1.357232E+00    1.488760E-01
    1.357904E+00    1.458292E-01
    1.358563E+00    1.427796E-01
    1.359209E+00    1.397272E-01
    1.359842E+00    1.366720E-01
    1.360461E+00    1.336141E-01
    1.361067E+00    1.305535E-01
    1.361660E+00    1.274904E-01
    1.362240E+00    1.244247E-01
    1.362806E+00    1.213566E-01
    1.363359E+00    1.182860E-01
    1.363899E+00    1.152130E-01
    1.364425E+00    1.121377E-01
    1.364938E+00    1.090601E-01
    1.365437E+00    1.059803E-01
    1.365922E+00    1.028983E-01
    1.366395E+00    9.981425E-02
    1.366853E+00    9.672813E-02
    1.367298E+00    9.364002E-02
    1.367729E+00    9.054996E-02
    1.368147E+00    8.745803E-02
    1.368550E+00    8.436426E-02
    1.368940E+00    8.126874E-02
    1.369317E+00    7.817150E-02
    1.369679E+00    7.507261E-02
    1.370027E+00    7.197213E-02
    1.370362E+00    6.887012E-02
    1.370682E+00    6.576663E-02
    1.370989E+00    6.266173E-02
    1.371282E+00    5.955549E-02
    1.371560E+00    5.644795E-02
    1.371825E+00    5.333919E-02
    1.372075E+00    5.022926E-02
    1.372312E+00    4.711823E-02
    1.372534E+00    4.400616E-02
    1.372742E+00    4.089311E-02
    1.372936E+00    3.777914E-02
    1.373116E+00    3.466433E-02
    1.373281E+00    3.154873E-02
    1.373433E+00    2.843241E-02
    1.373570E+00    2.531544E-02
    1.373693E+00    2.219787E-02
    1.373802E+00    1.907977E-02
    1.373897E+00    1.596121E-02
    1.373977E+00    1.284225E-02
    1.374043E+00    9.722953E-03
    1.374095E+00    6.603389E-03
    1.374133E+00    3.483621E-03
    1.374156E+00    3.637124E-04
    1.374166E+00   -2.756271E-03
    1.374161E+00   -5.876264E-03
    1.374142E+00   -8.996203E-03
    1.374109E+00   -1.211602E-02
    1.374061E+00   -1.523566E-02
    1.373999E+00   -1.835505E-02
    1.373924E+00   -2.147412E-02
    1.373833E+00   -2.459282E-02
    1.373729E+00   -2.771107E-02
    1.373611E+00   -3.082883E-02
    1.373478E+00   -3.394601E-02
    1.373332E+00   -3.706256E-02
    1.373171E+00   -4.017841E-02
    1.372996E+00   -4.329351E-02
    1.372807E+00   -4.640778E-02
    1.372604E+00   -4.952117E-02
    1.372387E+00   -5.263361E-02
    1.372156E+00   -5.574504E-02
    1.371911E+00   -5.885540E-02
    1.371652E+00   -6.196464E-02
    1.371379E+00   -6.507268E-02
    1.371093E+00   -6.817947E-02
    1.370792E+00   -7.128495E-02
    1.370478E+00   -7.438906E-02
    1.370149E+00   -7.749175E-02
    1.369807E+00   -8.059294E-02
    1.369452E+00   -8.369260E-02
    1.369082E+00   -8.679065E-02
    1.368699E+00   -8.988705E-02
    1.368303E+00   -9.298173E-02
    1.367892E+00   -9.607465E-02
    1.367469E+00   -9.916574E-02
    1.367032E+00   -1.022550E-01
    1.366581E+00   -1.053422E-01
    1.366117E+00   -1.084275E-01
    1.365639E+00   -1.115108E-01
    1.365149E+00   -1.145920E-01
    1.364645E+00   -1.176710E-01
    1.364128E+00   -1.207478E-01
    1.363597E+00   -1.238224E-01
    1.363054E+00   -1.268947E-01
    1.362497E+00   -1.299646E-01
    1.361927E+00   -1.330321E-01
    1.361344E+00   -1.360972E-01
    1.360748E+00   -1.391597E-01
    1.360139E+00   -1.422197E-01
    1.359517E+00   -1.452771E-01
    1.358882E+00   -1.483318E-01
    1.358235E+00   -1.513839E-01
    1.357574E+00   -1.544331E-01
    1.356901E+00   -1.574796E-01
    1.356215E+00   -1.605232E-01
    1.355516E+00   -1.635639E-01
    1.354804E+00   -1.666017E-01
    1.354080E+00   -1.696364E-01
    1.353343E+00   -1.726682E-01
    1.352593E+00   -1.756968E-01
    1.351831E+00   -1.787222E-01
    1.351056E+00   -1.817445E-01
    1.350269E+00   -1.847636E-01
    1.349469E+00   -1.877793E-01
    1.348657E+00   -1.907918E-01
    1.347833E+00   -1.938008E-01
    1.346996E+00   -1.968065E-01
    1.346147E+00   -1.998087E-01
    1.345285E+00   -2.028074E-01
    1.344412E+00   -2.058026E-01
    1.343526E+00   -2.087942E-01
    1.342628E+00   -2.117822E-01
    1.341718E+00   -2.147665E-01
    1.340795E+00   -2.177471E-01
    1.339861E+00   -2.207239E-01
    1.338915E+00   -2.236969E-01
    1.337957E+00   -2.266661E-01
    1.336986E+00   -2.296314E-01
    1.336004E+00   -2.325928E-01
    1.335010E+00   -2.355502E-01
    1.334004E+00   -2.385036E-01
    1.332986E+00   -2.414529E-01
    1.331957E+00   -2.443981E-01
    1.330915E+00   -2.473391E-01
    1.329862E+00   -2.502760E-01
    1.328797E+00   -2.532086E-01
    1.327720E+00   -2.561370E-01
    1.326632E+00   -2.590610E-01
    1.325532E+00   -2.619806E-01
    1.324420E+00   -2.648959E-01
    1.323297E+00   -2.678067E-01
    1.322163E+00   -2.707131E-01
    1.321016E+00   -2.736149E-01
    1.319859E+00   -2.765122E-01
    1.318689E+00   -2.794048E-01
    1.317509E+00   -2.822928E-01
    1.316317E+00   -2.851761E-01
    1.315113E+00   -2.880546E-01
    1.313898E+00   -2.909283E-01
    1.312672E+00   -2.937972E-01
    1.311434E+00   -2.966611E-01
    1.310185E+00   -2.995200E-01
    1.308924E+00   -3.023739E-01
    1.307651E+00   -3.052227E-01
    1.306367E+00   -3.080663E-01
    1.305072E+00   -3.109046E-01
    1.303765E+00   -3.137376E-01
    1.302446E+00   -3.165652E-01
    1.301116E+00   -3.193874E-01
    1.299774E+00   -3.222040E-01
    1.298420E+00   -3.250151E-01
    1.297055E+00   -3.278204E-01
    1.295678E+00   -3.306201E-01
    1.294289E+00   -3.334140E-01
    1.292889E+00   -3.362020E-01
    1.291476E+00   -3.389841E-01
    1.290053E+00   -3.417603E-01
    1.288617E+00   -3.445304E-01
    1.287170E+00   -3.472945E-01
    1.285711E+00   -3.500524E-01
    1.284241E+00   -3.528042E-01
    1.282758E+00   -3.555497E-01
    1.281265E+00   -3.582888E-01
    1.279759E+00   -3.610215E-01
    1.278242E+00   -3.637478E-01
    1.276713E+00   -3.664675E-01
    1.275172E+00   -3.691806E-01
    1.273620E+00   -3.718870E-01
    1.272056E+00   -3.745866E-01
    1.270480E+00   -3.772792E-01
    1.268892E+00   -3.799649E-01
    1.267292E+00   -3.826436E-01
    1.265680E+00   -3.853150E-01
    1.264057E+00   -3.879792E-01
    1.262421E+00   -3.906359E-01
    1.260773E+00   -3.932852E-01
    1.259113E+00   -3.959268E-01
    1.257440E+00   -3.985608E-01
    1.256519E+00   -4.000000E-01
# Wall   13, psi=   4.321382E-02, psi/psi_sep =  0.547787
    1.200000E+00    4.810615E-01
    1.202110E+00    4.787632E-01
    1.204207E+00    4.764528E-01
    1.206290E+00    4.741306E-01
    1.208361E+00    4.717967E-01
    1.210419E+00    4.694513E-01
    1.212463E+00    4.670946E-01
    1.214495E+00    4.647268E-01
    1.216514E+00    4.623480E-01
    1.218520E+00    4.599584E-01
    1.220513E+00    4.575581E-01
    1.222494E+00    4.551473E-01
    1.224461E+00    4.527262E-01
    1.226417E+00    4.502949E-01
    1.228359E+00    4.478535E-01
    1.230289E+00    4.454022E-01
    1.232207E+00    4.429410E-01
    1.234112E+00    4.404701E-01
    1.236005E+00    4.379896E-01
    1.237885E+00    4.354996E-01
    1.239752E+00    4.330003E-01
    1.241607E+00    4.304917E-01
    1.243450E+00    4.279739E-01
    1.245280E+00    4.254471E-01
    1.247098E+00    4.229114E-01
    1.248903E+00    4.203668E-01
    1.250696E+00    4.178135E-01
    1.252477E+00    4.152516E-01
    1.254245E+00    4.126812E-01
    1.256002E+00    4.101024E-01
    1.257745E+00    4.075152E-01
    1.259477E+00    4.049199E-01
    1.261197E+00    4.023166E-01
    1.262904E+00    3.997052E-01
    1.264599E+00    3.970860E-01
    1.266283E+00    3.944590E-01
    1.267954E+00    3.918244E-01
    1.269613E+00    3.891823E-01
    1.271261E+00    3.865327E-01
    1.272896E+00    3.838758E-01
    1.274520E+00    3.812117E-01
    1.276132E+00    3.785405E-01
    1.277733E+00    3.758622E-01
    1.279322E+00    3.731770E-01
    1.280899E+00    3.704850E-01
    1.282464E+00    3.677862E-01
    1.284018E+00    3.650807E-01
    1.285561E+00    3.623687E-01
    1.287091E+00    3.596500E-01
    1.288611E+00    3.569249E-01
    1.290118E+00    3.541934E-01
    1.291615E+00    3.514555E-01
    1.293099E+00    3.487114E-01
    1.294572E+00    3.459610E-01
    1.296034E+00    3.432045E-01
    1.297483E+00    3.404418E-01
    1.298922E+00    3.376731E-01
    1.300348E+00    3.348983E-01
    1.301763E+00    3.321177E-01
    1.303167E+00    3.293311E-01
    1.304559E+00    3.265387E-01
    1.305939E+00    3.237406E-01
    1.307307E+00    3.209368E-01
    1.308664E+00    3.181274E-01
    1.310010E+00    3.153124E-01
    1.311344E+00    3.124920E-01
    1.312666E+00    3.096662E-01
    1.313978E+00    3.068350E-01
    1.315277E+00    3.039987E-01
    1.316566E+00    3.011571E-01
    1.317843E+00    2.983104E-01
    1.319108E+00    2.954586E-01
    1.320362E+00    2.926018E-01
    1.321605E+00    2.897401E-01
    1.322837E+00    2.868735E-01
    1.324057E+00    2.840020E-01
    1.325266E+00    2.811258E-01
    1.326464E+00    2.782448E-01
    1.327650E+00    2.753590E-01
    1.328825E+00    2.724686E-01
    1.329988E+00    2.695736E-01
    1.331140E+00    2.666740E-01
    1.332280E+00    2.637698E-01
    1.333409E+00    2.608611E-01
    1.334526E+00    2.579480E-01
    1.335631E+00    2.550304E-01
    1.336725E+00    2.521085E-01
    1.337807E+00    2.491822E-01
    1.338878E+00    2.462516E-01
    1.339937E+00    2.433167E-01
    1.340984E+00    2.403776E-01
    1.342019E+00    2.374344E-01
    1.343043E+00    2.344871E-01
    1.344054E+00    2.315357E-01
    1.345054E+00    2.285802E-01
    1.346042E+00    2.256208E-01
    1.347018E+00    2.226575E-01
    1.347983E+00    2.196902E-01
    1.348935E+00    2.167191E-01
    1.349875E+00    2.137442E-01
    1.350804E+00    2.107655E-01
    1.351720E+00    2.077831E-01
    1.352624E+00    2.047970E-01
    1.353516E+00    2.018073E-01
    1.354396E+00    1.988139E-01
    1.355264E+00    1.958170E-01
    1.356119E+00    1.928166E-01
    1.356963E+00    1.898127E-01
    1.357793E+00    1.868053E-01
    1.358612E+00    1.837945E-01
    1.359418E+00    1.807804E-01
    1.360211E+00    1.777630E-01
    1.360992E+00    1.747423E-01
    1.361760E+00    1.717184E-01
    1.362516E+00    1.686913E-01
    1.363259E+00    1.656611E-01
    1.363990E+00    1.626279E-01
    1.364708E+00    1.595916E-01
    1.365413E+00    1.565523E-01
    1.366105E+00    1.535101E-01
    1.366785E+00    1.504650E-01
    1.367451E+00    1.474171E-01
    1.368105E+00    1.443664E-01
    1.368747E+00    1.413130E-01
    1.369375E+00    1.382569E-01
    1.369990E+00    1.351982E-01
    1.370592E+00    1.321369E-01
    1.371182E+00    1.290731E-01
    1.371758E+00    1.260068E-01
    1.372322E+00    1.229380E-01
    1.372872E+00    1.198669E-01
    1.373409E+00    1.167935E-01
    1.373933E+00    1.137179E-01
    1.374444E+00    1.106400E-01
    1.374941E+00    1.075599E-01
    1.375426E+00    1.044777E-01
    1.375897E+00    1.013935E-01
    1.376355E+00    9.830726E-02
    1.376799E+00    9.521906E-02
    1.377230E+00    9.212897E-02
    1.377647E+00    8.903703E-02
    1.378051E+00    8.594330E-02
    1.378442E+00    8.284783E-02
    1.378819E+00    7.975068E-02
    1.379182E+00    7.665191E-02
    1.379532E+00    7.355156E-02
    1.379868E+00    7.044971E-02
    1.380190E+00    6.734640E-02
    1.380498E+00    6.424170E-02
    1.380793E+00    6.113566E-02
    1.381074E+00    5.802834E-02
    1.381341E+00    5.491980E-02
    1.381595E+00    5.181011E-02
    1.381834E+00    4.869931E-02
    1.382060E+00    4.558748E-02
    1.382271E+00    4.247467E-02
    1.382469E+00    3.936095E-02
    1.382653E+00    3.624637E-02
    1.382823E+00    3.313100E-02
    1.382979E+00    3.001490E-02
    1.383121E+00    2.689813E-02
    1.383249E+00    2.378075E-02
    1.383362E+00    2.066284E-02
    1.383462E+00    1.754444E-02
    1.383548E+00    1.442563E-02
    1.383620E+00    1.130646E-02
    1.383678E+00    8.187005E-03
    1.383722E+00    5.067317E-03
    1.383752E+00    1.947464E-03
    1.383768E+00   -1.172493E-03
    1.383770E+00   -4.292490E-03
    1.383758E+00   -7.412464E-03
    1.383732E+00   -1.053235E-02
    1.383692E+00   -1.365209E-02
    1.383638E+00   -1.677162E-02
    1.383570E+00   -1.989088E-02
    1.383488E+00   -2.300980E-02
    1.383393E+00   -2.612833E-02
    1.383283E+00   -2.924639E-02
    1.383159E+00   -3.236393E-02
    1.383021E+00   -3.548089E-02
    1.382870E+00   -3.859721E-02
    1.382704E+00   -4.171281E-02
    1.382525E+00   -4.482765E-02
    1.382332E+00   -4.794166E-02
    1.382125E+00   -5.105479E-02
    1.381904E+00   -5.416696E-02
    1.381669E+00   -5.727812E-02
    1.381421E+00   -6.038822E-02
    1.381159E+00   -6.349719E-02
    1.380883E+00   -6.660498E-02
    1.380594E+00   -6.971153E-02
    1.380291E+00   -7.281677E-02
    1.379974E+00   -7.592066E-02
    1.379644E+00   -7.902314E-02
    1.379300E+00   -8.212415E-02
    1.378943E+00   -8.522364E-02
    1.378572E+00   -8.832155E-02
    1.378189E+00   -9.141783E-02
    1.377791E+00   -9.451243E-02
    1.377381E+00   -9.760529E-02
    1.376957E+00   -1.006964E-01
    1.376520E+00   -1.037856E-01
    1.376069E+00   -1.068729E-01
    1.375606E+00   -1.099583E-01
    1.375130E+00   -1.130417E-01
    1.374640E+00   -1.161231E-01
    1.374137E+00   -1.192023E-01
    1.373622E+00   -1.222795E-01
    1.373094E+00   -1.253544E-01
    1.372552E+00   -1.284271E-01
    1.371998E+00   -1.314974E-01
    1.371431E+00   -1.345655E-01
    1.370851E+00   -1.376311E-01
    1.370259E+00   -1.406943E-01
    1.369653E+00   -1.437551E-01
    1.369035E+00   -1.468133E-01
    1.368405E+00   -1.498689E-01
    1.367761E+00   -1.529218E-01
    1.367106E+00   -1.559721E-01
    1.366437E+00   -1.590196E-01
    1.365756E+00   -1.620644E-01
    1.365063E+00   -1.651064E-01
    1.364357E+00   -1.681454E-01
    1.363638E+00   -1.711816E-01
    1.362907E+00   -1.742148E-01
    1.362164E+00   -1.772450E-01
    1.361409E+00   -1.802721E-01
    1.360641E+00   -1.832961E-01
    1.359861E+00   -1.863170E-01
    1.359068E+00   -1.893347E-01
    1.358264E+00   -1.923492E-01
    1.357447E+00   -1.953604E-01
    1.356618E+00   -1.983684E-01
    1.355778E+00   -2.013730E-01
    1.354925E+00   -2.043742E-01
    1.354060E+00   -2.073720E-01
    1.353184E+00   -2.103663E-01
    1.352295E+00   -2.133571E-01
    1.351395E+00   -2.163445E-01
    1.350483E+00   -2.193282E-01
    1.349560E+00   -2.223084E-01
    1.348624E+00   -2.252849E-01
    1.347677E+00   -2.282577E-01
    1.346719E+00   -2.312268E-01
    1.345749E+00   -2.341922E-01
    1.344767E+00   -2.371537E-01
    1.343774E+00   -2.401114E-01
    1.342769E+00   -2.430652E-01
    1.341753E+00   -2.460150E-01
    1.340725E+00   -2.489609E-01
    1.339686E+00   -2.519028E-01
    1.338636E+00   -2.548406E-01
    1.337574E+00   -2.577743E-01
    1.336500E+00   -2.607039E-01
    1.335416E+00   -2.636292E-01
    1.334320E+00   -2.665504E-01
    1.333212E+00   -2.694673E-01
    1.332094E+00   -2.723799E-01
    1.330964E+00   -2.752882E-01
    1.329823E+00   -2.781921E-01
    1.328671E+00   -2.810916E-01
    1.327508E+00   -2.839866E-01
    1.326333E+00   -2.868772E-01
    1.325148E+00   -2.897632E-01
    1.323951E+00   -2.926447E-01
    1.322744E+00   -2.955215E-01
    1.321525E+00   -2.983937E-01
    1.320296E+00   -3.012612E-01
    1.319055E+00   -3.041239E-01
    1.317803E+00   -3.069818E-01
    1.316541E+00   -3.098348E-01
    1.315267E+00   -3.126829E-01
    1.313982E+00   -3.155259E-01
    1.312685E+00   -3.183639E-01
    1.311378E+00   -3.211967E-01
    1.310059E+00   -3.240243E-01
    1.308729E+00   -3.268466E-01
    1.307388E+00   -3.296635E-01
    1.306035E+00   -3.324751E-01
    1.304671E+00   -3.352811E-01
    1.303296E+00   -3.380816E-01
    1.301909E+00   -3.408766E-01
    1.300511E+00   -3.436658E-01
    1.299102E+00   -3.464494E-01
    1.297681E+00   -3.492271E-01
    1.296249E+00   -3.519991E-01
    1.294806E+00   -3.547652E-01
    1.293351E+00   -3.575254E-01
    1.291885E+00   -3.602797E-01
    1.290408E+00   -3.630279E-01
    1.288920E+00   -3.657700E-01
    1.287420E+00   -3.685060E-01
    1.285910E+00   -3.712358E-01
    1.284387E+00   -3.739593E-01
    1.282854E+00   -3.766765E-01
    1.281309E+00   -3.793873E-01
    1.279753E+00   -3.820915E-01
    1.278186E+00   -3.847892E-01
    1.276607E+00   -3.874802E-01
    1.275017E+00   -3.901645E-01
    1.273415E+00   -3.928418E-01
    1.271801E+00   -3.955122E-01
    1.270176E+00   -3.981755E-01
    1.269053E+00   -4.000000E-01
# Wall   14, psi=   4.595799E-02, psi/psi_sep =  0.582572
    1.200000E+00    4.979277E-01
    1.202134E+00    4.956516E-01
    1.204255E+00    4.933635E-01
    1.206363E+00    4.910634E-01
    1.208458E+00    4.887517E-01
    1.210541E+00    4.864283E-01
    1.212611E+00    4.840937E-01
    1.214668E+00    4.817478E-01
    1.216712E+00    4.793909E-01
    1.218744E+00    4.770232E-01
    1.220763E+00    4.746447E-01
    1.222770E+00    4.722558E-01
    1.224764E+00    4.698565E-01
    1.226746E+00    4.674470E-01
    1.228716E+00    4.650274E-01
    1.230674E+00    4.625979E-01
    1.232619E+00    4.601587E-01
    1.234552E+00    4.577097E-01
    1.236473E+00    4.552513E-01
    1.238382E+00    4.527834E-01
    1.240279E+00    4.503062E-01
    1.242164E+00    4.478198E-01
    1.244036E+00    4.453244E-01
    1.245897E+00    4.428199E-01
    1.247746E+00    4.403065E-01
    1.249582E+00    4.377844E-01
    1.251407E+00    4.352535E-01
    1.253219E+00    4.327140E-01
    1.255020E+00    4.301660E-01
    1.256809E+00    4.276096E-01
    1.258585E+00    4.250448E-01
    1.260350E+00    4.224718E-01
    1.262103E+00    4.198907E-01
    1.263843E+00    4.173015E-01
    1.265572E+00    4.147044E-01
    1.267290E+00    4.120995E-01
    1.268995E+00    4.094868E-01
    1.270689E+00    4.068665E-01
    1.272370E+00    4.042386E-01
    1.274041E+00    4.016033E-01
    1.275699E+00    3.989608E-01
    1.277347E+00    3.963110E-01
    1.278982E+00    3.936541E-01
    1.280606E+00    3.909902E-01
    1.282219E+00    3.883195E-01
    1.283821E+00    3.856419E-01
    1.285411E+00    3.829576E-01
    1.286990E+00    3.802668E-01
    1.288558E+00    3.775694E-01
    1.290115E+00    3.748655E-01
    1.291661E+00    3.721552E-01
    1.293195E+00    3.694386E-01
    1.294718E+00    3.667158E-01
    1.296231E+00    3.639868E-01
    1.297732E+00    3.612515E-01
    1.299221E+00    3.585102E-01
    1.300700E+00    3.557629E-01
    1.302167E+00    3.530095E-01
    1.303624E+00    3.502501E-01
    1.305068E+00    3.474849E-01
    1.306502E+00    3.447138E-01
    1.307924E+00    3.419369E-01
    1.309336E+00    3.391542E-01
    1.310735E+00    3.363658E-01
    1.312124E+00    3.335719E-01
    1.313501E+00    3.307724E-01
    1.314867E+00    3.279673E-01
    1.316222E+00    3.251569E-01
    1.317566E+00    3.223411E-01
    1.318899E+00    3.195201E-01
    1.320220E+00    3.166938E-01
    1.321531E+00    3.138624E-01
    1.322831E+00    3.110259E-01
    1.324119E+00    3.081845E-01
    1.325397E+00    3.053380E-01
    1.326663E+00    3.024867E-01
    1.327919E+00    2.996306E-01
    1.329164E+00    2.967696E-01
    1.330398E+00    2.939040E-01
    1.331620E+00    2.910336E-01
    1.332832E+00    2.881585E-01
    1.334033E+00    2.852789E-01
    1.335223E+00    2.823946E-01
    1.336401E+00    2.795058E-01
    1.337569E+00    2.766125E-01
    1.338725E+00    2.737147E-01
    1.339871E+00    2.708125E-01
    1.341004E+00    2.679058E-01
    1.342127E+00    2.649949E-01
    1.343239E+00    2.620795E-01
    1.344339E+00    2.591599E-01
    1.345428E+00    2.562361E-01
    1.346505E+00    2.533081E-01
    1.347571E+00    2.503759E-01
    1.348626E+00    2.474397E-01
    1.349670E+00    2.444994E-01
    1.350702E+00    2.415550E-01
    1.351723E+00    2.386067E-01
    1.352732E+00    2.356545E-01
    1.353730E+00    2.326984E-01
    1.354716E+00    2.297384E-01
    1.355691E+00    2.267747E-01
    1.356655E+00    2.238071E-01
    1.357606E+00    2.208359E-01
    1.358547E+00    2.178609E-01
    1.359475E+00    2.148823E-01
    1.360392E+00    2.119000E-01
    1.361297E+00    2.089142E-01
    1.362190E+00    2.059248E-01
    1.363072E+00    2.029319E-01
    1.363941E+00    1.999355E-01
    1.364799E+00    1.969357E-01
    1.365644E+00    1.939324E-01
    1.366478E+00    1.909258E-01
    1.367299E+00    1.879158E-01
    1.368108E+00    1.849025E-01
    1.368905E+00    1.818860E-01
    1.369689E+00    1.788663E-01
    1.370462E+00    1.758433E-01
    1.371222E+00    1.728173E-01
    1.371969E+00    1.697882E-01
    1.372704E+00    1.667560E-01
    1.373427E+00    1.637209E-01
    1.374137E+00    1.606828E-01
    1.374835E+00    1.576418E-01
    1.375520E+00    1.545980E-01
    1.376193E+00    1.515514E-01
    1.376853E+00    1.485020E-01
    1.377501E+00    1.454500E-01
    1.378136E+00    1.423953E-01
    1.378758E+00    1.393380E-01
    1.379368E+00    1.362781E-01
    1.379965E+00    1.332158E-01
    1.380549E+00    1.301510E-01
    1.381120E+00    1.270837E-01
    1.381679E+00    1.240142E-01
    1.382225E+00    1.209423E-01
    1.382758E+00    1.178682E-01
    1.383278E+00    1.147919E-01
    1.383785E+00    1.117134E-01
    1.384280E+00    1.086328E-01
    1.384761E+00    1.055501E-01
    1.385229E+00    1.024655E-01
    1.385684E+00    9.937884E-02
    1.386126E+00    9.629032E-02
    1.386555E+00    9.319993E-02
    1.386971E+00    9.010775E-02
    1.387373E+00    8.701380E-02
    1.387762E+00    8.391816E-02
    1.388138E+00    8.082088E-02
    1.388500E+00    7.772199E-02
    1.388849E+00    7.462157E-02
    1.389185E+00    7.151967E-02
    1.389507E+00    6.841633E-02
    1.389815E+00    6.531163E-02
    1.390110E+00    6.220560E-02
    1.390392E+00    5.909832E-02
    1.390660E+00    5.598983E-02
    1.390914E+00    5.288020E-02
    1.391154E+00    4.976948E-02
    1.391381E+00    4.665774E-02
    1.391594E+00    4.354502E-02
    1.391793E+00    4.043140E-02
    1.391979E+00    3.731693E-02
    1.392151E+00    3.420167E-02
    1.392309E+00    3.108568E-02
    1.392453E+00    2.796902E-02
    1.392584E+00    2.485175E-02
    1.392700E+00    2.173394E-02
    1.392803E+00    1.861564E-02
    1.392893E+00    1.549692E-02
    1.392968E+00    1.237783E-02
    1.393030E+00    9.258443E-03
    1.393077E+00    6.138811E-03
    1.393111E+00    3.018999E-03
    1.393131E+00   -1.009338E-04
    1.393138E+00   -3.220925E-03
    1.393130E+00   -6.340913E-03
    1.393109E+00   -9.460838E-03
    1.393074E+00   -1.258064E-02
    1.393025E+00   -1.570025E-02
    1.392963E+00   -1.881962E-02
    1.392886E+00   -2.193869E-02
    1.392796E+00   -2.505738E-02
    1.392692E+00   -2.817565E-02
    1.392575E+00   -3.129343E-02
    1.392443E+00   -3.441066E-02
    1.392298E+00   -3.752728E-02
    1.392139E+00   -4.064324E-02
    1.391967E+00   -4.375846E-02
    1.391781E+00   -4.687291E-02
    1.391581E+00   -4.998650E-02
    1.391368E+00   -5.309919E-02
    1.391141E+00   -5.621092E-02
    1.390900E+00   -5.932163E-02
    1.390646E+00   -6.243127E-02
    1.390378E+00   -6.553977E-02
    1.390097E+00   -6.864709E-02
    1.389803E+00   -7.175315E-02
    1.389495E+00   -7.485793E-02
    1.389174E+00   -7.796134E-02
    1.388839E+00   -8.106335E-02
    1.388492E+00   -8.416390E-02
    1.388130E+00   -8.726294E-02
    1.387756E+00   -9.036042E-02
    1.387369E+00   -9.345627E-02
    1.386968E+00   -9.655047E-02
    1.386555E+00   -9.964294E-02
    1.386128E+00   -1.027336E-01
    1.385689E+00   -1.058225E-01
    1.385237E+00   -1.089096E-01
    1.384771E+00   -1.119947E-01
    1.384293E+00   -1.150778E-01
    1.383802E+00   -1.181590E-01
    1.383299E+00   -1.212381E-01
    1.382783E+00   -1.243151E-01
    1.382254E+00   -1.273899E-01
    1.381712E+00   -1.304625E-01
    1.381158E+00   -1.335329E-01
    1.380591E+00   -1.366010E-01
    1.380012E+00   -1.396668E-01
    1.379420E+00   -1.427302E-01
    1.378816E+00   -1.457911E-01
    1.378199E+00   -1.488496E-01
    1.377570E+00   -1.519055E-01
    1.376929E+00   -1.549588E-01
    1.376275E+00   -1.580096E-01
    1.375609E+00   -1.610576E-01
    1.374931E+00   -1.641030E-01
    1.374240E+00   -1.671456E-01
    1.373537E+00   -1.701853E-01
    1.372822E+00   -1.732223E-01
    1.372095E+00   -1.762563E-01
    1.371355E+00   -1.792874E-01
    1.370603E+00   -1.823155E-01
    1.369840E+00   -1.853405E-01
    1.369064E+00   -1.883625E-01
    1.368276E+00   -1.913814E-01
    1.367476E+00   -1.943972E-01
    1.366664E+00   -1.974097E-01
    1.365841E+00   -2.004191E-01
    1.365006E+00   -2.034252E-01
    1.364159E+00   -2.064280E-01
    1.363300E+00   -2.094275E-01
    1.362430E+00   -2.124237E-01
    1.361548E+00   -2.154165E-01
    1.360654E+00   -2.184058E-01
    1.359750E+00   -2.213918E-01
    1.358833E+00   -2.243742E-01
    1.357906E+00   -2.273531E-01
    1.356967E+00   -2.303285E-01
    1.356017E+00   -2.333004E-01
    1.355056E+00   -2.362686E-01
    1.354083E+00   -2.392332E-01
    1.353100E+00   -2.421940E-01
    1.352105E+00   -2.451512E-01
    1.351099E+00   -2.481046E-01
    1.350082E+00   -2.510542E-01
    1.349054E+00   -2.539999E-01
    1.348015E+00   -2.569418E-01
    1.346964E+00   -2.598797E-01
    1.345903E+00   -2.628136E-01
    1.344831E+00   -2.657436E-01
    1.343747E+00   -2.686695E-01
    1.342653E+00   -2.715912E-01
    1.341548E+00   -2.745089E-01
    1.340431E+00   -2.774223E-01
    1.339304E+00   -2.803316E-01
    1.338166E+00   -2.832366E-01
    1.337017E+00   -2.861374E-01
    1.335857E+00   -2.890338E-01
    1.334687E+00   -2.919259E-01
    1.333506E+00   -2.948136E-01
    1.332314E+00   -2.976969E-01
    1.331111E+00   -3.005758E-01
    1.329897E+00   -3.034501E-01
    1.328673E+00   -3.063200E-01
    1.327438E+00   -3.091852E-01
    1.326193E+00   -3.120459E-01
    1.324937E+00   -3.149018E-01
    1.323670E+00   -3.177531E-01
    1.322392E+00   -3.205995E-01
    1.321104E+00   -3.234411E-01
    1.319805E+00   -3.262777E-01
    1.318495E+00   -3.291094E-01
    1.317174E+00   -3.319360E-01
    1.315842E+00   -3.347574E-01
    1.314499E+00   -3.375737E-01
    1.313146E+00   -3.403847E-01
    1.311781E+00   -3.431904E-01
    1.310405E+00   -3.459907E-01
    1.309018E+00   -3.487856E-01
    1.307621E+00   -3.515749E-01
    1.306212E+00   -3.543588E-01
    1.304792E+00   -3.571370E-01
    1.303361E+00   -3.599096E-01
    1.301920E+00   -3.626766E-01
    1.300467E+00   -3.654378E-01
    1.299004E+00   -3.681932E-01
    1.297529E+00   -3.709429E-01
    1.296044E+00   -3.736867E-01
    1.294548E+00   -3.764245E-01
    1.293041E+00   -3.791565E-01
    1.291523E+00   -3.818824E-01
    1.289994E+00   -3.846023E-01
    1.288455E+00   -3.873160E-01
    1.286904E+00   -3.900234E-01
    1.285343E+00   -3.927246E-01
    1.283770E+00   -3.954193E-01
    1.282187E+00   -3.981075E-01
    1.281063E+00   -4.000000E-01
# Wall   15, psi=   4.870216E-02, psi/psi_sep =  0.617358
    1.200000E+00    5.144657E-01
    1.202155E+00    5.122098E-01
    1.204298E+00    5.099419E-01
    1.206428E+00    5.076621E-01
    1.208545E+00    5.053706E-01
    1.210650E+00    5.030676E-01
    1.212743E+00    5.007531E-01
    1.214822E+00    4.984275E-01
    1.216890E+00    4.960907E-01
    1.218945E+00    4.937431E-01
    1.220987E+00    4.913847E-01
    1.223018E+00    4.890158E-01
    1.225036E+00    4.866364E-01
    1.227042E+00    4.842468E-01
    1.229036E+00    4.818471E-01
    1.231018E+00    4.794375E-01
    1.232988E+00    4.770181E-01
    1.234946E+00    4.745891E-01
    1.236892E+00    4.721505E-01
    1.238827E+00    4.697026E-01
    1.240749E+00    4.672454E-01
    1.242660E+00    4.647791E-01
    1.244560E+00    4.623038E-01
    1.246447E+00    4.598196E-01
    1.248323E+00    4.573266E-01
    1.250188E+00    4.548249E-01
    1.252040E+00    4.523146E-01
    1.253881E+00    4.497957E-01
    1.255711E+00    4.472684E-01
    1.257529E+00    4.447328E-01
    1.259335E+00    4.421888E-01
    1.261130E+00    4.396366E-01
    1.262913E+00    4.370763E-01
    1.264684E+00    4.345079E-01
    1.266444E+00    4.319316E-01
    1.268192E+00    4.293474E-01
    1.269929E+00    4.267554E-01
    1.271654E+00    4.241557E-01
    1.273367E+00    4.215483E-01
    1.275069E+00    4.189335E-01
    1.276760E+00    4.163112E-01
    1.278439E+00    4.136817E-01
    1.280107E+00    4.110449E-01
    1.281764E+00    4.084010E-01
    1.283409E+00    4.057502E-01
    1.285043E+00    4.030924E-01
    1.286667E+00    4.004279E-01
    1.288279E+00    3.977567E-01
    1.289880E+00    3.950790E-01
    1.291470E+00    3.923948E-01
    1.293050E+00    3.897041E-01
    1.294619E+00    3.870072E-01
    1.296177E+00    3.843041E-01
    1.297724E+00    3.815948E-01
    1.299261E+00    3.788794E-01
    1.300786E+00    3.761579E-01
    1.302301E+00    3.734305E-01
    1.303806E+00    3.706971E-01
    1.305299E+00    3.679577E-01
    1.306782E+00    3.652125E-01
    1.308254E+00    3.624614E-01
    1.309714E+00    3.597046E-01
    1.311164E+00    3.569419E-01
    1.312603E+00    3.541736E-01
    1.314031E+00    3.513996E-01
    1.315448E+00    3.486199E-01
    1.316854E+00    3.458347E-01
    1.318250E+00    3.430441E-01
    1.319634E+00    3.402480E-01
    1.321007E+00    3.374465E-01
    1.322370E+00    3.346397E-01
    1.323722E+00    3.318278E-01
    1.325062E+00    3.290106E-01
    1.326393E+00    3.261884E-01
    1.327712E+00    3.233612E-01
    1.329021E+00    3.205291E-01
    1.330320E+00    3.176920E-01
    1.331607E+00    3.148502E-01
    1.332884E+00    3.120035E-01
    1.334151E+00    3.091522E-01
    1.335407E+00    3.062962E-01
    1.336652E+00    3.034355E-01
    1.337887E+00    3.005702E-01
    1.339111E+00    2.977004E-01
    1.340325E+00    2.948260E-01
    1.341527E+00    2.919472E-01
    1.342719E+00    2.890638E-01
    1.343900E+00    2.861761E-01
    1.345071E+00    2.832839E-01
    1.346230E+00    2.803873E-01
    1.347379E+00    2.774865E-01
    1.348517E+00    2.745813E-01
    1.349643E+00    2.716719E-01
    1.350759E+00    2.687582E-01
    1.351864E+00    2.658404E-01
    1.352958E+00    2.629185E-01
    1.354041E+00    2.599925E-01
    1.355113E+00    2.570625E-01
    1.356174E+00    2.541285E-01
    1.357225E+00    2.511906E-01
    1.358264E+00    2.482487E-01
    1.359292E+00    2.453031E-01
    1.360309E+00    2.423536E-01
    1.361316E+00    2.394003E-01
    1.362311E+00    2.364433E-01
    1.363295E+00    2.334825E-01
    1.364268E+00    2.305181E-01
    1.365230E+00    2.275501E-01
    1.366180E+00    2.245784E-01
    1.367120E+00    2.216032E-01
    1.368048E+00    2.186244E-01
    1.368964E+00    2.156421E-01
    1.369869E+00    2.126562E-01
    1.370763E+00    2.096669E-01
    1.371645E+00    2.066742E-01
    1.372515E+00    2.036780E-01
    1.373374E+00    2.006785E-01
    1.374220E+00    1.976756E-01
    1.375055E+00    1.946693E-01
    1.375878E+00    1.916598E-01
    1.376689E+00    1.886471E-01
    1.377488E+00    1.856311E-01
    1.378275E+00    1.826120E-01
    1.379050E+00    1.795897E-01
    1.379813E+00    1.765644E-01
    1.380563E+00    1.735360E-01
    1.381302E+00    1.705047E-01
    1.382028E+00    1.674703E-01
    1.382742E+00    1.644331E-01
    1.383443E+00    1.613930E-01
    1.384133E+00    1.583502E-01
    1.384810E+00    1.553046E-01
    1.385475E+00    1.522562E-01
    1.386127E+00    1.492052E-01
    1.386768E+00    1.461516E-01
    1.387395E+00    1.430954E-01
    1.388011E+00    1.400367E-01
    1.388614E+00    1.369756E-01
    1.389204E+00    1.339120E-01
    1.389783E+00    1.308460E-01
    1.390348E+00    1.277777E-01
    1.390901E+00    1.247071E-01
    1.391442E+00    1.216343E-01
    1.391970E+00    1.185593E-01
    1.392485E+00    1.154821E-01
    1.392988E+00    1.124029E-01
    1.393477E+00    1.093216E-01
    1.393955E+00    1.062383E-01
    1.394419E+00    1.031530E-01
    1.394870E+00    1.000659E-01
    1.395309E+00    9.697683E-02
    1.395734E+00    9.388599E-02
    1.396147E+00    9.079340E-02
    1.396547E+00    8.769909E-02
    1.396933E+00    8.460313E-02
    1.397306E+00    8.150555E-02
    1.397667E+00    7.840641E-02
    1.398014E+00    7.530576E-02
    1.398347E+00    7.220367E-02
    1.398668E+00    6.910017E-02
    1.398975E+00    6.599532E-02
    1.399269E+00    6.288918E-02
    1.399549E+00    5.978181E-02
    1.399816E+00    5.667325E-02
    1.400069E+00    5.356356E-02
    1.400309E+00    5.045281E-02
    1.400536E+00    4.734104E-02
    1.400749E+00    4.422832E-02
    1.400948E+00    4.111471E-02
    1.401134E+00    3.800025E-02
    1.401306E+00    3.488501E-02
    1.401465E+00    3.176906E-02
    1.401610E+00    2.865243E-02
    1.401742E+00    2.553521E-02
    1.401860E+00    2.241744E-02
    1.401964E+00    1.929919E-02
    1.402055E+00    1.618051E-02
    1.402132E+00    1.306146E-02
    1.402195E+00    9.942109E-03
    1.402245E+00    6.822509E-03
    1.402281E+00    3.702721E-03
    1.402304E+00    5.828045E-04
    1.402312E+00   -2.537180E-03
    1.402308E+00   -5.657174E-03
    1.402289E+00   -8.777118E-03
    1.402257E+00   -1.189695E-02
    1.402212E+00   -1.501662E-02
    1.402153E+00   -1.813605E-02
    1.402080E+00   -2.125520E-02
    1.401994E+00   -2.437400E-02
    1.401894E+00   -2.749240E-02
    1.401780E+00   -3.061033E-02
    1.401653E+00   -3.372774E-02
    1.401513E+00   -3.684457E-02
    1.401358E+00   -3.996076E-02
    1.401191E+00   -4.307625E-02
    1.401010E+00   -4.619098E-02
    1.400815E+00   -4.930491E-02
    1.400607E+00   -5.241796E-02
    1.400385E+00   -5.553009E-02
    1.400151E+00   -5.864123E-02
    1.399902E+00   -6.175134E-02
    1.399641E+00   -6.486035E-02
    1.399366E+00   -6.796822E-02
    1.399078E+00   -7.107488E-02
    1.398777E+00   -7.418030E-02
    1.398462E+00   -7.728440E-02
    1.398134E+00   -8.038715E-02
    1.397794E+00   -8.348849E-02
    1.397440E+00   -8.658837E-02
    1.397073E+00   -8.968673E-02
    1.396693E+00   -9.278354E-02
    1.396301E+00   -9.587874E-02
    1.395895E+00   -9.897228E-02
    1.395477E+00   -1.020641E-01
    1.395046E+00   -1.051542E-01
    1.394603E+00   -1.082425E-01
    1.394146E+00   -1.113289E-01
    1.393677E+00   -1.144135E-01
    1.393196E+00   -1.174961E-01
    1.392702E+00   -1.205768E-01
    1.392195E+00   -1.236554E-01
    1.391676E+00   -1.267319E-01
    1.391145E+00   -1.298064E-01
    1.390601E+00   -1.328786E-01
    1.390045E+00   -1.359487E-01
    1.389477E+00   -1.390165E-01
    1.388897E+00   -1.420820E-01
    1.388304E+00   -1.451452E-01
    1.387699E+00   -1.482059E-01
    1.387082E+00   -1.512643E-01
    1.386452E+00   -1.543202E-01
    1.385811E+00   -1.573735E-01
    1.385157E+00   -1.604243E-01
    1.384492E+00   -1.634724E-01
    1.383814E+00   -1.665179E-01
    1.383124E+00   -1.695607E-01
    1.382422E+00   -1.726008E-01
    1.381708E+00   -1.756380E-01
    1.380983E+00   -1.786724E-01
    1.380245E+00   -1.817039E-01
    1.379495E+00   -1.847325E-01
    1.378733E+00   -1.877581E-01
    1.377960E+00   -1.907807E-01
    1.377175E+00   -1.938003E-01
    1.376378E+00   -1.968167E-01
    1.375569E+00   -1.998301E-01
    1.374749E+00   -2.028403E-01
    1.373917E+00   -2.058473E-01
    1.373073E+00   -2.088511E-01
    1.372218E+00   -2.118517E-01
    1.371352E+00   -2.148490E-01
    1.370474E+00   -2.178430E-01
    1.369585E+00   -2.208337E-01
    1.368685E+00   -2.238211E-01
    1.367774E+00   -2.268051E-01
    1.366852E+00   -2.297857E-01
    1.365919E+00   -2.327628E-01
    1.364975E+00   -2.357366E-01
    1.364020E+00   -2.387068E-01
    1.363054E+00   -2.416736E-01
    1.362077E+00   -2.446368E-01
    1.361090E+00   -2.475964E-01
    1.360092E+00   -2.505525E-01
    1.359083E+00   -2.535049E-01
    1.358064E+00   -2.564537E-01
    1.357033E+00   -2.593987E-01
    1.355993E+00   -2.623400E-01
    1.354941E+00   -2.652774E-01
    1.353879E+00   -2.682110E-01
    1.352806E+00   -2.711408E-01
    1.351722E+00   -2.740666E-01
    1.350628E+00   -2.769884E-01
    1.349523E+00   -2.799062E-01
    1.348408E+00   -2.828199E-01
    1.347281E+00   -2.857296E-01
    1.346145E+00   -2.886351E-01
    1.344997E+00   -2.915365E-01
    1.343839E+00   -2.944336E-01
    1.342671E+00   -2.973266E-01
    1.341492E+00   -3.002153E-01
    1.340303E+00   -3.030997E-01
    1.339103E+00   -3.059798E-01
    1.337893E+00   -3.088555E-01
    1.336672E+00   -3.117269E-01
    1.335441E+00   -3.145938E-01
    1.334200E+00   -3.174564E-01
    1.332949E+00   -3.203144E-01
    1.331687E+00   -3.231679E-01
    1.330415E+00   -3.260167E-01
    1.329132E+00   -3.288610E-01
    1.327840E+00   -3.317005E-01
    1.326536E+00   -3.345352E-01
    1.325223E+00   -3.373651E-01
    1.323898E+00   -3.401901E-01
    1.322563E+00   -3.430101E-01
    1.321218E+00   -3.458251E-01
    1.319862E+00   -3.486350E-01
    1.318495E+00   -3.514396E-01
    1.317117E+00   -3.542391E-01
    1.315729E+00   -3.570332E-01
    1.314330E+00   -3.598220E-01
    1.312921E+00   -3.626054E-01
    1.311500E+00   -3.653834E-01
    1.310069E+00   -3.681559E-01
    1.308628E+00   -3.709228E-01
    1.307175E+00   -3.736843E-01
    1.305713E+00   -3.764401E-01
    1.304239E+00   -3.791904E-01
    1.302756E+00   -3.819349E-01
    1.301261E+00   -3.846739E-01
    1.299757E+00   -3.874070E-01
    1.298242E+00   -3.901344E-01
    1.296716E+00   -3.928560E-01
    1.295180E+00   -3.955717E-01
    1.293633E+00   -3.982813E-01
    1.292645E+00   -4.000000E-01
# Wall   16, psi=   5.144633E-02, psi/psi_sep =  0.652144
    1.200000E+00    5.307824E-01
    1.202174E+00    5.285443E-01
    1.204335E+00    5.262944E-01
    1.206485E+00    5.240328E-01
    1.208622E+00    5.217596E-01
    1.210746E+00    5.194749E-01
    1.212859E+00    5.171790E-01
    1.214959E+00    5.148718E-01
    1.217047E+00    5.125536E-01
    1.219123E+00    5.102244E-01
    1.221187E+00    5.078845E-01
    1.223239E+00    5.055340E-01
    1.225278E+00    5.031730E-01
    1.227306E+00    5.008017E-01
    1.229322E+00    4.984203E-01
    1.231326E+00    4.960289E-01
    1.233318E+00    4.936276E-01
    1.235298E+00    4.912167E-01
    1.237267E+00    4.887963E-01
    1.239224E+00    4.863665E-01
    1.241170E+00    4.839274E-01
    1.243104E+00    4.814793E-01
    1.245027E+00    4.790222E-01
    1.246938E+00    4.765563E-01
    1.248838E+00    4.740817E-01
    1.250727E+00    4.715984E-01
    1.252605E+00    4.691067E-01
    1.254471E+00    4.666066E-01
    1.256327E+00    4.640981E-01
    1.258171E+00    4.615814E-01
    1.260003E+00    4.590565E-01
    1.261825E+00    4.565235E-01
    1.263636E+00    4.539825E-01
    1.265435E+00    4.514336E-01
    1.267223E+00    4.488767E-01
    1.268999E+00    4.463120E-01
    1.270765E+00    4.437395E-01
    1.272519E+00    4.411593E-01
    1.274262E+00    4.385715E-01
    1.275993E+00    4.359760E-01
    1.277714E+00    4.333731E-01
    1.279423E+00    4.307629E-01
    1.281120E+00    4.281453E-01
    1.282807E+00    4.255205E-01
    1.284483E+00    4.228886E-01
    1.286147E+00    4.202497E-01
    1.287801E+00    4.176039E-01
    1.289443E+00    4.149513E-01
    1.291075E+00    4.122921E-01
    1.292696E+00    4.096263E-01
    1.294307E+00    4.069540E-01
    1.295907E+00    4.042754E-01
    1.297496E+00    4.015906E-01
    1.299075E+00    3.988995E-01
    1.300643E+00    3.962025E-01
    1.302201E+00    3.934994E-01
    1.303749E+00    3.907903E-01
    1.305286E+00    3.880754E-01
    1.306814E+00    3.853547E-01
    1.308330E+00    3.826281E-01
    1.309836E+00    3.798958E-01
    1.311332E+00    3.771578E-01
    1.312818E+00    3.744140E-01
    1.314292E+00    3.716645E-01
    1.315756E+00    3.689094E-01
    1.317210E+00    3.661487E-01
    1.318653E+00    3.633824E-01
    1.320085E+00    3.606106E-01
    1.321507E+00    3.578333E-01
    1.322918E+00    3.550505E-01
    1.324318E+00    3.522624E-01
    1.325708E+00    3.494690E-01
    1.327087E+00    3.466704E-01
    1.328456E+00    3.438667E-01
    1.329814E+00    3.410578E-01
    1.331162E+00    3.382440E-01
    1.332499E+00    3.354252E-01
    1.333826E+00    3.326015E-01
    1.335143E+00    3.297730E-01
    1.336450E+00    3.269398E-01
    1.337746E+00    3.241019E-01
    1.339032E+00    3.212593E-01
    1.340308E+00    3.184121E-01
    1.341574E+00    3.155604E-01
    1.342829E+00    3.127041E-01
    1.344074E+00    3.098434E-01
    1.345309E+00    3.069781E-01
    1.346534E+00    3.041084E-01
    1.347748E+00    3.012343E-01
    1.348951E+00    2.983558E-01
    1.350144E+00    2.954729E-01
    1.351327E+00    2.925857E-01
    1.352499E+00    2.896942E-01
    1.353660E+00    2.867985E-01
    1.354811E+00    2.838985E-01
    1.355952E+00    2.809943E-01
    1.357081E+00    2.780860E-01
    1.358200E+00    2.751737E-01
    1.359309E+00    2.722572E-01
    1.360407E+00    2.693368E-01
    1.361494E+00    2.664125E-01
    1.362571E+00    2.634842E-01
    1.363638E+00    2.605521E-01
    1.364693E+00    2.576162E-01
    1.365739E+00    2.546765E-01
    1.366773E+00    2.517331E-01
    1.367798E+00    2.487860E-01
    1.368811E+00    2.458352E-01
    1.369814E+00    2.428808E-01
    1.370807E+00    2.399228E-01
    1.371788E+00    2.369612E-01
    1.372759E+00    2.339961E-01
    1.373719E+00    2.310274E-01
    1.374668E+00    2.280553E-01
    1.375606E+00    2.250796E-01
    1.376533E+00    2.221005E-01
    1.377448E+00    2.191179E-01
    1.378353E+00    2.161318E-01
    1.379246E+00    2.131424E-01
    1.380128E+00    2.101496E-01
    1.380998E+00    2.071534E-01
    1.381857E+00    2.041539E-01
    1.382704E+00    2.011511E-01
    1.383539E+00    1.981451E-01
    1.384363E+00    1.951358E-01
    1.385175E+00    1.921233E-01
    1.385975E+00    1.891077E-01
    1.386764E+00    1.860889E-01
    1.387540E+00    1.830671E-01
    1.388305E+00    1.800422E-01
    1.389057E+00    1.770144E-01
    1.389798E+00    1.739836E-01
    1.390527E+00    1.709499E-01
    1.391243E+00    1.679133E-01
    1.391948E+00    1.648739E-01
    1.392641E+00    1.618318E-01
    1.393322E+00    1.587870E-01
    1.393990E+00    1.557395E-01
    1.394647E+00    1.526893E-01
    1.395291E+00    1.496366E-01
    1.395924E+00    1.465814E-01
    1.396544E+00    1.435237E-01
    1.397152E+00    1.404635E-01
    1.397748E+00    1.374009E-01
    1.398332E+00    1.343360E-01
    1.398903E+00    1.312688E-01
    1.399462E+00    1.281993E-01
    1.400009E+00    1.251277E-01
    1.400544E+00    1.220538E-01
    1.401066E+00    1.189778E-01
    1.401576E+00    1.158998E-01
    1.402073E+00    1.128197E-01
    1.402558E+00    1.097376E-01
    1.403031E+00    1.066535E-01
    1.403490E+00    1.035676E-01
    1.403937E+00    1.004798E-01
    1.404372E+00    9.739021E-02
    1.404794E+00    9.429885E-02
    1.405202E+00    9.120576E-02
    1.405599E+00    8.811100E-02
    1.405982E+00    8.501462E-02
    1.406352E+00    8.191667E-02
    1.406709E+00    7.881719E-02
    1.407053E+00    7.571624E-02
    1.407385E+00    7.261387E-02
    1.407703E+00    6.951012E-02
    1.408007E+00    6.640505E-02
    1.408299E+00    6.329872E-02
    1.408578E+00    6.019118E-02
    1.408843E+00    5.708247E-02
    1.409095E+00    5.397266E-02
    1.409333E+00    5.086180E-02
    1.409559E+00    4.774994E-02
    1.409771E+00    4.463715E-02
    1.409969E+00    4.152348E-02
    1.410154E+00    3.840897E-02
    1.410326E+00    3.529370E-02
    1.410484E+00    3.217772E-02
    1.410629E+00    2.906109E-02
    1.410760E+00    2.594386E-02
    1.410878E+00    2.282609E-02
    1.410983E+00    1.970785E-02
    1.411074E+00    1.658918E-02
    1.411151E+00    1.347014E-02
    1.411215E+00    1.035080E-02
    1.411266E+00    7.231217E-03
    1.411303E+00    4.111441E-03
    1.411327E+00    9.915330E-04
    1.411337E+00   -2.128448E-03
    1.411334E+00   -5.248444E-03
    1.411317E+00   -8.368397E-03
    1.411287E+00   -1.148825E-02
    1.411243E+00   -1.460794E-02
    1.411186E+00   -1.772742E-02
    1.411116E+00   -2.084662E-02
    1.411032E+00   -2.396549E-02
    1.410935E+00   -2.708396E-02
    1.410824E+00   -3.020199E-02
    1.410700E+00   -3.331952E-02
    1.410562E+00   -3.643648E-02
    1.410411E+00   -3.955283E-02
    1.410247E+00   -4.266850E-02
    1.410069E+00   -4.578343E-02
    1.409878E+00   -4.889758E-02
    1.409674E+00   -5.201089E-02
    1.409456E+00   -5.512329E-02
    1.409226E+00   -5.823474E-02
    1.408982E+00   -6.134519E-02
    1.408725E+00   -6.445457E-02
    1.408454E+00   -6.756284E-02
    1.408171E+00   -7.066995E-02
    1.407875E+00   -7.377583E-02
    1.407565E+00   -7.688045E-02
    1.407243E+00   -7.998375E-02
    1.406907E+00   -8.308567E-02
    1.406559E+00   -8.618618E-02
    1.406198E+00   -8.928523E-02
    1.405825E+00   -9.238276E-02
    1.405438E+00   -9.547873E-02
    1.405039E+00   -9.857309E-02
    1.404627E+00   -1.016658E-01
    1.404203E+00   -1.047568E-01
    1.403766E+00   -1.078461E-01
    1.403317E+00   -1.109336E-01
    1.402855E+00   -1.140192E-01
    1.402381E+00   -1.171030E-01
    1.401895E+00   -1.201849E-01
    1.401397E+00   -1.232648E-01
    1.400886E+00   -1.263427E-01
    1.400363E+00   -1.294186E-01
    1.399828E+00   -1.324924E-01
    1.399281E+00   -1.355640E-01
    1.398722E+00   -1.386335E-01
    1.398150E+00   -1.417008E-01
    1.397567E+00   -1.447658E-01
    1.396972E+00   -1.478285E-01
    1.396365E+00   -1.508888E-01
    1.395746E+00   -1.539468E-01
    1.395115E+00   -1.570023E-01
    1.394472E+00   -1.600554E-01
    1.393817E+00   -1.631059E-01
    1.393151E+00   -1.661539E-01
    1.392472E+00   -1.691992E-01
    1.391782E+00   -1.722419E-01
    1.391080E+00   -1.752819E-01
    1.390366E+00   -1.783191E-01
    1.389641E+00   -1.813536E-01
    1.388903E+00   -1.843852E-01
    1.388154E+00   -1.874139E-01
    1.387393E+00   -1.904398E-01
    1.386621E+00   -1.934626E-01
    1.385837E+00   -1.964825E-01
    1.385041E+00   -1.994994E-01
    1.384234E+00   -2.025132E-01
    1.383416E+00   -2.055239E-01
    1.382586E+00   -2.085314E-01
    1.381744E+00   -2.115359E-01
    1.380892E+00   -2.145371E-01
    1.380028E+00   -2.175352E-01
    1.379153E+00   -2.205300E-01
    1.378267E+00   -2.235216E-01
    1.377370E+00   -2.265099E-01
    1.376463E+00   -2.294949E-01
    1.375544E+00   -2.324766E-01
    1.374615E+00   -2.354550E-01
    1.373675E+00   -2.384301E-01
    1.372724E+00   -2.414018E-01
    1.371763E+00   -2.443701E-01
    1.370792E+00   -2.473350E-01
    1.369810E+00   -2.502965E-01
    1.368818E+00   -2.532545E-01
    1.367815E+00   -2.562091E-01
    1.366803E+00   -2.591601E-01
    1.365780E+00   -2.621076E-01
    1.364746E+00   -2.650515E-01
    1.363703E+00   -2.679918E-01
    1.362649E+00   -2.709285E-01
    1.361585E+00   -2.738614E-01
    1.360510E+00   -2.767905E-01
    1.359425E+00   -2.797159E-01
    1.358330E+00   -2.826374E-01
    1.357225E+00   -2.855550E-01
    1.356109E+00   -2.884687E-01
    1.354983E+00   -2.913784E-01
    1.353847E+00   -2.942840E-01
    1.352700E+00   -2.971857E-01
    1.351543E+00   -3.000832E-01
    1.350376E+00   -3.029766E-01
    1.349198E+00   -3.058659E-01
    1.348010E+00   -3.087510E-01
    1.346813E+00   -3.116318E-01
    1.345605E+00   -3.145085E-01
    1.344387E+00   -3.173809E-01
    1.343158E+00   -3.202490E-01
    1.341920E+00   -3.231128E-01
    1.340672E+00   -3.259723E-01
    1.339414E+00   -3.288274E-01
    1.338146E+00   -3.316781E-01
    1.336868E+00   -3.345244E-01
    1.335580E+00   -3.373661E-01
    1.334282E+00   -3.402033E-01
    1.332974E+00   -3.430358E-01
    1.331656E+00   -3.458637E-01
    1.330327E+00   -3.486867E-01
    1.328989E+00   -3.515050E-01
    1.327640E+00   -3.543183E-01
    1.326281E+00   -3.571267E-01
    1.324911E+00   -3.599300E-01
    1.323531E+00   -3.627282E-01
    1.322141E+00   -3.655213E-01
    1.320740E+00   -3.683092E-01
    1.319329E+00   -3.710918E-01
    1.317907E+00   -3.738691E-01
    1.316475E+00   -3.766411E-01
    1.315033E+00   -3.794077E-01
    1.313580E+00   -3.821690E-01
    1.312118E+00   -3.849248E-01
    1.310645E+00   -3.876752E-01
    1.309161E+00   -3.904201E-01
    1.307668E+00   -3.931595E-01
    1.306165E+00   -3.958934E-01
    1.304651E+00   -3.986217E-01
    1.303882E+00   -4.000000E-01
# Wall   17, psi=   5.419050E-02, psi/psi_sep =  0.686929
    1.206797E+00    5.400000E-01
    1.208949E+00    5.377414E-01
    1.211090E+00    5.354716E-01
    1.213219E+00    5.331907E-01
    1.215336E+00    5.308987E-01
    1.217441E+00    5.285959E-01
    1.219534E+00    5.262823E-01
    1.221615E+00    5.239580E-01
    1.223685E+00    5.216231E-01
    1.225743E+00    5.192778E-01
    1.227788E+00    5.169221E-01
    1.229822E+00    5.145563E-01
    1.231845E+00    5.121805E-01
    1.233855E+00    5.097948E-01
    1.235855E+00    5.073994E-01
    1.237842E+00    5.049944E-01
    1.239818E+00    5.025800E-01
    1.241783E+00    5.001564E-01
    1.243736E+00    4.977236E-01
    1.245679E+00    4.952819E-01
    1.247610E+00    4.928314E-01
    1.249530E+00    4.903723E-01
    1.251439E+00    4.879046E-01
    1.253338E+00    4.854285E-01
    1.255225E+00    4.829441E-01
    1.257101E+00    4.804516E-01
    1.258967E+00    4.779509E-01
    1.260822E+00    4.754423E-01
    1.262667E+00    4.729258E-01
    1.264500E+00    4.704014E-01
    1.266323E+00    4.678692E-01
    1.268135E+00    4.653293E-01
    1.269936E+00    4.627817E-01
    1.271726E+00    4.602265E-01
    1.273506E+00    4.576637E-01
    1.275274E+00    4.550934E-01
    1.277032E+00    4.525155E-01
    1.278778E+00    4.499301E-01
    1.280514E+00    4.473374E-01
    1.282238E+00    4.447373E-01
    1.283952E+00    4.421300E-01
    1.285655E+00    4.395154E-01
    1.287346E+00    4.368938E-01
    1.289027E+00    4.342651E-01
    1.290697E+00    4.316296E-01
    1.292356E+00    4.289873E-01
    1.294004E+00    4.263383E-01
    1.295642E+00    4.236827E-01
    1.297269E+00    4.210207E-01
    1.298886E+00    4.183524E-01
    1.300493E+00    4.156779E-01
    1.302089E+00    4.129972E-01
    1.303675E+00    4.103105E-01
    1.305252E+00    4.076179E-01
    1.306818E+00    4.049195E-01
    1.308374E+00    4.022153E-01
    1.309920E+00    3.995053E-01
    1.311456E+00    3.967897E-01
    1.312982E+00    3.940684E-01
    1.314498E+00    3.913415E-01
    1.316004E+00    3.886091E-01
    1.317500E+00    3.858710E-01
    1.318986E+00    3.831274E-01
    1.320461E+00    3.803784E-01
    1.321926E+00    3.776238E-01
    1.323381E+00    3.748637E-01
    1.324826E+00    3.720982E-01
    1.326260E+00    3.693273E-01
    1.327683E+00    3.665511E-01
    1.329097E+00    3.637696E-01
    1.330500E+00    3.609829E-01
    1.331893E+00    3.581910E-01
    1.333275E+00    3.553941E-01
    1.334648E+00    3.525922E-01
    1.336010E+00    3.497853E-01
    1.337362E+00    3.469736E-01
    1.338705E+00    3.441571E-01
    1.340037E+00    3.413359E-01
    1.341359E+00    3.385100E-01
    1.342672E+00    3.356796E-01
    1.343975E+00    3.328445E-01
    1.345267E+00    3.300050E-01
    1.346550E+00    3.271610E-01
    1.347823E+00    3.243125E-01
    1.349086E+00    3.214595E-01
    1.350339E+00    3.186022E-01
    1.351582E+00    3.157405E-01
    1.352815E+00    3.128745E-01
    1.354038E+00    3.100041E-01
    1.355251E+00    3.071293E-01
    1.356453E+00    3.042503E-01
    1.357645E+00    3.013671E-01
    1.358827E+00    2.984796E-01
    1.359999E+00    2.955880E-01
    1.361160E+00    2.926922E-01
    1.362311E+00    2.897923E-01
    1.363452E+00    2.868883E-01
    1.364583E+00    2.839804E-01
    1.365703E+00    2.810685E-01
    1.366813E+00    2.781527E-01
    1.367913E+00    2.752331E-01
    1.369003E+00    2.723096E-01
    1.370083E+00    2.693824E-01
    1.371153E+00    2.664515E-01
    1.372212E+00    2.635170E-01
    1.373262E+00    2.605788E-01
    1.374301E+00    2.576370E-01
    1.375330E+00    2.546916E-01
    1.376349E+00    2.517427E-01
    1.377358E+00    2.487903E-01
    1.378356E+00    2.458344E-01
    1.379345E+00    2.428750E-01
    1.380322E+00    2.399121E-01
    1.381289E+00    2.369457E-01
    1.382246E+00    2.339759E-01
    1.383191E+00    2.310027E-01
    1.384126E+00    2.280261E-01
    1.385050E+00    2.250460E-01
    1.385963E+00    2.220626E-01
    1.386865E+00    2.190758E-01
    1.387756E+00    2.160857E-01
    1.388636E+00    2.130923E-01
    1.389504E+00    2.100955E-01
    1.390361E+00    2.070955E-01
    1.391206E+00    2.040923E-01
    1.392041E+00    2.010859E-01
    1.392863E+00    1.980763E-01
    1.393674E+00    1.950636E-01
    1.394474E+00    1.920478E-01
    1.395262E+00    1.890289E-01
    1.396038E+00    1.860070E-01
    1.396803E+00    1.829821E-01
    1.397555E+00    1.799543E-01
    1.398297E+00    1.769236E-01
    1.399026E+00    1.738901E-01
    1.399744E+00    1.708537E-01
    1.400449E+00    1.678146E-01
    1.401144E+00    1.647728E-01
    1.401826E+00    1.617283E-01
    1.402496E+00    1.586813E-01
    1.403155E+00    1.556316E-01
    1.403802E+00    1.525794E-01
    1.404437E+00    1.495247E-01
    1.405060E+00    1.464676E-01
    1.405671E+00    1.434080E-01
    1.406271E+00    1.403461E-01
    1.406858E+00    1.372819E-01
    1.407434E+00    1.342154E-01
    1.407997E+00    1.311467E-01
    1.408548E+00    1.280758E-01
    1.409088E+00    1.250028E-01
    1.409615E+00    1.219276E-01
    1.410130E+00    1.188504E-01
    1.410632E+00    1.157712E-01
    1.411123E+00    1.126900E-01
    1.411601E+00    1.096069E-01
    1.412067E+00    1.065219E-01
    1.412521E+00    1.034350E-01
    1.412962E+00    1.003464E-01
    1.413390E+00    9.725593E-02
    1.413806E+00    9.416379E-02
    1.414210E+00    9.106997E-02
    1.414600E+00    8.797453E-02
    1.414978E+00    8.487752E-02
    1.415343E+00    8.177897E-02
    1.415696E+00    7.867893E-02
    1.416035E+00    7.557746E-02
    1.416362E+00    7.247460E-02
    1.416676E+00    6.937041E-02
    1.416976E+00    6.626493E-02
    1.417264E+00    6.315821E-02
    1.417538E+00    6.005031E-02
    1.417800E+00    5.694128E-02
    1.418048E+00    5.383118E-02
    1.418283E+00    5.072005E-02
    1.418505E+00    4.760795E-02
    1.418713E+00    4.449494E-02
    1.418909E+00    4.138107E-02
    1.419091E+00    3.826639E-02
    1.419260E+00    3.515096E-02
    1.419415E+00    3.203485E-02
    1.419558E+00    2.891810E-02
    1.419687E+00    2.580077E-02
    1.419802E+00    2.268292E-02
    1.419905E+00    1.956460E-02
    1.419994E+00    1.644587E-02
    1.420070E+00    1.332679E-02
    1.420132E+00    1.020742E-02
    1.420181E+00    7.087809E-03
    1.420217E+00    3.968016E-03
    1.420239E+00    8.480995E-04
    1.420249E+00   -2.271885E-03
    1.420244E+00   -5.391880E-03
    1.420227E+00   -8.511828E-03
    1.420196E+00   -1.163167E-02
    1.420152E+00   -1.475136E-02
    1.420095E+00   -1.787083E-02
    1.420024E+00   -2.099003E-02
    1.419940E+00   -2.410889E-02
    1.419843E+00   -2.722737E-02
    1.419732E+00   -3.034541E-02
    1.419608E+00   -3.346295E-02
    1.419471E+00   -3.657994E-02
    1.419321E+00   -3.969632E-02
    1.419157E+00   -4.281203E-02
    1.418981E+00   -4.592702E-02
    1.418791E+00   -4.904123E-02
    1.418588E+00   -5.215462E-02
    1.418372E+00   -5.526712E-02
    1.418142E+00   -5.837869E-02
    1.417900E+00   -6.148926E-02
    1.417645E+00   -6.459879E-02
    1.417377E+00   -6.770723E-02
    1.417095E+00   -7.081453E-02
    1.416801E+00   -7.392063E-02
    1.416494E+00   -7.702549E-02
    1.416174E+00   -8.012905E-02
    1.415842E+00   -8.323128E-02
    1.415497E+00   -8.633212E-02
    1.415139E+00   -8.943152E-02
    1.414768E+00   -9.252944E-02
    1.414385E+00   -9.562584E-02
    1.413990E+00   -9.872067E-02
    1.413582E+00   -1.018139E-01
    1.413161E+00   -1.049054E-01
    1.412729E+00   -1.079953E-01
    1.412284E+00   -1.110834E-01
    1.411827E+00   -1.141698E-01
    1.411358E+00   -1.172543E-01
    1.410877E+00   -1.203370E-01
    1.410383E+00   -1.234177E-01
    1.409878E+00   -1.264965E-01
    1.409361E+00   -1.295733E-01
    1.408832E+00   -1.326481E-01
    1.408290E+00   -1.357209E-01
    1.407738E+00   -1.387915E-01
    1.407173E+00   -1.418599E-01
    1.406596E+00   -1.449262E-01
    1.406008E+00   -1.479902E-01
    1.405408E+00   -1.510520E-01
    1.404796E+00   -1.541114E-01
    1.404173E+00   -1.571685E-01
    1.403538E+00   -1.602232E-01
    1.402891E+00   -1.632755E-01
    1.402233E+00   -1.663252E-01
    1.401563E+00   -1.693725E-01
    1.400882E+00   -1.724171E-01
    1.400188E+00   -1.754592E-01
    1.399484E+00   -1.784985E-01
    1.398768E+00   -1.815352E-01
    1.398040E+00   -1.845692E-01
    1.397301E+00   -1.876003E-01
    1.396550E+00   -1.906287E-01
    1.395788E+00   -1.936541E-01
    1.395014E+00   -1.966767E-01
    1.394229E+00   -1.996963E-01
    1.393433E+00   -2.027130E-01
    1.392625E+00   -2.057267E-01
    1.391806E+00   -2.087373E-01
    1.390976E+00   -2.117448E-01
    1.390135E+00   -2.147493E-01
    1.389283E+00   -2.177506E-01
    1.388420E+00   -2.207488E-01
    1.387545E+00   -2.237439E-01
    1.386660E+00   -2.267357E-01
    1.385765E+00   -2.297243E-01
    1.384858E+00   -2.327097E-01
    1.383941E+00   -2.356919E-01
    1.383013E+00   -2.386708E-01
    1.382075E+00   -2.416465E-01
    1.381127E+00   -2.446188E-01
    1.380168E+00   -2.475879E-01
    1.379200E+00   -2.505537E-01
    1.378221E+00   -2.535162E-01
    1.377232E+00   -2.564753E-01
    1.376233E+00   -2.594311E-01
    1.375224E+00   -2.623836E-01
    1.374206E+00   -2.653326E-01
    1.373177E+00   -2.682782E-01
    1.372139E+00   -2.712204E-01
    1.371091E+00   -2.741590E-01
    1.370033E+00   -2.770942E-01
    1.368965E+00   -2.800257E-01
    1.367887E+00   -2.829536E-01
    1.366799E+00   -2.858779E-01
    1.365702E+00   -2.887984E-01
    1.364594E+00   -2.917152E-01
    1.363476E+00   -2.946281E-01
    1.362349E+00   -2.975372E-01
    1.361211E+00   -3.004424E-01
    1.360063E+00   -3.033436E-01
    1.358906E+00   -3.062409E-01
    1.357738E+00   -3.091341E-01
    1.356560E+00   -3.120232E-01
    1.355372E+00   -3.149083E-01
    1.354175E+00   -3.177892E-01
    1.352967E+00   -3.206661E-01
    1.351750E+00   -3.235388E-01
    1.350522E+00   -3.264073E-01
    1.349285E+00   -3.292716E-01
    1.348039E+00   -3.321317E-01
    1.346783E+00   -3.349876E-01
    1.345517E+00   -3.378393E-01
    1.344241E+00   -3.406866E-01
    1.342956E+00   -3.435296E-01
    1.341661E+00   -3.463682E-01
    1.340356E+00   -3.492024E-01
    1.339042E+00   -3.520321E-01
    1.337718E+00   -3.548573E-01
    1.336384E+00   -3.576778E-01
    1.335041E+00   -3.604936E-01
    1.333687E+00   -3.633047E-01
    1.332324E+00   -3.661110E-01
    1.330950E+00   -3.689123E-01
    1.329566E+00   -3.717086E-01
    1.328172E+00   -3.745000E-01
    1.326768E+00   -3.772862E-01
    1.325354E+00   -3.800673E-01
    1.323930E+00   -3.828433E-01
    1.322496E+00   -3.856140E-01
    1.321051E+00   -3.883796E-01
    1.319597E+00   -3.911398E-01
    1.318132E+00   -3.938949E-01
    1.316658E+00   -3.966446E-01
    1.315174E+00   -3.993890E-01
    1.314842E+00   -4.000000E-01
# Wall   18, psi=   5.693467E-02, psi/psi_sep =  0.721715
    1.222012E+00    5.400000E-01
    1.224097E+00    5.376791E-01
    1.226170E+00    5.353480E-01
    1.228233E+00    5.330066E-01
    1.230283E+00    5.306552E-01
    1.232322E+00    5.282937E-01
    1.234350E+00    5.259224E-01
    1.236366E+00    5.235413E-01
    1.238371E+00    5.211505E-01
    1.240364E+00    5.187503E-01
    1.242346E+00    5.163408E-01
    1.244317E+00    5.139221E-01
    1.246277E+00    5.114943E-01
    1.248225E+00    5.090578E-01
    1.250163E+00    5.066125E-01
    1.252090E+00    5.041587E-01
    1.254006E+00    5.016965E-01
    1.255912E+00    4.992261E-01
    1.257807E+00    4.967476E-01
    1.259692E+00    4.942611E-01
    1.261566E+00    4.917668E-01
    1.263430E+00    4.892647E-01
    1.265283E+00    4.867550E-01
    1.267127E+00    4.842378E-01
    1.268960E+00    4.817130E-01
    1.270783E+00    4.791808E-01
    1.272595E+00    4.766412E-01
    1.274397E+00    4.740943E-01
    1.276189E+00    4.715400E-01
    1.277970E+00    4.689784E-01
    1.279740E+00    4.664095E-01
    1.281501E+00    4.638333E-01
    1.283250E+00    4.612499E-01
    1.284989E+00    4.586593E-01
    1.286717E+00    4.560615E-01
    1.288434E+00    4.534565E-01
    1.290140E+00    4.508445E-01
    1.291836E+00    4.482255E-01
    1.293521E+00    4.455996E-01
    1.295195E+00    4.429669E-01
    1.296859E+00    4.403275E-01
    1.298512E+00    4.376814E-01
    1.300155E+00    4.350290E-01
    1.301787E+00    4.323701E-01
    1.303409E+00    4.297051E-01
    1.305022E+00    4.270340E-01
    1.306624E+00    4.243568E-01
    1.308216E+00    4.216738E-01
    1.309799E+00    4.189850E-01
    1.311372E+00    4.162905E-01
    1.312935E+00    4.135904E-01
    1.314489E+00    4.108847E-01
    1.316033E+00    4.081735E-01
    1.317567E+00    4.054569E-01
    1.319092E+00    4.027347E-01
    1.320607E+00    4.000072E-01
    1.322112E+00    3.972742E-01
    1.323607E+00    3.945358E-01
    1.325092E+00    3.917921E-01
    1.326567E+00    3.890429E-01
    1.328033E+00    3.862884E-01
    1.329488E+00    3.835286E-01
    1.330933E+00    3.807635E-01
    1.332368E+00    3.779932E-01
    1.333793E+00    3.752176E-01
    1.335208E+00    3.724369E-01
    1.336613E+00    3.696512E-01
    1.338008E+00    3.668604E-01
    1.339394E+00    3.640648E-01
    1.340769E+00    3.612643E-01
    1.342135E+00    3.584591E-01
    1.343491E+00    3.556492E-01
    1.344837E+00    3.528346E-01
    1.346174E+00    3.500155E-01
    1.347501E+00    3.471919E-01
    1.348819E+00    3.443638E-01
    1.350127E+00    3.415313E-01
    1.351426E+00    3.386945E-01
    1.352715E+00    3.358532E-01
    1.353994E+00    3.330076E-01
    1.355264E+00    3.301577E-01
    1.356524E+00    3.273035E-01
    1.357775E+00    3.244450E-01
    1.359015E+00    3.215823E-01
    1.360246E+00    3.187153E-01
    1.361467E+00    3.158440E-01
    1.362677E+00    3.129685E-01
    1.363878E+00    3.100889E-01
    1.365069E+00    3.072050E-01
    1.366250E+00    3.043171E-01
    1.367421E+00    3.014252E-01
    1.368582E+00    2.985292E-01
    1.369732E+00    2.956292E-01
    1.370874E+00    2.927254E-01
    1.372005E+00    2.898177E-01
    1.373126E+00    2.869062E-01
    1.374238E+00    2.839910E-01
    1.375340E+00    2.810721E-01
    1.376432E+00    2.781495E-01
    1.377515E+00    2.752233E-01
    1.378588E+00    2.722936E-01
    1.379651E+00    2.693603E-01
    1.380704E+00    2.664235E-01
    1.381748E+00    2.634833E-01
    1.382782E+00    2.605396E-01
    1.383806E+00    2.575924E-01
    1.384820E+00    2.546418E-01
    1.385824E+00    2.516878E-01
    1.386818E+00    2.487304E-01
    1.387802E+00    2.457697E-01
    1.388776E+00    2.428055E-01
    1.389739E+00    2.398379E-01
    1.390692E+00    2.368670E-01
    1.391634E+00    2.338927E-01
    1.392566E+00    2.309150E-01
    1.393487E+00    2.279341E-01
    1.394397E+00    2.249498E-01
    1.395296E+00    2.219622E-01
    1.396185E+00    2.189713E-01
    1.397062E+00    2.159772E-01
    1.397928E+00    2.129799E-01
    1.398784E+00    2.099794E-01
    1.399628E+00    2.069757E-01
    1.400460E+00    2.039689E-01
    1.401282E+00    2.009590E-01
    1.402092E+00    1.979461E-01
    1.402891E+00    1.949301E-01
    1.403678E+00    1.919111E-01
    1.404455E+00    1.888892E-01
    1.405219E+00    1.858644E-01
    1.405973E+00    1.828367E-01
    1.406714E+00    1.798061E-01
    1.407445E+00    1.767728E-01
    1.408164E+00    1.737367E-01
    1.408871E+00    1.706980E-01
    1.409566E+00    1.676565E-01
    1.410251E+00    1.646125E-01
    1.410923E+00    1.615658E-01
    1.411584E+00    1.585166E-01
    1.412234E+00    1.554650E-01
    1.412871E+00    1.524108E-01
    1.413497E+00    1.493543E-01
    1.414112E+00    1.462954E-01
    1.414714E+00    1.432342E-01
    1.415305E+00    1.401706E-01
    1.415885E+00    1.371049E-01
    1.416452E+00    1.340369E-01
    1.417008E+00    1.309668E-01
    1.417551E+00    1.278945E-01
    1.418083E+00    1.248202E-01
    1.418603E+00    1.217438E-01
    1.419111E+00    1.186654E-01
    1.419607E+00    1.155851E-01
    1.420091E+00    1.125029E-01
    1.420563E+00    1.094187E-01
    1.421022E+00    1.063328E-01
    1.421470E+00    1.032450E-01
    1.421905E+00    1.001555E-01
    1.422327E+00    9.706429E-02
    1.422738E+00    9.397140E-02
    1.423136E+00    9.087689E-02
    1.423521E+00    8.778079E-02
    1.423894E+00    8.468316E-02
    1.424254E+00    8.158403E-02
    1.424602E+00    7.848346E-02
    1.424937E+00    7.538148E-02
    1.425259E+00    7.227816E-02
    1.425568E+00    6.917353E-02
    1.425865E+00    6.606764E-02
    1.426148E+00    6.296055E-02
    1.426419E+00    5.985230E-02
    1.426676E+00    5.674296E-02
    1.426921E+00    5.363256E-02
    1.427152E+00    5.052116E-02
    1.427371E+00    4.740882E-02
    1.427576E+00    4.429558E-02
    1.427768E+00    4.118151E-02
    1.427947E+00    3.806666E-02
    1.428113E+00    3.495107E-02
    1.428266E+00    3.183482E-02
    1.428406E+00    2.871794E-02
    1.428532E+00    2.560051E-02
    1.428645E+00    2.248257E-02
    1.428745E+00    1.936417E-02
    1.428832E+00    1.624539E-02
    1.428906E+00    1.312626E-02
    1.428967E+00    1.000685E-02
    1.429014E+00    6.887211E-03
    1.429048E+00    3.767401E-03
    1.429069E+00    6.474741E-04
    1.429077E+00   -2.472514E-03
    1.429072E+00   -5.592507E-03
    1.429053E+00   -8.712450E-03
    1.429021E+00   -1.183229E-02
    1.428977E+00   -1.495196E-02
    1.428919E+00   -1.807142E-02
    1.428847E+00   -2.119061E-02
    1.428763E+00   -2.430946E-02
    1.428666E+00   -2.742794E-02
    1.428555E+00   -3.054598E-02
    1.428431E+00   -3.366352E-02
    1.428294E+00   -3.678052E-02
    1.428145E+00   -3.989691E-02
    1.427982E+00   -4.301264E-02
    1.427805E+00   -4.612767E-02
    1.427616E+00   -4.924193E-02
    1.427414E+00   -5.235537E-02
    1.427199E+00   -5.546794E-02
    1.426971E+00   -5.857958E-02
    1.426730E+00   -6.169025E-02
    1.426476E+00   -6.479989E-02
    1.426209E+00   -6.790846E-02
    1.425929E+00   -7.101591E-02
    1.425637E+00   -7.412218E-02
    1.425332E+00   -7.722722E-02
    1.425014E+00   -8.033100E-02
    1.424684E+00   -8.343346E-02
    1.424341E+00   -8.653457E-02
    1.423986E+00   -8.963426E-02
    1.423618E+00   -9.273251E-02
    1.423238E+00   -9.582926E-02
    1.422845E+00   -9.892448E-02
    1.422441E+00   -1.020181E-01
    1.422024E+00   -1.051102E-01
    1.421595E+00   -1.082005E-01
    1.421154E+00   -1.112892E-01
    1.420701E+00   -1.143761E-01
    1.420236E+00   -1.174613E-01
    1.419759E+00   -1.205446E-01
    1.419270E+00   -1.236261E-01
    1.418770E+00   -1.267057E-01
    1.418258E+00   -1.297834E-01
    1.417734E+00   -1.328591E-01
    1.417198E+00   -1.359327E-01
    1.416651E+00   -1.390044E-01
    1.416092E+00   -1.420739E-01
    1.415521E+00   -1.451413E-01
    1.414939E+00   -1.482065E-01
    1.414345E+00   -1.512695E-01
    1.413740E+00   -1.543302E-01
    1.413123E+00   -1.573887E-01
    1.412495E+00   -1.604448E-01
    1.411856E+00   -1.634985E-01
    1.411205E+00   -1.665498E-01
    1.410542E+00   -1.695987E-01
    1.409869E+00   -1.726451E-01
    1.409183E+00   -1.756889E-01
    1.408487E+00   -1.787302E-01
    1.407779E+00   -1.817688E-01
    1.407060E+00   -1.848048E-01
    1.406329E+00   -1.878381E-01
    1.405588E+00   -1.908686E-01
    1.404835E+00   -1.938964E-01
    1.404071E+00   -1.969214E-01
    1.403295E+00   -1.999436E-01
    1.402509E+00   -2.029628E-01
    1.401712E+00   -2.059792E-01
    1.400903E+00   -2.089926E-01
    1.400084E+00   -2.120031E-01
    1.399253E+00   -2.150105E-01
    1.398412E+00   -2.180149E-01
    1.397560E+00   -2.210163E-01
    1.396697E+00   -2.240146E-01
    1.395823E+00   -2.270097E-01
    1.394939E+00   -2.300018E-01
    1.394044E+00   -2.329907E-01
    1.393138E+00   -2.359764E-01
    1.392222E+00   -2.389589E-01
    1.391296E+00   -2.419383E-01
    1.390360E+00   -2.449145E-01
    1.389413E+00   -2.478874E-01
    1.388457E+00   -2.508572E-01
    1.387490E+00   -2.538237E-01
    1.386514E+00   -2.567870E-01
    1.385528E+00   -2.597471E-01
    1.384532E+00   -2.627039E-01
    1.383527E+00   -2.656575E-01
    1.382512E+00   -2.686078E-01
    1.381487E+00   -2.715548E-01
    1.380453E+00   -2.744984E-01
    1.379410E+00   -2.774388E-01
    1.378357E+00   -2.803758E-01
    1.377294E+00   -2.833093E-01
    1.376223E+00   -2.862395E-01
    1.375141E+00   -2.891661E-01
    1.374051E+00   -2.920892E-01
    1.372950E+00   -2.950088E-01
    1.371840E+00   -2.979247E-01
    1.370721E+00   -3.008369E-01
    1.369592E+00   -3.037454E-01
    1.368453E+00   -3.066501E-01
    1.367304E+00   -3.095510E-01
    1.366146E+00   -3.124479E-01
    1.364978E+00   -3.153410E-01
    1.363800E+00   -3.182300E-01
    1.362612E+00   -3.211151E-01
    1.361414E+00   -3.239962E-01
    1.360207E+00   -3.268732E-01
    1.358990E+00   -3.297462E-01
    1.357764E+00   -3.326150E-01
    1.356528E+00   -3.354799E-01
    1.355283E+00   -3.383406E-01
    1.354028E+00   -3.411972E-01
    1.352764E+00   -3.440497E-01
    1.351491E+00   -3.468980E-01
    1.350208E+00   -3.497422E-01
    1.348917E+00   -3.525821E-01
    1.347615E+00   -3.554179E-01
    1.346305E+00   -3.582493E-01
    1.344985E+00   -3.610764E-01
    1.343656E+00   -3.638991E-01
    1.342317E+00   -3.667173E-01
    1.340969E+00   -3.695309E-01
    1.339611E+00   -3.723400E-01
    1.338244E+00   -3.751443E-01
    1.336866E+00   -3.779439E-01
    1.335479E+00   -3.807387E-01
    1.334083E+00   -3.835285E-01
    1.332676E+00   -3.863134E-01
    1.331259E+00   -3.890932E-01
    1.329833E+00   -3.918680E-01
    1.328396E+00   -3.946377E-01
    1.326950E+00   -3.974024E-01
    1.325580E+00   -4.000000E-01
# Wall   19, psi=   5.967884E-02, psi/psi_sep =  0.756501
    1.236608E+00    5.400000E-01
    1.238629E+00    5.376236E-01
    1.240640E+00    5.352376E-01
    1.242639E+00    5.328422E-01
    1.244627E+00    5.304375E-01
    1.246603E+00    5.280237E-01
    1.248569E+00    5.256008E-01
    1.250524E+00    5.231691E-01
    1.252468E+00    5.207287E-01
    1.254401E+00    5.182798E-01
    1.256324E+00    5.158226E-01
    1.258236E+00    5.133572E-01
    1.260138E+00    5.108839E-01
    1.262029E+00    5.084028E-01
    1.263911E+00    5.059140E-01
    1.265783E+00    5.034177E-01
    1.267644E+00    5.009139E-01
    1.269496E+00    4.984030E-01
    1.271338E+00    4.958848E-01
    1.273170E+00    4.933595E-01
    1.274993E+00    4.908271E-01
    1.276805E+00    4.882877E-01
    1.278608E+00    4.857412E-01
    1.280401E+00    4.831878E-01
    1.282184E+00    4.806274E-01
    1.283957E+00    4.780600E-01
    1.285720E+00    4.754857E-01
    1.287472E+00    4.729043E-01
    1.289214E+00    4.703159E-01
    1.290946E+00    4.677206E-01
    1.292667E+00    4.651183E-01
    1.294378E+00    4.625091E-01
    1.296078E+00    4.598930E-01
    1.297767E+00    4.572701E-01
    1.299446E+00    4.546405E-01
    1.301115E+00    4.520042E-01
    1.302773E+00    4.493613E-01
    1.304421E+00    4.467121E-01
    1.306059E+00    4.440566E-01
    1.307687E+00    4.413949E-01
    1.309305E+00    4.387272E-01
    1.310913E+00    4.360537E-01
    1.312512E+00    4.333744E-01
    1.314101E+00    4.306894E-01
    1.315681E+00    4.279988E-01
    1.317251E+00    4.253028E-01
    1.318812E+00    4.226014E-01
    1.320364E+00    4.198946E-01
    1.321906E+00    4.171825E-01
    1.323439E+00    4.144651E-01
    1.324963E+00    4.117425E-01
    1.326477E+00    4.090145E-01
    1.327982E+00    4.062814E-01
    1.329477E+00    4.035429E-01
    1.330962E+00    4.007993E-01
    1.332438E+00    3.980504E-01
    1.333904E+00    3.952962E-01
    1.335360E+00    3.925369E-01
    1.336807E+00    3.897724E-01
    1.338243E+00    3.870028E-01
    1.339670E+00    3.842281E-01
    1.341087E+00    3.814485E-01
    1.342494E+00    3.786639E-01
    1.343892E+00    3.758745E-01
    1.345280E+00    3.730803E-01
    1.346659E+00    3.702815E-01
    1.348028E+00    3.674781E-01
    1.349388E+00    3.646702E-01
    1.350739E+00    3.618578E-01
    1.352081E+00    3.590410E-01
    1.353413E+00    3.562198E-01
    1.354737E+00    3.533944E-01
    1.356051E+00    3.505647E-01
    1.357356E+00    3.477307E-01
    1.358652E+00    3.448925E-01
    1.359938E+00    3.420501E-01
    1.361215E+00    3.392034E-01
    1.362483E+00    3.363525E-01
    1.363741E+00    3.334975E-01
    1.364990E+00    3.306382E-01
    1.366229E+00    3.277748E-01
    1.367458E+00    3.249072E-01
    1.368678E+00    3.220354E-01
    1.369887E+00    3.191596E-01
    1.371088E+00    3.162796E-01
    1.372278E+00    3.133956E-01
    1.373459E+00    3.105077E-01
    1.374630E+00    3.076158E-01
    1.375791E+00    3.047200E-01
    1.376943E+00    3.018204E-01
    1.378085E+00    2.989171E-01
    1.379218E+00    2.960101E-01
    1.380342E+00    2.930995E-01
    1.381456E+00    2.901852E-01
    1.382561E+00    2.872675E-01
    1.383657E+00    2.843462E-01
    1.384743E+00    2.814214E-01
    1.385821E+00    2.784933E-01
    1.386888E+00    2.755617E-01
    1.387947E+00    2.726267E-01
    1.388996E+00    2.696883E-01
    1.390035E+00    2.667466E-01
    1.391065E+00    2.638015E-01
    1.392086E+00    2.608531E-01
    1.393096E+00    2.579014E-01
    1.394097E+00    2.549463E-01
    1.395088E+00    2.519878E-01
    1.396069E+00    2.490261E-01
    1.397040E+00    2.460610E-01
    1.398001E+00    2.430926E-01
    1.398952E+00    2.401209E-01
    1.399892E+00    2.371460E-01
    1.400822E+00    2.341677E-01
    1.401741E+00    2.311862E-01
    1.402649E+00    2.282014E-01
    1.403547E+00    2.252135E-01
    1.404435E+00    2.222223E-01
    1.405311E+00    2.192280E-01
    1.406177E+00    2.162306E-01
    1.407032E+00    2.132300E-01
    1.407876E+00    2.102264E-01
    1.408710E+00    2.072197E-01
    1.409532E+00    2.042100E-01
    1.410343E+00    2.011973E-01
    1.411143E+00    1.981817E-01
    1.411933E+00    1.951632E-01
    1.412711E+00    1.921417E-01
    1.413478E+00    1.891175E-01
    1.414233E+00    1.860904E-01
    1.414978E+00    1.830605E-01
    1.415711E+00    1.800279E-01
    1.416433E+00    1.769925E-01
    1.417143E+00    1.739545E-01
    1.417843E+00    1.709139E-01
    1.418530E+00    1.678706E-01
    1.419207E+00    1.648248E-01
    1.419872E+00    1.617765E-01
    1.420525E+00    1.587257E-01
    1.421167E+00    1.556725E-01
    1.421798E+00    1.526169E-01
    1.422417E+00    1.495589E-01
    1.423024E+00    1.464986E-01
    1.423620E+00    1.434360E-01
    1.424204E+00    1.403712E-01
    1.424777E+00    1.373043E-01
    1.425338E+00    1.342351E-01
    1.425888E+00    1.311639E-01
    1.426426E+00    1.280906E-01
    1.426952E+00    1.250153E-01
    1.427466E+00    1.219380E-01
    1.427969E+00    1.188587E-01
    1.428459E+00    1.157776E-01
    1.428938E+00    1.126946E-01
    1.429405E+00    1.096097E-01
    1.429860E+00    1.065231E-01
    1.430304E+00    1.034347E-01
    1.430735E+00    1.003446E-01
    1.431153E+00    9.725287E-02
    1.431560E+00    9.415948E-02
    1.431954E+00    9.106451E-02
    1.432337E+00    8.796800E-02
    1.432706E+00    8.486998E-02
    1.433063E+00    8.177049E-02
    1.433408E+00    7.866960E-02
    1.433740E+00    7.556732E-02
    1.434060E+00    7.246373E-02
    1.434366E+00    6.935885E-02
    1.434661E+00    6.625274E-02
    1.434942E+00    6.314544E-02
    1.435210E+00    6.003701E-02
    1.435466E+00    5.692750E-02
    1.435708E+00    5.381695E-02
    1.435938E+00    5.070542E-02
    1.436155E+00    4.759296E-02
    1.436359E+00    4.447962E-02
    1.436549E+00    4.136546E-02
    1.436727E+00    3.825052E-02
    1.436892E+00    3.513487E-02
    1.437043E+00    3.201856E-02
    1.437182E+00    2.890164E-02
    1.437307E+00    2.578417E-02
    1.437420E+00    2.266620E-02
    1.437519E+00    1.954778E-02
    1.437605E+00    1.642898E-02
    1.437679E+00    1.330984E-02
    1.437739E+00    1.019043E-02
    1.437786E+00    7.070787E-03
    1.437820E+00    3.950977E-03
    1.437842E+00    8.310510E-04
    1.437850E+00   -2.288936E-03
    1.437845E+00   -5.408930E-03
    1.437827E+00   -8.528876E-03
    1.437796E+00   -1.164872E-02
    1.437752E+00   -1.476841E-02
    1.437695E+00   -1.788789E-02
    1.437625E+00   -2.100710E-02
    1.437542E+00   -2.412599E-02
    1.437446E+00   -2.724451E-02
    1.437337E+00   -3.036260E-02
    1.437215E+00   -3.348021E-02
    1.437080E+00   -3.659728E-02
    1.436932E+00   -3.971376E-02
    1.436771E+00   -4.282960E-02
    1.436597E+00   -4.594474E-02
    1.436410E+00   -4.905913E-02
    1.436210E+00   -5.217272E-02
    1.435997E+00   -5.528545E-02
    1.435771E+00   -5.839728E-02
    1.435533E+00   -6.150815E-02
    1.435281E+00   -6.461801E-02
    1.435017E+00   -6.772682E-02
    1.434741E+00   -7.083453E-02
    1.434452E+00   -7.394108E-02
    1.434150E+00   -7.704644E-02
    1.433835E+00   -8.015056E-02
    1.433508E+00   -8.325339E-02
    1.433169E+00   -8.635489E-02
    1.432818E+00   -8.945502E-02
    1.432454E+00   -9.255373E-02
    1.432078E+00   -9.565098E-02
    1.431690E+00   -9.874675E-02
    1.431289E+00   -1.018410E-01
    1.430877E+00   -1.049336E-01
    1.430453E+00   -1.080247E-01
    1.430017E+00   -1.111141E-01
    1.429569E+00   -1.142018E-01
    1.429110E+00   -1.172877E-01
    1.428639E+00   -1.203720E-01
    1.428156E+00   -1.234544E-01
    1.427662E+00   -1.265350E-01
    1.427156E+00   -1.296137E-01
    1.426638E+00   -1.326904E-01
    1.426109E+00   -1.357652E-01
    1.425569E+00   -1.388381E-01
    1.425016E+00   -1.419088E-01
    1.424453E+00   -1.449775E-01
    1.423878E+00   -1.480441E-01
    1.423292E+00   -1.511085E-01
    1.422694E+00   -1.541708E-01
    1.422085E+00   -1.572307E-01
    1.421465E+00   -1.602884E-01
    1.420833E+00   -1.633438E-01
    1.420190E+00   -1.663969E-01
    1.419536E+00   -1.694475E-01
    1.418871E+00   -1.724957E-01
    1.418194E+00   -1.755414E-01
    1.417506E+00   -1.785846E-01
    1.416807E+00   -1.816253E-01
    1.416097E+00   -1.846634E-01
    1.415375E+00   -1.876989E-01
    1.414643E+00   -1.907317E-01
    1.413899E+00   -1.937618E-01
    1.413145E+00   -1.967892E-01
    1.412380E+00   -1.998139E-01
    1.411604E+00   -2.028358E-01
    1.410817E+00   -2.058549E-01
    1.410019E+00   -2.088712E-01
    1.409210E+00   -2.118846E-01
    1.408391E+00   -2.148952E-01
    1.407561E+00   -2.179028E-01
    1.406721E+00   -2.209074E-01
    1.405870E+00   -2.239091E-01
    1.405008E+00   -2.269078E-01
    1.404136E+00   -2.299035E-01
    1.403254E+00   -2.328962E-01
    1.402361E+00   -2.358857E-01
    1.401458E+00   -2.388722E-01
    1.400545E+00   -2.418556E-01
    1.399622E+00   -2.448358E-01
    1.398688E+00   -2.478129E-01
    1.397745E+00   -2.507869E-01
    1.396792E+00   -2.537577E-01
    1.395829E+00   -2.567254E-01
    1.394856E+00   -2.596898E-01
    1.393874E+00   -2.626512E-01
    1.392882E+00   -2.656093E-01
    1.391881E+00   -2.685643E-01
    1.390870E+00   -2.715161E-01
    1.389850E+00   -2.744647E-01
    1.388821E+00   -2.774102E-01
    1.387783E+00   -2.803524E-01
    1.386736E+00   -2.832914E-01
    1.385680E+00   -2.862271E-01
    1.384614E+00   -2.891596E-01
    1.383540E+00   -2.920887E-01
    1.382456E+00   -2.950146E-01
    1.381364E+00   -2.979370E-01
    1.380262E+00   -3.008560E-01
    1.379151E+00   -3.037716E-01
    1.378031E+00   -3.066836E-01
    1.376902E+00   -3.095920E-01
    1.375763E+00   -3.124968E-01
    1.374615E+00   -3.153979E-01
    1.373457E+00   -3.182952E-01
    1.372290E+00   -3.211886E-01
    1.371114E+00   -3.240783E-01
    1.369928E+00   -3.269640E-01
    1.368732E+00   -3.298458E-01
    1.367527E+00   -3.327237E-01
    1.366312E+00   -3.355975E-01
    1.365088E+00   -3.384674E-01
    1.363855E+00   -3.413333E-01
    1.362612E+00   -3.441952E-01
    1.361361E+00   -3.470531E-01
    1.360100E+00   -3.499070E-01
    1.358830E+00   -3.527569E-01
    1.357551E+00   -3.556027E-01
    1.356263E+00   -3.584446E-01
    1.354966E+00   -3.612823E-01
    1.353661E+00   -3.641160E-01
    1.352346E+00   -3.669455E-01
    1.351023E+00   -3.697709E-01
    1.349690E+00   -3.725920E-01
    1.348348E+00   -3.754088E-01
    1.346998E+00   -3.782212E-01
    1.345638E+00   -3.810291E-01
    1.344268E+00   -3.838326E-01
    1.342889E+00   -3.866314E-01
    1.341501E+00   -3.894255E-01
    1.340103E+00   -3.922148E-01
    1.338696E+00   -3.949993E-01
    1.337279E+00   -3.977789E-01
    1.336138E+00   -4.000000E-01
# Wall   20, psi=   6.242301E-02, psi/psi_sep =  0.791286
    1.250723E+00    5.400000E-01
    1.252683E+00    5.375726E-01
    1.254632E+00    5.351365E-01
    1.256571E+00    5.326917E-01
    1.258499E+00    5.302386E-01
    1.260416E+00    5.277772E-01
    1.262323E+00    5.253078E-01
    1.264220E+00    5.228306E-01
    1.266106E+00    5.203459E-01
    1.267984E+00    5.178537E-01
    1.269851E+00    5.153543E-01
    1.271709E+00    5.128479E-01
    1.273558E+00    5.103346E-01
    1.275397E+00    5.078145E-01
    1.277227E+00    5.052876E-01
    1.279048E+00    5.027541E-01
    1.280860E+00    5.002140E-01
    1.282662E+00    4.976672E-01
    1.284455E+00    4.951139E-01
    1.286239E+00    4.925540E-01
    1.288013E+00    4.899875E-01
    1.289777E+00    4.874143E-01
    1.291532E+00    4.848345E-01
    1.293277E+00    4.822480E-01
    1.295012E+00    4.796547E-01
    1.296736E+00    4.770548E-01
    1.298451E+00    4.744481E-01
    1.300155E+00    4.718346E-01
    1.301849E+00    4.692145E-01
    1.303533E+00    4.665877E-01
    1.305206E+00    4.639544E-01
    1.306869E+00    4.613146E-01
    1.308522E+00    4.586685E-01
    1.310165E+00    4.560161E-01
    1.311798E+00    4.533576E-01
    1.313421E+00    4.506932E-01
    1.315035E+00    4.480229E-01
    1.316639E+00    4.453470E-01
    1.318234E+00    4.426656E-01
    1.319820E+00    4.399787E-01
    1.321397E+00    4.372864E-01
    1.322965E+00    4.345889E-01
    1.324524E+00    4.318863E-01
    1.326073E+00    4.291784E-01
    1.327614E+00    4.264655E-01
    1.329146E+00    4.237474E-01
    1.330669E+00    4.210243E-01
    1.332183E+00    4.182960E-01
    1.333687E+00    4.155627E-01
    1.335182E+00    4.128242E-01
    1.336668E+00    4.100806E-01
    1.338144E+00    4.073320E-01
    1.339611E+00    4.045782E-01
    1.341068E+00    4.018193E-01
    1.342515E+00    3.990554E-01
    1.343953E+00    3.962865E-01
    1.345381E+00    3.935127E-01
    1.346800E+00    3.907340E-01
    1.348210E+00    3.879506E-01
    1.349610E+00    3.851625E-01
    1.351001E+00    3.823698E-01
    1.352383E+00    3.795726E-01
    1.353757E+00    3.767710E-01
    1.355121E+00    3.739650E-01
    1.356476E+00    3.711547E-01
    1.357822E+00    3.683403E-01
    1.359160E+00    3.655216E-01
    1.360489E+00    3.626988E-01
    1.361809E+00    3.598718E-01
    1.363121E+00    3.570408E-01
    1.364423E+00    3.542056E-01
    1.365716E+00    3.513663E-01
    1.367001E+00    3.485229E-01
    1.368276E+00    3.456754E-01
    1.369542E+00    3.428238E-01
    1.370798E+00    3.399680E-01
    1.372046E+00    3.371082E-01
    1.373283E+00    3.342442E-01
    1.374512E+00    3.313762E-01
    1.375731E+00    3.285041E-01
    1.376940E+00    3.256281E-01
    1.378140E+00    3.227480E-01
    1.379330E+00    3.198641E-01
    1.380512E+00    3.169763E-01
    1.381684E+00    3.140848E-01
    1.382846E+00    3.111895E-01
    1.384000E+00    3.082906E-01
    1.385144E+00    3.053880E-01
    1.386280E+00    3.024820E-01
    1.387406E+00    2.995724E-01
    1.388524E+00    2.966595E-01
    1.389632E+00    2.937431E-01
    1.390732E+00    2.908233E-01
    1.391823E+00    2.879003E-01
    1.392905E+00    2.849739E-01
    1.393978E+00    2.820442E-01
    1.395042E+00    2.791112E-01
    1.396097E+00    2.761749E-01
    1.397142E+00    2.732353E-01
    1.398179E+00    2.702925E-01
    1.399206E+00    2.673464E-01
    1.400223E+00    2.643970E-01
    1.401231E+00    2.614443E-01
    1.402230E+00    2.584883E-01
    1.403218E+00    2.555291E-01
    1.404197E+00    2.525666E-01
    1.405166E+00    2.496009E-01
    1.406125E+00    2.466319E-01
    1.407074E+00    2.436598E-01
    1.408013E+00    2.406844E-01
    1.408942E+00    2.377058E-01
    1.409860E+00    2.347241E-01
    1.410768E+00    2.317393E-01
    1.411667E+00    2.287513E-01
    1.412554E+00    2.257603E-01
    1.413432E+00    2.227662E-01
    1.414299E+00    2.197691E-01
    1.415155E+00    2.167690E-01
    1.416001E+00    2.137659E-01
    1.416837E+00    2.107599E-01
    1.417662E+00    2.077509E-01
    1.418476E+00    2.047390E-01
    1.419280E+00    2.017243E-01
    1.420072E+00    1.987066E-01
    1.420854E+00    1.956862E-01
    1.421625E+00    1.926629E-01
    1.422385E+00    1.896369E-01
    1.423134E+00    1.866081E-01
    1.423872E+00    1.835766E-01
    1.424598E+00    1.805424E-01
    1.425314E+00    1.775055E-01
    1.426018E+00    1.744660E-01
    1.426710E+00    1.714239E-01
    1.427392E+00    1.683792E-01
    1.428062E+00    1.653320E-01
    1.428721E+00    1.622823E-01
    1.429368E+00    1.592302E-01
    1.430004E+00    1.561757E-01
    1.430628E+00    1.531189E-01
    1.431242E+00    1.500597E-01
    1.431843E+00    1.469983E-01
    1.432434E+00    1.439346E-01
    1.433012E+00    1.408688E-01
    1.433580E+00    1.378008E-01
    1.434136E+00    1.347307E-01
    1.434680E+00    1.316586E-01
    1.435213E+00    1.285845E-01
    1.435734E+00    1.255083E-01
    1.436244E+00    1.224303E-01
    1.436743E+00    1.193504E-01
    1.437230E+00    1.162686E-01
    1.437705E+00    1.131850E-01
    1.438168E+00    1.100996E-01
    1.438620E+00    1.070125E-01
    1.439060E+00    1.039237E-01
    1.439489E+00    1.008333E-01
    1.439905E+00    9.774117E-02
    1.440309E+00    9.464750E-02
    1.440702E+00    9.155226E-02
    1.441082E+00    8.845552E-02
    1.441450E+00    8.535730E-02
    1.441806E+00    8.225764E-02
    1.442149E+00    7.915660E-02
    1.442480E+00    7.605420E-02
    1.442798E+00    7.295049E-02
    1.443104E+00    6.984552E-02
    1.443398E+00    6.673934E-02
    1.443678E+00    6.363198E-02
    1.443946E+00    6.052350E-02
    1.444201E+00    5.741394E-02
    1.444443E+00    5.430336E-02
    1.444673E+00    5.119180E-02
    1.444889E+00    4.807932E-02
    1.445093E+00    4.496597E-02
    1.445283E+00    4.185180E-02
    1.445461E+00    3.873686E-02
    1.445625E+00    3.562122E-02
    1.445777E+00    3.250491E-02
    1.445916E+00    2.938800E-02
    1.446042E+00    2.627054E-02
    1.446155E+00    2.315259E-02
    1.446255E+00    2.003419E-02
    1.446342E+00    1.691541E-02
    1.446416E+00    1.379629E-02
    1.446477E+00    1.067690E-02
    1.446526E+00    7.557275E-03
    1.446561E+00    4.437479E-03
    1.446584E+00    1.317562E-03
    1.446593E+00   -1.802421E-03
    1.446590E+00   -4.922417E-03
    1.446574E+00   -8.042373E-03
    1.446545E+00   -1.116224E-02
    1.446503E+00   -1.428195E-02
    1.446448E+00   -1.740147E-02
    1.446381E+00   -2.052073E-02
    1.446300E+00   -2.363969E-02
    1.446207E+00   -2.675829E-02
    1.446100E+00   -2.987648E-02
    1.445981E+00   -3.299419E-02
    1.445849E+00   -3.611139E-02
    1.445704E+00   -3.922802E-02
    1.445546E+00   -4.234401E-02
    1.445375E+00   -4.545933E-02
    1.445191E+00   -4.857391E-02
    1.444995E+00   -5.168771E-02
    1.444785E+00   -5.480067E-02
    1.444563E+00   -5.791274E-02
    1.444328E+00   -6.102388E-02
    1.444080E+00   -6.413403E-02
    1.443820E+00   -6.724315E-02
    1.443547E+00   -7.035119E-02
    1.443262E+00   -7.345811E-02
    1.442964E+00   -7.656385E-02
    1.442654E+00   -7.966838E-02
    1.442331E+00   -8.277166E-02
    1.441996E+00   -8.587363E-02
    1.441649E+00   -8.897427E-02
    1.441290E+00   -9.207353E-02
    1.440919E+00   -9.517138E-02
    1.440536E+00   -9.826778E-02
    1.440141E+00   -1.013627E-01
    1.439734E+00   -1.044561E-01
    1.439316E+00   -1.075479E-01
    1.438886E+00   -1.106381E-01
    1.438444E+00   -1.137267E-01
    1.437991E+00   -1.168137E-01
    1.437527E+00   -1.198989E-01
    1.437051E+00   -1.229824E-01
    1.436564E+00   -1.260641E-01
    1.436065E+00   -1.291440E-01
    1.435555E+00   -1.322220E-01
    1.435034E+00   -1.352982E-01
    1.434501E+00   -1.383724E-01
    1.433957E+00   -1.414446E-01
    1.433402E+00   -1.445148E-01
    1.432836E+00   -1.475829E-01
    1.432258E+00   -1.506489E-01
    1.431669E+00   -1.537128E-01
    1.431068E+00   -1.567745E-01
    1.430457E+00   -1.598340E-01
    1.429834E+00   -1.628912E-01
    1.429200E+00   -1.659461E-01
    1.428554E+00   -1.689986E-01
    1.427898E+00   -1.720487E-01
    1.427230E+00   -1.750964E-01
    1.426551E+00   -1.781417E-01
    1.425861E+00   -1.811844E-01
    1.425160E+00   -1.842246E-01
    1.424448E+00   -1.872622E-01
    1.423725E+00   -1.902972E-01
    1.422991E+00   -1.933296E-01
    1.422246E+00   -1.963594E-01
    1.421490E+00   -1.993865E-01
    1.420724E+00   -2.024109E-01
    1.419947E+00   -2.054326E-01
    1.419159E+00   -2.084516E-01
    1.418361E+00   -2.114678E-01
    1.417553E+00   -2.144812E-01
    1.416734E+00   -2.174919E-01
    1.415905E+00   -2.204997E-01
    1.415065E+00   -2.235047E-01
    1.414216E+00   -2.265068E-01
    1.413356E+00   -2.295060E-01
    1.412487E+00   -2.325024E-01
    1.411607E+00   -2.354958E-01
    1.410717E+00   -2.384862E-01
    1.409817E+00   -2.414737E-01
    1.408908E+00   -2.444582E-01
    1.407988E+00   -2.474396E-01
    1.407059E+00   -2.504180E-01
    1.406120E+00   -2.533933E-01
    1.405171E+00   -2.563656E-01
    1.404213E+00   -2.593348E-01
    1.403245E+00   -2.623008E-01
    1.402268E+00   -2.652638E-01
    1.401281E+00   -2.682236E-01
    1.400285E+00   -2.711804E-01
    1.399280E+00   -2.741340E-01
    1.398265E+00   -2.770845E-01
    1.397242E+00   -2.800319E-01
    1.396210E+00   -2.829761E-01
    1.395168E+00   -2.859173E-01
    1.394118E+00   -2.888553E-01
    1.393060E+00   -2.917902E-01
    1.391992E+00   -2.947219E-01
    1.390916E+00   -2.976504E-01
    1.389831E+00   -3.005758E-01
    1.388738E+00   -3.034979E-01
    1.387636E+00   -3.064168E-01
    1.386525E+00   -3.093323E-01
    1.385405E+00   -3.122445E-01
    1.384277E+00   -3.151532E-01
    1.383139E+00   -3.180585E-01
    1.381993E+00   -3.209602E-01
    1.380837E+00   -3.238583E-01
    1.379673E+00   -3.267528E-01
    1.378499E+00   -3.296435E-01
    1.377315E+00   -3.325304E-01
    1.376123E+00   -3.354135E-01
    1.374921E+00   -3.382928E-01
    1.373710E+00   -3.411682E-01
    1.372490E+00   -3.440397E-01
    1.371260E+00   -3.469072E-01
    1.370022E+00   -3.497709E-01
    1.368774E+00   -3.526306E-01
    1.367518E+00   -3.554864E-01
    1.366253E+00   -3.583383E-01
    1.364979E+00   -3.611863E-01
    1.363696E+00   -3.640304E-01
    1.362404E+00   -3.668706E-01
    1.361104E+00   -3.697069E-01
    1.359796E+00   -3.725393E-01
    1.358479E+00   -3.753676E-01
    1.357153E+00   -3.781920E-01
    1.355819E+00   -3.810123E-01
    1.354476E+00   -3.838285E-01
    1.353124E+00   -3.866405E-01
    1.351764E+00   -3.894482E-01
    1.350394E+00   -3.922516E-01
    1.349016E+00   -3.950505E-01
    1.347628E+00   -3.978448E-01
    1.346550E+00   -4.000000E-01
# Wall   21, psi=   6.516718E-02, psi/psi_sep =  0.826072
    1.264460E+00    5.400000E-01
    1.266360E+00    5.375253E-01
    1.268250E+00    5.350428E-01
    1.270130E+00    5.325528E-01
    1.272000E+00    5.300556E-01
    1.273861E+00    5.275514E-01
    1.275713E+00    5.250404E-01
    1.277556E+00    5.225228E-01
    1.279390E+00    5.199988E-01
    1.281215E+00    5.174685E-01
    1.283032E+00    5.149321E-01
    1.284840E+00    5.123895E-01
    1.286640E+00    5.098409E-01
    1.288431E+00    5.072862E-01
    1.290213E+00    5.047253E-01
    1.291987E+00    5.021584E-01
    1.293751E+00    4.995852E-01
    1.295506E+00    4.970058E-01
    1.297252E+00    4.944201E-01
    1.298989E+00    4.918280E-01
    1.300716E+00    4.892295E-01
    1.302433E+00    4.866245E-01
    1.304140E+00    4.840130E-01
    1.305837E+00    4.813950E-01
    1.307524E+00    4.787705E-01
    1.309202E+00    4.761396E-01
    1.310869E+00    4.735023E-01
    1.312526E+00    4.708587E-01
    1.314173E+00    4.682090E-01
    1.315810E+00    4.655532E-01
    1.317438E+00    4.628916E-01
    1.319057E+00    4.602241E-01
    1.320666E+00    4.575511E-01
    1.322266E+00    4.548726E-01
    1.323857E+00    4.521888E-01
    1.325439E+00    4.494997E-01
    1.327013E+00    4.468056E-01
    1.328578E+00    4.441065E-01
    1.330134E+00    4.414024E-01
    1.331682E+00    4.386933E-01
    1.333221E+00    4.359794E-01
    1.334751E+00    4.332606E-01
    1.336273E+00    4.305368E-01
    1.337786E+00    4.278081E-01
    1.339290E+00    4.250744E-01
    1.340784E+00    4.223358E-01
    1.342270E+00    4.195921E-01
    1.343746E+00    4.168435E-01
    1.345213E+00    4.140898E-01
    1.346670E+00    4.113312E-01
    1.348119E+00    4.085677E-01
    1.349558E+00    4.057993E-01
    1.350987E+00    4.030262E-01
    1.352408E+00    4.002483E-01
    1.353819E+00    3.974658E-01
    1.355222E+00    3.946787E-01
    1.356615E+00    3.918872E-01
    1.358000E+00    3.890914E-01
    1.359376E+00    3.862913E-01
    1.360744E+00    3.834871E-01
    1.362103E+00    3.806788E-01
    1.363454E+00    3.778664E-01
    1.364797E+00    3.750500E-01
    1.366131E+00    3.722297E-01
    1.367457E+00    3.694054E-01
    1.368774E+00    3.665771E-01
    1.370082E+00    3.637448E-01
    1.371382E+00    3.609085E-01
    1.372674E+00    3.580682E-01
    1.373956E+00    3.552239E-01
    1.375229E+00    3.523755E-01
    1.376493E+00    3.495232E-01
    1.377748E+00    3.466667E-01
    1.378994E+00    3.438063E-01
    1.380231E+00    3.409418E-01
    1.381458E+00    3.380733E-01
    1.382676E+00    3.352010E-01
    1.383885E+00    3.323247E-01
    1.385085E+00    3.294447E-01
    1.386276E+00    3.265608E-01
    1.387458E+00    3.236733E-01
    1.388631E+00    3.207822E-01
    1.389795E+00    3.178875E-01
    1.390950E+00    3.149893E-01
    1.392097E+00    3.120877E-01
    1.393235E+00    3.091827E-01
    1.394365E+00    3.062744E-01
    1.395486E+00    3.033628E-01
    1.396599E+00    3.004479E-01
    1.397703E+00    2.975298E-01
    1.398798E+00    2.946085E-01
    1.399885E+00    2.916839E-01
    1.400963E+00    2.887562E-01
    1.402033E+00    2.858252E-01
    1.403094E+00    2.828910E-01
    1.404145E+00    2.799536E-01
    1.405188E+00    2.770130E-01
    1.406221E+00    2.740691E-01
    1.407246E+00    2.711220E-01
    1.408261E+00    2.681717E-01
    1.409266E+00    2.652182E-01
    1.410262E+00    2.622615E-01
    1.411249E+00    2.593016E-01
    1.412226E+00    2.563385E-01
    1.413193E+00    2.533723E-01
    1.414151E+00    2.504030E-01
    1.415099E+00    2.474306E-01
    1.416038E+00    2.444551E-01
    1.416967E+00    2.414766E-01
    1.417886E+00    2.384950E-01
    1.418795E+00    2.355105E-01
    1.419695E+00    2.325230E-01
    1.420585E+00    2.295326E-01
    1.421465E+00    2.265392E-01
    1.422334E+00    2.235429E-01
    1.423194E+00    2.205438E-01
    1.424044E+00    2.175418E-01
    1.424884E+00    2.145369E-01
    1.425713E+00    2.115291E-01
    1.426532E+00    2.085186E-01
    1.427341E+00    2.055052E-01
    1.428139E+00    2.024890E-01
    1.428926E+00    1.994700E-01
    1.429703E+00    1.964482E-01
    1.430469E+00    1.934236E-01
    1.431224E+00    1.903963E-01
    1.431967E+00    1.873663E-01
    1.432700E+00    1.843335E-01
    1.433422E+00    1.812980E-01
    1.434132E+00    1.782599E-01
    1.434830E+00    1.752192E-01
    1.435518E+00    1.721759E-01
    1.436194E+00    1.691300E-01
    1.436858E+00    1.660816E-01
    1.437512E+00    1.630307E-01
    1.438154E+00    1.599775E-01
    1.438784E+00    1.569218E-01
    1.439403E+00    1.538639E-01
    1.440011E+00    1.508036E-01
    1.440607E+00    1.477412E-01
    1.441192E+00    1.446765E-01
    1.441766E+00    1.416097E-01
    1.442328E+00    1.385408E-01
    1.442880E+00    1.354699E-01
    1.443420E+00    1.323970E-01
    1.443948E+00    1.293222E-01
    1.444466E+00    1.262454E-01
    1.444972E+00    1.231667E-01
    1.445467E+00    1.200863E-01
    1.445951E+00    1.170040E-01
    1.446424E+00    1.139200E-01
    1.446885E+00    1.108343E-01
    1.447335E+00    1.077469E-01
    1.447773E+00    1.046578E-01
    1.448200E+00    1.015672E-01
    1.448615E+00    9.847495E-02
    1.449019E+00    9.538116E-02
    1.449411E+00    9.228584E-02
    1.449790E+00    8.918905E-02
    1.450158E+00    8.609081E-02
    1.450514E+00    8.299115E-02
    1.450857E+00    7.989012E-02
    1.451189E+00    7.678775E-02
    1.451507E+00    7.368409E-02
    1.451814E+00    7.057917E-02
    1.452108E+00    6.747305E-02
    1.452389E+00    6.436575E-02
    1.452658E+00    6.125734E-02
    1.452914E+00    5.814786E-02
    1.453157E+00    5.503735E-02
    1.453387E+00    5.192586E-02
    1.453604E+00    4.881346E-02
    1.453809E+00    4.570018E-02
    1.454001E+00    4.258607E-02
    1.454180E+00    3.947120E-02
    1.454346E+00    3.635562E-02
    1.454499E+00    3.323938E-02
    1.454639E+00    3.012253E-02
    1.454766E+00    2.700513E-02
    1.454880E+00    2.388723E-02
    1.454982E+00    2.076889E-02
    1.455071E+00    1.765016E-02
    1.455147E+00    1.453108E-02
    1.455210E+00    1.141173E-02
    1.455261E+00    8.292138E-03
    1.455298E+00    5.172368E-03
    1.455323E+00    2.052470E-03
    1.455335E+00   -1.067504E-03
    1.455335E+00   -4.187502E-03
    1.455322E+00   -7.307472E-03
    1.455295E+00   -1.042736E-02
    1.455257E+00   -1.354712E-02
    1.455205E+00   -1.666669E-02
    1.455141E+00   -1.978602E-02
    1.455063E+00   -2.290506E-02
    1.454974E+00   -2.602377E-02
    1.454871E+00   -2.914207E-02
    1.454755E+00   -3.225993E-02
    1.454627E+00   -3.537728E-02
    1.454486E+00   -3.849408E-02
    1.454332E+00   -4.161028E-02
    1.454165E+00   -4.472580E-02
    1.453985E+00   -4.784062E-02
    1.453792E+00   -5.095467E-02
    1.453587E+00   -5.406790E-02
    1.453369E+00   -5.718026E-02
    1.453138E+00   -6.029171E-02
    1.452894E+00   -6.340219E-02
    1.452638E+00   -6.651166E-02
    1.452370E+00   -6.962007E-02
    1.452089E+00   -7.272738E-02
    1.451795E+00   -7.583354E-02
    1.451489E+00   -7.893852E-02
    1.451171E+00   -8.204226E-02
    1.450841E+00   -8.514475E-02
    1.450499E+00   -8.824593E-02
    1.450145E+00   -9.134577E-02
    1.449779E+00   -9.444423E-02
    1.449401E+00   -9.754129E-02
    1.449012E+00   -1.006369E-01
    1.448611E+00   -1.037311E-01
    1.448199E+00   -1.068237E-01
    1.447775E+00   -1.099148E-01
    1.447341E+00   -1.130044E-01
    1.446895E+00   -1.160923E-01
    1.446438E+00   -1.191787E-01
    1.445969E+00   -1.222633E-01
    1.445490E+00   -1.253463E-01
    1.445000E+00   -1.284275E-01
    1.444498E+00   -1.315069E-01
    1.443986E+00   -1.345845E-01
    1.443462E+00   -1.376603E-01
    1.442927E+00   -1.407341E-01
    1.442382E+00   -1.438060E-01
    1.441825E+00   -1.468759E-01
    1.441257E+00   -1.499438E-01
    1.440677E+00   -1.530096E-01
    1.440087E+00   -1.560732E-01
    1.439485E+00   -1.591346E-01
    1.438873E+00   -1.621938E-01
    1.438248E+00   -1.652508E-01
    1.437613E+00   -1.683054E-01
    1.436966E+00   -1.713576E-01
    1.436308E+00   -1.744075E-01
    1.435639E+00   -1.774549E-01
    1.434959E+00   -1.804998E-01
    1.434267E+00   -1.835421E-01
    1.433564E+00   -1.865819E-01
    1.432850E+00   -1.896192E-01
    1.432126E+00   -1.926538E-01
    1.431390E+00   -1.956858E-01
    1.430643E+00   -1.987152E-01
    1.429886E+00   -2.017419E-01
    1.429118E+00   -2.047660E-01
    1.428340E+00   -2.077874E-01
    1.427552E+00   -2.108061E-01
    1.426753E+00   -2.138221E-01
    1.425944E+00   -2.168355E-01
    1.425125E+00   -2.198461E-01
    1.424297E+00   -2.228540E-01
    1.423458E+00   -2.258592E-01
    1.422610E+00   -2.288616E-01
    1.421752E+00   -2.318613E-01
    1.420884E+00   -2.348582E-01
    1.420007E+00   -2.378523E-01
    1.419120E+00   -2.408437E-01
    1.418224E+00   -2.438321E-01
    1.417318E+00   -2.468178E-01
    1.416403E+00   -2.498006E-01
    1.415478E+00   -2.527804E-01
    1.414544E+00   -2.557574E-01
    1.413601E+00   -2.587314E-01
    1.412648E+00   -2.617024E-01
    1.411686E+00   -2.646703E-01
    1.410715E+00   -2.676353E-01
    1.409735E+00   -2.705973E-01
    1.408745E+00   -2.735561E-01
    1.407746E+00   -2.765120E-01
    1.406738E+00   -2.794647E-01
    1.405722E+00   -2.824144E-01
    1.404696E+00   -2.853610E-01
    1.403662E+00   -2.883045E-01
    1.402619E+00   -2.912450E-01
    1.401567E+00   -2.941825E-01
    1.400507E+00   -2.971168E-01
    1.399438E+00   -3.000482E-01
    1.398361E+00   -3.029764E-01
    1.397276E+00   -3.059016E-01
    1.396183E+00   -3.088237E-01
    1.395081E+00   -3.117427E-01
    1.393971E+00   -3.146586E-01
    1.392853E+00   -3.175713E-01
    1.391726E+00   -3.204807E-01
    1.390591E+00   -3.233868E-01
    1.389447E+00   -3.262896E-01
    1.388294E+00   -3.291889E-01
    1.387133E+00   -3.320847E-01
    1.385963E+00   -3.349770E-01
    1.384784E+00   -3.378656E-01
    1.383596E+00   -3.407506E-01
    1.382399E+00   -3.436319E-01
    1.381193E+00   -3.465093E-01
    1.379978E+00   -3.493830E-01
    1.378754E+00   -3.522528E-01
    1.377520E+00   -3.551188E-01
    1.376278E+00   -3.579809E-01
    1.375028E+00   -3.608392E-01
    1.373768E+00   -3.636936E-01
    1.372500E+00   -3.665442E-01
    1.371223E+00   -3.693910E-01
    1.369938E+00   -3.722341E-01
    1.368644E+00   -3.750733E-01
    1.367343E+00   -3.779088E-01
    1.366033E+00   -3.807405E-01
    1.364715E+00   -3.835684E-01
    1.363389E+00   -3.863926E-01
    1.362054E+00   -3.892129E-01
    1.360712E+00   -3.920292E-01
    1.359361E+00   -3.948416E-01
    1.358001E+00   -3.976498E-01
    1.356855E+00   -4.000000E-01
# Wall   22, psi=   6.791135E-02, psi/psi_sep =  0.860857
    1.277895E+00    5.400000E-01
    1.279738E+00    5.374822E-01
    1.281571E+00    5.349581E-01
    1.283397E+00    5.324279E-01
    1.285214E+00    5.298917E-01
    1.287023E+00    5.273498E-01
    1.288825E+00    5.248023E-01
    1.290618E+00    5.222493E-01
    1.292404E+00    5.196908E-01
    1.294182E+00    5.171269E-01
    1.295951E+00    5.145574E-01
    1.297713E+00    5.119824E-01
    1.299466E+00    5.094017E-01
    1.301211E+00    5.068152E-01
    1.302947E+00    5.042228E-01
    1.304674E+00    5.016244E-01
    1.306392E+00    4.990200E-01
    1.308101E+00    4.964093E-01
    1.309800E+00    4.937924E-01
    1.311489E+00    4.911693E-01
    1.313168E+00    4.885399E-01
    1.314838E+00    4.859043E-01
    1.316498E+00    4.832625E-01
    1.318148E+00    4.806146E-01
    1.319789E+00    4.779608E-01
    1.321420E+00    4.753011E-01
    1.323042E+00    4.726358E-01
    1.324654E+00    4.699649E-01
    1.326258E+00    4.672886E-01
    1.327853E+00    4.646071E-01
    1.329439E+00    4.619205E-01
    1.331017E+00    4.592289E-01
    1.332587E+00    4.565325E-01
    1.334149E+00    4.538314E-01
    1.335702E+00    4.511256E-01
    1.337247E+00    4.484150E-01
    1.338784E+00    4.456998E-01
    1.340312E+00    4.429799E-01
    1.341832E+00    4.402552E-01
    1.343344E+00    4.375257E-01
    1.344847E+00    4.347914E-01
    1.346340E+00    4.320523E-01
    1.347825E+00    4.293082E-01
    1.349301E+00    4.265593E-01
    1.350767E+00    4.238055E-01
    1.352225E+00    4.210468E-01
    1.353673E+00    4.182833E-01
    1.355112E+00    4.155151E-01
    1.356543E+00    4.127422E-01
    1.357964E+00    4.099647E-01
    1.359376E+00    4.071827E-01
    1.360780E+00    4.043964E-01
    1.362175E+00    4.016057E-01
    1.363562E+00    3.988109E-01
    1.364941E+00    3.960120E-01
    1.366311E+00    3.932092E-01
    1.367674E+00    3.904024E-01
    1.369028E+00    3.875918E-01
    1.370375E+00    3.847774E-01
    1.371714E+00    3.819592E-01
    1.373044E+00    3.791371E-01
    1.374367E+00    3.763113E-01
    1.375681E+00    3.734816E-01
    1.376987E+00    3.706480E-01
    1.378284E+00    3.678105E-01
    1.379573E+00    3.649691E-01
    1.380853E+00    3.621237E-01
    1.382124E+00    3.592743E-01
    1.383386E+00    3.564210E-01
    1.384639E+00    3.535637E-01
    1.385883E+00    3.507025E-01
    1.387118E+00    3.478373E-01
    1.388344E+00    3.449684E-01
    1.389561E+00    3.420956E-01
    1.390770E+00    3.392191E-01
    1.391969E+00    3.363389E-01
    1.393160E+00    3.334551E-01
    1.394343E+00    3.305678E-01
    1.395516E+00    3.276770E-01
    1.396682E+00    3.247829E-01
    1.397839E+00    3.218854E-01
    1.398988E+00    3.189847E-01
    1.400129E+00    3.160808E-01
    1.401262E+00    3.131737E-01
    1.402387E+00    3.102635E-01
    1.403503E+00    3.073501E-01
    1.404611E+00    3.044336E-01
    1.405711E+00    3.015140E-01
    1.406803E+00    2.985912E-01
    1.407886E+00    2.956653E-01
    1.408961E+00    2.927362E-01
    1.410027E+00    2.898040E-01
    1.411084E+00    2.868686E-01
    1.412133E+00    2.839300E-01
    1.413172E+00    2.809882E-01
    1.414202E+00    2.780432E-01
    1.415224E+00    2.750951E-01
    1.416236E+00    2.721439E-01
    1.417239E+00    2.691896E-01
    1.418233E+00    2.662321E-01
    1.419218E+00    2.632716E-01
    1.420193E+00    2.603081E-01
    1.421160E+00    2.573416E-01
    1.422117E+00    2.543721E-01
    1.423066E+00    2.513997E-01
    1.424005E+00    2.484244E-01
    1.424935E+00    2.454463E-01
    1.425856E+00    2.424653E-01
    1.426768E+00    2.394815E-01
    1.427671E+00    2.364950E-01
    1.428564E+00    2.335056E-01
    1.429448E+00    2.305135E-01
    1.430323E+00    2.275186E-01
    1.431188E+00    2.245210E-01
    1.432043E+00    2.215206E-01
    1.432889E+00    2.185174E-01
    1.433725E+00    2.155114E-01
    1.434551E+00    2.125027E-01
    1.435366E+00    2.094912E-01
    1.436171E+00    2.064768E-01
    1.436966E+00    2.034597E-01
    1.437750E+00    2.004398E-01
    1.438523E+00    1.974171E-01
    1.439285E+00    1.943916E-01
    1.440036E+00    1.913634E-01
    1.440776E+00    1.883323E-01
    1.441504E+00    1.852985E-01
    1.442221E+00    1.822620E-01
    1.442926E+00    1.792228E-01
    1.443620E+00    1.761809E-01
    1.444303E+00    1.731364E-01
    1.444973E+00    1.700894E-01
    1.445632E+00    1.670398E-01
    1.446280E+00    1.639878E-01
    1.446916E+00    1.609334E-01
    1.447541E+00    1.578766E-01
    1.448155E+00    1.548175E-01
    1.448757E+00    1.517562E-01
    1.449348E+00    1.486927E-01
    1.449929E+00    1.456271E-01
    1.450497E+00    1.425594E-01
    1.451055E+00    1.394897E-01
    1.451602E+00    1.364181E-01
    1.452139E+00    1.333445E-01
    1.452664E+00    1.302690E-01
    1.453178E+00    1.271917E-01
    1.453682E+00    1.241126E-01
    1.454174E+00    1.210317E-01
    1.454656E+00    1.179492E-01
    1.455127E+00    1.148649E-01
    1.455587E+00    1.117790E-01
    1.456036E+00    1.086915E-01
    1.456474E+00    1.056024E-01
    1.456901E+00    1.025117E-01
    1.457316E+00    9.941953E-02
    1.457720E+00    9.632581E-02
    1.458113E+00    9.323060E-02
    1.458494E+00    9.013393E-02
    1.458863E+00    8.703584E-02
    1.459220E+00    8.393635E-02
    1.459565E+00    8.083550E-02
    1.459898E+00    7.773332E-02
    1.460219E+00    7.462986E-02
    1.460527E+00    7.152513E-02
    1.460823E+00    6.841920E-02
    1.461107E+00    6.531210E-02
    1.461377E+00    6.220388E-02
    1.461636E+00    5.909458E-02
    1.461881E+00    5.598425E-02
    1.462114E+00    5.287293E-02
    1.462333E+00    4.976069E-02
    1.462540E+00    4.664756E-02
    1.462734E+00    4.353360E-02
    1.462916E+00    4.041887E-02
    1.463084E+00    3.730341E-02
    1.463239E+00    3.418729E-02
    1.463382E+00    3.107055E-02
    1.463512E+00    2.795326E-02
    1.463629E+00    2.483545E-02
    1.463733E+00    2.171720E-02
    1.463825E+00    1.859854E-02
    1.463903E+00    1.547954E-02
    1.463969E+00    1.236024E-02
    1.464023E+00    9.240704E-03
    1.464064E+00    6.120973E-03
    1.464092E+00    3.001102E-03
    1.464107E+00   -1.188578E-04
    1.464110E+00   -3.238854E-03
    1.464100E+00   -6.358837E-03
    1.464078E+00   -9.478754E-03
    1.464043E+00   -1.259855E-02
    1.463995E+00   -1.571819E-02
    1.463935E+00   -1.883760E-02
    1.463862E+00   -2.195674E-02
    1.463776E+00   -2.507556E-02
    1.463677E+00   -2.819400E-02
    1.463566E+00   -3.131201E-02
    1.463442E+00   -3.442955E-02
    1.463305E+00   -3.754654E-02
    1.463155E+00   -4.066295E-02
    1.462993E+00   -4.377871E-02
    1.462818E+00   -4.689378E-02
    1.462630E+00   -5.000810E-02
    1.462429E+00   -5.312163E-02
    1.462215E+00   -5.623430E-02
    1.461989E+00   -5.934608E-02
    1.461750E+00   -6.245691E-02
    1.461498E+00   -6.556674E-02
    1.461234E+00   -6.867554E-02
    1.460957E+00   -7.178325E-02
    1.460668E+00   -7.488984E-02
    1.460367E+00   -7.799527E-02
    1.460054E+00   -8.109949E-02
    1.459729E+00   -8.420248E-02
    1.459391E+00   -8.730419E-02
    1.459042E+00   -9.040460E-02
    1.458681E+00   -9.350367E-02
    1.458309E+00   -9.660137E-02
    1.457925E+00   -9.969768E-02
    1.457530E+00   -1.027926E-01
    1.457124E+00   -1.058860E-01
    1.456707E+00   -1.089780E-01
    1.456279E+00   -1.120685E-01
    1.455840E+00   -1.151575E-01
    1.455390E+00   -1.182449E-01
    1.454930E+00   -1.213307E-01
    1.454459E+00   -1.244149E-01
    1.453977E+00   -1.274975E-01
    1.453484E+00   -1.305784E-01
    1.452981E+00   -1.336576E-01
    1.452467E+00   -1.367349E-01
    1.451943E+00   -1.398105E-01
    1.451407E+00   -1.428843E-01
    1.450861E+00   -1.459561E-01
    1.450304E+00   -1.490259E-01
    1.449736E+00   -1.520938E-01
    1.449157E+00   -1.551596E-01
    1.448567E+00   -1.582233E-01
    1.447966E+00   -1.612848E-01
    1.447353E+00   -1.643441E-01
    1.446729E+00   -1.674011E-01
    1.446094E+00   -1.704557E-01
    1.445448E+00   -1.735080E-01
    1.444790E+00   -1.765578E-01
    1.444120E+00   -1.796052E-01
    1.443439E+00   -1.826500E-01
    1.442747E+00   -1.856922E-01
    1.442043E+00   -1.887318E-01
    1.441329E+00   -1.917688E-01
    1.440602E+00   -1.948031E-01
    1.439865E+00   -1.978348E-01
    1.439117E+00   -2.008638E-01
    1.438359E+00   -2.038902E-01
    1.437589E+00   -2.069138E-01
    1.436809E+00   -2.099348E-01
    1.436019E+00   -2.129531E-01
    1.435219E+00   -2.159687E-01
    1.434409E+00   -2.189817E-01
    1.433589E+00   -2.219921E-01
    1.432760E+00   -2.249998E-01
    1.431921E+00   -2.280049E-01
    1.431073E+00   -2.310074E-01
    1.430215E+00   -2.340072E-01
    1.429349E+00   -2.370045E-01
    1.428473E+00   -2.399991E-01
    1.427589E+00   -2.429911E-01
    1.426695E+00   -2.459805E-01
    1.425793E+00   -2.489672E-01
    1.424882E+00   -2.519512E-01
    1.423962E+00   -2.549325E-01
    1.423033E+00   -2.579111E-01
    1.422096E+00   -2.608869E-01
    1.421149E+00   -2.638599E-01
    1.420194E+00   -2.668300E-01
    1.419230E+00   -2.697973E-01
    1.418257E+00   -2.727617E-01
    1.417275E+00   -2.757231E-01
    1.416284E+00   -2.786815E-01
    1.415284E+00   -2.816370E-01
    1.414275E+00   -2.845894E-01
    1.413258E+00   -2.875389E-01
    1.412232E+00   -2.904853E-01
    1.411197E+00   -2.934287E-01
    1.410153E+00   -2.963690E-01
    1.409102E+00   -2.993064E-01
    1.408041E+00   -3.022407E-01
    1.406973E+00   -3.051720E-01
    1.405896E+00   -3.081004E-01
    1.404811E+00   -3.110258E-01
    1.403719E+00   -3.139482E-01
    1.402618E+00   -3.168676E-01
    1.401510E+00   -3.197840E-01
    1.400393E+00   -3.226974E-01
    1.399269E+00   -3.256078E-01
    1.398136E+00   -3.285150E-01
    1.396996E+00   -3.314191E-01
    1.395847E+00   -3.343200E-01
    1.394691E+00   -3.372176E-01
    1.393525E+00   -3.401119E-01
    1.392352E+00   -3.430027E-01
    1.391169E+00   -3.458900E-01
    1.389978E+00   -3.487737E-01
    1.388779E+00   -3.516538E-01
    1.387570E+00   -3.545303E-01
    1.386353E+00   -3.574030E-01
    1.385127E+00   -3.602719E-01
    1.383892E+00   -3.631371E-01
    1.382648E+00   -3.659985E-01
    1.381396E+00   -3.688561E-01
    1.380135E+00   -3.717099E-01
    1.378865E+00   -3.745600E-01
    1.377587E+00   -3.774064E-01
    1.376301E+00   -3.802491E-01
    1.375008E+00   -3.830881E-01
    1.373706E+00   -3.859235E-01
    1.372396E+00   -3.887553E-01
    1.371078E+00   -3.915834E-01
    1.369753E+00   -3.944080E-01
    1.368420E+00   -3.972288E-01
    1.367101E+00   -4.000000E-01
# Wall   23, psi=   7.065552E-02, psi/psi_sep =  0.895643
    1.291101E+00    5.400000E-01
    1.292892E+00    5.374450E-01
    1.294676E+00    5.348850E-01
    1.296452E+00    5.323201E-01
    1.298221E+00    5.297504E-01
    1.299984E+00    5.271758E-01
    1.301739E+00    5.245964E-01
    1.303487E+00    5.220120E-01
    1.305227E+00    5.194225E-01
    1.306960E+00    5.168278E-01
    1.308684E+00    5.142277E-01
    1.310401E+00    5.116220E-01
    1.312108E+00    5.090106E-01
    1.313806E+00    5.063934E-01
    1.315496E+00    5.037703E-01
    1.317175E+00    5.011412E-01
    1.318846E+00    4.985061E-01
    1.320507E+00    4.958650E-01
    1.322159E+00    4.932179E-01
    1.323801E+00    4.905651E-01
    1.325433E+00    4.879064E-01
    1.327057E+00    4.852422E-01
    1.328672E+00    4.825725E-01
    1.330278E+00    4.798975E-01
    1.331875E+00    4.772174E-01
    1.333464E+00    4.745324E-01
    1.335045E+00    4.718425E-01
    1.336618E+00    4.691480E-01
    1.338183E+00    4.664488E-01
    1.339740E+00    4.637452E-01
    1.341289E+00    4.610370E-01
    1.342831E+00    4.583244E-01
    1.344364E+00    4.556073E-01
    1.345890E+00    4.528857E-01
    1.347407E+00    4.501596E-01
    1.348916E+00    4.474288E-01
    1.350417E+00    4.446933E-01
    1.351909E+00    4.419531E-01
    1.353392E+00    4.392082E-01
    1.354866E+00    4.364584E-01
    1.356331E+00    4.337039E-01
    1.357787E+00    4.309447E-01
    1.359235E+00    4.281807E-01
    1.360673E+00    4.254121E-01
    1.362103E+00    4.226390E-01
    1.363524E+00    4.198614E-01
    1.364937E+00    4.170795E-01
    1.366341E+00    4.142934E-01
    1.367737E+00    4.115031E-01
    1.369125E+00    4.087089E-01
    1.370505E+00    4.059108E-01
    1.371878E+00    4.031089E-01
    1.373243E+00    4.003033E-01
    1.374600E+00    3.974940E-01
    1.375950E+00    3.946810E-01
    1.377292E+00    3.918644E-01
    1.378626E+00    3.890441E-01
    1.379952E+00    3.862201E-01
    1.381271E+00    3.833925E-01
    1.382582E+00    3.805610E-01
    1.383884E+00    3.777258E-01
    1.385178E+00    3.748868E-01
    1.386463E+00    3.720439E-01
    1.387740E+00    3.691971E-01
    1.389008E+00    3.663464E-01
    1.390267E+00    3.634919E-01
    1.391518E+00    3.606334E-01
    1.392760E+00    3.577712E-01
    1.393993E+00    3.549051E-01
    1.395217E+00    3.520354E-01
    1.396433E+00    3.491620E-01
    1.397640E+00    3.462851E-01
    1.398839E+00    3.434046E-01
    1.400030E+00    3.405208E-01
    1.401212E+00    3.376336E-01
    1.402387E+00    3.347432E-01
    1.403554E+00    3.318496E-01
    1.404713E+00    3.289528E-01
    1.405864E+00    3.260530E-01
    1.407007E+00    3.231501E-01
    1.408143E+00    3.202441E-01
    1.409271E+00    3.173351E-01
    1.410391E+00    3.144230E-01
    1.411503E+00    3.115079E-01
    1.412607E+00    3.085897E-01
    1.413702E+00    3.056685E-01
    1.414790E+00    3.027441E-01
    1.415869E+00    2.998166E-01
    1.416939E+00    2.968860E-01
    1.418001E+00    2.939523E-01
    1.419054E+00    2.910154E-01
    1.420099E+00    2.880754E-01
    1.421134E+00    2.851323E-01
    1.422161E+00    2.821861E-01
    1.423179E+00    2.792369E-01
    1.424189E+00    2.762847E-01
    1.425189E+00    2.733295E-01
    1.426181E+00    2.703713E-01
    1.427164E+00    2.674103E-01
    1.428139E+00    2.644465E-01
    1.429105E+00    2.614798E-01
    1.430063E+00    2.585105E-01
    1.431012E+00    2.555384E-01
    1.431953E+00    2.525637E-01
    1.432886E+00    2.495864E-01
    1.433810E+00    2.466065E-01
    1.434726E+00    2.436239E-01
    1.435634E+00    2.406388E-01
    1.436533E+00    2.376511E-01
    1.437423E+00    2.346608E-01
    1.438304E+00    2.316679E-01
    1.439177E+00    2.286723E-01
    1.440040E+00    2.256740E-01
    1.440893E+00    2.226730E-01
    1.441737E+00    2.196693E-01
    1.442571E+00    2.166628E-01
    1.443395E+00    2.136535E-01
    1.444208E+00    2.106414E-01
    1.445011E+00    2.076265E-01
    1.445803E+00    2.046087E-01
    1.446584E+00    2.015881E-01
    1.447354E+00    1.985646E-01
    1.448112E+00    1.955382E-01
    1.448860E+00    1.925090E-01
    1.449595E+00    1.894769E-01
    1.450319E+00    1.864421E-01
    1.451031E+00    1.834044E-01
    1.451731E+00    1.803640E-01
    1.452420E+00    1.773210E-01
    1.453097E+00    1.742752E-01
    1.453762E+00    1.712270E-01
    1.454415E+00    1.681762E-01
    1.455057E+00    1.651229E-01
    1.455688E+00    1.620673E-01
    1.456307E+00    1.590094E-01
    1.456915E+00    1.559493E-01
    1.457513E+00    1.528869E-01
    1.458099E+00    1.498225E-01
    1.458674E+00    1.467560E-01
    1.459239E+00    1.436875E-01
    1.459793E+00    1.406171E-01
    1.460336E+00    1.375448E-01
    1.460869E+00    1.344707E-01
    1.461392E+00    1.313948E-01
    1.461904E+00    1.283171E-01
    1.462406E+00    1.252378E-01
    1.462898E+00    1.221567E-01
    1.463379E+00    1.190740E-01
    1.463849E+00    1.159897E-01
    1.464310E+00    1.129039E-01
    1.464759E+00    1.098164E-01
    1.465198E+00    1.067275E-01
    1.465626E+00    1.036370E-01
    1.466044E+00    1.005450E-01
    1.466450E+00    9.745157E-02
    1.466845E+00    9.435666E-02
    1.467228E+00    9.126031E-02
    1.467600E+00    8.816254E-02
    1.467960E+00    8.506339E-02
    1.468308E+00    8.196288E-02
    1.468644E+00    7.886105E-02
    1.468968E+00    7.575792E-02
    1.469280E+00    7.265354E-02
    1.469579E+00    6.954794E-02
    1.469866E+00    6.644116E-02
    1.470141E+00    6.333324E-02
    1.470402E+00    6.022424E-02
    1.470651E+00    5.711419E-02
    1.470887E+00    5.400314E-02
    1.471111E+00    5.089115E-02
    1.471321E+00    4.777826E-02
    1.471519E+00    4.466453E-02
    1.471704E+00    4.155000E-02
    1.471875E+00    3.843474E-02
    1.472034E+00    3.531880E-02
    1.472181E+00    3.220222E-02
    1.472314E+00    2.908508E-02
    1.472435E+00    2.596741E-02
    1.472543E+00    2.284928E-02
    1.472638E+00    1.973074E-02
    1.472720E+00    1.661183E-02
    1.472790E+00    1.349262E-02
    1.472847E+00    1.037315E-02
    1.472892E+00    7.253468E-03
    1.472924E+00    4.133635E-03
    1.472944E+00    1.013698E-03
    1.472951E+00   -2.106292E-03
    1.472945E+00   -5.226285E-03
    1.472927E+00   -8.346230E-03
    1.472896E+00   -1.146608E-02
    1.472853E+00   -1.458577E-02
    1.472797E+00   -1.770527E-02
    1.472728E+00   -2.082451E-02
    1.472647E+00   -2.394345E-02
    1.472553E+00   -2.706203E-02
    1.472446E+00   -3.018021E-02
    1.472327E+00   -3.329792E-02
    1.472195E+00   -3.641512E-02
    1.472050E+00   -3.953175E-02
    1.471892E+00   -4.264776E-02
    1.471722E+00   -4.576310E-02
    1.471538E+00   -4.887770E-02
    1.471342E+00   -5.199153E-02
    1.471133E+00   -5.510452E-02
    1.470911E+00   -5.821663E-02
    1.470677E+00   -6.132781E-02
    1.470430E+00   -6.443802E-02
    1.470171E+00   -6.754721E-02
    1.469899E+00   -7.065532E-02
    1.469614E+00   -7.376234E-02
    1.469318E+00   -7.686820E-02
    1.469009E+00   -7.997289E-02
    1.468688E+00   -8.307635E-02
    1.468355E+00   -8.617857E-02
    1.468011E+00   -8.927950E-02
    1.467655E+00   -9.237913E-02
    1.467288E+00   -9.547742E-02
    1.466909E+00   -9.857436E-02
    1.466519E+00   -1.016699E-01
    1.466119E+00   -1.047641E-01
    1.465707E+00   -1.078568E-01
    1.465285E+00   -1.109481E-01
    1.464853E+00   -1.140380E-01
    1.464410E+00   -1.171264E-01
    1.463956E+00   -1.202133E-01
    1.463493E+00   -1.232987E-01
    1.463019E+00   -1.263825E-01
    1.462535E+00   -1.294648E-01
    1.462041E+00   -1.325454E-01
    1.461537E+00   -1.356244E-01
    1.461022E+00   -1.387016E-01
    1.460497E+00   -1.417772E-01
    1.459962E+00   -1.448509E-01
    1.459417E+00   -1.479228E-01
    1.458860E+00   -1.509928E-01
    1.458293E+00   -1.540609E-01
    1.457716E+00   -1.571269E-01
    1.457127E+00   -1.601909E-01
    1.456527E+00   -1.632528E-01
    1.455917E+00   -1.663124E-01
    1.455295E+00   -1.693698E-01
    1.454661E+00   -1.724248E-01
    1.454017E+00   -1.754774E-01
    1.453360E+00   -1.785276E-01
    1.452692E+00   -1.815752E-01
    1.452012E+00   -1.846203E-01
    1.451321E+00   -1.876627E-01
    1.450618E+00   -1.907025E-01
    1.449903E+00   -1.937395E-01
    1.449177E+00   -1.967739E-01
    1.448440E+00   -1.998055E-01
    1.447691E+00   -2.028344E-01
    1.446932E+00   -2.058605E-01
    1.446161E+00   -2.088839E-01
    1.445380E+00   -2.119045E-01
    1.444589E+00   -2.149224E-01
    1.443787E+00   -2.179376E-01
    1.442975E+00   -2.209502E-01
    1.442154E+00   -2.239601E-01
    1.441323E+00   -2.269674E-01
    1.440482E+00   -2.299721E-01
    1.439633E+00   -2.329743E-01
    1.438775E+00   -2.359739E-01
    1.437908E+00   -2.389711E-01
    1.437033E+00   -2.419658E-01
    1.436149E+00   -2.449580E-01
    1.435257E+00   -2.479478E-01
    1.434357E+00   -2.509352E-01
    1.433449E+00   -2.539201E-01
    1.432533E+00   -2.569026E-01
    1.431609E+00   -2.598826E-01
    1.430677E+00   -2.628601E-01
    1.429736E+00   -2.658350E-01
    1.428787E+00   -2.688072E-01
    1.427831E+00   -2.717769E-01
    1.426865E+00   -2.747438E-01
    1.425892E+00   -2.777080E-01
    1.424909E+00   -2.806693E-01
    1.423919E+00   -2.836279E-01
    1.422919E+00   -2.865835E-01
    1.421912E+00   -2.895362E-01
    1.420895E+00   -2.924860E-01
    1.419870E+00   -2.954328E-01
    1.418836E+00   -2.983767E-01
    1.417794E+00   -3.013175E-01
    1.416744E+00   -3.042554E-01
    1.415685E+00   -3.071902E-01
    1.414618E+00   -3.101221E-01
    1.413543E+00   -3.130511E-01
    1.412460E+00   -3.159771E-01
    1.411370E+00   -3.189002E-01
    1.410271E+00   -3.218205E-01
    1.409165E+00   -3.247378E-01
    1.408051E+00   -3.276522E-01
    1.406930E+00   -3.305637E-01
    1.405801E+00   -3.334723E-01
    1.404664E+00   -3.363779E-01
    1.403520E+00   -3.392805E-01
    1.402368E+00   -3.421800E-01
    1.401208E+00   -3.450764E-01
    1.400040E+00   -3.479696E-01
    1.398864E+00   -3.508596E-01
    1.397680E+00   -3.537462E-01
    1.396488E+00   -3.566294E-01
    1.395287E+00   -3.595091E-01
    1.394078E+00   -3.623852E-01
    1.392860E+00   -3.652578E-01
    1.391634E+00   -3.681266E-01
    1.390399E+00   -3.709918E-01
    1.389156E+00   -3.738533E-01
    1.387903E+00   -3.767110E-01
    1.386643E+00   -3.795651E-01
    1.385374E+00   -3.824155E-01
    1.384097E+00   -3.852622E-01
    1.382813E+00   -3.881054E-01
    1.381520E+00   -3.909450E-01
    1.380220E+00   -3.937811E-01
    1.378912E+00   -3.966137E-01
    1.377596E+00   -3.994428E-01
    1.377336E+00   -4.000000E-01
# Wall   24, psi=   7.339969E-02, psi/psi_sep =  0.930429
    1.304164E+00    5.400000E-01
    1.305909E+00    5.374138E-01
    1.307648E+00    5.348232E-01
    1.309380E+00    5.322283E-01
    1.311105E+00    5.296288E-01
    1.312824E+00    5.270245E-01
    1.314534E+00    5.244154E-01
    1.316237E+00    5.218011E-01
    1.317932E+00    5.191815E-01
    1.319618E+00    5.165566E-01
    1.321296E+00    5.139260E-01
    1.322965E+00    5.112898E-01
    1.324625E+00    5.086478E-01
    1.326275E+00    5.060002E-01
    1.327917E+00    5.033469E-01
    1.329549E+00    5.006880E-01
    1.331172E+00    4.980236E-01
    1.332787E+00    4.953539E-01
    1.334393E+00    4.926790E-01
    1.335991E+00    4.899991E-01
    1.337580E+00    4.873144E-01
    1.339162E+00    4.846251E-01
    1.340736E+00    4.819312E-01
    1.342302E+00    4.792329E-01
    1.343861E+00    4.765302E-01
    1.345413E+00    4.738233E-01
    1.346957E+00    4.711121E-01
    1.348493E+00    4.683966E-01
    1.350022E+00    4.656768E-01
    1.351543E+00    4.629527E-01
    1.353056E+00    4.602242E-01
    1.354561E+00    4.574913E-01
    1.356058E+00    4.547538E-01
    1.357547E+00    4.520118E-01
    1.359027E+00    4.492651E-01
    1.360498E+00    4.465138E-01
    1.361960E+00    4.437579E-01
    1.363414E+00    4.409973E-01
    1.364859E+00    4.382322E-01
    1.366296E+00    4.354625E-01
    1.367724E+00    4.326885E-01
    1.369143E+00    4.299102E-01
    1.370555E+00    4.271277E-01
    1.371958E+00    4.243412E-01
    1.373354E+00    4.215508E-01
    1.374742E+00    4.187566E-01
    1.376123E+00    4.159587E-01
    1.377496E+00    4.131571E-01
    1.378862E+00    4.103520E-01
    1.380221E+00    4.075433E-01
    1.381572E+00    4.047312E-01
    1.382916E+00    4.019155E-01
    1.384253E+00    3.990964E-01
    1.385582E+00    3.962736E-01
    1.386903E+00    3.934474E-01
    1.388217E+00    3.906174E-01
    1.389523E+00    3.877839E-01
    1.390821E+00    3.849466E-01
    1.392110E+00    3.821055E-01
    1.393391E+00    3.792607E-01
    1.394664E+00    3.764121E-01
    1.395928E+00    3.735597E-01
    1.397184E+00    3.707035E-01
    1.398431E+00    3.678436E-01
    1.399670E+00    3.649800E-01
    1.400900E+00    3.621128E-01
    1.402122E+00    3.592421E-01
    1.403336E+00    3.563680E-01
    1.404542E+00    3.534905E-01
    1.405740E+00    3.506097E-01
    1.406931E+00    3.477257E-01
    1.408113E+00    3.448386E-01
    1.409289E+00    3.419484E-01
    1.410456E+00    3.390552E-01
    1.411617E+00    3.361590E-01
    1.412770E+00    3.332598E-01
    1.413915E+00    3.303577E-01
    1.415053E+00    3.274526E-01
    1.416183E+00    3.245446E-01
    1.417306E+00    3.216335E-01
    1.418421E+00    3.187195E-01
    1.419528E+00    3.158024E-01
    1.420626E+00    3.128823E-01
    1.421717E+00    3.099591E-01
    1.422799E+00    3.070328E-01
    1.423873E+00    3.041035E-01
    1.424938E+00    3.011710E-01
    1.425995E+00    2.982355E-01
    1.427044E+00    2.952969E-01
    1.428084E+00    2.923553E-01
    1.429115E+00    2.894107E-01
    1.430138E+00    2.864631E-01
    1.431152E+00    2.835127E-01
    1.432159E+00    2.805595E-01
    1.433157E+00    2.776035E-01
    1.434147E+00    2.746448E-01
    1.435130E+00    2.716835E-01
    1.436104E+00    2.687196E-01
    1.437071E+00    2.657532E-01
    1.438031E+00    2.627844E-01
    1.438982E+00    2.598131E-01
    1.439927E+00    2.568394E-01
    1.440863E+00    2.538633E-01
    1.441792E+00    2.508848E-01
    1.442714E+00    2.479040E-01
    1.443627E+00    2.449207E-01
    1.444533E+00    2.419350E-01
    1.445430E+00    2.389469E-01
    1.446319E+00    2.359562E-01
    1.447199E+00    2.329629E-01
    1.448070E+00    2.299670E-01
    1.448932E+00    2.269684E-01
    1.449785E+00    2.239671E-01
    1.450627E+00    2.209630E-01
    1.451459E+00    2.179560E-01
    1.452281E+00    2.149462E-01
    1.453092E+00    2.119335E-01
    1.453892E+00    2.089179E-01
    1.454681E+00    2.058993E-01
    1.455459E+00    2.028778E-01
    1.456225E+00    1.998533E-01
    1.456980E+00    1.968259E-01
    1.457722E+00    1.937955E-01
    1.458453E+00    1.907623E-01
    1.459172E+00    1.877262E-01
    1.459878E+00    1.846873E-01
    1.460573E+00    1.816457E-01
    1.461256E+00    1.786013E-01
    1.461927E+00    1.755544E-01
    1.462587E+00    1.725048E-01
    1.463234E+00    1.694528E-01
    1.463871E+00    1.663984E-01
    1.464496E+00    1.633418E-01
    1.465111E+00    1.602828E-01
    1.465714E+00    1.572217E-01
    1.466307E+00    1.541586E-01
    1.466889E+00    1.510934E-01
    1.467461E+00    1.480263E-01
    1.468023E+00    1.449573E-01
    1.468574E+00    1.418864E-01
    1.469116E+00    1.388138E-01
    1.469648E+00    1.357394E-01
    1.470169E+00    1.326633E-01
    1.470681E+00    1.295856E-01
    1.471183E+00    1.265062E-01
    1.471675E+00    1.234253E-01
    1.472157E+00    1.203427E-01
    1.472629E+00    1.172587E-01
    1.473091E+00    1.141730E-01
    1.473543E+00    1.110859E-01
    1.473984E+00    1.079973E-01
    1.474415E+00    1.049073E-01
    1.474836E+00    1.018157E-01
    1.475245E+00    9.872269E-02
    1.475644E+00    9.562823E-02
    1.476031E+00    9.253235E-02
    1.476407E+00    8.943506E-02
    1.476771E+00    8.633638E-02
    1.477123E+00    8.323634E-02
    1.477463E+00    8.013497E-02
    1.477792E+00    7.703229E-02
    1.478108E+00    7.392834E-02
    1.478412E+00    7.082317E-02
    1.478703E+00    6.771680E-02
    1.478982E+00    6.460928E-02
    1.479248E+00    6.150065E-02
    1.479501E+00    5.839096E-02
    1.479742E+00    5.528026E-02
    1.479970E+00    5.216859E-02
    1.480185E+00    4.905600E-02
    1.480387E+00    4.594256E-02
    1.480576E+00    4.282830E-02
    1.480752E+00    3.971329E-02
    1.480916E+00    3.659758E-02
    1.481066E+00    3.348122E-02
    1.481204E+00    3.036427E-02
    1.481329E+00    2.724678E-02
    1.481442E+00    2.412881E-02
    1.481541E+00    2.101041E-02
    1.481628E+00    1.789162E-02
    1.481703E+00    1.477251E-02
    1.481765E+00    1.165313E-02
    1.481814E+00    8.533520E-03
    1.481851E+00    5.413738E-03
    1.481875E+00    2.293833E-03
    1.481886E+00   -8.261431E-04
    1.481885E+00   -3.946141E-03
    1.481872E+00   -7.066109E-03
    1.481846E+00   -1.018600E-02
    1.481807E+00   -1.330576E-02
    1.481756E+00   -1.642533E-02
    1.481692E+00   -1.954468E-02
    1.481616E+00   -2.266374E-02
    1.481526E+00   -2.578247E-02
    1.481425E+00   -2.890081E-02
    1.481310E+00   -3.201870E-02
    1.481183E+00   -3.513611E-02
    1.481043E+00   -3.825297E-02
    1.480891E+00   -4.136923E-02
    1.480725E+00   -4.448483E-02
    1.480547E+00   -4.759973E-02
    1.480356E+00   -5.071387E-02
    1.480152E+00   -5.382719E-02
    1.479935E+00   -5.693965E-02
    1.479706E+00   -6.005121E-02
    1.479463E+00   -6.316180E-02
    1.479209E+00   -6.627139E-02
    1.478942E+00   -6.937993E-02
    1.478662E+00   -7.248738E-02
    1.478370E+00   -7.559369E-02
    1.478066E+00   -7.869884E-02
    1.477750E+00   -8.180278E-02
    1.477422E+00   -8.490549E-02
    1.477082E+00   -8.800693E-02
    1.476731E+00   -9.110708E-02
    1.476368E+00   -9.420592E-02
    1.475994E+00   -9.730342E-02
    1.475609E+00   -1.003996E-01
    1.475213E+00   -1.034943E-01
    1.474807E+00   -1.065877E-01
    1.474390E+00   -1.096797E-01
    1.473962E+00   -1.127703E-01
    1.473525E+00   -1.158595E-01
    1.473078E+00   -1.189473E-01
    1.472620E+00   -1.220336E-01
    1.472153E+00   -1.251184E-01
    1.471676E+00   -1.282018E-01
    1.471190E+00   -1.312836E-01
    1.470693E+00   -1.343639E-01
    1.470187E+00   -1.374426E-01
    1.469672E+00   -1.405196E-01
    1.469146E+00   -1.435951E-01
    1.468611E+00   -1.466688E-01
    1.468065E+00   -1.497407E-01
    1.467510E+00   -1.528108E-01
    1.466944E+00   -1.558791E-01
    1.466368E+00   -1.589454E-01
    1.465781E+00   -1.620098E-01
    1.465183E+00   -1.650720E-01
    1.464575E+00   -1.681322E-01
    1.463956E+00   -1.711901E-01
    1.463325E+00   -1.742456E-01
    1.462683E+00   -1.772989E-01
    1.462029E+00   -1.803496E-01
    1.461364E+00   -1.833978E-01
    1.460687E+00   -1.864435E-01
    1.459998E+00   -1.894864E-01
    1.459297E+00   -1.925267E-01
    1.458584E+00   -1.955642E-01
    1.457860E+00   -1.985990E-01
    1.457124E+00   -2.016309E-01
    1.456376E+00   -2.046600E-01
    1.455617E+00   -2.076863E-01
    1.454847E+00   -2.107098E-01
    1.454066E+00   -2.137304E-01
    1.453274E+00   -2.167483E-01
    1.452472E+00   -2.197633E-01
    1.451659E+00   -2.227756E-01
    1.450837E+00   -2.257853E-01
    1.450005E+00   -2.287922E-01
    1.449163E+00   -2.317966E-01
    1.448312E+00   -2.347984E-01
    1.447453E+00   -2.377977E-01
    1.446585E+00   -2.407946E-01
    1.445709E+00   -2.437890E-01
    1.444825E+00   -2.467812E-01
    1.443933E+00   -2.497710E-01
    1.443034E+00   -2.527586E-01
    1.442127E+00   -2.557440E-01
    1.441213E+00   -2.587271E-01
    1.440292E+00   -2.617079E-01
    1.439363E+00   -2.646865E-01
    1.438428E+00   -2.676629E-01
    1.437484E+00   -2.706368E-01
    1.436534E+00   -2.736085E-01
    1.435575E+00   -2.765777E-01
    1.434609E+00   -2.795444E-01
    1.433636E+00   -2.825086E-01
    1.432654E+00   -2.854702E-01
    1.431665E+00   -2.884292E-01
    1.430668E+00   -2.913854E-01
    1.429662E+00   -2.943389E-01
    1.428648E+00   -2.972895E-01
    1.427626E+00   -3.002373E-01
    1.426595E+00   -3.031822E-01
    1.425556E+00   -3.061241E-01
    1.424509E+00   -3.090630E-01
    1.423453E+00   -3.119991E-01
    1.422389E+00   -3.149321E-01
    1.421317E+00   -3.178622E-01
    1.420238E+00   -3.207894E-01
    1.419150E+00   -3.237137E-01
    1.418055E+00   -3.266351E-01
    1.416952E+00   -3.295537E-01
    1.415841E+00   -3.324694E-01
    1.414724E+00   -3.353823E-01
    1.413599E+00   -3.382924E-01
    1.412466E+00   -3.411997E-01
    1.411327E+00   -3.441041E-01
    1.410180E+00   -3.470056E-01
    1.409025E+00   -3.499043E-01
    1.407864E+00   -3.528000E-01
    1.406695E+00   -3.556926E-01
    1.405518E+00   -3.585822E-01
    1.404333E+00   -3.614686E-01
    1.403141E+00   -3.643518E-01
    1.401941E+00   -3.672317E-01
    1.400732E+00   -3.701081E-01
    1.399516E+00   -3.729811E-01
    1.398291E+00   -3.758506E-01
    1.397057E+00   -3.787165E-01
    1.395816E+00   -3.815788E-01
    1.394566E+00   -3.844375E-01
    1.393308E+00   -3.872926E-01
    1.392042E+00   -3.901441E-01
    1.390767E+00   -3.929920E-01
    1.389485E+00   -3.958364E-01
    1.388196E+00   -3.986774E-01
    1.387592E+00   -4.000000E-01
# Wall   25, psi=   7.614386E-02, psi/psi_sep =  0.965214
    1.317158E+00    5.400000E-01
    1.318860E+00    5.373850E-01
    1.320555E+00    5.347655E-01
    1.322243E+00    5.321413E-01
    1.323923E+00    5.295121E-01
    1.325594E+00    5.268779E-01
    1.327258E+00    5.242384E-01
    1.328913E+00    5.215936E-01
    1.330560E+00    5.189434E-01
    1.332197E+00    5.162878E-01
    1.333826E+00    5.136268E-01
    1.335447E+00    5.109606E-01
    1.337058E+00    5.082891E-01
    1.338662E+00    5.056127E-01
    1.340257E+00    5.029314E-01
    1.341845E+00    5.002455E-01
    1.343424E+00    4.975550E-01
    1.344997E+00    4.948601E-01
    1.346562E+00    4.921610E-01
    1.348120E+00    4.894578E-01
    1.349670E+00    4.867504E-01
    1.351214E+00    4.840390E-01
    1.352750E+00    4.813236E-01
    1.354280E+00    4.786042E-01
    1.355802E+00    4.758807E-01
    1.357317E+00    4.731530E-01
    1.358824E+00    4.704212E-01
    1.360323E+00    4.676850E-01
    1.361814E+00    4.649446E-01
    1.363298E+00    4.621996E-01
    1.364772E+00    4.594503E-01
    1.366239E+00    4.566964E-01
    1.367697E+00    4.539380E-01
    1.369146E+00    4.511751E-01
    1.370587E+00    4.484079E-01
    1.372020E+00    4.456363E-01
    1.373445E+00    4.428605E-01
    1.374861E+00    4.400806E-01
    1.376270E+00    4.372967E-01
    1.377671E+00    4.345090E-01
    1.379065E+00    4.317176E-01
    1.380451E+00    4.289225E-01
    1.381830E+00    4.261240E-01
    1.383203E+00    4.233220E-01
    1.384568E+00    4.205166E-01
    1.385927E+00    4.177079E-01
    1.387278E+00    4.148959E-01
    1.388623E+00    4.120805E-01
    1.389960E+00    4.092617E-01
    1.391291E+00    4.064396E-01
    1.392614E+00    4.036140E-01
    1.393929E+00    4.007849E-01
    1.395237E+00    3.979523E-01
    1.396537E+00    3.951161E-01
    1.397830E+00    3.922762E-01
    1.399114E+00    3.894327E-01
    1.400389E+00    3.865855E-01
    1.401657E+00    3.837346E-01
    1.402916E+00    3.808801E-01
    1.404168E+00    3.780219E-01
    1.405411E+00    3.751602E-01
    1.406646E+00    3.722951E-01
    1.407873E+00    3.694265E-01
    1.409092E+00    3.665547E-01
    1.410304E+00    3.636796E-01
    1.411508E+00    3.608015E-01
    1.412705E+00    3.579202E-01
    1.413895E+00    3.550360E-01
    1.415078E+00    3.521488E-01
    1.416253E+00    3.492587E-01
    1.417422E+00    3.463658E-01
    1.418583E+00    3.434700E-01
    1.419737E+00    3.405713E-01
    1.420884E+00    3.376697E-01
    1.422024E+00    3.347653E-01
    1.423156E+00    3.318580E-01
    1.424280E+00    3.289477E-01
    1.425397E+00    3.260344E-01
    1.426506E+00    3.231182E-01
    1.427607E+00    3.201989E-01
    1.428700E+00    3.172766E-01
    1.429785E+00    3.143511E-01
    1.430861E+00    3.114227E-01
    1.431929E+00    3.084911E-01
    1.432989E+00    3.055566E-01
    1.434040E+00    3.026190E-01
    1.435083E+00    2.996786E-01
    1.436118E+00    2.967353E-01
    1.437145E+00    2.937891E-01
    1.438164E+00    2.908403E-01
    1.439176E+00    2.878889E-01
    1.440180E+00    2.849349E-01
    1.441177E+00    2.819783E-01
    1.442166E+00    2.790194E-01
    1.443149E+00    2.760581E-01
    1.444124E+00    2.730946E-01
    1.445093E+00    2.701287E-01
    1.446055E+00    2.671607E-01
    1.447010E+00    2.641904E-01
    1.447958E+00    2.612180E-01
    1.448899E+00    2.582433E-01
    1.449833E+00    2.552665E-01
    1.450760E+00    2.522874E-01
    1.451680E+00    2.493061E-01
    1.452592E+00    2.463225E-01
    1.453497E+00    2.433364E-01
    1.454393E+00    2.403479E-01
    1.455281E+00    2.373569E-01
    1.456160E+00    2.343633E-01
    1.457030E+00    2.313670E-01
    1.457890E+00    2.283679E-01
    1.458740E+00    2.253661E-01
    1.459580E+00    2.223613E-01
    1.460410E+00    2.193536E-01
    1.461229E+00    2.163429E-01
    1.462036E+00    2.133293E-01
    1.462833E+00    2.103126E-01
    1.463617E+00    2.072929E-01
    1.464390E+00    2.042702E-01
    1.465152E+00    2.012445E-01
    1.465901E+00    1.982158E-01
    1.466638E+00    1.951842E-01
    1.467363E+00    1.921496E-01
    1.468077E+00    1.891123E-01
    1.468778E+00    1.860721E-01
    1.469467E+00    1.830292E-01
    1.470145E+00    1.799837E-01
    1.470811E+00    1.769356E-01
    1.471466E+00    1.738851E-01
    1.472109E+00    1.708322E-01
    1.472742E+00    1.677769E-01
    1.473363E+00    1.647195E-01
    1.473975E+00    1.616599E-01
    1.474575E+00    1.585983E-01
    1.475166E+00    1.555348E-01
    1.475747E+00    1.524693E-01
    1.476317E+00    1.494019E-01
    1.476879E+00    1.463328E-01
    1.477430E+00    1.432619E-01
    1.477972E+00    1.401893E-01
    1.478504E+00    1.371151E-01
    1.479027E+00    1.340392E-01
    1.479541E+00    1.309618E-01
    1.480044E+00    1.278827E-01
    1.480539E+00    1.248021E-01
    1.481024E+00    1.217200E-01
    1.481499E+00    1.186364E-01
    1.481964E+00    1.155513E-01
    1.482419E+00    1.124647E-01
    1.482864E+00    1.093766E-01
    1.483299E+00    1.062870E-01
    1.483723E+00    1.031960E-01
    1.484137E+00    1.001035E-01
    1.484539E+00    9.700960E-02
    1.484930E+00    9.391425E-02
    1.485311E+00    9.081748E-02
    1.485679E+00    8.771932E-02
    1.486036E+00    8.461978E-02
    1.486381E+00    8.151890E-02
    1.486713E+00    7.841670E-02
    1.487034E+00    7.531322E-02
    1.487342E+00    7.220850E-02
    1.487638E+00    6.910256E-02
    1.487922E+00    6.599547E-02
    1.488193E+00    6.288724E-02
    1.488451E+00    5.977794E-02
    1.488696E+00    5.666761E-02
    1.488929E+00    5.355630E-02
    1.489149E+00    5.044406E-02
    1.489356E+00    4.733094E-02
    1.489550E+00    4.421699E-02
    1.489731E+00    4.110226E-02
    1.489900E+00    3.798682E-02
    1.490055E+00    3.487071E-02
    1.490198E+00    3.175398E-02
    1.490328E+00    2.863670E-02
    1.490446E+00    2.551892E-02
    1.490551E+00    2.240068E-02
    1.490643E+00    1.928204E-02
    1.490722E+00    1.616305E-02
    1.490789E+00    1.304377E-02
    1.490843E+00    9.924247E-03
    1.490885E+00    6.804528E-03
    1.490914E+00    3.684666E-03
    1.490931E+00    5.647124E-04
    1.490935E+00   -2.555283E-03
    1.490926E+00   -5.675269E-03
    1.490905E+00   -8.795196E-03
    1.490872E+00   -1.191501E-02
    1.490825E+00   -1.503467E-02
    1.490767E+00   -1.815411E-02
    1.490695E+00   -2.127329E-02
    1.490611E+00   -2.439216E-02
    1.490515E+00   -2.751066E-02
    1.490405E+00   -3.062875E-02
    1.490283E+00   -3.374636E-02
    1.490149E+00   -3.686345E-02
    1.490001E+00   -3.997997E-02
    1.489841E+00   -4.309585E-02
    1.489668E+00   -4.621105E-02
    1.489483E+00   -4.932552E-02
    1.489284E+00   -5.243920E-02
    1.489073E+00   -5.555204E-02
    1.488849E+00   -5.866399E-02
    1.488612E+00   -6.177501E-02
    1.488363E+00   -6.488504E-02
    1.488102E+00   -6.799405E-02
    1.487828E+00   -7.110198E-02
    1.487541E+00   -7.420880E-02
    1.487242E+00   -7.731447E-02
    1.486932E+00   -8.041894E-02
    1.486609E+00   -8.352219E-02
    1.486274E+00   -8.662419E-02
    1.485928E+00   -8.972491E-02
    1.485570E+00   -9.282432E-02
    1.485201E+00   -9.592239E-02
    1.484820E+00   -9.901913E-02
    1.484429E+00   -1.021145E-01
    1.484027E+00   -1.052085E-01
    1.483615E+00   -1.083011E-01
    1.483192E+00   -1.113924E-01
    1.482759E+00   -1.144822E-01
    1.482317E+00   -1.175706E-01
    1.481864E+00   -1.206577E-01
    1.481402E+00   -1.237432E-01
    1.480931E+00   -1.268274E-01
    1.480450E+00   -1.299101E-01
    1.479959E+00   -1.329913E-01
    1.479459E+00   -1.360710E-01
    1.478950E+00   -1.391492E-01
    1.478432E+00   -1.422258E-01
    1.477904E+00   -1.453009E-01
    1.477367E+00   -1.483742E-01
    1.476820E+00   -1.514460E-01
    1.476264E+00   -1.545159E-01
    1.475697E+00   -1.575841E-01
    1.475121E+00   -1.606505E-01
    1.474535E+00   -1.637150E-01
    1.473939E+00   -1.667774E-01
    1.473332E+00   -1.698378E-01
    1.472714E+00   -1.728961E-01
    1.472086E+00   -1.759522E-01
    1.471446E+00   -1.790059E-01
    1.470796E+00   -1.820573E-01
    1.470133E+00   -1.851061E-01
    1.469459E+00   -1.881524E-01
    1.468773E+00   -1.911962E-01
    1.468076E+00   -1.942372E-01
    1.467366E+00   -1.972755E-01
    1.466645E+00   -2.003110E-01
    1.465912E+00   -2.033436E-01
    1.465168E+00   -2.063734E-01
    1.464411E+00   -2.094004E-01
    1.463643E+00   -2.124244E-01
    1.462864E+00   -2.154455E-01
    1.462074E+00   -2.184638E-01
    1.461273E+00   -2.214792E-01
    1.460461E+00   -2.244918E-01
    1.459639E+00   -2.275016E-01
    1.458807E+00   -2.305086E-01
    1.457966E+00   -2.335129E-01
    1.457115E+00   -2.365147E-01
    1.456255E+00   -2.395139E-01
    1.455387E+00   -2.425106E-01
    1.454510E+00   -2.455050E-01
    1.453626E+00   -2.484970E-01
    1.452734E+00   -2.514868E-01
    1.451835E+00   -2.544745E-01
    1.450929E+00   -2.574600E-01
    1.450016E+00   -2.604433E-01
    1.449096E+00   -2.634247E-01
    1.448169E+00   -2.664039E-01
    1.447236E+00   -2.693811E-01
    1.446296E+00   -2.723562E-01
    1.445350E+00   -2.753293E-01
    1.444397E+00   -2.783002E-01
    1.443437E+00   -2.812689E-01
    1.442471E+00   -2.842354E-01
    1.441497E+00   -2.871996E-01
    1.440517E+00   -2.901615E-01
    1.439529E+00   -2.931210E-01
    1.438533E+00   -2.960779E-01
    1.437530E+00   -2.990323E-01
    1.436520E+00   -3.019840E-01
    1.435501E+00   -3.049330E-01
    1.434474E+00   -3.078793E-01
    1.433439E+00   -3.108227E-01
    1.432396E+00   -3.137632E-01
    1.431345E+00   -3.167008E-01
    1.430286E+00   -3.196354E-01
    1.429218E+00   -3.225671E-01
    1.428143E+00   -3.254959E-01
    1.427060E+00   -3.284218E-01
    1.425968E+00   -3.313448E-01
    1.424870E+00   -3.342649E-01
    1.423764E+00   -3.371822E-01
    1.422650E+00   -3.400968E-01
    1.421529E+00   -3.430085E-01
    1.420401E+00   -3.459175E-01
    1.419267E+00   -3.488238E-01
    1.418125E+00   -3.517274E-01
    1.416976E+00   -3.546282E-01
    1.415820E+00   -3.575263E-01
    1.414658E+00   -3.604216E-01
    1.413488E+00   -3.633140E-01
    1.412311E+00   -3.662036E-01
    1.411127E+00   -3.690902E-01
    1.409936E+00   -3.719737E-01
    1.408737E+00   -3.748542E-01
    1.407530E+00   -3.777314E-01
    1.406316E+00   -3.806054E-01
    1.405094E+00   -3.834760E-01
    1.403864E+00   -3.863433E-01
    1.402625E+00   -3.892070E-01
    1.401379E+00   -3.920673E-01
    1.400125E+00   -3.949241E-01
    1.398863E+00   -3.977774E-01
    1.397873E+00   -4.000000E-01
# Wall   26, psi=   7.888803E-02, psi/psi_sep =  1.000000
    1.330097E+00    5.400000E-01
    1.331752E+00    5.373549E-01
    1.333398E+00    5.347049E-01
    1.335037E+00    5.320498E-01
    1.336667E+00    5.293896E-01
    1.338289E+00    5.267243E-01
    1.339903E+00    5.240540E-01
    1.341508E+00    5.213787E-01
    1.343105E+00    5.186987E-01
    1.344695E+00    5.160139E-01
    1.346277E+00    5.133247E-01
    1.347851E+00    5.106310E-01
    1.349418E+00    5.079333E-01
    1.350979E+00    5.052314E-01
    1.352532E+00    5.025256E-01
    1.354079E+00    4.998160E-01
    1.355619E+00    4.971026E-01
    1.357152E+00    4.943855E-01
    1.358679E+00    4.916645E-01
    1.360199E+00    4.889398E-01
    1.361712E+00    4.862112E-01
    1.363218E+00    4.834787E-01
    1.364717E+00    4.807422E-01
    1.366208E+00    4.780015E-01
    1.367691E+00    4.752567E-01
    1.369167E+00    4.725077E-01
    1.370634E+00    4.697543E-01
    1.372093E+00    4.669966E-01
    1.373545E+00    4.642347E-01
    1.374988E+00    4.614684E-01
    1.376423E+00    4.586980E-01
    1.377850E+00    4.559235E-01
    1.379269E+00    4.531450E-01
    1.380680E+00    4.503626E-01
    1.382085E+00    4.475764E-01
    1.383482E+00    4.447866E-01
    1.384871E+00    4.419933E-01
    1.386255E+00    4.391966E-01
    1.387631E+00    4.363966E-01
    1.389001E+00    4.335934E-01
    1.390364E+00    4.307870E-01
    1.391721E+00    4.279774E-01
    1.393071E+00    4.251647E-01
    1.394414E+00    4.223488E-01
    1.395751E+00    4.195297E-01
    1.397081E+00    4.167074E-01
    1.398404E+00    4.138817E-01
    1.399720E+00    4.110527E-01
    1.401028E+00    4.082203E-01
    1.402329E+00    4.053844E-01
    1.403622E+00    4.025450E-01
    1.404908E+00    3.997021E-01
    1.406185E+00    3.968557E-01
    1.407455E+00    3.940057E-01
    1.408717E+00    3.911522E-01
    1.409971E+00    3.882953E-01
    1.411217E+00    3.854351E-01
    1.412456E+00    3.825715E-01
    1.413687E+00    3.797046E-01
    1.414910E+00    3.768347E-01
    1.416127E+00    3.739616E-01
    1.417337E+00    3.710856E-01
    1.418539E+00    3.682067E-01
    1.419735E+00    3.653250E-01
    1.420924E+00    3.624405E-01
    1.422106E+00    3.595532E-01
    1.423282E+00    3.566631E-01
    1.424451E+00    3.537704E-01
    1.425613E+00    3.508748E-01
    1.426768E+00    3.479766E-01
    1.427916E+00    3.450755E-01
    1.429057E+00    3.421716E-01
    1.430191E+00    3.392648E-01
    1.431317E+00    3.363551E-01
    1.432435E+00    3.334424E-01
    1.433546E+00    3.305268E-01
    1.434648E+00    3.276081E-01
    1.435743E+00    3.246864E-01
    1.436829E+00    3.217616E-01
    1.437907E+00    3.188338E-01
    1.438977E+00    3.159030E-01
    1.440039E+00    3.129693E-01
    1.441093E+00    3.100327E-01
    1.442139E+00    3.070933E-01
    1.443178E+00    3.041512E-01
    1.444208E+00    3.012064E-01
    1.445232E+00    2.982590E-01
    1.446248E+00    2.953092E-01
    1.447258E+00    2.923571E-01
    1.448261E+00    2.894026E-01
    1.449257E+00    2.864459E-01
    1.450247E+00    2.834871E-01
    1.451230E+00    2.805261E-01
    1.452207E+00    2.775631E-01
    1.453178E+00    2.745980E-01
    1.454143E+00    2.716309E-01
    1.455102E+00    2.686618E-01
    1.456054E+00    2.656907E-01
    1.457000E+00    2.627175E-01
    1.457939E+00    2.597422E-01
    1.458871E+00    2.567648E-01
    1.459797E+00    2.537852E-01
    1.460715E+00    2.508034E-01
    1.461625E+00    2.478192E-01
    1.462528E+00    2.448325E-01
    1.463422E+00    2.418434E-01
    1.464307E+00    2.388516E-01
    1.465183E+00    2.358572E-01
    1.466050E+00    2.328599E-01
    1.466906E+00    2.298598E-01
    1.467753E+00    2.268568E-01
    1.468588E+00    2.238508E-01
    1.469413E+00    2.208419E-01
    1.470227E+00    2.178298E-01
    1.471029E+00    2.148148E-01
    1.471820E+00    2.117967E-01
    1.472600E+00    2.087756E-01
    1.473367E+00    2.057515E-01
    1.474123E+00    2.027244E-01
    1.474867E+00    1.996944E-01
    1.475599E+00    1.966616E-01
    1.476320E+00    1.936259E-01
    1.477029E+00    1.905875E-01
    1.477726E+00    1.875464E-01
    1.478412E+00    1.845027E-01
    1.479086E+00    1.814565E-01
    1.479750E+00    1.784078E-01
    1.480402E+00    1.753568E-01
    1.481044E+00    1.723036E-01
    1.481675E+00    1.692481E-01
    1.482296E+00    1.661905E-01
    1.482907E+00    1.631310E-01
    1.483509E+00    1.600695E-01
    1.484100E+00    1.570060E-01
    1.484682E+00    1.539408E-01
    1.485255E+00    1.508738E-01
    1.485818E+00    1.478051E-01
    1.486372E+00    1.447347E-01
    1.486917E+00    1.416626E-01
    1.487452E+00    1.385889E-01
    1.487978E+00    1.355136E-01
    1.488495E+00    1.324367E-01
    1.489003E+00    1.293583E-01
    1.489501E+00    1.262783E-01
    1.489990E+00    1.231968E-01
    1.490469E+00    1.201138E-01
    1.490938E+00    1.170293E-01
    1.491397E+00    1.139433E-01
    1.491846E+00    1.108557E-01
    1.492285E+00    1.077668E-01
    1.492713E+00    1.046763E-01
    1.493131E+00    1.015843E-01
    1.493537E+00    9.849095E-02
    1.493933E+00    9.539611E-02
    1.494317E+00    9.229984E-02
    1.494689E+00    8.920215E-02
    1.495050E+00    8.610308E-02
    1.495399E+00    8.300265E-02
    1.495736E+00    7.990090E-02
    1.496061E+00    7.679785E-02
    1.496373E+00    7.369354E-02
    1.496673E+00    7.058802E-02
    1.496961E+00    6.748131E-02
    1.497236E+00    6.437348E-02
    1.497499E+00    6.126456E-02
    1.497749E+00    5.815459E-02
    1.497986E+00    5.504363E-02
    1.498211E+00    5.193173E-02
    1.498423E+00    4.881894E-02
    1.498622E+00    4.570530E-02
    1.498808E+00    4.259088E-02
    1.498982E+00    3.947571E-02
    1.499143E+00    3.635986E-02
    1.499291E+00    3.324338E-02
    1.499426E+00    3.012633E-02
    1.499549E+00    2.700875E-02
    1.499659E+00    2.389069E-02
    1.499757E+00    2.077222E-02
    1.499842E+00    1.765337E-02
    1.499914E+00    1.453421E-02
    1.499973E+00    1.141478E-02
    1.500021E+00    8.295142E-03
    1.500055E+00    5.175335E-03
    1.500077E+00    2.055414E-03
    1.500086E+00   -1.064570E-03
    1.500083E+00   -4.184566E-03
    1.500068E+00   -7.304524E-03
    1.500039E+00   -1.042439E-02
    1.499999E+00   -1.354413E-02
    1.499945E+00   -1.666367E-02
    1.499879E+00   -1.978297E-02
    1.499801E+00   -2.290198E-02
    1.499710E+00   -2.602065E-02
    1.499606E+00   -2.913892E-02
    1.499490E+00   -3.225675E-02
    1.499361E+00   -3.537408E-02
    1.499219E+00   -3.849087E-02
    1.499065E+00   -4.160705E-02
    1.498898E+00   -4.472258E-02
    1.498718E+00   -4.783740E-02
    1.498526E+00   -5.095146E-02
    1.498321E+00   -5.406472E-02
    1.498104E+00   -5.717712E-02
    1.497873E+00   -6.028862E-02
    1.497631E+00   -6.339916E-02
    1.497375E+00   -6.650870E-02
    1.497108E+00   -6.961720E-02
    1.496828E+00   -7.272461E-02
    1.496536E+00   -7.583089E-02
    1.496231E+00   -7.893601E-02
    1.495915E+00   -8.203991E-02
    1.495586E+00   -8.514258E-02
    1.495246E+00   -8.824398E-02
    1.494894E+00   -9.134408E-02
    1.494531E+00   -9.444285E-02
    1.494156E+00   -9.754028E-02
    1.493771E+00   -1.006363E-01
    1.493374E+00   -1.037310E-01
    1.492967E+00   -1.068243E-01
    1.492549E+00   -1.099162E-01
    1.492121E+00   -1.130067E-01
    1.491683E+00   -1.160958E-01
    1.491235E+00   -1.191834E-01
    1.490777E+00   -1.222697E-01
    1.490309E+00   -1.253545E-01
    1.489833E+00   -1.284378E-01
    1.489346E+00   -1.315197E-01
    1.488851E+00   -1.346001E-01
    1.488346E+00   -1.376790E-01
    1.487833E+00   -1.407564E-01
    1.487310E+00   -1.438323E-01
    1.486778E+00   -1.469066E-01
    1.486237E+00   -1.499793E-01
    1.485686E+00   -1.530504E-01
    1.485127E+00   -1.561199E-01
    1.484558E+00   -1.591876E-01
    1.483980E+00   -1.622535E-01
    1.483392E+00   -1.653176E-01
    1.482794E+00   -1.683798E-01
    1.482186E+00   -1.714401E-01
    1.481569E+00   -1.744983E-01
    1.480940E+00   -1.775544E-01
    1.480301E+00   -1.806082E-01
    1.479652E+00   -1.836598E-01
    1.478991E+00   -1.867091E-01
    1.478319E+00   -1.897559E-01
    1.477636E+00   -1.928001E-01
    1.476941E+00   -1.958418E-01
    1.476235E+00   -1.988809E-01
    1.475518E+00   -2.019172E-01
    1.474788E+00   -2.049508E-01
    1.474048E+00   -2.079816E-01
    1.473295E+00   -2.110095E-01
    1.472531E+00   -2.140346E-01
    1.471756E+00   -2.170568E-01
    1.470970E+00   -2.200761E-01
    1.470173E+00   -2.230925E-01
    1.469364E+00   -2.261060E-01
    1.468546E+00   -2.291166E-01
    1.467717E+00   -2.321244E-01
    1.466877E+00   -2.351295E-01
    1.466029E+00   -2.381319E-01
    1.465171E+00   -2.411316E-01
    1.464304E+00   -2.441288E-01
    1.463429E+00   -2.471235E-01
    1.462546E+00   -2.501159E-01
    1.461655E+00   -2.531059E-01
    1.460756E+00   -2.560938E-01
    1.459851E+00   -2.590796E-01
    1.458939E+00   -2.620632E-01
    1.458020E+00   -2.650449E-01
    1.457095E+00   -2.680246E-01
    1.456164E+00   -2.710023E-01
    1.455226E+00   -2.739782E-01
    1.454283E+00   -2.769521E-01
    1.453333E+00   -2.799241E-01
    1.452378E+00   -2.828942E-01
    1.451416E+00   -2.858623E-01
    1.450448E+00   -2.888284E-01
    1.449474E+00   -2.917925E-01
    1.448494E+00   -2.947545E-01
    1.447507E+00   -2.977142E-01
    1.446513E+00   -3.006718E-01
    1.445513E+00   -3.036269E-01
    1.444505E+00   -3.065797E-01
    1.443490E+00   -3.095299E-01
    1.442467E+00   -3.124775E-01
    1.441436E+00   -3.154224E-01
    1.440398E+00   -3.183646E-01
    1.439352E+00   -3.213040E-01
    1.438298E+00   -3.242404E-01
    1.437235E+00   -3.271740E-01
    1.436165E+00   -3.301047E-01
    1.435087E+00   -3.330325E-01
    1.434001E+00   -3.359574E-01
    1.432907E+00   -3.388794E-01
    1.431806E+00   -3.417986E-01
    1.430697E+00   -3.447150E-01
    1.429581E+00   -3.476286E-01
    1.428458E+00   -3.505394E-01
    1.427328E+00   -3.534476E-01
    1.426192E+00   -3.563532E-01
    1.425048E+00   -3.592561E-01
    1.423898E+00   -3.621564E-01
    1.422741E+00   -3.650541E-01
    1.421578E+00   -3.679491E-01
    1.420408E+00   -3.708415E-01
    1.419232E+00   -3.737313E-01
    1.418049E+00   -3.766182E-01
    1.416859E+00   -3.795024E-01
    1.415662E+00   -3.823836E-01
    1.414458E+00   -3.852619E-01
    1.413246E+00   -3.881371E-01
    1.412028E+00   -3.910092E-01
    1.410801E+00   -3.938781E-01
    1.409567E+00   -3.967438E-01
    1.408326E+00   -3.996062E-01
    1.408154E+00   -4.000000E-01
# Wall   27, psi=   8.136296E-02, psi/psi_sep =  1.031373
    1.341667E+00    5.400000E-01
    1.343275E+00    5.373264E-01
    1.344876E+00    5.346481E-01
    1.346468E+00    5.319651E-01
    1.348053E+00    5.292776E-01
    1.349630E+00    5.265858E-01
    1.351200E+00    5.238896E-01
    1.352764E+00    5.211894E-01
    1.354320E+00    5.184853E-01
    1.355870E+00    5.157774E-01
    1.357413E+00    5.130658E-01
    1.358950E+00    5.103506E-01
    1.360480E+00    5.076318E-01
    1.362005E+00    5.049096E-01
    1.363523E+00    5.021838E-01
    1.365035E+00    4.994545E-01
    1.366540E+00    4.967215E-01
    1.368038E+00    4.939849E-01
    1.369529E+00    4.912444E-01
    1.371013E+00    4.885000E-01
    1.372490E+00    4.857517E-01
    1.373960E+00    4.829993E-01
    1.375421E+00    4.802429E-01
    1.376875E+00    4.774825E-01
    1.378322E+00    4.747179E-01
    1.379760E+00    4.719494E-01
    1.381191E+00    4.691769E-01
    1.382615E+00    4.664004E-01
    1.384030E+00    4.636202E-01
    1.385439E+00    4.608362E-01
    1.386840E+00    4.580487E-01
    1.388235E+00    4.552577E-01
    1.389623E+00    4.524633E-01
    1.391004E+00    4.496657E-01
    1.392379E+00    4.468649E-01
    1.393747E+00    4.440611E-01
    1.395109E+00    4.412542E-01
    1.396466E+00    4.384443E-01
    1.397816E+00    4.356315E-01
    1.399159E+00    4.328156E-01
    1.400496E+00    4.299968E-01
    1.401827E+00    4.271748E-01
    1.403151E+00    4.243496E-01
    1.404468E+00    4.215213E-01
    1.405778E+00    4.186897E-01
    1.407081E+00    4.158548E-01
    1.408377E+00    4.130166E-01
    1.409665E+00    4.101750E-01
    1.410946E+00    4.073301E-01
    1.412220E+00    4.044818E-01
    1.413486E+00    4.016302E-01
    1.414744E+00    3.987753E-01
    1.415996E+00    3.959171E-01
    1.417239E+00    3.930558E-01
    1.418476E+00    3.901914E-01
    1.419706E+00    3.873240E-01
    1.420929E+00    3.844537E-01
    1.422145E+00    3.815805E-01
    1.423355E+00    3.787045E-01
    1.424558E+00    3.758258E-01
    1.425755E+00    3.729444E-01
    1.426945E+00    3.700604E-01
    1.428129E+00    3.671738E-01
    1.429306E+00    3.642846E-01
    1.430478E+00    3.613927E-01
    1.431642E+00    3.584982E-01
    1.432800E+00    3.556010E-01
    1.433951E+00    3.527011E-01
    1.435095E+00    3.497983E-01
    1.436232E+00    3.468928E-01
    1.437361E+00    3.439843E-01
    1.438483E+00    3.410729E-01
    1.439597E+00    3.381586E-01
    1.440703E+00    3.352412E-01
    1.441801E+00    3.323209E-01
    1.442891E+00    3.293977E-01
    1.443974E+00    3.264715E-01
    1.445048E+00    3.235423E-01
    1.446115E+00    3.206103E-01
    1.447174E+00    3.176755E-01
    1.448225E+00    3.147380E-01
    1.449269E+00    3.117978E-01
    1.450306E+00    3.088550E-01
    1.451335E+00    3.059098E-01
    1.452358E+00    3.029623E-01
    1.453375E+00    3.000124E-01
    1.454385E+00    2.970604E-01
    1.455388E+00    2.941063E-01
    1.456386E+00    2.911502E-01
    1.457378E+00    2.881921E-01
    1.458364E+00    2.852320E-01
    1.459345E+00    2.822700E-01
    1.460319E+00    2.793061E-01
    1.461288E+00    2.763403E-01
    1.462251E+00    2.733726E-01
    1.463207E+00    2.704029E-01
    1.464158E+00    2.674312E-01
    1.465102E+00    2.644575E-01
    1.466039E+00    2.614816E-01
    1.466970E+00    2.585036E-01
    1.467893E+00    2.555233E-01
    1.468809E+00    2.525407E-01
    1.469716E+00    2.495556E-01
    1.470616E+00    2.465681E-01
    1.471506E+00    2.435779E-01
    1.472388E+00    2.405851E-01
    1.473260E+00    2.375896E-01
    1.474123E+00    2.345912E-01
    1.474975E+00    2.315899E-01
    1.475818E+00    2.285857E-01
    1.476649E+00    2.255785E-01
    1.477470E+00    2.225684E-01
    1.478279E+00    2.195552E-01
    1.479078E+00    2.165392E-01
    1.479865E+00    2.135201E-01
    1.480641E+00    2.104981E-01
    1.481405E+00    2.074732E-01
    1.482159E+00    2.044455E-01
    1.482900E+00    2.014150E-01
    1.483631E+00    1.983817E-01
    1.484350E+00    1.953458E-01
    1.485058E+00    1.923072E-01
    1.485756E+00    1.892661E-01
    1.486442E+00    1.862225E-01
    1.487117E+00    1.831765E-01
    1.487782E+00    1.801282E-01
    1.488437E+00    1.770776E-01
    1.489081E+00    1.740249E-01
    1.489716E+00    1.709701E-01
    1.490340E+00    1.679132E-01
    1.490955E+00    1.648544E-01
    1.491560E+00    1.617937E-01
    1.492156E+00    1.587311E-01
    1.492743E+00    1.556668E-01
    1.493321E+00    1.526007E-01
    1.493889E+00    1.495329E-01
    1.494448E+00    1.464634E-01
    1.494998E+00    1.433923E-01
    1.495539E+00    1.403195E-01
    1.496070E+00    1.372451E-01
    1.496593E+00    1.341692E-01
    1.497105E+00    1.310916E-01
    1.497609E+00    1.280124E-01
    1.498102E+00    1.249317E-01
    1.498586E+00    1.218495E-01
    1.499060E+00    1.187657E-01
    1.499524E+00    1.156804E-01
    1.499977E+00    1.125935E-01
    1.500420E+00    1.095051E-01
    1.500853E+00    1.064152E-01
    1.501275E+00    1.033239E-01
    1.501685E+00    1.002310E-01
    1.502085E+00    9.713670E-02
    1.502473E+00    9.404093E-02
    1.502849E+00    9.094373E-02
    1.503214E+00    8.784514E-02
    1.503567E+00    8.474518E-02
    1.503908E+00    8.164388E-02
    1.504237E+00    7.854128E-02
    1.504554E+00    7.543741E-02
    1.504859E+00    7.233232E-02
    1.505151E+00    6.922604E-02
    1.505431E+00    6.611863E-02
    1.505698E+00    6.301012E-02
    1.505953E+00    5.990055E-02
    1.506196E+00    5.678999E-02
    1.506426E+00    5.367847E-02
    1.506643E+00    5.056605E-02
    1.506848E+00    4.745277E-02
    1.507040E+00    4.433869E-02
    1.507219E+00    4.122385E-02
    1.507386E+00    3.810831E-02
    1.507540E+00    3.499212E-02
    1.507681E+00    3.187533E-02
    1.507810E+00    2.875800E-02
    1.507927E+00    2.564017E-02
    1.508030E+00    2.252190E-02
    1.508121E+00    1.940323E-02
    1.508200E+00    1.628422E-02
    1.508266E+00    1.316492E-02
    1.508319E+00    1.004538E-02
    1.508360E+00    6.925651E-03
    1.508389E+00    3.805782E-03
    1.508405E+00    6.858240E-04
    1.508408E+00   -2.434172E-03
    1.508399E+00   -5.554156E-03
    1.508377E+00   -8.674079E-03
    1.508343E+00   -1.179389E-02
    1.508296E+00   -1.491353E-02
    1.508236E+00   -1.803297E-02
    1.508165E+00   -2.115214E-02
    1.508080E+00   -2.427100E-02
    1.507983E+00   -2.738949E-02
    1.507874E+00   -3.050757E-02
    1.507752E+00   -3.362518E-02
    1.507617E+00   -3.674227E-02
    1.507470E+00   -3.985880E-02
    1.507310E+00   -4.297471E-02
    1.507138E+00   -4.608995E-02
    1.506953E+00   -4.920447E-02
    1.506756E+00   -5.231823E-02
    1.506546E+00   -5.543116E-02
    1.506324E+00   -5.854323E-02
    1.506089E+00   -6.165438E-02
    1.505842E+00   -6.476458E-02
    1.505583E+00   -6.787377E-02
    1.505311E+00   -7.098191E-02
    1.505027E+00   -7.408895E-02
    1.504731E+00   -7.719487E-02
    1.504423E+00   -8.029960E-02
    1.504102E+00   -8.340313E-02
    1.503770E+00   -8.650541E-02
    1.503427E+00   -8.960641E-02
    1.503071E+00   -9.270610E-02
    1.502704E+00   -9.580446E-02
    1.502326E+00   -9.890145E-02
    1.501937E+00   -1.019971E-01
    1.501537E+00   -1.050913E-01
    1.501125E+00   -1.081841E-01
    1.500704E+00   -1.112754E-01
    1.500272E+00   -1.143654E-01
    1.499829E+00   -1.174539E-01
    1.499377E+00   -1.205409E-01
    1.498915E+00   -1.236265E-01
    1.498443E+00   -1.267106E-01
    1.497961E+00   -1.297932E-01
    1.497470E+00   -1.328743E-01
    1.496970E+00   -1.359539E-01
    1.496460E+00   -1.390320E-01
    1.495941E+00   -1.421086E-01
    1.495414E+00   -1.451836E-01
    1.494877E+00   -1.482570E-01
    1.494330E+00   -1.513288E-01
    1.493775E+00   -1.543991E-01
    1.493211E+00   -1.574676E-01
    1.492638E+00   -1.605345E-01
    1.492055E+00   -1.635997E-01
    1.491464E+00   -1.666630E-01
    1.490863E+00   -1.697246E-01
    1.490252E+00   -1.727842E-01
    1.489631E+00   -1.758419E-01
    1.489001E+00   -1.788975E-01
    1.488360E+00   -1.819511E-01
    1.487710E+00   -1.850024E-01
    1.487048E+00   -1.880515E-01
    1.486376E+00   -1.910983E-01
    1.485694E+00   -1.941428E-01
    1.485000E+00   -1.971847E-01
    1.484296E+00   -2.002242E-01
    1.483581E+00   -2.032610E-01
    1.482854E+00   -2.062953E-01
    1.482116E+00   -2.093268E-01
    1.481368E+00   -2.123556E-01
    1.480608E+00   -2.153817E-01
    1.479837E+00   -2.184050E-01
    1.479055E+00   -2.214254E-01
    1.478262E+00   -2.244430E-01
    1.477459E+00   -2.274578E-01
    1.476645E+00   -2.304697E-01
    1.475821E+00   -2.334788E-01
    1.474986E+00   -2.364852E-01
    1.474142E+00   -2.394888E-01
    1.473288E+00   -2.424898E-01
    1.472426E+00   -2.454881E-01
    1.471554E+00   -2.484840E-01
    1.470674E+00   -2.514774E-01
    1.469787E+00   -2.544684E-01
    1.468891E+00   -2.574571E-01
    1.467988E+00   -2.604436E-01
    1.467078E+00   -2.634280E-01
    1.466162E+00   -2.664103E-01
    1.465239E+00   -2.693906E-01
    1.464309E+00   -2.723690E-01
    1.463374E+00   -2.753454E-01
    1.462432E+00   -2.783200E-01
    1.461485E+00   -2.812927E-01
    1.460532E+00   -2.842637E-01
    1.459574E+00   -2.872328E-01
    1.458610E+00   -2.902001E-01
    1.457640E+00   -2.931655E-01
    1.456664E+00   -2.961291E-01
    1.455683E+00   -2.990907E-01
    1.454695E+00   -3.020503E-01
    1.453702E+00   -3.050078E-01
    1.452702E+00   -3.079632E-01
    1.451695E+00   -3.109163E-01
    1.450681E+00   -3.138671E-01
    1.449661E+00   -3.168154E-01
    1.448633E+00   -3.197612E-01
    1.447597E+00   -3.227044E-01
    1.446554E+00   -3.256449E-01
    1.445504E+00   -3.285827E-01
    1.444445E+00   -3.315177E-01
    1.443379E+00   -3.344499E-01
    1.442305E+00   -3.373792E-01
    1.441223E+00   -3.403057E-01
    1.440134E+00   -3.432293E-01
    1.439037E+00   -3.461502E-01
    1.437933E+00   -3.490682E-01
    1.436821E+00   -3.519834E-01
    1.435702E+00   -3.548959E-01
    1.434576E+00   -3.578057E-01
    1.433444E+00   -3.607129E-01
    1.432305E+00   -3.636175E-01
    1.431159E+00   -3.665195E-01
    1.430007E+00   -3.694190E-01
    1.428849E+00   -3.723160E-01
    1.427684E+00   -3.752105E-01
    1.426513E+00   -3.781025E-01
    1.425336E+00   -3.809919E-01
    1.424153E+00   -3.838788E-01
    1.422963E+00   -3.867630E-01
    1.421767E+00   -3.896446E-01
    1.420564E+00   -3.925234E-01
    1.419354E+00   -3.953993E-01
    1.418137E+00   -3.982723E-01
    1.417402E+00   -4.000000E-01
# Wall   28, psi=   8.383789E-02, psi/psi_sep =  1.062745
    1.353086E+00    5.400000E-01
    1.354648E+00    5.372997E-01
    1.356205E+00    5.345954E-01
    1.357754E+00    5.318874E-01
    1.359297E+00    5.291756E-01
    1.360834E+00    5.264604E-01
    1.362365E+00    5.237417E-01
    1.363889E+00    5.210197E-01
    1.365408E+00    5.182944E-01
    1.366921E+00    5.155658E-01
    1.368428E+00    5.128339E-01
    1.369930E+00    5.100988E-01
    1.371424E+00    5.073602E-01
    1.372913E+00    5.046181E-01
    1.374395E+00    5.018726E-01
    1.375870E+00    4.991233E-01
    1.377338E+00    4.963705E-01
    1.378800E+00    4.936138E-01
    1.380254E+00    4.908534E-01
    1.381700E+00    4.880891E-01
    1.383140E+00    4.853210E-01
    1.384572E+00    4.825492E-01
    1.385997E+00    4.797736E-01
    1.387415E+00    4.769944E-01
    1.388826E+00    4.742115E-01
    1.390230E+00    4.714252E-01
    1.391627E+00    4.686355E-01
    1.393017E+00    4.658425E-01
    1.394401E+00    4.630463E-01
    1.395779E+00    4.602470E-01
    1.397151E+00    4.574447E-01
    1.398517E+00    4.546396E-01
    1.399877E+00    4.518315E-01
    1.401231E+00    4.490206E-01
    1.402579E+00    4.462069E-01
    1.403921E+00    4.433903E-01
    1.405257E+00    4.405709E-01
    1.406587E+00    4.377485E-01
    1.407910E+00    4.349232E-01
    1.409227E+00    4.320948E-01
    1.410538E+00    4.292634E-01
    1.411842E+00    4.264289E-01
    1.413139E+00    4.235912E-01
    1.414429E+00    4.207503E-01
    1.415712E+00    4.179063E-01
    1.416987E+00    4.150591E-01
    1.418256E+00    4.122088E-01
    1.419518E+00    4.093553E-01
    1.420773E+00    4.064988E-01
    1.422021E+00    4.036393E-01
    1.423262E+00    4.007768E-01
    1.424497E+00    3.979115E-01
    1.425725E+00    3.950434E-01
    1.426947E+00    3.921726E-01
    1.428162E+00    3.892991E-01
    1.429372E+00    3.864231E-01
    1.430575E+00    3.835445E-01
    1.431773E+00    3.806634E-01
    1.432964E+00    3.777798E-01
    1.434149E+00    3.748937E-01
    1.435328E+00    3.720051E-01
    1.436501E+00    3.691140E-01
    1.437668E+00    3.662204E-01
    1.438828E+00    3.633241E-01
    1.439982E+00    3.604251E-01
    1.441128E+00    3.575235E-01
    1.442268E+00    3.546190E-01
    1.443400E+00    3.517117E-01
    1.444525E+00    3.488016E-01
    1.445643E+00    3.458886E-01
    1.446753E+00    3.429728E-01
    1.447855E+00    3.400540E-01
    1.448950E+00    3.371323E-01
    1.450037E+00    3.342078E-01
    1.451116E+00    3.312805E-01
    1.452188E+00    3.283504E-01
    1.453252E+00    3.254176E-01
    1.454309E+00    3.224821E-01
    1.455359E+00    3.195441E-01
    1.456402E+00    3.166036E-01
    1.457439E+00    3.136607E-01
    1.458468E+00    3.107155E-01
    1.459492E+00    3.077682E-01
    1.460509E+00    3.048187E-01
    1.461521E+00    3.018671E-01
    1.462526E+00    2.989137E-01
    1.463526E+00    2.959583E-01
    1.464521E+00    2.930010E-01
    1.465510E+00    2.900418E-01
    1.466493E+00    2.870809E-01
    1.467471E+00    2.841180E-01
    1.468443E+00    2.811533E-01
    1.469409E+00    2.781866E-01
    1.470369E+00    2.752181E-01
    1.471323E+00    2.722475E-01
    1.472270E+00    2.692748E-01
    1.473211E+00    2.663001E-01
    1.474145E+00    2.633231E-01
    1.475072E+00    2.603439E-01
    1.475991E+00    2.573623E-01
    1.476902E+00    2.543784E-01
    1.477805E+00    2.513920E-01
    1.478700E+00    2.484030E-01
    1.479586E+00    2.454114E-01
    1.480463E+00    2.424172E-01
    1.481330E+00    2.394202E-01
    1.482188E+00    2.364204E-01
    1.483036E+00    2.334178E-01
    1.483873E+00    2.304124E-01
    1.484701E+00    2.274041E-01
    1.485518E+00    2.243929E-01
    1.486324E+00    2.213789E-01
    1.487119E+00    2.183620E-01
    1.487904E+00    2.153423E-01
    1.488678E+00    2.123199E-01
    1.489442E+00    2.092947E-01
    1.490194E+00    2.062668E-01
    1.490936E+00    2.032362E-01
    1.491667E+00    2.002031E-01
    1.492387E+00    1.971674E-01
    1.493097E+00    1.941293E-01
    1.493797E+00    1.910888E-01
    1.494486E+00    1.880459E-01
    1.495166E+00    1.850007E-01
    1.495835E+00    1.819533E-01
    1.496494E+00    1.789037E-01
    1.497143E+00    1.758521E-01
    1.497783E+00    1.727984E-01
    1.498413E+00    1.697427E-01
    1.499034E+00    1.666851E-01
    1.499646E+00    1.636256E-01
    1.500248E+00    1.605643E-01
    1.500841E+00    1.575011E-01
    1.501425E+00    1.544363E-01
    1.501999E+00    1.513696E-01
    1.502565E+00    1.483013E-01
    1.503121E+00    1.452312E-01
    1.503667E+00    1.421595E-01
    1.504205E+00    1.390861E-01
    1.504732E+00    1.360110E-01
    1.505250E+00    1.329343E-01
    1.505759E+00    1.298560E-01
    1.506257E+00    1.267761E-01
    1.506745E+00    1.236946E-01
    1.507224E+00    1.206114E-01
    1.507692E+00    1.175267E-01
    1.508149E+00    1.144405E-01
    1.508596E+00    1.113526E-01
    1.509032E+00    1.082633E-01
    1.509458E+00    1.051724E-01
    1.509872E+00    1.020800E-01
    1.510275E+00    9.898618E-02
    1.510667E+00    9.589086E-02
    1.511047E+00    9.279411E-02
    1.511415E+00    8.969595E-02
    1.511772E+00    8.659642E-02
    1.512117E+00    8.349555E-02
    1.512450E+00    8.039337E-02
    1.512771E+00    7.728993E-02
    1.513080E+00    7.418526E-02
    1.513377E+00    7.107940E-02
    1.513661E+00    6.797240E-02
    1.513933E+00    6.486430E-02
    1.514193E+00    6.175514E-02
    1.514441E+00    5.864498E-02
    1.514676E+00    5.553385E-02
    1.514898E+00    5.242181E-02
    1.515109E+00    4.930890E-02
    1.515306E+00    4.619518E-02
    1.515492E+00    4.308068E-02
    1.515664E+00    3.996547E-02
    1.515825E+00    3.684959E-02
    1.515972E+00    3.373309E-02
    1.516107E+00    3.061602E-02
    1.516230E+00    2.749843E-02
    1.516340E+00    2.438038E-02
    1.516438E+00    2.126191E-02
    1.516523E+00    1.814307E-02
    1.516596E+00    1.502392E-02
    1.516656E+00    1.190450E-02
    1.516703E+00    8.784866E-03
    1.516738E+00    5.665066E-03
    1.516761E+00    2.545150E-03
    1.516771E+00   -5.748317E-04
    1.516769E+00   -3.694829E-03
    1.516754E+00   -6.814791E-03
    1.516727E+00   -9.934669E-03
    1.516687E+00   -1.305441E-02
    1.516634E+00   -1.617397E-02
    1.516570E+00   -1.929330E-02
    1.516492E+00   -2.241234E-02
    1.516403E+00   -2.553105E-02
    1.516301E+00   -2.864937E-02
    1.516186E+00   -3.176727E-02
    1.516059E+00   -3.488468E-02
    1.515919E+00   -3.800155E-02
    1.515767E+00   -4.111785E-02
    1.515603E+00   -4.423351E-02
    1.515426E+00   -4.734850E-02
    1.515237E+00   -5.046276E-02
    1.515036E+00   -5.357624E-02
    1.514822E+00   -5.668889E-02
    1.514595E+00   -5.980068E-02
    1.514357E+00   -6.291155E-02
    1.514106E+00   -6.602146E-02
    1.513843E+00   -6.913036E-02
    1.513568E+00   -7.223821E-02
    1.513281E+00   -7.534497E-02
    1.512982E+00   -7.845060E-02
    1.512671E+00   -8.155506E-02
    1.512348E+00   -8.465830E-02
    1.512014E+00   -8.776030E-02
    1.511667E+00   -9.086102E-02
    1.511309E+00   -9.396043E-02
    1.510940E+00   -9.705850E-02
    1.510560E+00   -1.001552E-01
    1.510168E+00   -1.032505E-01
    1.509765E+00   -1.063444E-01
    1.509351E+00   -1.094368E-01
    1.508927E+00   -1.125279E-01
    1.508492E+00   -1.156174E-01
    1.508047E+00   -1.187055E-01
    1.507591E+00   -1.217920E-01
    1.507126E+00   -1.248771E-01
    1.506650E+00   -1.279606E-01
    1.506165E+00   -1.310426E-01
    1.505669E+00   -1.341231E-01
    1.505165E+00   -1.372020E-01
    1.504650E+00   -1.402793E-01
    1.504127E+00   -1.433550E-01
    1.503594E+00   -1.464292E-01
    1.503052E+00   -1.495017E-01
    1.502500E+00   -1.525726E-01
    1.501940E+00   -1.556418E-01
    1.501370E+00   -1.587094E-01
    1.500792E+00   -1.617753E-01
    1.500204E+00   -1.648394E-01
    1.499607E+00   -1.679018E-01
    1.499001E+00   -1.709623E-01
    1.498385E+00   -1.740210E-01
    1.497760E+00   -1.770778E-01
    1.497126E+00   -1.801326E-01
    1.496482E+00   -1.831854E-01
    1.495828E+00   -1.862361E-01
    1.495164E+00   -1.892846E-01
    1.494490E+00   -1.923310E-01
    1.493806E+00   -1.953751E-01
    1.493112E+00   -1.984169E-01
    1.492408E+00   -2.014564E-01
    1.491693E+00   -2.044934E-01
    1.490968E+00   -2.075279E-01
    1.490232E+00   -2.105599E-01
    1.489486E+00   -2.135893E-01
    1.488729E+00   -2.166162E-01
    1.487961E+00   -2.196403E-01
    1.487184E+00   -2.226618E-01
    1.486395E+00   -2.256806E-01
    1.485597E+00   -2.286967E-01
    1.484788E+00   -2.317100E-01
    1.483969E+00   -2.347207E-01
    1.483140E+00   -2.377286E-01
    1.482302E+00   -2.407338E-01
    1.481454E+00   -2.437364E-01
    1.480597E+00   -2.467364E-01
    1.479732E+00   -2.497339E-01
    1.478857E+00   -2.527289E-01
    1.477975E+00   -2.557215E-01
    1.477084E+00   -2.587118E-01
    1.476186E+00   -2.616997E-01
    1.475281E+00   -2.646855E-01
    1.474369E+00   -2.676691E-01
    1.473449E+00   -2.706506E-01
    1.472523E+00   -2.736300E-01
    1.471591E+00   -2.766075E-01
    1.470653E+00   -2.795831E-01
    1.469709E+00   -2.825568E-01
    1.468759E+00   -2.855287E-01
    1.467803E+00   -2.884988E-01
    1.466842E+00   -2.914671E-01
    1.465876E+00   -2.944336E-01
    1.464904E+00   -2.973983E-01
    1.463926E+00   -3.003612E-01
    1.462943E+00   -3.033223E-01
    1.461955E+00   -3.062816E-01
    1.460960E+00   -3.092388E-01
    1.459960E+00   -3.121941E-01
    1.458953E+00   -3.151473E-01
    1.457940E+00   -3.180982E-01
    1.456921E+00   -3.210469E-01
    1.455894E+00   -3.239933E-01
    1.454861E+00   -3.269372E-01
    1.453821E+00   -3.298786E-01
    1.452773E+00   -3.328174E-01
    1.451718E+00   -3.357536E-01
    1.450655E+00   -3.386871E-01
    1.449585E+00   -3.416179E-01
    1.448508E+00   -3.445459E-01
    1.447423E+00   -3.474712E-01
    1.446330E+00   -3.503937E-01
    1.445231E+00   -3.533135E-01
    1.444124E+00   -3.562305E-01
    1.443010E+00   -3.591448E-01
    1.441889E+00   -3.620564E-01
    1.440761E+00   -3.649655E-01
    1.439626E+00   -3.678719E-01
    1.438485E+00   -3.707758E-01
    1.437338E+00   -3.736773E-01
    1.436185E+00   -3.765763E-01
    1.435025E+00   -3.794728E-01
    1.433860E+00   -3.823670E-01
    1.432689E+00   -3.852589E-01
    1.431512E+00   -3.881483E-01
    1.430329E+00   -3.910353E-01
    1.429140E+00   -3.939199E-01
    1.427945E+00   -3.968020E-01
    1.426744E+00   -3.996816E-01
    1.426611E+00   -4.000000E-01
# Wall   29, psi=   8.631282E-02, psi/psi_sep =  1.094118
    1.364331E+00    5.400000E-01
    1.365853E+00    5.372764E-01
    1.367369E+00    5.345497E-01
    1.368880E+00    5.318198E-01
    1.370385E+00    5.290870E-01
    1.371885E+00    5.263510E-01
    1.373379E+00    5.236121E-01
    1.374867E+00    5.208701E-01
    1.376350E+00    5.181249E-01
    1.377827E+00    5.153766E-01
    1.379298E+00    5.126250E-01
    1.380762E+00    5.098700E-01
    1.382220E+00    5.071116E-01
    1.383672E+00    5.043498E-01
    1.385116E+00    5.015845E-01
    1.386554E+00    4.988156E-01
    1.387985E+00    4.960431E-01
    1.389410E+00    4.932672E-01
    1.390827E+00    4.904877E-01
    1.392238E+00    4.877048E-01
    1.393642E+00    4.849185E-01
    1.395039E+00    4.821290E-01
    1.396430E+00    4.793363E-01
    1.397815E+00    4.765405E-01
    1.399194E+00    4.737417E-01
    1.400567E+00    4.709400E-01
    1.401934E+00    4.681355E-01
    1.403295E+00    4.653283E-01
    1.404651E+00    4.625183E-01
    1.406002E+00    4.597057E-01
    1.407347E+00    4.568904E-01
    1.408686E+00    4.540724E-01
    1.410019E+00    4.512517E-01
    1.411347E+00    4.484282E-01
    1.412668E+00    4.456020E-01
    1.413984E+00    4.427730E-01
    1.415294E+00    4.399411E-01
    1.416597E+00    4.371062E-01
    1.417893E+00    4.342685E-01
    1.419184E+00    4.314277E-01
    1.420467E+00    4.285840E-01
    1.421744E+00    4.257372E-01
    1.423014E+00    4.228875E-01
    1.424278E+00    4.200349E-01
    1.425535E+00    4.171794E-01
    1.426786E+00    4.143210E-01
    1.428030E+00    4.114599E-01
    1.429268E+00    4.085961E-01
    1.430500E+00    4.057296E-01
    1.431726E+00    4.028606E-01
    1.432946E+00    3.999890E-01
    1.434161E+00    3.971151E-01
    1.435369E+00    3.942387E-01
    1.436572E+00    3.913600E-01
    1.437770E+00    3.884789E-01
    1.438962E+00    3.855955E-01
    1.440148E+00    3.827097E-01
    1.441328E+00    3.798215E-01
    1.442502E+00    3.769310E-01
    1.443670E+00    3.740380E-01
    1.444832E+00    3.711424E-01
    1.445988E+00    3.682443E-01
    1.447137E+00    3.653436E-01
    1.448279E+00    3.624402E-01
    1.449414E+00    3.595341E-01
    1.450543E+00    3.566252E-01
    1.451664E+00    3.537135E-01
    1.452777E+00    3.507991E-01
    1.453884E+00    3.478819E-01
    1.454983E+00    3.449619E-01
    1.456075E+00    3.420392E-01
    1.457160E+00    3.391138E-01
    1.458237E+00    3.361857E-01
    1.459307E+00    3.332551E-01
    1.460371E+00    3.303219E-01
    1.461427E+00    3.273862E-01
    1.462477E+00    3.244481E-01
    1.463520E+00    3.215078E-01
    1.464557E+00    3.185652E-01
    1.465588E+00    3.156204E-01
    1.466613E+00    3.126736E-01
    1.467632E+00    3.097247E-01
    1.468646E+00    3.067739E-01
    1.469654E+00    3.038212E-01
    1.470656E+00    3.008666E-01
    1.471653E+00    2.979101E-01
    1.472644E+00    2.949518E-01
    1.473630E+00    2.919917E-01
    1.474611E+00    2.890297E-01
    1.475585E+00    2.860658E-01
    1.476554E+00    2.831000E-01
    1.477516E+00    2.801322E-01
    1.478473E+00    2.771624E-01
    1.479423E+00    2.741905E-01
    1.480366E+00    2.712165E-01
    1.481302E+00    2.682403E-01
    1.482231E+00    2.652618E-01
    1.483153E+00    2.622811E-01
    1.484067E+00    2.592980E-01
    1.484973E+00    2.563124E-01
    1.485871E+00    2.533244E-01
    1.486761E+00    2.503339E-01
    1.487641E+00    2.473408E-01
    1.488513E+00    2.443451E-01
    1.489376E+00    2.413468E-01
    1.490229E+00    2.383458E-01
    1.491073E+00    2.353421E-01
    1.491908E+00    2.323357E-01
    1.492732E+00    2.293266E-01
    1.493546E+00    2.263147E-01
    1.494351E+00    2.233002E-01
    1.495145E+00    2.202830E-01
    1.495929E+00    2.172632E-01
    1.496703E+00    2.142407E-01
    1.497467E+00    2.112157E-01
    1.498221E+00    2.081882E-01
    1.498965E+00    2.051582E-01
    1.499699E+00    2.021258E-01
    1.500423E+00    1.990909E-01
    1.501137E+00    1.960537E-01
    1.501842E+00    1.930143E-01
    1.502536E+00    1.899725E-01
    1.503221E+00    1.869286E-01
    1.503896E+00    1.838825E-01
    1.504561E+00    1.808343E-01
    1.505217E+00    1.777841E-01
    1.505864E+00    1.747318E-01
    1.506501E+00    1.716775E-01
    1.507129E+00    1.686213E-01
    1.507747E+00    1.655632E-01
    1.508356E+00    1.625032E-01
    1.508956E+00    1.594414E-01
    1.509546E+00    1.563778E-01
    1.510127E+00    1.533124E-01
    1.510699E+00    1.502451E-01
    1.511261E+00    1.471762E-01
    1.511813E+00    1.441055E-01
    1.512356E+00    1.410331E-01
    1.512889E+00    1.379589E-01
    1.513412E+00    1.348831E-01
    1.513925E+00    1.318056E-01
    1.514428E+00    1.287264E-01
    1.514921E+00    1.256455E-01
    1.515403E+00    1.225631E-01
    1.515875E+00    1.194790E-01
    1.516337E+00    1.163933E-01
    1.516788E+00    1.133061E-01
    1.517228E+00    1.102172E-01
    1.517657E+00    1.071269E-01
    1.518075E+00    1.040350E-01
    1.518481E+00    1.009416E-01
    1.518877E+00    9.784678E-02
    1.519261E+00    9.475050E-02
    1.519633E+00    9.165282E-02
    1.519994E+00    8.855376E-02
    1.520343E+00    8.545336E-02
    1.520680E+00    8.235165E-02
    1.521006E+00    7.924867E-02
    1.521319E+00    7.614446E-02
    1.521621E+00    7.303907E-02
    1.521910E+00    6.993252E-02
    1.522188E+00    6.682487E-02
    1.522453E+00    6.371616E-02
    1.522706E+00    6.060644E-02
    1.522947E+00    5.749574E-02
    1.523175E+00    5.438411E-02
    1.523391E+00    5.127161E-02
    1.523595E+00    4.815827E-02
    1.523786E+00    4.504414E-02
    1.523965E+00    4.192929E-02
    1.524132E+00    3.881374E-02
    1.524286E+00    3.569755E-02
    1.524428E+00    3.258078E-02
    1.524557E+00    2.946346E-02
    1.524674E+00    2.634565E-02
    1.524778E+00    2.322740E-02
    1.524870E+00    2.010876E-02
    1.524950E+00    1.698978E-02
    1.525017E+00    1.387050E-02
    1.525072E+00    1.075098E-02
    1.525114E+00    7.631269E-03
    1.525144E+00    4.511413E-03
    1.525161E+00    1.391463E-03
    1.525166E+00   -1.728532E-03
    1.525158E+00   -4.848520E-03
    1.525138E+00   -7.968454E-03
    1.525106E+00   -1.108828E-02
    1.525061E+00   -1.420796E-02
    1.525003E+00   -1.732743E-02
    1.524934E+00   -2.044665E-02
    1.524851E+00   -2.356556E-02
    1.524757E+00   -2.668413E-02
    1.524650E+00   -2.980230E-02
    1.524531E+00   -3.292001E-02
    1.524399E+00   -3.603723E-02
    1.524255E+00   -3.915391E-02
    1.524099E+00   -4.226999E-02
    1.523930E+00   -4.538543E-02
    1.523749E+00   -4.850018E-02
    1.523556E+00   -5.161419E-02
    1.523351E+00   -5.472742E-02
    1.523133E+00   -5.783982E-02
    1.522903E+00   -6.095135E-02
    1.522662E+00   -6.406196E-02
    1.522408E+00   -6.717160E-02
    1.522142E+00   -7.028024E-02
    1.521864E+00   -7.338784E-02
    1.521574E+00   -7.649434E-02
    1.521272E+00   -7.959972E-02
    1.520959E+00   -8.270392E-02
    1.520633E+00   -8.580693E-02
    1.520297E+00   -8.890869E-02
    1.519948E+00   -9.200917E-02
    1.519588E+00   -9.510835E-02
    1.519217E+00   -9.820618E-02
    1.518835E+00   -1.013026E-01
    1.518441E+00   -1.043977E-01
    1.518036E+00   -1.074914E-01
    1.517621E+00   -1.105836E-01
    1.517194E+00   -1.136743E-01
    1.516757E+00   -1.167635E-01
    1.516310E+00   -1.198513E-01
    1.515852E+00   -1.229375E-01
    1.515384E+00   -1.260222E-01
    1.514905E+00   -1.291053E-01
    1.514417E+00   -1.321868E-01
    1.513919E+00   -1.352667E-01
    1.513410E+00   -1.383451E-01
    1.512892E+00   -1.414218E-01
    1.512365E+00   -1.444968E-01
    1.511828E+00   -1.475702E-01
    1.511281E+00   -1.506420E-01
    1.510725E+00   -1.537120E-01
    1.510160E+00   -1.567804E-01
    1.509585E+00   -1.598470E-01
    1.509001E+00   -1.629119E-01
    1.508408E+00   -1.659751E-01
    1.507806E+00   -1.690364E-01
    1.507195E+00   -1.720959E-01
    1.506574E+00   -1.751535E-01
    1.505944E+00   -1.782093E-01
    1.505305E+00   -1.812630E-01
    1.504656E+00   -1.843149E-01
    1.503998E+00   -1.873646E-01
    1.503330E+00   -1.904124E-01
    1.502653E+00   -1.934580E-01
    1.501966E+00   -1.965014E-01
    1.501270E+00   -1.995427E-01
    1.500563E+00   -2.025817E-01
    1.499848E+00   -2.056185E-01
    1.499122E+00   -2.086529E-01
    1.498386E+00   -2.116850E-01
    1.497641E+00   -2.147146E-01
    1.496886E+00   -2.177418E-01
    1.496121E+00   -2.207665E-01
    1.495346E+00   -2.237888E-01
    1.494561E+00   -2.268085E-01
    1.493766E+00   -2.298256E-01
    1.492962E+00   -2.328402E-01
    1.492148E+00   -2.358521E-01
    1.491325E+00   -2.388616E-01
    1.490492E+00   -2.418684E-01
    1.489651E+00   -2.448727E-01
    1.488800E+00   -2.478745E-01
    1.487941E+00   -2.508739E-01
    1.487073E+00   -2.538707E-01
    1.486197E+00   -2.568652E-01
    1.485313E+00   -2.598574E-01
    1.484421E+00   -2.628472E-01
    1.483521E+00   -2.658347E-01
    1.482615E+00   -2.688201E-01
    1.481701E+00   -2.718033E-01
    1.480780E+00   -2.747844E-01
    1.479853E+00   -2.777634E-01
    1.478920E+00   -2.807404E-01
    1.477980E+00   -2.837155E-01
    1.477034E+00   -2.866887E-01
    1.476082E+00   -2.896601E-01
    1.475125E+00   -2.926296E-01
    1.474162E+00   -2.955973E-01
    1.473194E+00   -2.985632E-01
    1.472220E+00   -3.015274E-01
    1.471241E+00   -3.044897E-01
    1.470256E+00   -3.074503E-01
    1.469266E+00   -3.104090E-01
    1.468271E+00   -3.133659E-01
    1.467269E+00   -3.163208E-01
    1.466262E+00   -3.192737E-01
    1.465249E+00   -3.222246E-01
    1.464229E+00   -3.251734E-01
    1.463204E+00   -3.281199E-01
    1.462171E+00   -3.310643E-01
    1.461133E+00   -3.340063E-01
    1.460087E+00   -3.369459E-01
    1.459035E+00   -3.398830E-01
    1.457975E+00   -3.428177E-01
    1.456909E+00   -3.457498E-01
    1.455835E+00   -3.486792E-01
    1.454755E+00   -3.516061E-01
    1.453667E+00   -3.545303E-01
    1.452572E+00   -3.574518E-01
    1.451470E+00   -3.603707E-01
    1.450361E+00   -3.632869E-01
    1.449245E+00   -3.662005E-01
    1.448122E+00   -3.691116E-01
    1.446993E+00   -3.720201E-01
    1.445857E+00   -3.749261E-01
    1.444716E+00   -3.778297E-01
    1.443568E+00   -3.807309E-01
    1.442414E+00   -3.836298E-01
    1.441255E+00   -3.865263E-01
    1.440090E+00   -3.894206E-01
    1.438919E+00   -3.923127E-01
    1.437743E+00   -3.952025E-01
    1.436561E+00   -3.980900E-01
    1.435776E+00   -4.000000E-01
# Wall   30, psi=   8.878775E-02, psi/psi_sep =  1.125491
    1.375411E+00    5.400000E-01
    1.376896E+00    5.372560E-01
    1.378376E+00    5.345092E-01
    1.379850E+00    5.317596E-01
    1.381319E+00    5.290070E-01
    1.382783E+00    5.262516E-01
    1.384240E+00    5.234931E-01
    1.385692E+00    5.207316E-01
    1.387139E+00    5.179669E-01
    1.388579E+00    5.151991E-01
    1.390012E+00    5.124280E-01
    1.391440E+00    5.096537E-01
    1.392861E+00    5.068761E-01
    1.394275E+00    5.040952E-01
    1.395684E+00    5.013111E-01
    1.397085E+00    4.985238E-01
    1.398481E+00    4.957334E-01
    1.399871E+00    4.929399E-01
    1.401254E+00    4.901435E-01
    1.402632E+00    4.873442E-01
    1.404004E+00    4.845421E-01
    1.405371E+00    4.817373E-01
    1.406732E+00    4.789299E-01
    1.408088E+00    4.761198E-01
    1.409438E+00    4.733072E-01
    1.410783E+00    4.704921E-01
    1.412123E+00    4.676745E-01
    1.413458E+00    4.648543E-01
    1.414787E+00    4.620316E-01
    1.416111E+00    4.592063E-01
    1.417429E+00    4.563785E-01
    1.418741E+00    4.535480E-01
    1.420048E+00    4.507148E-01
    1.421349E+00    4.478790E-01
    1.422644E+00    4.450404E-01
    1.423933E+00    4.421990E-01
    1.425215E+00    4.393548E-01
    1.426492E+00    4.365078E-01
    1.427762E+00    4.336581E-01
    1.429026E+00    4.308056E-01
    1.430284E+00    4.279504E-01
    1.431535E+00    4.250925E-01
    1.432781E+00    4.222320E-01
    1.434021E+00    4.193690E-01
    1.435255E+00    4.165035E-01
    1.436484E+00    4.136356E-01
    1.437707E+00    4.107653E-01
    1.438925E+00    4.078928E-01
    1.440137E+00    4.050180E-01
    1.441344E+00    4.021409E-01
    1.442546E+00    3.992617E-01
    1.443743E+00    3.963802E-01
    1.444934E+00    3.934966E-01
    1.446120E+00    3.906107E-01
    1.447300E+00    3.877226E-01
    1.448475E+00    3.848322E-01
    1.449644E+00    3.819394E-01
    1.450807E+00    3.790443E-01
    1.451964E+00    3.761468E-01
    1.453114E+00    3.732467E-01
    1.454259E+00    3.703442E-01
    1.455396E+00    3.674390E-01
    1.456527E+00    3.645312E-01
    1.457652E+00    3.616208E-01
    1.458769E+00    3.587078E-01
    1.459880E+00    3.557920E-01
    1.460983E+00    3.528737E-01
    1.462080E+00    3.499528E-01
    1.463169E+00    3.470293E-01
    1.464252E+00    3.441032E-01
    1.465328E+00    3.411747E-01
    1.466398E+00    3.382438E-01
    1.467461E+00    3.353106E-01
    1.468518E+00    3.323750E-01
    1.469569E+00    3.294372E-01
    1.470613E+00    3.264973E-01
    1.471652E+00    3.235552E-01
    1.472685E+00    3.206111E-01
    1.473712E+00    3.176650E-01
    1.474733E+00    3.147169E-01
    1.475749E+00    3.117669E-01
    1.476759E+00    3.088150E-01
    1.477764E+00    3.058611E-01
    1.478763E+00    3.029055E-01
    1.479757E+00    2.999479E-01
    1.480745E+00    2.969885E-01
    1.481727E+00    2.940272E-01
    1.482704E+00    2.910640E-01
    1.483674E+00    2.880988E-01
    1.484639E+00    2.851317E-01
    1.485597E+00    2.821625E-01
    1.486549E+00    2.791912E-01
    1.487494E+00    2.762178E-01
    1.488432E+00    2.732423E-01
    1.489364E+00    2.702645E-01
    1.490288E+00    2.672845E-01
    1.491204E+00    2.643021E-01
    1.492113E+00    2.613174E-01
    1.493014E+00    2.583304E-01
    1.493907E+00    2.553409E-01
    1.494792E+00    2.523490E-01
    1.495669E+00    2.493547E-01
    1.496537E+00    2.463578E-01
    1.497396E+00    2.433585E-01
    1.498246E+00    2.403566E-01
    1.499088E+00    2.373522E-01
    1.499920E+00    2.343453E-01
    1.500743E+00    2.313358E-01
    1.501557E+00    2.283238E-01
    1.502361E+00    2.253093E-01
    1.503157E+00    2.222924E-01
    1.503942E+00    2.192729E-01
    1.504718E+00    2.162510E-01
    1.505485E+00    2.132267E-01
    1.506242E+00    2.102000E-01
    1.506990E+00    2.071709E-01
    1.507729E+00    2.041396E-01
    1.508458E+00    2.011059E-01
    1.509177E+00    1.980700E-01
    1.509887E+00    1.950318E-01
    1.510587E+00    1.919915E-01
    1.511279E+00    1.889490E-01
    1.511960E+00    1.859044E-01
    1.512633E+00    1.828577E-01
    1.513295E+00    1.798089E-01
    1.513949E+00    1.767581E-01
    1.514593E+00    1.737053E-01
    1.515227E+00    1.706505E-01
    1.515852E+00    1.675937E-01
    1.516468E+00    1.645351E-01
    1.517074E+00    1.614745E-01
    1.517671E+00    1.584121E-01
    1.518258E+00    1.553479E-01
    1.518835E+00    1.522818E-01
    1.519403E+00    1.492139E-01
    1.519961E+00    1.461441E-01
    1.520509E+00    1.430727E-01
    1.521047E+00    1.399994E-01
    1.521575E+00    1.369244E-01
    1.522093E+00    1.338477E-01
    1.522601E+00    1.307693E-01
    1.523098E+00    1.276892E-01
    1.523585E+00    1.246074E-01
    1.524061E+00    1.215240E-01
    1.524527E+00    1.184390E-01
    1.524982E+00    1.153523E-01
    1.525427E+00    1.122641E-01
    1.525860E+00    1.091744E-01
    1.526282E+00    1.060831E-01
    1.526693E+00    1.029903E-01
    1.527093E+00    9.989602E-02
    1.527482E+00    9.680032E-02
    1.527859E+00    9.370321E-02
    1.528225E+00    9.060472E-02
    1.528579E+00    8.750488E-02
    1.528921E+00    8.440373E-02
    1.529252E+00    8.130131E-02
    1.529571E+00    7.819766E-02
    1.529878E+00    7.509281E-02
    1.530173E+00    7.198680E-02
    1.530456E+00    6.887968E-02
    1.530727E+00    6.577148E-02
    1.530987E+00    6.266226E-02
    1.531233E+00    5.955205E-02
    1.531468E+00    5.644090E-02
    1.531691E+00    5.332885E-02
    1.531901E+00    5.021595E-02
    1.532099E+00    4.710224E-02
    1.532285E+00    4.398778E-02
    1.532458E+00    4.087261E-02
    1.532620E+00    3.775677E-02
    1.532768E+00    3.464032E-02
    1.532905E+00    3.152331E-02
    1.533029E+00    2.840578E-02
    1.533140E+00    2.528778E-02
    1.533240E+00    2.216936E-02
    1.533326E+00    1.905057E-02
    1.533401E+00    1.593146E-02
    1.533463E+00    1.281208E-02
    1.533513E+00    9.692475E-03
    1.533550E+00    6.572699E-03
    1.533575E+00    3.452800E-03
    1.533587E+00    3.328261E-04
    1.533587E+00   -2.787172E-03
    1.533574E+00   -5.907145E-03
    1.533550E+00   -9.027044E-03
    1.533512E+00   -1.214682E-02
    1.533463E+00   -1.526642E-02
    1.533401E+00   -1.838581E-02
    1.533326E+00   -2.150492E-02
    1.533240E+00   -2.462371E-02
    1.533141E+00   -2.774214E-02
    1.533029E+00   -3.086015E-02
    1.532906E+00   -3.397769E-02
    1.532770E+00   -3.709473E-02
    1.532622E+00   -4.021120E-02
    1.532461E+00   -4.332707E-02
    1.532288E+00   -4.644229E-02
    1.532103E+00   -4.955680E-02
    1.531906E+00   -5.267057E-02
    1.531697E+00   -5.578355E-02
    1.531476E+00   -5.889569E-02
    1.531243E+00   -6.200696E-02
    1.530997E+00   -6.511730E-02
    1.530740E+00   -6.822667E-02
    1.530471E+00   -7.133504E-02
    1.530190E+00   -7.444236E-02
    1.529897E+00   -7.754859E-02
    1.529593E+00   -8.065370E-02
    1.529277E+00   -8.375764E-02
    1.528949E+00   -8.686037E-02
    1.528610E+00   -8.996187E-02
    1.528259E+00   -9.306210E-02
    1.527897E+00   -9.616102E-02
    1.527524E+00   -9.925861E-02
    1.527139E+00   -1.023548E-01
    1.526744E+00   -1.054496E-01
    1.526337E+00   -1.085430E-01
    1.525920E+00   -1.116350E-01
    1.525492E+00   -1.147255E-01
    1.525053E+00   -1.178145E-01
    1.524603E+00   -1.209019E-01
    1.524143E+00   -1.239878E-01
    1.523673E+00   -1.270722E-01
    1.523192E+00   -1.301549E-01
    1.522702E+00   -1.332361E-01
    1.522201E+00   -1.363156E-01
    1.521690E+00   -1.393935E-01
    1.521169E+00   -1.424697E-01
    1.520638E+00   -1.455443E-01
    1.520098E+00   -1.486171E-01
    1.519548E+00   -1.516882E-01
    1.518988E+00   -1.547576E-01
    1.518419E+00   -1.578253E-01
    1.517840E+00   -1.608912E-01
    1.517252E+00   -1.639552E-01
    1.516655E+00   -1.670175E-01
    1.516048E+00   -1.700779E-01
    1.515432E+00   -1.731365E-01
    1.514807E+00   -1.761932E-01
    1.514172E+00   -1.792480E-01
    1.513528E+00   -1.823008E-01
    1.512875E+00   -1.853517E-01
    1.512213E+00   -1.884005E-01
    1.511541E+00   -1.914473E-01
    1.510860E+00   -1.944921E-01
    1.510169E+00   -1.975348E-01
    1.509470E+00   -2.005753E-01
    1.508761E+00   -2.036137E-01
    1.508043E+00   -2.066499E-01
    1.507315E+00   -2.096839E-01
    1.506578E+00   -2.127157E-01
    1.505832E+00   -2.157451E-01
    1.505077E+00   -2.187723E-01
    1.504312E+00   -2.217972E-01
    1.503539E+00   -2.248197E-01
    1.502756E+00   -2.278399E-01
    1.501964E+00   -2.308576E-01
    1.501162E+00   -2.338730E-01
    1.500352E+00   -2.368860E-01
    1.499533E+00   -2.398965E-01
    1.498705E+00   -2.429047E-01
    1.497869E+00   -2.459105E-01
    1.497024E+00   -2.489138E-01
    1.496170E+00   -2.519148E-01
    1.495309E+00   -2.549135E-01
    1.494439E+00   -2.579099E-01
    1.493561E+00   -2.609039E-01
    1.492676E+00   -2.638957E-01
    1.491783E+00   -2.668852E-01
    1.490883E+00   -2.698725E-01
    1.489976E+00   -2.728576E-01
    1.489061E+00   -2.758406E-01
    1.488140E+00   -2.788215E-01
    1.487212E+00   -2.818004E-01
    1.486278E+00   -2.847772E-01
    1.485338E+00   -2.877521E-01
    1.484391E+00   -2.907251E-01
    1.483438E+00   -2.936961E-01
    1.482480E+00   -2.966653E-01
    1.481516E+00   -2.996326E-01
    1.480547E+00   -3.025982E-01
    1.479571E+00   -3.055619E-01
    1.478591E+00   -3.085238E-01
    1.477605E+00   -3.114839E-01
    1.476613E+00   -3.144422E-01
    1.475616E+00   -3.173986E-01
    1.474614E+00   -3.203531E-01
    1.473606E+00   -3.233057E-01
    1.472592E+00   -3.262564E-01
    1.471572E+00   -3.292051E-01
    1.470547E+00   -3.321517E-01
    1.469515E+00   -3.350962E-01
    1.468477E+00   -3.380385E-01
    1.467433E+00   -3.409787E-01
    1.466383E+00   -3.439165E-01
    1.465326E+00   -3.468521E-01
    1.464263E+00   -3.497853E-01
    1.463193E+00   -3.527161E-01
    1.462116E+00   -3.556444E-01
    1.461032E+00   -3.585702E-01
    1.459942E+00   -3.614935E-01
    1.458845E+00   -3.644143E-01
    1.457741E+00   -3.673326E-01
    1.456631E+00   -3.702484E-01
    1.455514E+00   -3.731616E-01
    1.454391E+00   -3.760724E-01
    1.453262E+00   -3.789808E-01
    1.452126E+00   -3.818868E-01
    1.450985E+00   -3.847906E-01
    1.449837E+00   -3.876920E-01
    1.448685E+00   -3.905912E-01
    1.447526E+00   -3.934883E-01
    1.446363E+00   -3.963831E-01
    1.445194E+00   -3.992759E-01
    1.444900E+00   -4.000000E-01
# Wall   31, psi=   9.126268E-02, psi/psi_sep =  1.156863
    1.386346E+00    5.400000E-01
    1.387795E+00    5.372367E-01
    1.389238E+00    5.344707E-01
    1.390676E+00    5.317018E-01
    1.392109E+00    5.289301E-01
    1.393535E+00    5.261555E-01
    1.394956E+00    5.233779E-01
    1.396372E+00    5.205973E-01
    1.397781E+00    5.178138E-01
    1.399184E+00    5.150273E-01
    1.400582E+00    5.122377E-01
    1.401974E+00    5.094453E-01
    1.403359E+00    5.066500E-01
    1.404740E+00    5.038519E-01
    1.406114E+00    5.010510E-01
    1.407483E+00    4.982475E-01
    1.408847E+00    4.954414E-01
    1.410206E+00    4.926327E-01
    1.411559E+00    4.898215E-01
    1.412908E+00    4.870080E-01
    1.414251E+00    4.841920E-01
    1.415589E+00    4.813736E-01
    1.416923E+00    4.785529E-01
    1.418251E+00    4.757298E-01
    1.419574E+00    4.729043E-01
    1.420893E+00    4.700765E-01
    1.422206E+00    4.672462E-01
    1.423513E+00    4.644135E-01
    1.424816E+00    4.615783E-01
    1.426113E+00    4.587406E-01
    1.427404E+00    4.559004E-01
    1.428690E+00    4.530576E-01
    1.429969E+00    4.502122E-01
    1.431244E+00    4.473642E-01
    1.432512E+00    4.445136E-01
    1.433774E+00    4.416605E-01
    1.435031E+00    4.388048E-01
    1.436282E+00    4.359467E-01
    1.437528E+00    4.330861E-01
    1.438768E+00    4.302232E-01
    1.440003E+00    4.273579E-01
    1.441233E+00    4.244904E-01
    1.442457E+00    4.216207E-01
    1.443676E+00    4.187488E-01
    1.444890E+00    4.158747E-01
    1.446100E+00    4.129986E-01
    1.447304E+00    4.101204E-01
    1.448503E+00    4.072402E-01
    1.449698E+00    4.043579E-01
    1.450887E+00    4.014735E-01
    1.452072E+00    3.985870E-01
    1.453251E+00    3.956984E-01
    1.454425E+00    3.928077E-01
    1.455593E+00    3.899148E-01
    1.456756E+00    3.870196E-01
    1.457913E+00    3.841222E-01
    1.459065E+00    3.812224E-01
    1.460210E+00    3.783203E-01
    1.461349E+00    3.754157E-01
    1.462483E+00    3.725087E-01
    1.463609E+00    3.695993E-01
    1.464729E+00    3.666873E-01
    1.465843E+00    3.637729E-01
    1.466951E+00    3.608560E-01
    1.468052E+00    3.579367E-01
    1.469146E+00    3.550150E-01
    1.470234E+00    3.520909E-01
    1.471316E+00    3.491645E-01
    1.472392E+00    3.462358E-01
    1.473461E+00    3.433048E-01
    1.474525E+00    3.403717E-01
    1.475583E+00    3.374365E-01
    1.476634E+00    3.344991E-01
    1.477680E+00    3.315597E-01
    1.478721E+00    3.286182E-01
    1.479755E+00    3.256748E-01
    1.480785E+00    3.227294E-01
    1.481808E+00    3.197821E-01
    1.482826E+00    3.168328E-01
    1.483839E+00    3.138817E-01
    1.484846E+00    3.109286E-01
    1.485847E+00    3.079737E-01
    1.486843E+00    3.050169E-01
    1.487833E+00    3.020581E-01
    1.488817E+00    2.990975E-01
    1.489795E+00    2.961348E-01
    1.490768E+00    2.931703E-01
    1.491734E+00    2.902037E-01
    1.492694E+00    2.872351E-01
    1.493648E+00    2.842644E-01
    1.494595E+00    2.812917E-01
    1.495536E+00    2.783168E-01
    1.496469E+00    2.753397E-01
    1.497396E+00    2.723605E-01
    1.498315E+00    2.693791E-01
    1.499228E+00    2.663954E-01
    1.500132E+00    2.634095E-01
    1.501030E+00    2.604213E-01
    1.501919E+00    2.574307E-01
    1.502801E+00    2.544379E-01
    1.503675E+00    2.514428E-01
    1.504540E+00    2.484453E-01
    1.505398E+00    2.454455E-01
    1.506247E+00    2.424433E-01
    1.507088E+00    2.394388E-01
    1.507921E+00    2.364319E-01
    1.508744E+00    2.334226E-01
    1.509559E+00    2.304109E-01
    1.510366E+00    2.273969E-01
    1.511163E+00    2.243805E-01
    1.511952E+00    2.213618E-01
    1.512731E+00    2.183408E-01
    1.513502E+00    2.153175E-01
    1.514264E+00    2.122919E-01
    1.515016E+00    2.092640E-01
    1.515760E+00    2.062339E-01
    1.516494E+00    2.032015E-01
    1.517219E+00    2.001669E-01
    1.517935E+00    1.971302E-01
    1.518641E+00    1.940913E-01
    1.519339E+00    1.910502E-01
    1.520027E+00    1.880070E-01
    1.520706E+00    1.849617E-01
    1.521375E+00    1.819144E-01
    1.522035E+00    1.788649E-01
    1.522685E+00    1.758135E-01
    1.523326E+00    1.727600E-01
    1.523957E+00    1.697046E-01
    1.524579E+00    1.666472E-01
    1.525192E+00    1.635878E-01
    1.525794E+00    1.605266E-01
    1.526387E+00    1.574634E-01
    1.526970E+00    1.543984E-01
    1.527543E+00    1.513315E-01
    1.528107E+00    1.482628E-01
    1.528660E+00    1.451922E-01
    1.529203E+00    1.421199E-01
    1.529736E+00    1.390458E-01
    1.530259E+00    1.359700E-01
    1.530772E+00    1.328924E-01
    1.531275E+00    1.298131E-01
    1.531766E+00    1.267321E-01
    1.532248E+00    1.236495E-01
    1.532719E+00    1.205652E-01
    1.533179E+00    1.174794E-01
    1.533629E+00    1.143919E-01
    1.534067E+00    1.113029E-01
    1.534495E+00    1.082124E-01
    1.534912E+00    1.051203E-01
    1.535317E+00    1.020268E-01
    1.535712E+00    9.893182E-02
    1.536095E+00    9.583543E-02
    1.536466E+00    9.273765E-02
    1.536827E+00    8.963852E-02
    1.537175E+00    8.653808E-02
    1.537512E+00    8.343634E-02
    1.537838E+00    8.033337E-02
    1.538152E+00    7.722918E-02
    1.538453E+00    7.412382E-02
    1.538743E+00    7.101733E-02
    1.539022E+00    6.790974E-02
    1.539288E+00    6.480111E-02
    1.539542E+00    6.169147E-02
    1.539784E+00    5.858087E-02
    1.540013E+00    5.546935E-02
    1.540231E+00    5.235695E-02
    1.540437E+00    4.924373E-02
    1.540630E+00    4.612972E-02
    1.540811E+00    4.301497E-02
    1.540979E+00    3.989954E-02
    1.541136E+00    3.678346E-02
    1.541280E+00    3.366679E-02
    1.541411E+00    3.054957E-02
    1.541531E+00    2.743186E-02
    1.541638E+00    2.431369E-02
    1.541732E+00    2.119513E-02
    1.541815E+00    1.807621E-02
    1.541884E+00    1.495700E-02
    1.541942E+00    1.183753E-02
    1.541987E+00    8.717852E-03
    1.542019E+00    5.598025E-03
    1.542040E+00    2.478092E-03
    1.542047E+00   -6.418959E-04
    1.542043E+00   -3.761890E-03
    1.542026E+00   -6.881842E-03
    1.541997E+00   -1.000170E-02
    1.541955E+00   -1.312142E-02
    1.541901E+00   -1.624095E-02
    1.541834E+00   -1.936024E-02
    1.541755E+00   -2.247924E-02
    1.541664E+00   -2.559791E-02
    1.541561E+00   -2.871620E-02
    1.541445E+00   -3.183405E-02
    1.541317E+00   -3.495142E-02
    1.541177E+00   -3.806827E-02
    1.541025E+00   -4.118454E-02
    1.540860E+00   -4.430019E-02
    1.540683E+00   -4.741517E-02
    1.540494E+00   -5.052944E-02
    1.540293E+00   -5.364296E-02
    1.540080E+00   -5.675567E-02
    1.539855E+00   -5.986753E-02
    1.539618E+00   -6.297851E-02
    1.539369E+00   -6.608855E-02
    1.539108E+00   -6.919762E-02
    1.538835E+00   -7.230568E-02
    1.538551E+00   -7.541268E-02
    1.538255E+00   -7.851859E-02
    1.537947E+00   -8.162337E-02
    1.537627E+00   -8.472698E-02
    1.537297E+00   -8.782939E-02
    1.536954E+00   -9.093056E-02
    1.536601E+00   -9.403046E-02
    1.536236E+00   -9.712905E-02
    1.535860E+00   -1.002263E-01
    1.535473E+00   -1.033222E-01
    1.535075E+00   -1.064167E-01
    1.534666E+00   -1.095098E-01
    1.534246E+00   -1.126014E-01
    1.533816E+00   -1.156916E-01
    1.533374E+00   -1.187802E-01
    1.532923E+00   -1.218674E-01
    1.532461E+00   -1.249530E-01
    1.531988E+00   -1.280370E-01
    1.531505E+00   -1.311194E-01
    1.531013E+00   -1.342002E-01
    1.530509E+00   -1.372794E-01
    1.529996E+00   -1.403569E-01
    1.529473E+00   -1.434327E-01
    1.528940E+00   -1.465068E-01
    1.528397E+00   -1.495792E-01
    1.527844E+00   -1.526498E-01
    1.527282E+00   -1.557187E-01
    1.526710E+00   -1.587858E-01
    1.526128E+00   -1.618511E-01
    1.525537E+00   -1.649146E-01
    1.524936E+00   -1.679762E-01
    1.524326E+00   -1.710359E-01
    1.523706E+00   -1.740938E-01
    1.523077E+00   -1.771497E-01
    1.522439E+00   -1.802037E-01
    1.521791E+00   -1.832558E-01
    1.521134E+00   -1.863059E-01
    1.520468E+00   -1.893539E-01
    1.519793E+00   -1.924000E-01
    1.519108E+00   -1.954439E-01
    1.518415E+00   -1.984859E-01
    1.517712E+00   -2.015257E-01
    1.517000E+00   -2.045634E-01
    1.516280E+00   -2.075990E-01
    1.515550E+00   -2.106325E-01
    1.514811E+00   -2.136638E-01
    1.514064E+00   -2.166929E-01
    1.513307E+00   -2.197199E-01
    1.512542E+00   -2.227446E-01
    1.511768E+00   -2.257671E-01
    1.510986E+00   -2.287873E-01
    1.510194E+00   -2.318053E-01
    1.509395E+00   -2.348211E-01
    1.508586E+00   -2.378345E-01
    1.507770E+00   -2.408458E-01
    1.506945E+00   -2.438547E-01
    1.506112E+00   -2.468615E-01
    1.505271E+00   -2.498659E-01
    1.504421E+00   -2.528682E-01
    1.503565E+00   -2.558682E-01
    1.502700E+00   -2.588661E-01
    1.501828E+00   -2.618617E-01
    1.500948E+00   -2.648551E-01
    1.500061E+00   -2.678464E-01
    1.499167E+00   -2.708356E-01
    1.498266E+00   -2.738226E-01
    1.497358E+00   -2.768075E-01
    1.496443E+00   -2.797903E-01
    1.495522E+00   -2.827711E-01
    1.494593E+00   -2.857499E-01
    1.493659E+00   -2.887266E-01
    1.492718E+00   -2.917014E-01
    1.491771E+00   -2.946742E-01
    1.490818E+00   -2.976451E-01
    1.489859E+00   -3.006142E-01
    1.488895E+00   -3.035813E-01
    1.487925E+00   -3.065466E-01
    1.486949E+00   -3.095101E-01
    1.485967E+00   -3.124717E-01
    1.484980E+00   -3.154315E-01
    1.483988E+00   -3.183894E-01
    1.482990E+00   -3.213455E-01
    1.481987E+00   -3.242998E-01
    1.480978E+00   -3.272521E-01
    1.479963E+00   -3.302026E-01
    1.478943E+00   -3.331512E-01
    1.477918E+00   -3.360978E-01
    1.476886E+00   -3.390424E-01
    1.475849E+00   -3.419850E-01
    1.474806E+00   -3.449256E-01
    1.473758E+00   -3.478640E-01
    1.472703E+00   -3.508003E-01
    1.471642E+00   -3.537345E-01
    1.470575E+00   -3.566664E-01
    1.469502E+00   -3.595961E-01
    1.468423E+00   -3.625234E-01
    1.467337E+00   -3.654485E-01
    1.466245E+00   -3.683712E-01
    1.465147E+00   -3.712915E-01
    1.464043E+00   -3.742096E-01
    1.462932E+00   -3.771252E-01
    1.461816E+00   -3.800385E-01
    1.460693E+00   -3.829496E-01
    1.459565E+00   -3.858583E-01
    1.458430E+00   -3.887649E-01
    1.457291E+00   -3.916692E-01
    1.456145E+00   -3.945714E-01
    1.454995E+00   -3.974715E-01
    1.453987E+00   -4.000000E-01
# Wall   32, psi=   9.373761E-02, psi/psi_sep =  1.188236
    1.397148E+00    5.400000E-01
    1.398560E+00    5.372179E-01
    1.399967E+00    5.344330E-01
    1.401368E+00    5.316455E-01
    1.402764E+00    5.288552E-01
    1.404155E+00    5.260622E-01
    1.405540E+00    5.232665E-01
    1.406919E+00    5.204681E-01
    1.408294E+00    5.176671E-01
    1.409663E+00    5.148636E-01
    1.411027E+00    5.120575E-01
    1.412385E+00    5.092489E-01
    1.413739E+00    5.064379E-01
    1.415088E+00    5.036245E-01
    1.416432E+00    5.008089E-01
    1.417771E+00    4.979910E-01
    1.419106E+00    4.951708E-01
    1.420436E+00    4.923484E-01
    1.421761E+00    4.895239E-01
    1.423082E+00    4.866971E-01
    1.424397E+00    4.838681E-01
    1.425709E+00    4.810369E-01
    1.427015E+00    4.782035E-01
    1.428316E+00    4.753678E-01
    1.429612E+00    4.725298E-01
    1.430903E+00    4.696895E-01
    1.432189E+00    4.668468E-01
    1.433470E+00    4.640018E-01
    1.434745E+00    4.611544E-01
    1.436015E+00    4.583046E-01
    1.437280E+00    4.554524E-01
    1.438539E+00    4.525979E-01
    1.439794E+00    4.497410E-01
    1.441042E+00    4.468819E-01
    1.442286E+00    4.440204E-01
    1.443525E+00    4.411568E-01
    1.444758E+00    4.382910E-01
    1.445987E+00    4.354230E-01
    1.447210E+00    4.325530E-01
    1.448429E+00    4.296809E-01
    1.449643E+00    4.268069E-01
    1.450853E+00    4.239309E-01
    1.452058E+00    4.210530E-01
    1.453258E+00    4.181731E-01
    1.454454E+00    4.152913E-01
    1.455645E+00    4.124076E-01
    1.456831E+00    4.095220E-01
    1.458013E+00    4.066344E-01
    1.459190E+00    4.037448E-01
    1.460362E+00    4.008533E-01
    1.461528E+00    3.979596E-01
    1.462690E+00    3.950639E-01
    1.463846E+00    3.921661E-01
    1.464997E+00    3.892661E-01
    1.466142E+00    3.863639E-01
    1.467282E+00    3.834595E-01
    1.468416E+00    3.805529E-01
    1.469544E+00    3.776439E-01
    1.470666E+00    3.747328E-01
    1.471783E+00    3.718193E-01
    1.472893E+00    3.689036E-01
    1.473997E+00    3.659856E-01
    1.475096E+00    3.630654E-01
    1.476189E+00    3.601430E-01
    1.477275E+00    3.572184E-01
    1.478356E+00    3.542916E-01
    1.479432E+00    3.513628E-01
    1.480501E+00    3.484319E-01
    1.481565E+00    3.454989E-01
    1.482624E+00    3.425639E-01
    1.483676E+00    3.396269E-01
    1.484724E+00    3.366879E-01
    1.485766E+00    3.337471E-01
    1.486802E+00    3.308042E-01
    1.487833E+00    3.278595E-01
    1.488859E+00    3.249129E-01
    1.489879E+00    3.219643E-01
    1.490893E+00    3.190139E-01
    1.491902E+00    3.160615E-01
    1.492906E+00    3.131073E-01
    1.493903E+00    3.101511E-01
    1.494895E+00    3.071930E-01
    1.495882E+00    3.042330E-01
    1.496862E+00    3.012710E-01
    1.497836E+00    2.983071E-01
    1.498805E+00    2.953412E-01
    1.499767E+00    2.923733E-01
    1.500723E+00    2.894034E-01
    1.501673E+00    2.864314E-01
    1.502616E+00    2.834574E-01
    1.503553E+00    2.804814E-01
    1.504483E+00    2.775032E-01
    1.505406E+00    2.745229E-01
    1.506322E+00    2.715405E-01
    1.507232E+00    2.685560E-01
    1.508134E+00    2.655693E-01
    1.509029E+00    2.625805E-01
    1.509917E+00    2.595895E-01
    1.510797E+00    2.565963E-01
    1.511670E+00    2.536009E-01
    1.512536E+00    2.506033E-01
    1.513393E+00    2.476035E-01
    1.514243E+00    2.446015E-01
    1.515085E+00    2.415972E-01
    1.515919E+00    2.385907E-01
    1.516745E+00    2.355820E-01
    1.517562E+00    2.325710E-01
    1.518371E+00    2.295577E-01
    1.519172E+00    2.265422E-01
    1.519964E+00    2.235245E-01
    1.520748E+00    2.205045E-01
    1.521523E+00    2.174823E-01
    1.522289E+00    2.144579E-01
    1.523047E+00    2.114312E-01
    1.523795E+00    2.084023E-01
    1.524535E+00    2.053713E-01
    1.525266E+00    2.023381E-01
    1.525987E+00    1.993026E-01
    1.526700E+00    1.962651E-01
    1.527403E+00    1.932254E-01
    1.528097E+00    1.901835E-01
    1.528782E+00    1.871396E-01
    1.529457E+00    1.840935E-01
    1.530123E+00    1.810454E-01
    1.530779E+00    1.779953E-01
    1.531426E+00    1.749431E-01
    1.532063E+00    1.718888E-01
    1.532691E+00    1.688326E-01
    1.533309E+00    1.657745E-01
    1.533918E+00    1.627144E-01
    1.534516E+00    1.596523E-01
    1.535105E+00    1.565884E-01
    1.535684E+00    1.535226E-01
    1.536253E+00    1.504549E-01
    1.536812E+00    1.473855E-01
    1.537361E+00    1.443142E-01
    1.537901E+00    1.412411E-01
    1.538429E+00    1.381663E-01
    1.538948E+00    1.350897E-01
    1.539457E+00    1.320114E-01
    1.539955E+00    1.289314E-01
    1.540442E+00    1.258498E-01
    1.540920E+00    1.227665E-01
    1.541386E+00    1.196816E-01
    1.541842E+00    1.165951E-01
    1.542287E+00    1.135070E-01
    1.542722E+00    1.104174E-01
    1.543145E+00    1.073262E-01
    1.543558E+00    1.042336E-01
    1.543959E+00    1.011396E-01
    1.544349E+00    9.804406E-02
    1.544728E+00    9.494715E-02
    1.545096E+00    9.184888E-02
    1.545452E+00    8.874927E-02
    1.545796E+00    8.564835E-02
    1.546129E+00    8.254617E-02
    1.546451E+00    7.944276E-02
    1.546760E+00    7.633816E-02
    1.547058E+00    7.323240E-02
    1.547344E+00    7.012552E-02
    1.547618E+00    6.701757E-02
    1.547880E+00    6.390859E-02
    1.548130E+00    6.079862E-02
    1.548367E+00    5.768770E-02
    1.548593E+00    5.457587E-02
    1.548807E+00    5.146319E-02
    1.549008E+00    4.834969E-02
    1.549197E+00    4.523543E-02
    1.549374E+00    4.212044E-02
    1.549538E+00    3.900478E-02
    1.549690E+00    3.588850E-02
    1.549830E+00    3.277163E-02
    1.549958E+00    2.965424E-02
    1.550073E+00    2.653637E-02
    1.550176E+00    2.341806E-02
    1.550266E+00    2.029937E-02
    1.550344E+00    1.718035E-02
    1.550410E+00    1.406104E-02
    1.550463E+00    1.094150E-02
    1.550503E+00    7.821766E-03
    1.550532E+00    4.701897E-03
    1.550548E+00    1.581940E-03
    1.550551E+00   -1.538056E-03
    1.550542E+00   -4.658042E-03
    1.550521E+00   -7.777967E-03
    1.550488E+00   -1.089778E-02
    1.550442E+00   -1.401744E-02
    1.550383E+00   -1.713690E-02
    1.550313E+00   -2.025609E-02
    1.550230E+00   -2.337498E-02
    1.550134E+00   -2.649352E-02
    1.550027E+00   -2.961166E-02
    1.549907E+00   -3.272936E-02
    1.549774E+00   -3.584655E-02
    1.549630E+00   -3.896320E-02
    1.549473E+00   -4.207927E-02
    1.549304E+00   -4.519469E-02
    1.549123E+00   -4.830944E-02
    1.548930E+00   -5.142345E-02
    1.548725E+00   -5.453670E-02
    1.548508E+00   -5.764913E-02
    1.548279E+00   -6.076069E-02
    1.548038E+00   -6.387136E-02
    1.547785E+00   -6.698108E-02
    1.547520E+00   -7.008982E-02
    1.547243E+00   -7.319753E-02
    1.546955E+00   -7.630418E-02
    1.546655E+00   -7.940972E-02
    1.546343E+00   -8.251413E-02
    1.546020E+00   -8.561736E-02
    1.545686E+00   -8.871937E-02
    1.545340E+00   -9.182015E-02
    1.544983E+00   -9.491964E-02
    1.544615E+00   -9.801783E-02
    1.544235E+00   -1.011147E-01
    1.543845E+00   -1.042102E-01
    1.543444E+00   -1.073042E-01
    1.543031E+00   -1.103969E-01
    1.542609E+00   -1.134881E-01
    1.542175E+00   -1.165779E-01
    1.541731E+00   -1.196661E-01
    1.541277E+00   -1.227528E-01
    1.540812E+00   -1.258380E-01
    1.540336E+00   -1.289216E-01
    1.539851E+00   -1.320036E-01
    1.539355E+00   -1.350839E-01
    1.538849E+00   -1.381627E-01
    1.538334E+00   -1.412397E-01
    1.537808E+00   -1.443151E-01
    1.537272E+00   -1.473888E-01
    1.536727E+00   -1.504607E-01
    1.536172E+00   -1.535309E-01
    1.535607E+00   -1.565994E-01
    1.535032E+00   -1.596660E-01
    1.534448E+00   -1.627308E-01
    1.533854E+00   -1.657938E-01
    1.533251E+00   -1.688549E-01
    1.532638E+00   -1.719141E-01
    1.532015E+00   -1.749714E-01
    1.531384E+00   -1.780268E-01
    1.530743E+00   -1.810802E-01
    1.530092E+00   -1.841317E-01
    1.529433E+00   -1.871811E-01
    1.528764E+00   -1.902286E-01
    1.528086E+00   -1.932740E-01
    1.527398E+00   -1.963174E-01
    1.526702E+00   -1.993587E-01
    1.525997E+00   -2.023980E-01
    1.525283E+00   -2.054351E-01
    1.524560E+00   -2.084702E-01
    1.523828E+00   -2.115032E-01
    1.523088E+00   -2.145340E-01
    1.522338E+00   -2.175628E-01
    1.521581E+00   -2.205893E-01
    1.520815E+00   -2.236138E-01
    1.520040E+00   -2.266361E-01
    1.519257E+00   -2.296562E-01
    1.518466E+00   -2.326742E-01
    1.517666E+00   -2.356901E-01
    1.516859E+00   -2.387038E-01
    1.516043E+00   -2.417153E-01
    1.515220E+00   -2.447247E-01
    1.514389E+00   -2.477320E-01
    1.513550E+00   -2.507371E-01
    1.512704E+00   -2.537401E-01
    1.511850E+00   -2.567411E-01
    1.510989E+00   -2.597399E-01
    1.510121E+00   -2.627367E-01
    1.509245E+00   -2.657313E-01
    1.508363E+00   -2.687239E-01
    1.507473E+00   -2.717145E-01
    1.506577E+00   -2.747030E-01
    1.505674E+00   -2.776895E-01
    1.504765E+00   -2.806740E-01
    1.503849E+00   -2.836565E-01
    1.502926E+00   -2.866370E-01
    1.501997E+00   -2.896155E-01
    1.501062E+00   -2.925921E-01
    1.500121E+00   -2.955667E-01
    1.499174E+00   -2.985395E-01
    1.498221E+00   -3.015103E-01
    1.497262E+00   -3.044792E-01
    1.496297E+00   -3.074463E-01
    1.495326E+00   -3.104115E-01
    1.494350E+00   -3.133748E-01
    1.493368E+00   -3.163363E-01
    1.492381E+00   -3.192959E-01
    1.491388E+00   -3.222537E-01
    1.490389E+00   -3.252097E-01
    1.489386E+00   -3.281638E-01
    1.488376E+00   -3.311161E-01
    1.487362E+00   -3.340665E-01
    1.486342E+00   -3.370151E-01
    1.485317E+00   -3.399618E-01
    1.484286E+00   -3.429066E-01
    1.483250E+00   -3.458495E-01
    1.482208E+00   -3.487905E-01
    1.481161E+00   -3.517296E-01
    1.480108E+00   -3.546666E-01
    1.479050E+00   -3.576017E-01
    1.477986E+00   -3.605347E-01
    1.476917E+00   -3.634656E-01
    1.475841E+00   -3.663945E-01
    1.474760E+00   -3.693212E-01
    1.473673E+00   -3.722458E-01
    1.472581E+00   -3.751682E-01
    1.471482E+00   -3.780885E-01
    1.470378E+00   -3.810066E-01
    1.469269E+00   -3.839226E-01
    1.468153E+00   -3.868364E-01
    1.467032E+00   -3.897481E-01
    1.465906E+00   -3.926577E-01
    1.464775E+00   -3.955653E-01
    1.463638E+00   -3.984707E-01
    1.463037E+00   -4.000000E-01
# Wall   33, psi=   9.621254E-02, psi/psi_sep =  1.219609
    1.407823E+00    5.400000E-01
    1.409199E+00    5.371998E-01
    1.410570E+00    5.343971E-01
    1.411936E+00    5.315920E-01
    1.413297E+00    5.287845E-01
    1.414653E+00    5.259746E-01
    1.416004E+00    5.231624E-01
    1.417351E+00    5.203480E-01
    1.418693E+00    5.175313E-01
    1.420030E+00    5.147125E-01
    1.421363E+00    5.118915E-01
    1.422691E+00    5.090684E-01
    1.424015E+00    5.062433E-01
    1.425335E+00    5.034161E-01
    1.426651E+00    5.005870E-01
    1.427961E+00    4.977557E-01
    1.429268E+00    4.949225E-01
    1.430570E+00    4.920872E-01
    1.431868E+00    4.892499E-01
    1.433161E+00    4.864104E-01
    1.434449E+00    4.835689E-01
    1.435733E+00    4.807252E-01
    1.437012E+00    4.778794E-01
    1.438286E+00    4.750314E-01
    1.439555E+00    4.721812E-01
    1.440819E+00    4.693288E-01
    1.442079E+00    4.664743E-01
    1.443333E+00    4.636176E-01
    1.444583E+00    4.607587E-01
    1.445827E+00    4.578977E-01
    1.447067E+00    4.550347E-01
    1.448302E+00    4.521695E-01
    1.449533E+00    4.493024E-01
    1.450758E+00    4.464332E-01
    1.451980E+00    4.435621E-01
    1.453196E+00    4.406892E-01
    1.454409E+00    4.378143E-01
    1.455617E+00    4.349377E-01
    1.456820E+00    4.320592E-01
    1.458020E+00    4.291789E-01
    1.459215E+00    4.262969E-01
    1.460406E+00    4.234131E-01
    1.461592E+00    4.205275E-01
    1.462774E+00    4.176401E-01
    1.463952E+00    4.147509E-01
    1.465125E+00    4.118599E-01
    1.466294E+00    4.089670E-01
    1.467457E+00    4.060722E-01
    1.468616E+00    4.031754E-01
    1.469771E+00    4.002767E-01
    1.470920E+00    3.973760E-01
    1.472064E+00    3.944733E-01
    1.473202E+00    3.915686E-01
    1.474336E+00    3.886618E-01
    1.475464E+00    3.857530E-01
    1.476587E+00    3.828422E-01
    1.477705E+00    3.799292E-01
    1.478817E+00    3.770142E-01
    1.479924E+00    3.740971E-01
    1.481026E+00    3.711780E-01
    1.482122E+00    3.682569E-01
    1.483212E+00    3.653337E-01
    1.484298E+00    3.624086E-01
    1.485378E+00    3.594814E-01
    1.486452E+00    3.565524E-01
    1.487522E+00    3.536213E-01
    1.488586E+00    3.506884E-01
    1.489645E+00    3.477536E-01
    1.490698E+00    3.448169E-01
    1.491747E+00    3.418783E-01
    1.492790E+00    3.389378E-01
    1.493828E+00    3.359955E-01
    1.494860E+00    3.330513E-01
    1.495887E+00    3.301052E-01
    1.496909E+00    3.271573E-01
    1.497925E+00    3.242075E-01
    1.498936E+00    3.212558E-01
    1.499942E+00    3.183022E-01
    1.500942E+00    3.153467E-01
    1.501936E+00    3.123894E-01
    1.502924E+00    3.094301E-01
    1.503907E+00    3.064689E-01
    1.504884E+00    3.035057E-01
    1.505855E+00    3.005407E-01
    1.506820E+00    2.975737E-01
    1.507779E+00    2.946048E-01
    1.508732E+00    2.916339E-01
    1.509679E+00    2.886610E-01
    1.510619E+00    2.856862E-01
    1.511553E+00    2.827093E-01
    1.512481E+00    2.797305E-01
    1.513403E+00    2.767497E-01
    1.514318E+00    2.737668E-01
    1.515226E+00    2.707819E-01
    1.516127E+00    2.677950E-01
    1.517022E+00    2.648060E-01
    1.517910E+00    2.618149E-01
    1.518790E+00    2.588218E-01
    1.519664E+00    2.558266E-01
    1.520530E+00    2.528293E-01
    1.521389E+00    2.498298E-01
    1.522241E+00    2.468283E-01
    1.523085E+00    2.438246E-01
    1.523921E+00    2.408188E-01
    1.524750E+00    2.378108E-01
    1.525570E+00    2.348007E-01
    1.526383E+00    2.317884E-01
    1.527187E+00    2.287739E-01
    1.527984E+00    2.257572E-01
    1.528772E+00    2.227384E-01
    1.529551E+00    2.197173E-01
    1.530322E+00    2.166941E-01
    1.531084E+00    2.136687E-01
    1.531838E+00    2.106411E-01
    1.532583E+00    2.076113E-01
    1.533319E+00    2.045793E-01
    1.534046E+00    2.015452E-01
    1.534764E+00    1.985090E-01
    1.535473E+00    1.954706E-01
    1.536173E+00    1.924300E-01
    1.536863E+00    1.893874E-01
    1.537544E+00    1.863427E-01
    1.538216E+00    1.832958E-01
    1.538878E+00    1.802470E-01
    1.539531E+00    1.771961E-01
    1.540175E+00    1.741431E-01
    1.540809E+00    1.710882E-01
    1.541433E+00    1.680313E-01
    1.542048E+00    1.649724E-01
    1.542653E+00    1.619117E-01
    1.543248E+00    1.588490E-01
    1.543833E+00    1.557844E-01
    1.544409E+00    1.527180E-01
    1.544975E+00    1.496497E-01
    1.545531E+00    1.465797E-01
    1.546077E+00    1.435078E-01
    1.546613E+00    1.404342E-01
    1.547139E+00    1.373588E-01
    1.547654E+00    1.342817E-01
    1.548159E+00    1.312029E-01
    1.548654E+00    1.281224E-01
    1.549139E+00    1.250403E-01
    1.549613E+00    1.219565E-01
    1.550077E+00    1.188711E-01
    1.550530E+00    1.157842E-01
    1.550972E+00    1.126957E-01
    1.551403E+00    1.096056E-01
    1.551823E+00    1.065141E-01
    1.552233E+00    1.034210E-01
    1.552631E+00    1.003266E-01
    1.553018E+00    9.723065E-02
    1.553394E+00    9.413336E-02
    1.553758E+00    9.103470E-02
    1.554111E+00    8.793472E-02
    1.554452E+00    8.483344E-02
    1.554782E+00    8.173091E-02
    1.555100E+00    7.862716E-02
    1.555406E+00    7.552222E-02
    1.555700E+00    7.241614E-02
    1.555983E+00    6.930895E-02
    1.556253E+00    6.620070E-02
    1.556512E+00    6.309142E-02
    1.556758E+00    5.998117E-02
    1.556992E+00    5.686998E-02
    1.557214E+00    5.375790E-02
    1.557424E+00    5.064498E-02
    1.557622E+00    4.753125E-02
    1.557807E+00    4.441677E-02
    1.557981E+00    4.130158E-02
    1.558141E+00    3.818573E-02
    1.558290E+00    3.506926E-02
    1.558426E+00    3.195224E-02
    1.558550E+00    2.883469E-02
    1.558661E+00    2.571668E-02
    1.558760E+00    2.259825E-02
    1.558847E+00    1.947946E-02
    1.558921E+00    1.636034E-02
    1.558982E+00    1.324095E-02
    1.559032E+00    1.012134E-02
    1.559069E+00    7.001563E-03
    1.559093E+00    3.881661E-03
    1.559105E+00    7.616858E-04
    1.559105E+00   -2.358312E-03
    1.559092E+00   -5.478284E-03
    1.559066E+00   -8.598179E-03
    1.559029E+00   -1.171795E-02
    1.558979E+00   -1.483755E-02
    1.558916E+00   -1.795692E-02
    1.558841E+00   -2.107602E-02
    1.558754E+00   -2.419480E-02
    1.558655E+00   -2.731321E-02
    1.558543E+00   -3.043120E-02
    1.558419E+00   -3.354873E-02
    1.558282E+00   -3.666575E-02
    1.558134E+00   -3.978221E-02
    1.557973E+00   -4.289806E-02
    1.557800E+00   -4.601326E-02
    1.557615E+00   -4.912776E-02
    1.557418E+00   -5.224151E-02
    1.557208E+00   -5.535448E-02
    1.556987E+00   -5.846662E-02
    1.556754E+00   -6.157788E-02
    1.556508E+00   -6.468823E-02
    1.556251E+00   -6.779761E-02
    1.555982E+00   -7.090600E-02
    1.555702E+00   -7.401335E-02
    1.555409E+00   -7.711962E-02
    1.555105E+00   -8.022477E-02
    1.554790E+00   -8.332878E-02
    1.554463E+00   -8.643159E-02
    1.554125E+00   -8.953318E-02
    1.553775E+00   -9.263352E-02
    1.553414E+00   -9.573257E-02
    1.553042E+00   -9.883029E-02
    1.552659E+00   -1.019267E-01
    1.552264E+00   -1.050217E-01
    1.551859E+00   -1.081153E-01
    1.551444E+00   -1.112074E-01
    1.551017E+00   -1.142982E-01
    1.550580E+00   -1.173874E-01
    1.550132E+00   -1.204751E-01
    1.549674E+00   -1.235613E-01
    1.549206E+00   -1.266459E-01
    1.548727E+00   -1.297290E-01
    1.548239E+00   -1.328105E-01
    1.547740E+00   -1.358903E-01
    1.547231E+00   -1.389685E-01
    1.546712E+00   -1.420451E-01
    1.546183E+00   -1.451199E-01
    1.545644E+00   -1.481931E-01
    1.545096E+00   -1.512645E-01
    1.544538E+00   -1.543342E-01
    1.543970E+00   -1.574021E-01
    1.543393E+00   -1.604682E-01
    1.542806E+00   -1.635325E-01
    1.542209E+00   -1.665949E-01
    1.541603E+00   -1.696555E-01
    1.540988E+00   -1.727142E-01
    1.540363E+00   -1.757710E-01
    1.539729E+00   -1.788259E-01
    1.539086E+00   -1.818789E-01
    1.538433E+00   -1.849298E-01
    1.537771E+00   -1.879788E-01
    1.537100E+00   -1.910258E-01
    1.536420E+00   -1.940707E-01
    1.535730E+00   -1.971136E-01
    1.535032E+00   -2.001545E-01
    1.534325E+00   -2.031933E-01
    1.533609E+00   -2.062300E-01
    1.532884E+00   -2.092647E-01
    1.532151E+00   -2.122973E-01
    1.531409E+00   -2.153277E-01
    1.530658E+00   -2.183561E-01
    1.529899E+00   -2.213824E-01
    1.529132E+00   -2.244066E-01
    1.528356E+00   -2.274286E-01
    1.527573E+00   -2.304486E-01
    1.526781E+00   -2.334665E-01
    1.525981E+00   -2.364823E-01
    1.525174E+00   -2.394960E-01
    1.524359E+00   -2.425076E-01
    1.523536E+00   -2.455172E-01
    1.522706E+00   -2.485247E-01
    1.521868E+00   -2.515302E-01
    1.521024E+00   -2.545336E-01
    1.520172E+00   -2.575351E-01
    1.519313E+00   -2.605345E-01
    1.518447E+00   -2.635320E-01
    1.517574E+00   -2.665275E-01
    1.516695E+00   -2.695210E-01
    1.515809E+00   -2.725125E-01
    1.514916E+00   -2.755021E-01
    1.514017E+00   -2.784898E-01
    1.513112E+00   -2.814755E-01
    1.512200E+00   -2.844594E-01
    1.511282E+00   -2.874413E-01
    1.510358E+00   -2.904213E-01
    1.509428E+00   -2.933994E-01
    1.508492E+00   -2.963756E-01
    1.507550E+00   -2.993500E-01
    1.506602E+00   -3.023225E-01
    1.505648E+00   -3.052931E-01
    1.504689E+00   -3.082619E-01
    1.503723E+00   -3.112289E-01
    1.502752E+00   -3.141940E-01
    1.501776E+00   -3.171573E-01
    1.500794E+00   -3.201187E-01
    1.499807E+00   -3.230783E-01
    1.498814E+00   -3.260361E-01
    1.497815E+00   -3.289921E-01
    1.496812E+00   -3.319462E-01
    1.495803E+00   -3.348986E-01
    1.494789E+00   -3.378492E-01
    1.493769E+00   -3.407979E-01
    1.492744E+00   -3.437449E-01
    1.491715E+00   -3.466900E-01
    1.490680E+00   -3.496333E-01
    1.489640E+00   -3.525749E-01
    1.488594E+00   -3.555146E-01
    1.487544E+00   -3.584524E-01
    1.486488E+00   -3.613884E-01
    1.485427E+00   -3.643225E-01
    1.484361E+00   -3.672548E-01
    1.483290E+00   -3.701851E-01
    1.482214E+00   -3.731135E-01
    1.481132E+00   -3.760400E-01
    1.480045E+00   -3.789645E-01
    1.478953E+00   -3.818870E-01
    1.477855E+00   -3.848076E-01
    1.476752E+00   -3.877262E-01
    1.475644E+00   -3.906429E-01
    1.474531E+00   -3.935576E-01
    1.473413E+00   -3.964704E-01
    1.472290E+00   -3.993813E-01
    1.472051E+00   -4.000000E-01
# Wall   34, psi=   9.868747E-02, psi/psi_sep =  1.250981
    1.418376E+00    5.400000E-01
    1.419717E+00    5.371831E-01
    1.421054E+00    5.343640E-01
    1.422386E+00    5.315429E-01
    1.423715E+00    5.287198E-01
    1.425039E+00    5.258947E-01
    1.426359E+00    5.230676E-01
    1.427675E+00    5.202387E-01
    1.428986E+00    5.174078E-01
    1.430294E+00    5.145751E-01
    1.431598E+00    5.117405E-01
    1.432897E+00    5.089041E-01
    1.434193E+00    5.060658E-01
    1.435484E+00    5.032257E-01
    1.436772E+00    5.003836E-01
    1.438055E+00    4.975397E-01
    1.439334E+00    4.946938E-01
    1.440608E+00    4.918460E-01
    1.441878E+00    4.889963E-01
    1.443144E+00    4.861446E-01
    1.444406E+00    4.832909E-01
    1.445662E+00    4.804352E-01
    1.446915E+00    4.775776E-01
    1.448162E+00    4.747180E-01
    1.449406E+00    4.718564E-01
    1.450644E+00    4.689928E-01
    1.451879E+00    4.661274E-01
    1.453109E+00    4.632601E-01
    1.454334E+00    4.603909E-01
    1.455556E+00    4.575198E-01
    1.456773E+00    4.546470E-01
    1.457986E+00    4.517724E-01
    1.459194E+00    4.488961E-01
    1.460399E+00    4.460180E-01
    1.461600E+00    4.431383E-01
    1.462796E+00    4.402570E-01
    1.463989E+00    4.373740E-01
    1.465178E+00    4.344893E-01
    1.466363E+00    4.316030E-01
    1.467544E+00    4.287151E-01
    1.468720E+00    4.258255E-01
    1.469893E+00    4.229342E-01
    1.471061E+00    4.200412E-01
    1.472225E+00    4.171465E-01
    1.473385E+00    4.142501E-01
    1.474540E+00    4.113519E-01
    1.475691E+00    4.084519E-01
    1.476837E+00    4.055501E-01
    1.477979E+00    4.026464E-01
    1.479116E+00    3.997409E-01
    1.480248E+00    3.968336E-01
    1.481376E+00    3.939244E-01
    1.482498E+00    3.910134E-01
    1.483616E+00    3.881005E-01
    1.484729E+00    3.851857E-01
    1.485837E+00    3.822691E-01
    1.486940E+00    3.793506E-01
    1.488038E+00    3.764303E-01
    1.489132E+00    3.735082E-01
    1.490220E+00    3.705842E-01
    1.491304E+00    3.676583E-01
    1.492382E+00    3.647307E-01
    1.493456E+00    3.618013E-01
    1.494525E+00    3.588701E-01
    1.495589E+00    3.559371E-01
    1.496647E+00    3.530023E-01
    1.497701E+00    3.500657E-01
    1.498750E+00    3.471273E-01
    1.499794E+00    3.441871E-01
    1.500833E+00    3.412451E-01
    1.501867E+00    3.383014E-01
    1.502895E+00    3.353558E-01
    1.503919E+00    3.324084E-01
    1.504937E+00    3.294592E-01
    1.505950E+00    3.265081E-01
    1.506957E+00    3.235552E-01
    1.507959E+00    3.206005E-01
    1.508955E+00    3.176439E-01
    1.509946E+00    3.146855E-01
    1.510932E+00    3.117252E-01
    1.511912E+00    3.087630E-01
    1.512886E+00    3.057990E-01
    1.513854E+00    3.028331E-01
    1.514817E+00    2.998654E-01
    1.515774E+00    2.968958E-01
    1.516725E+00    2.939243E-01
    1.517670E+00    2.909509E-01
    1.518610E+00    2.879756E-01
    1.519543E+00    2.849985E-01
    1.520470E+00    2.820194E-01
    1.521391E+00    2.790384E-01
    1.522306E+00    2.760555E-01
    1.523214E+00    2.730707E-01
    1.524116E+00    2.700839E-01
    1.525011E+00    2.670951E-01
    1.525900E+00    2.641044E-01
    1.526782E+00    2.611116E-01
    1.527657E+00    2.581169E-01
    1.528526E+00    2.551202E-01
    1.529387E+00    2.521214E-01
    1.530241E+00    2.491206E-01
    1.531088E+00    2.461177E-01
    1.531927E+00    2.431127E-01
    1.532759E+00    2.401057E-01
    1.533583E+00    2.370965E-01
    1.534400E+00    2.340852E-01
    1.535208E+00    2.310718E-01
    1.536009E+00    2.280562E-01
    1.536801E+00    2.250385E-01
    1.537585E+00    2.220186E-01
    1.538361E+00    2.189966E-01
    1.539128E+00    2.159724E-01
    1.539887E+00    2.129461E-01
    1.540637E+00    2.099176E-01
    1.541378E+00    2.068869E-01
    1.542111E+00    2.038542E-01
    1.542834E+00    2.008192E-01
    1.543549E+00    1.977822E-01
    1.544255E+00    1.947430E-01
    1.544951E+00    1.917018E-01
    1.545639E+00    1.886585E-01
    1.546317E+00    1.856131E-01
    1.546986E+00    1.825656E-01
    1.547645E+00    1.795161E-01
    1.548295E+00    1.764646E-01
    1.548936E+00    1.734111E-01
    1.549567E+00    1.703556E-01
    1.550189E+00    1.672982E-01
    1.550801E+00    1.642389E-01
    1.551404E+00    1.611776E-01
    1.551997E+00    1.581145E-01
    1.552580E+00    1.550495E-01
    1.553154E+00    1.519827E-01
    1.553718E+00    1.489140E-01
    1.554271E+00    1.458436E-01
    1.554815E+00    1.427714E-01
    1.555349E+00    1.396974E-01
    1.555873E+00    1.366217E-01
    1.556386E+00    1.335442E-01
    1.556890E+00    1.304651E-01
    1.557383E+00    1.273843E-01
    1.557865E+00    1.243018E-01
    1.558337E+00    1.212177E-01
    1.558799E+00    1.181320E-01
    1.559249E+00    1.150447E-01
    1.559689E+00    1.119559E-01
    1.560118E+00    1.088656E-01
    1.560536E+00    1.057737E-01
    1.560943E+00    1.026804E-01
    1.561339E+00    9.958557E-02
    1.561724E+00    9.648936E-02
    1.562097E+00    9.339176E-02
    1.562459E+00    9.029280E-02
    1.562809E+00    8.719252E-02
    1.563147E+00    8.409096E-02
    1.563474E+00    8.098814E-02
    1.563790E+00    7.788410E-02
    1.564093E+00    7.477888E-02
    1.564384E+00    7.167253E-02
    1.564664E+00    6.856508E-02
    1.564931E+00    6.545658E-02
    1.565187E+00    6.234706E-02
    1.565430E+00    5.923657E-02
    1.565662E+00    5.612515E-02
    1.565881E+00    5.301285E-02
    1.566087E+00    4.989972E-02
    1.566282E+00    4.678579E-02
    1.566464E+00    4.367112E-02
    1.566634E+00    4.055575E-02
    1.566792E+00    3.743973E-02
    1.566937E+00    3.432311E-02
    1.567070E+00    3.120594E-02
    1.567190E+00    2.808827E-02
    1.567298E+00    2.497014E-02
    1.567393E+00    2.185160E-02
    1.567477E+00    1.873271E-02
    1.567547E+00    1.561351E-02
    1.567605E+00    1.249405E-02
    1.567651E+00    9.374390E-03
    1.567684E+00    6.254569E-03
    1.567705E+00    3.134639E-03
    1.567713E+00    1.465248E-05
    1.567709E+00   -3.105343E-03
    1.567692E+00   -6.225296E-03
    1.567663E+00   -9.345158E-03
    1.567622E+00   -1.246488E-02
    1.567568E+00   -1.558441E-02
    1.567501E+00   -1.870370E-02
    1.567422E+00   -2.182271E-02
    1.567331E+00   -2.494137E-02
    1.567228E+00   -2.805965E-02
    1.567112E+00   -3.117750E-02
    1.566984E+00   -3.429487E-02
    1.566844E+00   -3.741171E-02
    1.566691E+00   -4.052797E-02
    1.566526E+00   -4.364361E-02
    1.566349E+00   -4.675858E-02
    1.566160E+00   -4.987283E-02
    1.565958E+00   -5.298633E-02
    1.565745E+00   -5.609902E-02
    1.565520E+00   -5.921086E-02
    1.565282E+00   -6.232182E-02
    1.565033E+00   -6.543184E-02
    1.564772E+00   -6.854089E-02
    1.564499E+00   -7.164892E-02
    1.564214E+00   -7.475590E-02
    1.563918E+00   -7.786179E-02
    1.563610E+00   -8.096655E-02
    1.563290E+00   -8.407014E-02
    1.562959E+00   -8.717252E-02
    1.562617E+00   -9.027367E-02
    1.562263E+00   -9.337355E-02
    1.561898E+00   -9.647213E-02
    1.561522E+00   -9.956937E-02
    1.561135E+00   -1.026653E-01
    1.560736E+00   -1.057597E-01
    1.560327E+00   -1.088528E-01
    1.559908E+00   -1.119444E-01
    1.559477E+00   -1.150346E-01
    1.559036E+00   -1.181233E-01
    1.558584E+00   -1.212104E-01
    1.558123E+00   -1.242960E-01
    1.557650E+00   -1.273801E-01
    1.557168E+00   -1.304625E-01
    1.556675E+00   -1.335434E-01
    1.556172E+00   -1.366226E-01
    1.555660E+00   -1.397002E-01
    1.555137E+00   -1.427761E-01
    1.554604E+00   -1.458503E-01
    1.554062E+00   -1.489228E-01
    1.553510E+00   -1.519936E-01
    1.552949E+00   -1.550627E-01
    1.552378E+00   -1.581299E-01
    1.551797E+00   -1.611954E-01
    1.551207E+00   -1.642591E-01
    1.550607E+00   -1.673210E-01
    1.549998E+00   -1.703810E-01
    1.549380E+00   -1.734391E-01
    1.548752E+00   -1.764953E-01
    1.548116E+00   -1.795497E-01
    1.547470E+00   -1.826021E-01
    1.546815E+00   -1.856525E-01
    1.546150E+00   -1.887010E-01
    1.545477E+00   -1.917474E-01
    1.544795E+00   -1.947919E-01
    1.544103E+00   -1.978344E-01
    1.543403E+00   -2.008748E-01
    1.542695E+00   -2.039132E-01
    1.541977E+00   -2.069496E-01
    1.541251E+00   -2.099839E-01
    1.540516E+00   -2.130161E-01
    1.539772E+00   -2.160463E-01
    1.539021E+00   -2.190743E-01
    1.538261E+00   -2.221004E-01
    1.537492E+00   -2.251243E-01
    1.536716E+00   -2.281462E-01
    1.535932E+00   -2.311660E-01
    1.535140E+00   -2.341837E-01
    1.534340E+00   -2.371994E-01
    1.533532E+00   -2.402130E-01
    1.532717E+00   -2.432247E-01
    1.531894E+00   -2.462343E-01
    1.531064E+00   -2.492419E-01
    1.530227E+00   -2.522475E-01
    1.529383E+00   -2.552512E-01
    1.528532E+00   -2.582529E-01
    1.527675E+00   -2.612527E-01
    1.526810E+00   -2.642506E-01
    1.525939E+00   -2.672465E-01
    1.525062E+00   -2.702406E-01
    1.524178E+00   -2.732327E-01
    1.523288E+00   -2.762231E-01
    1.522391E+00   -2.792115E-01
    1.521489E+00   -2.821981E-01
    1.520580E+00   -2.851829E-01
    1.519665E+00   -2.881658E-01
    1.518745E+00   -2.911469E-01
    1.517819E+00   -2.941262E-01
    1.516886E+00   -2.971038E-01
    1.515949E+00   -3.000795E-01
    1.515005E+00   -3.030534E-01
    1.514056E+00   -3.060255E-01
    1.513101E+00   -3.089958E-01
    1.512141E+00   -3.119643E-01
    1.511175E+00   -3.149311E-01
    1.510204E+00   -3.178961E-01
    1.509227E+00   -3.208593E-01
    1.508245E+00   -3.238207E-01
    1.507258E+00   -3.267803E-01
    1.506265E+00   -3.297382E-01
    1.505267E+00   -3.326942E-01
    1.504264E+00   -3.356486E-01
    1.503255E+00   -3.386012E-01
    1.502242E+00   -3.415520E-01
    1.501224E+00   -3.445011E-01
    1.500200E+00   -3.474484E-01
    1.499172E+00   -3.503941E-01
    1.498138E+00   -3.533380E-01
    1.497100E+00   -3.562802E-01
    1.496057E+00   -3.592206E-01
    1.495009E+00   -3.621594E-01
    1.493956E+00   -3.650964E-01
    1.492899E+00   -3.680317E-01
    1.491836E+00   -3.709652E-01
    1.490769E+00   -3.738970E-01
    1.489697E+00   -3.768271E-01
    1.488620E+00   -3.797554E-01
    1.487539E+00   -3.826820E-01
    1.486453E+00   -3.856068E-01
    1.485362E+00   -3.885298E-01
    1.484266E+00   -3.914511E-01
    1.483165E+00   -3.943706E-01
    1.482060E+00   -3.972883E-01
    1.481028E+00   -4.000000E-01
# Wall   35, psi=   1.011624E-01, psi/psi_sep =  1.282354
    1.428808E+00    5.400000E-01
    1.430117E+00    5.371679E-01
    1.431422E+00    5.343340E-01
    1.432724E+00    5.314984E-01
    1.434021E+00    5.286611E-01
    1.435315E+00    5.258220E-01
    1.436605E+00    5.229813E-01
    1.437892E+00    5.201389E-01
    1.439175E+00    5.172949E-01
    1.440454E+00    5.144491E-01
    1.441729E+00    5.116016E-01
    1.443001E+00    5.087525E-01
    1.444268E+00    5.059016E-01
    1.445532E+00    5.030490E-01
    1.446792E+00    5.001946E-01
    1.448047E+00    4.973385E-01
    1.449299E+00    4.944806E-01
    1.450547E+00    4.916209E-01
    1.451790E+00    4.887594E-01
    1.453030E+00    4.858961E-01
    1.454265E+00    4.830311E-01
    1.455496E+00    4.801643E-01
    1.456724E+00    4.772958E-01
    1.457947E+00    4.744256E-01
    1.459166E+00    4.715537E-01
    1.460381E+00    4.686800E-01
    1.461592E+00    4.658048E-01
    1.462800E+00    4.629279E-01
    1.464004E+00    4.600495E-01
    1.465204E+00    4.571694E-01
    1.466400E+00    4.542878E-01
    1.467592E+00    4.514047E-01
    1.468781E+00    4.485201E-01
    1.469966E+00    4.456339E-01
    1.471148E+00    4.427463E-01
    1.472325E+00    4.398571E-01
    1.473499E+00    4.369664E-01
    1.474670E+00    4.340742E-01
    1.475836E+00    4.311804E-01
    1.476999E+00    4.282851E-01
    1.478157E+00    4.253883E-01
    1.479312E+00    4.224898E-01
    1.480463E+00    4.195897E-01
    1.481609E+00    4.166880E-01
    1.482752E+00    4.137847E-01
    1.483890E+00    4.108798E-01
    1.485024E+00    4.079731E-01
    1.486154E+00    4.050649E-01
    1.487279E+00    4.021549E-01
    1.488400E+00    3.992433E-01
    1.489517E+00    3.963300E-01
    1.490629E+00    3.934150E-01
    1.491737E+00    3.904984E-01
    1.492841E+00    3.875801E-01
    1.493940E+00    3.846602E-01
    1.495035E+00    3.817386E-01
    1.496125E+00    3.788153E-01
    1.497211E+00    3.758903E-01
    1.498293E+00    3.729638E-01
    1.499369E+00    3.700355E-01
    1.500442E+00    3.671056E-01
    1.501510E+00    3.641740E-01
    1.502573E+00    3.612408E-01
    1.503631E+00    3.583058E-01
    1.504685E+00    3.553692E-01
    1.505734E+00    3.524309E-01
    1.506779E+00    3.494909E-01
    1.507818E+00    3.465491E-01
    1.508853E+00    3.436057E-01
    1.509883E+00    3.406605E-01
    1.510907E+00    3.377136E-01
    1.511927E+00    3.347649E-01
    1.512942E+00    3.318145E-01
    1.513951E+00    3.288623E-01
    1.514956E+00    3.259084E-01
    1.515955E+00    3.229527E-01
    1.516948E+00    3.199952E-01
    1.517937E+00    3.170359E-01
    1.518920E+00    3.140749E-01
    1.519898E+00    3.111121E-01
    1.520870E+00    3.081475E-01
    1.521837E+00    3.051811E-01
    1.522799E+00    3.022130E-01
    1.523755E+00    2.992431E-01
    1.524705E+00    2.962713E-01
    1.525650E+00    2.932978E-01
    1.526589E+00    2.903225E-01
    1.527523E+00    2.873454E-01
    1.528450E+00    2.843664E-01
    1.529372E+00    2.813856E-01
    1.530287E+00    2.784030E-01
    1.531197E+00    2.754185E-01
    1.532100E+00    2.724321E-01
    1.532997E+00    2.694439E-01
    1.533888E+00    2.664537E-01
    1.534772E+00    2.634616E-01
    1.535649E+00    2.604676E-01
    1.536520E+00    2.574716E-01
    1.537384E+00    2.544736E-01
    1.538241E+00    2.514736E-01
    1.539091E+00    2.484716E-01
    1.539934E+00    2.454676E-01
    1.540770E+00    2.424616E-01
    1.541598E+00    2.394534E-01
    1.542418E+00    2.364432E-01
    1.543231E+00    2.334309E-01
    1.544036E+00    2.304165E-01
    1.544833E+00    2.274000E-01
    1.545621E+00    2.243814E-01
    1.546402E+00    2.213607E-01
    1.547175E+00    2.183378E-01
    1.547939E+00    2.153128E-01
    1.548694E+00    2.122857E-01
    1.549441E+00    2.092565E-01
    1.550180E+00    2.062251E-01
    1.550910E+00    2.031917E-01
    1.551631E+00    2.001561E-01
    1.552343E+00    1.971185E-01
    1.553046E+00    1.940788E-01
    1.553740E+00    1.910370E-01
    1.554426E+00    1.879932E-01
    1.555102E+00    1.849474E-01
    1.555769E+00    1.818995E-01
    1.556427E+00    1.788496E-01
    1.557075E+00    1.757978E-01
    1.557714E+00    1.727440E-01
    1.558344E+00    1.696882E-01
    1.558965E+00    1.666305E-01
    1.559576E+00    1.635709E-01
    1.560177E+00    1.605094E-01
    1.560769E+00    1.574461E-01
    1.561351E+00    1.543809E-01
    1.561924E+00    1.513139E-01
    1.562486E+00    1.482450E-01
    1.563039E+00    1.451744E-01
    1.563582E+00    1.421020E-01
    1.564114E+00    1.390278E-01
    1.564637E+00    1.359519E-01
    1.565150E+00    1.328742E-01
    1.565652E+00    1.297949E-01
    1.566143E+00    1.267139E-01
    1.566625E+00    1.236312E-01
    1.567095E+00    1.205469E-01
    1.567555E+00    1.174610E-01
    1.568004E+00    1.143735E-01
    1.568443E+00    1.112845E-01
    1.568870E+00    1.081939E-01
    1.569286E+00    1.051018E-01
    1.569691E+00    1.020082E-01
    1.570085E+00    9.891315E-02
    1.570468E+00    9.581669E-02
    1.570839E+00    9.271885E-02
    1.571199E+00    8.961965E-02
    1.571547E+00    8.651912E-02
    1.571883E+00    8.341731E-02
    1.572208E+00    8.031425E-02
    1.572520E+00    7.720997E-02
    1.572821E+00    7.410452E-02
    1.573110E+00    7.099794E-02
    1.573388E+00    6.789027E-02
    1.573653E+00    6.478154E-02
    1.573905E+00    6.167181E-02
    1.574146E+00    5.856112E-02
    1.574375E+00    5.544950E-02
    1.574591E+00    5.233701E-02
    1.574795E+00    4.922369E-02
    1.574987E+00    4.610959E-02
    1.575166E+00    4.299476E-02
    1.575333E+00    3.987923E-02
    1.575488E+00    3.676307E-02
    1.575630E+00    3.364631E-02
    1.575760E+00    3.052901E-02
    1.575877E+00    2.741122E-02
    1.575982E+00    2.429298E-02
    1.576074E+00    2.117435E-02
    1.576154E+00    1.805538E-02
    1.576221E+00    1.493611E-02
    1.576276E+00    1.181659E-02
    1.576319E+00    8.696879E-03
    1.576348E+00    5.577023E-03
    1.576366E+00    2.457073E-03
    1.576370E+00   -6.629215E-04
    1.576363E+00   -3.782910E-03
    1.576342E+00   -6.902842E-03
    1.576310E+00   -1.002267E-02
    1.576264E+00   -1.314234E-02
    1.576207E+00   -1.626180E-02
    1.576137E+00   -1.938101E-02
    1.576054E+00   -2.249992E-02
    1.575959E+00   -2.561847E-02
    1.575852E+00   -2.873662E-02
    1.575732E+00   -3.185432E-02
    1.575600E+00   -3.497153E-02
    1.575456E+00   -3.808819E-02
    1.575299E+00   -4.120425E-02
    1.575130E+00   -4.431968E-02
    1.574949E+00   -4.743442E-02
    1.574756E+00   -5.054844E-02
    1.574551E+00   -5.366167E-02
    1.574334E+00   -5.677409E-02
    1.574104E+00   -5.988565E-02
    1.573863E+00   -6.299630E-02
    1.573610E+00   -6.610600E-02
    1.573344E+00   -6.921471E-02
    1.573068E+00   -7.232239E-02
    1.572779E+00   -7.542901E-02
    1.572478E+00   -7.853451E-02
    1.572167E+00   -8.163887E-02
    1.571843E+00   -8.474205E-02
    1.571508E+00   -8.784401E-02
    1.571162E+00   -9.094472E-02
    1.570804E+00   -9.404414E-02
    1.570435E+00   -9.714224E-02
    1.570055E+00   -1.002390E-01
    1.569663E+00   -1.033344E-01
    1.569261E+00   -1.064283E-01
    1.568848E+00   -1.095209E-01
    1.568424E+00   -1.126119E-01
    1.567990E+00   -1.157015E-01
    1.567544E+00   -1.187896E-01
    1.567089E+00   -1.218761E-01
    1.566622E+00   -1.249611E-01
    1.566146E+00   -1.280445E-01
    1.565659E+00   -1.311263E-01
    1.565162E+00   -1.342065E-01
    1.564655E+00   -1.372850E-01
    1.564138E+00   -1.403619E-01
    1.563612E+00   -1.434371E-01
    1.563075E+00   -1.465106E-01
    1.562529E+00   -1.495824E-01
    1.561973E+00   -1.526524E-01
    1.561407E+00   -1.557207E-01
    1.560832E+00   -1.587872E-01
    1.560247E+00   -1.618520E-01
    1.559653E+00   -1.649149E-01
    1.559050E+00   -1.679760E-01
    1.558438E+00   -1.710353E-01
    1.557816E+00   -1.740928E-01
    1.557185E+00   -1.771483E-01
    1.556545E+00   -1.802019E-01
    1.555896E+00   -1.832537E-01
    1.555238E+00   -1.863035E-01
    1.554571E+00   -1.893513E-01
    1.553895E+00   -1.923972E-01
    1.553210E+00   -1.954412E-01
    1.552516E+00   -1.984831E-01
    1.551814E+00   -2.015230E-01
    1.551103E+00   -2.045610E-01
    1.550384E+00   -2.075969E-01
    1.549656E+00   -2.106307E-01
    1.548919E+00   -2.136626E-01
    1.548175E+00   -2.166924E-01
    1.547422E+00   -2.197202E-01
    1.546660E+00   -2.227459E-01
    1.545891E+00   -2.257696E-01
    1.545114E+00   -2.287912E-01
    1.544329E+00   -2.318109E-01
    1.543536E+00   -2.348285E-01
    1.542736E+00   -2.378440E-01
    1.541928E+00   -2.408576E-01
    1.541112E+00   -2.438692E-01
    1.540290E+00   -2.468788E-01
    1.539460E+00   -2.498864E-01
    1.538623E+00   -2.528921E-01
    1.537780E+00   -2.558959E-01
    1.536929E+00   -2.588977E-01
    1.536072E+00   -2.618977E-01
    1.535208E+00   -2.648958E-01
    1.534338E+00   -2.678920E-01
    1.533462E+00   -2.708864E-01
    1.532579E+00   -2.738789E-01
    1.531690E+00   -2.768697E-01
    1.530796E+00   -2.798586E-01
    1.529895E+00   -2.828458E-01
    1.528988E+00   -2.858312E-01
    1.528076E+00   -2.888148E-01
    1.527158E+00   -2.917967E-01
    1.526235E+00   -2.947769E-01
    1.525305E+00   -2.977553E-01
    1.524371E+00   -3.007320E-01
    1.523431E+00   -3.037070E-01
    1.522485E+00   -3.066803E-01
    1.521534E+00   -3.096518E-01
    1.520578E+00   -3.126217E-01
    1.519617E+00   -3.155899E-01
    1.518650E+00   -3.185563E-01
    1.517678E+00   -3.215210E-01
    1.516701E+00   -3.244841E-01
    1.515718E+00   -3.274454E-01
    1.514731E+00   -3.304050E-01
    1.513738E+00   -3.333630E-01
    1.512741E+00   -3.363192E-01
    1.511738E+00   -3.392738E-01
    1.510731E+00   -3.422266E-01
    1.509719E+00   -3.451778E-01
    1.508702E+00   -3.481274E-01
    1.507680E+00   -3.510753E-01
    1.506653E+00   -3.540215E-01
    1.505622E+00   -3.569661E-01
    1.504586E+00   -3.599091E-01
    1.503545E+00   -3.628504E-01
    1.502500E+00   -3.657902E-01
    1.501450E+00   -3.687283E-01
    1.500396E+00   -3.716648E-01
    1.499337E+00   -3.745997E-01
    1.498274E+00   -3.775331E-01
    1.497207E+00   -3.804648E-01
    1.496135E+00   -3.833950E-01
    1.495059E+00   -3.863235E-01
    1.493979E+00   -3.892505E-01
    1.492894E+00   -3.921759E-01
    1.491805E+00   -3.950997E-01
    1.490712E+00   -3.980219E-01
    1.489969E+00   -4.000000E-01
# Wall   36, psi=   1.036373E-01, psi/psi_sep =  1.313727
    1.439123E+00    5.400000E-01
    1.440401E+00    5.371540E-01
    1.441676E+00    5.343064E-01
    1.442948E+00    5.314573E-01
    1.444216E+00    5.286068E-01
    1.445481E+00    5.257547E-01
    1.446743E+00    5.229011E-01
    1.448001E+00    5.200460E-01
    1.449256E+00    5.171894E-01
    1.450507E+00    5.143312E-01
    1.451754E+00    5.114715E-01
    1.452998E+00    5.086102E-01
    1.454239E+00    5.057474E-01
    1.455475E+00    5.028829E-01
    1.456708E+00    5.000169E-01
    1.457938E+00    4.971493E-01
    1.459163E+00    4.942802E-01
    1.460385E+00    4.914094E-01
    1.461604E+00    4.885371E-01
    1.462818E+00    4.856633E-01
    1.464030E+00    4.827879E-01
    1.465237E+00    4.799111E-01
    1.466441E+00    4.770327E-01
    1.467641E+00    4.741529E-01
    1.468838E+00    4.712716E-01
    1.470032E+00    4.683889E-01
    1.471222E+00    4.655048E-01
    1.472409E+00    4.626194E-01
    1.473592E+00    4.597325E-01
    1.474772E+00    4.568442E-01
    1.475949E+00    4.539545E-01
    1.477122E+00    4.510635E-01
    1.478292E+00    4.481711E-01
    1.479458E+00    4.452773E-01
    1.480621E+00    4.423822E-01
    1.481780E+00    4.394856E-01
    1.482936E+00    4.365876E-01
    1.484089E+00    4.336882E-01
    1.485237E+00    4.307874E-01
    1.486382E+00    4.278851E-01
    1.487524E+00    4.249814E-01
    1.488662E+00    4.220762E-01
    1.489795E+00    4.191696E-01
    1.490926E+00    4.162615E-01
    1.492052E+00    4.133518E-01
    1.493174E+00    4.104407E-01
    1.494293E+00    4.075282E-01
    1.495408E+00    4.046141E-01
    1.496518E+00    4.016985E-01
    1.497625E+00    3.987815E-01
    1.498728E+00    3.958629E-01
    1.499827E+00    3.929429E-01
    1.500922E+00    3.900214E-01
    1.502013E+00    3.870984E-01
    1.503101E+00    3.841739E-01
    1.504184E+00    3.812479E-01
    1.505262E+00    3.783204E-01
    1.506337E+00    3.753914E-01
    1.507408E+00    3.724608E-01
    1.508474E+00    3.695287E-01
    1.509536E+00    3.665951E-01
    1.510594E+00    3.636598E-01
    1.511648E+00    3.607231E-01
    1.512697E+00    3.577847E-01
    1.513741E+00    3.548447E-01
    1.514781E+00    3.519031E-01
    1.515816E+00    3.489599E-01
    1.516847E+00    3.460151E-01
    1.517873E+00    3.430686E-01
    1.518894E+00    3.401205E-01
    1.519911E+00    3.371707E-01
    1.520923E+00    3.342193E-01
    1.521929E+00    3.312662E-01
    1.522931E+00    3.283115E-01
    1.523928E+00    3.253550E-01
    1.524920E+00    3.223969E-01
    1.525907E+00    3.194371E-01
    1.526889E+00    3.164756E-01
    1.527866E+00    3.135124E-01
    1.528837E+00    3.105476E-01
    1.529804E+00    3.075810E-01
    1.530765E+00    3.046128E-01
    1.531721E+00    3.016429E-01
    1.532671E+00    2.986712E-01
    1.533617E+00    2.956979E-01
    1.534556E+00    2.927228E-01
    1.535491E+00    2.897459E-01
    1.536419E+00    2.867673E-01
    1.537342E+00    2.837870E-01
    1.538260E+00    2.808049E-01
    1.539171E+00    2.778209E-01
    1.540076E+00    2.748352E-01
    1.540976E+00    2.718476E-01
    1.541869E+00    2.688581E-01
    1.542755E+00    2.658668E-01
    1.543636E+00    2.628736E-01
    1.544510E+00    2.598785E-01
    1.545377E+00    2.568814E-01
    1.546237E+00    2.538824E-01
    1.547091E+00    2.508814E-01
    1.547937E+00    2.478785E-01
    1.548777E+00    2.448735E-01
    1.549609E+00    2.418666E-01
    1.550434E+00    2.388576E-01
    1.551251E+00    2.358465E-01
    1.552061E+00    2.328334E-01
    1.552863E+00    2.298183E-01
    1.553657E+00    2.268010E-01
    1.554443E+00    2.237817E-01
    1.555221E+00    2.207603E-01
    1.555992E+00    2.177368E-01
    1.556753E+00    2.147113E-01
    1.557507E+00    2.116836E-01
    1.558252E+00    2.086539E-01
    1.558989E+00    2.056221E-01
    1.559717E+00    2.025883E-01
    1.560436E+00    1.995524E-01
    1.561147E+00    1.965145E-01
    1.561849E+00    1.934745E-01
    1.562542E+00    1.904325E-01
    1.563227E+00    1.873884E-01
    1.563902E+00    1.843424E-01
    1.564568E+00    1.812944E-01
    1.565226E+00    1.782444E-01
    1.565874E+00    1.751924E-01
    1.566512E+00    1.721385E-01
    1.567142E+00    1.690827E-01
    1.567762E+00    1.660249E-01
    1.568373E+00    1.629653E-01
    1.568974E+00    1.599038E-01
    1.569566E+00    1.568404E-01
    1.570148E+00    1.537751E-01
    1.570720E+00    1.507081E-01
    1.571282E+00    1.476392E-01
    1.571835E+00    1.445685E-01
    1.572377E+00    1.414960E-01
    1.572909E+00    1.384217E-01
    1.573432E+00    1.353457E-01
    1.573943E+00    1.322680E-01
    1.574445E+00    1.291886E-01
    1.574936E+00    1.261074E-01
    1.575416E+00    1.230247E-01
    1.575886E+00    1.199402E-01
    1.576345E+00    1.168542E-01
    1.576793E+00    1.137665E-01
    1.577230E+00    1.106773E-01
    1.577656E+00    1.075865E-01
    1.578071E+00    1.044943E-01
    1.578475E+00    1.014005E-01
    1.578868E+00    9.830526E-02
    1.579249E+00    9.520862E-02
    1.579618E+00    9.211058E-02
    1.579976E+00    8.901118E-02
    1.580322E+00    8.591046E-02
    1.580657E+00    8.280846E-02
    1.580980E+00    7.970520E-02
    1.581291E+00    7.660073E-02
    1.581590E+00    7.349510E-02
    1.581877E+00    7.038833E-02
    1.582152E+00    6.728047E-02
    1.582414E+00    6.417157E-02
    1.582665E+00    6.106166E-02
    1.582904E+00    5.795079E-02
    1.583130E+00    5.483901E-02
    1.583344E+00    5.172636E-02
    1.583546E+00    4.861289E-02
    1.583735E+00    4.549864E-02
    1.583912E+00    4.238366E-02
    1.584076E+00    3.926800E-02
    1.584228E+00    3.615171E-02
    1.584368E+00    3.303483E-02
    1.584495E+00    2.991742E-02
    1.584610E+00    2.679953E-02
    1.584712E+00    2.368120E-02
    1.584801E+00    2.056248E-02
    1.584878E+00    1.744343E-02
    1.584942E+00    1.432410E-02
    1.584994E+00    1.120453E-02
    1.585033E+00    8.084775E-03
    1.585060E+00    4.964891E-03
    1.585074E+00    1.844925E-03
    1.585075E+00   -1.275073E-03
    1.585064E+00   -4.395051E-03
    1.585040E+00   -7.514959E-03
    1.585004E+00   -1.063475E-02
    1.584955E+00   -1.375436E-02
    1.584894E+00   -1.687376E-02
    1.584820E+00   -1.999289E-02
    1.584734E+00   -2.311169E-02
    1.584636E+00   -2.623013E-02
    1.584525E+00   -2.934815E-02
    1.584401E+00   -3.246571E-02
    1.584265E+00   -3.558275E-02
    1.584117E+00   -3.869923E-02
    1.583957E+00   -4.181510E-02
    1.583784E+00   -4.493031E-02
    1.583599E+00   -4.804483E-02
    1.583402E+00   -5.115859E-02
    1.583193E+00   -5.427157E-02
    1.582972E+00   -5.738371E-02
    1.582738E+00   -6.049497E-02
    1.582493E+00   -6.360532E-02
    1.582236E+00   -6.671469E-02
    1.581967E+00   -6.982307E-02
    1.581686E+00   -7.293039E-02
    1.581393E+00   -7.603664E-02
    1.581089E+00   -7.914176E-02
    1.580773E+00   -8.224572E-02
    1.580445E+00   -8.534848E-02
    1.580106E+00   -8.845000E-02
    1.579756E+00   -9.155026E-02
    1.579394E+00   -9.464922E-02
    1.579021E+00   -9.774684E-02
    1.578637E+00   -1.008431E-01
    1.578242E+00   -1.039380E-01
    1.577835E+00   -1.070314E-01
    1.577418E+00   -1.101234E-01
    1.576990E+00   -1.132139E-01
    1.576551E+00   -1.163029E-01
    1.576102E+00   -1.193903E-01
    1.575642E+00   -1.224762E-01
    1.575172E+00   -1.255606E-01
    1.574691E+00   -1.286433E-01
    1.574200E+00   -1.317244E-01
    1.573698E+00   -1.348039E-01
    1.573187E+00   -1.378817E-01
    1.572666E+00   -1.409578E-01
    1.572134E+00   -1.440322E-01
    1.571593E+00   -1.471049E-01
    1.571042E+00   -1.501759E-01
    1.570482E+00   -1.532452E-01
    1.569912E+00   -1.563127E-01
    1.569332E+00   -1.593784E-01
    1.568743E+00   -1.624423E-01
    1.568145E+00   -1.655044E-01
    1.567538E+00   -1.685646E-01
    1.566921E+00   -1.716231E-01
    1.566295E+00   -1.746797E-01
    1.565660E+00   -1.777344E-01
    1.565016E+00   -1.807872E-01
    1.564363E+00   -1.838382E-01
    1.563702E+00   -1.868872E-01
    1.563031E+00   -1.899343E-01
    1.562352E+00   -1.929794E-01
    1.561664E+00   -1.960227E-01
    1.560968E+00   -1.990639E-01
    1.560263E+00   -2.021032E-01
    1.559549E+00   -2.051405E-01
    1.558827E+00   -2.081759E-01
    1.558097E+00   -2.112092E-01
    1.557358E+00   -2.142405E-01
    1.556612E+00   -2.172699E-01
    1.555857E+00   -2.202972E-01
    1.555094E+00   -2.233226E-01
    1.554324E+00   -2.263459E-01
    1.553545E+00   -2.293673E-01
    1.552759E+00   -2.323866E-01
    1.551966E+00   -2.354040E-01
    1.551164E+00   -2.384193E-01
    1.550356E+00   -2.414328E-01
    1.549540E+00   -2.444442E-01
    1.548717E+00   -2.474537E-01
    1.547887E+00   -2.504613E-01
    1.547050E+00   -2.534670E-01
    1.546207E+00   -2.564708E-01
    1.545356E+00   -2.594727E-01
    1.544500E+00   -2.624727E-01
    1.543636E+00   -2.654709E-01
    1.542767E+00   -2.684673E-01
    1.541891E+00   -2.714619E-01
    1.541009E+00   -2.744546E-01
    1.540121E+00   -2.774457E-01
    1.539228E+00   -2.804349E-01
    1.538328E+00   -2.834224E-01
    1.537423E+00   -2.864082E-01
    1.536512E+00   -2.893923E-01
    1.535596E+00   -2.923747E-01
    1.534674E+00   -2.953555E-01
    1.533747E+00   -2.983345E-01
    1.532815E+00   -3.013120E-01
    1.531877E+00   -3.042877E-01
    1.530934E+00   -3.072619E-01
    1.529986E+00   -3.102344E-01
    1.529033E+00   -3.132053E-01
    1.528075E+00   -3.161745E-01
    1.527112E+00   -3.191421E-01
    1.526144E+00   -3.221082E-01
    1.525171E+00   -3.250726E-01
    1.524193E+00   -3.280354E-01
    1.523210E+00   -3.309965E-01
    1.522223E+00   -3.339561E-01
    1.521230E+00   -3.369141E-01
    1.520233E+00   -3.398704E-01
    1.519231E+00   -3.428252E-01
    1.518225E+00   -3.457784E-01
    1.517214E+00   -3.487300E-01
    1.516198E+00   -3.516800E-01
    1.515178E+00   -3.546285E-01
    1.514153E+00   -3.575754E-01
    1.513124E+00   -3.605208E-01
    1.512090E+00   -3.634646E-01
    1.511052E+00   -3.664069E-01
    1.510010E+00   -3.693477E-01
    1.508964E+00   -3.722870E-01
    1.507913E+00   -3.752249E-01
    1.506859E+00   -3.781612E-01
    1.505800E+00   -3.810961E-01
    1.504737E+00   -3.840296E-01
    1.503671E+00   -3.869615E-01
    1.502600E+00   -3.898921E-01
    1.501525E+00   -3.928212E-01
    1.500447E+00   -3.957489E-01
    1.499365E+00   -3.986752E-01
    1.498873E+00   -4.000000E-01
# Wall   37, psi=   1.061123E-01, psi/psi_sep =  1.345100
    1.449323E+00    5.400000E-01
    1.450572E+00    5.371409E-01
    1.451818E+00    5.342805E-01
    1.453061E+00    5.314187E-01
    1.454301E+00    5.285556E-01
    1.455538E+00    5.256912E-01
    1.456771E+00    5.228254E-01
    1.458001E+00    5.199582E-01
    1.459229E+00    5.170897E-01
    1.460453E+00    5.142198E-01
    1.461673E+00    5.113485E-01
    1.462891E+00    5.084758E-01
    1.464105E+00    5.056018E-01
    1.465316E+00    5.027264E-01
    1.466523E+00    4.998496E-01
    1.467728E+00    4.969714E-01
    1.468929E+00    4.940919E-01
    1.470127E+00    4.912111E-01
    1.471322E+00    4.883289E-01
    1.472514E+00    4.854455E-01
    1.473702E+00    4.825607E-01
    1.474888E+00    4.796747E-01
    1.476070E+00    4.767874E-01
    1.477249E+00    4.738989E-01
    1.478425E+00    4.710091E-01
    1.479599E+00    4.681181E-01
    1.480769E+00    4.652258E-01
    1.481936E+00    4.623323E-01
    1.483100E+00    4.594376E-01
    1.484261E+00    4.565416E-01
    1.485419E+00    4.536444E-01
    1.486573E+00    4.507459E-01
    1.487725E+00    4.478462E-01
    1.488873E+00    4.449452E-01
    1.490018E+00    4.420430E-01
    1.491160E+00    4.391395E-01
    1.492299E+00    4.362347E-01
    1.493434E+00    4.333286E-01
    1.494566E+00    4.304212E-01
    1.495695E+00    4.275125E-01
    1.496820E+00    4.246025E-01
    1.497942E+00    4.216912E-01
    1.499061E+00    4.187786E-01
    1.500176E+00    4.158646E-01
    1.501287E+00    4.129494E-01
    1.502396E+00    4.100328E-01
    1.503500E+00    4.071150E-01
    1.504602E+00    4.041958E-01
    1.505699E+00    4.012753E-01
    1.506794E+00    3.983534E-01
    1.507884E+00    3.954303E-01
    1.508971E+00    3.925058E-01
    1.510055E+00    3.895799E-01
    1.511135E+00    3.866527E-01
    1.512211E+00    3.837242E-01
    1.513283E+00    3.807942E-01
    1.514351E+00    3.778629E-01
    1.515416E+00    3.749302E-01
    1.516477E+00    3.719960E-01
    1.517533E+00    3.690604E-01
    1.518586E+00    3.661233E-01
    1.519635E+00    3.631848E-01
    1.520679E+00    3.602448E-01
    1.521719E+00    3.573033E-01
    1.522755E+00    3.543603E-01
    1.523787E+00    3.514158E-01
    1.524814E+00    3.484697E-01
    1.525837E+00    3.455221E-01
    1.526855E+00    3.425730E-01
    1.527869E+00    3.396223E-01
    1.528878E+00    3.366701E-01
    1.529883E+00    3.337163E-01
    1.530883E+00    3.307610E-01
    1.531879E+00    3.278040E-01
    1.532869E+00    3.248455E-01
    1.533855E+00    3.218854E-01
    1.534837E+00    3.189238E-01
    1.535813E+00    3.159605E-01
    1.536785E+00    3.129956E-01
    1.537751E+00    3.100291E-01
    1.538713E+00    3.070611E-01
    1.539670E+00    3.040913E-01
    1.540621E+00    3.011200E-01
    1.541568E+00    2.981470E-01
    1.542509E+00    2.951723E-01
    1.543445E+00    2.921960E-01
    1.544375E+00    2.892180E-01
    1.545300E+00    2.862382E-01
    1.546219E+00    2.832567E-01
    1.547133E+00    2.802735E-01
    1.548041E+00    2.772885E-01
    1.548943E+00    2.743018E-01
    1.549839E+00    2.713132E-01
    1.550729E+00    2.683228E-01
    1.551613E+00    2.653306E-01
    1.552490E+00    2.623364E-01
    1.553361E+00    2.593405E-01
    1.554225E+00    2.563426E-01
    1.555083E+00    2.533428E-01
    1.555934E+00    2.503410E-01
    1.556778E+00    2.473373E-01
    1.557615E+00    2.443317E-01
    1.558444E+00    2.413241E-01
    1.559267E+00    2.383144E-01
    1.560082E+00    2.353028E-01
    1.560890E+00    2.322892E-01
    1.561690E+00    2.292735E-01
    1.562482E+00    2.262558E-01
    1.563267E+00    2.232361E-01
    1.564044E+00    2.202144E-01
    1.564813E+00    2.171906E-01
    1.565573E+00    2.141647E-01
    1.566326E+00    2.111369E-01
    1.567070E+00    2.081070E-01
    1.567806E+00    2.050750E-01
    1.568534E+00    2.020411E-01
    1.569253E+00    1.990051E-01
    1.569964E+00    1.959671E-01
    1.570666E+00    1.929271E-01
    1.571359E+00    1.898851E-01
    1.572044E+00    1.868411E-01
    1.572719E+00    1.837951E-01
    1.573386E+00    1.807472E-01
    1.574043E+00    1.776973E-01
    1.574692E+00    1.746454E-01
    1.575331E+00    1.715916E-01
    1.575961E+00    1.685359E-01
    1.576582E+00    1.654782E-01
    1.577193E+00    1.624187E-01
    1.577795E+00    1.593573E-01
    1.578387E+00    1.562940E-01
    1.578969E+00    1.532288E-01
    1.579542E+00    1.501618E-01
    1.580105E+00    1.470930E-01
    1.580657E+00    1.440223E-01
    1.581200E+00    1.409498E-01
    1.581732E+00    1.378756E-01
    1.582254E+00    1.347996E-01
    1.582766E+00    1.317219E-01
    1.583268E+00    1.286424E-01
    1.583758E+00    1.255613E-01
    1.584238E+00    1.224784E-01
    1.584708E+00    1.193939E-01
    1.585166E+00    1.163078E-01
    1.585614E+00    1.132201E-01
    1.586050E+00    1.101308E-01
    1.586476E+00    1.070399E-01
    1.586890E+00    1.039475E-01
    1.587293E+00    1.008537E-01
    1.587684E+00    9.775833E-02
    1.588064E+00    9.466156E-02
    1.588433E+00    9.156339E-02
    1.588790E+00    8.846387E-02
    1.589135E+00    8.536302E-02
    1.589468E+00    8.226087E-02
    1.589790E+00    7.915748E-02
    1.590000E+00    7.706081E-02
# Wall   38, psi=   1.061123E-01, psi/psi_sep =  1.345100
    1.590000E+00   -7.714696E-02
    1.589689E+00   -8.025147E-02
    1.589367E+00   -8.335479E-02
    1.589034E+00   -8.645690E-02
    1.588688E+00   -8.955774E-02
    1.588332E+00   -9.265729E-02
    1.587964E+00   -9.575552E-02
    1.587585E+00   -9.885239E-02
    1.587194E+00   -1.019479E-01
    1.586793E+00   -1.050419E-01
    1.586380E+00   -1.081345E-01
    1.585957E+00   -1.112257E-01
    1.585523E+00   -1.143153E-01
    1.585078E+00   -1.174034E-01
    1.584622E+00   -1.204900E-01
    1.584156E+00   -1.235749E-01
    1.583679E+00   -1.266583E-01
    1.583192E+00   -1.297400E-01
    1.582695E+00   -1.328201E-01
    1.582187E+00   -1.358985E-01
    1.581669E+00   -1.389753E-01
    1.581142E+00   -1.420503E-01
    1.580604E+00   -1.451237E-01
    1.580056E+00   -1.481952E-01
    1.579499E+00   -1.512651E-01
    1.578932E+00   -1.543331E-01
    1.578356E+00   -1.573994E-01
    1.577770E+00   -1.604639E-01
    1.577175E+00   -1.635266E-01
    1.576570E+00   -1.665874E-01
    1.575956E+00   -1.696465E-01
    1.575333E+00   -1.727036E-01
    1.574701E+00   -1.757589E-01
    1.574060E+00   -1.788124E-01
    1.573410E+00   -1.818640E-01
    1.572752E+00   -1.849136E-01
    1.572084E+00   -1.879614E-01
    1.571408E+00   -1.910072E-01
    1.570723E+00   -1.940512E-01
    1.570030E+00   -1.970932E-01
    1.569328E+00   -2.001333E-01
    1.568618E+00   -2.031714E-01
    1.567900E+00   -2.062076E-01
    1.567173E+00   -2.092418E-01
    1.566439E+00   -2.122741E-01
    1.565696E+00   -2.153044E-01
    1.564945E+00   -2.183328E-01
    1.564187E+00   -2.213591E-01
    1.563421E+00   -2.243836E-01
    1.562647E+00   -2.274061E-01
    1.561865E+00   -2.304266E-01
    1.561076E+00   -2.334452E-01
    1.560280E+00   -2.364618E-01
    1.559476E+00   -2.394765E-01
    1.558665E+00   -2.424892E-01
    1.557847E+00   -2.455001E-01
    1.557022E+00   -2.485091E-01
    1.556190E+00   -2.515161E-01
    1.555352E+00   -2.545213E-01
    1.554506E+00   -2.575247E-01
    1.553655E+00   -2.605262E-01
    1.552797E+00   -2.635258E-01
    1.551932E+00   -2.665237E-01
    1.551062E+00   -2.695198E-01
    1.550185E+00   -2.725141E-01
    1.549302E+00   -2.755067E-01
    1.548414E+00   -2.784975E-01
    1.547520E+00   -2.814867E-01
    1.546620E+00   -2.844741E-01
    1.545715E+00   -2.874598E-01
    1.544804E+00   -2.904439E-01
    1.543888E+00   -2.934264E-01
    1.542966E+00   -2.964072E-01
    1.542040E+00   -2.993864E-01
    1.541108E+00   -3.023640E-01
    1.540171E+00   -3.053401E-01
    1.539229E+00   -3.083145E-01
    1.538282E+00   -3.112874E-01
    1.537331E+00   -3.142588E-01
    1.536375E+00   -3.172286E-01
    1.535413E+00   -3.201969E-01
    1.534448E+00   -3.231636E-01
    1.533477E+00   -3.261288E-01
    1.532502E+00   -3.290925E-01
    1.531522E+00   -3.320547E-01
    1.530538E+00   -3.350153E-01
    1.529549E+00   -3.379745E-01
    1.528556E+00   -3.409321E-01
    1.527558E+00   -3.438883E-01
    1.526556E+00   -3.468430E-01
    1.525549E+00   -3.497961E-01
    1.524538E+00   -3.527479E-01
    1.523523E+00   -3.556981E-01
    1.522504E+00   -3.586469E-01
    1.521480E+00   -3.615942E-01
    1.520453E+00   -3.645402E-01
    1.519421E+00   -3.674846E-01
    1.518385E+00   -3.704277E-01
    1.517346E+00   -3.733694E-01
    1.516302E+00   -3.763097E-01
    1.515255E+00   -3.792486E-01
    1.514203E+00   -3.821862E-01
    1.513149E+00   -3.851224E-01
    1.512090E+00   -3.880574E-01
    1.511028E+00   -3.909910E-01
    1.509962E+00   -3.939233E-01
    1.508893E+00   -3.968543E-01
    1.507820E+00   -3.997840E-01
    1.507740E+00   -4.000000E-01
# Wall   39, psi=   1.085872E-01, psi/psi_sep =  1.376472
    1.459412E+00    5.400000E-01
    1.460632E+00    5.371286E-01
    1.461850E+00    5.342559E-01
    1.463065E+00    5.313821E-01
    1.464277E+00    5.285072E-01
    1.465486E+00    5.256310E-01
    1.466692E+00    5.227537E-01
    1.467896E+00    5.198752E-01
    1.469097E+00    5.169955E-01
    1.470294E+00    5.141146E-01
    1.471490E+00    5.112326E-01
    1.472682E+00    5.083494E-01
    1.473871E+00    5.054650E-01
    1.475058E+00    5.025794E-01
    1.476242E+00    4.996928E-01
    1.477423E+00    4.968049E-01
    1.478601E+00    4.939160E-01
    1.479777E+00    4.910259E-01
    1.480949E+00    4.881347E-01
    1.482119E+00    4.852425E-01
    1.483287E+00    4.823491E-01
    1.484452E+00    4.794546E-01
    1.485613E+00    4.765591E-01
    1.486773E+00    4.736624E-01
    1.487929E+00    4.707647E-01
    1.489083E+00    4.678659E-01
    1.490234E+00    4.649660E-01
    1.491382E+00    4.620650E-01
    1.492528E+00    4.591629E-01
    1.493671E+00    4.562597E-01
    1.494810E+00    4.533553E-01
    1.495948E+00    4.504499E-01
    1.497082E+00    4.475433E-01
    1.498213E+00    4.446356E-01
    1.499341E+00    4.417268E-01
    1.500467E+00    4.388169E-01
    1.501589E+00    4.359058E-01
    1.502709E+00    4.329936E-01
    1.503825E+00    4.300802E-01
    1.504939E+00    4.271657E-01
    1.506049E+00    4.242500E-01
    1.507157E+00    4.213332E-01
    1.508262E+00    4.184153E-01
    1.509363E+00    4.154962E-01
    1.510461E+00    4.125760E-01
    1.511557E+00    4.096546E-01
    1.512649E+00    4.067320E-01
    1.513738E+00    4.038083E-01
    1.514824E+00    4.008834E-01
    1.515907E+00    3.979573E-01
    1.516986E+00    3.950300E-01
    1.518063E+00    3.921014E-01
    1.519135E+00    3.891717E-01
    1.520205E+00    3.862407E-01
    1.521271E+00    3.833085E-01
    1.522333E+00    3.803750E-01
    1.523392E+00    3.774402E-01
    1.524448E+00    3.745041E-01
    1.525499E+00    3.715666E-01
    1.526547E+00    3.686279E-01
    1.527591E+00    3.656877E-01
    1.528631E+00    3.627462E-01
    1.529668E+00    3.598034E-01
    1.530700E+00    3.568591E-01
    1.531728E+00    3.539134E-01
    1.532753E+00    3.509663E-01
    1.533773E+00    3.480178E-01
    1.534789E+00    3.450679E-01
    1.535801E+00    3.421165E-01
    1.536808E+00    3.391637E-01
    1.537812E+00    3.362095E-01
    1.538811E+00    3.332537E-01
    1.539805E+00    3.302966E-01
    1.540796E+00    3.273379E-01
    1.541781E+00    3.243777E-01
    1.542763E+00    3.214161E-01
    1.543740E+00    3.184529E-01
    1.544712E+00    3.154882E-01
    1.545679E+00    3.125220E-01
    1.546642E+00    3.095543E-01
    1.547600E+00    3.065850E-01
    1.548553E+00    3.036141E-01
    1.549501E+00    3.006416E-01
    1.550444E+00    2.976676E-01
    1.551382E+00    2.946919E-01
    1.552315E+00    2.917146E-01
    1.553242E+00    2.887356E-01
    1.554164E+00    2.857550E-01
    1.555081E+00    2.827726E-01
    1.555992E+00    2.797886E-01
    1.556897E+00    2.768028E-01
    1.557796E+00    2.738153E-01
    1.558690E+00    2.708260E-01
    1.559578E+00    2.678349E-01
    1.560459E+00    2.648420E-01
    1.561334E+00    2.618472E-01
    1.562203E+00    2.588506E-01
    1.563065E+00    2.558522E-01
    1.563921E+00    2.528519E-01
    1.564770E+00    2.498496E-01
    1.565613E+00    2.468455E-01
    1.566448E+00    2.438395E-01
    1.567277E+00    2.408315E-01
    1.568098E+00    2.378215E-01
    1.568912E+00    2.348096E-01
    1.569719E+00    2.317958E-01
    1.570519E+00    2.287799E-01
    1.571311E+00    2.257621E-01
    1.572095E+00    2.227423E-01
    1.572871E+00    2.197205E-01
    1.573640E+00    2.166967E-01
    1.574401E+00    2.136709E-01
    1.575154E+00    2.106431E-01
    1.575899E+00    2.076133E-01
    1.576635E+00    2.045815E-01
    1.577363E+00    2.015477E-01
    1.578083E+00    1.985119E-01
    1.578795E+00    1.954741E-01
    1.579498E+00    1.924343E-01
    1.580192E+00    1.893925E-01
    1.580878E+00    1.863487E-01
    1.581554E+00    1.833030E-01
    1.582222E+00    1.802553E-01
    1.582881E+00    1.772056E-01
    1.583530E+00    1.741540E-01
    1.584171E+00    1.711005E-01
    1.584802E+00    1.680450E-01
    1.585424E+00    1.649876E-01
    1.586036E+00    1.619283E-01
    1.586639E+00    1.588670E-01
    1.587232E+00    1.558039E-01
    1.587815E+00    1.527390E-01
    1.588389E+00    1.496721E-01
    1.588952E+00    1.466034E-01
    1.589506E+00    1.435329E-01
    1.590000E+00    1.407419E-01
# Wall   40, psi=   1.085872E-01, psi/psi_sep =  1.376472
    1.590000E+00   -1.411274E-01
    1.589462E+00   -1.442007E-01
    1.588914E+00   -1.472722E-01
    1.588357E+00   -1.503420E-01
    1.587789E+00   -1.534099E-01
    1.587212E+00   -1.564761E-01
    1.586626E+00   -1.595405E-01
    1.586030E+00   -1.626031E-01
    1.585424E+00   -1.656638E-01
    1.584810E+00   -1.687227E-01
    1.584186E+00   -1.717797E-01
    1.583553E+00   -1.748349E-01
    1.582912E+00   -1.778881E-01
    1.582261E+00   -1.809396E-01
    1.581602E+00   -1.839891E-01
    1.580934E+00   -1.870367E-01
    1.580257E+00   -1.900824E-01
    1.579572E+00   -1.931262E-01
    1.578878E+00   -1.961681E-01
    1.578176E+00   -1.992081E-01
    1.577465E+00   -2.022461E-01
    1.576747E+00   -2.052823E-01
    1.576020E+00   -2.083165E-01
    1.575286E+00   -2.113488E-01
    1.574543E+00   -2.143791E-01
    1.573793E+00   -2.174075E-01
    1.573034E+00   -2.204340E-01
    1.572269E+00   -2.234586E-01
    1.571495E+00   -2.264812E-01
    1.570715E+00   -2.295020E-01
    1.569927E+00   -2.325208E-01
    1.569131E+00   -2.355377E-01
    1.568329E+00   -2.385528E-01
    1.567519E+00   -2.415659E-01
    1.566703E+00   -2.445772E-01
    1.565879E+00   -2.475866E-01
    1.565049E+00   -2.505941E-01
    1.564213E+00   -2.535999E-01
    1.563370E+00   -2.566038E-01
    1.562520E+00   -2.596059E-01
    1.561664E+00   -2.626062E-01
    1.560802E+00   -2.656047E-01
    1.559934E+00   -2.686015E-01
    1.559060E+00   -2.715965E-01
    1.558179E+00   -2.745898E-01
    1.557294E+00   -2.775814E-01
    1.556402E+00   -2.805713E-01
    1.555505E+00   -2.835596E-01
    1.554603E+00   -2.865462E-01
    1.553695E+00   -2.895312E-01
    1.552781E+00   -2.925145E-01
    1.551863E+00   -2.954963E-01
    1.550940E+00   -2.984765E-01
    1.550011E+00   -3.014551E-01
    1.549078E+00   -3.044322E-01
    1.548139E+00   -3.074078E-01
    1.547196E+00   -3.103819E-01
    1.546249E+00   -3.133545E-01
    1.545296E+00   -3.163256E-01
    1.544339E+00   -3.192952E-01
    1.543378E+00   -3.222633E-01
    1.542412E+00   -3.252300E-01
    1.541442E+00   -3.281953E-01
    1.540467E+00   -3.311591E-01
    1.539488E+00   -3.341216E-01
    1.538505E+00   -3.370826E-01
    1.537517E+00   -3.400422E-01
    1.536525E+00   -3.430004E-01
    1.535529E+00   -3.459572E-01
    1.534530E+00   -3.489126E-01
    1.533526E+00   -3.518666E-01
    1.532518E+00   -3.548193E-01
    1.531506E+00   -3.577707E-01
    1.530490E+00   -3.607207E-01
    1.529470E+00   -3.636693E-01
    1.528446E+00   -3.666166E-01
    1.527419E+00   -3.695626E-01
    1.526388E+00   -3.725073E-01
    1.525353E+00   -3.754507E-01
    1.524315E+00   -3.783929E-01
    1.523273E+00   -3.813337E-01
    1.522228E+00   -3.842734E-01
    1.521179E+00   -3.872118E-01
    1.520126E+00   -3.901490E-01
    1.519071E+00   -3.930850E-01
    1.518012E+00   -3.960199E-01
    1.516950E+00   -3.989536E-01
    1.516570E+00   -4.000000E-01
# Wall   41, psi=   1.110621E-01, psi/psi_sep =  1.407845
    1.469392E+00    5.400000E-01
    1.470584E+00    5.371169E-01
    1.471774E+00    5.342328E-01
    1.472962E+00    5.313476E-01
    1.474147E+00    5.284615E-01
    1.475330E+00    5.255745E-01
    1.476511E+00    5.226864E-01
    1.477689E+00    5.197973E-01
    1.478864E+00    5.169073E-01
    1.480037E+00    5.140163E-01
    1.481208E+00    5.111243E-01
    1.482377E+00    5.082313E-01
    1.483543E+00    5.053374E-01
    1.484706E+00    5.024426E-01
    1.485868E+00    4.995467E-01
    1.487027E+00    4.966500E-01
    1.488183E+00    4.937523E-01
    1.489338E+00    4.908537E-01
    1.490490E+00    4.879541E-01
    1.491639E+00    4.850536E-01
    1.492786E+00    4.821522E-01
    1.493931E+00    4.792498E-01
    1.495074E+00    4.763465E-01
    1.496214E+00    4.734423E-01
    1.497351E+00    4.705371E-01
    1.498487E+00    4.676310E-01
    1.499620E+00    4.647239E-01
    1.500750E+00    4.618159E-01
    1.501878E+00    4.589068E-01
    1.503003E+00    4.559969E-01
    1.504126E+00    4.530859E-01
    1.505246E+00    4.501740E-01
    1.506364E+00    4.472612E-01
    1.507479E+00    4.443473E-01
    1.508592E+00    4.414325E-01
    1.509702E+00    4.385167E-01
    1.510810E+00    4.355999E-01
    1.511915E+00    4.326821E-01
    1.513017E+00    4.297634E-01
    1.514117E+00    4.268437E-01
    1.515214E+00    4.239230E-01
    1.516309E+00    4.210013E-01
    1.517401E+00    4.180786E-01
    1.518490E+00    4.151549E-01
    1.519577E+00    4.122301E-01
    1.520660E+00    4.093044E-01
    1.521741E+00    4.063776E-01
    1.522819E+00    4.034498E-01
    1.523894E+00    4.005209E-01
    1.524967E+00    3.975910E-01
    1.526036E+00    3.946599E-01
    1.527102E+00    3.917278E-01
    1.528166E+00    3.887945E-01
    1.529226E+00    3.858601E-01
    1.530282E+00    3.829246E-01
    1.531336E+00    3.799878E-01
    1.532386E+00    3.770499E-01
    1.533433E+00    3.741108E-01
    1.534477E+00    3.711705E-01
    1.535517E+00    3.682289E-01
    1.536553E+00    3.652861E-01
    1.537586E+00    3.623421E-01
    1.538615E+00    3.593967E-01
    1.539641E+00    3.564501E-01
    1.540663E+00    3.535022E-01
    1.541681E+00    3.505530E-01
    1.542695E+00    3.476025E-01
    1.543706E+00    3.446506E-01
    1.544712E+00    3.416974E-01
    1.545715E+00    3.387429E-01
    1.546713E+00    3.357870E-01
    1.547708E+00    3.328297E-01
    1.548698E+00    3.298711E-01
    1.549684E+00    3.269110E-01
    1.550666E+00    3.239496E-01
    1.551644E+00    3.209867E-01
    1.552617E+00    3.180224E-01
    1.553586E+00    3.150566E-01
    1.554550E+00    3.120894E-01
    1.555510E+00    3.091206E-01
    1.556465E+00    3.061504E-01
    1.557415E+00    3.031787E-01
    1.558361E+00    3.002054E-01
    1.559301E+00    2.972305E-01
    1.560237E+00    2.942541E-01
    1.561167E+00    2.912761E-01
    1.562093E+00    2.882964E-01
    1.563013E+00    2.853152E-01
    1.563927E+00    2.823322E-01
    1.564836E+00    2.793476E-01
    1.565740E+00    2.763613E-01
    1.566638E+00    2.733733E-01
    1.567530E+00    2.703835E-01
    1.568416E+00    2.673920E-01
    1.569296E+00    2.643988E-01
    1.570170E+00    2.614037E-01
    1.571038E+00    2.584068E-01
    1.571900E+00    2.554082E-01
    1.572755E+00    2.524076E-01
    1.573604E+00    2.494053E-01
    1.574446E+00    2.464010E-01
    1.575281E+00    2.433949E-01
    1.576109E+00    2.403869E-01
    1.576931E+00    2.373770E-01
    1.577745E+00    2.343652E-01
    1.578552E+00    2.313514E-01
    1.579352E+00    2.283357E-01
    1.580145E+00    2.253181E-01
    1.580930E+00    2.222985E-01
    1.581708E+00    2.192769E-01
    1.582477E+00    2.162534E-01
    1.583239E+00    2.132278E-01
    1.583993E+00    2.102004E-01
    1.584740E+00    2.071709E-01
    1.585478E+00    2.041394E-01
    1.586207E+00    2.011060E-01
    1.586929E+00    1.980706E-01
    1.587642E+00    1.950332E-01
    1.588347E+00    1.919938E-01
    1.589043E+00    1.889524E-01
    1.589730E+00    1.859090E-01
    1.590000E+00    1.847021E-01
# Wall   42, psi=   1.110621E-01, psi/psi_sep =  1.407845
    1.590000E+00   -1.852636E-01
    1.589324E+00   -1.883096E-01
    1.588640E+00   -1.913537E-01
    1.587948E+00   -1.943959E-01
    1.587247E+00   -1.974361E-01
    1.586538E+00   -2.004745E-01
    1.585820E+00   -2.035109E-01
    1.585095E+00   -2.065454E-01
    1.584362E+00   -2.095780E-01
    1.583621E+00   -2.126087E-01
    1.582872E+00   -2.156375E-01
    1.582115E+00   -2.186644E-01
    1.581351E+00   -2.216893E-01
    1.580580E+00   -2.247124E-01
    1.579801E+00   -2.277336E-01
    1.579014E+00   -2.307530E-01
    1.578221E+00   -2.337704E-01
    1.577421E+00   -2.367860E-01
    1.576613E+00   -2.397997E-01
    1.575799E+00   -2.428116E-01
    1.574978E+00   -2.458217E-01
    1.574151E+00   -2.488300E-01
    1.573317E+00   -2.518364E-01
    1.572476E+00   -2.548411E-01
    1.571630E+00   -2.578440E-01
    1.570777E+00   -2.608451E-01
    1.569917E+00   -2.638445E-01
    1.569052E+00   -2.668422E-01
    1.568181E+00   -2.698382E-01
    1.567305E+00   -2.728324E-01
    1.566422E+00   -2.758250E-01
    1.565534E+00   -2.788159E-01
    1.564640E+00   -2.818052E-01
    1.563741E+00   -2.847929E-01
    1.562837E+00   -2.877790E-01
    1.561928E+00   -2.907635E-01
    1.561013E+00   -2.937464E-01
    1.560093E+00   -2.967278E-01
    1.559169E+00   -2.997076E-01
    1.558239E+00   -3.026860E-01
    1.557305E+00   -3.056629E-01
    1.556366E+00   -3.086382E-01
    1.555423E+00   -3.116122E-01
    1.554475E+00   -3.145847E-01
    1.553522E+00   -3.175558E-01
    1.552566E+00   -3.205254E-01
    1.551605E+00   -3.234937E-01
    1.550639E+00   -3.264606E-01
    1.549670E+00   -3.294261E-01
    1.548696E+00   -3.323903E-01
    1.547718E+00   -3.353532E-01
    1.546737E+00   -3.383147E-01
    1.545751E+00   -3.412749E-01
    1.544761E+00   -3.442338E-01
    1.543768E+00   -3.471915E-01
    1.542771E+00   -3.501478E-01
    1.541770E+00   -3.531029E-01
    1.540765E+00   -3.560567E-01
    1.539757E+00   -3.590093E-01
    1.538745E+00   -3.619606E-01
    1.537729E+00   -3.649107E-01
    1.536710E+00   -3.678596E-01
    1.535688E+00   -3.708073E-01
    1.534662E+00   -3.737538E-01
    1.533633E+00   -3.766991E-01
    1.532600E+00   -3.796433E-01
    1.531564E+00   -3.825863E-01
    1.530525E+00   -3.855282E-01
    1.529483E+00   -3.884690E-01
    1.528437E+00   -3.914086E-01
    1.527389E+00   -3.943472E-01
    1.526338E+00   -3.972847E-01
    1.525363E+00   -4.000000E-01
# Wall   43, psi=   1.135370E-01, psi/psi_sep =  1.439218
    1.479266E+00    5.400000E-01
    1.480432E+00    5.371059E-01
    1.481595E+00    5.342111E-01
    1.482757E+00    5.313154E-01
    1.483917E+00    5.284189E-01
    1.485074E+00    5.255217E-01
    1.486230E+00    5.226236E-01
    1.487384E+00    5.197248E-01
    1.488536E+00    5.168251E-01
    1.489685E+00    5.139247E-01
    1.490833E+00    5.110235E-01
    1.491979E+00    5.081215E-01
    1.493123E+00    5.052188E-01
    1.494265E+00    5.023153E-01
    1.495405E+00    4.994110E-01
    1.496543E+00    4.965059E-01
    1.497679E+00    4.936001E-01
    1.498813E+00    4.906934E-01
    1.499945E+00    4.877860E-01
    1.501075E+00    4.848778E-01
    1.502203E+00    4.819688E-01
    1.503328E+00    4.790591E-01
    1.504452E+00    4.761485E-01
    1.505574E+00    4.732372E-01
    1.506694E+00    4.703250E-01
    1.507811E+00    4.674120E-01
    1.508927E+00    4.644983E-01
    1.510040E+00    4.615837E-01
    1.511152E+00    4.586683E-01
    1.512261E+00    4.557521E-01
    1.513368E+00    4.528351E-01
    1.514473E+00    4.499173E-01
    1.515575E+00    4.469987E-01
    1.516676E+00    4.440792E-01
    1.517774E+00    4.411589E-01
    1.518870E+00    4.382378E-01
    1.519964E+00    4.353159E-01
    1.521056E+00    4.323932E-01
    1.522146E+00    4.294696E-01
    1.523233E+00    4.265452E-01
    1.524318E+00    4.236199E-01
    1.525401E+00    4.206938E-01
    1.526481E+00    4.177668E-01
    1.527559E+00    4.148390E-01
    1.528635E+00    4.119102E-01
    1.529708E+00    4.089806E-01
    1.530778E+00    4.060500E-01
    1.531846E+00    4.031185E-01
    1.532912E+00    4.001860E-01
    1.533975E+00    3.972526E-01
    1.535035E+00    3.943182E-01
    1.536092E+00    3.913829E-01
    1.537146E+00    3.884464E-01
    1.538198E+00    3.855090E-01
    1.539247E+00    3.825705E-01
    1.540292E+00    3.796310E-01
    1.541335E+00    3.766904E-01
    1.542375E+00    3.737487E-01
    1.543411E+00    3.708059E-01
    1.544444E+00    3.678620E-01
    1.545475E+00    3.649169E-01
    1.546501E+00    3.619707E-01
    1.547525E+00    3.590233E-01
    1.548545E+00    3.560748E-01
    1.549561E+00    3.531250E-01
    1.550574E+00    3.501741E-01
    1.551584E+00    3.472219E-01
    1.552590E+00    3.442685E-01
    1.553592E+00    3.413139E-01
    1.554591E+00    3.383580E-01
    1.555585E+00    3.354009E-01
    1.556576E+00    3.324424E-01
    1.557563E+00    3.294826E-01
    1.558546E+00    3.265215E-01
    1.559525E+00    3.235591E-01
    1.560500E+00    3.205953E-01
    1.561471E+00    3.176301E-01
    1.562437E+00    3.146636E-01
    1.563399E+00    3.116956E-01
    1.564357E+00    3.087261E-01
    1.565310E+00    3.057553E-01
    1.566258E+00    3.027829E-01
    1.567202E+00    2.998091E-01
    1.568141E+00    2.968337E-01
    1.569075E+00    2.938568E-01
    1.570004E+00    2.908784E-01
    1.570928E+00    2.878984E-01
    1.571847E+00    2.849168E-01
    1.572761E+00    2.819336E-01
    1.573669E+00    2.789487E-01
    1.574572E+00    2.759622E-01
    1.575470E+00    2.729740E-01
    1.576361E+00    2.699842E-01
    1.577247E+00    2.669926E-01
    1.578127E+00    2.639993E-01
    1.579002E+00    2.610043E-01
    1.579870E+00    2.580075E-01
    1.580732E+00    2.550090E-01
    1.581587E+00    2.520086E-01
    1.582437E+00    2.490064E-01
    1.583279E+00    2.460024E-01
    1.584116E+00    2.429966E-01
    1.584945E+00    2.399889E-01
    1.585768E+00    2.369793E-01
    1.586584E+00    2.339678E-01
    1.587392E+00    2.309545E-01
    1.588194E+00    2.279392E-01
    1.588988E+00    2.249220E-01
    1.589775E+00    2.219028E-01
    1.590000E+00    2.210346E-01
# Wall   44, psi=   1.135370E-01, psi/psi_sep =  1.439218
    1.590000E+00   -2.217113E-01
    1.589225E+00   -2.247334E-01
    1.588443E+00   -2.277538E-01
    1.587653E+00   -2.307722E-01
    1.586857E+00   -2.337888E-01
    1.586053E+00   -2.368036E-01
    1.585243E+00   -2.398166E-01
    1.584426E+00   -2.428278E-01
    1.583603E+00   -2.458371E-01
    1.582773E+00   -2.488447E-01
    1.581936E+00   -2.518505E-01
    1.581094E+00   -2.548546E-01
    1.580245E+00   -2.578569E-01
    1.579390E+00   -2.608576E-01
    1.578530E+00   -2.638565E-01
    1.577663E+00   -2.668537E-01
    1.576791E+00   -2.698493E-01
    1.575913E+00   -2.728433E-01
    1.575029E+00   -2.758355E-01
    1.574140E+00   -2.788262E-01
    1.573246E+00   -2.818153E-01
    1.572346E+00   -2.848028E-01
    1.571442E+00   -2.877888E-01
    1.570532E+00   -2.907732E-01
    1.569617E+00   -2.937561E-01
    1.568698E+00   -2.967375E-01
    1.567773E+00   -2.997174E-01
    1.566844E+00   -3.026959E-01
    1.565911E+00   -3.056729E-01
    1.564972E+00   -3.086485E-01
    1.564030E+00   -3.116227E-01
    1.563083E+00   -3.145955E-01
    1.562131E+00   -3.175669E-01
    1.561176E+00   -3.205370E-01
    1.560216E+00   -3.235057E-01
    1.559252E+00   -3.264732E-01
    1.558285E+00   -3.294393E-01
    1.557313E+00   -3.324042E-01
    1.556338E+00   -3.353678E-01
    1.555358E+00   -3.383301E-01
    1.554375E+00   -3.412912E-01
    1.553389E+00   -3.442511E-01
    1.552399E+00   -3.472098E-01
    1.551405E+00   -3.501673E-01
    1.550408E+00   -3.531236E-01
    1.549407E+00   -3.560788E-01
    1.548403E+00   -3.590328E-01
    1.547396E+00   -3.619857E-01
    1.546385E+00   -3.649375E-01
    1.545371E+00   -3.678882E-01
    1.544354E+00   -3.708377E-01
    1.543334E+00   -3.737862E-01
    1.542310E+00   -3.767336E-01
    1.541284E+00   -3.796800E-01
    1.540255E+00   -3.826253E-01
    1.539223E+00   -3.855696E-01
    1.538188E+00   -3.885130E-01
    1.537150E+00   -3.914553E-01
    1.536109E+00   -3.943966E-01
    1.535066E+00   -3.973370E-01
    1.534118E+00   -4.000000E-01
# Wall   45, psi=   1.160120E-01, psi/psi_sep =  1.470590
    1.489037E+00    5.400000E-01
    1.490177E+00    5.370958E-01
    1.491316E+00    5.341909E-01
    1.492452E+00    5.312854E-01
    1.493588E+00    5.283793E-01
    1.494722E+00    5.254726E-01
    1.495854E+00    5.225652E-01
    1.496984E+00    5.196573E-01
    1.498113E+00    5.167487E-01
    1.499241E+00    5.138395E-01
    1.500367E+00    5.109298E-01
    1.501491E+00    5.080194E-01
    1.502614E+00    5.051084E-01
    1.503735E+00    5.021967E-01
    1.504854E+00    4.992845E-01
    1.505972E+00    4.963716E-01
    1.507088E+00    4.934581E-01
    1.508203E+00    4.905440E-01
    1.509316E+00    4.876292E-01
    1.510427E+00    4.847138E-01
    1.511536E+00    4.817978E-01
    1.512644E+00    4.788811E-01
    1.513750E+00    4.759638E-01
    1.514855E+00    4.730458E-01
    1.515958E+00    4.701272E-01
    1.517059E+00    4.672079E-01
    1.518158E+00    4.642880E-01
    1.519256E+00    4.613674E-01
    1.520351E+00    4.584462E-01
    1.521446E+00    4.555243E-01
    1.522538E+00    4.526018E-01
    1.523628E+00    4.496786E-01
    1.524717E+00    4.467548E-01
    1.525804E+00    4.438303E-01
    1.526890E+00    4.409051E-01
    1.527973E+00    4.379792E-01
    1.529055E+00    4.350527E-01
    1.530134E+00    4.321255E-01
    1.531212E+00    4.291975E-01
    1.532288E+00    4.262689E-01
    1.533362E+00    4.233395E-01
    1.534434E+00    4.204094E-01
    1.535504E+00    4.174786E-01
    1.536571E+00    4.145470E-01
    1.537637E+00    4.116146E-01
    1.538700E+00    4.086815E-01
    1.539762E+00    4.057475E-01
    1.540821E+00    4.028127E-01
    1.541877E+00    3.998771E-01
    1.542932E+00    3.969406E-01
    1.543983E+00    3.940033E-01
    1.545033E+00    3.910650E-01
    1.546080E+00    3.881259E-01
    1.547124E+00    3.851859E-01
    1.548166E+00    3.822449E-01
    1.549205E+00    3.793030E-01
    1.550241E+00    3.763601E-01
    1.551274E+00    3.734162E-01
    1.552305E+00    3.704713E-01
    1.553333E+00    3.675255E-01
    1.554357E+00    3.645785E-01
    1.555379E+00    3.616306E-01
    1.556398E+00    3.586816E-01
    1.557413E+00    3.557315E-01
    1.558426E+00    3.527803E-01
    1.559435E+00    3.498280E-01
    1.560441E+00    3.468746E-01
    1.561443E+00    3.439200E-01
    1.562442E+00    3.409643E-01
    1.563438E+00    3.380074E-01
    1.564430E+00    3.350493E-01
    1.565418E+00    3.320900E-01
    1.566403E+00    3.291294E-01
    1.567383E+00    3.261676E-01
    1.568360E+00    3.232044E-01
    1.569333E+00    3.202400E-01
    1.570302E+00    3.172743E-01
    1.571267E+00    3.143072E-01
    1.572228E+00    3.113388E-01
    1.573184E+00    3.083690E-01
    1.574136E+00    3.053978E-01
    1.575084E+00    3.024251E-01
    1.576027E+00    2.994511E-01
    1.576965E+00    2.964755E-01
    1.577899E+00    2.934985E-01
    1.578828E+00    2.905200E-01
    1.579752E+00    2.875400E-01
    1.580671E+00    2.845584E-01
    1.581584E+00    2.815752E-01
    1.582493E+00    2.785905E-01
    1.583397E+00    2.756041E-01
    1.584295E+00    2.726162E-01
    1.585187E+00    2.696266E-01
    1.586074E+00    2.666353E-01
    1.586955E+00    2.636423E-01
    1.587831E+00    2.606477E-01
    1.588700E+00    2.576513E-01
    1.589564E+00    2.546532E-01
    1.590000E+00    2.531298E-01
# Wall   46, psi=   1.160120E-01, psi/psi_sep =  1.470590
    1.590000E+00   -2.538865E-01
    1.589150E+00   -2.568886E-01
    1.588295E+00   -2.598889E-01
    1.587433E+00   -2.628877E-01
    1.586566E+00   -2.658847E-01
    1.585693E+00   -2.688802E-01
    1.584815E+00   -2.718740E-01
    1.583931E+00   -2.748662E-01
    1.583042E+00   -2.778569E-01
    1.582148E+00   -2.808460E-01
    1.581249E+00   -2.838335E-01
    1.580344E+00   -2.868196E-01
    1.579435E+00   -2.898041E-01
    1.578521E+00   -2.927872E-01
    1.577602E+00   -2.957688E-01
    1.576678E+00   -2.987490E-01
    1.575750E+00   -3.017277E-01
    1.574818E+00   -3.047051E-01
    1.573881E+00   -3.076811E-01
    1.572939E+00   -3.106557E-01
    1.571994E+00   -3.136290E-01
    1.571044E+00   -3.166010E-01
    1.570090E+00   -3.195716E-01
    1.569133E+00   -3.225410E-01
    1.568171E+00   -3.255091E-01
    1.567206E+00   -3.284760E-01
    1.566237E+00   -3.314417E-01
    1.565264E+00   -3.344061E-01
    1.564287E+00   -3.373694E-01
    1.563307E+00   -3.403315E-01
    1.562324E+00   -3.432925E-01
    1.561337E+00   -3.462523E-01
    1.560347E+00   -3.492111E-01
    1.559354E+00   -3.521687E-01
    1.558357E+00   -3.551252E-01
    1.557357E+00   -3.580807E-01
    1.556355E+00   -3.610352E-01
    1.555349E+00   -3.639886E-01
    1.554340E+00   -3.669410E-01
    1.553328E+00   -3.698925E-01
    1.552314E+00   -3.728429E-01
    1.551296E+00   -3.757924E-01
    1.550276E+00   -3.787409E-01
    1.549254E+00   -3.816885E-01
    1.548228E+00   -3.846352E-01
    1.547200E+00   -3.875810E-01
    1.546170E+00   -3.905259E-01
    1.545137E+00   -3.934699E-01
    1.544101E+00   -3.964131E-01
    1.543063E+00   -3.993554E-01
    1.542836E+00   -4.000000E-01
# Wall   47, psi=   1.184869E-01, psi/psi_sep =  1.501963
    1.498707E+00    5.400000E-01
    1.499822E+00    5.370863E-01
    1.500937E+00    5.341721E-01
    1.502050E+00    5.312574E-01
    1.503162E+00    5.283423E-01
    1.504273E+00    5.254267E-01
    1.505383E+00    5.225107E-01
    1.506491E+00    5.195943E-01
    1.507598E+00    5.166774E-01
    1.508704E+00    5.137600E-01
    1.509809E+00    5.108422E-01
    1.510913E+00    5.079239E-01
    1.512015E+00    5.050051E-01
    1.513116E+00    5.020859E-01
    1.514216E+00    4.991662E-01
    1.515315E+00    4.962460E-01
    1.516412E+00    4.933253E-01
    1.517508E+00    4.904042E-01
    1.518603E+00    4.874826E-01
    1.519696E+00    4.845605E-01
    1.520789E+00    4.816379E-01
    1.521880E+00    4.787148E-01
    1.522969E+00    4.757913E-01
    1.524057E+00    4.728672E-01
    1.525144E+00    4.699427E-01
    1.526230E+00    4.670177E-01
    1.527314E+00    4.640921E-01
    1.528397E+00    4.611661E-01
    1.529479E+00    4.582396E-01
    1.530559E+00    4.553126E-01
    1.531638E+00    4.523850E-01
    1.532715E+00    4.494570E-01
    1.533792E+00    4.465284E-01
    1.534866E+00    4.435993E-01
    1.535939E+00    4.406697E-01
    1.537011E+00    4.377396E-01
    1.538081E+00    4.348089E-01
    1.539150E+00    4.318776E-01
    1.540217E+00    4.289457E-01
    1.541283E+00    4.260133E-01
    1.542346E+00    4.230803E-01
    1.543408E+00    4.201466E-01
    1.544469E+00    4.172123E-01
    1.545527E+00    4.142774E-01
    1.546584E+00    4.113418E-01
    1.547639E+00    4.084056E-01
    1.548692E+00    4.054686E-01
    1.549743E+00    4.025310E-01
    1.550792E+00    3.995926E-01
    1.551839E+00    3.966535E-01
    1.552884E+00    3.937136E-01
    1.553926E+00    3.907730E-01
    1.554967E+00    3.878315E-01
    1.556005E+00    3.848893E-01
    1.557041E+00    3.819462E-01
    1.558074E+00    3.790023E-01
    1.559105E+00    3.760576E-01
    1.560133E+00    3.731120E-01
    1.561159E+00    3.701654E-01
    1.562182E+00    3.672180E-01
    1.563203E+00    3.642697E-01
    1.564221E+00    3.613204E-01
    1.565236E+00    3.583701E-01
    1.566248E+00    3.554188E-01
    1.567257E+00    3.524666E-01
    1.568264E+00    3.495133E-01
    1.569267E+00    3.465590E-01
    1.570267E+00    3.436036E-01
    1.571263E+00    3.406471E-01
    1.572257E+00    3.376895E-01
    1.573247E+00    3.347307E-01
    1.574234E+00    3.317709E-01
    1.575217E+00    3.288098E-01
    1.576196E+00    3.258476E-01
    1.577172E+00    3.228841E-01
    1.578144E+00    3.199194E-01
    1.579113E+00    3.169534E-01
    1.580077E+00    3.139862E-01
    1.581037E+00    3.110177E-01
    1.581993E+00    3.080478E-01
    1.582945E+00    3.050766E-01
    1.583893E+00    3.021040E-01
    1.584836E+00    2.991300E-01
    1.585775E+00    2.961547E-01
    1.586710E+00    2.931779E-01
    1.587640E+00    2.901996E-01
    1.588565E+00    2.872199E-01
    1.589485E+00    2.842387E-01
    1.590000E+00    2.825616E-01
# Wall   48, psi=   1.184869E-01, psi/psi_sep =  1.501963
    1.590000E+00   -2.833735E-01
    1.589094E+00   -2.863590E-01
    1.588183E+00   -2.893431E-01
    1.587268E+00   -2.923258E-01
    1.586348E+00   -2.953071E-01
    1.585423E+00   -2.982870E-01
    1.584494E+00   -3.012655E-01
    1.583561E+00   -3.042426E-01
    1.582624E+00   -3.072185E-01
    1.581682E+00   -3.101930E-01
    1.580736E+00   -3.131662E-01
    1.579787E+00   -3.161382E-01
    1.578833E+00   -3.191089E-01
    1.577876E+00   -3.220784E-01
    1.576915E+00   -3.250467E-01
    1.575950E+00   -3.280139E-01
    1.574982E+00   -3.309798E-01
    1.574010E+00   -3.339446E-01
    1.573035E+00   -3.369083E-01
    1.572057E+00   -3.398709E-01
    1.571075E+00   -3.428325E-01
    1.570090E+00   -3.457929E-01
    1.569102E+00   -3.487524E-01
    1.568111E+00   -3.517108E-01
    1.567117E+00   -3.546682E-01
    1.566120E+00   -3.576246E-01
    1.565120E+00   -3.605801E-01
    1.564118E+00   -3.635347E-01
    1.563113E+00   -3.664883E-01
    1.562105E+00   -3.694410E-01
    1.561094E+00   -3.723928E-01
    1.560081E+00   -3.753438E-01
    1.559066E+00   -3.782940E-01
    1.558048E+00   -3.812432E-01
    1.557028E+00   -3.841917E-01
    1.556005E+00   -3.871394E-01
    1.554980E+00   -3.900863E-01
    1.553953E+00   -3.930325E-01
    1.552924E+00   -3.959779E-01
    1.551893E+00   -3.989225E-01
    1.551515E+00   -4.000000E-01
# Wall   49, psi=   1.209618E-01, psi/psi_sep =  1.533336
    1.508277E+00    5.400000E-01
    1.509369E+00    5.370774E-01
    1.510460E+00    5.341544E-01
    1.511551E+00    5.312312E-01
    1.512641E+00    5.283076E-01
    1.513729E+00    5.253838E-01
    1.514817E+00    5.224596E-01
    1.515905E+00    5.195352E-01
    1.516991E+00    5.166104E-01
    1.518076E+00    5.136854E-01
    1.519161E+00    5.107600E-01
    1.520245E+00    5.078343E-01
    1.521328E+00    5.049083E-01
    1.522410E+00    5.019819E-01
    1.523491E+00    4.990553E-01
    1.524572E+00    4.961283E-01
    1.525651E+00    4.932010E-01
    1.526730E+00    4.902734E-01
    1.527808E+00    4.873454E-01
    1.528884E+00    4.844172E-01
    1.529960E+00    4.814886E-01
    1.531035E+00    4.785596E-01
    1.532109E+00    4.756303E-01
    1.533183E+00    4.727007E-01
    1.534255E+00    4.697708E-01
    1.535326E+00    4.668405E-01
    1.536397E+00    4.639099E-01
    1.537466E+00    4.609789E-01
    1.538535E+00    4.580476E-01
    1.539602E+00    4.551159E-01
    1.540669E+00    4.521838E-01
    1.541734E+00    4.492514E-01
    1.542799E+00    4.463186E-01
    1.543862E+00    4.433853E-01
    1.544924E+00    4.404517E-01
    1.545985E+00    4.375177E-01
    1.547045E+00    4.345833E-01
    1.548104E+00    4.316484E-01
    1.549161E+00    4.287130E-01
    1.550217E+00    4.257772E-01
    1.551272E+00    4.228409E-01
    1.552326E+00    4.199041E-01
    1.553378E+00    4.169668E-01
    1.554428E+00    4.140290E-01
    1.555477E+00    4.110906E-01
    1.556525E+00    4.081517E-01
    1.557570E+00    4.052122E-01
    1.558614E+00    4.022721E-01
    1.559657E+00    3.993314E-01
    1.560698E+00    3.963901E-01
    1.561736E+00    3.934481E-01
    1.562773E+00    3.905055E-01
    1.563808E+00    3.875621E-01
    1.564842E+00    3.846181E-01
    1.565873E+00    3.816734E-01
    1.566901E+00    3.787280E-01
    1.567928E+00    3.757818E-01
    1.568953E+00    3.728348E-01
    1.569975E+00    3.698870E-01
    1.570995E+00    3.669384E-01
    1.572012E+00    3.639890E-01
    1.573027E+00    3.610387E-01
    1.574040E+00    3.580875E-01
    1.575050E+00    3.551355E-01
    1.576057E+00    3.521825E-01
    1.577061E+00    3.492285E-01
    1.578063E+00    3.462736E-01
    1.579061E+00    3.433177E-01
    1.580057E+00    3.403608E-01
    1.581049E+00    3.374029E-01
    1.582038E+00    3.344439E-01
    1.583024E+00    3.314838E-01
    1.584007E+00    3.285226E-01
    1.584986E+00    3.255602E-01
    1.585962E+00    3.225968E-01
    1.586934E+00    3.196321E-01
    1.587903E+00    3.166663E-01
    1.588868E+00    3.136992E-01
    1.589829E+00    3.107309E-01
    1.590000E+00    3.102012E-01
# Wall   50, psi=   1.209618E-01, psi/psi_sep =  1.533336
    1.590000E+00   -3.110478E-01
    1.589052E+00   -3.140202E-01
    1.588099E+00   -3.169913E-01
    1.587143E+00   -3.199612E-01
    1.586184E+00   -3.229300E-01
    1.585221E+00   -3.258977E-01
    1.584254E+00   -3.288643E-01
    1.583285E+00   -3.318297E-01
    1.582312E+00   -3.347941E-01
    1.581336E+00   -3.377575E-01
    1.580356E+00   -3.407198E-01
    1.579374E+00   -3.436811E-01
    1.578389E+00   -3.466415E-01
    1.577401E+00   -3.496009E-01
    1.576410E+00   -3.525594E-01
    1.575416E+00   -3.555169E-01
    1.574420E+00   -3.584736E-01
    1.573421E+00   -3.614294E-01
    1.572420E+00   -3.643843E-01
    1.571416E+00   -3.673384E-01
    1.570410E+00   -3.702918E-01
    1.569401E+00   -3.732443E-01
    1.568391E+00   -3.761961E-01
    1.567378E+00   -3.791471E-01
    1.566363E+00   -3.820974E-01
    1.565346E+00   -3.850470E-01
    1.564327E+00   -3.879959E-01
    1.563306E+00   -3.909441E-01
    1.562283E+00   -3.938917E-01
    1.561258E+00   -3.968387E-01
    1.560232E+00   -3.997850E-01
    1.560157E+00   -4.000000E-01
# Wall   51, psi=   1.234368E-01, psi/psi_sep =  1.564708
    1.517749E+00    5.400000E-01
    1.518818E+00    5.370690E-01
    1.519887E+00    5.341378E-01
    1.520955E+00    5.312065E-01
    1.522024E+00    5.282750E-01
    1.523091E+00    5.253433E-01
    1.524158E+00    5.224115E-01
    1.525225E+00    5.194796E-01
    1.526292E+00    5.165475E-01
    1.527358E+00    5.136152E-01
    1.528423E+00    5.106828E-01
    1.529488E+00    5.077502E-01
    1.530553E+00    5.048174E-01
    1.531617E+00    5.018845E-01
    1.532680E+00    4.989514E-01
    1.533743E+00    4.960181E-01
    1.534806E+00    4.930846E-01
    1.535868E+00    4.901510E-01
    1.536930E+00    4.872173E-01
    1.537991E+00    4.842833E-01
    1.539052E+00    4.813492E-01
    1.540112E+00    4.784149E-01
    1.541172E+00    4.754804E-01
    1.542232E+00    4.725457E-01
    1.543290E+00    4.696108E-01
    1.544348E+00    4.666757E-01
    1.545406E+00    4.637405E-01
    1.546463E+00    4.608050E-01
    1.547520E+00    4.578693E-01
    1.548576E+00    4.549334E-01
    1.549631E+00    4.519973E-01
    1.550685E+00    4.490609E-01
    1.551739E+00    4.461243E-01
    1.552792E+00    4.431874E-01
    1.553845E+00    4.402502E-01
    1.554896E+00    4.373127E-01
    1.555947E+00    4.343749E-01
    1.556997E+00    4.314368E-01
    1.558045E+00    4.284984E-01
    1.559093E+00    4.255597E-01
    1.560140E+00    4.226205E-01
    1.561186E+00    4.196810E-01
    1.562231E+00    4.167411E-01
    1.563274E+00    4.138008E-01
    1.564316E+00    4.108601E-01
    1.565358E+00    4.079189E-01
    1.566397E+00    4.049773E-01
    1.567436E+00    4.020352E-01
    1.568473E+00    3.990926E-01
    1.569508E+00    3.961494E-01
    1.570543E+00    3.932058E-01
    1.571575E+00    3.902616E-01
    1.572606E+00    3.873168E-01
    1.573635E+00    3.843714E-01
    1.574662E+00    3.814254E-01
    1.575688E+00    3.784788E-01
    1.576712E+00    3.755315E-01
    1.577733E+00    3.725836E-01
    1.578753E+00    3.696349E-01
    1.579771E+00    3.666855E-01
    1.580786E+00    3.637354E-01
    1.581799E+00    3.607845E-01
    1.582810E+00    3.578328E-01
    1.583819E+00    3.548802E-01
    1.584825E+00    3.519269E-01
    1.585828E+00    3.489726E-01
    1.586829E+00    3.460175E-01
    1.587827E+00    3.430615E-01
    1.588822E+00    3.401045E-01
    1.589815E+00    3.371465E-01
    1.590000E+00    3.365933E-01
# Wall   52, psi=   1.234368E-01, psi/psi_sep =  1.564708
    1.590000E+00   -3.374565E-01
    1.589020E+00   -3.404186E-01
    1.588038E+00   -3.433799E-01
    1.587052E+00   -3.463402E-01
    1.586064E+00   -3.492996E-01
    1.585074E+00   -3.522582E-01
    1.584081E+00   -3.552160E-01
    1.583085E+00   -3.581729E-01
    1.582087E+00   -3.611290E-01
    1.581087E+00   -3.640844E-01
    1.580085E+00   -3.670390E-01
    1.579081E+00   -3.699930E-01
    1.578074E+00   -3.729462E-01
    1.577066E+00   -3.758987E-01
    1.576055E+00   -3.788506E-01
    1.575043E+00   -3.818019E-01
    1.574029E+00   -3.847525E-01
    1.573014E+00   -3.877026E-01
    1.571996E+00   -3.906521E-01
    1.570978E+00   -3.936010E-01
    1.569957E+00   -3.965494E-01
    1.568935E+00   -3.994973E-01
    1.568761E+00   -4.000000E-01
# Wall   53, psi=   1.259117E-01, psi/psi_sep =  1.596081
    1.527122E+00    5.400000E-01
    1.528129E+00    5.371741E-01
    1.529136E+00    5.343482E-01
    1.530144E+00    5.315223E-01
    1.531191E+00    5.285833E-01
    1.532238E+00    5.256444E-01
    1.533245E+00    5.228184E-01
    1.534292E+00    5.198794E-01
    1.535340E+00    5.169404E-01
    1.536347E+00    5.141145E-01
    1.537354E+00    5.112885E-01
    1.538361E+00    5.084625E-01
    1.539367E+00    5.056366E-01
    1.540374E+00    5.028106E-01
    1.541381E+00    4.999845E-01
    1.542428E+00    4.970455E-01
    1.543475E+00    4.941064E-01
    1.544522E+00    4.911673E-01
    1.545529E+00    4.883412E-01
    1.546535E+00    4.855151E-01
    1.547582E+00    4.825760E-01
    1.548629E+00    4.796368E-01
    1.549675E+00    4.766975E-01
    1.550722E+00    4.737583E-01
    1.551768E+00    4.708189E-01
    1.552814E+00    4.678796E-01
    1.553860E+00    4.649401E-01
    1.554906E+00    4.620007E-01
    1.555952E+00    4.590611E-01
    1.556997E+00    4.561214E-01
    1.558042E+00    4.531817E-01
    1.559087E+00    4.502418E-01
    1.560131E+00    4.473018E-01
    1.561176E+00    4.443617E-01
    1.562219E+00    4.414215E-01
    1.563263E+00    4.384811E-01
    1.564305E+00    4.355405E-01
    1.565348E+00    4.325997E-01
    1.566389E+00    4.296587E-01
    1.567430E+00    4.267175E-01
    1.568471E+00    4.237761E-01
    1.569510E+00    4.208344E-01
    1.570549E+00    4.178925E-01
    1.571587E+00    4.149503E-01
    1.572625E+00    4.120077E-01
    1.573661E+00    4.090649E-01
    1.574696E+00    4.061217E-01
    1.575731E+00    4.031782E-01
    1.576764E+00    4.002342E-01
    1.577796E+00    3.972899E-01
    1.578827E+00    3.943452E-01
    1.579857E+00    3.914000E-01
    1.580885E+00    3.884544E-01
    1.581912E+00    3.855082E-01
    1.582938E+00    3.825616E-01
    1.583962E+00    3.796145E-01
    1.584984E+00    3.766667E-01
    1.586005E+00    3.737184E-01
    1.587024E+00    3.707696E-01
    1.588041E+00    3.678200E-01
    1.589057E+00    3.648699E-01
    1.590000E+00    3.621235E-01
# Wall   54, psi=   1.259117E-01, psi/psi_sep =  1.596081
    1.590000E+00   -3.629875E-01
    1.588999E+00   -3.659425E-01
    1.587996E+00   -3.688968E-01
    1.586991E+00   -3.718505E-01
    1.585984E+00   -3.748036E-01
    1.584976E+00   -3.777562E-01
    1.583966E+00   -3.807082E-01
    1.582954E+00   -3.836597E-01
    1.581941E+00   -3.866107E-01
    1.580927E+00   -3.895612E-01
    1.579911E+00   -3.925112E-01
    1.578894E+00   -3.954608E-01
    1.577876E+00   -3.984100E-01
    1.577326E+00   -4.000000E-01
# Wall   55, psi=   1.283866E-01, psi/psi_sep =  1.627454
    1.536398E+00    5.400000E-01
    1.537424E+00    5.370536E-01
    1.538451E+00    5.341074E-01
    1.539478E+00    5.311613E-01
    1.540505E+00    5.282153E-01
    1.541533E+00    5.252695E-01
    1.542561E+00    5.223238E-01
    1.543590E+00    5.193783E-01
    1.544619E+00    5.164329E-01
    1.545649E+00    5.134877E-01
    1.546679E+00    5.105426E-01
    1.547709E+00    5.075976E-01
    1.548740E+00    5.046528E-01
    1.549771E+00    5.017081E-01
    1.550803E+00    4.987636E-01
    1.551835E+00    4.958192E-01
    1.552867E+00    4.928749E-01
    1.553900E+00    4.899308E-01
    1.554933E+00    4.869867E-01
    1.555966E+00    4.840428E-01
    1.557000E+00    4.810991E-01
    1.558034E+00    4.781554E-01
    1.559068E+00    4.752118E-01
    1.560103E+00    4.722684E-01
    1.561137E+00    4.693250E-01
    1.562172E+00    4.663817E-01
    1.563208E+00    4.634384E-01
    1.564243E+00    4.604953E-01
    1.565279E+00    4.575522E-01
    1.566315E+00    4.546091E-01
    1.567350E+00    4.516661E-01
    1.568346E+00    4.488362E-01
    1.569342E+00    4.460064E-01
    1.570378E+00    4.430634E-01
    1.571374E+00    4.402335E-01
    1.572410E+00    4.372904E-01
    1.573445E+00    4.343473E-01
    1.574481E+00    4.314041E-01
    1.575516E+00    4.284608E-01
    1.576551E+00    4.255174E-01
    1.577585E+00    4.225739E-01
    1.578619E+00    4.196302E-01
    1.579653E+00    4.166864E-01
    1.580686E+00    4.137424E-01
    1.581718E+00    4.107982E-01
    1.582750E+00    4.078538E-01
    1.583782E+00    4.049092E-01
    1.584812E+00    4.019643E-01
    1.585842E+00    3.990191E-01
    1.586871E+00    3.960737E-01
    1.587899E+00    3.931279E-01
    1.588926E+00    3.901818E-01
    1.589952E+00    3.872353E-01
    1.590000E+00    3.870968E-01
# Wall   56, psi=   1.283866E-01, psi/psi_sep =  1.627454
    1.590000E+00   -3.879492E-01
    1.588986E+00   -3.909000E-01
    1.587972E+00   -3.938505E-01
    1.586956E+00   -3.968006E-01
    1.585940E+00   -3.997504E-01
    1.585854E+00   -4.000000E-01
# Wall   57, psi=   1.308616E-01, psi/psi_sep =  1.658826
    1.545575E+00    5.400000E-01
    1.546581E+00    5.370466E-01
    1.547588E+00    5.340936E-01
    1.548596E+00    5.311408E-01
    1.549604E+00    5.281883E-01
    1.550614E+00    5.252361E-01
    1.551624E+00    5.222842E-01
    1.552635E+00    5.193326E-01
    1.553647E+00    5.163813E-01
    1.554660E+00    5.134303E-01
    1.555674E+00    5.104796E-01
    1.556689E+00    5.075291E-01
    1.557704E+00    5.045790E-01
    1.558720E+00    5.016292E-01
    1.559737E+00    4.986796E-01
    1.560755E+00    4.957303E-01
    1.561774E+00    4.927813E-01
    1.562793E+00    4.898326E-01
    1.563814E+00    4.868841E-01
    1.564835E+00    4.839359E-01
    1.565856E+00    4.809879E-01
    1.566879E+00    4.780402E-01
    1.567902E+00    4.750927E-01
    1.568926E+00    4.721455E-01
    1.569950E+00    4.691985E-01
    1.570975E+00    4.662517E-01
    1.572001E+00    4.633051E-01
    1.573027E+00    4.603587E-01
    1.574054E+00    4.574125E-01
    1.575081E+00    4.544665E-01
    1.576109E+00    4.515206E-01
    1.577137E+00    4.485749E-01
    1.578166E+00    4.456293E-01
    1.579195E+00    4.426839E-01
    1.580224E+00    4.397385E-01
    1.581253E+00    4.367932E-01
    1.582283E+00    4.338480E-01
    1.583313E+00    4.309028E-01
    1.584343E+00    4.279577E-01
    1.585333E+00    4.251259E-01
    1.586323E+00    4.222940E-01
    1.587353E+00    4.193489E-01
    1.588383E+00    4.164037E-01
    1.589412E+00    4.134585E-01
    1.590000E+00    4.117770E-01
# Wall   58, psi=   1.333365E-01, psi/psi_sep =  1.690199
    1.554655E+00    5.400000E-01
    1.555641E+00    5.370401E-01
    1.556629E+00    5.340807E-01
    1.557619E+00    5.311217E-01
    1.558610E+00    5.281632E-01
    1.559602E+00    5.252051E-01
    1.560595E+00    5.222474E-01
    1.561589E+00    5.192902E-01
    1.562585E+00    5.163335E-01
    1.563583E+00    5.133771E-01
    1.564581E+00    5.104212E-01
    1.565581E+00    5.074658E-01
    1.566582E+00    5.045108E-01
    1.567585E+00    5.015562E-01
    1.568588E+00    4.986020E-01
    1.569593E+00    4.956483E-01
    1.570599E+00    4.926950E-01
    1.571607E+00    4.897420E-01
    1.572615E+00    4.867895E-01
    1.573625E+00    4.838374E-01
    1.574636E+00    4.808857E-01
    1.575648E+00    4.779344E-01
    1.576661E+00    4.749834E-01
    1.577675E+00    4.720328E-01
    1.578690E+00    4.690826E-01
    1.579706E+00    4.661328E-01
    1.580723E+00    4.631832E-01
    1.581742E+00    4.602340E-01
    1.582761E+00    4.572851E-01
    1.583781E+00    4.543366E-01
    1.584801E+00    4.513883E-01
    1.585823E+00    4.484403E-01
    1.586845E+00    4.454925E-01
    1.587868E+00    4.425450E-01
    1.588892E+00    4.395978E-01
    1.589916E+00    4.366507E-01
    1.590000E+00    4.364101E-01
# Wall   59, psi=   1.358114E-01, psi/psi_sep =  1.721572
    1.563637E+00    5.400000E-01
    1.564605E+00    5.370341E-01
    1.565575E+00    5.340688E-01
    1.566547E+00    5.311041E-01
    1.567521E+00    5.281399E-01
    1.568497E+00    5.251764E-01
    1.569474E+00    5.222134E-01
    1.570453E+00    5.192511E-01
    1.571434E+00    5.162893E-01
    1.572417E+00    5.133280E-01
    1.573401E+00    5.103674E-01
    1.574387E+00    5.074074E-01
    1.575375E+00    5.044479E-01
    1.576365E+00    5.014890E-01
    1.577356E+00    4.985306E-01
    1.578349E+00    4.955728E-01
    1.579343E+00    4.926156E-01
    1.580340E+00    4.896589E-01
    1.581337E+00    4.867028E-01
    1.582337E+00    4.837472E-01
    1.583338E+00    4.807921E-01
    1.584340E+00    4.778375E-01
    1.585344E+00    4.748835E-01
    1.586350E+00    4.719300E-01
    1.587357E+00    4.689769E-01
    1.588365E+00    4.660244E-01
    1.589375E+00    4.630723E-01
    1.590000E+00    4.612475E-01
# Wall   60, psi=   1.382863E-01, psi/psi_sep =  1.752944
    1.572521E+00    5.400000E-01
    1.573472E+00    5.370285E-01
    1.574426E+00    5.340578E-01
    1.575381E+00    5.310877E-01
    1.576339E+00    5.281184E-01
    1.577300E+00    5.251499E-01
    1.578262E+00    5.221820E-01
    1.579227E+00    5.192149E-01
    1.580193E+00    5.162485E-01
    1.581163E+00    5.132828E-01
    1.582134E+00    5.103178E-01
    1.583107E+00    5.073536E-01
    1.584083E+00    5.043900E-01
    1.585061E+00    5.014272E-01
    1.586040E+00    4.984650E-01
    1.587022E+00    4.955036E-01
    1.588006E+00    4.925429E-01
    1.588993E+00    4.895828E-01
    1.589981E+00    4.866234E-01
    1.590000E+00    4.865659E-01
# Wall   61, psi=   1.407613E-01, psi/psi_sep =  1.784317
    1.581309E+00    5.400000E-01
    1.582244E+00    5.370234E-01
    1.583181E+00    5.340476E-01
    1.584122E+00    5.310726E-01
    1.585065E+00    5.280986E-01
    1.586010E+00    5.251254E-01
    1.586959E+00    5.221530E-01
    1.587910E+00    5.191815E-01
    1.588864E+00    5.162109E-01
    1.589820E+00    5.132411E-01
    1.590000E+00    5.126840E-01
# Boundary wall,   62
    1.200000E+00   -4.000000E-01
    1.200000E+00   -3.976776E-01
    1.200000E+00   -3.872973E-01
    1.200000E+00   -3.752622E-01
    1.200000E+00   -3.745946E-01
    1.200000E+00   -3.618919E-01
    1.200000E+00   -3.509082E-01
    1.200000E+00   -3.491892E-01
    1.200000E+00   -3.364865E-01
    1.200000E+00   -3.240008E-01
    1.200000E+00   -3.237838E-01
    1.200000E+00   -3.110811E-01
    1.200000E+00   -2.983784E-01
    1.200000E+00   -2.936021E-01
    1.200000E+00   -2.856757E-01
    1.200000E+00   -2.729730E-01
    1.200000E+00   -2.602703E-01
    1.200000E+00   -2.581611E-01
    1.200000E+00   -2.475676E-01
    1.200000E+00   -2.348649E-01
    1.200000E+00   -2.221622E-01
    1.200000E+00   -2.146815E-01
    1.200000E+00   -2.094595E-01
    1.200000E+00   -1.967568E-01
    1.200000E+00   -1.840541E-01
    1.200000E+00   -1.713514E-01
    1.200000E+00   -1.586486E-01
    1.200000E+00   -1.555714E-01
    1.200000E+00   -1.459459E-01
    1.200000E+00   -1.332432E-01
    1.200000E+00   -1.205405E-01
    1.200000E+00   -1.078378E-01
    1.200000E+00   -9.513514E-02
    1.200000E+00   -8.243243E-02
    1.200000E+00   -6.972973E-02
    1.200000E+00   -5.702703E-02
    1.200000E+00   -4.432432E-02
    1.200000E+00   -3.162162E-02
    1.200000E+00   -1.891892E-02
    1.200000E+00   -6.216216E-03
    1.200000E+00    6.486486E-03
    1.200000E+00    1.918919E-02
    1.200000E+00    3.189189E-02
    1.200000E+00    4.459459E-02
    1.200000E+00    5.729730E-02
    1.200000E+00    7.000000E-02
    1.200000E+00    8.270270E-02
    1.200000E+00    9.540541E-02
    1.200000E+00    1.081081E-01
    1.200000E+00    1.208108E-01
    1.200000E+00    1.335135E-01
    1.200000E+00    1.462162E-01
    1.200000E+00    1.468344E-01
    1.200000E+00    1.589189E-01
    1.200000E+00    1.716216E-01
    1.200000E+00    1.843243E-01
    1.200000E+00    1.970270E-01
    1.200000E+00    2.054817E-01
    1.200000E+00    2.097297E-01
    1.200000E+00    2.224324E-01
    1.200000E+00    2.351351E-01
    1.200000E+00    2.478378E-01
    1.200000E+00    2.485866E-01
    1.200000E+00    2.605405E-01
    1.200000E+00    2.732432E-01
    1.200000E+00    2.837126E-01
    1.200000E+00    2.859459E-01
    1.200000E+00    2.986486E-01
    1.200000E+00    3.113514E-01
    1.200000E+00    3.138445E-01
    1.200000E+00    3.240541E-01
    1.200000E+00    3.367568E-01
    1.200000E+00    3.405260E-01
    1.200000E+00    3.494595E-01
    1.200000E+00    3.621622E-01
    1.200000E+00    3.646825E-01
    1.200000E+00    3.748649E-01
    1.200000E+00    3.869215E-01
    1.200000E+00    3.875676E-01
    1.200000E+00    4.002703E-01
    1.200000E+00    4.076655E-01
    1.200000E+00    4.129730E-01
    1.200000E+00    4.256757E-01
    1.200000E+00    4.272298E-01
    1.200000E+00    4.383784E-01
    1.200000E+00    4.458595E-01
    1.200000E+00    4.510811E-01
    1.200000E+00    4.637501E-01
    1.200000E+00    4.637838E-01
    1.200000E+00    4.764865E-01
    1.200000E+00    4.810615E-01
    1.200000E+00    4.891892E-01
    1.200000E+00    4.979277E-01
    1.200000E+00    5.018919E-01
    1.200000E+00    5.144657E-01
    1.200000E+00    5.145946E-01
    1.200000E+00    5.272973E-01
    1.200000E+00    5.307824E-01
    1.200000E+00    5.400000E-01
    1.206797E+00    5.400000E-01
    1.211471E+00    5.400000E-01
    1.222012E+00    5.400000E-01
    1.222941E+00    5.400000E-01
    1.234412E+00    5.400000E-01
    1.236608E+00    5.400000E-01
    1.245882E+00    5.400000E-01
    1.250723E+00    5.400000E-01
    1.257353E+00    5.400000E-01
    1.264460E+00    5.400000E-01
    1.268824E+00    5.400000E-01
    1.277895E+00    5.400000E-01
    1.280294E+00    5.400000E-01
    1.291101E+00    5.400000E-01
    1.291765E+00    5.400000E-01
    1.303235E+00    5.400000E-01
    1.304164E+00    5.400000E-01
    1.314706E+00    5.400000E-01
    1.317158E+00    5.400000E-01
    1.326176E+00    5.400000E-01
    1.330097E+00    5.400000E-01
    1.337647E+00    5.400000E-01
    1.341667E+00    5.400000E-01
    1.349118E+00    5.400000E-01
    1.353086E+00    5.400000E-01
    1.360588E+00    5.400000E-01
    1.364331E+00    5.400000E-01
    1.372059E+00    5.400000E-01
    1.375411E+00    5.400000E-01
    1.383529E+00    5.400000E-01
    1.386346E+00    5.400000E-01
    1.395000E+00    5.400000E-01
    1.397148E+00    5.400000E-01
    1.406471E+00    5.400000E-01
    1.407823E+00    5.400000E-01
    1.417941E+00    5.400000E-01
    1.418376E+00    5.400000E-01
    1.428808E+00    5.400000E-01
    1.429412E+00    5.400000E-01
    1.439123E+00    5.400000E-01
    1.440882E+00    5.400000E-01
    1.449323E+00    5.400000E-01
    1.452353E+00    5.400000E-01
    1.459412E+00    5.400000E-01
    1.463824E+00    5.400000E-01
    1.469392E+00    5.400000E-01
    1.475294E+00    5.400000E-01
    1.479266E+00    5.400000E-01
    1.486765E+00    5.400000E-01
    1.489037E+00    5.400000E-01
    1.498235E+00    5.400000E-01
    1.498707E+00    5.400000E-01
    1.508277E+00    5.400000E-01
    1.509706E+00    5.400000E-01
    1.517749E+00    5.400000E-01
    1.521176E+00    5.400000E-01
    1.527122E+00    5.400000E-01
    1.532647E+00    5.400000E-01
    1.536398E+00    5.400000E-01
    1.544118E+00    5.400000E-01
    1.545575E+00    5.400000E-01
    1.554655E+00    5.400000E-01
    1.555588E+00    5.400000E-01
    1.563637E+00    5.400000E-01
    1.567059E+00    5.400000E-01
    1.572521E+00    5.400000E-01
    1.578529E+00    5.400000E-01
    1.581309E+00    5.400000E-01
    1.590000E+00    5.400000E-01
    1.590000E+00    5.272973E-01
    1.590000E+00    5.145946E-01
    1.590000E+00    5.126840E-01
    1.590000E+00    5.018919E-01
    1.590000E+00    4.891892E-01
    1.590000E+00    4.865659E-01
    1.590000E+00    4.764865E-01
    1.590000E+00    4.637838E-01
    1.590000E+00    4.612475E-01
    1.590000E+00    4.510811E-01
    1.590000E+00    4.383784E-01
    1.590000E+00    4.364101E-01
    1.590000E+00    4.256757E-01
    1.590000E+00    4.129730E-01
    1.590000E+00    4.117770E-01
    1.590000E+00    4.002703E-01
    1.590000E+00    3.875676E-01
    1.590000E+00    3.870968E-01
    1.590000E+00    3.748649E-01
    1.590000E+00    3.621622E-01
    1.590000E+00    3.621235E-01
    1.590000E+00    3.494595E-01
    1.590000E+00    3.367568E-01
    1.590000E+00    3.365933E-01
    1.590000E+00    3.240541E-01
    1.590000E+00    3.113514E-01
    1.590000E+00    3.102012E-01
    1.590000E+00    2.986486E-01
    1.590000E+00    2.859459E-01
    1.590000E+00    2.825616E-01
    1.590000E+00    2.732432E-01
    1.590000E+00    2.605405E-01
    1.590000E+00    2.531298E-01
    1.590000E+00    2.478378E-01
    1.590000E+00    2.351351E-01
    1.590000E+00    2.224324E-01
    1.590000E+00    2.210346E-01
    1.590000E+00    2.097297E-01
    1.590000E+00    1.970270E-01
    1.590000E+00    1.847021E-01
    1.590000E+00    1.843243E-01
    1.590000E+00    1.716216E-01
    1.590000E+00    1.589189E-01
    1.590000E+00    1.462162E-01
    1.590000E+00    1.407419E-01
    1.590000E+00    1.335135E-01
    1.590000E+00    1.208108E-01
    1.590000E+00    1.081081E-01
    1.590000E+00    9.540541E-02
    1.590000E+00    8.270270E-02
    1.590000E+00    7.706081E-02
    1.590000E+00    7.000000E-02
    1.590000E+00    5.729730E-02
    1.590000E+00    4.459459E-02
    1.590000E+00    3.189189E-02
    1.590000E+00    1.918919E-02
    1.590000E+00    6.486486E-03
    1.590000E+00   -6.216216E-03
    1.590000E+00   -1.891892E-02
    1.590000E+00   -3.162162E-02
    1.590000E+00   -4.432432E-02
    1.590000E+00   -5.702703E-02
    1.590000E+00   -6.972973E-02
    1.590000E+00   -7.714696E-02
    1.590000E+00   -8.243243E-02
    1.590000E+00   -9.513514E-02
    1.590000E+00   -1.078378E-01
    1.590000E+00   -1.205405E-01
    1.590000E+00   -1.332432E-01
    1.590000E+00   -1.411274E-01
    1.590000E+00   -1.459459E-01
    1.590000E+00   -1.586486E-01
    1.590000E+00   -1.713514E-01
    1.590000E+00   -1.840541E-01
    1.590000E+00   -1.852636E-01
    1.590000E+00   -1.967568E-01
    1.590000E+00   -2.094595E-01
    1.590000E+00   -2.217113E-01
    1.590000E+00   -2.221622E-01
    1.590000E+00   -2.348649E-01
    1.590000E+00   -2.475676E-01
    1.590000E+00   -2.538865E-01
    1.590000E+00   -2.602703E-01
    1.590000E+00   -2.729730E-01
    1.590000E+00   -2.833735E-01
    1.590000E+00   -2.856757E-01
    1.590000E+00   -2.983784E-01
    1.590000E+00   -3.110478E-01
    1.590000E+00   -3.110811E-01
    1.590000E+00   -3.237838E-01
    1.590000E+00   -3.364865E-01
    1.590000E+00   -3.374565E-01
    1.590000E+00   -3.491892E-01
    1.590000E+00   -3.618919E-01
    1.590000E+00   -3.629875E-01
    1.590000E+00   -3.745946E-01
    1.590000E+00   -3.872973E-01
    1.590000E+00   -3.879492E-01
    1.590000E+00   -4.000000E-01
    1.585854E+00   -4.000000E-01
    1.578529E+00   -4.000000E-01
    1.577326E+00   -4.000000E-01
    1.568761E+00   -4.000000E-01
    1.567059E+00   -4.000000E-01
    1.560157E+00   -4.000000E-01
    1.555588E+00   -4.000000E-01
    1.551515E+00   -4.000000E-01
    1.544118E+00   -4.000000E-01
    1.542836E+00   -4.000000E-01
    1.534118E+00   -4.000000E-01
    1.532647E+00   -4.000000E-01
    1.525363E+00   -4.000000E-01
    1.521176E+00   -4.000000E-01
    1.516570E+00   -4.000000E-01
    1.509706E+00   -4.000000E-01
    1.507740E+00   -4.000000E-01
    1.498873E+00   -4.000000E-01
    1.498235E+00   -4.000000E-01
    1.489969E+00   -4.000000E-01
    1.486765E+00   -4.000000E-01
    1.481028E+00   -4.000000E-01
    1.475294E+00   -4.000000E-01
    1.472051E+00   -4.000000E-01
    1.463824E+00   -4.000000E-01
    1.463037E+00   -4.000000E-01
    1.453987E+00   -4.000000E-01
    1.452353E+00   -4.000000E-01
    1.444900E+00   -4.000000E-01
    1.440882E+00   -4.000000E-01
    1.435776E+00   -4.000000E-01
    1.429412E+00   -4.000000E-01
    1.426611E+00   -4.000000E-01
    1.417941E+00   -4.000000E-01
    1.417402E+00   -4.000000E-01
    1.408154E+00   -4.000000E-01
    1.406471E+00   -4.000000E-01
    1.397873E+00   -4.000000E-01
    1.395000E+00   -4.000000E-01
    1.387592E+00   -4.000000E-01
    1.383529E+00   -4.000000E-01
    1.377336E+00   -4.000000E-01
    1.372059E+00   -4.000000E-01
    1.367101E+00   -4.000000E-01
    1.360588E+00   -4.000000E-01
    1.356855E+00   -4.000000E-01
    1.349118E+00   -4.000000E-01
    1.346550E+00   -4.000000E-01
    1.337647E+00   -4.000000E-01
    1.336138E+00   -4.000000E-01
    1.326176E+00   -4.000000E-01
    1.325580E+00   -4.000000E-01
    1.314842E+00   -4.000000E-01
    1.314706E+00   -4.000000E-01
    1.303882E+00   -4.000000E-01
    1.303235E+00   -4.000000E-01
    1.292645E+00   -4.000000E-01
    1.291765E+00   -4.000000E-01
    1.281063E+00   -4.000000E-01
    1.280294E+00   -4.000000E-01
    1.269053E+00   -4.000000E-01
    1.268824E+00   -4.000000E-01
    1.257353E+00   -4.000000E-01
    1.256519E+00   -4.000000E-01
    1.245882E+00   -4.000000E-01
    1.243343E+00   -4.000000E-01
    1.234412E+00   -4.000000E-01
    1.229372E+00   -4.000000E-01
    1.222941E+00   -4.000000E-01
    1.214409E+00   -4.000000E-01
    1.211471E+00   -4.000000E-01
    1.200000E+00   -4.000000E-01
